role,episode,terrain,update_in_episode,replay_size,qf1_loss,qf2_loss,policy_loss,alpha,alpha_loss,target_entropy_internal,target_entropy_paper,q_target_mean,q_target_std,policy_mean_abs,policy_log_std_mean,train_update
individual,4,carpet,1,700,0.6022791266441345,0.6017328500747681,-0.04853987693786621,0.009990004822611809,-54.58922576904297,-7.0,7.0,0.7448980808258057,0.21794915199279785,9.980425238609314e-05,0.00017795615713112056,1
individual,4,carpet,2,700,0.5832054615020752,0.5822907090187073,-0.05168884992599487,0.00998002104461193,-53.615238189697266,-7.0,7.0,0.7310658693313599,0.2381811887025833,0.002775361528620124,-0.00044907667324878275,2
individual,4,carpet,3,700,0.6483818292617798,0.645922839641571,-0.058877132833004,0.009970046579837799,-53.582889556884766,-7.0,7.0,0.7852146029472351,0.2272200882434845,0.004885535221546888,-0.0027179333847016096,3
individual,4,carpet,4,700,0.6213240027427673,0.6161906719207764,-0.06814804673194885,0.009960082359611988,-53.04029846191406,-7.0,7.0,0.7787990570068359,0.22409506142139435,0.008530118502676487,-0.006455051712691784,4
individual,4,carpet,5,700,0.5030661821365356,0.4943163990974426,-0.08643485605716705,0.009950127452611923,-53.86888885498047,-7.0,7.0,0.7197929620742798,0.2019921988248825,0.013193576596677303,-0.012868273071944714,5
individual,4,carpet,6,700,0.5355843901634216,0.5196205377578735,-0.1119212806224823,0.009940183721482754,-53.96708679199219,-7.0,7.0,0.7532382607460022,0.24878808856010437,0.021485870704054832,-0.02234615571796894,6
individual,4,carpet,7,700,0.6071851849555969,0.5761743783950806,-0.1479540765285492,0.009930248372256756,-53.93498229980469,-7.0,7.0,0.853260338306427,0.19941556453704834,0.03158446028828621,-0.034323252737522125,7
individual,4,carpet,8,700,0.35202115774154663,0.31759706139564514,-0.19798198342323303,0.009920324198901653,-54.18325424194336,-7.0,7.0,0.6978461742401123,0.23400992155075073,0.045071762055158615,-0.05097382888197899,8
individual,4,carpet,9,700,0.2727760374546051,0.22702836990356445,-0.26824676990509033,0.009910409338772297,-53.59169006347656,-7.0,7.0,0.7274529933929443,0.1422552913427353,0.05248263478279114,-0.05906599760055542,9
individual,4,carpet,10,700,0.19318851828575134,0.14103949069976807,-0.37161070108413696,0.009900504723191261,-54.41816711425781,-7.0,7.0,0.7286216616630554,0.17579065263271332,0.05996323004364967,-0.06483571976423264,10
individual,4,carpet,11,700,0.11766613274812698,0.06824421137571335,-0.5101000070571899,0.009890610352158546,-53.87447738647461,-7.0,7.0,0.7441047430038452,0.17334336042404175,0.0721147432923317,-0.07098377496004105,11
individual,4,carpet,12,700,0.06262781471014023,0.05512667074799538,-0.6870108842849731,0.009880725294351578,-53.6070671081543,-7.0,7.0,0.7413903474807739,0.23889844119548798,0.08484935760498047,-0.07184312492609024,12
individual,4,carpet,13,700,0.08080390095710754,0.13479328155517578,-0.9320572018623352,0.00987085048109293,-53.67543411254883,-7.0,7.0,0.7259085178375244,0.2532232105731964,0.10213623940944672,-0.07002178579568863,13
individual,4,carpet,14,700,0.18530172109603882,0.22006921470165253,-1.0876059532165527,0.009860984981060028,-53.6095085144043,-7.0,7.0,0.6951388120651245,0.24803748726844788,0.1346258968114853,-0.06336703896522522,14
individual,4,carpet,15,700,0.1442366987466812,0.12945619225502014,-1.082849383354187,0.009851129725575447,-53.14836502075195,-7.0,7.0,0.7802675366401672,0.2525515556335449,0.17999744415283203,-0.05157600715756416,15
individual,4,carpet,16,700,0.09945522993803024,0.07037872821092606,-1.0134918689727783,0.009841283783316612,-51.30780029296875,-7.0,7.0,0.8083475828170776,0.23033122718334198,0.247228741645813,-0.03535892441868782,16
individual,4,carpet,17,700,0.06601016968488693,0.052881158888339996,-0.9289721846580505,0.009831448085606098,-50.34601593017578,-7.0,7.0,0.7821027040481567,0.20381325483322144,0.33759498596191406,-0.012399515137076378,17
individual,4,carpet,18,700,0.03980641812086105,0.03632037341594696,-0.8060200214385986,0.009821622632443905,-50.77341079711914,-7.0,7.0,0.7377035617828369,0.2059394121170044,0.4530743956565857,0.016683291643857956,18
individual,4,carpet,19,700,0.055075500160455704,0.04758167639374733,-0.7465839982032776,0.009811806492507458,-44.87161636352539,-7.0,7.0,0.6421020030975342,0.2102546989917755,0.602360725402832,0.05208496004343033,19
individual,4,carpet,20,700,0.05899306386709213,0.06630340218544006,-0.6868386268615723,0.009802000597119331,-37.38210678100586,-7.0,7.0,0.7497683167457581,0.22876609861850739,0.7789109349250793,0.09049353748559952,20
individual,4,carpet,21,700,0.05260859429836273,0.055378079414367676,-0.6431850790977478,0.009792204014956951,-27.00896644592285,-7.0,7.0,0.6756291389465332,0.21813780069351196,0.9528430700302124,0.12403537333011627,21
individual,4,carpet,22,700,0.049284473061561584,0.05331730097532272,-0.5928728580474854,0.009782417677342892,-22.536340713500977,-7.0,7.0,0.6990067958831787,0.1739511936903,1.0551854372024536,0.11682857573032379,22
individual,4,carpet,23,700,0.06865081936120987,0.06861721724271774,-0.6008278727531433,0.009772640652954578,-29.445693969726562,-7.0,7.0,0.6961047053337097,0.19726571440696716,1.0386760234832764,0.07703447341918945,23
individual,4,carpet,24,700,0.10989180207252502,0.10291076451539993,-0.5885496139526367,0.009762873873114586,-24.617603302001953,-7.0,7.0,0.7763271331787109,0.21391484141349792,1.0281440019607544,0.03837420791387558,24
individual,4,carpet,25,700,0.07726278156042099,0.06929630786180496,-0.6082910299301147,0.00975311640650034,-28.239030838012695,-7.0,7.0,0.701210618019104,0.23100075125694275,0.9703251719474792,0.0005142681184224784,25
individual,4,carpet,26,700,0.07523469626903534,0.06787016242742538,-0.6425878405570984,0.00974336825311184,-35.20929718017578,-7.0,7.0,0.6726338863372803,0.25659990310668945,0.8860901594161987,-0.0334768183529377,26
individual,4,carpet,27,700,0.07906784862279892,0.06602881103754044,-0.6830316185951233,0.009733631275594234,-38.76502227783203,-7.0,7.0,0.7818077802658081,0.21314816176891327,0.8033012747764587,-0.06368083506822586,27
individual,4,carpet,28,700,0.04458588361740112,0.04056759178638458,-0.720486581325531,0.009723902679979801,-36.08285903930664,-7.0,7.0,0.6894745230674744,0.21352586150169373,0.7664865255355835,-0.0887976810336113,28
individual,4,carpet,29,700,0.05615171417593956,0.051242247223854065,-0.7928171753883362,0.009714184328913689,-41.77997970581055,-7.0,7.0,0.7825232148170471,0.2337418645620346,0.7309582829475403,-0.11210273206233978,29
individual,4,carpet,30,700,0.03839307278394699,0.03677352890372276,-0.8590260744094849,0.009704476222395897,-42.05275344848633,-7.0,7.0,0.7955679893493652,0.20681577920913696,0.7352208495140076,-0.13737891614437103,30
individual,4,carpet,31,700,0.06446639448404312,0.06976617872714996,-0.9288384914398193,0.009694776497781277,-41.545806884765625,-7.0,7.0,0.6868137121200562,0.2315055876970291,0.7796593308448792,-0.1715184450149536,31
individual,4,carpet,32,700,0.05388840660452843,0.0548541359603405,-0.9815981984138489,0.009685087949037552,-36.68939208984375,-7.0,7.0,0.701939582824707,0.23532715439796448,0.867186963558197,-0.21614350378513336,32
individual,4,carpet,33,700,0.09858204424381256,0.09864537417888641,-1.0355912446975708,0.009675407782196999,-24.084753036499023,-7.0,7.0,0.6825803518295288,0.24422556161880493,0.994724452495575,-0.2668687701225281,33
individual,4,carpet,34,700,0.075137197971344,0.06839591264724731,-1.0393922328948975,0.009665737859904766,-18.584739685058594,-7.0,7.0,0.714078962802887,0.28727811574935913,1.1608679294586182,-0.32529568672180176,34
individual,4,carpet,35,700,0.09547504782676697,0.08576169610023499,-0.9711905121803284,0.009656078182160854,-9.298954963684082,-7.0,7.0,0.6407564282417297,0.24620090425014496,1.312604546546936,-0.378265917301178,35
population,4,carpet,1,700,0.6365553140640259,0.6370770931243896,-0.046309806406497955,0.009990004822611809,-53.64523696899414,-7.0,7.0,0.7606709003448486,0.2415183037519455,8.345981041202322e-05,-7.490039570257068e-05,1
population,4,carpet,2,700,0.6061740517616272,0.6066373586654663,-0.05134230852127075,0.00998002104461193,-53.66419982910156,-7.0,7.0,0.7497092485427856,0.22813329100608826,0.00238247774541378,-0.0030243825167417526,2
population,4,carpet,3,700,0.4799334406852722,0.4796532392501831,-0.058150045573711395,0.009970046579837799,-53.71457290649414,-7.0,7.0,0.6871247291564941,0.1552848368883133,0.004079728852957487,-0.007545211352407932,3
population,4,carpet,4,700,0.5357145667076111,0.5368931293487549,-0.06833433359861374,0.009960082359611988,-53.37903594970703,-7.0,7.0,0.7032479047775269,0.27112624049186707,0.005962953437119722,-0.013852274976670742,4
population,4,carpet,5,700,0.5588599443435669,0.5584235191345215,-0.08555421233177185,0.009950127452611923,-53.96103286743164,-7.0,7.0,0.7591137886047363,0.2007531374692917,0.007911987602710724,-0.023154499009251595,5
population,4,carpet,6,700,0.47791218757629395,0.4748033881187439,-0.10977993905544281,0.009940183721482754,-54.13606643676758,-7.0,7.0,0.7126675844192505,0.23556478321552277,0.010289259254932404,-0.036020632833242416,6
population,4,carpet,7,700,0.5109562873840332,0.5053327083587646,-0.14476384222507477,0.009930248372256756,-54.18307113647461,-7.0,7.0,0.7804447412490845,0.21858206391334534,0.01551965344697237,-0.05143020674586296,7
population,4,carpet,8,700,0.3516266644001007,0.34340307116508484,-0.19422784447669983,0.009920324198901653,-54.45956039428711,-7.0,7.0,0.6903690099716187,0.24464574456214905,0.021604755893349648,-0.06796649843454361,8
population,4,carpet,9,700,0.36475539207458496,0.35079440474510193,-0.2662672698497772,0.009910409338772297,-53.46748352050781,-7.0,7.0,0.7713669538497925,0.24155943095684052,0.023871149867773056,-0.07547987252473831,9
population,4,carpet,10,700,0.20628441870212555,0.20508384704589844,-0.3654603362083435,0.009900504723191261,-54.3072509765625,-7.0,7.0,0.7211589813232422,0.22959235310554504,0.029143312945961952,-0.0790739431977272,10
population,4,carpet,11,700,0.12305662035942078,0.1089211031794548,-0.5057324767112732,0.009890610352158546,-54.208499908447266,-7.0,7.0,0.7368993759155273,0.21134240925312042,0.03609718009829521,-0.08242947608232498,11
population,4,carpet,12,700,0.05417821556329727,0.05064855143427849,-0.6878054141998291,0.009880725294351578,-54.348899841308594,-7.0,7.0,0.6992058753967285,0.2260541468858719,0.04514729231595993,-0.08312543481588364,12
population,4,carpet,13,700,0.04536983370780945,0.055101178586483,-0.9116446375846863,0.00987085048109293,-53.27464294433594,-7.0,7.0,0.7972434759140015,0.21209828555583954,0.06025908142328262,-0.08358048647642136,13
population,4,carpet,14,700,0.15391801297664642,0.16902290284633636,-1.1122715473175049,0.009860984981060028,-54.02434158325195,-7.0,7.0,0.7729372382164001,0.2151808887720108,0.07998864352703094,-0.08055436611175537,14
population,4,carpet,15,700,0.22265329957008362,0.2179502248764038,-1.1564022302627563,0.009851129725575447,-53.456024169921875,-7.0,7.0,0.7127067446708679,0.21152396500110626,0.11073954403400421,-0.07645412534475327,15
population,4,carpet,16,700,0.14728224277496338,0.13270863890647888,-1.0445148944854736,0.009841283783316612,-54.34915542602539,-7.0,7.0,0.7362750172615051,0.22526390850543976,0.15144102275371552,-0.06324757635593414,16
population,4,carpet,17,700,0.057054102420806885,0.04735100269317627,-0.927574872970581,0.009831448085606098,-52.81971740722656,-7.0,7.0,0.7850015163421631,0.19534923136234283,0.2137981355190277,-0.045328814536333084,17
population,4,carpet,18,700,0.03742091357707977,0.03139832243323326,-0.8270980715751648,0.009821622632443905,-49.00464630126953,-7.0,7.0,0.7447235584259033,0.178460955619812,0.2957087457180023,-0.013606292195618153,18
population,4,carpet,19,700,0.05847842991352081,0.06039305776357651,-0.7244967222213745,0.009811806492507458,-48.63785171508789,-7.0,7.0,0.7711105942726135,0.24391883611679077,0.3775918185710907,0.029117116704583168,19
population,4,carpet,20,700,0.0632624477148056,0.06582719832658768,-0.6573125123977661,0.009802000597119331,-47.40412521362305,-7.0,7.0,0.7482770085334778,0.2144864946603775,0.4669945538043976,0.0746665820479393,20
population,4,carpet,21,700,0.07267805188894272,0.07493866980075836,-0.600397527217865,0.009792204014956951,-46.90741729736328,-7.0,7.0,0.7358568906784058,0.21748745441436768,0.5261772274971008,0.11632094532251358,21
population,4,carpet,22,700,0.09206825494766235,0.09091133624315262,-0.5742610096931458,0.009782417677342892,-45.12546157836914,-7.0,7.0,0.7470037937164307,0.22340352833271027,0.5622302889823914,0.14136330783367157,22
population,4,carpet,23,700,0.08425699174404144,0.08425399661064148,-0.5766515135765076,0.009772640652954578,-47.87899398803711,-7.0,7.0,0.6902708411216736,0.2461201399564743,0.5269373059272766,0.14142201840877533,23
population,4,carpet,24,700,0.07517126202583313,0.07264742255210876,-0.5834250450134277,0.009762873873114586,-43.783241271972656,-7.0,7.0,0.712756872177124,0.21230962872505188,0.4947616755962372,0.13734453916549683,24
population,4,carpet,25,700,0.07533266395330429,0.07643186300992966,-0.6082132458686829,0.00975311640650034,-48.16391372680664,-7.0,7.0,0.7007448673248291,0.2461296021938324,0.4435647428035736,0.12173446267843246,25
population,4,carpet,26,700,0.06548216938972473,0.062083058059215546,-0.6264398694038391,0.00974336825311184,-48.526206970214844,-7.0,7.0,0.705919623374939,0.21766339242458344,0.40144675970077515,0.1096036285161972,26
population,4,carpet,27,700,0.07420048862695694,0.06628534942865372,-0.6607570648193359,0.009733631275594234,-49.44261169433594,-7.0,7.0,0.7847845554351807,0.21860775351524353,0.37938055396080017,0.09855224192142487,27
population,4,carpet,28,700,0.05021561309695244,0.04701888933777809,-0.7268220782279968,0.009723902679979801,-46.32571792602539,-7.0,7.0,0.7799059152603149,0.19086754322052002,0.37864965200424194,0.08733081817626953,28
population,4,carpet,29,700,0.05119898542761803,0.049986399710178375,-0.77898108959198,0.009714184328913689,-46.23198318481445,-7.0,7.0,0.7379693388938904,0.22661583125591278,0.40352684259414673,0.07586521655321121,29
population,4,carpet,30,700,0.052564043551683426,0.05920270085334778,-0.85187828540802,0.009704476222395897,-43.45210266113281,-7.0,7.0,0.6999742984771729,0.21474100649356842,0.47292691469192505,0.06568785756826401,30
population,4,carpet,31,700,0.04259193316102028,0.04593973606824875,-0.9042356014251709,0.009694776497781277,-40.68144226074219,-7.0,7.0,0.7653378844261169,0.21244558691978455,0.5591679811477661,0.05165030434727669,31
population,4,carpet,32,700,0.044428858906030655,0.045686401426792145,-0.9345115423202515,0.009685087949037552,-34.723270416259766,-7.0,7.0,0.7498466968536377,0.19954580068588257,0.6827989816665649,0.030160000547766685,32
population,4,carpet,33,700,0.07320787757635117,0.07202959060668945,-0.9690439701080322,0.009675407782196999,-27.691450119018555,-7.0,7.0,0.7219599485397339,0.23574353754520416,0.8010627627372742,-0.0001738280989229679,33
population,4,carpet,34,700,0.05903684347867966,0.05550137534737587,-0.9615966081619263,0.009665737859904766,-31.035953521728516,-7.0,7.0,0.7304531931877136,0.220515638589859,0.8730190396308899,-0.03692316636443138,34
population,4,carpet,35,700,0.06732483953237534,0.0640002191066742,-0.9399389624595642,0.009656078182160854,-27.902313232421875,-7.0,7.0,0.6999557614326477,0.2292848825454712,0.8864070773124695,-0.06712959706783295,35
individual,5,carpet,1,875,0.25981763005256653,0.25173047184944153,-0.9511632919311523,0.009646427817642689,-9.578513145446777,-7.0,7.0,0.5729600191116333,0.28043314814567566,1.334064245223999,-0.3883282244205475,36
individual,5,carpet,2,875,0.22722944617271423,0.21548980474472046,-0.7993237972259521,0.009637062437832355,-2.979017734527588,-7.0,7.0,0.482128381729126,0.2862909734249115,1.3601261377334595,-0.4032319188117981,37
individual,5,carpet,3,875,0.12519308924674988,0.12122949957847595,-0.646643877029419,0.009627673774957657,-6.984593868255615,-7.0,7.0,0.5324099659919739,0.26347261667251587,1.285050392150879,-0.3810200095176697,38
individual,5,carpet,4,875,0.08275625854730606,0.08194006979465485,-0.5454682111740112,0.009618262760341167,-14.467358589172363,-7.0,7.0,0.5502839684486389,0.2506108582019806,1.1660822629928589,-0.34553760290145874,39
individual,5,carpet,5,875,0.1352805197238922,0.14469578862190247,-0.4527827203273773,0.009608833119273186,-21.434396743774414,-7.0,7.0,0.6709503531455994,0.2682182192802429,1.0328713655471802,-0.3026593029499054,40
individual,5,carpet,6,875,0.19438576698303223,0.20554891228675842,-0.41009482741355896,0.00959939043968916,-35.10723876953125,-7.0,7.0,0.7544860243797302,0.23458948731422424,0.8808819651603699,-0.254120409488678,41
individual,5,carpet,7,875,0.15779919922351837,0.16361083090305328,-0.38426074385643005,0.009589933790266514,-38.644256591796875,-7.0,7.0,0.6312037110328674,0.27711865305900574,0.7189382910728455,-0.201910600066185,42
individual,5,carpet,8,875,0.1694239377975464,0.17585904896259308,-0.3699050843715668,0.009580467827618122,-45.14996337890625,-7.0,7.0,0.6461755037307739,0.2703300714492798,0.6026272177696228,-0.1622367650270462,43
individual,5,carpet,9,875,0.15951086580753326,0.16222284734249115,-0.3701472878456116,0.009570993483066559,-47.40858840942383,-7.0,7.0,0.6241708993911743,0.2707059681415558,0.49896520376205444,-0.12861491739749908,44
individual,5,carpet,10,875,0.2062484323978424,0.20701587200164795,-0.3756915330886841,0.009561514481902122,-48.4923095703125,-7.0,7.0,0.6877758502960205,0.2995854616165161,0.43076398968696594,-0.10615821927785873,45
individual,5,carpet,11,875,0.21733048558235168,0.21656422317028046,-0.3956635296344757,0.009552030824124813,-50.69111633300781,-7.0,7.0,0.7534278035163879,0.25354117155075073,0.3675742745399475,-0.08680479973554611,46
individual,5,carpet,12,875,0.2304341197013855,0.22433406114578247,-0.4310069978237152,0.009542543441057205,-52.02241134643555,-7.0,7.0,0.7786020040512085,0.28985509276390076,0.3101225793361664,-0.0702967718243599,47
individual,5,carpet,13,875,0.14408399164676666,0.1355288028717041,-0.46595945954322815,0.009533056989312172,-53.41673278808594,-7.0,7.0,0.7085135579109192,0.2638612985610962,0.2466597855091095,-0.053779516369104385,48
individual,5,carpet,14,875,0.105497345328331,0.09958089888095856,-0.5304023623466492,0.009523565880954266,-53.26705551147461,-7.0,7.0,0.6641182899475098,0.2854565382003784,0.22050119936466217,-0.04591717943549156,49
individual,5,carpet,15,875,0.06835363060235977,0.06624461710453033,-0.5974792242050171,0.009514079429209232,-53.30318832397461,-7.0,7.0,0.6494238972663879,0.2682495713233948,0.18883228302001953,-0.037464942783117294,50
individual,5,carpet,16,875,0.06355229020118713,0.06121810898184776,-0.6675320863723755,0.009504592977464199,-53.584716796875,-7.0,7.0,0.675849974155426,0.2841989994049072,0.15999965369701385,-0.030145922675728798,51
individual,5,carpet,17,875,0.05711976811289787,0.058747418224811554,-0.7637982368469238,0.00949510745704174,-54.320159912109375,-7.0,7.0,0.7180085182189941,0.2739555835723877,0.1561112403869629,-0.027811821550130844,52
individual,5,carpet,18,875,0.05521514266729355,0.06486615538597107,-0.8587899804115295,0.009485626593232155,-54.82027053833008,-7.0,7.0,0.6577553153038025,0.24479876458644867,0.13827462494373322,-0.02317913994193077,53
individual,5,carpet,19,875,0.09077218174934387,0.09606849402189255,-0.8816261887550354,0.009476151317358017,-53.23976516723633,-7.0,7.0,0.6160053014755249,0.27578800916671753,0.11853717267513275,-0.018451273441314697,54
individual,5,carpet,20,875,0.07562977075576782,0.07791469246149063,-0.9196076393127441,0.009466680698096752,-53.95866394042969,-7.0,7.0,0.7194468379020691,0.3024040758609772,0.11087201535701752,-0.015988031402230263,55
individual,5,carpet,21,875,0.0808306336402893,0.08382071554660797,-0.9315277338027954,0.00945721473544836,-55.04425811767578,-7.0,7.0,0.7196468114852905,0.2720499634742737,0.10482941567897797,-0.01378959883004427,56
individual,5,carpet,22,875,0.0741703137755394,0.06654569506645203,-0.914059042930603,0.009447754360735416,-53.82530212402344,-7.0,7.0,0.722912073135376,0.3009051978588104,0.0985727533698082,-0.011595056392252445,57
individual,5,carpet,23,875,0.04855317249894142,0.04449647665023804,-0.8602473735809326,0.00943829771131277,-54.48578643798828,-7.0,7.0,0.7015845775604248,0.26197752356529236,0.09002513438463211,-0.009173020720481873,58
individual,5,carpet,24,875,0.047389090061187744,0.0425192266702652,-0.7912887334823608,0.009428851306438446,-54.3923225402832,-7.0,7.0,0.6026589274406433,0.23944799602031708,0.08413199335336685,-0.007163460832089186,59
individual,5,carpet,25,875,0.0562511645257473,0.05513899773359299,-0.8001393675804138,0.009419410489499569,-54.63955307006836,-7.0,7.0,0.7813028693199158,0.27988937497138977,0.08671931177377701,-0.006045990157872438,60
individual,5,carpet,26,875,0.025517400354146957,0.024494774639606476,-0.7422735691070557,0.009409978054463863,-54.73362350463867,-7.0,7.0,0.6370723247528076,0.25258007645606995,0.07618284225463867,-0.0036062151193618774,61
individual,5,carpet,27,875,0.04835883527994156,0.0485575795173645,-0.7292698621749878,0.009400551207363605,-53.80918502807617,-7.0,7.0,0.722780704498291,0.26067212224006653,0.07859666645526886,-0.002215722808614373,62
individual,5,carpet,28,875,0.030729375779628754,0.03153790161013603,-0.7065397500991821,0.009391133673489094,-54.682708740234375,-7.0,7.0,0.6764810085296631,0.24534887075424194,0.07732734829187393,-0.00019132498709950596,63
individual,5,carpet,29,875,0.0936145931482315,0.09420102834701538,-0.6902716159820557,0.009381720796227455,-53.719017028808594,-7.0,7.0,0.8222729563713074,0.3059424161911011,0.0791594460606575,0.0016804324695840478,64
individual,5,carpet,30,875,0.04889524355530739,0.04994875192642212,-0.653678834438324,0.009372318163514137,-54.43855667114258,-7.0,7.0,0.7000478506088257,0.2711828052997589,0.07542139291763306,0.00384048861451447,65
individual,5,carpet,31,875,0.07138391584157944,0.07187950611114502,-0.6864966750144958,0.009362923912703991,-54.23200988769531,-7.0,7.0,0.7810771465301514,0.278108149766922,0.07653982937335968,0.00586501182988286,66
individual,5,carpet,32,875,0.07394690066576004,0.0746132880449295,-0.6766492128372192,0.009353539906442165,-54.48366928100586,-7.0,7.0,0.7365692853927612,0.2868930697441101,0.07258030027151108,0.007939171977341175,67
individual,5,carpet,33,875,0.05706782639026642,0.055264413356781006,-0.7799968719482422,0.009344165213406086,-53.920555114746094,-7.0,7.0,0.8057782649993896,0.2688893973827362,0.08628483861684799,0.010531434789299965,68
individual,5,carpet,34,875,0.033803120255470276,0.033968620002269745,-0.7473441362380981,0.00933479517698288,-55.82829666137695,-7.0,7.0,0.7052740454673767,0.28487148880958557,0.08188734203577042,0.012748471461236477,69
individual,5,carpet,35,875,0.025129906833171844,0.024168239906430244,-0.8025314211845398,0.00932543445378542,-54.0703125,-7.0,7.0,0.7615367770195007,0.2577851414680481,0.08525216579437256,0.015643533319234848,70
individual,5,carpet,36,875,0.054610103368759155,0.05847102031111717,-0.9155745506286621,0.009316083043813705,-54.73733901977539,-7.0,7.0,0.8001540899276733,0.26474529504776,0.10652267932891846,0.020764198154211044,71
individual,5,carpet,37,875,0.05375722050666809,0.053710877895355225,-0.9664856195449829,0.009306740947067738,-54.4814338684082,-7.0,7.0,0.8350570797920227,0.28065672516822815,0.11730524152517319,0.02522372268140316,72
individual,5,carpet,38,875,0.05958334356546402,0.06245041638612747,-0.9722199440002441,0.00929740909487009,-54.57747268676758,-7.0,7.0,0.7275419235229492,0.2548944056034088,0.11793674528598785,0.028046661987900734,73
individual,5,carpet,39,875,0.04743567481637001,0.047076281160116196,-0.9706555604934692,0.009288085624575615,-52.50279998779297,-7.0,7.0,0.7170364856719971,0.2585048973560333,0.13788250088691711,0.03450673073530197,74
individual,5,carpet,40,875,0.06515553593635559,0.06385865807533264,-0.9162731170654297,0.00927877239882946,-54.24679183959961,-7.0,7.0,0.7224507927894592,0.2695854604244232,0.1543710082769394,0.039997126907110214,75
individual,5,carpet,41,875,0.04760301113128662,0.04402221739292145,-0.896485447883606,0.009269467554986477,-52.466941833496094,-7.0,7.0,0.741527259349823,0.27261027693748474,0.18398788571357727,0.04829060658812523,76
individual,5,carpet,42,875,0.027302764356136322,0.02753622829914093,-0.8403982520103455,0.009260172955691814,-52.428829193115234,-7.0,7.0,0.7517116069793701,0.2556639015674591,0.20204806327819824,0.05356736108660698,77
individual,5,carpet,43,875,0.058218132704496384,0.06153605878353119,-0.8049153685569763,0.009250886738300323,-53.387786865234375,-7.0,7.0,0.7795756459236145,0.3086799085140228,0.25398918986320496,0.06570258736610413,78
population,5,carpet,1,875,0.11678235232830048,0.11518167704343796,-0.9074404239654541,0.009646427817642689,-29.964204788208008,-7.0,7.0,0.7048810124397278,0.2671712040901184,0.8738176226615906,-0.0918203666806221,36
population,5,carpet,2,875,0.14777185022830963,0.15014706552028656,-0.8374432921409607,0.00963678676635027,-33.5584716796875,-7.0,7.0,0.6014177203178406,0.2662178874015808,0.800369918346405,-0.1036631390452385,37
population,5,carpet,3,875,0.09316389262676239,0.09900351613759995,-0.7488957643508911,0.009627155028283596,-40.42360305786133,-7.0,7.0,0.6702903509140015,0.2762620151042938,0.7177590727806091,-0.10685094445943832,38
population,5,carpet,4,875,0.06058279424905777,0.06317853927612305,-0.6776900887489319,0.009617533534765244,-43.018035888671875,-7.0,7.0,0.6150050759315491,0.2432575225830078,0.6544269919395447,-0.11153708398342133,39
population,5,carpet,5,875,0.08483786880970001,0.09079572558403015,-0.6162295341491699,0.009607921354472637,-44.19746780395508,-7.0,7.0,0.7010180950164795,0.2650756537914276,0.6087577939033508,-0.11514578014612198,40
population,5,carpet,6,875,0.10603328794240952,0.11082052439451218,-0.5738388895988464,0.009598319418728352,-42.68975067138672,-7.0,7.0,0.6465848684310913,0.3051995635032654,0.5788356065750122,-0.11605502665042877,41
population,5,carpet,7,875,0.09473234415054321,0.09692294150590897,-0.5467207431793213,0.009588726796209812,-45.33351516723633,-7.0,7.0,0.6502101421356201,0.2827036380767822,0.5261917114257812,-0.11011631041765213,42
population,5,carpet,8,875,0.0507897287607193,0.050936825573444366,-0.5359807014465332,0.009579143486917019,-48.00520324707031,-7.0,7.0,0.5697408318519592,0.22121916711330414,0.48827293515205383,-0.10473007708787918,43
population,5,carpet,9,875,0.09108930081129074,0.09017745405435562,-0.5233698487281799,0.009569569490849972,-47.50708770751953,-7.0,7.0,0.5943377017974854,0.2940111458301544,0.43949127197265625,-0.09453344345092773,44
population,5,carpet,10,875,0.1059681847691536,0.1039326936006546,-0.5343617796897888,0.009560005739331245,-48.399131774902344,-7.0,7.0,0.6713747978210449,0.2947216033935547,0.39368364214897156,-0.08341711014509201,45
population,5,carpet,11,875,0.08696175366640091,0.08231120556592941,-0.5573210716247559,0.009550451301038265,-51.43049240112305,-7.0,7.0,0.697281002998352,0.2469586431980133,0.34792160987854004,-0.07199306786060333,46
population,5,carpet,12,875,0.10302738845348358,0.09934426844120026,-0.5734158754348755,0.009540906175971031,-51.03010940551758,-7.0,7.0,0.6853528022766113,0.31021636724472046,0.30815988779067993,-0.06201577186584473,47
population,5,carpet,13,875,0.1258956640958786,0.12011989951133728,-0.6255484223365784,0.009531370364129543,-50.82661437988281,-7.0,7.0,0.7794753313064575,0.32045647501945496,0.281048983335495,-0.053630631417036057,48
population,5,carpet,14,875,0.05895727127790451,0.05458441749215126,-0.6664896011352539,0.009521844796836376,-52.8390998840332,-7.0,7.0,0.6855482459068298,0.2825365662574768,0.24936933815479279,-0.04453614354133606,49
population,5,carpet,15,875,0.05915502831339836,0.058557480573654175,-0.7386132478713989,0.009512328542768955,-52.2097282409668,-7.0,7.0,0.710532546043396,0.25071653723716736,0.23387496173381805,-0.038246650248765945,50
population,5,carpet,16,875,0.06063825637102127,0.06630630791187286,-0.7930389046669006,0.00950282160192728,-52.30659866333008,-7.0,7.0,0.6344399452209473,0.27011141180992126,0.21557600796222687,-0.032003141939640045,51
population,5,carpet,17,875,0.060281235724687576,0.06507213413715363,-0.8669610023498535,0.009493323974311352,-52.36731719970703,-7.0,7.0,0.7175995707511902,0.27262771129608154,0.2087787389755249,-0.027569061145186424,52
population,5,carpet,18,875,0.06224801018834114,0.06340142339468002,-0.9040420055389404,0.00948383565992117,-52.60740661621094,-7.0,7.0,0.7213088274002075,0.2768687903881073,0.20371277630329132,-0.02320089563727379,53
population,5,carpet,19,875,0.07951468974351883,0.08322488516569138,-0.9103929996490479,0.009474357590079308,-54.34938049316406,-7.0,7.0,0.7442869544029236,0.3061278462409973,0.21850375831127167,-0.020484820008277893,54
population,5,carpet,20,875,0.05972743779420853,0.058599431067705154,-0.9069994688034058,0.009464888833463192,-51.54511260986328,-7.0,7.0,0.7222372889518738,0.306749552488327,0.22657203674316406,-0.016716044396162033,55
population,5,carpet,21,875,0.06846382468938828,0.06531159579753876,-0.833733320236206,0.009455429390072823,-53.48628234863281,-7.0,7.0,0.6019634008407593,0.30722981691360474,0.2481824904680252,-0.014056794345378876,56
population,5,carpet,22,875,0.05944935232400894,0.05795568972826004,-0.8591209053993225,0.0094459792599082,-51.77336120605469,-7.0,7.0,0.716552734375,0.2704489827156067,0.2972988784313202,-0.012103465385735035,57
population,5,carpet,23,875,0.05643657222390175,0.055757787078619,-0.8311767578125,0.009436538442969322,-52.22881317138672,-7.0,7.0,0.7548009157180786,0.2852135896682739,0.34604230523109436,-0.010477517731487751,58
population,5,carpet,24,875,0.04165054112672806,0.04885812848806381,-0.7844313979148865,0.009427107870578766,-50.00302505493164,-7.0,7.0,0.7711941003799438,0.31209489703178406,0.4001396596431732,-0.00867436919361353,59
population,5,carpet,25,875,0.04731036722660065,0.04691217839717865,-0.7382214665412903,0.009417685680091381,-48.46653747558594,-7.0,7.0,0.6258290410041809,0.2908722758293152,0.46523016691207886,-0.006219304632395506,60
population,5,carpet,26,875,0.03287159651517868,0.03301434963941574,-0.7737476229667664,0.009408273734152317,-45.6324348449707,-7.0,7.0,0.6766613721847534,0.25588929653167725,0.5900502800941467,-0.0039534615352749825,61
population,5,carpet,27,875,0.04028530418872833,0.03888615220785141,-0.7923925518989563,0.009398870170116425,-39.85601043701172,-7.0,7.0,0.7460929155349731,0.24342624843120575,0.7501064538955688,-0.0011188013013452291,62
population,5,carpet,28,875,0.030308108776807785,0.028937671333551407,-0.7897492051124573,0.009389476850628853,-37.044769287109375,-7.0,7.0,0.7236590385437012,0.2381744384765625,0.8941308856010437,-0.004189859610050917,63
population,5,carpet,29,875,0.04206635057926178,0.042513761669397354,-0.8164370059967041,0.009380092844367027,-26.540884017944336,-7.0,7.0,0.6780149936676025,0.24771150946617126,1.0726969242095947,-0.014276554808020592,64
population,5,carpet,30,875,0.04410130903124809,0.04709862172603607,-0.7708174586296082,0.009370718151330948,-21.27478790283203,-7.0,7.0,0.6540338397026062,0.3104446232318878,1.1906919479370117,-0.026475826278328896,65
population,5,carpet,31,875,0.07515712082386017,0.0749809518456459,-0.8620210289955139,0.009361352771520615,-13.841291427612305,-7.0,7.0,0.7812302708625793,0.25622236728668213,1.347726821899414,-0.042638570070266724,66
population,5,carpet,32,875,0.034679874777793884,0.033376894891262054,-0.8116268515586853,0.009351996704936028,-19.686166763305664,-7.0,7.0,0.6673474311828613,0.23771803081035614,1.2538498640060425,-0.056980814784765244,67
population,5,carpet,33,875,0.07217659801244736,0.0708274319767952,-0.798371434211731,0.009342649951577187,-19.172449111938477,-7.0,7.0,0.6331919431686401,0.32088595628738403,1.1908365488052368,-0.07046960294246674,68
population,5,carpet,34,875,0.03849385306239128,0.038447361439466476,-0.7767997980117798,0.009333312511444092,-28.980796813964844,-7.0,7.0,0.6190314292907715,0.29282280802726746,1.0717823505401611,-0.07647626847028732,69
population,5,carpet,35,875,0.05519581586122513,0.0553630106151104,-0.82591712474823,0.009323985315859318,-27.078794479370117,-7.0,7.0,0.6428572535514832,0.27463075518608093,1.0233575105667114,-0.08586578071117401,70
population,5,carpet,36,875,0.031205100938677788,0.03015105240046978,-0.8297884464263916,0.009314666502177715,-30.530813217163086,-7.0,7.0,0.7450495958328247,0.23978501558303833,0.948377788066864,-0.09124439209699631,71
population,5,carpet,37,875,0.021471936255693436,0.021667003631591797,-0.8432695865631104,0.009305357001721859,-31.537322998046875,-7.0,7.0,0.7473073601722717,0.2448904663324356,0.90115886926651,-0.09757494926452637,72
population,5,carpet,38,875,0.04290479049086571,0.041941024363040924,-0.825268030166626,0.009296056814491749,-35.03078079223633,-7.0,7.0,0.6689538955688477,0.25550222396850586,0.8369311094284058,-0.09949027746915817,73
population,5,carpet,39,875,0.04579993337392807,0.0459577739238739,-0.8460371494293213,0.009286765940487385,-37.75098419189453,-7.0,7.0,0.8070868253707886,0.24519987404346466,0.8038567304611206,-0.1043010801076889,74
population,5,carpet,40,875,0.038167811930179596,0.03862345218658447,-0.8251960277557373,0.009277484379708767,-38.540855407714844,-7.0,7.0,0.6690261960029602,0.27805936336517334,0.781305730342865,-0.10929226130247116,75
population,5,carpet,41,875,0.0342424102127552,0.03375351056456566,-0.8538601398468018,0.009268212132155895,-38.04998016357422,-7.0,7.0,0.7267156839370728,0.2784477472305298,0.8005806803703308,-0.12135324627161026,76
population,5,carpet,42,875,0.028648387640714645,0.02884925715625286,-0.8660554885864258,0.00925894919782877,-37.44611358642578,-7.0,7.0,0.6755319833755493,0.250358909368515,0.8483869433403015,-0.13959075510501862,77
population,5,carpet,43,875,0.049914922565221786,0.0505683608353138,-0.8620264530181885,0.00924969557672739,-33.87316131591797,-7.0,7.0,0.6143681406974792,0.27830278873443604,0.9187436699867249,-0.16419412195682526,78
individual,6,carpet,1,1050,0.061080820858478546,0.06325656920671463,-0.823803186416626,0.009241610765457153,-51.353782653808594,-7.0,7.0,0.801830530166626,0.2778630256652832,0.3083595633506775,0.07778795063495636,79
individual,6,carpet,2,1050,0.035702433437108994,0.03573616221547127,-0.8332398533821106,0.009232343174517155,-49.95789337158203,-7.0,7.0,0.7585601210594177,0.22596819698810577,0.3873922526836395,0.09179253876209259,80
individual,6,carpet,3,1050,0.03243209049105644,0.032267287373542786,-0.8243874907493591,0.009223085828125477,-46.286224365234375,-7.0,7.0,0.7154775857925415,0.2520473003387451,0.4582255780696869,0.09798745810985565,81
individual,6,carpet,4,1050,0.07789303362369537,0.07492168992757797,-0.8097051382064819,0.00921383686363697,-47.319068908691406,-7.0,7.0,0.8875409364700317,0.2620713412761688,0.5828012824058533,0.10625708103179932,82
individual,6,carpet,5,1050,0.034605711698532104,0.035497672855854034,-0.8254622220993042,0.00920459721237421,-40.65371322631836,-7.0,7.0,0.7304299473762512,0.2922501266002655,0.6890935897827148,0.10102302581071854,83
individual,6,carpet,6,1050,0.04214416816830635,0.04134167358279228,-0.8664747476577759,0.009195367805659771,-37.45161056518555,-7.0,7.0,0.7567687630653381,0.23095686733722687,0.8700464963912964,0.09536338597536087,84
individual,6,carpet,7,1050,0.040385931730270386,0.04214224964380264,-0.8989325165748596,0.009186146780848503,-28.547361373901367,-7.0,7.0,0.6788263916969299,0.246799498796463,1.0660603046417236,0.07270307838916779,85
individual,6,carpet,8,1050,0.05037202686071396,0.048859335482120514,-0.9080997109413147,0.009176935069262981,-23.53249168395996,-7.0,7.0,0.6883600950241089,0.2938600182533264,1.258475661277771,0.03282918781042099,86
individual,6,carpet,9,1050,0.04583209007978439,0.04643244668841362,-0.927404522895813,0.009167732670903206,-16.87157440185547,-7.0,7.0,0.7112858295440674,0.2986661195755005,1.502544641494751,-0.028177306056022644,87
individual,6,carpet,10,1050,0.05015271529555321,0.050716154277324677,-0.9019665122032166,0.009160378947854042,7.589147567749023,-7.0,7.0,0.6662218570709229,0.28208649158477783,1.7178617715835571,-0.10551155358552933,88
individual,6,carpet,11,1050,0.04410568252205849,0.044292040169239044,-0.9058035612106323,0.009154684841632843,10.091434478759766,-7.0,7.0,0.6945095062255859,0.3166563808917999,1.8157374858856201,-0.1790689378976822,89
individual,6,carpet,12,1050,0.038722798228263855,0.03828415647149086,-0.8961974382400513,0.009150481782853603,14.554241180419922,-7.0,7.0,0.7027579545974731,0.27086496353149414,1.8526124954223633,-0.2414064258337021,90
individual,6,carpet,13,1050,0.06163405254483223,0.06196178123354912,-0.8555521965026855,0.00914761982858181,8.245556831359863,-7.0,7.0,0.7063959240913391,0.3095969259738922,1.7251464128494263,-0.2638615667819977,91
individual,6,carpet,14,1050,0.04684033989906311,0.045660510659217834,-0.825201153755188,0.009145963005721569,5.255194664001465,-7.0,7.0,0.7143576145172119,0.2701084315776825,1.606792688369751,-0.2665126621723175,92
individual,6,carpet,15,1050,0.05177317559719086,0.053766507655382156,-0.8395821452140808,0.009143550880253315,-9.296253204345703,-7.0,7.0,0.7866507172584534,0.2866345942020416,1.428044080734253,-0.2512478828430176,93
individual,6,carpet,16,1050,0.052288949489593506,0.050965987145900726,-0.8108146786689758,0.00914046447724104,-14.328803062438965,-7.0,7.0,0.7014198899269104,0.3134945034980774,1.2530981302261353,-0.23202857375144958,94
individual,6,carpet,17,1050,0.06471507251262665,0.06619677692651749,-0.8554421067237854,0.009136773645877838,-24.809505462646484,-7.0,7.0,0.819409966468811,0.28701770305633545,1.1224942207336426,-0.21731184422969818,95
individual,6,carpet,18,1050,0.0325133353471756,0.031016947701573372,-0.8857560157775879,0.009132536128163338,-27.70457649230957,-7.0,7.0,0.7936761379241943,0.23541399836540222,1.0357563495635986,-0.21261969208717346,96
individual,6,carpet,19,1050,0.031395118683576584,0.030811773613095284,-0.902606725692749,0.009127807803452015,-30.729812622070312,-7.0,7.0,0.8035258054733276,0.2692190706729889,0.945864737033844,-0.20327340066432953,97
individual,6,carpet,20,1050,0.014059998095035553,0.014796452596783638,-0.9325817823410034,0.009122638031840324,-32.38801193237305,-7.0,7.0,0.7876913547515869,0.2643672227859497,0.9017632603645325,-0.20112676918506622,98
individual,6,carpet,21,1050,0.03511836379766464,0.036635421216487885,-1.0135242938995361,0.00911707617342472,-33.44927978515625,-7.0,7.0,0.8191973567008972,0.25514134764671326,0.9017132520675659,-0.21023623645305634,99
individual,6,carpet,22,1050,0.04144341126084328,0.041402727365493774,-1.0805617570877075,0.00911115761846304,-33.37874984741211,-7.0,7.0,0.8566062450408936,0.26697978377342224,0.9018621444702148,-0.22000277042388916,100
individual,6,carpet,23,1050,0.040672022849321365,0.04095277935266495,-1.0415010452270508,0.00910492055118084,-32.23455810546875,-7.0,7.0,0.8093559741973877,0.3309647738933563,0.9293441772460938,-0.23932187259197235,101
individual,6,carpet,24,1050,0.04362037405371666,0.04260651022195816,-1.0866472721099854,0.009098402224481106,-35.52121353149414,-7.0,7.0,0.872137188911438,0.287997305393219,0.9864223599433899,-0.2676496207714081,102
individual,6,carpet,25,1050,0.03728780150413513,0.038467638194561005,-1.0999414920806885,0.009091627784073353,-27.38732147216797,-7.0,7.0,0.8108566999435425,0.30588433146476746,1.0778834819793701,-0.3091132938861847,103
individual,6,carpet,26,1050,0.05575057119131088,0.0526546984910965,-1.0472679138183594,0.009084625169634819,-21.46450424194336,-7.0,7.0,0.7093888521194458,0.278273344039917,1.1853053569793701,-0.3553428053855896,104
individual,6,carpet,27,1050,0.031994689255952835,0.032116666436195374,-1.0527746677398682,0.009077414870262146,-14.087179183959961,-7.0,7.0,0.8210273385047913,0.29367583990097046,1.3069305419921875,-0.4055180847644806,105
individual,6,carpet,28,1050,0.029209693893790245,0.028702693060040474,-0.9961214661598206,0.009070302359759808,-3.154348611831665,-7.0,7.0,0.7757474780082703,0.28527122735977173,1.3989307880401611,-0.4451744556427002,106
individual,6,carpet,29,1050,0.037252314388751984,0.03659511357545853,-0.9573603272438049,0.009063289500772953,-3.068755865097046,-7.0,7.0,0.9137836694717407,0.2889154851436615,1.4402964115142822,-0.4633527100086212,107
individual,6,carpet,30,1050,0.05145519971847534,0.04793749004602432,-0.9438709616661072,0.00905697327107191,0.10438191890716553,-7.0,7.0,0.8467901349067688,0.3092101514339447,1.4748814105987549,-0.47237467765808105,108
individual,6,carpet,31,1050,0.04464349523186684,0.04298410937190056,-0.9210968613624573,0.00905037671327591,-6.806269645690918,-7.0,7.0,0.9068034887313843,0.2801464796066284,1.4159215688705444,-0.4478553831577301,109
individual,6,carpet,32,1050,0.059660643339157104,0.05567292869091034,-0.9224210381507874,0.009043525904417038,-7.622412204742432,-7.0,7.0,0.9029644131660461,0.27488455176353455,1.3364287614822388,-0.41139814257621765,110
individual,6,carpet,33,1050,0.03326861560344696,0.03149085119366646,-0.963361382484436,0.009036452509462833,-16.479694366455078,-7.0,7.0,0.8221746683120728,0.30541446805000305,1.2934430837631226,-0.384242445230484,111
individual,6,carpet,34,1050,0.03625749424099922,0.032258085906505585,-1.0252833366394043,0.009029177948832512,-19.454376220703125,-7.0,7.0,0.8702303171157837,0.24715009331703186,1.176118016242981,-0.3340432643890381,112
individual,6,carpet,35,1050,0.0358595997095108,0.035268232226371765,-1.088942527770996,0.009021718986332417,-21.43576431274414,-7.0,7.0,0.9411543607711792,0.2959553301334381,1.1126279830932617,-0.3015146553516388,113
individual,6,carpet,36,1050,0.030887771397829056,0.0334978923201561,-1.0887784957885742,0.009014103561639786,-26.067249298095703,-7.0,7.0,0.8522199392318726,0.2794091999530792,1.0462957620620728,-0.2710418403148651,114
individual,6,carpet,37,1050,0.04142684116959572,0.03662288188934326,-1.1050716638565063,0.009006344713270664,-26.15641212463379,-7.0,7.0,0.8767048120498657,0.3209391236305237,1.003757119178772,-0.2501404583454132,115
individual,6,carpet,38,1050,0.022557910531759262,0.023219240829348564,-1.171484112739563,0.008998454548418522,-28.882631301879883,-7.0,7.0,0.9233220815658569,0.24304555356502533,0.9592560529708862,-0.22998876869678497,116
individual,6,carpet,39,1050,0.03571373224258423,0.033007219433784485,-1.0824644565582275,0.008990451693534851,-36.65544891357422,-7.0,7.0,0.8651635050773621,0.2920459508895874,0.9309672117233276,-0.21479249000549316,117
individual,6,carpet,40,1050,0.04903888329863548,0.04683957248926163,-1.1125670671463013,0.008982344530522823,-34.70936965942383,-7.0,7.0,0.9317580461502075,0.26738616824150085,0.9217854738235474,-0.20566889643669128,118
individual,6,carpet,41,1050,0.03504781424999237,0.03215992823243141,-1.0909898281097412,0.008974146097898483,-32.48223114013672,-7.0,7.0,0.9629501104354858,0.26488378643989563,0.9359034895896912,-0.20180901885032654,119
individual,6,carpet,42,1050,0.04019341245293617,0.04013730213046074,-1.0674678087234497,0.008965869434177876,-32.69987869262695,-7.0,7.0,1.010617733001709,0.2748022973537445,0.960010826587677,-0.2008291631937027,120
individual,6,carpet,43,1050,0.02728358842432499,0.024749353528022766,-1.0699406862258911,0.008957519195973873,-28.245981216430664,-7.0,7.0,0.8930053114891052,0.2484683245420456,1.0174143314361572,-0.20846131443977356,121
individual,6,carpet,44,1050,0.03499382734298706,0.033985842019319534,-1.0587328672409058,0.008949109353125095,-25.836009979248047,-7.0,7.0,0.9326990246772766,0.24604853987693787,1.0425536632537842,-0.20953594148159027,122
individual,6,carpet,45,1050,0.03715280443429947,0.03400445356965065,-1.0421478748321533,0.008940642699599266,-20.861825942993164,-7.0,7.0,0.9510205984115601,0.33310946822166443,1.0990245342254639,-0.21823354065418243,123
individual,6,carpet,46,1050,0.017508117482066154,0.0176745243370533,-1.0827020406723022,0.008932123892009258,-25.368310928344727,-7.0,7.0,0.9129903316497803,0.2508969008922577,1.1249035596847534,-0.21964430809020996,124
individual,6,carpet,47,1050,0.041905373334884644,0.04083235561847687,-1.0703688859939575,0.008923563174903393,-18.879741668701172,-7.0,7.0,0.9084215760231018,0.3045937716960907,1.1549588441848755,-0.22227206826210022,125
individual,6,carpet,48,1050,0.04019727185368538,0.03799276053905487,-1.0663303136825562,0.008914967998862267,-17.091238021850586,-7.0,7.0,0.760758638381958,0.29532483220100403,1.2051153182983398,-0.22957444190979004,126
individual,6,carpet,49,1050,0.03477128967642784,0.02876884490251541,-1.137385368347168,0.00890633836388588,-16.834835052490234,-7.0,7.0,0.9458327293395996,0.2941212058067322,1.2024518251419067,-0.22887621819972992,127
individual,6,carpet,50,1050,0.01642785035073757,0.01554847601801157,-1.0952117443084717,0.008897678926587105,-15.917819023132324,-7.0,7.0,0.9862815737724304,0.27375680208206177,1.204959511756897,-0.2298218160867691,128
population,6,carpet,1,1050,0.03118390589952469,0.030816219747066498,-0.868192732334137,0.009240451268851757,-30.53807258605957,-7.0,7.0,0.7636211514472961,0.2524121105670929,0.9958142638206482,-0.19200432300567627,79
population,6,carpet,2,1050,0.06528019905090332,0.06302087754011154,-0.8808863759040833,0.00923121627420187,-22.95362663269043,-7.0,7.0,0.7038450837135315,0.30127251148223877,1.0647602081298828,-0.2195131480693817,80
population,6,carpet,3,1050,0.046861641108989716,0.04476774111390114,-0.8794797658920288,0.009221990592777729,-20.170326232910156,-7.0,7.0,0.7443205118179321,0.2831369638442993,1.1068769693374634,-0.24346712231636047,81
population,6,carpet,4,1050,0.0469701811671257,0.04743703454732895,-0.8664003610610962,0.00921277329325676,-23.61181640625,-7.0,7.0,0.7051036357879639,0.22104744613170624,1.091795563697815,-0.25587740540504456,82
population,6,carpet,5,1050,0.04743870347738266,0.045974742621183395,-0.8152433633804321,0.009203566238284111,-18.72015953063965,-7.0,7.0,0.7994886040687561,0.2186460644006729,1.0511704683303833,-0.2574136555194855,83
population,6,carpet,6,1050,0.04134112596511841,0.04098030924797058,-0.8131894469261169,0.009194367565214634,-25.89592742919922,-7.0,7.0,0.7769030928611755,0.3020060956478119,0.9972944259643555,-0.25450125336647034,84
population,6,carpet,7,1050,0.04395734891295433,0.04395270720124245,-0.8278980255126953,0.009185179136693478,-28.33835220336914,-7.0,7.0,0.7766385674476624,0.277090460062027,0.9020504951477051,-0.2373228222131729,85
population,6,carpet,8,1050,0.05327559635043144,0.05333847552537918,-0.8387424349784851,0.009175999090075493,-34.6407470703125,-7.0,7.0,0.8122825622558594,0.23002532124519348,0.8293642997741699,-0.22409549355506897,86
population,6,carpet,9,1050,0.03844376280903816,0.038622718304395676,-0.8631957769393921,0.009166828356683254,-30.89924430847168,-7.0,7.0,0.6683549284934998,0.23963207006454468,0.7730633020401001,-0.21407975256443024,87
population,6,carpet,10,1050,0.06707385927438736,0.06408575177192688,-0.9014254212379456,0.009157666936516762,-38.5970573425293,-7.0,7.0,0.8204703330993652,0.3128434121608734,0.7278940081596375,-0.2045356184244156,88
population,6,carpet,11,1050,0.031568560749292374,0.03102160058915615,-0.9101709127426147,0.00914851389825344,-34.65830612182617,-7.0,7.0,0.7654365301132202,0.27870550751686096,0.7301807403564453,-0.20734277367591858,89
population,6,carpet,12,1050,0.039030976593494415,0.03711388260126114,-0.9322017431259155,0.00913937110453844,-35.97500991821289,-7.0,7.0,0.774284303188324,0.30488672852516174,0.7422699928283691,-0.21031752228736877,90
population,6,carpet,13,1050,0.04091845080256462,0.041224196553230286,-0.963880717754364,0.009130236692726612,-34.38589859008789,-7.0,7.0,0.7673097848892212,0.2580398619174957,0.7679282426834106,-0.21718311309814453,91
population,6,carpet,14,1050,0.03810030594468117,0.03720585256814957,-0.9758592247962952,0.00912111159414053,-32.605621337890625,-7.0,7.0,0.816688597202301,0.300083726644516,0.8133310079574585,-0.22980038821697235,92
population,6,carpet,15,1050,0.04056775942444801,0.03893456980586052,-0.9712604284286499,0.009111995808780193,-28.996095657348633,-7.0,7.0,0.798180341720581,0.24591103196144104,0.8740068674087524,-0.24452325701713562,93
population,6,carpet,16,1050,0.07600201666355133,0.07360108941793442,-0.9623985290527344,0.009102889336645603,-26.275753021240234,-7.0,7.0,0.793371856212616,0.3423090875148773,0.9234264492988586,-0.2555167078971863,94
population,6,carpet,17,1050,0.03490515425801277,0.03328382968902588,-0.9574666023254395,0.009093791246414185,-23.753578186035156,-7.0,7.0,0.8251422643661499,0.279369980096817,0.9643828272819519,-0.26180320978164673,95
population,6,carpet,18,1050,0.03238053619861603,0.031033286824822426,-0.9555832147598267,0.009084702469408512,-25.35574722290039,-7.0,7.0,0.859462559223175,0.2825891375541687,0.9975467920303345,-0.2643826901912689,96
population,6,carpet,19,1050,0.03021181747317314,0.02995174564421177,-0.9707983136177063,0.009075623005628586,-24.812429428100586,-7.0,7.0,0.8296116590499878,0.3203597664833069,1.0187478065490723,-0.2592061161994934,97
population,6,carpet,20,1050,0.026467176154255867,0.027712618932127953,-0.9936656355857849,0.009066552855074406,-26.893661499023438,-7.0,7.0,0.8493358492851257,0.2857455313205719,0.9823067784309387,-0.23817789554595947,98
population,6,carpet,21,1050,0.04255121573805809,0.03985273838043213,-1.023613691329956,0.009057491086423397,-27.66636085510254,-7.0,7.0,0.8419215679168701,0.2866884768009186,0.9649508595466614,-0.2247646003961563,99
population,6,carpet,22,1050,0.027431422844529152,0.023874729871749878,-1.0040678977966309,0.00904843956232071,-25.853748321533203,-7.0,7.0,0.7482994794845581,0.29114168882369995,0.9836269617080688,-0.21984462440013885,100
population,6,carpet,23,1050,0.026469282805919647,0.026261286810040474,-1.043989896774292,0.009039395488798618,-25.83180046081543,-7.0,7.0,0.9058683514595032,0.23011530935764313,0.9429137110710144,-0.20316672325134277,101
population,6,carpet,24,1050,0.05306709557771683,0.04809637367725372,-0.9959024786949158,0.009030361659824848,-25.47526741027832,-7.0,7.0,0.7840898036956787,0.2919127941131592,0.9475025534629822,-0.19837303459644318,102
population,6,carpet,25,1050,0.019495531916618347,0.018222704529762268,-0.9880261421203613,0.00902133621275425,-23.616737365722656,-7.0,7.0,0.8047288656234741,0.285508394241333,0.9489859342575073,-0.19139905273914337,103
population,6,carpet,26,1050,0.047358810901641846,0.04129597917199135,-0.9901367425918579,0.009012320078909397,-24.161258697509766,-7.0,7.0,0.8177022933959961,0.2874465584754944,0.9294730424880981,-0.18272271752357483,104
population,6,carpet,27,1050,0.03692375496029854,0.03272274136543274,-0.9306224584579468,0.00900331325829029,-28.41644287109375,-7.0,7.0,0.7967548370361328,0.3373149037361145,0.9303628206253052,-0.17893098294734955,105
population,6,carpet,28,1050,0.039033908396959305,0.03704836219549179,-0.9480279684066772,0.008994314819574356,-30.845138549804688,-7.0,7.0,0.9218660593032837,0.28633639216423035,0.9057067632675171,-0.17092512547969818,106
population,6,carpet,29,1050,0.035207394510507584,0.03485657274723053,-0.9956849217414856,0.008985325694084167,-30.447078704833984,-7.0,7.0,0.8856239914894104,0.2775052785873413,0.9062128067016602,-0.1699904203414917,107
population,6,carpet,30,1050,0.03548606485128403,0.03176495432853699,-1.0571784973144531,0.008976345881819725,-29.862579345703125,-7.0,7.0,0.9447186589241028,0.2609333097934723,0.9249193072319031,-0.17415295541286469,108
population,6,carpet,31,1050,0.033049326390028,0.03174685686826706,-1.0758638381958008,0.008967374451458454,-26.420072555541992,-7.0,7.0,0.9081900119781494,0.28569361567497253,0.9569117426872253,-0.18080830574035645,109
population,6,carpet,32,1050,0.0390595868229866,0.03974258154630661,-1.0762826204299927,0.00895841233432293,-24.769794464111328,-7.0,7.0,0.7439623475074768,0.28967228531837463,0.9896853566169739,-0.18746446073055267,110
population,6,carpet,33,1050,0.03540537506341934,0.03413021191954613,-1.1357847452163696,0.008949458599090576,-28.192049026489258,-7.0,7.0,0.8959456086158752,0.3159501552581787,1.001989722251892,-0.19177724421024323,111
population,6,carpet,34,1050,0.028726041316986084,0.027464058250188828,-1.090674877166748,0.008940514177083969,-24.115930557250977,-7.0,7.0,0.8903633952140808,0.27852267026901245,1.0180426836013794,-0.19567497074604034,112
population,6,carpet,35,1050,0.03229965642094612,0.031558673828840256,-1.039246916770935,0.008931579068303108,-24.873964309692383,-7.0,7.0,0.8385807275772095,0.27439525723457336,1.0146664381027222,-0.19481278955936432,113
population,6,carpet,36,1050,0.024135204032063484,0.025032930076122284,-1.044681191444397,0.008922652341425419,-25.155193328857422,-7.0,7.0,0.903946042060852,0.2892678678035736,1.0171276330947876,-0.194021537899971,114
population,6,carpet,37,1050,0.039127372205257416,0.03860637545585632,-0.9686818718910217,0.008913734927773476,-23.944637298583984,-7.0,7.0,0.8588846325874329,0.3260602056980133,0.9906064867973328,-0.18829956650733948,115
population,6,carpet,38,1050,0.03355485573410988,0.03262164071202278,-0.980034589767456,0.008904826827347279,-27.14328384399414,-7.0,7.0,0.8927764892578125,0.283369243144989,0.9654192924499512,-0.18285571038722992,116
population,6,carpet,39,1050,0.024093281477689743,0.02232978120446205,-1.013227939605713,0.008895927108824253,-24.43088722229004,-7.0,7.0,0.8851488828659058,0.25696173310279846,0.9426165819168091,-0.1787502020597458,117
population,6,carpet,40,1050,0.049947261810302734,0.042339496314525604,-1.0527007579803467,0.008887035772204399,-26.72500228881836,-7.0,7.0,0.9724064469337463,0.306187242269516,0.9101539254188538,-0.17368033528327942,118
population,6,carpet,41,1050,0.027518823742866516,0.020874377340078354,-1.1235612630844116,0.008878153748810291,-27.70932960510254,-7.0,7.0,0.9793686270713806,0.26662662625312805,0.8840822577476501,-0.16848094761371613,119
population,6,carpet,42,1050,0.03449903428554535,0.033426523208618164,-1.1224877834320068,0.00886928103864193,-31.684974670410156,-7.0,7.0,0.8608281016349792,0.25049319863319397,0.8906998038291931,-0.16896118223667145,120
population,6,carpet,43,1050,0.029914099723100662,0.03049161657691002,-1.119849443435669,0.00886041671037674,-30.725360870361328,-7.0,7.0,0.8299565315246582,0.2695288360118866,0.8896360993385315,-0.16864214837551117,121
population,6,carpet,44,1050,0.014976926147937775,0.015504789538681507,-1.1683905124664307,0.008851561695337296,-26.90789794921875,-7.0,7.0,0.976647675037384,0.2982272505760193,0.9293607473373413,-0.1756860315799713,122
population,6,carpet,45,1050,0.030481956899166107,0.028035305440425873,-1.1272790431976318,0.008842715062201023,-27.420934677124023,-7.0,7.0,1.0067782402038574,0.3078024983406067,0.951106071472168,-0.17622563242912292,123
population,6,carpet,46,1050,0.01851601153612137,0.01408578734844923,-1.0962049961090088,0.008833876810967922,-20.437530517578125,-7.0,7.0,0.9258020520210266,0.29730331897735596,0.9644245505332947,-0.1753404140472412,124
population,6,carpet,47,1050,0.0225662998855114,0.015534080564975739,-1.0775851011276245,0.008825048804283142,-23.834537506103516,-7.0,7.0,0.9111765027046204,0.23823760449886322,0.9733543992042542,-0.17204391956329346,125
population,6,carpet,48,1050,0.03236944600939751,0.03303392231464386,-1.0485963821411133,0.008816228248178959,-25.15719985961914,-7.0,7.0,1.0234284400939941,0.31775516271591187,0.9329643845558167,-0.15883390605449677,126
population,6,carpet,49,1050,0.030167803168296814,0.026307009160518646,-1.059836983680725,0.008807417005300522,-30.25445556640625,-7.0,7.0,0.9576398134231567,0.28773507475852966,0.9073359370231628,-0.14837291836738586,127
population,6,carpet,50,1050,0.02072233334183693,0.018959246575832367,-1.06650710105896,0.008798615075647831,-27.805002212524414,-7.0,7.0,0.8952977061271667,0.319673627614975,0.8847314119338989,-0.14050526916980743,128
individual,7,carpet,1,1225,0.09652906656265259,0.09845177829265594,-1.1311378479003906,0.008888994343578815,-16.46189308166504,-7.0,7.0,0.8617377281188965,0.2667064964771271,1.2128827571868896,-0.23281311988830566,129
individual,7,carpet,2,1225,0.09928077459335327,0.10048136115074158,-1.0829708576202393,0.00888028834015131,-16.276906967163086,-7.0,7.0,0.8482290506362915,0.27898451685905457,1.214780569076538,-0.23568861186504364,130
individual,7,carpet,3,1225,0.07962816953659058,0.08277370780706406,-0.9583175182342529,0.008871564641594887,-18.98324203491211,-7.0,7.0,0.8200353384017944,0.2879658341407776,1.185390830039978,-0.23053564131259918,131
individual,7,carpet,4,1225,0.09898671507835388,0.10499551147222519,-0.9045915603637695,0.008862825110554695,-14.500114440917969,-7.0,7.0,0.9299932718276978,0.31254148483276367,1.142503023147583,-0.22215059399604797,132
individual,7,carpet,5,1225,0.07033246755599976,0.0754883736371994,-0.8361763954162598,0.008854073472321033,-21.718719482421875,-7.0,7.0,0.8451958894729614,0.2695602774620056,1.0972620248794556,-0.21120920777320862,133
individual,7,carpet,6,1225,0.05776446685194969,0.05790930241346359,-0.7743653059005737,0.008845308795571327,-25.905555725097656,-7.0,7.0,0.7990291118621826,0.2947652339935303,1.0348280668258667,-0.1942652314901352,134
individual,7,carpet,7,1225,0.0711277425289154,0.07884737849235535,-0.7944014072418213,0.00883653573691845,-33.317970275878906,-7.0,7.0,0.917672336101532,0.27702590823173523,0.9319853186607361,-0.1676802784204483,135
individual,7,carpet,8,1225,0.10778959840536118,0.10808074474334717,-0.8188959360122681,0.008827758952975273,-36.77560806274414,-7.0,7.0,1.0307953357696533,0.32077351212501526,0.8461003303527832,-0.14313098788261414,136
individual,7,carpet,9,1225,0.07753284275531769,0.07463183999061584,-0.9051499366760254,0.008818973787128925,-40.970428466796875,-7.0,7.0,0.9899779558181763,0.3336600065231323,0.7553220987319946,-0.11713235825300217,137
individual,7,carpet,10,1225,0.048086781054735184,0.04726998135447502,-0.9740470051765442,0.008810184895992279,-42.920013427734375,-7.0,7.0,0.9622697234153748,0.33214038610458374,0.6804380416870117,-0.09358825534582138,138
individual,7,carpet,11,1225,0.060354940593242645,0.062018536031246185,-1.0577247142791748,0.008801396936178207,-43.43621826171875,-7.0,7.0,0.9336996078491211,0.30719953775405884,0.5812789797782898,-0.06831424683332443,139
individual,7,carpet,12,1225,0.06887286901473999,0.06730435788631439,-1.1151982545852661,0.008792604319751263,-48.62586975097656,-7.0,7.0,0.9273853302001953,0.2964272201061249,0.4942684769630432,-0.046919774264097214,140
individual,7,carpet,13,1225,0.0824338048696518,0.07535653561353683,-1.1865981817245483,0.008783812634646893,-48.150211334228516,-7.0,7.0,0.9185920357704163,0.3408747911453247,0.4356880187988281,-0.030054694041609764,141
individual,7,carpet,14,1225,0.0431821383535862,0.040119148790836334,-1.1330548524856567,0.008775021880865097,-49.85625076293945,-7.0,7.0,0.998376727104187,0.29943400621414185,0.3593723475933075,-0.014051818288862705,142
individual,7,carpet,15,1225,0.07935656607151031,0.07371199131011963,-1.1614866256713867,0.0087662348523736,-52.43473815917969,-7.0,7.0,1.1020077466964722,0.3296877443790436,0.3071610629558563,-0.00252881390042603,143
individual,7,carpet,16,1225,0.04388176277279854,0.04068370908498764,-1.0237500667572021,0.008757448755204678,-53.0738639831543,-7.0,7.0,0.9440964460372925,0.297563374042511,0.25276872515678406,0.006852190475910902,144
individual,7,carpet,17,1225,0.044591352343559265,0.047075748443603516,-1.0283955335617065,0.008748667314648628,-54.219947814941406,-7.0,7.0,1.038234829902649,0.3207074701786041,0.2222144901752472,0.013947329483926296,145
individual,7,carpet,18,1225,0.06612681597471237,0.06715909391641617,-0.8878844380378723,0.008739889599382877,-54.359825134277344,-7.0,7.0,0.9120375514030457,0.30642756819725037,0.17381572723388672,0.01791306771337986,146
individual,7,carpet,19,1225,0.07067917287349701,0.06800813972949982,-0.9714861512184143,0.008731117472052574,-54.663421630859375,-7.0,7.0,1.0015276670455933,0.2977636456489563,0.16252300143241882,0.02214907668530941,147
individual,7,carpet,20,1225,0.05530891567468643,0.05349113419651985,-0.9625434875488281,0.008722350001335144,-55.24421691894531,-7.0,7.0,0.9310911297798157,0.3329368829727173,0.1244448870420456,0.022239038720726967,148
individual,7,carpet,21,1225,0.029313206672668457,0.025346994400024414,-1.04916250705719,0.008713587187230587,-54.965293884277344,-7.0,7.0,0.9907820224761963,0.2472970336675644,0.12401112169027328,0.026016896590590477,149
individual,7,carpet,22,1225,0.0480898916721344,0.046599097549915314,-1.1043014526367188,0.008704828098416328,-55.31245803833008,-7.0,7.0,0.9954323768615723,0.2708643674850464,0.1117253303527832,0.028182821348309517,150
individual,7,carpet,23,1225,0.03636686131358147,0.03657216578722,-1.1137669086456299,0.00869607925415039,-54.881141662597656,-7.0,7.0,0.9434530138969421,0.3112265467643738,0.08462058007717133,0.027225080877542496,151
individual,7,carpet,24,1225,0.04007884860038757,0.03535991162061691,-1.1627923250198364,0.008687334135174751,-54.941078186035156,-7.0,7.0,1.0302932262420654,0.2920241951942444,0.0946643278002739,0.03414415195584297,152
individual,7,carpet,25,1225,0.038960788398981094,0.04018281027674675,-1.1669044494628906,0.008678593672811985,-54.20728302001953,-7.0,7.0,0.9542177319526672,0.2681862413883209,0.0674198567867279,0.03235730528831482,153
individual,7,carpet,26,1225,0.0453830286860466,0.04415584355592728,-1.1167657375335693,0.008669862523674965,-54.80653381347656,-7.0,7.0,0.9161860346794128,0.31614693999290466,0.0727137103676796,0.04146360978484154,154
individual,7,carpet,27,1225,0.03591809794306755,0.03353831544518471,-1.0906585454940796,0.008661139756441116,-54.79911422729492,-7.0,7.0,0.9903222322463989,0.2600163221359253,0.05945036932826042,0.04330983757972717,155
individual,7,carpet,28,1225,0.020270483568310738,0.019750768318772316,-1.0934852361679077,0.00865242164582014,-54.60499572753906,-7.0,7.0,1.0171953439712524,0.2672704756259918,0.052342694252729416,0.04814228042960167,156
individual,7,carpet,29,1225,0.022404039278626442,0.020533766597509384,-1.0531408786773682,0.008643711917102337,-54.37443161010742,-7.0,7.0,0.9189033508300781,0.2646317481994629,0.053003616631031036,0.05819547548890114,157
individual,7,carpet,30,1225,0.03262382745742798,0.03201562538743019,-1.0361679792404175,0.008635011501610279,-55.14908218383789,-7.0,7.0,0.9849706888198853,0.2839641869068146,0.059076398611068726,0.07153870910406113,158
individual,7,carpet,31,1225,0.046591900289058685,0.042028311640024185,-1.0054831504821777,0.008626319468021393,-55.74135208129883,-7.0,7.0,1.032932996749878,0.29789265990257263,0.05980967357754707,0.07872933149337769,159
individual,7,carpet,32,1225,0.04305443912744522,0.03791928291320801,-1.0575933456420898,0.008617633022367954,-53.657745361328125,-7.0,7.0,1.0726287364959717,0.2749668061733246,0.06993717700242996,0.09299515187740326,160
individual,7,carpet,33,1225,0.037494391202926636,0.036223169416189194,-1.109713077545166,0.008608954027295113,-54.847068786621094,-7.0,7.0,1.0613844394683838,0.32905086874961853,0.08836162090301514,0.11094118654727936,161
individual,7,carpet,34,1225,0.05119411647319794,0.051514189690351486,-1.1579396724700928,0.008600284345448017,-53.700050354003906,-7.0,7.0,1.0463893413543701,0.33508387207984924,0.11562643200159073,0.13568533957004547,162
individual,7,carpet,35,1225,0.03087521344423294,0.03235958144068718,-1.1973263025283813,0.008591623976826668,-54.02927017211914,-7.0,7.0,1.0597883462905884,0.30407842993736267,0.14605902135372162,0.16217397153377533,163
individual,7,carpet,36,1225,0.051016904413700104,0.04912063851952553,-1.2460592985153198,0.008582971058785915,-49.15644454956055,-7.0,7.0,1.074469804763794,0.3330889940261841,0.1839933693408966,0.19787418842315674,164
individual,7,carpet,37,1225,0.03682440146803856,0.036453042179346085,-1.2325725555419922,0.008574328385293484,-50.48326110839844,-7.0,7.0,1.0472168922424316,0.3604966998100281,0.2382798194885254,0.2439558058977127,165
individual,7,carpet,38,1225,0.043983809649944305,0.04009408876299858,-1.1853663921356201,0.008565693162381649,-51.184017181396484,-7.0,7.0,0.9554102420806885,0.3081536591053009,0.29310157895088196,0.2767100930213928,166
individual,7,carpet,39,1225,0.023674702271819115,0.023903021588921547,-1.1799830198287964,0.00855706725269556,-48.61783218383789,-7.0,7.0,1.022146224975586,0.2796735167503357,0.36073604226112366,0.3144627511501312,167
individual,7,carpet,40,1225,0.05124613642692566,0.051852524280548096,-1.0898001194000244,0.008548449724912643,-44.04000473022461,-7.0,7.0,1.018449068069458,0.3531186878681183,0.46462804079055786,0.36397960782051086,168
individual,7,carpet,41,1225,0.03510916233062744,0.03279903903603554,-1.0974376201629639,0.008539840579032898,-42.21957778930664,-7.0,7.0,0.9930833578109741,0.32243603467941284,0.5131652355194092,0.35956424474716187,169
individual,7,carpet,42,1225,0.0347081795334816,0.032537490129470825,-1.093312382698059,0.008531240746378899,-44.59254455566406,-7.0,7.0,1.0219064950942993,0.3222280442714691,0.58635014295578,0.3575611412525177,170
individual,7,carpet,43,1225,0.06230461224913597,0.05905890092253685,-1.1431150436401367,0.00852264929562807,-40.10421371459961,-7.0,7.0,1.1156938076019287,0.3780931532382965,0.6325286626815796,0.3375287652015686,171
individual,7,carpet,44,1225,0.04273875802755356,0.042587898671627045,-1.198403000831604,0.00851406715810299,-38.768646240234375,-7.0,7.0,1.1533584594726562,0.33971405029296875,0.656062126159668,0.3051430881023407,172
individual,7,carpet,45,1225,0.028518909588456154,0.027117859572172165,-1.202223777770996,0.008505492471158504,-42.15188217163086,-7.0,7.0,1.0642873048782349,0.34129756689071655,0.6943073272705078,0.27804699540138245,173
individual,7,carpet,46,1225,0.03112330101430416,0.03203492984175682,-1.2679524421691895,0.008496927097439766,-38.872440338134766,-7.0,7.0,1.018172025680542,0.31195786595344543,0.7406200170516968,0.24369005858898163,174
individual,7,carpet,47,1225,0.05881756916642189,0.0609496608376503,-1.2793020009994507,0.008488370105624199,-37.86552047729492,-7.0,7.0,1.0600252151489258,0.3508646786212921,0.7193570733070374,0.19941605627536774,175
individual,7,carpet,48,1225,0.02223922498524189,0.02054586261510849,-1.3521664142608643,0.008479822427034378,-36.180747985839844,-7.0,7.0,1.1099226474761963,0.35547420382499695,0.7599847912788391,0.1625555455684662,176
individual,7,carpet,49,1225,0.02464866451919079,0.02550148218870163,-1.2626678943634033,0.008471283130347729,-32.177852630615234,-7.0,7.0,1.0525649785995483,0.3616078197956085,0.8263059854507446,0.1311965137720108,177
individual,7,carpet,50,1225,0.02716459333896637,0.0305926613509655,-1.2833396196365356,0.008462751284241676,-38.14949035644531,-7.0,7.0,1.0770461559295654,0.28728803992271423,0.7449514269828796,0.08391740173101425,178
population,7,carpet,1,1225,0.11523979902267456,0.11038455367088318,-1.114301085472107,0.008789821527898312,-30.115676879882812,-7.0,7.0,0.9176985621452332,0.3256132900714874,0.8568844199180603,-0.13053390383720398,129
population,7,carpet,2,1225,0.09174523502588272,0.0900423601269722,-1.087402582168579,0.008781036362051964,-29.433809280395508,-7.0,7.0,0.8570886254310608,0.246215358376503,0.8545435667037964,-0.12606169283390045,130
population,7,carpet,3,1225,0.06955277919769287,0.06340990215539932,-0.9611324667930603,0.008772260509431362,-29.36179542541504,-7.0,7.0,0.9039638638496399,0.27608880400657654,0.8500601053237915,-0.12204014509916306,131
population,7,carpet,4,1225,0.061242446303367615,0.05517150089144707,-0.8949630856513977,0.008763493038713932,-27.44727325439453,-7.0,7.0,0.8275641202926636,0.3032744228839874,0.8193536996841431,-0.11364392936229706,132
population,7,carpet,5,1225,0.083358533680439,0.07861597836017609,-0.8829033374786377,0.008754734881222248,-34.352073669433594,-7.0,7.0,0.9684947729110718,0.31633859872817993,0.7638063430786133,-0.10092699527740479,133
population,7,carpet,6,1225,0.07440038025379181,0.06927447766065598,-0.850304365158081,0.008745985105633736,-39.13551712036133,-7.0,7.0,0.9430510997772217,0.331210732460022,0.6864674687385559,-0.08541446924209595,134
population,7,carpet,7,1225,0.04680853337049484,0.04398055374622345,-0.8205605149269104,0.008737243711948395,-40.03496551513672,-7.0,7.0,0.8600567579269409,0.3379172384738922,0.58294278383255,-0.0670410767197609,135
population,7,carpet,8,1225,0.05156024917960167,0.04550984874367714,-0.8947267532348633,0.0087285116314888,-45.093624114990234,-7.0,7.0,0.9480779767036438,0.3492870032787323,0.49263545870780945,-0.05102338641881943,136
population,7,carpet,9,1225,0.04622337967157364,0.04011781886219978,-0.9900599122047424,0.008719787932932377,-50.02321243286133,-7.0,7.0,0.9907616376876831,0.3123171329498291,0.40901365876197815,-0.03669297322630882,137
population,7,carpet,10,1225,0.07498960196971893,0.0722832903265953,-1.1006215810775757,0.0087110735476017,-51.787811279296875,-7.0,7.0,0.9853715300559998,0.36989718675613403,0.3140891194343567,-0.023171940818428993,138
population,7,carpet,11,1225,0.0713985413312912,0.07151459157466888,-1.09357488155365,0.008702367544174194,-54.65325927734375,-7.0,7.0,0.9069974422454834,0.27564945816993713,0.24305763840675354,-0.013224317692220211,139
population,7,carpet,12,1225,0.05154334381222725,0.04556574672460556,-1.1014044284820557,0.00869366992264986,-53.90333557128906,-7.0,7.0,0.9937454462051392,0.29426318407058716,0.17951886355876923,-0.005624864250421524,140
population,7,carpet,13,1225,0.0427948459982872,0.04134928807616234,-1.116273283958435,0.008684981614351273,-55.31293869018555,-7.0,7.0,0.9714658260345459,0.3007920980453491,0.13457006216049194,-0.0003117562155239284,141
population,7,carpet,14,1225,0.032382410019636154,0.03156400844454765,-1.1363600492477417,0.008676301687955856,-56.28640365600586,-7.0,7.0,1.0859638452529907,0.32119184732437134,0.10060218721628189,0.003241677302867174,142
population,7,carpet,15,1225,0.05628416687250137,0.05558183416724205,-1.0660606622695923,0.008667630143463612,-55.077396392822266,-7.0,7.0,1.0443469285964966,0.2783351540565491,0.07451997697353363,0.005943941418081522,143
population,7,carpet,16,1225,0.02311546541750431,0.021633226424455643,-0.9774420857429504,0.008658966980874538,-55.299861907958984,-7.0,7.0,0.9589852690696716,0.3312561810016632,0.050346411764621735,0.007510288152843714,144
population,7,carpet,17,1225,0.045357346534729004,0.0402560830116272,-0.9959405660629272,0.008650313131511211,-55.02130126953125,-7.0,7.0,1.0027422904968262,0.3207487463951111,0.03673478960990906,0.009221015498042107,145
population,7,carpet,18,1225,0.08098997920751572,0.07672975957393646,-0.9956448674201965,0.008641667664051056,-55.702491760253906,-7.0,7.0,0.9975236654281616,0.32974714040756226,0.026610316708683968,0.011096497997641563,146
population,7,carpet,19,1225,0.05068834498524666,0.04468163102865219,-0.9849799871444702,0.008633031509816647,-55.020633697509766,-7.0,7.0,0.9372636675834656,0.32525384426116943,0.018645090982317924,0.014173529110848904,147
population,7,carpet,20,1225,0.07819416373968124,0.06771312654018402,-1.1236897706985474,0.008624402806162834,-55.5875129699707,-7.0,7.0,1.022803544998169,0.3888389766216278,0.016423573717474937,0.018825706094503403,148
population,7,carpet,21,1225,0.06118525564670563,0.05569162592291832,-1.1878615617752075,0.008615783415734768,-54.64606475830078,-7.0,7.0,1.0562126636505127,0.2892994284629822,0.016983112320303917,0.025067897513508797,149
population,7,carpet,22,1225,0.029463814571499825,0.030217941850423813,-1.195959210395813,0.008607172407209873,-54.5951042175293,-7.0,7.0,1.0406091213226318,0.30127373337745667,0.021220490336418152,0.03423098474740982,150
population,7,carpet,23,1225,0.05165519937872887,0.042549241334199905,-1.1577794551849365,0.008598570711910725,-55.25251007080078,-7.0,7.0,0.9854706525802612,0.32668250799179077,0.03716733306646347,0.04762546345591545,151
population,7,carpet,24,1225,0.052037615329027176,0.04653366655111313,-1.1253615617752075,0.008589976467192173,-54.96226501464844,-7.0,7.0,0.9144312143325806,0.27057239413261414,0.06453271210193634,0.06681348383426666,152
population,7,carpet,25,1225,0.031170988455414772,0.030734259635210037,-1.0923110246658325,0.008581391535699368,-53.64845657348633,-7.0,7.0,1.0523523092269897,0.28715336322784424,0.09220028668642044,0.08618415892124176,153
population,7,carpet,26,1225,0.061349958181381226,0.062044527381658554,-1.0506868362426758,0.008572814986109734,-53.850502014160156,-7.0,7.0,1.026599645614624,0.32979753613471985,0.12629421055316925,0.1101374551653862,154
population,7,carpet,27,1225,0.06000703200697899,0.053345635533332825,-1.0285110473632812,0.008564247749745846,-53.5363883972168,-7.0,7.0,1.0157709121704102,0.318681001663208,0.17516246438026428,0.14646081626415253,155
population,7,carpet,28,1225,0.04133591800928116,0.039288800209760666,-1.093484878540039,0.008555687963962555,-51.805355072021484,-7.0,7.0,0.9789760708808899,0.308234840631485,0.2336505502462387,0.1896461695432663,156
population,7,carpet,29,1225,0.05428053066134453,0.04529746621847153,-1.104660987854004,0.00854713749140501,-47.555023193359375,-7.0,7.0,1.0361545085906982,0.3557990491390228,0.3066628575325012,0.23290179669857025,157
population,7,carpet,30,1225,0.04392412304878235,0.035233691334724426,-1.1693029403686523,0.008538595400750637,-46.5289421081543,-7.0,7.0,1.1027363538742065,0.3064827620983124,0.3963034749031067,0.2690850496292114,158
population,7,carpet,31,1225,0.03195340931415558,0.035776086151599884,-1.2085328102111816,0.008530061691999435,-42.69552230834961,-7.0,7.0,0.915260374546051,0.3480449616909027,0.5034294128417969,0.30281856656074524,159
population,7,carpet,32,1225,0.05074967443943024,0.04110986739397049,-1.2873069047927856,0.008521536365151405,-43.22908020019531,-7.0,7.0,1.1348087787628174,0.3784545361995697,0.5837430953979492,0.3097427785396576,160
population,7,carpet,33,1225,0.03697657212615013,0.03149811923503876,-1.2601449489593506,0.008513019420206547,-35.579139709472656,-7.0,7.0,0.9708215594291687,0.3426688015460968,0.6737724542617798,0.32092875242233276,161
population,7,carpet,34,1225,0.03155343979597092,0.027732163667678833,-1.2102141380310059,0.008504511788487434,-34.965518951416016,-7.0,7.0,1.1202746629714966,0.3296324610710144,0.7141297459602356,0.2930682599544525,162
population,7,carpet,35,1225,0.03301981836557388,0.024739190936088562,-1.2128005027770996,0.008496011607348919,-40.56089401245117,-7.0,7.0,1.0020447969436646,0.3171440660953522,0.7251582741737366,0.24903737008571625,163
population,7,carpet,36,1225,0.02165619097650051,0.016246065497398376,-1.1810171604156494,0.00848752073943615,-31.821529388427734,-7.0,7.0,0.896669864654541,0.31818723678588867,0.8616867065429688,0.24121852219104767,164
population,7,carpet,37,1225,0.036301564425230026,0.02906145341694355,-1.1249337196350098,0.008479038253426552,-28.97704315185547,-7.0,7.0,0.9257871508598328,0.36269137263298035,0.8718184232711792,0.19053032994270325,165
population,7,carpet,38,1225,0.04245855659246445,0.03162691742181778,-1.192307472229004,0.008470564149320126,-36.95874786376953,-7.0,7.0,1.1858371496200562,0.32831501960754395,0.8135369420051575,0.12387911230325699,166
population,7,carpet,39,1225,0.03688674420118332,0.03093995898962021,-1.209554672241211,0.008462098427116871,-30.993770599365234,-7.0,7.0,1.024019718170166,0.3297988772392273,0.9519608616828918,0.08363242447376251,167
population,7,carpet,40,1225,0.026018911972641945,0.02587190642952919,-1.2630983591079712,0.008453641086816788,-29.771982192993164,-7.0,7.0,1.019587755203247,0.27751243114471436,0.9610545039176941,0.02337370626628399,168
population,7,carpet,41,1225,0.0235518217086792,0.021273789927363396,-1.348569393157959,0.008445192128419876,-29.610876083374023,-7.0,7.0,1.0468106269836426,0.36007004976272583,1.074633002281189,-0.037435490638017654,169
population,7,carpet,42,1225,0.029431907460093498,0.02781420573592186,-1.3869144916534424,0.008436751551926136,-15.50234317779541,-7.0,7.0,0.9708794355392456,0.3699049651622772,1.237330436706543,-0.11152850091457367,170
population,7,carpet,43,1225,0.03106580674648285,0.024723058566451073,-1.4230529069900513,0.008428319357335567,-10.521585464477539,-7.0,7.0,0.9960905909538269,0.3216446042060852,1.3153696060180664,-0.18628479540348053,171
population,7,carpet,44,1225,0.034237340092659,0.02992287650704384,-1.387528896331787,0.008419896475970745,-14.614437103271484,-7.0,7.0,0.9689536094665527,0.34784990549087524,1.3096485137939453,-0.24202246963977814,172
population,7,carpet,45,1225,0.03266366571187973,0.029677949845790863,-1.2081806659698486,0.008411870338022709,-2.448740243911743,-7.0,7.0,0.9505109786987305,0.3855029344558716,1.459412693977356,-0.33112525939941406,173
population,7,carpet,46,1225,0.01692751795053482,0.014566353522241116,-1.1789838075637817,0.00840448122471571,-0.860870361328125,-7.0,7.0,0.9453252553939819,0.3096771836280823,1.4277528524398804,-0.37869516015052795,174
population,7,carpet,47,1225,0.04323185980319977,0.0350603312253952,-1.1986503601074219,0.008396990597248077,-15.242636680603027,-7.0,7.0,1.0170512199401855,0.31673339009284973,1.2491551637649536,-0.37303176522254944,175
population,7,carpet,48,1225,0.037234775722026825,0.025829456746578217,-1.259770393371582,0.00838941428810358,-19.360679626464844,-7.0,7.0,1.162980079650879,0.3764680027961731,1.1485384702682495,-0.3787367641925812,176
population,7,carpet,49,1225,0.0262657031416893,0.01775371842086315,-1.29305899143219,0.008381756953895092,-15.786641120910645,-7.0,7.0,1.0431790351867676,0.33210620284080505,1.13992440700531,-0.41221708059310913,177
population,7,carpet,50,1225,0.02859167754650116,0.022770119830965996,-1.4315986633300781,0.008374030701816082,-23.05901336669922,-7.0,7.0,1.1661983728408813,0.37832823395729065,1.0106980800628662,-0.3919440805912018,178
individual,8,carpet,1,1400,0.1336861550807953,0.14878076314926147,-1.160081148147583,0.008454229682683945,-42.703792572021484,-7.0,7.0,0.8750675916671753,0.3867110013961792,0.6385695338249207,0.05075448006391525,179
individual,8,carpet,2,1400,0.08560390025377274,0.09337393939495087,-1.1327348947525024,0.00844571553170681,-39.35858154296875,-7.0,7.0,0.9121191501617432,0.4080257713794708,0.6778430342674255,0.025752663612365723,180
individual,8,carpet,3,1400,0.0930948555469513,0.09542673826217651,-1.0265904664993286,0.008437209762632847,-42.643463134765625,-7.0,7.0,1.080695390701294,0.3598062992095947,0.534659206867218,0.009684829041361809,181
individual,8,carpet,4,1400,0.06515810638666153,0.0725155845284462,-0.9393324255943298,0.00842871330678463,-43.62858581542969,-7.0,7.0,0.923058032989502,0.3818837106227875,0.5626155138015747,-0.0037711437325924635,182
individual,8,carpet,5,1400,0.09466306865215302,0.11053115874528885,-0.9438412189483643,0.008420225232839584,-49.18062973022461,-7.0,7.0,1.1035242080688477,0.3976174294948578,0.3847324848175049,-0.0055428361520171165,183
individual,8,carpet,6,1400,0.0678904727101326,0.07808136194944382,-0.9724013805389404,0.00841174554079771,-48.18556213378906,-7.0,7.0,1.0591673851013184,0.3422587513923645,0.4191792905330658,-0.024284807965159416,184
individual,8,carpet,7,1400,0.049306437373161316,0.05828934535384178,-1.0265170335769653,0.008403278887271881,-53.66941833496094,-7.0,7.0,0.9748162031173706,0.3855069875717163,0.31209778785705566,-0.008323307149112225,185
individual,8,carpet,8,1400,0.03658319264650345,0.04040839895606041,-1.1358002424240112,0.008394820615649223,-50.44095993041992,-7.0,7.0,1.076171636581421,0.35323241353034973,0.30622562766075134,-0.007747356314212084,186
individual,8,carpet,9,1400,0.04980190098285675,0.04357948899269104,-1.3235156536102295,0.008386369794607162,-50.71554946899414,-7.0,7.0,1.1294810771942139,0.36635568737983704,0.2902720868587494,-0.01762969046831131,187
individual,8,carpet,10,1400,0.05799156054854393,0.06389286369085312,-1.3081940412521362,0.008377929218113422,-54.26753616333008,-7.0,7.0,1.0885213613510132,0.33705735206604004,0.19751331210136414,0.0028131294529885054,188
individual,8,carpet,11,1400,0.06272256374359131,0.06363110989332199,-1.316374659538269,0.00836949609220028,-53.57522201538086,-7.0,7.0,1.122238278388977,0.3331042528152466,0.21194134652614594,0.002959558507427573,189
individual,8,carpet,12,1400,0.04011264443397522,0.04800598323345184,-1.3163968324661255,0.008361071348190308,-54.72897720336914,-7.0,7.0,1.1531528234481812,0.3717021346092224,0.13109837472438812,0.02022007666528225,190
individual,8,carpet,13,1400,0.03952945023775101,0.04547829553484917,-1.189240574836731,0.008352654986083508,-54.250667572021484,-7.0,7.0,1.0393619537353516,0.3338024318218231,0.14236457645893097,0.02110794186592102,191
individual,8,carpet,14,1400,0.03691146895289421,0.03521086275577545,-1.0560557842254639,0.008344247937202454,-55.30780029296875,-7.0,7.0,1.0623635053634644,0.39648202061653137,0.13776929676532745,0.0269633661955595,192
individual,8,carpet,15,1400,0.05609513446688652,0.05756112188100815,-1.091679573059082,0.008335848338901997,-54.95557403564453,-7.0,7.0,1.156925082206726,0.33879998326301575,0.12299665063619614,0.03549208492040634,193
individual,8,carpet,16,1400,0.032759830355644226,0.0413530133664608,-1.1552557945251465,0.008327458053827286,-54.48189163208008,-7.0,7.0,1.153398871421814,0.38013583421707153,0.1149553433060646,0.04280400276184082,194
individual,8,carpet,17,1400,0.042074766010046005,0.05165944620966911,-1.2036118507385254,0.008319076150655746,-53.48234176635742,-7.0,7.0,1.1723620891571045,0.4336894750595093,0.1280304342508316,0.05628926679491997,195
individual,8,carpet,18,1400,0.04947778210043907,0.06342705339193344,-1.1894078254699707,0.008310701698064804,-54.93016815185547,-7.0,7.0,1.140047550201416,0.4567691385746002,0.1382817029953003,0.04946857690811157,196
individual,8,carpet,19,1400,0.05397166311740875,0.04834800586104393,-1.3921842575073242,0.008302336558699608,-54.254241943359375,-7.0,7.0,1.0679776668548584,0.3775891661643982,0.1635635942220688,0.07446340471506119,197
individual,8,carpet,20,1400,0.05941151827573776,0.05736793950200081,-1.4192380905151367,0.008293983526527882,-54.10786437988281,-7.0,7.0,1.0679209232330322,0.32581886649131775,0.16529643535614014,0.07330115884542465,198
individual,8,carpet,21,1400,0.03426430746912956,0.03917670249938965,-1.4011327028274536,0.008285638876259327,-53.2692985534668,-7.0,7.0,1.0989365577697754,0.2946823537349701,0.1826060265302658,0.08217602968215942,199
individual,8,carpet,22,1400,0.029414843767881393,0.028949987143278122,-1.365539789199829,0.008277302607893944,-51.78203582763672,-7.0,7.0,1.1455049514770508,0.4345545172691345,0.24110770225524902,0.10181654989719391,200
individual,8,carpet,23,1400,0.028317775577306747,0.024824535474181175,-1.3244001865386963,0.008268975652754307,-47.67210006713867,-7.0,7.0,1.153685212135315,0.385667622089386,0.29683247208595276,0.11722902953624725,201
individual,8,carpet,24,1400,0.019388198852539062,0.021841391921043396,-1.3488417863845825,0.008260656148195267,-53.36676025390625,-7.0,7.0,1.093377947807312,0.3462808132171631,0.29609841108322144,0.11189525574445724,202
individual,8,carpet,25,1400,0.025563908740878105,0.03151560202240944,-1.2824366092681885,0.008252345025539398,-44.72258758544922,-7.0,7.0,1.1174529790878296,0.3485879898071289,0.35340115427970886,0.1282787173986435,203
individual,8,carpet,26,1400,0.03394990414381027,0.03525667265057564,-1.1962934732437134,0.008244042284786701,-44.38417053222656,-7.0,7.0,1.043870210647583,0.36146000027656555,0.4378872513771057,0.14169658720493317,204
individual,8,carpet,27,1400,0.02663961984217167,0.02498125098645687,-1.321506142616272,0.008235747925937176,-37.05586242675781,-7.0,7.0,1.1660821437835693,0.31296494603157043,0.6008400321006775,0.16654503345489502,205
individual,8,carpet,28,1400,0.02153906412422657,0.025256415829062462,-1.3413033485412598,0.008227461948990822,-43.34239959716797,-7.0,7.0,1.1340374946594238,0.42128828167915344,0.5249320864677429,0.12855513393878937,206
individual,8,carpet,29,1400,0.029712505638599396,0.029712630435824394,-1.3203985691070557,0.00821918435394764,-40.52863693237305,-7.0,7.0,1.1422497034072876,0.3591780960559845,0.6185650825500488,0.13774320483207703,207
individual,8,carpet,30,1400,0.03852078318595886,0.03681580722332001,-1.423114538192749,0.008210915140807629,-40.07251739501953,-7.0,7.0,1.2162866592407227,0.38775375485420227,0.6750182509422302,0.12511247396469116,208
individual,8,carpet,31,1400,0.025008372962474823,0.02089988999068737,-1.4395458698272705,0.00820265430957079,-43.41213607788086,-7.0,7.0,1.2586132287979126,0.38672295212745667,0.550715982913971,0.09249114990234375,209
individual,8,carpet,32,1400,0.01857280172407627,0.02169986069202423,-1.4815353155136108,0.008194400928914547,-42.030433654785156,-7.0,7.0,1.2864378690719604,0.396754652261734,0.5590699315071106,0.07127527892589569,210
individual,8,carpet,33,1400,0.025974709540605545,0.022746458649635315,-1.5096755027770996,0.00818615686148405,-42.74652099609375,-7.0,7.0,1.191881775856018,0.3523276448249817,0.5503403544425964,0.05639105290174484,211
individual,8,carpet,34,1400,0.01756134070456028,0.025169238448143005,-1.5370482206344604,0.008177924901247025,-44.6620979309082,-7.0,7.0,1.2216359376907349,0.2856251895427704,0.59862220287323,0.04249006137251854,212
individual,8,carpet,35,1400,0.017676865682005882,0.016922594979405403,-1.512505054473877,0.00816970132291317,-39.19252014160156,-7.0,7.0,1.2407970428466797,0.43008553981781006,0.7031141519546509,0.0147134093567729,213
individual,8,carpet,36,1400,0.018075985834002495,0.01907927170395851,-1.4727379083633423,0.008161485195159912,-35.06674575805664,-7.0,7.0,1.2289403676986694,0.3988751173019409,0.7367901802062988,0.010449652560055256,214
individual,8,carpet,37,1400,0.024948928505182266,0.026746181771159172,-1.494779109954834,0.0081532783806324,-37.317466735839844,-7.0,7.0,1.1997026205062866,0.41326865553855896,0.7068811655044556,0.007201268803328276,215
individual,8,carpet,38,1400,0.029518578201532364,0.02590840496122837,-1.5332896709442139,0.008145079016685486,-36.11927032470703,-7.0,7.0,1.2991628646850586,0.3240950405597687,0.8133072853088379,-0.058082401752471924,216
individual,8,carpet,39,1400,0.022612620145082474,0.02324175089597702,-1.5348315238952637,0.008136888034641743,-18.683425903320312,-7.0,7.0,1.1223617792129517,0.42838552594184875,1.0146232843399048,-0.08593839406967163,217
individual,8,carpet,40,1400,0.04387827217578888,0.04602016508579254,-1.608039379119873,0.008128705434501171,-17.43669891357422,-7.0,7.0,1.2484204769134521,0.4320918321609497,0.9697415232658386,-0.05873211845755577,218
individual,8,carpet,41,1400,0.0137675441801548,0.0157004501670599,-1.525797963142395,0.008120531216263771,-20.478992462158203,-7.0,7.0,1.1848855018615723,0.4309401512145996,0.9882365465164185,-0.08923888951539993,219
individual,8,carpet,42,1400,0.024410223588347435,0.02439509890973568,-1.5125397443771362,0.008112364448606968,-15.273332595825195,-7.0,7.0,1.1562728881835938,0.3697701394557953,1.0521265268325806,-0.13327226042747498,220
individual,8,carpet,43,1400,0.03741580620408058,0.037044599652290344,-1.4427409172058105,0.008104206994175911,-18.304523468017578,-7.0,7.0,1.2062907218933105,0.3976711332798004,1.0871831178665161,-0.178120419383049,221
individual,8,carpet,44,1400,0.024060089141130447,0.02737497352063656,-1.5008606910705566,0.008096056990325451,-7.2512526512146,-7.0,7.0,1.2436785697937012,0.40908434987068176,1.2102687358856201,-0.2070178985595703,222
individual,8,carpet,45,1400,0.034659553319215775,0.03631779924035072,-1.4820446968078613,0.008087915368378162,-14.86214828491211,-7.0,7.0,1.2142244577407837,0.44482338428497314,1.130821943283081,-0.27028724551200867,223
individual,8,carpet,46,1400,0.02264050953090191,0.02006600610911846,-1.600698709487915,0.008079782128334045,-19.55105209350586,-7.0,7.0,1.2887139320373535,0.3168281316757202,1.017797589302063,-0.2072555273771286,224
individual,8,carpet,47,1400,0.0322236567735672,0.031573161482810974,-1.7185649871826172,0.0080716572701931,-24.035140991210938,-7.0,7.0,1.4340466260910034,0.36346104741096497,0.9971814751625061,-0.2523934841156006,225
individual,8,carpet,48,1400,0.019567517563700676,0.022539004683494568,-1.6932692527770996,0.008063539862632751,-14.451512336730957,-7.0,7.0,1.3737764358520508,0.37020787596702576,1.0886727571487427,-0.281141996383667,226
individual,8,carpet,49,1400,0.02840547449886799,0.029643461108207703,-1.6618664264678955,0.008055434562265873,-19.431865692138672,-7.0,7.0,1.2955219745635986,0.34622329473495483,1.0690487623214722,-0.3106188178062439,227
individual,8,carpet,50,1400,0.013384884223341942,0.016107410192489624,-1.6633954048156738,0.008047337643802166,-7.608941555023193,-7.0,7.0,1.149368166923523,0.3145393133163452,1.2697380781173706,-0.3515267074108124,228
population,8,carpet,1,1400,0.040534794330596924,0.035477932542562485,-1.4247111082077026,0.008366243913769722,-24.90020179748535,-7.0,7.0,0.9878756403923035,0.33109983801841736,1.0163060426712036,-0.41613683104515076,179
population,8,carpet,2,1400,0.04225018620491028,0.026808401569724083,-1.4128941297531128,0.00835840031504631,-29.91353416442871,-7.0,7.0,1.162092924118042,0.28321895003318787,0.8495880961418152,-0.36214444041252136,180
population,8,carpet,3,1400,0.026293475180864334,0.01930057816207409,-1.297143816947937,0.008350508287549019,-21.601280212402344,-7.0,7.0,0.9890056252479553,0.3177646994590759,0.9475494027137756,-0.42119356989860535,181
population,8,carpet,4,1400,0.038872022181749344,0.028028354048728943,-1.2434152364730835,0.00834257248789072,-31.76094627380371,-7.0,7.0,1.087319254875183,0.36779913306236267,0.826647937297821,-0.37291786074638367,182
population,8,carpet,5,1400,0.046639762818813324,0.04013292118906975,-1.1108570098876953,0.008334600366652012,-31.870031356811523,-7.0,7.0,1.100530743598938,0.3509392738342285,0.761597216129303,-0.34181737899780273,183
population,8,carpet,6,1400,0.06318652629852295,0.048664066940546036,-1.1819343566894531,0.008326596580445766,-24.65161895751953,-7.0,7.0,1.080247163772583,0.42056897282600403,0.9069697260856628,-0.40894514322280884,184
population,8,carpet,7,1400,0.05297062546014786,0.03856615722179413,-1.1535742282867432,0.008318563923239708,-30.869909286499023,-7.0,7.0,1.0542082786560059,0.3845246434211731,0.8260172605514526,-0.37036511301994324,185
population,8,carpet,8,1400,0.03265595808625221,0.02567504346370697,-1.253806471824646,0.008310504257678986,-28.577333450317383,-7.0,7.0,1.0550568103790283,0.3625456392765045,0.8278090357780457,-0.36684662103652954,186
population,8,carpet,9,1400,0.031469788402318954,0.027579866349697113,-1.317716360092163,0.008302424103021622,-27.57197380065918,-7.0,7.0,1.0700814723968506,0.4000414311885834,0.8918879628181458,-0.3870827555656433,187
population,8,carpet,10,1400,0.047000396996736526,0.03837910667061806,-1.4102121591567993,0.008294323459267616,-23.731624603271484,-7.0,7.0,1.0576503276824951,0.33292967081069946,0.9350146651268005,-0.3887428343296051,188
population,8,carpet,11,1400,0.04704532399773598,0.03615853935480118,-1.3937160968780518,0.008286207914352417,-26.729280471801758,-7.0,7.0,1.0629416704177856,0.40536436438560486,0.8839722275733948,-0.3477489650249481,189
population,8,carpet,12,1400,0.03553163260221481,0.025004221126437187,-1.2942190170288086,0.008278080262243748,-27.590755462646484,-7.0,7.0,1.0749902725219727,0.37560445070266724,0.8665094375610352,-0.3230259418487549,190
population,8,carpet,13,1400,0.03258318826556206,0.023566020652651787,-1.2785046100616455,0.008269941434264183,-18.318544387817383,-7.0,7.0,1.0714422464370728,0.32213157415390015,1.0255147218704224,-0.3675517141819,191
population,8,carpet,14,1400,0.0314984992146492,0.02426311746239662,-1.207627296447754,0.008261794224381447,-16.344959259033203,-7.0,7.0,0.9564138650894165,0.44861727952957153,0.9918323159217834,-0.3403852581977844,192
population,8,carpet,15,1400,0.028816984966397285,0.028344888240098953,-1.2705230712890625,0.008253639563918114,-27.153852462768555,-7.0,7.0,1.0898280143737793,0.4138515293598175,0.8380184173583984,-0.2740939259529114,193
population,8,carpet,16,1400,0.05014332756400108,0.033864762634038925,-1.2129547595977783,0.008245477452874184,-22.374568939208984,-7.0,7.0,1.1374704837799072,0.39883869886398315,0.9696749448776245,-0.30815935134887695,194
population,8,carpet,17,1400,0.037833500653505325,0.021352142095565796,-1.2522380352020264,0.00823731068521738,-9.543134689331055,-7.0,7.0,1.0961471796035767,0.3945544362068176,1.1386194229125977,-0.3517482876777649,195
population,8,carpet,18,1400,0.02417932264506817,0.02090350165963173,-1.363189935684204,0.008230793289840221,4.94820499420166,-7.0,7.0,0.9397539496421814,0.31183525919914246,1.379557728767395,-0.4118085503578186,196
population,8,carpet,19,1400,0.03655307739973068,0.036136358976364136,-1.4829442501068115,0.008224115706980228,-4.735865592956543,-7.0,7.0,1.0921281576156616,0.3714640438556671,1.2305901050567627,-0.34475255012512207,197
population,8,carpet,20,1400,0.046491846442222595,0.04076911509037018,-1.4818177223205566,0.00821734219789505,-4.464885234832764,-7.0,7.0,1.0617245435714722,0.43042755126953125,1.2446348667144775,-0.3297841548919678,198
population,8,carpet,21,1400,0.04539748281240463,0.03132754564285278,-1.3293365240097046,0.008210425265133381,-13.202105522155762,-7.0,7.0,0.9320448637008667,0.3610313832759857,1.1817513704299927,-0.29542431235313416,199
population,8,carpet,22,1400,0.039000313729047775,0.04644753038883209,-1.2802478075027466,0.008203381672501564,-19.84355926513672,-7.0,7.0,1.1343891620635986,0.43246281147003174,1.0306620597839355,-0.24203160405158997,200
population,8,carpet,23,1400,0.0486193411052227,0.0456518679857254,-1.3851521015167236,0.008196222595870495,-7.617258548736572,-7.0,7.0,1.178000569343567,0.34340691566467285,1.3069486618041992,-0.30806586146354675,201
population,8,carpet,24,1400,0.05634012818336487,0.053918976336717606,-1.4039546251296997,0.008188963867723942,-8.887283325195312,-7.0,7.0,1.1807186603546143,0.42449402809143066,1.3297388553619385,-0.30629652738571167,202
population,8,carpet,25,1400,0.02096748724579811,0.0153240030631423,-1.485539436340332,0.008181614801287651,-7.75663423538208,-7.0,7.0,1.1620129346847534,0.37580567598342896,1.335505485534668,-0.2990410029888153,203
population,8,carpet,26,1400,0.01666366122663021,0.015078973025083542,-1.5390983819961548,0.00817582756280899,5.319750785827637,-7.0,7.0,1.0232295989990234,0.3731459677219391,1.5774177312850952,-0.3672381341457367,204
population,8,carpet,27,1400,0.025800008326768875,0.028005095198750496,-1.6436047554016113,0.008169801905751228,-10.452325820922852,-7.0,7.0,1.1784504652023315,0.3300797641277313,1.2723324298858643,-0.2794414162635803,205
population,8,carpet,28,1400,0.020831098780035973,0.019688794389367104,-1.6711704730987549,0.008165203034877777,21.867624282836914,-7.0,7.0,1.1543916463851929,0.4208645522594452,1.8039438724517822,-0.4527133107185364,206
population,8,carpet,29,1400,0.027268972247838974,0.021845802664756775,-1.7143216133117676,0.008161886595189571,6.773283004760742,-7.0,7.0,1.404890775680542,0.3910087049007416,1.5662583112716675,-0.4082414209842682,207
population,8,carpet,30,1400,0.047794584184885025,0.036314744502305984,-1.6805387735366821,0.008159722201526165,11.228208541870117,-7.0,7.0,1.1922460794448853,0.34184736013412476,1.663015365600586,-0.4473881721496582,208
population,8,carpet,31,1400,0.028293337672948837,0.02396853081882,-1.6054625511169434,0.008158594369888306,14.818815231323242,-7.0,7.0,1.217586636543274,0.3839695155620575,1.6601754426956177,-0.4437979757785797,209
population,8,carpet,32,1400,0.04206761717796326,0.03148747235536575,-1.5435078144073486,0.008158399723470211,15.110766410827637,-7.0,7.0,1.153249740600586,0.4262130558490753,1.7409086227416992,-0.49401041865348816,210
population,8,carpet,33,1400,0.024588692933321,0.019289493560791016,-1.5543352365493774,0.00815813522785902,-0.507098913192749,-7.0,7.0,1.2420189380645752,0.3910321593284607,1.4949747323989868,-0.4340256154537201,211
population,8,carpet,34,1400,0.03209684044122696,0.03009898215532303,-1.638648271560669,0.008158722892403603,10.728615760803223,-7.0,7.0,1.1557573080062866,0.36820340156555176,1.6872062683105469,-0.5398110151290894,212
population,8,carpet,35,1400,0.020066052675247192,0.01944064348936081,-1.5411020517349243,0.00816007237881422,15.71500015258789,-7.0,7.0,1.1042094230651855,0.40173134207725525,1.7009187936782837,-0.5543050169944763,213
population,8,carpet,36,1400,0.024015091359615326,0.01892850734293461,-1.619978427886963,0.00816210824996233,16.2479305267334,-7.0,7.0,1.093843936920166,0.3437771797180176,1.8070420026779175,-0.6181862950325012,214
population,8,carpet,37,1400,0.026636138558387756,0.022664176300168037,-1.5810116529464722,0.008164762519299984,16.08977699279785,-7.0,7.0,1.1424005031585693,0.3551552891731262,1.6969770193099976,-0.5995326638221741,215
population,8,carpet,38,1400,0.015592225827276707,0.01354452595114708,-1.600643515586853,0.008167975582182407,6.711284637451172,-7.0,7.0,1.1962180137634277,0.36635807156562805,1.5629676580429077,-0.5907472372055054,216
population,8,carpet,39,1400,0.013490208424627781,0.012176357209682465,-1.613279104232788,0.008170604705810547,-1.5782731771469116,-7.0,7.0,1.2735425233840942,0.34111297130584717,1.4304732084274292,-0.5412881970405579,217
population,8,carpet,40,1400,0.023547474294900894,0.022762013599276543,-1.638838291168213,0.008172147907316685,-10.388313293457031,-7.0,7.0,1.346317172050476,0.40956854820251465,1.362458348274231,-0.5485584735870361,218
population,8,carpet,41,1400,0.032026197761297226,0.02908228151500225,-1.615578532218933,0.008173671551048756,0.766621470451355,-7.0,7.0,1.1844818592071533,0.48035305738449097,1.5299034118652344,-0.6077181696891785,219
population,8,carpet,42,1400,0.04027443751692772,0.036764923483133316,-1.6550487279891968,0.008174213580787182,-6.56350564956665,-7.0,7.0,1.279130220413208,0.4080847203731537,1.3641220331192017,-0.5525664687156677,220
population,8,carpet,43,1400,0.01683458685874939,0.014810132794082165,-1.7581067085266113,0.008173874579370022,-6.66126823425293,-7.0,7.0,1.3510971069335938,0.3463432788848877,1.3561278581619263,-0.5965732336044312,221
population,8,carpet,44,1400,0.02367803081870079,0.02230687625706196,-1.7448259592056274,0.008172993548214436,-3.3564884662628174,-7.0,7.0,1.283764123916626,0.3478575348854065,1.392816424369812,-0.5955479741096497,222
population,8,carpet,45,1400,0.02102946862578392,0.01649640128016472,-1.6446106433868408,0.008171719498932362,-2.7813329696655273,-7.0,7.0,1.165377140045166,0.33173632621765137,1.4098193645477295,-0.5924656987190247,223
population,8,carpet,46,1400,0.02562737464904785,0.023770272731781006,-1.6584409475326538,0.008171399123966694,7.6091532707214355,-7.0,7.0,1.3408907651901245,0.4013994336128235,1.5469071865081787,-0.6744830012321472,224
population,8,carpet,47,1400,0.019469114020466805,0.02048836275935173,-1.5806864500045776,0.00817194115370512,12.229351997375488,-7.0,7.0,1.23939049243927,0.35094305872917175,1.5305720567703247,-0.6744450926780701,225
population,8,carpet,48,1400,0.01930307410657406,0.02059299126267433,-1.6445423364639282,0.00817272812128067,1.729008674621582,-7.0,7.0,1.3686552047729492,0.36560600996017456,1.5053167343139648,-0.6258322596549988,226
population,8,carpet,49,1400,0.021550606936216354,0.018660958856344223,-1.7038278579711914,0.008173157460987568,-1.6394749879837036,-7.0,7.0,1.32253897190094,0.42932745814323425,1.4339536428451538,-0.61565762758255,227
population,8,carpet,50,1400,0.02462015487253666,0.020329099148511887,-1.7010126113891602,0.008174372836947441,6.476828098297119,-7.0,7.0,1.2958027124404907,0.36731430888175964,1.4922666549682617,-0.6222161650657654,228
individual,9,carpet,1,1575,0.034970473498106,0.03490368276834488,-1.6225006580352783,0.00803924910724163,-10.677453994750977,-7.0,7.0,1.2369136810302734,0.3841944932937622,1.13746178150177,-0.34860190749168396,229
individual,9,carpet,2,1575,0.055573880672454834,0.050268352031707764,-1.625757098197937,0.008031168952584267,-20.079771041870117,-7.0,7.0,1.342849850654602,0.4300505220890045,1.0466605424880981,-0.3669497072696686,230
individual,9,carpet,3,1575,0.054971836507320404,0.05320879444479942,-1.6175265312194824,0.0080230962485075,-14.511758804321289,-7.0,7.0,1.4394537210464478,0.44603171944618225,1.1337494850158691,-0.41302767395973206,231
individual,9,carpet,4,1575,0.06018701568245888,0.05142521858215332,-1.6387474536895752,0.008015031926333904,-32.10019302368164,-7.0,7.0,1.3798567056655884,0.43020880222320557,0.8090546727180481,-0.2698444426059723,232
individual,9,carpet,5,1575,0.0392439179122448,0.039276912808418274,-1.5839874744415283,0.00800697598606348,-25.45819091796875,-7.0,7.0,1.3586276769638062,0.4316490590572357,0.9625827670097351,-0.3091793358325958,233
individual,9,carpet,6,1575,0.039325810968875885,0.03526727855205536,-1.6367290019989014,0.007998927496373653,-25.558218002319336,-7.0,7.0,1.2825592756271362,0.3642440438270569,0.923353374004364,-0.30435678362846375,234
individual,9,carpet,7,1575,0.04433546960353851,0.03865869343280792,-1.5903434753417969,0.007990887388586998,-20.468929290771484,-7.0,7.0,1.4336702823638916,0.4234492778778076,1.036101222038269,-0.36104920506477356,235
individual,9,carpet,8,1575,0.03417600691318512,0.03433995693922043,-1.6187912225723267,0.007982855662703514,-32.93046188354492,-7.0,7.0,1.4195433855056763,0.3726414740085602,0.8387667536735535,-0.27436181902885437,236
individual,9,carpet,9,1575,0.04329454526305199,0.042798399925231934,-1.65690016746521,0.007974831387400627,-31.539701461791992,-7.0,7.0,1.291440486907959,0.36113208532333374,0.8835358619689941,-0.2796086370944977,237
individual,9,carpet,10,1575,0.017527395859360695,0.016061270609498024,-1.6719735860824585,0.007966815494000912,-34.63304901123047,-7.0,7.0,1.4563813209533691,0.3417379856109619,0.8054010272026062,-0.24894104897975922,238
individual,9,carpet,11,1575,0.02505505457520485,0.021979348734021187,-1.631576657295227,0.007958807982504368,-27.644779205322266,-7.0,7.0,1.3393795490264893,0.3310007154941559,0.9090439677238464,-0.27085942029953003,239
individual,9,carpet,12,1575,0.029056815430521965,0.025944635272026062,-1.6479856967926025,0.007950807921588421,-29.17892837524414,-7.0,7.0,1.3999766111373901,0.3799619674682617,0.8628649115562439,-0.2668001353740692,240
individual,9,carpet,13,1575,0.023217324167490005,0.024473659694194794,-1.6257784366607666,0.007942816242575645,-27.846038818359375,-7.0,7.0,1.502260684967041,0.4118557274341583,0.9434061646461487,-0.29215773940086365,241
individual,9,carpet,14,1575,0.03162417933344841,0.02813138999044895,-1.6365548372268677,0.007934832945466042,-29.455617904663086,-7.0,7.0,1.5087846517562866,0.38638487458229065,0.9164600372314453,-0.2854756712913513,242
individual,9,carpet,15,1575,0.034289777278900146,0.032205864787101746,-1.661534070968628,0.007926857098937035,-27.1915340423584,-7.0,7.0,1.4908384084701538,0.3658079504966736,0.9223163723945618,-0.27490946650505066,243
individual,9,carpet,16,1575,0.033043697476387024,0.028866754844784737,-1.7163923978805542,0.0079188896343112,-37.070037841796875,-7.0,7.0,1.5625420808792114,0.3611595034599304,0.7246901392936707,-0.21945571899414062,244
individual,9,carpet,17,1575,0.03679666295647621,0.034887004643678665,-1.6720603704452515,0.00791093334555626,-30.68827247619629,-7.0,7.0,1.4484456777572632,0.41346633434295654,0.853702962398529,-0.2419101893901825,245
individual,9,carpet,18,1575,0.03233516216278076,0.028346873819828033,-1.7341431379318237,0.00790298543870449,-32.01443099975586,-7.0,7.0,1.4963452816009521,0.4030090868473053,0.9335593581199646,-0.27354922890663147,246
individual,9,carpet,19,1575,0.0406649112701416,0.03645063191652298,-1.725243330001831,0.007895045913755894,-37.498146057128906,-7.0,7.0,1.5458422899246216,0.2864893078804016,0.8106783032417297,-0.23510165512561798,247
individual,9,carpet,20,1575,0.038971152156591415,0.03406332805752754,-1.7054823637008667,0.007887113839387894,-37.23819351196289,-7.0,7.0,1.4952408075332642,0.32761427760124207,0.7204036712646484,-0.21554222702980042,248
individual,9,carpet,21,1575,0.015752941370010376,0.017150625586509705,-1.7367405891418457,0.007879190146923065,-18.317562103271484,-7.0,7.0,1.4501075744628906,0.3413676619529724,1.0670504570007324,-0.31000927090644836,249
individual,9,carpet,22,1575,0.03435342013835907,0.034224800765514374,-1.691397786140442,0.007871273905038834,-30.867557525634766,-7.0,7.0,1.3881757259368896,0.34508517384529114,0.8737593293190002,-0.24929693341255188,250
individual,9,carpet,23,1575,0.023727890104055405,0.023070812225341797,-1.7160331010818481,0.007863366045057774,-23.24584197998047,-7.0,7.0,1.4346349239349365,0.362368106842041,0.9363159537315369,-0.2779735326766968,251
individual,9,carpet,24,1575,0.022873103618621826,0.020314853638410568,-1.6937923431396484,0.00785546563565731,-28.769744873046875,-7.0,7.0,1.4651294946670532,0.32251203060150146,0.8081395030021667,-0.2374812662601471,252
individual,9,carpet,25,1575,0.02648470550775528,0.026288311928510666,-1.6500521898269653,0.007847573608160019,-26.071945190429688,-7.0,7.0,1.4439551830291748,0.3329329490661621,0.9352793097496033,-0.26586011052131653,253
individual,9,carpet,26,1575,0.0524413138628006,0.05094773322343826,-1.73468017578125,0.007839689962565899,-26.10226058959961,-7.0,7.0,1.4640697240829468,0.44604870676994324,0.9087087512016296,-0.26326730847358704,254
individual,9,carpet,27,1575,0.02548636868596077,0.02397291734814644,-1.7391606569290161,0.007831812836229801,-30.013965606689453,-7.0,7.0,1.4771733283996582,0.40608203411102295,0.853449821472168,-0.24951304495334625,255
individual,9,carpet,28,1575,0.03036782145500183,0.027478277683258057,-1.8595858812332153,0.00782394502311945,-34.964691162109375,-7.0,7.0,1.600599765777588,0.36267003417015076,0.8164460062980652,-0.24129323661327362,256
individual,9,carpet,29,1575,0.03407605364918709,0.03171514347195625,-1.8803911209106445,0.007816084660589695,-32.88447570800781,-7.0,7.0,1.5161868333816528,0.35816967487335205,0.8045664429664612,-0.24359090626239777,257
individual,9,carpet,30,1575,0.044682033360004425,0.04313856363296509,-1.8726717233657837,0.007808231748640537,-31.5081729888916,-7.0,7.0,1.4480310678482056,0.3726772367954254,0.8043485283851624,-0.240126833319664,258
individual,9,carpet,31,1575,0.03371113911271095,0.03089841455221176,-1.785118818283081,0.007800387218594551,-38.55167007446289,-7.0,7.0,1.635671615600586,0.29428666830062866,0.6669836640357971,-0.2020820528268814,259
individual,9,carpet,32,1575,0.028522711247205734,0.02950809709727764,-1.6472185850143433,0.007792550604790449,-31.235353469848633,-7.0,7.0,1.520129919052124,0.37324362993240356,0.8001593947410583,-0.23673275113105774,260
individual,9,carpet,33,1575,0.03762984275817871,0.035817764699459076,-1.6247278451919556,0.007784721441566944,-29.116756439208984,-7.0,7.0,1.511917233467102,0.408130943775177,0.7912772297859192,-0.234822615981102,261
individual,9,carpet,34,1575,0.020195957273244858,0.01759907230734825,-1.6718655824661255,0.007776900194585323,-39.23325729370117,-7.0,7.0,1.5372697114944458,0.3717665374279022,0.7187455296516418,-0.21129250526428223,262
individual,9,carpet,35,1575,0.024023540318012238,0.020093902945518494,-1.8263736963272095,0.007769087329506874,-34.91009521484375,-7.0,7.0,1.5983247756958008,0.3935213088989258,0.7136379480361938,-0.20795360207557678,263
individual,9,carpet,36,1575,0.025025291368365288,0.023259757086634636,-1.8615373373031616,0.007761281915009022,-33.14501953125,-7.0,7.0,1.5637108087539673,0.43329206109046936,0.7718181014060974,-0.21665112674236298,264
individual,9,carpet,37,1575,0.03596590831875801,0.03804688900709152,-1.9542142152786255,0.007753488142043352,-40.17375183105469,-7.0,7.0,1.6591310501098633,0.39601773023605347,0.6779385805130005,-0.18806998431682587,265
individual,9,carpet,38,1575,0.020787592977285385,0.02066200226545334,-1.9108340740203857,0.007745702285319567,-34.225852966308594,-7.0,7.0,1.5838011503219604,0.38660603761672974,0.7751755118370056,-0.21516536176204681,266
individual,9,carpet,39,1575,0.02368626929819584,0.02254205383360386,-1.8302990198135376,0.007737923879176378,-38.928565979003906,-7.0,7.0,1.5776057243347168,0.3700349032878876,0.702375590801239,-0.19628868997097015,267
individual,9,carpet,40,1575,0.018285248428583145,0.0193135067820549,-1.7945367097854614,0.007730153389275074,-33.913536071777344,-7.0,7.0,1.4229562282562256,0.39826634526252747,0.8097612261772156,-0.22067055106163025,268
individual,9,carpet,41,1575,0.03160792589187622,0.03433649241924286,-1.8290135860443115,0.007722390815615654,-39.09959411621094,-7.0,7.0,1.620222568511963,0.41054970026016235,0.6869406700134277,-0.1916625201702118,269
individual,9,carpet,42,1575,0.029016995802521706,0.02876056358218193,-1.7884080410003662,0.007714636158198118,-36.14527893066406,-7.0,7.0,1.511873722076416,0.3849058449268341,0.7222821116447449,-0.20268480479717255,270
individual,9,carpet,43,1575,0.03660401701927185,0.03595535829663277,-1.8388227224349976,0.007706889417022467,-32.155426025390625,-7.0,7.0,1.6368911266326904,0.4377211332321167,0.7868632674217224,-0.2266882359981537,271
individual,9,carpet,44,1575,0.02517903968691826,0.024838080629706383,-1.865190863609314,0.007699150126427412,-36.34423828125,-7.0,7.0,1.5332506895065308,0.37390968203544617,0.7538596987724304,-0.23144768178462982,272
individual,9,carpet,45,1575,0.026767466217279434,0.026633616536855698,-1.8711713552474976,0.007691418752074242,-29.528600692749023,-7.0,7.0,1.552607774734497,0.4588421881198883,0.8401756286621094,-0.26217931509017944,273
individual,9,carpet,46,1575,0.02170732617378235,0.02138577215373516,-2.007056474685669,0.007683694828301668,-26.621885299682617,-7.0,7.0,1.6472634077072144,0.3714196979999542,0.8073968887329102,-0.25937193632125854,274
individual,9,carpet,47,1575,0.013825654052197933,0.016059499233961105,-1.8994495868682861,0.007675979286432266,-30.034896850585938,-7.0,7.0,1.6044387817382812,0.34070026874542236,0.8312519788742065,-0.2548348605632782,275
individual,9,carpet,48,1575,0.014800624921917915,0.01486386638134718,-1.8393946886062622,0.007668270729482174,-26.12990951538086,-7.0,7.0,1.4935916662216187,0.3304992616176605,0.897311806678772,-0.27984562516212463,276
individual,9,carpet,49,1575,0.022269245237112045,0.025988882407546043,-1.8225719928741455,0.007660570554435253,-20.364727020263672,-7.0,7.0,1.5942659378051758,0.3397503197193146,0.8950124382972717,-0.2841632068157196,277
individual,9,carpet,50,1575,0.030359238386154175,0.0319753997027874,-1.8686513900756836,0.007652877829968929,-17.960124969482422,-7.0,7.0,1.6508612632751465,0.40543845295906067,0.9813500642776489,-0.3179265856742859,278
population,9,carpet,1,1575,0.042125143110752106,0.042849134653806686,-1.7951200008392334,0.008175382390618324,-0.5052922368049622,-7.0,7.0,1.3446505069732666,0.28089433908462524,1.4607967138290405,-0.579529881477356,229
population,9,carpet,2,1575,0.0631689727306366,0.05741505324840546,-1.8311693668365479,0.008176833391189575,3.0932188034057617,-7.0,7.0,1.380220651626587,0.3746277689933777,1.482761025428772,-0.6152130365371704,230
population,9,carpet,3,1575,0.04495208337903023,0.04659193009138107,-1.5669639110565186,0.008178272284567356,0.7625703811645508,-7.0,7.0,1.2238924503326416,0.4180130362510681,1.4911237955093384,-0.5974351167678833,231
population,9,carpet,4,1575,0.04967150837182999,0.04436994343996048,-1.5671918392181396,0.008179504424333572,-0.3798564672470093,-7.0,7.0,1.3250138759613037,0.40048715472221375,1.5063667297363281,-0.5809415578842163,232
population,9,carpet,5,1575,0.04310109093785286,0.04770978167653084,-1.5762269496917725,0.008181438781321049,4.713458061218262,-7.0,7.0,1.4050740003585815,0.44481518864631653,1.4538947343826294,-0.5580240488052368,233
population,9,carpet,6,1575,0.058728091418743134,0.0580596961081028,-1.6918530464172363,0.008182340301573277,-6.266246795654297,-7.0,7.0,1.4476661682128906,0.43977439403533936,1.4013596773147583,-0.5280574560165405,234
population,9,carpet,7,1575,0.021151594817638397,0.022978205233812332,-1.7193794250488281,0.00818230863660574,-5.4574456214904785,-7.0,7.0,1.3138298988342285,0.45330119132995605,1.437248945236206,-0.5202031135559082,235
population,9,carpet,8,1575,0.05717930942773819,0.05662068724632263,-1.8242536783218384,0.008181442506611347,-12.303311347961426,-7.0,7.0,1.3563628196716309,0.3568221926689148,1.373753309249878,-0.4830596446990967,236
population,9,carpet,9,1575,0.023322327062487602,0.022448908537626266,-1.7210686206817627,0.008179820142686367,-15.988608360290527,-7.0,7.0,1.3966349363327026,0.36087656021118164,1.2737833261489868,-0.4526779055595398,237
population,9,carpet,10,1575,0.017497137188911438,0.01985449343919754,-1.6584581136703491,0.008177523501217365,-18.726591110229492,-7.0,7.0,1.3820933103561401,0.39783400297164917,1.216683268547058,-0.41582605242729187,238
population,9,carpet,11,1575,0.034775204956531525,0.03183552995324135,-1.5853679180145264,0.008174614980816841,-27.333621978759766,-7.0,7.0,1.456173300743103,0.35947686433792114,1.1129010915756226,-0.38156160712242126,239
population,9,carpet,12,1575,0.03577243536710739,0.03012956492602825,-1.4795105457305908,0.008171161636710167,-27.551509857177734,-7.0,7.0,1.3757710456848145,0.32999691367149353,1.0347692966461182,-0.3449203372001648,240
population,9,carpet,13,1575,0.05567994713783264,0.05255068838596344,-1.5381273031234741,0.008167215622961521,-29.075010299682617,-7.0,7.0,1.4032294750213623,0.38980624079704285,1.0058190822601318,-0.3225646913051605,241
population,9,carpet,14,1575,0.03531242161989212,0.034722570329904556,-1.6432642936706543,0.008162828162312508,-33.34173583984375,-7.0,7.0,1.459550380706787,0.3660799264907837,0.9253545999526978,-0.2949252426624298,242
population,9,carpet,15,1575,0.046625398099422455,0.041583240032196045,-1.785310983657837,0.008158045820891857,-34.867332458496094,-7.0,7.0,1.4901763200759888,0.3514856994152069,0.8638473749160767,-0.26593050360679626,243
population,9,carpet,16,1575,0.02663770318031311,0.023968558758497238,-1.7196372747421265,0.008152908645570278,-35.93754577636719,-7.0,7.0,1.3935203552246094,0.3803889751434326,0.811225414276123,-0.24131707847118378,244
population,9,carpet,17,1575,0.04775046557188034,0.046037085354328156,-1.8028044700622559,0.008147452026605606,-37.43305969238281,-7.0,7.0,1.4267299175262451,0.3614685833454132,0.8110336065292358,-0.24464896321296692,245
population,9,carpet,18,1575,0.021788813173770905,0.02260863035917282,-1.6718225479125977,0.008141708560287952,-38.96342086791992,-7.0,7.0,1.3894429206848145,0.3653239607810974,0.7860330939292908,-0.2316429615020752,246
population,9,carpet,19,1575,0.052516475319862366,0.04828612878918648,-1.5965594053268433,0.00813570898026228,-38.325714111328125,-7.0,7.0,1.5270296335220337,0.42854127287864685,0.7801161408424377,-0.2303626984357834,247
population,9,carpet,20,1575,0.07331349700689316,0.06921044737100601,-1.634387731552124,0.008129480294883251,-37.33443069458008,-7.0,7.0,1.6481525897979736,0.3459530770778656,0.773199200630188,-0.23281683027744293,248
population,9,carpet,21,1575,0.02465604990720749,0.024458829313516617,-1.6891279220581055,0.008123043924570084,-38.409156799316406,-7.0,7.0,1.4783490896224976,0.3195662498474121,0.7913831472396851,-0.23052886128425598,249
population,9,carpet,22,1575,0.03792862966656685,0.03436065465211868,-1.7848182916641235,0.008116427809000015,-31.02273941040039,-7.0,7.0,1.4102002382278442,0.4396471381187439,0.892725944519043,-0.24547222256660461,250
population,9,carpet,23,1575,0.03290025517344475,0.025985540822148323,-1.8203778266906738,0.008109645918011665,-35.106842041015625,-7.0,7.0,1.509946346282959,0.40054595470428467,0.8149390816688538,-0.24721503257751465,251
population,9,carpet,24,1575,0.03435811027884483,0.03038793057203293,-1.877881646156311,0.008102715015411377,-31.02745819091797,-7.0,7.0,1.6805555820465088,0.31436753273010254,0.8407626748085022,-0.26193541288375854,252
population,9,carpet,25,1575,0.01837940886616707,0.017575329169631004,-1.8333038091659546,0.008095655590295792,-24.945701599121094,-7.0,7.0,1.5737764835357666,0.41212591528892517,0.9109079241752625,-0.2813360095024109,253
population,9,carpet,26,1575,0.02680179849267006,0.0266901683062315,-1.7648032903671265,0.008088478818535805,-24.760784149169922,-7.0,7.0,1.5107767581939697,0.4549109935760498,0.93954998254776,-0.28839483857154846,254
population,9,carpet,27,1575,0.03557286038994789,0.03440432995557785,-1.766431212425232,0.008081195876002312,-25.203737258911133,-7.0,7.0,1.6005858182907104,0.3532816171646118,0.9071038365364075,-0.30553776025772095,255
population,9,carpet,28,1575,0.01566007174551487,0.013271909207105637,-1.7768014669418335,0.008073820732533932,-13.785531044006348,-7.0,7.0,1.5341289043426514,0.3564773499965668,0.9935086369514465,-0.3212132155895233,256
population,9,carpet,29,1575,0.019442932680249214,0.018271554261446,-1.814384937286377,0.008066362701356411,-24.274391174316406,-7.0,7.0,1.6471110582351685,0.39412549138069153,0.9718894958496094,-0.3325686752796173,257
population,9,carpet,30,1575,0.030752070248126984,0.03085370734333992,-1.8131468296051025,0.008058831095695496,-16.50594139099121,-7.0,7.0,1.6654236316680908,0.3899252116680145,1.0297266244888306,-0.36601677536964417,258
population,9,carpet,31,1575,0.03425106406211853,0.030855558812618256,-1.8974062204360962,0.008051233366131783,-18.84933853149414,-7.0,7.0,1.6993578672409058,0.4126771092414856,1.0204136371612549,-0.3550559878349304,259
population,9,carpet,32,1575,0.031687404960393906,0.028921788558363914,-1.9431791305541992,0.008043578825891018,-13.844307899475098,-7.0,7.0,1.5600001811981201,0.4134140908718109,1.088035225868225,-0.36823877692222595,260
population,9,carpet,33,1575,0.028882915154099464,0.025822721421718597,-1.8850781917572021,0.00803587306290865,-17.14502716064453,-7.0,7.0,1.6443145275115967,0.38857367634773254,1.0219719409942627,-0.3663887679576874,261
population,9,carpet,34,1575,0.01952800340950489,0.016726957634091377,-1.8249911069869995,0.008028124459087849,-23.867877960205078,-7.0,7.0,1.5590102672576904,0.39028459787368774,0.9488199949264526,-0.35435885190963745,262
population,9,carpet,35,1575,0.027853824198246002,0.024670632556080818,-1.8110138177871704,0.008020334877073765,-22.367740631103516,-7.0,7.0,1.5694184303283691,0.3889351785182953,0.9999241828918457,-0.37320780754089355,263
population,9,carpet,36,1575,0.022071048617362976,0.020141899585723877,-1.8415344953536987,0.008012509904801846,-26.82268714904785,-7.0,7.0,1.6417882442474365,0.3753340244293213,0.9441539645195007,-0.3665819764137268,264
population,9,carpet,37,1575,0.026682259514927864,0.02573142573237419,-1.8041185140609741,0.008004657924175262,-8.845617294311523,-7.0,7.0,1.4252804517745972,0.5021184086799622,1.1492117643356323,-0.4150881767272949,265
population,9,carpet,38,1575,0.023071475327014923,0.019997572526335716,-1.858461618423462,0.00799677986651659,-23.119901657104492,-7.0,7.0,1.4933985471725464,0.4379745423793793,0.9459733366966248,-0.36803367733955383,266
population,9,carpet,39,1575,0.031196631491184235,0.03132756054401398,-1.893632411956787,0.007988879457116127,-21.480911254882812,-7.0,7.0,1.532623291015625,0.44745656847953796,0.9809133410453796,-0.3500242233276367,267
population,9,carpet,40,1575,0.01627589762210846,0.01655610091984272,-1.9105122089385986,0.007980959489941597,-29.533531188964844,-7.0,7.0,1.48971688747406,0.40177085995674133,0.9079224467277527,-0.35054507851600647,268
population,9,carpet,41,1575,0.04505891725420952,0.03930763900279999,-1.8320066928863525,0.00797302182763815,-29.006526947021484,-7.0,7.0,1.5435996055603027,0.47004157304763794,0.9213432669639587,-0.36132529377937317,269
population,9,carpet,42,1575,0.03877977281808853,0.04236055910587311,-1.7867752313613892,0.007965072058141232,-32.602535247802734,-7.0,7.0,1.6580417156219482,0.3610936403274536,0.7675492167472839,-0.3042907118797302,270
population,9,carpet,43,1575,0.02329641953110695,0.02244001254439354,-1.7163105010986328,0.00795710738748312,-28.121965408325195,-7.0,7.0,1.4785608053207397,0.419799268245697,0.8471976518630981,-0.3306288421154022,271
population,9,carpet,44,1575,0.03524860739707947,0.02845676988363266,-1.8427823781967163,0.007949136197566986,-29.879457473754883,-7.0,7.0,1.6101365089416504,0.3403785228729248,0.7917513251304626,-0.30773693323135376,272
population,9,carpet,45,1575,0.03237460181117058,0.029370252043008804,-1.844150424003601,0.007941157557070255,-36.05077362060547,-7.0,7.0,1.4973331689834595,0.46277129650115967,0.786591649055481,-0.31006377935409546,273
population,9,carpet,46,1575,0.028938952833414078,0.027925319969654083,-1.972109317779541,0.007933171465992928,-32.365631103515625,-7.0,7.0,1.6550745964050293,0.40968257188796997,0.7966938018798828,-0.3315960466861725,274
population,9,carpet,47,1575,0.04385073110461235,0.0416996031999588,-2.08638072013855,0.007925182580947876,-38.75453567504883,-7.0,7.0,1.7413910627365112,0.3924948275089264,0.7439452409744263,-0.31832456588745117,275
population,9,carpet,48,1575,0.01587231457233429,0.017417682334780693,-1.933006763458252,0.007917189970612526,-38.46389389038086,-7.0,7.0,1.6318867206573486,0.3609631657600403,0.7062377333641052,-0.30538874864578247,276
population,9,carpet,49,1575,0.027847932651638985,0.03114684857428074,-1.8736371994018555,0.007909194566309452,-35.8856315612793,-7.0,7.0,1.6263514757156372,0.342350035905838,0.7699918746948242,-0.32685619592666626,277
population,9,carpet,50,1575,0.032702647149562836,0.0348070003092289,-1.826991081237793,0.007901199162006378,-29.10361671447754,-7.0,7.0,1.5809903144836426,0.45952853560447693,0.8923444747924805,-0.3624972701072693,278
individual,10,carpet,1,1750,0.04539351537823677,0.04280390962958336,-1.9308857917785645,0.00764519302174449,-20.869802474975586,-7.0,7.0,1.6221905946731567,0.3682529032230377,0.939637303352356,-0.3178446292877197,279
individual,10,carpet,2,1750,0.014095891267061234,0.014802617020905018,-1.9385590553283691,0.007637515664100647,-17.25800895690918,-7.0,7.0,1.615676999092102,0.47676923871040344,1.0353353023529053,-0.3695931136608124,280
individual,10,carpet,3,1750,0.03747596964240074,0.03516070917248726,-1.9437587261199951,0.0076298462226986885,-23.146793365478516,-7.0,7.0,1.6865599155426025,0.4054839611053467,0.9579967856407166,-0.33741113543510437,281
individual,10,carpet,4,1750,0.03438258543610573,0.03185033053159714,-1.93672513961792,0.007622184231877327,-22.553937911987305,-7.0,7.0,1.5693801641464233,0.3147215247154236,1.0061454772949219,-0.3671136498451233,282
individual,10,carpet,5,1750,0.02631758525967598,0.028794482350349426,-1.9698399305343628,0.00761453015729785,-19.306106567382812,-7.0,7.0,1.6459568738937378,0.35592877864837646,1.0195320844650269,-0.37397831678390503,283
individual,10,carpet,6,1750,0.027043698355555534,0.028295744210481644,-1.8793460130691528,0.007606883533298969,-16.090227127075195,-7.0,7.0,1.7169243097305298,0.39830508828163147,1.0082740783691406,-0.38891690969467163,284
individual,10,carpet,7,1750,0.029598146677017212,0.032463569194078445,-1.9506406784057617,0.007599244825541973,-28.817541122436523,-7.0,7.0,1.759941816329956,0.31321191787719727,0.8742164373397827,-0.3386351764202118,285
individual,10,carpet,8,1750,0.023085711523890495,0.02135513164103031,-1.9123796224594116,0.007591614034026861,-22.992660522460938,-7.0,7.0,1.671605110168457,0.37339168787002563,0.9538578391075134,-0.3686664402484894,286
individual,10,carpet,9,1750,0.022247888147830963,0.023425225168466568,-1.9729819297790527,0.007583990693092346,-27.74964714050293,-7.0,7.0,1.6486310958862305,0.39976179599761963,1.0062658786773682,-0.3937070667743683,287
individual,10,carpet,10,1750,0.03380659595131874,0.03165107220411301,-1.9355801343917847,0.007576374802738428,-23.731853485107422,-7.0,7.0,1.803406000137329,0.3720569312572479,0.9670616984367371,-0.38210055232048035,288
individual,10,carpet,11,1750,0.03966818004846573,0.03872521594166756,-2.004516124725342,0.007568766362965107,-26.53205108642578,-7.0,7.0,1.8404302597045898,0.3689926862716675,0.9135371446609497,-0.36784225702285767,289
individual,10,carpet,12,1750,0.026233863085508347,0.025317640975117683,-2.026599168777466,0.0075611695647239685,-23.983083724975586,-7.0,7.0,1.8201866149902344,0.4096463918685913,0.878819465637207,-0.34952327609062195,290
individual,10,carpet,13,1750,0.023077342659235,0.020146498456597328,-2.051175594329834,0.007553580217063427,-23.301265716552734,-7.0,7.0,1.7430360317230225,0.3778935372829437,0.9361729025840759,-0.34225791692733765,291
individual,10,carpet,14,1750,0.028807945549488068,0.02587990090250969,-1.9896126985549927,0.00754599878564477,-31.112964630126953,-7.0,7.0,1.802779197692871,0.4058251976966858,0.820617139339447,-0.29821082949638367,292
individual,10,carpet,15,1750,0.030644651502370834,0.03369783237576485,-2.026453971862793,0.007538424804806709,-25.79375648498535,-7.0,7.0,1.7501091957092285,0.3625240623950958,0.8621331453323364,-0.30411189794540405,293
individual,10,carpet,16,1750,0.027767326682806015,0.03058677911758423,-1.9613316059112549,0.007530858274549246,-38.58859634399414,-7.0,7.0,1.7618175745010376,0.35289472341537476,0.7669395804405212,-0.2660600543022156,294
individual,10,carpet,17,1750,0.03143826872110367,0.025465110316872597,-1.9026892185211182,0.007523299660533667,-37.42137145996094,-7.0,7.0,1.767694354057312,0.3440209925174713,0.7671411633491516,-0.2619587182998657,295
individual,10,carpet,18,1750,0.03181987255811691,0.026800446212291718,-1.891051173210144,0.007515748031437397,-33.66967010498047,-7.0,7.0,1.7529833316802979,0.395572304725647,0.7913912534713745,-0.2615436911582947,296
individual,10,carpet,19,1750,0.031090253964066505,0.034052759408950806,-1.9369629621505737,0.007508204318583012,-36.966392517089844,-7.0,7.0,1.8185385465621948,0.35111093521118164,0.6590932607650757,-0.22616055607795715,297
individual,10,carpet,20,1750,0.018349789083003998,0.016719263046979904,-2.0472025871276855,0.0075006685219705105,-32.710819244384766,-7.0,7.0,1.792980432510376,0.32488808035850525,0.8173521161079407,-0.26717835664749146,298
individual,10,carpet,21,1750,0.03228556737303734,0.022182632237672806,-2.0282840728759766,0.007493139710277319,-34.83934020996094,-7.0,7.0,1.6521387100219727,0.3351669907569885,0.7650441527366638,-0.23488269746303558,299
individual,10,carpet,22,1750,0.03166765347123146,0.028401970863342285,-2.1083602905273438,0.007485618814826012,-37.20119094848633,-7.0,7.0,1.8995670080184937,0.3443959653377533,0.7092236876487732,-0.2292686551809311,300
individual,10,carpet,23,1750,0.03133249282836914,0.0292279664427042,-2.0257568359375,0.007478105369955301,-41.24237060546875,-7.0,7.0,1.9940534830093384,0.26857659220695496,0.6257386803627014,-0.21215379238128662,301
individual,10,carpet,24,1750,0.024723872542381287,0.025291942059993744,-2.0115582942962646,0.007470599841326475,-34.15849304199219,-7.0,7.0,1.721950888633728,0.383645236492157,0.817764937877655,-0.24938413500785828,302
individual,10,carpet,25,1750,0.01241573691368103,0.014350269921123981,-2.043802499771118,0.007463101297616959,-43.53424835205078,-7.0,7.0,1.7821747064590454,0.33102214336395264,0.6332623362541199,-0.18896447122097015,303
individual,10,carpet,26,1750,0.02037867158651352,0.01861485466361046,-2.028873920440674,0.007455610204488039,-43.223045349121094,-7.0,7.0,1.93329918384552,0.3058357238769531,0.6355641484260559,-0.19718432426452637,304
individual,10,carpet,27,1750,0.029982537031173706,0.03312879428267479,-2.033278226852417,0.007448127027601004,-37.61459732055664,-7.0,7.0,1.9139524698257446,0.4190126061439514,0.7043198347091675,-0.22294816374778748,305
individual,10,carpet,28,1750,0.016219988465309143,0.013405945152044296,-2.127579689025879,0.007440651301294565,-43.18641662597656,-7.0,7.0,1.8785066604614258,0.35503581166267395,0.6194816827774048,-0.19953517615795135,306
individual,10,carpet,29,1750,0.012022534385323524,0.018066246062517166,-2.0475411415100098,0.007433183025568724,-38.26055145263672,-7.0,7.0,1.7518627643585205,0.2713632881641388,0.6554201245307922,-0.1986086517572403,307
individual,10,carpet,30,1750,0.02058536931872368,0.02377636730670929,-2.0759289264678955,0.007425722200423479,-41.454750061035156,-7.0,7.0,1.8071260452270508,0.39135658740997314,0.6725975871086121,-0.20851697027683258,308
individual,10,carpet,31,1750,0.021538186818361282,0.019827602431178093,-2.04058575630188,0.007418268825858831,-42.45719909667969,-7.0,7.0,1.8123756647109985,0.40222471952438354,0.6774917244911194,-0.21533329784870148,309
individual,10,carpet,32,1750,0.010601659305393696,0.010435633361339569,-2.0139143466949463,0.007410822901874781,-38.87594985961914,-7.0,7.0,1.8981372117996216,0.2658516764640808,0.6869557499885559,-0.22848427295684814,310
individual,10,carpet,33,1750,0.0188828706741333,0.01730635017156601,-2.0517358779907227,0.007403384894132614,-26.96298599243164,-7.0,7.0,1.825679063796997,0.37526339292526245,0.8947097063064575,-0.29950013756752014,311
individual,10,carpet,34,1750,0.023435214534401894,0.02744808793067932,-2.107285499572754,0.007395953871309757,-31.947816848754883,-7.0,7.0,1.941272497177124,0.3925477862358093,0.8294000625610352,-0.27097392082214355,312
individual,10,carpet,35,1750,0.0232867281883955,0.023732924833893776,-2.1234922409057617,0.007388530299067497,-37.166160583496094,-7.0,7.0,1.8357799053192139,0.3932938575744629,0.67955082654953,-0.233580082654953,313
individual,10,carpet,36,1750,0.013884684070944786,0.014748948626220226,-2.1229701042175293,0.0073811146430671215,-31.657337188720703,-7.0,7.0,1.8121753931045532,0.4227982461452484,0.8211679458618164,-0.2913656234741211,314
individual,10,carpet,37,1750,0.01492551900446415,0.015577314421534538,-2.1088223457336426,0.007373705971986055,-32.29916000366211,-7.0,7.0,1.8774412870407104,0.3417277932167053,0.7506826519966125,-0.2763943076133728,315
individual,10,carpet,38,1750,0.009079022333025932,0.011822684668004513,-2.087308883666992,0.007366304751485586,-29.055124282836914,-7.0,7.0,1.8040540218353271,0.30404525995254517,0.8271506428718567,-0.30574753880500793,316
individual,10,carpet,39,1750,0.028239363804459572,0.02997802197933197,-2.088834285736084,0.007358910981565714,-38.599571228027344,-7.0,7.0,1.9162169694900513,0.36342307925224304,0.6863843202590942,-0.25950881838798523,317
individual,10,carpet,40,1750,0.02211211435496807,0.024929586797952652,-2.0847222805023193,0.0073515246622264385,-39.56917190551758,-7.0,7.0,1.9255144596099854,0.3814604878425598,0.6449295282363892,-0.2608274221420288,318
individual,10,carpet,41,1750,0.027249697595834732,0.023210953921079636,-2.2107815742492676,0.0073441495187580585,-39.75471115112305,-7.0,7.0,2.007939577102661,0.34474366903305054,0.6202470064163208,-0.2637470066547394,319
individual,10,carpet,42,1750,0.026311371475458145,0.029280483722686768,-2.180696725845337,0.0073367818258702755,-34.12627410888672,-7.0,7.0,1.8451247215270996,0.34275615215301514,0.7212076187133789,-0.28814497590065,320
individual,10,carpet,43,1750,0.03475049510598183,0.028305497020483017,-2.1053197383880615,0.007329421117901802,-40.110023498535156,-7.0,7.0,1.9587664604187012,0.3800850808620453,0.5794028639793396,-0.25265729427337646,321
individual,10,carpet,44,1750,0.01716410368680954,0.018437732011079788,-2.0889368057250977,0.0073220678605139256,-36.719398498535156,-7.0,7.0,1.8733333349227905,0.375196635723114,0.6030470728874207,-0.2569907009601593,322
individual,10,carpet,45,1750,0.02619660273194313,0.027838772162795067,-2.122690200805664,0.007314722053706646,-39.722537994384766,-7.0,7.0,1.9384188652038574,0.39517495036125183,0.640635073184967,-0.28863316774368286,323
individual,10,carpet,46,1750,0.02422572299838066,0.024455003440380096,-2.1287307739257812,0.007307383697479963,-36.56293869018555,-7.0,7.0,1.8644464015960693,0.469363272190094,0.6431120038032532,-0.28681281208992004,324
individual,10,carpet,47,1750,0.037505727261304855,0.030038051307201385,-2.152702808380127,0.0073000527918338776,-35.76620864868164,-7.0,7.0,1.8349188566207886,0.3884691298007965,0.6469990015029907,-0.28040772676467896,325
individual,10,carpet,48,1750,0.0259847454726696,0.02601701207458973,-2.2429587841033936,0.0072927288711071014,-38.69828796386719,-7.0,7.0,1.9714566469192505,0.4164060950279236,0.6165152192115784,-0.2899099290370941,326
individual,10,carpet,49,1750,0.022593192756175995,0.01725163869559765,-2.197770357131958,0.0072854128666222095,-29.51702117919922,-7.0,7.0,2.0008010864257812,0.4414190649986267,0.7353838086128235,-0.3057629466056824,327
individual,10,carpet,50,1750,0.032002925872802734,0.023413842543959618,-2.1904637813568115,0.007278103847056627,-37.094146728515625,-7.0,7.0,2.0104146003723145,0.42870667576789856,0.6680499315261841,-0.3195880949497223,328
population,10,carpet,1,1750,0.02225422114133835,0.020565129816532135,-1.8458611965179443,0.007893204689025879,-28.218862533569336,-7.0,7.0,1.5801939964294434,0.3858438730239868,0.8805831670761108,-0.37207749485969543,279
population,10,carpet,2,1750,0.02937239222228527,0.027916742488741875,-1.8988865613937378,0.007885211147367954,-28.761110305786133,-7.0,7.0,1.7349915504455566,0.35922566056251526,0.8725465536117554,-0.40423741936683655,280
population,10,carpet,3,1750,0.02205539308488369,0.022354798391461372,-1.9428154230117798,0.00787721760571003,-20.96605110168457,-7.0,7.0,1.5103600025177002,0.42378419637680054,0.9801313281059265,-0.4312000870704651,281
population,10,carpet,4,1750,0.023493167012929916,0.022735528647899628,-1.9534056186676025,0.007869228720664978,-22.967586517333984,-7.0,7.0,1.6903268098831177,0.42747917771339417,0.9626946449279785,-0.4876132309436798,282
population,10,carpet,5,1750,0.031009286642074585,0.031431857496500015,-2.017617702484131,0.007861239835619926,-25.41985511779785,-7.0,7.0,1.8520909547805786,0.4098426103591919,0.941538393497467,-0.4801575839519501,283
population,10,carpet,6,1750,0.022746684029698372,0.02258450910449028,-2.0002007484436035,0.007853256538510323,-21.532489776611328,-7.0,7.0,1.7615031003952026,0.4354006052017212,1.0245314836502075,-0.5179961323738098,284
population,10,carpet,7,1750,0.02913013845682144,0.02806505188345909,-1.9866583347320557,0.007845276966691017,-18.329586029052734,-7.0,7.0,1.7004525661468506,0.3542289733886719,1.087847113609314,-0.5233928561210632,285
population,10,carpet,8,1750,0.026571309193968773,0.02983180806040764,-1.918198585510254,0.00783730112016201,-13.287188529968262,-7.0,7.0,1.6453760862350464,0.36573871970176697,1.1113712787628174,-0.5586118698120117,286
population,10,carpet,9,1750,0.03432539105415344,0.03286440670490265,-1.8995801210403442,0.007829329930245876,-9.630151748657227,-7.0,7.0,1.7349653244018555,0.41479694843292236,1.1931356191635132,-0.597088634967804,287
population,10,carpet,10,1750,0.03440183028578758,0.03513025864958763,-1.8893232345581055,0.007821367122232914,-10.320171356201172,-7.0,7.0,1.8218352794647217,0.3618417978286743,1.1503993272781372,-0.5956391096115112,288
population,10,carpet,11,1750,0.031763821840286255,0.03385262191295624,-2.022691488265991,0.007813408970832825,-5.629676818847656,-7.0,7.0,1.889409065246582,0.4336501359939575,1.1999776363372803,-0.641148567199707,289
population,10,carpet,12,1750,0.026148661971092224,0.02566402778029442,-2.102606773376465,0.007805455010384321,-9.116232872009277,-7.0,7.0,1.8481426239013672,0.32376575469970703,1.1779128313064575,-0.6297640204429626,290
population,10,carpet,13,1750,0.018539244309067726,0.016964461654424667,-2.106020450592041,0.007797508966177702,-11.753279685974121,-7.0,7.0,1.814521074295044,0.43069887161254883,1.1370766162872314,-0.5880166292190552,291
population,10,carpet,14,1750,0.028559302911162376,0.0289271529763937,-2.1363067626953125,0.007789570838212967,-18.145336151123047,-7.0,7.0,1.9003251791000366,0.3517308831214905,1.0552746057510376,-0.5670080184936523,292
population,10,carpet,15,1750,0.018141672015190125,0.01694827526807785,-2.0712695121765137,0.007781637366861105,-12.472418785095215,-7.0,7.0,1.7334522008895874,0.42755237221717834,1.1853139400482178,-0.5357469320297241,293
population,10,carpet,16,1750,0.01983700320124626,0.020548192784190178,-2.0043392181396484,0.007773711811751127,-20.70314598083496,-7.0,7.0,1.7351194620132446,0.34626826643943787,1.0482875108718872,-0.5197538137435913,294
population,10,carpet,17,1750,0.02472689002752304,0.02815605327486992,-1.963713526725769,0.007765794638544321,-19.306522369384766,-7.0,7.0,1.738345742225647,0.4200798571109772,1.0605865716934204,-0.5174574255943298,295
population,10,carpet,18,1750,0.02183816209435463,0.026882220059633255,-1.9716169834136963,0.007757885381579399,-19.220727920532227,-7.0,7.0,1.680112361907959,0.37358272075653076,1.0359771251678467,-0.47646042704582214,296
population,10,carpet,19,1750,0.0259832926094532,0.026316724717617035,-2.068776845932007,0.007749980315566063,-23.788639068603516,-7.0,7.0,1.7368133068084717,0.3171274662017822,1.034701943397522,-0.48506107926368713,297
population,10,carpet,20,1750,0.024924911558628082,0.027170363813638687,-2.0781140327453613,0.007742083165794611,-18.02102279663086,-7.0,7.0,1.7722558975219727,0.4294601380825043,1.068414568901062,-0.47325679659843445,298
population,10,carpet,21,1750,0.02312210202217102,0.021895170211791992,-2.0986180305480957,0.007734194397926331,-24.48691749572754,-7.0,7.0,1.836714744567871,0.4667995274066925,1.0262144804000854,-0.48071083426475525,299
population,10,carpet,22,1750,0.022105032578110695,0.019836178049445152,-2.0513663291931152,0.007726313546299934,-23.796707153320312,-7.0,7.0,1.7119932174682617,0.3741665780544281,1.0466041564941406,-0.46263161301612854,300
population,10,carpet,23,1750,0.02214043401181698,0.022841816768050194,-2.055986166000366,0.00771844107657671,-23.47713851928711,-7.0,7.0,1.933605670928955,0.3874145746231079,1.026146650314331,-0.47392162680625916,301
population,10,carpet,24,1750,0.019919201731681824,0.02323337458074093,-2.1442084312438965,0.007710576057434082,-19.769636154174805,-7.0,7.0,2.0377025604248047,0.36720791459083557,1.064103126525879,-0.4654347896575928,302
population,10,carpet,25,1750,0.030278313905000687,0.028697414323687553,-2.180708169937134,0.007702719420194626,-24.20778465270996,-7.0,7.0,1.8710801601409912,0.33325961232185364,1.0651952028274536,-0.47487571835517883,303
population,10,carpet,26,1750,0.036621417850255966,0.03682935982942581,-2.086597204208374,0.007694870699197054,-18.82693862915039,-7.0,7.0,1.8163914680480957,0.42636722326278687,1.1005860567092896,-0.45547035336494446,304
population,10,carpet,27,1750,0.017802298069000244,0.017387278378009796,-1.9992923736572266,0.007687029894441366,-18.64503288269043,-7.0,7.0,1.725732445716858,0.3740261197090149,1.1254459619522095,-0.43757590651512146,305
population,10,carpet,28,1750,0.015591585077345371,0.012654753401875496,-2.053988456726074,0.007679197005927563,-20.16732406616211,-7.0,7.0,1.8895419836044312,0.40457069873809814,1.0467709302902222,-0.4569842517375946,306
population,10,carpet,29,1750,0.013933571055531502,0.016726620495319366,-1.9273357391357422,0.007671372499316931,-23.432954788208008,-7.0,7.0,1.7754229307174683,0.38924622535705566,1.0524437427520752,-0.4115511476993561,307
population,10,carpet,30,1750,0.024131260812282562,0.027168236672878265,-1.9951517581939697,0.007663555443286896,-22.85041046142578,-7.0,7.0,1.842410922050476,0.3666885495185852,1.0225673913955688,-0.4111967086791992,308
population,10,carpet,31,1750,0.011345913633704185,0.010517553426325321,-2.011228561401367,0.007655746769160032,-24.591753005981445,-7.0,7.0,1.71184241771698,0.3462066352367401,1.0453468561172485,-0.38598018884658813,309
population,10,carpet,32,1750,0.019337870180606842,0.02107308618724346,-2.141446590423584,0.007647945545613766,-27.952720642089844,-7.0,7.0,1.8985978364944458,0.35212573409080505,0.9530413746833801,-0.3644559681415558,310
population,10,carpet,33,1750,0.023294856771826744,0.022725963965058327,-2.1466994285583496,0.007640152703970671,-30.444934844970703,-7.0,7.0,1.8482942581176758,0.475048303604126,0.9040945172309875,-0.34975722432136536,311
population,10,carpet,34,1750,0.024204351007938385,0.02257392928004265,-2.151928424835205,0.00763236777856946,-31.619083404541016,-7.0,7.0,2.0003859996795654,0.3954046368598938,0.819635272026062,-0.30348607897758484,312
population,10,carpet,35,1750,0.027405882254242897,0.019732115790247917,-2.0918776988983154,0.007624590769410133,-35.5509033203125,-7.0,7.0,1.8177067041397095,0.35707587003707886,0.780697226524353,-0.2895219027996063,313
population,10,carpet,36,1750,0.02323145978152752,0.022568201646208763,-2.0710091590881348,0.0076168254017829895,-36.531620025634766,-7.0,7.0,1.8918315172195435,0.3941977620124817,0.763093888759613,-0.28536728024482727,314
population,10,carpet,37,1750,0.021845189854502678,0.026507485657930374,-2.0368101596832275,0.0076090674847364426,-38.66386795043945,-7.0,7.0,1.9258469343185425,0.395437628030777,0.66960209608078,-0.2695275843143463,315
population,10,carpet,38,1750,0.03476063534617424,0.03572836518287659,-2.1988625526428223,0.007601317949593067,-41.9606819152832,-7.0,7.0,2.042368173599243,0.3734493851661682,0.6656460165977478,-0.2745538651943207,316
population,10,carpet,39,1750,0.02130891941487789,0.025617578998208046,-2.268002510070801,0.007593576330691576,-41.9134407043457,-7.0,7.0,2.003200054168701,0.38599902391433716,0.6474925875663757,-0.2465638369321823,317
population,10,carpet,40,1750,0.015402508899569511,0.014980954118072987,-2.2219901084899902,0.007585842162370682,-38.9317512512207,-7.0,7.0,1.8909982442855835,0.44808903336524963,0.7046696543693542,-0.2581397593021393,318
population,10,carpet,41,1750,0.017076512798666954,0.015202241949737072,-2.241746187210083,0.007578116375952959,-38.66621398925781,-7.0,7.0,2.0745022296905518,0.32915377616882324,0.6620590090751648,-0.2684999108314514,319
population,10,carpet,42,1750,0.02956574782729149,0.03126264736056328,-2.1968140602111816,0.007570398040115833,-36.869258880615234,-7.0,7.0,2.0280544757843018,0.41279855370521545,0.6830940842628479,-0.26158106327056885,320
population,10,carpet,43,1750,0.018876560032367706,0.01813584193587303,-2.2037150859832764,0.007562687620520592,-38.672401428222656,-7.0,7.0,1.9406673908233643,0.5312505960464478,0.7024587392807007,-0.27404478192329407,321
population,10,carpet,44,1750,0.015159747563302517,0.01681278832256794,-2.248255729675293,0.007554985117167234,-38.38720703125,-7.0,7.0,1.9842443466186523,0.34861448407173157,0.6612603068351746,-0.29456669092178345,322
population,10,carpet,45,1750,0.02554931305348873,0.023961486294865608,-2.244130849838257,0.00754729425534606,-35.345577239990234,-7.0,7.0,1.9893896579742432,0.4313369691371918,0.7799850106239319,-0.33494335412979126,323
population,10,carpet,46,1750,0.019377287477254868,0.01865975186228752,-2.2597317695617676,0.007539610844105482,-33.11264419555664,-7.0,7.0,2.012543201446533,0.43386340141296387,0.7460671067237854,-0.3560899794101715,324
population,10,carpet,47,1750,0.02435719035565853,0.021469593048095703,-2.338104724884033,0.007531935814768076,-32.90224838256836,-7.0,7.0,2.0287163257598877,0.34782516956329346,0.83479243516922,-0.3998425006866455,325
population,10,carpet,48,1750,0.028249166905879974,0.02171475440263748,-2.3015592098236084,0.007524268236011267,-24.965656280517578,-7.0,7.0,1.9447627067565918,0.41188669204711914,0.8685910105705261,-0.42846789956092834,326
population,10,carpet,49,1750,0.026329204440116882,0.02570614218711853,-2.2792000770568848,0.007516608573496342,-22.53864860534668,-7.0,7.0,1.8922207355499268,0.4375010132789612,0.9724636673927307,-0.49808254837989807,327
population,10,carpet,50,1750,0.027900997549295425,0.028920145705342293,-2.264129161834717,0.007508956361562014,-12.916777610778809,-7.0,7.0,1.852893590927124,0.34716013073921204,1.0827865600585938,-0.5769708752632141,328
individual,11,carpet,1,1925,0.029207436367869377,0.03335364907979965,-2.312793254852295,0.007270801812410355,-36.66072082519531,-7.0,7.0,2.1007511615753174,0.36610153317451477,0.617914617061615,-0.2963789403438568,329
individual,11,carpet,2,1925,0.03619496896862984,0.030650345608592033,-2.3537943363189697,0.007263507694005966,-29.788999557495117,-7.0,7.0,2.0816187858581543,0.4734458327293396,0.7456358075141907,-0.34842386841773987,330
individual,11,carpet,3,1925,0.025941798463463783,0.02056312747299671,-2.3042337894439697,0.007256220560520887,-27.298675537109375,-7.0,7.0,2.0370545387268066,0.37042877078056335,0.7525978684425354,-0.34409090876579285,331
individual,11,carpet,4,1925,0.03961482271552086,0.04310416802763939,-2.2022249698638916,0.0072489408776164055,-28.09674072265625,-7.0,7.0,2.154876708984375,0.41349855065345764,0.7537217736244202,-0.3593485653400421,332
individual,11,carpet,5,1925,0.04775351285934448,0.044660769402980804,-2.1817688941955566,0.0072416686452925205,-39.34128952026367,-7.0,7.0,2.106740713119507,0.41124358773231506,0.6118641495704651,-0.30451351404190063,333
individual,11,carpet,6,1925,0.019445911049842834,0.01765541546046734,-2.286447525024414,0.007234403397887945,-27.653491973876953,-7.0,7.0,1.941366195678711,0.43916189670562744,0.8070843815803528,-0.3916940987110138,334
individual,11,carpet,7,1925,0.0344269834458828,0.04099588841199875,-2.354147434234619,0.007227145601063967,-22.781688690185547,-7.0,7.0,2.0530202388763428,0.4820825755596161,0.8599373698234558,-0.40530824661254883,335
individual,11,carpet,8,1925,0.035626888275146484,0.035277366638183594,-2.4551899433135986,0.007219894789159298,-26.033916473388672,-7.0,7.0,2.139596939086914,0.4063621163368225,0.7528430223464966,-0.3761952519416809,336
individual,11,carpet,9,1925,0.02114003337919712,0.016032787039875984,-2.341503381729126,0.007212651427835226,-13.942488670349121,-7.0,7.0,1.9888486862182617,0.3347887098789215,1.007908821105957,-0.48930835723876953,337
individual,11,carpet,10,1925,0.018698500469326973,0.01948082074522972,-2.297790050506592,0.007205415517091751,-17.301809310913086,-7.0,7.0,2.0423684120178223,0.41038617491722107,0.9864412546157837,-0.5044571757316589,338
individual,11,carpet,11,1925,0.047074440866708755,0.049107443541288376,-2.2251951694488525,0.007198187056928873,-21.986175537109375,-7.0,7.0,2.2031326293945312,0.3898006081581116,0.8284815549850464,-0.4349932372570038,339
individual,11,carpet,12,1925,0.019274838268756866,0.015411666594445705,-2.310753107070923,0.007190965581685305,-27.385986328125,-7.0,7.0,2.1643614768981934,0.3977750241756439,0.8623672723770142,-0.45692873001098633,340
individual,11,carpet,13,1925,0.01922890916466713,0.022060401737689972,-2.3754918575286865,0.007183751091361046,-16.51024627685547,-7.0,7.0,2.1336896419525146,0.43611741065979004,0.972034752368927,-0.5268487334251404,341
individual,11,carpet,14,1925,0.0381375215947628,0.03544512018561363,-2.365189552307129,0.007176544051617384,-10.174843788146973,-7.0,7.0,2.0062882900238037,0.423335462808609,1.1542446613311768,-0.5926386117935181,342
individual,11,carpet,15,1925,0.03621286526322365,0.03121447004377842,-2.4020116329193115,0.007169344462454319,-20.657546997070312,-7.0,7.0,2.1527562141418457,0.3873871862888336,0.9130881428718567,-0.49624568223953247,343
individual,11,carpet,16,1925,0.019725920632481575,0.021116727963089943,-2.331427812576294,0.007162151858210564,-27.869590759277344,-7.0,7.0,2.1199145317077637,0.37103980779647827,0.8141587972640991,-0.4509905278682709,344
individual,11,carpet,17,1925,0.01049984060227871,0.01028161495923996,-2.3107736110687256,0.007154966238886118,-25.9406681060791,-7.0,7.0,2.13322114944458,0.35164299607276917,0.8683646321296692,-0.47859081625938416,345
individual,11,carpet,18,1925,0.026226583868265152,0.025467293336987495,-2.1979079246520996,0.007147788070142269,-21.315391540527344,-7.0,7.0,2.0501184463500977,0.47114285826683044,0.9051681756973267,-0.4761553704738617,346
individual,11,carpet,19,1925,0.022553863003849983,0.02471494860947132,-2.2811577320098877,0.007140617351979017,-20.681289672851562,-7.0,7.0,2.057971477508545,0.3860812783241272,0.9518067240715027,-0.475860595703125,347
individual,11,carpet,20,1925,0.020445410162210464,0.0197359099984169,-2.408994674682617,0.007133453618735075,-24.652273178100586,-7.0,7.0,2.1582822799682617,0.33934280276298523,0.8290539979934692,-0.4306569993495941,348
individual,11,carpet,21,1925,0.019437026232481003,0.01866266131401062,-2.3415048122406006,0.007126296870410442,-33.993892669677734,-7.0,7.0,2.0700531005859375,0.3418999910354614,0.8802552223205566,-0.45686569809913635,349
individual,11,carpet,22,1925,0.023181607946753502,0.026092134416103363,-2.379516363143921,0.007119147572666407,-34.40180969238281,-7.0,7.0,2.2931034564971924,0.37230002880096436,0.8250230550765991,-0.4372544586658478,350
individual,11,carpet,23,1925,0.024361860007047653,0.02233167737722397,-2.3075807094573975,0.0071120052598416805,-25.223648071289062,-7.0,7.0,2.132378339767456,0.4668520390987396,0.886493980884552,-0.44368335604667664,351
individual,11,carpet,24,1925,0.015812691301107407,0.014521575532853603,-2.3591086864471436,0.007104870397597551,-25.575702667236328,-7.0,7.0,2.1015512943267822,0.5289578437805176,0.8466575741767883,-0.39678457379341125,352
individual,11,carpet,25,1925,0.01384112797677517,0.014258439652621746,-2.4028067588806152,0.007097742520272732,-35.493534088134766,-7.0,7.0,2.2662856578826904,0.41784244775772095,0.7491340637207031,-0.38412269949913025,353
individual,11,carpet,26,1925,0.02666652761399746,0.02263222634792328,-2.439072847366333,0.007090621627867222,-36.60523223876953,-7.0,7.0,2.119706153869629,0.4426867961883545,0.73004150390625,-0.34991851449012756,354
individual,11,carpet,27,1925,0.011902939528226852,0.012252765707671642,-2.4320359230041504,0.007083508186042309,-36.138710021972656,-7.0,7.0,2.2626380920410156,0.36365750432014465,0.7805864214897156,-0.37194353342056274,355
individual,11,carpet,28,1925,0.01872863993048668,0.018813544884324074,-2.4113433361053467,0.0070764049887657166,-35.96297073364258,-7.0,7.0,2.2810299396514893,0.35019516944885254,0.7256575226783752,-0.38013678789138794,356
individual,11,carpet,29,1925,0.02268442139029503,0.023670533671975136,-2.353749990463257,0.007069309242069721,-36.11703872680664,-7.0,7.0,2.1635169982910156,0.4020766019821167,0.7428078055381775,-0.3505329489707947,357
individual,11,carpet,30,1925,0.01875161938369274,0.014766361564397812,-2.4510536193847656,0.0070622204802930355,-28.415454864501953,-7.0,7.0,2.266354560852051,0.4355657398700714,0.839421808719635,-0.42040035128593445,358
individual,11,carpet,31,1925,0.02287835255265236,0.02200945094227791,-2.390235185623169,0.007055138703435659,-26.307353973388672,-7.0,7.0,2.1351475715637207,0.4219497740268707,0.8697620630264282,-0.44194868206977844,359
individual,11,carpet,32,1925,0.023090193048119545,0.028022663667798042,-2.409543514251709,0.007048063911497593,-25.479602813720703,-7.0,7.0,2.0899314880371094,0.4589700698852539,0.9099430441856384,-0.4637412428855896,360
individual,11,carpet,33,1925,0.014772620983421803,0.01865442283451557,-2.5121686458587646,0.007040996570140123,-24.641496658325195,-7.0,7.0,2.3645107746124268,0.3526400029659271,0.9776059985160828,-0.5181429982185364,361
individual,11,carpet,34,1925,0.018323875963687897,0.017406906932592392,-2.4972832202911377,0.007033936213701963,-15.349065780639648,-7.0,7.0,2.2511370182037354,0.3851414620876312,1.0505450963974,-0.5338433384895325,362
individual,11,carpet,35,1925,0.021153343841433525,0.02305474877357483,-2.406939744949341,0.007026882842183113,-6.686360836029053,-7.0,7.0,2.1715950965881348,0.4795178472995758,1.1660016775131226,-0.5893869400024414,363
individual,11,carpet,36,1925,0.030625373125076294,0.029268890619277954,-2.438352584838867,0.007019836455583572,-15.448936462402344,-7.0,7.0,2.1634695529937744,0.4706326723098755,1.1070164442062378,-0.5456496477127075,364
individual,11,carpet,37,1925,0.01944703236222267,0.017267122864723206,-2.462663412094116,0.007012797053903341,-5.777791976928711,-7.0,7.0,2.1575698852539062,0.362944096326828,1.1926729679107666,-0.5889687538146973,365
individual,11,carpet,38,1925,0.025478269904851913,0.0229765884578228,-2.5900797843933105,0.007005938794463873,-3.686598539352417,-7.0,7.0,2.336254596710205,0.4430866241455078,1.2165077924728394,-0.6077357530593872,366
individual,11,carpet,39,1925,0.02346002124249935,0.023990483954548836,-2.5685606002807617,0.006999070290476084,-9.106576919555664,-7.0,7.0,2.304299831390381,0.4161013960838318,1.1124104261398315,-0.5731346011161804,367
individual,11,carpet,40,1925,0.013540715910494328,0.013042131438851357,-2.5091543197631836,0.006992192007601261,-10.79598331451416,-7.0,7.0,2.224714517593384,0.40864551067352295,1.1808655261993408,-0.6003056168556213,368
individual,11,carpet,41,1925,0.019511356949806213,0.01981164515018463,-2.5133423805236816,0.006985306739807129,-12.983359336853027,-7.0,7.0,2.313403367996216,0.37717941403388977,1.0826770067214966,-0.5399653315544128,369
individual,11,carpet,42,1925,0.01799493283033371,0.01709407940506935,-2.5213308334350586,0.006978415418416262,-9.975179672241211,-7.0,7.0,2.3387668132781982,0.38201457262039185,1.1723772287368774,-0.5921545028686523,370
individual,11,carpet,43,1925,0.013547968119382858,0.012198187410831451,-2.5870347023010254,0.006971517577767372,-7.240889072418213,-7.0,7.0,2.314638376235962,0.4449228346347809,1.1711064577102661,-0.6013773083686829,371
individual,11,carpet,44,1925,0.021310018375515938,0.021579835563898087,-2.589160442352295,0.0069646164774894714,-13.828441619873047,-7.0,7.0,2.2698605060577393,0.39276862144470215,1.1370152235031128,-0.601220428943634,372
individual,11,carpet,45,1925,0.028530456125736237,0.02734571136534214,-2.617600679397583,0.0069579011760652065,-3.5904650688171387,-7.0,7.0,2.3547511100769043,0.49807828664779663,1.1990915536880493,-0.6299138069152832,373
individual,11,carpet,46,1925,0.011527150869369507,0.009020301513373852,-2.607832908630371,0.006951166316866875,-6.593786716461182,-7.0,7.0,2.327829599380493,0.38383030891418457,1.2023288011550903,-0.6344246864318848,374
individual,11,carpet,47,1925,0.03823130950331688,0.04127948358654976,-2.460054636001587,0.006944702472537756,-2.841432809829712,-7.0,7.0,2.3334946632385254,0.5162941217422485,1.2951453924179077,-0.6808314323425293,375
individual,11,carpet,48,1925,0.022280151024460793,0.025036506354808807,-2.540419578552246,0.006938191596418619,-6.221001148223877,-7.0,7.0,2.340550422668457,0.49790558218955994,1.270493507385254,-0.6707949042320251,376
individual,11,carpet,49,1925,0.023658646270632744,0.025043943896889687,-2.588493585586548,0.006931641139090061,-9.675392150878906,-7.0,7.0,2.338287830352783,0.4094493091106415,1.2264353036880493,-0.6363785862922668,377
individual,11,carpet,50,1925,0.03041960671544075,0.02876228839159012,-2.619236946105957,0.006925053428858519,-12.707418441772461,-7.0,7.0,2.28450870513916,0.4689948856830597,1.2454640865325928,-0.6395756602287292,378
population,11,carpet,1,1925,0.044283125549554825,0.04430427402257919,-2.2785263061523438,0.00750131206586957,-9.215900421142578,-7.0,7.0,2.09956955909729,0.45131102204322815,1.1001793146133423,-0.6314955949783325,329
population,11,carpet,2,1925,0.02148187719285488,0.02033839374780655,-2.3321869373321533,0.00749389361590147,-3.4530930519104004,-7.0,7.0,2.053305149078369,0.4624621868133545,1.1423561573028564,-0.6737752556800842,330
population,11,carpet,3,1925,0.016508011147379875,0.014104762114584446,-2.3259010314941406,0.007486711256206036,-3.258134365081787,-7.0,7.0,2.1006991863250732,0.396759033203125,1.1821095943450928,-0.6957656741142273,331
population,11,carpet,4,1925,0.030506711453199387,0.02613086625933647,-2.2724242210388184,0.007480388041585684,0.9329638481140137,-7.0,7.0,2.1010775566101074,0.4830777049064636,1.1704884767532349,-0.6982590556144714,332
population,11,carpet,5,1925,0.013547027483582497,0.015253869816660881,-2.3356282711029053,0.007474501151591539,-1.21012544631958,-7.0,7.0,2.125584602355957,0.41448134183883667,1.2081172466278076,-0.7074846625328064,333
population,11,carpet,6,1925,0.026299934834241867,0.022935088723897934,-2.349761486053467,0.007468544412404299,-4.243117809295654,-7.0,7.0,2.118450164794922,0.44994667172431946,1.244223713874817,-0.6786507368087769,334
population,11,carpet,7,1925,0.012805773876607418,0.011555574834346771,-2.256523370742798,0.007462421432137489,-7.09339714050293,-7.0,7.0,1.9348548650741577,0.44511884450912476,1.1915225982666016,-0.6660932898521423,335
population,11,carpet,8,1925,0.024478156119585037,0.02187207341194153,-2.377211809158325,0.007456154562532902,-11.229936599731445,-7.0,7.0,2.1759705543518066,0.37052038311958313,1.1019823551177979,-0.6235688328742981,336
population,11,carpet,9,1925,0.021363677456974983,0.021762007847428322,-2.2852325439453125,0.007449754048138857,-17.87608528137207,-7.0,7.0,2.132974147796631,0.3686850070953369,1.0805048942565918,-0.5771273374557495,337
population,11,carpet,10,1925,0.026534419506788254,0.024054162204265594,-2.2956771850585938,0.00744323804974556,-18.275279998779297,-7.0,7.0,2.1324031352996826,0.42916983366012573,0.9998133778572083,-0.55454421043396,338
population,11,carpet,11,1925,0.031856197863817215,0.029859289526939392,-2.2711944580078125,0.007436618208885193,-25.074495315551758,-7.0,7.0,2.1490895748138428,0.4725852608680725,0.9000323414802551,-0.49155327677726746,339
population,11,carpet,12,1925,0.018357958644628525,0.018710490316152573,-2.304659366607666,0.0074299052357673645,-24.579835891723633,-7.0,7.0,2.042881965637207,0.3814164102077484,0.9459404349327087,-0.4724842607975006,340
population,11,carpet,13,1925,0.02006540074944496,0.0222824364900589,-2.412991523742676,0.007423109374940395,-22.828025817871094,-7.0,7.0,2.1813368797302246,0.43580329418182373,0.9417752027511597,-0.4555734694004059,341
population,11,carpet,14,1925,0.026113009080290794,0.02366340532898903,-2.3935554027557373,0.007416239008307457,-28.906227111816406,-7.0,7.0,2.127413749694824,0.4431912302970886,0.8956770300865173,-0.4295724034309387,342
population,11,carpet,15,1925,0.009974107146263123,0.00890120305120945,-2.377936840057373,0.007409303914755583,-30.69596290588379,-7.0,7.0,2.123701572418213,0.3697386682033539,0.8575320839881897,-0.41789108514785767,343
population,11,carpet,16,1925,0.016966143622994423,0.018683724105358124,-2.3208954334259033,0.00740231154486537,-32.457515716552734,-7.0,7.0,2.140817880630493,0.4605632424354553,0.8536011576652527,-0.4054279923439026,344
population,11,carpet,17,1925,0.015381483361124992,0.014555311761796474,-2.2538468837738037,0.007395266089588404,-28.322328567504883,-7.0,7.0,1.893795132637024,0.41402170062065125,0.9114043116569519,-0.38727492094039917,345
population,11,carpet,18,1925,0.02993745170533657,0.025137819349765778,-2.3710079193115234,0.007388178259134293,-35.982364654541016,-7.0,7.0,2.213864803314209,0.4672376215457916,0.7860323190689087,-0.38157352805137634,346
population,11,carpet,19,1925,0.019442612305283546,0.016132377088069916,-2.4169998168945312,0.007381047587841749,-35.70499801635742,-7.0,7.0,2.1265571117401123,0.4208643138408661,0.769703209400177,-0.36437514424324036,347
population,11,carpet,20,1925,0.044911231845617294,0.04260006174445152,-2.4758310317993164,0.00737388152629137,-36.802467346191406,-7.0,7.0,2.248380661010742,0.46073466539382935,0.7426992058753967,-0.34239381551742554,348
population,11,carpet,21,1925,0.01756240986287594,0.01597069762647152,-2.386909246444702,0.007366687525063753,-37.46021270751953,-7.0,7.0,2.141538619995117,0.45098575949668884,0.6943138241767883,-0.33439162373542786,349
population,11,carpet,22,1925,0.03571605682373047,0.03708057105541229,-2.337782144546509,0.007359465584158897,-39.48154067993164,-7.0,7.0,2.1306354999542236,0.40661975741386414,0.6811954379081726,-0.31179407238960266,350
population,11,carpet,23,1925,0.017352281138300896,0.01770169287919998,-2.358783721923828,0.007352218963205814,-42.186668395996094,-7.0,7.0,2.1376123428344727,0.40123164653778076,0.6609311699867249,-0.32192283868789673,351
population,11,carpet,24,1925,0.02815685048699379,0.03269736096262932,-2.3878164291381836,0.007344955112785101,-42.26556396484375,-7.0,7.0,2.1205220222473145,0.54426509141922,0.6953762769699097,-0.3077383041381836,352
population,11,carpet,25,1925,0.027120057493448257,0.02570720762014389,-2.476017951965332,0.00733767356723547,-40.061275482177734,-7.0,7.0,2.139238119125366,0.3851202726364136,0.7129925489425659,-0.3186012804508209,353
population,11,carpet,26,1925,0.024254800751805305,0.02275017648935318,-2.4679057598114014,0.007330378983169794,-41.484195709228516,-7.0,7.0,2.253779411315918,0.39945778250694275,0.6398651003837585,-0.30187711119651794,354
population,11,carpet,27,1925,0.00882603507488966,0.009016592055559158,-2.435825824737549,0.007323069963604212,-39.0161247253418,-7.0,7.0,2.253730297088623,0.4888331890106201,0.6725476384162903,-0.31104081869125366,355
population,11,carpet,28,1925,0.022605789825320244,0.024145500734448433,-2.2758092880249023,0.007315751165151596,-39.494014739990234,-7.0,7.0,2.1522254943847656,0.4016868770122528,0.6619406342506409,-0.3009464740753174,356
population,11,carpet,29,1925,0.020070943981409073,0.021436281502246857,-2.375999927520752,0.0073084221221506596,-40.58385467529297,-7.0,7.0,2.218477249145508,0.4442387521266937,0.6735472083091736,-0.29752156138420105,357
population,11,carpet,30,1925,0.021005550399422646,0.020497744902968407,-2.4389560222625732,0.007301086559891701,-40.408775329589844,-7.0,7.0,2.241715431213379,0.4230944812297821,0.717944324016571,-0.30107250809669495,358
population,11,carpet,31,1925,0.04059866815805435,0.03570796921849251,-2.4706830978393555,0.007293747738003731,-41.0535774230957,-7.0,7.0,2.297039031982422,0.4226800203323364,0.6627517938613892,-0.32167068123817444,359
population,11,carpet,32,1925,0.020140090957283974,0.019397735595703125,-2.5127134323120117,0.007286402862519026,-40.75653839111328,-7.0,7.0,2.2787067890167236,0.4464859366416931,0.6521692872047424,-0.3168501853942871,360
population,11,carpet,33,1925,0.023574214428663254,0.02517927624285221,-2.406627893447876,0.007279057987034321,-39.739173889160156,-7.0,7.0,2.173257827758789,0.48868894577026367,0.6818885207176208,-0.31528419256210327,361
population,11,carpet,34,1925,0.024690553545951843,0.018778502941131592,-2.4384377002716064,0.007271710317581892,-43.19493865966797,-7.0,7.0,2.3739588260650635,0.44967180490493774,0.6175132393836975,-0.3108040988445282,362
population,11,carpet,35,1925,0.022778017446398735,0.021125229075551033,-2.4456801414489746,0.0072643631137907505,-39.52690505981445,-7.0,7.0,2.3015875816345215,0.4043847918510437,0.6782435178756714,-0.34619030356407166,363
population,11,carpet,36,1925,0.013789769262075424,0.012037759646773338,-2.5095980167388916,0.007257016375660896,-39.704349517822266,-7.0,7.0,2.2065317630767822,0.417935848236084,0.6294445991516113,-0.3374490737915039,364
population,11,carpet,37,1925,0.029030049219727516,0.026823919266462326,-2.637979507446289,0.007249670103192329,-42.85243225097656,-7.0,7.0,2.4315378665924072,0.3925490975379944,0.5973487496376038,-0.3342837393283844,365
population,11,carpet,38,1925,0.020719556137919426,0.020686814561486244,-2.546142101287842,0.007242324762046337,-34.4752197265625,-7.0,7.0,2.255155324935913,0.3658929169178009,0.7059198617935181,-0.3758254647254944,366
population,11,carpet,39,1925,0.021508606150746346,0.01884610950946808,-2.481746196746826,0.007234982680529356,-38.00584411621094,-7.0,7.0,2.2599198818206787,0.45421427488327026,0.725967288017273,-0.3910536766052246,367
population,11,carpet,40,1925,0.021757733076810837,0.02047857455909252,-2.462175130844116,0.0072276415303349495,-31.486709594726562,-7.0,7.0,2.293717384338379,0.41056132316589355,0.7526274919509888,-0.40776652097702026,368
population,11,carpet,41,1925,0.019567307084798813,0.020851576700806618,-2.550438642501831,0.007220304571092129,-41.48481750488281,-7.0,7.0,2.391890048980713,0.3448006212711334,0.6873763203620911,-0.42826390266418457,369
population,11,carpet,42,1925,0.01669580675661564,0.01771467551589012,-2.5640182495117188,0.0072129713371396065,-31.593414306640625,-7.0,7.0,2.2844455242156982,0.40755215287208557,0.751092791557312,-0.46056559681892395,370
population,11,carpet,43,1925,0.026769984513521194,0.02564956434071064,-2.6390938758850098,0.00720564229413867,-32.69392776489258,-7.0,7.0,2.3908731937408447,0.47331351041793823,0.7740558385848999,-0.47417640686035156,371
population,11,carpet,44,1925,0.027769871056079865,0.024917662143707275,-2.691693067550659,0.007198317442089319,-31.679279327392578,-7.0,7.0,2.4013354778289795,0.4273495078086853,0.7151435613632202,-0.47416067123413086,372
population,11,carpet,45,1925,0.01907956972718239,0.015665844082832336,-2.639127254486084,0.007190999574959278,-32.544036865234375,-7.0,7.0,2.4653873443603516,0.37677907943725586,0.7271829843521118,-0.49030759930610657,373
population,11,carpet,46,1925,0.019262131303548813,0.021118760108947754,-2.533233165740967,0.007183685898780823,-29.954320907592773,-7.0,7.0,2.357252836227417,0.42643776535987854,0.818446159362793,-0.5295450091362,374
population,11,carpet,47,1925,0.014592831023037434,0.016424216330051422,-2.5228419303894043,0.007176376413553953,-28.655513763427734,-7.0,7.0,2.329538345336914,0.4146310091018677,0.8382959365844727,-0.5438260436058044,375
population,11,carpet,48,1925,0.012077792547643185,0.012434639967978,-2.6128690242767334,0.0071690743789076805,-31.379179000854492,-7.0,7.0,2.4032628536224365,0.4412822127342224,0.8323510885238647,-0.5480738878250122,376
population,11,carpet,49,1925,0.03678591176867485,0.03804865851998329,-2.624706745147705,0.007161776069551706,-27.808488845825195,-7.0,7.0,2.218478202819824,0.3933306932449341,0.9157396554946899,-0.5852375030517578,377
population,11,carpet,50,1925,0.024877911433577538,0.021300753578543663,-2.5746426582336426,0.007154485210776329,-23.3271427154541,-7.0,7.0,2.2907462120056152,0.4181731045246124,0.920985221862793,-0.5962666869163513,378
individual,12,carpet,1,2100,0.04337409883737564,0.033366963267326355,-2.6408705711364746,0.006918435916304588,-8.579106330871582,-7.0,7.0,2.2225334644317627,0.4714791774749756,1.2106837034225464,-0.6344054341316223,379
individual,12,carpet,2,2100,0.023151997476816177,0.020259834825992584,-2.5652780532836914,0.006911788135766983,-7.797896862030029,-7.0,7.0,2.2480931282043457,0.4417700469493866,1.2020717859268188,-0.6334718465805054,380
individual,12,carpet,3,2100,0.030683236196637154,0.0257206242531538,-2.442167282104492,0.0069051175378263,-14.967973709106445,-7.0,7.0,2.3987278938293457,0.2770709693431854,1.1146177053451538,-0.6025638580322266,381
individual,12,carpet,4,2100,0.03866559639573097,0.03008425049483776,-2.410961866378784,0.006898426916450262,-22.672494888305664,-7.0,7.0,2.2727177143096924,0.424205482006073,1.03077232837677,-0.5203394293785095,382
individual,12,carpet,5,2100,0.023093536496162415,0.02414669282734394,-2.459239959716797,0.00689171627163887,-13.70116138458252,-7.0,7.0,2.1683785915374756,0.4813081622123718,1.1484357118606567,-0.5893164873123169,383
individual,12,carpet,6,2100,0.03843197226524353,0.03534852713346481,-2.711775779724121,0.006884989328682423,-22.437843322753906,-7.0,7.0,2.3511555194854736,0.30333414673805237,1.0025488138198853,-0.5377830862998962,384
individual,12,carpet,7,2100,0.013886659406125546,0.015400362201035023,-2.4877872467041016,0.00687824934720993,-25.454914093017578,-7.0,7.0,2.2542226314544678,0.3620472848415375,0.9652612805366516,-0.46861013770103455,385
individual,12,carpet,8,2100,0.03593416512012482,0.036059483885765076,-2.4718551635742188,0.006871499586850405,-28.628814697265625,-7.0,7.0,2.387739896774292,0.3689325153827667,0.9382537603378296,-0.49597492814064026,386
individual,12,carpet,9,2100,0.026110149919986725,0.026150457561016083,-2.3993639945983887,0.006864740047603846,-27.89227294921875,-7.0,7.0,2.295520782470703,0.4221382141113281,0.9352425336837769,-0.48722076416015625,387
individual,12,carpet,10,2100,0.020452024415135384,0.022505367174744606,-2.5556602478027344,0.006857970729470253,-34.985958099365234,-7.0,7.0,2.4049253463745117,0.33813604712486267,0.8183923959732056,-0.43248018622398376,388
individual,12,carpet,11,2100,0.01251864992082119,0.012744882144033909,-2.58737850189209,0.006851195357739925,-35.23207092285156,-7.0,7.0,2.3777599334716797,0.30062028765678406,0.7516199946403503,-0.40158477425575256,389
individual,12,carpet,12,2100,0.021453820168972015,0.022121908143162727,-2.7242538928985596,0.006844416726380587,-35.0363655090332,-7.0,7.0,2.47257661819458,0.4190593361854553,0.7647382020950317,-0.40365171432495117,390
individual,12,carpet,13,2100,0.02340390905737877,0.016845909878611565,-2.5923070907592773,0.006837634835392237,-42.42062759399414,-7.0,7.0,2.4088973999023438,0.36190226674079895,0.6385486721992493,-0.34075289964675903,391
individual,12,carpet,14,2100,0.025324959307909012,0.021356241777539253,-2.6287178993225098,0.006830849684774876,-40.45817184448242,-7.0,7.0,2.4581692218780518,0.37071043252944946,0.6416067481040955,-0.32222774624824524,392
individual,12,carpet,15,2100,0.02634686417877674,0.02224631793797016,-2.579425573348999,0.006824061740189791,-29.64084243774414,-7.0,7.0,2.458106279373169,0.4751536250114441,0.7671619057655334,-0.3833950459957123,393
individual,12,carpet,16,2100,0.020297138020396233,0.021540716290473938,-2.628628730773926,0.006817274261265993,-40.193275451660156,-7.0,7.0,2.4753224849700928,0.39915481209754944,0.6426079869270325,-0.32639485597610474,394
individual,12,carpet,17,2100,0.0211594607681036,0.016310574486851692,-2.6695287227630615,0.0068104867823421955,-41.410797119140625,-7.0,7.0,2.4458718299865723,0.4372170865535736,0.6955729722976685,-0.34775739908218384,395
individual,12,carpet,18,2100,0.023955823853611946,0.019096173346042633,-2.7316510677337646,0.006803699769079685,-39.105552673339844,-7.0,7.0,2.5817854404449463,0.4081684648990631,0.6178910136222839,-0.31011125445365906,396
individual,12,carpet,19,2100,0.02104468271136284,0.01944330334663391,-2.7386083602905273,0.006796912755817175,-40.068241119384766,-7.0,7.0,2.577803134918213,0.4181844890117645,0.6658243536949158,-0.3291708528995514,397
individual,12,carpet,20,2100,0.03252396360039711,0.02457442134618759,-2.6597988605499268,0.006790126208215952,-39.44105529785156,-7.0,7.0,2.405364513397217,0.37098681926727295,0.7337548136711121,-0.37265512347221375,398
individual,12,carpet,21,2100,0.028132939711213112,0.01785442791879177,-2.6179094314575195,0.006783343385905027,-38.35057067871094,-7.0,7.0,2.5781102180480957,0.4558698534965515,0.6391633152961731,-0.33034607768058777,399
individual,12,carpet,22,2100,0.029778815805912018,0.025511479005217552,-2.585005283355713,0.006776563823223114,-39.197811126708984,-7.0,7.0,2.401552438735962,0.4575168192386627,0.7147679328918457,-0.3514402508735657,400
individual,12,carpet,23,2100,0.02097523957490921,0.02399354986846447,-2.635038375854492,0.006769787985831499,-32.57951354980469,-7.0,7.0,2.431151866912842,0.4756234884262085,0.8184149861335754,-0.4180782437324524,401
individual,12,carpet,24,2100,0.030684856697916985,0.028789367526769638,-2.7347114086151123,0.006763015408068895,-33.66733932495117,-7.0,7.0,2.4931206703186035,0.43657147884368896,0.73906010389328,-0.39592719078063965,402
individual,12,carpet,25,2100,0.013067958876490593,0.014915751293301582,-2.720247507095337,0.006756247021257877,-34.2852668762207,-7.0,7.0,2.5306501388549805,0.37342071533203125,0.8001380562782288,-0.4068765938282013,403
individual,12,carpet,26,2100,0.015521589666604996,0.015981335192918777,-2.683264970779419,0.006749481428414583,-30.283374786376953,-7.0,7.0,2.5751166343688965,0.41462135314941406,0.7647718191146851,-0.4501302242279053,404
individual,12,carpet,27,2100,0.017933711409568787,0.018780775368213654,-2.639779806137085,0.006742720026522875,-31.466922760009766,-7.0,7.0,2.4898366928100586,0.37041714787483215,0.776661217212677,-0.41380494832992554,405
individual,12,carpet,28,2100,0.023985225707292557,0.0232187882065773,-2.668374538421631,0.006735965143889189,-26.641319274902344,-7.0,7.0,2.466216802597046,0.48103758692741394,0.8914861679077148,-0.45882606506347656,406
individual,12,carpet,29,2100,0.02031831070780754,0.021259410306811333,-2.845484495162964,0.006729213520884514,-34.18910598754883,-7.0,7.0,2.655825614929199,0.38848406076431274,0.7351097464561462,-0.43582287430763245,407
individual,12,carpet,30,2100,0.02060787007212639,0.022383274510502815,-2.815307855606079,0.0067224688827991486,-34.370948791503906,-7.0,7.0,2.5643715858459473,0.3880383372306824,0.7317102551460266,-0.4075610935688019,408
individual,12,carpet,31,2100,0.01550789549946785,0.015629883855581284,-2.6640849113464355,0.006715727970004082,-24.87842559814453,-7.0,7.0,2.3617005348205566,0.3984668254852295,0.9316827058792114,-0.4580584168434143,409
individual,12,carpet,32,2100,0.032570529729127884,0.029764816164970398,-2.6661245822906494,0.006708993576467037,-25.904821395874023,-7.0,7.0,2.582465171813965,0.4536360502243042,0.8788511157035828,-0.4752492308616638,410
individual,12,carpet,33,2100,0.0209183469414711,0.021209528669714928,-2.7867753505706787,0.006702262908220291,-31.293176651000977,-7.0,7.0,2.524947166442871,0.445956826210022,0.7923106551170349,-0.43673238158226013,411
individual,12,carpet,34,2100,0.021159298717975616,0.021952392533421516,-2.811087131500244,0.006695538759231567,-30.167009353637695,-7.0,7.0,2.511878490447998,0.3371753692626953,0.7862671613693237,-0.4257819950580597,412
individual,12,carpet,35,2100,0.013394379056990147,0.009560804814100266,-2.862126588821411,0.006688821595162153,-37.02351760864258,-7.0,7.0,2.6529901027679443,0.4382776618003845,0.7144280076026917,-0.43140485882759094,413
individual,12,carpet,36,2100,0.012108386494219303,0.008155918680131435,-2.7434372901916504,0.006682111416012049,-31.92679214477539,-7.0,7.0,2.564650058746338,0.40476900339126587,0.7990027666091919,-0.46205705404281616,414
individual,12,carpet,37,2100,0.021710898727178574,0.01781138777732849,-2.737539768218994,0.006675404496490955,-32.0196647644043,-7.0,7.0,2.659496545791626,0.412923663854599,0.7768739461898804,-0.46515074372291565,415
individual,12,carpet,38,2100,0.014767585322260857,0.01145609188824892,-2.651113748550415,0.006668704096227884,-26.792766571044922,-7.0,7.0,2.4927268028259277,0.4094737470149994,0.8392015695571899,-0.4715014100074768,416
individual,12,carpet,39,2100,0.021502932533621788,0.015901608392596245,-2.786085367202759,0.006662010680884123,-32.832828521728516,-7.0,7.0,2.5669479370117188,0.3781871497631073,0.7543431520462036,-0.4691987633705139,417
individual,12,carpet,40,2100,0.03111155703663826,0.03169090673327446,-2.8245599269866943,0.006655323784798384,-29.372833251953125,-7.0,7.0,2.6175618171691895,0.5071055293083191,0.8047451376914978,-0.47863253951072693,418
individual,12,carpet,41,2100,0.028958557173609734,0.027798768132925034,-2.9707260131835938,0.006648643873631954,-35.53308868408203,-7.0,7.0,2.7628259658813477,0.46648097038269043,0.7493475675582886,-0.4384024143218994,419
individual,12,carpet,42,2100,0.01818825863301754,0.01612478494644165,-2.8867688179016113,0.006641970481723547,-29.76760482788086,-7.0,7.0,2.621920108795166,0.42769744992256165,0.7782860994338989,-0.44129136204719543,420
individual,12,carpet,43,2100,0.016844194382429123,0.016836272552609444,-2.8744094371795654,0.006635300815105438,-28.433391571044922,-7.0,7.0,2.7297515869140625,0.4613296389579773,0.7849189043045044,-0.4994717240333557,421
individual,12,carpet,44,2100,0.02172972820699215,0.017941663041710854,-2.7779338359832764,0.006628637667745352,-30.78488540649414,-7.0,7.0,2.6221961975097656,0.38623273372650146,0.7664657235145569,-0.5036430954933167,422
individual,12,carpet,45,2100,0.017503364011645317,0.016615502536296844,-2.8100035190582275,0.006621981039643288,-38.37514877319336,-7.0,7.0,2.659493923187256,0.3502042889595032,0.681418776512146,-0.44508102536201477,423
individual,12,carpet,46,2100,0.014774837531149387,0.0145488940179348,-2.9394330978393555,0.006615331396460533,-38.43952560424805,-7.0,7.0,2.720909833908081,0.3884882926940918,0.7035142183303833,-0.45245906710624695,424
individual,12,carpet,47,2100,0.021200690418481827,0.021151138469576836,-2.9001755714416504,0.006608688272535801,-28.410816192626953,-7.0,7.0,2.6338911056518555,0.40053480863571167,0.7762755155563354,-0.5267177224159241,425
individual,12,carpet,48,2100,0.03250257670879364,0.026912152767181396,-2.851126194000244,0.006602052133530378,-32.55109405517578,-7.0,7.0,2.717434883117676,0.43982040882110596,0.7594878077507019,-0.4985692799091339,426
individual,12,carpet,49,2100,0.04482856020331383,0.04217899218201637,-2.7215981483459473,0.006595422048121691,-30.614200592041016,-7.0,7.0,2.661841869354248,0.4402329921722412,0.7878869771957397,-0.4544472098350525,427
individual,12,carpet,50,2100,0.016146760433912277,0.016856268048286438,-2.8724446296691895,0.0065887994132936,-28.125343322753906,-7.0,7.0,2.6516926288604736,0.4278927445411682,0.7624180912971497,-0.46911492943763733,428
population,12,carpet,1,2100,0.02277078479528427,0.024451564997434616,-2.463230848312378,0.007147202268242836,-25.348941802978516,-7.0,7.0,2.2814226150512695,0.3689749836921692,0.8841003775596619,-0.5788716077804565,379
population,12,carpet,2,2100,0.017250962555408478,0.018067795783281326,-2.5520200729370117,0.007139926310628653,-24.886140823364258,-7.0,7.0,2.352114677429199,0.48694702982902527,0.8985459208488464,-0.5776174664497375,380
population,12,carpet,3,2100,0.021921679377555847,0.01752072013914585,-2.5482125282287598,0.007132654078304768,-23.0526180267334,-7.0,7.0,2.3587534427642822,0.4115772843360901,0.9218050837516785,-0.5763213038444519,381
population,12,carpet,4,2100,0.015883857384324074,0.020754029974341393,-2.6808319091796875,0.007125389762222767,-25.292217254638672,-7.0,7.0,2.386096477508545,0.39536190032958984,0.9336252808570862,-0.5854590535163879,382
population,12,carpet,5,2100,0.0379796102643013,0.0416412390768528,-2.6239535808563232,0.007118132896721363,-25.440284729003906,-7.0,7.0,2.435568332672119,0.42548424005508423,0.8794728517532349,-0.5810542702674866,383
population,12,carpet,6,2100,0.019740357995033264,0.01888226345181465,-2.6340537071228027,0.007110883016139269,-28.725767135620117,-7.0,7.0,2.4598002433776855,0.3952995836734772,0.8344339728355408,-0.5840744376182556,384
population,12,carpet,7,2100,0.02194305695593357,0.016283854842185974,-2.553755044937134,0.007103640586137772,-23.450294494628906,-7.0,7.0,2.3770265579223633,0.4472903907299042,0.9033957719802856,-0.5836426019668579,385
population,12,carpet,8,2100,0.014981755055487156,0.014619206078350544,-2.6149065494537354,0.007096405606716871,-25.606855392456055,-7.0,7.0,2.418989419937134,0.4063294529914856,0.8410552740097046,-0.5650566816329956,386
population,12,carpet,9,2100,0.02136324718594551,0.019898848608136177,-2.551642894744873,0.007089178077876568,-32.67858123779297,-7.0,7.0,2.396573066711426,0.35712483525276184,0.6970329284667969,-0.5221418738365173,387
population,12,carpet,10,2100,0.02784212864935398,0.028801023960113525,-2.547131299972534,0.00708195473998785,-30.310501098632812,-7.0,7.0,2.334756851196289,0.40947914123535156,0.828809916973114,-0.5601146817207336,388
population,12,carpet,11,2100,0.02730446681380272,0.03686673939228058,-2.549863576889038,0.007074738387018442,-34.42848205566406,-7.0,7.0,2.5314674377441406,0.46667125821113586,0.7101430892944336,-0.5130034685134888,389
population,12,carpet,12,2100,0.013590081594884396,0.015922071412205696,-2.620187282562256,0.007067529484629631,-33.49160385131836,-7.0,7.0,2.3405046463012695,0.48495984077453613,0.7831312417984009,-0.5070523619651794,390
population,12,carpet,13,2100,0.019825153052806854,0.019636716693639755,-2.6219468116760254,0.007060328032821417,-34.38977813720703,-7.0,7.0,2.3976781368255615,0.38652777671813965,0.7139342427253723,-0.4868752062320709,391
population,12,carpet,14,2100,0.021546993404626846,0.020734181627631187,-2.6768791675567627,0.0070531340315938,-33.498023986816406,-7.0,7.0,2.4416613578796387,0.36043524742126465,0.7540021538734436,-0.4829897880554199,392
population,12,carpet,15,2100,0.02814534120261669,0.030031152069568634,-2.6628646850585938,0.007045947015285492,-36.31315994262695,-7.0,7.0,2.4485626220703125,0.5042026042938232,0.7238717675209045,-0.4535219073295593,393
population,12,carpet,16,2100,0.02711247280240059,0.0243282038718462,-2.7528951168060303,0.007038770709186792,-39.27405548095703,-7.0,7.0,2.5658273696899414,0.4849761426448822,0.6254084706306458,-0.40244144201278687,394
population,12,carpet,17,2100,0.021377619355916977,0.022211719304323196,-2.6882731914520264,0.00703160185366869,-40.04404830932617,-7.0,7.0,2.503300666809082,0.5165138840675354,0.6778228878974915,-0.3923245966434479,395
population,12,carpet,18,2100,0.019642649218440056,0.021509449928998947,-2.630392551422119,0.007024440448731184,-41.8610954284668,-7.0,7.0,2.4498279094696045,0.3472277820110321,0.6172733306884766,-0.37147513031959534,396
population,12,carpet,19,2100,0.024720799177885056,0.025041647255420685,-2.645712375640869,0.007017286028712988,-45.4551887512207,-7.0,7.0,2.5260989665985107,0.4211190342903137,0.5417870283126831,-0.3841067850589752,397
population,12,carpet,20,2100,0.015061845071613789,0.021480757743120193,-2.7635281085968018,0.007010139059275389,-44.460384368896484,-7.0,7.0,2.4833173751831055,0.38516685366630554,0.595365583896637,-0.3202831447124481,398
population,12,carpet,21,2100,0.024838579818606377,0.02716410532593727,-2.7544078826904297,0.0070029995404183865,-37.11864471435547,-7.0,7.0,2.3688271045684814,0.42760011553764343,0.6465461850166321,-0.3827267587184906,399
population,12,carpet,22,2100,0.015684915706515312,0.016195589676499367,-2.6190667152404785,0.006995867006480694,-41.797607421875,-7.0,7.0,2.438917636871338,0.3622734546661377,0.5828309655189514,-0.3353906273841858,400
population,12,carpet,23,2100,0.021203860640525818,0.021237429231405258,-2.668774127960205,0.006988741923123598,-43.81855392456055,-7.0,7.0,2.57907772064209,0.3878897428512573,0.5458289384841919,-0.3524874150753021,401
population,12,carpet,24,2100,0.021732434630393982,0.024037359282374382,-2.6144158840179443,0.006981623824685812,-44.361656188964844,-7.0,7.0,2.570460319519043,0.33196312189102173,0.5338800549507141,-0.3255278766155243,402
population,12,carpet,25,2100,0.014657964929938316,0.015271677635610104,-2.7901084423065186,0.006974513176828623,-41.43706512451172,-7.0,7.0,2.6217458248138428,0.3806737959384918,0.6213502883911133,-0.3649224638938904,403
population,12,carpet,26,2100,0.03677402436733246,0.03944418579339981,-2.8563923835754395,0.0069674099795520306,-37.473323822021484,-7.0,7.0,2.4200034141540527,0.48795583844184875,0.7398884892463684,-0.41377243399620056,404
population,12,carpet,27,2100,0.029836775735020638,0.033041611313819885,-2.839398145675659,0.006960313767194748,-41.4884033203125,-7.0,7.0,2.633531332015991,0.47441089153289795,0.6459747552871704,-0.40714147686958313,405
population,12,carpet,28,2100,0.02251826785504818,0.02352016419172287,-2.6678085327148438,0.006953224539756775,-32.04104995727539,-7.0,7.0,2.523946523666382,0.4490066170692444,0.6983126997947693,-0.43548819422721863,406
population,12,carpet,29,2100,0.013004669919610023,0.013971537351608276,-2.65341854095459,0.006946146488189697,-34.22876739501953,-7.0,7.0,2.4850845336914062,0.3819849491119385,0.7254093289375305,-0.4975006878376007,407
population,12,carpet,30,2100,0.02192167192697525,0.02115613967180252,-2.686850070953369,0.006939074955880642,-33.522430419921875,-7.0,7.0,2.624504804611206,0.4351949393749237,0.7721937894821167,-0.5014519095420837,408
population,12,carpet,31,2100,0.025233212858438492,0.029008254408836365,-2.8546998500823975,0.006932011339813471,-35.87038040161133,-7.0,7.0,2.6229496002197266,0.4460933208465576,0.7070186734199524,-0.4910295009613037,409
population,12,carpet,32,2100,0.029512805864214897,0.02727779932320118,-2.813544988632202,0.006924954243004322,-25.354726791381836,-7.0,7.0,2.486698627471924,0.4976976215839386,0.8340529203414917,-0.5862663388252258,410
population,12,carpet,33,2100,0.021560166031122208,0.026886772364377975,-2.746959924697876,0.00691790459677577,-25.074769973754883,-7.0,7.0,2.4680705070495605,0.5701015591621399,0.88036048412323,-0.608622133731842,411
population,12,carpet,34,2100,0.016687264665961266,0.018084611743688583,-2.7139506340026855,0.006910862401127815,-27.021766662597656,-7.0,7.0,2.4709372520446777,0.4378539025783539,0.8602157831192017,-0.610401451587677,412
population,12,carpet,35,2100,0.03430432081222534,0.03022601641714573,-2.579939842224121,0.006903826724737883,-31.07421875,-7.0,7.0,2.4312593936920166,0.49587517976760864,0.8315215706825256,-0.5580077767372131,413
population,12,carpet,36,2100,0.035440728068351746,0.03440675884485245,-2.7739644050598145,0.006896798964589834,-33.645286560058594,-7.0,7.0,2.7176425457000732,0.341046005487442,0.6490412354469299,-0.5348398089408875,414
population,12,carpet,37,2100,0.021554887294769287,0.021166056394577026,-2.8301033973693848,0.006889777723699808,-27.267601013183594,-7.0,7.0,2.5643348693847656,0.5733901858329773,0.7852330803871155,-0.5820757746696472,415
population,12,carpet,38,2100,0.043752435594797134,0.028095059096813202,-2.8762619495391846,0.006882763933390379,-29.43537139892578,-7.0,7.0,2.546820878982544,0.44604256749153137,0.7730955481529236,-0.5920791625976562,416
population,12,carpet,39,2100,0.006891382858157158,0.007898764684796333,-2.7535479068756104,0.0068757603876292706,-25.633241653442383,-7.0,7.0,2.440934419631958,0.451413631439209,0.8230167031288147,-0.6405085325241089,417
population,12,carpet,40,2100,0.026473689824342728,0.014206775464117527,-2.7593960762023926,0.006868764292448759,-33.30226135253906,-7.0,7.0,2.7259678840637207,0.46465128660202026,0.7247490882873535,-0.5749768018722534,418
population,12,carpet,41,2100,0.015146524645388126,0.014187711291015148,-2.790493965148926,0.006861775182187557,-32.693031311035156,-7.0,7.0,2.682312488555908,0.4601789712905884,0.7120369076728821,-0.5597066879272461,419
population,12,carpet,42,2100,0.023559799417853355,0.021076064556837082,-2.856367588043213,0.006854793056845665,-28.75804901123047,-7.0,7.0,2.523300886154175,0.4530937671661377,0.7621054649353027,-0.5662931799888611,420
population,12,carpet,43,2100,0.04243508353829384,0.03165110945701599,-2.919149875640869,0.006847817916423082,-24.348838806152344,-7.0,7.0,2.5902419090270996,0.5194188356399536,0.8168792128562927,-0.6080828905105591,421
population,12,carpet,44,2100,0.017833324149250984,0.016827937215566635,-2.7785251140594482,0.006840850226581097,-32.96097946166992,-7.0,7.0,2.5619444847106934,0.44130218029022217,0.7558067440986633,-0.576155960559845,422
population,12,carpet,45,2100,0.03579263016581535,0.027558621019124985,-2.7529795169830322,0.0068338895216584206,-32.708065032958984,-7.0,7.0,2.6610140800476074,0.4396880567073822,0.7002382278442383,-0.5297608971595764,423
population,12,carpet,46,2100,0.030560962855815887,0.028276856988668442,-2.823620557785034,0.006826935801655054,-20.72210121154785,-7.0,7.0,2.596792697906494,0.5038425922393799,0.9200673699378967,-0.71753990650177,424
population,12,carpet,47,2100,0.029387284070253372,0.0244169682264328,-3.0233607292175293,0.006819989066570997,-24.071857452392578,-7.0,7.0,2.5547358989715576,0.579429030418396,0.9001489281654358,-0.672961413860321,425
population,12,carpet,48,2100,0.01726185902953148,0.016802839934825897,-2.9795114994049072,0.0068130530416965485,-24.99821662902832,-7.0,7.0,2.656562089920044,0.5884886980056763,0.8453961610794067,-0.645449161529541,426
population,12,carpet,49,2100,0.020120980218052864,0.017948713153600693,-2.946000576019287,0.006806123536080122,-20.493432998657227,-7.0,7.0,2.5441324710845947,0.45643213391304016,0.9375036954879761,-0.7110279202461243,427
population,12,carpet,50,2100,0.04117177426815033,0.037590496242046356,-2.837862968444824,0.0067992014810442924,-22.835844039916992,-7.0,7.0,2.6781396865844727,0.5445912480354309,0.9111412167549133,-0.6919731497764587,428
individual,13,carpet,1,2275,0.03594809025526047,0.02769889310002327,-2.924363613128662,0.006582182832062244,-29.87075424194336,-7.0,7.0,2.590416431427002,0.4393891990184784,0.8040358424186707,-0.46774783730506897,429
individual,13,carpet,2,2275,0.022611068561673164,0.022169752046465874,-2.947807788848877,0.006575572770088911,-34.6722412109375,-7.0,7.0,2.802643299102783,0.4206978976726532,0.7486070394515991,-0.4876844584941864,430
individual,13,carpet,3,2275,0.020131364464759827,0.02305004745721817,-2.8392252922058105,0.006568969693034887,-33.64898681640625,-7.0,7.0,2.7748942375183105,0.43148407340049744,0.7471376061439514,-0.4735836088657379,431
individual,13,carpet,4,2275,0.03275919705629349,0.024363381788134575,-2.850537061691284,0.006562373135238886,-36.06550216674805,-7.0,7.0,2.780014991760254,0.33410680294036865,0.691145122051239,-0.43215411901474,432
individual,13,carpet,5,2275,0.0153264831751585,0.013329056091606617,-2.9114229679107666,0.006555783562362194,-34.72370147705078,-7.0,7.0,2.717892646789551,0.40454843640327454,0.7547501921653748,-0.45094138383865356,433
individual,13,carpet,6,2275,0.029661845415830612,0.023824991658329964,-2.915283679962158,0.006549200043082237,-24.559940338134766,-7.0,7.0,2.5863475799560547,0.48594579100608826,0.8823350667953491,-0.5105477571487427,434
individual,13,carpet,7,2275,0.025095194578170776,0.018510837107896805,-2.9906060695648193,0.00654262350872159,-36.33480453491211,-7.0,7.0,2.7441582679748535,0.3294001817703247,0.7361350655555725,-0.4764903485774994,435
individual,13,carpet,8,2275,0.030347270891070366,0.030106987804174423,-2.7367706298828125,0.006536053493618965,-31.219438552856445,-7.0,7.0,2.6824421882629395,0.33814746141433716,0.8110664486885071,-0.47717469930648804,436
individual,13,carpet,9,2275,0.03650399297475815,0.032698020339012146,-2.8067054748535156,0.0065294899977743626,-30.817012786865234,-7.0,7.0,2.7031607627868652,0.45968154072761536,0.8380482792854309,-0.48314931988716125,437
individual,13,carpet,10,2275,0.018901195377111435,0.023457620292901993,-2.93501615524292,0.006522933021187782,-30.312763214111328,-7.0,7.0,2.590097427368164,0.450810045003891,0.8473416566848755,-0.4753822386264801,438
individual,13,carpet,11,2275,0.03425442799925804,0.036545079201459885,-3.127007007598877,0.006516383029520512,-31.291385650634766,-7.0,7.0,2.7622230052948,0.413444459438324,0.8479984402656555,-0.5086946487426758,439
individual,13,carpet,12,2275,0.026354413479566574,0.03282986953854561,-2.958071708679199,0.006509839091449976,-29.029281616210938,-7.0,7.0,2.759066104888916,0.49862048029899597,0.875419020652771,-0.5034961104393005,440
individual,13,carpet,13,2275,0.018993288278579712,0.0199236199259758,-2.990497350692749,0.00650330213829875,-24.65024185180664,-7.0,7.0,2.8429672718048096,0.36502787470817566,0.8783171772956848,-0.5596218705177307,441
individual,13,carpet,14,2275,0.01942415162920952,0.019122663885354996,-3.120622158050537,0.006496771704405546,-19.763179779052734,-7.0,7.0,2.883021593093872,0.5003512501716614,0.9240078330039978,-0.5794771909713745,442
individual,13,carpet,15,2275,0.008735571056604385,0.018069304525852203,-3.0510454177856445,0.0064902473241090775,-23.93234634399414,-7.0,7.0,2.8205149173736572,0.3703325092792511,0.9576016068458557,-0.624233067035675,443
individual,13,carpet,16,2275,0.011248148046433926,0.01210322417318821,-2.9996449947357178,0.006483729928731918,-15.4166259765625,-7.0,7.0,2.6569435596466064,0.43653061985969543,1.04912269115448,-0.6485533714294434,444
individual,13,carpet,17,2275,0.021218692883849144,0.018043003976345062,-3.0486536026000977,0.0064772190526127815,-16.015676498413086,-7.0,7.0,2.844589948654175,0.4237509071826935,0.944442629814148,-0.6566795706748962,445
individual,13,carpet,18,2275,0.021624211221933365,0.02875274047255516,-2.9868738651275635,0.006470714695751667,-9.626976013183594,-7.0,7.0,2.8807318210601807,0.38634535670280457,1.0928962230682373,-0.6804068684577942,446
individual,13,carpet,19,2275,0.023327160626649857,0.01854424551129341,-2.971201181411743,0.006464232224971056,-4.9091033935546875,-7.0,7.0,2.7497711181640625,0.40011709928512573,1.1804250478744507,-0.7323097586631775,447
individual,13,carpet,20,2275,0.025337470695376396,0.03546394407749176,-3.2369625568389893,0.006457756273448467,-7.4416890144348145,-7.0,7.0,2.960308074951172,0.4901159107685089,1.1060504913330078,-0.7360773682594299,448
individual,13,carpet,21,2275,0.03352418169379234,0.031243253499269485,-3.0850672721862793,0.006451284047216177,-10.931196212768555,-7.0,7.0,2.6825428009033203,0.468305379152298,1.17227303981781,-0.7381921410560608,449
individual,13,carpet,22,2275,0.01624995842576027,0.02201012335717678,-2.948591709136963,0.006444817874580622,-11.710857391357422,-7.0,7.0,2.7299251556396484,0.41490209102630615,1.1056511402130127,-0.7532739639282227,450
individual,13,carpet,23,2275,0.029992595314979553,0.037527184933423996,-2.907938003540039,0.006438358221203089,-8.353745460510254,-7.0,7.0,2.833766460418701,0.3952576518058777,1.122715711593628,-0.7513772249221802,451
individual,13,carpet,24,2275,0.03516543656587601,0.025408972054719925,-3.0711605548858643,0.006431902293115854,-5.396029949188232,-7.0,7.0,2.909428358078003,0.4963320195674896,1.1782506704330444,-0.7497992515563965,452
individual,13,carpet,25,2275,0.02794625051319599,0.04131077975034714,-3.225130081176758,0.006425452418625355,-7.1644158363342285,-7.0,7.0,2.9231209754943848,0.39235737919807434,1.2019871473312378,-0.7531481385231018,453
individual,13,carpet,26,2275,0.023830585181713104,0.022332612425088882,-3.22379994392395,0.006419009529054165,-7.611514091491699,-7.0,7.0,2.940502643585205,0.37011224031448364,1.2316540479660034,-0.7511017918586731,454
individual,13,carpet,27,2275,0.021598730236291885,0.019917082041502,-2.9788334369659424,0.006412569433450699,-8.439647674560547,-7.0,7.0,2.8594706058502197,0.2963773012161255,1.1946563720703125,-0.7357966303825378,455
individual,13,carpet,28,2275,0.04347459599375725,0.05204638093709946,-2.9576895236968994,0.006406240165233612,-4.217817306518555,-7.0,7.0,2.8257219791412354,0.4592907130718231,1.2658225297927856,-0.7253255844116211,456
individual,13,carpet,29,2275,0.021179430186748505,0.02119406685233116,-3.032294511795044,0.006399984005838633,-4.429899215698242,-7.0,7.0,2.8397445678710938,0.3441319465637207,1.252673864364624,-0.7131848335266113,457
individual,13,carpet,30,2275,0.013866023160517216,0.019789496436715126,-3.131490707397461,0.006393715739250183,-12.762521743774414,-7.0,7.0,2.8993020057678223,0.34202492237091064,1.1269007921218872,-0.65868079662323,458
individual,13,carpet,31,2275,0.02794749103486538,0.02645210549235344,-3.0839221477508545,0.006387852597981691,-1.725059986114502,-7.0,7.0,2.849367618560791,0.5444332957267761,1.3083809614181519,-0.675958514213562,459
individual,13,carpet,32,2275,0.02112407423555851,0.015760784968733788,-3.1476476192474365,0.006381936836987734,-17.694164276123047,-7.0,7.0,2.9092841148376465,0.44783496856689453,1.025923490524292,-0.5594240427017212,460
individual,13,carpet,33,2275,0.01552949845790863,0.016291648149490356,-3.0996315479278564,0.006375978235155344,-19.739896774291992,-7.0,7.0,2.8731696605682373,0.28786423802375793,1.097200632095337,-0.5813930630683899,461
individual,13,carpet,34,2275,0.024848632514476776,0.018115703016519547,-3.035277843475342,0.0063699763268232346,-16.987634658813477,-7.0,7.0,2.7807250022888184,0.509975254535675,1.107381820678711,-0.5441306829452515,462
individual,13,carpet,35,2275,0.02768574096262455,0.02747952565550804,-3.044785976409912,0.006363940890878439,-15.253679275512695,-7.0,7.0,2.8042173385620117,0.4120348393917084,1.0266226530075073,-0.5254474878311157,463
individual,13,carpet,36,2275,0.0205925814807415,0.019104212522506714,-3.0517466068267822,0.006357874721288681,-18.494813919067383,-7.0,7.0,2.771610736846924,0.4062976837158203,1.0497084856033325,-0.5069330334663391,464
individual,13,carpet,37,2275,0.01651769131422043,0.019590385258197784,-3.1466102600097656,0.006351781077682972,-33.10980224609375,-7.0,7.0,2.9001450538635254,0.48870041966438293,0.8879081010818481,-0.46198511123657227,465
individual,13,carpet,38,2275,0.023330621421337128,0.020226867869496346,-3.15790057182312,0.006345662754029036,-26.907238006591797,-7.0,7.0,2.971431255340576,0.46664851903915405,0.9571112394332886,-0.4875873029232025,466
individual,13,carpet,39,2275,0.038264304399490356,0.03328469395637512,-3.099964141845703,0.006339523009955883,-29.797306060791016,-7.0,7.0,2.8249571323394775,0.48405587673187256,0.9618743658065796,-0.4510335922241211,467
individual,13,carpet,40,2275,0.030441854149103165,0.019672906026244164,-2.974486827850342,0.006333365570753813,-28.556331634521484,-7.0,7.0,2.7856342792510986,0.4201184809207916,0.9470947980880737,-0.4474247097969055,468
individual,13,carpet,41,2275,0.0240765493363142,0.021195702254772186,-3.20408296585083,0.006327192764729261,-25.181541442871094,-7.0,7.0,3.1028554439544678,0.4515799582004547,0.9398478269577026,-0.4777654707431793,469
individual,13,carpet,42,2275,0.026273604482412338,0.02212448976933956,-3.234699010848999,0.006321004591882229,-26.976470947265625,-7.0,7.0,2.9354288578033447,0.4469121992588043,0.9244466423988342,-0.4737074673175812,470
individual,13,carpet,43,2275,0.031525950878858566,0.02109856717288494,-3.2403321266174316,0.006314804777503014,-23.19243049621582,-7.0,7.0,2.84798002243042,0.4827938377857208,0.9723396301269531,-0.49506884813308716,471
individual,13,carpet,44,2275,0.019496342167258263,0.015981480479240417,-3.3123459815979004,0.0063085961155593395,-29.743200302124023,-7.0,7.0,3.034623384475708,0.5195332765579224,0.929010272026062,-0.4749228358268738,472
individual,13,carpet,45,2275,0.023890500888228416,0.02299073152244091,-3.088489055633545,0.006302378140389919,-19.935104370117188,-7.0,7.0,2.8239715099334717,0.4149206280708313,1.0039254426956177,-0.5182616114616394,473
individual,13,carpet,46,2275,0.04629569128155708,0.032545771449804306,-3.156055450439453,0.006296154111623764,-21.73373794555664,-7.0,7.0,3.0017826557159424,0.3840511739253998,0.9943488240242004,-0.5340929627418518,474
individual,13,carpet,47,2275,0.013437985442578793,0.013420660980045795,-3.2190072536468506,0.006289924960583448,-17.542829513549805,-7.0,7.0,2.8370437622070312,0.4413222670555115,1.110642671585083,-0.5562228560447693,475
individual,13,carpet,48,2275,0.030382655560970306,0.028730012476444244,-3.3526623249053955,0.006283692549914122,-9.354958534240723,-7.0,7.0,2.863778591156006,0.4301760494709015,1.1300327777862549,-0.6119757890701294,476
individual,13,carpet,49,2275,0.02210013009607792,0.01943456381559372,-3.231674909591675,0.0062780859880149364,0.04392087459564209,-7.0,7.0,2.9138803482055664,0.5760445594787598,1.3056905269622803,-0.6932334899902344,477
individual,13,carpet,50,2275,0.018427010625600815,0.01813642866909504,-3.204937696456909,0.006272953934967518,-0.6798694133758545,-7.0,7.0,3.0220727920532227,0.4833434522151947,1.2754863500595093,-0.7261524796485901,478
population,13,carpet,1,2275,0.017644142732024193,0.016241123899817467,-2.801453113555908,0.0067922864109277725,-24.619319915771484,-7.0,7.0,2.630427598953247,0.4517538249492645,0.8732145428657532,-0.668401837348938,429
population,13,carpet,2,2275,0.0156343262642622,0.016390850767493248,-2.9154887199401855,0.006785378325730562,-9.623907089233398,-7.0,7.0,2.700076103210449,0.4185529351234436,1.0308542251586914,-0.7671025991439819,430
population,13,carpet,3,2275,0.02690604329109192,0.024637527763843536,-3.02833890914917,0.0067784772254526615,-18.749794006347656,-7.0,7.0,2.7381420135498047,0.46935874223709106,0.9979301691055298,-0.7418056130409241,431
population,13,carpet,4,2275,0.025620436295866966,0.02292746677994728,-2.9839890003204346,0.006772138644009829,-0.899503231048584,-7.0,7.0,2.625638723373413,0.4694662392139435,1.1657127141952515,-0.8494343161582947,432
population,13,carpet,5,2275,0.018349962309002876,0.017865583300590515,-2.888010025024414,0.006765750702470541,-9.760086059570312,-7.0,7.0,2.756662368774414,0.4508218765258789,1.018096685409546,-0.7365950345993042,433
population,13,carpet,6,2275,0.02279924973845482,0.016010545194149017,-2.9286856651306152,0.006759317591786385,-11.405473709106445,-7.0,7.0,2.8036961555480957,0.3781577944755554,1.0430030822753906,-0.7570292353630066,434
population,13,carpet,7,2275,0.023824399337172508,0.022556990385055542,-2.9532885551452637,0.006753434892743826,-0.6532924175262451,-7.0,7.0,2.6318609714508057,0.49235451221466064,1.2118107080459595,-0.8362034559249878,435
population,13,carpet,8,2275,0.035240065306425095,0.03706565126776695,-3.093356132507324,0.006748223211616278,0.6241204738616943,-7.0,7.0,2.756237268447876,0.46898597478866577,1.2497667074203491,-0.8785620927810669,436
population,13,carpet,9,2275,0.023244569078087807,0.026381799951195717,-3.0203633308410645,0.0067437682300806046,1.7175484895706177,-7.0,7.0,2.715744972229004,0.4297117590904236,1.2529996633529663,-0.8793585896492004,437
population,13,carpet,10,2275,0.02830621972680092,0.026087820529937744,-2.9746720790863037,0.006739794742316008,0.29215967655181885,-7.0,7.0,2.7495579719543457,0.522208571434021,1.2249234914779663,-0.8491984009742737,438
population,13,carpet,11,2275,0.026035761460661888,0.02383263036608696,-3.0109047889709473,0.006735865492373705,-2.5411007404327393,-7.0,7.0,2.809130907058716,0.32165658473968506,1.2266178131103516,-0.8291217088699341,439
population,13,carpet,12,2275,0.01841285079717636,0.017831724137067795,-2.9709866046905518,0.006731642875820398,-9.889433860778809,-7.0,7.0,2.7473390102386475,0.4393388330936432,1.028170108795166,-0.6954584121704102,440
population,13,carpet,13,2275,0.017206532880663872,0.02182924374938011,-2.9871506690979004,0.006727153901010752,-9.33089542388916,-7.0,7.0,2.755119562149048,0.460481733083725,1.1294437646865845,-0.7488551735877991,441
population,13,carpet,14,2275,0.01739988848567009,0.01679088920354843,-3.0487849712371826,0.006722427438944578,-10.631516456604004,-7.0,7.0,2.793443202972412,0.39319008588790894,1.0949691534042358,-0.7131034135818481,442
population,13,carpet,15,2275,0.03480824455618858,0.032076381146907806,-3.01774001121521,0.006717489566653967,-8.879959106445312,-7.0,7.0,2.843592882156372,0.4642758071422577,1.1205418109893799,-0.7109151482582092,443
population,13,carpet,16,2275,0.017903568223118782,0.019678359851241112,-3.006923198699951,0.006712359841912985,-12.865970611572266,-7.0,7.0,2.823955774307251,0.4778535068035126,1.0758280754089355,-0.6717252731323242,444
population,13,carpet,17,2275,0.020801950246095657,0.022312873974442482,-3.1411731243133545,0.006707058288156986,-13.452836990356445,-7.0,7.0,2.7872443199157715,0.52674800157547,1.0869590044021606,-0.6681030988693237,445
population,13,carpet,18,2275,0.021385323256254196,0.016629192978143692,-3.1819467544555664,0.006701604463160038,-16.948808670043945,-7.0,7.0,2.774132013320923,0.45015987753868103,1.0087652206420898,-0.628498375415802,446
population,13,carpet,19,2275,0.011793521232903004,0.017489729449152946,-3.080845832824707,0.006696014665067196,-7.378903865814209,-7.0,7.0,2.8239870071411133,0.49480149149894714,1.1177561283111572,-0.6710452437400818,447
population,13,carpet,20,2275,0.023557083681225777,0.022719601169228554,-2.984534978866577,0.0066903019323945045,-17.723846435546875,-7.0,7.0,2.762993812561035,0.406242311000824,0.9828758835792542,-0.5835882425308228,448
population,13,carpet,21,2275,0.026137009263038635,0.03878245875239372,-3.194237232208252,0.006684479303658009,-5.022410869598389,-7.0,7.0,2.8172082901000977,0.49736011028289795,1.213856816291809,-0.6995835900306702,449
population,13,carpet,22,2275,0.015516836196184158,0.018815873190760612,-3.1551716327667236,0.006678559351712465,-18.20968246459961,-7.0,7.0,2.854424238204956,0.47739824652671814,0.9853757619857788,-0.5841041803359985,450
population,13,carpet,23,2275,0.01688314788043499,0.01606057956814766,-3.1037497520446777,0.006672552786767483,-17.833599090576172,-7.0,7.0,2.836735486984253,0.4538174271583557,1.035192608833313,-0.6126999258995056,451
population,13,carpet,24,2275,0.01818627305328846,0.01590445451438427,-3.1322669982910156,0.006666468922048807,-9.151291847229004,-7.0,7.0,2.839128255844116,0.4928279519081116,1.1014505624771118,-0.6284239888191223,452
population,13,carpet,25,2275,0.02894481271505356,0.02584134414792061,-2.905679702758789,0.006660317536443472,-6.753086090087891,-7.0,7.0,2.727142572402954,0.4213218688964844,1.184334635734558,-0.6832293272018433,453
population,13,carpet,26,2275,0.013655495829880238,0.014700853265821934,-3.049105644226074,0.006654105149209499,-14.287140846252441,-7.0,7.0,2.8693506717681885,0.3876546621322632,1.0780609846115112,-0.6228467226028442,454
population,13,carpet,27,2275,0.018128862604498863,0.02386344037950039,-3.045999050140381,0.006647838745266199,-8.06692123413086,-7.0,7.0,2.7906315326690674,0.4514203369617462,1.1077367067337036,-0.6546230912208557,455
population,13,carpet,28,2275,0.02031143382191658,0.01872202381491661,-3.1288368701934814,0.006641523912549019,-7.52023983001709,-7.0,7.0,2.787839651107788,0.4140384793281555,1.1553236246109009,-0.6921833753585815,456
population,13,carpet,29,2275,0.01905113458633423,0.02308194525539875,-3.0289182662963867,0.006635164842009544,-7.158276081085205,-7.0,7.0,2.7256686687469482,0.5307815670967102,1.155482530593872,-0.6774974465370178,457
population,13,carpet,30,2275,0.021722042933106422,0.0215664803981781,-2.947160243988037,0.0066287703812122345,-9.854671478271484,-7.0,7.0,2.742335319519043,0.4562925696372986,1.177303433418274,-0.6873700022697449,458
population,13,carpet,31,2275,0.020776886492967606,0.02520495094358921,-3.191911458969116,0.0066223409958183765,-10.929963111877441,-7.0,7.0,2.8434371948242188,0.549264669418335,1.138537049293518,-0.6666707396507263,459
population,13,carpet,32,2275,0.018514737486839294,0.020268989726901054,-3.218534231185913,0.00661588367074728,-10.063232421875,-7.0,7.0,2.8877291679382324,0.48379427194595337,1.1088420152664185,-0.6539732813835144,460
population,13,carpet,33,2275,0.02918357029557228,0.024691959843039513,-3.2072973251342773,0.006609400734305382,-21.764829635620117,-7.0,7.0,2.9501852989196777,0.4375864863395691,0.9938415288925171,-0.6103014349937439,461
population,13,carpet,34,2275,0.024987583979964256,0.033283084630966187,-3.0575003623962402,0.00660289591178298,-17.092580795288086,-7.0,7.0,2.900184154510498,0.4535309672355652,1.0088351964950562,-0.604922354221344,462
population,13,carpet,35,2275,0.02267366647720337,0.019797904416918755,-3.064828395843506,0.0065963719971477985,-16.962806701660156,-7.0,7.0,2.8850948810577393,0.541089653968811,1.0273215770721436,-0.6201173663139343,463
population,13,carpet,36,2275,0.01402710285037756,0.014463161118328571,-3.1746389865875244,0.006589832715690136,-13.282405853271484,-7.0,7.0,2.9553470611572266,0.3879798352718353,1.003710389137268,-0.6034260988235474,464
population,13,carpet,37,2275,0.031500644981861115,0.03211827203631401,-3.2899482250213623,0.006583278067409992,-22.9281005859375,-7.0,7.0,2.9242091178894043,0.5245509743690491,0.9119235873222351,-0.5598533749580383,465
population,13,carpet,38,2275,0.01617463305592537,0.01264508068561554,-3.24503755569458,0.0065767113119363785,-24.434980392456055,-7.0,7.0,2.975220203399658,0.4248732626438141,0.9583569169044495,-0.5912138223648071,466
population,13,carpet,39,2275,0.04605977237224579,0.05077511444687843,-2.945183753967285,0.006570135243237019,-15.52601146697998,-7.0,7.0,2.80179500579834,0.5113276839256287,1.047151803970337,-0.61888587474823,467
population,13,carpet,40,2275,0.023806869983673096,0.02155243791639805,-3.1501643657684326,0.0065635498613119125,-19.83987045288086,-7.0,7.0,2.9770827293395996,0.5423822999000549,0.9835743308067322,-0.5892677903175354,468
population,13,carpet,41,2275,0.013121883384883404,0.021849991753697395,-3.331786870956421,0.006556958891451359,-23.875425338745117,-7.0,7.0,3.0173287391662598,0.4800255596637726,0.9754624962806702,-0.5838895440101624,469
population,13,carpet,42,2275,0.04952068626880646,0.04420403391122818,-3.3540258407592773,0.00655036186799407,-22.95458221435547,-7.0,7.0,2.9102392196655273,0.45530447363853455,1.0391254425048828,-0.6114522218704224,470
population,13,carpet,43,2275,0.02554245851933956,0.032873064279556274,-3.2085154056549072,0.006543762516230345,-22.255277633666992,-7.0,7.0,3.1686789989471436,0.42263472080230713,1.0122748613357544,-0.6059960126876831,471
population,13,carpet,44,2275,0.03826962038874626,0.05565287545323372,-3.293731689453125,0.006537159904837608,-14.332496643066406,-7.0,7.0,3.213568925857544,0.42032375931739807,1.099095106124878,-0.6512097120285034,472
population,13,carpet,45,2275,0.034072741866111755,0.043407075107097626,-3.392003297805786,0.006530554965138435,-9.379026412963867,-7.0,7.0,2.9993574619293213,0.6312177181243896,1.1714346408843994,-0.6786164045333862,473
population,13,carpet,46,2275,0.023864950984716415,0.03845083713531494,-3.5394577980041504,0.00652395049110055,-8.1231689453125,-7.0,7.0,3.1953301429748535,0.40739136934280396,1.2030061483383179,-0.7263404726982117,474
population,13,carpet,47,2275,0.020560769364237785,0.025354595854878426,-3.289807081222534,0.006517439614981413,-4.29358434677124,-7.0,7.0,2.923250436782837,0.49762314558029175,1.261210560798645,-0.7460095286369324,475
population,13,carpet,48,2275,0.030900515615940094,0.05138374865055084,-3.2703857421875,0.006511307787150145,-2.0540356636047363,-7.0,7.0,3.1317341327667236,0.436984658241272,1.2532707452774048,-0.7512912750244141,476
population,13,carpet,49,2275,0.017909592017531395,0.01893794909119606,-3.428520917892456,0.006506205536425114,3.145325183868408,-7.0,7.0,3.1401920318603516,0.44936659932136536,1.3653868436813354,-0.8175740838050842,477
population,13,carpet,50,2275,0.026789318770170212,0.042818617075681686,-3.521298885345459,0.00650228513404727,7.32887077331543,-7.0,7.0,3.069735288619995,0.5254458785057068,1.3990600109100342,-0.836978018283844,478
individual,14,carpet,1,2450,0.022916994988918304,0.02149435691535473,-3.190842390060425,0.006268881261348724,4.36799430847168,-7.0,7.0,2.9949071407318115,0.43973374366760254,1.3328239917755127,-0.7329214811325073,479
individual,14,carpet,2,2450,0.01958451047539711,0.0190484207123518,-3.2644002437591553,0.006265850737690926,5.6222147941589355,-7.0,7.0,3.034910202026367,0.480078786611557,1.3823806047439575,-0.8179095983505249,480
individual,14,carpet,3,2450,0.02137826569378376,0.023181190714240074,-3.1662628650665283,0.006263756658881903,7.872110366821289,-7.0,7.0,3.054198741912842,0.3424684405326843,1.4122246503829956,-0.8411587476730347,481
individual,14,carpet,4,2450,0.03385668620467186,0.02897408977150917,-3.1598291397094727,0.006262505427002907,17.82206153869629,-7.0,7.0,3.055612087249756,0.5579617619514465,1.5458285808563232,-0.8901824355125427,482
individual,14,carpet,5,2450,0.03255404904484749,0.03205002844333649,-3.28843092918396,0.006262009497731924,21.575481414794922,-7.0,7.0,3.078829050064087,0.41900405287742615,1.5027456283569336,-0.9145364165306091,483
individual,14,carpet,6,2450,0.02626318857073784,0.02122770994901657,-3.252201557159424,0.006261914037168026,2.7971532344818115,-7.0,7.0,3.0739336013793945,0.4044099748134613,1.3287022113800049,-0.813420295715332,484
individual,14,carpet,7,2450,0.030951449647545815,0.037422724068164825,-3.112927198410034,0.006261896342039108,0.5543828010559082,-7.0,7.0,3.0389082431793213,0.4929519295692444,1.317347526550293,-0.787948489189148,485
individual,14,carpet,8,2450,0.02636515349149704,0.023259250447154045,-3.257190704345703,0.006261543836444616,-2.697861433029175,-7.0,7.0,3.065373659133911,0.5691996216773987,1.3053209781646729,-0.7634888887405396,486
individual,14,carpet,9,2450,0.013754352927207947,0.013788901269435883,-3.2798995971679688,0.006260591559112072,-9.052414894104004,-7.0,7.0,3.095411539077759,0.397481769323349,1.1506620645523071,-0.7245866656303406,487
individual,14,carpet,10,2450,0.012277881614863873,0.01248343475162983,-3.2669548988342285,0.0062591019086539745,-6.901196002960205,-7.0,7.0,3.049792766571045,0.5099272131919861,1.1647676229476929,-0.7076564431190491,488
individual,14,carpet,11,2450,0.018091410398483276,0.01974107325077057,-3.296980381011963,0.006257126573473215,-14.913058280944824,-7.0,7.0,3.056001901626587,0.5162465572357178,1.1361799240112305,-0.6620736718177795,489
individual,14,carpet,12,2450,0.021384138613939285,0.016975918784737587,-3.286931037902832,0.00625471631065011,-25.2542667388916,-7.0,7.0,3.0276687145233154,0.4921802580356598,1.0499125719070435,-0.5883456468582153,490
individual,14,carpet,13,2450,0.03721446171402931,0.02739538811147213,-3.252978801727295,0.006251916289329529,-25.138601303100586,-7.0,7.0,3.1142876148223877,0.3932039737701416,0.9541440606117249,-0.6035668253898621,491
individual,14,carpet,14,2450,0.028357503935694695,0.02215700037777424,-3.2926650047302246,0.006248766090720892,-19.357288360595703,-7.0,7.0,3.064970016479492,0.5151382088661194,1.0588182210922241,-0.5801916718482971,492
individual,14,carpet,15,2450,0.027163784950971603,0.02090497687458992,-3.3684678077697754,0.0062452987767755985,-21.034908294677734,-7.0,7.0,2.9883832931518555,0.5030574202537537,1.0362317562103271,-0.5567460656166077,493
individual,14,carpet,16,2450,0.02043897658586502,0.01736198179423809,-3.4770565032958984,0.006241547409445047,-25.853750228881836,-7.0,7.0,3.206298351287842,0.41258180141448975,0.9377328753471375,-0.5648086667060852,494
individual,14,carpet,17,2450,0.015521612018346786,0.017646262422204018,-3.397416830062866,0.006237542722374201,-21.351491928100586,-7.0,7.0,3.1515684127807617,0.3921506702899933,1.0421591997146606,-0.5877829790115356,495
individual,14,carpet,18,2450,0.03864489123225212,0.02635488659143448,-3.271984577178955,0.006233308929949999,-28.35932731628418,-7.0,7.0,3.0951762199401855,0.5272086262702942,0.9165773391723633,-0.5132974982261658,496
individual,14,carpet,19,2450,0.014903495088219643,0.01564982533454895,-3.355250358581543,0.006228873040527105,-16.84217643737793,-7.0,7.0,2.9585776329040527,0.5487098693847656,1.1702384948730469,-0.5902513861656189,497
individual,14,carpet,20,2450,0.028337102383375168,0.022264445200562477,-3.395979881286621,0.006224253214895725,-22.981067657470703,-7.0,7.0,3.234121322631836,0.32081836462020874,0.9872620701789856,-0.5703052282333374,498
individual,14,carpet,21,2450,0.014631366357207298,0.013599944300949574,-3.3026111125946045,0.006219467613846064,-21.23592758178711,-7.0,7.0,3.124688148498535,0.25005558133125305,1.0366307497024536,-0.5824316143989563,499
individual,14,carpet,22,2450,0.02317427285015583,0.018531817942857742,-3.2488906383514404,0.006214534863829613,-7.822715759277344,-7.0,7.0,2.970198631286621,0.4200502336025238,1.2944129705429077,-0.6663504242897034,500
individual,14,carpet,23,2450,0.014830615371465683,0.013750315643846989,-3.3866782188415527,0.006209472194314003,-8.168228149414062,-7.0,7.0,3.172759532928467,0.439917653799057,1.2612756490707397,-0.6702495813369751,501
individual,14,carpet,24,2450,0.02082551084458828,0.018609441816806793,-3.2705798149108887,0.00620464188978076,-2.209713935852051,-7.0,7.0,3.1321663856506348,0.40727633237838745,1.3363484144210815,-0.6843718886375427,502
individual,14,carpet,25,2450,0.03005145862698555,0.021613935008645058,-3.494746685028076,0.006200628355145454,2.7218596935272217,-7.0,7.0,3.3167505264282227,0.44568169116973877,1.3731752634048462,-0.7035306096076965,503
individual,14,carpet,26,2450,0.03651421517133713,0.0272081196308136,-3.452319860458374,0.006196389906108379,-5.338925361633301,-7.0,7.0,3.136861562728882,0.43833020329475403,1.3149473667144775,-0.7236899733543396,504
individual,14,carpet,27,2450,0.01482872199267149,0.01582339219748974,-3.3451547622680664,0.0061920336447656155,-4.401998519897461,-7.0,7.0,3.2149109840393066,0.3898473381996155,1.2893532514572144,-0.6969189047813416,505
individual,14,carpet,28,2450,0.040305376052856445,0.029666392132639885,-3.1929028034210205,0.006187488324940205,-5.999904632568359,-7.0,7.0,3.1260759830474854,0.508040189743042,1.2769546508789062,-0.6713209748268127,506
individual,14,carpet,29,2450,0.021621985360980034,0.018638774752616882,-3.23085618019104,0.006183329503983259,-0.5279213190078735,-7.0,7.0,3.071025848388672,0.5158049464225769,1.3842661380767822,-0.693784773349762,507
individual,14,carpet,30,2450,0.01717575639486313,0.015106198377907276,-3.3799219131469727,0.006178961601108313,-15.509317398071289,-7.0,7.0,3.302811861038208,0.36472126841545105,1.1407344341278076,-0.6365336179733276,508
individual,14,carpet,31,2450,0.03260818123817444,0.02650849148631096,-3.4311623573303223,0.00617440789937973,-12.94754409790039,-7.0,7.0,3.1710445880889893,0.39776089787483215,1.2282594442367554,-0.6429930925369263,509
individual,14,carpet,32,2450,0.025142213329672813,0.020177090540528297,-3.4583449363708496,0.006169687490910292,-13.874531745910645,-7.0,7.0,3.22733998298645,0.5671762824058533,1.2265405654907227,-0.6245527267456055,510
individual,14,carpet,33,2450,0.01684103161096573,0.01494193822145462,-3.41721773147583,0.006164814345538616,-14.427096366882324,-7.0,7.0,3.1975035667419434,0.37471094727516174,1.1715114116668701,-0.6165353655815125,511
individual,14,carpet,34,2450,0.0423707515001297,0.03145138919353485,-3.2620930671691895,0.006159807555377483,-16.156585693359375,-7.0,7.0,3.1962993144989014,0.43076276779174805,1.1214731931686401,-0.6028639078140259,512
individual,14,carpet,35,2450,0.00980948656797409,0.007334998343139887,-3.3210856914520264,0.0061546810902655125,-12.038707733154297,-7.0,7.0,3.1588902473449707,0.456050843000412,1.1650810241699219,-0.6421051025390625,513
individual,14,carpet,36,2450,0.017153950408101082,0.013113041408360004,-3.468784809112549,0.006149444729089737,-16.568214416503906,-7.0,7.0,3.30269718170166,0.4103405177593231,1.100748896598816,-0.6030036807060242,514
individual,14,carpet,37,2450,0.03771775960922241,0.02547854371368885,-3.614694118499756,0.006144113373011351,-20.873088836669922,-7.0,7.0,3.320143461227417,0.36809995770454407,1.0473659038543701,-0.5581701993942261,515
individual,14,carpet,38,2450,0.029318206012248993,0.025306779891252518,-3.470424175262451,0.006138695869594812,-26.061616897583008,-7.0,7.0,3.3722617626190186,0.4690801203250885,1.0253607034683228,-0.5373660922050476,516
individual,14,carpet,39,2450,0.03811363875865936,0.0322767049074173,-3.4576587677001953,0.006133201066404581,-16.21184730529785,-7.0,7.0,3.359086275100708,0.4606722295284271,1.05142080783844,-0.5543833374977112,517
individual,14,carpet,40,2450,0.029795048758387566,0.025055114179849625,-3.4805757999420166,0.006127638276666403,-29.66827392578125,-7.0,7.0,3.2401282787323,0.5070533156394958,0.9602745771408081,-0.4684557616710663,518
individual,14,carpet,41,2450,0.03678765147924423,0.02568107284605503,-3.6649560928344727,0.006122015882283449,-22.84251594543457,-7.0,7.0,3.243650436401367,0.4293435513973236,1.0080560445785522,-0.49240896105766296,519
individual,14,carpet,42,2450,0.029969148337841034,0.02249045856297016,-3.5909616947174072,0.00611634086817503,-24.394094467163086,-7.0,7.0,3.297053575515747,0.4511745274066925,0.9866279363632202,-0.48121875524520874,520
individual,14,carpet,43,2450,0.03204665705561638,0.02792615257203579,-3.4298465251922607,0.006110615562647581,-23.024620056152344,-7.0,7.0,3.267451524734497,0.44036227464675903,1.0453230142593384,-0.5075393915176392,521
individual,14,carpet,44,2450,0.0573740229010582,0.03786666318774223,-3.4584927558898926,0.006104848813265562,-20.000349044799805,-7.0,7.0,3.264455556869507,0.643308699131012,1.0874050855636597,-0.5057418346405029,522
individual,14,carpet,45,2450,0.025288185104727745,0.02130305767059326,-3.5091426372528076,0.006099044345319271,-26.099956512451172,-7.0,7.0,3.2304461002349854,0.4677411913871765,1.0305463075637817,-0.4808828830718994,523
individual,14,carpet,46,2450,0.0727027952671051,0.05492421239614487,-3.8190746307373047,0.006093207281082869,-15.998353958129883,-7.0,7.0,3.369121551513672,0.4179048538208008,1.1027157306671143,-0.5415832996368408,524
individual,14,carpet,47,2450,0.02964840456843376,0.015623637475073338,-3.7456326484680176,0.006087340880185366,-20.137670516967773,-7.0,7.0,3.4971861839294434,0.5190801024436951,1.0274426937103271,-0.5301461219787598,525
individual,14,carpet,48,2450,0.06706157326698303,0.05394749715924263,-3.4706778526306152,0.0060814484022557735,-16.382633209228516,-7.0,7.0,3.4817709922790527,0.47966593503952026,1.115658164024353,-0.5913670659065247,526
individual,14,carpet,49,2450,0.03782692924141884,0.01554485410451889,-3.5202713012695312,0.006075535900890827,-19.055490493774414,-7.0,7.0,3.455021381378174,0.46730417013168335,1.1136499643325806,-0.6029171347618103,527
individual,14,carpet,50,2450,0.0352511927485466,0.04738588258624077,-3.7520689964294434,0.006069602444767952,-12.218774795532227,-7.0,7.0,3.4644646644592285,0.482713520526886,1.1925047636032104,-0.6545831561088562,528
population,14,carpet,1,2450,0.02878674492239952,0.03190440312027931,-3.5755162239074707,0.006499383598566055,4.737950325012207,-7.0,7.0,3.2539162635803223,0.4927634298801422,1.382097840309143,-0.8446506261825562,479
population,14,carpet,2,2450,0.01646428368985653,0.017428375780582428,-3.439769744873047,0.006496976129710674,1.5412534475326538,-7.0,7.0,3.102755069732666,0.5096693634986877,1.3722862005233765,-0.8267321586608887,480
population,14,carpet,3,2450,0.024506527930498123,0.029313964769244194,-3.3445992469787598,0.006495476700365543,10.565086364746094,-7.0,7.0,3.018923282623291,0.3903350532054901,1.4485728740692139,-0.8640308976173401,481
population,14,carpet,4,2450,0.022748544812202454,0.022642815485596657,-3.3707807064056396,0.006494795437902212,8.389187812805176,-7.0,7.0,3.1090645790100098,0.42056727409362793,1.4517841339111328,-0.8628717660903931,482
population,14,carpet,5,2450,0.021558303385972977,0.021286575123667717,-3.60811448097229,0.006494848057627678,11.065299987792969,-7.0,7.0,3.2935585975646973,0.48102399706840515,1.452853798866272,-0.8597460985183716,483
population,14,carpet,6,2450,0.029852138832211494,0.028211385011672974,-3.354194402694702,0.006495560519397259,11.334436416625977,-7.0,7.0,3.0251200199127197,0.46077337861061096,1.4462320804595947,-0.8422266840934753,484
population,14,carpet,7,2450,0.021656986325979233,0.02509170025587082,-3.3806867599487305,0.006496867630630732,8.646821975708008,-7.0,7.0,3.1277670860290527,0.5615885853767395,1.417070746421814,-0.8466401696205139,485
population,14,carpet,8,2450,0.03471511974930763,0.028401954099535942,-3.529331922531128,0.006498711183667183,5.872926235198975,-7.0,7.0,3.2713212966918945,0.3764938414096832,1.4694452285766602,-0.8512171506881714,486
population,14,carpet,9,2450,0.01553962379693985,0.020244291052222252,-3.5247838497161865,0.006501038558781147,9.752874374389648,-7.0,7.0,3.1229610443115234,0.47690534591674805,1.5350607633590698,-0.8792985081672668,487
population,14,carpet,10,2450,0.01855119876563549,0.02194826677441597,-3.446235179901123,0.006503801327198744,12.290413856506348,-7.0,7.0,3.1687817573547363,0.41309887170791626,1.5094748735427856,-0.8601607084274292,488
population,14,carpet,11,2450,0.04172200709581375,0.039495546370744705,-3.295114040374756,0.006506956182420254,12.0517578125,-7.0,7.0,3.145500898361206,0.5314944982528687,1.5476388931274414,-0.8411027789115906,489
population,14,carpet,12,2450,0.0229078009724617,0.03200576826930046,-3.394270896911621,0.006510463077574968,7.862517356872559,-7.0,7.0,3.1685657501220703,0.5414106249809265,1.4911991357803345,-0.8296816945075989,490
population,14,carpet,13,2450,0.02477945387363434,0.02163168042898178,-3.502854824066162,0.006513770204037428,1.0782798528671265,-7.0,7.0,3.152432441711426,0.5792319178581238,1.4311350584030151,-0.7929978370666504,491
population,14,carpet,14,2450,0.03874817490577698,0.0481957346200943,-3.568195104598999,0.006516917608678341,1.245760202407837,-7.0,7.0,3.1519711017608643,0.4550017714500427,1.4656397104263306,-0.781960129737854,492
population,14,carpet,15,2450,0.02243810147047043,0.019619692116975784,-3.6111230850219727,0.006520022638142109,2.009199619293213,-7.0,7.0,3.3172006607055664,0.3963654935359955,1.4504022598266602,-0.7693158388137817,493
population,14,carpet,16,2450,0.024026330560445786,0.030591480433940887,-3.4621775150299072,0.0065221465192735195,-6.792344093322754,-7.0,7.0,3.1955058574676514,0.5559964776039124,1.4255069494247437,-0.740189254283905,494
population,14,carpet,17,2450,0.011933490633964539,0.01677274890244007,-3.6319141387939453,0.006524479482322931,3.148810386657715,-7.0,7.0,3.2354397773742676,0.41423463821411133,1.45070481300354,-0.7597460150718689,495
population,14,carpet,18,2450,0.027309289202094078,0.027984192594885826,-3.82767653465271,0.006526956334710121,2.808828353881836,-7.0,7.0,3.2555108070373535,0.4724059998989105,1.425358772277832,-0.7449889183044434,496
population,14,carpet,19,2450,0.02223939262330532,0.023708265274763107,-3.6435546875,0.0065298606641590595,5.918312072753906,-7.0,7.0,3.057556390762329,0.5510541200637817,1.464076280593872,-0.7406786680221558,497
population,14,carpet,20,2450,0.019423291087150574,0.015334900468587875,-3.8098232746124268,0.006533149629831314,6.496211051940918,-7.0,7.0,3.387653112411499,0.48668456077575684,1.5317710638046265,-0.7915836572647095,498
population,14,carpet,21,2450,0.016481613740324974,0.02320116013288498,-3.7111005783081055,0.006536782719194889,15.315411567687988,-7.0,7.0,3.3673717975616455,0.37699195742607117,1.5603240728378296,-0.805730402469635,499
population,14,carpet,22,2450,0.02131681516766548,0.027604881674051285,-3.5075933933258057,0.006540730129927397,11.637249946594238,-7.0,7.0,3.179529905319214,0.5718774199485779,1.5736172199249268,-0.7906772494316101,500
population,14,carpet,23,2450,0.015076670795679092,0.014090866781771183,-3.6115617752075195,0.006544957403093576,13.396294593811035,-7.0,7.0,3.1868767738342285,0.48783567547798157,1.5822046995162964,-0.8039057850837708,501
population,14,carpet,24,2450,0.021554484963417053,0.037845004349946976,-3.7809739112854004,0.006549440789967775,13.469955444335938,-7.0,7.0,3.3060975074768066,0.5530161261558533,1.6303393840789795,-0.8058375120162964,502
population,14,carpet,25,2450,0.01707160845398903,0.018979277461767197,-3.588757038116455,0.006554151885211468,14.67701530456543,-7.0,7.0,3.254621744155884,0.5378448963165283,1.5994006395339966,-0.8059626817703247,503
population,14,carpet,26,2450,0.03838437795639038,0.05185864120721817,-3.395155668258667,0.006559069734066725,16.04107093811035,-7.0,7.0,3.288154125213623,0.45907828211784363,1.538679838180542,-0.7754669785499573,504
population,14,carpet,27,2450,0.01895228400826454,0.021246222779154778,-3.5718860626220703,0.0065641761757433414,9.684700012207031,-7.0,7.0,3.2092506885528564,0.5303887724876404,1.5205965042114258,-0.7419613599777222,505
population,14,carpet,28,2450,0.020523283630609512,0.027226869016885757,-3.6751065254211426,0.006569452118128538,5.222440719604492,-7.0,7.0,3.3272085189819336,0.4502458870410919,1.4128639698028564,-0.6911789774894714,506
population,14,carpet,29,2450,0.01839064247906208,0.025924736633896828,-3.5905771255493164,0.006573861464858055,-2.571985960006714,-7.0,7.0,3.3228492736816406,0.5901735424995422,1.3420029878616333,-0.673017144203186,507
population,14,carpet,30,2450,0.016928385943174362,0.018957126885652542,-3.6108903884887695,0.0065771532244980335,-9.767738342285156,-7.0,7.0,3.4925994873046875,0.34397637844085693,1.241205096244812,-0.6427017450332642,508
population,14,carpet,31,2450,0.017975572496652603,0.019705984741449356,-3.5850589275360107,0.006579518783837557,-4.43035888671875,-7.0,7.0,3.3140034675598145,0.5438395738601685,1.3824976682662964,-0.6586403250694275,509
population,14,carpet,32,2450,0.030519995838403702,0.033484503626823425,-3.6600165367126465,0.00658097118139267,-5.392163276672363,-7.0,7.0,3.390805721282959,0.5348849892616272,1.3245803117752075,-0.6484420895576477,510
population,14,carpet,33,2450,0.022783545777201653,0.01949288509786129,-3.6574480533599854,0.006582597270607948,2.341045618057251,-7.0,7.0,3.474790573120117,0.5842194557189941,1.4070359468460083,-0.6693525910377502,511
population,14,carpet,34,2450,0.02379964105784893,0.021807750687003136,-3.7193946838378906,0.006584273185580969,1.5565316677093506,-7.0,7.0,3.3578624725341797,0.3952403664588928,1.4000486135482788,-0.6803889870643616,512
population,14,carpet,35,2450,0.02472768723964691,0.020741958171129227,-3.641669750213623,0.006586449686437845,4.935894966125488,-7.0,7.0,3.381457805633545,0.36182424426078796,1.4442757368087769,-0.705984890460968,513
population,14,carpet,36,2450,0.02189626917243004,0.028996795415878296,-3.7359671592712402,0.006588704884052277,2.1679234504699707,-7.0,7.0,3.4490928649902344,0.5345030426979065,1.4142496585845947,-0.7040860056877136,514
population,14,carpet,37,2450,0.020298289135098457,0.023276805877685547,-3.7879488468170166,0.006591416895389557,9.190068244934082,-7.0,7.0,3.420715093612671,0.6123988628387451,1.5125221014022827,-0.7042665481567383,515
population,14,carpet,38,2450,0.014630983583629131,0.022069331258535385,-3.780604600906372,0.006594541948288679,7.229003429412842,-7.0,7.0,3.4444942474365234,0.6041501760482788,1.5094527006149292,-0.7203942537307739,516
population,14,carpet,39,2450,0.010269402526319027,0.015578895807266235,-3.635854959487915,0.006597822066396475,3.432069778442383,-7.0,7.0,3.415494441986084,0.5259999632835388,1.488901972770691,-0.6962910890579224,517
population,14,carpet,40,2450,0.017386067658662796,0.019188623875379562,-3.6198537349700928,0.006601299624890089,3.834946632385254,-7.0,7.0,3.427945375442505,0.5301942825317383,1.471530556678772,-0.6863894462585449,518
population,14,carpet,41,2450,0.02268984355032444,0.021903203800320625,-3.708714008331299,0.006604057736694813,-2.749664783477783,-7.0,7.0,3.4513673782348633,0.4922489523887634,1.3953784704208374,-0.6567155122756958,519
population,14,carpet,42,2450,0.02609870582818985,0.038102664053440094,-3.694645881652832,0.0066062938421964645,-1.8381927013397217,-7.0,7.0,3.2981789112091064,0.44018644094467163,1.3658084869384766,-0.6390434503555298,520
population,14,carpet,43,2450,0.02745187282562256,0.02754743956029415,-3.6674556732177734,0.006607620045542717,-7.583707332611084,-7.0,7.0,3.336914539337158,0.5801402926445007,1.368971824645996,-0.6482542157173157,521
population,14,carpet,44,2450,0.03791318088769913,0.04662466049194336,-3.7556302547454834,0.006608130410313606,-5.654049873352051,-7.0,7.0,3.5102880001068115,0.47103288769721985,1.3360731601715088,-0.6338978409767151,522
population,14,carpet,45,2450,0.02210157737135887,0.02650255151093006,-3.77455472946167,0.006608386058360338,-1.4985816478729248,-7.0,7.0,3.472188949584961,0.5202683210372925,1.3606446981430054,-0.64012211561203,523
population,14,carpet,46,2450,0.031252406537532806,0.04911920055747032,-3.912752151489258,0.006607928778976202,-7.664336681365967,-7.0,7.0,3.515878677368164,0.4775118827819824,1.3264195919036865,-0.6308720707893372,524
population,14,carpet,47,2450,0.02743005007505417,0.020873328670859337,-3.6770002841949463,0.00660683261230588,-5.9772443771362305,-7.0,7.0,3.5021705627441406,0.4657859206199646,1.2833279371261597,-0.6391191482543945,525
population,14,carpet,48,2450,0.02752474509179592,0.03545188158750534,-3.640488386154175,0.00660515995696187,-9.534116744995117,-7.0,7.0,3.498037099838257,0.4316888749599457,1.3153945207595825,-0.6662768125534058,526
population,14,carpet,49,2450,0.013397352769970894,0.021804984658956528,-3.8402185440063477,0.006602968089282513,-7.466008186340332,-7.0,7.0,3.65592098236084,0.561241865158081,1.3164836168289185,-0.6754506230354309,527
population,14,carpet,50,2450,0.021089116111397743,0.029195887967944145,-3.8273839950561523,0.006600311491638422,-9.827777862548828,-7.0,7.0,3.439053535461426,0.4254232943058014,1.2921282052993774,-0.6892362236976624,528
individual,15,carpet,1,2625,0.06957662850618362,0.023122267797589302,-3.743891477584839,0.006063652224838734,-10.122540473937988,-7.0,7.0,3.5149800777435303,0.36333921551704407,1.2207714319229126,-0.6958106160163879,529
individual,15,carpet,2,2625,0.02278420701622963,0.04694490134716034,-3.4422988891601562,0.0060576871037483215,-5.784539222717285,-7.0,7.0,3.369009494781494,0.4179935157299042,1.2292498350143433,-0.7240920066833496,530
individual,15,carpet,3,2625,0.06297434866428375,0.04268459975719452,-3.474560499191284,0.00605193292722106,-3.2186784744262695,-7.0,7.0,3.5163373947143555,0.46183475852012634,1.2533562183380127,-0.7338382005691528,531
individual,15,carpet,4,2625,0.017734594643115997,0.030051138252019882,-3.417649507522583,0.00604730611667037,4.5548295974731445,-7.0,7.0,3.1373817920684814,0.5447884798049927,1.4605207443237305,-0.7757996320724487,532
individual,15,carpet,5,2625,0.017433535307645798,0.02611568570137024,-3.5199131965637207,0.006042973604053259,-1.3886678218841553,-7.0,7.0,3.2587437629699707,0.3905307948589325,1.3520840406417847,-0.7576745748519897,533
individual,15,carpet,6,2625,0.023520691320300102,0.01478672306984663,-3.5673277378082275,0.006039430387318134,2.9786806106567383,-7.0,7.0,3.4146273136138916,0.49258026480674744,1.3797043561935425,-0.7668643593788147,534
individual,15,carpet,7,2625,0.017808064818382263,0.032860901206731796,-3.4621541500091553,0.006036228965967894,-0.08710551261901855,-7.0,7.0,3.353139877319336,0.43348461389541626,1.313366174697876,-0.7425969243049622,535
individual,15,carpet,8,2625,0.029329733923077583,0.02231689728796482,-3.4668779373168945,0.006032735574990511,-7.818720817565918,-7.0,7.0,3.4318959712982178,0.41103214025497437,1.2749042510986328,-0.7122759222984314,536
individual,15,carpet,9,2625,0.020227305591106415,0.03186412155628204,-3.513737440109253,0.006028980016708374,-10.316326141357422,-7.0,7.0,3.322068929672241,0.4495827257633209,1.1670929193496704,-0.6826865077018738,537
individual,15,carpet,10,2625,0.03245289996266365,0.03290891274809837,-3.699329376220703,0.006024987902492285,-14.373373985290527,-7.0,7.0,3.463153600692749,0.5274064540863037,1.1573817729949951,-0.6306858062744141,538
individual,15,carpet,11,2625,0.028559042140841484,0.053903721272945404,-3.505431890487671,0.006020783446729183,-18.372957229614258,-7.0,7.0,3.4395461082458496,0.527766764163971,1.124163269996643,-0.6372570395469666,539
individual,15,carpet,12,2625,0.022586561739444733,0.016322828829288483,-3.5474650859832764,0.006016389932483435,-13.55712604522705,-7.0,7.0,3.379920244216919,0.48555001616477966,1.1317282915115356,-0.6174522042274475,540
individual,15,carpet,13,2625,0.020739035680890083,0.01398420985788107,-3.5917651653289795,0.0060118273831903934,-7.998570919036865,-7.0,7.0,3.401791572570801,0.47769439220428467,1.228072166442871,-0.6414970755577087,541
individual,15,carpet,14,2625,0.02366664633154869,0.03202246129512787,-3.570784091949463,0.006007113493978977,-21.293102264404297,-7.0,7.0,3.5118770599365234,0.4351222515106201,1.0748182535171509,-0.590875506401062,542
individual,15,carpet,15,2625,0.013002507388591766,0.015131558291614056,-3.687587261199951,0.00600226316601038,-23.708049774169922,-7.0,7.0,3.5452752113342285,0.45906999707221985,1.059340476989746,-0.5723696351051331,543
individual,15,carpet,16,2625,0.0355534553527832,0.022262176498770714,-3.5658164024353027,0.005997290834784508,-22.524465560913086,-7.0,7.0,3.4997317790985107,0.4341003894805908,0.999735951423645,-0.5421838760375977,544
individual,15,carpet,17,2625,0.019204651936888695,0.01458371989428997,-3.725560426712036,0.005992208141833544,-22.31886863708496,-7.0,7.0,3.4582228660583496,0.540502667427063,1.082406759262085,-0.5566878914833069,545
individual,15,carpet,18,2625,0.025209899991750717,0.0238343495875597,-3.6373836994171143,0.005987027194350958,-27.084924697875977,-7.0,7.0,3.4691410064697266,0.51273113489151,1.0408788919448853,-0.5236110091209412,546
individual,15,carpet,19,2625,0.04850245639681816,0.019290491938591003,-3.5727248191833496,0.005981759633868933,-23.996212005615234,-7.0,7.0,3.525313377380371,0.47931602597236633,1.074257254600525,-0.5250510573387146,547
individual,15,carpet,20,2625,0.017654553055763245,0.019166581332683563,-3.7155086994171143,0.005976416636258364,-24.649242401123047,-7.0,7.0,3.5670595169067383,0.3497064411640167,0.9688801169395447,-0.5177375078201294,548
individual,15,carpet,21,2625,0.04980919510126114,0.02820667438209057,-3.8007943630218506,0.005971004720777273,-24.92637825012207,-7.0,7.0,3.587245464324951,0.43103641271591187,1.0535916090011597,-0.5314375758171082,549
individual,15,carpet,22,2625,0.01971019059419632,0.02187334932386875,-3.7579851150512695,0.0059655290096998215,-25.066123962402344,-7.0,7.0,3.562321662902832,0.5946878790855408,0.9623470306396484,-0.5120590925216675,550
individual,15,carpet,23,2625,0.025167258456349373,0.01579667069017887,-3.7636466026306152,0.005959999281913042,-29.893596649169922,-7.0,7.0,3.628203868865967,0.5237084031105042,0.9886927008628845,-0.5318085551261902,551
individual,15,carpet,24,2625,0.022292332723736763,0.028770333155989647,-3.68316912651062,0.005954420194029808,-26.482318878173828,-7.0,7.0,3.5559685230255127,0.4258762001991272,0.9553006887435913,-0.5243405699729919,552
individual,15,carpet,25,2625,0.0218541007488966,0.015981357544660568,-3.8232645988464355,0.005948798265308142,-20.683086395263672,-7.0,7.0,3.5424656867980957,0.5618460774421692,1.0533002614974976,-0.5374953746795654,553
individual,15,carpet,26,2625,0.030257565900683403,0.04666250944137573,-3.610154867172241,0.005943139083683491,-23.009809494018555,-7.0,7.0,3.517345666885376,0.39662966132164,0.9968689680099487,-0.5315336585044861,554
individual,15,carpet,27,2625,0.021420961245894432,0.02664467878639698,-3.7056891918182373,0.005937445443123579,-25.739473342895508,-7.0,7.0,3.7467899322509766,0.4057656526565552,0.9564006924629211,-0.5264102220535278,555
individual,15,carpet,28,2625,0.026310615241527557,0.04114431515336037,-3.6623728275299072,0.0059317233972251415,-23.395191192626953,-7.0,7.0,3.4738287925720215,0.51872718334198,0.993301272392273,-0.5509617328643799,556
individual,15,carpet,29,2625,0.01506910938769579,0.030962023884058,-3.9167850017547607,0.005925976205617189,-22.13442611694336,-7.0,7.0,3.6972243785858154,0.39867788553237915,1.0712898969650269,-0.5734209418296814,557
individual,15,carpet,30,2625,0.01958787627518177,0.03271880000829697,-3.6952943801879883,0.005920205730944872,-12.813589096069336,-7.0,7.0,3.5388922691345215,0.5501320958137512,1.1425422430038452,-0.5761874318122864,558
individual,15,carpet,31,2625,0.01952996850013733,0.042279742658138275,-3.656397819519043,0.005914416164159775,-23.34511947631836,-7.0,7.0,3.574711322784424,0.3926268517971039,0.9822414517402649,-0.5882379412651062,559
individual,15,carpet,32,2625,0.018153920769691467,0.010743048042058945,-3.7631516456604004,0.005908609367907047,-22.62933349609375,-7.0,7.0,3.731285810470581,0.49585360288619995,0.9652875065803528,-0.5422224998474121,560
individual,15,carpet,33,2625,0.012448919005692005,0.03992798179388046,-3.850001096725464,0.0059027886018157005,-14.067935943603516,-7.0,7.0,3.6505448818206787,0.5183427333831787,1.1216317415237427,-0.5818254351615906,561
individual,15,carpet,34,2625,0.015310108661651611,0.02045193873345852,-3.980325222015381,0.0058969538658857346,-22.704360961914062,-7.0,7.0,3.764927387237549,0.48507124185562134,0.9814371466636658,-0.5405312180519104,562
individual,15,carpet,35,2625,0.01772274821996689,0.0323810912668705,-3.6425206661224365,0.005891107954084873,-12.961371421813965,-7.0,7.0,3.56679105758667,0.5299574136734009,1.1502338647842407,-0.5818610191345215,563
individual,15,carpet,36,2625,0.03117302991449833,0.03271095082163811,-3.743100643157959,0.00588525366038084,-22.983015060424805,-7.0,7.0,3.5999765396118164,0.4681108593940735,1.0442379713058472,-0.5324580073356628,564
individual,15,carpet,37,2625,0.029104437679052353,0.02084660902619362,-3.8350725173950195,0.005879391450434923,-19.213830947875977,-7.0,7.0,3.7226083278656006,0.4743700325489044,1.0146151781082153,-0.5351583957672119,565
individual,15,carpet,38,2625,0.016429714858531952,0.03329155966639519,-3.8578553199768066,0.005873524118214846,-26.006235122680664,-7.0,7.0,3.613640069961548,0.4713643491268158,0.935130774974823,-0.5037168860435486,566
individual,15,carpet,39,2625,0.011861729435622692,0.010421592742204666,-3.7916829586029053,0.0058676511980593204,-21.206743240356445,-7.0,7.0,3.5791592597961426,0.3769265413284302,1.013870358467102,-0.5318894982337952,567
individual,15,carpet,40,2625,0.012432665564119816,0.01892145350575447,-3.8249237537384033,0.005861775483936071,-23.93731689453125,-7.0,7.0,3.6909608840942383,0.5572468638420105,0.9580340385437012,-0.48073652386665344,568
individual,15,carpet,41,2625,0.014157315716147423,0.010393545031547546,-3.899907350540161,0.005855897441506386,-29.973514556884766,-7.0,7.0,3.738215208053589,0.4534912705421448,0.8867693543434143,-0.4566628634929657,569
individual,15,carpet,42,2625,0.023757213726639748,0.021404914557933807,-3.854330539703369,0.005850017070770264,-25.435962677001953,-7.0,7.0,3.634679079055786,0.5017437934875488,0.9552454948425293,-0.4789890944957733,570
individual,15,carpet,43,2625,0.025704188272356987,0.029581231996417046,-3.8317458629608154,0.005844134371727705,-32.69944381713867,-7.0,7.0,3.7111759185791016,0.5136163234710693,0.7921732664108276,-0.40947508811950684,571
individual,15,carpet,44,2625,0.02132025733590126,0.016209788620471954,-3.8203954696655273,0.005838251672685146,-24.178321838378906,-7.0,7.0,3.5898358821868896,0.4767899513244629,0.9821563363075256,-0.4770236313343048,572
individual,15,carpet,45,2625,0.01906217448413372,0.029726233333349228,-3.7830138206481934,0.005832369439303875,-36.23228454589844,-7.0,7.0,3.7494795322418213,0.4113730490207672,0.7477797269821167,-0.3954039514064789,573
individual,15,carpet,46,2625,0.02338060550391674,0.020529162138700485,-3.7358248233795166,0.005826487671583891,-21.752124786376953,-7.0,7.0,3.5317182540893555,0.5040355324745178,0.9877962470054626,-0.4672238826751709,574
individual,15,carpet,47,2625,0.024103950709104538,0.015005627647042274,-3.7894270420074463,0.005820609163492918,-35.431053161621094,-7.0,7.0,3.69033145904541,0.4275074899196625,0.8196614384651184,-0.4136457145214081,575
individual,15,carpet,48,2625,0.02021150104701519,0.026834581047296524,-3.9508416652679443,0.005814730655401945,-37.65631866455078,-7.0,7.0,3.6992154121398926,0.5181379318237305,0.7884853482246399,-0.36318036913871765,576
individual,15,carpet,49,2625,0.03807900473475456,0.02221766673028469,-3.9669721126556396,0.005808855406939983,-33.99795913696289,-7.0,7.0,3.8253087997436523,0.39629697799682617,0.7120507955551147,-0.37049970030784607,577
individual,15,carpet,50,2625,0.02582799643278122,0.037829019129276276,-3.7531516551971436,0.00580298388376832,-32.94469451904297,-7.0,7.0,3.736069917678833,0.5009622573852539,0.8509692549705505,-0.4380415380001068,578
population,15,carpet,1,2625,0.04104774817824364,0.04990831017494202,-3.7286667823791504,0.006597784347832203,-0.9847981929779053,-7.0,7.0,3.3953328132629395,0.48008042573928833,1.401223063468933,-0.743979811668396,529
population,15,carpet,2,2625,0.03638538345694542,0.035479586571455,-3.74833345413208,0.006595582701265812,0.5354845523834229,-7.0,7.0,3.5639970302581787,0.4628903865814209,1.3792082071304321,-0.7427703142166138,530
population,15,carpet,3,2625,0.03877139091491699,0.05493687838315964,-3.5301384925842285,0.006593632977455854,0.23942795395851135,-7.0,7.0,3.434920310974121,0.36940982937812805,1.3873674869537354,-0.7790254354476929,531
population,15,carpet,4,2625,0.019148055464029312,0.01737326569855213,-3.7217259407043457,0.006592564284801483,7.550750255584717,-7.0,7.0,3.507652521133423,0.5524842739105225,1.4512004852294922,-0.7926875352859497,532
population,15,carpet,5,2625,0.019538799300789833,0.026169465854763985,-3.864861488342285,0.0065920171327888966,3.044670581817627,-7.0,7.0,3.563390016555786,0.505254328250885,1.3581963777542114,-0.7565291523933411,533
population,15,carpet,6,2625,0.017626579850912094,0.039582181721925735,-3.7166879177093506,0.0065922122448682785,6.238834857940674,-7.0,7.0,3.465132236480713,0.3811548054218292,1.404752492904663,-0.775294840335846,534
population,15,carpet,7,2625,0.052728407084941864,0.04172416031360626,-3.616990089416504,0.0065918066538870335,-4.245210647583008,-7.0,7.0,3.498548984527588,0.5360622406005859,1.3396921157836914,-0.7438490986824036,535
population,15,carpet,8,2625,0.020687423646450043,0.03738477826118469,-3.9103188514709473,0.0065912846475839615,-1.1553940773010254,-7.0,7.0,3.740025758743286,0.42092952132225037,1.298910140991211,-0.7480749487876892,536
population,15,carpet,9,2625,0.031207965686917305,0.019806643947958946,-3.8946540355682373,0.006590125150978565,-9.217666625976562,-7.0,7.0,3.4480698108673096,0.4293568432331085,1.2394531965255737,-0.6953458786010742,537
population,15,carpet,10,2625,0.018717898055911064,0.04039263352751732,-3.84432315826416,0.006588397081941366,-12.421199798583984,-7.0,7.0,3.445321798324585,0.4601925015449524,1.1729596853256226,-0.6651765704154968,538
population,15,carpet,11,2625,0.06621303409337997,0.04462016746401787,-3.6934289932250977,0.006586154457181692,-12.267472267150879,-7.0,7.0,3.5371932983398438,0.46936461329460144,1.1669892072677612,-0.6538645625114441,539
population,15,carpet,12,2625,0.02209695428609848,0.03252801299095154,-3.95955491065979,0.006583450827747583,-16.28761100769043,-7.0,7.0,3.6349902153015137,0.5119480490684509,1.1042240858078003,-0.6352702379226685,540
population,15,carpet,13,2625,0.046092305332422256,0.025619294494390488,-4.011436462402344,0.006580331362783909,-18.78331756591797,-7.0,7.0,3.600759506225586,0.38186419010162354,1.0547748804092407,-0.6230202317237854,541
population,15,carpet,14,2625,0.022638052701950073,0.01979287713766098,-3.995270013809204,0.006576839834451675,-14.611456871032715,-7.0,7.0,3.5848605632781982,0.5273534059524536,1.1349056959152222,-0.6412416100502014,542
population,15,carpet,15,2625,0.02706080675125122,0.019480936229228973,-3.6974122524261475,0.00657301489263773,-15.834535598754883,-7.0,7.0,3.4057908058166504,0.35582175850868225,1.1235952377319336,-0.6392572522163391,543
population,15,carpet,16,2625,0.021061798557639122,0.0211628507822752,-3.847929000854492,0.0065688882023096085,-12.772682189941406,-7.0,7.0,3.6202287673950195,0.5040769577026367,1.1427428722381592,-0.6569506525993347,544
population,15,carpet,17,2625,0.03883066028356552,0.014219630509614944,-3.9112355709075928,0.006564492359757423,-14.055986404418945,-7.0,7.0,3.589594841003418,0.4904667139053345,1.2153807878494263,-0.6696746945381165,545
population,15,carpet,18,2625,0.016358371824026108,0.018165946006774902,-3.84165358543396,0.006559854838997126,-5.975558757781982,-7.0,7.0,3.42913818359375,0.47746068239212036,1.2372981309890747,-0.6764680743217468,546
population,15,carpet,19,2625,0.05257267877459526,0.023215247318148613,-3.848367929458618,0.006555002182722092,-8.490496635437012,-7.0,7.0,3.7772436141967773,0.3467884957790375,1.2485952377319336,-0.6994495391845703,547
population,15,carpet,20,2625,0.020978081971406937,0.030221547931432724,-4.066620349884033,0.006550290156155825,-2.5374186038970947,-7.0,7.0,3.7475368976593018,0.45241716504096985,1.256931185722351,-0.7309516668319702,548
population,15,carpet,21,2625,0.02611171267926693,0.011524461209774017,-4.02876615524292,0.006545369513332844,-6.943647861480713,-7.0,7.0,3.736599922180176,0.4400538504123688,1.2552459239959717,-0.7223275899887085,549
population,15,carpet,22,2625,0.017621099948883057,0.01903434656560421,-3.847476005554199,0.0065402621403336525,-5.9463677406311035,-7.0,7.0,3.6263177394866943,0.6346543431282043,1.2990038394927979,-0.7231351137161255,550
population,15,carpet,23,2625,0.016379667446017265,0.010177644900977612,-3.8985278606414795,0.006534987594932318,-6.416497230529785,-7.0,7.0,3.7217018604278564,0.4564746618270874,1.2758452892303467,-0.7557640671730042,551
population,15,carpet,24,2625,0.012158908881247044,0.02532220631837845,-3.883838653564453,0.0065300194546580315,-1.626650094985962,-7.0,7.0,3.6041159629821777,0.44333213567733765,1.2329137325286865,-0.7252053022384644,552
population,15,carpet,25,2625,0.01696181856095791,0.015938643366098404,-4.043280601501465,0.006524871103465557,-6.867850303649902,-7.0,7.0,3.843806266784668,0.4895856976509094,1.2493412494659424,-0.7493506073951721,553
population,15,carpet,26,2625,0.015653278678655624,0.027233464643359184,-3.794569253921509,0.006519559305161238,-8.998117446899414,-7.0,7.0,3.570382595062256,0.572603702545166,1.236924171447754,-0.6805674433708191,554
population,15,carpet,27,2625,0.02680523507297039,0.031115300953388214,-4.008826732635498,0.006514102686196566,-6.480009078979492,-7.0,7.0,3.891655206680298,0.5517231822013855,1.2242873907089233,-0.7164514660835266,555
population,15,carpet,28,2625,0.023307984694838524,0.04476916417479515,-4.030826568603516,0.006508517079055309,-7.547080993652344,-7.0,7.0,3.6373729705810547,0.45046305656433105,1.2203761339187622,-0.7037066221237183,556
population,15,carpet,29,2625,0.0189571063965559,0.021834978833794594,-3.960009813308716,0.006502818316221237,-9.9137544631958,-7.0,7.0,3.693965435028076,0.4583813548088074,1.2200677394866943,-0.6768006682395935,557
population,15,carpet,30,2625,0.026617271825671196,0.035207349807024,-4.018146514892578,0.006497016176581383,-13.264883041381836,-7.0,7.0,3.7533469200134277,0.5988800525665283,1.195605993270874,-0.6584868431091309,558
population,15,carpet,31,2625,0.016000108793377876,0.019465593621134758,-3.8807153701782227,0.0064911204390227795,-16.851476669311523,-7.0,7.0,3.621433734893799,0.43413689732551575,1.1505120992660522,-0.6619758605957031,559
population,15,carpet,32,2625,0.022424187511205673,0.02965814620256424,-4.11585807800293,0.006485143210738897,-10.453470230102539,-7.0,7.0,3.7463033199310303,0.4334371089935303,1.2230297327041626,-0.7035800814628601,560
population,15,carpet,33,2625,0.015278445556759834,0.01921021193265915,-4.104907989501953,0.00647909427061677,-6.518446922302246,-7.0,7.0,3.703979969024658,0.5701119899749756,1.2468223571777344,-0.6938856840133667,561
population,15,carpet,34,2625,0.014404857531189919,0.01753666251897812,-4.134041786193848,0.006472980137914419,-6.800631523132324,-7.0,7.0,3.891634702682495,0.5008574724197388,1.2587491273880005,-0.7421930432319641,562
population,15,carpet,35,2625,0.023265846073627472,0.023355642333626747,-3.936353921890259,0.006466809660196304,-6.121910095214844,-7.0,7.0,3.6682779788970947,0.5101295113563538,1.3014469146728516,-0.7594141364097595,563
population,15,carpet,36,2625,0.027557803317904472,0.020835192874073982,-4.251737117767334,0.006460587028414011,-6.34818696975708,-7.0,7.0,3.9800662994384766,0.49946120381355286,1.3194817304611206,-0.7724772095680237,564
population,15,carpet,37,2625,0.014291582629084587,0.015307110734283924,-4.114041328430176,0.00645478256046772,-1.520589828491211,-7.0,7.0,3.7789266109466553,0.5070809721946716,1.3222792148590088,-0.7540867924690247,565
population,15,carpet,38,2625,0.019193636253476143,0.022213980555534363,-4.06318998336792,0.0064488910138607025,-9.2356595993042,-7.0,7.0,3.7662816047668457,0.41210097074508667,1.243506669998169,-0.7461541891098022,566
population,15,carpet,39,2625,0.015460954047739506,0.013435976579785347,-4.137801647186279,0.006443269085139036,-2.401944160461426,-7.0,7.0,3.9490580558776855,0.42461535334587097,1.2669309377670288,-0.77635258436203,567
population,15,carpet,40,2625,0.013048872351646423,0.021519500762224197,-3.918126106262207,0.006437541916966438,-5.78892183303833,-7.0,7.0,3.6713180541992188,0.5058929324150085,1.278601884841919,-0.7605387568473816,568
population,15,carpet,41,2625,0.020869646221399307,0.02307640202343464,-4.12687873840332,0.006432248745113611,-1.0326873064041138,-7.0,7.0,3.9362032413482666,0.5141858458518982,1.2824280261993408,-0.787064254283905,569
population,15,carpet,42,2625,0.03471885249018669,0.04379221051931381,-4.214354991912842,0.006427045911550522,-3.2904045581817627,-7.0,7.0,3.8730623722076416,0.4873180389404297,1.2903803586959839,-0.7894913554191589,570
population,15,carpet,43,2625,0.020471975207328796,0.028916511684656143,-4.1476335525512695,0.006421697326004505,-9.494733810424805,-7.0,7.0,3.8631339073181152,0.5166346430778503,1.2591995000839233,-0.7694783806800842,571
population,15,carpet,44,2625,0.022353321313858032,0.02457304857671261,-3.9622671604156494,0.0064162155613303185,-5.098976135253906,-7.0,7.0,3.7264010906219482,0.5781921744346619,1.2925727367401123,-0.7487267255783081,572
population,15,carpet,45,2625,0.0343104787170887,0.05598338693380356,-3.896763801574707,0.006410615984350443,-12.368021011352539,-7.0,7.0,3.853135585784912,0.5471954345703125,1.1969367265701294,-0.7013923525810242,573
population,15,carpet,46,2625,0.029366593807935715,0.029680274426937103,-4.0496954917907715,0.006404911633580923,-10.55562973022461,-7.0,7.0,3.8283212184906006,0.5141804814338684,1.171403169631958,-0.7289546728134155,574
population,15,carpet,47,2625,0.023440292105078697,0.03896824270486832,-4.197153091430664,0.006399114150553942,-11.75326919555664,-7.0,7.0,3.822554588317871,0.5441234111785889,1.1283351182937622,-0.6896186470985413,575
population,15,carpet,48,2625,0.024499287828803062,0.0338478609919548,-4.184967041015625,0.006393230985850096,-11.155847549438477,-7.0,7.0,3.9146461486816406,0.495425283908844,1.1671360731124878,-0.7142859697341919,576
population,15,carpet,49,2625,0.06399692595005035,0.07351084053516388,-3.878284215927124,0.006387273781001568,-19.284751892089844,-7.0,7.0,3.848789691925049,0.5854088664054871,1.1173853874206543,-0.6751381158828735,577
population,15,carpet,50,2625,0.020850999280810356,0.03099536895751953,-3.9356884956359863,0.0063812523148953915,-19.9194278717041,-7.0,7.0,3.8349807262420654,0.5034710168838501,1.0945203304290771,-0.692086398601532,578
individual,16,carpet,1,2800,0.018545793369412422,0.018872808665037155,-3.857632637023926,0.005797114688903093,-27.909509658813477,-7.0,7.0,3.694063425064087,0.5013151168823242,0.8994497656822205,-0.43776896595954895,579
individual,16,carpet,2,2800,0.03904537111520767,0.023488901555538177,-3.8340349197387695,0.005791249219328165,-38.690120697021484,-7.0,7.0,3.754545211791992,0.5030624866485596,0.7371936440467834,-0.350939005613327,580
individual,16,carpet,3,2800,0.020669350400567055,0.02190799079835415,-4.008434772491455,0.005785387009382248,-37.28719711303711,-7.0,7.0,3.982987403869629,0.4821077287197113,0.7085529565811157,-0.342852383852005,581
individual,16,carpet,4,2800,0.0470554381608963,0.024916235357522964,-4.031482696533203,0.005779527593404055,-34.44880676269531,-7.0,7.0,3.809678792953491,0.46343255043029785,0.809424877166748,-0.39182132482528687,582
individual,16,carpet,5,2800,0.022588802501559258,0.02381044439971447,-3.983457326889038,0.005773674231022596,-33.86391067504883,-7.0,7.0,3.886928081512451,0.46641790866851807,0.8187692761421204,-0.4441199004650116,583
individual,16,carpet,6,2800,0.03377319872379303,0.025225980207324028,-3.887258768081665,0.005767824128270149,-31.75396156311035,-7.0,7.0,3.8017711639404297,0.509072482585907,0.8163847923278809,-0.43070706725120544,584
individual,16,carpet,7,2800,0.028918227180838585,0.028495145961642265,-3.9101827144622803,0.005761980079114437,-25.53122329711914,-7.0,7.0,3.663454294204712,0.5538835525512695,0.9359213709831238,-0.46528366208076477,585
individual,16,carpet,8,2800,0.009311684407293797,0.01650664582848549,-3.9290878772735596,0.005756138823926449,-31.486658096313477,-7.0,7.0,3.726006031036377,0.34549760818481445,0.7995843291282654,-0.41241663694381714,586
individual,16,carpet,9,2800,0.022963736206293106,0.022879179567098618,-3.9581010341644287,0.005750304087996483,-33.693477630615234,-7.0,7.0,3.9199025630950928,0.4511076807975769,0.8156738877296448,-0.4406301975250244,587
individual,16,carpet,10,2800,0.020586950704455376,0.030505675822496414,-3.8583385944366455,0.005744472146034241,-26.185781478881836,-7.0,7.0,3.78568696975708,0.4657798409461975,0.8907925486564636,-0.47247546911239624,588
individual,16,carpet,11,2800,0.029519174247980118,0.027137789875268936,-3.899075508117676,0.005738645792007446,-16.16297149658203,-7.0,7.0,3.743651866912842,0.5424935817718506,1.0719990730285645,-0.5801538228988647,589
individual,16,carpet,12,2800,0.01734430342912674,0.03850914165377617,-4.019284248352051,0.005732825957238674,-18.754497528076172,-7.0,7.0,3.683140754699707,0.47220578789711,0.9837107062339783,-0.5487879514694214,590
individual,16,carpet,13,2800,0.025602594017982483,0.02225380390882492,-3.984105348587036,0.00572701171040535,-24.538516998291016,-7.0,7.0,3.836332321166992,0.4454353451728821,0.8578752279281616,-0.5033043622970581,591
individual,16,carpet,14,2800,0.019349444657564163,0.029942333698272705,-3.926943302154541,0.0057212007232010365,-21.054418563842773,-7.0,7.0,3.830167770385742,0.4818947911262512,0.9283199310302734,-0.5351820588111877,592
individual,16,carpet,15,2800,0.026861250400543213,0.029151711612939835,-3.971588134765625,0.005715395323932171,-28.151470184326172,-7.0,7.0,3.8293991088867188,0.5882885456085205,0.9355012774467468,-0.5249894857406616,593
individual,16,carpet,16,2800,0.022660745307803154,0.033463116735219955,-4.131332874298096,0.00570959597826004,-26.08293914794922,-7.0,7.0,3.9462077617645264,0.39739954471588135,0.8971804976463318,-0.5243708491325378,594
individual,16,carpet,17,2800,0.017704131081700325,0.01587066985666752,-4.096029281616211,0.005703802686184645,-20.049482345581055,-7.0,7.0,3.868253707885742,0.542784571647644,0.9528488516807556,-0.5495749115943909,595
individual,16,carpet,18,2800,0.0226700771600008,0.025413699448108673,-4.112221717834473,0.005698015447705984,-20.23729705810547,-7.0,7.0,4.004759311676025,0.49753880500793457,0.9383169412612915,-0.5285598635673523,596
individual,16,carpet,19,2800,0.021943584084510803,0.03183238208293915,-4.011263847351074,0.005692233797162771,-18.490375518798828,-7.0,7.0,3.9355077743530273,0.5191336870193481,0.9659013748168945,-0.509876549243927,597
individual,16,carpet,20,2800,0.018045874312520027,0.016469255089759827,-3.9383795261383057,0.005686458200216293,-18.722646713256836,-7.0,7.0,3.768491744995117,0.5020403861999512,0.9650673270225525,-0.521996796131134,598
individual,16,carpet,21,2800,0.018797382712364197,0.02870330959558487,-4.187112808227539,0.005680688191205263,-24.55620002746582,-7.0,7.0,3.949552059173584,0.48499345779418945,0.899143397808075,-0.4896760880947113,599
individual,16,carpet,22,2800,0.01635405793786049,0.011636786162853241,-4.115178108215332,0.005674924235790968,-23.71416664123535,-7.0,7.0,3.9799134731292725,0.38913124799728394,0.9731261134147644,-0.524380087852478,600
individual,16,carpet,23,2800,0.014815788716077805,0.02634984813630581,-3.888629913330078,0.0056691658683121204,-23.684724807739258,-7.0,7.0,3.8657796382904053,0.40757429599761963,0.8859358429908752,-0.4811532497406006,601
individual,16,carpet,24,2800,0.023180712014436722,0.020597245544195175,-3.9971842765808105,0.005663413554430008,-19.827329635620117,-7.0,7.0,3.834242820739746,0.529004693031311,0.9034128189086914,-0.4787096083164215,602
individual,16,carpet,25,2800,0.036727577447891235,0.02787819877266884,-4.187922954559326,0.005657666828483343,-25.657819747924805,-7.0,7.0,4.151179790496826,0.5766416192054749,0.8151026368141174,-0.49808385968208313,603
individual,16,carpet,26,2800,0.03497578203678131,0.038907404989004135,-4.2213006019592285,0.005651926156133413,-35.614349365234375,-7.0,7.0,3.8350796699523926,0.5369564294815063,0.7364407181739807,-0.4584568440914154,604
individual,16,carpet,27,2800,0.04450687766075134,0.03345116972923279,-4.230706691741943,0.0056461915373802185,-28.39407730102539,-7.0,7.0,3.8398044109344482,0.5490594506263733,0.8381661176681519,-0.4827534854412079,605
individual,16,carpet,28,2800,0.04301632568240166,0.05296144634485245,-4.027419567108154,0.005640462506562471,-36.35554122924805,-7.0,7.0,3.9880826473236084,0.49846312403678894,0.7611708641052246,-0.47433677315711975,606
individual,16,carpet,29,2800,0.04191342368721962,0.03351429104804993,-3.9669511318206787,0.005634739529341459,-33.099674224853516,-7.0,7.0,3.903301954269409,0.5114607214927673,0.7508029937744141,-0.5023704767227173,607
individual,16,carpet,30,2800,0.027246544137597084,0.029464565217494965,-4.251208782196045,0.0056290216743946075,-34.91050720214844,-7.0,7.0,4.087216854095459,0.5446401238441467,0.712855875492096,-0.46265098452568054,608
individual,16,carpet,31,2800,0.055112168192863464,0.04281354695558548,-4.349209785461426,0.005623310338705778,-33.42732620239258,-7.0,7.0,4.019626140594482,0.4677773118019104,0.7348511815071106,-0.47888174653053284,609
individual,16,carpet,32,2800,0.013773300684988499,0.010970985516905785,-4.184953689575195,0.005617604590952396,-34.70636749267578,-7.0,7.0,4.041438102722168,0.44118309020996094,0.7383508086204529,-0.4868687093257904,610
individual,16,carpet,33,2800,0.032038044184446335,0.029319018125534058,-3.9557607173919678,0.005611904431134462,-35.738895416259766,-7.0,7.0,3.886549949645996,0.37576934695243835,0.6885734796524048,-0.4753912091255188,611
individual,16,carpet,34,2800,0.025279255583882332,0.022497499361634254,-4.09171724319458,0.005606210324913263,-36.96329879760742,-7.0,7.0,3.955122232437134,0.45612993836402893,0.6890074610710144,-0.4649636745452881,612
individual,16,carpet,35,2800,0.03291985020041466,0.037930458784103394,-4.236942291259766,0.005600521806627512,-29.109689712524414,-7.0,7.0,3.961395740509033,0.5320847630500793,0.750982940196991,-0.49841922521591187,613
individual,16,carpet,36,2800,0.01735350489616394,0.013976060785353184,-4.256770610809326,0.005594838876277208,-34.342132568359375,-7.0,7.0,4.037611484527588,0.4069782793521881,0.7023025155067444,-0.4645519256591797,614
individual,16,carpet,37,2800,0.023857053369283676,0.025555279105901718,-4.107449054718018,0.00558916199952364,-35.264060974121094,-7.0,7.0,3.988262176513672,0.4862167239189148,0.6904263496398926,-0.4260384440422058,615
individual,16,carpet,38,2800,0.04145096242427826,0.03260945528745651,-4.052759647369385,0.005583491176366806,-23.043991088867188,-7.0,7.0,3.8897318840026855,0.6016461253166199,0.935261070728302,-0.5472041368484497,616
individual,16,carpet,39,2800,0.016834883019328117,0.019203204661607742,-4.189647674560547,0.005577825475484133,-32.89154815673828,-7.0,7.0,3.9752659797668457,0.5003204345703125,0.781524121761322,-0.4637902081012726,617
individual,16,carpet,40,2800,0.028224563226103783,0.028484661132097244,-4.169618129730225,0.0055721658281981945,-32.704586029052734,-7.0,7.0,3.9359726905822754,0.34356868267059326,0.7243065237998962,-0.4513521194458008,618
individual,16,carpet,41,2800,0.016772817820310593,0.01625695824623108,-4.246610164642334,0.005566511768847704,-30.420467376708984,-7.0,7.0,4.025289535522461,0.4915894567966461,0.8604631423950195,-0.5032629370689392,619
individual,16,carpet,42,2800,0.020833438262343407,0.028126994147896767,-4.112834930419922,0.005560863763093948,-26.808273315429688,-7.0,7.0,3.9571495056152344,0.513062596321106,0.8619028925895691,-0.5322640538215637,620
individual,16,carpet,43,2800,0.02616794779896736,0.023784149438142776,-4.1260833740234375,0.0055552213452756405,-25.626272201538086,-7.0,7.0,3.8907368183135986,0.45859494805336,0.8158465027809143,-0.5259490609169006,621
individual,16,carpet,44,2800,0.021551448851823807,0.020737305283546448,-4.1178975105285645,0.00554958451539278,-20.308135986328125,-7.0,7.0,3.8574142456054688,0.4714765250682831,0.97956782579422,-0.5590385794639587,622
individual,16,carpet,45,2800,0.03039248287677765,0.026082083582878113,-4.291875839233398,0.005543953739106655,-33.621482849121094,-7.0,7.0,4.067760944366455,0.5144336223602295,0.6972545385360718,-0.45247822999954224,623
individual,16,carpet,46,2800,0.022704189643263817,0.023675888776779175,-4.187845230102539,0.005538328550755978,-30.4603214263916,-7.0,7.0,4.005310535430908,0.5386578440666199,0.8103828430175781,-0.5216094255447388,624
individual,16,carpet,47,2800,0.034580741077661514,0.03215300291776657,-4.192331314086914,0.005532708950340748,-29.397098541259766,-7.0,7.0,4.034785747528076,0.5407806634902954,0.8021721243858337,-0.49925559759140015,625
individual,16,carpet,48,2800,0.037483301013708115,0.024790257215499878,-4.1473164558410645,0.00552709773182869,-18.95652961730957,-7.0,7.0,4.016417980194092,0.5618862509727478,0.9416815638542175,-0.558191180229187,626
individual,16,carpet,49,2800,0.04341931268572807,0.024890132248401642,-4.138845920562744,0.005521492101252079,-25.37602424621582,-7.0,7.0,4.056371212005615,0.4911750257015228,0.8408932089805603,-0.5461069345474243,627
individual,16,carpet,50,2800,0.022639699280261993,0.015568265691399574,-4.40618371963501,0.005515892058610916,-23.731435775756836,-7.0,7.0,4.12063455581665,0.5901452302932739,0.8815426230430603,-0.566402792930603,628
population,16,carpet,1,2800,0.060296740382909775,0.06115133687853813,-4.324120044708252,0.006375172641128302,-13.758624076843262,-7.0,7.0,3.9821419715881348,0.5499776005744934,1.2088145017623901,-0.731865406036377,579
population,16,carpet,2,2800,0.027499418705701828,0.017088256776332855,-4.164071083068848,0.006369041278958321,-10.77292251586914,-7.0,7.0,4.004098892211914,0.4764496982097626,1.1607105731964111,-0.733136773109436,580
population,16,carpet,3,2800,0.01285184733569622,0.01414874754846096,-4.010180473327637,0.006362860556691885,-12.272663116455078,-7.0,7.0,3.7449162006378174,0.5271707773208618,1.1787315607070923,-0.6896786689758301,581
population,16,carpet,4,2800,0.02222936414182186,0.03901044651865959,-4.104552745819092,0.0063566407188773155,-14.038493156433105,-7.0,7.0,3.9735991954803467,0.579514741897583,1.1518747806549072,-0.7087036371231079,582
population,16,carpet,5,2800,0.05835181102156639,0.04169176518917084,-4.055649757385254,0.006350385025143623,-16.396055221557617,-7.0,7.0,3.7122642993927,0.5210319757461548,1.0929630994796753,-0.6578777432441711,583
population,16,carpet,6,2800,0.022953933104872704,0.01763225719332695,-4.190895080566406,0.006344098597764969,-18.70570182800293,-7.0,7.0,4.047483444213867,0.3902755379676819,1.0796022415161133,-0.6926301121711731,584
population,16,carpet,7,2800,0.019998857751488686,0.021076546981930733,-4.134343147277832,0.0063377851620316505,-18.51925277709961,-7.0,7.0,3.8411865234375,0.5930054187774658,1.0866014957427979,-0.6611560583114624,585
population,16,carpet,8,2800,0.01663326844573021,0.01528609823435545,-4.070890426635742,0.0063314479775726795,-16.78750991821289,-7.0,7.0,3.8203482627868652,0.5386457443237305,1.1011419296264648,-0.6990752816200256,586
population,16,carpet,9,2800,0.026834942400455475,0.023472707718610764,-4.073779106140137,0.006325090304017067,-14.892410278320312,-7.0,7.0,3.7737059593200684,0.5425997376441956,1.0800119638442993,-0.6782941818237305,587
population,16,carpet,10,2800,0.03327471390366554,0.03118697740137577,-4.109200954437256,0.006318714469671249,-20.00467300415039,-7.0,7.0,3.831294059753418,0.6638239026069641,1.099280834197998,-0.6386808156967163,588
population,16,carpet,11,2800,0.014397133141756058,0.021342916414141655,-4.257357120513916,0.006312320940196514,-24.67644691467285,-7.0,7.0,4.0414323806762695,0.5672512054443359,0.9982534646987915,-0.644380509853363,589
population,16,carpet,12,2800,0.015318533405661583,0.01801140047609806,-4.18742561340332,0.0063059162348508835,-15.494983673095703,-7.0,7.0,3.8984506130218506,0.5677733421325684,1.0692633390426636,-0.6680273413658142,590
population,16,carpet,13,2800,0.01866964064538479,0.026051893830299377,-4.1632771492004395,0.00629949988797307,-20.711217880249023,-7.0,7.0,3.954240322113037,0.5069689750671387,1.0195763111114502,-0.6504332423210144,591
population,16,carpet,14,2800,0.026117349043488503,0.042695362120866776,-4.2584614753723145,0.006293074693530798,-24.316070556640625,-7.0,7.0,4.127277851104736,0.5719801187515259,0.9612250328063965,-0.6408258080482483,592
population,16,carpet,15,2800,0.01782657392323017,0.032673489302396774,-4.321535587310791,0.0062866415828466415,-22.471384048461914,-7.0,7.0,3.9283266067504883,0.5552667379379272,0.9760546088218689,-0.6448651552200317,593
population,16,carpet,16,2800,0.021702025085687637,0.01923159882426262,-4.3005547523498535,0.00628020241856575,-14.364213943481445,-7.0,7.0,3.968745231628418,0.5334327816963196,1.1236897706985474,-0.6974294781684875,594
population,16,carpet,17,2800,0.019672956317663193,0.026012388989329338,-4.331741809844971,0.006273758597671986,-10.028678894042969,-7.0,7.0,4.08906888961792,0.5857308506965637,1.1824933290481567,-0.7333362698554993,595
population,16,carpet,18,2800,0.021341025829315186,0.016115356236696243,-4.528316020965576,0.006267311982810497,-9.2818021774292,-7.0,7.0,4.25846529006958,0.4885874092578888,1.1744698286056519,-0.7969853281974792,596
population,16,carpet,19,2800,0.023575322702527046,0.023724831640720367,-4.437066078186035,0.006260907743126154,-4.709341526031494,-7.0,7.0,4.032211780548096,0.5453925728797913,1.1963157653808594,-0.7813246846199036,597
population,16,carpet,20,2800,0.046207137405872345,0.043380092829465866,-4.211416721343994,0.006255264859646559,0.9454772472381592,-7.0,7.0,3.975083589553833,0.599407970905304,1.3047552108764648,-0.8478819131851196,598
population,16,carpet,21,2800,0.03712960705161095,0.03980914503335953,-4.2595086097717285,0.006250846199691296,5.297278881072998,-7.0,7.0,4.147953510284424,0.5590803027153015,1.3259800672531128,-0.8701570630073547,599
population,16,carpet,22,2800,0.03338843584060669,0.04379120096564293,-4.293009281158447,0.006247523706406355,8.48808479309082,-7.0,7.0,4.0597028732299805,0.5400158166885376,1.3912220001220703,-0.9061551094055176,600
population,16,carpet,23,2800,0.029709093272686005,0.031556855887174606,-4.3698272705078125,0.006245078518986702,4.23116397857666,-7.0,7.0,4.123323917388916,0.6748329997062683,1.3939257860183716,-0.8819957375526428,601
population,16,carpet,24,2800,0.030962228775024414,0.062450651079416275,-4.284603118896484,0.006243530195206404,5.975045204162598,-7.0,7.0,4.095991611480713,0.4212702512741089,1.3805525302886963,-0.8961883783340454,602
population,16,carpet,25,2800,0.0385967418551445,0.03159550204873085,-4.039943218231201,0.006242193281650543,0.4380967617034912,-7.0,7.0,4.022061347961426,0.37772446870803833,1.334546685218811,-0.8533592224121094,603
population,16,carpet,26,2800,0.035243600606918335,0.05128376558423042,-4.1371378898620605,0.006240363232791424,-4.874355316162109,-7.0,7.0,4.094704627990723,0.5298976302146912,1.2949050664901733,-0.8049755096435547,604
population,16,carpet,27,2800,0.021961446851491928,0.020311065018177032,-4.318509101867676,0.006238063331693411,-12.764861106872559,-7.0,7.0,4.139363765716553,0.5359152555465698,1.1753405332565308,-0.7381660342216492,605
population,16,carpet,28,2800,0.05166192352771759,0.07602327316999435,-4.4593658447265625,0.006235342472791672,-18.477785110473633,-7.0,7.0,4.059582233428955,0.4875010550022125,1.096712350845337,-0.7124357223510742,606
population,16,carpet,29,2800,0.05619816482067108,0.03545723482966423,-4.344419479370117,0.006232244893908501,-16.589252471923828,-7.0,7.0,4.204178333282471,0.5744642019271851,1.0873368978500366,-0.6850632429122925,607
population,16,carpet,30,2800,0.0495268851518631,0.06849435716867447,-4.1160125732421875,0.006228807382285595,-23.425260543823242,-7.0,7.0,4.148305892944336,0.6168196201324463,1.0506221055984497,-0.6471486687660217,608
population,16,carpet,31,2800,0.04490218684077263,0.019850244745612144,-4.295116901397705,0.006225063465535641,-28.012990951538086,-7.0,7.0,4.120147705078125,0.4372447729110718,0.9668844938278198,-0.6346079707145691,609
population,16,carpet,32,2800,0.04044139385223389,0.04269285500049591,-4.537191390991211,0.0062210457399487495,-19.974767684936523,-7.0,7.0,4.146202087402344,0.6453217267990112,1.0350533723831177,-0.640421986579895,610
population,16,carpet,33,2800,0.01704893261194229,0.015494590625166893,-4.411134243011475,0.006216784007847309,-27.658279418945312,-7.0,7.0,4.094437599182129,0.5747640132904053,0.957697331905365,-0.6154287457466125,611
population,16,carpet,34,2800,0.010609113611280918,0.008716586977243423,-4.528145790100098,0.006212303880602121,-28.43589973449707,-7.0,7.0,4.307597637176514,0.4961150586605072,0.9160849452018738,-0.6211258769035339,612
population,16,carpet,35,2800,0.016143668442964554,0.020954851061105728,-4.227893352508545,0.006207624915987253,-22.666629791259766,-7.0,7.0,3.969552516937256,0.5185248255729675,1.0249102115631104,-0.650295078754425,613
population,16,carpet,36,2800,0.014561363495886326,0.018354512751102448,-4.419155120849609,0.006202769465744495,-19.079565048217773,-7.0,7.0,4.13955020904541,0.4771418869495392,1.0050851106643677,-0.6667542457580566,614
population,16,carpet,37,2800,0.03616737946867943,0.05066873878240585,-4.554510116577148,0.006197755225002766,-12.26678466796875,-7.0,7.0,4.1813764572143555,0.6309376955032349,1.1395764350891113,-0.7347529530525208,615
population,16,carpet,38,2800,0.026798756793141365,0.01934274099767208,-4.562695503234863,0.006192600354552269,-14.88817310333252,-7.0,7.0,4.257096290588379,0.6102802157402039,1.136915922164917,-0.7659155130386353,616
population,16,carpet,39,2800,0.01650128699839115,0.016825467348098755,-4.461513042449951,0.006187913008034229,-0.36191630363464355,-7.0,7.0,4.174973964691162,0.5960684418678284,1.2920526266098022,-0.8745616674423218,617
population,16,carpet,40,2800,0.030080588534474373,0.019230838865041733,-4.481219291687012,0.006183592136949301,-0.7866253852844238,-7.0,7.0,4.191067218780518,0.5512669682502747,1.3129609823226929,-0.8871193528175354,618
population,16,carpet,41,2800,0.009105663746595383,0.010939938947558403,-4.444902420043945,0.0061797453090548515,0.33804851770401,-7.0,7.0,4.199099540710449,0.517767071723938,1.3368923664093018,-0.9209184050559998,619
population,16,carpet,42,2800,0.03494643792510033,0.02355886809527874,-4.26841926574707,0.006176643073558807,2.824333667755127,-7.0,7.0,4.072454452514648,0.5643274188041687,1.4232910871505737,-0.9395374059677124,620
population,16,carpet,43,2800,0.025115814059972763,0.02660856395959854,-4.551624774932861,0.0061744991689920425,8.881532669067383,-7.0,7.0,4.178110122680664,0.48627614974975586,1.4575449228286743,-0.9816598296165466,621
population,16,carpet,44,2800,0.024535739794373512,0.024078983813524246,-4.377379894256592,0.006173218600451946,17.55585289001465,-7.0,7.0,4.121562480926514,0.549903392791748,1.5090148448944092,-1.0073373317718506,622
population,16,carpet,45,2800,0.017375800758600235,0.023928891867399216,-4.45326566696167,0.006172712426632643,13.22212028503418,-7.0,7.0,4.204242706298828,0.4662352502346039,1.5009396076202393,-1.015274167060852,623
population,16,carpet,46,2800,0.02402816340327263,0.021041763946413994,-4.4982781410217285,0.006172903813421726,14.8503999710083,-7.0,7.0,4.162205696105957,0.5553442239761353,1.4693031311035156,-0.9968091249465942,624
population,16,carpet,47,2800,0.02085195668041706,0.024113468825817108,-4.502750873565674,0.006173721980303526,8.547649383544922,-7.0,7.0,4.0252203941345215,0.6544917225837708,1.4273221492767334,-0.9427642822265625,625
population,16,carpet,48,2800,0.018277056515216827,0.01202745083719492,-4.347930908203125,0.0061751059256494045,6.425209045410156,-7.0,7.0,3.995354652404785,0.454567551612854,1.4143768548965454,-0.9090399742126465,626
population,16,carpet,49,2800,0.026073740795254707,0.028131691738963127,-4.530267715454102,0.006176589988172054,1.8547604084014893,-7.0,7.0,4.218521595001221,0.6928879022598267,1.314496397972107,-0.8627954125404358,627
population,16,carpet,50,2800,0.02714439108967781,0.023352807387709618,-4.538492679595947,0.0061775092035532,-3.2833411693573,-7.0,7.0,4.2502031326293945,0.5095266699790955,1.2476681470870972,-0.8353224992752075,628
individual,17,carpet,1,2975,0.06290517747402191,0.029371457174420357,-4.44998836517334,0.005510298069566488,-22.776355743408203,-7.0,7.0,4.128730297088623,0.5553627610206604,0.8310343623161316,-0.5642508864402771,629
individual,17,carpet,2,2975,0.03475675359368324,0.024366814643144608,-4.261805057525635,0.005504709202796221,-37.048133850097656,-7.0,7.0,4.157530784606934,0.5002416372299194,0.6664002537727356,-0.5211024284362793,630
individual,17,carpet,3,2975,0.10038409382104874,0.05177876353263855,-4.011096000671387,0.005499126389622688,-32.579071044921875,-7.0,7.0,4.060300827026367,0.48623213171958923,0.7422747015953064,-0.5436289310455322,631
individual,17,carpet,4,2975,0.031627703458070755,0.02417074516415596,-4.322240829467773,0.0054935491643846035,-23.3118953704834,-7.0,7.0,4.173308849334717,0.7241787910461426,0.8413786888122559,-0.5548086762428284,632
individual,17,carpet,5,2975,0.06283742189407349,0.034347619861364365,-4.494295597076416,0.005487977992743254,-25.61664581298828,-7.0,7.0,4.192909240722656,0.4468183219432831,0.8044658899307251,-0.5758814811706543,633
individual,17,carpet,6,2975,0.05141281336545944,0.032201237976551056,-4.3730788230896,0.005482411943376064,-27.57617950439453,-7.0,7.0,4.128551006317139,0.5881028175354004,0.8384680151939392,-0.6037718057632446,634
individual,17,carpet,7,2975,0.02292594499886036,0.022503960877656937,-4.301914215087891,0.005476851481944323,-32.121910095214844,-7.0,7.0,4.187323570251465,0.5683403015136719,0.7799800634384155,-0.5815607309341431,635
individual,17,carpet,8,2975,0.05169957876205444,0.03185329586267471,-4.3188395500183105,0.005471297074109316,-28.523754119873047,-7.0,7.0,4.251768112182617,0.591323971748352,0.7535353899002075,-0.5788684487342834,636
individual,17,carpet,9,2975,0.02473568730056286,0.02798323892056942,-4.195902347564697,0.005465748254209757,-27.945480346679688,-7.0,7.0,4.025753498077393,0.46420949697494507,0.8614470362663269,-0.6187984347343445,637
individual,17,carpet,10,2975,0.03958035260438919,0.03141039237380028,-4.390818119049072,0.0054602050222456455,-25.964595794677734,-7.0,7.0,4.228738784790039,0.6583376526832581,0.8018827438354492,-0.6159898638725281,638
individual,17,carpet,11,2975,0.04745515063405037,0.028299108147621155,-4.401007175445557,0.005454666912555695,-24.07613754272461,-7.0,7.0,4.1018218994140625,0.6131539344787598,0.8822964429855347,-0.6135925650596619,639
individual,17,carpet,12,2975,0.020303793251514435,0.019915208220481873,-4.553823947906494,0.005449134856462479,-34.641475677490234,-7.0,7.0,4.323976516723633,0.49386027455329895,0.7581453919410706,-0.5746818780899048,640
individual,17,carpet,13,2975,0.0391935259103775,0.028056003153324127,-4.343632698059082,0.00544360838830471,-25.860376358032227,-7.0,7.0,4.273685455322266,0.6525832414627075,0.8113029599189758,-0.5895732045173645,641
individual,17,carpet,14,2975,0.03719241917133331,0.027189303189516068,-4.259503364562988,0.005438090302050114,-24.592735290527344,-7.0,7.0,4.143155574798584,0.5208187699317932,0.8347514867782593,-0.5982033610343933,642
individual,17,carpet,15,2975,0.018279843032360077,0.02044716849923134,-4.4403791427612305,0.005432577338069677,-27.145137786865234,-7.0,7.0,4.345693111419678,0.512670636177063,0.7802826762199402,-0.5947018265724182,643
individual,17,carpet,16,2975,0.04476630315184593,0.03017372451722622,-4.6430511474609375,0.005427070427685976,-19.500205993652344,-7.0,7.0,4.375597953796387,0.4223923981189728,0.8544168472290039,-0.609859049320221,644
individual,17,carpet,17,2975,0.024003980681300163,0.018650973215699196,-4.46014404296875,0.005421569105237722,-22.026927947998047,-7.0,7.0,4.287435054779053,0.6408162713050842,0.8290360569953918,-0.5885437726974487,645
individual,17,carpet,18,2975,0.03154066950082779,0.021567728370428085,-4.274860382080078,0.005416072905063629,-10.785102844238281,-7.0,7.0,4.193209171295166,0.613181471824646,1.0391334295272827,-0.6515993475914001,646
individual,17,carpet,19,2975,0.027896106243133545,0.016261639073491096,-4.481380462646484,0.005410582758486271,-28.18183135986328,-7.0,7.0,4.4432597160339355,0.48269256949424744,0.7105905413627625,-0.5858408212661743,647
individual,17,carpet,20,2975,0.04546754062175751,0.031200412660837173,-4.458615303039551,0.005405097734183073,-9.349207878112793,-7.0,7.0,4.068676471710205,0.5261358022689819,0.9901160001754761,-0.6566124558448792,648
individual,17,carpet,21,2975,0.04278546944260597,0.03750127553939819,-4.5341644287109375,0.00539961876347661,-16.417598724365234,-7.0,7.0,4.380638599395752,0.5586881637573242,0.9412190318107605,-0.6464394330978394,649
individual,17,carpet,22,2975,0.0434742197394371,0.03164388984441757,-4.3710432052612305,0.005394144915044308,-18.75950813293457,-7.0,7.0,4.225345611572266,0.5286425948143005,0.8588364720344543,-0.6304845809936523,650
individual,17,carpet,23,2975,0.03668059781193733,0.03528197109699249,-4.477603912353516,0.005388676654547453,-21.82256507873535,-7.0,7.0,4.357326030731201,0.497977614402771,0.9060144424438477,-0.6424064040184021,651
individual,17,carpet,24,2975,0.03031463734805584,0.034478090703487396,-4.6198039054870605,0.005383213981986046,-21.677385330200195,-7.0,7.0,4.388063430786133,0.6385389566421509,0.9041032195091248,-0.6256470680236816,652
individual,17,carpet,25,2975,0.05017024278640747,0.047516606748104095,-4.512585639953613,0.0053777568973600864,-16.923887252807617,-7.0,7.0,4.271543979644775,0.558390736579895,0.9660073518753052,-0.6321617960929871,653
individual,17,carpet,26,2975,0.024340705946087837,0.012154081836342812,-4.594405174255371,0.005372305400669575,-24.051477432250977,-7.0,7.0,4.331143856048584,0.5012654066085815,0.8419970273971558,-0.617656409740448,654
individual,17,carpet,27,2975,0.04526270180940628,0.030131418257951736,-4.4240827560424805,0.005366859491914511,-19.755855560302734,-7.0,7.0,4.269166946411133,0.6187337636947632,0.9666138887405396,-0.6368948221206665,655
individual,17,carpet,28,2975,0.044838130474090576,0.03207096830010414,-4.435212135314941,0.005361419171094894,-31.487991333007812,-7.0,7.0,4.385270118713379,0.4644932150840759,0.7956415414810181,-0.5761309862136841,656
individual,17,carpet,29,2975,0.03619242459535599,0.032218087464571,-4.597934722900391,0.0053559839725494385,-19.89257049560547,-7.0,7.0,4.3305487632751465,0.7080493569374084,0.9567674398422241,-0.642893373966217,657
individual,17,carpet,30,2975,0.05716371536254883,0.025139225646853447,-4.591259956359863,0.005350557155907154,-22.426624298095703,-7.0,7.0,4.286981105804443,0.41772645711898804,0.9163560271263123,-0.6409851908683777,658
individual,17,carpet,31,2975,0.023234644904732704,0.022182481363415718,-4.632728576660156,0.005345135927200317,-27.53466796875,-7.0,7.0,4.501953601837158,0.509802520275116,0.8847073316574097,-0.638791561126709,659
individual,17,carpet,32,2975,0.0536600761115551,0.02970454841852188,-4.202311038970947,0.005339719820767641,-19.498031616210938,-7.0,7.0,4.183339595794678,0.5298274159431458,1.0112888813018799,-0.6298837661743164,660
individual,17,carpet,33,2975,0.06042949855327606,0.03348919749259949,-4.399190902709961,0.0053343093022704124,-15.251338958740234,-7.0,7.0,4.25674295425415,0.6270452737808228,0.9893956780433655,-0.6656126976013184,661
individual,17,carpet,34,2975,0.06287142634391785,0.06328268349170685,-4.853793144226074,0.005329003557562828,-4.245090484619141,-7.0,7.0,4.484376907348633,0.6797688603401184,1.1066218614578247,-0.7368751764297485,662
individual,17,carpet,35,2975,0.04140857234597206,0.02195400930941105,-4.414729118347168,0.005323692690581083,-13.16517162322998,-7.0,7.0,4.2373738288879395,0.48475968837738037,1.0576797723770142,-0.6972143054008484,663
individual,17,carpet,36,2975,0.07520070672035217,0.11019361019134521,-4.409670352935791,0.005318379960954189,-12.73940372467041,-7.0,7.0,4.437504768371582,0.7136520743370056,1.0333343744277954,-0.7117494940757751,664
individual,17,carpet,37,2975,0.029445229098200798,0.02699236012995243,-4.602145195007324,0.005313062109053135,-9.685718536376953,-7.0,7.0,4.424615383148193,0.6793439984321594,1.0733176469802856,-0.7350507378578186,665
individual,17,carpet,38,2975,0.036302607506513596,0.0999520868062973,-4.741793632507324,0.0053077442571520805,-9.157796859741211,-7.0,7.0,4.371767997741699,0.5999813079833984,1.0951272249221802,-0.7440590262413025,666
individual,17,carpet,39,2975,0.03787202388048172,0.023063020780682564,-4.554932117462158,0.005302424542605877,-16.318532943725586,-7.0,7.0,4.313777446746826,0.4900403916835785,0.9843589067459106,-0.7028099298477173,667
individual,17,carpet,40,2975,0.04657318815588951,0.11964429914951324,-4.296725749969482,0.005297104828059673,-10.791793823242188,-7.0,7.0,4.332873821258545,0.4755110442638397,1.0424067974090576,-0.7398038506507874,668
individual,17,carpet,41,2975,0.055123016238212585,0.05491068214178085,-4.399035930633545,0.005291785579174757,-9.965775489807129,-7.0,7.0,4.314438343048096,0.6632496118545532,1.1132659912109375,-0.7773045301437378,669
individual,17,carpet,42,2975,0.02503989450633526,0.06699996441602707,-4.551944255828857,0.005286466330289841,-7.040472984313965,-7.0,7.0,4.31488561630249,0.5633561611175537,1.108220100402832,-0.7581696510314941,670
individual,17,carpet,43,2975,0.03144326061010361,0.07200205326080322,-4.876149654388428,0.005281148012727499,-21.97426986694336,-7.0,7.0,4.519133567810059,0.5446513295173645,0.921449601650238,-0.7617268562316895,671
individual,17,carpet,44,2975,0.04864365607500076,0.04933460056781769,-4.6366682052612305,0.005275832023471594,-13.027606010437012,-7.0,7.0,4.550644874572754,0.5528041124343872,1.0505315065383911,-0.8014388084411621,672
individual,17,carpet,45,2975,0.030621789395809174,0.0844627097249031,-4.405539035797119,0.005270516499876976,-10.408269882202148,-7.0,7.0,4.433108329772949,0.5531713366508484,1.059548020362854,-0.7538771629333496,673
individual,17,carpet,46,2975,0.02043546736240387,0.02397651970386505,-4.559590816497803,0.005265203770250082,-21.07452392578125,-7.0,7.0,4.398386478424072,0.7099629044532776,0.9185686707496643,-0.6669816374778748,674
individual,17,carpet,47,2975,0.019486263394355774,0.049563344568014145,-4.617855548858643,0.005259893834590912,-7.32761812210083,-7.0,7.0,4.383052825927734,0.6194859743118286,1.1003220081329346,-0.7391201257705688,675
individual,17,carpet,48,2975,0.04303444176912308,0.029634786769747734,-4.700621604919434,0.0052545866928994656,-15.522064208984375,-7.0,7.0,4.434410572052002,0.48474475741386414,0.987817108631134,-0.7295716404914856,676
individual,17,carpet,49,2975,0.03197578713297844,0.09608910232782364,-4.35399055480957,0.00524928281083703,-24.4022159576416,-7.0,7.0,4.464672088623047,0.45625221729278564,0.9553590416908264,-0.6857349276542664,677
individual,17,carpet,50,2975,0.021305592730641365,0.031958457082509995,-4.527279853820801,0.005243981257081032,-22.63043785095215,-7.0,7.0,4.3563103675842285,0.44093167781829834,1.0011781454086304,-0.6458516716957092,678
population,17,carpet,1,2975,0.024533281102776527,0.026885343715548515,-4.482484817504883,0.006177774164825678,-4.396082878112793,-7.0,7.0,4.0551347732543945,0.5168017148971558,1.2452338933944702,-0.8019677996635437,629
population,17,carpet,2,2975,0.018591230735182762,0.015184705145657063,-4.8193583488464355,0.006177364848554134,-15.01962947845459,-7.0,7.0,4.5036468505859375,0.5148887038230896,1.140053629875183,-0.77181476354599,630
population,17,carpet,3,2975,0.013877064920961857,0.014000941999256611,-4.560853004455566,0.006176348775625229,-12.199644088745117,-7.0,7.0,4.352234363555908,0.6294237375259399,1.1223207712173462,-0.7328691482543945,631
population,17,carpet,4,2975,0.034564271569252014,0.030872775241732597,-4.7488017082214355,0.006174787878990173,-18.4877872467041,-7.0,7.0,4.55183744430542,0.45217958092689514,1.0685936212539673,-0.7098358869552612,632
population,17,carpet,5,2975,0.02039453014731407,0.019350690767169,-4.576253890991211,0.0061727361753582954,-15.306005477905273,-7.0,7.0,4.231142044067383,0.5186692476272583,1.0867480039596558,-0.7001098990440369,633
population,17,carpet,6,2975,0.010845484212040901,0.013557188212871552,-4.631036281585693,0.006170240696519613,-15.450685501098633,-7.0,7.0,4.381591320037842,0.5196930170059204,1.0818673372268677,-0.7121533155441284,634
population,17,carpet,7,2975,0.02395445480942726,0.024441301822662354,-4.550420761108398,0.006167348939925432,-21.45832061767578,-7.0,7.0,4.447106838226318,0.5161571502685547,1.0509294271469116,-0.6753168106079102,635
population,17,carpet,8,2975,0.04581509530544281,0.045930203050374985,-4.640241622924805,0.006164103280752897,-21.094432830810547,-7.0,7.0,4.518493175506592,0.6118747591972351,1.0751745700836182,-0.6733951568603516,636
population,17,carpet,9,2975,0.03703321889042854,0.03166952356696129,-4.636982440948486,0.006160535849630833,-20.828819274902344,-7.0,7.0,4.269115924835205,0.7372125387191772,1.1057846546173096,-0.6689983010292053,637
population,17,carpet,10,2975,0.032346323132514954,0.03331168740987778,-4.588863849639893,0.0061566829681396484,-13.874737739562988,-7.0,7.0,4.296760082244873,0.566155731678009,1.1005542278289795,-0.6987999081611633,638
population,17,carpet,11,2975,0.0208292156457901,0.0240827314555645,-4.60404634475708,0.006152571644634008,-15.216817855834961,-7.0,7.0,4.454856872558594,0.48447921872138977,1.1135059595108032,-0.7179475426673889,639
population,17,carpet,12,2975,0.03573347255587578,0.04374527186155319,-4.534733772277832,0.006148231215775013,-14.760522842407227,-7.0,7.0,4.285984516143799,0.5606817007064819,1.1148699522018433,-0.714711606502533,640
population,17,carpet,13,2975,0.02654055878520012,0.01885933429002762,-4.8592939376831055,0.006143682636320591,-12.869039535522461,-7.0,7.0,4.493716716766357,0.6105754971504211,1.2015599012374878,-0.7506131529808044,641
population,17,carpet,14,2975,0.028860867023468018,0.033616092056035995,-4.758162975311279,0.006138950120657682,-6.922734260559082,-7.0,7.0,4.348094940185547,0.5924378633499146,1.2125186920166016,-0.7683258652687073,642
population,17,carpet,15,2975,0.06990699470043182,0.05732041224837303,-4.425275802612305,0.006134051829576492,-5.570234775543213,-7.0,7.0,4.346306800842285,0.5775003433227539,1.2522934675216675,-0.7977222800254822,643
population,17,carpet,16,2975,0.04243185743689537,0.045515015721321106,-4.4574079513549805,0.0061290026642382145,-8.238415718078613,-7.0,7.0,4.266763687133789,0.5289554595947266,1.2772966623306274,-0.8151937127113342,644
population,17,carpet,17,2975,0.03160347044467926,0.021813509985804558,-4.604883193969727,0.006124640814960003,1.448183298110962,-7.0,7.0,4.29248571395874,0.5930883884429932,1.368753433227539,-0.8218488693237305,645
population,17,carpet,18,2975,0.027066171169281006,0.026399919763207436,-4.883081912994385,0.006120734848082066,0.16670691967010498,-7.0,7.0,4.593862533569336,0.5894328951835632,1.3256694078445435,-0.8238306641578674,646
population,17,carpet,19,2975,0.02681548520922661,0.03744344040751457,-4.77335262298584,0.006116693839430809,-4.176735877990723,-7.0,7.0,4.580674648284912,0.5467337369918823,1.2838971614837646,-0.8108420372009277,647
population,17,carpet,20,2975,0.053170617669820786,0.059017032384872437,-4.6007914543151855,0.0061125680804252625,-3.883920431137085,-7.0,7.0,4.538735866546631,0.5963451266288757,1.2998981475830078,-0.8231220245361328,648
population,17,carpet,21,2975,0.022485913708806038,0.030609896406531334,-4.691707611083984,0.0061082178726792336,-5.100878715515137,-7.0,7.0,4.579495906829834,0.5562402009963989,1.2231098413467407,-0.7867546081542969,649
population,17,carpet,22,2975,0.04530207812786102,0.0362590029835701,-4.896268367767334,0.006103664170950651,-6.020901679992676,-7.0,7.0,4.577855110168457,0.6034632325172424,1.2286921739578247,-0.7831195592880249,650
population,17,carpet,23,2975,0.031169794499874115,0.03396625816822052,-4.67393684387207,0.006098927929997444,-8.921995162963867,-7.0,7.0,4.494256973266602,0.5985696315765381,1.1975147724151611,-0.7632003426551819,651
population,17,carpet,24,2975,0.02937818132340908,0.021930325776338577,-4.628106594085693,0.006094029638916254,-14.042096138000488,-7.0,7.0,4.403680324554443,0.6173474788665771,1.1891683340072632,-0.7225948572158813,652
population,17,carpet,25,2975,0.020364513620734215,0.03946578875184059,-4.6079607009887695,0.006088984198868275,-17.712974548339844,-7.0,7.0,4.506752014160156,0.5621511936187744,1.0912832021713257,-0.7007396817207336,653
population,17,carpet,26,2975,0.07560324668884277,0.04757871851325035,-4.749982833862305,0.006083809304982424,-12.799210548400879,-7.0,7.0,4.4051079750061035,0.6264445185661316,1.1179344654083252,-0.6762770414352417,654
population,17,carpet,27,2975,0.020230568945407867,0.01545512955635786,-4.634244918823242,0.006078517530113459,-13.549668312072754,-7.0,7.0,4.473145484924316,0.5759470462799072,1.1198265552520752,-0.6893262267112732,655
population,17,carpet,28,2975,0.07369507104158401,0.04022108390927315,-4.575033664703369,0.0060731228440999985,-14.736124992370605,-7.0,7.0,4.4529242515563965,0.7479649782180786,1.1046617031097412,-0.657485842704773,656
population,17,carpet,29,2975,0.030539454892277718,0.030909394845366478,-4.806737422943115,0.006067635025829077,-22.977218627929688,-7.0,7.0,4.554039478302002,0.7163943648338318,1.0196350812911987,-0.6013485193252563,657
population,17,carpet,30,2975,0.09694041311740875,0.05445859581232071,-4.853434085845947,0.006062064785510302,-19.973554611206055,-7.0,7.0,4.436388969421387,0.5197004675865173,1.0214475393295288,-0.6056324243545532,658
population,17,carpet,31,2975,0.026095759123563766,0.029323117807507515,-4.857052326202393,0.0060564191080629826,-19.625537872314453,-7.0,7.0,4.595826148986816,0.6525189280509949,1.0261346101760864,-0.6122146844863892,659
population,17,carpet,32,2975,0.11256644129753113,0.0528467632830143,-4.709656715393066,0.006050709635019302,-22.518268585205078,-7.0,7.0,4.738729476928711,0.5274817943572998,1.0036174058914185,-0.6317176222801208,660
population,17,carpet,33,2975,0.029575837776064873,0.03600960597395897,-4.867898464202881,0.006044941954314709,-16.875959396362305,-7.0,7.0,4.620131492614746,0.6466081738471985,1.0819940567016602,-0.6861175894737244,661
population,17,carpet,34,2975,0.10021916031837463,0.05169900879263878,-5.315721035003662,0.006039122119545937,-17.787349700927734,-7.0,7.0,4.751227378845215,0.5815503597259521,1.0820536613464355,-0.6754189729690552,662
population,17,carpet,35,2975,0.041156165301799774,0.045602064579725266,-5.1451263427734375,0.006033256184309721,-8.934897422790527,-7.0,7.0,4.7262091636657715,0.6595105528831482,1.2000675201416016,-0.7269096374511719,663
population,17,carpet,36,2975,0.07779375463724136,0.04525797814130783,-4.824235916137695,0.006027350202202797,-11.225278854370117,-7.0,7.0,4.740137577056885,0.6658921837806702,1.1880582571029663,-0.7473055720329285,664
population,17,carpet,37,2975,0.03398609906435013,0.030513644218444824,-4.842920780181885,0.006021943408995867,-0.7399896383285522,-7.0,7.0,4.683599948883057,0.6255094408988953,1.2649023532867432,-0.8128381967544556,665
population,17,carpet,38,2975,0.05404416471719742,0.035854894667863846,-4.9806413650512695,0.006016931962221861,-1.1742866039276123,-7.0,7.0,4.595447063446045,0.6123376488685608,1.2757065296173096,-0.8102414011955261,666
population,17,carpet,39,2975,0.028651345521211624,0.028347361832857132,-4.86633825302124,0.0060126641765236855,1.9628196954727173,-7.0,7.0,4.5310516357421875,0.4603997468948364,1.3103406429290771,-0.8221880197525024,667
population,17,carpet,40,2975,0.04216574504971504,0.027420226484537125,-4.726754665374756,0.006009210366755724,3.140169620513916,-7.0,7.0,4.620593070983887,0.617784321308136,1.3078324794769287,-0.8143067955970764,668
population,17,carpet,41,2975,0.05572199448943138,0.03765370324254036,-4.875242233276367,0.0060059679672122,-1.079075813293457,-7.0,7.0,4.805471420288086,0.5971117615699768,1.2867441177368164,-0.7979291081428528,669
population,17,carpet,42,2975,0.030821340158581734,0.029782889410853386,-4.788047790527344,0.0060027469880878925,-2.4290590286254883,-7.0,7.0,4.5417890548706055,0.6316606402397156,1.2707091569900513,-0.7821001410484314,670
population,17,carpet,43,2975,0.028773033991456032,0.0364353284239769,-4.72244119644165,0.005999218672513962,-9.669577598571777,-7.0,7.0,4.632270336151123,0.6498302817344666,1.187569499015808,-0.7529150247573853,671
population,17,carpet,44,2975,0.02012360282242298,0.018950723111629486,-4.993020057678223,0.005995412357151508,-6.10383939743042,-7.0,7.0,4.75188684463501,0.6623594760894775,1.1743205785751343,-0.751916229724884,672
population,17,carpet,45,2975,0.030257664620876312,0.04325130209326744,-4.791530609130859,0.005991356913000345,-11.585627555847168,-7.0,7.0,4.63571834564209,0.44776275753974915,1.0954169034957886,-0.716318666934967,673
population,17,carpet,46,2975,0.019153203815221786,0.019807057455182076,-4.930548667907715,0.005987078882753849,-16.920835494995117,-7.0,7.0,4.6812286376953125,0.5758200287818909,1.0813096761703491,-0.7082008719444275,674
population,17,carpet,47,2975,0.022510290145874023,0.023969681933522224,-4.883710861206055,0.005982601083815098,-18.411514282226562,-7.0,7.0,4.698260307312012,0.6039934158325195,0.982948899269104,-0.6528128981590271,675
population,17,carpet,48,2975,0.03258499503135681,0.03640177100896835,-4.8631439208984375,0.00597794447094202,-18.779863357543945,-7.0,7.0,4.623061180114746,0.625012993812561,1.0918948650360107,-0.6738958954811096,676
population,17,carpet,49,2975,0.03118922933936119,0.03977986052632332,-4.967733860015869,0.005973129067569971,-21.137685775756836,-7.0,7.0,4.53428316116333,0.6610147953033447,1.009003758430481,-0.6275142431259155,677
population,17,carpet,50,2975,0.0229936596006155,0.024095730856060982,-5.075857162475586,0.005968169774860144,-27.81097984313965,-7.0,7.0,4.8199687004089355,0.587209939956665,0.9436050653457642,-0.6416175961494446,678
individual,18,carpet,1,3150,0.0163926612585783,0.03974924981594086,-4.610533714294434,0.005238685756921768,-22.382518768310547,-7.0,7.0,4.379746913909912,0.6522482633590698,0.9108672738075256,-0.6346850991249084,679
individual,18,carpet,2,3150,0.0328715480864048,0.04378310218453407,-4.710175037384033,0.005233392585068941,-9.492016792297363,-7.0,7.0,4.452390193939209,0.5703897476196289,1.137389898300171,-0.6924301385879517,680
individual,18,carpet,3,3150,0.026410719379782677,0.027937885373830795,-4.7994794845581055,0.005228104535490274,-21.13207244873047,-7.0,7.0,4.59684419631958,0.501788318157196,0.944310188293457,-0.6512646079063416,681
individual,18,carpet,4,3150,0.039429742842912674,0.07779862731695175,-4.801675319671631,0.005222819745540619,-15.728853225708008,-7.0,7.0,4.775615692138672,0.8430837392807007,1.0504698753356934,-0.6571909785270691,682
individual,18,carpet,5,3150,0.025976000353693962,0.028879065066576004,-4.776614189147949,0.005217540077865124,-23.15304183959961,-7.0,7.0,4.669004440307617,0.6186556816101074,0.9291346669197083,-0.6407667398452759,683
individual,18,carpet,6,3150,0.04524776339530945,0.09242656826972961,-4.845228672027588,0.00521226366981864,-24.17477798461914,-7.0,7.0,4.4600725173950195,0.5311081409454346,0.9461039900779724,-0.6492815613746643,684
individual,18,carpet,7,3150,0.03108534775674343,0.04182982072234154,-4.741429328918457,0.005206992384046316,-18.616989135742188,-7.0,7.0,4.511914253234863,0.4594267010688782,0.9848245978355408,-0.6724861264228821,685
individual,18,carpet,8,3150,0.06383822113275528,0.09425316005945206,-4.503597259521484,0.005201726220548153,-19.6617431640625,-7.0,7.0,4.538949012756348,0.5817626118659973,0.9156271815299988,-0.6323709487915039,686
individual,18,carpet,9,3150,0.020851964130997658,0.05078406259417534,-4.730357646942139,0.0051964628510177135,-9.46369457244873,-7.0,7.0,4.472881317138672,0.6631259322166443,1.1288520097732544,-0.6886623501777649,687
individual,18,carpet,10,3150,0.028944769874215126,0.03572096675634384,-4.974897861480713,0.005191205069422722,-12.335428237915039,-7.0,7.0,4.648809432983398,0.602603018283844,1.0399084091186523,-0.6956092715263367,688
individual,18,carpet,11,3150,0.024651553481817245,0.0647268071770668,-5.0276899337768555,0.005185952875763178,-18.395387649536133,-7.0,7.0,4.748201847076416,0.5004853010177612,0.9710800051689148,-0.6907868981361389,689
individual,18,carpet,12,3150,0.024350779131054878,0.03000412881374359,-4.658463478088379,0.005181523039937019,2.962139129638672,-7.0,7.0,4.3979926109313965,0.670735239982605,1.3176413774490356,-0.7603785395622253,690
individual,18,carpet,13,3150,0.014958619140088558,0.04052243381738663,-4.664335250854492,0.005177013576030731,-6.081186294555664,-7.0,7.0,4.522769451141357,0.5968445539474487,1.1768419742584229,-0.7591081261634827,691
individual,18,carpet,14,3150,0.016815505921840668,0.013517498970031738,-4.89387845993042,0.00517243379727006,-6.598682880401611,-7.0,7.0,4.625805377960205,0.7604625821113586,1.1080178022384644,-0.7589909434318542,692
individual,18,carpet,15,3150,0.01654975116252899,0.02521403133869171,-4.849529266357422,0.005167791619896889,-8.72004222869873,-7.0,7.0,4.524695873260498,0.6791754364967346,1.1284643411636353,-0.7314592003822327,693
individual,18,carpet,16,3150,0.03105839341878891,0.026132889091968536,-4.873260974884033,0.005163175985217094,-4.435934066772461,-7.0,7.0,4.728899955749512,0.6165552735328674,1.1463743448257446,-0.7630842924118042,694
individual,18,carpet,17,3150,0.02666463889181614,0.031083356589078903,-4.796183109283447,0.005158938001841307,-0.8340699076652527,-7.0,7.0,4.545648097991943,0.5855103135108948,1.2433195114135742,-0.775193989276886,695
individual,18,carpet,18,3150,0.029125262051820755,0.0134967640042305,-4.866246223449707,0.0051546767354011536,-4.521000385284424,-7.0,7.0,4.668678283691406,0.6845869421958923,1.1818172931671143,-0.7407351732254028,696
individual,18,carpet,19,3150,0.03037150762975216,0.032070230692625046,-4.713754653930664,0.005150497425347567,-3.4751267433166504,-7.0,7.0,4.650191307067871,0.5909222364425659,1.2030858993530273,-0.7538060545921326,697
individual,18,carpet,20,3150,0.02693486213684082,0.03141624480485916,-4.816382884979248,0.005146216135472059,-6.940761566162109,-7.0,7.0,4.7204742431640625,0.7752714157104492,1.1533420085906982,-0.7399259805679321,698
individual,18,carpet,21,3150,0.02204885520040989,0.036519650369882584,-4.9247565269470215,0.005141842644661665,-15.664016723632812,-7.0,7.0,4.7326860427856445,0.561518669128418,0.9755290746688843,-0.7157559990882874,699
individual,18,carpet,22,3150,0.021862054243683815,0.027813389897346497,-4.830487251281738,0.005137389525771141,-15.213968276977539,-7.0,7.0,4.807663917541504,0.5026047825813293,1.002630352973938,-0.6603240370750427,700
individual,18,carpet,23,3150,0.03077668696641922,0.04411131888628006,-4.809319496154785,0.005132861901074648,-13.1658935546875,-7.0,7.0,4.63352108001709,0.6719784736633301,1.0729763507843018,-0.64791339635849,701
individual,18,carpet,24,3150,0.030688434839248657,0.03121999092400074,-4.9671244621276855,0.005128270015120506,-24.398048400878906,-7.0,7.0,4.833316802978516,0.6520532965660095,0.8811492323875427,-0.6157603859901428,702
individual,18,carpet,25,3150,0.022737372666597366,0.021870076656341553,-4.811698913574219,0.005123621318489313,-23.972393035888672,-7.0,7.0,4.677178859710693,0.7393794059753418,0.9534497857093811,-0.5999613404273987,703
individual,18,carpet,26,3150,0.04089782387018204,0.036319609731435776,-4.933249473571777,0.0051189204677939415,-28.019527435302734,-7.0,7.0,4.836097717285156,0.7360327243804932,0.8361079096794128,-0.5784175992012024,704
individual,18,carpet,27,3150,0.03389332816004753,0.027593854814767838,-5.104465484619141,0.005114174913614988,-30.435152053833008,-7.0,7.0,4.8213114738464355,0.499345064163208,0.7490540742874146,-0.5573827624320984,705
individual,18,carpet,28,3150,0.02957882173359394,0.029070883989334106,-4.85470724105835,0.005109387915581465,-29.05021858215332,-7.0,7.0,4.703593730926514,0.5030897855758667,0.7837833166122437,-0.5751731991767883,706
individual,18,carpet,29,3150,0.02964792400598526,0.028482194989919662,-4.943751811981201,0.005104565992951393,-32.29606246948242,-7.0,7.0,4.801174640655518,0.66753089427948,0.7705697417259216,-0.5587466955184937,707
individual,18,carpet,30,3150,0.024760471656918526,0.026627060025930405,-4.981329441070557,0.0050997124053537846,-32.36131286621094,-7.0,7.0,4.743082523345947,0.7600184679031372,0.8277754783630371,-0.5405612587928772,708
individual,18,carpet,31,3150,0.027316171675920486,0.034553758800029755,-5.043039798736572,0.005094829481095076,-27.27269744873047,-7.0,7.0,4.712082862854004,0.5997699499130249,0.8554005026817322,-0.5555862784385681,709
individual,18,carpet,32,3150,0.022059615701436996,0.024416157975792885,-4.979276180267334,0.005089921876788139,-27.394845962524414,-7.0,7.0,4.771363258361816,0.5626576542854309,0.8322852253913879,-0.5589519143104553,710
individual,18,carpet,33,3150,0.053589895367622375,0.06504596769809723,-4.857985973358154,0.0050849923864007,-29.62156867980957,-7.0,7.0,4.790806770324707,0.743500292301178,0.8136782646179199,-0.5429056286811829,711
individual,18,carpet,34,3150,0.0335201695561409,0.034738533198833466,-4.9699015617370605,0.005080046132206917,-28.167804718017578,-7.0,7.0,4.881714344024658,0.7527697086334229,0.8348103761672974,-0.5500305891036987,712
individual,18,carpet,35,3150,0.03611048310995102,0.04804787412285805,-5.159731388092041,0.005075082648545504,-28.7620792388916,-7.0,7.0,4.860869884490967,0.5873963832855225,0.845628559589386,-0.5363646745681763,713
individual,18,carpet,36,3150,0.037387311458587646,0.03691653162240982,-4.9493865966796875,0.005070104729384184,-30.9693546295166,-7.0,7.0,4.6372971534729,0.6484040021896362,0.8171553015708923,-0.5605767965316772,714
individual,18,carpet,37,3150,0.043623439967632294,0.04748649522662163,-4.793711185455322,0.005065114703029394,-32.14509201049805,-7.0,7.0,4.8062567710876465,0.5705553293228149,0.7999861836433411,-0.5485467910766602,715
individual,18,carpet,38,3150,0.053433291614055634,0.05310966074466705,-4.7504987716674805,0.005060113035142422,-32.30714416503906,-7.0,7.0,4.638971328735352,0.6270889043807983,0.8455588221549988,-0.5491862297058105,716
individual,18,carpet,39,3150,0.029670944437384605,0.028821736574172974,-5.235135078430176,0.005055103916674852,-34.22958755493164,-7.0,7.0,5.075694561004639,0.6574418544769287,0.7780722975730896,-0.5515574216842651,717
individual,18,carpet,40,3150,0.09732582420110703,0.09085524827241898,-5.312568664550781,0.005050085484981537,-28.981595993041992,-7.0,7.0,4.828594207763672,0.6633530259132385,0.7618373036384583,-0.48781999945640564,718
individual,18,carpet,41,3150,0.055667322129011154,0.06111603602766991,-5.153632164001465,0.005045062396675348,-28.947593688964844,-7.0,7.0,4.883194923400879,0.7205361723899841,0.8381132483482361,-0.5274547934532166,719
individual,18,carpet,42,3150,0.07768132537603378,0.07488468289375305,-4.954555988311768,0.005040034651756287,-34.42134094238281,-7.0,7.0,5.0089826583862305,0.7148762345314026,0.7148472666740417,-0.5129634737968445,720
individual,18,carpet,43,3150,0.05333289876580238,0.06185923516750336,-4.822789192199707,0.005035002250224352,-43.131988525390625,-7.0,7.0,4.885833263397217,0.5949745178222656,0.5982491374015808,-0.4635597765445709,721
individual,18,carpet,44,3150,0.05960666388273239,0.04181410372257233,-5.142751216888428,0.005029967520385981,-29.316486358642578,-7.0,7.0,4.834657192230225,0.5687762498855591,0.7744451761245728,-0.5314478874206543,722
individual,18,carpet,45,3150,0.07490675151348114,0.0885731428861618,-5.4753336906433105,0.00502493092790246,-33.14158630371094,-7.0,7.0,5.0701704025268555,0.6232115030288696,0.7179054021835327,-0.543968677520752,723
individual,18,carpet,46,3150,0.05713599920272827,0.044653329998254776,-4.871526718139648,0.00501989247277379,-30.504859924316406,-7.0,7.0,4.767210006713867,0.5865303874015808,0.7598167657852173,-0.5752536654472351,724
individual,18,carpet,47,3150,0.09392103552818298,0.08046507835388184,-4.859253883361816,0.005014851223677397,-37.62001037597656,-7.0,7.0,4.93494176864624,0.5681149959564209,0.6666515469551086,-0.5524348020553589,725
individual,18,carpet,48,3150,0.01860591396689415,0.015648875385522842,-5.1587419509887695,0.0050098104402422905,-32.94103240966797,-7.0,7.0,4.992917060852051,0.5045749545097351,0.7290717959403992,-0.5968880653381348,726
individual,18,carpet,49,3150,0.026648148894309998,0.02613489329814911,-5.233101844787598,0.0050047701224684715,-22.90172576904297,-7.0,7.0,4.899504661560059,0.6087760925292969,0.8118709921836853,-0.677456259727478,727
individual,18,carpet,50,3150,0.04208778589963913,0.05178891122341156,-5.256577491760254,0.00499973027035594,-20.44310188293457,-7.0,7.0,4.907571792602539,0.5490837693214417,0.8902454376220703,-0.7598705291748047,728
population,18,carpet,1,3150,0.041300248354673386,0.05209721624851227,-4.98287296295166,0.005963083356618881,-17.872669219970703,-7.0,7.0,4.720160961151123,0.7726427316665649,1.0524405241012573,-0.6559428572654724,679
population,18,carpet,2,3150,0.033606141805648804,0.031206076964735985,-5.178501129150391,0.005957882385700941,-18.808849334716797,-7.0,7.0,4.730530261993408,0.7381603121757507,1.0597363710403442,-0.6663762927055359,680
population,18,carpet,3,3150,0.029210954904556274,0.026454320177435875,-4.908808708190918,0.005952577572315931,-14.767422676086426,-7.0,7.0,4.484960556030273,0.572788417339325,1.0866879224777222,-0.691802442073822,681
population,18,carpet,4,3150,0.026505937799811363,0.026786597445607185,-5.084658145904541,0.005947181489318609,-14.213715553283691,-7.0,7.0,4.757115840911865,0.5954360961914062,1.0808171033859253,-0.7179616093635559,682
population,18,carpet,5,3150,0.03306121751666069,0.03612469509243965,-5.115540504455566,0.00594170531257987,-5.307305812835693,-7.0,7.0,4.809810638427734,0.6875595450401306,1.1769262552261353,-0.7996754050254822,683
population,18,carpet,6,3150,0.024848267436027527,0.030429193750023842,-5.039669990539551,0.00593669805675745,-0.6294010877609253,-7.0,7.0,4.764235973358154,0.6554121375083923,1.2476489543914795,-0.8013835549354553,684
population,18,carpet,7,3150,0.02738669142127037,0.028821349143981934,-5.128223896026611,0.0059319837018847466,-1.7015084028244019,-7.0,7.0,4.745054721832275,0.5192374587059021,1.241889238357544,-0.8757162094116211,685
population,18,carpet,8,3150,0.04276485741138458,0.040308382362127304,-5.2064714431762695,0.0059283701702952385,12.982048034667969,-7.0,7.0,4.810103416442871,0.7012258768081665,1.3897192478179932,-0.9376668930053711,686
population,18,carpet,9,3150,0.045034654438495636,0.03933634236454964,-4.8935770988464355,0.00592574430629611,16.185546875,-7.0,7.0,4.7604660987854,0.6568691730499268,1.4862785339355469,-0.9858437776565552,687
population,18,carpet,10,3150,0.038769107311964035,0.0406104139983654,-4.981116771697998,0.005924006924033165,16.098695755004883,-7.0,7.0,4.812187671661377,0.705294668674469,1.4690895080566406,-0.9827470183372498,688
population,18,carpet,11,3150,0.039891526103019714,0.03737146779894829,-5.29111385345459,0.005923069082200527,10.946489334106445,-7.0,7.0,4.938038349151611,0.6776356101036072,1.3883358240127563,-0.9306698441505432,689
population,18,carpet,12,3150,0.04898274317383766,0.05432558059692383,-5.123745441436768,0.005922848824411631,7.401764869689941,-7.0,7.0,4.704314231872559,0.5624932646751404,1.3361806869506836,-0.929651141166687,690
population,18,carpet,13,3150,0.06034911796450615,0.04889146238565445,-4.991312026977539,0.0059232753701508045,6.491219997406006,-7.0,7.0,4.927623271942139,0.7524997591972351,1.3978087902069092,-0.9409710168838501,691
population,18,carpet,14,3150,0.026850638911128044,0.023749537765979767,-5.0204176902771,0.005924283526837826,8.15977668762207,-7.0,7.0,4.898291110992432,0.504368245601654,1.3510466814041138,-0.9245812296867371,692
population,18,carpet,15,3150,0.02133787050843239,0.019660772755742073,-5.327967643737793,0.00592540530487895,1.7464710474014282,-7.0,7.0,5.048471450805664,0.6628919839859009,1.2858811616897583,-0.8908819556236267,693
population,18,carpet,16,3150,0.07324493676424026,0.060310158878564835,-5.265317916870117,0.005926038138568401,-3.0811243057250977,-7.0,7.0,4.78665828704834,0.49040958285331726,1.2368344068527222,-0.8573251366615295,694
population,18,carpet,17,3150,0.01965433917939663,0.023137450218200684,-5.235851764678955,0.00592653825879097,-0.5886667966842651,-7.0,7.0,4.909785747528076,0.8070045113563538,1.2698930501937866,-0.8505358695983887,695
population,18,carpet,18,3150,0.0555938258767128,0.05501513555645943,-5.162432670593262,0.005926970858126879,-0.15481418371200562,-7.0,7.0,5.0572099685668945,0.6346232891082764,1.2453354597091675,-0.8365877270698547,696
population,18,carpet,19,3150,0.023590829223394394,0.03151760995388031,-5.132977485656738,0.005927109159529209,-2.042262077331543,-7.0,7.0,4.878363609313965,0.6782466173171997,1.2453622817993164,-0.8179746270179749,697
population,18,carpet,20,3150,0.051089003682136536,0.03930840268731117,-5.436709880828857,0.005926606245338917,-6.897122859954834,-7.0,7.0,4.995051860809326,0.6571270227432251,1.1963750123977661,-0.7754960060119629,698
population,18,carpet,21,3150,0.02498333528637886,0.040079664438962936,-5.321153163909912,0.0059255268424749374,-13.75149917602539,-7.0,7.0,4.928598880767822,0.5068915486335754,1.1095679998397827,-0.7854446172714233,699
population,18,carpet,22,3150,0.049869947135448456,0.05340943858027458,-5.047721862792969,0.005923927761614323,-12.031071662902832,-7.0,7.0,4.960602760314941,0.605953574180603,1.1703660488128662,-0.7778787016868591,700
population,18,carpet,23,3150,0.038106247782707214,0.04413440823554993,-5.039233207702637,0.0059218634851276875,-6.549602508544922,-7.0,7.0,4.912801742553711,0.7712906002998352,1.2427141666412354,-0.7840985059738159,701
population,18,carpet,24,3150,0.022438151761889458,0.02173152193427086,-5.455350399017334,0.005919378716498613,-11.704946517944336,-7.0,7.0,5.247248649597168,0.6339775919914246,1.100638508796692,-0.7564375996589661,702
population,18,carpet,25,3150,0.07820531725883484,0.0856829360127449,-5.42225456237793,0.0059165204875171185,-10.558492660522461,-7.0,7.0,4.982706546783447,0.7466688752174377,1.2346887588500977,-0.7812615633010864,703
population,18,carpet,26,3150,0.027750933542847633,0.024897892028093338,-5.2091827392578125,0.005913321860134602,-11.377664566040039,-7.0,7.0,5.08890438079834,0.5771913528442383,1.1495834589004517,-0.7642107605934143,704
population,18,carpet,27,3150,0.06131941080093384,0.06008635833859444,-5.015599250793457,0.005909821018576622,-13.865592956542969,-7.0,7.0,4.986828327178955,0.6248435378074646,1.112577199935913,-0.7173648476600647,705
population,18,carpet,28,3150,0.04443526640534401,0.04405646026134491,-4.908583641052246,0.005906048696488142,-12.992878913879395,-7.0,7.0,4.798495292663574,0.6597035527229309,1.1514781713485718,-0.7440563440322876,706
population,18,carpet,29,3150,0.048739541321992874,0.05078084021806717,-5.355356693267822,0.005902031436562538,-19.7062931060791,-7.0,7.0,5.0797438621521,0.5849162936210632,1.0532482862472534,-0.6907951235771179,707
population,18,carpet,30,3150,0.0547923780977726,0.048362165689468384,-5.4282612800598145,0.005897794384509325,-22.452030181884766,-7.0,7.0,5.1111159324646,0.6849080324172974,1.0757125616073608,-0.6921312212944031,708
population,18,carpet,31,3150,0.019369738176465034,0.021739348769187927,-5.153511047363281,0.005893361289054155,-20.20824432373047,-7.0,7.0,4.927513599395752,0.7258380651473999,1.0575670003890991,-0.6988176703453064,709
population,18,carpet,32,3150,0.0814184620976448,0.069145567715168,-5.41359806060791,0.005888751707971096,-18.098979949951172,-7.0,7.0,5.291772842407227,0.604887843132019,1.0674498081207275,-0.6987467408180237,710
population,18,carpet,33,3150,0.025085747241973877,0.021348929032683372,-5.335417747497559,0.005883985664695501,-14.731651306152344,-7.0,7.0,4.97037410736084,0.6324194669723511,1.1274994611740112,-0.7062832117080688,711
population,18,carpet,34,3150,0.10339638590812683,0.09529301524162292,-5.608098983764648,0.005879077594727278,-13.820577621459961,-7.0,7.0,5.045713901519775,0.6044672727584839,1.1250172853469849,-0.7213004231452942,712
population,18,carpet,35,3150,0.04718843847513199,0.04353487864136696,-5.430087089538574,0.005874044727534056,-12.647157669067383,-7.0,7.0,5.1748199462890625,0.740645170211792,1.1799885034561157,-0.7674232721328735,713
population,18,carpet,36,3150,0.08244311809539795,0.08600375801324844,-5.054731369018555,0.005868899170309305,-11.314886093139648,-7.0,7.0,5.023496150970459,0.6348345279693604,1.2022721767425537,-0.7590224146842957,714
population,18,carpet,37,3150,0.028721680864691734,0.033682599663734436,-5.443022727966309,0.005864160135388374,-0.890069842338562,-7.0,7.0,5.180490970611572,0.7289969325065613,1.3117425441741943,-0.8194271922111511,715
population,18,carpet,38,3150,0.05630527436733246,0.0642407014966011,-5.631026268005371,0.005859606899321079,-2.3874144554138184,-7.0,7.0,5.333159446716309,0.6741551160812378,1.2634748220443726,-0.8355175256729126,716
population,18,carpet,39,3150,0.023267101496458054,0.02074098400771618,-5.089657783508301,0.005856132134795189,6.656094074249268,-7.0,7.0,4.950770378112793,0.5853367447853088,1.3697115182876587,-0.8476021885871887,717
population,18,carpet,40,3150,0.07078150659799576,0.07512658089399338,-5.063744068145752,0.0058535244315862656,4.312198638916016,-7.0,7.0,5.042862892150879,0.7502947449684143,1.3729455471038818,-0.8313735723495483,718
population,18,carpet,41,3150,0.04558128863573074,0.05356232076883316,-5.140696048736572,0.00585095165297389,-1.8721048831939697,-7.0,7.0,5.221753120422363,0.7396370768547058,1.2376197576522827,-0.7776185274124146,719
population,18,carpet,42,3150,0.0395192988216877,0.038266852498054504,-5.1927995681762695,0.005848017521202564,-11.905289649963379,-7.0,7.0,5.068330764770508,0.6694936156272888,1.1272183656692505,-0.7571180462837219,720
population,18,carpet,43,3150,0.0809088945388794,0.09180329740047455,-5.385342597961426,0.005844761151820421,-16.460269927978516,-7.0,7.0,5.027219295501709,0.6163060069084167,1.0891835689544678,-0.7025284767150879,721
population,18,carpet,44,3150,0.043205250054597855,0.04566604271531105,-5.16487455368042,0.0058412146754562855,-19.87510871887207,-7.0,7.0,5.132477760314941,0.7009313702583313,1.0312858819961548,-0.6867917776107788,722
population,18,carpet,45,3150,0.061092980206012726,0.06787464022636414,-5.167322158813477,0.005837405566126108,-26.570322036743164,-7.0,7.0,5.136118412017822,0.6296173930168152,0.9514402747154236,-0.6287249326705933,723
population,18,carpet,46,3150,0.035974279046058655,0.031058140099048615,-5.3655266761779785,0.005833362229168415,-27.64592933654785,-7.0,7.0,5.063522815704346,0.6831431984901428,0.8882880806922913,-0.5922363996505737,724
population,18,carpet,47,3150,0.0295500997453928,0.0349372960627079,-5.54885721206665,0.0058291079476475716,-28.646202087402344,-7.0,7.0,5.213680744171143,0.6400011777877808,0.870925784111023,-0.5920736193656921,725
population,18,carpet,48,3150,0.06570784002542496,0.055850137025117874,-5.301104545593262,0.00582466833293438,-27.764469146728516,-7.0,7.0,5.1565656661987305,0.690589964389801,0.9313635230064392,-0.5779720544815063,726
population,18,carpet,49,3150,0.025206679478287697,0.02566206455230713,-5.38144588470459,0.005820059683173895,-32.21339797973633,-7.0,7.0,5.05596923828125,0.6562430262565613,0.8386077284812927,-0.6018529534339905,727
population,18,carpet,50,3150,0.052333764731884,0.04922233521938324,-5.43307638168335,0.005815299227833748,-24.767730712890625,-7.0,7.0,4.947587490081787,0.6823024153709412,0.9441889524459839,-0.5903106331825256,728
individual,19,carpet,1,3325,0.06095777451992035,0.05569274351000786,-5.005893707275391,0.004994692746549845,-18.668149948120117,-7.0,7.0,4.970996379852295,0.5704532265663147,0.930958092212677,-0.7603381276130676,729
individual,19,carpet,2,3325,0.06846435368061066,0.0677420049905777,-4.678425312042236,0.0049896580167114735,-12.690380096435547,-7.0,7.0,4.779736518859863,0.587589681148529,0.9917920231819153,-0.7952345609664917,730
individual,19,carpet,3,3325,0.03345814347267151,0.0337783545255661,-4.955799102783203,0.0049846237525343895,-13.528938293457031,-7.0,7.0,4.813299655914307,0.6532884836196899,0.9874697923660278,-0.8021083474159241,731
individual,19,carpet,4,3325,0.07606088370084763,0.05779881030321121,-5.19950532913208,0.004979592282325029,-8.287151336669922,-7.0,7.0,4.928088665008545,0.6557685136795044,1.018243432044983,-0.8212667107582092,732
individual,19,carpet,5,3325,0.02909226343035698,0.031111693009734154,-5.222348213195801,0.004974563140422106,-6.212091445922852,-7.0,7.0,5.0264458656311035,0.7811647057533264,1.1083229780197144,-0.846216082572937,733
individual,19,carpet,6,3325,0.034509263932704926,0.03298167511820793,-4.947664260864258,0.004969537258148193,-13.929919242858887,-7.0,7.0,5.006776809692383,0.6085178256034851,1.0029947757720947,-0.8346022367477417,734
individual,19,carpet,7,3325,0.07706373929977417,0.07202800363302231,-5.062986373901367,0.0049645137041807175,-9.900439262390137,-7.0,7.0,5.20200777053833,0.6622329950332642,1.112162709236145,-0.8482597470283508,735
individual,19,carpet,8,3325,0.03980652987957001,0.03602346405386925,-5.03349494934082,0.004959495272487402,-15.825976371765137,-7.0,7.0,4.83152961730957,0.5608019232749939,1.0059609413146973,-0.8333815336227417,736
individual,19,carpet,9,3325,0.09457376599311829,0.09262987971305847,-5.272161483764648,0.00495447963476181,-14.678126335144043,-7.0,7.0,4.8796186447143555,0.657015860080719,1.0506646633148193,-0.8118413686752319,737
individual,19,carpet,10,3325,0.03925909847021103,0.03467162325978279,-5.249336242675781,0.004949466325342655,-16.953411102294922,-7.0,7.0,5.0785627365112305,0.7043531537055969,0.9921887516975403,-0.7950612306594849,738
individual,19,carpet,11,3325,0.08731991052627563,0.06989380717277527,-4.934946060180664,0.004944458603858948,-20.578365325927734,-7.0,7.0,4.979432582855225,0.5722323060035706,0.9342302680015564,-0.7265469431877136,739
individual,19,carpet,12,3325,0.027384649962186813,0.022073816508054733,-5.0006184577941895,0.004939453210681677,-25.459360122680664,-7.0,7.0,4.874300003051758,0.6034449934959412,0.9511098861694336,-0.7215678095817566,740
individual,19,carpet,13,3325,0.017135603353381157,0.01277973223477602,-5.1623663902282715,0.004934452939778566,-19.160526275634766,-7.0,7.0,4.924698829650879,0.6539438366889954,1.0412012338638306,-0.7387655377388,741
individual,19,carpet,14,3325,0.03386550769209862,0.036762189120054245,-5.36962890625,0.0049294582568109035,-14.194391250610352,-7.0,7.0,5.063331604003906,0.7944142818450928,1.0543911457061768,-0.6828442811965942,742
individual,19,carpet,15,3325,0.045267604291439056,0.046112626791000366,-5.212976455688477,0.00492446543648839,-25.55227279663086,-7.0,7.0,5.019597053527832,0.6860045194625854,0.9026458859443665,-0.6309307813644409,743
individual,19,carpet,16,3325,0.02230018936097622,0.023626722395420074,-5.057705879211426,0.004919478204101324,-21.451093673706055,-7.0,7.0,4.86348819732666,0.5636266469955444,0.972453236579895,-0.6644924879074097,744
individual,19,carpet,17,3325,0.05175342410802841,0.05857037007808685,-5.052690029144287,0.004914496093988419,-25.33037757873535,-7.0,7.0,5.020556449890137,0.7148864269256592,0.9133968949317932,-0.6147812008857727,745
individual,19,carpet,18,3325,0.04124501720070839,0.0460316464304924,-5.392933368682861,0.004909518640488386,-25.265411376953125,-7.0,7.0,5.359051704406738,0.5772119760513306,0.8401924967765808,-0.6366904377937317,746
individual,19,carpet,19,3325,0.03205522149801254,0.030094536021351814,-5.367537021636963,0.004904544446617365,-28.447063446044922,-7.0,7.0,5.050905704498291,0.5399046540260315,0.8466293215751648,-0.6087409853935242,747
individual,19,carpet,20,3325,0.026552939787507057,0.040945593267679214,-5.157927513122559,0.004899574909359217,-28.58799171447754,-7.0,7.0,4.819579124450684,0.5627890229225159,0.8837859034538269,-0.5866863131523132,748
individual,19,carpet,21,3325,0.030019018799066544,0.023288721218705177,-5.167569160461426,0.004894610494375229,-26.791641235351562,-7.0,7.0,4.9923248291015625,0.722023069858551,0.9046255350112915,-0.5889015793800354,749
individual,19,carpet,22,3325,0.06006740406155586,0.07158384472131729,-5.008395671844482,0.004889650736004114,-22.312053680419922,-7.0,7.0,5.011715888977051,0.6574397087097168,0.9429029822349548,-0.5833759903907776,750
individual,19,carpet,23,3325,0.029590386897325516,0.03159789741039276,-5.147610187530518,0.004884696565568447,-28.714271545410156,-7.0,7.0,4.961244583129883,0.5185452699661255,0.9167367815971375,-0.59537273645401,751
individual,19,carpet,24,3325,0.0425158329308033,0.051517926156520844,-5.461124897003174,0.004879747051745653,-26.975078582763672,-7.0,7.0,5.196484565734863,0.6337063312530518,0.8036054968833923,-0.577761173248291,752
individual,19,carpet,25,3325,0.022966718301177025,0.029158715158700943,-5.441452980041504,0.00487480266019702,-31.74569320678711,-7.0,7.0,5.163295269012451,0.636431872844696,0.8444627523422241,-0.5942395329475403,753
individual,19,carpet,26,3325,0.03922715783119202,0.03577260673046112,-5.270704746246338,0.004869863390922546,-27.090251922607422,-7.0,7.0,5.159913539886475,0.7412699460983276,0.9054840207099915,-0.621017575263977,754
individual,19,carpet,27,3325,0.02401382103562355,0.02805858850479126,-5.083078384399414,0.004864929243922234,-24.19110107421875,-7.0,7.0,4.914062976837158,0.5908603072166443,0.9290475249290466,-0.6085206270217896,755
individual,19,carpet,28,3325,0.031751908361911774,0.019356606528162956,-5.4245171546936035,0.004859999753534794,-18.99761199951172,-7.0,7.0,5.21450138092041,0.6356798410415649,1.0126358270645142,-0.6335490942001343,756
individual,19,carpet,29,3325,0.040814269334077835,0.03387274965643883,-5.326496124267578,0.0048550753854215145,-23.32862663269043,-7.0,7.0,5.093411922454834,0.7437053322792053,0.9726423621177673,-0.6831970810890198,757
individual,19,carpet,30,3325,0.027415089309215546,0.03331967070698738,-5.394792079925537,0.0048501561395823956,-13.884198188781738,-7.0,7.0,5.078026294708252,0.6757293939590454,1.0998798608779907,-0.6828445792198181,758
individual,19,carpet,31,3325,0.03138425573706627,0.03283625468611717,-5.3341851234436035,0.004845387302339077,-3.724947929382324,-7.0,7.0,5.003608703613281,0.7011462450027466,1.1642701625823975,-0.7372852563858032,759
individual,19,carpet,32,3325,0.043780963867902756,0.049665115773677826,-5.254833698272705,0.004840630106627941,-5.077502727508545,-7.0,7.0,5.1281843185424805,0.5636202692985535,1.2076829671859741,-0.7581834197044373,760
individual,19,carpet,33,3325,0.03667982295155525,0.0541372075676918,-5.347887992858887,0.004835861269384623,-10.31810188293457,-7.0,7.0,5.303956031799316,0.6684557199478149,1.2389061450958252,-0.7601233720779419,761
individual,19,carpet,34,3325,0.029660694301128387,0.036771610379219055,-5.492508888244629,0.004831083584576845,-15.395572662353516,-7.0,7.0,5.235024452209473,0.7153016328811646,1.1606557369232178,-0.7634601593017578,762
individual,19,carpet,35,3325,0.02183929644525051,0.02924465574324131,-5.605456829071045,0.004826298914849758,-9.933303833007812,-7.0,7.0,5.388481140136719,0.6534098386764526,1.1605892181396484,-0.7901143431663513,763
individual,19,carpet,36,3325,0.03677860274910927,0.036009106785058975,-5.427732467651367,0.00482154218479991,-4.941709995269775,-7.0,7.0,5.1717305183410645,0.8398147225379944,1.2323360443115234,-0.8040381073951721,764
individual,19,carpet,37,3325,0.015510953962802887,0.030163219198584557,-5.395426273345947,0.004816950764507055,-3.4176816940307617,-7.0,7.0,5.274180889129639,0.7345778346061707,1.2937430143356323,-0.8270016312599182,765
individual,19,carpet,38,3325,0.024253778159618378,0.015549045987427235,-5.308341979980469,0.0048123314045369625,-5.760202884674072,-7.0,7.0,5.1777119636535645,0.6031904220581055,1.1902567148208618,-0.8045660257339478,766
individual,19,carpet,39,3325,0.02846994251012802,0.04879475757479668,-5.3724141120910645,0.004808118101209402,-0.6190738677978516,-7.0,7.0,5.0296149253845215,0.5186153054237366,1.2679615020751953,-0.8432019948959351,767
individual,19,carpet,40,3325,0.021424075588583946,0.021176746115088463,-5.505451202392578,0.004803841467946768,-12.716236114501953,-7.0,7.0,5.234109878540039,0.5204722285270691,1.1492301225662231,-0.8007842302322388,768
individual,19,carpet,41,3325,0.0238024964928627,0.03061235323548317,-5.277231216430664,0.004799507558345795,-7.534852981567383,-7.0,7.0,5.124809265136719,0.687577486038208,1.1875649690628052,-0.7968820929527283,769
individual,19,carpet,42,3325,0.038450803607702255,0.046169213950634,-5.458979606628418,0.004795483313500881,-1.3469656705856323,-7.0,7.0,5.326107025146484,0.862804651260376,1.243334412574768,-0.8353222608566284,770
individual,19,carpet,43,3325,0.04640326648950577,0.03802859038114548,-5.595849990844727,0.0047913785092532635,-15.342262268066406,-7.0,7.0,5.374065399169922,0.7052778005599976,1.036544680595398,-0.7695820927619934,771
individual,19,carpet,44,3325,0.04415269196033478,0.044151827692985535,-5.576584339141846,0.004787276964634657,-4.49720573425293,-7.0,7.0,5.172640323638916,0.6130163669586182,1.1824771165847778,-0.8254660964012146,772
individual,19,carpet,45,3325,0.019082622602581978,0.016234179958701134,-5.456710338592529,0.004783101379871368,-9.351913452148438,-7.0,7.0,5.267173767089844,0.6204529404640198,1.145753026008606,-0.7827023863792419,773
individual,19,carpet,46,3325,0.05561230704188347,0.04270326346158981,-5.531971454620361,0.004778861068189144,-12.555741310119629,-7.0,7.0,5.421348571777344,0.7682114243507385,1.134095549583435,-0.7956174612045288,774
individual,19,carpet,47,3325,0.035512618720531464,0.035026665776968,-5.604315280914307,0.004774560686200857,-7.216461181640625,-7.0,7.0,5.307501316070557,0.8062253594398499,1.1353552341461182,-0.8224433660507202,775
individual,19,carpet,48,3325,0.020027583464980125,0.01842935010790825,-5.4852118492126465,0.004771180916577578,5.359721660614014,-7.0,7.0,5.198451519012451,0.6870418787002563,1.2896525859832764,-0.8815603256225586,776
individual,19,carpet,49,3325,0.0350508913397789,0.040004994720220566,-5.569527626037598,0.004767655860632658,-11.33020305633545,-7.0,7.0,5.324758052825928,0.7002790570259094,1.1369868516921997,-0.8335868716239929,777
individual,19,carpet,50,3325,0.028518816456198692,0.026680605486035347,-5.403494834899902,0.00476496946066618,6.7977447509765625,-7.0,7.0,5.146665096282959,0.7200759053230286,1.3292008638381958,-0.9193668365478516,778
population,19,carpet,1,3325,0.03493855893611908,0.02787831798195839,-5.5806965827941895,0.005810404196381569,-25.593273162841797,-7.0,7.0,5.216520309448242,0.651065468788147,0.9190270304679871,-0.6639919281005859,729
population,19,carpet,2,3325,0.04961102083325386,0.05553304776549339,-5.278113842010498,0.005805388558655977,-15.423688888549805,-7.0,7.0,5.141539573669434,0.6179637312889099,1.0112419128417969,-0.7103447318077087,730
population,19,carpet,3,3325,0.06992089748382568,0.0565030574798584,-5.507196426391602,0.005800264421850443,-10.797211647033691,-7.0,7.0,5.287614822387695,0.8002523183822632,1.1314741373062134,-0.7676219940185547,731
population,19,carpet,4,3325,0.05136062949895859,0.056948624551296234,-5.666645526885986,0.00579505879431963,-5.022037982940674,-7.0,7.0,5.214619159698486,0.6732397079467773,1.1814388036727905,-0.8170037865638733,732
population,19,carpet,5,3325,0.06513406336307526,0.05282021686434746,-5.610018730163574,0.00579037144780159,-0.01728324592113495,-7.0,7.0,5.316562175750732,0.6977514028549194,1.2596969604492188,-0.8805472254753113,733
population,19,carpet,6,3325,0.02256166934967041,0.02917547896504402,-5.219155311584473,0.005786542780697346,3.2662672996520996,-7.0,7.0,5.047580718994141,0.6743457317352295,1.3440839052200317,-0.9047483801841736,734
population,19,carpet,7,3325,0.06262408941984177,0.050737202167510986,-5.204708576202393,0.005783712491393089,15.863882064819336,-7.0,7.0,5.1943535804748535,0.6295896172523499,1.401926040649414,-1.0069348812103271,735
population,19,carpet,8,3325,0.027612559497356415,0.022808976471424103,-5.400432586669922,0.005781779531389475,26.522153854370117,-7.0,7.0,5.269403457641602,0.47137683629989624,1.562134027481079,-1.115099549293518,736
population,19,carpet,9,3325,0.04623685032129288,0.04120786860585213,-5.338336944580078,0.005780652165412903,21.500673294067383,-7.0,7.0,5.156952857971191,0.7320994138717651,1.4786790609359741,-1.0791456699371338,737
population,19,carpet,10,3325,0.03448695316910744,0.027125854045152664,-5.269240379333496,0.005780249834060669,34.204307556152344,-7.0,7.0,5.012042999267578,0.6871927380561829,1.6890881061553955,-1.149754285812378,738
population,19,carpet,11,3325,0.05397350713610649,0.05364828556776047,-5.398965835571289,0.0057805003598332405,31.699054718017578,-7.0,7.0,5.408404350280762,0.6624293923377991,1.6532890796661377,-1.1161115169525146,739
population,19,carpet,12,3325,0.024105561897158623,0.019916005432605743,-5.371204853057861,0.005781335756182671,24.20858383178711,-7.0,7.0,5.212294101715088,0.6342709064483643,1.548896074295044,-1.0814030170440674,740
population,19,carpet,13,3325,0.05126413330435753,0.06396801769733429,-5.504842758178711,0.00578270060941577,25.749862670898438,-7.0,7.0,5.194505214691162,0.6892825961112976,1.6048303842544556,-1.0988733768463135,741
population,19,carpet,14,3325,0.027281921356916428,0.026842400431632996,-5.409454345703125,0.005784539971500635,19.603347778320312,-7.0,7.0,5.202098369598389,0.6195515990257263,1.5037078857421875,-1.0300661325454712,742
population,19,carpet,15,3325,0.0408017672598362,0.047186922281980515,-5.319648265838623,0.005786807741969824,17.501243591308594,-7.0,7.0,5.169409275054932,0.7150125503540039,1.5212719440460205,-0.9868208765983582,743
population,19,carpet,16,3325,0.03215295076370239,0.032575689256191254,-5.350553035736084,0.005789462942630053,9.339702606201172,-7.0,7.0,5.131655693054199,0.697460412979126,1.4235657453536987,-0.8884411454200745,744
population,19,carpet,17,3325,0.024338597431778908,0.03126474842429161,-5.510932922363281,0.005792378913611174,4.421595573425293,-7.0,7.0,5.167932510375977,0.620263934135437,1.349656343460083,-0.8375154733657837,745
population,19,carpet,18,3325,0.025196567177772522,0.0269797220826149,-5.523252010345459,0.005794677417725325,-2.759169578552246,-7.0,7.0,5.262552738189697,0.6807606816291809,1.2834856510162354,-0.8265017867088318,746
population,19,carpet,19,3325,0.03685282915830612,0.03753499686717987,-5.573444366455078,0.005796133540570736,-7.499147415161133,-7.0,7.0,5.229589462280273,0.7393741607666016,1.1981624364852905,-0.7594807744026184,747
population,19,carpet,20,3325,0.02793278358876705,0.03401729464530945,-5.488380432128906,0.005796830169856548,-14.206709861755371,-7.0,7.0,5.209802627563477,0.6145493984222412,1.168314814567566,-0.7134034037590027,748
population,19,carpet,21,3325,0.042521700263023376,0.035007111728191376,-5.477036476135254,0.0057968441396951675,-11.696561813354492,-7.0,7.0,5.33537483215332,0.6988632678985596,1.1645971536636353,-0.7127419710159302,749
population,19,carpet,22,3325,0.03660138323903084,0.03576258569955826,-5.241941452026367,0.005796244367957115,-18.044376373291016,-7.0,7.0,5.077620029449463,0.6512932777404785,1.0217353105545044,-0.6678404211997986,750
population,19,carpet,23,3325,0.03657384216785431,0.03563863784074783,-5.474182605743408,0.005795089062303305,-10.82245922088623,-7.0,7.0,5.161209583282471,0.6892519593238831,1.1312146186828613,-0.695767879486084,751
population,19,carpet,24,3325,0.031867530196905136,0.025370774790644646,-5.5018534660339355,0.005793436896055937,-22.530263900756836,-7.0,7.0,5.353632926940918,0.5376618504524231,1.0005279779434204,-0.6580108404159546,752
population,19,carpet,25,3325,0.04374149814248085,0.03468536585569382,-5.449541091918945,0.0057913376949727535,-23.038280487060547,-7.0,7.0,5.366837024688721,0.722926139831543,1.0221750736236572,-0.6313838958740234,753
population,19,carpet,26,3325,0.04525195434689522,0.041775673627853394,-5.275445461273193,0.00578883895650506,-21.948410034179688,-7.0,7.0,5.208841323852539,0.6890194416046143,1.009413242340088,-0.6596140265464783,754
population,19,carpet,27,3325,0.0434633307158947,0.03542718291282654,-5.463936805725098,0.005785977467894554,-24.466585159301758,-7.0,7.0,5.17466402053833,0.69129478931427,0.9970301985740662,-0.6335678696632385,755
population,19,carpet,28,3325,0.03400138020515442,0.031917672604322433,-5.713613986968994,0.005782791413366795,-22.140010833740234,-7.0,7.0,5.55529260635376,0.7285732626914978,0.9770163297653198,-0.6273623108863831,756
population,19,carpet,29,3325,0.044865865260362625,0.03910359740257263,-5.602041244506836,0.005779315251857042,-24.459680557250977,-7.0,7.0,5.372679710388184,0.5949035286903381,0.9468913674354553,-0.6269140839576721,757
population,19,carpet,30,3325,0.04397968575358391,0.04425429180264473,-5.727504730224609,0.00577557971701026,-25.27567481994629,-7.0,7.0,5.463518142700195,0.7301967144012451,0.9180368781089783,-0.6156097054481506,758
population,19,carpet,31,3325,0.04508783295750618,0.04139874130487442,-5.38381290435791,0.005771609954535961,-21.49909782409668,-7.0,7.0,5.296487808227539,0.7452192306518555,1.020450472831726,-0.6345987319946289,759
population,19,carpet,32,3325,0.03303515166044235,0.03623141720890999,-5.563672065734863,0.005767428316175938,-24.920677185058594,-7.0,7.0,5.414384365081787,0.6607666015625,0.9638462066650391,-0.6269150376319885,760
population,19,carpet,33,3325,0.06261861324310303,0.06016185134649277,-5.771596431732178,0.005763059947639704,-27.954727172851562,-7.0,7.0,5.489522457122803,0.7044075727462769,0.8755812644958496,-0.6182752251625061,761
population,19,carpet,34,3325,0.027756430208683014,0.030022256076335907,-5.717635631561279,0.00575852207839489,-21.419269561767578,-7.0,7.0,5.410984992980957,0.6728183031082153,0.9862514734268188,-0.6575900912284851,762
population,19,carpet,35,3325,0.04707004129886627,0.04788912832736969,-5.597812175750732,0.0057538338005542755,-14.124845504760742,-7.0,7.0,5.20460319519043,0.7683653235435486,1.1503440141677856,-0.7234009504318237,763
population,19,carpet,36,3325,0.024413302540779114,0.02408745139837265,-5.573911666870117,0.005749010015279055,-22.109397888183594,-7.0,7.0,5.295343399047852,0.6480966210365295,1.03469717502594,-0.6788870692253113,764
population,19,carpet,37,3325,0.0573059543967247,0.05329897999763489,-5.438820838928223,0.005744066555052996,-14.850323677062988,-7.0,7.0,5.3513922691345215,0.7499086856842041,1.108892560005188,-0.745620846748352,765
population,19,carpet,38,3325,0.044590868055820465,0.0506160669028759,-5.3406147956848145,0.005739015527069569,-11.244457244873047,-7.0,7.0,5.3363165855407715,0.7263702750205994,1.185256838798523,-0.7811728119850159,766
population,19,carpet,39,3325,0.03173462301492691,0.034600261598825455,-5.7288055419921875,0.005734417121857405,-0.4271136522293091,-7.0,7.0,5.501946926116943,0.6447192430496216,1.2861522436141968,-0.8447287678718567,767
population,19,carpet,40,3325,0.04622628539800644,0.07113999128341675,-5.708852291107178,0.005730349570512772,0.5991897583007812,-7.0,7.0,5.4741411209106445,0.7555241584777832,1.3127950429916382,-0.8537098169326782,768
population,19,carpet,41,3325,0.03331826627254486,0.0334949754178524,-5.465234279632568,0.005727298557758331,9.82847785949707,-7.0,7.0,5.314876556396484,0.7697550654411316,1.3740683794021606,-0.8740835785865784,769
population,19,carpet,42,3325,0.06449627131223679,0.07560508698225021,-5.4185075759887695,0.005725160241127014,15.421734809875488,-7.0,7.0,5.378835678100586,0.6444503664970398,1.441454529762268,-0.9144770503044128,770
population,19,carpet,43,3325,0.04379349201917648,0.03345904499292374,-5.506200790405273,0.005723841954022646,7.586345195770264,-7.0,7.0,5.425601482391357,0.6948326826095581,1.3776273727416992,-0.8740053772926331,771
population,19,carpet,44,3325,0.036828722804784775,0.044345397502183914,-5.725284576416016,0.005723260808736086,9.522415161132812,-7.0,7.0,5.461031436920166,0.8087307214736938,1.406026005744934,-0.8795337080955505,772
population,19,carpet,45,3325,0.06673142313957214,0.0822649896144867,-5.759344577789307,0.005722701083868742,-0.31120696663856506,-7.0,7.0,5.413427829742432,0.6326954960823059,1.3346136808395386,-0.8425570726394653,773
population,19,carpet,46,3325,0.048081930726766586,0.061021510511636734,-5.587905406951904,0.005722802132368088,6.836492538452148,-7.0,7.0,5.557528972625732,0.7869530916213989,1.358223557472229,-0.828150749206543,774
population,19,carpet,47,3325,0.06993339210748672,0.0699370726943016,-5.691375732421875,0.005723143462091684,2.1231045722961426,-7.0,7.0,5.697478294372559,0.7834351062774658,1.3178062438964844,-0.7781255841255188,775
population,19,carpet,48,3325,0.0344184935092926,0.03673107549548149,-5.922094821929932,0.005722843110561371,-15.071043014526367,-7.0,7.0,5.6498823165893555,0.8106321692466736,1.2145105600357056,-0.7544870972633362,776
population,19,carpet,49,3325,0.08410200476646423,0.09183917939662933,-5.946573734283447,0.005721967201679945,-17.699480056762695,-7.0,7.0,5.522172927856445,0.6212520599365234,1.1148364543914795,-0.7014189958572388,777
population,19,carpet,50,3325,0.03476825729012489,0.040713466703891754,-5.67366361618042,0.005720573011785746,-8.59433364868164,-7.0,7.0,5.3855133056640625,0.7395850419998169,1.211049199104309,-0.711579442024231,778
individual,20,carpet,1,3500,0.042601726949214935,0.03923562914133072,-5.235314846038818,0.004762654658406973,1.1317696571350098,-7.0,7.0,5.109186172485352,0.608360767364502,1.205405354499817,-0.9144715070724487,779
individual,20,carpet,2,3500,0.05103366822004318,0.04403417184948921,-5.193796157836914,0.004760087002068758,-8.258394241333008,-7.0,7.0,5.123892307281494,0.7021939754486084,1.1876475811004639,-0.9069700837135315,780
individual,20,carpet,3,3500,0.0631723701953888,0.07702784985303879,-5.532472610473633,0.0047574955970048904,-3.088886260986328,-7.0,7.0,5.573716163635254,0.7632215619087219,1.1402605772018433,-0.9181772470474243,781
individual,20,carpet,4,3500,0.08922778069972992,0.08952557295560837,-5.75258731842041,0.0047546811401844025,-7.482165813446045,-7.0,7.0,5.456203937530518,0.633065938949585,1.16769540309906,-0.8633467555046082,782
individual,20,carpet,5,3500,0.09797254204750061,0.11444110423326492,-5.605828285217285,0.004751920234411955,-2.5072665214538574,-7.0,7.0,5.262598037719727,0.6125779151916504,1.2502810955047607,-0.9527026414871216,783
individual,20,carpet,6,3500,0.04628545790910721,0.046672288328409195,-5.273249626159668,0.0047493199817836285,-1.2696571350097656,-7.0,7.0,5.367495059967041,0.6179914474487305,1.2071348428726196,-0.9384387731552124,784
individual,20,carpet,7,3500,0.10360289365053177,0.11178241670131683,-5.2248148918151855,0.004746496677398682,-14.104660034179688,-7.0,7.0,5.46454381942749,0.6696091294288635,1.071060061454773,-0.9031623005867004,785
individual,20,carpet,8,3500,0.026098154485225677,0.016842229291796684,-5.499286651611328,0.0047435462474823,-4.5366716384887695,-7.0,7.0,5.400412559509277,0.6524635553359985,1.1716935634613037,-0.9052055478096008,786
individual,20,carpet,9,3500,0.1046910285949707,0.10213439911603928,-5.506745338439941,0.004741137847304344,2.735969066619873,-7.0,7.0,5.013375759124756,0.7523707747459412,1.290359377861023,-0.9340857863426208,787
individual,20,carpet,10,3500,0.034200519323349,0.04435437545180321,-5.5748796463012695,0.004738486837595701,-11.199663162231445,-7.0,7.0,5.377296447753906,0.5504997968673706,1.1307276487350464,-0.8834652304649353,788
individual,20,carpet,11,3500,0.04470503702759743,0.043562788516283035,-5.308876991271973,0.004735620226711035,-13.294634819030762,-7.0,7.0,5.34351110458374,0.5739383697509766,1.0625630617141724,-0.8448176383972168,789
individual,20,carpet,12,3500,0.07862163335084915,0.11965262144804001,-5.1692657470703125,0.0047325571067631245,-7.242888450622559,-7.0,7.0,5.240602970123291,0.5960140228271484,1.178268551826477,-0.8725915551185608,790
individual,20,carpet,13,3500,0.04679592326283455,0.04558437690138817,-5.516127109527588,0.004729319829493761,-10.787351608276367,-7.0,7.0,5.369973659515381,0.7292106747627258,1.0964386463165283,-0.8860597610473633,791
individual,20,carpet,14,3500,0.08944384753704071,0.09730912744998932,-5.673688888549805,0.004725927021354437,-11.451325416564941,-7.0,7.0,5.278130054473877,0.6685728430747986,1.0996649265289307,-0.8749865889549255,792
individual,20,carpet,15,3500,0.0374656543135643,0.05097903683781624,-5.5065107345581055,0.004722392652183771,-16.904268264770508,-7.0,7.0,5.221909999847412,0.7187573313713074,1.0427861213684082,-0.8243554830551147,793
individual,20,carpet,16,3500,0.058855608105659485,0.04384823888540268,-5.240621566772461,0.004718732554465532,-19.780559539794922,-7.0,7.0,5.22809362411499,0.5468361377716064,1.0097287893295288,-0.8316669464111328,794
individual,20,carpet,17,3500,0.04307934269309044,0.05781913548707962,-5.386885643005371,0.00471496069803834,-16.024032592773438,-7.0,7.0,5.398036956787109,0.6304183602333069,0.9971944093704224,-0.7595004439353943,795
individual,20,carpet,18,3500,0.025331368669867516,0.0325210839509964,-5.614447593688965,0.004711086396127939,-21.05362319946289,-7.0,7.0,5.397287368774414,0.7481536865234375,0.9346643090248108,-0.792807936668396,796
individual,20,carpet,19,3500,0.05122709646821022,0.037104811519384384,-5.721745491027832,0.004707123152911663,-15.736310005187988,-7.0,7.0,5.407842636108398,0.6851882934570312,0.9748364686965942,-0.7702416181564331,797
individual,20,carpet,20,3500,0.031036190688610077,0.06665202975273132,-5.7265625,0.004703077953308821,-28.881607055664062,-7.0,7.0,5.430087089538574,0.5665007829666138,0.8946264386177063,-0.7261217832565308,798
individual,20,carpet,21,3500,0.05103582143783569,0.039642542600631714,-5.420024394989014,0.004698962438851595,-26.664840698242188,-7.0,7.0,5.350979328155518,0.6447107195854187,0.9348174333572388,-0.7306777238845825,799
individual,20,carpet,22,3500,0.040427062660455704,0.059377193450927734,-5.587032794952393,0.004694780800491571,-21.281225204467773,-7.0,7.0,5.595282554626465,0.7293822169303894,0.9425816535949707,-0.8125700354576111,800
individual,20,carpet,23,3500,0.024350710213184357,0.03262507542967796,-5.700306415557861,0.004690542817115784,-16.765426635742188,-7.0,7.0,5.54354190826416,0.6543667912483215,0.9742250442504883,-0.7691541314125061,801
individual,20,carpet,24,3500,0.06295353174209595,0.050887495279312134,-5.680466651916504,0.0046862526796758175,-12.291670799255371,-7.0,7.0,5.315396308898926,0.7639954090118408,1.073388695716858,-0.832946240901947,802
individual,20,carpet,25,3500,0.02575252391397953,0.04493938013911247,-5.638586521148682,0.0046819173730909824,-9.86562442779541,-7.0,7.0,5.336924076080322,0.5429271459579468,1.0278135538101196,-0.8701333999633789,803
individual,20,carpet,26,3500,0.039388321340084076,0.03307252749800682,-5.665565013885498,0.004677541553974152,-10.049139976501465,-7.0,7.0,5.486082077026367,0.6979923844337463,1.0313427448272705,-0.8572791218757629,804
individual,20,carpet,27,3500,0.0358097180724144,0.04042840749025345,-5.825711250305176,0.004673131741583347,-5.879319667816162,-7.0,7.0,5.760788917541504,0.6033774614334106,1.0613927841186523,-0.8744754195213318,805
individual,20,carpet,28,3500,0.02953648939728737,0.05182579159736633,-5.582701206207275,0.004668690729886293,-16.47252655029297,-7.0,7.0,5.582589149475098,0.7918230295181274,1.0652893781661987,-0.8561574220657349,806
individual,20,carpet,29,3500,0.04839322715997696,0.03595459461212158,-5.755384922027588,0.004664220381528139,-6.772880554199219,-7.0,7.0,5.4651994705200195,0.6659983396530151,1.1326093673706055,-0.9337682723999023,807
individual,20,carpet,30,3500,0.04840664565563202,0.07839782536029816,-5.671356201171875,0.004660345613956451,1.6598550081253052,-7.0,7.0,5.372561931610107,0.6470569372177124,1.29372239112854,-0.9283588528633118,808
individual,20,carpet,31,3500,0.07718639820814133,0.05405450239777565,-5.691986083984375,0.004656384699046612,-6.000226974487305,-7.0,7.0,5.783408164978027,0.8528004884719849,1.1488333940505981,-0.9406511187553406,809
individual,20,carpet,32,3500,0.02920830063521862,0.040012605488300323,-5.578233242034912,0.0046532973647117615,6.206911087036133,-7.0,7.0,5.411289215087891,0.683193564414978,1.3287522792816162,-0.959032416343689,810
individual,20,carpet,33,3500,0.048650216311216354,0.02710811421275139,-5.74022912979126,0.004650717601180077,2.237867593765259,-7.0,7.0,5.408796310424805,0.6612014770507812,1.2814409732818604,-0.9515990018844604,811
individual,20,carpet,34,3500,0.05107468366622925,0.056813765317201614,-5.997918128967285,0.004648400936275721,0.06264674663543701,-7.0,7.0,5.622605323791504,0.7545211315155029,1.2398449182510376,-0.9717574715614319,812
individual,20,carpet,35,3500,0.02482554316520691,0.029046494513750076,-5.6917572021484375,0.00464584119617939,-5.7421956062316895,-7.0,7.0,5.506542205810547,0.6346949934959412,1.155897855758667,-0.918523907661438,813
individual,20,carpet,36,3500,0.08735010027885437,0.07529722899198532,-5.480900764465332,0.004643245600163937,-3.3041858673095703,-7.0,7.0,5.55780029296875,0.6627560257911682,1.1615992784500122,-0.9056879281997681,814
individual,20,carpet,37,3500,0.04444373399019241,0.05887297913432121,-5.91073751449585,0.004640912637114525,0.03975898027420044,-7.0,7.0,5.845233917236328,0.7807707190513611,1.2158774137496948,-0.9420808553695679,815
individual,20,carpet,38,3500,0.072871133685112,0.04730686545372009,-5.937437534332275,0.004638337530195713,-7.941344738006592,-7.0,7.0,5.583715438842773,0.6416196823120117,1.1444929838180542,-0.8650335073471069,816
individual,20,carpet,39,3500,0.05527963861823082,0.0673358365893364,-6.084117412567139,0.004635644610971212,-4.2504072189331055,-7.0,7.0,5.621109962463379,0.6881844401359558,1.18875253200531,-0.872931182384491,817
individual,20,carpet,40,3500,0.06233661249279976,0.04060186818242073,-5.667107105255127,0.004632747266441584,-12.5900239944458,-7.0,7.0,5.630772113800049,0.6019960641860962,1.0703288316726685,-0.886967658996582,818
individual,20,carpet,41,3500,0.10273595154285431,0.09438462555408478,-5.300729274749756,0.0046296692453324795,-9.079153060913086,-7.0,7.0,5.390903949737549,0.6168292164802551,1.1419260501861572,-0.8583008646965027,819
individual,20,carpet,42,3500,0.03799649327993393,0.03166239336133003,-5.903173923492432,0.0046264249831438065,-12.265341758728027,-7.0,7.0,5.632091045379639,0.507177472114563,1.0395658016204834,-0.8423793911933899,820
individual,20,carpet,43,3500,0.0706062838435173,0.04025672376155853,-6.088964939117432,0.004623073153197765,-4.941275119781494,-7.0,7.0,5.636593818664551,0.7661486268043518,1.0912225246429443,-0.8834446668624878,821
individual,20,carpet,44,3500,0.038539476692676544,0.06024415045976639,-5.760874271392822,0.00461962865665555,-4.8663787841796875,-7.0,7.0,5.460782051086426,0.5999515652656555,1.1367855072021484,-0.9058660268783569,822
individual,20,carpet,45,3500,0.06739826500415802,0.0222792811691761,-5.552586078643799,0.004616059362888336,-11.746369361877441,-7.0,7.0,5.607672214508057,0.47190260887145996,1.0823328495025635,-0.870306134223938,823
individual,20,carpet,46,3500,0.06293972581624985,0.07404454052448273,-5.538203239440918,0.004612375982105732,-11.485210418701172,-7.0,7.0,5.596696853637695,0.718360424041748,1.1011446714401245,-0.8332993388175964,824
individual,20,carpet,47,3500,0.030585167929530144,0.03812117874622345,-5.590203762054443,0.004609535448253155,8.092644691467285,-7.0,7.0,5.463357925415039,0.8301897644996643,1.342147707939148,-0.9627510905265808,825
individual,20,carpet,48,3500,0.059530653059482574,0.04440542310476303,-5.802152156829834,0.004607228096574545,2.836778402328491,-7.0,7.0,5.344631195068359,0.5500749349594116,1.2150657176971436,-0.9387111067771912,826
individual,20,carpet,49,3500,0.053010646253824234,0.06910097599029541,-6.112361431121826,0.004604680463671684,-5.465755462646484,-7.0,7.0,5.759005069732666,0.7665050029754639,1.1923881769180298,-0.8728774189949036,827
individual,20,carpet,50,3500,0.05476713180541992,0.037765901535749435,-5.654272079467773,0.004601916763931513,-11.41854476928711,-7.0,7.0,5.49064302444458,0.5219589471817017,1.051479458808899,-0.8497017025947571,828
population,20,carpet,1,3500,0.09637748450040817,0.11555375903844833,-5.496652126312256,0.0057187131606042385,-16.656049728393555,-7.0,7.0,5.489847183227539,0.7418622970581055,1.073965072631836,-0.6873037219047546,779
population,20,carpet,2,3500,0.03718319907784462,0.054619256407022476,-5.4525370597839355,0.005716433748602867,-12.805927276611328,-7.0,7.0,5.307847023010254,0.5843179821968079,1.105733036994934,-0.6722803115844727,780
population,20,carpet,3,3500,0.07853981852531433,0.0824822261929512,-5.8672685623168945,0.005713779479265213,-18.430744171142578,-7.0,7.0,5.435187816619873,0.672989010810852,1.068501591682434,-0.6513949036598206,781
population,20,carpet,4,3500,0.05133210867643356,0.07334625720977783,-5.763225555419922,0.005710786208510399,-20.571056365966797,-7.0,7.0,5.321142196655273,0.7446054220199585,1.0038646459579468,-0.6354724168777466,782
population,20,carpet,5,3500,0.05182196572422981,0.04432384669780731,-5.537110328674316,0.00570748932659626,-12.963868141174316,-7.0,7.0,5.455101013183594,0.7817072868347168,1.132428765296936,-0.6569758057594299,783
population,20,carpet,6,3500,0.046905212104320526,0.054489608854055405,-5.590598106384277,0.005703922361135483,-21.309370040893555,-7.0,7.0,5.512236595153809,0.6903483271598816,0.9920799136161804,-0.6305552124977112,784
population,20,carpet,7,3500,0.05226302146911621,0.04707195237278938,-6.043304443359375,0.005700110457837582,-22.716384887695312,-7.0,7.0,5.761234760284424,0.8352252840995789,1.0127912759780884,-0.6240690350532532,785
population,20,carpet,8,3500,0.055382125079631805,0.05425593629479408,-5.8096795082092285,0.005696078296750784,-22.701505661010742,-7.0,7.0,5.4586100578308105,0.6185410022735596,0.9718224406242371,-0.6152968406677246,786
population,20,carpet,9,3500,0.06361740082502365,0.06341932713985443,-5.65958833694458,0.005691851023584604,-13.103933334350586,-7.0,7.0,5.486938953399658,0.7274215221405029,1.063926100730896,-0.6442073583602905,787
population,20,carpet,10,3500,0.051763880997896194,0.044363778084516525,-5.629019737243652,0.005687447730451822,-16.343626022338867,-7.0,7.0,5.518056869506836,0.7949777841567993,1.0936543941497803,-0.6347650289535522,788
population,20,carpet,11,3500,0.019619347527623177,0.023868782445788383,-5.698413848876953,0.005682885181158781,-16.777484893798828,-7.0,7.0,5.481175422668457,0.7276989221572876,1.0768111944198608,-0.6291670203208923,789
population,20,carpet,12,3500,0.055280983448028564,0.040897369384765625,-6.001500606536865,0.0056781829334795475,-9.975398063659668,-7.0,7.0,5.622467994689941,0.7634576559066772,1.1570053100585938,-0.6803749799728394,790
population,20,carpet,13,3500,0.04958264157176018,0.043114714324474335,-6.068870544433594,0.005673354957252741,-16.509414672851562,-7.0,7.0,5.727255821228027,0.7477664947509766,1.0233664512634277,-0.6197970509529114,791
population,20,carpet,14,3500,0.03586828336119652,0.03795430436730385,-5.808925628662109,0.005668414290994406,-14.734992027282715,-7.0,7.0,5.600271224975586,0.6564008593559265,1.0957345962524414,-0.6947135925292969,792
population,20,carpet,15,3500,0.07548710703849792,0.05949663370847702,-5.683762073516846,0.005663373041898012,-11.06108570098877,-7.0,7.0,5.703558921813965,0.6600652933120728,1.0901814699172974,-0.6820562481880188,793
population,20,carpet,16,3500,0.024661188945174217,0.020359236747026443,-5.700451374053955,0.005658241920173168,-6.118256568908691,-7.0,7.0,5.524798393249512,0.6781686544418335,1.2139755487442017,-0.7279764413833618,794
population,20,carpet,17,3500,0.04697328433394432,0.032702211290597916,-6.090620040893555,0.005653028842061758,-16.17397689819336,-7.0,7.0,5.805671215057373,0.8110656142234802,1.0866765975952148,-0.6769504547119141,795
population,20,carpet,18,3500,0.031093493103981018,0.04397810995578766,-5.8255157470703125,0.005647745449095964,-5.962798118591309,-7.0,7.0,5.502139091491699,0.734718918800354,1.1854578256607056,-0.7528024315834045,796
population,20,carpet,19,3500,0.04276566207408905,0.04492586851119995,-5.431599140167236,0.005642399191856384,-8.408061981201172,-7.0,7.0,5.483457088470459,0.737646758556366,1.117106556892395,-0.6814661622047424,797
population,20,carpet,20,3500,0.07024441659450531,0.09316273778676987,-5.606115818023682,0.00563699658960104,-17.899877548217773,-7.0,7.0,5.712154865264893,0.5358038544654846,1.0237866640090942,-0.6921119689941406,798
population,20,carpet,21,3500,0.018954508006572723,0.019160296767950058,-5.73328971862793,0.005631542764604092,-16.095407485961914,-7.0,7.0,5.616020679473877,0.6931592226028442,1.034670352935791,-0.659032940864563,799
population,20,carpet,22,3500,0.12175381183624268,0.1415921002626419,-6.002427101135254,0.005626046098768711,-7.8649702072143555,-7.0,7.0,5.45867919921875,0.6527084112167358,1.15334951877594,-0.6346350312232971,800
population,20,carpet,23,3500,0.038669079542160034,0.053063344210386276,-5.7204389572143555,0.005620508920401335,-21.068254470825195,-7.0,7.0,5.508207321166992,0.6906126737594604,0.9739020466804504,-0.6281323432922363,801
population,20,carpet,24,3500,0.06943567097187042,0.08068794012069702,-5.5901594161987305,0.005614939611405134,-20.16596031188965,-7.0,7.0,5.566595554351807,0.8485128283500671,0.9839110970497131,-0.6144395470619202,802
population,20,carpet,25,3500,0.07910499721765518,0.10504264384508133,-5.586668968200684,0.005609338637441397,-19.770362854003906,-7.0,7.0,5.644235134124756,0.7946064472198486,1.0352814197540283,-0.6006798148155212,803
population,20,carpet,26,3500,0.035916633903980255,0.03996890038251877,-5.798987865447998,0.005603711120784283,-24.14849853515625,-7.0,7.0,5.555375099182129,0.870530903339386,0.9602464437484741,-0.5802406668663025,804
population,20,carpet,27,3500,0.06948692351579666,0.09290072321891785,-6.038994789123535,0.005598059855401516,-29.25238800048828,-7.0,7.0,5.700771331787109,0.7679085731506348,0.8936735987663269,-0.5418063998222351,805
population,20,carpet,28,3500,0.024013632908463478,0.02764197811484337,-5.80189847946167,0.005592390429228544,-24.952707290649414,-7.0,7.0,5.642825603485107,0.7629846334457397,0.9688648581504822,-0.5705643892288208,806
population,20,carpet,29,3500,0.07233510911464691,0.1022210642695427,-5.503856658935547,0.0055867028422653675,-29.6683349609375,-7.0,7.0,5.631656169891357,0.743536651134491,0.8660798668861389,-0.5248861908912659,807
population,20,carpet,30,3500,0.06315560638904572,0.05659067630767822,-5.595884323120117,0.005580999422818422,-35.9278564453125,-7.0,7.0,5.650827884674072,0.683253824710846,0.7901602983474731,-0.5363873839378357,808
population,20,carpet,31,3500,0.040883708745241165,0.06178325414657593,-5.898750305175781,0.00557528343051672,-35.850494384765625,-7.0,7.0,5.672426700592041,0.7854073643684387,0.8017484545707703,-0.523177981376648,809
population,20,carpet,32,3500,0.07125957310199738,0.0939573273062706,-6.079020977020264,0.0055695571936666965,-28.005781173706055,-7.0,7.0,5.7051520347595215,0.7493619918823242,0.8567940592765808,-0.5475184321403503,810
population,20,carpet,33,3500,0.05603666976094246,0.05597133934497833,-5.806523323059082,0.00556382117792964,-29.323806762695312,-7.0,7.0,5.705413818359375,0.7442456483840942,0.883748471736908,-0.5719175934791565,811
population,20,carpet,34,3500,0.05486404895782471,0.07970115542411804,-5.902411937713623,0.005558077711611986,-27.39131736755371,-7.0,7.0,5.8903350830078125,0.86795574426651,0.913169801235199,-0.6190024614334106,812
population,20,carpet,35,3500,0.03612515702843666,0.03705083206295967,-6.0657148361206055,0.005552329588681459,-26.83199119567871,-7.0,7.0,5.994498252868652,0.6891275644302368,0.9104938507080078,-0.6524432301521301,813
population,20,carpet,36,3500,0.05205461382865906,0.06892779469490051,-6.102946758270264,0.00554657680913806,-22.413217544555664,-7.0,7.0,5.838679313659668,0.7229025959968567,0.8722368478775024,-0.6275230050086975,814
population,20,carpet,37,3500,0.06142989173531532,0.08103762567043304,-6.032853126525879,0.005540819372981787,-24.03681182861328,-7.0,7.0,5.725797176361084,0.8825692534446716,0.9242161512374878,-0.6512259840965271,815
population,20,carpet,38,3500,0.06366711854934692,0.07354515045881271,-5.835085391998291,0.005535060074180365,-17.985828399658203,-7.0,7.0,5.703441619873047,0.8438336253166199,0.9983668327331543,-0.6691145896911621,816
population,20,carpet,39,3500,0.053201913833618164,0.07276439666748047,-5.5769124031066895,0.005529298447072506,-29.587324142456055,-7.0,7.0,5.693018913269043,0.6703767776489258,0.8459567427635193,-0.6013740301132202,817
population,20,carpet,40,3500,0.02437264658510685,0.027871588245034218,-5.881621360778809,0.005523535422980785,-23.591196060180664,-7.0,7.0,5.787496566772461,0.7766547799110413,0.9461550116539001,-0.6691387891769409,818
population,20,carpet,41,3500,0.025919564068317413,0.03284721449017525,-6.0799360275268555,0.005517772864550352,-26.547693252563477,-7.0,7.0,5.828511714935303,0.8942471146583557,0.9034630656242371,-0.6555110216140747,819
population,20,carpet,42,3500,0.058403462171554565,0.0666903480887413,-6.248612403869629,0.0055120112374424934,-25.956233978271484,-7.0,7.0,5.905462265014648,0.7686917185783386,0.9277415871620178,-0.6826998591423035,820
population,20,carpet,43,3500,0.022592874243855476,0.016784129664301872,-5.783327102661133,0.005506250541657209,-28.312667846679688,-7.0,7.0,5.7170562744140625,0.6131079196929932,0.8588244318962097,-0.6597897410392761,821
population,20,carpet,44,3500,0.0891469419002533,0.09850763529539108,-5.605894565582275,0.005500490311533213,-16.903350830078125,-7.0,7.0,5.633979797363281,0.6104951500892639,1.0002375841140747,-0.7246631383895874,822
population,20,carpet,45,3500,0.02594001404941082,0.027142716571688652,-5.763928413391113,0.005494733341038227,-22.30931282043457,-7.0,7.0,5.717370510101318,0.7831623554229736,0.915213406085968,-0.6458247303962708,823
population,20,carpet,46,3500,0.054158907383680344,0.05328550934791565,-6.035432815551758,0.00548898009583354,-20.13250732421875,-7.0,7.0,5.730638027191162,0.5356901288032532,0.9230588674545288,-0.6897121071815491,824
population,20,carpet,47,3500,0.03794488683342934,0.04007092863321304,-6.055275917053223,0.005483230110257864,-21.96546173095703,-7.0,7.0,5.7806267738342285,0.6809734106063843,0.9057790637016296,-0.6771374344825745,825
population,20,carpet,48,3500,0.03156483173370361,0.026750199496746063,-6.041234970092773,0.0054774838499724865,-21.79267692565918,-7.0,7.0,5.934269905090332,0.6632310152053833,0.8555277585983276,-0.6834073662757874,826
population,20,carpet,49,3500,0.06610693782567978,0.056029073894023895,-5.9210524559021,0.00547174084931612,-22.053485870361328,-7.0,7.0,5.908783912658691,0.6837402582168579,0.9641652703285217,-0.7043277025222778,827
population,20,carpet,50,3500,0.08824241161346436,0.08853089064359665,-5.893340110778809,0.005466001108288765,-26.02739715576172,-7.0,7.0,5.955755710601807,0.8435221910476685,0.8578551411628723,-0.637986958026886,828
individual,21,carpet,1,3675,0.08016117662191391,0.07286874949932098,-5.341186046600342,0.004599117673933506,-3.5630381107330322,-7.0,7.0,5.4781084060668945,0.6359111666679382,1.1582292318344116,-0.9041038155555725,829
individual,21,carpet,2,3675,0.031270310282707214,0.030044034123420715,-5.59954833984375,0.004596129525452852,-10.860966682434082,-7.0,7.0,5.465336322784424,0.7496185898780823,1.1171939373016357,-0.8937477469444275,830
individual,21,carpet,3,3675,0.046866077929735184,0.04431549832224846,-6.179495334625244,0.0045929704792797565,-15.747722625732422,-7.0,7.0,5.956897735595703,0.8276019096374512,1.0001267194747925,-0.8558492660522461,831
individual,21,carpet,4,3675,0.06819324195384979,0.0902746394276619,-6.163015365600586,0.004589658230543137,-14.40677261352539,-7.0,7.0,5.7944416999816895,0.6968216300010681,1.051657795906067,-0.8479414582252502,832
individual,21,carpet,5,3675,0.040271781384944916,0.0546177439391613,-5.949975967407227,0.00458621047437191,-9.708183288574219,-7.0,7.0,5.6134352684021,0.6317906975746155,1.1105098724365234,-0.9082432985305786,833
individual,21,carpet,6,3675,0.07450537383556366,0.05696919932961464,-5.739851474761963,0.004582638386636972,-7.852456092834473,-7.0,7.0,5.79157829284668,0.5790736079216003,1.107431411743164,-0.9236140847206116,834
individual,21,carpet,7,3675,0.05037403851747513,0.06001453846693039,-5.784596920013428,0.004578957799822092,-9.51632308959961,-7.0,7.0,5.789065361022949,0.7836267352104187,1.074289083480835,-0.9217120409011841,835
individual,21,carpet,8,3675,0.02998647838830948,0.013913065195083618,-6.012524127960205,0.004575238563120365,-4.690856456756592,-7.0,7.0,5.75425386428833,0.6698741912841797,1.1180100440979004,-0.947482705116272,836
individual,21,carpet,9,3675,0.07281958311796188,0.07889823615550995,-5.942878246307373,0.004572362173348665,6.284106731414795,-7.0,7.0,5.473707675933838,0.7350690960884094,1.2898451089859009,-0.9764943718910217,837
individual,21,carpet,10,3675,0.02890583872795105,0.020040931180119514,-5.796290874481201,0.004569306503981352,-6.684088230133057,-7.0,7.0,5.6299567222595215,0.6610641479492188,1.1332497596740723,-0.967790961265564,838
individual,21,carpet,11,3675,0.0390353798866272,0.029289856553077698,-5.7513346672058105,0.004566089250147343,-5.703243732452393,-7.0,7.0,5.733240604400635,0.6534133553504944,1.1228816509246826,-0.96501624584198,839
individual,21,carpet,12,3675,0.05689188465476036,0.05917403846979141,-5.567109107971191,0.004562985617667437,-2.4080862998962402,-7.0,7.0,5.6327362060546875,0.6115379333496094,1.2446022033691406,-0.9523496031761169,840
individual,21,carpet,13,3675,0.07572100311517715,0.03901827707886696,-5.969168663024902,0.004560296889394522,1.1995186805725098,-7.0,7.0,5.76523494720459,0.6707608103752136,1.1854661703109741,-0.9965565800666809,841
individual,21,carpet,14,3675,0.03623073548078537,0.03660626709461212,-5.843888759613037,0.00455830991268158,4.9849090576171875,-7.0,7.0,5.568996906280518,0.7242125868797302,1.2602614164352417,-0.9889691472053528,842
individual,21,carpet,15,3675,0.03847159072756767,0.03724232688546181,-5.884593486785889,0.004556760657578707,2.7603116035461426,-7.0,7.0,5.634299278259277,0.8317398428916931,1.264266014099121,-0.952755868434906,843
individual,21,carpet,16,3675,0.03023313172161579,0.026581821963191032,-5.755742073059082,0.00455489894375205,-7.9149322509765625,-7.0,7.0,5.618714332580566,0.5571901798248291,1.119590401649475,-0.8608670830726624,844
individual,21,carpet,17,3675,0.021901847794651985,0.02787254936993122,-5.816500663757324,0.004552755504846573,-9.902264595031738,-7.0,7.0,5.709065914154053,0.5779127478599548,1.0937055349349976,-0.8358203172683716,845
individual,21,carpet,18,3675,0.023047272115945816,0.020100396126508713,-5.944598197937012,0.004550361540168524,-15.577943801879883,-7.0,7.0,5.740895748138428,0.6431611776351929,1.0407551527023315,-0.8032277822494507,846
individual,21,carpet,19,3675,0.024572033435106277,0.02770538255572319,-6.140202045440674,0.004547741264104843,-11.150968551635742,-7.0,7.0,5.831196308135986,0.8686056733131409,1.0149352550506592,-0.8249408006668091,847
individual,21,carpet,20,3675,0.04202422499656677,0.03879747539758682,-6.041072845458984,0.004544916562736034,-7.360576152801514,-7.0,7.0,5.779335975646973,0.6052363514900208,1.1209146976470947,-0.8305312395095825,848
individual,21,carpet,21,3675,0.018519965931773186,0.023848500102758408,-5.98440408706665,0.004541909322142601,-17.606014251708984,-7.0,7.0,5.704286098480225,0.6090542078018188,1.0058773756027222,-0.7580086588859558,849
individual,21,carpet,22,3675,0.027488593012094498,0.02949104644358158,-5.900285720825195,0.004538737703114748,-15.201845169067383,-7.0,7.0,5.73925256729126,0.6128141283988953,1.0647343397140503,-0.7929287552833557,850
individual,21,carpet,23,3675,0.018918562680482864,0.025294261053204536,-6.28462028503418,0.004535633139312267,-2.907627582550049,-7.0,7.0,6.112091541290283,0.8643331527709961,1.1670976877212524,-0.8844046592712402,851
individual,21,carpet,24,3675,0.014861413277685642,0.017070148140192032,-6.0024871826171875,0.004532374907284975,-6.697193145751953,-7.0,7.0,5.734687805175781,0.6038371920585632,1.151673436164856,-0.8386073708534241,852
individual,21,carpet,25,3675,0.018227413296699524,0.021174700930714607,-6.0320725440979,0.004529909696429968,5.850914001464844,-7.0,7.0,5.738583087921143,0.7842421531677246,1.2845155000686646,-0.9401914477348328,853
individual,21,carpet,26,3675,0.016028553247451782,0.017731692641973495,-5.988251686096191,0.0045281583443284035,6.786107540130615,-7.0,7.0,5.70865535736084,0.5772817730903625,1.3054364919662476,-0.9564318656921387,854
individual,21,carpet,27,3675,0.03037908300757408,0.027610620483756065,-6.084772109985352,0.004527048673480749,12.201410293579102,-7.0,7.0,5.825675010681152,0.6896232962608337,1.2592871189117432,-0.9670566916465759,855
individual,21,carpet,28,3675,0.03248443081974983,0.03695400431752205,-6.3131842613220215,0.004526515491306782,8.47181510925293,-7.0,7.0,6.148956775665283,0.6735681891441345,1.3992341756820679,-0.9881438612937927,856
individual,21,carpet,29,3675,0.049306634813547134,0.05711272358894348,-5.993321418762207,0.0045263213105499744,3.335702896118164,-7.0,7.0,5.996467590332031,0.8346590399742126,1.3062845468521118,-0.938107430934906,857
individual,21,carpet,30,3675,0.01638437621295452,0.01946500688791275,-5.876404285430908,0.004526612814515829,23.123470306396484,-7.0,7.0,5.715251922607422,0.5218058824539185,1.4568902254104614,-1.0545955896377563,858
individual,21,carpet,31,3675,0.07696268707513809,0.05910198390483856,-6.2217020988464355,0.004527340177446604,12.7894868850708,-7.0,7.0,5.857288837432861,0.8516457080841064,1.4153382778167725,-0.9566534757614136,859
individual,21,carpet,32,3675,0.013808216899633408,0.01456129364669323,-6.139257907867432,0.004528460558503866,25.482065200805664,-7.0,7.0,5.990143775939941,0.7956822514533997,1.501770257949829,-1.0600239038467407,860
individual,21,carpet,33,3675,0.02774108201265335,0.03111000545322895,-6.029929161071777,0.004529935773462057,20.231355667114258,-7.0,7.0,5.917880535125732,0.837374746799469,1.493227243423462,-1.0164724588394165,861
individual,21,carpet,34,3675,0.01719433069229126,0.0168444961309433,-6.1237945556640625,0.004531729035079479,14.297232627868652,-7.0,7.0,5.863105773925781,0.6782930493354797,1.4340883493423462,-0.9781800508499146,862
individual,21,carpet,35,3675,0.04121652990579605,0.04490451142191887,-6.317554950714111,0.004533808212727308,12.177655220031738,-7.0,7.0,5.918118953704834,0.8351172804832458,1.4032169580459595,-0.9850601553916931,863
individual,21,carpet,36,3675,0.032615289092063904,0.03211955353617668,-6.224194049835205,0.004536141641438007,5.340414047241211,-7.0,7.0,5.922765731811523,0.6376150250434875,1.260891318321228,-0.9294900894165039,864
individual,21,carpet,37,3675,0.027015559375286102,0.028966182842850685,-6.154483795166016,0.0045387097634375095,7.075231075286865,-7.0,7.0,6.019277095794678,0.7411611080169678,1.3177516460418701,-0.930263340473175,865
individual,21,carpet,38,3675,0.024799373000860214,0.02887132577598095,-6.101649761199951,0.004541489295661449,7.189817428588867,-7.0,7.0,5.979435920715332,0.7845293283462524,1.3201318979263306,-0.9445809125900269,866
individual,21,carpet,39,3675,0.034703973680734634,0.03205458074808121,-6.208624362945557,0.004544459283351898,5.841654300689697,-7.0,7.0,6.040185451507568,0.7511550188064575,1.3960891962051392,-0.9368125796318054,867
individual,21,carpet,40,3675,0.039332855492830276,0.04629051312804222,-6.363434791564941,0.00454666605219245,-12.979046821594238,-7.0,7.0,6.0680084228515625,0.6476502418518066,1.1518990993499756,-0.8494065999984741,868
individual,21,carpet,41,3675,0.03205719217658043,0.02892211079597473,-6.282345771789551,0.004548654425889254,-0.004701852798461914,-7.0,7.0,5.990503311157227,0.7358131408691406,1.2379268407821655,-0.8962717056274414,869
individual,21,carpet,42,3675,0.03312063589692116,0.042192764580249786,-6.083114147186279,0.004549977835267782,-6.80364990234375,-7.0,7.0,6.019972324371338,0.6086800694465637,1.1456305980682373,-0.8961849808692932,870
individual,21,carpet,43,3675,0.06243247911334038,0.06356069445610046,-5.768121242523193,0.004551346879452467,2.042117118835449,-7.0,7.0,5.743027210235596,0.6750264167785645,1.2480612993240356,-0.9178557991981506,871
individual,21,carpet,44,3675,0.03297276422381401,0.03727003186941147,-6.277065277099609,0.004552111029624939,-7.896298408508301,-7.0,7.0,5.982339382171631,0.47280070185661316,1.12221097946167,-0.9052812457084656,872
individual,21,carpet,45,3675,0.031928177922964096,0.039509367197752,-6.378436088562012,0.004552329890429974,-8.794355392456055,-7.0,7.0,6.010617256164551,0.775185227394104,1.1296240091323853,-0.905983030796051,873
individual,21,carpet,46,3675,0.03279855474829674,0.03183166682720184,-6.162397384643555,0.004552316851913929,-2.405449628829956,-7.0,7.0,5.895292282104492,0.6754462122917175,1.1712201833724976,-0.9510000944137573,874
individual,21,carpet,47,3675,0.035503312945365906,0.02717907726764679,-6.101645469665527,0.004552009049803019,-3.430471420288086,-7.0,7.0,6.047839164733887,0.525985062122345,1.159394383430481,-0.9505082368850708,875
individual,21,carpet,48,3675,0.027615249156951904,0.03493395447731018,-6.000236988067627,0.004551681224256754,-0.5686707496643066,-7.0,7.0,5.899978160858154,0.6684331893920898,1.2123137712478638,-0.9355049133300781,876
individual,21,carpet,49,3675,0.025263158604502678,0.024492181837558746,-6.144984722137451,0.00455185491591692,7.2764973640441895,-7.0,7.0,5.859678268432617,0.8160380721092224,1.3912951946258545,-0.9845250844955444,877
individual,21,carpet,50,3675,0.027202097699046135,0.025054406374692917,-6.286454200744629,0.004552479833364487,9.150835037231445,-7.0,7.0,5.9179229736328125,0.7546096444129944,1.3616645336151123,-1.0152626037597656,878
population,21,carpet,1,3675,0.034976232796907425,0.027873441576957703,-6.150617599487305,0.005460264626890421,-30.542705535888672,-7.0,7.0,5.8559794425964355,0.835045337677002,0.7892613410949707,-0.6112239956855774,829
population,21,carpet,2,3675,0.05074487626552582,0.06411232799291611,-6.239370822906494,0.005454534664750099,-22.289081573486328,-7.0,7.0,5.80180549621582,0.5784253478050232,0.8922238349914551,-0.6950944066047668,830
population,21,carpet,3,3675,0.018597930669784546,0.021474910899996758,-6.100812911987305,0.005448807496577501,-29.87166976928711,-7.0,7.0,5.881791114807129,0.734758198261261,0.7912009954452515,-0.6329842805862427,831
population,21,carpet,4,3675,0.05531902611255646,0.05693935602903366,-5.851944446563721,0.005443086847662926,-28.669809341430664,-7.0,7.0,5.724186897277832,0.6788673400878906,0.8251230120658875,-0.6464534997940063,832
population,21,carpet,5,3675,0.02909266948699951,0.0332498736679554,-6.022431373596191,0.005437372252345085,-27.357322692871094,-7.0,7.0,5.752853870391846,0.7440810203552246,0.843067467212677,-0.6455780863761902,833
population,21,carpet,6,3675,0.058753613382577896,0.060163985937833786,-6.0846381187438965,0.005431660450994968,-28.079856872558594,-7.0,7.0,5.633883953094482,0.6501517295837402,0.8060647249221802,-0.6578752398490906,834
population,21,carpet,7,3675,0.04367714375257492,0.045375995337963104,-6.120168685913086,0.005425955168902874,-18.708789825439453,-7.0,7.0,5.650807857513428,0.7893315553665161,0.9291495084762573,-0.7208828926086426,835
population,21,carpet,8,3675,0.05536476895213127,0.0439126119017601,-6.138847827911377,0.005420255940407515,-25.307435989379883,-7.0,7.0,5.953564167022705,0.8473880887031555,0.8502386808395386,-0.7012128233909607,836
population,21,carpet,9,3675,0.03462015092372894,0.040567249059677124,-6.415407180786133,0.005414562299847603,-12.876670837402344,-7.0,7.0,6.220163345336914,0.7730889320373535,0.9650934338569641,-0.789059042930603,837
population,21,carpet,10,3675,0.017536919564008713,0.01404433511197567,-6.098598957061768,0.00540887238457799,-17.614343643188477,-7.0,7.0,5.792821407318115,0.7590910196304321,1.003574252128601,-0.8219400644302368,838
population,21,carpet,11,3675,0.06205911189317703,0.043899185955524445,-6.126646995544434,0.005403188522905111,-14.784238815307617,-7.0,7.0,5.810021877288818,0.6727688312530518,0.9663112759590149,-0.7956681251525879,839
population,21,carpet,12,3675,0.0374678410589695,0.03849487379193306,-6.111944198608398,0.005397510249167681,-15.13209342956543,-7.0,7.0,5.988522052764893,0.9149267673492432,0.9270853996276855,-0.7994446158409119,840
population,21,carpet,13,3675,0.03973269835114479,0.02267630398273468,-5.84345817565918,0.005392771679908037,3.3963205814361572,-7.0,7.0,5.790820121765137,0.7630494236946106,1.1920604705810547,-0.9271326661109924,841
population,21,carpet,14,3675,0.040439195930957794,0.0431867316365242,-5.721404552459717,0.005387944635003805,-7.323284149169922,-7.0,7.0,5.79386568069458,0.6976337432861328,1.1006100177764893,-0.9043472409248352,842
population,21,carpet,15,3675,0.02499239705502987,0.021327707916498184,-6.386516094207764,0.005384171847254038,6.821529865264893,-7.0,7.0,6.205916404724121,0.889165461063385,1.2718931436538696,-0.9800325036048889,843
population,21,carpet,16,3675,0.09036417305469513,0.07748505473136902,-6.230551719665527,0.005380801856517792,0.2548701763153076,-7.0,7.0,5.944774627685547,0.7132973074913025,1.208184003829956,-0.9670231938362122,844
population,21,carpet,17,3675,0.03974365070462227,0.043733224272727966,-6.148838043212891,0.005378262139856815,4.52212381362915,-7.0,7.0,6.032447338104248,0.7348973751068115,1.2453681230545044,-0.9906272888183594,845
population,21,carpet,18,3675,0.09943121671676636,0.06195690482854843,-5.819437026977539,0.00537544209510088,-4.942419052124023,-7.0,7.0,6.008853435516357,0.6924903988838196,1.1307897567749023,-0.9323786497116089,846
population,21,carpet,19,3675,0.04088226333260536,0.042642489075660706,-5.8968892097473145,0.005372338928282261,-6.285215854644775,-7.0,7.0,5.89377498626709,0.7007496356964111,1.0836844444274902,-0.8847197890281677,847
population,21,carpet,20,3675,0.027231762185692787,0.01665787771344185,-6.439246654510498,0.005368981510400772,-13.02169418334961,-7.0,7.0,6.233181953430176,0.8789983987808228,1.0179179906845093,-0.859268307685852,848
population,21,carpet,21,3675,0.11735724657773972,0.09090358018875122,-6.346458435058594,0.0053653959184885025,-13.397960662841797,-7.0,7.0,5.847519874572754,0.7962771654129028,0.9972357749938965,-0.8218815922737122,849
population,21,carpet,22,3675,0.026599407196044922,0.03488101065158844,-5.999406337738037,0.005361608229577541,-20.44188690185547,-7.0,7.0,5.872211456298828,0.7362108826637268,0.9151662588119507,-0.7377398610115051,850
population,21,carpet,23,3675,0.11129255592823029,0.08770204335451126,-5.801253318786621,0.005357636604458094,-22.495220184326172,-7.0,7.0,5.919193267822266,0.5935908555984497,0.8931323289871216,-0.7660613656044006,851
population,21,carpet,24,3675,0.07970865815877914,0.08419157564640045,-5.9984588623046875,0.005353501997888088,-22.007598876953125,-7.0,7.0,6.107646942138672,0.6764512062072754,0.8913299441337585,-0.7551997303962708,852
population,21,carpet,25,3675,0.06771552562713623,0.046304550021886826,-6.352531433105469,0.0053492202423512936,-17.6035213470459,-7.0,7.0,5.922686576843262,0.7818257212638855,1.0243520736694336,-0.7676776647567749,853
population,21,carpet,26,3675,0.173196941614151,0.14791761338710785,-6.405844688415527,0.005344807170331478,-17.848691940307617,-7.0,7.0,5.839077949523926,0.760779857635498,0.9957846403121948,-0.7682042717933655,854
population,21,carpet,27,3675,0.029281597584486008,0.03427749127149582,-6.280965805053711,0.005340274889022112,-25.629770278930664,-7.0,7.0,5.972710609436035,0.8820589184761047,0.8619981408119202,-0.6905238032341003,855
population,21,carpet,28,3675,0.11622797697782516,0.09416957199573517,-5.90921688079834,0.005335639696568251,-21.045398712158203,-7.0,7.0,5.950232028961182,0.8129048943519592,0.9329232573509216,-0.7096988558769226,856
population,21,carpet,29,3675,0.10516996681690216,0.09489218890666962,-5.860844612121582,0.005330909509211779,-11.031936645507812,-7.0,7.0,5.827788352966309,0.8390530347824097,0.9881667494773865,-0.728067934513092,857
population,21,carpet,30,3675,0.02454141341149807,0.017296921461820602,-6.427096843719482,0.0053260973654687405,-34.786155700683594,-7.0,7.0,6.2328338623046875,0.8798800110816956,0.7414196133613586,-0.6262661218643188,858
population,21,carpet,31,3675,0.12262120842933655,0.10265591740608215,-6.33378791809082,0.0053212083876132965,-18.531755447387695,-7.0,7.0,5.888303756713867,0.7856436371803284,0.9555531740188599,-0.7303928136825562,859
population,21,carpet,32,3675,0.024922268465161324,0.026823338121175766,-6.467015266418457,0.00531625235453248,-25.22821617126465,-7.0,7.0,6.180896282196045,0.7830122709274292,0.823723316192627,-0.6701893210411072,860
population,21,carpet,33,3675,0.11533991992473602,0.09258988499641418,-6.006742477416992,0.0053112381137907505,-27.66274070739746,-7.0,7.0,6.058067321777344,0.7924925088882446,0.8306981921195984,-0.6781471967697144,861
population,21,carpet,34,3675,0.057652559131383896,0.05618133768439293,-5.8923115730285645,0.005306172650307417,-34.0740966796875,-7.0,7.0,5.9129743576049805,0.7548092007637024,0.7160014510154724,-0.6297716498374939,862
population,21,carpet,35,3675,0.02024075575172901,0.020694449543952942,-6.325267791748047,0.005301059223711491,-28.851863861083984,-7.0,7.0,6.063787937164307,0.7738527059555054,0.7838015556335449,-0.6662168502807617,863
population,21,carpet,36,3675,0.07830525934696198,0.07021088898181915,-6.579684257507324,0.005295905284583569,-20.987154006958008,-7.0,7.0,6.135385036468506,0.793810248374939,0.8863819241523743,-0.7218643426895142,864
population,21,carpet,37,3675,0.034874074161052704,0.02962801232933998,-6.188571453094482,0.005290715955197811,-24.27115821838379,-7.0,7.0,6.020161151885986,0.7362555861473083,0.8841029405593872,-0.7409505844116211,865
population,21,carpet,38,3675,0.04754798114299774,0.04755460470914841,-6.460555553436279,0.005285493563860655,-18.59170913696289,-7.0,7.0,6.45835542678833,0.8691937923431396,0.9568080902099609,-0.7912224531173706,866
population,21,carpet,39,3675,0.03772458806633949,0.029507432132959366,-6.303219795227051,0.005280241370201111,-14.32216739654541,-7.0,7.0,6.2407684326171875,0.7328982949256897,1.0113462209701538,-0.8306267857551575,867
population,21,carpet,40,3675,0.05170857533812523,0.04805073142051697,-6.509317398071289,0.005274966824799776,-17.669631958007812,-7.0,7.0,6.261782646179199,0.8482019901275635,0.9381728768348694,-0.8010712265968323,868
population,21,carpet,41,3675,0.08317333459854126,0.07973863929510117,-6.3080034255981445,0.005269669461995363,-13.555679321289062,-7.0,7.0,6.028434753417969,0.9022389650344849,0.9826733469963074,-0.8310475945472717,869
population,21,carpet,42,3675,0.05607891082763672,0.059173889458179474,-6.1353230476379395,0.0052643525414168835,-13.758245468139648,-7.0,7.0,6.094424724578857,0.819878101348877,1.0353643894195557,-0.8525314331054688,870
population,21,carpet,43,3675,0.057594817131757736,0.052201803773641586,-6.03182315826416,0.005259021185338497,-17.585966110229492,-7.0,7.0,6.115252494812012,0.7058162689208984,0.9526787400245667,-0.7838553786277771,871
population,21,carpet,44,3675,0.018014835193753242,0.017049280926585197,-6.276012897491455,0.005253674928098917,-16.63284683227539,-7.0,7.0,6.207698345184326,0.8138608336448669,0.9712133407592773,-0.8085297346115112,872
population,21,carpet,45,3675,0.032381489872932434,0.02753641828894615,-6.4122538566589355,0.005248316563665867,-21.379121780395508,-7.0,7.0,6.2376179695129395,0.9094546437263489,0.8868381381034851,-0.7754389047622681,873
population,21,carpet,46,3675,0.054804593324661255,0.05440361052751541,-6.560844421386719,0.0052429488860070705,-13.629512786865234,-7.0,7.0,6.286308288574219,0.8640532493591309,1.0034233331680298,-0.8283398747444153,874
population,21,carpet,47,3675,0.025108706206083298,0.0247590783983469,-6.197568893432617,0.005237571429461241,-21.976783752441406,-7.0,7.0,6.135307312011719,0.6410622000694275,0.8803213834762573,-0.800214946269989,875
population,21,carpet,48,3675,0.06186048686504364,0.060408201068639755,-5.97888708114624,0.005232187453657389,-15.419050216674805,-7.0,7.0,6.042476654052734,0.6403979659080505,0.944280207157135,-0.7854762077331543,876
population,21,carpet,49,3675,0.03450721129775047,0.030091213062405586,-6.144671440124512,0.005226798355579376,-12.533400535583496,-7.0,7.0,6.120487689971924,0.8518363237380981,1.0004843473434448,-0.8101375699043274,877
population,21,carpet,50,3675,0.03403640165925026,0.032598696649074554,-6.3281731605529785,0.0052214027382433414,-17.372018814086914,-7.0,7.0,6.146595001220703,0.5759116411209106,0.9285352826118469,-0.7825807929039001,878
individual,22,carpet,1,3850,0.05308540165424347,0.04717915877699852,-6.3062334060668945,0.00455342186614871,4.345939636230469,-7.0,7.0,5.894594192504883,0.7176695466041565,1.2697479724884033,-0.9738659858703613,879
individual,22,carpet,2,3850,0.044662509113550186,0.0390518493950367,-6.406834602355957,0.004554622806608677,4.051112174987793,-7.0,7.0,6.050400733947754,0.6548982262611389,1.231713891029358,-1.0400480031967163,880
individual,22,carpet,3,3850,0.07206369936466217,0.05923377722501755,-6.216132164001465,0.004556173924356699,12.239156723022461,-7.0,7.0,6.096310615539551,0.6190157532691956,1.3427993059158325,-1.0390578508377075,881
individual,22,carpet,4,3850,0.06376532465219498,0.06567887216806412,-6.33071756362915,0.004558040294796228,10.577126502990723,-7.0,7.0,6.17045783996582,0.7940552830696106,1.3069761991500854,-1.0482476949691772,882
individual,22,carpet,5,3850,0.02837289310991764,0.029498154297471046,-6.360956192016602,0.0045601907186210155,14.069952011108398,-7.0,7.0,6.080394268035889,0.8182379007339478,1.3671979904174805,-1.06926691532135,883
individual,22,carpet,6,3850,0.07749585062265396,0.06878237426280975,-6.433343887329102,0.0045625981874763966,19.924724578857422,-7.0,7.0,6.001315593719482,0.7423229217529297,1.4786033630371094,-1.1230355501174927,884
individual,22,carpet,7,3850,0.02816300466656685,0.03190583363175392,-6.257734775543213,0.004565235693007708,23.833707809448242,-7.0,7.0,6.0186662673950195,0.9075645208358765,1.5449707508087158,-1.1151436567306519,885
individual,22,carpet,8,3850,0.0692179873585701,0.06814523786306381,-6.154757499694824,0.0045680818147957325,23.695526123046875,-7.0,7.0,6.186243057250977,0.8493013381958008,1.5127400159835815,-1.1530250310897827,886
individual,22,carpet,9,3850,0.030269421637058258,0.027621472254395485,-6.044902324676514,0.004571117460727692,27.918203353881836,-7.0,7.0,5.848527431488037,0.6935496926307678,1.5745441913604736,-1.15839684009552,887
individual,22,carpet,10,3850,0.07790351659059525,0.05706213414669037,-6.805975914001465,0.004574322607368231,25.713821411132812,-7.0,7.0,6.431789875030518,0.6855742335319519,1.5013660192489624,-1.12196946144104,888
individual,22,carpet,11,3850,0.056147344410419464,0.055410172790288925,-6.224323272705078,0.004577680490911007,20.558496475219727,-7.0,7.0,5.868285179138184,0.610186755657196,1.4782217741012573,-1.0903009176254272,889
individual,22,carpet,12,3850,0.06318728625774384,0.05937318876385689,-5.924291133880615,0.0045811766758561134,18.342937469482422,-7.0,7.0,5.927003383636475,0.693252682685852,1.4958715438842773,-1.0891597270965576,890
individual,22,carpet,13,3850,0.07743673771619797,0.09218931943178177,-6.042780876159668,0.004584797658026218,24.98004722595215,-7.0,7.0,6.065845012664795,0.7358289957046509,1.5446749925613403,-1.0795491933822632,891
individual,22,carpet,14,3850,0.03595564886927605,0.04400767385959625,-6.2437920570373535,0.004588533192873001,22.602970123291016,-7.0,7.0,5.854058742523193,0.5255526304244995,1.5363210439682007,-1.0300471782684326,892
individual,22,carpet,15,3850,0.07830575853586197,0.10337642580270767,-6.635904788970947,0.004592370241880417,14.946885108947754,-7.0,7.0,6.2321672439575195,0.8277584910392761,1.4741908311843872,-1.0225266218185425,893
individual,22,carpet,16,3850,0.03839988633990288,0.037227727472782135,-6.622429370880127,0.004596300423145294,13.71854305267334,-7.0,7.0,6.398071765899658,0.9848710894584656,1.4285179376602173,-1.0037304162979126,894
individual,22,carpet,17,3850,0.018992207944393158,0.017561696469783783,-6.445676803588867,0.004600313026458025,14.609460830688477,-7.0,7.0,6.194432258605957,0.8182069659233093,1.4113318920135498,-0.9946566224098206,895
individual,22,carpet,18,3850,0.0403624027967453,0.03819906711578369,-6.299802780151367,0.00460419524461031,3.009599447250366,-7.0,7.0,6.23651123046875,0.6568359732627869,1.3255736827850342,-0.9478831887245178,896
individual,22,carpet,19,3850,0.02148795686662197,0.018928606063127518,-6.319944381713867,0.0046081687323749065,6.167064189910889,-7.0,7.0,6.047285556793213,0.7343655228614807,1.3928858041763306,-0.9200810194015503,897
individual,22,carpet,20,3850,0.02759338542819023,0.03508077189326286,-6.296860218048096,0.00461222231388092,7.211428642272949,-7.0,7.0,6.0838398933410645,0.6066591143608093,1.374607801437378,-0.9133292436599731,898
individual,22,carpet,21,3850,0.019966676831245422,0.024593768641352654,-6.218194007873535,0.004616257268935442,4.328935146331787,-7.0,7.0,6.059157371520996,0.6730432510375977,1.3898028135299683,-0.9310770630836487,899
individual,22,carpet,22,3850,0.030646756291389465,0.03474436700344086,-6.168819427490234,0.004620369058102369,9.894067764282227,-7.0,7.0,6.001662254333496,0.7582890391349792,1.3749321699142456,-0.887980043888092,900
individual,22,carpet,23,3850,0.02263939008116722,0.022917715832591057,-6.227103233337402,0.004623890854418278,-2.05902361869812,-7.0,7.0,6.110139846801758,0.573160707950592,1.247437834739685,-0.8644198775291443,901
individual,22,carpet,24,3850,0.035889387130737305,0.03567369282245636,-6.1548614501953125,0.004627212882041931,1.6495587825775146,-7.0,7.0,5.938962459564209,0.7430443167686462,1.2567142248153687,-0.882420003414154,902
individual,22,carpet,25,3850,0.024736974388360977,0.02680107392370701,-6.211413860321045,0.004630225244909525,0.2043468952178955,-7.0,7.0,6.088451385498047,0.7283385396003723,1.2941924333572388,-0.83486407995224,903
individual,22,carpet,26,3850,0.02667967602610588,0.02260308898985386,-6.256745338439941,0.00463257497176528,-4.078990459442139,-7.0,7.0,6.13415002822876,0.7010758519172668,1.1726824045181274,-0.8212364315986633,904
individual,22,carpet,27,3850,0.047633297741413116,0.0431366041302681,-6.234868049621582,0.004634212236851454,-10.396010398864746,-7.0,7.0,6.073299884796143,0.7084686756134033,1.152597188949585,-0.7910882234573364,905
individual,22,carpet,28,3850,0.041459642350673676,0.03248879313468933,-6.274461269378662,0.004635206889361143,-9.416277885437012,-7.0,7.0,6.072628021240234,0.8144749999046326,1.2055282592773438,-0.7451600432395935,906
individual,22,carpet,29,3850,0.03413038328289986,0.03764696046710014,-6.317948818206787,0.004635622259229422,-8.205947875976562,-7.0,7.0,6.0373711585998535,0.8267151117324829,1.1517932415008545,-0.732482373714447,907
individual,22,carpet,30,3850,0.020771179348230362,0.024899067357182503,-6.135881423950195,0.0046355160884559155,-6.519860744476318,-7.0,7.0,5.962270736694336,0.6432085037231445,1.182720422744751,-0.7344955801963806,908
individual,22,carpet,31,3850,0.03619981184601784,0.04089958593249321,-6.271735191345215,0.004634941462427378,-23.169214248657227,-7.0,7.0,6.170064926147461,0.7603141069412231,0.9990441203117371,-0.648493766784668,909
individual,22,carpet,32,3850,0.03160557523369789,0.02649030089378357,-6.393650054931641,0.004633947275578976,-15.348814964294434,-7.0,7.0,6.097141265869141,0.775752604007721,1.1169501543045044,-0.6603595018386841,910
individual,22,carpet,33,3850,0.027553264051675797,0.02409469522535801,-6.299603462219238,0.0046325731091201305,-15.9818115234375,-7.0,7.0,6.075142860412598,0.6626234650611877,1.0521970987319946,-0.6472262144088745,911
individual,22,carpet,34,3850,0.024657828733325005,0.02344578504562378,-6.584647178649902,0.004630856681615114,-15.902631759643555,-7.0,7.0,6.313806533813477,0.740389347076416,1.0171781778335571,-0.6106339693069458,912
individual,22,carpet,35,3850,0.037442512810230255,0.036941107362508774,-6.3255839347839355,0.004628834780305624,-33.84787368774414,-7.0,7.0,6.249383926391602,0.8198508024215698,0.796723484992981,-0.5261371731758118,913
individual,22,carpet,36,3850,0.05026300624012947,0.046499624848365784,-6.263935565948486,0.004626537673175335,-28.966064453125,-7.0,7.0,6.209839820861816,0.6216458082199097,0.8903645873069763,-0.5393489003181458,914
individual,22,carpet,37,3850,0.035547807812690735,0.025548642501235008,-6.189011096954346,0.004623992368578911,-20.593490600585938,-7.0,7.0,5.995686054229736,0.5547940731048584,1.0631849765777588,-0.5639938116073608,915
individual,22,carpet,38,3850,0.03885722905397415,0.03194399178028107,-6.670309066772461,0.0046212258748710155,-25.034883499145508,-7.0,7.0,6.409778594970703,0.9279859066009521,0.9808641076087952,-0.5535632371902466,916
individual,22,carpet,39,3850,0.025117743760347366,0.0227238517254591,-6.412161350250244,0.004618261009454727,-13.358896255493164,-7.0,7.0,6.31784200668335,0.9021607041358948,1.0614348649978638,-0.5849343538284302,917
individual,22,carpet,40,3850,0.023299936205148697,0.0226427111774683,-6.417774677276611,0.004615117330104113,-20.77283477783203,-7.0,7.0,6.333953857421875,0.5899626612663269,1.0071433782577515,-0.5829352736473083,918
individual,22,carpet,41,3850,0.031615249812603,0.038936082273721695,-6.397825717926025,0.004611812997609377,-20.35128402709961,-7.0,7.0,6.238506317138672,0.7982020974159241,1.0809780359268188,-0.6225389242172241,919
individual,22,carpet,42,3850,0.03072504699230194,0.0196427870541811,-6.560232162475586,0.004608366172760725,-22.198101043701172,-7.0,7.0,6.300877094268799,0.8518977761268616,0.9758862257003784,-0.6461219787597656,920
individual,22,carpet,43,3850,0.012793462723493576,0.017708880826830864,-6.495826244354248,0.004604790359735489,-19.13450050354004,-7.0,7.0,6.248049259185791,0.6219089031219482,1.0564923286437988,-0.6662809252738953,921
individual,22,carpet,44,3850,0.05047912895679474,0.046149179339408875,-6.468270301818848,0.004601098597049713,-13.844903945922852,-7.0,7.0,6.346965789794922,0.8599542379379272,1.068192720413208,-0.699280321598053,922
individual,22,carpet,45,3850,0.03241897374391556,0.02788880653679371,-6.385025978088379,0.004597896244376898,1.3496179580688477,-7.0,7.0,6.227718353271484,0.8309203386306763,1.2626725435256958,-0.7781800031661987,923
individual,22,carpet,46,3850,0.06837417930364609,0.05811077728867531,-6.669535160064697,0.004594661761075258,-3.9971230030059814,-7.0,7.0,6.310678005218506,0.9304682016372681,1.2170056104660034,-0.7970180511474609,924
individual,22,carpet,47,3850,0.018642062321305275,0.023338517174124718,-6.429143905639648,0.0045921034179627895,3.9902725219726562,-7.0,7.0,6.244967937469482,0.8255094885826111,1.333783507347107,-0.8363603353500366,925
individual,22,carpet,48,3850,0.03856619447469711,0.035610541701316833,-6.521580696105957,0.004589622840285301,-2.009838581085205,-7.0,7.0,6.401686191558838,0.710567057132721,1.2730737924575806,-0.8115233182907104,926
individual,22,carpet,49,3850,0.02552783489227295,0.029687389731407166,-6.425529479980469,0.004587564151734114,1.974660873413086,-7.0,7.0,6.35209846496582,0.8656476140022278,1.3138946294784546,-0.8737331032752991,927
individual,22,carpet,50,3850,0.026995902881026268,0.03755278140306473,-6.536376953125,0.004585237242281437,-6.637660980224609,-7.0,7.0,6.381545066833496,0.8248921036720276,1.2320064306259155,-0.8748979568481445,928
population,22,carpet,1,3850,0.04782688617706299,0.046881552785634995,-6.403318405151367,0.0052160052582621574,-18.006412506103516,-7.0,7.0,6.092081069946289,0.8002223968505859,0.9114605188369751,-0.7872880101203918,879
population,22,carpet,2,3850,0.01709020510315895,0.017048213630914688,-6.240849018096924,0.005210605915635824,-31.08870506286621,-7.0,7.0,6.163114547729492,0.7501899003982544,0.8306573033332825,-0.7495714426040649,880
population,22,carpet,3,3850,0.04585903510451317,0.05684524402022362,-6.468466758728027,0.005205204710364342,-32.03972625732422,-7.0,7.0,6.508784294128418,0.8343570232391357,0.741051971912384,-0.6664465665817261,881
population,22,carpet,4,3850,0.016144225373864174,0.01918819360435009,-6.279632568359375,0.00519980164244771,-24.402976989746094,-7.0,7.0,6.183465957641602,0.5715613961219788,0.8242632746696472,-0.7137721180915833,882
population,22,carpet,5,3850,0.0360090509057045,0.03212646767497063,-6.592820167541504,0.005194399505853653,-20.721839904785156,-7.0,7.0,6.3439226150512695,0.8203232288360596,0.8708542585372925,-0.7538226246833801,883
population,22,carpet,6,3850,0.05070730298757553,0.06019078940153122,-6.242542266845703,0.005188997834920883,-7.716473579406738,-7.0,7.0,5.947495460510254,0.8591304421424866,1.0130175352096558,-0.8592372536659241,884
population,22,carpet,7,3850,0.029414759948849678,0.03196819871664047,-6.479803085327148,0.005183596629649401,-32.08247756958008,-7.0,7.0,6.428500652313232,0.7534844875335693,0.706215500831604,-0.7004416584968567,885
population,22,carpet,8,3850,0.0179140642285347,0.01938876509666443,-6.321051597595215,0.005178196355700493,-22.08271598815918,-7.0,7.0,6.233427047729492,0.7554961442947388,0.8688523173332214,-0.7761401534080505,886
population,22,carpet,9,3850,0.028734058141708374,0.021145284175872803,-6.2714104652404785,0.005172798875719309,-15.56320858001709,-7.0,7.0,5.990207672119141,0.7035489678382874,0.9521780014038086,-0.8130307793617249,887
population,22,carpet,10,3850,0.03805537894368172,0.038385357707738876,-6.4814558029174805,0.005167404655367136,-20.615856170654297,-7.0,7.0,6.265817165374756,0.7251872420310974,0.868285596370697,-0.7622960805892944,888
population,22,carpet,11,3850,0.04276043176651001,0.054624706506729126,-6.515100955963135,0.005162014160305262,-26.365755081176758,-7.0,7.0,6.276488780975342,0.7330867052078247,0.7603076100349426,-0.7314758896827698,889
population,22,carpet,12,3850,0.03823428973555565,0.03657916933298111,-6.4696807861328125,0.005156626459211111,-18.250118255615234,-7.0,7.0,6.294629096984863,0.8618313074111938,0.8974286317825317,-0.7791174650192261,890
population,22,carpet,13,3850,0.029863227158784866,0.028007343411445618,-6.4168701171875,0.005151241552084684,-15.967926979064941,-7.0,7.0,6.273196220397949,0.6767367720603943,0.9272746443748474,-0.8032103180885315,891
population,22,carpet,14,3850,0.043019331991672516,0.04791070520877838,-6.732288360595703,0.005145860370248556,-24.32292938232422,-7.0,7.0,6.595834255218506,0.8270683884620667,0.8286263346672058,-0.731898307800293,892
population,22,carpet,15,3850,0.02513607032597065,0.02892884612083435,-6.423832416534424,0.005140481982380152,-5.68980073928833,-7.0,7.0,6.202923774719238,0.7581733465194702,1.101237177848816,-0.8604191541671753,893
population,22,carpet,16,3850,0.04718524590134621,0.05755646154284477,-6.452393054962158,0.005135109648108482,-8.232419967651367,-7.0,7.0,6.060627460479736,0.7299339771270752,1.0890909433364868,-0.8300660848617554,894
population,22,carpet,17,3850,0.019533075392246246,0.022053828462958336,-6.590453624725342,0.005129740107804537,-14.237394332885742,-7.0,7.0,6.372930526733398,0.6687512993812561,1.010850191116333,-0.8387643694877625,895
population,22,carpet,18,3850,0.03550395742058754,0.03783845901489258,-6.463287830352783,0.005124583840370178,-3.200860023498535,-7.0,7.0,6.304703712463379,0.9438601732254028,1.15919029712677,-0.8918147087097168,896
population,22,carpet,19,3850,0.03459455817937851,0.04209129512310028,-6.410167217254639,0.0051194108091294765,-18.524112701416016,-7.0,7.0,6.364602088928223,0.6167616844177246,0.9217589497566223,-0.7744258046150208,897
population,22,carpet,20,3850,0.03216661512851715,0.034109581261873245,-6.627219200134277,0.0051144747994840145,-2.7631163597106934,-7.0,7.0,6.337106704711914,0.6905845403671265,1.1215593814849854,-0.9198012351989746,898
population,22,carpet,21,3850,0.03800947591662407,0.036973923444747925,-6.621213436126709,0.005109499674290419,-5.409590244293213,-7.0,7.0,6.290596008300781,0.9383966326713562,1.0651943683624268,-0.9218349456787109,899
population,22,carpet,22,3850,0.0615275539457798,0.05696677044034004,-6.588996887207031,0.005104490555822849,-12.842144966125488,-7.0,7.0,6.274654865264893,0.7364513874053955,0.9587949514389038,-0.8370238542556763,900
population,22,carpet,23,3850,0.043986525386571884,0.04815126955509186,-6.635118007659912,0.005099931266158819,-0.5100750923156738,-7.0,7.0,6.58905553817749,0.8304397463798523,1.119236946105957,-0.9186968207359314,901
population,22,carpet,24,3850,0.033408358693122864,0.035398196429014206,-6.3280229568481445,0.005095296073704958,-10.819998741149902,-7.0,7.0,6.3231730461120605,0.7839568257331848,1.0520834922790527,-0.8756235837936401,902
population,22,carpet,25,3850,0.02747279964387417,0.029235227033495903,-6.5339250564575195,0.005091220606118441,0.9369198083877563,-7.0,7.0,6.2812018394470215,0.8272592425346375,1.1905895471572876,-0.956402599811554,903
population,22,carpet,26,3850,0.06450188159942627,0.0659668892621994,-6.5766987800598145,0.005088065750896931,5.045372009277344,-7.0,7.0,6.33867883682251,0.923702597618103,1.2107887268066406,-0.9669064283370972,904
population,22,carpet,27,3850,0.07076425850391388,0.06560949981212616,-6.848856449127197,0.005085763521492481,6.1685967445373535,-7.0,7.0,6.4932661056518555,0.9951455593109131,1.2347136735916138,-0.9802834391593933,905
population,22,carpet,28,3850,0.02218685671687126,0.027585474774241447,-6.420773029327393,0.005084226373583078,16.992773056030273,-7.0,7.0,6.289886951446533,0.7128232717514038,1.3583672046661377,-1.0334196090698242,906
population,22,carpet,29,3850,0.07122109830379486,0.06830121576786041,-6.401395797729492,0.005083281081169844,4.323051452636719,-7.0,7.0,6.376898765563965,0.9628730416297913,1.2840611934661865,-0.9902145266532898,907
population,22,carpet,30,3850,0.039317432790994644,0.041394755244255066,-6.629068851470947,0.005082965828478336,5.476684093475342,-7.0,7.0,6.493791103363037,0.8218931555747986,1.261365294456482,-0.9343276023864746,908
population,22,carpet,31,3850,0.049393340945243835,0.04741130769252777,-6.915407657623291,0.005082958843559027,2.7362189292907715,-7.0,7.0,6.491880416870117,0.9436817765235901,1.2327725887298584,-0.932517409324646,909
population,22,carpet,32,3850,0.0787176638841629,0.06226811558008194,-6.806398391723633,0.005082626361399889,-3.2141008377075195,-7.0,7.0,6.4393510818481445,0.862555980682373,1.1432816982269287,-0.8894261717796326,910
population,22,carpet,33,3850,0.05934424698352814,0.06477442383766174,-6.311655521392822,0.005081792827695608,-13.042747497558594,-7.0,7.0,6.27716064453125,0.6523725986480713,1.0210295915603638,-0.7953835725784302,911
population,22,carpet,34,3850,0.1080310195684433,0.09208794683218002,-6.443028450012207,0.005080508999526501,-11.12536334991455,-7.0,7.0,6.451545238494873,0.8583452701568604,1.0677542686462402,-0.8371788263320923,912
population,22,carpet,35,3850,0.03522656485438347,0.037708498537540436,-6.815427780151367,0.005078866612166166,-4.8095703125,-7.0,7.0,6.606056213378906,0.7836351990699768,1.1637285947799683,-0.8710716366767883,913
population,22,carpet,36,3850,0.08009092509746552,0.08557426929473877,-6.6629228591918945,0.005077861715108156,4.674267768859863,-7.0,7.0,6.160262584686279,0.9578627943992615,1.2699010372161865,-0.9114202857017517,914
population,22,carpet,37,3850,0.07711447775363922,0.06106948107481003,-6.835970401763916,0.00507642375305295,-9.188791275024414,-7.0,7.0,6.440357685089111,0.7178894877433777,1.040574312210083,-0.8013888597488403,915
population,22,carpet,38,3850,0.05483779311180115,0.06781719624996185,-6.532911777496338,0.0050745937041938305,-17.432641983032227,-7.0,7.0,6.51703405380249,0.8030363321304321,0.9331557154655457,-0.7895783185958862,916
population,22,carpet,39,3850,0.0924043357372284,0.08152806013822556,-6.408675193786621,0.005072413943707943,-21.394838333129883,-7.0,7.0,6.460193157196045,0.6587255597114563,0.9480257630348206,-0.7522522211074829,917
population,22,carpet,40,3850,0.027305584400892258,0.03630770742893219,-6.6397199630737305,0.005069921258836985,-19.627004623413086,-7.0,7.0,6.5121049880981445,0.7818188667297363,0.9403218626976013,-0.7503296732902527,918
population,22,carpet,41,3850,0.06208181753754616,0.05294997990131378,-6.675488471984863,0.005067144054919481,-9.412153244018555,-7.0,7.0,6.402356147766113,0.8071379065513611,1.0669234991073608,-0.8258242011070251,919
population,22,carpet,42,3850,0.08071351796388626,0.061692457646131516,-6.8004326820373535,0.005064114928245544,-15.753246307373047,-7.0,7.0,6.410971641540527,0.9300134778022766,0.996608316898346,-0.7895106077194214,920
population,22,carpet,43,3850,0.027297869324684143,0.024434523656964302,-6.570131778717041,0.005060856230556965,-5.569931507110596,-7.0,7.0,6.454835891723633,0.8107328414916992,1.0951536893844604,-0.8463951945304871,921
population,22,carpet,44,3850,0.062303025275468826,0.058100104331970215,-6.282647132873535,0.005058388225734234,4.595758438110352,-7.0,7.0,6.233754634857178,0.7390816807746887,1.2087959051132202,-0.8908173441886902,922
population,22,carpet,45,3850,0.03176027536392212,0.026415256783366203,-6.526404857635498,0.005055636633187532,-20.228805541992188,-7.0,7.0,6.560180187225342,0.7330041527748108,0.9614936113357544,-0.8018699288368225,923
population,22,carpet,46,3850,0.03717303276062012,0.041160326451063156,-6.653974533081055,0.005052628926932812,-7.100691795349121,-7.0,7.0,6.519156455993652,0.8275148868560791,1.0794047117233276,-0.8578613996505737,924
population,22,carpet,47,3850,0.05975337326526642,0.05423649400472641,-6.669127941131592,0.005049394443631172,-14.579952239990234,-7.0,7.0,6.434558868408203,0.6388953924179077,1.0180670022964478,-0.8112166523933411,925
population,22,carpet,48,3850,0.03245572745800018,0.02902761660516262,-6.591726303100586,0.005046847742050886,3.6249454021453857,-7.0,7.0,6.2680253982543945,0.6364895701408386,1.220266342163086,-0.9175987243652344,926
population,22,carpet,49,3850,0.05595625191926956,0.06445930898189545,-6.608963489532471,0.005044025834649801,-11.29765510559082,-7.0,7.0,6.610220432281494,0.967581570148468,0.9977442026138306,-0.8099028468132019,927
population,22,carpet,50,3850,0.04019235819578171,0.03502917289733887,-6.811273574829102,0.0050409575924277306,-22.34703826904297,-7.0,7.0,6.778850078582764,0.9131094813346863,0.885546863079071,-0.7961572408676147,928
individual,23,carpet,1,4025,0.023275241255760193,0.020568622276186943,-6.444463729858398,0.004583459813147783,3.578144073486328,-7.0,7.0,6.287237167358398,0.8308030962944031,1.2728327512741089,-0.8705601096153259,929
individual,23,carpet,2,4025,0.031121162697672844,0.046793948858976364,-6.670977592468262,0.004581954330205917,1.069021224975586,-7.0,7.0,6.650424003601074,0.9120922088623047,1.198569655418396,-0.8525205850601196,930
individual,23,carpet,3,4025,0.04027538374066353,0.033275727182626724,-6.675589561462402,0.004580462351441383,-1.5338376760482788,-7.0,7.0,6.570450782775879,0.6678143739700317,1.159770131111145,-0.8738167881965637,931
individual,23,carpet,4,4025,0.02961348369717598,0.04375532642006874,-6.408720016479492,0.004579595290124416,11.915846824645996,-7.0,7.0,6.130168914794922,0.6441857814788818,1.367727518081665,-0.9557735323905945,932
individual,23,carpet,5,4025,0.019707875326275826,0.019942570477724075,-6.613429069519043,0.0045784227550029755,-4.434980869293213,-7.0,7.0,6.469058513641357,0.8097851276397705,1.1901692152023315,-0.8972455859184265,933
individual,23,carpet,6,4025,0.03685181215405464,0.05328182876110077,-6.386679172515869,0.004576936364173889,-4.891860485076904,-7.0,7.0,6.342063903808594,0.6455703377723694,1.2117555141448975,-0.9304484724998474,934
individual,23,carpet,7,4025,0.04233236238360405,0.040758244693279266,-6.855892181396484,0.004575873725116253,3.110459089279175,-7.0,7.0,6.70353364944458,0.9398114681243896,1.2340565919876099,-0.929970920085907,935
individual,23,carpet,8,4025,0.03792158514261246,0.04715432599186897,-6.943466663360596,0.004574693273752928,-2.520707607269287,-7.0,7.0,6.706632614135742,0.840201199054718,1.1307610273361206,-0.9529350996017456,936
individual,23,carpet,9,4025,0.03599749505519867,0.03422701358795166,-6.499654293060303,0.00457410654053092,19.061248779296875,-7.0,7.0,6.2345709800720215,0.9739999175071716,1.3632043600082397,-1.016762137413025,937
individual,23,carpet,10,4025,0.042371753603219986,0.036378491669893265,-6.569154739379883,0.0045740543864667416,12.3175048828125,-7.0,7.0,6.375154972076416,0.8006913065910339,1.3299248218536377,-1.0028029680252075,938
individual,23,carpet,11,4025,0.035739798098802567,0.049620963633060455,-6.578866481781006,0.004573934245854616,-0.8393703699111938,-7.0,7.0,6.593136787414551,0.9189066290855408,1.2396246194839478,-0.9543209075927734,939
individual,23,carpet,12,4025,0.04579054191708565,0.04835112765431404,-6.597649574279785,0.004573349840939045,-7.213802814483643,-7.0,7.0,6.470165252685547,0.7675565481185913,1.0770177841186523,-0.9114147424697876,940
individual,23,carpet,13,4025,0.035006310790777206,0.044374942779541016,-6.601998329162598,0.004573299549520016,11.276044845581055,-7.0,7.0,6.277926445007324,0.5807265639305115,1.317232370376587,-0.9796470403671265,941
individual,23,carpet,14,4025,0.036784667521715164,0.03369425982236862,-6.65695333480835,0.004573454614728689,2.260904312133789,-7.0,7.0,6.417915344238281,0.8313717842102051,1.2084779739379883,-0.960448682308197,942
individual,23,carpet,15,4025,0.03379175812005997,0.03938674181699753,-6.656060218811035,0.004573116544634104,-9.193815231323242,-7.0,7.0,6.614450454711914,0.6811774969100952,1.1085851192474365,-0.919293999671936,943
individual,23,carpet,16,4025,0.027104098349809647,0.030723942443728447,-6.469412803649902,0.004573288839310408,5.880679130554199,-7.0,7.0,6.315112590789795,0.8717555999755859,1.2789682149887085,-0.9502074122428894,944
individual,23,carpet,17,4025,0.021097667515277863,0.025539575144648552,-6.693076133728027,0.0045731994323432446,-2.7807435989379883,-7.0,7.0,6.4212470054626465,0.675360381603241,1.227242112159729,-0.9175047278404236,945
individual,23,carpet,18,4025,0.05552143603563309,0.04827531427145004,-6.547375679016113,0.00457344576716423,3.7181177139282227,-7.0,7.0,6.408666133880615,0.6886014342308044,1.2770520448684692,-0.9438319802284241,946
individual,23,carpet,19,4025,0.02533498778939247,0.029597382992506027,-6.525716304779053,0.004573709797114134,0.4740217924118042,-7.0,7.0,6.242608547210693,0.608684778213501,1.2413681745529175,-0.9556595683097839,947
individual,23,carpet,20,4025,0.025752324610948563,0.02431497722864151,-6.597403526306152,0.004573711659759283,-2.6631534099578857,-7.0,7.0,6.341172218322754,0.7465300559997559,1.2094976902008057,-0.9254330396652222,948
individual,23,carpet,21,4025,0.03719194978475571,0.035891540348529816,-6.5071234703063965,0.00457382295280695,1.2304027080535889,-7.0,7.0,6.367725849151611,0.7837104201316833,1.2286376953125,-0.9472960829734802,949
individual,23,carpet,22,4025,0.025817224755883217,0.028660103678703308,-6.915384769439697,0.00457425694912672,3.767829656600952,-7.0,7.0,6.783762454986572,0.8987166881561279,1.1665518283843994,-0.9766663312911987,950
individual,23,carpet,23,4025,0.03137536346912384,0.037576824426651,-6.752326488494873,0.004574396647512913,-2.827519655227661,-7.0,7.0,6.475567817687988,0.6852073073387146,1.2270803451538086,-0.9494317173957825,951
individual,23,carpet,24,4025,0.05284314975142479,0.03832131251692772,-6.879068374633789,0.0045740739442408085,-5.071175575256348,-7.0,7.0,6.658703327178955,0.7314899563789368,1.1566426753997803,-0.9791592955589294,952
individual,23,carpet,25,4025,0.0383845753967762,0.05059124529361725,-6.8695597648620605,0.004573304206132889,-8.171591758728027,-7.0,7.0,6.734990119934082,0.8943831920623779,1.0777140855789185,-0.9362700581550598,953
individual,23,carpet,26,4025,0.06003851816058159,0.044427286833524704,-6.796748638153076,0.0045730904676020145,6.340737819671631,-7.0,7.0,6.729497909545898,0.7820391058921814,1.239304542541504,-0.9717437624931335,954
individual,23,carpet,27,4025,0.032065361738204956,0.041794877499341965,-6.8908796310424805,0.004572983365505934,0.9690021276473999,-7.0,7.0,6.526776313781738,0.8183477520942688,1.174963116645813,-1.0064899921417236,955
individual,23,carpet,28,4025,0.046576596796512604,0.03726824373006821,-7.062320709228516,0.004573192913085222,3.4396631717681885,-7.0,7.0,6.711684703826904,0.7249171137809753,1.2313898801803589,-0.9571989178657532,956
individual,23,carpet,29,4025,0.03016781434416771,0.03558383509516716,-6.723902702331543,0.0045735896565020084,2.3406283855438232,-7.0,7.0,6.678688049316406,0.8553159236907959,1.2593449354171753,-1.0222569704055786,957
individual,23,carpet,30,4025,0.0325324721634388,0.020519329234957695,-6.716607570648193,0.0045744250528514385,6.37525749206543,-7.0,7.0,6.523552894592285,0.8988986611366272,1.2953156232833862,-1.0024662017822266,958
individual,23,carpet,31,4025,0.031122228130698204,0.032043829560279846,-6.6480302810668945,0.004574933089315891,-2.7515103816986084,-7.0,7.0,6.511929512023926,0.6764699220657349,1.195176362991333,-1.0197662115097046,959
individual,23,carpet,32,4025,0.049356527626514435,0.05034579709172249,-6.772477149963379,0.004575666505843401,3.1040117740631104,-7.0,7.0,6.553720951080322,0.7670579552650452,1.2442995309829712,-0.9999030232429504,960
individual,23,carpet,33,4025,0.024055976420640945,0.026614628732204437,-6.66066837310791,0.0045767310075461864,4.5357537269592285,-7.0,7.0,6.582193374633789,0.7653466463088989,1.2737325429916382,-0.9744681715965271,961
individual,23,carpet,34,4025,0.02757851406931877,0.028331995010375977,-6.59555721282959,0.004577868152409792,2.006290912628174,-7.0,7.0,6.515466690063477,0.5958635807037354,1.226365327835083,-1.0045819282531738,962
individual,23,carpet,35,4025,0.04953446611762047,0.0434793196618557,-6.912993431091309,0.004579311236739159,4.691644668579102,-7.0,7.0,6.884714603424072,0.9252644777297974,1.2288224697113037,-1.0061581134796143,963
individual,23,carpet,36,4025,0.06695812940597534,0.06740023195743561,-6.545689582824707,0.004580968990921974,4.02742862701416,-7.0,7.0,6.271912574768066,0.7620878219604492,1.3657901287078857,-0.9036116003990173,964
individual,23,carpet,37,4025,0.06683240830898285,0.07460243254899979,-7.064126968383789,0.004581980407238007,-7.818002223968506,-7.0,7.0,6.753880977630615,0.9728564620018005,1.1971434354782104,-0.8831902742385864,965
individual,23,carpet,38,4025,0.036441389471292496,0.03625420108437538,-6.668862342834473,0.004582411143928766,-9.297820091247559,-7.0,7.0,6.599226474761963,0.8696059584617615,1.12546968460083,-0.8589380383491516,966
individual,23,carpet,39,4025,0.02566843293607235,0.025708351284265518,-6.836493492126465,0.00458231708034873,-6.925500869750977,-7.0,7.0,6.717609405517578,0.7932762503623962,1.1296659708023071,-0.8917685151100159,967
individual,23,carpet,40,4025,0.04013373702764511,0.03491876646876335,-7.029565334320068,0.004582371562719345,1.5573337078094482,-7.0,7.0,6.887409687042236,1.0342835187911987,1.2297637462615967,-0.8915320038795471,968
individual,23,carpet,41,4025,0.055789414793252945,0.037586621940135956,-6.7758002281188965,0.004581941291689873,-10.812031745910645,-7.0,7.0,6.764455318450928,0.7028019428253174,1.0630509853363037,-0.8182892203330994,969
individual,23,carpet,42,4025,0.03756880760192871,0.042279694229364395,-7.1080474853515625,0.004581071902066469,-10.891529083251953,-7.0,7.0,6.903890132904053,0.9216642379760742,1.0640827417373657,-0.808497965335846,970
individual,23,carpet,43,4025,0.11497010290622711,0.0756646916270256,-7.290890693664551,0.004579809494316578,-8.08049201965332,-7.0,7.0,6.864382743835449,0.7913839221000671,1.2038935422897339,-0.8255638480186462,971
individual,23,carpet,44,4025,0.04666997864842415,0.05699807032942772,-7.114933013916016,0.004578466527163982,-2.303067684173584,-7.0,7.0,6.929799556732178,0.8999159932136536,1.1279815435409546,-0.8326180577278137,972
individual,23,carpet,45,4025,0.06620169430971146,0.04445015639066696,-6.953453063964844,0.0045767794363200665,-11.068923950195312,-7.0,7.0,6.945674896240234,0.8294044733047485,1.09336519241333,-0.8116846680641174,973
individual,23,carpet,46,4025,0.054200828075408936,0.05429702252149582,-6.921640396118164,0.004574780352413654,-15.546693801879883,-7.0,7.0,6.80465841293335,0.8367513418197632,1.0961730480194092,-0.742762565612793,974
individual,23,carpet,47,4025,0.06082601100206375,0.039505332708358765,-7.229103088378906,0.00457250140607357,-25.688405990600586,-7.0,7.0,7.044928073883057,0.9168856143951416,0.9471673965454102,-0.7542974352836609,975
individual,23,carpet,48,4025,0.050551194697618484,0.043948039412498474,-6.87616491317749,0.004570162855088711,-3.247253894805908,-7.0,7.0,6.660834789276123,0.8527804017066956,1.1981407403945923,-0.8307315111160278,976
individual,23,carpet,49,4025,0.10200511664152145,0.08876822888851166,-6.595762729644775,0.004568073432892561,0.19524061679840088,-7.0,7.0,6.727436542510986,0.6091119050979614,1.1744109392166138,-0.8591645956039429,977
individual,23,carpet,50,4025,0.05049724504351616,0.034237638115882874,-6.56224250793457,0.004566086921840906,-1.1755650043487549,-7.0,7.0,6.54995584487915,0.676277756690979,1.1986885070800781,-0.7975972294807434,978
population,23,carpet,1,4025,0.053850818425416946,0.07381826639175415,-6.774367332458496,0.00503841508179903,2.1824066638946533,-7.0,7.0,6.495645999908447,0.6442553997039795,1.2038600444793701,-0.9642661213874817,929
population,23,carpet,2,4025,0.034328315407037735,0.03649275749921799,-6.889171600341797,0.0050355978310108185,-12.69997787475586,-7.0,7.0,6.666668891906738,0.9184877872467041,0.983268678188324,-0.8523392081260681,930
population,23,carpet,3,4025,0.04874900355935097,0.060315221548080444,-6.914432525634766,0.0050335233099758625,4.610469341278076,-7.0,7.0,6.808283805847168,0.9403101205825806,1.2472255229949951,-0.9399484395980835,931
population,23,carpet,4,4025,0.02927657589316368,0.04136127978563309,-6.418707847595215,0.005032189190387726,21.993486404418945,-7.0,7.0,6.360758304595947,0.841054379940033,1.4897829294204712,-1.0411841869354248,932
population,23,carpet,5,4025,0.041726212948560715,0.041068319231271744,-6.683522701263428,0.005031229462474585,2.428717613220215,-7.0,7.0,6.545580863952637,0.815997838973999,1.159456491470337,-0.9263394474983215,933
population,23,carpet,6,4025,0.039892666041851044,0.05323600023984909,-6.789367198944092,0.005030231550335884,-1.3398702144622803,-7.0,7.0,6.583810329437256,0.7758678793907166,1.1717883348464966,-0.9044246673583984,934
population,23,carpet,7,4025,0.05595196783542633,0.06425583362579346,-6.932344913482666,0.005029864609241486,7.189011573791504,-7.0,7.0,6.574501037597656,0.9518888592720032,1.1849437952041626,-0.9790138602256775,935
population,23,carpet,8,4025,0.03545486554503441,0.04080156981945038,-6.719018459320068,0.00502929138019681,-2.4179954528808594,-7.0,7.0,6.659262180328369,0.7751224637031555,1.171320915222168,-0.9220272898674011,936
population,23,carpet,9,4025,0.03549898788332939,0.029610078781843185,-6.646602630615234,0.005028245970606804,-17.796070098876953,-7.0,7.0,6.449224472045898,0.5596544146537781,1.0543605089187622,-0.8504206538200378,937
population,23,carpet,10,4025,0.01962551474571228,0.027105901390314102,-6.9542694091796875,0.005026774015277624,-15.960023880004883,-7.0,7.0,6.690851211547852,0.866794764995575,0.9511169195175171,-0.8139213919639587,938
population,23,carpet,11,4025,0.02834521420300007,0.035620346665382385,-7.0786919593811035,0.005024919286370277,-12.871471405029297,-7.0,7.0,6.844362735748291,0.9665359854698181,0.9911649823188782,-0.8453688025474548,939
population,23,carpet,12,4025,0.03133194148540497,0.029778070747852325,-6.765571117401123,0.005022973753511906,-2.7611382007598877,-7.0,7.0,6.574649333953857,0.8737947940826416,1.1407073736190796,-0.8720012903213501,940
population,23,carpet,13,4025,0.03240860253572464,0.04108382761478424,-6.609432220458984,0.005020694341510534,-17.60057258605957,-7.0,7.0,6.56268310546875,0.8668251037597656,0.9820283651351929,-0.7793922424316406,941
population,23,carpet,14,4025,0.03986946493387222,0.035341694951057434,-6.937063217163086,0.005018114112317562,-12.497899055480957,-7.0,7.0,6.642475128173828,0.8265002369880676,0.9764189124107361,-0.8045980334281921,942
population,23,carpet,15,4025,0.031490400433540344,0.03574899211525917,-6.888205528259277,0.005015265196561813,-5.738777160644531,-7.0,7.0,6.5711212158203125,0.8085571527481079,1.0839959383010864,-0.8572817444801331,943
population,23,carpet,16,4025,0.03787122666835785,0.03905925154685974,-6.750096797943115,0.005012651905417442,-0.47540736198425293,-7.0,7.0,6.7029290199279785,0.9336769580841064,1.1739009618759155,-0.8632515668869019,944
population,23,carpet,17,4025,0.04503806680440903,0.040736086666584015,-6.648740768432617,0.005009772256016731,-7.257989883422852,-7.0,7.0,6.4349284172058105,0.7838743925094604,1.0800690650939941,-0.8810601830482483,945
population,23,carpet,18,4025,0.03657744824886322,0.03828933835029602,-6.794942378997803,0.005007649306207895,4.671836853027344,-7.0,7.0,6.509737014770508,0.826877236366272,1.1528466939926147,-0.9237443208694458,946
population,23,carpet,19,4025,0.06844313442707062,0.05948469042778015,-6.671970844268799,0.005005209241062403,-11.074568748474121,-7.0,7.0,6.415739059448242,0.3873260021209717,1.047340750694275,-0.8608189821243286,947
population,23,carpet,20,4025,0.027282170951366425,0.027515096589922905,-7.15627908706665,0.005002486985176802,-12.079566955566406,-7.0,7.0,6.91903829574585,0.7321765422821045,0.9958184361457825,-0.868932843208313,948
population,23,carpet,21,4025,0.03027375414967537,0.028947219252586365,-7.029304027557373,0.005000252276659012,2.173137664794922,-7.0,7.0,6.820583343505859,1.154335618019104,1.2564102411270142,-0.9773465394973755,949
population,23,carpet,22,4025,0.041540175676345825,0.04113037884235382,-7.091163635253906,0.004997716285288334,-12.567441940307617,-7.0,7.0,7.027634143829346,1.0374759435653687,1.0314064025878906,-0.9484221339225769,950
population,23,carpet,23,4025,0.02815306931734085,0.020651111379265785,-6.957481861114502,0.004995059687644243,-3.75601863861084,-7.0,7.0,6.675060272216797,0.703571617603302,1.0225061178207397,-1.0007609128952026,951
population,23,carpet,24,4025,0.047644294798374176,0.04731728881597519,-6.983326435089111,0.004992661997675896,-0.06752991676330566,-7.0,7.0,6.595337867736816,0.73277348279953,1.2052332162857056,-0.9796221852302551,952
population,23,carpet,25,4025,0.04035947471857071,0.03566346317529678,-6.781010627746582,0.004990669433027506,1.6729140281677246,-7.0,7.0,6.615888595581055,0.7710051536560059,1.1667357683181763,-1.0057306289672852,953
population,23,carpet,26,4025,0.046375952661037445,0.04316586256027222,-6.739454746246338,0.004989115986973047,2.4019484519958496,-7.0,7.0,6.74363374710083,0.7568717002868652,1.1975764036178589,-1.0186785459518433,954
population,23,carpet,27,4025,0.0622078999876976,0.0637713298201561,-6.730700969696045,0.004988245200365782,22.091602325439453,-7.0,7.0,6.506394863128662,0.832836389541626,1.451886773109436,-1.079363465309143,955
population,23,carpet,28,4025,0.038338154554367065,0.038368918001651764,-7.271853923797607,0.004987900145351887,4.389909267425537,-7.0,7.0,7.0297441482543945,0.898283839225769,1.16549551486969,-1.0388453006744385,956
population,23,carpet,29,4025,0.060503039509058,0.04842749238014221,-7.113923072814941,0.004987612366676331,0.24041461944580078,-7.0,7.0,6.803514003753662,0.731561541557312,1.167629599571228,-0.9905971884727478,957
population,23,carpet,30,4025,0.07457858324050903,0.06572350859642029,-7.096416473388672,0.004987812135368586,4.600771427154541,-7.0,7.0,6.907381534576416,0.8554568290710449,1.259303092956543,-0.9758196473121643,958
population,23,carpet,31,4025,0.07724141329526901,0.05307577922940254,-6.446969509124756,0.004988520871847868,13.728663444519043,-7.0,7.0,6.388251304626465,0.6959683299064636,1.367063283920288,-1.0414294004440308,959
population,23,carpet,32,4025,0.050710201263427734,0.036431580781936646,-6.573635101318359,0.0049896868877112865,5.345503807067871,-7.0,7.0,6.533984184265137,0.6986536383628845,1.211648941040039,-1.0029518604278564,960
population,23,carpet,33,4025,0.036845412105321884,0.034510400146245956,-7.126071929931641,0.004990855231881142,1.1711792945861816,-7.0,7.0,7.006447792053223,0.9682489633560181,1.1755502223968506,-0.9592453241348267,961
population,23,carpet,34,4025,0.07792822271585464,0.05857568606734276,-7.216182708740234,0.004992435686290264,6.9878830909729,-7.0,7.0,6.779924392700195,0.9573514461517334,1.2556177377700806,-0.990131676197052,962
population,23,carpet,35,4025,0.047281522303819656,0.04103773087263107,-6.849024295806885,0.0049943882040679455,8.49736213684082,-7.0,7.0,6.541388511657715,0.8297892808914185,1.343603253364563,-1.0002549886703491,963
population,23,carpet,36,4025,0.05383462458848953,0.04455750435590744,-6.969006061553955,0.004995617084205151,-5.769024848937988,-7.0,7.0,6.987557411193848,0.9256982803344727,1.0945563316345215,-0.9938117265701294,964
population,23,carpet,37,4025,0.05360844358801842,0.04854530096054077,-6.867430210113525,0.004997008480131626,2.8553247451782227,-7.0,7.0,6.751941204071045,0.7735408544540405,1.2578035593032837,-0.9763355255126953,965
population,23,carpet,38,4025,0.04244143143296242,0.049810972064733505,-7.02808952331543,0.004997911397367716,-3.4996442794799805,-7.0,7.0,6.6502838134765625,0.792942464351654,1.1552817821502686,-0.9245384931564331,966
population,23,carpet,39,4025,0.0474819540977478,0.03520708903670311,-7.215827941894531,0.00499848835170269,-2.3540802001953125,-7.0,7.0,6.922776699066162,0.9446779489517212,1.129146695137024,-0.9128880500793457,967
population,23,carpet,40,4025,0.05833687633275986,0.06310830265283585,-6.859584808349609,0.00499847624450922,-10.2818603515625,-7.0,7.0,6.828158855438232,0.8210042119026184,1.0752304792404175,-0.8495821356773376,968
population,23,carpet,41,4025,0.029039669781923294,0.03349251300096512,-7.098296165466309,0.004998340737074614,-1.2662444114685059,-7.0,7.0,6.893230438232422,1.0344635248184204,1.1825870275497437,-0.8994786143302917,969
population,23,carpet,42,4025,0.025529680773615837,0.02563132345676422,-7.103252410888672,0.004997687414288521,-13.798237800598145,-7.0,7.0,6.870450019836426,0.903283953666687,0.9857187271118164,-0.8428629040718079,970
population,23,carpet,43,4025,0.031774986535310745,0.03223579749464989,-7.008306503295898,0.004996567498892546,-18.58959197998047,-7.0,7.0,6.8294243812561035,0.6112369298934937,0.9534662365913391,-0.7880210280418396,971
population,23,carpet,44,4025,0.024360865354537964,0.022307977080345154,-7.065348148345947,0.004995028953999281,-15.742378234863281,-7.0,7.0,6.939809322357178,0.814395010471344,0.9569219946861267,-0.7829878926277161,972
population,23,carpet,45,4025,0.03510763496160507,0.028214778751134872,-7.161361217498779,0.0049931141547858715,-10.69895076751709,-7.0,7.0,6.801098346710205,0.9074670672416687,1.1637078523635864,-0.842280924320221,973
population,23,carpet,46,4025,0.033812277019023895,0.03383595868945122,-7.375644683837891,0.004990862216800451,-22.80657958984375,-7.0,7.0,7.2405290603637695,0.9450477361679077,0.8981598019599915,-0.7321528792381287,974
population,23,carpet,47,4025,0.040312573313713074,0.035582754760980606,-6.794692039489746,0.004988437984138727,-3.9766740798950195,-7.0,7.0,6.511698246002197,0.725549042224884,1.1807729005813599,-0.8220989108085632,975
population,23,carpet,48,4025,0.04365328699350357,0.04308595508337021,-7.103399276733398,0.0049857269041240215,-10.617103576660156,-7.0,7.0,6.919723033905029,0.9096867442131042,1.1196119785308838,-0.7920840382575989,976
population,23,carpet,49,4025,0.04671252518892288,0.05777584761381149,-7.336378574371338,0.004982760641723871,-20.042789459228516,-7.0,7.0,7.188124179840088,1.041581630706787,1.0268268585205078,-0.7805779576301575,977
population,23,carpet,50,4025,0.044654905796051025,0.05081028863787651,-7.319015026092529,0.004979563876986504,-16.078676223754883,-7.0,7.0,6.966248035430908,0.7135630249977112,1.0280673503875732,-0.820198118686676,978
individual,24,carpet,1,4200,0.05232518911361694,0.0508924275636673,-6.785846710205078,0.004563821014016867,-12.39180850982666,-7.0,7.0,6.524297714233398,0.7415162920951843,1.0973999500274658,-0.8023466467857361,979
individual,24,carpet,2,4200,0.07550889998674393,0.0653742253780365,-7.107860565185547,0.004561301786452532,-17.230735778808594,-7.0,7.0,6.832792282104492,0.9156760573387146,1.0711851119995117,-0.8323909640312195,980
individual,24,carpet,3,4200,0.03982339799404144,0.031484585255384445,-6.903226852416992,0.004558557644486427,-9.581775665283203,-7.0,7.0,6.740555763244629,0.7686858177185059,1.103716254234314,-0.819072425365448,981
individual,24,carpet,4,4200,0.09264178574085236,0.06629052758216858,-6.747614860534668,0.004555611405521631,-9.362491607666016,-7.0,7.0,6.82878303527832,0.793865978717804,1.1037077903747559,-0.8284815549850464,982
individual,24,carpet,5,4200,0.051797524094581604,0.03881484642624855,-6.953967094421387,0.004552482161670923,-7.029415607452393,-7.0,7.0,6.7585039138793945,0.9117308259010315,1.1364550590515137,-0.8574696183204651,983
individual,24,carpet,6,4200,0.047930411994457245,0.040397435426712036,-7.0854597091674805,0.004549188073724508,-10.996685981750488,-7.0,7.0,6.773743629455566,0.8391950726509094,1.0658609867095947,-0.8316732048988342,984
individual,24,carpet,7,4200,0.026783926412463188,0.029408905655145645,-6.794885635375977,0.004545748699456453,-17.069705963134766,-7.0,7.0,6.630608558654785,0.5515095591545105,1.0351275205612183,-0.8467717170715332,985
individual,24,carpet,8,4200,0.0293034166097641,0.02865489013493061,-6.682168960571289,0.004542178008705378,-7.465560436248779,-7.0,7.0,6.627057075500488,0.7376818060874939,1.1330398321151733,-0.8241778612136841,986
individual,24,carpet,9,4200,0.04193272069096565,0.0389222651720047,-6.740319728851318,0.004538490902632475,-14.956363677978516,-7.0,7.0,6.5594305992126465,0.7611732482910156,1.0359408855438232,-0.7968848943710327,987
individual,24,carpet,10,4200,0.027117088437080383,0.03481869399547577,-6.979649066925049,0.004534699022769928,-16.89678955078125,-7.0,7.0,6.654275894165039,0.7038658857345581,1.0791746377944946,-0.7855938673019409,988
individual,24,carpet,11,4200,0.021961165592074394,0.020067166537046432,-6.947078227996826,0.004530812613666058,-19.049571990966797,-7.0,7.0,6.7578325271606445,0.9021559357643127,1.0385723114013672,-0.7540836334228516,989
individual,24,carpet,12,4200,0.05563664063811302,0.05390394106507301,-6.707254409790039,0.004526841454207897,-19.738916397094727,-7.0,7.0,6.663363933563232,0.7232313752174377,1.0157231092453003,-0.7237005829811096,990
individual,24,carpet,13,4200,0.053514305502176285,0.05371314659714699,-6.984002590179443,0.0045227957889437675,-24.91642951965332,-7.0,7.0,6.888500213623047,0.8292838931083679,0.9575336575508118,-0.7128018140792847,991
individual,24,carpet,14,4200,0.053429100662469864,0.05459233373403549,-7.173384189605713,0.004518683068454266,-12.081735610961914,-7.0,7.0,6.940302848815918,0.9237087965011597,1.0376290082931519,-0.7044863700866699,992
individual,24,carpet,15,4200,0.026286965236067772,0.023804958909749985,-6.98801326751709,0.0045145112089812756,-25.513504028320312,-7.0,7.0,6.82401180267334,0.7712684869766235,0.954345166683197,-0.680620014667511,993
individual,24,carpet,16,4200,0.04025242105126381,0.03627117723226547,-6.944732666015625,0.004510285332798958,-22.523488998413086,-7.0,7.0,6.838569164276123,0.8753919005393982,0.9365496039390564,-0.7204796075820923,994
individual,24,carpet,17,4200,0.06990760564804077,0.07253920286893845,-7.104403495788574,0.004506013821810484,-26.842098236083984,-7.0,7.0,7.113302230834961,0.8668864369392395,0.8502551317214966,-0.6493670344352722,995
individual,24,carpet,18,4200,0.037656158208847046,0.03614237532019615,-7.002292156219482,0.004501699469983578,-19.505708694458008,-7.0,7.0,6.768093109130859,0.7587851881980896,0.9308845400810242,-0.6645969152450562,996
individual,24,carpet,19,4200,0.03183221071958542,0.03284752741456032,-7.119300365447998,0.004497348330914974,-22.623241424560547,-7.0,7.0,6.984251022338867,0.7479928135871887,0.888041079044342,-0.6586506962776184,997
individual,24,carpet,20,4200,0.03756095468997955,0.039080847054719925,-7.058587074279785,0.0044929650612175465,-16.791593551635742,-7.0,7.0,6.811492443084717,0.756562352180481,1.0113465785980225,-0.6678549647331238,998
individual,24,carpet,21,4200,0.03819200024008751,0.036810584366321564,-6.978309631347656,0.004488551523536444,-27.886714935302734,-7.0,7.0,6.755293846130371,0.8088579177856445,0.8808584809303284,-0.6840413212776184,999
individual,24,carpet,22,4200,0.05088362097740173,0.04007392376661301,-7.086675643920898,0.004484112840145826,-32.917869567871094,-7.0,7.0,7.026084899902344,0.8911739587783813,0.8125414848327637,-0.6519278883934021,1000
individual,24,carpet,23,4200,0.037277765572071075,0.033175140619277954,-7.101583957672119,0.004479652736335993,-17.792760848999023,-7.0,7.0,6.884565353393555,0.8018403649330139,0.9869989156723022,-0.7219073176383972,1001
individual,24,carpet,24,4200,0.04986506700515747,0.04877733066678047,-7.076596736907959,0.004475171212106943,-11.748174667358398,-7.0,7.0,6.735415458679199,0.6568455696105957,1.016038179397583,-0.7775633931159973,1002
individual,24,carpet,25,4200,0.026836110278964043,0.03462721407413483,-6.741866111755371,0.00447067292407155,-22.578033447265625,-7.0,7.0,6.631124973297119,0.4812401235103607,0.8511747717857361,-0.7248964309692383,1003
individual,24,carpet,26,4200,0.031572721898555756,0.03404776751995087,-6.910797119140625,0.004466160200536251,-12.158845901489258,-7.0,7.0,6.76898193359375,0.6825208067893982,1.0563567876815796,-0.8406521081924438,1004
individual,24,carpet,27,4200,0.0345572791993618,0.029174011200666428,-7.048922538757324,0.0044616349041461945,-9.037263870239258,-7.0,7.0,6.931091785430908,0.6191456317901611,1.0207856893539429,-0.841151237487793,1005
individual,24,carpet,28,4200,0.0339619405567646,0.03538154810667038,-6.96915864944458,0.0044570970349013805,-11.750269889831543,-7.0,7.0,6.687748908996582,0.7172537446022034,1.0690997838974,-0.8315849304199219,1006
individual,24,carpet,29,4200,0.03146187216043472,0.02756052277982235,-7.048910617828369,0.004452551249414682,-7.345306396484375,-7.0,7.0,6.910155296325684,0.8664251565933228,1.116442322731018,-0.8105986714363098,1007
individual,24,carpet,30,4200,0.07013437896966934,0.061488956212997437,-7.07528018951416,0.004448411054909229,-0.5699798464775085,-7.0,7.0,6.964671611785889,0.6453149914741516,1.1292049884796143,-0.8298411965370178,1008
individual,24,carpet,31,4200,0.0633089691400528,0.05385139212012291,-6.942656517028809,0.0044442215003073215,-7.1320085525512695,-7.0,7.0,6.850782871246338,0.9249911904335022,1.066312313079834,-0.8346096873283386,1009
individual,24,carpet,32,4200,0.03342009335756302,0.03328760340809822,-7.0431060791015625,0.004439989570528269,-6.739996433258057,-7.0,7.0,6.757523536682129,0.6665677428245544,1.0695933103561401,-0.8106822967529297,1010
individual,24,carpet,33,4200,0.08009084314107895,0.07349284738302231,-7.153166770935059,0.00443571712821722,-10.107952117919922,-7.0,7.0,6.804251670837402,0.7586468458175659,1.0349639654159546,-0.7866376042366028,1011
individual,24,carpet,34,4200,0.023193903267383575,0.020814644172787666,-7.376537799835205,0.004431410692632198,-8.10682487487793,-7.0,7.0,7.235479831695557,1.0369209051132202,1.0419443845748901,-0.7344219088554382,1012
individual,24,carpet,35,4200,0.027383841574192047,0.029254000633955002,-6.815193176269531,0.004427074454724789,-19.07990074157715,-7.0,7.0,6.719090938568115,0.7827405333518982,0.9672650694847107,-0.6940849423408508,1013
individual,24,carpet,36,4200,0.0721157044172287,0.06321458518505096,-7.118614196777344,0.004422711208462715,-10.887923240661621,-7.0,7.0,7.069483757019043,0.9805612564086914,1.0166181325912476,-0.6893376111984253,1014
individual,24,carpet,37,4200,0.057151228189468384,0.042723510414361954,-7.15977668762207,0.004418324679136276,-20.34618377685547,-7.0,7.0,7.116681098937988,0.8146420121192932,0.8900054693222046,-0.6762081980705261,1015
individual,24,carpet,38,4200,0.07053700089454651,0.08013429492712021,-7.281683444976807,0.0044139171950519085,-17.527568817138672,-7.0,7.0,6.910209655761719,0.7321974635124207,0.9881823658943176,-0.7124203443527222,1016
individual,24,carpet,39,4200,0.034323278814554214,0.022441444918513298,-7.124573707580566,0.004409491084516048,-13.50329875946045,-7.0,7.0,6.853184223175049,0.7784002423286438,0.9978971481323242,-0.7118428349494934,1017
individual,24,carpet,40,4200,0.06669412553310394,0.0650065541267395,-7.1767048835754395,0.004405050538480282,-13.025886535644531,-7.0,7.0,7.161186218261719,0.8798375725746155,1.0210978984832764,-0.695192277431488,1018
individual,24,carpet,41,4200,0.030185077339410782,0.018926022574305534,-7.068519115447998,0.004400595556944609,-9.115238189697266,-7.0,7.0,6.809122562408447,0.8229085206985474,1.031709909439087,-0.6803408265113831,1019
individual,24,carpet,42,4200,0.03970629349350929,0.031732670962810516,-7.291914939880371,0.004396130330860615,-18.424741744995117,-7.0,7.0,7.04340124130249,0.7432490587234497,0.9123863577842712,-0.6614307165145874,1020
individual,24,carpet,43,4200,0.05072026699781418,0.03907682001590729,-7.430141448974609,0.004392193630337715,0.9704961776733398,-7.0,7.0,7.111621379852295,0.7753469347953796,1.0860559940338135,-0.7079857587814331,1021
individual,24,carpet,44,4200,0.040155451744794846,0.043359432369470596,-7.07639217376709,0.004388192668557167,-9.158309936523438,-7.0,7.0,6.814760208129883,0.8513875603675842,1.0685807466506958,-0.7386866807937622,1022
individual,24,carpet,45,4200,0.07976377755403519,0.07159899920225143,-7.049468994140625,0.0043845828622579575,-0.11140859127044678,-7.0,7.0,6.817368030548096,0.8283488750457764,1.1532176733016968,-0.7402657270431519,1023
individual,24,carpet,46,4200,0.03857562690973282,0.04651341214776039,-7.224995136260986,0.00438087759539485,-12.61157512664795,-7.0,7.0,6.954010009765625,0.8475473523139954,1.0102254152297974,-0.6545581817626953,1024
individual,24,carpet,47,4200,0.05557585507631302,0.030700702220201492,-7.3125786781311035,0.004377550911158323,0.09410667419433594,-7.0,7.0,6.944177627563477,0.7990800142288208,1.2164710760116577,-0.7495226860046387,1025
individual,24,carpet,48,4200,0.042415618896484375,0.02617483213543892,-7.298409461975098,0.004374099895358086,-5.610896587371826,-7.0,7.0,7.060576438903809,0.7025923728942871,1.137108325958252,-0.7168124318122864,1026
individual,24,carpet,49,4200,0.04445798695087433,0.025923533365130424,-6.957063674926758,0.004371455870568752,17.597328186035156,-7.0,7.0,6.9250311851501465,0.8908345699310303,1.394470453262329,-0.7963169813156128,1027
individual,24,carpet,50,4200,0.09376468509435654,0.05828294903039932,-6.92188835144043,0.00436953641474247,18.043987274169922,-7.0,7.0,6.966106414794922,0.8619764447212219,1.3951208591461182,-0.7926408648490906,1028
population,24,carpet,1,4200,0.01809604838490486,0.03168299049139023,-7.153615474700928,0.004976159892976284,-14.17044448852539,-7.0,7.0,6.875661373138428,0.761488139629364,1.0390626192092896,-0.8234996199607849,979
population,24,carpet,2,4200,0.05494193732738495,0.04976280778646469,-7.169242858886719,0.004972571041435003,-7.419726371765137,-7.0,7.0,6.8773322105407715,0.9235720634460449,1.0829917192459106,-0.8232642412185669,980
population,24,carpet,3,4200,0.04121183604001999,0.05532246455550194,-7.126497268676758,0.004968816880136728,-12.729058265686035,-7.0,7.0,6.903158187866211,0.8325228095054626,0.9981927871704102,-0.876439094543457,981
population,24,carpet,4,4200,0.051676783710718155,0.047985754907131195,-7.251993656158447,0.004964913707226515,-12.349601745605469,-7.0,7.0,6.90066385269165,0.9395352602005005,1.041418433189392,-0.8678653836250305,982
population,24,carpet,5,4200,0.029348760843276978,0.028354575857520103,-7.208498001098633,0.004960876423865557,-16.04893684387207,-7.0,7.0,6.971771240234375,0.8998755812644958,0.9833473563194275,-0.8717072606086731,983
population,24,carpet,6,4200,0.051313139498233795,0.04853739216923714,-7.0821661949157715,0.0049567194655537605,-18.958532333374023,-7.0,7.0,6.877566337585449,0.700890839099884,0.9603770971298218,-0.9080654978752136,984
population,24,carpet,7,4200,0.03837163746356964,0.04229409992694855,-7.011989593505859,0.00495245773345232,-6.964349746704102,-7.0,7.0,6.803549766540527,0.9410238862037659,1.0597645044326782,-0.9255179166793823,985
population,24,carpet,8,4200,0.0481494776904583,0.03722214698791504,-7.201258659362793,0.004948100075125694,-7.5293660163879395,-7.0,7.0,6.865647792816162,0.6073352098464966,1.1181875467300415,-0.9468101859092712,986
population,24,carpet,9,4200,0.029061825945973396,0.028536301106214523,-7.2054290771484375,0.004943656735122204,-12.425887107849121,-7.0,7.0,7.092408180236816,0.90678471326828,0.9986414313316345,-0.9317246079444885,987
population,24,carpet,10,4200,0.036508988589048386,0.026455378159880638,-7.189281463623047,0.004939875099807978,2.196916103363037,-7.0,7.0,6.992861747741699,0.6990588307380676,1.1693686246871948,-0.9924073815345764,988
population,24,carpet,11,4200,0.03349056839942932,0.02576150745153427,-7.069993019104004,0.004935950040817261,-6.228654861450195,-7.0,7.0,6.970605850219727,0.93825364112854,1.1041295528411865,-0.9728151559829712,989
population,24,carpet,12,4200,0.037947505712509155,0.034939244389534,-7.32634162902832,0.004932945128530264,6.88698148727417,-7.0,7.0,7.093375205993652,0.9220561385154724,1.1864278316497803,-1.0154212713241577,990
population,24,carpet,13,4200,0.045227278023958206,0.039576027542352676,-7.216811180114746,0.004930692259222269,4.576836109161377,-7.0,7.0,7.062427997589111,0.7182213664054871,1.1667386293411255,-1.0031450986862183,991
population,24,carpet,14,4200,0.04028389975428581,0.04164690524339676,-7.331518650054932,0.004928520414978266,-1.455293893814087,-7.0,7.0,7.091169357299805,0.8297099471092224,1.1658685207366943,-0.9949218034744263,992
population,24,carpet,15,4200,0.027461238205432892,0.027487661689519882,-7.157077312469482,0.004927091766148806,7.496119976043701,-7.0,7.0,6.987445831298828,0.9162101149559021,1.2613509893417358,-1.0546528100967407,993
population,24,carpet,16,4200,0.034418802708387375,0.03635585308074951,-7.212531566619873,0.004925841931253672,0.3710862994194031,-7.0,7.0,7.017325401306152,0.8690477609634399,1.176496148109436,-0.9960213303565979,994
population,24,carpet,17,4200,0.03262590616941452,0.035274770110845566,-7.435922145843506,0.004925240762531757,5.96038818359375,-7.0,7.0,7.16115140914917,0.9348012208938599,1.244484782218933,-1.0344336032867432,995
population,24,carpet,18,4200,0.045313961803913116,0.03658052906394005,-7.322032928466797,0.004924912005662918,2.1621053218841553,-7.0,7.0,7.1234869956970215,0.9149544835090637,1.2004680633544922,-0.9941415786743164,996
population,24,carpet,19,4200,0.0688580796122551,0.06746438890695572,-7.413818359375,0.0049249352887272835,3.242263078689575,-7.0,7.0,6.964234352111816,0.8478193879127502,1.1988507509231567,-0.9919350743293762,997
population,24,carpet,20,4200,0.044520918279886246,0.04851076006889343,-7.1826653480529785,0.0049254801124334335,9.165816307067871,-7.0,7.0,7.03781270980835,0.9237372875213623,1.2528712749481201,-1.009436011314392,998
population,24,carpet,21,4200,0.067242331802845,0.06906501948833466,-7.038971900939941,0.004926473833620548,5.103883743286133,-7.0,7.0,6.954852104187012,0.8234772682189941,1.2195388078689575,-0.9568771123886108,999
population,24,carpet,22,4200,0.039085738360881805,0.03470422700047493,-7.23805046081543,0.004927892703562975,6.481522560119629,-7.0,7.0,6.934950351715088,0.8452281951904297,1.2300395965576172,-0.9484092593193054,1000
population,24,carpet,23,4200,0.041735634207725525,0.042715709656476974,-7.418120384216309,0.004929671995341778,5.074542045593262,-7.0,7.0,7.0738019943237305,0.817816436290741,1.290497899055481,-0.9325798153877258,1001
population,24,carpet,24,4200,0.037674617022275925,0.042031802237033844,-7.137845516204834,0.00493179727345705,7.533093452453613,-7.0,7.0,6.749263286590576,0.910266101360321,1.3422549962997437,-0.9290919899940491,1002
population,24,carpet,25,4200,0.037586089223623276,0.037438780069351196,-7.155133247375488,0.004933928605169058,2.17350697517395,-7.0,7.0,6.956192970275879,0.9664520025253296,1.2659772634506226,-0.9252073168754578,1003
population,24,carpet,26,4200,0.0391482338309288,0.03469984978437424,-7.4444475173950195,0.004935429897159338,-4.221446990966797,-7.0,7.0,7.165499210357666,0.9227908849716187,1.2188920974731445,-0.9278426766395569,1004
population,24,carpet,27,4200,0.029396135360002518,0.035692062228918076,-7.061515808105469,0.0049368091858923435,0.28612372279167175,-7.0,7.0,6.847939968109131,0.6874547600746155,1.2730029821395874,-0.890328049659729,1005
population,24,carpet,28,4200,0.03749236837029457,0.04009917750954628,-7.228730201721191,0.004937524441629648,-15.033408164978027,-7.0,7.0,7.059079170227051,0.7926400899887085,1.000001072883606,-0.8727186918258667,1006
population,24,carpet,29,4200,0.019244087859988213,0.022417481988668442,-7.211697578430176,0.004938212223351002,0.4170118570327759,-7.0,7.0,7.068446159362793,0.8678461909294128,1.2142456769943237,-0.86635822057724,1007
population,24,carpet,30,4200,0.040580399334430695,0.03275485336780548,-7.383888244628906,0.004938687663525343,-1.4308011531829834,-7.0,7.0,7.317830562591553,0.9786271452903748,1.1979997158050537,-0.8721442222595215,1008
population,24,carpet,31,4200,0.03651021793484688,0.033541079610586166,-7.37109375,0.00493956170976162,4.491598129272461,-7.0,7.0,7.056580066680908,0.9556632041931152,1.317626714706421,-0.8818367123603821,1009
population,24,carpet,32,4200,0.02435988001525402,0.019812680780887604,-7.219244003295898,0.004939822945743799,-7.639533996582031,-7.0,7.0,7.05276346206665,0.7085980176925659,1.1518560647964478,-0.8426381349563599,1010
population,24,carpet,33,4200,0.035107191652059555,0.035291895270347595,-7.32847261428833,0.004939530976116657,-6.696995735168457,-7.0,7.0,7.167197227478027,1.0152597427368164,1.1557388305664062,-0.8132718205451965,1011
population,24,carpet,34,4200,0.026981152594089508,0.022492114454507828,-7.183938026428223,0.004939272068440914,0.04173004627227783,-7.0,7.0,6.9208984375,0.8016234636306763,1.206128716468811,-0.8517999649047852,1012
population,24,carpet,35,4200,0.03372637927532196,0.039960313588380814,-7.387349605560303,0.004938511177897453,-8.633578300476074,-7.0,7.0,7.161477565765381,1.0160421133041382,1.0919766426086426,-0.8377724289894104,1013
population,24,carpet,36,4200,0.01713825948536396,0.015732940286397934,-7.380687713623047,0.004937298595905304,-5.561266899108887,-7.0,7.0,7.227525234222412,0.9815719127655029,1.143492341041565,-0.8340064883232117,1014
population,24,carpet,37,4200,0.03146246075630188,0.028920864686369896,-7.6591410636901855,0.004935681354254484,-14.004894256591797,-7.0,7.0,7.4965972900390625,0.8744189143180847,1.07036554813385,-0.81254643201828,1015
population,24,carpet,38,4200,0.050037939101457596,0.048839375376701355,-7.598967552185059,0.004933700431138277,-6.539229393005371,-7.0,7.0,7.29329776763916,0.9700530767440796,1.129446268081665,-0.8434461355209351,1016
population,24,carpet,39,4200,0.030999742448329926,0.027769817039370537,-7.418106555938721,0.004932077135890722,1.626643180847168,-7.0,7.0,7.36080265045166,0.9446704983711243,1.164547324180603,-0.9146836400032043,1017
population,24,carpet,40,4200,0.026901250705122948,0.02382037043571472,-7.321983814239502,0.00493114348500967,7.535858631134033,-7.0,7.0,7.1351237297058105,0.7941256165504456,1.3577346801757812,-0.9100757837295532,1018
population,24,carpet,41,4200,0.04389268904924393,0.04711754247546196,-7.462730884552002,0.0049300952814519405,-2.0991029739379883,-7.0,7.0,7.2524518966674805,0.8383027911186218,1.272174596786499,-0.9288018941879272,1019
population,24,carpet,42,4200,0.02631041593849659,0.026614336296916008,-7.425283432006836,0.004929678980261087,5.682263374328613,-7.0,7.0,7.094902992248535,0.7736199498176575,1.3629655838012695,-0.9103546142578125,1020
population,24,carpet,43,4200,0.03739849850535393,0.04624655842781067,-7.7617011070251465,0.004929831717163324,12.25990104675293,-7.0,7.0,7.452239990234375,1.005792260169983,1.3324928283691406,-0.9832509756088257,1021
population,24,carpet,44,4200,0.06287743151187897,0.05671286582946777,-7.515440464019775,0.004930494818836451,24.646896362304688,-7.0,7.0,7.292129039764404,0.9420669078826904,1.4650462865829468,-1.0497021675109863,1022
population,24,carpet,45,4200,0.03129060938954353,0.037800487130880356,-7.473465919494629,0.004931618459522724,30.192584991455078,-7.0,7.0,7.287328720092773,1.0319103002548218,1.5746582746505737,-1.0261260271072388,1023
population,24,carpet,46,4200,0.044587623327970505,0.051791638135910034,-7.463624954223633,0.0049327947199344635,1.6402777433395386,-7.0,7.0,7.3079328536987305,0.8037185072898865,1.1622897386550903,-0.9522603154182434,1024
population,24,carpet,47,4200,0.03705036640167236,0.03989569842815399,-7.625629425048828,0.004934380296617746,21.822978973388672,-7.0,7.0,7.427953720092773,0.9280623197555542,1.5142861604690552,-1.0108964443206787,1025
population,24,carpet,48,4200,0.02639680728316307,0.03570587560534477,-7.564846515655518,0.004936336074024439,9.49280071258545,-7.0,7.0,7.3663763999938965,0.87073814868927,1.3897451162338257,-0.9731591939926147,1026
population,24,carpet,49,4200,0.04537982493638992,0.039079245179891586,-7.592276096343994,0.004938247613608837,1.5200579166412354,-7.0,7.0,7.389464855194092,0.934515655040741,1.2655045986175537,-0.9312788844108582,1027
population,24,carpet,50,4200,0.044257741421461105,0.049224838614463806,-7.127627372741699,0.0049404967576265335,27.402652740478516,-7.0,7.0,7.001046180725098,0.8809117078781128,1.5987101793289185,-0.9675693511962891,1028
individual,25,carpet,1,4375,0.07208076864480972,0.07175944000482559,-7.5709075927734375,0.004368269816040993,24.922412872314453,-7.0,7.0,7.351962566375732,0.9326455593109131,1.4745296239852905,-0.8377833366394043,1029
individual,25,carpet,2,4375,0.0757751390337944,0.03282294049859047,-7.376864433288574,0.004367589019238949,37.744441986083984,-7.0,7.0,7.100677490234375,1.0138802528381348,1.6039931774139404,-0.8997889161109924,1030
individual,25,carpet,3,4375,0.05236736312508583,0.04283585026860237,-7.167033672332764,0.00436743488535285,27.27749252319336,-7.0,7.0,7.072386264801025,0.7577531933784485,1.5178462266921997,-0.8530235290527344,1031
individual,25,carpet,4,4375,0.13849785923957825,0.06785634160041809,-6.977400779724121,0.004367755725979805,8.597434997558594,-7.0,7.0,7.164246082305908,0.7414234280586243,1.2670358419418335,-0.772968590259552,1032
individual,25,carpet,5,4375,0.03604753687977791,0.02544359862804413,-7.107987880706787,0.004368503112345934,17.429584503173828,-7.0,7.0,7.086066722869873,0.8602926731109619,1.310786247253418,-0.7995108366012573,1033
individual,25,carpet,6,4375,0.06387908011674881,0.051929425448179245,-7.575207233428955,0.004368717782199383,-8.883657455444336,-7.0,7.0,7.20254373550415,0.781779408454895,1.0893580913543701,-0.6873621940612793,1034
individual,25,carpet,7,4375,0.0778132751584053,0.029318425804376602,-7.39604377746582,0.004368451423943043,-11.441617965698242,-7.0,7.0,7.175961017608643,0.6314349174499512,1.0181502103805542,-0.6397313475608826,1035
individual,25,carpet,8,4375,0.06622314453125,0.06138528883457184,-7.1041975021362305,0.004367901477962732,-3.675696849822998,-7.0,7.0,7.08326530456543,0.696996808052063,1.109557867050171,-0.6886066794395447,1036
individual,25,carpet,9,4375,0.1335945874452591,0.0711473897099495,-7.0180864334106445,0.004367866087704897,6.654391288757324,-7.0,7.0,7.03629732131958,0.6683506965637207,1.2571662664413452,-0.7353433966636658,1037
individual,25,carpet,10,4375,0.08716264367103577,0.1048675999045372,-7.462588310241699,0.0043673743493855,-5.963410377502441,-7.0,7.0,7.039130687713623,0.7445561289787292,1.0430971384048462,-0.6952289938926697,1038
individual,25,carpet,11,4375,0.0387597382068634,0.02970169298350811,-7.505704879760742,0.004366472829133272,-10.417390823364258,-7.0,7.0,7.319160461425781,1.010433554649353,1.0754576921463013,-0.652919590473175,1039
individual,25,carpet,12,4375,0.05242544412612915,0.05376894026994705,-7.344742298126221,0.004365202970802784,-7.898360252380371,-7.0,7.0,7.117665767669678,0.9044474959373474,1.105644702911377,-0.6984834671020508,1040
individual,25,carpet,13,4375,0.050629306584596634,0.03778567910194397,-7.497002601623535,0.004364062566310167,0.021782636642456055,-7.0,7.0,7.351470470428467,1.090517282485962,1.19662606716156,-0.7234559059143066,1041
individual,25,carpet,14,4375,0.05677277222275734,0.027758007869124413,-7.702340126037598,0.004362576641142368,-8.773639678955078,-7.0,7.0,7.630887508392334,1.1307542324066162,1.0854730606079102,-0.6908411383628845,1042
individual,25,carpet,15,4375,0.05160542577505112,0.04668256640434265,-7.2988810539245605,0.004361698869615793,12.898909568786621,-7.0,7.0,7.0535688400268555,0.8173975348472595,1.3207073211669922,-0.7762895226478577,1043
individual,25,carpet,16,4375,0.08201107382774353,0.03285987302660942,-7.458969593048096,0.004361368250101805,11.040266036987305,-7.0,7.0,7.19578742980957,0.8453605771064758,1.311720848083496,-0.791521430015564,1044
individual,25,carpet,17,4375,0.04100992903113365,0.028537902981042862,-7.624176025390625,0.00436061155050993,-12.463215827941895,-7.0,7.0,7.600856781005859,0.8732708096504211,0.9809703826904297,-0.6931176781654358,1045
individual,25,carpet,18,4375,0.1124577671289444,0.06284233182668686,-7.28109884262085,0.004359989892691374,0.7028210163116455,-7.0,7.0,7.444572925567627,1.0864828824996948,1.1396863460540771,-0.7743391990661621,1046
individual,25,carpet,19,4375,0.08111532032489777,0.07075435668230057,-7.283257961273193,0.0043595656752586365,1.607944130897522,-7.0,7.0,7.258036136627197,1.0074105262756348,1.1629564762115479,-0.774265706539154,1047
individual,25,carpet,20,4375,0.10681844502687454,0.101738341152668,-7.500417232513428,0.004359392914921045,2.4820032119750977,-7.0,7.0,7.193645000457764,0.7480325698852539,1.1974025964736938,-0.7642788887023926,1048
individual,25,carpet,21,4375,0.04629809781908989,0.048127204179763794,-7.272365570068359,0.004359137266874313,-1.1966805458068848,-7.0,7.0,7.19132137298584,0.8357142806053162,1.1733626127243042,-0.7829993963241577,1049
individual,25,carpet,22,4375,0.05194101482629776,0.06278141587972641,-7.294351577758789,0.004358815494924784,-1.0871496200561523,-7.0,7.0,7.3286590576171875,0.8822840452194214,1.139296054840088,-0.7877687811851501,1050
individual,25,carpet,23,4375,0.11621768027544022,0.06375638395547867,-7.032321929931641,0.004358391277492046,-1.5602960586547852,-7.0,7.0,7.163607597351074,0.7612038254737854,1.1061991453170776,-0.7782651782035828,1051
individual,25,carpet,24,4375,0.0694265067577362,0.12211903929710388,-7.450076103210449,0.004357549827545881,-10.281500816345215,-7.0,7.0,7.177150249481201,0.8491450548171997,1.0858629941940308,-0.7572122812271118,1052
individual,25,carpet,25,4375,0.07111335545778275,0.03793630748987198,-7.6122636795043945,0.004356334451586008,-10.447240829467773,-7.0,7.0,7.390242099761963,0.8650254011154175,1.0002588033676147,-0.7148522138595581,1053
individual,25,carpet,26,4375,0.051999107003211975,0.059545908123254776,-7.352239608764648,0.0043547810055315495,-7.892531394958496,-7.0,7.0,7.312170028686523,0.8472542762756348,1.054162859916687,-0.7274639010429382,1054
individual,25,carpet,27,4375,0.08509708940982819,0.060647010803222656,-7.223560810089111,0.004352922551333904,-12.199124336242676,-7.0,7.0,7.2260894775390625,0.7515683770179749,1.0522048473358154,-0.7221437692642212,1055
individual,25,carpet,28,4375,0.08661600947380066,0.03279886767268181,-7.468822002410889,0.004350793547928333,-16.485191345214844,-7.0,7.0,7.4484477043151855,0.9448336362838745,0.9520387053489685,-0.6975831985473633,1056
individual,25,carpet,29,4375,0.05827862396836281,0.049667250365018845,-7.6111016273498535,0.004348418675363064,-12.081818580627441,-7.0,7.0,7.1876115798950195,0.8725122213363647,1.0271930694580078,-0.7424853444099426,1057
individual,25,carpet,30,4375,0.07835930585861206,0.05318418890237808,-7.440460205078125,0.004345864988863468,-4.9525580406188965,-7.0,7.0,7.1440019607543945,0.7838281989097595,1.0881730318069458,-0.6737790703773499,1058
individual,25,carpet,31,4375,0.05793137848377228,0.05844879150390625,-7.4304094314575195,0.004343109671026468,-17.01299476623535,-7.0,7.0,7.325260639190674,0.7440459132194519,0.9747043251991272,-0.6911547780036926,1059
individual,25,carpet,32,4375,0.07934969663619995,0.04399814084172249,-7.174522399902344,0.004340755753219128,1.5055625438690186,-7.0,7.0,7.1640305519104,0.8445618152618408,1.1453229188919067,-0.7649792432785034,1060
individual,25,carpet,33,4375,0.1067938506603241,0.05865214020013809,-7.228384017944336,0.004338365979492664,-3.2411177158355713,-7.0,7.0,7.25600528717041,0.8442564606666565,1.0940005779266357,-0.7328915596008301,1061
individual,25,carpet,34,4375,0.09233876317739487,0.11231900006532669,-7.963016986846924,0.004335757810622454,-12.044390678405762,-7.0,7.0,7.568376541137695,0.8766303062438965,0.9727134704589844,-0.7338453531265259,1062
individual,25,carpet,35,4375,0.14847341179847717,0.06375475972890854,-7.866835594177246,0.004332955460995436,-15.399510383605957,-7.0,7.0,7.670648097991943,0.9394568204879761,1.0104565620422363,-0.7436275482177734,1063
individual,25,carpet,36,4375,0.06268175691366196,0.11549833416938782,-7.274936199188232,0.004329977091401815,-5.533289432525635,-7.0,7.0,7.463170528411865,0.8544359803199768,1.0898910760879517,-0.7858124375343323,1064
individual,25,carpet,37,4375,0.08052872121334076,0.044048164039850235,-7.3238630294799805,0.004326841793954372,-15.136841773986816,-7.0,7.0,7.473873138427734,0.8104994297027588,1.0008212327957153,-0.7495392560958862,1065
individual,25,carpet,38,4375,0.044110413640737534,0.05125832185149193,-7.44728946685791,0.004323564935475588,-7.1664276123046875,-7.0,7.0,7.396918296813965,0.784747838973999,1.0526572465896606,-0.8271787762641907,1066
individual,25,carpet,39,4375,0.08891294151544571,0.07751698046922684,-7.787668228149414,0.0043206545524299145,0.4531646966934204,-7.0,7.0,7.408710956573486,0.9858255386352539,1.1097379922866821,-0.8259234428405762,1067
individual,25,carpet,40,4375,0.07619614899158478,0.04191013425588608,-7.40742301940918,0.0043175797909498215,-7.556329727172852,-7.0,7.0,7.259594917297363,0.9250332117080688,1.0358108282089233,-0.7688897252082825,1068
individual,25,carpet,41,4375,0.10892516374588013,0.1225096583366394,-7.438331127166748,0.004314359277486801,-11.71308708190918,-7.0,7.0,7.563229560852051,0.922904908657074,0.983831524848938,-0.7505301833152771,1069
individual,25,carpet,42,4375,0.14736977219581604,0.05252861604094505,-7.2455949783325195,0.004311006981879473,-10.70230770111084,-7.0,7.0,7.345056533813477,0.6996684074401855,0.9862399697303772,-0.7240940928459167,1070
individual,25,carpet,43,4375,0.04535122588276863,0.11072086542844772,-7.566318988800049,0.004307538736611605,-8.051774978637695,-7.0,7.0,7.2594404220581055,0.6895171403884888,0.9887765049934387,-0.7633470892906189,1071
individual,25,carpet,44,4375,0.09890469908714294,0.06643521785736084,-7.927720069885254,0.004303963854908943,-10.284137725830078,-7.0,7.0,7.5497894287109375,1.121949315071106,0.9321683645248413,-0.7488493919372559,1072
individual,25,carpet,45,4375,0.05987172946333885,0.07649116218090057,-7.657502174377441,0.00430029584094882,-21.535207748413086,-7.0,7.0,7.592138767242432,0.9993016719818115,0.8840296864509583,-0.7114154100418091,1073
individual,25,carpet,46,4375,0.08898220956325531,0.12460803240537643,-7.558009624481201,0.004296860657632351,-1.6052907705307007,-7.0,7.0,7.606407165527344,1.0696734189987183,1.0772953033447266,-0.7592304348945618,1074
individual,25,carpet,47,4375,0.0843384861946106,0.07396473735570908,-7.248225212097168,0.004293477162718773,-3.530869245529175,-7.0,7.0,7.101570129394531,0.6568947434425354,1.0240857601165771,-0.7326361536979675,1075
individual,25,carpet,48,4375,0.030741291120648384,0.10728751868009567,-7.621927738189697,0.004289980046451092,-12.919195175170898,-7.0,7.0,7.4676055908203125,0.7876380681991577,0.942633330821991,-0.6805490851402283,1076
individual,25,carpet,49,4375,0.06289495527744293,0.044655390083789825,-7.493230819702148,0.004286383278667927,-9.485074043273926,-7.0,7.0,7.3258795738220215,1.125929594039917,1.0655170679092407,-0.7296977639198303,1077
individual,25,carpet,50,4375,0.03588732331991196,0.08976607769727707,-7.374852180480957,0.004282695706933737,-21.74589729309082,-7.0,7.0,7.4205546379089355,0.881904661655426,0.9252046942710876,-0.6619790196418762,1078
population,25,carpet,1,4375,0.023150470107793808,0.022342761978507042,-7.19767951965332,0.004943051375448704,18.388999938964844,-7.0,7.0,7.053786277770996,0.6823466420173645,1.4193955659866333,-0.9230138063430786,1029
population,25,carpet,2,4375,0.04299880564212799,0.039875537157058716,-7.600688457489014,0.004945877939462662,21.874004364013672,-7.0,7.0,7.224818229675293,0.8474801182746887,1.622002363204956,-0.9281988143920898,1030
population,25,carpet,3,4375,0.02521340362727642,0.03881990164518356,-7.865781307220459,0.0049478947184979916,-10.941556930541992,-7.0,7.0,7.6388139724731445,0.8989098072052002,1.0199787616729736,-0.8173527717590332,1031
population,25,carpet,4,4375,0.024406984448432922,0.020788412541151047,-7.366621494293213,0.004950240720063448,10.015932083129883,-7.0,7.0,7.243147373199463,0.6951183676719666,1.3830986022949219,-0.8197576403617859,1032
population,25,carpet,5,4375,0.028739750385284424,0.036904994398355484,-7.228907585144043,0.004951822571456432,-8.130224227905273,-7.0,7.0,7.122909069061279,0.7308984398841858,1.1519205570220947,-0.7612403035163879,1033
population,25,carpet,6,4375,0.026390433311462402,0.02828660048544407,-7.451730728149414,0.004953425843268633,1.7926664352416992,-7.0,7.0,7.193052291870117,1.0531541109085083,1.282013177871704,-0.7548297047615051,1034
population,25,carpet,7,4375,0.02806396782398224,0.03586108982563019,-7.670781135559082,0.004954339936375618,-6.500296592712402,-7.0,7.0,7.333743095397949,0.9933842420578003,1.1941039562225342,-0.7473750710487366,1035
population,25,carpet,8,4375,0.047720637172460556,0.05082494020462036,-7.634762763977051,0.0049546328373253345,-10.10244369506836,-7.0,7.0,7.389293193817139,0.881353497505188,1.1828826665878296,-0.6983481645584106,1036
population,25,carpet,9,4375,0.023350125178694725,0.028614049777388573,-7.545677661895752,0.004954786505550146,-1.112126111984253,-7.0,7.0,7.292436122894287,0.862308144569397,1.2786188125610352,-0.8119341135025024,1037
population,25,carpet,10,4375,0.03951089829206467,0.04181460291147232,-7.472623825073242,0.0049547296948730946,-1.9445867538452148,-7.0,7.0,7.355571269989014,0.8716903924942017,1.2462854385375977,-0.7925962209701538,1038
population,25,carpet,11,4375,0.03490280359983444,0.03770754486322403,-7.6572442054748535,0.0049541485495865345,-18.253814697265625,-7.0,7.0,7.457138538360596,0.7343994975090027,1.038547396659851,-0.7101306319236755,1039
population,25,carpet,12,4375,0.03557823970913887,0.046263135969638824,-7.6986565589904785,0.004953539464622736,-0.8640134334564209,-7.0,7.0,7.458117961883545,0.9452152848243713,1.2642889022827148,-0.8114727735519409,1040
population,25,carpet,13,4375,0.03305432200431824,0.03205881640315056,-7.656142234802246,0.004953520372509956,6.975656986236572,-7.0,7.0,7.406584739685059,0.9936624765396118,1.3436946868896484,-0.8083127737045288,1041
population,25,carpet,14,4375,0.026209771633148193,0.02736590802669525,-7.729135513305664,0.004954035393893719,9.629560470581055,-7.0,7.0,7.478725433349609,1.09614098072052,1.3770440816879272,-0.8378109335899353,1042
population,25,carpet,15,4375,0.07228480279445648,0.06121225282549858,-7.588917255401611,0.0049545480869710445,0.4890735149383545,-7.0,7.0,7.6038360595703125,0.8662588000297546,1.188497543334961,-0.8209676742553711,1043
population,25,carpet,16,4375,0.05854924023151398,0.06709310412406921,-7.68043327331543,0.00495535833761096,3.4970879554748535,-7.0,7.0,7.431318759918213,0.9021787643432617,1.3143106698989868,-0.8447800874710083,1044
population,25,carpet,17,4375,0.06372357159852982,0.060735903680324554,-7.5641632080078125,0.004956620279699564,17.385732650756836,-7.0,7.0,7.3855767250061035,0.7723672986030579,1.4736778736114502,-0.8858051896095276,1045
population,25,carpet,18,4375,0.03455040976405144,0.03662444278597832,-7.562392234802246,0.004958286881446838,18.257610321044922,-7.0,7.0,7.399451732635498,0.8569587469100952,1.4803266525268555,-0.9107257127761841,1046
population,25,carpet,19,4375,0.04085097089409828,0.03386199474334717,-7.434688568115234,0.004960318095982075,18.168550491333008,-7.0,7.0,7.429362773895264,0.8990011215209961,1.4748214483261108,-0.883639931678772,1047
population,25,carpet,20,4375,0.05121028423309326,0.05244850739836693,-7.650636672973633,0.004962679464370012,9.599955558776855,-7.0,7.0,7.464835166931152,1.1107341051101685,1.4270390272140503,-0.8613790273666382,1048
population,25,carpet,21,4375,0.04234457015991211,0.03332221880555153,-7.596097469329834,0.004964274354279041,-8.642325401306152,-7.0,7.0,7.299826145172119,0.8304359912872314,1.2196227312088013,-0.77110755443573,1049
population,25,carpet,22,4375,0.040209393948316574,0.042491085827350616,-7.450649738311768,0.004965413361787796,-2.952739715576172,-7.0,7.0,7.339250564575195,0.7422457337379456,1.3200972080230713,-0.7886424660682678,1050
population,25,carpet,23,4375,0.026235008612275124,0.03362889215350151,-7.7114715576171875,0.004966227803379297,-2.101895332336426,-7.0,7.0,7.453863143920898,0.930074155330658,1.3084945678710938,-0.8077486753463745,1051
population,25,carpet,24,4375,0.023231452330946922,0.028739597648382187,-7.846306800842285,0.004966511856764555,-4.472480297088623,-7.0,7.0,7.6043171882629395,0.8913242816925049,1.291208028793335,-0.811623215675354,1052
population,25,carpet,25,4375,0.056602224707603455,0.06959331035614014,-8.007621765136719,0.004966234788298607,-7.510462760925293,-7.0,7.0,7.733066558837891,1.140629768371582,1.150933861732483,-0.8101585507392883,1053
population,25,carpet,26,4375,0.03828722611069679,0.04320845007896423,-7.773442268371582,0.004965656902641058,-3.264431953430176,-7.0,7.0,7.576299667358398,1.0508350133895874,1.2089205980300903,-0.8223940134048462,1054
population,25,carpet,27,4375,0.04488366097211838,0.04645176976919174,-7.409557819366455,0.004964849911630154,-2.8685150146484375,-7.0,7.0,7.302482604980469,0.652254045009613,1.2209155559539795,-0.8580436706542969,1055
population,25,carpet,28,4375,0.06075689196586609,0.06974874436855316,-7.8414692878723145,0.004963609389960766,-5.102753639221191,-7.0,7.0,7.707170009613037,0.8690162301063538,1.156997799873352,-0.8830748200416565,1056
population,25,carpet,29,4375,0.03903195261955261,0.029793040826916695,-7.779278755187988,0.004961960017681122,-9.038439750671387,-7.0,7.0,7.564512729644775,0.7872503399848938,1.127975583076477,-0.8805944323539734,1057
population,25,carpet,30,4375,0.0491345077753067,0.03272589296102524,-7.712583541870117,0.004961009137332439,7.246013164520264,-7.0,7.0,7.414283752441406,0.7545337677001953,1.2484724521636963,-0.9261530637741089,1058
population,25,carpet,31,4375,0.05748949944972992,0.04622650146484375,-7.5317277908325195,0.004960587713867426,4.313961029052734,-7.0,7.0,7.398460388183594,0.8717305064201355,1.2555264234542847,-0.9766746163368225,1059
population,25,carpet,32,4375,0.07170423865318298,0.05846749246120453,-7.816559791564941,0.004960741847753525,9.058252334594727,-7.0,7.0,7.727034568786621,1.0210129022598267,1.2552449703216553,-0.9444628953933716,1060
population,25,carpet,33,4375,0.04125390946865082,0.046154286712408066,-7.408247947692871,0.004960453137755394,-4.24582576751709,-7.0,7.0,7.155031204223633,0.7560761570930481,1.2142928838729858,-0.8674065470695496,1061
population,25,carpet,34,4375,0.2194424420595169,0.20292450487613678,-8.252705574035645,0.004960725083947182,7.044671058654785,-7.0,7.0,7.609992980957031,0.94938063621521,1.3100818395614624,-0.9676332473754883,1062
population,25,carpet,35,4375,0.0822272002696991,0.09443335235118866,-7.547916412353516,0.004961503203958273,5.704279899597168,-7.0,7.0,7.4053263664245605,0.8144147396087646,1.2756825685501099,-0.9834615588188171,1063
population,25,carpet,36,4375,0.1143774688243866,0.07720847427845001,-7.370841026306152,0.00496231485158205,1.1008024215698242,-7.0,7.0,7.361544609069824,0.6174038648605347,1.227196455001831,-0.9830896258354187,1064
population,25,carpet,37,4375,0.04398045688867569,0.040277041494846344,-8.109176635742188,0.004962511360645294,-5.419358253479004,-7.0,7.0,7.852847576141357,1.009171485900879,1.1373913288116455,-0.9341719746589661,1065
population,25,carpet,38,4375,0.10953214019536972,0.07871943712234497,-8.201207160949707,0.004963022656738758,3.320408344268799,-7.0,7.0,7.673197269439697,1.0457077026367188,1.2079932689666748,-0.9823379516601562,1066
population,25,carpet,39,4375,0.0768926665186882,0.058368947356939316,-7.895322799682617,0.004964016377925873,21.137378692626953,-7.0,7.0,7.466109275817871,0.8380191922187805,1.471960425376892,-1.0567195415496826,1067
population,25,carpet,40,4375,0.11859001219272614,0.10099941492080688,-7.590980052947998,0.004965444095432758,13.153965950012207,-7.0,7.0,7.617610931396484,0.7385950088500977,1.411019206047058,-1.0542913675308228,1068
population,25,carpet,41,4375,0.12912683188915253,0.06606116890907288,-7.505046844482422,0.004967262968420982,43.77107620239258,-7.0,7.0,7.600160598754883,0.823438823223114,1.7154933214187622,-1.1473722457885742,1069
population,25,carpet,42,4375,0.09973207116127014,0.11729078739881516,-7.921610355377197,0.004969435278326273,24.095966339111328,-7.0,7.0,7.623790264129639,0.7978173494338989,1.4858766794204712,-1.0943354368209839,1070
population,25,carpet,43,4375,0.17426615953445435,0.11150786280632019,-8.37861442565918,0.0049719237722456455,16.937013626098633,-7.0,7.0,7.980563640594482,0.9525039792060852,1.4380229711532593,-1.0764113664627075,1071
population,25,carpet,44,4375,0.027352403849363327,0.05834207311272621,-7.582830429077148,0.004974698647856712,47.082176208496094,-7.0,7.0,7.599738121032715,0.8450313210487366,1.7770241498947144,-1.1358327865600586,1072
population,25,carpet,45,4375,0.18078398704528809,0.11591748148202896,-7.416961669921875,0.00497773103415966,22.378232955932617,-7.0,7.0,7.6371941566467285,0.8158557415008545,1.5158460140228271,-1.057704210281372,1073
population,25,carpet,46,4375,0.06174571067094803,0.04994123801589012,-7.64812707901001,0.0049809981137514114,12.427911758422852,-7.0,7.0,7.538632869720459,0.7381708025932312,1.4293292760849,-1.0047428607940674,1074
population,25,carpet,47,4375,0.12054336071014404,0.12351617217063904,-8.106048583984375,0.004984474275261164,13.109652519226074,-7.0,7.0,7.624588489532471,0.9193026423454285,1.4652701616287231,-0.9644199013710022,1075
population,25,carpet,48,4375,0.06443095952272415,0.0309622623026371,-7.903370380401611,0.004987574648112059,-0.33085548877716064,-7.0,7.0,7.718797206878662,0.8095576763153076,1.26226806640625,-0.8656468391418457,1076
population,25,carpet,49,4375,0.050255708396434784,0.06980321556329727,-7.600654125213623,0.004989829380065203,-5.617677688598633,-7.0,7.0,7.598909378051758,0.8536781668663025,1.2418550252914429,-0.8626676797866821,1077
population,25,carpet,50,4375,0.058077678084373474,0.02589171566069126,-7.634676933288574,0.004991431254893541,-4.237854957580566,-7.0,7.0,7.527626991271973,0.8582954406738281,1.2479658126831055,-0.7972931861877441,1078
individual,26,carpet,1,4550,0.0347762331366539,0.03466818109154701,-7.662524223327637,0.004278927110135555,-13.194604873657227,-7.0,7.0,7.458250045776367,0.8798536062240601,0.9419246315956116,-0.6686722636222839,1079
individual,26,carpet,2,4550,0.06509918719530106,0.047600653022527695,-7.6427531242370605,0.004275087267160416,-16.116365432739258,-7.0,7.0,7.670229434967041,0.8554937243461609,0.8954229354858398,-0.695303738117218,1080
individual,26,carpet,3,4550,0.03468254581093788,0.04502181336283684,-7.680145740509033,0.0042711831629276276,-13.002471923828125,-7.0,7.0,7.459685325622559,0.8282297849655151,1.0158675909042358,-0.7006478905677795,1081
individual,26,carpet,4,4550,0.043021973222494125,0.04725181683897972,-7.797854900360107,0.004267221316695213,-10.618918418884277,-7.0,7.0,7.707571983337402,1.0251588821411133,1.0123093128204346,-0.7070629000663757,1082
individual,26,carpet,5,4550,0.04890355095267296,0.051748793572187424,-7.459338188171387,0.0042632087133824825,-7.990530490875244,-7.0,7.0,7.376367568969727,0.8388904929161072,1.0921651124954224,-0.7298927903175354,1083
individual,26,carpet,6,4550,0.04343950375914574,0.0425809845328331,-7.757671356201172,0.004259150940924883,-7.385461807250977,-7.0,7.0,7.673014163970947,0.80699622631073,1.1074503660202026,-0.7222403883934021,1084
individual,26,carpet,7,4550,0.051292549818754196,0.055973052978515625,-7.82916784286499,0.004255054518580437,-12.486035346984863,-7.0,7.0,7.666952133178711,0.9641486406326294,1.0175111293792725,-0.6931742429733276,1085
individual,26,carpet,8,4550,0.05385955050587654,0.05134177207946777,-7.995550155639648,0.0042509217746555805,-16.29422378540039,-7.0,7.0,7.763945579528809,0.9436547756195068,0.9468463659286499,-0.6711652874946594,1086
individual,26,carpet,9,4550,0.05221184715628624,0.0526597797870636,-7.756953239440918,0.004247313365340233,1.35066556930542,-7.0,7.0,7.439150333404541,0.9390338063240051,1.1776492595672607,-0.7533900141716003,1087
individual,26,carpet,10,4550,0.03200076147913933,0.05474892258644104,-7.611672401428223,0.004243677482008934,-4.7725419998168945,-7.0,7.0,7.626570701599121,0.8284890651702881,1.0746126174926758,-0.760861873626709,1088
individual,26,carpet,11,4550,0.06914357841014862,0.04988396540284157,-7.744111061096191,0.004239959642291069,-9.232391357421875,-7.0,7.0,7.639559268951416,0.9105463624000549,1.0460636615753174,-0.7675713300704956,1089
individual,26,carpet,12,4550,0.05046572536230087,0.0951346829533577,-7.863967418670654,0.0042362697422504425,-4.2186808586120605,-7.0,7.0,7.564257621765137,0.7995988726615906,1.0910745859146118,-0.7995043992996216,1090
individual,26,carpet,13,4550,0.06224784627556801,0.07267080992460251,-8.103201866149902,0.004232503939419985,-13.102096557617188,-7.0,7.0,7.8002519607543945,0.9093000888824463,0.9886459112167358,-0.7734022736549377,1091
individual,26,carpet,14,4550,0.04109618812799454,0.059937670826911926,-7.707224369049072,0.004228671081364155,-6.470297813415527,-7.0,7.0,7.668001174926758,0.9043177962303162,1.1021153926849365,-0.7689000964164734,1092
individual,26,carpet,15,4550,0.03714917600154877,0.04049469530582428,-7.612190246582031,0.0042247772216796875,-7.483739376068115,-7.0,7.0,7.474059581756592,0.795730710029602,1.097532033920288,-0.7852904200553894,1093
individual,26,carpet,16,4550,0.023836594074964523,0.01562664657831192,-7.695419788360596,0.0042215692810714245,3.60951828956604,-7.0,7.0,7.598488807678223,0.8441914916038513,1.1804405450820923,-0.8395584225654602,1094
individual,26,carpet,17,4550,0.06257108598947525,0.08955423533916473,-7.825617790222168,0.004218313377350569,-4.548369407653809,-7.0,7.0,7.560247421264648,0.7731569409370422,1.100221872329712,-0.8343762755393982,1095
individual,26,carpet,18,4550,0.039611708372831345,0.02525351382791996,-7.688257694244385,0.004215222783386707,-1.9551717042922974,-7.0,7.0,7.492321968078613,0.8336114883422852,1.1550347805023193,-0.8201063275337219,1096
individual,26,carpet,19,4550,0.041792940348386765,0.06018587201833725,-7.4461350440979,0.004212590865790844,1.8078287839889526,-7.0,7.0,7.4126763343811035,0.7655540704727173,1.1696112155914307,-0.8372098207473755,1097
individual,26,carpet,20,4550,0.06769032776355743,0.04644574970006943,-7.76740026473999,0.004209777340292931,-10.02021598815918,-7.0,7.0,7.785027980804443,1.0258464813232422,1.0050784349441528,-0.7649931311607361,1098
individual,26,carpet,21,4550,0.03495999425649643,0.047247786074876785,-7.8958539962768555,0.004206801764667034,-11.413447380065918,-7.0,7.0,7.653693675994873,0.7931330800056458,1.0166895389556885,-0.7505332231521606,1099
individual,26,carpet,22,4550,0.058882080018520355,0.05548395961523056,-7.895880222320557,0.004204337019473314,2.6305248737335205,-7.0,7.0,7.532351493835449,0.8522483706474304,1.0856372117996216,-0.8301721215248108,1100
individual,26,carpet,23,4550,0.03201182931661606,0.039427250623703,-8.157601356506348,0.004201675299555063,-10.267030715942383,-7.0,7.0,7.9650654792785645,0.7974727749824524,1.0614537000656128,-0.7709938287734985,1101
individual,26,carpet,24,4550,0.060680169612169266,0.0433402843773365,-7.653875827789307,0.004199105780571699,-2.150761127471924,-7.0,7.0,7.572984218597412,0.8281236886978149,1.1693506240844727,-0.8105074763298035,1102
individual,26,carpet,25,4550,0.050042543560266495,0.047581300139427185,-7.9983415603637695,0.004197059664875269,3.2922377586364746,-7.0,7.0,7.840808391571045,1.0917038917541504,1.2519638538360596,-0.8089432120323181,1103
individual,26,carpet,26,4550,0.03807114437222481,0.03169621154665947,-7.932478904724121,0.004194775130599737,-12.797553062438965,-7.0,7.0,7.746811389923096,0.9011800289154053,0.9970518946647644,-0.7565092444419861,1104
individual,26,carpet,27,4550,0.05347238853573799,0.057077012956142426,-7.866431713104248,0.004192275460809469,-10.972158432006836,-7.0,7.0,7.509618759155273,0.7470441460609436,1.0572739839553833,-0.7456697225570679,1105
individual,26,carpet,28,4550,0.03949384391307831,0.05059443414211273,-8.012974739074707,0.004189583472907543,-10.76335334777832,-7.0,7.0,7.853442192077637,0.8502879738807678,1.0657786130905151,-0.7454546093940735,1106
individual,26,carpet,29,4550,0.046624161303043365,0.04900696128606796,-7.697478294372559,0.004186717793345451,-18.608821868896484,-7.0,7.0,7.606512546539307,0.6191223859786987,0.9211163520812988,-0.6912749409675598,1107
individual,26,carpet,30,4550,0.0420205183327198,0.06708981096744537,-7.82191276550293,0.004183698445558548,-14.913288116455078,-7.0,7.0,7.712538719177246,0.8139144778251648,0.890908420085907,-0.744417130947113,1108
individual,26,carpet,31,4550,0.052731286734342575,0.06269688904285431,-7.871298313140869,0.004180539399385452,-6.379946231842041,-7.0,7.0,7.613359451293945,1.082504153251648,1.0668704509735107,-0.7469090819358826,1109
individual,26,carpet,32,4550,0.052932869642972946,0.08689866960048676,-8.272873878479004,0.004177255555987358,-8.833463668823242,-7.0,7.0,7.885655403137207,0.9960391521453857,1.01014244556427,-0.7388873100280762,1110
individual,26,carpet,33,4550,0.03847810626029968,0.04400758817791939,-8.237221717834473,0.004173860885202885,-11.132537841796875,-7.0,7.0,7.996065139770508,0.8761522769927979,1.0612038373947144,-0.733465313911438,1111
individual,26,carpet,34,4550,0.03557099774479866,0.06410758942365646,-7.732215404510498,0.004170365631580353,-8.074111938476562,-7.0,7.0,7.7399091720581055,0.8305916786193848,1.0210295915603638,-0.7453275322914124,1112
individual,26,carpet,35,4550,0.06584414839744568,0.08786572515964508,-7.67465877532959,0.004166781436651945,-7.149835109710693,-7.0,7.0,7.788921356201172,0.817611575126648,1.0825861692428589,-0.738507091999054,1113
individual,26,carpet,36,4550,0.04852689430117607,0.055774372071027756,-7.92147970199585,0.004163117613643408,-9.20556926727295,-7.0,7.0,7.725592136383057,1.0489002466201782,1.0798240900039673,-0.7537726759910583,1114
individual,26,carpet,37,4550,0.06175607070326805,0.09721758961677551,-7.947604656219482,0.0041593830101192,-9.425125122070312,-7.0,7.0,7.513525485992432,0.8219423890113831,1.0994515419006348,-0.7404802441596985,1115
individual,26,carpet,38,4550,0.0265631303191185,0.03905573487281799,-7.881715774536133,0.0041555846109986305,-8.72968578338623,-7.0,7.0,7.833170413970947,0.7680413126945496,1.0173619985580444,-0.7104195356369019,1116
individual,26,carpet,39,4550,0.0761723667383194,0.10057954490184784,-8.081147193908691,0.004151730332523584,-11.053366661071777,-7.0,7.0,8.080549240112305,1.0862609148025513,1.0792447328567505,-0.7409316897392273,1117
individual,26,carpet,40,4550,0.06317856162786484,0.05045391619205475,-7.978301525115967,0.004147824365645647,-16.438772201538086,-7.0,7.0,7.885854721069336,1.1009435653686523,0.9601014256477356,-0.7140637636184692,1118
individual,26,carpet,41,4550,0.0707383006811142,0.08695699274539948,-8.231520652770996,0.004143874626606703,-7.631229877471924,-7.0,7.0,7.842962265014648,1.0339809656143188,1.0323189496994019,-0.7234925627708435,1119
individual,26,carpet,42,4550,0.0455472394824028,0.04857369884848595,-8.141585350036621,0.004139885306358337,-11.932814598083496,-7.0,7.0,7.684061527252197,0.7928189635276794,0.9865883588790894,-0.7308968901634216,1120
individual,26,carpet,43,4550,0.04616807401180267,0.0601956769824028,-8.095733642578125,0.004135860130190849,-12.637357711791992,-7.0,7.0,7.9930901527404785,0.8117696642875671,1.0313396453857422,-0.7577649354934692,1121
individual,26,carpet,44,4550,0.09524673968553543,0.11321461200714111,-7.7661356925964355,0.004131803289055824,-7.408205032348633,-7.0,7.0,7.627695083618164,0.7074601054191589,1.0249050855636597,-0.7593609690666199,1122
individual,26,carpet,45,4550,0.032213013619184494,0.0327153205871582,-8.124551773071289,0.004127718973904848,-9.071584701538086,-7.0,7.0,7.961357593536377,0.8144561648368835,1.0142130851745605,-0.8058643937110901,1123
individual,26,carpet,46,4550,0.0598524808883667,0.06471575796604156,-8.130414009094238,0.0041236113756895065,-14.086386680603027,-7.0,7.0,7.719854831695557,0.7123927474021912,1.045763611793518,-0.811131477355957,1124
individual,26,carpet,47,4550,0.0632261112332344,0.05358268320560455,-8.213798522949219,0.004119527526199818,-4.907547950744629,-7.0,7.0,7.823706150054932,0.9629000425338745,1.2125539779663086,-0.8455780744552612,1125
individual,26,carpet,48,4550,0.06549746543169022,0.07155604660511017,-7.944890975952148,0.004115522373467684,-4.184018611907959,-7.0,7.0,7.732946872711182,0.8440490961074829,1.0885869264602661,-0.8248680830001831,1126
individual,26,carpet,49,4550,0.06396825611591339,0.06392905116081238,-8.05278205871582,0.004112355876713991,13.561678886413574,-7.0,7.0,7.901808738708496,0.930908203125,1.3193329572677612,-0.9546900987625122,1127
individual,26,carpet,50,4550,0.04452069103717804,0.03918469324707985,-8.159777641296387,0.004109944682568312,13.999055862426758,-7.0,7.0,7.991353988647461,1.0215544700622559,1.366713523864746,-0.9685109853744507,1128
population,26,carpet,1,4550,0.04470571130514145,0.03697296977043152,-8.02829647064209,0.0049931639805436134,2.8581278324127197,-7.0,7.0,7.826694965362549,0.9093527793884277,1.2720792293548584,-0.8872899413108826,1079
population,26,carpet,2,4550,0.08807580918073654,0.06619837880134583,-8.048491477966309,0.004994185641407967,-13.094038009643555,-7.0,7.0,7.695657253265381,0.6958180069923401,1.1833817958831787,-0.7789322137832642,1080
population,26,carpet,3,4550,0.10611419379711151,0.05726643651723862,-8.049186706542969,0.004994568880647421,-5.367647647857666,-7.0,7.0,7.780367851257324,0.9580625891685486,1.1530895233154297,-0.810145914554596,1081
population,26,carpet,4,4550,0.0848810076713562,0.09431121498346329,-7.64057731628418,0.0049943760968744755,-11.358426094055176,-7.0,7.0,7.699823379516602,0.9158175587654114,1.1243184804916382,-0.8154758214950562,1082
population,26,carpet,5,4550,0.10665852576494217,0.04956810176372528,-7.700997829437256,0.0049936664290726185,-9.889430046081543,-7.0,7.0,7.770552158355713,0.9809540510177612,1.1941291093826294,-0.7685099840164185,1083
population,26,carpet,6,4550,0.059419672936201096,0.09809789806604385,-8.266507148742676,0.004992821253836155,-2.034175157546997,-7.0,7.0,7.919168949127197,0.8617453575134277,1.2037817239761353,-0.8602389097213745,1084
population,26,carpet,7,4550,0.06656694412231445,0.04485427960753441,-8.011857032775879,0.004991523921489716,-6.660296440124512,-7.0,7.0,7.747046947479248,0.8197909593582153,1.1890668869018555,-0.7749069929122925,1085
population,26,carpet,8,4550,0.04886535927653313,0.07537902146577835,-8.012796401977539,0.0049898200668394566,-10.346458435058594,-7.0,7.0,7.9849138259887695,1.0369459390640259,1.126047968864441,-0.8112207055091858,1086
population,26,carpet,9,4550,0.050001129508018494,0.0460829883813858,-7.972660064697266,0.0049877529963850975,-7.406244277954102,-7.0,7.0,7.890809059143066,0.9168915748596191,1.1805438995361328,-0.82924884557724,1087
population,26,carpet,10,4550,0.051833607256412506,0.04415357857942581,-7.812025547027588,0.004986428190022707,5.656407356262207,-7.0,7.0,7.659051895141602,0.735597550868988,1.3107614517211914,-0.9146102070808411,1088
population,26,carpet,11,4550,0.05963489040732384,0.059768449515104294,-8.020752906799316,0.00498577207326889,5.878322124481201,-7.0,7.0,7.680155277252197,0.9532207250595093,1.3610090017318726,-0.8839386701583862,1089
population,26,carpet,12,4550,0.053453683853149414,0.059068337082862854,-7.969285011291504,0.004985629580914974,4.423571586608887,-7.0,7.0,7.960635662078857,0.8638558983802795,1.284781575202942,-0.9360335469245911,1090
population,26,carpet,13,4550,0.034225642681121826,0.047819048166275024,-7.889438152313232,0.004986036103218794,21.510494232177734,-7.0,7.0,7.841543197631836,0.8670035600662231,1.5282443761825562,-0.9791586995124817,1091
population,26,carpet,14,4550,0.0490180067718029,0.045347660779953,-8.089265823364258,0.004986808635294437,4.022618293762207,-7.0,7.0,8.0121488571167,1.0051459074020386,1.310076117515564,-0.8787704110145569,1092
population,26,carpet,15,4550,0.03985227271914482,0.05356579273939133,-7.800858497619629,0.004988040775060654,9.3306884765625,-7.0,7.0,7.594917297363281,0.7268849015235901,1.3707199096679688,-0.9313079118728638,1093
population,26,carpet,16,4550,0.055431563407182693,0.06566058099269867,-7.693767547607422,0.0049896868877112865,7.733086109161377,-7.0,7.0,7.625872611999512,0.7260198593139648,1.3584965467453003,-0.9079530835151672,1094
population,26,carpet,17,4550,0.04651547595858574,0.0628814697265625,-7.984397888183594,0.004990917164832354,-2.4774272441864014,-7.0,7.0,8.010438919067383,0.7635642886161804,1.2520424127578735,-0.8959231972694397,1095
population,26,carpet,18,4550,0.0968795195221901,0.11047240346670151,-8.089221000671387,0.00499217351898551,1.4542262554168701,-7.0,7.0,7.750947952270508,0.9358080625534058,1.2461426258087158,-0.9026811718940735,1096
population,26,carpet,19,4550,0.059892162680625916,0.06712722778320312,-8.027772903442383,0.004993842914700508,7.276873588562012,-7.0,7.0,7.7516374588012695,1.0749441385269165,1.3711659908294678,-0.8907583951950073,1097
population,26,carpet,20,4550,0.04981499910354614,0.05007614940404892,-8.068193435668945,0.004995562136173248,2.142200469970703,-7.0,7.0,7.937260627746582,0.867573082447052,1.3041504621505737,-0.8829711079597473,1098
population,26,carpet,21,4550,0.06523384898900986,0.12427736073732376,-8.000911712646484,0.004996643867343664,-4.607386112213135,-7.0,7.0,8.008200645446777,0.953514575958252,1.1813507080078125,-0.861297070980072,1099
population,26,carpet,22,4550,0.07654561847448349,0.06362512707710266,-8.041389465332031,0.004997680429369211,0.626131534576416,-7.0,7.0,7.777166366577148,0.8453073501586914,1.2745262384414673,-0.897022545337677,1100
population,26,carpet,23,4550,0.07313261926174164,0.13123832643032074,-8.489802360534668,0.004998345393687487,-2.6415860652923584,-7.0,7.0,8.086143493652344,0.8306779265403748,1.1828027963638306,-0.864462673664093,1101
population,26,carpet,24,4550,0.05702510476112366,0.048227112740278244,-7.945012092590332,0.004998660180717707,-2.7914137840270996,-7.0,7.0,7.921812534332275,0.8267779350280762,1.2348134517669678,-0.8880311250686646,1102
population,26,carpet,25,4550,0.03492486849427223,0.06611009687185287,-7.549950122833252,0.004999482538551092,8.00070571899414,-7.0,7.0,7.476462364196777,0.7540998458862305,1.3669202327728271,-0.9290768504142761,1103
population,26,carpet,26,4550,0.06560815125703812,0.05051688477396965,-8.110315322875977,0.005000738892704248,5.0612711906433105,-7.0,7.0,7.856969833374023,0.9437212347984314,1.2916687726974487,-0.8980801701545715,1104
population,26,carpet,27,4550,0.025458572432398796,0.029756061732769012,-8.192276000976562,0.00500193377956748,0.6123561859130859,-7.0,7.0,7.917488098144531,0.8893346786499023,1.271417260169983,-0.9028086066246033,1105
population,26,carpet,28,4550,0.046080268919467926,0.05637924373149872,-8.136981010437012,0.005003042984753847,0.3261185884475708,-7.0,7.0,7.967161655426025,1.0561939477920532,1.270304560661316,-0.8750004172325134,1106
population,26,carpet,29,4550,0.07772054523229599,0.0660473108291626,-8.095515251159668,0.005003851838409901,-1.861882209777832,-7.0,7.0,7.972790718078613,0.774490237236023,1.2009328603744507,-0.9242262244224548,1107
population,26,carpet,30,4550,0.041832443326711655,0.07187359035015106,-8.221932411193848,0.0050051212310791016,12.862181663513184,-7.0,7.0,8.066015243530273,0.8458094000816345,1.4546136856079102,-0.9551416039466858,1108
population,26,carpet,31,4550,0.04122885316610336,0.04900062829256058,-8.223523139953613,0.005006400402635336,1.337052822113037,-7.0,7.0,7.934967994689941,0.903687059879303,1.2700461149215698,-0.9258217215538025,1109
population,26,carpet,32,4550,0.045110128819942474,0.07878430187702179,-8.266008377075195,0.005007011815905571,-6.646227836608887,-7.0,7.0,7.825803279876709,0.6831926107406616,1.165232539176941,-0.8791611790657043,1110
population,26,carpet,33,4550,0.046871986240148544,0.031337231397628784,-8.531637191772461,0.005008102860301733,17.181631088256836,-7.0,7.0,8.257454872131348,1.1463017463684082,1.4531656503677368,-0.9596080183982849,1111
population,26,carpet,34,4550,0.044870954006910324,0.05418999493122101,-8.09631061553955,0.005009626504033804,13.828327178955078,-7.0,7.0,7.924712181091309,0.8666383028030396,1.3895481824874878,-0.984738826751709,1112
population,26,carpet,35,4550,0.08578275144100189,0.09398927539587021,-8.11117935180664,0.005011540371924639,32.7347297668457,-7.0,7.0,7.709584712982178,0.7282937169075012,1.6748992204666138,-1.0622700452804565,1113
population,26,carpet,36,4550,0.05422482639551163,0.053611233830451965,-8.54585075378418,0.005013803951442242,13.14019775390625,-7.0,7.0,8.184541702270508,1.0546437501907349,1.3920886516571045,-0.9826286435127258,1114
population,26,carpet,37,4550,0.02561843767762184,0.0315827839076519,-8.21700382232666,0.005016384180635214,15.697128295898438,-7.0,7.0,7.985589981079102,0.9536293745040894,1.5084943771362305,-1.0021883249282837,1115
population,26,carpet,38,4550,0.04143019765615463,0.03434150665998459,-7.988936901092529,0.005019248463213444,27.694259643554688,-7.0,7.0,7.7111663818359375,0.8259894251823425,1.5855520963668823,-0.9980849027633667,1116
population,26,carpet,39,4550,0.02479669451713562,0.03712616115808487,-8.181901931762695,0.005022370256483555,29.897592544555664,-7.0,7.0,7.91217041015625,0.7763296365737915,1.5893303155899048,-1.049072504043579,1117
population,26,carpet,40,4550,0.03590841591358185,0.0377843901515007,-8.194629669189453,0.0050257244147360325,28.92180061340332,-7.0,7.0,7.954437732696533,0.9548343420028687,1.6063268184661865,-1.03253173828125,1118
population,26,carpet,41,4550,0.031545136123895645,0.041842058300971985,-8.075008392333984,0.005029286723583937,15.525144577026367,-7.0,7.0,7.793331146240234,0.6835908889770508,1.426522135734558,-0.9834227561950684,1119
population,26,carpet,42,4550,0.10021314024925232,0.09841129928827286,-7.973289489746094,0.005033038556575775,18.389894485473633,-7.0,7.0,7.898149490356445,0.9424176216125488,1.4741134643554688,-0.9495324492454529,1120
population,26,carpet,43,4550,0.03895280137658119,0.04259693995118141,-8.042743682861328,0.005036961752921343,12.49926471710205,-7.0,7.0,8.044540405273438,0.7649402022361755,1.4523977041244507,-0.9168620109558105,1121
population,26,carpet,44,4550,0.052441131323575974,0.04982323199510574,-8.428535461425781,0.005041039083153009,5.896583557128906,-7.0,7.0,8.266579627990723,0.9501581192016602,1.2854193449020386,-0.8835613131523132,1122
population,26,carpet,45,4550,0.05803777277469635,0.06723669171333313,-8.165098190307617,0.005044468212872744,-2.3703436851501465,-7.0,7.0,7.908552646636963,0.7357538342475891,1.2476959228515625,-0.8435698747634888,1123
population,26,carpet,46,4550,0.057707540690898895,0.056946173310279846,-8.241329193115234,0.005047817714512348,2.512080192565918,-7.0,7.0,7.946464538574219,1.0422616004943848,1.2918188571929932,-0.872965931892395,1124
population,26,carpet,47,4550,0.032945387065410614,0.039173245429992676,-8.027862548828125,0.005050287581980228,-6.247481822967529,-7.0,7.0,7.853570938110352,0.7112160921096802,1.1349116563796997,-0.815571129322052,1125
population,26,carpet,48,4550,0.08069543540477753,0.11406997591257095,-8.399858474731445,0.00505196675658226,-11.810659408569336,-7.0,7.0,8.424297332763672,1.0243135690689087,1.0599138736724854,-0.7768567204475403,1126
population,26,carpet,49,4550,0.12047678232192993,0.07597421109676361,-8.835467338562012,0.0050529302097857,-9.507487297058105,-7.0,7.0,8.419788360595703,1.1782292127609253,1.0714963674545288,-0.7978792190551758,1127
population,26,carpet,50,4550,0.05865894630551338,0.05973370373249054,-8.550210952758789,0.005053252913057804,-27.42340850830078,-7.0,7.0,8.173718452453613,0.8831492066383362,0.9906312227249146,-0.6513835191726685,1128
individual,27,carpet,1,4725,0.08662626147270203,0.08389449864625931,-7.984307765960693,0.004108211025595665,10.812551498413086,-7.0,7.0,7.558239459991455,0.7966154217720032,1.256333589553833,-0.9501743912696838,1129
individual,27,carpet,2,4725,0.07029522210359573,0.06222837418317795,-8.298845291137695,0.0041070845909416676,13.482948303222656,-7.0,7.0,7.890425682067871,1.0675766468048096,1.2831193208694458,-0.9756297469139099,1130
individual,27,carpet,3,4725,0.04686672240495682,0.04357084259390831,-7.9684672355651855,0.004106506705284119,23.191246032714844,-7.0,7.0,7.886928558349609,0.8402085900306702,1.4337080717086792,-1.00840163230896,1131
individual,27,carpet,4,4725,0.06252291053533554,0.06181049719452858,-7.940359592437744,0.004106420557945967,13.645404815673828,-7.0,7.0,7.8140177726745605,0.8896132707595825,1.3967958688735962,-0.9803996682167053,1132
individual,27,carpet,5,4725,0.07302071154117584,0.06101805344223976,-7.998987197875977,0.004106779117137194,17.866849899291992,-7.0,7.0,7.9205780029296875,0.9750620722770691,1.37580406665802,-1.0064975023269653,1133
individual,27,carpet,6,4725,0.07569461315870285,0.05394141376018524,-8.022665977478027,0.004107534885406494,10.79789924621582,-7.0,7.0,7.89603853225708,0.8533904552459717,1.319288969039917,-0.9627023935317993,1134
individual,27,carpet,7,4725,0.07333893328905106,0.0641537457704544,-8.081879615783691,0.004108649678528309,15.69025993347168,-7.0,7.0,7.8093485832214355,1.0696485042572021,1.3373843431472778,-0.9639111757278442,1135
individual,27,carpet,8,4725,0.07289350032806396,0.07201013714075089,-8.353397369384766,0.0041100881062448025,7.242894649505615,-7.0,7.0,8.186203002929688,1.0700812339782715,1.3212581872940063,-0.9091208577156067,1136
individual,27,carpet,9,4725,0.04297616332769394,0.05410544574260712,-8.102438926696777,0.004111818969249725,5.50776481628418,-7.0,7.0,8.0631685256958,0.684460461139679,1.2590173482894897,-0.9293972253799438,1137
individual,27,carpet,10,4725,0.055522724986076355,0.052449025213718414,-8.286148071289062,0.004113811533898115,14.371932983398438,-7.0,7.0,8.116660118103027,1.0650153160095215,1.358628273010254,-0.9287419319152832,1138
individual,27,carpet,11,4725,0.06365004181861877,0.04656489938497543,-7.935794830322266,0.004115947987884283,4.323338031768799,-7.0,7.0,7.586508750915527,0.6893054246902466,1.2239341735839844,-0.9231755137443542,1139
individual,27,carpet,12,4725,0.0360843800008297,0.04045987129211426,-8.183120727539062,0.004118178505450487,3.8562676906585693,-7.0,7.0,7.949546813964844,0.8030495047569275,1.2780689001083374,-0.9481051564216614,1140
individual,27,carpet,13,4725,0.039841603487730026,0.03719105198979378,-8.088226318359375,0.004120557103306055,4.656152725219727,-7.0,7.0,7.949422836303711,0.7376995086669922,1.2927311658859253,-0.9503718614578247,1141
individual,27,carpet,14,4725,0.04765155166387558,0.04960361495614052,-7.995974540710449,0.0041225142776966095,-2.343763589859009,-7.0,7.0,7.876543998718262,0.8737114667892456,1.1619760990142822,-0.9102441072463989,1142
individual,27,carpet,15,4725,0.08367616683244705,0.07308316975831985,-8.330419540405273,0.004124089144170284,-2.370778799057007,-7.0,7.0,8.022527694702148,0.8730950951576233,1.15522038936615,-0.9412161111831665,1143
individual,27,carpet,16,4725,0.04663219302892685,0.04802645370364189,-8.276077270507812,0.004125944338738918,7.575901031494141,-7.0,7.0,8.142627716064453,1.0225791931152344,1.2833340167999268,-0.9328174591064453,1144
individual,27,carpet,17,4725,0.07616740465164185,0.05483270809054375,-7.911827564239502,0.004128051921725273,7.840936660766602,-7.0,7.0,7.758693218231201,0.7342333793640137,1.264737844467163,-0.9517568349838257,1145
individual,27,carpet,18,4725,0.05348364636301994,0.049836933612823486,-8.204558372497559,0.004129522480070591,-5.350027084350586,-7.0,7.0,8.00152587890625,0.8169714212417603,1.184584379196167,-0.9170779585838318,1146
individual,27,carpet,19,4725,0.07477819919586182,0.06596770137548447,-8.426007270812988,0.004130408633500338,-7.566022872924805,-7.0,7.0,8.138936996459961,1.1674588918685913,1.040878176689148,-0.9299820065498352,1147
individual,27,carpet,20,4725,0.02814580127596855,0.03827773407101631,-7.995698928833008,0.0041307732462882996,-5.449418067932129,-7.0,7.0,7.863935947418213,0.7431548833847046,1.077789306640625,-0.930541455745697,1148
individual,27,carpet,21,4725,0.048150040209293365,0.03481476381421089,-8.229458808898926,0.004130662884563208,-7.421583652496338,-7.0,7.0,8.108841896057129,0.8944752216339111,1.094883680343628,-0.9015616178512573,1149
individual,27,carpet,22,4725,0.03655366599559784,0.031307317316532135,-8.21676254272461,0.004130126908421516,-11.416336059570312,-7.0,7.0,8.017175674438477,0.8095470666885376,1.0058982372283936,-0.8238067626953125,1150
individual,27,carpet,23,4725,0.04627230018377304,0.0522894412279129,-8.398327827453613,0.004129207227379084,-16.105199813842773,-7.0,7.0,8.080974578857422,1.0737589597702026,1.0403544902801514,-0.8387759923934937,1151
individual,27,carpet,24,4725,0.03368726372718811,0.03116985782980919,-8.403517723083496,0.004128744825720787,4.58850622177124,-7.0,7.0,8.106139183044434,1.0641404390335083,1.2637579441070557,-0.9304066300392151,1152
individual,27,carpet,25,4725,0.04379292204976082,0.043160393834114075,-8.17506217956543,0.004127892199903727,-10.086186408996582,-7.0,7.0,7.987959861755371,1.031983733177185,1.1155985593795776,-0.9006925225257874,1153
individual,27,carpet,26,4725,0.046625133603811264,0.04141676053404808,-8.394495964050293,0.004127542022615671,5.236602306365967,-7.0,7.0,8.205793380737305,0.6980227828025818,1.1881850957870483,-0.9540077447891235,1154
individual,27,carpet,27,4725,0.036916583776474,0.04724326357245445,-8.354070663452148,0.004127169959247112,-0.7078598141670227,-7.0,7.0,7.947772026062012,0.8296363949775696,1.1782090663909912,-0.9022793173789978,1155
individual,27,carpet,28,4725,0.04620790854096413,0.0417221337556839,-8.630541801452637,0.004126416519284248,-5.254515647888184,-7.0,7.0,8.51313304901123,0.9275614619255066,1.085671067237854,-0.9220315217971802,1156
individual,27,carpet,29,4725,0.047364115715026855,0.04897978529334068,-8.169425964355469,0.004126066341996193,4.120731353759766,-7.0,7.0,7.876906394958496,0.7849871516227722,1.2187445163726807,-0.9772143959999084,1157
individual,27,carpet,30,4725,0.07620519399642944,0.08661490678787231,-8.318643569946289,0.00412572780624032,-0.29046058654785156,-7.0,7.0,8.157613754272461,1.0287259817123413,1.1252739429473877,-0.9230631589889526,1158
individual,27,carpet,31,4725,0.04209952428936958,0.036743178963661194,-8.569134712219238,0.00412584375590086,5.276882171630859,-7.0,7.0,8.338095664978027,0.8732017874717712,1.1922776699066162,-0.9993464350700378,1159
individual,27,carpet,32,4725,0.050472550094127655,0.06574918329715729,-8.546257019042969,0.004126384854316711,21.00232696533203,-7.0,7.0,8.11911392211914,0.9224945306777954,1.4160465002059937,-1.0748283863067627,1160
individual,27,carpet,33,4725,0.02344662882387638,0.01930113136768341,-8.341952323913574,0.004127309657633305,8.865839958190918,-7.0,7.0,7.998798847198486,0.8230148553848267,1.274444341659546,-1.0522594451904297,1161
individual,27,carpet,34,4725,0.03605170547962189,0.048886075615882874,-8.092016220092773,0.004128581378608942,15.619112968444824,-7.0,7.0,8.04757308959961,0.8675347566604614,1.3189127445220947,-1.0752456188201904,1162
individual,27,carpet,35,4725,0.08189115673303604,0.08289039880037308,-8.441085815429688,0.004130162298679352,23.07478904724121,-7.0,7.0,8.267071723937988,1.1084675788879395,1.3755770921707153,-1.091851830482483,1163
individual,27,carpet,36,4725,0.08796706795692444,0.1281926929950714,-8.657853126525879,0.004132024012506008,19.11884880065918,-7.0,7.0,8.171073913574219,0.8512883186340332,1.3946279287338257,-1.0869611501693726,1164
individual,27,carpet,37,4725,0.11399215459823608,0.11498953402042389,-8.551560401916504,0.004134138580411673,8.280374526977539,-7.0,7.0,7.998257637023926,0.907023012638092,1.2681058645248413,-1.047088861465454,1165
individual,27,carpet,38,4725,0.07020898908376694,0.12342826277017593,-8.222068786621094,0.004136481322348118,31.371707916259766,-7.0,7.0,8.126893997192383,0.8549538254737854,1.5149171352386475,-1.1039096117019653,1166
individual,27,carpet,39,4725,0.059736333787441254,0.07947975397109985,-8.155375480651855,0.004139028489589691,23.8773250579834,-7.0,7.0,8.149697303771973,0.82297682762146,1.4533463716506958,-1.0901010036468506,1167
individual,27,carpet,40,4725,0.04474310204386711,0.05118773132562637,-8.27682876586914,0.004141760990023613,9.684236526489258,-7.0,7.0,8.035906791687012,0.7689993381500244,1.2901976108551025,-0.9792875647544861,1168
individual,27,carpet,41,4725,0.09800749272108078,0.14526289701461792,-8.689477920532227,0.004144661128520966,16.677194595336914,-7.0,7.0,8.198751449584961,0.7953264117240906,1.376168131828308,-1.010437250137329,1169
individual,27,carpet,42,4725,0.028784340247511864,0.03835126757621765,-8.369384765625,0.004147711675614119,26.058616638183594,-7.0,7.0,8.27423095703125,0.6480635404586792,1.5354793071746826,-1.0421475172042847,1170
individual,27,carpet,43,4725,0.0642634704709053,0.0983298122882843,-8.152681350708008,0.00415089912712574,17.61021614074707,-7.0,7.0,8.26203727722168,0.8379268050193787,1.4345226287841797,-0.9405773878097534,1171
individual,27,carpet,44,4725,0.05395175516605377,0.07842102646827698,-8.165738105773926,0.004154120571911335,4.372285842895508,-7.0,7.0,8.211036682128906,0.9600134491920471,1.2505549192428589,-0.9021628499031067,1172
individual,27,carpet,45,4725,0.0403963141143322,0.04990454763174057,-8.574735641479492,0.004157463554292917,11.719034194946289,-7.0,7.0,8.346053123474121,0.7001829743385315,1.3547910451889038,-0.9140796661376953,1173
individual,27,carpet,46,4725,0.08813957870006561,0.1518842577934265,-8.571391105651855,0.004160914570093155,18.651342391967773,-7.0,7.0,8.169705390930176,0.9073382616043091,1.4586325883865356,-0.9500733613967896,1174
individual,27,carpet,47,4725,0.03664370998740196,0.06155171990394592,-8.351212501525879,0.0041644638404250145,17.90363311767578,-7.0,7.0,8.135248184204102,0.8524817824363708,1.4095646142959595,-0.9368377923965454,1175
individual,27,carpet,48,4725,0.05831153318285942,0.14346617460250854,-8.24781608581543,0.004168101120740175,9.249313354492188,-7.0,7.0,8.378180503845215,0.7363512516021729,1.3555189371109009,-0.8937429785728455,1176
individual,27,carpet,49,4725,0.07744437456130981,0.07678506523370743,-8.370156288146973,0.0041718194261193275,12.009991645812988,-7.0,7.0,8.347793579101562,0.8792387843132019,1.4025644063949585,-0.8856686949729919,1177
individual,27,carpet,50,4725,0.059532616287469864,0.08839361369609833,-8.722600936889648,0.004175610840320587,12.644994735717773,-7.0,7.0,8.202398300170898,1.0305321216583252,1.3002700805664062,-0.8578711152076721,1178
population,27,carpet,1,4725,0.0658438429236412,0.05027034133672714,-8.314270973205566,0.005053419154137373,-1.2027111053466797,-7.0,7.0,8.223936080932617,0.945708692073822,1.2713922262191772,-0.8078452348709106,1129
population,27,carpet,2,4725,0.08361299335956573,0.08462458103895187,-7.946287155151367,0.0050530219450592995,-10.553600311279297,-7.0,7.0,8.018427848815918,0.9883806109428406,1.1705076694488525,-0.7147579193115234,1130
population,27,carpet,3,4725,0.04188735410571098,0.04766736179590225,-8.69660758972168,0.0050521185621619225,-11.529303550720215,-7.0,7.0,8.403264999389648,1.0711841583251953,1.1380866765975952,-0.7810371518135071,1131
population,27,carpet,4,4725,0.16604405641555786,0.16000306606292725,-8.589875221252441,0.0050507597625255585,-12.87853717803955,-7.0,7.0,8.090121269226074,0.715285062789917,1.0744143724441528,-0.7446034550666809,1132
population,27,carpet,5,4725,0.10394278168678284,0.070498026907444,-8.420387268066406,0.005049117375165224,-4.068127155303955,-7.0,7.0,8.355752944946289,1.0708997249603271,1.149618148803711,-0.7982484698295593,1133
population,27,carpet,6,4725,0.08848639577627182,0.07784903794527054,-8.423501968383789,0.00504794018343091,2.92825984954834,-7.0,7.0,8.135052680969238,0.9483035802841187,1.3644670248031616,-0.8423935174942017,1134
population,27,carpet,7,4725,0.07730501890182495,0.07303972542285919,-8.315679550170898,0.005046337377279997,-14.56558895111084,-7.0,7.0,8.229619979858398,0.7852619886398315,0.9676569700241089,-0.8188443779945374,1135
population,27,carpet,8,4725,0.09579756110906601,0.10847634822130203,-8.665228843688965,0.005045440047979355,8.943808555603027,-7.0,7.0,8.562361717224121,1.2061556577682495,1.3968197107315063,-0.8795294761657715,1136
population,27,carpet,9,4725,0.05319753661751747,0.056131795048713684,-8.34660530090332,0.005045177880674601,16.73929214477539,-7.0,7.0,8.00503921508789,0.7501308917999268,1.5273406505584717,-0.9052428603172302,1137
population,27,carpet,10,4725,0.03970006853342056,0.0369570329785347,-8.67310905456543,0.0050454880110919476,8.48879623413086,-7.0,7.0,8.38047981262207,1.0768227577209473,1.334134817123413,-0.9183659553527832,1138
population,27,carpet,11,4725,0.036493998020887375,0.04798068106174469,-8.225740432739258,0.00504631083458662,17.39482879638672,-7.0,7.0,7.994748115539551,0.8987152576446533,1.4511271715164185,-0.9468883872032166,1139
population,27,carpet,12,4725,0.057500243186950684,0.08375292271375656,-8.45872974395752,0.005047598388046026,24.329971313476562,-7.0,7.0,8.406825065612793,0.9153244495391846,1.520586609840393,-0.9958012700080872,1140
population,27,carpet,13,4725,0.04193685203790665,0.046050965785980225,-8.553733825683594,0.0050493027083575726,25.19506072998047,-7.0,7.0,8.299675941467285,1.0205085277557373,1.524741768836975,-0.9979804158210754,1141
population,27,carpet,14,4725,0.037871673703193665,0.0485757514834404,-8.324363708496094,0.005051383748650551,19.23712158203125,-7.0,7.0,8.09461498260498,0.8325114250183105,1.4370096921920776,-1.0215102434158325,1142
population,27,carpet,15,4725,0.040989648550748825,0.03952733427286148,-8.455893516540527,0.005053802393376827,37.05197525024414,-7.0,7.0,8.245113372802734,1.001378059387207,1.678092122077942,-1.0725613832473755,1143
population,27,carpet,16,4725,0.03929286077618599,0.04134685546159744,-8.330789566040039,0.0050565265119075775,15.515621185302734,-7.0,7.0,8.22803783416748,0.9716512560844421,1.4615471363067627,-1.0235860347747803,1144
population,27,carpet,17,4725,0.058716680854558945,0.07633986324071884,-8.58820629119873,0.005059524439275265,34.88201141357422,-7.0,7.0,8.591251373291016,1.2545145750045776,1.6413390636444092,-1.0633306503295898,1145
population,27,carpet,18,4725,0.04109083488583565,0.034291334450244904,-8.593141555786133,0.005062446929514408,2.133493661880493,-7.0,7.0,8.463573455810547,1.0428650379180908,1.2615727186203003,-0.9714974761009216,1146
population,27,carpet,19,4725,0.1317574828863144,0.16636507213115692,-8.698972702026367,0.005065624602138996,17.688953399658203,-7.0,7.0,8.093805313110352,0.8617536425590515,1.4725161790847778,-1.021323800086975,1147
population,27,carpet,20,4725,0.03612266853451729,0.031223341822624207,-8.701376914978027,0.005069033708423376,20.703100204467773,-7.0,7.0,8.453593254089355,0.9947335124015808,1.4774930477142334,-1.0255860090255737,1148
population,27,carpet,21,4725,0.10371290147304535,0.11314496397972107,-8.403514862060547,0.00507265143096447,20.132240295410156,-7.0,7.0,8.345504760742188,0.9294429421424866,1.5178278684616089,-1.0553879737854004,1149
population,27,carpet,22,4725,0.05355566740036011,0.059614986181259155,-8.38189697265625,0.005076457280665636,25.92198371887207,-7.0,7.0,8.19066333770752,0.7526487112045288,1.562919020652771,-1.0486338138580322,1150
population,27,carpet,23,4725,0.04038982093334198,0.0439576730132103,-8.550580024719238,0.005080433562397957,12.970593452453613,-7.0,7.0,8.23409366607666,0.9548027515411377,1.3959287405014038,-1.0248652696609497,1151
population,27,carpet,24,4725,0.04315514490008354,0.03648460656404495,-8.653251647949219,0.005084563512355089,21.882375717163086,-7.0,7.0,8.398110389709473,1.0297777652740479,1.5168529748916626,-1.0243302583694458,1152
population,27,carpet,25,4725,0.04795103520154953,0.0652284100651741,-8.541004180908203,0.005088832229375839,13.881108283996582,-7.0,7.0,8.43924617767334,0.9114691615104675,1.4304271936416626,-1.015679121017456,1153
population,27,carpet,26,4725,0.05603604391217232,0.05187055468559265,-8.695866584777832,0.005093226209282875,20.185823440551758,-7.0,7.0,8.426596641540527,0.9304676651954651,1.5029809474945068,-1.0047528743743896,1154
population,27,carpet,27,4725,0.09064757823944092,0.09044033288955688,-8.585504531860352,0.005097733344882727,17.200136184692383,-7.0,7.0,8.43297290802002,1.132315754890442,1.4992390871047974,-0.9996548891067505,1155
population,27,carpet,28,4725,0.05254769325256348,0.04966349899768829,-8.412723541259766,0.005102344322949648,11.977333068847656,-7.0,7.0,8.024117469787598,0.7456769347190857,1.37801194190979,-1.023427128791809,1156
population,27,carpet,29,4725,0.0460725873708725,0.03971379995346069,-8.795395851135254,0.005107047036290169,29.793861389160156,-7.0,7.0,8.50481128692627,0.8396040797233582,1.60110604763031,-1.0474618673324585,1157
population,27,carpet,30,4725,0.05771573632955551,0.06840953975915909,-8.589704513549805,0.00511183449998498,7.726443767547607,-7.0,7.0,8.417059898376465,0.8179512023925781,1.3131208419799805,-0.9878436923027039,1158
population,27,carpet,31,4725,0.03625120595097542,0.021968899294734,-8.341991424560547,0.005116699729114771,15.788188934326172,-7.0,7.0,8.126260757446289,0.7700715065002441,1.4722480773925781,-1.0181893110275269,1159
population,27,carpet,32,4725,0.06280782073736191,0.06120374798774719,-9.050863265991211,0.005121632944792509,23.89034652709961,-7.0,7.0,8.74526596069336,1.0268704891204834,1.5832717418670654,-1.0202491283416748,1160
population,27,carpet,33,4725,0.05943277105689049,0.04831985384225845,-8.68659496307373,0.005126629490405321,20.693883895874023,-7.0,7.0,8.284440994262695,0.968075692653656,1.5274816751480103,-0.9858368635177612,1161
population,27,carpet,34,4725,0.05488960072398186,0.053501371294260025,-8.667284965515137,0.005131684709340334,23.556243896484375,-7.0,7.0,8.28414249420166,0.7404226660728455,1.6149832010269165,-0.9628491997718811,1162
population,27,carpet,35,4725,0.08640983700752258,0.05999026820063591,-8.466760635375977,0.005136792082339525,27.020591735839844,-7.0,7.0,8.387422561645508,0.8841641545295715,1.6989468336105347,-0.9850252270698547,1163
population,27,carpet,36,4725,0.0544574148952961,0.048926886171102524,-8.712427139282227,0.00514194555580616,20.2669734954834,-7.0,7.0,8.390810012817383,1.1915464401245117,1.5436409711837769,-0.9390231370925903,1164
population,27,carpet,37,4725,0.09387310594320297,0.09554354101419449,-9.262845993041992,0.005147143732756376,22.405563354492188,-7.0,7.0,8.717582702636719,0.9537543654441833,1.61312735080719,-0.9260539412498474,1165
population,27,carpet,38,4725,0.06667874753475189,0.042115844786167145,-8.673856735229492,0.005152381490916014,32.79307174682617,-7.0,7.0,8.331490516662598,0.8188604712486267,1.7418041229248047,-0.9778777956962585,1166
population,27,carpet,39,4725,0.0787879154086113,0.08483213186264038,-8.488961219787598,0.005157654173672199,34.249881744384766,-7.0,7.0,8.269617080688477,0.8698586225509644,1.7737263441085815,-0.9508877396583557,1167
population,27,carpet,40,4725,0.09258213639259338,0.06321851164102554,-8.487019538879395,0.005162959452718496,23.670719146728516,-7.0,7.0,8.347696304321289,0.9801728129386902,1.6623073816299438,-0.9172391891479492,1168
population,27,carpet,41,4725,0.041165582835674286,0.04852734133601189,-8.709900856018066,0.005168296862393618,37.45698547363281,-7.0,7.0,8.342820167541504,0.9194061160087585,1.8236562013626099,-0.9675363898277283,1169
population,27,carpet,42,4725,0.12667790055274963,0.10329314321279526,-8.975179672241211,0.005173662211745977,37.11646270751953,-7.0,7.0,8.45927619934082,0.9596402049064636,1.7501720190048218,-0.9365827441215515,1170
population,27,carpet,43,4725,0.06352819502353668,0.058179132640361786,-8.800752639770508,0.005179053172469139,33.97116470336914,-7.0,7.0,8.558317184448242,0.9639310836791992,1.780617594718933,-0.8974853157997131,1171
population,27,carpet,44,4725,0.0690661147236824,0.07135015726089478,-8.607904434204102,0.005184466484934092,30.542896270751953,-7.0,7.0,8.532564163208008,0.9268787503242493,1.673383355140686,-0.8980811238288879,1172
population,27,carpet,45,4725,0.06125769391655922,0.051007047295570374,-8.454689979553223,0.005189903080463409,18.60293197631836,-7.0,7.0,8.274016380310059,0.8018690943717957,1.5462499856948853,-0.8481351733207703,1173
population,27,carpet,46,4725,0.03166615962982178,0.04283817112445831,-8.801521301269531,0.005195357836782932,31.965858459472656,-7.0,7.0,8.453643798828125,0.8532047271728516,1.759583592414856,-0.8923642039299011,1174
population,27,carpet,47,4725,0.03759778290987015,0.022127296775579453,-8.835700988769531,0.005200833547860384,19.367210388183594,-7.0,7.0,8.527996063232422,0.9140456914901733,1.570167899131775,-0.8196846842765808,1175
population,27,carpet,48,4725,0.040081050246953964,0.03846486285328865,-8.824967384338379,0.0052063241600990295,10.909126281738281,-7.0,7.0,8.463064193725586,0.815104603767395,1.5415441989898682,-0.818231463432312,1176
population,27,carpet,49,4725,0.09142988175153732,0.06520558893680573,-8.491151809692383,0.005211833864450455,14.360547065734863,-7.0,7.0,8.414948463439941,0.8453072905540466,1.585532546043396,-0.8175371289253235,1177
population,27,carpet,50,4725,0.04277336597442627,0.050867579877376556,-8.776124000549316,0.005217356141656637,16.21489143371582,-7.0,7.0,8.501656532287598,0.9306377172470093,1.56252920627594,-0.8082523345947266,1178
individual,28,carpet,1,4900,0.03933470696210861,0.06567974388599396,-8.899458885192871,0.004179469309747219,23.90300750732422,-7.0,7.0,8.38654613494873,1.0379996299743652,1.5023305416107178,-0.9285184741020203,1179
individual,28,carpet,2,4900,0.06620307266712189,0.06868982315063477,-8.313539505004883,0.004183387383818626,11.517707824707031,-7.0,7.0,7.999665260314941,0.7104410529136658,1.3651267290115356,-0.8795972466468811,1180
individual,28,carpet,3,4900,0.09625951200723648,0.16072788834571838,-8.11960506439209,0.00418702932074666,1.355420470237732,-7.0,7.0,8.141731262207031,0.8531156778335571,1.1981754302978516,-0.8382216095924377,1181
individual,28,carpet,4,4900,0.07171045243740082,0.09089294075965881,-8.398316383361816,0.004190752282738686,7.254791259765625,-7.0,7.0,8.236858367919922,0.9419335722923279,1.3870737552642822,-0.8589774966239929,1182
individual,28,carpet,5,4900,0.08781098574399948,0.1173696294426918,-8.951425552368164,0.004194551147520542,14.113550186157227,-7.0,7.0,8.39342212677002,1.0721304416656494,1.3726847171783447,-0.9048876166343689,1183
individual,28,carpet,6,4900,0.04453950375318527,0.10716439038515091,-8.700859069824219,0.004198417067527771,9.965102195739746,-7.0,7.0,8.239873886108398,0.8010206818580627,1.3712141513824463,-0.9170717000961304,1184
individual,28,carpet,7,4900,0.07360602170228958,0.06920057535171509,-8.352425575256348,0.0042023444548249245,14.232349395751953,-7.0,7.0,8.14229679107666,0.7697756290435791,1.38899827003479,-0.9171126484870911,1185
individual,28,carpet,8,4900,0.05580424517393112,0.13765794038772583,-8.39030647277832,0.004206328187137842,11.71092414855957,-7.0,7.0,8.409357070922852,0.858425498008728,1.3493627309799194,-0.9555992484092712,1186
individual,28,carpet,9,4900,0.05082479864358902,0.09174565970897675,-8.328309059143066,0.004210361745208502,7.01097297668457,-7.0,7.0,8.175457954406738,0.9020604491233826,1.3758313655853271,-0.9022448658943176,1187
individual,28,carpet,10,4900,0.053653642535209656,0.0835476815700531,-8.678102493286133,0.004214440938085318,19.011619567871094,-7.0,7.0,8.213879585266113,0.9127472639083862,1.4615927934646606,-0.9663983583450317,1188
individual,28,carpet,11,4900,0.0529739074409008,0.10198312997817993,-8.891280174255371,0.004218562971800566,18.26654624938965,-7.0,7.0,8.479362487792969,1.0684776306152344,1.4763786792755127,-0.9419476389884949,1189
individual,28,carpet,12,4900,0.051772769540548325,0.04975438863039017,-8.496872901916504,0.004222722724080086,13.95337963104248,-7.0,7.0,8.279300689697266,0.7029897570610046,1.295336365699768,-0.9661323428153992,1190
individual,28,carpet,13,4900,0.05575231462717056,0.08744900673627853,-8.255236625671387,0.0042269169352948666,17.568706512451172,-7.0,7.0,8.284996032714844,0.8469868302345276,1.3862937688827515,-1.0021770000457764,1191
individual,28,carpet,14,4900,0.05037621781229973,0.07396193593740463,-8.20136547088623,0.00423114188015461,7.473148345947266,-7.0,7.0,8.235323905944824,0.6827045679092407,1.218994140625,-0.9317019581794739,1192
individual,28,carpet,15,4900,0.04952374845743179,0.08397519588470459,-8.599540710449219,0.004235397092998028,23.186628341674805,-7.0,7.0,8.230518341064453,0.6620772480964661,1.4492427110671997,-1.0119363069534302,1193
individual,28,carpet,16,4900,0.10194005072116852,0.11909788101911545,-8.789080619812012,0.0042396788485348225,17.822208404541016,-7.0,7.0,8.509405136108398,1.0583419799804688,1.3865878582000732,-1.0644994974136353,1194
individual,28,carpet,17,4900,0.04301329702138901,0.04840874671936035,-8.510364532470703,0.004243984818458557,8.80251693725586,-7.0,7.0,8.44526195526123,0.7970605492591858,1.3053547143936157,-1.026632308959961,1195
individual,28,carpet,18,4900,0.05057976394891739,0.0799202099442482,-8.437419891357422,0.00424831360578537,18.539701461791992,-7.0,7.0,8.383413314819336,0.9456428289413452,1.432588815689087,-1.0015228986740112,1196
individual,28,carpet,19,4900,0.1057014912366867,0.10061126202344894,-8.732178688049316,0.0042526633478701115,24.49612808227539,-7.0,7.0,8.471688270568848,0.8379120826721191,1.4599193334579468,-1.0787628889083862,1197
individual,28,carpet,20,4900,0.0837705060839653,0.12030650675296783,-8.809305191040039,0.004257031250745058,20.638933181762695,-7.0,7.0,8.457487106323242,0.9829566478729248,1.4486960172653198,-1.0593398809432983,1198
individual,28,carpet,21,4900,0.055476319044828415,0.0629861131310463,-8.453109741210938,0.004261416383087635,36.71548080444336,-7.0,7.0,8.219439506530762,0.9442071914672852,1.5988223552703857,-1.0856560468673706,1199
individual,28,carpet,22,4900,0.07773029804229736,0.08650748431682587,-8.757851600646973,0.004265817813575268,18.78696632385254,-7.0,7.0,8.700923919677734,1.218132734298706,1.3769845962524414,-1.0538455247879028,1200
individual,28,carpet,23,4900,0.05799258127808571,0.0720275342464447,-8.737598419189453,0.004270130302757025,4.175816059112549,-7.0,7.0,8.604260444641113,1.1175061464309692,1.1928737163543701,-0.984038770198822,1201
individual,28,carpet,24,4900,0.06282517313957214,0.05418292433023453,-8.85716724395752,0.004274467471987009,11.73479175567627,-7.0,7.0,8.466270446777344,0.836141049861908,1.3109079599380493,-1.0261298418045044,1202
individual,28,carpet,25,4900,0.042854100465774536,0.0649673193693161,-8.799421310424805,0.004278827458620071,25.41757583618164,-7.0,7.0,8.391637802124023,1.2353423833847046,1.567053198814392,-1.0353708267211914,1203
individual,28,carpet,26,4900,0.077565036714077,0.06839333474636078,-8.61271858215332,0.004283206071704626,10.322118759155273,-7.0,7.0,8.37510871887207,0.8762019276618958,1.374588131904602,-0.9668350219726562,1204
individual,28,carpet,27,4900,0.05472756177186966,0.10302581638097763,-8.669084548950195,0.004287427756935358,3.2961463928222656,-7.0,7.0,8.41309642791748,0.7331651449203491,1.2347701787948608,-0.9225456118583679,1205
individual,28,carpet,28,4900,0.07098997384309769,0.07352529466152191,-8.766497611999512,0.004291684366762638,10.353801727294922,-7.0,7.0,8.442813873291016,0.9967418909072876,1.276695966720581,-0.9479593634605408,1206
individual,28,carpet,29,4900,0.05353196710348129,0.06485394388437271,-8.752195358276367,0.004295865073800087,4.14163875579834,-7.0,7.0,8.395401954650879,0.933596670627594,1.233883023262024,-0.9388839602470398,1207
individual,28,carpet,30,4900,0.056618183851242065,0.047911882400512695,-8.667753219604492,0.004300086759030819,8.443679809570312,-7.0,7.0,8.38070297241211,0.8970704674720764,1.2953732013702393,-0.9379299283027649,1208
individual,28,carpet,31,4900,0.08248097449541092,0.06765302270650864,-9.0028715133667,0.004303434398025274,-5.674754619598389,-7.0,7.0,8.62342643737793,0.9837542772293091,1.1154314279556274,-0.9028738737106323,1209
individual,28,carpet,32,4900,0.061447709798812866,0.06099189072847366,-8.90833854675293,0.004306688439100981,2.83432674407959,-7.0,7.0,8.678817749023438,0.7316150069236755,1.2168046236038208,-0.921782374382019,1210
individual,28,carpet,33,4900,0.05248923599720001,0.04786073789000511,-8.75662612915039,0.0043096281588077545,0.08679312467575073,-7.0,7.0,8.489985466003418,0.8786223530769348,1.1875258684158325,-0.9278980493545532,1211
individual,28,carpet,34,4900,0.05609279125928879,0.07894371449947357,-8.976541519165039,0.004312732256948948,8.018866539001465,-7.0,7.0,8.642062187194824,1.0419459342956543,1.2838493585586548,-0.9146885275840759,1212
individual,28,carpet,35,4900,0.08104608952999115,0.0758548378944397,-8.940643310546875,0.004315984435379505,5.893949031829834,-7.0,7.0,8.767215728759766,1.0292116403579712,1.2816864252090454,-0.9288185834884644,1213
individual,28,carpet,36,4900,0.06795880943536758,0.06794287264347076,-8.701715469360352,0.004319167695939541,3.0020623207092285,-7.0,7.0,8.585342407226562,1.032958745956421,1.2666207551956177,-0.9167162179946899,1214
individual,28,carpet,37,4900,0.11127986758947372,0.09127442538738251,-8.876372337341309,0.004321796353906393,-2.8485827445983887,-7.0,7.0,8.66591739654541,1.0331921577453613,1.151761770248413,-0.8484584093093872,1215
individual,28,carpet,38,4900,0.034559670835733414,0.05079393833875656,-8.660192489624023,0.0043246205896139145,8.597920417785645,-7.0,7.0,8.380339622497559,0.6329668760299683,1.3500243425369263,-0.9430958032608032,1216
individual,28,carpet,39,4900,0.058195360004901886,0.05023246258497238,-8.846794128417969,0.004327624104917049,6.307670593261719,-7.0,7.0,8.698692321777344,0.8489332795143127,1.3081715106964111,-0.9065457582473755,1217
individual,28,carpet,40,4900,0.0531291663646698,0.05608544871211052,-8.50229263305664,0.004330786410719156,8.604961395263672,-7.0,7.0,8.527422904968262,0.9718077778816223,1.3638880252838135,-0.9252464175224304,1218
individual,28,carpet,41,4900,0.05730321258306503,0.0616924986243248,-8.78498649597168,0.004334094002842903,8.07142448425293,-7.0,7.0,8.696776390075684,0.9086940884590149,1.3692474365234375,-0.8993298411369324,1219
individual,28,carpet,42,4900,0.05144864320755005,0.05172276869416237,-9.011849403381348,0.004337531980127096,6.365489959716797,-7.0,7.0,8.73539924621582,1.0055034160614014,1.3179658651351929,-0.8426393866539001,1220
individual,28,carpet,43,4900,0.05181005597114563,0.09630995988845825,-9.2188081741333,0.004340969026088715,4.014131546020508,-7.0,7.0,8.87640380859375,1.175493597984314,1.2742211818695068,-0.8542502522468567,1221
individual,28,carpet,44,4900,0.09644460678100586,0.08279229700565338,-8.57287883758545,0.0043436503037810326,-4.89298677444458,-7.0,7.0,8.608449935913086,0.9076101183891296,1.198073148727417,-0.8118041157722473,1222
individual,28,carpet,45,4900,0.06822139769792557,0.10890746861696243,-8.761375427246094,0.004346526227891445,9.534896850585938,-7.0,7.0,8.761146545410156,0.9429864883422852,1.3238340616226196,-0.8352766036987305,1223
individual,28,carpet,46,4900,0.06387071311473846,0.04809785261750221,-9.208568572998047,0.004348929040133953,-2.2248048782348633,-7.0,7.0,8.896199226379395,0.9020918607711792,1.1439361572265625,-0.8202019929885864,1224
individual,28,carpet,47,4900,0.10159187763929367,0.16145382821559906,-9.500736236572266,0.0043512312695384026,1.6116864681243896,-7.0,7.0,8.936241149902344,0.8916686773300171,1.2369232177734375,-0.8527260422706604,1225
individual,28,carpet,48,4900,0.049458034336566925,0.039401061832904816,-8.920194625854492,0.0043528419919312,-7.209987640380859,-7.0,7.0,8.824165344238281,0.9099751114845276,1.2036349773406982,-0.803554892539978,1226
individual,28,carpet,49,4900,0.12442360073328018,0.14378248155117035,-8.488618850708008,0.004354654345661402,4.253241539001465,-7.0,7.0,8.465360641479492,0.7269077897071838,1.1844767332077026,-0.8059878945350647,1227
individual,28,carpet,50,4900,0.0520683228969574,0.07269501686096191,-8.667078971862793,0.004356255289167166,-0.36873888969421387,-7.0,7.0,8.570006370544434,0.8844482898712158,1.248130440711975,-0.8206270933151245,1228
population,28,carpet,1,4900,0.05293756723403931,0.042998313903808594,-9.08200454711914,0.0052228947170078754,15.129826545715332,-7.0,7.0,8.598763465881348,1.11020028591156,1.6040918827056885,-0.8133850693702698,1179
population,28,carpet,2,4900,0.03468799591064453,0.02115493454039097,-9.092049598693848,0.005228446330875158,7.065001964569092,-7.0,7.0,8.751078605651855,1.0393438339233398,1.4691503047943115,-0.8138752579689026,1180
population,28,carpet,3,4900,0.09521087259054184,0.09108173102140427,-8.92878532409668,0.005234008654952049,13.350765228271484,-7.0,7.0,8.848787307739258,1.0830044746398926,1.4750820398330688,-0.8166636228561401,1181
population,28,carpet,4,4900,0.07486802339553833,0.07164197415113449,-8.913848876953125,0.005239584948867559,20.593387603759766,-7.0,7.0,8.652087211608887,1.1101199388504028,1.6331483125686646,-0.8477473258972168,1182
population,28,carpet,5,4900,0.04340666905045509,0.05100879445672035,-9.277286529541016,0.005245171952992678,21.929658889770508,-7.0,7.0,8.709135055541992,0.9475630521774292,1.6333818435668945,-0.837537407875061,1183
population,28,carpet,6,4900,0.06286918371915817,0.04199143499135971,-9.06457233428955,0.005250769667327404,22.90358543395996,-7.0,7.0,8.78398323059082,0.9639937877655029,1.579783320426941,-0.8686412572860718,1184
population,28,carpet,7,4900,0.046414993703365326,0.03116009011864662,-8.907498359680176,0.005256376229226589,31.387451171875,-7.0,7.0,8.553250312805176,1.07634437084198,1.7764872312545776,-0.9182801842689514,1185
population,28,carpet,8,4900,0.11906781792640686,0.1058507114648819,-8.966422080993652,0.0052619935013353825,24.788286209106445,-7.0,7.0,8.833344459533691,1.0044710636138916,1.6430871486663818,-0.8924115896224976,1186
population,28,carpet,9,4900,0.04500973969697952,0.06128717213869095,-8.990564346313477,0.005267619621008635,42.83616638183594,-7.0,7.0,8.590883255004883,0.9471814632415771,1.8575613498687744,-1.001017689704895,1187
population,28,carpet,10,4900,0.07235096395015717,0.07665518671274185,-9.054885864257812,0.005273254122585058,30.824434280395508,-7.0,7.0,8.855911254882812,1.234222650527954,1.660138487815857,-0.9846228361129761,1188
population,28,carpet,11,4900,0.09502314776182175,0.07742790877819061,-8.908093452453613,0.005278897006064653,28.576505661010742,-7.0,7.0,8.588595390319824,0.9302369356155396,1.6844028234481812,-0.9559048414230347,1189
population,28,carpet,12,4900,0.04658549651503563,0.0618959404528141,-8.8112154006958,0.005284548737108707,38.94011688232422,-7.0,7.0,8.444049835205078,0.7977818846702576,1.721973180770874,-1.05031418800354,1190
population,28,carpet,13,4900,0.03975479304790497,0.03631005436182022,-8.916728019714355,0.005290208850055933,47.753387451171875,-7.0,7.0,8.535942077636719,0.8911699652671814,2.006469488143921,-0.9764857888221741,1191
population,28,carpet,14,4900,0.08330872654914856,0.09375764429569244,-8.560991287231445,0.00529587734490633,39.133277893066406,-7.0,7.0,8.481851577758789,0.9115120768547058,1.8383427858352661,-0.9756653904914856,1192
population,28,carpet,15,4900,0.08394815772771835,0.07652571052312851,-8.937929153442383,0.0053015523590147495,40.53562545776367,-7.0,7.0,8.567808151245117,0.9233826398849487,1.8060554265975952,-0.9158201813697815,1193
population,28,carpet,16,4900,0.043420568108558655,0.04191025719046593,-9.028837203979492,0.0053072357550263405,33.06889724731445,-7.0,7.0,8.635476112365723,0.9719797968864441,1.7708317041397095,-0.9229477047920227,1194
population,28,carpet,17,4900,0.042050473392009735,0.042680274695158005,-8.900620460510254,0.0053129252046346664,26.723514556884766,-7.0,7.0,8.787094116210938,1.224083423614502,1.721923589706421,-0.8899609446525574,1195
population,28,carpet,18,4900,0.0410614088177681,0.037272244691848755,-8.842516899108887,0.005318623036146164,30.414993286132812,-7.0,7.0,8.602822303771973,0.9400920867919922,1.774726152420044,-0.8332475423812866,1196
population,28,carpet,19,4900,0.03509999439120293,0.033273134380578995,-9.018852233886719,0.005324327386915684,34.951255798339844,-7.0,7.0,8.774064064025879,1.0769745111465454,1.841745138168335,-0.8868751525878906,1197
population,28,carpet,20,4900,0.035414621233940125,0.041328273713588715,-8.69081974029541,0.0053300377912819386,24.847877502441406,-7.0,7.0,8.570361137390137,0.8265106678009033,1.7099295854568481,-0.8591209053993225,1198
population,28,carpet,21,4900,0.06132013350725174,0.05875760689377785,-8.497699737548828,0.005335754249244928,29.513343811035156,-7.0,7.0,8.30624771118164,0.708644688129425,1.7052255868911743,-0.8718506097793579,1199
population,28,carpet,22,4900,0.03773963451385498,0.04998445883393288,-9.18748664855957,0.005341476760804653,34.17927551269531,-7.0,7.0,8.917012214660645,1.1520183086395264,1.825531244277954,-0.8083338141441345,1200
population,28,carpet,23,4900,0.050429511815309525,0.03553273528814316,-8.84904670715332,0.0053472057916224,26.509998321533203,-7.0,7.0,8.56507682800293,0.8780509233474731,1.689603567123413,-0.8086327910423279,1201
population,28,carpet,24,4900,0.05493573471903801,0.06525038182735443,-9.113909721374512,0.005352943204343319,28.446765899658203,-7.0,7.0,8.952415466308594,1.1430609226226807,1.757691740989685,-0.7345975041389465,1202
population,28,carpet,25,4900,0.03581414371728897,0.03322609141469002,-9.05217170715332,0.005358686670660973,22.894329071044922,-7.0,7.0,8.704642295837402,1.053176760673523,1.673730731010437,-0.762813150882721,1203
population,28,carpet,26,4900,0.038795970380306244,0.03755880147218704,-8.90413761138916,0.0053644366562366486,15.990577697753906,-7.0,7.0,8.572921752929688,0.6651556491851807,1.5630544424057007,-0.7363754510879517,1204
population,28,carpet,27,4900,0.05075785145163536,0.052802734076976776,-8.656404495239258,0.0053701926954090595,5.369762420654297,-7.0,7.0,8.48448371887207,0.7897460460662842,1.4383456707000732,-0.7514870762825012,1205
population,28,carpet,28,4900,0.08832577615976334,0.07894840836524963,-9.36851692199707,0.0053759547881782055,6.784560203552246,-7.0,7.0,9.206086158752441,1.056128740310669,1.423888921737671,-0.7001830339431763,1206
population,28,carpet,29,4900,0.10286405682563782,0.07789716869592667,-8.789746284484863,0.005381342954933643,1.7742456197738647,-7.0,7.0,8.43118953704834,0.70675128698349,1.4432923793792725,-0.7317134141921997,1207
population,28,carpet,30,4900,0.04795440658926964,0.07534194737672806,-9.358696937561035,0.005386775825172663,8.68232536315918,-7.0,7.0,8.96682357788086,0.992680013179779,1.52699875831604,-0.6946120262145996,1208
population,28,carpet,31,4900,0.09411821514368057,0.09074318408966064,-8.579410552978516,0.005392033606767654,3.2694249153137207,-7.0,7.0,8.605591773986816,0.8099165558815002,1.3518685102462769,-0.719426155090332,1209
population,28,carpet,32,4900,0.1781027913093567,0.23290179669857025,-8.620412826538086,0.005397350527346134,19.748775482177734,-7.0,7.0,8.799832344055176,0.9312009215354919,1.6799851655960083,-0.7298073768615723,1210
population,28,carpet,33,4900,0.0944223552942276,0.07958881556987762,-9.411877632141113,0.005402719601988792,13.11967658996582,-7.0,7.0,9.017295837402344,0.9935699701309204,1.5661956071853638,-0.6753870844841003,1211
population,28,carpet,34,4900,0.169082909822464,0.20518435537815094,-9.186750411987305,0.005408137571066618,12.195659637451172,-7.0,7.0,8.547087669372559,0.913350522518158,1.5349847078323364,-0.7426586151123047,1212
population,28,carpet,35,4900,0.05779159441590309,0.06006117910146713,-9.145429611206055,0.005413490813225508,4.255545139312744,-7.0,7.0,8.817365646362305,0.956467866897583,1.4449607133865356,-0.7492790222167969,1213
population,28,carpet,36,4900,0.2640746235847473,0.2932904064655304,-8.712541580200195,0.005418896675109863,16.375137329101562,-7.0,7.0,8.836923599243164,1.1091481447219849,1.5255216360092163,-0.8294274210929871,1214
population,28,carpet,37,4900,0.0960255116224289,0.08495216071605682,-8.988758087158203,0.005423870403319597,0.9170771241188049,-7.0,7.0,8.886619567871094,0.9743918776512146,1.3153125047683716,-0.7654846906661987,1215
population,28,carpet,38,4900,0.22412994503974915,0.22608794271945953,-9.38253402709961,0.005428934004157782,7.871549606323242,-7.0,7.0,8.72553539276123,0.9262181520462036,1.3676888942718506,-0.8454501032829285,1216
population,28,carpet,39,4900,0.13066527247428894,0.11239118874073029,-9.07746696472168,0.005434077698737383,9.598817825317383,-7.0,7.0,8.67060661315918,0.7442808151245117,1.3961905241012573,-0.8317956924438477,1217
population,28,carpet,40,4900,0.14160659909248352,0.1756720393896103,-8.827242851257324,0.005439296364784241,11.968530654907227,-7.0,7.0,8.814834594726562,1.1314942836761475,1.45708429813385,-0.8823251724243164,1218
population,28,carpet,41,4900,0.27271413803100586,0.2503255009651184,-8.849300384521484,0.005444582086056471,13.318370819091797,-7.0,7.0,8.739738464355469,0.8586907982826233,1.4751079082489014,-0.8608232736587524,1219
population,28,carpet,42,4900,0.07752837240695953,0.12471476942300797,-9.137093544006348,0.005449927411973476,11.26054573059082,-7.0,7.0,8.815018653869629,1.0052032470703125,1.4564247131347656,-0.8876509070396423,1220
population,28,carpet,43,4900,0.117873415350914,0.0954531580209732,-9.582598686218262,0.0054552131332457066,4.181243896484375,-7.0,7.0,9.164133071899414,1.2424838542938232,1.2737373113632202,-0.942874550819397,1221
population,28,carpet,44,4900,0.07512568682432175,0.08427459001541138,-9.137691497802734,0.005460561718791723,18.24956703186035,-7.0,7.0,8.951428413391113,1.1256065368652344,1.562191367149353,-0.8932022452354431,1222
population,28,carpet,45,4900,0.08646675944328308,0.0912037193775177,-8.806983947753906,0.005465964321047068,31.38779067993164,-7.0,7.0,8.751502990722656,0.9271197319030762,1.6893625259399414,-0.9470807313919067,1223
population,28,carpet,46,4900,0.07589918375015259,0.07984734326601028,-9.236924171447754,0.005471419543027878,38.31519317626953,-7.0,7.0,9.181831359863281,1.2388957738876343,1.7979118824005127,-0.9455910325050354,1224
population,28,carpet,47,4900,0.08584756404161453,0.09987561404705048,-9.439460754394531,0.005476922262459993,22.55217933654785,-7.0,7.0,9.004768371582031,1.060164451599121,1.5514551401138306,-0.962424099445343,1225
population,28,carpet,48,4900,0.06865021586418152,0.09228471666574478,-8.944523811340332,0.005482466891407967,21.483142852783203,-7.0,7.0,8.670849800109863,0.8158223032951355,1.54763662815094,-0.9626509547233582,1226
population,28,carpet,49,4900,0.1430830955505371,0.17568252980709076,-8.69871997833252,0.005488051101565361,18.903478622436523,-7.0,7.0,8.777149200439453,0.9994367361068726,1.4592398405075073,-0.9832618832588196,1227
population,28,carpet,50,4900,0.06724616885185242,0.10596680641174316,-9.214468955993652,0.005493669770658016,27.864133834838867,-7.0,7.0,9.286529541015625,0.9975071549415588,1.7316924333572388,-0.9379878044128418,1228
individual,29,carpet,1,5075,0.1088876873254776,0.07086734473705292,-9.42477798461914,0.004358160775154829,7.897800922393799,-7.0,7.0,9.115829467773438,1.0447933673858643,1.3183839321136475,-0.8807234168052673,1229
individual,29,carpet,2,5075,0.046874478459358215,0.06540188193321228,-9.001004219055176,0.004360339138656855,9.240915298461914,-7.0,7.0,8.78076457977295,1.2321057319641113,1.377839207649231,-0.8829336762428284,1230
individual,29,carpet,3,5075,0.04628646373748779,0.03209958225488663,-9.09306526184082,0.004362763836979866,7.099636554718018,-7.0,7.0,8.957852363586426,1.2046830654144287,1.299464464187622,-0.8662863969802856,1231
individual,29,carpet,4,5075,0.06639092415571213,0.12767300009727478,-9.043896675109863,0.0043654111213982105,6.2589545249938965,-7.0,7.0,9.17579460144043,0.8907762765884399,1.257285237312317,-0.8967608213424683,1232
individual,29,carpet,5,5075,0.04849414899945259,0.09814424812793732,-9.165531158447266,0.004368257708847523,8.652058601379395,-7.0,7.0,9.252920150756836,0.9385133981704712,1.2738893032073975,-0.9138603806495667,1233
individual,29,carpet,6,5075,0.06967046856880188,0.08537228405475616,-9.335362434387207,0.00437128497287631,12.960811614990234,-7.0,7.0,8.948627471923828,1.1139665842056274,1.3759981393814087,-0.9371293187141418,1234
individual,29,carpet,7,5075,0.0918927788734436,0.1678830087184906,-9.466062545776367,0.004374475218355656,7.791036128997803,-7.0,7.0,9.043858528137207,1.116963505744934,1.2953141927719116,-0.8618553280830383,1235
individual,29,carpet,8,5075,0.0775289461016655,0.05336584150791168,-8.836777687072754,0.004377628210932016,3.2462759017944336,-7.0,7.0,8.696708679199219,0.9932001829147339,1.259917974472046,-0.8981738686561584,1236
individual,29,carpet,9,5075,0.06311482936143875,0.09550898522138596,-8.828475952148438,0.004380096215754747,-4.3515119552612305,-7.0,7.0,8.813117980957031,0.9313871264457703,1.2115671634674072,-0.8868082761764526,1237
individual,29,carpet,10,5075,0.06542790681123734,0.04495687037706375,-9.003355979919434,0.004382783081382513,7.789527416229248,-7.0,7.0,8.744324684143066,0.9487574696540833,1.2803794145584106,-0.9120988845825195,1238
individual,29,carpet,11,5075,0.04367508366703987,0.05232981964945793,-9.014822006225586,0.0043856678530573845,13.257951736450195,-7.0,7.0,8.666800498962402,0.9633827209472656,1.3554621934890747,-0.9151014685630798,1239
individual,29,carpet,12,5075,0.07012772560119629,0.15052223205566406,-9.20802116394043,0.004388732835650444,10.739227294921875,-7.0,7.0,8.84774398803711,1.0077018737792969,1.3519477844238281,-0.9758973717689514,1240
individual,29,carpet,13,5075,0.04763555899262428,0.05946566164493561,-9.167974472045898,0.004391958937048912,12.498990058898926,-7.0,7.0,8.90124797821045,1.1139576435089111,1.3381966352462769,-1.0069278478622437,1241
individual,29,carpet,14,5075,0.1247384250164032,0.2537543475627899,-8.674525260925293,0.004395329859107733,7.822088241577148,-7.0,7.0,8.822986602783203,0.975382387638092,1.2951583862304688,-0.9708347320556641,1242
individual,29,carpet,15,5075,0.08266381919384003,0.12524759769439697,-9.198114395141602,0.004398619290441275,2.9124650955200195,-7.0,7.0,9.212186813354492,1.062508463859558,1.1642307043075562,-0.922785222530365,1243
individual,29,carpet,16,5075,0.11971309781074524,0.16065597534179688,-9.458528518676758,0.004401680547744036,1.1210994720458984,-7.0,7.0,8.89543342590332,1.026031494140625,1.2046221494674683,-0.9039843678474426,1244
individual,29,carpet,17,5075,0.031603727489709854,0.15384864807128906,-9.480894088745117,0.004404905717819929,8.304698944091797,-7.0,7.0,9.139208793640137,1.2683252096176147,1.3025906085968018,-0.9335318207740784,1245
individual,29,carpet,18,5075,0.15251006186008453,0.12634554505348206,-9.174385070800781,0.004408278036862612,11.613548278808594,-7.0,7.0,9.272838592529297,1.0402650833129883,1.330919861793518,-0.9005762934684753,1246
individual,29,carpet,19,5075,0.051537685096263885,0.15623700618743896,-8.76351261138916,0.004411783535033464,11.74151611328125,-7.0,7.0,8.656320571899414,0.9134203195571899,1.3339358568191528,-0.8762611746788025,1247
individual,29,carpet,20,5075,0.11582356691360474,0.029150627553462982,-9.14282512664795,0.00441540963947773,11.804189682006836,-7.0,7.0,8.757966995239258,0.8975786566734314,1.3200271129608154,-0.9372787475585938,1248
individual,29,carpet,21,5075,0.1395631730556488,0.22283115983009338,-9.647406578063965,0.004419011529535055,3.8652429580688477,-7.0,7.0,9.151351928710938,0.943330705165863,1.2511926889419556,-0.9092749357223511,1249
individual,29,carpet,22,5075,0.14101049304008484,0.025583762675523758,-8.875755310058594,0.004422726109623909,5.465295791625977,-7.0,7.0,8.961562156677246,0.8331954479217529,1.261642575263977,-0.8714426755905151,1250
individual,29,carpet,23,5075,0.1355145126581192,0.1121336817741394,-8.717374801635742,0.004426542669534683,14.45313835144043,-7.0,7.0,8.777865409851074,0.9408767223358154,1.378785252571106,-0.9264014959335327,1251
individual,29,carpet,24,5075,0.09668168425559998,0.1286976933479309,-9.133856773376465,0.004430305678397417,3.7417984008789062,-7.0,7.0,9.091222763061523,1.2910029888153076,1.2167199850082397,-0.8659126162528992,1252
individual,29,carpet,25,5075,0.14504803717136383,0.05674270540475845,-9.350082397460938,0.004434166941791773,10.00181770324707,-7.0,7.0,8.946258544921875,1.0508962869644165,1.3161364793777466,-0.8769693374633789,1253
individual,29,carpet,26,5075,0.06908969581127167,0.12042180448770523,-9.312762260437012,0.00443811621516943,10.952549934387207,-7.0,7.0,9.09511661529541,0.8660874962806702,1.3578039407730103,-0.9258944392204285,1254
individual,29,carpet,27,5075,0.1486450582742691,0.045122016221284866,-9.186065673828125,0.004442145116627216,7.841993808746338,-7.0,7.0,9.36128044128418,1.023383617401123,1.32407546043396,-0.872765839099884,1255
individual,29,carpet,28,5075,0.13454583287239075,0.10814864933490753,-9.161728858947754,0.004446245729923248,12.05200481414795,-7.0,7.0,9.191130638122559,1.2685167789459229,1.3465144634246826,-0.8702420592308044,1256
individual,29,carpet,29,5075,0.15086618065834045,0.08664730191230774,-9.123483657836914,0.00445041386410594,19.791568756103516,-7.0,7.0,8.85099983215332,0.9955286979675293,1.4592489004135132,-0.8647233247756958,1257
individual,29,carpet,30,5075,0.09823396056890488,0.05761528015136719,-9.598286628723145,0.00445406511425972,-1.1944375038146973,-7.0,7.0,9.150005340576172,1.058010220527649,1.225135087966919,-0.8317819833755493,1258
individual,29,carpet,31,5075,0.08872219920158386,0.05048828199505806,-9.323301315307617,0.004457566887140274,2.393602132797241,-7.0,7.0,9.226188659667969,1.091442346572876,1.2764919996261597,-0.8325749635696411,1259
individual,29,carpet,32,5075,0.09070856124162674,0.04028220847249031,-9.119848251342773,0.004460994619876146,3.116830825805664,-7.0,7.0,8.9987154006958,1.169324278831482,1.253557562828064,-0.8193488717079163,1260
individual,29,carpet,33,5075,0.04217801243066788,0.05723954737186432,-9.17171573638916,0.0044645569287240505,13.508259773254395,-7.0,7.0,8.869355201721191,1.055239200592041,1.3782718181610107,-0.823151707649231,1261
individual,29,carpet,34,5075,0.13037051260471344,0.026941969990730286,-9.382455825805664,0.004467906896024942,1.5878517627716064,-7.0,7.0,9.007637023925781,1.0083749294281006,1.1946486234664917,-0.8163294792175293,1262
individual,29,carpet,35,5075,0.08068902045488358,0.06759027391672134,-9.770187377929688,0.004471399821341038,9.565982818603516,-7.0,7.0,9.363311767578125,1.203427791595459,1.3998368978500366,-0.8191629648208618,1263
individual,29,carpet,36,5075,0.15083134174346924,0.05803142115473747,-9.30845832824707,0.004475021734833717,12.769850730895996,-7.0,7.0,9.24162769317627,1.2384288311004639,1.3288508653640747,-0.8429317474365234,1264
individual,29,carpet,37,5075,0.06325724720954895,0.05172477290034294,-9.252714157104492,0.004478761926293373,9.078096389770508,-7.0,7.0,8.930767059326172,1.165046215057373,1.2972486019134521,-0.8323798775672913,1265
individual,29,carpet,38,5075,0.07126697897911072,0.04651029035449028,-9.56016731262207,0.004482584074139595,5.150990009307861,-7.0,7.0,9.25362777709961,1.3012022972106934,1.280299186706543,-0.8449910879135132,1266
individual,29,carpet,39,5075,0.06330502033233643,0.08849009871482849,-9.318918228149414,0.004486504010856152,12.227296829223633,-7.0,7.0,9.204671859741211,1.0592825412750244,1.383900761604309,-0.877953052520752,1267
individual,29,carpet,40,5075,0.13239043951034546,0.13195665180683136,-9.39427375793457,0.004490512423217297,11.127321243286133,-7.0,7.0,9.162349700927734,1.196902871131897,1.3188363313674927,-0.8713173270225525,1268
individual,29,carpet,41,5075,0.041964102536439896,0.06216013804078102,-9.48973274230957,0.004494601860642433,15.516180038452148,-7.0,7.0,9.192924499511719,1.030237078666687,1.3507875204086304,-0.8742097020149231,1269
individual,29,carpet,42,5075,0.03875870630145073,0.04245513677597046,-9.350868225097656,0.00449876394122839,10.463361740112305,-7.0,7.0,9.03657341003418,0.9113703370094299,1.390492558479309,-0.8902623057365417,1270
individual,29,carpet,43,5075,0.08558531850576401,0.08760365098714828,-9.323219299316406,0.004502882249653339,4.164455413818359,-7.0,7.0,9.17563533782959,0.9916694760322571,1.2190430164337158,-0.8795488476753235,1271
individual,29,carpet,44,5075,0.03804677352309227,0.04243128001689911,-9.435638427734375,0.00450707133859396,22.837352752685547,-7.0,7.0,9.189994812011719,1.1903791427612305,1.4788554906845093,-0.9200676083564758,1272
individual,29,carpet,45,5075,0.05292104184627533,0.0718991830945015,-9.324193954467773,0.004511326551437378,16.632518768310547,-7.0,7.0,8.819184303283691,0.9184626340866089,1.3876380920410156,-0.8942673802375793,1273
individual,29,carpet,46,5075,0.04019438847899437,0.05748538672924042,-9.7025146484375,0.004515639506280422,16.702098846435547,-7.0,7.0,9.335546493530273,1.3493119478225708,1.3439794778823853,-0.9007282257080078,1274
individual,29,carpet,47,5075,0.04754667729139328,0.08487043529748917,-9.480026245117188,0.004520004149526358,13.249982833862305,-7.0,7.0,9.345114707946777,0.7668749094009399,1.3681079149246216,-0.9376813173294067,1275
individual,29,carpet,48,5075,0.038489241153001785,0.0469055250287056,-9.418769836425781,0.004524418152868748,14.20343017578125,-7.0,7.0,9.238763809204102,1.0762749910354614,1.3703910112380981,-0.9520820379257202,1276
individual,29,carpet,49,5075,0.031587809324264526,0.03239498659968376,-9.742633819580078,0.004528875462710857,15.33102798461914,-7.0,7.0,9.410009384155273,1.2044763565063477,1.4097251892089844,-0.9392584562301636,1277
individual,29,carpet,50,5075,0.05347335338592529,0.06954940408468246,-9.802746772766113,0.004533371422439814,17.804290771484375,-7.0,7.0,9.387861251831055,1.2581510543823242,1.418898582458496,-0.9191027283668518,1278
population,29,carpet,1,5075,0.06439956277608871,0.09142806380987167,-9.521000862121582,0.005499320570379496,29.10881996154785,-7.0,7.0,9.13343334197998,1.0118099451065063,1.672534704208374,-0.9756113290786743,1229
population,29,carpet,2,5075,0.14123181998729706,0.20248256623744965,-9.636428833007812,0.005505003500729799,14.124256134033203,-7.0,7.0,9.13219928741455,1.2070996761322021,1.4557691812515259,-0.9551076889038086,1230
population,29,carpet,3,5075,0.06374576687812805,0.07936825603246689,-9.201496124267578,0.0055107129737734795,15.851046562194824,-7.0,7.0,9.083076477050781,1.2350887060165405,1.5330911874771118,-0.9209381341934204,1231
population,29,carpet,4,5075,0.1071346253156662,0.1171942800283432,-8.726264953613281,0.005516447126865387,8.914560317993164,-7.0,7.0,8.784205436706543,1.0642989873886108,1.393904685974121,-0.8817225694656372,1232
population,29,carpet,5,5075,0.04028995707631111,0.04882293939590454,-9.437358856201172,0.0055222054943442345,8.112095832824707,-7.0,7.0,9.308064460754395,0.861838698387146,1.3398829698562622,-0.8912811279296875,1233
population,29,carpet,6,5075,0.11159984767436981,0.13604134321212769,-9.558237075805664,0.0055279857479035854,6.505885601043701,-7.0,7.0,9.140907287597656,1.0782818794250488,1.3824049234390259,-0.8721403479576111,1234
population,29,carpet,7,5075,0.08047951012849808,0.10296320915222168,-8.95483684539795,0.005533785093575716,8.892303466796875,-7.0,7.0,8.812989234924316,1.0120620727539062,1.4159352779388428,-0.8734195828437805,1235
population,29,carpet,8,5075,0.06475360691547394,0.08225414901971817,-9.096962928771973,0.0055396039970219135,9.311554908752441,-7.0,7.0,9.042901992797852,1.1156624555587769,1.4302188158035278,-0.908227264881134,1236
population,29,carpet,9,5075,0.09980689734220505,0.1308719366788864,-9.257574081420898,0.005545296706259251,3.9157698154449463,-7.0,7.0,9.196378707885742,1.1617507934570312,1.312054991722107,-0.9425305724143982,1237
population,29,carpet,10,5075,0.0740702748298645,0.07799764722585678,-9.511263847351074,0.0055510192178189754,10.210593223571777,-7.0,7.0,9.225367546081543,1.0022121667861938,1.3634618520736694,-0.8870074152946472,1238
population,29,carpet,11,5075,0.05194971710443497,0.05467832088470459,-9.456476211547852,0.005556419026106596,2.1049981117248535,-7.0,7.0,9.198442459106445,1.0462549924850464,1.2962909936904907,-0.8747691512107849,1239
population,29,carpet,12,5075,0.046781472861766815,0.047835517674684525,-9.299667358398438,0.005561259109526873,-0.24902725219726562,-7.0,7.0,9.16610336303711,1.069684386253357,1.2962027788162231,-0.8111889958381653,1240
population,29,carpet,13,5075,0.08908344805240631,0.08216458559036255,-9.355107307434082,0.005566068924963474,3.915651798248291,-7.0,7.0,9.287703514099121,1.3382065296173096,1.365940809249878,-0.8303263783454895,1241
population,29,carpet,14,5075,0.07704280316829681,0.07135682553052902,-9.306333541870117,0.005570999812334776,9.414773941040039,-7.0,7.0,9.031167984008789,0.9375013113021851,1.4396827220916748,-0.8317556381225586,1242
population,29,carpet,15,5075,0.04168905317783356,0.038258641958236694,-9.003007888793945,0.005576038733124733,9.756316184997559,-7.0,7.0,8.739216804504395,0.8653640747070312,1.410813570022583,-0.874701201915741,1243
population,29,carpet,16,5075,0.05467475205659866,0.04909484088420868,-9.487727165222168,0.005581047385931015,4.046135902404785,-7.0,7.0,9.108198165893555,1.0932812690734863,1.4038337469100952,-0.7980793714523315,1244
population,29,carpet,17,5075,0.029068518429994583,0.026704080402851105,-9.44958782196045,0.0055861566215753555,7.854305267333984,-7.0,7.0,9.192255020141602,1.2632511854171753,1.3624556064605713,-0.8432387113571167,1245
population,29,carpet,18,5075,0.09636995941400528,0.10999320447444916,-9.496583938598633,0.0055901589803397655,-12.869733810424805,-7.0,7.0,9.42800521850586,1.1471859216690063,1.2021347284317017,-0.7727841138839722,1246
population,29,carpet,19,5075,0.0712587982416153,0.08074973523616791,-9.373201370239258,0.00559340650215745,-3.0970447063446045,-7.0,7.0,9.110779762268066,0.9742986559867859,1.280824065208435,-0.7875345945358276,1247
population,29,carpet,20,5075,0.09970711171627045,0.11214917153120041,-9.725345611572266,0.005596306640654802,-0.22429853677749634,-7.0,7.0,9.129905700683594,1.1590315103530884,1.3006093502044678,-0.84281986951828,1248
population,29,carpet,21,5075,0.0405532643198967,0.05316317081451416,-9.710050582885742,0.005598890129476786,-0.25506746768951416,-7.0,7.0,9.337695121765137,1.1768689155578613,1.2416757345199585,-0.8138930201530457,1249
population,29,carpet,22,5075,0.12155690044164658,0.1442088633775711,-9.27718734741211,0.005601632874459028,3.5642824172973633,-7.0,7.0,9.174243927001953,1.136893391609192,1.2635082006454468,-0.8645656704902649,1250
population,29,carpet,23,5075,0.06788621097803116,0.06971651315689087,-9.237849235534668,0.0056038182228803635,-2.443798542022705,-7.0,7.0,9.000263214111328,1.1090424060821533,1.3018137216567993,-0.8113312721252441,1251
population,29,carpet,24,5075,0.04251488298177719,0.06005106121301651,-9.709592819213867,0.0056063891388475895,10.91720199584961,-7.0,7.0,9.252469062805176,1.1186312437057495,1.4062309265136719,-0.9476340413093567,1252
population,29,carpet,25,5075,0.07420080155134201,0.09184177219867706,-9.371798515319824,0.0056093065068125725,20.47632598876953,-7.0,7.0,8.823617935180664,0.8809763193130493,1.511739730834961,-0.956119954586029,1253
population,29,carpet,26,5075,0.059901341795921326,0.08275391906499863,-9.778386116027832,0.0056125386618077755,33.601497650146484,-7.0,7.0,9.595324516296387,1.2042773962020874,1.6541193723678589,-1.0612452030181885,1254
population,29,carpet,27,5075,0.09183118492364883,0.09629545360803604,-9.428258895874023,0.005616053938865662,48.94864273071289,-7.0,7.0,9.423876762390137,1.4254876375198364,1.8593791723251343,-1.1362329721450806,1255
population,29,carpet,28,5075,0.04235561192035675,0.037790633738040924,-9.432083129882812,0.0056198230013251305,46.866127014160156,-7.0,7.0,9.06649398803711,0.8593902587890625,1.7634462118148804,-1.1700575351715088,1256
population,29,carpet,29,5075,0.05687626451253891,0.0790257379412651,-9.644207000732422,0.005623822566121817,34.36595916748047,-7.0,7.0,9.2078275680542,1.225859522819519,1.7303645610809326,-1.123419165611267,1257
population,29,carpet,30,5075,0.06596536189317703,0.06204400956630707,-9.372369766235352,0.0056280288845300674,51.851531982421875,-7.0,7.0,9.209495544433594,0.9427453279495239,1.9212735891342163,-1.2296216487884521,1258
population,29,carpet,31,5075,0.041797179728746414,0.05712038651108742,-8.947948455810547,0.005632423795759678,32.97617721557617,-7.0,7.0,8.837902069091797,1.1408809423446655,1.696421504020691,-1.0645402669906616,1259
population,29,carpet,32,5075,0.05355719476938248,0.053043778985738754,-9.312066078186035,0.005636988673359156,29.36444854736328,-7.0,7.0,9.139859199523926,0.9142600297927856,1.6467933654785156,-1.062364101409912,1260
population,29,carpet,33,5075,0.0322832390666008,0.034986477345228195,-9.293177604675293,0.005641705356538296,33.054893493652344,-7.0,7.0,9.099664688110352,1.044449806213379,1.675446629524231,-0.9983348250389099,1261
population,29,carpet,34,5075,0.08398807793855667,0.06706980615854263,-8.945821762084961,0.005646560341119766,16.992382049560547,-7.0,7.0,8.985414505004883,0.947956383228302,1.4721863269805908,-0.9338166117668152,1262
population,29,carpet,35,5075,0.03435017168521881,0.04148561507463455,-9.544784545898438,0.00565154105424881,20.941436767578125,-7.0,7.0,9.430023193359375,1.157224178314209,1.5233676433563232,-0.8994407653808594,1263
population,29,carpet,36,5075,0.06719878315925598,0.057433001697063446,-9.251949310302734,0.0056566339917480946,9.04913330078125,-7.0,7.0,9.014815330505371,1.118978500366211,1.421639084815979,-0.7983326315879822,1264
population,29,carpet,37,5075,0.05638175830245018,0.06294020265340805,-9.905048370361328,0.005661831237375736,11.778270721435547,-7.0,7.0,9.654311180114746,1.2581948041915894,1.4255180358886719,-0.8055701851844788,1265
population,29,carpet,38,5075,0.10144510865211487,0.08696150034666061,-9.270365715026855,0.005666171666234732,-2.918403387069702,-7.0,7.0,9.198186874389648,0.9286617040634155,1.3956845998764038,-0.715825080871582,1266
population,29,carpet,39,5075,0.04616963863372803,0.04784621670842171,-9.802606582641602,0.005670163314789534,0.6957159042358398,-7.0,7.0,9.570402145385742,1.224746584892273,1.3610880374908447,-0.7307713627815247,1267
population,29,carpet,40,5075,0.04695161432027817,0.04623744264245033,-9.58102798461914,0.0056735253892838955,-2.002363443374634,-7.0,7.0,9.275625228881836,1.0531582832336426,1.2891799211502075,-0.6776111721992493,1268
population,29,carpet,41,5075,0.05704868212342262,0.06543706357479095,-9.74365234375,0.005675941705703735,-7.295560359954834,-7.0,7.0,9.484743118286133,1.1122087240219116,1.2447322607040405,-0.6476423144340515,1269
population,29,carpet,42,5075,0.042480528354644775,0.03424855321645737,-9.513625144958496,0.005678023211658001,-0.7910016775131226,-7.0,7.0,9.226848602294922,1.2733218669891357,1.282339334487915,-0.6332277655601501,1270
population,29,carpet,43,5075,0.04517832398414612,0.05003707483410835,-9.249582290649414,0.005679285153746605,-16.566545486450195,-7.0,7.0,9.030343055725098,0.8418248295783997,1.1507045030593872,-0.5855959057807922,1271
population,29,carpet,44,5075,0.040101468563079834,0.04737496376037598,-9.688097953796387,0.005679810419678688,-10.589398384094238,-7.0,7.0,9.5077543258667,1.0935440063476562,1.2198336124420166,-0.5990492105484009,1272
population,29,carpet,45,5075,0.05767646059393883,0.03970075398683548,-9.562561988830566,0.005679826717823744,-3.8616347312927246,-7.0,7.0,9.223273277282715,0.9843865036964417,1.2634837627410889,-0.6198835372924805,1273
population,29,carpet,46,5075,0.03836743161082268,0.04164829105138779,-9.76369571685791,0.005679228343069553,-7.781047821044922,-7.0,7.0,9.55174732208252,1.3434876203536987,1.247567892074585,-0.6807728409767151,1274
population,29,carpet,47,5075,0.035345472395420074,0.04718879237771034,-9.492677688598633,0.005678532179445028,-1.3400533199310303,-7.0,7.0,9.2224702835083,0.9062035083770752,1.2525275945663452,-0.6870693564414978,1275
population,29,carpet,48,5075,0.04070458561182022,0.04156779497861862,-9.64068603515625,0.005677714478224516,-1.6005141735076904,-7.0,7.0,9.337457656860352,1.1659425497055054,1.308087706565857,-0.704721987247467,1276
population,29,carpet,49,5075,0.04679713398218155,0.04975865036249161,-9.64256763458252,0.005676780827343464,-1.6791367530822754,-7.0,7.0,9.359689712524414,1.1669732332229614,1.2489087581634521,-0.7262411117553711,1277
population,29,carpet,50,5075,0.03371282294392586,0.044188179075717926,-9.489420890808105,0.0056753274984657764,-10.082704544067383,-7.0,7.0,9.29874324798584,1.2140183448791504,1.2554872035980225,-0.7317672967910767,1278
individual,30,carpet,1,5250,0.05150706321001053,0.06856410205364227,-9.462847709655762,0.0045379046350717545,19.456905364990234,-7.0,7.0,9.002307891845703,0.9608908295631409,1.4453424215316772,-0.9989414215087891,1279
individual,30,carpet,2,5250,0.0509430430829525,0.06289049237966537,-9.400182723999023,0.004542472772300243,10.994932174682617,-7.0,7.0,9.231658935546875,0.8856028914451599,1.3745054006576538,-0.9418156743049622,1280
individual,30,carpet,3,5250,0.06138300523161888,0.10042504966259003,-9.33743667602539,0.004547069314867258,22.942916870117188,-7.0,7.0,9.161320686340332,0.7603272199630737,1.533758282661438,-0.9882012605667114,1281
individual,30,carpet,4,5250,0.06989502906799316,0.08713491261005402,-9.383909225463867,0.0045516942627727985,28.53612518310547,-7.0,7.0,9.005143165588379,0.9508850574493408,1.5318973064422607,-1.0303006172180176,1282
individual,30,carpet,5,5250,0.08964978158473969,0.08209294080734253,-9.58919906616211,0.004556345287710428,24.971675872802734,-7.0,7.0,9.154949188232422,1.1616524457931519,1.463409185409546,-0.9941641688346863,1283
individual,30,carpet,6,5250,0.0718601644039154,0.07843121141195297,-9.622163772583008,0.004561019130051136,23.890338897705078,-7.0,7.0,9.0794038772583,0.9264413714408875,1.5387903451919556,-1.0186716318130493,1284
individual,30,carpet,7,5250,0.06515716761350632,0.048806674778461456,-9.357985496520996,0.004565714858472347,19.272796630859375,-7.0,7.0,9.218729972839355,1.0342772006988525,1.4274351596832275,-1.0619261264801025,1285
individual,30,carpet,8,5250,0.15764595568180084,0.18085376918315887,-9.080322265625,0.004570430610328913,23.74044418334961,-7.0,7.0,9.172025680541992,0.8935537338256836,1.5684632062911987,-1.0588057041168213,1286
individual,30,carpet,9,5250,0.09894966334104538,0.10309013724327087,-9.609275817871094,0.004575164522975683,22.873783111572266,-7.0,7.0,9.3219575881958,1.2554755210876465,1.5072612762451172,-1.0324610471725464,1287
individual,30,carpet,10,5250,0.053574204444885254,0.046964507550001144,-9.6747407913208,0.004579916130751371,24.549985885620117,-7.0,7.0,9.233492851257324,0.9240642786026001,1.538745641708374,-1.04788339138031,1288
individual,30,carpet,11,5250,0.051309652626514435,0.09928040951490402,-9.874502182006836,0.004584684036672115,30.931705474853516,-7.0,7.0,9.275883674621582,0.8587503433227539,1.6205414533615112,-1.0729132890701294,1289
individual,30,carpet,12,5250,0.1313665509223938,0.07449744641780853,-9.688559532165527,0.004589467775076628,28.695144653320312,-7.0,7.0,9.545513153076172,1.0774142742156982,1.5526468753814697,-1.1097413301467896,1290
individual,30,carpet,13,5250,0.098813496530056,0.15392431616783142,-9.7667818069458,0.004594265017658472,30.507553100585938,-7.0,7.0,9.752004623413086,0.8999365568161011,1.5647995471954346,-1.0992693901062012,1291
individual,30,carpet,14,5250,0.07453738898038864,0.06362083554267883,-9.56484317779541,0.004599073901772499,31.798582077026367,-7.0,7.0,9.166948318481445,0.9559891819953918,1.6509801149368286,-1.082650065422058,1292
individual,30,carpet,15,5250,0.10424486547708511,0.11054009199142456,-9.639739990234375,0.004603894427418709,38.57697296142578,-7.0,7.0,9.036006927490234,0.9306944012641907,1.6858799457550049,-1.1121236085891724,1293
individual,30,carpet,16,5250,0.059773363173007965,0.08179303258657455,-9.97545051574707,0.004608726594597101,26.91765785217285,-7.0,7.0,9.594898223876953,1.116032361984253,1.5544474124908447,-1.1023768186569214,1294
individual,30,carpet,17,5250,0.08804800361394882,0.0748794823884964,-9.475845336914062,0.004613570403307676,42.99391174316406,-7.0,7.0,9.346603393554688,0.9972547292709351,1.7529422044754028,-1.1157877445220947,1295
individual,30,carpet,18,5250,0.066399484872818,0.06015098839998245,-9.303595542907715,0.004618423990905285,37.145206451416016,-7.0,7.0,9.1984281539917,1.0010607242584229,1.6654462814331055,-1.1251509189605713,1296
individual,30,carpet,19,5250,0.06847914308309555,0.0473901703953743,-9.64432430267334,0.00462328689172864,34.20912551879883,-7.0,7.0,9.422913551330566,1.213909387588501,1.7276300191879272,-1.082789659500122,1297
individual,30,carpet,20,5250,0.0974084660410881,0.0846029743552208,-10.081792831420898,0.0046281591057777405,53.76475524902344,-7.0,7.0,9.758660316467285,0.8385154604911804,1.8869396448135376,-1.1441013813018799,1298
individual,30,carpet,21,5250,0.07678312808275223,0.11397820711135864,-9.850268363952637,0.004633041098713875,39.82509231567383,-7.0,7.0,9.459856986999512,1.0434627532958984,1.6802040338516235,-1.0971866846084595,1299
individual,30,carpet,22,5250,0.04745340347290039,0.04631747305393219,-9.562385559082031,0.004637930542230606,36.35293960571289,-7.0,7.0,9.439882278442383,1.1614336967468262,1.7164312601089478,-1.0586656332015991,1300
individual,30,carpet,23,5250,0.06469279527664185,0.09069182723760605,-9.283950805664062,0.004642827436327934,42.89724349975586,-7.0,7.0,9.33823013305664,0.9318152070045471,1.8367230892181396,-1.0841798782348633,1301
individual,30,carpet,24,5250,0.04989755153656006,0.07318951934576035,-9.430371284484863,0.004647733643651009,42.136573791503906,-7.0,7.0,9.487009048461914,1.1990551948547363,1.7926461696624756,-1.0320767164230347,1302
individual,30,carpet,25,5250,0.08119723945856094,0.10396814346313477,-9.519639015197754,0.00465264730155468,26.996780395507812,-7.0,7.0,9.246495246887207,1.1414774656295776,1.6506385803222656,-0.9381494522094727,1303
individual,30,carpet,26,5250,0.0842980295419693,0.12884433567523956,-9.354531288146973,0.0046575660817325115,15.642477035522461,-7.0,7.0,9.299437522888184,1.041068196296692,1.5724360942840576,-0.9084910750389099,1304
individual,30,carpet,27,5250,0.07449356466531754,0.0822988897562027,-9.642646789550781,0.004662492778152227,20.633787155151367,-7.0,7.0,9.442795753479004,1.252497911453247,1.5598504543304443,-0.905856728553772,1305
individual,30,carpet,28,5250,0.05263528972864151,0.0995415672659874,-9.5165376663208,0.004667426459491253,9.537967681884766,-7.0,7.0,9.597268104553223,1.1983338594436646,1.4329910278320312,-0.8347260355949402,1306
individual,30,carpet,29,5250,0.041664596647024155,0.05378245934844017,-9.565959930419922,0.00467207795009017,2.2156729698181152,-7.0,7.0,9.408686637878418,1.1198662519454956,1.292658805847168,-0.8455958962440491,1307
individual,30,carpet,30,5250,0.07122009992599487,0.12820687890052795,-9.761031150817871,0.00467676529660821,6.335663795471191,-7.0,7.0,9.376582145690918,0.9574143886566162,1.3615715503692627,-0.8219313025474548,1308
individual,30,carpet,31,5250,0.065025195479393,0.09715251624584198,-9.614225387573242,0.00468114297837019,1.6541001796722412,-7.0,7.0,9.336105346679688,0.9038824439048767,1.3361852169036865,-0.8110681176185608,1309
individual,30,carpet,32,5250,0.04169917851686478,0.05302385240793228,-9.486271858215332,0.00468458840623498,-6.556299209594727,-7.0,7.0,9.349721908569336,0.9936513900756836,1.2281123399734497,-0.7976313829421997,1310
individual,30,carpet,33,5250,0.07057584077119827,0.12956926226615906,-9.449254035949707,0.004688027314841747,3.609548330307007,-7.0,7.0,9.352073669433594,0.9690317511558533,1.3130911588668823,-0.8123866319656372,1311
individual,30,carpet,34,5250,0.05103262886404991,0.06607548892498016,-9.835515975952148,0.004691169131547213,0.4490392208099365,-7.0,7.0,9.694507598876953,1.2250077724456787,1.2601855993270874,-0.8432731032371521,1312
individual,30,carpet,35,5250,0.042477887123823166,0.06844911724328995,-9.89112663269043,0.004694335628300905,3.611504554748535,-7.0,7.0,9.57351016998291,1.0919369459152222,1.3298838138580322,-0.8208217024803162,1313
individual,30,carpet,36,5250,0.09062603861093521,0.1278463453054428,-9.961095809936523,0.004697687923908234,9.49809455871582,-7.0,7.0,9.5607271194458,1.215402603149414,1.3492934703826904,-0.8428292870521545,1314
individual,30,carpet,37,5250,0.06353759765625,0.0819827988743782,-9.717844009399414,0.004700636491179466,-0.7730522155761719,-7.0,7.0,9.5651273727417,1.0851751565933228,1.2611122131347656,-0.785209059715271,1315
individual,30,carpet,38,5250,0.09701551496982574,0.14465045928955078,-9.327372550964355,0.004703791346400976,10.190292358398438,-7.0,7.0,9.365829467773438,0.9466807842254639,1.3846542835235596,-0.9049559831619263,1316
individual,30,carpet,39,5250,0.04714314639568329,0.06721124798059464,-9.166240692138672,0.004706463310867548,-1.838902473449707,-7.0,7.0,9.096209526062012,0.8035796880722046,1.2914314270019531,-0.816724956035614,1317
individual,30,carpet,40,5250,0.04515986517071724,0.056093841791152954,-9.629424095153809,0.00470903841778636,1.7982704639434814,-7.0,7.0,9.443562507629395,0.9212428331375122,1.2478244304656982,-0.7986248135566711,1318
individual,30,carpet,41,5250,0.03182206302881241,0.06102133169770241,-9.64504623413086,0.004711396526545286,0.39828869700431824,-7.0,7.0,9.447680473327637,1.07394278049469,1.2049676179885864,-0.8495345115661621,1319
individual,30,carpet,42,5250,0.039815664291381836,0.03518757224082947,-9.779211044311523,0.004713632166385651,1.18485426902771,-7.0,7.0,9.661418914794922,1.2309037446975708,1.2060108184814453,-0.801374077796936,1320
individual,30,carpet,43,5250,0.07737905532121658,0.1036955714225769,-9.716157913208008,0.004715143237262964,-5.432555198669434,-7.0,7.0,9.681946754455566,1.1482205390930176,1.2192838191986084,-0.8121391534805298,1321
individual,30,carpet,44,5250,0.08064164221286774,0.11847043037414551,-9.666769981384277,0.004716246854513884,-2.724445343017578,-7.0,7.0,9.552078247070312,1.0372995138168335,1.1935242414474487,-0.8049542307853699,1322
individual,30,carpet,45,5250,0.09789042174816132,0.10277369618415833,-10.117466926574707,0.004717499949038029,2.7541778087615967,-7.0,7.0,9.633584022521973,1.243725061416626,1.3195044994354248,-0.8146848678588867,1323
individual,30,carpet,46,5250,0.057614441961050034,0.042628124356269836,-9.92277717590332,0.0047182850539684296,-3.638690710067749,-7.0,7.0,9.707507133483887,1.1436153650283813,1.2076016664505005,-0.8257409334182739,1324
individual,30,carpet,47,5250,0.11286544799804688,0.10313284397125244,-9.800012588500977,0.004719031974673271,0.403486430644989,-7.0,7.0,9.76241683959961,1.2373497486114502,1.3121267557144165,-0.7945008873939514,1325
individual,30,carpet,48,5250,0.06167777255177498,0.04996413365006447,-9.867664337158203,0.00471923453733325,-4.969444751739502,-7.0,7.0,9.62932014465332,1.1345500946044922,1.1843969821929932,-0.8213013410568237,1326
individual,30,carpet,49,5250,0.037186093628406525,0.03920983523130417,-9.755083084106445,0.004719923250377178,6.363250732421875,-7.0,7.0,9.576858520507812,1.009387731552124,1.359791874885559,-0.8696850538253784,1327
individual,30,carpet,50,5250,0.025985263288021088,0.039430443197488785,-9.83489990234375,0.004720708820968866,1.757615089416504,-7.0,7.0,9.56375789642334,1.05327570438385,1.2694753408432007,-0.8269332051277161,1328
population,30,carpet,1,5250,0.03980249911546707,0.035247985273599625,-9.792489051818848,0.005674631800502539,7.4021430015563965,-7.0,7.0,9.469560623168945,1.0894187688827515,1.4330995082855225,-0.7570522427558899,1279
population,30,carpet,2,5250,0.05084017291665077,0.06294833868741989,-10.057088851928711,0.005674618296325207,5.759600639343262,-7.0,7.0,9.661663055419922,1.1479079723358154,1.3248140811920166,-0.7840269207954407,1280
population,30,carpet,3,5250,0.03887920826673508,0.035479526966810226,-9.622851371765137,0.005675218999385834,11.891111373901367,-7.0,7.0,9.41274642944336,1.0081658363342285,1.4135701656341553,-0.8302617073059082,1281
population,30,carpet,4,5250,0.08979769051074982,0.05286073684692383,-9.88074016571045,0.005676371976733208,16.353435516357422,-7.0,7.0,9.54084300994873,1.0794155597686768,1.4665175676345825,-0.8772076368331909,1282
population,30,carpet,5,5250,0.09193675220012665,0.10155165195465088,-9.580178260803223,0.005678020417690277,16.727012634277344,-7.0,7.0,9.479866027832031,1.022302508354187,1.4585644006729126,-0.8889199495315552,1283
population,30,carpet,6,5250,0.05377911403775215,0.07509288191795349,-10.097868919372559,0.005680119153112173,21.316598892211914,-7.0,7.0,9.79727840423584,1.0965814590454102,1.5290873050689697,-0.9141349792480469,1284
population,30,carpet,7,5250,0.07251095026731491,0.09500927478075027,-9.683979988098145,0.005682619754225016,25.98258399963379,-7.0,7.0,9.414430618286133,1.0306836366653442,1.5788182020187378,-0.9543408751487732,1285
population,30,carpet,8,5250,0.032563552260398865,0.03739430382847786,-9.682004928588867,0.005685484502464533,19.74288558959961,-7.0,7.0,9.487412452697754,1.359657883644104,1.5500831604003906,-0.9221834540367126,1286
population,30,carpet,9,5250,0.05141359567642212,0.05227106064558029,-9.500529289245605,0.005688676610589027,25.809799194335938,-7.0,7.0,9.212011337280273,0.9564304947853088,1.5761550664901733,-0.9885574579238892,1287
population,30,carpet,10,5250,0.06649570167064667,0.07522644847631454,-9.829187393188477,0.005692165810614824,23.033531188964844,-7.0,7.0,9.464778900146484,1.2724660634994507,1.564890742301941,-0.9636563062667847,1288
population,30,carpet,11,5250,0.08775775134563446,0.08899670094251633,-9.710906982421875,0.005695920903235674,23.591062545776367,-7.0,7.0,9.473776817321777,1.1500346660614014,1.5892459154129028,-0.9603697657585144,1289
population,30,carpet,12,5250,0.04247596114873886,0.046198099851608276,-9.435937881469727,0.005699917674064636,25.189802169799805,-7.0,7.0,9.268545150756836,0.9940419793128967,1.6530121564865112,-0.9431303143501282,1290
population,30,carpet,13,5250,0.0696648582816124,0.06650223582983017,-9.402457237243652,0.005704129114747047,25.48597526550293,-7.0,7.0,9.41972827911377,0.9781251549720764,1.5746971368789673,-0.9348624348640442,1291
population,30,carpet,14,5250,0.04785292595624924,0.059875890612602234,-9.9048433303833,0.0057085370644927025,23.549365997314453,-7.0,7.0,9.742679595947266,1.0940635204315186,1.6280653476715088,-0.9465659260749817,1292
population,30,carpet,15,5250,0.06853144615888596,0.05754067376255989,-9.736236572265625,0.005713122896850109,15.004951477050781,-7.0,7.0,9.638782501220703,1.0682213306427002,1.4602726697921753,-0.9056630730628967,1293
population,30,carpet,16,5250,0.060704201459884644,0.06343445181846619,-9.602943420410156,0.005717867985367775,17.26156234741211,-7.0,7.0,9.603857040405273,0.9507603645324707,1.4327980279922485,-0.8554777503013611,1294
population,30,carpet,17,5250,0.09371176362037659,0.09097258746623993,-9.49449634552002,0.005722758360207081,5.3281073570251465,-7.0,7.0,9.579801559448242,1.2084836959838867,1.3853569030761719,-0.8348504304885864,1295
population,30,carpet,18,5250,0.0748472660779953,0.07695320248603821,-9.8203706741333,0.005727779120206833,11.051450729370117,-7.0,7.0,9.757460594177246,1.1979705095291138,1.4211944341659546,-0.8255121111869812,1296
population,30,carpet,19,5250,0.10206621140241623,0.1323600560426712,-9.941417694091797,0.005732563324272633,2.163344383239746,-7.0,7.0,9.613563537597656,1.027445673942566,1.3465864658355713,-0.7808862328529358,1297
population,30,carpet,20,5250,0.04596206918358803,0.05168461427092552,-9.583375930786133,0.005736473482102156,-3.338981866836548,-7.0,7.0,9.447039604187012,1.1315937042236328,1.2394649982452393,-0.7268653512001038,1298
population,30,carpet,21,5250,0.18393921852111816,0.21734265983104706,-9.445253372192383,0.005740039050579071,0.3305387496948242,-7.0,7.0,9.735806465148926,1.2975540161132812,1.2753026485443115,-0.7370868921279907,1299
population,30,carpet,22,5250,0.038037970662117004,0.02785966917872429,-9.71259593963623,0.005743488669395447,1.977239727973938,-7.0,7.0,9.550865173339844,0.9644865393638611,1.2959375381469727,-0.7171397805213928,1300
population,30,carpet,23,5250,0.10311593115329742,0.12327497452497482,-10.537094116210938,0.0057459729723632336,-10.260156631469727,-7.0,7.0,10.126554489135742,1.2079411745071411,1.1702196598052979,-0.6404749155044556,1301
population,30,carpet,24,5250,0.040232814848423004,0.033788397908210754,-9.694368362426758,0.005747589748352766,-10.45985221862793,-7.0,7.0,9.671314239501953,1.1669387817382812,1.129247784614563,-0.6745685935020447,1302
population,30,carpet,25,5250,0.09193205833435059,0.07429051399230957,-9.701339721679688,0.005748426076024771,-13.27879524230957,-7.0,7.0,9.727046966552734,1.1429336071014404,1.203757643699646,-0.7316876649856567,1303
population,30,carpet,26,5250,0.04170282557606697,0.04824420064687729,-9.547480583190918,0.0057485573925077915,-17.76815414428711,-7.0,7.0,9.348261833190918,0.8776211738586426,1.0870294570922852,-0.6946953535079956,1304
population,30,carpet,27,5250,0.10551242530345917,0.10014407336711884,-9.952842712402344,0.005748055875301361,-10.37661361694336,-7.0,7.0,9.803414344787598,1.2333931922912598,1.1815725564956665,-0.6955131888389587,1305
population,30,carpet,28,5250,0.06307901442050934,0.07675619423389435,-10.041563034057617,0.005747612100094557,0.0725240707397461,-7.0,7.0,9.727100372314453,1.3618382215499878,1.3103008270263672,-0.7267378568649292,1306
population,30,carpet,29,5250,0.05976466089487076,0.10032012313604355,-9.897132873535156,0.00574684189632535,-3.0812926292419434,-7.0,7.0,9.60245418548584,1.2117979526519775,1.2631736993789673,-0.7121558785438538,1307
population,30,carpet,30,5250,0.12161532044410706,0.13595984876155853,-9.746633529663086,0.005745666567236185,-4.011890411376953,-7.0,7.0,9.866283416748047,1.1895222663879395,1.2554136514663696,-0.7494757771492004,1308
population,30,carpet,31,5250,0.05114381015300751,0.09844905138015747,-10.016403198242188,0.005744107533246279,-4.1615986824035645,-7.0,7.0,10.050908088684082,1.1946585178375244,1.2869678735733032,-0.7495194673538208,1309
population,30,carpet,32,5250,0.13435183465480804,0.1097107008099556,-10.158092498779297,0.005742272827774286,-3.5979247093200684,-7.0,7.0,9.739511489868164,1.1884644031524658,1.28195059299469,-0.7903836965560913,1310
population,30,carpet,33,5250,0.11954893916845322,0.1852414906024933,-10.191812515258789,0.005740288179367781,-2.764913320541382,-7.0,7.0,9.6898775100708,1.3001774549484253,1.2890065908432007,-0.778887152671814,1311
population,30,carpet,34,5250,0.08056502789258957,0.07874774187803268,-9.875286102294922,0.005738530773669481,0.2438889741897583,-7.0,7.0,9.6570463180542,1.21038818359375,1.3186569213867188,-0.7964864373207092,1312
population,30,carpet,35,5250,0.1547912359237671,0.22550463676452637,-9.739747047424316,0.0057370043359696865,0.4619166851043701,-7.0,7.0,9.849753379821777,1.1787729263305664,1.2442432641983032,-0.8003458380699158,1313
population,30,carpet,36,5250,0.06638853251934052,0.13491614162921906,-9.522923469543457,0.005735436920076609,-1.5968763828277588,-7.0,7.0,9.581183433532715,1.0628647804260254,1.347813606262207,-0.8239394426345825,1314
population,30,carpet,37,5250,0.20910677313804626,0.22440896928310394,-10.64069938659668,0.00573367066681385,-2.9540278911590576,-7.0,7.0,10.079994201660156,1.2234370708465576,1.2634704113006592,-0.821153461933136,1315
population,30,carpet,38,5250,0.06556201726198196,0.21551179885864258,-10.03742790222168,0.005731472745537758,-5.055330276489258,-7.0,7.0,9.63679313659668,0.993355929851532,1.2230478525161743,-0.7980716824531555,1316
population,30,carpet,39,5250,0.18723434209823608,0.13650107383728027,-9.535229682922363,0.00572953000664711,0.29218006134033203,-7.0,7.0,9.749285697937012,0.8917504549026489,1.3022098541259766,-0.842729926109314,1317
population,30,carpet,40,5250,0.1719280183315277,0.2630564570426941,-9.727648735046387,0.005727502983063459,-2.3161604404449463,-7.0,7.0,9.990721702575684,1.0998752117156982,1.2483751773834229,-0.8249519467353821,1318
population,30,carpet,41,5250,0.16406330466270447,0.08398256450891495,-10.610006332397461,0.005726298782974482,12.60937786102295,-7.0,7.0,10.229074478149414,1.0869454145431519,1.4552398920059204,-0.8882892727851868,1319
population,30,carpet,42,5250,0.1869075894355774,0.1895858198404312,-10.297586441040039,0.005725313443690538,0.8037704825401306,-7.0,7.0,9.696269989013672,1.1036840677261353,1.2955595254898071,-0.8618143200874329,1320
population,30,carpet,43,5250,0.1139814555644989,0.15983091294765472,-10.0692720413208,0.0057244752533733845,0.4153001308441162,-7.0,7.0,9.859846115112305,1.1135801076889038,1.3010882139205933,-0.8986891508102417,1321
population,30,carpet,44,5250,0.24581164121627808,0.20917794108390808,-9.960312843322754,0.005724341608583927,20.045299530029297,-7.0,7.0,10.110390663146973,1.3065916299819946,1.5180569887161255,-0.9641545414924622,1322
population,30,carpet,45,5250,0.037417396903038025,0.10668516159057617,-9.5499849319458,0.005724688060581684,3.876945972442627,-7.0,7.0,9.488247871398926,0.9480218887329102,1.3203376531600952,-0.8559294939041138,1323
population,30,carpet,46,5250,0.1401229351758957,0.08526036143302917,-10.259367942810059,0.005725621711462736,24.493457794189453,-7.0,7.0,10.02518367767334,1.2729555368423462,1.505878210067749,-0.9279248118400574,1324
population,30,carpet,47,5250,0.11381988227367401,0.19381657242774963,-10.39843463897705,0.005727085284888744,12.609943389892578,-7.0,7.0,10.02721881866455,1.1911439895629883,1.4331594705581665,-0.8713180422782898,1325
population,30,carpet,48,5250,0.10868243873119354,0.043985381722450256,-10.066131591796875,0.005729024764150381,12.262640953063965,-7.0,7.0,10.159253120422363,1.2572776079177856,1.3736730813980103,-0.8631753325462341,1326
population,30,carpet,49,5250,0.07173095643520355,0.07719962298870087,-9.984841346740723,0.0057308850809931755,0.9311727285385132,-7.0,7.0,10.014436721801758,1.2971094846725464,1.3047486543655396,-0.770654559135437,1327
population,30,carpet,50,5250,0.06350000202655792,0.035657089203596115,-9.950667381286621,0.005732825957238674,2.19396710395813,-7.0,7.0,9.820747375488281,1.1081809997558594,1.303529143333435,-0.7568596601486206,1328
