Run_ID,Episode,Timestep,X_Position,Y_Position,Rewards,Cumulative_Rewards,Progress_Reward,Distance_Progress_Cm,Raw_Distance_Progress_Cm,Window_Progress_Cm,X_Drift_Penalty,Heading_Penalty,Living_Penalty,No_Progress_Penalty,Backward_Penalty,Terrain,Experiment_Seed,Episode_Seed,Terrain_ID,Terrain_Block_Index,Episode_In_Terrain_Block,Design_Config,Design_Module1,Design_Module2,Design_Module3,Design_Module4,Design_Module5,Design_Module6,Design_Module7,Design_Module8,Motor1_Action,Motor2_Action,Motor3_Action,Motor4_Action,Motor5_Action,Motor6_Action,Motor7_Action,X_Drift_Norm,Z_Progress_Norm,Z_Remaining_Norm,Heading_Norm,Motor1_Norm,Motor2_Norm,Motor3_Norm,Motor4_Norm,Motor5_Norm,Motor6_Norm,Motor7_Norm,Module1_DESIGN_2,Module1_DESIGN_5,Module1_DESIGN_7,Module2_DESIGN_2,Module2_DESIGN_5,Module2_DESIGN_7,Module3_DESIGN_2,Module3_DESIGN_5,Module3_DESIGN_7,Module4_DESIGN_2,Module4_DESIGN_5,Module4_DESIGN_7,Module5_DESIGN_2,Module5_DESIGN_5,Module5_DESIGN_7,Module6_DESIGN_2,Module6_DESIGN_5,Module6_DESIGN_7,Module7_DESIGN_2,Module7_DESIGN_5,Module7_DESIGN_7,Module8_DESIGN_2,Module8_DESIGN_5,Module8_DESIGN_7
20260421_172607_403525,0,0,0.9720249176025391,-0.0062033673748373985,-0.036357097201622446,-0.036357097201622446,-0.01635709720162245,-0.08189633954316378,-0.3275853581726551,0.0,0.0,0.0,0.02,0.0,0.0,artificial_grass,111,1675796352,2,0,0,2|2|2|2|2|2|2|2,2,2,2,2,2,2,2,2,0.5220559,-0.60630447,-0.11452797,-0.35895175,-0.09402733,-0.4308614,-0.16837254,0.0,-0.0,1.0,0.0,0.0058479533,0.00877193,-0.114035085,0.048732944,-0.020467836,-0.02631579,0.08479532,1.0,0.0,0.0,1.0,0.0,0.0,1.0,0.0,0.0,1.0,0.0,0.0,1.0,0.0,0.0,1.0,0.0,0.0,1.0,0.0,0.0,1.0,0.0,0.0
20260421_172607_403525,0,1,0.9512709379196167,0.003708021715283394,-0.15292665738994493,-0.18928375459156738,-0.13292665738994494,-0.30920698191039264,-0.9911389090120792,0.0,0.0,0.0,0.02,0.0,0.0,artificial_grass,111,1675796352,2,0,0,2|2|2|2|2|2|2|2,2,2,2,2,2,2,2,2,0.84589106,0.78868276,-0.050730705,0.41103646,0.12495796,-0.38135287,-0.41840494,-0.03161459,-0.0044237166,1.0,-0.06593336,0.32163742,-0.3148148,-0.027290449,-0.14230019,-0.006822612,-0.17446394,-0.06725146,1.0,0.0,0.0,1.0,0.0,0.0,1.0,0.0,0.0,1.0,0.0,0.0,1.0,0.0,0.0,1.0,0.0,0.0,1.0,0.0,0.0,1.0,0.0,0.0
20260421_172607_403525,0,2,0.9525912404060364,-0.001403749454766512,-0.04774920881104966,-0.23703296340261704,-0.02774920881104966,-0.10411095718154684,0.5111771170049906,0.0,0.0,0.0,0.02,0.0,0.0,artificial_grass,111,1675796352,2,0,0,2|2|2|2|2|2|2|2,2,2,2,2,2,2,2,2,-0.053615764,-0.60205424,-0.26166588,-0.111748755,-0.24180748,-0.20520553,-0.34047082,-0.057557106,-0.017808065,1.0,-0.13538475,0.4853801,0.28654972,-0.10038986,0.18518518,0.056530215,-0.17641325,-0.2202729,1.0,0.0,0.0,1.0,0.0,0.0,1.0,0.0,0.0,1.0,0.0,0.0,1.0,0.0,0.0,1.0,0.0,0.0,1.0,0.0,0.0,1.0,0.0,0.0
20260421_172607_403525,0,3,0.9500335454940796,4.9876514822244644e-05,-0.053037880577373867,-0.2900708439799909,-0.03303788057737387,-0.11442386712587904,-0.14536259695887566,0.0,0.0,0.0,0.02,0.0,0.0,artificial_grass,111,1675796352,2,0,0,2|2|2|2|2|2|2|2,2,2,2,2,2,2,2,2,0.100982994,0.6877828,0.1187396,0.24285638,-0.13046806,-0.47962892,-0.33572972,-0.055906676,-0.010905125,1.0,-0.12700033,0.027290449,0.09551657,-0.09356725,-0.012670565,-0.10526316,-0.1208577,-0.21150097,1.0,0.0,0.0,1.0,0.0,0.0,1.0,0.0,0.0,1.0,0.0,0.0,1.0,0.0,0.0,1.0,0.0,0.0,1.0,0.0,0.0,1.0,0.0,0.0
20260421_172607_403525,0,4,0.9994949102401733,0.0014114994555711746,-0.05582485839135001,-0.34589570237134093,-0.035824858391350016,-0.11985847386313253,-0.136162294074893,0.0,0.0,0.0,0.02,0.0,0.0,artificial_grass,111,1675796352,2,0,0,2|2|2|2|2|2|2|2,2,2,2,2,2,2,2,2,-0.27200463,-0.58453214,1.0,-0.12906295,-0.1711161,-0.49971086,0.59999424,-0.059103776,-0.012868103,1.0,-0.12181561,0.04191033,0.3489279,0.015594542,0.12962963,-0.06335282,-0.20857699,-0.19005848,1.0,0.0,0.0,1.0,0.0,0.0,1.0,0.0,0.0,1.0,0.0,0.0,1.0,0.0,0.0,1.0,0.0,0.0,1.0,0.0,0.0,1.0,0.0,0.0
20260421_172607_403525,0,5,0.9375483989715576,0.01036084070801735,-0.20519353164538656,-0.5510892340167275,-0.13519353164538656,-0.31362738670850376,-0.8949341252446175,-1.0431240063326186,0.0,0.0,0.02,0.05,0.0,artificial_grass,111,1675796352,2,0,0,2|2|2|2|2|2|2|2,2,2,2,2,2,2,2,2,0.62487924,0.4439993,-0.21962494,0.57876694,0.54845333,-0.58303016,-0.57773066,0.0027229309,-0.014706839,1.0,0.0403534,-0.1705653,-0.36062378,0.6052632,-0.07504873,-0.08576998,-0.30214426,0.33528265,1.0,0.0,0.0,1.0,0.0,0.0,1.0,0.0,0.0,1.0,0.0,0.0,1.0,0.0,0.0,1.0,0.0,0.0,1.0,0.0,0.0,1.0,0.0,0.0
20260421_172607_403525,0,6,0.9935632348060608,-0.020185107365250587,0.17534777528221573,-0.37574145873451176,0.2453477752822157,0.5284281618003206,3.0545948073267937,-0.4327995049891342,0.0,0.0,0.02,0.05,0.0,artificial_grass,111,1675796352,2,0,0,2|2|2|2|2|2|2|2,2,2,2,2,2,2,2,2,0.9895883,0.38576412,0.83928144,0.90298575,0.36552528,-0.053228546,0.2068169,-0.07471027,-0.026792038,1.0,-0.19849975,0.3723197,0.2300195,-0.20175439,0.31189084,0.3079922,-0.33723196,-0.31189084,1.0,0.0,0.0,1.0,0.0,0.0,1.0,0.0,0.0,1.0,0.0,0.0,1.0,0.0,0.0,1.0,0.0,0.0,1.0,0.0,0.0,1.0,0.0,0.0
20260421_172607_403525,0,7,0.9995519518852234,-0.02094789780676365,0.14655977561712075,-0.229181683117391,0.1873799396861882,0.415390882388067,0.07627904415130615,0.2917983593093254,0.0,0.0,0.02,0.020820164069067462,0.0,artificial_grass,111,1675796352,2,0,0,2|2|2|2|2|2|2|2,2,2,2,2,2,2,2,2,-0.07079766,0.95927984,0.97985035,-0.022248464,0.7685702,-0.35623184,0.2732449,-0.0046916963,0.014457241,0.9855428,-0.040032785,0.5945419,0.16959064,-0.124756336,0.42592594,0.15107213,-0.15789473,0.08479532,1.0,0.0,0.0,1.0,0.0,0.0,1.0,0.0,0.0,1.0,0.0,0.0,1.0,0.0,0.0,1.0,0.0,0.0,1.0,0.0,0.0,1.0,0.0,0.0
20260421_172607_403525,0,8,1.0136079788208008,-0.03022521175444126,0.23306462076050802,0.003882937643117007,0.253064620760508,0.5434760104829905,0.9277313947677612,0.9393853269738628,0.0,0.0,0.02,0.0,0.0,artificial_grass,111,1675796352,2,0,0,2|2|2|2|2|2|2|2,2,2,2,2,2,2,2,2,0.9969069,-0.53160757,0.54040945,-0.29209605,0.6218778,0.07949431,0.17914988,0.0027941703,0.015487312,0.9845127,-0.021658907,-0.06920078,0.4853801,0.16666667,-0.0662768,0.4385965,-0.24074075,0.14814815,1.0,0.0,0.0,1.0,0.0,0.0,1.0,0.0,0.0,1.0,0.0,0.0,1.0,0.0,0.0,1.0,0.0,0.0,1.0,0.0,0.0,1.0,0.0,0.0
20260421_172607_403525,0,9,1.005251169204712,-0.019412534311413765,0.024764139377718947,0.028647077020835954,0.04476413937771895,0.13729007178655195,-1.0812677443027496,1.1910992658862938,0.0,0.0,0.02,0.0,0.0,artificial_grass,111,1675796352,2,0,0,2|2|2|2|2|2|2|2,2,2,2,2,2,2,2,2,1.0,-0.22111815,0.6403719,-0.70857555,0.7246212,-0.64662033,0.19131261,0.02036419,0.028015409,0.97198457,0.004413058,0.6218324,-0.26900584,0.37134504,-0.18518518,0.3557505,-0.021442495,0.08966862,1.0,0.0,0.0,1.0,0.0,0.0,1.0,0.0,0.0,1.0,0.0,0.0,1.0,0.0,0.0,1.0,0.0,0.0,1.0,0.0,0.0,1.0,0.0,0.0
20260421_172607_403525,0,10,0.9804967641830444,-0.025833047926425934,0.08947712523857525,0.1181242022594112,0.10947712523857525,0.26348039421522174,0.6420513615012169,1.574438133964648,0.0,0.0,0.02,0.0,0.0,artificial_grass,111,1675796352,2,0,0,2|2|2|2|2|2|2|2,2,2,2,2,2,2,2,2,-0.028143805,-0.5849498,0.823908,-0.49512383,0.069270134,0.35395935,-0.47620144,0.009918213,0.013413955,0.98658603,-0.004246701,0.60038984,-0.13937622,0.38206628,-0.40643275,0.4385965,-0.35477582,0.12378167,1.0,0.0,0.0,1.0,0.0,0.0,1.0,0.0,0.0,1.0,0.0,0.0,1.0,0.0,0.0,1.0,0.0,0.0,1.0,0.0,0.0,1.0,0.0,0.0
20260421_172607_403525,0,11,0.9874122738838196,-0.044745173305273056,0.2981607334013322,0.4162849356607434,0.3181607334013322,0.6704134301325979,1.8912125378847122,2.5584789508057497,0.0,0.0,0.02,0.0,0.0,artificial_grass,111,1675796352,2,0,0,2|2|2|2|2|2|2|2,2,2,2,2,2,2,2,2,0.7036198,1.0,0.10590562,0.26255172,-0.16835567,-0.18126562,-0.16487066,-0.021024799,0.022084225,0.97791576,-0.10083864,0.0019493178,-0.2962963,0.5633528,-0.27192983,0.06530214,0.19785576,-0.30214426,1.0,0.0,0.0,1.0,0.0,0.0,1.0,0.0,0.0,1.0,0.0,0.0,1.0,0.0,0.0,1.0,0.0,0.0,1.0,0.0,0.0,1.0,0.0,0.0
20260421_172607_403525,0,12,0.9748392105102539,-0.0385422557592392,0.13268570971722995,0.5489706453779734,0.15268570971722994,0.3477371339485984,-0.6202917546033859,2.3777879229540275,0.0,0.0,0.02,0.0,0.0,artificial_grass,111,1675796352,2,0,0,2|2|2|2|2|2|2|2,2,2,2,2,2,2,2,2,0.14250241,0.47590512,0.9427831,0.36401847,-0.1376228,-0.14263563,-0.36036414,-0.012380409,0.047623176,0.9523768,-0.06364414,0.42787525,0.5467836,0.024366472,0.165692,-0.091617934,-0.10038986,-0.09746589,1.0,0.0,0.0,1.0,0.0,0.0,1.0,0.0,0.0,1.0,0.0,0.0,1.0,0.0,0.0,1.0,0.0,0.0,1.0,0.0,0.0,1.0,0.0,0.0
20260421_172607_403525,0,13,0.9693263173103333,-0.031121306121349335,-0.0070363540952827226,0.5419342912826907,0.012963645904717278,0.0752791095141987,-0.7420949637889862,2.0376761500801592,0.0,0.0,0.02,0.0,0.0,artificial_grass,111,1675796352,2,0,0,2|2|2|2|2|2|2|2,2,2,2,2,2,2,2,2,0.72293514,-0.5057347,0.7240804,0.2884002,0.68160343,-0.5097462,-0.2533434,-0.02809677,0.03924675,0.96075326,-0.09371552,0.11306043,0.26218325,0.4454191,0.18323587,-0.08382066,-0.07212476,-0.19883041,1.0,0.0,0.0,1.0,0.0,0.0,1.0,0.0,0.0,1.0,0.0,0.0,1.0,0.0,0.0,1.0,0.0,0.0,1.0,0.0,0.0,1.0,0.0,0.0
20260421_172607_403525,0,14,0.9952153563499451,-0.04306928068399429,0.1364916390778378,0.6784259303605285,0.15649163907783778,0.35515869620178364,1.1947974562644958,1.8493588357989523,0.0,0.0,0.02,0.0,0.0,artificial_grass,111,1675796352,2,0,0,2|2|2|2|2|2|2|2,2,2,2,2,2,2,2,2,0.903767,0.8937496,0.33989918,-0.12700224,0.72160536,-0.19284979,0.11571669,-0.03498783,0.029225491,0.97077453,-0.116939515,0.46881092,-0.23586744,0.45516568,0.13157895,0.33040935,-0.29922026,-0.14132553,1.0,0.0,0.0,1.0,0.0,0.0,1.0,0.0,0.0,1.0,0.0,0.0,1.0,0.0,0.0,1.0,0.0,0.0,1.0,0.0,0.0,1.0,0.0,0.0
20260421_172607_403525,0,15,0.9640747904777527,-0.0363873653113842,0.005292891197985237,0.6837188215585137,0.025292891197985237,0.09932113783607122,-0.6681915372610092,1.8113899018484716,0.0,0.0,0.02,0.0,0.0,artificial_grass,111,1675796352,2,0,0,2|2|2|2|2|2|2|2,2,2,2,2,2,2,2,2,0.61421114,0.5235291,0.36375752,0.6924273,-0.082351826,-0.35432473,-0.42343378,-0.0026265145,0.04536005,0.9546399,-0.040503956,0.545809,0.47563353,0.17153996,-0.0877193,0.43469787,-0.16764133,0.04191033,1.0,0.0,0.0,1.0,0.0,0.0,1.0,0.0,0.0,1.0,0.0,0.0,1.0,0.0,0.0,1.0,0.0,0.0,1.0,0.0,0.0,1.0,0.0,0.0
20260421_172607_403525,0,16,0.9974332451820374,-0.04983913153409958,0.1650179533050982,0.8487367748636119,0.18501795330509818,0.4107850089449414,1.3451766222715378,1.9586945165781913,0.0,0.0,0.02,0.0,0.0,artificial_grass,111,1675796352,2,0,0,2|2|2|2|2|2|2|2,2,2,2,2,2,2,2,2,0.7573593,-0.5011771,0.09164678,-0.113109104,0.66166055,0.035898995,0.02778851,-0.041552257,0.036336787,0.9636633,-0.12723339,0.41520467,0.3128655,0.1754386,0.3723197,-0.05263158,-0.18226121,-0.23294348,1.0,0.0,0.0,1.0,0.0,0.0,1.0,0.0,0.0,1.0,0.0,0.0,1.0,0.0,0.0,1.0,0.0,0.0,1.0,0.0,0.0,1.0,0.0,0.0
20260421_172607_403525,0,17,0.9704132676124573,-0.025346936658024788,-0.15036723856059314,0.6983695363030187,-0.13036723856059315,-0.3042161151931566,-2.449219487607479,0.9840649712524367,0.0,0.0,0.02,0.0,0.0,artificial_grass,111,1675796352,2,0,0,2|2|2|2|2|2|2|2,2,2,2,2,2,2,2,2,-0.92302984,1.0,-0.7562937,-0.051189207,-0.9127358,0.56258374,-0.9331153,0.0001458168,0.05450206,0.945498,-0.046337757,0.48245615,0.010721248,0.15692008,-0.05263158,0.3557505,-0.06920078,-0.021442495,1.0,0.0,0.0,1.0,0.0,0.0,1.0,0.0,0.0,1.0,0.0,0.0,1.0,0.0,0.0,1.0,0.0,0.0,1.0,0.0,0.0,1.0,0.0,0.0
20260421_172607_403525,0,18,1.028099775314331,-0.051391005516052246,0.17125109490041637,0.869620631203435,0.19125109490041636,0.4229396350558119,2.604406885802746,1.0592674723596502,0.0,0.0,0.02,0.0,0.0,artificial_grass,111,1675796352,2,0,0,2|2|2|2|2|2|2|2,2,2,2,2,2,2,2,2,0.572161,-0.1774052,0.95696104,-0.60485476,-0.4826343,0.36935213,0.15594558,-0.03362913,0.02142778,0.97857225,-0.15876418,-0.5048733,0.66959065,-0.23391813,0.05263158,-0.2729045,0.35867447,-0.5448343,1.0,0.0,0.0,1.0,0.0,0.0,1.0,0.0,0.0,1.0,0.0,0.0,1.0,0.0,0.0,1.0,0.0,0.0,1.0,0.0,0.0,1.0,0.0,0.0
20260421_172607_403525,0,19,1.001826524734497,-0.05926480516791344,0.21797421414789347,1.0875948453513284,0.23797421414789346,0.5140497175883922,0.7873799651861191,1.4980380804338438,0.0,0.0,0.02,0.0,0.0,artificial_grass,111,1675796352,2,0,0,2|2|2|2|2|2|2|2,2,2,2,2,2,2,2,2,0.94194233,-0.10825602,0.89109254,0.77183056,-0.5402786,-0.1012068,0.13694678,0.03847895,0.056597713,0.9434023,0.04040136,0.34405458,-0.11306043,0.588694,-0.30994153,-0.25146198,0.23099415,0.08089668,1.0,0.0,0.0,1.0,0.0,0.0,1.0,0.0,0.0,1.0,0.0,0.0,1.0,0.0,0.0,1.0,0.0,0.0,1.0,0.0,0.0,1.0,0.0,0.0
20260421_172607_403525,0,20,0.9724365472793579,-0.0672178864479065,0.2540329847133988,1.3416278300647273,0.2740329847133988,0.5843643201911277,0.7953081279993057,1.7272437044231879,0.0,0.0,0.02,0.0,0.0,artificial_grass,111,1675796352,2,0,0,2|2|2|2|2|2|2|2,2,2,2,2,2,2,2,2,-0.06664263,0.035220508,0.114103146,0.15440401,0.040659875,-0.5135108,-0.07998843,0.005637455,0.0672305,0.9327695,-0.018475642,0.5682261,-0.09064327,0.49317738,0.37621832,-0.34697855,-0.04191033,0.091617934,1.0,0.0,0.0,1.0,0.0,0.0,1.0,0.0,0.0,1.0,0.0,0.0,1.0,0.0,0.0,1.0,0.0,0.0,1.0,0.0,0.0,1.0,0.0,0.0
20260421_172607_403525,0,21,0.9705543518066406,-0.06633547693490982,0.16780153965046912,1.5094293697151964,0.1878015396504691,0.41621300231841474,-0.08824095129966736,2.0441355689055314,0.0,0.0,0.02,0.0,0.0,artificial_grass,111,1675796352,2,0,0,2|2|2|2|2|2|2|2,2,2,2,2,2,2,2,2,0.28152192,0.6904098,-0.5356327,0.004127263,0.36208144,-0.5051088,-0.1251141,-0.031100083,0.07797035,0.9220297,-0.100870445,0.014619883,0.10721248,0.20857699,0.1159844,0.014619883,-0.3079922,-0.038011696,1.0,0.0,0.0,1.0,0.0,0.0,1.0,0.0,0.0,1.0,0.0,0.0,1.0,0.0,0.0,1.0,0.0,0.0,1.0,0.0,0.0,1.0,0.0,0.0
20260421_172607_403525,0,22,0.9795106053352356,-0.07467222958803177,0.22132234259839328,1.7307517123135896,0.24132234259839327,0.5205785680668669,0.8336752653121948,2.153929128027457,0.0,0.0,0.02,0.0,0.0,artificial_grass,111,1675796352,2,0,0,2|2|2|2|2|2|2|2,2,2,2,2,2,2,2,2,0.56472576,0.7490709,1.0,-0.41645536,-0.31718794,-0.16571943,-0.07924682,-0.033452798,0.07677875,0.9232213,-0.11244958,0.16764133,0.45419103,-0.1491228,0.028265107,0.21637426,-0.32066277,-0.06725146,1.0,0.0,0.0,1.0,0.0,0.0,1.0,0.0,0.0,1.0,0.0,0.0,1.0,0.0,0.0,1.0,0.0,0.0,1.0,0.0,0.0,1.0,0.0,0.0
20260421_172607_403525,0,23,1.0232394933700562,-0.07733190059661865,0.18867984680247296,1.9194315591160627,0.20867984680247295,0.45692570126482224,0.26596710085868835,2.9150709444854357,0.0,0.0,0.02,0.0,0.0,artificial_grass,111,1675796352,2,0,0,2|2|2|2|2|2|2|2,2,2,2,2,2,2,2,2,-0.24291928,0.1732058,0.54483235,0.105517305,-0.015029544,0.3713852,0.57984036,-0.022257518,0.0880367,0.9119633,-0.08304094,0.32261208,0.39766082,0.51559454,-0.24561404,-0.13547759,-0.08089668,-0.04385965,1.0,0.0,0.0,1.0,0.0,0.0,1.0,0.0,0.0,1.0,0.0,0.0,1.0,0.0,0.0,1.0,0.0,0.0,1.0,0.0,0.0,1.0,0.0,0.0
20260421_172607_403525,0,24,0.9281745553016663,-0.032886065542697906,-0.3884367181535395,1.5309948409625231,-0.36843671815353946,-0.768451600399402,-4.444583505392075,1.7236797090302218,0.0,0.0,0.02,0.0,0.0,artificial_grass,111,1675796352,2,0,0,2|2|2|2|2|2|2|2,2,2,2,2,2,2,2,2,0.69156003,0.08750097,0.61946845,0.8207617,-0.41105577,-0.48530543,-0.7922842,0.03240366,0.09162832,0.9083716,0.062507115,-0.116959065,0.2534113,0.42007798,0.02534113,-0.08479532,0.114035085,0.29922026,1.0,0.0,0.0,1.0,0.0,0.0,1.0,0.0,0.0,1.0,0.0,0.0,1.0,0.0,0.0,1.0,0.0,0.0,1.0,0.0,0.0,1.0,0.0,0.0
20260421_172607_403525,0,25,1.0844532251358032,-0.09846189618110657,0.49951644392854977,2.030511284891073,0.5195164439285498,1.0630570656606722,6.557583063840866,2.2726870571025017,0.0,0.0,0.02,0.0,0.0,artificial_grass,111,1675796352,2,0,0,2|2|2|2|2|2|2|2,2,2,2,2,2,2,2,2,0.05935281,0.067190506,-0.7143955,-1.0,0.28477308,0.09164299,0.6875787,-0.086427495,0.031608626,0.9683914,-0.26905498,0.41617933,0.040935673,0.3557505,0.46101364,-0.24366471,-0.22222222,-0.44834307,1.0,0.0,0.0,1.0,0.0,0.0,1.0,0.0,0.0,1.0,0.0,0.0,1.0,0.0,0.0,1.0,0.0,0.0,1.0,0.0,0.0,1.0,0.0,0.0
20260421_172607_403525,0,26,1.048264980316162,-0.1097165122628212,0.5075170263017245,2.5380283111927975,0.5275170263017245,1.0786582012883628,1.125461608171463,2.766980938199737,0.0,0.0,0.02,0.0,0.0,artificial_grass,111,1675796352,2,0,0,2|2|2|2|2|2|2|2,2,2,2,2,2,2,2,2,-0.026651599,-0.8872358,-0.044078372,-0.26431277,0.38181168,-0.66157305,0.19987306,0.10892077,0.12016229,0.8798377,0.12520024,0.114035085,0.1539961,0.19980507,-0.24756335,0.19493178,-0.0048732944,0.35964912,1.0,0.0,0.0,1.0,0.0,0.0,1.0,0.0,0.0,1.0,0.0,0.0,1.0,0.0,0.0,1.0,0.0,0.0,1.0,0.0,0.0,1.0,0.0,0.0
20260421_172607_403525,0,27,1.1142489910125732,-0.0851445198059082,0.05420196899663959,2.5922302801894372,0.0742019689966396,0.1946938395434472,-2.4571992456912994,2.5454617754247693,0.0,0.0,0.02,0.0,0.0,artificial_grass,111,1675796352,2,0,0,2|2|2|2|2|2|2|2,2,2,2,2,2,2,2,2,-0.33763504,0.055333458,0.5512728,0.029914632,0.38415915,0.7599607,0.75513095,0.063685514,0.13536054,0.86463946,0.022444416,0.04483431,0.14619882,0.17738791,-0.13060428,0.2563353,-0.33528265,0.14522417,1.0,0.0,0.0,1.0,0.0,0.0,1.0,0.0,0.0,1.0,0.0,0.0,1.0,0.0,0.0,1.0,0.0,0.0,1.0,0.0,0.0,1.0,0.0,0.0
20260421_172607_403525,0,28,1.089179277420044,-0.0962083637714386,0.17108537374145916,2.7633156539308965,0.19108537374145915,0.4226164787958453,1.1063843965530396,2.4474996861537477,0.0,0.0,0.02,0.0,0.0,artificial_grass,111,1675796352,2,0,0,2|2|2|2|2|2|2|2,2,2,2,2,2,2,2,2,-0.41415384,-0.63547707,0.9210476,-0.47797203,-0.6377962,0.773583,0.014459863,0.14616546,0.10217849,0.89782155,0.18763854,-0.19688109,0.07602339,0.36452243,0.0029239766,0.17738791,0.15302144,0.41520467,1.0,0.0,0.0,1.0,0.0,0.0,1.0,0.0,0.0,1.0,0.0,0.0,1.0,0.0,0.0,1.0,0.0,0.0,1.0,0.0,0.0,1.0,0.0,0.0
20260421_172607_403525,0,29,1.0433754920959473,-0.13047923147678375,0.5562738726823105,3.319589526613207,0.5762738726823106,1.1737340517305057,3.4270867705345154,3.164308036619431,0.0,0.0,0.02,0.0,0.0,artificial_grass,111,1675796352,2,0,0,2|2|2|2|2|2|2|2,2,2,2,2,2,2,2,2,0.85318685,1.0,0.8771506,0.4128852,0.12470977,-0.46657187,0.12771082,0.11482839,0.117119126,0.8828809,0.08222794,-0.19785576,-0.25048733,0.625731,-0.18518518,-0.25146198,0.4668616,0.0048732944,1.0,0.0,0.0,1.0,0.0,0.0,1.0,0.0,0.0,1.0,0.0,0.0,1.0,0.0,0.0,1.0,0.0,0.0,1.0,0.0,0.0,1.0,0.0,0.0
20260421_172607_403525,0,30,1.0163660049438477,-0.12726223468780518,0.36455159952483723,3.6841411261380443,0.38455159952483725,0.7998756190734326,-0.32169967889785767,4.732635256092266,0.0,0.0,0.02,0.0,0.0,artificial_grass,111,1675796352,2,0,0,2|2|2|2|2|2|2|2,2,2,2,2,2,2,2,2,0.27873626,0.30305576,-1.0,-0.8162746,0.26359877,-0.31503767,-0.34176737,0.057573605,0.16339853,0.83660144,-0.0097343335,0.50292397,0.45906433,0.4649123,0.20662768,0.07699805,-0.25243664,0.091617934,1.0,0.0,0.0,1.0,0.0,0.0,1.0,0.0,0.0,1.0,0.0,0.0,1.0,0.0,0.0,1.0,0.0,0.0,1.0,0.0,0.0,1.0,0.0,0.0
20260421_172607_403525,0,31,1.0322328805923462,-0.1321786791086197,0.3250347819617536,4.009175908099798,0.34503478196175363,0.7228178248254196,0.4916444420814514,4.392396015257013,0.0,0.0,0.02,0.0,0.0,artificial_grass,111,1675796352,2,0,0,2|2|2|2|2|2|2|2,2,2,2,2,2,2,2,2,1.0,0.4136631,0.5195249,-0.041239515,0.76277435,0.17590956,-0.13186854,0.023811722,0.1590543,0.8409457,-0.09743684,0.19298245,0.41423002,0.32066277,-0.15984406,0.20565303,-0.18128654,-0.18810916,1.0,0.0,0.0,1.0,0.0,0.0,1.0,0.0,0.0,1.0,0.0,0.0,1.0,0.0,0.0,1.0,0.0,0.0,1.0,0.0,0.0,1.0,0.0,0.0
20260421_172607_403525,0,32,1.0418028831481934,-0.12910346686840057,0.19294003210953808,4.202115940209336,0.21294003210953807,0.4652330626135992,-0.3075212240219116,3.7789708765822496,0.0,0.0,0.02,0.0,0.0,artificial_grass,111,1675796352,2,0,0,2|2|2|2|2|2|2|2,2,2,2,2,2,2,2,2,0.83510494,0.5832451,0.8870105,-0.8191588,0.7421294,-0.4387235,0.029352114,0.043645382,0.16569348,0.83430654,-0.0659185,0.6062378,0.2982456,0.36062378,-0.04385965,0.39376217,0.012670565,-0.11500975,1.0,0.0,0.0,1.0,0.0,0.0,1.0,0.0,0.0,1.0,0.0,0.0,1.0,0.0,0.0,1.0,0.0,0.0,1.0,0.0,0.0,1.0,0.0,0.0
20260421_172607_403525,0,33,1.0145454406738281,-0.12671591341495514,0.10268510801233573,4.304801048221672,0.12268510801233573,0.28923596062405466,-0.23875534534454346,3.873512997662857,0.0,0.0,0.02,0.0,0.0,artificial_grass,111,1675796352,2,0,0,2|2|2|2|2|2|2|2,2,2,2,2,2,2,2,2,0.8539794,0.8090832,0.97094315,0.24806531,0.6752018,-0.28243834,-0.44452795,0.055607893,0.1615407,0.8384593,-0.02995312,0.5038986,0.3460039,0.537037,-0.45808968,0.45906433,-0.24853802,0.014619883,1.0,0.0,0.0,1.0,0.0,0.0,1.0,0.0,0.0,1.0,0.0,0.0,1.0,0.0,0.0,1.0,0.0,0.0,1.0,0.0,0.0,1.0,0.0,0.0
20260421_172607_403525,0,34,1.0221422910690308,-0.13233846426010132,0.137687559793179,4.442488608014851,0.157687559793179,0.357490741596699,0.5622550845146179,3.808387260463711,0.0,0.0,0.02,0.0,0.0,artificial_grass,111,1675796352,2,0,0,2|2|2|2|2|2|2|2,2,2,2,2,2,2,2,2,-0.69036835,0.8163487,-0.88302845,-0.53774166,0.3771543,0.00607365,-0.28534088,0.021536063,0.15831655,0.84168345,-0.11258303,0.5038986,0.4385965,0.5224171,0.019493178,0.374269,-0.1539961,-0.24561404,1.0,0.0,0.0,1.0,0.0,0.0,1.0,0.0,0.0,1.0,0.0,0.0,1.0,0.0,0.0,1.0,0.0,0.0,1.0,0.0,0.0,1.0,0.0,0.0
20260421_172607_403525,0,35,1.0331603288650513,-0.13879668712615967,0.17465314248665706,4.617141750501508,0.19465314248665705,0.42957362784898123,0.645822286605835,3.0642268365821863,0.0,0.0,0.02,0.0,0.0,artificial_grass,111,1675796352,2,0,0,2|2|2|2|2|2|2|2,2,2,2,2,2,2,2,2,0.72149336,0.647389,0.28544804,-0.29815623,-0.09721399,0.32736018,-0.35723191,0.031032085,0.16590925,0.8340907,-0.09109338,-0.37037036,0.59356725,0.2582846,-0.23879142,0.2729045,-0.013645224,-0.1920078,1.0,0.0,0.0,1.0,0.0,0.0,1.0,0.0,0.0,1.0,0.0,0.0,1.0,0.0,0.0,1.0,0.0,0.0,1.0,0.0,0.0,1.0,0.0,0.0
20260421_172607_403525,0,36,1.0376179218292236,-0.13933119177818298,0.1264322241986287,4.743573974700137,0.1464322241986287,0.3355428371873259,0.05345046520233154,2.5998940546960796,0.0,0.0,0.02,0.0,0.0,artificial_grass,111,1675796352,2,0,0,2|2|2|2|2|2|2|2,2,2,2,2,2,2,2,2,0.8424892,0.69446945,0.5956987,-0.40555593,-0.4059906,0.25406414,-0.33698177,0.04480467,0.17463045,0.82536954,-0.06414528,0.43762183,0.41520467,0.25438598,-0.12768032,0.0048732944,0.20272905,-0.23586744,1.0,0.0,0.0,1.0,0.0,0.0,1.0,0.0,0.0,1.0,0.0,0.0,1.0,0.0,0.0,1.0,0.0,0.0,1.0,0.0,0.0,1.0,0.0,0.0
20260421_172607_403525,0,37,1.1077101230621338,-0.11556577682495117,-0.16998884407195552,4.573585130628182,-0.14998884407195553,-0.3424782459403133,-2.376541495323181,1.5345979839303467,0.0,0.0,0.02,0.0,0.0,artificial_grass,111,1675796352,2,0,0,2|2|2|2|2|2|2|2,2,2,2,2,2,2,2,2,0.8067863,0.7597445,0.48404792,-0.8405398,0.13351211,0.117202915,0.82261264,0.050376702,0.17535223,0.8246477,-0.047074184,0.49610138,0.40448344,0.374269,-0.1325536,-0.12865497,0.19298245,-0.20662768,1.0,0.0,0.0,1.0,0.0,0.0,1.0,0.0,0.0,1.0,0.0,0.0,1.0,0.0,0.0,1.0,0.0,0.0,1.0,0.0,0.0,1.0,0.0,0.0
20260421_172607_403525,0,38,1.0172698497772217,-0.13930204510688782,0.12694770389394455,4.700532834522126,0.14694770389394454,0.33654802259319183,2.3736268281936646,1.4059129439099394,0.0,0.0,0.02,0.0,0.0,artificial_grass,111,1675796352,2,0,0,2|2|2|2|2|2|2|2,2,2,2,2,2,2,2,2,0.98589766,0.85046,0.4120641,0.34928456,0.7702385,-0.84787756,-0.050127994,0.1379919,0.14325939,0.8567406,0.17331636,0.48245615,0.46588695,0.36062378,-0.41325536,0.11793372,0.058479533,0.45419103,1.0,0.0,0.0,1.0,0.0,0.0,1.0,0.0,0.0,1.0,0.0,0.0,1.0,0.0,0.0,1.0,0.0,0.0,1.0,0.0,0.0,1.0,0.0,0.0
20260421_172607_403525,0,39,0.991170346736908,-0.14248670637607574,0.12462951214081462,4.825162346662941,0.14462951214081463,0.3320275486745885,0.3184661269187927,1.4487045319604732,0.0,0.0,0.02,0.0,0.0,artificial_grass,111,1675796352,2,0,0,2|2|2|2|2|2|2|2,2,2,2,2,2,2,2,2,0.006638786,0.7018219,0.5387827,-0.44961202,-0.19176382,-0.31511104,-0.45405585,0.02494154,0.17531288,0.8246871,-0.06655177,0.5994152,0.5048733,0.2134503,0.14230019,0.4405458,-0.43079922,-0.0009746589,1.0,0.0,0.0,1.0,0.0,0.0,1.0,0.0,0.0,1.0,0.0,0.0,1.0,0.0,0.0,1.0,0.0,0.0,1.0,0.0,0.0,1.0,0.0,0.0
20260421_172607_403525,0,40,0.9873145818710327,-0.13910101354122162,0.03865555929978701,4.863817905962728,0.05865555929978701,0.16437834063458467,-0.3385692834854126,1.2555921309983589,0.0,0.0,0.02,0.0,0.0,artificial_grass,111,1675796352,2,0,0,2|2|2|2|2|2|2|2,2,2,2,2,2,2,2,2,0.6857149,-0.24420221,-0.04044302,0.522603,0.48165974,-0.3463355,-0.4017076,-0.0076828003,0.17961344,0.8203865,-0.14419927,0.030214425,0.47076023,0.37329435,-0.18615985,0.09551657,-0.15204678,-0.26608187,1.0,0.0,0.0,1.0,0.0,0.0,1.0,0.0,0.0,1.0,0.0,0.0,1.0,0.0,0.0,1.0,0.0,0.0,1.0,0.0,0.0,1.0,0.0,0.0
20260421_172607_403525,0,41,0.9679813385009766,-0.1401141732931137,0.03057064065294762,4.894388546615676,0.05057064065294762,0.14861274927324786,0.10131597518920898,0.9746312524226255,0.0,0.0,0.02,0.0,0.0,artificial_grass,111,1675796352,2,0,0,2|2|2|2|2|2|2|2,2,2,2,2,2,2,2,2,0.19795111,0.72504675,0.89965254,-0.14497161,-0.5687056,-0.58304405,-0.29174048,-0.012502479,0.17504139,0.82495856,-0.16273479,0.44249514,0.19395712,0.08576998,0.31676415,0.25146198,-0.2251462,-0.24366471,1.0,0.0,0.0,1.0,0.0,0.0,1.0,0.0,0.0,1.0,0.0,0.0,1.0,0.0,0.0,1.0,0.0,0.0,1.0,0.0,0.0,1.0,0.0,0.0
20260421_172607_403525,0,42,0.9976383447647095,-0.15451769530773163,0.19617826272839928,5.090566809344075,0.21617826272839927,0.47154761232037856,1.440352201461792,1.1106360275556781,0.0,0.0,0.02,0.0,0.0,artificial_grass,111,1675796352,2,0,0,2|2|2|2|2|2|2|2,2,2,2,2,2,2,2,2,-0.532328,0.59562385,0.70923215,-0.64495647,0.73416674,-0.24637666,0.1067675,-0.036669064,0.17640957,0.8235904,-0.1699248,0.10233918,0.3908382,0.5477583,0.006822612,-0.121832356,-0.29727095,-0.16374269,1.0,0.0,0.0,1.0,0.0,0.0,1.0,0.0,0.0,1.0,0.0,0.0,1.0,0.0,0.0,1.0,0.0,0.0,1.0,0.0,0.0,1.0,0.0,0.0
20260421_172607_403525,0,43,1.1195343732833862,-0.1440262496471405,0.0012177270387227351,5.091784536382798,0.021217727038722736,0.09137456772550934,-1.0491445660591125,1.5444888412215008,0.0,0.0,0.02,0.0,0.0,artificial_grass,111,1675796352,2,0,0,2|2|2|2|2|2|2|2,2,2,2,2,2,2,2,2,-0.74201804,-0.3576172,0.35592058,0.8710897,-0.055869907,0.48147106,0.8494931,0.00040216447,0.1958601,0.80413985,-0.091461286,-0.28947368,0.4269006,0.5,-0.36842105,0.41617933,-0.21734893,0.038986355,1.0,0.0,0.0,1.0,0.0,0.0,1.0,0.0,0.0,1.0,0.0,0.0,1.0,0.0,0.0,1.0,0.0,0.0,1.0,0.0,0.0,1.0,0.0,0.0
20260421_172607_403525,0,44,1.080165982246399,-0.1774781048297882,0.4183729771078569,5.510157513490655,0.43837297710785694,0.9048273053603211,3.3451855182647705,2.11276812398863,0.0,0.0,0.02,0.0,0.0,artificial_grass,111,1675796352,2,0,0,2|2|2|2|2|2|2|2,2,2,2,2,2,2,2,2,0.35324696,-0.8031561,-0.055550333,-0.8819056,-0.1896041,0.15481834,0.07309517,0.15277223,0.18169245,0.8183075,0.15507832,-0.45126706,0.3840156,0.3109162,0.43274853,-0.1374269,0.08966862,0.46881092,1.0,0.0,0.0,1.0,0.0,0.0,1.0,0.0,0.0,1.0,0.0,0.0,1.0,0.0,0.0,1.0,0.0,0.0,1.0,0.0,0.0,1.0,0.0,0.0
20260421_172607_403525,0,45,1.040784239768982,-0.17064790427684784,0.21480280266499333,5.724960316155649,0.23480280266499332,0.5078654651967369,-0.6830200552940369,2.2886060405107784,0.0,0.0,0.02,0.0,0.0,artificial_grass,111,1675796352,2,0,0,2|2|2|2|2|2|2|2,2,2,2,2,2,2,2,2,0.71025574,0.7374402,0.083903804,0.70048374,0.41214332,-0.33666825,-0.2594857,0.10356178,0.22686586,0.7731341,0.028335698,0.22319688,0.15984406,0.31384015,0.019493178,-0.09356725,0.099415205,0.039961014,1.0,0.0,0.0,1.0,0.0,0.0,1.0,0.0,0.0,1.0,0.0,0.0,1.0,0.0,0.0,1.0,0.0,0.0,1.0,0.0,0.0,1.0,0.0,0.0
20260421_172607_403525,0,46,1.0545785427093506,-0.16349147260189056,0.05794272155057387,5.782903037706222,0.07794272155057387,0.20198830702361903,-0.7156431674957275,2.326216006899813,0.0,0.0,0.02,0.0,0.0,artificial_grass,111,1675796352,2,0,0,2|2|2|2|2|2|2|2,2,2,2,2,2,2,2,2,-0.29798937,-0.20776291,-0.1887564,1.0,-0.5704567,-0.94578093,0.33828655,0.054334544,0.21764235,0.7823577,-0.10249256,0.43664718,0.46296296,0.06042885,0.3791423,0.20175439,-0.20662768,-0.15204678,1.0,0.0,0.0,1.0,0.0,0.0,1.0,0.0,0.0,1.0,0.0,0.0,1.0,0.0,0.0,1.0,0.0,0.0,1.0,0.0,0.0,1.0,0.0,0.0
20260421_172607_403525,0,47,1.0654222965240479,-0.17516747117042542,0.18173907409286166,5.964642111799084,0.20173907409286165,0.4433911944810802,1.167599856853485,2.620994452107645,0.0,0.0,0.02,0.0,0.0,artificial_grass,111,1675796352,2,0,0,2|2|2|2|2|2|2|2,2,2,2,2,2,2,2,2,-0.58070153,-0.64024496,0.44391835,0.14445047,-0.26770797,-0.4382401,0.4357281,0.07157745,0.20797831,0.7920217,-0.014881358,-0.14327486,0.30214426,-0.014619883,0.6734893,-0.26705652,-0.45419103,0.21832359,1.0,0.0,0.0,1.0,0.0,0.0,1.0,0.0,0.0,1.0,0.0,0.0,1.0,0.0,0.0,1.0,0.0,0.0,1.0,0.0,0.0,1.0,0.0,0.0
20260421_172607_403525,0,48,1.0279593467712402,-0.17418566346168518,0.11230677084220735,6.076948882641291,0.13230677084220735,0.3079982031423043,-0.09818077087402344,2.457445042929571,0.0,0.0,0.02,0.0,0.0,artificial_grass,111,1675796352,2,0,0,2|2|2|2|2|2|2|2,2,2,2,2,2,2,2,2,-0.27693048,-0.4997842,-1.0,-0.11968782,-0.19932596,-0.4948972,-0.25899398,0.08513212,0.22374557,0.7762544,0.002919302,-0.32846004,0.037037037,0.35477582,0.45419103,-0.14132553,-0.3011696,0.2534113,1.0,0.0,0.0,1.0,0.0,0.0,1.0,0.0,0.0,1.0,0.0,0.0,1.0,0.0,0.0,1.0,0.0,0.0,1.0,0.0,0.0,1.0,0.0,0.0
20260421_172607_403525,0,49,1.0970908403396606,-0.2135230451822281,0.5771452283950279,6.654094111036319,0.5971452283950279,1.2144331953703045,3.9337381720542908,3.580503670574366,0.0,0.0,0.02,0.0,0.0,artificial_grass,111,1675796352,2,0,0,2|2|2|2|2|2|2|2,2,2,2,2,2,2,2,2,0.6878931,0.82664317,0.06174564,-0.85361266,0.24342823,0.20568222,-0.13665237,0.038303472,0.22241974,0.77758026,-0.127715,-0.1705653,-0.0165692,0.35477582,0.43079922,-0.09746589,-0.29044834,-0.15107213,1.0,0.0,0.0,1.0,0.0,0.0,1.0,0.0,0.0,1.0,0.0,0.0,1.0,0.0,0.0,1.0,0.0,0.0,1.0,0.0,0.0,1.0,0.0,0.0
20260421_172607_403525,0,50,1.1013267040252686,-0.21604228019714355,0.45374654969262307,7.107840660728942,0.4737465496926231,0.973805771900615,0.25192350149154663,3.64948213711466,0.0,0.0,0.02,0.0,0.0,artificial_grass,111,1675796352,2,0,0,2|2|2|2|2|2|2|2,2,2,2,2,2,2,2,2,0.6926263,-0.5145208,0.87419844,0.55080706,0.6066443,-0.45334247,0.38734353,0.12471781,0.27554098,0.72445905,0.015246074,0.38986355,0.48440546,0.06725146,-0.16861598,0.20467836,0.13450292,-0.09844054,1.0,0.0,0.0,1.0,0.0,0.0,1.0,0.0,0.0,1.0,0.0,0.0,1.0,0.0,0.0,1.0,0.0,0.0,1.0,0.0,0.0,1.0,0.0,0.0
20260421_172607_403525,0,51,1.0691155195236206,-0.2221161276102066,0.40676949448822614,7.514610155217168,0.42676949448822615,0.882200514252041,0.6073847413063049,4.023817186169964,0.0,0.0,0.02,0.0,0.0,artificial_grass,111,1675796352,2,0,0,2|2|2|2|2|2|2|2,2,2,2,2,2,2,2,2,0.47771022,0.73904705,0.20613328,0.8969617,0.29947063,0.10955703,-0.392625,0.1300126,0.27894297,0.721057,0.05512245,0.4434698,-0.30019492,0.5467836,0.26803118,0.32651073,-0.28752437,0.2417154,1.0,0.0,0.0,1.0,0.0,0.0,1.0,0.0,0.0,1.0,0.0,0.0,1.0,0.0,0.0,1.0,0.0,0.0,1.0,0.0,0.0,1.0,0.0,0.0
20260421_172607_403525,0,52,1.131523847579956,-0.22448933124542236,0.32409255208688353,7.838702707304051,0.34409255208688355,0.720980476569423,0.23732036352157593,4.542809355715768,0.0,0.0,0.02,0.0,0.0,artificial_grass,111,1675796352,2,0,0,2|2|2|2|2|2|2|2,2,2,2,2,2,2,2,2,0.65803117,-0.6636972,0.8445743,-0.1519746,0.37354034,0.46636412,0.2810073,0.089748666,0.2871451,0.7128549,-0.08239953,0.26998052,0.38304093,0.08382066,0.5146199,0.14132553,0.048732944,-0.24269006,1.0,0.0,0.0,1.0,0.0,0.0,1.0,0.0,0.0,1.0,0.0,0.0,1.0,0.0,0.0,1.0,0.0,0.0,1.0,0.0,0.0,1.0,0.0,0.0
20260421_172607_403525,0,53,1.09335196018219,-0.23514720797538757,0.36829860291087047,8.207001310214922,0.3882986029108705,0.8071822756761975,1.065787672996521,4.906600436910885,0.0,0.0,0.02,0.0,0.0,artificial_grass,111,1675796352,2,0,0,2|2|2|2|2|2|2|2,2,2,2,2,2,2,2,2,1.0,-0.2809616,0.8939675,-0.19124195,0.033010256,-0.23557174,-0.16636586,0.16775903,0.29034987,0.70965016,0.08325453,0.41715398,-0.29532164,0.58187133,-0.062378168,0.2037037,0.20565303,0.12280702,1.0,0.0,0.0,1.0,0.0,0.0,1.0,0.0,0.0,1.0,0.0,0.0,1.0,0.0,0.0,1.0,0.0,0.0,1.0,0.0,0.0,1.0,0.0,0.0
20260421_172607_403525,0,54,1.0927331447601318,-0.23600254952907562,0.2757796131278696,8.482780923342792,0.2957796131278696,0.6267702455993458,0.08553415536880493,5.225372479367927,0.0,0.0,0.02,0.0,0.0,artificial_grass,111,1675796352,2,0,0,2|2|2|2|2|2|2|2,2,2,2,2,2,2,2,2,0.27648318,0.7711861,-0.19920206,0.119538404,0.26835856,-0.25461078,-0.07705377,0.12004423,0.30474228,0.6952577,-0.00484657,0.58966863,-0.18421052,0.5682261,-0.062378168,0.091617934,-0.048732944,-0.07309941,1.0,0.0,0.0,1.0,0.0,0.0,1.0,0.0,0.0,1.0,0.0,0.0,1.0,0.0,0.0,1.0,0.0,0.0,1.0,0.0,0.0,1.0,0.0,0.0
20260421_172607_403525,0,55,1.0979479551315308,-0.23542310297489166,0.1879956514589284,8.670776574801721,0.2079956514589284,0.45559152034491035,-0.057944655418395996,4.466530804342533,0.0,0.0,0.02,0.0,0.0,artificial_grass,111,1675796352,2,0,0,2|2|2|2|2|2|2|2,2,2,2,2,2,2,2,2,0.41123942,-0.007513045,-0.42176726,0.32549348,0.53055197,-0.20969313,0.047077797,0.119270705,0.30589733,0.6941027,-0.005906106,0.1491228,0.49025342,-0.06725146,0.10526316,0.18226121,-0.13450292,-0.04385965,1.0,0.0,0.0,1.0,0.0,0.0,1.0,0.0,0.0,1.0,0.0,0.0,1.0,0.0,0.0,1.0,0.0,0.0,1.0,0.0,0.0,1.0,0.0,0.0
20260421_172607_403525,0,56,1.1172897815704346,-0.22660911083221436,0.0165865829188462,8.687363157720567,0.0365865829188462,0.12134383669175008,-0.8813992142677307,3.6140688691336678,0.0,0.0,0.02,0.0,0.0,artificial_grass,111,1675796352,2,0,0,2|2|2|2|2|2|2|2,2,2,2,2,2,2,2,2,0.664614,0.9213533,0.54130876,-0.9297348,0.885037,-0.362875,0.36254236,0.12578917,0.30511487,0.69488513,0.012265768,0.2748538,0.35380116,-0.12962963,0.21247563,0.30701753,-0.14035088,0.024366472,1.0,0.0,0.0,1.0,0.0,0.0,1.0,0.0,0.0,1.0,0.0,0.0,1.0,0.0,0.0,1.0,0.0,0.0,1.0,0.0,0.0,1.0,0.0,0.0
20260421_172607_403525,0,57,1.0671329498291016,-0.24607177078723907,0.2505509622535541,8.93791411997412,0.27055096225355413,0.5775743763944305,1.946265995502472,3.3094427312760573,0.0,0.0,0.02,0.0,0.0,artificial_grass,111,1675796352,2,0,0,2|2|2|2|2|2|2|2,2,2,2,2,2,2,2,2,0.85709363,0.65684795,0.8143845,-0.011046308,0.5430452,-0.4636201,-0.18308493,0.14996652,0.29321244,0.7067876,0.06625063,0.3576998,0.4454191,0.29727095,-0.46101364,0.55653024,-0.21442495,0.20467836,1.0,0.0,0.0,1.0,0.0,0.0,1.0,0.0,0.0,1.0,0.0,0.0,1.0,0.0,0.0,1.0,0.0,0.0,1.0,0.0,0.0,1.0,0.0,0.0
20260421_172607_403525,0,58,1.0698479413986206,-0.24880628287792206,0.2115608125963568,9.149474932570477,0.2315608125963568,0.5015435845628957,0.27345120906829834,3.09000583926953,0.0,0.0,0.02,0.0,0.0,artificial_grass,111,1675796352,2,0,0,2|2|2|2|2|2|2|2,2,2,2,2,2,2,2,2,1.0,0.99280816,0.06411083,0.054031324,0.54602027,-0.19917159,-0.06576663,0.08727045,0.3194948,0.68050516,-0.06460542,0.4619883,0.32456142,0.37134504,-0.049707603,0.36549708,-0.24074075,-0.09746589,1.0,0.0,0.0,1.0,0.0,0.0,1.0,0.0,0.0,1.0,0.0,0.0,1.0,0.0,0.0,1.0,0.0,0.0,1.0,0.0,0.0,1.0,0.0,0.0
20260421_172607_403525,0,59,1.0797996520996094,-0.25214532017707825,0.19006852353901907,9.339543456109496,0.21006852353901906,0.45963362090108717,0.3339037299156189,2.7424571844944197,0.0,0.0,0.02,0.0,0.0,artificial_grass,111,1675796352,2,0,0,2|2|2|2|2|2|2|2,2,2,2,2,2,2,2,2,0.010902943,-0.21307716,0.47134912,-0.13182427,0.48004678,-0.18941653,0.09973509,0.09066419,0.3231875,0.67681247,-0.055473816,0.5097466,0.53606236,0.0116959065,0.028265107,0.34795323,-0.14327486,-0.054580897,1.0,0.0,0.0,1.0,0.0,0.0,1.0,0.0,0.0,1.0,0.0,0.0,1.0,0.0,0.0,1.0,0.0,0.0,1.0,0.0,0.0,1.0,0.0,0.0
20260421_172607_403525,0,60,1.063918948173523,-0.2455703765153885,0.04684698673516119,9.386390442844657,0.06684698673516119,0.18035162413356431,-0.6574943661689758,2.296038563028638,0.0,0.0,0.02,0.0,0.0,artificial_grass,111,1675796352,2,0,0,2|2|2|2|2|2|2|2,2,2,2,2,2,2,2,2,0.5526847,-0.37137502,0.16326578,-0.624906,0.1856974,0.20511669,-0.5818628,0.10310383,0.32769656,0.6723035,-0.022055496,0.07212476,0.18615985,0.33820662,-0.08576998,0.3128655,-0.14424951,0.038011696,1.0,0.0,0.0,1.0,0.0,0.0,1.0,0.0,0.0,1.0,0.0,0.0,1.0,0.0,0.0,1.0,0.0,0.0,1.0,0.0,0.0,1.0,0.0,0.0
20260421_172607_403525,0,61,1.0556005239486694,-0.2583690881729126,0.1878110305324474,9.574201473377105,0.2078110305324474,0.4552315095382724,1.2798711657524109,2.2956785522220002,0.0,0.0,0.02,0.0,0.0,artificial_grass,111,1675796352,2,0,0,2|2|2|2|2|2|2|2,2,2,2,2,2,2,2,2,0.40386516,-0.42678687,0.39588332,0.44904482,-0.34274068,-0.64631957,-0.002669938,0.08325291,0.31881773,0.68118227,-0.1040738,0.35477582,0.088693954,0.3294347,-0.24366471,0.19493178,0.1325536,-0.35672516,1.0,0.0,0.0,1.0,0.0,0.0,1.0,0.0,0.0,1.0,0.0,0.0,1.0,0.0,0.0,1.0,0.0,0.0,1.0,0.0,0.0,1.0,0.0,0.0
20260421_172607_403525,0,62,1.0168408155441284,-0.2427367866039276,-0.02,9.554201473377105,0.0,-0.049383907070918553,-1.5632301568984985,2.1249508084593316,0.0,0.0,0.02,0.0,0.0,artificial_grass,111,1675796352,2,0,0,2|2|2|2|2|2|2|2,2,2,2,2,2,2,2,2,0.7855832,0.33518767,-0.024286633,-0.24613303,0.41828316,-0.442864,-0.72746557,0.0728549,0.3361011,0.6638989,-0.06587944,0.33040935,-0.09259259,0.31676415,0.32066277,-0.13547759,-0.3031189,0.021442495,1.0,0.0,0.0,1.0,0.0,0.0,1.0,0.0,0.0,1.0,0.0,0.0,1.0,0.0,0.0,1.0,0.0,0.0,1.0,0.0,0.0,1.0,0.0,0.0
20260421_172607_403525,0,63,1.1041723489761353,-0.2679765820503235,0.2589522850547238,9.81315375843183,0.2789522850547238,0.5939569558567115,2.5239795446395874,2.1413333879216125,0.0,0.0,0.02,0.0,0.0,artificial_grass,111,1675796352,2,0,0,2|2|2|2|2|2|2|2,2,2,2,2,2,2,2,2,-0.31422457,-0.80346966,-0.36230975,-0.2814631,0.6913883,-0.3916664,0.47976044,0.02440529,0.31499124,0.68500876,-0.20235282,0.45808968,0.22807017,0.07699805,-0.055555556,0.31676415,-0.24561404,-0.41520467,1.0,0.0,0.0,1.0,0.0,0.0,1.0,0.0,0.0,1.0,0.0,0.0,1.0,0.0,0.0,1.0,0.0,0.0,1.0,0.0,0.0,1.0,0.0,0.0
20260421_172607_403525,0,64,1.1019002199172974,-0.269326776266098,0.20011413963430436,10.013267898066134,0.22011413963430435,0.47922257228689347,0.1350194215774536,2.1190123756456103,0.0,0.0,0.02,0.0,0.0,artificial_grass,111,1675796352,2,0,0,2|2|2|2|2|2|2|2,2,2,2,2,2,2,2,2,0.46583515,1.0,0.32070097,-0.2069088,0.5797578,-0.53605044,0.3589156,0.13356972,0.3490751,0.65092486,0.03290187,0.25925925,0.19590643,0.08089668,-0.0877193,0.41910332,-0.28070176,0.25536063,1.0,0.0,0.0,1.0,0.0,0.0,1.0,0.0,0.0,1.0,0.0,0.0,1.0,0.0,0.0,1.0,0.0,0.0,1.0,0.0,0.0,1.0,0.0,0.0
20260421_172607_403525,0,65,1.0754841566085815,-0.27228885889053345,0.1766507665774654,10.1899186646436,0.19665076657746539,0.4334689948260575,0.2962082624435425,2.0928477495705806,0.0,0.0,0.02,0.0,0.0,artificial_grass,111,1675796352,2,0,0,2|2|2|2|2|2|2|2,2,2,2,2,2,2,2,2,0.85282516,-0.60959625,0.98122305,0.5227426,0.73022807,0.15870608,-0.37280124,0.13072959,0.3508984,0.6491016,0.02273627,0.25438598,0.49122807,0.1471735,-0.099415205,0.3859649,-0.32163742,0.21442495,1.0,0.0,0.0,1.0,0.0,0.0,1.0,0.0,0.0,1.0,0.0,0.0,1.0,0.0,0.0,1.0,0.0,0.0,1.0,0.0,0.0,1.0,0.0,0.0
20260421_172607_403525,0,66,1.0769648551940918,-0.281034380197525,0.2331998865611962,10.423118551204796,0.2531998865611962,0.5437397787943326,0.8745521306991577,2.456235904231349,0.0,0.0,0.02,0.0,0.0,artificial_grass,111,1675796352,2,0,0,2|2|2|2|2|2|2|2,2,2,2,2,2,2,2,2,0.84364134,-0.6106244,-0.1666037,-0.5375166,-0.33245477,-0.30453843,-0.297647,0.09770946,0.3548984,0.6451016,-0.101164974,0.5331384,-0.38304093,0.59356725,0.22417153,0.36842105,0.04191033,-0.2417154,1.0,0.0,0.0,1.0,0.0,0.0,1.0,0.0,0.0,1.0,0.0,0.0,1.0,0.0,0.0,1.0,0.0,0.0,1.0,0.0,0.0,1.0,0.0,0.0
20260421_172607_403525,0,67,1.0902998447418213,-0.28345364332199097,0.19450585241405027,10.617624403618846,0.21450585241405026,0.468286412207398,0.24192631244659424,2.4692908069004744,0.0,0.0,0.02,0.0,0.0,artificial_grass,111,1675796352,2,0,0,2|2|2|2|2|2|2|2,2,2,2,2,2,2,2,2,-0.43214768,-0.0051268283,0.58850473,0.11868364,0.5476489,-0.5104264,0.10601432,0.09956036,0.36670837,0.6332916,-0.07626194,0.53411305,-0.3460039,0.44639376,0.030214425,0.12768032,-0.124756336,-0.18226121,1.0,0.0,0.0,1.0,0.0,0.0,1.0,0.0,0.0,1.0,0.0,0.0,1.0,0.0,0.0,1.0,0.0,0.0,1.0,0.0,0.0,1.0,0.0,0.0
20260421_172607_403525,0,68,1.0808507204055786,-0.29152223467826843,0.23791261182691634,10.855537015445762,0.2579126118269163,0.5529295930624869,0.8068591356277466,3.07160430703388,0.0,0.0,0.02,0.0,0.0,artificial_grass,111,1675796352,2,0,0,2|2|2|2|2|2|2|2,2,2,2,2,2,2,2,2,0.8214826,0.5355951,-0.095745236,0.022296444,0.013486896,-0.25732332,-0.2077209,0.11622906,0.36997533,0.6300247,-0.021562928,-0.2631579,0.03411306,0.3957115,0.07309941,0.3294347,-0.3148148,0.06042885,1.0,0.0,0.0,1.0,0.0,0.0,1.0,0.0,0.0,1.0,0.0,0.0,1.0,0.0,0.0,1.0,0.0,0.0,1.0,0.0,0.0,1.0,0.0,0.0
20260421_172607_403525,0,69,1.0805869102478027,-0.2923603057861328,0.17776870384280755,11.03330571928857,0.19776870384280754,0.4356489724934747,0.08380711078643799,2.913296323670643,0.0,0.0,0.02,0.0,0.0,artificial_grass,111,1675796352,2,0,0,2|2|2|2|2|2|2|2,2,2,2,2,2,2,2,2,1.0,-0.76250607,0.26142883,-0.7246119,-0.01989341,-0.5358633,-0.09169589,0.104417704,0.38087118,0.6191289,-0.060461815,0.4766082,0.31384015,0.007797271,0.09454191,0.114035085,-0.13937622,-0.12962963,1.0,0.0,0.0,1.0,0.0,0.0,1.0,0.0,0.0,1.0,0.0,0.0,1.0,0.0,0.0,1.0,0.0,0.0,1.0,0.0,0.0,1.0,0.0,0.0
20260421_172607_403525,0,70,1.0756713151931763,-0.287781298160553,0.0632110455028761,11.096516764791447,0.0832110455028761,0.21226153873060838,-0.4579007625579834,2.646335290114358,0.0,0.0,0.02,0.0,0.0,artificial_grass,111,1675796352,2,0,0,2|2|2|2|2|2|2|2,2,2,2,2,2,2,2,2,0.765847,0.43113145,0.09711235,0.66714525,0.68005645,-0.27063292,-0.19778553,0.10408793,0.3820029,0.6179971,-0.04523708,0.6208577,-0.12280702,0.22807017,0.06725146,0.114035085,-0.22904484,-0.04385965,1.0,0.0,0.0,1.0,0.0,0.0,1.0,0.0,0.0,1.0,0.0,0.0,1.0,0.0,0.0,1.0,0.0,0.0,1.0,0.0,0.0,1.0,0.0,0.0
20260421_172607_403525,0,71,1.0600675344467163,-0.287853866815567,0.03692839508887459,11.133445159880322,0.056928395088874595,0.16101037042330546,0.007256865501403809,2.373876665711606,0.0,0.0,0.02,0.0,0.0,artificial_grass,111,1675796352,2,0,0,2|2|2|2|2|2|2|2,2,2,2,2,2,2,2,2,0.43572876,0.49629563,0.3177819,-1.0,-0.6421845,-0.88528574,-0.1324613,0.0979434,0.3758194,0.6241806,-0.06944473,0.46296296,0.25730994,0.03606238,0.34502923,0.35672516,-0.17641325,-0.11306043,1.0,0.0,0.0,1.0,0.0,0.0,1.0,0.0,0.0,1.0,0.0,0.0,1.0,0.0,0.0,1.0,0.0,0.0,1.0,0.0,0.0,1.0,0.0,0.0
20260421_172607_403525,0,72,1.0535917282104492,-0.2836501896381378,-0.02,11.113445159880323,0.0,0.01566584838175089,-0.4203677177429199,1.8458027352990243,0.0,0.0,0.02,0.0,0.0,artificial_grass,111,1675796352,2,0,0,2|2|2|2|2|2|2|2,2,2,2,2,2,2,2,2,0.80756134,-0.9645148,-0.42118803,-0.15151198,0.59050405,-0.3475695,-0.31813484,0.07843866,0.3759174,0.6240826,-0.07551267,0.26998052,0.27095518,0.19493178,0.04385965,0.16666667,-0.3411306,-0.056530215,1.0,0.0,0.0,1.0,0.0,0.0,1.0,0.0,0.0,1.0,0.0,0.0,1.0,0.0,0.0,1.0,0.0,0.0,1.0,0.0,0.0,1.0,0.0,0.0
20260421_172607_403525,0,73,1.1059249639511108,-0.2934856116771698,0.08647945500621075,11.199924614886534,0.10647945500621075,0.25763493726211095,0.9835422039031982,1.6351512603537373,0.0,0.0,0.02,0.0,0.0,artificial_grass,111,1675796352,2,0,0,2|2|2|2|2|2|2|2,2,2,2,2,2,2,2,2,0.95761555,0.8251253,0.22526184,0.115412824,0.91184145,0.33836263,-0.08411611,0.07034397,0.37024075,0.62975925,-0.108016625,0.51364523,0.00877193,0.11500975,-0.02534113,0.3576998,-0.22319688,-0.19005848,1.0,0.0,0.0,1.0,0.0,0.0,1.0,0.0,0.0,1.0,0.0,0.0,1.0,0.0,0.0,1.0,0.0,0.0,1.0,0.0,0.0,1.0,0.0,0.0
20260421_172607_403525,0,74,1.1187833547592163,-0.2926824986934662,0.04315301454050917,11.243077629427043,0.06315301454050917,0.17314837835399288,-0.08031129837036133,1.2553700456452432,0.0,0.0,0.02,0.0,0.0,artificial_grass,111,1675796352,2,0,0,2|2|2|2|2|2|2|2,2,2,2,2,2,2,2,2,-0.22196393,1.0,0.8155515,-0.38953015,1.0,-0.13097402,0.21495403,0.1357605,0.3835225,0.6164775,-0.034877468,0.5477583,0.39668617,0.09259259,0.04385965,0.48732942,0.08089668,-0.10038986,1.0,0.0,0.0,1.0,0.0,0.0,1.0,0.0,0.0,1.0,0.0,0.0,1.0,0.0,0.0,1.0,0.0,0.0,1.0,0.0,0.0,1.0,0.0,0.0
20260421_172607_403525,0,75,1.1011241674423218,-0.3011017143726349,0.12889316704856946,11.371970796475614,0.14889316704856945,0.3403416757447104,0.8419215679168701,1.160062748896479,0.0,0.0,0.02,0.0,0.0,artificial_grass,111,1675796352,2,0,0,2|2|2|2|2|2|2|2,2,2,2,2,2,2,2,2,0.8242378,-0.10086301,1.0,0.056301616,0.5373766,0.14721817,-0.27340704,0.15183344,0.38243797,0.617562,0.02204355,-0.17153996,0.53411305,0.38791424,-0.2563353,0.5974659,-0.08479532,0.116959065,1.0,0.0,0.0,1.0,0.0,0.0,1.0,0.0,0.0,1.0,0.0,0.0,1.0,0.0,0.0,1.0,0.0,0.0,1.0,0.0,0.0,1.0,0.0,0.0
20260421_172607_403525,0,76,1.071962594985962,-0.29536452889442444,0.011705958899115455,11.38367675537473,0.031705958899115455,0.11182661985327513,-0.5737185478210449,1.0596278300191457,0.0,0.0,0.02,0.0,0.0,artificial_grass,111,1675796352,2,0,0,2|2|2|2|2|2|2|2,2,2,2,2,2,2,2,2,0.9495673,0.12222854,0.74342453,0.61581755,0.52685714,-0.34983304,-0.46836954,0.1297595,0.39380732,0.6061927,-0.04718646,0.49220273,-0.088693954,0.60038984,-0.01754386,0.3128655,0.0877193,-0.17153996,1.0,0.0,0.0,1.0,0.0,0.0,1.0,0.0,0.0,1.0,0.0,0.0,1.0,0.0,0.0,1.0,0.0,0.0,1.0,0.0,0.0,1.0,0.0,0.0
20260421_172607_403525,0,77,1.139113187789917,-0.31695491075515747,0.2741689802093754,11.657845735584104,0.29416898020937543,0.6236295114082822,2.1590381860733032,1.5222469710041224,0.0,0.0,0.02,0.0,0.0,artificial_grass,111,1675796352,2,0,0,2|2|2|2|2|2|2|2,2,2,2,2,2,2,2,2,1.0,0.90228665,0.14264128,0.3121021,0.15608937,0.4230914,0.13402338,0.093307495,0.38605982,0.6139402,-0.1359469,0.53996104,0.0048732944,0.40448344,0.291423,0.28947368,-0.20467836,-0.26900584,1.0,0.0,0.0,1.0,0.0,0.0,1.0,0.0,0.0,1.0,0.0,0.0,1.0,0.0,0.0,1.0,0.0,0.0,1.0,0.0,0.0,1.0,0.0,0.0
20260421_172607_403525,0,78,1.1204450130462646,-0.3122233748435974,0.1335557619319045,11.791401497516008,0.15355576193190448,0.3494337357672137,-0.47315359115600586,1.8560148583895852,0.0,0.0,0.02,0.0,0.0,artificial_grass,111,1675796352,2,0,0,2|2|2|2|2|2|2|2,2,2,2,2,2,2,2,2,0.40127808,0.86042386,0.54908615,0.43977588,0.6689358,-0.6519771,0.28275922,0.1772457,0.4152155,0.5847845,0.045030374,0.6042885,0.5146199,0.05068226,0.18615985,0.08382066,0.21150097,0.05165692,1.0,0.0,0.0,1.0,0.0,0.0,1.0,0.0,0.0,1.0,0.0,0.0,1.0,0.0,0.0,1.0,0.0,0.0,1.0,0.0,0.0,1.0,0.0,0.0
20260421_172607_403525,0,79,1.1411110162734985,-0.31376853585243225,0.10856632156219277,11.899967819078201,0.12856632156219278,0.3007043270462759,0.1545161008834839,1.8990842481737502,0.0,0.0,0.02,0.0,0.0,artificial_grass,111,1675796352,2,0,0,2|2|2|2|2|2|2|2,2,2,2,2,2,2,2,2,-0.7727883,-0.75779074,-0.95469064,-0.88899255,-0.47397745,0.66075623,0.105778456,0.15391055,0.40882602,0.591174,0.031217245,0.23099415,0.50097466,0.24853802,0.19298245,0.374269,-0.3411306,0.19005848,1.0,0.0,0.0,1.0,0.0,0.0,1.0,0.0,0.0,1.0,0.0,0.0,1.0,0.0,0.0,1.0,0.0,0.0,1.0,0.0,0.0,1.0,0.0,0.0
20260421_172607_403525,0,80,1.1428406238555908,-0.3154885768890381,0.09206629292300145,11.992034112001203,0.11206629292300145,0.2685292711998528,0.1720041036605835,1.9944651410196101,0.0,0.0,0.02,0.0,0.0,artificial_grass,111,1675796352,2,0,0,2|2|2|2|2|2|2|2,2,2,2,2,2,2,2,2,0.7321903,0.69787556,0.89310557,0.088833556,0.21802714,0.3901679,0.1546874,0.179743,0.4109126,0.5890874,0.06814897,-0.28557506,0.38791424,0.1208577,0.0,-0.10331384,0.34990254,0.03606238,1.0,0.0,0.0,1.0,0.0,0.0,1.0,0.0,0.0,1.0,0.0,0.0,1.0,0.0,0.0,1.0,0.0,0.0,1.0,0.0,0.0,1.0,0.0,0.0
20260421_172607_403525,0,81,1.099701166152954,-0.2961595952510834,-0.13888594233280752,11.853148169668396,-0.11888594233280751,-0.28182758754897463,-1.9328981637954712,1.372295877725925,0.0,0.0,0.02,0.0,0.0,artificial_grass,111,1675796352,2,0,0,2|2|2|2|2|2|2|2,2,2,2,2,2,2,2,2,0.56145626,0.48253566,-0.0891182,-0.6408665,0.44461787,0.937081,-0.8471265,0.18190508,0.41323537,0.58676463,0.07782807,0.4405458,0.39278752,0.460039,0.030214425,0.12670565,0.23489279,0.08966862,1.0,0.0,0.0,1.0,0.0,0.0,1.0,0.0,0.0,1.0,0.0,0.0,1.0,0.0,0.0,1.0,0.0,0.0,1.0,0.0,0.0,1.0,0.0,0.0
20260421_172607_403525,0,82,1.0959874391555786,-0.34504345059394836,0.47267984251789424,12.32582801218629,0.49267984251789426,1.0107256929098938,4.888385534286499,2.2711949507825437,0.0,0.0,0.02,0.0,0.0,artificial_grass,111,1675796352,2,0,0,2|2|2|2|2|2|2|2,2,2,2,2,2,2,2,2,0.94550437,-0.33450678,0.91473687,0.66050386,0.23717211,-0.4456733,0.03461937,0.12798071,0.38713345,0.6128665,-0.082738504,0.37134504,0.37134504,0.19688109,-0.3362573,0.2748538,0.52729046,-0.50779724,1.0,0.0,0.0,1.0,0.0,0.0,1.0,0.0,0.0,1.0,0.0,0.0,1.0,0.0,0.0,1.0,0.0,0.0,1.0,0.0,0.0,1.0,0.0,0.0
20260421_172607_403525,0,83,1.1069272756576538,-0.3455616533756256,0.34974325088428004,12.675571263070571,0.36974325088428006,0.7709993392243462,0.05182027816772461,2.4185647785986077,0.0,0.0,0.02,0.0,0.0,artificial_grass,111,1675796352,2,0,0,2|2|2|2|2|2|2|2,2,2,2,2,2,2,2,2,0.8871284,-0.51490706,0.9441283,0.18032368,-0.8151964,-0.2992736,0.29935467,0.1233386,0.45314628,0.5468537,-0.03458946,0.58966863,-0.21247563,0.53606236,0.35867447,0.13450292,-0.25048733,0.038986355,1.0,0.0,0.0,1.0,0.0,0.0,1.0,0.0,0.0,1.0,0.0,0.0,1.0,0.0,0.0,1.0,0.0,0.0,1.0,0.0,0.0,1.0,0.0,0.0
20260421_172607_403525,0,84,1.083422064781189,-0.3444448709487915,0.2365794583320072,12.912150721402579,0.2565794583320072,0.5503299437474141,-0.11167824268341064,2.619460986578808,0.0,0.0,0.02,0.0,0.0,artificial_grass,111,1675796352,2,0,0,2|2|2|2|2|2|2|2,2,2,2,2,2,2,2,2,-0.18997046,0.21549612,-0.32120845,-0.2571612,0.69962376,0.5371177,-0.58848536,0.13701335,0.45384604,0.54615396,0.015545121,0.5555556,-0.29727095,0.60818714,0.18908381,-0.29044834,-0.14522417,0.19590643,1.0,0.0,0.0,1.0,0.0,0.0,1.0,0.0,0.0,1.0,0.0,0.0,1.0,0.0,0.0,1.0,0.0,0.0,1.0,0.0,0.0,1.0,0.0,0.0
20260421_172607_403525,0,85,1.1188981533050537,-0.36479637026786804,0.426940995275624,13.339091716678203,0.44694099527562403,0.9215349407874669,2.035149931907654,3.240291600319999,0.0,0.0,0.02,0.0,0.0,artificial_grass,111,1675796352,2,0,0,2|2|2|2|2|2|2|2,2,2,2,2,2,2,2,2,0.61632985,0.3257372,0.03225882,-0.0077186227,0.45237607,-0.16141398,0.28920665,0.10763188,0.45233798,0.547662,-0.11925297,-0.07699805,0.20760234,0.3528265,-0.16081871,0.3693957,0.2777778,-0.37719297,1.0,0.0,0.0,1.0,0.0,0.0,1.0,0.0,0.0,1.0,0.0,0.0,1.0,0.0,0.0,1.0,0.0,0.0,1.0,0.0,0.0,1.0,0.0,0.0
20260421_172607_403525,0,86,1.1254498958587646,-0.36310574412345886,0.28712079588736955,13.626212512565573,0.30712079588736957,0.6488855519803707,-0.16906261444091797,3.620647881100517,0.0,0.0,0.02,0.0,0.0,artificial_grass,111,1675796352,2,0,0,2|2|2|2|2|2|2|2,2,2,2,2,2,2,2,2,0.038408097,0.21335623,0.62759787,0.3581242,0.7796961,-0.07650148,0.39989334,0.15197697,0.47982064,0.5201794,0.024491027,0.37134504,0.2319688,0.12378167,0.009746589,0.27875245,-0.11890838,0.165692,1.0,0.0,0.0,1.0,0.0,0.0,1.0,0.0,0.0,1.0,0.0,0.0,1.0,0.0,0.0,1.0,0.0,0.0,1.0,0.0,0.0,1.0,0.0,0.0
20260421_172607_403525,0,87,1.1090996265411377,-0.3641836941242218,0.2177502123099257,13.843962724875498,0.23775021230992568,0.513612914004355,0.10779500007629395,4.416088382653847,0.0,0.0,0.02,0.0,0.0,artificial_grass,111,1675796352,2,0,0,2|2|2|2|2|2|2|2,2,2,2,2,2,2,2,2,0.78035796,-0.7934313,-0.78845304,-0.78947973,0.7924109,-0.33569312,0.007421835,0.16016665,0.4775376,0.5224624,0.038462993,0.02534113,0.15497077,0.374269,0.14230019,0.40448344,-0.10038986,0.20955166,1.0,0.0,0.0,1.0,0.0,0.0,1.0,0.0,0.0,1.0,0.0,0.0,1.0,0.0,0.0,1.0,0.0,0.0,1.0,0.0,0.0,1.0,0.0,0.0
20260421_172607_403525,0,88,1.0949084758758545,-0.3888475298881531,0.46810542543669315,14.312068150312191,0.48810542543669316,1.0018055796015517,2.4663835763931274,4.4071682693455045,0.0,0.0,0.02,0.0,0.0,artificial_grass,111,1675796352,2,0,0,2|2|2|2|2|2|2|2,2,2,2,2,2,2,2,2,1.0,0.45773113,0.8883113,-0.23812725,0.022958323,-0.077166505,-0.12695996,0.13972883,0.47899327,0.5210067,-0.016337542,0.49707603,-0.12962963,0.29922026,-0.3109162,0.5409357,-0.19883041,0.0,1.0,0.0,0.0,1.0,0.0,0.0,1.0,0.0,0.0,1.0,0.0,0.0,1.0,0.0,0.0,1.0,0.0,0.0,1.0,0.0,0.0,1.0,0.0,0.0
20260421_172607_403525,0,89,1.0908042192459106,-0.39145365357398987,0.3730806547933725,14.685148805105564,0.3930806547933725,0.8165072768470765,0.2606123685836792,4.452676206968235,0.0,0.0,0.02,0.0,0.0,artificial_grass,111,1675796352,2,0,0,2|2|2|2|2|2|2|2,2,2,2,2,2,2,2,2,0.81025827,0.57208294,-0.34904176,0.14005001,-0.1944185,-0.0663929,-0.11781874,0.121989824,0.51229936,0.48770064,-0.03909697,0.5974659,0.21832359,0.49025342,-0.1208577,0.09844054,-0.018518519,-0.07017544,1.0,0.0,0.0,1.0,0.0,0.0,1.0,0.0,0.0,1.0,0.0,0.0,1.0,0.0,0.0,1.0,0.0,0.0,1.0,0.0,0.0,1.0,0.0,0.0
20260421_172607_403525,0,90,1.0912928581237793,-0.3883116543292999,0.22811819308618586,14.91326699819175,0.24811819308618585,0.5338304765180624,-0.31419992446899414,4.436176739738883,0.0,0.0,0.02,0.0,0.0,artificial_grass,111,1675796352,2,0,0,2|2|2|2|2|2|2|2,2,2,2,2,2,2,2,2,1.0,-0.7266275,0.26629922,0.77067935,0.7604282,-0.1385158,0.045699596,0.11685953,0.51581866,0.4841813,-0.042472336,0.49122807,0.3840156,0.010721248,0.15009746,-0.04191033,-0.018518519,-0.06725146,1.0,0.0,0.0,1.0,0.0,0.0,1.0,0.0,0.0,1.0,0.0,0.0,1.0,0.0,0.0,1.0,0.0,0.0,1.0,0.0,0.0,1.0,0.0,0.0
20260421_172607_403525,0,91,1.0663425922393799,-0.3832907974720001,0.09530842869541112,15.00857542688716,0.11530842869541112,0.27485143595605166,-0.5020856857299805,3.789493234907468,0.0,0.0,0.02,0.0,0.0,artificial_grass,111,1675796352,2,0,0,2|2|2|2|2|2|2|2,2,2,2,2,2,2,2,2,0.111957945,0.95648396,-0.6081672,-0.96518093,0.5981519,-0.58372116,-0.29200134,0.11747036,0.5115757,0.4884243,-0.043320406,0.63450295,-0.32651073,0.20467836,0.41325536,0.3489279,-0.109161794,0.021442495,1.0,0.0,0.0,1.0,0.0,0.0,1.0,0.0,0.0,1.0,0.0,0.0,1.0,0.0,0.0,1.0,0.0,0.0,1.0,0.0,0.0,1.0,0.0,0.0
20260421_172607_403525,0,92,1.0628708600997925,-0.3838534355163574,0.06728437337229112,15.075859800259451,0.08728437337229113,0.2202045280759677,0.05626380443572998,3.360812211003065,0.0,0.0,0.02,0.0,0.0,artificial_grass,111,1675796352,2,0,0,2|2|2|2|2|2|2|2,2,2,2,2,2,2,2,2,0.8182679,0.86941427,0.68319875,0.77663213,0.5274413,-0.8422366,-0.043894272,0.08628254,0.5047955,0.49520448,-0.10571543,0.05068226,0.55653024,-0.32651073,-0.0009746589,0.45321637,-0.28752437,-0.14619882,1.0,0.0,0.0,1.0,0.0,0.0,1.0,0.0,0.0,1.0,0.0,0.0,1.0,0.0,0.0,1.0,0.0,0.0,1.0,0.0,0.0,1.0,0.0,0.0
20260421_172607_403525,0,93,1.1096749305725098,-0.40265870094299316,0.28014617011429377,15.356005970373745,0.3001461701142938,0.6352850317228729,1.8805265426635742,3.4824843287215828,0.0,0.0,0.02,0.0,0.0,artificial_grass,111,1675796352,2,0,0,2|2|2|2|2|2|2|2,2,2,2,2,2,2,2,2,1.0,-0.4740691,-0.3651766,-0.9456817,0.91569024,0.20140266,-0.10655474,0.08194284,0.50555533,0.49444467,-0.10815715,0.4853801,0.45321637,0.056530215,0.40643275,0.32261208,-0.45711502,-0.006822612,1.0,0.0,0.0,1.0,0.0,0.0,1.0,0.0,0.0,1.0,0.0,0.0,1.0,0.0,0.0,1.0,0.0,0.0,1.0,0.0,0.0,1.0,0.0,0.0
20260421_172607_403525,0,94,1.0817705392837524,-0.436381995677948,0.6310493036748849,15.98705527404863,0.6510493036748849,1.3195461421660255,3.3723294734954834,3.8002248912860566,0.0,0.0,0.02,0.0,0.0,artificial_grass,111,1675796352,2,0,0,2|2|2|2|2|2|2|2,2,2,2,2,2,2,2,2,0.06086686,0.8474854,0.97422093,0.08239585,-0.68192244,-0.19380794,-0.019508049,0.1404479,0.53094995,0.46905005,-0.04880893,0.6296296,0.16959064,0.014619883,-0.2748538,0.58966863,0.05360624,-0.091617934,1.0,0.0,0.0,1.0,0.0,0.0,1.0,0.0,0.0,1.0,0.0,0.0,1.0,0.0,0.0,1.0,0.0,0.0,1.0,0.0,0.0,1.0,0.0,0.0
20260421_172607_403525,0,95,1.043711543083191,-0.4276897609233856,0.35043781423613407,16.337493088284766,0.3704378142361341,0.7723537377604615,-0.8692234754562378,3.7560713521994415,0.0,0.0,0.02,0.0,0.0,artificial_grass,111,1675796352,2,0,0,2|2|2|2|2|2|2|2,2,2,2,2,2,2,2,2,-0.24260937,0.49331495,0.6612787,0.5640876,0.02783239,-0.46815705,-0.07482993,0.105567455,0.5764899,0.42351007,-0.05252708,0.0116959065,0.43079922,0.42592594,0.071150094,-0.0165692,-0.07017544,-0.0029239766,1.0,0.0,0.0,1.0,0.0,0.0,1.0,0.0,0.0,1.0,0.0,0.0,1.0,0.0,0.0,1.0,0.0,0.0,1.0,0.0,0.0,1.0,0.0,0.0
20260421_172607_403525,0,96,1.0124011039733887,-0.3976193070411682,-0.0828184839667151,16.25467460431805,-0.06281848396671509,-0.17249604373509442,-3.0070453882217407,3.0497448319462848,0.0,0.0,0.02,0.0,0.0,artificial_grass,111,1675796352,2,0,0,2|2|2|2|2|2|2|2,2,2,2,2,2,2,2,2,-0.037818555,0.23194292,0.8248491,-0.13430145,0.8060305,-0.029910414,-0.7585512,0.0579937,0.5647519,0.43524808,-0.11983772,-0.14230019,0.32748538,0.40253413,0.32261208,0.012670565,-0.23586744,-0.0058479533,1.0,0.0,0.0,1.0,0.0,0.0,1.0,0.0,0.0,1.0,0.0,0.0,1.0,0.0,0.0,1.0,0.0,0.0,1.0,0.0,0.0,1.0,0.0,0.0
20260421_172607_403525,0,97,1.0989327430725098,-0.43202707171440125,0.32913953027154463,16.583814134589595,0.34913953027154465,0.7308220840295121,3.4407764673233032,3.505715480019745,0.0,0.0,0.02,0.0,0.0,artificial_grass,111,1675796352,2,0,0,2|2|2|2|2|2|2|2,2,2,2,2,2,2,2,2,0.58267087,0.9355997,0.8811319,0.7001623,0.26034114,-0.3331577,0.7207477,0.018855667,0.52414477,0.4758552,-0.24626894,-0.014619883,0.19298245,0.5263158,-0.10136452,0.43079922,-0.032163743,-0.43567252,1.0,0.0,0.0,1.0,0.0,0.0,1.0,0.0,0.0,1.0,0.0,0.0,1.0,0.0,0.0,1.0,0.0,0.0,1.0,0.0,0.0,1.0,0.0,0.0
20260421_172607_403525,0,98,1.1077594757080078,-0.4360451102256775,0.2869577055405334,16.87077184013013,0.3069577055405334,0.6485675258040402,0.4018038511276245,3.9340784777478177,0.0,0.0,0.02,0.0,0.0,artificial_grass,111,1675796352,2,0,0,2|2|2|2|2|2|2|2,2,2,2,2,2,2,2,2,0.035007834,0.3025241,0.76553065,-0.38748083,-0.8356823,0.7041105,0.20679374,0.12702017,0.57060903,0.429391,0.013404905,0.34015596,0.5282651,0.44931775,0.33040935,0.11890838,-0.2300195,0.40643275,1.0,0.0,0.0,1.0,0.0,0.0,1.0,0.0,0.0,1.0,0.0,0.0,1.0,0.0,0.0,1.0,0.0,0.0,1.0,0.0,0.0,1.0,0.0,0.0
20260421_172607_403525,0,99,1.092637062072754,-0.4513511061668396,0.4000387399395278,17.270810580069657,0.42003873993952784,0.8690755428820793,1.530599594116211,4.167868988907024,0.0,0.0,0.02,0.0,0.0,artificial_grass,111,1675796352,2,0,0,2|2|2|2|2|2|2|2,2,2,2,2,2,2,2,2,0.7671705,0.4552079,-0.29374245,0.11891096,0.356272,-0.2849207,0.32875586,0.13805361,0.576035,0.42396498,-0.0014434871,0.06140351,0.31189084,0.56237817,-0.0029239766,-0.40350878,0.38499025,0.10136452,1.0,0.0,0.0,1.0,0.0,0.0,1.0,0.0,0.0,1.0,0.0,0.0,1.0,0.0,0.0,1.0,0.0,0.0,1.0,0.0,0.0,1.0,0.0,0.0
20260421_172607_403525,0,100,1.0763124227523804,-0.44661208987236023,0.22786217938439668,17.498672759454053,0.24786217938439667,0.5333312497995735,-0.473901629447937,3.381654096540572,0.0,0.0,0.02,0.0,0.0,artificial_grass,111,1675796352,2,0,0,2|2|2|2|2|2|2|2,2,2,2,2,2,2,2,2,-0.27089763,-0.38160813,-0.45641607,-0.38835514,0.8196474,-0.49064055,0.06954421,0.11915054,0.5967042,0.4032958,-0.012493322,0.4649123,0.30896688,0.4122807,0.062378168,0.19005848,-0.17836258,0.21150097,1.0,0.0,0.0,1.0,0.0,0.0,1.0,0.0,0.0,1.0,0.0,0.0,1.0,0.0,0.0,1.0,0.0,0.0,1.0,0.0,0.0,1.0,0.0,0.0
20260421_172607_403525,0,101,1.046230435371399,-0.4394088387489319,0.06713700475075461,17.565809764204808,0.08713700475075462,0.21991715926397148,-0.7203251123428345,2.829217518044082,0.0,0.0,0.02,0.0,0.0,artificial_grass,111,1675796352,2,0,0,2|2|2|2|2|2|2|2,2,2,2,2,2,2,2,2,0.09078265,-0.14663216,-0.026789108,0.2978235,0.31489962,-0.31865326,-0.38540202,0.09874477,0.5903047,0.40969533,-0.06367708,-0.12280702,0.30214426,0.41325536,-0.19688109,0.45614034,-0.2748538,0.06822612,1.0,0.0,0.0,1.0,0.0,0.0,1.0,0.0,0.0,1.0,0.0,0.0,1.0,0.0,0.0,1.0,0.0,0.0,1.0,0.0,0.0,1.0,0.0,0.0
20260421_172607_403525,0,102,1.094240427017212,-0.45237550139427185,0.2051817618366571,17.770991526041463,0.22518176183665709,0.4891044355814813,1.2966662645339966,3.490817997360658,0.0,0.0,0.02,0.0,0.0,artificial_grass,111,1675796352,2,0,0,2|2|2|2|2|2|2|2,2,2,2,2,2,2,2,2,1.0,-0.29211897,-0.03482756,-0.4994527,0.73744005,-0.24473947,0.3748014,0.061142348,0.5805774,0.41942263,-0.16154025,0.07212476,0.1588694,0.36842105,0.17738791,0.17641325,-0.16764133,-0.20272905,1.0,0.0,0.0,1.0,0.0,0.0,1.0,0.0,0.0,1.0,0.0,0.0,1.0,0.0,0.0,1.0,0.0,0.0,1.0,0.0,0.0,1.0,0.0,0.0
20260421_172607_403525,0,103,1.0383566617965698,-0.43050533533096313,-0.08662862815210612,17.684362897889358,-0.06662862815210611,-0.1799258248966069,-2.1870166063308716,2.580070088434539,0.0,0.0,0.02,0.0,0.0,artificial_grass,111,1675796352,2,0,0,2|2|2|2|2|2|2|2,2,2,2,2,2,2,2,2,0.49521443,-0.7907061,0.9511058,0.2219867,0.739458,-0.41041318,-0.54909885,0.121154785,0.59808755,0.40191245,-0.026446216,0.61988306,-0.058479533,0.3693957,-0.22709551,0.45808968,-0.19103314,0.19785576,1.0,0.0,0.0,1.0,0.0,0.0,1.0,0.0,0.0,1.0,0.0,0.0,1.0,0.0,0.0,1.0,0.0,0.0,1.0,0.0,0.0,1.0,0.0,0.0
20260421_172607_403525,0,104,1.0658091306686401,-0.4474424123764038,0.1022987474172102,17.78666164530657,0.12229874741721021,0.2884825574635599,1.6937077045440674,2.2199851200940586,0.0,0.0,0.02,0.0,0.0,artificial_grass,111,1675796352,2,0,0,2|2|2|2|2|2|2|2,2,2,2,2,2,2,2,2,-0.9100702,-0.47489816,1.0,0.32563114,0.7827138,0.20667922,-0.254182,0.05130005,0.5685541,0.43144593,-0.19488999,0.32163742,-0.45224172,0.61695904,0.11988304,0.42982456,-0.22319688,-0.29532164,1.0,0.0,0.0,1.0,0.0,0.0,1.0,0.0,0.0,1.0,0.0,0.0,1.0,0.0,0.0,1.0,0.0,0.0,1.0,0.0,0.0,1.0,0.0,0.0
20260421_172607_403525,0,105,1.0690412521362305,-0.45172590017318726,0.12023031436782274,17.906891959674393,0.14023031436782274,0.3234491130172543,0.4283487796783447,1.6743586902292336,0.0,0.0,0.02,0.0,0.0,artificial_grass,111,1675796352,2,0,0,2|2|2|2|2|2|2|2,2,2,2,2,2,2,2,2,0.6695915,0.030642705,0.6375013,0.86871064,0.089985505,0.42282543,-0.34330633,0.085615635,0.5914259,0.40857407,-0.14295459,-0.5224171,-0.23586744,0.6354776,0.1539961,0.42007798,0.03411306,-0.18908381,1.0,0.0,0.0,1.0,0.0,0.0,1.0,0.0,0.0,1.0,0.0,0.0,1.0,0.0,0.0,1.0,0.0,0.0,1.0,0.0,0.0,1.0,0.0,0.0
20260421_172607_403525,0,106,1.0724180936813354,-0.4567895233631134,0.14368072539030757,18.0505726850647,0.16368072539030756,0.36917741451109976,0.5063623189926147,1.5102048549407598,0.0,0.0,0.02,0.0,0.0,artificial_grass,111,1675796352,2,0,0,2|2|2|2|2|2|2|2,2,2,2,2,2,2,2,2,1.0,0.48740062,0.04175544,-0.7748431,0.34293532,-0.35011628,-0.16860431,0.089655876,0.59721035,0.40278965,-0.13326246,0.40253413,0.0058479533,0.38011697,0.50877196,0.028265107,0.21637426,-0.2251462,1.0,0.0,0.0,1.0,0.0,0.0,1.0,0.0,0.0,1.0,0.0,0.0,1.0,0.0,0.0,1.0,0.0,0.0,1.0,0.0,0.0,1.0,0.0,0.0
20260421_172607_403525,0,107,1.0705987215042114,-0.4568183720111847,0.09672014209492487,18.147292827159625,0.11672014209492487,0.2776042770851035,0.0028848648071289062,1.5678919727618919,0.0,0.0,0.02,0.0,0.0,artificial_grass,111,1675796352,2,0,0,2|2|2|2|2|2|2|2,2,2,2,2,2,2,2,2,0.91042256,0.1795833,0.31437704,-0.58889514,0.37536606,-0.5033279,-0.21720664,0.09387684,0.60404825,0.39595175,-0.10791827,0.6062378,0.3031189,0.08382066,0.09551657,0.2768031,-0.18908381,-0.10233918,1.0,0.0,0.0,1.0,0.0,0.0,1.0,0.0,0.0,1.0,0.0,0.0,1.0,0.0,0.0,1.0,0.0,0.0,1.0,0.0,0.0,1.0,0.0,0.0
20260421_172607_403525,0,108,1.0671530961990356,-0.4558681547641754,0.04894757776338059,18.196240404923007,0.06894757776338059,0.18444777663859213,-0.09502172470092773,1.2632353138190027,0.0,0.0,0.02,0.0,0.0,artificial_grass,111,1675796352,2,0,0,2|2|2|2|2|2|2|2,2,2,2,2,2,2,2,2,0.16922025,0.75338423,-0.07014241,-0.43874234,-0.09858375,-0.030127188,-0.3549475,0.091602705,0.60408723,0.39591274,-0.10970413,0.58187133,0.15107213,0.2300195,0.00877193,0.3079922,-0.21929824,-0.10818713,1.0,0.0,0.0,1.0,0.0,0.0,1.0,0.0,0.0,1.0,0.0,0.0,1.0,0.0,0.0,1.0,0.0,0.0,1.0,0.0,0.0,1.0,0.0,0.0
20260421_172607_403525,0,109,1.1249353885650635,-0.4684723913669586,0.18689320387103805,18.383133608794044,0.20689320387103804,0.4534417475485242,1.2604236602783203,1.8966028862641338,0.0,0.0,0.02,0.0,0.0,artificial_grass,111,1675796352,2,0,0,2|2|2|2|2|2|2|2,2,2,2,2,2,2,2,2,0.4647311,1.0,0.5135712,-0.14446425,-0.7727478,0.31595835,0.23757564,0.08729563,0.60280406,0.39719594,-0.13092239,0.116959065,0.48635477,0.06822612,0.009746589,0.21734893,-0.00877193,-0.22904484,1.0,0.0,0.0,1.0,0.0,0.0,1.0,0.0,0.0,1.0,0.0,0.0,1.0,0.0,0.0,1.0,0.0,0.0,1.0,0.0,0.0,1.0,0.0,0.0
20260421_172607_403525,0,110,1.0752477645874023,-0.46497321128845215,0.08389836343524869,18.467031972229293,0.10389836343524869,0.25260180869873494,-0.349918007850647,1.8607221374993088,0.0,0.0,0.02,0.0,0.0,artificial_grass,111,1675796352,2,0,0,2|2|2|2|2|2|2|2,2,2,2,2,2,2,2,2,0.6881912,0.9711202,0.16233826,-0.16270335,0.5367682,0.0517342,-0.41518202,0.15952349,0.6198248,0.38017514,0.039730005,0.2563353,0.53216374,0.3177388,0.00877193,-0.13450292,0.20760234,0.13450292,1.0,0.0,0.0,1.0,0.0,0.0,1.0,0.0,0.0,1.0,0.0,0.0,1.0,0.0,0.0,1.0,0.0,0.0,1.0,0.0,0.0,1.0,0.0,0.0
20260421_172607_403525,0,111,1.0671627521514893,-0.474072128534317,0.16816630136957678,18.63519827359887,0.18816630136957677,0.4169242876706747,0.9098917245864868,1.9541973121527292,0.0,0.0,0.02,0.0,0.0,artificial_grass,111,1675796352,2,0,0,2|2|2|2|2|2|2|2,2,2,2,2,2,2,2,2,0.66257304,-0.75420266,1.0,-0.10361164,-0.2073952,-0.3642961,-0.0570421,0.09741402,0.61509955,0.38490045,-0.11414104,0.40643275,0.57699805,0.16179337,-0.056530215,0.3196881,0.04385965,-0.24269006,1.0,0.0,0.0,1.0,0.0,0.0,1.0,0.0,0.0,1.0,0.0,0.0,1.0,0.0,0.0,1.0,0.0,0.0,1.0,0.0,0.0,1.0,0.0,0.0
20260421_172607_403525,0,112,0.9588618278503418,-0.39423489570617676,-0.9084192420567601,17.72677903154211,-0.8375577461284645,-1.6832376049505058,-7.983723282814026,-0.09821770730887636,0.0,0.017229918565910204,0.02,0.05,0.0,artificial_grass,111,1675796352,2,0,0,2|2|2|2|2|2|2|2,2,2,2,2,2,2,2,2,-0.99221385,0.8223562,-0.8194262,-0.70745826,-1.0,-0.981692,-1.0,0.08730774,0.6273867,0.37261328,-0.082986176,0.4220273,-0.15302144,0.69005847,-0.0048732944,0.0048732944,-0.11306043,-0.013645224,1.0,0.0,0.0,1.0,0.0,0.0,1.0,0.0,0.0,1.0,0.0,0.0,1.0,0.0,0.0,1.0,0.0,0.0,1.0,0.0,0.0,1.0,0.0,0.0
20260421_172607_403525,0,113,1.0435742139816284,-0.4739127457141876,0.3138403992798031,18.040619430821916,0.3484707930704612,0.7295180464873994,7.967785000801086,0.3536960620934195,0.0,0.0,0.02,0.014630393790658048,0.0,artificial_grass,111,1675796352,2,0,0,2|2|2|2|2|2|2|2,2,2,2,2,2,2,2,2,0.76669395,0.94156444,0.45856747,0.7943488,0.070488736,0.07256694,0.23230745,-0.048068427,0.51957446,0.48042557,-0.35668668,-0.5389863,0.55068225,0.37037036,-0.0019493178,0.00877193,-0.114035085,-0.56725144,1.0,0.0,0.0,1.0,0.0,0.0,1.0,0.0,0.0,1.0,0.0,0.0,1.0,0.0,0.0,1.0,0.0,0.0,1.0,0.0,0.0,1.0,0.0,0.0
20260421_172607_403525,0,114,1.0647133588790894,-0.46350595355033875,0.09714412765796594,18.137763558479882,0.1215224260355508,0.28696873076932405,-1.0406792163848877,0.45621701622415145,0.0,0.0,0.02,0.004378298377584855,0.0,artificial_grass,111,1675796352,2,0,0,2|2|2|2|2|2|2|2,2,2,2,2,2,2,2,2,0.71273285,0.7495906,-0.34552872,0.29778388,0.4654245,-0.64809185,0.6702167,0.057822037,0.62717146,0.3728285,-0.08051138,0.46296296,0.5643275,0.26803118,0.44249514,-0.0019493178,-0.0058479533,0.1208577,1.0,0.0,0.0,1.0,0.0,0.0,1.0,0.0,0.0,1.0,0.0,0.0,1.0,0.0,0.0,1.0,0.0,0.0,1.0,0.0,0.0,1.0,0.0,0.0
20260421_172607_403525,0,115,1.0248699188232422,-0.4693884253501892,0.1266542294175818,18.264417787897465,0.16014786824269378,0.36228834307325286,0.5882471799850464,0.36506361174888013,0.0,0.0,0.02,0.013493638825111988,0.0,artificial_grass,111,1675796352,2,0,0,2|2|2|2|2|2|2|2,2,2,2,2,2,2,2,2,0.5648481,-0.4006502,0.1997722,0.33786795,-0.09885625,-0.0681419,-0.2775132,0.084245965,0.6131181,0.38688186,-0.015730638,0.4473684,0.5350877,0.081871346,0.2134503,0.26705652,-0.3869396,0.3888889,1.0,0.0,0.0,1.0,0.0,0.0,1.0,0.0,0.0,1.0,0.0,0.0,1.0,0.0,0.0,1.0,0.0,0.0,1.0,0.0,0.0,1.0,0.0,0.0
20260421_172607_403525,0,116,1.0921097993850708,-0.478018581867218,0.20434367704136677,18.468761464938833,0.22434367704136676,0.4874701702306652,0.8630156517028809,0.5999319732808104,0.0,0.0,0.02,0.0,0.0,artificial_grass,111,1675796352,2,0,0,2|2|2|2|2|2|2|2,2,2,2,2,2,2,2,2,0.18298346,-0.92396677,0.7598006,-0.9567262,-0.008085233,-0.0026035537,0.67071044,0.03444166,0.62106186,0.37893814,-0.1587445,0.38499025,0.41130605,0.18226121,0.23781677,-0.047758285,-0.03508772,-0.16861598,1.0,0.0,0.0,1.0,0.0,0.0,1.0,0.0,0.0,1.0,0.0,0.0,1.0,0.0,0.0,1.0,0.0,0.0,1.0,0.0,0.0,1.0,0.0,0.0
20260421_172607_403525,0,117,1.0920218229293823,-0.47808918356895447,0.14275265139303087,18.611514116331865,0.16275265139303086,0.36736767021641015,0.0070601701736450195,0.5503753558265458,0.0,0.0,0.02,0.0,0.0,artificial_grass,111,1675796352,2,0,0,2|2|2|2|2|2|2|2,2,2,2,2,2,2,2,2,0.8041073,-0.57360435,0.32837823,0.77021503,0.57198554,-0.20285265,-0.42160445,0.11849155,0.632716,0.367284,0.031840693,0.1491228,0.20857699,0.5555556,-0.08674464,0.029239766,-0.03606238,0.3674464,1.0,0.0,0.0,1.0,0.0,0.0,1.0,0.0,0.0,1.0,0.0,0.0,1.0,0.0,0.0,1.0,0.0,0.0,1.0,0.0,0.0,1.0,0.0,0.0
20260421_172607_403525,0,118,1.0595027208328247,-0.4860839545726776,0.19815129628481165,18.809665412616678,0.21815129628481164,0.47539502775538267,0.7994771003723145,2.7090079885324343,0.0,0.0,0.02,0.0,0.0,artificial_grass,111,1675796352,2,0,0,2|2|2|2|2|2|2|2,2,2,2,2,2,2,2,2,-0.47359073,-0.66786695,0.047673836,0.17823684,0.06919346,0.2318196,-0.12762766,0.1183815,0.63281137,0.36718863,0.031636275,0.51949316,-0.15789473,0.3294347,0.45516568,0.2777778,-0.1374269,-0.2300195,1.0,0.0,0.0,1.0,0.0,0.0,1.0,0.0,0.0,1.0,0.0,0.0,1.0,0.0,0.0,1.0,0.0,0.0,1.0,0.0,0.0,1.0,0.0,0.0
20260421_172607_403525,0,119,1.0597175359725952,-0.4824999272823334,0.09125414797842618,18.900919560595103,0.11125414797842618,0.26694558855793105,-0.35840272903442383,2.246435530602966,0.0,0.0,0.02,0.0,0.0,artificial_grass,111,1675796352,2,0,0,2|2|2|2|2|2|2|2,2,2,2,2,2,2,2,2,0.5506927,-0.7036276,0.81111425,0.49512658,0.73988086,0.16617605,-0.21356685,0.07773266,0.6436075,0.3563925,-0.10614008,0.1325536,-0.2037037,0.3323587,0.3079922,0.0662768,0.088693954,-0.1159844,1.0,0.0,0.0,1.0,0.0,0.0,1.0,0.0,0.0,1.0,0.0,0.0,1.0,0.0,0.0,1.0,0.0,0.0,1.0,0.0,0.0,1.0,0.0,0.0
20260421_172607_403525,0,120,1.0910621881484985,-0.49162352085113525,0.17399950289153787,19.07491906348664,0.19399950289153786,0.42829903063849883,0.912359356880188,2.3877658304721407,0.0,0.0,0.02,0.0,0.0,artificial_grass,111,1675796352,2,0,0,2|2|2|2|2|2|2|2,2,2,2,2,2,2,2,2,1.0,0.07244775,0.79084957,0.3954933,0.5252475,0.09352652,0.23881361,0.078001216,0.63876766,0.36123237,-0.1161004,0.33820662,-0.39278752,0.5146199,0.28070176,0.3625731,0.06335282,-0.14522417,1.0,0.0,0.0,1.0,0.0,0.0,1.0,0.0,0.0,1.0,0.0,0.0,1.0,0.0,0.0,1.0,0.0,0.0,1.0,0.0,0.0,1.0,0.0,0.0
20260421_172607_403525,0,121,1.0929923057556152,-0.49061447381973267,0.10615287035579606,19.181071933842436,0.12615287035579606,0.2959980971938023,-0.10090470314025879,2.32147558459269,0.0,0.0,0.02,0.0,0.0,artificial_grass,111,1675796352,2,0,0,2|2|2|2|2|2|2|2,2,2,2,2,2,2,2,2,0.6042668,1.0,0.17357948,0.76273143,-0.047050737,-0.24324378,0.2545431,0.11718197,0.6510882,0.34891182,-0.02069188,0.6062378,0.00877193,0.45808968,0.24074075,0.3011696,0.01754386,0.10721248,1.0,0.0,0.0,1.0,0.0,0.0,1.0,0.0,0.0,1.0,0.0,0.0,1.0,0.0,0.0,1.0,0.0,0.0,1.0,0.0,0.0,1.0,0.0,0.0
20260421_172607_403525,0,122,1.0691829919815063,-0.4883211851119995,0.0388032590779641,19.219875192920398,0.0588032590779641,0.16466635520203,-0.22932887077331543,1.998671769564055,0.0,0.0,0.02,0.0,0.0,artificial_grass,111,1675796352,2,0,0,2|2|2|2|2|2|2|2,2,2,2,2,2,2,2,2,0.7841477,-0.8009319,-0.8942636,-0.3505965,0.341731,-0.05307499,-0.23550262,0.11959467,0.6497255,0.35027447,-0.01004952,0.34795323,0.52729046,0.058479533,0.46978557,-0.014619883,-0.13157895,0.15204678,1.0,0.0,0.0,1.0,0.0,0.0,1.0,0.0,0.0,1.0,0.0,0.0,1.0,0.0,0.0,1.0,0.0,0.0,1.0,0.0,0.0,1.0,0.0,0.0
20260421_172607_403525,0,123,1.0863908529281616,-0.49206486344337463,0.06568806394148746,19.285563256861884,0.08568806394148747,0.21709172468590054,0.3743678331375122,1.8483958240335454,0.0,0.0,0.02,0.0,0.0,artificial_grass,111,1675796352,2,0,0,2|2|2|2|2|2|2|2,2,2,2,2,2,2,2,2,-0.13713281,0.77202654,0.85001826,-0.59523815,0.5489004,-0.007239392,0.07029806,0.08983298,0.6466287,0.35337132,-0.093825005,0.48050684,0.30214426,-0.04288499,0.23489279,0.22904484,-0.04483431,-0.14132553,1.0,0.0,0.0,1.0,0.0,0.0,1.0,0.0,0.0,1.0,0.0,0.0,1.0,0.0,0.0,1.0,0.0,0.0,1.0,0.0,0.0,1.0,0.0,0.0
20260421_172607_403525,0,124,1.0437661409378052,-0.47818267345428467,-0.08883895190401583,19.19672430495787,-0.06883895190401583,-0.18423595621283084,-1.3882189989089966,1.188764840065332,0.0,0.0,0.02,0.0,0.0,artificial_grass,111,1675796352,2,0,0,2|2|2|2|2|2|2|2,2,2,2,2,2,2,2,2,0.92670786,0.15040055,0.72286725,0.7940025,0.6726691,-0.5894571,-0.2682533,0.11134281,0.6516841,0.34831586,-0.04109272,-0.05263158,0.4385965,0.4834308,-0.27387914,0.37719297,-0.007797271,0.02534113,1.0,0.0,0.0,1.0,0.0,0.0,1.0,0.0,0.0,1.0,0.0,0.0,1.0,0.0,0.0,1.0,0.0,0.0,1.0,0.0,0.0,1.0,0.0,0.0
20260421_172607_403525,0,125,1.0954742431640625,-0.5022913217544556,0.1925842258177689,19.389308530775637,0.2125842258177689,0.46453924034464933,2.41086483001709,1.3863584918520502,0.0,0.0,0.02,0.0,0.0,artificial_grass,111,1675796352,2,0,0,2|2|2|2|2|2|2|2,2,2,2,2,2,2,2,2,0.5218847,0.9466352,-0.12339727,-0.45525905,0.47940224,-0.014774991,0.23414181,0.05806198,0.6329376,0.3670624,-0.14728947,0.56042886,0.07504873,0.40448344,0.39181286,0.37524366,-0.3031189,-0.13157895,1.0,0.0,0.0,1.0,0.0,0.0,1.0,0.0,0.0,1.0,0.0,0.0,1.0,0.0,0.0,1.0,0.0,0.0,1.0,0.0,0.0,1.0,0.0,0.0
20260421_172607_403525,0,126,1.1134456396102905,-0.49502453207969666,0.03986394276385527,19.42917247353949,0.05986394276385527,0.16673468838951777,-0.7266789674758911,1.1247941496030691,0.0,0.0,0.02,0.0,0.0,artificial_grass,111,1675796352,2,0,0,2|2|2|2|2|2|2|2,2,2,2,2,2,2,2,2,-0.3940356,-0.30845153,-0.16845778,-0.025346903,-0.8638055,0.8115925,0.1078821,0.12269707,0.66549397,0.33450603,0.0003155804,0.2982456,0.5847953,-0.00877193,-0.08479532,0.34697855,-0.0058479533,0.12865497,1.0,0.0,0.0,1.0,0.0,0.0,1.0,0.0,0.0,1.0,0.0,0.0,1.0,0.0,0.0,1.0,0.0,0.0,1.0,0.0,0.0,1.0,0.0,0.0
20260421_172607_403525,0,127,1.0843076705932617,-0.5039058923721313,0.13235129415538843,19.56152376769488,0.15235129415538842,0.3470850236030074,0.8881360292434692,1.1758810760122742,0.0,0.0,0.02,0.0,0.0,artificial_grass,111,1675796352,2,0,0,2|2|2|2|2|2|2|2,2,2,2,2,2,2,2,2,0.44424543,0.64535433,0.4565153,0.16715494,0.94304776,0.42872003,-0.27020812,0.14516135,0.6556809,0.34431913,0.039304174,-0.15789473,0.53606236,-0.0038986355,0.08674464,-0.15497077,0.47076023,0.04191033,1.0,0.0,0.0,1.0,0.0,0.0,1.0,0.0,0.0,1.0,0.0,0.0,1.0,0.0,0.0,1.0,0.0,0.0,1.0,0.0,0.0,1.0,0.0,0.0
20260421_172607_403525,0,128,1.098571538925171,-0.508370041847229,0.1450858997844609,19.70660966747934,0.1650858997844609,0.37191750457969874,0.4464149475097656,1.383132225389943,0.0,0.0,0.02,0.0,0.0,artificial_grass,111,1675796352,2,0,0,2|2|2|2|2|2|2|2,2,2,2,2,2,2,2,2,0.116199,0.1965722,-0.56866866,0.67455715,0.6934652,-0.11795476,0.18559337,0.1087389,0.6676743,0.3323257,-0.067574985,0.25146198,0.38206628,0.2602339,0.040935673,0.47076023,0.24269006,-0.17251462,1.0,0.0,0.0,1.0,0.0,0.0,1.0,0.0,0.0,1.0,0.0,0.0,1.0,0.0,0.0,1.0,0.0,0.0,1.0,0.0,0.0,1.0,0.0,0.0
20260421_172607_403525,0,129,1.118754267692566,-0.505759596824646,0.06393692454881993,19.77054659202816,0.08393692454881993,0.21367700287019886,-0.2610445022583008,1.3797175035742413,0.0,0.0,0.02,0.0,0.0,artificial_grass,111,1675796352,2,0,0,2|2|2|2|2|2|2|2,2,2,2,2,2,2,2,2,-0.10280882,0.22035399,0.27410284,0.45788592,-0.21199822,-0.22468546,0.5601358,0.1265687,0.67370266,0.3262973,-0.0011711352,0.1325536,0.32846004,-0.11306043,0.39376217,0.38791424,-0.082846,0.11306043,1.0,0.0,0.0,1.0,0.0,0.0,1.0,0.0,0.0,1.0,0.0,0.0,1.0,0.0,0.0,1.0,0.0,0.0,1.0,0.0,0.0,1.0,0.0,0.0
20260421_172607_403525,0,130,1.0821411609649658,-0.5138382315635681,0.140114677243948,19.910661269272108,0.16011467724394798,0.3622236206256986,0.8078634738922119,1.9261770804127707,0.0,0.0,0.02,0.0,0.0,artificial_grass,111,1675796352,2,0,0,2|2|2|2|2|2|2|2,2,2,2,2,2,2,2,2,1.0,0.88567054,0.025589487,0.14142707,0.52804637,0.11933064,-0.23097657,0.1517971,0.6701775,0.3298225,0.07612781,-0.05263158,0.17836258,0.2037037,0.334308,-0.058479533,-0.116959065,0.34307992,1.0,0.0,0.0,1.0,0.0,0.0,1.0,0.0,0.0,1.0,0.0,0.0,1.0,0.0,0.0,1.0,0.0,0.0,1.0,0.0,0.0,1.0,0.0,0.0
20260421_172607_403525,0,131,1.116369605064392,-0.49936142563819885,-0.04064227316151492,19.87001899611059,-0.020642273161514915,-0.09025243266495409,-1.4476805925369263,1.3713854074031673,0.0,0.0,0.02,0.0,0.0,artificial_grass,111,1675796352,2,0,0,2|2|2|2|2|2|2|2,2,2,2,2,2,2,2,2,-0.90101975,0.25749254,0.36858582,0.5869187,0.8714889,-0.5322782,0.73281884,0.10603075,0.6810869,0.31891307,-0.06898402,0.6072125,0.53216374,0.0116959065,0.10136452,0.3177388,0.071150094,-0.13840155,1.0,0.0,0.0,1.0,0.0,0.0,1.0,0.0,0.0,1.0,0.0,0.0,1.0,0.0,0.0,1.0,0.0,0.0,1.0,0.0,0.0,1.0,0.0,0.0
20260421_172607_403525,0,132,1.1215956211090088,-0.5121378302574158,0.08344655947779868,19.95346555558839,0.10344655947779868,0.2517207909817074,1.277640461921692,1.456371509995357,0.0,0.0,0.02,0.0,0.0,artificial_grass,111,1675796352,2,0,0,2|2|2|2|2|2|2|2,2,2,2,2,2,2,2,2,0.5143564,-0.6659411,-0.8111592,-0.8964321,-1.0,0.03298225,0.4281426,0.1488163,0.6615374,0.3384626,0.06599005,-0.5243665,0.21832359,0.25146198,0.35185185,0.4766082,-0.334308,0.4288499,1.0,0.0,0.0,1.0,0.0,0.0,1.0,0.0,0.0,1.0,0.0,0.0,1.0,0.0,0.0,1.0,0.0,0.0,1.0,0.0,0.0,1.0,0.0,0.0
20260421_172607_403525,0,133,1.0272340774536133,-0.4959377944469452,-0.10523605232076284,19.84822950326763,-0.08523605232076284,-0.21621030202548752,-1.620003581047058,0.893076184366862,0.0,0.0,0.02,0.0,0.0,artificial_grass,111,1675796352,2,0,0,2|2|2|2|2|2|2|2,2,2,2,2,2,2,2,2,0.9021062,0.47178173,0.6229152,0.26006794,0.78393507,-0.8143216,-0.26841167,0.15534878,0.6787907,0.3212093,0.076000325,0.32358673,-0.14424951,0.24074075,0.2300195,0.11500975,0.027290449,0.24756335,1.0,0.0,0.0,1.0,0.0,0.0,1.0,0.0,0.0,1.0,0.0,0.0,1.0,0.0,0.0,1.0,0.0,0.0,1.0,0.0,0.0,1.0,0.0,0.0
20260421_172607_403525,0,134,1.0956635475158691,-0.5247913599014282,0.24111867171434034,20.089348174981968,0.26111867171434033,0.5591814098429637,2.8853565454483032,1.080340089630127,0.0,0.0,0.02,0.0,0.0,artificial_grass,111,1675796352,2,0,0,2|2|2|2|2|2|2|2,2,2,2,2,2,2,2,2,0.78313273,0.5314305,0.43765464,-0.15699206,0.09238044,0.20619653,0.2830063,0.03739681,0.6569142,0.34308583,-0.1677778,0.537037,0.24658869,0.32553607,0.15497077,0.50877196,-0.39473686,-0.13060428,1.0,0.0,0.0,1.0,0.0,0.0,1.0,0.0,0.0,1.0,0.0,0.0,1.0,0.0,0.0,1.0,0.0,0.0,1.0,0.0,0.0,1.0,0.0,0.0
20260421_172607_403525,0,135,1.0399855375289917,-0.5221859216690063,0.13602569311367815,20.225373868095645,0.15602569311367814,0.35425010157167236,-0.2605438232421875,1.2209131883316005,0.0,0.0,0.02,0.0,0.0,artificial_grass,111,1675796352,2,0,0,2|2|2|2|2|2|2|2,2,2,2,2,2,2,2,2,0.4948449,-0.15236996,0.71310234,-0.37307885,0.7387576,-0.61707085,-0.15430635,0.12293367,0.695878,0.30412194,0.058783233,0.46881092,0.30214426,0.291423,0.014619883,0.13547759,0.13840155,0.16861598,1.0,0.0,0.0,1.0,0.0,0.0,1.0,0.0,0.0,1.0,0.0,0.0,1.0,0.0,0.0,1.0,0.0,0.0,1.0,0.0,0.0,1.0,0.0,0.0
20260421_172607_403525,0,136,1.0356208086013794,-0.5261225700378418,0.14107886430750888,20.366452732403154,0.16107886430750887,0.3641037853996423,0.3936648368835449,1.2227933531055442,0.0,0.0,0.02,0.0,0.0,artificial_grass,111,1675796352,2,0,0,2|2|2|2|2|2|2|2,2,2,2,2,2,2,2,2,0.87545455,-0.38601896,0.3114547,0.11424792,0.0051616062,0.09027385,-0.4163073,0.053336143,0.6923597,0.30764034,-0.09528049,0.3362573,-0.013645224,0.49220273,-0.16861598,0.5068226,-0.24951267,-0.06140351,1.0,0.0,0.0,1.0,0.0,0.0,1.0,0.0,0.0,1.0,0.0,0.0,1.0,0.0,0.0,1.0,0.0,0.0,1.0,0.0,0.0,1.0,0.0,0.0
20260421_172607_403525,0,137,1.0356167554855347,-0.5261114239692688,0.09425599350533771,20.460708725908493,0.11425599350533772,0.27279918733540853,-0.0011146068572998047,1.5858449731059068,0.0,0.0,0.02,0.0,0.0,artificial_grass,111,1675796352,2,0,0,2|2|2|2|2|2|2|2,2,2,2,2,2,2,2,2,0.045593135,0.79392767,0.42026737,-0.16786505,0.40995064,-0.0140756015,-0.044831306,0.04788027,0.6976757,0.30232427,-0.12691294,0.54191035,-0.15789473,0.42495126,0.1471735,0.13060428,0.078947365,-0.25536063,1.0,0.0,0.0,1.0,0.0,0.0,1.0,0.0,0.0,1.0,0.0,0.0,1.0,0.0,0.0,1.0,0.0,0.0,1.0,0.0,0.0,1.0,0.0,0.0
20260421_172607_403525,0,138,1.103764533996582,-0.530781090259552,0.11914925526083923,20.579857981169333,0.13914925526083924,0.3213410477586365,0.4669666290283203,1.6554652298828358,0.0,0.0,0.02,0.0,0.0,artificial_grass,111,1675796352,2,0,0,2|2|2|2|2|2|2|2,2,2,2,2,2,2,2,2,0.32813838,-0.56214577,1.0,-0.3511672,-0.29417133,0.4892888,0.3051996,0.047875214,0.6976606,0.30233938,-0.12692253,0.0116959065,0.44639376,0.27192983,-0.00877193,0.30019492,-0.0116959065,-0.046783626,1.0,0.0,0.0,1.0,0.0,0.0,1.0,0.0,0.0,1.0,0.0,0.0,1.0,0.0,0.0,1.0,0.0,0.0,1.0,0.0,0.0,1.0,0.0,0.0
20260421_172607_403525,0,139,1.1076492071151733,-0.5294895172119141,0.06139305621949835,20.64125103738883,0.08139305621949836,0.20871645962802177,-0.12915730476379395,2.080391991536345,0.0,0.0,0.02,0.0,0.0,artificial_grass,111,1675796352,2,0,0,2|2|2|2|2|2|2|2,2,2,2,2,2,2,2,2,1.0,-0.60525584,-0.020581927,-0.7379189,0.21278682,-0.1247339,0.5200524,0.13305989,0.70396656,0.2960334,0.05878319,0.21734893,-0.15497077,0.6978558,-0.12865497,-0.0038986355,0.30701753,0.15692008,1.0,0.0,0.0,1.0,0.0,0.0,1.0,0.0,0.0,1.0,0.0,0.0,1.0,0.0,0.0,1.0,0.0,0.0,1.0,0.0,0.0,1.0,0.0,0.0
20260421_172607_403525,0,140,1.0241029262542725,-0.5228928327560425,-0.02,20.62125103738883,0.0,-0.008379766675773226,-0.6596684455871582,1.5128308150176082,0.0,0.0,0.02,0.0,0.0,artificial_grass,111,1675796352,2,0,0,2|2|2|2|2|2|2|2,2,2,2,2,2,2,2,2,0.88188565,-0.056269888,0.69207966,-0.26052743,0.9338175,-0.31248578,-0.5988669,0.1379158,0.7022224,0.29777756,0.09692203,0.6062378,-0.29337233,0.6968811,-0.17933723,0.20175439,0.0029239766,0.32358673,1.0,0.0,0.0,1.0,0.0,0.0,1.0,0.0,0.0,1.0,0.0,0.0,1.0,0.0,0.0,1.0,0.0,0.0,1.0,0.0,0.0,1.0,0.0,0.0
20260421_172607_403525,0,141,1.078156590461731,-0.5460939407348633,0.248586089468559,20.86983712685739,0.268586089468559,0.5737428744636901,2.32011079788208,1.732323587909626,0.0,0.0,0.02,0.0,0.0,artificial_grass,111,1675796352,2,0,0,2|2|2|2|2|2|2|2,2,2,2,2,2,2,2,2,0.7467093,-0.8040155,-0.7340662,0.53699213,0.2605767,-0.26454532,0.46539572,0.03348293,0.69331425,0.30668575,-0.18517384,0.5243665,-0.02534113,0.4766082,-0.15009746,0.5662768,-0.15984406,-0.32456142,1.0,0.0,0.0,1.0,0.0,0.0,1.0,0.0,0.0,1.0,0.0,0.0,1.0,0.0,0.0,1.0,0.0,0.0,1.0,0.0,0.0,1.0,0.0,0.0
20260421_172607_403525,0,142,1.0383554697036743,-0.5356655120849609,0.04133150748728848,20.91116863434468,0.06133150748728848,0.16959643960021253,-1.0428428649902344,1.5378162421101962,0.0,0.0,0.02,0.0,0.0,artificial_grass,111,1675796352,2,0,0,2|2|2|2|2|2|2|2,2,2,2,2,2,2,2,2,0.8089149,-0.67665386,-0.8105528,0.14106852,0.57010216,-0.1760453,-0.41747501,0.10105,0.7246451,0.27535495,-0.0053560445,0.5068226,-0.36549708,0.34697855,0.36354777,0.17251462,-0.17836258,0.25730994,1.0,0.0,0.0,1.0,0.0,0.0,1.0,0.0,0.0,1.0,0.0,0.0,1.0,0.0,0.0,1.0,0.0,0.0,1.0,0.0,0.0,1.0,0.0,0.0
20260421_172607_403525,0,143,1.1371663808822632,-0.537905216217041,0.04830252974469813,20.95947116408938,0.06830252974469814,0.18318993300216135,0.2239704132080078,1.448206987776949,0.0,0.0,0.02,0.0,0.0,artificial_grass,111,1675796352,2,0,0,2|2|2|2|2|2|2|2,2,2,2,2,2,2,2,2,0.40457752,0.960501,-0.066701494,0.8399608,0.50770116,-0.171814,0.7682535,0.05129862,0.71056247,0.2894375,-0.15007643,0.5068226,-0.34990254,0.34795323,0.19395712,0.35477582,-0.104288496,-0.24074075,1.0,0.0,0.0,1.0,0.0,0.0,1.0,0.0,0.0,1.0,0.0,0.0,1.0,0.0,0.0,1.0,0.0,0.0,1.0,0.0,0.0,1.0,0.0,0.0
20260421_172607_403525,0,144,1.1148743629455566,-0.5442401170730591,0.10603331853952537,21.065504482628903,0.12603331853952537,0.29576497115207445,0.6334900856018066,1.422630911170387,0.0,0.0,0.02,0.0,0.0,artificial_grass,111,1675796352,2,0,0,2|2|2|2|2|2|2|2,2,2,2,2,2,2,2,2,0.7911575,0.58222085,-1.0,-0.78755426,-0.7828122,0.59248966,-0.20215818,0.17481223,0.713587,0.28641304,0.09472699,0.23294348,0.5331384,-0.0877193,0.50779724,0.30506822,-0.13645224,0.43957114,1.0,0.0,0.0,1.0,0.0,0.0,1.0,0.0,0.0,1.0,0.0,0.0,1.0,0.0,0.0,1.0,0.0,0.0,1.0,0.0,0.0,1.0,0.0,0.0
20260421_172607_403525,0,145,1.1175389289855957,-0.5550696849822998,0.20695534671542345,21.272459829344328,0.22695534671542344,0.4925629260950757,1.0829567909240723,1.706477377637441,0.0,0.0,0.02,0.0,0.0,artificial_grass,111,1675796352,2,0,0,2|2|2|2|2|2|2|2,2,2,2,2,2,2,2,2,1.0,-0.16529703,0.14938994,0.11687336,-0.81089413,-0.30619448,0.23790231,0.14694719,0.7221416,0.27785835,-0.015684215,0.47173488,0.4103314,-0.24074075,0.4093567,-0.0116959065,0.36549708,-0.13645224,1.0,0.0,0.0,1.0,0.0,0.0,1.0,0.0,0.0,1.0,0.0,0.0,1.0,0.0,0.0,1.0,0.0,0.0,1.0,0.0,0.0,1.0,0.0,0.0
20260421_172607_403525,0,146,1.0757218599319458,-0.5607279539108276,0.21634816296640794,21.488807992310736,0.23634816296640793,0.5108789177844955,0.5658268928527832,2.2257360620977096,0.0,0.0,0.02,0.0,0.0,artificial_grass,111,1675796352,2,0,0,2|2|2|2|2|2|2|2,2,2,2,2,2,2,2,2,-0.36893016,0.91190475,0.22822273,-0.52906156,0.27323234,-0.16358893,-0.33531466,0.1502779,0.7367659,0.26323408,0.056804635,0.6208577,-0.019493178,0.15107213,0.36062378,-0.010721248,0.020467836,0.16471735,1.0,0.0,0.0,1.0,0.0,0.0,1.0,0.0,0.0,1.0,0.0,0.0,1.0,0.0,0.0,1.0,0.0,0.0,1.0,0.0,0.0,1.0,0.0,0.0
20260421_172607_403525,0,147,1.068751573562622,-0.5588005781173706,0.12614091974458944,21.614948912055326,0.14614091974458943,0.33497479350194936,-0.19273757934570312,1.9869679811359688,0.0,0.0,0.02,0.0,0.0,artificial_grass,111,1675796352,2,0,0,2|2|2|2|2|2|2|2,2,2,2,2,2,2,2,2,0.78939575,0.42533353,0.61435944,-0.07050632,0.33976588,-0.43634188,-0.46325085,0.09800663,0.7444068,0.25559315,-0.07784778,-0.2319688,0.5292398,0.14424951,0.14522417,0.25048733,-0.015594542,-0.17348927,1.0,0.0,0.0,1.0,0.0,0.0,1.0,0.0,0.0,1.0,0.0,0.0,1.0,0.0,0.0,1.0,0.0,0.0,1.0,0.0,0.0,1.0,0.0,0.0
20260421_172607_403525,0,148,1.1027414798736572,-0.5631317496299744,0.13872327330336298,21.75367218535869,0.15872327330336297,0.3595103829415578,0.433117151260376,2.176881924477314,0.0,0.0,0.02,0.0,0.0,artificial_grass,111,1675796352,2,0,0,2|2|2|2|2|2|2|2,2,2,2,2,2,2,2,2,-0.27213696,0.41550812,-0.72583216,-0.21744587,-0.12375481,-0.3317371,0.3529826,0.08929376,0.7418041,0.25819588,-0.098710135,0.47758284,0.24463938,0.36842105,0.06042885,0.29337233,-0.018518519,-0.22417153,1.0,0.0,0.0,1.0,0.0,0.0,1.0,0.0,0.0,1.0,0.0,0.0,1.0,0.0,0.0,1.0,0.0,0.0,1.0,0.0,0.0,1.0,0.0,0.0
20260421_172607_403525,0,149,1.0703229904174805,-0.5601407885551453,0.054286543761761785,21.80795872912045,0.07428654376176179,0.19485876033543548,-0.29909610748291016,2.1885507518105882,0.0,0.0,0.02,0.0,0.0,artificial_grass,111,1675796352,2,0,0,2|2|2|2|2|2|2|2,2,2,2,2,2,2,2,2,0.20409319,-0.37345323,0.3907271,0.83363044,0.06343881,-0.8133775,0.19643599,0.1317811,0.74765295,0.25234708,0.029794877,-0.099415205,0.3460039,0.22417153,0.064327486,0.29337233,-0.15009746,0.20077972,1.0,0.0,0.0,1.0,0.0,0.0,1.0,0.0,0.0,1.0,0.0,0.0,1.0,0.0,0.0,1.0,0.0,0.0,1.0,0.0,0.0,1.0,0.0,0.0
20260421_172607_403525,0,150,1.111783742904663,-0.5649890303611755,0.0914615976422241,21.899420326762673,0.1114615976422241,0.267350115402337,0.48482418060302734,2.1601358960608508,0.0,0.0,0.02,0.0,0.0,artificial_grass,111,1675796352,2,0,0,2|2|2|2|2|2|2|2,2,2,2,2,2,2,2,2,0.94174546,-0.64491373,0.20393673,-0.5262398,-0.729538,0.17132801,0.57684296,0.09125805,0.74361396,0.25638604,-0.04754518,0.1491228,-0.0877193,0.29044834,0.5477583,0.08576998,-0.38011697,0.16471735,1.0,0.0,0.0,1.0,0.0,0.0,1.0,0.0,0.0,1.0,0.0,0.0,1.0,0.0,0.0,1.0,0.0,0.0,1.0,0.0,0.0,1.0,0.0,0.0
20260421_172607_403525,0,151,1.0725375413894653,-0.5743995308876038,0.17783338446792735,22.0772537112306,0.19783338446792734,0.4357750997124583,0.9410500526428223,2.1033480696782334,0.0,0.0,0.02,0.0,0.0,artificial_grass,111,1675796352,2,0,0,2|2|2|2|2|2|2|2,2,2,2,2,2,2,2,2,0.85426867,0.52597123,0.0951654,-0.6504355,0.19107918,0.013657778,-0.2072347,0.14308396,0.750161,0.24983902,0.06100281,0.5740741,-0.27387914,0.29337233,0.5389863,-0.11793372,0.047758285,0.3148148,1.0,0.0,0.0,1.0,0.0,0.0,1.0,0.0,0.0,1.0,0.0,0.0,1.0,0.0,0.0,1.0,0.0,0.0,1.0,0.0,0.0,1.0,0.0,0.0
20260421_172607_403525,0,152,1.0717467069625854,-0.5737053751945496,0.11306534997845578,22.190319061209056,0.1330653499784558,0.30947743245798875,-0.06941556930541992,1.9019465843517267,0.0,0.0,0.02,0.0,0.0,artificial_grass,111,1675796352,2,0,0,2|2|2|2|2|2|2|2,2,2,2,2,2,2,2,2,0.8672341,0.8552857,-0.23406212,0.7095919,0.4609573,0.025108058,-0.30597883,0.094026186,0.76286894,0.23713104,-0.089181274,0.51364523,0.3109162,0.08576998,0.38011697,0.15302144,0.010721248,-0.13450292,1.0,0.0,0.0,1.0,0.0,0.0,1.0,0.0,0.0,1.0,0.0,0.0,1.0,0.0,0.0,1.0,0.0,0.0,1.0,0.0,0.0,1.0,0.0,0.0
20260421_172607_403525,0,153,1.073268175125122,-0.5772426724433899,0.11873872080230853,22.309057782011365,0.13873872080230853,0.32054050556450164,0.3537297248840332,1.887512296414279,0.0,0.0,0.02,0.0,0.0,artificial_grass,111,1675796352,2,0,0,2|2|2|2|2|2|2|2,2,2,2,2,2,2,2,2,0.9209136,-0.08129692,0.895476,0.0003631138,0.36350423,0.06113064,-0.1961601,0.093037605,0.76193154,0.23806845,-0.09252624,0.51364523,0.5097466,-0.13060428,0.4434698,0.2768031,0.0116959065,-0.18226121,1.0,0.0,0.0,1.0,0.0,0.0,1.0,0.0,0.0,1.0,0.0,0.0,1.0,0.0,0.0,1.0,0.0,0.0,1.0,0.0,0.0,1.0,0.0,0.0
20260421_172607_403525,0,154,1.0627975463867188,-0.5751752853393555,0.05113882131923789,22.360196603330603,0.07113882131923789,0.18872070157251386,-0.20673871040344238,1.716722615045235,0.0,0.0,0.02,0.0,0.0,artificial_grass,111,1675796352,2,0,0,2|2|2|2|2|2|2|2,2,2,2,2,2,2,2,2,0.018431833,-0.30112532,-0.9648813,-0.832268,0.35910496,-0.6440271,-0.36494783,0.094939515,0.7667083,0.23329169,-0.08481371,0.5711501,-0.05263158,0.5497076,0.07699805,0.27582845,0.04385965,-0.13840155,1.0,0.0,0.0,1.0,0.0,0.0,1.0,0.0,0.0,1.0,0.0,0.0,1.0,0.0,0.0,1.0,0.0,0.0,1.0,0.0,0.0,1.0,0.0,0.0
20260421_172607_403525,0,155,1.1160928010940552,-0.5774522423744202,0.0561356164389749,22.41633221976958,0.0761356164389749,0.19846445205600105,0.22769570350646973,1.7203283067658006,0.0,0.0,0.02,0.0,0.0,artificial_grass,111,1675796352,2,0,0,2|2|2|2|2|2|2|2,2,2,2,2,2,2,2,2,0.89089906,0.13951363,-0.11612474,0.74545133,-0.6662331,0.20575848,0.4779556,0.0818512,0.76391655,0.23608346,-0.10395396,0.05945419,-0.048732944,0.47953215,0.064327486,0.31676415,-0.10526316,-0.17446394,1.0,0.0,0.0,1.0,0.0,0.0,1.0,0.0,0.0,1.0,0.0,0.0,1.0,0.0,0.0,1.0,0.0,0.0,1.0,0.0,0.0,1.0,0.0,0.0
20260421_172607_403525,0,156,1.0543198585510254,-0.5770143866539001,0.025077921040514792,22.441410140810095,0.04507792104051479,0.13790194602900385,-0.04378557205200195,1.5908801373924675,0.0,0.0,0.02,0.0,0.0,artificial_grass,111,1675796352,2,0,0,2|2|2|2|2|2|2|2,2,2,2,2,2,2,2,2,0.33183578,1.0,0.6641832,0.8324334,0.46740398,-0.29275048,-0.34572142,0.14847031,0.7669913,0.23300867,0.05621568,0.5389863,0.124756336,0.11306043,0.55263156,-0.19395712,0.12573099,0.2563353,1.0,0.0,0.0,1.0,0.0,0.0,1.0,0.0,0.0,1.0,0.0,0.0,1.0,0.0,0.0,1.0,0.0,0.0,1.0,0.0,0.0,1.0,0.0,0.0
20260421_172607_403525,0,157,1.0574009418487549,-0.5796639323234558,0.04136671859520048,22.482776859405295,0.06136671859520048,0.16966510126064094,0.2649545669555664,1.32477013894065,0.0,0.0,0.02,0.0,0.0,artificial_grass,111,1675796352,2,0,0,2|2|2|2|2|2|2|2,2,2,2,2,2,2,2,2,0.37501654,0.13728248,0.5567681,0.4797917,0.59816575,-0.24743608,-0.22748414,0.07125406,0.76640004,0.23359995,-0.13589415,0.17738791,0.53411305,0.29727095,0.48050684,0.28070176,-0.14327486,-0.19395712,1.0,0.0,0.0,1.0,0.0,0.0,1.0,0.0,0.0,1.0,0.0,0.0,1.0,0.0,0.0,1.0,0.0,0.0,1.0,0.0,0.0,1.0,0.0,0.0
20260421_172607_403525,0,158,1.1219160556793213,-0.584894597530365,0.08667459288113617,22.56945145228643,0.10667459288113618,0.2580154561182155,0.523066520690918,1.2733081626008769,0.0,0.0,0.02,0.0,0.0,artificial_grass,111,1675796352,2,0,0,2|2|2|2|2|2|2|2,2,2,2,2,2,2,2,2,0.21549867,1.0,1.0,0.29567987,1.0,0.088610016,0.54020303,0.07510547,0.769978,0.230022,-0.12089028,0.24658869,0.15497077,0.37816763,0.2962963,0.35477582,-0.1539961,-0.14327486,1.0,0.0,0.0,1.0,0.0,0.0,1.0,0.0,0.0,1.0,0.0,0.0,1.0,0.0,0.0,1.0,0.0,0.0,1.0,0.0,0.0,1.0,0.0,0.0
20260421_172607_403525,0,159,1.0554653406143188,-0.5867980718612671,0.07799920531343951,22.64745065759987,0.09799920531343952,0.24109845036120703,0.19034743309020996,1.1938661073975823,0.0,0.0,0.02,0.0,0.0,artificial_grass,111,1675796352,2,0,0,2|2|2|2|2|2|2|2,2,2,2,2,2,2,2,2,0.5946618,-0.93162465,0.79087585,-0.79569983,-0.65239304,-0.49286655,-0.25836113,0.15574932,0.7770415,0.22295849,0.045853708,0.109161794,0.5224171,0.52534115,0.1471735,0.56725144,-0.047758285,0.28752437,1.0,0.0,0.0,1.0,0.0,0.0,1.0,0.0,0.0,1.0,0.0,0.0,1.0,0.0,0.0,1.0,0.0,0.0,1.0,0.0,0.0,1.0,0.0,0.0
20260421_172607_403525,0,160,1.0894805192947388,-0.5924152135848999,0.119103785057297,22.766554442657167,0.139103785057297,0.32125238086172914,0.5617141723632812,1.3263977866867975,0.0,0.0,0.02,0.0,0.0,artificial_grass,111,1675796352,2,0,0,2|2|2|2|2|2|2|2,2,2,2,2,2,2,2,2,0.8475628,0.55987495,-0.9466495,-0.36664426,0.5875676,-0.06323287,0.31595087,0.07268591,0.77961195,0.22038807,-0.09929068,0.3723197,0.104288496,0.57699805,-0.07017544,0.36354777,-0.16959064,-0.10818713,1.0,0.0,0.0,1.0,0.0,0.0,1.0,0.0,0.0,1.0,0.0,0.0,1.0,0.0,0.0,1.0,0.0,0.0,1.0,0.0,0.0,1.0,0.0,0.0
20260421_172607_403525,0,161,1.0634080171585083,-0.593263566493988,0.08879390173000103,22.855348344387167,0.10879390173000103,0.262148108373502,0.08483529090881348,1.3900814430042985,0.0,0.0,0.02,0.0,0.0,artificial_grass,111,1675796352,2,0,0,2|2|2|2|2|2|2|2,2,2,2,2,2,2,2,2,0.8474915,0.8633217,0.07387812,0.35318804,0.21532488,-0.26398253,-0.15523523,0.11520491,0.78719735,0.21280268,-0.005606902,0.5116959,0.34990254,0.44249514,-0.08674464,0.4093567,-0.064327486,0.16764133,1.0,0.0,0.0,1.0,0.0,0.0,1.0,0.0,0.0,1.0,0.0,0.0,1.0,0.0,0.0,1.0,0.0,0.0,1.0,0.0,0.0,1.0,0.0,0.0
20260421_172607_403525,0,162,1.122968316078186,-0.590425431728363,0.018798826738204984,22.874147171125372,0.038798826738204985,0.12565771213949972,-0.2838134765625,1.3778372091147943,0.0,0.0,0.02,0.0,0.0,artificial_grass,111,1675796352,2,0,0,2|2|2|2|2|2|2|2,2,2,2,2,2,2,2,2,0.6748224,0.89133173,0.46923018,-0.033299156,-0.6545695,0.3371266,0.51240295,0.082614325,0.78834295,0.21165706,-0.08290712,0.5019493,0.53411305,0.13840155,0.27582845,0.20175439,-0.10818713,-0.07602339,1.0,0.0,0.0,1.0,0.0,0.0,1.0,0.0,0.0,1.0,0.0,0.0,1.0,0.0,0.0,1.0,0.0,0.0,1.0,0.0,0.0,1.0,0.0,0.0
20260421_172607_403525,0,163,1.0327675342559814,-0.5958272814750671,0.07194334757549938,22.94609051870087,0.09194334757549938,0.22928952777222378,0.5401849746704102,1.4374616356263772,0.0,0.0,0.02,0.0,0.0,artificial_grass,111,1675796352,2,0,0,2|2|2|2|2|2|2|2,2,2,2,2,2,2,2,2,0.83679694,0.87136924,0.7034914,0.3946455,0.6856921,-0.4564452,-0.51752084,0.15706463,0.7845103,0.21548967,0.10222622,0.4054581,0.537037,0.3148148,0.21637426,-0.16276804,0.2202729,0.29727095,1.0,0.0,0.0,1.0,0.0,0.0,1.0,0.0,0.0,1.0,0.0,0.0,1.0,0.0,0.0,1.0,0.0,0.0,1.0,0.0,0.0,1.0,0.0,0.0
20260421_172607_403525,0,164,1.0592622756958008,-0.6043707728385925,0.15207919482938778,23.098169713530257,0.17207919482938777,0.38555442991730615,0.8543491363525391,1.5650006094254678,0.0,0.0,0.02,0.0,0.0,artificial_grass,111,1675796352,2,0,0,2|2|2|2|2|2|2|2,2,2,2,2,2,2,2,2,-0.17086428,-0.7281526,0.76332253,0.019438734,0.50182265,-0.5446983,0.31656533,0.044313718,0.791805,0.20819497,-0.16028538,0.48732942,0.5146199,0.41130605,0.22222222,0.41423002,-0.21247563,-0.2748538,1.0,0.0,0.0,1.0,0.0,0.0,1.0,0.0,0.0,1.0,0.0,0.0,1.0,0.0,0.0,1.0,0.0,0.0,1.0,0.0,0.0,1.0,0.0,0.0
20260421_172607_403525,0,165,1.0316848754882812,-0.5973599553108215,0.012766863714720366,23.110936577244978,0.032766863714720366,0.11389538424370471,-0.7010817527770996,1.4377975433079655,0.0,0.0,0.02,0.0,0.0,artificial_grass,111,1675796352,2,0,0,2|2|2|2|2|2|2|2,2,2,2,2,2,2,2,2,0.55577654,0.41824156,-0.13011584,0.09328765,0.33890197,-0.08161507,-0.48832402,0.07743206,0.80334216,0.19665787,-0.059595432,-0.071150094,0.2251462,0.5311891,0.055555556,0.3411306,-0.33528265,0.18031189,1.0,0.0,0.0,1.0,0.0,0.0,1.0,0.0,0.0,1.0,0.0,0.0,1.0,0.0,0.0,1.0,0.0,0.0,1.0,0.0,0.0,1.0,0.0,0.0
20260421_172607_403525,0,166,1.0392202138900757,-0.60020911693573,0.034692604515635744,23.145629181760615,0.05469260451563575,0.15665057880548972,0.2849161624908447,1.273195741251726,0.0,0.0,0.02,0.0,0.0,artificial_grass,111,1675796352,2,0,0,2|2|2|2|2|2|2|2,2,2,2,2,2,2,2,2,0.46090332,-0.08917619,0.42007196,0.8889684,0.5433206,0.4656435,-0.39478338,0.042960357,0.79387474,0.20612526,-0.18241338,0.3294347,0.2777778,0.38986355,0.114035085,0.24366471,-0.040935673,-0.294347,1.0,0.0,0.0,1.0,0.0,0.0,1.0,0.0,0.0,1.0,0.0,0.0,1.0,0.0,0.0,1.0,0.0,0.0,1.0,0.0,0.0,1.0,0.0,0.0
20260421_172607_403525,0,167,1.0359935760498047,-0.5920940637588501,-0.03814789503480923,23.107481286725807,-0.018147895034809233,-0.08538839531787801,-0.8115053176879883,0.9256592375603461,0.0,0.0,0.02,0.0,0.0,artificial_grass,111,1675796352,2,0,0,2|2|2|2|2|2|2|2,2,2,2,2,2,2,2,2,-0.39035764,-0.6249124,-0.0756665,0.7737997,0.6093973,0.5671254,-0.6001657,0.05237951,0.7977222,0.20227775,-0.16654673,0.31871346,0.07992203,0.38206628,0.47758284,0.24756335,0.18518518,-0.27192983,1.0,0.0,0.0,1.0,0.0,0.0,1.0,0.0,0.0,1.0,0.0,0.0,1.0,0.0,0.0,1.0,0.0,0.0,1.0,0.0,0.0,1.0,0.0,0.0
20260421_172607_403525,0,168,1.0501717329025269,-0.610335111618042,0.15537687179045404,23.262858158516263,0.17537687179045403,0.3919848999913853,1.8241047859191895,1.1919864254122317,0.0,0.0,0.02,0.0,0.0,artificial_grass,111,1675796352,2,0,0,2|2|2|2|2|2|2|2,2,2,2,2,2,2,2,2,-0.6754315,-0.68603873,0.35102722,0.66460085,-0.29915243,-0.08423154,-0.15439071,0.048346233,0.78676367,0.21323632,-0.1895589,-0.17836258,0.07992203,0.38304093,0.45516568,0.24853802,0.22124757,-0.36549708,1.0,0.0,0.0,1.0,0.0,0.0,1.0,0.0,0.0,1.0,0.0,0.0,1.0,0.0,0.0,1.0,0.0,0.0,1.0,0.0,0.0,1.0,0.0,0.0
20260421_172607_403525,0,169,1.0599915981292725,-0.6147958636283875,0.16231152577034824,23.42516968428661,0.18231152577034823,0.405507475252179,0.4460752010345459,1.3682043728921869,0.0,0.0,0.02,0.0,0.0,artificial_grass,111,1675796352,2,0,0,2|2|2|2|2|2|2|2,2,2,2,2,2,2,2,2,0.6866071,0.65871465,0.70092845,0.26519197,0.505494,0.35752842,-0.11873411,0.06606893,0.8113964,0.1886036,-0.11388218,-0.3508772,0.064327486,0.374269,0.460039,-0.0877193,-0.0165692,-0.096491225,1.0,0.0,0.0,1.0,0.0,0.0,1.0,0.0,0.0,1.0,0.0,0.0,1.0,0.0,0.0,1.0,0.0,0.0,1.0,0.0,0.0,1.0,0.0,0.0
20260421_172607_403525,0,170,1.0710465908050537,-0.6146655082702637,0.10865216537745447,23.533821849664065,0.12865216537745447,0.3008717224860362,-0.01303553581237793,1.283521665460917,0.0,0.0,0.02,0.0,0.0,artificial_grass,111,1675796352,2,0,0,2|2|2|2|2|2|2|2,2,2,2,2,2,2,2,2,-0.1148597,0.9503297,0.51196504,0.36407417,0.756965,0.5975743,-0.1948544,0.07834377,0.81742024,0.18257979,-0.09976508,0.41423002,0.3840156,0.41812867,0.19298245,0.291423,0.13937622,-0.10233918,1.0,0.0,0.0,1.0,0.0,0.0,1.0,0.0,0.0,1.0,0.0,0.0,1.0,0.0,0.0,1.0,0.0,0.0,1.0,0.0,0.0,1.0,0.0,0.0
20260421_172607_403525,0,171,1.063789963722229,-0.6186819672584534,0.12157193157398623,23.65539378123805,0.14157193157398623,0.32606526656927315,0.4016458988189697,1.4956915477864854,0.0,0.0,0.02,0.0,0.0,artificial_grass,111,1675796352,2,0,0,2|2|2|2|2|2|2|2,2,2,2,2,2,2,2,2,0.37681434,-0.41088486,0.6328269,-0.7431182,-0.16288418,-0.76812327,-0.16483667,0.09216251,0.8172442,0.18275581,-0.09819841,-0.07212476,0.57504874,0.32651073,0.21734893,0.36159843,0.20857699,-0.14424951,1.0,0.0,0.0,1.0,0.0,0.0,1.0,0.0,0.0,1.0,0.0,0.0,1.0,0.0,0.0,1.0,0.0,0.0,1.0,0.0,0.0,1.0,0.0,0.0
20260421_172607_403525,0,172,1.0611625909805298,-0.6170399785041809,0.058717554394943486,23.714111335632992,0.07871755439494349,0.20349923107013979,-0.1641988754272461,1.5425402000511355,0.0,0.0,0.02,0.0,0.0,artificial_grass,111,1675796352,2,0,0,2|2|2|2|2|2|2|2,2,2,2,2,2,2,2,2,0.34643286,1.0,0.48266754,-0.828336,-0.073407374,0.067864954,-0.29807138,0.083091736,0.822668,0.17733198,-0.0878543,0.24658869,0.20662768,0.46978557,0.07017544,0.21442495,-0.08674464,-0.08576998,1.0,0.0,0.0,1.0,0.0,0.0,1.0,0.0,0.0,1.0,0.0,0.0,1.0,0.0,0.0,1.0,0.0,0.0,1.0,0.0,0.0,1.0,0.0,0.0
20260421_172607_403525,0,173,0.999698281288147,-0.5654941201210022,-0.5783455511726087,23.135765784460382,-0.5569343775778784,-1.136022036276863,-5.154585838317871,0.49190655909215053,0.0,0.012036590078905998,0.02,0.000809344090784947,0.0,artificial_grass,111,1675796352,2,0,0,2|2|2|2|2|2|2|2,2,2,2,2,2,2,2,2,0.9040573,0.5769183,-0.95407164,-0.80567616,0.58501947,-0.6823149,-1.0,0.079807475,0.82045066,0.17954934,-0.107487164,0.19785576,0.56725144,0.35185185,0.06920078,0.1871345,0.05165692,-0.1871345,1.0,0.0,0.0,1.0,0.0,0.0,1.0,0.0,0.0,1.0,0.0,0.0,1.0,0.0,0.0,1.0,0.0,0.0,1.0,0.0,0.0,1.0,0.0,0.0
20260421_172607_403525,0,174,1.0422523021697998,-0.6158313155174255,0.16261540910272215,23.298381193563106,0.18277608087330158,0.40641335770293807,5.033719539642334,0.5063350168037033,0.0,0.003213435411588766,0.02,0.0,0.0,artificial_grass,111,1675796352,2,0,0,2|2|2|2|2|2|2|2,2,2,2,2,2,2,2,2,0.710309,0.78084296,0.015418465,0.8020431,0.4844295,0.09015267,-0.1044195,0.002977085,0.75084305,0.24915692,-0.27659246,0.542885,0.4093567,0.30896688,-0.054580897,0.4239766,-0.082846,-0.54873294,1.0,0.0,0.0,1.0,0.0,0.0,1.0,0.0,0.0,1.0,0.0,0.0,1.0,0.0,0.0,1.0,0.0,0.0,1.0,0.0,0.0,1.0,0.0,0.0
