Run_ID,Episode,Timestep,X_Position,Y_Position,Rewards,Cumulative_Rewards,Progress_Reward,Distance_Progress_Cm,Raw_Distance_Progress_Cm,Window_Progress_Cm,X_Drift_Penalty,Heading_Penalty,Living_Penalty,No_Progress_Penalty,Backward_Penalty,Terrain,Experiment_Seed,Episode_Seed,Terrain_ID,Terrain_Block_Index,Episode_In_Terrain_Block,Design_Head,Design_Body,Design_Tail,Motor1_Action,Motor2_Action,Motor3_Action,Motor4_Action,Motor5_Action,Motor6_Action,Motor7_Action,X_Drift_Norm,Z_Progress_Norm,Z_Remaining_Norm,Heading_Norm,Motor1_Norm,Motor2_Norm,Motor3_Norm,Motor4_Norm,Motor5_Norm,Motor6_Norm,Motor7_Norm,Head_DESIGN_2,Head_DESIGN_5,Head_DESIGN_7,Body_DESIGN_2,Body_DESIGN_5,Body_DESIGN_7,Tail_DESIGN_2,Tail_DESIGN_5,Tail_DESIGN_7
20260414_134505_905168,0,0,1.4819376468658447,0.133539006114006,-0.0758125422551081,-0.0758125422551081,-0.0558125422551081,-0.1588344573974609,-0.6353378295898438,0.0,0.0,0.0,0.02,0.0,0.0,carpet,12345,2458047581,0,0,0,2,2,2,0.18304056,0.29827625,-0.716428,0.48266724,-0.2793686,0.42383367,-0.045083184,0.0,-0.0,1.0,0.0,0.039961014,0.019493178,0.04288499,0.015594542,-0.022417154,-0.02631579,0.007797271,1.0,0.0,0.0,1.0,0.0,0.0,1.0,0.0,0.0
20260414_134505_905168,0,1,1.4372717142105105,0.1583780348300933,-0.3738982363847586,-0.4497107786398667,-0.3538982363847586,-0.7401015609502792,-2.483902871608734,0.0,0.0,0.0,0.02,0.0,0.0,carpet,12345,2458047581,0,0,0,2,2,2,0.778384,0.41074392,0.7595232,0.29502663,0.3710828,-0.23692398,-0.6808556,0.0042434693,-0.0068523264,1.0,-0.00017923854,0.11500975,0.20662768,-0.38011697,0.29044834,-0.18810916,0.20077972,-0.04385965,1.0,0.0,0.0,1.0,0.0,0.0,1.0,0.0,0.0
20260414_134505_905168,0,2,1.466790795326233,0.1294354796409607,0.0407629277003117,-0.408947850939555,0.0607629277003117,0.1684877090156078,2.894255518913269,0.0,0.0,0.0,0.02,0.0,0.0,carpet,12345,2458047581,0,0,0,2,2,2,0.83551306,0.93113893,0.5594259,-0.23090747,-0.07175231,-0.1695832,-0.046240404,-0.051589012,-0.03364203,1.0,-0.16785578,0.43957114,0.17641325,-0.01754386,0.124756336,0.1920078,-0.13840155,-0.4074074,1.0,0.0,0.0,1.0,0.0,0.0,1.0,0.0,0.0
20260414_134505_905168,0,3,1.4971379041671753,0.1330028623342514,-0.02,-0.428947850939555,0.0,0.0371812144294381,-0.356738269329071,0.0,0.0,0.0,0.02,0.0,0.0,carpet,12345,2458047581,0,0,0,2,2,2,0.28803632,0.14532274,-0.0010272849,0.9252386,-0.59657276,0.70201516,0.114790365,-0.014690208,-0.0024265382,1.0,-0.039818842,0.4502924,0.28265107,0.2300195,-0.15204678,-0.020467836,-0.10136452,-0.032163743,1.0,0.0,0.0,1.0,0.0,0.0,1.0,0.0,0.0
20260414_134505_905168,0,4,1.4985114336013794,0.1205439120531082,0.1283895732567478,-0.3005582776828072,0.1483895732567478,0.3393596678506583,1.2458950281143188,0.0,0.0,0.0,0.02,0.0,0.0,carpet,12345,2458047581,0,0,0,2,2,2,-0.3970573,0.41940045,0.24148752,0.40198058,-0.10570238,-0.5696718,0.4970796,0.023243714,-0.0062740752,1.0,0.045040235,0.2134503,0.12378167,-0.0116959065,0.4883041,-0.44152048,0.32651073,0.03411306,1.0,0.0,0.0,1.0,0.0,0.0,1.0,0.0,0.0
20260414_134505_905168,0,5,1.5233473777770996,0.142473429441452,-0.1949836840105649,-0.4955419616933721,-0.1249836840105649,-0.2937181838206015,-2.192951738834381,-0.6476256108726375,0.0,0.0,0.02,0.05,0.0,carpet,12345,2458047581,0,0,0,2,2,2,-0.35764453,0.37166005,-0.058529504,0.15703835,-0.3567153,-0.49870604,1.0,0.024960708,0.007163314,0.9928367,0.07596614,-0.24561404,0.26120856,0.13645224,0.21832359,-0.06920078,-0.32553607,0.30994153,1.0,0.0,0.0,1.0,0.0,0.0,1.0,0.0,0.0
20260414_134505_905168,0,6,1.6171320676803589,0.1805850565433502,-0.645938110468157,-1.141480072161529,-0.5759381104681569,-1.173079315412906,-3.8111627101898193,-1.6618704688880823,0.0,0.0,0.02,0.05,0.0,carpet,12345,2458047581,0,0,0,2,2,2,0.6366764,-0.7402355,0.65482,-0.9555564,0.6978034,0.8373976,0.14114666,0.056005478,-0.016488392,1.0,0.16358432,-0.21539961,0.25730994,0.0116959065,0.1159844,-0.19980507,-0.31578946,0.59161794,1.0,0.0,0.0,1.0,0.0,0.0,1.0,0.0,0.0
20260414_134505_905168,0,7,1.6339417695999146,0.1993863135576248,-0.7365988080115436,-1.8780788801730728,-0.6665850830341253,-1.3498409119165444,-1.88012570142746,-2.271609819854348,0.0,0.0002744995483642,0.02,0.05,0.0,carpet,12345,2458047581,0,0,0,2,2,2,0.15865928,-0.14563598,0.3651856,-0.5658569,-0.5635001,0.467698,0.76223177,0.17323646,-0.057593033,1.0,0.17602444,0.4093567,-0.38109162,0.42982456,-0.5701754,0.38206628,0.42105263,0.049707603,1.0,0.0,0.0,1.0,0.0,0.0,1.0,0.0,0.0
20260414_134505_905168,0,8,1.5118190050125122,0.1411331444978714,0.1320248936186805,-1.746053986554392,0.2020248936186806,0.4439485425564271,5.825316905975342,-1.9961489863135284,0.0,0.0,0.02,0.05,0.0,carpet,12345,2458047581,0,0,0,2,2,2,-0.8278154,-0.59016067,-0.98287845,0.5500256,0.5942285,-0.75089264,-0.3606012,0.19424859,-0.07787079,1.0,0.32551518,0.104288496,-0.074074075,0.24561404,-0.29239765,-0.23294348,0.30604288,0.46783626,1.0,0.0,0.0,1.0,0.0,0.0,1.0,0.0,0.0
20260414_134505_905168,0,9,1.530014157295227,0.1306916028261184,0.2089743326723813,-1.5370796538820106,0.2789743326723813,0.5939999487111436,1.044154167175293,-1.439330252031823,0.0,0.0,0.02,0.05,0.0,carpet,12345,2458047581,0,0,0,2,2,2,-1.0,-0.7046659,-0.41816822,-0.066457,-0.94089806,0.67536,-0.6370796,0.04159508,-0.015042852,1.0,-0.041674886,-0.47270957,-0.2534113,-0.32358673,0.3411306,0.36549708,-0.38109162,-0.20272905,1.0,0.0,0.0,1.0,0.0,0.0,1.0,0.0,0.0
20260414_134505_905168,0,10,1.622979760169983,0.1702090799808502,-0.32253177812048,-1.8596114320024908,-0.25253177812048,-0.5424369673349361,-3.951747715473175,-2.3211268872174173,0.0,0.0,0.02,0.05,0.0,carpet,12345,2458047581,0,0,0,2,2,2,0.5856472,-0.35421544,0.732972,0.6588474,-0.013108833,0.7144897,0.8660874,0.064339064,-0.0037813075,1.0,-0.0021157349,-0.56237817,-0.334308,-0.19395712,0.25925925,-0.22417153,0.42105263,-0.39376217,1.0,0.0,0.0,1.0,0.0,0.0,1.0,0.0,0.0
20260414_134505_905168,0,11,1.542189359664917,0.0954008027911186,0.6548098483292758,-1.2048015836732149,0.7248098483292759,1.463379204242088,7.48082771897316,-0.5640294991547279,0.0,0.0,0.02,0.05,0.0,carpet,12345,2458047581,0,0,0,2,2,2,0.67555815,-0.23452255,-0.37354478,0.59933263,0.022786513,0.00866644,-0.5153077,0.180546,-0.0464022,1.0,0.34395868,0.04288499,-0.35477582,0.13840155,0.34210527,-0.06725146,0.38499025,0.5038986,1.0,0.0,0.0,1.0,0.0,0.0,1.0,0.0,0.0
20260414_134505_905168,0,12,1.5289390087127686,0.0920905545353889,0.5596362100383647,-0.6451653736348502,0.5796362100383647,1.1802906095748114,0.3310248255729675,1.7893404258329897,0.0,0.0,0.02,0.0,0.0,carpet,12345,2458047581,0,0,0,2,2,2,-0.5032678,-0.34899738,-0.68156123,-0.1762711,-0.705004,-0.051237665,-0.641228,0.07955799,0.03428098,0.96571904,-0.010838021,0.39181286,-0.17348927,-0.25438598,0.36159843,0.031189084,0.048732944,-0.3109162,1.0,0.0,0.0,1.0,0.0,0.0,1.0,0.0,0.0
20260414_134505_905168,0,13,1.4875661134719849,0.0766023248434066,0.6068839484516177,-0.0382814251832324,0.6268839484516178,1.2724236994806546,1.548822969198227,4.4116050372301885,0.0,0.0,0.02,0.0,0.0,carpet,12345,2458047581,0,0,0,2,2,2,-0.021782702,-0.80430907,0.3131241,-0.24860775,-0.189434,-0.90729725,-0.26997244,0.06299515,0.037851185,0.96214885,-0.030762063,-0.2631579,-0.1588694,-0.35185185,0.24561404,-0.04191033,0.05165692,-0.35185185,1.0,0.0,0.0,1.0,0.0,0.0,1.0,0.0,0.0
20260414_134505_905168,0,14,1.5772013664245603,0.1071472316980362,0.0521513349973147,0.0138699098140823,0.0721513349973147,0.1906951032447637,-3.054490685462952,4.158351597918525,0.0,0.0,0.02,0.0,0.0,carpet,12345,2458047581,0,0,0,2,2,2,0.49518612,-0.33118972,0.114104256,0.6800465,0.40523753,-0.056963656,0.90648496,0.011278915,0.05455575,0.9454443,-0.030918306,-0.020467836,-0.50877196,0.21637426,0.058479533,-0.040935673,-0.17446394,-0.14424951,1.0,0.0,0.0,1.0,0.0,0.0,1.0,0.0,0.0
20260414_134505_905168,0,15,1.5279903411865234,0.0985959321260452,0.1373352906324856,0.1512052004465679,0.1573352906324856,0.3568038167333469,0.8551299571990967,3.921155465940728,0.0,0.0,0.02,0.0,0.0,carpet,12345,2458047581,0,0,0,2,2,2,-0.7471409,0.90738726,-0.0625412,-0.07439917,0.57200074,0.5741965,-0.76713383,0.12332306,0.021612065,0.97838795,0.21922284,0.27387914,-0.2962963,0.006822612,0.35185185,0.17641325,-0.13060428,0.5243665,1.0,0.0,0.0,1.0,0.0,0.0,1.0,0.0,0.0
20260414_134505_905168,0,16,1.5421407222747805,0.0813546180725097,0.3126336994299452,0.4638388998765131,0.3326336994299452,0.6986357138883932,1.724131405353546,5.162228147164058,0.0,0.0,0.02,0.0,0.0,carpet,12345,2458047581,0,0,0,2,2,2,-0.051283535,0.15279919,0.80748326,0.3401695,1.0,-0.28588757,-0.07537251,0.06180935,0.030834924,0.96916515,-0.028267263,-0.47563353,0.47368422,-0.088693954,-0.07309941,0.32261208,0.34502923,-0.46101364,1.0,0.0,0.0,1.0,0.0,0.0,1.0,0.0,0.0
20260414_134505_905168,0,17,1.5564820766448977,0.0935213416814804,0.0670813821497583,0.5309202820262715,0.0870813821497583,0.2198086951920288,-1.2166723608970642,3.918657638113999,0.0,0.0,0.02,0.0,0.0,carpet,12345,2458047581,0,0,0,2,2,2,0.057839364,-0.43366688,-0.8421267,0.6137315,-0.72134024,0.82375705,-0.2788064,0.07949714,0.049430247,0.95056975,0.042516287,-0.062378168,0.018518519,0.1588694,0.07797271,0.52729046,-0.19298245,-0.047758285,1.0,0.0,0.0,1.0,0.0,0.0,1.0,0.0,0.0
20260414_134505_905168,0,18,1.5133053064346311,0.0789310932159423,0.2259552477089565,0.756875529735228,0.2459552477089565,0.5296127330324651,1.4590248465538025,3.2679797615716524,0.0,0.0,0.02,0.0,0.0,carpet,12345,2458047581,0,0,0,2,2,2,0.39611155,-0.90651983,-0.7018998,-0.085256025,0.45726952,-0.7614518,-0.11283277,0.09742393,0.036308043,0.963692,0.066727936,0.048732944,-0.17836258,-0.23781677,0.4093567,-0.38109162,0.45321637,-0.18810916,1.0,0.0,0.0,1.0,0.0,0.0,1.0,0.0,0.0
20260414_134505_905168,0,19,1.5174251794815063,0.0794171690940857,0.1518244373439881,0.908699967079216,0.171824437343988,0.3850576528207767,-0.048607587814331,2.3806137149117745,0.0,0.0,0.02,0.0,0.0,carpet,12345,2458047581,0,0,0,2,2,2,0.55184084,-0.5499958,-0.24636267,-0.7192956,0.5309427,0.29753837,-0.39644682,0.043453027,0.052044097,0.94795597,0.018837329,0.2563353,-0.29337233,-0.23586744,0.030214425,0.334308,-0.33528265,-0.056530215,1.0,0.0,0.0,1.0,0.0,0.0,1.0,0.0,0.0
20260414_134505_905168,0,20,1.5304105281829834,0.061910443007946,0.3269032778302964,1.2356032449095125,0.3469032778302964,0.7264613917690781,1.750672608613968,2.916380003436089,0.0,0.0,0.02,0.0,0.0,carpet,12345,2458047581,0,0,0,2,2,2,-0.24197261,-0.36952764,0.031961385,-0.50437045,-0.7648692,-0.32307565,0.19281614,0.048602868,0.051519845,0.9484802,0.009819664,0.3362573,-0.29727095,-0.109161794,-0.29727095,0.35964912,0.17348927,-0.2563353,1.0,0.0,0.0,1.0,0.0,0.0,1.0,0.0,0.0
20260414_134505_905168,0,21,1.559923529624939,0.1031465381383895,-0.2436186330432282,0.9919846118662844,-0.2236186330432282,-0.4860563344342949,-4.123609513044357,2.073519852268447,0.0,0.0,0.02,0.0,0.0,carpet,12345,2458047581,0,0,0,2,2,2,-0.5552252,-0.104115285,0.48799154,-0.44012916,-0.138707,0.69694996,0.70752406,0.0648344,0.07040142,0.9295986,0.12619264,-0.14522417,-0.21734893,0.03411306,-0.26120856,0.26120856,-0.121832356,0.13840155,1.0,0.0,0.0,1.0,0.0,0.0,1.0,0.0,0.0
20260414_134505_905168,0,22,1.5528621673583984,0.0843765959143638,0.008054515269198,1.0000391271354825,0.028054515269198,0.1047063047749361,1.8769942224025729,1.47959044315499,0.0,0.0,0.02,0.0,0.0,carpet,12345,2458047581,0,0,0,2,2,2,-0.17891149,-0.8668647,-0.5601664,0.3100551,0.4570312,0.23401831,0.52351457,0.10172577,0.025926953,0.97407305,0.2574342,-0.34210527,-0.07992203,0.2768031,-0.2582846,-0.088693954,0.37621832,0.3957115,1.0,0.0,0.0,1.0,0.0,0.0,1.0,0.0,0.0
20260414_134505_905168,0,23,1.5045983791351318,0.070910707116127,0.1672702300190303,1.1673093571545126,0.1872702300190303,0.415176948537109,1.3465888798236847,1.6749586965000702,0.0,0.0,0.02,0.0,0.0,carpet,12345,2458047581,0,0,0,2,2,2,-0.08977431,-0.47156134,0.1882606,0.6333714,-0.14419934,0.34856847,-0.5804183,0.09289913,0.04617095,0.9538291,0.21009831,-0.08674464,-0.38206628,-0.20662768,0.1920078,0.22319688,0.1159844,0.3109162,1.0,0.0,0.0,1.0,0.0,0.0,1.0,0.0,0.0
20260414_134505_905168,0,24,1.4780884981155396,0.0373736694455146,0.5440044375221286,1.711313794676641,0.5640044375221286,1.1498086531681508,3.353703767061233,2.295154616635756,0.0,0.0,0.02,0.0,0.0,carpet,12345,2458047581,0,0,0,2,2,2,0.73806316,-0.14868481,0.40593642,0.0016095971,-0.32304752,-0.89673686,0.49872243,0.03256931,0.060694348,0.9393057,-0.0032511645,-0.07212476,-0.33528265,0.048732944,0.36062378,-0.07992203,0.24366471,-0.3528265,1.0,0.0,0.0,1.0,0.0,0.0,1.0,0.0,0.0
20260414_134505_905168,0,25,1.4816370010375977,0.0602098107337951,0.1038220295738942,1.8151358242505355,0.1238220295738943,0.2914529576690938,-2.2836141288280487,2.201549921484073,0.0,0.0,0.02,0.0,0.0,carpet,12345,2458047581,0,0,0,2,2,2,0.9801822,-0.7904094,-0.88191146,-0.30743146,0.21546471,-0.7808737,1.0,-0.0005680084,0.09686514,0.9031349,0.10556531,0.4269006,-0.19590643,0.15107213,0.039961014,-0.0877193,-0.31871346,0.331384,1.0,0.0,0.0,1.0,0.0,0.0,1.0,0.0,0.0
20260414_134505_905168,0,26,1.4481635093688965,0.0272890701889991,0.4885170419854975,2.3036528662360327,0.5085170419854975,1.04160823187172,3.292074054479599,2.516696761586715,0.0,0.0,0.02,0.0,0.0,carpet,12345,2458047581,0,0,0,2,2,2,-0.5031951,0.30893347,0.90606725,0.8269725,0.51225287,0.57701266,-0.2996158,0.0038675307,0.072235614,0.9277644,0.15314898,0.6062378,-0.37816763,-0.074074075,-0.11500975,0.1539961,-0.47076023,0.588694,1.0,0.0,0.0,1.0,0.0,0.0,1.0,0.0,0.0
20260414_134505_905168,0,27,1.387820601463318,0.0841215923428535,-0.3223625025346472,1.9812903637013848,-0.3023625025346472,-0.639606879942562,-5.683252215385437,2.363146216078448,0.0,0.0,0.02,0.0,0.0,carpet,12345,2458047581,0,0,0,2,2,2,-0.5622319,-0.2757038,0.94006515,1.0,0.3042427,-0.08752035,-1.0,-0.037974358,0.10774171,0.8922583,-0.07398245,-0.3196881,0.10721248,0.056530215,0.17933723,0.21539961,0.058479533,-0.21637426,1.0,0.0,0.0,1.0,0.0,0.0,1.0,0.0,0.0
20260414_134505_905168,0,28,1.5010865926742554,0.0595120787620544,0.0238629125964389,2.0051532762978246,0.0438629125964389,0.135532679563056,2.4609513580799103,2.393972590866568,0.0,0.0,0.02,0.0,0.0,carpet,12345,2458047581,0,0,0,2,2,2,-0.32370788,0.86331487,-0.0034452672,-0.52062416,0.03867069,0.11159729,0.98642904,-0.11340294,0.046445977,0.95355403,-0.23139867,-0.34405458,-0.20272905,0.33723196,0.24756335,0.13547759,-0.055555556,-0.5984405,1.0,0.0,0.0,1.0,0.0,0.0,1.0,0.0,0.0
20260414_134505_905168,0,29,1.4600647687911987,0.0345012098550796,0.327139093511105,2.332292369808929,0.347139093511105,0.7269212323466547,2.5010868906974792,2.705716874676113,0.0,0.0,0.02,0.0,0.0,carpet,12345,2458047581,0,0,0,2,2,2,0.8222165,-0.54887736,-0.67629266,-0.9048324,0.003550973,0.36728996,-0.22661859,0.02817955,0.07298814,0.9270119,0.22420143,-0.22904484,0.460039,-0.03411306,-0.30604288,0.0165692,0.04191033,0.5847953,1.0,0.0,0.0,1.0,0.0,0.0,1.0,0.0,0.0
20260414_134505_905168,0,30,1.3739638328552246,0.0363654568791389,0.2100434608505209,2.5423358306594506,0.2300434608505209,0.4985847486585157,-0.1864247024059295,2.0544929701664785,0.0,0.0,0.02,0.0,0.0,carpet,12345,2458047581,0,0,0,2,2,2,0.10137355,-0.66449577,-0.106640436,0.9421286,-0.41476804,-0.61731315,-0.053684928,-0.023097802,0.09996318,0.9000368,0.04221753,0.5204678,-0.07992203,-0.16374269,-0.4454191,0.040935673,0.24561404,-0.11111111,1.0,0.0,0.0,1.0,0.0,0.0,1.0,0.0,0.0
20260414_134505_905168,0,31,1.502862811088562,0.036862451583147,0.1397506122531714,2.682086442912622,0.1597506122531714,0.3615136938936842,-0.0496994704008102,2.124553706391069,0.0,0.0,0.02,0.0,0.0,carpet,12345,2458047581,0,0,0,2,2,2,0.8050854,-0.7717724,0.42342633,0.3967246,-0.22869277,0.6604561,0.47127354,-0.13072395,0.09795254,0.9020475,-0.08574272,0.07602339,-0.36842105,-0.06335282,0.5311891,-0.25146198,-0.32748538,-0.020467836,1.0,0.0,0.0,1.0,0.0,0.0,1.0,0.0,0.0
20260414_134505_905168,0,32,1.463392972946167,0.0134511012583971,0.393548219763594,3.075634662676216,0.413548219763594,0.8564190285390083,2.3411350324749947,1.939364503058357,0.0,0.0,0.02,0.0,0.0,carpet,12345,2458047581,0,0,0,2,2,2,-0.95693773,0.19081724,-0.93530077,-0.47253826,-0.67074156,-0.094109625,0.18553592,0.030399894,0.097416505,0.9025836,0.15583594,0.47953215,-0.4814815,0.24269006,0.20175439,-0.19493178,0.32358673,0.26218325,1.0,0.0,0.0,1.0,0.0,0.0,1.0,0.0,0.0
20260414_134505_905168,0,33,1.4230451583862305,0.0202250108122825,0.1969059141318581,3.2725405768080744,0.2169059141318581,0.4729665325571233,-0.677390955388546,3.0519379155580424,0.0,0.0,0.02,0.0,0.0,carpet,12345,2458047581,0,0,0,2,2,2,0.052306835,0.18066356,-0.9815861,0.89860725,0.22977495,0.13583368,-0.36246812,-0.018937493,0.12266641,0.8773336,0.10291609,-0.5331384,0.17446394,-0.3031189,-0.0165692,-0.3196881,0.10233918,0.15204678,1.0,0.0,0.0,1.0,0.0,0.0,1.0,0.0,0.0
20260414_134505_905168,0,34,1.4228253364562988,0.0235721990466117,0.0933565095177442,3.365897086325819,0.1133565095177442,0.2710451935596012,-0.3347188234329223,3.187450429554588,0.0,0.0,0.02,0.0,0.0,carpet,12345,2458047581,0,0,0,2,2,2,-0.5969268,-0.45161706,-0.25287044,-0.86427206,0.047134176,0.62403727,-0.67288715,-0.06937218,0.11536053,0.8846395,-0.07097247,0.0331384,0.106237814,-0.60818714,0.47270957,0.081871346,0.0662768,-0.22807017,1.0,0.0,0.0,1.0,0.0,0.0,1.0,0.0,0.0
20260414_134505_905168,0,35,1.4079686403274536,0.041314497590065,-0.117576188931603,3.248320897394216,-0.097576188931603,-0.2402735684166259,-1.7742298543453217,2.220255628791307,0.0,0.0,0.02,0.0,0.0,carpet,12345,2458047581,0,0,0,2,2,2,-0.50287884,0.722594,-0.4089012,-0.80534154,-0.9171618,0.94562715,-1.0,-0.06964703,0.111750476,0.8882496,-0.08357049,-0.3557505,-0.21929824,-0.09064327,-0.24269006,0.0662768,0.3528265,-0.42007798,1.0,0.0,0.0,1.0,0.0,0.0,1.0,0.0,0.0
20260414_134505_905168,0,36,1.3990066051483154,-0.0071820742450654,0.483696984392721,3.7320178817869367,0.503696984392721,1.032209119565806,4.849657183513045,2.753879999698597,0.0,0.0,0.02,0.0,0.0,carpet,12345,2458047581,0,0,0,2,2,2,0.6058315,-0.17729439,0.800296,0.8898771,0.766267,-0.84719276,-0.16780366,-0.08821793,0.09261483,0.9073852,-0.120393686,-0.30896688,0.43664718,-0.22709551,-0.33528265,-0.2797271,0.57894737,-0.5925926,1.0,0.0,0.0,1.0,0.0,0.0,1.0,0.0,0.0
20260414_134505_905168,0,37,1.5334904193878174,0.0144426375627517,0.0741225869122578,3.806140468699194,0.0941225869122578,0.2335390444789027,-2.162471180781722,2.625905350283816,0.0,0.0,0.02,0.0,0.0,carpet,12345,2458047581,0,0,0,2,2,2,-0.41916803,0.9623224,-0.3799468,-0.23266613,0.1959587,0.9472595,0.7560676,-0.099420354,0.14491996,0.85508007,-0.109021604,0.33040935,-0.18128654,0.28070176,-0.062378168,0.3791423,-0.45711502,-0.091617934,1.0,0.0,0.0,1.0,0.0,0.0,1.0,0.0,0.0
20260414_134505_905168,0,38,1.5813037157058716,0.0577057115733623,-0.4591910599518324,3.346949408747362,-0.4391910599518324,-0.9064225669060731,-4.326307401061058,0.8630637548387341,0.0,0.0,0.02,0.0,0.0,carpet,12345,2458047581,0,0,0,2,2,2,-0.95092124,-0.55265224,-0.17283067,0.8517609,-0.28159332,0.72762907,0.8675792,0.068684384,0.12159701,0.87840307,0.23653057,-0.2748538,0.545809,-0.24658869,-0.15692008,0.07699805,0.3148148,0.41617933,1.0,0.0,0.0,1.0,0.0,0.0,1.0,0.0,0.0
20260414_134505_905168,0,39,1.5364655256271362,-0.0066672014072537,0.4310286663260774,3.77797807507344,0.4510286663260774,0.9295058993358508,6.437291298061609,1.3196031216174615,0.0,0.0,0.02,0.0,0.0,carpet,12345,2458047581,0,0,0,2,2,2,0.68635714,0.17011397,-0.20949109,-0.16408941,0.06805255,0.5245389,-0.45480672,0.12845096,0.07493637,0.92506367,0.31876615,-0.5448343,-0.27192983,-0.08576998,0.42495126,-0.23976608,0.4005848,0.5097466,1.0,0.0,0.0,1.0,0.0,0.0,1.0,0.0,0.0
20260414_134505_905168,0,40,1.4926060438156128,0.0005905553698539,0.2188130795252247,3.996791154598664,0.2388130795252247,0.5156855050741882,-0.7257756777107716,1.5642434331320487,0.0,0.0,0.02,0.0,0.0,carpet,12345,2458047581,0,0,0,2,2,2,-0.51709104,-0.033040673,0.42041975,-0.5428119,0.14105712,0.63450766,-1.0,0.07240315,0.14436466,0.8556354,0.08564186,0.34990254,-0.0009746589,-0.19785576,-0.10721248,0.07992203,0.36549708,-0.2582846,1.0,0.0,0.0,1.0,0.0,0.0,1.0,0.0,0.0
20260414_134505_905168,0,41,1.4835025072097778,-0.0517120286822319,0.8232455026193767,4.820036657218041,0.8432455026193767,1.6943287301077845,5.230258405208588,3.498845731656459,0.0,0.0,0.02,0.0,0.0,carpet,12345,2458047581,0,0,0,2,2,2,-0.52918303,-0.22468343,0.6883769,-0.15036242,0.2795346,-0.4219922,-0.18106343,0.017578889,0.13653693,0.86346316,-0.050816264,-0.3294347,-0.04483431,0.23391813,-0.32846004,0.10721248,0.4122807,-0.59356725,1.0,0.0,0.0,1.0,0.0,0.0,1.0,0.0,0.0
20260414_134505_905168,0,42,1.482200026512146,-0.0503122135996818,0.5880775233420977,5.408114180560139,0.6080775233420977,1.2357511705170907,-0.1399815082550048,3.702387782607744,0.0,0.0,0.02,0.0,0.0,carpet,12345,2458047581,0,0,0,2,2,2,0.5261158,0.42957276,-0.6596659,0.21290955,0.021841183,-0.8591316,0.30886963,0.0061994554,0.19294699,0.807053,-0.010544589,-0.32748538,-0.165692,0.3576998,-0.104288496,0.18615985,-0.21247563,-0.09064327,1.0,0.0,0.0,1.0,0.0,0.0,1.0,0.0,0.0
20260414_134505_905168,0,43,1.4873521327972412,-0.0476374924182891,0.3953565888989713,5.80347076945911,0.4153565888989713,0.8599453483529942,-0.2674721181392669,4.328794086481835,0.0,0.0,0.02,0.0,0.0,carpet,12345,2458047581,0,0,0,2,2,2,0.6873891,-0.7310098,0.3566541,0.7778728,-0.16259396,-0.6318666,0.53298575,0.0045713424,0.19143723,0.8085628,0.043901253,0.3148148,0.23879142,-0.4122807,0.15107213,0.05360624,-0.44444445,0.20467836,1.0,0.0,0.0,1.0,0.0,0.0,1.0,0.0,0.0
20260414_134505_905168,0,44,1.4686168432235718,-0.0382200628519058,0.164370908771885,5.967841678230995,0.184370908771885,0.4095232721051758,-0.9417429566383362,5.644739925493084,0.0,0.0,0.02,0.0,0.0,carpet,12345,2458047581,0,0,0,2,2,2,0.8943488,0.19267425,-0.92936814,0.8769297,0.76440555,0.7333162,-0.5646755,0.0110115055,0.18855245,0.8114476,0.06979889,0.42105263,-0.4434698,0.2037037,0.42495126,-0.11988304,-0.38011697,0.31578946,1.0,0.0,0.0,1.0,0.0,0.0,1.0,0.0,0.0
20260414_134505_905168,0,45,1.447229504585266,-0.0298771597445011,0.0049076289198735,5.972749307150869,0.0249076289198735,0.0985698763937534,-0.8342903107404709,4.813803902550987,0.0,0.0,0.02,0.0,0.0,carpet,12345,2458047581,0,0,0,2,2,2,-0.373123,0.8888098,0.20773245,0.12783204,-0.6855296,0.32896435,-0.9945487,-0.012407685,0.17839545,0.8216046,-0.09595094,0.5292398,0.1208577,-0.56237817,0.45808968,0.1325536,0.14035088,-0.37621832,1.0,0.0,0.0,1.0,0.0,0.0,1.0,0.0,0.0
20260414_134505_905168,0,46,1.4974473714828491,-0.0590212941169738,0.3659132136446841,6.338662520795553,0.3859132136446841,0.8025307666071342,2.9144134372472763,5.100649164083933,0.0,0.0,0.02,0.0,0.0,carpet,12345,2458047581,0,0,0,2,2,2,-0.027202668,0.031430215,0.7445236,0.9282217,-0.30478832,0.6760602,-0.2969267,-0.039141845,0.16939735,0.83060265,-0.1532289,-0.25438598,0.48440546,0.07504873,0.06920078,-0.37621832,0.23684211,-0.5984405,1.0,0.0,0.0,1.0,0.0,0.0,1.0,0.0,0.0
20260414_134505_905168,0,47,1.4469507932662964,-0.0374763794243335,-0.0131922012105896,6.325470319584963,0.0068077987894103,0.0632752076393501,-2.1544914692640305,3.4695956416154985,0.0,0.0,0.02,0.0,0.0,carpet,12345,2458047581,0,0,0,2,2,2,-0.41194174,-0.822829,0.06555072,-0.49861538,0.39769945,-0.4914023,-0.8271841,0.023630524,0.20083027,0.7991698,-0.02395437,-0.021442495,0.0009746589,0.39278752,0.291423,-0.30506822,0.3323587,-0.22709551,1.0,0.0,0.0,1.0,0.0,0.0,1.0,0.0,0.0
20260414_134505_905168,0,48,1.4252830743789673,-0.0276998579502105,-0.0953623749351638,6.2301079446498,-0.0753623749351638,-0.1969566311235695,-0.9776521474123,2.0368878399748382,0.0,0.0,0.02,0.0,0.0,carpet,12345,2458047581,0,0,0,2,2,2,-0.8977634,-0.6767981,0.49672338,0.14836405,0.2000903,-0.6478841,-0.8249963,-0.039490126,0.17759338,0.8224067,-0.17193347,-0.17446394,-0.15692008,0.27875245,-0.26608187,0.26413256,-0.25925925,-0.48635477,1.0,0.0,0.0,1.0,0.0,0.0,1.0,0.0,0.0
20260414_134505_905168,0,49,1.496251106262207,-0.0689224526286125,0.4071012274960934,6.637209172145893,0.4271012274960934,0.8828473936173822,4.122259467840195,2.0597898852392262,0.0,0.0,0.02,0.0,0.0,carpet,12345,2458047581,0,0,0,2,2,2,-0.6238488,-0.2789243,-0.8385424,0.7315465,-0.33097658,-0.5285279,0.535087,-0.06657486,0.16704907,0.83295095,-0.19897234,-0.51559454,-0.35185185,0.33333334,0.091617934,0.121832356,-0.3294347,-0.4853801,1.0,0.0,0.0,1.0,0.0,0.0,1.0,0.0,0.0
20260414_134505_905168,0,50,1.4781525135040283,-0.0755896642804145,0.3793927366708126,7.016601908816705,0.3993927366708126,0.8288158365080847,0.6667211651802063,2.479082449642135,0.0,0.0,0.02,0.0,0.0,carpet,12345,2458047581,0,0,0,2,2,2,-0.9681894,0.49857327,-0.4459781,-0.60010785,0.4015998,-0.8218462,0.13139054,0.022135163,0.21150899,0.7884911,0.07934259,-0.374269,-0.12378167,-0.23489279,0.4814815,-0.19493178,-0.3411306,0.32066277,1.0,0.0,0.0,1.0,0.0,0.0,1.0,0.0,0.0
20260414_134505_905168,0,51,1.3641341924667358,-0.0253713186830282,-0.3194085961813346,6.69719331263537,-0.2994085961813346,-0.6338467625536026,-5.021834559738636,1.746665810694779,0.0,0.0,0.02,0.0,0.0,carpet,12345,2458047581,0,0,0,2,2,2,0.5686175,-0.67151326,0.23738787,-0.46168575,0.5902025,-1.0,-0.7088619,-0.0004880905,0.2186998,0.78130025,0.0060281777,-0.6072125,0.30701753,-0.25730994,-0.082846,0.30701753,-0.49220273,0.08089668,1.0,0.0,0.0,1.0,0.0,0.0,1.0,0.0,0.0
20260414_134505_905168,0,52,1.3671828508377075,-0.0540614649653434,0.0783941462270169,6.775587458862387,0.0983941462270169,0.2418685851426829,2.8690146282315254,1.1860036292303278,0.0,0.0,0.02,0.0,0.0,carpet,12345,2458047581,0,0,0,2,2,2,-0.03574553,0.5365572,0.29950976,-0.1897801,0.05203339,-0.59410334,-0.5295741,-0.1430109,0.16453767,0.8354624,-0.2304416,0.3411306,-0.4220273,0.17251462,-0.23976608,0.40448344,-0.54191035,-0.4220273,1.0,0.0,0.0,1.0,0.0,0.0,1.0,0.0,0.0
20260414_134505_905168,0,53,1.392655611038208,-0.0523443073034286,0.0253705114405836,6.800957970302971,0.0453705114405836,0.138472497309138,-0.1717157661914825,1.2612009189001157,0.0,0.0,0.02,0.0,0.0,carpet,12345,2458047581,0,0,0,2,2,2,-0.82404137,-0.4370856,0.37422943,-0.29629865,-0.61482435,0.9965211,-0.9038037,-0.13920002,0.19548093,0.8045192,-0.20862061,-0.057504874,0.21832359,0.12670565,-0.11306043,0.07992203,-0.35477582,-0.32748538,1.0,0.0,0.0,1.0,0.0,0.0,1.0,0.0,0.0
20260414_134505_905168,0,54,1.3191232681274414,-0.0512933731079101,-0.005855888156977,6.795102082145994,0.0141441118430229,0.0775810180938947,-0.1050934195518493,1.53573856811758,0.0,0.0,0.02,0.0,0.0,carpet,12345,2458047581,0,0,0,2,2,2,0.44670603,-0.10218817,0.8945855,0.39310172,-0.92832124,-0.68669516,-0.23085043,-0.107359126,0.1936289,0.80637115,-0.14770383,-0.47758284,-0.18226121,0.2962963,-0.14424951,-0.3723197,0.5311891,-0.5711501,1.0,0.0,0.0,1.0,0.0,0.0,1.0,0.0,0.0
20260414_134505_905168,0,55,1.4178168773651123,-0.0860370248556137,0.4296292601348768,7.2247313422808705,0.4496292601348768,0.92677705726301,3.4743651747703552,1.5796682317632076,0.0,0.0,0.02,0.0,0.0,carpet,12345,2458047581,0,0,0,2,2,2,0.9460923,0.81247306,0.36658758,-0.28386903,0.8351605,0.65591353,0.42049026,-0.19927463,0.19249545,0.80750465,-0.15191965,0.23684211,-0.15302144,0.45224172,0.24074075,-0.5243665,-0.28460038,-0.11890838,1.0,0.0,0.0,1.0,0.0,0.0,1.0,0.0,0.0
20260414_134505_905168,0,56,1.3544687032699585,-0.069239541888237,0.0954593429553042,7.320190685236175,0.1154593429553042,0.2751457187628432,-1.679748296737671,1.025998114017966,0.0,0.0,0.02,0.0,0.0,carpet,12345,2458047581,0,0,0,2,2,2,0.07842323,-0.14884764,1.0,-0.113191664,0.6143914,-0.9128642,-0.23500992,-0.07590751,0.22996761,0.77003247,0.06401063,0.5389863,0.26998052,0.13157895,-0.2651072,0.06042885,0.15009746,0.2202729,1.0,0.0,0.0,1.0,0.0,0.0,1.0,0.0,0.0
20260414_134505_905168,0,57,1.4216495752334597,-0.0951193049550056,0.3919760849955597,7.712166770231734,0.4119760849955597,0.8533533657413415,2.5879763066768646,2.5131982423129102,0.0,0.0,0.02,0.0,0.0,carpet,12345,2458047581,0,0,0,2,2,2,0.7474882,-0.0735484,-0.08491977,-0.9542079,-1.0,-0.1923187,0.6731948,-0.1550928,0.21185097,0.7881491,-0.1453576,0.029239766,-0.12573099,0.54385966,-0.116959065,0.3294347,-0.5282651,-0.13450292,1.0,0.0,0.0,1.0,0.0,0.0,1.0,0.0,0.0
20260414_134505_905168,0,58,1.3686237335205078,-0.1083870604634285,0.4526712369315799,8.164838007163315,0.47267123693158,0.9717089120165808,1.3267755508422852,3.243038569186808,0.0,0.0,0.02,0.0,0.0,carpet,12345,2458047581,0,0,0,2,2,2,0.054181308,0.7706033,0.22696826,0.3992479,0.54855525,-0.40860048,0.010224098,-0.07111664,0.23976314,0.76023686,0.13677531,0.4619883,-0.0009746589,0.08089668,-0.42007798,-0.20175439,-0.08966862,0.41617933,1.0,0.0,0.0,1.0,0.0,0.0,1.0,0.0,0.0
20260414_134505_905168,0,59,1.3630496263504028,-0.0929030552506446,0.1295802839450445,8.294418291108359,0.1495802839450445,0.3416815536928368,-1.5484005212783811,3.446247625570507,0.0,0.0,0.02,0.0,0.0,carpet,12345,2458047581,0,0,0,2,2,2,0.3604462,0.70132905,0.5318111,0.9667804,0.042951815,1.0,-0.6211358,-0.1373991,0.25407287,0.74592716,-0.09263039,0.012670565,0.40253413,0.055555556,-0.08576998,0.2300195,-0.26900584,-0.0048732944,1.0,0.0,0.0,1.0,0.0,0.0,1.0,0.0,0.0
20260414_134505_905168,0,60,1.3583904504776,-0.0921616554260253,0.076269830591873,8.370688121700232,0.096269830591873,0.2377261696541523,-0.0741399824619293,3.6063927771307647,0.0,0.0,0.02,0.0,0.0,carpet,12345,2458047581,0,0,0,2,2,2,-0.32235485,0.3277874,1.0,-0.09611561,0.6815585,-0.80224675,-0.15674178,-0.14436665,0.23737286,0.7626272,-0.17393003,0.165692,0.3508772,0.054580897,0.06140351,-0.05945419,0.18810916,-0.40643275,1.0,0.0,0.0,1.0,0.0,0.0,1.0,0.0,0.0
20260414_134505_905168,0,61,1.4586095809936523,-0.0995273664593696,0.1402243092688258,8.510912430969057,0.1602243092688258,0.3624374030742103,0.7365711033344269,3.042053122941965,0.0,0.0,0.02,0.0,0.0,carpet,12345,2458047581,0,0,0,2,2,2,0.65218776,0.056313626,-0.5011231,-0.7225401,-0.14065762,0.70963496,0.5247515,-0.15019055,0.23657322,0.76342684,-0.122948945,-0.20955166,0.15009746,0.38791424,-0.14522417,0.32163742,-0.4668616,-0.08382066,1.0,0.0,0.0,1.0,0.0,0.0,1.0,0.0,0.0
20260414_134505_905168,0,62,1.3764455318450928,-0.1368191689252853,0.5718580071556701,9.082770438124728,0.5918580071556702,1.2041231139535569,3.729180246591568,3.971030518132679,0.0,0.0,0.02,0.0,0.0,carpet,12345,2458047581,0,0,0,2,2,2,-0.008083857,-0.42013842,0.040747426,0.05086272,-0.5846444,-0.2875477,-0.04693719,-0.024916649,0.24451737,0.7554827,0.16335963,0.41423002,0.07699805,-0.16471735,-0.37621832,-0.08966862,0.34307992,0.29337233,1.0,0.0,0.0,1.0,0.0,0.0,1.0,0.0,0.0
20260414_134505_905168,0,63,1.4261866807937622,-0.1421569436788559,0.4859162586176608,9.568686696742388,0.5059162586176609,1.036536704304439,0.5337774753570557,4.154213856695776,0.0,0.0,0.02,0.0,0.0,carpet,12345,2458047581,0,0,0,2,2,2,-0.19518882,0.34892708,0.22728291,0.7186995,0.71556526,0.34141532,0.5028951,-0.12762184,0.28473783,0.71526223,-0.042298764,0.022417154,-0.1705653,0.07212476,0.05263158,-0.33528265,-0.13937622,-0.0116959065,1.0,0.0,0.0,1.0,0.0,0.0,1.0,0.0,0.0
20260414_134505_905168,0,64,1.3648370504379272,-0.106964498758316,-0.0468762024539356,9.521810494288452,-0.0268762024539356,-0.1024085947851745,-3.5192444920539856,3.0800963498940206,0.0,0.0,0.02,0.0,0.0,carpet,12345,2458047581,0,0,0,2,2,2,-0.25056875,-0.56603307,-0.16684742,-0.6496444,0.0058033536,0.35572308,-0.98497003,-0.065445326,0.29049477,0.7095052,0.06839389,-0.13352826,0.14327486,0.05263158,0.2602339,-0.12962963,0.028265107,0.25925925,1.0,0.0,0.0,1.0,0.0,0.0,1.0,0.0,0.0
20260414_134505_905168,0,65,1.4290350675582886,-0.1480209976434707,0.4413364236102498,9.963146917898705,0.4613364236102498,0.9496060260399872,4.105649888515472,3.688020822241171,0.0,0.0,0.02,0.0,0.0,carpet,12345,2458047581,0,0,0,2,2,2,-0.024143742,-1.0,0.10330406,-0.082653664,0.31661358,0.40119937,0.00780095,-0.14213237,0.25253856,0.7474615,-0.16687241,-0.12573099,-0.07797271,0.0058479533,-0.2962963,0.021442495,0.22222222,-0.5877193,1.0,0.0,0.0,1.0,0.0,0.0,1.0,0.0,0.0
20260414_134505_905168,0,66,1.3087410926818848,-0.1164261624217033,-0.034187877443177,9.928959040455526,-0.014187877443177,-0.0776663610141952,-3.1594835221767426,3.3726282915728234,0.0,0.0,0.02,0.0,0.0,carpet,12345,2458047581,0,0,0,2,2,2,0.5173633,-0.46134165,-1.0,-0.5549983,-0.42090538,-0.3786527,-0.78578824,-0.06188488,0.29681936,0.7031807,0.025643963,0.0048732944,-0.41423002,0.10038986,-0.071150094,0.14035088,0.19395712,-0.031189084,1.0,0.0,0.0,1.0,0.0,0.0,1.0,0.0,0.0
20260414_134505_905168,0,67,1.1831648349761963,0.0319648645818233,-1.0713151266002252,8.8576439138553,-1.0,-3.7680254458488207,-14.839102700352669,-0.7578345573502077,0.0,0.0263025320045044,0.02,0.05,0.0,carpet,12345,2458047581,0,0,0,2,2,2,-0.22460143,-0.97366583,0.5384919,0.8114398,-0.08060849,-0.91036,-0.9847944,-0.21225223,0.2627433,0.73725677,-0.18665871,0.31578946,-0.25536063,-0.14424951,-0.19590643,-0.040935673,-0.05360624,-0.45224172,1.0,0.0,0.0,1.0,0.0,0.0,1.0,0.0,0.0
20260414_134505_905168,0,68,1.1967910528182983,-0.0984078869223594,0.1255796172536236,8.983223531108925,0.1965639503681892,0.433299703217969,13.037275150418282,-1.5286579680857957,0.0024886683235909,0.0147093256441308,0.02,0.05,0.0,carpet,12345,2458047581,0,0,0,2,2,2,-0.7233824,-0.59194314,0.057718165,-0.24952015,-1.0,-0.42988813,0.14173616,-0.36922264,0.10269871,0.8973013,-0.44117647,-0.14035088,-0.5808967,0.2962963,0.40350878,-0.062378168,-0.50584793,-0.5945419,1.0,0.0,0.0,1.0,0.0,0.0,1.0,0.0,0.0
20260414_134505_905168,0,69,1.1824207305908203,-0.0734843835234642,-0.2010572848835156,8.782166246225408,-0.1272373372097038,-0.2981128075589225,-2.4923503398895264,-2.8633074799491567,0.0087639104256085,0.0588711326250192,0.02,0.05,0.0,carpet,12345,2458047581,0,0,0,2,2,2,0.8444546,0.67195845,-0.2887395,-0.9994809,0.091264606,0.29998326,-0.84682095,-0.35218984,0.24331,0.75669,-0.121606134,-0.43957114,-0.32163742,0.1208577,0.10038986,-0.5146199,-0.24658869,0.09746589,1.0,0.0,0.0,1.0,0.0,0.0,1.0,0.0,0.0
20260414_134505_905168,0,70,1.194400668144226,-0.1427119821310043,0.673412959569438,9.455579205794846,0.74723351770222,1.5071053595193291,6.922759860754013,-1.253793525644653,0.0148364567878425,0.0467382490799547,0.02,0.05,0.0,carpet,12345,2458047581,0,0,0,2,2,2,-0.8699848,-1.0,-0.09483255,-0.27245268,-0.095550254,-0.018522613,-0.09371958,-0.37015277,0.21642917,0.7835709,-0.30366814,0.5068226,0.3674464,-0.19883041,-0.56725144,0.08479532,0.16861598,-0.5263158,1.0,0.0,0.0,1.0,0.0,0.0,1.0,0.0,0.0
20260414_134505_905168,0,71,1.194252848625183,-0.0928958132863044,-0.1096717630861422,9.345907442708704,-0.0333718981938496,-0.1150752014780067,-4.981616884469986,-2.318474753162647,0.0204500797081611,0.0850971384295306,0.02,0.05,0.0,carpet,12345,2458047581,0,0,0,2,2,2,0.86843044,0.510295,0.94980484,0.61353725,0.19389305,1.0,-1.0,-0.35517788,0.2910934,0.70890665,-0.14779243,-0.3079922,0.06920078,-0.007797271,-0.18128654,-0.08674464,-0.02631579,-0.062378168,1.0,0.0,0.0,1.0,0.0,0.0,1.0,0.0,0.0
20260414_134505_905168,0,72,1.1811835765838623,-0.0947586670517921,-0.0782134716944184,9.267693971014284,0.0,-0.0397350569713097,0.1862853765487671,-2.2805434491197616,0.026872882091632,0.1105236697051043,0.02,0.05,0.0,carpet,12345,2458047581,0,0,0,2,2,2,0.6063294,0.3596143,-0.3893498,-0.89258593,-0.76006675,0.010960682,-0.9289282,-0.3553626,0.23736504,0.762635,-0.3112608,0.44931775,0.05068226,0.23489279,-0.071150094,-0.078947365,0.34307992,-0.6208577,1.0,0.0,0.0,1.0,0.0,0.0,1.0,0.0,0.0
20260414_134505_905168,0,73,1.218989014625549,-0.1346458792686462,0.4449806737819705,9.712674644796255,0.4704507757399279,0.9673790126928594,3.9887212216854095,2.4548610094219185,0.0272524782840438,0.0548970825910591,0.02,0.0,0.0,carpet,12345,2458047581,0,0,0,2,2,2,-0.09072085,-0.27129012,0.2416596,0.31307882,-1.0,-0.25026163,0.5825631,-0.37169924,0.23937419,0.76062584,-0.29974726,0.3576998,0.23294348,-0.14230019,-0.28265107,-0.32456142,0.11111111,-0.5536062,1.0,0.0,0.0,1.0,0.0,0.0,1.0,0.0,0.0
20260414_134505_905168,0,74,1.2308894395828247,-0.1396950334310531,0.3885146251329722,10.101189269929227,0.4111605710665749,0.8517631135798212,0.5049154162406921,2.87332441978377,0.0260407504701012,0.0008374177318521,0.02,0.0,0.0,carpet,12345,2458047581,0,0,0,2,2,2,0.030943934,0.621778,0.053396475,-0.0679022,0.3279553,-0.55016327,0.8980282,-0.3244424,0.28239384,0.71760625,-0.04245936,-0.045808967,-0.13547759,0.17348927,0.19493178,-0.59551656,-0.165692,0.34502923,1.0,0.0,0.0,1.0,0.0,0.0,1.0,0.0,0.0
20260414_134505_905168,0,75,1.1988604068756104,-0.1207478195428848,0.0350876049594097,10.136276874888637,0.0590471733234159,0.165141987980661,-1.8947213888168333,3.336579215323354,0.0292090288968486,0.0207733094864261,0.02,0.0,0.0,carpet,12345,2458047581,0,0,0,2,2,2,0.6275592,0.73941404,-0.7494264,0.5878388,-0.8501968,0.68319595,-0.53346497,-0.3095669,0.28783953,0.71216047,4.4135617e-05,-0.0116959065,0.33820662,0.0009746589,-0.09844054,0.106237814,-0.37524366,0.5331384,1.0,0.0,0.0,1.0,0.0,0.0,1.0,0.0,0.0
20260414_134505_905168,0,76,1.2748619318008425,-0.1485790163278579,0.3724704089158622,10.5087472838045,0.3946853387742725,0.8196364106098315,2.7831196784973145,2.6491102664138566,0.0221492985841034,0.0,0.02,0.0,0.0,carpet,12345,2458047581,0,0,0,2,2,2,-1.0,-0.92086357,-1.0,0.18468426,-0.9663583,1.0,-0.07445516,-0.34960318,0.26740435,0.7325957,-0.20827807,0.37524366,0.42982456,-0.45808968,0.33918127,-0.5233918,0.36354777,-0.34405458,1.0,0.0,0.0,1.0,0.0,0.0,1.0,0.0,0.0
20260414_134505_905168,0,77,1.2876980304718018,-0.1657727211713791,0.4884145840102336,10.997161867814732,0.5100358610489202,1.0445699290453945,1.7193704843521118,3.808755396937258,0.0162127703868651,0.0,0.02,0.0,0.0,carpet,12345,2458047581,0,0,0,2,2,2,0.30946794,-0.4083162,0.099746846,-0.22233383,-0.5470358,-0.5326116,0.8551448,-0.2546013,0.29742122,0.70257884,-0.04854799,-0.50097466,0.3031189,-0.4766082,0.1705653,-0.5906433,0.52534115,-0.088693954,1.0,0.0,0.0,1.0,0.0,0.0,1.0,0.0,0.0
20260414_134505_905168,0,78,1.2736999988555908,-0.1781733334064483,0.5137395138449081,11.51090138165964,0.5350988475183476,1.0934427526607775,1.2400612235069275,4.941933206569345,0.0135933367343946,0.0,0.02,0.0,0.0,carpet,12345,2458047581,0,0,0,2,2,2,0.98154193,-0.8163289,0.54345804,0.058794204,-0.44020727,0.23004293,0.41003573,-0.2385561,0.31596518,0.6840349,0.09765041,0.17933723,-0.2777778,0.062378168,-0.11890838,-0.3031189,-0.23294348,0.54873294,1.0,0.0,0.0,1.0,0.0,0.0,1.0,0.0,0.0
20260414_134505_905168,0,79,1.2801446914672852,-0.1900672614574432,0.5262753158121825,12.03717669747182,0.5474001362925393,1.1174302657704516,1.1893928050994873,5.0919844596469375,0.0112482048035677,0.0,0.02,0.0,0.0,carpet,12345,2458047581,0,0,0,2,2,2,0.41817996,0.102913514,-0.31180468,0.3976055,0.73907167,-0.10265809,0.7333373,-0.25605363,0.32933962,0.67066044,0.026523637,0.5925926,-0.5214425,0.29337233,0.0,-0.29044834,0.12962963,0.24658869,1.0,0.0,0.0,1.0,0.0,0.0,1.0,0.0,0.0
20260414_134505_905168,0,80,1.308269739151001,-0.1653914302587509,0.0670201984996752,12.104196895971496,0.0877830355695029,0.2211769193605306,-2.467583119869232,4.461398265427647,0.0076283706982768,0.0,0.02,0.0,0.0,carpet,12345,2458047581,0,0,0,2,2,2,-0.0066300607,0.835248,-0.5755016,-1.0,-1.0,0.15418403,0.9221481,-0.24799785,0.34216762,0.65783244,0.061795346,0.26803118,0.020467836,-0.2602339,0.17836258,-0.012670565,-0.10331384,0.44152048,1.0,0.0,0.0,1.0,0.0,0.0,1.0,0.0,0.0
20260414_134505_905168,0,81,1.2617393732070925,-0.1853021085262298,0.2938603990105689,12.398057294982063,0.3146921262601923,0.6636496462073751,1.9910678267478945,4.959905923654361,0.0083172724962338,0.0,0.02,0.0,0.0,carpet,12345,2458047581,0,0,0,2,2,2,-0.4498229,0.7792614,0.2599881,0.8659482,0.84191746,0.7779592,-0.43631637,-0.21284142,0.31555393,0.6844461,0.14132796,-0.018518519,0.5,-0.33040935,-0.31578946,-0.35672516,0.10526316,0.5389863,1.0,0.0,0.0,1.0,0.0,0.0,1.0,0.0,0.0
20260414_134505_905168,0,82,1.2878941297531128,-0.1844084113836288,0.19744502032261,12.595502315304676,0.2181511826105159,0.475394806090506,-0.0893697142601013,4.615664319135036,0.0070616228790586,0.0,0.02,0.0,0.0,carpet,12345,2458047581,0,0,0,2,2,2,0.22937572,0.81399983,0.50301397,-0.87849337,-0.86830324,0.30374134,0.45640028,-0.2710045,0.33702824,0.6629718,-0.10353002,-0.26705652,0.45614034,-0.078947365,-0.12670565,-0.11793372,0.4619883,-0.2729045,1.0,0.0,0.0,1.0,0.0,0.0,1.0,0.0,0.0
20260414_134505_905168,0,83,1.2364166975021362,-0.2009560316801071,0.3483827057887538,12.943885021093427,0.3693521087076101,0.7702366119798398,1.6547620296478271,4.341331002069481,0.0096940291885626,0.0,0.02,0.0,0.0,carpet,12345,2458047581,0,0,0,2,2,2,0.85864407,-0.34075415,-0.14269847,0.9029232,-0.39172044,-0.59951276,0.33453542,-0.23831101,0.33606437,0.66393566,0.050465822,0.109161794,0.4122807,0.25146198,-0.48927876,-0.42007798,0.19785576,0.27387914,1.0,0.0,0.0,1.0,0.0,0.0,1.0,0.0,0.0
20260414_134505_905168,0,84,1.2254998683929443,-0.1941421777009964,0.1619590507300481,13.105844071823478,0.1832467228241599,0.4073311095071119,-0.6813853979110718,3.655219358915815,0.0128767209411182,0.0,0.02,0.0,0.0,carpet,12345,2458047581,0,0,0,2,2,2,-0.9279317,-1.0,-0.9941562,0.42188466,-0.88639677,-1.0,0.20850538,-0.30265778,0.35391152,0.64608854,-0.079325184,0.5282651,-0.19883041,-0.10233918,0.47758284,-0.2729045,-0.36354777,0.20175439,1.0,0.0,0.0,1.0,0.0,0.0,1.0,0.0,0.0
20260414_134505_905168,0,85,1.2723174095153809,-0.2072183787822723,0.2775292188669118,13.38337329069039,0.2986683893139617,0.6324033591622253,1.307620108127594,3.170192452307589,0.0113917044704993,0.0,0.02,0.0,0.0,carpet,12345,2458047581,0,0,0,2,2,2,0.12054152,0.43056872,0.9558263,-0.32828042,-0.6039425,0.5435337,0.58777964,-0.31630382,0.34656256,0.6534375,-0.098372914,-0.47076023,-0.26608187,-0.22222222,0.33723196,-0.42007798,-0.44249514,0.17348927,1.0,0.0,0.0,1.0,0.0,0.0,1.0,0.0,0.0
20260414_134505_905168,0,86,1.2177518606185913,-0.2085850834846496,0.2136083212549145,13.596981611945305,0.2351128907339021,0.5084701369311091,0.1366704702377319,3.457485669878168,0.0150456947898764,0.0,0.02,0.0,0.0,carpet,12345,2458047581,0,0,0,2,2,2,0.23898496,0.17940576,-0.58865434,0.13411239,0.284213,0.4128316,-0.7244526,-0.2577819,0.36066565,0.6393344,0.040807948,0.0331384,0.015594542,0.35867447,-0.2417154,-0.3859649,0.27192983,0.33333334,1.0,0.0,0.0,1.0,0.0,0.0,1.0,0.0,0.0
20260414_134505_905168,0,87,1.2930537462234497,-0.233304888010025,0.465728888399432,14.062710500344735,0.486844982478314,0.9993477158327124,2.4719804525375366,3.7931837395035046,0.0111609407888194,0.0,0.02,0.0,0.0,carpet,12345,2458047581,0,0,0,2,2,2,0.5117964,-0.3594517,-0.017031875,-0.78369105,0.6277115,-0.5579662,0.86785877,-0.32598886,0.3621397,0.63786036,-0.25141102,0.15692008,0.14035088,-0.3723197,0.01754386,0.06335282,0.21442495,-0.47076023,1.0,0.0,0.0,1.0,0.0,0.0,1.0,0.0,0.0
20260414_134505_905168,0,88,1.1662957668304443,-0.2021017223596573,-0.0220060974081367,14.0407044029366,0.0,-0.0305683543846626,-3.1203165650367737,3.287220579028336,0.0200609740813673,0.0,0.02,0.0,0.0,carpet,12345,2458047581,0,0,0,2,2,2,0.31984857,-0.42462745,-0.20059222,-0.4647988,-0.7316507,-0.25370646,-0.70186865,-0.2318615,0.3888008,0.6111992,0.055126768,0.3128655,-0.21637426,0.0038986355,-0.47076023,0.36647174,-0.35964912,0.50877196,1.0,0.0,0.0,1.0,0.0,0.0,1.0,0.0,0.0
20260414_134505_905168,0,89,1.3287830352783203,-0.2503249645233154,0.5597221407755654,14.600426543712167,0.5808486093861343,1.182654788302962,4.822324216365814,3.699638755351458,0.0112646861056887,0.0,0.02,0.0,0.0,carpet,12345,2458047581,0,0,0,2,2,2,-0.008836385,-0.7029488,-0.9579112,-0.027858209,0.70927393,0.8013911,0.5671203,-0.39030895,0.35514718,0.6448528,-0.27500147,0.24366471,-0.21442495,-0.07797271,-0.2300195,-0.17348927,-0.10136452,-0.40838206,1.0,0.0,0.0,1.0,0.0,0.0,1.0,0.0,0.0
20260414_134505_905168,0,90,1.2311677932739258,-0.2290850728750229,0.1355497477764854,14.735976291488653,0.1569198974461038,0.3559938000199025,-2.123989164829254,3.6483014458642486,0.0137014966961841,0.0,0.02,0.0,0.0,carpet,12345,2458047581,0,0,0,2,2,2,0.25772393,-0.625942,-0.29763395,-0.6128336,-0.8167723,0.64750457,-0.8745682,-0.18719998,0.40715754,0.5928425,0.11977206,0.037037037,-0.30506822,-0.38791424,-0.054580897,0.2816764,0.18031189,0.28460038,1.0,0.0,0.0,1.0,0.0,0.0,1.0,0.0,0.0
20260414_134505_905168,0,91,1.189527153968811,-0.2433559596538543,0.2722443812647382,15.00822067275339,0.2942397535824229,0.6237675194857246,1.4270886778831482,3.639665606187748,0.0199537231768461,0.0,0.02,0.0,0.0,carpet,12345,2458047581,0,0,0,2,2,2,0.28881854,0.44575813,0.57533467,-0.9174131,0.35011083,-0.97274846,-0.2944692,-0.30921897,0.38424957,0.61575043,-0.13717172,0.14424951,-0.38109162,-0.14522417,-0.28460038,-0.16666667,0.4239766,-0.49317738,1.0,0.0,0.0,1.0,0.0,0.0,1.0,0.0,0.0
20260414_134505_905168,0,92,1.1274065971374512,-0.2067836970090866,-0.2266835643001069,14.781537108453284,-0.2033235520538006,-0.4464809265049112,-3.657226264476776,2.684714542751728,0.0336001224630633,0.0,0.02,0.0,0.0,carpet,12345,2458047581,0,0,0,2,2,2,-0.7065989,-0.55471677,0.38394803,-1.0,-0.91873306,-1.0,-0.27212945,-0.36126977,0.39964125,0.60035884,-0.16421324,0.14035088,-0.2582846,0.25146198,-0.5575049,0.2563353,-0.24951267,-0.16179337,1.0,0.0,0.0,1.0,0.0,0.0,1.0,0.0,0.0
20260414_134505_905168,0,93,1.2052717208862305,-0.2527323961257934,0.3683030136445279,15.149840122097812,0.3917214271994836,0.8138567830389931,4.594869911670685,2.4992236099580083,0.0341841355495565,0.0,0.02,0.0,0.0,carpet,12345,2458047581,0,0,0,2,2,2,0.9864016,-0.2585357,-0.40445337,-0.22115329,-0.30332237,0.16878356,0.7622279,-0.4389204,0.36019686,0.63980323,-0.24252333,-0.41325536,-0.30506822,0.25536063,-0.5497076,0.15497077,-0.42495126,-0.15692008,1.0,0.0,0.0,1.0,0.0,0.0,1.0,0.0,0.0
20260414_134505_905168,0,94,1.1148202419281006,-0.1929076164960861,-0.453732895041377,14.696107227056435,-0.4283214889556104,-0.8852269034634404,-5.982477962970734,1.6445650608792306,0.0487827500441366,0.0106626216270586,0.02,0.0,0.0,carpet,12345,2458047581,0,0,0,2,2,2,-0.7260022,-0.3050628,-0.26833075,0.68459016,0.22281477,-0.43872514,-0.8496264,-0.34158897,0.409754,0.590246,0.05663109,0.59551656,-0.17251462,-0.24756335,-0.13937622,-0.19688109,0.07212476,0.44152048,1.0,0.0,0.0,1.0,0.0,0.0,1.0,0.0,0.0
20260414_134505_905168,0,95,1.123141169548035,-0.2056671977043151,-0.2185047326168709,14.477602494439564,-0.1512464858419771,-0.3449306473918554,1.2759581208229065,0.1169796251844133,0.0598545056165836,0.0594151746335365,0.02,0.0383020374815586,0.0,carpet,12345,2458047581,0,0,0,2,2,2,-0.93804014,0.9263799,-0.116525695,0.917384,-0.53522485,0.21483752,-0.70429116,-0.45465335,0.34523103,0.654769,-0.34205556,-0.4385965,-0.18128654,-0.18421052,0.3323587,0.06920078,-0.26120856,-0.5,1.0,0.0,0.0,1.0,0.0,0.0,1.0,0.0,0.0
20260414_134505_905168,0,96,1.0937563180923462,-0.2172570824623108,-0.0811959762404685,14.396406518199097,0.0,0.0310491334060003,1.1589884757995603,-0.2079650414294889,0.0749617276166089,0.0739960695761519,0.02,0.05,0.0,carpet,12345,2458047581,0,0,0,2,2,2,-0.9280486,0.7232726,-0.328733,-0.4931312,-0.7650916,-0.74686664,-0.22838515,-0.4442522,0.35899267,0.64100736,-0.31599605,-0.59356725,0.37134504,-0.18128654,0.4883041,-0.3674464,0.10233918,-0.45224172,1.0,0.0,0.0,1.0,0.0,0.0,1.0,0.0,0.0
20260414_134505_905168,0,97,1.1478452682495115,-0.248135358095169,0.3002837637725191,14.696690281971614,0.3821762773722875,0.7952437408759607,3.087827563285828,-0.0364888200392528,0.0755384790133004,0.0867733139687671,0.02,0.05,0.0,carpet,12345,2458047581,0,0,0,2,2,2,-0.18517593,-0.6441726,-0.49609986,0.6698557,0.76985097,0.55349314,-0.64283437,-0.48098326,0.37149274,0.6285073,-0.24027504,-0.5906433,0.41520467,-0.18421052,0.03411306,-0.3859649,-0.33528265,-0.11890838,1.0,0.0,0.0,1.0,0.0,0.0,1.0,0.0,0.0
20260414_134505_905168,0,98,1.222620129585266,-0.2674619853496551,0.500920693202485,15.1976109751741,0.5279992241123651,1.079598487019112,1.9326627254486084,1.4895905934847704,0.0609455470695753,0.019679524058452,0.02,0.0,0.0,carpet,12345,2458047581,0,0,0,2,2,2,-0.21008532,-0.94519854,0.7768764,-0.93140996,-0.75682735,0.62913495,0.16193731,-0.41337204,0.40479594,0.59520406,-0.24661824,-0.09259259,-0.30019492,-0.26900584,0.33918127,0.07504873,0.116959065,-0.42787525,1.0,0.0,0.0,1.0,0.0,0.0,1.0,0.0,0.0
20260414_134505_905168,0,99,1.213377594947815,-0.2814767062664032,0.5440004325387456,15.741611407712844,0.5692650708631004,1.1600668881830458,1.401472091674805,1.8358006986288231,0.0526463832435479,0.0,0.02,0.0,0.0,carpet,12345,2458047581,0,0,0,2,2,2,-0.420716,0.10725715,-0.04320956,0.2245122,-0.67625713,-0.5316252,0.69533414,-0.31990346,0.42564034,0.57435966,0.017490478,-0.124756336,-0.5594542,0.49220273,-0.41520467,-0.3693957,0.38011697,0.09259259,1.0,0.0,0.0,1.0,0.0,0.0,1.0,0.0,0.0
20260414_134505_905168,0,100,1.212250590324402,-0.2850326597690582,0.4414268710294743,16.18303827874232,0.4661276942070042,0.9589490037036584,0.3555953502655029,3.679976605795922,0.0470082317752987,0.0,0.02,0.0,0.0,carpet,12345,2458047581,0,0,0,2,2,2,-0.66511345,0.31554493,-0.60864,-0.85733545,-0.6483902,-0.19055985,0.60457087,-0.33145666,0.4407557,0.55924433,0.033105724,-0.28654972,0.021442495,-0.0662768,0.15107213,-0.39278752,-0.28265107,0.4405458,1.0,0.0,0.0,1.0,0.0,0.0,1.0,0.0,0.0
20260414_134505_905168,0,101,1.2048224210739136,-0.2939982414245605,0.4337106677500844,16.616748946492404,0.4581288688027161,0.9433512941652964,0.8965581655502319,4.968258547353074,0.0441820105263164,0.0,0.02,0.0,0.0,carpet,12345,2458047581,0,0,0,2,2,2,-0.042337526,-0.08051939,-0.82834846,-0.9199862,0.017319847,0.41637707,0.09525434,-0.33286542,0.4445909,0.55540913,0.032309406,-0.40350878,0.21734893,-0.30604288,-0.12573099,-0.33333334,-0.10136452,0.36647174,1.0,0.0,0.0,1.0,0.0,0.0,1.0,0.0,0.0
20260414_134505_905168,0,102,1.202450156211853,-0.2637628018856048,-0.0242495182872111,16.592499428205194,0.0,-0.0483725178499128,-3.023543953895569,4.88883689609716,0.0424951828721113,0.0,0.02,0.0,0.0,carpet,12345,2458047581,0,0,0,2,2,2,-0.85625523,0.93562186,-0.8362812,-0.3760512,-0.2257402,-1.0,0.90059865,-0.3421507,0.45426056,0.5457394,-0.0368404,-0.0029239766,0.05263158,-0.31676415,-0.4502924,0.0331384,0.20760234,0.0331384,1.0,0.0,0.0,1.0,0.0,0.0,1.0,0.0,0.0
20260414_134505_905168,0,103,1.1090564727783203,-0.19654381275177,-0.8804590229182327,15.71204040528696,-0.8547457008888782,-1.716754116733313,-6.721898913383484,2.376839038487887,0.0571332202935448,0.0,0.02,0.0,0.0,carpet,12345,2458047581,0,0,0,2,2,2,-0.6501439,1.0,-0.85747045,0.6979047,-0.43776885,0.024671482,-1.0,-0.34511596,0.42165065,0.57834935,0.0559763,-0.5350877,0.55263156,-0.5038986,-0.19493178,-0.07797271,-0.43177387,0.5614035,1.0,0.0,0.0,1.0,0.0,0.0,1.0,0.0,0.0
20260414_134505_905168,0,104,1.154343843460083,-0.2731253802776336,0.269819064600548,15.98185946988751,0.2958838977418532,0.6269736005966138,7.658156752586365,1.9242141520653888,0.0606483314130512,0.0,0.02,0.0,0.0,carpet,12345,2458047581,0,0,0,2,2,2,0.85171825,0.52387285,0.1979589,0.41204548,-0.4966379,0.061233796,0.48870015,-0.4618581,0.3491528,0.65084726,-0.35922152,-0.4122807,0.5662768,-0.5614035,0.33918127,-0.27387914,0.03606238,-0.5964912,1.0,0.0,0.0,1.0,0.0,0.0,1.0,0.0,0.0
20260414_134505_905168,0,105,1.053551435470581,-0.1317708790302276,-1.0811671900681283,14.90069227981938,-1.0,-3.06363233073769,-14.1354501247406,-2.299485066855347,0.0843714101833922,0.0546009809957785,0.02,0.05,0.0,carpet,12345,2458047581,0,0,0,2,2,2,-0.1436702,0.97443515,-0.86221135,-0.17603128,-0.019748844,-0.71628433,-0.97325027,-0.40524882,0.43174854,0.5682515,-0.04779471,0.48440546,0.23489279,-0.26803118,0.20857699,-0.33040935,0.007797271,0.2777778,1.0,0.0,0.0,1.0,0.0,0.0,1.0,0.0,0.0
20260414_134505_905168,0,106,1.078861951828003,-0.2354848831892013,0.0426717945651387,14.94336407438452,0.125705567139011,0.2951258559210714,10.37140041589737,-2.9633082146379337,0.0985217980920663,0.0636318552933111,0.02,0.05,0.0,carpet,12345,2458047581,0,0,0,2,2,2,-0.49329656,1.0,-0.16184609,-0.6933629,-0.24434347,0.00601322,-0.07763768,-0.5312394,0.27929306,0.720707,-0.44802928,-0.091617934,0.58966863,-0.5292398,-0.10818713,0.015594542,-0.37134504,-0.579922,1.0,0.0,0.0,1.0,0.0,0.0,1.0,0.0,0.0
20260414_134505_905168,0,107,1.040901780128479,-0.1469675153493881,-1.08428898062729,13.85907509375723,-0.9956870790023216,-1.9915898040545272,-8.851736783981323,-5.898249312857757,0.1197454640904418,0.1325471043184841,0.02,0.05,0.0,carpet,12345,2458047581,0,0,0,2,2,2,-0.46596524,-0.641851,-0.56194776,0.7591724,-0.67630833,-0.20036899,-1.0,-0.49960127,0.39115202,0.60884804,-0.21701275,-0.3109162,0.58382064,-0.10818713,-0.41130605,-0.15302144,-0.023391813,-0.05360624,1.0,0.0,0.0,1.0,0.0,0.0,1.0,0.0,0.0
20260414_134505_905168,0,108,1.0996531248092651,-0.2588357031345367,0.5537871671663537,14.412862260923584,0.6425704315834957,1.3030123415878163,11.186818778514862,-4.546864453420028,0.1208024509165487,0.1340603865097416,0.02,0.05,0.0,carpet,12345,2458047581,0,0,0,2,2,2,-0.17240603,0.12034534,-0.030696288,0.7229741,0.25879627,0.5979573,-0.48047295,-0.5470514,0.29568312,0.70431685,-0.43105772,-0.27095518,-0.082846,-0.29239765,0.4639376,-0.4288499,-0.121832356,-0.59356725,1.0,0.0,0.0,1.0,0.0,0.0,1.0,0.0,0.0
20260414_134505_905168,0,109,1.0979828834533691,-0.2736170589923858,0.5767928099522299,14.989655070875813,0.6650221295574823,1.3467931526370904,1.478135585784912,-1.4833171840496249,0.1220466738610283,0.1204930443829909,0.02,0.05,0.0,carpet,12345,2458047581,0,0,0,2,2,2,-1.0,0.46037245,-0.80312604,-0.84147984,-0.024526682,-0.46233675,-0.23689999,-0.4736123,0.41633666,0.5836634,-0.2582391,-0.15302144,-0.015594542,-0.09746589,0.3840156,-0.3079922,0.21052632,-0.33333334,1.0,0.0,0.0,1.0,0.0,0.0,1.0,0.0,0.0
20260414_134505_905168,0,110,1.0989662408828735,-0.273553192615509,0.4035905451490795,15.393245616024892,0.4915375410543079,1.0084982050559006,-0.0063866376876831,-1.101792579590338,0.1227188949365039,0.1135021282315618,0.02,0.05,0.0,carpet,12345,2458047581,0,0,0,2,2,2,-0.712782,1.0,-0.2325856,-0.450373,0.04394735,-0.33037108,-0.20557618,-0.47570008,0.4322788,0.56772125,-0.20759782,-0.6023392,0.31578946,-0.4337232,-0.19298245,0.04191033,-0.26900584,-0.13937622,1.0,0.0,0.0,1.0,0.0,0.0,1.0,0.0,0.0
20260414_134505_905168,0,111,1.0917233228683472,-0.2352997213602066,-0.1166301020219268,15.276615514002964,-0.0769041679951975,-0.1999631275906352,-3.825347125530243,1.7618766235567165,0.1251878051927625,0.1441430701490608,0.02,0.0,0.0,carpet,12345,2458047581,0,0,0,2,2,2,-0.70046276,-0.9714734,0.25088614,0.30819762,-0.08046577,0.34161794,-0.9786153,-0.4744709,0.43220994,0.5677901,-0.21856697,-0.47465888,0.5292398,-0.20467836,-0.27387914,0.040935673,-0.20077972,-0.12962963,1.0,0.0,0.0,1.0,0.0,0.0,1.0,0.0,0.0
20260414_134505_905168,0,112,1.0962613821029663,-0.2903432548046112,0.5641367500777121,15.840752264080676,0.6031364053421242,1.226115990417142,5.50435334444046,2.692866758052787,0.1258143744318161,0.1283643564246089,0.02,0.0,0.0,carpet,12345,2458047581,0,0,0,2,2,2,0.5875269,0.15989612,0.13663344,-0.08469308,-0.51501995,-0.11426852,-0.24425545,-0.4835245,0.39095232,0.6090477,-0.34216785,-0.4093567,-0.37524366,0.17738791,0.13547759,-0.12962963,0.18518518,-0.6052632,1.0,0.0,0.0,1.0,0.0,0.0,1.0,0.0,0.0
20260414_134505_905168,0,113,1.0324764251708984,-0.1989448368549347,-0.7169171904669935,15.123835073613682,-0.6745504902200307,-1.3653734559290598,-9.139841794967651,3.319083106178254,0.1443233607160372,0.1586872835071818,0.02,0.0,0.0,carpet,12345,2458047581,0,0,0,2,2,2,0.74099857,-0.2307449,0.42637697,1.0,-0.58406335,-0.6665542,-0.58571297,-0.47785196,0.45031855,0.5496815,-0.20866318,0.3177388,0.028265107,0.02534113,-0.06042885,-0.28362572,-0.06920078,-0.15302144,1.0,0.0,0.0,1.0,0.0,0.0,1.0,0.0,0.0
20260414_134505_905168,0,114,1.0673446655273438,-0.2561854422092438,0.1400262011671394,15.26386127478082,0.1830692522620147,0.4069850419109286,5.724060535430908,2.4230558065013668,0.1485217737334171,0.163817474430672,0.02,0.0,0.0,carpet,12345,2458047581,0,0,0,2,2,2,-0.27005923,-0.1920649,-0.577235,0.6006538,1.0,-0.11238114,-0.3833164,-0.55758315,0.35174236,0.6482576,-0.3538705,0.41423002,-0.18615985,0.13937622,0.30701753,-0.34990254,-0.33528265,-0.3489279,1.0,0.0,0.0,1.0,0.0,0.0,1.0,0.0,0.0
20260414_134505_905168,0,115,1.213482141494751,-0.3386558890342712,0.9646379042366,16.22849917901742,1.0,2.3669999520588902,8.247044682502747,3.4432626059231666,0.1110842690891112,0.0850733770897779,0.02,0.0,0.0,carpet,12345,2458047581,0,0,0,2,2,2,-0.5663925,-0.76669604,-1.0,-0.4348091,0.23579873,0.4028085,0.06978325,-0.51399785,0.41347823,0.5865218,-0.29320693,-0.13937622,-0.047758285,-0.3148148,0.32456142,0.091617934,-0.19590643,-0.2816764,1.0,0.0,0.0,1.0,0.0,0.0,1.0,0.0,0.0
20260414_134505_905168,0,116,1.2469643354415894,-0.3268091976642608,0.7049473453535375,16.933446524370957,0.732862912714823,1.4790826797939047,-1.1846691370010376,3.91384708066117,0.0791556736128543,0.0,0.02,0.0,0.0,carpet,12345,2458047581,0,0,0,2,2,2,-0.32577264,-0.6296527,-0.91490066,-0.6875481,-0.08297188,0.5125144,0.4776534,-0.331326,0.5024253,0.49757472,-0.008724268,-0.29532164,-0.06725146,-0.331384,-0.17153996,0.14619882,0.18031189,0.0029239766,1.0,0.0,0.0,1.0,0.0,0.0,1.0,0.0,0.0
20260414_134505_905168,0,117,1.2342864274978638,-0.3337637782096863,0.6062843608568546,17.53973088522781,0.6323982171697745,1.2831765234810604,0.6954580545425415,5.396986731732866,0.061138563129199,0.0,0.02,0.0,0.0,carpet,12345,2458047581,0,0,0,2,2,2,0.111232154,-0.50824916,-0.51553464,-0.28139296,-0.2362048,-0.088101506,0.30562901,-0.28947324,0.48964828,0.5103518,0.10294746,-0.19005848,-0.091617934,-0.331384,-0.18031189,0.0038986355,0.24269006,0.2534113,1.0,0.0,0.0,1.0,0.0,0.0,1.0,0.0,0.0
20260414_134505_905168,0,118,1.1744210720062256,-0.3394315540790558,0.5145632044864259,18.05429408971424,0.5405521996641249,1.1040767893450436,0.5667775869369507,5.274947530660768,0.0598899517769907,0.0,0.02,0.0,0.0,carpet,12345,2458047581,0,0,0,2,2,2,0.3800713,-0.48139137,-0.7114104,-0.6639338,-0.7601765,-0.65897954,-0.12808777,-0.30532065,0.49714902,0.502851,0.086112514,0.07797271,-0.25438598,-0.2729045,-0.12865497,-0.03606238,0.019493178,0.21247563,1.0,0.0,0.0,1.0,0.0,0.0,1.0,0.0,0.0
20260414_134505_905168,0,119,1.1903882026672363,-0.3251944184303283,0.1908747895230073,18.245168879237244,0.2164765132259437,0.4721292007905902,-1.4237135648727417,7.112450187380418,0.0560172370293636,0.0,0.02,0.0,0.0,carpet,12345,2458047581,0,0,0,2,2,2,-0.051957417,-0.31170785,-0.11879834,0.7134786,0.70964956,-0.46192977,0.74443966,-0.38015231,0.5032619,0.4967381,-0.034474302,0.2300195,-0.2563353,-0.30506822,-0.13645224,-0.040935673,0.0116959065,-0.04191033,1.0,0.0,0.0,1.0,0.0,0.0,1.0,0.0,0.0
20260414_134505_905168,0,120,1.282114028930664,-0.2884218096733093,-0.2880313476592415,17.957137531578002,-0.2642145222218156,-0.5652183183325405,-3.677260875701904,6.140246827136949,0.0381682543742584,0.0,0.02,0.0,0.0,carpet,12345,2458047581,0,0,0,2,2,2,-0.52522326,0.1731156,-0.76481044,0.23779595,-0.7109141,0.9665665,0.5327923,-0.36019343,0.4879067,0.51209337,0.063030325,-0.037037037,-0.20467836,-0.13352826,0.19688109,0.2982456,-0.3128655,0.4454191,1.0,0.0,0.0,1.0,0.0,0.0,1.0,0.0,0.0
20260414_134505_905168,0,121,1.1168657541275024,-0.3196220993995666,0.1317753851370601,18.088912916715064,0.1569710279010471,0.3560935044070419,3.1200289726257324,4.1293403794851,0.0519564276398698,0.0,0.02,0.0,0.0,carpet,12345,2458047581,0,0,0,2,2,2,0.25293994,-0.7318198,0.18754034,-0.8008692,-0.5993219,-0.6130539,-0.27219012,-0.24553624,0.44824624,0.5517538,0.17233853,-0.32066277,0.11208577,-0.43664718,0.16374269,-0.4337232,0.51949316,0.29922026,1.0,0.0,0.0,1.0,0.0,0.0,1.0,0.0,0.0
20260414_134505_905168,0,122,1.1480493545532229,-0.3239882886409759,0.1415167736615964,18.23042969037666,0.1672947996617965,0.3762248593405033,0.4366189241409302,3.026482559031699,0.0577802600020017,0.0,0.02,0.0,0.0,carpet,12345,2458047581,0,0,0,2,2,2,0.672933,-0.031434044,0.7583484,-0.7100282,0.9246098,0.32973456,0.2861544,-0.45209646,0.48189673,0.51810324,-0.08045587,0.1491228,-0.44931775,0.1471735,-0.25438598,-0.29337233,0.18323587,-0.13547759,1.0,0.0,0.0,1.0,0.0,0.0,1.0,0.0,0.0
20260414_134505_905168,0,123,1.2667827606201172,-0.2960820198059082,-0.2115928249635977,18.01883686541306,-0.1874297827545184,-0.4154880763713109,-2.790626883506775,1.3278179591793275,0.0416304220907932,0.0,0.02,0.0,0.0,carpet,12345,2458047581,0,0,0,2,2,2,0.4249327,0.29461592,0.91247743,-0.48404256,0.6648755,0.6279129,0.7251643,-0.41311702,0.48660585,0.5133942,0.0032192583,0.3508772,-0.17251462,0.33723196,-0.50584793,0.36159843,0.1208577,0.1471735,1.0,0.0,0.0,1.0,0.0,0.0,1.0,0.0,0.0
20260414_134505_905168,0,124,1.277061104774475,-0.2874527871608734,-0.3177801928148377,17.701056672598224,-0.2447932684124896,-0.5273468734043547,-0.862923264503479,-0.3036057035700708,0.0298692440234812,0.0,0.02,0.05,0.0,carpet,12345,2458047581,0,0,0,2,2,2,-0.3373469,-0.22969079,-0.90396684,0.54686046,-0.72402996,0.6166442,0.89032084,-0.26470023,0.45650804,0.5434921,0.17496897,0.2417154,-0.114035085,0.3362573,-0.49610138,0.32261208,0.24561404,0.41325536,1.0,0.0,0.0,1.0,0.0,0.0,1.0,0.0,0.0
20260414_134505_905168,0,125,1.1595048904418943,-0.3292011022567749,0.2329797830676137,17.934036455665836,0.3067680627406519,0.6481977223442712,4.174831509590149,-0.1275371820163897,0.0378827967303816,0.0,0.02,0.05,0.0,carpet,12345,2458047581,0,0,0,2,2,2,-0.09848178,-0.7941051,-0.5537654,-0.9533394,1.0,-0.6967952,0.06873483,-0.25185233,0.44720113,0.5527989,0.22405513,-0.16764133,-0.057504874,-0.4093567,0.33820662,-0.4454191,0.35964912,0.5311891,1.0,0.0,0.0,1.0,0.0,0.0,1.0,0.0,0.0
20260414_134505_905168,0,126,1.1768198013305664,-0.3218348622322082,0.1050516870083316,18.039088142674167,0.129226815971302,0.3019922911440389,-0.736624002456665,0.7396734274601897,0.0417512896297038,0.0,0.02,0.0,0.0,carpet,12345,2458047581,0,0,0,2,2,2,-0.8676907,0.51118946,-0.13958275,0.7803114,-0.6077145,-0.8108408,1.0,-0.3987976,0.492228,0.507772,-0.052539255,-0.04483431,-0.2417154,-0.2602339,-0.44834307,0.6111111,-0.36647174,0.05360624,1.0,0.0,0.0,1.0,0.0,0.0,1.0,0.0,0.0
20260414_134505_905168,0,127,1.161157250404358,-0.3716392517089844,0.7042914922501525,18.74337963492432,0.7290276693730413,1.4716039552774305,4.980438947677612,1.8551838783305783,0.0473617712288871,0.0,0.02,0.0,0.0,carpet,12345,2458047581,0,0,0,2,2,2,-0.49825674,0.41063878,0.3884661,0.8334328,0.8193907,0.41749653,0.1776631,-0.37715396,0.4842833,0.51571673,0.07948258,-0.5497076,0.23781677,-0.1471735,0.44152048,-0.34502923,-0.4649123,0.6150097,1.0,0.0,0.0,1.0,0.0,0.0,1.0,0.0,0.0
20260414_134505_905168,0,128,1.1229617595672607,-0.3402497470378876,0.1120604858858812,18.8554401208102,0.1379309485541809,0.3189653496806528,-3.13895046710968,1.7979243686707278,0.0587046266829972,0.0,0.02,0.0,0.0,carpet,12345,2458047581,0,0,0,2,2,2,0.35129762,-0.77439606,0.6424318,0.8540622,-0.38306507,-0.11587854,-0.5153758,-0.39673215,0.537999,0.4620011,-0.06008357,-0.3576998,0.19005848,-0.116959065,0.42592594,-0.18031189,0.028265107,0.081871346,1.0,0.0,0.0,1.0,0.0,0.0,1.0,0.0,0.0
20260414_134505_905168,0,129,1.0956389904022217,-0.3288516700267792,-0.027360163820524,18.82807995698968,0.0,-0.0457279130172167,-1.1398077011108398,2.167684532024822,0.0736016382052399,0.0,0.02,0.0,0.0,carpet,12345,2458047581,0,0,0,2,2,2,0.2079324,-0.5690262,0.8388698,0.85956967,-0.5348721,-0.9175921,-0.12252859,-0.44447652,0.5041444,0.4958557,-0.19492832,0.20565303,-0.51072127,0.2982456,0.43079922,-0.2534113,-0.040935673,-0.2982456,1.0,0.0,0.0,1.0,0.0,0.0,1.0,0.0,0.0
20260414_134505_905168,0,130,1.183196783065796,-0.3795993626117706,0.5806552444406338,19.40873520143031,0.6073827589035232,1.2343963798618702,5.0747692584991455,3.929427785291047,0.067275144628894,0.0,0.02,0.0,0.0,carpet,12345,2458047581,0,0,0,2,2,2,-0.62566507,-0.16740535,0.32390097,0.4851361,0.16746183,-0.11269964,0.55511487,-0.47862998,0.49185115,0.5081489,-0.17171204,0.11306043,-0.460039,0.30604288,0.43469787,-0.3011696,-0.35964912,-0.056530215,1.0,0.0,0.0,1.0,0.0,0.0,1.0,0.0,0.0
20260414_134505_905168,0,131,1.1472898721694946,-0.3780611157417297,0.4024232306882784,19.81115843211859,0.4294056990489139,0.8873411131453821,-0.1538246870040893,4.168571176092158,0.0698246836063549,0.0,0.02,0.0,0.0,carpet,12345,2458047581,0,0,0,2,2,2,-0.55263543,-0.019640524,0.41508928,-0.46904966,-0.51861227,-0.32476416,-0.03716809,-0.36918268,0.5465842,0.4534158,0.00944609,-0.39863548,-0.13157895,0.16959064,0.24853802,0.0,-0.1491228,0.30994153,1.0,0.0,0.0,1.0,0.0,0.0,1.0,0.0,0.0
20260414_134505_905168,0,132,1.1423354148864746,-0.3741879761219024,0.2387091249720058,20.0498675570906,0.2659883817247955,0.5686773443633513,-0.387313961982727,4.43525622931147,0.0727925675278971,0.0,0.02,0.0,0.0,carpet,12345,2458047581,0,0,0,2,2,2,-0.049783688,0.29250768,0.26525685,0.90502465,-0.1430119,-0.6146546,0.15008937,-0.4140663,0.54492515,0.4550749,-0.08217792,-0.3908382,-0.057504874,0.2602339,-0.16861598,-0.2134503,-0.1539961,0.0029239766,1.0,0.0,0.0,1.0,0.0,0.0,1.0,0.0,0.0
20260414_134505_905168,0,133,1.2304418087005615,-0.3520905673503876,-0.0647009646676139,19.985166592422978,-0.0389370312899276,-0.1259272110153588,-2.2097408771514893,2.8377250630186808,0.0576393337768632,0.0,0.02,0.0,0.0,carpet,12345,2458047581,0,0,0,2,2,2,0.64949054,-0.45523867,-0.7859358,-0.11963879,-0.89301556,0.3277761,0.846275,-0.4202594,0.5407478,0.4592522,-0.08304836,-0.08089668,0.05360624,0.07017544,0.32163742,-0.12378167,-0.32358673,0.10136452,1.0,0.0,0.0,1.0,0.0,0.0,1.0,0.0,0.0
20260414_134505_905168,0,134,1.1858038902282717,-0.3844367563724518,0.3150994919478403,20.30026608437082,0.3406201627128637,0.7142093172900843,3.234618902206421,3.2329690306281123,0.055206707650234,0.0,0.02,0.0,0.0,carpet,12345,2458047581,0,0,0,2,2,2,-0.8123829,0.044341795,-0.051686417,-0.45679596,0.82024574,0.2787523,-0.0317337,-0.3101264,0.5169151,0.48308498,0.15788062,0.40350878,-0.18226121,-0.18128654,0.0331384,-0.47368422,0.19688109,0.4853801,1.0,0.0,0.0,1.0,0.0,0.0,1.0,0.0,0.0
20260414_134505_905168,0,135,1.1666696071624756,-0.3692165613174438,0.028236899451597,20.32850298382241,0.0539241597909599,0.1551521115923719,-1.5220195055007937,3.433849055237701,0.0568726033936291,0.0,0.02,0.0,0.0,carpet,12345,2458047581,0,0,0,2,2,2,-0.2500273,0.41464,-0.22893257,-0.5509696,0.21723679,0.74599105,-0.62357306,-0.3659238,0.5518015,0.44819856,-0.017468972,-0.48440546,0.05165692,-0.02534113,-0.31578946,0.4093567,0.13645224,-0.0331384,1.0,0.0,0.0,1.0,0.0,0.0,1.0,0.0,0.0
20260414_134505_905168,0,136,1.052547574043274,-0.3343651592731476,-0.3896211097157847,19.93888187410663,-0.3614979320067321,-0.7549209674131276,-3.4851402044296265,1.4445317079627031,0.0812317770905253,0.0,0.02,0.0,0.0,carpet,12345,2458047581,0,0,0,2,2,2,0.05494271,0.57767546,-0.12959954,0.6434147,-0.79472136,-0.5908055,-0.6513867,-0.38984165,0.535386,0.46461403,-0.097505726,-0.15789473,0.2319688,-0.15497077,-0.3196881,0.12670565,0.41910332,-0.38499025,1.0,0.0,0.0,1.0,0.0,0.0,1.0,0.0,0.0
20260414_134505_905168,0,137,1.183626651763916,-0.3935331106185913,0.4153054284848785,20.35418730259151,0.4425682349108942,0.913008058076244,5.916795134544373,1.4701986528935649,0.0726280642601569,0.0,0.02,0.0,0.0,carpet,12345,2458047581,0,0,0,2,2,2,0.82284796,-0.379002,-0.54958105,0.8328627,0.6861065,0.4850953,0.055059295,-0.5324942,0.49779764,0.5022024,-0.25246447,-0.02534113,0.25048733,-0.16276804,0.3557505,-0.4337232,-0.05945419,-0.38109162,1.0,0.0,0.0,1.0,0.0,0.0,1.0,0.0,0.0
20260414_134505_905168,0,138,1.0945755243301392,-0.3530910313129425,-0.1702230164953269,20.18396428609618,-0.1416902251712993,-0.3262959390840336,-4.04420793056488,0.57522536944618,0.0853279132402768,0.0,0.02,0.0,0.0,carpet,12345,2458047581,0,0,0,2,2,2,0.28011557,-0.60789776,0.060095903,1.0,-0.89936423,-1.0,0.1312357,-0.36864537,0.5616122,0.43838784,-0.028039409,0.50292397,-0.20662768,-0.30214426,0.4074074,-0.14814815,0.20565303,0.0009746589,1.0,0.0,0.0,1.0,0.0,0.0,1.0,0.0,0.0
20260414_134505_905168,0,139,1.0937196016311646,-0.3798130452632904,0.1618777014380661,20.345841987534246,0.1914504586900865,0.4233283944456687,2.67220139503479,1.1244809749072076,0.0957275725202036,0.0,0.02,0.0,0.0,carpet,12345,2458047581,0,0,0,2,2,2,-0.31226996,0.9658681,0.06385243,-0.87944335,-0.23660684,-0.2856092,0.15328676,-0.4799593,0.5179941,0.48200592,-0.10549451,0.16081871,-0.3723197,0.028265107,0.58382064,-0.47563353,-0.34697855,0.09454191,1.0,0.0,0.0,1.0,0.0,0.0,1.0,0.0,0.0
20260414_134505_905168,0,140,1.0908266305923462,-0.3750084638595581,0.0451165632992054,20.390958550833453,0.0755803901235619,0.1973817607409458,-0.48045814037323,0.6076534183580691,0.1046382682435647,0.0,0.02,0.0,0.0,carpet,12345,2458047581,0,0,0,2,2,2,-0.11066235,0.47795466,-0.0887579,-0.0118037835,0.4773067,-0.71547985,0.3256204,-0.48102912,0.5468147,0.45318538,-0.10257723,-0.21442495,0.53411305,0.023391813,-0.4122807,-0.10038986,-0.16666667,0.081871346,1.0,0.0,0.0,1.0,0.0,0.0,1.0,0.0,0.0
20260414_134505_905168,0,141,1.220571517944336,-0.3971025347709656,0.3054590143792215,20.69641756521268,0.3335323555594311,0.7003880933408908,2.209407091140747,1.152889400106588,0.0807334118020965,0.0,0.02,0.0,0.0,carpet,12345,2458047581,0,0,0,2,2,2,1.0,0.41144544,-0.6735208,-0.24959481,0.31569523,0.12939627,0.7718199,-0.48464537,0.5416328,0.45836726,-0.097149335,-0.062378168,0.33723196,-0.07212476,-0.07212476,0.23879142,-0.45614034,0.19395712,1.0,0.0,0.0,1.0,0.0,0.0,1.0,0.0,0.0
20260414_134505_905168,0,142,1.2272388935089111,-0.3953153491020202,0.1944726829198581,20.89089024813253,0.2208263734779686,0.4806114282820388,-0.1787185668945312,2.3884217958017544,0.0635369055811054,0.0,0.02,0.0,0.0,carpet,12345,2458047581,0,0,0,2,2,2,0.6824761,0.03228092,-0.7660463,0.33860853,-0.5332514,0.9958096,0.12109369,-0.3224643,0.56546193,0.4345381,0.13577296,0.59161794,0.25925925,-0.33333334,-0.16374269,0.15497077,0.0058479533,0.44249514,1.0,0.0,0.0,1.0,0.0,0.0,1.0,0.0,0.0
20260414_134505_905168,0,143,1.2187957763671875,-0.4023900330066681,0.2245625083129303,21.115452756445464,0.2499105993988341,0.5373256688277266,0.7074683904647827,2.012739406553237,0.0534809108590383,0.0,0.02,0.0,0.0,carpet,12345,2458047581,0,0,0,2,2,2,0.4664808,0.76068753,-0.016662056,0.6677815,0.20137964,0.80256957,-0.17916888,-0.31413,0.56353444,0.43646562,0.061527103,0.4502924,0.09454191,-0.39473686,0.20467836,-0.35380116,0.50097466,0.04191033,1.0,0.0,0.0,1.0,0.0,0.0,1.0,0.0,0.0
20260414_134505_905168,0,144,1.1695263385772705,-0.4104678928852081,0.2590810591637648,21.37453381560923,0.2845849992739988,0.6049407485842977,0.8077859878540039,2.9439760942215685,0.0550394011023402,0.0,0.02,0.0,0.0,carpet,12345,2458047581,0,0,0,2,2,2,-0.4509289,1.0,-0.26242673,-0.5080174,-0.5094211,-0.4203232,-0.49046135,-0.32468396,0.57116467,0.42883536,0.021023627,0.28070176,0.33918127,-0.2602339,0.26900584,-0.22807017,0.4814815,-0.114035085,1.0,0.0,0.0,1.0,0.0,0.0,1.0,0.0,0.0
20260414_134505_905168,0,145,1.19603431224823,-0.4272610545158386,0.3971762395071588,21.771710055116387,0.4223254370276831,0.873534602203982,1.679316163063049,3.394182301979882,0.0514919752052424,0.0,0.02,0.0,0.0,carpet,12345,2458047581,0,0,0,2,2,2,0.21487777,-1.0,0.9292779,0.80685425,0.55880916,0.5322564,-0.039367694,-0.3862707,0.57987696,0.4201231,-0.07512803,-0.28654972,0.5760234,-0.16276804,-0.21929824,-0.22222222,0.1871345,-0.26705652,1.0,0.0,0.0,1.0,0.0,0.0,1.0,0.0,0.0
20260414_134505_905168,0,146,1.1223498582839966,-0.3903875350952148,-0.1373462739431649,21.63436378117322,-0.1111215558269793,-0.2666870338626097,-3.687351942062378,2.9301135073763263,0.0622471811618554,0.0,0.02,0.0,0.0,carpet,12345,2458047581,0,0,0,2,2,2,0.27108222,-0.42057618,0.41051707,-0.73028743,-0.9639449,0.3139531,-1.0,-0.35313576,0.5979889,0.40201116,-0.011552874,0.14619882,-0.59551656,0.5477583,0.02631579,0.02534113,0.24269006,-0.05263158,1.0,0.0,0.0,1.0,0.0,0.0,1.0,0.0,0.0
20260414_134505_905168,0,147,1.024967074394226,-0.3604041039943695,-0.4905681987624453,21.14379558241077,-0.4613338732913286,-0.9496010529180908,-2.9983431100845337,1.2801243611173447,0.092343254711167,0.0,0.02,0.0,0.0,carpet,12345,2458047581,0,0,0,2,2,2,-0.95052886,0.52302164,0.18027227,-0.58345294,0.24464543,-0.8542132,-0.52368975,-0.44524136,0.5582196,0.44178045,-0.20169714,0.14424951,-0.2748538,0.291423,-0.1920078,-0.2768031,0.25730994,-0.588694,1.0,0.0,0.0,1.0,0.0,0.0,1.0,0.0,0.0
20260414_134505_905168,0,148,1.0958151817321775,-0.420570969581604,0.3504222679190676,21.494217850329843,0.3804978717909211,0.7919708499922962,6.01668655872345,1.591483782827602,0.1007560387185339,0.0,0.02,0.0,0.0,carpet,12345,2458047581,0,0,0,2,2,2,0.00530943,-0.8276794,0.5468971,-0.6448948,-0.025995944,0.56341815,-0.28325197,-0.5669699,0.52588147,0.47411856,-0.2643591,-0.58576995,0.3128655,0.09356725,-0.3362573,0.18421052,-0.42592594,-0.3079922,1.0,0.0,0.0,1.0,0.0,0.0,1.0,0.0,0.0
20260414_134505_905168,0,149,1.1150834560394287,-0.4296944141387939,0.3656797916764874,21.85989764200633,0.3959303853456241,0.8220642514239671,0.912344455718994,1.8762223654238424,0.1025059366913667,0.0,0.02,0.0,0.0,carpet,12345,2458047581,0,0,0,2,2,2,-0.7312599,1.0,-0.0030978222,0.8666771,-0.5078862,-0.1777066,0.44011417,-0.47840968,0.5907734,0.4092266,-0.10300455,0.027290449,-0.39668617,0.3869396,-0.37037036,-0.031189084,0.2797271,-0.20760234,1.0,0.0,0.0,1.0,0.0,0.0,1.0,0.0,0.0
20260414_134505_905168,0,150,1.1597678661346436,-0.441873162984848,0.4173705448059127,22.277268186812243,0.4466753383176037,0.9210169097193271,1.2178748846054075,2.192298526558872,0.0930479351169098,0.0,0.02,0.0,0.0,carpet,12345,2458047581,0,0,0,2,2,2,-0.5027833,-0.6115613,0.9127201,0.23506743,0.39071792,0.5283339,0.4296705,-0.45432433,0.60061336,0.3993867,0.02635301,-0.4668616,0.4649123,-0.09356725,0.39766082,-0.3294347,-0.10331384,0.2651072,1.0,0.0,0.0,1.0,0.0,0.0,1.0,0.0,0.0
20260414_134505_905168,0,151,1.2523765563964844,-0.3892067372798919,-0.3219924523054203,21.955275734506824,-0.2953322873509737,-0.6258979603343988,-5.2666425704956055,0.6928659640204913,0.0666016495444659,0.0,0.02,0.0,0.0,carpet,12345,2458047581,0,0,0,2,2,2,-0.6651453,-0.19020481,-0.35603064,-0.96133274,0.31355226,0.7568288,0.8524105,-0.39846888,0.61374855,0.3862515,0.06917412,-0.29922026,-0.36842105,0.5302144,0.05360624,-0.1159844,0.20077972,0.23879142,1.0,0.0,0.0,1.0,0.0,0.0,1.0,0.0,0.0
20260414_134505_905168,0,152,1.1595985889434814,-0.4157100021839142,0.0467304900807382,22.00200622458756,0.0734144371024373,0.1931581523497527,2.6503264904022217,1.1527111502328538,0.0668394702169904,0.0,0.02,0.0,0.0,carpet,12345,2458047581,0,0,0,2,2,2,-0.26198408,-0.75244635,-0.078272335,1.0,0.6898205,0.33469468,-0.8159827,-0.282708,0.55694604,0.443054,0.2527761,-0.39376217,-0.05945419,0.07212476,-0.5116959,0.1871345,0.35380116,0.47465888,1.0,0.0,0.0,1.0,0.0,0.0,1.0,0.0,0.0
20260414_134505_905168,0,153,1.2301408052444458,-0.43752121925354,0.3029108946939156,22.30491711928148,0.3282815594886979,0.6901490410029609,2.181121706962585,2.7924612441539054,0.0537066479478228,0.0,0.02,0.0,0.0,carpet,12345,2458047581,0,0,0,2,2,2,-0.49315104,-0.042750947,0.6658063,-0.09968789,0.68103963,0.22593716,0.5622909,-0.3986804,0.5855307,0.41446936,-0.11574485,-0.14522417,-0.4220273,-0.06725146,0.2777778,0.35477582,0.19103314,-0.49415204,1.0,0.0,0.0,1.0,0.0,0.0,1.0,0.0,0.0
20260414_134505_905168,0,154,0.9837736487388612,-0.389067679643631,-0.3595052016418857,21.9454119176396,-0.3301162612797474,-0.6937267094955075,-4.845353960990906,1.3067636846661017,0.0938894036213825,0.0,0.02,0.0,0.0,carpet,12345,2458047581,0,0,0,2,2,2,0.77882415,0.49503988,-0.3938708,-0.049959734,-0.045620736,-0.99023277,-0.8008363,-0.31050262,0.6090548,0.39094523,0.16681834,-0.33723196,-0.19980507,0.25243664,-0.104288496,0.37719297,0.10818713,0.31676415,1.0,0.0,0.0,1.0,0.0,0.0,1.0,0.0,0.0
20260414_134505_905168,0,155,1.0569733381271362,-0.4408661425113678,0.3404508800196121,22.28586279765921,0.3716238664470717,0.7746665395717898,5.179846286773682,1.2593659728139244,0.1117298642745952,0.0,0.02,0.0,0.0,carpet,12345,2458047581,0,0,0,2,2,2,-0.20692559,-0.4682653,-0.12358092,0.11223005,0.16176377,-0.6027887,0.9336451,-0.6184616,0.5567961,0.44320396,-0.3065796,0.4434698,0.22222222,-0.30019492,0.007797271,0.06822612,-0.30214426,-0.46101364,1.0,0.0,0.0,1.0,0.0,0.0,1.0,0.0,0.0
20260414_134505_905168,0,156,1.0993436574935913,-0.4645673334598541,0.5446872220374583,22.830550019696663,0.5761690658415415,1.173529678391006,2.370119094848633,1.511878741485603,0.1148184380408311,0.0,0.02,0.0,0.0,carpet,12345,2458047581,0,0,0,2,2,2,-0.2239447,-0.15806103,0.79682106,0.11351695,0.119194604,0.0016883456,0.739895,-0.526962,0.61266243,0.38733763,0.04333085,-0.116959065,-0.20077972,-0.031189084,0.074074075,0.078947365,-0.41423002,0.5594542,1.0,0.0,0.0,1.0,0.0,0.0,1.0,0.0,0.0
20260414_134505_905168,0,157,1.088649868965149,-0.468965083360672,0.4500984425182298,23.28064846221489,0.4820979519557423,0.9900910063136976,0.4397749900817871,3.1278677081336994,0.1199950943751249,0.0,0.02,0.0,0.0,carpet,12345,2458047581,0,0,0,2,2,2,-0.8824199,-0.40020913,0.3209013,0.02874729,0.44548404,-0.2460453,0.4689106,-0.4739991,0.63822496,0.3617751,0.06975386,-0.15107213,-0.16276804,0.36062378,0.019493178,0.022417154,-0.08382066,0.43079922,1.0,0.0,0.0,1.0,0.0,0.0,1.0,0.0,0.0
20260414_134505_905168,0,158,1.1316102743148804,-0.4790909886360168,0.453723418483251,23.734371880698145,0.4849825059584083,0.9957158866188962,1.0125905275344849,3.930425442402843,0.1125908747515724,0.0,0.02,0.0,0.0,carpet,12345,2458047581,0,0,0,2,2,2,0.62930053,0.47829527,-0.56398356,0.19895376,0.5279257,1.0,0.19105865,-0.4873663,0.64296806,0.357032,0.023274126,-0.5243665,-0.19493178,0.21247563,-0.021442495,0.20272905,-0.17348927,0.2816764,1.0,0.0,0.0,1.0,0.0,0.0,1.0,0.0,0.0
20260414_134505_905168,0,159,0.978336751461029,-0.4287898540496826,-0.2712046008668289,23.46316727983132,-0.2362776665098395,-0.5107414496941871,-5.030113458633423,2.729534951705695,0.1492693435698939,0.0,0.02,0.0,0.0,carpet,12345,2458047581,0,0,0,2,2,2,0.76643735,-0.3530451,0.14993936,-0.22784673,-1.0,-0.51272374,-0.73606,-0.43366584,0.6538892,0.34611085,0.028823333,0.36549708,0.2563353,-0.37524366,0.08674464,0.20272905,0.16276804,0.088693954,1.0,0.0,0.0,1.0,0.0,0.0,1.0,0.0,0.0
20260414_134505_905168,0,160,0.9646681547164916,-0.4240278601646423,-0.2703148900492265,23.19285238978209,-0.2318491971264849,-0.5021059343966456,-0.4761993885040283,2.9211557268045567,0.1846569292274157,0.0,0.02,0.0,0.0,carpet,12345,2458047581,0,0,0,2,2,2,0.17626597,0.5635826,-0.4138569,0.82009137,-0.293775,-0.2506925,-0.49063084,-0.6252578,0.59963775,0.40036228,-0.26309985,0.4668616,-0.2417154,0.10526316,-0.09356725,-0.16179337,-0.1159844,-0.42300195,1.0,0.0,0.0,1.0,0.0,0.0,1.0,0.0,0.0
20260414_134505_905168,0,161,0.9795202016830444,-0.4432932436466217,-0.0126083288318498,23.18024406095024,0.0282334032061529,0.1050551362519982,1.926538348197937,2.251544323484765,0.2084173203800277,0.0,0.02,0.0,0.0,carpet,12345,2458047581,0,0,0,2,2,2,0.93485445,0.80837715,0.6634207,0.08611014,-0.71363163,-0.014210321,-0.31192276,-0.6423435,0.5945018,0.40549827,-0.25623304,0.082846,0.29532164,-0.30506822,0.43469787,-0.19590643,-0.15107213,-0.30409357,1.0,0.0,0.0,1.0,0.0,0.0,1.0,0.0,0.0
20260414_134505_905168,0,162,0.9088849425315856,-0.3890390694141388,-0.7264721512633103,22.45377190968693,-0.629519489037473,-1.2775630036230723,-5.425417423248291,-0.1995483585293129,0.2538169688900604,0.0314193067366243,0.02,0.05,0.0,carpet,12345,2458047581,0,0,0,2,2,2,0.758729,-0.8584292,0.40851584,0.24163349,-0.6454612,-0.87024707,-0.34683037,-0.62377846,0.6152801,0.38471994,-0.1937535,0.5282651,0.29922026,-0.007797271,0.04191033,-0.3693957,0.0,-0.20272905,1.0,0.0,0.0,1.0,0.0,0.0,1.0,0.0,0.0
20260414_134505_905168,0,163,0.9144294261932372,-0.3995745778083801,-0.4321502002964964,22.02162170939044,-0.3306587399288568,-0.6947845428612709,1.0535508394241333,-1.8844239077042813,0.2885046670527741,0.0528198732472428,0.02,0.05,0.0,carpet,12345,2458047581,0,0,0,2,2,2,0.8099075,0.5355294,0.6428122,0.55661505,0.796446,-0.79333645,0.054312,-0.7120725,0.55676526,0.4432348,-0.27705976,0.49415204,-0.45906433,0.2729045,0.16374269,-0.3508772,-0.3957115,-0.19395712,1.0,0.0,0.0,1.0,0.0,0.0,1.0,0.0,0.0
20260414_134505_905168,0,164,0.923565685749054,-0.4296358227729797,-0.011799631685876,22.00982207770456,0.0925347266507882,0.230442716969037,3.006124496459961,-2.6496970773541406,0.3120397746555272,0.0626076174222305,0.02,0.05,0.0,carpet,12345,2458047581,0,0,0,2,2,2,0.4638459,-0.049457707,0.4290641,-0.5051673,-0.5618889,0.015742335,-0.17011967,-0.7051419,0.5681281,0.43187192,-0.23965746,0.48050684,-0.19395712,0.30019492,0.24366471,0.06920078,-0.5048733,0.027290449,1.0,0.0,0.0,1.0,0.0,0.0,1.0,0.0,0.0
20260414_134505_905168,0,165,0.9522973299026488,-0.4413207769393921,0.1082744816543799,22.11809655935894,0.212797893275429,0.4649558918870866,1.1684954166412354,-1.6739997357728669,0.3177168200639583,0.0550345922930652,0.02,0.05,0.0,carpet,12345,2458047581,0,0,0,2,2,2,1.0,-0.51501703,-0.7053394,-0.33232048,-0.71237534,0.6104323,-0.2499982,-0.6937216,0.6005501,0.39944988,-0.218086,0.27095518,-0.02631579,0.28070176,-0.2602339,-0.30409357,0.0038986355,-0.121832356,1.0,0.0,0.0,1.0,0.0,0.0,1.0,0.0,0.0
20260414_134505_905168,0,166,1.0606544017791748,-0.4689591825008392,0.4098820402194371,22.52797859957837,0.5075266963853813,1.0396770579514936,2.7638405561447144,-0.1322167434247276,0.2764465616594417,0.0,0.02,0.05,0.0,carpet,12345,2458047581,0,0,0,2,2,2,-0.91799694,0.6962881,-0.49116898,0.78089386,0.04269818,0.18147898,0.76450676,-0.657807,0.61315274,0.3868473,-0.16671614,0.622807,-0.23391813,0.11013645,-0.1588694,-0.42787525,0.3109162,-0.17641325,1.0,0.0,0.0,1.0,0.0,0.0,1.0,0.0,0.0
20260414_134505_905168,0,167,1.034433126449585,-0.4746156930923462,0.4010030193210466,22.92898161889942,0.4467541324365592,0.9211705582512906,0.5656510591506958,0.6838986785745647,0.2575111311551261,0.0,0.02,0.0,0.0,carpet,12345,2458047581,0,0,0,2,2,2,0.5753678,-0.5794425,0.941294,-0.15488447,-0.86816186,0.4616326,0.016240949,-0.5223607,0.6429617,0.35703835,0.069364056,-0.54385966,0.44249514,-0.31578946,0.331384,-0.18421052,0.031189084,0.44444445,1.0,0.0,0.0,1.0,0.0,0.0,1.0,0.0,0.0
20260414_134505_905168,0,168,1.125081181526184,-0.4705919921398163,0.2360154519647196,23.16499707086414,0.2770694332693455,0.5902853948752238,-0.4023700952529907,2.5517470770728607,0.2105398130462586,0.0,0.02,0.0,0.0,carpet,12345,2458047581,0,0,0,2,2,2,-0.9661992,-0.017895088,0.41832748,0.6878901,0.40879694,0.6779402,0.7756915,-0.5551373,0.64906245,0.3509376,-0.033280943,0.34405458,-0.39473686,0.5243665,-0.09844054,-0.49415204,0.28557506,0.007797271,1.0,0.0,0.0,1.0,0.0,0.0,1.0,0.0,0.0
20260414_134505_905168,0,169,0.880321204662323,-0.3388745784759521,-1.0570490437892244,22.107948027074915,-1.0,-2.850221295440185,-13.171741366386414,0.3963103244939461,0.2668007623861895,0.0,0.02,0.0103689675506053,0.0,carpet,12345,2458047581,0,0,0,2,2,2,-0.925407,-0.5673406,0.6452819,0.6490814,-0.813598,-1.0,-0.7113565,-0.4418272,0.64472276,0.3552773,0.15045154,-0.5808967,0.0009746589,0.20662768,0.21150097,-0.3177388,0.3196881,0.4434698,1.0,0.0,0.0,1.0,0.0,0.0,1.0,0.0,0.0
20260414_134505_905168,0,170,0.9113128185272216,-0.4023425579071045,-0.3590451687379635,21.74890285833695,-0.2569058901545294,-0.5509664858013323,6.346797943115234,-0.3850988782764233,0.3001602418025803,0.0424650880635203,0.02,0.05,0.0,carpet,12345,2458047581,0,0,0,2,2,2,0.38080248,0.28406456,0.5721592,0.7483617,0.7012646,0.75012237,-0.47784716,-0.74777716,0.50266117,0.49733883,-0.3896011,-0.55458087,-0.33040935,0.3723197,0.37816763,-0.44834307,-0.33918127,-0.42007798,1.0,0.0,0.0,1.0,0.0,0.0,1.0,0.0,0.0
20260414_134505_905168,0,171,1.0214632749557495,-0.4972405731678009,0.9308018901587424,22.67970474849569,0.9790900088032904,1.9592255171664164,9.48980152606964,1.1091707470029064,0.2798507028347652,0.0060609672214339,0.02,0.0,0.0,carpet,12345,2458047581,0,0,0,2,2,2,0.23547344,-0.20031543,-0.3925645,-0.7050058,0.085081995,0.6463204,-0.050786227,-0.70903766,0.57111347,0.42888656,-0.32533893,0.165692,-0.17641325,0.2563353,0.37134504,-0.22807017,-0.05263158,-0.331384,1.0,0.0,0.0,1.0,0.0,0.0,1.0,0.0,0.0
20260414_134505_905168,0,172,0.9997684359550476,-0.4828181862831116,0.4956301298759615,23.175334878371658,0.543004854234654,1.1088594657575754,-1.442238688468933,1.1783531548089885,0.2737472435869254,0.0,0.02,0.0,0.0,carpet,12345,2458047581,0,0,0,2,2,2,1.0,0.9532118,-0.9337246,-0.86534315,0.5145141,-0.17180824,-0.3297109,-0.5713496,0.67346406,0.32653597,-0.050064076,0.15789473,-0.062378168,-0.096491225,-0.34697855,0.046783626,0.31676415,-0.06140351,1.0,0.0,0.0,1.0,0.0,0.0,1.0,0.0,0.0
20260414_134505_905168,0,173,0.9854119420051576,-0.5284860134124756,0.9388309186931816,24.11416579706484,0.9863283474627088,1.973340277552282,4.566782712936401,2.23052287410998,0.2749742876952717,0.0,0.02,0.0,0.0,carpet,12345,2458047581,0,0,0,2,2,2,0.10532136,-0.2707928,-0.2860847,1.0,0.40196875,-0.07082159,-0.18058605,-0.5984681,0.6579091,0.34209096,-0.11957842,0.6072125,0.57894737,-0.56920075,-0.47563353,0.33333334,-0.06725146,-0.17933723,1.0,0.0,0.0,1.0,0.0,0.0,1.0,0.0,0.0
20260414_134505_905168,0,174,0.975965142250061,-0.5222752094268799,0.6057376616316548,24.719903458696493,0.6537103120637551,1.3247351085243224,-0.6210803985595703,2.9649725877590782,0.2797265043210029,0.0,0.02,0.0,0.0,carpet,12345,2458047581,0,0,0,2,2,2,-0.2746828,-0.59619325,0.42456672,0.39928758,-0.8945348,-0.73432535,0.17858212,-0.6164138,0.7071634,0.2928367,-0.1399914,0.096491225,-0.11890838,-0.17251462,0.33918127,0.16959064,-0.081871346,-0.124756336,1.0,0.0,0.0,1.0,0.0,0.0,1.0,0.0,0.0
20260414_134505_905168,1,0,1.3367919921875,0.3008985817432403,-0.3769929018998757,-0.3769929018998757,-0.3569929018998757,-0.7461361587047577,-2.9845446348190308,0.0,0.0,0.0,0.02,0.0,0.0,carpet,12345,2458047712,0,0,1,2,2,2,0.9482551217079164,0.3235585391521454,0.6131064295768738,-0.9005830883979797,-0.9201189279556274,-0.6083658337593079,0.6382355690002441,0.0,-0.0,1.0,0.0,-0.0038986355066299,-0.0077972710132598,-0.0155945420265197,0.0009746588766574,-0.0029239766299724,-0.0165692009031772,0.0077972710132598,1.0,0.0,0.0,1.0,0.0,0.0,1.0,0.0,0.0
20260414_134505_905168,1,1,1.2155232429504397,0.3329944610595703,-0.6928200522752909,-1.0698129541751666,-0.6728200522752908,-1.3619991019368172,-3.209587931632996,0.0,0.0,0.0,0.02,0.0,0.0,carpet,12345,2458047712,0,0,1,2,2,2,-0.4029371440410614,-0.2579630017280578,0.8783674836158752,-0.2239678800106048,0.5128613114356995,-0.4563789069652557,-0.7761268019676208,-0.0079309465363621,-0.0278655141592025,1.0,0.0750095397233963,0.5721247792243958,0.1803118884563446,0.3664717376232147,-0.4454191029071808,-0.149122804403305,-0.2787524461746216,0.3976608216762543,1.0,0.0,0.0,1.0,0.0,0.0,1.0,0.0,0.0
20260414_134505_905168,1,2,1.425331950187683,0.2774246335029602,0.1429468525449435,-0.9268661016302232,0.1629468525449435,0.3677463624626398,5.556982755661011,0.0,0.0,0.0,0.02,0.0,0.0,carpet,12345,2458047712,0,0,1,2,2,2,-0.9787748456001282,-0.9466851949691772,0.3965432345867157,0.7161802649497986,-0.3779205083847046,0.8591498136520386,0.0413932017982006,-0.1595169007778167,-0.057832159101963,1.0,-0.2932756543159485,-0.2397660762071609,-0.1198830381035804,0.5487329363822937,-0.1764132529497146,0.2719298303127289,-0.2758284509181976,-0.4688109159469604,1.0,0.0,0.0,1.0,0.0,0.0,1.0,0.0,0.0
20260414_134505_905168,1,3,1.3708244562149048,0.266546368598938,0.2352648176654027,-0.6916012839648203,0.2552648176654027,0.5477663944475353,1.0878264904022217,0.0,0.0,0.0,0.02,0.0,0.0,carpet,12345,2458047712,0,0,1,2,2,2,-0.4282137453556061,0.0263508446514606,-0.5076853036880493,0.0785256847739219,0.7794458866119385,-0.7121776938438416,-0.4286440908908844,0.1027439087629318,-0.005948815960437,1.0,0.0673200562596321,-0.5555555820465088,-0.4493177533149719,0.317738801240921,0.3927875161170959,-0.301169604063034,0.3820662796497345,-0.0175438597798347,1.0,0.0,0.0,1.0,0.0,0.0,1.0,0.0,0.0
20260414_134505_905168,1,4,1.3620432615280151,0.2676559686660766,0.1508127149524024,-0.5407885690124179,0.1708127149524024,0.3830847941571846,-0.1109600067138671,0.0,0.0,0.0,0.02,0.0,0.0,carpet,12345,2458047712,0,0,1,2,2,2,-0.6246373057365417,0.5919727087020874,0.6912992596626282,-0.6951318979263306,-0.6690841913223267,-1.0,0.6607728004455566,0.034609604626894,0.0042078010737895,0.9957921504974364,-0.09059739112854,-0.2582845985889435,0.032163742929697,-0.2865497171878814,0.0477582849562168,0.4707602262496948,-0.3674463927745819,-0.2514619827270508,1.0,0.0,0.0,1.0,0.0,0.0,1.0,0.0,0.0
20260414_134505_905168,1,5,1.348371148109436,0.2281597703695297,0.6045788807721766,0.0637903117597586,0.628060796426442,1.274718553031562,3.9496198296546936,0.4651808434573468,0.0,0.0,0.02,0.0034819156542653,0.0,carpet,12345,2458047712,0,0,1,2,2,2,-0.2490036487579345,-0.8190969824790955,-0.3424029946327209,-0.2274889796972274,-0.1736076027154922,-0.0153400842100381,0.253938615322113,0.0236331932246685,0.0031718113459646,0.9968281388282776,0.0559848248958587,-0.404483437538147,0.2982456088066101,0.376218318939209,-0.3674463927745819,0.0389863550662994,-0.539961040019989,0.4181286692619324,1.0,0.0,0.0,1.0,0.0,0.0,1.0,0.0,0.0
20260414_134505_905168,1,6,1.3608856201171875,0.2350261360406875,0.3566050117921669,0.4203953235519256,0.3766050117921669,0.7843797729947255,-0.6866365671157837,1.99569677515683,0.0,0.0,0.02,0.0,0.0,carpet,12345,2458047712,0,0,1,2,2,2,0.8632619380950928,0.3213135302066803,0.0807783305644989,-0.2351338267326355,-0.7030695676803589,-0.1873820126056671,0.4829954504966736,0.0065429685637354,0.0400478467345237,0.959952175617218,-0.0110642416402697,-0.1461988240480423,0.0165692009031772,0.2222222238779068,-0.1218323558568954,-0.1286549717187881,-0.0604288503527641,0.1335282623767852,1.0,0.0,0.0,1.0,0.0,0.0,1.0,0.0,0.0
20260414_134505_905168,1,7,1.4769352674484253,0.2524326741695404,0.0328827571921656,0.4532780807440912,0.0528827571921656,0.153121376524723,-1.7406538128852844,3.51081725361837,0.0,0.0,0.02,0.0,0.0,carpet,12345,2458047712,0,0,1,2,2,2,-0.6438107490539551,0.2924189865589142,-0.7507282495498657,0.8381361365318298,-0.0808013007044792,1.0,0.1587506085634231,0.0221860893070697,0.0336369983851909,0.9663629531860352,0.0433628298342227,0.5175438523292542,0.1676413267850875,0.0516569204628467,-0.0906432718038559,-0.3411306142807007,-0.1013645231723785,0.2797271013259887,1.0,0.0,0.0,1.0,0.0,0.0,1.0,0.0,0.0
20260414_134505_905168,1,8,1.4872961044311523,0.2621062994003296,-0.0594869735262499,0.3937911072178413,-0.0394869735262499,-0.1269995983761873,-0.9673625230789183,3.016071292779543,0.0,0.0,0.02,0.0,0.0,carpet,12345,2458047712,0,0,1,2,2,2,-0.545606791973114,0.8488558530807495,-0.6574884653091431,0.6985712647438049,-0.6463389992713928,0.4622357189655304,0.2779067754745483,0.1672481596469879,0.0173851978033781,0.982614815235138,0.1267680376768112,-0.3538011610507965,0.2602339088916778,-0.38791424036026,0.455165684223175,-0.1578947305679321,0.3732943534851074,0.0653021410107612,1.0,0.0,0.0,1.0,0.0,0.0,1.0,0.0,0.0
20260414_134505_905168,1,9,1.523248553276062,0.2866409718990326,-0.3577520570511362,0.0360390501667051,-0.3377520570511362,-0.7086165112497156,-2.4534672498703003,1.759688387082292,0.0,0.0,0.02,0.0,0.0,carpet,12345,2458047712,0,0,1,2,2,2,-0.9866702556610109,-0.055722426623106,-0.2632662057876587,0.4026152193546295,-0.3275547623634338,1.0,0.3212168514728546,0.1801992356777191,0.0083533097058534,0.9916467070579528,0.156079888343811,-0.3460038900375366,0.4873294234275818,-0.4054580926895141,0.4259259402751922,-0.3645224273204803,0.2787524461746216,0.1647173464298248,1.0,0.0,0.0,1.0,0.0,0.0,1.0,0.0,0.0
20260414_134505_905168,1,10,1.3367758989334106,0.2408054172992706,0.2694494777214166,0.3054885278881217,0.2894494777214166,0.6144264815567624,4.583555459976196,1.9910300744818696,0.0,0.0,0.02,0.0,0.0,carpet,12345,2458047712,0,0,1,2,2,2,0.1575487703084945,-0.4755268692970276,0.8603508472442627,0.3913409113883972,-0.7448341250419617,-0.935486376285553,-0.4963782131671905,0.2251398116350174,-0.0145537368953228,1.0,0.209330752491951,-0.5614035129547119,0.0653021410107612,-0.1111111119389534,0.2446393817663192,-0.2514619827270508,0.5224171280860901,0.161793366074562,1.0,0.0,0.0,1.0,0.0,0.0,1.0,0.0,0.0
20260414_134505_905168,1,11,1.555158019065857,0.3588034510612488,-1.07,-0.7645114721118784,-1.0,-2.489130982881875,-11.799803376197817,-1.7728194614315669,0.0,0.0,0.02,0.05,0.0,carpet,12345,2458047712,0,0,1,2,2,2,-0.3033719658851623,0.3791502714157104,-0.6648685932159424,-0.5209783315658569,0.5637544989585876,0.7506030201911926,0.93429833650589,-0.0079509736970067,0.0282411072403192,0.9717589020729064,-0.1313769221305847,0.0633528232574462,-0.3547758162021637,0.4317738711833954,0.2534112930297851,-0.3918128609657287,-0.0974658876657486,-0.2787524461746216,1.0,0.0,0.0,1.0,0.0,0.0,1.0,0.0,0.0
20260414_134505_905168,1,12,1.4399713277816772,0.2849248945713043,-0.0702942031355721,-0.8348056752474506,0.0,-0.0198843249128088,7.387855648994446,-2.5770835593391013,0.0,0.0058840627114433,0.02,0.05,0.0,carpet,12345,2458047712,0,0,1,2,2,2,0.3198351263999939,0.242876261472702,-0.4413392543792724,-0.1664079278707504,0.9102215766906738,-1.0,0.9286397099494934,0.2650266587734222,-0.0819289907813072,1.0,0.3802456557750702,-0.1773879081010818,0.2709551751613617,-0.3196881115436554,-0.3079921901226043,0.301169604063034,0.3927875161170959,0.5477582812309265,1.0,0.0,0.0,1.0,0.0,0.0,1.0,0.0,0.0
20260414_134505_905168,1,13,1.3850010633468628,0.2348000556230545,0.539337297446996,-0.2954683778004546,0.609337297446996,1.2382077300216423,5.012483894824982,-1.491997205842182,0.0,0.0,0.02,0.05,0.0,carpet,12345,2458047712,0,0,1,2,2,2,-0.284986287355423,0.1329081356525421,-0.1409599632024765,0.4291312992572784,1.0,-0.0824204161763191,-0.5004523992538452,0.1210432052612304,-0.0129515007138252,1.0,0.1979358494281768,0.1910331398248672,0.136452242732048,-0.2884990274906158,-0.1062378138303756,0.5614035129547119,-0.5701754093170166,0.5789473652839661,1.0,0.0,0.0,1.0,0.0,0.0,1.0,0.0,0.0
20260414_134505_905168,1,14,1.3817437887191772,0.2225613594055175,0.5374990784382899,0.2420307006378352,0.60749907843829,1.2346232029546655,1.2238696217536926,-0.1303744045113291,0.0,0.0,0.02,0.05,0.0,carpet,12345,2458047712,0,0,1,2,2,2,0.6207181215286255,0.7153770923614502,0.1880778968334198,-0.1144591718912124,0.0806076601147651,0.1701484471559524,-0.6649513840675354,0.0523303970694541,0.0338480770587921,0.9661518931388856,-0.0596922598779201,-0.1637426912784576,0.0692007765173912,-0.165692001581192,0.1189083829522132,0.5331383943557739,-0.0575048737227916,-0.3031189143657684,1.0,0.0,0.0,1.0,0.0,0.0,1.0,0.0,0.0
20260414_134505_905168,1,15,1.460473895072937,0.2475591599941253,0.1087294294875865,0.3507601301254218,0.1287294294875865,0.3010223875007938,-2.499780058860779,0.8792644942391803,0.0,0.0,0.02,0.0,0.0,carpet,12345,2458047712,0,0,1,2,2,2,0.7498304843902588,-0.6073090434074402,0.2021810412406921,-0.5850937366485596,0.5122175216674805,0.0690832287073135,0.71700519323349,0.0482587814331054,0.0452748611569404,0.9547250866889954,-0.0798858702182769,0.3187134563922882,0.1247563362121582,-0.0331384018063545,-0.078947365283966,0.1013645231723785,0.1247563362121582,-0.4074074029922485,1.0,0.0,0.0,1.0,0.0,0.0,1.0,0.0,0.0
20260414_134505_905168,1,16,1.4087653160095217,0.2277090102434158,0.3246259150735062,0.6753860451989281,0.3446259150735062,0.7220205343933372,1.9850149750709527,0.9868585470757552,0.0,0.0,0.02,0.0,0.0,carpet,12345,2458047712,0,0,1,2,2,2,-0.1506322026252746,0.6534085273742676,0.6743099093437195,0.0448138751089572,-0.8397819399833679,0.5008853077888489,-0.3669252693653106,0.1466714888811111,0.0219353977590799,0.9780645966529846,0.2066723555326461,0.4619883000850677,-0.3255360722541809,0.149122804403305,-0.3411306142807007,0.3021442592144012,0.0136452242732048,0.4230019450187683,1.0,0.0,0.0,1.0,0.0,0.0,1.0,0.0,0.0
20260414_134505_905168,1,17,1.3292078971862793,0.2331271320581436,0.1625960797060574,0.8379821249049855,0.1825960797060574,0.4060623554268119,-0.5418121814727783,3.882051885384442,0.0,0.0,0.02,0.0,0.0,carpet,12345,2458047712,0,0,1,2,2,2,0.8855553865432739,-0.2996552288532257,0.0379102602601051,0.1629741340875625,0.6568523049354553,-0.7337188720703125,-0.4851207435131073,0.0820356383919715,0.0404687039554119,0.959531307220459,0.0203030444681644,-0.1237816736102104,0.2875243723392486,0.2914229929447174,0.0224171541631221,-0.4434697926044464,0.3421052694320678,-0.2076023370027542,1.0,0.0,0.0,1.0,0.0,0.0,1.0,0.0,0.0
20260414_134505_905168,1,18,1.5410157442092896,0.3100478947162628,-0.8243447691707086,0.0136373557342768,-0.8043447691707086,-1.6184722998828818,-7.69207626581192,2.283463910414369,0.0,0.0,0.02,0.0,0.0,carpet,12345,2458047712,0,0,1,2,2,2,-0.8409538269042969,0.4335731863975525,-0.038612887263298,-0.8703263998031616,0.4559461176395416,0.8280544877052307,0.5927935242652893,-0.0174110420048236,0.0354100130498409,0.9645899534225464,-0.1460841447114944,0.539961040019989,-0.1637426912784576,0.0214424952864646,0.0838206633925437,0.3966861665248871,-0.4093567132949829,-0.2884990274906158,1.0,0.0,0.0,1.0,0.0,0.0,1.0,0.0,0.0
20260414_134505_905168,1,19,1.4175870418548584,0.1891783326864242,0.8814793978634922,0.895116753597769,0.9014793978634922,1.8078848258338096,12.086956202983856,2.8531410062265365,0.0,0.0,0.02,0.0,0.0,carpet,12345,2458047712,0,0,1,2,2,2,0.6592655181884766,0.2397169917821884,0.3937292993068695,0.0996149107813835,-0.1413134336471557,-0.3612046241760254,0.0885554254055023,0.2473487854003906,-0.036407858133316,1.0,0.3036589920520782,-0.4902534186840057,0.3050682246685028,0.0204678364098072,-0.4688109159469604,0.2573099434375763,0.4181286692619324,0.3333333432674408,1.0,0.0,0.0,1.0,0.0,0.0,1.0,0.0,0.0
20260414_134505_905168,1,20,1.4259954690933228,0.199966087937355,0.51139473748825,1.406511491086019,0.5313947374882501,1.0862197381020875,-1.0787755250930786,2.7047375413739587,0.0,0.0,0.02,0.0,0.0,carpet,12345,2458047712,0,0,1,2,2,2,-0.726743221282959,-0.7405999302864075,-0.1354241073131561,-0.1731485426425933,0.3319319188594818,-0.473741203546524,0.5125162601470947,0.0930627807974815,0.0764432698488235,0.9235566854476928,0.0633142590522766,0.3810916244983673,0.0916179344058036,0.1881091594696045,0.0575048737227916,-0.0575048737227916,-0.1520467847585678,0.0799220278859138,1.0,0.0,0.0,1.0,0.0,0.0,1.0,0.0,0.0
20260414_134505_905168,1,21,1.430176019668579,0.1940843909978866,0.447542167724762,1.854053658810781,0.467542167724762,0.961707227063286,0.5881696939468384,3.365422380936451,0.0,0.0,0.02,0.0,0.0,carpet,12345,2458047712,0,0,1,2,2,2,-0.6154547333717346,0.2662142813205719,-0.3614142835140228,0.3549830913543701,0.8545257449150085,0.1025719940662384,0.0496395975351333,0.1035734191536903,0.0663711726665496,0.9336288571357728,0.1077096089720726,-0.4074074029922485,-0.0701754391193389,0.0740740746259689,-0.0799220278859138,0.1988304108381271,-0.3021442592144012,0.30604287981987,1.0,0.0,0.0,1.0,0.0,0.0,1.0,0.0,0.0
20260414_134505_905168,1,22,1.484816074371338,0.2363000214099884,-0.165697610259024,1.688356048551757,-0.145697610259024,-0.3341103400050969,-4.221563041210175,2.309291506538017,0.0,0.0,0.02,0.0,0.0,carpet,12345,2458047712,0,0,1,2,2,2,0.3463738262653351,0.7825160026550293,0.344906210899353,0.6467424631118774,0.1990006566047668,-0.1294123083353042,0.9679458141326904,0.1087991744279861,0.0718626752495765,0.9281373023986816,0.043630126863718,-0.376218318939209,0.1793372333049774,-0.2153996080160141,0.1461988240480423,0.3918128609657287,-0.0272904485464096,0.0048732943832874,1.0,0.0,0.0,1.0,0.0,0.0,1.0,0.0,0.0
20260414_134505_905168,1,23,1.4428157806396484,0.2017687559127807,0.2685635294494214,1.9569195780011783,0.2885635294494215,0.6126988824263719,3.453126549720764,2.515928033537577,0.0,0.0,0.02,0.0,0.0,carpet,12345,2458047712,0,0,1,2,2,2,0.4829389154911041,0.7220329642295837,0.5781750082969666,-0.2497690171003341,-0.6757075786590576,0.3433857262134552,-0.2184534221887588,0.1770992279052734,0.0324476063251495,0.967552363872528,0.2369092404842376,0.1686159819364547,0.2982456088066101,-0.0633528232574462,0.3255360722541809,0.0799220278859138,-0.1140350848436355,0.5692007541656494,1.0,0.0,0.0,1.0,0.0,0.0,1.0,0.0,0.0
20260414_134505_905168,1,24,1.461100697517395,0.2105074524879455,0.0779778192003416,2.03489739720152,0.0979778192003416,0.2410567474406661,-0.8738696575164795,4.375457080861125,0.0,0.0,0.02,0.0,0.0,carpet,12345,2458047712,0,0,1,2,2,2,0.1132080033421516,-0.4793631434440613,-0.7593132853507996,-0.9607493877410888,0.0372318960726261,0.7560415267944336,0.0145693803206086,0.1245988830924034,0.0646880865097045,0.9353119134902954,0.0553754866123199,0.2543859779834747,0.3196881115436554,0.2660818696022033,-0.1267056465148925,-0.3245614171028137,0.2563352882862091,-0.1130604296922683,1.0,0.0,0.0,1.0,0.0,0.0,1.0,0.0,0.0
20260414_134505_905168,1,25,1.2421287298202517,0.3048095703125,-1.0309188130006046,1.0039785842009157,-1.0,-2.176760385033361,-9.430211782455444,0.3908118699939535,0.0,0.0,0.02,0.0109188130006046,0.0,carpet,12345,2458047712,0,0,1,2,2,2,-0.6660728454589844,0.8332843780517578,-0.5499101281166077,0.5862382054328918,-0.0140117900446057,-0.7980560064315796,-0.9956399202346802,0.147455021739006,0.0565291196107864,0.94347083568573,0.0972501263022422,0.1179337203502655,0.1637426912784576,0.1247563362121582,-0.4668616056442261,0.0438596494495868,0.38791424036026,-0.0272904485464096,1.0,0.0,0.0,1.0,0.0,0.0,1.0,0.0,0.0
20260414_134505_905168,1,26,1.3623017072677612,0.22547347843647,0.0842728246798569,1.0882514088807724,0.1542728246798569,0.350832008125721,7.933609187602997,-0.3445758599824131,0.0,0.0,0.02,0.05,0.0,carpet,12345,2458047712,0,0,1,2,2,2,-0.9903537631034852,0.9043399095535278,-0.5987235307693481,-0.7790201902389526,0.3718540966510772,-0.8869191408157349,0.9314343929290771,-0.1262599974870681,-0.0315170437097549,1.0,-0.3681497573852539,-0.3986354768276214,0.5136452317237854,-0.3362573087215423,0.3508771955966949,0.0116959065198898,-0.4395711421966553,-0.6042885184288025,1.0,0.0,0.0,1.0,0.0,0.0,1.0,0.0,0.0
20260414_134505_905168,1,27,1.380416989326477,0.1877721399068832,0.5226448560687031,1.6108962649494756,0.5926448560687032,1.2056574693339712,3.770133852958679,-0.1006256177117279,0.0,0.0,0.02,0.05,0.0,carpet,12345,2458047712,0,0,1,2,2,2,-0.5599735379219055,-0.5246500372886658,0.6649010181427002,-0.4355806410312652,-0.0800544470548629,0.918785274028778,-0.3568263649940491,0.0239561088383197,0.0425559282302856,0.9574440717697144,0.084790825843811,-0.5867446660995483,0.5925925970077515,-0.2914229929447174,-0.2748537957668304,0.2680311799049377,-0.5526315569877625,0.5536062121391296,1.0,0.0,0.0,1.0,0.0,0.0,1.0,0.0,0.0
20260414_134505_905168,1,28,1.3223458528518677,0.178354263305664,0.5388153933492018,2.1497116582986773,0.5588153933492018,1.1396900170309436,0.9417876601219176,1.3731747393243126,0.0,0.0,0.02,0.0,0.0,carpet,12345,2458047712,0,0,1,2,2,2,0.6444606184959412,0.1297030448913574,-0.6631423830986023,-0.3076664507389068,0.0388063415884971,-0.9524961113929749,0.3980151712894439,0.046600341796875,0.077756181359291,0.9222437739372252,-0.0413278527557849,-0.3323586881160736,-0.1881091594696045,0.4610136449337005,-0.2651072144508362,-0.0818713456392288,0.4424951374530792,-0.2504873275756836,1.0,0.0,0.0,1.0,0.0,0.0,1.0,0.0,0.0
20260414_134505_905168,1,29,1.3256871700286863,0.1702896356582641,0.4960939507477976,2.6458056090464748,0.5160939507477976,1.0563832039582053,0.8064627647399902,1.816859060856146,0.0,0.0,0.02,0.0,0.0,carpet,12345,2458047712,0,0,1,2,2,2,-0.0844810828566551,0.0014348201220855,0.3962899148464203,0.9600799083709716,-0.3585978150367737,0.7187373042106628,-0.278176486492157,-0.0259885787963867,0.0865492820739746,0.9134507179260254,-0.0012692918535321,0.4035087823867798,0.1208577007055282,-0.1842105239629745,-0.136452242732048,0.0672514587640762,-0.4756335318088531,0.2592592537403106,1.0,0.0,0.0,1.0,0.0,0.0,1.0,0.0,0.0
20260414_134505_905168,1,30,1.3561077117919922,0.1621739566326141,0.4647073736461121,3.110512982692587,0.4847073736461121,0.9951793786099188,0.8115679025650024,2.5709816920253985,0.0,0.0,0.02,0.0,0.0,carpet,12345,2458047712,0,0,1,2,2,2,0.858192503452301,-0.6140916347503662,-0.8198491334915161,0.1615498065948486,0.6764203310012817,-0.4330824911594391,0.4454435110092163,-0.0218120571225881,0.0940789058804512,0.9059210419654846,-0.0933028757572174,-0.0545808970928192,-0.0136452242732048,0.2046783566474914,0.4259259402751922,-0.3070175349712372,0.2339181303977966,-0.1968810856342315,1.0,0.0,0.0,1.0,0.0,0.0,1.0,0.0,0.0
20260414_134505_905168,1,31,1.482679843902588,0.2096948772668838,-0.220840247127848,2.889672735564739,-0.2008402471278481,-0.4416384818993037,-4.752092063426971,4.306103595159456,0.0,0.0,0.02,0.0,0.0,carpet,12345,2458047712,0,0,1,2,2,2,-0.1756823062896728,-0.6907653212547302,-0.7478465437889099,-0.7115460634231567,0.3700970709323883,0.7066709399223328,0.3049743175506592,0.0162137988954782,0.1016561910510063,0.8983437418937683,0.0272664092481136,0.538986325263977,-0.2914229929447174,-0.3109161853790283,0.1033138409256935,0.3528265058994293,-0.2982456088066101,0.2534112930297851,1.0,0.0,0.0,1.0,0.0,0.0,1.0,0.0,0.0
20260414_134505_905168,1,32,1.4956544637680054,0.2204624116420745,-0.3022652414380822,2.5874074941266567,-0.2822652414380822,-0.6004172208042604,-1.0767534375190737,3.3548543662294747,0.0,0.0,0.02,0.0,0.0,carpet,12345,2458047712,0,0,1,2,2,2,0.6483718752861023,-0.432568609714508,0.9229010939598083,0.721186637878418,-0.2221383303403854,0.7429291605949402,0.4426763951778412,0.1744289398193359,0.0572877824306488,0.9427121877670288,0.1895467787981033,-0.0857699811458587,-0.3187134563922882,-0.3274853825569153,-0.1978557556867599,0.2368421107530594,0.343079924583435,0.161793366074562,1.0,0.0,0.0,1.0,0.0,0.0,1.0,0.0,0.0
20260414_134505_905168,1,33,1.4871296882629397,0.2100338190793991,-0.0915887700186178,2.4958187241080387,-0.0715887700186178,-0.1895981015363048,1.0428592562675476,1.959598795359199,0.0,0.0,0.02,0.0,0.0,carpet,12345,2458047712,0,0,1,2,2,2,-0.6503387689590454,0.2206147164106369,0.3251711726188659,0.9873718023300172,0.1731359213590622,-0.1650752425193786,0.8903316855430603,0.1906471252441406,0.0472345612943172,0.95276540517807,0.2366906553506851,0.3508771955966949,-0.3635477721691131,-0.0545808970928192,0.343079924583435,-0.1783625781536102,0.4483430683612823,0.2660818696022033,1.0,0.0,0.0,1.0,0.0,0.0,1.0,0.0,0.0
20260414_134505_905168,1,34,1.470841646194458,0.1950118392705917,0.0737225213432924,2.569541245451332,0.0940261123425432,0.2333509190679592,1.5021979808807373,1.0532596973962145,0.0,0.0060718199850143,0.02,0.0,0.0,carpet,12345,2458047712,0,0,1,2,2,2,0.2894949316978454,0.0663623660802841,0.6850515007972717,0.9554749727249146,0.634158194065094,-0.6456552743911743,0.8759631514549255,0.1799911558628082,0.0569713301956653,0.9430286288261414,0.2683475911617279,-0.4200779795646667,-0.1101364493370056,-0.0555555559694767,0.3625730872154236,0.028265107423067,-0.0886939540505409,0.5633528232574463,1.0,0.0,0.0,1.0,0.0,0.0,1.0,0.0,0.0
20260414_134505_905168,1,35,1.4503103494644165,0.1540191620588302,0.5696564715871827,3.139197717038514,0.5896564715871827,1.1998301195950063,4.099267721176148,1.1967066130330153,0.0,0.0,0.02,0.0,0.0,carpet,12345,2458047712,0,0,1,2,2,2,-0.1881701350212097,-1.0,0.5664169192314148,0.3679884076118469,0.1403558850288391,-0.0373117886483669,0.2562559843063354,0.1596311628818512,0.0709967538714408,0.9290032386779784,0.1778285503387451,0.1500974595546722,-0.0886939540505409,-0.0555555559694767,0.3606237769126892,0.2651072144508362,-0.4122807085514068,0.5370370149612427,1.0,0.0,0.0,1.0,0.0,0.0,1.0,0.0,0.0
20260414_134505_905168,1,36,1.414963722229004,0.1376589983701706,0.625577785596282,3.764775502634796,0.645577785596282,1.30887668191275,1.6360163688659668,1.5104039163358465,0.0,0.0,0.02,0.0,0.0,carpet,12345,2458047712,0,0,1,2,2,2,0.207997515797615,0.5648534297943115,0.7261582612991333,-0.7197380661964417,-0.2096047401428222,-0.2489860504865646,0.094034269452095,0.1339670121669769,0.1092699989676475,0.8907299637794495,0.0787726268172264,-0.1062378138303756,-0.5896686315536499,0.3557505011558532,0.2056530267000198,0.068226121366024,-0.030214425176382,0.1471734941005706,1.0,0.0,0.0,1.0,0.0,0.0,1.0,0.0,0.0
20260414_134505_905168,1,37,1.398800253868103,0.1344173699617386,0.4993324213565961,4.264107923991393,0.5193324213565962,1.0626982216453629,0.3241628408432007,3.014740619880513,0.0,0.0,0.02,0.0,0.0,carpet,12345,2458047712,0,0,1,2,2,2,0.8274567723274231,-0.2731881141662597,0.0955906435847282,0.1327576786279678,-0.5171002149581909,-0.1774722933769226,0.0931262075901031,0.0897836685180664,0.1245448440313339,0.8754551410675049,0.0358525589108467,0.0818713456392288,0.1120857670903205,0.38791424036026,-0.3918128609657287,-0.0458089672029018,-0.1101364493370056,0.0779727101325988,1.0,0.0,0.0,1.0,0.0,0.0,1.0,0.0,0.0
20260414_134505_905168,1,38,1.4439973831176758,0.1400669366121292,0.2906587179355105,4.554766641926904,0.3106587179355106,0.6557844999742457,-0.5649566650390625,4.270942340659019,0.0,0.0,0.02,0.0,0.0,carpet,12345,2458047712,0,0,1,2,2,2,-0.8159962296485901,-0.6987804770469666,-0.3500014543533325,-0.8422515392303467,0.082544021308422,0.5706406831741333,-0.0669002756476402,0.0695793181657791,0.1275714188814163,0.8724285364151001,0.0068327798508107,0.5194931626319885,-0.1442495137453079,0.082846000790596,0.0867446362972259,-0.3187134563922882,-0.0955165699124336,0.0614035092294216,1.0,0.0,0.0,1.0,0.0,0.0,1.0,0.0,0.0
20260414_134505_905168,1,39,1.3595131635665894,0.1366961896419525,0.2497984867872407,4.804565128714144,0.2697984867872407,0.5761070492351195,0.3370746970176697,5.036647491430443,0.0,0.0,0.02,0.0,0.0,carpet,12345,2458047712,0,0,1,2,2,2,1.0,0.9070410132408142,-0.7414841651916504,0.382184088230133,-0.4910213053226471,-0.5471141934394836,0.2547162473201751,0.1260757446289062,0.1222966387867927,0.8777033090591431,0.046864103525877,-0.4093567132949829,-0.1520467847585678,0.0721247568726539,-0.4064327478408813,0.0614035092294216,0.2923976480960846,-0.066276803612709,1.0,0.0,0.0,1.0,0.0,0.0,1.0,0.0,0.0
20260414_134505_905168,1,40,1.3929870128631592,0.1170955598354339,0.4272287344047619,5.231793863118907,0.4472287344047619,0.9220960320892856,1.960062980651856,5.72539260445177,0.0,0.0,0.02,0.0,0.0,carpet,12345,2458047712,0,0,1,2,2,2,-0.0533686839044094,-0.4703481495380401,-1.0,0.1482730656862259,0.8578861355781555,0.058459099382162,-0.0285687521100044,0.0204704292118549,0.1254437863826751,0.8745561838150024,-0.0087798023596405,0.6052631735801697,0.4990253448486328,-0.5058479309082031,0.2280701696872711,-0.2573099434375763,-0.2972709536552429,0.161793366074562,1.0,0.0,0.0,1.0,0.0,0.0,1.0,0.0,0.0
20260414_134505_905168,1,41,1.3971012830734253,0.1126442328095436,0.366079589597041,5.597873452715948,0.3860795895970411,0.8028551997142301,0.445132702589035,5.328417684570994,0.0,0.0,0.02,0.0,0.0,carpet,12345,2458047712,0,0,1,2,2,2,0.3741275370121002,0.8138919472694397,-0.5740265846252441,-0.849735677242279,-0.4040194749832153,-0.2318424135446548,-0.0461284182965755,0.0623128898441791,0.1437441110610962,0.8562558889389038,-0.024884670972824,0.0068226121366024,0.301169604063034,-0.5730994343757629,0.0536062382161617,0.376218318939209,-0.0555555559694767,-0.0438596494495868,1.0,0.0,0.0,1.0,0.0,0.0,1.0,0.0,0.0
20260414_134505_905168,1,42,1.4989579916000366,0.1827268451452255,-0.5840635428750606,5.013809909840887,-0.5640635428750606,-1.1499239086063682,-7.008261233568192,2.8696170940518755,0.0,0.0,0.02,0.0,0.0,carpet,12345,2458047712,0,0,1,2,2,2,0.7762985825538635,0.1092791408300399,0.4947184026241302,-0.169221743941307,-0.0574113354086875,0.5827873349189758,0.9383623600006104,0.0674556717276573,0.1479001343250274,0.8520998358726501,0.0076417690142989,0.1920077949762344,0.4356725215911865,-0.3450292348861694,-0.3645224273204803,0.1237816736102104,-0.1062378138303756,-0.0185185186564922,1.0,0.0,0.0,1.0,0.0,0.0,1.0,0.0,0.0
20260414_134505_905168,1,43,1.3385531902313232,0.1089190542697906,0.4583342771441425,5.47214418698503,0.4783342771441425,0.982751840431078,7.380779087543487,2.789670712837591,0.0,0.0,0.02,0.0,0.0,carpet,12345,2458047712,0,0,1,2,2,2,-0.6396992206573486,-0.5245267748832703,0.3994539678096771,-0.3783296346664428,-0.0372899696230888,-0.691361665725708,0.2052765637636184,0.1947765350341797,0.0824667736887931,0.9175331592559814,0.2747469842433929,0.455165684223175,0.0009746588766574,0.165692001581192,-0.1559454202651977,-0.082846000790596,0.2875243723392486,0.5575048923492432,1.0,0.0,0.0,1.0,0.0,0.0,1.0,0.0,0.0
20260414_134505_905168,1,44,1.2801299095153809,0.1525425612926483,-0.1756532283323705,5.29649095865266,-0.1556532283323705,-0.3535237952481225,-4.362350702285767,1.7803624176152226,0.0,0.0,0.02,0.0,0.0,carpet,12345,2458047712,0,0,1,2,2,2,-0.4441334903240204,-0.0203515458852052,0.3373041749000549,0.5751227736473083,0.6846883296966553,-0.6595723628997803,-0.5411174893379211,-0.0057294843718409,0.1513781994581222,0.8486217856407166,-0.0330338478088378,-0.371345043182373,-0.2524366378784179,0.2758284509181976,-0.223196879029274,-0.0038986355066299,-0.3654970824718475,0.1432748585939407,1.0,0.0,0.0,1.0,0.0,0.0,1.0,0.0,0.0
20260414_134505_905168,1,45,1.3332167863845823,0.1042374074459075,0.4376851280679108,5.734176086720571,0.4576851280679108,0.9424859997324262,4.830515384674072,2.1467413681125294,0.0,0.0,0.02,0.0,0.0,carpet,12345,2458047712,0,0,1,2,2,2,0.2557682693004608,-0.3545206189155578,0.5094357132911682,0.0676741302013397,-0.4029297232627868,-0.4100245535373688,0.359799712896347,-0.0787586197257042,0.1106486469507217,0.8893513679504395,-0.2333086431026458,-0.2962962985038757,-0.0555555559694767,0.1374268978834152,0.1257309913635254,0.3138401508331299,-0.4152046740055084,-0.3323586881160736,1.0,0.0,0.0,1.0,0.0,0.0,1.0,0.0,0.0
20260414_134505_905168,1,46,1.3451755046844482,0.0932478383183479,0.457745501532469,6.19192158825304,0.4777455015324691,0.9816037279883147,1.0989569127559662,2.2062490640115584,0.0,0.0,0.02,0.0,0.0,carpet,12345,2458047712,0,0,1,2,2,2,-0.1577160060405731,0.5213133692741394,0.4745178818702698,0.4809143245220184,0.2348415553569793,0.7486966848373413,-0.1476086229085922,-0.0123998643830418,0.1557492613792419,0.8442506790161133,-0.0091045843437314,0.1413255333900451,-0.2699805200099945,0.2719298303127289,0.0516569204628467,-0.2387914210557937,-0.2465886920690536,0.2153996080160141,1.0,0.0,0.0,1.0,0.0,0.0,1.0,0.0,0.0
20260414_134505_905168,1,47,1.3168885707855225,0.1267874985933303,-0.0468147235299122,6.145106864723128,-0.0268147235299122,-0.1022887108833288,-3.353966027498245,1.3011051534139997,0.0,0.0,0.02,0.0,0.0,carpet,12345,2458047712,0,0,1,2,2,2,0.5635634660720825,0.1749764531850814,0.4403442144393921,-1.0,0.7094950079917908,-0.5523830652236938,-0.4141258001327514,0.0025484084617346,0.1660097688436508,0.833990216255188,-0.0830766484141349,-0.1257309913635254,-0.0428849905729293,0.2085769921541214,0.1734892725944519,-0.0867446362972259,0.1033138409256935,-0.1208577007055282,1.0,0.0,0.0,1.0,0.0,0.0,1.0,0.0,0.0
20260414_134505_905168,1,48,1.3019238710403442,0.134574145078659,-0.1335295873311351,6.011577277391993,-0.1135295873311351,-0.2713826952957134,-0.7786646485328674,2.179646366724654,0.0,0.0,0.02,0.0,0.0,carpet,12345,2458047712,0,0,1,2,2,2,-0.7039327621459961,-0.5043262839317322,-0.8751474022865295,-0.7493606209754944,-0.3786033093929291,-0.115717589855194,-0.935137927532196,-0.0328102111816406,0.1346951276063919,0.8653048276901245,-0.1580673903226852,0.3274853825569153,0.0604288503527641,0.2251462042331695,-0.5769980549812317,0.4356725215911865,-0.3206627666950226,-0.2436647117137909,1.0,0.0,0.0,1.0,0.0,0.0,1.0,0.0,0.0
20260414_134505_905168,1,49,1.3582816123962402,0.1077687814831733,0.1936395222642838,6.205216799656276,0.2136395222642838,0.4665970684153535,2.6805363595485687,1.6634915947089297,0.0,0.0,0.02,0.0,0.0,carpet,12345,2458047712,0,0,1,2,2,2,-0.5418744683265686,0.3229056000709533,-0.4079813659191131,-0.2664913833141327,-0.9332159757614136,-0.3474547863006592,0.7044456005096436,-0.0515161529183387,0.1274250447750091,0.8725749254226685,-0.2426479905843734,-0.3888888955116272,-0.0438596494495868,0.0692007765173912,-0.3869395852088928,0.0389863550662994,-0.0389863550662994,-0.5740740895271301,1.0,0.0,0.0,1.0,0.0,0.0,1.0,0.0,0.0
20260414_134505_905168,1,50,1.349875807762146,0.1209352761507034,-0.02,6.185216799656277,0.0,0.0207854346232778,-1.316649466753006,2.03780082458033,0.0,0.0,0.02,0.0,0.0,carpet,12345,2458047712,0,0,1,2,2,2,-0.8849380612373352,-0.8758077025413513,-0.4824678897857666,0.5490507483482361,-0.9943827986717224,-0.7604837417602539,0.7981792092323303,0.0189310070127248,0.1524521559476852,0.8475478291511536,0.0786468833684921,-0.331384003162384,0.2124756276607513,-0.1968810856342315,-0.0867446362972259,-0.3255360722541809,-0.2007797211408615,0.429824560880661,1.0,0.0,0.0,1.0,0.0,0.0,1.0,0.0,0.0
20260414_134505_905168,1,51,1.4540361166000366,0.1191069036722183,-0.0142059549079136,6.171010844748363,0.0057940450920863,0.0612983879295683,0.1828372478485107,1.1566132127774722,0.0,0.0,0.02,0.0,0.0,carpet,12345,2458047712,0,0,1,2,2,2,-0.9211374521255492,0.7167415022850037,-0.7608837485313416,-0.0265028048306703,0.0091888923197984,0.9337212443351746,0.3412086069583893,0.0084238052368164,0.1401591151952743,0.8598408699035645,0.0837103500962257,-0.4980506896972656,-0.2007797211408615,-0.1998050659894943,0.3557505011558532,-0.5009746551513672,-0.3576998114585876,0.4902534186840057,1.0,0.0,0.0,1.0,0.0,0.0,1.0,0.0,0.0
20260414_134505_905168,1,52,1.4192142486572266,0.1084478497505188,0.1133357772443832,6.2843466219927455,0.1345898148665,0.312450138989675,1.0659053921699524,0.4874596237788324,0.0,0.0,0.02,0.0012540376221167,0.0,carpet,12345,2458047712,0,0,1,2,2,2,-0.0109071685001254,0.2207000404596328,-0.0234084315598011,0.0800103098154068,-0.664178192615509,-0.9527695178985596,0.8537295460700989,0.1386241912841797,0.1418661922216415,0.8581337928771973,0.1476569324731826,-0.5769980549812317,0.4113060534000397,-0.4658869504928589,-0.0292397662997245,-0.0350877195596694,0.4181286692619324,0.1754385977983474,1.0,0.0,0.0,1.0,0.0,0.0,1.0,0.0,0.0
20260414_134505_905168,1,53,1.3646082878112793,0.0765313655138015,0.483717800082147,6.768064422074892,0.5037178000821471,1.0322497101601869,3.1916484236717224,1.621998044822348,0.0,0.0,0.02,0.0,0.0,carpet,12345,2458047712,0,0,1,2,2,2,0.5223470330238342,0.4438710510730743,0.731305718421936,-0.6295885443687439,0.5848727226257324,0.1001593396067619,-0.3288469314575195,0.0950967818498611,0.1518181264400482,0.8481818437576294,0.1791308373212814,-0.0487329438328743,0.0497076027095317,-0.1189083829522132,0.064327485859394,-0.3508771955966949,-0.1695906370878219,0.5458089709281921,1.0,0.0,0.0,1.0,0.0,0.0,1.0,0.0,0.0
20260414_134505_905168,1,54,1.3651080131530762,0.0841454863548278,0.2537611597920386,7.021825581866931,0.2737611597920386,0.5838342615944754,-0.7614120841026306,2.477215001712537,0.0,0.0,0.02,0.0,0.0,carpet,12345,2458047712,0,0,1,2,2,2,0.4268082082271576,-0.2624251842498779,-0.1835613697767257,0.0296113491058349,0.8132380843162537,-0.8812714219093323,0.2794187366962433,0.0268394462764263,0.1816172897815704,0.8183826804161072,-0.0644647926092147,0.2797271013259887,0.1179337203502655,0.1159844025969505,-0.4395711421966553,0.3050682246685028,0.064327485859394,-0.202729046344757,1.0,0.0,0.0,1.0,0.0,0.0,1.0,0.0,0.0
20260414_134505_905168,1,55,1.367402195930481,0.0695261806249618,0.3663376099705183,7.3881631918374495,0.3863376099705183,0.8033583394425108,1.4619305729866028,2.813976272739694,0.0,0.0,0.02,0.0,0.0,carpet,12345,2458047712,0,0,1,2,2,2,0.9294661283493042,-0.0096024107187986,0.9560304880142212,0.2380919158458709,0.5027095675468445,0.2537626922130584,-0.4299745261669159,0.0274641029536724,0.1745082885026931,0.825491726398468,-0.0278745908290147,0.2768031060695648,-0.1500974595546722,-0.1257309913635254,-0.0263157896697521,0.4600389897823334,-0.5331383943557739,0.165692001581192,1.0,0.0,0.0,1.0,0.0,0.0,1.0,0.0,0.0
20260414_134505_905168,1,56,1.489132285118103,0.0978518426418304,-0.048524510687095,7.339638681150355,-0.028524510687095,-0.1056227958398352,-2.832566201686859,2.687568042276581,0.0,0.0,0.02,0.0,0.0,carpet,12345,2458047712,0,0,1,2,2,2,-0.7773783206939697,0.4926171898841858,0.1098281815648078,-0.2028440684080124,0.5181035995483398,-0.1254816949367523,1.0,0.030331801623106,0.1881577670574188,0.8118422627449036,-0.1287425458431244,0.5058479309082031,-0.1315789520740509,0.0155945420265197,0.0380116961896419,0.2378167659044265,0.0146198831498622,-0.2953216433525085,1.0,0.0,0.0,1.0,0.0,0.0,1.0,0.0,0.0
20260414_134505_905168,1,57,1.5047515630722046,0.0866453200578689,0.0574081885739304,7.397046869724285,0.0774081885739304,0.2009459677191643,1.120652258396149,2.827215622066177,0.0,0.0,0.02,0.0,0.0,carpet,12345,2458047712,0,0,1,2,2,2,-0.088382638990879,-0.9026196599006652,0.7370699644088745,0.9258540868759156,0.9341389536857604,0.5836814045906067,0.7457432746887207,0.1824943572282791,0.1617112010717392,0.8382887840270996,0.2166062593460083,-0.4736842215061188,0.2982456088066101,0.0292397662997245,-0.1578947305679321,0.2573099434375763,-0.1208577007055282,0.5828459858894348,1.0,0.0,0.0,1.0,0.0,0.0,1.0,0.0,0.0
20260414_134505_905168,1,58,1.2828454971313477,0.0894000455737114,-0.0036711087726549,7.39337576095163,0.016328891227345,0.0818413378933229,-0.2754725515842438,2.596606820969825,0.0,0.0,0.02,0.0,0.0,carpet,12345,2458047712,0,0,1,2,2,2,-0.3919594287872314,-1.0,0.8249320387840271,-0.5159013271331787,-0.7601216435432434,-0.7063093185424805,-0.5884616374969482,0.2020185440778732,0.1721743047237396,0.8278257250785828,0.1930915117263794,-0.0389863550662994,-0.5038986206054688,0.4307992160320282,-0.1374268978834152,0.2563352882862091,-0.0194931775331497,0.4356725215911865,1.0,0.0,0.0,1.0,0.0,0.0,1.0,0.0,0.0
20260414_134505_905168,1,59,1.3143199682235718,0.0647051334381103,0.3024378496461577,7.695813610597789,0.3224378496461577,0.6787538068100076,2.4694912135601044,2.2431109176196458,0.0,0.0,0.02,0.0,0.0,carpet,12345,2458047712,0,0,1,2,2,2,-0.3230966031551361,-0.3508027493953705,0.875600278377533,-0.6545726656913757,-0.2876796722412109,-0.3033467233181,0.4350737631320953,-0.0753641128540039,0.1696023195981979,0.8303976655006409,-0.1973256915807724,-0.2241715341806411,-0.5623781681060791,0.5068225860595703,-0.2592592537403106,-0.0653021410107612,-0.2495126724243164,-0.3391812741756439,1.0,0.0,0.0,1.0,0.0,0.0,1.0,0.0,0.0
20260414_134505_905168,1,60,1.31828510761261,0.0489831753075122,0.4169816966012547,8.112795307199043,0.4369816966012547,0.9021143083724468,1.5721958130598068,2.561390964397617,0.0,0.0,0.02,0.0,0.0,carpet,12345,2458047712,0,0,1,2,2,2,-0.1936961859464645,-0.4287184774875641,-0.1058437079191207,-0.1274855285882949,0.4971880614757538,-0.5129346251487732,0.5711193680763245,-0.0360210426151752,0.1926589757204055,0.8073409795761108,0.0111960349604487,-0.231968805193901,-0.2680311799049377,0.5175438523292542,-0.3674463927745819,-0.149122804403305,-0.1851851791143417,0.261208564043045,1.0,0.0,0.0,1.0,0.0,0.0,1.0,0.0,0.0
20260414_134505_905168,1,61,1.2733848094940186,0.0559721253812313,0.2117240920186513,8.324519399217694,0.2317240920186513,0.5018619794363701,-0.6988950073719025,2.2598946043914765,0.0,0.0,0.02,0.0,0.0,carpet,12345,2458047712,0,0,1,2,2,2,-0.9325737357139589,-0.3865906596183777,-0.6901373863220215,-0.2997309267520904,-1.0,-1.0,0.2139434814453125,-0.0310646053403615,0.2073379456996917,0.7926620244979858,0.0124408965930342,-0.1208577007055282,-0.235867440700531,0.0038986355066299,-0.0857699811458587,0.264132559299469,-0.3586744666099548,0.3421052694320678,1.0,0.0,0.0,1.0,0.0,0.0,1.0,0.0,0.0
20260414_134505_905168,1,62,1.2336492538452148,0.0773264616727829,-0.0751086783135923,8.249410720904102,-0.0551086783135923,-0.157461922711505,-2.135433629155159,2.2080554775198067,0.0,0.0,0.02,0.0,0.0,carpet,12345,2458047712,0,0,1,2,2,2,-0.9309951663017272,0.3749278485774994,0.2714994549751282,0.4357703626155853,-0.8358252644538879,-0.13081856071949,-0.654974102973938,-0.087189957499504,0.2008126527070999,0.7991873621940613,-0.0733350813388824,-0.5370370149612427,-0.1705653071403503,-0.0935672521591186,-0.1062378138303756,-0.0058479532599449,-0.4970760345458984,0.1539960950613021,1.0,0.0,0.0,1.0,0.0,0.0,1.0,0.0,0.0
20260414_134505_905168,1,63,1.2369368076324463,0.0625703334808349,0.0829778270590082,8.33238854796311,0.1029778270590082,0.2508067627650661,1.4756128191947937,2.2579162725657085,0.0,0.0,0.02,0.0,0.0,carpet,12345,2458047712,0,0,1,2,2,2,-0.2537990212440491,-0.3285519182682037,0.6080214381217957,0.1323712766170501,0.3059201538562774,-0.2750523388385772,-0.2369174808263778,-0.1368593275547027,0.1808749586343765,0.8191249966621399,-0.2185371071100235,-0.5886939764022827,0.1500974595546722,0.0984405428171157,0.2485380172729492,-0.4571150243282318,-0.0360623784363269,-0.3840155899524688,1.0,0.0,0.0,1.0,0.0,0.0,1.0,0.0,0.0
20260414_134505_905168,1,64,1.246338129043579,0.0652682706713676,0.0162341755438353,8.348622723506946,0.0362341755438353,0.1206566423104789,-0.2697937190532684,2.2967315769828645,0.0,0.0,0.02,0.0,0.0,carpet,12345,2458047712,0,0,1,2,2,2,-0.9874152541160583,-0.3069103956222534,-0.7128302454948425,0.3744164705276489,-0.6843152046203613,0.3083763122558594,-0.4530512988567352,-0.1327499449253082,0.1946521699428558,0.8053478598594666,-0.1887688189744949,-0.1793372333049774,-0.2387914210557937,0.3576998114585876,0.0243664719164371,0.0692007765173912,-0.1998050659894943,-0.1549707651138305,1.0,0.0,0.0,1.0,0.0,0.0,1.0,0.0,0.0
20260414_134505_905168,1,65,1.3206042051315308,0.0662784799933433,-0.0121860263161746,8.336436697190772,0.0078139736838253,0.0652372486834593,-0.1010209321975708,1.6832150188563162,0.0,0.0,0.02,0.0,0.0,carpet,12345,2458047712,0,0,1,2,2,2,0.069297932088375,-0.3087032437324524,-0.4732621312141418,-0.3451430201530456,-0.9849872589111328,0.7029339075088501,0.5258115530014038,-0.1209982857108116,0.1921332031488418,0.8078667521476746,-0.1896228492259979,-0.5857699513435364,-0.1218323558568954,-0.1998050659894943,0.2456140369176864,-0.4191033244132995,0.1374268978834152,-0.2972709536552429,1.0,0.0,0.0,1.0,0.0,0.0,1.0,0.0,0.0
20260414_134505_905168,1,66,1.1772204637527466,0.0947469323873519,-0.3724161500482558,7.964020547142516,-0.3142478837628809,-0.6627833733376178,-2.846845239400864,0.1183173371462515,0.0,0.0,0.02,0.0381682662853748,0.0,carpet,12345,2458047712,0,0,1,2,2,2,0.8693027496337891,-0.6596828699111938,-0.5533686280250549,-0.3610175251960754,0.4965115189552307,-0.7113907337188721,-0.6749727725982666,-0.0281656272709369,0.1911900043487548,0.8088099360466003,0.0977595448493957,0.0545808970928192,-0.1598440557718277,-0.202729046344757,-0.1140350848436355,-0.5536062121391296,0.3888888955116272,0.3001949191093445,1.0,0.0,0.0,1.0,0.0,0.0,1.0,0.0,0.0
20260414_134505_905168,1,67,1.229813575744629,0.0371922105550766,0.4373233414377874,8.401343888580303,0.4573233414377874,0.9417805158036856,5.755472183227539,0.5582358735135671,0.0,0.0,0.02,0.0,0.0,carpet,12345,2458047712,0,0,1,2,2,2,-0.2870354652404785,0.4040542542934418,-0.7831321358680725,-0.662850558757782,-0.4882551431655884,0.2884885370731354,-0.0084471721202135,-0.2073953598737716,0.1646101325750351,0.8353898525238037,-0.2917785942554474,0.5380116701126099,-0.3411306142807007,-0.2923976480960846,-0.2183235883712768,0.3050682246685028,-0.3801169693470001,-0.401559442281723,1.0,0.0,0.0,1.0,0.0,0.0,1.0,0.0,0.0
20260414_134505_905168,1,68,1.2013310194015503,0.0901659727096557,-0.3520306113910285,8.049313277189274,-0.2912864959034544,-0.6180086670117362,-5.297376215457916,0.0976891292133359,0.0,0.0102605681781536,0.02,0.0402310870786664,0.0,carpet,12345,2458047712,0,0,1,2,2,2,0.8591927289962769,0.2214430123567581,0.8151779174804688,-0.7360718250274658,0.7653615474700928,0.5980137586593628,-0.968662977218628,-0.1416540145874023,0.2183467000722885,0.7816532850265503,-0.0577886849641799,-0.1686159819364547,0.272904485464096,-0.4502924084663391,-0.3167641460895538,-0.2436647117137909,0.1851851791143417,-0.0097465887665748,1.0,0.0,0.0,1.0,0.0,0.0,1.0,0.0,0.0
20260414_134505_905168,1,69,1.2172621488571167,0.046053197234869,0.2808312620294438,8.330144539218718,0.3022117367235287,0.639312886610881,4.411277547478676,0.4861952530591509,0.0,0.0,0.02,0.0013804746940849,0.0,carpet,12345,2458047712,0,0,1,2,2,2,0.8658198714256287,-0.7698004245758057,0.4116477370262146,0.2824089229106903,-0.0083994911983609,-0.933801293373108,0.554309070110321,-0.1772571504116058,0.168887197971344,0.831112802028656,-0.2751138806343078,0.4892787635326385,0.0477582849562168,0.032163742929697,-0.5185185074806213,0.3050682246685028,0.3128654956817627,-0.6023392081260681,1.0,0.0,0.0,1.0,0.0,0.0,1.0,0.0,0.0
20260414_134505_905168,1,70,1.284803032875061,0.0151021406054496,0.5970569644582807,8.927201503676999,0.6170569644582807,1.2532610806936475,3.0951056629419327,1.6187996914423195,0.0,0.0,0.02,0.0,0.0,carpet,12345,2458047712,0,0,1,2,2,2,-0.6668029427528381,0.1767419576644897,0.2205910980701446,0.6901165843009949,-0.4130050837993622,0.1915132850408554,0.607464611530304,-0.1573432981967926,0.2100735455751419,0.7899264097213745,-0.062292207032442,0.5341130495071411,-0.4727095663547516,0.219298243522644,0.0994152054190635,-0.0380116961896419,-0.5506822466850281,0.3479532301425934,1.0,0.0,0.0,1.0,0.0,0.0,1.0,0.0,0.0
20260414_134505_905168,1,71,1.3004082441329956,0.0160040687769651,0.4248192852473548,9.352020788924351,0.4448192852473548,0.917397606232342,-0.0901928171515464,2.470960048991202,0.0,0.0,0.02,0.0,0.0,carpet,12345,2458047712,0,0,1,2,2,2,-0.9678685069084167,0.3219667971134186,0.0367829054594039,-0.3071018755435943,-0.0727972462773323,-0.2054716050624847,0.8090197443962097,-0.0729171782732009,0.2389713376760482,0.7610286474227905,0.0178304854780435,-0.4161793291568756,0.064327485859394,0.0653021410107612,0.3391812741756439,-0.3401559591293335,-0.0740740746259689,0.3469785451889038,1.0,0.0,0.0,1.0,0.0,0.0,1.0,0.0,0.0
20260414_134505_905168,1,72,1.2414878606796265,0.0098033472895622,0.3867006368509326,9.738721425775283,0.4067006368509326,0.8430662418593187,0.6200721487402916,3.9768096641881385,0.0,0.0,0.02,0.0,0.0,carpet,12345,2458047712,0,0,1,2,2,2,-0.2338375151157379,-0.7060954570770264,-0.429219514131546,0.5234366059303284,-0.4164381921291351,-0.3745594918727875,-0.1174805164337158,-0.0534107200801372,0.2381292432546615,0.761870801448822,0.0619198307394981,-0.5789473652839661,0.1920077949762344,0.0233918130397796,-0.1900584846735,-0.0555555559694767,-0.1588694006204605,0.4658869504928589,1.0,0.0,0.0,1.0,0.0,0.0,1.0,0.0,0.0
20260414_134505_905168,1,73,1.2459430694580078,0.0155732724815607,0.2046418213305321,9.943363247105818,0.2246418213305321,0.4880515515945376,-0.5769925191998482,3.5230806999789905,0.0,0.0,0.02,0.0,0.0,carpet,12345,2458047712,0,0,1,2,2,2,-0.533786416053772,0.9664192199707032,0.7180912494659424,-0.4008780121803283,-0.2871523201465606,0.5231440663337708,-0.4585347175598144,-0.1270610839128494,0.2439185976982116,0.7560813426971436,-0.1252875924110412,-0.1179337203502655,-0.3265107274055481,-0.2173489332199096,0.3216374218463897,-0.2582845985889435,-0.1890838146209716,-0.068226121366024,1.0,0.0,0.0,1.0,0.0,0.0,1.0,0.0,0.0
20260414_134505_905168,1,74,1.388056993484497,0.0523718334734439,-0.2784232621031686,9.66493998500265,-0.2584232621031685,-0.5539253611011787,-3.679856099188328,3.587164005889548,0.0,0.0,0.02,0.0,0.0,carpet,12345,2458047712,0,0,1,2,2,2,-1.0,0.4037531316280365,0.1627953201532364,-0.6641570329666138,-0.8426226377487183,0.5796087980270386,0.9910036325454712,-0.1214921027421951,0.2385314553976059,0.7614685297012329,-0.1647614985704422,-0.3576998114585876,0.3615984320640564,0.314814805984497,-0.2738791406154632,-0.1832358688116073,0.2680311799049377,-0.2962962985038757,1.0,0.0,0.0,1.0,0.0,0.0,1.0,0.0,0.0
20260414_134505_905168,1,75,1.3370811939239502,0.0114701185375452,0.2656917192674778,9.930631704270128,0.2856917192674779,0.6070988525715819,4.090171493589878,3.554949971850249,0.0,0.0,0.02,0.0,0.0,carpet,12345,2458047712,0,0,1,2,2,2,0.1308695673942566,-0.3442413806915283,0.5127033591270447,0.0746203660964965,0.3561795651912689,-0.9329003095626832,0.9609119296073914,0.0561502464115619,0.2041740864515304,0.7958258986473083,0.2033621668815612,-0.5779727101325989,0.3070175349712372,0.1481481492519378,-0.3567251563072204,-0.4766081869602203,0.2914229929447174,0.5594542026519775,1.0,0.0,0.0,1.0,0.0,0.0,1.0,0.0,0.0
20260414_134505_905168,1,76,1.3074640035629272,-0.0287861544638872,0.7039645971612859,10.634596301431417,0.7239645971612859,1.4617309644645076,4.025627300143242,3.763419855621109,0.0,0.0,0.02,0.0,0.0,carpet,12345,2458047712,0,0,1,2,2,2,-0.6540361642837524,0.963367223739624,1.0,0.9624451994895936,-0.103101298213005,0.7420608997344971,0.3114869296550751,-0.0075695039704442,0.2423623949289322,0.7576375603675842,0.0778486281633377,0.0877192988991737,-0.1949317753314972,0.3021442592144012,-0.0526315793395042,0.1374268978834152,-0.5867446660995483,0.5974658727645874,1.0,0.0,0.0,1.0,0.0,0.0,1.0,0.0,0.0
20260414_134505_905168,1,77,1.2436647415161133,0.0317980125546455,-0.2088748472384352,10.42572145419298,-0.1888748472384352,-0.4183059521149488,-6.058416701853275,2.427716297273818,0.0,0.0,0.02,0.0,0.0,carpet,12345,2458047712,0,0,1,2,2,2,-0.3737799823284149,-0.0400538071990013,0.8795463442802429,-0.1174525544047355,0.2722264230251312,-0.7931803464889526,-0.657153308391571,-0.044590950012207,0.2799480855464935,0.7200518846511841,-0.045950349420309,-0.4200779795646667,0.1471734941005706,0.3840155899524688,0.1081871315836906,-0.1549707651138305,-0.1276803165674209,0.1627680361270904,1.0,0.0,0.0,1.0,0.0,0.0,1.0,0.0,0.0
20260414_134505_905168,1,78,1.2414555549621582,0.036075260490179,-0.2100823910125877,10.215639063180392,-0.1900823910125877,-0.4206606624745461,-0.4277247935533523,1.1639893929399534,0.0,0.0,0.02,0.0,0.0,carpet,12345,2458047712,0,0,1,2,2,2,0.4700651168823242,0.5745456218719482,-0.449383795261383,0.7947790622711182,0.2031830251216888,-0.84740149974823,-0.594157874584198,-0.1243400573730468,0.2233830541372299,0.7766169309616089,-0.2808508276939392,-0.231968805193901,-0.0467836260795593,0.4922027289867401,-0.1150097474455833,0.1598440557718277,-0.4288499057292938,-0.3888888955116272,1.0,0.0,0.0,1.0,0.0,0.0,1.0,0.0,0.0
20260414_134505_905168,1,79,1.2215664386749268,0.0512722879648208,-0.4032792077457577,9.812359855434634,-0.3309852224215115,-0.6954211837219475,-1.51970274746418,-0.0194833423765317,0.0,0.0458797064849248,0.02,0.05,0.0,carpet,12345,2458047712,0,0,1,2,2,2,-0.1078924089670181,0.9962952136993408,0.7962471842765808,-0.5326690077781677,-0.3228376805782318,-0.8819267749786377,-0.605552077293396,-0.1271015107631683,0.2193895578384399,0.7806104421615601,-0.2893759906291961,0.2826510667800903,0.3333333432674408,-0.3206627666950226,0.3723196983337402,0.078947365283966,-0.5048732757568359,-0.3606237769126892,1.0,0.0,0.0,1.0,0.0,0.0,1.0,0.0,0.0
20260414_134505_905168,1,80,1.2575552463531494,6.103841587901115e-05,0.3404926636710596,10.152852519105693,0.3634437697087582,0.7587153509320785,5.121124954894185,1.2931573696567256,0.0,0.0590221207539709,0.02,0.0,0.0,carpet,12345,2458047712,0,0,1,2,2,2,0.6273158192634583,-0.4540115594863891,-1.0,0.9226338863372804,-0.1967858374118805,0.0907718241214752,-0.3009158968925476,-0.1519628465175628,0.2052006870508194,0.794799268245697,-0.3251057267189026,-0.1052631586790084,0.5097466111183167,0.3469785451889038,-0.3040935695171356,-0.1062378138303756,-0.5087719559669495,-0.3615984320640564,1.0,0.0,0.0,1.0,0.0,0.0,1.0,0.0,0.0
20260414_134505_905168,1,81,1.2737436294555664,-0.0143225286155939,0.4284683745899019,10.581320893695596,0.4505772764030127,0.9286256889858748,1.438356703147292,1.6146842060710185,0.0,0.0421780362622148,0.02,0.0,0.0,carpet,12345,2458047712,0,0,1,2,2,2,-0.0074241436086595,0.4166215062141418,-0.9542998671531676,-0.6148588061332703,-0.0825012698769569,-0.9737256169319152,0.2077298313379287,-0.1069768890738487,0.2530146241188049,0.7469853758811951,-0.2236647307872772,0.4152046740055084,0.2007797211408615,-0.4220272898674011,0.528265118598938,-0.2270955145359039,-0.1949317753314972,-0.2309941500425338,1.0,0.0,0.0,1.0,0.0,0.0,1.0,0.0,0.0
20260414_134505_905168,1,82,1.2575474977493286,-0.0192034319043159,0.3716613638631466,10.952982257558745,0.3940983840807509,0.8184918489574642,0.4880903288722038,0.9714450905639752,0.0,0.0487404043520843,0.02,0.0,0.0,carpet,12345,2458047712,0,0,1,2,2,2,1.0,-0.4472063183784485,0.036720298230648,0.2750269472599029,-0.1277823746204376,-0.5441812872886658,-0.1844933331012725,-0.0867414474487304,0.2664439976215362,0.7335560321807861,-0.1316949725151062,0.0614035092294216,0.343079924583435,-0.5185185074806213,0.1237816736102104,-0.0029239766299724,-0.6052631735801697,0.1228070184588432,1.0,0.0,0.0,1.0,0.0,0.0,1.0,0.0,0.0
20260414_134505_905168,1,83,1.2686271667480469,-0.0279890540987253,0.3786885612419462,11.331670818800688,0.4017997136299122,0.8335094415783288,0.878562219440937,2.2232604842572528,0.0,0.0622230477593196,0.02,0.0,0.0,carpet,12345,2458047712,0,0,1,2,2,2,0.3072928488254547,0.5770969390869141,0.3830214142799377,0.3581632971763611,0.7579036951065063,0.8902336955070496,-0.3735502958297729,-0.1069865226745605,0.2710011005401611,0.7289988994598389,-0.1978125721216201,0.6111111044883728,-0.2690058350563049,0.0380116961896419,0.1637426912784576,-0.0867446362972259,-0.3547758162021637,-0.1286549717187881,1.0,0.0,0.0,1.0,0.0,0.0,1.0,0.0,0.0
20260414_134505_905168,1,84,1.2865042686462402,-0.0453204959630966,0.4952534185317976,11.826924237332486,0.5171375014323244,1.058418127793033,1.73314418643713,3.702339274524832,0.0,0.0376816580105355,0.02,0.0,0.0,carpet,12345,2458047712,0,0,1,2,2,2,0.0273567661643028,-0.6289671063423157,0.4285548031330108,-0.746907114982605,-1.0,-0.8953772783279419,0.041208941489458,-0.0931369811296463,0.2792038917541504,0.7207961082458496,-0.2273000031709671,0.1627680361270904,0.1461988240480423,0.1120857670903205,0.1374268978834152,0.1267056465148925,-0.235867440700531,-0.2534112930297851,1.0,0.0,0.0,1.0,0.0,0.0,1.0,0.0,0.0
20260414_134505_905168,1,85,1.3782557249069214,-0.0533507168292999,0.4643944192306996,12.291318656563186,0.4843944192306996,0.9945691174998644,0.8030220866203308,5.392329575746643,0.0,0.0,0.02,0.0,0.0,carpet,12345,2458047712,0,0,1,2,2,2,0.404492050409317,-0.7902853488922119,0.7931737899780273,0.4227088987827301,0.2564907968044281,0.4677985608577728,0.8099674582481384,-0.0707906708121299,0.2953855693340301,0.7046144008636475,-0.1079383939504623,0.0467836260795593,-0.272904485464096,0.3304093480110168,-0.1998050659894943,-0.1189083829522132,-0.4561403393745422,0.0380116961896419,1.0,0.0,0.0,1.0,0.0,0.0,1.0,0.0,0.0
20260414_134505_905168,1,86,1.3574450016021729,-0.0497180223464965,0.2903125518229764,12.581631208386163,0.3103125518229764,0.655109476054804,-0.3632694482803345,5.288723700869369,0.0,0.0,0.02,0.0,0.0,carpet,12345,2458047712,0,0,1,2,2,2,0.8307373523712158,0.1127643138170242,-0.0265953484922647,0.3527807295322418,-0.9403236508369446,0.8623368144035339,-0.3354355096817016,0.0438987724483013,0.3028830289840698,0.6971169710159302,0.095229223370552,0.2543859779834747,-0.4707602262496948,0.4629629552364349,0.1052631586790084,-0.0165692009031772,-0.1920077949762344,0.458089679479599,1.0,0.0,0.0,1.0,0.0,0.0,1.0,0.0,0.0
20260414_134505_905168,1,87,1.3841902017593384,-0.0647776275873184,0.3993960195187943,12.981027227904958,0.4193960195187943,0.8678222380616489,1.5059605240821838,5.227920249945143,0.0,0.0,0.02,0.0,0.0,carpet,12345,2458047712,0,0,1,2,2,2,-1.0,-0.2356268018484115,-0.6563965678215027,0.347569853067398,0.9350815415382384,-0.7393798828125,0.6863589882850647,0.017885398119688,0.2994913756847381,0.7005086541175842,-0.0584162473678588,0.4775828421115875,0.0370370373129844,-0.0389863550662994,0.2105263173580169,-0.5653021335601807,0.4483430683612823,-0.2300194948911667,1.0,0.0,0.0,1.0,0.0,0.0,1.0,0.0,0.0
20260414_134505_905168,1,88,1.437713384628296,-0.0426525585353374,0.0044820267931858,12.985509254698144,0.0244820267931858,0.0977399522467123,-2.212506905198097,4.507168353234391,0.0,0.0,0.02,0.0,0.0,carpet,12345,2458047712,0,0,1,2,2,2,-0.3577714264392853,0.5960728526115417,0.1072770431637764,-0.7900649309158325,0.1295312345027923,0.3557262420654297,1.0,0.0513168349862098,0.3135519027709961,0.6864480972290039,0.078040175139904,-0.446393758058548,-0.0409356728196144,-0.3001949191093445,0.1822612136602401,0.4171539843082428,-0.4649122953414917,0.4103313982486725,1.0,0.0,0.0,1.0,0.0,0.0,1.0,0.0,0.0
20260414_134505_905168,1,89,1.360418438911438,-0.094580203294754,0.6576902990617722,13.643199553759915,0.6776902990617722,1.371496083170456,5.192764475941658,5.045154994826518,0.0,0.0,0.02,0.0,0.0,carpet,12345,2458047712,0,0,1,2,2,2,-0.2857202291488647,-0.8517244458198547,-0.2148777097463607,-0.1903634965419769,-0.4252233505249023,0.6684598326683044,-0.6686262488365173,0.1182207092642784,0.2928946316242218,0.7071053385734558,0.2563907206058502,-0.2504873275756836,0.2972709536552429,0.0126705653965473,-0.4863547682762146,0.0750487297773361,0.1783625781536102,0.5867446660995483,1.0,0.0,0.0,1.0,0.0,0.0,1.0,0.0,0.0
20260414_134505_905168,1,90,1.346641182899475,-0.1108686253428459,0.6906833915795548,14.33388294533947,0.7106833915795548,1.435832613580132,1.6288422048091888,5.4225694806136175,0.0,0.0,0.02,0.0,0.0,carpet,12345,2458047712,0,0,1,2,2,2,-0.3310464322566986,-0.0690505877137184,-0.6447791457176208,-0.9709509015083312,0.1688039749860763,-0.6286128163337708,-0.498721033334732,0.0216020587831735,0.3413774073123932,0.6586225628852844,-0.0647809281945228,-0.1608187109231948,-0.1812865436077118,-0.0721247568726539,-0.1081871315836906,-0.2563352882862091,0.4307992160320282,-0.4054580926895141,1.0,0.0,0.0,1.0,0.0,0.0,1.0,0.0,0.0
20260414_134505_905168,1,91,1.4705363512039185,-0.0631467401981353,-0.0539347017603352,14.279948243579137,-0.0339347017603353,-0.1161726684326538,-4.772188514471054,4.311827694681099,0.0,0.0,0.02,0.0,0.0,carpet,12345,2458047712,0,0,1,2,2,2,0.9665979743003844,-0.4246985018253326,0.1316657811403274,0.8216104507446289,0.0355020686984062,0.4766492545604706,0.8861781358718872,0.0043806075118482,0.3565852642059326,0.6434147357940674,-0.0787048861384391,-0.1900584846735,0.0029239766299724,-0.2134502977132797,-0.4483430683612823,0.1851851791143417,0.0409356728196144,-0.2914229929447174,1.0,0.0,0.0,1.0,0.0,0.0,1.0,0.0,0.0
20260414_134505_905168,1,92,1.4699325561523438,-0.069665178656578,-0.0067530973658616,14.273195146213274,0.0132469026341383,0.0758314601365697,0.6518438458442688,3.732549678762865,0.0,0.0,0.02,0.0,0.0,carpet,12345,2458047712,0,0,1,2,2,2,-0.3873401284217834,-0.3929776549339294,-0.8440271615982056,-0.6594756245613098,-0.0021602420601993,0.5830541849136353,0.6425936222076416,0.1592494994401931,0.3120292127132416,0.687970757484436,0.2503081262111664,0.5808966755867004,-0.3001949191093445,0.0204678364098072,0.1325536072254181,-0.064327485859394,0.2270955145359039,0.5224171280860901,1.0,0.0,0.0,1.0,0.0,0.0,1.0,0.0,0.0
20260414_134505_905168,1,93,1.307968258857727,-0.113179363310337,0.5413990827930286,14.814594229006303,0.5613990827930286,1.144728211446406,4.3514184653759,4.009455652147622,0.0,0.0,0.02,0.0,0.0,carpet,12345,2458047712,0,0,1,2,2,2,-0.1298000067472458,-0.5510604381561279,-0.9402310848236084,-0.2221183478832245,-0.8518788814544678,-0.9356959462165833,-0.6636650562286377,0.1584947556257248,0.3181152045726776,0.681884765625,0.2224079966545105,-0.1822612136602401,-0.1608187109231948,-0.2768031060695648,-0.2768031060695648,0.0253411307930946,0.2992202639579773,0.376218318939209,1.0,0.0,0.0,1.0,0.0,0.0,1.0,0.0,0.0
20260414_134505_905168,1,94,1.1755789518356323,-0.0036369790323078,-0.9584684350594508,13.856125793946852,-0.9384684350594508,-1.8800134483659288,-10.95423842780292,2.0317022515349805,0.0,0.0,0.02,0.0,0.0,carpet,12345,2458047712,0,0,1,2,2,2,-0.721812903881073,-0.5889771580696106,0.1077490746974945,-0.8464944958686829,0.7326065897941589,-0.789687991142273,-0.9091060161590576,-0.0439605712890625,0.3587426841259002,0.6412573456764221,-0.1118842959403991,-0.0721247568726539,-0.223196879029274,-0.3411306142807007,-0.0711500942707061,-0.1276803165674209,0.1432748585939407,-0.3615984320640564,1.0,0.0,0.0,1.0,0.0,0.0,1.0,0.0,0.0
20260414_134505_905168,1,95,1.192149043083191,-0.0396995469927787,-0.2899244268963188,13.566201367050532,-0.2351004550065031,-0.5084458872626811,3.606256796047092,0.1517602811018434,0.0,0.0,0.02,0.0348239718898156,0.0,carpet,12345,2458047712,0,0,1,2,2,2,0.3113081753253937,0.5712367296218872,0.6002214550971985,0.2691737711429596,-1.0,-1.0,0.4791263043880462,-0.209447294473648,0.2564673125743866,0.743532657623291,-0.3659771978855133,-0.4434697926044464,-0.3489278852939605,0.0877192988991737,-0.4902534186840057,0.4561403393745422,-0.4288499057292938,-0.5516569018363953,1.0,0.0,0.0,1.0,0.0,0.0,1.0,0.0,0.0
20260414_134505_905168,1,96,1.17417311668396,-0.0432610474526882,-0.1942675018770605,13.371933865173473,-0.1242548225380842,-0.2922969039492642,0.3561500459909439,-1.5763692364275528,0.0,0.0002535867795248,0.02,0.05,0.0,carpet,12345,2458047712,0,0,1,2,2,2,0.0443565286695957,-0.7863812446594238,-0.7285165786743164,0.761202871799469,-0.4192865788936615,0.4590513408184051,-0.6168432235717773,-0.188734620809555,0.2901374995708465,0.709862470626831,-0.1366508454084396,0.1325536072254181,-0.2212475687265396,0.2348927855491638,0.1598440557718277,-0.4775828421115875,-0.5721247792243958,0.3021442592144012,1.0,0.0,0.0,1.0,0.0,0.0,1.0,0.0,0.0
20260414_134505_905168,1,97,1.2123770713806152,-0.0774497762322425,0.2302541238599525,13.602187989033425,0.3002541238599525,0.6354955415269075,3.4188728779554367,-0.8247010264679915,0.0,0.0,0.02,0.05,0.0,carpet,12345,2458047712,0,0,1,2,2,2,-0.3934006690979004,0.3235999345779419,0.2002959698438644,-0.1518265306949615,-0.6992810368537903,0.7892227172851562,-0.1506139636039734,-0.2112045288085937,0.293462723493576,0.7065372467041016,-0.3185438215732574,0.0575048737227916,-0.3196881115436554,-0.3167641460895538,0.4259259402751922,-0.3703703582286834,0.1208577007055282,-0.4103313982486725,1.0,0.0,0.0,1.0,0.0,0.0,1.0,0.0,0.0
20260414_134505_905168,1,98,1.3833067417144775,-0.059753380715847,-0.07,13.532187989033424,0.0,0.0342117682352949,-1.7696395516395569,-0.8663207183692663,0.0,0.0,0.02,0.05,0.0,carpet,12345,2458047712,0,0,1,2,2,2,-0.2541089355945587,-0.2764137089252472,-0.2920267283916473,0.926773965358734,-0.3026242256164551,0.7132306098937988,0.9085302352905272,-0.1634495705366134,0.3253833949565887,0.6746165752410889,-0.1353581696748733,-0.2777777910232544,0.1130604296922683,0.0633528232574462,-0.1189083829522132,-0.4385964870452881,0.4122807085514068,-0.1189083829522132,1.0,0.0,0.0,1.0,0.0,0.0,1.0,0.0,0.0
20260414_134505_905168,1,99,1.2377991676330566,-0.0876637324690818,0.2753423692345329,13.807530358267956,0.3453423692345329,0.7234176200073392,2.7910351753234863,-1.287631309808333,0.0,0.0,0.02,0.05,0.0,carpet,12345,2458047712,0,0,1,2,2,2,-0.6258870363235474,-0.8468590974807739,-0.5283851623535156,0.0756799504160881,0.367268294095993,-0.3877220451831817,-0.7093982696533203,0.0502124801278114,0.3088609576225281,0.6911389827728271,0.1894931644201278,-0.1442495137453079,-0.1306042820215225,-0.1900584846735,0.1812865436077118,-0.4230019450187683,0.3635477721691131,0.5419103503227234,1.0,0.0,0.0,1.0,0.0,0.0,1.0,0.0,0.0
20260414_134505_905168,1,100,1.266062617301941,-0.1129889637231826,0.5572789724912928,14.36480933075925,0.5772789724912928,1.1756939963580209,2.53252312541008,1.768076134915617,0.0,0.0,0.02,0.0,0.0,carpet,12345,2458047712,0,0,1,2,2,2,-0.1053744181990623,-0.8948677182197571,-0.4343024790287018,0.3631920516490936,-0.1946436911821365,1.0,-0.508033275604248,-0.1316719949245453,0.3349197804927826,0.6650802493095398,-0.2824545204639435,-0.3557505011558532,-0.3996101319789886,-0.223196879029274,0.0224171541631221,0.1861598491668701,-0.2280701696872711,-0.4230019450187683,1.0,0.0,0.0,1.0,0.0,0.0,1.0,0.0,0.0
20260414_134505_905168,1,101,1.2903871536254885,-0.113281175494194,0.4102952777147707,14.77510460847402,0.4302952777147708,0.889075791543803,0.0292211771011352,3.1655978137221013,0.0,0.0,0.02,0.0,0.0,carpet,12345,2458047712,0,0,1,2,2,2,0.0969935357570648,0.6537962555885315,-0.8495223522186279,0.4410473704338074,-0.5923303365707397,1.0,-0.5202530026435852,-0.0963426604866981,0.35856494307518,0.6414350271224976,-0.1884902417659759,-0.0594541914761066,-0.5311890840530396,-0.2290448397397995,0.2037037014961242,-0.165692001581192,0.2914229929447174,-0.3557505011558532,1.0,0.0,0.0,1.0,0.0,0.0,1.0,0.0,0.0
20260414_134505_905168,1,102,1.5134644508361816,-0.0818051919341087,-0.0559449976124513,14.719159610861569,-0.0359449976124513,-0.1200927453442801,-3.1475983560085297,3.3378019723270853,0.0,0.0,0.02,0.0,0.0,carpet,12345,2458047712,0,0,1,2,2,2,0.6996746063232422,-0.7482500076293945,-0.190894603729248,0.6703101992607117,0.3744208216667175,0.9151288270950316,0.6978241801261902,-0.0659370422363281,0.3588377833366394,0.6411622166633606,-0.1544663459062576,0.0214424952864646,0.2446393817663192,-0.5925925970077515,0.2456140369176864,-0.371345043182373,0.4922027289867401,-0.3557505011558532,1.0,0.0,0.0,1.0,0.0,0.0,1.0,0.0,0.0
20260414_134505_905168,1,103,1.492372751235962,-0.0992217436432838,0.1314585813954688,14.850618192257038,0.1514585813954687,0.3453442337211641,1.741655170917511,3.047650664521342,0.0,0.0,0.02,0.0,0.0,carpet,12345,2458047712,0,0,1,2,2,2,-0.0057863709516823,-0.9826031923294068,-0.614724338054657,0.5888664722442627,-0.9156239628791808,0.8920051455497742,0.1931746006011963,0.2129096984863281,0.3294498920440674,0.6705501079559326,0.2343755513429641,0.4288499057292938,-0.4697855710983276,-0.1978557556867599,0.2602339088916778,-0.3079921901226043,0.4844054579734802,0.4074074029922485,1.0,0.0,0.0,1.0,0.0,0.0,1.0,0.0,0.0
20260414_134505_905168,1,104,1.4207353591918943,-0.1385260820388794,0.5910854539388521,15.44170364619589,0.6110854539388522,1.2416166351807618,3.930433839559555,4.255055531466809,0.0,0.0,0.02,0.0,0.0,carpet,12345,2458047712,0,0,1,2,2,2,-0.9028141498565674,1.0,0.1685667186975479,-0.4986572861671448,-0.2897123396396637,0.5320524573326111,-0.6222029328346252,0.1865449845790863,0.3457110226154327,0.6542889475822449,0.1511725187301635,0.0116959065198898,-0.5155945420265198,-0.3196881115436554,0.3450292348861694,-0.5428850054740906,0.5380116701126099,0.1218323558568954,1.0,0.0,0.0,1.0,0.0,0.0,1.0,0.0,0.0
20260414_134505_905168,1,105,1.4552420377731323,-0.155768409371376,0.65295931266564,16.09466295886153,0.67295931266564,1.362270659697998,1.7242327332496643,4.893908571157468,0.0,0.0,0.02,0.0,0.0,carpet,12345,2458047712,0,0,1,2,2,2,0.0658357590436935,-0.4203929305076599,0.2284046411514282,-0.5439093112945557,0.2756645083427429,0.2411427050828933,0.2308910489082336,0.0969982147216796,0.382407933473587,0.6175920367240906,-0.0413709171116352,-0.5867446660995483,0.1237816736102104,0.0058479532599449,-0.3226120769977569,-0.1325536072254181,0.4103313982486725,-0.3654970824718475,1.0,0.0,0.0,1.0,0.0,0.0,1.0,0.0,0.0
20260414_134505_905168,1,106,1.4336692094802856,-0.1599271446466446,0.5316263470026694,16.626289305864198,0.5516263470026694,1.1256713766552051,0.4158735275268554,4.843885951454652,0.0,0.0,0.02,0.0,0.0,carpet,12345,2458047712,0,0,1,2,2,2,0.00634381826967,-0.0404707007110118,-0.5246595144271851,0.3859957754611969,-0.8096811175346375,0.045164056122303,0.0736429318785667,0.1401315629482269,0.3985064029693603,0.6014935374259949,0.0904367119073867,0.0292397662997245,-0.2904483377933502,0.1276803165674209,-0.3693957030773163,0.1481481492519378,0.1423001885414123,0.136452242732048,1.0,0.0,0.0,1.0,0.0,0.0,1.0,0.0,0.0
20260414_134505_905168,1,107,1.265672206878662,-0.1064516678452491,-0.2469914807915271,16.37929782507267,-0.2269914807915271,-0.4926333875434778,-5.347547680139542,3.462176772367372,0.0,0.0,0.02,0.0,0.0,carpet,12345,2458047712,0,0,1,2,2,2,-0.1790666431188583,0.158413365483284,-0.5723018050193787,-0.5106415748596191,0.0359902679920196,-0.559497594833374,-0.75511234998703,0.1131656616926193,0.402389258146286,0.5976107120513916,0.0517210438847541,-0.0116959065198898,-0.0370370373129844,-0.331384003162384,0.2309941500425338,-0.441520482301712,0.1267056465148925,0.0857699811458587,1.0,0.0,0.0,1.0,0.0,0.0,1.0,0.0,0.0
20260414_134505_905168,1,108,1.5190935134887695,-0.1312256455421447,0.082499693212703,16.461797518285373,0.102499693212703,0.2498744017647709,2.47739776968956,3.8321439194764224,0.0,0.0,0.02,0.0,0.0,carpet,12345,2458047712,0,0,1,2,2,2,-0.0956432148814201,-0.1603377610445022,-0.4843987226486206,-0.4835971295833587,0.5714499950408936,0.5377448797225952,0.5645092129707336,-0.0968306511640548,0.3524613082408905,0.6475386619567871,-0.2911450266838074,-0.1218323558568954,0.0672514587640762,-0.343079924583435,-0.2699805200099945,0.0857699811458587,-0.2738791406154632,-0.4532163739204407,1.0,0.0,0.0,1.0,0.0,0.0,1.0,0.0,0.0
20260414_134505_905168,1,109,1.329872488975525,-0.101615659892559,-0.277868635854385,16.183928882430987,-0.2578686358543849,-0.5528438399160507,-2.9609985649585724,2.933955845839208,0.0,0.0,0.02,0.0,0.0,carpet,12345,2458047712,0,0,1,2,2,2,0.974870264530182,-0.9433522820472716,0.1359484195709228,-0.5627202987670898,0.5534656047821045,-0.5610255599021912,-0.8097745180130005,0.2199459075927734,0.3755918145179748,0.6244081854820251,0.1819350272417068,-0.0623781681060791,-0.080896683037281,-0.2807017564773559,-0.3089668750762939,0.2846003770828247,0.2241715341806411,0.317738801240921,1.0,0.0,0.0,1.0,0.0,0.0,1.0,0.0,0.0
20260414_134505_905168,1,110,1.293087601661682,-0.0866516083478927,-0.3988380351557448,15.785090847275242,-0.3788380351557447,-0.7887341685537024,-1.496405154466629,0.9036050421047436,0.0,0.0,0.02,0.0,0.0,carpet,12345,2458047712,0,0,1,2,2,2,0.0162416584789752,-0.9307145476341248,0.0993390679359436,-0.7421877980232239,-0.8653666973114014,-1.0,-0.6459291577339172,-0.0165803916752338,0.3479461371898651,0.6520538330078125,-0.2869874536991119,0.5886939764022827,-0.5789473652839661,0.0779727101325988,-0.3479532301425934,0.3469785451889038,-0.3167641460895538,-0.4892787635326385,1.0,0.0,0.0,1.0,0.0,0.0,1.0,0.0,0.0
20260414_134505_905168,1,111,1.4838073253631592,-0.1512434631586074,0.4791003814628636,16.264191228738106,0.4991003814628637,1.0232457438525842,6.459185481071472,0.5645801262593295,0.0,0.0,0.02,0.0,0.0,carpet,12345,2458047712,0,0,1,2,2,2,-0.8333381414413452,0.7724379301071167,-0.2084633409976959,0.4160948991775512,0.6680510640144348,-0.3861566483974457,0.8713555335998535,-0.0625614151358604,0.3339748084545135,0.6660252213478088,-0.307391345500946,0.0370370373129844,-0.5428850054740906,0.1091617941856384,-0.3810916244983673,0.1998050659894943,-0.4970760345458984,-0.3810916244983673,1.0,0.0,0.0,1.0,0.0,0.0,1.0,0.0,0.0
20260414_134505_905168,1,112,1.4468994140625,-0.1749453097581863,0.6517848578866239,16.91597608662473,0.6717848578866239,1.3599804728789169,2.3701846599578857,0.7988892224830408,0.0,0.0,0.02,0.0,0.0,carpet,12345,2458047712,0,0,1,2,2,2,0.8321775794029236,-0.5782650709152222,0.7515099048614502,-0.71787029504776,-0.2606075406074524,0.0961317867040634,-0.2945819199085235,0.1758382767438888,0.394281655550003,0.6057183742523193,0.0966317802667617,-0.528265118598938,0.1881091594696045,-0.2270955145359039,0.0750487297773361,0.272904485464096,-0.3586744666099548,0.5038986206054688,1.0,0.0,0.0,1.0,0.0,0.0,1.0,0.0,0.0
20260414_134505_905168,1,113,1.5449310541152954,-0.1480741202831268,0.1329259578372874,17.048902044462018,0.1529259578372874,0.3482056177827104,-2.687118947505951,1.639728227809229,0.0,0.0,0.02,0.0,0.0,carpet,12345,2458047712,0,0,1,2,2,2,0.2517289817333221,0.7489177584648132,0.5268149375915527,-0.35533007979393,0.777045488357544,-0.0606250837445259,0.9070045351982116,0.1297033280134201,0.4164111316204071,0.5835888981819153,-0.0557334907352924,0.4824561476707458,-0.4259259402751922,0.3820662796497345,-0.4171539843082428,-0.1091617941856384,0.0847953185439109,-0.1812865436077118,1.0,0.0,0.0,1.0,0.0,0.0,1.0,0.0,0.0
20260414_134505_905168,1,114,1.535796284675598,-0.1673446297645568,0.3353420258321915,17.38424407029421,0.3553420258321915,0.7429169503727735,1.9270509481430047,2.132770776417232,0.0,0.0,0.02,0.0,0.0,carpet,12345,2458047712,0,0,1,2,2,2,0.1622695475816726,-0.0829427242279052,-0.6177093982696533,-0.5166102647781372,-0.0621426329016685,0.0730266273021698,0.4394705593585968,0.2522428631782532,0.3913225531578064,0.6086774468421936,0.1777350902557373,0.1276803165674209,-0.0945419073104858,0.2378167659044265,-0.3118908405303955,0.2631579041481018,-0.1101364493370056,0.528265118598938,1.0,0.0,0.0,1.0,0.0,0.0,1.0,0.0,0.0
20260414_134505_905168,1,115,1.4938933849334717,-0.1625198274850845,0.1782398234834725,17.56248389377768,0.1982398234834725,0.4365676557927713,-0.4824802279472351,3.1221822721260537,0.0,0.0,0.02,0.0,0.0,carpet,12345,2458047712,0,0,1,2,2,2,-1.0,-0.3749372959136963,0.7572837471961975,-0.1525072902441024,0.5650288462638855,0.5656358003616333,-0.6599158048629761,0.2408245056867599,0.4093146622180938,0.5906853079795837,0.1230858638882637,0.1072124764323234,-0.0019493177533149,-0.2534112930297851,-0.2875243723392486,-0.0350877195596694,0.0399610139429569,0.2651072144508362,1.0,0.0,0.0,1.0,0.0,0.0,1.0,0.0,0.0
20260414_134505_905168,1,116,1.525325059890747,-0.1873340755701065,0.4404009969077578,18.00288489068544,0.4604009969077578,0.9477819439701278,2.4814248085021973,4.858698384649884,0.0,0.0,0.02,0.0,0.0,carpet,12345,2458047712,0,0,1,2,2,2,0.2664174735546112,-0.2682157158851623,-0.0334404855966568,0.2462194561958313,-0.0730892717838287,0.2426475435495376,-0.0180111434310674,0.1884458512067794,0.4048099815845489,0.5951900482177734,-0.0874532088637352,-0.6130604147911072,-0.2436647117137909,0.376218318939209,-0.206627681851387,0.1715399622917175,0.2855750620365143,-0.4093567132949829,1.0,0.0,0.0,1.0,0.0,0.0,1.0,0.0,0.0
20260414_134505_905168,1,117,1.64153790473938,-0.1198157221078872,-0.4956857204996431,17.507199170185796,-0.4754473736296865,-0.9771223785778886,-6.751835346221924,2.858330262219411,0.0023834686995662,0.0,0.02,0.0,0.0,carpet,12345,2458047712,0,0,1,2,2,2,-0.6159065961837769,-0.5386481881141663,-0.1323862373828888,-0.3056195378303528,0.7410673499107361,0.4706100225448608,0.7159063220024109,0.2277353256940841,0.4279780387878418,0.5720219612121582,0.0268237069249153,0.149122804403305,-0.19395712018013,-0.0536062382161617,0.1335282623767852,-0.0740740746259689,0.1354775875806808,-0.0155945420265197,1.0,0.0,0.0,1.0,0.0,0.0,1.0,0.0,0.0
20260414_134505_905168,1,118,1.5687048435211182,-0.1389691531658172,-0.1250498545468313,17.382149315638966,-0.1046184653770049,-0.2540060074851595,1.9153431057929995,1.244343781855335,0.0043138916982644,0.0,0.02,0.0,0.0,carpet,12345,2458047712,0,0,1,2,2,2,1.0,-0.2014510780572891,0.845146656036377,-0.8654508590698242,0.9371700882911682,0.5470291972160339,-0.7184972167015076,0.3730014860630035,0.3649388253688812,0.6350611448287964,0.25108402967453,-0.3489278852939605,-0.2680311799049377,-0.0409356728196144,-0.2163742631673813,0.317738801240921,0.161793366074562,0.4064327478408813,1.0,0.0,0.0,1.0,0.0,0.0,1.0,0.0,0.0
20260414_134505_905168,1,119,1.604344606399536,-0.1736523061990738,0.3004731678506848,17.682622483489652,0.321320164214123,0.67657432021754,3.468315303325653,1.5727124842901643,0.008469963634382,0.0,0.02,0.0,0.0,carpet,12345,2458047712,0,0,1,2,2,2,0.3644432127475738,0.441168338060379,0.5446193218231201,0.2508803606033325,-0.2895728051662445,-0.0786309316754341,0.4548302292823791,0.2819600999355316,0.3828215897083282,0.6171783804893494,-0.0045770923607051,0.5692007541656494,-0.2407407462596893,0.3245614171028137,-0.583820641040802,0.5068225860595703,0.3401559591293335,-0.4230019450187683,1.0,0.0,0.0,1.0,0.0,0.0,1.0,0.0,0.0
20260414_134505_905168,1,120,1.6094084978103638,-0.1679944992065429,0.1407501055309932,17.823372589020646,0.1620438796666019,0.3659855653498738,-0.5657806992530823,1.1957810992672648,0.0129377413560874,0.0,0.02,0.0,0.0,carpet,12345,2458047712,0,0,1,2,2,2,-1.0,-0.7302592396736145,0.6710994839668274,-0.8373280167579651,-0.485582560300827,0.0685701221227645,0.6271940469741821,0.3265098631381988,0.4152038693428039,0.5847960710525513,0.1562917083501815,0.1978557556867599,0.0350877195596694,0.2446393817663192,-0.0097465887665748,-0.2222222238779068,-0.0019493177533149,0.3031189143657684,1.0,0.0,0.0,1.0,0.0,0.0,1.0,0.0,0.0
20260414_134505_905168,1,121,1.6439242362976074,-0.1450802534818649,-0.1533366130965318,17.670035975924115,-0.1273676764638641,-0.298366969104535,-2.291424572467804,0.4608464743699585,0.0205358406966363,0.0,0.02,0.0039153525630041,0.0,carpet,12345,2458047712,0,0,1,2,2,2,0.6432939767837524,0.8638407588005066,-0.9489148855209352,0.4078527987003326,-0.4651770293712616,0.8533653616905212,0.7598822116851807,0.3328397870063782,0.4099214076995849,0.5900785326957703,0.1702353805303573,-0.5906432867050171,-0.3557505011558532,0.471734881401062,-0.4142300188541412,-0.2563352882862091,0.0389863550662994,0.3645224273204803,1.0,0.0,0.0,1.0,0.0,0.0,1.0,0.0,0.0
20260414_134505_905168,1,122,1.6510140895843506,-0.1453014612197876,-0.1609816065971785,17.509054369326936,-0.0862795042976038,-0.2182450333803274,0.0221207737922668,-0.7051805029804967,0.0282910809279556,0.0374598841355828,0.02,0.05,0.0,carpet,12345,2458047712,0,0,1,2,2,2,0.7461873292922974,0.951002836227417,-0.8231163620948792,-0.0975173488259315,1.0,0.0539433360099792,1.0,0.3759843707084656,0.3885273039340973,0.6114726662635803,0.2381444126367569,0.3908382058143616,0.5136452317237854,-0.5916179418563843,0.2085769921541214,-0.3508771955966949,0.3869395852088928,0.4083820581436157,1.0,0.0,0.0,1.0,0.0,0.0,1.0,0.0,0.0
20260414_134505_905168,1,123,1.57028329372406,-0.2138886153697967,0.7473130358064781,18.25636740513341,0.7697410660076801,1.5509950787149762,6.858715415000916,1.822936954312368,0.0242803020120196,0.0,0.02,0.0,0.0,carpet,12345,2458047712,0,0,1,2,2,2,-0.9942006468772888,-0.4106670916080475,-0.6843544244766235,-0.2047431021928787,0.2335743904113769,-0.0815298408269882,-0.5309260487556458,0.3848466873168945,0.388733834028244,0.6112661957740784,0.2826007008552551,0.4230019450187683,0.5321637392044067,-0.5350877046585083,-0.1325536072254181,0.2699805200099945,-0.0048732943832874,0.5974658727645874,1.0,0.0,0.0,1.0,0.0,0.0,1.0,0.0,0.0
20260414_134505_905168,1,124,1.606721043586731,-0.1869352459907531,0.2027618217523676,18.459129226885786,0.2253395254154541,0.4894120745601356,-2.695336937904358,2.566355036357664,0.0257770366308656,0.0,0.02,0.0,0.0,carpet,12345,2458047712,0,0,1,2,2,2,-0.0491845197975635,0.5685611367225647,0.9177477359771729,1.0,0.6405138373374939,-0.8589907288551331,0.9627483487129213,0.2839332520961761,0.4527709484100342,0.547228991985321,-0.0456305518746376,-0.5760233998298645,0.1315789520740509,-0.384990245103836,-0.1228070184588432,0.1432748585939407,-0.0204678364098072,-0.3031189143657684,1.0,0.0,0.0,1.0,0.0,0.0,1.0,0.0,0.0
20260414_134505_905168,1,125,1.5513930320739746,-0.1971597373485565,0.2716378417318772,18.73076706861766,0.2936776101872781,0.6226713398651924,1.0224491357803345,2.512452056005316,0.0203976845540088,0.0,0.02,0.0,0.0,carpet,12345,2458047712,0,0,1,2,2,2,-0.9872206449508668,0.194802701473236,0.144369974732399,0.8176916837692261,0.6662984490394592,0.9647927284240724,-0.8171588182449341,0.3294803500175476,0.4276056587696075,0.5723943114280701,0.1476184874773025,-0.0984405428171157,0.0350877195596694,-0.1705653071403503,0.1374268978834152,0.3031189143657684,-0.538986325263977,0.5692007541656494,1.0,0.0,0.0,1.0,0.0,0.0,1.0,0.0,0.0
20260414_134505_905168,1,126,1.6060826778411863,-0.218048095703125,0.459380704170144,19.190147772787803,0.4816474173144153,0.98921246376311,2.088835835456848,3.135678954418552,0.0226671314427128,0.0,0.02,0.0,0.0,carpet,12345,2458047712,0,0,1,2,2,2,-0.052228644490242,0.64823317527771,-0.0678156912326812,0.0034132844302803,-1.0,-0.4159627556800842,0.5206777453422546,0.2603202760219574,0.4371518790721893,0.5628481507301331,-0.1576474905014038,-0.6013644933700562,0.0779727101325988,-0.1276803165674209,0.1325536072254181,0.2855750620365143,0.0487329438328743,-0.5136452317237854,1.0,0.0,0.0,1.0,0.0,0.0,1.0,0.0,0.0
20260414_134505_905168,1,127,1.5722633600234983,-0.2116774916648864,0.2510959634664648,19.44124373625427,0.2731508958289055,0.5826442468663657,-0.6370604038238525,4.016690170389452,0.0205493236244066,0.0,0.02,0.0,0.0,carpet,12345,2458047712,0,0,1,2,2,2,0.4976212382316589,-0.5532494187355042,-0.8124983310699463,0.3611858785152435,-0.9229423999786376,0.5019870400428772,-0.6014929413795471,0.3286823332309723,0.4566545188426971,0.5433455109596252,0.0827928707003593,-0.0653021410107612,0.3274853825569153,-0.0653021410107612,0.0467836260795593,-0.4035087823867798,-0.2270955145359039,0.3040935695171356,1.0,0.0,0.0,1.0,0.0,0.0,1.0,0.0,0.0
20260414_134505_905168,1,128,1.6046087741851809,-0.2252251207828521,0.3498788551413372,19.79112259139561,0.3721404682558529,0.7756739130989132,1.3547629117965698,5.010609116868693,0.022616131145156,0.0,0.02,0.0,0.0,carpet,12345,2458047712,0,0,1,2,2,2,-0.6292562484741211,0.5003967881202698,-1.0,-0.1475914120674133,-0.2201661616563797,0.6478521227836609,-0.0929579064249992,0.2864082455635071,0.4507065117359161,0.5492934584617615,-0.0746453553438186,0.3274853825569153,-0.1871345043182373,-0.334307998418808,0.2495126724243164,-0.538986325263977,0.2953216433525085,-0.3654970824718475,1.0,0.0,0.0,1.0,0.0,0.0,1.0,0.0,0.0
20260414_134505_905168,1,129,1.557582139968872,-0.2271118015050888,0.2749905763048761,20.06611316770048,0.2968833091692842,0.6289224528801043,0.1886680722236633,4.088536491033821,0.0189273286440812,0.0,0.02,0.0,0.0,carpet,12345,2458047712,0,0,1,2,2,2,0.1189651638269424,-0.7931942343711853,-0.1368602514266967,-0.8575218319892883,0.1794584095478058,-0.7532054781913757,-0.6133912205696106,0.3268400132656097,0.4633553922176361,0.5366445779800415,0.032886192202568,-0.3674463927745819,0.3450292348861694,-0.5487329363822937,-0.0672514587640762,-0.1384015530347824,0.317738801240921,-0.0955165699124336,1.0,0.0,0.0,1.0,0.0,0.0,1.0,0.0,0.0
20260414_134505_905168,1,130,1.6318541765213013,-0.2344984263181686,0.2885022131564748,20.35461538085696,0.3109525435831167,0.6563574599870776,0.7386624813079834,4.255481876460763,0.024503304266418,0.0,0.02,0.0,0.0,carpet,12345,2458047712,0,0,1,2,2,2,0.2104540318250656,-0.1941101402044296,-0.1742819994688034,0.3943075239658355,0.501233696937561,0.5053167343139648,0.4744726419448852,0.2680566906929016,0.4651169180870056,0.5348830223083496,-0.0863303020596504,0.0886939540505409,-0.2943469882011413,-0.0155945420265197,-0.4814814925193786,0.1861598491668701,-0.0886939540505409,-0.3440545797348022,1.0,0.0,0.0,1.0,0.0,0.0,1.0,0.0,0.0
20260414_134505_905168,1,131,1.595268487930298,-0.2340635955333709,0.1987744442553186,20.55338982511228,0.221229397625829,0.4813973253703665,-0.0434830784797668,4.114207861965937,0.0245495337051039,0.0,0.02,0.0,0.0,carpet,12345,2458047712,0,0,1,2,2,2,0.5446213483810425,-0.5218499302864075,0.4713155627250671,0.7845756411552429,-0.0497341230511665,-0.7229178547859192,0.372249037027359,0.36089688539505,0.4720135033130646,0.527986466884613,0.1156641766428947,0.1198830381035804,-0.1228070184588432,-0.1393762230873108,-0.0409356728196144,0.1998050659894943,0.0614035092294216,0.2163742631673813,1.0,0.0,0.0,1.0,0.0,0.0,1.0,0.0,0.0
20260414_134505_905168,1,132,1.7506166696548462,-0.0866957753896713,-1.0746890829726676,19.478700742139605,-1.0,-3.32314750956472,-14.736782014369965,-0.1981521113618924,0.0468908297266763,0.0,0.02,0.05,0.0,carpet,12345,2458047712,0,0,1,2,2,2,0.7619990110397339,-0.936022698879242,-0.6482934355735779,-1.0,0.6242298483848572,0.7060665488243103,0.9629419445991516,0.3151647448539734,0.4716075360774994,0.528392493724823,0.0741078555583953,0.3089668750762939,-0.376218318939209,0.1481481492519378,0.2563352882862091,-0.066276803612709,-0.343079924583435,0.2446393817663192,1.0,0.0,0.0,1.0,0.0,0.0,1.0,0.0,0.0
20260414_134505_905168,1,133,1.6678186655044556,-0.2112937420606613,0.2183638735854606,19.697064615725065,0.2936351459493365,0.6225885346012063,12.459796667099,-0.1582078236270518,0.052712723638759,0.0,0.02,0.05,0.0,carpet,12345,2458047712,0,0,1,2,2,2,0.0733205452561378,-0.7242895364761353,-0.376055359840393,0.12155332416296,-0.5672062039375305,0.2148553878068924,-0.2465208619832992,0.5093498229980469,0.3340160250663757,0.6659839749336243,0.3972459137439728,0.4688109159469604,-0.4795321524143219,-0.0974658876657486,-0.4805068373680115,0.3538011610507965,0.3099415302276611,0.539961040019989,1.0,0.0,0.0,1.0,0.0,0.0,1.0,0.0,0.0
20260414_134505_905168,1,134,1.6586414575576782,-0.2122777551412582,0.1508691317139047,19.84793374743897,0.226431655367093,0.4915417279658314,0.0984013080596923,-0.4423400087601337,0.0556252365318824,0.0,0.02,0.05,0.0,carpet,12345,2458047712,0,0,1,2,2,2,-0.5435576438903809,-0.2683071494102478,-0.5917466282844543,-0.1996696442365646,0.9996061325073242,0.1136123687028884,-0.2986007928848266,0.4058523178100586,0.4503482282161712,0.5496518015861511,0.118894062936306,0.0477582849562168,-0.4200779795646667,-0.219298243522644,0.1042884960770607,-0.2534112930297851,0.2504873275756836,-0.1189083829522132,1.0,0.0,0.0,1.0,0.0,0.0,1.0,0.0,0.0
20260414_134505_905168,1,135,1.6794220209121704,-0.2051209360361099,-0.0045176048492622,19.843416142589707,0.0716593940234192,0.1897358183456674,-0.7156819105148315,-0.8815266432945705,0.0617699887268144,0.0,0.02,0.05,0.0,carpet,12345,2458047712,0,0,1,2,2,2,0.754258394241333,-0.7519684433937073,0.2556225061416626,-0.4375303983688354,0.326317697763443,0.5509880185127258,0.0343045331537723,0.3943809568881988,0.4512669742107391,0.5487330555915833,0.0834005326032638,-0.3294346928596496,-0.1384015530347824,-0.3382066190242767,-0.1403508782386779,0.5048732757568359,0.0555555559694767,-0.153021439909935,1.0,0.0,0.0,1.0,0.0,0.0,1.0,0.0,0.0
20260414_134505_905168,1,136,1.6189303398132324,-0.2263248711824417,0.2436672634173962,20.087083406007103,0.319179611496177,0.6724002424175453,2.1203935146331787,-0.8654838608641029,0.0551234807878075,0.0,0.02,0.05,0.0,carpet,12345,2458047712,0,0,1,2,2,2,0.7582675814628601,0.0138033833354711,0.4343411326408386,-0.7468496561050415,0.050553910434246,-0.5431773066520691,-0.6128939986228943,0.4203565716743469,0.4445849359035492,0.5554150938987732,0.1407594829797744,0.4337232112884521,-0.5087719559669495,0.1140350848436355,-0.2719298303127289,0.1949317753314972,0.2943469882011413,-0.0087719298899173,1.0,0.0,0.0,1.0,0.0,0.0,1.0,0.0,0.0
20260414_134505_905168,1,137,1.6841697692871094,-0.1804933398962021,-0.3795553576430511,19.70752804836405,-0.3033272309450427,-0.6414881003428334,-4.583153128623962,-1.9883692865773028,0.0622812669800834,0.0,0.02,0.05,0.0,carpet,12345,2458047712,0,0,1,2,2,2,-0.6872586607933044,-0.0843917354941368,-0.907017469406128,0.513710081577301,0.2988105714321136,-0.1921030730009079,1.0,0.3447420001029968,0.4643821716308594,0.5356178283691406,0.0100611271336674,0.4337232112884521,-0.4746588766574859,0.161793366074562,-0.3869395852088928,0.1510721296072006,0.1247563362121582,-0.3362573087215423,1.0,0.0,0.0,1.0,0.0,0.0,1.0,0.0,0.0
20260414_134505_905168,1,138,1.6385139226913452,-0.2376187443733215,0.4339050303294276,20.14143307869348,0.4600097623953124,0.9470190366708592,5.712540447711945,2.2817972596582763,0.0590907526885932,0.0039131359405098,0.02,0.0,0.0,carpet,12345,2458047712,0,0,1,2,2,2,-0.0623458065092563,-0.07167998701334,0.5952119827270508,-0.3663200438022613,-0.0446514412760734,-0.7213310599327087,0.4882385730743408,0.426291286945343,0.4215911030769348,0.5784088969230652,0.2724711298942566,-0.4103313982486725,-0.0029239766299724,-0.5224171280860901,0.2855750620365143,0.1481481492519378,-0.1452241688966751,0.5847952961921692,1.0,0.0,0.0,1.0,0.0,0.0,1.0,0.0,0.0
20260414_134505_905168,1,139,1.56438410282135,-0.2625980973243713,0.6344470482611666,20.775880126954643,0.6588451801432758,1.3347481012793878,2.4979352951049805,2.9939568263364578,0.043981318821091,0.0,0.02,0.0,0.0,carpet,12345,2458047712,0,0,1,2,2,2,0.6223347783088684,-0.0017998826224356,-0.0799828022718429,-0.5281838178634644,0.0119418734684586,-0.4444954693317413,-0.30880007147789,0.3692215085029602,0.4749268293380737,0.5250731706619263,0.1528867334127426,-0.0945419073104858,-0.1306042820215225,-0.0146198831498622,-0.1929824501276016,0.0672514587640762,-0.3255360722541809,0.3469785451889038,1.0,0.0,0.0,1.0,0.0,0.0,1.0,0.0,0.0
20260414_134505_905168,1,140,1.569550395011902,-0.262982577085495,0.4691679972128362,21.24504812416748,0.4926528564039176,1.0106730699876394,0.0384479761123657,3.5130881683582658,0.0348485919108143,0.0,0.02,0.0,0.0,carpet,12345,2458047712,0,0,1,2,2,2,0.8018262386322021,-0.2579000294208526,0.9743216633796692,0.374533861875534,-0.2738114297389984,-0.0280341319739818,-0.1791146993637085,0.2765592634677887,0.4982490539550781,0.5017508864402771,-0.0349215269088745,0.3557505011558532,-0.0896686166524887,-0.082846000790596,-0.2573099434375763,0.0692007765173912,-0.2202728986740112,-0.1393762230873108,1.0,0.0,0.0,1.0,0.0,0.0,1.0,0.0,0.0
20260414_134505_905168,1,141,1.5743355751037598,-0.2645568549633026,0.3603301686076886,21.605378292775168,0.3832624356081613,0.7973617494359146,0.1574277877807617,4.120714099448513,0.0293226700047273,0.0,0.02,0.0,0.0,carpet,12345,2458047712,0,0,1,2,2,2,-0.3563200235366821,-0.2215599417686462,0.638229250907898,-0.4190348386764526,-0.4224912822246551,-0.469485729932785,0.0560918860137462,0.2830169796943664,0.4986080527305603,0.5013919472694397,-0.0280356798321008,0.4434697926044464,-0.2270955145359039,0.0536062382161617,0.1705653071403503,-0.1959064304828643,-0.0204678364098072,-0.1140350848436355,1.0,0.0,0.0,1.0,0.0,0.0,1.0,0.0,0.0
20260414_134505_905168,1,142,1.5559146404266355,-0.2589565813541412,0.1869102988644863,21.79228859163965,0.2092381906912324,0.4580144718479033,-0.5600273609161377,3.906328328878871,0.0232789182674614,0.0,0.02,0.0,0.0,carpet,12345,2458047712,0,0,1,2,2,2,0.5592473149299622,0.1341301947832107,-0.8552201986312866,0.8060214519500732,1.0,-0.4217223823070526,-0.1748976111412048,0.2889986038208008,0.5000778436660767,0.4999220967292785,0.0150104658678174,-0.2309941500425338,-0.1578947305679321,0.3635477721691131,-0.2329434752464294,-0.2007797211408615,-0.1988304108381271,0.0438596494495868,1.0,0.0,0.0,1.0,0.0,0.0,1.0,0.0,0.0
20260414_134505_905168,1,143,1.5952249765396118,-0.2739316523075104,0.3201442476581507,22.112432839297803,0.3425064757539279,0.7178876277201596,1.497507095336914,5.265704056941864,0.0236222809577722,0.0,0.02,0.0,0.0,carpet,12345,2458047712,0,0,1,2,2,2,-0.7102155685424805,-0.3376446366310119,-0.2152030020952224,0.3025711476802826,-0.1597601026296615,0.226911574602127,0.1815874129533767,0.2659723162651062,0.494849145412445,0.5051508545875549,-0.0595539286732673,0.3352826535701751,0.0799220278859138,-0.5263158082962036,0.3284600377082824,0.2124756276607513,-0.2777777910232544,-0.1111111119389534,1.0,0.0,0.0,1.0,0.0,0.0,1.0,0.0,0.0
20260414_134505_905168,1,144,1.61199152469635,-0.2626212239265442,0.0828724938099246,22.19530533310773,0.1054641083415168,0.2556550112659579,-1.1310428380966189,4.574340031536963,0.0259161453159224,0.0,0.02,0.0,0.0,carpet,12345,2458047712,0,0,1,2,2,2,-0.4046724438667297,0.0739745199680328,-0.5450124144554138,-0.6670753955841064,-0.0958829671144485,-0.3803619146347046,0.6180460453033447,0.3151102066040039,0.5088307857513428,0.4911692142486572,0.0423438847064971,-0.4181286692619324,-0.1793372333049774,-0.1052631586790084,0.1803118884563446,-0.1384015530347824,0.0370370373129844,0.0701754391193389,1.0,0.0,0.0,1.0,0.0,0.0,1.0,0.0,0.0
20260414_134505_905168,1,145,1.569045066833496,-0.2778286635875702,0.2454069740322439,22.44071230713997,0.2676549999872402,0.5719272499751185,1.5207439661026,3.811519180232693,0.0224802595499634,0.0,0.02,0.0,0.0,carpet,12345,2458047712,0,0,1,2,2,2,-1.0,0.16109099984169,0.0901725068688392,0.095128022134304,-0.2592022716999054,-0.4344359934329986,0.0118396999314427,0.3360685408115387,0.4982706904411316,0.5017293095588684,0.1226007491350174,-0.2690058350563049,0.0614035092294216,-0.2943469882011413,-0.1968810856342315,-0.0038986355066299,-0.2290448397397995,0.3586744666099548,1.0,0.0,0.0,1.0,0.0,0.0,1.0,0.0,0.0
20260414_134505_905168,1,146,1.6365894079208374,-0.2556706666946411,-0.0612736431516959,22.379438663988275,-0.0384638383804517,-0.1250044848418809,-2.215799689292908,2.675841625403173,0.0280980477124416,0.0,0.02,0.0,0.0,carpet,12345,2458047712,0,0,1,2,2,2,-0.7128975987434387,-0.7068540453910828,0.8172956109046936,0.8190889954566956,0.0611331425607204,0.5072614550590515,0.6465986371040344,0.2823854386806488,0.5124692320823669,0.4875307381153106,0.0054737860336899,-0.6101364493370056,0.0730994120240211,0.0165692009031772,0.0448343083262443,-0.1384015530347824,-0.2261208593845367,0.0224171541631221,1.0,0.0,0.0,1.0,0.0,0.0,1.0,0.0,0.0
20260414_134505_905168,1,147,1.6387299299240112,-0.2687580585479736,0.0707653343854796,22.450203998373755,0.094067401385589,0.2334314327018987,1.308739185333252,2.111911308669157,0.0330206700010941,0.0,0.02,0.0,0.0,carpet,12345,2458047712,0,0,1,2,2,2,0.2042174786329269,0.281796783208847,0.5045928955078125,0.5682733654975891,0.6653760671615601,0.6492910385131836,0.262858510017395,0.3668157458305359,0.4917811751365661,0.5082187652587891,0.1409191936254501,-0.429824560880661,-0.4512670636177063,0.3957115113735199,0.1773879081010818,-0.0925925895571708,-0.0068226121366024,0.3362573087215423,1.0,0.0,0.0,1.0,0.0,0.0,1.0,0.0,0.0
20260414_134505_905168,1,148,1.6644941568374634,-0.2439635992050171,-0.2265435635263835,22.22366043484737,-0.2024553379730725,-0.4447879090474913,-2.4794459342956543,1.2091089277737623,0.0408822555331102,0.0,0.02,0.0,0.0,carpet,12345,2458047712,0,0,1,2,2,2,-0.1362810283899307,0.4254461526870727,0.7955719828605652,-0.2670526504516601,-0.7011317014694214,0.6573512554168701,0.3684728741645813,0.3694913983345032,0.5040003657341003,0.4959996044635772,0.0997003689408302,0.0526315793395042,-0.3869395852088928,0.2329434752464294,0.1968810856342315,-0.0925925895571708,0.1179337203502655,0.1354775875806808,1.0,0.0,0.0,1.0,0.0,0.0,1.0,0.0,0.0
20260414_134505_905168,1,149,1.6413331031799316,-0.2282283157110214,-0.4215188739392701,21.8021415609081,-0.3471656508387213,-0.7269730191355066,-1.5735283493995669,-0.2357517190819038,0.043532231005488,0.0,0.02,0.05,0.0,carpet,12345,2458047712,0,0,1,2,2,2,0.0491460114717483,0.0234433934092521,0.8853529691696167,0.3700906932353973,0.7275370955467224,-0.9761770963668824,1.0,0.4016967713832855,0.4808507859706878,0.5191491842269897,0.1539400219917297,-0.1130604296922683,-0.0584795325994491,0.3996101319789886,-0.1773879081010818,-0.3918128609657287,0.3382066190242767,0.1881091594696045,1.0,0.0,0.0,1.0,0.0,0.0,1.0,0.0,0.0
20260414_134505_905168,1,150,1.5759882926940918,-0.2861269116401672,0.4045789714833954,22.206720532391497,0.4370436583984685,0.9022351338770136,5.789859592914581,0.4108284035291518,0.035475272679882,0.0,0.02,0.0089171596470848,0.0,carpet,12345,2458047712,0,0,1,2,2,2,-0.5338532328605652,-1.0,-0.7038326859474182,-0.2298060655593872,0.243509754538536,-0.3773602247238159,-0.224465325474739,0.3727455139160156,0.4661593735218048,0.5338406562805176,0.1814976930618286,-0.0419103316962718,-0.0692007765173912,0.3918128609657287,-0.0847953185439109,0.1208577007055282,-0.5467836260795593,0.6189084053039551,1.0,0.0,0.0,1.0,0.0,0.0,1.0,0.0,0.0
20260414_134505_905168,1,151,1.592790126800537,-0.291441798210144,0.3662868087456947,22.573007341137192,0.389512058798554,0.8095485146571804,0.5314886569976807,0.6484496682112137,0.032252500528593,0.0,0.02,0.0,0.0,carpet,12345,2458047712,0,0,1,2,2,2,0.0737007856369018,0.9618152379989624,1.0,0.5414808392524719,0.1815569698810577,0.6490857601165771,0.037663958966732,0.291064441204071,0.5202170014381409,0.4797829687595367,-0.0451685562729835,-0.2826510667800903,-0.2495126724243164,0.0779727101325988,-0.1393762230873108,0.1237816736102104,-0.2202728986740112,-0.1189083829522132,1.0,0.0,0.0,1.0,0.0,0.0,1.0,0.0,0.0
20260414_134505_905168,1,152,1.608897089958191,-0.2857574224472046,0.1896353539285746,22.762642695065768,0.2128471753432797,0.4650519919193954,-0.5684375762939453,1.23850614497249,0.032118214147051,0.0,0.02,0.0,0.0,carpet,12345,2458047712,0,0,1,2,2,2,-0.1385240107774734,-0.5631237030029297,-0.1354507952928543,0.6105446815490723,1.0,-0.266010582447052,0.4226140975952148,0.3120666444301605,0.5251793265342712,0.4748206734657287,-0.0141200721263885,-0.0087719298899173,-0.080896683037281,0.1686159819364547,0.0633528232574462,0.0155945420265197,-0.0068226121366024,-0.0331384018063545,1.0,0.0,0.0,1.0,0.0,0.0,1.0,0.0,0.0
20260414_134505_905168,1,153,1.6260319948196411,-0.2640216648578644,-0.0975983426442669,22.6650443524215,-0.0741563824584385,-0.1946049457939551,-2.173575758934021,0.8104697664766363,0.0344196018582834,0.0,0.02,0.0,0.0,carpet,12345,2458047712,0,0,1,2,2,2,-0.3261361122131347,-0.1906398683786392,-0.0305049512535333,0.3941985368728637,-0.8755420446395874,1.0,-0.1541077643632888,0.3322004377841949,0.5198720097541809,0.4801279306411743,0.0588394552469253,-0.0623781681060791,-0.3001949191093445,-0.0818713456392288,0.2309941500425338,0.0974658876657486,-0.2212475687265396,0.2241715341806411,1.0,0.0,0.0,1.0,0.0,0.0,1.0,0.0,0.0
20260414_134505_905168,1,154,1.509434700012207,-0.253138929605484,-0.2108437518890691,22.45420060053243,-0.18872927725896,-0.4180220906549721,-1.088273525238037,0.8372355848691555,0.0211447463010909,0.0,0.02,0.0,0.0,carpet,12345,2458047712,0,0,1,2,2,2,0.7485207915306091,-0.0110135925933718,0.9060179591178894,0.597633421421051,-0.6910640597343445,-0.2127151936292648,-0.8391566872596741,0.3536190092563629,0.4995782077312469,0.5004217624664307,0.0477304644882679,-0.2037037014961242,-0.1286549717187881,-0.0233918130397796,0.231968805193901,-0.5302144289016724,0.458089679479599,-0.1276803165674209,1.0,0.0,0.0,1.0,0.0,0.0,1.0,0.0,0.0
20260414_134505_905168,1,155,1.6254305839538574,-0.2502419650554657,-0.1948354003408256,22.259365200191606,-0.1722772726880445,-0.3859406817416868,-0.289696455001831,1.1782679222629753,0.0255812765278107,0.0,0.02,0.0,0.0,carpet,12345,2458047712,0,0,1,2,2,2,-0.4026351869106293,0.4079996049404144,-0.8525917530059814,-0.7486308217048645,0.5041487216949463,-0.4969230592250824,1.0,0.2078723907470703,0.4894174039363861,0.5105825662612915,-0.18288554251194,0.38791424036026,-0.1325536072254181,0.1023391783237457,0.2933723330497741,-0.4161793291568756,-0.0399610139429569,-0.4863547682762146,1.0,0.0,0.0,1.0,0.0,0.0,1.0,0.0,0.0
20260414_134505_905168,1,156,1.5744539499282837,-0.2869907915592193,0.2747719419574471,22.534137142149053,0.2970590519423432,0.6292651512875693,3.674882650375366,0.905297939673531,0.0228710998489606,0.0,0.02,0.0,0.0,carpet,12345,2458047712,0,0,1,2,2,2,1.0,0.2809594273567199,0.5492241382598877,0.6542345285415649,0.8985939025878906,-0.5285389423370361,0.0399023331701755,0.3528673052787781,0.4867126047611236,0.513287365436554,0.1885118335485458,-0.2348927855491638,0.3070175349712372,-0.3440545797348022,-0.3801169693470001,0.301169604063034,-0.343079924583435,0.5818713307380676,1.0,0.0,0.0,1.0,0.0,0.0,1.0,0.0,0.0
20260414_134505_905168,1,157,1.6046736240386963,-0.2980213165283203,0.3353573394649622,22.869494481614016,0.3578010193298502,0.7477119876932079,1.1030524969100952,0.8434614127095585,0.024436798648879,0.0,0.02,0.0,0.0,carpet,12345,2458047712,0,0,1,2,2,2,-0.1902606189250946,0.3225234746932983,0.1663786023855209,-0.365981787443161,0.4990742802619934,0.8078451156616211,0.1740970462560653,0.2891464233398437,0.5210235714912415,0.4789763987064361,0.0015942755853757,0.5302144289016724,0.0867446362972259,-0.0633528232574462,-0.1676413267850875,0.4366471767425537,-0.3245614171028137,0.0263157896697521,1.0,0.0,0.0,1.0,0.0,0.0,1.0,0.0,0.0
20260414_134505_905168,1,158,1.6228423118591309,-0.2671068906784057,-0.1392761604333038,22.73021832118071,-0.0831162335784435,-0.2120766554779649,-3.091442584991455,0.1663327653121982,0.0279320338608009,0.0,0.02,0.0333667234687801,0.0,carpet,12345,2458047712,0,0,1,2,2,2,1.0,-0.5972666144371033,0.8657830357551575,0.7545245885848999,-0.5361693501472473,-0.1782943904399871,0.8136098980903625,0.3269210755825043,0.5313223600387573,0.4686776399612427,0.0523436963558197,-0.1169590651988983,0.1998050659894943,0.0555555559694767,-0.2651072144508362,0.2446393817663192,0.0214424952864646,0.0594541914761066,1.0,0.0,0.0,1.0,0.0,0.0,1.0,0.0,0.0
20260414_134505_905168,1,159,1.5869855880737305,-0.2920359075069427,0.1897874485543956,22.920005769735106,0.2123938097974116,0.4641679291049527,2.4929016828536987,0.8251056402111061,0.0260636124301602,0.0,0.02,0.0,0.0,carpet,12345,2458047712,0,0,1,2,2,2,-0.1094621643424034,-0.0451088100671768,-0.1119382083415985,-0.9470112919807434,-0.3156471848487854,0.7258366346359253,-0.6325562596321106,0.3496318757534027,0.5024587512016296,0.497541218996048,0.1778740584850311,0.5964912176132202,-0.4269005954265594,0.4103313982486725,0.2836257219314575,-0.3528265058994293,-0.1130604296922683,0.4902534186840057,1.0,0.0,0.0,1.0,0.0,0.0,1.0,0.0,0.0
20260414_134505_905168,1,160,1.6359448432922363,-0.2712292075157165,-0.0856832895577069,22.8343224801774,-0.0625854117702249,-0.1720415529519385,-2.08066999912262,1.0710861779141396,0.0309787778748201,0.0,0.02,0.0,0.0,carpet,12345,2458047712,0,0,1,2,2,2,-0.6509212255477905,0.2069816142320633,-0.0534697324037551,0.6525861024856567,-0.9152188301086426,0.7586013078689575,0.4145928621292114,0.3048110902309418,0.525734007358551,0.474265992641449,-0.0251095946878194,-0.0399610139429569,0.0399610139429569,0.0243664719164371,-0.4113060534000397,-0.1520467847585678,0.4259259402751922,-0.3918128609657287,1.0,0.0,0.0,1.0,0.0,0.0,1.0,0.0,0.0
20260414_134505_905168,1,161,1.602582335472107,-0.3136292994022369,0.4287489743805818,23.26307145455798,0.4517800679225945,0.9309711324490592,4.240009188652039,2.3879979921048857,0.0303109354201264,0.0,0.02,0.0,0.0,carpet,12345,2458047712,0,0,1,2,2,2,-0.4207012951374054,0.8942938446998596,-0.2900160253047943,0.2604787647724151,0.2886151671409607,-0.6306105852127075,0.3984188139438629,0.3660100996494293,0.5063076019287109,0.493692398071289,0.1780388802289962,-0.3869395852088928,0.1267056465148925,-0.0516569204628467,0.3372319638729095,-0.5653021335601807,0.413255363702774,0.2173489332199096,1.0,0.0,0.0,1.0,0.0,0.0,1.0,0.0,0.0
20260414_134505_905168,1,162,1.596625804901123,-0.3198708891868591,0.3895422849355802,23.65261373949356,0.4124451763858164,0.8542680939523422,0.6241589784622192,2.6130009347696586,0.0290289145023627,0.0,0.02,0.0,0.0,carpet,12345,2458047712,0,0,1,2,2,2,0.7283587455749512,-0.0111355436965823,-1.0,0.8143388628959656,0.3726035952568054,0.5574092268943787,-0.0921891629695892,0.3243070542812347,0.5458949208259583,0.4541051089763641,0.1049524620175361,-0.2855750620365143,0.4785574972629547,-0.2183235883712768,0.0916179344058036,0.1286549717187881,-0.3440545797348022,0.2573099434375763,1.0,0.0,0.0,1.0,0.0,0.0,1.0,0.0,0.0
20260414_134505_905168,1,163,1.6467806100845337,-0.2907145321369171,-0.0430861045973248,23.609527634896235,-0.0195937721970719,-0.0882078557842902,-2.9156357049942017,1.7770810912921604,0.0349233240025296,0.0,0.02,0.0,0.0,carpet,12345,2458047712,0,0,1,2,2,2,-0.4335663020610809,0.0689479857683181,0.3668272495269775,-0.6546840071678162,0.4412563741207123,0.4548547863960266,0.6635350584983826,0.3168613314628601,0.5517224073410034,0.4482775628566742,0.0187879391014575,0.4483430683612823,0.0058479532599449,-0.5594542026519775,0.3732943534851074,0.1218323558568954,0.0204678364098072,-0.0906432718038559,1.0,0.0,0.0,1.0,0.0,0.0,1.0,0.0,0.0
20260414_134505_905168,1,164,1.6424176692962646,-0.2911426424980163,-0.0269052370147869,23.582622397881448,-0.0027964783644821,-0.0554531328107401,0.0428110361099243,1.9337046139593848,0.0390355240499919,0.0041041249061124,0.02,0.0,0.0,carpet,12345,2458047712,0,0,1,2,2,2,0.4931320548057556,0.1571206748485565,-0.5613043904304504,0.6270264983177185,-0.5556809902191162,0.2223604917526245,0.5678730010986328,0.3795547485351562,0.5245002508163452,0.4754997193813324,0.2369008213281631,-0.2807017564773559,0.0233918130397796,0.2056530267000198,-0.4074074029922485,0.2397660762071609,0.1803118884563446,0.3664717376232147,1.0,0.0,0.0,1.0,0.0,0.0,1.0,0.0,0.0
20260414_134505_905168,1,165,1.3851828575134275,-0.3143807351589203,0.2298174792845187,23.812439877165968,0.2509551112382327,0.5393624669145538,2.323809266090393,2.0088991517689863,0.01137631953714,0.0,0.02,0.0,0.0,carpet,12345,2458047712,0,0,1,2,2,2,0.570876955986023,0.2668357193470001,0.7222880125045776,-0.7175577282905579,-0.5859177708625793,-0.5195019841194153,-0.8339870572090149,0.3741010725498199,0.524899959564209,0.4750999808311462,0.235192596912384,0.301169604063034,0.0916179344058036,-0.3586744666099548,0.3479532301425934,-0.343079924583435,0.1520467847585678,0.343079924583435,1.0,0.0,0.0,1.0,0.0,0.0,1.0,0.0,0.0
20260414_134505_905168,1,166,1.3870247602462769,-0.3017573356628418,-0.0001859053216751,23.81225397184429,0.0199676219404814,0.0889368627839388,-1.2623399496078491,2.269877567504864,0.0015352726215659,0.0,0.02,0.0,0.0,carpet,12345,2458047712,0,0,1,2,2,2,0.6834574937820435,0.2696962654590606,0.2401381134986877,0.228655993938446,0.7104373574256897,0.8152185082435608,-1.0,0.0525575652718544,0.5465964674949646,0.4534035325050354,-0.2103690952062606,0.3118908405303955,0.0857699811458587,0.272904485464096,-0.371345043182373,-0.264132559299469,0.0068226121366024,-0.4931773841381073,1.0,0.0,0.0,1.0,0.0,0.0,1.0,0.0,0.0
20260414_134505_905168,1,167,1.4423184394836426,-0.3515286147594452,0.6266490964852416,24.43890306832953,0.6466587817964357,1.3109846245030496,4.977127909660339,2.649891059558854,9.685311194047297e-05,0.0,0.02,0.0,0.0,carpet,12345,2458047712,0,0,1,2,2,2,0.620843768119812,-0.6966378688812256,-0.6312847137451172,0.0542906746268272,-0.7723115086555481,0.4966078102588653,-0.1099140867590904,0.0548599250614643,0.534810483455658,0.4651894569396972,-0.2544290125370025,0.404483437538147,0.1539960950613021,0.1081871315836906,-0.1237816736102104,-0.0243664719164371,0.2660818696022033,-0.6335282921791077,1.0,0.0,0.0,1.0,0.0,0.0,1.0,0.0,0.0
20260414_134505_905168,1,168,1.5480011701583862,-0.3050636649131775,-0.0859197306034501,24.352983337726084,-0.0658386039894422,-0.1783852777794123,-4.64649498462677,1.6172376878270995,0.0008112661400783,0.0,0.02,0.0,0.0,carpet,12345,2458047712,0,0,1,2,2,2,-0.0423332229256629,0.4247530996799469,1.0,-0.310093879699707,0.5369228720664978,0.5122630596160889,0.8263099193572998,0.1239770874381065,0.581279993057251,0.418720006942749,-0.0385026223957538,0.4074074029922485,-0.1734892725944519,-0.1666666716337204,0.0672514587640762,-0.4707602262496948,0.2690058350563049,-0.0906432718038559,1.0,0.0,0.0,1.0,0.0,0.0,1.0,0.0,0.0
20260414_134505_905168,1,169,1.3979299068450928,-0.3355310261249542,0.2763564471589075,24.62933978488499,0.2963564471589075,0.6278950719598697,3.0467361211776733,2.3333406155712595,0.0,0.0,0.02,0.0,0.0,carpet,12345,2458047712,0,0,1,2,2,2,0.7810158133506775,-0.3437910377979278,0.426464170217514,0.3033114969730377,0.7399327754974365,-0.492927223443985,-0.6156805157661438,0.2560804486274719,0.5378974676132202,0.4621025025844574,0.2315994501113891,-0.0545808970928192,0.1627680361270904,0.2553606331348419,-0.2855750620365143,-0.0584795325994491,0.2495126724243164,0.4805068373680115,1.0,0.0,0.0,1.0,0.0,0.0,1.0,0.0,0.0
20260414_134505_905168,1,170,1.477969765663147,-0.3372373282909393,0.2177327477535978,24.847072532638588,0.2377327477535978,0.5135788581195158,0.1706302165985107,2.9023726065015154,0.0,0.0,0.02,0.0,0.0,carpet,12345,2458047712,0,0,1,2,2,2,-0.6330969333648682,0.4645611941814422,-0.3457684814929962,-0.1574168056249618,0.131273478269577,-0.8257220983505249,0.9750714898109436,0.0684913620352745,0.5663436651229858,0.4336563050746918,-0.1911722421646118,0.4697855710983276,-0.235867440700531,0.2085769921541214,-0.078947365283966,0.3411306142807007,-0.3128654956817627,-0.3703703582286834,1.0,0.0,0.0,1.0,0.0,0.0,1.0,0.0,0.0
20260414_134505_905168,1,171,1.3388925790786743,-0.3251613974571228,-0.002930321669627,24.84414221096896,0.0170696783303729,0.0832858727442271,-1.2075930833816528,2.4462960123311888,0.0,0.0,0.02,0.0,0.0,carpet,12345,2458047712,0,0,1,2,2,2,-0.8193286657333374,-0.2452250123023986,-0.8100795149803162,-0.0342421196401119,-0.1189324855804443,-0.6954199075698853,-0.5537747740745544,0.1685413420200348,0.5679367780685425,0.4320632219314575,0.1119097769260406,-0.3791423141956329,0.3040935695171356,-0.2056530267000198,-0.0847953185439109,0.0760233923792839,-0.5194931626319885,0.5779727101325989,1.0,0.0,0.0,1.0,0.0,0.0,1.0,0.0,0.0
20260414_134505_905168,1,172,1.4594546556472778,-0.3617008328437805,0.4548463021664683,25.29898851313543,0.4748463021664683,0.9759502892246132,3.653943538665772,3.333309438771863,0.0,0.0,0.02,0.0,0.0,carpet,12345,2458047712,0,0,1,2,2,2,-0.2891628742218017,0.5923320651054382,0.9935039281845092,0.8197530508041382,-0.2339546382427215,-0.0683669447898864,0.7405737042427063,-0.0053052902221679,0.5566619038581848,0.4433380365371704,-0.2414245754480362,-0.4483430683612823,0.2105263173580169,-0.3128654956817627,0.0097465887665748,-0.0487329438328743,-0.3966861665248871,-0.3352826535701751,1.0,0.0,0.0,1.0,0.0,0.0,1.0,0.0,0.0
20260414_134505_905168,1,173,1.4443024396896362,-0.36900794506073,0.4234053960729212,25.72239390920836,0.4434053960729213,0.9146405223421964,0.7307112216949463,2.93696533661101,0.0,0.0,0.02,0.0,0.0,carpet,12345,2458047712,0,0,1,2,2,2,0.8444728851318359,-0.6564462780952454,-0.6408259272575378,-0.1456506699323654,0.2232939898967743,-0.5757068991661072,0.5066994428634644,0.1453973799943924,0.5907773971557617,0.4092226326465606,0.0868647396564483,-0.2436647117137909,0.2329434752464294,-0.0711500942707061,0.3508771955966949,-0.2339181303977966,-0.153021439909935,0.4152046740055084,1.0,0.0,0.0,1.0,0.0,0.0,1.0,0.0,0.0
20260414_134505_905168,1,174,1.4367891550064087,-0.3809680342674255,0.4594782676533537,26.181872176861702,0.4794782676533538,0.9849826219240398,1.1960089206695557,4.100333236314462,0.0,0.0,0.02,0.0,0.0,carpet,12345,2458047712,0,0,1,2,2,2,0.5855048894882202,-0.04830988869071,-0.5922377109527588,-0.7089659571647644,-0.8389190435409546,-0.5024513602256775,0.2993827760219574,0.1264570206403732,0.5975997447967529,0.402400255203247,0.0445426926016807,0.5311890840530396,-0.2797271013259887,-0.1734892725944519,-0.064327485859394,0.1267056465148925,-0.376218318939209,0.3079921901226043,1.0,0.0,0.0,1.0,0.0,0.0,1.0,0.0,0.0
20260414_134505_905168,2,0,1.4278786182403564,0.2906313836574554,-0.5772175123752692,-0.5772175123752692,-0.5572175123752692,-1.136574149131775,-4.5462965965271,0.0,0.0,0.0,0.02,0.0,0.0,carpet,12345,2458047843,0,0,2,2,2,2,-0.1328273862600326,0.5203701853752136,0.3567061126232147,-0.5878941416740417,-0.4741558134555816,0.5534818768501282,-0.9429520964622498,0.0,-0.0,1.0,0.0,0.0224171541631221,0.0214424952864646,0.0,-0.0029239766299724,-0.0038986355066299,-0.0107212476432323,-0.0126705653965473,1.0,0.0,0.0,1.0,0.0,0.0,1.0,0.0,0.0
20260414_134505_905168,2,1,1.440093994140625,0.2639811933040619,-0.0898337707764063,-0.6670512831516755,-0.0698337707764063,-0.1861758530139923,2.6650190353393555,0.0,0.0,0.0,0.02,0.0,0.0,carpet,12345,2458047843,0,0,2,2,2,2,0.9999567270278932,-0.781059205532074,-0.3111993670463562,0.4038146436214447,0.1948285400867462,-0.9562726020812988,0.2021218538284301,-0.0570478439331054,-0.0434982255101203,1.0,-0.1525508463382721,-0.0984405428171157,0.2807017564773559,0.1881091594696045,-0.3070175349712372,-0.2037037014961242,0.3518518507480621,-0.5711501240730286,1.0,0.0,0.0,1.0,0.0,0.0,1.0,0.0,0.0
20260414_134505_905168,2,2,1.3675198554992676,0.3285181820392608,-0.8933623631489582,-1.5604136463006335,-0.8733623631489582,-1.7530566081404686,-6.4536988735198975,0.0,0.0,0.0,0.02,0.0,0.0,carpet,12345,2458047843,0,0,2,2,2,2,-0.4415204226970672,-0.7356576323509216,0.7740328907966614,-0.0702141150832176,0.8745449781417847,-0.8453353047370911,-0.7263707518577576,-0.041778564453125,-0.0179997514933347,1.0,-0.0196219738572835,0.6247563362121582,-0.4249512553215027,-0.1549707651138305,0.2475633472204208,0.1257309913635254,-0.5048732757568359,0.1393762230873108,1.0,0.0,0.0,1.0,0.0,0.0,1.0,0.0,0.0
20260414_134505_905168,2,3,1.5920169353485107,0.3260643780231476,-0.6371524901038561,-2.1975661364044896,-0.6171524901038561,-1.2534473557025194,0.2453804016113281,0.0,0.0,0.0,0.02,0.0,0.0,carpet,12345,2458047843,0,0,2,2,2,2,-0.3074637651443481,-0.4013135731220245,0.2674182951450348,-0.3664308190345764,0.7290706634521484,0.8214725852012634,1.0,-0.1324962675571441,-0.0797476917505264,1.0,-0.2690171599388122,-0.2719298303127289,-0.4454191029071808,0.4220272898674011,-0.0935672521591186,0.4912280738353729,-0.5029239654541016,-0.4385964870452881,1.0,0.0,0.0,1.0,0.0,0.0,1.0,0.0,0.0
20260414_134505_905168,2,4,1.5412918329238892,0.2617447078227997,0.2968749939650297,-1.90069114243946,0.3168749939650297,0.667906238231808,6.43196702003479,0.0,0.0,0.0,0.02,0.0,0.0,carpet,12345,2458047843,0,0,2,2,2,2,-0.4080720543861389,0.7274023294448853,0.4597727358341217,-0.6125026941299438,0.301213651895523,0.1200339272618293,-0.0037689819000661,0.1481250822544098,-0.0773999318480491,1.0,0.3191695809364319,-0.206627681851387,-0.2426900565624237,0.1637426912784576,-0.2504873275756836,0.3888888955116272,0.1764132529497146,0.5701754093170166,1.0,0.0,0.0,1.0,0.0,0.0,1.0,0.0,0.0
20260414_134505_905168,2,5,1.4840670824050903,0.2937734425067901,-0.1980967632953364,-2.098787905734796,-0.1280967632953364,-0.299788688425906,-3.202873468399048,-3.961136416182853,0.0,0.0,0.02,0.05,0.0,carpet,12345,2458047843,0,0,2,2,2,2,-0.5599414706230164,0.7176648378372192,0.7268854975700378,0.7107751369476318,-0.6581436395645142,-1.0,0.976133406162262,0.0847187042236328,-0.0158599223941564,1.0,0.1412431895732879,-0.2865497171878814,0.19395712018013,0.1783625781536102,-0.3927875161170959,0.2173489332199096,0.1549707651138305,0.0185185186564922,1.0,0.0,0.0,1.0,0.0,0.0,1.0,0.0,0.0
20260414_134505_905168,2,6,1.4632670879364014,0.2465399354696273,0.3946134151844307,-1.7041744905503655,0.4646134151844308,0.95599615960964,4.723350703716278,-1.8685661074414384,0.0,0.0,0.02,0.05,0.0,carpet,12345,2458047843,0,0,2,2,2,2,0.031747493892908,0.5429458022117615,0.4230900406837463,1.0,0.4930323958396911,0.3082843720912933,0.0713661611080169,0.0131877902895212,-0.0465044900774955,1.0,0.1319521516561508,-0.359649121761322,0.3021442592144012,0.1783625781536102,0.3693957030773163,-0.3791423141956329,-0.5243664979934692,0.6013644933700562,1.0,0.0,0.0,1.0,0.0,0.0,1.0,0.0,0.0
20260414_134505_905168,2,7,1.46556293964386,0.2495244592428207,0.2337866796807158,-1.4703878108696498,0.3037866796807159,0.642384025377396,-0.2984523773193359,-1.04000622905005,0.0,0.0,0.02,0.05,0.0,carpet,12345,2458047843,0,0,2,2,2,2,0.2255032062530517,-0.4582663476467132,-0.460094153881073,-0.2063665241003036,0.9426729679107666,-0.7480530738830566,0.2189521491527557,-0.0128122325986623,-0.0013122451491653,1.0,-0.0549416840076446,-0.0194931775331497,0.2660818696022033,0.1764132529497146,0.4200779795646667,-0.2465886920690536,-0.0692007765173912,0.0116959065198898,1.0,0.0,0.0,1.0,0.0,0.0,1.0,0.0,0.0
20260414_134505_905168,2,8,1.468361496925354,0.2418987601995468,0.2991951256999462,-1.1711926851697037,0.3191951256999462,0.6724304951148952,0.7625699043273926,1.3854808742053135,0.0,0.0,0.02,0.0,0.0,carpet,12345,2458047843,0,0,2,2,2,2,-0.7248144745826721,-0.265074223279953,-0.7198373079299927,0.1326682716608047,-0.7078937292098999,0.5439251065254211,-0.7202720046043396,-0.0099424365907907,-0.0041677886620163,1.0,-0.0418205633759498,0.1598440557718277,0.0380116961896419,-0.1091617941856384,-0.1189083829522132,0.516569197177887,-0.4844054579734802,0.1179337203502655,1.0,0.0,0.0,1.0,0.0,0.0,1.0,0.0,0.0
20260414_134505_905168,2,9,1.4974308013916016,0.2315394580364227,0.3457976540586017,-0.8253950311111019,0.3657976540586017,0.7633054254142735,1.0359302163124084,3.402233655322106,0.0,0.0,0.02,0.0,0.0,carpet,12345,2458047843,0,0,2,2,2,2,0.2894070744514465,-0.5637806057929993,-0.9985058307647704,0.7297065258026123,-0.4701136350631714,-0.5143908262252808,0.4551074504852295,-0.0064441682770848,0.0031283507123589,0.9968717098236084,-0.1112154424190521,-0.4230019450187683,-0.0077972710132598,-0.1432748585939407,0.1510721296072006,-0.3274853825569153,0.3352826535701751,-0.4473684132099151,1.0,0.0,0.0,1.0,0.0,0.0,1.0,0.0,0.0
20260414_134505_905168,2,10,1.4817888736724854,0.2270402312278747,0.3056203791150791,-0.5197746519960227,0.3256203791150792,0.6849597392744045,0.4499226808547973,3.419287156364703,0.0,0.0,0.02,0.0,0.0,carpet,12345,2458047843,0,0,2,2,2,2,0.9190261363983154,-0.6953933835029602,0.616271436214447,-0.4631965756416321,0.7272870540618896,-0.7133505940437317,0.2493928670883178,0.029892349615693,0.0130399651825428,0.9869600534439088,0.0815530121326446,0.1968810856342315,-0.2524366378784179,-0.3859649002552032,0.455165684223175,-0.2573099434375763,-0.2758284509181976,0.2816764116287231,1.0,0.0,0.0,1.0,0.0,0.0,1.0,0.0,0.0
20260414_134505_905168,2,11,1.4626824855804443,0.2062811553478241,0.4839470263882409,-0.0358276256077817,0.503947026388241,1.0326967014570698,2.075907588005066,4.751772546247679,0.0,0.0,0.02,0.0,0.0,carpet,12345,2458047843,0,0,2,2,2,2,0.012684691697359,-0.7468245029449463,-0.3312782347202301,-0.5876767635345459,-0.9402280449867249,-0.3714545965194702,-0.2585751116275787,0.0103401187807321,0.0173447504639625,0.9826552867889404,0.0086110383272171,0.5370370149612427,-0.4678362607955932,0.3138401508331299,-0.2992202639579773,0.4366471767425537,-0.4366471767425537,0.1481481492519378,1.0,0.0,0.0,1.0,0.0,0.0,1.0,0.0,0.0
20260414_134505_905168,2,12,1.4558167457580566,0.2280106544494629,0.0729666915650386,0.0371390659572569,0.0929666915650386,0.2312850485518254,-2.1729499101638794,4.027061435189864,0.0,0.0,0.02,0.0,0.0,carpet,12345,2458047843,0,0,2,2,2,2,-0.5997548699378967,0.5135974287986755,-0.5839693546295166,-0.9273244142532348,0.2058285623788833,0.3840856254100799,-0.7990864515304565,-0.0135429380461573,0.0372067056596279,0.9627932906150818,-0.0638046488165855,0.0555555559694767,-0.4122807085514068,0.1384015530347824,-0.2914229929447174,0.1968810856342315,-0.2007797211408615,-0.1598440557718277,1.0,0.0,0.0,1.0,0.0,0.0,1.0,0.0,0.0
20260414_134505_905168,2,13,1.49072265625,0.2164510637521743,0.1915146429980016,0.2286537089552586,0.2115146429980016,0.4624535538461032,1.155959069728851,3.847130963658572,0.0,0.0,0.02,0.0,0.0,carpet,12345,2458047843,0,0,2,2,2,2,0.9652014374732972,0.4787672162055969,0.3598845601081848,-0.7396005988121033,0.277059406042099,-0.7616202235221863,0.6959067583084106,-0.0221250541508197,0.0164162684231996,0.9835837483406068,-0.1240662485361099,-0.3664717376232147,0.3382066190242767,-0.2816764116287231,-0.4035087823867798,0.1608187109231948,0.2300194948911667,-0.4922027289867401,1.0,0.0,0.0,1.0,0.0,0.0,1.0,0.0,0.0
20260414_134505_905168,2,14,1.443245768547058,0.1980595141649246,0.3680148231106629,0.5966685320659215,0.388014823110663,0.8066289050657929,1.839154958724976,3.981329373609469,0.0,0.0,0.02,0.0,0.0,carpet,12345,2458047843,0,0,2,2,2,2,-0.8265393376350403,-0.0168156716972589,0.7596407532691956,-0.3417961597442627,0.4939667582511902,-0.4979833960533142,-0.0639012232422828,0.0215072631835937,0.0274762865155935,0.9725238084793092,0.1041810810565948,0.5808966755867004,0.2251462042331695,0.1461988240480423,-0.4590643346309662,0.2037037014961242,-0.4259259402751922,0.429824560880661,1.0,0.0,0.0,1.0,0.0,0.0,1.0,0.0,0.0
20260414_134505_905168,2,15,1.5012123584747314,0.1894532442092895,0.3749376552257618,0.9716061872916834,0.3949376552257618,0.8201284276902356,0.8606269955635071,4.038152375885431,0.0,0.0,0.02,0.0,0.0,carpet,12345,2458047843,0,0,2,2,2,2,0.7590568661689758,-0.9236262440681458,-0.2023384422063827,0.3658738136291504,-0.6669822335243225,0.2828306257724762,0.5311741828918457,-0.0378389358520507,0.0450730212032794,0.9549270272254944,-0.0728041678667068,-0.5009746551513672,0.0077972710132598,0.4707602262496948,-0.2563352882862091,0.2563352882862091,-0.3070175349712372,-0.0428849905729293,1.0,0.0,0.0,1.0,0.0,0.0,1.0,0.0,0.0
20260414_134505_905168,2,16,1.4578393697738647,0.2104120254516601,0.0010906613889363,0.9726968486806196,0.0210906613889363,0.0911267897084258,-2.0958781242370605,3.4443194263194528,0.0,0.0,0.02,0.0,0.0,carpet,12345,2458047843,0,0,2,2,2,2,-0.2625035047531128,-0.1445764303207397,-0.4700751006603241,0.7533731460571289,0.9432126879692078,-0.94565612077713,0.2538342475891113,0.0346193313598632,0.0533073730766773,0.946692705154419,0.1120145618915557,0.4775828421115875,-0.4814814925193786,0.1432748585939407,0.2495126724243164,-0.4200779795646667,0.1237816736102104,0.2962962985038757,1.0,0.0,0.0,1.0,0.0,0.0,1.0,0.0,0.0
20260414_134505_905168,2,17,1.4839097261428833,0.1602467447519302,0.6325523639869503,1.60524921266757,0.6525523639869503,1.3224771097745531,5.016528069972992,3.734099834636936,0.0,0.0,0.02,0.0,0.0,carpet,12345,2458047843,0,0,2,2,2,2,0.1670311540365219,0.809775173664093,0.4033948481082916,-0.4403651356697082,0.2540806531906128,0.096182957291603,-0.0913159623742103,-0.0195968635380268,0.0332543477416038,0.966745674610138,-0.0399552397429943,-0.1500974595546722,-0.0448343083262443,-0.2592592537403106,0.3957115113735199,0.3771929740905761,-0.5906432867050171,0.1461988240480423,1.0,0.0,0.0,1.0,0.0,0.0,1.0,0.0,0.0
20260414_134505_905168,2,18,1.5726048946380615,0.1722713708877563,0.3088421430437205,1.9140913557112904,0.3288421430437205,0.691242178935255,-1.202462613582611,4.194056965020366,0.0,0.0,0.02,0.0,0.0,carpet,12345,2458047843,0,0,2,2,2,2,-0.6056948900222778,-0.0363403633236885,-0.2801286876201629,0.0209447648376226,1.0,0.2895334362983703,0.3781027197837829,0.0129911424592137,0.0812516584992408,0.918748378753662,-0.0235460605472326,0.0633528232574462,0.3898635506629944,0.1637426912784576,-0.2904483377933502,0.1403508782386779,0.0243664719164371,-0.0750487297773361,1.0,0.0,0.0,1.0,0.0,0.0,1.0,0.0,0.0
20260414_134505_905168,2,19,1.5535622835159302,0.1756304204463958,0.1771566129412616,2.091247968652552,0.1971566129412616,0.4344553952354602,-0.3359049558639526,4.166058806409723,0.0,0.0,0.02,0.0,0.0,carpet,12345,2458047843,0,0,2,2,2,2,0.4870070517063141,0.8438785672187805,-0.5081602334976196,0.0637364387512207,-0.2565224170684814,0.7220817804336548,-0.3682621419429779,0.123859979212284,0.0697467103600502,0.9302533268928528,0.142015740275383,-0.3421052694320678,0.0419103316962718,-0.1169590651988983,-0.0399610139429569,0.4376218318939209,0.0253411307930946,0.1842105239629745,1.0,0.0,0.0,1.0,0.0,0.0,1.0,0.0,0.0
20260414_134505_905168,2,20,1.6199523210525513,0.2267072200775146,-0.482091509923778,1.609156458728774,-0.462091509923778,-0.9510784443513672,-5.107679963111877,2.4083514569925626,0.0,0.0,0.02,0.0,0.0,carpet,12345,2458047843,0,0,2,2,2,2,-0.1790742874145507,-0.7239869236946106,-0.1679388284683227,-0.6998447775840759,0.0218537859618663,0.8780688643455505,0.6554203033447266,0.10005684196949,0.0665328204631805,0.9334672093391418,0.0492335632443428,0.2904483377933502,0.4697855710983276,-0.3440545797348022,0.0458089672029018,-0.1306042820215225,0.4356725215911865,-0.231968805193901,1.0,0.0,0.0,1.0,0.0,0.0,1.0,0.0,0.0
20260414_134505_905168,2,21,1.5596866607666016,0.1608213186264038,0.4332506169303751,2.042407075659149,0.4532506169303751,0.9338387030142314,6.588590145111084,2.5220617323165584,0.0,0.0,0.02,0.0,0.0,carpet,12345,2458047843,0,0,2,2,2,2,-0.7092074155807495,-0.0295478086918592,0.7916429042816162,-0.6586641073226929,-0.2916703224182129,-0.927711009979248,0.2040033489465713,0.18304443359375,0.0176633633673191,0.982336699962616,0.2864702939987182,-0.064327485859394,0.1500974595546722,-0.0214424952864646,-0.371345043182373,0.0038986355066299,0.4444444477558136,0.3674463927745819,1.0,0.0,0.0,1.0,0.0,0.0,1.0,0.0,0.0
20260414_134505_905168,2,22,1.58655047416687,0.2016324996948242,-0.1587660897461592,1.88364098591299,-0.1384105125383741,-0.3199004994498295,-4.081118106842041,2.111034443158303,0.0,0.0071115441557013,0.02,0.0,0.0,carpet,12345,2458047843,0,0,2,2,2,2,0.0861609801650047,-0.5724557638168335,0.6608288884162903,-0.7083208560943604,-0.4915543794631958,0.4792057573795318,0.7522154450416565,0.1077121719717979,0.0807019174098968,0.9192981123924256,0.1382431983947754,-0.441520482301712,-0.0350877195596694,0.4746588766574859,-0.3684210479259491,-0.0935672521591186,0.0185185186564922,0.1676413267850875,1.0,0.0,0.0,1.0,0.0,0.0,1.0,0.0,0.0
20260414_134505_905168,2,23,1.4069452285766602,0.1800351291894912,0.108209686177411,1.991850672090401,0.128209686177411,0.3000088880459515,2.1597370505332947,1.0885662214297014,0.0,0.0,0.02,0.0,0.0,carpet,12345,2458047843,0,0,2,2,2,2,0.0113972518593072,0.1606335043907165,0.5828620195388794,0.3361656367778778,-0.7437807321548462,-0.8876103758811951,-0.4794109761714935,0.141292005777359,0.0416544564068317,0.958345592021942,0.2553332448005676,0.0653021410107612,-0.2875243723392486,0.4639376103878021,-0.3674463927745819,-0.2553606331348419,0.2865497171878814,0.4356725215911865,1.0,0.0,0.0,1.0,0.0,0.0,1.0,0.0,0.0
20260414_134505_905168,2,24,1.4318726062774658,0.1560580432415008,0.3771455460175489,2.36899621810795,0.397145546017549,0.8244338147342205,2.3977085947990417,1.221757857228667,0.0,0.0,0.02,0.0,0.0,carpet,12345,2458047843,0,0,2,2,2,2,0.6557058095932007,1.0,-0.5870623588562012,-0.546800434589386,-0.2846240997314453,-0.3185022175312042,0.2563001215457916,-0.0832145661115646,0.0623184628784656,0.9376815557479858,-0.1881547421216964,-0.0175438597798347,0.0204678364098072,0.3001949191093445,0.2134502977132797,-0.3986354768276214,-0.2836257219314575,-0.2719298303127289,1.0,0.0,0.0,1.0,0.0,0.0,1.0,0.0,0.0
20260414_134505_905168,2,25,1.4182478189468384,0.1561421602964401,0.2703704793216399,2.63936669742959,0.2903704793216399,0.6162224346771978,-0.008411705493927,1.4035248966704046,0.0,0.0,0.02,0.0,0.0,carpet,12345,2458047843,0,0,2,2,2,2,-0.6884936094284058,0.1998731344938278,0.3383873105049133,-0.1582388877868652,-0.5692363977432251,0.2638099193572998,-0.222984567284584,-0.0520553588867187,0.085259348154068,0.9147406816482544,-0.0173802468925714,0.3869395852088928,0.6042885184288025,-0.3333333432674408,-0.2621832489967346,-0.1384015530347824,-0.1832358688116073,0.153021439909935,1.0,0.0,0.0,1.0,0.0,0.0,1.0,0.0,0.0
20260414_134505_905168,2,26,1.3330334424972534,0.2360976338386535,-0.7824205192551017,1.8569461781744885,-0.7624205192551017,-1.5367200125474485,-7.995547354221344,0.8178833284743234,0.0,0.0,0.02,0.0,0.0,carpet,12345,2458047843,0,0,2,2,2,2,-0.3956004083156585,-0.5759979486465454,-0.5771592855453491,0.72093665599823,-0.6771491169929504,-0.786276638507843,-0.7209880948066711,-0.069086268544197,0.08517886698246,0.9148211479187012,-0.0955089628696441,-0.3996101319789886,0.1881091594696045,0.2563352882862091,-0.1042884960770607,-0.376218318939209,0.1578947305679321,-0.1403508782386779,1.0,0.0,0.0,1.0,0.0,0.0,1.0,0.0,0.0
20260414_134505_905168,2,27,1.377145290374756,0.175178125500679,0.1197813858031062,1.9767275639775943,0.1643321533532192,0.3704476990387775,6.091950833797455,0.2544923244988695,0.0,0.0,0.02,0.024550767550113,0.0,carpet,12345,2458047843,0,0,2,2,2,2,-0.6074037551879883,1.0,0.509922206401825,0.1004166230559349,0.9367027878761292,0.7613691687583923,-0.3430135548114776,-0.1756042540073394,0.0086787715554237,0.9913212656974792,-0.3232872486114502,-0.2270955145359039,0.0389863550662994,-0.1130604296922683,0.4600389897823334,-0.3986354768276214,-0.4278752505779266,-0.4269005954265594,1.0,0.0,0.0,1.0,0.0,0.0,1.0,0.0,0.0
20260414_134505_905168,2,28,1.617569923400879,0.1761622726917266,0.0842215869245597,2.0609491509021542,0.1042215869245597,0.2532320945028914,-0.0984147191047668,0.8276249184515905,0.0,0.0,0.02,0.0,0.0,carpet,12345,2458047843,0,0,2,2,2,2,-0.8485203981399536,0.2902590036392212,0.8038691878318787,-0.3112778961658478,0.792057454586029,0.8454666137695312,1.0,-0.1204645186662674,0.066965565085411,0.9330344796180724,-0.2232568114995956,-0.401559442281723,0.4278752505779266,0.2329434752464294,-0.0214424952864646,0.0545808970928192,-0.1676413267850875,-0.2524366378784179,1.0,0.0,0.0,1.0,0.0,0.0,1.0,0.0,0.0
20260414_134505_905168,2,29,1.532786846160889,0.1870628297328949,-0.0422101287064535,2.018739022195701,-0.0167127462318137,-0.0825898551520367,-1.0900557041168213,0.4450261752536022,0.0,0.0,0.02,0.0054973824746397,0.0,carpet,12345,2458047843,0,0,2,2,2,2,-0.5437653064727783,0.889830470085144,0.7035713195800781,-0.2044703811407089,0.9777836203575134,-0.6545720100402832,-0.6526356935501099,0.1800663024187088,0.0660239458084106,0.9339760541915894,0.2268015891313552,-0.4970760345458984,0.1705653071403503,0.455165684223175,-0.2485380172729492,0.1871345043182373,-0.0964912250638008,0.5818713307380676,1.0,0.0,0.0,1.0,0.0,0.0,1.0,0.0,0.0
20260414_134505_905168,2,30,1.613863825798035,0.1371520608663559,0.5624752975894602,2.581214319785161,0.5824752975894603,1.1858268302994477,4.9910768866539,0.8064191908188292,0.0,0.0,0.02,0.0,0.0,carpet,12345,2458047843,0,0,2,2,2,2,-0.5169617533683777,0.2557579576969147,-0.0532167255878448,-0.8472509384155273,-0.6439220309257507,-0.1682189851999282,0.3337721526622772,0.0740875229239463,0.0555944703519344,0.9444055557250975,-0.1599770635366439,-0.3937621712684631,0.3518518507480621,0.3382066190242767,-0.2475633472204208,0.5077972412109375,-0.3674463927745819,-0.38791424036026,1.0,0.0,0.0,1.0,0.0,0.0,1.0,0.0,0.0
20260414_134505_905168,2,31,1.5837150812149048,0.1527029126882553,0.2110763216292822,2.792290641414444,0.2310763216292821,0.5005988271771002,-1.5550851821899414,0.6907955833187316,0.0,0.0,0.02,0.0,0.0,carpet,12345,2458047843,0,0,2,2,2,2,-0.3451054096221924,-0.1922374665737152,0.7248068451881409,0.3850502967834472,-0.451727420091629,0.9196010828018188,-0.5761489868164062,0.175433725118637,0.103348284959793,0.8966518044471741,0.1318099349737167,-0.3138401508331299,0.2534112930297851,0.1461988240480423,-0.4074074029922485,-0.0243664719164371,-0.080896683037281,0.2095516622066497,1.0,0.0,0.0,1.0,0.0,0.0,1.0,0.0,0.0
20260414_134505_905168,2,32,1.6260839700698853,0.1230212301015853,0.5274313769484991,3.3197220183629423,0.5474313769484991,1.1174911850495732,2.968168258666992,3.345006780915753,0.0,0.0,0.02,0.0,0.0,carpet,12345,2458047843,0,0,2,2,2,2,0.9485498070716858,-0.4801366627216339,0.2354347258806228,-0.3595349490642547,1.0,0.1838719546794891,0.1224201917648315,0.1377477645874023,0.0884694829583168,0.9115305542945862,-0.0214794557541608,-0.2046783566474914,-0.1218323558568954,0.4239766001701355,0.1676413267850875,-0.331384003162384,0.5029239654541016,-0.3693957030773163,1.0,0.0,0.0,1.0,0.0,0.0,1.0,0.0,0.0
20260414_134505_905168,2,33,1.6193946599960327,0.1213672757148742,0.4053678197204912,3.7250898380834334,0.4253678197204912,0.8794672484549579,0.165395438671112,3.8540263303319335,0.0,0.0,0.02,0.0,0.0,carpet,12345,2458047843,0,0,2,2,2,2,-0.6679965257644653,-0.0407644957304,-0.2142511904239654,-0.0022414524573832,-0.0444554239511489,0.5911035537719727,-0.2834790349006653,0.1907089203596115,0.1168684288859367,0.8831316232681274,0.096376933157444,0.5896686315536499,-0.2465886920690536,0.1725146174430847,-0.2514619827270508,0.3966861665248871,0.0614035092294216,0.0516569204628467,1.0,0.0,0.0,1.0,0.0,0.0,1.0,0.0,0.0
20260414_134505_905168,2,34,1.5445150136947632,0.1177861392498016,0.3385276143425834,4.0636174524260165,0.3585276143425834,0.7491288479680378,0.3581136465072632,4.34992308379708,0.0,0.0,0.02,0.0,0.0,carpet,12345,2458047843,0,0,2,2,2,2,0.333517849445343,1.0,0.7498579025268555,0.3977651000022888,-0.583036482334137,-0.4547663927078247,-0.2804246842861175,0.182347297668457,0.1184509098529815,0.8815491199493408,0.052945390343666,-0.3723196983337402,0.0263157896697521,-0.0740740746259689,0.0175438597798347,-0.0272904485464096,0.3460038900375366,-0.1890838146209716,1.0,0.0,0.0,1.0,0.0,0.0,1.0,0.0,0.0
20260414_134505_905168,2,35,1.4102625846862793,0.195794939994812,-0.7063453244355049,3.357272127990512,-0.6863453244355049,-1.3883733826492346,-7.800880074501038,3.044139556299882,0.0,0.0,0.02,0.0,0.0,carpet,12345,2458047843,0,0,2,2,2,2,0.0388725399971008,0.8324716091156006,-0.9464378952980042,-0.3803994655609131,-0.214823693037033,-1.0,-0.8987286686897278,0.0887477844953537,0.1218772754073143,0.8781227469444275,-0.0522481724619865,0.1705653071403503,0.2348927855491638,0.1920077949762344,0.223196879029274,-0.301169604063034,-0.1764132529497146,-0.1559454202651977,1.0,0.0,0.0,1.0,0.0,0.0,1.0,0.0,0.0
20260414_134505_905168,2,36,1.489940881729126,0.1263608187437057,0.3105502534824222,3.667822381472934,0.3305502534824223,0.6945729942907235,6.943412125110626,2.552885720291158,0.0,0.0,0.02,0.0,0.0,carpet,12345,2458047843,0,0,2,2,2,2,-0.257359892129898,1.0,0.0467632822692394,0.1204283237457275,0.2109583169221878,0.3676051497459411,-0.4415111541748047,-0.0790678039193153,0.0472397319972515,0.9527603387832642,-0.3005034625530243,0.0243664719164371,0.5272904634475708,-0.3118908405303955,-0.0536062382161617,-0.0399610139429569,-0.3771929740905761,-0.5360623598098755,1.0,0.0,0.0,1.0,0.0,0.0,1.0,0.0,0.0
20260414_134505_905168,2,37,1.4980289936065674,0.1163335666060447,0.3500569482869611,4.017879329759895,0.3700569482869611,0.7716110491595742,1.002725213766098,2.823897942273632,0.0,0.0,0.02,0.0,0.0,carpet,12345,2458047843,0,0,2,2,2,2,0.2489758431911468,-0.8032903075218201,-0.4143475592136383,-0.6524897217750549,0.0018152407137677,0.1753381788730621,-0.3592591881752014,0.0205301288515329,0.1136731654405593,0.8863268494606018,-0.141479343175888,-0.1734892725944519,0.5779727101325989,-0.0360623784363269,0.032163742929697,0.0730994120240211,0.0204678364098072,-0.3128654956817627,1.0,0.0,0.0,1.0,0.0,0.0,1.0,0.0,0.0
20260414_134505_905168,2,38,1.5473214387893677,0.1193366348743438,0.2126315795703624,4.230510909330257,0.2326315795703624,0.5036315801622067,-0.3003068268299103,2.210038337386265,0.0,0.0,0.02,0.0,0.0,carpet,12345,2458047843,0,0,2,2,2,2,-0.7049625515937805,0.6204908490180969,-0.6280272603034973,-0.8621070981025696,0.7894348502159119,0.9151337146759032,0.0710938349366188,0.0306402202695608,0.123267076909542,0.8767329454421997,-0.0983079150319099,0.1734892725944519,0.3323586881160736,-0.1140350848436355,-0.2826510667800903,0.0263157896697521,0.0565302148461341,-0.2514619827270508,1.0,0.0,0.0,1.0,0.0,0.0,1.0,0.0,0.0
20260414_134505_905168,2,39,1.5293633937835691,0.1097525358200073,0.2709364930667,4.501447402396957,0.2909364930667,0.6173261614800651,0.9584099054336548,1.9478972504113727,0.0,0.0,0.02,0.0,0.0,carpet,12345,2458047843,0,0,2,2,2,2,-0.3428425788879394,-0.746242105960846,-0.9552282691001892,0.1841005831956863,0.1578809171915054,-0.8116235733032227,0.2982726991176605,0.0922557860612869,0.1203937903046608,0.8796062469482422,0.0657854005694389,-0.3830409348011017,0.4376218318939209,-0.1403508782386779,-0.5097466111183167,0.3966861665248871,0.1754385977983474,0.0,1.0,0.0,0.0,1.0,0.0,0.0,1.0,0.0,0.0
20260414_134505_905168,2,40,1.4972894191741943,0.1034081727266311,0.2731301017663897,4.774577504163347,0.2931301017663897,0.62160369844446,0.634436309337616,1.8203721008877949,0.0,0.0,0.02,0.0,0.0,carpet,12345,2458047843,0,0,2,2,2,2,-0.7441918253898621,0.9925056099891664,-0.32437863945961,-1.0,-0.663186252117157,-0.8606255650520325,0.186924546957016,0.0698082000017166,0.1295636892318725,0.8704363107681274,0.073638841509819,-0.1910331398248672,0.3333333432674408,-0.4805068373680115,0.1461988240480423,0.1189083829522132,-0.4191033244132995,0.2007797211408615,1.0,0.0,0.0,1.0,0.0,0.0,1.0,0.0,0.0
20260414_134505_905168,2,41,1.5059252977371216,0.1193450540304184,-0.0108816711596666,4.7636958330036805,0.0091183288403333,0.0677807412386499,-1.5936881303787231,3.2765262247756795,0.0,0.0,0.02,0.0,0.0,carpet,12345,2458047843,0,0,2,2,2,2,-0.4628354609012604,0.1847958266735077,0.9902421236038208,-0.7159404754638672,0.8881771564483643,-0.936344563961029,0.6050890684127808,0.0297157280147075,0.1356338858604431,0.8643661737442017,0.0296425651758909,-0.4658869504928589,0.5692007541656494,-0.1881091594696045,-0.1267056465148925,0.0896686166524887,-0.4181286692619324,0.153021439909935,1.0,0.0,0.0,1.0,0.0,0.0,1.0,0.0,0.0
20260414_134505_905168,2,42,1.511132836341858,0.0925169289112091,0.3243788122611437,5.088074645264824,0.3443788122611437,0.7215386839092304,2.682812511920929,3.3034919143941863,0.0,0.0,0.02,0.0,0.0,carpet,12345,2458047843,0,0,2,2,2,2,0.0116792907938361,0.1957377195358276,-0.47591033577919,0.4775702953338623,-0.3015774190425873,-0.5516204833984375,0.5410627722740173,0.0405105575919151,0.1203857362270355,0.8796143531799316,0.0707640945911407,-0.2923976480960846,0.066276803612709,0.5,-0.4571150243282318,0.4941520392894745,-0.5458089709281921,0.3567251563072204,1.0,0.0,0.0,1.0,0.0,0.0,1.0,0.0,0.0
20260414_134505_905168,2,43,1.5009905099868774,0.083646610379219,0.3455958852470068,5.433670530511831,0.3655958852470068,0.7629119762316634,0.8870318531990051,3.2947928414662755,0.0,0.0,0.02,0.0,0.0,carpet,12345,2458047843,0,0,2,2,2,2,-0.2277981638908386,0.9174882173538208,0.0112274782732129,-0.2754470109939575,-0.5465052127838135,0.29016774892807,-0.0037388876080513,0.0470199584960937,0.1460544466972351,0.8539456129074097,0.084834985435009,0.0204678364098072,0.165692001581192,-0.2163742631673813,0.3079921901226043,-0.1881091594696045,-0.334307998418808,0.3255360722541809,1.0,0.0,0.0,1.0,0.0,0.0,1.0,0.0,0.0
20260414_134505_905168,2,44,1.3346952199935913,0.1954789906740188,-1.02,4.413670530511832,-1.0,-2.2236255251962405,-11.18323802947998,0.5675357361078284,0.0,0.0,0.02,0.0,0.0,carpet,12345,2458047843,0,0,2,2,2,2,-0.349353939294815,-0.8731029033660889,0.6051805019378662,-0.9302159547805786,0.4563138484954834,-0.6922324895858765,-0.9857684373855592,0.0343420021235942,0.1545414179563522,0.8454586267471313,0.0164156686514616,-0.1608187109231948,0.5,-0.0136452242732048,-0.1325536072254181,-0.2826510667800903,0.1715399622917175,-0.0194931775331497,1.0,0.0,0.0,1.0,0.0,0.0,1.0,0.0,0.0
20260414_134505_905168,2,45,1.3380504846572876,0.1650217771530151,-0.5091224645497847,3.904548065962047,-0.4391224645497847,-0.9062888058720802,3.0457213521003723,-0.9560792312443168,0.0,0.0,0.02,0.05,0.0,carpet,12345,2458047843,0,0,2,2,2,2,0.2032268643379211,0.8831996321678162,0.672760546207428,0.2050840258598327,-0.089911475777626,-0.2899653613567352,-0.7611297965049744,-0.1735269576311111,0.0475420281291008,0.9524579644203186,-0.3492384254932403,-0.1744639426469802,-0.1481481492519378,0.4171539843082428,-0.5311890840530396,0.3089668750762939,-0.3927875161170959,-0.600389838218689,1.0,0.0,0.0,1.0,0.0,0.0,1.0,0.0,0.0
20260414_134505_905168,2,46,1.3367918729782104,0.1774510890245437,-0.5545991522145655,3.349948913747481,-0.4822817442011761,-0.9904494011922936,-1.2429311871528623,-2.5681323308810704,0.0,0.0463481602677861,0.02,0.05,0.0,carpet,12345,2458047843,0,0,2,2,2,2,-0.5693806409835815,0.5213268995285034,-0.7574849128723145,0.0025762044824659,0.7333438992500305,-0.6655620336532593,-0.8152785897254944,-0.1693328917026519,0.0766829922795295,0.9233170747756958,-0.3160915374755859,0.0867446362972259,0.1442495137453079,0.3187134563922882,0.0497076027095317,-0.0916179344058036,-0.1871345043182373,-0.4688109159469604,1.0,0.0,0.0,1.0,0.0,0.0,1.0,0.0,0.0
20260414_134505_905168,2,47,1.4108543395996094,0.0911354348063469,0.6300278484926729,3.9799767622401534,0.700027848492673,1.4150543045607122,8.631565421819687,-1.220858767559008,0.0,0.0,0.02,0.05,0.0,carpet,12345,2458047843,0,0,2,2,2,2,-0.8319780826568604,-0.7127631306648254,-0.8171839118003845,-0.2126960307359695,-0.1335088610649109,-0.631183922290802,0.7359616756439209,-0.1709062606096267,0.0647908300161361,0.9352092146873474,-0.3264282941818237,-0.3206627666950226,0.3781676292419433,-0.3557505011558532,0.0077972710132598,0.3937621712684631,-0.4200779795646667,-0.5019493103027344,1.0,0.0,0.0,1.0,0.0,0.0,1.0,0.0,0.0
20260414_134505_905168,2,48,1.3827447891235352,0.086158774793148,0.5124139634617958,4.49239072570195,0.5824139634617959,1.185707228750502,0.4976660013198852,-0.7566902227177366,0.0,0.0,0.02,0.05,0.0,carpet,12345,2458047843,0,0,2,2,2,2,0.8398635983467102,-0.1648256033658981,0.659479558467865,0.1515603065490722,1.0,1.0,-0.4941182732582092,-0.0783281326293945,0.1473762392997741,0.8526237607002258,0.0447841100394725,-0.471734881401062,0.3654970824718475,-0.3547758162021637,-0.0380116961896419,-0.032163742929697,-0.3966861665248871,0.446393758058548,1.0,0.0,0.0,1.0,0.0,0.0,1.0,0.0,0.0
20260414_134505_905168,2,49,1.374039888381958,0.0840964987874031,0.3864914003639874,4.878882126065938,0.4568396521571848,0.9408373217065104,0.2062276005744934,-0.5787648772428895,0.0,0.0069650358639485,0.02,0.05,0.0,carpet,12345,2458047843,0,0,2,2,2,2,-0.0453535430133342,-0.9195544719696044,-0.9829782843589784,-0.0469643585383892,-1.0,-0.3949141800403595,-0.528135359287262,-0.1134651154279708,0.1521378308534622,0.847862184047699,-0.1786016374826431,0.4639376103878021,-0.1734892725944519,0.2212475687265396,-0.0029239766299724,0.1988304108381271,-0.0029239766299724,-0.3323586881160736,1.0,0.0,0.0,1.0,0.0,0.0,1.0,0.0,0.0
20260414_134505_905168,2,50,1.477155327796936,0.0844801217317581,0.3113012398312786,5.190183365897217,0.3313012398312786,0.6960374176709934,-0.0383622944355011,2.3408980656243443,0.0,0.0,0.02,0.0,0.0,carpet,12345,2458047843,0,0,2,2,2,2,0.5909755825996399,-0.2626514434814453,0.4952268600463867,-0.6129105091094971,0.9412389397621156,0.0327851213514804,0.6401267051696777,-0.1243461593985557,0.1541109830141067,0.8458890914916992,-0.1690614074468612,0.0263157896697521,-0.2962962985038757,0.0243664719164371,0.0409356728196144,-0.1861598491668701,-0.1627680361270904,-0.3138401508331299,1.0,0.0,0.0,1.0,0.0,0.0,1.0,0.0,0.0
20260414_134505_905168,2,51,1.3322908878326416,0.1164522022008895,-0.1365507428077064,5.05363262308951,-0.1165507428077064,-0.2772739484750275,-3.197208046913147,2.969912923021397,0.0,0.0,0.02,0.0,0.0,carpet,12345,2458047843,0,0,2,2,2,2,-0.2594335675239563,0.8304674029350281,-0.5616610646247864,-0.0074686566367745,-0.5087467432022095,-0.0806456208229065,-0.897077739238739,0.0045480728149414,0.1537439227104187,0.8462561368942261,0.113217681646347,0.331384003162384,-0.1910331398248672,0.2719298303127289,-0.4054580926895141,0.4444444477558136,-0.0964912250638008,0.3576998114585876,1.0,0.0,0.0,1.0,0.0,0.0,1.0,0.0,0.0
20260414_134505_905168,2,52,1.4493650197982788,0.0583093464374542,0.5931363757587724,5.646768998848282,0.6131363757587724,1.2456159327296064,5.814285576343536,5.205978256943297,0.0,0.0,0.02,0.0,0.0,carpet,12345,2458047843,0,0,2,2,2,2,0.4256564974784851,0.0407375060021877,0.7824327349662781,0.798440158367157,0.6529558300971985,-0.0416445732116699,0.4568577408790588,-0.176532357931137,0.1231535747647285,0.876846432685852,-0.2537499070167541,-0.1744639426469802,0.4785574972629547,-0.3567251563072204,0.0360623784363269,-0.2056530267000198,-0.0077972710132598,-0.538986325263977,1.0,0.0,0.0,1.0,0.0,0.0,1.0,0.0,0.0
20260414_134505_905168,2,53,1.4069124460220337,0.0640904232859611,0.35932565555617,6.0060946544044524,0.37932565555617,0.7896850283345316,-0.5781076848506927,4.580608980717116,0.0,0.0,0.02,0.0,0.0,carpet,12345,2458047843,0,0,2,2,2,2,0.0418858490884304,-0.5470232367515564,-0.7808302044868469,-0.6914796829223633,-0.2206960320472717,-0.2915250062942505,-0.464864432811737,-0.0301897041499614,0.1787836998701095,0.8212162852287292,0.0402998216450214,0.2534112930297851,-0.0233918130397796,-0.0175438597798347,0.2582845985889435,0.0263157896697521,-0.1023391783237457,0.2387914210557937,1.0,0.0,0.0,1.0,0.0,0.0,1.0,0.0,0.0
20260414_134505_905168,2,54,1.4857113361358645,0.0804423093795776,0.0484444199540956,6.054539074358548,0.0684444199540956,0.1834666189104865,-1.6351886093616486,3.578368370877101,0.0,0.0,0.02,0.0,0.0,carpet,12345,2458047843,0,0,2,2,2,2,0.7733147144317627,-0.5720213651657104,0.6760766506195068,-0.2580122649669647,-0.0631336197257042,0.8896715641021729,0.1365831941366195,-0.0832555741071701,0.1732524633407592,0.8267475962638855,-0.1175381764769554,0.1042884960770607,-0.1715399622917175,-0.1003898605704307,-0.034113060683012,-0.068226121366024,-0.1345029175281524,-0.2553606331348419,1.0,0.0,0.0,1.0,0.0,0.0,1.0,0.0,0.0
20260414_134505_905168,2,55,1.4916316270828247,0.0874518752098083,-0.02,6.034539074358548,0.0,-0.0376391815729135,-0.7009565830230713,2.5998918675976768,0.0,0.0,0.02,0.0,0.0,carpet,12345,2458047843,0,0,2,2,2,2,1.0,0.668314516544342,-0.6627808213233948,-0.8234027028083801,0.3712466657161712,0.7439245581626892,0.1751700192689895,0.0152431484311819,0.1576072424650192,0.8423928618431091,0.0871800929307937,0.4610136449337005,-0.376218318939209,0.3674463927745819,-0.1754385977983474,-0.076998047530651,0.4220272898674011,0.0506822615861892,1.0,0.0,0.0,1.0,0.0,0.0,1.0,0.0,0.0
20260414_134505_905168,2,56,1.479193925857544,0.0861246734857559,-0.02,6.014539074358549,0.0,0.0049506569216362,0.1327201724052429,1.90880510684832,0.0,0.0,0.02,0.0,0.0,carpet,12345,2458047843,0,0,2,2,2,2,0.8646543025970459,-0.7603924870491028,0.8630120158195496,-0.695916473865509,0.7218995690345764,0.8873708248138428,-0.2159041166305542,0.0226434711366891,0.1509006023406982,0.8490993976593018,0.1008127927780151,0.5925925970077515,0.3986354768276214,-0.3918128609657287,-0.4590643346309662,0.2037037014961242,0.3986354768276214,0.0584795325994491,1.0,0.0,0.0,1.0,0.0,0.0,1.0,0.0,0.0
20260414_134505_905168,2,57,1.5204294919967651,0.0776805654168129,0.0645208689306717,6.07905994328922,0.0845208689306717,0.2148156944148098,0.8444108068943024,2.400894749738157,0.0,0.0,0.02,0.0,0.0,carpet,12345,2458047843,0,0,2,2,2,2,0.3464405238628387,0.8106608390808105,0.2721437215805053,-0.5269549489021301,0.4515376687049866,0.1434058248996734,0.4269411265850067,0.0070962905883789,0.1521704494953155,0.8478295803070068,0.0400449745357036,0.5575048923492432,-0.4678362607955932,0.4922027289867401,-0.5175438523292542,0.334307998418808,0.4590643346309662,-0.1520467847585678,1.0,0.0,0.0,1.0,0.0,0.0,1.0,0.0,0.0
20260414_134505_905168,2,58,1.3019282817840576,0.1640126556158065,-1.068559222648071,5.010500720641149,-0.9985592226480708,-1.9971904841637385,-8.633209019899368,-0.8419116671551876,0.0,0.0,0.02,0.05,0.0,carpet,12345,2458047843,0,0,2,2,2,2,0.7798253893852234,0.9940803050994872,-0.9654272794723512,0.8365828394889832,-0.6080836057662964,-0.448985755443573,-1.0,0.0586408600211143,0.1602496355772018,0.8397504091262817,0.1768111884593963,0.1803118884563446,0.2378167659044265,0.0906432718038559,-0.3771929740905761,0.2602339088916778,0.1023391783237457,0.2690058350563049,1.0,0.0,0.0,1.0,0.0,0.0,1.0,0.0,0.0
20260414_134505_905168,2,59,1.3040117025375366,0.1122332289814949,-0.1486703575718063,4.861830363069343,-0.0786703575718063,-0.2034071972650224,5.177942663431168,-1.8350038927547416,0.0,0.0,0.02,0.05,0.0,carpet,12345,2458047843,0,0,2,2,2,2,0.4298177063465118,-0.3658329844474792,0.7006586194038391,0.5705828666687012,-0.4735682308673858,-0.1868003904819488,-0.5250811576843262,-0.2144857347011566,0.0776484981179237,0.9223515391349792,-0.3440046906471252,0.4541910290718078,0.5594542026519775,-0.6140350699424744,0.4990253448486328,-0.3040935695171356,-0.2105263173580169,-0.5964912176132202,1.0,0.0,0.0,1.0,0.0,0.0,1.0,0.0,0.0
20260414_134505_905168,2,60,1.3396135568618774,0.0619240775704383,0.4711145576039247,5.332944920673268,0.5411145576039247,1.1051733873276532,5.030915141105652,-0.9132971243375748,0.0,0.0,0.02,0.05,0.0,carpet,12345,2458047843,0,0,2,2,2,2,0.1485074162483215,-0.1924948245286941,-1.0,-0.8384783267974854,-0.2419886142015457,-0.6290290355682373,0.5641433000564575,-0.2118814438581466,0.1271902173757553,0.8728097677230835,-0.2832836508750915,0.2553606331348419,-0.2456140369176864,0.4113060534000397,0.3245614171028137,-0.3196881115436554,-0.1559454202651977,-0.3391812741756439,1.0,0.0,0.0,1.0,0.0,0.0,1.0,0.0,0.0
20260414_134505_905168,2,61,1.3674801588058472,0.0468636602163314,0.5554811887216679,5.888426109394936,0.5925079355632921,1.2053904743484196,1.5060417354106903,0.3297325315837582,0.0,0.0,0.02,0.0170267468416241,0.0,carpet,12345,2458047843,0,0,2,2,2,2,0.5085274577140808,1.0,-0.9679372310638428,-0.8670710325241089,0.0574771724641323,0.1012238636612892,0.3480002284049988,-0.1673791855573654,0.1753251850605011,0.8246748447418213,-0.0452743209898471,0.1120857670903205,-0.064327485859394,0.1890838146209716,-0.1773879081010818,-0.1247563362121582,-0.4152046740055084,0.3460038900375366,1.0,0.0,0.0,1.0,0.0,0.0,1.0,0.0,0.0
20260414_134505_905168,2,62,1.3782895803451538,0.0485534369945526,0.3963068904132183,6.2847329998081545,0.4163068904132183,0.8617984363057758,-0.168977677822113,1.1865803109678978,0.0,0.0,0.02,0.0,0.0,carpet,12345,2458047843,0,0,2,2,2,2,-0.0202452465891838,0.5280369520187378,0.3174009621143341,-0.3475216329097748,-0.3541867733001709,0.9678431749343872,0.2524057030677795,-0.1325458586215973,0.1897347420454025,0.8102652430534363,0.01815752312541,0.3089668750762939,0.6247563362121582,-0.4941520392894745,-0.4483430683612823,0.0458089672029018,0.0536062382161617,0.1949317753314972,1.0,0.0,0.0,1.0,0.0,0.0,1.0,0.0,0.0
20260414_134505_905168,2,63,1.3085973262786863,0.0436935164034366,0.3481265856447336,6.632859585452888,0.3681265856447336,0.7678468420072306,0.4859920591115951,1.7396114585603186,0.0,0.0,0.02,0.0,0.0,carpet,12345,2458047843,0,0,2,2,2,2,0.979871928691864,-0.4583910405635834,-0.055377647280693,-0.1190408244729042,1.0,-0.5517234206199646,-0.2546719908714294,-0.119034007191658,0.1881180107593536,0.8118820786476135,0.0471686758100986,-0.0146198831498622,0.3070175349712372,0.1695906370878219,-0.2592592537403106,-0.272904485464096,0.4756335318088531,0.1276803165674209,1.0,0.0,0.0,1.0,0.0,0.0,1.0,0.0,0.0
20260414_134505_905168,2,64,1.3277249336242676,0.0126130599528551,0.6481520732153686,7.281011658668256,0.6681520732153686,1.3528965427699688,3.108045645058155,5.089698485494026,0.0,0.0,0.02,0.0,0.0,carpet,12345,2458047843,0,0,2,2,2,2,0.7231142520904541,-0.305260568857193,0.9305877089500428,0.6752983331680298,0.0149218430742621,-0.3038581013679504,0.1160779520869255,-0.2061494886875152,0.1927678883075714,0.8072322010993958,-0.1745383441448211,0.6159843802452087,-0.2387914210557937,-0.0428849905729293,-0.1267056465148925,0.4824561476707458,-0.3645224273204803,-0.161793366074562,1.0,0.0,0.0,1.0,0.0,0.0,1.0,0.0,0.0
20260414_134505_905168,2,65,1.2511438131332395,0.088208183646202,-0.443502124671027,6.837509533997229,-0.4231824026954897,-0.8752056852562049,-7.559512369334698,4.417899997502843,0.0,0.0063944395107463,0.02,0.0,0.0,carpet,12345,2458047843,0,0,2,2,2,2,0.3657208085060119,-0.7673614025115967,0.5518004894256592,-0.911191463470459,-0.565396785736084,-0.3494868278503418,-0.9285447001457214,-0.1822399199008941,0.2225051522254943,0.7774949073791504,-0.1059170141816139,0.4307992160320282,-0.2465886920690536,0.2651072144508362,0.2270955145359039,-0.0623781681060791,-0.2153996080160141,0.0575048737227916,1.0,0.0,0.0,1.0,0.0,0.0,1.0,0.0,0.0
20260414_134505_905168,2,66,1.2415310144424438,0.0795330926775932,-0.2221582769120905,6.6153512570851385,-0.1997574306291942,-0.4395269897269287,0.8675090968608856,2.8731996204482613,0.0007348201299904,0.0465472853979457,0.02,0.0,0.0,carpet,12345,2458047843,0,0,2,2,2,2,-0.9201701879501344,-0.6712912917137146,-0.4446501433849334,-0.030152715742588,-0.1587031185626983,-0.9932096004486084,-0.4382548928260803,-0.2779663205146789,0.1501769870519638,0.8498230576515198,-0.3370127975940704,0.2426900565624237,-0.4346978664398193,0.3840155899524688,-0.1276803165674209,-0.2534112930297851,-0.161793366074562,-0.5584795475006104,1.0,0.0,0.0,1.0,0.0,0.0,1.0,0.0,0.0
20260414_134505_905168,2,67,1.2541064023971558,0.0907450169324874,-0.3118280602495771,6.303523196835561,-0.2871504352141315,-0.6099433486675565,-1.1211924254894257,1.0578657974322851,0.002211537752427,0.089129425204056,0.02,0.0,0.0,carpet,12345,2458047843,0,0,2,2,2,2,0.2413322478532791,-0.9417294859886168,-0.5464866161346436,0.2884249687194824,1.0,-0.4388286471366882,-0.7408477663993835,-0.2899823188781738,0.1584771871566772,0.8415228724479675,-0.2826994657516479,-0.5370370149612427,-0.3499025404453277,0.2348927855491638,0.0204678364098072,-0.0779727101325988,-0.5253411531448364,-0.2495126724243164,1.0,0.0,0.0,1.0,0.0,0.0,1.0,0.0,0.0
20260414_134505_905168,2,68,1.292446851730347,0.0141508113592863,0.6972216292328723,7.000744826068434,0.7217423732458286,1.4573976278293657,7.659420557320118,1.653464988955875,0.0022297501896806,0.0859553798797636,0.02,0.0,0.0,carpet,12345,2458047843,0,0,2,2,2,2,0.9586666226387024,0.5297439098358154,0.170719712972641,-0.3026394546031952,0.4190143644809723,0.2160874009132385,-0.5858232378959656,-0.2742630839347839,0.1477497816085815,0.8522502183914185,-0.3256430923938751,0.1666666716337204,-0.5126705765724182,-0.2144249528646469,0.1452241688966751,0.4892787635326385,-0.3411306142807007,-0.471734881401062,1.0,0.0,0.0,1.0,0.0,0.0,1.0,0.0,0.0
20260414_134505_905168,2,69,1.280730128288269,-0.0017489704769104,0.7148885006404527,7.715633326708887,0.7387398803984309,1.4905427667769402,1.589978183619678,2.3761609137255846,0.0026906622276267,0.071646270704309,0.02,0.0,0.0,carpet,12345,2458047843,0,0,2,2,2,2,0.3358503878116607,-0.7415471076965332,-0.5079129934310913,0.0514604300260543,-0.794517993927002,-0.5765182375907898,-0.3071988821029663,-0.2263374328613281,0.2210338711738586,0.7789661884307861,-0.2047064006328582,0.5653021335601807,-0.3235867321491241,0.0126705653965473,-0.1998050659894943,0.2417154014110565,0.078947365283966,-0.4025341272354126,1.0,0.0,0.0,1.0,0.0,0.0,1.0,0.0,0.0
20260414_134505_905168,2,70,1.385369062423706,0.0023951074108481,0.474492605775434,8.190125932484321,0.4945154501993574,1.014305127888747,-0.4144077887758612,2.0375694988443627,0.0002284442392334,0.0,0.02,0.0,0.0,carpet,12345,2458047843,0,0,2,2,2,2,0.7448893785476685,-0.5119127035140991,0.4716847240924835,-0.8579719066619873,1.0,0.6896911859512329,0.3833615779876709,-0.2409833967685699,0.2362465113401413,0.7637535333633423,-0.1636190861463546,0.2348927855491638,-0.3723196983337402,-0.261208564043045,0.1101364493370056,-0.0857699811458587,-0.2563352882862091,-0.1715399622917175,1.0,0.0,0.0,1.0,0.0,0.0,1.0,0.0,0.0
20260414_134505_905168,2,71,1.2095037698745728,0.0739644095301628,-0.5246076812970174,7.665518251187303,-0.5017967728545162,-1.0285037070663066,-7.156930211931467,1.884271477034261,0.003045599759166,0.0501269693316922,0.02,0.0,0.0,carpet,12345,2458047843,0,0,2,2,2,2,-0.4494333863258362,-0.8312393426895142,0.1620428413152694,0.8408024907112122,-0.0705153346061706,-0.8836224675178528,-0.614419162273407,-0.1101846694946289,0.2322815209627151,0.767718493938446,0.0799088254570961,0.4161793291568756,-0.3499025404453277,0.2426900565624237,-0.5555555820465088,0.4668616056442261,0.1890838146209716,0.1910331398248672,1.0,0.0,0.0,1.0,0.0,0.0,1.0,0.0,0.0
20260414_134505_905168,2,72,1.3419935703277588,-0.0219985749572515,0.788957760694592,8.454476011881896,0.8090752984028867,1.627696831885629,9.596298448741436,3.951495298646819,0.0011753770829472,0.0,0.02,0.0,0.0,carpet,12345,2458047843,0,0,2,2,2,2,0.9666895866394044,-0.9041231870651244,-0.8727126717567444,0.7427847981452942,-0.0510632954537868,0.0733884051442146,0.642288863658905,-0.3300163149833679,0.1638052016496658,0.8361948132514954,-0.3368320763111114,-0.2651072144508362,-0.4844054579734802,0.0760233923792839,0.4337232112884521,-0.0545808970928192,-0.4863547682762146,-0.3547758162021637,1.0,0.0,0.0,1.0,0.0,0.0,1.0,0.0,0.0
20260414_134505_905168,2,73,1.3968971967697144,-0.0036318115890026,0.3449248921579442,8.79940090403984,0.3649248921579442,0.7616035397079912,-1.836676336824894,5.323042187022367,0.0,0.0,0.02,0.0,0.0,carpet,12345,2458047843,0,0,2,2,2,2,-0.6174823045730591,-0.994105339050293,0.2613149583339691,-0.349332720041275,0.2818147838115692,1.0,0.8270834684371948,-0.1644041091203689,0.2556210160255432,0.7443789839744568,0.07480950653553,0.600389838218689,-0.4961013793945312,-0.4327485263347626,0.4337232112884521,-0.0750487297773361,-0.0263157896697521,0.3645224273204803,1.0,0.0,0.0,1.0,0.0,0.0,1.0,0.0,0.0
20260414_134505_905168,2,74,1.2070831060409546,-0.0109683470800518,0.3411575241361342,9.140558428175977,0.3613415600293446,0.7546160420572221,0.733653549104929,4.620260601250223,0.0018403589321035,0.0,0.02,0.0,0.0,carpet,12345,2458047843,0,0,2,2,2,2,-0.5534720420837402,0.2948795258998871,-0.5958456993103027,-0.6347281336784363,-0.3421043157577514,-0.4934757053852081,-0.7729507088661194,-0.0957746505737304,0.2380480021238327,0.7619520425796509,0.2015629261732101,-0.3625730872154236,-0.5721247792243958,0.1851851791143417,-0.2397660762071609,0.1228070184588432,0.2914229929447174,0.4649122953414917,1.0,0.0,0.0,1.0,0.0,0.0,1.0,0.0,0.0
20260414_134505_905168,2,75,1.2420058250427246,-0.032824233174324,0.5243960397250691,9.664954467901044,0.5447995814870396,1.112359183899727,2.1855886094272137,4.24207701837301,0.0040354176197047,0.0,0.02,0.0,0.0,carpet,12345,2458047843,0,0,2,2,2,2,-1.0,0.0095477011054754,-0.9843571782112122,0.7032229900360107,-0.1532733887434005,0.6075855493545532,-0.1686227023601532,-0.3330421447753906,0.2450674623250961,0.7549325823783875,-0.2156826257705688,-0.3771929740905761,0.1413255333900451,-0.3723196983337402,-0.2923976480960846,-0.068226121366024,0.1471734941005706,-0.4405457973480224,1.0,0.0,0.0,1.0,0.0,0.0,1.0,0.0,0.0
20260414_134505_905168,2,76,1.2532234191894531,-0.0456952303647995,0.5466445095316917,10.211598977432736,0.5672022141983039,1.1560443176866926,1.2870997190475464,4.383816208170956,0.0055770466661206,0.0,0.02,0.0,0.0,carpet,12345,2458047843,0,0,2,2,2,2,0.940770387649536,0.4864968359470367,-0.5028451681137085,0.6267715692520142,0.0959998592734336,0.1940475404262542,0.1378329992294311,-0.2893887460231781,0.2659788131713867,0.7340211868286133,-0.1038545817136764,-0.5877193212509155,0.0350877195596694,-0.5789473652839661,0.3372319638729095,-0.1569200754165649,0.3040935695171356,-0.1237816736102104,1.0,0.0,0.0,1.0,0.0,0.0,1.0,0.0,0.0
20260414_134505_905168,2,77,1.2511694431304932,-0.0362652689218521,0.277391621292091,10.488990598724827,0.2980944626622174,0.6312842021913241,-0.9429961442947388,6.043604117428586,0.0070284137012642,0.0,0.02,0.0,0.0,carpet,12345,2458047843,0,0,2,2,2,2,-0.2209369093179702,0.1655385345220565,0.5648229122161865,0.3701513111591339,-0.8057858347892761,0.7225376963615417,-0.1843693554401397,-0.2753667831420898,0.2782935798168182,0.7217065095901489,-0.0568028949201107,0.1539960950613021,0.1169590651988983,-0.5048732757568359,0.3031189143657684,-0.0419103316962718,0.0935672521591186,0.0721247568726539,1.0,0.0,0.0,1.0,0.0,0.0,1.0,0.0,0.0
20260414_134505_905168,2,78,1.2179489135742188,-0.0430024787783622,0.2824642696893357,10.771454868414162,0.3035350759262769,0.64189339805624,0.6737209856510162,5.057800683599197,0.010708062369412,0.0,0.02,0.0,0.0,carpet,12345,2458047843,0,0,2,2,2,2,-0.5978484153747559,0.3808361887931824,0.6943487524986267,0.8601133227348328,1.0,0.078198567032814,-0.3131020069122314,-0.2779342532157898,0.2692711353302002,0.7307289242744446,-0.0886342674493789,-0.1676413267850875,0.0389863550662994,-0.2007797211408615,0.2046783566474914,-0.4912280738353729,0.4376218318939209,-0.1247563362121582,1.0,0.0,0.0,1.0,0.0,0.0,1.0,0.0,0.0
20260414_134505_905168,2,79,1.2267407178878784,-0.0459380894899368,0.2375584601547323,11.009013328568894,0.258877085298233,0.5548103163315545,0.2935610711574554,4.85100746022276,0.0131862514350075,0.0,0.02,0.0,0.0,carpet,12345,2458047843,0,0,2,2,2,2,0.2704050242900848,-0.138503611087799,-0.623196542263031,-0.4696471393108368,-0.9248055815696716,0.2443791031837463,-0.2689853310585022,-0.3194599151611328,0.2757171988487243,0.7242828607559204,-0.1997268497943878,-0.3771929740905761,0.1033138409256935,-0.2037037014961242,0.2709551751613617,-0.1189083829522132,0.0204678364098072,-0.2007797211408615,1.0,0.0,0.0,1.0,0.0,0.0,1.0,0.0,0.0
20260414_134505_905168,2,80,1.2746235132217407,-0.0226931795477867,-0.0800830597003571,10.928930268868536,-0.0589820570795317,-0.165015011305087,-2.324490994215012,3.9313764068604513,0.011010026208253,0.0,0.02,0.0,0.0,carpet,12345,2458047843,0,0,2,2,2,2,-0.1437253654003143,0.6579697728157043,0.8115054965019226,-0.9088796377182008,0.5856132507324219,-1.0,0.94772607088089,-0.3084701597690582,0.2785259485244751,0.7214740514755249,-0.1592057794332504,0.161793366074562,-0.082846000790596,-0.314814805984497,-0.0838206633925437,-0.3830409348011017,0.1608187109231948,-0.1715399622917175,1.0,0.0,0.0,1.0,0.0,0.0,1.0,0.0,0.0
20260414_134505_905168,2,81,1.2474526166915894,-0.0639489144086837,0.4186459772930265,11.347576246161564,0.4398113400223611,0.9076321130436042,4.125573486089706,3.726649336004329,0.0116536272933464,0.0,0.02,0.0,0.0,carpet,12345,2458047843,0,0,2,2,2,2,-0.1877377778291702,-0.4783234894275665,-0.5719638466835022,1.0,0.9320535063743592,0.1984815150499344,-0.3988401293754577,-0.2486166954040527,0.2562855780124664,0.743714451789856,0.02079663798213,-0.1218323558568954,0.2719298303127289,0.2368421107530594,-0.583820641040802,0.3391812741756439,-0.5643274784088135,0.5799220204353333,1.0,0.0,0.0,1.0,0.0,0.0,1.0,0.0,0.0
20260414_134505_905168,2,82,1.259357213973999,-0.0669434815645217,0.3407241384579072,11.688300384619472,0.3618401352198259,0.7555882636786606,0.2994567155838012,3.3261932819962965,0.0111599676191869,0.0,0.02,0.0,0.0,carpet,12345,2458047843,0,0,2,2,2,2,0.7141446471214294,-0.8520858883857727,-1.0,-0.113442987203598,0.5760402083396912,0.3361974060535431,-0.4680973291397095,-0.2825802862644195,0.2957583963871002,0.7042416334152222,-0.1841940283775329,-0.0974658876657486,-0.1510721296072006,-0.3245614171028137,-0.0253411307930946,0.4541910290718078,-0.0263157896697521,-0.2836257219314575,1.0,0.0,0.0,1.0,0.0,0.0,1.0,0.0,0.0
20260414_134505_905168,2,83,1.3130818605422974,-0.0892747044563293,0.5305746179067188,12.218875002526191,0.5512675743867558,1.1249717700541737,2.233122289180756,3.819880849859146,0.0069295648003701,0.0,0.02,0.0,0.0,carpet,12345,2458047843,0,0,2,2,2,2,0.6558424830436707,-0.8116467595100403,0.1726693361997604,-0.2093633264303207,0.2903617024421692,0.2266212403774261,0.5158593058586121,-0.2676995396614074,0.2986235618591308,0.7013764381408691,-0.1613090336322784,0.4522417187690735,-0.4405457973480224,-0.4269005954265594,-0.0360623784363269,0.3206627666950226,0.1062378138303756,-0.3089668750762939,1.0,0.0,0.0,1.0,0.0,0.0,1.0,0.0,0.0
20260414_134505_905168,2,84,1.3556535243988037,-0.0500684157013893,-0.0645729798495027,12.154302022676688,-0.0443222519655673,-0.1364283913328563,-3.9206288754940033,3.0415590604700498,0.002507278839354,0.0,0.02,0.0,0.0,carpet,12345,2458047843,0,0,2,2,2,2,-0.3540040552616119,-0.3548012375831604,-0.3827502727508545,-0.8049454689025879,0.0818745493888855,0.6665783524513245,0.8656103610992432,-0.2005437910556793,0.3199897110462188,0.6800103783607483,0.0852982029318809,0.3908382058143616,-0.5370370149612427,0.0614035092294216,-0.1461988240480423,0.1569200754165649,0.1111111119389534,0.3079921901226043,1.0,0.0,0.0,1.0,0.0,0.0,1.0,0.0,0.0
20260414_134505_905168,2,85,1.2864636182785034,-0.0727021545171737,0.1917942708947855,12.346096293571474,0.2120626548179256,0.4635221768949549,2.263373881578445,2.95027092103345,0.0026838392314009,0.0,0.02,0.0,0.0,carpet,12345,2458047843,0,0,2,2,2,2,0.5227820873260498,-0.8844112753868103,0.2521007061004638,-0.9252667427062988,0.0416577234864234,0.7036969065666199,-0.5535452365875244,-0.1473291367292404,0.2824777662754059,0.7175222635269165,0.1969442218542099,-0.1998050659894943,-0.1715399622917175,-0.1900584846735,-0.4424951374530792,0.0545808970928192,0.3479532301425934,0.4873294234275818,1.0,0.0,0.0,1.0,0.0,0.0,1.0,0.0,0.0
20260414_134505_905168,2,86,1.2648382186889648,-0.077733114361763,0.1967589410122026,12.542855234583676,0.2171362198902347,0.4734156287859576,0.5030959844589233,3.588701561124495,0.0037727887803211,0.0,0.02,0.0,0.0,carpet,12345,2458047843,0,0,2,2,2,2,-0.1607940047979354,-1.0,0.3813580572605133,0.8844643235206604,-0.9101575016975404,0.0899988263845443,-0.2371439039707183,-0.2338165342807769,0.3041333556175232,0.6958666443824768,-0.0781392902135849,0.314814805984497,-0.5438596606254578,0.1559454202651977,-0.5350877046585083,0.0458089672029018,0.4376218318939209,-0.3401559591293335,1.0,0.0,0.0,1.0,0.0,0.0,1.0,0.0,0.0
20260414_134505_905168,2,87,1.26823091506958,-0.0902329161763191,0.2962424304399987,12.839097665023676,0.3166957779248039,0.6675567669533677,1.2499801814556122,3.3486262150342583,0.0045334748480518,0.0,0.02,0.0,0.0,carpet,12345,2458047843,0,0,2,2,2,2,0.7431732416152954,-0.0697766840457916,0.6204181909561157,0.8099302053451538,0.700060248374939,-0.1750648766756057,0.1394271701574325,-0.2608482241630554,0.3089469075202942,0.6910530924797058,-0.1331420987844467,-0.0955165699124336,-0.6042885184288025,0.1959064304828643,0.4853801131248474,-0.5545808672904968,0.0536062382161617,-0.1481481492519378,1.0,0.0,0.0,1.0,0.0,0.0,1.0,0.0,0.0
20260414_134505_905168,2,88,1.2837438583374023,-0.1158595606684684,0.5392253951078599,13.378323060131535,0.5596583012916753,1.1413336875187667,2.562664449214936,3.734371638874365,0.0043290618381532,0.0,0.02,0.0,0.0,carpet,12345,2458047843,0,0,2,2,2,2,0.3463877737522125,-0.677480936050415,-0.4787903428077698,0.0710457116365432,0.5827676057815552,0.4166487753391266,-0.1944369226694107,-0.2566074430942535,0.3209065198898315,0.6790935397148132,-0.0984800234436988,0.3440545797348022,-0.5253411531448364,0.2056530267000198,0.4269005954265594,-0.2582845985889435,-0.1306042820215225,0.0799220278859138,1.0,0.0,0.0,1.0,0.0,0.0,1.0,0.0,0.0
20260414_134505_905168,2,89,1.267818570137024,-0.076836846768856,-0.0561765096852206,13.322146550446314,-0.0356756830006372,-0.1195675818512427,-3.902271389961242,2.489832286968948,0.0050082668458338,0.0,0.02,0.0,0.0,carpet,12345,2458047843,0,0,2,2,2,2,-0.0361656881868839,-0.6415066123008728,-0.5356559157371521,1.0,0.7502387762069702,-1.0,0.1054082661867141,-0.2372161895036697,0.3454256653785705,0.6545743942260742,-0.1054362580180168,0.2387914210557937,-0.3732943534851074,-0.2407407462596893,0.0029239766299724,0.2037037014961242,0.1578947305679321,-0.149122804403305,1.0,0.0,0.0,1.0,0.0,0.0,1.0,0.0,0.0
20260414_134505_905168,2,90,1.352275013923645,-0.0901838243007659,0.079310005107913,13.401456555554228,0.0994865394406751,0.2439987519093165,1.3346977531909945,2.870259430211121,0.0017653433276211,0.0,0.02,0.0,0.0,carpet,12345,2458047843,0,0,2,2,2,2,-0.4262717962265014,0.3032053411006927,0.1509442925453186,-0.2908560037612915,-0.7244890332221985,0.7159616947174072,0.6894583702087402,-0.2571228146553039,0.3080893754959106,0.6919106841087341,-0.1104855984449386,-0.0126705653965473,-0.3615984320640564,-0.3391812741756439,0.3840155899524688,0.3567251563072204,-0.5604288578033447,0.0721247568726539,1.0,0.0,0.0,1.0,0.0,0.0,1.0,0.0,0.0
20260414_134505_905168,2,91,1.1930043697357178,-0.0954534858465194,0.1150967740599656,13.516553329614194,0.1357644115773458,0.3147406025758243,0.5269661545753479,2.7214778558919903,0.0066763751738023,0.0,0.02,0.0,0.0,carpet,12345,2458047843,0,0,2,2,2,2,-0.2364213019609451,-0.0305143371224403,-0.4190900325775146,0.0432315506041049,-0.0544341951608657,-0.9113410711288452,-0.315254807472229,-0.1515522003173828,0.3208595514297485,0.6791405081748962,0.1469604820013046,-0.2982456088066101,0.1130604296922683,0.032163742929697,-0.1871345043182373,-0.4181286692619324,0.4161793291568756,0.4035087823867798,1.0,0.0,0.0,1.0,0.0,0.0,1.0,0.0,0.0
20260414_134505_905168,2,92,1.1799014806747437,-0.057505052536726,-0.3613447440325203,13.155208585581674,-0.3398232722117824,-0.7126553808129756,-3.7948433309793472,1.535406846293057,0.0135765576266173,0.0032763211615251,0.02,0.0,0.0,carpet,12345,2458047843,0,0,2,2,2,2,-0.6511554718017578,0.1248679682612419,0.4840330183506012,0.2524219155311584,-0.5505812168121338,0.503207802772522,-0.8533989191055298,-0.350640594959259,0.3259014785289764,0.674098551273346,-0.2318616360425949,-0.1442495137453079,-0.0077972710132598,-0.2553606331348419,0.028265107423067,-0.0077972710132598,-0.3859649002552032,-0.1783625781536102,1.0,0.0,0.0,1.0,0.0,0.0,1.0,0.0,0.0
20260414_134505_905168,2,93,1.1778361797332764,-0.0528998486697673,-0.3610717063921191,12.794136879189557,-0.3074982729659912,-0.649621632283683,-0.4605203866958618,0.2182284470560063,0.0205692622241661,0.0667870381862386,0.02,0.0281771552943993,0.0,carpet,12345,2458047843,0,0,2,2,2,2,0.0783964544534683,-0.3419916033744812,-0.582482635974884,0.5901294350624084,-0.2908226251602173,0.2787829935550689,-0.9884323477745056,-0.3670191764831543,0.2895930111408233,0.710407018661499,-0.3363241255283355,-0.4171539843082428,0.0194931775331497,0.2134502977132797,0.1237816736102104,-0.359649121761322,0.2465886920690536,-0.5409356951713562,1.0,0.0,0.0,1.0,0.0,0.0,1.0,0.0,0.0
20260414_134505_905168,2,94,1.261372447013855,-0.1158737167716026,0.4765359610328935,13.27067284022245,0.5318617837605684,1.0871304783331084,6.297386810183525,0.1640252378703479,0.0172834651470964,0.0,0.02,0.0335974762129652,0.0,carpet,12345,2458047843,0,0,2,2,2,2,-0.676662802696228,-0.9188002347946168,-0.4741603434085846,-0.6515071988105774,-0.6586924195289612,0.0374382771551609,0.8705090880393982,-0.3696008622646332,0.2851868569850921,0.7148131728172302,-0.3604693114757538,0.0721247568726539,-0.1666666716337204,-0.2972709536552429,0.3460038900375366,-0.2387914210557937,0.1432748585939407,-0.6081871390342712,1.0,0.0,0.0,1.0,0.0,0.0,1.0,0.0,0.0
20260414_134505_905168,2,95,1.169936180114746,-0.10153678804636,0.1849660170992429,13.455638857321691,0.2086793028814184,0.4569246406187659,-1.4336928725242617,0.7405174603403566,0.0248596468073725,0.0245464220287641,0.02,0.0,0.0,carpet,12345,2458047843,0,0,2,2,2,2,0.2551480531692505,0.2538152635097503,0.5210021734237671,-0.6098721027374268,0.3537733852863312,-0.0593213513493537,-0.755176305770874,-0.2651804983615875,0.3454391956329345,0.6545608043670654,0.0897150412201881,-0.371345043182373,-0.1705653071403503,-0.2007797211408615,-0.0243664719164371,-0.3654970824718475,0.0224171541631221,0.5155945420265198,1.0,0.0,0.0,1.0,0.0,0.0,1.0,0.0,0.0
20260414_134505_905168,2,96,1.1824809312820437,-0.1074508652091026,0.2006065656007391,13.65624542292243,0.225920722837253,0.4905454095326433,0.5914077162742615,0.9870641179636834,0.0297550908845978,0.0467729629610819,0.02,0.0,0.0,carpet,12345,2458047843,0,0,2,2,2,2,-0.8907784819602966,-0.990833818912506,0.7938288450241089,-0.0997510850429534,0.127162367105484,0.7510982751846313,-0.6426923274993896,-0.3794757723808288,0.3317218720912933,0.668278157711029,-0.2654907405376434,0.1091617941856384,-0.1023391783237457,0.1959064304828643,-0.4083820581436157,0.2115009725093841,-0.0243664719164371,-0.4444444477558136,1.0,0.0,0.0,1.0,0.0,0.0,1.0,0.0,0.0
20260414_134505_905168,2,97,1.2208315134048462,-0.1276354044675827,0.398878305707148,14.055123728629578,0.421806430057175,0.8725225386114914,2.018453925848007,1.5448460539993505,0.0285160061275659,0.0015304747454079,0.02,0.0,0.0,carpet,12345,2458047843,0,0,2,2,2,2,0.2170888185501098,0.2093051224946975,0.9743839502334596,-0.0640440434217453,0.0014869456645101,-0.8202579021453857,0.7063249945640564,-0.3637948930263519,0.3373803496360779,0.6626196503639221,-0.2365841716527938,-0.5370370149612427,-0.5555555820465088,0.4844054579734802,-0.1608187109231948,-0.0214424952864646,0.289473682641983,-0.4288499057292938,1.0,0.0,0.0,1.0,0.0,0.0,1.0,0.0,0.0
20260414_134505_905168,2,98,1.2352029085159302,-0.1501217633485794,0.5756514360012015,14.63077516463078,0.5982312184530918,1.216550875983529,2.2486358880996704,3.474052310795855,0.0257978245189028,0.0,0.02,0.0,0.0,carpet,12345,2458047843,0,0,2,2,2,2,0.5483818650245667,0.3427890837192535,0.0461833253502845,0.0252520516514778,0.8957025408744812,-0.3008133471012115,0.7413870692253113,-0.3158566355705261,0.3566925823688507,0.6433074474334717,-0.0233303699642419,0.0701754391193389,-0.4493177533149719,0.5068225860595703,-0.1120857670903205,-0.0116959065198898,-0.4512670636177063,0.4346978664398193,1.0,0.0,0.0,1.0,0.0,0.0,1.0,0.0,0.0
20260414_134505_905168,2,99,1.2049541473388672,-0.1089931204915046,-0.0571363293354486,14.57363883529533,-0.0337450843278096,-0.1158029144392287,-4.112864285707474,4.007871028640309,0.0275771815534906,0.0126705370457999,0.02,0.0,0.0,carpet,12345,2458047843,0,0,2,2,2,2,0.148452490568161,0.8969325423240662,-0.8999849557876587,0.6593590378761292,0.9233258962631226,0.5545793771743774,-0.905964493751526,-0.2978923916816711,0.3782071769237518,0.6217928528785706,-0.0092184888198971,0.3070175349712372,-0.1257309913635254,-0.066276803612709,-0.0750487297773361,0.2573099434375763,-0.3021442592144012,0.4317738711833954,1.0,0.0,0.0,1.0,0.0,0.0,1.0,0.0,0.0
20260414_134505_905168,2,100,1.2442150115966797,-0.1503995656967163,0.4382672486063211,15.011906083901652,0.460671253487629,0.9483089443008764,4.140644520521164,3.8690494946080776,0.0240400488130785,0.0,0.02,0.0,0.0,carpet,12345,2458047843,0,0,2,2,2,2,-0.7924730181694031,1.0,0.378028005361557,0.0101403081789612,-0.4802512526512146,-0.7335804104804993,0.6754565834999084,-0.3357033729553222,0.3388559520244598,0.6611440181732178,-0.2768193483352661,0.064327485859394,0.4356725215911865,-0.6189084053039551,0.1169590651988983,0.2631579041481018,0.1812865436077118,-0.5701754093170166,1.0,0.0,0.0,1.0,0.0,0.0,1.0,0.0,0.0
20260414_134505_905168,2,101,1.166096329689026,-0.1053592190146446,-0.2110231115498844,14.800882972351769,-0.18706510709032,-0.4147769588261241,-4.504034668207169,2.997347895163188,0.0312698200092022,0.0166204491728834,0.02,0.0,0.0,carpet,12345,2458047843,0,0,2,2,2,2,0.1635823845863342,0.6301446557044983,0.0785349979996681,0.2713898122310638,-0.1829871535301208,-0.968505322933197,-0.2183857709169387,-0.2866272926330566,0.3784729838371277,0.6215270757675171,-0.0107425320893526,-0.5038986206054688,0.5506822466850281,-0.0467836260795593,-0.0087719298899173,-0.2426900565624237,-0.3859649002552032,0.4171539843082428,1.0,0.0,0.0,1.0,0.0,0.0,1.0,0.0,0.0
20260414_134505_905168,2,102,1.264572024345398,-0.1715982258319854,0.6416357374938881,15.442518709845654,0.6640474109302105,1.3448924513139104,6.623900681734085,3.851694936944455,0.0241167343632234,0.0,0.02,0.0,0.0,carpet,12345,2458047843,0,0,2,2,2,2,0.4456683397293091,-0.5024136900901794,0.1793343424797058,-0.3418766856193542,0.5633655786514282,0.4935517311096191,0.7603447437286377,-0.3842756152153015,0.3353791236877441,0.6646209359169006,-0.2676976919174194,0.0701754391193389,0.3304093480110168,-0.0019493177533149,0.1237816736102104,-0.1072124764323234,-0.5243664979934692,-0.1189083829522132,1.0,0.0,0.0,1.0,0.0,0.0,1.0,0.0,0.0
20260414_134505_905168,2,103,1.3212559223175049,-0.1405942440032959,0.0727614571204166,15.51528016696607,0.0941383552657475,0.2335697927682076,-3.100398182868957,3.212742191101171,0.0137689814533082,0.0,0.02,0.0,0.0,carpet,12345,2458047843,0,0,2,2,2,2,-0.542043149471283,0.8472681045532227,0.5850473642349243,-0.8769014477729797,-0.2249473631381988,0.3620522618293762,0.977961242198944,-0.2611810564994812,0.3987555205821991,0.6012445688247681,-0.0077196406200528,0.2884990274906158,-0.2046783566474914,0.1578947305679321,-0.2368421107530594,0.2397660762071609,-0.3460038900375366,0.429824560880661,1.0,0.0,0.0,1.0,0.0,0.0,1.0,0.0,0.0
20260414_134505_905168,2,104,1.2892707586288452,-0.1521982699632644,0.1919393841635899,15.70721955112966,0.2129630736283875,0.4652779935753557,1.1604025959968567,2.461469308692997,0.0102368946479766,0.0,0.02,0.0,0.0,carpet,12345,2458047843,0,0,2,2,2,2,-0.5594227910041809,0.0382501780986785,0.1130606010556221,-0.301744282245636,-0.9738778471946716,-0.7109903693199158,0.8772895336151123,-0.1903261244297027,0.3690914213657379,0.6309086084365845,0.1680012345314026,-0.3547758162021637,0.4317738711833954,0.2875243723392486,-0.5263158082962036,-0.1481481492519378,0.1822612136602401,0.5614035129547119,1.0,0.0,0.0,1.0,0.0,0.0,1.0,0.0,0.0
20260414_134505_905168,2,105,1.2906581163406372,-0.1687915027141571,0.3452622031795765,16.052481754309238,0.3660458020276083,0.7637893139538363,1.659323275089264,3.3410615370860626,0.0078359884803181,0.0,0.02,0.0,0.0,carpet,12345,2458047843,0,0,2,2,2,2,0.4119263589382171,0.3898489773273468,-0.2554932534694671,0.4419896006584167,-0.895723283290863,0.5764009356498718,0.5708385705947876,-0.2303075790405273,0.3801939189434051,0.6198061108589172,0.0959314778447151,-0.3352826535701751,0.1627680361270904,0.153021439909935,-0.1267056465148925,-0.5146198868751526,-0.2309941500425338,0.5623781681060791,1.0,0.0,0.0,1.0,0.0,0.0,1.0,0.0,0.0
20260414_134505_905168,2,106,1.231035232543945,-0.1448942273855209,-0.0210395980505377,16.0314421562587,0.0,-0.0245898977505163,-2.389727532863617,2.3681626950346697,0.0103959805053779,0.0,0.02,0.0,0.0,carpet,12345,2458047843,0,0,2,2,2,2,0.2803004086017608,0.4650669991970062,0.7126113772392273,-0.8055282831192017,0.5837496519088745,0.4214114248752594,-0.8353657722473145,-0.2285734117031097,0.3960700929164886,0.6039299368858337,0.0598956905305385,0.2456140369176864,0.2339181303977966,-0.1569200754165649,0.2534112930297851,-0.583820641040802,0.2748537957668304,0.3216374218463897,1.0,0.0,0.0,1.0,0.0,0.0,1.0,0.0,0.0
20260414_134505_905168,2,107,1.330283284187317,-0.1754581481218338,0.3362008105058328,16.36764296676453,0.3567464590230414,0.7456555950949308,3.0563920736312866,3.5285952489557246,0.0054564851720861,0.0,0.02,0.0,0.0,carpet,12345,2458047843,0,0,2,2,2,2,-1.0,0.334933876991272,-0.8422778248786926,-0.1527155339717865,-0.2241097241640091,0.7499354481697083,0.606135368347168,-0.3031020164489746,0.3732055425643921,0.6267944574356079,-0.2279501408338546,0.153021439909935,0.2290448397397995,0.3479532301425934,-0.5360623598098755,0.2543859779834747,0.223196879029274,-0.5175438523292542,1.0,0.0,0.0,1.0,0.0,0.0,1.0,0.0,0.0
20260414_134505_905168,2,108,1.1326042413711548,-0.0798838585615158,-0.9491807294239176,15.418462237340616,-0.9128797654803872,-1.8301155426867552,-9.5574289560318,0.3535872549550589,0.0165968943903611,0.0,0.02,0.0146412745044941,0.0,carpet,12345,2458047843,0,0,2,2,2,2,0.3874942660331726,-0.6949331760406494,-1.0,0.7342774271965027,-0.2949388325214386,-0.850597620010376,-1.0,-0.1790418624877929,0.4024486243724823,0.5975514054298401,0.1427335888147354,-0.5799220204353333,0.2826510667800903,-0.2563352882862091,-0.0896686166524887,-0.2095516622066497,0.3840155899524688,0.3469785451889038,1.0,0.0,0.0,1.0,0.0,0.0,1.0,0.0,0.0
20260414_134505_905168,2,109,1.1337586641311646,-0.1887715756893158,0.6435881482325452,16.06205038557316,0.6664647544512423,1.3496062711799226,10.88877171278,1.469623733366774,0.0287660621869711,0.0,0.02,0.0,0.0,carpet,12345,2458047843,0,0,2,2,2,2,0.3978268802165985,0.9666776061058044,0.6168718934059143,-0.7787585854530334,-0.472648411989212,-0.2055984288454055,-0.0034476958680897,-0.4261407852172851,0.3110046982765198,0.6889953017234802,-0.4000580310821533,0.2563352882862091,-0.3040935695171356,-0.5584795475006104,0.4522417187690735,-0.1423001885414123,-0.3294346928596496,-0.5935672521591187,1.0,0.0,0.0,1.0,0.0,0.0,1.0,0.0,0.0
20260414_134505_905168,2,110,1.1307618618011477,-0.1732440739870071,0.2699437655141566,16.331994151087315,0.294367774783198,0.6240171608272362,-1.5527501702308657,1.6283629006186544,0.0405380891250222,0.0074040071307834,0.02,0.0,0.0,carpet,12345,2458047843,0,0,2,2,2,2,-0.7017720341682434,-0.9410108923912048,0.5257848501205444,0.0270521156489849,-0.0764600411057472,0.6954248547554016,-0.5731194615364075,-0.4246976971626282,0.4151866734027862,0.5848133563995361,-0.1386488080024719,0.2076023370027542,-0.1296296268701553,0.1315789520740509,-0.3996101319789886,-0.2261208593845367,-0.0847953185439109,0.0048732943832874,1.0,0.0,0.0,1.0,0.0,0.0,1.0,0.0,0.0
20260414_134505_905168,2,111,1.170259714126587,-0.1938131302595138,0.4536634993789678,16.785657650466284,0.4780714243246641,0.982239277433095,2.0569056272506714,1.846812864097913,0.0440792494569624,0.0,0.02,0.0,0.0,carpet,12345,2458047843,0,0,2,2,2,2,-0.7681153416633606,-0.3337433040142059,0.9398908019065856,-0.3380670845508575,-0.7441450953483582,-0.0758324190974235,0.5612349510192871,-0.4284437298774719,0.4003302156925201,0.5996698141098022,-0.2470576018095016,-0.404483437538147,-0.5302144289016724,0.3235867321491241,-0.0847953185439109,-0.1588694006204605,0.3157894611358642,-0.376218318939209,1.0,0.0,0.0,1.0,0.0,0.0,1.0,0.0,0.0
20260414_134505_905168,2,112,1.1268525123596191,-0.1850217580795288,0.2139997084252718,16.999657358891557,0.2394334120898454,0.5168951535751987,-0.8791372179985046,2.388297915423628,0.0543370366457359,0.0,0.02,0.0,0.0,carpet,12345,2458047843,0,0,2,2,2,2,-0.2585728168487549,0.5213633179664612,0.7237597703933716,-0.4112318158149719,0.2532404959201813,-0.8486282229423523,0.1883230060338974,-0.3790714144706726,0.420010358095169,0.5799896717071533,-0.0248776916414499,-0.4912280738353729,-0.2797271013259887,0.5068225860595703,-0.2153996080160141,-0.4161793291568756,-0.0516569204628467,0.334307998418808,1.0,0.0,0.0,1.0,0.0,0.0,1.0,0.0,0.0
20260414_134505_905168,2,113,1.155289649963379,-0.2047589570283889,0.4004683501677923,17.40012570905935,0.4262058148220007,0.8811013389029014,1.9737198948860168,2.5237436592315987,0.0573746465420834,0.0,0.02,0.0,0.0,carpet,12345,2458047843,0,0,2,2,2,2,-0.2985289096832275,-0.2597875297069549,0.1792132705450058,-0.9954021573066713,0.1283902525901794,-0.3312321901321411,0.5932557582855225,-0.4333304464817047,0.4115989506244659,0.5884011387825012,-0.1620900779962539,-0.2134502977132797,-0.1003898605704307,0.3752436637878418,-0.3040935695171356,0.1374268978834152,-0.4844054579734802,0.1267056465148925,1.0,0.0,0.0,1.0,0.0,0.0,1.0,0.0,0.0
20260414_134505_905168,2,114,1.1545075178146362,-0.2088760286569595,0.3400416573189119,17.740167366378262,0.3660270743033016,0.7637527948914382,0.4117071628570556,5.117611996809792,0.0598541698438963,0.0,0.02,0.0,0.0,carpet,12345,2458047843,0,0,2,2,2,2,-1.0,0.8022755980491638,-0.5305057168006897,0.5359036922454834,-0.7216281890869141,0.1854603588581085,0.3233620822429657,-0.3977840542793274,0.4304831326007843,0.5695168972015381,-0.0545632764697074,-0.1861598491668701,-0.1237816736102104,0.1666666716337204,-0.5604288578033447,0.0799220278859138,-0.2309941500425338,0.3528265058994293,1.0,0.0,0.0,1.0,0.0,0.0,1.0,0.0,0.0
20260414_134505_905168,2,115,1.2082668542861938,-0.2094676494598388,0.2505049526115837,17.990672318989848,0.2756949314054154,0.5876051162405602,0.0591620802879333,4.35561084187043,0.051899787938317,0.0,0.02,0.0,0.0,carpet,12345,2458047843,0,0,2,2,2,2,-0.6877976655960083,0.4342367649078369,-0.6922182440757751,-0.4257093667984009,-0.1283728927373886,0.4822047650814056,0.8132603764533997,-0.3987616598606109,0.4344223141670227,0.5655777454376221,-0.0721996203064918,-0.6140350699424744,0.4736842215061188,-0.3615984320640564,0.2826510667800903,-0.4629629552364349,0.1013645231723785,0.1822612136602401,1.0,0.0,0.0,1.0,0.0,0.0,1.0,0.0,0.0
20260414_134505_905168,2,116,1.1794699430465698,-0.2178217023611068,0.2823446409476827,18.27301695993753,0.3074641844677549,0.6495551597121221,0.8354052901268005,4.381148840755316,0.0511954352007214,0.0,0.02,0.0,0.0,carpet,12345,2458047843,0,0,2,2,2,2,0.8123313188552856,0.0090554952621459,-1.0,-0.6043253540992737,0.0618330277502536,0.706885576248169,-0.0941996499896049,-0.3315625190734863,0.4349883496761322,0.5650116801261902,0.0913536846637725,-0.4171539843082428,0.3255360722541809,-0.3732943534851074,-0.2621832489967346,-0.1120857670903205,0.2212475687265396,0.4522417187690735,1.0,0.0,0.0,1.0,0.0,0.0,1.0,0.0,0.0
20260414_134505_905168,2,117,1.2300949096679688,-0.2059344947338104,0.047559432278482,18.32057639221601,0.0717877841547078,0.1899861791016803,-1.1887207627296448,3.588895742423901,0.0422835187622582,0.0,0.02,0.0,0.0,carpet,12345,2458047843,0,0,2,2,2,2,-0.1479058861732483,0.7632196545600891,-0.1355433315038681,-0.5123901963233948,0.179816648364067,0.5140356421470642,0.7770978212356567,-0.3675586581230163,0.4429813623428345,0.5570186972618103,-0.0516391918063163,0.5,0.030214425176382,-0.5087719559669495,-0.3479532301425934,0.0224171541631221,0.4122807085514068,-0.0711500942707061,1.0,0.0,0.0,1.0,0.0,0.0,1.0,0.0,0.0
20260414_134505_905168,2,118,1.1751534938812256,-0.2311100512742996,0.3457299922450222,18.66630638446104,0.3701941270966616,0.7718785478384902,2.51755565404892,3.843879136687193,0.0446413485163929,0.0,0.02,0.0,0.0,carpet,12345,2458047843,0,0,2,2,2,2,-0.2730788886547088,-0.2243085503578186,-0.7741771340370178,0.5952103137969971,0.2782477736473083,0.6955952644348145,-0.3707554638385772,-0.3042774200439453,0.4316078722476959,0.5683921575546265,0.1280140876770019,-0.1111111119389534,0.4035087823867798,-0.2456140369176864,-0.3684210479259491,0.0672514587640762,0.2709551751613617,0.4473684132099151,1.0,0.0,0.0,1.0,0.0,0.0,1.0,0.0,0.0
20260414_134505_905168,2,119,1.1574891805648804,-0.2408888787031173,0.3716622795133978,19.03796866397444,0.3966049213329792,0.8233795965993096,0.9778827428817748,3.7861573943836007,0.0494264181958137,0.0,0.02,0.0,0.0,carpet,12345,2458047843,0,0,2,2,2,2,0.5311175584793091,-0.0854844525456428,-0.039475243538618,0.4671721458435058,-0.4506619870662689,-0.3683498501777649,0.1702669113874435,-0.3729541897773742,0.4556954205036163,0.5443045496940613,-0.09976177662611,-0.1461988240480423,-0.1130604296922683,-0.4863547682762146,0.1783625781536102,0.0672514587640762,0.3810916244983673,-0.2417154014110565,1.0,0.0,0.0,1.0,0.0,0.0,1.0,0.0,0.0
20260414_134505_905168,2,120,1.1979447603225708,-0.2323551177978515,0.1570121375444161,19.19498080151885,0.1816362434963284,0.4041906748178405,-0.8533760905265808,3.426595274310003,0.0462410595191231,0.0,0.02,0.0,0.0,carpet,12345,2458047843,0,0,2,2,2,2,0.2830544710159302,0.8412333726882935,-0.6476219892501831,-0.3648551404476166,0.0453273393213748,-0.132401093840599,0.7994648814201355,-0.3950346112251282,0.4650516510009765,0.5349483489990234,-0.0580184534192085,0.2846003770828247,-0.1296296268701553,-0.3489278852939605,0.2826510667800903,-0.2339181303977966,-0.153021439909935,0.1267056465148925,1.0,0.0,0.0,1.0,0.0,0.0,1.0,0.0,0.0
20260414_134505_905168,2,121,1.1428169012069702,-0.2382564097642898,0.1801486680197495,19.375129469538603,0.2054745155253014,0.4506753052743377,0.5901291966438293,3.2896654633437805,0.0532584750555185,0.0,0.02,0.0,0.0,carpet,12345,2458047843,0,0,2,2,2,2,0.1691312342882156,-0.4980187714099884,0.9785314202308656,-0.7797066569328308,-0.325378805398941,0.2077400088310241,-0.2371689230203628,-0.3444650769233703,0.4568867087364197,0.5431133508682251,0.0632717683911323,0.1471734941005706,0.3986354768276214,-0.4473684132099151,-0.2348927855491638,0.0389863550662994,-0.0838206633925437,0.471734881401062,1.0,0.0,0.0,1.0,0.0,0.0,1.0,0.0,0.0
20260414_134505_905168,2,122,1.0852580070495603,-0.1850657761096954,-0.5099612658620302,18.86516820367657,-0.4829535191841603,-0.9917593624091126,-5.319063365459442,1.648350941222546,0.0700774667786987,0.0,0.02,0.0,0.0,carpet,12345,2458047843,0,0,2,2,2,2,-0.7417991161346436,-0.7466523051261902,0.0837838277220726,0.0217253174632787,0.5496405959129333,-0.5466483235359192,-0.8503458499908447,-0.4133749008178711,0.4625329673290252,0.5374670624732971,-0.1164669170975685,0.0906432718038559,-0.334307998418808,0.4970760345458984,-0.4853801131248474,-0.1686159819364547,0.1695906370878219,-0.1335282623767852,1.0,0.0,0.0,1.0,0.0,0.0,1.0,0.0,0.0
20260414_134505_905168,2,123,1.0886129140853882,-0.2078370749950409,-0.0931814198154107,18.77198678386116,-0.0638651536785594,-0.1745370496731908,2.277129888534546,1.283827712447675,0.0834567235375316,0.019411875661964,0.02,0.0,0.0,carpet,12345,2458047843,0,0,2,2,2,2,0.5644614696502686,-0.1457335650920868,0.7990782856941223,-0.3495663702487945,1.0,-0.8986297845840454,-0.2567956149578094,-0.4853235185146332,0.4116410613059997,0.588358998298645,-0.35755655169487,-0.4327485263347626,-0.413255363702774,0.0516569204628467,0.0009746588766574,0.3040935695171356,-0.3206627666950226,-0.4990253448486328,1.0,0.0,0.0,1.0,0.0,0.0,1.0,0.0,0.0
20260414_134505_905168,2,124,1.0585678815841677,-0.1637416630983352,-0.6917250547065025,18.080261729154657,-0.606814402396173,-1.2332880846725374,-4.409541189670563,-0.7213389200633529,0.1014868568789407,0.0952393324487063,0.02,0.05,0.0,carpet,12345,2458047843,0,0,2,2,2,2,0.3913306295871734,-0.0649134218692779,0.2655448317527771,0.0522126704454422,-0.0133151682093739,-0.7536824941635132,-0.8171916007995605,-0.4811299443244934,0.4334282279014587,0.566571831703186,-0.2685044705867767,0.2836257219314575,-0.3226120769977569,0.2534112930297851,-0.2816764116287231,0.5506822466850281,-0.5419103503227234,-0.1559454202651977,1.0,0.0,0.0,1.0,0.0,0.0,1.0,0.0,0.0
20260414_134505_905168,2,125,1.2126531600952148,-0.283783495426178,0.9707135747598428,19.0509753039145,1.0,2.0760797446916683,12.004183232784271,0.5313612280290059,0.0792801917387157,0.0271681213257166,0.02,0.0,0.0,carpet,12345,2458047843,0,0,2,2,2,2,0.8629925847053528,-0.8997483253479004,-0.4758089482784271,-0.700028121471405,1.0,0.3747210502624511,0.3440461456775665,-0.5186861753463745,0.3912384510040283,0.6087615489959717,-0.4167881309986114,0.2173489332199096,-0.1998050659894943,0.0886939540505409,0.028265107423067,0.0126705653965473,-0.4356725215911865,-0.4873294234275818,1.0,0.0,0.0,1.0,0.0,0.0,1.0,0.0,0.0
20260414_134505_905168,2,126,1.230859398841858,-0.2680970132350921,0.5456507717046477,19.596626075619145,0.5717424378162045,1.1648977537415988,-1.5686482191085815,1.292068306952764,0.0609166611155675,0.0,0.02,0.0,0.0,carpet,12345,2458047843,0,0,2,2,2,2,-0.7014105319976807,0.5887624025344849,0.052858505398035,-0.6535245180130005,0.6072804927825928,-0.6039801239967346,0.7810472846031189,-0.3260795474052429,0.5060925483703613,0.4939075112342834,0.0135669689625501,0.5370370149612427,-0.4307992160320282,-0.1315789520740509,-0.4385964870452881,0.5233917832374573,0.0155945420265197,0.1695906370878219,1.0,0.0,0.0,1.0,0.0,0.0,1.0,0.0,0.0
20260414_134505_905168,2,127,1.2026969194412231,-0.295061320066452,0.742729932392649,20.339356008011794,0.7680928133795911,1.5477809860902028,2.6964306831359863,2.389173987768629,0.0536288098694219,0.0,0.02,0.0,0.0,carpet,12345,2458047843,0,0,2,2,2,2,-0.3908217847347259,-0.3490654826164245,0.1863873451948166,0.0124136367812752,0.0255561154335737,1.0,-0.3338688611984253,-0.3033218383789062,0.4910839796066284,0.5089160799980164,0.1026604995131492,-0.4493177533149719,0.3050682246685028,-0.0555555559694767,-0.4200779795646667,0.3723196983337402,-0.3421052694320678,0.483430802822113,1.0,0.0,0.0,1.0,0.0,0.0,1.0,0.0,0.0
20260414_134505_905168,2,128,1.2176947593688965,-0.2875892221927643,0.4492671339837876,20.788623141995583,0.473863227038693,0.9740332927254514,-0.7472097873687744,4.354966642903193,0.0459609305490533,0.0,0.02,0.0,0.0,carpet,12345,2458047843,0,0,2,2,2,2,0.8268738389015198,-0.0541567057371139,-0.4411554932594299,0.6330062747001648,0.0114385234192013,-0.745205283164978,0.7752397060394287,-0.3385249078273773,0.5168829560279846,0.4831170439720154,-0.0733954906463623,-0.2251462042331695,-0.19395712018013,0.1052631586790084,-0.0633528232574462,-0.0516569204628467,0.483430802822113,-0.2339181303977966,1.0,0.0,0.0,1.0,0.0,0.0,1.0,0.0,0.0
20260414_134505_905168,2,129,1.224982976913452,-0.282471626996994,0.2594293410237194,21.0480524830193,0.2833769690511977,0.6025850896498355,-0.5117595195770264,5.132088782226219,0.039476280274782,0.0,0.02,0.0,0.0,carpet,12345,2458047843,0,0,2,2,2,2,0.2081805914640426,0.6887603402137756,-0.4516695439815521,-0.326944887638092,0.5793542265892029,-0.6495163440704346,1.0,-0.3197775781154632,0.5097337961196899,0.4902662336826324,0.0773866698145866,0.4941520392894745,-0.0633528232574462,-0.3118908405303955,0.30604287981987,-0.0038986355066299,-0.3801169693470001,0.4873294234275818,1.0,0.0,0.0,1.0,0.0,0.0,1.0,0.0,0.0
20260414_134505_905168,2,130,1.2654402256011963,-0.3026131391525268,0.4414108363741563,21.48946331939345,0.4643469851926654,0.9554766211256976,2.014151215553284,7.320853488024454,0.0293614881850907,0.0,0.02,0.0,0.0,carpet,12345,2458047843,0,0,2,2,2,2,-0.0232308469712734,-0.2996357977390289,0.854292631149292,-0.1579742431640625,0.1594641059637069,0.4660989344120025,0.7222232222557068,-0.310667335987091,0.5048373341560364,0.495162695646286,0.0934059843420982,0.0925925895571708,0.3538011610507965,-0.3128654956817627,-0.2095516622066497,0.3469785451889038,-0.4064327478408813,0.5867446660995483,1.0,0.0,0.0,1.0,0.0,0.0,1.0,0.0,0.0
20260414_134505_905168,2,131,1.2510915994644165,-0.3025514781475067,0.31861430498045,21.808077624373908,0.341059456778858,0.7150659407187732,-0.0061661005020141,5.959839684051559,0.0244515179840798,0.0,0.02,0.0,0.0,carpet,12345,2458047843,0,0,2,2,2,2,0.0851967111229896,-0.1583189815282821,-0.6289007663726807,0.0027214768342673,0.0153441904112696,-0.5580906867980957,0.8399699330329895,-0.2600957751274109,0.5241084098815918,0.4758915901184082,0.1335512846708297,-0.0253411307930946,-0.219298243522644,0.3586744666099548,-0.165692001581192,0.0214424952864646,0.1705653071403503,0.4161793291568756,1.0,0.0,0.0,1.0,0.0,0.0,1.0,0.0,0.0
20260414_134505_905168,2,132,1.1727007627487185,-0.3214772939682007,0.4689505687673098,22.277028193141216,0.4920230005417548,1.009444851056422,1.892581582069397,5.804386781366382,0.03072431774445,0.0,0.02,0.0,0.0,carpet,12345,2458047843,0,0,2,2,2,2,-0.4992392361164093,0.6944723725318909,-0.2735817432403564,-0.0681890249252319,-0.3047411739826202,-0.0725907161831855,-0.2683423459529876,-0.2780315279960632,0.5240494012832642,0.4759505987167358,0.1210358440876007,0.0555555559694767,-0.0575048737227916,-0.2816764116287231,0.0136452242732048,0.0165692009031772,-0.301169604063034,0.5243664979934692,1.0,0.0,0.0,1.0,0.0,0.0,1.0,0.0,0.0
20260414_134505_905168,2,133,1.305153250694275,-0.2910663485527038,-0.0219189331730879,22.25510925996813,0.0,-0.0031899970950988,-3.0410945415496826,4.253415798181081,0.0191893317308797,0.0,0.02,0.0,0.0,carpet,12345,2458047843,0,0,2,2,2,2,0.3936761617660522,0.1849755048751831,-0.7156935930252075,0.7849773168563843,-0.1067692637443542,0.092010885477066,0.9932082295417786,-0.3760201334953308,0.5421573519706726,0.4578427076339721,-0.1060642600059509,-0.3274853825569153,0.3752436637878418,-0.2124756276607513,-0.0360623784363269,-0.1549707651138305,-0.0058479532599449,-0.1481481492519378,1.0,0.0,0.0,1.0,0.0,0.0,1.0,0.0,0.0
20260414_134505_905168,2,134,1.0336798429489136,-0.2014271914958953,-1.024638420834726,21.230470839133403,-1.0,-2.2433714242415377,-8.963915705680847,1.0360110812140917,0.04638420834726,0.0,0.02,0.0,0.0,carpet,12345,2458047843,0,0,2,2,2,2,-0.7830544710159302,-0.6900244951248169,0.718395471572876,0.3793615698814392,-0.9558351039886476,-0.6674938797950745,-0.8381310701370239,-0.2104545533657074,0.5130606293678284,0.4869393706321716,0.1850103139877319,0.2339181303977966,0.0994152054190635,-0.4483430683612823,0.3937621712684631,-0.1189083829522132,0.0038986355066299,0.5877193212509155,1.0,0.0,0.0,1.0,0.0,0.0,1.0,0.0,0.0
20260414_134505_905168,2,135,1.1750962734222412,-0.3124958574771881,0.5107019346112429,21.741172773744648,0.5354810673595708,1.094188081351163,11.106866598129272,1.5276140729154193,0.0477913274832785,0.0,0.02,0.0,0.0,carpet,12345,2458047843,0,0,2,2,2,2,0.8605199456214905,-0.0679633915424346,0.8666815161705017,0.7981464862823486,0.4109309315681457,0.9481558203697203,0.4468441009521484,-0.5497962832450867,0.4272953569889068,0.5727046728134155,-0.3758373856544494,-0.4814814925193786,-0.4259259402751922,0.4171539843082428,0.235867440700531,-0.4668616056442261,-0.1881091594696045,-0.5038986206054688,1.0,0.0,0.0,1.0,0.0,0.0,1.0,0.0,0.0
20260414_134505_905168,2,136,1.1631319522857666,-0.2987988591194153,0.1945064030598463,21.93567917680449,0.2195980010610539,0.4782161020690552,-1.3696998357772827,1.050353553858777,0.0509159800120767,0.0,0.02,0.0,0.0,carpet,12345,2458047843,0,0,2,2,2,2,0.1649724841117859,0.5959995985031128,-0.8559280633926392,-0.2753185331821441,0.5312177538871765,0.6111019849777222,-0.7211881875991821,-0.3730257153511047,0.533564031124115,0.466435968875885,-0.030735095962882,0.264132559299469,-0.3625730872154236,0.3957115113735199,0.3693957030773163,-0.2709551751613617,-0.0409356728196144,0.2387914210557937,1.0,0.0,0.0,1.0,0.0,0.0,1.0,0.0,0.0
20260414_134505_905168,2,137,1.181671977043152,-0.3269563913345337,0.4942740515677251,22.42995322837222,0.5192822471434605,1.062600381929748,2.815753221511841,1.3978879950697518,0.0500819557573538,0.0,0.02,0.0,0.0,carpet,12345,2458047843,0,0,2,2,2,2,0.267595887184143,-0.0316466204822063,0.1975155919790268,0.4092608988285064,0.3049182593822479,-1.0,0.4908457398414612,-0.387981116771698,0.520458996295929,0.4795410335063934,-0.1793907284736633,0.1013645231723785,0.384990245103836,-0.4824561476707458,-0.1695906370878219,0.2758284509181976,0.3021442592144012,-0.4629629552364349,1.0,0.0,0.0,1.0,0.0,0.0,1.0,0.0,0.0
20260414_134505_905168,2,138,1.1312638521194458,-0.3023083209991455,0.0412044833306692,22.47115771170289,0.0670505272115939,0.1807485280626082,-2.4648070335388184,0.569191672075938,0.0584604388092473,0.0,0.02,0.0,0.0,carpet,12345,2458047843,0,0,2,2,2,2,0.6617864966392517,0.8802168369293213,-0.8652127385139465,-0.0417750589549541,0.5079122185707092,-0.9033131003379822,-0.0812226608395576,-0.3648060858249664,0.547399640083313,0.452600359916687,-0.0193554330617189,0.1500974595546722,-0.0565302148461341,0.0653021410107612,0.1861598491668701,0.1734892725944519,-0.5477582812309265,0.3138401508331299,1.0,0.0,0.0,1.0,0.0,0.0,1.0,0.0,0.0
20260414_134505_905168,2,139,1.102295994758606,-0.2871121168136596,-0.1441297309677843,22.327027980735107,-0.0996634403026632,-0.2443437085901934,-1.519620418548584,0.3280379605808434,0.0709819531580709,0.0034378281479651,0.02,0.0171962039419156,0.0,carpet,12345,2458047843,0,0,2,2,2,2,-0.4814266860485077,0.3823917806148529,-0.8123437166213989,0.3288742005825043,0.1539101302623748,-0.2536375522613525,-0.6530411243438721,-0.4278162121772766,0.5238167643547058,0.4761832654476166,-0.1614174991846084,0.3801169693470001,0.5126705765724182,-0.5321637392044067,-0.0097465887665748,0.3216374218463897,-0.5302144289016724,-0.0477582849562168,1.0,0.0,0.0,1.0,0.0,0.0,1.0,0.0,0.0
20260414_134505_905168,2,140,1.3394039869308472,-0.3331508934497833,0.446869078239738,22.77389705897485,0.4706213510053625,0.967711634460457,4.603877663612366,3.539121019282838,0.0375227276562449,0.0,0.02,0.0,0.0,carpet,12345,2458047843,0,0,2,2,2,2,-0.9484896063804626,0.4636270105838775,0.7746108174324036,0.1281424462795257,0.5869794487953186,0.6670917272567749,0.8027579188346863,-0.4640260636806488,0.5092772841453552,0.4907227158546448,-0.2988443374633789,-0.2680311799049377,0.3528265058994293,-0.4649122953414917,0.2056530267000198,0.078947365283966,-0.1686159819364547,-0.4142300188541412,1.0,0.0,0.0,1.0,0.0,0.0,1.0,0.0,0.0
20260414_134505_905168,2,141,1.31794273853302,-0.3434242010116577,0.4560914221950948,23.22998848116994,0.4782648281498419,0.982616414892192,1.027330756187439,3.427549352823867,0.0217340595474712,0.0,0.02,0.0,0.0,carpet,12345,2458047843,0,0,2,2,2,2,-0.7007813453674316,-0.9495248794555664,-0.4595389068126678,-0.9717387557029724,0.0927003622055053,0.5991764664649963,-0.1520403623580932,-0.1676410734653473,0.5533264875411987,0.446673572063446,0.1789367794990539,-0.5653021335601807,0.2514619827270508,0.0838206633925437,0.0029239766299724,0.2738791406154632,-0.0058479532599449,0.4561403393745422,1.0,0.0,0.0,1.0,0.0,0.0,1.0,0.0,0.0
20260414_134505_905168,2,142,1.2616000175476074,-0.3509763181209564,0.4273045072539232,23.657292988423865,0.449110378923907,0.9257652389016188,0.7552117109298706,3.8750984896564304,0.0180587166998367,0.0,0.02,0.0,0.0,carpet,12345,2458047843,0,0,2,2,2,2,-0.4450027048587799,0.5809133052825928,-0.2784041464328766,-0.0374096445739269,-0.1213944181799888,-0.8917769193649292,0.5869652032852173,-0.194467544555664,0.5631557703018188,0.4368442595005035,0.0575468502938747,-0.4210526347160339,0.0019493177533149,0.0477582849562168,-0.3372319638729095,0.0984405428171157,0.3528265058994293,-0.0974658876657486,1.0,0.0,0.0,1.0,0.0,0.0,1.0,0.0,0.0
20260414_134505_905168,2,143,1.344010591506958,-0.3354887068271637,0.1110002779911293,23.76829326641499,0.1318634086314814,0.3071336468313888,-1.5487611293792725,3.119631754558071,0.0086313064035208,0.0,0.02,0.0,0.0,carpet,12345,2458047843,0,0,2,2,2,2,0.0993442013859748,0.3680467009544372,-1.0,0.7119714617729187,-0.1945554167032241,0.9066116213798524,0.4681847691535949,-0.2648960053920746,0.5703815221786499,0.4296185076236725,0.0773244574666023,-0.2972709536552429,0.3255360722541809,-0.1793372333049774,0.0175438597798347,-0.0214424952864646,-0.38791424036026,0.3810916244983673,1.0,0.0,0.0,1.0,0.0,0.0,1.0,0.0,0.0
20260414_134505_905168,2,144,1.2833538055419922,-0.3409848213195801,0.142225663941459,23.91051893035645,0.162950306376387,0.3677530974339547,0.5496114492416382,3.3066363239294176,0.0072464243492802,0.0,0.02,0.0,0.0,carpet,12345,2458047843,0,0,2,2,2,2,-0.8761003613471985,-0.4429662525653839,0.6264844536781311,-0.7396267652511597,-0.4494082629680633,0.4914702475070953,-0.6204435229301453,-0.1618827879428863,0.55556321144104,0.4444368183612823,0.1452605128288269,0.0750487297773361,0.2495126724243164,-0.5263158082962036,0.4103313982486725,-0.1666666716337204,0.2836257219314575,0.2582845985889435,1.0,0.0,0.0,1.0,0.0,0.0,1.0,0.0,0.0
20260414_134505_905168,2,145,1.2666219472885132,-0.3512118458747864,0.2261832593453849,24.13670218970184,0.2469181727977547,0.5314904369556217,1.02270245552063,4.082470469475233,0.0073491345236984,0.0,0.02,0.0,0.0,carpet,12345,2458047843,0,0,2,2,2,2,-0.5912386775016785,-0.2246666848659515,-0.8934230804443359,-0.694801926612854,-0.1402937769889831,-0.5187882781028748,-0.5952552556991577,-0.2377037107944488,0.5608218312263489,0.4391782283782959,-0.0407174415886402,-0.5272904634475708,-0.2602339088916778,0.4161793291568756,-0.2582845985889435,-0.2056530267000198,0.3499025404453277,-0.3576998114585876,1.0,0.0,0.0,1.0,0.0,0.0,1.0,0.0,0.0
20260414_134505_905168,2,146,1.2401330471038818,-0.3428858518600464,0.0511062195335312,24.18780840923536,0.0720348601785744,0.19046797734822,-0.832599401473999,3.305226812362996,0.0092864064504315,0.0,0.02,0.0,0.0,carpet,12345,2458047843,0,0,2,2,2,2,0.5856619477272034,-0.9314203858375548,0.525394082069397,0.9194695949554444,0.3283123672008514,-0.1960731744766235,-0.5813495516777039,-0.2586186528205871,0.5706068873405457,0.4293931424617767,-0.0633501708507537,-0.4113060534000397,-0.1276803165674209,0.2660818696022033,-0.3352826535701751,-0.0272904485464096,0.2202728986740112,-0.3557505011558532,1.0,0.0,0.0,1.0,0.0,0.0,1.0,0.0,0.0
20260414_134505_905168,2,147,1.273201823234558,-0.3572977483272552,0.2115442519832625,24.399352661218625,0.232383792149429,0.5031483946913866,1.4411896467208862,2.8257587921621905,0.0083954016616646,0.0,0.02,0.0,0.0,carpet,12345,2458047843,0,0,2,2,2,2,0.8739779591560364,-0.3006966710090637,-0.8051718473434448,0.6332234740257263,-0.8539950847625732,-0.234641432762146,0.1673561036586761,-0.2917297482490539,0.5626407265663147,0.4373593330383301,-0.1384345591068267,0.3508771955966949,-0.5896686315536499,0.2719298303127289,0.301169604063034,0.1481481492519378,-0.1150097474455833,-0.3489278852939605,1.0,0.0,0.0,1.0,0.0,0.0,1.0,0.0,0.0
20260414_134505_905168,2,148,1.28732168674469,-0.3667943179607391,0.2689455265512212,24.66829818776985,0.2896284804387855,0.6147755368556318,0.9496569633483888,2.514769090116204,0.0068295388756429,0.0,0.02,0.0,0.0,carpet,12345,2458047843,0,0,2,2,2,2,-0.5914601683616638,-0.6280979514122009,0.663946807384491,0.2543801963329315,-0.38099005818367,0.2188897728919983,0.2540231645107269,-0.2503937780857086,0.5764297842979431,0.4235702753067016,0.0219327844679355,0.5224171280860901,-0.161793366074562,-0.4074074029922485,0.4346978664398193,-0.3333333432674408,-0.1228070184588432,0.1091617941856384,1.0,0.0,0.0,1.0,0.0,0.0,1.0,0.0,0.0
20260414_134505_905168,2,149,1.3391424417495728,-0.3424314260482788,-0.0705648872326002,24.597733300537246,-0.0502516129075817,-0.1479906451697843,-2.4362891912460327,2.0596447981150305,0.0031327432501851,0.0,0.02,0.0,0.0,carpet,12345,2458047843,0,0,2,2,2,2,-0.5455871820449829,0.7524250745773315,-0.4794851839542389,-0.5155302286148071,0.5876132845878601,1.0,0.2010316699743271,-0.2327440232038498,0.5855159163475037,0.4144841134548187,0.0515414141118526,-0.3635477721691131,-0.3840155899524688,0.3801169693470001,0.1384015530347824,-0.2300194948911667,0.1228070184588432,0.1432748585939407,1.0,0.0,0.0,1.0,0.0,0.0,1.0,0.0,0.0
20260414_134505_905168,2,150,1.2476069927215576,-0.3311542272567749,-0.196364502682514,24.401368797854733,-0.1758579249563774,-0.3929229536649359,-1.1277198791503906,1.29896874701614,0.0050657772613666,0.0,0.02,0.0,0.0,carpet,12345,2458047843,0,0,2,2,2,2,0.9007323384284972,0.9132828116416932,-0.3437226414680481,-0.3870727717876434,-0.4898575842380523,0.7646527290344238,-0.9606505036354064,-0.1679679900407791,0.5622059106826782,0.4377941489219665,0.1252600848674774,-0.3411306142807007,0.4405457973480224,-0.30604287981987,-0.3157894611358642,0.2992202639579773,0.3918128609657287,0.0945419073104858,1.0,0.0,0.0,1.0,0.0,0.0,1.0,0.0,0.0
20260414_134505_905168,2,151,1.283356785774231,-0.3850014805793762,0.4931104491362399,24.89447924699097,0.5135841629827339,1.051489117816331,5.384725332260132,1.8189674278768493,0.0047371384649394,0.0,0.02,0.0,0.0,carpet,12345,2458047843,0,0,2,2,2,2,0.7816731333732605,0.7868734002113342,0.3221966028213501,0.9470807909965516,0.8276011943817139,0.3788710236549377,-0.0925366058945655,-0.2823873460292816,0.5514160394668579,0.4485839605331421,-0.0990076512098312,0.5233917832374573,0.4600389897823334,-0.2826510667800903,-0.2007797211408615,-0.1832358688116073,0.5029239654541016,-0.5545808672904968,1.0,0.0,0.0,1.0,0.0,0.0,1.0,0.0,0.0
20260414_134505_905168,2,152,1.2766891717910769,-0.3815874755382538,0.3145237257432852,25.209002972734257,0.3350085704277902,0.7032667123341909,-0.3414005041122436,2.33176616286282,0.0048484468450496,0.0,0.02,0.0,0.0,carpet,12345,2458047843,0,0,2,2,2,2,0.8073229789733887,0.1763267070055008,-0.6441973447799683,0.2855063080787658,0.1945853680372238,0.543542742729187,-0.3360660672187805,-0.2377000749111175,0.6029362678527832,0.3970637917518616,0.0080901058390736,0.4892787635326385,0.4424951374530792,-0.2348927855491638,-0.0272904485464096,0.2007797211408615,0.1988304108381271,-0.0614035092294216,1.0,0.0,0.0,1.0,0.0,0.0,1.0,0.0,0.0
20260414_134505_905168,2,153,1.151455044746399,-0.3384925425052643,-0.2777727913012212,24.93123018143304,-0.2563709187559467,-0.5499232915740961,-4.30949330329895,1.2786944765973374,0.014018725452744,0.0,0.02,0.0,0.0,carpet,12345,2458047843,0,0,2,2,2,2,-0.3106852173805237,0.7087457180023193,0.5900058150291443,-0.0675281807780265,-0.7655754685401917,-0.0956980437040329,-0.8236119747161865,-0.2460346221923828,0.5996698141098022,0.4003302454948425,-0.025455355644226,0.5136452317237854,0.1900584846735,-0.3752436637878418,0.1276803165674209,0.0721247568726539,0.3021442592144012,-0.2124756276607513,1.0,0.0,0.0,1.0,0.0,0.0,1.0,0.0,0.0
20260414_134505_905168,2,154,1.223437786102295,-0.3810057938098907,0.2862713623948253,25.21750154382786,0.3078916994538948,0.6503888139350948,4.251325130462647,1.3143077536768004,0.0162033705906942,0.0,0.02,0.0,0.0,carpet,12345,2458047843,0,0,2,2,2,2,-0.4271520972251892,-0.8107241988182068,0.7508562207221985,0.4385125935077667,0.7478417754173279,0.8342891335487366,-0.330128014087677,-0.4025772213935852,0.5584372878074646,0.4415627717971802,-0.2391769886016845,-0.2134502977132797,0.3781676292419433,0.2768031060695648,-0.034113060683012,-0.3664717376232147,0.032163742929697,-0.483430802822113,1.0,0.0,0.0,1.0,0.0,0.0,1.0,0.0,0.0
20260414_134505_905168,2,155,1.3295011520385742,-0.3863978385925293,0.2727692757815806,25.49027081960944,0.2936372974447596,0.6225927300172813,0.539204478263855,2.084891128863866,0.00868021663179,0.0,0.02,0.0,0.0,carpet,12345,2458047843,0,0,2,2,2,2,-0.4840957522392273,-1.0,0.3499229848384857,-0.0886917784810066,0.7742998003959656,0.1001792028546333,0.6161985993385315,-0.3125987946987152,0.5991132259368896,0.4008868038654327,-0.1060101240873336,-0.2280701696872711,-0.3791423141956329,0.4892787635326385,0.1998050659894943,-0.1559454202651977,0.2417154014110565,-0.2417154014110565,1.0,0.0,0.0,1.0,0.0,0.0,1.0,0.0,0.0
20260414_134505_905168,2,156,1.33677339553833,-0.3833471536636352,0.1542867644482005,25.644557584057644,0.1747063714310811,0.3906774242906081,-0.3050684928894043,2.86849150681941,0.0041960698288059,0.0,0.02,0.0,0.0,carpet,12345,2458047843,0,0,2,2,2,2,0.5877581834793091,0.1432966440916061,-0.8281331658363342,-0.2323347479104995,-0.8785760998725891,0.1458737850189209,0.5485954284667969,-0.1800195723772049,0.6042723059654236,0.3957277536392212,0.1321969181299209,-0.2426900565624237,-0.4269005954265594,0.4522417187690735,-0.0877192988991737,0.2631579041481018,-0.0224171541631221,0.3382066190242767,1.0,0.0,0.0,1.0,0.0,0.0,1.0,0.0,0.0
20260414_134505_905168,2,157,1.317418932914734,-0.3871396780014038,0.152982261407501,25.797539845465145,0.173241629057524,0.3878211766621717,0.3792524337768554,2.204823565665251,0.0025936765002296,0.0,0.02,0.0,0.0,carpet,12345,2458047843,0,0,2,2,2,2,0.6961818337440491,-0.8861922025680542,-0.7590236067771912,0.5411046743392944,0.3993395268917084,-0.4165574014186859,0.5336765050888062,-0.170929342508316,0.6013534069061279,0.3986466228961944,0.1590112149715423,0.3606237769126892,0.1237816736102104,-0.1832358688116073,-0.0779727101325988,-0.2144249528646469,0.1033138409256935,0.3304093480110168,1.0,0.0,0.0,1.0,0.0,0.0,1.0,0.0,0.0
20260414_134505_905168,2,158,1.305565595626831,-0.3980281949043274,0.2429139310495132,26.04045377651466,0.2631173359331907,0.563078805069722,1.0888516902923584,2.064635658400782,0.0020340488367751,0.0,0.02,0.0,0.0,carpet,12345,2458047843,0,0,2,2,2,2,-0.3708607256412506,-0.7913499474525452,-1.0,-0.4828176498413086,0.1878924816846847,0.2257291227579116,-0.0482629798352718,-0.1951223313808441,0.6049820184707642,0.3950180113315582,0.1105585992336273,0.4356725215911865,-0.3547758162021637,-0.3586744666099548,0.3323586881160736,0.2037037014961242,-0.2621832489967346,0.3245614171028137,1.0,0.0,0.0,1.0,0.0,0.0,1.0,0.0,0.0
20260414_134505_905168,2,159,1.2529224157333374,-0.4007934629917145,0.2060080808387787,26.24646185735344,0.2263799005061377,0.4914408059869686,0.2765268087387085,3.105999755961846,0.00371819667359,0.0,0.02,0.0,0.0,carpet,12345,2458047843,0,0,2,2,2,2,0.9012336730957032,0.61737459897995,0.3435404598712921,0.407096654176712,-0.3489861488342285,-0.0559436455368995,-0.5620835423469543,-0.2099390029907226,0.615399956703186,0.3846000432968139,0.0279444530606269,-0.2115009725093841,-0.3810916244983673,-0.3576998114585876,0.0477582849562168,0.149122804403305,0.1247563362121582,-0.0506822615861892,1.0,0.0,0.0,1.0,0.0,0.0,1.0,0.0,0.0
20260414_134505_905168,2,160,1.330432415008545,-0.4002688527107239,0.1364633684952342,26.38292522584868,0.1566488961361304,0.3554653474654543,-0.05246102809906,2.811076289492206,0.0018552764089622,0.0,0.02,0.0,0.0,carpet,12345,2458047843,0,0,2,2,2,2,-0.5620898604393005,0.1753608584403991,0.0599940083920955,0.0472136028110981,0.0814077258110046,0.6424316167831421,0.4537851512432098,-0.2757430076599121,0.6180458068847656,0.3819542825222015,-0.0863545462489128,0.5077972412109375,-0.2446393817663192,-0.2153996080160141,0.2426900565624237,-0.1306042820215225,0.066276803612709,-0.3138401508331299,1.0,0.0,0.0,1.0,0.0,0.0,1.0,0.0,0.0
20260414_134505_905168,2,161,1.3254047632217407,-0.3875799775123596,-0.0204191407200663,26.362506085128608,-0.0003194201846216,-0.0506228693600121,-1.2688875198364258,2.1378606901149126,0.0009972053544474,0.0,0.02,0.0,0.0,carpet,12345,2458047843,0,0,2,2,2,2,-0.7389662861824036,0.1706079244613647,-0.6156716346740723,-0.452206552028656,-0.4490784108638763,-0.9413977265357972,0.7898091077804565,-0.1788555085659027,0.6175438761711121,0.3824562132358551,0.1476837992668151,-0.3499025404453277,0.0760233923792839,-0.0419103316962718,-0.0107212476432323,0.0155945420265197,0.3265107274055481,0.2553606331348419,1.0,0.0,0.0,1.0,0.0,0.0,1.0,0.0,0.0
20260414_134505_905168,2,162,1.19211745262146,-0.3893484473228454,-0.0205508925737199,26.341955192554888,0.0,0.0062445932421368,0.1768469810485839,1.7534278590664414,0.0055089257371992,0.0,0.02,0.0,0.0,carpet,12345,2458047843,0,0,2,2,2,2,0.2647989392280578,0.4324542880058288,0.6678007245063782,-0.2957037389278412,1.0,-0.9402848482131958,-0.2023088037967682,-0.1851400434970855,0.6054033041000366,0.3945967257022857,0.2008158713579177,-0.4337232112884521,0.1267056465148925,-0.2768031060695648,-0.1637426912784576,-0.1354775875806808,-0.0555555559694767,0.4931773841381073,1.0,0.0,0.0,1.0,0.0,0.0,1.0,0.0,0.0
20260414_134505_905168,2,163,1.194392442703247,-0.3902275264263153,-0.0211094372264348,26.32084575532845,0.0,0.0266604225183471,0.0879079103469848,1.3922671049226167,0.0110943722643485,0.0,0.02,0.0,0.0,carpet,12345,2458047843,0,0,2,2,2,2,-0.9611641764640808,0.2351113706827163,-0.9938554167747498,-0.6059684157371521,0.7926320433616638,-0.9274216890335084,-0.1126020848751068,-0.3517492413520813,0.6070953607559204,0.392904669046402,-0.1348017156124115,0.1208577007055282,0.149122804403305,-0.0204678364098072,-0.2407407462596893,0.5633528232574463,-0.4892787635326385,-0.0984405428171157,1.0,0.0,0.0,1.0,0.0,0.0,1.0,0.0,0.0
20260414_134505_905168,2,164,1.2213557958602903,-0.4356646835803985,0.5457413847310078,26.866587140059465,0.5671406388414573,1.1559242457408416,4.543715715408325,1.9851125455937364,0.0139925411044944,0.0,0.02,0.0,0.0,carpet,12345,2458047843,0,0,2,2,2,2,-0.5181385278701782,0.3045065999031067,0.3280747234821319,-0.4260589480400085,-0.4584031403064728,0.0500342063605785,-0.0370009131729602,-0.348905473947525,0.607936441898346,0.3920636177062988,-0.128391221165657,-0.5730994343757629,0.1978557556867599,-0.30604287981987,-0.3391812741756439,0.4863547682762146,-0.4951266944408417,-0.0711500942707061,1.0,0.0,0.0,1.0,0.0,0.0,1.0,0.0,0.0
20260414_134505_905168,2,165,1.1913223266601562,-0.41825932264328,0.1738518259259248,27.040438965985388,0.1957995696808563,0.4318091608776697,-1.740536093711853,1.925480900484437,0.0194774375493147,0.0,0.02,0.0,0.0,carpet,12345,2458047843,0,0,2,2,2,2,-0.5443024635314941,-0.0239314027130603,-0.6311460137367249,0.5902942419052124,-0.9010213017463684,0.0385565645992755,-0.4093765914440155,-0.3152012825012207,0.6514099836349487,0.348590075969696,-0.0392180159687995,-0.3576998114585876,0.1267056465148925,0.1442495137453079,-0.2329434752464294,-0.2046783566474914,0.0506822615861892,-0.0272904485464096,1.0,0.0,0.0,1.0,0.0,0.0,1.0,0.0,0.0
20260414_134505_905168,2,166,1.1863301992416382,-0.4256394505500793,0.212577858604416,27.253016824589803,0.2350564452965318,0.508360068328237,0.7380127906799316,2.07837562134722,0.024785866921158,0.0,0.02,0.0,0.0,carpet,12345,2458047843,0,0,2,2,2,2,0.1444489955902099,-0.2688664197921753,-0.1572272479534149,0.1345733255147934,-0.7754206657409668,-0.8429536819458008,0.3251769244670868,-0.3527431488037109,0.6347568035125732,0.3652432262897491,-0.1203167885541915,-0.3235867321491241,0.0419103316962718,-0.3294346928596496,0.3674463927745819,-0.4990253448486328,0.0555555559694767,-0.2348927855491638,1.0,0.0,0.0,1.0,0.0,0.0,1.0,0.0,0.0
20260414_134505_905168,2,167,1.1232391595840454,-0.3785737454891205,-0.4060489942576188,26.846967830332183,-0.3822423462963054,-0.7953725752777956,-4.706570506095886,1.3336259154294368,0.0380664796131334,0.0,0.02,0.0,0.0,carpet,12345,2458047843,0,0,2,2,2,2,0.7828543782234192,-0.0659125000238418,-0.0968542471528053,0.616145133972168,1.0,-0.993990421295166,-0.1860273778438568,-0.3589833378791809,0.6418179869651794,0.3581820428371429,-0.0206356029957532,0.076998047530651,-0.1861598491668701,-0.0750487297773361,0.1666666716337204,-0.413255363702774,-0.2602339088916778,0.219298243522644,1.0,0.0,0.0,1.0,0.0,0.0,1.0,0.0,0.0
20260414_134505_905168,2,168,1.1680958271026611,-0.3958962857723236,-0.0824356652330926,26.76453216509909,-0.058187653527319,-0.1634659243782721,1.7322540283203125,1.1639153978090278,0.0424801170577362,0.0,0.02,0.0,0.0,carpet,12345,2458047843,0,0,2,2,2,2,0.453842282295227,-0.4052014946937561,-0.1919188350439071,0.2172073125839233,-0.2818402945995331,0.8038418292999268,-0.872774600982666,-0.4378471374511719,0.5967863202095032,0.4032137393951416,-0.2135409414768219,0.455165684223175,-0.1296296268701553,-0.1306042820215225,0.2855750620365143,0.2017543911933899,-0.5721247792243958,-0.0974658876657486,1.0,0.0,0.0,1.0,0.0,0.0,1.0,0.0,0.0
20260414_134505_905168,2,169,1.2094824314117432,-0.411623477935791,0.0891803034719085,26.853712468571,0.1131181337451185,0.2705803608029811,1.5727192163467407,1.4078353360936615,0.0393783027320997,0.0,0.02,0.0,0.0,carpet,12345,2458047843,0,0,2,2,2,2,-0.8463037610054016,-0.1776882857084274,-0.1838068813085556,0.96068674325943,-0.7446473240852356,1.0,-0.5681362748146057,-0.3817762434482574,0.6133602857589722,0.386639803647995,-0.2334406673908233,0.2904483377933502,-0.2329434752464294,-0.1052631586790084,0.1237816736102104,-0.2056530267000198,0.359649121761322,-0.5623781681060791,1.0,0.0,0.0,1.0,0.0,0.0,1.0,0.0,0.0
20260414_134505_905168,2,170,1.2168916463851929,-0.4220566749572754,0.1885833789417488,27.04229584751275,0.2121872800714609,0.4637651961393487,1.0433197021484375,0.7156762864921689,0.0360390112971206,0.0,0.02,0.0,0.0,carpet,12345,2458047843,0,0,2,2,2,2,0.2790836989879608,-1.0,-0.2365135848522186,0.6680611371994019,-0.154691606760025,0.7880045175552368,-0.6370230317115784,-0.3300430178642273,0.6284076571464539,0.3715923130512237,-0.1368189603090286,-0.5068225860595703,-0.0935672521591186,-0.1091617941856384,0.5,-0.4883041083812713,0.4736842215061188,-0.3820662796497345,1.0,0.0,0.0,1.0,0.0,0.0,1.0,0.0,0.0
20260414_134505_905168,2,171,1.278339982032776,-0.4440059065818786,0.411578434000697,27.45387428151345,0.4341306090869709,0.8965546877195933,2.194923162460327,1.1804218133340925,0.0255217508627393,0.0,0.02,0.0,0.0,carpet,12345,2458047843,0,0,2,2,2,2,0.0903350636363029,-0.0240149572491645,0.6063013672828674,-0.4544425904750824,0.4864652454853058,0.7733631730079651,0.0297055728733539,-0.3207815289497375,0.6383900046348572,0.3616099953651428,-0.1317681521177292,0.1900584846735,-0.5467836260795593,-0.1052631586790084,0.3781676292419433,-0.2426900565624237,0.4483430683612823,-0.4074074029922485,1.0,0.0,0.0,1.0,0.0,0.0,1.0,0.0,0.0
20260414_134505_905168,2,172,1.2136503458023071,-0.4667753875255584,0.5884773635042478,28.042351645017693,0.6111041227598403,1.2416530393816885,2.276948094367981,1.913714784387544,0.0262675925559237,0.0,0.02,0.0,0.0,carpet,12345,2458047843,0,0,2,2,2,2,0.1638153195381164,-0.6458641886711121,-0.0027667798567563,-0.696050763130188,-0.0569956973195076,-0.991452693939209,-0.3547236025333404,-0.2439710646867752,0.6593907475471497,0.3406093418598175,0.0631507337093353,0.0224171541631221,-0.2758284509181976,0.2904483377933502,-0.343079924583435,0.206627681851387,0.4259259402751922,-0.0107212476432323,1.0,0.0,0.0,1.0,0.0,0.0,1.0,0.0,0.0
20260414_134505_905168,2,173,1.1548892259597778,-0.4508510828018188,0.2242851629872518,28.266636808004943,0.2477600827911688,0.5331321614427793,-1.5924304723739624,3.242219521108119,0.0347491980391703,0.0,0.02,0.0,0.0,carpet,12345,2458047843,0,0,2,2,2,2,-1.0,-0.4839706122875213,-0.2920089960098266,-0.3436150252819061,-0.4773989915847778,-0.6457686424255371,-0.7125830054283142,-0.3248330950736999,0.6811761856079102,0.3188238441944122,-0.050304114818573,0.0964912250638008,-0.371345043182373,0.0584795325994491,-0.3888888955116272,0.0555555559694767,0.0955165699124336,-0.1920077949762344,1.0,0.0,0.0,1.0,0.0,0.0,1.0,0.0,0.0
20260414_134505_905168,2,174,1.2129371166229248,-0.4558030962944031,0.2195724004338813,28.486209208438822,0.2428971581521488,0.5236494583966902,0.4952013492584228,3.929334903883081,0.0332475771826752,0.0,0.02,0.0,0.0,carpet,12345,2458047843,0,0,2,2,2,2,0.2630936205387115,0.6163092255592346,-0.5780669450759888,-0.823843240737915,0.0003407683398108,0.8425269722938538,0.0464882738888263,-0.3982845246791839,0.6659401059150696,0.3340599536895752,-0.1706227511167526,-0.5584795475006104,-0.231968805193901,-0.080896683037281,-0.1510721296072006,-0.1091617941856384,0.0750487297773361,-0.4093567132949829,1.0,0.0,0.0,1.0,0.0,0.0,1.0,0.0,0.0
20260414_134505_905168,3,0,1.2494641542434692,0.174915075302124,-0.5314705654291006,-0.5314705654291006,-0.5114705654291006,-1.0473676025867462,-4.189470410346985,0.0,0.0,0.0,0.02,0.0,0.0,carpet,12345,2458047974,0,0,3,2,2,2,-1.0,-0.6395071744918823,0.9311136603355408,0.5419734120368958,0.8238230347633362,0.9500426650047302,-0.8249831795692444,0.0,-0.0,1.0,0.0,-0.0097465887665748,0.0048732943832874,-0.0038986355066299,0.0048732943832874,-0.0019493177533149,0.0068226121366024,0.0097465887665748,1.0,0.0,0.0,1.0,0.0,0.0,1.0,0.0,0.0
20260414_134505_905168,3,1,1.2712234258651731,0.141570046544075,-0.02,-0.5514705654291007,0.0,0.0481000170111656,3.334502875804901,0.0,0.0,0.0,0.02,0.0,0.0,carpet,12345,2458047974,0,0,3,2,2,2,-0.0011591407237574,0.7406942844390869,0.6114190816879272,0.7953858375549316,0.1539558321237564,0.0654235482215881,-0.3481027781963348,-0.0162294395267963,-0.0449022464454174,1.0,-0.1457335948944091,-0.6296296119689941,-0.4181286692619324,0.4639376103878021,0.0838206633925437,0.1111111119389534,0.3586744666099548,-0.5253411531448364,1.0,0.0,0.0,1.0,0.0,0.0,1.0,0.0,0.0
20260414_134505_905168,3,2,1.2490837574005127,0.1357671022415161,0.0472557027294085,-0.5042148626996921,0.0672557027294085,0.1811486203223467,0.5802944302558899,0.0,0.0,0.0,0.02,0.0,0.0,carpet,12345,2458047974,0,0,3,2,2,2,0.285800576210022,-0.1424702554941177,0.6148664951324463,-0.855053722858429,-0.7785710692405701,-0.1064206585288047,-0.3055192828178406,0.0109696388244628,-0.0091634346172213,1.0,-0.0600610710680484,-0.0360623784363269,-0.3079921901226043,0.2846003770828247,0.3304093480110168,0.0497076027095317,0.0214424952864646,-0.2095516622066497,1.0,0.0,0.0,1.0,0.0,0.0,1.0,0.0,0.0
20260414_134505_905168,3,3,1.250223994255066,0.1763065159320831,-0.4444225010371361,-0.9486373637368282,-0.4244225010371361,-0.8776238770224154,-4.053941369056702,0.0,0.0,0.0,0.02,0.0,0.0,carpet,12345,2458047974,0,0,3,2,2,2,-0.88869309425354,0.2079552859067917,0.7600623965263367,0.0911374390125274,-0.0182014070451259,-0.9802826046943665,0.8869691491127014,-0.0167049411684274,-0.0029439067002385,1.0,-0.0626548081636428,0.1520467847585678,-0.1091617941856384,0.3830409348011017,-0.1539960950613021,-0.1861598491668701,-0.0116959065198898,-0.1764132529497146,1.0,0.0,0.0,1.0,0.0,0.0,1.0,0.0,0.0
20260414_134505_905168,3,4,1.1342474222183228,0.1797434538602829,-0.3759699261393875,-1.3246072898762158,-0.3559699261393875,-0.7441413559718058,-0.3436937928199768,0.0,0.0,0.0,0.02,0.0,0.0,carpet,12345,2458047974,0,0,3,2,2,2,-0.4006120562553406,0.2605518996715545,-0.1697519421577453,0.6441061496734619,-0.8229396939277649,-0.2219773828983307,-0.6180379986763,-0.0152796749025583,-0.0463935658335685,1.0,0.0941026285290718,-0.5516569018363953,0.1062378138303756,0.4035087823867798,0.0253411307930946,0.0009746588766574,-0.5506822466850281,0.5516569018363953,1.0,0.0,0.0,1.0,0.0,0.0,1.0,0.0,0.0
20260414_134505_905168,3,5,1.1595817804336548,0.1800717413425445,-0.3347760020694337,-1.6593832919456497,-0.2647760020694337,-0.5663132040353958,-0.0328287482261657,-3.006197402282851,0.0,0.0,0.02,0.05,0.0,carpet,12345,2458047974,0,0,3,2,2,2,0.317617118358612,0.6466583609580994,-0.6917203664779663,0.2960361540317535,0.5883603692054749,0.1502303481101989,-0.8687295317649841,-0.1602503806352615,-0.0500772446393966,1.0,-0.2234304100275039,-0.2397660762071609,0.1764132529497146,-0.0984405428171157,0.4122807085514068,-0.471734881401062,-0.1013645231723785,-0.3781676292419433,1.0,0.0,0.0,1.0,0.0,0.0,1.0,0.0,0.0
20260414_134505_905168,3,6,1.339398980140686,0.2011216878890991,-0.5320428547130313,-2.1914261466586806,-0.4620428547130312,-0.950983566690411,-2.1049946546554565,-2.909813366386516,0.0,0.0,0.02,0.05,0.0,carpet,12345,2458047974,0,0,3,2,2,2,0.3652181029319763,-0.8703854084014893,-0.7470943331718445,-0.6991494297981262,1.0,0.6304424405097961,0.3899261653423309,-0.12858247756958,-0.0504290834069252,1.0,-0.2365510612726211,0.1890838146209716,0.3908382058143616,-0.4171539843082428,0.1500974595546722,0.2748537957668304,0.0409356728196144,-0.5467836260795593,1.0,0.0,0.0,1.0,0.0,0.0,1.0,0.0,0.0
20260414_134505_905168,3,7,1.172897219657898,0.1924015134572982,-0.2983247765245062,-2.4897509231831867,-0.2283247765245062,-0.4952333142227871,0.8720174431800842,-3.4531466976204683,0.0,0.0,0.02,0.05,0.0,carpet,12345,2458047974,0,0,3,2,2,2,-0.5901684165000916,1.0,-0.6595324277877808,0.4202907681465149,0.1233658790588378,0.0463131256401538,-1.0,0.0961890220642089,-0.072990171611309,1.0,0.1900606006383896,0.231968805193901,0.1335282623767852,-0.3830409348011017,-0.3966861665248871,0.5536062121391296,0.2680311799049377,0.1998050659894943,1.0,0.0,0.0,1.0,0.0,0.0,1.0,0.0,0.0
20260414_134505_905168,3,8,1.2021774053573608,0.1681076437234878,0.0253444911170103,-2.4644064320661765,0.0953444911170103,0.2359217576781702,2.4293869733810425,-3.3983735602646448,0.0,0.0,0.02,0.05,0.0,carpet,12345,2458047974,0,0,3,2,2,2,0.0513876229524612,-0.3228923380374908,0.4729091823101043,0.8601430058479309,0.4772591292858124,0.4037545919418335,-0.7336060404777527,-0.1119381934404373,-0.0636439770460128,1.0,-0.24615278840065,-0.3771929740905761,0.5360623598098755,-0.4688109159469604,0.2436647117137909,0.0779727101325988,0.0243664719164371,-0.6208577156066895,1.0,0.0,0.0,1.0,0.0,0.0,1.0,0.0,0.0
20260414_134505_905168,3,9,1.3175668716430664,0.2327547967433929,-0.7824294908917947,-3.246835922957972,-0.7124294908917946,-1.4392375072389996,-6.464715301990509,-3.959987190481229,0.0,0.0,0.02,0.05,0.0,carpet,12345,2458047974,0,0,3,2,2,2,0.973201870918274,-0.8543694615364075,-0.9082797169685364,-0.7315040826797485,-0.1876175105571746,0.9274046421051024,0.8905757665634155,-0.0753378868103027,-0.0376061126589775,1.0,-0.1839691549539566,0.0214424952864646,-0.2368421107530594,0.0019493177533149,0.4074074029922485,0.1686159819364547,0.1403508782386779,-0.4961013793945312,1.0,0.0,0.0,1.0,0.0,0.0,1.0,0.0,0.0
20260414_134505_905168,3,10,1.2267202138900757,0.1531560868024826,0.3713023682530814,-2.87553355470489,0.4413023682530814,0.9105396180935088,7.959870994091034,-2.3053062164159144,0.0,0.0,0.02,0.05,0.0,carpet,12345,2458047974,0,0,3,2,2,2,-0.4904774129390716,1.0,-0.3917414247989654,-0.5717594027519226,0.3383743464946747,-0.8217698335647583,0.8553789258003235,0.0688988715410232,-0.1068941578269004,1.0,0.3060227334499359,0.6042885184288025,-0.4395711421966553,-0.1588694006204605,-0.223196879029274,-0.0955165699124336,0.4883041083812713,0.5185185074806213,1.0,0.0,0.0,1.0,0.0,0.0,1.0,0.0,0.0
20260414_134505_905168,3,11,1.2343586683273315,0.15297432243824,0.2568968321416423,-2.6186367225632474,0.3268968321416423,0.6874488226762026,0.0181764364242553,-1.051544189704316,0.0,0.0,0.02,0.05,0.0,carpet,12345,2458047974,0,0,3,2,2,2,-0.8744543790817261,0.5997557640075684,-0.6944223046302795,-0.6332122683525085,-0.5475781559944153,0.1894181817770004,0.6482608318328857,-0.044659424573183,-0.0215812195092439,1.0,0.1351330131292343,-0.3294346928596496,0.5263158082962036,-0.2914229929447174,-0.3284600377082824,0.2514619827270508,-0.384990245103836,0.5331383943557739,1.0,0.0,0.0,1.0,0.0,0.0,1.0,0.0,0.0
20260414_134505_905168,3,12,1.1659013032913208,0.1128055602312088,0.7337464985553467,-1.8848902240079008,0.7537464985553467,1.519805672182926,4.016876220703125,1.419245049169021,0.0,0.0,0.02,0.0,0.0,carpet,12345,2458047974,0,0,3,2,2,2,0.0740952566266059,-0.725400447845459,0.3658532500267029,0.5734252333641052,0.7154078483581543,-0.5130122900009155,0.2925600111484527,-0.0351113304495811,-0.0213863998651504,1.0,0.1697074323892593,-0.5107212662696838,0.4230019450187683,-0.3674463927745819,-0.3226120769977569,-0.0750487297773361,0.1374268978834152,0.3908382058143616,1.0,0.0,0.0,1.0,0.0,0.0,1.0,0.0,0.0
20260414_134505_905168,3,13,1.1274678707122805,0.150038331747055,0.0615563929441203,-1.8233338310637803,0.0815563929441203,0.2090349662410346,-3.723277151584625,2.123513329632843,0.0,0.0,0.02,0.0,0.0,carpet,12345,2458047974,0,0,3,2,2,2,0.2271610647439956,0.8686690926551819,0.8238042593002319,-0.2943757176399231,1.0,-0.2771380245685577,-0.8717067837715149,-0.1206829994916915,0.0216659940779209,0.9783339500427246,-0.0302918665111064,0.0458089672029018,-0.4532163739204407,0.1832358688116073,0.2115009725093841,0.3538011610507965,-0.3411306142807007,0.165692001581192,1.0,0.0,0.0,1.0,0.0,0.0,1.0,0.0,0.0
20260414_134505_905168,3,14,1.213697075843811,0.1302283257246017,0.2887314744831363,-1.534602356580644,0.3087314744831363,0.6520263752421158,1.9810006022453308,2.5396179471967884,0.0,0.0,0.02,0.0,0.0,carpet,12345,2458047974,0,0,3,2,2,2,-0.4832090139389038,-0.0529314242303371,0.0877320766448974,-0.8400996923446655,0.2169255912303924,0.8350436687469482,0.0098277172073721,-0.1687248200178146,-0.018239639699459,1.0,-0.2373739928007125,0.0730994120240211,-0.2368421107530594,0.3489278852939605,-0.2387914210557937,0.556530237197876,-0.1598440557718277,-0.5214424729347229,1.0,0.0,0.0,1.0,0.0,0.0,1.0,0.0,0.0
20260414_134505_905168,3,15,1.1923761367797852,0.1238173991441726,0.2873297158678495,-1.2472726407127943,0.3073297158678496,0.6492929459423067,0.6410926580429077,4.628148400378095,0.0,0.0,0.02,0.0,0.0,carpet,12345,2458047974,0,0,3,2,2,2,0.3553555607795715,0.2240221202373504,0.2494384199380874,-0.2269994765520095,-0.1711378544569015,0.6823990941047668,-0.4869391918182373,-0.0609383583068847,0.0029924786649644,0.9970074892044068,0.0820764750242233,-0.2972709536552429,-0.0107212476432323,0.1042884960770607,-0.4697855710983276,0.1267056465148925,0.4727095663547516,-0.0077972710132598,1.0,0.0,0.0,1.0,0.0,0.0,1.0,0.0,0.0
20260414_134505_905168,3,16,1.0663682222366333,0.1283479779958725,0.1460026862380689,-1.1012699544747258,0.1660026862380688,0.3737052381642343,-0.4530578851699829,4.09131402044882,0.0,0.0,0.02,0.0,0.0,carpet,12345,2458047974,0,0,3,2,2,2,0.4944437444210052,0.5739015340805054,0.3714765906333923,0.4030067026615143,-0.8902717232704163,-0.5382775664329529,-0.7872490882873535,-0.0875895470380783,0.0098636392503976,0.9901363253593444,0.0054385960102081,0.1871345043182373,0.0516569204628467,0.0916179344058036,-0.1608187109231948,-0.0906432718038559,0.4590643346309662,-0.2836257219314575,1.0,0.0,0.0,1.0,0.0,0.0,1.0,0.0,0.0
20260414_134505_905168,3,17,1.0375947952270508,0.1181512475013732,0.2288190723003436,-0.8724508821743822,0.2488190723003436,0.5351971909856701,1.0196730494499209,3.939062388758288,0.0,0.0,0.02,0.0,0.0,carpet,12345,2458047974,0,0,3,2,2,2,0.7952338457107544,0.3196805119514465,0.8766367435455322,0.3455836772918701,-0.3039394617080688,-0.6704822182655334,-0.3529083728790283,-0.2450993508100509,0.0050078150816261,0.994992196559906,-0.1879210621118545,0.2300194948911667,0.0555555559694767,0.0906432718038559,0.2290448397397995,-0.4805068373680115,0.2046783566474914,-0.4444444477558136,1.0,0.0,0.0,1.0,0.0,0.0,1.0,0.0,0.0
20260414_134505_905168,3,18,1.1146671772003174,0.0974988117814064,0.4249788647376445,-0.4474720174367376,0.4449788647376446,0.917708786238407,2.065243571996689,3.3369655028137686,0.0,0.0,0.02,0.0,0.0,carpet,12345,2458047974,0,0,3,2,2,2,-0.1582789421081543,-0.6082675457000732,0.3963832259178161,0.4934540688991546,-0.2451633512973785,0.8976354002952576,0.6142365336418152,-0.2810662388801574,0.0159365516155958,0.984063446521759,-0.1855096966028213,0.4327485263347626,0.0555555559694767,0.0935672521591186,0.1647173464298248,-0.1695906370878219,-0.2485380172729492,-0.1978557556867599,1.0,0.0,0.0,1.0,0.0,0.0,1.0,0.0,0.0
20260414_134505_905168,3,19,1.030800700187683,0.1533533781766891,-0.3574934394045474,-0.804965456841285,-0.3374782411298768,-0.7080825702032598,-5.5854566395282745,2.419847966369474,0.0001519827467061,0.0,0.02,0.0,0.0,carpet,12345,2458047974,0,0,3,2,2,2,0.3242363929748535,0.5645577311515808,0.6072461605072021,0.4451510906219482,0.3330980539321899,-0.0602299533784389,-1.0,-0.184725672006607,0.03807158395648,0.961928367614746,0.0529116094112396,-0.0916179344058036,-0.3372319638729095,0.2504873275756836,0.2290448397397995,-0.223196879029274,0.1247563362121582,0.3226120769977569,1.0,0.0,0.0,1.0,0.0,0.0,1.0,0.0,0.0
20260414_134505_905168,3,20,0.994012713432312,0.1839644610881805,-0.6645383626102537,-1.4695038194515386,-0.6391482053537002,-1.2963390004397155,-3.0611082911491394,0.4714825906876427,0.0030028229750506,0.044762680556251,0.02,0.0028517409312357,0.0,carpet,12345,2458047974,0,0,3,2,2,2,0.6540265083312988,-0.2951458394527435,-0.0951696783304214,0.8929473161697388,-0.1944003850221634,-0.6017470955848694,-0.92423278093338,-0.2895587980747223,-0.0217926688492298,1.0,-0.3208311796188354,0.1335282623767852,-0.1890838146209716,0.2670565247535705,0.1842105239629745,0.0818713456392288,-0.0477582849562168,-0.6042885184288025,1.0,0.0,0.0,1.0,0.0,0.0,1.0,0.0,0.0
20260414_134505_905168,3,21,0.9944577217102052,0.1778279840946197,-0.4693586170175138,-1.9388624364690523,-0.3942781156362961,-0.8188423254907775,0.6136476993560791,-0.9966526807454414,0.0074786661170529,0.0866526953902478,0.02,0.05,0.0,carpet,12345,2458047974,0,0,3,2,2,2,0.4792475700378418,0.7349072694778442,-0.2576154470443725,0.878574013710022,0.7659926414489746,-0.7900810837745667,-0.6331009864807129,-0.3355438113212585,-0.0546012595295906,1.0,-0.3615622520446777,0.3947368562221527,-0.1832358688116073,-0.0867446362972259,0.4883041083812713,-0.1189083829522132,-0.3128654956817627,-0.5536062121391296,1.0,0.0,0.0,1.0,0.0,0.0,1.0,0.0,0.0
20260414_134505_905168,3,22,1.0709776878356934,0.1079600825905799,0.4812582443446037,-1.4576041921244487,0.5551619453758517,1.132565793482911,6.986790150403976,-0.2377921254267647,0.0065301706755909,0.0650136792737771,0.02,0.05,0.0,carpet,12345,2458047974,0,0,3,2,2,2,-0.9894533157348632,-0.7116970419883728,-0.4719477593898773,-0.6002957820892334,0.6710294485092163,0.2443096339702606,-0.5078985095024109,-0.3349875509738922,-0.0480242595076561,1.0,-0.3217223584651947,0.2660818696022033,0.1228070184588432,-0.2397660762071609,0.446393758058548,0.2095516622066497,-0.4844054579734802,-0.3810916244983673,1.0,0.0,0.0,1.0,0.0,0.0,1.0,0.0,0.0
20260414_134505_905168,3,23,1.0515795946121216,0.1287231892347335,0.0694711161596228,-1.3881330759648258,0.1437675276965863,0.3303466790083433,-2.0763106644153595,-0.4426426374040915,0.0070590107205683,0.0718102092981333,0.02,0.05,0.0,carpet,12345,2458047974,0,0,3,2,2,2,-0.4393537938594818,0.325662761926651,0.6907415986061096,-0.1112956330180168,0.8249892592430115,0.1883220225572586,-1.0,-0.239337533712387,0.0268593169748783,0.9731405973434448,-0.1389721035957336,-0.5799220204353333,-0.0487329438328743,-0.19395712018013,-0.2807017564773559,0.4161793291568756,0.0984405428171157,-0.3538011610507965,1.0,0.0,0.0,1.0,0.0,0.0,1.0,0.0,0.0
20260414_134505_905168,3,24,1.1334125995635986,0.088336631655693,0.548889818088114,-0.8392432578767118,0.6191917685806498,1.2574239487322671,4.038655757904053,-0.1029274749102313,0.0030195049253574,0.0,0.02,0.05,0.0,carpet,12345,2458047974,0,0,3,2,2,2,0.3010768592357635,0.7121435403823853,-0.4540044069290161,0.6103604435920715,0.3062165081501007,0.2820742726325989,0.5841245055198669,-0.2635851800441742,0.0046056658029556,0.9953943490982056,-0.2182831615209579,-0.3206627666950226,-0.0233918130397796,0.082846000790596,-0.136452242732048,0.4697855710983276,0.1228070184588432,-0.5984405279159546,1.0,0.0,0.0,1.0,0.0,0.0,1.0,0.0,0.0
20260414_134505_905168,3,25,1.07823383808136,0.077054850757122,0.5823261584985009,-0.2569170993782109,0.6026217866735791,1.2251124840134793,1.1281780898571014,1.830267579306508,0.0029562817507822,0.0,0.02,0.0,0.0,carpet,12345,2458047974,0,0,3,2,2,2,-0.4863270819187164,-0.2218455970287323,0.1499539017677307,0.4611378908157348,-0.7493441700935364,-0.4341591894626617,0.0438708215951919,-0.1612938940525055,0.0478914938867092,0.9521085023880004,0.0980119481682777,0.1549707651138305,0.2153996080160141,-0.3810916244983673,0.2865497171878814,0.1052631586790084,0.1111111119389534,0.3050682246685028,1.0,0.0,0.0,1.0,0.0,0.0,1.0,0.0,0.0
20260414_134505_905168,3,26,1.1183472871780396,0.0930333212018013,0.2205555986408291,-0.0363615007373818,0.2407038984067304,0.5193726018931244,-1.597847044467926,3.645979181639348,0.0014829976590136,0.0,0.02,0.0,0.0,carpet,12345,2458047974,0,0,3,2,2,2,0.5916965007781982,-0.4566686153411865,0.3767195045948028,-0.587557852268219,0.9006069898605347,-0.3389979898929596,0.8520487546920776,-0.2302673310041427,0.0599831715226173,0.940016746520996,-0.0285725481808185,-0.3070175349712372,-0.1559454202651977,0.0847953185439109,0.3021442592144012,-0.3352826535701751,-0.1276803165674209,0.0584795325994491,1.0,0.0,0.0,1.0,0.0,0.0,1.0,0.0,0.0
20260414_134505_905168,3,27,1.10243022441864,0.093766413629055,0.1446118874468767,0.1082503867094949,0.164719046532566,0.3712021407385037,-0.0733092427253723,4.836023647868629,0.0010715908568934,0.0,0.02,0.0,0.0,carpet,12345,2458047974,0,0,3,2,2,2,-0.9596219658851624,-0.2251747250556945,0.5728419423103333,0.1891317665576934,-0.9787967205047609,-0.6728187799453735,0.8689972758293152,-0.1801255196332931,0.0428576357662677,0.9571422934532166,0.1071781814098358,0.3557505011558532,-0.2933723330497741,0.2153996080160141,-0.3693957030773163,0.4970760345458984,-0.2397660762071609,0.4922027289867401,1.0,0.0,0.0,1.0,0.0,0.0,1.0,0.0,0.0
20260414_134505_905168,3,28,0.9544836282730104,0.1094845905900001,-0.0538317343084183,0.0544186524010765,-0.033104009471665,-0.1145528184697468,-1.571817696094513,3.588905035915971,0.0072772483675331,0.0,0.02,0.0,0.0,carpet,12345,2458047974,0,0,3,2,2,2,1.0,-0.3348013758659363,0.7551819086074829,-0.6058769226074219,-0.2118880450725555,-0.3545240461826324,-0.6842864751815796,-0.2000219374895095,0.0420719198882579,0.9579280614852904,0.0984323993325233,-0.5896686315536499,-0.1481481492519378,0.3138401508331299,0.1306042820215225,-0.2904483377933502,-0.3557505011558532,0.539961040019989,1.0,0.0,0.0,1.0,0.0,0.0,1.0,0.0,0.0
20260414_134505_905168,3,29,0.997694730758667,0.0907958894968032,0.1487300261704124,0.203148678571489,0.1698989299885187,0.3813029134776116,1.868870109319687,3.6398612703852393,0.0116890381810631,0.0,0.02,0.0,0.0,carpet,12345,2458047974,0,0,3,2,2,2,0.6598703861236572,-0.2083863765001297,-0.1848633736371994,-0.2109459638595581,1.0,-0.8742378950119019,0.6188710331916809,-0.3849551081657409,0.0252253711223602,0.9747745394706726,-0.2897502481937408,0.5350877046585083,-0.264132559299469,0.4191033244132995,-0.3109161853790283,-0.066276803612709,-0.1734892725944519,-0.4113060534000397,1.0,0.0,0.0,1.0,0.0,0.0,1.0,0.0,0.0
20260414_134505_905168,3,30,0.9872984290122986,0.0713027492165565,0.3492561832706281,0.5524048618421171,0.3709259959560835,0.7733056921143628,1.9493140280246728,3.155743013767335,0.0166981268545534,0.0,0.02,0.0,0.0,carpet,12345,2458047974,0,0,3,2,2,2,-0.8318877816200256,-0.1829902976751327,-0.0526297725737094,0.7362765669822693,-0.1913197487592697,0.4650436639785766,-0.5564612150192261,-0.3309412896633148,0.0452556908130645,0.954744279384613,-0.0649965852499008,0.4327485263347626,-0.0886939540505409,-0.080896683037281,-0.1578947305679321,0.5341130495071411,-0.5867446660995483,0.3606237769126892,1.0,0.0,0.0,1.0,0.0,0.0,1.0,0.0,0.0
20260414_134505_905168,3,31,0.9675185084342957,0.0918547883629798,-0.0153878704589576,0.5370169913831594,0.0082965591924098,0.0661782904251993,-2.055203914642334,1.996808820179055,0.0233044425568592,0.0270797079136328,0.02,0.0,0.0,carpet,12345,2458047974,0,0,3,2,2,2,-0.4965276718139648,0.7267639636993408,0.209412544965744,0.4208998084068298,1.0,-0.4063667953014374,-0.7676495313644409,-0.3439366221427917,0.0661482065916061,0.933851718902588,-0.2340973615646362,-0.4980506896972656,-0.078947365283966,-0.0185185186564922,0.4005847871303558,-0.1861598491668701,0.1471734941005706,-0.376218318939209,1.0,0.0,0.0,1.0,0.0,0.0,1.0,0.0,0.0
20260414_134505_905168,3,32,1.0282691717147827,0.0465065278112888,0.5590430447340307,1.0960600361171902,0.5812001187749656,1.183340231611183,4.5348260551691055,2.6607764498971136,0.0215707404093485,0.0,0.02,0.0,0.0,carpet,12345,2458047974,0,0,3,2,2,2,-0.9076976776123048,-0.1141704246401786,-0.2665070295333862,-0.6188782453536987,-0.6970623731613159,0.5978530049324036,-0.154257670044899,-0.368661493062973,0.0441207736730575,0.9558792114257812,-0.2986535131931305,-0.3830409348011017,0.1608187109231948,0.0243664719164371,0.1686159819364547,0.2680311799049377,-0.2651072144508362,-0.4473684132099151,1.0,0.0,0.0,1.0,0.0,0.0,1.0,0.0,0.0
20260414_134505_905168,3,33,1.065881609916687,0.0527110025286674,0.3283052872826356,1.4243653233998257,0.3499452850122621,0.7323933057739112,-0.6204474717378616,3.021967614932521,0.0163999772962655,0.0,0.02,0.0,0.0,carpet,12345,2458047974,0,0,3,2,2,2,0.5706027746200562,0.8162671327590942,-1.0,0.6279335021972656,0.0488149262964725,0.4834500849246979,0.5965222716331482,-0.2927231788635254,0.0927244946360588,0.9072754383087158,-0.019476743414998,-0.516569197177887,0.0311890840530395,-0.0711500942707061,-0.1101364493370056,-0.3245614171028137,0.3771929740905761,-0.0964912250638008,1.0,0.0,0.0,1.0,0.0,0.0,1.0,0.0,0.0
20260414_134505_905168,3,34,0.982420802116394,0.057463064789772,0.1729915631550758,1.5973568865549015,0.1951248322065774,0.4304934228028259,-0.4752062261104584,3.5670138562050937,0.0213326905150161,0.0,0.02,0.0,0.0,carpet,12345,2458047974,0,0,3,2,2,2,0.8174143433570862,0.6392465829849243,-0.3849389851093292,-0.0526297502219677,0.8909512162208557,-0.3502028882503509,-0.5779310464859009,-0.245707705616951,0.0860746130347251,0.9139254093170166,0.10293909907341,0.3421052694320678,0.4532163739204407,-0.6345029473304749,0.2982456088066101,-0.0701754391193389,0.2222222238779068,0.3274853825569153,1.0,0.0,0.0,1.0,0.0,0.0,1.0,0.0,0.0
20260414_134505_905168,3,35,1.016512155532837,0.0149423312395811,0.6629264762299999,2.260283362784901,0.6850709773625072,1.385888405856889,4.252073355019093,4.571599348584371,0.0214450113250732,0.0,0.02,0.0,0.0,carpet,12345,2458047974,0,0,3,2,2,2,-0.3673088848590851,0.445250540971756,-0.8044862151145935,-0.0162406340241432,-0.3319426774978637,0.2045497000217437,-0.0539054162800312,-0.3500336706638336,0.0809814110398292,0.919018566608429,-0.1861886978149414,0.471734881401062,0.3265107274055481,-0.3693957030773163,-0.0818713456392288,0.4990253448486328,-0.1968810856342315,-0.3489278852939605,1.0,0.0,0.0,1.0,0.0,0.0,1.0,0.0,0.0
20260414_134505_905168,3,36,0.9849994778633118,0.0374943166971206,0.1957416441810517,2.456025006965953,0.2182649579252157,0.4756166679541707,-2.255198545753956,4.273910324424179,0.0252331374416406,0.0,0.02,0.0,0.0,carpet,12345,2458047974,0,0,3,2,2,2,-0.6557490229606628,-0.7876896262168884,0.4838104844093323,0.0034585569519549,-0.253654420375824,0.5448653101921082,-0.8415647745132446,-0.30741947889328,0.1265546232461929,0.8734453320503235,-0.0224355533719062,-0.2056530267000198,0.3255360722541809,-0.4571150243282318,0.0224171541631221,-0.1764132529497146,0.1413255333900451,-0.0292397662997245,1.0,0.0,0.0,1.0,0.0,0.0,1.0,0.0,0.0
20260414_134505_905168,3,37,0.9398015141487122,0.0142643488943576,0.4316660733927936,2.8876910803587466,0.4551085620690855,0.9374616960347169,2.3229967802762985,5.1451937300336965,0.034424886762919,0.0,0.02,0.0,0.0,carpet,12345,2458047974,0,0,3,2,2,2,0.2941854000091553,-0.5701461434364319,0.4836892783641815,0.3891039490699768,-0.3628748953342438,-0.4178633689880371,-0.1612755209207534,-0.3468103408813476,0.1023836731910705,0.8976163268089294,-0.1700813025236129,-0.384990245103836,-0.4317738711833954,0.3216374218463897,-0.0019493177533149,-0.1588694006204605,0.3294346928596496,-0.511695921421051,1.0,0.0,0.0,1.0,0.0,0.0,1.0,0.0,0.0
20260414_134505_905168,3,38,0.9481159448623656,0.0593180768191814,-0.2161178653413404,2.671573215017406,-0.1914086800484941,-0.4232469260945635,-4.505372792482376,3.53860657232795,0.0409492105731763,0.0122852847105742,0.02,0.0,0.0,carpet,12345,2458047974,0,0,3,2,2,2,0.5814054608345032,-0.4139773547649383,0.8502517342567444,0.8078321814537048,-0.1826746761798858,1.0,-0.92111998796463,-0.4033078253269195,0.1272812783718109,0.8727187514305115,-0.1273976564407348,0.1705653071403503,-0.4093567132949829,0.2543859779834747,0.2202728986740112,-0.2046783566474914,-0.1793372333049774,-0.0779727101325988,1.0,0.0,0.0,1.0,0.0,0.0,1.0,0.0,0.0
20260414_134505_905168,3,39,0.9470360279083252,0.0516072586178779,-0.0649115326533837,2.6066616823640225,-0.0382896100196574,-0.124664739538332,0.7710818201303482,2.681548527015707,0.0463925136152117,0.0396534254441017,0.02,0.0,0.0,carpet,12345,2458047974,0,0,3,2,2,2,0.9030513763427734,0.615744411945343,0.6350781917572021,-0.7125094532966614,-0.6848048567771912,0.4130209386348724,-0.8515927791595459,-0.3929147720336914,0.0789932310581207,0.9210067391395568,-0.2726294100284576,0.3021442592144012,-0.4122807085514068,0.272904485464096,0.3304093480110168,-0.1929824501276016,0.3460038900375366,-0.5857699513435364,1.0,0.0,0.0,1.0,0.0,0.0,1.0,0.0,0.0
20260414_134505_905168,3,40,1.0720614194869995,0.063560351729393,-0.1986872937317572,2.4079743886322653,-0.1755517345854488,-0.3923258824416251,-1.1953093111515043,1.858729221771256,0.0313555914630846,0.0,0.02,0.0,0.0,carpet,12345,2458047974,0,0,3,2,2,2,0.8478767275810242,0.0386826582252979,-0.0089202085509896,-0.3534698486328125,-0.6258752346038818,0.5672486424446106,1.0,-0.3942646086215973,0.0872575938701629,0.9127423763275146,-0.2437359243631363,0.5126705765724182,0.1150097474455833,0.3333333432674408,-0.3167641460895538,-0.3411306142807007,0.2748537957668304,-0.5224171280860901,1.0,0.0,0.0,1.0,0.0,0.0,1.0,0.0,0.0
20260414_134505_905168,3,41,0.9406272768974304,0.0118981674313545,0.4618443329657713,2.869818721598037,0.4858001003178115,0.9973101956197326,5.166218429803848,1.4701510115340994,0.0395576735204023,0.0,0.02,0.0,0.0,carpet,12345,2458047974,0,0,3,2,2,2,-0.3059881925582886,0.67121821641922,-0.1804850548505783,-0.0029870509169995,-0.0637681037187576,-0.2772024869918823,-0.5705766081809998,-0.2379829436540603,0.0744464099407196,0.925553560256958,0.2000636011362075,0.5331383943557739,0.1461988240480423,0.1140350848436355,-0.1978557556867599,-0.3996101319789886,0.2972709536552429,0.5877193212509155,1.0,0.0,0.0,1.0,0.0,0.0,1.0,0.0,0.0
20260414_134505_905168,3,42,0.941623866558075,0.009955383837223,0.3579846423403833,3.22780336393842,0.3828473008041486,0.7965522365680897,0.1942783594131469,1.7910865801480185,0.0461690362701979,0.0049150967349092,0.02,0.0,0.0,carpet,12345,2458047974,0,0,3,2,2,2,-0.8753860592842102,-0.9180721044540404,0.404133141040802,-0.0016691214405,0.1841206699609756,-0.4693349599838257,-0.4220177829265594,-0.4022755622863769,0.129817321896553,0.8701826930046082,-0.2248389720916748,-0.1676413267850875,0.4697855710983276,-0.0799220278859138,-0.0029239766299724,-0.0409356728196144,-0.1569200754165649,-0.3508771955966949,1.0,0.0,0.0,1.0,0.0,0.0,1.0,0.0,0.0
20260414_134505_905168,3,43,0.8604589700698853,0.1265022754669189,-1.0810965305012314,2.1467068334371886,-1.0,-2.316258113316323,-11.65468916296959,-1.4626332292030213,0.0666006964007267,0.0887292172231742,0.02,0.05,0.0,carpet,12345,2458047974,0,0,3,2,2,2,-0.6450200080871582,-0.5562424063682556,0.5200783610343933,0.4803468883037567,0.0346344634890556,-0.9140985608100892,-0.9676873683929444,-0.401029884815216,0.1318995654582977,0.8681004047393799,-0.2243954986333847,-0.5155945420265198,0.1374268978834152,0.2914229929447174,-0.0214424952864646,0.0750487297773361,-0.2758284509181976,-0.2524366378784179,1.0,0.0,0.0,1.0,0.0,0.0,1.0,0.0,0.0
20260414_134505_905168,3,44,0.9744078516960144,-0.0040626060217618,0.7281479543693153,2.874854787806504,0.7573992062716832,1.5269284522297824,13.056488148868084,0.4875421491213245,0.0608340448390976,0.0384412466118108,0.02,0.0012457850878675,0.0,carpet,12345,2458047974,0,0,3,2,2,2,-0.6700604557991028,-0.314636081457138,-0.3215702176094055,0.7369555234909058,0.0324632041156291,-0.594297468662262,0.5788423418998718,-0.5024859309196472,0.0069860178045928,0.9930139780044556,-0.4318144023418426,-0.3791423141956329,-0.2543859779834747,0.3469785451889038,0.2875243723392486,0.0175438597798347,-0.5126705765724182,-0.5877193212509155,1.0,0.0,0.0,1.0,0.0,0.0,1.0,0.0,0.0
20260414_134505_905168,3,45,1.0210753679275513,-0.0137788625434041,0.6613609323976907,3.536215720204195,0.6862065395966076,1.3881027522133849,0.9716256521642208,2.0003096408730414,0.0484560719891692,0.0,0.02,0.0,0.0,carpet,12345,2458047974,0,0,3,2,2,2,-0.0894800797104835,0.9146986603736876,0.433328628540039,-0.8135099411010742,-0.3409439325332641,0.8172061443328857,0.0811149105429649,-0.3600498139858246,0.1469238847494125,0.8530761003494263,-0.0420804843306541,-0.3957115113735199,-0.1393762230873108,0.1023391783237457,0.4434697926044464,-0.0243664719164371,-0.4366471767425537,0.3294346928596496,1.0,0.0,0.0,1.0,0.0,0.0,1.0,0.0,0.0
20260414_134505_905168,3,46,0.9656497240066528,-0.0187498126178979,0.5470660573633153,4.08328177756751,0.5719747774473755,1.1653508160223822,0.4970950074493885,3.5579863393370488,0.0490872008406013,0.0,0.02,0.0,0.0,carpet,12345,2458047974,0,0,3,2,2,2,0.8040332794189453,0.4509351253509521,0.6089464426040649,0.216643750667572,-0.946188747882843,-0.2808862626552582,0.0398895144462585,-0.3017154633998871,0.1573376506567001,0.8426623344421387,0.03428765386343,-0.0730994120240211,0.5077972412109375,0.2407407462596893,-0.458089679479599,-0.206627681851387,0.4405457973480224,0.0263157896697521,1.0,0.0,0.0,1.0,0.0,0.0,1.0,0.0,0.0
20260414_134505_905168,3,47,0.9333259463310242,-0.005948141682893,0.2329215094226096,4.31620328699012,0.258446840329056,0.5539713386416594,-1.280167093500495,3.114647482358976,0.0552533090644641,0.0,0.02,0.0,0.0,carpet,12345,2458047974,0,0,3,2,2,2,-0.5803304314613342,-0.3026459813117981,0.5780462026596069,0.7630144357681274,-0.9086266160011292,-0.4154175817966461,-0.242222711443901,-0.3709975183010101,0.1626654416322708,0.8373344540596008,-0.0566628128290176,0.4678362607955932,0.2153996080160141,0.3216374218463897,0.1237816736102104,-0.5419103503227234,-0.0409356728196144,0.0438596494495868,1.0,0.0,0.0,1.0,0.0,0.0,1.0,0.0,0.0
20260414_134505_905168,3,48,0.9749714136123656,-0.0292466096580028,0.4608712616700368,4.777074548660157,0.4861231812097475,0.9979402033590076,2.3298467975109816,3.3160354491498936,0.0525191953971064,0.0,0.02,0.0,0.0,carpet,12345,2458047974,0,0,3,2,2,2,-0.950043261051178,-0.538167417049408,-0.7683755159378052,0.1998325884342193,0.8358532786369324,-0.7226543426513672,0.3091165721416473,-0.4114022254943847,0.1489447802305221,0.8510552048683167,-0.1557258516550064,-0.3323586881160736,-0.1179337203502655,0.3801169693470001,0.4697855710983276,-0.5458089709281921,-0.2241715341806411,-0.136452242732048,1.0,0.0,0.0,1.0,0.0,0.0,1.0,0.0,0.0
20260414_134505_905168,3,49,0.9875147342681884,-0.0432168766856193,0.5124512340212873,5.289525782681444,0.5372881170305919,1.097711828209654,1.39702670276165,6.730005390675871,0.0483688300930453,0.0,0.02,0.0,0.0,carpet,12345,2458047974,0,0,3,2,2,2,0.317934900522232,-0.2315611094236374,0.2231037020683288,-0.8695719838142395,0.474307507276535,0.1963321715593338,-0.63614422082901,-0.3593454360961914,0.1739157885313034,0.8260841965675354,-0.0693961307406425,-0.516569197177887,-0.1140350848436355,0.3411306142807007,0.0955165699124336,0.3791423141956329,-0.4990253448486328,0.1676413267850875,1.0,0.0,0.0,1.0,0.0,0.0,1.0,0.0,0.0
20260414_134505_905168,3,50,1.0653302669525146,-0.0488082766532897,0.4448890220586485,5.7344148047400925,0.4682404463328231,0.9630688703490052,0.5591399967670441,6.166145808795093,0.0335142427417463,0.0,0.02,0.0,0.0,carpet,12345,2458047974,0,0,3,2,2,2,-0.5122714042663574,0.8974493145942688,-0.5674861669540405,0.127845212817192,0.2881065011024475,0.1227655559778213,0.7187960147857666,-0.3436662554740906,0.1888889670372009,0.8111110329627991,-0.1284368634223938,0.2095516622066497,-0.1140350848436355,0.2309941500425338,-0.4346978664398193,0.3284600377082824,0.1150097474455833,-0.4035087823867798,1.0,0.0,0.0,1.0,0.0,0.0,1.0,0.0,0.0
20260414_134505_905168,3,51,1.0671486854553225,-0.0458059981465339,0.283885363614108,6.018300168354201,0.3062793282527495,0.6472446900928617,-0.3002278506755829,5.42528774667457,0.0239396463864153,0.0,0.02,0.0,0.0,carpet,12345,2458047974,0,0,3,2,2,2,0.8662673830986023,-0.4954158663749695,-0.8949403762817383,0.3733211457729339,0.7209970355033875,-0.057467982172966,0.6986772418022156,-0.2463968247175216,0.1948817521333694,0.805118203163147,0.1713302135467529,-0.3187134563922882,0.5467836260795593,-0.3382066190242767,0.0740740746259689,0.1481481492519378,0.034113060683012,0.4161793291568756,1.0,0.0,0.0,1.0,0.0,0.0,1.0,0.0,0.0
20260414_134505_905168,3,52,1.1204228401184082,-0.0285044535994529,-0.0197917906481696,5.998508377706031,0.0014845660987802,0.0528949038926214,-1.7301544547080994,4.312831834544809,0.0127635674694983,0.0,0.02,0.0,0.0,carpet,12345,2458047974,0,0,3,2,2,2,-0.1288158148527145,-0.0163869764655828,0.6190267205238342,0.1831898093223571,0.5870563983917236,1.0,0.4968448579311371,-0.2441238462924957,0.1916639506816864,0.808336079120636,0.1648514121770858,0.5497075915336609,-0.1335282623767852,-0.4434697926044464,0.2222222238779068,0.3382066190242767,-0.0750487297773361,0.4083820581436157,1.0,0.0,0.0,1.0,0.0,0.0,1.0,0.0,0.0
20260414_134505_905168,3,53,0.9483653903007508,-0.017246376723051,-0.1205347824857669,5.877973595220264,-0.0983490994823531,-0.2417807439905885,-1.12580768764019,3.5170797519125614,0.0218568300341379,0.0,0.02,0.0,0.0,carpet,12345,2458047974,0,0,3,2,2,2,1.0,0.49080690741539,-0.466202974319458,-0.097765065729618,0.6128446459770203,-0.4936186373233795,-1.0,-0.1775311529636383,0.1731203645467758,0.8268795609474182,0.2216762006282806,-0.1111111119389534,-0.0740740746259689,0.0877192988991737,0.0516569204628467,0.2914229929447174,0.3099415302276611,0.2816764116287231,1.0,0.0,0.0,1.0,0.0,0.0,1.0,0.0,0.0
20260414_134505_905168,3,54,0.9840234518051147,-0.0563006326556205,0.3594931822072021,6.237466777427466,0.3820619693955383,0.7950208403212997,3.9054255932569504,3.314160388874853,0.0256878718833615,0.0,0.02,0.0,0.0,carpet,12345,2458047974,0,0,3,2,2,2,-0.4187866151332855,-0.0794202387332916,0.1842849254608154,0.9215063452720642,0.4304350912570953,0.1269260197877884,-0.6943739652633667,-0.3926029205322265,0.1610540896654129,0.8389458656311035,-0.2460639178752899,0.6023392081260681,0.2417154014110565,-0.3333333432674408,-0.0409356728196144,0.413255363702774,-0.2446393817663192,-0.600389838218689,1.0,0.0,0.0,1.0,0.0,0.0,1.0,0.0,0.0
20260414_134505_905168,3,55,1.1176776885986328,-0.0395061820745468,0.0434257636951244,6.28089254112259,0.064822751648274,0.1764043657141343,-1.679445058107376,2.3928529263793337,0.0139698795314959,0.0,0.02,0.0,0.0,carpet,12345,2458047974,0,0,3,2,2,2,-0.8549642562866211,0.5888134837150574,1.0,-0.0490822121500968,0.943228244781494,-0.0583042837679386,0.812251627445221,-0.3480303883552551,0.2029119580984115,0.7970879673957825,-0.1713135093450546,-0.2543859779834747,-0.0458089672029018,0.0604288503527641,0.455165684223175,0.1822612136602401,0.0263157896697521,-0.4493177533149719,1.0,0.0,0.0,1.0,0.0,0.0,1.0,0.0,0.0
20260414_134505_905168,3,56,0.9164384603500366,-0.0507522970438003,0.1636970577974905,6.44458959892008,0.1863877684702198,0.4134561485169286,1.124611496925354,1.843240204547257,0.0269071067272921,0.0,0.02,0.0,0.0,carpet,12345,2458047974,0,0,3,2,2,2,0.0714745372533798,-0.4549222290515899,0.5981458425521851,0.0591969229280948,-0.2382333129644394,-0.7886455655097961,-0.5967490673065186,-0.1809625625610351,0.1849118769168853,0.815088152885437,0.2126147598028183,-0.5370370149612427,0.2738791406154632,0.3479532301425934,-0.1091617941856384,0.4824561476707458,-0.0955165699124336,0.4629629552364349,1.0,0.0,0.0,1.0,0.0,0.0,1.0,0.0,0.0
20260414_134505_905168,3,57,1.0456674098968506,-0.0418636091053485,-0.0027884379028859,6.441801161017194,0.0194230322699535,0.0878749129264093,-0.8888687938451767,1.2838704273808048,0.022114701728395,0.0,0.02,0.0,0.0,carpet,12345,2458047974,0,0,3,2,2,2,0.4517606794834137,0.492763489484787,-0.0832635387778282,0.5432935953140259,-0.8200883269309998,0.8876704573631287,0.698623776435852,-0.4325116276741028,0.1969653218984604,0.8030346632003784,-0.2034409642219543,0.0389863550662994,-0.2807017564773559,0.3986354768276214,0.1042884960770607,0.0058479532599449,-0.3927875161170959,-0.3489278852939605,1.0,0.0,0.0,1.0,0.0,0.0,1.0,0.0,0.0
20260414_134505_905168,3,58,1.008951187133789,-0.0702009797096252,0.3491662930942866,6.790967454111481,0.3714566409239626,0.774340449801727,2.8337370604276657,2.0053159732899104,0.0229034782967598,0.0,0.02,0.0,0.0,carpet,12345,2458047974,0,0,3,2,2,2,-0.8301997184753418,0.094011053442955,-0.3562647104263305,0.766007661819458,-0.5145832896232605,0.9196521639823914,-0.3397562801837921,-0.2709754109382629,0.1874385327100753,0.8125613927841187,0.205754280090332,0.2573099434375763,0.2748537957668304,-0.0555555559694767,0.3167641460895538,-0.5126705765724182,0.4493177533149719,0.3996101319789886,1.0,0.0,0.0,1.0,0.0,0.0,1.0,0.0,0.0
20260414_134505_905168,3,59,1.0578768253326416,-0.0756652504205703,0.3204281398140328,7.111395593925514,0.3422369769871384,0.7173621051249199,0.5464270710945129,2.964458822405419,0.0180883717310559,0.0,0.02,0.0,0.0,carpet,12345,2458047974,0,0,3,2,2,2,-0.5406408905982971,0.2668792009353637,-0.8137122988700867,-0.8601412177085876,0.2284269481897354,0.0757280886173248,0.8008585572242737,-0.3168706893920898,0.2178101986646652,0.7821897864341736,0.0220177173614501,-0.4785574972629547,0.1588694006204605,-0.1267056465148925,0.4434697926044464,-0.3654970824718475,0.556530237197876,-0.2115009725093841,1.0,0.0,0.0,1.0,0.0,0.0,1.0,0.0,0.0
20260414_134505_905168,3,60,0.9339846968650818,-0.1119569838047027,0.6926727662881768,7.804068360213691,0.7155461094599961,1.4453149134469925,3.62917333841324,3.614752895531112,0.0287334317181933,0.0,0.02,0.0,0.0,carpet,12345,2458047974,0,0,3,2,2,2,0.7217872142791748,-0.1136983409523963,0.938598930835724,-0.9502828121185304,0.3383738696575165,-0.5160724520683289,-0.3792759776115417,-0.2557136416435241,0.2236667424440384,0.776333212852478,0.223770871758461,-0.3206627666950226,0.2153996080160141,-0.2105263173580169,-0.1871345043182373,0.1764132529497146,0.0292397662997245,0.4756335318088531,1.0,0.0,0.0,1.0,0.0,0.0,1.0,0.0,0.0
20260414_134505_905168,3,61,1.0036907196044922,-0.0910537987947464,0.2394049702720225,8.043473330485714,0.2622597742750474,0.5614065598363425,-2.090318500995636,3.99975508965332,0.0285480400302486,0.0,0.02,0.0,0.0,carpet,12345,2458047974,0,0,3,2,2,2,-0.652461588382721,-0.8940889835357666,-1.0,-0.0418457016348838,-0.8122629523277283,-0.0284512061625719,0.9603092670440674,-0.4105788171291351,0.2625637650489807,0.7374361753463745,-0.0902522727847099,0.4161793291568756,-0.1101364493370056,0.5370370149612427,-0.4922027289867401,0.2787524461746216,-0.19395712018013,-0.2007797211408615,1.0,0.0,0.0,1.0,0.0,0.0,1.0,0.0,0.0
20260414_134505_905168,3,62,1.0048344135284424,-0.1267002820968628,0.6244646406311147,8.667937971116828,0.6472907704770122,1.3122170024301738,3.5646483302116394,4.898515943566565,0.0282612984589747,0.0,0.02,0.0,0.0,carpet,12345,2458047974,0,0,3,2,2,2,0.4591352045536041,0.0447579473257064,-0.2976833581924438,-0.1506237536668777,0.1539960652589798,0.6068996787071228,0.1758911907672882,-0.3234462738037109,0.2401599884033203,0.7598400115966797,0.1977800130844116,-0.3508771955966949,-0.2124756276607513,0.3586744666099548,0.0555555559694767,-0.3752436637878418,-0.0126705653965473,0.5662767887115479,1.0,0.0,0.0,1.0,0.0,0.0,1.0,0.0,0.0
20260414_134505_905168,3,63,0.922722339630127,-0.1182709634304046,0.3470273629780837,9.014965334094912,0.3709896334159846,0.77342978516117,-0.842931866645813,5.584070815801326,0.0396227043790086,0.0,0.02,0.0,0.0,carpet,12345,2458047974,0,0,3,2,2,2,-0.3622598946094513,-0.7361096739768982,0.641414225101471,0.7769588828086853,-0.7247843742370605,-0.0232982989400625,-0.4585708975791931,-0.3220166265964508,0.2783654630184173,0.7216345071792603,0.1100424528121948,0.2953216433525085,0.0623781681060791,-0.1150097474455833,-0.0906432718038559,0.078947365283966,0.3333333432674408,0.0867446362972259,1.0,0.0,0.0,1.0,0.0,0.0,1.0,0.0,0.0
20260414_134505_905168,3,64,0.9803503155708312,-0.1445183008909225,0.5843323906514132,9.599297724746323,0.608336295068628,1.2362557753838246,2.6247337460517883,6.045986141383423,0.0400390441721477,0.0,0.02,0.0,0.0,carpet,12345,2458047974,0,0,3,2,2,2,1.0,0.3557517230510711,-0.8688530921936035,0.731322705745697,0.3512445390224457,0.2687006294727325,0.2020221650600433,-0.4246567785739898,0.2693310081958771,0.7306689620018005,-0.1135754808783531,-0.2222222238779068,-0.4395711421966553,0.4025341272354126,0.4697855710983276,-0.4161793291568756,0.0116959065198898,-0.2738791406154632,1.0,0.0,0.0,1.0,0.0,0.0,1.0,0.0,0.0
20260414_134505_905168,3,65,0.9466431140899658,-0.1457312703132629,0.4408199211511889,10.040117645897514,0.4653928549212196,0.9575160670963784,0.1212969422340393,6.286140103354882,0.0457293377003071,0.0,0.02,0.0,0.0,carpet,12345,2458047974,0,0,3,2,2,2,0.437035858631134,-0.4110768139362335,-0.7855238914489746,0.5943717956542969,-0.2379755079746246,-0.2729964852333069,-0.2954888641834259,-0.3526217341423034,0.2974626123905182,0.7025374174118042,0.0476470291614532,0.6159843802452087,0.2241715341806411,-0.5321637392044067,0.4054580926895141,0.1033138409256935,0.0799220278859138,0.0964912250638008,1.0,0.0,0.0,1.0,0.0,0.0,1.0,0.0,0.0
20260414_134505_905168,3,66,1.007125973701477,-0.108841061592102,-0.1030706974621691,9.937046948435343,-0.0790349577983274,-0.2041181677067385,-3.689020872116089,4.636707022201151,0.040357396638417,0.0,0.02,0.0,0.0,carpet,12345,2458047974,0,0,3,2,2,2,-0.519163191318512,0.778028130531311,-0.968129813671112,0.0161877926439046,-0.8108331561088562,0.8535200357437134,0.5548785328865051,-0.3947557508945465,0.2987626492977142,0.7012373208999634,-0.0672127157449722,0.3450292348861694,0.0311890840530395,-0.4454191029071808,0.3986354768276214,-0.1179337203502655,-0.1140350848436355,-0.1705653071403503,1.0,0.0,0.0,1.0,0.0,0.0,1.0,0.0,0.0
20260414_134505_905168,3,67,0.8995142579078674,-0.1720374375581741,0.6806532354217377,10.617700183857083,0.7060619350624331,1.4268207733717446,6.319637596607208,5.502121235736553,0.0540869964069538,0.0,0.02,0.0,0.0,carpet,12345,2458047974,0,0,3,2,2,2,0.1575475484132766,-0.5628196597099304,0.3618040084838867,-0.0024501108564436,-0.8127444982528687,-0.2794171273708343,-0.3174411654472351,-0.3191521763801574,0.2592241466045379,0.7407757639884949,0.1891886442899704,-0.2933723330497741,0.5302144289016724,-0.5194931626319885,0.1111111119389534,-0.4366471767425537,0.471734881401062,0.3099415302276611,1.0,0.0,0.0,1.0,0.0,0.0,1.0,0.0,0.0
20260414_134505_905168,3,68,0.9625353813171388,-0.1708674877882003,0.4827505789082879,11.100450762765371,0.5081368388612657,1.040866835779468,-0.1169949769973754,5.230771069085847,0.0538625995297783,0.0,0.02,0.0,0.0,carpet,12345,2458047974,0,0,3,2,2,2,1.0,-0.1928847581148147,0.7733469605445862,0.0726915597915649,0.0517817065119743,1.0,0.1324723660945892,-0.4536668658256531,0.3269572556018829,0.6730427145957947,-0.0791854485869407,0.1111111119389534,-0.2602339088916778,0.2748537957668304,0.0360623784363269,-0.4395711421966553,0.1101364493370056,-0.1715399622917175,1.0,0.0,0.0,1.0,0.0,0.0,1.0,0.0,0.0
20260414_134505_905168,3,69,0.8565114736557007,-0.1448201984167099,0.0133271733199716,11.113777936085343,0.0407527654088918,0.1294678925473391,-2.604728937149048,4.586809176472016,0.0742559208892018,0.0,0.02,0.0,0.0,carpet,12345,2458047974,0,0,3,2,2,2,0.5926467776298523,1.0,0.8902823328971863,-1.0,-0.4461472928524017,-0.5575413107872009,-0.9003766179084778,-0.3748904168605804,0.325703352689743,0.6742966771125793,0.0534294173121452,0.5886939764022827,-0.1978557556867599,0.4083820581436157,-0.0272904485464096,-0.0906432718038559,0.3937621712684631,0.0409356728196144,1.0,0.0,0.0,1.0,0.0,0.0,1.0,0.0,0.0
20260414_134505_905168,3,70,0.891526997089386,-0.1686566621065139,0.301378007824006,11.41515594390935,0.3297500059772358,0.6930125116556098,2.383646368980408,4.0435659127438015,0.0837199815322973,0.0,0.02,0.0,0.0,carpet,12345,2458047974,0,0,3,2,2,2,0.9723727107048036,-0.2041100114583969,-0.5365571975708008,0.3272049129009247,0.5187826752662659,-0.9893712997436525,0.5407109260559082,-0.5074203610420227,0.2977861762046814,0.7022138237953186,-0.2110238522291183,0.3235867321491241,0.1559454202651977,0.4590643346309662,-0.3927875161170959,-0.1725146174430847,0.1101364493370056,-0.5194931626319885,1.0,0.0,0.0,1.0,0.0,0.0,1.0,0.0,0.0
20260414_134505_905168,3,71,0.945781111717224,-0.2003765851259231,0.6196656119853414,12.034821555894691,0.6475679278086819,1.3127574592269298,3.171992301940918,4.398807304874353,0.0790231582334039,0.0,0.02,0.0,0.0,carpet,12345,2458047974,0,0,3,2,2,2,-0.2504513561725616,0.4802274405956268,0.6300366520881653,0.6178059577941895,0.0443122535943985,0.353478729724884,0.5939695835113525,-0.4636508822441101,0.3233337700366974,0.6766662001609802,-0.025491826236248,0.6013644933700562,-0.0555555559694767,-0.2670565247535705,0.2056530267000198,0.2953216433525085,-0.607212483882904,0.3235867321491241,1.0,0.0,0.0,1.0,0.0,0.0,1.0,0.0,0.0
20260414_134505_905168,3,72,0.91391783952713,-0.1744693964719772,0.1188744022753708,12.15369595817006,0.147122245164897,0.3368883780715492,-2.5907188653945923,4.939813850652641,0.082478428895262,0.0,0.02,0.0,0.0,carpet,12345,2458047974,0,0,3,2,2,2,-0.6355222463607788,0.6349816918373108,-0.0398230142891407,0.459004670381546,-0.7809383869171143,0.7917090058326721,-0.6278337240219116,-0.3958333134651184,0.3573308289051056,0.642669141292572,0.0628125444054603,-0.1744639426469802,0.2397660762071609,0.1159844025969505,0.3089668750762939,-0.0448343083262443,-0.1003898605704307,0.3362573087215423,1.0,0.0,0.0,1.0,0.0,0.0,1.0,0.0,0.0
20260414_134505_905168,3,73,0.9434144496917723,-0.201871708035469,0.427380376899151,12.581076335069213,0.4552431141748518,0.937724072640961,2.740231156349182,4.450717149921857,0.0786273727570079,0.0,0.02,0.0,0.0,carpet,12345,2458047974,0,0,3,2,2,2,-0.876653254032135,-0.7678717970848083,0.542421281337738,-0.4943957924842834,-0.1529954522848129,0.3774393200874328,-0.0506044700741767,-0.4356623589992523,0.3295638263225555,0.6704361438751221,-0.1084901019930839,-0.3859649002552032,0.3752436637878418,-0.032163742929697,0.2758284509181976,-0.4561403393745422,0.4541910290718078,-0.3947368562221527,1.0,0.0,0.0,1.0,0.0,0.0,1.0,0.0,0.0
20260414_134505_905168,3,74,0.9831649661064148,-0.1894650012254715,0.149200257024038,12.73027659209325,0.1759617355029668,0.3931253842307853,-1.240670680999756,3.8029756983731744,0.0676147847892881,0.0,0.02,0.0,0.0,carpet,12345,2458047974,0,0,3,2,2,2,-0.8073252439498901,0.2359170615673065,-0.5541305541992188,-0.1191000118851661,0.9864519238471984,0.8497047424316406,-0.0191410407423973,-0.3987916111946106,0.3589332997798919,0.6410666704177856,0.0055307797156274,-0.4892787635326385,-0.1578947305679321,0.3937621712684631,-0.235867440700531,-0.0692007765173912,0.2134502977132797,-0.0370370373129844,1.0,0.0,0.0,1.0,0.0,0.0,1.0,0.0,0.0
20260414_134505_905168,3,75,0.928776741027832,-0.2147393226623535,0.4225330708585721,13.152809662951825,0.449590807228273,0.9267020740951324,2.527432143688202,4.600209879920968,0.0705773636970084,0.0,0.02,0.0,0.0,carpet,12345,2458047974,0,0,3,2,2,2,-0.4924243688583374,0.4489969909191131,0.4951802790164947,-0.3980715870857239,-1.0,-0.9962568283081056,-0.4864778816699981,-0.3491034507751465,0.3456359505653381,0.6543639898300171,0.0835076123476028,-0.4775828421115875,0.1910331398248672,-0.2251462042331695,-0.0955165699124336,0.4191033244132995,0.3099415302276611,-0.0448343083262443,1.0,0.0,0.0,1.0,0.0,0.0,1.0,0.0,0.0
20260414_134505_905168,3,76,0.9249812960624696,-0.2091837376356125,0.232194292046658,13.38500395499848,0.2595573999501714,0.5561369299028343,-0.5555585026741028,4.463334298168192,0.0736310790351339,0.0,0.02,0.0,0.0,carpet,12345,2458047974,0,0,3,2,2,2,0.8407415151596069,-0.3645723760128021,-0.706350564956665,0.6229519248008728,-0.30650395154953,0.4619401395320892,-0.5686145424842834,-0.4170888066291809,0.3727246522903442,0.6272753477096558,-0.0559835247695446,-0.3645224273204803,0.19395712018013,0.1159844025969505,-0.2124756276607513,0.1403508782386779,0.0428849905729293,-0.2699805200099945,1.0,0.0,0.0,1.0,0.0,0.0,1.0,0.0,0.0
20260414_134505_905168,3,77,0.9511422514915466,-0.2144301682710647,0.2284678630300722,13.613471818028554,0.2555197247761119,0.5482634633134182,0.524643063545227,3.698840302254681,0.0705186174603978,0.0,0.02,0.0,0.0,carpet,12345,2458047974,0,0,3,2,2,2,-0.954345405101776,-0.624348521232605,-0.8937793970108032,0.2322473376989364,-0.1892167329788208,-0.8605167865753174,0.5407652854919434,-0.4218330383300781,0.3667702078819275,0.6332297325134277,-0.0760495886206626,0.5253411531448364,-0.1822612136602401,-0.3908382058143616,0.3810916244983673,-0.1871345043182373,0.2709551751613617,-0.3518518507480621,1.0,0.0,0.0,1.0,0.0,0.0,1.0,0.0,0.0
20260414_134505_905168,3,78,0.8769910931587219,-0.2312317192554474,0.3722399619039628,13.985711779932515,0.4006340369716084,0.8312363720946365,1.680155098438263,4.193188296277768,0.0839407506764561,0.0,0.02,0.0,0.0,carpet,12345,2458047974,0,0,3,2,2,2,0.3876709043979645,0.0643041878938674,0.5692059993743896,-0.2032414227724075,0.3096592426300049,-0.3414143323898315,-0.546484112739563,-0.3891318440437317,0.3723932802677154,0.6276066899299622,0.1123784407973289,-0.2953216433525085,-0.1754385977983474,-0.3937621712684631,0.2543859779834747,-0.0438596494495868,-0.2475633472204208,0.3440545797348022,1.0,0.0,0.0,1.0,0.0,0.0,1.0,0.0,0.0
20260414_134505_905168,3,79,0.8422185182571411,-0.2356279194355011,0.3201080511123662,14.305819831044884,0.3504268120883711,0.7333322835723237,0.4396200180053711,3.9887965072091305,0.1031876097600484,0.0,0.02,0.0,0.0,carpet,12345,2458047974,0,0,3,2,2,2,-0.7725247144699097,0.3814543187618255,0.5169363617897034,0.043548010289669,-0.5069890022277832,-0.3099221289157867,-0.4403658509254455,-0.4818207621574402,0.3904010057449341,0.6095989942550659,-0.150670975446701,0.2056530267000198,-0.1432748585939407,-0.082846000790596,-0.1023391783237457,0.261208564043045,-0.1598440557718277,-0.3167641460895538,1.0,0.0,0.0,1.0,0.0,0.0,1.0,0.0,0.0
20260414_134505_905168,3,80,0.9356406331062316,-0.2120682001113891,-0.0295433998193513,14.276276431225533,0.0,-0.0389937704235592,-2.355971932411194,3.556677352554786,0.0954339981935138,0.0,0.02,0.0,0.0,carpet,12345,2458047974,0,0,3,2,2,2,0.7988877892494202,-0.3048089444637298,-0.5212908387184143,-0.5616040825843811,-0.8066931962966919,0.447104662656784,0.8574265241622925,-0.5252864956855774,0.3951127827167511,0.6048871874809265,-0.1740273535251617,-0.4931773841381073,0.1715399622917175,0.2709551751613617,0.0419103316962718,-0.223196879029274,-0.1588694006204605,-0.2621832489967346,1.0,0.0,0.0,1.0,0.0,0.0,1.0,0.0,0.0
20260414_134505_905168,3,81,0.91421377658844,-0.2250662893056869,0.0965210338083371,14.37279746503387,0.1260035395075771,0.2957069020397753,1.299808919429779,2.925682180499429,0.0948250569923997,0.0,0.02,0.0,0.0,carpet,12345,2458047974,0,0,3,2,2,2,-0.96531480550766,-0.7580651044845581,-0.2900643646717071,-0.0010213241912424,-0.8921937346458435,-0.7478610873222351,0.817936360836029,-0.4085088670253753,0.3698617815971374,0.6301382184028625,0.193113163113594,0.4892787635326385,-0.1442495137453079,0.0038986355066299,-0.0847953185439109,-0.4152046740055084,0.2543859779834747,0.5009746551513672,1.0,0.0,0.0,1.0,0.0,0.0,1.0,0.0,0.0
20260414_134505_905168,3,82,0.8830859065055847,-0.2593441605567932,0.4973654226468283,14.870162887680696,0.5275522860551229,1.0787269578074898,3.427787125110626,3.4482722084040844,0.1018686340829462,0.0,0.02,0.0,0.0,carpet,12345,2458047974,0,0,3,2,2,2,0.7024313807487488,-0.6594611406326294,-0.5017842054367065,-1.0,0.3796526193618774,-0.5079940557479858,0.5897752046585083,-0.4352924227714538,0.3837929666042328,0.6162070035934448,0.1634121984243393,-0.2573099434375763,-0.1432748585939407,0.0068226121366024,0.0721247568726539,-0.4444444477558136,-0.0516569204628467,0.5126705765724182,1.0,0.0,0.0,1.0,0.0,0.0,1.0,0.0,0.0
20260414_134505_905168,3,83,0.8387288451194763,-0.2529901564121246,0.2759137985951058,15.146076686275803,0.3077923665327688,0.6501951147388993,-0.6354004144668579,3.550203859829565,0.1187856793766298,0.0,0.02,0.0,0.0,carpet,12345,2458047974,0,0,3,2,2,2,-0.2963689565658569,-0.1345491111278534,-0.3569719195365906,0.7247729301452637,-0.5992276668548584,-0.8229421377182007,0.5302261710166931,-0.4742022454738617,0.4205315709114074,0.5794683694839478,0.0623399727046489,0.4385964870452881,-0.3401559591293335,-0.0370370373129844,-0.3927875161170959,0.2738791406154632,-0.3089668750762939,0.3518518507480621,1.0,0.0,0.0,1.0,0.0,0.0,1.0,0.0,0.0
20260414_134505_905168,3,84,0.9117748737335204,-0.2504508197307586,0.1606108777091711,15.306687563984974,0.1918784200102703,0.4241629190200271,-0.2539336681365967,3.143130406754956,0.1126754230109926,0.0,0.02,0.0,0.0,carpet,12345,2458047974,0,0,3,2,2,2,1.0,-0.5550146102905273,-0.9022318720817566,-0.4317425489425659,0.9055719375610352,0.2580182254314422,0.6016379594802856,-0.5296486020088196,0.4137214124202728,0.5862785577774048,0.0066218464635312,-0.1832358688116073,-0.076998047530651,-0.2153996080160141,0.4366471767425537,-0.3128654956817627,-0.3947368562221527,0.3479532301425934,1.0,0.0,0.0,1.0,0.0,0.0,1.0,0.0,0.0
20260414_134505_905168,3,85,0.9218940138816832,-0.2424772530794143,0.0047080119081924,15.311395575893169,0.0352733451186723,0.118783022981411,-0.7973566651344299,2.5285811461640435,0.1056533321047986,0.0,0.02,0.0,0.0,carpet,12345,2458047974,0,0,3,2,2,2,-0.567129373550415,0.3783783316612243,0.0164361074566841,0.603050947189331,-0.9548633098602296,0.7881320118904114,0.5735880136489868,-0.4383410513401031,0.4109997749328613,0.5890001654624939,0.1320529580116272,0.607212483882904,-0.2699805200099945,-0.331384003162384,-0.2651072144508362,0.4658869504928589,0.0506822615861892,0.3391812741756439,1.0,0.0,0.0,1.0,0.0,0.0,1.0,0.0,0.0
20260414_134505_905168,3,86,0.8535309433937073,-0.3032250702381134,0.767072895854827,16.078468471747993,0.7988629211300184,1.607782696203536,6.074781715869904,4.175357612791139,0.1179002527519146,0.0,0.02,0.0,0.0,carpet,12345,2458047974,0,0,3,2,2,2,-0.8673725724220276,-0.5671802759170532,0.4458152055740356,-0.2003235816955566,0.1753000617027282,0.1951956152915954,-0.205516368150711,-0.4256921708583832,0.4024538099765777,0.5975461602210999,0.1734505146741867,-0.3674463927745819,0.1695906370878219,-0.0370370373129844,0.3304093480110168,-0.5633528232574463,0.4571150243282318,0.3362573087215423,1.0,0.0,0.0,1.0,0.0,0.0,1.0,0.0,0.0
20260414_134505_905168,3,87,0.8284645676612854,-0.2927870154380798,0.4254652483207035,16.503933720068694,0.4589157190522107,0.944885652151811,-1.043805480003357,4.824536362903174,0.1345047073150725,0.0,0.02,0.0,0.0,carpet,12345,2458047974,0,0,3,2,2,2,-0.4750508069992065,0.2435273379087448,-0.7732495665550232,-1.0,0.906029999256134,-0.4234550893306732,-0.1810263395309448,-0.5111459493637085,0.4675626158714294,0.5324373245239258,-0.0257683079689741,-0.4990253448486328,-0.2953216433525085,0.2982456088066101,-0.1461988240480423,0.0994152054190635,0.1228070184588432,-0.1286549717187881,1.0,0.0,0.0,1.0,0.0,0.0,1.0,0.0,0.0
20260414_134505_905168,3,88,0.7797511219978333,-0.2984359860420227,0.3739565714831951,16.87789029155189,0.4101992329294512,0.84988850421243,0.5648970603942871,4.5956979093081145,0.162426614462561,0.0,0.02,0.0,0.0,carpet,12345,2458047974,0,0,3,2,2,2,0.6123318672180176,-0.0088339503854513,-0.6784953474998474,0.4462539255619049,-0.263359934091568,-0.13295379281044,-0.59903883934021,-0.5424789190292358,0.4563752114772796,0.543624758720398,-0.0661320760846138,-0.2807017564773559,0.1881091594696045,-0.3118908405303955,-0.5370370149612427,0.5643274784088135,-0.2037037014961242,-0.1033138409256935,1.0,0.0,0.0,1.0,0.0,0.0,1.0,0.0,0.0
20260414_134505_905168,3,89,0.859325647354126,-0.2980454862117767,0.2602630633240818,17.13815335487597,0.2962327602067555,0.6276538824031732,-0.0390499830245971,4.573156676972388,0.1596969688267371,0.0,0.02,0.0,0.0,carpet,12345,2458047974,0,0,3,2,2,2,0.8326737880706787,0.1113245338201522,-0.0050477939657866,-0.315513402223587,-0.8353033065795898,0.5974891781806946,0.5499296188354492,-0.6033707857131958,0.4624297320842743,0.5375702381134033,-0.1878727525472641,0.3674463927745819,-0.0253411307930946,-0.4288499057292938,0.2797271013259887,-0.136452242732048,-0.0545808970928192,-0.3606237769126892,1.0,0.0,0.0,1.0,0.0,0.0,1.0,0.0,0.0
20260414_134505_905168,3,90,0.720455527305603,-0.2722298204898834,-0.1042171115267055,17.033936243349267,-0.0639237083307441,-0.174651231244951,-2.581566572189331,3.97434252670741,0.2029340319596136,0.0,0.02,0.0,0.0,carpet,12345,2458047974,0,0,3,2,2,2,-0.8454573750495911,0.1120348647236824,-1.0,0.3894689679145813,-0.0647923499345779,-0.4937392771244049,-0.7480670213699341,-0.5039026141166687,0.4620111882686615,0.5379887819290161,0.0906017273664474,0.471734881401062,-0.0029239766299724,-0.0272904485464096,-0.1588694006204605,-0.4385964870452881,0.3362573087215423,0.3099415302276611,1.0,0.0,0.0,1.0,0.0,0.0,1.0,0.0,0.0
20260414_134505_905168,3,91,0.8833872675895691,-0.3170396685600281,0.4435263209726807,17.477462564321947,0.4816706555486682,0.989257778319903,4.480984807014465,4.844817282045902,0.181443345759875,0.0,0.02,0.0,0.0,carpet,12345,2458047974,0,0,3,2,2,2,-0.5634307861328125,0.2316178828477859,0.4118666648864746,-0.6896460056304932,0.7145025730133057,0.3033071458339691,0.7175012230873108,-0.677490234375,0.4343422651290893,0.5656576752662659,-0.2907080054283142,-0.5068225860595703,0.1267056465148925,-0.5126705765724182,0.2417154014110565,-0.0204678364098072,-0.2524366378784179,-0.4502924084663391,1.0,0.0,0.0,1.0,0.0,0.0,1.0,0.0,0.0
20260414_134505_905168,3,92,0.7884131669998169,-0.3038256168365478,0.1457093412912265,17.623171905613173,0.1854318157194461,0.4115920406529199,-1.3214051723480225,3.648626626495286,0.1972247442821958,0.0,0.02,0.0,0.0,carpet,12345,2458047974,0,0,3,2,2,2,-0.5350474119186401,-0.358535498380661,0.3109949231147766,-0.1752942353487014,-0.916920006275177,0.65810626745224,-0.9315388202667236,-0.4738255441188812,0.482368916273117,0.5176310539245605,0.1390779614448547,-0.3996101319789886,0.0877192988991737,0.1306042820215225,-0.4434697926044464,0.3996101319789886,0.0906432718038559,0.4035087823867798,1.0,0.0,0.0,1.0,0.0,0.0,1.0,0.0,0.0
20260414_134505_905168,3,93,0.813368022441864,-0.3311623334884643,0.4430544692215725,18.066226374834745,0.48313433168595,0.9921119467876024,2.7336716651916504,3.6958529211310776,0.2007986246437748,0.0,0.02,0.0,0.0,carpet,12345,2458047974,0,0,3,2,2,2,0.0926468670368194,1.0,-0.398232102394104,-0.6896899938583374,-0.9605438113212584,-0.9624053239822388,0.3078969717025757,-0.5925432443618774,0.4682062268257141,0.5317937135696411,-0.1812766939401626,-0.3235867321491241,-0.223196879029274,0.1890838146209716,-0.0711500942707061,-0.4571150243282318,0.4376218318939209,-0.5555555820465088,1.0,0.0,0.0,1.0,0.0,0.0,1.0,0.0,0.0
20260414_134505_905168,3,94,0.6894410848617554,-0.2820316553115845,-0.2675355015285463,17.7986908733062,-0.2226579458109188,-0.4841829943312916,-4.913067817687988,2.361781422587356,0.2487755571762751,0.0,0.02,0.0,0.0,carpet,12345,2458047974,0,0,3,2,2,2,0.2988258302211761,-0.0042815874330699,-1.0,0.8549054861068726,-0.963599443435669,-0.0815222561359405,-0.9132633209228516,-0.5613496899604797,0.4975054264068603,0.5024945735931396,0.0495871230959892,0.032163742929697,0.5526315569877625,-0.2602339088916778,-0.1959064304828643,-0.4512670636177063,0.1569200754165649,0.206627681851387,1.0,0.0,0.0,1.0,0.0,0.0,1.0,0.0,0.0
20260414_134505_905168,3,95,0.6470314860343933,-0.2920755743980407,-0.0824055084305548,17.716285364875645,-0.0318150095318262,-0.1120392685870612,1.00439190864563,1.6220882715971214,0.3059049889872857,0.0,0.02,0.0,0.0,carpet,12345,2458047974,0,0,3,2,2,2,-0.2392622232437133,-0.3901739120483398,0.978807270526886,0.7508643269538879,-1.0,-1.0,-0.2237811535596847,-0.7162583470344543,0.4448477625846863,0.5551522374153137,-0.2901760339736938,0.1998050659894943,0.064327485859394,-0.5467836260795593,0.528265118598938,-0.5477582812309265,0.0506822615861892,-0.5370370149612427,1.0,0.0,0.0,1.0,0.0,0.0,1.0,0.0,0.0
20260414_134505_905168,3,96,0.6129571199417114,-0.2405398190021515,-0.7457514301700908,16.970533934705553,-0.6781658135064274,-1.372423336337533,-5.153575539588928,0.4243161665045392,0.3683602062736761,0.0636242537349944,0.02,0.007568383349546,0.0,carpet,12345,2458047974,0,0,3,2,2,2,0.3630007803440094,0.4843966066837311,0.7692140936851501,-0.8549083471298218,0.6490635275840759,-1.0,-0.662672221660614,-0.7692703008651733,0.4556126892566681,0.5443872809410095,-0.2240533828735351,-0.161793366074562,-0.2865497171878814,0.3693957030773163,0.441520482301712,-0.5701754093170166,-0.2962962985038757,-0.1169590651988983,1.0,0.0,0.0,1.0,0.0,0.0,1.0,0.0,0.0
20260414_134505_905168,3,97,0.7373014092445374,-0.3679409623146057,0.943718963391615,17.914252898097168,1.0,2.1557110805582127,12.740114331245422,1.5907694687428489,0.3593788855808693,0.0068629610059629,0.02,0.0,0.0,carpet,12345,2458047974,0,0,3,2,2,2,-0.7427659630775452,0.3548678457736969,0.1433618813753128,0.5631752014160156,0.0526374578475952,0.5443709492683411,0.6933547854423523,-0.8118633031845093,0.4003773033618927,0.5996226668357849,-0.3900050520896911,0.1764132529497146,0.068226121366024,0.4074074029922485,-0.5097466111183167,0.3918128609657287,-0.583820641040802,-0.3927875161170959,1.0,0.0,0.0,1.0,0.0,0.0,1.0,0.0,0.0
20260414_134505_905168,3,98,0.7333629131317139,-0.3694643080234527,0.7675569723797075,18.68180987047688,0.8230086939178617,1.6548669531398303,0.1523345708847046,2.83404438122976,0.3545172153815411,0.0,0.02,0.0,0.0,carpet,12345,2458047974,0,0,3,2,2,2,0.2613352239131927,0.4847093820571899,0.5672680735588074,0.9938831925392152,0.2962282299995422,-0.0866076499223709,0.5718407034873962,-0.6564329266548157,0.5369243025779724,0.4630756378173828,0.0018346786964684,-0.4054580926895141,0.2660818696022033,0.0711500942707061,0.1744639426469802,-0.0711500942707061,-0.2553606331348419,0.3908382058143616,1.0,0.0,0.0,1.0,0.0,0.0,1.0,0.0,0.0
20260414_134505_905168,3,99,0.7860504388809204,-0.390306293964386,0.825321654081306,19.507131524558183,0.8780512119888241,1.762199863378207,2.0841985940933228,3.604132297820364,0.3272955790751811,0.0,0.02,0.0,0.0,carpet,12345,2458047974,0,0,3,2,2,2,-0.0560852363705635,-0.1646502465009689,-0.832865297794342,-0.5363258123397827,1.0,0.4497791826725006,0.195543959736824,-0.6613560914993286,0.5385569930076599,0.4614429771900177,-0.0228014420717954,0.0877192988991737,0.2037037014961242,0.1920077949762344,0.1725146174430847,-0.0721247568726539,-0.2534112930297851,0.3401559591293335,1.0,0.0,0.0,1.0,0.0,0.0,1.0,0.0,0.0
20260414_134505_905168,3,100,0.7504538893699646,-0.3848716914653778,0.5301570976704361,20.03728862222862,0.5824537615684354,1.185784835058449,-0.5434602499008179,5.2741001272101045,0.3229666389799933,0.0,0.02,0.0,0.0,carpet,12345,2458047974,0,0,3,2,2,2,0.93488210439682,0.7202794551849365,-0.906720757484436,-0.1699949502944946,0.1982872784137725,-0.8150210976600647,0.1415006071329116,-0.595496654510498,0.5608952045440674,0.4391047656536102,-0.0091767432168126,0.028265107423067,0.0799220278859138,-0.0487329438328743,-0.3372319638729095,0.4814814925193786,-0.0565302148461341,0.0916179344058036,1.0,0.0,0.0,1.0,0.0,0.0,1.0,0.0,0.0
20260414_134505_905168,3,101,0.6871492266654968,-0.369566947221756,0.1794286965853013,20.21671731881392,0.2342153949760458,0.5067200202032893,-1.5304744243621826,5.892859416000455,0.3478669839074447,0.0,0.02,0.0,0.0,carpet,12345,2458047974,0,0,3,2,2,2,0.5768590569496155,0.4935236573219299,-0.6847021579742432,0.7539555430412292,-0.773657500743866,-0.6210195422172546,-0.0830250531435012,-0.639992356300354,0.5550704598426819,0.4449295401573181,-0.0427114777266979,0.567251443862915,0.441520482301712,-0.5214424729347229,-0.0604288503527641,0.1647173464298248,-0.3791423141956329,0.0974658876657486,1.0,0.0,0.0,1.0,0.0,0.0,1.0,0.0,0.0
20260414_134505_905168,3,102,0.6162605881690979,-0.286607950925827,-0.904597639311987,19.312119679501933,-0.8430435344850036,-1.6939348922457569,-8.295899629592896,5.571347860092232,0.4009334693549731,0.0292151578297213,0.02,0.0,0.0,carpet,12345,2458047974,0,0,3,2,2,2,-0.3960781991481781,-0.9796119928359984,0.7213037014007568,0.889514148235321,-1.0,-0.3626188337802887,-1.0,-0.7191231846809387,0.5386670231819153,0.4613329470157623,-0.1329190284013748,0.3732943534851074,0.289473682641983,-0.4113060534000397,0.4727095663547516,-0.3791423141956329,-0.3401559591293335,-0.030214425176382,1.0,0.0,0.0,1.0,0.0,0.0,1.0,0.0,0.0
20260414_134505_905168,3,103,0.8606088161468506,-0.4329673945903778,0.9473095167256858,20.25942919622761,1.0,2.388534922429457,14.635944366455078,5.804171701963476,0.326904832743142,0.0,0.02,0.0,0.0,carpet,12345,2458047974,0,0,3,2,2,2,0.44927778840065,-0.9299706220626832,0.070491261780262,0.2564626038074493,0.8871437311172485,0.9575296640396118,0.3534962832927704,-0.8077338933944702,0.4497525691986084,0.5502473711967468,-0.3839395046234131,-0.2378167659044265,-0.567251443862915,0.4766081869602203,0.5419103503227234,-0.5828459858894348,-0.1803118884563446,-0.5974658727645874,1.0,0.0,0.0,1.0,0.0,0.0,1.0,0.0,0.0
20260414_134505_905168,3,104,0.933115780353546,-0.359263926744461,-0.0453875151492846,20.21404168107833,-0.0006079509363227,-0.0511855043258293,-7.370346784591675,4.098119244497816,0.2477956421296194,0.0,0.02,0.0,0.0,carpet,12345,2458047974,0,0,3,2,2,2,0.90572851896286,0.774724543094635,-0.2203737944364547,0.1341827511787414,-0.0863169804215431,0.332442969083786,0.9033414125442504,-0.5022986531257629,0.6066188216209412,0.3933811485767364,0.156064748764038,0.2826510667800903,-0.5302144289016724,0.1335282623767852,0.1306042820215225,0.2339181303977966,0.2163742631673813,0.1851851791143417,1.0,0.0,0.0,1.0,0.0,0.0,1.0,0.0,0.0
20260414_134505_905168,3,105,0.8865432739257812,-0.4131280779838562,0.6040571739040634,20.8180988549824,0.6452382834566682,1.308214652740503,5.386415123939514,3.644134033860112,0.2118110955260476,0.0,0.02,0.0,0.0,carpet,12345,2458047974,0,0,3,2,2,2,-0.0641233175992965,-0.3586153984069824,0.7357789874076843,0.2087861001491546,-0.8754057288169861,-0.8076059222221375,0.5118834376335144,-0.4116649627685547,0.5276243686676025,0.4723756015300751,0.3334987759590149,0.5038986206054688,-0.0760233923792839,-0.1793372333049774,0.1189083829522132,-0.0019493177533149,0.1998050659894943,0.5321637392044067,1.0,0.0,0.0,1.0,0.0,0.0,1.0,0.0,0.0
20260414_134505_905168,3,106,0.8012652397155762,-0.4168892800807953,0.484129735832693,21.30222859081509,0.525738995886592,1.0751910419788544,0.3761202096939087,3.5335402407805176,0.21609260053899,0.0,0.02,0.0,0.0,carpet,12345,2458047974,0,0,3,2,2,2,-0.562376856803894,0.0241188127547502,0.7556577920913696,0.3846744894981384,-0.0493303574621677,0.955945611000061,-0.9505189061164856,-0.4698805809020996,0.5853553414344788,0.4146446287631988,0.2318287491798401,-0.0692007765173912,-0.2709551751613617,0.3586744666099548,0.1471734941005706,-0.2524366378784179,0.0955165699124336,0.3401559591293335,1.0,0.0,0.0,1.0,0.0,0.0,1.0,0.0,0.0
20260414_134505_905168,3,107,0.7870402932167053,-0.4270890355110168,0.4762114502447496,21.77844004105984,0.518660085763942,1.0613871672396868,1.0199755430221558,4.088207387816915,0.224486355191923,0.0,0.02,0.0,0.0,carpet,12345,2458047974,0,0,3,2,2,2,0.4589475393295288,-0.6298715472221375,-0.7481461763381958,-0.0927013456821441,0.7592900991439819,0.206805795431137,-0.8557057976722717,-0.576478123664856,0.589386522769928,0.4106134474277496,-0.063378244638443,-0.3615984320640564,-0.0565302148461341,0.3557505011558532,0.1871345043182373,-0.064327485859394,0.5653021335601807,-0.5730994343757629,1.0,0.0,0.0,1.0,0.0,0.0,1.0,0.0,0.0
20260414_134505_905168,3,108,0.8538051247596741,-0.4262867271900177,0.3316119662904506,22.11005200735029,0.3722988037973245,0.7759826674047829,-0.0802308320999145,6.558124947467455,0.2068683750687392,0.0,0.02,0.0,0.0,carpet,12345,2458047974,0,0,3,2,2,2,-0.3724075853824615,-0.3467682301998138,-0.5124746561050415,0.4395374357700348,-0.0738782361149787,0.0556954070925712,0.700939416885376,-0.5942592620849609,0.6003184914588928,0.3996814489364624,-0.0895628184080123,0.2962962985038757,-0.3411306142807007,-0.0477582849562168,-0.0419103316962718,0.455165684223175,0.1208577007055282,-0.516569197177887,1.0,0.0,0.0,1.0,0.0,0.0,1.0,0.0,0.0
20260414_134505_905168,3,109,0.8728185892105103,-0.4085447788238525,0.0065792995936128,22.116631306943905,0.045352969948441,0.1384382913994599,-1.774194836616516,4.308028316437458,0.1877367035482813,0.0,0.02,0.0,0.0,carpet,12345,2458047974,0,0,3,2,2,2,0.8506485223770142,-0.7667127847671509,-0.1399895250797271,0.1791311800479889,0.625432014465332,0.139984905719757,0.8677725195884705,-0.51080322265625,0.5994585752487183,0.4005413651466369,0.2155602723360061,-0.1851851791143417,-0.149122804403305,-0.2368421107530594,0.2992202639579773,-0.0155945420265197,0.0194931775331497,0.4161793291568756,1.0,0.0,0.0,1.0,0.0,0.0,1.0,0.0,0.0
20260414_134505_905168,3,110,0.7815904021263123,-0.4106561839580536,0.0142237221110305,22.13085502905493,0.0546737676433945,0.1566138469046194,0.2111405134201049,4.5158276676679066,0.2045004553236402,0.0,0.02,0.0,0.0,carpet,12345,2458047974,0,0,3,2,2,2,1.0,-0.7558502554893494,-0.7382774353027344,0.7859511971473694,1.0,0.7556557059288025,-0.9863370060920716,-0.4870364069938659,0.5804429650306702,0.419556975364685,0.2590613067150116,0.5204678177833557,-0.4629629552364349,-0.0575048737227916,0.1023391783237457,0.3323586881160736,0.0155945420265197,0.4980506896972656,1.0,0.0,0.0,1.0,0.0,0.0,1.0,0.0,0.0
20260414_134505_905168,3,111,0.8539954423904419,-0.4345528781414032,0.3017287834058083,22.43258381246074,0.3409629434677955,0.7148777397622013,2.389669418334961,3.922490754689605,0.1923416006198713,0.0,0.02,0.0,0.0,carpet,12345,2458047974,0,0,3,2,2,2,-0.6695771217346191,0.62105792760849,0.346775621175766,-0.3320310711860657,-0.3117823004722595,0.7565099596977234,-0.134630486369133,-0.6010716557502747,0.5827059149742126,0.4172940254211426,-0.0828604996204376,0.607212483882904,-0.4161793291568756,-0.3606237769126892,0.3791423141956329,0.3557505011558532,0.4005847871303558,-0.5945419073104858,1.0,0.0,0.0,1.0,0.0,0.0,1.0,0.0,0.0
20260414_134505_905168,3,112,0.8181114196777344,-0.4589779078960418,0.5229052860446091,22.95548909850535,0.5624533583013442,1.1467840486876213,2.442502975463867,3.994083761398372,0.195480722567351,0.0,0.02,0.0,0.0,carpet,12345,2458047974,0,0,3,2,2,2,-0.7087172269821167,0.3690133392810821,-0.8120565414428711,0.3117204308509826,1.0,-0.6888067722320557,0.1144794151186943,-0.5105654001235962,0.6083181500434875,0.39168182015419,0.1557694226503372,-0.4376218318939209,0.272904485464096,0.1403508782386779,-0.1842105239629745,-0.1003898605704307,0.5009746551513672,-0.0721247568726539,1.0,0.0,0.0,1.0,0.0,0.0,1.0,0.0,0.0
20260414_134505_905168,3,113,0.7661709785461426,-0.4782218635082245,0.620544876381507,23.57603397488685,0.6621471419591205,1.341186926820285,1.9243955612182613,4.27388352097897,0.2160226557761349,0.0,0.02,0.0,0.0,carpet,12345,2458047974,0,0,3,2,2,2,-0.1617666184902191,-0.777565062046051,0.3666282296180725,-0.207539215683937,-1.0,-0.8220658302307129,-0.1277926713228225,-0.5554203987121582,0.6344965696334839,0.3655033707618713,0.082939900457859,-0.4249512553215027,0.2436647117137909,-0.4356725215911865,0.1686159819364547,0.5964912176132202,-0.3089668750762939,0.078947365283966,1.0,0.0,0.0,1.0,0.0,0.0,1.0,0.0,0.0
20260414_134505_905168,3,114,0.7764059901237488,-0.4805424213409424,0.477118346750612,24.05315232163747,0.5199508415041851,1.063904140933161,0.2320557832717895,4.561804994507348,0.2283249475357308,0.0,0.02,0.0,0.0,carpet,12345,2458047974,0,0,3,2,2,2,-1.0,-0.0957125425338745,-0.8946693539619446,-0.7943525314331055,0.5583810806274414,-0.5493825674057007,0.1190977394580841,-0.620345950126648,0.6551220417022705,0.3448779284954071,0.0110242897644639,-0.0945419073104858,-0.4532163739204407,0.235867440700531,-0.082846000790596,0.4366471767425537,-0.3323586881160736,-0.0487329438328743,1.0,0.0,0.0,1.0,0.0,0.0,1.0,0.0,0.0
20260414_134505_905168,3,115,0.7585700154304504,-0.4723799526691437,0.2344545950307504,24.28760691666822,0.2789058404640511,0.5938663889048996,-0.8162468671798706,5.017233092012788,0.244512454333006,0.0,0.02,0.0,0.0,carpet,12345,2458047974,0,0,3,2,2,2,-0.4082618355751037,0.7220553755760193,-0.9546159505844116,0.908845841884613,1.0,-0.3043266236782074,-0.2542162835597992,-0.607552170753479,0.6576091647148132,0.342390775680542,0.0516152344644069,-0.5906432867050171,-0.0126705653965473,-0.0974658876657486,-0.0994152054190635,0.4356725215911865,-0.3245614171028137,0.0740740746259689,1.0,0.0,0.0,1.0,0.0,0.0,1.0,0.0,0.0
20260414_134505_905168,3,116,0.7455710768699646,-0.4685119390487671,0.1069680922794714,24.39457500894769,0.1531792057278256,0.34869945116926,-0.3868013620376587,5.209318696277428,0.2621111344835427,0.0,0.02,0.0,0.0,carpet,12345,2458047974,0,0,3,2,2,2,-0.6172504425048828,0.8990392088890076,0.3947513699531555,0.5139337778091431,0.601463258266449,0.5179715752601624,-0.7943690419197083,-0.6298471689224243,0.64886075258255,0.3511392176151275,-0.0224219728261232,-0.2456140369176864,0.4356725215911865,-0.6013644933700562,0.4230019450187683,0.5194931626319885,-0.1959064304828643,-0.1549707651138305,1.0,0.0,0.0,1.0,0.0,0.0,1.0,0.0,0.0
20260414_134505_905168,3,117,0.7708122730255127,-0.5066538453102112,0.5509118921185249,24.94548690106621,0.5974729461092542,1.2150722449130456,3.814190626144409,5.709513201428273,0.2656105399072924,0.0,0.02,0.0,0.0,carpet,12345,2458047974,0,0,3,2,2,2,0.4424595236778259,-0.6529300808906555,0.9551144242286682,0.7692528367042542,-0.3165210485458374,-0.044506411999464,-0.221010223031044,-0.646095871925354,0.6447150707244873,0.3552849292755127,-0.1001941338181495,-0.3888888955116272,0.471734881401062,-0.3937621712684631,0.2884990274906158,0.3421052694320678,0.2699805200099945,-0.5107212662696838,1.0,0.0,0.0,1.0,0.0,0.0,1.0,0.0,0.0
20260414_134505_905168,3,118,0.5949883460998535,-0.4269927740097046,-0.5826065675008015,24.362880333565418,-0.5283192814501951,-1.0802225988278806,-7.966107130050659,3.48250655391277,0.3428728605060635,0.0,0.02,0.0,0.0,carpet,12345,2458047974,0,0,3,2,2,2,0.3748317658901214,0.3538786470890045,-0.8461976051330566,1.0,0.8330491185188293,-0.6870923042297363,-0.9753904938697816,-0.6145442724227905,0.6855950951576233,0.3144048452377319,0.0278799310326576,0.2563352882862091,-0.4424951374530792,0.2329434752464294,0.458089679479599,-0.1296296268701553,0.0068226121366024,-0.1208577007055282,1.0,0.0,0.0,1.0,0.0,0.0,1.0,0.0,0.0
20260414_134505_905168,3,119,0.6569348573684692,-0.5580679774284363,0.9422558900819386,25.30513622364736,1.0,2.46671313634738,13.107520341873167,4.608032763439866,0.3774410991806143,0.0,0.02,0.0,0.0,carpet,12345,2458047974,0,0,3,2,2,2,-0.6479344964027405,0.2893945872783661,0.1968162953853607,-0.4987462162971496,-0.8983906507492065,-0.628518283367157,0.5984902381896973,-0.8343242406845093,0.6002153158187866,0.399784654378891,-0.2858507633209228,0.2095516622066497,0.2037037014961242,-0.5243664979934692,0.5526315569877625,0.4522417187690735,-0.3986354768276214,-0.5974658727645874,1.0,0.0,0.0,1.0,0.0,0.0,1.0,0.0,0.0
20260414_134505_905168,3,120,0.5286304950714111,-0.5424613952636719,0.6560444910490146,25.96118071469637,0.7230104093032949,1.4598702981414249,-1.5606582164764404,5.0039989206481295,0.4696591825428017,0.0,0.02,0.0,0.0,carpet,12345,2458047974,0,0,3,2,2,2,-0.6598532199859619,0.4555777013301849,0.8325842618942261,-0.4537208080291748,0.2708838284015655,-0.579369843006134,-0.3476027250289917,-0.7568910717964172,0.7407001256942749,0.2592998147010803,0.087991751730442,-0.4191033244132995,0.1296296268701553,0.1130604296922683,0.0419103316962718,-0.0409356728196144,-0.3421052694320678,0.3869395852088928,1.0,0.0,0.0,1.0,0.0,0.0,1.0,0.0,0.0
20260414_134505_905168,3,121,0.5325206518173218,-0.5505655407905579,0.5654245709887893,26.52660528568516,0.6397468521939581,1.2975063617782183,0.8104145526885986,5.707638893521448,0.5432228120516881,0.0,0.02,0.0,0.0,carpet,12345,2458047974,0,0,3,2,2,2,1.0,0.1521337181329727,-0.1078914180397987,-1.0,0.0054741757921874,-0.6466560363769531,-0.2098682075738906,-0.917271614074707,0.7239732146263123,0.2760267555713653,-0.1867114901542663,-0.4220272898674011,0.1384015530347824,0.3732943534851074,-0.2495126724243164,0.2115009725093841,-0.3255360722541809,-0.2115009725093841,1.0,0.0,0.0,1.0,0.0,0.0,1.0,0.0,0.0
20260414_134505_905168,3,122,0.5953057408332825,-0.5602480173110962,0.5210321946111864,27.04763748029635,0.59753419710109,1.2151916843471255,0.968247652053833,6.574131126699314,0.5650200248990355,0.0,0.02,0.0,0.0,carpet,12345,2458047974,0,0,3,2,2,2,-0.8287160992622375,-0.4945611357688904,-0.5666104555130005,0.749183177947998,-0.9813215732574464,0.6200051307678223,0.2195670753717422,-0.9124088287353516,0.732659101486206,0.2673408687114715,-0.1578720360994339,0.5974658727645874,0.0838206633925437,0.0155945420265197,-0.301169604063034,0.2076023370027542,-0.3401559591293335,-0.1315789520740509,1.0,0.0,0.0,1.0,0.0,0.0,1.0,0.0,0.0
20260414_134505_905168,3,123,0.582832396030426,-0.5724164843559265,0.5188473845841093,27.56648486488045,0.5977463791697951,1.2156054393811004,1.2168467044830322,6.5746643211673685,0.5889899458568586,0.0,0.02,0.0,0.0,carpet,12345,2458047974,0,0,3,2,2,2,0.796340823173523,-0.7795705795288086,0.2697003483772278,0.0460988134145736,-0.196454182267189,-0.5887234807014465,0.8962485790252686,-0.8339275121688843,0.7430367469787598,0.2569632530212402,0.0599412098526954,-0.1900584846735,0.0185185186564922,-0.2202728986740112,0.4873294234275818,-0.5984405279159546,0.3567251563072204,0.1228070184588432,1.0,0.0,0.0,1.0,0.0,0.0,1.0,0.0,0.0
20260414_134505_905168,3,124,0.4904147386550903,-0.5820697546005249,0.479263623197331,28.045748488077788,0.5656594028978376,1.1530358356507833,0.9653270244598388,8.807922755646032,0.6639577970050644,0.0,0.02,0.0,0.0,carpet,12345,2458047974,0,0,3,2,2,2,-0.7882381677627563,0.2627192139625549,0.3299987912178039,-0.4463497996330261,-0.9543928503990172,0.3081920742988586,-0.6994407176971436,-0.8495191335678101,0.7560787200927734,0.2439212501049041,0.1145515963435173,0.4824561476707458,-0.4746588766574859,0.1978557556867599,0.0555555559694767,-0.0721247568726539,-0.3372319638729095,0.5516569018363953,1.0,0.0,0.0,1.0,0.0,0.0,1.0,0.0,0.0
20260414_134505_905168,3,125,0.516373336315155,-0.5579756498336792,0.0183105835767023,28.06405907165449,0.1089355167009992,0.2624242575669484,-2.4094104766845703,6.603633876865601,0.7062493312429681,0.0,0.02,0.0,0.0,carpet,12345,2458047974,0,0,3,2,2,2,-0.9553568959236144,0.7390766143798828,0.6503403782844543,-0.4487001299858093,0.7061529159545898,0.7569198608398438,-0.8352252840995789,-0.9650412797927856,0.7664249539375305,0.2335750162601471,-0.1685722917318344,-0.4775828421115875,0.153021439909935,0.2095516622066497,-0.1169590651988983,-0.3528265058994293,0.2553606331348419,-0.3996101319789886,1.0,0.0,0.0,1.0,0.0,0.0,1.0,0.0,0.0
20260414_134505_905168,3,126,0.5410497784614563,-0.6134164929389954,0.6938115180174663,28.75787058967196,0.7860714209272387,1.5828392708081154,5.544084310531616,6.726602849532291,0.7225990290977234,0.0,0.02,0.0,0.0,carpet,12345,2458047974,0,0,3,2,2,2,0.2152470499277115,-0.6657387614250183,-0.1747012287378311,-0.37720987200737,0.6573224067687988,0.0228099301457405,-0.1545450240373611,-0.9325929880142212,0.7406011819839478,0.2593987584114074,-0.1859230250120163,-0.5964912176132202,0.3576998114585876,0.289473682641983,-0.3333333432674408,0.3196881115436554,0.3966861665248871,-0.5253411531448364,1.0,0.0,0.0,1.0,0.0,0.0,1.0,0.0,0.0
20260414_134505_905168,3,127,0.6154415011405945,-0.5005804896354675,-0.900864422777637,27.85700616689432,-0.8121900664010807,-1.6337706294821075,-11.283600330352783,3.7953258582719656,0.6867435637655631,0.0,0.02,0.0,0.0,carpet,12345,2458047974,0,0,3,2,2,2,0.1174635365605354,0.6745688319206238,-0.322577565908432,-1.0,0.9752827286720276,0.5968940854072571,0.4928628206253052,-0.9017475247383118,0.8000220060348511,0.1999779641628265,-0.0730543732643127,0.1598440557718277,-0.1861598491668701,-0.0038986355066299,-0.2115009725093841,0.3918128609657287,-0.0097465887665748,-0.1003898605704307,1.0,0.0,0.0,1.0,0.0,0.0,1.0,0.0,0.0
20260414_134505_905168,3,128,0.5697759389877319,-0.5661076307296753,0.0971465556173588,27.95415272251168,0.1860772078172349,0.4128505552436081,6.552714109420776,2.992984729168448,0.6893065219987615,0.0,0.02,0.0,0.0,carpet,12345,2458047974,0,0,3,2,2,2,0.8265362977981567,0.9767780900001526,-0.086548276245594,-0.5400632619857788,0.7782236933708191,-0.4166402518749237,0.7221453785896301,-0.8087577819824219,0.6790857315063477,0.3209142088890075,0.1919215023517608,0.0565302148461341,0.3830409348011017,-0.2144249528646469,-0.6159843802452087,0.5779727101325989,0.3625730872154236,0.2982456088066101,1.0,0.0,0.0,1.0,0.0,0.0,1.0,0.0,0.0
20260414_134505_905168,3,129,0.5234904289245605,-0.6038703322410583,0.5251698203828609,28.47932254289454,0.6172848483165552,1.2537054542172823,3.7762701511383057,3.0310847440046302,0.7211502793369433,0.0,0.02,0.0,0.0,carpet,12345,2458047974,0,0,3,2,2,2,0.6147184371948242,-0.2936989068984985,-0.2950387299060821,-0.3547623455524444,-1.0,-0.3428022563457489,0.8364044427871704,-0.8658397793769836,0.7493169903755188,0.2506830096244812,0.1496485024690628,0.4814814925193786,0.4502924084663391,-0.1861598491668701,-0.3450292348861694,0.5029239654541016,-0.2475633472204208,0.446393758058548,1.0,0.0,0.0,1.0,0.0,0.0,1.0,0.0,0.0
20260414_134505_905168,3,130,0.6269261240959167,-0.541628360748291,-0.3779773958915977,28.10134514700294,-0.2901385623878022,-0.6157701966562144,-6.224197149276733,1.2622787116976326,0.6783883350379549,0.0,0.02,0.0,0.0,carpet,12345,2458047974,0,0,3,2,2,2,0.6519364714622498,0.022100493311882,-0.4455994963645935,-0.2203637957572937,0.7529621720314026,0.7612582445144653,0.4859057068824768,-0.9236966371536256,0.7897905707359314,0.2102094292640686,0.1287410110235214,0.4522417187690735,0.1120857670903205,-0.1393762230873108,-0.1588694006204605,-0.0087719298899173,-0.1832358688116073,0.5214424729347229,1.0,0.0,0.0,1.0,0.0,0.0,1.0,0.0,0.0
20260414_134505_905168,3,131,0.577435314655304,-0.5897094011306763,0.2661315828324885,28.36747672983543,0.3539478779833164,0.740198362067467,4.808104038238525,1.7400528161981512,0.6781629515082783,0.0,0.02,0.0,0.0,carpet,12345,2458047974,0,0,3,2,2,2,0.7897492051124573,0.0436452515423297,0.9632445573806764,0.7945147156715393,-0.4153782427310943,0.0983798876404762,0.6578792929649353,-0.794402003288269,0.7230803966522217,0.2769196331501007,0.1994003802537918,0.4502924084663391,0.1091617941856384,-0.2446393817663192,-0.1588694006204605,0.401559442281723,0.4093567132949829,0.2699805200099945,1.0,0.0,0.0,1.0,0.0,0.0,1.0,0.0,0.0
20260414_134505_905168,3,132,0.6021860241889954,-0.5695567727088928,-0.1147024950321109,28.25277423480332,0.0006836210287242,0.0513330610060123,-2.0152628421783447,0.2085466063960481,0.6624077670043999,0.0,0.02,0.0291453393603951,0.0,carpet,12345,2458047974,0,0,3,2,2,2,-0.3428816795349121,0.7387316226959229,0.2559441924095154,-0.5223379731178284,0.8897415399551392,0.114762082695961,0.939952313899994,-0.8562655448913574,0.774613082408905,0.2253869324922561,0.1474063247442245,0.4561403393745422,-0.0380116961896419,0.1773879081010818,0.4571150243282318,-0.2846003770828247,0.0526315793395042,0.401559442281723,1.0,0.0,0.0,1.0,0.0,0.0,1.0,0.0,0.0
20260414_134505_905168,3,133,0.5882031917572021,-0.5491302013397217,-0.3024364453351982,27.95033778946812,-0.2164946094742398,-0.4721644884747675,-2.0426571369171143,1.370152747403388,0.6594183586095841,0.0,0.02,0.0,0.0,carpet,12345,2458047974,0,0,3,2,2,2,-0.7801482677459717,0.103250578045845,-0.8156260251998901,0.8096627593040466,0.944969117641449,-0.4404447972774505,0.0423881150782108,-0.8253270983695984,0.7530136704444885,0.2469862699508667,0.215627983212471,-0.2183235883712768,0.4337232112884521,0.1403508782386779,-0.3489278852939605,0.4863547682762146,0.0419103316962718,0.5536062121391296,1.0,0.0,0.0,1.0,0.0,0.0,1.0,0.0,0.0
20260414_134505_905168,3,134,0.5766342282295227,-0.5901426076889038,0.2321158467579197,28.182453636226043,0.3185573294222952,0.6711867923734758,4.101240634918213,1.6284889845332555,0.664414826643755,0.0,0.02,0.0,0.0,carpet,12345,2458047974,0,0,3,2,2,2,0.6797347068786621,0.8604943156242371,0.151032269001007,1.0,-1.0,0.1725177466869354,0.3918938636779785,-0.8428056836128235,0.731120765209198,0.2688792049884796,-0.0090644964948296,-0.4327485263347626,0.1423001885414123,-0.4230019450187683,0.4961013793945312,0.5516569018363953,-0.2884990274906158,0.0097465887665748,1.0,0.0,0.0,1.0,0.0,0.0,1.0,0.0,0.0
20260414_134505_905168,3,135,0.5287507176399231,-0.6428020000457764,0.817765943111953,29.000219579338,0.9076281554881646,1.8198749032019208,5.265939235687256,2.194658433517894,0.6986221237621145,0.0,0.02,0.0,0.0,carpet,12345,2458047974,0,0,3,2,2,2,0.4970796406269073,0.2283483445644378,0.78703773021698,-0.9773263931274414,-0.5606430768966675,-0.2119642943143844,0.5514639019966125,-0.857266902923584,0.7750773429870605,0.224922627210617,0.1166779994964599,0.3918128609657287,0.2719298303127289,-0.0838206633925437,0.6189084053039551,-0.6091617941856384,0.1539960950613021,0.2534112930297851,1.0,0.0,0.0,1.0,0.0,0.0,1.0,0.0,0.0
20260414_134505_905168,3,136,0.5619959235191345,-0.6477914452552795,0.6479548943071454,29.648174473645145,0.7382781064815505,1.4896423076390235,0.4989445209503174,4.300070937813132,0.7032321217440511,0.0,0.02,0.0,0.0,carpet,12345,2458047974,0,0,3,2,2,2,-0.2269085198640823,-0.0872224196791648,-0.4703893661499023,0.3220569789409637,0.4530572891235351,-0.0687489509582519,-0.336353600025177,-0.9171212911605836,0.8315170407295227,0.1684829443693161,0.1346733272075653,0.2884990274906158,0.0886939540505409,0.4668616056442261,-0.219298243522644,-0.2670565247535705,-0.0945419073104858,0.3440545797348022,1.0,0.0,0.0,1.0,0.0,0.0,1.0,0.0,0.0
20260414_134505_905168,3,137,0.5260720252990723,-0.5856480002403259,-0.2911425507608274,29.35703192288432,-0.1981304587920895,-0.4363543946445745,-6.214344501495361,3.1235181811010904,0.7301209196873797,0.0,0.02,0.0,0.0,carpet,12345,2458047974,0,0,3,2,2,2,-0.8083714246749878,0.9793878793716432,0.1042496487498283,-0.9432729482650756,-0.8392834663391113,0.6476951241493225,0.7502391934394836,-0.8755647540092468,0.836864709854126,0.163135290145874,-0.0882068127393722,-0.1111111119389534,0.066276803612709,-0.0877192988991737,0.206627681851387,0.2748537957668304,-0.0555555559694767,-0.2173489332199096,1.0,0.0,0.0,1.0,0.0,0.0,1.0,0.0,0.0
20260414_134505_905168,3,138,0.5230804681777954,-0.6371337175369263,0.3713422984959744,29.72837422138029,0.4666036597085022,0.9598771364315796,5.148571729660034,4.0320622565266575,0.7526136121252777,0.0,0.02,0.0,0.0,carpet,12345,2458047974,0,0,3,2,2,2,0.5605430603027344,-0.5577965378761292,0.605293869972229,-0.350586473941803,0.0095848310738801,0.7376638650894165,0.4159248769283294,-0.9204696416854858,0.7702600955963135,0.2297398895025253,0.2006240487098693,-0.4980506896972656,0.5877193212509155,0.0838206633925437,-0.3089668750762939,-0.4064327478408813,0.4181286692619324,0.4668616056442261,1.0,0.0,0.0,1.0,0.0,0.0,1.0,0.0,0.0
20260414_134505_905168,3,139,0.4815609455108642,-0.6586846709251404,0.5200385320540117,30.2484127534343,0.6198367625789944,1.2586816870290392,2.155095338821411,5.762908432030464,0.7979823052498268,0.0,0.02,0.0,0.0,carpet,12345,2458047974,0,0,3,2,2,2,-0.686604380607605,-0.5637819766998291,-0.1648066639900207,-0.3242602944374084,-0.5745282173156738,0.4767942726612091,-0.41508948802948,-0.9242089986801147,0.8254418969154358,0.1745581179857254,0.1394988596439361,0.3625730872154236,-0.2514619827270508,0.4005847871303558,-0.2095516622066497,-0.0204678364098072,0.4346978664398193,0.2436647117137909,1.0,0.0,0.0,1.0,0.0,0.0,1.0,0.0,0.0
20260414_134505_905168,3,140,0.4393658339977264,-0.6281482577323914,-0.039301683618914,30.20911106981539,0.0669748386938719,0.1806009354530502,-3.0536413192749023,5.272322575110039,0.8627652231278591,0.0,0.02,0.0,0.0,carpet,12345,2458047974,0,0,3,2,2,2,-0.0069065704010427,0.25239959359169,0.6495158672332764,-0.9155933260917664,0.95709490776062,-0.1358906775712967,-0.792283833026886,-0.9761085510253906,0.8485399484634399,0.1514600366353988,-0.0174940638244152,-0.3547758162021637,-0.2446393817663192,0.3888888955116272,-0.1179337203502655,-0.261208564043045,0.3966861665248871,-0.2456140369176864,1.0,0.0,0.0,1.0,0.0,0.0,1.0,0.0,0.0
20260414_134505_905168,3,141,0.5495241284370422,-0.6305667161941528,-0.0285571296812217,30.180553940134168,0.0748267503250391,0.1959121631338263,0.2418458461761474,3.648359835041944,0.8338388000626087,0.0,0.02,0.0,0.0,carpet,12345,2458047974,0,0,3,2,2,2,0.5262793302536011,-0.0266113132238388,0.5829474329948425,0.0200687516480684,-0.6293073296546936,0.8864407539367676,0.5769037008285522,-1.0,0.8158113956451416,0.1841886043548584,-0.2269884794950485,-0.0155945420265197,0.0974658876657486,0.3518518507480621,-0.5604288578033447,0.6042885184288025,-0.0916179344058036,-0.4902534186840057,1.0,0.0,0.0,1.0,0.0,0.0,1.0,0.0,0.0
20260414_134505_905168,3,142,0.4858429133892059,-0.6747791171073914,0.5108132937064299,30.6913672338406,0.6165354590673484,1.252244145181329,4.4212400913238525,3.41096167258425,0.8572216536091846,0.0,0.02,0.0,0.0,carpet,12345,2458047974,0,0,3,2,2,2,0.4610165655612945,0.6997680068016052,0.9629170894622804,-0.4046346843242645,-0.7279757857322693,-0.1401567012071609,0.2418749183416366,-0.8911544680595398,0.818403422832489,0.1815965473651886,0.1997179836034774,0.3021442592144012,-0.0389863550662994,0.3274853825569153,0.0068226121366024,-0.3918128609657287,0.5428850054740906,0.3557505011558532,1.0,0.0,0.0,1.0,0.0,0.0,1.0,0.0,0.0
20260414_134505_905168,3,143,0.5713778138160706,-0.6050016283988953,-0.4887605685067976,30.2026066653338,-0.3873097993981557,-0.8052541088264036,-6.977748870849609,3.042061958402421,0.8145076910864196,0.0,0.02,0.0,0.0,carpet,12345,2458047974,0,0,3,2,2,2,-0.823151171207428,0.901165008544922,0.3967489302158355,-0.201007455587387,-0.418683797121048,0.6112259030342102,0.9509222507476808,-0.9707560539245604,0.8657897710800171,0.1342102140188217,0.0206460542976856,0.2709551751613617,0.3684210479259491,0.5126705765724182,-0.2076023370027542,-0.3830409348011017,-0.0116959065198898,0.1588694006204605,1.0,0.0,0.0,1.0,0.0,0.0,1.0,0.0,0.0
20260414_134505_905168,3,144,0.4362828731536865,-0.6262786388397217,-0.1190753768638107,30.083531288469988,-0.0112899079995601,-0.0720153205991422,2.1277010440826416,2.010169501371699,0.877854688642506,0.0,0.02,0.0,0.0,carpet,12345,2458047974,0,0,3,2,2,2,-0.6559702157974243,-0.7211992740631104,0.4752808809280395,0.2742041051387787,-0.7099300622940063,-0.807226836681366,-0.5573776364326477,-0.8638374209403992,0.7910030484199524,0.2089968919754028,0.2344322949647903,-0.4444444477558136,0.5984405279159546,0.2602339088916778,-0.1237816736102104,-0.2826510667800903,0.3654970824718475,0.5721247792243958,1.0,0.0,0.0,1.0,0.0,0.0,1.0,0.0,0.0
20260414_134505_905168,3,145,0.487432599067688,-0.6804606318473816,0.5323589528252723,30.61589024129526,0.6413017101241795,1.30053833474215,5.418199300765991,2.05202614908481,0.889427572989071,0.0,0.02,0.0,0.0,carpet,12345,2458047974,0,0,3,2,2,2,0.2700349986553192,-1.0,-0.7013733386993408,0.5278647541999817,-0.2418934106826782,-0.3032762706279754,0.6430209279060364,-1.0,0.813807487487793,0.1861924529075622,-0.2447357028722763,-0.3840155899524688,0.2709551751613617,0.3499025404453277,0.2436647117137909,-0.3450292348861694,-0.2875243723392486,-0.3294346928596496,1.0,0.0,0.0,1.0,0.0,0.0,1.0,0.0,0.0
20260414_134505_905168,3,146,0.4879789054393768,-0.6804117560386658,0.3641635380501015,30.98005377934536,0.4739394132506195,0.974181855838708,-0.004887580871582,2.845607069470468,0.8977587520051793,0.0,0.02,0.0,0.0,carpet,12345,2458047974,0,0,3,2,2,2,-0.459000676870346,-0.5282589197158813,-0.4932493269443512,0.8466119766235352,0.0314602702856063,0.5532404780387878,-0.5971890091896057,-0.9687688946723938,0.8718791604042053,0.1281208246946334,0.077512539923191,0.1861598491668701,-0.0555555559694767,0.2495126724243164,0.3440545797348022,-0.1481481492519378,-0.202729046344757,0.3908382058143616,1.0,0.0,0.0,1.0,0.0,0.0,1.0,0.0,0.0
20260414_134505_905168,3,147,0.4245449304580688,-0.582264244556427,-0.9730773555333044,30.006976423812056,-0.8579750744497119,-1.7230513951769382,-9.814751148223875,0.9266435111597032,0.9510228108359248,0.0,0.02,0.0,0.0,carpet,12345,2458047974,0,0,3,2,2,2,-0.8383992910385132,-0.0729804411530494,0.2260462641716003,0.6200729608535767,0.79195636510849,-0.906305968761444,-0.5367091298103333,-0.9680860638618468,0.8718267679214478,0.1281732320785522,0.0748347267508506,-0.19395712018013,-0.0526315793395042,0.1929824501276016,0.4922027289867401,-0.0175438597798347,0.2933723330497741,-0.3801169693470001,1.0,0.0,0.0,1.0,0.0,0.0,1.0,0.0,0.0
20260414_134505_905168,3,148,0.5698627233505249,-0.592263400554657,-0.667253572946592,29.339722850865463,-0.5088767417574142,-1.0423096464269577,0.999915599822998,-1.3679102804485836,0.8837683118917778,0.0,0.02,0.05,0.0,carpet,12345,2458047974,0,0,3,2,2,2,-0.722926676273346,-0.7397903203964233,-0.8721486330032349,0.5710113048553467,0.97191721200943,0.7944048047065735,0.2007787674665451,-1.0,0.7666334509849548,0.2333665490150451,-0.2124888449907302,-0.483430802822113,0.0097465887665748,0.1822612136602401,0.3791423141956329,0.4785574972629547,-0.5653021335601807,-0.3333333432674408,1.0,0.0,0.0,1.0,0.0,0.0,1.0,0.0,0.0
20260414_134505_905168,3,149,0.5672669410705566,-0.5539299845695496,-1.0203784832992782,28.319344367566185,-0.8667013509989214,-1.7400676344478967,-3.833341598510742,-2.3027238060700768,0.8367713230035675,0.0,0.02,0.05,0.0,carpet,12345,2458047974,0,0,3,2,2,2,-0.5099332332611084,0.3189349770545959,-0.763920783996582,-0.2738448679447174,0.9888827800750732,-0.7123643159866333,0.4103630781173706,-0.8657312393188477,0.7773504257202148,0.2226495593786239,0.159163236618042,-0.4395711421966553,0.0097465887665748,0.0350877195596694,0.3031189143657684,0.5175438523292542,0.1676413267850875,0.0984405428171157,1.0,0.0,0.0,1.0,0.0,0.0,1.0,0.0,0.0
20260414_134505_905168,3,150,0.5706027746200562,-0.5554301142692566,-0.7743902568741068,27.54495411069208,-0.6243833247914103,-1.2675474833432503,0.1500129699707031,-3.4982559688141848,0.8000693208269634,0.0,0.02,0.05,0.0,carpet,12345,2458047974,0,0,3,2,2,2,0.8036226034164429,-0.8296099305152893,-0.1207711547613143,0.7659118175506592,0.5488168597221375,0.739244282245636,0.045150239020586,-0.8689759969711304,0.7362651228904724,0.2637348771095276,0.2036576569080352,-0.3157894611358642,0.235867440700531,-0.2212475687265396,-0.064327485859394,0.7017543911933899,-0.2758284509181976,0.261208564043045,1.0,0.0,0.0,1.0,0.0,0.0,1.0,0.0,0.0
20260414_134505_905168,3,151,0.5768462419509888,-0.5300136804580688,-0.9354695711833978,26.60948453950868,-0.7877289527113476,-1.5860714577871278,-2.5416433811187744,-6.384865761343463,0.7688659623846837,0.0170804446716344,0.02,0.05,0.0,carpet,12345,2458047974,0,0,3,2,2,2,-0.3208822607994079,0.7715288996696472,0.1356114149093628,-0.6090148091316223,0.7534500956535339,-0.136454164981842,0.8691225647926331,-0.8648061752319336,0.7378728985786438,0.2621270716190338,0.1743575781583786,0.5038986206054688,-0.301169604063034,-0.0165692009031772,0.4532163739204407,0.2797271013259887,0.3888888955116272,0.0077972710132598,1.0,0.0,0.0,1.0,0.0,0.0,1.0,0.0,0.0
20260414_134505_905168,3,152,0.4493097066879272,-0.5552763342857361,-0.4138066934494268,26.19567784605925,-0.260506280845471,-0.5579872476486685,2.526265382766724,-7.917034864830839,0.8330041260395575,0.0,0.02,0.05,0.0,carpet,12345,2458047974,0,0,3,2,2,2,-0.0153974629938602,0.2055460959672927,0.0484510585665702,1.0,0.0041242446750402,-0.3406630456447601,-0.9403998851776124,-0.8570019006729126,0.7106319069862366,0.289368063211441,0.3340190351009369,-0.2124756276607513,0.4775828421115875,0.0886939540505409,-0.334307998418808,0.5097466111183167,-0.0584795325994491,0.539961040019989,1.0,0.0,0.0,1.0,0.0,0.0,1.0,0.0,0.0
20260414_134505_905168,3,153,0.4966706931591034,-0.6203052401542664,0.4385628636640528,26.634240709723308,0.5934524158855157,1.2072322109767557,6.502890586853027,-4.986751258677145,0.8488955222146277,0.0,0.02,0.05,0.0,carpet,12345,2458047974,0,0,3,2,2,2,0.8007258772850037,-0.4420082569122314,-0.8108197450637817,-0.0802748426795005,0.0139333568513393,-0.6919596791267395,0.4945718944072723,-1.0,0.7377081513404846,0.2622918784618377,-0.2255965918302536,-0.0087719298899173,0.1228070184588432,0.034113060683012,0.6208577156066895,0.0097465887665748,-0.1998050659894943,-0.5857699513435364,1.0,0.0,0.0,1.0,0.0,0.0,1.0,0.0,0.0
20260414_134505_905168,3,154,0.5021817684173584,-0.5821211338043213,-0.155698366013869,26.47854234370944,0.0,-0.0491785005160636,-3.818410634994507,-3.9936201127662514,0.8569836601386905,0.0,0.02,0.05,0.0,carpet,12345,2458047974,0,0,3,2,2,2,-0.0981168374419212,-0.7093364000320435,-0.556552529335022,0.7281747460365295,0.9130165576934814,-0.940979540348053,0.9157870411872864,-0.9572213292121888,0.8074053525924683,0.1925946623086929,0.1150774136185646,0.5009746551513672,-0.2105263173580169,-0.0555555559694767,0.511695921421051,0.0672514587640762,-0.3947368562221527,0.3167641460895538,1.0,0.0,0.0,1.0,0.0,0.0,1.0,0.0,0.0
20260414_134505_905168,3,155,0.470037043094635,-0.6472452878952026,0.6317492839839258,27.110291627693364,0.7903692189153774,1.591219976884986,6.512415409088135,-0.6623325014333687,0.8861993493145145,0.0,0.02,0.05,0.0,carpet,12345,2458047974,0,0,3,2,2,2,-0.0984552502632141,0.1526574045419693,-0.4938981235027313,0.341073215007782,-0.9154230952262878,-0.0944443345069885,-0.4466707706451416,-0.9503324627876282,0.766480028629303,0.2335199415683746,0.1591313779354095,-0.0487329438328743,-0.2124756276607513,-0.2134502977132797,0.4454191029071808,0.538986325263977,-0.5916179418563843,0.5497075915336609,1.0,0.0,0.0,1.0,0.0,0.0,1.0,0.0,0.0
20260414_134505_905168,3,156,0.4979602396488189,-0.5977636575698853,-0.1088075445883703,27.001484083104994,0.0,-0.0436257754691951,-4.948163032531738,0.5615892064406864,0.8880754458837031,0.0,0.02,0.0,0.0,carpet,12345,2458047974,0,0,3,2,2,2,-0.477446585893631,0.6337900757789612,0.1613470762968063,-1.0,0.0814376026391983,0.7230738997459412,0.6592991948127747,-0.9905134439468384,0.8362793326377869,0.1637206971645355,0.0040052467957139,-0.076998047530651,0.0847953185439109,-0.2807017564773559,0.3450292348861694,0.1637426912784576,0.0146198831498622,-0.2446393817663192,1.0,0.0,0.0,1.0,0.0,0.0,1.0,0.0,0.0
20260414_134505_905168,3,157,0.442540556192398,-0.6821659803390503,0.8869855946198104,27.888469677724807,1.0,2.0773387376272296,8.440232276916504,4.224999401855044,0.9301440538018956,0.0,0.02,0.0,0.0,carpet,12345,2458047974,0,0,3,2,2,2,-1.0,0.5980682373046875,-0.5791369080543518,-0.2170738875865936,0.6637269854545593,-0.3531331717967987,-0.578892707824707,-0.9556093215942384,0.7832455635070801,0.2167544513940811,0.2864984571933746,-0.2855750620365143,0.4122807085514068,0.1247563362121582,-0.539961040019989,0.082846000790596,0.4561403393745422,0.4035087823867798,1.0,0.0,0.0,1.0,0.0,0.0,1.0,0.0,0.0
20260414_134505_905168,3,158,0.442540556192398,-0.6821659803390503,0.6571019761511098,28.54557165387592,0.7733354119079124,1.5580040532204291,0.0,6.340990702724142,0.9623343575680268,0.0,0.02,0.0,0.0,carpet,12345,2458047974,0,0,3,2,2,2,0.301556646823883,0.1509147584438324,0.3656936585903168,0.3225904405117035,-0.4609661400318146,0.0636844113469123,-0.6174542307853699,-1.0,0.8737069368362427,0.1262930780649185,0.0416139885783195,-0.5964912176132202,0.4152046740055084,-0.2592592537403106,-0.0575048737227916,0.4775828421115875,-0.1744639426469802,-0.3547758162021637,1.0,0.0,0.0,1.0,0.0,0.0,1.0,0.0,0.0
20260414_134505_905168,3,159,0.4151315093040466,-0.6879400610923767,0.5276179788453755,29.07318963272129,0.6476179788453755,1.3128550587484824,0.5774080753326416,6.446613550495869,1.0,0.0,0.02,0.0,0.0,carpet,12345,2458047974,0,0,3,2,2,2,-0.4353431165218353,0.0658580064773559,-0.5628120303153992,0.5911089777946472,0.6021524667739868,-0.549753725528717,0.3380028307437897,-1.0,0.8737069368362427,0.1262930780649185,0.0416139885783195,0.1744639426469802,0.0974658876657486,0.2348927855491638,0.2397660762071609,-0.2124756276607513,0.066276803612709,-0.3693957030773163,1.0,0.0,0.0,1.0,0.0,0.0,1.0,0.0,0.0
20260414_134505_905168,3,160,0.4151315093040466,-0.6879400610923767,0.3593032277237752,29.432492860445063,0.4793032277237752,0.9846412940613618,0.0,7.480433345073294,1.0,0.0,0.02,0.0,0.0,carpet,12345,2458047974,0,0,3,2,2,2,-0.1335235983133316,0.3510478436946869,-0.3620086908340454,0.454929918050766,0.066227413713932,0.1392305046319961,-0.5318302512168884,-1.0,0.8798955082893372,0.1201044842600822,0.0222238190472126,-0.2115009725093841,0.1101364493370056,-0.2456140369176864,0.3703703582286834,0.359649121761322,-0.359649121761322,0.1998050659894943,1.0,0.0,0.0,1.0,0.0,0.0,1.0,0.0,0.0
20260414_134505_905168,3,161,0.4106609523296356,-0.7127189040184021,0.550744637793157,29.983237498238225,0.670744637793157,1.357952043696656,2.477884292602539,7.247165411884964,1.0,0.0,0.02,0.0,0.0,carpet,12345,2458047974,0,0,3,2,2,2,-0.4533986449241638,0.9157124757766724,-0.6031056046485901,-0.5938680171966553,-0.8028333187103271,-0.949920654296875,0.6695327758789062,-1.0,0.8798955082893372,0.1201044842600822,0.0222238190472126,-0.1111111119389534,0.2037037014961242,-0.2134502977132797,0.3304093480110168,0.0633528232574462,0.0955165699124336,-0.334307998418808,1.0,0.0,0.0,1.0,0.0,0.0,1.0,0.0,0.0
20260414_134505_905168,3,162,0.3390744626522064,-0.7158171534538269,0.4163693685426179,30.399606866780843,0.536369368542618,1.095920268658105,0.3098249435424804,8.386711456012264,1.0,0.0,0.02,0.0,0.0,carpet,12345,2458047974,0,0,3,2,2,2,0.9119598865509032,0.4806357324123382,1.0,-0.4801977574825287,0.0139645123854279,0.3092539310455322,-0.2893595397472381,-1.0,0.9064531326293944,0.0935468450188636,0.1024899333715438,-0.2777777910232544,0.5740740895271301,-0.3265107274055481,0.1101364493370056,0.0214424952864646,-0.4707602262496948,0.4327485263347626,1.0,0.0,0.0,1.0,0.0,0.0,1.0,0.0,0.0
20260414_134505_905168,3,163,0.3641726076602936,-0.757785975933075,0.8139285966537388,31.21353546343458,0.9339285966537388,1.8711607634747909,4.196882247924805,8.180533481859825,1.0,0.0,0.02,0.0,0.0,carpet,12345,2458047974,0,0,3,2,2,2,-0.8562473654747009,-0.6595582365989685,-0.9696268439292908,-0.3468843698501587,0.7260838747024536,-0.5790092945098877,0.7110452651977539,-1.0,0.909773886203766,0.0902261286973953,0.1115923076868057,0.5497075915336609,0.2241715341806411,0.5233917832374573,-0.3138401508331299,0.0029239766299724,0.1812865436077118,-0.1812865436077118,1.0,0.0,0.0,1.0,0.0,0.0,1.0,0.0,0.0
20260414_134505_905168,3,164,0.3465385138988495,-0.7240607142448425,0.141661041230914,31.355196504665496,0.261661041230914,0.5602390304002824,-3.372526168823242,7.182768459039679,1.0,0.0,0.02,0.0,0.0,carpet,12345,2458047974,0,0,3,2,2,2,-0.3002864718437195,0.825628936290741,0.255447119474411,0.3509963452816009,0.6151593327522278,-0.5497025847434998,1.0,-1.0,0.9547554850578308,0.0452445112168788,-0.0257161147892475,-0.4152046740055084,0.1276803165674209,-0.0165692009031772,-0.1949317753314972,0.446393758058548,-0.3820662796497345,0.4278752505779266,1.0,0.0,0.0,1.0,0.0,0.0,1.0,0.0,0.0
20260414_134505_905168,3,165,0.3466615676879883,-0.7242123484611511,0.0717795529271346,31.42697605759264,0.1917795529271346,0.4239701282079124,0.0151634216308593,6.293883528499109,1.0,0.0,0.02,0.0,0.0,carpet,12345,2458047974,0,0,3,2,2,2,0.8887869715690613,-0.8130375146865845,0.6943914890289307,-0.9227812886238098,-0.2876289784908294,-0.1029892787337303,0.5681377649307251,-1.0,0.9186092019081116,0.0813907757401466,0.0880900472402572,-0.1861598491668701,0.429824560880661,0.0516569204628467,0.1549707651138305,0.3304093480110168,-0.3567251563072204,0.5925925970077515,1.0,0.0,0.0,1.0,0.0,0.0,1.0,0.0,0.0
20260414_134505_905168,3,166,0.3152068555355072,-0.7471742033958435,0.3118071638580774,31.73878322145071,0.4318071638580774,0.892023969523251,2.2961854934692383,6.201266203960998,1.0,0.0,0.02,0.0,0.0,carpet,12345,2458047974,0,0,3,2,2,2,-0.5934320092201233,-0.5776261687278748,0.951938271522522,1.0,0.0840614885091781,0.7701100707054138,-0.0909349471330642,-1.0,0.9187716841697692,0.0812283009290695,0.0886920616030693,0.5575048923492432,-0.4278752505779266,0.4863547682762146,-0.3109161853790283,-0.0847953185439109,-0.0175438597798347,0.3567251563072204,1.0,0.0,0.0,1.0,0.0,0.0,1.0,0.0,0.0
20260414_134505_905168,3,167,0.4143663346767425,-0.7678647041320801,0.462707946435049,32.20149116788576,0.582707946435049,1.1862804955483457,2.069050073623657,6.029594655812687,1.0,0.0,0.02,0.0,0.0,carpet,12345,2458047974,0,0,3,2,2,2,0.452252447605133,-0.0799615234136581,0.3011699914932251,-0.6525614857673645,0.4173199236392975,-0.6956744194030762,0.4953411519527435,-1.0,0.94338196516037,0.0566180273890495,0.0038428548723459,-0.3528265058994293,-0.3625730872154236,0.5370370149612427,0.3635477721691131,-0.0428849905729293,0.3957115113735199,-0.0906432718038559,1.0,0.0,0.0,1.0,0.0,0.0,1.0,0.0,0.0
20260414_134505_905168,3,168,0.388216882944107,-0.7887230515480042,0.578035413876599,32.779526581762354,0.698035413876599,1.411169057059368,2.0858347415924072,6.34484344421395,1.0,0.0,0.02,0.0,0.0,carpet,12345,2458047974,0,0,3,2,2,2,0.9207425713539124,0.2556774914264679,0.1451395899057388,-0.8337523937225342,-0.8156726956367493,0.5534130930900574,-0.8485016226768494,-1.0,0.9655577540397644,0.0344422422349453,0.1002362892031669,0.2290448397397995,-0.0906432718038559,0.2076023370027542,-0.2573099434375763,0.3586744666099548,-0.2846003770828247,0.3216374218463897,1.0,0.0,0.0,1.0,0.0,0.0,1.0,0.0,0.0
20260414_134505_905168,3,169,0.388216882944107,-0.7887230515480042,0.3971163039971892,33.17664288575954,0.5171163039971892,1.058376792794519,0.0,5.532059473533678,1.0,0.0,0.02,0.0,0.0,carpet,12345,2458047974,0,0,3,2,2,2,0.3209297657012939,0.2616632282733917,-0.4055737555027008,0.8811856508255005,0.2480348348617553,0.0370335504412651,-0.2232843935489654,-1.0,0.9879135489463806,0.0120864789932966,0.0020287388470023,0.5614035129547119,0.1803118884563446,0.1198830381035804,-0.4346978664398193,-0.082846000790596,0.4122807085514068,-0.511695921421051,1.0,0.0,0.0,1.0,0.0,0.0,1.0,0.0,0.0
20260414_134505_905168,3,170,0.2165672183036804,-0.6765523552894592,-1.12,32.056642885759544,-1.0,-2.0104848118677268,-11.217069625854492,2.961335631265669,1.0,0.0,0.02,0.0,0.0,carpet,12345,2458047974,0,0,3,2,2,2,-0.8818328976631165,0.5542493462562561,0.6763064861297607,-0.9295262694358826,-0.1670109182596206,-0.5808820724487305,-0.9042497277259828,-1.0,0.9879135489463806,0.0120864789932966,0.0020287388470023,0.2076023370027542,0.1695906370878219,-0.2563352882862091,0.5048732757568359,0.1169590651988983,-0.0107212476432323,-0.153021439909935,1.0,0.0,0.0,1.0,0.0,0.0,1.0,0.0,0.0
20260414_134505_905168,3,171,0.2101904600858688,-0.7017364501953125,-0.5452471781834242,31.51139570757612,-0.4247493519253639,-0.8782612362544597,2.518409490585327,1.659104266803297,1.0,0.0099565251612037,0.02,0.0,0.0,carpet,12345,2458047974,0,0,3,2,2,2,0.2006463706493377,1.0,-0.8140547275543213,0.5659452080726624,-0.6074334383010864,-0.1514013111591339,0.6285067796707153,-1.0,0.8676903247833252,0.1323097050189972,-0.4172422587871551,-0.5370370149612427,0.3732943534851074,0.4561403393745422,-0.455165684223175,-0.0019493177533149,-0.2914229929447174,-0.5370370149612427,1.0,0.0,0.0,1.0,0.0,0.0,1.0,0.0,0.0
20260414_134505_905168,3,172,0.2122835516929626,-0.7772995829582214,0.4848800522139698,31.99627575979009,0.6053243035291667,1.230382391881875,7.556313276290893,1.997462689161921,1.0,0.0088850263039378,0.02,0.0,0.0,carpet,12345,2458047974,0,0,3,2,2,2,-0.5580666065216064,-1.0,-0.9393867254257202,0.1424014866352081,-0.0271684844046831,0.3803630769252777,0.0256106182932853,-1.0,0.8946822881698608,0.1053176894783973,-0.3607436120510101,0.1413255333900451,0.6666666865348816,-0.4824561476707458,0.3440545797348022,-0.4083820581436157,-0.1023391783237457,0.3869395852088928,1.0,0.0,0.0,1.0,0.0,0.0,1.0,0.0,0.0
20260414_134505_905168,3,173,0.2556704878807068,-0.7783206701278687,0.3378357732081454,32.33411153299824,0.4606738323859382,0.9483139731525796,0.1021087169647216,1.759496166766155,1.0,0.0567611835558552,0.02,0.0,0.0,carpet,12345,2458047974,0,0,3,2,2,2,0.2646330296993255,-0.453195571899414,0.4418348670005798,0.9924051761627196,0.7892950773239136,-0.5708896517753601,-0.6076250076293945,-1.0,0.9756699800491332,0.0243300404399633,-0.1437718421220779,-0.2933723330497741,0.6617933511734009,-0.4922027289867401,0.0847953185439109,-0.0448343083262443,0.19395712018013,0.0038986355066299,1.0,0.0,0.0,1.0,0.0,0.0,1.0,0.0,0.0
20260414_134505_905168,3,174,0.2556704878807068,-0.7783206701278687,0.2144617028044612,32.5485732358027,0.3390951178792009,0.7112354798644418,0.0,1.0595625895712288,1.0,0.0926683014947931,0.02,0.0,0.0,carpet,12345,2458047974,0,0,3,2,2,2,-0.8582675457000732,-0.8824678063392639,0.8353643417358398,-0.8256163597106934,-0.0478391498327255,0.0366543605923652,-0.7063615322113037,-1.0,0.9767643809318542,0.0232356190681457,-0.3114466369152069,0.1539960950613021,-0.3128654956817627,0.2280701696872711,0.5224171280860901,0.413255363702774,-0.38791424036026,-0.38791424036026,1.0,0.0,0.0,1.0,0.0,0.0,1.0,0.0,0.0
20260414_134505_905168,4,0,1.6928073167800903,0.2773340046405792,-0.5328624867170285,-0.5328624867170285,-0.5128624867170285,-1.0500818490982056,-4.200327396392822,0.0,0.0,0.0,0.02,0.0,0.0,carpet,12345,2458048105,0,0,4,2,2,2,0.207835242152214,0.7351564168930054,-0.2107799351215362,-0.9176071882247924,-0.2123834192752838,-0.382144421339035,1.0,0.0,-0.0,1.0,0.0,0.0097465887665748,0.0,-0.0194931775331497,-0.0038986355066299,-0.0048732943832874,-0.0116959065198898,-0.0019493177533149,1.0,0.0,0.0,1.0,0.0,0.0,1.0,0.0,0.0
20260414_134505_905168,4,1,1.7466917037963867,0.3039697706699371,-0.7397207884910779,-1.2725832752081063,-0.7197207884910779,-1.453455537557602,-2.663576602935791,0.0,0.0,0.0,0.02,0.0,0.0,carpet,12345,2458048105,0,0,4,2,2,2,-0.0070199379697442,0.0653785094618797,0.8131088018417358,-0.1180838793516159,-0.0963924750685691,0.5331073999404907,0.9591595530509948,0.0534925460815429,-0.0405699051916599,1.0,0.1871497631072998,0.1120857670903205,0.4152046740055084,-0.1228070184588432,-0.3070175349712372,-0.0292397662997245,-0.2173489332199096,0.5857699513435364,1.0,0.0,0.0,1.0,0.0,0.0,1.0,0.0,0.0
20260414_134505_905168,4,2,1.6827659606933594,0.2512238025665283,0.0715679740600097,-1.2010153011480968,0.0915679740600097,0.2285575494170189,5.274596810340881,0.0,0.0,0.0,0.02,0.0,0.0,carpet,12345,2458048105,0,0,4,2,2,2,0.7465990781784058,0.8983888626098633,-0.918594777584076,-0.3444249629974365,-0.5192750096321106,-0.874772846698761,0.2961288392543793,0.1208480820059776,-0.0662967190146446,1.0,0.2665131688117981,-0.0087719298899173,0.0077972710132598,0.4152046740055084,-0.1198830381035804,-0.1091617941856384,0.2309941500425338,0.5614035129547119,1.0,0.0,0.0,1.0,0.0,0.0,1.0,0.0,0.0
20260414_134505_905168,4,3,1.6117448806762695,0.2754983007907867,-0.2176637402788186,-1.4186790414269157,-0.1976637402788186,-0.4354442935436964,-2.4274498224258423,0.0,0.0,0.0,0.02,0.0,0.0,carpet,12345,2458048105,0,0,4,2,2,2,0.5936932563781738,-0.6038280725479126,-0.0708385705947876,1.0,0.3350413143634796,-0.0755280181765556,-1.0,0.0409408584237098,-0.0153507068753242,1.0,0.1129550710320472,0.455165684223175,0.5711501240730286,-0.404483437538147,-0.1315789520740509,-0.2524366378784179,-0.028265107423067,0.2202728986740112,1.0,0.0,0.0,1.0,0.0,0.0,1.0,0.0,0.0
20260414_134505_905168,4,4,1.769907832145691,0.2212231606245041,0.4827155302560482,-0.9359635111708672,0.5027155302560482,1.030295283999294,5.427514016628265,0.0,0.0,0.0,0.02,0.0,0.0,carpet,12345,2458048105,0,0,4,2,2,2,-0.0289782509207725,0.1373110264539718,0.3254403471946716,0.8868030905723572,0.7559866309165955,0.7927285432815552,0.1841919273138046,-0.0478355400264263,-0.0387968383729457,1.0,-0.2428317964076995,0.4220272898674011,-0.0994152054190635,-0.0360623784363269,0.4444444477558136,0.0945419073104858,-0.0838206633925437,-0.6052631735801697,1.0,0.0,0.0,1.0,0.0,0.0,1.0,0.0,0.0
20260414_134505_905168,4,5,1.751800298690796,0.2227107733488083,0.2815544332778797,-0.6544090778929875,0.3515544332778798,0.7355311448918656,-0.1487612724304199,-0.9445977018913254,0.0,0.0,0.02,0.05,0.0,carpet,12345,2458048105,0,0,4,2,2,2,1.0,-0.017091579735279,1.0,0.5839101672172546,-0.647525429725647,-0.0181119758635759,-0.3662075400352478,0.1498682051897049,0.0136261489242315,0.9863738417625428,0.0722062811255455,-0.032163742929697,0.0155945420265197,0.0847953185439109,0.4697855710983276,0.1013645231723785,-0.0614035092294216,0.068226121366024,1.0,0.0,0.0,1.0,0.0,0.0,1.0,0.0,0.0
20260414_134505_905168,4,6,1.7407934665679932,0.2211270928382873,0.2575591648368833,-0.3968499130561042,0.2775591648368833,0.5912403714319225,0.1583680510520935,0.6967245186388027,0.0,0.0,0.02,0.0,0.0,carpet,12345,2458048105,0,0,4,2,2,2,0.4221469461917877,-0.2308712750673294,0.5991050004959106,0.4436028003692627,0.0383423529565334,-0.4699334800243377,-0.274959921836853,0.1272336989641189,0.0121892960742115,0.9878107309341432,-2.994768328790088e-05,0.5935672521591187,-0.0916179344058036,0.3771929740905761,0.3401559591293335,-0.3196881115436554,0.0224171541631221,-0.2163742631673813,1.0,0.0,0.0,1.0,0.0,0.0,1.0,0.0,0.0
20260414_134505_905168,4,7,1.7457631826400757,0.2244212627410888,0.1395261697455918,-0.2573237433105124,0.1595261697455918,0.361076031003904,-0.3294169902801513,2.5112560872003087,0.0,0.0,0.02,0.0,0.0,carpet,12345,2458048105,0,0,4,2,2,2,0.0183242689818143,0.4350531697273254,-0.6540813446044922,0.8084525465965271,0.7382781505584717,-0.5003476738929749,-0.0740024298429489,0.1134752258658409,0.0137189431115984,0.9862810373306274,-0.0213767625391483,0.2719298303127289,-0.1198830381035804,0.3635477721691131,0.2465886920690536,0.0224171541631221,-0.2485380172729492,-0.1588694006204605,1.0,0.0,0.0,1.0,0.0,0.0,1.0,0.0,0.0
20260414_134505_905168,4,8,1.7661892175674438,0.2181245684623718,0.173961220626079,-0.0833625226844333,0.193961220626079,0.4282243802208541,0.6296694278717041,2.710922918004144,0.0,0.0,0.02,0.0,0.0,carpet,12345,2458048105,0,0,4,2,2,2,0.8104969263076782,0.3610990643501282,-0.5242298245429993,-1.0,-0.4857690632343292,0.6573095917701721,-0.4268992841243744,0.1196874603629112,0.0105371754616498,0.9894627928733826,-0.0032842976506799,0.0194931775331497,0.3089668750762939,-0.3362573087215423,0.4278752505779266,0.3216374218463897,-0.3226120769977569,-0.0516569204628467,1.0,0.0,0.0,1.0,0.0,0.0,1.0,0.0,0.0
20260414_134505_905168,4,9,1.8836532831192017,0.3438374698162079,-1.037528703713242,-1.1208912263976756,-1.0,-2.821654248680261,-12.571290135383606,0.3247129628675793,0.0,0.0,0.02,0.017528703713242,0.0,carpet,12345,2458048105,0,0,4,2,2,2,0.7593053579330444,0.0936178117990493,0.0571799911558628,-0.5737273097038269,-0.3113332092761993,0.9967012405395508,0.9456866383552552,0.1452199965715408,0.0166190117597579,0.9833809733390808,0.0234392993152141,0.4805068373680115,0.2397660762071609,-0.2836257219314575,0.1549707651138305,-0.2407407462596893,0.3810916244983673,-0.2826510667800903,1.0,0.0,0.0,1.0,0.0,0.0,1.0,0.0,0.0
20260414_134505_905168,4,10,1.7545294761657717,0.2120116949081421,0.5565635140400499,-0.5643277123576257,0.5791813775340765,1.1794036861914492,13.18257749080658,0.4738213650597345,0.0,0.0,0.02,0.0026178634940265,0.0,carpet,12345,2458048105,0,0,4,2,2,2,-0.6618207693099976,0.1305545568466186,-0.2532894909381866,-0.2848066985607147,-0.8039010763168335,-0.3052902817726135,-0.5531387329101562,0.2920499742031097,-0.1048039346933364,1.0,0.4075588583946228,0.4688109159469604,0.0799220278859138,0.078947365283966,-0.2475633472204208,-0.1725146174430847,0.5175438523292542,0.5497075915336609,1.0,0.0,0.0,1.0,0.0,0.0,1.0,0.0,0.0
20260414_134505_905168,4,11,1.7976123094558716,0.260847806930542,-0.2169967916300862,-0.7813245039877119,-0.146846172264826,-0.3363500359164106,-4.88361120223999,-0.5980598157485417,0.0,0.0030123873052048,0.02,0.05,0.0,carpet,12345,2458048105,0,0,4,2,2,2,0.2742156684398651,-0.0657680034637451,0.367228090763092,0.7574045062065125,-1.0,0.3273909091949463,0.9593151211738586,0.1306451857089996,0.022523270919919,0.9774767756462096,0.0549435019493103,-0.3820662796497345,0.1393762230873108,0.0136452242732048,-0.1072124764323234,-0.3245614171028137,0.3869395852088928,-0.2777777910232544,1.0,0.0,0.0,1.0,0.0,0.0,1.0,0.0,0.0
20260414_134505_905168,4,12,1.773324489593506,0.2177694886922836,0.3272797071893119,-0.4540447967984,0.3972797071893119,0.8246954290191582,4.307831823825836,-0.3646047581613061,0.0,0.0,0.02,0.05,0.0,carpet,12345,2458048105,0,0,4,2,2,2,0.7137974500656128,-0.2368738055229187,-0.1028437614440918,-0.3107177317142486,0.6874668598175049,0.7789134979248047,-0.3626679182052612,0.1844987869262695,-0.0246463101357221,1.0,0.2749793827533722,0.1539960950613021,-0.0799220278859138,0.1822612136602401,0.4181286692619324,-0.5808966755867004,0.1783625781536102,0.5584795475006104,1.0,0.0,0.0,1.0,0.0,0.0,1.0,0.0,0.0
20260414_134505_905168,4,13,1.8095639944076536,0.2550240159034729,-0.2065089057251501,-0.6605537025235502,-0.1347905684694279,-0.3128416085153844,-3.725452721118927,-1.0385223976805946,0.0,0.0343667451144429,0.02,0.05,0.0,carpet,12345,2458048105,0,0,4,2,2,2,-0.3060829043388366,0.7929319739341736,-0.6297860741615295,-0.873629629611969,-0.4070489108562469,0.0083351200446486,0.912162184715271,0.1541389524936676,0.0169619657099246,0.9830380082130432,0.0701875686645507,0.4346978664398193,-0.1237816736102104,-0.0058479532599449,-0.2115009725093841,0.3235867321491241,0.4337232112884521,-0.2407407462596893,1.0,0.0,0.0,1.0,0.0,0.0,1.0,0.0,0.0
20260414_134505_905168,4,14,1.750519037246704,0.2235274165868759,0.1878378341171284,-0.4727158684064217,0.2578378341171284,0.5527837765284005,3.1496599316596985,-0.9139630013730482,0.0,0.0,0.02,0.05,0.0,carpet,12345,2458048105,0,0,4,2,2,2,0.2427627891302108,-0.0879567191004753,-0.5952401757240295,-0.138970747590065,1.0,0.3873083293437958,-0.8032300472259521,0.1994384825229644,-0.0190212447196245,1.0,0.3029527366161346,-0.1920077949762344,0.4853801131248474,-0.3050682246685028,-0.3684210479259491,0.1228070184588432,0.0253411307930946,0.5321637392044067,1.0,0.0,0.0,1.0,0.0,0.0,1.0,0.0,0.0
20260414_134505_905168,4,15,1.818689227104187,0.2155228704214096,0.2695905059143411,-0.2031253624920806,0.2895905059143411,0.6147014865329652,0.8004546165466309,2.522392733840178,0.0,0.0,0.02,0.0,0.0,carpet,12345,2458048105,0,0,4,2,2,2,-0.5580721497535706,-0.8208223581314087,0.9490448832511902,0.9440467953681946,0.6041108965873718,0.1199702620506286,0.4309061169624328,0.1256322860717773,0.0114005329087376,0.988599419593811,-0.029550926759839,0.1725146174430847,0.0428849905729293,-0.314814805984497,-0.0994152054190635,0.5467836260795593,0.2222222238779068,-0.4873294234275818,1.0,0.0,0.0,1.0,0.0,0.0,1.0,0.0,0.0
20260414_134505_905168,4,16,1.8329761028289795,0.2338951528072357,-0.0216617681678374,-0.2247871306599181,0.0,0.0017190552540569,-1.837228238582611,1.3447081029027856,0.0,0.0332353633567497,0.02,0.0,0.0,carpet,12345,2458048105,0,0,4,2,2,2,0.5490609407424927,-0.8742194771766663,1.0,-1.0,-0.8437411785125732,0.2910325825214386,0.561780571937561,0.2108449935913086,0.0191319268196821,0.9808680415153505,0.1802032738924026,-0.3450292348861694,-0.5214424729347229,0.4658869504928589,0.223196879029274,0.2816764116287231,0.0224171541631221,0.231968805193901,1.0,0.0,0.0,1.0,0.0,0.0,1.0,0.0,0.0
20260414_134505_905168,4,17,1.7634800672531128,0.1670922487974167,0.811467636762068,0.5866805061021498,0.831467636762068,1.6713618916860329,6.680290400981903,3.352420030505229,0.0,0.0,0.02,0.0,0.0,carpet,12345,2458048105,0,0,4,2,2,2,0.4326302707195282,0.7380210161209106,0.9242040514945984,-0.2425302118062973,-0.2948074042797088,-1.0,-0.1206397414207458,0.228703498840332,0.0013865955406799,0.9986133575439452,0.2671886682510376,0.3294346928596496,-0.5536062121391296,0.6315789222717285,-0.2758284509181976,-0.2202728986740112,0.1998050659894943,0.343079924583435,1.0,0.0,0.0,1.0,0.0,0.0,1.0,0.0,0.0
20260414_134505_905168,4,18,1.7622942924499512,0.1836512386798858,0.3848957290783545,0.9715762351805044,0.4048957290783546,0.8395466717027915,-1.6558989882469175,3.3672712731888623,0.0,0.0,0.02,0.0,0.0,carpet,12345,2458048105,0,0,4,2,2,2,-0.8362327218055725,-0.1780303418636322,-0.9703264236450196,0.6411944031715393,0.7163864374160767,-0.8674798607826233,0.4177004396915436,0.1418334990739822,0.0659098476171493,0.9340901970863342,0.0461330339312553,0.2348927855491638,-0.080896683037281,0.5077972412109375,-0.1481481492519378,-0.1481481492519378,-0.032163742929697,-0.0419103316962718,1.0,0.0,0.0,1.0,0.0,0.0,1.0,0.0,0.0
20260414_134505_905168,4,19,1.772220253944397,0.1761945486068725,0.3728601310781654,1.3444363662586698,0.3928601310781655,0.8160772556024227,0.7456690073013306,4.4961901373066695,0.0,0.0,0.02,0.0,0.0,carpet,12345,2458048105,0,0,4,2,2,2,0.7857732176780701,-0.4844258427619934,-0.5803021788597107,-0.5848609209060669,0.983974277973175,-0.2220246195793151,0.0347892194986343,0.1403512954711914,0.0499159321188926,0.9500840902328492,0.0680551454424858,-0.4941520392894745,-0.0048732943832874,-0.3547758162021637,0.3771929740905761,0.3547758162021637,-0.5292397737503052,0.2485380172729492,1.0,0.0,0.0,1.0,0.0,0.0,1.0,0.0,0.0
20260414_134505_905168,4,20,1.7550594806671145,0.1669746190309524,0.3864390672306785,1.7308754334893484,0.4064390672306786,0.8425561810998232,0.9219929575920104,4.785962541878092,0.0,0.0,0.02,0.0,0.0,carpet,12345,2458048105,0,0,4,2,2,2,0.0743102878332138,0.2956143319606781,-0.4752578139305115,-0.2469886094331741,-0.3211151957511902,-0.5509546399116516,-0.3269709050655365,0.1527587920427322,0.0571181550621986,0.9428818225860596,0.0357440710067749,0.4795321524143219,-0.272904485464096,-0.3001949191093445,-0.2787524461746216,0.607212483882904,-0.1861598491668701,-0.0068226121366024,1.0,0.0,0.0,1.0,0.0,0.0,1.0,0.0,0.0
20260414_134505_905168,4,21,1.7920362949371338,0.1787812113761901,0.1270524754840618,1.8579279089734104,0.1470524754840618,0.3367523271939205,-1.1806592345237732,4.508013382539048,0.0,0.0,0.02,0.0,0.0,carpet,12345,2458048105,0,0,4,2,2,2,0.7661685943603516,0.0423318855464458,-0.8790839910507202,-0.6079725623130798,0.2993878424167633,0.7447952032089233,-0.2802430987358093,0.1313077956438064,0.0660234540700912,0.9339765906333924,-0.0157406367361545,0.034113060683012,0.1345029175281524,-0.3518518507480621,-0.1257309913635254,0.4122807085514068,-0.2651072144508362,-0.1851851791143417,1.0,0.0,0.0,1.0,0.0,0.0,1.0,0.0,0.0
20260414_134505_905168,4,22,1.809469103813172,0.1861685961484909,-0.0108309609805562,1.8470969479928536,0.0091690390194437,0.0678796260879153,-0.738738477230072,4.574173953372906,0.0,0.0,0.02,0.0,0.0,carpet,12345,2458048105,0,0,4,2,2,2,0.5284249782562256,-0.8426089882850647,-0.2473011016845703,-0.871128261089325,0.978598177433014,0.8963572978973389,-0.1536639481782913,0.1775287687778473,0.0546197742223739,0.9453802108764648,0.073398545384407,0.4561403393745422,0.0165692009031772,-0.4532163739204407,-0.1959064304828643,0.2115009725093841,0.3703703582286834,-0.2007797211408615,1.0,0.0,0.0,1.0,0.0,0.0,1.0,0.0,0.0
20260414_134505_905168,4,23,1.759916067123413,0.1855428665876388,-0.011511303288596,1.8355856447042576,0.0084886967114039,0.0665529585872377,0.062572956085205,2.969365020274111,0.0,0.0,0.02,0.0,0.0,carpet,12345,2458048105,0,0,4,2,2,2,0.8066206574440002,0.7699702978134155,-0.0027968802023679,0.7176812291145325,0.7323388457298279,0.3294300138950348,-0.9567003846168518,0.199319839477539,0.0474844798445701,0.9525155425071716,0.1019386053085327,0.3508771955966949,-0.3801169693470001,-0.0721247568726539,-0.4814814925193786,0.5194931626319885,0.3723196983337402,-0.1461988240480423,1.0,0.0,0.0,1.0,0.0,0.0,1.0,0.0,0.0
20260414_134505_905168,4,24,1.9033358097076416,0.2546403110027313,-0.8594225676805876,0.9761630770236702,-0.8346263545830098,-1.6775213914368692,-6.909744441509247,0.4522969571344504,0.0002590881102273,0.0,0.02,0.0047703042865549,0.0,carpet,12345,2458048105,0,0,4,2,2,2,-0.7837134599685669,-0.0534597411751747,-0.105969600379467,-0.2617311775684356,0.1638754159212112,0.8956531286239624,0.6873336434364319,0.1373784989118576,0.0480888485908508,0.951911211013794,-0.0689863786101341,0.4434697926044464,-0.1179337203502655,-0.1091617941856384,-0.0672514587640762,0.4259259402751922,0.2280701696872711,-0.5877193212509155,1.0,0.0,0.0,1.0,0.0,0.0,1.0,0.0,0.0
20260414_134505_905168,4,25,1.8937335014343264,0.2315258383750915,-0.3941696808516188,0.5819933961720514,-0.3232201168649599,-0.6802792278866718,2.311447262763977,-1.0440595263546442,0.0023153786213116,0.0143605224905556,0.02,0.05,0.0,carpet,12345,2458048105,0,0,4,2,2,2,0.4439172446727752,-0.7674221396446228,-0.470724493265152,-0.7008684277534485,0.8480934500694275,0.8006570339202881,0.1537037938833236,0.3166532516479492,-0.0186506379395723,1.0,0.3547500073909759,-0.4678362607955932,-0.0224171541631221,-0.0584795325994491,-0.1539960950613021,0.082846000790596,0.4912280738353729,0.3976608216762543,1.0,0.0,0.0,1.0,0.0,0.0,1.0,0.0,0.0
20260414_134505_905168,4,26,1.8941341638565063,0.2344092428684234,-0.3469942373250486,0.2349991588470027,-0.2729715555119422,-0.5822945332482874,-0.2883404493331909,-2.4689102407027548,0.0052257150821168,0.070002206097894,0.02,0.05,0.0,carpet,12345,2458048105,0,0,4,2,2,2,-0.8320785760879517,-0.3549128770828247,0.0758381858468055,-0.6683271527290344,-0.8691015839576721,0.01109279692173,0.6511550545692444,0.3046503067016601,0.0036750512663275,0.9963249564170836,0.2448944598436355,0.2816764116287231,-0.3801169693470001,-0.1101364493370056,-0.3996101319789886,0.4522417187690735,0.4629629552364349,0.076998047530651,1.0,0.0,0.0,1.0,0.0,0.0,1.0,0.0,0.0
20260414_134505_905168,4,27,1.8404072523117063,0.1713379025459289,0.4867810375861147,0.7217801964331174,0.5590064657057147,1.1400626081261436,6.307134032249451,-1.6655999597705318,0.0048654748167596,0.0347776127584801,0.02,0.05,0.0,carpet,12345,2458048105,0,0,4,2,2,2,0.5778213739395142,-0.2897281050682068,-0.2772598564624786,0.8956041932106018,1.0,-0.536052405834198,0.0286496412009,0.3051511645317077,0.0008900511893443,0.999109983444214,0.342909574508667,-0.4873294234275818,-0.1988304108381271,0.0565302148461341,-0.3781676292419433,0.1910331398248672,0.1335282623767852,0.4200779795646667,1.0,0.0,0.0,1.0,0.0,0.0,1.0,0.0,0.0
20260414_134505_905168,4,28,1.8629109859466555,0.184366300702095,0.1729782376006054,0.8947584340337229,0.2458138472771513,0.5293370021904451,-1.3028398156166077,-1.204142583668002,0.005853186973815,0.0450058195832879,0.02,0.05,0.0,carpet,12345,2458048105,0,0,4,2,2,2,0.6697580814361572,-0.1035309955477714,0.8873451948165894,0.3237150311470032,0.1640290021896362,-0.8327471613883972,0.7841399312019348,0.2379924803972244,0.0618090666830539,0.9381909370422364,0.0778394117951393,0.3206627666950226,-0.2290448397397995,-0.2339181303977966,0.2699805200099945,0.5584795475006104,-0.331384003162384,0.0243664719164371,1.0,0.0,0.0,1.0,0.0,0.0,1.0,0.0,0.0
20260414_134505_905168,4,29,1.862237572669983,0.1848826706409454,0.09811238462492,0.9928708186586428,0.1713300016264535,0.3840935031715844,-0.0516369938850402,-0.8866020390836553,0.0066116404943894,0.0511290590418923,0.02,0.05,0.0,carpet,12345,2458048105,0,0,4,2,2,2,-0.1441821753978729,0.874016284942627,-0.8445019721984863,0.4851255714893341,0.5372862219810486,-0.7923864722251892,0.8146837949752808,0.266122043132782,0.0492252670228481,0.9507747292518616,0.2040667682886123,0.3440545797348022,-0.2309941500425338,-0.1988304108381271,0.2261208593845367,0.1803118884563446,-0.4824561476707458,0.4824561476707458,1.0,0.0,0.0,1.0,0.0,0.0,1.0,0.0,0.0
20260414_134505_905168,4,30,1.8674806356430047,0.1818648874759674,0.1369179824911953,1.1297888011498385,0.1607767725657123,0.363514706503139,0.3017783164978027,1.1544340588563529,0.0075573396585339,0.0620611221732726,0.02,0.0,0.0,carpet,12345,2458048105,0,0,4,2,2,2,0.7200801968574524,0.3980421423912048,-0.8551284074783325,-0.9564191699028016,-0.4143250286579132,-0.7116009593009949,0.8149324655532837,0.2652803361415863,0.0487265102565288,0.9512734413146972,0.1987350583076477,-0.1169590651988983,0.4161793291568756,-0.5604288578033447,0.289473682641983,0.3235867321491241,-0.4824561476707458,0.4892787635326385,1.0,0.0,0.0,1.0,0.0,0.0,1.0,0.0,0.0
20260414_134505_905168,4,31,1.905052900314331,0.1785968691110611,0.1311870540596148,1.2609758552094532,0.1560699943589769,0.3543364890000049,0.3268018364906311,2.1890497757430296,0.0111512662686962,0.075356273449848,0.02,0.0,0.0,carpet,12345,2458048105,0,0,4,2,2,2,-0.5652937889099121,-0.7704355120658875,1.0,0.708999752998352,0.6547331213951111,0.5034195184707642,0.7429242134094238,0.2718341946601867,0.0516413189470768,0.948358714580536,0.2205715775489807,0.4259259402751922,0.2153996080160141,-0.5292397737503052,0.1111111119389534,0.1637426912784576,-0.4239766001701355,0.4980506896972656,1.0,0.0,0.0,1.0,0.0,0.0,1.0,0.0,0.0
20260414_134505_905168,4,32,1.8734381198883057,0.1607114672660827,0.3153622069634902,1.5763380621729437,0.3399422630125464,0.7128874128744656,1.7885401844978333,3.4842317218657826,0.0115433475561742,0.068514425868774,0.02,0.0,0.0,carpet,12345,2458048105,0,0,4,2,2,2,0.8214871287345886,-0.8077520728111267,-0.3915807008743286,0.5785332918167114,-0.9270459413528442,-0.8036080002784729,0.3973791897296905,0.3187995851039886,0.0547978095710277,0.9452021718025208,0.238124817609787,-0.3440545797348022,-0.4892787635326385,0.2748537957668304,0.3070175349712372,0.2855750620365143,-0.0955165699124336,0.429824560880661,1.0,0.0,0.0,1.0,0.0,0.0,1.0,0.0,0.0
20260414_134505_905168,4,33,1.8869967460632324,0.1843793839216232,-0.0290868180114632,1.5472512441614803,-0.0036063367859807,-0.0570323567326624,-2.366791665554046,2.2871367570069765,0.0130040131213061,0.0836015982670376,0.02,0.0,0.0,carpet,12345,2458048105,0,0,4,2,2,2,-0.0394196473062038,-0.3057887554168701,-0.4906439185142517,0.9106472134590148,-0.6677881479263306,-0.3304559588432312,0.8761987686157227,0.2792810499668121,0.0720728859305381,0.9279270768165588,0.1802126467227935,0.4824561476707458,-0.5058479309082031,-0.1929824501276016,0.4191033244132995,-0.1686159819364547,-0.235867440700531,0.2797271013259887,1.0,0.0,0.0,1.0,0.0,0.0,1.0,0.0,0.0
20260414_134505_905168,4,34,1.864360213279724,0.1474440842866897,0.4011650875452968,1.948416331706777,0.4259529350378629,0.8806082233238328,3.693529963493347,2.638407978140364,0.012160610267883,0.071435729315557,0.02,0.0,0.0,carpet,12345,2458048105,0,0,4,2,2,2,0.4972433149814605,-0.2863157093524933,0.5134778022766113,0.3915342688560486,-0.0926811471581459,-0.7205122113227844,0.4934592545032501,0.2962293624877929,0.0492126308381557,0.9507874250411988,0.2498543560504913,-0.0272904485464096,-0.1920077949762344,-0.3040935695171356,0.5828459858894348,-0.3440545797348022,-0.1900584846735,0.5204678177833557,1.0,0.0,0.0,1.0,0.0,0.0,1.0,0.0,0.0
20260414_134505_905168,4,35,1.88785719871521,0.1656987518072128,0.0536697803683605,2.002086112075137,0.0790202458870867,0.2040894794798191,-1.8254667520523071,2.458403954448599,0.0135704960517216,0.0798683182710813,0.02,0.0,0.0,carpet,12345,2458048105,0,0,4,2,2,2,0.1674629151821136,0.1407225430011749,-0.0312717594206333,-0.6188178062438965,0.9511670470237732,-0.4151635468006134,0.8694944977760315,0.2679336667060852,0.0848875120282173,0.9151124954223632,0.1689744889736175,0.2543859779834747,-0.2699805200099945,-0.1179337203502655,0.3187134563922882,0.0009746588766574,-0.3898635506629944,0.3294346928596496,1.0,0.0,0.0,1.0,0.0,0.0,1.0,0.0,0.0
20260414_134505_905168,4,36,1.8709527254104608,0.141730785369873,0.3350340966740178,2.3371202087491554,0.360136548996587,0.7522662705433447,2.3967966437339783,2.8471555184888047,0.0131454795995667,0.0757580872522507,0.02,0.0,0.0,carpet,12345,2458048105,0,0,4,2,2,2,-0.0748012959957122,0.0058135739527642,0.2228056341409683,0.9327211976051332,-0.4051125347614288,-0.6734615564346313,0.7533226013183594,0.2973049283027649,0.0672557801008224,0.9327442646026612,0.2294485718011856,0.0779727101325988,-0.0107212476432323,-0.0730994120240211,-0.3723196983337402,0.5935672521591187,-0.2933723330497741,0.5029239654541016,1.0,0.0,0.0,1.0,0.0,0.0,1.0,0.0,0.0
20260414_134505_905168,4,37,1.821112871170044,0.1133628189563751,0.6060104935765833,2.943130702325739,0.6273840324333074,1.2733988632449496,2.8367966413497925,3.766217892733749,0.0088558474720275,0.0097590821904267,0.02,0.0,0.0,carpet,12345,2458048105,0,0,4,2,2,2,0.0855407789349556,-0.6639958024024963,-0.1564488857984542,-0.0761246681213378,0.3673436045646667,-0.6716119647026062,-0.2129708975553512,0.2761743664741516,0.0904058441519737,0.909594178199768,0.1935069262981414,-0.0623781681060791,-0.0623781681060791,-0.0233918130397796,0.5155945420265198,-0.2300194948911667,-0.3810916244983673,0.4853801131248474,1.0,0.0,0.0,1.0,0.0,0.0,1.0,0.0,0.0
20260414_134505_905168,4,38,1.8572174310684204,0.1102818846702575,0.4827698065947037,3.4259005089204426,0.5036269254290591,1.0320725045866652,0.3080934286117553,4.085402984445949,0.0085711883435532,0.0,0.02,0.0,0.0,carpet,12345,2458048105,0,0,4,2,2,2,-0.1528759896755218,-0.8095409274101257,1.0,1.0,0.6572575569152832,-0.1048502698540687,0.2868281602859497,0.2138744294643402,0.1178057491779327,0.8821942210197449,-0.0232048872858285,0.0623781681060791,-0.343079924583435,-0.0292397662997245,-0.0048732943832874,0.2524366378784179,-0.3898635506629944,-0.1208577007055282,1.0,0.0,0.0,1.0,0.0,0.0,1.0,0.0,0.0
20260414_134505_905168,4,39,1.8874762058258057,0.1122484803199768,0.3250347252358807,3.7509352341563234,0.3460971729215403,0.7248894871970037,-0.1966595649719238,4.867324828375615,0.0106244768565958,0.0,0.02,0.0,0.0,carpet,12345,2458048105,0,0,4,2,2,2,0.4859748184680938,-0.5501120686531067,0.5726825594902039,0.018032744526863,0.5707129240036011,0.406855046749115,0.3828839957714081,0.2590051591396332,0.1207815483212471,0.8792184591293335,0.0679096803069114,-0.0799220278859138,-0.5038986206054688,0.3333333432674408,0.235867440700531,0.2875243723392486,-0.2105263173580169,0.1354775875806808,1.0,0.0,0.0,1.0,0.0,0.0,1.0,0.0,0.0
20260414_134505_905168,4,40,1.9252783060073853,0.1445101350545883,-0.1315877041173583,3.619347530038965,-0.1091662835730875,-0.2628742529675207,-3.226165473461151,3.7238423520842616,0.015746526658357,0.0169353575687001,0.02,0.0,0.0,carpet,12345,2458048105,0,0,4,2,2,2,-0.5227423310279846,-0.6187067031860352,-0.4715089797973633,0.6254786252975464,-0.5180322527885437,0.2737772762775421,0.6754574179649353,0.2968286573886871,0.1188820675015449,0.8811179399490356,0.1217378228902816,0.2660818696022033,-0.4532163739204407,0.3235867321491241,0.0,0.3021442592144012,-0.1101364493370056,0.1812865436077118,1.0,0.0,0.0,1.0,0.0,0.0,1.0,0.0,0.0
20260414_134505_905168,4,41,1.8828139305114744,0.1148457303643226,0.2319797743940934,3.851327304433058,0.2535663730928173,0.5444544275309937,2.9664404690265656,4.064207300135436,0.0158659869872388,0.0,0.02,0.0,0.0,carpet,12345,2458048105,0,0,4,2,2,2,-0.8697789311408997,-0.3308253586292267,0.4736668765544891,0.0104958182200789,1.0,-0.3706790804862976,-0.0049170297570526,0.344081312417984,0.0877213403582573,0.912278652191162,0.2358297258615493,-0.2914229929447174,-0.301169604063034,-0.1130604296922683,0.401559442281723,-0.3050682246685028,0.1237816736102104,0.3801169693470001,1.0,0.0,0.0,1.0,0.0,0.0,1.0,0.0,0.0
20260414_134505_905168,4,42,1.933510184288025,0.1435758471488952,-0.1567933795139452,3.6945339249191136,-0.1332882558800412,-0.3099120989660804,-2.87301167845726,3.002028930626011,0.0212620549211212,0.0275783628358374,0.02,0.0,0.0,carpet,12345,2458048105,0,0,4,2,2,2,0.7870678305625916,0.8523747324943542,-0.4707913994789123,0.4753158092498779,-0.1947919279336929,-0.0582435727119445,0.7742956876754761,0.2910007536411285,0.1163734421133995,0.8836265802383423,0.0674886330962181,-0.5233917832374573,-0.2183235883712768,0.2543859779834747,-0.0360623784363269,0.511695921421051,-0.2417154014110565,-0.0068226121366024,1.0,0.0,0.0,1.0,0.0,0.0,1.0,0.0,0.0
20260414_134505_905168,4,43,1.8804128170013428,0.1016963869333267,0.3698757193284712,4.0644096442475846,0.3920781698280364,0.814552431164671,4.187946021556854,2.5431824985457325,0.0196796666455937,0.004689676700116,0.02,0.0,0.0,carpet,12345,2458048105,0,0,4,2,2,2,0.5552790760993958,-0.3869621753692627,0.8653749823570251,0.4511905610561371,-0.7653248906135559,-0.3239574730396271,-0.0180030781775712,0.3543710708618164,0.0886237397789955,0.9113762378692628,0.2546189725399017,0.4571150243282318,0.2836257219314575,-0.3547758162021637,0.2826510667800903,-0.1120857670903205,-0.0399610139429569,0.4619883000850677,1.0,0.0,0.0,1.0,0.0,0.0,1.0,0.0,0.0
20260414_134505_905168,4,44,1.8450126647949217,0.1053669676184654,0.2190885141480401,4.283498158395624,0.240589644228218,0.519149806245025,-0.3670580685138702,2.0302598002040924,0.0150113008017788,0.0,0.02,0.0,0.0,carpet,12345,2458048105,0,0,4,2,2,2,0.5161142945289612,0.3334698677062988,0.430098682641983,0.7772024273872375,0.032023835927248,-0.1196562498807907,-0.5739618539810181,0.2879993319511413,0.1290740668773651,0.8709259629249573,0.0837981179356575,0.3196881115436554,-0.2826510667800903,0.4005847871303558,0.2651072144508362,-0.3723196983337402,-0.0799220278859138,0.0155945420265197,1.0,0.0,0.0,1.0,0.0,0.0,1.0,0.0,0.0
20260414_134505_905168,4,45,1.8161191940307613,0.1105845794081687,0.0861774507183884,4.3696756091140125,0.1071395179185561,0.2589220599411845,-0.5217611789703369,1.5642923729482732,0.0096206720016771,0.0,0.02,0.0,0.0,carpet,12345,2458048105,0,0,4,2,2,2,0.1876120269298553,0.8212931156158447,0.2707922458648681,0.4400892853736877,-0.1155248656868934,-0.6742148399353027,-0.5367693901062012,0.2437492311000824,0.1255287528038025,0.8744712471961975,-0.0637171939015388,0.2982456088066101,-0.0672514587640762,0.1783625781536102,0.3986354768276214,-0.0409356728196144,-0.0750487297773361,-0.3518518507480621,1.0,0.0,0.0,1.0,0.0,0.0,1.0,0.0,0.0
20260414_134505_905168,4,46,1.937185525894165,0.1399284750223159,-0.2725730891152867,4.097102519998725,-0.2509773566142464,-0.5394058453977806,-2.934389561414718,1.2877607805180131,0.0159573250104023,0.0,0.02,0.0,0.0,carpet,12345,2458048105,0,0,4,2,2,2,0.4600424170494079,-0.4157221615314483,0.7091314196586609,-0.6758926510810852,0.7807724475860596,0.6874208450317383,0.4956271946430206,0.2076324522495269,0.1204891800880432,0.8795108199119568,-0.0980627015233039,0.0886939540505409,0.153021439909935,0.1062378138303756,0.2573099434375763,-0.0467836260795593,-0.3157894611358642,-0.3167641460895538,1.0,0.0,0.0,1.0,0.0,0.0,1.0,0.0,0.0
20260414_134505_905168,4,47,1.8900378942489624,0.1331561505794525,-0.1166716594651278,3.980430860533598,-0.0949980887060341,-0.2352462729767666,0.6772324442863464,0.508060080010253,0.0167357075909362,0.0,0.02,0.0,0.0,carpet,12345,2458048105,0,0,4,2,2,2,0.6237685680389404,-0.6150658130645752,-0.9139866828918456,-0.7665458917617798,0.9210588335990906,-0.1369780153036117,-0.6151508092880249,0.3589653074741363,0.0921466499567031,0.9078533053398132,0.2315168529748916,0.2768031060695648,-0.2426900565624237,0.4337232112884521,-0.4181286692619324,0.4171539843082428,0.1101364493370056,0.264132559299469,1.0,0.0,0.0,1.0,0.0,0.0,1.0,0.0,0.0
20260414_134505_905168,4,48,1.912115216255188,0.1246159449219703,-0.021963950918089,3.9584669096155087,0.0,0.0370704367044965,0.8540205657482147,0.85504261568083,0.0196395091808908,0.0,0.02,0.0,0.0,carpet,12345,2458048105,0,0,4,2,2,2,-0.4547010362148285,0.4048552513122558,0.91432523727417,-0.8475190997123718,-0.7758924961090088,-0.8041670322418213,0.3418969213962555,0.3000307083129883,0.0986878722906112,0.9013121128082277,0.013085720129311,0.3810916244983673,-0.2417154014110565,0.2046783566474914,-0.4532163739204407,0.5614035129547119,-0.0516569204628467,-0.3625730872154236,1.0,0.0,0.0,1.0,0.0,0.0,1.0,0.0,0.0
20260414_134505_905168,4,49,1.945143222808838,0.1148618012666702,0.0722949343112137,4.030761843926722,0.1136699584158283,0.2716564189108652,0.975414365530014,0.3121466034270241,0.02589684447317,0.0,0.02,0.0187853396572975,0.0,carpet,12345,2458048105,0,0,4,2,2,2,-0.7383338809013367,-0.6766381859779358,0.1231237575411796,0.3742415010929107,0.0886977165937423,0.6016877293586731,0.1515706926584243,0.3276273608207702,0.1069366410374641,0.8930633664131165,0.1639267802238464,-0.2972709536552429,0.1666666716337204,0.4473684132099151,-0.4668616056442261,0.3304093480110168,-0.3674463927745819,0.2300194948911667,1.0,0.0,0.0,1.0,0.0,0.0,1.0,0.0,0.0
20260414_134505_905168,4,50,1.9406814575195312,0.1127334907650947,0.0380675379548964,4.068829381881619,0.1061282444731007,0.2569500767225463,0.212831050157547,0.0499468739045454,0.0305539390865876,0.0,0.02,0.0450053126095454,0.0,carpet,12345,2458048105,0,0,4,2,2,2,0.0088706705719232,0.8755332231521606,0.6981332302093506,0.6591385006904602,0.4927820563316345,0.7216288447380066,-0.0311060044914484,0.3689125180244446,0.1163579225540161,0.8836420774459839,0.165699154138565,-0.4035087823867798,-0.0185185186564922,0.1978557556867599,0.1773879081010818,-0.0233918130397796,0.2339181303977966,0.066276803612709,1.0,0.0,0.0,1.0,0.0,0.0,1.0,0.0,0.0
20260414_134505_905168,4,51,2.002814769744873,0.1746870577335357,-0.7461931133329248,3.322636268548694,-0.6698085213687844,-1.3561266166691297,-6.195356696844101,-1.5651018027057688,0.0437220542535586,0.0402477307756894,0.02,0.05,0.0,carpet,12345,2458048105,0,0,4,2,2,2,0.668664276599884,-0.581597626209259,0.4584205150604248,0.2441153079271316,0.5808185338973999,0.1841588318347931,0.8610967397689819,0.3633352220058441,0.1184136047959327,0.8815863728523254,0.1423355787992477,-0.082846000790596,0.1198830381035804,0.2914229929447174,0.2105263173580169,-0.0204678364098072,0.2923976480960846,-0.0389863550662994,1.0,0.0,0.0,1.0,0.0,0.0,1.0,0.0,0.0
20260414_134505_905168,4,52,2.000962018966675,0.1828145682811737,-0.6802672107986163,2.642369057750078,-0.6001449877911755,-1.2202827261927922,-0.812751054763794,-2.2459786835007804,0.0548082425921611,0.0928279749644921,0.02,0.05,0.0,carpet,12345,2458048105,0,0,4,2,2,2,-0.5803611278533936,-0.0527465231716632,-0.8451705574989319,0.4596284925937652,0.1272822022438049,-0.0748314633965492,1.0,0.4410018920898437,0.0585742034018039,0.9414258003234864,0.3347149491310119,0.4142300188541412,-0.3216374218463897,0.2933723330497741,0.0994152054190635,0.1890838146209716,0.0360623784363269,0.5029239654541016,1.0,0.0,0.0,1.0,0.0,0.0,1.0,0.0,0.0
20260414_134505_905168,4,53,2.01765251159668,0.2019679546356201,-0.7729761977957551,1.8693928599543228,-0.689254719746539,-1.3940467035057509,-1.915338635444641,-3.4047791140297647,0.0672318644804686,0.1399658320233849,0.02,0.05,0.0,carpet,12345,2458048105,0,0,4,2,2,2,-0.8756658434867859,-0.5038506388664246,0.656802773475647,0.787467360496521,0.3332743942737579,0.4489566385746002,1.0,0.4386859834194183,0.0507240556180477,0.9492759704589844,0.3546563982963562,-0.3138401508331299,0.0526315793395042,-0.1228070184588432,0.2836257219314575,0.0584795325994491,-0.0516569204628467,0.5945419073104858,1.0,0.0,0.0,1.0,0.0,0.0,1.0,0.0,0.0
20260414_134505_905168,4,54,2.020326375961304,0.1982030719518661,-0.5481600030662892,1.3212328568880336,-0.4622630566848533,-0.951412960535464,0.3764882683753967,-4.393262511269725,0.0779549284987798,0.1620290706311583,0.02,0.05,0.0,carpet,12345,2458048105,0,0,4,2,2,2,0.1651602983474731,-0.5450288653373718,-0.4712365567684173,0.918078362941742,-0.8035519123077393,0.716716468334198,0.58501797914505,0.4595491290092468,0.0322242639958858,0.9677757024765016,0.3811878263950348,-0.5136452317237854,-0.3196881115436554,0.3304093480110168,0.3499025404453277,0.064327485859394,0.0555555559694767,0.5857699513435364,1.0,0.0,0.0,1.0,0.0,0.0,1.0,0.0,0.0
20260414_134505_905168,4,55,2.013221502304077,0.2095231115818023,-0.5738338928543544,0.7473989640336792,-0.4854157493076904,-0.9965607111499964,-1.1320039629936218,-5.661479641330587,0.0849175837904332,0.1985277033524106,0.02,0.05,0.0,carpet,12345,2458048105,0,0,4,2,2,2,0.2653013169765472,0.5720815062522888,-1.0,-0.761995255947113,-0.6493040919303894,-0.2110382616519928,0.9799463748931884,0.4628913998603821,0.0358606837689876,0.9641392827033995,0.3354106247425079,0.1228070184588432,-0.2982456088066101,-0.206627681851387,0.5760233998298645,-0.4668616056442261,0.38791424036026,0.3304093480110168,1.0,0.0,0.0,1.0,0.0,0.0,1.0,0.0,0.0
20260414_134505_905168,4,56,2.0130856037139893,0.2022010236978531,-0.3538644816635065,0.3935344823701727,-0.2637786339814199,-0.5643683362637688,0.732208788394928,-6.482798054316902,0.0903035788507302,0.2211097959402715,0.02,0.05,0.0,carpet,12345,2458048105,0,0,4,2,2,2,0.2365451753139495,0.390094518661499,-0.7966565489768982,0.838333249092102,-0.5543757081031799,-0.0355890095233917,0.8564114570617676,0.4540101885795593,0.0249269418418407,0.9750730395317078,0.4041314423084259,0.1267056465148925,0.3070175349712372,-0.5925925970077515,0.446393758058548,-0.3157894611358642,-0.032163742929697,0.6052631735801697,1.0,0.0,0.0,1.0,0.0,0.0,1.0,0.0,0.0
20260414_134505_905168,4,57,2.003512144088745,0.1742317080497741,0.0254985664593108,0.4190330488294835,0.1158751994893003,0.2759566390041357,2.796931564807892,-4.8507147986436365,0.092202065195735,0.2231285302083203,0.02,0.05,0.0,carpet,12345,2458048105,0,0,4,2,2,2,1.0,0.4087141752243042,-0.0124833239242434,0.4416685998439789,-0.8902485966682434,-0.339976042509079,0.5882190465927124,0.453840434551239,0.0319991558790206,0.968000829219818,0.387626051902771,0.1403508782386779,0.2339181303977966,-0.5087719559669495,0.5126705765724182,-0.3196881115436554,-0.0058479532599449,0.5516569018363953,1.0,0.0,0.0,1.0,0.0,0.0,1.0,0.0,0.0
20260414_134505_905168,4,58,2.007416009902954,0.1640973836183548,0.1198278555484712,0.5388609043779548,0.2104233795069708,0.4603255900385932,1.0134324431419373,-3.170106482412251,0.094560068992247,0.2227903411854984,0.02,0.05,0.0,carpet,12345,2458048105,0,0,4,2,2,2,-0.4677717983722687,0.7311353087425232,0.0644556581974029,-0.2486601024866104,0.7062405347824097,-0.3351863324642181,0.811434268951416,0.441873550415039,0.0590140260756015,0.9409859776496888,0.3362424075603485,0.5896686315536499,0.1686159819364547,-0.2904483377933502,0.4113060534000397,-0.3693957030773163,-0.0029239766299724,0.4356725215911865,1.0,0.0,0.0,1.0,0.0,0.0,1.0,0.0,0.0
20260414_134505_905168,4,59,1.92964768409729,0.1301795393228531,0.5024613165764085,1.041322220954363,0.5862514358546127,1.1931902999164947,3.391784429550171,-0.5828694789900055,0.0786740932266331,0.118454199110818,0.02,0.05,0.0,carpet,12345,2458048105,0,0,4,2,2,2,-0.3598209321498871,0.908594250679016,0.5902190804481506,-0.211101546883583,0.7679463624954224,-0.0424751192331314,-0.8962364196777344,0.4467535018920898,0.0688025057315826,0.931197464466095,0.3298624753952026,-0.2923976480960846,0.4337232112884521,0.0224171541631221,-0.1754385977983474,0.4259259402751922,-0.219298243522644,0.4951266944408417,1.0,0.0,0.0,1.0,0.0,0.0,1.0,0.0,0.0
20260414_134505_905168,4,60,2.009467840194702,0.1150482669472694,0.5931848365762312,1.6345070575305949,0.627268991962541,1.2731745343269552,1.5131272375583649,1.6417180158724136,0.0846380519729485,0.1124070037803002,0.02,0.0,0.0,carpet,12345,2458048105,0,0,4,2,2,2,0.4015469849109649,0.6779276132583618,0.6150438785552979,0.5925179719924927,0.4028370380401611,0.0146817034110426,0.4230497777462005,0.3495430052280426,0.1015629023313522,0.8984370827674866,-0.0286439172923564,-0.2709551751613617,0.4337232112884521,0.1023391783237457,-0.1734892725944519,0.4639376103878021,-0.0097465887665748,-0.5350877046585083,1.0,0.0,0.0,1.0,0.0,0.0,1.0,0.0,0.0
20260414_134505_905168,4,61,2.0947625637054443,0.2195300608873367,-0.8632959515844849,0.7712111059461098,-0.8241866398751143,-1.657163947756473,-10.44817939400673,0.9811147792659368,0.1099318601248461,0.1623225139377184,0.02,0.0,0.0,carpet,12345,2458048105,0,0,4,2,2,2,-0.394476979970932,0.6161584258079529,0.5009904503822327,0.2746970653533935,0.7337585091590881,0.760209858417511,0.9004625678062439,0.4493181109428406,0.1161778196692466,0.8838222026824951,0.2200618833303451,0.1812865436077118,0.3109161853790283,0.1013645231723785,0.1335282623767852,0.1998050659894943,-0.0253411307930946,0.2309941500425338,1.0,0.0,0.0,1.0,0.0,0.0,1.0,0.0,0.0
20260414_134505_905168,4,62,2.0331852436065674,0.1448153257369995,0.2567178227771095,1.0279289287232192,0.2948694450979966,0.6249954179410935,7.471473515033722,2.170478533470799,0.1144816089472454,0.1340692285232516,0.02,0.0,0.0,carpet,12345,2458048105,0,0,4,2,2,2,0.6132544875144958,-0.7329952120780945,0.8213217854499817,0.7035233378410339,-0.7412053942680359,-0.191000610589981,-0.0272001214325428,0.5559366345405579,0.0152614675462245,0.9847384691238404,0.4076150059700012,-0.2446393817663192,0.3372319638729095,0.1842105239629745,0.0945419073104858,0.2085769921541214,0.1247563362121582,0.5185185074806213,1.0,0.0,0.0,1.0,0.0,0.0,1.0,0.0,0.0
20260414_134505_905168,4,63,1.8828951120376587,0.1330285370349884,0.336564956506964,1.3644938852301831,0.3658545030800447,0.7634162810060872,1.1786788702011108,2.6579381754727507,0.0815908333616976,0.0226092647382176,0.02,0.0,0.0,carpet,12345,2458048105,0,0,4,2,2,2,0.4263342916965484,0.3678155243396759,0.5480809807777405,0.29896280169487,-0.3305449187755584,-0.5695760846138,-0.9053577184677124,0.4789649844169616,0.08742655813694,0.9125734567642212,0.1813497394323349,0.3810916244983673,-0.4337232112884521,0.4756335318088531,0.4259259402751922,-0.3752436637878418,0.0,0.0077972710132598,1.0,0.0,0.0,1.0,0.0,0.0,1.0,0.0,0.0
20260414_134505_905168,4,64,1.881962776184082,0.1187596470117569,0.4248758101097779,1.789369695339961,0.4509151083770986,0.9292844613353424,1.4268890023231506,3.1268970467695,0.0603929826732071,0.0,0.02,0.0,0.0,carpet,12345,2458048105,0,0,4,2,2,2,-0.9159373044967652,-0.8792270421981812,-0.493176132440567,-0.6890081167221069,-0.76954585313797,-0.9461244344711304,-0.6121495366096497,0.2911022305488586,0.0988111272454261,0.9011889100074768,-0.1295802593231201,0.2348927855491638,0.0838206633925437,0.2826510667800903,0.2124756276607513,-0.1461988240480423,-0.2368421107530594,-0.5292397737503052,1.0,0.0,0.0,1.0,0.0,0.0,1.0,0.0,0.0
20260414_134505_905168,4,65,1.903497576713562,0.1043953597545623,0.4909108947526974,2.2802805900926586,0.515933603810968,1.0560705274313875,1.436428725719452,2.9897772742843927,0.0502270905827051,0.0,0.02,0.0,0.0,carpet,12345,2458048105,0,0,4,2,2,2,-0.3910457789897918,-0.6992502212524414,-0.5459318161010742,0.2867746949195862,-0.658392608165741,-0.1958680152893066,-0.3689686059951782,0.2899368405342102,0.1125930845737457,0.8874068856239319,-0.0918648093938827,-0.261208564043045,-0.0224171541631221,0.1666666716337204,0.1588694006204605,-0.1423001885414123,-0.3391812741756439,-0.3684210479259491,1.0,0.0,0.0,1.0,0.0,0.0,1.0,0.0,0.0
20260414_134505_905168,4,66,1.92072856426239,0.115998238325119,0.2071834482024392,2.487464038295098,0.231785092979291,0.5019809313096175,-1.160287857055664,2.218583671267055,0.0460164477685179,0.0,0.02,0.0,0.0,carpet,12345,2458048105,0,0,4,2,2,2,-0.1325755566358566,-0.4232830703258514,0.5990400314331055,-0.3140470683574676,0.750598132610321,-1.0,0.3351845443248749,0.3168554306030273,0.1264671981334686,0.8735328316688538,-0.0344707332551479,-0.231968805193901,-0.0370370373129844,0.1627680361270904,0.2475633472204208,-0.2953216433525085,-0.1169590651988983,-0.2446393817663192,1.0,0.0,0.0,1.0,0.0,0.0,1.0,0.0,0.0
20260414_134505_905168,4,67,1.962443709373474,0.1104518771171569,0.2135468313897879,2.701010869684886,0.2385357582980841,0.515144728681264,0.5546361207962036,4.390892347704792,0.0498892690829621,0.0,0.02,0.0,0.0,carpet,12345,2458048105,0,0,4,2,2,2,-0.7584341168403625,0.5006706118583679,0.535584032535553,-0.7463662028312683,0.7394758462905884,-0.3115516304969787,0.3919206261634826,0.3383941650390625,0.1152602657675743,0.8847396969795227,0.0828899592161178,-0.0701754391193389,-0.219298243522644,0.4083820581436157,-0.1881091594696045,0.4307992160320282,-0.6023392081260681,0.1988304108381271,1.0,0.0,0.0,1.0,0.0,0.0,1.0,0.0,0.0
20260414_134505_905168,4,68,1.990898847579956,0.0987170338630676,0.2971332164588855,2.998144086143772,0.3229382706990676,0.6797296278631819,1.1734843254089355,4.4456265576268805,0.0580505424018207,0.0,0.02,0.0,0.0,carpet,12345,2458048105,0,0,4,2,2,2,0.4590992629528045,-0.2493238747119903,-0.3787451684474945,0.9244002103805542,0.2393256723880767,0.9411834478378296,-0.1833446770906448,0.3905380368232727,0.1206173524260521,0.8793826699256897,0.132797360420227,-0.4668616056442261,0.2914229929447174,0.314814805984497,-0.4249512553215027,0.4395711421966553,-0.2826510667800903,0.1988304108381271,1.0,0.0,0.0,1.0,0.0,0.0,1.0,0.0,0.0
20260414_134505_905168,4,69,1.9250609874725344,0.0938173234462738,0.2733754009815885,3.27151948712536,0.2986102468293479,0.6322899813172285,0.4899710416793823,4.314500257938022,0.0523484584775932,0.0,0.02,0.0,0.0,carpet,12345,2458048105,0,0,4,2,2,2,-0.05831104144454,0.067378245294094,0.5772764086723328,-0.5085651278495789,-0.8873652815818787,-0.7752107977867126,-0.7468567490577698,0.4261070191860199,0.1319517493247985,0.8680482506752014,0.0856225192546844,0.2992202639579773,-0.0672514587640762,-0.1890838146209716,0.4863547682762146,0.0516569204628467,0.0906432718038559,-0.1423001885414123,1.0,0.0,0.0,1.0,0.0,0.0,1.0,0.0,0.0
20260414_134505_905168,4,70,2.0778636932373047,0.2190368771553039,-1.0278107948309412,2.243708692294419,-1.0,-2.6562713567378324,-12.521955370903015,0.728944439864847,0.0775421528129187,0.0011315909929859,0.02,0.0,0.0,carpet,12345,2458048105,0,0,4,2,2,2,-1.0,-0.5191769599914551,-0.9219461679458618,-0.4635669887065887,-0.2401772290468216,0.9476147890090942,0.6575955748558044,0.3438096940517425,0.1366842538118362,0.8633157014846802,-0.0365847237408161,-0.0555555559694767,-0.0058479532599449,0.3460038900375366,0.0419103316962718,-0.1929824501276016,-0.0419103316962718,-0.4230019450187683,1.0,0.0,0.0,1.0,0.0,0.0,1.0,0.0,0.0
20260414_134505_905168,4,71,2.0804460048675537,0.2318959087133407,-1.0844580845422591,1.1592506077521596,-1.0,-2.313679306504284,-1.2859031558036804,-2.6408053940708243,0.1003031081266787,0.0885554745918295,0.02,0.05,0.0,carpet,12345,2458048105,0,0,4,2,2,2,-0.2645529508590698,0.9497941732406616,-0.7694055438041687,0.7016038298606873,0.0172918327152729,0.6700010299682617,0.8455011248588562,0.5348131060600281,0.0157378204166889,0.9842621684074402,0.3964554071426391,-0.5711501240730286,-0.0740740746259689,0.2378167659044265,-0.1686159819364547,-0.136452242732048,0.4571150243282318,0.359649121761322,1.0,0.0,0.0,1.0,0.0,0.0,1.0,0.0,0.0
20260414_134505_905168,4,72,1.984781503677368,0.1099797263741493,0.5657511629322671,1.7250017706844267,0.6475102967187499,1.3126450786015624,12.191618233919144,-1.83014124677888,0.0952306750917947,0.0447213255460665,0.02,0.05,0.0,carpet,12345,2458048105,0,0,4,2,2,2,0.5118016004562378,0.5919097661972046,0.6072210669517517,-0.6638363599777222,0.1979248225688934,0.2007968723773956,-0.7890294790267944,0.5380409359931946,0.0033176159486174,0.9966824054718018,0.4409900307655334,-0.1676413267850875,0.567251443862915,-0.4775828421115875,0.3625730872154236,-0.0614035092294216,0.3693957030773163,0.4941520392894745,1.0,0.0,0.0,1.0,0.0,0.0,1.0,0.0,0.0
20260414_134505_905168,4,73,2.050729751586914,0.134964644908905,0.0744290288812545,1.7994307995656813,0.1589029977345076,0.3598608455822898,-2.4984918534755707,-1.9854251298778536,0.1075022793028311,0.0744748184593982,0.02,0.05,0.0,carpet,12345,2458048105,0,0,4,2,2,2,-0.2208522707223892,-0.3004121482372284,-0.3787242174148559,-0.6413186192512512,0.4831191599369049,0.3571377098560333,0.3996829688549042,0.4184602797031402,0.1210733950138092,0.8789265751838684,0.0641606971621513,0.2875243723392486,0.2836257219314575,0.0955165699124336,-0.3586744666099548,0.1949317753314972,0.202729046344757,-0.4512670636177063,1.0,0.0,0.0,1.0,0.0,0.0,1.0,0.0,0.0
20260414_134505_905168,4,74,2.030975103378296,0.1260556429624557,0.1407209924462329,1.9401517920119145,0.2269849655630473,0.4926206828479422,0.890900194644928,-2.172534074893093,0.1120495311871054,0.1011803999620752,0.02,0.05,0.0,carpet,12345,2458048105,0,0,4,2,2,2,0.6579082012176514,-0.7456476092338562,0.7086470723152161,-0.965638279914856,-0.498571515083313,-0.5844259262084961,0.5485818982124329,0.5008955001831055,0.0969410836696624,0.90305894613266,0.2798831760883331,-0.0984405428171157,0.1140350848436355,0.028265107423067,-0.3723196983337402,0.2884990274906158,0.1793372333049774,0.2134502977132797,1.0,0.0,0.0,1.0,0.0,0.0,1.0,0.0,0.0
20260414_134505_905168,4,75,1.98263156414032,0.0963232442736625,0.4622942008726849,2.402445992884599,0.5450130663363024,1.1127754793557898,2.9732398688793182,-1.692048576854532,0.1032280905458171,0.0479211281807156,0.02,0.05,0.0,carpet,12345,2458048105,0,0,4,2,2,2,0.3035200536251068,0.1990215182304382,-0.1656540483236313,1.0,0.1217030882835388,0.5413093566894531,-0.7953287363052368,0.4762021899223327,0.1055460721254348,0.8944538831710815,0.2950058877468109,0.4122807085514068,-0.4142300188541412,0.4678362607955932,-0.4571150243282318,0.1734892725944519,-0.1384015530347824,0.3499025404453277,1.0,0.0,0.0,1.0,0.0,0.0,1.0,0.0,0.0
20260414_134505_905168,4,76,2.0199270248413086,0.0991256907582283,0.3323525117071704,2.7347985045917698,0.3664207422577888,0.7645204474026883,-0.2802446484565735,1.7287432272859888,0.1059832295230065,0.0693981519663553,0.02,0.0,0.0,carpet,12345,2458048105,0,0,4,2,2,2,0.7612886428833008,0.80061274766922,0.9454375505447388,-0.9521400928497314,-0.9148725271224976,-0.3926094770431518,0.4600596725940704,0.4157728254795074,0.1342638581991195,0.8657361268997192,0.042567852884531,0.1842105239629745,0.1296296268701553,-0.1413255333900451,0.3372319638729095,0.0204678364098072,0.3167641460895538,-0.4853801131248474,1.0,0.0,0.0,1.0,0.0,0.0,1.0,0.0,0.0
20260414_134505_905168,4,77,2.021927118301392,0.093140035867691,0.3100415512399025,3.0448400558316724,0.3451444655463853,0.7230317078154513,0.5985654890537262,4.765454241605724,0.1085797726589977,0.0848987408116597,0.02,0.0,0.0,carpet,12345,2458048105,0,0,4,2,2,2,0.6238846778869629,0.3438746035099029,-0.33084437251091,-0.0193745829164981,0.4204804003238678,-0.1919436305761337,0.5587761998176575,0.4623922407627105,0.1315570324659347,0.868442952632904,0.2541307210922241,0.4142300188541412,0.2085769921541214,0.3391812741756439,-0.2436647117137909,-0.1832358688116073,-0.0467836260795593,0.2933723330497741,1.0,0.0,0.0,1.0,0.0,0.0,1.0,0.0,0.0
20260414_134505_905168,4,78,1.976072072982788,0.0875029265880584,0.2930157686863672,3.3378558245180394,0.3247187245396955,0.6832015128524063,0.5637109279632568,4.136010675856568,0.0991309881367903,0.0357971407929853,0.02,0.0,0.0,carpet,12345,2458048105,0,0,4,2,2,2,-0.3035974204540252,1.0,0.5485068559646606,0.553199052810669,-0.1738542169332504,0.7071453332901001,-0.7404322028160095,0.4648923873901367,0.1373384296894073,0.8626615405082703,0.2520393133163452,0.3937621712684631,0.2719298303127289,-0.0877192988991737,-0.028265107423067,0.2105263173580169,-0.136452242732048,0.3362573087215423,1.0,0.0,0.0,1.0,0.0,0.0,1.0,0.0,0.0
20260414_134505_905168,4,79,1.9175889492034912,0.0650660321116447,0.4968649664111116,3.834720790929151,0.5247812802818707,1.073323496549648,2.2436894476413727,4.849473326823926,0.0791631387075903,0.0,0.02,0.0,0.0,carpet,12345,2458048105,0,0,4,2,2,2,0.4048072099685669,0.7920160293579102,0.9517632722854614,0.0691896751523017,0.2035084068775177,-0.8295143246650696,-0.3697782754898071,0.4075735211372375,0.1427831649780273,0.8572167754173279,0.0428684055805206,-0.2095516622066497,0.5370370149612427,0.136452242732048,0.2222222238779068,-0.1744639426469802,0.4064327478408813,-0.441520482301712,1.0,0.0,0.0,1.0,0.0,0.0,1.0,0.0,0.0
20260414_134505_905168,4,80,1.9119839668273928,0.0656158626079559,0.353670665169463,4.188391456098614,0.3801265948740837,0.7912468600044633,-0.0549830496311187,5.148099503980447,0.0645592970462065,0.0,0.02,0.0,0.0,carpet,12345,2458048105,0,0,4,2,2,2,0.4719998240470886,-0.3948818743228912,0.8348420262336731,0.1221640333533287,0.1547183096408844,-0.6645171046257019,-0.4014565050601959,0.3344696164131164,0.1644544005393982,0.8355456590652466,-0.0177281070500612,0.206627681851387,0.3966861665248871,0.2397660762071609,-0.0058479532599449,0.1345029175281524,-0.3567251563072204,-0.2085769921541214,1.0,0.0,0.0,1.0,0.0,0.0,1.0,0.0,0.0
20260414_134505_905168,4,81,1.888836145401001,0.0774003118276596,0.1025518059188863,4.2909432620175005,0.1276020074414095,0.2988239145107485,-1.1784449219703674,4.334147939135406,0.0505020152252318,0.0,0.02,0.0,0.0,carpet,12345,2458048105,0,0,4,2,2,2,1.0,-0.9096519351005554,-0.860332727432251,0.7124971747398376,-0.3086340129375458,-0.3861148953437805,-0.7705128192901611,0.3274633288383484,0.1639233380556106,0.8360766172409058,-0.0255850944668054,0.2933723330497741,-0.2202728986740112,0.528265118598938,0.0311890840530395,0.0896686166524887,-0.3615984320640564,-0.2115009725093841,1.0,0.0,0.0,1.0,0.0,0.0,1.0,0.0,0.0
20260414_134505_905168,4,82,2.0929644107818604,0.1464711427688598,-0.7728585516797646,3.518084710337736,-0.7449501731522813,-1.5026528376469486,-6.907083094120026,2.0669746540857687,0.079083785274833,0.0,0.02,0.0,0.0,carpet,12345,2458048105,0,0,4,2,2,2,0.9386001229286194,0.3232605457305908,0.8831741809844971,-0.4378438889980316,0.9824029803276062,0.7209084630012512,0.5984766483306885,0.2985286712646484,0.1525410413742065,0.8474589586257935,-0.0991565659642219,0.6306042671203613,-0.4366471767425537,0.0906432718038559,0.4444444477558136,-0.1920077949762344,-0.2046783566474914,-0.4434697926044464,1.0,0.0,0.0,1.0,0.0,0.0,1.0,0.0,0.0
20260414_134505_905168,4,83,2.093320846557617,0.1431168466806411,-0.560952141388323,2.957132568949413,-0.509298577451149,-1.0431322260297409,0.3354296088218689,0.3008107202405767,0.1047974741521486,0.0250977709203351,0.02,0.0199189279759423,0.0,carpet,12345,2458048105,0,0,4,2,2,2,-0.2668594717979431,-0.6380680203437805,0.7103002667427063,-0.8183419108390808,-0.128403827548027,0.6522258520126343,0.2647713422775268,0.5536890029907227,0.0858272537589073,0.9141727089881896,0.3310427069664001,0.5438596606254578,0.0214424952864646,0.4366471767425537,-0.3196881115436554,0.4668616056442261,0.1140350848436355,0.3372319638729095,1.0,0.0,0.0,1.0,0.0,0.0,1.0,0.0,0.0
20260414_134505_905168,4,84,2.104900360107422,0.2368178814649582,-1.0891107004391671,1.8680218685102463,-1.0,-3.124875039130231,-9.370103478431702,-3.5072658317420604,0.1296414236205568,0.1229311615422283,0.02,0.05,0.0,carpet,12345,2458048105,0,0,4,2,2,2,0.1152339205145835,0.9182453751564026,-0.6866318583488464,-0.874212920665741,-0.0687044709920883,0.8632155060768127,1.0,0.5541345477104187,0.0890670791268348,0.9109328985214232,0.3048040568828583,-0.1042884960770607,-0.2183235883712768,0.528265118598938,-0.4307992160320282,-0.0048732943832874,0.3791423141956329,0.1403508782386779,1.0,0.0,0.0,1.0,0.0,0.0,1.0,0.0,0.0
20260414_134505_905168,4,85,2.1026089191436768,0.2301404923200607,-1.094655845054722,0.7733660234555242,-1.0,-2.176721550725233,0.6677389144897461,-6.757310879016941,0.1493251044706315,0.1944666921531752,0.02,0.05,0.0,carpet,12345,2458048105,0,0,4,2,2,2,0.5404001474380493,-0.7668968439102173,0.3735024034976959,0.2380450963973999,-0.9602493047714232,0.6408060193061829,0.9419472217559814,0.5686088800430298,-0.0014363918453454,1.0,0.4974825382232666,0.068226121366024,0.5750487446784973,-0.2202728986740112,-0.4405457973480224,0.0048732943832874,0.4473684132099151,0.5721247792243958,1.0,0.0,0.0,1.0,0.0,0.0,1.0,0.0,0.0
20260414_134505_905168,4,86,2.0313034057617188,0.053515650331974,0.9081927429557916,1.681558766411316,1.0,2.7830798866582285,17.66248419880867,-4.765477852363176,0.1434722216756123,0.14920069753294,0.02,0.05,0.0,carpet,12345,2458048105,0,0,4,2,2,2,-0.5421120524406433,-0.6932631134986877,-0.9382364153862,-0.681664228439331,-0.6028198599815369,-0.416986882686615,-0.4225880801677704,0.5657445788383484,0.0050131217576563,0.994986891746521,0.491146445274353,0.3469785451889038,-0.202729046344757,0.2797271013259887,0.1510721296072006,-0.5886939764022827,0.4083820581436157,0.5779727101325989,1.0,0.0,0.0,1.0,0.0,0.0,1.0,0.0,0.0
20260414_134505_905168,4,87,2.0341806411743164,0.0329054594039917,0.9097398214216912,2.591298587833008,1.0,2.6025646881932403,2.061019092798233,-2.4617370786806845,0.1399862060394672,0.1252311594872379,0.02,0.05,0.0,carpet,12345,2458048105,0,0,4,2,2,2,-0.0900696069002151,0.7792991399765015,0.2970340549945831,-0.2920612096786499,0.0212871562689542,-0.3515128195285797,0.1471842527389526,0.4766126573085785,0.1756106317043304,0.8243893384933472,0.1504301130771637,-0.1861598491668701,-0.1968810856342315,0.2865497171878814,-0.1140350848436355,-0.2992202639579773,0.3206627666950226,-0.219298243522644,1.0,0.0,0.0,1.0,0.0,0.0,1.0,0.0,0.0
20260414_134505_905168,4,88,1.915847659111023,0.0302914660423994,0.9676310324230776,3.5589296202560847,1.0,2.017273350184737,0.2613993361592293,1.0581891091510016,0.1057304204873421,0.0359185105637668,0.02,0.0,0.0,carpet,12345,2458048105,0,0,4,2,2,2,-0.0264037884771823,0.3857030570507049,-0.0261696074157953,1.0,-0.6343182325363159,-0.8553798198699951,-0.5694136023521423,0.4802091717720032,0.1955174952745437,0.8044824600219727,0.1848055273294448,-0.0857699811458587,0.3674463927745819,0.1179337203502655,-0.1744639426469802,0.0458089672029018,-0.1208577007055282,0.1081871315836906,1.0,0.0,0.0,1.0,0.0,0.0,1.0,0.0,0.0
20260414_134505_905168,4,89,2.121141195297241,0.1708135455846786,-1.079224428412888,2.4797051918431965,-1.0,-2.0000969759184244,-14.052207954227924,0.1012243592623178,0.1349697742167398,0.1169977383489149,0.02,0.0398775640737682,0.0,carpet,12345,2458048105,0,0,4,2,2,2,-0.2163067013025283,-0.966556429862976,0.2158973515033722,-0.9894123673439026,0.4675875008106231,0.6145246624946594,0.8850955963134766,0.3322929441928863,0.1980422884225845,0.8019576668739319,-0.0609056241810321,-0.0214424952864646,0.219298243522644,-0.0380116961896419,0.5458089709281921,-0.3499025404453277,-0.2085769921541214,-0.3235867321491241,1.0,0.0,0.0,1.0,0.0,0.0,1.0,0.0,0.0
20260414_134505_905168,4,90,2.007131338119507,0.0245680753141641,0.9640497404502668,3.4437549322934635,1.0,2.1560640248240475,14.624547027051449,5.382163423216596,0.126165277185926,0.0666746366228089,0.02,0.0,0.0,carpet,12345,2458048105,0,0,4,2,2,2,0.470363974571228,-0.4263102412223816,0.0910126194357872,-0.1288196146488189,-0.4835694432258606,-0.4310885369777679,-0.6558791399002075,0.588909924030304,0.0623155385255813,0.9376844167709352,0.4490916132926941,-0.0799220278859138,-0.0955165699124336,0.2124756276607513,-0.4142300188541412,0.2787524461746216,0.2543859779834747,0.5097466111183167,1.0,0.0,0.0,1.0,0.0,0.0,1.0,0.0,0.0
20260414_134505_905168,4,91,2.028611421585083,0.0570599399507045,0.3500522881964359,3.7938072204898994,0.3870520013869287,0.8047514027045111,-3.2491864636540413,8.36363637664634,0.125543004500032,0.0889082548097907,0.02,0.0,0.0,carpet,12345,2458048105,0,0,4,2,2,2,-0.9805378913879396,-0.6682471632957458,0.5031270980834961,-0.9561884999275208,0.4619916975498199,-0.9816282987594604,0.7464805841445923,0.446397602558136,0.2035703659057617,0.7964296340942383,0.0663018152117729,0.2972709536552429,-0.2163742631673813,0.0984405428171157,-0.0272904485464096,-0.1247563362121582,0.1598440557718277,-0.3693957030773163,1.0,0.0,0.0,1.0,0.0,0.0,1.0,0.0,0.0
20260414_134505_905168,4,92,2.02315640449524,0.0094616170972585,0.8578087504593586,4.651615970949258,0.8941136530074567,1.7935216233645406,4.759832285344601,7.3740781133526525,0.123597683731295,0.0789026834993724,0.02,0.0,0.0,carpet,12345,2458048105,0,0,4,2,2,2,-0.2745675444602966,-0.0481806062161922,0.3408213257789612,-0.0836527943611145,0.1905536949634552,-0.351310670375824,0.2288668751716613,0.4732477068901062,0.1721872985363006,0.8278127312660217,0.2728856205940246,-0.5721247792243958,-0.3118908405303955,0.3693957030773163,-0.3976608216762543,0.3372319638729095,-0.4385964870452881,0.4629629552364349,1.0,0.0,0.0,1.0,0.0,0.0,1.0,0.0,0.0
20260414_134505_905168,4,93,2.03515887260437,0.0476989299058914,0.1365426045311151,4.788158575480374,0.1739530242602995,0.3892083973075841,-3.823731280863285,5.160721822466996,0.1253967682273568,0.0974148581289753,0.02,0.0,0.0,carpet,12345,2458048105,0,0,4,2,2,2,0.3282158374786377,-0.0595974326133728,-0.7237175107002258,0.6670595407485962,0.9046759605407716,-0.4956461191177368,0.8328885436058044,0.4664289355278015,0.2181613147258758,0.7818386554718018,0.1809851378202438,-0.2270955145359039,-0.1013645231723785,0.1851851791143417,-0.0467836260795593,0.1276803165674209,-0.19395712018013,0.136452242732048,1.0,0.0,0.0,1.0,0.0,0.0,1.0,0.0,0.0
20260414_134505_905168,4,94,2.040527582168579,0.0415148138999938,0.1648846621794571,4.953043237659831,0.203338050322116,0.4465091981281262,0.6184116005897522,3.589957670410385,0.128229184554758,0.1126093937436606,0.02,0.0,0.0,carpet,12345,2458048105,0,0,4,2,2,2,-0.1910137832164764,-0.7664334177970886,-0.4568898677825928,0.4321363568305969,-0.1958528161048889,-0.381382554769516,0.7227418422698975,0.4814319610595703,0.1812288463115692,0.8187711238861084,0.2705970108509063,0.2134502977132797,-0.0165692009031772,-0.4259259402751922,0.3099415302276611,0.3986354768276214,-0.3382066190242767,0.4931773841381073,1.0,0.0,0.0,1.0,0.0,0.0,1.0,0.0,0.0
20260414_134505_905168,4,95,2.0436604022979736,0.0317305512726306,0.2326879677196851,5.185731205379516,0.271532545784705,0.5794884642801748,0.9784262627363204,6.169543110608984,0.1312458452988449,0.1143998707027073,0.02,0.0,0.0,carpet,12345,2458048105,0,0,4,2,2,2,-0.9706828594207764,-0.4018411934375763,-0.4140630066394806,0.4229846000671386,-0.6155973076820374,0.0584581308066844,0.4288633167743683,0.4881429672241211,0.1872019320726394,0.8127980828285217,0.2751106321811676,-0.0896686166524887,-0.2670565247535705,-0.2134502977132797,0.3021442592144012,-0.080896683037281,-0.223196879029274,0.4337232112884521,1.0,0.0,0.0,1.0,0.0,0.0,1.0,0.0,0.0
20260414_134505_905168,4,96,1.9676448106765747,-0.0082036051899194,0.6750610157395542,5.86079222111907,0.7092155178327598,1.4329702597738816,3.993415646255016,5.446449345558818,0.1130187814026973,0.0570524790587177,0.02,0.0,0.0,carpet,12345,2458048105,0,0,4,2,2,2,0.4657703638076782,-1.0,-0.2729772925376892,0.1691048741340637,-0.1122550219297409,-0.6461074948310852,-0.383872777223587,0.4920589327812195,0.1966523081064224,0.8033477067947388,0.2420252859592437,-0.5721247792243958,-0.1959064304828643,-0.2017543911933899,0.3167641460895538,-0.2680311799049377,0.0487329438328743,0.2456140369176864,1.0,0.0,0.0,1.0,0.0,0.0,1.0,0.0,0.0
20260414_134505_905168,4,97,1.9713791608810425,-0.0105493031442165,0.5241584539111463,6.3849506750302165,0.5555744326604315,1.1333701436878414,0.2345697954297065,5.775068086542149,0.1011538506083921,0.0260118737689183,0.02,0.0,0.0,carpet,12345,2458048105,0,0,4,2,2,2,0.8531979322433472,-0.2024684250354766,-0.395888090133667,-0.1157632544636726,0.0057129655033349,-0.8870920538902283,-0.0803418532013893,0.3970394134521484,0.2352237105369568,0.7647762894630432,0.0398699827492237,0.2904483377933502,-0.5896686315536499,-0.1033138409256935,0.1959064304828643,0.0029239766299724,-0.1881091594696045,-0.2046783566474914,1.0,0.0,0.0,1.0,0.0,0.0,1.0,0.0,0.0
20260414_134505_905168,4,98,1.983141541481018,0.0028570815920829,0.2073092447732714,6.592259919803488,0.2383938406966119,0.5148679893583932,-1.3406384736299517,4.496414452536001,0.0954619214441517,0.0307680755785053,0.02,0.0,0.0,carpet,12345,2458048105,0,0,4,2,2,2,-0.3440798819065094,0.9643704295158386,-0.8166645169258118,-0.8140394687652588,-0.4080491065979004,-1.0,0.506685733795166,0.401707261800766,0.2374893575906753,0.7625105977058411,0.0810997709631919,0.5194931626319885,-0.2046783566474914,-0.2699805200099945,0.1423001885414123,0.076998047530651,-0.3118908405303955,-0.0350877195596694,1.0,0.0,0.0,1.0,0.0,0.0,1.0,0.0,0.0
20260414_134505_905168,4,99,1.909734129905701,-0.021798487752676,0.4609785584328746,7.053238478236363,0.4884821669937298,1.0025402256377731,2.4655569344758987,5.10974628086619,0.075036085608552,0.0,0.02,0.0,0.0,carpet,12345,2458048105,0,0,4,2,2,2,-0.1753442883491516,-0.6950559616088867,0.0652883350849151,-0.5457288026809692,0.2515416443347931,-0.9679807424545288,-0.3094274699687958,0.4164102673530578,0.2245404869318008,0.7754595279693604,0.1776704788208007,-0.2378167659044265,0.5302144289016724,-0.5077972412109375,0.034113060683012,0.0760233923792839,-0.4678362607955932,0.3216374218463897,1.0,0.0,0.0,1.0,0.0,0.0,1.0,0.0,0.0
20260414_134505_905168,4,100,2.007798671722412,0.0127795599400997,-0.0606279104357834,6.99261056780058,-0.0320748836364463,-0.1125460230910704,-3.4578047692775726,4.550691059646994,0.0814319307197067,0.0081966745473271,0.02,0.0,0.0,carpet,12345,2458048105,0,0,4,2,2,2,0.0131451729685068,0.3791457116603851,1.0,-0.3867155015468597,-0.4039481580257416,0.924826443195343,0.4594733715057373,0.324651151895523,0.2483546584844589,0.7516453266143799,-0.0285347048193216,-0.0955165699124336,-0.231968805193901,0.1072124764323234,-0.2543859779834747,0.2417154014110565,-0.4785574972629547,-0.149122804403305,1.0,0.0,0.0,1.0,0.0,0.0,1.0,0.0,0.0
20260414_134505_905168,4,101,2.0204882621765137,0.0324773341417312,-0.3019115559661561,6.690699011834424,-0.2701814730046568,-0.5768538723590808,-1.9697774201631544,3.394348723007738,0.0892934855297137,0.0560146881705565,0.02,0.0,0.0,carpet,12345,2458048105,0,0,4,2,2,2,-0.4562838673591614,0.8019579648971558,-0.3761155605316162,0.7000823616981506,-0.0519825592637062,-0.25785893201828,1.0,0.4472316801548004,0.214956596493721,0.7850433588027954,0.2330764234066009,-0.0224171541631221,0.1179337203502655,0.441520482301712,-0.2436647117137909,-0.2592592537403106,0.3294346928596496,0.2514619827270508,1.0,0.0,0.0,1.0,0.0,0.0,1.0,0.0,0.0
20260414_134505_905168,4,102,2.0041894912719727,-0.01410374045372,0.3178075710629742,7.008506582897398,0.3496853644189551,0.7318864606169626,4.658107459545136,2.693264923850819,0.0915936392627888,0.0543685885940405,0.02,0.0,0.0,carpet,12345,2458048105,0,0,4,2,2,2,-0.1197815313935279,-0.368592232465744,0.4689823985099792,-0.7726131677627563,0.9099440574645996,-0.111486330628395,0.3853434324264526,0.4630937576293945,0.195931002497673,0.8040689826011658,0.3106536269187927,-0.2797271013259887,0.4912280738353729,-0.264132559299469,0.3206627666950226,-0.0857699811458587,-0.1783625781536102,0.6091617941856384,1.0,0.0,0.0,1.0,0.0,0.0,1.0,0.0,0.0
20260414_134505_905168,4,103,2.017423629760742,-0.0126780392602086,0.2053600482751634,7.213866631172561,0.2375755464743237,0.5132723156249313,-0.1425701193511486,2.073167095787909,0.0964740092493844,0.0513619454844379,0.02,0.0,0.0,carpet,12345,2458048105,0,0,4,2,2,2,0.9714404940605164,-0.8941668272018433,-0.4833633005619049,0.8317676186561584,-0.2124025970697403,0.6364967823028564,0.1098452135920524,0.4427202343940735,0.2409224957227707,0.7590774893760681,0.1814538538455963,-0.0594541914761066,-0.1705653071403503,0.3235867321491241,-0.4756335318088531,0.4688109159469604,-0.1052631586790084,0.2163742631673813,1.0,0.0,0.0,1.0,0.0,0.0,1.0,0.0,0.0
20260414_134505_905168,4,104,1.9921660423278809,-0.0123672140762209,0.1374680699940257,7.351334701166587,0.1677864651892421,0.3771836071190222,-0.0310825183987617,1.935482713548538,0.094161145710272,0.0180456124837844,0.02,0.0,0.0,carpet,12345,2458048105,0,0,4,2,2,2,-0.805781900882721,-0.3654333651065826,0.2616233229637146,-0.8061801791191101,0.3765400350093841,0.7447687387466431,-0.6272784471511841,0.4592630267143249,0.2395454496145248,0.760454535484314,0.1753500699996948,0.6081871390342712,-0.4649122953414917,-0.2095516622066497,0.4532163739204407,-0.1910331398248672,0.3050682246685028,0.0428849905729293,1.0,0.0,0.0,1.0,0.0,0.0,1.0,0.0,0.0
20260414_134505_905168,4,105,2.019232749938965,-0.0226033627986907,0.219498617100547,7.570833318267134,0.2506622684107735,0.5387914234010083,1.023614872246981,1.4717339113117731,0.0988837227898861,0.0255055806247561,0.02,0.0,0.0,carpet,12345,2458048105,0,0,4,2,2,2,0.6892145872116089,-0.7665160894393921,0.8469805121421814,0.9077190160751344,0.8752667903900146,-0.3537532985210418,0.1489914059638977,0.4276908934116363,0.2392452359199524,0.7607547044754028,0.0683609694242477,-0.4844054579734802,-0.1890838146209716,0.1812865436077118,-0.4424951374530792,0.2251462042331695,0.4093567132949829,-0.38791424036026,1.0,0.0,0.0,1.0,0.0,0.0,1.0,0.0,0.0
20260414_134505_905168,4,106,2.0838420391082764,0.0946314632892608,-1.087165348390767,6.483667969876366,-1.0,-2.526777084648046,-11.723482608795166,-0.9424971502452024,0.1190306971928348,0.1052455734296719,0.02,0.05,0.0,carpet,12345,2458048105,0,0,4,2,2,2,-0.751214861869812,-0.8276656270027161,-0.0354404263198375,-0.2423343658447265,-0.4760745763778686,0.87307208776474,0.8917464017868042,0.4615243971347809,0.2491320669651031,0.7508679032325745,0.1801236122846603,0.3791423141956329,-0.5409356951713562,0.4269005954265594,-0.1461988240480423,0.4483430683612823,-0.1842105239629745,0.1052631586790084,1.0,0.0,0.0,1.0,0.0,0.0,1.0,0.0,0.0
20260414_134505_905168,4,107,2.074800491333008,0.0376744978129863,-0.3052499653842481,6.178418004492118,-0.2159788085021359,-0.4711586765791651,5.695696547627449,-0.8368019544652867,0.1328191107534639,0.119784916135315,0.02,0.05,0.0,carpet,12345,2458048105,0,0,4,2,2,2,0.8351812958717346,-0.0813952088356018,-0.0741865411400795,0.4032554924488067,-0.2594807147979736,0.7955424189567566,-0.0034828470088541,0.5422859191894531,0.1358979046344757,0.8641021251678467,0.4355120062828064,-0.4444444477558136,-0.4317738711833954,0.1062378138303756,-0.076998047530651,-0.2407407462596893,0.4366471767425537,0.5058479309082031,1.0,0.0,0.0,1.0,0.0,0.0,1.0,0.0,0.0
20260414_134505_905168,4,108,2.0620710849761963,-0.0123680122196674,0.3451533589712132,6.523571363463332,0.4347147401958864,0.8976937433819785,5.004251003265381,-0.6709946717002708,0.1399688553255797,0.1112899138423041,0.02,0.05,0.0,carpet,12345,2458048105,0,0,4,2,2,2,-0.7836365699768066,-0.2645640969276428,0.6123121380805969,-0.0947437137365341,0.3704473674297333,0.0994893908500671,-0.012878505513072,0.5309839248657227,0.190911203622818,0.8090887665748596,0.2795969843864441,0.4619883000850677,-0.1725146174430847,-0.1237816736102104,0.2153996080160141,-0.1793372333049774,0.4931773841381073,0.0038986355066299,1.0,0.0,0.0,1.0,0.0,0.0,1.0,0.0,0.0
20260414_134505_905168,4,109,2.055433511734009,0.0035845842212438,0.0258768116049995,6.549448175068331,0.1151053315454807,0.2744553965136873,-1.5952596440911293,-0.9098115908115147,0.1435133967022334,0.0975436054051551,0.02,0.05,0.0,carpet,12345,2458048105,0,0,4,2,2,2,0.1587599366903305,-0.8881808519363403,0.2787380516529083,-0.2406796514987945,-0.4428483247756958,0.9746278524398804,-0.2287657111883163,0.515072226524353,0.2392460107803344,0.7607539892196655,0.2127764523029327,-0.4892787635326385,-0.1871345043182373,0.2884990274906158,-0.1218323558568954,0.2153996080160141,0.1042884960770607,0.0029239766299724,1.0,0.0,0.0,1.0,0.0,0.0,1.0,0.0,0.0
20260414_134505_905168,4,110,2.085021495819092,0.0911543369293212,-1.0851577266266612,5.46429044844167,-0.9914883437521332,-1.98340227031666,-8.756975270807743,-3.270397468247197,0.1550329528399757,0.1633217518106108,0.02,0.05,0.0,carpet,12345,2458048105,0,0,4,2,2,2,-0.5456003546714783,0.1107385084033012,-0.973073661327362,-0.0291714835911989,-0.8372581601142883,0.6780497431755066,1.0,0.5067752599716187,0.2238378077745437,0.7761622071266174,0.187373474240303,0.0945419073104858,-0.5458089709281921,0.2095516622066497,-0.0994152054190635,-0.2173489332199096,0.538986325263977,-0.1588694006204605,1.0,0.0,0.0,1.0,0.0,0.0,1.0,0.0,0.0
20260414_134505_905168,4,111,2.0459189414978027,-0.0045939097180962,0.3461516772959099,5.81044212573758,0.4390535709989401,0.9061544634479332,9.574824664741756,-2.903034428200272,0.1520109085704463,0.1540160569197098,0.02,0.05,0.0,carpet,12345,2458048105,0,0,4,2,2,2,-0.9492562413215636,-0.5984840989112854,0.5011358261108398,0.5623920559883118,0.3637861907482147,-0.7749403715133667,0.6724950075149536,0.5437602996826172,0.1392563730478286,0.8607436418533325,0.4494539499282837,-0.334307998418808,0.0964912250638008,-0.3401559591293335,0.064327485859394,-0.3781676292419433,0.3869395852088928,0.5808966755867004,1.0,0.0,0.0,1.0,0.0,0.0,1.0,0.0,0.0
20260414_134505_905168,4,112,2.080451250076294,0.0106600858271121,0.033259076210442,5.843701201948021,0.1273158763875655,0.2982659589557528,-1.5253995545208454,-0.0779913845964728,0.160220125283393,0.1606957529756846,0.02,0.05,0.0,carpet,12345,2458048105,0,0,4,2,2,2,0.952494740486145,-0.4260298609733581,0.7649931311607361,0.0339820384979248,0.852527379989624,0.3754056990146637,0.8011576533317566,0.4948820173740387,0.2317371964454651,0.7682628035545349,0.247474119067192,-0.556530237197876,-0.3781676292419433,0.2378167659044265,0.2348927855491638,0.1822612136602401,-0.4200779795646667,0.4230019450187683,1.0,0.0,0.0,1.0,0.0,0.0,1.0,0.0,0.0
20260414_134505_905168,4,113,2.080315589904785,-0.0015716888010501,0.2015890522414359,6.0452902541894575,0.2458942743183952,0.5294938349208707,1.2231774628162384,0.922661126903563,0.1664761251225376,0.1531521912941116,0.02,0.0,0.0,carpet,12345,2458048105,0,0,4,2,2,2,-0.5505051612854004,0.4201570451259613,0.5286908149719238,0.049915537238121,-0.9280512928962708,0.2827281951904297,0.3310221433639526,0.5380474328994751,0.217003732919693,0.7829962372779846,0.2945216596126556,0.4239766001701355,-0.3723196983337402,0.343079924583435,-0.0565302148461341,0.3976608216762543,-0.1461988240480423,0.4493177533149719,1.0,0.0,0.0,1.0,0.0,0.0,1.0,0.0,0.0
20260414_134505_905168,4,114,2.0869734287261963,0.0061611719429492,0.0071916929492058,6.052481947138664,0.0788712090208488,0.2037988575906553,-0.7732860743999481,0.2287662411122397,0.1733726490592474,0.1443775055388442,0.02,0.027123375888776,0.0,carpet,12345,2458048105,0,0,4,2,2,2,0.2912001311779022,0.2308810949325561,-0.8461043834686279,-1.0,0.11967384070158,0.8530004620552063,0.1104496568441391,0.5378778576850891,0.2288181185722351,0.7711819410324097,0.2512823939323425,-0.3547758162021637,0.2017543911933899,0.2768031060695648,0.0506822615861892,-0.4025341272354126,0.1968810856342315,0.19395712018013,1.0,0.0,0.0,1.0,0.0,0.0,1.0,0.0,0.0
20260414_134505_905168,4,115,2.038006544113159,-0.0390692315995693,0.5912032687108069,6.64368521584947,0.6326201188492104,1.2836092317559604,4.523040354251862,1.2379200763545128,0.1630715316158739,0.1021939395363241,0.02,0.0,0.0,carpet,12345,2458048105,0,0,4,2,2,2,0.5276378393173218,-0.6944333910942078,0.6964664459228516,0.3142774701118469,0.0767705664038658,-0.5894394516944885,-0.0127164274454116,0.546200156211853,0.2213491350412368,0.7786508798599243,0.2405460178852081,0.1949317753314972,0.1773879081010818,-0.0925925895571708,-0.4025341272354126,0.0916179344058036,0.4064327478408813,0.0350877195596694,1.0,0.0,0.0,1.0,0.0,0.0,1.0,0.0,0.0
20260414_134505_905168,4,116,2.049527168273926,-0.0149586293846368,0.1183231713942118,6.762008387243682,0.1589445479198307,0.3599418684436699,-2.411060221493244,3.5812642151148424,0.1590675496959298,0.0942924311205184,0.02,0.0,0.0,carpet,12345,2458048105,0,0,4,2,2,2,-0.8040544390678406,0.1102565675973892,0.4251150786876678,0.7404866218566895,0.9330738186836244,-1.0,0.6798686981201172,0.4849916398525238,0.2650360465049743,0.7349639534950256,0.1179150119423866,0.3284600377082824,-0.4210526347160339,0.4035087823867798,0.1286549717187881,0.0467836260795593,-0.2816764116287231,0.0185185186564922,1.0,0.0,0.0,1.0,0.0,0.0,1.0,0.0,0.0
20260414_134505_905168,4,117,1.930784821510315,-0.0154597181826829,0.0870128468733597,6.849021234117042,0.1192223698891803,0.2824836212839017,0.0501088798046112,2.957593372950811,0.1220952301582058,0.0,0.02,0.0,0.0,carpet,12345,2458048105,0,0,4,2,2,2,-0.4193581044673919,-1.0,0.3432306349277496,0.1680331826210022,0.4386993944644928,-0.447972297668457,-1.0,0.4993923306465149,0.2417482286691665,0.7582517862319946,0.1996729224920272,-0.4853801131248474,0.0594541914761066,0.1842105239629745,0.2076023370027542,0.3050682246685028,-0.5721247792243958,0.4083820581436157,1.0,0.0,0.0,1.0,0.0,0.0,1.0,0.0,0.0
20260414_134505_905168,4,118,2.071330070495605,0.0125369187444448,-0.2602130949662201,6.588808139150822,-0.2246426703668068,-0.4880532072152732,-2.799663692712784,2.1712742067797848,0.1342625556951725,0.0428833805979215,0.02,0.0,0.0,carpet,12345,2458048105,0,0,4,2,2,2,0.0904907137155532,-0.8066267371177673,-0.920019268989563,0.6732084155082703,-0.8847197890281677,0.3775147795677185,0.7990219593048096,0.3509643673896789,0.2422322034835815,0.7577677369117737,-0.1435818970203399,-0.2368421107530594,-0.4307992160320282,0.2504873275756836,0.1013645231723785,0.2553606331348419,-0.2524366378784179,-0.600389838218689,1.0,0.0,0.0,1.0,0.0,0.0,1.0,0.0,0.0
20260414_134505_905168,4,119,2.0183746814727783,-0.0485248863697052,0.5353547802779463,7.124162919428768,0.569489857662716,1.1605052224422965,6.106180511415005,2.8022855943012104,0.1287367586836838,0.0252280303280251,0.02,0.0,0.0,carpet,12345,2458048105,0,0,4,2,2,2,0.3788877725601196,0.3269795477390289,0.2939522862434387,-0.39459890127182,-0.9824509024620056,0.251724362373352,-0.3263998925685882,0.5266460180282593,0.2151909470558166,0.7848090529441833,0.3157598078250885,0.068226121366024,-0.4454191029071808,-0.0136452242732048,0.441520482301712,-0.5126705765724182,0.1803118884563446,0.4434697926044464,1.0,0.0,0.0,1.0,0.0,0.0,1.0,0.0,0.0
20260414_134505_905168,4,120,2.0447869300842285,-0.0541220903396606,0.4579458989661542,7.582108818394922,0.4924661620926214,1.010309016080612,0.5597203969955444,3.608795752791167,0.1319454633799354,0.0265143357694746,0.02,0.0,0.0,carpet,12345,2458048105,0,0,4,2,2,2,-0.0739441290497779,-0.622642457485199,-0.0052194031886756,-0.368227481842041,0.0105275409296154,0.5168997049331665,-0.0637150406837463,0.4604516923427582,0.2741690278053283,0.7258309721946716,0.1150033697485923,0.1666666716337204,-0.0935672521591186,0.1403508782386779,0.2202728986740112,-0.5272904634475708,0.2046783566474914,-0.1695906370878219,1.0,0.0,0.0,1.0,0.0,0.0,1.0,0.0,0.0
20260414_134505_905168,4,121,2.0261778831481934,-0.0587256923317909,0.3871571018028993,7.969265920197822,0.421959903519847,0.8728218118637017,0.4603601992130279,3.198008332898908,0.1291817324754674,0.037692569388018,0.02,0.0,0.0,carpet,12345,2458048105,0,0,4,2,2,2,0.3685463368892669,-0.5665240287780762,-0.9039855003356934,0.2609219551086426,-0.1055505201220512,-0.5831855535507202,0.4336648285388946,0.4934671521186828,0.2795752286911011,0.7204247713088989,0.1650436371564865,0.0029239766299724,-0.2134502977132797,0.0886939540505409,-0.1725146174430847,0.0019493177533149,0.2816764116287231,-0.0614035092294216,1.0,0.0,0.0,1.0,0.0,0.0,1.0,0.0,0.0
20260414_134505_905168,4,122,2.037050724029541,-0.0489659681916236,0.1496609994465438,8.118926919644366,0.1849350027659572,0.4106232553936166,-0.9759724140167236,3.248689719848855,0.1301277070960126,0.0452246521962429,0.02,0.0,0.0,carpet,12345,2458048105,0,0,4,2,2,2,1.0,-0.7346332669258118,0.2374996542930603,0.2451207190752029,-0.735102117061615,0.4699114561080932,0.2268666177988052,0.470205694437027,0.2840217351913452,0.7159783244132996,0.2002234756946563,0.2387914210557937,-0.2651072144508362,-0.1354775875806808,0.1734892725944519,-0.0536062382161617,-0.2787524461746216,0.2807017564773559,1.0,0.0,0.0,1.0,0.0,0.0,1.0,0.0,0.0
20260414_134505_905168,4,123,1.980418682098389,-0.0520088970661163,0.1397472687330467,8.258674188377412,0.1713029043115476,0.3840406634075179,0.3042928874492645,3.350246761972471,0.11555635578501,0.0,0.02,0.0,0.0,carpet,12345,2458048105,0,0,4,2,2,2,-0.9691089391708374,0.1512548923492431,-0.4486049115657806,-0.6326729655265808,0.18761046230793,0.5332650542259216,-0.8897175788879395,0.4837968945503235,0.2745950520038605,0.7254049181938171,0.197290226817131,0.6062378287315369,-0.4541910290718078,0.1432748585939407,0.165692001581192,-0.4161793291568756,0.2563352882862091,0.1159844025969505,1.0,0.0,0.0,1.0,0.0,0.0,1.0,0.0,0.0
20260414_134505_905168,4,124,2.020462274551392,-0.068865492939949,0.3066348043514151,8.565308992728827,0.33817712533408,0.709445394401456,1.6856595873832705,4.5477453635892005,0.1154232098266481,0.0,0.02,0.0,0.0,carpet,12345,2458048105,0,0,4,2,2,2,1.0,0.8147737383842468,0.1787355840206146,-0.2051504999399185,0.963024377822876,0.0802735164761543,0.0213071256875991,0.4130067825317383,0.277534157037735,0.7224658727645874,-0.0007256589597091,-0.5925925970077515,0.1403508782386779,-0.2105263173580169,-0.3031189143657684,0.1471734941005706,0.3157894611358642,-0.5428850054740906,1.0,0.0,0.0,1.0,0.0,0.0,1.0,0.0,0.0
20260414_134505_905168,4,125,1.967440128326416,-0.0924941748380661,0.5199655517608621,9.085274544489687,0.550154406796929,1.1228010932540116,2.3628681898117065,4.510041234400916,0.1018885503606681,0.0,0.02,0.0,0.0,carpet,12345,2458048105,0,0,4,2,2,2,-0.9367250204086304,-0.4703058898448944,0.0254407171159982,0.034555397927761,-0.8547831773757935,-0.629269003868103,-0.2977342307567596,0.4630613327026367,0.2938154935836792,0.706184446811676,0.1314674317836761,0.5438596606254578,0.2709551751613617,-0.0692007765173912,-0.2105263173580169,0.4902534186840057,0.0068226121366024,-0.0029239766299724,1.0,0.0,0.0,1.0,0.0,0.0,1.0,0.0,0.0
20260414_134505_905168,4,126,2.033687114715576,-0.0523149594664573,-0.0888209425826342,8.996453601907055,-0.0576305458203621,-0.1623795643497061,-4.017921537160873,3.3373526539705978,0.1084216490645609,0.0069646371163204,0.02,0.0,0.0,carpet,12345,2458048105,0,0,4,2,2,2,-0.102505050599575,-0.5925188660621643,0.6656200885772705,-0.980883777141571,-0.5743728280067444,0.1949630975723266,0.7224978804588318,0.3967836499214172,0.3166378438472748,0.6833621263504028,0.0175849571824073,-0.5155945420265198,-0.1325536072254181,0.0760233923792839,0.0730994120240211,-0.1247563362121582,-0.2543859779834747,-0.1481481492519378,1.0,0.0,0.0,1.0,0.0,0.0,1.0,0.0,0.0
20260414_134505_905168,4,127,1.886107802391052,-0.0662903040647506,0.0632325113609565,9.059686113268013,0.0910763803564429,0.2275989416950636,1.3975344598293304,2.69212978380196,0.0784386899548632,0.0,0.02,0.0,0.0,carpet,12345,2458048105,0,0,4,2,2,2,-0.0969737321138382,-1.0,0.8867015242576599,0.9176025986671448,0.0264329016208648,-0.7985047101974487,-0.6968721747398376,0.4795923233032226,0.2778297662734985,0.7221702337265015,0.2676427960395813,-0.0779727101325988,-0.3654970824718475,0.4385964870452881,-0.2183235883712768,-0.2797271013259887,0.0984405428171157,0.4181286692619324,1.0,0.0,0.0,1.0,0.0,0.0,1.0,0.0,0.0
20260414_134505_905168,4,128,1.928228735923767,-0.0801336467266082,0.2126487383509908,9.272334851619002,0.2393757809321714,0.5167827728177343,1.3843342661857605,2.798289301226077,0.067270425811806,0.0,0.02,0.0,0.0,carpet,12345,2458048105,0,0,4,2,2,2,0.8719642162322998,-0.3975918889045715,0.8614808320999146,-0.1348472535610199,0.7121233344078064,0.3888452351093292,-0.4590558111667633,0.2951181530952453,0.2913281917572021,0.7086718082427979,-0.126325249671936,-0.0545808970928192,-0.5750487446784973,0.4922027289867401,0.2446393817663192,-0.0029239766299724,-0.3372319638729095,-0.3888888955116272,1.0,0.0,0.0,1.0,0.0,0.0,1.0,0.0,0.0
20260414_134505_905168,4,129,2.145870923995972,0.0245243720710277,-1.0621901281552355,8.210144723463767,-1.0,-2.228863390327604,-10.465801879763603,0.1853852474909558,0.1072865290433134,0.0,0.02,0.0314614752509044,0.0,carpet,12345,2458048105,0,0,4,2,2,2,0.8633630871772766,-0.871099591255188,-0.7152417898178101,0.6281254887580872,0.5552588701248169,0.6939610242843628,0.9247076511383056,0.3477693498134613,0.3046991527080536,0.695300817489624,-0.0718489214777946,0.4931773841381073,-0.3820662796497345,0.4619883000850677,-0.1520467847585678,0.3294346928596496,-0.0730994120240211,-0.3274853825569153,1.0,0.0,0.0,1.0,0.0,0.0,1.0,0.0,0.0
20260414_134505_905168,4,130,2.144590377807617,-0.0065239034593105,-0.5187833256312363,7.69136139783253,-0.4335593099934592,-0.8954406544872455,3.1048275530338287,-1.4195008013977457,0.1430271488351614,0.0184260150852201,0.02,0.05,0.0,carpet,12345,2458048105,0,0,4,2,2,2,0.010451971553266,0.6499663591384888,0.1645224094390869,0.0007869647233746,-0.2143986672163009,0.7241039872169495,-0.0386400558054447,0.6198221445083618,0.2036125808954239,0.7963874340057373,0.3698880076408386,0.5341130495071411,-0.4658869504928589,-0.3070175349712372,0.3070175349712372,0.2368421107530594,-0.0204678364098072,0.5321637392044067,1.0,0.0,0.0,1.0,0.0,0.0,1.0,0.0,0.0
20260414_134505_905168,4,131,2.1360971927642822,-0.018672527745366,-0.2519761543258806,7.439385243506649,-0.163007632673871,-0.3678648837140486,1.2148624286055565,-2.910166778365806,0.1704905408796436,0.038389351280903,0.02,0.05,0.0,carpet,12345,2458048105,0,0,4,2,2,2,0.4007596671581268,-0.3358113169670105,-0.4204136729240417,-0.6851025819778442,-0.0495127104222774,0.2793074548244476,-0.2352089285850525,0.6182214617729187,0.2336013168096542,0.7663986682891846,0.2519437968730926,-0.0292397662997245,0.1315789520740509,-0.0087719298899173,-0.0165692009031772,-0.1150097474455833,0.446393758058548,-0.028265107423067,1.0,0.0,0.0,1.0,0.0,0.0,1.0,0.0,0.0
20260414_134505_905168,4,132,2.1429648399353027,-0.0115725118666887,-0.3006203122431555,7.138764931263494,-0.2068713126935747,-0.4533990597524706,-0.7100015878677368,-3.2011862737685703,0.1949957044228097,0.0849885821459967,0.02,0.05,0.0,carpet,12345,2458048105,0,0,4,2,2,2,-0.9221924543380736,-0.3166393339633941,-0.5394282341003418,-0.2810782790184021,-0.3933011293411255,-0.2648471593856811,0.5344390869140625,0.60760498046875,0.2453353852033615,0.7546645998954773,0.2235183417797088,0.2573099434375763,-0.0984405428171157,-0.1306042820215225,-0.2670565247535705,0.0389863550662994,0.2699805200099945,-0.1130604296922683,1.0,0.0,0.0,1.0,0.0,0.0,1.0,0.0,0.0
20260414_134505_905168,4,133,2.1413116455078125,-0.0015983814373612,-0.374272685036155,6.764492246227339,-0.2766166951525828,-0.5894025555475366,-0.9974130429327488,-4.018187771011171,0.2138655227466114,0.1253887521782208,0.02,0.05,0.0,carpet,12345,2458048105,0,0,4,2,2,2,0.3094196021556854,-0.7220816016197205,-0.1260914206504821,-0.2448823601007461,0.6600896716117859,-0.1066817417740821,0.8498063683509827,0.6161893606185913,0.2384776622056961,0.7615223526954651,0.3324548602104187,-0.5253411531448364,-0.0994152054190635,-0.1393762230873108,-0.0955165699124336,-0.0760233923792839,0.0107212476432323,0.3450292348861694,1.0,0.0,0.0,1.0,0.0,0.0,1.0,0.0,0.0
20260414_134505_905168,4,134,2.144416570663452,0.0146854035556316,-0.510997960910313,6.253494285317026,-0.4098187392233166,-0.8491465414854673,-1.6283784992992878,-5.384117085314372,0.229733054995569,0.1641183237487908,0.02,0.05,0.0,carpet,12345,2458048105,0,0,4,2,2,2,-0.5622204542160034,0.8064967393875122,-1.0,-0.0457276403903961,-0.35799241065979,0.4466702342033386,0.8128829002380371,0.6141229867935181,0.2288438826799392,0.7711561322212219,0.3512296378612518,0.1881091594696045,-0.4366471767425537,-0.0428849905729293,-0.1569200754165649,0.3567251563072204,-0.0896686166524887,0.5029239654541016,1.0,0.0,0.0,1.0,0.0,0.0,1.0,0.0,0.0
20260414_134505_905168,4,135,1.998534560203552,-0.0843069404363632,0.8234590671416625,7.0769533524586885,0.9168967659926976,1.8379486936857603,9.899234399199486,-1.3173050013010084,0.1899503095977014,0.0888533578252958,0.02,0.05,0.0,carpet,12345,2458048105,0,0,4,2,2,2,0.7090240716934204,-0.3512308299541473,-0.6023463010787964,-0.3279633820056915,0.6412771940231323,-0.779849648475647,-0.3021082282066345,0.6180040240287781,0.2131157964468002,0.7868842482566833,0.380264401435852,-0.3557505011558532,0.4853801131248474,-0.5916179418563843,0.028265107423067,-0.1637426912784576,0.2387914210557937,0.4678362607955932,1.0,0.0,0.0,1.0,0.0,0.0,1.0,0.0,0.0
20260414_134505_905168,4,136,2.142361879348755,0.0635889247059822,-1.098891365338912,5.978061987119776,-1.0,-2.318935108294312,-14.789586514234545,-2.7407994551080748,0.2102655243322305,0.1572962581137777,0.02,0.05,0.0,carpet,12345,2458048105,0,0,4,2,2,2,0.6860659122467041,0.4846824705600738,-0.1401547640562057,0.5398343801498413,-0.8582012057304382,1.0,1.0,0.4356516003608703,0.3087300360202789,0.6912699937820435,0.0209670066833496,0.441520482301712,-0.1920077949762344,-0.3323586881160736,-0.1910331398248672,0.4171539843082428,-0.3830409348011017,-0.1666666716337204,1.0,0.0,0.0,1.0,0.0,0.0,1.0,0.0,0.0
20260414_134505_905168,4,137,1.933725953102112,-0.0987988859415054,0.9111115893663698,6.889173576486146,1.0,2.320493934966464,16.238781064748764,-0.052440636427562,0.1562923907917623,0.0651834310890772,0.02,0.05,0.0,carpet,12345,2458048105,0,0,4,2,2,2,1.0,-0.5834437012672424,0.464646428823471,-0.6633644700050354,-0.7691366672515869,0.023496838286519,-0.8402588963508606,0.615435779094696,0.1658811122179031,0.8341189026832581,0.4511492848396301,0.3937621712684631,0.082846000790596,-0.1812865436077118,0.301169604063034,-0.516569197177887,0.4912280738353729,0.5740740895271301,1.0,0.0,0.0,1.0,0.0,0.0,1.0,0.0,0.0
20260414_134505_905168,4,138,2.108538627624512,-0.0137713337317109,-0.2626362803209814,6.626537296165165,-0.1719581302666816,-0.3853183540200291,-8.502755220979452,0.0156400693048794,0.1723639038307367,0.1001153320342827,0.02,0.048435993069512,0.0,carpet,12345,2458048105,0,0,4,2,2,2,0.8987718224525452,-0.6826096177101135,-0.9624358415603638,0.9555095434188844,-0.5402260422706604,1.0,0.5620008111000061,0.354640781879425,0.3227274417877197,0.6772725582122803,-0.0429390706121921,0.5974658727645874,-0.3810916244983673,0.2875243723392486,-0.2241715341806411,-0.3908382058143616,0.3021442592144012,-0.4892787635326385,1.0,0.0,0.0,1.0,0.0,0.0,1.0,0.0,0.0
20260414_134505_905168,4,139,2.1227731704711914,-0.0341055504977703,0.0410718936189971,6.667609189784162,0.0868546941725488,0.2193666536364702,2.03342167660594,0.8244092784888863,0.1896723495299849,0.1363113120110642,0.02,0.0,0.0,carpet,12345,2458048105,0,0,4,2,2,2,-0.0386730022728443,0.2171445488929748,0.2686648070812225,0.1769614517688751,0.3564578592777252,0.3281103670597076,0.6440856456756592,0.5731567144393921,0.240601435303688,0.7593985199928284,0.3153400719165802,0.5633528232574463,-0.371345043182373,-0.3840155899524688,0.5,-0.3937621712684631,0.4649122953414917,0.3050682246685028,1.0,0.0,0.0,1.0,0.0,0.0,1.0,0.0,0.0
20260414_134505_905168,4,140,2.0650076866149902,-0.1074791699647903,0.9561386213288184,7.623747811112981,0.9994181932835128,1.99886547690285,7.3373619467020035,3.672421296877204,0.1836605243846347,0.0982703903246167,0.02,0.0,0.0,carpet,12345,2458048105,0,0,4,2,2,2,0.3186920881271362,0.342064768075943,0.5175212621688843,0.514685332775116,0.7606333494186401,-0.2952001094818115,0.0435965433716774,0.5909498333930969,0.2602417469024658,0.7397582530975342,0.3497743606567383,-0.0487329438328743,0.0389863550662994,-0.149122804403305,0.0370370373129844,0.1169590651988983,0.1803118884563446,0.3966861665248871,1.0,0.0,0.0,1.0,0.0,0.0,1.0,0.0,0.0
20260414_134505_905168,4,141,2.0714073181152344,-0.0967623442411422,0.5631909645663344,8.186938775679316,0.6057581869671483,1.2312284645859393,-1.0716825723648071,3.0657010677773826,0.1813052554143477,0.0887339371875819,0.02,0.0,0.0,carpet,12345,2458048105,0,0,4,2,2,2,0.6248358488082886,0.7800192832946777,0.6141776442527771,0.7156508564949036,-0.1891743242740631,-0.4866166710853576,0.5178771615028381,0.5187429189682007,0.3311114907264709,0.668888509273529,0.1252382397651672,0.1500974595546722,0.0389863550662994,-0.1510721296072006,0.0360623784363269,0.3499025404453277,-0.1842105239629745,0.030214425176382,1.0,0.0,0.0,1.0,0.0,0.0,1.0,0.0,0.0
20260414_134505_905168,4,142,2.167468786239624,0.0397368893027305,-1.048836361719392,7.138102413959924,-1.0,-2.48905949015736,-13.649923354387283,2.895576685914336,0.2122248497550102,0.1522775348778219,0.02,0.0,0.0,carpet,12345,2458048105,0,0,4,2,2,2,-0.8928514122962952,-0.6809042692184448,0.2555127143859863,-0.1206749752163887,-0.6038603186607361,0.9849863648414612,0.9383497834205629,0.5267425775527954,0.3207603991031647,0.6792396306991577,0.1906628310680389,0.3391812741756439,0.0730994120240211,-0.1384015530347824,0.3654970824718475,-0.1384015530347824,-0.2573099434375763,0.3187134563922882,1.0,0.0,0.0,1.0,0.0,0.0,1.0,0.0,0.0
20260414_134505_905168,4,143,2.1575701236724854,0.0076974499970674,-0.6236166964804335,6.514485717479491,-0.5209275051161276,-1.0658086349764488,3.203943930566311,-0.4907258840285777,0.2333188093284124,0.1871462086292926,0.02,0.05,0.0,carpet,12345,2458048105,0,0,4,2,2,2,-0.5338625311851501,0.5901721715927124,1.0,-0.9241357445716858,0.7134167551994324,-0.1559769660234451,0.8723213076591492,0.6468192934989929,0.1889192014932632,0.8110807538032532,0.434171050786972,-0.5233917832374573,-0.3109161853790283,0.2280701696872711,-0.0536062382161617,-0.376218318939209,0.4532163739204407,0.5341130495071411,1.0,0.0,0.0,1.0,0.0,0.0,1.0,0.0,0.0
20260414_134505_905168,4,144,2.154290199279785,-0.0426016151905059,0.1415063395940948,6.655992057073585,0.2092923863882065,0.4581201534570027,5.029906518757343,0.3527126234484541,0.2485356290968183,0.1640749245855062,0.02,0.0147287376551545,0.0,carpet,12345,2458048105,0,0,4,2,2,2,0.4152512550354004,0.4353367686271667,-0.0156438872218132,-0.5093892216682434,0.9397322535514832,0.5782146453857422,0.01773052662611,0.6344461441040039,0.2198652774095535,0.7801347374916077,0.3901199698448181,-0.3586744666099548,0.1452241688966751,0.4805068373680115,-0.5789473652839661,0.404483437538147,-0.0964912250638008,0.5477582812309265,1.0,0.0,0.0,1.0,0.0,0.0,1.0,0.0,0.0
20260414_134505_905168,4,145,2.038136482238769,-0.0841825231909751,0.6376379087367896,7.293629965810375,0.6836475974894708,1.383112815104468,4.158090800046921,1.516458784916452,0.2166771580253397,0.0868394590029434,0.02,0.0,0.0,carpet,12345,2458048105,0,0,4,2,2,2,-0.6168274283409119,-0.7050790786743164,-0.5807124972343445,0.015687933191657,0.6994172930717468,-0.9522334933280944,-0.3305352032184601,0.6303461194038391,0.2684479057788849,0.7315521240234375,0.2205748111009597,0.2475633472204208,0.261208564043045,-0.032163742929697,-0.3898635506629944,0.4366471767425537,0.2787524461746216,-0.0136452242732048,1.0,0.0,0.0,1.0,0.0,0.0,1.0,0.0,0.0
20260414_134505_905168,4,146,2.076909303665161,-0.0650615021586418,0.1743052566333472,7.467935222443722,0.2611841464205268,0.5593090855200273,-1.9121021032333367,0.0769023935336292,0.2075831196312316,0.0762163435483864,0.02,0.042309760646637,0.0,carpet,12345,2458048105,0,0,4,2,2,2,-0.0860128551721572,-0.1558568477630615,0.0944096371531486,0.7320625185966492,0.7708929181098938,-0.9391185641288756,0.7329502701759338,0.4851539731025696,0.3086098432540893,0.6913901567459106,0.0141423596069216,-0.3460038900375366,-0.1345029175281524,-0.2962962985038757,0.0194931775331497,0.429824560880661,-0.4795321524143219,-0.1822612136602401,1.0,0.0,0.0,1.0,0.0,0.0,1.0,0.0,0.0
20260414_134505_905168,4,147,2.1121950149536133,-0.0898514688014984,0.4120064900599997,7.879941712503721,0.5072979385699705,1.0392309802114426,2.47899666428566,-0.1150950908408674,0.2132403609761168,0.0793482482471829,0.02,0.05,0.0,carpet,12345,2458048105,0,0,4,2,2,2,-0.2333853095769882,-1.0,-0.9690664410591124,-0.3945762813091278,-0.5833918452262878,-0.3881688416004181,0.4835807681083679,0.5336200594902039,0.2901413142681122,0.7098586559295654,0.1770765781402588,-0.0886939540505409,-0.1890838146209716,-0.0623781681060791,0.2933723330497741,0.4093567132949829,-0.5945419073104858,0.4230019450187683,1.0,0.0,0.0,1.0,0.0,0.0,1.0,0.0,0.0
20260414_134505_905168,4,148,2.1126084327697754,-0.0853816717863082,0.2708919052341474,8.150833617737868,0.3167581075788829,0.6676783097788217,-0.4469797015190124,3.041642709095313,0.2176815515497868,0.0819609437951366,0.02,0.0,0.0,carpet,12345,2458048105,0,0,4,2,2,2,-0.0133882872760295,-0.1136701330542564,-0.7238982319831848,-0.3543874025344848,0.5839346647262573,-0.3488379120826721,0.5148541927337646,0.5777271389961243,0.3140853345394134,0.6859146952629089,0.2153072953224182,-0.1052631586790084,-0.3479532301425934,-0.2397660762071609,0.1179337203502655,-0.0126705653965473,-0.2261208593845367,0.2914229929447174,1.0,0.0,0.0,1.0,0.0,0.0,1.0,0.0,0.0
20260414_134505_905168,4,149,2.114339590072632,-0.0747497975826263,0.0481030120943122,8.19893662983218,0.0948522447395237,0.2349618772420711,-1.0631874203681946,4.342413221313834,0.2216690082717161,0.0916466363607957,0.02,0.0,0.0,carpet,12345,2458048105,0,0,4,2,2,2,-1.0,-0.1951509118080139,-0.6973215937614441,-0.6685864329338074,0.5780001282691956,-0.6624320149421692,0.6871746182441711,0.5782440304756165,0.3097680509090423,0.6902319192886353,0.2162158340215683,-0.0136452242732048,-0.0536062382161617,-0.3888888955116272,-0.1715399622917175,0.3645224273204803,-0.2348927855491638,0.2992202639579773,1.0,0.0,0.0,1.0,0.0,0.0,1.0,0.0,0.0
20260414_134505_905168,4,150,2.1650149822235107,-0.0553586743772029,-0.1828826418876923,8.016053987944488,-0.1325931652328379,-0.308556672204034,-1.9391123205423355,3.5757363956527968,0.2435405613818765,0.1187084103333336,0.02,0.0,0.0,carpet,12345,2458048105,0,0,4,2,2,2,0.8234272599220276,-0.3475328981876373,0.5809276103973389,1.0,0.4851740300655365,0.757267415523529,0.6686906218528748,0.5804079174995422,0.2994990050792694,0.7005009651184082,0.2428282052278518,-0.5994151830673218,-0.0536062382161617,-0.359649121761322,-0.2105263173580169,0.3703703582286834,-0.3654970824718475,0.3996101319789886,1.0,0.0,0.0,1.0,0.0,0.0,1.0,0.0,0.0
20260414_134505_905168,4,151,2.1218371391296387,-0.080909788608551,0.1343677421848444,8.150421730129333,0.1832617187849599,0.4073603516306718,2.555111423134804,2.5999839321790006,0.2439392902161249,0.0900009515700603,0.02,0.0,0.0,carpet,12345,2458048105,0,0,4,2,2,2,-0.1789735257625579,0.0953941568732261,0.5620445609092712,0.833900511264801,-0.9746229648590088,0.4650532007217407,-0.3980620503425598,0.6437520980834961,0.2807696163654327,0.7192304134368896,0.3110195994377136,0.404483437538147,-0.3284600377082824,-0.0409356728196144,0.1773879081010818,0.2095516622066497,0.0263157896697521,0.38791424036026,1.0,0.0,0.0,1.0,0.0,0.0,1.0,0.0,0.0
20260414_134505_905168,4,152,2.048713445663452,-0.1264641135931015,0.6718748574048132,8.822296587534145,0.715065840172704,1.444378388336773,4.555432498455048,3.485053234995746,0.2172310054393807,0.0293576444790537,0.02,0.0,0.0,carpet,12345,2458048105,0,0,4,2,2,2,-0.4811598062515259,-1.0,0.2934404909610748,-0.4114023149013519,-0.0541418120265007,-0.9558783769607544,-0.5209434032440186,0.5897798538208008,0.3054488003253937,0.6945511698722839,0.1422287672758102,-0.1423001885414123,-0.0575048737227916,0.0730994120240211,0.4756335318088531,-0.5438596606254578,0.3128654956817627,-0.2144249528646469,1.0,0.0,0.0,1.0,0.0,0.0,1.0,0.0,0.0
20260414_134505_905168,4,153,2.0778729915618896,-0.1031574308872222,0.1886208198875477,9.010917407421694,0.2310854992849173,0.5006167236055887,-2.330668270587921,2.9464389783898923,0.2083278471795895,0.0326378935882117,0.02,0.0,0.0,carpet,12345,2458048105,0,0,4,2,2,2,-0.639727771282196,0.6103365421295166,-0.8047432899475098,0.2615925967693329,0.7444050908088684,-1.0,0.6043769717216492,0.4983751177787781,0.3494485914707184,0.650551438331604,0.007507205940783,-0.2582845985889435,-0.4327485263347626,0.2397660762071609,-0.1705653071403503,0.0419103316962718,-0.1715399622917175,-0.301169604063034,1.0,0.0,0.0,1.0,0.0,0.0,1.0,0.0,0.0
20260414_134505_905168,4,154,2.0635197162628174,-0.0864512622356414,-0.0396843691902373,8.971233038231457,0.0,-0.0421916735853216,-1.670616865158081,2.236568995025749,0.1968436919023733,0.0,0.02,0.0,0.0,carpet,12345,2458048105,0,0,4,2,2,2,0.5729812979698181,0.2022521793842315,-0.8635572195053101,-0.1717458963394165,0.5124937891960144,0.8626434206962585,-1.0,0.534824550151825,0.3269372284412384,0.673062801361084,0.1754677146673202,-0.3947368562221527,0.3723196983337402,-0.4912280738353729,0.1471734941005706,0.4103313982486725,-0.5916179418563843,0.3635477721691131,1.0,0.0,0.0,1.0,0.0,0.0,1.0,0.0,0.0
20260414_134505_905168,4,155,2.142251968383789,-0.0685210153460502,-0.263542571997003,8.707690466234453,-0.2204615012455257,-0.4798999274287752,-1.7930246889591217,1.5217071903549029,0.2156518242712138,0.0303177664871163,0.02,0.0,0.0,carpet,12345,2458048105,0,0,4,2,2,2,-0.7289395928382874,0.2709750235080719,-0.5829660892486572,-0.9721378684043884,0.8209765553474426,-0.2563396692276001,0.7021893262863159,0.5168830752372742,0.3108011782169342,0.6891988515853882,-0.0211390201002359,0.343079924583435,0.1189083829522132,-0.4873294234275818,-0.080896683037281,0.2748537957668304,0.3674463927745819,-0.6345029473304749,1.0,0.0,0.0,1.0,0.0,0.0,1.0,0.0,0.0
20260414_134505_905168,4,156,2.0881829261779785,-0.1132414638996124,0.3200171645461382,9.027707630780592,0.3631211632140904,0.7580862682674763,4.472044855356216,2.588350130826413,0.2107929335361966,0.0404941062866497,0.02,0.0,0.0,carpet,12345,2458048105,0,0,4,2,2,2,-0.7033167481422424,-0.546669065952301,0.8946529626846313,-0.4779419302940368,0.3840038478374481,-0.927117645740509,0.4680347442626953,0.6152982711791992,0.2934827804565429,0.7065171599388123,0.3001017570495605,-0.4249512553215027,0.2007797211408615,-0.2992202639579773,-0.4610136449337005,0.5077972412109375,-0.1812865436077118,0.4122807085514068,1.0,0.0,0.0,1.0,0.0,0.0,1.0,0.0,0.0
20260414_134505_905168,4,157,2.1560187339782715,-0.0652906894683837,-0.3448697321058231,8.68283789867477,-0.2975408510667188,-0.6302046595801016,-4.795077443122864,1.5507851196156397,0.2316175336572017,0.0833425534676821,0.02,0.0,0.0,carpet,12345,2458048105,0,0,4,2,2,2,-0.0281268078833818,-0.3476238846778869,-0.0577063262462616,-0.8226131796836853,-0.1690767556428909,0.9827331304550172,0.4014692306518554,0.5477121472358704,0.3366771340370178,0.6633228659629822,0.2000476866960525,-0.4239766001701355,-0.3567251563072204,0.4853801131248474,-0.2923976480960846,0.2660818696022033,-0.4727095663547516,0.3099415302276611,1.0,0.0,0.0,1.0,0.0,0.0,1.0,0.0,0.0
20260414_134505_905168,4,158,2.0596461296081543,-0.1320138722658157,0.5440248765554676,9.226862775230238,0.5873979873080555,1.1954260752507082,6.672318279743195,1.3018328065295748,0.2123446716786683,0.0427728716944208,0.02,0.0,0.0,carpet,12345,2458048105,0,0,4,2,2,2,-0.2902127206325531,0.2685127854347229,-0.6737952828407288,-0.3626851141452789,0.8323677182197571,-0.7628998160362244,-0.2316578179597854,0.6325067281723022,0.290362685918808,0.7096372842788696,0.3213479220867157,-0.0194931775331497,-0.1832358688116073,0.0799220278859138,-0.3791423141956329,-0.0974658876657486,0.4639376103878021,0.223196879029274,1.0,0.0,0.0,1.0,0.0,0.0,1.0,0.0,0.0
20260414_134505_905168,4,159,2.0895023345947266,-0.1098140180110931,0.1057442178804507,9.332606993110687,0.1495247179846017,0.3415732000699734,-2.2199854254722595,1.1427892829939594,0.2088018968353142,0.0580062084123915,0.02,0.0,0.0,carpet,12345,2458048105,0,0,4,2,2,2,-0.8565018773078918,0.4982067942619324,-0.1598410159349441,-0.413152813911438,0.6603063344955444,-0.8743025660514832,0.7794989943504333,0.5120410919189453,0.3548089265823364,0.6451910734176636,0.0709160715341568,-0.1773879081010818,0.1627680361270904,-0.3820662796497345,-0.2183235883712768,0.5146198868751526,-0.3615984320640564,-0.1354775875806808,1.0,0.0,0.0,1.0,0.0,0.0,1.0,0.0,0.0
20260414_134505_905168,4,160,2.0580527782440186,-0.1480229645967483,0.5545980457578673,9.887205038868556,0.5955915716378808,1.2114035646938677,3.820894658565521,2.3963845212731485,0.1953262452852246,0.029218027029821,0.02,0.0,0.0,carpet,12345,2458048105,0,0,4,2,2,2,0.0196888279169797,-0.8466771841049194,-0.7011095881462097,0.7926323413848877,0.1235624998807907,-0.5636383891105652,-0.0362013466656208,0.5493612289428711,0.3333666324615478,0.6666333675384521,0.228191465139389,-0.5272904634475708,0.2709551751613617,-0.1296296268701553,-0.2514619827270508,0.4093567132949829,-0.5380116701126099,0.4649122953414917,1.0,0.0,0.0,1.0,0.0,0.0,1.0,0.0,0.0
20260414_134505_905168,4,161,2.110238790512085,-0.1482861787080764,0.4015128628657384,10.288717901734294,0.4436579622069708,0.9151330263035932,0.0263214111328125,3.7914174750055167,0.2032075241614994,0.0364869385016487,0.02,0.0,0.0,carpet,12345,2458048105,0,0,4,2,2,2,-0.4408884644508362,0.2754394710063934,0.2986393570899963,-0.0760802999138832,0.207774206995964,0.1211033090949058,0.2493145167827606,0.5100494623184204,0.3702717125415802,0.6297282576560974,0.0896793901920318,0.0370370373129844,-0.3001949191093445,-0.3830409348011017,0.4600389897823334,0.0565302148461341,-0.3138401508331299,-0.0155945420265197,1.0,0.0,0.0,1.0,0.0,0.0,1.0,0.0,0.0
20260414_134505_905168,4,162,2.0709893703460693,-0.1379896253347396,0.1547622501126387,10.443480151846932,0.1943261207150146,0.4289359353942785,-1.0296553373336792,3.462267142132319,0.1956387060237588,0.0,0.02,0.0,0.0,carpet,12345,2458048105,0,0,4,2,2,2,0.7407906651496887,-0.2939523756504059,-0.4120070338249206,0.74953293800354,0.5933529138565063,0.628004789352417,-0.682565450668335,0.5752819180488586,0.3705259561538696,0.6294739842414856,0.1890862137079239,-0.3050682246685028,0.0419103316962718,0.0721247568726539,-0.0711500942707061,0.1228070184588432,0.0419103316962718,0.1296296268701553,1.0,0.0,0.0,1.0,0.0,0.0,1.0,0.0,0.0
20260414_134505_905168,4,163,2.1883654594421387,-0.0807390734553337,-0.5887814459299332,9.854698705917,-0.5433650489433046,-1.109561845439444,-5.7250551879405975,2.9829099562729766,0.231456428452339,0.0454150828278936,0.02,0.0,0.0,carpet,12345,2458048105,0,0,4,2,2,2,-0.516812264919281,0.3918196558952331,0.242065742611885,0.8074623942375183,0.8869433999061584,0.5109558701515198,0.4937164187431335,0.5262201428413391,0.3605807721614837,0.6394191980361938,0.0367140546441078,0.4454191029071808,-0.1959064304828643,-0.272904485464096,0.2456140369176864,0.1715399622917175,0.2923976480960846,-0.4288499057292938,1.0,0.0,0.0,1.0,0.0,0.0,1.0,0.0,0.0
20260414_134505_905168,4,164,2.174769878387451,-0.0889695808291435,-0.3440403284980672,9.510658377418933,-0.2955942049919625,-0.626408699734327,0.8230507373809814,1.1610751812879414,0.254986142467803,0.0589501851864871,0.02,0.0,0.0,carpet,12345,2458048105,0,0,4,2,2,2,-0.4103547036647796,0.6792130470275879,-0.9611105918884276,0.4780676960945129,0.5111313462257385,0.6901208758354187,-0.066052109003067,0.6729402542114258,0.3052839040756225,0.6947160959243774,0.3012562990188598,-0.3323586881160736,0.1335282623767852,-0.2290448397397995,0.2446393817663192,0.1695906370878219,0.2309941500425338,0.2163742631673813,1.0,0.0,0.0,1.0,0.0,0.0,1.0,0.0,0.0
20260414_134505_905168,4,165,2.1884024143218994,-0.0818314999341964,-0.3926878024628887,9.117970574956042,-0.3067992549612491,-0.6482585471744358,-0.7138080894947052,0.1712434340435322,0.2788912600700964,0.1024752979796642,0.02,0.0328756565956467,0.0,carpet,12345,2458048105,0,0,4,2,2,2,0.2703973650932312,-0.6169261336326599,0.3703664541244507,-0.1501828581094741,0.0449819639325141,-0.069607101380825,0.5463912487030029,0.6559457778930664,0.3132335245609283,0.6867664456367493,0.2246172279119491,-0.2543859779834747,0.404483437538147,-0.5799220204353333,0.2485380172729492,0.1842105239629745,0.3284600377082824,-0.0594541914761066,1.0,0.0,0.0,1.0,0.0,0.0,1.0,0.0,0.0
20260414_134505_905168,4,166,2.0976455211639404,-0.1318179666996002,0.2673910841058474,9.38536165906189,0.3658809019252687,0.763467758754274,4.998646676540375,-0.2766923718960612,0.260661396750809,0.048473562886807,0.02,0.05,0.0,carpet,12345,2458048105,0,0,4,2,2,2,-0.4453703165054321,0.6284559965133667,-0.1539865583181381,0.24366495013237,1.0,-0.2157936692237854,-0.6236143708229065,0.6729863882064819,0.3063390552997589,0.6936609148979187,0.3395713865756988,0.1627680361270904,-0.3957115113735199,0.2134502977132797,-0.0964912250638008,0.0565302148461341,-0.0311890840530395,0.343079924583435,1.0,0.0,0.0,1.0,0.0,0.0,1.0,0.0,0.0
20260414_134505_905168,4,167,2.1869988441467285,-0.0857373774051666,-0.3732615541184707,9.012100104943418,-0.2714943145103216,-0.5794139132951273,-4.608058929443359,-1.7712393114947815,0.2827614152098057,0.0698219617433703,0.02,0.05,0.0,carpet,12345,2458048105,0,0,4,2,2,2,0.5973329544067383,-0.2803529798984527,-0.9284652471542358,-0.7743924856185913,0.856820285320282,0.6465641260147095,0.248628631234169,0.5595403909683228,0.3546197414398193,0.6453803181648254,0.0411255285143852,-0.2972709536552429,0.2456140369176864,-0.1754385977983474,0.0672514587640762,0.4697855710983276,-0.1169590651988983,-0.3654970824718475,1.0,0.0,0.0,1.0,0.0,0.0,1.0,0.0,0.0
20260414_134505_905168,4,168,2.210726261138916,-0.0547200925648212,-0.7018085283842627,8.310291576559155,-0.594867977425638,-1.2099925559799942,-3.1017284840345383,-3.4101678028690543,0.3100055020930504,0.118800014986391,0.02,0.05,0.0,carpet,12345,2458048105,0,0,4,2,2,2,0.2572817504405975,-0.798427402973175,0.3886026740074157,-0.024833308532834,0.6016561388969421,1.0,0.6785545945167542,0.6712320446968079,0.3101116418838501,0.6898883581161499,0.254163384437561,0.3771929740905761,-0.0750487297773361,-0.3411306142807007,-0.3128654956817627,0.4922027289867401,0.1169590651988983,0.1023391783237457,1.0,0.0,0.0,1.0,0.0,0.0,1.0,0.0,0.0
20260414_134505_905168,4,169,2.183765888214112,-0.0734276250004768,-0.3069486754161699,8.003342901142986,-0.1999005672274865,-0.4398061060935987,1.87075324356556,-2.740412063523209,0.3194320175312269,0.1020981287112142,0.02,0.05,0.0,carpet,12345,2458048105,0,0,4,2,2,2,-0.4050653576850891,-0.5371772646903992,-0.907145082950592,0.8587308526039124,0.740764319896698,0.7404844760894775,-0.3904018998146057,0.7008913159370422,0.280152827501297,0.7198472023010254,0.3677155375480652,0.1627680361270904,-0.4824561476707458,0.2261208593845367,-0.0623781681060791,0.2982456088066101,0.1803118884563446,0.3576998114585876,1.0,0.0,0.0,1.0,0.0,0.0,1.0,0.0,0.0
20260414_134505_905168,4,170,2.175097942352295,-0.105589285492897,0.1104302970079756,8.113773198150962,0.2175317603796458,0.4741869327403094,3.21616604924202,-1.6398164310485726,0.3227952089498277,0.09643884953375,0.02,0.05,0.0,carpet,12345,2458048105,0,0,4,2,2,2,-0.116256259381771,-0.9082740545272828,0.7927441000938416,-0.6785129904747009,-0.5174763798713684,-0.144298180937767,-0.1894474774599075,0.6671907305717468,0.2982219457626343,0.701777994632721,0.1836601793766021,-0.2007797211408615,-0.2485380172729492,-0.429824560880661,0.3304093480110168,0.2953216433525085,0.3586744666099548,-0.2602339088916778,1.0,0.0,0.0,1.0,0.0,0.0,1.0,0.0,0.0
20260414_134505_905168,4,171,2.182814121246338,-0.0837284624576568,-0.1820005177905287,7.931772680360433,-0.072246346833733,-0.1908803763257793,-2.1860823035240173,-1.1824382601999162,0.3287234496265009,0.1376365198829122,0.02,0.05,0.0,carpet,12345,2458048105,0,0,4,2,2,2,0.168634682893753,0.840042233467102,0.3465628027915954,-0.6773943901062012,0.0586129985749721,-0.574431836605072,0.8086732625961304,0.6563558578491211,0.3292860984802246,0.6707139015197754,0.2073136419057846,-0.0896686166524887,-0.6081871390342712,0.4766081869602203,-0.264132559299469,0.0730994120240211,0.0711500942707061,-0.0994152054190635,1.0,0.0,0.0,1.0,0.0,0.0,1.0,0.0,0.0
20260414_134505_905168,4,172,2.1551403999328613,-0.1126274019479751,0.1639352262437446,8.095707906604177,0.2714426692377608,0.5793132050136336,2.88989394903183,-1.3665928139405563,0.3210303537460128,0.1080881523882963,0.02,0.05,0.0,carpet,12345,2458048105,0,0,4,2,2,2,0.7571107149124146,0.0014045978896319,0.0281017180532217,-0.5636530518531799,0.862241268157959,0.6362020969390869,-0.3220099210739136,0.6660011410713196,0.308171272277832,0.691828727722168,0.3638365268707275,0.0555555559694767,-0.2962962985038757,0.2007797211408615,-0.2699805200099945,0.1198830381035804,-0.2465886920690536,0.5058479309082031,1.0,0.0,0.0,1.0,0.0,0.0,1.0,0.0,0.0
20260414_134505_905168,4,173,2.11172103881836,-0.1344912350177765,0.3940676871458369,8.489775593750014,0.4774772976949952,0.9810807305052408,2.186383306980133,0.1939018298598114,0.2968442352102737,0.0623074002822412,0.02,0.0306098170140188,0.0,carpet,12345,2458048105,0,0,4,2,2,2,0.382705807685852,-0.9790469408035278,-0.8766924738883972,-0.8708760142326355,0.1699424088001251,-0.1812898516654968,-0.722205400466919,0.6314088702201843,0.3360840380191803,0.6639159321784973,0.1556315124034881,0.4493177533149719,-0.0565302148461341,-0.0204678364098072,-0.3518518507480621,0.4483430683612823,0.2962962985038757,-0.2241715341806411,1.0,0.0,0.0,1.0,0.0,0.0,1.0,0.0,0.0
20260414_134505_905168,4,174,2.131763935089112,-0.1393515318632125,0.3630593398835281,8.852834933633542,0.4140092148794069,0.8573179690148436,0.4860296845436096,2.261212354854649,0.2875340216203999,0.0439294566767772,0.02,0.0,0.0,carpet,12345,2458048105,0,0,4,2,2,2,-0.895544707775116,0.0955054238438606,-0.9973114132881165,0.8235222101211548,0.4236800670623779,0.1335392147302627,-0.2634721398353576,0.5771347284317017,0.3572017550468445,0.6427981853485107,0.0742755383253097,0.2709551751613617,-0.1842105239629745,-0.1539960950613021,-0.4366471767425537,0.2534112930297851,0.1101364493370056,-0.413255363702774,1.0,0.0,0.0,1.0,0.0,0.0,1.0,0.0,0.0
20260414_134505_905168,5,0,1.6186089515686035,0.2423261702060699,-0.3118381477013612,-0.3118381477013612,-0.2918381477013612,-0.6190843880176544,-2.4763375520706177,0.0,0.0,0.0,0.02,0.0,0.0,carpet,12345,2458048236,0,0,5,2,2,2,-0.7037627696990967,0.1864213198423385,-0.588909924030304,0.6477110385894775,-0.2709538340568542,-0.374388724565506,0.7733778357505798,0.0,-0.0,1.0,0.0,0.0214424952864646,0.0194931775331497,-0.0077972710132598,0.0009746588766574,0.0097465887665748,-0.0048732943832874,-0.0204678364098072,1.0,0.0,0.0,1.0,0.0,0.0,1.0,0.0,0.0
20260414_134505_905168,5,1,1.6136411428451538,0.2505149841308594,-0.3374531482733213,-0.6492912959746826,-0.3174531482733213,-0.6690336391329765,-0.8188813924789429,0.0,0.0,0.0,0.02,0.0,0.0,carpet,12345,2458048236,0,0,5,2,2,2,-0.6129240989685059,-0.4782026410102844,0.7243754863739014,-0.1208704933524131,-0.5532341003417969,-0.7545806169509888,0.8649283647537231,0.0365585312247276,-0.0243359673768281,1.0,0.1361705362796783,-0.4307992160320282,0.1461988240480423,-0.3099415302276611,0.384990245103836,-0.1676413267850875,-0.2339181303977966,0.4600389897823334,1.0,0.0,0.0,1.0,0.0,0.0,1.0,0.0,0.0
20260414_134505_905168,5,2,1.5616657733917236,0.2226292490959167,0.0545477674481196,-0.594743528526563,0.0745477674481196,0.1953681465238332,2.7885735034942627,0.0,0.0,0.0,0.02,0.0,0.0,carpet,12345,2458048236,0,0,5,2,2,2,-0.3561075329780578,-0.4953013062477112,0.4343627095222473,0.1986987739801406,-0.4278857409954071,-0.4314969778060913,0.1589058190584182,0.030348777770996,-0.0323834493756294,1.0,0.1533949524164199,-0.3674463927745819,-0.3021442592144012,0.4103313982486725,-0.0272904485464096,-0.2153996080160141,-0.3411306142807007,0.5263158082962036,1.0,0.0,0.0,1.0,0.0,0.0,1.0,0.0,0.0
20260414_134505_905168,5,3,1.5171319246292114,0.2354008257389068,-0.0829555416317322,-0.6776990701582952,-0.0629555416317322,-0.1727633061818778,-1.2771576642990112,0.0,0.0,0.0,0.02,0.0,0.0,carpet,12345,2458048236,0,0,5,2,2,2,0.692378044128418,0.8515284061431885,-0.2686483561992645,0.2061445266008377,-0.2980612814426422,-0.3320307433605194,-0.4869621098041534,-0.0346204750239849,-0.0049790069460868,1.0,-0.0026299776509404,-0.2378167659044265,-0.30604287981987,0.2807017564773559,0.1218323558568954,-0.2514619827270508,-0.2407407462596893,0.1120857670903205,1.0,0.0,0.0,1.0,0.0,0.0,1.0,0.0,0.0
20260414_134505_905168,5,4,1.5374069213867188,0.2278650552034378,-0.0154760083331702,-0.6931750784914655,0.0045239916668297,0.0588217837503179,0.7535770535469055,0.0,0.0,0.0,0.02,0.0,0.0,carpet,12345,2458048236,0,0,5,2,2,2,-0.6071885824203491,-0.1319990307092666,1.0,0.6195305585861206,-0.023805571720004,0.5834670066833496,-0.3710053861141205,-0.0902877822518348,-0.0175301600247621,1.0,-0.1543313413858413,0.3947368562221527,0.3966861665248871,-0.2134502977132797,0.1189083829522132,-0.1549707651138305,-0.1851851791143417,-0.2865497171878814,1.0,0.0,0.0,1.0,0.0,0.0,1.0,0.0,0.0
20260414_134505_905168,5,5,1.5817526578903198,0.2529062628746032,-0.3427763353673836,-1.0359514138588493,-0.2727763353673836,-0.5819138539663982,-2.504120767116546,-1.7886052570247557,0.0,0.0,0.02,0.05,0.0,carpet,12345,2458048236,0,0,5,2,2,2,-0.0022383357863873,0.2565273642539978,-0.262881726026535,0.4932459890842438,-0.7100250124931335,-0.8505816459655762,1.0,-0.0649440735578537,-0.0101244440302252,1.0,-0.1342544555664062,-0.3654970824718475,-0.1023391783237457,0.3996101319789886,0.2797271013259887,-0.1169590651988983,0.1023391783237457,-0.2748537957668304,1.0,0.0,0.0,1.0,0.0,0.0,1.0,0.0,0.0
20260414_134505_905168,5,6,1.587971329689026,0.2472224980592727,-0.1953032154315569,-1.2312546292904063,-0.1253032154315569,-0.294341270091536,0.5683764815330505,-1.4638621390986373,0.0,0.0,0.02,0.05,0.0,carpet,12345,2458048236,0,0,5,2,2,2,0.1663972288370132,0.0199143197387456,-0.0770890414714813,0.928250253200531,-0.2576362788677215,-0.3425849676132202,1.0,-0.0095119476318359,-0.0347334593534469,1.0,0.1232176050543785,-0.0009746588766574,0.1608187109231948,-0.1510721296072006,0.3245614171028137,-0.3810916244983673,-0.4678362607955932,0.61208575963974,1.0,0.0,0.0,1.0,0.0,0.0,1.0,0.0,0.0
20260414_134505_905168,5,7,1.630705714225769,0.2395185828208923,-0.07,-1.3012546292904064,0.0,-0.0281580716091411,0.7703915238380432,-0.8229865715748019,0.0,0.0,0.02,0.05,0.0,carpet,12345,2458048236,0,0,5,2,2,2,-0.5916649699211121,-0.6313265562057495,-0.8633022904396057,-0.946922481060028,-0.6506724953651428,0.7290053367614746,0.5097247958183289,-0.0017385482788085,-0.0291477926075458,1.0,0.1268450170755386,0.1023391783237457,0.0233918130397796,-0.0623781681060791,0.516569197177887,-0.2300194948911667,-0.2933723330497741,0.5945419073104858,1.0,0.0,0.0,1.0,0.0,0.0,1.0,0.0,0.0
20260414_134505_905168,5,8,1.558560490608215,0.2072057425975799,0.3077961291671556,-0.9934585001232508,0.3777961291671556,0.7867024518759536,3.231284022331238,-0.2316522662226816,0.0,0.0,0.02,0.05,0.0,carpet,12345,2458048236,0,0,5,2,2,2,0.0127780009061098,0.2871257066726684,0.7976866960525513,0.7635895609855652,-0.4693528115749359,-0.5410048961639404,-0.0021077159326523,0.0516794212162494,-0.0215768460184335,1.0,0.1839868128299713,-0.3206627666950226,-0.0224171541631221,-0.1423001885414123,0.0409356728196144,-0.3723196983337402,0.3918128609657287,0.2865497171878814,1.0,0.0,0.0,1.0,0.0,0.0,1.0,0.0,0.0
20260414_134505_905168,5,9,1.5528620481491089,0.2123381048440933,0.1814202067545025,-0.8120382933687482,0.2111373244841697,0.461717782744131,-0.5132362246513367,0.4028288227033272,0.0,0.0,0.02,0.0097171177296672,0.0,carpet,12345,2458048236,0,0,5,2,2,2,0.0954265743494033,-0.7697907090187073,0.9056709408760072,0.2602559626102447,0.46977499127388,-0.6334598660469055,0.0185737758874893,-0.0385021194815635,0.0101782968267798,0.98982173204422,-0.0330826565623283,-0.0575048737227916,0.0292397662997245,0.0945419073104858,0.3986354768276214,-0.2709551751613617,-0.2456140369176864,0.0311890840530395,1.0,0.0,0.0,1.0,0.0,0.0,1.0,0.0,0.0
20260414_134505_905168,5,10,1.537025809288025,0.2239710986614227,-0.0272511563653599,-0.8392894497341081,0.0028017905768528,0.055463491624863,-1.163299381732941,0.3994705305778723,0.0,0.0,0.02,0.0100529469422127,0.0,carpet,12345,2458048236,0,0,5,2,2,2,-0.7310771346092224,0.0980782136321067,-0.9419435262680054,-0.8564293384552002,0.5465351343154907,-1.0,-0.1886898130178451,-0.0456251129508018,0.0051345094107091,0.9948654770851136,-0.0515923760831356,0.0633528232574462,-0.4775828421115875,0.4961013793945312,0.082846000790596,0.2134502977132797,-0.376218318939209,0.0224171541631221,1.0,0.0,0.0,1.0,0.0,0.0,1.0,0.0,0.0
20260414_134505_905168,5,11,1.60883367061615,0.2049300074577331,0.2198076404158357,-0.6194818093182725,0.2398076404158357,0.5176248988108796,1.9041091203689573,1.49900928335515,0.0,0.0,0.02,0.0,0.0,carpet,12345,2458048236,0,0,5,2,2,2,-0.5324901342391968,-0.4739570021629333,-0.7608988881111145,0.8351584076881409,-0.3957189321517944,-0.1509308665990829,0.6832085847854614,-0.0654205307364463,-0.0062977047637104,1.0,-0.1075902506709098,-0.4424951374530792,0.1062378138303756,-0.0194931775331497,-0.3547758162021637,0.3888888955116272,-0.5224171280860901,-0.0896686166524887,1.0,0.0,0.0,1.0,0.0,0.0,1.0,0.0,0.0
20260414_134505_905168,5,12,1.6057839393615725,0.1854188442230224,0.4035885922953544,-0.215893217022918,0.4235885922953544,0.8759977549759412,1.951116323471069,2.669348308422628,0.0,0.0,0.02,0.0,0.0,carpet,12345,2458048236,0,0,5,2,2,2,0.2371937036514282,-0.6355046629905701,-0.643141508102417,-0.0353460535407066,0.4505152404308319,-0.1002858057618141,0.3164192736148834,0.0243392940610647,0.012414751574397,0.987585186958313,0.1169340088963508,-0.3070175349712372,-0.1442495137453079,-0.3138401508331299,0.5048732757568359,-0.2485380172729492,-0.1033138409256935,0.3996101319789886,1.0,0.0,0.0,1.0,0.0,0.0,1.0,0.0,0.0
20260414_134505_905168,5,13,1.5923569202423096,0.2075971662998199,0.0069437252882111,-0.2089494917347069,0.0269437252882111,0.1025402643120116,-2.2178322076797485,2.80004664434378,0.0,0.0,0.02,0.0,0.0,carpet,12345,2458048236,0,0,5,2,2,2,0.4575220346450805,-0.8626474738121033,-0.5898854732513428,0.5184297561645508,-1.0,-0.8343448638916016,0.6554290056228638,0.0205272678285837,0.0315891429781913,0.968410849571228,0.0668453276157379,0.1627680361270904,-0.3206627666950226,-0.3128654956817627,0.0087719298899173,0.2709551751613617,-0.1042884960770607,0.1754385977983474,1.0,0.0,0.0,1.0,0.0,0.0,1.0,0.0,0.0
20260414_134505_905168,5,14,1.5992032289505005,0.2025790810585022,0.0581319637266459,-0.1508175280080609,0.0781319637266459,0.2023573292669596,0.5018085241317749,2.215701521734786,0.0,0.0,0.02,0.0,0.0,carpet,12345,2458048236,0,0,5,2,2,2,0.7521411776542664,0.8366352319717407,-0.8484219908714294,-0.1641677767038345,-0.816742479801178,0.3976370692253113,0.3087193965911865,0.0037433623801916,0.0097936261445283,0.9902064204216005,0.1099134907126426,0.2846003770828247,-0.4327485263347626,-0.3128654956817627,0.3538011610507965,-0.1842105239629745,-0.384990245103836,0.4103313982486725,1.0,0.0,0.0,1.0,0.0,0.0,1.0,0.0,0.0
20260414_134505_905168,5,15,1.5199096202850342,0.192281886935234,0.1642040256573927,0.0133864976493317,0.1842040256573927,0.4091978500319158,1.0297194123268127,2.163181589022571,0.0,0.0,0.02,0.0,0.0,carpet,12345,2458048236,0,0,5,2,2,2,0.0776385217905044,-0.4116735756397247,0.7293403744697571,-0.6216831207275391,-0.7795062065124512,0.3178623616695404,-0.4192433059215545,0.0123012540861964,0.0147250974550843,0.985274851322174,0.0967304185032844,0.4366471767425537,0.458089679479599,-0.5321637392044067,-0.028265107423067,-0.4239766001701355,0.2573099434375763,0.1842105239629745,1.0,0.0,0.0,1.0,0.0,0.0,1.0,0.0,0.0
20260414_134505_905168,5,16,1.4525781869888306,0.2705144882202148,-0.8440771083616162,-0.8306906107122844,-0.819957253641328,-1.6489166446005896,-7.823260128498077,0.4588014527971182,0.0,0.0,0.02,0.0041198547202881,0.0,carpet,12345,2458048236,0,0,5,2,2,2,0.3786738514900207,0.4895484447479248,0.4336318969726562,-0.5854881405830383,0.9204490184783936,-0.875084400177002,-0.7251864075660706,-0.0868156403303146,0.0248445551842451,0.9751554131507874,-0.0876137837767601,0.0487329438328743,-0.2543859779834747,0.4424951374530792,-0.3479532301425934,-0.4220272898674011,0.2592592537403106,-0.2348927855491638,1.0,0.0,0.0,1.0,0.0,0.0,1.0,0.0,0.0
20260414_134505_905168,5,17,1.4726892709732056,0.2230625301599502,-0.0701992471506789,-0.9008898578629634,-0.0001992471506789,-0.0503885319438239,4.745195806026459,-0.1092119779575853,0.0,0.0,0.02,0.05,0.0,carpet,12345,2458048236,0,0,5,2,2,2,0.6665570139884949,0.2733505070209503,-0.546992301940918,0.960249125957489,-0.0966261774301529,-0.8594052195549011,0.2830393314361572,-0.1709800660610199,-0.0520377680659294,1.0,-0.3272407948970794,0.1978557556867599,0.161793366074562,0.1881091594696045,-0.404483437538147,0.5029239654541016,-0.4863547682762146,-0.4269005954265594,1.0,0.0,0.0,1.0,0.0,0.0,1.0,0.0,0.0
20260414_134505_905168,5,18,1.4839743375778198,0.2125159800052642,0.0201909512355307,-0.8806989066274327,0.0901909512355307,0.2258723549092849,1.0546550154685974,-0.7593373780242416,0.0,0.0,0.02,0.05,0.0,carpet,12345,2458048236,0,0,5,2,2,2,0.2204299718141555,-0.3449931740760803,-0.6796589493751526,0.4714711010456085,-0.4269814491271972,-0.582001805305481,0.4878889620304107,-0.1458412110805511,-0.0054048206657171,1.0,-0.1397493332624435,0.3976608216762543,0.1627680361270904,-0.3479532301425934,0.4249512553215027,-0.1081871315836906,-0.5243664979934692,0.1666666716337204,1.0,0.0,0.0,1.0,0.0,0.0,1.0,0.0,0.0
20260414_134505_905168,5,19,1.5509802103042605,0.1738808900117874,0.513895010967696,-0.3668038956597367,0.5565546235994321,1.1352815160188925,3.863508999347687,0.2734038736826392,0.0,0.0,0.02,0.022659612631736,0.0,carpet,12345,2458048236,0,0,5,2,2,2,-0.5867592096328735,-0.8567834496498108,-0.5681461691856384,-0.0328470878303051,0.3911994397640228,0.3468107283115387,0.7753332853317261,-0.1317348480224609,0.0049597001634538,0.9950403571128844,-0.0913965627551078,0.1861598491668701,0.0370370373129844,-0.3508771955966949,0.314814805984497,-0.2680311799049377,-0.4152046740055084,0.2768031060695648,1.0,0.0,0.0,1.0,0.0,0.0,1.0,0.0,0.0
20260414_134505_905168,5,20,1.471787452697754,0.2155142426490783,-0.1414731686759583,-0.5082770643356951,-0.0714731686759583,-0.1893726789181187,-4.163335263729096,-0.1183261345024391,0.0,0.0,0.02,0.05,0.0,carpet,12345,2458048236,0,0,5,2,2,2,0.3716373145580292,-0.0470524542033672,0.2495548129081726,0.9659125804901124,-0.8347453474998474,-0.2821795344352722,-0.693180501461029,-0.0479774475097656,0.042927972972393,0.9570720791816713,0.0310984104871749,-0.3265107274055481,0.0155945420265197,-0.2690058350563049,-0.0116959065198898,0.1676413267850875,-0.3742690086364746,0.4395711421966553,1.0,0.0,0.0,1.0,0.0,0.0,1.0,0.0,0.0
20260414_134505_905168,5,21,1.639936447143555,0.2122257351875305,-0.0750342680255787,-0.5833113323612739,-0.0050342680255787,-0.0598168226498785,0.3288507461547851,-0.5873408071842334,0.0,0.0,0.02,0.05,0.0,carpet,12345,2458048236,0,0,5,2,2,2,-0.8017308115959167,-0.9596489667892456,0.8440870642662048,0.8392173647880554,-0.9316462874412536,0.5688892006874084,0.8269166946411133,-0.1469684541225433,0.0020131922792643,0.9979867935180664,-0.2453442513942718,0.1871345043182373,-0.1208577007055282,0.034113060683012,0.5038986206054688,-0.4775828421115875,-0.1296296268701553,-0.401559442281723,1.0,0.0,0.0,1.0,0.0,0.0,1.0,0.0,0.0
20260414_134505_905168,5,22,1.6597590446472168,0.2217798680067062,-0.1398543269060559,-0.7231656592673298,-0.1198543269060559,-0.283715937466809,-0.955413281917572,0.7778598999495472,0.0,0.0,0.02,0.0,0.0,carpet,12345,2458048236,0,0,5,2,2,2,-0.5138501524925232,0.8046031594276428,-0.2094177156686782,-0.7789038419723511,-0.7172024846076965,0.7354364991188049,0.9302366375923156,0.0632179230451583,0.0052449321374297,0.9947550296783448,0.1814141869544983,-0.4961013793945312,-0.5886939764022827,0.4941520392894745,0.4600389897823334,-0.6111111044883728,0.2456140369176864,0.4805068373680115,1.0,0.0,0.0,1.0,0.0,0.0,1.0,0.0,0.0
20260414_134505_905168,5,23,1.584145426750183,0.1211113929748535,0.98,0.2568343407326702,1.0,2.303924922696212,10.066847503185272,3.1321733545895825,0.0,0.0,0.02,0.0,0.0,carpet,12345,2458048236,0,0,5,2,2,2,-0.8284096717834473,-0.7784745097160339,0.2003831714391708,0.816953182220459,0.8179467916488647,-0.4016860425472259,0.7168410420417786,0.0879961028695106,-0.0041442862711846,1.0,0.2918784022331238,-0.3538011610507965,0.3947368562221527,-0.1569200754165649,-0.3791423141956329,-0.3703703582286834,0.4571150243282318,0.556530237197876,1.0,0.0,0.0,1.0,0.0,0.0,1.0,0.0,0.0
20260414_134505_905168,5,24,1.5533430576324463,0.1126196831464767,0.9493520193495234,1.2061863600821936,0.9693520193495234,1.9402364377315704,0.849170982837677,4.846537437411868,0.0,0.0,0.02,0.0,0.0,carpet,12345,2458048236,0,0,5,2,2,2,-0.2301623076200485,-0.5376864075660706,-0.3278951942920685,-0.9424188137054444,0.548816978931427,-0.6606214046478271,0.2955935299396515,-0.0065210340544581,0.0947866812348365,0.9052132964134216,0.1081118360161781,-0.4912280738353729,-0.3810916244983673,0.1120857670903205,-0.1072124764323234,0.3557505011558532,-0.2719298303127289,0.4385964870452881,1.0,0.0,0.0,1.0,0.0,0.0,1.0,0.0,0.0
20260414_134505_905168,5,25,1.6239356994628906,0.1377066522836685,0.378975948650715,1.5851623087329083,0.398975948650715,0.8280030998688943,-2.508696913719177,4.53925902126187,0.0,0.0,0.02,0.0,0.0,carpet,12345,2458048236,0,0,5,2,2,2,-0.5757390856742859,-0.1943557560443878,0.177651509642601,-0.2862246334552765,-0.43683522939682,0.7440134882926941,0.7197974324226379,-0.0450239181518554,0.1031318232417106,0.8968681693077087,0.0105656292289495,-0.1452241688966751,-0.3157894611358642,-0.1325536072254181,-0.4395711421966553,0.3830409348011017,-0.3684210479259491,0.1851851791143417,1.0,0.0,0.0,1.0,0.0,0.0,1.0,0.0,0.0
20260414_134505_905168,5,26,1.558887004852295,0.0954090505838394,0.8150986499473819,2.4002609586802905,0.8350986499473819,1.6784423673973947,4.22976016998291,6.407074067577383,0.0,0.0,0.02,0.0,0.0,carpet,12345,2458048236,0,0,5,2,2,2,0.406241774559021,-0.3931110203266144,0.7446104288101196,0.4527792632579803,0.8168943524360657,-0.5672460794448853,0.4423672258853912,0.0432168953120708,0.0784778445959091,0.9215222001075744,0.1875337958335876,-0.3606237769126892,-0.1754385977983474,0.0623781681060791,-0.165692001581192,-0.2709551751613617,0.3742690086364746,0.4103313982486725,1.0,0.0,0.0,1.0,0.0,0.0,1.0,0.0,0.0
20260414_134505_905168,5,27,1.558038353919983,0.1039915829896926,0.4898812643085714,2.890142222988862,0.5098812643085714,1.0442684654017145,-0.8582532405853271,7.511159355628976,0.0,0.0,0.02,0.0,0.0,carpet,12345,2458048236,0,0,5,2,2,2,-0.4885050356388092,0.1968027651309967,-0.4158159792423248,0.7475852966308594,0.5869544744491577,-0.7994730472564697,0.5532253980636597,-0.0380939468741416,0.1200454086065292,0.8799546360969543,0.0149714769795537,0.1705653071403503,-0.3391812741756439,0.1403508782386779,-0.0360623784363269,0.2748537957668304,-0.3469785451889038,0.2719298303127289,1.0,0.0,0.0,1.0,0.0,0.0,1.0,0.0,0.0
20260414_134505_905168,5,28,1.5213569402694702,0.1111186295747757,0.2646282997047214,3.154770522693584,0.2846282997047215,0.6050251844242069,-0.7127046585083008,8.399900477519992,0.0,0.0,0.02,0.0,0.0,carpet,12345,2458048236,0,0,5,2,2,2,0.9727555513381958,0.8078852891921997,-0.8484089374542236,-0.4680507481098175,0.5180068016052246,-0.4232907593250274,-0.3617663085460663,-0.0391548164188861,0.1116110011935234,0.8883889317512512,0.0203937105834484,-0.3109161853790283,0.0916179344058036,-0.3089668750762939,0.1929824501276016,0.2777777910232544,-0.4707602262496948,0.3323586881160736,1.0,0.0,0.0,1.0,0.0,0.0,1.0,0.0,0.0
20260414_134505_905168,5,29,1.556163668632507,0.0975445359945297,0.3610878091406744,3.515858331834258,0.3810878091406744,0.7931212278243152,1.3574093580245972,6.889096782648096,0.0,0.0,0.02,0.0,0.0,carpet,12345,2458048236,0,0,5,2,2,2,-0.7529058456420898,0.6596449613571167,-0.1731437295675277,-0.6639111042022705,-0.8808504343032837,-0.5989261865615845,0.8021788597106934,-0.0850065201520919,0.1046069711446762,0.8953930139541626,-0.1385993957519531,0.5818713307380676,0.4093567132949829,-0.5536062121391296,-0.2621832489967346,0.3196881115436554,-0.2417154014110565,-0.2163742631673813,1.0,0.0,0.0,1.0,0.0,0.0,1.0,0.0,0.0
20260414_134505_905168,5,30,1.5274744033813477,0.0990431010723114,0.2401932276531693,3.7560515594874273,0.2601932276531693,0.5573767939236802,-0.1498565077781677,5.506237138840206,0.0,0.0,0.02,0.0,0.0,carpet,12345,2458048236,0,0,5,2,2,2,-0.7252752184867859,0.3980923593044281,-0.166152998805046,0.6432793140411377,-0.8425206542015076,-0.7727493643760681,0.5705416798591614,-0.0414981842041015,0.1179467812180519,0.8820532560348511,0.0811688601970672,-0.458089679479599,0.3947368562221527,-0.0964912250638008,-0.3586744666099548,-0.1189083829522132,-0.3352826535701751,0.5,1.0,0.0,0.0,1.0,0.0,0.0,1.0,0.0,0.0
20260414_134505_905168,5,31,1.5784918069839478,0.0830945372581482,0.3732034311778704,4.129254990665298,0.3932034311778705,0.8167466907968475,1.5948563814163208,5.494980729768159,0.0,0.0,0.02,0.0,0.0,carpet,12345,2458048236,0,0,5,2,2,2,0.8185456991195679,0.5019445419311523,-0.6676916480064392,-0.1910520046949386,0.6711395978927612,-0.0980889722704887,0.8481991291046143,-0.0773597732186317,0.1164740771055221,0.8835259675979614,0.0013053391594439,-0.4424951374530792,0.231968805193901,-0.1208577007055282,0.3421052694320678,-0.4853801131248474,-0.3469785451889038,0.3674463927745819,1.0,0.0,0.0,1.0,0.0,0.0,1.0,0.0,0.0
20260414_134505_905168,5,32,1.5869345664978027,0.0826955512166023,0.2736075226339927,4.402862513299291,0.2936075226339927,0.6225346691362859,0.0398986041545867,4.43907303150705,0.0,0.0,0.02,0.0,0.0,carpet,12345,2458048236,0,0,5,2,2,2,-0.902457594871521,0.0184161271899938,-0.2315358817577362,-0.4458427131175995,-0.8365688323974609,0.1449718922376632,0.7167690992355347,-0.0135879516601562,0.1321473717689514,0.8678526282310486,0.0962621495127677,0.4931773841381073,0.2855750620365143,-0.3976608216762543,-0.1695906370878219,0.2417154014110565,-0.1676413267850875,0.4873294234275818,1.0,0.0,0.0,1.0,0.0,0.0,1.0,0.0,0.0
20260414_134505_905168,5,33,1.5716798305511477,0.0801957026124,0.2258447266447508,4.628707239944042,0.2458447266447508,0.529397216957264,0.249984860420227,3.9242017830626,0.0,0.0,0.02,0.0,0.0,carpet,12345,2458048236,0,0,5,2,2,2,0.0518890284001827,0.1803457736968994,-0.1197814047336578,-0.5775202512741089,-0.7334791421890259,-0.7707257270812988,0.6441370844841003,-0.0030345916748046,0.1325394809246063,0.8674604892730713,0.114496886730194,-0.5311890840530396,0.0614035092294216,-0.080896683037281,-0.2153996080160141,-0.4035087823867798,0.1023391783237457,0.4239766001701355,1.0,0.0,0.0,1.0,0.0,0.0,1.0,0.0,0.0
20260414_134505_905168,5,34,1.5419411659240725,0.0637279972434043,0.3690977163809452,4.997804956324988,0.3890977163809452,0.8087405469428433,1.6467705368995669,4.127917145581236,0.0,0.0,0.02,0.0,0.0,carpet,12345,2458048236,0,0,5,2,2,2,0.0498818010091781,-0.6717883944511414,-0.8307441473007202,-0.9699750542640686,-0.2056391239166259,0.3544506132602691,0.0596577711403369,-0.022102927789092,0.1349961757659912,0.8650038242340088,0.1022486165165901,0.0155945420265197,0.0838206633925437,-0.082846000790596,-0.219298243522644,-0.3840155899524688,-0.0760233923792839,0.4210526347160339,1.0,0.0,0.0,1.0,0.0,0.0,1.0,0.0,0.0
20260414_134505_905168,5,35,1.561550855636597,0.0751867443323135,0.1185060169150806,5.1163109732400684,0.1385060169150806,0.3200867329844072,-1.145874708890915,3.654882650741328,0.0,0.0,0.02,0.0,0.0,carpet,12345,2458048236,0,0,5,2,2,2,-0.6847543716430664,-0.0799110829830169,0.9858127236366272,-0.4905411601066589,-0.7036879062652588,0.3170553743839264,0.4671317338943481,-0.0592762008309364,0.1511796563863754,0.8488203883171082,-0.0147097194567322,0.0419103316962718,-0.0311890840530395,-0.149122804403305,-0.4736842215061188,-0.0984405428171157,0.2017543911933899,0.0204678364098072,1.0,0.0,0.0,1.0,0.0,0.0,1.0,0.0,0.0
20260414_134505_905168,5,36,1.5019073486328125,0.0920155346393585,-0.0870024143270867,5.029308558912982,-0.0670024143270867,-0.1806547079378191,-1.6828790307044983,2.9168511488798288,0.0,0.0,0.02,0.0,0.0,carpet,12345,2458048236,0,0,5,2,2,2,-0.0503983870148658,-0.0419363975524902,0.8964040875434875,0.6467820405960083,-0.7558873891830444,0.3770707845687866,-0.6202012896537781,-0.0347640998661518,0.1399186849594116,0.8600813150405884,0.064981535077095,-0.4395711421966553,-0.0994152054190635,0.4483430683612823,-0.3079921901226043,-0.384990245103836,0.1851851791143417,0.2660818696022033,1.0,0.0,0.0,1.0,0.0,0.0,1.0,0.0,0.0
20260414_134505_905168,5,37,1.5452704429626465,0.0859211832284927,-0.02,5.009308558912982,0.0,0.0168677543182695,0.6094351410865784,2.116972212401251,0.0,0.0,0.02,0.0,0.0,carpet,12345,2458048236,0,0,5,2,2,2,-0.6088265180587769,-0.7335392236709595,-1.0,0.8634068369865417,-0.2594834268093109,-0.7655174732208252,0.9595244526863098,-0.1093185395002365,0.1233803555369377,0.8766196370124817,-0.150392010807991,-0.1003898605704307,-0.1325536072254181,0.4405457973480224,0.0126705653965473,-0.471734881401062,0.264132559299469,-0.3528265058994293,1.0,0.0,0.0,1.0,0.0,0.0,1.0,0.0,0.0
20260414_134505_905168,5,38,1.4884992837905884,0.0773217529058456,0.0710956788743008,5.080404237787283,0.0910956788743008,0.2276365738048866,0.8599430322647095,1.7220741170698517,0.0,0.0,0.02,0.0,0.0,carpet,12345,2458048236,0,0,5,2,2,2,0.5436322093009949,-0.3577885329723358,-0.3087401986122131,0.1699768304824829,-0.1461850255727768,-1.0,0.2740006744861603,-0.05511474609375,0.1293695122003555,0.8706305027008057,0.0547286309301853,-0.3274853825569153,-0.2475633472204208,-0.2670565247535705,0.4990253448486328,-0.1910331398248672,-0.483430802822113,0.5662767887115479,1.0,0.0,0.0,1.0,0.0,0.0,1.0,0.0,0.0
20260414_134505_905168,5,39,1.5391380786895752,0.0692585334181785,0.1452861115617139,5.225690349348997,0.1652861115617139,0.3723079175453421,0.8063219487667084,1.5649848176579295,0.0,0.0,0.02,0.0,0.0,carpet,12345,2458048236,0,0,5,2,2,2,0.8920893669128418,-0.3260000348091125,0.7306417226791382,0.269087016582489,-0.4070912003517151,-0.4719856977462768,0.9821285009384156,-0.1260786056518554,0.1378205120563507,0.8621795177459717,-0.095018945634365,0.3138401508331299,-0.2621832489967346,-0.206627681851387,0.1578947305679321,-0.0575048737227916,-0.5857699513435364,0.1754385977983474,1.0,0.0,0.0,1.0,0.0,0.0,1.0,0.0,0.0
20260414_134505_905168,5,40,1.530251145362854,0.0771979838609695,-0.0042334989286008,5.221456850420396,0.0157665010713991,0.0807446770892283,-0.7939450442790985,0.8369889478043149,0.0,0.0,0.02,0.0,0.0,carpet,12345,2458048236,0,0,5,2,2,2,0.8062744736671448,-0.6734185814857483,0.4376109838485718,0.763757050037384,-0.9064128398895264,-0.658241868019104,0.7831388711929321,-0.0627801865339279,0.145744577050209,0.8542553782463074,0.0704403221607208,0.4853801131248474,-0.2923976480960846,0.0,0.1539960950613021,-0.2524366378784179,-0.3167641460895538,0.5779727101325989,1.0,0.0,0.0,1.0,0.0,0.0,1.0,0.0,0.0
20260414_134505_905168,5,41,1.6031670570373535,0.0473541729152202,0.3680275802362397,5.589484430656636,0.3880275802362398,0.8066537814606676,2.9843810945749283,1.3235559962805752,0.0,0.0,0.02,0.0,0.0,carpet,12345,2458048236,0,0,5,2,2,2,0.0383918173611164,-0.8391147255897522,-0.7314239740371704,-0.7842687964439392,0.2464251816272735,0.4013858437538147,0.5800595283508301,-0.0738887786865234,0.1379421502351761,0.8620578050613403,0.0370679646730423,0.4746588766574859,-0.4541910290718078,0.161793366074562,0.4005847871303558,-0.511695921421051,-0.3401559591293335,0.4736842215061188,1.0,0.0,0.0,1.0,0.0,0.0,1.0,0.0,0.0
20260414_134505_905168,5,42,1.5740901231765747,0.0419345051050186,0.3340933494105251,5.923577780067161,0.3540933494105251,0.740482031350524,0.5419667810201645,2.2446927355689184,0.0,0.0,0.02,0.0,0.0,carpet,12345,2458048236,0,0,5,2,2,2,-0.528148353099823,-0.8964380025863647,-0.4172220230102539,-0.0872139707207679,0.2574188411235809,0.7518042922019958,-0.3188652992248535,0.0172561649233102,0.1672708839178085,0.832729160785675,0.1447978913784027,0.0877192988991737,-0.4434697926044464,-0.0224171541631221,-0.3888888955116272,0.1461988240480423,0.1861598491668701,0.3304093480110168,1.0,0.0,0.0,1.0,0.0,0.0,1.0,0.0,0.0
20260414_134505_905168,5,43,1.7108473777770996,0.0989302843809127,-0.4402733119920277,5.483304468075133,-0.4202733119920276,-0.869532958384454,-5.6995779275894165,1.3582920228661948,0.0,0.0,0.02,0.0,0.0,carpet,12345,2458048236,0,0,5,2,2,2,-0.4462979733943939,-0.9268808364868164,0.2781150341033935,0.8241420984268188,0.8740969300270081,0.721547544002533,0.7549208402633667,-0.0190900806337595,0.1725969910621643,0.8274030089378357,-0.0120683703571558,-0.2953216433525085,-0.4454191029071808,-0.1296296268701553,-0.080896683037281,0.1052631586790084,0.4142300188541412,-0.2105263173580169,1.0,0.0,0.0,1.0,0.0,0.0,1.0,0.0,0.0
20260414_134505_905168,5,44,1.6955746412277222,0.0832435265183448,-0.1276824472944304,5.355622020780702,-0.1076824472944304,-0.2599807722241394,1.5686757862567902,0.8706746768371687,0.0,0.0,0.02,0.0,0.0,carpet,12345,2458048236,0,0,5,2,2,2,0.8570429086685181,-0.800073504447937,-0.3590975403785705,0.2307402193546295,-0.327291190624237,0.8135865330696106,0.2034723460674286,0.1518564224243164,0.1165849491953849,0.8834150433540344,0.2704449295997619,-0.272904485464096,-0.5516569018363953,0.1003898605704307,-0.0077972710132598,0.1218323558568954,0.343079924583435,0.4385964870452881,1.0,0.0,0.0,1.0,0.0,0.0,1.0,0.0,0.0
20260414_134505_905168,5,45,1.7013843059539795,0.0881692469120025,-0.1894780234894882,5.166143997291214,-0.1375018405177162,-0.3181285890095466,-0.4925720393657684,0.1802381702822799,0.0,0.0,0.02,0.031976182971772,0.0,carpet,12345,2458048236,0,0,5,2,2,2,-0.9158369898796082,-0.5803893804550171,-0.8997045159339905,-0.2563705444335937,0.7013371586799622,1.0,0.1400325894355774,0.1327655762434005,0.1320009678602218,0.8679990768432617,0.1885336339473724,0.516569197177887,-0.5029239654541016,-0.2348927855491638,0.1432748585939407,-0.1978557556867599,0.4922027289867401,0.1208577007055282,1.0,0.0,0.0,1.0,0.0,0.0,1.0,0.0,0.0
20260414_134505_905168,5,46,1.7025007009506226,0.0939238592982292,-0.2419026750639305,4.924241322227283,-0.1704932058527351,-0.3824617514128334,-0.5754612386226654,-0.2829682582197819,0.0,0.0281893842239096,0.02,0.05,0.0,carpet,12345,2458048236,0,0,5,2,2,2,-0.1252586394548416,-0.5492082238197327,-1.0,-0.4873137474060058,0.213110476732254,-1.0,0.6357892155647278,0.1400276124477386,0.1271602511405944,0.8728397488594055,0.1727638840675354,-0.5487329363822937,-0.2933723330497741,-0.441520482301712,-0.1608187109231948,0.2923976480960846,0.5038986206054688,0.0623781681060791,1.0,0.0,0.0,1.0,0.0,0.0,1.0,0.0,0.0
20260414_134505_905168,5,47,1.6814788579940796,0.0662397369742393,0.1101022575405067,5.03434357976779,0.1821829459180129,0.4052567445401251,2.768412232398987,-0.6843652951403243,0.0,0.041613767550124,0.02,0.05,0.0,carpet,12345,2458048236,0,0,5,2,2,2,-0.6129685044288635,-0.4257548153400421,-0.6704592108726501,0.4130003452301025,-0.2906688153743744,-0.8754851222038269,0.483606219291687,0.141423225402832,0.121504969894886,0.8784950375556946,0.2614488303661346,-0.0857699811458587,-0.3382066190242767,-0.5331383943557739,-0.2339181303977966,0.2105263173580169,0.0350877195596694,0.4064327478408813,1.0,0.0,0.0,1.0,0.0,0.0,1.0,0.0,0.0
20260414_134505_905168,5,48,1.620867371559143,0.055438794195652,0.1987005783947594,5.233044158162549,0.2687005783947594,0.573966127869781,1.080094277858734,-0.8508811986210674,0.0,0.0,0.02,0.05,0.0,carpet,12345,2458048236,0,0,5,2,2,2,0.860681414604187,-0.8264345526695251,-0.1523502618074417,-0.5643775463104248,-0.8673747777938843,0.8019753098487854,-0.6225401759147644,0.1151458770036697,0.1487112641334533,0.8512887954711914,0.2094026207923889,-0.3635477721691131,-0.2738791406154632,-0.4785574972629547,0.2592592537403106,-0.1413255333900451,0.0175438597798347,0.359649121761322,1.0,0.0,0.0,1.0,0.0,0.0,1.0,0.0,0.0
20260414_134505_905168,5,49,1.6700949668884275,0.0611880533397197,0.0806318485858071,5.313676006748357,0.1214067268208363,0.2867431173006309,-0.5749259144067764,0.3053948770640176,0.0,0.0262873188286209,0.02,0.0194605122935982,0.0,carpet,12345,2458048236,0,0,5,2,2,2,0.7023652195930481,0.5469367504119873,0.1653078198432922,0.0256355106830596,-0.0186646860092878,0.2993287444114685,0.9120664000511168,0.0393814072012901,0.1593257784843444,0.8406741619110107,0.0097823021933436,0.5087719559669495,-0.5808966755867004,-0.1198830381035804,-0.1608187109231948,-0.3372319638729095,0.5477582812309265,-0.3362573087215423,1.0,0.0,0.0,1.0,0.0,0.0,1.0,0.0,0.0
20260414_134505_905168,5,50,1.6406792402267456,0.0403076820075511,0.3323418570665101,5.646017863814866,0.3523418570665101,0.7370666212796948,2.088037133216858,1.3024422705678518,0.0,0.0,0.02,0.0,0.0,carpet,12345,2458048236,0,0,5,2,2,2,0.1205081641674041,-0.2839522659778595,-0.0250760056078434,-0.8010503649711609,0.6512050628662109,0.7137913107872009,-0.1686866283416748,0.1009159088134765,0.153675764799118,0.8463242053985596,0.2456373572349548,0.4191033244132995,-0.5711501240730286,-0.0419103316962718,-0.0380116961896419,-0.0292397662997245,0.1598440557718277,0.538986325263977,1.0,0.0,0.0,1.0,0.0,0.0,1.0,0.0,0.0
20260414_134505_905168,5,51,1.6168335676193235,0.0052618663758039,0.687151465001774,6.33316932881664,0.7071514650017741,1.4289453567534594,3.5045815631747246,3.049516216330858,0.0,0.0,0.02,0.0,0.0,carpet,12345,2458048236,0,0,5,2,2,2,-0.5520195364952087,0.483258455991745,0.6321828961372375,-0.1654195338487625,-0.5433303713798523,-0.9041131138801576,0.0451670363545417,0.0641462355852127,0.1741957366466522,0.8258042931556702,0.0668384507298469,0.0428849905729293,-0.3001949191093445,-0.066276803612709,-0.5009746551513672,0.3781676292419433,0.4191033244132995,-0.1081871315836906,1.0,0.0,0.0,1.0,0.0,0.0,1.0,0.0,0.0
20260414_134505_905168,5,52,1.5995426177978516,0.0018831640481948,0.5472700388488771,6.880439367665518,0.5672700388488772,1.1561765757553104,0.3378702327609062,4.588154543499002,0.0,0.0,0.02,0.0,0.0,carpet,12345,2458048236,0,0,5,2,2,2,0.7608381509780884,-0.0396296344697475,-0.7780914306640625,0.6500352621078491,0.8416172862052917,-0.5310259461402893,0.2848721146583557,0.034339141100645,0.2086366862058639,0.7913632988929749,0.0725905075669288,-0.3625730872154236,-0.1978557556867599,-0.0497076027095317,-0.1013645231723785,-0.2651072144508362,0.2378167659044265,0.0467836260795593,1.0,0.0,0.0,1.0,0.0,0.0,1.0,0.0,0.0
20260414_134505_905168,5,53,1.607185959815979,-0.0049089770764112,0.4861210050931485,7.366560372758666,0.5061210050931485,1.0369359599316397,0.6792141124606133,5.219833758890516,0.0,0.0,0.02,0.0,0.0,carpet,12345,2458048236,0,0,5,2,2,2,-0.5963709950447083,-0.5892536044120789,1.0,-0.5373808145523071,-0.7208877801895142,0.3506357371807098,0.0889991745352745,0.0127254482358694,0.2119570672512054,0.7880429029464722,0.0237361099570989,0.4220272898674011,-0.0974658876657486,-0.5526315569877625,0.2134502977132797,0.3187134563922882,-0.3206627666950226,0.1793372333049774,1.0,0.0,0.0,1.0,0.0,0.0,1.0,0.0,0.0
20260414_134505_905168,5,54,1.6221861839294434,-0.013877298682928,0.4681589795444398,7.834719352303106,0.4881589795444399,1.0019100101116578,0.8968321606516838,5.647777641132393,0.0,0.0,0.02,0.0,0.0,carpet,12345,2458048236,0,0,5,2,2,2,0.7035021781921387,-0.5729591846466064,0.2759605646133423,-0.0909381061792373,0.0023750124964863,0.4038731157779693,0.4197339117527008,0.0222797393798828,0.2186319828033447,0.7813680171966553,0.0469343774020671,-0.3840155899524688,-0.4035087823867798,0.528265118598938,-0.3352826535701751,-0.3518518507480621,0.2368421107530594,0.0536062382161617,1.0,0.0,0.0,1.0,0.0,0.0,1.0,0.0,0.0
20260414_134505_905168,5,55,1.5636616945266724,-0.0261092707514762,0.4965291329730431,8.33124848527615,0.5165291329730431,1.0572318092974342,1.2231972068548205,6.418266333129196,0.0,0.0,0.02,0.0,0.0,carpet,12345,2458048236,0,0,5,2,2,2,-0.5654823184013367,0.3120307028293609,0.4463504552841186,0.0219297930598258,0.6962477564811707,-0.1808551251888275,-0.1355133205652237,0.041029930114746,0.227445513010025,0.7725544571876526,0.1004709228873252,0.4083820581436157,-0.3986354768276214,0.1169590651988983,-0.1315789520740509,-0.0740740746259689,0.2183235883712768,0.2475633472204208,1.0,0.0,0.0,1.0,0.0,0.0,1.0,0.0,0.0
20260414_134505_905168,5,56,1.682509422302246,-0.0023518959060311,0.0564048645317748,8.387653349807925,0.0764048645317748,0.1989894858369609,-2.375737484544516,5.880189197686462,0.0,0.0,0.02,0.0,0.0,carpet,12345,2458048236,0,0,5,2,2,2,-1.0,-0.7942278981208801,0.2096083313226699,0.4621129035949707,-0.3354984819889068,0.5860113501548767,0.6885973215103149,-0.0321256630122661,0.2394663691520691,0.7605336904525757,-0.0839122906327247,-0.3703703582286834,-0.066276803612709,0.1111111119389534,-0.1374268978834152,0.2300194948911667,-0.1345029175281524,-0.0847953185439109,1.0,0.0,0.0,1.0,0.0,0.0,1.0,0.0,0.0
20260414_134505_905168,5,57,1.6823222637176514,-0.0073251035064458,0.0946524637887602,8.482305813596685,0.1146524637887602,0.2735723043880824,0.4973207600414753,4.7248161453210855,0.0,0.0,0.02,0.0,0.0,carpet,12345,2458048236,0,0,5,2,2,2,-0.9587312936782836,0.8054287433624268,-0.9886765480041504,0.1571496278047561,0.4268198311328888,0.0939569696784019,0.6677559018135071,0.116434097290039,0.216119036078453,0.7838809490203857,0.1614235490560531,-0.567251443862915,-0.4220272898674011,0.1354775875806808,0.2076023370027542,-0.2836257219314575,0.2280701696872711,0.3840155899524688,1.0,0.0,0.0,1.0,0.0,0.0,1.0,0.0,0.0
20260414_134505_905168,5,58,1.6402459144592283,-0.0228367187082767,0.2584459529932461,8.74075176658993,0.2784459529932461,0.5929696083368299,1.5511615201830864,4.161609177902605,0.0,0.0,0.02,0.0,0.0,carpet,12345,2458048236,0,0,5,2,2,2,-0.5422865748405457,-0.7224733233451843,-0.7490352988243103,0.3255142867565155,-0.9360933899879456,-0.7142530679702759,0.3844472765922546,0.116200067102909,0.2210063934326172,0.778993546962738,0.1582745462656021,-0.5867446660995483,0.4736842215061188,-0.6218323707580566,0.0565302148461341,0.1695906370878219,0.0243664719164371,0.3947368562221527,1.0,0.0,0.0,1.0,0.0,0.0,1.0,0.0,0.0
20260414_134505_905168,5,59,1.6325111389160156,-0.0328527390956878,0.3108347261220001,9.05158649271193,0.3308347261220001,0.6951277159379003,1.0016020387411118,3.8198009339088657,0.0,0.0,0.02,0.0,0.0,carpet,12345,2458048236,0,0,5,2,2,2,0.2852075695991516,0.6530877947807312,-0.3774072527885437,0.2127358615398407,0.325902909040451,0.89543217420578,-0.3444462418556213,0.0636047348380088,0.2362502962350845,0.7637497186660767,0.07225052267313,-0.3206627666950226,-0.2095516622066497,-0.3927875161170959,0.2534112930297851,-0.3401559591293335,-0.2309941500425338,0.2836257219314575,1.0,0.0,0.0,1.0,0.0,0.0,1.0,0.0,0.0
20260414_134505_905168,5,60,1.6566940546035769,-0.0146003728732466,-0.0122889069782551,9.039297585733674,0.0077110930217448,0.0650366313924024,-1.82523662224412,2.8829275551896103,0.0,0.0,0.02,0.0,0.0,carpet,12345,2458048236,0,0,5,2,2,2,-0.6526979207992554,-0.9580836892127992,-0.1777864396572113,-0.0341879501938819,-0.8523950576782227,-1.0,0.8455484509468079,0.0539361946284771,0.2460934519767761,0.7539066076278687,-0.0439890436828136,0.1403508782386779,-0.0194931775331497,-0.331384003162384,0.0653021410107612,0.1042884960770607,0.3245614171028137,-0.2436647117137909,1.0,0.0,0.0,1.0,0.0,0.0,1.0,0.0,0.0
20260414_134505_905168,5,61,1.5922495126724243,-0.0433009341359138,0.3473289769799849,9.386626562713658,0.3673289769799849,0.7662915051109707,2.870056126266718,2.5919872510031468,0.0,0.0,0.02,0.0,0.0,carpet,12345,2458048236,0,0,5,2,2,2,0.1381216645240783,0.0931314006447792,0.7579712867736816,-0.2131437808275222,-0.4354905486106872,-0.6232710480690002,0.2724280655384063,0.0841648131608963,0.228156104683876,0.7718439102172852,0.1504646241664886,-0.376218318939209,-0.455165684223175,-0.032163742929697,0.0399610139429569,-0.3050682246685028,-0.2699805200099945,0.5263158082962036,1.0,0.0,0.0,1.0,0.0,0.0,1.0,0.0,0.0
20260414_134505_905168,5,62,1.5769593715667725,-0.0472938604652881,0.3002778395218443,9.686904402235502,0.3202778395218443,0.6745417870675965,0.3992926329374313,3.0675395522337823,0.0,0.0,0.02,0.0,0.0,carpet,12345,2458048236,0,0,5,2,2,2,-0.751761257648468,-0.684265673160553,-0.2713310718536377,-0.2301092147827148,0.3528963923454284,0.1455432176589965,-0.123224027454853,0.0036090849898755,0.2563613057136535,0.7436386942863464,0.0091121075674891,0.0068226121366024,-0.3684210479259491,0.2037037014961242,-0.0906432718038559,-0.2076023370027542,-0.2719298303127289,0.2017543911933899,1.0,0.0,0.0,1.0,0.0,0.0,1.0,0.0,0.0
20260414_134505_905168,5,63,1.5925939083099363,-0.0503419488668441,0.2528761796613321,9.939780581896834,0.2728761796613321,0.5821085503395977,0.3048088401556015,3.3760757981852976,0.0,0.0,0.02,0.0,0.0,carpet,12345,2458048236,0,0,5,2,2,2,0.3804199397563934,0.134011760354042,-0.1846348345279693,-0.90364408493042,-0.6663610339164734,-0.3567436039447784,0.3338812589645386,-0.0155035015195608,0.2602853178977966,0.7397146821022034,-0.077139139175415,-0.4385964870452881,-0.343079924583435,-0.0750487297773361,-0.1452241688966751,0.1705653071403503,0.0224171541631221,-0.1042884960770607,1.0,0.0,0.0,1.0,0.0,0.0,1.0,0.0,0.0
20260414_134505_905168,5,64,1.602200269699097,-0.0532426983118057,0.215435973783964,10.1552165556808,0.235435973783964,0.5091001488787299,0.2900749444961548,3.2922063387271976,0.0,0.0,0.02,0.0,0.0,carpet,12345,2458048236,0,0,5,2,2,2,-0.2981559336185455,0.2994546592235565,-0.3596847951412201,0.786128580570221,0.162442460656166,0.486837774515152,0.4447877109050751,0.004039573483169,0.2632808089256286,0.7367191910743713,0.0243998542428016,0.2163742631673813,0.034113060683012,-0.1306042820215225,-0.4522417187690735,-0.0204678364098072,-0.1803118884563446,0.2076023370027542,1.0,0.0,0.0,1.0,0.0,0.0,1.0,0.0,0.0
20260414_134505_905168,5,65,1.6223671436309814,-0.041768342256546,0.0030595950141343,10.158276150694933,0.0230595950141343,0.0949662102775619,-1.1474356055259705,2.692044833066859,0.0,0.0,0.02,0.0,0.0,carpet,12345,2458048236,0,0,5,2,2,2,-0.0002166506310459,0.6434279084205627,-0.9942365884780884,0.5920535922050476,-0.2731053233146667,0.3574801683425903,0.6460933685302734,0.0160476677119731,0.2661314904689789,0.7338684797286987,0.0408726707100868,-0.1851851791143417,0.1793372333049774,-0.2573099434375763,-0.0536062382161617,-0.0146198831498622,0.1101364493370056,0.223196879029274,1.0,0.0,0.0,1.0,0.0,0.0,1.0,0.0,0.0
20260414_134505_905168,5,66,1.6063439846038818,-0.0412467159330844,-0.0158030771171112,10.142473073577822,0.0041969228828887,0.0581839996216331,-0.0521626323461532,2.68519220129609,0.0,0.0,0.02,0.0,0.0,carpet,12345,2458048236,0,0,5,2,2,2,0.3910987675189972,-0.9554097056388856,-1.0,-0.0722911283373832,0.8930018544197083,-0.677966833114624,0.5541477203369141,0.0412561409175396,0.2548551559448242,0.7451448440551758,0.0896215289831161,-0.0048732943832874,0.3781676292419433,-0.623781681060791,0.261208564043045,-0.2222222238779068,0.1120857670903205,0.3440545797348022,1.0,0.0,0.0,1.0,0.0,0.0,1.0,0.0,0.0
20260414_134505_905168,5,67,1.606167197227478,-0.0414995811879634,-0.02,10.122473073577822,0.0,0.0499596310881855,0.0252865254878997,1.9688603272733047,0.0,0.0,0.02,0.0,0.0,carpet,12345,2458048236,0,0,5,2,2,2,-0.9404973983764648,0.1247701570391655,0.8552113175392151,0.8534926176071167,0.7707347273826599,-0.7560508251190186,0.5798950791358948,0.0212272647768259,0.2543425559997558,0.7456574440002441,0.0492942556738853,0.2563352882862091,-0.0818713456392288,-0.5487329363822937,-0.0721247568726539,0.4327485263347626,-0.4181286692619324,0.3323586881160736,1.0,0.0,0.0,1.0,0.0,0.0,1.0,0.0,0.0
20260414_134505_905168,5,68,1.6328320503234863,-0.0446668341755867,0.014180024618836,10.13665309819666,0.034180024618836,0.1166510480067302,0.3167252987623214,1.4109695882124385,0.0,0.0,0.02,0.0,0.0,carpet,12345,2458048236,0,0,5,2,2,2,-0.7956476211547852,0.4403632879257202,0.363552987575531,-0.8281571269035339,-0.3763084411621094,0.2547635436058044,0.6153052449226379,0.0210062023252248,0.2545910477638244,0.7454089522361755,0.05097221955657,-0.5789473652839661,0.0389863550662994,-0.2134502977132797,-0.0048732943832874,0.4200779795646667,-0.471734881401062,0.3518518507480621,1.0,0.0,0.0,1.0,0.0,0.0,1.0,0.0,0.0
20260414_134505_905168,5,69,1.5963371992111206,-0.0627047717571258,0.230480372073607,10.367133470270266,0.250480372073607,0.5384367255435336,1.803793758153916,1.3672977634163743,0.0,0.0,0.02,0.0,0.0,carpet,12345,2458048236,0,0,5,2,2,2,-0.1073189452290535,0.4154751896858215,0.1447805762290954,-0.4705688059329986,0.0291151534765958,-0.4419486224651336,0.3232910931110382,0.0543373115360736,0.2577036321163177,0.7422963976860046,0.1204873993992805,-0.5350877046585083,0.1715399622917175,0.1520467847585678,-0.4902534186840057,-0.1842105239629745,0.1500974595546722,0.3557505011558532,1.0,0.0,0.0,1.0,0.0,0.0,1.0,0.0,0.0
20260414_134505_905168,5,70,1.5973936319351196,-0.0652127042412757,0.1936030032109663,10.560736473481231,0.2136030032109663,0.4665258562613843,0.2507932484149933,1.3247234707990287,0.0,0.0,0.02,0.0,0.0,carpet,12345,2458048236,0,0,5,2,2,2,-0.1732893735170364,0.0986492335796356,0.6343415379524231,0.7686324715614319,-0.2876305878162384,0.4159093201160431,0.2713077068328857,0.0087186815217137,0.2754302322864532,0.7245697379112244,0.0293878652155399,-0.1101364493370056,0.1812865436077118,0.0311890840530395,-0.3508771955966949,0.032163742929697,-0.2202728986740112,0.2270955145359039,1.0,0.0,0.0,1.0,0.0,0.0,1.0,0.0,0.0
20260414_134505_905168,5,71,1.6015520095825195,-0.0681632608175277,0.1716196444114607,10.732356117892694,0.1916196444114607,0.4236583066023485,0.2950556576251983,1.653415567123815,0.0,0.0,0.02,0.0,0.0,carpet,12345,2458048236,0,0,5,2,2,2,-0.4341104030609131,-0.7890337705612183,-0.5277788043022156,0.8820961713790894,0.7658632397651672,-0.2256162911653518,0.5816081166267395,0.0100393295288085,0.2778948843479156,0.722105085849762,0.016013840213418,-0.1169590651988983,0.0058479532599449,0.1998050659894943,-0.0994152054190635,-0.2524366378784179,0.1920077949762344,0.1461988240480423,1.0,0.0,0.0,1.0,0.0,0.0,1.0,0.0,0.0
20260414_134505_905168,5,72,1.6297215223312378,-0.0623774677515029,0.0431276427185324,10.775483760611229,0.0631276427185324,0.1730989033011383,-0.578579306602478,1.7683304708033205,0.0,0.0,0.02,0.0,0.0,carpet,12345,2458048236,0,0,5,2,2,2,0.2582212686538696,-0.5788032412528992,0.8438646197319031,0.7284363508224487,0.7108939290046692,0.2496199011802673,0.8116037845611572,0.0152372363954782,0.2807945311069488,0.7192054390907288,0.0410358160734176,-0.2056530267000198,-0.3226120769977569,-0.2699805200099945,0.3382066190242767,-0.082846000790596,-0.1793372333049774,0.3391812741756439,1.0,0.0,0.0,1.0,0.0,0.0,1.0,0.0,0.0
20260414_134505_905168,5,73,1.5576907396316528,-0.0300096794962883,-0.34275411738693,10.432729643224295,-0.32275411738693,-0.6793705289045135,-3.236778825521469,1.0390003108106214,0.0,0.0,0.02,0.0,0.0,carpet,12345,2458048236,0,0,5,2,2,2,0.7655434012413025,0.1642006039619445,-0.6822227835655212,-0.406613290309906,0.8735978603363037,0.1986835896968841,-0.9372974634170532,0.0504491813480854,0.2751085758209228,0.7248914241790771,0.0919938534498214,0.1130604296922683,-0.4249512553215027,-0.0389863550662994,0.3450292348861694,-0.0847953185439109,-0.1725146174430847,0.4483430683612823,1.0,0.0,0.0,1.0,0.0,0.0,1.0,0.0,0.0
20260414_134505_905168,5,74,1.6107698678970337,-0.0478960648179054,-0.0263426993015127,10.406386943922785,-0.0063426993015127,-0.0623682636379498,1.7886385321617126,0.8599809991659413,0.0,0.0,0.02,0.0,0.0,carpet,12345,2458048236,0,0,5,2,2,2,-0.7528133988380432,-0.6054643392562866,-0.4264582693576813,0.0215010270476341,0.8580641150474548,-0.9503701329231262,0.7918828725814819,-0.0395893082022666,0.2432994693517685,0.7567005157470703,-0.1869935542345047,0.4424951374530792,0.0623781681060791,-0.4444444477558136,-0.2699805200099945,0.4805068373680115,0.1208577007055282,-0.5653021335601807,1.0,0.0,0.0,1.0,0.0,0.0,1.0,0.0,0.0
20260414_134505_905168,5,75,1.5656635761260986,-0.05761593952775,0.0549849589834041,10.461371902906189,0.0749849589834041,0.1962206700176381,0.9719874709844588,0.5177649436400458,0.0,0.0,0.02,0.0,0.0,carpet,12345,2458048236,0,0,5,2,2,2,-0.9961338043212892,-0.2064419239759445,-0.8940951824188232,-0.345227986574173,-0.6329125761985779,-1.0,0.2373843342065811,0.0267595294862985,0.2608771324157715,0.7391229271888733,0.0670771896839141,-0.446393758058548,-0.3284600377082824,-0.231968805193901,-0.0233918130397796,0.4844054579734802,-0.5799220204353333,0.4688109159469604,1.0,0.0,0.0,1.0,0.0,0.0,1.0,0.0,0.0
20260414_134505_905168,5,76,1.623782515525818,-0.0444259420037269,-0.1379920182499201,10.32337988465627,-0.0679920182499201,-0.1825844355873442,-1.3189997524023056,-0.1313453482086828,0.0,0.0,0.02,0.05,0.0,carpet,12345,2458048236,0,0,5,2,2,2,-0.3065006136894226,-0.5216416120529175,0.0332773067057132,-0.3496148288249969,0.7939015626907349,-0.6713804006576538,0.9882616400718688,-0.0296232216060161,0.2704292237758636,0.729570746421814,-0.0331912413239479,-0.5857699513435364,-0.0935672521591186,-0.441520482301712,-0.1198830381035804,0.219298243522644,-0.5633528232574463,0.1734892725944519,1.0,0.0,0.0,1.0,0.0,0.0,1.0,0.0,0.0
20260414_134505_905168,5,77,1.6112573146820068,-0.0661299675703048,0.1123909294738206,10.43577081413009,0.1823909294738206,0.4056623124739502,2.170402556657791,-0.149341342337081,0.0,0.0,0.02,0.05,0.0,carpet,12345,2458048236,0,0,5,2,2,2,-0.3345504105091095,-1.0,-0.9417819380760192,0.2378555238246917,-0.6924651861190796,0.7614712715148926,-0.2049202471971511,0.0430253967642784,0.2574669122695923,0.7425330877304077,0.1140890941023826,-0.2115009725093841,-0.3684210479259491,-0.0029239766299724,-0.2280701696872711,0.4619883000850677,-0.4649122953414917,0.5750487446784973,1.0,0.0,0.0,1.0,0.0,0.0,1.0,0.0,0.0
20260414_134505_905168,5,78,1.6288957595825195,-0.0627481713891029,0.0170265793976465,10.452797393527735,0.0870265793976465,0.2197018298254107,-0.3381796181201935,-0.1027384158128086,0.0,0.0,0.02,0.05,0.0,carpet,12345,2458048236,0,0,5,2,2,2,0.8844583034515381,-1.0,-0.3218354880809784,0.3595323860645294,-0.9515138268470764,-0.1944748610258102,0.4940129220485687,0.0273689273744821,0.2787963151931762,0.7212036848068237,-0.0222577080130577,-0.1910331398248672,-0.471734881401062,-0.3479532301425934,0.1871345043182373,-0.3820662796497345,0.3684210479259491,-0.1539960950613021,1.0,0.0,0.0,1.0,0.0,0.0,1.0,0.0,0.0
20260414_134505_905168,5,79,1.562416434288025,-0.065732829272747,0.0771245228000769,10.529921916327812,0.0971245228000769,0.23939281946015,0.2984657883644104,0.8160249325518549,0.0,0.0,0.02,0.0,0.0,carpet,12345,2458048236,0,0,5,2,2,2,-0.8370454907417297,-0.4230194091796875,0.7866526246070862,-0.7301270365715027,0.7431433796882629,-0.0692138522863388,-0.5553092956542969,0.0494169220328331,0.27547287940979,0.72452712059021,0.0980517119169235,0.5243664979934692,-0.6374269127845764,-0.202729046344757,0.2465886920690536,-0.4473684132099151,-0.066276803612709,0.3109161853790283,1.0,0.0,0.0,1.0,0.0,0.0,1.0,0.0,0.0
20260414_134505_905168,5,80,1.7349908351898191,-0.0305870380252599,-0.3849425773438464,10.144979338983966,-0.3328718803036208,-0.6991001665920606,-3.514579124748707,0.1792930295977441,0.0,0.0,0.02,0.0320706970402255,0.0,carpet,12345,2458048236,0,0,5,2,2,2,-0.6655349135398865,-0.4445713460445404,-0.3627058565616607,0.8265804052352905,0.3432641327381134,0.8160986304283142,0.8524401187896729,-0.0336822494864463,0.278406023979187,0.721593976020813,-0.1260807514190673,-0.5331383943557739,-0.2923976480960846,0.4171539843082428,-0.4853801131248474,0.4220272898674011,-0.0467836260795593,-0.3333333432674408,1.0,0.0,0.0,1.0,0.0,0.0,1.0,0.0,0.0
20260414_134505_905168,5,81,1.71139395236969,-0.0366986170411109,-0.2348900766911622,9.910089262292804,-0.1648900766911622,-0.3715356495477664,0.6111579015851021,-0.3884632899676603,0.0,0.0,0.02,0.05,0.0,carpet,12345,2458048236,0,0,5,2,2,2,0.5285808444023132,0.083173468708992,0.8441590070724487,0.4955797791481018,-1.0,-0.858341634273529,1.0,0.1820358335971832,0.2438668459653854,0.7561331987380981,0.2799834311008453,-0.3986354768276214,-0.2436647117137909,-0.2339181303977966,0.0438596494495868,0.1120857670903205,0.2875243723392486,0.4902534186840057,1.0,0.0,0.0,1.0,0.0,0.0,1.0,0.0,0.0
20260414_134505_905168,5,82,1.69212806224823,-0.0641553401947021,0.1336586675395817,10.043747929832383,0.1834699188097182,0.4077663416789505,2.745672315359116,0.2018874872986344,0.0,0.0,0.02,0.0298112512701365,0.0,carpet,12345,2458048236,0,0,5,2,2,2,-0.4857737123966217,0.2594751119613647,-0.5236669182777405,-0.2130643278360366,0.6548941135406494,-0.7093430757522583,0.935173749923706,0.1525396406650543,0.2498729377985,0.7501270771026611,0.2531324028968811,0.2797271013259887,-0.19395712018013,-0.1023391783237457,0.2992202639579773,-0.5097466111183167,-0.078947365283966,0.6257309913635254,1.0,0.0,0.0,1.0,0.0,0.0,1.0,0.0,0.0
20260414_134505_905168,5,83,1.7006804943084717,-0.0739135518670082,0.2203288621314855,10.26407679196387,0.2562974605471173,0.5497800480668786,0.975821167230606,0.3460052228915629,0.0,0.0113824140957604,0.02,0.0153994777108437,0.0,carpet,12345,2458048236,0,0,5,2,2,2,0.4317289888858795,0.5331034660339355,0.5337805151939392,0.3826923668384552,-0.5672750473022461,0.1775489151477813,0.8087674975395203,0.1284572631120681,0.2768557667732239,0.7231442332267761,0.1928528696298599,-0.3001949191093445,0.1539960950613021,-0.3138401508331299,-0.1481481492519378,0.3625730872154236,-0.4122807085514068,0.5799220204353333,1.0,0.0,0.0,1.0,0.0,0.0,1.0,0.0,0.0
20260414_134505_905168,5,84,1.586653709411621,-0.0791980102658271,0.2335623056515959,10.497639097615464,0.2535623056515959,0.5444464960206119,0.528445839881897,0.670749889086764,0.0,0.0,0.02,0.0,0.0,carpet,12345,2458048236,0,0,5,2,2,2,0.760422945022583,0.0561667159199714,-0.0867894068360328,0.0905631557106971,-0.9461878538131714,0.3084549009799957,-0.7385656833648682,0.1391479521989822,0.2864455580711365,0.7135544419288635,0.1941946446895599,0.2348927855491638,0.1812865436077118,-0.1676413267850875,0.1920077949762344,-0.3508771955966949,0.1013645231723785,0.4785574972629547,1.0,0.0,0.0,1.0,0.0,0.0,1.0,0.0,0.0
20260414_134505_905168,5,85,1.6473264694213867,-0.0888987630605697,0.2881300984020706,10.785769196017537,0.3081300984020706,0.6508536918840377,0.9700752794742584,1.0822107615106518,0.0,0.0,0.02,0.0,0.0,carpet,12345,2458048236,0,0,5,2,2,2,-0.9725627303123474,-0.8683934211730957,-0.7811395525932312,0.7413681745529175,-0.9574472308158876,0.350159078836441,0.4639312624931335,-0.0033855438232421,0.2916388213634491,0.7083612084388733,-0.1257770806550979,0.4424951374530792,0.0,-0.0760233923792839,0.0711500942707061,-0.5038986206054688,0.2339181303977966,-0.4249512553215027,1.0,0.0,0.0,1.0,0.0,0.0,1.0,0.0,0.0
20260414_134505_905168,5,86,1.596075415611267,-0.0736444219946861,0.0091188421876602,10.794888038205196,0.0291188421876602,0.1067817422659374,-1.5254341065883636,1.8880926703686496,0.0,0.0,0.02,0.0,0.0,carpet,12345,2458048236,0,0,5,2,2,2,0.5340070724487305,-0.2061894536018371,0.2214844822883606,0.4448801577091217,-0.7557669281959534,0.6811403632164001,-0.8286004066467285,0.0724554061889648,0.301172137260437,0.698827862739563,0.0892983824014663,-0.5779727101325989,-0.2504873275756836,-0.334307998418808,0.4522417187690735,-0.5730994343757629,0.1832358688116073,0.2504873275756836,1.0,0.0,0.0,1.0,0.0,0.0,1.0,0.0,0.0
20260414_134505_905168,5,87,1.6141302585601809,-0.1087798923254013,0.445883623060165,11.240771661265365,0.465883623060165,0.958473064967322,3.513547033071518,3.218101384883738,0.0,0.0,0.02,0.0,0.0,carpet,12345,2458048236,0,0,5,2,2,2,-0.5499637126922607,0.8878642320632935,-0.7887994647026062,-0.615940511226654,0.8404075503349304,-0.5464562177658081,0.2190620601177215,0.0083915712311863,0.286181092262268,0.7138189673423767,-0.1207503154873848,0.2904483377933502,-0.2631579041481018,-0.0068226121366024,0.2524366378784179,-0.4658869504928589,0.429824560880661,-0.4902534186840057,1.0,0.0,0.0,1.0,0.0,0.0,1.0,0.0,0.0
20260414_134505_905168,5,88,1.7059848308563232,-0.0886622220277786,0.0650836109153513,11.305855272180716,0.0850836109153513,0.215913041284935,-2.011767029762268,3.0262480844897226,0.0,0.0,0.02,0.0,0.0,carpet,12345,2458048236,0,0,5,2,2,2,1.0,0.7042368650436401,-0.3094709515571594,-0.4463588893413543,0.7213127613067627,0.1479615867137909,0.8032703399658203,0.0309600830078125,0.3207101225852966,0.6792898774147034,0.0163886826485395,-0.3489278852939605,0.5224171280860901,-0.4746588766574859,-0.3820662796497345,0.4766081869602203,-0.3245614171028137,0.1452241688966751,1.0,0.0,0.0,1.0,0.0,0.0,1.0,0.0,0.0
20260414_134505_905168,5,89,1.6202077865600586,-0.1310174912214279,0.580418723489704,11.886273995670418,0.600418723489704,1.220816510804923,4.235526919364929,3.697284547227767,0.0,0.0,0.02,0.0,0.0,carpet,12345,2458048236,0,0,5,2,2,2,0.8919442296028137,0.6365267634391785,0.356923907995224,0.0125399027019739,-0.1373051553964615,-0.3259905874729156,-0.1825282871723175,0.1457782685756683,0.300939679145813,0.6990602612495422,0.1825471520423889,0.5925925970077515,0.3518518507480621,-0.3050682246685028,-0.3187134563922882,0.3898635506629944,-0.0185185186564922,0.4502924084663391,1.0,0.0,0.0,1.0,0.0,0.0,1.0,0.0,0.0
20260414_134505_905168,5,90,1.6303294897079468,-0.1304438263177871,0.4165491079552244,12.302823103625643,0.4365491079552244,0.9012707605126876,-0.0573664903640747,4.054108811719843,0.0,0.0,0.02,0.0,0.0,carpet,12345,2458048236,0,0,5,2,2,2,0.9521002769470216,-0.5788818597793579,0.8490347266197205,-0.6559397578239441,-0.2055998146533966,-0.5351707935333252,0.3495765626430511,0.0385570526123046,0.3425638973712921,0.6574361324310303,-0.0407728999853134,0.5458089709281921,0.3508771955966949,-0.3001949191093445,-0.0331384018063545,-0.0604288503527641,-0.0974658876657486,-0.0906432718038559,1.0,0.0,0.0,1.0,0.0,0.0,1.0,0.0,0.0
20260414_134505_905168,5,91,1.591002106666565,-0.133292019367218,0.3375168700616819,12.640339973687324,0.357516870061682,0.7471578966202799,0.2848193049430847,4.150413016456085,0.0,0.0,0.02,0.0,0.0,carpet,12345,2458048236,0,0,5,2,2,2,-0.7620571255683899,0.239002525806427,0.3555612862110138,0.2328531593084335,-0.4013550579547882,-0.2430325448513031,-0.1581233441829681,0.0512090697884559,0.3420001566410064,0.6579998731613159,0.0379138179123401,0.5740740895271301,-0.3752436637878418,0.4814814925193786,-0.3957115113735199,-0.0847953185439109,-0.2426900565624237,0.2212475687265396,1.0,0.0,0.0,1.0,0.0,0.0,1.0,0.0,0.0
20260414_134505_905168,5,92,1.6336020231246948,-0.1288022249937057,0.1841659298089211,12.824505903496249,0.2041659298089211,0.4481235631273961,-0.4489794373512268,4.491754837317544,0.0,0.0,0.02,0.0,0.0,carpet,12345,2458048236,0,0,5,2,2,2,0.8829203844070435,0.7658886909484863,0.271371990442276,-0.5531148314476013,-0.766572117805481,0.2101018130779266,0.4089721143245697,0.0020498274825513,0.3447991609573364,0.6552008390426636,-0.0772926434874534,-0.4639376103878021,0.149122804403305,0.1773879081010818,0.0838206633925437,-0.2709551751613617,-0.1169590651988983,-0.076998047530651,1.0,0.0,0.0,1.0,0.0,0.0,1.0,0.0,0.0
20260414_134505_905168,5,93,1.6358623504638672,-0.1185071915388107,-0.0052734174496501,12.819232486046596,0.0147265825503498,0.0787168359731822,-1.029503345489502,3.611998608323404,0.0,0.0,0.02,0.0,0.0,carpet,12345,2458048236,0,0,5,2,2,2,-0.2459288835525512,0.1494277268648147,-0.9173670411109924,-0.7771860957145691,0.0905040353536605,-1.0,0.8168725371360779,0.0552997589111328,0.3403868675231933,0.6596131920814514,0.0539547801017761,0.5272904634475708,0.3771929740905761,0.1237816736102104,-0.2914229929447174,-0.3927875161170959,0.1111111119389534,0.2300194948911667,1.0,0.0,0.0,1.0,0.0,0.0,1.0,0.0,0.0
20260414_134505_905168,5,94,1.605100393295288,-0.1367407143115997,0.2183977929741598,13.037630279020757,0.2383977929741598,0.5148756962996117,1.8233522772789,3.9109612633380806,0.0,0.0,0.02,0.0,0.0,carpet,12345,2458048236,0,0,5,2,2,2,-0.8577921390533447,-0.3013455867767334,0.8494390249252319,0.8480789661407471,0.8496467471122742,-0.4290894865989685,0.3441942930221557,0.0581253059208393,0.3302695155143738,0.6697304248809814,0.1000129207968711,-0.0730994120240211,0.3206627666950226,-0.0614035092294216,-0.4532163739204407,0.0847953185439109,-0.4961013793945312,0.5029239654541016,1.0,0.0,0.0,1.0,0.0,0.0,1.0,0.0,0.0
20260414_134505_905168,5,95,1.6408509016036987,-0.1249661818146705,0.0014325434879382,13.039062822508695,0.0214325434879382,0.0917934598014795,-1.1774532496929169,2.781938212334637,0.0,0.0,0.02,0.0,0.0,carpet,12345,2458048236,0,0,5,2,2,2,-0.2145125567913055,-0.1380144357681274,0.7285104393959045,0.2307522147893905,0.3292723000049591,-0.6545214653015137,0.9140105843544006,0.0196727756410837,0.3481883406639099,0.6518116593360901,-0.0157022755593061,-0.4824561476707458,-0.1569200754165649,0.5009746551513672,-0.2153996080160141,0.2768031060695648,-0.3274853825569153,0.1998050659894943,1.0,0.0,0.0,1.0,0.0,0.0,1.0,0.0,0.0
20260414_134505_905168,5,96,1.6425883769989014,-0.1250993013381958,-0.0086291882362923,13.030433634272404,0.0113708117637076,0.0721730829392299,0.0133119523525238,1.95284053476118,0.0,0.0,0.02,0.0,0.0,carpet,12345,2458048236,0,0,5,2,2,2,-0.5359836220741272,-0.1009147465229034,0.803497850894928,0.2190323323011398,-0.0055190669372677,-0.5099453330039978,0.8982602953910828,0.0643608123064041,0.3366170525550842,0.6633829474449158,0.0881130695343017,-0.1559454202651977,-0.1296296268701553,0.4230019450187683,-0.0370370373129844,0.1325536072254181,-0.4259259402751922,0.5380116701126099,1.0,0.0,0.0,1.0,0.0,0.0,1.0,0.0,0.0
20260414_134505_905168,5,97,1.6081069707870483,-0.1208055913448333,-0.021647660322884,13.00878597394952,-0.001647660322884,-0.0532129376296239,-0.4293709993362427,1.1524697005112756,0.0,0.0,0.02,0.0,0.0,carpet,12345,2458048236,0,0,5,2,2,2,-0.3128724098205566,0.9512723684310912,-0.2495007961988449,-0.3606849312782287,0.6600953936576843,0.5195586085319519,-0.7745133638381958,0.0665327087044715,0.3367478549480438,0.6632521152496338,0.0912990868091583,-0.3294346928596496,-0.0886939540505409,0.4210526347160339,0.0672514587640762,-0.0360623784363269,-0.3557505011558532,0.5321637392044067,1.0,0.0,0.0,1.0,0.0,0.0,1.0,0.0,0.0
20260414_134505_905168,5,98,1.704395771026611,-0.1579946428537368,0.4106751715386492,13.41946114548817,0.4306751715386492,0.889816584500366,3.7189051508903503,1.5941627218842456,0.0,0.0,0.02,0.0,0.0,carpet,12345,2458048236,0,0,5,2,2,2,-0.4351349174976349,-0.3059003949165344,0.4038103222846985,0.7534929513931274,0.1995725929737091,0.0695724785327911,0.5506101250648499,0.0234310142695903,0.3325282633304596,0.6674717664718628,-0.1484488695859909,-0.2017543911933899,0.539961040019989,-0.1910331398248672,-0.2495126724243164,0.3284600377082824,0.2309941500425338,-0.4941520392894745,1.0,0.0,0.0,1.0,0.0,0.0,1.0,0.0,0.0
20260414_134505_905168,5,99,1.6897343397140503,-0.1566932648420334,0.2799117887603469,13.699372934248515,0.2999117887603469,0.6348279880826766,-0.1301378011703491,2.15027387399374,0.0,0.0,0.02,0.0,0.0,carpet,12345,2458048236,0,0,5,2,2,2,0.9760978817939758,-0.9474023580551147,-0.036226287484169,-0.8424639105796814,-0.9224817752838136,0.4321881532669067,-0.0814349576830864,0.1437919586896896,0.3690754473209381,0.6309245824813843,0.1139612346887588,-0.2553606331348419,-0.1296296268701553,0.2475633472204208,0.0438596494495868,0.0360623784363269,-0.0194931775331497,0.301169604063034,1.0,0.0,0.0,1.0,0.0,0.0,1.0,0.0,0.0
20260414_134505_905168,5,100,1.6435742378234863,-0.1451340317726135,0.0503282893982161,13.749701223646731,0.0703282893982162,0.1871401643265215,-1.155923306941986,1.8225383420206496,0.0,0.0,0.02,0.0,0.0,carpet,12345,2458048236,0,0,5,2,2,2,0.924242913722992,-0.6773167848587036,-0.1789968758821487,0.31137815117836,-0.8659291863441467,0.3256630301475525,-0.6374737024307251,0.1254651993513107,0.3677965104579925,0.6322034597396851,0.035977330058813,0.600389838218689,-0.4805068373680115,0.1783625781536102,-0.1120857670903205,-0.3440545797348022,0.2690058350563049,-0.0614035092294216,1.0,0.0,0.0,1.0,0.0,0.0,1.0,0.0,0.0
20260414_134505_905168,5,101,1.837002515792847,-0.0688676238059997,-0.9501564491899778,12.799544774456754,-0.8801564491899777,-1.7663050759204566,-7.626640796661377,-0.0355601937012863,0.0,0.0,0.02,0.05,0.0,carpet,12345,2458048236,0,0,5,2,2,2,0.4924734830856323,-0.5455735325813293,0.8853329420089722,0.3568459153175354,0.0341315269470214,1.0,0.7553476691246033,0.0677650421857833,0.3564368188381195,0.6435632109642029,-0.0667770281434059,0.5740740895271301,-0.3752436637878418,-0.0526315793395042,0.2085769921541214,-0.4805068373680115,0.2534112930297851,-0.3557505011558532,1.0,0.0,0.0,1.0,0.0,0.0,1.0,0.0,0.0
20260414_134505_905168,5,102,1.819453477859497,-0.094634510576725,-0.3933623782934416,12.406182396163311,-0.3233623782934416,-0.6805566376722112,2.576688677072525,-0.7882899143127275,0.0,0.0,0.02,0.05,0.0,carpet,12345,2458048236,0,0,5,2,2,2,-0.695671021938324,0.5106306076049805,-0.5832503437995911,-0.2602410912513733,-0.0619527921080589,1.0,-0.1524188816547393,0.3095504641532898,0.2814867198467254,0.7185132503509521,0.309044599533081,0.2846003770828247,-0.376218318939209,0.3752436637878418,0.1315789520740509,-0.2095516622066497,0.4327485263347626,0.4337232112884521,1.0,0.0,0.0,1.0,0.0,0.0,1.0,0.0,0.0
20260414_134505_905168,5,103,1.7751092910766602,-0.1259350776672363,0.043895279860439,12.450077676023753,0.1138957430813478,0.2720966990086282,3.130056709051132,-0.4629802776744753,4.632209087223132e-06,0.0,0.02,0.05,0.0,carpet,12345,2458048236,0,0,5,2,2,2,-0.322319895029068,-0.5074343085289001,0.4014095962047577,0.6670114994049072,1.0,-0.8924544453620911,0.2551407217979431,0.2876140475273132,0.3068088889122009,0.6931910514831543,0.1750593483448028,-0.4269005954265594,0.343079924583435,-0.3245614171028137,-0.1403508782386779,-0.0380116961896419,0.5916179418563843,-0.0974658876657486,1.0,0.0,0.0,1.0,0.0,0.0,1.0,0.0,0.0
20260414_134505_905168,5,104,1.9006881713867188,-0.022624546661973,-1.0723534175510538,11.3777242584727,-1.0,-2.3786907508751227,-10.331053100526333,-3.731487613049964,0.0040529348446332,0.038962481331809,0.02,0.05,0.0,carpet,12345,2458048236,0,0,5,2,2,2,0.2502074837684631,-0.2436073571443557,-0.8547682166099548,-0.2218579351902008,0.8463405966758728,0.2827844619750976,0.8963612914085388,0.2321838438510894,0.3375691771507263,0.6624308228492737,0.1051958054304122,-0.1871345043182373,-0.3157894611358642,0.202729046344757,0.080896683037281,0.5097466111183167,-0.4483430683612823,0.1744639426469802,1.0,0.0,0.0,1.0,0.0,0.0,1.0,0.0,0.0
20260414_134505_905168,5,105,1.9128185510635376,0.0031358171254396,-1.076767360404723,10.300956898067977,-1.0,-2.4280271578416546,-2.5760363787412643,-6.794342758974295,0.0131013207206152,0.1091445666532279,0.02,0.05,0.0,carpet,12345,2458048236,0,0,5,2,2,2,-0.6829040050506592,-0.8478474020957947,0.6585299968719482,-0.3061743676662445,0.7407754063606262,0.4392943680286407,0.96251779794693,0.3891574740409851,0.236041784286499,0.7639582753181458,0.3723728954792022,0.165692001581192,-0.1013645231723785,-0.371345043182373,-0.1140350848436355,0.483430802822113,0.0935672521591186,0.5204678177833557,1.0,0.0,0.0,1.0,0.0,0.0,1.0,0.0,0.0
20260414_134505_905168,5,106,1.87732481956482,-0.0411605983972549,-0.4163171348064435,9.884639763261534,-0.3403128104173651,-0.713609980313862,4.429641552269459,-7.695092903614679,0.0192955208090511,0.0814954461634667,0.02,0.05,0.0,carpet,12345,2458048236,0,0,5,2,2,2,0.2562482059001922,0.0646131262183189,0.7062171697616577,0.3247375786304474,0.9403982162475586,0.9920129776000975,-0.6552717089653015,0.4043205380439758,0.2107260376214981,0.7892739772796631,0.4141782224178314,-0.4200779795646667,-0.5097466111183167,0.3957115113735199,-0.2037037014961242,0.4249512553215027,0.1920077949762344,0.5584795475006104,1.0,0.0,0.0,1.0,0.0,0.0,1.0,0.0,0.0
20260414_134505_905168,5,107,1.910577416419983,-0.0393847972154617,-0.3489687114874001,9.535671051774134,-0.27159103322064,-0.5796025147802482,-0.1775801181793213,-6.508390342474471,0.0289113116049601,0.0897309421252818,0.02,0.05,0.0,carpet,12345,2458048236,0,0,5,2,2,2,-1.0,0.1329402476549148,-0.0208603218197822,-0.4662739336490631,0.8154497146606445,0.5060454607009888,-0.005817380733788,0.3599533140659332,0.2542579174041748,0.7457420825958252,0.1376386284828186,0.1237816736102104,-0.3499025404453277,0.3372319638729095,-0.1150097474455833,0.4259259402751922,0.5614035129547119,-0.4035087823867798,1.0,0.0,0.0,1.0,0.0,0.0,1.0,0.0,0.0
20260414_134505_905168,5,108,1.8752723932266235,-0.0420621447265148,-0.2395067362676524,9.296164315506482,-0.1629580504147885,-0.3677681983088376,0.2677347511053085,-6.195601903111097,0.0323273647564523,0.0663189875443738,0.02,0.05,0.0,carpet,12345,2458048236,0,0,5,2,2,2,-0.669367253780365,-0.7121814489364624,0.7596085071563721,-0.6475264430046082,0.7991695404052734,0.892421543598175,-0.652796745300293,0.4015190005302429,0.2525127530097961,0.7474872469902039,0.2374322265386581,-0.6042885184288025,0.0906432718038559,-0.0204678364098072,-0.2865497171878814,0.4970760345458984,0.3021442592144012,-0.0107212476432323,1.0,0.0,0.0,1.0,0.0,0.0,1.0,0.0,0.0
20260414_134505_905168,5,109,1.915551900863648,-0.038468413054943,-0.2416753683560334,9.05448894715045,-0.1618817643697088,-0.3656694405209322,-0.3593731671571731,-6.833368042640657,0.041052385418601,0.1137673088892909,0.02,0.05,0.0,carpet,12345,2458048236,0,0,5,2,2,2,0.2072053849697113,-0.7407113313674927,-0.8168169260025024,0.2453023493289947,-0.8243799805641174,-0.5240400433540344,0.7142236828804016,0.3573877215385437,0.2551439106464386,0.7448561191558838,0.1355160176753997,-0.3927875161170959,-0.4220272898674011,0.4522417187690735,-0.3908382058143616,0.4658869504928589,0.5175438523292542,-0.3957115113735199,1.0,0.0,0.0,1.0,0.0,0.0,1.0,0.0,0.0
20260414_134505_905168,5,110,1.6277996301651,-0.088766798377037,0.4073787472495178,9.461867694399968,0.4785679757239248,0.9832075526616536,5.029838532209396,-3.471469739103881,0.0118922847440698,0.0,0.02,0.05,0.0,carpet,12345,2458048236,0,0,5,2,2,2,-0.1594947725534439,-0.1142384111881256,0.6340178847312927,-0.4090175926685333,0.7688287496566772,-0.6757482290267944,-1.0,0.4077371656894684,0.2516121864318847,0.7483878135681152,0.3594300150871277,0.1286549717187881,-0.4259259402751922,-0.165692001581192,0.2485380172729492,-0.0623781681060791,-0.034113060683012,0.4600389897823334,1.0,0.0,0.0,1.0,0.0,0.0,1.0,0.0,0.0
20260414_134505_905168,5,111,1.6330968141555786,-0.1130530908703804,0.6238230647578461,10.085690759157814,0.6638784496563181,1.3445629768298204,2.428629249334336,0.3011203955675938,0.0016742445523148,0.0,0.02,0.0198879604432406,0.0,carpet,12345,2458048236,0,0,5,2,2,2,0.4053198099136352,0.0809754431247711,0.4296726882457733,0.4702533185482025,0.9452325105667114,-0.7128900289535522,-0.5114524960517883,0.048046875745058,0.3010424375534057,0.6989575624465942,-0.2134914547204971,-0.1267056465148925,-0.1754385977983474,0.2826510667800903,-0.2534112930297851,0.5058479309082031,-0.331384003162384,-0.6081871390342712,1.0,0.0,0.0,1.0,0.0,0.0,1.0,0.0,0.0
20260414_134505_905168,5,112,1.703794240951538,-0.1564134359359741,0.9799710721565608,11.065661831314374,1.0,2.0924308592622083,4.336034506559372,3.107161235143664,0.0002892784343909,0.0,0.02,0.0,0.0,carpet,12345,2458048236,0,0,5,2,2,2,-0.4275859296321869,0.8072303533554077,-0.9139660000801086,0.6010265350341797,-0.4341202676296234,0.0354220643639564,-0.0387087576091289,0.0546682365238666,0.3249095678329468,0.6750903725624084,-0.1560313552618026,0.2144249528646469,-0.1374268978834152,0.1803118884563446,0.1120857670903205,0.5331383943557739,-0.4493177533149719,-0.3167641460895538,1.0,0.0,0.0,1.0,0.0,0.0,1.0,0.0,0.0
20260414_134505_905168,5,113,1.7786692380905151,-0.1535031497478485,0.7217510152887924,11.787412846603166,0.7418287126889825,1.496565989743516,-0.291028618812561,5.183329739667428,0.0007769740019018,0.0,0.02,0.0,0.0,carpet,12345,2458048236,0,0,5,2,2,2,-0.4042429327964782,-0.2732192277908325,-0.2084989994764328,-0.049020379781723,0.6372395753860474,0.599234938621521,-0.1500329971313476,0.1430400907993316,0.3675214946269989,0.6324784755706787,0.0136744882911443,-0.272904485464096,0.4922027289867401,-0.511695921421051,0.413255363702774,-0.2368421107530594,0.0126705653965473,-0.0438596494495868,1.0,0.0,0.0,1.0,0.0,0.0,1.0,0.0,0.0
20260414_134505_905168,5,114,1.9062546491622925,-0.00341472402215,-1.021310060324523,10.766102786278642,-1.0,-2.629786150834832,-15.008842572569849,2.921311787141434,0.0072411785836014,0.0117188493232583,0.02,0.0,0.0,carpet,12345,2458048236,0,0,5,2,2,2,0.6576929688453674,-0.0615509524941444,0.8858354091644287,-0.6536502838134766,0.9019400477409364,0.9081028699874878,0.8629708886146545,0.2366338670253753,0.3646614551544189,0.635338544845581,0.0986603870987892,-0.2348927855491638,0.0146198831498622,-0.0750487297773361,-0.0506822615861892,0.3274853825569153,0.2456140369176864,-0.1179337203502655,1.0,0.0,0.0,1.0,0.0,0.0,1.0,0.0,0.0
20260414_134505_905168,5,115,1.8580936193466189,-0.0857540816068649,-0.003947363034782,10.76215542324386,0.0185355520470577,0.0861443264917625,8.233935758471489,3.3731255541541287,0.0119874662482875,0.0256833691402207,0.02,0.0,0.0,carpet,12345,2458048236,0,0,5,2,2,2,0.760573148727417,-0.2254550457000732,0.0499743819236755,-0.3257955908775329,-0.5972524285316467,0.8194146156311035,-0.3841942250728607,0.3961154818534851,0.2171635180711746,0.7828364968299866,0.4227816760540008,0.371345043182373,-0.0984405428171157,0.4103313982486725,-0.4171539843082428,0.4600389897823334,0.3352826535701751,0.5,1.0,0.0,0.0,1.0,0.0,0.0,1.0,0.0,0.0
20260414_134505_905168,5,116,1.8980947732925413,-0.0263897813856601,-0.7294134833555659,10.032741939888291,-0.7023073131596468,-1.4194992606613113,-5.936430022120476,0.970418740831164,0.020496640175485,0.1011301235674124,0.02,0.0,0.0,carpet,12345,2458048236,0,0,5,2,2,2,0.3492926061153412,-0.8485437631607056,-0.6040084362030029,-0.8727810978889465,-0.0577052608132362,0.616058886051178,0.8357728123664856,0.3359142243862152,0.2980817258358001,0.7019182443618774,0.1970801353454589,0.4639376103878021,-0.1198830381035804,0.0653021410107612,-0.1384015530347824,-0.165692001581192,0.5584795475006104,-0.2173489332199096,1.0,0.0,0.0,1.0,0.0,0.0,1.0,0.0,0.0
20260414_134505_905168,5,117,1.8669681549072263,-0.0829659402370452,0.0758060129860272,10.10854795287432,0.1537330901480319,0.3497795257886622,5.657615885138512,-0.0243647102099942,0.0244778831023478,0.1095857770353985,0.02,0.05,0.0,carpet,12345,2458048236,0,0,5,2,2,2,0.1163941100239753,-0.9765880703926086,0.1881270408630371,-0.819980800151825,-1.0,0.7383800745010376,-0.0900774300098419,0.3859157562255859,0.2397420406341552,0.7602579593658447,0.4208772778511047,0.2738791406154632,-0.1695906370878219,0.064327485859394,-0.2514619827270508,0.0165692009031772,0.3557505011558532,0.483430802822113,1.0,0.0,0.0,1.0,0.0,0.0,1.0,0.0,0.0
20260414_134505_905168,5,118,1.733652949333191,-0.1757829934358596,0.9731078827977434,11.081655835672064,1.0,2.5827609743118387,9.28170531988144,0.4659654048396362,0.0132583077397796,0.0432565382448442,0.02,0.0034034595160363,0.0,carpet,12345,2458048236,0,0,5,2,2,2,0.928519606590271,0.0796232223510742,-0.4423264563083648,0.1083514243364334,0.1784819066524505,-0.6306992173194885,-0.5102567076683044,0.3470073640346527,0.2953417003154754,0.7046583294868469,0.2550981938838959,0.1208577007055282,-0.206627681851387,0.1793372333049774,-0.2514619827270508,-0.0906432718038559,0.4844054579734802,-0.0292397662997245,1.0,0.0,0.0,1.0,0.0,0.0,1.0,0.0,0.0
20260414_134505_905168,5,119,1.709317922592163,-0.1899456232786178,0.9794068592468866,12.061062694918949,1.0,2.291136476802848,1.416262984275818,1.260535891898968,0.0055954998711243,0.0006718153200196,0.02,0.0,0.0,carpet,12345,2458048236,0,0,5,2,2,2,0.8641865253448486,-0.2509584128856659,-0.0553403906524181,-0.0786655098199844,-0.4419180154800415,-1.0,-0.0271974895149469,0.1803634613752365,0.3865567743778229,0.6134431958198547,0.0047870408743619,0.5545808672904968,0.0584795325994491,-0.2660818696022033,0.0672514587640762,0.1345029175281524,-0.0116959065198898,-0.289473682641983,1.0,0.0,0.0,1.0,0.0,0.0,1.0,0.0,0.0
20260414_134505_905168,5,120,1.7747043371200562,-0.1631379574537277,0.4903960210742996,12.551458715993247,0.5118772881948078,1.0481607119798753,-2.6807665824890137,4.938482754713675,0.0048574566533184,0.0199104291035264,0.02,0.0,0.0,carpet,12345,2458048236,0,0,5,2,2,2,0.7234580516815186,-0.2924982607364654,-0.8530207276344299,-0.9085463881492616,0.2169546037912368,-0.1704833060503006,0.7749475836753845,0.1499446928501129,0.4004749357700348,0.5995250940322876,0.0294568631798028,0.5506822466850281,-0.1559454202651977,-0.0107212476432323,0.0292397662997245,0.0653021410107612,-0.3001949191093445,0.0009746588766574,1.0,0.0,0.0,1.0,0.0,0.0,1.0,0.0,0.0
20260414_134505_905168,5,121,1.675257921218872,-0.1931527704000473,0.7422267389006871,13.293685454893936,0.7623030039194302,1.5364908576428888,3.001481294631958,6.3888292858648015,0.0007626501874306,0.0,0.02,0.0,0.0,carpet,12345,2458048236,0,0,5,2,2,2,-0.5997878909111023,-0.8404433131217957,0.5509126782417297,-0.5748941898345947,0.1972066760063171,-0.838861346244812,0.0029557377565652,0.231677621603012,0.374129980802536,0.6258699893951416,0.2057337313890457,0.4961013793945312,-0.1315789520740509,-0.0799220278859138,-0.1052631586790084,0.1569200754165649,-0.1549707651138305,0.4424951374530792,1.0,0.0,0.0,1.0,0.0,0.0,1.0,0.0,0.0
20260414_134505_905168,5,122,1.6802959442138672,-0.1913773417472839,0.5225550907246649,13.8162405456186,0.5425550907246649,1.107982426913097,-0.1775428652763366,8.91631097343921,0.0,0.0,0.02,0.0,0.0,carpet,12345,2458048236,0,0,5,2,2,2,0.2573677897453308,-0.601056694984436,-0.0770352929830551,0.6048485636711121,0.3294267952442169,-0.7760615348815918,0.2550197243690491,0.1073696166276931,0.4036267399787903,0.5963732600212097,0.0191201753914356,-0.3460038900375366,-0.4103313982486725,0.3996101319789886,-0.264132559299469,0.1803118884563446,-0.3469785451889038,0.0253411307930946,1.0,0.0,0.0,1.0,0.0,0.0,1.0,0.0,0.0
20260414_134505_905168,5,123,1.756111979484558,-0.1662213057279586,0.0579903409638248,13.874230886582426,0.0779927793341951,0.2020859197016804,-2.5156036019325256,8.768617367352228,2.43837037028424e-05,0.0,0.02,0.0,0.0,carpet,12345,2458048236,0,0,5,2,2,2,-0.0868532583117485,0.3393251895904541,-0.8217320442199707,0.0863983184099197,-0.0574009753763675,0.2637333571910858,0.7900413870811462,0.113667294383049,0.4018819630146026,0.5981180667877197,0.0477616898715496,0.1452241688966751,-0.3615984320640564,-0.0506822615861892,0.3508771955966949,0.1822612136602401,-0.4337232112884521,0.1520467847585678,1.0,0.0,0.0,1.0,0.0,0.0,1.0,0.0,0.0
20260414_134505_905168,5,124,1.7268346548080444,-0.1823474317789077,0.2382492014300468,14.112480088012472,0.2588295338717913,0.5547175910499931,1.6126126050949097,6.740573984090382,0.0,0.0116066488348892,0.02,0.0,0.0,carpet,12345,2458048236,0,0,5,2,2,2,1.0,-0.6715182662010193,0.3421151638031006,0.1728980094194412,-0.9251409769058228,-0.4025854170322418,0.5118220448493958,0.2084371596574783,0.3771601319313049,0.6228398680686951,0.2375828921794891,-0.076998047530651,0.2163742631673813,-0.4707602262496948,0.0925925895571708,-0.0389863550662994,0.1042884960770607,0.4502924084663391,1.0,0.0,0.0,1.0,0.0,0.0,1.0,0.0,0.0
20260414_134505_905168,5,125,1.630927324295044,-0.2076111733913421,0.4916060172299235,14.604086105242397,0.5116060172299235,1.047631733598351,2.5263741612434387,5.497069240885885,0.0,0.0,0.02,0.0,0.0,carpet,12345,2458048236,0,0,5,2,2,2,-0.6743910908699036,0.4616992175579071,-0.7822529077529907,0.6356548070907593,-0.7875722646713257,-0.6211623549461365,-0.1332939565181732,0.1718406677246093,0.3930078744888305,0.6069921255111694,0.184934064745903,0.5994151830673218,-0.4454191029071808,0.1871345043182373,0.1403508782386779,-0.3157894611358642,-0.080896683037281,0.3557505011558532,1.0,0.0,0.0,1.0,0.0,0.0,1.0,0.0,0.0
20260414_134505_905168,5,126,1.60258150100708,-0.2031580805778503,0.3002033230058826,14.90428942824828,0.3202033230058826,0.6743964798614712,-0.4453092813491821,5.123305008767481,0.0,0.0,0.02,0.0,0.0,carpet,12345,2458048236,0,0,5,2,2,2,0.6659737229347229,-0.9648731350898744,0.5545346736907959,0.6366479396820068,0.1223353892564773,-0.7917640209197998,-0.0890805423259735,0.0519563667476177,0.4178355932235718,0.5821644067764282,-0.0108691081404685,-0.3986354768276214,0.3021442592144012,-0.4600389897823334,0.4142300188541412,-0.384990245103836,-0.1101364493370056,-0.0506822615861892,1.0,0.0,0.0,1.0,0.0,0.0,1.0,0.0,0.0
20260414_134505_905168,5,127,1.6237467527389526,-0.2105824202299118,0.3089260775372494,15.213215505785527,0.3289260775372494,0.6914058511976364,0.7424339652061462,4.278220002322229,0.0,0.0,0.02,0.0,0.0,carpet,12345,2458048236,0,0,5,2,2,2,0.4592601656913757,-0.7711426019668579,-0.7888345718383789,-0.7970413565635681,-0.7315170168876648,-0.8192087411880493,0.4422754645347595,0.0165241248905658,0.4134593605995178,0.5865406394004822,-0.0682297348976135,0.4054580926895141,-0.5984405279159546,0.2982456088066101,0.3333333432674408,0.0565302148461341,-0.4093567132949829,-0.0467836260795593,1.0,0.0,0.0,1.0,0.0,0.0,1.0,0.0,0.0
20260414_134505_905168,5,128,1.624725580215454,-0.2243562042713165,0.3968712766324857,15.610086782418014,0.4168712766324857,0.8628989894333472,1.3773784041404724,4.033136564842479,0.0,0.0,0.02,0.0,0.0,carpet,12345,2458048236,0,0,5,2,2,2,-0.5735731720924377,0.8991378545761108,-0.7641754150390625,-1.0,-1.0,-0.2618343532085418,0.2112671434879303,0.0429807677865028,0.4207555651664734,0.5792444348335266,0.0300903934985399,0.3021442592144012,-0.4532163739204407,0.0584795325994491,0.1403508782386779,-0.1325536072254181,-0.4561403393745422,0.2719298303127289,1.0,0.0,0.0,1.0,0.0,0.0,1.0,0.0,0.0
20260414_134505_905168,5,129,1.625411868095398,-0.2244520932435989,0.2874725468626003,15.897559329280616,0.3074725468626003,0.6495714663820706,0.0095888972282409,4.4806221115228695,0.0,0.0,0.02,0.0,0.0,carpet,12345,2458048236,0,0,5,2,2,2,0.6772012710571289,0.6492769718170166,-0.6472638249397278,-1.0,-0.6531049013137817,-0.3851647675037384,0.2482721656560897,0.044204331934452,0.434291660785675,0.565708339214325,0.0147231966257095,-0.3645224273204803,0.5380116701126099,-0.4239766001701355,0.1354775875806808,-0.2865497171878814,-0.1442495137453079,0.1247563362121582,1.0,0.0,0.0,1.0,0.0,0.0,1.0,0.0,0.0
20260414_134505_905168,5,130,1.6376376152038574,-0.2047994881868362,-0.02,15.877559329280617,0.0,-0.0041365266325144,-1.9652605056762693,3.921767993840362,0.0,0.0,0.02,0.0,0.0,carpet,12345,2458048236,0,0,5,2,2,2,-0.4088999032974243,-0.0171022899448871,-0.8142161965370178,0.4735668301582336,-0.4865514934062958,-0.7875025272369385,0.7412488460540771,0.0450620651245117,0.4343858659267425,0.5656141638755798,0.0209385808557271,0.3947368562221527,0.3645224273204803,-0.3927875161170959,0.1062378138303756,-0.2865497171878814,-0.1588694006204605,0.1481481492519378,1.0,0.0,0.0,1.0,0.0,0.0,1.0,0.0,0.0
20260414_134505_905168,5,131,1.5488024950027466,-0.195429041981697,-0.116083871847622,15.761475457432994,-0.096083871847622,-0.237363550102863,-0.937044620513916,2.636772710139148,0.0,0.0,0.02,0.0,0.0,carpet,12345,2458048236,0,0,5,2,2,2,0.8173807263374329,-0.7220905423164368,-0.1268825978040695,-0.8257196545600891,0.1438553929328918,-0.2512275874614715,-0.90780371427536,0.0603443160653114,0.4150724709033966,0.5849275588989258,0.0982265025377273,-0.2153996080160141,0.2144249528646469,-0.4074074029922485,0.3070175349712372,-0.2709551751613617,-0.4083820581436157,0.455165684223175,1.0,0.0,0.0,1.0,0.0,0.0,1.0,0.0,0.0
20260414_134505_905168,5,132,1.6157031059265137,-0.2262664288282394,0.2584164146596973,16.019891872092693,0.2784164146596973,0.5929120085864099,3.083738684654236,2.5552882388640867,0.0,0.0,0.02,0.0,0.0,carpet,12345,2458048236,0,0,5,2,2,2,0.9957171678543092,-0.1203419417142868,0.4682111740112304,-0.5446438789367676,0.8057397603988647,-0.4017535448074341,0.5809468030929565,-0.0506996139883995,0.4058637320995331,0.5941362977027893,-0.2099429219961166,0.511695921421051,-0.3362573087215423,-0.0038986355066299,-0.2270955145359039,0.1335282623767852,-0.1198830381035804,-0.5360623598098755,1.0,0.0,0.0,1.0,0.0,0.0,1.0,0.0,0.0
20260414_134505_905168,5,133,1.6456855535507202,-0.2133253663778305,0.0164909975279918,16.036382869620684,0.0364909975279918,0.121157445179584,-1.2941062450408936,1.9850398328460344,0.0,0.0,0.02,0.0,0.0,carpet,12345,2458048236,0,0,5,2,2,2,-0.6356640458106995,-0.529913604259491,0.5047789812088013,0.0041141649708151,-0.993578851222992,-0.2333910912275314,0.8716809749603271,0.0329261794686317,0.4361688494682312,0.5638311505317688,0.0557059310376644,0.5760233998298645,-0.1403508782386779,0.219298243522644,-0.3411306142807007,0.4502924084663391,-0.2846003770828247,0.3070175349712372,1.0,0.0,0.0,1.0,0.0,0.0,1.0,0.0,0.0
20260414_134505_905168,5,134,1.5050219297409058,-0.1822965741157531,-0.3518360739086596,15.684546795712023,-0.3255649859832036,-0.684851722667247,-3.102879226207733,0.4372891207454401,0.0,0.0,0.02,0.0062710879254559,0.0,carpet,12345,2458048236,0,0,5,2,2,2,0.7287523150444031,0.2365138083696365,0.6612515449523926,0.8062282800674438,-0.0471614971756935,-0.5964597463607788,-0.7228217720985413,0.0704042464494705,0.423451155424118,0.5765488743782043,0.1523069888353347,-0.3674463927745819,-0.2904483377933502,0.3216374218463897,0.0360623784363269,-0.404483437538147,-0.1306042820215225,0.5068225860595703,1.0,0.0,0.0,1.0,0.0,0.0,1.0,0.0,0.0
20260414_134505_905168,5,135,1.551515817642212,-0.2037116289138794,-0.07,15.614546795712023,0.0,0.0217375779527202,2.141505479812622,-0.1905447676839102,0.0,0.0,0.02,0.05,0.0,carpet,12345,2458048236,0,0,5,2,2,2,-0.8751409649848938,-1.0,0.3694651424884796,-0.1932805329561233,-0.8262143731117249,-1.0,0.6917102932929993,-0.1054252609610557,0.3929579555988312,0.6070420742034912,-0.2431342899799347,0.4025341272354126,-0.1325536072254181,0.2836257219314575,0.3040935695171356,-0.0838206633925437,-0.3031189143657684,-0.3986354768276214,1.0,0.0,0.0,1.0,0.0,0.0,1.0,0.0,0.0
20260414_134505_905168,5,136,1.5455522537231443,-0.2195410430431366,0.1382238176136751,15.7527706133257,0.1856607880492173,0.4120385366959738,1.5829414129257202,0.2256302956445779,0.0,0.0,0.02,0.0274369704355422,0.0,carpet,12345,2458048236,0,0,5,2,2,2,0.3907513320446014,0.2268416583538055,0.9065110087394714,-0.2074279636144638,0.8464212417602539,-0.4673519730567932,0.3574411273002624,-0.0473079681396484,0.4140033721923828,0.5859966278076172,-0.0022018074523657,-0.5068225860595703,-0.3674463927745819,0.3089668750762939,0.0458089672029018,-0.2768031060695648,-0.5516569018363953,0.4103313982486725,1.0,0.0,0.0,1.0,0.0,0.0,1.0,0.0,0.0
20260414_134505_905168,5,137,1.5533205270767212,-0.2297128587961197,0.2432432288956706,15.99601384222137,0.2632432288956706,0.5633242963465577,1.017181575298309,1.0263181420939986,0.0,0.0,0.02,0.0,0.0,carpet,12345,2458048236,0,0,5,2,2,2,-0.4987888038158417,0.1885408163070678,-0.6005340218544006,0.0359819941222667,0.0435860864818096,0.3750224411487579,-0.4039912521839142,-0.0547624602913856,0.4295595288276672,0.5704404711723328,-0.055604301393032,0.202729046344757,-0.0877192988991737,0.4912280738353729,-0.1881091594696045,0.2943469882011413,-0.3801169693470001,0.1949317753314972,1.0,0.0,0.0,1.0,0.0,0.0,1.0,0.0,0.0
20260414_134505_905168,5,138,1.6145645380020142,-0.2167347073554992,0.0046356083304645,16.000649450551833,0.0246356083304645,0.0980394362444059,-1.2978151440620422,0.5314455697519946,0.0,0.0,0.02,0.0,0.0,carpet,12345,2458048236,0,0,5,2,2,2,0.1448957622051239,-0.695417582988739,-0.6754690408706665,0.725405752658844,-0.2797851860523224,-0.860215961933136,0.9618560671806335,-0.0450521484017372,0.439555823802948,0.560444176197052,-0.1457370668649673,-0.272904485464096,0.1861598491668701,-0.0146198831498622,0.0175438597798347,-0.0350877195596694,0.0886939540505409,-0.2826510667800903,1.0,0.0,0.0,1.0,0.0,0.0,1.0,0.0,0.0
20260414_134505_905168,5,139,1.6347461938858032,-0.2276592850685119,0.1321251384659617,16.132774589017796,0.1521251384659617,0.3466440200086254,1.0924577713012695,0.756932144581036,0.0,0.0,0.02,0.0,0.0,carpet,12345,2458048236,0,0,5,2,2,2,0.8977431058883667,0.8574445247650146,-0.6330428123474121,0.7613722085952759,0.326114684343338,-0.2079575210809707,0.8438012003898621,0.0315029136836528,0.4268016517162323,0.5731983184814453,0.0934864357113838,0.1130604296922683,-0.2397660762071609,-0.2787524461746216,0.4454191029071808,-0.161793366074562,-0.5029239654541016,0.5584795475006104,1.0,0.0,0.0,1.0,0.0,0.0,1.0,0.0,0.0
20260414_134505_905168,5,140,1.573162078857422,-0.2109226584434509,-0.0756064874974686,16.057168101520325,-0.0556064874974686,-0.1584326506200639,-1.6736626625061035,1.283351216628219,0.0,0.0,0.02,0.0,0.0,carpet,12345,2458048236,0,0,5,2,2,2,-0.7490459084510803,0.5014289021492004,-0.2276870459318161,-0.2300622016191482,-0.9293177127838136,0.9829210042953492,-1.0,0.0567300803959369,0.4375376999378204,0.5624622702598572,0.1054774075746536,0.5175438523292542,0.2426900565624237,-0.4473684132099151,0.4249512553215027,0.1159844025969505,-0.3352826535701751,0.4922027289867401,1.0,0.0,0.0,1.0,0.0,0.0,1.0,0.0,0.0
20260414_134505_905168,5,141,1.5367908477783203,-0.2455716878175735,0.3376416648143707,16.394809766334696,0.3576416648143707,0.7474012463880229,3.464902937412262,2.0090148850635217,0.0,0.0,0.02,0.0,0.0,carpet,12345,2458048236,0,0,5,2,2,2,0.4036020636558532,-0.4262056052684784,-0.437389463186264,0.7951965928077698,-0.4541307091712951,-0.8359663486480713,-0.2237494438886642,-0.020250130444765,0.4210899472236633,0.5789100527763367,-0.1573732197284698,-0.455165684223175,0.3206627666950226,-0.0984405428171157,-0.0633528232574462,-0.4658869504928589,0.5721247792243958,-0.61208575963974,1.0,0.0,0.0,1.0,0.0,0.0,1.0,0.0,0.0
20260414_134505_905168,5,142,1.543259859085083,-0.2441653907299041,0.2237915423586066,16.618601308693304,0.2437915423586066,0.5253935075992828,-0.1406297087669372,2.1223698559668307,0.0,0.0,0.02,0.0,0.0,carpet,12345,2458048236,0,0,5,2,2,2,0.5888622403144836,0.5860643982887268,-0.6214697957038879,0.54792320728302,-0.588737964630127,-0.9442171454429626,0.2242753952741623,-0.0657142624258995,0.4551409184932709,0.5448591113090515,-0.1257800161838531,0.2690058350563049,-0.1900584846735,-0.235867440700531,0.4619883000850677,-0.2553606331348419,-0.289473682641983,-0.1169590651988983,1.0,0.0,0.0,1.0,0.0,0.0,1.0,0.0,0.0
20260414_134505_905168,5,143,1.6785882711410522,-0.2330569326877594,0.0140172716132517,16.632618580306556,0.0340172716132517,0.1163336796458409,-1.1108458042144775,1.675379239266114,0.0,0.0,0.02,0.0,0.0,carpet,12345,2458048236,0,0,5,2,2,2,0.0568169355392456,0.9356398582458496,-0.198927491903305,-0.3611390292644501,0.8826116323471069,0.2411694675683975,1.0,-0.0576278679072856,0.4537588953971863,0.5462411046028137,-0.0598796121776104,0.3226120769977569,0.2914229929447174,-0.4074074029922485,0.3450292348861694,-0.2553606331348419,-0.4405457973480224,0.1471734941005706,1.0,0.0,0.0,1.0,0.0,0.0,1.0,0.0,0.0
20260414_134505_905168,5,144,1.5332159996032717,-0.2162109464406967,-0.1655894340729151,16.46702914623364,-0.1455894340729152,-0.3338993964421846,-1.6845986247062683,1.2434404065795237,0.0,0.0,0.02,0.0,0.0,carpet,12345,2458048236,0,0,5,2,2,2,-0.3127235770225525,0.1575661599636078,0.9662530422210692,-0.3560639917850494,0.8625929355621338,-0.7728058695793152,-0.5928700566291809,0.1115325912833213,0.4428421854972839,0.5571578145027161,0.1858551949262619,0.0097465887665748,0.4892787635326385,-0.1588694006204605,-0.2758284509181976,0.3937621712684631,-0.1306042820215225,0.567251443862915,1.0,0.0,0.0,1.0,0.0,0.0,1.0,0.0,0.0
20260414_134505_905168,5,145,1.5643924474716189,-0.254839152097702,0.3211695354325602,16.7881986816662,0.3411695354325602,0.7152805940934925,3.862820565700531,1.6120769806643906,0.0,0.0,0.02,0.0,0.0,carpet,12345,2458048236,0,0,5,2,2,2,0.9013015031814576,0.3162526786327362,0.4799921214580536,0.6655470728874207,-0.2665885686874389,0.5269129872322083,-0.3831710815429687,-0.0701828002929687,0.4262869358062744,0.5737130641937256,-0.2198910862207412,-0.1881091594696045,0.0584795325994491,0.3635477721691131,-0.2923976480960846,0.4805068373680115,-0.4142300188541412,-0.3469785451889038,1.0,0.0,0.0,1.0,0.0,0.0,1.0,0.0,0.0
20260414_134505_905168,5,146,1.5430787801742554,-0.2445665299892425,0.0977666117223766,16.885965293388576,0.1177666117223766,0.2796448928586343,-1.0272622108459473,2.050154524143089,0.0,0.0,0.02,0.0,0.0,carpet,12345,2458048236,0,0,5,2,2,2,0.3811939656734466,0.6317725777626038,-0.0682998523116111,0.8229806423187256,0.508891761302948,-0.6717739701271057,-0.3047399222850799,-0.0312122348695993,0.4642484784126282,0.5357515215873718,-0.1478195190429687,0.5233917832374573,0.068226121366024,0.1998050659894943,0.1949317753314972,-0.2368421107530594,0.1861598491668701,-0.272904485464096,1.0,0.0,0.0,1.0,0.0,0.0,1.0,0.0,0.0
20260414_134505_905168,5,147,1.5466370582580566,-0.2494412511587143,0.1244111276311628,17.01037642101974,0.1444111276311628,0.3316016988807675,0.4874721169471741,1.6343549766358336,0.0,0.0,0.02,0.0,0.0,carpet,12345,2458048236,0,0,5,2,2,2,0.6667522192001343,-1.0,-1.0,-0.942391276359558,0.0726795494556427,-0.80763179063797,-0.1466250121593475,-0.0578542724251747,0.4541531205177307,0.5458468794822693,-0.1657271087169647,0.223196879029274,0.3450292348861694,-0.1208577007055282,0.2992202639579773,0.1062378138303756,-0.3840155899524688,-0.1754385977983474,1.0,0.0,0.0,1.0,0.0,0.0,1.0,0.0,0.0
20260414_134505_905168,5,148,1.595739722251892,-0.2541111409664154,0.141768471463129,17.15214489248287,0.161768471463129,0.3654485193531016,0.4669889807701111,1.4744099883896524,0.0,0.0,0.02,0.0,0.0,carpet,12345,2458048236,0,0,5,2,2,2,0.4839201867580414,0.1030921787023544,-1.0,0.5122315287590027,0.5608728528022766,-0.8443443775177002,0.625424861907959,-0.0534063354134559,0.4589436948299408,0.5410563349723816,-0.1449466496706009,0.4210526347160339,0.0925925895571708,-0.2621832489967346,-0.0506822615861892,0.0974658876657486,-0.4736842215061188,-0.0935672521591186,1.0,0.0,0.0,1.0,0.0,0.0,1.0,0.0,0.0
20260414_134505_905168,5,149,1.568572759628296,-0.2650376558303833,0.2349996210841156,17.387144513566984,0.2549996210841156,0.5472492611140254,1.0926514863967896,1.9053255698578369,0.0,0.0,0.02,0.0,0.0,carpet,12345,2458048236,0,0,5,2,2,2,-0.4142881035804748,-0.5651184320449829,-0.6267274618148804,-0.3072131276130676,0.2659931778907776,-0.3655557334423065,-0.2417850941419601,0.0079719545319676,0.4635329842567444,0.5364670157432556,-0.0009274291805922,0.3265107274055481,0.1003898605704307,-0.4561403393745422,0.2797271013259887,0.2758284509181976,-0.538986325263977,0.3508771955966949,1.0,0.0,0.0,1.0,0.0,0.0,1.0,0.0,0.0
20260414_134505_905168,5,150,1.5800312757492063,-0.2768872082233429,0.316756797774108,17.70390131134109,0.336756797774108,0.7066757556595107,1.1849552392959597,2.945900721959532,0.0,0.0,0.02,0.0,0.0,carpet,12345,2458048236,0,0,5,2,2,2,-0.6900527477264404,0.5970574617385864,0.5631322264671326,-0.3903640508651733,-0.6449541449546814,-0.0484105013310909,-0.1750793606042862,-0.0259868614375591,0.4742709100246429,0.5257290601730347,-0.1414860188961029,-0.2183235883712768,0.0818713456392288,-0.3109161853790283,-0.0497076027095317,0.1968810856342315,-0.2582845985889435,-0.1725146174430847,1.0,0.0,0.0,1.0,0.0,0.0,1.0,0.0,0.0
20260414_134505_905168,5,151,1.5958329439163208,-0.2781119048595428,0.2418585808459641,17.945759892187056,0.2618585808459641,0.56062423264963,0.1224696636199951,2.7912443605156696,0.0,0.0,0.02,0.0,0.0,carpet,12345,2458048236,0,0,5,2,2,2,0.651096522808075,1.0,0.2979575097560882,0.7795482277870178,-0.3954791724681854,-0.2693909704685211,0.3729928433895111,-0.0116636278107762,0.4859159588813782,0.5140840411186218,-0.0868789479136467,-0.4385964870452881,0.2699805200099945,0.2592592537403106,-0.2076023370027542,-0.2573099434375763,-0.0146198831498622,-0.1111111119389534,1.0,0.0,0.0,1.0,0.0,0.0,1.0,0.0,0.0
20260414_134505_905168,5,152,1.6034767627716064,-0.2779423296451568,0.1678096380141417,18.1135695302012,0.1878096380141417,0.4162287941275764,-0.0169575214385986,2.927828261784612,0.0,0.0,0.02,0.0,0.0,carpet,12345,2458048236,0,0,5,2,2,2,0.4106164574623108,-0.5214990377426147,-0.4417654871940613,0.6347240805625916,-0.6013241410255432,-0.0305378455668687,0.5076636672019958,0.0080884937196969,0.4871194958686828,0.5128805041313171,0.0019263683352619,0.3684210479259491,0.3538011610507965,0.076998047530651,0.2348927855491638,-0.264132559299469,-0.1637426912784576,0.2212475687265396,1.0,0.0,0.0,1.0,0.0,0.0,1.0,0.0,0.0
20260414_134505_905168,5,153,1.5977803468704224,-0.2997850477695465,0.3944818198489296,18.508051350050128,0.4144818198489297,0.8582395487054129,2.184271812438965,3.454466111609257,0.0,0.0,0.02,0.0,0.0,carpet,12345,2458048236,0,0,5,2,2,2,-0.2846406996250152,0.228114441037178,-1.0,-0.9952262043952942,-0.1188661679625511,0.2938025593757629,-0.1971906572580337,0.0176431648433208,0.4869529008865356,0.5130470991134644,0.0195199381560087,0.3040935695171356,0.0750487297773361,-0.1871345043182373,0.3898635506629944,-0.3810916244983673,-0.0750487297773361,0.261208564043045,1.0,0.0,0.0,1.0,0.0,0.0,1.0,0.0,0.0
20260414_134505_905168,5,154,1.6849411725997925,-0.2481166124343872,-0.3266826778717498,18.181368672178376,-0.3066826778717498,-0.6480312218499122,-5.16684353351593,2.440986370406243,0.0,0.0,0.02,0.0,0.0,carpet,12345,2458048236,0,0,5,2,2,2,-0.7398858666419983,0.9286096096038818,0.2404146790504455,-0.1251140534877777,-0.726244330406189,0.688542902469635,0.748408854007721,0.0105226514860987,0.5084185600280762,0.4915814101696014,-0.064303807914257,-0.1325536072254181,0.2212475687265396,-0.2270955145359039,-0.1500974595546722,-0.0536062382161617,0.1237816736102104,-0.149122804403305,1.0,0.0,0.0,1.0,0.0,0.0,1.0,0.0,0.0
20260414_134505_905168,5,155,1.5224976539611816,-0.2494838833808899,-0.2260726372948063,17.95529603488357,-0.2060726372948063,-0.4518416427248723,0.1367270946502685,1.4418954665673454,0.0,0.0,0.02,0.0,0.0,carpet,12345,2458048236,0,0,5,2,2,2,-0.6381407976150513,-0.6257965564727783,0.5909001231193542,0.9650964140892028,-0.7731518745422363,-0.9468355774879456,-0.4606077075004577,0.1194736510515213,0.4576419293880462,0.5423581004142761,0.2016719728708267,-0.4727095663547516,0.4736842215061188,0.082846000790596,-0.080896683037281,-0.4327485263347626,0.3362573087215423,0.4356725215911865,1.0,0.0,0.0,1.0,0.0,0.0,1.0,0.0,0.0
20260414_134505_905168,5,156,1.6440285444259644,-0.2410102933645248,-0.3083301181559205,17.64696591672765,-0.2567799910014259,-0.5507209824527806,-0.8473590016365051,0.1844987284550541,0.0,0.0,0.02,0.0315501271544945,0.0,carpet,12345,2458048236,0,0,5,2,2,2,-0.8917455077171326,-0.8872545957565308,0.7014938592910767,-0.0647388324141502,-0.9884904623031616,0.8820071816444397,0.640546977519989,-0.0835805907845497,0.4589855968952179,0.5410144329071045,-0.1793091595172882,-0.3801169693470001,-0.3372319638729095,0.3518518507480621,0.516569197177887,-0.458089679479599,-0.223196879029274,-0.2602339088916778,1.0,0.0,0.0,1.0,0.0,0.0,1.0,0.0,0.0
20260414_134505_905168,5,157,1.5773240327835083,-0.2901274859905243,0.3661271671079429,18.013093083835592,0.3922508096463603,0.8148890788104026,4.911719262599945,0.4387635746158267,0.0,0.0,0.02,0.0061236425384173,0.0,carpet,12345,2458048236,0,0,5,2,2,2,0.7392085790634155,0.7561696767807007,-0.2546874284744262,-0.8506495952606201,-0.3205793499946594,0.3399303555488586,-0.4317260384559631,0.0683328658342361,0.4506582617759704,0.5493417382240295,0.1707633882761001,-0.5107212662696838,-0.441520482301712,0.483430802822113,-0.0155945420265197,-0.5916179418563843,0.4346978664398193,0.3508771955966949,1.0,0.0,0.0,1.0,0.0,0.0,1.0,0.0,0.0
20260414_134505_905168,5,158,1.6457029581069946,-0.278032124042511,0.0958408619908371,18.10893394582643,0.1327091079012654,0.3087827604074675,-1.2095361948013306,0.3313175408957178,0.0,0.0,0.02,0.0168682459104282,0.0,carpet,12345,2458048236,0,0,5,2,2,2,-0.2611762881278991,-0.0755604803562164,0.4990616142749786,0.2230962216854095,-0.3099939525127411,0.993701159954071,0.3571363389492035,-0.0150476451963186,0.4989277124404907,0.5010722875595093,-0.0280561503022909,0.4454191029071808,0.429824560880661,-0.1647173464298248,-0.4483430683612823,-0.1335282623767852,0.2943469882011413,-0.2417154014110565,1.0,0.0,0.0,1.0,0.0,0.0,1.0,0.0,0.0
20260414_134505_905168,5,159,1.6378239393234253,-0.2852311730384826,0.1154170744640475,18.22435102029048,0.1854170744640475,0.4115632952048926,0.719904899597168,-0.1153587126048023,0.0,0.0,0.02,0.05,0.0,carpet,12345,2458048236,0,0,5,2,2,2,0.0315726138651371,0.0602256953716278,0.3466672301292419,-0.8842631578445435,0.5656815767288208,-0.3049137592315674,0.6162301301956177,0.0704259872436523,0.4870411455631256,0.5129588842391968,0.1372139006853103,-0.1627680361270904,-0.0146198831498622,0.3157894611358642,-0.0458089672029018,-0.2884990274906158,0.4990253448486328,0.1832358688116073,1.0,0.0,0.0,1.0,0.0,0.0,1.0,0.0,0.0
20260414_134505_905168,5,160,1.6322908401489258,-0.2989100217819214,0.28802240512289,18.51237342541337,0.3080224051228901,0.6506436899896357,1.367884874343872,1.1833161992347456,0.0,0.0,0.02,0.0,0.0,carpet,12345,2458048236,0,0,5,2,2,2,0.6146703362464905,0.5853403210639954,0.9757928848266602,0.973529577255249,0.104829765856266,0.5887126326560974,0.2679409980773926,0.0605772025883197,0.4941159188747406,0.5058841109275818,0.160918042063713,0.0204678364098072,0.0448343083262443,0.2280701696872711,-0.5506822466850281,0.3411306142807007,-0.1549707651138305,0.3927875161170959,1.0,0.0,0.0,1.0,0.0,0.0,1.0,0.0,0.0
20260414_134505_905168,5,161,1.5110622644424438,-0.2845181226730346,0.0200950203949056,18.53246844580828,0.0400950203949056,0.1281852897700659,-1.439189910888672,1.763343131729684,0.0,0.0,0.02,0.0,0.0,carpet,12345,2458048236,0,0,5,2,2,2,0.3742145001888275,-0.7686870694160461,-0.2704095542430877,-0.4801864326000213,0.8133660554885864,-0.7365264892578125,-0.5383915305137634,0.0536607727408409,0.5075586438179016,0.492441326379776,0.1031801477074623,0.3401559591293335,0.1442495137453079,0.3382066190242767,-0.2573099434375763,-0.0009746588766574,0.3118908405303955,0.1452241688966751,1.0,0.0,0.0,1.0,0.0,0.0,1.0,0.0,0.0
20260414_134505_905168,5,162,1.5340391397476196,-0.3116774559020996,0.3518575887457288,18.884326034554004,0.3718575887457288,0.7751222980541712,2.715933322906494,3.089186412236636,0.0,0.0,0.02,0.0,0.0,carpet,12345,2458048236,0,0,5,2,2,2,-0.4630648791790008,-0.4082593917846679,0.8682665824890137,0.6688811779022217,-0.262405663728714,-0.0507763735949993,-0.1743698120117187,-0.0978748351335525,0.4934151768684387,0.5065848231315613,-0.1723057627677917,0.2777777910232544,-0.1335282623767852,-0.0750487297773361,-0.2797271013259887,0.4951266944408417,-0.3801169693470001,-0.3118908405303955,1.0,0.0,0.0,1.0,0.0,0.0,1.0,0.0,0.0
20260414_134505_905168,5,163,1.6030131578445437,-0.3152306675910949,0.2980369311617994,19.182362965715804,0.3180369311617994,0.6701720157655089,0.3553211688995361,2.944469349191742,0.0,0.0,0.02,0.0,0.0,carpet,12345,2458048236,0,0,5,2,2,2,0.6267812848091125,-0.9070119857788086,-0.0970366820693016,0.533771812915802,0.4929459393024444,-0.3517967164516449,0.6908852458000183,-0.0691537857055664,0.52010577917099,0.4798942506313324,-0.0946312174201011,-0.2962962985038757,-0.2709551751613617,0.4366471767425537,0.314814805984497,-0.2007797211408615,-0.030214425176382,-0.1169590651988983,1.0,0.0,0.0,1.0,0.0,0.0,1.0,0.0,0.0
20260414_134505_905168,5,164,1.4882841110229492,-0.30305215716362,0.055982692890902,19.238345658606704,0.075982692890902,0.198166251137259,-1.2178510427474976,2.833852839921533,0.0,0.0,0.02,0.0,0.0,carpet,12345,2458048236,0,0,5,2,2,2,0.7603287696838379,0.212164968252182,0.8410389423370361,-0.2025431841611862,-0.1752726435661316,-0.6403362154960632,-0.3102706670761108,0.0170637127012014,0.5235976576805115,0.4764023721218109,0.0785492286086082,0.3976608216762543,-0.4902534186840057,-0.0165692009031772,0.2982456088066101,0.19395712018013,-0.2865497171878814,0.3791423141956329,1.0,0.0,0.0,1.0,0.0,0.0,1.0,0.0,0.0
20260414_134505_905168,5,165,1.6150473356246948,-0.287647545337677,-0.1156362088695532,19.12270944973715,-0.0956362088695532,-0.2364906072956287,-1.540461182594299,2.185798937421012,0.0,0.0,0.02,0.0,0.0,carpet,12345,2458048236,0,0,5,2,2,2,1.0,0.3662369549274444,0.7409141063690186,-0.6011621952056885,-0.6039080619812012,0.7732712626457214,0.5685732960700989,-0.126347541809082,0.5116292834281921,0.4883707165718078,-0.1543883383274078,0.4142300188541412,-0.3196881115436554,0.3898635506629944,-0.1033138409256935,-0.0253411307930946,-0.3323586881160736,-0.1764132529497146,1.0,0.0,0.0,1.0,0.0,0.0,1.0,0.0,0.0
20260414_134505_905168,5,166,1.6031990051269531,-0.3059023320674896,0.0974367757813293,19.22014622551848,0.1174367757813293,0.2790017127735922,1.8254786729812624,1.8141569602049683,0.0,0.0,0.02,0.0,0.0,carpet,12345,2458048236,0,0,5,2,2,2,0.7302024960517883,0.5790627598762512,0.1756548434495926,-0.4745227992534637,0.270379364490509,0.3304572999477386,0.3936268985271454,0.0321063995361328,0.4964905679225921,0.5035094022750854,0.1385058611631393,0.5604288578033447,0.0692007765173912,0.3986354768276214,-0.359649121761322,-0.3586744666099548,0.3771929740905761,0.3167641460895538,1.0,0.0,0.0,1.0,0.0,0.0,1.0,0.0,0.0
20260414_134505_905168,5,167,1.5792194604873655,-0.3216963410377502,0.2641546199162595,19.48430084543474,0.2841546199162595,0.6041015088367061,1.579400897026062,2.2900731792716087,0.0,0.0,0.02,0.0,0.0,carpet,12345,2458048236,0,0,5,2,2,2,0.1951411217451095,-0.836266040802002,1.0,1.0,0.0197591166943311,-0.125767782330513,0.4667041897773742,0.0172960273921489,0.5144302845001221,0.4855697154998779,0.1144438982009887,0.4424951374530792,0.3538011610507965,0.0740740746259689,-0.3372319638729095,0.0916179344058036,0.1793372333049774,0.2465886920690536,1.0,0.0,0.0,1.0,0.0,0.0,1.0,0.0,0.0
20260414_134505_905168,5,168,1.5321201086044312,-0.3158008754253387,0.1111228160601296,19.595423661494863,0.1311228160601296,0.3056894913172527,-0.5895465612411499,1.8206403725346905,0.0,0.0,0.02,0.0,0.0,carpet,12345,2458048236,0,0,5,2,2,2,-0.2968305349349975,-0.1215109229087829,-0.5572260022163391,0.6385120749473572,0.8077301383018494,0.252237468957901,-0.755668580532074,-0.0126783372834324,0.5299516916275024,0.4700482785701751,0.079303354024887,0.1345029175281524,-0.4970760345458984,0.6140350699424744,-0.0419103316962718,-0.0360623784363269,-0.0896686166524887,0.2953216433525085,1.0,0.0,0.0,1.0,0.0,0.0,1.0,0.0,0.0
20260414_134505_905168,5,169,1.557694435119629,-0.3489009439945221,0.496291709085902,20.09171537058077,0.516291709085902,1.056768832717509,3.310006856918335,2.2072371894866905,0.0,0.0,0.02,0.0,0.0,carpet,12345,2458048236,0,0,5,2,2,2,0.648352324962616,-0.5688895583152771,-0.1738286167383194,0.0798312798142433,0.1172158271074295,-0.1952855288982391,-0.0824112221598625,-0.0715526565909385,0.5241579413414001,0.4758420288562774,-0.1757729053497314,-0.1715399622917175,-0.034113060683012,-0.2807017564773559,0.3235867321491241,0.2251462042331695,0.1111111119389534,-0.4785574972629547,1.0,0.0,0.0,1.0,0.0,0.0,1.0,0.0,0.0
20260414_134505_905168,5,170,1.5496567487716677,-0.321090966463089,0.004270351924264,20.095985722505034,0.024270351924264,0.0973271862523148,-2.7809977531433105,2.1063981246017462,0.0,0.0,0.02,0.0,0.0,carpet,12345,2458048236,0,0,5,2,2,2,-0.1705628633499145,0.5148075222969055,0.5493366718292236,0.66051185131073,0.0249681565910577,0.7767098546028137,-0.7931175827980042,-0.0395847335457801,0.5566867589950562,0.4433132410049438,-0.0545940175652504,0.3888888955116272,-0.3489278852939605,-0.0799220278859138,0.0730994120240211,0.1111111119389534,-0.1403508782386779,-0.0614035092294216,1.0,0.0,0.0,1.0,0.0,0.0,1.0,0.0,0.0
20260414_134505_905168,5,171,1.5938698053359983,-0.3228548765182495,0.0144067390093567,20.11039246151439,0.0344067390093567,0.1170931410682456,0.1763910055160522,2.4599818729656207,0.0,0.0,0.02,0.0,0.0,carpet,12345,2458048236,0,0,5,2,2,2,0.0030068361666053,0.7796661853790283,-0.9165359735488892,0.9511874914169312,0.6832119226455688,-1.0,0.7837592363357544,-0.0496318824589252,0.5293567776679993,0.4706432223320007,-0.1477501094341278,-0.1354775875806808,0.0136452242732048,0.0750487297773361,0.3362573087215423,-0.0526315793395042,0.3508771955966949,-0.5097466111183167,1.0,0.0,0.0,1.0,0.0,0.0,1.0,0.0,0.0
20260414_134505_905168,5,172,1.6211724281311035,-0.3313742280006408,0.1086172527492153,20.219009714263606,0.1286172527492153,0.3008036428609699,0.8519351482391357,2.4817838030529984,0.0,0.0,0.02,0.0,0.0,carpet,12345,2458048236,0,0,5,2,2,2,0.8150568008422852,-0.1678390949964523,-0.3081322312355041,-0.8668127059936523,0.8840978145599365,0.6551632285118103,0.3813529908657074,0.0056344987824559,0.531090259552002,0.468909740447998,0.0955920070409774,-0.0077972710132598,0.4522417187690735,-0.5769980549812317,0.4424951374530792,0.3216374218463897,-0.5487329363822937,0.4727095663547516,1.0,0.0,0.0,1.0,0.0,0.0,1.0,0.0,0.0
20260414_134505_905168,5,173,1.6162604093551636,-0.3360990583896637,0.130627431728869,20.349637145992475,0.150627431728869,0.3437234918712946,0.4724830389022827,2.221405786087587,0.0,0.0,0.02,0.0,0.0,carpet,12345,2458048236,0,0,5,2,2,2,0.6343187093734741,-0.0262909196317195,-0.1381195187568664,0.0289639234542846,0.3702135384082794,-0.5290651321411133,0.7574997544288635,0.0397628769278526,0.5394625663757324,0.4605374336242676,0.1422713845968246,0.4961013793945312,-0.0877192988991737,-0.1559454202651977,-0.4434697926044464,0.5126705765724182,0.1725146174430847,0.2007797211408615,1.0,0.0,0.0,1.0,0.0,0.0,1.0,0.0,0.0
20260414_134505_905168,5,174,1.5893906354904177,-0.351376861333847,0.2824295859015673,20.63206673189404,0.3024295859015674,0.6397376925080565,1.527780294418335,2.5554539872783906,0.0,0.0,0.02,0.0,0.0,carpet,12345,2458048236,0,0,5,2,2,2,-0.9085763096809388,-0.5868373513221741,-0.817978024482727,-0.0385216809809207,-0.9803838133811952,0.7419499754905701,-0.2368284314870834,0.0336227416992187,0.5441058278083801,0.4558941721916199,0.1945885717868805,0.413255363702774,-0.028265107423067,-0.1267056465148925,0.0068226121366024,0.2426900565624237,-0.2738791406154632,0.4844054579734802,1.0,0.0,0.0,1.0,0.0,0.0,1.0,0.0,0.0
20260414_134505_905168,6,0,1.5745214223861694,0.2782754004001617,-0.0571574346835796,-0.0571574346835796,-0.0371574346835796,-0.1224569976329803,-0.4898279905319214,0.0,0.0,0.0,0.02,0.0,0.0,carpet,12345,2458048367,0,0,6,2,2,2,-0.8592380285263062,0.4982293546199798,0.3574850559234619,-0.7177929878234863,0.2472781687974929,0.0318985991179943,0.3866203129291534,0.0,-0.0,0.9999999403953552,0.0,0.0048732943832874,-0.0058479532599449,0.032163742929697,-0.0019493177533149,-0.028265107423067,-0.0019493177533149,0.0029239766299724,1.0,0.0,0.0,1.0,0.0,0.0,1.0,0.0,0.0
20260414_134505_905168,6,1,1.6319937705993652,0.2890559434890747,-0.1796699104859278,-0.2368273451695075,-0.1596699104859278,-0.3613563254475593,-1.0780543088912964,0.0,0.0,0.0,0.02,0.0,0.0,carpet,12345,2458048367,0,0,6,2,2,2,-0.2087374478578567,0.5940366983413696,-0.8513908982276917,-0.7613105177879333,0.4550147950649261,0.56048983335495,0.263115793466568,0.0253881458193063,-0.0045634298585355,1.0,0.0678436160087585,-0.5370370149612427,0.2904483377933502,0.2124756276607513,-0.4113060534000397,0.1461988240480423,-0.0136452242732048,0.2076023370027542,1.0,0.0,0.0,1.0,0.0,0.0,1.0,0.0,0.0
20260414_134505_905168,6,2,1.6070255041122437,0.2825539708137512,-0.0499835524115807,-0.2868108975810882,-0.0299835524115806,-0.1084679272025823,0.6501972675323486,0.0,0.0,0.0,0.02,0.0,0.0,carpet,12345,2458048367,0,0,6,2,2,2,0.794800341129303,-0.8112314343452454,-1.0,-0.7769575715065002,0.0821799114346504,0.0137643022462725,-0.2002136260271072,0.097228430211544,-0.0146070048213005,1.0,0.1190639585256576,-0.1091617941856384,0.4083820581436157,-0.2563352882862091,-0.4269005954265594,0.2339181303977966,0.2280701696872711,0.1345029175281524,1.0,0.0,0.0,1.0,0.0,0.0,1.0,0.0,0.0
20260414_134505_905168,6,3,1.5834904909133911,0.3091977536678314,-0.377664367566124,-0.6644752651472122,-0.3576643675661239,-0.7474455167539418,-2.66437828540802,0.0,0.0,0.0,0.02,0.0,0.0,carpet,12345,2458048367,0,0,6,2,2,2,-0.4357346892356872,-0.2127958387136459,-0.9485010504722596,0.5081151127815247,-0.3882443010807037,0.9749168157577516,-0.7528448104858398,0.0660181045532226,-0.0085495244711637,1.0,0.0486947335302829,0.5009746551513672,0.1978557556867599,-0.2875243723392486,-0.4220272898674011,0.1159844025969505,0.0964912250638008,-0.0916179344058036,1.0,0.0,0.0,1.0,0.0,0.0,1.0,0.0,0.0
20260414_134505_905168,6,4,1.6768758296966553,0.2979993820190429,-0.1382691519721769,-0.8027444171193892,-0.1182691519721769,-0.280624846345745,1.1198371648788452,0.0,0.0,0.0,0.02,0.0,0.0,carpet,12345,2458048367,0,0,6,2,2,2,-0.0648409575223922,0.4749975800514221,-0.1156825497746467,0.9455684423446656,0.1005743071436882,0.5832650661468506,0.540610671043396,0.0365993492305278,-0.0333719030022621,1.0,-0.0559560656547546,-0.231968805193901,0.1500974595546722,-0.4678362607955932,0.3099415302276611,-0.264132559299469,0.5467836260795593,-0.4649122953414917,1.0,0.0,0.0,1.0,0.0,0.0,1.0,0.0,0.0
20260414_134505_905168,6,5,1.6339263916015625,0.2742270231246948,0.1012001731278948,-0.7015442439914944,0.1712001731278948,0.3838403375993948,2.3772358894348145,-1.236511275783414,0.0,0.0,0.02,0.05,0.0,carpet,12345,2458048367,0,0,6,2,2,2,0.659099817276001,-0.6068987250328064,0.4466528296470642,-0.2585146725177765,-0.1042253375053405,0.1719582974910736,-0.4092884063720703,0.153330996632576,-0.0229390654712915,1.0,0.1987576335668563,-0.0818713456392288,0.1861598491668701,-0.2962962985038757,0.4249512553215027,-0.1423001885414123,0.2884990274906158,0.2943469882011413,1.0,0.0,0.0,1.0,0.0,0.0,1.0,0.0,0.0
20260414_134505_905168,6,6,1.6540993452072144,0.3048372566699981,-0.2891669668887371,-0.9907112108802316,-0.2191669668887371,-0.4773755854330375,-3.0610233545303345,-1.5914298635834712,0.0,0.0,0.02,0.05,0.0,carpet,12345,2458048367,0,0,6,2,2,2,0.0699889808893203,0.2779110968112945,0.5490632653236389,-0.8929962515830994,0.2766822576522827,-0.8059471845626831,0.9643471240997314,0.0996442809700965,-0.0007918135379441,1.0,0.0239696390926837,0.3927875161170959,-0.4103313982486725,0.2475633472204208,-0.1393762230873108,-0.0214424952864646,0.1773879081010818,-0.2329434752464294,1.0,0.0,0.0,1.0,0.0,0.0,1.0,0.0,0.0
20260414_134505_905168,6,7,1.6277540922164917,0.2714172303676605,0.1492148556326477,-0.8414963552475838,0.2192148556326477,0.477468968483663,3.3420026302337646,-0.7526045696522488,0.0,0.0,0.02,0.05,0.0,carpet,12345,2458048367,0,0,6,2,2,2,0.0717203468084335,-0.7948870062828064,-0.1328425705432891,0.7989134192466736,-0.7572500705718994,-0.2068449258804321,0.5319539904594421,0.1248603835701942,-0.0293095037341117,1.0,0.2184261530637741,0.0087719298899173,0.0623781681060791,0.2855750620365143,-0.4902534186840057,0.2309941500425338,-0.3918128609657287,0.595516562461853,1.0,0.0,0.0,1.0,0.0,0.0,1.0,0.0,0.0
20260414_134505_905168,6,8,1.6604856252670288,0.2699256539344787,0.1071236600986109,-0.7343726951489729,0.1771236600986109,0.3953911371922913,0.1491576433181762,-0.248745505257375,0.0,0.0,0.02,0.05,0.0,carpet,12345,2458048367,0,0,6,2,2,2,-0.0477274879813194,-0.5750998854637146,0.2475854903459549,-0.0795664563775062,0.6762187480926514,-0.07187981903553,0.7671592831611633,0.0919288620352745,0.001825897837989,0.9981740713119508,0.1335045993328094,0.0604288503527641,-0.4171539843082428,-0.032163742929697,0.4688109159469604,-0.4327485263347626,-0.1003898605704307,0.3255360722541809,1.0,0.0,0.0,1.0,0.0,0.0,1.0,0.0,0.0
20260414_134505_905168,6,9,1.6453217267990112,0.2636357247829437,0.187072605991074,-0.5473000891578987,0.207072605991074,0.4537915816825943,0.6289929151535034,0.9524915931791612,0.0,0.0,0.02,0.0,0.0,carpet,12345,2458048367,0,0,6,2,2,2,-0.8914871215820312,-0.5087984204292297,0.0304004456847906,-1.0,-0.4488984644412994,-0.6945397257804871,0.5296211242675781,0.132843405008316,0.0032155164517462,0.996784508228302,0.1908338814973831,-0.0331384018063545,-0.3557505011558532,0.1647173464298248,-0.0779727101325988,0.314814805984497,-0.0964912250638008,0.4502924084663391,1.0,0.0,0.0,1.0,0.0,0.0,1.0,0.0,0.0
20260414_134505_905168,6,10,1.62535560131073,0.2646675109863281,0.1156661698345312,-0.4316339193233675,0.1356661698345312,0.3145490311773358,-0.1031786203384399,1.547665470702242,0.0,0.0,0.02,0.0,0.0,carpet,12345,2458048367,0,0,6,2,2,2,-0.7743240594863892,-0.5508217215538025,0.8457512259483337,0.0897960513830185,-0.5299334526062012,-0.7322643995285034,0.5072469711303711,0.1138883605599403,0.0090754516422748,0.9909244775772096,0.1722003072500229,-0.5029239654541016,-0.2543859779834747,0.1169590651988983,-0.2884990274906158,0.1169590651988983,-0.272904485464096,0.3723196983337402,1.0,0.0,0.0,1.0,0.0,0.0,1.0,0.0,0.0
20260414_134505_905168,6,11,1.6331714391708374,0.2568384408950805,0.1757120644431784,-0.2559218548801891,0.1957120644431784,0.4316385256641979,0.7829070091247559,1.595463658767045,0.0,0.0,0.02,0.0,0.0,carpet,12345,2458048367,0,0,6,2,2,2,-0.2621389925479889,0.656089186668396,0.8009054064750671,-0.7094278931617737,0.3890705704689026,0.6496844291687012,-0.014910097233951,0.0889307036995887,0.0081142047420144,0.991885781288147,0.1249619796872139,-0.4629629552364349,-0.3508771955966949,0.3996101319789886,0.0584795325994491,-0.2144249528646469,-0.2738791406154632,0.3547758162021637,1.0,0.0,0.0,1.0,0.0,0.0,1.0,0.0,0.0
20260414_134505_905168,6,12,1.6437771320343018,0.2551257610321045,0.142331226062839,-0.11359062881735,0.162331226062839,0.3665458908225361,0.1712679862976074,2.4393851350226186,0.0,0.0,0.02,0.0,0.0,carpet,12345,2458048367,0,0,6,2,2,2,-0.5250886082649231,-0.133378729224205,-0.4502397179603576,-0.4715484380722046,-0.846259355545044,-0.64165198802948,0.6676307916641235,0.0987005233764648,0.0154080763459205,0.9845919013023376,0.0510562025010585,-0.2144249528646469,0.0536062382161617,0.4191033244132995,-0.455165684223175,0.2076023370027542,0.2777777910232544,-0.0409356728196144,1.0,0.0,0.0,1.0,0.0,0.0,1.0,0.0,0.0
20260414_134505_905168,6,13,1.6236077547073364,0.2659900784492492,-0.02,-0.13359062881735,0.0,0.0033014826882862,-1.0864317417144775,1.9652176492272415,0.0,0.0,0.02,0.0,0.0,carpet,12345,2458048367,0,0,6,2,2,2,0.3149654269218445,0.0314775481820106,-0.5611234903335571,-0.4019457995891571,0.9550363421440125,-1.0,0.694111704826355,0.1119577437639236,0.0170036628842353,0.9829962849617004,0.1662449687719345,-0.3118908405303955,0.0185185186564922,0.0730994120240211,-0.2153996080160141,-0.2329434752464294,-0.1647173464298248,0.4327485263347626,1.0,0.0,0.0,1.0,0.0,0.0,1.0,0.0,0.0
20260414_134505_905168,6,14,1.6703252792358398,0.287858635187149,-0.2741838638397937,-0.4077744926571438,-0.2534552853493688,-0.5442378064312692,-2.186855673789978,1.0255887056036812,0.0,0.0145715698084982,0.02,0.0,0.0,carpet,12345,2458048367,0,0,6,2,2,2,0.4215798676013946,-0.9235439300537108,0.5474427342414856,-1.0,-0.4938062727451324,0.3708379864692688,0.9069700241088868,0.0867460221052169,0.0068820430897176,0.9931179285049438,0.1001506671309471,0.206627681851387,0.0487329438328743,-0.2592592537403106,-0.2485380172729492,0.5155945420265198,-0.5925925970077515,0.4171539843082428,1.0,0.0,0.0,1.0,0.0,0.0,1.0,0.0,0.0
20260414_134505_905168,6,15,1.5008306503295898,0.2897031307220459,-0.2655779481817791,-0.6733524408389229,-0.2073285862542994,-0.4542907431958838,-0.184449553489685,0.117506380725203,0.0,0.0,0.02,0.0382493619274797,0.0,carpet,12345,2458048367,0,0,6,2,2,2,0.5188236236572266,0.8289362192153931,-1.0,0.1065881177783012,0.261604905128479,-0.7036240100860596,-0.6969332695007324,0.1451429426670074,-0.0134915532544255,1.0,0.2453172504901886,0.261208564043045,-0.471734881401062,0.3966861665248871,-0.5185185074806213,-0.1851851791143417,0.2076023370027542,0.5233917832374573,1.0,0.0,0.0,1.0,0.0,0.0,1.0,0.0,0.0
20260414_134505_905168,6,16,1.527052402496338,0.2548147737979889,0.2103632141942186,-0.4629892266447042,0.2469183926689807,0.5314908657045123,3.4888356924057007,0.3344482152523795,0.0,0.0,0.02,0.016555178474762,0.0,carpet,12345,2458048367,0,0,6,2,2,2,-0.0875903144478797,0.4024964272975921,0.4390303194522857,0.803879976272583,-0.827025294303894,-0.7432276606559753,0.3609140813350677,-0.0667253509163856,-0.0152099635452032,1.0,-0.2303226590156555,0.301169604063034,0.4922027289867401,-0.6130604147911072,0.064327485859394,0.1666666716337204,-0.3576998114585876,-0.4220272898674011,1.0,0.0,0.0,1.0,0.0,0.0,1.0,0.0,0.0
20260414_134505_905168,6,17,1.5311225652694702,0.2377765923738479,0.3772167614779049,-0.0857724651667993,0.3972167614779049,0.8245726848819146,1.703818142414093,0.7273823744700962,0.0,0.0,0.02,0.0,0.0,carpet,12345,2458048367,0,0,6,2,2,2,0.1204347088932991,-0.6809225678443909,-0.7532569766044617,0.7100936770439148,0.4036767184734344,0.8135901689529419,0.3081928789615631,-0.0339481346309185,0.0172933954745531,0.9827065467834472,-0.0367024056613445,-0.0740740746259689,0.1832358688116073,0.0711500942707061,0.4600389897823334,-0.4883041083812713,-0.4385964870452881,0.2290448397397995,1.0,0.0,0.0,1.0,0.0,0.0,1.0,0.0,0.0
20260414_134505_905168,6,18,1.631752371788025,0.2362905293703079,0.2905544044871416,0.2047819393203423,0.3105544044871416,0.6555810887499263,0.1486063003540039,1.0164175723974864,0.0,0.0,0.02,0.0,0.0,carpet,12345,2458048367,0,0,6,2,2,2,-0.7353987693786621,0.8463016152381897,-0.7123814821243286,0.8156243562698364,-0.6702369451522827,0.7850650548934937,0.6186362504959106,-0.0288604740053415,0.0331668406724929,0.9668331146240234,-0.0528081469237804,0.0964912250638008,-0.0857699811458587,-0.1715399622917175,0.429824560880661,-0.2816764116287231,-0.2212475687265396,0.1647173464298248,1.0,0.0,0.0,1.0,0.0,0.0,1.0,0.0,0.0
20260414_134505_905168,6,19,1.5720819234848022,0.2074864655733108,0.5757884161473809,0.7805703554677232,0.5957884161473809,1.2117874114873928,2.880406379699707,2.224903501196593,0.0,0.0,0.02,0.0,0.0,carpet,12345,2458048367,0,0,6,2,2,2,0.5595268607139587,0.6177084445953369,-0.2592214345932007,0.2933201491832733,-0.644715428352356,-0.5088911652565002,-0.0638572722673416,0.0969266891479492,0.0345513075590133,0.9654486179351808,0.1386603116989135,-0.4639376103878021,0.5126705765724182,-0.4278752505779266,0.4785574972629547,-0.4571150243282318,0.19395712018013,0.3391812741756439,1.0,0.0,0.0,1.0,0.0,0.0,1.0,0.0,0.0
20260414_134505_905168,6,20,1.6705468893051147,0.2187669426202774,0.275809555098133,1.0563799105658562,0.295809555098133,0.6268286324413594,-1.1280477046966553,3.3959699400692216,0.0,0.0,0.02,0.0,0.0,carpet,12345,2458048367,0,0,6,2,2,2,0.5368586182594299,-0.8599604368209839,-0.723085880279541,0.5259591341018677,0.7721949219703674,-0.0205528102815151,0.8722087144851685,0.0223386771976947,0.061386302113533,0.9386136531829834,-0.0362126752734184,0.3128654956817627,0.314814805984497,-0.2124756276607513,0.1920077949762344,-0.343079924583435,-0.2017543911933899,-0.0233918130397796,1.0,0.0,0.0,1.0,0.0,0.0,1.0,0.0,0.0
20260414_134505_905168,6,21,1.6171728372573853,0.1910693645477295,0.5505440646896005,1.6069239752554567,0.5705440646896005,1.162560926144721,2.7697578072547917,5.012821609409826,0.0,0.0,0.02,0.0,0.0,carpet,12345,2458048367,0,0,6,2,2,2,0.5582720041275024,0.0031954366713762,0.5599432587623596,0.0686687529087066,-0.4805873036384582,-0.4434906542301178,0.0095826191827654,0.1454198807477951,0.0508769676089286,0.9491230249404908,0.1816599071025848,0.3460038900375366,-0.0623781681060791,-0.3352826535701751,0.2865497171878814,0.0584795325994491,-0.1403508782386779,0.4970760345458984,1.0,0.0,0.0,1.0,0.0,0.0,1.0,0.0,0.0
20260414_134505_905168,6,22,1.577979564666748,0.2295244336128235,-0.0402338625737446,1.566690112681712,-0.0202338625737446,-0.089456032018802,-3.8455069065094,4.391874711686512,0.0,0.0,0.02,0.0,0.0,carpet,12345,2458048367,0,0,6,2,2,2,0.0365296155214309,0.1941554695367813,0.9929757714271544,-0.5279476046562195,0.3595854640007019,-0.0152542628347873,-0.8586717844009399,0.0787023529410362,0.0766810998320579,0.9233188033103944,0.0184282306581735,0.3157894611358642,-0.0916179344058036,0.2436647117137909,0.034113060683012,-0.2046783566474914,-0.2085769921541214,0.0292397662997245,1.0,0.0,0.0,1.0,0.0,0.0,1.0,0.0,0.0
20260414_134505_905168,6,23,1.7113823890686035,0.2197294682264328,0.0455292875105977,1.6122194001923098,0.0655292875105977,0.1777821106456656,0.9794965386390686,3.745084137450263,0.0,0.0,0.02,0.0,0.0,carpet,12345,2458048367,0,0,6,2,2,2,-0.1599460691213607,-0.2856259047985077,0.4003133773803711,0.5195658802986145,0.9557968378067015,-0.4060468077659607,0.7676485776901245,0.0297107696533203,0.0408548600971698,0.9591451287269592,-0.1483274102210998,-0.0048732943832874,0.0389863550662994,0.4736842215061188,-0.3440545797348022,0.2076023370027542,0.0038986355066299,-0.5175438523292542,1.0,0.0,0.0,1.0,0.0,0.0,1.0,0.0,0.0
20260414_134505_905168,6,24,1.719430923461914,0.1983056664466858,0.2974008346040601,1.90962023479637,0.3174008346040601,0.6689316274779173,2.142380177974701,3.758434676178254,0.0,0.0,0.02,0.0,0.0,carpet,12345,2458048367,0,0,6,2,2,2,-0.7518413066864014,-0.3977176249027252,-0.3970858752727508,-0.2551494538784027,0.597281277179718,0.750954270362854,0.0339213199913501,0.1964643448591232,0.0499802455306053,0.9500197172164916,0.1748008579015731,-0.0604288503527641,-0.1101364493370056,0.2368421107530594,-0.0701754391193389,0.4385964870452881,-0.334307998418808,0.4395711421966553,1.0,0.0,0.0,1.0,0.0,0.0,1.0,0.0,0.0
20260414_134505_905168,6,25,1.7328909635543823,0.2186035513877868,-0.02,1.88962023479637,0.0,-0.0057484029190817,-2.0297884941101074,2.54089886177178,0.0,0.0,0.02,0.0,0.0,carpet,12345,2458048367,0,0,6,2,2,2,0.4694001674652099,-0.9001402258872986,0.8408306241035461,-0.5901638269424438,0.5866300463676453,-0.481770247220993,0.5433028340339661,0.2065248489379882,0.069939486682415,0.9300604462623596,0.0976128131151199,-0.4220272898674011,-0.1101364493370056,0.1315789520740509,-0.161793366074562,0.3245614171028137,0.0916179344058036,-0.0116959065198898,1.0,0.0,0.0,1.0,0.0,0.0,1.0,0.0,0.0
20260414_134505_905168,6,26,1.7317510843276978,0.2335070818662643,-0.1876408021288507,1.7019794326675193,-0.1676408021288507,-0.3768995641512589,-1.4903530478477478,1.5371706651791612,0.0,0.0,0.02,0.0,0.0,carpet,12345,2458048367,0,0,6,2,2,2,0.6971759796142578,0.5062967538833618,-1.0,0.3514523506164551,-0.556291937828064,-0.8479980230331421,1.0,0.2233499586582183,0.0510291829705238,0.9489707350730896,0.1906314492225647,0.2846003770828247,-0.5545808672904968,0.5048732757568359,-0.3401559591293335,0.3586744666099548,-0.2758284509181976,0.334307998418808,1.0,0.0,0.0,1.0,0.0,0.0,1.0,0.0,0.0
20260414_134505_905168,6,27,1.7340644598007202,0.2065833210945129,0.153942215030569,1.855921647698088,0.1745740236822315,0.3904193461803515,2.6923760771751404,0.7650290852147918,0.0,0.0126361730332512,0.02,0.0,0.0,carpet,12345,2458048367,0,0,6,2,2,2,0.3738552927970886,-0.7723644375801086,0.3749144673347473,-0.999165654182434,0.7803286910057068,-0.4442733228206634,0.7778723835945129,0.2219251692295074,0.0371444784104824,0.9628554582595824,0.2514054179191589,0.4113060534000397,0.3167641460895538,-0.544834315776825,0.2709551751613617,-0.1686159819364547,-0.4395711421966553,0.6159843802452087,1.0,0.0,0.0,1.0,0.0,0.0,1.0,0.0,0.0
20260414_134505_905168,6,28,1.71760356426239,0.1878576129674911,0.3439106658720517,2.19983231357014,0.3645934424670812,0.7609572128108084,1.872570812702179,1.6154423300444023,0.0,0.0136555319005881,0.02,0.0,0.0,carpet,12345,2458048367,0,0,6,2,2,2,0.4041401445865631,-0.3735406994819641,0.6556562781333923,-0.8224899172782898,-0.5979918241500854,-0.7421032786369324,0.4082009494304657,0.2248168885707855,0.0622276924550533,0.937772274017334,0.205120638012886,0.2543859779834747,-0.3586744666099548,0.3079921901226043,-0.5087719559669495,0.4775828421115875,-0.3128654956817627,0.458089679479599,1.0,0.0,0.0,1.0,0.0,0.0,1.0,0.0,0.0
20260414_134505_905168,6,29,1.7069755792617798,0.1718759685754776,0.4514702845496814,2.651302598119821,0.4719277022607338,0.9702590194084308,1.598164439201355,2.4079192388071675,0.0,0.0091483542210459,0.02,0.0,0.0,carpet,12345,2458048367,0,0,6,2,2,2,-0.049861092120409,-0.4497024416923523,0.1923806220293045,-0.4358442723751068,-0.2075782269239425,-0.7357822060585022,0.3747808933258056,0.2042407989501953,0.0796733051538467,0.9203266501426696,0.1532811671495437,0.2407407462596893,-0.2573099434375763,0.3957115113735199,-0.4688109159469604,0.2992202639579773,-0.376218318939209,0.2826510667800903,1.0,0.0,0.0,1.0,0.0,0.0,1.0,0.0,0.0
20260414_134505_905168,6,30,1.6561349630355835,0.1889155507087707,0.1090793390892333,2.760381937209055,0.1290793390892333,0.301704711224005,-1.7039582133293152,2.040692322553255,0.0,0.0,0.02,0.0,0.0,carpet,12345,2458048367,0,0,6,2,2,2,-0.6637575030326843,-0.722457766532898,-0.5173609256744385,-0.1919720917940139,0.8449365496635437,-0.4671361446380615,-0.5465832352638245,0.1909557282924652,0.0945624187588691,0.9054375886917114,0.1351230889558792,0.0019493177533149,-0.2280701696872711,0.2280701696872711,-0.2222222238779068,0.1052631586790084,-0.376218318939209,0.2699805200099945,1.0,0.0,0.0,1.0,0.0,0.0,1.0,0.0,0.0
20260414_134505_905168,6,31,1.6823574304580688,0.1767395883798599,0.2265013290465546,2.9868832662556097,0.2465013290465546,0.5306775916407815,1.2175962328910828,2.5771183171131185,0.0,0.0,0.02,0.0,0.0,carpet,12345,2458048367,0,0,6,2,2,2,0.2963077127933502,-0.1994390338659286,0.1280654519796371,0.0735603794455528,0.7043612003326416,-0.80654376745224,0.2627448439598083,0.127404972910881,0.0786876752972602,0.9213122725486756,-0.0819735080003738,-0.3723196983337402,-0.2485380172729492,0.0945419073104858,-0.1189083829522132,0.4561403393745422,-0.2826510667800903,-0.3294346928596496,1.0,0.0,0.0,1.0,0.0,0.0,1.0,0.0,0.0
20260414_134505_905168,6,32,1.7466027736663818,0.1923223584890365,-0.02,2.9668832662556097,0.0,0.0084389410011596,-1.5582770109176636,2.962456822265537,0.0,0.0,0.02,0.0,0.0,carpet,12345,2458048367,0,0,6,2,2,2,0.583968460559845,0.96704363822937,0.0966742038726806,0.1153613552451133,0.9293915033340454,-0.3322685360908508,0.808107316493988,0.1601831465959549,0.0900312736630439,0.9099686741828918,0.051701046526432,0.1627680361270904,-0.1744639426469802,0.0458089672029018,0.0380116961896419,0.4249512553215027,-0.5009746551513672,0.1549707651138305,1.0,0.0,0.0,1.0,0.0,0.0,1.0,0.0,0.0
20260414_134505_905168,6,33,1.737703561782837,0.1860833466053009,0.0375762321146633,3.004459498370273,0.0575920527406485,0.1623045028442646,0.6239011883735657,2.73434197892945,0.0001582062598524,0.0,0.02,0.0,0.0,carpet,12345,2458048367,0,0,6,2,2,2,0.3554814457893371,-0.7310947775840759,0.7434214353561401,-0.8654885292053223,0.0577394627034664,-0.770687460899353,0.5139381885528564,0.2404897660017013,0.0755137801170349,0.9244862198829652,0.1910100132226944,0.3079921901226043,-0.0964912250638008,0.0,0.030214425176382,0.4639376103878021,-0.3508771955966949,0.4541910290718078,1.0,0.0,0.0,1.0,0.0,0.0,1.0,0.0,0.0
20260414_134505_905168,6,34,1.7451380491256714,0.1928559690713882,-0.020500484621731,2.983959013748542,0.0,-0.0475871845189743,-0.6772622466087341,1.9257975815996675,0.0006337663236806,0.0087421597872597,0.02,0.0,0.0,carpet,12345,2458048367,0,0,6,2,2,2,0.9273518323898317,-0.5822537541389465,0.0322198793292045,-0.0956107750535011,-0.0447708927094936,-0.7442272901535034,0.8917955756187439,0.229365736246109,0.0813262686133384,0.9186736941337584,0.1676423102617263,0.2085769921541214,-0.4502924084663391,0.4639376103878021,-0.3703703582286834,0.2261208593845367,-0.4239766001701355,0.3323586881160736,1.0,0.0,0.0,1.0,0.0,0.0,1.0,0.0,0.0
20260414_134505_905168,6,35,1.7367504835128784,0.1671593785285949,0.2649081746521106,3.2488671884006526,0.2854996795797899,0.6067243751805904,2.5696590542793274,1.5622629373718269,0.0009857251993472,0.0098586481548908,0.02,0.0,0.0,carpet,12345,2458048367,0,0,6,2,2,2,-0.0758465826511383,0.1261119395494461,-0.3295161128044128,-0.444232314825058,0.2542343437671661,-0.3305216133594513,0.4323080778121948,0.2386589050292968,0.0750166401267051,0.9249833226203918,0.2173044830560684,0.5604288578033447,-0.3489278852939605,0.0536062382161617,-0.0068226121366024,0.0058479532599449,-0.4307992160320282,0.5370370149612427,1.0,0.0,0.0,1.0,0.0,0.0,1.0,0.0,0.0
20260414_134505_905168,6,36,1.7063586711883545,0.1665371507406234,0.1956323770221644,3.444499565422817,0.2156917826075466,0.470598976084716,0.0622227787971496,1.731157202232538,0.0005940558538226,0.0,0.02,0.0,0.0,carpet,12345,2458048367,0,0,6,2,2,2,-0.5615158081054688,0.7999641299247742,0.4705681502819061,0.5081503391265869,0.3961265981197357,0.2973570823669433,-0.4961317777633667,0.228174403309822,0.0989565774798393,0.90104341506958,0.1502625346183776,-0.0194931775331497,0.1276803165674209,-0.1744639426469802,-0.2007797211408615,0.1890838146209716,-0.2183235883712768,0.2582845985889435,1.0,0.0,0.0,1.0,0.0,0.0,1.0,0.0,0.0
20260414_134505_905168,6,37,1.7025315761566162,0.163481205701828,0.1745062671168094,3.619005832539626,0.194537363094078,0.4293478580334522,0.3055945038795471,1.6298274686252086,0.0003109597726869,0.0,0.02,0.0,0.0,carpet,12345,2458048367,0,0,6,2,2,2,0.0308451429009437,-0.7412883639335632,-0.2052734792232513,-0.768233597278595,0.5154841542243958,-0.7225897312164307,-0.0339387245476245,0.1901845932006836,0.0995362773537635,0.9004637002944946,-0.0098534431308507,-0.3606237769126892,0.3840155899524688,-0.0009746588766574,0.0925925895571708,0.1588694006204605,0.1335282623767852,-0.3070175349712372,1.0,0.0,0.0,1.0,0.0,0.0,1.0,0.0,0.0
20260414_134505_905168,6,38,1.771782398223877,0.1938134580850601,-0.2182539916584308,3.4007518408811954,-0.198100213361919,-0.4362954160557422,-3.033225238323212,1.1850931115683068,0.0015377829651175,0.0,0.02,0.0,0.0,carpet,12345,2458048367,0,0,6,2,2,2,-0.0104467989876866,0.1118327602744102,-0.95852929353714,-0.3751074373722076,0.4381571412086487,-0.2109574228525161,0.9072118401527404,0.1854007691144943,0.1023833230137825,0.8976166844367981,0.0467755421996116,0.0458089672029018,-0.0536062382161617,-0.0292397662997245,-0.3576998114585876,0.3538011610507965,-0.3606237769126892,-0.0058479532599449,1.0,0.0,0.0,1.0,0.0,0.0,1.0,0.0,0.0
20260414_134505_905168,6,39,1.765322208404541,0.2063886374235153,-0.3370265216863723,3.0637253191948237,-0.3033851515400848,-0.6416010455031653,-1.25751793384552,0.3811875632208767,0.0028000269470841,0.029602475473337,0.02,0.0118812436779123,0.0,carpet,12345,2458048367,0,0,6,2,2,2,0.5391411781311035,-0.2292725890874862,-0.8640615940093994,-0.6508830189704895,1.0,-0.5675767660140991,0.9859185814857484,0.2719642519950866,0.0741246044635772,0.9258753657341005,0.2596170604228973,0.0,0.1198830381035804,-0.2368421107530594,-0.1920077949762344,0.2543859779834747,-0.1881091594696045,0.5341130495071411,1.0,0.0,0.0,1.0,0.0,0.0,1.0,0.0,0.0
20260414_134505_905168,6,40,1.781276822090149,0.164773553609848,0.2392348360869605,3.302960155281784,0.261116057032975,0.5591763112143013,4.16150838136673,0.9879510589541524,0.0048062605788242,0.0280118977626417,0.02,0.0,0.0,carpet,12345,2458048367,0,0,6,2,2,2,-0.395711600780487,-0.1922354400157928,0.8858840465545654,0.0866834968328476,0.5824690461158752,0.4621560573577881,0.2448959201574325,0.2638891339302063,0.0624090693891048,0.9375908970832824,0.2541269063949585,0.3469785451889038,-0.0360623784363269,-0.2446393817663192,-0.3411306142807007,0.5555555820465088,-0.3625730872154236,0.5779727101325989,1.0,0.0,0.0,1.0,0.0,0.0,1.0,0.0,0.0
20260414_134505_905168,6,41,1.7071349620819092,0.1717615574598312,0.0795548195686572,3.3825149748504413,0.0998369934159739,0.2446821371611491,-0.6988003849983215,0.6259088209347112,0.0028217384731674,0.0,0.02,0.0,0.0,carpet,12345,2458048367,0,0,6,2,2,2,0.4712408781051636,-0.6410924196243286,0.1824250072240829,-0.4155450165271759,0.8215099573135376,-0.7925376296043396,-0.2893609404563904,0.2838323712348938,0.101179301738739,0.8988206386566162,0.1589012593030929,-0.2485380172729492,-0.1432748585939407,0.3099415302276611,-0.0399610139429569,0.2602339088916778,0.1120857670903205,0.1169590651988983,1.0,0.0,0.0,1.0,0.0,0.0,1.0,0.0,0.0
20260414_134505_905168,6,42,1.7791783809661863,0.1851938217878341,-0.1236709445437093,3.258844030306732,-0.0524589770919087,-0.152295005329222,-1.343226432800293,0.0030148395207731,0.0047160736098716,0.0208368808578149,0.02,0.0496985160479226,0.0,carpet,12345,2458048367,0,0,6,2,2,2,0.5170955061912537,0.2984368205070495,-0.7229399681091309,-0.3835474252700805,-0.4331649243831634,-0.1692191958427429,0.7764095067977905,0.1911550462245941,0.0946690216660499,0.9053309559822084,-0.0005558601696975,0.2933723330497741,-0.3586744666099548,0.1267056465148925,-0.2553606331348419,0.5019493103027344,-0.3859649002552032,-0.153021439909935,1.0,0.0,0.0,1.0,0.0,0.0,1.0,0.0,0.0
20260414_134505_905168,6,43,1.823073148727417,0.2305170148611068,-0.6884670659731963,2.570376964333536,-0.6140005542711384,-1.24730108082872,-4.532319307327271,-1.673634099341399,0.0094520210582175,0.0704261919247213,0.02,0.05,0.0,carpet,12345,2458048367,0,0,6,2,2,2,-0.7189851999282837,-0.8696151971817017,0.2479911148548126,-1.0,0.0668909177184104,0.8739749193191528,0.7287123799324036,0.2812091708183288,0.0821549892425537,0.9178449511528016,0.2609708905220032,0.301169604063034,0.1920077949762344,-0.3752436637878418,-0.1637426912784576,0.0038986355066299,-0.0877192988991737,0.4639376103878021,1.0,0.0,0.0,1.0,0.0,0.0,1.0,0.0,0.0
20260414_134505_905168,6,44,1.7971267700195312,0.1997078657150268,-0.1342425094971656,2.43613445483637,-0.0591010676766942,-0.1652470819695537,3.0809149146080017,-1.4025857652552105,0.0118054747222014,0.0792178869650255,0.02,0.05,0.0,carpet,12345,2458048367,0,0,6,2,2,2,-0.9752287268638612,-0.9309033751487732,0.8028809428215027,-0.90090012550354,0.641913115978241,-1.0,0.5990136861801147,0.3360776901245117,0.0399301461875438,0.96006977558136,0.3276393711566925,-0.4083820581436157,-0.2309941500425338,0.2436647117137909,-0.4922027289867401,0.032163742929697,0.3830409348011017,0.4181286692619324,1.0,0.0,0.0,1.0,0.0,0.0,1.0,0.0,0.0
20260414_134505_905168,6,45,1.7940741777420044,0.1573637127876281,0.3968444260797059,2.832978880916076,0.4536761598501602,0.9346685117078124,4.234415292739868,0.1736837919557672,0.0134681942983117,0.0570658707239973,0.02,0.0326316208044232,0.0,carpet,12345,2458048367,0,0,6,2,2,2,-0.2961945533752441,-0.8674154877662659,-0.1677325963973999,-0.5821583271026611,-0.2916781604290008,0.4652590155601501,-0.1275834292173385,0.3036447465419769,0.0686331391334533,0.931366801261902,0.2298161685466766,-0.5701754093170166,-0.5321637392044067,0.5038986206054688,-0.5438596606254578,0.4220272898674011,-0.384990245103836,0.413255363702774,1.0,0.0,0.0,1.0,0.0,0.0,1.0,0.0,0.0
20260414_134505_905168,6,46,1.813670039176941,0.1792848855257034,-0.0230972157441921,2.809881665171884,0.0528061873481956,0.1529720653289814,-2.1921172738075256,-0.2325204539295526,0.0166769021705652,0.0847142575066237,0.02,0.05,0.0,carpet,12345,2458048367,0,0,6,2,2,2,0.1904496997594833,-0.8175867795944214,0.6178886890411377,-0.976747453212738,0.2028186172246933,-0.3589991629123688,0.8411741852760315,0.2998290956020355,0.1080826073884964,0.8919174075126648,0.1308028995990753,-0.2504873275756836,-0.5545808672904968,0.3265107274055481,-0.2914229929447174,-0.0847953185439109,0.3079921901226043,-0.0896686166524887,1.0,0.0,0.0,1.0,0.0,0.0,1.0,0.0,0.0
20260414_134505_905168,6,47,1.7814816236495972,0.146484762430191,0.4248968404582807,3.2347785056301643,0.4537087827612983,0.9347321263845316,3.280012309551239,0.4575295352938298,0.0160209316955292,0.059256053256953,0.02,0.004247046470617,0.0,carpet,12345,2458048367,0,0,6,2,2,2,0.3642981350421905,-0.9319728016853333,-0.0325558930635452,-0.770740807056427,0.808078944683075,-0.3721054494380951,0.1111211106181144,0.324323832988739,0.0876599922776222,0.912339985370636,0.2832622826099396,0.0984405428171157,-0.5487329363822937,0.3693957030773163,-0.4951266944408417,0.2046783566474914,-0.1569200754165649,0.5087719559669495,1.0,0.0,0.0,1.0,0.0,0.0,1.0,0.0,0.0
20260414_134505_905168,6,48,1.734692096710205,0.142708346247673,0.3609273927171126,3.595705898347277,0.3822869227442833,0.7954594993513524,0.3776416182518005,1.4052840399744042,0.011375054615126,0.0044404913131598,0.02,0.0,0.0,carpet,12345,2458048367,0,0,6,2,2,2,-0.8889963030815125,-1.0,-0.0008468299638479,-0.9556480646133424,-0.2693816125392914,-0.3786421716213226,-0.4798627197742462,0.2840883135795593,0.1182178556919097,0.8817821145057678,0.1241479068994522,0.2300194948911667,-0.5409356951713562,0.0467836260795593,-0.4610136449337005,0.4883041083812713,-0.1881091594696045,0.064327485859394,1.0,0.0,0.0,1.0,0.0,0.0,1.0,0.0,0.0
20260414_134505_905168,6,49,1.7583357095718384,0.1290540546178817,0.4343437381157978,4.030049636463075,0.4553599565427157,0.9379519152582958,1.365429162979126,3.59053703606142,0.0101621842691795,0.0,0.02,0.0,0.0,carpet,12345,2458048367,0,0,6,2,2,2,-0.0023840409703552,-0.7511447072029114,0.2459916472434997,-0.1453407704830169,0.3282534778118133,0.2442020624876022,-0.2698646485805511,0.225601390004158,0.1217361167073249,0.8782638311386108,0.0011057769879698,-0.5185185074806213,-0.538986325263977,0.0877192988991737,-0.4678362607955932,0.3918128609657287,-0.1725146174430847,-0.2417154014110565,1.0,0.0,0.0,1.0,0.0,0.0,1.0,0.0,0.0
20260414_134505_905168,6,50,1.771268606185913,0.138296291232109,0.1955913593894803,4.225640995852555,0.2166194979938682,0.472408021088043,-0.9242236614227296,4.228192139119017,0.0102813860438793,0.0,0.02,0.0,0.0,carpet,12345,2458048367,0,0,6,2,2,2,-0.4426215887069702,-1.0,-0.3213496506214142,0.2904365658760071,-1.0,0.6476099491119385,-0.1353053450584411,0.2551559507846832,0.134456992149353,0.8655429482460022,0.0432825908064842,-0.0487329438328743,-0.5302144289016724,0.1111111119389534,-0.1091617941856384,0.1959064304828643,0.1413255333900451,-0.1842105239629745,1.0,0.0,0.0,1.0,0.0,0.0,1.0,0.0,0.0
20260414_134505_905168,6,51,1.755484104156494,0.1106800511479377,0.4891915696439137,4.714832565496469,0.5101087271386248,1.0447120179203182,2.761624008417129,4.3382356453315225,0.0091715749471104,0.0,0.02,0.0,0.0,carpet,12345,2458048367,0,0,6,2,2,2,0.1651384830474853,0.8376591801643372,0.3666697740554809,0.1342754811048507,-0.0940897837281227,-0.109105996787548,-0.2587584853172302,0.2713220715522766,0.1258465647697448,0.8741533756256104,0.0958367735147476,-0.2465886920690536,-0.556530237197876,-0.1413255333900451,0.2124756276607513,-0.4171539843082428,0.3684210479259491,-0.1042884960770607,1.0,0.0,0.0,1.0,0.0,0.0,1.0,0.0,0.0
20260414_134505_905168,6,52,1.771130084991455,0.1146533042192459,0.3042802657385504,5.019112831235019,0.3252321470038605,0.6842026866575281,-0.3973253071308136,4.869466266660069,0.0095188126531011,0.0,0.02,0.0,0.0,carpet,12345,2458048367,0,0,6,2,2,2,-0.4013865292072296,-0.3250049352645874,0.7649232745170593,0.5537080764770508,0.7677054405212402,0.5740087032318115,-0.0947692766785621,0.2515915036201477,0.1515749245882034,0.8484250903129578,0.0556894056499004,0.0029239766299724,-0.4249512553215027,-0.0116959065198898,0.0730994120240211,-0.0194931775331497,0.0136452242732048,-0.1354775875806808,1.0,0.0,0.0,1.0,0.0,0.0,1.0,0.0,0.0
20260414_134505_905168,6,53,1.7647169828414917,0.1212765201926231,0.1316706672136152,5.150783498448635,0.1526008285429346,0.3475716156587225,-0.6623215973377228,4.28230575593426,0.0093016132931939,0.0,0.02,0.0,0.0,carpet,12345,2458048367,0,0,6,2,2,2,-0.5142509937286377,0.8750143051147461,0.1327168345451355,-0.0050290930084884,0.4841576516628265,-1.0,0.3479757010936737,0.2711488604545593,0.1478732973337173,0.8521267175674438,0.0700363740324974,-0.2670565247535705,-0.3576998114585876,-0.0136452242732048,0.1725146174430847,0.1608187109231948,0.2007797211408615,-0.0955165699124336,1.0,0.0,0.0,1.0,0.0,0.0,1.0,0.0,0.0
20260414_134505_905168,6,54,1.7926278114318848,0.1239724680781364,0.0523461076522708,5.203129606100906,0.0734769305672831,0.1932800146062021,-0.2695947885513305,3.68012627118911,0.0113082291501231,0.0,0.02,0.0,0.0,carpet,12345,2458048367,0,0,6,2,2,2,-0.1683537662029266,-0.5470853447914124,0.3193917572498321,-0.152429848909378,-0.2940340638160705,0.212840050458908,0.5370346307754517,0.2631324827671051,0.1417028456926345,0.8582971692085266,0.1255798041820526,-0.3372319638729095,-0.2777777910232544,-0.0058479532599449,-0.0272904485464096,0.3079921901226043,-0.3947368562221527,0.2270955145359039,1.0,0.0,0.0,1.0,0.0,0.0,1.0,0.0,0.0
20260414_134505_905168,6,55,1.7941417694091797,0.1390633732080459,-0.1157077592078658,5.08742184689304,-0.0934936498938849,-0.2323126172930756,-1.5090905129909515,2.5098617386377384,0.0130745306125231,0.0181331250545713,0.02,0.0,0.0,carpet,12345,2458048367,0,0,6,2,2,2,0.175473541021347,0.9555799961090088,-0.4116289913654327,-0.7823226451873779,0.6258682012557983,-0.2986125349998474,0.8578106164932251,0.298021137714386,0.1391911953687667,0.860808789730072,0.2021480053663253,-0.1539960950613021,-0.4181286692619324,0.1159844025969505,-0.0721247568726539,-0.1442495137453079,0.1228070184588432,0.3040935695171356,1.0,0.0,0.0,1.0,0.0,0.0,1.0,0.0,0.0
20260414_134505_905168,6,56,1.7865049839019775,0.1258593797683715,0.0308256571114954,5.118247504004535,0.0542899348830966,0.1558653730220385,1.3203993439674375,2.193319090571734,0.0137849919963311,0.0417155714393623,0.02,0.0,0.0,carpet,12345,2458048367,0,0,6,2,2,2,0.5583638548851013,-0.6472362875938416,0.3380629420280456,-0.6331191062927246,-0.1034351512789726,-0.5638298988342285,0.7536265254020691,0.2999135851860046,0.1251319199800491,0.8748680949211121,0.2419521510601043,0.0857699811458587,0.1754385977983474,-0.3167641460895538,-0.4639376103878021,0.3937621712684631,-0.1861598491668701,0.5097466111183167,1.0,0.0,0.0,1.0,0.0,0.0,1.0,0.0,0.0
20260414_134505_905168,6,57,1.7711937427520752,0.0994762703776359,0.3496799901091458,5.467927494113681,0.3725521869409916,0.7764767645349337,2.638310939073562,1.9250838371863492,0.0129549378835822,0.0315340608697496,0.02,0.0,0.0,carpet,12345,2458048367,0,0,6,2,2,2,-0.671091616153717,-0.9600794315338136,0.4241620600223541,-0.1948863267898559,-0.2279363125562667,0.1522793173789978,0.178099513053894,0.2903675138950348,0.1374332755804062,0.8625667095184326,0.2357319444417953,0.334307998418808,-0.4376218318939209,0.1812865436077118,-0.3742690086364746,0.0711500942707061,-0.2534112930297851,0.4931773841381073,1.0,0.0,0.0,1.0,0.0,0.0,1.0,0.0,0.0
20260414_134505_905168,6,58,1.777780055999756,0.1132610216736793,0.0729788134226238,5.5409063075363045,0.0962763030769731,0.2377387910000976,-1.3784751296043396,1.478619941528919,0.012918743161063,0.0401123067648601,0.02,0.0,0.0,carpet,12345,2458048367,0,0,6,2,2,2,-0.8909804821014404,0.3520237505435943,0.7169626355171204,-0.7604097127914429,0.4848830997943878,-0.2618889808654785,0.666320264339447,0.2712284028530121,0.1620128005743026,0.8379871249198914,0.139740988612175,-0.404483437538147,-0.544834315776825,0.2719298303127289,-0.1276803165674209,-0.1432748585939407,0.1130604296922683,0.1072124764323234,1.0,0.0,0.0,1.0,0.0,0.0,1.0,0.0,0.0
20260414_134505_905168,6,59,1.7851879596710205,0.1219220533967018,-0.0245014627282997,5.5164048448080045,0.0,-0.0382216998254705,-0.8661031723022461,1.092826626044726,0.0135467506584853,0.0629357532490241,0.02,0.0,0.0,carpet,12345,2458048367,0,0,6,2,2,2,0.9019032120704652,-0.1620169430971145,-0.7643398642539978,-0.9170350432395936,-1.0,-0.5484141707420349,1.0,0.2794612944126129,0.149170383810997,0.8508296012878418,0.1955905109643936,-0.5711501240730286,-0.0438596494495868,0.331384003162384,-0.4853801131248474,0.2884990274906158,-0.1725146174430847,0.4025341272354126,1.0,0.0,0.0,1.0,0.0,0.0,1.0,0.0,0.0
20260414_134505_905168,6,60,1.7808868885040283,0.0984145924448967,0.2367071069835254,5.75311195179153,0.2610360250902656,0.5590202489260179,2.3507460951805115,1.4585668603645416,0.0136384200455399,0.0593015220437218,0.02,0.0,0.0,carpet,12345,2458048367,0,0,6,2,2,2,0.9895769357681274,-0.743578314781189,0.1413829624652862,-0.5005742907524109,-0.2777698636054992,0.2869889736175537,0.4380811750888824,0.2887212634086609,0.1411014348268509,0.8588985204696655,0.252044141292572,0.5545808672904968,-0.0847953185439109,-0.2378167659044265,-0.4805068373680115,0.0575048737227916,-0.2582845985889435,0.6062378287315369,1.0,0.0,0.0,1.0,0.0,0.0,1.0,0.0,0.0
20260414_134505_905168,6,61,1.7315527200698853,0.0782349035143852,0.4266260554498993,6.179738007241429,0.4480807230550276,0.9237574099573038,2.0179688930511475,2.614636887614921,0.0096243592808535,0.0098446335408576,0.02,0.0,0.0,carpet,12345,2458048367,0,0,6,2,2,2,0.39661905169487,-0.1508707106113433,0.6440086364746094,0.5226537585258484,-0.4877822697162628,-0.1414417326450348,-0.0886311307549476,0.2833448350429535,0.1630019098520279,0.8369981050491333,0.1805656552314758,0.6052631735801697,-0.4356725215911865,0.1072124764323234,-0.3099415302276611,-0.1734892725944519,0.1676413267850875,0.2573099434375763,1.0,0.0,0.0,1.0,0.0,0.0,1.0,0.0,0.0
20260414_134505_905168,6,62,1.7269482612609863,0.0799939110875129,0.2864211990621558,6.466159206303585,0.307098906738349,0.6488428681397806,-0.1759007573127746,3.107614382732663,0.0067770767619318,0.0,0.02,0.0,0.0,carpet,12345,2458048367,0,0,6,2,2,2,0.097040519118309,-0.5159011483192444,0.4194227159023285,-0.2554977536201477,-0.1819558441638946,-0.8085981011390686,0.2450209408998489,0.2216772139072418,0.1818020939826965,0.8181978464126587,0.01960258372128,0.2163742631673813,-0.2222222238779068,0.2007797211408615,0.1754385977983474,-0.3235867321491241,-0.0350877195596694,-0.0380116961896419,1.0,0.0,0.0,1.0,0.0,0.0,1.0,0.0,0.0
20260414_134505_905168,6,63,1.770158290863037,0.1027048677206039,-0.0367288922991914,6.429430314004394,-0.0159701357551004,-0.0811417647224459,-2.2710956633090973,2.2499958534752835,0.0075875654409098,0.0,0.02,0.0,0.0,carpet,12345,2458048367,0,0,6,2,2,2,-0.4903554916381836,-0.63154137134552,0.7311719655990601,0.2972009778022766,-0.6292576193809509,-0.2961543500423431,0.785712480545044,0.2159215956926345,0.1801633238792419,0.8198366165161133,0.0379296280443668,0.0760233923792839,-0.3109161853790283,0.2534112930297851,-0.1578947305679321,-0.0779727101325988,-0.3947368562221527,0.1647173464298248,1.0,0.0,0.0,1.0,0.0,0.0,1.0,0.0,0.0
20260414_134505_905168,6,64,1.7798949480056765,0.0874283388257026,0.1181116611742347,6.547541975178628,0.1390035378618997,0.3210568988307045,1.5276528894901276,2.3333139613058904,0.0089187668766504,0.0,0.02,0.0,0.0,carpet,12345,2458048367,0,0,6,2,2,2,-0.2441153675317764,-0.0709890201687812,-0.2049304246902465,-0.3424549400806427,-0.6069200038909912,0.815260648727417,0.0894227847456932,0.2699340879917145,0.1590049117803573,0.8409950137138367,0.1601980775594711,-0.3021442592144012,-0.3840155899524688,0.4191033244132995,0.1413255333900451,-0.38791424036026,-0.1861598491668701,0.4658869504928589,1.0,0.0,0.0,1.0,0.0,0.0,1.0,0.0,0.0
20260414_134505_905168,6,65,1.757317304611206,0.0761195123195648,0.2219946054727559,6.769536580651384,0.2428273521930639,0.5235133367764746,1.1308826506137848,2.8950489979078355,0.0083274672030796,0.0,0.02,0.0,0.0,carpet,12345,2458048367,0,0,6,2,2,2,0.0498978942632675,-1.0,0.5106601715087891,-0.5734534859657288,-0.1621089577674865,-0.9901726841926576,0.3452855050563812,0.2821050584316253,0.1732371300458908,0.826762855052948,0.1049410104751586,-0.1520467847585678,-0.0185185186564922,-0.0877192988991737,-0.1715399622917175,-0.3742690086364746,0.4200779795646667,0.0224171541631221,1.0,0.0,0.0,1.0,0.0,0.0,1.0,0.0,0.0
20260414_134505_905168,6,66,1.730471968650818,0.0719505175948143,0.2085420293128199,6.9780786099642045,0.2291589080518613,0.4968598707011296,0.4168994724750519,2.8328886196829477,0.0061687873904137,0.0,0.02,0.0,0.0,carpet,12345,2458048367,0,0,6,2,2,2,-0.0152328601107001,-0.6247302889823914,0.0690671578049659,0.6742454767227173,-0.6876945495605469,-0.249029666185379,-0.001818005577661,0.2538829743862152,0.18377286195755,0.81622713804245,0.0799951329827308,0.0428849905729293,-0.5341130495071411,0.3411306142807007,-0.3372319638729095,-0.0575048737227916,-0.334307998418808,0.2280701696872711,1.0,0.0,0.0,1.0,0.0,0.0,1.0,0.0,0.0
20260414_134505_905168,6,67,1.7744702100753784,0.0906663089990615,-0.0439434475940293,6.934135162370176,-0.0232050677335141,-0.0952498820803526,-1.8715791404247284,1.8138813276452908,0.0073837986051511,0.0,0.02,0.0,0.0,carpet,12345,2458048367,0,0,6,2,2,2,0.4493637084960937,-0.5319527983665466,0.520444929599762,-0.9014119505882264,-0.2293788790702819,-0.5801063179969788,0.916938066482544,0.220326229929924,0.1876568794250488,0.8123431205749512,0.0048191319219768,-0.0029239766299724,-0.3625730872154236,0.0224171541631221,0.3606237769126892,-0.4239766001701355,-0.1267056465148925,0.0029239766299724,1.0,0.0,0.0,1.0,0.0,0.0,1.0,0.0,0.0
20260414_134505_905168,6,68,1.7688993215560913,0.0942528545856475,-0.0777728282123983,6.856362334157777,-0.0569748980640532,-0.1611010512249038,-0.3586545586585998,1.0039374082806063,0.0079793014834511,0.0,0.02,0.0,0.0,carpet,12345,2458048367,0,0,6,2,2,2,0.2000068426132202,-0.558195173740387,0.9712655544281006,-0.7462154626846313,-0.3286145031452179,-0.923892080783844,0.8728485703468323,0.2753240466117859,0.1702205091714859,0.8297795057296753,0.1649115234613418,0.2426900565624237,-0.3703703582286834,0.3206627666950226,-0.3645224273204803,-0.0984405428171157,-0.3538011610507965,0.5428850054740906,1.0,0.0,0.0,1.0,0.0,0.0,1.0,0.0,0.0
20260414_134505_905168,6,69,1.7743781805038452,0.0960313454270362,-0.0800053550016296,6.776356979156147,-0.0591220817709756,-0.1652880594534025,-0.1778490841388702,0.9197911135496496,0.0088327323065402,0.0,0.02,0.0,0.0,carpet,12345,2458048367,0,0,6,2,2,2,-0.3695394098758697,-0.3111569881439209,-0.7364972829818726,-0.7321837544441223,-0.4559399485588074,-0.6933223009109497,1.0,0.2683605253696441,0.1668791472911834,0.8331208229064941,0.1562520861625671,0.1013645231723785,-0.3752436637878418,0.4873294234275818,-0.3918128609657287,-0.0994152054190635,-0.441520482301712,0.5350877046585083,1.0,0.0,0.0,1.0,0.0,0.0,1.0,0.0,0.0
20260414_134505_905168,6,70,1.771413803100586,0.0938727855682373,-0.0313207299668337,6.745036249189313,-0.0102574605743968,-0.0700020481200738,0.215855985879898,0.5287321665988713,0.0092802843941259,0.0027048190604868,0.02,0.0,0.0,carpet,12345,2458048367,0,0,6,2,2,2,1.0,-0.5512989163398743,0.6441905498504639,-0.6046910285949707,-0.2055013924837112,-0.659968376159668,0.8655273914337158,0.2752090394496918,0.1652222275733947,0.8347777128219604,0.1753643900156021,-0.2290448397397995,-0.1637426912784576,0.1851851791143417,-0.3869395852088928,-0.1198830381035804,-0.4171539843082428,0.5974658727645874,1.0,0.0,0.0,1.0,0.0,0.0,1.0,0.0,0.0
20260414_134505_905168,6,71,1.7939304113388062,0.0801910981535911,0.0805581741386387,6.825594423327952,0.122841358603131,0.2895406492761054,1.3681687414646149,0.2947594790985022,0.0113973086590822,0.0123880301686849,0.02,0.0205240520901497,0.0,carpet,12345,2458048367,0,0,6,2,2,2,0.3849637806415558,-0.0305679645389318,0.3762978911399841,-0.3841508626937866,0.8370881676673889,0.5175390243530273,0.8100357055664062,0.2715036273002624,0.1672332137823104,0.8327667117118835,0.1672588586807251,0.5964912176132202,-0.3703703582286834,0.359649121761322,-0.3576998114585876,-0.1179337203502655,-0.4005847871303558,0.5311890840530396,1.0,0.0,0.0,1.0,0.0,0.0,1.0,0.0,0.0
20260414_134505_905168,6,72,1.651875138282776,0.0880247801542282,-0.0703592742965738,6.755235149031378,0.0,0.021313436941142,-0.7833682000637054,-0.1807869546614853,0.0035927429657387,0.0,0.02,0.05,0.0,carpet,12345,2458048367,0,0,6,2,2,2,-0.7051808834075928,-0.5075231790542603,0.3176296055316925,-0.3934924006462097,-0.7031057476997375,-0.8885118961334229,-0.3984194695949554,0.2996492385864258,0.1799796223640442,0.8200203776359558,0.1745713204145431,0.2251462042331695,-0.0458089672029018,0.1910331398248672,-0.3040935695171356,0.1871345043182373,-0.1588694006204605,0.4736842215061188,1.0,0.0,0.0,1.0,0.0,0.0,1.0,0.0,0.0
20260414_134505_905168,6,73,1.676219820976257,0.0817675590515136,0.0013481991979354,6.756583348229314,0.0627772334737062,0.1724156052737271,0.6257221102714539,0.0868785326925944,0.0011688754503024,0.0,0.02,0.0413121467307405,0.0,carpet,12345,2458048367,0,0,6,2,2,2,0.1453664302825927,0.820191502571106,0.0048415232449769,-0.0157798919826746,-0.92155259847641,-0.8951327800750732,0.4301490485668182,0.1220802292227745,0.172681450843811,0.8273184895515442,-0.1368366181850433,-0.3996101319789886,-0.2153996080160141,0.2261208593845367,-0.1959064304828643,-0.2495126724243164,-0.2962962985038757,-0.2202728986740112,1.0,0.0,0.0,1.0,0.0,0.0,1.0,0.0,0.0
20260414_134505_905168,6,74,1.5757181644439695,0.1302844285964965,-0.6000564280355342,6.156526920193779,-0.5300564280355341,-1.0836100346692916,-4.851686954498291,-0.8356304507517933,0.0,0.0,0.02,0.05,0.0,carpet,12345,2458048367,0,0,6,2,2,2,0.8619893789291382,0.3233062028884887,0.3531801998615265,-0.0520582571625709,-0.8998002409934998,-0.7551639676094055,-0.371149331331253,0.1525110304355621,0.1785109341144561,0.8214890360832214,0.008332161232829,0.0545808970928192,0.3781676292419433,-0.0633528232574462,-0.0019493177533149,-0.413255363702774,-0.4502924084663391,0.2719298303127289,1.0,0.0,0.0,1.0,0.0,0.0,1.0,0.0,0.0
20260414_134505_905168,6,75,1.6358050107955933,0.0801628604531288,0.1301700910678134,6.286697011261593,0.2001700910678134,0.4403316775822361,5.012156814336777,-0.2300107137161546,0.0,0.0,0.02,0.05,0.0,carpet,12345,2458048367,0,0,6,2,2,2,-0.4673724770545959,0.8765305876731873,0.6063410639762878,-0.6437953114509583,0.768406093120575,-0.40916708111763,0.3761528432369232,0.0268840789794921,0.1333107352256775,0.8666892647743225,-0.2126684337854385,0.4902534186840057,0.1179337203502655,0.1237816736102104,-0.0311890840530395,-0.4366471767425537,-0.4122807085514068,-0.2163742631673813,1.0,0.0,0.0,1.0,0.0,0.0,1.0,0.0,0.0
20260414_134505_905168,6,76,1.6006559133529663,0.1056664437055587,-0.2019696528841358,6.084727358377457,-0.1319696528841358,-0.3073408231240648,-2.550358325242996,-0.4673494887201457,0.0,0.0,0.02,0.05,0.0,carpet,12345,2458048367,0,0,6,2,2,2,-0.2836025953292846,0.2055480033159256,-0.7043581604957581,-1.0,0.4095192849636078,-0.4329338073730469,-0.5361286997795105,0.1019926071166992,0.1800059378147125,0.8199940323829651,-0.0458323769271373,-0.2992202639579773,0.4746588766574859,0.2807017564773559,-0.4444444477558136,0.19395712018013,-0.3664717376232147,0.1929824501276016,1.0,0.0,0.0,1.0,0.0,0.0,1.0,0.0,0.0
20260414_134505_905168,6,77,1.6089692115783691,0.1047384366393089,-0.1506694567624664,5.93405790161499,-0.0806694567624664,-0.2073054406868095,0.0928007066249847,-0.9641955786830608,0.0,0.0,0.02,0.05,0.0,carpet,12345,2458048367,0,0,6,2,2,2,0.5896727442741394,0.1057389974594116,0.616403341293335,0.1171779707074165,0.0311913415789604,0.4438421428203583,-0.7166099548339844,0.0580562576651573,0.1562457978725433,0.8437541723251343,-0.1997722685337066,-0.1588694006204605,0.3274853825569153,0.0692007765173912,-0.6052631735801697,0.235867440700531,-0.2592592537403106,-0.3265107274055481,1.0,0.0,0.0,1.0,0.0,0.0,1.0,0.0,0.0
20260414_134505_905168,6,78,1.6243681907653809,0.0858973339200019,0.0661787115218289,6.000236613136819,0.1361787115218289,0.3155484874675665,1.8841102719306944,-0.6699605281566363,0.0,0.0,0.02,0.05,0.0,carpet,12345,2458048367,0,0,6,2,2,2,-0.3303329944610595,-0.2664670348167419,-0.0510520786046981,-0.2466507256031036,0.3533816039562225,0.4138539135456085,-0.4708811044692993,0.0684478729963302,0.1571103781461715,0.8428896069526672,-0.2275171875953674,0.3557505011558532,0.0360623784363269,0.3469785451889038,-0.2738791406154632,-0.0867446362972259,0.0896686166524887,-0.4649122953414917,1.0,0.0,0.0,1.0,0.0,0.0,1.0,0.0,0.0
20260414_134505_905168,6,79,1.809433937072754,0.0806711912155151,0.0927256067758148,6.092962219912634,0.1627256067758148,0.3673149332128389,0.5226142704486847,-0.4750612002175245,0.0,0.0,0.02,0.05,0.0,carpet,12345,2458048367,0,0,6,2,2,2,0.4821581840515136,-0.830808162689209,0.3484722077846527,-0.97053724527359,1.0,0.2248806208372116,0.6337152719497681,0.0876964554190635,0.1746634691953659,0.8253365159034729,-0.1831131726503372,-0.076998047530651,0.0194931775331497,0.223196879029274,-0.2592592537403106,-0.0857699811458587,0.0886939540505409,-0.371345043182373,1.0,0.0,0.0,1.0,0.0,0.0,1.0,0.0,0.0
20260414_134505_905168,6,80,1.824820876121521,0.0753535479307174,0.1637650307826967,6.256727250695331,0.1838088625792708,0.408427282029578,0.5317643284797668,1.0169761164813451,0.00043831796574,0.0,0.02,0.0,0.0,carpet,12345,2458048367,0,0,6,2,2,2,0.3269056379795074,-0.774488091468811,-0.4600779116153717,0.7276608943939209,0.5179405808448792,-0.0092049362137913,0.7470529079437256,0.3190286755561828,0.1795323491096496,0.8204676508903503,0.214909091591835,0.3157894611358642,-0.4035087823867798,0.2524366378784179,-0.61208575963974,0.4249512553215027,0.0750487297773361,0.3518518507480621,1.0,0.0,0.0,1.0,0.0,0.0,1.0,0.0,0.0
20260414_134505_905168,6,81,1.7432035207748413,0.0292171686887741,0.7028441880311822,6.959571438726513,0.7229384320875767,1.4597299425707746,4.613637924194336,2.036374381469884,0.0009424405639448,0.0,0.02,0.0,0.0,carpet,12345,2458048367,0,0,6,2,2,2,-0.4769773483276367,0.618036150932312,-0.1108285263180732,-0.7192755341529846,-0.490365207195282,-0.8341546654701233,0.0846590921282768,0.3382623791694641,0.1844864785671234,0.8155134916305542,0.2485485821962356,0.235867440700531,-0.4113060534000397,-0.2534112930297851,0.1208577007055282,0.2397660762071609,-0.0350877195596694,0.4424951374530792,1.0,0.0,0.0,1.0,0.0,0.0,1.0,0.0,0.0
20260414_134505_905168,6,82,1.832640528678894,0.0721034482121467,-0.020524471530327,6.9390469671961865,0.0,0.0226404688437611,-4.288627952337265,2.3663556734377096,0.0052447153032701,0.0,0.02,0.0,0.0,carpet,12345,2458048367,0,0,6,2,2,2,0.6063504815101624,0.6994373202323914,-0.6468703746795654,-0.2966247498989105,0.7356131672859192,0.30378258228302,0.5873383283615112,0.2362407743930816,0.2274689227342605,0.7725310325622559,0.0798641219735145,-0.3274853825569153,0.2875243723392486,-0.1325536072254181,-0.3382066190242767,0.0233918130397796,-0.1998050659894943,0.0896686166524887,1.0,0.0,0.0,1.0,0.0,0.0,1.0,0.0,0.0
20260414_134505_905168,6,83,1.8239163160324097,0.0613279193639755,0.1002075230910903,7.039254490287277,0.1212146527369697,0.286368572837091,1.0775528848171234,2.86002968696161,0.0100712964587945,0.0,0.02,0.0,0.0,carpet,12345,2458048367,0,0,6,2,2,2,-0.4808792471885681,-0.3464663028717041,0.3662330210208893,-0.1226033270359039,0.0692858472466468,-0.357327789068222,0.6616219282150269,0.3480369448661804,0.1875143945217132,0.8124855756759644,0.2300436645746231,0.359649121761322,0.3664717376232147,-0.4181286692619324,-0.219298243522644,0.3206627666950226,0.0877192988991737,0.331384003162384,1.0,0.0,0.0,1.0,0.0,0.0,1.0,0.0,0.0
20260414_134505_905168,6,84,1.756948709487915,0.0468373782932758,0.2493639078670802,7.288618398154357,0.2702769007155511,0.5770399563953248,1.4490541070699692,3.1215211558893685,0.0091299284847088,0.0,0.02,0.0,0.0,carpet,12345,2458048367,0,0,6,2,2,2,-0.1918787062168121,0.3538177907466888,1.0,-0.4852238595485687,-0.5548070669174194,0.2317629158496856,-0.5863043069839478,0.3371316790580749,0.1975533068180084,0.8024466633796692,0.232238084077835,-0.2972709536552429,-0.206627681851387,0.2309941500425338,-0.1140350848436355,0.030214425176382,-0.1725146174430847,0.4161793291568756,1.0,0.0,0.0,1.0,0.0,0.0,1.0,0.0,0.0
20260414_134505_905168,6,85,1.8707889318466189,0.1176294013857841,-0.6825928056064147,6.606025592547942,-0.6600105692390897,-1.337020610016225,-7.079202309250832,1.4171856126603046,0.0184230313365316,0.0147986646734342,0.02,0.0,0.0,carpet,12345,2458048367,0,0,6,2,2,2,0.4448781907558441,-0.1060355752706527,0.7400004863739014,0.2728645801544189,-0.816210150718689,0.2507139146327972,1.0,0.2534221708774566,0.2110532373189926,0.7889467477798462,-0.0034534279257059,-0.165692001581192,0.0740740746259689,0.3996101319789886,-0.2962962985038757,-0.2670565247535705,0.1910331398248672,-0.3235867321491241,1.0,0.0,0.0,1.0,0.0,0.0,1.0,0.0,0.0
20260414_134505_905168,6,86,1.8484091758728027,0.1010378897190094,-0.3087205703432481,6.297305022204694,-0.2758859824834871,-0.5879776658428,1.659151166677475,0.4207806647879266,0.0247305426850363,0.0487920014009994,0.02,0.0079219335212073,0.0,carpet,12345,2458048367,0,0,6,2,2,2,0.3175541758537292,0.8887932300567627,0.3191060721874237,0.7920154333114624,-1.0,-0.5298272967338562,0.8327194452285767,0.3957223892211914,0.1451006382703781,0.8548993468284607,0.3250455260276794,0.2495126724243164,-0.1315789520740509,0.3937621712684631,0.1140350848436355,-0.5019493103027344,0.1354775875806808,0.6013644933700562,1.0,0.0,0.0,1.0,0.0,0.0,1.0,0.0,0.0
20260414_134505_905168,6,87,1.7269328832626345,0.0840135067701339,-0.0716048792933576,6.225700142911336,0.0,-0.0153736756602,1.7024382948875427,-1.054322953443048,0.0160487929335759,0.0,0.02,0.05,0.0,carpet,12345,2458048367,0,0,6,2,2,2,-0.6377393007278442,0.73744136095047,-0.1198518723249435,0.4142703413963318,0.8654524683952332,-0.8675359487533569,-0.4936562776565552,0.3677476942539215,0.1605579257011413,0.8394420146942139,0.2687203288078308,0.1686159819364547,0.1140350848436355,0.1003898605704307,0.3976608216762543,-0.5916179418563843,-0.1734892725944519,0.5506822466850281,1.0,0.0,0.0,1.0,0.0,0.0,1.0,0.0,0.0
20260414_134505_905168,6,88,1.7286268472671509,0.0759291127324104,0.0010020879723604,6.226702230883697,0.0720920995886809,0.1905795941979278,0.8084394037723541,-0.8863838280888814,0.0109001161632052,0.0,0.02,0.05,0.0,carpet,12345,2458048367,0,0,6,2,2,2,0.7140040993690491,-1.0,-0.1224369555711746,0.2737836539745331,-0.8509078621864319,-0.4282386302947998,-0.5844862461090088,0.2159023284912109,0.1764185130596161,0.8235814571380615,-0.1287575662136078,-0.3927875161170959,0.4356725215911865,-0.1042884960770607,0.1783625781536102,0.2553606331348419,-0.5077972412109375,-0.2923976480960846,1.0,0.0,0.0,1.0,0.0,0.0,1.0,0.0,0.0
20260414_134505_905168,6,89,1.8611143827438357,0.0378995463252067,0.463294973919586,6.689997204803283,0.5352173619633472,1.093673855828527,3.802956640720368,-0.0790785450974453,0.019223880437612,0.0,0.02,0.05,0.0,carpet,12345,2458048367,0,0,6,2,2,2,0.7263317108154297,-0.1332258582115173,-1.0,-0.1332150846719741,0.5741207003593445,0.2202377468347549,0.2979803085327148,0.2180198729038238,0.1839502602815628,0.8160496950149536,-0.1338156461715698,0.458089679479599,-0.3382066190242767,-0.0107212476432323,0.2212475687265396,-0.3684210479259491,-0.2417154014110565,-0.359649121761322,1.0,0.0,0.0,1.0,0.0,0.0,1.0,0.0,0.0
20260414_134505_905168,6,90,1.7887910604476929,0.026301484555006,0.5172409784100067,7.207238183213289,0.5436958646802211,1.1102069361264313,1.159806177020073,0.4540884346336611,0.0186372973358054,0.0,0.02,0.0045911565366338,0.0,carpet,12345,2458048367,0,0,6,2,2,2,0.5853272676467896,0.8524386286735535,0.505081295967102,0.1087485551834106,-0.7804113626480103,-0.5963283777236938,-0.1822721809148788,0.3836292326450348,0.2193800806999206,0.7806198596954346,0.1600027084350586,0.4483430683612823,-0.0311890840530395,-0.317738801240921,-0.0964912250638008,0.2787524461746216,0.0077972710132598,0.1393762230873108,1.0,0.0,0.0,1.0,0.0,0.0,1.0,0.0,0.0
20260414_134505_905168,6,91,1.8582028150558472,0.0680255889892578,-0.1048927125415882,7.102345470671701,-0.0822807224417855,-0.2104474087614818,-4.1724104434251785,1.5806616358884042,0.0261199009980271,0.0,0.02,0.0,0.0,carpet,12345,2458048367,0,0,6,2,2,2,0.7443127632141113,0.3329021334648132,-0.984864056110382,-0.1600240767002105,-0.3997405469417572,-0.4204124212265014,1.0,0.2932251095771789,0.2301853001117706,0.769814670085907,0.026628453284502,0.3304093480110168,0.2222222238779068,0.0623781681060791,0.0633528232574462,-0.3235867321491241,-0.2007797211408615,-0.076998047530651,1.0,0.0,0.0,1.0,0.0,0.0,1.0,0.0,0.0
20260414_134505_905168,6,92,1.847184538841248,0.0587285310029983,-0.010494009028645,7.091851461643056,0.0126107144027619,0.0745908930853858,0.929705798625946,2.24323019481659,0.0310472343140699,0.0,0.02,0.0,0.0,carpet,12345,2458048367,0,0,6,2,2,2,0.0402024090290069,-0.748846709728241,0.1981072872877121,-0.3025717437267303,-0.007246877066791,-0.8353809714317322,0.8288750648498535,0.3799898028373718,0.1913134902715683,0.8086864948272705,0.2539057731628418,0.4571150243282318,0.2436647117137909,-0.3157894611358642,-0.032163742929697,-0.2153996080160141,-0.2768031060695648,0.5935672521591187,1.0,0.0,0.0,1.0,0.0,0.0,1.0,0.0,0.0
20260414_134505_905168,6,93,1.8504923582077024,0.0454259812831878,0.1490478835085828,7.240899345151639,0.1735932886201491,0.3885069128092908,1.3302549719810486,2.647110783286081,0.035499756007653,0.0199085902160198,0.02,0.0,0.0,carpet,12345,2458048367,0,0,6,2,2,2,0.5402238368988037,-0.4503702819347381,-0.2201449275016784,-0.5914531946182251,-0.8050149083137512,-0.4362587928771972,0.6652347445487976,0.3662170469760895,0.1999749988317489,0.8000249862670898,0.2191365659236908,0.0428849905729293,-0.136452242732048,0.1920077949762344,-0.1803118884563446,-0.0087719298899173,-0.4795321524143219,0.5214424729347229,1.0,0.0,0.0,1.0,0.0,0.0,1.0,0.0,0.0
20260414_134505_905168,6,94,1.8434914350509644,0.0408273972570896,0.1575857454616295,7.398485090613269,0.1827409155176517,0.4063447852594208,0.4598584026098251,2.862875974347574,0.0379781278993456,0.0271471453217519,0.02,0.0,0.0,carpet,12345,2458048367,0,0,6,2,2,2,-0.7581120133399963,0.6618632674217224,0.5598768591880798,0.0272929295897483,-0.1700165271759033,-0.4972441792488098,0.5393503308296204,0.3703517913818359,0.2123681604862213,0.7876317501068115,0.2131754010915756,0.3401559591293335,-0.1949317753314972,0.1744639426469802,-0.1968810856342315,-0.2543859779834747,-0.2456140369176864,0.4083820581436157,1.0,0.0,0.0,1.0,0.0,0.0,1.0,0.0,0.0
20260414_134505_905168,6,95,1.8750921487808228,0.0428655445575714,0.0778315619710935,7.476316652584362,0.1045153366320692,0.2538049064325349,-0.2038147300481796,2.023007024951582,0.0448945710802316,0.0438863510590497,0.02,0.0,0.0,carpet,12345,2458048367,0,0,6,2,2,2,0.2932877838611603,-0.0803520455956459,-1.0,0.3250252902507782,0.954458236694336,0.961185872554779,0.6920384764671326,0.3616004884243011,0.2166523784399032,0.7833476066589355,0.1809652000665664,-0.4785574972629547,0.3479532301425934,0.2504873275756836,-0.0185185186564922,-0.1150097474455833,-0.272904485464096,0.343079924583435,1.0,0.0,0.0,1.0,0.0,0.0,1.0,0.0,0.0
20260414_134505_905168,6,96,1.8404277563095093,0.0383702740073204,0.1033737049876456,7.579690357572008,0.1296079197849604,0.3027354435806728,0.4495270550251007,1.2155355324058237,0.0446492286205513,0.035385838705194,0.02,0.0,0.0,carpet,12345,2458048367,0,0,6,2,2,2,0.2757366299629211,-0.8182026743888855,0.2100353389978408,0.4250756800174713,-0.0582560375332832,-1.0,0.4033532738685608,0.4011014997959137,0.2147535681724548,0.7852463722229004,0.2199228554964065,0.2017543911933899,0.0672514587640762,-0.314814805984497,0.1608187109231948,0.0857699811458587,-0.1120857670903205,0.3830409348011017,1.0,0.0,0.0,1.0,0.0,0.0,1.0,0.0,0.0
20260414_134505_905168,6,97,1.8633058071136477,0.0502443127334117,-0.0373595227233929,7.542330834848615,-0.0101535310086124,-0.0697993854667942,-1.1874038726091385,1.356183555700511,0.0482540649378596,0.0476117044198913,0.02,0.0,0.0,carpet,12345,2458048367,0,0,6,2,2,2,0.0068001630716025,0.7891057133674622,0.3709947466850281,0.3100474774837494,0.1791410446166992,-0.4944949150085449,0.8480034470558167,0.3577709197998047,0.2189415395259857,0.7810584306716919,0.147400364279747,0.1910331398248672,-0.4512670636177063,0.1569200754165649,0.2261208593845367,-0.0360623784363269,-0.4639376103878021,0.2768031060695648,1.0,0.0,0.0,1.0,0.0,0.0,1.0,0.0,0.0
20260414_134505_905168,6,98,1.8867976665496824,0.0649438649415969,-0.2188471711209593,7.323483663727655,-0.1896606893870296,-0.4198383443047078,-1.4699552208185196,0.8617543183104175,0.0552140675036628,0.0733014996712684,0.02,0.0,0.0,carpet,12345,2458048367,0,0,6,2,2,2,0.8733585476875305,-0.5702836513519287,1.0,0.0297951158136129,-0.4670914709568023,0.0968440622091293,0.7816601395606995,0.3863685727119446,0.2078792154788971,0.7921207547187805,0.2114713490009308,-0.0292397662997245,-0.0448343083262443,0.1588694006204605,0.1588694006204605,0.0818713456392288,-0.3557505011558532,0.4951266944408417,1.0,0.0,0.0,1.0,0.0,0.0,1.0,0.0,0.0
20260414_134505_905168,6,99,1.853559255599976,0.0345448404550552,0.1739929699396201,7.497476633667276,0.2026137712487172,0.4450968539349986,3.039902448654175,0.9183442594361252,0.0546036450228438,0.0632087361362543,0.02,0.0,0.0,carpet,12345,2458048367,0,0,6,2,2,2,-1.0,0.5768235325813293,0.3802884221076965,0.1665366739034652,-0.6653686761856079,-0.319894015789032,0.2870999276638031,0.4157333374023437,0.1941845417022705,0.8058153986930847,0.2683749198913574,0.516569197177887,-0.4113060534000397,0.5107212662696838,0.0038986355066299,-0.2884990274906158,0.028265107423067,0.4561403393745422,1.0,0.0,0.0,1.0,0.0,0.0,1.0,0.0,0.0
20260414_134505_905168,6,100,1.86275851726532,0.0471600592136383,-0.0292184531589888,7.468258180508287,0.0,0.0184421714866829,-1.2615218758583069,0.5304416456633874,0.0558072226185173,0.0727546179427418,0.02,0.0,0.0,carpet,12345,2458048367,0,0,6,2,2,2,0.3327855467796325,0.0073997536674141,-0.8649103045463562,-0.1563647538423538,0.2860075235366821,-0.7171946167945862,0.879156768321991,0.3741853833198547,0.2225054651498794,0.777494490146637,0.1672456562519073,-0.6208577156066895,0.334307998418808,0.1920077949762344,0.0925925895571708,-0.3801169693470001,-0.1267056465148925,0.1929824501276016,1.0,0.0,0.0,1.0,0.0,0.0,1.0,0.0,0.0
20260414_134505_905168,6,101,1.7403078079223633,0.0190692543983459,0.3179402455395836,7.7861984260478705,0.3415906405114449,0.7161017489973176,2.809080481529236,0.99273848822817,0.0365039497186126,0.0,0.02,0.0,0.0,carpet,12345,2458048367,0,0,6,2,2,2,-0.1893727481365203,-0.355453610420227,0.4439461827278137,-0.5635490417480469,-0.7248649001121521,-0.467140644788742,-0.5268999934196472,0.3856844007968902,0.2107526361942291,0.7892473340034485,0.2261988967657089,0.2290448397397995,0.078947365283966,-0.2972709536552429,-0.076998047530651,0.1695906370878219,-0.4541910290718078,0.5302144289016724,1.0,0.0,0.0,1.0,0.0,0.0,1.0,0.0,0.0
20260414_134505_905168,6,102,1.7600531578063965,0.0093615157529711,0.3515259027804582,8.137724328828329,0.374240911734546,0.7797697778823647,0.9707738645374776,1.469772822529862,0.0271500895408774,0.0,0.02,0.0,0.0,carpet,12345,2458048367,0,0,6,2,2,2,0.2538489103317261,0.7376993298530579,0.4812510907649994,-0.8135207891464233,-0.3727568984031677,-0.837772786617279,0.2209854423999786,0.2326209992170334,0.2369231134653091,0.763076901435852,-0.0792195200920105,-0.1189083829522132,-0.2124756276607513,0.3099415302276611,-0.2631579041481018,-0.1101364493370056,-0.2270955145359039,-0.3050682246685028,1.0,0.0,0.0,1.0,0.0,0.0,1.0,0.0,0.0
20260414_134505_905168,6,103,1.7609843015670776,0.0037878034636378,0.3236137088938722,8.4613380377222,0.3457282772538974,0.7241701406451,0.5573712289333344,2.263742348641756,0.0211456836002521,0.0,0.02,0.0,0.0,carpet,12345,2458048367,0,0,6,2,2,2,0.7371771335601807,-0.2133582681417465,-0.1022246778011322,0.6598311066627502,-0.1031733974814415,0.3907783925533294,-0.2405867725610733,0.2573026716709137,0.245967224240303,0.7540327310562134,0.0566763691604137,0.1208577007055282,0.3411306142807007,0.2504873275756836,-0.3869395852088928,-0.1101364493370056,-0.4064327478408813,0.1481481492519378,1.0,0.0,0.0,1.0,0.0,0.0,1.0,0.0,0.0
20260414_134505_905168,6,104,1.8074796199798584,0.0156798399984836,0.0782103838079472,8.539548421530148,0.1004239446731652,0.2458266921126721,-1.189203653484583,2.929407385059136,0.0221356086521794,0.0,0.02,0.0,0.0,carpet,12345,2458048367,0,0,6,2,2,2,0.3916629552841186,0.5107081532478333,-0.9989169836044312,-0.5110365748405457,0.5357651710510254,-0.5779252648353577,0.6486443877220154,0.2584667205810547,0.2511599063873291,0.7488400340080261,-0.0273100808262825,0.4775828421115875,-0.0253411307930946,-0.0370370373129844,0.2261208593845367,-0.1686159819364547,0.0389863550662994,-0.1822612136602401,1.0,0.0,0.0,1.0,0.0,0.0,1.0,0.0,0.0
20260414_134505_905168,6,105,1.708218336105347,0.0246923025697469,-0.0212797633100497,8.518268658220098,0.0,-0.0409415451970716,-0.9012462571263312,2.4433689859270658,0.0127976331004975,0.0,0.02,0.0,0.0,carpet,12345,2458048367,0,0,6,2,2,2,0.6259859204292297,-0.3439012169837951,0.8736071586608887,-0.3586817979812622,-0.003862285753712,-0.4918931126594543,-0.7359861731529236,0.3165857195854187,0.2400808334350586,0.7599191665649414,0.1456739753484726,0.2378167659044265,0.3635477721691131,-0.4161793291568756,-0.2680311799049377,0.3226120769977569,-0.3976608216762543,0.3674463927745819,1.0,0.0,0.0,1.0,0.0,0.0,1.0,0.0,0.0
20260414_134505_905168,6,106,1.7054059505462646,0.0139442943036556,0.0756795164561833,8.593948174676282,0.0964072039766582,0.2379940477544835,1.074800826609135,2.6629208621948663,0.0072768752047489,0.0,0.02,0.0,0.0,carpet,12345,2458048367,0,0,6,2,2,2,0.5002692341804504,0.4905377924442291,0.6460497975349426,0.3274373114109039,-0.7184496521949768,-1.0,-0.3107877969741821,0.192509263753891,0.231684461236,0.7683154940605164,-0.1407842934131622,0.3732943534851074,-0.2436647117137909,0.4902534186840057,-0.2261208593845367,0.0136452242732048,-0.2631579041481018,-0.4376218318939209,1.0,0.0,0.0,1.0,0.0,0.0,1.0,0.0,0.0
20260414_134505_905168,6,107,1.7945327758789062,-0.0131254773586988,0.3919689840834987,8.985917158759781,0.4129435012178037,0.8552398273747173,2.706977166235447,2.802058940572266,0.0097451713430504,0.0,0.02,0.0,0.0,carpet,12345,2458048367,0,0,6,2,2,2,0.8008942008018494,0.7921774387359619,-0.1541358530521392,0.1556565463542938,0.1652152240276336,0.844620943069458,0.372259646654129,0.1889936476945877,0.2416977286338806,0.7583022713661194,-0.0836248397827148,0.2836257219314575,-0.0126705653965473,0.3089668750762939,0.1842105239629745,-0.3576998114585876,-0.3674463927745819,-0.1715399622917175,1.0,0.0,0.0,1.0,0.0,0.0,1.0,0.0,0.0
20260414_134505_905168,6,108,1.7746355533599854,-0.0124580459669232,0.2737179376994699,9.25963509645925,0.2947405567880263,0.6247440857366513,-0.0667431391775608,2.6470332484265526,0.010226190885563,0.0,0.02,0.0,0.0,carpet,12345,2458048367,0,0,6,2,2,2,-0.764350950717926,-0.7037498950958252,-0.5379741191864014,0.8764310479164124,0.8417879343032837,0.666827917098999,-0.3158062994480133,0.3004022538661957,0.2669169902801513,0.7330830097198486,0.0926264077425003,0.4473684132099151,0.384990245103836,-0.1510721296072006,0.0614035092294216,0.0253411307930946,-0.149122804403305,0.1871345043182373,1.0,0.0,0.0,1.0,0.0,0.0,1.0,0.0,0.0
20260414_134505_905168,6,109,1.8418225049972532,-0.0046052187681198,0.0923096920289344,9.351944788488185,0.1139678894012304,0.2722373843323993,-0.7852827198803425,2.195100492113852,0.01658197372296,0.0,0.02,0.0,0.0,carpet,12345,2458048367,0,0,6,2,2,2,0.2469222247600555,-0.6605530977249146,1.0,-0.4547162652015686,0.7713932991027832,0.1645482182502746,0.1512636691331863,0.2755308151245117,0.2662951648235321,0.7337048053741455,-0.0256719160825014,-0.4269005954265594,0.1627680361270904,-0.2807017564773559,0.2826510667800903,0.0233918130397796,0.0116959065198898,-0.2202728986740112,1.0,0.0,0.0,1.0,0.0,0.0,1.0,0.0,0.0
20260414_134505_905168,6,110,1.802709698677063,-0.025969672948122,0.331160905323534,9.68310569381172,0.3529689193586489,0.7382893927493654,2.1364454180002213,2.687563192750545,0.018080140351149,0.0,0.02,0.0,0.0,carpet,12345,2458048367,0,0,6,2,2,2,0.0802073553204536,-0.3135925531387329,-0.5265218615531921,-0.6860594153404236,-0.4367449581623077,-0.517981767654419,-0.3030694723129272,0.3595144152641296,0.2589791715145111,0.7410207390785217,0.1273260414600372,0.1393762230873108,-0.4454191029071808,0.5019493103027344,-0.3226120769977569,0.3937621712684631,0.0126705653965473,0.0526315793395042,1.0,0.0,0.0,1.0,0.0,0.0,1.0,0.0,0.0
20260414_134505_905168,6,111,1.7928262948989868,-0.0268428102135658,0.2476898994881502,9.93079559329987,0.2695105006144182,0.5755454761981156,0.0873137265443801,3.3040502141457324,0.0182060112626802,0.0,0.02,0.0,0.0,carpet,12345,2458048367,0,0,6,2,2,2,0.6206476092338562,0.972183346748352,0.4889327585697174,-0.2391496896743774,-0.7708830237388611,-0.6985173225402832,0.1395660042762756,0.3106233477592468,0.2788831293582916,0.7211167812347412,0.0323453396558761,0.0370370373129844,-0.1822612136602401,0.0360623784363269,-0.3547758162021637,0.1413255333900451,-0.1910331398248672,-0.1598440557718277,1.0,0.0,0.0,1.0,0.0,0.0,1.0,0.0,0.0
20260414_134505_905168,6,112,1.7903175354003906,-0.0264318492263555,0.16864983179574,10.09944542509561,0.1904538884452919,0.4213850824683192,-0.0410960987210273,3.487441248859568,0.0180405664955186,0.0,0.02,0.0,0.0,carpet,12345,2458048367,0,0,6,2,2,2,0.8149986863136292,0.5331445932388306,1.0,-0.1433420926332473,0.0458242148160934,-0.5834572315216064,0.0877607390284538,0.2982690930366516,0.2796965837478637,0.7203033566474915,0.0726435035467147,0.3196881115436554,-0.0243664719164371,0.1890838146209716,-0.1306042820215225,-0.1647173464298248,-0.3235867321491241,0.1023391783237457,1.0,0.0,0.0,1.0,0.0,0.0,1.0,0.0,0.0
20260414_134505_905168,6,113,1.7008233070373535,0.023151509463787,-0.468960575884355,9.630484849211255,-0.4479718745652937,-0.9235451554023228,-4.958335869014263,1.708656266082528,0.0098870131906128,0.0,0.02,0.0,0.0,carpet,12345,2458048367,0,0,6,2,2,2,-0.3669879138469696,0.1656780391931533,-0.5686843395233154,-0.4420989453792572,0.9475067853927612,-0.9129337668418884,-0.7836618423461914,0.2951332032680511,0.279313713312149,0.7206861972808838,0.0618523173034191,0.4522417187690735,0.0087719298899173,0.2592592537403106,-0.1130604296922683,0.0214424952864646,-0.3284600377082824,0.0721247568726539,1.0,0.0,0.0,1.0,0.0,0.0,1.0,0.0,0.0
20260414_134505_905168,6,114,1.8181957006454468,-0.0153919775038957,0.0918943472468849,9.72237919645814,0.1132965680206832,0.2709283076403324,3.854348696768284,1.354840487986209,0.0140222077379832,0.0,0.02,0.0,0.0,carpet,12345,2458048367,0,0,6,2,2,2,0.4547058939933777,-0.8999297618865967,0.1336417496204376,-0.7748199701309204,0.1223485618829727,-0.4098382592201233,0.8694315552711487,0.1832654923200607,0.2331199198961258,0.7668799757957458,-0.1653347909450531,-0.1871345043182373,0.1744639426469802,-0.2251462042331695,-0.2631579041481018,0.5360623598098755,-0.4902534186840057,-0.4571150243282318,1.0,0.0,0.0,1.0,0.0,0.0,1.0,0.0,0.0
20260414_134505_905168,6,115,1.7805086374282837,-0.0435471832752227,0.4181302423804975,10.140509438838638,0.4395263461607342,0.907076375013432,2.815520577132702,1.9896794786672416,0.0139610378023675,0.0,0.02,0.0,0.0,carpet,12345,2458048367,0,0,6,2,2,2,-0.3010461032390594,0.2906736135482788,0.4806019961833954,-0.0722587630152702,0.7307509183883667,-0.0567973479628562,-0.284467875957489,0.3299808502197265,0.2690285444259643,0.7309713959693909,0.2154198139905929,0.2943469882011413,-0.3226120769977569,0.1510721296072006,-0.4152046740055084,0.1325536072254181,-0.2846003770828247,0.5126705765724182,1.0,0.0,0.0,1.0,0.0,0.0,1.0,0.0,0.0
20260414_134505_905168,6,116,1.8495330810546875,-0.0138764074072241,-0.0279663442629982,10.11254309457564,-0.0058780079178946,-0.0614621154398946,-2.96707758679986,1.1899279704779815,0.0208833634510351,0.0,0.02,0.0,0.0,carpet,12345,2458048367,0,0,6,2,2,2,0.4121376276016235,-0.7866561412811279,0.9698702096939088,-0.3692933619022369,0.6667499542236328,-0.3122410178184509,0.7313465476036072,0.2828720211982727,0.295259028673172,0.7047408819198608,0.017988808453083,-0.2095516622066497,0.068226121366024,0.2037037014961242,-0.1871345043182373,0.3206627666950226,-0.0526315793395042,-0.1783625781536102,1.0,0.0,0.0,1.0,0.0,0.0,1.0,0.0,0.0
20260414_134505_905168,6,117,1.845908284187317,-0.0310160797089338,0.1478060307020234,10.260349125277664,0.1704590876732339,0.3823952209628061,1.7139672301709652,0.996777715242672,0.0265305697121046,0.0,0.02,0.0,0.0,carpet,12345,2458048367,0,0,6,2,2,2,-0.9109839200973512,-0.1012322679162025,-0.8418599963188171,-0.3636439740657806,0.9094915390014648,0.1107751578092575,0.0692118406295776,0.3691526353359222,0.2676165699958801,0.7323833703994751,0.2132562100887298,0.2456140369176864,-0.5048732757568359,0.5438596606254578,-0.2573099434375763,0.3391812741756439,-0.2270955145359039,0.4220272898674011,1.0,0.0,0.0,1.0,0.0,0.0,1.0,0.0,0.0
20260414_134505_905168,6,118,1.88775098323822,0.0032508224248886,-0.3400623472222305,9.920286778055432,-0.2666031474991993,-0.5698761376234387,-3.426690213382244,0.0055164951509141,0.0371540636479679,0.0059088574665153,0.02,0.0494483504849085,0.0,carpet,12345,2458048367,0,0,6,2,2,2,0.1025225818157196,-0.8973503708839417,0.2399042546749115,0.8285322785377502,0.0958761647343635,-0.107054017484188,0.9554826021194458,0.3646217286586761,0.2835845649242401,0.7164154052734375,0.1207902282476425,-0.5136452317237854,0.0155945420265197,-0.223196879029274,-0.2202728986740112,0.4639376103878021,-0.0087719298899173,0.0136452242732048,1.0,0.0,0.0,1.0,0.0,0.0,1.0,0.0,0.0
20260414_134505_905168,6,119,1.7875843048095703,-0.021390400826931,0.0479690727414462,9.96825585079688,0.0710889631168721,0.1886234780779005,2.464122325181961,1.1176851286311376,0.0311989037542581,0.0,0.02,0.0,0.0,carpet,12345,2458048367,0,0,6,2,2,2,0.9910870790481568,-0.7368334531784058,-0.3099506199359894,-0.7933157682418823,-0.1066558137536048,0.3919574618339538,-0.904405415058136,0.4169250428676605,0.2516601681709289,0.7483397722244263,0.2921200692653656,0.0730994120240211,-0.5467836260795593,0.1218323558568954,0.3128654956817627,-0.0253411307930946,-0.1023391783237457,0.5614035129547119,1.0,0.0,0.0,1.0,0.0,0.0,1.0,0.0,0.0
20260414_134505_905168,6,120,1.8446807861328125,-0.0256188586354255,0.0776392024992223,10.045895053296102,0.1011174634722016,0.2471790537707932,0.4228457808494568,1.0939358747615984,0.0347826097297932,0.0,0.02,0.0,0.0,carpet,12345,2458048367,0,0,6,2,2,2,0.4299950003623962,-0.0560673289000988,0.392331600189209,1.0,0.4670643508434295,-0.5765311121940613,0.8258057832717896,0.2917165756225586,0.2746168971061706,0.7253831028938293,-0.0222323033958673,0.5994151830673218,-0.4454191029071808,-0.149122804403305,-0.1812865436077118,-0.0155945420265197,0.261208564043045,-0.5380116701126099,1.0,0.0,0.0,1.0,0.0,0.0,1.0,0.0,0.0
20260414_134505_905168,6,121,1.8467745780944824,-0.0391702577471733,0.2193726103482851,10.265267663644387,0.2431637272419464,0.5241692681217955,1.3551399111747742,0.711028767869962,0.0379111689366135,0.0,0.02,0.0,0.0,carpet,12345,2458048367,0,0,6,2,2,2,0.4352142214775085,-0.3602033853530884,-0.7315481305122375,0.2092893570661544,0.9349133372306824,0.2725883424282074,0.0909806787967681,0.3630872666835785,0.2785563170909881,0.7214436531066895,0.2143599390983581,0.2465886920690536,-0.2923976480960846,-0.0146198831498622,0.1715399622917175,0.2368421107530594,-0.3752436637878418,0.4844054579734802,1.0,0.0,0.0,1.0,0.0,0.0,1.0,0.0,0.0
20260414_134505_905168,6,122,1.8778250217437744,-0.0261960811913013,-0.0160238431243281,10.24924382052006,0.0096269421510427,0.0687725371945333,-1.2974176555871964,0.8412634205043901,0.0452862198840005,0.0224432657394171,0.02,0.0,0.0,carpet,12345,2458048367,0,0,6,2,2,2,0.4761620461940765,0.3071198463439941,-0.1917279809713363,-0.2087054103612899,-1.0,-0.2494020611047744,0.6548917293548584,0.3657045364379883,0.2911813259124756,0.7088186740875244,0.1206604242324829,0.2660818696022033,-0.1959064304828643,-0.3888888955116272,0.0886939540505409,0.3771929740905761,-0.0058479532599449,0.0214424952864646,1.0,0.0,0.0,1.0,0.0,0.0,1.0,0.0,0.0
20260414_134505_905168,6,123,1.7265876531600952,-0.0489920489490032,0.2702364652614347,10.519480285781494,0.2930659470966448,0.6214785968384575,2.279596775770188,1.0803467963800415,0.0282948183521011,0.0,0.02,0.0,0.0,carpet,12345,2458048367,0,0,6,2,2,2,0.5406699180603027,-0.6472814679145813,-0.7324729561805725,0.2032474726438522,-0.5272951126098633,-0.2089001834392547,-0.572157084941864,0.4045175611972809,0.2790940701961517,0.7209059000015259,0.2489456236362457,0.2651072144508362,0.0263157896697521,-0.231968805193901,-0.0721247568726539,-0.0877192988991737,-0.1335282623767852,0.3976608216762543,1.0,0.0,0.0,1.0,0.0,0.0,1.0,0.0,0.0
20260414_134505_905168,6,124,1.7599587440490725,-0.050893411040306,0.2155870810497183,10.735067366831212,0.2377656409802109,0.5136429999114114,0.1901362091302871,2.163865933914892,0.0217855993049263,0.0,0.02,0.0,0.0,carpet,12345,2458048367,0,0,6,2,2,2,0.5683251619338989,-0.2859922647476196,-0.2405985891819,0.7380101084709167,-0.6127226948738098,-0.6809729933738708,0.4786423444747925,0.2154708802700042,0.3003316819667816,0.6996682286262512,-0.073728896677494,0.3382066190242767,-0.2631579041481018,-0.3606237769126892,0.165692001581192,-0.2534112930297851,-0.0867446362972259,-0.3372319638729095,1.0,0.0,0.0,1.0,0.0,0.0,1.0,0.0,0.0
20260414_134505_905168,6,125,1.7629369497299194,-0.04765260592103,0.1085886607445695,10.843656027575785,0.130365190744436,0.3042121219516502,-0.3240805119276047,2.279454577788641,0.0177652999986643,0.0,0.02,0.0,0.0,carpet,12345,2458048367,0,0,6,2,2,2,0.7756381034851074,0.3229193985462188,-0.2902316451072693,-0.7313054800033569,-0.67667156457901,-0.9197933077812196,0.6059279441833496,0.2571848034858703,0.302103042602539,0.6978968977928162,0.0870354175567627,0.331384003162384,-0.206627681851387,-0.1851851791143417,0.4103313982486725,-0.3109161853790283,-0.371345043182373,0.2846003770828247,1.0,0.0,0.0,1.0,0.0,0.0,1.0,0.0,0.0
20260414_134505_905168,6,126,1.759575366973877,-0.0657179728150367,0.3015005318219971,11.14515655939778,0.322970904519959,0.6797932638139201,1.806536689400673,2.712068787831768,0.014703726979619,0.0,0.02,0.0,0.0,carpet,12345,2458048367,0,0,6,2,2,2,0.5595278739929199,1.0,0.4958418905735016,-0.2337338179349899,0.0802724510431289,0.7657884359359741,-0.0902931243181228,0.2609075605869293,0.2990838289260864,0.7009161710739136,0.1135297194123268,0.4259259402751922,0.1267056465148925,-0.1929824501276016,-0.0175438597798347,-0.3031189143657684,-0.4181286692619324,0.3703703582286834,1.0,0.0,0.0,1.0,0.0,0.0,1.0,0.0,0.0
20260414_134505_905168,6,127,1.8965367078781128,0.0543115437030792,-1.0735552430433073,10.071601316354473,-1.0,-2.4908929650924705,-12.0029516518116,-0.3029934453824978,0.0271971742879514,0.0167105122902408,0.02,0.05,0.0,carpet,12345,2458048367,0,0,6,2,2,2,1.0,-0.9257355332374572,-0.6716744303703308,-1.0,-0.6037278771400452,0.9378369450569152,0.9370814561843872,0.2567054629325866,0.3159141838550567,0.6840857267379761,0.0139838745817542,0.3138401508331299,0.2290448397397995,0.0194931775331497,-0.1861598491668701,-0.0077972710132598,0.1315789520740509,-0.0896686166524887,1.0,0.0,0.0,1.0,0.0,0.0,1.0,0.0,0.0
20260414_134505_905168,6,128,1.7351598739624023,-0.050552412867546,0.3270607688768676,10.39866208523134,0.3607329181775812,0.7534291904462833,10.48639565706253,0.3816632078692521,0.0183847008763881,0.0,0.02,0.0118336792130747,0.0,carpet,12345,2458048367,0,0,6,2,2,2,0.2487426847219467,-0.161483958363533,-0.2587345242500305,0.3135769665241241,0.2012109458446502,-0.5496041774749756,-0.5825743079185486,0.4279071688652038,0.2040900290012359,0.7959099411964417,0.3751951456069946,0.6189084053039551,-0.1384015530347824,-0.1023391783237457,-0.384990245103836,-0.3167641460895538,0.4269005954265594,0.5292397737503052,1.0,0.0,0.0,1.0,0.0,0.0,1.0,0.0,0.0
20260414_134505_905168,6,129,1.7551226615905762,-0.0599915347993373,0.3636830754188834,10.762345160650224,0.3851538159638418,0.8010499411294916,0.9439121931791306,0.5612345521602862,0.0147074054495835,0.0,0.02,0.0,0.0,carpet,12345,2458048367,0,0,6,2,2,2,0.7593386173248291,0.9280971884727478,0.0063859932124614,-0.7131544947624207,0.4299035668373108,-0.2953886091709137,-0.1847040802240371,0.2261861860752105,0.3017853796482086,0.6982145309448242,-0.098607562482357,0.1715399622917175,-0.0955165699124336,-0.1734892725944519,0.1442495137453079,0.1042884960770607,-0.2846003770828247,-0.3333333432674408,1.0,0.0,0.0,1.0,0.0,0.0,1.0,0.0,0.0
20260414_134505_905168,6,130,1.8054455518722532,-0.052508533000946,0.1609623889122011,10.923307549562423,0.1865191850704319,0.4137124108873422,-0.7483001798391342,0.461303963136217,0.0168719247185251,0.0,0.02,0.0038696036863782,0.0,carpet,12345,2458048367,0,0,6,2,2,2,-0.5941951870918274,-0.9792473912239076,0.6112958192825317,-0.8032343983650208,0.7657433152198792,-0.7715014219284058,0.5747070908546448,0.2511396408081054,0.310579240322113,0.689420759677887,-0.0382725149393081,0.4230019450187683,0.4181286692619324,-0.0594541914761066,-0.4191033244132995,0.2582845985889435,-0.2241715341806411,-0.1345029175281524,1.0,0.0,0.0,1.0,0.0,0.0,1.0,0.0,0.0
20260414_134505_905168,6,131,1.84699821472168,-0.0672584697604179,0.3002602241562917,11.223567773718717,0.3225808857191302,0.679032727152304,1.474993675947189,0.8361245683368708,0.0232066156283852,0.0,0.02,0.0,0.0,carpet,12345,2458048367,0,0,6,2,2,2,0.5932874083518982,-0.628455638885498,0.7296514511108398,1.0,0.2562736272811889,0.6811526417732239,0.6150986552238464,0.3140432238578796,0.3036077916622162,0.6963921785354614,0.1119225919246673,-0.3284600377082824,-0.235867440700531,0.4307992160320282,-0.4902534186840057,0.4288499057292938,-0.4863547682762146,0.3294346928596496,1.0,0.0,0.0,1.0,0.0,0.0,1.0,0.0,0.0
20260414_134505_905168,6,132,1.8691915273666384,-0.0720092877745628,0.2732753544173105,11.496843128136028,0.2964333311373555,0.6280449957178433,0.4750818014144897,0.784376300240794,0.0315797672004497,0.0,0.02,0.0,0.0,carpet,12345,2458048367,0,0,6,2,2,2,-0.6140631437301636,-0.7239148616790771,-0.4763741195201874,-0.4526287019252777,0.3108804821968078,0.914482831954956,0.4189128577709198,0.3659841418266296,0.317349374294281,0.6826505661010742,0.1630468964576721,0.3547758162021637,-0.4083820581436157,0.4259259402751922,-0.0194931775331497,0.066276803612709,-0.1949317753314972,0.3460038900375366,1.0,0.0,0.0,1.0,0.0,0.0,1.0,0.0,0.0
20260414_134505_905168,6,133,1.890406847000122,-0.0455109551548957,-0.0970824103661298,11.399760717769896,-0.0725254198478375,-0.1914245687032831,-2.6498332619667053,3.0838446966299813,0.0419815728784576,0.0071766646089313,0.02,0.0,0.0,carpet,12345,2458048367,0,0,6,2,2,2,1.0,-0.7576805353164673,0.8178911209106445,0.1375428438186645,-0.5035131573677063,0.0532874837517738,0.7226325869560242,0.3937257826328277,0.3217754364013672,0.6782245635986328,0.1656529009342193,-0.3450292348861694,-0.3508771955966949,0.2826510667800903,-0.261208564043045,0.1345029175281524,-0.0614035092294216,0.2329434752464294,1.0,0.0,0.0,1.0,0.0,0.0,1.0,0.0,0.0
20260414_134505_905168,6,134,1.846307635307312,-0.0835091099143028,0.3635501178573094,11.763310835627207,0.3878899704911261,0.806385442457696,3.799815475940704,3.136800948641394,0.043398526338167,0.0,0.02,0.0,0.0,carpet,12345,2458048367,0,0,6,2,2,2,-0.3666742742061615,-0.7437779903411865,-1.0,0.1529289186000824,-0.2812499701976776,0.0757215768098831,-0.2024103701114654,0.4202447831630707,0.2970885634422302,0.7029114365577698,0.2434928566217422,0.5945419073104858,-0.5077972412109375,0.4405457973480224,0.0711500942707061,-0.2992202639579773,0.0068226121366024,0.4200779795646667,1.0,0.0,0.0,1.0,0.0,0.0,1.0,0.0,0.0
20260414_134505_905168,6,135,1.888347148895264,-0.0636005699634552,0.0035948127596566,11.766905648386864,0.0292695297805654,0.1070755830721026,-1.9908539950847624,2.442826590584005,0.0515580514344254,0.0103782375493254,0.02,0.0,0.0,carpet,12345,2458048367,0,0,6,2,2,2,0.4512975215911865,0.4031106531620025,-0.1317006796598434,-1.0,0.3226631879806518,-0.1259796321392059,0.6111583709716797,0.3651208877563476,0.3324891030788421,0.6675108075141907,0.0691668018698692,-0.1842105239629745,-0.3937621712684631,0.136452242732048,0.0974658876657486,-0.1842105239629745,0.0497076027095317,-0.1257309913635254,1.0,0.0,0.0,1.0,0.0,0.0,1.0,0.0,0.0
20260414_134505_905168,6,136,1.8113491535186768,-0.0854700058698654,0.2714458375930563,12.03835148597992,0.2959192743406741,0.6270425849643146,2.1869435906410217,2.6561567646609774,0.0447343674761781,0.0,0.02,0.0,0.0,carpet,12345,2458048367,0,0,6,2,2,2,-0.0598321408033371,-0.3156463801860809,0.8682558536529541,0.0496209673583507,-0.894963264465332,-0.6623179912567139,0.0918935015797615,0.4176702499389648,0.3139415681362152,0.6860584616661072,0.2130229324102401,0.2573099434375763,0.2095516622066497,-0.0779727101325988,-0.528265118598938,0.2241715341806411,-0.1072124764323234,0.3460038900375366,1.0,0.0,0.0,1.0,0.0,0.0,1.0,0.0,0.0
20260414_134505_905168,6,137,1.8552087545394895,-0.0721215605735778,0.0196991860126104,12.05805067199253,0.0443952852902862,0.1365708063160582,-1.3348445296287537,2.113694843824732,0.0469609927767576,0.0,0.02,0.0,0.0,carpet,12345,2458048367,0,0,6,2,2,2,0.4902317523956299,0.3455428779125213,0.6399937868118286,0.4394806027412414,-0.2131447792053222,-0.1461995244026184,0.6946819424629211,0.3214227557182312,0.3343159556388855,0.6656840443611145,0.0660466700792312,-0.0487329438328743,-0.2241715341806411,0.4610136449337005,0.034113060683012,-0.3518518507480621,-0.2709551751613617,0.0838206633925437,1.0,0.0,0.0,1.0,0.0,0.0,1.0,0.0,0.0
20260414_134505_905168,6,138,1.8367536067962649,-0.0881928205490112,0.2083694951836821,12.266420167176213,0.2329280021142961,0.5042096041228774,1.607125997543335,1.9898594522297657,0.0455850693061399,0.0,0.02,0.0,0.0,carpet,12345,2458048367,0,0,6,2,2,2,-0.564601719379425,-0.1430141031742096,-0.2078741639852523,-1.0,-0.0609716549515724,-0.534464418888092,0.3311434388160705,0.376247227191925,0.3218800127506256,0.6781198978424072,0.1676298677921295,0.2553606331348419,-0.1647173464298248,0.3226120769977569,0.1832358688116073,-0.2105263173580169,-0.1588694006204605,0.3908382058143616,1.0,0.0,0.0,1.0,0.0,0.0,1.0,0.0,0.0
20260414_134505_905168,6,139,1.8511126041412356,-0.0591034442186355,-0.1783292433047387,12.088090923871476,-0.1533729257267865,-0.3490772051672337,-2.908937633037567,1.8322068157658151,0.0469288198114082,0.0052687119362274,0.02,0.0,0.0,carpet,12345,2458048367,0,0,6,2,2,2,0.3300673365592956,0.2533174157142639,-0.6314899325370789,0.2679780721664428,0.5592896938323975,-1.0,0.9027581214904784,0.3531782031059265,0.3368526399135589,0.6631473302841187,0.1063926666975021,-0.2768031060695648,-0.0019493177533149,0.0818713456392288,-0.2884990274906158,0.0009746588766574,-0.3284600377082824,0.202729046344757,1.0,0.0,0.0,1.0,0.0,0.0,1.0,0.0,0.0
20260414_134505_905168,6,140,1.796568512916565,-0.0876580327749252,0.1822627730086937,12.270353696880168,0.2061829795034902,0.4520568100318058,2.8554588556289677,1.477878183339925,0.0392020649479644,0.0,0.02,0.0,0.0,carpet,12345,2458048367,0,0,6,2,2,2,-0.1238357797265052,-0.2519215941429138,0.6695436835289001,0.4460672736167907,-0.6924986243247986,-0.1469896584749221,-0.4547402262687683,0.3711271286010742,0.3097518384456634,0.6902480721473694,0.1846617013216018,0.206627681851387,0.1666666716337204,-0.3888888955116272,0.1101364493370056,0.272904485464096,-0.5984405279159546,0.5419103503227234,1.0,0.0,0.0,1.0,0.0,0.0,1.0,0.0,0.0
20260414_134505_905168,6,141,1.9609792232513428,-0.0053430823609232,-0.9335363905368204,11.336817306343349,-0.855810847603171,-1.7188311528261837,-8.231495041400194,-0.348028552558361,0.0611342349119702,0.0322423888490433,0.02,0.05,0.0,carpet,12345,2458048367,0,0,6,2,2,2,0.9443261623382568,-0.1107932180166244,0.9504247307777404,-0.2067510038614273,-0.1309112757444381,0.3373651504516601,0.9746776819229126,0.3029468655586242,0.3363544344902038,0.6636455655097961,-0.02811492793262,-0.0906432718038559,-0.1861598491668701,0.3382066190242767,0.2495126724243164,-0.4093567132949829,-0.0526315793395042,-0.2631579041481018,1.0,0.0,0.0,1.0,0.0,0.0,1.0,0.0,0.0
20260414_134505_905168,6,142,1.9341307878494265,-0.0506463348865509,-0.1334120884940174,11.20340521784933,-0.054636949476385,-0.1565420514789508,4.530325252562761,-1.1316131890016266,0.0750051943406277,0.025492391671393,0.02,0.05,0.0,carpet,12345,2458048367,0,0,6,2,2,2,0.4323679506778717,-0.9743332266807556,0.3884111046791076,0.8528426885604858,-0.2674269378185272,0.7503631114959717,-0.2781017422676086,0.5084602236747742,0.2596665918827057,0.7403333783149719,0.3649907410144806,0.5604288578033447,-0.1715399622917175,0.455165684223175,-0.149122804403305,-0.1140350848436355,0.1296296268701553,0.5740740895271301,1.0,0.0,0.0,1.0,0.0,0.0,1.0,0.0,0.0
20260414_134505_905168,6,143,1.9483864307403564,-0.0216908678412437,-0.4885476125334231,10.714857605315906,-0.4057913921753311,-0.8412932147418957,-2.895546704530716,-2.1094772100595804,0.0895905089104802,0.0759433893408789,0.02,0.05,0.0,carpet,12345,2458048367,0,0,6,2,2,2,-0.1942237913608551,0.6439712047576904,-0.8855392336845398,0.1282444447278976,-1.0,-0.7155301570892334,0.8734318614006042,0.4748998582363128,0.3018728792667389,0.6981270909309387,0.1434031724929809,0.3050682246685028,-0.5126705765724182,0.2387914210557937,0.3099415302276611,-0.2456140369176864,0.4269005954265594,-0.1851851791143417,1.0,0.0,0.0,1.0,0.0,0.0,1.0,0.0,0.0
20260414_134505_905168,6,144,1.946505427360535,-0.0311923138797283,-0.2616345139312299,10.453223091384675,-0.1761198769714342,-0.3934337600942967,0.9501446038484572,-3.0071205742767546,0.1009191559732435,0.1084544272494266,0.02,0.05,0.0,carpet,12345,2458048367,0,0,6,2,2,2,0.568548321723938,0.3417617976665497,-0.6455570459365845,-0.1291169673204422,-0.833074688911438,-0.8212257623672485,0.721415102481842,0.4927192628383636,0.2748968303203583,0.7251030802726746,0.3346163332462311,-0.1198830381035804,0.4083820581436157,-0.429824560880661,0.2085769921541214,-0.5,-0.0886939540505409,0.538986325263977,1.0,0.0,0.0,1.0,0.0,0.0,1.0,0.0,0.0
20260414_134505_905168,6,145,1.871817946434021,-0.0953976958990097,0.5633982452828357,11.01662133666751,0.6461842207237425,1.310059230411298,6.420538201928139,-1.347984138698223,0.0916409509583721,0.0724376069013889,0.02,0.05,0.0,carpet,12345,2458048367,0,0,6,2,2,2,0.8645815253257751,-0.8329180479049683,-0.3286457061767578,0.304271399974823,-0.4586989283561706,-0.6382727026939392,0.1573238521814346,0.4903680682182312,0.2837487459182739,0.7162511944770813,0.3162670433521271,0.3411306142807007,0.2105263173580169,-0.3732943534851074,0.1900584846735,-0.4610136449337005,-0.0964912250638008,0.4873294234275818,1.0,0.0,0.0,1.0,0.0,0.0,1.0,0.0,0.0
20260414_134505_905168,6,146,1.8913986682891848,-0.0773167833685875,0.1639603004797842,11.180581637147297,0.2464213382297089,0.5305216095479324,-1.808091253042221,-1.2695193391820965,0.0894232579066755,0.0703742391851428,0.02,0.05,0.0,carpet,12345,2458048367,0,0,6,2,2,2,0.5997230410575867,0.2148142606019973,0.8017038702964783,-0.6449861526489258,0.3634826838970184,-0.8073700070381165,0.7696352601051331,0.3970087170600891,0.3435649871826172,0.656434953212738,0.1082222610712051,0.5409356951713562,-0.3001949191093445,-0.1608187109231948,0.202729046344757,-0.2543859779834747,-0.2992202639579773,0.1120857670903205,1.0,0.0,0.0,1.0,0.0,0.0,1.0,0.0,0.0
20260414_134505_905168,6,147,1.9072471857070925,-0.0885458216071128,0.2895070247155293,11.470088661862825,0.3223677759610632,0.6786171631240734,1.122903823852539,1.1279289767681604,0.0914268865756204,0.0743612517594369,0.02,0.0,0.0,carpet,12345,2458048367,0,0,6,2,2,2,-0.9368739128112792,-0.4118492901325226,0.3227503895759582,-0.6470343470573425,-0.6936199069023132,-0.2221160233020782,0.608022153377533,0.4214845597743988,0.3267200887203216,0.6732798218727112,0.1941585689783096,0.3304093480110168,0.0185185186564922,0.3508771955966949,-0.4025341272354126,0.2173489332199096,-0.4931773841381073,0.4532163739204407,1.0,0.0,0.0,1.0,0.0,0.0,1.0,0.0,0.0
20260414_134505_905168,6,148,1.8731226921081543,-0.1051791310310363,0.4176510861872032,11.887739748050029,0.4486131322775125,0.9247956079411496,1.6633309423923492,2.2092666361882607,0.0851137841281998,0.0490133535497874,0.02,0.0,0.0,carpet,12345,2458048367,0,0,6,2,2,2,0.3453817069530487,-0.8401830196380615,-0.4066172242164612,1.0,-0.349658340215683,-0.3817209303379059,0.1610933691263198,0.4412952363491058,0.3371815085411072,0.662818431854248,0.2132219672203064,-0.5321637392044067,-0.1208577007055282,0.2992202639579773,-0.3157894611358642,-0.2387914210557937,-0.1218323558568954,0.3557505011558532,1.0,0.0,0.0,1.0,0.0,0.0,1.0,0.0,0.0
20260414_134505_905168,6,149,1.792711615562439,-0.0975900217890739,0.2063602237926919,12.094099971842718,0.2327533204650226,0.5038689749067942,-0.7589109241962433,3.5544288258369505,0.0639309667233079,0.0,0.02,0.0,0.0,carpet,12345,2458048367,0,0,6,2,2,2,0.7273039817810059,0.4514701962471008,0.4133524000644684,0.1305494159460067,0.2633876204490661,-0.956764817237854,-0.4145773351192474,0.3986396789550781,0.3526777625083923,0.6473221778869629,0.1156127601861953,0.2300194948911667,-0.4610136449337005,-0.2173489332199096,0.5575048923492432,-0.2446393817663192,-0.2134502977132797,0.1081871315836906,1.0,0.0,0.0,1.0,0.0,0.0,1.0,0.0,0.0
20260414_134505_905168,6,150,1.7932957410812378,-0.1015098541975021,0.1933959774581608,12.28749594930088,0.2184089955850295,0.4758975413908075,0.3919832408428192,4.423760127322055,0.050130181268687,0.0,0.02,0.0,0.0,carpet,12345,2458048367,0,0,6,2,2,2,0.7959832549095154,-0.0572997815907001,-0.873384952545166,-0.0482214204967021,-0.3300262987613678,-0.7078853845596313,-0.370780885219574,0.2981258332729339,0.3456074595451355,0.6543925404548645,-0.0756976008415222,0.4005847871303558,-0.3187134563922882,0.1013645231723785,0.0438596494495868,0.1783625781536102,-0.4980506896972656,-0.231968805193901,1.0,0.0,0.0,1.0,0.0,0.0,1.0,0.0,0.0
20260414_134505_905168,6,151,1.8446249961853027,-0.0899323001503944,-0.0159589245184481,12.27153702478243,0.0089663101873859,0.0674843048654025,-1.1577554047107697,3.1811852017761595,0.0492523470583406,0.0,0.02,0.0,0.0,carpet,12345,2458048367,0,0,6,2,2,2,0.2591088116168976,-0.3382147550582886,0.6994413137435913,0.9640239477157592,-0.6354893445968628,-1.0,0.7250369787216187,0.2988559603691101,0.3492593169212341,0.6507406234741211,-0.0727292001247406,0.4756335318088531,-0.0165692009031772,-0.4405457973480224,0.0458089672029018,0.0009746588766574,-0.4152046740055084,-0.2300194948911667,1.0,0.0,0.0,1.0,0.0,0.0,1.0,0.0,0.0
20260414_134505_905168,6,152,1.9264347553253172,-0.0771531760692596,-0.1385846260197998,12.132952398762631,-0.1122383966047766,-0.2688648733793144,-1.2779124081134796,2.3817987188489127,0.0634622941502324,0.0,0.02,0.0,0.0,carpet,12345,2458048367,0,0,6,2,2,2,-0.5756157040596008,0.1007171794772148,0.7193630933761597,-0.5885721445083618,-0.4043309688568115,0.3662945926189422,0.6879709362983704,0.3630174696445465,0.3384732007980346,0.6615267395973206,0.1225762739777565,0.1335282623767852,-0.2592592537403106,0.1549707651138305,0.5185185074806213,-0.3898635506629944,-0.556530237197876,0.4269005954265594,1.0,0.0,0.0,1.0,0.0,0.0,1.0,0.0,0.0
20260414_134505_905168,6,153,1.8287113904953003,-0.1167271807789802,0.3526999418189054,12.485652340581536,0.3783084424146359,0.7877014627085401,3.957400470972061,2.4908830184333794,0.0560850059573055,0.0,0.02,0.0,0.0,carpet,12345,2458048367,0,0,6,2,2,2,-0.8716346621513367,-0.2357541173696518,-0.0916522815823555,0.412099152803421,-0.5449079275131226,-0.6528026461601257,-0.0641098320484161,0.465279757976532,0.326567679643631,0.6734322905540466,0.2524178326129913,-0.3606237769126892,0.0467836260795593,0.4346978664398193,-0.3362573087215423,-0.2592592537403106,0.1335282623767852,0.3957115113735199,1.0,0.0,0.0,1.0,0.0,0.0,1.0,0.0,0.0
20260414_134505_905168,6,154,1.7574710845947266,-0.1051465794444084,0.1049273978119041,12.59057973839344,0.1288518275215889,0.3012610636670985,-1.1580601334571838,1.8673484741593285,0.0392442970968483,0.0,0.02,0.0,0.0,carpet,12345,2458048367,0,0,6,2,2,2,-0.3110737204551697,0.1284147948026657,-0.8834044933319092,-0.2400336414575576,-0.7958174347877502,-1.0,-0.4058707356452942,0.3431255221366882,0.3634363710880279,0.6365636587142944,0.0157894641160964,-0.4863547682762146,-0.0272904485464096,0.0419103316962718,0.2534112930297851,-0.3333333432674408,-0.3362573087215423,-0.0224171541631221,1.0,0.0,0.0,1.0,0.0,0.0,1.0,0.0,0.0
20260414_134505_905168,6,155,1.7901010513305664,-0.1260479986667633,0.334897272759005,12.925477011152443,0.3581955273380511,0.7484812783091996,2.090141922235489,2.111960777561734,0.0329825457904601,0.0,0.02,0.0,0.0,carpet,12345,2458048367,0,0,6,2,2,2,0.0624982081353664,-0.753236711025238,-0.8016297817230225,-0.4075653851032257,-0.8083546161651611,-0.0814796388149261,-0.1005900800228118,0.2540750503540039,0.352647453546524,0.6473525762557983,-0.0997760444879531,-0.1949317753314972,0.1081871315836906,-0.149122804403305,0.1013645231723785,-0.3732943534851074,-0.371345043182373,-0.2251462042331695,1.0,0.0,0.0,1.0,0.0,0.0,1.0,0.0,0.0
20260414_134505_905168,6,156,1.7249971628189087,-0.0859236717224121,-0.2229754566014721,12.702501554550972,-0.2008960076291711,-0.4417472148768837,-4.01243269443512,1.194316021294043,0.02079448972301,0.0,0.02,0.0,0.0,carpet,12345,2458048367,0,0,6,2,2,2,-0.3829733729362488,-0.6375421285629272,-0.0673241019248962,-0.8254883289337158,-0.9202293753623962,-0.3427186012268066,-0.882753849029541,0.2948625683784485,0.3721200227737427,0.6278799772262573,-0.0305449943989515,0.0565302148461341,-0.0185185186564922,-0.1471734941005706,0.1003898605704307,-0.4366471767425537,-0.0896686166524887,-0.0964912250638008,1.0,0.0,0.0,1.0,0.0,0.0,1.0,0.0,0.0
20260414_134505_905168,6,157,1.7283706665039062,-0.108149453997612,0.0680228066650654,12.770524361216038,0.0894021260114553,0.224334145722338,2.222578227519989,1.351165862150978,0.0137931934638992,0.0,0.02,0.0,0.0,carpet,12345,2458048367,0,0,6,2,2,2,0.1537169069051742,0.959865927696228,0.4952752590179443,-0.6974953413009644,-0.7624596953392029,-1.0,-0.2760575711727142,0.2134826630353927,0.3347386121749878,0.6652613282203674,-0.1841875612735748,-0.1968810856342315,-0.1023391783237457,0.0350877195596694,0.0389863550662994,-0.4610136449337005,-0.1325536072254181,-0.5263158082962036,1.0,0.0,0.0,1.0,0.0,0.0,1.0,0.0,0.0
20260414_134505_905168,6,158,1.7724308967590332,-0.1206883862614631,0.2000899330008107,12.97061429421685,0.2213968799425845,0.4817239158880397,1.2538932263851166,2.1017546514183323,0.0130694694177379,0.0,0.02,0.0,0.0,carpet,12345,2458048367,0,0,6,2,2,2,0.1512836068868637,-0.4655927717685699,-0.2235690057277679,-0.6146992444992065,-0.5496835112571716,-0.4921470582485199,0.4656003713607788,0.2176996171474456,0.3554450273513794,0.6445549726486206,-0.0942596197128295,0.0584795325994491,0.4376218318939209,0.2222222238779068,-0.2417154014110565,-0.3771929740905761,-0.371345043182373,-0.1549707651138305,1.0,0.0,0.0,1.0,0.0,0.0,1.0,0.0,0.0
20260414_134505_905168,6,159,1.8281673192977903,-0.1269924491643905,0.2186787164143386,13.189293010631188,0.2404587228149746,0.5188945094892006,0.6304062902927399,1.8329476981989927,0.0178000640063605,0.0,0.02,0.0,0.0,carpet,12345,2458048367,0,0,6,2,2,2,0.768806517124176,-0.6414122581481934,0.5409920811653137,-0.4060718119144439,-0.735406756401062,0.4308206439018249,-0.0033420498948544,0.272774875164032,0.3671267926692962,0.6328731775283813,0.0398738086223602,0.1033138409256935,0.2573099434375763,0.1257309913635254,-0.2709551751613617,-0.3167641460895538,-0.3586744666099548,0.261208564043045,1.0,0.0,0.0,1.0,0.0,0.0,1.0,0.0,0.0
20260414_134505_905168,6,160,1.8276773691177368,-0.1311200857162475,0.2046751097642963,13.393968120395485,0.2268522030324818,0.4923617959133395,0.4127636551856994,2.0240484304452337,0.0217709326818544,0.0,0.02,0.0,0.0,carpet,12345,2458048367,0,0,6,2,2,2,0.0563044697046279,-0.202889397740364,0.6562568545341492,0.2466556131839752,0.3822194933891296,0.3175093233585357,-0.0874547958374023,0.3424453735351562,0.372999906539917,0.627000093460083,0.0563622005283832,0.4844054579734802,-0.2553606331348419,0.3908382058143616,-0.2241715341806411,-0.4688109159469604,0.1803118884563446,-0.0311890840530395,1.0,0.0,0.0,1.0,0.0,0.0,1.0,0.0,0.0
20260414_134505_905168,6,161,1.8362292051315308,-0.1145286858081817,-0.0226062419398908,13.371361878455597,0.0,-0.0455136507666509,-1.6591399908065796,1.2300535013693832,0.0260624193989089,0.0,0.02,0.0,0.0,carpet,12345,2458048367,0,0,6,2,2,2,0.81280118227005,0.7702982425689697,1.0,-0.4892977476119995,-0.5293622016906738,-0.8614182472229004,0.6091986298561096,0.3418329358100891,0.3768453896045685,0.6231546401977539,0.0425350479781627,0.0487329438328743,-0.1003898605704307,0.4083820581436157,0.0,-0.371345043182373,0.1598440557718277,-0.0653021410107612,1.0,0.0,0.0,1.0,0.0,0.0,1.0,0.0,0.0
20260414_134505_905168,6,162,1.8002148866653442,-0.1222133412957191,0.0328784359326384,13.404240314388232,0.0553749482633094,0.1579811491134535,0.7684655487537384,1.8297818653597204,0.0249651233067107,0.0,0.02,0.0,0.0,carpet,12345,2458048367,0,0,6,2,2,2,0.0140869291499257,0.6491101384162903,0.8373412489891052,0.6586020588874817,-0.6521839499473572,0.0514595471322536,-0.3619692623615265,0.3525228500366211,0.3613881766796112,0.6386118531227112,0.1443929374217987,0.4688109159469604,0.1120857670903205,0.4814814925193786,-0.2992202639579773,-0.2758284509181976,-0.4142300188541412,0.3810916244983673,1.0,0.0,0.0,1.0,0.0,0.0,1.0,0.0,0.0
20260414_134505_905168,6,163,1.7849435806274414,-0.1230509504675865,0.023622903097896,13.427863217486127,0.0458595339137268,0.1394260911317673,0.083760917186737,1.7448738107691495,0.0223663081583073,0.0,0.02,0.0,0.0,carpet,12345,2458048367,0,0,6,2,2,2,-0.0332073606550693,0.1806437075138092,0.2468703538179397,-0.0151206068694591,-0.0200249440968036,-0.8919075727462769,-0.0037871522363275,0.3075048327445984,0.3685474693775177,0.6314524412155151,-0.0219821408390998,-0.0116959065198898,0.3089668750762939,0.4317738711833954,0.0370370373129844,-0.4473684132099151,0.0409356728196144,-0.2222222238779068,1.0,0.0,0.0,1.0,0.0,0.0,1.0,0.0,0.0
20260414_134505_905168,6,164,1.8616316318511963,-0.1197507306933403,-0.0229829333828641,13.404880284103264,0.0,0.0220640739926807,-0.3300219774246216,1.2852139688737907,0.0298293338286419,0.0,0.02,0.0,0.0,carpet,12345,2458048367,0,0,6,2,2,2,-0.5618045926094055,0.2968200445175171,0.8254683613777161,-0.031674388796091,0.3746002912521362,-0.5113998651504517,0.6694961786270142,0.2884157299995422,0.3693278431892395,0.6306721568107605,-0.031031385064125,-0.0029239766299724,0.2037037014961242,0.2280701696872711,-0.0448343083262443,-0.0584795325994491,-0.5263158082962036,0.0136452242732048,1.0,0.0,0.0,1.0,0.0,0.0,1.0,0.0,0.0
20260414_134505_905168,6,165,1.7012925148010254,-0.0855860114097595,-0.4755309604547786,12.929349323648486,-0.4038820136384734,-0.8375699265950232,-3.416471928358078,-0.071250467210433,0.0164894681630524,0.0,0.02,0.05,0.0,carpet,12345,2458048367,0,0,6,2,2,2,-0.2453527301549911,0.8764301538467407,-0.0681220442056655,-0.6970687508583069,-0.9245033860206604,-0.8016600012779236,-0.6467620730400085,0.3842758238315582,0.3662531971931457,0.6337467432022095,0.1161346286535263,-0.3460038900375366,0.1910331398248672,0.458089679479599,-0.0984405428171157,0.0165692009031772,-0.4385964870452881,0.3801169693470001,1.0,0.0,0.0,1.0,0.0,0.0,1.0,0.0,0.0
20260414_134505_905168,6,166,1.918740510940552,-0.1052332445979118,-0.1178113038417782,12.811538019806708,-0.0446136488422833,-0.1369966152424524,1.9647233188152315,-0.700608878366225,0.0319765499949495,0.0,0.02,0.05,0.0,carpet,12345,2458048367,0,0,6,2,2,2,0.6271316409111023,0.2375063449144363,0.9726476073265076,-0.0693501085042953,0.6659753918647766,-0.3192399144172668,0.8090243935585022,0.1838520020246505,0.3344240486621856,0.6655759215354919,-0.2012496292591095,-0.1481481492519378,0.5458089709281921,0.028265107423067,-0.301169604063034,-0.2270955145359039,-0.4317738711833954,-0.3966861665248871,1.0,0.0,0.0,1.0,0.0,0.0,1.0,0.0,0.0
20260414_134505_905168,6,167,1.8878352642059328,-0.1205982118844986,0.0444628954954248,12.856000915302133,0.1186547285809419,0.2813767207328368,1.536496728658676,-0.3737185068667372,0.0419183308551707,0.0,0.02,0.05,0.0,carpet,12345,2458048367,0,0,6,2,2,2,-0.7117617130279541,0.4356587529182434,0.8089534044265747,0.4370498955249786,0.3311907649040222,-0.7310366034507751,0.3459067642688751,0.4556619524955749,0.3527281582355499,0.6472718119621277,0.1951012015342712,0.3742690086364746,0.0906432718038559,0.4931773841381073,-0.1432748585939407,0.0019493177533149,-0.3245614171028137,0.4736842215061188,1.0,0.0,0.0,1.0,0.0,0.0,1.0,0.0,0.0
20260414_134505_905168,6,168,1.8888373374938965,-0.1200585812330246,0.0006195081307327,12.856620423432863,0.0756624483398841,0.197541774262774,-0.0539630651473999,-0.3341578817174166,0.0504294020915138,0.0,0.02,0.05,0.0,carpet,12345,2458048367,0,0,6,2,2,2,0.279664397239685,-1.0,-0.544215738773346,0.6738123297691345,-0.2181925624608993,-0.7794341444969177,0.451215386390686,0.4170303344726562,0.3670427799224853,0.6329571604728699,0.1074259355664253,-0.4259259402751922,0.2748537957668304,0.4541910290718078,-0.1276803165674209,0.068226121366024,-0.4346978664398193,0.2270955145359039,1.0,0.0,0.0,1.0,0.0,0.0,1.0,0.0,0.0
20260414_134505_905168,6,169,1.8943356275558472,-0.1215221136808395,-0.0067347554263006,12.849885668006564,0.0690998163551028,0.1847446418924505,0.1463532447814941,-0.2888393309567334,0.0583457178140351,0.0,0.02,0.05,0.0,carpet,12345,2458048367,0,0,6,2,2,2,0.7911136746406555,-0.3102650344371795,-0.3654152154922485,0.8987926244735718,0.8778027296066284,0.3139537870883941,0.5480802655220032,0.4182828962802887,0.3665400445461273,0.6334599256515503,0.115027830004692,0.2017543911933899,-0.0165692009031772,-0.1276803165674209,0.4210526347160339,-0.1890838146209716,-0.4922027289867401,0.2758284509181976,1.0,0.0,0.0,1.0,0.0,0.0,1.0,0.0,0.0
20260414_134505_905168,6,170,1.9285311698913572,-0.1332044005393982,0.1300064059199906,12.979892073926557,0.1951875142991304,0.4306156528833043,1.1682286858558657,0.1197122479338901,0.0715233317252883,0.0,0.02,0.0380287752066109,0.0,carpet,12345,2458048367,0,0,6,2,2,2,0.5650213360786438,-0.0132302977144718,-0.8665069937705994,-0.9345852136611938,0.169837936758995,-0.6201966404914856,0.5987863540649414,0.4251558184623718,0.3679035007953644,0.6320964097976685,0.1179508790373802,0.4873294234275818,-0.1306042820215225,-0.1452241688966751,0.511695921421051,-0.1423001885414123,-0.4405457973480224,0.3050682246685028,1.0,0.0,0.0,1.0,0.0,0.0,1.0,0.0,0.0
20260414_134505_905168,6,171,1.948102355003357,-0.1426719576120376,0.2326931661861715,13.212585240112729,0.2613593161428006,0.5596506664784613,0.9467557072639464,1.5169328410073746,0.0866614995662915,0.0,0.02,0.0,0.0,carpet,12345,2458048367,0,0,6,2,2,2,0.8150933384895325,-0.0122889541089534,-0.4702470302581787,0.3522590696811676,-0.7301217913627625,0.0177469737827777,0.2791804075241089,0.467900276184082,0.3787871599197387,0.6212127804756165,0.1612304300069809,0.384990245103836,0.0555555559694767,-0.2992202639579773,0.0194931775331497,0.1150097474455833,-0.4454191029071808,0.331384003162384,1.0,0.0,0.0,1.0,0.0,0.0,1.0,0.0,0.0
20260414_134505_905168,6,172,1.9366275072097776,-0.124688796699047,-0.029649516121148,13.182935723991578,0.0,-0.0298410229659111,-1.798316091299057,1.6240884332839158,0.0962106658415944,0.0005689907397718,0.02,0.0,0.0,carpet,12345,2458048367,0,0,6,2,2,2,-0.2354723513126373,-0.5280829071998596,0.7716051936149597,0.6727884411811829,-0.4466044008731842,-1.0,0.6827967762947083,0.4923643171787262,0.3876075446605682,0.6123924255371094,0.1640812754631042,0.4844054579734802,0.0116959065198898,-0.261208564043045,0.2524366378784179,-0.4025341272354126,0.0009746588766574,0.1481481492519378,1.0,0.0,0.0,1.0,0.0,0.0,1.0,0.0,0.0
20260414_134505_905168,6,173,1.923501968383789,-0.1596157848834991,0.3806161443361678,13.563551868327746,0.410663557634284,0.8507939373868538,3.4926988184452057,2.193505649937933,0.1004741329811619,0.0,0.02,0.0,0.0,carpet,12345,2458048367,0,0,6,2,2,2,0.8580249547958374,0.0795271918177604,0.6790231466293335,-0.7579721808433533,0.3687209486961365,-0.2106428742408752,0.0582294836640358,0.4780206680297851,0.3708537220954895,0.6291462182998657,0.20894256234169,-0.153021439909935,-0.3411306142807007,0.4395711421966553,0.3547758162021637,-0.2670565247535705,-0.4883041083812713,0.4230019450187683,1.0,0.0,0.0,1.0,0.0,0.0,1.0,0.0,0.0
20260414_134505_905168,6,174,1.9260013103485107,-0.1559205055236816,0.2237767828221685,13.787328651149917,0.2542120354075453,0.5457134690447134,-0.3695279359817505,2.541677344719872,0.104352525853768,0.0,0.02,0.0,0.0,carpet,12345,2458048367,0,0,6,2,2,2,0.0195919442921876,-0.7841091752052307,0.6168500185012817,-0.5228500366210938,-0.4330136179924011,-0.7883998155593872,0.36597540974617,0.461613655090332,0.4033930599689483,0.5966069102287292,0.0978352800011634,0.5038986206054688,0.0,0.3674463927745819,-0.4502924084663391,0.2241715341806411,-0.1695906370878219,0.0107212476432323,1.0,0.0,0.0,1.0,0.0,0.0,1.0,0.0,0.0
20260414_134505_905168,7,0,1.6102571487426758,0.2545534074306488,-0.25550488092960455,-0.25550488092960455,-0.23550488092960456,-0.5092345178127289,-2.0369380712509155,0.0,0.0,0.0,0.02,0.0,0.0,carpet,12345,2458048498,0,0,7,2,2,2,-0.6567034721374512,-0.6014568209648132,0.32124653458595276,-0.1590280830860138,-0.14554381370544434,-0.9358294010162354,0.5595812797546387,0.0,-0.0,1.0,0.0,-0.003898635506629944,-0.003898635506629944,-0.005847953259944916,-0.005847953259944916,-0.000974658876657486,-0.02631578966975212,0.000974658876657486,1.0,0.0,0.0,1.0,0.0,0.0,1.0,0.0,0.0
20260414_134505_905168,7,1,1.7119263410568237,0.3093227744102478,-0.8923897758202676,-1.1478946567498722,-0.8723897758202676,-1.7511600628495216,-5.4769366979599,0.0,0.0,0.0,0.02,0.0,0.0,carpet,12345,2458048498,0,0,7,2,2,2,-0.5752017498016357,-0.7427673935890198,1.0,-0.21882522106170654,-0.6524772047996521,0.9395236968994141,0.5636470913887024,0.0013849257957190275,-0.019696084782481194,1.0,0.07605018466711044,-0.39961013197898865,-0.32261207699775696,0.223196879029274,-0.07699804753065109,-0.02436647191643715,-0.40643274784088135,0.35867446660995483,1.0,0.0,0.0,1.0,0.0,0.0,1.0,0.0,0.0
20260414_134505_905168,7,2,1.6583647727966309,0.2575848400592804,-0.02,-1.1678946567498723,0.0,-0.019921688362956047,5.173793435096741,0.0,0.0,0.0,0.02,0.0,0.0,carpet,12345,2458048498,0,0,7,2,2,2,0.49488282203674316,1.0,-0.5458880066871643,0.5896600484848022,0.41113710403442383,-1.0,0.4447038769721985,0.12847137451171875,-0.0726550966501236,1.0,0.2063698023557663,-0.3469785451889038,-0.4502924084663391,0.5633528232574463,-0.12183235585689545,-0.40643274784088135,0.4649122953414917,0.3187134563922882,1.0,0.0,0.0,1.0,0.0,0.0,1.0,0.0,0.0
20260414_134505_905168,7,3,1.645220160484314,0.23957103490829468,0.1776430064115005,-0.9902516503383718,0.19764300641150048,0.4354038625024259,1.8013805150985718,0.0,0.0,0.0,0.02,0.0,0.0,carpet,12345,2458048498,0,0,7,2,2,2,-0.9296950697898865,-0.02861078828573227,0.8477221727371216,-0.5022231340408325,0.5242356061935425,0.38051390647888184,-0.28624454140663147,0.06151943281292915,-0.02262730896472931,1.0,0.06610888987779617,0.28265106678009033,0.34892788529396057,-0.39961013197898865,0.3128654956817627,0.23781676590442657,-0.5048732757568359,0.29337233304977417,1.0,0.0,0.0,1.0,0.0,0.0,1.0,0.0,0.0
20260414_134505_905168,7,4,1.7233250141143799,0.25128117203712463,-0.02,-1.0102516503383718,0.0,0.03379946865607053,-1.1710137128829956,0.0,0.0,0.0,0.02,0.0,0.0,carpet,12345,2458048498,0,0,7,2,2,2,0.7586894631385803,-0.7923974990844727,-0.6545233726501465,0.9465237855911255,0.17952316999435425,0.4130760133266449,0.5261403322219849,0.045088768005371094,-0.005208938382565975,1.0,-0.03259170055389404,-0.5740740895271301,-0.039961013942956924,0.4454191029071808,-0.3196881115436554,0.2982456088066101,0.15399609506130219,-0.2076023370027542,1.0,0.0,0.0,1.0,0.0,0.0,1.0,0.0,0.0
20260414_134505_905168,7,5,1.6526744365692139,0.24355502426624298,0.016411946545689338,-0.9938397037926825,0.08641194654568934,0.21850329576409422,0.7726147770881653,-1.592609642102616,0.0,0.0,0.02,0.05,0.0,carpet,12345,2458048498,0,0,7,2,2,2,0.052550990134477615,-0.18345928192138672,0.0235151220113039,0.48008957505226135,0.9563703536987305,-0.7613924741744995,-0.2651577293872833,0.1427198350429535,-0.01653200015425682,1.0,0.17383432388305664,0.47465887665748596,-0.446393758058548,-0.34892788529396057,0.4736842215061188,0.03216374292969704,0.15692007541656494,0.28167641162872314,1.0,0.0,0.0,1.0,0.0,0.0,1.0,0.0,0.0
20260414_134505_905168,7,6,1.6772843599319458,0.22584952414035797,0.21539229485651068,-0.7784474089361718,0.2853922948565107,0.6065149749701959,1.770550012588501,-0.4768601493196911,0.0,0.0,0.02,0.05,0.0,carpet,12345,2458048498,0,0,7,2,2,2,0.96103835105896,-0.23172910511493683,-0.9236868619918823,-0.3575691878795624,0.0266411155462265,-0.35336586833000183,0.00021945394109934568,0.0544065460562706,-0.009061244316399097,1.0,-0.05734964832663536,0.006822612136602402,-0.20565302670001984,-0.10623781383037567,0.22807016968727112,0.5292397737503052,-0.4181286692619324,-0.1452241688966751,1.0,0.0,0.0,1.0,0.0,0.0,1.0,0.0,0.0
20260414_134505_905168,7,7,1.687096357345581,0.23540490865707397,0.06512903503063941,-0.7133183739055324,0.08512903503063941,0.21600161830974685,-0.9555384516716003,1.4903015318395774,0.0,0.0,0.02,0.0,0.0,carpet,12345,2458048498,0,0,7,2,2,2,-0.5462908744812012,-0.3279757797718048,0.6244853138923645,-0.012305459938943386,-0.07876741141080856,-0.8670558929443359,0.6331320405006409,0.08516903221607208,0.00805901363492012,0.991940975189209,0.029706688597798347,0.5799220204353333,-0.14230018854141235,-0.4795321524143219,0.018518518656492233,0.23294347524642944,-0.20467835664749146,-0.002923976629972458,1.0,0.0,0.0,1.0,0.0,0.0,1.0,0.0,0.0
20260414_134505_905168,7,8,1.6933928728103638,0.22274349629878998,0.19976231932790262,-0.5135560545776299,0.2197623193279026,0.47853652268941005,1.2661412358283997,1.9887597428919435,0.0,0.0,0.02,0.0,0.0,carpet,12345,2458048498,0,0,7,2,2,2,-0.20556893944740295,-0.5208127498626709,0.18169815838336945,0.1485234946012497,-0.6905997395515442,-0.09416378289461136,0.48560428619384766,0.09743404388427734,-0.0011805198155343533,1.0,0.12583155930042267,-0.3479532301425934,-0.22709551453590393,0.34405457973480225,-0.001949317753314972,0.020467836409807205,-0.4590643346309662,0.401559442281723,1.0,0.0,0.0,1.0,0.0,0.0,1.0,0.0,0.0
20260414_134505_905168,7,9,1.6533501148223877,0.22866779565811157,0.06245892719693215,-0.45109712738069774,0.08245892719693215,0.21079490803401768,-0.5924299359321594,1.7641507884235352,0.0,0.0,0.02,0.0,0.0,carpet,12345,2458048498,0,0,7,2,2,2,0.31115567684173584,0.9342105388641357,0.7945148348808289,-0.0036795304622501135,-0.6088443398475647,0.5123453140258789,-0.625959575176239,0.10530471801757812,0.011062387377023697,0.9889376759529114,0.12679247558116913,-0.14717349410057068,-0.3138401508331299,0.17738790810108185,0.1520467847585678,-0.3547758162021637,-0.03801169618964195,0.2846003770828247,1.0,0.0,0.0,1.0,0.0,0.0,1.0,0.0,0.0
20260414_134505_905168,7,10,1.6909563541412354,0.221459299325943,0.12785055863062963,-0.3232465687500681,0.14785055863062962,0.33830858932972774,0.7208496332168579,2.0686599090971924,0.0,0.0,0.02,0.0,0.0,carpet,12345,2458048498,0,0,7,2,2,2,0.208872452378273,-0.5575711131095886,0.6592357754707336,0.3848510682582855,-0.4367719292640686,0.45744937658309937,0.2173837274312973,0.055251121520996094,0.0053339083679020405,0.9946660399436951,-0.05565172806382179,0.15009745955467224,0.044834308326244354,0.3869395852088928,-0.020467836409807205,-0.35769981145858765,0.32846003770828247,-0.37719297409057617,1.0,0.0,0.0,1.0,0.0,0.0,1.0,0.0,0.0
20260414_134505_905168,7,11,1.6779797077178955,0.22348566353321075,0.05849863426441482,-0.26474793448565326,0.07849863426441482,0.20307233681560888,-0.20263642072677612,2.053228950148707,0.0,0.0,0.02,0.0,0.0,carpet,12345,2458048498,0,0,7,2,2,2,0.7668972611427307,-0.782956600189209,0.43707075715065,0.2890435755252838,0.18172059953212738,-0.9048618078231812,0.4303642213344574,0.102259062230587,0.012304137460887432,0.9876958727836609,0.08864125609397888,0.1452241688966751,-0.3118908405303955,0.4083820581436157,0.17933723330497742,-0.30799219012260437,0.24756334722042084,0.11695906519889832,1.0,0.0,0.0,1.0,0.0,0.0,1.0,0.0,0.0
20260414_134505_905168,7,12,1.6814028024673462,0.2245948761701584,0.01824304445538182,-0.24650489003027143,0.03824304445538182,0.12457393668799455,-0.11092126369476318,1.5712879118665057,0.0,0.0,0.02,0.0,0.0,carpet,12345,2458048498,0,0,7,2,2,2,-0.5034781098365784,-0.34779414534568787,0.7094511985778809,0.37556564807891846,0.05516831949353218,-0.7345660328865051,0.5980669260025024,0.08603820949792862,0.010344750247895718,0.9896552562713623,0.06472162157297134,0.4649122953414917,-0.4356725215911865,0.2904483377933502,0.15009745955467224,0.10818713158369064,-0.47465887665748596,0.27485379576683044,1.0,0.0,0.0,1.0,0.0,0.0,1.0,0.0,0.0
20260414_134505_905168,7,13,1.6967793703079224,0.2049562782049179,0.25404892392155337,0.007544033891281943,0.2740489239215534,0.5843954016470292,1.9638597965240479,1.939681695203788,0.0,0.0,0.02,0.0,0.0,carpet,12345,2458048498,0,0,7,2,2,2,-0.054726485162973404,-0.2183079719543457,0.535203218460083,-0.2998991906642914,-0.06774544715881348,0.5136038064956665,-0.016208680346608162,0.09031696617603302,0.0092721963301301,0.9907277822494507,0.0808778703212738,-0.3040935695171356,-0.20370370149612427,0.39961013197898865,0.1734892725944519,0.02923976629972458,-0.4454191029071808,0.35185185074806213,1.0,0.0,0.0,1.0,0.0,0.0,1.0,0.0,0.0
20260414_134505_905168,7,14,1.6897284984588623,0.20507100224494934,0.17765561550486283,0.18519964939614478,0.19765561550486282,0.4354284502344825,-0.01147240400314331,1.8965736227488605,0.0,0.0,0.02,0.0,0.0,carpet,12345,2458048498,0,0,7,2,2,2,0.30569830536842346,-0.07197047024965286,-0.9387967586517334,0.746974766254425,0.07555898278951645,0.10208485275506973,-0.1499384492635727,0.10953769832849503,0.028261655941605568,0.971738338470459,0.037077397108078,-0.05263157933950424,-0.14132553339004517,0.3674463927745819,-0.15692007541656494,-0.0623781681060791,0.21345029771327972,-0.04093567281961441,1.0,0.0,0.0,1.0,0.0,0.0,1.0,0.0,0.0
20260414_134505_905168,7,15,1.758988857269287,0.23120518028736115,-0.161940058145865,0.023259591250279765,-0.14194005814586502,-0.3267831133844368,-2.6134178042411804,1.358995601330406,0.0,0.0,0.02,0.0,0.0,carpet,12345,2458048498,0,0,7,2,2,2,-0.9043992757797241,-0.13899406790733337,-0.19224682450294495,-0.944404125213623,0.5859168767929077,0.12760864198207855,0.5891629457473755,0.1007242202758789,0.02815072052180767,0.9718493223190308,0.006246634759008884,0.1881091594696045,-0.002923976629972458,-0.3810916244983673,0.44054579734802246,-0.01461988314986229,0.03606237843632698,-0.09649122506380081,1.0,0.0,0.0,1.0,0.0,0.0,1.0,0.0,0.0
20260414_134505_905168,7,16,1.75873601436615,0.2305237352848053,-0.11130831280740437,-0.0880487215571246,-0.09130831280740437,-0.2280512099744385,0.06814450025558472,0.7926358020262398,0.0,0.0,0.02,0.0,0.0,carpet,12345,2458048498,0,0,7,2,2,2,-0.6337911486625671,-0.5736385583877563,-0.49534177780151367,-0.950955867767334,0.7241657376289368,0.37817928194999695,0.39769309759140015,0.18729953467845917,0.0028803953900933266,0.9971195459365845,0.1964949518442154,-0.5311890840530396,-0.03313840180635452,-0.046783626079559326,-0.37134504318237305,0.36354777216911316,0.017543859779834747,0.3255360722541809,1.0,0.0,0.0,1.0,0.0,0.0,1.0,0.0,0.0
20260414_134505_905168,7,17,1.7610989809036255,0.24310891330242157,-0.2830298535896385,-0.3710785751467631,-0.22341941431857876,-0.4856678579212286,-1.2585178017616272,0.10389560728940239,0.0,0.0,0.02,0.03961043927105976,0.0,carpet,12345,2458048498,0,0,7,2,2,2,-0.5476290583610535,-1.0,-0.8501702547073364,-0.8659379482269287,0.09222050756216049,0.7956080436706543,0.27271774411201477,0.18698349595069885,0.0035393096040934324,0.9964607357978821,0.17804613709449768,-0.37914231419563293,-0.11695906519889832,-0.04580896720290184,-0.44054579734802246,0.44054579734802246,0.12768031656742096,0.2163742631673813,1.0,0.0,0.0,1.0,0.0,0.0,1.0,0.0,0.0
20260414_134505_905168,7,18,1.7460570335388184,0.2510223686695099,-0.3341431986271806,-0.7052217737739437,-0.26260886031698394,-0.5620872776181187,-0.7913455367088318,-0.5827656070167109,0.0,0.030686766203933645,0.02,0.05,0.0,carpet,12345,2458048498,0,0,7,2,2,2,0.04775102809071541,-0.19273319840431213,0.6235218644142151,-0.8856610655784607,0.3801334798336029,-1.0,0.8976494073867798,0.18993720412254333,-0.008629880845546722,1.0,0.19831091165542603,-0.33040934801101685,-0.11890838295221329,-0.04385964944958687,-0.4376218318939209,0.1384015530347824,0.4181286692619324,0.14230018854141235,1.0,0.0,0.0,1.0,0.0,0.0,1.0,0.0,0.0
20260414_134505_905168,7,19,1.5941052436828613,0.1858474463224411,0.5278121465969182,-0.17740962717702546,0.5937474874169809,1.2078076004631129,6.517492234706879,0.0406465917993728,0.0,0.0,0.02,0.045935340820062724,0.0,carpet,12345,2458048498,0,0,7,2,2,2,-0.586793839931488,-0.7758705019950867,-0.20083898305892944,-0.5299068689346313,-0.8571217060089111,-0.6592694520950317,-0.42190495133399963,0.17113475501537323,-0.016281764954328537,1.0,0.27363190054893494,-0.005847953259944916,-0.18226121366024017,0.30896687507629395,-0.5097466111183167,0.27485379576683044,-0.20272904634475708,0.5643274784088135,1.0,0.0,0.0,1.0,0.0,0.0,1.0,0.0,0.0
20260414_134505_905168,7,20,1.776168942451477,0.23497489094734192,-0.20978413201428334,-0.38719375919130883,-0.13965662321803854,-0.32233041527517514,-4.912744462490082,-0.7171122737102849,0.0,0.002550175924896563,0.02,0.05,0.0,carpet,12345,2458048498,0,0,7,2,2,2,-0.7886269092559814,-0.057685740292072296,0.812105655670166,0.5740469694137573,0.8480755686759949,0.4661519229412079,0.9128751158714294,-0.01880493201315403,0.04673885926604271,0.953261137008667,-0.09277907013893127,-0.3070175349712372,-0.3050682246685028,0.09454190731048584,-0.26608186960220337,0.16471734642982483,-0.20565302670001984,-0.2222222238779068,1.0,0.0,0.0,1.0,0.0,0.0,1.0,0.0,0.0
20260414_134505_905168,7,21,1.764625072479248,0.22518914937973022,-0.07054832865687444,-0.45774208784818327,0.0,0.002895727733900344,0.9785741567611694,-0.38743343259194774,0.0,0.010966573137488618,0.02,0.05,0.0,carpet,12345,2458048498,0,0,7,2,2,2,0.2225719839334488,0.5232381820678711,0.17672882974147797,-0.21714602410793304,-0.8338940143585205,0.9294381737709045,0.18162330985069275,0.20877476036548615,-0.0007647217717021704,1.0,0.261968195438385,-0.47465887665748596,-0.10721247643232346,0.23489278554916382,0.022417154163122177,0.24463938176631927,0.02923976629972458,0.5321637392044067,1.0,0.0,0.0,1.0,0.0,0.0,1.0,0.0,0.0
20260414_134505_905168,7,22,1.7423510551452637,0.18546222150325775,0.4647923039549988,0.0070502161068155544,0.48479230395499884,0.9953449927122477,3.9726927876472473,0.8359627700947385,0.0,0.0,0.02,0.0,0.0,carpet,12345,2458048498,0,0,7,2,2,2,0.4929700195789337,-0.6310291290283203,-0.6904635429382324,0.5313274264335632,0.6821574568748474,0.20839761197566986,-0.025689512491226196,0.1943449079990387,0.008697566576302052,0.9913024306297302,0.1700746864080429,0.10331384092569351,0.223196879029274,0.0623781681060791,-0.1257309913635254,-0.4230019450187683,0.5497075915336609,0.09844054281711578,1.0,0.0,0.0,1.0,0.0,0.0,1.0,0.0,0.0
20260414_134505_905168,7,23,1.7678781747817993,0.20404335856437683,0.09857167476968941,0.10562189087650496,0.11896426564420784,0.28198031800620527,-1.858113706111908,1.6036109460221724,0.0,0.007851817490368576,0.02,0.0,0.0,carpet,12345,2458048498,0,0,7,2,2,2,-0.5810449719429016,0.4039667248725891,-0.9834081530570984,-0.8716646432876587,-0.669947624206543,-0.08742480725049973,0.5800374150276184,0.16650238633155823,0.047111354768276215,0.9528886079788208,0.06460665166378021,0.3206627666950226,-0.27485379576683044,-0.3479532301425934,0.2855750620365143,0.24171540141105652,0.08771929889917374,-0.03216374292969704,1.0,0.0,0.0,1.0,0.0,0.0,1.0,0.0,0.0
20260414_134505_905168,7,24,1.700441598892212,0.20226611196994781,0.08559815557198759,0.19122004644849255,0.1055981555719876,0.2559164033653758,0.1777246594429016,2.421614627005667,0.0,0.0,0.02,0.0,0.0,carpet,12345,2458048498,0,0,7,2,2,2,0.6728895306587219,-0.5560095906257629,0.4825373589992523,0.31155475974082947,0.7323511242866516,0.0971008911728859,-0.8405866622924805,0.19841118156909943,0.0291444119066,0.9708555936813354,0.20039798319339752,-0.3391812741756439,0.2855750620365143,-0.5409356951713562,0.017543859779834747,-0.0555555559694767,-0.03703703731298447,0.3538011610507965,1.0,0.0,0.0,1.0,0.0,0.0,1.0,0.0,0.0
20260414_134505_905168,7,25,1.7556452751159668,0.18783698976039886,0.23777710654500653,0.42899715299349905,0.2577771065450065,0.5526653577627627,1.442912220954895,1.7664723843053167,0.0,0.0,0.02,0.0,0.0,carpet,12345,2458048498,0,0,7,2,2,2,-0.18559201061725616,0.0751146450638771,-0.7531947493553162,0.8393290042877197,0.7102086544036865,0.19656988978385925,-0.06914059072732925,0.11411552131175995,0.030862897634506226,0.9691370725631714,-0.09549844264984131,0.39376217126846313,-0.401559442281723,0.11013644933700562,0.10818713158369064,0.35185185074806213,0.06432748585939407,-0.5097466111183167,1.0,0.0,0.0,1.0,0.0,0.0,1.0,0.0,0.0
20260414_134505_905168,7,26,1.7958180904388428,0.21984943747520447,-0.1922113715631173,0.23678578143038176,-0.1722113715631173,-0.3858121745480787,-3.2012447714805603,1.7029906250324132,0.0,0.0,0.02,0.0,0.0,carpet,12345,2458048498,0,0,7,2,2,2,0.8861925005912781,-0.8422625064849854,0.7086778283119202,-0.2321540266275406,1.0,-0.3105737864971161,0.7280344367027283,0.18312016129493713,0.04481508582830429,0.9551849365234375,0.04807644709944725,-0.11598440259695053,0.07017543911933899,-0.4590643346309662,0.3187134563922882,0.3401559591293335,0.05360623821616173,-0.08187134563922882,1.0,0.0,0.0,1.0,0.0,0.0,1.0,0.0,0.0
20260414_134505_905168,7,27,1.7599620819091797,0.1933882236480713,0.14521600757297015,0.3820017890033519,0.16521600757297014,0.37217121476729176,2.646121382713318,2.0722661120658046,0.0,0.0,0.02,0.0,0.0,carpet,12345,2458048498,0,0,7,2,2,2,-0.18475931882858276,-1.0,-0.9379298090934753,0.5948390364646912,-0.18207374215126038,0.4120114743709564,-0.5512413382530212,0.23333606123924255,0.013860784471035004,0.986139178276062,0.21187004446983337,0.5302144289016724,-0.5623781681060791,0.3547758162021637,-0.1803118884563446,0.5740740895271301,-0.21832358837127686,0.4327485263347626,1.0,0.0,0.0,1.0,0.0,0.0,1.0,0.0,0.0
20260414_134505_905168,7,28,1.7962877750396729,0.20613572001457214,-0.020006790118939917,0.361994998884412,0.0,-0.03955899808707386,-1.2747496366500854,1.037362121266483,6.79011893991757e-05,0.0,0.02,0.0,0.0,carpet,12345,2458048498,0,0,7,2,2,2,0.6100417971611023,0.23423439264297485,0.3879156708717346,0.4485791325569153,0.021918103098869324,-0.5122070908546448,0.811416506767273,0.18851622939109802,0.0394473522901535,0.9605526328086853,0.022738903760910034,-0.0906432718038559,-0.5370370149612427,-0.15009745955467224,0.36549708247184753,-0.11403508484363556,0.27485379576683044,-0.3333333432674408,1.0,0.0,0.0,1.0,0.0,0.0,1.0,0.0,0.0
20260414_134505_905168,7,29,1.7641286849975586,0.17479082942008972,0.34099499336083505,0.702989992245247,0.36100154681885244,0.7539530162967623,3.134489059448242,1.50933481955704,6.55345801737609e-05,0.0,0.02,0.0,0.0,carpet,12345,2458048498,0,0,7,2,2,2,1.0,0.5341830253601074,-0.0272793248295784,-0.14089037477970123,-0.14209654927253723,-0.6000450849533081,0.25596731901168823,0.23392334580421448,0.02712121233344078,0.9728788137435913,0.21930012106895447,0.33138400316238403,-0.36354777216911316,-0.039961013942956924,0.26608186960220337,0.04288499057292938,-0.29532164335250854,0.4873294234275818,1.0,0.0,0.0,1.0,0.0,0.0,1.0,0.0,0.0
20260414_134505_905168,7,30,1.5701621770858765,0.2091742604970932,-0.145190263950006,0.557799728295241,-0.12519026395000601,-0.29412101470251173,-3.438343107700348,0.9592974014891524,0.0,0.0,0.02,0.0,0.0,carpet,12345,2458048498,0,0,7,2,2,2,0.15141282975673676,-0.7927992939949036,0.7761214375495911,-0.3028455972671509,-0.4626924991607666,-0.7493728995323181,-0.7951541543006897,0.19372443854808807,0.057430025190114975,0.9425699710845947,0.12568239867687225,0.5935672521591187,-0.32163742184638977,-0.0555555559694767,0.05847953259944916,0.03898635506629944,-0.28849902749061584,0.2007797211408615,1.0,0.0,0.0,1.0,0.0,0.0,1.0,0.0,0.0
20260414_134505_905168,7,31,1.6391353607177734,0.16170752048492432,0.44978345603966063,1.0075831843349017,0.46978345603966065,0.9660777392773383,4.746674001216888,1.372709783003728,0.0,0.0,0.02,0.0,0.0,carpet,12345,2458048498,0,0,7,2,2,2,-0.1295429766178131,-0.8141860365867615,-0.7017396092414856,-0.683864176273346,-1.0,-0.4188065528869629,0.6004400253295898,-0.04873371124267578,0.024183107540011406,0.9758169054985046,-0.23144926130771637,0.0760233923792839,-0.5097466111183167,0.4590643346309662,-0.10721247643232346,0.018518518656492233,-0.3265107274055481,-0.46783626079559326,1.0,0.0,0.0,1.0,0.0,0.0,1.0,0.0,0.0
20260414_134505_905168,7,32,1.5951231718063354,0.16191095113754272,0.3233192503295004,1.330902434664402,0.3433192503295004,0.7194725381425258,-0.02034306526184082,2.4779944956943325,0.0,0.0,0.02,0.0,0.0,carpet,12345,2458048498,0,0,7,2,2,2,1.0,-0.2347419410943985,0.9054703712463379,0.7283951640129089,-0.07128177583217621,-0.7946177124977112,0.12909603118896484,0.03748283535242081,0.07008087635040283,0.9299191236495972,0.09148195385932922,-0.06335282325744629,-0.4795321524143219,0.3128654956817627,-0.11403508484363556,-0.2144249528646469,-0.24756334722042084,0.3684210479259491,1.0,0.0,0.0,1.0,0.0,0.0,1.0,0.0,0.0
20260414_134505_905168,7,33,1.5880440473556519,0.15690015256404877,0.29532018868936644,1.6262226233537684,0.31532018868936645,0.6648743679442646,0.5010798573493958,2.7706976488713053,0.0,0.0,0.02,0.0,0.0,carpet,12345,2458048498,0,0,7,2,2,2,0.9927432537078857,-0.8955089449882507,0.07865215837955475,-0.8386165499687195,0.07491884380578995,-0.06948409229516983,-0.29074546694755554,-0.01753253862261772,0.06988415867090225,0.930115818977356,-0.03987140208482742,0.5799220204353333,-0.34405457973480225,0.3479532301425934,0.23196880519390106,-0.06725145876407623,-0.3957115113735199,0.09356725215911865,1.0,0.0,0.0,1.0,0.0,0.0,1.0,0.0,0.0
20260414_134505_905168,7,34,1.8050404787063599,0.22472555935382843,-0.6081945609160551,1.0180280624377134,-0.588194560916055,-1.1969793937863074,-6.782540678977966,1.6132772531720718,0.0,0.0,0.02,0.0,0.0,carpet,12345,2458048498,0,0,7,2,2,2,0.7440058588981628,-0.9139929413795471,-0.8621511459350586,0.9393215775489807,0.8883792161941528,0.0024180414620786905,1.0,-0.026381492614746094,0.07472933828830719,0.925270676612854,-0.11553218215703964,0.6111111044883728,-0.4795321524143219,0.18908381462097168,-0.26608186960220337,0.07212475687265396,-0.08089668303728104,-0.20370370149612427,1.0,0.0,0.0,1.0,0.0,0.0,1.0,0.0,0.0
20260414_134505_905168,7,35,1.6707919836044312,0.170713409781456,0.18644574049722804,1.2044738029349413,0.20644574049722803,0.4525691939695946,5.401214957237244,1.3118934308449042,0.0,0.0,0.02,0.0,0.0,carpet,12345,2458048498,0,0,7,2,2,2,0.5835806727409363,-0.7976993322372437,0.061560019850730896,-0.9349725842475891,0.34616753458976746,-0.4045279920101166,-0.6542853713035583,0.2448640763759613,0.009145842865109444,0.9908542037010193,0.29102569818496704,0.4785574972629547,-0.4795321524143219,-0.2631579041481018,0.33040934801101685,0.235867440700531,-0.08771929889917374,0.5964912176132202,1.0,0.0,0.0,1.0,0.0,0.0,1.0,0.0,0.0
20260414_134505_905168,7,36,1.7366533279418945,0.15102049708366394,0.38089728867794365,1.585371091612885,0.40089728867794366,0.8317497129219902,1.9692912697792053,2.437764158469406,0.0,0.0,0.02,0.0,0.0,carpet,12345,2458048498,0,0,7,2,2,2,-0.6525560021400452,-0.9389954805374146,0.6396923065185547,0.31857189536094666,0.3658190369606018,0.2680899500846863,0.005538457538932562,0.07705345004796982,0.06137266382575035,0.9386273622512817,-0.09692580252885818,0.36354777216911316,-0.528265118598938,0.05263157933950424,-0.17056530714035034,0.30604287981987,-0.19980506598949432,-0.37719297409057617,1.0,0.0,0.0,1.0,0.0,0.0,1.0,0.0,0.0
20260414_134505_905168,7,37,1.7397078275680542,0.154080331325531,0.23503406597170237,1.8204051575845872,0.25503406597170236,0.5473164286448196,-0.30598342418670654,2.0190028478368873,0.0,0.0,0.02,0.0,0.0,carpet,12345,2458048498,0,0,7,2,2,2,-0.1930297166109085,-0.27534058690071106,-0.4921870231628418,-0.4045606255531311,0.6207216382026672,-0.2911618649959564,0.23913419246673584,0.15938015282154083,0.08041463792324066,0.9195853471755981,0.0653718113899231,-0.39278751611709595,-0.5662767887115479,0.3323586881160736,0.13645224273204803,0.16959063708782196,0.11598440259695053,-0.012670565396547318,1.0,0.0,0.0,1.0,0.0,0.0,1.0,0.0,0.0
20260414_134505_905168,7,38,1.712185025215149,0.15575426816940308,0.1434045643009297,1.9638097218855168,0.1634045643009297,0.3686389003868129,-0.16739368438720703,1.6681692100811745,0.0,0.0,0.02,0.0,0.0,carpet,12345,2458048498,0,0,7,2,2,2,0.1762862503528595,-0.3106175661087036,-0.8563165068626404,0.8032438158988953,0.8116073608398438,-0.2818925380706787,-0.2807113528251648,0.16319827735424042,0.07745594531297684,0.9225440621376038,0.09640645980834961,-0.14424951374530792,-0.153021439909935,-0.2836257219314575,-0.20272904634475708,0.4230019450187683,-0.18226121366024017,0.13742689788341522,1.0,0.0,0.0,1.0,0.0,0.0,1.0,0.0,0.0
20260414_134505_905168,7,39,1.7394444942474365,0.14929355680942535,0.17897279963565899,2.142782521521176,0.19897279963565898,0.43799695928953497,0.6460711359977722,1.4412918014264449,0.0,0.0,0.02,0.0,0.0,carpet,12345,2458048498,0,0,7,2,2,2,-0.4327089786529541,-0.24794983863830566,0.7950183749198914,-0.12457900494337082,-0.928734302520752,-0.6387358903884888,0.4394407570362091,0.128794863820076,0.07583733648061752,0.9241626262664795,-0.003588194726034999,0.10721247643232346,-0.1734892725944519,-0.5107212662696838,0.33528265357017517,0.42690059542655945,-0.16764132678508759,-0.16179336607456207,1.0,0.0,0.0,1.0,0.0,0.0,1.0,0.0,0.0
20260414_134505_905168,7,40,1.7274149656295776,0.1345948874950409,0.31126382170603945,2.4540463432272155,0.33126382170603946,0.695964452326777,1.469866931438446,3.334235647539529,0.0,0.0,0.02,0.0,0.0,carpet,12345,2458048498,0,0,7,2,2,2,0.06217816844582558,0.10971622914075851,-0.4020252525806427,-0.5379692316055298,0.4845115542411804,-0.2532864511013031,0.020540747791528702,0.16286906599998474,0.08208449929952621,0.9179154634475708,0.13362076878547668,-0.29337233304977417,-0.22612085938453674,-0.008771929889917374,0.007797271013259888,0.1666666716337204,-0.3528265058994293,0.2836257219314575,1.0,0.0,0.0,1.0,0.0,0.0,1.0,0.0,0.0
20260414_134505_905168,7,41,1.7463867664337158,0.14420732855796814,0.09880118598559601,2.5528475292128117,0.11880118598559601,0.2816623126719122,-0.9612441062927246,3.163328766241847,0.0,0.0,0.02,0.0,0.0,carpet,12345,2458048498,0,0,7,2,2,2,-0.5165707468986511,0.40145570039749146,0.8960971236228943,0.9521926045417786,0.29233309626579285,-0.49064087867736816,0.7182626724243164,0.14783230423927307,0.09629731625318527,0.9037026762962341,0.0586545504629612,0.017543859779834747,0.02144249528646469,-0.2777777910232544,-0.26900583505630493,0.3479532301425934,-0.14424951374530792,0.008771929889917374,1.0,0.0,0.0,1.0,0.0,0.0,1.0,0.0,0.0
20260414_134505_905168,7,42,1.7186651229858398,0.13414093852043152,0.1917469156114523,2.744594444824264,0.21174691561145229,0.4629064854423319,1.006639003753662,2.7944855387621885,0.0,0.0,0.02,0.0,0.0,carpet,12345,2458048498,0,0,7,2,2,2,-0.755206286907196,-0.9721836447715759,-0.6137303113937378,0.25261572003364563,-0.3143560588359833,-1.0,0.3542776107788086,0.17154693603515625,0.08700261265039444,0.9129973649978638,0.15834704041481018,-0.3401559591293335,0.11695906519889832,-0.21734893321990967,0.3001949191093445,0.13352826237678528,-0.3040935695171356,0.4385964870452881,1.0,0.0,0.0,1.0,0.0,0.0,1.0,0.0,0.0
20260414_134505_905168,7,43,1.7051326036453247,0.1335267573595047,0.14027404774611435,2.8848684925703783,0.16027404774611434,0.36253439310492297,0.061418116092681885,2.609703503222292,0.0,0.0,0.02,0.0,0.0,carpet,12345,2458048498,0,0,7,2,2,2,-0.13658374547958374,-0.43201780319213867,0.21606123447418213,0.6379334330558777,0.8368663191795349,-0.7022795677185059,0.20347994565963745,0.13689498603343964,0.09673625975847244,0.9032637476921082,0.08662907034158707,-0.4171539843082428,-0.1812865436077118,-0.24463938176631927,0.20955166220664978,-0.10721247643232346,-0.3810916244983673,0.2621832489967346,1.0,0.0,0.0,1.0,0.0,0.0,1.0,0.0,0.0
20260414_134505_905168,7,44,1.69985032081604,0.12663786113262177,0.18211446179526625,3.0669829543656446,0.20211446179526624,0.44412320050076914,0.6888896226882935,2.685187803336248,0.0,0.0,0.02,0.0,0.0,carpet,12345,2458048498,0,0,7,2,2,2,0.5037102103233337,-0.8994635939598083,0.3049466907978058,-0.7198635339736938,-0.04050039127469063,-0.5873451232910156,0.030757982283830643,0.11997928470373154,0.09733014553785324,0.9026698470115662,0.02463620714843273,-0.09941520541906357,-0.3138401508331299,0.05360623821616173,0.28947368264198303,0.27485379576683044,-0.4171539843082428,0.12865497171878815,1.0,0.0,0.0,1.0,0.0,0.0,1.0,0.0,0.0
20260414_134505_905168,7,45,1.6052684783935547,0.17235498130321503,-0.4096592840457716,2.657323670319873,-0.3896592840457716,-0.8098356038892547,-4.571712017059326,1.4373552401574585,0.0,0.0,0.02,0.0,0.0,carpet,12345,2458048498,0,0,7,2,2,2,-0.852557897567749,-0.501228392124176,0.13848212361335754,0.3252091109752655,0.32224422693252563,-0.8218660950660706,-0.683586597442627,0.1133764237165451,0.10399133712053299,0.8960086703300476,-0.0019215592183172703,0.30116960406303406,-0.5769980549812317,0.2085769921541214,-0.13645224273204803,0.09454190731048584,-0.33820661902427673,0.02631578966975212,1.0,0.0,0.0,1.0,0.0,0.0,1.0,0.0,0.0
20260414_134505_905168,7,46,1.7013862133026123,0.1437656283378601,0.00941390831637719,2.66673757863625,0.02941390831637719,0.10735712121693552,2.858935296535492,0.8487479090476171,0.0,0.0,0.02,0.0,0.0,carpet,12345,2458048498,0,0,7,2,2,2,0.1380605548620224,-0.644661545753479,0.6540044546127319,0.6120285987854004,-0.5528820753097534,0.24458789825439453,0.682983934879303,-0.0048507689498364925,0.05978534743189812,0.9402146339416504,-0.2122703343629837,-0.5146198868751526,-0.28654971718788147,0.06725145876407623,0.17543859779834747,0.1949317753314972,-0.42007797956466675,-0.4035087823867798,1.0,0.0,0.0,1.0,0.0,0.0,1.0,0.0,0.0
20260414_134505_905168,7,47,1.6452594995498657,0.11804547905921936,0.3253956783993455,2.9921332570355954,0.34539567839934554,0.7235215728787239,2.5720149278640747,1.2906071692544288,0.0,0.0,0.02,0.0,0.0,carpet,12345,2458048498,0,0,7,2,2,2,-0.39488622546195984,-0.7930245995521545,-0.305954247713089,0.2963941991329193,0.7334284782409668,-0.4461936950683594,0.03497520089149475,0.1152963638305664,0.0874297022819519,0.9125702977180481,0.1457900106906891,0.04288499057292938,-0.4785574972629547,0.28654971718788147,0.35087719559669495,-0.3752436637878418,0.08966861665248871,0.401559442281723,1.0,0.0,0.0,1.0,0.0,0.0,1.0,0.0,0.0
20260414_134505_905168,7,48,1.715476393699646,0.14072048664093018,-0.02,2.9721332570355954,0.0,-0.024234009883741692,-2.2675007581710815,0.8034666739283551,0.0,0.0,0.02,0.0,0.0,carpet,12345,2458048498,0,0,7,2,2,2,0.15784037113189697,0.31518396735191345,-0.6504020094871521,-0.1283780038356781,-0.6460232138633728,-0.001739306258969009,0.8979343771934509,0.045137979090213776,0.11229969561100006,0.8877003192901611,-0.04372642561793327,-0.2290448397397995,-0.4317738711833954,-0.022417154163122177,0.14717349410057068,0.32163742184638977,-0.3001949191093445,0.008771929889917374,1.0,0.0,0.0,1.0,0.0,0.0,1.0,0.0,0.0
20260414_134505_905168,7,49,1.7245925664901733,0.1288270652294159,0.09751796301285386,3.069651220048449,0.11751796301285386,0.279160027875065,1.1893421411514282,0.7200923086984972,0.0,0.0,0.02,0.0,0.0,carpet,12345,2458048498,0,0,7,2,2,2,-0.6290860772132874,-0.6485950946807861,0.1920972317457199,0.9219269156455994,0.5159823894500732,0.5468441247940063,0.6435530185699463,0.13290901482105255,0.09037420153617859,0.9096258282661438,0.20383265614509583,0.07309941202402115,0.17056530714035034,-0.3888888955116272,0.001949317753314972,-0.3050682246685028,0.01461988314986229,0.528265118598938,1.0,0.0,0.0,1.0,0.0,0.0,1.0,0.0,0.0
20260414_134505_905168,7,50,1.690972924232483,0.12991176545619965,0.04364396502892865,3.113295185077378,0.06782180268548607,0.18225251523669783,-0.10847002267837524,0.45822162343442585,0.0,0.0,0.02,0.004177837656557415,0.0,carpet,12345,2458048498,0,0,7,2,2,2,-0.05868609994649887,-0.5467898845672607,0.4521006643772125,0.7839415073394775,1.0,-0.9894943237304688,0.6895480751991272,0.1443042755126953,0.10187448561191559,0.8981255292892456,0.17218148708343506,-0.3674463927745819,-0.3606237769126892,0.11500974744558334,0.2085769921541214,-0.11988303810358047,0.1949317753314972,0.3684210479259491,1.0,0.0,0.0,1.0,0.0,0.0,1.0,0.0,0.0
20260414_134505_905168,7,51,1.6820628643035889,0.10502877831459045,0.3434687512655126,3.4567639363428904,0.3634687512655126,0.7587640649677496,2.488298714160919,2.02682129229143,0.0,0.0,0.02,0.0,0.0,carpet,12345,2458048498,0,0,7,2,2,2,0.03510360047221184,0.05202103778719902,1.0,-0.8693456649780273,-0.07245925068855286,0.3555510938167572,0.04778287932276726,0.1022796630859375,0.10082564502954483,0.8991743922233582,0.09544531255960464,-0.07115009427070618,-0.3830409348011017,0.18615984916687012,0.20662768185138702,0.2222222238779068,-0.5272904634475708,0.42787525057792664,1.0,0.0,0.0,1.0,0.0,0.0,1.0,0.0,0.0
20260414_134505_905168,7,52,1.6551507711410522,0.10505573451519012,0.24584571472349767,3.702609651066388,0.26584571472349766,0.5683991437108205,-0.002695620059967041,2.487863314785315,0.0,0.0,0.02,0.0,0.0,carpet,12345,2458048498,0,0,7,2,2,2,0.7641303539276123,0.8790946006774902,0.343110591173172,0.5071871876716614,0.47497180104255676,0.23974882066249847,-0.5391302704811096,0.09114208072423935,0.12488614022731781,0.875113844871521,0.018511781468987465,-0.04385964944958687,-0.15789473056793213,0.49610137939453125,-0.5272904634475708,-0.020467836409807205,0.17543859779834747,0.002923976629972458,1.0,0.0,0.0,1.0,0.0,0.0,1.0,0.0,0.0
20260414_134505_905168,7,53,1.658470869064331,0.08959886431694031,0.37113903217403477,4.073748683240423,0.3911390321740348,0.8127211127393679,1.5456870198249817,2.577062854645959,0.0,0.0,0.02,0.0,0.0,carpet,12345,2458048498,0,0,7,2,2,2,0.5224812030792236,-0.9515956044197083,-0.7081230878829956,-0.368238627910614,-0.5870611667633057,-0.6424636840820312,-0.011575499549508095,0.057501982897520065,0.12486008554697037,0.8751398921012878,-0.0946853831410408,0.4288499057292938,0.03801169618964195,0.1042884960770607,-0.2631579041481018,0.21929824352264404,0.13450291752815247,-0.3333333432674408,1.0,0.0,0.0,1.0,0.0,0.0,1.0,0.0,0.0
20260414_134505_905168,7,54,1.6033849716186523,0.10626313090324402,0.05329957430611773,4.12704825754654,0.07329957430611773,0.19293416989692957,-1.666426658630371,2.7942310344266303,0.0,0.0,0.02,0.0,0.0,carpet,12345,2458048498,0,0,7,2,2,2,0.5948103070259094,-0.6808369755744934,-0.6071246862411499,-0.8694282174110413,-0.32503512501716614,-0.43837201595306396,-0.45608747005462646,0.061652183532714844,0.13980603218078613,0.8601939678192139,-0.01956804096698761,0.3693957030773163,-0.0906432718038559,-0.18518517911434174,-0.1520467847585678,-0.15594542026519775,-0.17933723330497742,0.01461988314986229,1.0,0.0,0.0,1.0,0.0,0.0,1.0,0.0,0.0
20260414_134505_905168,7,55,1.6160974502563477,0.10513187944889069,0.04306764809309073,4.170115905639631,0.06306764809309073,0.17298191378152694,0.11312514543533325,2.6880529203330923,0.0,0.0,0.02,0.0,0.0,carpet,12345,2458048498,0,0,7,2,2,2,-0.3169792592525482,-0.43463295698165894,0.7157241106033325,0.5039768815040588,0.6077868342399597,-0.7185708284378052,0.1662592887878418,-0.007205200381577015,0.1236925944685936,0.8763074278831482,-0.13953876495361328,0.37134504318237305,-0.0906432718038559,-0.18421052396297455,-0.1666666716337204,-0.12768031656742096,-0.17933723330497742,-0.24463938176631927,1.0,0.0,0.0,1.0,0.0,0.0,1.0,0.0,0.0
20260414_134505_905168,7,56,1.6394271850585938,0.09780599176883698,0.11481211658333264,4.284928022222964,0.13481211658333264,0.31288362733749864,0.7325887680053711,2.818684032433893,0.0,0.0,0.02,0.0,0.0,carpet,12345,2458048498,0,0,7,2,2,2,0.046610601246356964,-0.7369626760482788,-0.7844834327697754,-0.3050955533981323,1.0,-0.27343082427978516,0.2310313880443573,0.008685302920639515,0.12478645145893097,0.8752135634422302,-0.06399895995855331,-0.20565302670001984,-0.28654971718788147,0.359649121761322,-0.012670565396547318,0.24561403691768646,-0.4502924084663391,0.0974658876657486,1.0,0.0,0.0,1.0,0.0,0.0,1.0,0.0,0.0
20260414_134505_905168,7,57,1.6542487144470215,0.0918748527765274,0.15073907451838414,4.435667096741348,0.17073907451838413,0.382941195310849,0.593113899230957,2.4428611627769925,0.0,0.0,0.02,0.0,0.0,carpet,12345,2458048498,0,0,7,2,2,2,-0.21811813116073608,0.21258485317230225,0.14234457910060883,0.5215606689453125,0.6088261604309082,0.6980012655258179,0.4551217257976532,0.03784751892089844,0.13187018036842346,0.8681298494338989,-0.04086266830563545,0.04288499057292938,-0.3693957030773163,0.07894736528396606,-0.20565302670001984,0.46783626079559326,-0.334307998418808,0.10818713158369064,1.0,0.0,0.0,1.0,0.0,0.0,1.0,0.0,0.0
20260414_134505_905168,7,58,1.6597609519958496,0.09504645317792892,0.06098250587082353,4.496649602612171,0.08098250587082353,0.20791588644810588,-0.317160040140152,2.082377905514278,0.0,0.0,0.02,0.0,0.0,carpet,12345,2458048498,0,0,7,2,2,2,0.40502727031707764,-0.34361833333969116,-0.6825261116027832,0.629859983921051,-0.3410230278968811,-0.5494479537010193,0.4905655086040497,0.056374359875917435,0.13760527968406677,0.8623946905136108,0.012885349802672863,-0.16081871092319489,0.01656920090317726,-0.017543859779834747,0.05360623821616173,0.30799219012260437,-0.3274853825569153,0.23879142105579376,1.0,0.0,0.0,1.0,0.0,0.0,1.0,0.0,0.0
20260414_134505_905168,7,59,1.6532182693481445,0.09559997916221619,0.027230136014824883,4.523879738626996,0.04723013601482488,0.14209876522890852,-0.055352598428726196,1.4117555580038186,0.0,0.0,0.02,0.0,0.0,carpet,12345,2458048498,0,0,7,2,2,2,0.7083594799041748,-0.05488699674606323,0.24261128902435303,0.9568303823471069,-0.5046596527099609,0.6245236992835999,-0.24038685858249664,0.06326465308666229,0.13453851640224457,0.8654614686965942,0.030450720340013504,0.25925925374031067,-0.1598440557718277,-0.35672515630722046,0.3801169693470001,-0.19785575568675995,-0.30896687507629395,0.2855750620365143,1.0,0.0,0.0,1.0,0.0,0.0,1.0,0.0,0.0
20260414_134505_905168,7,60,1.6545240879058838,0.08857647329568863,0.0990572926076167,4.6229370312346125,0.1190572926076167,0.28216172058485256,0.7023505866527557,1.5009831086917416,0.0,0.0,0.02,0.0,0.0,carpet,12345,2458048498,0,0,7,2,2,2,0.637135922908783,-0.8952144980430603,-0.2281370311975479,-0.8461930155754089,0.5256088376045227,-0.549632728099823,0.07851000130176544,0.055086325854063034,0.13400328159332275,0.8659967184066772,-0.067434161901474,0.3742690086364746,-0.13060428202152252,-0.1042884960770607,0.4912280738353729,-0.35575050115585327,0.23099415004253387,-0.17933723330497742,1.0,0.0,0.0,1.0,0.0,0.0,1.0,0.0,0.0
20260414_134505_905168,7,61,1.7026997804641724,0.09016600251197815,0.042504133349438436,4.665441164584051,0.06250413334943844,0.17188306003140497,-0.15895292162895203,1.4998842549416196,0.0,0.0,0.02,0.0,0.0,carpet,12345,2458048498,0,0,7,2,2,2,-0.9156742095947266,-0.7957039475440979,-0.7819105982780457,-0.8603067398071289,-0.37097832560539246,0.48934754729270935,0.28162840008735657,0.05671863630414009,0.14079463481903076,0.859205424785614,-0.030656199902296066,0.39863547682762146,-0.44054579734802246,-0.07017543911933899,-0.2768031060695648,0.3274853825569153,-0.3401559591293335,0.04385964944958687,1.0,0.0,0.0,1.0,0.0,0.0,1.0,0.0,0.0
20260414_134505_905168,7,62,1.6420408487319946,0.08667466789484024,0.0652285438215465,4.730669708405597,0.0852285438215465,0.21619566045201566,0.3491334617137909,1.4031962880561366,0.0,0.0,0.02,0.0,0.0,carpet,12345,2458048498,0,0,7,2,2,2,0.4078473150730133,-0.9328387975692749,0.6747584939002991,0.8489909768104553,0.33090677857398987,-0.0015475595137104392,-0.5693359375,0.11693821102380753,0.13925763964653015,0.8607423901557922,0.11399459838867188,-0.49025341868400574,-0.404483437538147,-0.06822612136602402,-0.27387914061546326,-0.08869395405054092,0.26705652475357056,0.1325536072254181,1.0,0.0,0.0,1.0,0.0,0.0,1.0,0.0,0.0
20260414_134505_905168,7,63,1.7421581745147705,0.11193548142910004,-0.23506338103461222,4.495606327370985,-0.21506338103461223,-0.4693735930174938,-2.5260813534259796,0.5508814997277938,0.0,0.0,0.02,0.0,0.0,carpet,12345,2458048498,0,0,7,2,2,2,-0.6352599263191223,0.902407169342041,-0.26006558537483215,-0.438001811504364,0.7090559005737305,-0.14238154888153076,0.891089141368866,0.04111461713910103,0.1426335722208023,0.8573663830757141,-0.103508360683918,0.18518517911434174,-0.668615996837616,0.24756334722042084,0.0906432718038559,0.1461988240480423,-0.000974658876657486,-0.3469785451889038,1.0,0.0,0.0,1.0,0.0,0.0,1.0,0.0,0.0
20260414_134505_905168,7,64,1.6862618923187256,0.09823964536190033,-0.036666867980343625,4.458939459390641,0.0,-0.009634293083124135,1.3695836067199707,0.33333132019656375,0.0,0.0,0.02,0.016666867980343624,0.0,carpet,12345,2458048498,0,0,7,2,2,2,-0.5331270098686218,0.20687620341777802,0.759096622467041,-0.8510975241661072,-0.36455634236335754,0.7390304207801819,-0.681466281414032,0.16626128554344177,0.11820773780345917,0.8817923069000244,0.20199453830718994,-0.41910332441329956,0.1666666716337204,-0.21247562766075134,-0.27972710132598877,0.4152046740055084,-0.1393762230873108,0.5204678177833557,1.0,0.0,0.0,1.0,0.0,0.0,1.0,0.0,0.0
20260414_134505_905168,7,65,1.7207945585250854,0.10672909021377563,-0.15690350826114688,4.302035951129494,-0.08690350826114687,-0.2194618411092364,-0.8489444851875305,-0.028229286141581156,0.0,0.0,0.02,0.05,0.0,carpet,12345,2458048498,0,0,7,2,2,2,1.0,-0.6815642714500427,0.3384762406349182,0.9109789133071899,-0.7355568408966064,-0.0017805559327825904,0.8329119682312012,0.09639091789722443,0.13145087659358978,0.8685491681098938,-0.021459806710481644,-0.3810916244983673,0.054580897092819214,0.2290448397397995,-0.5,-0.15107212960720062,0.47660818696022034,-0.3947368562221527,1.0,0.0,0.0,1.0,0.0,0.0,1.0,0.0,0.0
20260414_134505_905168,7,66,1.7209982872009277,0.07952187955379486,0.1892802549031396,4.491316206032634,0.2387609670090234,0.5155838856675956,2.7207210659980774,0.2051928789411619,0.0,0.0,0.02,0.02948071210588381,0.0,carpet,12345,2458048498,0,0,7,2,2,2,-1.0,0.9672089219093323,-0.9365959763526917,-0.8278287649154663,0.4020358622074127,0.6140918731689453,0.17478223145008087,0.13955669105052948,0.12324203550815582,0.8767579793930054,0.18959742784500122,0.6013644933700562,-0.4376218318939209,0.15692007541656494,0.3801169693470001,-0.4785574972629547,-0.011695906519889832,0.5048732757568359,1.0,0.0,0.0,1.0,0.0,0.0,1.0,0.0,0.0
20260414_134505_905168,7,67,1.7085362672805786,0.05478681996464729,0.4697766174253279,4.961092823457962,0.4897766174253279,1.0050644039793895,2.4735059589147568,1.0383742228891464,0.0,0.0,0.02,0.0,0.0,carpet,12345,2458048498,0,0,7,2,2,2,-0.7621593475341797,-0.40953028202056885,0.8798732757568359,-0.44033166766166687,0.5481162667274475,-0.1919645518064499,0.31372249126434326,0.13981132209300995,0.1495499312877655,0.8504500389099121,0.11495936661958694,-0.61208575963974,0.6042885184288025,-0.5,-0.46881091594696045,0.22417153418064117,0.3138401508331299,0.08089668303728104,1.0,0.0,0.0,1.0,0.0,0.0,1.0,0.0,0.0
20260414_134505_905168,7,68,1.7190589904785156,0.051631469279527664,0.38137542057053325,5.342468244028495,0.40137542057053327,0.8326820701125399,0.3155350685119629,1.6548606325496706,0.0,0.0,0.02,0.0,0.0,carpet,12345,2458048498,0,0,7,2,2,2,-0.10433797538280487,-0.9258901476860046,-0.6576234698295593,0.8158245086669922,0.19448916614055634,0.5871487855911255,0.04897122085094452,0.12423381954431534,0.17346739768981934,0.8265326023101807,0.11212800443172455,-0.46101364493370056,-0.2836257219314575,0.46296295523643494,-0.37719297409057617,0.29629629850387573,-0.10818713158369064,0.20272904634475708,1.0,0.0,0.0,1.0,0.0,0.0,1.0,0.0,0.0
20260414_134505_905168,7,69,1.7190524339675903,0.053039975464344025,0.2565635374174283,5.599031781445924,0.27656353741742834,0.5892988979639853,-0.14085061848163605,2.7135331235311497,0.0,0.0,0.02,0.0,0.0,carpet,12345,2458048498,0,0,7,2,2,2,0.8437677621841431,-1.0,-0.9096044898033142,-0.13788734376430511,-0.838341236114502,-0.08051161468029022,0.14262685179710388,0.13738727569580078,0.17651845514774323,0.823481559753418,0.08270656317472458,-0.05068226158618927,-0.4990253448486328,-0.16764132678508759,0.22709551453590393,0.035087719559669495,0.28265106678009033,0.003898635506629944,1.0,0.0,0.0,1.0,0.0,0.0,1.0,0.0,0.0
20260414_134505_905168,7,70,1.6977863311767578,0.044558390974998474,0.2897506593367376,5.888782440782662,0.3097506593367376,0.6540137857066384,0.848158448934555,3.3771812023209122,0.0,0.0,0.02,0.0,0.0,carpet,12345,2458048498,0,0,7,2,2,2,-0.4578806459903717,-0.6330780982971191,0.21050861477851868,-0.10921703279018402,-0.57769376039505,0.07138857245445251,-0.16864658892154694,0.13737908005714417,0.17515650391578674,0.8248435258865356,0.11252383142709732,0.5155945420265198,-0.5360623598098755,-0.2904483377933502,0.08576998114585876,-0.23489278554916382,0.04775828495621681,0.0974658876657486,1.0,0.0,0.0,1.0,0.0,0.0,1.0,0.0,0.0
20260414_134505_905168,7,71,1.7087048292160034,0.05201733857393265,0.11027520477262064,5.999057645555283,0.13027520477262064,0.30403664930661023,-0.7458947598934174,3.900679692736759,0.0,0.0,0.02,0.0,0.0,carpet,12345,2458048498,0,0,7,2,2,2,-0.21024750173091888,-0.3483489453792572,0.507300615310669,-0.7628177404403687,-0.9984492063522339,-0.7704696655273438,0.45016101002693176,0.11079635471105576,0.18335773050785065,0.8166422843933105,0.05209514871239662,-0.28947368264198303,-0.4103313982486725,0.1042884960770607,0.010721247643232346,-0.23781676590442657,0.08771929889917374,-0.0623781681060791,1.0,0.0,0.0,1.0,0.0,0.0,1.0,0.0,0.0
20260414_134505_905168,7,72,1.6702661514282227,0.0302715040743351,0.3500888971640549,6.349146542719337,0.3700888971640549,0.7716733494699071,2.174583449959755,4.15676915653907,0.0,0.0,0.02,0.0,0.0,carpet,12345,2458048498,0,0,7,2,2,2,0.9877509474754333,0.29028770327568054,-0.47381913661956787,0.017939450219273567,0.2772628366947174,-0.21381384134292603,-0.09618733823299408,0.12444458156824112,0.17614533007144928,0.8238546848297119,0.14242833852767944,-0.2076023370027542,-0.4103313982486725,0.25925925374031067,-0.1247563362121582,-0.23879142105579376,-0.0760233923792839,0.2904483377933502,1.0,0.0,0.0,1.0,0.0,0.0,1.0,0.0,0.0
20260414_134505_905168,7,73,1.7226266860961914,0.05998050421476364,-0.07844614944015074,6.270700393279187,-0.05844614944015074,-0.16396999140829394,-2.9709000140428543,2.987734761151387,0.0,0.0,0.02,0.0,0.0,carpet,12345,2458048498,0,0,7,2,2,2,0.7943159341812134,0.16819649934768677,-0.0746181383728981,-0.25225552916526794,-0.29307207465171814,0.1880582869052887,0.7525878548622131,0.07639618217945099,0.1971723735332489,0.8028276562690735,0.002243302995339036,0.5740740895271301,0.02923976629972458,-0.36549708247184753,-0.007797271013259888,0.16471734642982483,-0.10623781383037567,-0.06042885035276413,1.0,0.0,0.0,1.0,0.0,0.0,1.0,0.0,0.0
20260414_134505_905168,7,74,1.6742080450057983,0.030575130134820938,0.26828556843198015,6.538985961711167,0.28828556843198017,0.6121568584423613,2.9405374079942703,2.7672095494812083,0.0,0.0,0.02,0.0,0.0,carpet,12345,2458048498,0,0,7,2,2,2,-0.6974064707756042,0.5994851589202881,0.7620453834533691,-0.9945769906044006,-0.054909612983465195,-0.4246974289417267,0.12304671853780746,0.14184685051441193,0.1684453934431076,0.8315545916557312,0.19422903656959534,0.47660818696022034,0.02923976629972458,-0.2153996080160141,-0.15789473056793213,-0.15692007541656494,0.09649122506380081,0.4444444477558136,1.0,0.0,0.0,1.0,0.0,0.0,1.0,0.0,0.0
20260414_134505_905168,7,75,1.6698261499404907,0.034560732543468475,0.13870645313619073,6.677692414847358,0.15870645313619072,0.3594775836155719,-0.3985602408647537,2.537388235132795,0.0,0.0,0.02,0.0,0.0,carpet,12345,2458048498,0,0,7,2,2,2,-0.01974288560450077,0.428903728723526,0.01409220416098833,0.40051111578941345,-0.6059181690216064,-0.6052291393280029,0.6132559180259705,0.08132362365722656,0.1968788057565689,0.8031212091445923,0.05698271095752716,-0.4493177533149719,0.28167641162872314,0.2992202639579773,-0.6033138632774353,0.02923976629972458,-0.08966861665248871,0.11013644933700562,1.0,0.0,0.0,1.0,0.0,0.0,1.0,0.0,0.0
20260414_134505_905168,7,76,1.6766449213027954,0.020322000607848167,0.2751674287703539,6.952859843617712,0.2951674287703539,0.6255764861021902,1.4238731935620308,2.508950935528347,0.0,0.0,0.02,0.0,0.0,carpet,12345,2458048498,0,0,7,2,2,2,-0.7507639527320862,0.6450206637382507,-0.39579135179519653,0.9881722331047058,0.31482380628585815,0.3496873080730438,0.4199172854423523,0.07584629207849503,0.19302493333816528,0.8069750070571899,0.08672282844781876,-0.020467836409807205,0.24074074625968933,-0.03313840180635452,0.20565302670001984,-0.3752436637878418,-0.2777777910232544,0.3888888955116272,1.0,0.0,0.0,1.0,0.0,0.0,1.0,0.0,0.0
20260414_134505_905168,7,77,1.697239875793457,0.01859116181731224,0.217155556071814,7.170015399689526,0.237155556071814,0.5124533343400373,0.17308387905359268,2.717367620561774,0.0,0.0,0.02,0.0,0.0,carpet,12345,2458048498,0,0,7,2,2,2,-0.5482271909713745,-0.7826857566833496,0.9099591374397278,-0.46770256757736206,0.7975990176200867,0.2652569115161896,0.42366892099380493,0.08436965942382812,0.20679301023483276,0.7932069897651672,0.051981959491968155,-0.4444444477558136,0.4103313982486725,-0.2504873275756836,0.2855750620365143,-0.2768031060695648,0.01461988314986229,0.23294347524642944,1.0,0.0,0.0,1.0,0.0,0.0,1.0,0.0,0.0
20260414_134505_905168,7,78,1.669398307800293,0.01958484947681427,0.13871682526537477,7.308732224954901,0.15871682526537476,0.35949780926748076,-0.09936876595020294,2.3051920803593475,0.0,0.0,0.02,0.0,0.0,carpet,12345,2458048498,0,0,7,2,2,2,-0.6938948631286621,0.7258473634719849,-0.6809737086296082,-0.08113337308168411,0.9802111983299255,-0.8140907883644104,0.29232555627822876,0.11011333763599396,0.20846664905548096,0.791533350944519,0.08641986548900604,-0.3187134563922882,-0.4161793291568756,0.5701754093170166,-0.34210526943206787,0.11500974744558334,0.04775828495621681,0.23196880519390106,1.0,0.0,0.0,1.0,0.0,0.0,1.0,0.0,0.0
20260414_134505_905168,7,79,1.688964605331421,0.004127576947212219,0.290797523174702,7.599529748129603,0.310797523174702,0.656055170190669,1.545727252960205,3.1252172419583104,0.0,0.0,0.02,0.0,0.0,carpet,12345,2458048498,0,0,7,2,2,2,0.43577587604522705,-0.9085237979888916,1.0,-0.8966341614723206,-0.6659703850746155,-0.08013494312763214,0.25158771872520447,0.07531146705150604,0.20750580728054047,0.7924942374229431,0.009995076805353165,-0.42592594027519226,0.4366471767425537,-0.4181286692619324,-0.07309941202402115,0.5038986206054688,-0.4922027289867401,0.1734892725944519,1.0,0.0,0.0,1.0,0.0,0.0,1.0,0.0,0.0
20260414_134505_905168,7,80,1.704133152961731,0.010341944172978401,0.12701651128145464,7.726546259411058,0.14701651128145463,0.3366821969988365,-0.6214367225766182,2.8497425805147856,0.0,0.0,0.02,0.0,0.0,carpet,12345,2458048498,0,0,7,2,2,2,-0.5152800679206848,0.4349232614040375,-1.0,0.7361642718315125,-0.9978885650634766,0.4831497073173523,0.3848884701728821,0.0997692123055458,0.22245214879512787,0.7775478363037109,0.055450018495321274,0.2573099434375763,-0.5594542026519775,0.6169590353965759,-0.4844054579734802,-0.1803118884563446,-0.02923976629972458,0.15009745955467224,1.0,0.0,0.0,1.0,0.0,0.0,1.0,0.0,0.0
20260414_134505_905168,7,81,1.7082033157348633,0.007292021065950394,0.12295370534606724,7.8494999647571255,0.14295370534606724,0.3287597254248311,0.30499231070280075,2.8190247223240448,0.0,0.0,0.02,0.0,0.0,carpet,12345,2458048498,0,0,7,2,2,2,0.6402597427368164,-0.11581454426050186,0.71446692943573,-0.6629154086112976,-0.6817862391471863,0.6693657040596008,0.23301206529140472,0.11872997134923935,0.21644318103790283,0.7835568189620972,0.09481409937143326,-0.30799219012260437,0.2972709536552429,-0.511695921421051,0.4307992160320282,-0.61208575963974,0.2621832489967346,0.19980506598949432,1.0,0.0,0.0,1.0,0.0,0.0,1.0,0.0,0.0
20260414_134505_905168,7,82,1.7211880683898926,0.01507166400551796,-0.01893398944644583,7.830565975310679,0.0010660105535541715,0.05207872057943064,-0.7779642939567566,2.2455269568012852,0.0,0.0,0.02,0.0,0.0,carpet,12345,2458048498,0,0,7,2,2,2,-0.683000922203064,-0.8207328915596008,-0.7585895657539368,-0.24620363116264343,-0.2329634577035904,-0.0759204775094986,0.9032451510429382,0.12381763756275177,0.2193922996520996,0.7806077003479004,0.09443598985671997,0.359649121761322,-0.13450291752815247,0.35867446660995483,-0.3888888955116272,-0.3908382058143616,0.37914231419563293,0.12768031656742096,1.0,0.0,0.0,1.0,0.0,0.0,1.0,0.0,0.0
20260414_134505_905168,7,83,1.7244142293930054,-0.005534199997782707,0.2385669951369727,8.069132970447653,0.2585669951369727,0.5542056405170968,2.0605864003300667,2.2872792629783447,0.0,0.0,0.02,0.0,0.0,carpet,12345,2458048498,0,0,7,2,2,2,0.8394243121147156,-0.88034588098526,-0.028417494148015976,0.47567740082740784,0.5996520519256592,0.3836466073989868,0.6005328297615051,0.14004859328269958,0.21186980605125427,0.7881301641464233,0.18768078088760376,-0.3625730872154236,-0.2368421107530594,0.15692007541656494,-0.15009745955467224,-0.17446394264698029,-0.056530214846134186,0.5497075915336609,1.0,0.0,0.0,1.0,0.0,0.0,1.0,0.0,0.0
20260414_134505_905168,7,84,1.6975452899932861,-0.009861035272479057,0.22298723705396115,8.292120207501613,0.24298723705396114,0.5238251122552242,0.432683527469635,2.451606565966088,0.0,0.0,0.02,0.0,0.0,carpet,12345,2458048498,0,0,7,2,2,2,-0.5800620317459106,-0.4498378336429596,0.630463182926178,0.012304961681365967,-0.6748722195625305,0.6986331939697266,-0.21864360570907593,0.14408130943775177,0.2317945510149002,0.7682054042816162,0.14667057991027832,0.5224171280860901,-0.5038986206054688,-0.03216374292969704,0.12085770070552826,-0.12280701845884323,0.14132553339004517,0.3479532301425934,1.0,0.0,0.0,1.0,0.0,0.0,1.0,0.0,0.0
20260414_134505_905168,7,85,1.640792727470398,-0.01186424307525158,0.1815123226978109,8.473632530199424,0.2015123226978109,0.4429490292607312,0.2003207802772522,2.2385004250361504,0.0,0.0,0.02,0.0,0.0,carpet,12345,2458048498,0,0,7,2,2,2,-1.0,0.5044491291046143,-0.0659206435084343,-0.3369218707084656,0.5404302477836609,-0.8935113549232483,0.0578126460313797,0.1104951873421669,0.2359783798456192,0.7640215754508972,0.022156285122036934,-0.35769981145858765,-0.27485379576683044,0.3479532301425934,-0.01461988314986229,-0.4093567132949829,0.41910332441329956,-0.13742689788341522,1.0,0.0,0.0,1.0,0.0,0.0,1.0,0.0,0.0
20260414_134505_905168,7,86,1.6170867681503296,-0.013137140311300755,0.1410431809470674,8.614675711146491,0.16104318094706738,0.36403420284678134,0.12728972360491753,2.2658524308840953,0.0,0.0,0.02,0.0,0.0,carpet,12345,2458048498,0,0,7,2,2,2,0.12105881422758102,-0.6305739283561707,0.5815304517745972,0.18336978554725647,-0.3909820318222046,-0.2745095193386078,-0.3604714870452881,0.0395544059574604,0.23791536688804626,0.7620846033096313,-0.04982282593846321,-0.6111111044883728,0.2846003770828247,-0.08576998114585876,-0.2290448397397995,0.32846003770828247,-0.4522417187690735,0.04775828495621681,1.0,0.0,0.0,1.0,0.0,0.0,1.0,0.0,0.0
20260414_134505_905168,7,87,1.771079659461975,-0.009094610810279846,0.04254482800490607,8.657220539151398,0.06254482800490607,0.17196241460956685,-0.40425295010209084,2.109055120068831,0.0,0.0,0.02,0.0,0.0,carpet,12345,2458048498,0,0,7,2,2,2,0.2896376848220825,-0.2524888515472412,-0.4866268038749695,0.6812708973884583,-0.08067882806062698,0.4819929003715515,0.6206861138343811,0.009922027587890625,0.2391461879014969,0.7608538269996643,-0.13104908168315887,0.06725145876407623,-0.42787525057792664,0.33528265357017517,0.09649122506380081,-0.2426900565624237,-0.13742689788341522,-0.223196879029274,1.0,0.0,0.0,1.0,0.0,0.0,1.0,0.0,0.0
20260414_134505_905168,7,88,1.767482042312622,-0.011510645970702171,0.05147317434242367,8.70869371349382,0.07147317434242367,0.18937268996772616,0.2416035160422325,2.2463490894571265,0.0,0.0,0.02,0.0,0.0,carpet,12345,2458048498,0,0,7,2,2,2,0.5544878244400024,-0.28710559010505676,-0.9984952807426453,-0.3540722131729126,0.2407737821340561,-0.29970744252204895,0.5756837725639343,0.2024131715297699,0.23523730039596558,0.7647626996040344,0.15716488659381866,0.17446394264698029,-0.13645224273204803,-0.2972709536552429,0.3274853825569153,-0.17738790810108185,0.13547758758068085,0.34405457973480225,1.0,0.0,0.0,1.0,0.0,0.0,1.0,0.0,0.0
20260414_134505_905168,7,89,1.687265157699585,-0.015087100677192211,0.07304660776310579,8.781740321256926,0.09304660776310579,0.23144088513805627,0.357645470649004,1.923584334078086,0.0,0.0,0.02,0.0,0.0,carpet,12345,2458048498,0,0,7,2,2,2,0.2139105200767517,0.2173667699098587,0.3790173828601837,0.580768346786499,0.7973567247390747,-0.8675159811973572,-0.11911899596452713,0.19791603088378906,0.23757345974445343,0.7624265551567078,0.15503007173538208,0.34210526943206787,-0.1325536072254181,-0.4103313982486725,-0.17641325294971466,0.16959063708782196,-0.1871345043182373,0.3469785451889038,1.0,0.0,0.0,1.0,0.0,0.0,1.0,0.0,0.0
20260414_134505_905168,7,90,1.7628382444381714,-0.013530176132917404,0.023414128331619394,8.805154449588546,0.043414128331619395,0.13465755024665782,-0.1556924544274807,1.5344167720695197,0.0,0.0,0.02,0.0,0.0,carpet,12345,2458048498,0,0,7,2,2,2,0.7546016573905945,0.3627358078956604,-0.7442029714584351,-0.5491785407066345,0.3543097674846649,0.5847599506378174,0.08512360602617264,0.09764499962329865,0.2410317063331604,0.7589682936668396,-0.05942569300532341,0.1042884960770607,0.022417154163122177,-0.23976607620716095,0.07797271013259888,0.40545809268951416,-0.46101364493370056,-0.05263157933950424,1.0,0.0,0.0,1.0,0.0,0.0,1.0,0.0,0.0
20260414_134505_905168,7,91,1.7271958589553833,-0.01768246293067932,0.05938478596361457,8.86453923555216,0.07938478596361458,0.2048003326290484,0.4152286797761917,1.2962680754378368,0.0,0.0,0.02,0.0,0.0,carpet,12345,2458048498,0,0,7,2,2,2,0.8009621500968933,-0.3036832809448242,-0.10928104817867279,0.8399054408073425,0.9632465839385986,-0.6107280850410461,-0.0987955704331398,0.19211140275001526,0.23952624201774597,0.7604737281799316,0.09689738601446152,0.44736841320991516,0.19785575568675995,-0.4512670636177063,-0.3001949191093445,0.19590643048286438,0.2573099434375763,0.007797271013259888,1.0,0.0,0.0,1.0,0.0,0.0,1.0,0.0,0.0
20260414_134505_905168,7,92,1.7519906759262085,-0.013058539479970932,-0.02,8.84453923555216,0.0,0.03800216320408367,-0.46239234507083893,0.9702360357951392,0.0,0.0,0.02,0.0,0.0,carpet,12345,2458048498,0,0,7,2,2,2,0.4310780167579651,0.04566704109311104,-0.45624086260795593,-0.5210413932800293,-0.06476343423128128,-0.9788691997528076,0.6451985836029053,0.14755840599536896,0.24354127049446106,0.7564586997032166,-0.0047600287944078445,0.48148149251937866,-0.2222222238779068,-0.1325536072254181,0.0487329438328743,0.5087719559669495,-0.36549708247184753,-0.04093567281961441,1.0,0.0,0.0,1.0,0.0,0.0,1.0,0.0,0.0
20260414_134505_905168,7,93,1.6836225986480713,-0.01527315191924572,-0.0026323418538844387,8.841906893698276,0.01736765814611556,0.08386693338492535,0.2214612439274788,0.8821405545704977,0.0,0.0,0.02,0.0,0.0,carpet,12345,2458048498,0,0,7,2,2,2,0.35500288009643555,-0.5648398995399475,0.700202226638794,-0.1605420559644699,0.8552370071411133,-1.0,-0.14483386278152466,0.17855186760425568,0.23907020688056946,0.7609298229217529,0.12478166818618774,0.2709551751613617,0.010721247643232346,-0.27290448546409607,-0.15692007541656494,0.1812865436077118,-0.5370370149612427,0.4025341272354126,1.0,0.0,0.0,1.0,0.0,0.0,1.0,0.0,0.0
20260414_134505_905168,7,94,1.707470417022705,-0.021025216206908226,0.060359901143723194,8.902266794842,0.0803599011437232,0.20670180723026021,0.5752064287662506,0.8994696718330317,0.0,0.0,0.02,0.0,0.0,carpet,12345,2458048498,0,0,7,2,2,2,-0.4393775165081024,-0.23279762268066406,-1.0,-0.7182151675224304,0.9140393137931824,-0.6021813154220581,0.22697597742080688,0.09309177100658417,0.24121160805225372,0.7587884068489075,-0.07519816607236862,0.20370370149612427,-0.37816762924194336,0.3138401508331299,-0.153021439909935,0.4853801131248474,-0.5380116701126099,-0.07504872977733612,1.0,0.0,0.0,1.0,0.0,0.0,1.0,0.0,0.0
20260414_134505_905168,7,95,1.7062546014785767,-0.03866975009441376,0.2600716423642717,9.162338437206271,0.28007164236427173,0.5961397026103299,1.7644533887505531,1.2641684893053053,0.0,0.0,0.02,0.0,0.0,carpet,12345,2458048498,0,0,7,2,2,2,-0.005459820386022329,-0.7896649837493896,0.58786940574646,0.8686105608940125,-0.08847925066947937,-0.16029506921768188,-0.12548543512821198,0.1229015365242958,0.24677354097366333,0.7532264590263367,-0.008997875265777111,-0.24074074625968933,-0.07309941202402115,-0.12280701845884323,-0.3966861665248871,0.5497075915336609,-0.42787525057792664,0.11598440259695053,1.0,0.0,0.0,1.0,0.0,0.0,1.0,0.0,0.0
20260414_134505_905168,7,96,1.7034062147140503,-0.03542622923851013,0.14205987464623243,9.304398311852504,0.16205987464623242,0.36601675556015323,-0.32435208559036255,1.4955276946188008,0.0,0.0,0.02,0.0,0.0,carpet,12345,2458048498,0,0,7,2,2,2,0.17667478322982788,-0.5937608480453491,0.9107277393341064,-0.23024077713489532,0.5990954637527466,-0.3734252452850342,-0.2042081654071808,0.12138175964355469,0.2638348639011383,0.7361651659011841,-0.04364767298102379,0.001949317753314972,-0.4990253448486328,0.3070175349712372,0.30116960406303406,-0.11013644933700562,-0.10233917832374573,-0.08089668303728104,1.0,0.0,0.0,1.0,0.0,0.0,1.0,0.0,0.0
20260414_134505_905168,7,97,1.6526566743850708,-0.023357858881354332,-0.02,9.284398311852504,0.0,-0.027196692258769417,-1.20683703571558,1.263530669730983,0.0,0.0,0.02,0.0,0.0,carpet,12345,2458048498,0,0,7,2,2,2,0.794571042060852,-0.4306253492832184,-0.9773796200752258,0.15951648354530334,-0.8893088102340698,-0.8020137548446655,-0.3966101109981537,0.11782131344079971,0.2606985569000244,0.7393014430999756,-0.05520137771964073,0.07212475687265396,-0.4327485263347626,0.46881091594696045,-0.18908381462097168,0.33625730872154236,-0.23879142105579376,-0.1257309913635254,1.0,0.0,0.0,1.0,0.0,0.0,1.0,0.0,0.0
20260414_134505_905168,7,98,1.7732895612716675,-0.027199674397706985,-0.006847246812961507,9.277551065039543,0.013152753187038494,0.07564786871472506,0.38418155163526535,1.3011763752416243,0.0,0.0,0.02,0.0,0.0,carpet,12345,2458048498,0,0,7,2,2,2,0.7007211446762085,-0.9307965636253357,-0.7305482029914856,-0.3060285151004791,-0.009750718250870705,-0.2973806858062744,0.7655530571937561,0.054384421557188034,0.24902907013893127,0.7509709596633911,-0.1304991990327835,0.48148149251937866,-0.23879142105579376,-0.28654971718788147,0.16471734642982483,-0.1588694006204605,-0.3615984320640564,-0.22027289867401123,1.0,0.0,0.0,1.0,0.0,0.0,1.0,0.0,0.0
20260414_134505_905168,7,99,1.728327989578247,-0.018702317029237747,-0.07420411932085792,9.203346945718685,-0.05420411932085792,-0.15569803267567295,-0.8497357368469238,1.061611409181026,0.0,0.0,0.02,0.0,0.0,carpet,12345,2458048498,0,0,7,2,2,2,0.7954055666923523,-0.2406376600265503,0.16293154656887054,-0.1265680193901062,0.9164190888404846,0.5477405190467834,-0.813777506351471,0.20517539978027344,0.2527438998222351,0.7472560405731201,0.15052126348018646,0.46881091594696045,-0.27290448546409607,-0.2836257219314575,-0.002923976629972458,0.010721247643232346,-0.2514619827270508,0.4434697926044464,1.0,0.0,0.0,1.0,0.0,0.0,1.0,0.0,0.0
20260414_134505_905168,7,100,1.7619361877441406,-0.03160978853702545,0.05995551958355061,9.263302465302235,0.07995551958355061,0.2059132631879237,1.2907471507787704,1.0608228651386895,0.0,0.0,0.02,0.0,0.0,carpet,12345,2458048498,0,0,7,2,2,2,0.7229105234146118,-0.8441219925880432,0.1083981916308403,-0.06525864452123642,0.829623818397522,-0.7102612257003784,0.33279988169670105,0.1489734649658203,0.2445274144411087,0.7554726004600525,-0.08522210270166397,0.46783626079559326,-0.2153996080160141,0.02923976629972458,-0.15399609506130219,0.40740740299224854,0.22807016968727112,-0.5068225860595703,1.0,0.0,0.0,1.0,0.0,0.0,1.0,0.0,0.0
20260414_134505_905168,7,101,1.6485685110092163,-0.01655600219964981,-0.13388148102762965,9.129420984274606,-0.08815882617612185,-0.2219097110434376,-1.505378633737564,0.24277345148492202,0.0,0.0,0.02,0.0257226548515078,0.0,carpet,12345,2458048498,0,0,7,2,2,2,0.5274959206581116,-0.5960995554924011,-0.26883554458618164,-0.924798309803009,0.8599792122840881,-0.8062927722930908,-0.4561350345611572,0.19098377227783203,0.25700825452804565,0.7429917454719543,0.0908769816160202,0.45614033937454224,-0.46881091594696045,0.06725145876407623,-0.08576998114585876,0.4502924084663391,-0.4083820581436157,0.21150097250938416,1.0,0.0,0.0,1.0,0.0,0.0,1.0,0.0,0.0
20260414_134505_905168,7,102,1.6410881280899048,-0.016518449410796165,-0.13019030923278463,8.999230675041822,-0.06019030923278461,-0.16737110300393,-0.0037552788853645325,-0.2906144070791612,0.0,0.0,0.02,0.05,0.0,carpet,12345,2458048498,0,0,7,2,2,2,-0.5048458576202393,0.369474321603775,-0.18060331046581268,0.6867690086364746,-0.1066264882683754,-0.042340852320194244,-0.89680016040802,0.0492742545902729,0.24245204031467438,0.757547914981842,-0.1247766837477684,0.33625730872154236,-0.32163742184638977,-0.0623781681060791,-0.4512670636177063,0.5321637392044067,-0.429824560880661,-0.2709551751613617,1.0,0.0,0.0,1.0,0.0,0.0,1.0,0.0,0.0
20260414_134505_905168,7,103,1.8128612041473389,-0.014604374766349792,-0.13327189403286982,8.865958781008953,-0.06327189403286983,-0.17338019336409616,-0.1914074644446373,-0.43679790818448794,0.0,0.0,0.02,0.05,0.0,carpet,12345,2458048498,0,0,7,2,2,2,0.3936007022857666,0.541007936000824,-0.780810534954071,-0.9303748607635498,0.2622087895870209,0.5171289443969727,0.30278292298316956,0.039923667907714844,0.24241572618484497,0.7575842142105103,-0.19845959544181824,-0.3274853825569153,0.16276803612709045,-0.19200779497623444,0.35672515630722046,-0.10721247643232346,-0.01461988314986229,-0.5477582812309265,1.0,0.0,0.0,1.0,0.0,0.0,1.0,0.0,0.0
20260414_134505_905168,7,104,1.790032148361206,-0.0258057601749897,-0.01871821015747406,8.84724057085148,0.05128178984252594,0.14999949019292558,1.1201385408639908,-0.3624462867062874,0.0,0.0,0.02,0.05,0.0,carpet,12345,2458048498,0,0,7,2,2,2,-0.026554826647043228,-0.8115501999855042,-0.3827354609966278,-0.47585538029670715,0.8499168753623962,-0.6538971066474915,0.32552626729011536,0.25464001297950745,0.24056492745876312,0.7594351172447205,0.1747165024280548,0.23294347524642944,0.3109161853790283,-0.4532163739204407,-0.3810916244983673,0.17641325294971466,0.24463938176631927,0.15692007541656494,1.0,0.0,0.0,1.0,0.0,0.0,1.0,0.0,0.0
20260414_134505_905168,7,105,1.8139837980270386,-0.013286820612847805,-0.14716608790197966,8.7000744829495,-0.07716608790197965,-0.2004738714088603,-1.2518939562141895,-0.4072221254394748,0.0,0.0,0.02,0.05,0.0,carpet,12345,2458048498,0,0,7,2,2,2,-0.6350774765014648,-0.7904142141342163,0.17154161632061005,0.8725714087486267,0.5909224152565002,-0.303814560174942,0.8087958097457886,0.2261037826538086,0.2513960599899292,0.7486039400100708,0.12863238155841827,0.015594542026519775,-0.21734893321990967,-0.19395712018013,-0.2846003770828247,0.5146198868751526,-0.3469785451889038,0.20370370149612427,1.0,0.0,0.0,1.0,0.0,0.0,1.0,0.0,0.0
20260414_134505_905168,7,106,1.8239152431488037,-0.0201512910425663,-0.0700554833434228,8.630018999606078,0.0,0.021256357186317132,0.6864470429718494,-0.5918790314410813,0.000554833434228005,0.0,0.02,0.05,0.0,carpet,12345,2458048498,0,0,7,2,2,2,0.04546928405761719,-0.8531441688537598,0.08927689492702484,0.8041951656341553,1.0,0.10279452055692673,0.6011873483657837,0.2560432553291321,0.23929092288017273,0.7607090473175049,0.20745813846588135,-0.3684210479259491,-0.4181286692619324,0.09259258955717087,0.14035087823867798,0.2768031060695648,-0.23391813039779663,0.47465887665748596,1.0,0.0,0.0,1.0,0.0,0.0,1.0,0.0,0.0
20260414_134505_905168,7,107,1.7984501123428345,-0.038995131850242615,0.16572163045076743,8.795740630056844,0.2241221990162304,0.4870382880816493,1.8843840807676315,0.11706896768400554,0.0010746533386352373,0.0,0.02,0.03829310323159945,0.0,carpet,12345,2458048498,0,0,7,2,2,2,-0.19556212425231934,-0.8157609701156616,-0.3125077486038208,-0.03731643036007881,0.02133934013545513,0.09218305349349976,-0.22678066790103912,0.2684575915336609,0.24592849612236023,0.7540714740753174,0.18750305473804474,0.023391813039779663,-0.5243664979934692,0.035087719559669495,0.18421052396297455,0.2777777910232544,-0.11306042969226837,0.3479532301425934,1.0,0.0,0.0,1.0,0.0,0.0,1.0,0.0,0.0
20260414_134505_905168,7,108,1.8116387128829956,-0.02955023944377899,0.011752198979158437,8.807492829036002,0.040593028666487146,0.12915640589964994,-0.9444892406463623,0.41359647658758547,0.0020047734608725537,0.0,0.02,0.008640352341241454,0.0,carpet,12345,2458048498,0,0,7,2,2,2,-1.0,-0.3845079839229584,-0.7771041989326477,0.713892936706543,0.18825024366378784,0.6384959816932678,-0.07581711560487747,0.23662623763084412,0.2641494870185852,0.7358505129814148,0.06802883744239807,-0.09844054281711578,-0.4649122953414917,-0.10916179418563843,0.022417154163122177,0.027290448546409607,0.07309941202402115,-0.14132553339004517,1.0,0.0,0.0,1.0,0.0,0.0,1.0,0.0,0.0
20260414_134505_905168,7,109,1.7665867805480957,-0.04284223914146423,0.17431196843078556,8.981804797466788,0.19444476762403332,0.42916729686686494,1.3291999697685242,1.0161439668185466,0.0013279919324776866,0.0,0.02,0.0,0.0,carpet,12345,2458048498,0,0,7,2,2,2,0.24841473996639252,-0.9430598616600037,-0.041262153536081314,-0.04054959490895271,0.09564103186130524,-0.4773682951927185,-0.35575130581855774,0.2531118392944336,0.2550167739391327,0.7449831962585449,0.09343647211790085,-0.5769980549812317,-0.16276803612709045,-0.36549708247184753,0.36452242732048035,0.04775828495621681,0.26608186960220337,-0.08869395405054092,1.0,0.0,0.0,1.0,0.0,0.0,1.0,0.0,0.0
20260414_134505_905168,7,110,1.8109382390975952,-0.036566536873579025,0.03874234099290813,9.020547138459696,0.05896559792462487,0.1649829159530185,-0.6275702267885208,1.0311273925786395,0.0022325693171673373,0.0,0.02,0.0,0.0,carpet,12345,2458048498,0,0,7,2,2,2,-0.9310268759727478,-0.25235092639923096,0.7108288407325745,-0.4061892628669739,0.21703235805034637,-0.0643870085477829,0.3831119239330292,0.1967969834804535,0.26786941289901733,0.7321305871009827,0.007873841561377048,0.1452241688966751,-0.6140350699424744,-0.013645224273204803,0.01656920090317726,0.11013644933700562,-0.16569200158119202,-0.18615984916687012,1.0,0.0,0.0,1.0,0.0,0.0,1.0,0.0,0.0
20260414_134505_905168,7,111,1.810604214668274,-0.005112889222800732,-0.3344609121524801,8.686086226307216,-0.3141558996434344,-0.662604004304697,-3.1453647650778294,0.5689972596828028,0.0030501250904569196,0.0,0.02,0.0,0.0,carpet,12345,2458048498,0,0,7,2,2,2,0.12865526974201202,-0.9902586340904236,0.31001532077789307,-0.406924843788147,1.0,-0.8009405732154846,0.8499475717544556,0.25223636627197266,0.261801153421402,0.7381988167762756,0.1466621458530426,-0.5877193212509155,-0.21929824352264404,0.39376217126846313,-0.26608186960220337,0.15399609506130219,-0.06042885035276413,0.22027289867401123,1.0,0.0,0.0,1.0,0.0,0.0,1.0,0.0,0.0
20260414_134505_905168,7,112,1.822728157043457,-0.04945811256766319,0.2676058412722168,8.953692067579432,0.2880397848169484,0.6116775803930494,4.434522334486246,1.159418482889535,0.004339435447315587,0.0,0.02,0.0,0.0,carpet,12345,2458048498,0,0,7,2,2,2,-0.46916675567626953,-0.3783062994480133,0.05765610560774803,0.0623079389333725,-0.09034162759780884,0.2108728438615799,0.3709629476070404,0.25181883573532104,0.2313871830701828,0.768612802028656,0.21411021053791046,0.08089668303728104,-0.5984405279159546,0.19200779497623444,-0.25243663787841797,0.5760233998298645,-0.47465887665748596,0.5155945420265198,1.0,0.0,0.0,1.0,0.0,0.0,1.0,0.0,0.0
20260414_134505_905168,7,113,1.767652153968811,-0.06076838821172714,0.3343456383836479,9.28803770596308,0.3546231161007016,0.741515076396368,1.131027564406395,1.4138952712042538,0.002774777170536714,0.0,0.02,0.0,0.0,carpet,12345,2458048498,0,0,7,2,2,2,0.40819022059440613,0.356084942817688,-0.318551242351532,-0.48130449652671814,0.5444298982620239,-0.4979219436645508,-0.23928071558475494,0.26697367429733276,0.27426663041114807,0.7257333993911743,0.1636941134929657,-0.30214425921440125,-0.2514619827270508,0.008771929889917374,0.054580897092819214,-0.05847953259944916,0.11013644933700562,0.20370370149612427,1.0,0.0,0.0,1.0,0.0,0.0,1.0,0.0,0.0
20260414_134505_905168,7,114,1.7662912607192993,-0.0719040110707283,0.3821429357775463,9.670180641740625,0.40232147629349885,0.8345268787723228,1.113562285900116,2.1192657440769267,0.0017854051595249908,0.0,0.02,0.0,0.0,carpet,12345,2458048498,0,0,7,2,2,2,-0.43136799335479736,-0.07876385748386383,0.5284774899482727,0.42443159222602844,0.030147872865200043,-0.672605574131012,0.11626911908388138,0.19812870025634766,0.2852030396461487,0.7147970199584961,0.03133143484592438,0.21345029771327972,0.09259258955717087,-0.26120856404304504,-0.27972710132598877,0.38596490025520325,-0.20565302670001984,-0.11695906519889832,1.0,0.0,0.0,1.0,0.0,0.0,1.0,0.0,0.0
20260414_134505_905168,7,115,1.8230934143066406,-0.04358263313770294,-0.03679848087075757,9.633382160869868,-0.016481686793025134,-0.08213928924639902,-2.832137793302536,1.6079591579636627,0.003167940777324429,0.0,0.02,0.0,0.0,carpet,12345,2458048498,0,0,7,2,2,2,0.7507936358451843,0.1585862934589386,1.0,0.6213891506195068,0.43425479531288147,-0.2974311113357544,0.8659000992774963,0.19642753899097443,0.2959705889225006,0.7040294408798218,0.053579237312078476,-0.28752437233924866,-0.10721247643232346,0.1179337203502655,0.22417153418064117,0.013645224273204803,-0.33723196387290955,0.08966861665248871,1.0,0.0,0.0,1.0,0.0,0.0,1.0,0.0,0.0
20260414_134505_905168,7,116,1.767100214958191,-0.07359172403812408,0.3072939244786472,9.940676085348516,0.32749887465422195,0.6886228055757329,3.0009090900421143,2.131599047586377,0.002049501755747688,0.0,0.02,0.0,0.0,carpet,12345,2458048498,0,0,7,2,2,2,-0.5151339769363403,-0.43611636757850647,0.42797425389289856,0.11841854453086853,-0.25156211853027344,-0.5385981202125549,-0.025932244956493378,0.26743030548095703,0.26858532428741455,0.7314146757125854,0.19112907350063324,0.35575050115585327,-0.11403508484363556,0.10623781383037567,0.2212475687265396,0.14424951374530792,-0.27582845091819763,0.4912280738353729,1.0,0.0,0.0,1.0,0.0,0.0,1.0,0.0,0.0
20260414_134505_905168,7,117,1.773051142692566,-0.06352937966585159,0.09005503192274887,10.030731117271264,0.11020948455126829,0.26490849487497314,-1.0062344372272491,3.0591115467660472,0.0015445262851941021,0.0,0.02,0.0,0.0,carpet,12345,2458048498,0,0,7,2,2,2,-0.18109199404716492,-0.23303604125976562,0.38470935821533203,0.6341729760169983,0.20827844738960266,-0.8264384269714355,0.36102455854415894,0.1974388062953949,0.29760250449180603,0.7023975253105164,0.03004365600645542,-0.30896687507629395,-0.2495126724243164,0.2699805200099945,0.07115009427070618,-0.11988303810358047,-0.28070175647735596,0.002923976629972458,1.0,0.0,0.0,1.0,0.0,0.0,1.0,0.0,0.0
20260414_134505_905168,7,118,1.862999439239502,0.002793841063976288,-0.7432667158485596,9.287464401422705,-0.7227687933792084,-1.4593991470894565,-6.632322072982788,0.9880348192835413,0.004818822511037433,0.0003208043649473275,0.02,0.0,0.0,carpet,12345,2458048498,0,0,7,2,2,2,-0.8873524069786072,0.2465081512928009,-0.23319488763809204,-0.2806074023246765,-0.732161819934845,0.8597593307495117,0.6684555411338806,0.20487746596336365,0.2878727614879608,0.7121272683143616,0.08061537146568298,-0.12768031656742096,-0.16959063708782196,0.19005848467350006,0.2904483377933502,0.07504872977733612,-0.46296295523643494,0.22807016968727112,1.0,0.0,0.0,1.0,0.0,0.0,1.0,0.0,0.0
20260414_134505_905168,7,119,1.8215229511260986,-0.05547702684998512,0.13953561029548595,9.42700001171819,0.16011401924715202,0.36222233753194644,5.827086791396141,0.6087420804191197,0.0057840895166607125,0.0,0.02,0.0,0.0,carpet,12345,2458048498,0,0,7,2,2,2,-0.14175726473331451,1.0,-0.7362819314002991,0.5030040144920349,0.2208511233329773,0.3266608715057373,-0.05563271790742874,0.3173128068447113,0.2237417995929718,0.7762581706047058,0.28035393357276917,-0.5350877046585083,0.18226121366024017,-0.09454190731048584,-0.07309941202402115,-0.40545809268951416,0.4093567132949829,0.3684210479259491,1.0,0.0,0.0,1.0,0.0,0.0,1.0,0.0,0.0
20260414_134505_905168,7,120,1.8405958414077759,-0.04630785435438156,-0.0716207283172978,9.355379283400893,0.0,0.042437440758874345,-0.9169172495603561,-0.18334735759432874,0.007808466176698237,0.016797633992559277,0.02,0.05,0.0,carpet,12345,2458048498,0,0,7,2,2,2,-0.47443631291389465,-0.5288279056549072,-0.4579734206199646,-0.34454816579818726,-0.7335197925567627,0.12450334429740906,0.4265924096107483,0.26546725630760193,0.28008657693862915,0.7199134826660156,0.11602780967950821,-0.09356725215911865,0.5633528232574463,-0.5038986206054688,0.23196880519390106,0.035087719559669495,0.17738790810108185,-0.03801169618964195,1.0,0.0,0.0,1.0,0.0,0.0,1.0,0.0,0.0
20260414_134505_905168,7,121,1.8393102884292603,-0.046539150178432465,-0.07261104774538299,9.28276823565551,0.0,0.03761047617041413,0.023129582405090332,-0.0635975921775156,0.00942944425011461,0.0333620664074306,0.02,0.05,0.0,carpet,12345,2458048498,0,0,7,2,2,2,0.6375758647918701,0.3756820559501648,0.05128767713904381,-0.4485323131084442,-0.6790524125099182,0.04856301099061966,0.388583242893219,0.2893083691596985,0.27122047543525696,0.7287795543670654,0.21327166259288788,-0.27290448546409607,0.20565302670001984,-0.20272904634475708,-0.08966861665248871,-0.2992202639579773,0.10233917832374573,0.26705652475357056,1.0,0.0,0.0,1.0,0.0,0.0,1.0,0.0,0.0
20260414_134505_905168,7,122,1.8388694524765015,-0.04655131697654724,-0.07358009659291655,9.209188139062594,0.0,0.028512027080694224,0.0012166798114776611,-0.7237083706725542,0.010710309040397286,0.05018131377753618,0.02,0.05,0.0,carpet,12345,2458048498,0,0,7,2,2,2,0.7459526062011719,-0.3430362939834595,-0.21466267108917236,-0.21401706337928772,-0.36098697781562805,-0.39328140020370483,0.6294933557510376,0.28770142793655396,0.2714441418647766,0.7285558581352234,0.2104087918996811,0.36452242732048035,0.15692007541656494,0.0,-0.17836257815361023,-0.2992202639579773,0.10331384092569351,0.2621832489967346,1.0,0.0,0.0,1.0,0.0,0.0,1.0,0.0,0.0
20260414_134505_905168,7,123,1.8715606927871704,-0.04067401587963104,-0.11306877432619354,9.096119364736401,-0.038742824160204366,-0.1255485071123985,-0.5877301096916199,-1.1141653726599259,0.014605483860386724,0.057308035599010036,0.02,0.05,0.0,carpet,12345,2458048498,0,0,7,2,2,2,-0.6970787048339844,-0.9916749596595764,-0.9182411432266235,-0.1326082944869995,0.530028760433197,0.9696879386901855,0.31071165204048157,0.28715038299560547,0.27145591378211975,0.7285441160202026,0.22555029392242432,0.4668616056442261,-0.14230018854141235,-0.05847953259944916,-0.11208576709032059,-0.19103313982486725,-0.12378167361021042,0.4035087823867798,1.0,0.0,0.0,1.0,0.0,0.0,1.0,0.0,0.0
20260414_134505_905168,7,124,1.8551104068756104,-0.041892871260643005,-0.05382216047086616,9.042297204265536,-0.007020510671274665,-0.0636899958089856,0.12188553810119629,0.281543778620545,0.016268495417488732,0.06658356239794239,0.02,0.021845622137945497,0.0,carpet,12345,2458048498,0,0,7,2,2,2,-0.6443244218826294,0.40529099106788635,0.46884939074516296,-0.3969730734825134,0.6983039379119873,-0.43668192625045776,0.4865317642688751,0.3280143737792969,0.26577287912368774,0.734227180480957,0.20664817094802856,-0.38791424036026,-0.14424951374530792,-0.08576998114585876,-0.11403508484363556,0.1871345043182373,0.27387914061546326,0.1598440557718277,1.0,0.0,0.0,1.0,0.0,0.0,1.0,0.0,0.0
20260414_134505_905168,7,125,1.8025212287902832,-0.07104077935218811,0.29992387426267103,9.342221078528206,0.32355395150352706,0.6809302054318778,2.9147908091545105,0.6002516465204764,0.012620848971272514,0.04735984687457559,0.02,0.0,0.0,carpet,12345,2458048498,0,0,7,2,2,2,-1.0,-0.8046844005584717,0.4316316843032837,-0.835193932056427,0.3284893035888672,-0.8042575120925903,0.21315708756446838,0.30745163559913635,0.26695144176483154,0.7330485582351685,0.2201865166425705,-0.4161793291568756,0.12280701845884323,0.1461988240480423,-0.2846003770828247,0.4093567132949829,-0.1803118884563446,0.30994153022766113,1.0,0.0,0.0,1.0,0.0,0.0,1.0,0.0,0.0
20260414_134505_905168,7,126,1.7987799644470215,-0.07263200730085373,0.23436371467745687,9.576584793205663,0.25665556553361474,0.5504783527905488,0.1591227948665619,1.1082925585521508,0.009900152266749175,0.026036712589659363,0.02,0.0,0.0,carpet,12345,2458048498,0,0,7,2,2,2,-0.694499135017395,0.020242268219590187,0.19985836744308472,-1.0,0.8394234776496887,-0.1235852763056755,0.1396442949771881,0.24171504378318787,0.29513588547706604,0.7048640847206116,0.1300097107887268,-0.5799220204353333,-0.3606237769126892,0.30799219012260437,-0.4805068373680115,0.26023390889167786,-0.2495126724243164,0.1666666716337204,1.0,0.0,0.0,1.0,0.0,0.0,1.0,0.0,0.0
20260414_134505_905168,7,127,1.747696876525879,-0.09433619678020477,0.4438471739926289,10.020431967198292,0.46434025721881417,0.9554635015766877,2.1704189479351044,2.0261455839584244,0.004930832261852423,0.0,0.02,0.0,0.0,carpet,12345,2458048498,0,0,7,2,2,2,0.5392904877662659,-0.14909552037715912,-0.6838901042938232,-0.1886240541934967,-0.1736244112253189,-0.9592408537864685,0.24818167090415955,0.23703841865062714,0.296674519777298,0.7033255100250244,0.10622462630271912,-0.47465887665748596,-0.010721247643232346,0.10818713158369064,-0.5857699513435364,0.5038986206054688,-0.09259258955717087,0.07992202788591385,1.0,0.0,0.0,1.0,0.0,0.0,1.0,0.0,0.0
20260414_134505_905168,7,128,1.7663042545318604,-0.08609773963689804,0.21591658833830968,10.236348555536601,0.23622369107684668,0.510636197599851,-0.8238457143306732,2.508269754477581,0.0030710273853701156,0.0,0.02,0.0,0.0,carpet,12345,2458048498,0,0,7,2,2,2,-0.5689131021499634,0.13855624198913574,0.44949933886528015,0.8664518594741821,0.8339037299156189,-0.3965657651424408,0.573585569858551,0.1731845885515213,0.3176612854003906,0.6823387145996094,0.059019699692726135,0.32358673214912415,-0.10916179418563843,-0.317738801240921,-0.0487329438328743,0.0974658876657486,-0.4220272898674011,0.1666666716337204,1.0,0.0,0.0,1.0,0.0,0.0,1.0,0.0,0.0
20260414_134505_905168,7,129,1.865913987159729,-0.009140830487012863,-0.787271948016359,9.449076607520242,-0.7645874772037152,-1.5409455805472447,-7.695690914988518,1.092872681042735,0.006827057731327498,0.0400353007902196,0.02,0.0,0.0,carpet,12345,2458048498,0,0,7,2,2,2,0.2678828239440918,0.7488603591918945,-0.38304227590560913,-0.6117453575134277,-0.1873851716518402,0.8098859786987305,0.8785985112190247,0.19644394516944885,0.30969512462615967,0.6903048753738403,0.10089021176099777,-0.3411306142807007,0.09941520541906357,-0.3820662796497345,0.23976607620716095,0.28947368264198303,-0.3118908405303955,0.31481480598449707,1.0,0.0,0.0,1.0,0.0,0.0,1.0,0.0,0.0
20260414_134505_905168,7,130,1.8294525146484375,-0.05957523733377457,0.004728398125546949,9.453805005645789,0.028282556799288507,0.10515098575861259,5.04344068467617,1.2617136626103331,0.007922644458652834,0.0552378845575255,0.02,0.0,0.0,carpet,12345,2458048498,0,0,7,2,2,2,-0.7826814651489258,-0.6458594799041748,-0.7169973850250244,-0.6213107705116272,-0.03838207945227623,-1.0,0.5690732598304749,0.3209560513496399,0.23528198897838593,0.7647179961204529,0.3123790919780731,0.1461988240480423,0.40643274784088135,-0.37231969833374023,-0.3206627666950226,-0.1247563362121582,0.3391812741756439,0.4941520392894745,1.0,0.0,0.0,1.0,0.0,0.0,1.0,0.0,0.0
20260414_134505_905168,7,131,1.7952779531478882,-0.07030130922794342,0.1307596013307851,9.584564606976574,0.15231540342214583,0.34701503667318434,1.0726071894168854,0.9277984938516397,0.0065048412504918355,0.018106359326231603,0.02,0.0,0.0,carpet,12345,2458048498,0,0,7,2,2,2,0.4056050479412079,-0.4439311921596527,-0.793765127658844,-0.8054414391517639,-0.20718830823898315,0.9272410869598389,-0.3204861879348755,0.2753791809082031,0.2840493321418762,0.7159506678581238,0.22572818398475647,-0.4356725215911865,-0.01461988314986229,-0.022417154163122177,-0.37914231419563293,0.003898635506629944,-0.07894736528396606,0.39278751611709595,1.0,0.0,0.0,1.0,0.0,0.0,1.0,0.0,0.0
20260414_134505_905168,7,132,1.8079230785369873,-0.076579749584198,0.16688685670970446,9.751451463686278,0.1883191212365362,0.4172222864112456,0.6278440356254578,0.7945424274723365,0.006280344457077238,0.016084601622481067,0.02,0.0,0.0,carpet,12345,2458048498,0,0,7,2,2,2,-0.7417927980422974,-1.0,0.3577618896961212,-0.14536316692829132,-0.54058438539505,0.0797080472111702,0.2291165590286255,0.23266105353832245,0.29442083835601807,0.7055791616439819,0.05855736881494522,0.24074074625968933,-0.2904483377933502,0.1393762230873108,-0.429824560880661,-0.1111111119389534,0.4941520392894745,-0.21345029771327972,1.0,0.0,0.0,1.0,0.0,0.0,1.0,0.0,0.0
20260414_134505_905168,7,133,1.8066869974136353,-0.07665862143039703,0.08005328528773835,9.831504748974016,0.1358402620325198,0.31488851096341364,0.007887184619903564,0.15396743685906245,0.006040434105682688,0.011593540402388537,0.02,0.03460325631409376,0.0,carpet,12345,2458048498,0,0,7,2,2,2,-0.3277374505996704,-0.9410676956176758,-0.4764854311943054,-0.8702432513237,-0.4390210807323456,0.3093850016593933,0.19861234724521637,0.24846744537353516,0.3004917502403259,0.6995082497596741,0.1475166380405426,-0.4307992160320282,-0.5029239654541016,0.2846003770828247,-0.09259258955717087,-0.30994153022766113,0.12085770070552826,0.16179336607456207,1.0,0.0,0.0,1.0,0.0,0.0,1.0,0.0,0.0
20260414_134505_905168,7,134,1.72279953956604,-0.1053115501999855,0.4426188473326511,10.274123596306667,0.4628151807498867,0.9524896024622791,2.865292876958847,0.5958208417214905,0.001963334172355733,0.0,0.02,0.0,0.0,carpet,12345,2458048498,0,0,7,2,2,2,0.344441682100296,0.37828364968299866,0.5423051714897156,0.45767298340797424,-0.4028216004371643,-0.759327232837677,-0.16855685412883759,0.2469222992658615,0.3005680441856384,0.6994319558143616,0.13727030158042908,-0.21832358837127686,-0.5643274784088135,0.376218318939209,-0.3801169693470001,-0.21929824352264404,0.19298245012760162,0.11500974744558334,1.0,0.0,0.0,1.0,0.0,0.0,1.0,0.0,0.0
20260414_134505_905168,7,135,1.684190273284912,-0.09366792440414429,0.17142193779087475,10.445545534097542,0.19142387535931704,0.42327655695066824,-1.1643625795841217,2.5600429792194035,1.9375684423044105e-05,0.0,0.02,0.0,0.0,carpet,12345,2458048498,0,0,7,2,2,2,-0.6895613074302673,-0.90813148021698,-0.31413698196411133,0.6790554523468018,0.9812042713165283,-0.33830952644348145,-0.25682055950164795,0.1420629471540451,0.32827386260032654,0.6717261075973511,-0.03474784642457962,0.16764132678508759,-0.3255360722541809,0.028265107423067093,0.24756334722042084,-0.24074074625968933,-0.19395712018013,-0.0692007765173912,1.0,0.0,0.0,1.0,0.0,0.0,1.0,0.0,0.0
20260414_134505_905168,7,136,1.7214986085891724,-0.11419421434402466,0.380315213441031,10.825860747538574,0.400315213441031,0.8306146662100105,2.052628993988037,3.2855066596708014,0.0,0.0,0.02,0.0,0.0,carpet,12345,2458048498,0,0,7,2,2,2,0.6760165691375732,0.4429958760738373,-0.7937607169151306,-0.2849205732345581,-0.06663082540035248,0.24929890036582947,-0.0486520454287529,0.09380130469799042,0.3170150816440582,0.6829848885536194,-0.10803733021020889,-0.4025341272354126,-0.48245614767074585,-0.02144249528646469,0.2836257219314575,0.08771929889917374,-0.24658869206905365,-0.16276803612709045,1.0,0.0,0.0,1.0,0.0,0.0,1.0,0.0,0.0
20260414_134505_905168,7,137,1.6802568435668945,-0.07968748360872269,-0.1172857788333546,10.70857496870522,-0.0972857788333546,-0.23970726872504144,-3.450673073530197,2.6987843542725756,0.0,0.0,0.02,0.0,0.0,carpet,12345,2458048498,0,0,7,2,2,2,-1.0,1.0,0.6894887685775757,0.2899027168750763,-0.705563485622406,0.34515348076820374,-0.8728308081626892,0.14043673872947693,0.3368629217147827,0.6631371378898621,-0.02962246723473072,0.3801169693470001,-0.010721247643232346,-0.29532164335250854,-0.1598440557718277,-0.044834308326244354,0.06627680361270905,-0.07407407462596893,1.0,0.0,0.0,1.0,0.0,0.0,1.0,0.0,0.0
20260414_134505_905168,7,138,1.7210651636123657,-0.08320918679237366,-0.041404036898719625,10.667170931806501,-0.021404036898719624,-0.09173787195250327,0.35217031836509705,2.1898241959088267,0.0,0.0,0.02,0.0,0.0,carpet,12345,2458048498,0,0,7,2,2,2,-0.07763580232858658,-0.24301113188266754,0.27989885210990906,0.5675023794174194,-0.829087495803833,-0.9133186340332031,0.7480878233909607,0.08888454735279083,0.303496778011322,0.696503221988678,-0.15829889476299286,-0.6179337501525879,0.5945419073104858,-0.4912280738353729,0.16764132678508759,-0.40545809268951416,0.22709551453590393,-0.5214424729347229,1.0,0.0,0.0,1.0,0.0,0.0,1.0,0.0,0.0
20260414_134505_905168,7,139,1.631924033164978,-0.082275390625,-0.04161451699933755,10.625556414807164,-0.02161451699933755,-0.09214830814870822,-0.09337961673736572,1.7827873767967048,0.0,0.0,0.02,0.0,0.0,carpet,12345,2458048498,0,0,7,2,2,2,0.5701870918273926,-0.8534560203552246,-0.2732791602611542,-0.669436514377594,0.009598758071660995,-0.8223543167114258,-0.517991304397583,0.13989505171775818,0.30690208077430725,0.6930978894233704,0.08918920159339905,-0.027290448546409607,-0.10331384092569351,-0.3898635506629944,0.35672515630722046,-0.46978557109832764,-0.4444444477558136,0.4658869504928589,1.0,0.0,0.0,1.0,0.0,0.0,1.0,0.0,0.0
20260414_134505_905168,7,140,1.6332541704177856,-0.08476054668426514,-0.02,10.605556414807165,0.0,-0.006982329629920514,0.24851560592651367,0.8233154447045052,0.0,0.0,0.02,0.0,0.0,carpet,12345,2458048498,0,0,7,2,2,2,-0.6635527014732361,-0.9136521220207214,0.06743207573890686,0.24835580587387085,0.039125245064496994,-0.7067306637763977,-0.39666318893432617,0.02846851386129856,0.30599913001060486,0.6940008401870728,-0.20235124230384827,0.3625730872154236,-0.4922027289867401,-0.044834308326244354,-0.2017543911933899,0.06530214101076126,-0.46101364493370056,-0.29337233304977417,1.0,0.0,0.0,1.0,0.0,0.0,1.0,0.0,0.0
20260414_134505_905168,7,141,1.7244094610214233,-0.08098449558019638,-0.06541531105274623,10.540141103754419,-0.025455397345715423,-0.09963802482414508,-0.3776051104068756,0.3004008629296919,0.0,0.0,0.02,0.019959913707030808,0.0,carpet,12345,2458048498,0,0,7,2,2,2,-1.0,0.07371791452169418,-0.547714352607727,0.9822900891304016,-0.6460635662078857,-0.46727997064590454,1.0,0.03013134002685547,0.3084021508693695,0.6915978193283081,-0.19201919436454773,-0.39863547682762146,-0.5038986206054688,0.0692007765173912,0.13352826237678528,0.010721247643232346,-0.4288499057292938,-0.24463938176631927,1.0,0.0,0.0,1.0,0.0,0.0,1.0,0.0,0.0
20260414_134505_905168,7,142,1.6480075120925903,-0.10269419848918915,0.1443661815931812,10.6845072853476,0.2143661815931812,0.46801405410670327,2.1709702908992767,-0.06219974917361526,0.0,0.0,0.02,0.05,0.0,carpet,12345,2458048498,0,0,7,2,2,2,0.8008233308792114,0.24870771169662476,-0.13507717847824097,-0.3645969033241272,0.3470587730407715,-0.3362320363521576,-0.6417423486709595,0.1440753936767578,0.304750919342041,0.695249080657959,0.1215149536728859,-0.6276803016662598,0.00487329438328743,-0.20370370149612427,0.5155945420265198,-0.41325536370277405,-0.30799219012260437,0.5847952961921692,1.0,0.0,0.0,1.0,0.0,0.0,1.0,0.0,0.0
20260414_134505_905168,7,143,1.6974023580551147,-0.11055503785610199,0.23514437166812382,10.919651657015724,0.2551443716681238,0.5475315247528414,0.7860839366912842,0.7250390443042676,0.0,0.0,0.02,0.0,0.0,carpet,12345,2458048498,0,0,7,2,2,2,0.5070505142211914,-0.7581464052200317,-0.246370330452919,0.9783813953399658,-0.845227062702179,-0.6107552647590637,0.5223084688186646,0.04857292026281357,0.32574301958084106,0.6742569804191589,-0.18563982844352722,0.4795321524143219,0.08479531854391098,-0.37914231419563293,-0.22612085938453674,0.20662768185138702,-0.19785575568675995,-0.39181286096572876,1.0,0.0,0.0,1.0,0.0,0.0,1.0,0.0,0.0
20260414_134505_905168,7,144,1.6458622217178345,-0.10089940577745438,0.04115786748638531,10.960809524502109,0.06115786748638531,0.16925784159845136,-0.9655632078647614,0.9860347578552222,0.0,0.0,0.02,0.0,0.0,carpet,12345,2458048498,0,0,7,2,2,2,0.0551009364426136,0.2659127414226532,0.9458679556846619,0.2495112270116806,0.9116864800453186,-0.88614821434021,-0.08401495963335037,0.11031647026538849,0.333344042301178,0.666655957698822,0.015497934073209763,0.3206627666950226,-0.4288499057292938,-0.2368421107530594,0.5536062121391296,-0.4922027289867401,-0.3479532301425934,0.3070175349712372,1.0,0.0,0.0,1.0,0.0,0.0,1.0,0.0,0.0
20260414_134505_905168,7,145,1.6912462711334229,-0.12974946200847626,0.3893306599868589,11.350140184488968,0.4093306599868589,0.8481947869743749,2.885005623102188,1.9263778529783053,0.0,0.0,0.02,0.0,0.0,carpet,12345,2458048498,0,0,7,2,2,2,-0.2214089184999466,0.2643415927886963,1.0,-0.25216367840766907,-0.6473375558853149,-0.6248326301574707,0.5254624485969543,0.04589138180017471,0.3240075707435608,0.6759924292564392,-0.13983790576457977,0.008771929889917374,0.10623781383037567,-0.41228070855140686,0.09259258955717087,0.35672515630722046,-0.556530237197876,-0.0555555559694767,1.0,0.0,0.0,1.0,0.0,0.0,1.0,0.0,0.0
20260414_134505_905168,7,146,1.6609525680541992,-0.13308241963386536,0.3233179645464219,11.67345814903539,0.34331796454642194,0.7194700308655229,0.3332957625389099,2.6528302134737487,0.0,0.0,0.02,0.0,0.0,carpet,12345,2458048498,0,0,7,2,2,2,-0.35135674476623535,-0.6579180955886841,-0.7141421437263489,0.20052561163902283,-0.8914290070533752,-0.08337626606225967,-0.21534475684165955,0.10262145847082138,0.3519039750099182,0.6480960249900818,0.025822943076491356,-0.14424951374530792,0.1520467847585678,-0.35867446660995483,-0.07699804753065109,-0.2144249528646469,-0.3684210479259491,0.32358673214912415,1.0,0.0,0.0,1.0,0.0,0.0,1.0,0.0,0.0
20260414_134505_905168,7,147,1.6970305442810059,-0.1386333853006363,0.302244443496616,11.975702592532006,0.322244443496616,0.6783766648184013,0.5550965666770935,3.430844903116295,0.0,0.0,0.02,0.0,0.0,carpet,12345,2458048498,0,0,7,2,2,2,0.8568835258483887,-0.1266993284225464,-0.7664722800254822,-0.08945968002080917,0.270548939704895,-0.35548409819602966,0.6065759062767029,0.06475429236888885,0.3551267981529236,0.6448732018470764,-0.09266968071460724,-0.16179336607456207,-0.32943469285964966,-0.09551656991243362,0.13060428202152252,-0.5136452317237854,-0.02436647191643715,-0.13450291752815247,1.0,0.0,0.0,1.0,0.0,0.0,1.0,0.0,0.0
20260414_134505_905168,7,148,1.5200320482254028,-0.0264132097363472,-1.02,10.955702592532006,-1.0,-2.2967218904934157,-11.22201755642891,0.6661089585161761,0.0,0.0,0.02,0.0,0.0,carpet,12345,2458048498,0,0,7,2,2,2,-0.08083575963973999,-0.9714615941047668,0.33986690640449524,0.21145887672901154,-1.0,-0.891005277633667,-0.7483054399490356,0.1098516434431076,0.3604942858219147,0.6395056843757629,0.03364913538098335,0.5058479309082031,-0.14035087823867798,-0.20272904634475708,-0.07894736528396606,0.10526315867900848,-0.27582845091819763,0.34210526943206787,1.0,0.0,0.0,1.0,0.0,0.0,1.0,0.0,0.0
20260414_134505_905168,7,149,1.6064903736114502,-0.08599638193845749,-0.1638267245216946,10.791875868010312,-0.09382672452169462,-0.2329621128173045,5.958317220211029,-0.11438467905396976,0.0,0.0,0.02,0.05,0.0,carpet,12345,2458048498,0,0,7,2,2,2,-0.7576668858528137,-0.7331933975219727,0.823926568031311,0.8682134747505188,-0.4715736508369446,-0.7612441778182983,0.801262378692627,-0.1113964095711708,0.2519834339618683,0.7480165958404541,-0.35133546590805054,-0.03118908405303955,-0.516569197177887,-0.010721247643232346,0.1588694006204605,-0.39181286096572876,-0.42105263471603394,-0.4522417187690735,1.0,0.0,0.0,1.0,0.0,0.0,1.0,0.0,0.0
20260414_134505_905168,7,150,1.6447360515594482,-0.11618150025606155,0.2313732433839415,11.023249111394254,0.27174685811647165,0.5799063733271197,3.0185118317604065,0.29626385267469857,0.0,0.0,0.02,0.020373614732530146,0.0,carpet,12345,2458048498,0,0,7,2,2,2,0.18588753044605255,0.4264760911464691,-0.4586954712867737,-0.7137540578842163,0.8744761347770691,-0.37764450907707214,0.572697639465332,-0.0033235549926757812,0.3095971643924713,0.6904028654098511,-0.02384701371192932,-0.44054579734802246,-0.41325536370277405,-0.01949317753314972,0.4327485263347626,-0.3196881115436554,-0.4951266944408417,0.46198830008506775,1.0,0.0,0.0,1.0,0.0,0.0,1.0,0.0,0.0
20260414_134505_905168,7,151,1.5734370946884155,-0.10179479420185089,-0.05704506223586537,10.966204049158389,0.012954937764134635,0.07526212864006254,-1.4386706054210663,-0.4766688056596138,0.0,0.0,0.02,0.05,0.0,carpet,12345,2458048498,0,0,7,2,2,2,-0.22985310852527618,-0.8784410357475281,0.033284373581409454,0.8967151045799255,0.14164140820503235,-0.6862074732780457,-0.3162170648574829,0.04448356479406357,0.33878451585769653,0.6612154841423035,-0.00427709287032485,0.07797271013259888,0.18518517911434174,-0.25243663787841797,-0.4532163739204407,0.4307992160320282,-0.3869395852088928,0.3274853825569153,1.0,0.0,0.0,1.0,0.0,0.0,1.0,0.0,0.0
20260414_134505_905168,7,152,1.6424932479858398,-0.13182233273983002,0.3182743897074542,11.284478438865843,0.3882743897074542,0.8071350599295357,3.0027538537979126,-0.3890037765956009,0.0,0.0,0.02,0.05,0.0,carpet,12345,2458048498,0,0,7,2,2,2,0.6861237287521362,-0.1856618970632553,-0.01853873021900654,-0.5307936668395996,-0.18468651175498962,-0.40814024209976196,0.5618999004364014,-0.04464016109704971,0.3248733580112457,0.6751266121864319,-0.19740179181098938,-0.11013644933700562,-0.47465887665748596,-0.2085769921541214,0.28947368264198303,0.03313840180635452,-0.40740740299224854,-0.1803118884563446,1.0,0.0,0.0,1.0,0.0,0.0,1.0,0.0,0.0
20260414_134505_905168,7,153,1.6562470197677612,-0.13465024530887604,0.2510508252170799,11.535529264082923,0.3210508252170799,0.6760491091733059,0.28279125690460205,-0.3913313322406964,0.0,0.0,0.02,0.05,0.0,carpet,12345,2458048498,0,0,7,2,2,2,-0.5491883158683777,0.41965121030807495,-0.5893007516860962,0.011543050408363342,-0.6443536877632141,0.379385381937027,0.35270094871520996,0.041680146008729935,0.35390833020210266,0.646091639995575,0.005624356679618359,0.401559442281723,-0.14814814925193787,-0.25925925374031067,-0.2719298303127289,-0.08576998114585876,-0.26023390889167786,0.32358673214912415,1.0,0.0,0.0,1.0,0.0,0.0,1.0,0.0,0.0
20260414_134505_905168,7,154,1.6663925647735596,-0.12602770328521729,0.1038324519428223,11.639361716025745,0.1238324519428223,0.29147328128850347,-0.8622542023658752,2.1968638395412228,0.0,0.0,0.02,0.0,0.0,carpet,12345,2458048498,0,0,7,2,2,2,-0.1756114512681961,0.04775884002447128,0.9304074048995972,-0.10796678811311722,-0.8112435936927795,-0.196860209107399,0.6587421894073486,0.058872222900390625,0.35664281249046326,0.6433571577072144,0.01738104037940502,-0.33820661902427673,0.25438597798347473,-0.3966861665248871,0.002923976629972458,-0.40545809268951416,0.14912280440330505,0.1881091594696045,1.0,0.0,0.0,1.0,0.0,0.0,1.0,0.0,0.0
20260414_134505_905168,7,155,1.6069846153259277,-0.1376325637102127,0.21524434440578147,11.854606060431527,0.23524434440578146,0.5087264715912738,1.1604860424995422,2.938552423949801,0.0,0.0,0.02,0.0,0.0,carpet,12345,2458048498,0,0,7,2,2,2,0.8418512940406799,-0.3015701472759247,-0.2182765007019043,-0.07032419741153717,0.6732679009437561,-0.0581897608935833,-0.28058186173439026,0.07155418395996094,0.34830522537231445,0.6516947746276855,0.06766168028116226,-0.10623781383037567,0.04385964944958687,-0.3674463927745819,-0.04775828495621681,-0.44736841320991516,-0.10136452317237854,0.3947368562221527,1.0,0.0,0.0,1.0,0.0,0.0,1.0,0.0,0.0
20260414_134505_905168,7,156,1.6169509887695312,-0.14486001431941986,0.2426826250890359,12.097288685520562,0.2626826250890359,0.56223111892362,0.7227450609207153,2.9208771695463014,0.0,0.0,0.02,0.0,0.0,carpet,12345,2458048498,0,0,7,2,2,2,-0.919946551322937,-0.7248021364212036,0.2136666178703308,0.7511717081069946,0.21311599016189575,-0.1671108454465866,-0.018448160961270332,-0.0027057647239416838,0.35952651500701904,0.6404734253883362,-0.13937553763389587,0.5107212662696838,-0.18518517911434174,-0.359649121761322,-0.1042884960770607,0.14230018854141235,-0.061403509229421616,-0.18323586881160736,1.0,0.0,0.0,1.0,0.0,0.0,1.0,0.0,0.0
20260414_134505_905168,7,157,1.6610472202301025,-0.15332292020320892,0.27910050578843515,12.376389191308997,0.29910050578843517,0.6332459862874487,0.8462905883789062,3.4788610271936875,0.0,0.0,0.02,0.0,0.0,carpet,12345,2458048498,0,0,7,2,2,2,-0.013446208089590073,-0.13920274376869202,0.31463688611984253,-0.021206168457865715,0.5775828957557678,0.2100394070148468,0.21129244565963745,0.009752273559570312,0.36651507019996643,0.6334848999977112,-0.10022900998592377,-0.5467836260795593,-0.3820662796497345,-0.2582845985889435,0.17641325294971466,0.06335282325744629,-0.1384015530347824,-0.03118908405303955,1.0,0.0,0.0,1.0,0.0,0.0,1.0,0.0,0.0
20260414_134505_905168,7,158,1.7259843349456787,-0.14286117255687714,0.06379015310630715,12.440179344415304,0.08379015310630715,0.21339079855729892,-1.0461747646331787,2.8851167658214507,0.0,0.0,0.02,0.0,0.0,carpet,12345,2458048498,0,0,7,2,2,2,0.6186776757240295,-0.5353860855102539,-0.13121025264263153,-1.0,0.35458824038505554,0.49364882707595825,-0.005555375479161739,0.06487254798412323,0.3746982514858246,0.6253017783164978,-0.024988243356347084,-0.03216374292969704,-0.16179336607456207,-0.38791424036026,-0.044834308326244354,0.2631579041481018,-0.09941520541906357,0.07992202788591385,1.0,0.0,0.0,1.0,0.0,0.0,1.0,0.0,0.0
20260414_134505_905168,7,159,1.5790162086486816,-0.11848276853561401,-0.22482923159672358,12.21535011281858,-0.2048292315967236,-0.449417001613611,-2.4378404021263123,1.7596506550345339,0.0,0.0,0.02,0.0,0.0,carpet,12345,2458048498,0,0,7,2,2,2,-0.18869458138942719,0.23964549601078033,0.3122856616973877,0.31695565581321716,-0.4204792082309723,-0.9934961199760437,-0.371880441904068,0.14604397118091583,0.3645823299884796,0.6354176998138428,0.035880446434020996,0.37037035822868347,-0.34990254044532776,-0.27582845091819763,-0.48927876353263855,0.2144249528646469,0.21734893321990967,-0.02923976629972458,1.0,0.0,0.0,1.0,0.0,0.0,1.0,0.0,0.0
20260414_134505_905168,7,160,1.7048954963684082,-0.14551760256290436,0.12810671767797274,12.343456830496553,0.14810671767797273,0.3388080994720468,2.7034834027290344,1.8069854732180772,0.0,0.0,0.02,0.0,0.0,carpet,12345,2458048498,0,0,7,2,2,2,0.8039165139198303,0.6256357431411743,0.4122706353664398,-0.09426086395978928,0.39273780584335327,0.5452098250389099,0.4648919999599457,-0.03766613081097603,0.3410097360610962,0.6589903235435486,-0.17195826768875122,-0.14327485859394073,0.07309941202402115,-0.5555555820465088,0.19298245012760162,-0.2290448397397995,-0.2719298303127289,-0.19200779497623444,1.0,0.0,0.0,1.0,0.0,0.0,1.0,0.0,0.0
20260414_134505_905168,7,161,1.720429539680481,-0.13849161565303802,-0.005406973406471621,12.338049857090082,0.01459302659352838,0.07845640185738034,-0.7025986909866333,1.3767154034841838,0.0,0.0,0.02,0.0,0.0,carpet,12345,2458048498,0,0,7,2,2,2,0.8323153853416443,0.8387011289596558,-0.22082166373729706,-0.6910645961761475,0.35135552287101746,0.48110705614089966,0.500857412815094,0.11968288570642471,0.3671509623527527,0.6328490972518921,0.061309803277254105,0.4736842215061188,0.31578946113586426,-0.7105262875556946,-0.09454190731048584,0.17738790810108185,-0.02144249528646469,0.2514619827270508,1.0,0.0,0.0,1.0,0.0,0.0,1.0,0.0,0.0
20260414_134505_905168,7,162,1.6660302877426147,-0.14458869397640228,0.0627021843472558,12.400752041437338,0.0827021843472558,0.2112692594771488,0.6097078323364258,1.0257535440377126,0.0,0.0,0.02,0.0,0.0,carpet,12345,2458048498,0,0,7,2,2,2,-0.30531933903694153,-0.8532517552375793,-0.10271972417831421,-0.006405689753592014,0.7315598130226135,-0.6054092645645142,-0.09544246643781662,0.13910046219825745,0.3603571653366089,0.6396428346633911,0.09274929761886597,0.4736842215061188,0.4307992160320282,-0.7183235883712769,-0.3898635506629944,0.18518517911434174,0.10136452317237854,0.2495126724243164,1.0,0.0,0.0,1.0,0.0,0.0,1.0,0.0,0.0
20260414_134505_905168,7,163,1.8105944395065308,-0.10446732491254807,-0.47747809332744,11.923273948109898,-0.40747809332744,-0.844582281988508,-4.012136906385422,-0.45207472423824413,0.0,0.0,0.02,0.05,0.0,carpet,12345,2458048498,0,0,7,2,2,2,0.3492661416530609,-0.7235684394836426,0.7565012574195862,0.8059126734733582,-0.11165434867143631,0.8577777147293091,0.7785922288894653,0.07110138237476349,0.36625275015830994,0.6337472796440125,-0.058076899498701096,-0.17446394264698029,-0.3479532301425934,-0.45516568422317505,-0.010721247643232346,0.4230019450187683,-0.35672515630722046,-0.04385964944958687,1.0,0.0,0.0,1.0,0.0,0.0,1.0,0.0,0.0
20260414_134505_905168,7,164,1.755523443222046,-0.134935200214386,-0.029866578946370435,11.893407369163528,0.04013342105362957,0.12826017105457765,3.046787530183792,-0.5372053517409654,0.0,0.0,0.02,0.05,0.0,carpet,12345,2458048498,0,0,7,2,2,2,-0.09592411667108536,0.16098052263259888,-0.8176278471946716,0.5699138641357422,-0.09322100877761841,-0.8812823295593262,0.5165371894836426,0.2518066465854645,0.3274575173854828,0.6725424528121948,0.22907502949237823,0.20662768185138702,-0.4434697926044464,-0.46198830008506775,0.4113060534000397,-0.1588694006204605,0.2017543911933899,0.4444444477558136,1.0,0.0,0.0,1.0,0.0,0.0,1.0,0.0,0.0
20260414_134505_905168,7,165,1.5615240335464478,-0.1115139052271843,-0.2953011519944167,11.59810621716911,-0.22530115199441672,-0.4893372463891126,-2.342129498720169,-0.577125596516467,0.0,0.0,0.02,0.05,0.0,carpet,12345,2458048498,0,0,7,2,2,2,-0.8190475702285767,-0.9620650410652161,0.9562655091285706,-0.021218974143266678,-0.20472966134548187,-0.964298665523529,-0.31662532687187195,0.18296775221824646,0.3569183051586151,0.6430816650390625,0.11950283497571945,-0.09161793440580368,0.018518518656492233,-0.6998050808906555,0.3323586881160736,-0.04093567281961441,-0.34210526943206787,0.35575050115585327,1.0,0.0,0.0,1.0,0.0,0.0,1.0,0.0,0.0
20260414_134505_905168,7,166,1.5769308805465698,-0.1159224659204483,-0.1760455986975597,11.422060618471551,-0.10604559869755968,-0.25678891746024135,0.44085606932640076,-1.1727226134487552,0.0,0.0,0.02,0.05,0.0,carpet,12345,2458048498,0,0,7,2,2,2,0.5325695872306824,-0.8295077085494995,0.6195181012153625,0.29179200530052185,0.4683123826980591,-1.0,0.14119261503219604,-0.059531401842832565,0.3342711925506592,0.6657288074493408,-0.1925988495349884,-0.471734881401062,-0.48245614767074585,-0.4093567132949829,0.08576998114585876,-0.039961013942956924,-0.46101364493370056,-0.1812865436077118,1.0,0.0,0.0,1.0,0.0,0.0,1.0,0.0,0.0
20260414_134505_905168,7,167,1.621924638748169,-0.11872830986976624,-0.10715158428831537,11.314909034183236,-0.03715158428831536,-0.12244558936221495,0.2805843949317932,-1.3736246046683505,0.0,0.0,0.02,0.05,0.0,carpet,12345,2458048498,0,0,7,2,2,2,0.4324852526187897,-0.08907032012939453,-0.4679125249385834,-0.6386590003967285,0.5737768411636353,-0.9959855079650879,0.7112387418746948,-0.04027290269732475,0.33853405714035034,0.6614659428596497,-0.12615476548671722,0.3187134563922882,-0.5350877046585083,-0.41325536370277405,0.1588694006204605,0.25925925374031067,-0.595516562461853,0.08089668303728104,1.0,0.0,0.0,1.0,0.0,0.0,1.0,0.0,0.0
20260414_134505_905168,7,168,1.6304271221160889,-0.14345622062683105,0.1742890137974059,11.489198047980642,0.24428901379740592,0.5263635769049415,2.472791075706482,-1.0585302872405578,0.0,0.0,0.02,0.05,0.0,carpet,12345,2458048498,0,0,7,2,2,2,0.16615861654281616,-0.793874979019165,0.09232731908559799,-0.8662340044975281,-0.5317468643188477,-0.5275750160217285,0.5702098608016968,0.015969276428222656,0.34124717116355896,0.6587528586387634,-0.005377111956477165,0.24853801727294922,-0.14035087823867798,-0.5584795475006104,-0.3401559591293335,0.3674463927745819,-0.6111111044883728,0.4093567132949829,1.0,0.0,0.0,1.0,0.0,0.0,1.0,0.0,0.0
20260414_134505_905168,7,169,1.6539095640182495,-0.15302103757858276,0.27142687241564273,11.760624920396284,0.29943236229359643,0.6338931064725131,0.9564816951751709,0.41994510122046336,0.0,0.0,0.02,0.008005489877953664,0.0,carpet,12345,2458048498,0,0,7,2,2,2,-1.0,0.5400797724723816,0.17771512269973755,0.1056613177061081,1.0,0.6723801493644714,0.5799183249473572,0.0265974048525095,0.36515769362449646,0.6348423361778259,0.008928426541388035,0.1384015530347824,-0.429824560880661,-0.38401558995246887,-0.401559442281723,0.19395712018013,-0.359649121761322,0.34210526943206787,1.0,0.0,0.0,1.0,0.0,0.0,1.0,0.0,0.0
20260414_134505_905168,7,170,1.5862224102020264,-0.14733333885669708,0.12524480092678572,11.88586972132307,0.1452448009267857,0.3332273618072321,-0.5687698721885681,0.6249122919731178,0.0,0.0,0.02,0.0,0.0,carpet,12345,2458048498,0,0,7,2,2,2,-0.40419965982437134,-0.8278177976608276,-0.0015119200106710196,0.33318424224853516,-0.9060139060020447,-0.8489040732383728,0.0010782460449263453,0.05595054477453232,0.3744063675403595,0.6255936622619629,0.03914312645792961,-0.6130604147911072,0.2787524461746216,-0.6101364493370056,-0.10038986057043076,0.3206627666950226,-0.20370370149612427,0.33138400316238403,1.0,0.0,0.0,1.0,0.0,0.0,1.0,0.0,0.0
20260414_134505_905168,7,171,1.6741187572479248,-0.16191329061985016,0.26944580278679353,12.155315524109863,0.28944580278679355,0.6144193154342474,1.4579951763153076,1.7286688537964778,0.0,0.0,0.02,0.0,0.0,carpet,12345,2458048498,0,0,7,2,2,2,0.6593236923217773,-0.8076731562614441,0.29891762137413025,-0.13457737863063812,-0.2370816469192505,0.7911685109138489,0.028337670490145683,-0.028658485040068626,0.3689066469669342,0.6310933232307434,-0.0975164994597435,-0.2300194948911667,-0.4395711421966553,-0.4327485263347626,0.2504873275756836,-0.38401558995246887,-0.3109161853790283,0.02923976629972458,1.0,0.0,0.0,1.0,0.0,0.0,1.0,0.0,0.0
20260414_134505_905168,7,172,1.57266366481781,-0.11258144676685333,-0.39050338961498504,11.764812134494878,-0.370503389614985,-0.7724816097492209,-4.933184385299683,1.2129761615074983,0.0,0.0,0.02,0.0,0.0,carpet,12345,2458048498,0,0,7,2,2,2,-0.2008107751607895,-0.6499209403991699,0.6913999319076538,-0.010327780619263649,0.7016334533691406,-0.7302330136299133,-0.651644766330719,0.08121204376220703,0.38300469517707825,0.6169953346252441,0.008609148673713207,0.3957115113735199,-0.5077972412109375,-0.3693957030773163,-0.08187134563922882,-0.1666666716337204,0.33040934801101685,-0.008771929889917374,1.0,0.0,0.0,1.0,0.0,0.0,1.0,0.0,0.0
20260414_134505_905168,7,173,1.6843993663787842,-0.1597512811422348,0.26199212926800897,12.026804263762887,0.281992129268009,0.5998846520726175,4.716983437538147,1.9353064029423308,0.0,0.0,0.02,0.0,0.0,carpet,12345,2458048498,0,0,7,2,2,2,0.3035632371902466,0.4389002025127411,0.3484203815460205,0.46349045634269714,1.0,-0.29628801345825195,0.2903457283973694,-0.04560680314898491,0.3353034555912018,0.6646965146064758,-0.24235667288303375,-0.12670564651489258,-0.3869395852088928,-0.39181286096572876,-0.046783626079559326,0.4025341272354126,-0.3801169693470001,-0.3830409348011017,1.0,0.0,0.0,1.0,0.0,0.0,1.0,0.0,0.0
20260414_134505_905168,7,174,1.7300190925598145,-0.1638343781232834,0.23743123773367544,12.264235501496563,0.25743123773367543,0.5519909135806671,0.4083096981048584,1.9609337396180564,0.0,0.0,0.02,0.0,0.0,carpet,12345,2458048498,0,0,7,2,2,2,-0.05954650044441223,-0.930287778377533,-0.2934865653514862,-0.25494521856307983,-0.3716106414794922,-0.15563084185123444,0.6333014369010925,0.09406280517578125,0.3809141218662262,0.6190858483314514,-0.008678128011524677,0.15107212960720062,0.14327485859394073,-0.77582848072052,0.06432748585939407,0.42787525057792664,-0.28265106678009033,0.153021439909935,1.0,0.0,0.0,1.0,0.0,0.0,1.0,0.0,0.0
