Run_ID,Episode,Timestep,X_Position,Y_Position,Rewards,Cumulative_Rewards,Progress_Reward,Distance_Progress_Cm,Raw_Distance_Progress_Cm,Window_Progress_Cm,X_Drift_Penalty,Heading_Penalty,Living_Penalty,No_Progress_Penalty,Backward_Penalty,Terrain,Experiment_Seed,Episode_Seed,Terrain_ID,Terrain_Block_Index,Episode_In_Terrain_Block,Design_Head,Design_Body,Design_Tail,Motor1_Action,Motor2_Action,Motor3_Action,Motor4_Action,Motor5_Action,Motor6_Action,Motor7_Action,X_Drift_Norm,Z_Progress_Norm,Z_Remaining_Norm,Heading_Norm,Motor1_Norm,Motor2_Norm,Motor3_Norm,Motor4_Norm,Motor5_Norm,Motor6_Norm,Motor7_Norm,Head_DESIGN_2,Head_DESIGN_5,Head_DESIGN_7,Body_DESIGN_2,Body_DESIGN_5,Body_DESIGN_7,Tail_DESIGN_2,Tail_DESIGN_5,Tail_DESIGN_7
20260415_113926_882272,0,0,1.0331560373306274,0.2939537167549133,-0.0486228901300674,-0.0486228901300674,-0.0286228901300674,-0.1058146357536315,-0.4232585430145263,0.0,0.0,0.0,0.02,0.0,0.0,artificial_grass,12345,2458047581,2,0,0,2,2,2,0.18304056,0.29827625,-0.716428,0.48266724,-0.2793686,0.42383367,-0.045083184,0.0,-0.0,1.0,0.0,0.007797271,-0.06822612,-0.048732944,0.02534113,-0.019493178,-0.06335282,0.09551657,1.0,0.0,0.0,1.0,0.0,0.0,1.0,0.0,0.0
20260415_113926_882272,0,1,0.9930206537246704,0.3091155886650085,-0.2294398843936431,-0.2780627745237106,-0.2094398843936431,-0.458407774567604,-1.5161871910095217,0.0,0.0,0.0,0.02,0.0,0.0,artificial_grass,12345,2458047581,2,0,0,2,2,2,0.778384,0.41074392,0.7595232,0.29502663,0.3710828,-0.23692398,-0.6808556,0.0045142174,-0.0040708967,1.0,-0.013527561,0.10818713,0.18615985,-0.43469787,0.28654972,-0.18421052,0.20857699,-0.04483431,1.0,0.0,0.0,1.0,0.0,0.0,1.0,0.0,0.0
20260415_113926_882272,0,2,1.0230944156646729,0.2816987037658691,0.1295468161809139,-0.1485159583427966,0.1495468161809139,0.341616291552782,2.7416884899139404,0.0,0.0,0.0,0.02,0.0,0.0,artificial_grass,12345,2458047581,2,0,0,2,2,2,0.83551306,0.93113893,0.5594259,-0.23090747,-0.07175231,-0.1695832,-0.046240404,-0.04565506,-0.018653516,1.0,-0.18322955,0.45321637,0.1705653,-0.049707603,0.11988304,0.18323587,-0.14035088,-0.39376217,1.0,0.0,0.0,1.0,0.0,0.0,1.0,0.0,0.0
20260415_113926_882272,0,3,1.0702122449874878,0.272497683763504,0.2037116506275458,0.0551956922847491,0.2237116506275458,0.4862377187237143,0.9201020002365112,0.0,0.0,0.0,0.02,0.0,0.0,artificial_grass,12345,2458047581,2,0,0,2,2,2,0.28803632,0.14532274,-0.0010272849,0.9252386,-0.59657276,0.70201516,0.114790365,-0.0080628395,0.0077159368,0.992284,-0.061004814,0.47076023,0.46588695,0.21150097,-0.16374269,-0.03411306,-0.099415205,-0.031189084,1.0,0.0,0.0,1.0,0.0,0.0,1.0,0.0,0.0
20260415_113926_882272,0,4,1.0697100162506104,0.2545170187950134,0.3718948273102824,0.4270905195950315,0.3918948273102824,0.8141949132550508,1.79806649684906,0.0,0.0,0.0,0.02,0.0,0.0,artificial_grass,12345,2458047581,2,0,0,2,2,2,-0.3970573,0.41940045,0.24148752,0.40198058,-0.10570238,-0.5696718,0.4970796,0.050834466,0.016565436,0.98343456,0.037789296,0.24074075,0.14230019,0.009746589,0.50779724,-0.460039,0.34015596,0.02534113,1.0,0.0,0.0,1.0,0.0,0.0,1.0,0.0,0.0
20260415_113926_882272,0,5,1.098056435585022,0.2735503017902374,0.0234944154157374,0.450584935010769,0.0434944154157374,0.1348141100606881,-1.9033282995224,1.2126406232709996,0.0,0.0,0.02,0.0,0.0,artificial_grass,12345,2458047581,2,0,0,2,2,2,-0.35764453,0.37166005,-0.058529504,0.15703835,-0.3567153,-0.49870604,1.0,0.05020666,0.03385918,0.96614087,0.06066666,-0.24561404,0.26803118,0.15009746,0.23489279,-0.064327486,-0.3362573,0.3079922,1.0,0.0,0.0,1.0,0.0,0.0,1.0,0.0,0.0
20260415_113926_882272,0,6,1.1215282678604126,0.2590047717094421,0.1926917100335376,0.6432766450443066,0.2126917100335376,0.4647488345653983,1.4545530080795288,1.7832040935900295,0.0,0.0,0.02,0.0,0.0,artificial_grass,12345,2458047581,2,0,0,2,2,2,0.6366764,-0.7402355,0.65482,-0.9555564,0.6978034,0.8373976,0.14114666,0.08563967,0.015553041,0.9844469,0.16405761,-0.21247563,0.27095518,0.06042885,0.14424951,-0.1871345,-0.30896688,0.5808967,1.0,0.0,0.0,1.0,0.0,0.0,1.0,0.0,0.0
20260415_113926_882272,0,7,1.151536464691162,0.2723905444145202,-0.02,0.6232766450443066,0.0,0.0139173082970955,-1.3385772705078125,2.255529176454729,0.0,0.0,0.02,0.0,0.0,artificial_grass,12345,2458047581,2,0,0,2,2,2,0.15865928,-0.14563598,0.3651856,-0.5658569,-0.5635001,0.467698,0.76223177,0.11497946,0.029542884,0.9704571,0.1209534,0.39863548,-0.41715398,0.43567252,-0.5721248,0.39278752,0.40155944,0.047758285,1.0,0.0,0.0,1.0,0.0,0.0,1.0,0.0,0.0
20260415_113926_882272,0,8,1.054137110710144,0.2134865671396255,0.7148909810744561,1.3381676261187627,0.7348909810744562,1.4830374130951895,5.890397727489471,3.3969502979971367,0.0,0.0,0.02,0.0,0.0,artificial_grass,12345,2458047581,2,0,0,2,2,2,-0.8278154,-0.59016067,-0.98287845,0.5500256,0.5942285,-0.75089264,-0.3606012,0.15248975,0.016668497,0.98333144,0.28614557,0.09454191,-0.07602339,0.24366471,-0.28460038,-0.2300195,0.30896688,0.46881092,1.0,0.0,0.0,1.0,0.0,0.0,1.0,0.0,0.0
20260415_113926_882272,0,9,1.074033498764038,0.189567819237709,0.8314085935227203,2.169576219641483,0.8514085935227204,1.7102467573693048,2.3918747901916504,4.620959336642727,0.0,0.0,0.02,0.0,0.0,artificial_grass,12345,2458047581,2,0,0,2,2,2,-1.0,-0.7046659,-0.41816822,-0.066457,-0.94089806,0.67536,-0.6370796,0.030740548,0.07332211,0.9266778,-0.09007913,-0.49317738,-0.29532164,-0.43177387,0.3625731,0.38499025,-0.38011697,-0.18128654,1.0,0.0,0.0,1.0,0.0,0.0,1.0,0.0,0.0
20260415_113926_882272,0,10,1.146131992340088,0.2151149660348892,0.2846186656910123,2.4541948853324955,0.3046186656910123,0.6440063980974742,-2.5547146797180176,4.450770821485151,0.0,0.0,0.02,0.0,0.0,artificial_grass,12345,2458047581,2,0,0,2,2,2,0.5856472,-0.35421544,0.732972,0.6588474,-0.013108833,0.7144897,0.8660874,0.055611037,0.09632709,0.9036729,-0.018185202,-0.58187133,-0.38986355,-0.19493178,0.16081871,-0.08674464,0.44249514,-0.3840156,1.0,0.0,0.0,1.0,0.0,0.0,1.0,0.0,0.0
20260415_113926_882272,0,11,1.0546677112579346,0.1567007899284362,0.9509534365304764,3.405148321862972,0.9709534365304764,1.9433592012344287,5.841417610645294,6.259315912658892,0.0,0.0,0.02,0.0,0.0,artificial_grass,12345,2458047581,2,0,0,2,2,2,0.67555815,-0.23452255,-0.37354478,0.59933263,0.022786513,0.00866644,-0.5153077,0.14573412,0.07175592,0.92824405,0.2724942,0.3411306,-0.3079922,0.12670565,0.34405458,-0.054580897,0.38791424,0.47465888,1.0,0.0,0.0,1.0,0.0,0.0,1.0,0.0,0.0
20260415_113926_882272,0,12,1.047866702079773,0.1565206944942474,0.704113736810533,4.1092620586735045,0.724113736810533,1.4620217867805394,0.0180095434188842,7.256588864874033,0.0,0.0,0.02,0.0,0.0,artificial_grass,12345,2458047581,2,0,0,2,2,2,-0.5032678,-0.34899738,-0.68156123,-0.1762711,-0.705004,-0.051237665,-0.641228,0.03140383,0.12793846,0.87206155,-0.09099694,0.39473686,-0.15009746,-0.22709551,0.37134504,0.031189084,0.03606238,-0.31578946,1.0,0.0,0.0,1.0,0.0,0.0,1.0,0.0,0.0
20260415_113926_882272,0,13,1.0302069187164309,0.1383131444454193,0.7501051750287786,4.859367233702283,0.7701051750287786,1.5517050913061183,1.8207550048828125,8.794376647883055,0.0,0.0,0.02,0.0,0.0,artificial_grass,12345,2458047581,2,0,0,2,2,2,-0.021782702,-0.80430907,0.3131241,-0.24860775,-0.189434,-0.90729725,-0.26997244,0.022902489,0.12811169,0.8718883,-0.10080278,-0.26998052,-0.16081871,-0.30019492,0.3079922,-0.01754386,0.039961014,-0.3460039,1.0,0.0,0.0,1.0,0.0,0.0,1.0,0.0,0.0
20260415_113926_882272,0,14,1.1211459636688232,0.1507893949747085,0.3912166949986357,5.250583928700919,0.4112166949986358,0.8518725552473398,-1.2476250529289246,8.163211790035206,0.0,0.0,0.02,0.0,0.0,artificial_grass,12345,2458047581,2,0,0,2,2,2,0.49518612,-0.33118972,0.114104256,0.6800465,0.40523753,-0.056963656,0.90648496,0.0008277893,0.14562365,0.8543763,-0.088230245,-0.018518519,-0.4951267,0.20857699,0.15009746,-0.01754386,-0.17348927,-0.14424951,1.0,0.0,0.0,1.0,0.0,0.0,1.0,0.0,0.0
20260415_113926_882272,0,15,1.0675510168075562,0.1452634036540985,0.3528483074106532,5.603432236111572,0.3728483074106532,0.7770541994507738,0.5525991320610046,7.230019232116675,0.0,0.0,0.02,0.0,0.0,artificial_grass,12345,2458047581,2,0,0,2,2,2,-0.7471409,0.90738726,-0.0625412,-0.07439917,0.57200074,0.5741965,-0.76713383,0.11450157,0.13362403,0.866376,0.16435102,0.2729045,-0.2748538,0.01754386,0.35867447,0.18421052,-0.121832356,0.5185185,1.0,0.0,0.0,1.0,0.0,0.0,1.0,0.0,0.0
20260415_113926_882272,0,16,1.0834591388702393,0.1202485710382461,0.5739289564022491,6.177361192513821,0.5939289564022491,1.2081614649843857,2.501483261585236,7.794174299003586,0.0,0.0,0.02,0.0,0.0,artificial_grass,12345,2458047581,2,0,0,2,2,2,-0.051283535,0.15279919,0.80748326,0.3401695,1.0,-0.28588757,-0.07537251,0.047507953,0.1389389,0.86106104,-0.10192656,-0.47270957,0.51072127,-0.088693954,-0.07504873,0.32261208,0.34405458,-0.4639376,1.0,0.0,0.0,1.0,0.0,0.0,1.0,0.0,0.0
20260415_113926_882272,0,17,1.1049984693527222,0.1243296563625335,0.3667148541697932,6.544076046683615,0.3867148541697932,0.8040939656310968,-0.4081085324287414,6.654909063400254,0.0,0.0,0.02,0.0,0.0,artificial_grass,12345,2458047581,2,0,0,2,2,2,0.057839364,-0.43366688,-0.8421267,0.6137315,-0.72134024,0.82375705,-0.2788064,0.06739311,0.16299807,0.8370019,-0.036661416,-0.06530214,0.020467836,0.21539961,0.062378168,0.5448343,-0.19395712,-0.05165692,1.0,0.0,0.0,1.0,0.0,0.0,1.0,0.0,0.0
20260415_113926_882272,0,18,1.0879454612731934,0.1093606650829315,0.4555360288273748,6.999612075510989,0.4755360288273748,0.977295256213381,1.496899127960205,6.170182532833096,0.0,0.0,0.02,0.0,0.0,artificial_grass,12345,2458047581,2,0,0,2,2,2,0.39611155,-0.90651983,-0.7018998,-0.085256025,0.45726952,-0.7614518,-0.11283277,0.09431724,0.1590729,0.84092706,0.0063713673,0.05165692,-0.18031189,-0.20565303,0.42787525,-0.3791423,0.48440546,-0.18226121,1.0,0.0,0.0,1.0,0.0,0.0,1.0,0.0,0.0
20260415_113926_882272,0,19,1.093951940536499,0.1094437092542648,0.3291770963470271,7.328789171858016,0.3491770963470271,0.7308953378767029,-0.0083044171333312,5.34937277940368,0.0,0.0,0.02,0.0,0.0,artificial_grass,12345,2458047581,2,0,0,2,2,2,0.55184084,-0.5499958,-0.24636267,-0.7192956,0.5309427,0.29753837,-0.39644682,0.073001005,0.17347002,0.8265299,-0.023799531,0.2582846,-0.3294347,-0.2037037,0.057504874,0.3489279,-0.23976608,-0.055555556,1.0,0.0,0.0,1.0,0.0,0.0,1.0,0.0,0.0
20260415_113926_882272,0,20,1.104195475578308,0.09263576567173,0.4509590220363519,7.779748193894368,0.4709590220363519,0.9683700929708864,1.680794358253479,5.4658703171272265,0.0,0.0,0.02,0.0,0.0,artificial_grass,12345,2458047581,2,0,0,2,2,2,-0.24197261,-0.36952764,0.031961385,-0.50437045,-0.7648692,-0.32307565,0.19281614,0.08050909,0.17339015,0.82660985,-0.022547342,0.33723196,-0.29239765,-0.10136452,-0.29922026,0.3723197,0.19005848,-0.24463938,1.0,0.0,0.0,1.0,0.0,0.0,1.0,0.0,0.0
20260415_113926_882272,0,21,1.1415117979049685,0.1207161620259285,-0.02,7.759748193894368,0.0,0.0242676608732068,-2.8080396354198456,4.71308377854966,0.0,0.0,0.02,0.0,0.0,artificial_grass,12345,2458047581,2,0,0,2,2,2,-0.5552252,-0.104115285,0.48799154,-0.44012916,-0.138707,0.69694996,0.70752406,0.0933135,0.18955599,0.81044406,0.07614355,-0.14522417,-0.2134503,0.038011696,-0.2582846,0.33528265,-0.07699805,0.14424951,1.0,0.0,0.0,1.0,0.0,0.0,1.0,0.0,0.0
20260415_113926_882272,0,22,1.132632851600647,0.1005827486515045,0.2218133743669273,7.981561568261296,0.2418133743669273,0.5215360800155082,2.013341337442398,4.026458393580782,0.0,0.0,0.02,0.0,0.0,artificial_grass,12345,2458047581,2,0,0,2,2,2,-0.17891149,-0.8668647,-0.5601664,0.3100551,0.4570312,0.23401831,0.52351457,0.13995886,0.16254836,0.83745164,0.20670912,-0.34405458,-0.078947365,0.28070176,-0.2563353,-0.07797271,0.39181286,0.3908382,1.0,0.0,0.0,1.0,0.0,0.0,1.0,0.0,0.0
20260415_113926_882272,0,23,1.0769813060760498,0.0865354835987091,0.3350429160674461,8.316604484328742,0.3550429160674461,0.74233368633152,1.404726505279541,3.964698114281205,0.0,0.0,0.02,0.0,0.0,artificial_grass,12345,2458047581,2,0,0,2,2,2,-0.08977431,-0.47156134,0.1882606,0.6333714,-0.14419934,0.34856847,-0.5804183,0.12886019,0.1819126,0.81808734,0.15418352,-0.088693954,-0.4405458,-0.25730994,0.19688109,0.2582846,0.1208577,0.31384015,1.0,0.0,0.0,1.0,0.0,0.0,1.0,0.0,0.0
20260415_113926_882272,0,24,1.080817461013794,0.0522126965224742,0.6799076623869302,8.996512146715673,0.6999076623869303,1.414819941654514,3.4322787076234818,4.402222799722338,0.0,0.0,0.02,0.0,0.0,artificial_grass,12345,2458047581,2,0,0,2,2,2,0.73806316,-0.14868481,0.40593642,0.0016095971,-0.32304752,-0.89673686,0.49872243,0.05929575,0.19542322,0.80457675,-0.076746434,-0.08089668,-0.37329435,0.029239766,0.3791423,-0.062378168,0.25438598,-0.3489279,1.0,0.0,0.0,1.0,0.0,0.0,1.0,0.0,0.0
20260415_113926_882272,0,25,1.0987707376480105,0.0683649033308029,0.2914409159141823,9.287953062629857,0.3114409159141823,0.6573097860326556,-1.6152206808328629,4.328637247878291,0.0,0.0,0.02,0.0,0.0,artificial_grass,12345,2458047581,2,0,0,2,2,2,0.9801822,-0.7904094,-0.88191146,-0.30743146,0.21546471,-0.7808737,1.0,0.06409101,0.22843474,0.7715652,0.05502388,0.4385965,-0.121832356,0.24269006,0.05360624,-0.08089668,-0.25536063,0.33333334,1.0,0.0,0.0,1.0,0.0,0.0,1.0,0.0,0.0
20260415_113926_882272,0,26,1.0798513889312744,0.036294650286436,0.6183275208377811,9.906280583467636,0.6383275208377811,1.2947386656336732,3.207025304436684,4.655005820541078,0.0,0.0,0.02,0.0,0.0,artificial_grass,12345,2458047581,2,0,0,2,2,2,-0.5031951,0.30893347,0.90606725,0.8269725,0.51225287,0.57701266,-0.2996158,0.08653259,0.21289961,0.7871003,0.11148646,0.6111111,-0.39181286,0.04288499,-0.08089668,0.18128654,-0.43567252,0.6013645,1.0,0.0,0.0,1.0,0.0,0.0,1.0,0.0,0.0
20260415_113926_882272,0,27,1.0364630222320557,0.0939899012446403,-0.2360652690922353,9.6702153143754,-0.2160652690922353,-0.4713272747298589,-5.769525095820427,4.159410884938012,0.0,0.0,0.02,0.0,0.0,artificial_grass,12345,2458047581,2,0,0,2,2,2,-0.5622319,-0.2757038,0.94006515,1.0,0.3042427,-0.08752035,-1.0,0.06288338,0.24374466,0.7562553,-0.10590746,-0.32456142,0.11890838,0.18421052,0.20760234,0.21832359,0.16666667,-0.2134503,1.0,0.0,0.0,1.0,0.0,0.0,1.0,0.0,0.0
20260415_113926_882272,0,28,1.1578567028045654,0.0385127402842044,0.4843249066479554,10.154540221023357,0.5043249066479555,1.0334335679635132,5.547716096043587,4.671308372886017,0.0,0.0,0.02,0.0,0.0,artificial_grass,12345,2458047581,2,0,0,2,2,2,-0.32370788,0.86331487,-0.0034452672,-0.52062416,0.03867069,0.11159729,0.98642904,0.008647919,0.1882536,0.81174636,-0.2843391,-0.3508772,-0.21442495,0.44152048,0.3625731,0.13840155,-0.054580897,-0.5760234,1.0,0.0,0.0,1.0,0.0,0.0,1.0,0.0,0.0
20260415_113926_882272,0,29,1.1006252765655518,0.0138425854966044,0.6681174593141631,10.82265768033752,0.6881174593141631,1.391829045662618,2.467015478760004,5.320803732217115,0.0,0.0,0.02,0.0,0.0,artificial_grass,12345,2458047581,2,0,0,2,2,2,0.8222165,-0.54887736,-0.67629266,-0.9048324,0.003550973,0.36728996,-0.22661859,0.16038999,0.2416113,0.75838864,0.18081945,-0.20760234,0.50584793,-0.006822612,-0.30506822,0.03606238,0.058479533,0.58187133,1.0,0.0,0.0,1.0,0.0,0.0,1.0,0.0,0.0
20260415_113926_882272,0,30,1.062387228012085,0.0122386654838919,0.5102409151614288,11.332898595498948,0.5302409151614288,1.0839697845647862,0.1603920012712478,4.989953575127387,0.0,0.0,0.02,0.0,0.0,artificial_grass,12345,2458047581,2,0,0,2,2,2,0.10137355,-0.66449577,-0.106640436,0.9421286,-0.41476804,-0.61731315,-0.053684928,0.08885078,0.265339,0.73466104,-0.030948851,0.5185185,0.009746589,-0.088693954,-0.4093567,0.06822612,0.26218325,-0.10721248,1.0,0.0,0.0,1.0,0.0,0.0,1.0,0.0,0.0
20260415_113926_882272,0,31,1.1645197868347168,-0.0186334606260061,0.767066918549254,12.099965514048202,0.787066918549254,1.5847804911710457,3.087212610989809,5.917424280265777,0.0,0.0,0.02,0.0,0.0,artificial_grass,12345,2458047581,2,0,0,2,2,2,0.8050854,-0.7717724,0.42342633,0.3967246,-0.22869277,0.6604561,0.47127354,0.0410532,0.26688161,0.7331184,-0.14560476,0.06140351,-0.4005848,-0.057504874,0.57504874,-0.22904484,-0.2962963,-0.01754386,1.0,0.0,0.0,1.0,0.0,0.0,1.0,0.0,0.0
20260415_113926_882272,0,32,1.1314783096313477,-0.0350992083549499,0.7749892623599383,12.87495477640814,0.7949892623599383,1.6002290616018795,1.6465747728943825,6.222914676233984,0.0,0.0,0.02,0.0,0.0,artificial_grass,12345,2458047581,2,0,0,2,2,2,-0.95693773,0.19081724,-0.93530077,-0.47253826,-0.67074156,-0.094109625,0.18553592,0.1687189,0.29657432,0.7034257,0.07905135,0.4814815,-0.4853801,0.2534113,0.22124757,-0.17933723,0.3323587,0.2651072,1.0,0.0,0.0,1.0,0.0,0.0,1.0,0.0,0.0
20260415_113926_882272,0,33,1.097964644432068,-0.0301234479993581,0.5060398909290299,13.38099466733717,0.5260398909290299,1.0757777873116083,-0.4975760355591774,7.770019738275451,0.0,0.0,0.02,0.0,0.0,artificial_grass,12345,2458047581,2,0,0,2,2,2,0.052306835,0.18066356,-0.9815861,0.89860725,0.22977495,0.13583368,-0.36246812,0.127417,0.312411,0.687589,0.032127053,-0.55263156,0.17836258,-0.20760234,0.045808967,-0.291423,0.1539961,0.1588694,1.0,0.0,0.0,1.0,0.0,0.0,1.0,0.0,0.0
20260415_113926_882272,0,34,1.098007082939148,-0.0294531472027301,0.3595260618297468,13.740520729166915,0.3795260618297468,0.7900758205680063,-0.0670300796627998,7.526661990879944,0.0,0.0,0.02,0.0,0.0,artificial_grass,12345,2458047581,2,0,0,2,2,2,-0.5969268,-0.45161706,-0.25287044,-0.86427206,0.047134176,0.62403727,-0.67288715,0.08552494,0.30762535,0.69237465,-0.15025766,0.031189084,0.1208577,-0.6013645,0.4951267,0.08382066,0.06822612,-0.22612086,1.0,0.0,0.0,1.0,0.0,0.0,1.0,0.0,0.0
20260415_113926_882272,0,35,1.0948230028152466,-0.0132795255631208,0.0508801663773186,13.791400895544236,0.0708801663773186,0.1882163244357713,-1.6173621639609337,6.323049269653097,0.0,0.0,0.02,0.0,0.0,artificial_grass,12345,2458047581,2,0,0,2,2,2,-0.50287884,0.722594,-0.4089012,-0.80534154,-0.9171618,0.94562715,-1.0,0.085577965,0.30698064,0.69301933,-0.16018006,-0.3508772,-0.2037037,-0.08382066,-0.18226121,0.07309941,0.37621832,-0.42300195,1.0,0.0,0.0,1.0,0.0,0.0,1.0,0.0,0.0
20260415_113926_882272,0,36,1.079112887382507,-0.0445866361260414,0.4281230807178698,14.219523976262105,0.4481230807178699,0.9238400073998464,3.130711056292057,6.162919492488157,0.0,0.0,0.02,0.0,0.0,artificial_grass,12345,2458047581,2,0,0,2,2,2,0.6058315,-0.17729439,0.800296,0.8898771,0.766267,-0.84719276,-0.16780366,0.0815979,0.29142493,0.70857507,-0.18983597,-0.3323587,0.4074074,-0.24366471,-0.24269006,-0.06725146,0.5536062,-0.579922,1.0,0.0,0.0,1.0,0.0,0.0,1.0,0.0,0.0
20260415_113926_882272,0,37,1.2400134801864624,-0.0597443431615829,0.5040116315068891,14.723535607768994,0.5240116315068891,1.0718226814384335,1.5157707035541534,5.649961682755546,0.0,0.0,0.02,0.0,0.0,artificial_grass,12345,2458047581,2,0,0,2,2,2,-0.41916803,0.9623224,-0.3799468,-0.23266613,0.1959587,0.9472595,0.7560676,0.06196022,0.32153597,0.678464,-0.18986462,0.3460039,-0.1871345,0.165692,0.16959064,0.40838206,-0.46588695,-0.091617934,1.0,0.0,0.0,1.0,0.0,0.0,1.0,0.0,0.0
20260415_113926_882272,0,38,1.2770618200302124,-0.0436956882476806,0.160846481144231,14.884382088913226,0.180846481144231,0.4026506382312504,-1.6048654913902285,4.452383259384916,0.0,0.0,0.02,0.0,0.0,artificial_grass,12345,2458047581,2,0,0,2,2,2,-0.95092124,-0.55265224,-0.17283067,0.8517609,-0.28159332,0.72762907,0.8675792,0.26308602,0.33611462,0.66388535,0.16292085,-0.26120856,0.56920075,-0.2319688,-0.15594542,0.07504873,0.38011697,0.4337232,1.0,0.0,0.0,1.0,0.0,0.0,1.0,0.0,0.0
20260415_113926_882272,0,39,1.2085955142974854,-0.0949916392564773,0.7668650019965997,15.651247090909823,0.7868650019965997,1.5843867538933694,5.129595100879669,4.960992225966677,0.0,0.0,0.02,0.0,0.0,artificial_grass,12345,2458047581,2,0,0,2,2,2,0.68635714,0.17011397,-0.20949109,-0.16408941,0.06805255,0.5245389,-0.45480672,0.30939645,0.3206791,0.67932093,0.2224655,-0.57504874,-0.32651073,-0.096491225,0.49025342,-0.2251462,0.4074074,0.51364523,1.0,0.0,0.0,1.0,0.0,0.0,1.0,0.0,0.0
20260415_113926_882272,0,40,1.181956768035889,-0.0796644687652587,0.3672362891057533,16.018483380015578,0.3872363093023362,0.8051108031395557,-1.5327170491218567,4.976027208538227,2.019658287977456e-07,0.0,0.02,0.0,0.0,artificial_grass,12345,2458047581,2,0,0,2,2,2,-0.51709104,-0.033040673,0.42041975,-0.5428119,0.14105712,0.63450766,-1.0,0.22381353,0.37001532,0.6299847,-0.037789945,0.4220273,0.091617934,-0.15692008,-0.07602339,0.09356725,0.37134504,-0.25925925,1.0,0.0,0.0,1.0,0.0,0.0,1.0,0.0,0.0
20260415_113926_882272,0,41,1.1693367958068848,-0.129974365234375,0.9090156482474748,16.927499028263053,0.9290156482474748,1.861580514082576,5.030989646911621,6.649391398185031,0.0,0.0,0.02,0.0,0.0,artificial_grass,12345,2458047581,2,0,0,2,2,2,-0.52918303,-0.22468343,0.6883769,-0.15036242,0.2795346,-0.4219922,-0.18106343,0.19051513,0.35527372,0.6447263,-0.16089398,-0.3177388,-0.010721248,0.26608187,-0.29044834,0.13840155,0.4239766,-0.579922,1.0,0.0,0.0,1.0,0.0,0.0,1.0,0.0,0.0
20260415_113926_882272,0,42,1.1752455234527588,-0.1307583153247833,0.6804021219600662,17.60790115022312,0.7004021219600662,1.4157841378221292,0.0783950090408325,7.141335528607314,0.0,0.0,0.02,0.0,0.0,artificial_grass,12345,2458047581,2,0,0,2,2,2,0.5261158,0.42957276,-0.6596659,0.21290955,0.021841183,-0.8591316,0.30886963,0.17474012,0.4036616,0.5963384,-0.13006726,-0.3177388,-0.14035088,0.39181286,-0.088693954,0.21150097,-0.21734893,-0.09551657,1.0,0.0,0.0,1.0,0.0,0.0,1.0,0.0,0.0
20260415_113926_882272,0,43,1.1839326620101929,-0.1323237121105194,0.5189605246205196,18.12686167484364,0.5389605246205196,1.1009730230100132,0.1565396785736084,7.170485870178894,0.0,0.0,0.02,0.0,0.0,artificial_grass,12345,2458047581,2,0,0,2,2,2,0.6873891,-0.7310098,0.3566541,0.7778728,-0.16259396,-0.6318666,0.53298575,0.18212605,0.40441558,0.5955844,-0.06885573,0.3294347,0.291423,-0.31676415,0.18908381,0.09746589,-0.43469787,0.20662768,1.0,0.0,0.0,1.0,0.0,0.0,1.0,0.0,0.0
20260415_113926_882272,0,44,1.195054292678833,-0.1263938546180725,0.3017840317724123,18.428645706616056,0.3217863230493983,0.6774833299463268,-0.5929857492446899,7.44531856189397,2.2912769859204225e-05,0.0,0.02,0.0,0.0,artificial_grass,12345,2458047581,2,0,0,2,2,2,0.8943488,0.19267425,-0.92936814,0.8769297,0.76440555,0.7333162,-0.5646755,0.19298497,0.4059212,0.5940788,-0.0377089,0.41910332,-0.43274853,0.23489279,0.46881092,-0.10233918,-0.38011697,0.31871346,1.0,0.0,0.0,1.0,0.0,0.0,1.0,0.0,0.0
20260415_113926_882272,0,45,1.146194338798523,-0.1268721371889114,0.2208598636662456,18.6495055702823,0.2410613137080625,0.5200695617307218,0.0478282570838928,6.381001369731322,0.0,0.0040290008363378,0.02,0.0,0.0,artificial_grass,12345,2458047581,2,0,0,2,2,2,-0.373123,0.8888098,0.20773245,0.12783204,-0.6855296,0.32896435,-0.9945487,0.20688705,0.40021786,0.5997821,-0.18043688,0.5409357,0.13352826,-0.55458087,0.48635477,0.32066277,0.18031189,-0.374269,1.0,0.0,0.0,1.0,0.0,0.0,1.0,0.0,0.0
20260415_113926_882272,0,46,1.1941559314727783,-0.1815186291933059,0.8547181107393482,19.50422368102165,0.87498178020918,1.756214471407901,5.464649200439453,7.332105037999668,0.0,0.005273389396636,0.02,0.0,0.0,artificial_grass,12345,2458047581,2,0,0,2,2,2,-0.027202668,0.031430215,0.7445236,0.9282217,-0.30478832,0.6760602,-0.2969267,0.14581203,0.40067786,0.5993221,-0.30733237,-0.24853802,0.48635477,0.10233918,0.12670565,-0.34210527,0.25536063,-0.5994152,1.0,0.0,0.0,1.0,0.0,0.0,1.0,0.0,0.0
20260415_113926_882272,0,47,1.1617437601089478,-0.1489917635917663,0.210245503408764,19.714469184430413,0.2328149812909962,0.5039892135174426,-3.252686560153961,5.974513737434535,0.0,0.0513895576446451,0.02,0.0,0.0,artificial_grass,12345,2458047581,2,0,0,2,2,2,-0.41194174,-0.822829,0.06555072,-0.49861538,0.39769945,-0.4914023,-0.8271841,0.2057641,0.4532367,0.5467633,-0.14664453,-0.027290449,-0.007797271,0.4005848,0.43177387,-0.2748538,0.3489279,-0.2134503,1.0,0.0,0.0,1.0,0.0,0.0,1.0,0.0,0.0
20260415_113926_882272,0,48,1.155995488166809,-0.1404274255037307,0.0337849354438927,19.748254119874307,0.0584017733011224,0.1638834579371888,-0.8564338088035583,4.722613057549594,0.0,0.0923367571445936,0.02,0.0,0.0,artificial_grass,12345,2458047581,2,0,0,2,2,2,-0.8977634,-0.6767981,0.49672338,0.14836405,0.2000903,-0.6478841,-0.8249963,0.16524887,0.42195246,0.5780475,-0.30227444,-0.19493178,-0.18323587,0.3079922,-0.1471735,0.31189084,-0.2202729,-0.4834308,1.0,0.0,0.0,1.0,0.0,0.0,1.0,0.0,0.0
20260415_113926_882272,0,49,1.2053747177124023,-0.2031325101852417,0.8192365553540991,20.56749067522841,0.8413024156362402,1.6905397104906683,6.2705084681510925,5.3121797450302495,0.0,0.0413172056428214,0.02,0.0,0.0,artificial_grass,12345,2458047581,2,0,0,2,2,2,-0.6238488,-0.2789243,-0.8385424,0.7315465,-0.33097658,-0.5285279,0.535087,0.1580635,0.4137153,0.58628464,-0.32418135,-0.51949316,-0.3489279,0.33918127,0.12573099,0.16666667,-0.2729045,-0.48245615,1.0,0.0,0.0,1.0,0.0,0.0,1.0,0.0,0.0
20260415_113926_882272,0,50,1.1802010536193848,-0.1992843300104141,0.5537737794005613,21.121264454628967,0.5752309120498998,1.1717002784973047,-0.3848180174827575,5.806396693581228,0.0,0.0291426529867703,0.02,0.0,0.0,artificial_grass,12345,2458047581,2,0,0,2,2,2,-0.9681894,0.49857327,-0.4459781,-0.60010785,0.4015998,-0.8218462,0.13139054,0.2197876,0.4740248,0.52597517,-0.042667087,-0.38011697,-0.13157895,-0.109161794,0.51754385,-0.1471735,-0.3294347,0.32066277,1.0,0.0,0.0,1.0,0.0,0.0,1.0,0.0,0.0
20260415_113926_882272,0,51,1.1398320198059082,-0.1526898443698883,-0.1449797138884535,20.97628474074052,-0.121070221610341,-0.2860869321401651,-4.659448564052582,5.0002401997103405,0.0,0.0781898455622493,0.02,0.0,0.0,artificial_grass,12345,2458047581,2,0,0,2,2,2,0.5686175,-0.67151326,0.23738787,-0.46168575,0.5902025,-1.0,-0.7088619,0.18832044,0.47032365,0.5296763,-0.13253303,-0.6023392,0.30506822,-0.2631579,0.13645224,0.31578946,-0.48732942,0.082846,1.0,0.0,0.0,1.0,0.0,0.0,1.0,0.0,0.0
20260415_113926_882272,0,52,1.1251814365386963,-0.1799032986164093,0.187569076618049,21.163853817358564,0.2132159779784108,0.465771157057901,2.7213454246521,3.709796885360341,0.0,0.1129380272072365,0.02,0.0,0.0,artificial_grass,12345,2458047581,2,0,0,2,2,2,-0.03574553,0.5365572,0.29950976,-0.1897801,0.05203339,-0.59410334,-0.5295741,0.13785915,0.42550924,0.5744907,-0.33292428,0.33723196,-0.40350878,0.20662768,-0.07992203,0.43469787,-0.49220273,-0.38499025,1.0,0.0,0.0,1.0,0.0,0.0,1.0,0.0,0.0
20260415_113926_882272,0,53,1.146675705909729,-0.1910291016101837,0.2696858550465543,21.43353967240512,0.2961402269937365,0.6274734426377861,1.1125802993774414,3.833281114480684,0.0,0.1290874389436435,0.02,0.0,0.0,artificial_grass,12345,2458047581,2,0,0,2,2,2,-0.82404137,-0.4370856,0.37422943,-0.29629865,-0.61482435,0.9965211,-0.9038037,0.11954594,0.45168304,0.54831696,-0.3259072,-0.027290449,0.3079922,0.18615985,-0.07504873,0.13450292,-0.34210527,-0.32066277,1.0,0.0,0.0,1.0,0.0,0.0,1.0,0.0,0.0
20260415_113926_882272,0,54,1.123076319694519,-0.205971822142601,0.380743332766252,21.81428300517137,0.407268253994243,0.8441730952887738,1.4942720532417295,4.513570751832269,0.0,0.1304984245598183,0.02,0.0,0.0,artificial_grass,12345,2458047581,2,0,0,2,2,2,0.44670603,-0.10218817,0.8945855,0.39310172,-0.92832124,-0.68669516,-0.23085043,0.1464138,0.4623838,0.53761613,-0.29176682,-0.4473684,0.0165692,0.3177388,-0.07992203,-0.3323587,0.5477583,-0.5701754,1.0,0.0,0.0,1.0,0.0,0.0,1.0,0.0,0.0
20260415_113926_882272,0,55,1.2718933820724487,-0.2866125404834747,0.9772796342967852,22.79156263946816,1.0,2.649147779988425,8.064071834087372,5.472178821330026,0.0,0.0544073140642936,0.02,0.0,0.0,artificial_grass,12345,2458047581,2,0,0,2,2,2,0.9460923,0.81247306,0.36658758,-0.28386903,0.8351605,0.65591353,0.42049026,0.116914555,0.47675565,0.5232443,-0.25490758,0.2651072,-0.0877193,0.50292397,0.2631579,-0.51364523,-0.14814815,-0.11793372,1.0,0.0,0.0,1.0,0.0,0.0,1.0,0.0,0.0
20260415_113926_882272,0,56,1.2137775421142578,-0.2537668645381927,0.5485352903715167,23.340097929839672,0.5721635571073176,1.1657189363592693,-3.2845675945281982,5.46619747919199,0.0001414122426522,0.0722825102307117,0.02,0.0,0.0,artificial_grass,12345,2458047581,2,0,0,2,2,2,0.07842323,-0.14884764,1.0,-0.113191664,0.6143914,-0.9128642,-0.23500992,0.3029359,0.5543156,0.44568434,0.010829071,0.57894737,0.5048733,0.20467836,-0.24561404,0.165692,0.27582845,0.22612086,1.0,0.0,0.0,1.0,0.0,0.0,1.0,0.0,0.0
20260415_113926_882272,0,57,1.269055962562561,-0.3113986551761627,0.9796825489254748,24.319780478765143,1.0,2.315083968218701,5.763179063796997,8.067368379550857,0.001878890486377,0.0025912405177455,0.02,0.0,0.0,artificial_grass,12345,2458047581,2,0,0,2,2,2,0.7474882,-0.0735484,-0.08491977,-0.9542079,-1.0,-0.1923187,0.6731948,0.23029108,0.5227248,0.47727522,-0.24730974,0.046783626,-0.106237814,0.588694,-0.07797271,0.38206628,-0.49025342,-0.12865497,1.0,0.0,0.0,1.0,0.0,0.0,1.0,0.0,0.0
20260415_113926_882272,0,58,1.2376059293746948,-0.3154361844062805,0.8956872419797981,25.215467720744943,0.9165390804702396,1.8372512069169675,0.4037529230117798,9.438848429409925,0.0030075205371179,0.0110217287345954,0.02,0.0,0.0,artificial_grass,12345,2458047581,2,0,0,2,2,2,0.054181308,0.7706033,0.22696826,0.3992479,0.54855525,-0.40860048,0.010224098,0.29938906,0.5781548,0.42184517,0.038915545,0.44931775,0.009746589,0.39376217,-0.34015596,-0.07017544,-0.078947365,0.42105263,1.0,0.0,0.0,1.0,0.0,0.0,1.0,0.0,0.0
20260415_113926_882272,0,59,1.2499661445617676,-0.3017390668392181,0.483042487007162,25.698510207752104,0.5053899825698296,1.0355104660111678,-1.3697117567062378,9.846885452783305,0.0046533975379512,0.0376431161774482,0.02,0.0,0.0,artificial_grass,12345,2458047581,2,0,0,2,2,2,0.3604462,0.70132905,0.5318111,0.9667804,0.042951815,1.0,-0.6211358,0.26007652,0.5820381,0.4179619,-0.17015858,0.029239766,0.45321637,0.09454191,0.16276804,0.2729045,-0.26413256,0.0,1.0,0.0,0.0,1.0,0.0,0.0,1.0,0.0,0.0
20260415_113926_882272,0,60,1.2470871210098269,-0.303923636674881,0.377789520052121,26.076299727804223,0.4006395361025359,0.8312470953999451,0.2184569835662841,9.833959452894476,0.0059505351489443,0.0450992507104099,0.02,0.0,0.0,artificial_grass,12345,2458047581,2,0,0,2,2,2,-0.32235485,0.3277874,1.0,-0.09611561,0.6815585,-0.80224675,-0.15674178,0.27552682,0.5688642,0.43113574,-0.2400757,0.2134503,0.374269,0.1871345,0.35185185,-0.06042885,0.27192983,-0.40155944,1.0,0.0,0.0,1.0,0.0,0.0,1.0,0.0,0.0
20260415_113926_882272,0,61,1.3296953439712524,-0.3442446589469909,0.7896691264083175,26.865968854212543,0.8110055786424164,1.631460878352712,4.032102227210999,8.816272551258763,0.0133645223409878,0.0,0.02,0.0,0.0,artificial_grass,12345,2458047581,2,0,0,2,2,2,0.65218776,0.056313626,-0.5011231,-0.7225401,-0.14065762,0.70963496,0.5247515,0.271928,0.5709654,0.42903462,-0.19698603,-0.21052632,0.16764133,0.56237817,-0.08674464,0.4074074,-0.4103314,-0.07992203,1.0,0.0,0.0,1.0,0.0,0.0,1.0,0.0,0.0
20260415_113926_882272,0,62,1.2623707056045532,-0.3749214112758636,0.9737299785799916,27.839698832792536,0.9951356240955628,1.990514466986348,3.067675232887268,9.64106808188584,0.0140564551557112,0.0,0.02,0.0,0.0,artificial_grass,12345,2458047581,2,0,0,2,2,2,-0.008083857,-0.42013842,0.040747426,0.05086272,-0.5846444,-0.2875477,-0.04693719,0.37518826,0.609746,0.39025402,0.078884095,0.39961013,0.09746589,0.26608187,-0.38499025,-0.07992203,0.4074074,0.29922026,1.0,0.0,0.0,1.0,0.0,0.0,1.0,0.0,0.0
20260415_113926_882272,0,63,1.2923004627227783,-0.38433638215065,0.8388962171838619,28.6785950499764,0.8606462164663683,1.7282601221094185,0.9414970874786376,9.054244235776558,0.017499992825064,0.0,0.02,0.0,0.0,artificial_grass,12345,2458047581,2,0,0,2,2,2,-0.19518882,0.34892708,0.22728291,0.7186995,0.71556526,0.34141532,0.5028951,0.2910325,0.6392508,0.3607492,-0.077667005,0.0038986355,-0.1754386,0.16179337,0.10136452,-0.29727095,0.124756336,0.0029239766,1.0,0.0,0.0,1.0,0.0,0.0,1.0,0.0,0.0
20260415_113926_882272,0,64,1.2403782606124878,-0.3452136218547821,0.1159971569765135,28.79459220695291,0.1375005559924952,0.3181260841853657,-3.912276029586792,7.535119113044956,0.0150339901598169,0.0,0.02,0.0,0.0,artificial_grass,12345,2458047581,2,0,0,2,2,2,-0.25056875,-0.56603307,-0.16684742,-0.6496444,0.0058033536,0.35572308,-0.98497003,0.32844466,0.6483061,0.35169393,0.002967667,-0.12378167,0.16276804,0.07602339,0.33040935,-0.012670565,0.1208577,0.27875245,1.0,0.0,0.0,1.0,0.0,0.0,1.0,0.0,0.0
20260415_113926_882272,0,65,1.281604528427124,-0.3912718892097473,0.6654840653590881,29.460076272312,0.6872057676990573,1.3900512470131616,4.605826735496521,7.88965989404695,0.0172170233996917,0.0,0.02,0.0,0.0,artificial_grass,12345,2458047581,2,0,0,2,2,2,-0.024143742,-1.0,0.10330406,-0.082653664,0.31661358,0.40119937,0.00780095,0.263542,0.61067796,0.38932207,-0.25309613,-0.124756336,-0.057504874,0.032163743,-0.10818713,0.054580897,0.24074075,-0.53801167,1.0,0.0,0.0,1.0,0.0,0.0,1.0,0.0,0.0
20260415_113926_882272,0,66,1.2313374280929563,-0.3645619451999664,0.14494615510903,29.605022427421027,0.1665588897514611,0.3747898350153491,-2.6709944009780884,7.433202633662354,0.0140021113517406,0.0042504701451398,0.02,0.0,0.0,artificial_grass,12345,2458047581,2,0,0,2,2,2,0.5173633,-0.46134165,-1.0,-0.5549983,-0.42090538,-0.3786527,-0.78578824,0.31507474,0.6549766,0.3450234,-0.074002825,0.0029239766,-0.39961013,0.11793372,-0.030214425,0.17446394,0.21539961,-0.015594542,1.0,0.0,0.0,1.0,0.0,0.0,1.0,0.0,0.0
20260415_113926_882272,0,67,1.2026492357254028,-0.2850036919116974,-0.8753370387569774,28.72968538866405,-0.8501866440744689,-1.7078639559452142,-7.955825328826904,4.093877799364428,0.0095324455392659,0.0839430025716379,0.02,0.0,0.0,artificial_grass,12345,2458047581,2,0,0,2,2,2,-0.22460143,-0.97366583,0.5384919,0.8114398,-0.08060849,-0.91036,-0.9847944,0.25224096,0.62928706,0.3707129,-0.24120012,0.31189084,-0.25730994,0.014619883,-0.074074075,0.07699805,0.08382066,-0.41520467,1.0,0.0,0.0,1.0,0.0,0.0,1.0,0.0,0.0
20260415_113926_882272,0,68,1.2218115329742432,-0.3864623308181762,0.5940122098156301,29.32369759847968,0.6182400029246432,1.2555680057030545,10.145863890647888,3.3589313380811348,0.008007055653221,0.0685417508738199,0.02,0.0,0.0,artificial_grass,12345,2458047581,2,0,0,2,2,2,-0.7233824,-0.59194314,0.057718165,-0.24952015,-1.0,-0.42988813,0.14173616,0.21638069,0.55276823,0.44723174,-0.4170455,-0.1374269,-0.59161794,0.30994153,0.47563353,-0.021442495,-0.33333334,-0.53996104,1.0,0.0,0.0,1.0,0.0,0.0,1.0,0.0,0.0
20260415_113926_882272,0,69,1.2060480117797852,-0.3667377531528473,0.1785908377866771,29.502288436266355,0.2043905449456786,0.4485615626440733,-1.972457766532898,2.07923277861579,0.0059760926653798,0.1040419578492699,0.02,0.0,0.0,artificial_grass,12345,2458047581,2,0,0,2,2,2,0.8444546,0.67195845,-0.2887395,-0.9994809,0.091264606,0.29998326,-0.84682095,0.24033356,0.6503508,0.34964922,-0.15812439,-0.43957114,-0.34405458,0.13157895,0.3557505,-0.26413256,-0.24463938,0.091617934,1.0,0.0,0.0,1.0,0.0,0.0,1.0,0.0,0.0
20260415_113926_882272,0,70,1.2094388008117676,-0.4211451411247253,0.8192465214782751,30.32153495774463,0.8444132673230765,1.6966058712799992,5.440738797187805,3.457712565710424,0.0048270008086093,0.0936809152788076,0.02,0.0,0.0,artificial_grass,12345,2458047581,2,0,0,2,2,2,-0.8699848,-1.0,-0.09483255,-0.27245268,-0.095550254,-0.018522613,-0.09371958,0.22062913,0.6313798,0.36862025,-0.32018945,0.5302144,0.460039,-0.11890838,-0.3723197,0.11890838,0.20662768,-0.51559454,1.0,0.0,0.0,1.0,0.0,0.0,1.0,0.0,0.0
20260415_113926_882272,0,71,1.2204493284225464,-0.3638002574443817,-0.0839894589395587,30.23754549880507,-0.0570090710505578,-0.1611676885485877,-5.734488368034363,1.906493630148674,0.0046022670329951,0.1304032237140281,0.02,0.0,0.0,artificial_grass,12345,2458047581,2,0,0,2,2,2,0.86843044,0.510295,0.94980484,0.61353725,0.19389305,1.0,-1.0,0.22486763,0.68370855,0.31629142,-0.19279253,-0.4883041,-0.11111111,-0.0029239766,-0.10331384,-0.024366472,0.0038986355,-0.054580897,1.0,0.0,0.0,1.0,0.0,0.0,1.0,0.0,0.0
20260415_113926_882272,0,72,1.2027662992477417,-0.372279942035675,-0.0069983954287236,30.230547103376345,0.0210853068568661,0.091116348370889,0.8479684591293335,1.6228201435042138,0.0035774021312588,0.1545192414492792,0.02,0.0,0.0,artificial_grass,12345,2458047581,2,0,0,2,2,2,0.6063294,0.3596143,-0.3893498,-0.89258593,-0.76006675,0.010960682,-0.9289282,0.23863077,0.62855446,0.3714455,-0.3460465,0.5204678,0.26218325,0.26998052,0.13060428,0.019493178,0.46783626,-0.6237817,1.0,0.0,0.0,1.0,0.0,0.0,1.0,0.0,0.0
20260415_113926_882272,0,73,1.2341923713684082,-0.4214500784873962,0.6144585155272179,30.845005618903564,0.6397900884980532,1.2975906725712036,4.917013645172119,4.628274772020632,0.0043397622443773,0.0979519349279517,0.02,0.0,0.0,artificial_grass,12345,2458047581,2,0,0,2,2,2,-0.09072085,-0.27129012,0.2416596,0.31307882,-1.0,-0.25026163,0.5825631,0.21652699,0.63671017,0.36328977,-0.33424684,0.374269,0.27875245,0.14814815,-0.074074075,-0.19493178,0.24269006,-0.5555556,1.0,0.0,0.0,1.0,0.0,0.0,1.0,0.0,0.0
20260415_113926_882272,0,74,1.241608738899231,-0.4277533888816833,0.5314073120103309,31.376412930913894,0.5542439816849094,1.1307757642855734,0.6303310394287109,4.503482530603151,0.0053697288606526,0.045993935770266,0.02,0.0,0.0,artificial_grass,12345,2458047581,2,0,0,2,2,2,0.030943934,0.621778,0.053396475,-0.0679022,0.3279553,-0.55016327,0.8980282,0.2558096,0.68400186,0.3159981,-0.07710418,-0.06725146,-0.15692008,0.20077972,0.2631579,-0.46588695,-0.10818713,0.3576998,1.0,0.0,0.0,1.0,0.0,0.0,1.0,0.0,0.0
20260415_113926_882272,0,75,1.2071306705474854,-0.4052186608314514,0.0963369661577556,31.47274989707165,0.1203659599786609,0.2847136219583888,-2.2534728050231934,4.339634589917466,0.0042992688120712,0.0719813387939638,0.02,0.0,0.0,artificial_grass,12345,2458047581,2,0,0,2,2,2,0.6275592,0.73941404,-0.7494264,0.5878388,-0.8501968,0.68319595,-0.53346497,0.26508006,0.6900644,0.30993563,-0.044269945,0.0165692,0.3840156,0.032163743,-0.047758285,0.19395712,-0.35672516,0.54385966,1.0,0.0,0.0,1.0,0.0,0.0,1.0,0.0,0.0
20260415_113926_882272,0,76,1.236236333847046,-0.4278486669063568,0.3507568007604883,31.82350669783214,0.3739924965853432,0.7792853683414194,2.26300060749054,3.4223140869788864,0.005038313376556,0.0546372897439859,0.02,0.0,0.0,artificial_grass,12345,2458047581,2,0,0,2,2,2,-1.0,-0.92086357,-1.0,0.18468426,-0.9663583,1.0,-0.07445516,0.22198248,0.6683906,0.33160943,-0.26800695,0.3869396,0.4619883,-0.4093567,0.38304093,-0.48635477,0.4093567,-0.3294347,1.0,0.0,0.0,1.0,0.0,0.0,1.0,0.0,0.0
20260415_113926_882272,0,77,1.23164165019989,-0.4401405155658722,0.4108446961242379,32.23435139395638,0.4316719193558749,0.8917602427439562,1.229184865951538,4.47524201827143,0.005368946078724,0.0058065724752914,0.02,0.0,0.0,artificial_grass,12345,2458047581,2,0,0,2,2,2,0.30946794,-0.4083162,0.099746846,-0.22233383,-0.5470358,-0.5326116,0.8551448,0.2583646,0.69015604,0.309844,-0.1411322,-0.58576995,-0.0029239766,-0.4074074,0.22612086,-0.5233918,0.5847953,-0.06335282,1.0,0.0,0.0,1.0,0.0,0.0,1.0,0.0,0.0
20260415_113926_882272,0,78,1.213160514831543,-0.4458527863025665,0.3701170999196334,32.60446849387601,0.3905779233206779,0.811626950475322,0.5712270736694336,5.195752620375863,0.0046082340104453,0.0,0.02,0.0,0.0,artificial_grass,12345,2458047581,2,0,0,2,2,2,0.98154193,-0.8163289,0.54345804,0.058794204,-0.44020727,0.23004293,0.41003573,0.25262117,0.7019783,0.2980217,-0.017742973,0.19103314,-0.2582846,0.07504873,-0.07309941,-0.26705652,-0.08479532,0.5477583,1.0,0.0,0.0,1.0,0.0,0.0,1.0,0.0,0.0
20260415_113926_882272,0,79,1.2152043581008911,-0.4599583745002746,0.4469463796010333,33.05141487347704,0.4673640604098425,0.9613599177991928,1.410558819770813,4.859521865603853,0.0041768080880914,0.0,0.02,0.0,0.0,artificial_grass,12345,2458047581,2,0,0,2,2,2,0.41817996,0.102913514,-0.31180468,0.3976055,0.73907167,-0.10265809,0.7333373,0.22951984,0.70747226,0.29252768,-0.0996281,0.6013645,-0.50292397,0.30214426,0.018518519,-0.2768031,0.15107213,0.25048733,1.0,0.0,0.0,1.0,0.0,0.0,1.0,0.0,0.0
20260415_113926_882272,0,80,1.251928687095642,-0.4487698376178741,0.1800876689918832,33.231502542468924,0.2006700083535319,0.4413065162893872,-1.1188536882400513,4.170052617607666,0.0058233936164865,0.0,0.02,0.0,0.0,artificial_grass,12345,2458047581,2,0,0,2,2,2,-0.0066300607,0.835248,-0.5755016,-1.0,-1.0,0.15418403,0.9221481,0.23207465,0.721039,0.27896097,-0.08602732,0.24269006,0.037037037,-0.23879142,0.16374269,0.17738791,-0.10038986,0.43664718,1.0,0.0,0.0,1.0,0.0,0.0,1.0,0.0,0.0
20260415_113926_882272,0,81,1.2011810541152954,-0.4509080648422241,0.1508976223755301,33.382400164844455,0.1715054193978409,0.3844355678257898,0.2138227224349975,4.269774563475068,0.004297463626588,0.0035610131930408,0.02,0.0,0.0,artificial_grass,12345,2458047581,2,0,0,2,2,2,-0.4498229,0.7792614,0.2599881,0.8659482,0.84191746,0.7779592,-0.43631637,0.27798003,0.7102779,0.28972208,-0.013517262,-0.0048732944,0.5165692,-0.32163742,-0.2777778,-0.21247563,0.11111111,0.5389863,1.0,0.0,0.0,1.0,0.0,0.0,1.0,0.0,0.0
20260415_113926_882272,0,82,1.2338732481002808,-0.4652878940105438,0.2860847257398311,33.66848489058429,0.3065755923473512,0.6478224050773349,1.4379829168319702,4.138311600210983,0.0049086660752008,0.0,0.02,0.0,0.0,artificial_grass,12345,2458047581,2,0,0,2,2,2,0.22937572,0.81399983,0.50301397,-0.87849337,-0.86830324,0.30374134,0.45640028,0.21454544,0.71233445,0.28766555,-0.28515285,-0.29239765,0.42982456,0.020467836,-0.10038986,0.032163743,0.4385965,-0.29239765,1.0,0.0,0.0,1.0,0.0,0.0,1.0,0.0,0.0
20260415_113926_882272,0,83,1.1927001476287842,-0.4510782957077026,0.0194613802709682,33.68794627085526,0.0413471006343407,0.1306268462369644,-1.4209598302841189,3.3771782037039912,0.0033184729154159,0.0310774614366178,0.02,0.0,0.0,artificial_grass,12345,2458047581,2,0,0,2,2,2,0.85864407,-0.34075415,-0.14269847,0.9029232,-0.39172044,-0.59951276,0.33453542,0.25541067,0.7261649,0.27383506,-0.108529806,0.1325536,0.4951267,0.3079922,-0.44639376,-0.32066277,0.20077972,0.27387914,1.0,0.0,0.0,1.0,0.0,0.0,1.0,0.0,0.0
20260415_113926_882272,0,84,1.1890335083007812,-0.443621963262558,-0.0432388692350346,33.644707401620224,-0.0197118853594323,-0.088438176450893,-0.7456332445144653,2.4771130767777763,0.0021953140435681,0.0661490494249099,0.02,0.0,0.0,artificial_grass,12345,2458047581,2,0,0,2,2,2,-0.9279317,-1.0,-0.9941562,0.42188466,-0.88639677,-1.0,0.20850538,0.2039443,0.7124982,0.2875018,-0.26180333,0.5185185,-0.2202729,-0.096491225,0.5350877,-0.24951267,-0.36354777,0.19980507,1.0,0.0,0.0,1.0,0.0,0.0,1.0,0.0,0.0
20260415_113926_882272,0,85,1.2664895057678225,-0.5007904171943665,0.6507741338368485,34.29548153545707,0.673273187670278,1.362882715957042,5.716845393180847,2.8786358749356253,0.0047033452649998,0.0405743861385892,0.02,0.0,0.0,artificial_grass,12345,2458047581,2,0,0,2,2,2,0.12054152,0.43056872,0.9558263,-0.32828042,-0.6039425,0.5435337,0.58777964,0.19936104,0.70532674,0.29467326,-0.28645217,-0.49025342,-0.42592594,-0.17153996,0.4103314,-0.3528265,-0.4220273,0.17641325,1.0,0.0,0.0,1.0,0.0,0.0,1.0,0.0,0.0
20260415_113926_882272,0,86,1.219498872756958,-0.4877646863460541,0.3057661337039981,34.60124766916107,0.3315480850051157,0.6965187657599756,-1.3025730848312378,3.1338481244062137,0.0044625993759043,0.1067138272705429,0.02,0.0,0.0,artificial_grass,12345,2458047581,2,0,0,2,2,2,0.23898496,0.17940576,-0.58865434,0.13411239,0.284213,0.4128316,-0.7244526,0.29618102,0.7603111,0.23968887,-0.107760064,0.049707603,0.17641325,0.4639376,-0.22807017,-0.3693957,0.30214426,0.33820662,1.0,0.0,0.0,1.0,0.0,0.0,1.0,0.0,0.0
20260415_113926_882272,0,87,1.276944875717163,-0.5398434996604919,0.8857917903083986,35.487039459469464,0.9099279011184248,1.8243594071809284,5.207881331443787,4.573771963761352,0.0076673874047364,0.067387441391052,0.02,0.0,0.0,artificial_grass,12345,2458047581,2,0,0,2,2,2,0.5117964,-0.3594517,-0.017031875,-0.78369105,0.6277115,-0.5579662,0.86785877,0.23744278,0.747783,0.25221696,-0.40164158,0.15692008,0.20175439,-0.26608187,0.08479532,0.11988304,0.21442495,-0.4639376,1.0,0.0,0.0,1.0,0.0,0.0,1.0,0.0,0.0
20260415_113926_882272,0,88,1.2092348337173462,-0.5005139112472534,0.1451218597806697,35.63216131925014,0.1718101769511443,0.3850298450547313,-3.932958841323853,4.310979403738749,0.00594317527884,0.1218799928518128,0.02,0.0,0.0,artificial_grass,12345,2458047581,2,0,0,2,2,2,0.31984857,-0.42462745,-0.20059222,-0.4647988,-0.7316507,-0.25370646,-0.70186865,0.30925027,0.7978722,0.20212777,-0.0953238,0.31871346,-0.16666667,0.05360624,-0.3869396,0.39961013,-0.3528265,0.5116959,1.0,0.0,0.0,1.0,0.0,0.0,1.0,0.0,0.0
20260415_113926_882272,0,89,1.3715847730636597,-0.5960926413536072,0.9756433066753164,36.60780462592545,1.0,2.6782406364498925,9.557873010635376,6.858593193951677,0.017339768966399,0.0524543285608747,0.02,0.0,0.0,artificial_grass,12345,2458047581,2,0,0,2,2,2,-0.008836385,-0.7029488,-0.9579112,-0.027858209,0.70927393,0.8013911,0.5671203,0.22461271,0.7600452,0.2399548,-0.38461354,0.20955166,-0.18128654,-0.0048732944,-0.21539961,0.12670565,-0.10038986,-0.35185185,1.0,0.0,0.0,1.0,0.0,0.0,1.0,0.0,0.0
20260415_113926_882272,0,90,1.3131206035614014,-0.5691076517105103,0.6321406611233038,37.23994528704876,0.6584901211589733,1.334055736259998,-2.6984989643096924,8.281087106662568,0.0225407466236093,0.0819077074661712,0.02,0.0,0.0,artificial_grass,12345,2458047581,2,0,0,2,2,2,0.25772393,-0.625942,-0.29763395,-0.6128336,-0.8167723,0.64750457,-0.8745682,0.42755014,0.8519724,0.14802754,-0.004708261,0.012670565,-0.36159843,-0.3576998,-0.015594542,0.32553607,0.29727095,0.30701753,1.0,0.0,0.0,1.0,0.0,0.0,1.0,0.0,0.0
20260415_113926_882272,0,91,1.2858755588531494,-0.5840334296226501,0.6512226546710209,37.89116794171978,0.678813461537692,1.3736862499984994,1.4925777912139893,8.291890640704025,0.0235617282200737,0.1046926808932732,0.02,0.0,0.0,artificial_grass,12345,2458047581,2,0,0,2,2,2,0.28881854,0.44575813,0.57533467,-0.9174131,0.35011083,-0.97274846,-0.2944692,0.35446987,0.8260184,0.17398159,-0.28550842,0.1539961,-0.38109162,-0.16179337,-0.2777778,0.055555556,0.46783626,-0.5,1.0,0.0,0.0,1.0,0.0,0.0,1.0,0.0,0.0
20260415_113926_882272,0,92,1.2687153816223145,-0.5638809204101562,0.2147085593445773,38.10587650106436,0.24433433701873,0.5264519571865236,-2.0152509212493896,8.121823832130573,0.0223263773472679,0.1478627987885183,0.02,0.0,0.0,artificial_grass,12345,2458047581,2,0,0,2,2,2,-0.7065989,-0.55471677,0.38394803,-1.0,-0.91873306,-1.0,-0.27212945,0.3204136,0.84037393,0.15962604,-0.2879021,0.1471735,0.1705653,0.25438598,-0.5662768,0.26705652,-0.0116959065,-0.16179337,1.0,0.0,0.0,1.0,0.0,0.0,1.0,0.0,0.0
20260415_113926_882272,0,93,1.3461793661117554,-0.6437332034111023,0.9721273961499752,39.07800389721433,1.0,2.391146042913548,7.9852283000946045,8.688610467863192,0.0310307089852868,0.095390659029921,0.02,0.0,0.0,artificial_grass,12345,2458047581,2,0,0,2,2,2,0.9864016,-0.2585357,-0.40445337,-0.22115329,-0.30332237,0.16878356,0.7622279,0.29896337,0.82099134,0.17900865,-0.377738,-0.4074074,-0.16081871,0.33528265,-0.5038986,0.19590643,-0.29922026,-0.15594542,1.0,0.0,0.0,1.0,0.0,0.0,1.0,0.0,0.0
20260415_113926_882272,0,94,1.3153011798858645,-0.549344539642334,-0.2970764610220452,38.780927436192286,-0.2647984933507952,-0.5663570620340508,-9.438866376876833,7.73722356077441,0.0339777488862441,0.1776038556525101,0.02,0.0,0.0,artificial_grass,12345,2458047581,2,0,0,2,2,2,-0.7260022,-0.3050628,-0.26833075,0.68459016,0.22281477,-0.43872514,-0.8496264,0.39579335,0.897793,0.102207005,-0.085477814,0.6062378,-0.13937622,-0.18128654,-0.09356725,-0.18908381,0.06822612,0.45126706,1.0,0.0,0.0,1.0,0.0,0.0,1.0,0.0,0.0
20260415_113926_882272,0,95,1.3159246444702148,-0.5756120085716248,0.0584215399756949,38.83934897616798,0.0932917572855041,0.2319189267067329,2.626746892929077,5.290901851031251,0.0363671488228167,0.224670048550549,0.02,0.0,0.0,artificial_grass,12345,2458047581,2,0,0,2,2,2,-0.93804014,0.9263799,-0.116525695,0.917384,-0.53522485,0.21483752,-0.70429116,0.35719568,0.80701035,0.19298968,-0.50420964,-0.45711502,-0.20077972,-0.17153996,0.3957115,0.1159844,-0.2534113,-0.5185185,1.0,0.0,0.0,1.0,0.0,0.0,1.0,0.0,0.0
20260415_113926_882272,0,96,1.2956396341323853,-0.5784320831298828,0.0639611247649471,38.90331010093293,0.0997133635828183,0.2444410589864958,0.2820074558258056,4.201287173757748,0.0352231026256825,0.24459857110606,0.02,0.0,0.0,artificial_grass,12345,2458047581,2,0,0,2,2,2,-0.9280486,0.7232726,-0.328733,-0.4931312,-0.7650916,-0.74686664,-0.22838515,0.357975,0.8322742,0.16772574,-0.45394242,-0.5877193,0.52729046,-0.13937622,0.5038986,-0.3576998,0.1208577,-0.4337232,1.0,0.0,0.0,1.0,0.0,0.0,1.0,0.0,0.0
20260415_113926_882272,0,97,1.372332215309143,-0.6687633991241455,0.9631012622101612,39.86641136314309,1.0,2.4416136940964464,9.03313159942627,5.269214617855695,0.0461853117070412,0.2456041323826923,0.02,0.0,0.0,artificial_grass,12345,2458047581,2,0,0,2,2,2,-0.18517593,-0.6441726,-0.49609986,0.6698557,0.76985097,0.55349314,-0.64283437,0.3326187,0.8349866,0.1650134,-0.40099746,-0.5662768,0.46101364,-0.165692,0.21247563,-0.38011697,-0.2982456,-0.11890838,1.0,0.0,0.0,1.0,0.0,0.0,1.0,0.0,0.0
20260415_113926_882272,0,98,1.4130363464355469,-0.7212395668029785,0.964572613921722,40.83098397706481,1.0,3.143114462543153,5.247616767883301,7.885877123212325,0.0629935889370444,0.182560543691473,0.02,0.0,0.0,artificial_grass,12345,2458047581,2,0,0,2,2,2,-0.21008532,-0.94519854,0.7768764,-0.93140996,-0.75682735,0.62913495,0.16193731,0.42848435,0.92186695,0.07813304,-0.35297903,-0.10136452,-0.37524366,-0.27387914,0.3625731,0.19980507,0.21637426,-0.42007798,1.0,0.0,0.0,1.0,0.0,0.0,1.0,0.0,0.0
20260415_113926_882272,0,99,1.393092393875122,-0.7207759618759155,0.9653985776320688,41.79638255469688,1.0,2.3457457237308006,-0.0463604927062988,7.840476804029578,0.0731013706837018,0.1458257059912222,0.02,0.0,0.0,artificial_grass,12345,2458047581,2,0,0,2,2,2,-0.420716,0.10725715,-0.04320956,0.2245122,-0.67625713,-0.5316252,0.69533414,0.47936457,0.9723383,0.027661698,-0.1332312,-0.11988304,-0.5331384,0.5263158,-0.45419103,-0.3723197,0.39181286,0.104288496,1.0,0.0,0.0,1.0,0.0,0.0,1.0,0.0,0.0
20260415_113926_882272,0,100,1.3910984992980957,-0.7264949083328247,0.9159234536177872,42.71230600831466,0.9498886944722168,1.9022829542208228,0.571894645690918,10.309116820284451,0.0807391369894204,0.1178265431097523,0.02,0.0,0.0,artificial_grass,12345,2458047581,2,0,0,2,2,2,-0.66511345,0.31554493,-0.60864,-0.85733545,-0.6483902,-0.19055985,0.60457087,0.45443457,0.9718925,0.02810755,-0.1695627,-0.2563353,0.06042885,-0.038986355,0.13840155,-0.39376217,-0.30019492,0.42787525,1.0,0.0,0.0,1.0,0.0,0.0,1.0,0.0,0.0
20260415_113926_882272,0,101,1.4013162851333618,-0.7547997832298279,5.0,47.71230600831466,1.0,2.1343340880906965,1.8705308437347408,12.211531981668417,0.0890464433718083,0.1117211520176821,0.02,0.0,0.0,artificial_grass,12345,2458047581,2,0,0,2,2,2,-0.042337526,-0.08051939,-0.82834846,-0.9199862,0.017319847,0.41637707,0.09525434,0.45194227,0.9773929,0.022607116,-0.16801946,-0.3840156,0.23781677,-0.18615985,-0.08674464,-0.3625731,-0.12573099,0.36452243,1.0,0.0,0.0,1.0,0.0,0.0,1.0,0.0,0.0
20260415_113926_882272,1,0,0.7909035086631775,0.2841379046440124,-0.2436855855354896,-0.2436855855354896,-0.2236855855354896,-0.4861868917942047,-1.9447475671768188,0.0,0.0,0.0,0.02,0.0,0.0,artificial_grass,12345,2458047712,2,0,1,2,2,2,0.9482551217079164,0.3235585391521454,0.6131064295768738,-0.9005830883979797,-0.9201189279556274,-0.6083658337593079,0.6382355690002441,0.0,-0.0,1.0,0.0,0.0419103316962718,0.0175438597798347,-0.0458089672029018,0.0116959065198898,-0.0292397662997245,0.0311890840530395,0.0360623784363269,1.0,0.0,0.0,1.0,0.0,0.0,1.0,0.0,0.0
20260415_113926_882272,1,1,0.7256688475608826,0.2968529462814331,-0.3443672870672666,-0.5880528726027562,-0.3243672870672666,-0.6825162097811699,-1.2715041637420654,0.0,0.0,0.0,0.02,0.0,0.0,artificial_grass,12345,2458047712,2,0,1,2,2,2,-0.4029371440410614,-0.2579630017280578,0.8783674836158752,-0.2239678800106048,0.5128613114356995,-0.4563789069652557,-0.7761268019676208,0.00289669027552,-0.0191659051924943,1.0,0.0939389914274215,0.5760233998298645,0.1988304108381271,0.3820662796497345,-0.4483430683612823,-0.1306042820215225,-0.2290448397397995,0.3966861665248871,1.0,0.0,0.0,1.0,0.0,0.0,1.0,0.0,0.0
20260415_113926_882272,1,2,0.8472296595573425,0.2463256418704986,0.3396386938140942,-0.2484141787886619,0.3596386938140942,0.7512954529374838,5.052730441093445,0.0,0.0,0.0,0.02,0.0,0.0,artificial_grass,12345,2458047712,2,0,1,2,2,2,-0.9787748456001282,-0.9466851949691772,0.3965432345867157,0.7161802649497986,-0.3779205083847046,0.8591498136520386,0.0413932017982006,-0.0786465629935264,-0.0316968746483325,1.0,-0.2623366117477417,-0.2465886920690536,-0.1218323558568954,0.5623781681060791,-0.1393762230873108,0.2943469882011413,-0.2807017564773559,-0.4619883000850677,1.0,0.0,0.0,1.0,0.0,0.0,1.0,0.0,0.0
20260415_113926_882272,1,3,0.792391300201416,0.241673469543457,0.3029619989123864,0.0545478201237244,0.3229619989123864,0.6797758978791535,0.4652172327041626,0.0,0.0,0.0,0.02,0.0,0.0,artificial_grass,12345,2458047712,2,0,1,2,2,2,-0.4282137453556061,0.0263508446514606,-0.5076853036880493,0.0785256847739219,0.7794458866119385,-0.7121776938438416,-0.4286440908908844,0.073304459452629,0.0180989112704992,0.9819011688232422,0.0557252205908298,-0.5516569018363953,-0.5126705765724182,0.2923976480960846,0.4278752505779266,-0.2816764116287231,0.413255363702774,-0.0136452242732048,1.0,0.0,0.0,1.0,0.0,0.0,1.0,0.0,0.0
20260415_113926_882272,1,4,0.8043996095657349,0.2246412634849548,0.4341728589086769,0.4887206790324013,0.4541728589086769,0.93563707487192,1.7032206058502195,0.0,0.0,0.0,0.02,0.0,0.0,artificial_grass,12345,2458047712,2,0,1,2,2,2,-0.6246373057365417,0.5919727087020874,0.6912992596626282,-0.6951318979263306,-0.6690841913223267,-1.0,0.6607728004455566,0.0047564506530761,0.0226837340742349,0.9773162603378296,-0.116271786391735,-0.2651072144508362,0.0272904485464096,-0.2982456088066101,0.0594541914761066,0.4961013793945312,-0.376218318939209,-0.2495126724243164,1.0,0.0,0.0,1.0,0.0,0.0,1.0,0.0,0.0
20260415_113926_882272,1,5,0.8012417554855347,0.1734200865030288,0.9709011439497892,1.459621822982191,0.9909011439497892,1.9822572307020887,5.122117698192596,3.180262554815272,0.0,0.0,0.02,0.0,0.0,artificial_grass,12345,2458047712,2,0,1,2,2,2,-0.2490036487579345,-0.8190969824790955,-0.3424029946327209,-0.2274889796972274,-0.1736076027154922,-0.0153400842100381,0.253938615322113,0.0197669025510549,0.0394693501293659,0.960530698299408,0.01239356957376,-0.3898635506629944,0.3294346928596496,0.4191033244132995,-0.3820662796497345,0.1003898605704307,-0.5594542026519775,0.4259259402751922,1.0,0.0,0.0,1.0,0.0,0.0,1.0,0.0,0.0
20260415_113926_882272,1,6,0.8158713579177856,0.1807940751314163,0.6222272858035285,2.081849108785719,0.6422272858035285,1.3023432073168806,-0.7373988628387451,4.968792653926357,0.0,0.0,0.02,0.0,0.0,artificial_grass,12345,2458047712,2,0,1,2,2,2,0.8632619380950928,0.3213135302066803,0.0807783305644989,-0.2351338267326355,-0.7030695676803589,-0.1873820126056671,0.4829954504966736,0.0158195495605468,0.0899489670991897,0.9100511074066162,-0.0288706813007593,-0.136452242732048,0.0029239766299724,0.2787524461746216,-0.1101364493370056,-0.1198830381035804,-0.0497076027095317,0.1345029175281524,1.0,0.0,0.0,1.0,0.0,0.0,1.0,0.0,0.0
20260415_113926_882272,1,7,0.9437129497528076,0.2029814422130584,0.1708067838187726,2.252655892604492,0.1908067838187726,0.4220732284466066,-2.218736708164215,6.073382092154134,0.0,0.0,0.02,0.0,0.0,artificial_grass,12345,2458047712,2,0,1,2,2,2,-0.6438107490539551,0.2924189865589142,-0.7507282495498657,0.8381361365318298,-0.0808013007044792,1.0,0.1587506085634231,0.0341065414249897,0.0826817452907562,0.9173182845115662,0.0264275390654802,0.5272904634475708,0.1988304108381271,0.0750487297773361,-0.0818713456392288,-0.3206627666950226,-0.0857699811458587,0.2923976480960846,1.0,0.0,0.0,1.0,0.0,0.0,1.0,0.0,0.0
20260415_113926_882272,1,8,0.9415927529335022,0.2007607370615005,0.1451654103199503,2.3978213029244424,0.1651654103199503,0.372072550123903,0.2220705151557922,5.694159189340553,0.0,0.0,0.02,0.0,0.0,artificial_grass,12345,2458047712,2,0,1,2,2,2,-0.545606791973114,0.8488558530807495,-0.6574884653091431,0.6985712647438049,-0.6463389992713928,0.4622357189655304,0.2779067754745483,0.1939084976911544,0.0608155988156795,0.9391844272613524,0.1301769912242889,-0.3869395852088928,0.2095516622066497,-0.4152046740055084,0.4766081869602203,-0.1354775875806808,0.4902534186840057,0.0653021410107612,1.0,0.0,0.0,1.0,0.0,0.0,1.0,0.0,0.0
20260415_113926_882272,1,9,0.9503803253173828,0.20504891872406,0.0424871133481741,2.4403084162726167,0.0624871133481741,0.1718498710289395,-0.4288181662559509,5.186233162490339,0.0,0.0,0.02,0.0,0.0,artificial_grass,12345,2458047712,2,0,1,2,2,2,-0.9866702556610109,-0.055722426623106,-0.2632662057876587,0.4026152193546295,-0.3275547623634338,1.0,0.3212168514728546,0.1912583410739898,0.0630041360855102,0.9369958639144896,0.1509024053812027,-0.3489278852939605,0.4824561476707458,-0.4239766001701355,0.4307992160320282,-0.3684210479259491,0.2992202639579773,0.1715399622917175,1.0,0.0,0.0,1.0,0.0,0.0,1.0,0.0,0.0
20260415_113926_882272,1,10,0.8612014651298523,0.1736259013414383,0.4233142758139737,2.8636226920865906,0.4433142758139737,0.9144628378372488,3.1423017382621765,5.165058925455668,0.0,0.0,0.02,0.0,0.0,artificial_grass,12345,2458047712,2,0,1,2,2,2,0.1575487703084945,-0.4755268692970276,0.8603508472442627,0.3913409113883972,-0.7448341250419617,-0.935486376285553,-0.4963782131671905,0.202242761850357,0.0587780401110649,0.9412219524383544,0.1701580584049224,-0.5692007541656494,0.0233918130397796,-0.1150097474455833,0.2504873275756836,-0.231968805193901,0.5292397737503052,0.1666666716337204,1.0,0.0,0.0,1.0,0.0,0.0,1.0,0.0,0.0
20260415_113926_882272,1,11,1.0830698013305664,0.2449759989976883,-0.5573873400145234,2.306235352072067,-0.5373873400145234,-1.0979053130283205,-7.135009765625,2.084896381725258,0.0,0.0,0.02,0.0,0.0,artificial_grass,12345,2458047712,2,0,1,2,2,2,-0.3033719658851623,0.3791502714157104,-0.6648685932159424,-0.5209783315658569,0.5637544989585876,0.7506030201911926,0.93429833650589,0.0907691940665245,0.0897461250424385,0.9102539420127868,-0.1349239349365234,0.0672514587640762,-0.3460038900375366,0.4746588766574859,0.2631579041481018,-0.3937621712684631,-0.0272904485464096,-0.2807017564773559,1.0,0.0,0.0,1.0,0.0,0.0,1.0,0.0,0.0
20260415_113926_882272,1,12,1.0494707822799685,0.1970512270927429,0.1464004507007929,2.45263580277286,0.1665078527448247,0.3746903128524081,4.792477190494537,1.1572434872607855,0.0010740204403175,0.0,0.02,0.0,0.0,artificial_grass,12345,2458047712,2,0,1,2,2,2,0.3198351263999939,0.242876261472702,-0.4413392543792724,-0.1664079278707504,0.9102215766906738,-1.0,0.9286397099494934,0.3681045472621918,0.0194290112704038,0.9805710911750792,0.3399323225021362,-0.1715399622917175,0.2699805200099945,-0.3362573087215423,-0.2992202639579773,0.3099415302276611,0.3732943534851074,0.5458089709281921,1.0,0.0,0.0,1.0,0.0,0.0,1.0,0.0,0.0
20260415_113926_882272,1,13,1.0030895471572876,0.1579805165529251,0.5991332591878367,3.0517690619606967,0.6193771785306417,1.2577854981347514,3.907071053981781,1.9929557569489305,0.0024391934280502,0.0,0.02,0.0,0.0,artificial_grass,12345,2458047712,2,0,1,2,2,2,-0.284986287355423,0.1329081356525421,-0.1409599632024765,0.4291312992572784,1.0,-0.0824204161763191,-0.5004523992538452,0.3261057734489441,0.0666599571704864,0.933340072631836,0.1822716742753982,0.1890838146209716,0.1325536072254181,-0.2923976480960846,-0.1033138409256935,0.5730994343757629,-0.5701754093170166,0.5799220204353333,1.0,0.0,0.0,1.0,0.0,0.0,1.0,0.0,0.0
20260415_113926_882272,1,14,0.9942372441291808,0.1357729882001876,0.722492942800298,3.7742620047609945,0.7428345294458897,1.498527332419485,2.2207528352737427,3.1194105392445124,0.0034158664559168,0.0,0.02,0.0,0.0,artificial_grass,12345,2458047712,2,0,1,2,2,2,0.6207181215286255,0.7153770923614502,0.1880778968334198,-0.1144591718912124,0.0806076601147651,0.1701484471559524,-0.6649513840675354,0.2681292593479156,0.1051650047302246,0.8948349952697754,-0.0872008055448532,-0.1861598491668701,0.0604288503527641,-0.1423001885414123,0.1686159819364547,0.5419103503227234,-0.066276803612709,-0.3089668750762939,1.0,0.0,0.0,1.0,0.0,0.0,1.0,0.0,0.0
20260415_113926_882272,1,15,1.078148603439331,0.1457807421684265,0.401460244942838,4.175722249703832,0.4224111026198169,0.873701650108643,-1.000775396823883,3.821262318324216,0.0095085767697885,0.0,0.02,0.0,0.0,artificial_grass,12345,2458047712,2,0,1,2,2,2,0.7498304843902588,-0.6073090434074402,0.2021810412406921,-0.5850937366485596,0.5122175216674805,0.0690832287073135,0.71700519323349,0.2570638656616211,0.1270510107278823,0.8729490637779236,-0.1024639382958412,0.3615984320640564,0.401559442281723,0.0672514587640762,-0.0740740746259689,0.0896686166524887,0.1384015530347824,-0.4054580926895141,1.0,0.0,0.0,1.0,0.0,0.0,1.0,0.0,0.0
20260415_113926_882272,1,16,1.0270071029663086,0.1267021000385284,0.5338481055189062,4.709570355222739,0.5549960465789442,1.1322422908289411,1.9078642129898071,4.039041771315908,0.0114794106003803,0.0,0.02,0.0,0.0,artificial_grass,12345,2458047712,2,0,1,2,2,2,-0.1506322026252746,0.6534085273742676,0.6743099093437195,0.0448138751089572,-0.8397819399833679,0.5008853077888489,-0.3669252693653106,0.3619530797004699,0.1171881556510925,0.8828118443489075,0.1918477118015289,0.4775828421115875,-0.1569200754165649,0.1832358688116073,-0.3294346928596496,0.317738801240921,0.0116959065198898,0.4152046740055084,1.0,0.0,0.0,1.0,0.0,0.0,1.0,0.0,0.0
20260415_113926_882272,1,17,0.9941172003746032,0.1297659575939178,0.3495219672906293,5.059092322513368,0.3705565534548604,0.7725852792369778,-0.3063857555389404,5.909532363581207,0.0103458616423109,0.0,0.02,0.0,0.0,artificial_grass,12345,2458047712,2,0,1,2,2,2,0.8855553865432739,-0.2996552288532257,0.0379102602601051,0.1629741340875625,0.6568523049354553,-0.7337188720703125,-0.4851207435131073,0.2980262637138366,0.1359905898571014,0.8640094995498657,-0.0175261851400136,-0.1179337203502655,0.3235867321491241,0.3401559591293335,0.0497076027095317,-0.4317738711833954,0.3499025404453277,-0.1978557556867599,1.0,0.0,0.0,1.0,0.0,0.0,1.0,0.0,0.0
20260415_113926_882272,1,18,1.1424484252929688,0.1452360451221466,0.0507796634918813,5.109871986005249,0.0731727031907693,0.1926867712220001,-1.547008752822876,5.727528821950799,0.0239303969888801,0.0,0.02,0.0,0.0,artificial_grass,12345,2458047712,2,0,1,2,2,2,-0.8409538269042969,0.4335731863975525,-0.038612887263298,-0.8703263998031616,0.4559461176395416,0.8280544877052307,0.5927935242652893,0.2569138407707214,0.1329710781574249,0.8670289516448975,-0.1479926407337188,0.5350877046585083,-0.1695906370878219,0.034113060683012,0.0994152054190635,0.404483437538147,-0.3937621712684631,-0.2855750620365143,1.0,0.0,0.0,1.0,0.0,0.0,1.0,0.0,0.0
20260415_113926_882272,1,19,1.0447847843170166,0.0475409142673015,0.977539289222294,6.087411275227543,1.0,2.586893349787644,9.769513085484505,7.056636673603691,0.0246071077770588,0.0,0.02,0.0,0.0,artificial_grass,12345,2458047712,2,0,1,2,2,2,0.6592655181884766,0.2397169917821884,0.3937292993068695,0.0996149107813835,-0.1413134336471557,-0.3612046241760254,0.0885554254055023,0.4423278868198395,0.1177249699831008,0.8822751045227051,0.2326256036758422,-0.4853801131248474,0.3138401508331299,0.0350877195596694,-0.4873294234275818,0.2651072144508362,0.4200779795646667,0.3304093480110168,1.0,0.0,0.0,1.0,0.0,0.0,1.0,0.0,0.0
20260415_113926_882272,1,20,1.0581750869750977,0.0523328185081481,0.8852052955673142,6.972616570794857,0.9078832852920766,1.8203724063195488,-0.4791904240846634,7.378481747503756,0.0267798972476245,0.0,0.02,0.0,0.0,artificial_grass,12345,2458047712,2,0,1,2,2,2,-0.726743221282959,-0.7405999302864075,-0.1354241073131561,-0.1731485426425933,0.3319319188594818,-0.473741203546524,0.5125162601470947,0.3202483057975769,0.2140056937932968,0.7859943509101868,-0.021301070228219,0.3615984320640564,0.0799220278859138,0.1861598491668701,0.0575048737227916,-0.0633528232574462,-0.1773879081010818,0.0750487297773361,1.0,0.0,0.0,1.0,0.0,0.0,1.0,0.0,0.0
20260415_113926_882272,1,21,1.0637788772583008,0.0457119792699813,0.7364645837650053,7.709081154559862,0.7593847618942784,1.530800285693843,0.6620839238166809,8.035580383088956,0.0292017812927304,0.0,0.02,0.0,0.0,artificial_grass,12345,2458047712,2,0,1,2,2,2,-0.6154547333717346,0.2662142813205719,-0.3614142835140228,0.3549830913543701,0.8545257449150085,0.1025719940662384,0.0496395975351333,0.3369861543178558,0.2092831581830978,0.7907168865203857,0.0373444519937038,-0.4035087823867798,-0.1734892725944519,0.082846000790596,-0.066276803612709,0.2153996080160141,-0.3021442592144012,0.2992202639579773,1.0,0.0,0.0,1.0,0.0,0.0,1.0,0.0,0.0
20260415_113926_882272,1,22,1.1188074350357056,0.065285176038742,0.2882900658601426,7.997371220420005,0.3121898948981305,0.6587702950513545,-1.957319676876068,7.562108387311369,0.0389982903798792,0.0,0.02,0.0,0.0,artificial_grass,12345,2458047712,2,0,1,2,2,2,0.3463738262653351,0.7825160026550293,0.344906210899353,0.6467424631118774,0.1990006566047668,-0.1294123083353042,0.9679458141326904,0.3439908921718597,0.2158081531524658,0.784191906452179,-0.0246400237083435,-0.3801169693470001,0.161793366074562,-0.235867440700531,0.1588694006204605,0.3957115113735199,-0.0389863550662994,0.0009746588766574,1.0,0.0,0.0,1.0,0.0,0.0,1.0,0.0,0.0
20260415_113926_882272,1,23,1.06601881980896,0.0460053496062755,0.4510237004794187,8.448394920899425,0.4749094267180421,0.976073382100182,1.9279826432466507,7.765596490174573,0.038857262386233,0.0,0.02,0.0,0.0,artificial_grass,12345,2458047712,2,0,1,2,2,2,0.4829389154911041,0.7220329642295837,0.5781750082969666,-0.2497690171003341,-0.6757075786590576,0.3433857262134552,-0.2184534221887588,0.4127766489982605,0.1965183168649673,0.8034816980361938,0.1679591536521911,0.1920077949762344,0.4054580926895141,0.0038986355066299,0.3226120769977569,0.0760233923792839,-0.1062378138303756,0.5623781681060791,1.0,0.0,0.0,1.0,0.0,0.0,1.0,0.0,0.0
20260415_113926_882272,1,24,1.0859432220458984,0.0434676185250282,0.3581240808855265,8.80651900178495,0.3823068274904259,0.7954983136063305,0.2537731081247329,8.368408032558904,0.0418274660489934,0.0,0.02,0.0,0.0,artificial_grass,12345,2458047712,2,0,1,2,2,2,0.1132080033421516,-0.4793631434440613,-0.7593132853507996,-0.9607493877410888,0.0372318960726261,0.7560415267944336,0.0145693803206086,0.3467908799648285,0.2155190259218216,0.7844809889793396,-0.0327757634222507,0.2816764116287231,0.38791424036026,0.3235867321491241,-0.1179337203502655,-0.3216374218463897,0.264132559299469,-0.1208577007055282,1.0,0.0,0.0,1.0,0.0,0.0,1.0,0.0,0.0
20260415_113926_882272,1,25,0.9709150791168212,0.1059226468205452,-0.4918532836150666,8.314665718169884,-0.4691035754785537,-0.96475197218318,-6.245502829551697,4.81676271058808,0.0274970813651289,0.0,0.02,0.0,0.0,artificial_grass,12345,2458047712,2,0,1,2,2,2,-0.6660728454589844,0.8332843780517578,-0.5499101281166077,0.5862382054328918,-0.0140117900446057,-0.7980560064315796,-0.9956399202346802,0.3716963827610016,0.2180200219154358,0.781980037689209,0.0254292227327823,0.1569200754165649,0.2592592537403106,0.2153996080160141,-0.4980506896972656,0.0409356728196144,0.4083820581436157,-0.0214424952864646,1.0,0.0,0.0,1.0,0.0,0.0,1.0,0.0,0.0
20260415_113926_882272,1,26,1.0600005388259888,0.0296665243804454,0.5580168065923967,8.872682524762281,0.5809431189051781,1.1828390818650971,7.625612244009972,4.179229386133628,0.0292631231278134,0.0,0.02,0.0,0.0,artificial_grass,12345,2458047712,2,0,1,2,2,2,-0.9903537631034852,0.9043399095535278,-0.5987235307693481,-0.7790201902389526,0.3718540966510772,-0.8869191408157349,0.9314343929290771,0.2279111891984939,0.1564691960811615,0.8435308337211609,-0.3462809920310974,-0.3898635506629944,0.5097466111183167,-0.3226120769977569,0.3781676292419433,0.0360623784363269,-0.3664717376232147,-0.567251443862915,1.0,0.0,0.0,1.0,0.0,0.0,1.0,0.0,0.0
20260415_113926_882272,1,27,1.032832145690918,-0.0089422753080725,0.9015741236161072,9.774256648378389,0.9242816941598916,1.8523493036117884,3.8608799688518047,4.500778404051573,0.0270757054378436,0.0,0.02,0.0,0.0,artificial_grass,12345,2458047712,2,0,1,2,2,2,-0.5599735379219055,-0.5246500372886658,0.6649010181427002,-0.4355806410312652,-0.0800544470548629,0.918785274028778,-0.3568263649940491,0.3392680287361145,0.2316213101148605,0.768378734588623,0.0737063288688659,-0.5828459858894348,0.5945419073104858,-0.2914229929447174,-0.0974658876657486,0.2787524461746216,-0.5370370149612427,0.5682260990142822,1.0,0.0,0.0,1.0,0.0,0.0,1.0,0.0,0.0
20260415_113926_882272,1,28,1.039534330368042,-0.0370823964476585,0.9773679332695056,10.751624581647894,1.0,2.0927650061984764,2.814012113958597,5.934773115198695,0.0263206673049437,0.0,0.02,0.0,0.0,artificial_grass,12345,2458047712,2,0,1,2,2,2,0.6444606184959412,0.1297030448913574,-0.6631423830986023,-0.3076664507389068,0.0388063415884971,-0.9524961113929749,0.3980151712894439,0.3053075671195984,0.2696711421012878,0.7303289175033569,-0.0876391306519508,-0.3274853825569153,-0.1978557556867599,0.4668616056442261,-0.2387914210557937,-0.0692007765173912,0.4707602262496948,-0.2456140369176864,1.0,0.0,0.0,1.0,0.0,0.0,1.0,0.0,0.0
20260415_113926_882272,1,29,1.031337857246399,-0.0296831987798213,0.6619311473683095,11.413555729016204,0.6844070835656118,1.384593812952943,-0.7399197667837143,6.343293546051456,0.0247593619730223,0.0,0.02,0.0,0.0,artificial_grass,12345,2458047712,2,0,1,2,2,2,-0.0844810828566551,0.0014348201220855,0.3962899148464203,0.9600799083709716,-0.3585978150367737,0.7187373042106628,-0.278176486492157,0.3136852383613586,0.297403872013092,0.7025961875915527,0.0187823753803968,0.4005847871303558,0.1208577007055282,-0.1081871315836906,-0.1247563362121582,0.1023391783237457,-0.2690058350563049,0.2670565247535705,1.0,0.0,0.0,1.0,0.0,0.0,1.0,0.0,0.0
20260415_113926_882272,1,30,1.0515495538711548,-0.0415634363889694,0.6365988366230246,12.050154565639229,0.6592057948427696,1.3354512999434007,1.1880237609148026,6.883246532388526,0.0260695821974503,0.0,0.02,0.0,0.0,artificial_grass,12345,2458047712,2,0,1,2,2,2,0.858192503452301,-0.6140916347503662,-0.8198491334915161,0.1615498065948486,0.6764203310012817,-0.4330824911594391,0.4454435110092163,0.3034397065639496,0.290111780166626,0.709888219833374,-0.0971402898430824,-0.0653021410107612,-0.0253411307930946,0.1998050659894943,0.4892787635326385,-0.2807017564773559,0.3586744666099548,-0.1910331398248672,1.0,0.0,0.0,1.0,0.0,0.0,1.0,0.0,0.0
20260415_113926_882272,1,31,1.0851540565490725,-0.0315569043159484,0.3365557329375317,12.38671029857676,0.3597052169907795,0.7514251731320201,-1.0006532073020935,8.599423677703726,0.0314948405324777,0.0,0.02,0.0,0.0,artificial_grass,12345,2458047712,2,0,1,2,2,2,-0.1756823062896728,-0.6907653212547302,-0.7478465437889099,-0.7115460634231567,0.3700970709323883,0.7066709399223328,0.3049743175506592,0.3287042677402496,0.3018200099468231,0.6981800198554993,0.0126825524494051,0.5370370149612427,-0.3138401508331299,-0.3947368562221527,0.1179337203502655,0.4142300188541412,-0.2690058350563049,0.2660818696022033,1.0,0.0,0.0,1.0,0.0,0.0,1.0,0.0,0.0
20260415_113926_882272,1,32,1.091509461402893,-0.0379455164074897,0.3215907047464301,12.70830100332319,0.3452739395577238,0.7232841821375615,0.638861209154129,8.13986877797619,0.0368323481129367,0.0,0.02,0.0,0.0,artificial_grass,12345,2458047712,2,0,1,2,2,2,0.6483718752861023,-0.432568609714508,0.9229010939598083,0.721186637878418,-0.2221383303403854,0.7429291605949402,0.4426763951778412,0.3707098960876465,0.2919583618640899,0.7080416679382324,0.0886889621615409,-0.0750487297773361,-0.3099415302276611,-0.3820662796497345,-0.235867440700531,0.2504873275756836,0.3966861665248871,0.1627680361270904,1.0,0.0,0.0,1.0,0.0,0.0,1.0,0.0,0.0
20260415_113926_882272,1,33,1.0798228979110718,-0.0658454149961471,0.5863055031749084,13.294606506498098,0.6102362058049204,1.239960601319595,2.789989858865738,7.527480075683997,0.0393070263001206,0.0,0.02,0.0,0.0,artificial_grass,12345,2458047712,2,0,1,2,2,2,-0.6503387689590454,0.2206147164106369,0.3251711726188659,0.9873718023300172,0.1731359213590622,-0.1650752425193786,0.8903316855430603,0.3786541819572449,0.2982544898986816,0.7017455697059631,0.132858857512474,0.3693957030773163,-0.3576998114585876,-0.0711500942707061,0.3089668750762939,-0.1871345043182373,0.4590643346309662,0.2738791406154632,1.0,0.0,0.0,1.0,0.0,0.0,1.0,0.0,0.0
20260415_113926_882272,1,34,1.0629088878631592,-0.07436353713274,0.5366119174306129,13.83121842392871,0.5604735920023186,1.1429235044045214,0.8518122136592865,6.577638573890042,0.0386167457170577,0.0,0.02,0.0,0.0,artificial_grass,12345,2458047712,2,0,1,2,2,2,0.2894949316978454,0.0663623660802841,0.6850515007972717,0.9554749727249146,0.634158194065094,-0.6456552743911743,0.8759631514549255,0.3640460073947906,0.3257504403591156,0.6742495894432068,0.1320988684892654,-0.4249512553215027,0.0185185186564922,-0.0711500942707061,0.3625730872154236,0.0536062382161617,-0.1111111119389534,0.5692007541656494,1.0,0.0,0.0,1.0,0.0,0.0,1.0,0.0,0.0
20260415_113926_882272,1,35,1.038799524307251,-0.1046584397554397,0.7788842331071701,14.61010265703588,0.8023411250619938,1.614565193870888,3.0294902622699738,6.807609954807987,0.0345689195482364,0.0,0.02,0.0,0.0,artificial_grass,12345,2458047712,2,0,1,2,2,2,-0.1881701350212097,-1.0,0.5664169192314148,0.3679884076118469,0.1403558850288391,-0.0373117886483669,0.2562559843063354,0.3429034352302551,0.3341452181339264,0.6658547520637512,0.0436981692910194,0.1120857670903205,-0.068226121366024,-0.0740740746259689,0.3606237769126892,0.2933723330497741,-0.4122807085514068,0.5311890840530396,1.0,0.0,0.0,1.0,0.0,0.0,1.0,0.0,0.0
20260415_113926_882272,1,36,1.0147864818572998,-0.1101593971252441,0.6430229170953521,15.253125574131234,0.665870681870905,1.348447829648265,0.5500957369804382,6.820606484512851,0.028477647755529,0.0,0.02,0.0,0.0,artificial_grass,12345,2458047712,2,0,1,2,2,2,0.207997515797615,0.5648534297943115,0.7261582612991333,-0.7197380661964417,-0.2096047401428222,-0.2489860504865646,0.094034269452095,0.3127667307853699,0.3640015423297882,0.6359984874725342,-0.0518858060240745,-0.1052631586790084,-0.5935672521591187,0.3557505011558532,0.2202728986740112,0.0750487297773361,-0.030214425176382,0.1461988240480423,1.0,0.0,0.0,1.0,0.0,0.0,1.0,0.0,0.0
20260415_113926_882272,1,37,1.006392478942871,-0.1112875491380691,0.4851262149315791,15.738251789062812,0.507456242336842,1.0395396725568418,0.1128152012825012,7.108720983937673,0.0233002740526281,0.0,0.02,0.0,0.0,artificial_grass,12345,2458047712,2,0,1,2,2,2,0.8274567723274231,-0.2731881141662597,0.0955906435847282,0.1327576786279678,-0.5171002149581909,-0.1774722933769226,0.0931262075901031,0.2827504277229309,0.3694228827953338,0.6305772066116333,-0.0929346829652786,0.0730994120240211,0.1432748585939407,0.3801169693470001,-0.4005847871303558,-0.0292397662997245,-0.1003898605704307,0.0838206633925437,1.0,0.0,0.0,1.0,0.0,0.0,1.0,0.0,0.0
20260415_113926_882272,1,38,1.0515692234039309,-0.1272214353084564,0.5559680686033642,16.294219857666178,0.5784625172704114,1.1780019086773024,1.5933886170387268,7.563438710477413,0.0249444866704719,0.0,0.02,0.0,0.0,artificial_grass,12345,2458047712,2,0,1,2,2,2,-0.8159962296485901,-0.6987804770469666,-0.3500014543533325,-0.8422515392303467,0.082544021308422,0.5706406831741333,-0.0669002756476402,0.2722579836845398,0.3705346584320068,0.6294653415679932,-0.1264616101980209,0.5233917832374573,-0.1384015530347824,0.0994152054190635,0.1042884960770607,-0.317738801240921,-0.0955165699124336,0.064327485859394,1.0,0.0,0.0,1.0,0.0,0.0,1.0,0.0,0.0
20260415_113926_882272,1,39,1.029468297958374,-0.1293514221906662,0.4323907433680393,16.726610601034217,0.4547441556734486,0.9367511035632248,0.2129986882209777,7.260229212721043,0.0235341230540923,0.0,0.02,0.0,0.0,artificial_grass,12345,2458047712,2,0,1,2,2,2,1.0,0.9070410132408142,-0.7414841651916504,0.382184088230133,-0.4910213053226471,-0.5471141934394836,0.2547162473201751,0.3287288546562195,0.3862378597259521,0.6137621402740479,-0.0866506248712539,-0.3440545797348022,-0.1842105239629745,0.0964912250638008,-0.4005847871303558,0.0672514587640762,0.2933723330497741,-0.0653021410107612,1.0,0.0,0.0,1.0,0.0,0.0,1.0,0.0,0.0
20260415_113926_882272,1,40,1.0585873126983645,-0.1512824743986129,0.5932163117896289,17.319826912823846,0.6158151963441423,1.2508396328710774,2.1931052207946777,7.368145341187599,0.0259888455451336,0.0,0.02,0.0,0.0,artificial_grass,12345,2458047712,2,0,1,2,2,2,-0.0533686839044094,-0.4703481495380401,-1.0,0.1482730656862259,0.8578861355781555,0.058459099382162,-0.0285687521100044,0.301102727651596,0.3883370459079742,0.6116629838943481,-0.1171287223696708,0.61208575963974,0.528265118598938,-0.5029239654541016,0.2456140369176864,-0.2495126724243164,-0.261208564043045,0.1715399622917175,1.0,0.0,0.0,1.0,0.0,0.0,1.0,0.0,0.0
20260415_113926_882272,1,41,1.0419892072677612,-0.1562806069850921,0.4969480110921356,17.816774923915982,0.5195297637514332,1.0630830393152948,0.4998132586479187,6.816663186632006,0.0258175265929755,0.0,0.02,0.0,0.0,artificial_grass,12345,2458047712,2,0,1,2,2,2,0.3741275370121002,0.8138919472694397,-0.5740265846252441,-0.849735677242279,-0.4040194749832153,-0.2318424135446548,-0.0461284182965755,0.3375015258789062,0.4099505543708801,0.5900494456291199,-0.1363702118396759,0.0038986355066299,0.076998047530651,-0.5428850054740906,0.0633528232574462,0.4093567132949829,-0.0497076027095317,-0.0428849905729293,1.0,0.0,0.0,1.0,0.0,0.0,1.0,0.0,0.0
20260415_113926_882272,1,42,1.1524696350097656,-0.1492698341608047,0.2692437300400649,18.08601865395605,0.2933553635278379,0.622042958879284,-0.7010772824287415,6.090258315863025,0.0411163348777299,0.0,0.02,0.0,0.0,artificial_grass,12345,2458047712,2,0,1,2,2,2,0.7762985825538635,0.1092791408300399,0.4947184026241302,-0.169221743941307,-0.0574113354086875,0.5827873349189758,0.9383623600006104,0.3167538642883301,0.4148763418197632,0.5851237177848816,-0.1359255909919738,0.2115009725093841,0.4756335318088531,-0.3450292348861694,-0.4200779795646667,0.1189083829522132,-0.0906432718038559,-0.0116959065198898,1.0,0.0,0.0,1.0,0.0,0.0,1.0,0.0,0.0
20260415_113926_882272,1,43,1.057345271110535,-0.1787032932043075,0.5670475888626526,18.6530662428187,0.5909583052548916,1.2023686952470385,2.9433459043502808,6.253087338553222,0.0391071639223894,0.0,0.02,0.0,0.0,artificial_grass,12345,2458047712,2,0,1,2,2,2,-0.6396992206573486,-0.5245267748832703,0.3994539678096771,-0.3783296346664428,-0.0372899696230888,-0.691361665725708,0.2052765637636184,0.4548543989658355,0.407967060804367,0.5920329689979553,0.1207960546016693,0.458089679479599,0.0077972710132598,0.1783625781536102,-0.1725146174430847,-0.1023391783237457,0.2768031060695648,0.5487329363822937,1.0,0.0,0.0,1.0,0.0,0.0,1.0,0.0,0.0
20260415_113926_882272,1,44,1.0391660928726196,-0.1358854621648788,-0.0843529684537282,18.56871327436497,-0.0608560279745867,-0.1686692545504442,-4.281783103942871,4.906416175325475,0.0349694047914148,0.0,0.02,0.0,0.0,artificial_grass,12345,2458047712,2,0,1,2,2,2,-0.4441334903240204,-0.0203515458852052,0.3373041749000549,0.5751227736473083,0.6846883296966553,-0.6595723628997803,-0.5411174893379211,0.3359489440917969,0.4369743764400482,0.5630255937576294,-0.1491164714097976,-0.3771929740905761,-0.2563352882862091,0.2914229929447174,-0.1978557556867599,0.0116959065198898,-0.3625730872154236,0.1413255333900451,1.0,0.0,0.0,1.0,0.0,0.0,1.0,0.0,0.0
20260415_113926_882272,1,45,1.077066421508789,-0.196820929646492,0.6669654190557807,19.235678693420752,0.6907101262192296,1.3968847461274976,6.093546748161316,5.366549817889748,0.0374470716344883,0.0,0.02,0.0,0.0,artificial_grass,12345,2458047712,2,0,1,2,2,2,0.2557682693004608,-0.3545206189155578,0.5094357132911682,0.0676741302013397,-0.4029297232627868,-0.4100245535373688,0.359799712896347,0.3132249712944031,0.3947764933109283,0.605223536491394,-0.3356925547122955,-0.2865497171878814,-0.0545808970928192,0.1286549717187881,0.1754385977983474,0.3138401508331299,-0.3927875161170959,-0.3206627666950226,1.0,0.0,0.0,1.0,0.0,0.0,1.0,0.0,0.0
20260415_113926_882272,1,46,1.09880530834198,-0.2161960750818252,0.7356325229070068,19.97131121632776,0.760021638707158,1.532042195478958,1.9375145435333248,5.647752380497629,0.0427484988677485,0.002285318267527,0.02,0.0,0.0,artificial_grass,12345,2458047712,2,0,1,2,2,2,-0.1577160060405731,0.5213133692741394,0.4745178818702698,0.4809143245220184,0.2348415553569793,0.7486966848373413,-0.1476086229085922,0.3606003820896148,0.4548297524452209,0.5451703071594238,-0.1159773990511894,0.136452242732048,-0.2563352882862091,0.2846003770828247,0.0555555559694767,-0.2309941500425338,-0.2426900565624237,0.2153996080160141,1.0,0.0,0.0,1.0,0.0,0.0,1.0,0.0,0.0
20260415_113926_882272,1,47,1.085073947906494,-0.1864033639430999,0.1554417307676541,20.12675294709541,0.1816481375082486,0.4042138681410847,-2.979271113872528,4.9888832093234186,0.044693888131075,0.0347403585497399,0.02,0.0,0.0,artificial_grass,12345,2458047712,2,0,1,2,2,2,0.5635634660720825,0.1749764531850814,0.4403442144393921,-1.0,0.7094950079917908,-0.5523830652236938,-0.4141258001327514,0.3877739906311035,0.4739243984222412,0.5260756611824036,-0.1720260977745056,-0.1296296268701553,0.0243664719164371,0.202729046344757,0.1764132529497146,-0.0575048737227916,0.1393762230873108,-0.1198830381035804,1.0,0.0,0.0,1.0,0.0,0.0,1.0,0.0,0.0
20260415_113926_882272,1,48,1.0652636289596558,-0.1727133840322494,-0.028808059408927,20.097944887686484,0.0,-0.0390890966654495,-1.3689979910850525,4.327751153778685,0.0429646166635113,0.0902319548515178,0.02,0.0,0.0,artificial_grass,12345,2458047712,2,0,1,2,2,2,-0.7039327621459961,-0.5043262839317322,-0.8751474022865295,-0.7493606209754944,-0.3786033093929291,-0.115717589855194,-0.935137927532196,0.3706097602844238,0.4445630311965942,0.5554370284080505,-0.2526463866233825,0.3372319638729095,0.0974658876657486,0.2651072144508362,-0.5779727101325989,0.4434697926044464,-0.289473682641983,-0.2222222238779068,1.0,0.0,0.0,1.0,0.0,0.0,1.0,0.0,0.0
20260415_113926_882272,1,49,1.1177566051483154,-0.2322177737951278,0.6954796415285164,20.793424529215,0.7222014982424972,1.4582929215728695,5.950438976287842,4.583675380104516,0.0503423576983572,0.0337524188829011,0.02,0.0,0.0,artificial_grass,12345,2458047712,2,0,1,2,2,2,-0.5418744683265686,0.3229056000709533,-0.4079813659191131,-0.2664913833141327,-0.9332159757614136,-0.3474547863006592,0.7044456005096436,0.3458468317985534,0.4310711920261383,0.5689288377761841,-0.3599419295787811,-0.3567251563072204,0.0136452242732048,0.1442495137453079,-0.3752436637878418,0.1003898605704307,-0.0370370373129844,-0.5536062121391296,1.0,0.0,0.0,1.0,0.0,0.0,1.0,0.0,0.0
20260415_113926_882272,1,50,1.1172469854354858,-0.2173682749271392,0.3192460619979941,21.112670591213,0.344862676656381,0.722482219479943,-1.4849498867988586,5.474826854134903,0.0561661465838681,0.0,0.02,0.0,0.0,artificial_grass,12345,2458047712,2,0,1,2,2,2,-0.8849380612373352,-0.8758077025413513,-0.4824678897857666,0.5490507483482361,-0.9943827986717224,-0.7604837417602539,0.7981792092323303,0.4114630818367004,0.4897140860557556,0.5102859139442444,-0.0220480039715766,-0.3255360722541809,0.235867440700531,-0.1111111119389534,-0.0740740746259689,-0.2261208593845367,-0.1910331398248672,0.4230019450187683,1.0,0.0,0.0,1.0,0.0,0.0,1.0,0.0,0.0
20260415_113926_882272,1,51,1.216041088104248,-0.2483367323875427,0.6211765688841012,21.7338471600971,0.6492682569846357,1.3160731011200395,3.096845746040344,5.394015209127446,0.0809168810053448,0.0,0.02,0.0,0.0,artificial_grass,12345,2458047712,2,0,1,2,2,2,-0.9211374521255492,0.7167415022850037,-0.7608837485313416,-0.0265028048306703,0.0091888923197984,0.9337212443351746,0.3412086069583893,0.4108261168003082,0.475079596042633,0.5249204039573669,-0.0287908036261796,-0.5087719559669495,-0.1345029175281524,-0.1988304108381271,0.4074074029922485,-0.4278752505779266,-0.3489278852939605,0.4863547682762146,1.0,0.0,0.0,1.0,0.0,0.0,1.0,0.0,0.0
20260415_113926_882272,1,52,1.176780343055725,-0.2635685503482818,0.6465207552292339,22.38036791532633,0.6758206537735921,1.3678502748585046,1.5231817960739136,5.229823288506992,0.0929989854435824,0.0,0.02,0.0,0.0,artificial_grass,12345,2458047712,2,0,1,2,2,2,-0.0109071685001254,0.2207000404596328,-0.0234084315598011,0.0800103098154068,-0.664178192615509,-0.9527695178985596,0.8537295460700989,0.534318745136261,0.5055997371673584,0.4944003522396087,0.0450715608894825,-0.5633528232574463,0.4327485263347626,-0.4502924084663391,-0.0292397662997245,-0.0311890840530395,0.4600389897823334,0.1783625781536102,1.0,0.0,0.0,1.0,0.0,0.0,1.0,0.0,0.0
20260415_113926_882272,1,53,1.1362833976745603,-0.2632468640804291,0.4670434644227445,22.84741137974908,0.4963310509987508,1.0178455494475642,-0.0321686267852783,5.843454969813472,0.0928758657600633,0.0,0.02,0.0,0.0,artificial_grass,12345,2458047712,2,0,1,2,2,2,0.5223470330238342,0.4438710510730743,0.731305718421936,-0.6295885443687439,0.5848727226257324,0.1001593396067619,-0.3288469314575195,0.4852427542209625,0.5206109881401062,0.4793890118598938,0.0142789855599403,-0.0467836260795593,0.0633528232574462,-0.0545808970928192,0.0818713456392288,-0.3528265058994293,-0.2816764116287231,0.5506822466850281,1.0,0.0,0.0,1.0,0.0,0.0,1.0,0.0,0.0
20260415_113926_882272,1,54,1.144681453704834,-0.2725220620632171,0.4552746497559193,23.302686029505,0.4847508264899351,0.9952641116553737,0.9275197982788086,6.877808178134295,0.0947617673401571,0.0,0.02,0.0,0.0,artificial_grass,12345,2458047712,2,0,1,2,2,2,0.4268082082271576,-0.2624251842498779,-0.1835613697767257,0.0296113491058349,0.8132380843162537,-0.8812714219093323,0.2794187366962433,0.4346216320991516,0.5202940106391907,0.4797060787677765,-0.2610668838024139,0.2855750620365143,0.1734892725944519,0.272904485464096,-0.4483430683612823,0.272904485464096,0.0243664719164371,-0.2163742631673813,1.0,0.0,0.0,1.0,0.0,0.0,1.0,0.0,0.0
20260415_113926_882272,1,55,1.1726057529449463,-0.304246574640274,0.7322443795091939,24.034930409014187,0.7638773836758711,1.5395608981679487,3.1724512577056885,6.959076154729374,0.1029659243508811,0.0267282346317833,0.02,0.0,0.0,artificial_grass,12345,2458047712,2,0,1,2,2,2,0.9294661283493042,-0.0096024107187986,0.9560304880142212,0.2380919158458709,0.5027095675468445,0.2537626922130584,-0.4299745261669159,0.4451192021369934,0.5294349193572998,0.4705651700496673,-0.1797358691692352,0.2699805200099945,-0.1569200754165649,-0.1150097474455833,-0.0058479532599449,0.455165684223175,-0.5487329363822937,0.165692001581192,1.0,0.0,0.0,1.0,0.0,0.0,1.0,0.0,0.0
20260415_113926_882272,1,56,1.3293523788452148,-0.3240716457366943,0.785380623000595,24.820311032014786,0.8206653595058868,1.6502974510364794,1.9825071096420288,7.88689138628591,0.1528473650529184,0.0,0.02,0.0,0.0,artificial_grass,12345,2458047712,2,0,1,2,2,2,-0.7773783206939697,0.4926171898841858,0.1098281815648078,-0.2028440684080124,0.5181035995483398,-0.1254816949367523,1.0,0.480024516582489,0.5607000589370728,0.4392999112606048,-0.2598516941070556,0.539961040019989,-0.1247563362121582,0.0896686166524887,0.0506822615861892,0.2309941500425338,0.0146198831498622,-0.2953216433525085,1.0,0.0,0.0,1.0,0.0,0.0,1.0,0.0,0.0
20260415_113926_882272,1,57,1.3577125072479248,-0.3423271179199219,0.8024835075980546,25.62279453961284,0.8431332783887371,1.6941098928580374,1.825547218322754,8.264928178023908,0.206497707906824,0.0,0.02,0.0,0.0,artificial_grass,12345,2458047712,2,0,1,2,2,2,-0.088382638990879,-0.9026196599006652,0.7370699644088745,0.9258540868759156,0.9341389536857604,0.5836814045906067,0.7457432746887207,0.6759578585624695,0.5802381634712219,0.4197618663311004,0.1253973096609115,-0.4775828421115875,0.3079921901226043,0.0614035092294216,-0.1500974595546722,0.2719298303127289,-0.1208577007055282,0.5984405279159546,1.0,0.0,0.0,1.0,0.0,0.0,1.0,0.0,0.0
20260415_113926_882272,1,58,1.2667292356491089,-0.3385917842388153,0.5362396650786435,26.15903420469148,0.5780508090337781,1.1771990776158674,-0.3735333681106567,8.07427698078127,0.2181114395513463,0.0,0.02,0.0,0.0,artificial_grass,12345,2458047712,2,0,1,2,2,2,-0.3919594287872314,-1.0,0.8249320387840271,-0.5159013271331787,-0.7601216435432434,-0.7063093185424805,-0.5884616374969482,0.7114080190658569,0.5982293486595154,0.4017707109451294,0.1131014302372932,-0.0428849905729293,-0.528265118598938,0.4249512553215027,0.0077972710132598,0.2748537957668304,0.028265107423067,0.4307992160320282,1.0,0.0,0.0,1.0,0.0,0.0,1.0,0.0,0.0
20260415_113926_882272,1,59,1.3061527013778689,-0.3553059697151184,0.5972413129140369,26.75627551760552,0.6414122795484521,1.3007539451194816,1.67141854763031,8.357185376453188,0.241709666344152,0.0,0.02,0.0,0.0,artificial_grass,12345,2458047712,2,0,1,2,2,2,-0.3230966031551361,-0.3508027493953705,0.875600278377533,-0.6545726656913757,-0.2876796722412109,-0.3033467233181,0.4350737631320953,0.5976788401603699,0.5945480465888977,0.4054519832134247,-0.1888425350189209,-0.2251462042331695,-0.5682260990142822,0.5311890840530396,-0.1968810856342315,0.0087719298899173,-0.0886939540505409,-0.2875243723392486,1.0,0.0,0.0,1.0,0.0,0.0,1.0,0.0,0.0
20260415_113926_882272,1,60,1.3054245710372925,-0.3619952201843261,0.514416774990068,27.270692292595584,0.5604085746511785,1.1427967205697982,0.6689250469207764,8.504717985367613,0.2599179966111053,0.0,0.02,0.0,0.0,artificial_grass,12345,2458047712,2,0,1,2,2,2,-0.1936961859464645,-0.4287184774875641,-0.1058437079191207,-0.1274855285882949,0.4971880614757538,-0.5129346251487732,0.5711193680763245,0.6469581723213196,0.6110202670097351,0.3889797627925873,-0.0008519004913978,-0.2241715341806411,-0.2397660762071609,0.5409356951713562,-0.3157894611358642,-0.0779727101325988,-0.1481481492519378,0.2738791406154632,1.0,0.0,0.0,1.0,0.0,0.0,1.0,0.0,0.0
20260415_113926_882272,1,61,1.2838122844696045,-0.3609993755817413,0.354591453955456,27.62528374655104,0.4011289360834528,0.832201425362733,-0.0995844602584838,7.797358512562397,0.2653748212799676,0.0,0.02,0.0,0.0,artificial_grass,12345,2458047712,2,0,1,2,2,2,-0.9325737357139589,-0.3865906596183777,-0.6901373863220215,-0.2997309267520904,-1.0,-1.0,0.2139434814453125,0.6460479497909546,0.6176127195358276,0.3823873400688171,-0.0116156106814742,-0.1140350848436355,-0.2300194948911667,0.0155945420265197,-0.0526315793395042,0.301169604063034,-0.3401559591293335,0.3391812741756439,1.0,0.0,0.0,1.0,0.0,0.0,1.0,0.0,0.0
20260415_113926_882272,1,62,1.240863800048828,-0.3365862369537353,-0.0452626579280777,27.580021088622964,0.0,0.0138226033218984,-2.441313862800598,6.160883664847816,0.2526265792807775,0.0,0.02,0.0,0.0,artificial_grass,12345,2458047712,2,0,1,2,2,2,-0.9309951663017272,0.3749278485774994,0.2714994549751282,0.4357703626155853,-0.8358252644538879,-0.13081856071949,-0.654974102973938,0.6190326809883118,0.616631269454956,0.3833687901496887,-0.0712424889206886,-0.5194931626319885,-0.1627680361270904,-0.0155945420265197,-0.0467836260795593,0.1695906370878219,-0.446393758058548,0.1842105239629745,1.0,0.0,0.0,1.0,0.0,0.0,1.0,0.0,0.0
20260415_113926_882272,1,63,1.2435015439987185,-0.3508016169071197,0.1174965090886431,27.69751759771161,0.1619238211928378,0.3657514513260338,1.42153799533844,4.8325252233158125,0.2442731210419474,0.0,0.02,0.0,0.0,artificial_grass,12345,2458047712,2,0,1,2,2,2,-0.2537990212440491,-0.3285519182682037,0.6080214381217957,0.1323712766170501,0.3059201538562774,-0.2750523388385772,-0.2369174808263778,0.5653470754623413,0.5925715565681458,0.4074284732341766,-0.2545304000377655,-0.5867446660995483,0.1578947305679321,0.1111111119389534,0.2758284509181976,-0.3645224273204803,-0.0214424952864646,-0.3635477721691131,1.0,0.0,0.0,1.0,0.0,0.0,1.0,0.0,0.0
20260415_113926_882272,1,64,1.2546088695526123,-0.3511945605278015,0.0751266287575778,27.772644226469183,0.1200703482110594,0.2841371790115659,0.0392943620681762,3.939463324711511,0.242287577912575,0.0142992332444821,0.02,0.0,0.0,artificial_grass,12345,2458047712,2,0,1,2,2,2,-0.9874152541160583,-0.3069103956222534,-0.7128302454948425,0.3744164705276489,-0.6843152046203613,0.3083763122558594,-0.4530512988567352,0.5686442255973816,0.6065811514854431,0.3934189081192016,-0.2133966982364654,-0.1890838146209716,-0.231968805193901,0.3703703582286834,0.0614035092294216,0.1608187109231948,-0.1929824501276016,-0.1539960950613021,1.0,0.0,0.0,1.0,0.0,0.0,1.0,0.0,0.0
20260415_113926_882272,1,65,1.3325313329696655,-0.36536505818367,0.218203978037138,27.99084820450632,0.2653155516181475,0.5673653256553877,1.417049765586853,3.206074705247417,0.2711157358100947,0.0,0.02,0.0,0.0,artificial_grass,12345,2458047712,2,0,1,2,2,2,0.069297932088375,-0.3087032437324524,-0.4732621312141418,-0.3451430201530456,-0.9849872589111328,0.7029339075088501,0.5258115530014038,0.5825284123420715,0.6069684028625488,0.3930316269397735,-0.2130696475505828,-0.5750487446784973,-0.1189083829522132,-0.0146198831498622,0.2777777910232544,-0.3742690086364746,0.1773879081010818,-0.2904483377933502,1.0,0.0,0.0,1.0,0.0,0.0,1.0,0.0,0.0
20260415_113926_882272,1,66,1.230095386505127,-0.3381076157093048,-0.1515613800884985,27.839286824417822,-0.1055959321115828,-0.2559120676175865,-2.7257442474365234,1.807365917060032,0.2526416975479066,0.0140255644425009,0.02,0.0,0.0,artificial_grass,12345,2458047712,2,0,1,2,2,2,0.8693027496337891,-0.6596828699111938,-0.5533686280250549,-0.3610175251960754,0.4965115189552307,-0.7113907337188721,-0.6749727725982666,0.6799314618110657,0.6209337115287781,0.3790662884712219,0.0742901042103767,0.0623781681060791,-0.1335282623767852,-0.1267056465148925,0.0185185186564922,-0.544834315776825,0.429824560880661,0.3031189143657684,1.0,0.0,0.0,1.0,0.0,0.0,1.0,0.0,0.0
20260415_113926_882272,1,67,1.2879350185394287,-0.4044130444526672,0.6798538914330742,28.51914071585089,0.7260008553183971,1.4657016678708743,6.630542874336243,2.440866159568173,0.2614696388532287,0.0,0.02,0.0,0.0,artificial_grass,12345,2458047712,2,0,1,2,2,2,-0.2870354652404785,0.4040542542934418,-0.7831321358680725,-0.662850558757782,-0.4882551431655884,0.2884885370731354,-0.0084471721202135,0.5518865585327148,0.5940709114074707,0.4059291481971741,-0.3193786442279815,0.5360623598098755,-0.3401559591293335,-0.2475633472204208,-0.1764132529497146,0.334307998418808,-0.343079924583435,-0.3732943534851074,1.0,0.0,0.0,1.0,0.0,0.0,1.0,0.0,0.0
20260415_113926_882272,1,68,1.253042697906494,-0.3530648648738861,-0.1164156952215156,28.40272502062938,-0.0689375582391672,-0.184428238566376,-5.134817957878113,2.242615317679899,0.2544704029718908,0.0406219337031865,0.02,0.0,0.0,artificial_grass,12345,2458047712,2,0,1,2,2,2,0.8591927289962769,0.2214430123567581,0.8151779174804688,-0.7360718250274658,0.7653615474700928,0.5980137586593628,-0.968662977218628,0.6241861581802368,0.6594163775444031,0.3405836522579193,-0.0821333453059196,-0.1549707651138305,0.2923976480960846,-0.4161793291568756,-0.3128654956817627,-0.1189083829522132,0.1949317753314972,-0.0048732943832874,1.0,0.0,0.0,1.0,0.0,0.0,1.0,0.0,0.0
20260415_113926_882272,1,69,1.262190818786621,-0.4061612784862518,0.5376184853196729,28.94034350594905,0.584148287889415,1.1890891613843593,5.309641361236572,3.0659530277382245,0.2528091316940412,0.0249777880067562,0.02,0.0,0.0,artificial_grass,12345,2458047712,2,0,1,2,2,2,0.8658198714256287,-0.7698004245758057,0.4116477370262146,0.2824089229106903,-0.0083994911983609,-0.933801293373108,0.554309070110321,0.5805706977844238,0.608811616897583,0.3911884129047394,-0.2942010164260864,0.5009746551513672,0.0487329438328743,0.1510721296072006,-0.5087719559669495,0.3664717376232147,0.3265107274055481,-0.583820641040802,1.0,0.0,0.0,1.0,0.0,0.0,1.0,0.0,0.0
20260415_113926_882272,1,70,1.3046696186065674,-0.4415366053581238,0.8384085118154991,29.77875201776455,0.8852307911974727,1.7762000428350715,3.537532687187195,4.55801589156173,0.2682227938197355,0.0,0.02,0.0,0.0,artificial_grass,12345,2458047712,2,0,1,2,2,2,-0.6668029427528381,0.1767419576644897,0.2205910980701446,0.6901165843009949,-0.4130050837993622,0.1915132850408554,0.607464611530304,0.5920059084892273,0.6611393690109253,0.3388607203960418,-0.1199834942817688,0.5185185074806213,-0.4805068373680115,0.2105263173580169,0.1286549717187881,-0.0058479532599449,-0.5175438523292542,0.3401559591293335,1.0,0.0,0.0,1.0,0.0,0.0,1.0,0.0,0.0
20260415_113926_882272,1,71,1.3121953010559082,-0.4427646994590759,0.6249421915480797,30.40369420931263,0.6732576331538994,1.362852384650104,0.1228094100952148,5.353502950556447,0.283154416058197,0.0,0.02,0.0,0.0,artificial_grass,12345,2458047712,2,0,1,2,2,2,-0.9678685069084167,0.3219667971134186,0.0367829054594039,-0.3071018755435943,-0.0727972462773323,-0.2054716050624847,0.8090197443962097,0.6451044082641602,0.6960024833679199,0.3039975464344024,-0.0469577312469482,-0.4230019450187683,0.076998047530651,0.0799220278859138,0.3567251563072204,-0.3440545797348022,0.0165692009031772,0.3460038900375366,1.0,0.0,0.0,1.0,0.0,0.0,1.0,0.0,0.0
20260415_113926_882272,1,72,1.2575087547302246,-0.4326067864894867,0.3210805431084764,30.724774752421105,0.3683033149988968,0.7681914642478489,-1.0157912969589231,6.377606482421882,0.2722277189042041,0.0,0.02,0.0,0.0,artificial_grass,12345,2458047712,2,0,1,2,2,2,-0.2338375151157379,-0.7060954570770264,-0.429219514131546,0.5234366059303284,-0.4164381921291351,-0.3745594918727875,-0.1174805164337158,0.6545114517211914,0.697212815284729,0.3027872443199157,-0.0119992597028613,-0.5789473652839661,0.2007797211408615,0.0350877195596694,-0.1793372333049774,-0.0419103316962718,-0.1452241688966751,0.4814814925193786,1.0,0.0,0.0,1.0,0.0,0.0,1.0,0.0,0.0
20260415_113926_882272,1,73,1.2607123851776123,-0.4316605031490326,0.2097971349037318,30.93457188732484,0.2576853921407867,0.5524865146745341,-0.0946283340454101,5.464391329225542,0.2654419175431182,0.0268813096548618,0.02,0.0,0.0,artificial_grass,12345,2458047712,2,0,1,2,2,2,-0.533786416053772,0.9664192199707032,0.7180912494659424,-0.4008780121803283,-0.2871523201465606,0.5231440663337708,-0.4585347175598144,0.5861533284187317,0.6872019171714783,0.3127980828285217,-0.225931629538536,-0.1179337203502655,-0.3401559591293335,-0.2046783566474914,0.3372319638729095,-0.2446393817663192,-0.1929824501276016,-0.0721247568726539,1.0,0.0,0.0,1.0,0.0,0.0,1.0,0.0,0.0
20260415_113926_882272,1,74,1.38739275932312,-0.4318243563175201,0.1377034794674272,31.07227536679226,0.188954469342609,0.4184612152180875,0.0163853168487548,6.0672807830100055,0.3125098987518175,0.0,0.02,0.0,0.0,artificial_grass,12345,2458047712,2,0,1,2,2,2,-1.0,0.4037531316280365,0.1627953201532364,-0.6641570329666138,-0.8426226377487183,0.5796087980270386,0.9910036325454712,0.5901578068733215,0.6862693428993225,0.3137306571006775,-0.2491350024938583,-0.3567251563072204,0.4171539843082428,0.3216374218463897,-0.2719298303127289,-0.1803118884563446,0.2923976480960846,-0.2846003770828247,1.0,0.0,0.0,1.0,0.0,0.0,1.0,0.0,0.0
20260415_113926_882272,1,75,1.319375991821289,-0.4687206149101257,0.5563298456319966,31.62860521242425,0.6083345519121566,1.2362523762287054,3.689625859260559,6.114443997854352,0.3200470628015999,0.0,0.02,0.0,0.0,artificial_grass,12345,2458047712,2,0,1,2,2,2,0.1308695673942566,-0.3442413806915283,0.5127033591270447,0.0746203660964965,0.3561795651912689,-0.9329003095626832,0.9609119296073914,0.7485082745552063,0.686430811882019,0.3135691881179809,0.1121572852134704,-0.5643274784088135,0.3450292348861694,0.2046783566474914,-0.3245614171028137,-0.4483430683612823,0.3021442592144012,0.5750487446784973,1.0,0.0,0.0,1.0,0.0,0.0,1.0,0.0,0.0
20260415_113926_882272,1,76,1.3230441808700562,-0.5110613703727722,0.9399337208286888,32.568538933252945,0.9926708557629204,1.9857081687376947,4.234075546264648,6.323952123756975,0.3273713493423161,0.0,0.02,0.0,0.0,artificial_grass,12345,2458047712,2,0,1,2,2,2,-0.6540361642837524,0.963367223739624,1.0,0.9624451994895936,-0.103101298213005,0.7420608997344971,0.3114869296550751,0.6634872555732727,0.7227929830551147,0.27720707654953,-0.0358507372438907,0.0799220278859138,-0.2115009725093841,0.3128654956817627,0.0097465887665748,0.1920077949762344,-0.5886939764022827,0.5847952961921692,1.0,0.0,0.0,1.0,0.0,0.0,1.0,0.0,0.0
20260415_113926_882272,1,77,1.2852143049240112,-0.4472119212150574,-0.0817681785542124,32.48677075469873,-0.0292077448151822,-0.1069551023896053,-6.384944915771484,4.854144636717265,0.3163402527262239,0.0185281693281573,0.02,0.0,0.0,artificial_grass,12345,2458047712,2,0,1,2,2,2,-0.3737799823284149,-0.0400538071990013,0.8795463442802429,-0.1174525544047355,0.2722264230251312,-0.7931803464889526,-0.657153308391571,0.668072521686554,0.7645207047462463,0.2354793548583984,-0.1189816892147064,-0.4317738711833954,0.3235867321491241,0.3957115113735199,0.2339181303977966,-0.1559454202651977,-0.0428849905729293,0.161793366074562,1.0,0.0,0.0,1.0,0.0,0.0,1.0,0.0,0.0
20260415_113926_882272,1,78,1.2840843200683594,-0.4458373188972473,-0.0877597429177265,32.399011011781006,-0.0331186588397171,-0.1145813847374483,-0.1374602317810058,3.971371787731968,0.3077086369870279,0.077404407586133,0.02,0.0,0.0,artificial_grass,12345,2458047712,2,0,1,2,2,2,0.4700651168823242,0.5745456218719482,-0.449383795261383,0.7947790622711182,0.2031830251216888,-0.84740149974823,-0.594157874584198,0.620785117149353,0.7015956044197083,0.2984043955802917,-0.3522111773490906,-0.219298243522644,-0.0146198831498622,0.5360623598098755,-0.0760233923792839,0.1822612136602401,-0.4122807085514068,-0.3723196983337402,1.0,0.0,0.0,1.0,0.0,0.0,1.0,0.0,0.0
20260415_113926_882272,1,79,1.267601490020752,-0.422078013420105,-0.3793367258588204,32.019674285922186,-0.3230352181957152,-0.6799186754816446,-2.3759305477142334,2.7389665975757893,0.2943936552014145,0.1372428428592748,0.02,0.0,0.0,artificial_grass,12345,2458047712,2,0,1,2,2,2,-0.1078924089670181,0.9962952136993408,0.7962471842765808,-0.5326690077781677,-0.3228376805782318,-0.8819267749786377,-0.605552077293396,0.6193727254867554,0.700240969657898,0.2997590899467468,-0.3576396405696869,0.2826510667800903,0.3547758162021637,-0.2738791406154632,0.4746588766574859,0.1140350848436355,-0.4697855710983276,-0.3557505011558532,1.0,0.0,0.0,1.0,0.0,0.0,1.0,0.0,0.0
20260415_113926_882272,1,80,1.3105109930038452,-0.5096778273582458,0.7782606626172601,32.79793494853945,0.8359263291498914,1.6800563418422882,8.759981393814087,4.00056172419999,0.3024817780774181,0.1483497744977883,0.02,0.0,0.0,artificial_grass,12345,2458047712,2,0,1,2,2,2,0.6273158192634583,-0.4540115594863891,-1.0,0.9226338863372804,-0.1967858374118805,0.0907718241214752,-0.3009158968925476,0.5987691879272461,0.6768256425857544,0.3231744170188904,-0.4116528630256653,-0.078947365283966,0.5653021335601807,0.4502924084663391,-0.2348927855491638,-0.032163742929697,-0.4775828421115875,-0.3547758162021637,1.0,0.0,0.0,1.0,0.0,0.0,1.0,0.0,0.0
20260415_113926_882272,1,81,1.3297343254089355,-0.5347549915313721,0.8842428021996478,33.6821777507391,0.942036595235828,1.8869713607098648,2.507716417312622,4.651280708681149,0.3168892680801227,0.1220973245633566,0.02,0.0,0.0,artificial_grass,12345,2458047712,2,0,1,2,2,2,-0.0074241436086595,0.4166215062141418,-0.9542998671531676,-0.6148588061332703,-0.0825012698769569,-0.9737256169319152,0.2077298313379287,0.6524060964584351,0.7631571888923645,0.2368428707122802,-0.2953274250030517,0.4005847871303558,-0.0672514587640762,-0.1500974595546722,0.5760233998298645,-0.2076023370027542,-0.078947365283966,-0.2348927855491638,1.0,0.0,0.0,1.0,0.0,0.0,1.0,0.0,0.0
20260415_113926_882272,1,82,1.310701608657837,-0.5322153568267822,0.6090770065068608,34.29125475724596,0.6675577707270031,1.351737652917656,-0.2539634704589844,4.01731019286111,0.3195846937938741,0.1304458968150973,0.02,0.0,0.0,artificial_grass,12345,2458047712,2,0,1,2,2,2,1.0,-0.4472063183784485,0.036720298230648,0.2750269472599029,-0.1277823746204376,-0.5441812872886658,-0.1844933331012725,0.6764352917671204,0.7878713011741638,0.2121287584304809,-0.176209419965744,-0.0009746588766574,0.2923976480960846,-0.4756335318088531,0.334307998418808,0.0194931775331497,-0.5331383943557739,0.1384015530347824,1.0,0.0,0.0,1.0,0.0,0.0,1.0,0.0,0.0
20260415_113926_882272,1,83,1.35563862323761,-0.5706747770309448,0.9266394347720056,35.217894192017965,0.9873275614319532,1.9752887447923089,3.84594202041626,6.099554040043024,0.3415157265813234,0.1307310800363041,0.02,0.0,0.0,artificial_grass,12345,2458047712,2,0,1,2,2,2,0.3072928488254547,0.5770969390869141,0.3830214142799377,0.3581632971763611,0.7579036951065063,0.8902336955070496,-0.3735502958297729,0.6526443362236023,0.7853684425354004,0.2146316319704055,-0.2727844417095184,0.6052631735801697,-0.2758284509181976,0.0419103316962718,0.2173489332199096,-0.030214425176382,-0.3362573087215423,-0.1208577007055282,1.0,0.0,0.0,1.0,0.0,0.0,1.0,0.0,0.0
20260415_113926_882272,1,84,1.3534584045410156,-0.5846623778343201,0.8524840986143545,36.07037829063232,0.9134136300915944,1.831156578678609,1.3987600803375244,8.045292003459082,0.3574382027294092,0.1037142240859808,0.02,0.0,0.0,artificial_grass,12345,2458047712,2,0,1,2,2,2,0.0273567661643028,-0.6289671063423157,0.4285548031330108,-0.746907114982605,-1.0,-0.8953772783279419,0.041208941489458,0.7088155746459961,0.8232710361480713,0.1767289936542511,-0.2521995902061462,0.165692001581192,0.2914229929447174,0.1413255333900451,0.1296296268701553,0.2738791406154632,-0.0136452242732048,-0.2543859779834747,1.0,0.0,0.0,1.0,0.0,0.0,1.0,0.0,0.0
20260415_113926_882272,1,85,1.4920371770858765,-0.6009469032287598,0.8230493413583134,36.89342763199063,0.8874259327538192,1.7804805688699474,1.6284525394439695,10.505691247810674,0.4372671703927521,0.0129974871246115,0.02,0.0,0.0,artificial_grass,12345,2458047712,2,0,1,2,2,2,0.404492050409317,-0.7902853488922119,0.7931737899780273,0.4227088987827301,0.2564907968044281,0.4677985608577728,0.8099674582481384,0.7060903310775757,0.8370561003684998,0.1629439294338226,-0.1584048122167587,0.0370370373129844,-0.2534112930297851,0.3421052694320678,-0.1637426912784576,0.0155945420265197,-0.3031189143657684,0.0448343083262443,1.0,0.0,0.0,1.0,0.0,0.0,1.0,0.0,0.0
20260415_113926_882272,1,86,1.4567428827285769,-0.5983714461326599,0.5578050073244164,37.45123263931505,0.6261405124358809,1.2709739992499678,-0.2575457096099853,10.096608905218352,0.4833550511146444,0.0,0.02,0.0,0.0,artificial_grass,12345,2458047712,2,0,1,2,2,2,0.8307373523712158,0.1127643138170242,-0.0265953484922647,0.3527807295322418,-0.9403236508369446,0.8623368144035339,-0.3354355096817016,0.8793138265609741,0.8531048893928528,0.146895170211792,0.0842704027891159,0.2504873275756836,-0.4756335318088531,0.4658869504928589,0.165692001581192,0.0458089672029018,0.0857699811458587,0.455165684223175,1.0,0.0,0.0,1.0,0.0,0.0,1.0,0.0,0.0
20260415_113926_882272,1,87,1.4761602878570557,-0.6166610717773438,0.6246518274013708,38.07588446671642,0.6976775079767026,1.41047114055457,1.828962564468384,9.62010868506306,0.5302568057533169,0.0,0.02,0.0,0.0,artificial_grass,12345,2458047712,2,0,1,2,2,2,-1.0,-0.2356268018484115,-0.6563965678215027,0.347569853067398,0.9350815415382384,-0.7393798828125,0.6863589882850647,0.8351958990097046,0.8505666851997375,0.1494333297014236,-0.0823204815387725,0.511695921421051,0.0867446362972259,0.0009746588766574,0.2436647117137909,-0.5370370149612427,0.5321637392044067,-0.206627681851387,1.0,0.0,0.0,1.0,0.0,0.0,1.0,0.0,0.0
20260415_113926_882272,1,88,1.51583731174469,-0.6174711585044861,0.4482265943349928,38.52411106105141,0.527233601843327,1.0781055235944876,0.0810086727142334,9.34647655573989,0.5900700750833413,0.0,0.02,0.0,0.0,artificial_grass,12345,2458047712,2,0,1,2,2,2,-0.3577714264392853,0.5960728526115417,0.1072770431637764,-0.7900649309158325,0.1295312345027923,0.3557262420654297,1.0,0.8594676852226257,0.8685914874076843,0.1314084827899933,-0.0008467604639008,-0.6101364493370056,-0.0838206633925437,-0.3304093480110168,0.2037037014961242,0.5292397737503052,-0.4512670636177063,0.4122807085514068,1.0,0.0,0.0,1.0,0.0,0.0,1.0,0.0,0.0
20260415_113926_882272,1,89,1.428585410118103,-0.6489456295967102,0.7140753335315929,39.23818639458301,0.7925338051289565,1.5954409200014652,3.147447109222412,8.966628730949047,0.5845847159736357,0.0,0.02,0.0,0.0,artificial_grass,12345,2458047712,2,0,1,2,2,2,-0.2857202291488647,-0.8517244458198547,-0.2148777097463607,-0.1903634965419769,-0.4252233505249023,0.6684598326683044,-0.6686262488365173,0.9090639352798462,0.8693898916244507,0.1306101232767105,0.1732330024242401,-0.2407407462596893,0.3128654956817627,0.0263157896697521,-0.4863547682762146,0.0955165699124336,0.2251462042331695,0.6062378287315369,1.0,0.0,0.0,1.0,0.0,0.0,1.0,0.0,0.0
20260415_113926_882272,1,90,1.4193722009658811,-0.6604101657867432,0.6574612873127959,39.89564768189581,0.7349713306420117,1.4831940947519229,1.146453619003296,8.618666247022361,0.5751004332921585,0.0,0.02,0.0,0.0,artificial_grass,12345,2458047712,2,0,1,2,2,2,-0.3310464322566986,-0.0690505877137184,-0.6447791457176208,-0.9709509015083312,0.1688039749860763,-0.6286128163337708,-0.498721033334732,0.7999990582466125,0.9004086256027222,0.0995913445949554,-0.1608653515577316,-0.1588694006204605,-0.3265107274055481,-0.0614035092294216,-0.0467836260795593,-0.202729046344757,0.4629629552364349,-0.3888888955116272,1.0,0.0,0.0,1.0,0.0,0.0,1.0,0.0,0.0
20260415_113926_882272,1,91,1.5081617832183838,-0.6662695407867432,0.537870369330943,40.43351805122676,0.6199384338789447,1.2588799460639422,0.5859375,8.097065624216356,0.6206806454800167,0.0,0.02,0.0,0.0,artificial_grass,12345,2458047712,2,0,1,2,2,2,0.9665979743003844,-0.4246985018253326,0.1316657811403274,0.8216104507446289,0.0355020686984062,0.4766492545604706,0.8861781358718872,0.788482666015625,0.9117072224617004,0.0882927849888801,-0.1655019223690033,-0.2017543911933899,-0.0058479532599449,-0.2807017564773559,-0.30604287981987,0.1920077949762344,0.1959064304828643,-0.2933723330497741,1.0,0.0,0.0,1.0,0.0,0.0,1.0,0.0,0.0
20260415_113926_882272,1,92,1.5038162469863892,-0.6703274846076965,0.4252383123593163,40.85875636358608,0.5105684897804074,1.0456085550717944,0.4057943820953369,7.871700180038182,0.6533017742109096,0.0,0.02,0.0,0.0,artificial_grass,12345,2458047712,2,0,1,2,2,2,-0.3873401284217834,-0.3929776549339294,-0.8440271615982056,-0.6594756245613098,-0.0021602420601993,0.5830541849136353,0.6425936222076416,0.8994695544242859,0.9174817800521852,0.0825182422995567,0.1097934544086456,0.5828459858894348,-0.3099415302276611,0.0019493177533149,0.2222222238779068,-0.0458089672029018,0.2446393817663192,0.5107212662696838,1.0,0.0,0.0,1.0,0.0,0.0,1.0,0.0,0.0
20260415_113926_882272,1,93,1.4072799682617188,-0.6724005937576294,0.321240927582876,41.17999729116895,0.4030944333600858,0.8360341450521673,0.2073109149932861,7.29726318453578,0.6185350577720984,0.0,0.02,0.0,0.0,artificial_grass,12345,2458047712,2,0,1,2,2,2,-0.1298000067472458,-0.5510604381561279,-0.9402310848236084,-0.2221183478832245,-0.8518788814544678,-0.9356959462165833,-0.6636650562286377,0.8940376043319702,0.92148095369339,0.0785190686583519,0.0836755707859993,-0.1647173464298248,-0.1588694006204605,-0.2787524461746216,-0.1676413267850875,0.0292397662997245,0.3128654956817627,0.3771929740905761,1.0,0.0,0.0,1.0,0.0,0.0,1.0,0.0,0.0
20260415_113926_882272,1,94,1.3942807912826538,-0.6343352198600769,-0.2193658054584224,40.96063148571053,-0.1408249941793265,-0.3246087386496867,-3.806537389755249,5.894548922291605,0.585408112790959,0.0,0.02,0.0,0.0,artificial_grass,12345,2458047712,2,0,1,2,2,2,-0.721812903881073,-0.5889771580696106,0.1077490746974945,-0.8464944958686829,0.7326065897941589,-0.789687991142273,-0.9091060161590576,0.7733672857284546,0.9235241413116456,0.0764759480953216,-0.2128732949495315,-0.0614035092294216,-0.2202728986740112,-0.2826510667800903,-0.0380116961896419,-0.032163742929697,0.2017543911933899,-0.3460038900375366,1.0,0.0,0.0,1.0,0.0,0.0,1.0,0.0,0.0
20260415_113926_882272,1,95,1.4015891551971436,-0.6587765216827393,0.0859374614810316,41.04656894719156,0.1628594828611726,0.3675759915792866,2.444130182266236,4.666683993869427,0.565380433663932,0.0076795602749572,0.02,0.0,0.0,artificial_grass,12345,2458047712,2,0,1,2,2,2,0.3113081753253937,0.5712367296218872,0.6002214550971985,0.2691737711429596,-1.0,-1.0,0.4791263043880462,0.7571184039115906,0.8860098123550415,0.1139902248978614,-0.3374643623828888,-0.4210526347160339,-0.314814805984497,0.1169590651988983,-0.4356725215911865,0.483430802822113,-0.1822612136602401,-0.4853801131248474,1.0,0.0,0.0,1.0,0.0,0.0,1.0,0.0,0.0
20260415_113926_882272,1,96,1.3874727487564087,-0.6536259055137634,-0.0281172765647649,41.0184516706268,0.0497008151077314,0.1469165894600763,-0.515061616897583,3.33040648857758,0.5425605169673934,0.0712407995151422,0.02,0.0,0.0,artificial_grass,12345,2458047712,2,0,1,2,2,2,0.0443565286695957,-0.7863812446594238,-0.7285165786743164,0.761202871799469,-0.4192865788936615,0.4590513408184051,-0.6168432235717773,0.7662538290023804,0.9100972414016724,0.0899027436971664,-0.1943545192480087,0.1764132529497146,0.3089668750762939,0.2875243723392486,0.1666666716337204,-0.3050682246685028,-0.544834315776825,0.3109161853790283,1.0,0.0,0.0,1.0,0.0,0.0,1.0,0.0,0.0
20260415_113926_882272,1,97,1.4757182598114014,-0.7355605363845825,0.9195055929703436,41.93795726359714,1.0,2.158553213865531,8.19346308708191,4.230079756379169,0.5761259065942287,0.0576363274046681,0.02,0.0,0.0,artificial_grass,12345,2458047712,2,0,1,2,2,2,-0.3934006690979004,0.3235999345779419,0.2002959698438644,-0.1518265306949615,-0.6992810368537903,0.7892227172851562,-0.1506139636039734,0.7486082315444946,0.9050212502479552,0.094978854060173,-0.3644349873065948,0.0623781681060791,-0.2621832489967346,-0.1111111119389534,0.4863547682762146,-0.3118908405303955,0.1588694006204605,-0.4064327478408813,1.0,0.0,0.0,1.0,0.0,0.0,1.0,0.0,0.0
20260415_113926_882272,1,98,1.6276901960372925,-0.7364698052406311,0.7266213558576653,42.66457861945481,0.8162290419489077,1.64164663180037,0.0909268856048584,4.826117833107745,0.6960768609124229,0.0,0.02,0.0,0.0,artificial_grass,12345,2458047712,2,0,1,2,2,2,-0.2541089355945587,-0.2764137089252472,-0.2920267283916473,0.926773965358734,-0.3026242256164551,0.7132306098937988,0.9085302352905272,0.8589151501655579,0.9857696294784546,0.0142304180189967,-0.1533752828836441,-0.2534112930297851,0.1764132529497146,0.1042884960770607,-0.0916179344058036,-0.4113060534000397,0.4756335318088531,-0.0994152054190635,1.0,0.0,0.0,1.0,0.0,0.0,1.0,0.0,0.0
20260415_113926_882272,1,99,1.5001122951507568,-0.735027015209198,0.4953824637912233,43.15996108324603,0.5872642169561281,1.1951652230644498,-0.1442790031433105,5.185248911120027,0.708468577125905,0.0206979090462832,0.02,0.0,0.0,artificial_grass,12345,2458047712,2,0,1,2,2,2,-0.6258870363235474,-0.8468590974807739,-0.5283851623535156,0.0756799504160881,0.367268294095993,-0.3877220451831817,-0.7093982696533203,1.0,0.9866657853126526,0.0133343106135725,0.138971745967865,-0.1598440557718277,-0.1734892725944519,-0.19395712018013,0.4756335318088531,-0.2923976480960846,0.3810916244983673,0.5438596606254578,1.0,0.0,0.0,1.0,0.0,0.0,1.0,0.0,0.0
20260415_113926_882272,1,100,1.5474096536636353,-0.7697345614433289,5.0,48.15996108324603,0.879006447770054,1.7640625731516053,-0.4761576652526855,7.273920222921319,0.7489902116745173,0.0327050016277961,0.02,0.0,0.0,artificial_grass,12345,2458047712,2,0,1,2,2,2,-0.1053744181990623,-0.8948677182197571,-0.4343024790287018,0.3631920516490936,-0.1946436911821365,1.0,-0.508033275604248,0.889407753944397,0.985243797302246,0.0147562175989151,-0.3069067895412445,-0.3450292348861694,-0.4356725215911865,-0.2076023370027542,0.0886939540505409,0.2553606331348419,-0.1715399622917175,-0.4064327478408813,1.0,0.0,0.0,1.0,0.0,0.0,1.0,0.0,0.0
20260415_114510_081622,1,0,0.7878864407539368,0.2985043525695801,-0.3032019695868859,-0.3032019695868859,-0.2832019695868858,-0.6022438406944275,-2.40897536277771,0.0,0.0,0.0,0.02,0.0,0.0,artificial_grass,12345,2458047712,2,0,1,2,2,2,0.9482551217079164,0.3235585391521454,0.6131064295768738,-0.9005830883979797,-0.9201189279556274,-0.6083658337593079,0.6382355690002441,0.0,-0.0,1.0,0.0,0.0506822615861892,-0.0087719298899173,-0.0087719298899173,0.0155945420265197,0.0146198831498622,-0.0389863550662994,-0.0165692009031772,1.0,0.0,0.0,1.0,0.0,0.0,1.0,0.0,0.0
20260415_114510_081622,1,1,0.7264664173126221,0.3120979368686676,-0.4002679425630814,-0.7034699121499672,-0.3802679425630814,-0.7915224879980087,-1.3593584299087524,0.0,0.0,0.0,0.02,0.0,0.0,artificial_grass,12345,2458047712,2,0,1,2,2,2,-0.4029371440410614,-0.2579630017280578,0.8783674836158752,-0.2239678800106048,0.5128613114356995,-0.4563789069652557,-0.7761268019676208,0.0128671647980809,-0.0235156305134296,1.0,0.1427252888679504,0.5682260990142822,0.1929824501276016,0.3820662796497345,-0.4502924084663391,-0.1228070184588432,-0.2602339088916778,0.3996101319789886,1.0,0.0,0.0,1.0,0.0,0.0,1.0,0.0,0.0
20260415_114510_081622,1,2,0.8444963097572327,0.2660400867462158,0.2404125061860451,-0.4630574059639221,0.2604125061860451,0.557804387062788,4.605785012245178,0.0,0.0,0.0,0.02,0.0,0.0,artificial_grass,12345,2458047712,2,0,1,2,2,2,-0.9787748456001282,-0.9466851949691772,0.3965432345867157,0.7161802649497986,-0.3779205083847046,0.8591498136520386,0.0413932017982006,-0.0639078170061111,-0.0367852374911308,1.0,-0.2207272350788116,-0.2485380172729492,-0.1335282623767852,0.5526315569877625,-0.1423001885414123,0.2914229929447174,-0.2748537957668304,-0.455165684223175,1.0,0.0,0.0,1.0,0.0,0.0,1.0,0.0,0.0
20260415_114510_081622,1,3,0.7926102876663208,0.2591400444507599,0.2573612039402509,-0.2056962020236711,0.2773612039402509,0.5908543476834893,0.6900042295455933,0.0,0.0,0.0,0.02,0.0,0.0,artificial_grass,12345,2458047712,2,0,1,2,2,2,-0.4282137453556061,0.0263508446514606,-0.5076853036880493,0.0785256847739219,0.7794458866119385,-0.7121776938438416,-0.4286440908908844,0.0836295112967491,0.0081749316304922,0.9918250441551208,0.086979329586029,-0.5555555820465088,-0.5175438523292542,0.2826510667800903,0.4239766001701355,-0.2836257219314575,0.4122807085514068,-0.0116959065198898,1.0,0.0,0.0,1.0,0.0,0.0,1.0,0.0,0.0
20260415_114510_081622,1,4,0.8064767122268677,0.2442060112953186,0.3730726100762302,0.1673764080525591,0.3930726100762303,0.8164915896486491,1.4934033155441284,0.0,0.0,0.0,0.02,0.0,0.0,artificial_grass,12345,2458047712,2,0,1,2,2,2,-0.6246373057365417,0.5919727087020874,0.6912992596626282,-0.6951318979263306,-0.6690841913223267,-1.0,0.6607728004455566,0.018772030249238,0.0149105098098516,0.9850894808769226,-0.0825816988945007,-0.2660818696022033,0.0185185186564922,-0.3079921901226043,0.0506822615861892,0.4853801131248474,-0.3742690086364746,-0.2504873275756836,1.0,0.0,0.0,1.0,0.0,0.0,1.0,0.0,0.0
20260415_114510_081622,1,5,0.795686662197113,0.1978822946548462,0.8622880042298959,1.029664412282455,0.882288004229896,1.7704616082482971,4.632371664047241,2.341845603950788,0.0,0.0,0.02,0.0,0.0,artificial_grass,12345,2458047712,2,0,1,2,2,2,-0.2490036487579345,-0.8190969824790955,-0.3424029946327209,-0.2274889796972274,-0.1736076027154922,-0.0153400842100381,0.253938615322113,0.0361050590872764,0.0294886343181133,0.9705113768577576,0.0560830198228359,-0.3947368562221527,0.3235867321491241,0.4025341272354126,-0.3888888955116272,0.0536062382161617,-0.5555555820465088,0.4239766001701355,1.0,0.0,0.0,1.0,0.0,0.0,1.0,0.0,0.0
20260415_114510_081622,1,6,0.8097554445266724,0.2035392820835113,0.562780266907484,1.592444679189939,0.582780266907484,1.1864215204695938,-0.5656987428665161,4.130510965114809,0.0,0.0,0.02,0.0,0.0,artificial_grass,12345,2458047712,2,0,1,2,2,2,0.8632619380950928,0.3213135302066803,0.0807783305644989,-0.2351338267326355,-0.7030695676803589,-0.1873820126056671,0.4829954504966736,0.0226174350827932,0.0747083351016044,0.9252916574478148,0.0018709257710725,-0.1374268978834152,-0.0165692009031772,0.2631579041481018,-0.1218323558568954,-0.1286549717187881,-0.0536062382161617,0.1345029175281524,1.0,0.0,0.0,1.0,0.0,0.0,1.0,0.0,0.0
20260415_114510_081622,1,7,0.93864107131958,0.2177186608314514,0.228888036745484,1.821332715935423,0.248888036745484,0.5353316716536938,-1.4179378747940063,5.457365124766511,0.0,0.0,0.02,0.0,0.0,artificial_grass,12345,2458047712,2,0,1,2,2,2,-0.6438107490539551,0.2924189865589142,-0.7507282495498657,0.8381361365318298,-0.0808013007044792,1.0,0.1587506085634231,0.0402034744620323,0.0691861659288406,0.9308138489723206,0.0446395203471183,0.5224171280860901,0.1929824501276016,0.066276803612709,-0.0906432718038559,-0.3460038900375366,-0.0916179344058036,0.2904483377933502,1.0,0.0,0.0,1.0,0.0,0.0,1.0,0.0,0.0
20260415_114510_081622,1,8,0.9354652166366576,0.2163605242967605,0.1776677780038676,1.9990004939392905,0.1976677780038676,0.4354521671075417,0.1358136534690857,5.335012904811265,0.0,0.0,0.02,0.0,0.0,artificial_grass,12345,2458047712,2,0,1,2,2,2,-0.545606791973114,0.8488558530807495,-0.6574884653091431,0.6985712647438049,-0.6463389992713928,0.4622357189655304,0.2779067754745483,0.2013104408979416,0.0553447194397449,0.9446552991867064,0.1463999301195144,-0.3840155899524688,0.2085769921541214,-0.4288499057292938,0.4619883000850677,-0.1481481492519378,0.4668616056442261,0.0653021410107612,1.0,0.0,0.0,1.0,0.0,0.0,1.0,0.0,0.0
20260415_114510_081622,1,9,0.944898009300232,0.2205535918474197,0.0680833008021419,2.0670837947414324,0.0880833008021419,0.2217624365641768,-0.4193067550659179,4.965920993691952,0.0,0.0,0.02,0.0,0.0,artificial_grass,12345,2458047712,2,0,1,2,2,2,-0.9866702556610109,-0.055722426623106,-0.2632662057876587,0.4026152193546295,-0.3275547623634338,1.0,0.3212168514728546,0.1973406821489334,0.0566704794764518,0.9433295130729676,0.1714575737714767,-0.3528265058994293,0.4756335318088531,-0.4307992160320282,0.4230019450187683,-0.3752436637878418,0.2933723330497741,0.165692001581192,1.0,0.0,0.0,1.0,0.0,0.0,1.0,0.0,0.0
20260415_114510_081622,1,10,0.8530887365341187,0.2012359201908111,0.2873146763273574,2.35439847106879,0.3073146763273575,0.6492636188383472,1.9317671656608584,4.79869302288165,0.0,0.0,0.02,0.0,0.0,artificial_grass,12345,2458047712,2,0,1,2,2,2,0.1575487703084945,-0.4755268692970276,0.8603508472442627,0.3913409113883972,-0.7448341250419617,-0.935486376285553,-0.4963782131671905,0.2091316282749176,0.0525773540139198,0.9474226236343384,0.197931170463562,-0.5633528232574463,0.0194931775331497,-0.1189083829522132,0.2446393817663192,-0.2378167659044265,0.5243664979934692,0.1637426912784576,1.0,0.0,0.0,1.0,0.0,0.0,1.0,0.0,0.0
20260415_114510_081622,1,11,1.0874760150909424,0.2579523026943207,-0.4717753069020398,1.88262316416675,-0.4517753069020398,-0.9309618484589776,-5.671638250350952,2.097269566174376,0.0,0.0,0.02,0.0,0.0,artificial_grass,12345,2458047712,2,0,1,2,2,2,-0.3033719658851623,0.3791502714157104,-0.6648685932159424,-0.5209783315658569,0.5637544989585876,0.7506030201911926,0.93429833650589,0.0943700820207595,0.0714346244931221,0.9285653829574584,-0.1285989582538604,0.068226121366024,-0.3450292348861694,0.4619883000850677,0.2563352882862091,-0.3908382058143616,-0.1120857670903205,-0.2738791406154632,1.0,0.0,0.0,1.0,0.0,0.0,1.0,0.0,0.0
20260415_114510_081622,1,12,1.0493743419647217,0.2204419821500778,0.0764423111483527,1.9590654753151029,0.0971982703906881,0.2395366272618417,3.751032054424286,1.1503846729666236,0.0021126394948856,0.010893905856936,0.02,0.0,0.0,artificial_grass,12345,2458047712,2,0,1,2,2,2,0.3198351263999939,0.242876261472702,-0.4413392543792724,-0.1664079278707504,0.9102215766906738,-1.0,0.9286397099494934,0.3873541951179504,0.0160699468106031,0.9839299917221068,0.3563099801540375,-0.1725146174430847,0.2719298303127289,-0.331384003162384,-0.3031189143657684,0.2865497171878814,0.3518518507480621,0.5428850054740906,1.0,0.0,0.0,1.0,0.0,0.0,1.0,0.0,0.0
20260415_114510_081622,1,13,1.004279851913452,0.1857060492038726,0.4914117340917984,2.4504772094069014,0.5118209200520508,1.0480507941014992,3.473593294620514,1.663103795414429,0.0040918596025237,0.0,0.02,0.0,0.0,artificial_grass,12345,2458047712,2,0,1,2,2,2,-0.284986287355423,0.1329081356525421,-0.1409599632024765,0.4291312992572784,1.0,-0.0824204161763191,-0.5004523992538452,0.3397270143032074,0.0526862926781177,0.947313666343689,0.2179842740297317,0.1881091594696045,0.1315789520740509,-0.2933723330497741,-0.1062378138303756,0.5575048923492432,-0.567251443862915,0.5750487446784973,1.0,0.0,0.0,1.0,0.0,0.0,1.0,0.0,0.0
20260415_114510_081622,1,14,0.9985095858573914,0.1634887456893921,0.6417263800721008,3.092203589479002,0.6622926581734083,1.3414706834381462,2.221730351448059,2.569122311745033,0.0056627810130744,0.0,0.02,0.0,0.0,artificial_grass,12345,2458047712,2,0,1,2,2,2,0.6207181215286255,0.7153770923614502,0.1880778968334198,-0.1144591718912124,0.0806076601147651,0.1701484471559524,-0.6649513840675354,0.2833589613437652,0.0865943878889083,0.9134055972099304,-0.0575530789792537,-0.1871345043182373,0.0584795325994491,-0.1442495137453079,0.1598440557718277,0.5341130495071411,-0.0750487297773361,-0.3089668750762939,1.0,0.0,0.0,1.0,0.0,0.0,1.0,0.0,0.0
20260415_114510_081622,1,15,1.085647702217102,0.1721949726343155,0.3573166799781239,3.449520269457126,0.3786909430541134,0.7884473389555211,-0.8706226944923401,3.1358072141363778,0.0137426307598944,0.0,0.02,0.0,0.0,artificial_grass,12345,2458047712,2,0,1,2,2,2,0.7498304843902588,-0.6073090434074402,0.2021810412406921,-0.5850937366485596,0.5122175216674805,0.0690832287073135,0.71700519323349,0.2761461138725281,0.1082821786403656,0.8917178511619568,-0.0658235847949981,0.3557505011558532,0.3070175349712372,-0.0068226121366024,-0.0740740746259689,0.0994152054190635,0.1325536072254181,-0.4074074029922485,1.0,0.0,0.0,1.0,0.0,0.0,1.0,0.0,0.0
20260415_114510_081622,1,16,1.033833384513855,0.1545536518096923,0.4821202111805572,3.9316404806376832,0.5037787306831981,1.0323685248322363,1.7641320824623108,3.518912120130267,0.0165851950264082,0.0,0.02,0.0,0.0,artificial_grass,12345,2458047712,2,0,1,2,2,2,-0.1506322026252746,0.6534085273742676,0.6743099093437195,0.0448138751089572,-0.8397819399833679,0.5008853077888489,-0.3669252693653106,0.38506880402565,0.0997834503650665,0.9002165794372559,0.2241183966398239,0.4746588766574859,-0.2680311799049377,0.1812865436077118,-0.3294346928596496,0.317738801240921,0.0136452242732048,0.4064327478408813,1.0,0.0,0.0,1.0,0.0,0.0,1.0,0.0,0.0
20260415_114510_081622,1,17,0.999012053012848,0.1545383036136627,0.3500815589789829,4.281722039616666,0.3716205633460976,0.7746600985248904,0.0015348196029663,5.224534067114135,0.0153900436711461,0.0,0.02,0.0,0.0,artificial_grass,12345,2458047712,2,0,1,2,2,2,0.8855553865432739,-0.2996552288532257,0.0379102602601051,0.1629741340875625,0.6568523049354553,-0.7337188720703125,-0.4851207435131073,0.3203008770942688,0.1170043349266052,0.8829957246780396,0.0228922720998525,-0.1159844025969505,0.3421052694320678,0.3469785451889038,0.0370370373129844,-0.441520482301712,0.3460038900375366,-0.1910331398248672,1.0,0.0,0.0,1.0,0.0,0.0,1.0,0.0,0.0
20260415_114510_081622,1,18,1.1494574546813965,0.171232670545578,0.0350930549048116,4.316815094521477,0.0582748208183625,0.163635900595807,-1.6694366931915283,5.1486333404481,0.0318176591355096,0.0,0.02,0.0,0.0,artificial_grass,12345,2458047712,2,0,1,2,2,2,-0.8409538269042969,0.4335731863975525,-0.038612887263298,-0.8703263998031616,0.4559461176395416,0.8280544877052307,0.5927935242652893,0.2767742276191711,0.117019310593605,0.8829806447029114,-0.1084829717874527,0.5360623598098755,-0.1725146174430847,0.0311890840530395,0.0974658876657486,0.4025341272354126,-0.3947368562221527,-0.2865497171878814,1.0,0.0,0.0,1.0,0.0,0.0,1.0,0.0,0.0
20260415_114510_081622,1,19,1.0433412790298462,0.0737298130989074,0.97682091221234,5.293636006733817,1.0,2.5602983616136044,9.750285744667051,6.660880907960205,0.0317908778766001,0.0,0.02,0.0,0.0,artificial_grass,12345,2458047712,2,0,1,2,2,2,0.6592655181884766,0.2397169917821884,0.3937292993068695,0.0996149107813835,-0.1413134336471557,-0.3612046241760254,0.0885554254055023,0.4648309648036957,0.1007228270173072,0.8992772102355957,0.2692854106426239,-0.4951266944408417,0.3031189143657684,0.0243664719164371,-0.5038986206054688,0.2621832489967346,0.4200779795646667,0.3323586881160736,1.0,0.0,0.0,1.0,0.0,0.0,1.0,0.0,0.0
20260415_114510_081622,1,20,1.055819034576416,0.0731462240219116,0.9432205584483926,6.23685656518221,0.9665710246846736,1.9348134981351133,0.0583589076995849,7.254223722657173,0.0335046623628106,0.0,0.02,0.0,0.0,artificial_grass,12345,2458047712,2,0,1,2,2,2,-0.726743221282959,-0.7405999302864075,-0.1354241073131561,-0.1731485426425933,0.3319319188594818,-0.473741203546524,0.5125162601470947,0.3321857452392578,0.1959019154310226,0.8040980696678162,-0.0049795340746641,0.3898635506629944,0.1111111119389534,0.1871345043182373,0.0458089672029018,-0.0740740746259689,-0.1959064304828643,0.064327485859394,1.0,0.0,0.0,1.0,0.0,0.0,1.0,0.0,0.0
20260415_114510_081622,1,21,1.0700106620788574,0.0690868347883224,0.7468728276998737,6.983729392882084,0.770561463815925,1.552594854441054,0.4059389233589172,8.018371238142706,0.0368863611605127,0.0,0.02,0.0,0.0,artificial_grass,12345,2458047712,2,0,1,2,2,2,-0.6154547333717346,0.2662142813205719,-0.3614142835140228,0.3549830913543701,0.8545257449150085,0.1025719940662384,0.0496395975351333,0.3477829098701477,0.1964715868234634,0.803528368473053,0.062540516257286,-0.3996101319789886,-0.0945419073104858,0.0565302148461341,-0.068226121366024,0.2115009725093841,-0.3089668750762939,0.2992202639579773,1.0,0.0,0.0,1.0,0.0,0.0,1.0,0.0,0.0
20260415_114510_081622,1,22,1.1215436458587646,0.077740654349327,0.4357840840796484,7.419513476961732,0.4605644368234228,0.9481006518056744,-0.8653819561004639,7.934103365116144,0.0478035274377431,0.0,0.02,0.0,0.0,artificial_grass,12345,2458047712,2,0,1,2,2,2,0.3463738262653351,0.7825160026550293,0.344906210899353,0.6467424631118774,0.1990006566047668,-0.1294123083353042,0.9679458141326904,0.3655224740505218,0.2004342377185821,0.7995657324790955,-0.0039847446605563,-0.3781676292419433,0.1598440557718277,-0.2348927855491638,0.1608187109231948,0.3947368562221527,-0.0516569204628467,0.0,1.0,0.0,0.0,1.0,0.0,0.0,1.0,0.0,0.0
20260415_114510_081622,1,23,1.074792981147766,0.063964731991291,0.4907612176963802,7.910274694658112,0.5156274604129046,1.055473547805164,1.377592235803604,8.214916814396418,0.0486624271652442,0.0,0.02,0.0,0.0,artificial_grass,12345,2458047712,2,0,1,2,2,2,0.4829389154911041,0.7220329642295837,0.5781750082969666,-0.2497690171003341,-0.6757075786590576,0.3433857262134552,-0.2184534221887588,0.4299387037754059,0.1919866651296615,0.8080133199691772,0.1850998103618621,0.1803118884563446,0.3615984320640564,-0.1276803165674209,0.3187134563922882,0.076998047530651,-0.1042884960770607,0.5302144289016724,1.0,0.0,0.0,1.0,0.0,0.0,1.0,0.0,0.0
20260415_114510_081622,1,24,1.0930068492889404,0.0616714358329772,0.3844643781933281,8.29473907285144,0.4097115716983108,0.8489375648117061,0.2293296158313751,8.900218478612317,0.0524719350498265,0.0,0.02,0.0,0.0,artificial_grass,12345,2458047712,2,0,1,2,2,2,0.1132080033421516,-0.4793631434440613,-0.7593132853507996,-0.9607493877410888,0.0372318960726261,0.7560415267944336,0.0145693803206086,0.3715004026889801,0.2054342776536941,0.794565737247467,-0.0078018736094236,0.2699805200099945,0.3791423141956329,0.2884990274906158,-0.1393762230873108,-0.3567251563072204,0.2553606331348419,-0.1159844025969505,1.0,0.0,0.0,1.0,0.0,0.0,1.0,0.0,0.0
20260415_114510_081622,1,25,0.9661257266998292,0.154436320066452,-0.8606206551490557,7.434118417702384,-0.8371379139631151,-1.6824189322280745,-9.276488423347471,4.657501184770638,0.0348274118594056,0.0,0.02,0.0,0.0,artificial_grass,12345,2458047712,2,0,1,2,2,2,-0.6660728454589844,0.8332843780517578,-0.5499101281166077,0.5862382054328918,-0.0140117900446057,-0.7980560064315796,-0.9956399202346802,0.3942676484584808,0.207672894001007,0.7923271059989929,0.0380122438073158,0.1228070184588432,0.2261208593845367,0.1695906370878219,-0.5175438523292542,0.0311890840530395,0.3986354768276214,-0.0233918130397796,1.0,0.0,0.0,1.0,0.0,0.0,1.0,0.0,0.0
20260415_114510_081622,1,26,1.05581533908844,0.0577726177871227,0.5429702299778977,7.977088647680282,0.5665530040062371,1.1547783578121624,9.66637022793293,3.877466044447688,0.0358277402833941,0.0,0.02,0.0,0.0,artificial_grass,12345,2458047712,2,0,1,2,2,2,-0.9903537631034852,0.9043399095535278,-0.5987235307693481,-0.7790201902389526,0.3718540966510772,-0.8869191408157349,0.9314343929290771,0.235666275024414,0.1171188652515411,0.8828811645507812,-0.3638423979282379,-0.3927875161170959,0.5009746551513672,-0.3304093480110168,0.3654970824718475,0.0185185186564922,-0.4122807085514068,-0.583820641040802,1.0,0.0,0.0,1.0,0.0,0.0,1.0,0.0,0.0
20260415_114510_081622,1,27,1.04830801486969,0.0178753547370433,0.9064587676514728,8.883547415331755,0.9300078690313416,1.863515344611116,3.989726305007935,4.188386534617749,0.0354910137986882,0.0,0.02,0.0,0.0,artificial_grass,12345,2458047712,2,0,1,2,2,2,-0.5599735379219055,-0.5246500372886658,0.6649010181427002,-0.4355806410312652,-0.0800544470548629,0.918785274028778,-0.3568263649940491,0.3477783203125,0.2114788144826889,0.7885211706161499,0.0748265907168388,-0.5799220204353333,0.5945419073104858,-0.2875243723392486,-0.2426900565624237,0.2758284509181976,-0.5380116701126099,0.5604288578033447,1.0,0.0,0.0,1.0,0.0,0.0,1.0,0.0,0.0
20260415_114510_081622,1,28,1.0516633987426758,-0.0127437626942992,0.9764274299920388,9.859974845323794,1.0,2.1631144442418986,3.06191174313426,5.403400327053973,0.035725700079613,0.0,0.02,0.0,0.0,artificial_grass,12345,2458047712,2,0,1,2,2,2,0.6444606184959412,0.1297030448913574,-0.6631423830986023,-0.3076664507389068,0.0388063415884971,-0.9524961113929749,0.3980151712894439,0.3383941650390625,0.2504252195358276,0.7495747804641724,-0.0642538592219352,-0.3304093480110168,-0.2387914210557937,0.4610136449337005,-0.2582845985889435,-0.082846000790596,0.4775828421115875,-0.2475633472204208,1.0,0.0,0.0,1.0,0.0,0.0,1.0,0.0,0.0
20260415_114510_081622,1,29,1.047587513923645,-0.0119786616414785,0.7729860196753405,10.632960864999134,0.7965170804414907,1.6032083068609069,-0.0765101052820682,5.951135086109716,0.035310607661502,0.0,0.02,0.0,0.0,artificial_grass,12345,2458047712,2,0,1,2,2,2,-0.0844810828566551,0.0014348201220855,0.3962899148464203,0.9600799083709716,-0.3585978150367737,0.7187373042106628,-0.278176486492157,0.34258833527565,0.2803145945072174,0.719685435295105,0.0179291814565658,0.3996101319789886,0.1169590651988983,-0.2456140369176864,-0.1237816736102104,0.0906432718038559,-0.3479532301425934,0.2670565247535705,1.0,0.0,0.0,1.0,0.0,0.0,1.0,0.0,0.0
20260415_114510_081622,1,30,1.06604266166687,-0.0226104874163866,0.7035122950258077,11.336473160024942,0.7272830125735309,1.4682018745183854,1.0631825774908066,6.570399395816395,0.0377071754772321,0.0,0.02,0.0,0.0,artificial_grass,12345,2458047712,2,0,1,2,2,2,0.858192503452301,-0.6140916347503662,-0.8198491334915161,0.1615498065948486,0.6764203310012817,-0.4330824911594391,0.4454435110092163,0.3374935090541839,0.2795677185058594,0.7204322814941406,-0.0861235782504081,-0.0730994120240211,-0.0331384018063545,0.1783625781536102,0.441520482301712,-0.2992202639579773,0.3235867321491241,-0.1949317753314972,1.0,0.0,0.0,1.0,0.0,0.0,1.0,0.0,0.0
20260415_114510_081622,1,31,1.1091952323913574,-0.0217772666364908,0.5037263224434306,11.840199482468371,0.5283696853289184,1.080320886391391,-0.0833220779895782,9.33313921443586,0.0464336288548769,0.0,0.02,0.0,0.0,artificial_grass,12345,2458047712,2,0,1,2,2,2,-0.1756823062896728,-0.6907653212547302,-0.7478465437889099,-0.7115460634231567,0.3700970709323883,0.7066709399223328,0.3049743175506592,0.3605624139308929,0.2899461686611175,0.7100538611412048,0.0097499322146177,0.5360623598098755,-0.3187134563922882,-0.4259259402751922,0.1130604296922683,0.3947368562221527,-0.2826510667800903,0.264132559299469,1.0,0.0,0.0,1.0,0.0,0.0,1.0,0.0,0.0
20260415_114510_081622,1,32,1.1144838333129885,-0.0284771043807268,0.4503103869171493,12.290509869385522,0.4757623632817638,0.9777366083994394,0.6699837744235992,9.156097465023135,0.0545197636461445,0.0,0.02,0.0,0.0,artificial_grass,12345,2458047712,2,0,1,2,2,2,0.6483718752861023,-0.432568609714508,0.9229010939598083,0.721186637878418,-0.2221383303403854,0.7429291605949402,0.4426763951778412,0.4145031869411468,0.2891328036785126,0.7108672261238098,0.0938319563865661,-0.0633528232574462,-0.3157894611358642,-0.3615984320640564,-0.2875243723392486,0.2426900565624237,0.3440545797348022,0.1627680361270904,1.0,0.0,0.0,1.0,0.0,0.0,1.0,0.0,0.0
20260415_114510_081622,1,33,1.1035175323486328,-0.0502952262759208,0.6042366011957535,12.894746470581277,0.630131027527915,1.2787555036794345,2.1818121895194054,8.571337624091456,0.0589442633216154,0.0,0.02,0.0,0.0,artificial_grass,12345,2458047712,2,0,1,2,2,2,-0.6503387689590454,0.2206147164106369,0.3251711726188659,0.9873718023300172,0.1731359213590622,-0.1650752425193786,0.8903316855430603,0.4211138784885406,0.2956729531288147,0.7043270468711853,0.1296504735946655,0.3635477721691131,-0.3567251563072204,-0.0779727101325988,0.2563352882862091,-0.1949317753314972,0.4405457973480224,0.2660818696022033,1.0,0.0,0.0,1.0,0.0,0.0,1.0,0.0,0.0
20260415_114510_081622,1,34,1.0849933624267578,-0.0490663796663284,0.4245467840824443,13.31929325466372,0.45043357052296,0.928345462519772,-0.1228846609592437,7.336568642369329,0.0588678644051564,0.0,0.02,0.0,0.0,artificial_grass,12345,2458047712,2,0,1,2,2,2,0.2894949316978454,0.0663623660802841,0.6850515007972717,0.9554749727249146,0.634158194065094,-0.6456552743911743,0.8759631514549255,0.4074060320854187,0.316971093416214,0.6830288767814636,0.1322050988674163,-0.4337232112884521,-0.0380116961896419,-0.0779727101325988,0.2992202639579773,0.0380116961896419,-0.1198830381035804,0.5536062121391296,1.0,0.0,0.0,1.0,0.0,0.0,1.0,0.0,0.0
20260415_114510_081622,1,35,1.0623570680618286,-0.0758385062217712,0.6491809430982977,13.968474197762015,0.6746473132184044,1.3655622607758886,2.677212655544281,7.098922596284311,0.0546637012010679,0.0,0.02,0.0,0.0,artificial_grass,12345,2458047712,2,0,1,2,2,2,-0.1881701350212097,-1.0,0.5664169192314148,0.3679884076118469,0.1403558850288391,-0.0373117886483669,0.2562559843063354,0.3842508196830749,0.3157715499401092,0.6842284202575684,0.0475237518548965,0.0575048737227916,-0.1013645231723785,-0.082846000790596,0.2962962985038757,0.2465886920690536,-0.413255363702774,0.5302144289016724,1.0,0.0,0.0,1.0,0.0,0.0,1.0,0.0,0.0
20260415_114510_081622,1,36,1.0422335863113403,-0.0722928345203399,0.4293023029290499,14.397776500691068,0.4541178989980159,0.935529903046131,-0.3545671701431274,6.5662506248120565,0.0481559606896595,0.0,0.02,0.0,0.0,artificial_grass,12345,2458047712,2,0,1,2,2,2,0.207997515797615,0.5648534297943115,0.7261582612991333,-0.7197380661964417,-0.2096047401428222,-0.2489860504865646,0.094034269452095,0.3559555113315582,0.3419056236743927,0.6580944061279297,-0.0414321832358837,-0.1091617941856384,-0.6081871390342712,0.3294346928596496,0.1910331398248672,0.0575048737227916,-0.0467836260795593,0.1393762230873108,1.0,0.0,0.0,1.0,0.0,0.0,1.0,0.0,0.0
20260415_114510_081622,1,37,1.0371127128601074,-0.0717283561825752,0.3026685053423958,14.700445006033464,0.3269412660720482,0.687535468840494,-0.056447833776474,6.17346520726116,0.0427276072965239,0.0,0.02,0.0,0.0,artificial_grass,12345,2458047712,2,0,1,2,2,2,0.8274567723274231,-0.2731881141662597,0.0955906435847282,0.1327576786279678,-0.5171002149581909,-0.1774722933769226,0.0931262075901031,0.3308010995388031,0.3384444415569305,0.6615555286407471,-0.0831832662224769,0.0604288503527641,0.0185185186564922,0.3859649002552032,-0.4288499057292938,-0.066276803612709,-0.1120857670903205,0.0750487297773361,1.0,0.0,0.0,1.0,0.0,0.0,1.0,0.0,0.0
20260415_114510_081622,1,38,1.0812116861343384,-0.08853230625391,0.4296464636317709,15.130091469665237,0.4542309504685835,0.935750353413738,1.680395007133484,6.131478952275458,0.0458448683681256,0.0,0.02,0.0,0.0,artificial_grass,12345,2458047712,2,0,1,2,2,2,-0.8159962296485901,-0.6987804770469666,-0.3500014543533325,-0.8422515392303467,0.082544021308422,0.5706406831741333,-0.0669002756476402,0.3244000375270843,0.3378934264183044,0.6621065735816956,-0.1072235330939292,0.5048732757568359,-0.1637426912784576,0.0604288503527641,0.0760233923792839,-0.3196881115436554,-0.0955165699124336,0.0672514587640762,1.0,0.0,0.0,1.0,0.0,0.0,1.0,0.0,0.0
20260415_114510_081622,1,39,1.060410976409912,-0.0855679661035537,0.271778195432701,15.401869665097935,0.2962585955391738,0.627704261301389,-0.2964340150356293,5.480427709897413,0.0448040010647275,0.0,0.02,0.0,0.0,artificial_grass,12345,2458047712,2,0,1,2,2,2,1.0,0.9070410132408142,-0.7414841651916504,0.382184088230133,-0.4910213053226471,-0.5471141934394836,0.2547162473201751,0.379523754119873,0.354296863079071,0.6457030773162842,-0.075967401266098,-0.4366471767425537,-0.3021442592144012,0.028265107423067,-0.4346978664398193,0.0555555559694767,0.2748537957668304,-0.0672514587640762,1.0,0.0,0.0,1.0,0.0,0.0,1.0,0.0,0.0
20260415_114510_081622,1,40,1.0932588577270508,-0.1097543686628341,0.5009164881165027,15.902786153214436,0.5258657743374605,1.075438259958048,2.41864025592804,5.627520507335689,0.0494928622095782,0.0,0.02,0.0,0.0,artificial_grass,12345,2458047712,2,0,1,2,2,2,-0.0533686839044094,-0.4703481495380401,-1.0,0.1482730656862259,0.8578861355781555,0.058459099382162,-0.0285687521100044,0.3535228669643402,0.3514032065868377,0.6485968232154846,-0.0934808626770973,0.4970760345458984,0.2962962985038757,-0.5302144289016724,0.2153996080160141,-0.2573099434375763,-0.2690058350563049,0.1725146174430847,1.0,0.0,0.0,1.0,0.0,0.0,1.0,0.0,0.0
20260415_114510_081622,1,41,1.0754506587982178,-0.1099900379776954,0.3660053728995242,16.26879152611396,0.391010475815427,0.8124704278400827,0.0235669314861297,5.074428674399883,0.0500510291590286,0.0,0.02,0.0,0.0,artificial_grass,12345,2458047712,2,0,1,2,2,2,0.3741275370121002,0.8138919472694397,-0.5740265846252441,-0.849735677242279,-0.4040194749832153,-0.2318424135446548,-0.0461284182965755,0.3945826590061188,0.3750131726264953,0.6249868869781494,-0.1201542168855667,-0.0107212476432323,-0.2426900565624237,-0.5692007541656494,0.0633528232574462,0.3888888955116272,-0.0575048737227916,-0.0419103316962718,1.0,0.0,0.0,1.0,0.0,0.0,1.0,0.0,0.0
20260415_114510_081622,1,42,1.18463134765625,-0.1200273185968399,0.3884203742052783,16.65721190031924,0.4155306853121327,0.8602848363586588,1.003728061914444,4.9991836077124105,0.0711031110685441,0.0,0.02,0.0,0.0,artificial_grass,12345,2458047712,2,0,1,2,2,2,0.7762985825538635,0.1092791408300399,0.4947184026241302,-0.169221743941307,-0.0574113354086875,0.5827873349189758,0.9383623600006104,0.3723224699497223,0.375243216753006,0.6247568130493164,-0.1344589740037918,0.2202728986740112,0.471734881401062,-0.3723196983337402,-0.4473684132099151,-0.0087719298899173,-0.0925925895571708,-0.0107212476432323,1.0,0.0,0.0,1.0,0.0,0.0,1.0,0.0,0.0
20260415_114510_081622,1,43,1.104993462562561,-0.1300264298915863,0.4062373057428047,17.063449206062046,0.4334314921218775,0.8951914096376612,0.99991112947464,5.206839548509578,0.0719418637907279,0.0,0.02,0.0,0.0,artificial_grass,12345,2458047712,2,0,1,2,2,2,-0.6396992206573486,-0.5245267748832703,0.3994539678096771,-0.3783296346664428,-0.0372899696230888,-0.691361665725708,0.2052765637636184,0.5087983012199402,0.3850412964820862,0.6149587035179138,0.1273335218429565,0.4639376103878021,0.0126705653965473,0.0516569204628467,-0.2007797211408615,-0.1286549717187881,0.2387914210557937,0.539961040019989,1.0,0.0,0.0,1.0,0.0,0.0,1.0,0.0,0.0
20260415_114510_081622,1,44,1.0931235551834106,-0.086605966091156,-0.2137407214203195,16.849708484641727,-0.186727198862821,-0.4141180377825009,-4.34204638004303,3.856971157313339,0.0701352255749853,0.0,0.02,0.0,0.0,artificial_grass,12345,2458047712,2,0,1,2,2,2,-0.4441334903240204,-0.0203515458852052,0.3373041749000549,0.5751227736473083,0.6846883296966553,-0.6595723628997803,-0.5411174893379211,0.4092509150505066,0.3948020935058594,0.6051979064941406,-0.1515387594699859,-0.3937621712684631,-0.2953216433525085,0.2563352882862091,-0.2300194948911667,-0.0107212476432323,-0.3976608216762543,0.1257309913635254,1.0,0.0,0.0,1.0,0.0,0.0,1.0,0.0,0.0
20260415_114510_081622,1,45,1.1249990463256836,-0.1505559682846069,0.6074169448910159,17.457125429532745,0.6349546289740409,1.2881615264993798,6.395000219345093,4.51742842251133,0.0753768408302494,0.0,0.02,0.0,0.0,artificial_grass,12345,2458047712,2,0,1,2,2,2,0.2557682693004608,-0.3545206189155578,0.5094357132911682,0.0676741302013397,-0.4029297232627868,-0.4100245535373688,0.359799712896347,0.394413560628891,0.3524164855480194,0.647583544254303,-0.3397240936756134,-0.2992202639579773,-0.0916179344058036,0.1169590651988983,0.032163742929697,0.301169604063034,-0.4171539843082428,-0.3304093480110168,1.0,0.0,0.0,1.0,0.0,0.0,1.0,0.0,0.0
20260415_114510_081622,1,46,1.144960880279541,-0.1668506413698196,0.6502762290019002,18.107401658534645,0.6787117805153127,1.3734879720048596,1.6294673085212708,4.815478134558141,0.0838186238076628,0.001073782652922,0.02,0.0,0.0,artificial_grass,12345,2458047712,2,0,1,2,2,2,-0.1577160060405731,0.5213133692741394,0.4745178818702698,0.4809143245220184,0.2348415553569793,0.7486966848373413,-0.1476086229085922,0.4342579841613769,0.4148423373699188,0.5851576328277588,-0.1133425757288932,0.1452241688966751,-0.2553606331348419,0.2709551751613617,0.0370370373129844,-0.2465886920690536,-0.2524366378784179,0.2144249528646469,1.0,0.0,0.0,1.0,0.0,0.0,1.0,0.0,0.0
20260415_114510_081622,1,47,1.1368224620819092,-0.1398848444223404,0.1265035061462389,18.233905164680884,0.1569082334957258,0.3559710553166653,-2.696579694747925,4.358978762034724,0.088571012653593,0.030952521682551,0.02,0.0,0.0,artificial_grass,12345,2458047712,2,0,1,2,2,2,0.5635634660720825,0.1749764531850814,0.4403442144393921,-1.0,0.7094950079917908,-0.5523830652236938,-0.4141258001327514,0.4592102169990539,0.430748701095581,0.569251298904419,-0.1789014190435409,-0.1208577007055282,-0.0019493177533149,0.2007797211408615,0.1169590651988983,-0.1276803165674209,0.0584795325994491,-0.1189083829522132,1.0,0.0,0.0,1.0,0.0,0.0,1.0,0.0,0.0
20260415_114510_081622,1,48,1.1240473985671997,-0.1302160620689392,-0.0329037976798106,18.20100136700108,0.0,0.0252587326524675,-0.9668782353401184,3.523952658328533,0.0892611890603139,0.0795535754755842,0.02,0.0,0.0,artificial_grass,12345,2458047712,2,0,1,2,2,2,-0.7039327621459961,-0.5043262839317322,-0.8751474022865295,-0.7493606209754944,-0.3786033093929291,-0.115717589855194,-0.935137927532196,0.4490371644496918,0.4044255316257477,0.5955744385719299,-0.2427291870117187,0.3391812741756439,0.0994152054190635,0.2592592537403106,-0.5945419073104858,0.4220272898674011,-0.3128654956817627,-0.2251462042331695,1.0,0.0,0.0,1.0,0.0,0.0,1.0,0.0,0.0
20260415_114510_081622,1,49,1.1750630140304563,-0.1838575452566146,0.6406667026798627,18.84166806968093,0.6717851944519158,1.3599811291812358,5.364148318767548,3.988742377872107,0.1019240526220192,0.0185217301970233,0.02,0.0,0.0,artificial_grass,12345,2458047712,2,0,1,2,2,2,-0.5418744683265686,0.3229056000709533,-0.4079813659191131,-0.2664913833141327,-0.9332159757614136,-0.3474547863006592,0.7044456005096436,0.4330683648586273,0.3949871957302093,0.6050127744674683,-0.3329460918903351,-0.3918128609657287,-0.0087719298899173,0.1130604296922683,-0.371345043182373,-0.0311890840530395,-0.0370370373129844,-0.5497075915336609,1.0,0.0,0.0,1.0,0.0,0.0,1.0,0.0,0.0
20260415_114510_081622,1,50,1.175431489944458,-0.1745610833168029,0.3470365227211066,19.188704592402043,0.3782432299439168,0.7875742983906378,-0.9296461939811708,5.190434714045246,0.1120670722281016,0.0,0.02,0.0,0.0,artificial_grass,12345,2458047712,2,0,1,2,2,2,-0.8849380612373352,-0.8758077025413513,-0.4824678897857666,0.5490507483482361,-0.9943827986717224,-0.7604837417602539,0.7981792092323303,0.4968379139900207,0.447350263595581,0.552649736404419,0.0028274436481297,-0.3323586881160736,0.2261208593845367,-0.1481481492519378,-0.0838206633925437,-0.359649121761322,-0.1851851791143417,0.4239766001701355,1.0,0.0,0.0,1.0,0.0,0.0,1.0,0.0,0.0
20260415_114510_081622,1,51,1.2780559062957764,-0.2148590832948684,0.759023881419264,19.947728473821307,0.7939131914074952,1.5981307232446156,4.029799997806549,5.500403910790482,0.1488930998823112,0.0,0.02,0.0,0.0,artificial_grass,12345,2458047712,2,0,1,2,2,2,-0.9211374521255492,0.7167415022850037,-0.7608837485313416,-0.0265028048306703,0.0091888923197984,0.9337212443351746,0.3412086069583893,0.4972985386848449,0.4382753670215606,0.5617246627807617,-3.564353755791672e-05,-0.5068225860595703,-0.2017543911933899,-0.2115009725093841,0.3840155899524688,-0.5,-0.3586744666099548,0.4844054579734802,1.0,0.0,0.0,1.0,0.0,0.0,1.0,0.0,0.0
20260415_114510_081622,1,52,1.265214443206787,-0.2230177819728851,0.6560459025169905,20.603774376338297,0.6936233381455776,1.4025655093838765,0.8158698678016663,5.5294814481694985,0.1757743562858713,0.0,0.02,0.0,0.0,artificial_grass,12345,2458047712,2,0,1,2,2,2,-0.0109071685001254,0.2207000404596328,-0.0234084315598011,0.0800103098154068,-0.664178192615509,-0.9527695178985596,0.8537295460700989,0.6255789995193481,0.4776129424571991,0.5223870277404785,0.0684786811470985,-0.5633528232574463,0.4181286692619324,-0.458089679479599,-0.0389863550662994,-0.0467836260795593,0.4239766001701355,0.1783625781536102,1.0,0.0,0.0,1.0,0.0,0.0,1.0,0.0,0.0
20260415_114510_081622,1,53,1.2264976501464844,-0.2243320643901825,0.4922182140410744,21.09599259037937,0.5306570217796641,1.084781192470345,0.1314282417297363,6.258291585323178,0.1843880773858965,0.0,0.02,0.0,0.0,artificial_grass,12345,2458047712,2,0,1,2,2,2,0.5223470330238342,0.4438710510730743,0.731305718421936,-0.6295885443687439,0.5848727226257324,0.1001593396067619,-0.3288469314575195,0.6095272302627563,0.4855772256851196,0.5144227743148804,0.0552457496523857,-0.0448343083262443,0.0584795325994491,-0.0838206633925437,0.0721247568726539,-0.3528265058994293,-0.3372319638729095,0.5506822466850281,1.0,0.0,0.0,1.0,0.0,0.0,1.0,0.0,0.0
20260415_114510_081622,1,54,1.2353990077972412,-0.2324037998914718,0.4556675343139577,21.551660124693328,0.4950662984025586,1.0153792818849894,0.8071735501289368,7.2484121345557,0.1939876408860089,0.0,0.02,0.0,0.0,artificial_grass,12345,2458047712,2,0,1,2,2,2,0.4268082082271576,-0.2624251842498779,-0.1835613697767257,0.0296113491058349,0.8132380843162537,-0.8812714219093323,0.2794187366962433,0.5611311793327332,0.4868601560592651,0.5131398439407349,-0.1920604705810547,0.2962962985038757,0.1832358688116073,0.3099415302276611,-0.4473684132099151,0.2602339088916778,0.0146198831498622,-0.2202728986740112,1.0,0.0,0.0,1.0,0.0,0.0,1.0,0.0,0.0
20260415_114510_081622,1,55,1.246077299118042,-0.2511573433876037,0.5648145293604625,22.11647465405379,0.6053195122138646,1.230373048817036,1.8753543496131897,7.1188040541915,0.2050498285340203,0.0,0.02,0.0,0.0,artificial_grass,12345,2458047712,2,0,1,2,2,2,0.9294661283493042,-0.0096024107187986,0.9560304880142212,0.2380919158458709,0.5027095675468445,0.2537626922130584,-0.4299745261669159,0.5722578763961792,0.4947395324707031,0.5052604675292969,-0.1290598064661026,0.2709551751613617,-0.1510721296072006,-0.1042884960770607,0.0029239766299724,0.4571150243282318,-0.5584795475006104,0.1637426912784576,1.0,0.0,0.0,1.0,0.0,0.0,1.0,0.0,0.0
20260415_114510_081622,1,56,1.4511823654174805,-0.2747314870357513,0.7005440137709099,22.81701866782469,0.7498119886238299,1.5121333778164685,2.3574143648147583,7.843363133617331,0.2926797485292003,0.0,0.02,0.0,0.0,artificial_grass,12345,2458047712,2,0,1,2,2,2,-0.7773783206939697,0.4926171898841858,0.1098281815648078,-0.2028440684080124,0.5181035995483398,-0.1254816949367523,1.0,0.5856057405471802,0.513046145439148,0.4869538843631744,-0.2239864617586136,0.5458089709281921,-0.1111111119389534,0.1345029175281524,0.0584795325994491,0.2300194948911667,-0.066276803612709,-0.2953216433525085,1.0,0.0,0.0,1.0,0.0,0.0,1.0,0.0,0.0
20260415_114510_081622,1,57,1.4887272119522097,-0.2880344986915588,0.6678652286763894,23.48488389650109,0.7265001665423275,1.4666753247575386,1.3303011655807495,7.711907735130254,0.3863493786593803,0.0,0.02,0.0,0.0,artificial_grass,12345,2458047712,2,0,1,2,2,2,-0.088382638990879,-0.9026196599006652,0.7370699644088745,0.9258540868759156,0.9341389536857604,0.5836814045906067,0.7457432746887207,0.841987133026123,0.5360584259033203,0.4639415740966797,0.1965178549289703,-0.4766081869602203,0.3079921901226043,0.0614035092294216,-0.1423001885414123,0.2807017564773559,-0.1159844025969505,0.5984405279159546,1.0,0.0,0.0,1.0,0.0,0.0,1.0,0.0,0.0
20260415_114510_081622,1,58,1.4015315771102903,-0.2971582114696502,0.5933852816681905,24.07826917816928,0.6554355451386897,1.328099313020445,0.9123712778091432,7.637441538766822,0.4205026347049925,0.0,0.02,0.0,0.0,artificial_grass,12345,2458047712,2,0,1,2,2,2,-0.3919594287872314,-1.0,0.8249320387840271,-0.5159013271331787,-0.7601216435432434,-0.7063093185424805,-0.5884616374969482,0.8889182209968567,0.5490444302558899,0.4509555995464325,0.1837790608406067,-0.0438596494495868,-0.5360623598098755,0.4249512553215027,0.0311890840530395,0.2846003770828247,0.0214424952864646,0.4327485263347626,1.0,0.0,0.0,1.0,0.0,0.0,1.0,0.0,0.0
20260415_114510_081622,1,59,1.436298966407776,-0.3095241189002991,0.5771909282984342,24.655460106467714,0.6437036771956668,1.3052221705315503,1.2365907430648804,7.8578825168280275,0.4651274889723256,0.0,0.02,0.0,0.0,artificial_grass,12345,2458047712,2,0,1,2,2,2,-0.3230966031551361,-0.3508027493953705,0.875600278377533,-0.6545726656913757,-0.2876796722412109,-0.3033467233181,0.4350737631320953,0.7799235582351685,0.5579506754875183,0.4420493543148041,-0.1059185042977333,-0.2290448397397995,-0.5750487446784973,0.5302144289016724,-0.1881091594696045,0.0243664719164371,-0.0867446362972259,-0.2787524461746216,1.0,0.0,0.0,1.0,0.0,0.0,1.0,0.0,0.0
20260415_114510_081622,1,60,1.4359450340270996,-0.314522236585617,0.4704579168821198,25.12591802334984,0.5404459333495413,1.1038695700316057,0.4998117685317993,7.946372804974644,0.4998801646742147,0.0,0.02,0.0,0.0,artificial_grass,12345,2458047712,2,0,1,2,2,2,-0.1936961859464645,-0.4287184774875641,-0.1058437079191207,-0.1274855285882949,0.4971880614757538,-0.5129346251487732,0.5711193680763245,0.8233828544616699,0.5700218677520752,0.4299781322479248,0.0744914934039115,-0.2222222238779068,-0.231968805193901,0.5428850054740906,-0.3109161853790283,-0.0721247568726539,-0.1452241688966751,0.2738791406154632,1.0,0.0,0.0,1.0,0.0,0.0,1.0,0.0,0.0
20260415_114510_081622,1,61,1.4176818132400513,-0.3150869905948639,0.3345027001341419,25.46042072348397,0.4061646296178881,0.8420210277548819,0.0564754009246826,7.5580207839124895,0.5166192948374614,0.0,0.02,0.0,0.0,artificial_grass,12345,2458047712,2,0,1,2,2,2,-0.9325737357139589,-0.3865906596183777,-0.6901373863220215,-0.2997309267520904,-1.0,-1.0,0.2139434814453125,0.8229403495788574,0.5749008655548096,0.4250991344451904,0.0671693459153175,-0.1120857670903205,-0.2241715341806411,0.0331384018063545,-0.0536062382161617,0.301169604063034,-0.3372319638729095,0.3401559591293335,1.0,0.0,0.0,1.0,0.0,0.0,1.0,0.0,0.0
20260415_114510_081622,1,62,1.3772649765014648,-0.2989414036273956,0.020520889953133,25.480941613437107,0.0912185110920299,0.2278760966294584,-1.6145586967468262,6.27376350272548,0.5069762113889686,0.0,0.02,0.0,0.0,artificial_grass,12345,2458047712,2,0,1,2,2,2,-0.9309951663017272,0.3749278485774994,0.2714994549751282,0.4357703626155853,-0.8358252644538879,-0.13081856071949,-0.654974102973938,0.8001114726066589,0.5754521489143372,0.4245478510856628,0.0058865942992269,-0.5370370149612427,-0.1676413267850875,0.0077972710132598,-0.0487329438328743,0.1725146174430847,-0.4395711421966553,0.1900584846735,1.0,0.0,0.0,1.0,0.0,0.0,1.0,0.0,0.0
20260415_114510_081622,1,63,1.3821539878845217,-0.3121073246002197,0.1605509052925907,25.6414925187297,0.2307974855347142,0.5000550967926927,1.3165920972824097,5.307143274760634,0.5024658024212346,0.0,0.02,0.0,0.0,artificial_grass,12345,2458047712,2,0,1,2,2,2,-0.2537990212440491,-0.3285519182682037,0.6080214381217957,0.1323712766170501,0.3059201538562774,-0.2750523388385772,-0.2369174808263778,0.7495903968811035,0.5596913695335388,0.4403086304664612,-0.1603092849254608,-0.5847952961921692,0.1793372333049774,0.1198830381035804,0.2836257219314575,-0.3635477721691131,-0.0204678364098072,-0.3567251563072204,1.0,0.0,0.0,1.0,0.0,0.0,1.0,0.0,0.0
20260415_114510_081622,1,64,1.39119553565979,-0.3112495243549347,0.0852882365458802,25.72678075527558,0.1556904186986634,0.3535963164623936,-0.0857800245285034,4.332640278202582,0.5040218215278316,0.0,0.02,0.0,0.0,artificial_grass,12345,2458047712,2,0,1,2,2,2,-0.9874152541160583,-0.3069103956222534,-0.7128302454948425,0.3744164705276489,-0.6843152046203613,0.3083763122558594,-0.4530512988567352,0.7557015419006348,0.5725435018539429,0.4274564981460571,-0.1310980021953582,-0.1812865436077118,-0.2241715341806411,0.3830409348011017,0.064327485859394,0.1637426912784576,-0.1929824501276016,-0.1539960950613021,1.0,0.0,0.0,1.0,0.0,0.0,1.0,0.0,0.0
20260415_114510_081622,1,65,1.4680585861206057,-0.3205841481685638,0.1552233422081447,25.88200409748373,0.2300322218910388,0.4985628326875257,0.933462381362915,3.525980940358558,0.548088796828941,0.0,0.02,0.0,0.0,artificial_grass,12345,2458047712,2,0,1,2,2,2,0.069297932088375,-0.3087032437324524,-0.4732621312141418,-0.3451430201530456,-0.9849872589111328,0.7029339075088501,0.5258115530014038,0.7670035362243652,0.5717061758041382,0.4282938241958618,-0.1247135922312736,-0.5818713307380676,-0.1208577007055282,0.0545808970928192,0.2768031060695648,-0.3703703582286834,0.1773879081010818,-0.2914229929447174,1.0,0.0,0.0,1.0,0.0,0.0,1.0,0.0,0.0
20260415_114510_081622,1,66,1.3601223230361938,-0.3031274676322937,-0.0784790397767402,25.803525057706985,-0.0064076353287739,-0.0624948888911092,-1.7456680536270142,2.359616481435843,0.5207140444796633,0.0,0.02,0.0,0.0,artificial_grass,12345,2458047712,2,0,1,2,2,2,0.8693027496337891,-0.6596828699111938,-0.5533686280250549,-0.3610175251960754,0.4965115189552307,-0.7113907337188721,-0.6749727725982666,0.8630824089050293,0.5808182954788208,0.4191817045211792,0.1427919566631317,0.0604288503527641,-0.1325536072254181,-0.0224171541631221,-0.0029239766299724,-0.544834315776825,0.4278752505779266,0.2972709536552429,1.0,0.0,0.0,1.0,0.0,0.0,1.0,0.0,0.0
20260415_114510_081622,1,67,1.425418257713318,-0.3632629513740539,0.6476089166108794,26.451133974317862,0.7212902189106023,1.4565159268756744,6.013548374176025,2.974111380556636,0.5368130229972292,0.0,0.02,0.0,0.0,artificial_grass,12345,2458047712,2,0,1,2,2,2,-0.2870354652404785,0.4040542542934418,-0.7831321358680725,-0.662850558757782,-0.4882551431655884,0.2884885370731354,-0.0084471721202135,0.7281621098518372,0.5637776255607605,0.4362223744392395,-0.2444607615470886,0.5380116701126099,-0.3372319638729095,-0.2329434752464294,-0.1725146174430847,0.3460038900375366,-0.3382066190242767,-0.3781676292419433,1.0,0.0,0.0,1.0,0.0,0.0,1.0,0.0,0.0
20260415_114510_081622,1,68,1.3861242532730105,-0.3131827712059021,-0.1289020921051752,26.322231882212687,-0.056214132844637,-0.1596175590470423,-5.0080180168151855,2.586617724880135,0.5268795926053815,0.0,0.02,0.0,0.0,artificial_grass,12345,2458047712,2,0,1,2,2,2,0.8591927289962769,0.2214430123567581,0.8151779174804688,-0.7360718250274658,0.7653615474700928,0.5980137586593628,-0.968662977218628,0.8097819089889526,0.6224799156188965,0.3775200545787811,-0.0002707254025153,-0.1637426912784576,0.2884990274906158,-0.4181286692619324,-0.3001949191093445,-0.0925925895571708,0.1949317753314972,-0.0029239766299724,1.0,0.0,0.0,1.0,0.0,0.0,1.0,0.0,0.0
20260415_114510_081622,1,69,1.3991169929504397,-0.37210413813591,0.5956978543325707,26.917929736545258,0.6683697456230332,1.3533210039649148,5.8921366930007935,3.439883632052357,0.5267189129046249,0.0,0.02,0.0,0.0,artificial_grass,12345,2458047712,2,0,1,2,2,2,0.8658198714256287,-0.7698004245758057,0.4116477370262146,0.2824089229106903,-0.0083994911983609,-0.933801293373108,0.554309070110321,0.7606644630432129,0.5735933184623718,0.4264067113399505,-0.2125025242567062,0.5087719559669495,0.0565302148461341,0.2076023370027542,-0.5097466111183167,0.3791423141956329,0.3304093480110168,-0.5925925970077515,1.0,0.0,0.0,1.0,0.0,0.0,1.0,0.0,0.0
20260415_114510_081622,1,70,1.4206972122192385,-0.3897634744644165,0.6473974434259051,27.565327179971163,0.7212688006083844,1.4564741611863496,1.765933632850647,4.542761476776313,0.538713571824793,0.0,0.02,0.0,0.0,artificial_grass,12345,2458047712,2,0,1,2,2,2,-0.6668029427528381,0.1767419576644897,0.2205910980701446,0.6901165843009949,-0.4130050837993622,0.1915132850408554,0.607464611530304,0.776905357837677,0.631110429763794,0.368889570236206,-0.0378070957958698,0.5214424729347229,-0.4795321524143219,0.2202728986740112,0.1413255333900451,-0.0029239766299724,-0.5175438523292542,0.3440545797348022,1.0,0.0,0.0,1.0,0.0,0.0,1.0,0.0,0.0
20260415_114510_081622,1,71,1.429155707359314,-0.3899751305580139,0.4619924360162262,28.02731961598739,0.5372548837075372,1.0976470232296975,0.0211656093597412,5.141845667318485,0.5526244769131087,0.0,0.02,0.0,0.0,artificial_grass,12345,2458047712,2,0,1,2,2,2,-0.9678685069084167,0.3219667971134186,0.0367829054594039,-0.3071018755435943,-0.0727972462773323,-0.2054716050624847,0.8090197443962097,0.8038805723190308,0.6483489274978638,0.3516511023044586,0.0161392539739608,-0.4161793291568756,0.0779727101325988,0.082846000790596,0.3576998114585876,-0.3265107274055481,0.0019493177533149,0.3450292348861694,1.0,0.0,0.0,1.0,0.0,0.0,1.0,0.0,0.0
20260415_114510_081622,1,72,1.3783098459243774,-0.3847868144512176,0.2565935586595938,28.283913174646987,0.3300140332063436,0.6935273647523701,-0.5188316106796265,5.897867920961964,0.5342047454674975,0.0,0.02,0.0,0.0,artificial_grass,12345,2458047712,2,0,1,2,2,2,-0.2338375151157379,-0.7060954570770264,-0.429219514131546,0.5234366059303284,-0.4164381921291351,-0.3745594918727875,-0.1174805164337158,0.8144537806510925,0.6485555171966553,0.3514444828033447,0.0520461611449718,-0.5789473652839661,0.2007797211408615,0.0360623784363269,-0.1793372333049774,-0.0419103316962718,-0.1471734941005706,0.4785574972629547,1.0,0.0,0.0,1.0,0.0,0.0,1.0,0.0,0.0
20260415_114510_081622,1,73,1.382249116897583,-0.3864149153232574,0.1896950076811828,28.47360818232817,0.2619733565975737,0.5608480453652689,0.1628100872039795,5.002200039451559,0.5227834891639089,0.0,0.02,0.0,0.0,artificial_grass,12345,2458047712,2,0,1,2,2,2,-0.533786416053772,0.9664192199707032,0.7180912494659424,-0.4008780121803283,-0.2871523201465606,0.5231440663337708,-0.4585347175598144,0.7508963346481323,0.6434907913208008,0.3565091788768768,-0.1455055773258209,-0.1237816736102104,-0.3781676292419433,-0.202729046344757,0.3362573087215423,-0.2397660762071609,-0.1920077949762344,-0.0701754391193389,1.0,0.0,0.0,1.0,0.0,0.0,1.0,0.0,0.0
20260415_114510_081622,1,74,1.5014348030090332,-0.3736385107040405,-0.051945177056231,28.42166300527193,0.0262697018171932,0.1012259185435269,-1.277640461921692,5.263043517042128,0.5821487887342431,0.0,0.02,0.0,0.0,artificial_grass,12345,2458047712,2,0,1,2,2,2,-1.0,0.4037531316280365,0.1627953201532364,-0.6641570329666138,-0.8426226377487183,0.5796087980270386,0.9910036325454712,0.7558205723762512,0.6450800895690918,0.3549198508262634,-0.1738449186086654,-0.3528265058994293,0.4434697926044464,0.3274853825569153,-0.272904485464096,-0.1803118884563446,0.2992202639579773,-0.2846003770828247,1.0,0.0,0.0,1.0,0.0,0.0,1.0,0.0,0.0
20260415_114510_081622,1,75,1.4389171600341797,-0.4185312390327453,0.5097185885388738,28.93138159381081,0.5888398190385988,1.1982376471252678,4.489272832870483,5.107960160202481,0.5912123049972505,0.0,0.02,0.0,0.0,artificial_grass,12345,2458047712,2,0,1,2,2,2,0.1308695673942566,-0.3442413806915283,0.5127033591270447,0.0746203660964965,0.3561795651912689,-0.9329003095626832,0.9609119296073914,0.9048026204109192,0.6326082348823547,0.3673917949199676,0.1792819499969482,-0.5721247792243958,0.3538011610507965,0.2251462042331695,-0.3226120769977569,-0.4532163739204407,0.3157894611358642,0.583820641040802,1.0,0.0,0.0,1.0,0.0,0.0,1.0,0.0,0.0
20260415_114510_081622,1,76,1.4536364078521729,-0.4621665477752685,0.913962234429554,29.845343828240367,0.9946466430292464,1.9895609539070307,4.363530874252319,5.641046952923162,0.6068440859969254,0.0,0.02,0.0,0.0,artificial_grass,12345,2458047712,2,0,1,2,2,2,-0.6540361642837524,0.963367223739624,1.0,0.9624451994895936,-0.103101298213005,0.7420608997344971,0.3114869296550751,0.8266556859016418,0.6764310598373413,0.3235689699649811,0.0385240912437438,0.0779727101325988,-0.2095516622066497,0.314814805984497,0.0185185186564922,0.1988304108381271,-0.5808966755867004,0.5877193212509155,1.0,0.0,0.0,1.0,0.0,0.0,1.0,0.0,0.0
20260415_114510_081622,1,77,1.409266710281372,-0.419392466545105,0.1119743953034004,29.95731822354377,0.1911890690647114,0.4228186846761872,-4.277408123016357,4.966218614369652,0.5921467376131092,0.0,0.02,0.0,0.0,artificial_grass,12345,2458047712,2,0,1,2,2,2,-0.3737799823284149,-0.0400538071990013,0.8795463442802429,-0.1174525544047355,0.2722264230251312,-0.7931803464889526,-0.657153308391571,0.8450547456741333,0.7190263867378235,0.2809735834598541,-0.0378126986324787,-0.4249512553215027,0.38791424036026,0.3898635506629944,0.2582845985889435,-0.1559454202651977,0.0077972710132598,0.161793366074562,1.0,0.0,0.0,1.0,0.0,0.0,1.0,0.0,0.0
20260415_114510_081622,1,78,1.4077954292297363,-0.4191056489944458,0.0552664532017365,30.0125846767455,0.1333043973029012,0.3099435747406573,-0.0286817550659179,4.582634824357939,0.5803794410116471,0.0,0.02,0.0,0.0,artificial_grass,12345,2458047712,2,0,1,2,2,2,0.4700651168823242,0.5745456218719482,-0.449383795261383,0.7947790622711182,0.2031830251216888,-0.84740149974823,-0.594157874584198,0.789592444896698,0.6772717237472534,0.3227282464504242,-0.2612234354019165,-0.2183235883712768,-0.0155945420265197,0.5341130495071411,-0.068226121366024,0.1822612136602401,-0.4025341272354126,-0.3421052694320678,1.0,0.0,0.0,1.0,0.0,0.0,1.0,0.0,0.0
20260415_114510_081622,1,79,1.4001768827438354,-0.4132843017578125,-0.0594082364228993,29.9531764403226,0.0189353846870053,0.0869240001396605,-0.5821347236633301,4.1087107791323305,0.5672092085461712,0.0324540051057515,0.02,0.0,0.0,artificial_grass,12345,2458047712,2,0,1,2,2,2,-0.1078924089670181,0.9962952136993408,0.7962471842765808,-0.5326690077781677,-0.3228376805782318,-0.8819267749786377,-0.605552077293396,0.7877534031867981,0.6769917011260986,0.3230082392692566,-0.2644761800765991,0.2933723330497741,0.3918128609657287,-0.231968805193901,0.4844054579734802,0.1140350848436355,-0.4522417187690735,-0.3421052694320678,1.0,0.0,0.0,1.0,0.0,0.0,1.0,0.0,0.0
20260415_114510_081622,1,80,1.4475040435791016,-0.479499340057373,0.7759472233230305,30.72912366364563,0.8567020295352592,1.7205689575937555,6.621503829956055,5.728053818182559,0.5849428880434824,0.0452103481576084,0.02,0.0,0.0,artificial_grass,12345,2458047712,2,0,1,2,2,2,0.6273158192634583,-0.4540115594863891,-1.0,0.9226338863372804,-0.1967858374118805,0.0907718241214752,-0.3009158968925476,0.7782301902770996,0.6713091731071472,0.3286908566951751,-0.2987214624881744,-0.066276803612709,0.5828459858894348,0.4727095663547516,-0.2076023370027542,-0.0029239766299724,-0.4571150243282318,-0.3265107274055481,1.0,0.0,0.0,1.0,0.0,0.0,1.0,0.0,0.0
20260415_114510_081622,1,81,1.461296558380127,-0.4951177537441253,0.7546005540925469,31.48372421773817,0.8363523386482709,1.6808870603641282,1.561841368675232,6.2107032314214194,0.6066577942176212,0.021720102679236,0.02,0.0,0.0,artificial_grass,12345,2458047712,2,0,1,2,2,2,-0.0074241436086595,0.4166215062141418,-0.9542998671531676,-0.6148588061332703,-0.0825012698769569,-0.9737256169319152,0.2077298313379287,0.8373891115188599,0.7359461188316345,0.2640538811683655,-0.2107739150524139,0.3908382058143616,-0.1520467847585678,-0.0974658876657486,0.6052631735801697,-0.1822612136602401,-0.0760233923792839,-0.2300194948911667,1.0,0.0,0.0,1.0,0.0,0.0,1.0,0.0,0.0
20260415_114510_081622,1,82,1.443345308303833,-0.4964950978755951,0.5556772750476314,32.03940149278581,0.6385122556717142,1.2950988985598428,0.1377344131469726,5.516241176074232,0.6123503544140532,0.0319989036535494,0.02,0.0,0.0,artificial_grass,12345,2458047712,2,0,1,2,2,2,1.0,-0.4472063183784485,0.036720298230648,0.2750269472599029,-0.1277823746204376,-0.5441812872886658,-0.1844933331012725,0.8546298146247864,0.7511922717094421,0.2488076984882354,-0.0969091728329658,-0.0068226121366024,0.2797271013259887,-0.5029239654541016,0.4220272898674011,0.0185185186564922,-0.5311890840530396,0.1384015530347824,1.0,0.0,0.0,1.0,0.0,0.0,1.0,0.0,0.0
20260415_114510_081622,1,83,1.4790107011795044,-0.5228905081748962,0.7253689698504603,32.764770462636264,0.8108766314884158,1.6312094314024108,2.6395410299301147,6.724631922800455,0.6383690010474388,0.0334152306642326,0.02,0.0,0.0,artificial_grass,12345,2458047712,2,0,1,2,2,2,0.3072928488254547,0.5770969390869141,0.3830214142799377,0.3581632971763611,0.7579036951065063,0.8902336955070496,-0.3735502958297729,0.8321908116340637,0.7525368332862854,0.247463196516037,-0.1929970681667328,0.6042885184288025,-0.2875243723392486,0.0487329438328743,0.2631579041481018,-0.0087719298899173,-0.3352826535701751,-0.1237816736102104,1.0,0.0,0.0,1.0,0.0,0.0,1.0,0.0,0.0
20260415_114510_081622,1,84,1.4793394804000854,-0.5384039282798767,0.7143247324056868,33.47909519504195,0.800637218551957,1.6112425761763165,1.5513420104980469,8.025930924236114,0.6584434335562532,0.0093628558128981,0.02,0.0,0.0,artificial_grass,12345,2458047712,2,0,1,2,2,2,0.0273567661643028,-0.6289671063423157,0.4285548031330108,-0.746907114982605,-1.0,-0.8953772783279419,0.041208941489458,0.8767725825309753,0.7783032059669495,0.2216968536376953,-0.1713219583034515,0.1783625781536102,0.3099415302276611,0.1578947305679321,0.1325536072254181,0.3118908405303955,-0.032163742929697,-0.2553606331348419,1.0,0.0,0.0,1.0,0.0,0.0,1.0,0.0,0.0
20260415_114510_081622,1,85,1.6242526769638062,-0.5396602153778076,0.5133434018277417,33.99243859686969,0.6101739023489785,1.239839109580508,0.1256287097930908,9.178846033676962,0.7683050052123678,0.0,0.02,0.0,0.0,artificial_grass,12345,2458047712,2,0,1,2,2,2,0.404492050409317,-0.7902853488922119,0.7931737899780273,0.4227088987827301,0.2564907968044281,0.4677985608577728,0.8099674582481384,0.8771834373474121,0.7934468388557434,0.2065531611442566,-0.0848160460591316,0.0224171541631221,-0.2738791406154632,0.3421052694320678,-0.1569200754165649,0.0458089672029018,-0.3138401508331299,0.0458089672029018,1.0,0.0,0.0,1.0,0.0,0.0,1.0,0.0,0.0
20260415_114510_081622,1,86,1.5961695909500122,-0.5419109463691711,0.3764368935734851,34.36887549044317,0.4800756958817782,0.9861476069694676,0.2250730991363525,8.444424683052674,0.8363880230829307,0.0,0.02,0.0,0.0,artificial_grass,12345,2458047712,2,0,1,2,2,2,0.8307373523712158,0.1127643138170242,-0.0265953484922647,0.3527807295322418,-0.9403236508369446,0.8623368144035339,-0.3354355096817016,1.0,0.7946732044219971,0.2053268104791641,0.1636862456798553,0.2524366378784179,-0.4736842215061188,0.4639376103878021,0.1676413267850875,0.0555555559694767,0.1081871315836906,0.4561403393745422,1.0,0.0,0.0,1.0,0.0,0.0,1.0,0.0,0.0
20260415_114510_081622,1,87,1.6115357875823977,-0.5586014986038208,0.4575750823333659,34.82645057277654,0.5676279544068457,1.1568745110933492,1.6690552234649658,7.920412133781895,0.9005287207347971,0.0,0.02,0.0,0.0,artificial_grass,12345,2458047712,2,0,1,2,2,2,-1.0,-0.2356268018484115,-0.6563965678215027,0.347569853067398,0.9350815415382384,-0.7393798828125,0.6863589882850647,1.0,0.7968702912330627,0.2031297385692596,0.0002920493716374,0.5107212662696838,0.0877192988991737,0.0019493177533149,0.2475633472204208,-0.5321637392044067,0.5370370149612427,-0.202729046344757,1.0,0.0,0.0,1.0,0.0,0.0,1.0,0.0,0.0
20260415_114510_081622,1,88,1.653293490409851,-0.5525698065757751,0.2238055046744392,35.050256077450975,0.3419813244199335,0.7168635826188705,-0.6031692028045654,7.342176817840922,0.9817581974549436,0.0,0.02,0.0,0.0,artificial_grass,12345,2458047712,2,0,1,2,2,2,-0.3577714264392853,0.5960728526115417,0.1072770431637764,-0.7900649309158325,0.1295312345027923,0.3557262420654297,1.0,1.0,0.8131629824638367,0.1868369579315185,0.0749101489782333,-0.6218323707580566,-0.1081871315836906,-0.3460038900375366,0.2095516622066497,0.5370370149612427,-0.4512670636177063,0.4113060534000397,1.0,0.0,0.0,1.0,0.0,0.0,1.0,0.0,0.0
20260415_114510_081622,1,89,1.5574381351470947,-0.5934730172157288,0.6573792720439896,35.707635349494964,0.7744758733143536,1.5602279529629897,4.090321063995361,7.271195339401501,0.9709660127036402,0.0,0.02,0.0,0.0,artificial_grass,12345,2458047712,2,0,1,2,2,2,-0.2857202291488647,-0.8517244458198547,-0.2148777097463607,-0.1903634965419769,-0.4252233505249023,0.6684598326683044,-0.6686262488365173,1.0,0.807275116443634,0.1927248835563659,0.2437073141336441,-0.2173489332199096,0.371345043182373,0.0711500942707061,-0.4697855710983276,0.0925925895571708,0.2202728986740112,0.6033138632774353,1.0,0.0,0.0,1.0,0.0,0.0,1.0,0.0,0.0
20260415_114510_081622,1,90,1.551138997077942,-0.6063923239707947,0.6242625762764864,36.33189792577145,0.7400787864609711,1.4931536335988935,1.2919306755065918,7.153106396824079,0.9581621018448464,0.0,0.02,0.0,0.0,artificial_grass,12345,2458047712,2,0,1,2,2,2,-0.3310464322566986,-0.0690505877137184,-0.6447791457176208,-0.9709509015083312,0.1688039749860763,-0.6286128163337708,-0.498721033334732,0.9748069047927856,0.8472034335136414,0.152796521782875,-0.0886319130659103,-0.153021439909935,-0.2134502977132797,-0.0623781681060791,-0.0399610139429569,-0.1988304108381271,0.4590643346309662,-0.3820662796497345,1.0,0.0,0.0,1.0,0.0,0.0,1.0,0.0,0.0
20260415_114510_081622,1,91,1.6338459253311155,-0.6040053367614746,0.3980464333159802,36.72994435908743,0.5180464333159802,1.0601905449661615,-0.2386987209320068,6.973457832209732,1.0,0.0,0.02,0.0,0.0,artificial_grass,12345,2458047712,2,0,1,2,2,2,0.9665979743003844,-0.4246985018253326,0.1316657811403274,0.8216104507446289,0.0355020686984062,0.4766492545604706,0.8861781358718872,0.9669329524040222,0.8598148226737976,0.1401851177215576,-0.0967030823230743,-0.1949317753314972,0.0009746588766574,-0.2124756276607513,-0.2787524461746216,0.1910331398248672,0.1900584846735,-0.2943469882011413,1.0,0.0,0.0,1.0,0.0,0.0,1.0,0.0,0.0
20260415_114510_081622,1,92,1.6304914951324463,-0.6066349744796753,0.2958378726562283,37.02578223174366,0.4158378726562283,0.8608838516796453,0.2629637718200683,6.84819407691991,1.0,0.0,0.02,0.0,0.0,artificial_grass,12345,2458047712,2,0,1,2,2,2,-0.3873401284217834,-0.3929776549339294,-0.8440271615982056,-0.6594756245613098,-0.0021602420601993,0.5830541849136353,0.6425936222076416,1.0,0.8574848175048828,0.1425151973962783,0.1702095121145248,0.5974658727645874,-0.272904485464096,0.0204678364098072,0.3040935695171356,-0.0487329438328743,0.2417154014110565,0.4892787635326385,1.0,0.0,0.0,1.0,0.0,0.0,1.0,0.0,0.0
20260415_114510_081622,1,93,1.5422673225402832,-0.6191545128822327,0.3459750506788024,37.37175728242247,0.4659750506788024,0.9586513488236648,1.2519538402557373,6.6499709146502255,1.0,0.0,0.02,0.0,0.0,artificial_grass,12345,2458047712,2,0,1,2,2,2,-0.1298000067472458,-0.5510604381561279,-0.9402310848236084,-0.2221183478832245,-0.8518788814544678,-0.9356959462165833,-0.6636650562286377,1.0,0.8600517511367798,0.139948233962059,0.1485998332500457,-0.1725146174430847,-0.1773879081010818,-0.2173489332199096,-0.1832358688116073,0.030214425176382,0.314814805984497,0.3752436637878418,1.0,0.0,0.0,1.0,0.0,0.0,1.0,0.0,0.0
20260415_114510_081622,1,94,1.5229380130767822,-0.5807985663414001,-0.2139541311607221,37.15780315126175,-0.0973898214887491,-0.2399101519030608,-3.835594654083252,5.693197180128294,0.9656430967197298,0.0,0.02,0.0,0.0,artificial_grass,12345,2458047712,2,0,1,2,2,2,-0.721812903881073,-0.5889771580696106,0.1077490746974945,-0.8464944958686829,0.7326065897941589,-0.789687991142273,-0.9091060161590576,0.9558432698249816,0.8722729086875916,0.1277270913124084,-0.1375812441110611,-0.064327485859394,-0.2212475687265396,-0.2368421107530594,-0.0380116961896419,-0.0311890840530395,0.1978557556867599,-0.3479532301425934,1.0,0.0,0.0,1.0,0.0,0.0,1.0,0.0,0.0
20260415_114510_081622,1,95,1.5342872142791748,-0.6079975962638855,0.1166339057074096,37.27443705696916,0.2307913508383767,0.5000431341348346,2.719902992248535,4.633012361300139,0.9415744513096708,0.0,0.02,0.0,0.0,artificial_grass,12345,2458047712,2,0,1,2,2,2,0.3113081753253937,0.5712367296218872,0.6002214550971985,0.2691737711429596,-1.0,-1.0,0.4791263043880462,0.931681752204895,0.8348311185836792,0.165168896317482,-0.267004519701004,-0.4239766001701355,-0.3079921901226043,0.1228070184588432,-0.4269005954265594,0.4931773841381073,-0.2046783566474914,-0.4746588766574859,1.0,0.0,0.0,1.0,0.0,0.0,1.0,0.0,0.0
20260415_114510_081622,1,96,1.513059377670288,-0.594281792640686,-0.1108094984817182,37.16362755848744,0.0,0.0321372600211375,-1.3715803623199463,3.171995987722383,0.9080949848171824,0.0,0.02,0.0,0.0,artificial_grass,12345,2458047712,2,0,1,2,2,2,0.0443565286695957,-0.7863812446594238,-0.7285165786743164,0.761202871799469,-0.4192865788936615,0.4590513408184051,-0.6168432235717773,0.945868194103241,0.8613818883895874,0.1386181116104126,-0.113508865237236,0.1744639426469802,0.3128654956817627,0.3118908405303955,0.1773879081010818,-0.2758284509181976,-0.5604288578033447,0.3089668750762939,1.0,0.0,0.0,1.0,0.0,0.0,1.0,0.0,0.0
20260415_114510_081622,1,97,1.5675458908081057,-0.6552042961120605,0.6554556588819667,37.8190832173694,0.7677771957949835,1.5471655318002178,6.092250347137451,3.658970974556439,0.9232153691301682,0.0,0.02,0.0,0.0,artificial_grass,12345,2458047712,2,0,1,2,2,2,-0.3934006690979004,0.3235999345779419,0.2002959698438644,-0.1518265306949615,-0.6992810368537903,0.7892227172851562,-0.1506139636039734,0.9193333387374878,0.847993016242981,0.1520069986581802,-0.3012028932571411,0.0458089672029018,-0.2777777910232544,0.0146198831498622,0.4883041083812713,-0.3089668750762939,0.149122804403305,-0.4074074029922485,1.0,0.0,0.0,1.0,0.0,0.0,1.0,0.0,0.0
20260415_114510_081622,1,98,1.699622392654419,-0.6582903265953064,0.4889871338109298,38.30807035118033,0.6089871338109298,1.2375249109313131,0.3086030483245849,4.035612033808107,1.0,0.0,0.02,0.0,0.0,artificial_grass,12345,2458047712,2,0,1,2,2,2,-0.2541089355945587,-0.2764137089252472,-0.2920267283916473,0.926773965358734,-0.3026242256164551,0.7132306098937988,0.9085302352905272,0.9874415397644044,0.907463550567627,0.0925364419817924,-0.1187973469495773,-0.2504873275756836,0.1773879081010818,0.1033138409256935,-0.0964912250638008,-0.413255363702774,0.4629629552364349,-0.1052631586790084,1.0,0.0,0.0,1.0,0.0,0.0,1.0,0.0,0.0
20260415_114510_081622,1,99,1.589490294456482,-0.6526849865913391,0.2584667605637449,38.56653711174408,0.3784667605637449,0.7880101830993027,-0.5605340003967285,3.864970868083745,1.0,0.0,0.02,0.0,0.0,artificial_grass,12345,2458047712,2,0,1,2,2,2,-0.6258870363235474,-0.8468590974807739,-0.5283851623535156,0.0756799504160881,0.367268294095993,-0.3877220451831817,-0.7093982696533203,1.0,0.91047602891922,0.0895239785313606,0.1606094241142273,-0.1637426912784576,-0.1842105239629745,-0.1988304108381271,0.4766081869602203,-0.2992202639579773,0.359649121761322,0.5331383943557739,1.0,0.0,0.0,1.0,0.0,0.0,1.0,0.0,0.0
20260415_114510_081622,1,100,1.6239486932754517,-0.6850888133049011,0.5728734898274517,39.13941060157153,0.6928734898274517,1.4011033051635309,3.240382671356201,5.505984325150337,1.0,0.0,0.02,0.0,0.0,artificial_grass,12345,2458047712,2,0,1,2,2,2,-0.1053744181990623,-0.8948677182197571,-0.4343024790287018,0.3631920516490936,-0.1946436911821365,1.0,-0.508033275604248,1.0,0.9050043225288392,0.0949957072734832,-0.2774288654327392,-0.3684210479259491,-0.4756335318088531,-0.2300194948911667,0.0779727101325988,0.2475633472204208,-0.1890838146209716,-0.413255363702774,1.0,0.0,0.0,1.0,0.0,0.0,1.0,0.0,0.0
20260415_114510_081622,1,101,1.625665545463562,-0.6866868138313293,0.4137320471965844,39.55314264876811,0.5337320471965844,1.0907774920333395,0.1598000526428222,6.096718683048842,1.0,0.0,0.02,0.0,0.0,artificial_grass,12345,2458047712,2,0,1,2,2,2,0.0969935357570648,0.6537962555885315,-0.8495223522186279,0.4410473704338074,-0.5923303365707397,1.0,-0.5202530026435852,1.0,0.9366357922554016,0.0633641853928566,-0.1657591313123703,-0.0672514587640762,-0.539961040019989,-0.2329434752464294,0.2417154014110565,-0.1384015530347824,0.4795321524143219,-0.3518518507480621,1.0,0.0,0.0,1.0,0.0,0.0,1.0,0.0,0.0
20260415_114510_081622,1,102,1.7925233840942385,-0.7053519487380981,0.5131853803560126,40.06632802912412,0.6331853803560126,1.2847114916942246,1.86651349067688,7.349292914721929,1.0,0.0,0.02,0.0,0.0,artificial_grass,12345,2458047712,2,0,1,2,2,2,0.6996746063232422,-0.7482500076293945,-0.190894603729248,0.6703101992607117,0.3744208216667175,0.9151288270950316,0.6978241801261902,1.0,0.9381957054138184,0.0618042908608913,-0.1598725318908691,0.0419103316962718,0.3450292348861694,-0.5526315569877625,0.2631579041481018,-0.3538011610507965,0.567251443862915,-0.3382066190242767,1.0,0.0,0.0,1.0,0.0,0.0,1.0,0.0,0.0
20260415_114510_081622,1,103,1.7698185443878174,-0.7083150744438171,0.3864675699557145,40.45279559907984,0.5064675699557145,1.0376117614136433,0.2963125705718994,6.839739144335354,1.0,0.0,0.02,0.0,0.0,artificial_grass,12345,2458047712,2,0,1,2,2,2,-0.0057863709516823,-0.9826031923294068,-0.614724338054657,0.5888664722442627,-0.9156239628791808,0.8920051455497742,0.1931746006011963,1.0,0.9564160108566284,0.04358397051692,0.1713021695613861,0.4210526347160339,-0.4697855710983276,-0.1345029175281524,0.3226120769977569,-0.0760233923792839,0.4883041083812713,0.3771929740905761,1.0,0.0,0.0,1.0,0.0,0.0,1.0,0.0,0.0
20260415_114510_081622,1,104,1.7091186046600342,-0.7239506244659424,0.453896190570963,40.9066917896508,0.573896190570963,1.1690975716133778,1.5635550022125244,6.771311805017419,1.0,0.0,0.02,0.0,0.0,artificial_grass,12345,2458047712,2,0,1,2,2,2,-0.9028141498565674,1.0,0.1685667186975479,-0.4986572861671448,-0.2897123396396637,0.5320524573326111,-0.6222029328346252,1.0,0.9593085050582886,0.0406914837658405,0.086059957742691,-0.0068226121366024,-0.5594542026519775,-0.2855750620365143,0.3927875161170959,-0.4805068373680115,0.5419103503227234,0.1169590651988983,1.0,0.0,0.0,1.0,0.0,0.0,1.0,0.0,0.0
20260415_114510_081622,1,105,1.7363921403884888,-0.7578591108322144,5.0,45.9066917896508,0.8587360707009362,1.7245353378668256,1.8190264701843264,7.707836959784942,1.0,0.0,0.02,0.0,0.0,artificial_grass,12345,2458047712,2,0,1,2,2,2,0.0658357590436935,-0.4203929305076599,0.2284046411514282,-0.5439093112945557,0.2756645083427429,0.2411427050828933,0.2308910489082336,1.0,0.9745714664459229,0.0254285205155611,-0.1191643327474594,-0.5692007541656494,0.3869395852088928,0.0409356728196144,-0.2992202639579773,-0.1140350848436355,0.4385964870452881,-0.3645224273204803,1.0,0.0,0.0,1.0,0.0,0.0,1.0,0.0,0.0
20260415_114510_081622,2,0,0.6157604455947876,0.2736474275588989,-0.3752966530506427,-0.3752966530506427,-0.3552966530506427,-0.7428284734487534,-2.971313893795013,0.0,0.0,0.0,0.02,0.0,0.0,artificial_grass,12345,2458047843,2,0,2,2,2,2,-0.1527356207370758,0.5073953866958618,0.368330717086792,-0.6171876788139343,-0.4798324406147003,0.5614838004112244,-0.9524216055870056,0.0,-0.0,1.0,0.0,0.2553606331348419,-0.1715399622917175,0.0838206633925437,-0.1413255333900451,0.076998047530651,-0.0867446362972259,0.1598440557718277,1.0,0.0,0.0,1.0,0.0,0.0,1.0,0.0,0.0
20260415_114510_081622,2,1,0.6201938986778259,0.2406749874353408,0.0913793066678903,-0.2839173463827524,0.1113793066678903,0.2671896480023861,3.2972440123558044,0.0,0.0,0.0,0.02,0.0,0.0,artificial_grass,12345,2458047843,2,0,2,2,2,2,1.0,-0.7966503500938416,-0.3189490139484405,0.4028948843479156,0.204023465514183,-0.9587085247039796,0.1919763684272766,-0.0456367954611778,-0.0298944655805826,1.0,-0.1695847064256668,-0.1072124764323234,0.2836257219314575,0.2076023370027542,-0.3391812741756439,-0.2290448397397995,0.3586744666099548,-0.511695921421051,1.0,0.0,0.0,1.0,0.0,0.0,1.0,0.0,0.0
20260415_114510_081622,2,2,0.5917471051216125,0.2655292749404907,-0.2102384367317725,-0.494155783114525,-0.1902384367317725,-0.4209649516269564,-2.485428750514984,0.0,0.0,0.0,0.02,0.0,0.0,artificial_grass,12345,2458047843,2,0,2,2,2,2,-0.4746021032333374,-0.7614753842353821,0.7838534116744995,-0.0818832963705062,0.8899837732315063,-0.8506381511688232,-0.754184365272522,-0.0400949940085411,0.0032791867852211,0.9967207312583924,-0.0653372555971145,0.6140350699424744,-0.4814814925193786,-0.1793372333049774,0.2495126724243164,0.1345029175281524,-0.4990253448486328,0.1315789520740509,1.0,0.0,0.0,1.0,0.0,0.0,1.0,0.0,0.0
20260415_114510_081622,2,3,0.8357150554656982,0.2859776616096496,-0.4184273745893286,-0.9125831577038536,-0.3984273745893286,-0.8269333804491907,-2.0448386669158936,0.0,0.0,0.0,0.02,0.0,0.0,artificial_grass,12345,2458047843,2,0,2,2,2,2,-0.3353898525238037,-0.4300170242786407,0.2707945704460144,-0.3937817215919494,0.7458948493003845,0.8287757039070129,1.0,-0.0756535083055496,-0.0217267703264951,1.0,-0.2457087188959121,-0.2933723330497741,-0.4688109159469604,0.4483430683612823,-0.0906432718038559,0.5185185074806213,-0.4805068373680115,-0.3791423141956329,1.0,0.0,0.0,1.0,0.0,0.0,1.0,0.0,0.0
20260415_114510_081622,2,4,0.797921359539032,0.2178851217031479,0.5092889550387955,-0.4032942026650582,0.5292889550387955,1.0821134623256512,6.809253990650177,0.0,0.0,0.0,0.02,0.0,0.0,artificial_grass,12345,2458047843,2,0,2,2,2,2,-0.4080720543861389,0.7274023294448853,0.4597727358341217,-0.6125026941299438,0.301213651895523,0.1200339272618293,-0.0037689819000661,0.2293064147233963,-0.042299959808588,1.0,0.3169734477996826,-0.2153996080160141,-0.2602339088916778,0.165692001581192,-0.2582845985889435,0.4025341272354126,0.2329434752464294,0.5653021335601807,1.0,0.0,0.0,1.0,0.0,0.0,1.0,0.0,0.0
20260415_114510_081622,2,5,0.7819138169288635,0.2296053767204284,0.1702967801601148,-0.2329974225049433,0.2402967801601148,0.5185787213122239,-1.172025501728058,-0.1228449738846393,0.0,0.0,0.02,0.05,0.0,artificial_grass,12345,2458047843,2,0,2,2,2,2,-0.5830813646316528,0.7199098467826843,0.7385696172714233,0.7243595719337463,-0.6644944548606873,-1.0,0.984183132648468,0.182064339518547,0.0262081455439329,0.9737918376922609,0.1043366491794586,-0.2660818696022033,0.3927875161170959,0.2037037014961242,-0.3840155899524688,0.2280701696872711,0.1539960950613021,0.0214424952864646,1.0,0.0,0.0,1.0,0.0,0.0,1.0,0.0,0.0
20260415_114510_081622,2,6,0.8327016830444336,0.188051700592041,0.6865517662532585,0.4535543437483151,0.7065517662532586,1.4277759441938542,4.155367612838745,2.0477594437579683,0.0,0.0,0.02,0.0,0.0,artificial_grass,12345,2458047843,2,0,2,2,2,2,0.0176594220101833,0.5360125303268433,0.4263085424900055,1.0,0.504274308681488,0.31561079621315,0.0613658837974071,0.1620549261569976,0.0144163630902767,0.9855836629867554,0.1221016198396682,-0.371345043182373,0.3810916244983673,0.3615984320640564,0.4005847871303558,-0.3684210479259491,-0.4970760345458984,0.5964912176132202,1.0,0.0,0.0,1.0,0.0,0.0,1.0,0.0,0.0
20260415_114510_081622,2,7,0.8321247100830078,0.1874939203262329,0.5106545973285094,0.9642089410768244,0.5306545973285094,1.0847764647905933,0.0557780265808105,2.8653462605461755,0.0,0.0,0.02,0.0,0.0,artificial_grass,12345,2458047843,2,0,2,2,2,2,0.2255032062530517,-0.4582663476467132,-0.460094153881073,-0.2063665241003036,0.9426729679107666,-0.7480530738830566,0.2189521491527557,0.2255397737026214,0.0562236197292804,0.943776309490204,0.0175130181014537,-0.0126705653965473,0.314814805984497,0.2261208593845367,0.5068225860595703,-0.1471734941005706,0.0360623784363269,0.0038986355066299,1.0,0.0,0.0,1.0,0.0,0.0,1.0,0.0,0.0
20260415_114510_081622,2,8,0.8361102938652039,0.1753087937831878,0.5278002626508057,1.4920092037276302,0.5478002626508057,1.118210512169071,1.2185126543045044,4.404521724342203,0.0,0.0,0.02,0.0,0.0,artificial_grass,12345,2458047843,2,0,2,2,2,2,-0.7248144745826721,-0.265074223279953,-0.7198373079299927,0.1326682716608047,-0.7078937292098999,0.5439251065254211,-0.7202720046043396,0.2248185127973556,0.0567848123610019,0.9432151317596436,0.0281673111021518,0.1608187109231948,-0.0867446362972259,0.1111111119389534,-0.0857699811458587,0.5847952961921692,-0.4707602262496948,0.1286549717187881,1.0,0.0,0.0,1.0,0.0,0.0,1.0,0.0,0.0
20260415_114510_081622,2,9,0.8629468679428101,0.1589338928461074,0.5943686228970686,2.086377826624699,0.6143745679763143,1.248030407553813,1.6374900937080383,6.479485512345207,5.945079245665857e-05,0.0,0.02,0.0,0.0,artificial_grass,12345,2458047843,2,0,2,2,2,2,0.2894070744514465,-0.5637806057929993,-0.9985058307647704,0.7297065258026123,-0.4701136350631714,-0.5143908262252808,0.4551074504852295,0.2298005074262619,0.069044291973114,0.930955708026886,-0.0314456038177013,-0.4025341272354126,-0.0945419073104858,0.1120857670903205,0.161793366074562,-0.1081871315836906,0.3421052694320678,-0.4493177533149719,1.0,0.0,0.0,1.0,0.0,0.0,1.0,0.0,0.0
20260415_114510_081622,2,10,0.8470664620399475,0.1516997516155243,0.5270631134955218,2.613440940120221,0.5471160699640715,1.1168763364299394,0.7234141230583191,6.514248386449495,0.0005295646854964,0.0,0.02,0.0,0.0,artificial_grass,12345,2458047843,2,0,2,2,2,2,0.9208097457885742,-0.7193414568901062,0.629271388053894,-0.489744484424591,0.7421785593032837,-0.7177475690841675,0.2497144937515258,0.2633461952209472,0.0855191200971603,0.9144808053970336,0.1471088826656341,0.1881091594696045,-0.2972709536552429,-0.1003898605704307,0.5126705765724182,-0.2202728986740112,-0.1822612136602401,0.2982456088066101,1.0,0.0,0.0,1.0,0.0,0.0,1.0,0.0,0.0
20260415_114510_081622,2,11,0.8352020978927612,0.1412191092967987,0.5182044521148782,3.1316453922350997,0.5382940052772296,1.0996733102905978,1.0480642318725586,7.095342975427869,0.0008955316235141,0.0,0.02,0.0,0.0,artificial_grass,12345,2458047843,2,0,2,2,2,2,0.012684691697359,-0.7468245029449463,-0.3312782347202301,-0.5876767635345459,-0.9402280449867249,-0.3714545965194702,-0.2585751116275787,0.2434957474470138,0.0927974134683609,0.9072025418281556,0.0788509845733642,0.5536062121391296,-0.4473684132099151,0.4005847871303558,-0.2407407462596893,0.4961013793945312,-0.4200779795646667,0.1588694006204605,1.0,0.0,0.0,1.0,0.0,0.0,1.0,0.0,0.0
20260415_114510_081622,2,12,0.8251259922981262,0.1472864747047424,0.2994259497718827,3.431071342006982,0.3195235115483872,0.6730708475193552,-0.6067365407943726,6.34063787875337,0.0009756177650447,0.0,0.02,0.0,0.0,artificial_grass,12345,2458047843,2,0,2,2,2,2,-0.5997548699378967,0.5135974287986755,-0.5839693546295166,-0.9273244142532348,0.2058285623788833,0.3840856254100799,-0.7990864515304565,0.2286652624607086,0.103342019021511,0.8966579437255859,0.0006583722424693,0.0584795325994491,-0.4113060534000397,0.3362573087215423,-0.2378167659044265,0.4259259402751922,-0.202729046344757,-0.153021439909935,1.0,0.0,0.0,1.0,0.0,0.0,1.0,0.0,0.0
20260415_114510_081622,2,13,0.860145628452301,0.1317026317119598,0.4128165145610659,3.843887856568048,0.4330252361328567,0.8943992104590706,1.5583842992782593,6.150260624421847,0.0020872157179082,0.0,0.02,0.0,0.0,artificial_grass,12345,2458047843,2,0,2,2,2,2,0.9703305959701538,0.4796091318130493,0.368823766708374,-0.7622823119163513,0.2900805473327636,-0.7628095746040344,0.7080960869789124,0.2160700857639312,0.0972376242280006,0.9027622938156128,-0.0484422221779823,-0.3664717376232147,0.3508771955966949,-0.0448343083262443,-0.3499025404453277,0.2339181303977966,0.2699805200099945,-0.4805068373680115,1.0,0.0,0.0,1.0,0.0,0.0,1.0,0.0,0.0
20260415_114510_081622,2,14,0.8199379444122314,0.1106453835964202,0.5681547982209145,4.412042654788962,0.5883233901193858,1.1972306107328023,2.105724811553955,6.229280722985578,0.001685918984713,0.0,0.02,0.0,0.0,artificial_grass,12345,2458047843,2,0,2,2,2,2,-0.8265393376350403,-0.0168156716972589,0.7596407532691956,-0.3417961597442627,0.4939667582511902,-0.4979833960533142,-0.0639012232422828,0.2598446905612945,0.1129165738821029,0.8870834112167358,0.1688102930784225,0.5935672521591187,0.2855750620365143,0.2300194948911667,-0.4005847871303558,0.2407407462596893,-0.2846003770828247,0.4541910290718078,1.0,0.0,0.0,1.0,0.0,0.0,1.0,0.0,0.0
20260415_114510_081622,2,15,0.8854641318321228,0.120138794183731,0.2927276012223561,4.704770256011319,0.3131218940342673,0.6605876933668213,-0.9493410587310792,5.641838008798587,0.0039429281191117,0.0,0.02,0.0,0.0,artificial_grass,12345,2458047843,2,0,2,2,2,2,0.7636650800704956,-0.9354756474494934,-0.2108017951250076,0.3718126118183136,-0.6753904223442078,0.2876088321208954,0.5398847460746765,0.2095851004123687,0.1341023296117782,0.8658975958824158,-0.0323240160942077,-0.4902534186840057,0.0185185186564922,0.4883041083812713,-0.1998050659894943,0.3099415302276611,-0.2884990274906158,-0.0428849905729293,1.0,0.0,0.0,1.0,0.0,0.0,1.0,0.0,0.0
20260415_114510_081622,2,16,0.846571147441864,0.1131206676363945,0.297995834961668,5.002766090972987,0.3184071454915595,0.6708939337085411,0.7018126547336578,5.195855606077188,0.0041131052989151,0.0,0.02,0.0,0.0,artificial_grass,12345,2458047843,2,0,2,2,2,2,-0.2879284620285034,-0.1649690568447113,-0.4817274808883667,0.7647894620895386,0.9499719142913818,-0.949042558670044,0.2469688951969146,0.291492760181427,0.1245509758591651,0.8754489421844482,0.1744851171970367,0.4766081869602203,-0.511695921421051,0.343079924583435,0.2943469882011413,-0.3469785451889038,0.1793372333049774,0.3089668750762939,1.0,0.0,0.0,1.0,0.0,0.0,1.0,0.0,0.0
20260415_114510_081622,2,17,0.8709021210670471,0.0639887973666191,0.8417358931584924,5.84450198413148,0.8622908753978396,1.731467207025787,4.913187026977539,5.827649502812378,0.005549822393471,0.0,0.02,0.0,0.0,artificial_grass,12345,2458047843,2,0,2,2,2,2,0.1670311540365219,0.809775173664093,0.4033948481082916,-0.4403651356697082,0.2540806531906128,0.096182957291603,-0.0913159623742103,0.2428765296936035,0.1316119283437729,0.8683879971504211,0.0218779686838388,-0.1539960950613021,-0.0584795325994491,-0.2534112930297851,0.4444444477558136,0.5302144289016724,-0.5419103503227234,0.153021439909935,1.0,0.0,0.0,1.0,0.0,0.0,1.0,0.0,0.0
20260415_114510_081622,2,18,0.9366831183433532,0.0925491079688072,0.2529929362664906,6.0974949203979705,0.2741500719049423,0.5845926402146375,-2.856031060218811,5.73917129550766,0.0115713563845164,0.0,0.02,0.0,0.0,artificial_grass,12345,2458047843,2,0,2,2,2,2,-0.6292804479598999,-0.0555403940379619,-0.2857026755809784,0.014881519600749,1.0,0.2960394322872162,0.3844305872917175,0.2732902467250824,0.1810436397790908,0.8189563155174255,0.0646643191576004,0.0964912250638008,0.4951266944408417,0.2446393817663192,-0.2602339088916778,0.1871345043182373,0.080896683037281,-0.0506822615861892,1.0,0.0,0.0,1.0,0.0,0.0,1.0,0.0,0.0
20260415_114510_081622,2,19,0.9157177209854126,0.0853486061096191,0.2699710900880879,6.3674660104860585,0.2915164239182993,0.6184570266406837,0.720050185918808,5.463229111689273,0.0154533383021132,0.0,0.02,0.0,0.0,artificial_grass,12345,2458047843,2,0,2,2,2,2,0.4876449406147003,0.846338152885437,-0.5206418633460999,0.05050490796566,-0.2590068280696869,0.729111909866333,-0.3887538611888885,0.3555165231227875,0.1523090451955795,0.8476909399032593,0.1753927022218704,-0.3576998114585876,0.359649121761322,-0.0711500942707061,0.0116959065198898,0.5438596606254578,0.0984405428171157,0.1988304108381271,1.0,0.0,0.0,1.0,0.0,0.0,1.0,0.0,0.0
20260415_114510_081622,2,20,0.9639132618904114,0.1281862109899521,-0.3082994190815728,6.059166591404486,-0.2856909497578572,-0.6070973520278216,-4.283760488033295,3.658901148928649,0.024150439423551,0.0038685076272106,0.02,0.0,0.0,artificial_grass,12345,2458047843,2,0,2,2,2,2,-0.1790742874145507,-0.7239869236946106,-0.1679388284683227,-0.6998447775840759,0.0218537859618663,0.8780688643455505,0.6554203033447266,0.3293097615242004,0.1595534831285476,0.8404464721679688,0.0867126509547233,0.2865497171878814,0.5126705765724182,-0.2787524461746216,0.0857699811458587,-0.0350877195596694,0.4678362607955932,-0.2300194948911667,1.0,0.0,0.0,1.0,0.0,0.0,1.0,0.0,0.0
20260415_114510_081622,2,21,0.9351252317428588,0.0877383202314376,0.2353239207504673,6.294490512154953,0.25942269484205,0.5558742549419975,4.04478907585144,3.5541877105038253,0.0281069556915667,0.0257615704485194,0.02,0.0,0.0,artificial_grass,12345,2458047843,2,0,2,2,2,2,-0.7251920700073242,-0.0463353209197521,0.8021324276924133,-0.6844727993011475,-0.2909360527992248,-0.9295026659965516,0.1920048594474792,0.3895542025566101,0.1164544522762298,0.883545458316803,0.3040991127490997,-0.0614035092294216,0.3245614171028137,-0.0077972710132598,-0.1890838146209716,0.0516569204628467,0.4970760345458984,0.3654970824718475,1.0,0.0,0.0,1.0,0.0,0.0,1.0,0.0,0.0
20260415_114510_081622,2,22,0.946540117263794,0.1080620735883712,-0.0476309062076669,6.246859605947286,-0.0211221244701697,-0.091188142716831,-2.03237533569336,2.792105634078453,0.0328432306473691,0.0644891734552042,0.02,0.0,0.0,artificial_grass,12345,2458047843,2,0,2,2,2,2,0.0861609801650047,-0.5724557638168335,0.6608288884162903,-0.7083208560943604,-0.4915543794631958,0.4792057573795318,0.7522154450416565,0.3535691201686859,0.1571491807699203,0.8428508043289185,0.217629536986351,-0.4356725215911865,-0.0029239766299724,0.5292397737503052,-0.3255360722541809,0.0292397662997245,0.3528265058994293,0.165692001581192,1.0,0.0,0.0,1.0,0.0,0.0,1.0,0.0,0.0
20260415_114510_081622,2,23,0.8443061709403992,0.020389262586832,0.9776773147870574,7.224536920734343,1.0,2.123429168000854,8.767281100153923,3.18406759505352,0.0231307771325829,0.0001921499936849,0.02,0.0,0.0,artificial_grass,12345,2458047843,2,0,2,2,2,2,0.0113972518593072,0.1606335043907165,0.5828620195388794,0.3361656367778778,-0.7437807321548462,-0.8876103758811951,-0.4794109761714935,0.3678378164768219,0.1367013901472091,0.8632985353469849,0.2944675385951996,0.068226121366024,-0.2426900565624237,0.5341130495071411,-0.3245614171028137,0.0243664719164371,0.3128654956817627,0.4346978664398193,1.0,0.0,0.0,1.0,0.0,0.0,1.0,0.0,0.0
20260415_114510_081622,2,24,0.8597267866134644,0.0015475689433515,0.9781459134855996,8.202682834219942,1.0,2.063614217087647,1.884169364348054,4.663089171926529,0.0185408651440046,0.0,0.02,0.0,0.0,artificial_grass,12345,2458047843,2,0,2,2,2,2,0.6611872911453247,1.0,-0.5970559120178223,-0.5759117007255554,-0.284688651561737,-0.3199065923690796,0.2521707117557525,0.240045353770256,0.224909245967865,0.7750906944274902,-0.0270462930202484,-0.0097465887665748,0.0614035092294216,0.3450292348861694,0.2436647117137909,-0.3352826535701751,0.2329434752464294,-0.2573099434375763,1.0,0.0,0.0,1.0,0.0,0.0,1.0,0.0,0.0
20260415_114510_081622,2,25,0.8423439860343933,-0.004864590242505,0.8288824305880931,9.031565264808036,0.8502639192113642,1.7080146424621605,0.6412159185856581,5.752646787748006,0.0138148862327116,0.0,0.02,0.0,0.0,artificial_grass,12345,2458047843,2,0,2,2,2,2,-0.7166708707809448,0.1864355206489563,0.3485199213027954,-0.1781573444604873,-0.5778003334999084,0.2719651758670807,-0.2464614808559417,0.2593211233615875,0.2438659369945526,0.756134033203125,0.0832300260663032,0.3674463927745819,0.5769980549812317,-0.3216374218463897,0.1306042820215225,-0.0740740746259689,-0.0623781681060791,0.1773879081010818,1.0,0.0,0.0,1.0,0.0,0.0,1.0,0.0,0.0
20260415_114510_081622,2,26,0.8142580389976501,0.0061768712475895,0.4688699799239463,9.500435244731982,0.4897304844073022,1.0049744445942397,-1.1041461490094662,7.364718584370067,0.0086050448335597,0.0,0.02,0.0,0.0,artificial_grass,12345,2458047843,2,0,2,2,2,2,-0.3956004083156585,-0.5759979486465454,-0.5771592855453491,0.72093665599823,-0.6771491169929504,-0.786276638507843,-0.7209880948066711,0.2375926077365875,0.2503172159194946,0.7496827244758606,-0.0081857107579708,-0.3996101319789886,0.1803118884563446,0.2816764116287231,-0.032163742929697,-0.2329434752464294,0.2144249528646469,-0.1257309913635254,1.0,0.0,0.0,1.0,0.0,0.0,1.0,0.0,0.0
20260415_114510_081622,2,27,0.8817542195320129,-0.0081492951139807,0.5235535357883332,10.023988780520314,0.5445564064025362,1.1118849924849457,1.4326166361570358,7.920729321913015,0.0100287061420301,0.0,0.02,0.0,0.0,artificial_grass,12345,2458047843,2,0,2,2,2,2,-0.628594160079956,1.0,0.521463930606842,0.0933897346258163,0.9464792013168336,0.7666499614715576,-0.3703586459159851,0.2024851739406585,0.2392083704471588,0.760791540145874,-0.1298134922981262,-0.219298243522644,-0.1101364493370056,0.0526315793395042,0.5253411531448364,-0.3323586881160736,0.0458089672029018,-0.3908382058143616,1.0,0.0,0.0,1.0,0.0,0.0,1.0,0.0,0.0
20260415_114510_081622,2,28,1.0220292806625366,0.0973852202296257,-0.922265694064604,9.10172308645571,-0.8997175072956148,-1.804449139226449,-10.553451534360647,6.207468325403397,0.0254818676898901,0.0,0.02,0.0,0.0,artificial_grass,12345,2458047843,2,0,2,2,2,2,-0.8675077557563782,0.2814658582210541,0.8132513761520386,-0.3379644453525543,0.8035786747932434,0.8525569438934326,1.0,0.286855399608612,0.2536219656467438,0.7463780045509338,-0.0301696937531232,-0.4083820581436157,0.4093567132949829,0.2309941500425338,-0.0380116961896419,0.3723196983337402,0.3440545797348022,-0.2592592537403106,1.0,0.0,0.0,1.0,0.0,0.0,1.0,0.0,0.0
20260415_114510_081622,2,29,0.8902286291122437,0.021888218820095,0.2258924940623215,9.327615580518032,0.248250349137656,0.5340881808184292,7.549700140953064,4.618127338220972,0.0235785507533453,0.0,0.02,0.0,0.0,artificial_grass,12345,2458047843,2,0,2,2,2,2,-0.5631747245788574,0.891098141670227,0.7124500870704651,-0.2249085158109665,0.9822736978530884,-0.6561394929885864,-0.6748365163803101,0.4621992111206054,0.147443413734436,0.852556586265564,0.3557531237602234,-0.511695921421051,0.1647173464298248,0.471734881401062,-0.2378167659044265,0.3830409348011017,0.3460038900375366,0.5662767887115479,1.0,0.0,0.0,1.0,0.0,0.0,1.0,0.0,0.0
20260415_114510_081622,2,30,0.9715076088905334,-0.0203834474086761,0.6984727129824746,10.026088293500507,0.7217219442733821,1.457357791333095,4.227166622877121,4.011870912466421,0.032492312909075,0.0,0.02,0.0,0.0,artificial_grass,12345,2458047843,2,0,2,2,2,2,-0.5425712466239929,0.2415622919797897,-0.0545802488923072,-0.8662636280059814,-0.6522397398948669,-0.1652926802635193,0.3359175622463226,0.297448456287384,0.2234011441469192,0.7765988111495972,-0.1678901463747024,-0.3567251563072204,0.4931773841381073,0.3703703582286834,-0.1413255333900451,0.5994151830673218,-0.3450292348861694,-0.3888888955116272,1.0,0.0,0.0,1.0,0.0,0.0,1.0,0.0,0.0
20260415_114510_081622,2,31,0.9417676329612732,-0.0114226695150136,0.3964331846311828,10.42252147813169,0.4199994339273128,0.86899889615826,-0.8960777893662453,3.1728551661625204,0.0356624929612994,0.0,0.02,0.0,0.0,artificial_grass,12345,2458047843,2,0,2,2,2,2,-0.3451054096221924,-0.1922374665737152,0.7248068451881409,0.3850502967834472,-0.451727420091629,0.9196010828018188,-0.5761489868164062,0.3990471959114074,0.2659308016300201,0.7340691685676575,0.1318154484033584,-0.317738801240921,0.331384003162384,0.2553606331348419,-0.2855750620365143,0.2670565247535705,-0.0799220278859138,0.2124756276607513,1.0,0.0,0.0,1.0,0.0,0.0,1.0,0.0,0.0
20260415_114510_081622,2,32,0.9829449653625488,-0.0324839800596237,0.5541487748617697,10.97667025299346,0.5786061208892047,1.1782819357339491,2.1061310544610023,3.34616265730223,0.0445734602743493,0.0,0.02,0.0,0.0,artificial_grass,12345,2458047843,2,0,2,2,2,2,0.951346755027771,-0.5027061104774475,0.242491528391838,-0.3831565678119659,1.0,0.1889286041259765,0.1187243908643722,0.3618721961975097,0.2569153308868408,0.7430846691131592,-0.017777182161808,-0.2007797211408615,-0.0847953185439109,0.4688109159469604,0.2504873275756836,-0.2855750620365143,0.5341130495071411,-0.3567251563072204,1.0,0.0,0.0,1.0,0.0,0.0,1.0,0.0,0.0
20260415_114510_081622,2,33,0.9813742637634276,-0.0333219692111015,0.4131244602836855,11.389794713277144,0.4382877849166209,0.9046611805874109,0.0837989151477813,3.138938845404695,0.0516332463293533,0.0,0.02,0.0,0.0,artificial_grass,12345,2458047843,2,0,2,2,2,2,-0.6914881467819214,-0.0624387264251709,-0.2226828038692474,-0.010118787176907,-0.0361792854964733,0.5978913307189941,-0.3068152070045471,0.4133438169956207,0.2781051695346832,0.7218948006629944,0.106921263039112,0.5945419073104858,-0.2602339088916778,0.2690058350563049,-0.223196879029274,0.5867446660995483,0.0799220278859138,0.0584795325994491,1.0,0.0,0.0,1.0,0.0,0.0,1.0,0.0,0.0
20260415_114510_081622,2,34,0.9104845523834229,-0.0778416842222213,0.868574929753788,12.258369643030932,0.8930711593428464,1.7914887607185506,4.451971501111984,6.734876745349695,0.0449622958905834,0.0,0.02,0.0,0.0,artificial_grass,12345,2458047843,2,0,2,2,2,2,0.3283057808876037,1.0,0.7571008801460266,0.4030960500240326,-0.5893058776855469,-0.457701563835144,-0.3048970699310303,0.4113804697990417,0.2789482772350311,0.7210516929626465,0.0832861140370369,-0.3732943534851074,0.032163742929697,0.0263157896697521,0.0711500942707061,0.0672514587640762,0.376218318939209,-0.1910331398248672,1.0,0.0,0.0,1.0,0.0,0.0,1.0,0.0,0.0
20260415_114510_081622,2,35,0.8533316254615784,-0.0545408129692077,0.3414716445147829,12.599841287545717,0.3646639944684988,0.7610947892135727,-2.330087125301361,6.961883353744838,0.0319234995371584,0.0,0.02,0.0,0.0,artificial_grass,12345,2458047843,2,0,2,2,2,2,0.028627960011363,0.8355832695960999,-0.950072467327118,-0.4079182744026184,-0.2168514132499694,-1.0,-0.915721833705902,0.3227683007717132,0.3237396776676178,0.6762603521347046,-0.047529324889183,0.1803118884563446,0.5185185074806213,0.3645224273204803,0.2699805200099945,-0.2777777910232544,0.0750487297773361,-0.1744639426469802,1.0,0.0,0.0,1.0,0.0,0.0,1.0,0.0,0.0
20260415_114510_081622,2,36,0.8984947204589844,-0.0815568938851356,0.5905232010907489,13.190364488636463,0.613447751183781,1.2462231148083731,2.7016080915927887,6.750748677220116,0.0292455009303214,0.0,0.02,0.0,0.0,artificial_grass,12345,2458047843,2,0,2,2,2,2,-0.2856321930885315,1.0,0.0541806630790233,0.1193423122167587,0.2222687900066375,0.3754504323005676,-0.4718696475028991,0.2513271272182464,0.3002966046333313,0.6997033953666687,-0.219425618648529,0.0448343083262443,0.5682260990142822,0.2270955145359039,0.1578947305679321,-0.0458089672029018,-0.1101364493370056,-0.4970760345458984,1.0,0.0,0.0,1.0,0.0,0.0,1.0,0.0,0.0
20260415_114510_081622,2,37,0.904728889465332,-0.089346706867218,0.5307337260673792,13.721098214703844,0.5535449541837673,1.129412660658346,0.7789812982082367,7.011162441720202,0.0281122811638798,0.0,0.02,0.0,0.0,artificial_grass,12345,2458047843,2,0,2,2,2,2,0.2400532364845276,-0.8242379426956177,-0.4272195398807525,-0.6783883571624756,0.0049503184854984,0.1813128143548965,-0.3809907138347626,0.3077810406684875,0.3274775445461273,0.6725224256515503,-0.1090409755706787,-0.1481481492519378,0.6588693857192993,0.1851851791143417,0.0994152054190635,0.1120857670903205,0.1744639426469802,-0.3206627666950226,1.0,0.0,0.0,1.0,0.0,0.0,1.0,0.0,0.0
20260415_114510_081622,2,38,1.0359725952148438,-0.0500359535217285,-0.068603396587231,13.652494818116612,-0.0439535067402487,-0.135709338143485,-3.93107533454895,5.697171167842768,0.0464988984698225,0.0,0.02,0.0,0.0,artificial_grass,12345,2458047843,2,0,2,2,2,2,-0.729812741279602,0.6212918162345886,-0.6414519548416138,-0.8791478872299194,0.7999209761619568,0.9196361899375916,0.0599763356149196,0.3155736923217773,0.3353148996829986,0.664685070514679,-0.0899329781532287,0.1598440557718277,0.5555555820465088,0.1871345043182373,-0.0068226121366024,0.0799220278859138,0.1091617941856384,-0.2573099434375763,1.0,0.0,0.0,1.0,0.0,0.0,1.0,0.0,0.0
20260415_114510_081622,2,39,1.0042688846588137,-0.1027364730834961,0.572078618805674,14.224573436922288,0.5978107617623483,1.2157309854365792,5.270051956176758,6.008240972691937,0.057321429566742,0.0,0.02,0.0,0.0,artificial_grass,12345,2458047843,2,0,2,2,2,2,-0.3428425788879394,-0.746242105960846,-0.9552282691001892,0.1841005831956863,0.1578809171915054,-0.8116235733032227,0.2982726991176605,0.4796283841133117,0.2957642376422882,0.7042357325553894,0.1445753574371338,-0.3986354768276214,0.5555555820465088,0.1861598491668701,-0.4863547682762146,0.4785574972629547,0.4668616056442261,-0.0116959065198898,1.0,0.0,0.0,1.0,0.0,0.0,1.0,0.0,0.0
20260415_114510_081622,2,40,0.9950543642044068,-0.1070029288530349,0.4702089839984106,14.6947824209207,0.4966459658030325,1.0184596333159135,0.4266455769538879,5.2352118452893,0.0643698180462194,0.0,0.02,0.0,0.0,artificial_grass,12345,2458047843,2,0,2,2,2,2,-0.7638697624206543,0.99587881565094,-0.3354819416999817,-1.0,-0.6715251803398132,-0.8612585067749023,0.1824959963560104,0.4399987161159515,0.3487863838672638,0.651213526725769,0.1472417414188385,-0.1968810856342315,0.404483437538147,-0.0653021410107612,0.1734892725944519,0.1559454202651977,-0.0916179344058036,0.2007797211408615,1.0,0.0,0.0,1.0,0.0,0.0,1.0,0.0,0.0
20260415_114510_081622,2,41,0.992257595062256,-0.0979717075824737,0.223353678507962,14.91813609942866,0.2502893298578943,0.538064193222894,-0.9031221270561218,5.012181249298621,0.0693565134993237,0.0,0.02,0.0,0.0,artificial_grass,12345,2458047843,2,0,2,2,2,2,-0.4866403937339782,0.1663979291915893,0.9956310391426086,-0.7439931035041809,0.8946619033813477,-0.9392170310020448,0.6082423329353333,0.4284806251525879,0.3530788421630859,0.6469210386276245,0.1266407221555709,-0.4649122953414917,0.607212483882904,-0.1442495137453079,0.1647173464298248,0.1559454202651977,-0.0916179344058036,0.1647173464298248,1.0,0.0,0.0,1.0,0.0,0.0,1.0,0.0,0.0
20260415_114510_081622,2,42,0.9850333333015442,-0.1223708838224411,0.4669444295439885,15.385080528972647,0.494116692777623,1.0135275509163648,2.4399176239967346,4.779485685406613,0.0717226323363448,0.0,0.02,0.0,0.0,artificial_grass,12345,2458047843,2,0,2,2,2,2,0.0116792907938361,0.1957377195358276,-0.47591033577919,0.4775702953338623,-0.3015774190425873,-0.5516204833984375,0.5410627722740173,0.4249846339225769,0.343992531299591,0.6560074090957642,0.1478196084499359,-0.2846003770828247,0.1257309913635254,0.3840155899524688,-0.3382066190242767,0.6150097250938416,-0.446393758058548,0.3810916244983673,1.0,0.0,0.0,1.0,0.0,0.0,1.0,0.0,0.0
20260415_114510_081622,2,43,0.9621810913085938,-0.1561081409454345,0.7698227969538316,16.15490332592648,0.7967062006472287,1.603577091262096,3.373725712299347,5.253650116010363,0.0688340369339709,0.0,0.02,0.0,0.0,artificial_grass,12345,2458047843,2,0,2,2,2,2,-0.2514163851737976,0.9197560548782348,0.0088110314682126,-0.3011749684810638,-0.5532541275024414,0.2958495616912842,-0.0130835250020027,0.4159542918205261,0.3685406148433685,0.6314593553543091,0.1244137659668922,-0.0048732943832874,0.1013645231723785,0.3021442592144012,0.3508771955966949,-0.0545808970928192,-0.3167641460895538,0.3469785451889038,1.0,0.0,0.0,1.0,0.0,0.0,1.0,0.0,0.0
20260415_114510_081622,2,44,0.8457807898521423,-0.1060001924633979,-0.0245666646127554,16.130336661313724,-8.150566327748445e-06,-0.0500158936043391,-5.010794848203659,5.3393435605495085,0.0455851404642772,0.0,0.02,0.0,0.0,artificial_grass,12345,2458047843,2,0,2,2,2,2,-0.3710756003856659,-0.8842395544052124,0.6161230206489563,-0.9386921525001526,0.4684471487998962,-0.6955068111419678,-0.9870393872261048,0.3873890042304992,0.4024837613105774,0.5975161790847778,0.051458615809679,-0.1705653071403503,0.511695921421051,0.3693957030773163,-0.0487329438328743,-0.2573099434375763,0.2300194948911667,0.0029239766299724,1.0,0.0,0.0,1.0,0.0,0.0,1.0,0.0,0.0
20260415_114510_081622,2,45,0.8438916802406311,-0.1212600544095039,0.1276588724277475,16.25799553374147,0.1507613479227719,0.3439846284494052,1.5259861946105957,4.467597203562335,0.031024754950244,0.0,0.02,0.0,0.0,artificial_grass,12345,2458047843,2,0,2,2,2,2,0.1853313595056533,0.8882060050964355,0.6865321397781372,0.2033350765705108,-0.0813375040888786,-0.2916461527347564,-0.781618595123291,0.2418886125087738,0.35207000374794,0.6479299068450928,-0.2823327779769897,-0.1783625781536102,-0.272904485464096,0.9005848169326782,-0.441520482301712,0.359649121761322,-0.2134502977132797,-0.5604288578033447,1.0,0.0,0.0,1.0,0.0,0.0,1.0,0.0,0.0
20260415_114510_081622,2,46,0.8339529037475586,-0.1007105931639671,-0.1275937747284321,16.13040175901304,-0.1055118255391676,-0.2557480598013768,-2.0549461245536804,3.1933895104450443,0.0208194918926449,0.0,0.02,0.0,0.0,artificial_grass,12345,2458047843,2,0,2,2,2,2,-0.5968406200408936,0.5239888429641724,-0.7705139517784119,-0.0140205975621938,0.7468067407608032,-0.6698814034461975,-0.8356191515922546,0.2395272254943847,0.3674229979515075,0.6325769424438477,-0.2865349054336548,0.0886939540505409,0.4619883000850677,0.5916179418563843,0.1247563362121582,-0.0467836260795593,-0.1686159819364547,-0.4824561476707458,1.0,0.0,0.0,1.0,0.0,0.0,1.0,0.0,0.0
20260415_114510_081622,2,47,0.9187411069869996,-0.1717788279056549,0.7647842275004777,16.895185986513518,0.787125550610854,1.5848948236911653,7.1068234741687775,4.240220140913316,0.0234132311037627,0.0,0.02,0.0,0.0,artificial_grass,12345,2458047843,2,0,2,2,2,2,-0.8319780826568604,-0.7127631306648254,-0.8171839118003845,-0.2126960307359695,-0.1335088610649109,-0.631183922290802,0.7359616756439209,0.2271037995815277,0.3467481434345245,0.6532518267631531,-0.3111847937107086,-0.3645224273204803,0.3557505011558532,0.6900584697723389,-0.032163742929697,0.4093567132949829,-0.401559442281723,-0.4902534186840057,1.0,0.0,0.0,1.0,0.0,0.0,1.0,0.0,0.0
20260415_114510_081622,2,48,0.9050136804580688,-0.1748788356781005,0.6012974502294551,17.496483436742974,0.6236775959382124,1.2661713120795142,0.3100007772445678,4.492863902076465,0.023801457087572,0.0,0.02,0.0,0.0,artificial_grass,12345,2458047843,2,0,2,2,2,2,0.8398635983467102,-0.1648256033658981,0.659479558467865,0.1515603065490722,1.0,1.0,-0.4941182732582092,0.3330889642238617,0.4182500839233398,0.5817498564720154,0.0371638610959053,-1.0,-1.0,-1.0,-1.0,-1.0,-1.0,-1.0,1.0,0.0,0.0,1.0,0.0,0.0,1.0,0.0,0.0
20260415_114510_081622,2,49,0.8856033682823181,-0.1751446276903152,0.442572251129752,17.939055687872727,0.4647555304435917,0.956273284365004,0.026579201221466,3.8455600951793727,0.0218327931383965,0.0,0.02,0.0,0.0,artificial_grass,12345,2458047843,2,0,2,2,2,2,-0.0650592744350433,-0.9280266165733336,-0.9936266541481018,-0.0590940192341804,-1.0,-0.3994080126285553,-0.5542705059051514,0.3159297108650207,0.4213690161705017,0.5786309242248535,-0.1531577408313751,0.5077972412109375,-0.1140350848436355,0.9990253448486328,0.0263157896697521,0.2914229929447174,0.0877192988991737,-0.3323586881160736,1.0,0.0,0.0,1.0,0.0,0.0,1.0,0.0,0.0
20260415_114510_081622,2,50,0.99966299533844,-0.1813295930624008,0.3979636420490967,18.337019329921823,0.4214508192696874,0.8718290975758904,0.6184965372085571,4.767405086359602,0.0348717722059067,0.0,0.02,0.0,0.0,artificial_grass,12345,2458047843,2,0,2,2,2,2,0.5931194424629211,-0.2877499461174011,0.507315993309021,-0.6400322318077087,0.9419766664505004,0.0350381545722484,0.6496988534927368,0.2916668057441711,0.4216364026069641,0.5783635377883911,-0.1715363562107086,-1.0,-1.0,-1.0,-1.0,-1.0,-1.0,-1.0,1.0,0.0,0.0,1.0,0.0,0.0,1.0,0.0,0.0
20260415_114510_081622,2,51,0.8913021087646484,-0.1794754266738891,0.2628685132014809,18.599887843123305,0.2859064940867342,0.6075176634691317,-0.1854166388511657,5.030938121379329,0.0303798088525325,0.0,0.02,0.0,0.0,artificial_grass,12345,2458047843,2,0,2,2,2,2,-0.2870618104934692,0.8338594436645508,-0.5743898749351501,-0.0177073776721954,-0.5154417753219604,-0.0796080008149147,-0.917042315006256,0.434241384267807,0.4278591573238373,0.5721408724784851,0.1225436851382255,-1.0,-1.0,-1.0,-1.0,-1.0,-1.0,-1.0,1.0,0.0,0.0,1.0,0.0,0.0,1.0,0.0,0.0
20260415_114510_081622,2,52,1.038288712501526,-0.2189876139163971,0.68967989222247,19.289567735345774,0.7145861172638694,1.4434429286645454,3.9512187242507935,6.730129109845251,0.0490622504139942,0.0,0.02,0.0,0.0,artificial_grass,12345,2458047843,2,0,2,2,2,2,0.4248290061950683,0.0207450091838836,0.7890008091926575,0.8155307173728943,0.6675500273704529,-0.0385446324944496,0.464598000049591,0.2987902760505676,0.4259936809539795,0.5740063190460205,-0.2621792256832123,-0.1929824501276016,0.4678362607955932,0.859649121761322,0.032163742929697,-0.2085769921541214,-0.0087719298899173,-0.5321637392044067,1.0,0.0,0.0,1.0,0.0,0.0,1.0,0.0,0.0
20260415_114510_081622,2,53,0.9902400970458984,-0.2183456420898437,0.4956144551946745,19.785182190540446,0.5212989235049096,1.0665329008345736,-0.0641971826553344,6.211767186988659,0.05684468310235,0.0,0.02,0.0,0.0,artificial_grass,12345,2458047843,2,0,2,2,2,2,0.0262278299778699,-0.5697376728057861,-0.7909795045852661,-0.7160758972167969,-0.2227283716201782,-0.292706549167633,-0.4895991683006286,0.4825235307216644,0.4657469689846039,0.5342530012130737,0.0558687634766101,0.2738791406154632,0.0311890840530395,0.864522397518158,0.3499025404453277,0.0487329438328743,-0.0964912250638008,0.2543859779834747,1.0,0.0,0.0,1.0,0.0,0.0,1.0,0.0,0.0
20260415_114510_081622,2,54,1.0591219663619995,-0.2175105065107345,0.3461506062706234,20.13133279681107,0.3738570698195899,0.7790212861482004,-0.0835135579109191,5.7246171610573455,0.0770646354896648,0.0,0.02,0.0,0.0,artificial_grass,12345,2458047843,2,0,2,2,2,2,0.7779502868652344,-0.5965474843978882,0.6895027160644531,-0.2718115150928497,-0.0575473792850971,0.8923467993736267,0.1290804594755172,0.4224627614021301,0.4651010930538177,0.5348988771438599,-0.1159618347883224,-1.0,-1.0,-1.0,-1.0,-1.0,-1.0,-1.0,1.0,0.0,0.0,1.0,0.0,0.0,1.0,0.0,0.0
20260415_114510_081622,2,55,1.0659440755844116,-0.217030644416809,0.2382441973701891,20.36957699418126,0.2678304678271854,0.5722694122630116,-0.0479862093925476,5.340613288955353,0.0958627045699632,0.0,0.02,0.0,0.0,artificial_grass,12345,2458047843,2,0,2,2,2,2,1.0,0.669024646282196,-0.6743800044059753,-0.8454635143280029,0.3839140832424164,0.7489091157913208,0.178892508149147,0.5085650682449341,0.464260846376419,0.5357390642166138,0.0898180231451988,-1.0,-1.0,-1.0,-1.0,-1.0,-1.0,-1.0,1.0,0.0,0.0,1.0,0.0,0.0,1.0,0.0,0.0
20260415_114510_081622,2,56,1.0540577173233032,-0.2196840047836303,0.1976523657796181,20.56722935996088,0.2284800350604056,0.4955360683677909,0.2653360366821289,4.964320259747254,0.1082766928078755,0.0,0.02,0.0,0.0,artificial_grass,12345,2458047843,2,0,2,2,2,2,0.8688164353370667,-0.7812754511833191,0.8751838207244873,-0.7233940958976746,0.7351663112640381,0.8909169435501099,-0.2408991456031799,0.5170927047729492,0.4637780487537384,0.5362219214439392,0.1117597967386245,0.5964912176132202,0.3742690086364746,0.9853801131248474,-0.538986325263977,0.2280701696872711,0.4220272898674011,0.0847953185439109,1.0,0.0,0.0,1.0,0.0,0.0,1.0,0.0,0.0
20260415_114510_081622,2,57,1.0795120000839231,-0.2262989431619644,0.2172659430003885,20.784495302961265,0.2497566721713826,0.5370255107341961,0.6614938378334045,4.893828107012318,0.1249072917099409,0.0,0.02,0.0,0.0,artificial_grass,12345,2458047843,2,0,2,2,2,2,0.3464405238628387,0.8106608390808105,0.2721437215805053,-0.5269549489021301,0.4515376687049866,0.1434058248996734,0.4269411265850067,0.5022347569465637,0.4664476215839386,0.533552348613739,0.039685521274805,-1.0,-1.0,-1.0,-1.0,-1.0,-1.0,-1.0,1.0,0.0,0.0,1.0,0.0,0.0,1.0,0.0,0.0
20260415_114510_081622,2,58,0.9094485640525818,-0.1882553696632385,-0.2849301336044471,20.499565169356817,-0.2555488227782052,-0.5483202044175002,-3.804357349872589,2.9020649739302726,0.0938131082624182,0.0,0.02,0.0,0.0,artificial_grass,12345,2458047843,2,0,2,2,2,2,0.7817783355712891,0.9964677691459656,-0.968700110912323,0.847893476486206,-0.6139949560165405,-0.4512383341789245,-1.0,0.5340526700019836,0.4731029272079468,0.5268970727920532,0.1723060011863708,0.1910331398248672,0.4385964870452881,0.8957114815711975,-0.359649121761322,0.2846003770828247,0.0935672521591186,0.2680311799049377,1.0,0.0,0.0,1.0,0.0,0.0,1.0,0.0,0.0
20260415_114510_081622,2,59,0.9304441213607788,-0.2300194501876831,0.2711185964803923,20.77068376583721,0.2989035178451236,0.6328618597979911,4.176408052444458,2.46839393289369,0.0778492136473127,0.0,0.02,0.0,0.0,artificial_grass,12345,2458047843,2,0,2,2,2,2,0.4295170605182647,-0.3955871760845184,0.7084088325500488,0.5897627472877502,-0.4840041697025299,-0.1892580389976501,-0.5563963055610657,0.3214733004570007,0.4348271489143371,0.5651727914810181,-0.336126446723938,0.4697855710983276,0.5847952961921692,0.5516569018363953,0.5214424729347229,-0.3196881115436554,-0.2115009725093841,-0.5984405279159546,1.0,0.0,0.0,1.0,0.0,0.0,1.0,0.0,0.0
20260415_114510_081622,2,60,0.9844350814819336,-0.2795698642730713,0.8252268794230426,21.59591064526025,0.8530291010170237,1.7134067469831962,4.955041408538818,3.402779393728686,0.0780222159398098,0.0,0.02,0.0,0.0,artificial_grass,12345,2458047843,2,0,2,2,2,2,0.1485074162483215,-0.1924948245286941,-1.0,-0.8384783267974854,-0.2419886142015457,-0.6290290355682373,0.5641433000564575,0.3477177619934082,0.4768461287021637,0.5231538414955139,-0.2512083351612091,0.3031189143657684,-0.1520467847585678,0.9629629850387572,0.384990245103836,-0.2884990274906158,-0.1403508782386779,-0.3586744666099548,1.0,0.0,0.0,1.0,0.0,0.0,1.0,0.0,0.0
20260415_114510_081622,2,61,1.0087305307388306,-0.3022823333740234,0.8962006708822633,22.492111316142516,0.9245470706467696,1.8528667877612008,2.271246910095215,4.683376769226875,0.083463997645063,0.0,0.02,0.0,0.0,artificial_grass,12345,2458047843,2,0,2,2,2,2,0.5045670866966248,1.0,-0.9694411754608154,-0.8877679705619812,0.0688600465655326,0.1040816009044647,0.350057452917099,0.4152065217494964,0.5266989469528198,0.4733010232448578,0.0036904951557517,-1.0,-1.0,-1.0,-1.0,-1.0,-1.0,-1.0,1.0,0.0,0.0,1.0,0.0,0.0,1.0,0.0,0.0
20260415_114510_081622,2,62,1.0557925701141355,-0.2855970561504364,0.4432150308232738,22.935326346965788,0.4730862360160127,0.9725181602312248,-1.6685277223587036,5.160358861090309,0.0987120519273889,0.0,0.02,0.0,0.0,artificial_grass,12345,2458047843,2,0,2,2,2,2,-0.0426901616156101,0.5279475450515747,0.3271283507347107,-0.3748156130313873,-0.359646737575531,0.9732532501220704,0.2558786869049072,0.4455758035182953,0.5495499968528748,0.4504499435424804,0.0199466161429882,-1.0,-1.0,-1.0,-1.0,-1.0,-1.0,-1.0,1.0,0.0,0.0,1.0,0.0,0.0,1.0,0.0,0.0
20260415_114510_081622,2,63,0.996052086353302,-0.3027868568897247,0.5391659281442659,23.47449227511005,0.5687864813618589,1.159133638655625,1.718980073928833,5.782466989011738,0.0962055321759301,0.0,0.02,0.0,0.0,artificial_grass,12345,2458047843,2,0,2,2,2,2,0.979871928691864,-0.4583910405635834,-0.055377647280693,-0.1190408244729042,1.0,-0.5517234206199646,-0.2546719908714294,0.504403293132782,0.532762885093689,0.4672370254993438,0.0668789148330688,-1.0,-1.0,-1.0,-1.0,-1.0,-1.0,-1.0,1.0,0.0,0.0,1.0,0.0,0.0,1.0,0.0,0.0
20260415_114510_081622,2,64,1.015988826751709,-0.3203345537185669,0.6152384594257866,24.08973073453584,0.6451500767757818,1.3080426497127746,1.7547696828842163,7.6388298431420125,0.0991161734999521,0.0,0.02,0.0,0.0,artificial_grass,12345,2458047843,2,0,2,2,2,2,0.7298704385757446,-0.3343915641307831,0.941839635372162,0.6952056288719177,0.024169823154807,-0.3105261325836181,0.1072113290429115,0.4297277331352234,0.5500576496124268,0.4499423503875732,-0.1348254084587097,-1.0,-1.0,-1.0,-1.0,-1.0,-1.0,-1.0,1.0,0.0,0.0,1.0,0.0,0.0,1.0,0.0,0.0
20260415_114510_081622,2,65,0.9550506472587584,-0.2854941785335541,0.0020852711870951,24.091816005722933,0.0307808244406464,0.1100226076592605,-3.4840375185012817,7.115990591003282,0.0869555325355124,0.0,0.02,0.0,0.0,artificial_grass,12345,2458047843,2,0,2,2,2,2,0.3581479787826538,-0.7849869728088379,0.5643728375434875,-0.9266879558563232,-0.5710435509681702,-0.3528285622596741,-0.9411439895629884,0.4546486735343933,0.5677123665809631,0.4322875738143921,-0.0640324205160141,-1.0,-1.0,-1.0,-1.0,-1.0,-1.0,-1.0,1.0,0.0,0.0,1.0,0.0,0.0,1.0,0.0,0.0
20260415_114510_081622,2,66,0.9523059129714966,-0.2968574464321136,0.1345815567476008,24.22639756247053,0.1623582836966331,0.3665986532084346,1.136326789855957,5.76918249722852,0.0777672694903233,0.0,0.02,0.0,0.0,artificial_grass,12345,2458047843,2,0,2,2,2,2,-0.9375184178352356,-0.6973564028739929,-0.4574293792247772,-0.0409472920000553,-0.1565914303064346,-0.998798668384552,-0.4652638435363769,0.3784759640693664,0.5326594114303589,0.4673405885696411,-0.2523893415927887,-1.0,-1.0,-1.0,-1.0,-1.0,-1.0,-1.0,1.0,0.0,0.0,1.0,0.0,0.0,1.0,0.0,0.0
20260415_114510_081622,2,67,0.9466038346290588,-0.2791185677051544,-0.0890584385485853,24.13733912392195,-0.0607810144962322,-0.1685229782676529,-1.7738878726959229,3.7477927311996666,0.070046994898025,0.0254544912510104,0.02,0.0,0.0,artificial_grass,12345,2458047843,2,0,2,2,2,2,0.2388743311166763,-0.9542598128318788,-0.5601599812507629,0.2945328950881958,1.0,-0.4411306977272033,-0.7606300115585327,0.3750450015068054,0.5440919995307922,0.455907940864563,-0.2019454389810562,-1.0,-1.0,-1.0,-1.0,-1.0,-1.0,-1.0,1.0,0.0,0.0,1.0,0.0,0.0,1.0,0.0,0.0
20260415_114510_081622,2,68,0.9909355044364928,-0.3302928805351257,0.5369993116263572,24.674338435548307,0.565623377973611,1.1529655870485414,5.117431282997131,3.9282401580169832,0.073474412806679,0.0255325013317171,0.02,0.0,0.0,artificial_grass,12345,2458047843,2,0,2,2,2,2,0.9617526531219482,0.5264704823493958,0.1760198771953582,-0.3309123814105987,0.4345156848430633,0.2198311239480972,-0.6162369251251221,0.3679174482822418,0.5262448787689209,0.4737550616264343,-0.2608798742294311,-1.0,-1.0,-1.0,-1.0,-1.0,-1.0,-1.0,1.0,0.0,0.0,1.0,0.0,0.0,1.0,0.0,0.0
20260415_114510_081622,2,69,0.9739070534706116,-0.33906951546669,0.5019174142252057,25.17625584977351,0.5303282377310348,1.0841400635755178,0.8776634931564331,3.853246582936876,0.0725281561998616,0.0231601577168576,0.02,0.0,0.0,artificial_grass,12345,2458047843,2,0,2,2,2,2,0.3316848278045654,-0.7610436677932739,-0.5179404020309448,0.0351285338401794,-0.8025972247123718,-0.5802755951881409,-0.3359183669090271,0.4233320355415344,0.5777314901351929,0.4222684502601623,-0.1610767394304275,0.5740740895271301,0.2953216433525085,0.9152047038078308,-0.2124756276607513,0.2651072144508362,0.1159844025969505,-0.4005847871303558,1.0,0.0,0.0,1.0,0.0,0.0,1.0,0.0,0.0
20260415_114510_081622,2,70,1.115224003791809,-0.3376093506813049,0.3422249177588319,25.518480767532346,0.3726158605369246,0.776600928047003,-0.1460164785385131,3.3218048612711044,0.1039094277809267,0.0,0.02,0.0,0.0,artificial_grass,12345,2458047843,2,0,2,2,2,2,0.749488115310669,-0.5382352471351624,0.48514124751091,-0.861095130443573,1.0,0.6981462836265564,0.3920776844024658,0.4020465016365051,0.5865616798400879,0.4134382605552673,-0.1527038067579269,-1.0,-1.0,-1.0,-1.0,-1.0,-1.0,-1.0,1.0,0.0,0.0,1.0,0.0,0.0,1.0,0.0,0.0
20260415_114510_081622,2,71,1.01002299785614,-0.3401855230331421,0.2757324962651309,25.794213263797477,0.306079489657016,0.6468550048311812,0.2576172351837158,3.858637258443025,0.1034699339188497,0.0,0.02,0.0,0.0,artificial_grass,12345,2458047843,2,0,2,2,2,2,-0.4773178398609161,-0.8495315909385681,0.1664540916681289,0.8491295576095581,-0.0628476738929748,-0.8875503540039062,-0.6403505802154541,0.578692615032196,0.5850926637649536,0.4149073362350464,0.1509575396776199,-1.0,-1.0,-1.0,-1.0,-1.0,-1.0,-1.0,1.0,0.0,0.0,1.0,0.0,0.0,1.0,0.0,0.0
20260415_114510_081622,2,72,1.140616536140442,-0.3694464862346649,0.5644973151535204,26.358710578950998,0.5982899146981847,1.21666533366146,2.9260963201522827,4.7087039388960505,0.1379259954466427,0.0,0.02,0.0,0.0,artificial_grass,12345,2458047843,2,0,2,2,2,2,0.9684324860572816,-0.9168398976325988,-0.8837360143661499,0.7589028477668762,-0.0476834401488304,0.0808967724442482,0.6539592146873474,0.4471913278102875,0.5876845121383667,0.4123154580593109,-0.1913676261901855,-1.0,-1.0,-1.0,-1.0,-1.0,-1.0,-1.0,1.0,0.0,0.0,1.0,0.0,0.0,1.0,0.0,0.0
20260415_114510_081622,2,73,1.2146408557891846,-0.2786838412284851,-0.7091437474774983,25.649566831473496,-0.6700344230299496,-1.356567124908402,-9.07626450061798,3.5206597922553016,0.1910932444754864,0.0,0.02,0.0,0.0,artificial_grass,12345,2458047843,2,0,2,2,2,2,-0.6425263285636902,-1.0,0.2692243754863739,-0.3767695426940918,0.2952612638473511,1.0,0.8319839239120483,0.6104332804679871,0.6171240210533142,0.382875919342041,0.1577761769294738,-1.0,-1.0,-1.0,-1.0,-1.0,-1.0,-1.0,1.0,0.0,0.0,1.0,0.0,0.0,1.0,0.0,0.0
20260415_114510_081622,2,74,1.0465881824493408,-0.4015370011329651,0.9622063525946388,26.61177318406813,1.0,2.0539036539307034,12.285315990447998,4.421597859137464,0.1779364740536128,0.0,0.02,0.0,0.0,artificial_grass,12345,2458047843,2,0,2,2,2,2,-0.5534720420837402,0.2948795258998871,-0.5958456993103027,-0.6347281336784363,-0.3421043157577514,-0.4934757053852081,-0.7729507088661194,0.7029637098312378,0.5258074998855591,0.4741924405097961,0.3531329035758972,-1.0,-1.0,-1.0,-1.0,-1.0,-1.0,-1.0,1.0,0.0,0.0,1.0,0.0,0.0,1.0,0.0,0.0
20260415_114510_081622,2,75,1.07084321975708,-0.4124351739883423,0.8664301019636085,27.478203286031743,0.904042082991002,1.812882061832454,1.0898172855377195,5.1503398573944,0.1761198102739349,0.0,0.02,0.0,0.0,artificial_grass,12345,2458047843,2,0,2,2,2,2,-1.0,-0.0093896370381116,-0.9918293356895448,0.71872878074646,-0.1512479335069656,0.6164141893386841,-0.1882533729076385,0.4928978979587555,0.6494104266166687,0.3505895435810089,-0.0384143069386482,-1.0,-1.0,-1.0,-1.0,-1.0,-1.0,-1.0,1.0,0.0,0.0,1.0,0.0,0.0,1.0,0.0,0.0
20260415_114510_081622,2,76,1.0797810554504397,-0.42691770195961,0.8195297984550982,28.29773308448684,0.8572947413620682,1.721724745656033,1.44825279712677,6.09546367500343,0.1776494290696994,0.0,0.02,0.0,0.0,artificial_grass,12345,2458047843,2,0,2,2,2,2,0.944312572479248,0.4756045341491699,-0.5138319134712219,0.6363095045089722,0.1029468551278114,0.2004025727510452,0.1352494657039642,0.5232166051864624,0.6603751182556152,0.3396248519420624,0.0498807542026042,-0.6130604147911072,-0.0136452242732048,0.9824561476707458,0.3859649002552032,-0.1218323558568954,0.371345043182373,-0.1189083829522132,1.0,0.0,0.0,1.0,0.0,0.0,1.0,0.0,0.0
20260415_114510_081622,2,77,1.0650568008422852,-0.4185257852077484,0.4915677509773137,28.789300835464157,0.5289721233053754,1.081495640445482,-0.8391916751861572,6.53010431061773,0.1740437232806156,0.0,0.02,0.0,0.0,artificial_grass,12345,2458047843,2,0,2,2,2,2,-0.23884017765522,0.1502579450607299,0.572011411190033,0.3714231848716736,-0.8088923096656799,0.7286883592605591,-0.2041688710451126,0.5343888998031616,0.6749459505081177,0.3250539898872375,0.0897957906126976,0.5750487446784973,0.2709551751613617,0.8362573385238647,0.3518518507480621,0.030214425176382,0.1286549717187881,0.0886939540505409,1.0,0.0,0.0,1.0,0.0,0.0,1.0,0.0,0.0
20260415_114510_081622,2,78,1.040495991706848,-0.4313173592090606,0.5179501741582105,29.30725100962237,0.5543133745471391,1.1309110803669211,1.2791574001312256,6.444350057323192,0.1636320038892861,0.0,0.02,0.0,0.0,artificial_grass,12345,2458047843,2,0,2,2,2,2,-0.6165528893470764,0.3675897419452667,0.7058608531951904,0.8709964752197266,1.0,0.0827399343252182,-0.3362207412719726,0.5159835815429688,0.666502833366394,0.3334971070289612,0.0404364839196205,-1.0,-1.0,-1.0,-1.0,-1.0,-1.0,-1.0,1.0,0.0,0.0,1.0,0.0,0.0,1.0,0.0,0.0
20260415_114510_081622,2,79,1.053343415260315,-0.4443017244338989,0.5397947844521168,29.84704579407448,0.5757909953313567,1.1727924408961456,1.2984365224838257,8.97370962312774,0.1599621087923984,0.0,0.02,0.0,0.0,artificial_grass,12345,2458047843,2,0,2,2,2,2,0.2605587244033813,-0.1611600667238235,-0.6352596879005432,-0.4959706366062164,-0.9290971159934998,0.2509094178676605,-0.2935320138931274,0.4852825999259949,0.6793724894523621,0.3206274509429931,-0.0934722945094108,-0.3830409348011017,0.2270955145359039,0.9483430981636048,0.4395711421966553,0.2534112930297851,0.0194931775331497,-0.2173489332199096,1.0,0.0,0.0,1.0,0.0,0.0,1.0,0.0,0.0
20260415_114510_081622,2,80,1.0789884328842163,-0.4387431144714355,0.3176530962148011,30.164698890289284,0.3541687598002709,0.7406290816105283,-0.5558609962463379,7.660435050807564,0.1651566358546974,0.0,0.02,0.0,0.0,artificial_grass,12345,2458047843,2,0,2,2,2,2,-0.1437253654003143,0.6579697728157043,0.8115054965019226,-0.9088796377182008,0.5856132507324219,-1.0,0.94772607088089,0.5013419389724731,0.6924360990524292,0.3075638711452484,-0.0239351075142622,-1.0,-1.0,-1.0,-1.0,-1.0,-1.0,-1.0,1.0,0.0,0.0,1.0,0.0,0.0,1.0,0.0,0.0
20260415_114510_081622,2,81,1.0444763898849487,-0.4543590247631073,0.4235836840720594,30.588282574361344,0.4594202915383016,0.9458695684996884,1.5615910291671753,6.793422557474798,0.1583660746624223,0.0,0.02,0.0,0.0,artificial_grass,12345,2458047843,2,0,2,2,2,2,-0.2113873958587646,-0.5026312470436096,-0.5862008929252625,1.0,0.9443156719207764,0.2040342837572097,-0.4253409802913666,0.5333981513977051,0.6868436336517334,0.3131563663482666,0.1557129472494125,-1.0,-1.0,-1.0,-1.0,-1.0,-1.0,-1.0,1.0,0.0,0.0,1.0,0.0,0.0,1.0,0.0,0.0
20260415_114510_081622,2,82,1.0577731132507324,-0.4614986181259155,0.3939483658157191,30.982230940177065,0.429688210484601,0.8878920104449719,0.7139593362808228,5.959589822263737,0.1573984466888184,0.0,0.02,0.0,0.0,artificial_grass,12345,2458047843,2,0,2,2,2,2,0.7165186405181885,-0.8647153973579407,-1.0,-0.1321969032287597,0.5905656814575195,0.3435482382774353,-0.4946224987506866,0.490258127450943,0.7025547623634338,0.2974451780319214,-0.120115227997303,-1.0,-1.0,-1.0,-1.0,-1.0,-1.0,-1.0,1.0,0.0,0.0,1.0,0.0,0.0,1.0,0.0,0.0
20260415_114510_081622,2,83,1.1157315969467163,-0.4605782628059387,0.2665746061815961,31.24880554635866,0.3040564742740044,0.6429101248343088,-0.0920355319976806,5.521004306652564,0.1748186809240833,0.0,0.02,0.0,0.0,artificial_grass,12345,2458047843,2,0,2,2,2,2,0.6594953536987305,-0.8332235217094421,0.1770338714122772,-0.2315745651721954,0.2994411885738373,0.2305901199579239,0.5249648690223694,0.5068790316581726,0.7097379565238953,0.2902620434761047,-0.0777036696672439,-1.0,-1.0,-1.0,-1.0,-1.0,-1.0,-1.0,1.0,0.0,0.0,1.0,0.0,0.0,1.0,0.0,0.0
20260415_114510_081622,2,84,1.1392076015472412,-0.442328006029129,-0.0396405280078169,31.209165018350845,0.0,0.0259261742054874,-1.8250256776809688,4.41601940049113,0.1964052800781696,0.0,0.02,0.0,0.0,artificial_grass,12345,2458047843,2,0,2,2,2,2,-0.3540040552616119,-0.3548012375831604,-0.3827502727508545,-0.8049454689025879,0.0818745493888855,0.6665783524513245,0.8656103610992432,0.5793271064758301,0.7088119983673096,0.291187971830368,0.1620932817459106,-1.0,-1.0,-1.0,-1.0,-1.0,-1.0,-1.0,1.0,0.0,0.0,1.0,0.0,0.0,1.0,0.0,0.0
20260415_114510_081622,2,85,1.068657398223877,-0.4831010997295379,0.4681540551763272,31.677319073527173,0.5070625503406894,1.0387719731643443,4.0773093700408936,4.281998932759329,0.1890849516436209,0.0,0.02,0.0,0.0,artificial_grass,12345,2458047843,2,0,2,2,2,2,0.5174809098243713,-0.8947674632072449,0.258858174085617,-0.945131778717041,0.0431603863835334,0.7091286182403564,-0.5745008587837219,0.6086721420288086,0.6904503107070923,0.3095496296882629,0.2750840485095978,-1.0,-1.0,-1.0,-1.0,-1.0,-1.0,-1.0,1.0,0.0,0.0,1.0,0.0,0.0,1.0,0.0,0.0
20260415_114510_081622,2,86,1.024183750152588,-0.509608268737793,0.6767905175654929,32.354109591092666,0.7137221564510922,1.4417582050796298,2.6507169008255005,4.983128056228431,0.1693163888559917,0.0,0.02,0.0,0.0,artificial_grass,12345,2458047843,2,0,2,2,2,2,-0.1860986948013305,-1.0,0.3957471549510956,0.8985401391983032,-0.9147114157676696,0.0918355733156204,-0.2536018192768097,0.5204843282699585,0.7314722537994385,0.2685277163982391,0.0182055607438087,-1.0,-1.0,-1.0,-1.0,-1.0,-1.0,-1.0,1.0,0.0,0.0,1.0,0.0,0.0,1.0,0.0,0.0
20260415_114510_081622,2,87,1.0280767679214478,-0.5288326740264893,0.7397092863749024,33.09381887746757,0.7753480953985289,1.5619287860271314,1.922440528869629,5.599187273755874,0.1563880902362641,0.0,0.02,0.0,0.0,artificial_grass,12345,2458047843,2,0,2,2,2,2,0.7447168827056885,-0.0904425531625747,0.6315135359764099,0.8208087682723999,0.7116515636444092,-0.1737243831157684,0.1330446451902389,0.4648922979831695,0.7581412196159363,0.2418587654829025,-0.0438814423978328,-1.0,-1.0,-1.0,-1.0,-1.0,-1.0,-1.0,1.0,0.0,0.0,1.0,0.0,0.0,1.0,0.0,0.0
20260415_114510_081622,2,88,1.057148575782776,-0.5221663117408752,0.4540617614283766,33.54788063889595,0.4896346319897399,1.0047875323799929,-0.6666362285614014,5.716082795690895,0.1557287056136327,0.0,0.02,0.0,0.0,artificial_grass,12345,2458047843,2,0,2,2,2,2,0.3378697633743286,-0.6986583471298218,-0.491051435470581,0.0610878206789493,0.5952432155609131,0.4227607548236847,-0.2156377583742141,0.4697585999965668,0.7774829268455505,0.2225170582532882,-0.02882313542068,0.4502924084663391,-0.068226121366024,0.892787516117096,0.4317738711833954,0.3118908405303955,-0.1354775875806808,0.0701754391193389,1.0,0.0,0.0,1.0,0.0,0.0,1.0,0.0,0.0
20260415_114510_081622,2,89,1.0316998958587646,-0.5042500495910645,0.0963582489369228,33.64423888783287,0.1311200489947343,0.3056840955397319,-1.791626214981079,5.378856766396318,0.1476180005781147,0.0,0.02,0.0,0.0,artificial_grass,12345,2458047843,2,0,2,2,2,2,-0.0610098280012607,-0.6661277413368225,-0.5481432676315308,1.0,0.7630235552787781,-1.0,0.0938639566302299,0.5060983896255493,0.7707759141921997,0.2292240709066391,-0.0317077115178108,-1.0,-1.0,-1.0,-1.0,-1.0,-1.0,-1.0,1.0,0.0,0.0,1.0,0.0,0.0,1.0,0.0,0.0
20260415_114510_081622,2,90,1.1195027828216553,-0.5159589648246765,0.2052200690651744,33.84945895689805,0.2420440782026156,0.5219859524951005,1.170891523361206,5.874916544685931,0.1682400913744125,0.0,0.02,0.0,0.0,artificial_grass,12345,2458047843,2,0,2,2,2,2,-0.4545564651489258,0.2965405583381653,0.1562226265668869,-0.3145934641361236,-0.732395350933075,0.7252694964408875,0.6996735334396362,0.4742875099182129,0.7527502775192261,0.2472497075796127,-0.074250653386116,-1.0,-1.0,-1.0,-1.0,-1.0,-1.0,-1.0,1.0,0.0,0.0,1.0,0.0,0.0,1.0,0.0,0.0
20260415_114510_081622,2,91,0.9998672008514404,-0.5831345319747925,0.965283027300808,34.814741984198854,1.0,2.070878643124217,6.717556715011597,6.907023214645804,0.1471697269919203,0.0,0.02,0.0,0.0,artificial_grass,12345,2458047843,2,0,2,2,2,2,-0.2540973424911499,-0.0495482683181762,-0.4283305704593658,0.0329264216125011,-0.0517841801047325,-0.9137474298477172,-0.3347488939762115,0.5840411186218262,0.7645306587219238,0.2354692965745926,0.2170896083116531,-1.0,-1.0,-1.0,-1.0,-1.0,-1.0,-1.0,1.0,0.0,0.0,1.0,0.0,0.0,1.0,0.0,0.0
20260415_114510_081622,2,92,0.990930199623108,-0.5599725246429443,0.4409216395584465,35.2556636237573,0.4739019482292099,0.9741087990469596,-2.3162007331848145,6.439373808613134,0.1298030867076342,0.0,0.02,0.0,0.0,artificial_grass,12345,2458047843,2,0,2,2,2,2,-0.6511554718017578,0.1248679682612419,0.4840330183506012,0.2524219155311584,-0.5505812168121338,0.503207802772522,-0.8533989191055298,0.4344965815544128,0.8321161270141602,0.1678837984800338,-0.1364215314388275,-1.0,-1.0,-1.0,-1.0,-1.0,-1.0,-1.0,1.0,0.0,0.0,1.0,0.0,0.0,1.0,0.0,0.0
20260415_114510_081622,2,93,0.9852511286735536,-0.5560598373413086,0.2672534697874348,35.522917093544734,0.2988535470483741,0.6327644167443296,-0.3912687301635742,5.510209439330332,0.1160007726093925,0.0,0.02,0.0,0.0,artificial_grass,12345,2458047843,2,0,2,2,2,2,0.0783964544534683,-0.3419916033744812,-0.582482635974884,0.5901294350624084,-0.2908226251602173,0.2787829935550689,-0.9884323477745056,0.4233253598213196,0.8088128566741943,0.1911871433258056,-0.214939147233963,-1.0,-1.0,-1.0,-1.0,-1.0,-1.0,-1.0,1.0,0.0,0.0,1.0,0.0,0.0,1.0,0.0,0.0
20260415_114510_081622,2,94,1.07642662525177,-0.5799921154975891,0.4915300732879086,36.014447166832646,0.5245539828026984,1.072880266465262,2.393227815628052,5.578302173415601,0.1302390951478974,0.0,0.02,0.0,0.0,artificial_grass,12345,2458047843,2,0,2,2,2,2,-0.7020999193191528,-0.9342394471168518,-0.4845110774040222,-0.6802495718002319,-0.6670952439308167,0.0424319542944431,0.8818532824516296,0.4162265658378601,0.8048762679100037,0.1951237171888351,-0.2355772703886032,-1.0,-1.0,-1.0,-1.0,-1.0,-1.0,-1.0,1.0,0.0,0.0,1.0,0.0,0.0,1.0,0.0,0.0
20260415_114510_081622,2,95,0.9963041543960572,-0.5937947034835815,0.5320387292354324,36.54648589606808,0.5639614869224396,1.1497248994987572,1.3802587985992432,6.422342977374626,0.1192275768700721,0.0,0.02,0.0,0.0,artificial_grass,12345,2458047843,2,0,2,2,2,2,0.2551480531692505,0.2538152635097503,0.5210021734237671,-0.6098721027374268,0.3537733852863312,-0.0593213513493537,-0.755176305770874,0.5301958918571472,0.8289545774459839,0.1710454076528549,0.134771928191185,-1.0,-1.0,-1.0,-1.0,-1.0,-1.0,-1.0,1.0,0.0,0.0,1.0,0.0,0.0,1.0,0.0,0.0
20260415_114510_081622,2,96,1.0079593658447266,-0.5960983633995056,0.4146650548206396,36.96115095088872,0.4460949602677802,0.9198851725221716,0.2303659915924072,6.820242197401697,0.1142990544714057,0.0,0.02,0.0,0.0,artificial_grass,12345,2458047843,2,0,2,2,2,2,-0.8990722894668579,-0.9973535537719728,0.8086203932762146,-0.118131972849369,0.132874920964241,0.7587522268295288,-0.669002890586853,0.4300428330898285,0.8428414463996887,0.1571585685014724,-0.1947367936372757,-1.0,-1.0,-1.0,-1.0,-1.0,-1.0,-1.0,1.0,0.0,0.0,1.0,0.0,0.0,1.0,0.0,0.0
20260415_114510_081622,2,97,1.0409376621246338,-0.6217997670173645,0.6257390363577208,37.58688998724644,0.6576661383785114,1.3324489698380972,2.5701403617858887,6.081812524115577,0.1192710202079064,0.0,0.02,0.0,0.0,artificial_grass,12345,2458047843,2,0,2,2,2,2,0.2068139612674713,0.1923355460166931,0.9821631908416748,-0.0822454467415809,0.0083142258226871,-0.8245879411697388,0.7151354551315308,0.4446118474006653,0.845159113407135,0.1548408418893814,-0.1689981520175933,-1.0,-1.0,-1.0,-1.0,-1.0,-1.0,-1.0,1.0,0.0,0.0,1.0,0.0,0.0,1.0,0.0,0.0
20260415_114510_081622,2,98,1.0528128147125244,-0.6270185112953186,0.5211168354907572,38.1080068227372,0.5537463252961174,1.129805334327429,0.5218744277954102,6.237509059396047,0.1262948980536022,0.0,0.02,0.0,0.0,artificial_grass,12345,2458047843,2,0,2,2,2,2,0.5486719608306885,0.3359798789024353,0.0455735363066196,0.0077918176539242,0.9027185440063475,-0.3008742332458496,0.7483808994293213,0.4858346879482269,0.8710173964500427,0.128982588648796,0.0409541614353656,-1.0,-1.0,-1.0,-1.0,-1.0,-1.0,-1.0,1.0,0.0,0.0,1.0,0.0,0.0,1.0,0.0,0.0
20260415_114510_081622,2,99,1.0459202527999878,-0.5891629457473755,-0.0581239876958882,38.04988283504131,-0.025146224591287,-0.0990351379530096,-3.785556554794312,5.505709504698707,0.1297776310460126,0.0,0.02,0.0,0.0,artificial_grass,12345,2458047843,2,0,2,2,2,2,0.1335943639278412,0.9007818698883056,-0.9028996229171752,0.6755656599998474,0.9305296540260316,0.5630409717559814,-0.9295141100883484,0.5006786584854126,0.8762679100036621,0.1237320080399513,0.0440420173108577,-1.0,-1.0,-1.0,-1.0,-1.0,-1.0,-1.0,1.0,0.0,0.0,1.0,0.0,0.0,1.0,0.0,0.0
20260415_114510_081622,2,100,1.0945987701416016,-0.6376402378082275,0.523132539670338,38.573015374711645,0.5577722810546397,1.1376559480565476,4.847729206085205,5.570485186289993,0.1463974138430171,0.0,0.02,0.0,0.0,artificial_grass,12345,2458047843,2,0,2,2,2,2,-0.8138524293899536,1.0,0.389603853225708,-0.0038507010322064,-0.4818678498268127,-0.7386305928230286,0.6845733523368835,0.4920629560947418,0.8381813764572144,0.1618185937404632,-0.2350757420063018,0.0594541914761066,0.516569197177887,0.7719298005104065,0.0974658876657486,0.4230019450187683,0.1968810856342315,-0.5896686315536499,1.0,0.0,0.0,1.0,0.0,0.0,1.0,0.0,0.0
20260415_114510_081622,2,101,1.0384427309036257,-0.631267786026001,0.2959475655723886,38.86896294028404,0.3302208546085862,0.6939306664867431,-0.6372451782226562,5.114690953277979,0.1427328903619758,0.0,0.02,0.0,0.0,artificial_grass,12345,2458047843,2,0,2,2,2,2,0.1505264788866043,0.6290690302848816,0.0767976269125938,0.2700969576835632,-0.1857771277427673,-0.9693254232406616,-0.2370857149362564,0.552911102771759,0.8869545459747314,0.1130454689264297,0.0688933730125427,-0.4961013793945312,0.6052631735801697,0.8060429096221924,0.0672514587640762,0.030214425176382,-0.376218318939209,0.4249512553215027,1.0,0.0,0.0,1.0,0.0,0.0,1.0,0.0,0.0
20260415_114510_081622,2,102,1.193292260169983,-0.6204657554626465,0.0639544911846132,38.932917431468645,0.1027678132211247,0.2503972357811932,-1.0802030563354492,4.4452030165370005,0.1881332203651146,0.0,0.02,0.0,0.0,artificial_grass,12345,2458047843,2,0,2,2,2,2,0.4456683397293091,-0.5024136900901794,0.1793343424797058,-0.3418766856193542,0.5633655786514282,0.4935517311096191,0.7603447437286377,0.4827160835266113,0.8805431127548218,0.1194568127393722,-0.1686635613441467,0.0857699811458587,0.3791423141956329,0.8187134265899658,0.1929824501276016,-0.0136452242732048,-0.3742690086364746,-0.0896686166524887,1.0,0.0,0.0,1.0,0.0,0.0,1.0,0.0,0.0
20260415_114510_081622,2,103,1.2188681364059448,-0.5921628475189209,-0.2844848096481631,38.64843262182048,-0.2409101393626878,-0.5197747717572412,-2.8302907943725586,2.592979274941662,0.2357467028547531,0.0,0.02,0.0,0.0,artificial_grass,12345,2458047843,2,0,2,2,2,2,-0.5674525499343872,0.8476830124855042,0.5983467102050781,-0.8936712741851807,-0.2249388098716735,0.3682627975940704,0.9821624159812928,0.6762779355049133,0.8696752190589905,0.1303247362375259,0.170940488576889,-1.0,-1.0,-1.0,-1.0,-1.0,-1.0,-1.0,1.0,0.0,0.0,1.0,0.0,0.0,1.0,0.0,0.0
20260415_114510_081622,2,104,1.2035328149795532,-0.610112726688385,-0.0423104176176016,38.60612220420288,0.0045722566249581,0.0589159004186683,1.7949879169464111,1.5220898410329011,0.2688267424255976,0.0,0.02,0.0,0.0,artificial_grass,12345,2458047843,2,0,2,2,2,2,-0.580104410648346,0.0197516214102506,0.1141399890184402,-0.3233395218849182,-0.9761236310005188,-0.7143297791481018,0.8851805329322815,0.7082477807998657,0.8411995768547058,0.1588003784418106,0.2590987980365753,-1.0,-1.0,-1.0,-1.0,-1.0,-1.0,-1.0,1.0,0.0,0.0,1.0,0.0,0.0,1.0,0.0,0.0
20260415_114510_081622,2,105,1.1929832696914673,-0.6281179189682007,0.1787877392674617,38.784909943470346,0.2278547345176375,0.4943167323093931,1.8005192279815674,2.115441711295304,0.290669952501758,0.0,0.02,0.0,0.0,artificial_grass,12345,2458047843,2,0,2,2,2,2,0.4055542647838592,0.3818885385990143,-0.2586191594600677,0.4464786350727081,-0.8980004191398621,0.5828298330307007,0.5713993310928345,0.6890786290168762,0.8592590093612671,0.1407409608364105,0.2325311303138733,-1.0,-1.0,-1.0,-1.0,-1.0,-1.0,-1.0,1.0,0.0,0.0,1.0,0.0,0.0,1.0,0.0,0.0
20260415_114510_081622,2,106,1.114964723587036,-0.65216064453125,0.4251981613586083,39.21010810482896,0.4727208657991177,0.9718056883082796,2.404272556304932,1.949591451547036,0.2752270444050935,0.0,0.02,0.0,0.0,artificial_grass,12345,2458047843,2,0,2,2,2,2,0.2803004086017608,0.4650669991970062,0.7126113772392273,-0.8055282831192017,0.5837496519088745,0.4214114248752594,-0.8353657722473145,0.6758916974067688,0.877373993396759,0.1226259022951126,0.1475577801465988,-1.0,-1.0,-1.0,-1.0,-1.0,-1.0,-1.0,1.0,0.0,0.0,1.0,0.0,0.0,1.0,0.0,0.0
20260415_114510_081622,2,107,1.220391869544983,-0.6628974080085754,0.4350583769752271,39.64516648180418,0.4857812067509464,0.9972733531643456,1.073676347732544,2.2529341382246386,0.3072282977571934,0.0,0.02,0.0,0.0,artificial_grass,12345,2458047843,2,0,2,2,2,2,-1.0,0.334933876991272,-0.8422778248786926,-0.1527155339717865,-0.2241097241640091,0.7499354481697083,0.606135368347168,0.5783685445785522,0.9015635848045348,0.0984364375472068,-0.1774833798408508,-1.0,-1.0,-1.0,-1.0,-1.0,-1.0,-1.0,1.0,0.0,0.0,1.0,0.0,0.0,1.0,0.0,0.0
20260415_114510_081622,2,108,1.087924838066101,-0.5976123213768005,-0.475403879118748,39.16976260268543,-0.4277805902159574,-0.8841721509211169,-6.52850866317749,1.1183647515223285,0.2762328890279061,0.0,0.02,0.0,0.0,artificial_grass,12345,2458047843,2,0,2,2,2,2,0.3790517449378967,-0.7103732228279114,-1.0,0.743020236492157,-0.2992173135280609,-0.8528101444244385,-1.0,0.7101524472236633,0.9123657941818236,0.0876341462135315,0.1545750349760055,-1.0,-1.0,-1.0,-1.0,-1.0,-1.0,-1.0,1.0,0.0,0.0,1.0,0.0,0.0,1.0,0.0,0.0
20260415_114510_081622,2,109,1.1352653503417969,-0.7197970747947693,0.95272453900908,40.12248714169451,1.0,2.3914897222583846,12.218475341796877,4.029629245537954,0.2727546099091995,0.0,0.02,0.0,0.0,artificial_grass,12345,2458047843,2,0,2,2,2,2,0.3873311877250671,0.9711441397666932,0.6319882273674011,-0.8002022504806519,-0.4789089858531952,-0.2065065056085586,-0.0165102537721395,0.544568657875061,0.8466823101043701,0.1533176749944687,-0.3647703230381012,-1.0,-1.0,-1.0,-1.0,-1.0,-1.0,-1.0,1.0,0.0,0.0,1.0,0.0,0.0,1.0,0.0,0.0
20260415_114510_081622,2,110,1.130420446395874,-0.7014749646186829,0.6124411920112449,40.73492833370576,0.6592638652777597,1.3355645372916314,-1.8322110176086424,5.306277882410917,0.268226732665148,0.0,0.02,0.0,0.0,artificial_grass,12345,2458047843,2,0,2,2,2,2,-0.7017720341682434,-0.9410108923912048,0.5257848501205444,0.0270521156489849,-0.0764600411057472,0.6954248547554016,-0.5731194615364075,0.6037443280220032,0.969612717628479,0.0303872618824243,-0.1126294359564781,-1.0,-1.0,-1.0,-1.0,-1.0,-1.0,-1.0,1.0,0.0,0.0,1.0,0.0,0.0,1.0,0.0,0.0
20260415_114510_081622,2,111,1.1765402555465698,-0.7249076962471008,0.7401144627278281,41.47504279643359,0.7884572788098304,1.5874916936791692,2.343273162841797,6.3994528437806935,0.2834281608200233,0.0,0.02,0.0,0.0,artificial_grass,12345,2458047843,2,0,2,2,2,2,-0.7681153416633606,-0.3337433040142059,0.9398908019065856,-0.3380670845508575,-0.7441450953483582,-0.0758324190974235,0.5612349510192871,0.5976881980895996,0.951178789138794,0.0488211438059806,-0.2052190154790878,-1.0,-1.0,-1.0,-1.0,-1.0,-1.0,-1.0,1.0,0.0,0.0,1.0,0.0,0.0,1.0,0.0,0.0
20260415_114510_081622,2,112,1.1372984647750854,-0.7172334790229797,0.4386519129329702,41.91369470936656,0.4865453023878716,0.9987633396563496,-0.7674217224121094,6.426410495128764,0.2789338945490133,0.0,0.02,0.0,0.0,artificial_grass,12345,2458047843,2,0,2,2,2,2,-0.2787119746208191,0.519826352596283,0.73334139585495,-0.4364125430583954,0.2605858147144317,-0.8508105278015137,0.1855397671461105,0.655337929725647,0.9747545719146729,0.0252454467117786,0.0145040415227413,-1.0,-1.0,-1.0,-1.0,-1.0,-1.0,-1.0,1.0,0.0,0.0,1.0,0.0,0.0,1.0,0.0,0.0
20260415_114510_081622,2,113,1.1678906679153442,-0.7313612103462219,0.4908155912651687,42.40451030063173,0.5396234809350324,1.1022657878233133,1.4127731323242188,6.531402929787731,0.2880788966986366,0.0,0.02,0.0,0.0,artificial_grass,12345,2458047843,2,0,2,2,2,2,-0.3235428929328918,-0.285013198852539,0.1827270984649658,-1.0,0.1349618434906005,-0.3340187072753906,0.6020523309707642,0.6062856912612915,0.9670334458351136,0.0329664573073387,-0.1106802821159362,-1.0,-1.0,-1.0,-1.0,-1.0,-1.0,-1.0,1.0,0.0,0.0,1.0,0.0,0.0,1.0,0.0,0.0
20260415_114510_081622,2,114,1.1709671020507812,-0.7318592071533203,0.3550598032791531,42.75957010391088,0.4046919287410009,0.8391492610449518,0.0497996807098388,8.2547243417538,0.2963212546184781,0.0,0.02,0.0,0.0,artificial_grass,12345,2458047843,2,0,2,2,2,2,-1.0,0.8052121996879578,-0.5425950288772583,0.5460172295570374,-0.7296488881111145,0.1892420053482055,0.3322277367115021,0.6445260047912598,0.9812474846839904,0.018752509728074,-0.0124860843643546,-1.0,-1.0,-1.0,-1.0,-1.0,-1.0,-1.0,1.0,0.0,0.0,1.0,0.0,0.0,1.0,0.0,0.0
20260415_114510_081622,2,115,1.1986373662948608,-0.732170820236206,0.24966365350602,43.0092337574169,0.3011037296696705,0.6371522728558574,0.0311613082885742,6.500386892351273,0.3144007616365037,0.0,0.02,0.0,0.0,artificial_grass,12345,2458047843,2,0,2,2,2,2,-0.7063475847244263,0.4309515953063965,-0.7032654285430908,-0.4506381452083587,-0.1288768053054809,0.4893621802330017,0.821137547492981,0.6483715176582336,0.9817484021186828,0.0182515010237693,-0.0235691629350185,-1.0,-1.0,-1.0,-1.0,-1.0,-1.0,-1.0,1.0,0.0,0.0,1.0,0.0,0.0,1.0,0.0,0.0
20260415_114510_081622,2,116,1.1758824586868286,-0.7406179308891296,0.2758779411266705,43.28511169854357,0.3277138312640918,0.6890419709649791,0.8447110652923584,5.85386432602462,0.318358901374213,0.0,0.02,0.0,0.0,artificial_grass,12345,2458047843,2,0,2,2,2,2,0.8152572512626648,-0.0117959678173065,-1.0,-0.6304759979248047,0.068440668284893,0.7135396003723145,-0.1042831018567085,0.6829593777656555,0.9820619225502014,0.0179380141198635,0.1093258336186409,-1.0,-1.0,-1.0,-1.0,-1.0,-1.0,-1.0,1.0,0.0,0.0,1.0,0.0,0.0,1.0,0.0,0.0
20260415_114510_081622,2,117,1.2372798919677734,-0.7189229130744934,-0.0548674071402542,43.23024429140332,0.0,-0.0255939671421714,-2.169501781463623,4.24077866520328,0.3486740714025429,0.0,0.02,0.0,0.0,artificial_grass,12345,2458047843,2,0,2,2,2,2,-0.1689847111701965,0.7672411799430847,-0.1410905569791793,-0.5415158867835999,0.19070865213871,0.5223512649536133,0.7888264656066895,0.6545157432556152,0.9905605912208556,0.0094393510371446,-0.028541350737214,-1.0,-1.0,-1.0,-1.0,-1.0,-1.0,-1.0,1.0,0.0,0.0,1.0,0.0,0.0,1.0,0.0,0.0
20260415_114510_081622,2,118,1.2102081775665283,-0.7357383370399475,0.1241258062276621,43.35437009763098,0.1800974993742192,0.4011901237797275,1.6815423965454102,3.6432054493266577,0.359716931465571,0.0,0.02,0.0,0.0,artificial_grass,12345,2458047843,2,0,2,2,2,2,-0.2918606400489807,-0.24789959192276,-0.780955970287323,0.6056194305419922,0.2866467535495758,0.7027381658554077,-0.3905972838401794,0.7312625050544739,0.968733251094818,0.0312667712569236,0.1616501957178115,-1.0,-1.0,-1.0,-1.0,-1.0,-1.0,-1.0,1.0,0.0,0.0,1.0,0.0,0.0,1.0,0.0,0.0
20260415_114510_081622,2,119,1.2013673782348633,-0.7543036937713623,5.0,48.35437009763098,0.3666802621129072,0.7650265111201691,0.9957969188690186,3.305966172623513,0.3639975292284949,0.0,0.02,0.0,0.0,artificial_grass,12345,2458047843,2,0,2,2,2,2,0.5311175584793091,-0.0854844525456428,-0.039475243538618,0.4671721458435058,-0.4506619870662689,-0.3683498501777649,0.1702669113874435,0.6974228620529175,0.9856513142585754,0.0143486615270376,-0.0667909979820251,-1.0,-1.0,-1.0,-1.0,-1.0,-1.0,-1.0,1.0,0.0,0.0,1.0,0.0,0.0,1.0,0.0,0.0
20260415_114510_081622,3,0,0.6044728755950928,0.27464768290519714,-0.5553768039972354,-0.5553768039972354,-0.5353768039972354,-1.093984767794609,-4.375939071178436,0.0,0.0,0.0,0.02,0.0,0.0,artificial_grass,12345,2458047974,2,0,3,2,2,2,-1.0,-0.6746331453323364,0.9284791350364685,0.5316773653030396,0.8509010076522827,0.9455967545509338,-0.8218816518783569,0.0,-0.0,1.0,0.0,0.09356725215911865,-0.0692007765173912,0.06335282325744629,-0.1325536072254181,0.10623781383037567,-0.06042885035276413,0.06432748585939407,1.0,0.0,0.0,1.0,0.0,0.0,1.0,0.0,0.0
20260415_114510_081622,3,1,0.6320406794548035,0.24416542053222656,-0.024324111036765267,-0.5797009150340007,-0.004324111036765268,-0.058432016521692276,3.048226237297058,0.0,0.0,0.0,0.02,0.0,0.0,artificial_grass,12345,2458047974,2,0,3,2,2,2,0.0031754656229168177,0.6844850778579712,0.6146578788757324,0.7856433391571045,0.2118837684392929,0.07453125715255737,-0.3113739788532257,0.001232099486514926,-0.04461199417710304,1.0,-0.15433870255947113,-0.6179337501525879,-0.4152046740055084,0.03898635506629944,0.20467835664749146,0.20370370149612427,0.3196881115436554,-0.5233917832374573,1.0,0.0,0.0,1.0,0.0,0.0,1.0,0.0,0.0
20260415_114510_081622,3,2,0.6275942921638489,0.23282966017723083,0.07721538281211486,-0.5024855322218859,0.09721538281211486,0.23956999648362398,1.1335760354995728,0.0,0.0,0.0,0.02,0.0,0.0,artificial_grass,12345,2458047974,2,0,3,2,2,2,0.285800576210022,-0.14247025549411774,0.6148664951324463,-0.855053722858429,-0.7785710692405701,-0.10642065852880478,-0.3055192828178406,0.03569183498620987,-0.013535822741687298,1.0,-0.058302804827690125,-0.010721247643232346,0.38499024510383606,-0.42105263471603394,0.4239766001701355,0.10818713158369064,0.03801169618964195,-0.19395712018013,1.0,0.0,0.0,1.0,0.0,0.0,1.0,0.0,0.0
20260415_114510_081622,3,3,0.661048412322998,0.2524980902671814,-0.15437602814669027,-0.6568615603685761,-0.13437602814669028,-0.31203325488604605,-1.9668430089950562,0.0,0.0,0.0,0.02,0.0,0.0,artificial_grass,12345,2458047974,2,0,3,2,2,2,-0.8862569332122803,0.1143236979842186,0.759208619594574,0.10301613807678223,0.045231353491544724,-0.9756470918655396,0.8980845808982849,0.030133867636322975,-0.001979201566427946,1.0,-0.0551464818418026,0.19005848467350006,-0.05068226158618927,-0.2076023370027542,0.21734893321990967,-0.11695906519889832,0.000974658876657486,-0.18226121366024017,1.0,0.0,0.0,1.0,0.0,0.0,1.0,0.0,0.0
20260415_114510_081622,3,4,0.5689082741737366,0.24491778016090393,-0.02,-0.6768615603685761,0.0,-0.044517188507597893,0.7580310106277466,0.0,0.0,0.0,0.02,0.0,0.0,artificial_grass,12345,2458047974,2,0,3,2,2,2,-0.39459753036499023,0.16446350514888763,-0.152382031083107,0.6328303217887878,-0.8114628791809082,-0.1992810070514679,-0.566240131855011,0.07195153087377548,-0.022030849009752274,1.0,0.13713908195495605,-0.5370370149612427,0.08576998114585876,-0.0623781681060791,0.10233917832374573,0.07017543911933899,-0.48343080282211304,0.5497075915336609,1.0,0.0,0.0,1.0,0.0,0.0,1.0,0.0,0.0
20260415_114510_081622,3,5,0.5613692998886108,0.25587326288223267,-0.20193587662252144,-0.8787974369910976,-0.13193587662252146,-0.3072749594139168,-1.0955482721328735,-1.5766721906402381,0.0,0.0,0.02,0.05,0.0,artificial_grass,12345,2458047974,2,0,3,2,2,2,0.32123133540153503,0.5677676796913147,-0.6741818189620972,0.29435962438583374,0.6339747905731201,0.16155141592025757,-0.8508684635162354,-0.04322366788983345,-0.014302835799753666,1.0,-0.15348128974437714,-0.25925925374031067,0.0760233923792839,-0.08187134563922882,0.4171539843082428,-0.37134504318237305,-0.059454191476106644,-0.30214425921440125,1.0,0.0,0.0,1.0,0.0,0.0,1.0,0.0,0.0
20260415_114510_081622,3,6,0.6745416522026062,0.22742748260498047,0.1508657883953166,-0.727931648595781,0.2208657883953166,0.48068828737086733,2.8445780277252197,-0.001999135474761715,0.0,0.0,0.02,0.05,0.0,artificial_grass,12345,2458047974,2,0,3,2,2,2,0.36911988258361816,-0.8918411731719971,-0.7278890013694763,-0.6720438599586487,1.0,0.6331161856651306,0.43931448459625244,-0.05264740064740181,-0.025471778586506844,1.0,-0.23034562170505524,0.18421052396297455,0.3070175349712372,-0.23099415004253387,0.12865497171878815,0.28752437233924866,0.06042885035276413,-0.5233917832374573,1.0,0.0,0.0,1.0,0.0,0.0,1.0,0.0,0.0
20260415_114510_081622,3,7,0.5912083983421326,0.23533152043819427,0.009840081586168628,-0.7180915670096123,0.057905266511695044,0.16291526969780534,-0.7904037833213806,0.2193481507447359,0.0,0.0,0.02,0.028065184925526412,0.0,artificial_grass,12345,2458047974,2,0,3,2,2,2,-0.589301347732544,1.0,-0.6365807056427002,0.4194355607032776,0.18679800629615784,0.0514046736061573,-0.9989948272705078,0.0888180285692215,0.003528238506987691,0.9964718222618103,0.18167974054813385,0.23976607620716095,-0.4863547682762146,0.19785575568675995,-0.40545809268951416,0.538986325263977,0.1393762230873108,0.19688108563423157,1.0,0.0,0.0,1.0,0.0,0.0,1.0,0.0,0.0
20260415_114510_081622,3,8,0.6056691408157349,0.22402867674827576,0.1503805157866106,-0.5677110512230017,0.1819269459083677,0.40475754452131696,1.1302843689918518,0.3845356987824289,0.0,0.0,0.02,0.011546430121757113,0.0,artificial_grass,12345,2458047974,2,0,3,2,2,2,0.05138762295246124,-0.32289233803749084,0.47290918231010437,0.8601430058479309,0.4772591292858124,0.4037545919418335,-0.7336060404777527,-0.015348529443144798,-0.004529797937721014,1.0,-0.21941356360912323,-0.3830409348011017,0.5263158082962036,-0.23489278554916382,0.21150097250938416,0.10331384092569351,0.054580897092819214,-0.5857699513435364,1.0,0.0,0.0,1.0,0.0,0.0,1.0,0.0,0.0
20260415_114510_081622,3,9,0.7468562126159668,0.2501049339771271,-0.18817091767658983,-0.7558819688995915,-0.15299398581040782,-0.34833827233029524,-2.607625722885132,0.3482306813381797,0.0,0.0,0.02,0.015176931866182032,0.0,artificial_grass,12345,2458047974,2,0,3,2,2,2,0.972505509853363,-0.8647005558013916,-0.8996551036834717,-0.7105453014373779,-0.12540793418884277,0.9226322770118713,0.8923740386962891,0.002727413084357977,0.006993260700255632,0.9930067658424377,-0.1794671267271042,0.04385964944958687,-0.17836257815361023,-0.22417153418064117,0.4785574972629547,0.19395712018013,0.15497076511383057,-0.48245614767074585,1.0,0.0,0.0,1.0,0.0,0.0,1.0,0.0,0.0
20260415_114510_081622,3,10,0.6885072588920593,0.1795368492603302,0.7251017506011284,-0.030780218298463113,0.7451017506011284,1.5029484136722004,7.0568084716796875,1.895696283517978,0.0,0.0,0.02,0.0,0.0,artificial_grass,12345,2458047974,2,0,3,2,2,2,-0.4886457324028015,0.9775064587593079,-0.3642765283584595,-0.5439875721931458,0.4076670706272125,-0.8009992241859436,0.8663914799690247,0.17921128869056702,-0.0195910707116127,1.0,0.28463372588157654,0.5867446660995483,-0.4853801131248474,0.22027289867401123,-0.35672515630722046,-0.0487329438328743,0.5029239654541016,0.5048732757568359,1.0,0.0,0.0,1.0,0.0,0.0,1.0,0.0,0.0
20260415_114510_081622,3,11,0.6879310607910156,0.17085696756839752,0.6436965910525492,0.6129163727540861,0.6636965910525492,1.3442083525524708,0.8679881691932678,3.5471795954843657,0.0,0.0,0.02,0.0,0.0,artificial_grass,12345,2458047974,2,0,3,2,2,2,-0.8699026107788086,0.5102614164352417,-0.6770095229148865,-0.6069889664649963,-0.505811333656311,0.20623120665550232,0.6878283023834229,0.1062750369310379,0.052351970225572586,0.9476480484008789,0.16341237723827362,-0.32261207699775696,0.5302144289016724,-0.09844054281711578,-0.32163742184638977,0.2914229929447174,-0.3118908405303955,0.5545808672904968,1.0,0.0,0.0,1.0,0.0,0.0,1.0,0.0,0.0
20260415_114510_081622,3,12,0.6308059096336365,0.13218042254447937,0.9672153282114394,1.5801317009655254,0.9872153282114394,1.975069890012307,3.867654502391815,5.041561198125805,0.0,0.0,0.02,0.0,0.0,artificial_grass,12345,2458047974,2,0,3,2,2,2,0.07409525662660599,-0.725400447845459,0.3658532500267029,0.5734252333641052,0.7154078483581543,-0.5130122900009155,0.29256001114845276,0.10555481910705566,0.06120097264647484,0.9387989640235901,0.1590164303779602,-0.5019493103027344,0.3118908405303955,0.10916179418563843,-0.32163742184638977,-0.16374269127845764,0.15009745955467224,0.4161793291568756,1.0,0.0,0.0,1.0,0.0,0.0,1.0,0.0,0.0
20260415_114510_081622,3,13,0.5924296379089355,0.16623039543628693,0.2774631257507886,1.8575948267163138,0.2974631257507886,0.6300530952140377,-3.4049972891807556,5.508699023642038,0.0,0.0,0.02,0.0,0.0,artificial_grass,12345,2458047974,2,0,3,2,2,2,0.22716106474399567,0.8686690926551819,0.8238042593002319,-0.2943757176399231,1.0,-0.27713802456855774,-0.8717067837715149,0.034148357808589935,0.10063109546899796,0.8993688821792603,-0.029645318165421486,0.04093567281961441,-0.4454191029071808,0.08576998114585876,0.2836257219314575,0.359649121761322,-0.3391812741756439,0.17251461744308472,1.0,0.0,0.0,1.0,0.0,0.0,1.0,0.0,0.0
20260415_114510_081622,3,14,0.6836128830909729,0.10966198146343231,0.9219231644778906,2.7795179911942043,0.9419231644778906,1.8867501707318866,5.656841397285461,6.990691649852607,0.0,0.0,0.02,0.0,0.0,artificial_grass,12345,2458047974,2,0,3,2,2,2,-0.47741422057151794,-0.14612933993339539,0.10454518347978592,-0.8151161074638367,0.2828468978404999,0.8295889496803284,0.06983955204486847,-0.013821935281157494,0.06591770052909851,0.9340823292732239,-0.24511322379112244,0.12085770070552826,0.4873294234275818,-0.19883041083812714,-0.19980506598949432,0.6023392081260681,-0.15399609506130219,-0.5087719559669495,1.0,0.0,0.0,1.0,0.0,0.0,1.0,0.0,0.0
20260415_114510_081622,3,15,0.6601841449737549,0.10644414275884628,0.7212864593146563,3.5008044505088605,0.7412864593146563,1.4955085956635799,0.3217838704586029,8.834538517846482,0.0,0.0,0.02,0.0,0.0,artificial_grass,12345,2458047974,2,0,3,2,2,2,0.3554129898548126,0.12901952862739563,0.26559576392173767,-0.2074078768491745,-0.112247034907341,0.6790456175804138,-0.43934524059295654,0.10015711933374405,0.12358829379081726,0.8764117360115051,0.04404474049806595,-0.2651072144508362,-0.049707602709531784,0.29629629850387573,-0.4600389897823334,0.16276803612709045,0.4356725215911865,0.020467836409807205,1.0,0.0,0.0,1.0,0.0,0.0,1.0,0.0,0.0
20260415_114510_081622,3,16,0.6187918186187744,0.11433851718902588,0.42834465948368244,3.929149109992543,0.44834465948368246,0.9242720859931808,-0.7894374430179596,8.255862190167463,0.0,0.0,0.02,0.0,0.0,artificial_grass,12345,2458047974,2,0,3,2,2,2,0.49425119161605835,0.48957473039627075,0.385076642036438,0.39971110224723816,-0.8716365098953247,-0.5163894295692444,-0.7686555981636047,0.07087121158838272,0.1268688291311264,0.8731312155723572,-0.038133397698402405,0.19980506598949432,0.03118908405303955,0.2163742631673813,-0.15107212960720062,-0.06530214101076126,0.4502924084663391,-0.2631579041481018,1.0,0.0,0.0,1.0,0.0,0.0,1.0,0.0,0.0
20260415_114510_081622,3,17,0.6036121845245361,0.10138178616762161,0.4759601743743586,4.405109284366901,0.49596017437435863,1.0171223400299994,1.2956731021404266,7.928776177644991,0.0,0.0,0.02,0.0,0.0,artificial_grass,12345,2458047974,2,0,3,2,2,2,0.7949127554893494,0.2269642949104309,0.8719556927680969,0.3475911021232605,-0.24574562907218933,-0.6500036120414734,-0.2958589792251587,0.019130755215883255,0.11882064491510391,0.8811793923377991,-0.20380915701389313,0.28654971718788147,0.25925925374031067,-0.02436647191643715,0.28167641162872314,-0.45614033937454224,0.15399609506130219,-0.4327485263347626,1.0,0.0,0.0,1.0,0.0,0.0,1.0,0.0,0.0
20260415_114510_081622,3,18,0.7972909212112427,0.09695073962211609,0.4023681634154588,4.80747744778236,0.4223681634154588,0.8736179186601447,0.44310465455055237,6.827324206292829,0.0,0.0,0.02,0.0,0.0,artificial_grass,12345,2458047974,2,0,3,2,2,2,-0.1522745043039322,-0.6589742302894592,0.39991679787635803,0.4868587553501129,-0.1801879107952118,0.8924811482429504,0.6459351181983948,0.0001562118559377268,0.13202981650829315,0.8679701685905457,-0.19532237946987152,0.47563353180885315,0.12962962687015533,-0.01461988314986229,0.21832358837127686,-0.11500974744558334,-0.30994153022766113,-0.16471734642982483,1.0,0.0,0.0,1.0,0.0,0.0,1.0,0.0,0.0
20260415_114510_081622,3,19,0.7117447853088379,0.10978922247886658,0.12576993209042492,4.933247379872785,0.1457699320904249,0.33425136757632856,-1.2838482856750488,6.53152247865512,0.0,0.0,0.02,0.0,0.0,artificial_grass,12345,2458047974,2,0,3,2,2,2,0.32594627141952515,0.47693946957588196,0.6054930090904236,0.44419559836387634,0.39590731263160706,-0.04674322530627251,-1.0,0.24225468933582306,0.13654719293117523,0.8634527921676636,0.168906107544899,-0.07407407462596893,-0.3674463927745819,0.3109161853790283,0.27582845091819763,-0.1588694006204605,0.3391812741756439,0.35575050115585327,1.0,0.0,0.0,1.0,0.0,0.0,1.0,0.0,0.0
20260415_114510_081622,3,20,0.6803406476974487,0.13354197144508362,-0.17032317870418556,4.7629242011686,-0.15032317870418557,-0.34313019847316184,-2.375274896621704,4.301642109450071,0.0,0.0,0.02,0.0,0.0,artificial_grass,12345,2458047974,2,0,3,2,2,2,0.6537836790084839,-0.37527573108673096,-0.0758683830499649,0.8820919990539551,-0.13242211937904358,-0.5782997608184814,-0.9141426086425781,0.1353219449520111,0.12345857918262482,0.8765413761138916,-0.23292043805122375,0.18908381462097168,0.2709551751613617,0.03313840180635452,0.24658869206905365,0.23196880519390106,-0.01656920090317726,-0.5945419073104858,1.0,0.0,0.0,1.0,0.0,0.0,1.0,0.0,0.0
20260415_114510_081622,3,21,0.6832073330879211,0.12865480780601501,-0.06498685448337199,4.697937346685228,-0.04367618352726146,-0.13516855787815985,0.48871636390686035,2.6709649559083317,0.0,0.026213419122210684,0.02,0.0,0.0,artificial_grass,12345,2458047974,2,0,3,2,2,2,0.4792475700378418,0.7349072694778442,-0.25761544704437256,0.878574013710022,0.7659926414489746,-0.7900810837745667,-0.6331009864807129,0.09606681019067764,0.09924302250146866,0.9007569551467896,-0.28235846757888794,0.39961013197898865,-0.22027289867401123,0.08382066339254379,0.538986325263977,-0.03898635506629944,-0.2582845985889435,-0.5370370149612427,1.0,0.0,0.0,1.0,0.0,0.0,1.0,0.0,0.0
20260415_114510_081622,3,22,0.7503429651260376,0.06403397023677826,0.7303082101350006,5.428245556820229,0.750843344011428,1.5141445208222848,6.4620837569236755,3.2608373907374357,0.0,0.01070267752854842,0.02,0.0,0.0,artificial_grass,12345,2458047974,2,0,3,2,2,2,-0.9894533157348633,-0.7116970419883728,-0.4719477593898773,-0.6002957820892334,0.6710294485092163,0.24430963397026062,-0.5078985095024109,0.09965014457702637,0.10422541201114655,0.8957745432853699,-0.25213128328323364,0.2777777910232544,0.4152046740055084,-0.19883041083812714,0.47465887665748596,0.3957115113735199,-0.46978557109832764,-0.3801169693470001,1.0,0.0,0.0,1.0,0.0,0.0,1.0,0.0,0.0
20260415_114510_081622,3,23,0.7284631729125977,0.08521190285682678,0.2639824668165025,5.692228023636731,0.28521029493103134,0.6061600751155112,-2.1177932620048523,2.8498751258229476,0.0,0.02455656229057661,0.02,0.0,0.0,artificial_grass,12345,2458047974,2,0,3,2,2,2,-0.4393537938594818,0.325662761926651,0.6907415986061096,-0.11129563301801682,0.8249892592430115,0.1883220225572586,-1.0,0.18356966972351074,0.17010532319545746,0.8298946619033813,-0.10803566873073578,-0.5604288578033447,0.012670565396547318,0.3888888955116272,-0.3050682246685028,0.4220272898674011,0.12085770070552826,-0.33723196387290955,1.0,0.0,0.0,1.0,0.0,0.0,1.0,0.0,0.0
20260415_114510_081622,3,24,0.8373188972473145,0.040462762117385864,0.7612043973449537,6.4534324209816845,0.7812043973449537,1.5733485748226599,4.474914073944092,3.5496057819854627,0.0,0.0,0.02,0.0,0.0,artificial_grass,12345,2458047974,2,0,3,2,2,2,0.30534693598747253,0.6353172659873962,-0.43044909834861755,0.6017656326293945,0.3648988902568817,0.28691917657852173,0.6193450093269348,0.15621991455554962,0.1485147476196289,0.8514853119850159,-0.1958240270614624,-0.30214425921440125,0.14424951374530792,0.3820662796497345,-0.09551656991243362,0.4785574972629547,0.11306042969226837,-0.595516562461853,1.0,0.0,0.0,1.0,0.0,0.0,1.0,0.0,0.0
20260415_114510_081622,3,25,0.8012365698814392,0.02622160129249096,0.7420714418363817,7.195503862818066,0.762072026533009,1.5360404517393675,1.4241160824894905,4.751394866148502,5.846966272265742e-06,0.0,0.02,0.0,0.0,artificial_grass,12345,2458047974,2,0,3,2,2,2,-0.4779152572154999,-0.30568021535873413,0.1631542593240738,0.46260809898376465,-0.7290815114974976,-0.4083680510520935,0.11146984994411469,0.2922895848751068,0.19413580000400543,0.8058642148971558,0.14685450494289398,0.16081871092319489,0.34405457973480225,-0.022417154163122177,0.2972709536552429,0.16959063708782196,0.12085770070552826,0.3187134563922882,1.0,0.0,0.0,1.0,0.0,0.0,1.0,0.0,0.0
20260415_114510_081622,3,26,0.8299156427383423,0.041327230632305145,0.35138444811580033,7.546888310933866,0.3714818488764961,0.7743896053091675,-1.5105629339814186,5.868914669930831,0.0009740076069575618,0.0,0.02,0.0,0.0,artificial_grass,12345,2458047974,2,0,3,2,2,2,0.5926117897033691,-0.5063791275024414,0.3817460238933563,-0.5610385537147522,0.9300445914268494,-0.31509506702423096,0.8574919104576111,0.24718670547008514,0.20865443348884583,0.7913455963134766,0.05157042667269707,-0.2631579041481018,-0.14424951374530792,0.2573099434375763,0.3460038900375366,-0.15497076511383057,-0.09844054281711578,0.11306042969226837,1.0,0.0,0.0,1.0,0.0,0.0,1.0,0.0,0.0
20260415_114510_081622,3,27,0.8208562135696411,0.030778683722019196,0.3871956848060854,7.934083995739952,0.4074389111482158,0.8445058767390208,1.054854691028595,6.848589104548012,0.0024322634213034613,0.0,0.02,0.0,0.0,artificial_grass,12345,2458047974,2,0,3,2,2,2,-0.9583595991134644,-0.31120166182518005,0.5805456042289734,0.19292911887168884,-0.9695632457733154,-0.6495174169540405,0.8878669738769531,0.2830355167388916,0.1932544857263565,0.8067454695701599,0.16146281361579895,0.3615984320640564,-0.2972709536552429,0.4376218318939209,-0.34502923488616943,0.5623781681060791,-0.2163742631673813,0.48927876353263855,1.0,0.0,0.0,1.0,0.0,0.0,1.0,0.0,0.0
20260415_114510_081622,3,28,0.7300717830657959,0.012376374565064907,0.5150176650586549,8.449101660798608,0.535095967424682,1.09343713647813,1.8402309156954288,6.427881720203857,0.0007830236602709021,0.0,0.02,0.0,0.0,artificial_grass,12345,2458047974,2,0,3,2,2,2,1.0,-0.42058706283569336,0.750210702419281,-0.5772113800048828,-0.14884279668331146,-0.33649638295173645,-0.6572028994560242,0.2717112898826599,0.204008549451828,0.7959914207458496,0.15056778490543365,-0.5662767887115479,-0.17251461744308472,0.48245614767074585,0.16374269127845764,-0.13060428202152252,-0.34307992458343506,0.5594542026519775,1.0,0.0,0.0,1.0,0.0,0.0,1.0,0.0,0.0
20260415_114510_081622,3,29,0.7767772078514099,0.008479954674839973,0.424776152301806,8.873877813100414,0.4448658203149832,0.9174883496142172,0.38964198902249336,6.739209994702563,0.0008966801317716821,0.0,0.02,0.0,0.0,artificial_grass,12345,2458047974,2,0,3,2,2,2,0.6590684652328491,-0.3018418848514557,-0.16126050055027008,-0.19130511581897736,1.0,-0.8633272647857666,0.6449788212776184,0.1582307368516922,0.22276942431926727,0.7772306203842163,-0.1939914971590042,0.6042885184288025,-0.2563352882862091,0.6081871390342712,-0.1871345043182373,-0.006822612136602402,-0.15789473056793213,-0.33040934801101685,1.0,0.0,0.0,1.0,0.0,0.0,1.0,0.0,0.0
20260415_114510_081622,3,30,0.7544172406196594,0.0006545991636812687,0.40751212170360274,9.281389934804016,0.42756417948185815,0.8837501499896234,0.7825355511158705,6.049611569869526,0.000520577782553915,0.0,0.02,0.0,0.0,artificial_grass,12345,2458047974,2,0,3,2,2,2,-0.8294479846954346,-0.25882187485694885,-0.03129490092396736,0.7241194844245911,-0.12955330312252045,0.4631587266921997,-0.518275260925293,0.21661248803138733,0.226741760969162,0.7732582092285156,-0.009845429100096226,0.41423001885414124,-0.18518517911434174,0.5594542026519775,-0.153021439909935,0.5272904634475708,-0.5487329363822937,0.376218318939209,1.0,0.0,0.0,1.0,0.0,0.0,1.0,0.0,0.0
20260415_114510_081622,3,31,0.7382166385650635,0.02186283841729164,0.02234974379752899,9.303739678601545,0.04236237494972947,0.13260663115197246,-2.1208239253610373,4.646177749282131,0.0001263115220048069,0.0,0.02,0.0,0.0,artificial_grass,12345,2458047974,2,0,3,2,2,2,-0.48756134510040283,0.6588888168334961,0.2123441994190216,0.41870948672294617,1.0,-0.38197535276412964,-0.7579113245010376,0.1886625736951828,0.23471957445144653,0.7652804255485535,-0.175838440656662,-0.49610137939453125,-0.14327485859394073,0.5584795475006104,0.38401558995246887,-0.1461988240480423,0.18518517911434174,-0.3469785451889038,1.0,0.0,0.0,1.0,0.0,0.0,1.0,0.0,0.0
20260415_114510_081622,3,32,0.8064229488372803,-0.038289569318294525,0.7764633585027119,10.080203037104257,0.7965462393608359,1.60326516675363,6.015240773558617,5.475053310726594,0.0008288085812399519,0.0,0.02,0.0,0.0,artificial_grass,12345,2458047974,2,0,3,2,2,2,-0.9053499698638916,-0.2102222591638565,-0.24606135487556458,-0.5875517129898071,-0.67503422498703,0.5915146470069885,-0.0869256854057312,0.16841177642345428,0.21309812366962433,0.7869018912315369,-0.25187739729881287,-0.30311891436576843,0.39278751611709595,0.2651072144508362,0.19103313982486725,0.446393758058548,-0.2582845985889435,-0.4385964870452881,1.0,0.0,0.0,1.0,0.0,0.0,1.0,0.0,0.0
20260415_114510_081622,3,33,0.8384618163108826,-0.048244915902614594,0.6983375014023044,10.778540538506562,0.7186320716272908,1.451332539673217,0.9955346584320068,6.08187997366079,0.0029457022498633905,0.0,0.02,0.0,0.0,artificial_grass,12345,2458047974,2,0,3,2,2,2,0.5725635886192322,0.8155930042266846,-0.9976367354393005,0.6211726665496826,0.11112933605909348,0.4845963716506958,0.6314005851745605,0.2536696791648865,0.2744225263595581,0.7255774736404419,-0.01021592691540718,-0.4941520392894745,-0.07407407462596893,0.7495126724243164,-0.24853801727294922,-0.28849902749061584,0.3674463927745819,-0.05750487372279167,1.0,0.0,0.0,1.0,0.0,0.0,1.0,0.0,0.0
20260415_114510_081622,3,34,0.7790523767471313,-0.029341310262680054,0.26995446479282503,11.048495003299386,0.29020987884951244,0.6159092637565493,-1.890360563993454,5.604352100939209,0.00255414056687375,0.0,0.02,0.0,0.0,artificial_grass,12345,2458047974,2,0,3,2,2,2,0.8174143433570862,0.6392465829849243,-0.3849389851093292,-0.0526297502219677,0.8909512162208557,-0.35020288825035095,-0.5779310464859009,0.29371827840805054,0.2845718562602997,0.7154281139373779,0.10559900850057602,0.34405457973480225,0.4931773841381073,0.4668616056442261,0.14424951374530792,-0.08966861665248871,0.23099415004253387,0.33820661902427673,1.0,0.0,0.0,1.0,0.0,0.0,1.0,0.0,0.0
20260415_114510_081622,3,35,0.8333349227905273,-0.07062836736440659,0.7200976020502532,11.768592605349639,0.7405683976208115,1.4941083753605824,4.128705710172653,6.180972126685575,0.004707955705582877,0.0,0.02,0.0,0.0,artificial_grass,12345,2458047974,2,0,3,2,2,2,-0.3613061010837555,0.34119221568107605,-0.7818084955215454,-0.01015449222177267,-0.27698904275894165,0.21392129361629486,0.011092201806604862,0.21945643424987793,0.2652999460697174,0.734700083732605,-0.19433610141277313,0.4941520392894745,0.3908382058143616,0.43469786643981934,-0.061403509229421616,0.4922027289867401,-0.21832358837127686,-0.3547758162021637,1.0,0.0,0.0,1.0,0.0,0.0,1.0,0.0,0.0
20260415_114510_081622,3,36,0.7988465428352356,-0.04575220122933388,0.20961602007322072,11.978208625422859,0.23009083494544205,0.498677128143612,-2.487616613507271,5.795899104839563,0.004748148722213476,0.0,0.02,0.0,0.0,artificial_grass,12345,2458047974,2,0,3,2,2,2,-0.6485611796379089,-0.7896084189414978,0.48013025522232056,0.019268130883574486,-0.19527310132980347,0.5403577089309692,-0.8142719864845276,0.2873097062110901,0.3073914349079132,0.6926085948944092,-0.015300603583455086,-0.2163742631673813,0.2495126724243164,0.6549707651138306,0.010721247643232346,-0.153021439909935,0.13645224273204803,0.001949317753314972,1.0,0.0,0.0,1.0,0.0,0.0,1.0,0.0,0.0
20260415_114510_081622,3,37,0.7932356595993042,-0.06394245475530624,0.3789177772964162,12.357126402719276,0.399366248336936,0.8287641842570252,1.8190253525972366,6.492056657944616,0.004484710405198393,0.0,0.02,0.0,0.0,artificial_grass,12345,2458047974,2,0,3,2,2,2,0.2941854000091553,-0.5701461434364319,0.4836892783641815,0.3891039490699768,-0.3628748953342438,-0.4178633689880371,-0.16127552092075348,0.24419912695884705,0.2820305824279785,0.7179694175720215,-0.15178333222866058,-1.0,-1.0,-1.0,-1.0,-1.0,-1.0,-1.0,1.0,0.0,0.0,1.0,0.0,0.0,1.0,0.0,0.0
20260415_114510_081622,3,38,0.7895039916038513,-0.02694731019437313,-0.1503108507129392,12.206815552006336,-0.1299002440156767,-0.30330547583056955,-3.6995144560933113,4.5854860153604164,0.00410606697262505,0.0,0.02,0.0,0.0,artificial_grass,12345,2458047974,2,0,3,2,2,2,0.5790648460388184,-0.47919511795043945,0.8556432127952576,0.799196183681488,-0.1309816837310791,1.0,-0.9144477844238281,0.2371855229139328,0.30057525634765625,0.699424684047699,-0.10380947589874268,-1.0,-1.0,-1.0,-1.0,-1.0,-1.0,-1.0,1.0,0.0,0.0,1.0,0.0,0.0,1.0,0.0,0.0
20260415_114510_081622,3,39,0.7800163626670837,-0.04056660085916519,0.011777258686302822,12.21859281069264,0.03230931269070844,0.11300315974688147,1.361929066479206,3.247156635434081,0.0033945161724605135,0.00385204774319132,0.02,0.0,0.0,artificial_grass,12345,2458047974,2,0,3,2,2,2,0.9044903516769409,0.5499041080474854,0.6286118626594543,-0.6848052740097046,-0.6654245257377625,0.4204899072647095,-0.842262327671051,0.23252101242542267,0.2628592848777771,0.7371407151222229,-0.2175552397966385,0.34307992458343506,-0.3245614171028137,0.9522417187690735,0.41325536370277405,-0.15107212960720062,0.35672515630722046,-0.5730994343757629,1.0,0.0,0.0,1.0,0.0,0.0,1.0,0.0,0.0
20260415_114510_081622,3,40,0.9493371844291687,-0.018868248909711838,-0.23049688591032066,11.98809592478232,-0.20908021996213988,-0.45770642892617275,-2.1698351949453354,2.173540942751359,0.014166659481807975,0.0,0.02,0.0,0.0,artificial_grass,12345,2458047974,2,0,3,2,2,2,0.8469805717468262,-0.062950998544693,0.013592197559773922,-0.32387444376945496,-0.5766386389732361,0.5621694922447205,1.0,0.22066140174865723,0.27674394845962524,0.7232560515403748,-0.207607701420784,0.5409356951713562,0.334307998418808,0.955165684223175,-0.28849902749061584,-0.32358673214912415,0.2992202639579773,-0.5029239654541016,1.0,0.0,0.0,1.0,0.0,0.0,1.0,0.0,0.0
20260415_114510_081622,3,41,0.8253986835479736,-0.07350624352693558,0.47743797939236343,12.465533904174682,0.4988051506338313,1.022670043735971,5.463799461722374,1.7021026111267474,0.013671712414678393,0.0,0.02,0.0,0.0,artificial_grass,12345,2458047974,2,0,3,2,2,2,-0.3112184703350067,0.6129069328308105,-0.1523849219083786,0.008933419361710548,-0.010323942638933659,-0.26528000831604004,-0.5521128177642822,0.4323124289512634,0.25462281703948975,0.7453771829605103,0.24098913371562958,-1.0,-1.0,-1.0,-1.0,-1.0,-1.0,-1.0,1.0,0.0,0.0,1.0,0.0,0.0,1.0,0.0,0.0
20260415_114510_081622,3,42,0.8253825306892395,-0.07532402127981186,0.3696679651308138,12.835201869305497,0.39099844955070495,0.8124469766238747,0.18177777528762817,2.01587245960701,0.01330484419891153,0.0,0.02,0.0,0.0,artificial_grass,12345,2458047974,2,0,3,2,2,2,-0.8753860592842102,-0.9180721044540405,0.404133141040802,-0.001669121440500021,0.18412066996097565,-0.4693349599838257,-0.42201778292655945,0.27738937735557556,0.31032538414001465,0.6896746158599854,-0.19290833175182343,-0.19785575568675995,0.3752436637878418,0.988304078578949,-0.013645224273204803,0.0,-0.1384015530347824,-0.32163742184638977,1.0,0.0,0.0,1.0,0.0,0.0,1.0,0.0,0.0
20260415_114510_081622,3,43,0.7723384499549866,0.006706719286739826,-0.786389188892974,12.048812680412523,-0.7135555290748098,-1.441433281695879,-8.203074056655169,-0.25432500634589417,0.008791022536419519,0.039091151290443917,0.02,0.05,0.0,artificial_grass,12345,2458047974,2,0,3,2,2,2,-0.6450200080871582,-0.5562424063682556,0.5200783610343933,0.4803468883037567,0.034634463489055634,-0.9140985608100891,-0.9676873683929443,0.2773691713809967,0.3121785819530487,0.6878214478492737,-0.1834411919116974,-1.0,-1.0,-1.0,-1.0,-1.0,-1.0,-1.0,1.0,0.0,0.0,1.0,0.0,0.0,1.0,0.0,0.0
20260415_114510_081622,3,44,0.8768376708030701,-0.09608405083417892,0.716405136052468,12.765217816464991,0.7377919444877228,1.4886942917510595,10.279077012091875,1.5376747612357349,0.013868084352547022,0.0,0.02,0.0,0.0,artificial_grass,12345,2458047974,2,0,3,2,2,2,-0.6673133373260498,-0.3782796859741211,-0.3014361560344696,0.7270827293395996,0.08643710613250732,-0.5773633122444153,0.6072642207145691,0.21106410026550293,0.2285495549440384,0.7714504599571228,-0.3657989501953125,-1.0,-1.0,-1.0,-1.0,-1.0,-1.0,-1.0,1.0,0.0,0.0,1.0,0.0,0.0,1.0,0.0,0.0
20260415_114510_081622,3,45,0.9096445441246033,-0.12084899097681046,0.8422311936894405,13.607449010154433,0.864432934553374,1.7356442223790793,2.476494014263153,3.1603158238679327,0.022017408639334664,0.0,0.02,0.0,0.0,artificial_grass,12345,2458047974,2,0,3,2,2,2,-0.08785965293645859,0.8877743482589722,0.4377858638763428,-0.8033918738365173,-0.2908165156841278,0.8137101531028748,0.12837570905685425,0.3416880965232849,0.33334311842918396,0.6666569113731384,-0.0017456576460972428,-1.0,-1.0,-1.0,-1.0,-1.0,-1.0,-1.0,1.0,0.0,0.0,1.0,0.0,0.0,1.0,0.0,0.0
20260415_114510_081622,3,46,0.8711363077163696,-0.1247333213686943,0.6692631800870833,14.276712190241517,0.691713552093025,1.3988414265813987,0.388433039188385,5.016863679375504,0.024503720059416655,0.0,0.02,0.0,0.0,artificial_grass,12345,2458047974,2,0,3,2,2,2,0.8026670217514038,0.37980327010154724,0.6185859441757202,0.21885088086128235,-0.9420907497406006,-0.2674988806247711,0.07576856017112732,0.3826966881752014,0.35859057307243347,0.6414094567298889,0.026574091985821724,-1.0,-1.0,-1.0,-1.0,-1.0,-1.0,-1.0,1.0,0.0,0.0,1.0,0.0,0.0,1.0,0.0,0.0
20260415_114510_081622,3,47,0.8559529781341553,-0.11263758689165115,0.3348423759037345,14.611554566145251,0.35730138872306344,0.7467377080099737,-1.2095734477043152,4.740931343649507,0.024590128193289446,0.0,0.02,0.0,0.0,artificial_grass,12345,2458047974,2,0,3,2,2,2,-0.5803304314613342,-0.3026459813117981,0.5780462026596069,0.7630144357681274,-0.9086266160011292,-0.4154175817966461,-0.24222271144390106,0.33456140756607056,0.3625505566596985,0.6374494433403015,-0.08083291351795197,0.4844054579734802,0.22709551453590393,0.9990253448486328,0.1461988240480423,-0.544834315776825,-0.12085770070552826,0.06042885035276413,1.0,0.0,0.0,1.0,0.0,0.0,1.0,0.0,0.0
20260415_114510_081622,3,48,0.8955289721488953,-0.13816891610622406,0.5659238309921455,15.177478397137397,0.5888905186522084,1.1983365113718065,2.5531329214572906,5.126820878397439,0.029666876600629697,0.0,0.02,0.0,0.0,artificial_grass,12345,2458047974,2,0,3,2,2,2,-0.950043261051178,-0.538167417049408,-0.7683755159378052,0.19983258843421936,0.8358532786369324,-0.7226543426513672,0.30911657214164734,0.3155822157859802,0.35021916031837463,0.649780809879303,-0.1712469905614853,-1.0,-1.0,-1.0,-1.0,-1.0,-1.0,-1.0,1.0,0.0,0.0,1.0,0.0,0.0,1.0,0.0,0.0
20260415_114510_081622,3,49,0.9143905639648438,-0.15898604691028595,0.6784932851296778,15.855971682267075,0.7021439249386696,1.4191806536304057,2.081713080406189,7.987434813723723,0.0365063980899187,0.0,0.02,0.0,0.0,artificial_grass,12345,2458047974,2,0,3,2,2,2,0.31793490052223206,-0.2315611094236374,0.22310370206832886,-0.8695719838142395,0.47430750727653503,0.1963321715593338,-0.63614422082901,0.36505216360092163,0.37624794244766235,0.6237520575523376,-0.07808186858892441,-1.0,-1.0,-1.0,-1.0,-1.0,-1.0,-1.0,1.0,0.0,0.0,1.0,0.0,0.0,1.0,0.0,0.0
20260415_114510_081622,3,50,1.0019797086715698,-0.18997667729854584,0.8918073874467937,16.747779069713868,0.9175134615022059,1.8391512499293015,3.0990630388259888,8.337891771901965,0.05706074055412243,0.0,0.02,0.0,0.0,artificial_grass,12345,2458047974,2,0,3,2,2,2,-0.5122714042663574,0.8974493145942688,-0.5674861669540405,0.12784521281719208,0.2881065011024475,0.12276555597782135,0.7187960147857666,0.3886291980743408,0.3974706828594208,0.6025292873382568,-0.15618796646595,-1.0,-1.0,-1.0,-1.0,-1.0,-1.0,-1.0,1.0,0.0,0.0,1.0,0.0,0.0,1.0,0.0,0.0
20260415_114510_081622,3,51,1.0018954277038574,-0.1898462027311325,0.6525062416924898,17.400285311406357,0.6800520888521209,1.3761015732616357,-0.013047456741333008,7.978349122784522,0.07545847159631011,0.0,0.02,0.0,0.0,artificial_grass,12345,2458047974,2,0,3,2,2,2,0.8657451868057251,-0.5545029640197754,-0.8723791837692261,0.3735939860343933,0.7716228365898132,-0.035054489970207214,0.7394897937774658,0.498115599155426,0.42906510829925537,0.5709348917007446,0.1473883092403412,-0.32943469285964966,0.49707603454589844,0.8771929740905762,0.013645224273204803,0.12962962687015533,0.030214425176382065,0.404483437538147,1.0,0.0,0.0,1.0,0.0,0.0,1.0,0.0,0.0
20260415_114510_081622,3,52,1.03679358959198,-0.18409551680088043,0.39998039980076117,17.800265711207118,0.42990206753329663,0.8883090316899285,-0.5750685930252075,7.467816727893052,0.09921667732535419,0.0,0.02,0.0,0.0,artificial_grass,12345,2458047974,2,0,3,2,2,2,-0.13367465138435364,-0.09750167280435562,0.6318309307098389,0.19018560647964478,0.6266340613365173,1.0,0.5240541100502014,0.4980103075504303,0.4289321005344391,0.5710678696632385,0.14285774528980255,-1.0,-1.0,-1.0,-1.0,-1.0,-1.0,-1.0,1.0,0.0,0.0,1.0,0.0,0.0,1.0,0.0,0.0
20260415_114510_081622,3,53,0.936953067779541,-0.1494474560022354,-0.10632042482136844,17.69394528638575,-0.07690756215316698,-0.19996974619867558,-3.464806079864502,6.521109273684402,0.09412862668201467,0.0,0.02,0.0,0.0,artificial_grass,12345,2458047974,2,0,3,2,2,2,1.0,0.4191594421863556,-0.44209012389183044,-0.08419696241617203,0.647190511226654,-0.4779127538204193,-1.0,0.5416330099105835,0.42306941747665405,0.576930582523346,0.15216414630413055,-1.0,-1.0,-1.0,-1.0,-1.0,-1.0,-1.0,1.0,0.0,0.0,1.0,0.0,0.0,1.0,0.0,0.0
20260415_114510_081622,3,54,0.9637770652770996,-0.1752368062734604,0.19840914704436519,17.892354433430114,0.22808022929826002,0.49475644713160705,2.5789350271224976,5.817529209444203,0.0967108225389486,0.0,0.02,0.0,0.0,artificial_grass,12345,2458047974,2,0,3,2,2,2,-0.4102921187877655,-0.18650710582733154,0.19517362117767334,0.9102292656898499,0.5026962161064148,0.14016838371753693,-0.6523289680480957,0.41683229804039,0.38774627447128296,0.612253725528717,-0.24763114750385284,0.6062378287315369,0.2436647117137909,0.8547758460044861,-0.04775828495621681,0.404483437538147,-0.23489278554916382,-0.5818713307380676,1.0,0.0,0.0,1.0,0.0,0.0,1.0,0.0,0.0
20260415_114510_081622,3,55,1.0793014764785767,-0.19162902235984802,0.3419506562950175,18.234305089725133,0.3748065320555914,0.7808727375084032,1.6392216086387634,5.1792212933222,0.12855875760573887,0.0,0.02,0.0,0.0,artificial_grass,12345,2458047974,2,0,3,2,2,2,-0.8494721055030823,0.5061807632446289,1.0,-0.03284445405006409,0.9546611309051514,-0.039081964641809464,0.8310263156890869,0.45036235451698303,0.4140380918979645,0.5859619379043579,-0.16700811684131622,-0.26120856404304504,-0.10721247643232346,0.955165684223175,0.4727095663547516,0.22612085938453674,0.008771929889917374,-0.42592594027519226,1.0,0.0,0.0,1.0,0.0,0.0,1.0,0.0,0.0
20260415_114510_081622,3,56,0.9853315949440002,-0.20703159272670746,0.43934107059393485,18.673646160319066,0.4721634934886112,0.9707188123027919,1.5402570366859436,4.310788855695691,0.12822422894676347,0.0,0.02,0.0,0.0,artificial_grass,12345,2458047974,2,0,3,2,2,2,0.07949700206518173,-0.5281160473823547,0.5924434661865234,0.08040416985750198,-0.17119266092777252,-0.7630556225776672,-0.5491988658905029,0.5947678089141846,0.43074968457221985,0.5692503452301025,0.19218036532402039,-0.5311890840530396,0.29434698820114136,0.9756335020065308,-0.04775828495621681,0.5214424729347229,-0.08674463629722595,0.4522417187690735,1.0,0.0,0.0,1.0,0.0,0.0,1.0,0.0,0.0
20260415_114510_081622,3,57,1.0868937969207764,-0.1966376155614853,0.17871150864833057,18.852357668967397,0.21445624620335188,0.46818968009653616,-1.0393977165222168,3.4028769625305912,0.1574473755502133,0.0,0.02,0.0,0.0,artificial_grass,12345,2458047974,2,0,3,2,2,2,0.45036011934280396,0.4134801924228668,-0.06064014881849289,0.5402132272720337,-0.7883747220039368,0.8852038383483887,0.7106897830963135,0.47730547189712524,0.4464523494243622,0.5535476207733154,-0.1342526376247406,-1.0,-1.0,-1.0,-1.0,-1.0,-1.0,-1.0,1.0,0.0,0.0,1.0,0.0,0.0,1.0,0.0,0.0
20260415_114510_081622,3,58,1.0479958057403564,-0.22885683178901672,0.5306174007369286,19.382975069704326,0.5674988029541981,1.1566226657606862,3.2219216227531433,3.671190596601349,0.16881402217269398,0.0,0.02,0.0,0.0,artificial_grass,12345,2458047974,2,0,3,2,2,2,-0.8239467144012451,-0.019194623455405235,-0.3319823145866394,0.7551527619361877,-0.45253315567970276,0.91410893201828,-0.2635616660118103,0.6042581796646118,0.4358558654785156,0.5641441345214844,0.22186179459095,0.2709551751613617,0.25438597798347473,0.9541910290718079,0.31676414608955383,-0.5029239654541016,0.48343080282211304,0.40058478713035583,1.0,0.0,0.0,1.0,0.0,0.0,1.0,0.0,0.0
20260415_114510_081622,3,59,1.1027040481567383,-0.23337803781032562,0.43760036061337076,19.820575430317696,0.4771780255657617,0.9804971498532353,0.4521206021308899,4.85165749265326,0.1957766495239094,0.0,0.02,0.0,0.0,artificial_grass,12345,2458047974,2,0,3,2,2,2,-0.5406408905982971,0.26687920093536377,-0.8137122988700867,-0.8601412177085876,0.2284269481897354,0.07572808861732483,0.8008585572242737,0.5556358098983765,0.4687028229236603,0.5312972068786621,0.03615238144993782,-1.0,-1.0,-1.0,-1.0,-1.0,-1.0,-1.0,1.0,0.0,0.0,1.0,0.0,0.0,1.0,0.0,0.0
20260415_114510_081622,3,60,1.0219964981079102,-0.28018200397491455,0.9125909325918053,20.7331663629095,0.9515241110280309,1.9054720165046604,4.680396616458893,6.262373062026313,0.18933178436225567,0.0,0.02,0.0,0.0,artificial_grass,12345,2458047974,2,0,3,2,2,2,0.7193577289581299,-0.19870692491531372,0.9385139346122742,-0.9412386417388916,0.3882412612438202,-0.5002549290657043,-0.34375399351119995,0.6240209937095642,0.473312109708786,0.5266878604888916,0.24312515556812286,-1.0,-1.0,-1.0,-1.0,-1.0,-1.0,-1.0,1.0,0.0,0.0,1.0,0.0,0.0,1.0,0.0,0.0
20260415_114510_081622,3,61,1.0836762189865112,-0.2506076395511627,0.287522790567129,21.020689153476628,0.32807430860753456,0.6897449017846924,-2.957436442375183,6.171245226302602,0.20551518040405561,0.0,0.02,0.0,0.0,artificial_grass,12345,2458047974,2,0,3,2,2,2,-0.654471218585968,-0.903049886226654,-1.0,-0.03378862887620926,-0.802761435508728,-0.01573401875793934,0.9638459086418152,0.523136556148529,0.5210280418395996,0.4789719879627228,-0.0329115130007267,-1.0,-1.0,-1.0,-1.0,-1.0,-1.0,-1.0,1.0,0.0,0.0,1.0,0.0,0.0,1.0,0.0,0.0
20260415_114510_081622,3,62,1.0713108777999878,-0.27677392959594727,0.5337438503054274,21.554433003782055,0.5751107320298099,1.1714659274581294,2.6166290044784546,6.37199234145794,0.2136688172438245,0.0,0.02,0.0,0.0,artificial_grass,12345,2458047974,2,0,3,2,2,2,0.4577944576740265,-0.040766358375549316,-0.2740005552768707,-0.13765431940555573,0.2107742875814438,0.608905017375946,0.22232471406459808,0.6002362966537476,0.4908774495124817,0.5091225504875183,0.24414093792438507,-1.0,-1.0,-1.0,-1.0,-1.0,-1.0,-1.0,1.0,0.0,0.0,1.0,0.0,0.0,1.0,0.0,0.0
20260415_114510_081622,3,63,1.0083582401275635,-0.2844724655151367,0.4838452940796708,22.038278297861726,0.5236219710632497,1.071062843573337,0.7698535919189453,6.974865504934741,0.1977667698357889,0.0,0.02,0.0,0.0,artificial_grass,12345,2458047974,2,0,3,2,2,2,-0.3633193373680115,-0.7687456607818604,0.6496175527572632,0.7689027786254883,-0.702276349067688,-0.009122809395194054,-0.42820167541503906,0.5847796201705933,0.5175535082817078,0.48244646191596985,0.13338685035705566,-1.0,-1.0,-1.0,-1.0,-1.0,-1.0,-1.0,1.0,0.0,0.0,1.0,0.0,0.0,1.0,0.0,0.0
20260415_114510_081622,3,64,1.059935212135315,-0.30667799711227417,0.6306166045041481,22.668894902365874,0.6709925244145831,1.3584354226084372,2.220553159713745,7.176678261782492,0.20375919910434975,0.0,0.02,0.0,0.0,artificial_grass,12345,2458047974,2,0,3,2,2,2,1.0,0.2721300721168518,-0.855715811252594,0.7204482555389404,0.391893595457077,0.2789425551891327,0.25278085470199585,0.5060887932777405,0.5254020690917969,0.47459790110588074,-0.0937875360250473,-1.0,-1.0,-1.0,-1.0,-1.0,-1.0,-1.0,1.0,0.0,0.0,1.0,0.0,0.0,1.0,0.0,0.0
20260415_114510_081622,3,65,1.0275089740753174,-0.30264633893966675,0.4054378771988114,23.074332779564685,0.4451462116108422,0.9180351126411423,-0.4031658172607422,7.114216224570399,0.1970833441203081,0.0,0.02,0.0,0.0,artificial_grass,12345,2458047974,2,0,3,2,2,2,0.4415220618247986,-0.49042636156082153,-0.7644152641296387,0.5797256827354431,-0.16154544055461884,-0.2440144568681717,-0.22264495491981506,0.5705600380897522,0.5480402708053589,0.4519596993923187,0.05800796300172806,0.607212483882904,0.15594542026519775,0.8830409646034241,0.3810916244983673,0.10526315867900848,0.07992202788591385,0.1257309913635254,1.0,0.0,0.0,1.0,0.0,0.0,1.0,0.0,0.0
20260415_114510_081622,3,66,1.0893491506576538,-0.284304141998291,0.05093632180444711,23.12526910136913,0.09229303125459574,0.22997141094646167,-1.8342196941375732,5.4387156190122,0.21356709450148628,0.0,0.02,0.0,0.0,artificial_grass,12345,2458047974,2,0,3,2,2,2,-0.5171670913696289,0.757331371307373,-0.9627729058265686,0.025961795821785927,-0.789171576499939,0.8514724969863892,0.5781996846199036,0.5300272703170776,0.5439300537109375,0.4560699462890625,-0.04280176758766174,-1.0,-1.0,-1.0,-1.0,-1.0,-1.0,-1.0,1.0,0.0,0.0,1.0,0.0,0.0,1.0,0.0,0.0
20260415_114510_081622,3,67,1.0120172500610352,-0.3317500948905945,0.6311962835416975,23.75646538491083,0.6710909643679179,1.35862738051744,4.744595289230347,6.1075980977449476,0.19894680826220387,0.0,0.02,0.0,0.0,artificial_grass,12345,2458047974,2,0,3,2,2,2,0.15754754841327667,-0.5628196597099304,0.3618040084838867,-0.0024501108564436436,-0.8127444982528687,-0.27941712737083435,-0.3174411654472351,0.607327401638031,0.5252304673194885,0.4747695326805115,0.1948813498020172,-1.0,-1.0,-1.0,-1.0,-1.0,-1.0,-1.0,1.0,0.0,0.0,1.0,0.0,0.0,1.0,0.0,0.0
20260415_114510_081622,3,68,1.0539950132369995,-0.3367892801761627,0.5212533802945242,24.277718765205353,0.5615129064242483,1.1449501675272842,0.5039185285568237,6.081082337814102,0.20259526129724187,0.0,0.02,0.0,0.0,artificial_grass,12345,2458047974,2,0,3,2,2,2,1.0,-0.19288475811481476,0.7733469605445862,0.07269155979156494,0.051781706511974335,1.0,0.13247236609458923,0.5106624960899353,0.5736008882522583,0.4263991117477417,-0.016612567007541656,-1.0,-1.0,-1.0,-1.0,-1.0,-1.0,-1.0,1.0,0.0,0.0,1.0,0.0,0.0,1.0,0.0,0.0
20260415_114510_081622,3,69,0.9696378111839294,-0.33470577001571655,0.35031270851981644,24.62803147372517,0.38801275468425916,0.8066248716343054,-0.2083510160446167,5.816644365875071,0.17700046164442698,0.0,0.02,0.0,0.0,artificial_grass,12345,2458047974,2,0,3,2,2,2,0.5898756980895996,1.0,0.8909458518028259,-1.0,-0.41112861037254333,-0.5433511734008789,-0.8911664485931396,0.5631347298622131,0.578738272190094,0.4212617576122284,0.081131212413311,-1.0,-1.0,-1.0,-1.0,-1.0,-1.0,-1.0,1.0,0.0,0.0,1.0,0.0,0.0,1.0,0.0,0.0
20260415_114510_081622,3,70,1.001476526260376,-0.3644912540912628,0.6295792790666759,25.257610752791845,0.666464490058662,1.349605755614391,2.9785484075546265,5.807814698881025,0.16885210991986102,0.0,0.02,0.0,0.0,artificial_grass,12345,2458047974,2,0,3,2,2,2,0.9723727107048035,-0.2041100114583969,-0.5365571975708008,0.3272049129009247,0.5187826752662659,-0.9893712997436523,0.5407109260559082,0.45768827199935913,0.5766141414642334,0.4233858585357666,-0.18850548565387726,-1.0,-1.0,-1.0,-1.0,-1.0,-1.0,-1.0,1.0,0.0,0.0,1.0,0.0,0.0,1.0,0.0,0.0
20260415_114510_081622,3,71,1.1028064489364624,-0.38043564558029175,0.6582691597460701,25.915879912537914,0.697853386634111,1.4108141039365165,1.594439148902893,6.300593690176399,0.19584226888040857,0.0,0.02,0.0,0.0,artificial_grass,12345,2458047974,2,0,3,2,2,2,-0.25411760807037354,0.40356168150901794,0.6424448490142822,0.60990971326828,0.09873561561107635,0.3580170273780823,0.6179134845733643,0.4974866509437561,0.6069799661636353,0.39302000403404236,-0.013261076994240284,-1.0,-1.0,-1.0,-1.0,-1.0,-1.0,-1.0,1.0,0.0,0.0,1.0,0.0,0.0,1.0,0.0,0.0
20260415_114510_081622,3,72,1.0590952634811401,-0.36901208758354187,0.3303236432835434,26.246203555821456,0.37052391181212146,0.7725216280336369,-1.1423557996749878,6.843143907263574,0.2020026852857802,0.0,0.02,0.0,0.0,artificial_grass,12345,2458047974,2,0,3,2,2,2,-0.6247074604034424,0.5604167580604553,-0.03044743463397026,0.4510226249694824,-0.7646021246910095,0.7864784598350525,-0.5780857801437378,0.6241490840911865,0.6232349872589111,0.3767649829387665,0.11685339361429214,-0.1598440557718277,0.2495126724243164,0.9678362607955933,0.3265107274055481,-0.011695906519889832,0.07797271013259888,0.34502923488616943,1.0,0.0,0.0,1.0,0.0,0.0,1.0,0.0,0.0
20260415_114510_081622,3,73,1.0850931406021118,-0.3966177999973297,0.5838143293261118,26.83001788514757,0.6254020673691907,1.269534031369922,2.760571241378784,6.754050558116056,0.21587738043078877,0.0,0.02,0.0,0.0,artificial_grass,12345,2458047974,2,0,3,2,2,2,-0.8745030760765076,-0.7969987988471985,0.5395130515098572,-0.4593084752559662,-0.08638528734445572,0.3781900405883789,0.027324775233864784,0.5695100426673889,0.6115888953208923,0.38841113448143005,-0.06676636636257172,-0.36549708247184753,0.3469785451889038,0.9561403393745422,0.28265106678009033,-0.4444444477558136,0.4853801131248474,-0.34502923488616943,1.0,0.0,0.0,1.0,0.0,0.0,1.0,0.0,0.0
20260415_114510_081622,3,74,1.1105209589004517,-0.38708382844924927,0.2968116751074372,27.126829560255008,0.34041088965406774,0.7138012348254321,-0.9533971548080444,6.322901625414204,0.23599214546630512,0.0,0.02,0.0,0.0,artificial_grass,12345,2458047974,2,0,3,2,2,2,-0.8057870864868164,0.15072105824947357,-0.5333465933799744,-0.10417287796735764,1.0,0.846234142780304,0.028748610988259315,0.6020074486732483,0.6397324800491333,0.3602675199508667,0.035354483872652054,-1.0,-1.0,-1.0,-1.0,-1.0,-1.0,-1.0,1.0,0.0,0.0,1.0,0.0,0.0,1.0,0.0,0.0
20260415_114510_081622,3,75,1.0639526844024658,-0.39977121353149414,0.3681550482250796,27.494984608480088,0.411556693935997,0.8525355531751941,1.2687385082244873,6.368812306955093,0.23401645710917374,0.0,0.02,0.0,0.0,artificial_grass,12345,2458047974,2,0,3,2,2,2,-0.4899778962135315,0.3633349537849426,0.5012680888175964,-0.3744114637374878,-1.0,-0.9898439049720764,-0.44796356558799744,0.6337921619415283,0.6300127506256104,0.36998727917671204,0.06013059988617897,-1.0,-1.0,-1.0,-1.0,-1.0,-1.0,-1.0,1.0,0.0,0.0,1.0,0.0,0.0,1.0,0.0,0.0
20260415_114510_081622,3,76,1.0601723194122314,-0.3908708989620209,0.1450366709853079,27.640021279465397,0.1881506669972132,0.4168938006445657,-0.8900314569473267,5.436100351985267,0.23113996011905297,0.0,0.02,0.0,0.0,artificial_grass,12345,2458047974,2,0,3,2,2,2,0.8407415151596069,-0.3645723760128021,-0.706350564956665,0.6229519248008728,-0.30650395154953003,0.46194013953208923,-0.5686145424842834,0.5755819082260132,0.6429473161697388,0.35705268383026123,-0.05788174644112587,-1.0,-1.0,-1.0,-1.0,-1.0,-1.0,-1.0,1.0,0.0,0.0,1.0,0.0,0.0,1.0,0.0,0.0
20260415_114510_081622,3,77,1.0902824401855469,-0.40151098370552063,0.2270928875510167,27.867114167016414,0.27111408670303405,0.5786724690709164,1.0640084743499756,4.603958717119667,0.2402119915201732,0.0,0.02,0.0,0.0,artificial_grass,12345,2458047974,2,0,3,2,2,2,-0.9530759453773499,-0.6649260520935059,-0.8839690089225769,0.23021025955677032,-0.13336411118507385,-0.8454720973968506,0.5659793019294739,0.5708564519882202,0.6338735818862915,0.3661264181137085,-0.08230727165937424,-1.0,-1.0,-1.0,-1.0,-1.0,-1.0,-1.0,1.0,0.0,0.0,1.0,0.0,0.0,1.0,0.0,0.0
20260415_114510_081622,3,78,1.0414443016052246,-0.4026009142398834,0.16801801148616335,28.03513217850258,0.21089877700628662,0.4612526151622589,0.1089930534362793,4.292689704248289,0.2288076552012328,0.0,0.02,0.0,0.0,artificial_grass,12345,2458047974,2,0,3,2,2,2,0.3867388367652893,-0.021994546055793762,0.573021411895752,-0.1870405524969101,0.35561415553092957,-0.32475757598876953,-0.5210723876953125,0.6084940433502197,0.6447210311889648,0.35527899861335754,0.08788395673036575,-1.0,-1.0,-1.0,-1.0,-1.0,-1.0,-1.0,1.0,0.0,0.0,1.0,0.0,0.0,1.0,0.0,0.0
20260415_114510_081622,3,79,1.037545084953308,-0.4084987938404083,0.1854746253804385,28.22060680388302,0.22737766737682819,0.49338645138481496,0.5897879600524902,3.5165421242631822,0.21903041996389708,0.0,0.02,0.0,0.0,artificial_grass,12345,2458047974,2,0,3,2,2,2,-0.7725247144699097,0.38145431876182556,0.5169363617897034,0.04354801028966904,-0.5069890022277832,-0.30992212891578674,-0.44036585092544556,0.5474463701248169,0.6458321213722229,0.3541678488254547,-0.1398506909608841,-1.0,-1.0,-1.0,-1.0,-1.0,-1.0,-1.0,1.0,0.0,0.0,1.0,0.0,0.0,1.0,0.0,0.0
20260415_114510_081622,3,80,1.1323206424713135,-0.3998335003852844,0.008357374404604365,28.228964178287622,0.05302948828744565,0.15340750216051902,-0.8665293455123901,2.956148391598269,0.2467211388284128,0.0,0.02,0.0,0.0,artificial_grass,12345,2458047974,2,0,3,2,2,2,0.7981418967247009,-0.373221755027771,-0.5008537173271179,-0.5365673303604126,-0.7852873802185059,0.44989100098609924,0.8677803874015808,0.5425723791122437,0.6518449783325195,0.34815502166748047,-0.13036984205245972,-1.0,-1.0,-1.0,-1.0,-1.0,-1.0,-1.0,1.0,0.0,0.0,1.0,0.0,0.0,1.0,0.0,0.0
20260415_114510_081622,3,81,1.116257667541504,-0.411038875579834,0.1307999878666612,28.359764166154285,0.17702051614570682,0.3951900064841283,1.120537519454956,2.4988028449072033,0.2622052827904563,0.0,0.02,0.0,0.0,artificial_grass,12345,2458047974,2,0,3,2,2,2,-0.9650031328201294,-0.7942632436752319,-0.26295700669288635,0.01016840711236,-0.8818733096122742,-0.7377034425735474,0.8410162925720215,0.661041796207428,0.6430107951164246,0.35698917508125305,0.22915884852409363,-1.0,-1.0,-1.0,-1.0,-1.0,-1.0,-1.0,1.0,0.0,0.0,1.0,0.0,0.0,1.0,0.0,0.0
20260415_114510_081622,3,82,1.0821971893310547,-0.4471825659275055,0.5436776299473345,28.90344179610162,0.5897357761819899,1.1999847635548804,3.614369034767151,3.281893807817518,0.26058146234655416,0.0,0.02,0.0,0.0,artificial_grass,12345,2458047974,2,0,3,2,2,2,0.7011219263076782,-0.6930217146873474,-0.48021674156188965,-1.0,0.427451491355896,-0.4896332323551178,0.6179072856903076,0.6409630179405212,0.6544345617294312,0.34556543827056885,0.2068486511707306,-1.0,-1.0,-1.0,-1.0,-1.0,-1.0,-1.0,1.0,0.0,0.0,1.0,0.0,0.0,1.0,0.0,0.0
20260415_114510_081622,3,83,1.0568809509277344,-0.44919222593307495,0.4167020508343383,29.32014384693596,0.4616564475925111,0.9502300728053967,0.2009660005569458,3.6534514115519983,0.24954396758172806,0.0,0.02,0.0,0.0,artificial_grass,12345,2458047974,2,0,3,2,2,2,-0.29636895656585693,-0.1345491111278534,-0.3569719195365906,0.7247729301452637,-0.5992276668548584,-0.8229421377182007,0.5302261710166931,0.5983874797821045,0.6912823915481567,0.3087175488471985,0.10760562121868134,-1.0,-1.0,-1.0,-1.0,-1.0,-1.0,-1.0,1.0,0.0,0.0,1.0,0.0,0.0,1.0,0.0,0.0
20260415_114510_081622,3,84,1.1524771451950073,-0.4608633518218994,0.44157130094885344,29.761715147884814,0.4894618983716201,1.0044507018246591,1.1671125888824463,4.1966494982143985,0.27890597422766594,0.0,0.02,0.0,0.0,artificial_grass,12345,2458047974,2,0,3,2,2,2,1.0,-0.608607292175293,-0.8835946321487427,-0.39858636260032654,0.9095543622970581,0.2755471169948578,0.6553284525871277,0.5667421817779541,0.6933313012123108,0.3066687285900116,0.008621334098279476,-0.18226121366024017,-0.08576998114585876,0.9015594720840454,0.44736841320991516,-0.317738801240921,-0.40545809268951416,0.3479532301425934,1.0,0.0,0.0,1.0,0.0,0.0,1.0,0.0,0.0
20260415_114510_081622,3,85,1.164183497428894,-0.45066913962364197,0.17929436052838013,29.941009508413195,0.2299911391856718,0.49848272141205996,-1.0194212198257446,4.2017457682416435,0.3069677865729167,0.0,0.02,0.0,0.0,artificial_grass,12345,2458047974,2,0,3,2,2,2,-0.5707675814628601,0.31462568044662476,0.04779064655303955,0.5966740846633911,-0.9523336291313171,0.7871853709220886,0.5967385172843933,0.6862373948097229,0.7052297592163086,0.294770210981369,0.14939607679843903,-1.0,-1.0,-1.0,-1.0,-1.0,-1.0,-1.0,1.0,0.0,0.0,1.0,0.0,0.0,1.0,0.0,0.0
20260415_114510_081622,3,86,1.1110175848007202,-0.49535325169563293,0.6883702598385035,30.6293797682517,0.7389563296711875,1.4909648428588156,4.468411207199097,5.53930310893994,0.30586069832684015,0.0,0.02,0.0,0.0,artificial_grass,12345,2458047974,2,0,3,2,2,2,-0.8673725724220276,-0.5671802759170532,0.44581520557403564,-0.20032358169555664,0.17530006170272827,0.19519561529159546,-0.20551636815071106,0.7008703947067261,0.6948369741439819,0.30516305565834045,0.1801385134458542,-0.35185185074806213,0.1881091594696045,0.8499025106430054,0.359649121761322,-0.5614035129547119,0.4385964870452881,0.3460038900375366,1.0,0.0,0.0,1.0,0.0,0.0,1.0,0.0,0.0
20260415_114510_081622,3,87,1.0983943939208984,-0.48901793360710144,0.41661572567920085,31.0459954939309,0.4665849640670912,0.9598406799308279,-0.6335318088531494,6.10395378238664,0.29969238387890323,0.0,0.02,0.0,0.0,artificial_grass,12345,2458047974,2,0,3,2,2,2,-0.4716920852661133,0.15618902444839478,-0.7611161470413208,-0.996018648147583,0.9204630851745605,-0.4039425849914551,-0.13321878015995026,0.6344130039215088,0.7403916716575623,0.25960832834243774,-0.0039028378669172525,-1.0,-1.0,-1.0,-1.0,-1.0,-1.0,-1.0,1.0,0.0,0.0,1.0,0.0,0.0,1.0,0.0,0.0
20260415_114510_081622,3,88,1.0743820667266846,-0.4967385530471802,0.3939949152328667,31.439990409163766,0.44251076715389104,0.9128959959500875,0.7720619440078735,5.816865014781847,0.2851585192102428,0.0,0.02,0.0,0.0,artificial_grass,12345,2458047974,2,0,3,2,2,2,0.609249472618103,-0.09401681274175644,-0.6576176881790161,0.4420313835144043,-0.21547795832157135,-0.1200142502784729,-0.5755563974380493,0.6186339855194092,0.7339329719543457,0.2660670578479767,-0.03412293270230293,-1.0,-1.0,-1.0,-1.0,-1.0,-1.0,-1.0,1.0,0.0,0.0,1.0,0.0,0.0,1.0,0.0,0.0
20260415_114510_081622,3,89,1.155677318572998,-0.504906952381134,0.3793722627811772,31.819362671944944,0.43019588733918473,0.8888819803114103,0.8168399333953857,5.75551692228786,0.30823624558007495,0.0,0.02,0.0,0.0,artificial_grass,12345,2458047974,2,0,3,2,2,2,0.8321507573127747,0.00261720921844244,0.004080158192664385,-0.2848552465438843,-0.8054698705673218,0.5938474535942078,0.6163671612739563,0.5886186361312866,0.7418039441108704,0.25819602608680725,-0.15135511755943298,0.3674463927745819,-0.0692007765173912,0.9385964870452881,0.28167641162872314,-0.11208576709032059,-0.04580896720290184,-0.34892788529396057,1.0,0.0,0.0,1.0,0.0,0.0,1.0,0.0,0.0
20260415_114510_081622,3,90,1.045740008354187,-0.5015827417373657,0.22565587974395107,32.0450185516889,0.2736185739176172,0.5835562191393535,-0.33242106437683105,5.334622439602555,0.27962694173666075,0.0,0.02,0.0,0.0,artificial_grass,12345,2458047974,2,0,3,2,2,2,-0.8448987603187561,0.02595580369234085,-1.0,0.3828393816947937,-0.00936808530241251,-0.47809553146362305,-0.7337327003479004,0.6902376413345337,0.7501316070556641,0.2498684525489807,0.16227899491786957,-1.0,-1.0,-1.0,-1.0,-1.0,-1.0,-1.0,1.0,0.0,0.0,1.0,0.0,0.0,1.0,0.0,0.0
20260415_114510_081622,3,91,1.2135624885559082,-0.5374279618263245,0.6054617870989564,32.65048033878785,0.6583577777325557,1.3337976665784836,3.584522008895874,6.1699373847689785,0.3289599063359926,0.0,0.02,0.0,0.0,artificial_grass,12345,2458047974,2,0,3,2,2,2,-0.5576589703559875,0.14348016679286957,0.41446709632873535,-0.6754438281059265,0.7500870823860168,0.30447840690612793,0.7401267886161804,0.5528159737586975,0.7467425465583801,0.2532574236392975,-0.25005432963371277,-1.0,-1.0,-1.0,-1.0,-1.0,-1.0,-1.0,1.0,0.0,0.0,1.0,0.0,0.0,1.0,0.0,0.0
20260415_114510_081622,3,92,1.1314948797225952,-0.5379042625427246,0.4403386849721166,33.09081902375997,0.4934644963301888,1.0122557678438682,0.04763007164001465,5.691228309754031,0.33125811358072177,0.0,0.02,0.0,0.0,artificial_grass,12345,2458047974,2,0,3,2,2,2,-0.5337938666343689,-0.4134553372859955,0.3255641758441925,-0.15820655226707458,-0.9119871258735657,0.6580349802970886,-0.919400155544281,0.7625941038131714,0.7832862138748169,0.2167137861251831,0.17859473824501038,-1.0,-1.0,-1.0,-1.0,-1.0,-1.0,-1.0,1.0,0.0,0.0,1.0,0.0,0.0,1.0,0.0,0.0
20260415_114510_081622,3,93,1.1637228727340698,-0.5680334568023682,0.6952152189530985,33.78603424271307,0.749959837114863,1.512421682373983,3.0129194259643555,6.243809312197186,0.34744618161764523,0.0,0.02,0.0,0.0,artificial_grass,12345,2458047974,2,0,3,2,2,2,0.0949789360165596,1.0,-0.37618497014045715,-0.6689865589141846,-0.9551489949226379,-0.9440538287162781,0.34909212589263916,0.6600096225738525,0.783771812915802,0.2162282019853592,-0.09970830380916595,-1.0,-1.0,-1.0,-1.0,-1.0,-1.0,-1.0,1.0,0.0,0.0,1.0,0.0,0.0,1.0,0.0,0.0
20260415_114510_081622,3,94,1.088031530380249,-0.5195082426071167,-0.06735260108913099,33.71868164162394,-0.014776458000408154,-0.0788140931007959,-4.8525214195251465,5.252099223146303,0.3257614308872283,0.0,0.02,0.0,0.0,artificial_grass,12345,2458047974,2,0,3,2,2,2,0.2972617447376251,-0.09187626093626022,-1.0,0.8466578125953674,-0.9546932578086853,-0.0674968957901001,-0.9106028079986572,0.700294554233551,0.8144879937171936,0.1855120062828064,0.09784825891256332,-1.0,-1.0,-1.0,-1.0,-1.0,-1.0,-1.0,1.0,0.0,0.0,1.0,0.0,0.0,1.0,0.0,0.0
20260415_114510_081622,3,95,1.0910301208496094,-0.5474845170974731,0.25159185987706134,33.970273501501,0.30271604740169866,0.6402962924333124,2.7976274490356445,5.003513535268205,0.31124187524637276,0.0,0.02,0.0,0.0,artificial_grass,12345,2458047974,2,0,3,2,2,2,-0.23926222324371338,-0.39017391204833984,0.978807270526886,0.7508643269538879,-1.0,-1.0,-0.22378115355968475,0.6056804060935974,0.7650173902511597,0.2349826693534851,-0.288442462682724,-1.0,-1.0,-1.0,-1.0,-1.0,-1.0,-1.0,1.0,0.0,0.0,1.0,0.0,0.0,1.0,0.0,0.0
20260415_114510_081622,3,96,1.0715879201889038,-0.5201639533042908,-0.12807123527884817,33.84220226622215,-0.0783548079510632,-0.20279187550457323,-2.7320563793182373,4.217165440624278,0.29242608458101377,0.009476377393671758,0.02,0.0,0.0,artificial_grass,12345,2458047974,2,0,3,2,2,2,0.3636281192302704,0.40336164832115173,0.7683665156364441,-0.8314655423164368,0.6791639924049377,-1.0,-0.6424278616905212,0.6094286441802979,0.7935386896133423,0.20646131038665771,-0.17041437327861786,-1.0,-1.0,-1.0,-1.0,-1.0,-1.0,-1.0,1.0,0.0,0.0,1.0,0.0,0.0,1.0,0.0,0.0
20260415_114510_081622,3,97,1.2581334114074707,-0.6219696998596191,0.9440398333800739,34.78624209960223,1.0,2.3930497572547793,10.180574655532837,5.276417531300574,0.35960166619926026,0.0,0.02,0.0,0.0,artificial_grass,12345,2458047974,2,0,3,2,2,2,-0.7420480847358704,0.2727409303188324,0.16484159231185913,0.556280791759491,0.10832905769348145,0.5473553538322449,0.6978816390037537,0.5851258635520935,0.7656857967376709,0.2343141883611679,-0.32736316323280334,-1.0,-1.0,-1.0,-1.0,-1.0,-1.0,-1.0,1.0,0.0,0.0,1.0,0.0,0.0,1.0,0.0,0.0
20260415_114510_081622,3,98,1.2656599283218384,-0.6233680248260498,0.8508626447075007,35.637104744309724,0.9126899703086425,1.8297454421018529,0.1398324966430664,6.093907205558558,0.4182732560114178,0.0,0.02,0.0,0.0,artificial_grass,12345,2458047974,2,0,3,2,2,2,0.2633696496486664,0.40877214074134827,0.5670593976974487,0.9874378442764282,0.3468993008136749,-0.07165704667568207,0.6028976440429688,0.8183076977729797,0.8694751262664795,0.1305248737335205,0.10583071410655975,-1.0,-1.0,-1.0,-1.0,-1.0,-1.0,-1.0,1.0,0.0,0.0,1.0,0.0,0.0,1.0,0.0,0.0
20260415_114510_081622,3,99,1.3158559799194336,-0.6095132827758789,0.43129299350871425,36.06839773781844,0.5004823232421114,1.0259405303221172,-1.3854742050170898,5.607426053506693,0.4918932973339711,0.0,0.02,0.0,0.0,artificial_grass,12345,2458047974,2,0,3,2,2,2,-0.054389484226703644,-0.24127145111560822,-0.8138067126274109,-0.5116415619850159,1.0,0.45512524247169495,0.24489857256412506,0.8277158737182617,0.8709006905555725,0.1290992796421051,0.10213946551084518,-1.0,-1.0,-1.0,-1.0,-1.0,-1.0,-1.0,1.0,0.0,0.0,1.0,0.0,0.0,1.0,0.0,0.0
20260415_114510_081622,3,100,1.2809549570083618,-0.6361831426620483,0.6377453586340116,36.70614309645245,0.710872766613243,1.4362018948958237,2.6669859886169434,7.122442041503312,0.5312740797923132,0.0,0.02,0.0,0.0,artificial_grass,12345,2458047974,2,0,3,2,2,2,0.9334369897842407,0.6652169823646545,-0.8922668695449829,-0.15223807096481323,0.2560690641403198,-0.8066508769989014,0.18186475336551666,0.8904609680175781,0.8567760586738586,0.14322397112846375,0.1338556557893753,-1.0,-1.0,-1.0,-1.0,-1.0,-1.0,-1.0,1.0,0.0,0.0,1.0,0.0,0.0,1.0,0.0,0.0
20260415_114510_081622,3,101,1.2603124380111694,-0.6319597363471985,0.3976014852700675,37.103744581722516,0.4725980837439057,0.9715662633006161,-0.42234063148498535,7.453712012370616,0.5499659847383821,0.0,0.02,0.0,0.0,artificial_grass,12345,2458047974,2,0,3,2,2,2,0.578549325466156,0.4074970483779907,-0.6642088890075684,0.7378545999526978,-0.7353309392929077,-0.5895324945449829,-0.003061892231926322,0.8468345403671265,0.8839654922485352,0.11603448539972305,0.05193590372800827,0.5623781681060791,0.38401558995246887,0.9629629850387573,-0.04775828495621681,0.2553606331348419,-0.3469785451889038,0.1325536072254181,1.0,0.0,0.0,1.0,0.0,0.0,1.0,0.0,0.0
20260415_114510_081622,3,102,1.1805633306503296,-0.576769232749939,-0.3801561366525424,36.72358844506997,-0.3082502012594968,-0.6510878924560188,-5.519050359725952,7.00541599541917,0.5190593539304557,0.0,0.02,0.0,0.0,artificial_grass,12345,2458047974,2,0,3,2,2,2,-0.3808436393737793,-0.9852614998817444,0.7085975408554077,0.872536301612854,-1.0,-0.332242876291275,-1.0,0.8210315704345703,0.8796598315238953,0.12034018337726593,-0.02399185672402382,0.37037035822868347,0.2719298303127289,0.9064327478408813,0.4775828421115875,-0.28167641162872314,-0.3187134563922882,0.039961013942956924,1.0,0.0,0.0,1.0,0.0,0.0,1.0,0.0,0.0
20260415_114510_081622,3,103,1.371813416481018,-0.6285051107406616,0.3066675742256151,37.030256019295585,0.38722104124412937,0.8050810304260523,5.173587799072266,5.417447268590443,0.6055346701851424,0.0,0.02,0.0,0.0,artificial_grass,12345,2458047974,2,0,3,2,2,2,0.4508379399776459,-0.947207510471344,0.07803256064653397,0.2668326199054718,0.907497763633728,0.9518436193466187,0.39927053451538086,0.7213451862335205,0.8233939409255981,0.17660602927207947,-0.25343766808509827,-1.0,-1.0,-1.0,-1.0,-1.0,-1.0,-1.0,1.0,0.0,0.0,1.0,0.0,0.0,1.0,0.0,0.0
20260415_114510_081622,3,104,1.4079735279083252,-0.5930707454681396,-0.20877950672943035,36.82147651256616,-0.11899915845821214,-0.28204835899351366,-3.5434365272521973,3.305653467495077,0.6978034827121821,0.0,0.02,0.0,0.0,artificial_grass,12345,2458047974,2,0,3,2,2,2,0.9037030339241028,0.7436094284057617,-0.19598828256130219,0.14216473698616028,-0.029005594551563263,0.3379960060119629,0.910636305809021,0.9604076147079468,0.8761378526687622,0.1238621175289154,0.18940044939517975,-1.0,-1.0,-1.0,-1.0,-1.0,-1.0,-1.0,1.0,0.0,0.0,1.0,0.0,0.0,1.0,0.0,0.0
20260415_114510_081622,3,105,1.3821979761123657,-0.6326093673706055,0.27738600810658126,37.09886252067274,0.3727842452905172,0.7769292783165085,3.953862190246582,3.056642215489468,0.7539823718393591,0.0,0.02,0.0,0.0,artificial_grass,12345,2458047974,2,0,3,2,2,2,-0.051961690187454224,-0.45413893461227417,0.7272236347198486,0.2260802686214447,-0.847748875617981,-0.7829181551933289,0.558090329170227,1.0,0.8400131464004517,0.15998686850070953,0.3503744602203369,0.5048732757568359,0.33625730872154236,0.9103313684463501,0.09356725215911865,-0.01461988314986229,0.19785575568675995,0.5419103503227234,1.0,0.0,0.0,1.0,0.0,0.0,1.0,0.0,0.0
20260415_114510_081622,3,106,1.3172030448913574,-0.6279575228691101,0.11818695128898535,37.21704947196172,0.21353889548718086,0.46640084620000266,-0.46518445014953613,2.086841166793647,0.7535194419819552,0.0,0.02,0.0,0.0,artificial_grass,12345,2458047974,2,0,3,2,2,2,-0.5585463047027588,-0.06665709614753723,0.7585806250572205,0.3805554509162903,0.010733122006058693,0.9516821503639221,-0.9360113143920898,0.9733884930610657,0.8803220987319946,0.11967787891626358,0.2634894847869873,-1.0,-1.0,-1.0,-1.0,-1.0,-1.0,-1.0,1.0,0.0,0.0,1.0,0.0,0.0,1.0,0.0,0.0
20260415_114510_081622,3,107,1.3100403547286987,-0.6329513788223267,0.12292788418481133,37.339977356146534,0.21776770947713267,0.4746470334804087,0.4993855953216553,1.5899219369734396,0.7483982529232134,0.0,0.02,0.0,0.0,artificial_grass,12345,2458047974,2,0,3,2,2,2,0.46032097935676575,-0.6739638447761536,-0.728989839553833,-0.07606856524944305,0.7841829657554626,0.22041228413581848,-0.8351950645446777,0.8921447992324829,0.8755796551704407,0.12442035228013992,-0.02373250015079975,-1.0,-1.0,-1.0,-1.0,-1.0,-1.0,-1.0,1.0,0.0,0.0,1.0,0.0,0.0,1.0,0.0,0.0
20260415_114510_081622,3,108,1.3901362419128418,-0.6271719932556152,-0.017047364808822463,37.32292999133771,0.08282083894488616,0.211500635942528,-0.5779385566711426,2.4525104653719865,0.7986820375370861,0.0,0.02,0.0,0.0,artificial_grass,12345,2458047974,2,0,3,2,2,2,-0.37106797099113464,-0.41650304198265076,-0.49090149998664856,0.43050745129585266,-0.015378191135823727,0.06869807839393616,0.7272828817367554,0.8831912875175476,0.8806708455085754,0.11932919174432755,-0.052634116262197495,-1.0,-1.0,-1.0,-1.0,-1.0,-1.0,-1.0,1.0,0.0,0.0,1.0,0.0,0.0,1.0,0.0,0.0
20260415_114510_081622,3,109,1.4070281982421875,-0.6060390472412109,-0.2701222529820657,37.05280773835565,-0.16394778123241796,-0.369698173403215,-2.1132946014404297,1.2777312615427192,0.8494009680530917,0.024687498886772317,0.02,0.0,0.0,artificial_grass,12345,2458047974,2,0,3,2,2,2,0.8494645357131958,-0.7907439470291138,-0.1179317906498909,0.17753168940544128,0.6602690815925598,0.14897625148296356,0.8723168969154358,0.9833112955093384,0.8747788071632385,0.12522117793560028,0.26891982555389404,-1.0,-1.0,-1.0,-1.0,-1.0,-1.0,-1.0,1.0,0.0,0.0,1.0,0.0,0.0,1.0,0.0,0.0
20260415_114510_081622,3,110,1.3306301832199097,-0.6068781018257141,-0.2091869320437167,36.84362080631193,-0.10579346945632497,-0.25629726543983367,0.08390545845031738,1.3034823550963992,0.8339346258739171,0.0,0.02,0.0,0.0,artificial_grass,12345,2458047974,2,0,3,2,2,2,1.0,-0.7860540747642517,-0.7237568497657776,0.777592122554779,1.0,0.7527770400047302,-0.985636830329895,1.0,0.8532341122627258,0.14676590263843536,0.30939680337905884,-1.0,-1.0,-1.0,-1.0,-1.0,-1.0,-1.0,1.0,0.0,0.0,1.0,0.0,0.0,1.0,0.0,0.0
20260415_114510_081622,3,111,1.4046610593795776,-0.6241751909255981,-0.009947614438158225,36.83367319187377,0.09754065559857632,0.2402042784172238,1.7297089099884033,0.7667573551971145,0.8748827003673453,0.0,0.02,0.0,0.0,artificial_grass,12345,2458047974,2,0,3,2,2,2,-0.6671116948127747,0.5511894226074219,0.3579074442386627,-0.3091920018196106,-0.2621923089027405,0.7531459331512451,-0.08613573759794235,0.9089286923408508,0.8540895581245422,0.14591051638126373,-0.03459233045578003,-1.0,-1.0,-1.0,-1.0,-1.0,-1.0,-1.0,1.0,0.0,0.0,1.0,0.0,0.0,1.0,0.0,0.0
20260415_114510_081622,3,112,1.3809008598327637,-0.6469619274139404,0.24999066724553473,37.083663859119305,0.358882882575119,0.7498216210214821,2.2786736488342285,1.050178130018594,0.8889221532958427,0.0,0.02,0.0,0.0,artificial_grass,12345,2458047974,2,0,3,2,2,2,-0.7068547010421753,0.29835405945777893,-0.808725893497467,0.3103112280368805,1.0,-0.6713420748710632,0.1679292768239975,1.0,0.8717235922813416,0.12827639281749725,0.2176874428987503,-1.0,-1.0,-1.0,-1.0,-1.0,-1.0,-1.0,1.0,0.0,0.0,1.0,0.0,0.0,1.0,0.0,0.0
20260415_114510_081622,3,113,1.3575276136398315,-0.6562117338180542,0.2730838050433658,37.35674766416267,0.3813391671122814,0.7936113758689487,0.924980640411377,1.369142472407134,0.8825536206891554,0.0,0.02,0.0,0.0,artificial_grass,12345,2458047974,2,0,3,2,2,2,-0.16176661849021912,-0.777565062046051,0.3666282296180725,-0.20753921568393707,-1.0,-0.8220658302307129,-0.12779267132282257,0.9717670679092407,0.8949543237686157,0.10504570603370667,0.11011037230491638,-0.4356725215911865,0.18226121366024017,0.988304078578949,0.17056530714035034,0.600389838218689,-0.3947368562221527,0.11013644933700562,1.0,0.0,0.0,1.0,0.0,0.0,1.0,0.0,0.0
20260415_114510_081622,3,114,1.3741482496261597,-0.6591202616691589,0.20790178272513546,37.564649446887806,0.3168829375278651,0.667921728179337,0.29085278511047363,1.825563564643943,0.8898115480272963,0.0,0.02,0.0,0.0,artificial_grass,12345,2458047974,2,0,3,2,2,2,-0.9991406202316284,-0.18424710631370544,-0.8879019618034363,-0.7734317779541016,0.6086401343345642,-0.5299017429351807,0.16918250918388367,0.9425504803657532,0.9043843150138855,0.0956156775355339,0.05334802344441414,-1.0,-1.0,-1.0,-1.0,-1.0,-1.0,-1.0,1.0,0.0,0.0,1.0,0.0,0.0,1.0,0.0,0.0
20260415_114510_081622,3,115,1.355950951576233,-0.6586183905601501,0.1166098219514792,37.681259268839284,0.22481770174834848,0.4883945184092795,-0.050187110900878906,2.6836562564564375,0.8820787979686927,0.0,0.02,0.0,0.0,artificial_grass,12345,2458047974,2,0,3,2,2,2,-0.403511643409729,0.6930221915245056,-0.9501140117645264,0.9018527269363403,1.0,-0.2837364077568054,-0.2023884803056717,0.9633262753486633,0.9073495268821716,0.09265045076608658,0.10177473723888397,-1.0,-1.0,-1.0,-1.0,-1.0,-1.0,-1.0,1.0,0.0,0.0,1.0,0.0,0.0,1.0,0.0,0.0
20260415_114510_081622,3,116,1.3479291200637817,-0.647673487663269,-0.08516969854215702,37.596089570297124,0.021883751992272837,0.09267331638493204,-1.0944902896881104,3.032626838281203,0.8705345053442984,0.0,0.02,0.0,0.0,artificial_grass,12345,2458047974,2,0,3,2,2,2,-0.6032209396362305,0.8856101632118225,0.38603582978248596,0.4999600648880005,0.6593340635299683,0.5194414258003235,-0.7768977284431458,0.9405795931816101,0.9068378806114197,0.09316209703683853,0.03037435933947563,-0.2563352882862091,0.4083820581436157,0.8099415302276611,0.41325536370277405,0.5272904634475708,-0.19883041083812714,-0.12768031656742096,1.0,0.0,0.0,1.0,0.0,0.0,1.0,0.0,0.0
20260415_114510_081622,3,117,1.3862634897232056,-0.6706446409225464,0.1955525019234584,37.79164207222058,0.3045045224464764,0.6437838187706291,2.2971153259277344,3.4362063786346084,0.8895202052301798,0.0,0.02,0.0,0.0,artificial_grass,12345,2458047974,2,0,3,2,2,2,0.4498074948787689,-0.6914550065994263,0.9468353390693665,0.7526534795761108,-0.2525331377983093,-0.025174235925078392,-0.14081016182899475,0.9305523037910461,0.895679771900177,0.10432024300098419,-0.03716251254081726,-0.37037035822868347,0.4980506896972656,0.7904483675956726,0.29629629850387573,0.3693957030773163,0.24756334722042084,-0.49610137939453125,1.0,0.0,0.0,1.0,0.0,0.0,1.0,0.0,0.0
20260415_114510_081622,3,118,1.2903807163238525,-0.6254802346229553,-0.40929382334216396,37.38234824887842,-0.3057806632881014,-0.6462722934117977,-4.5164406299591064,2.0401124642013286,0.8351316005406257,0.0,0.02,0.0,0.0,artificial_grass,12345,2458047974,2,0,3,2,2,2,0.3758825361728668,0.264309823513031,-0.8298066258430481,1.0,0.8583459258079529,-0.6666479110717773,-0.9681075811386108,0.9784702062606812,0.919098436832428,0.08090156316757202,0.09312277287244797,-1.0,-1.0,-1.0,-1.0,-1.0,-1.0,-1.0,1.0,0.0,0.0,1.0,0.0,0.0,1.0,0.0,0.0
20260415_114510_081622,3,119,1.4045913219451904,-0.6891236305236816,0.434158489001359,37.816506737879784,0.5417336807483585,1.106380677459299,6.364339590072632,2.352881765791679,0.8757519174699948,0.0,0.02,0.0,0.0,artificial_grass,12345,2458047974,2,0,3,2,2,2,-0.6350578665733337,0.17720149457454681,0.19792108237743378,-0.4595169425010681,-0.8896774649620056,-0.5952082872390747,0.635678768157959,0.858616828918457,0.8730541467666626,0.12694592773914337,-0.17537662386894226,0.2085769921541214,0.11890838295221329,0.8606237769126892,0.5477582812309265,0.47660818696022034,-0.38596490025520325,-0.5701754093170166,1.0,0.0,0.0,1.0,0.0,0.0,1.0,0.0,0.0
20260415_114510_081622,3,120,1.356433629989624,-0.710972249507904,0.572808869554083,38.389315607433865,0.680000503948743,1.3760009827000488,2.184861898422241,3.0609610203123907,0.8719163439465992,0.0,0.02,0.0,0.0,artificial_grass,12345,2458047974,2,0,3,2,2,2,-0.6478282809257507,0.3638240396976471,0.8203367590904236,-0.41628405451774597,0.3391907215118408,-0.5470536351203918,-0.2833896279335022,1.0,0.9379374980926514,0.06206250935792923,0.20403727889060974,-0.37231969833374023,0.11500974744558334,0.971734881401062,0.35087719559669495,0.03801169618964195,-0.34405457973480225,0.39863547682762146,1.0,0.0,0.0,1.0,0.0,0.0,1.0,0.0,0.0
20260415_114510_081622,3,121,1.3589683771133423,-0.7141534090042114,0.437287837888194,38.82660344532206,0.5443742176578019,1.1115297244327138,0.3181159496307373,3.684096226335825,0.8708637976960792,0.0,0.02,0.0,0.0,artificial_grass,12345,2458047974,2,0,3,2,2,2,1.0,0.060067664831876755,-0.09050983935594559,-1.0,0.06498781591653824,-0.6249512434005737,-0.16051428020000458,0.9411829113960266,0.9602118134498596,0.03978820517659187,-0.0006347066373564303,-1.0,-1.0,-1.0,-1.0,-1.0,-1.0,-1.0,1.0,0.0,0.0,1.0,0.0,0.0,1.0,0.0,0.0
20260415_114510_081622,3,122,1.4051092863082886,-0.7044140696525574,0.16665739782550065,38.99326084314756,0.27700708181188743,0.5901638095331805,-0.9739339351654053,4.1815867194840735,0.9034968398638674,0.0,0.02,0.0,0.0,artificial_grass,12345,2458047974,2,0,3,2,2,2,-0.8287160992622375,-0.4945611357688904,-0.5666104555130005,0.749183177947998,-0.9813215732574463,0.6200051307678223,0.21956707537174225,0.9443513751029968,0.9634550213813782,0.03654499351978302,0.01951819472014904,-1.0,-1.0,-1.0,-1.0,-1.0,-1.0,-1.0,1.0,0.0,0.0,1.0,0.0,0.0,1.0,0.0,0.0
20260415_114510_081622,3,123,1.4194186925888062,-0.696835458278656,-0.00971677600530721,38.983544067142255,0.10418337066787241,0.2531575728023512,-0.7578611373901367,3.7909604735157956,0.9390014667317961,0.0,0.02,0.0,0.0,artificial_grass,12345,2458047974,2,0,3,2,2,2,0.7958219647407532,-0.8072811961174011,0.2764141857624054,0.05485524982213974,-0.14190325140953064,-0.5675079226493835,0.909715473651886,1.0,0.9535258412361145,0.04647413641214371,0.17297714948654175,-1.0,-1.0,-1.0,-1.0,-1.0,-1.0,-1.0,1.0,0.0,0.0,1.0,0.0,0.0,1.0,0.0,0.0
20260415_114510_081622,3,124,1.3465451002120972,-0.7503354549407959,5.0,43.983544067142255,0.757624664695011,1.5273680961552714,5.28290867805481,5.964600863082865,0.9117668916731693,0.0,0.02,0.0,0.0,artificial_grass,12345,2458047974,2,0,3,2,2,2,-0.78651362657547,0.1717682033777237,0.34697166085243225,-0.4224240183830261,-0.9401640892028809,0.3156452178955078,-0.6752191185951233,1.0,0.9457995891571045,0.05420038104057312,0.2781199812889099,-1.0,-1.0,-1.0,-1.0,-1.0,-1.0,-1.0,1.0,0.0,0.0,1.0,0.0,0.0,1.0,0.0,0.0
