Run_ID,Episode,Timestep,X_Position,Y_Position,Rewards,Cumulative_Rewards,Progress_Reward,Distance_Progress_Cm,Raw_Distance_Progress_Cm,Window_Progress_Cm,X_Drift_Penalty,Heading_Penalty,Living_Penalty,No_Progress_Penalty,Backward_Penalty,Terrain,Experiment_Seed,Episode_Seed,Terrain_ID,Terrain_Block_Index,Episode_In_Terrain_Block,Scale_Head,Scale_Body,Scale_Tail,Motor1_Action,Motor2_Action,Motor3_Action,Motor4_Action,Motor5_Action,Motor6_Action,Motor7_Action,X_Drift_Norm,Z_Progress_Norm,Z_Remaining_Norm,Heading_Norm,Motor1_Norm,Motor2_Norm,Motor3_Norm,Motor4_Norm,Motor5_Norm,Motor6_Norm,Motor7_Norm,Head_TPU_SPIKES,Head_TPU_NO_SPIKES,Head_PLA_SPIKES,Head_PLA_NO_SPIKES,Body_TPU_SPIKES,Body_TPU_NO_SPIKES,Body_PLA_SPIKES,Body_PLA_NO_SPIKES,Tail_TPU_SPIKES,Tail_TPU_NO_SPIKES,Tail_PLA_SPIKES,Tail_PLA_NO_SPIKES
20260320_140411_268302,0,0,1.8877323865890503,0.3359298706054687,-0.02,-0.02,0.0,-0.1496590673923492,-0.598636269569397,0.0,0.0,0.0,0.02,0.0,0.0,carpet,12345,2458047581,0,0,0,0,0,0,0.18304056,0.29827625,-0.716428,0.48266724,-0.2793686,0.42383367,-0.045083184,0.0,-0.0,1.0,0.0,-1.0,-1.0,-1.0,-1.0,-1.0,-1.0,-1.0,1.0,0.0,0.0,0.0,1.0,0.0,0.0,0.0,1.0,0.0,0.0,0.0
20260320_140411_268302,0,1,1.846386432647705,0.3411043584346771,-0.02,-0.04,0.0,-0.2416064962744712,-0.5174487829208374,0.0,0.0,0.0,0.02,0.0,0.0,carpet,12345,2458047581,0,0,0,0,0,0,0.778384,0.41074392,0.7595232,0.29502663,0.3710828,-0.23692398,-0.6808556,0.0058994293,-0.005297934,1.0,-0.0050991485,-1.0,-1.0,-1.0,-1.0,-1.0,-1.0,-1.0,1.0,0.0,0.0,0.0,1.0,0.0,0.0,0.0,1.0,0.0,0.0,0.0
20260320_140411_268302,0,2,1.8693938255310056,0.3302799761295318,-0.02,-0.06,0.0,0.0894046854227781,1.0824382305145264,0.0,0.0,0.0,0.02,0.0,0.0,carpet,12345,2458047581,0,0,0,0,0,0,0.83551306,0.93113893,0.5594259,-0.23090747,-0.07175231,-0.1695832,-0.046240404,-0.045783043,-0.009877352,1.0,-0.16281544,-1.0,-1.0,-1.0,-1.0,-1.0,-1.0,-1.0,1.0,0.0,0.0,0.0,1.0,0.0,0.0,0.0,1.0,0.0,0.0,0.0
20260320_140411_268302,0,3,1.901502132415772,0.3412489593029022,-0.02,-0.08,0.0,-0.2071710652671754,-1.096898317337036,0.0,0.0,0.0,0.02,0.0,0.0,carpet,12345,2458047581,0,0,0,0,0,0,0.28803632,0.14532274,-0.0010272849,0.9252386,-0.59657276,0.70201516,0.114790365,-0.01702385,-0.00029776382,1.0,-0.05292359,-1.0,-1.0,-1.0,-1.0,-1.0,-1.0,-1.0,1.0,0.0,0.0,0.0,1.0,0.0,0.0,0.0,1.0,0.0,0.0,0.0
20260320_140411_268302,0,4,1.8952406644821167,0.3408425450325012,-0.02,-0.1,0.0,-0.1452179421903565,0.0406414270401001,0.0,0.0,0.0,0.02,0.0,0.0,carpet,12345,2458047581,0,0,0,0,0,0,-0.3970573,0.41940045,0.24148752,0.40198058,-0.10570238,-0.5696718,0.4970796,0.023111533,-0.010005337,1.0,0.014632087,-1.0,-1.0,-1.0,-1.0,-1.0,-1.0,-1.0,1.0,0.0,0.0,0.0,1.0,0.0,0.0,0.0,1.0,0.0,0.0,0.0
20260320_140411_268302,0,5,1.916667342185974,0.3619723618030548,-0.1699999999999999,-0.27,0.0,-0.6371588759066071,-2.112981677055359,-1.2914087616081815,0.0,0.0,0.02,0.15,0.0,carpet,12345,2458047581,0,0,0,0,0,0,-0.35764453,0.37166005,-0.058529504,0.15703835,-0.3567153,-0.49870604,1.0,0.015284729,-0.009645657,1.0,0.06173746,-1.0,-1.0,-1.0,-1.0,-1.0,-1.0,-1.0,1.0,0.0,0.0,0.0,1.0,0.0,0.0,0.0,1.0,0.0,0.0,0.0
20260320_140411_268302,0,6,1.971287727355957,0.3657619953155517,-0.1699999999999999,-0.44,0.0,-0.5726099947423791,-0.3789633512496948,-1.7143596889582111,0.0,0.0,0.02,0.15,0.0,carpet,12345,2458047581,0,0,0,0,0,0,0.6366764,-0.7402355,0.65482,-0.9555564,0.6978034,0.8373976,0.14114666,0.0420681,-0.028345529,1.0,0.14727743,-1.0,-1.0,-1.0,-1.0,-1.0,-1.0,-1.0,1.0,0.0,0.0,0.0,1.0,0.0,0.0,0.0,1.0,0.0,0.0,0.0
20260320_140411_268302,0,7,1.9927250146865845,0.3948959708213806,-0.1699999999999999,-0.61,0.0,-1.1578068837025055,-2.9133975505828857,-2.630560076386246,0.0,0.0,0.02,0.15,0.0,carpet,12345,2458047581,0,0,0,0,0,0,0.15865928,-0.14563598,0.3651856,-0.5658569,-0.5635001,0.467698,0.76223177,0.11034355,-0.031699356,1.0,0.11310696,-1.0,-1.0,-1.0,-1.0,-1.0,-1.0,-1.0,1.0,0.0,0.0,0.0,1.0,0.0,0.0,0.0,1.0,0.0,0.0,0.0
20260320_140411_268302,0,8,1.881629586219788,0.3409925401210785,-0.1699999999999999,-0.78,0.0,0.4792306047306738,5.390343070030212,-2.24073415707835,0.0,0.0,0.02,0.15,0.0,carpet,12345,2458047581,0,0,0,0,0,0,-0.8278154,-0.59016067,-0.98287845,0.5500256,0.5942285,-0.75089264,-0.3606012,0.13714027,-0.05748293,1.0,0.27270404,-1.0,-1.0,-1.0,-1.0,-1.0,-1.0,-1.0,1.0,0.0,0.0,0.0,1.0,0.0,0.0,0.0,1.0,0.0,0.0,0.0
20260320_140411_268302,0,9,1.9089730978012085,0.3343324065208435,-0.1699999999999999,-0.95,0.0,0.52592629355388,0.6660133600234985,-1.507636798257295,0.0,0.0,0.02,0.15,0.0,carpet,12345,2458047581,0,0,0,0,0,0,-1.0,-0.7046659,-0.41816822,-0.066457,-0.94089806,0.67536,-0.6370796,-0.0017290115,-0.009778402,1.0,-0.10351668,-1.0,-1.0,-1.0,-1.0,-1.0,-1.0,-1.0,1.0,0.0,0.0,0.0,1.0,0.0,0.0,0.0,1.0,0.0,0.0,0.0
20260320_140411_268302,0,10,2.025075912475586,0.4146106541156769,-0.1699999999999999,-1.12,0.0,-1.6125114697054244,-8.027824759483337,-2.9749303257723625,0.0,0.0,0.02,0.15,0.0,carpet,12345,2458047581,0,0,0,0,0,0,0.5856472,-0.35421544,0.732972,0.6588474,-0.013108833,0.7144897,0.8660874,0.032450296,-0.0038841635,1.0,-0.056295265,-1.0,-1.0,-1.0,-1.0,-1.0,-1.0,-1.0,1.0,0.0,0.0,0.0,1.0,0.0,0.0,0.0,1.0,0.0,0.0,0.0
20260320_140411_268302,0,11,1.9616148471832275,0.3282317519187927,-0.1699999999999999,-1.2899999999999998,0.0,0.9500889526430284,8.637890219688416,-1.3876824972227269,0.0,0.0,0.02,0.15,0.0,carpet,12345,2458047581,0,0,0,0,0,0,0.67555815,-0.23452255,-0.37354478,0.59933263,0.022786513,0.00866644,-0.5153077,0.17757893,-0.074930444,1.0,0.3419022,-1.0,-1.0,-1.0,-1.0,-1.0,-1.0,-1.0,1.0,0.0,0.0,0.0,1.0,0.0,0.0,0.0,1.0,0.0,0.0,0.0
20260320_140411_268302,0,12,1.9500954151153564,0.32666015625,-0.1699999999999999,-1.4599999999999995,0.0,0.7518566062020966,0.1571595668792724,-0.0632158962782512,0.0,0.0,0.02,0.15,0.0,carpet,12345,2458047581,0,0,0,0,0,0,-0.5032678,-0.34899738,-0.68156123,-0.1762711,-0.705004,-0.051237665,-0.641228,0.09825249,0.0015149156,0.998485,-0.026850011,-1.0,-1.0,-1.0,-1.0,-1.0,-1.0,-1.0,1.0,0.0,0.0,0.0,1.0,0.0,0.0,0.0,1.0,0.0,0.0,0.0
20260320_140411_268302,0,13,1.8757624626159668,0.3172575235366821,-0.0753225370045609,-1.535322537004561,0.0,0.7989582724845263,0.9402632713317872,1.8935492599087809,0.0,0.0,0.02,0.0553225370045609,0.0,carpet,12345,2458047581,0,0,0,0,0,0,-0.021782702,-0.80430907,0.3131241,-0.24860775,-0.189434,-0.90729725,-0.26997244,0.08385315,0.002905763,0.9970942,-0.04619904,-1.0,-1.0,-1.0,-1.0,-1.0,-1.0,-1.0,1.0,0.0,0.0,0.0,1.0,0.0,0.0,0.0,1.0,0.0,0.0,0.0
20260320_140411_268302,0,14,1.9985159635543823,0.3555386364459991,-0.1171745231595719,-1.652497060164133,0.0,-0.3578091183695449,-3.8281112909317017,1.0565095368085622,0.0,0.0,0.02,0.0971745231595719,0.0,carpet,12345,2458047581,0,0,0,0,0,0,0.49518612,-0.33118972,0.114104256,0.6800465,0.40523753,-0.056963656,0.90648496,-0.009062958,0.011227096,0.98877287,-0.09509421,-1.0,-1.0,-1.0,-1.0,-1.0,-1.0,-1.0,1.0,0.0,0.0,0.0,1.0,0.0,0.0,0.0,1.0,0.0,0.0,0.0
20260320_140411_268302,0,15,1.959095358848572,0.3369646668434143,-0.1336712177728924,-1.7861682779370252,0.0,0.1959924012874694,1.857396960258484,0.7265756445421516,0.0,0.0,0.02,0.1136712177728924,0.0,carpet,12345,2458047581,0,0,0,0,0,0,-0.7471409,0.90738726,-0.0625412,-0.07439917,0.57200074,0.5741965,-0.76713383,0.14437886,-0.022651691,1.0,0.21651848,-1.0,-1.0,-1.0,-1.0,-1.0,-1.0,-1.0,1.0,0.0,0.0,0.0,1.0,0.0,0.0,0.0,1.0,0.0,0.0,0.0
20260320_140411_268302,0,16,1.9691879749298096,0.3246432244777679,-0.0302941262822824,-1.816462404219308,0.0,0.4550303601067753,1.2321442365646362,2.794117474354352,0.0,0.0,0.02,0.0102941262822824,0.0,carpet,12345,2458047581,0,0,0,0,0,0,-0.051283535,0.15279919,0.80748326,0.3401695,1.0,-0.28588757,-0.07537251,0.09510307,-0.0062137432,1.0,-0.045482986,-1.0,-1.0,-1.0,-1.0,-1.0,-1.0,-1.0,1.0,0.0,0.0,0.0,1.0,0.0,0.0,0.0,1.0,0.0,0.0,0.0
20260320_140411_268302,0,17,1.987071633338928,0.3409885764122009,-0.0811666253284724,-1.89762902954778,0.0,-0.0673610282807715,-1.6345351934432983,1.7766674934305513,0.0,0.0,0.02,0.0611666253284724,0.0,carpet,12345,2458047581,0,0,0,0,0,0,0.057839364,-0.43366688,-0.8421267,0.6137315,-0.72134024,0.82375705,-0.2788064,0.10771885,0.004690759,0.99530923,0.031249324,-1.0,-1.0,-1.0,-1.0,-1.0,-1.0,-1.0,1.0,0.0,0.0,0.0,1.0,0.0,0.0,0.0,1.0,0.0,0.0,0.0
20260320_140411_268302,0,18,1.9225213527679443,0.325504332780838,-0.1019301896599014,-1.9995592192076808,0.0,0.3365853195735155,1.5484243631362915,1.3613962068019705,0.0,0.0,0.02,0.0819301896599014,0.0,carpet,12345,2458047581,0,0,0,0,0,0,0.39611155,-0.90651983,-0.7018998,-0.085256025,0.45726952,-0.7614518,-0.11283277,0.13007355,-0.009774891,1.0,0.043089338,-1.0,-1.0,-1.0,-1.0,-1.0,-1.0,-1.0,1.0,0.0,0.0,0.0,1.0,0.0,0.0,0.0,1.0,0.0,0.0,0.0
20260320_140411_268302,0,19,1.93855369091034,0.3280353546142578,-0.132419931091896,-2.131979150299577,0.0,0.1891634438446345,-0.25310218334198,0.7516013781620785,0.0,0.0,0.02,0.112419931091896,0.0,carpet,12345,2458047581,0,0,0,0,0,0,0.55184084,-0.5499958,-0.24636267,-0.7192956,0.5309427,0.29753837,-0.39644682,0.049385644,0.0039286595,0.9960713,-0.0074523347,-1.0,-1.0,-1.0,-1.0,-1.0,-1.0,-1.0,1.0,0.0,0.0,0.0,1.0,0.0,0.0,0.0,1.0,0.0,0.0,0.0
20260320_140411_268302,0,20,1.9555124044418333,0.3209360241889953,-0.0985616829976668,-2.2305408332972445,0.0,0.3193558435150407,0.7099330425262451,1.428766340046664,0.0,0.0,0.02,0.0785616829976667,0.0,carpet,12345,2458047581,0,0,0,0,0,0,-0.24197261,-0.36952764,0.031961385,-0.50437045,-0.7648692,-0.32307565,0.19281614,0.06942596,0.0016887124,0.9983113,-0.020280499,-1.0,-1.0,-1.0,-1.0,-1.0,-1.0,-1.0,1.0,0.0,0.0,0.0,1.0,0.0,0.0,0.0,1.0,0.0,0.0,0.0
20260320_140411_268302,0,21,1.9892975091934204,0.3688937425613403,-0.1563326068956574,-2.386873440192902,0.0,-0.9594260766723436,-4.795771837234497,0.273347862086851,0.0,0.0,0.02,0.1363326068956574,0.0,carpet,12345,2458047581,0,0,0,0,0,0,-0.5552252,-0.104115285,0.48799154,-0.44012916,-0.138707,0.69694996,0.70752406,0.09062443,0.00797163,0.9920283,0.10185989,-1.0,-1.0,-1.0,-1.0,-1.0,-1.0,-1.0,1.0,0.0,0.0,0.0,1.0,0.0,0.0,0.0,1.0,0.0,0.0,0.0
20260320_140411_268302,0,22,1.9860085248947144,0.3554548323154449,-0.1699999999999999,-2.556873440192902,0.0,-0.3835968013568731,1.3438910245895386,-0.5652792993767974,0.0,0.0,0.02,0.15,0.0,carpet,12345,2458047581,0,0,0,0,0,0,-0.17891149,-0.8668647,-0.5601664,0.3100551,0.4570312,0.23401831,0.52351457,0.1328558,-0.034470957,1.0,0.26441148,-1.0,-1.0,-1.0,-1.0,-1.0,-1.0,-1.0,1.0,0.0,0.0,0.0,1.0,0.0,0.0,0.0,1.0,0.0,0.0,0.0
20260320_140411_268302,0,23,1.932045578956604,0.3211320340633392,-0.1663772957905518,-2.723250735983454,0.0,0.570372355284988,3.432279825210572,0.072454084188962,0.0,0.0,0.02,0.1463772957905519,0.0,carpet,12345,2458047581,0,0,0,0,0,0,-0.08977431,-0.47156134,0.1882606,0.6333714,-0.14419934,0.34856847,-0.5804183,0.12874451,-0.022577519,1.0,0.22810942,-1.0,-1.0,-1.0,-1.0,-1.0,-1.0,-1.0,1.0,0.0,0.0,0.0,1.0,0.0,0.0,0.0,1.0,0.0,0.0,0.0
20260320_140411_268302,0,24,1.9406321048736568,0.3126589655876159,-0.1512262628513863,-2.87447699883484,0.0,0.6396059783568262,0.8473068475723267,0.3754747429722727,0.0,0.0,0.02,0.1312262628513863,0.0,carpet,12345,2458047581,0,0,0,0,0,0,0.73806316,-0.14868481,0.40593642,0.0016095971,-0.32304752,-0.89673686,0.49872243,0.06129093,0.007798137,0.9922018,-0.013606517,-1.0,-1.0,-1.0,-1.0,-1.0,-1.0,-1.0,1.0,0.0,0.0,0.0,1.0,0.0,0.0,0.0,1.0,0.0,0.0,0.0
20260320_140411_268302,0,25,1.9481655359268188,0.336451381444931,-0.1664397306768816,-3.040916729511722,0.0,-0.1151059126652711,-2.3792415857315063,0.0712053864623669,0.0,0.0,0.02,0.1464397306768816,0.0,carpet,12345,2458047581,0,0,0,0,0,0,0.9801822,-0.7904094,-0.88191146,-0.30743146,0.21546471,-0.7808737,1.0,0.07202415,0.015296822,0.9847032,0.1218654,-1.0,-1.0,-1.0,-1.0,-1.0,-1.0,-1.0,1.0,0.0,0.0,0.0,1.0,0.0,0.0,0.0,1.0,0.0,0.0,0.0
20260320_140411_268302,0,26,1.9281649589538568,0.2942209541797638,-0.1339359604961221,-3.174852690007844,0.0,0.9694312471302312,4.223042726516724,0.7212807900775573,0.0,0.0,0.02,0.1139359604961221,0.0,carpet,12345,2458047581,0,0,0,0,0,0,-0.5031951,0.30893347,0.90606725,0.8269725,0.51225287,0.57701266,-0.2996158,0.081440926,-0.005759468,1.0,0.18694423,-1.0,-1.0,-1.0,-1.0,-1.0,-1.0,-1.0,1.0,0.0,0.0,0.0,1.0,0.0,0.0,0.0,1.0,0.0,0.0,0.0
20260320_140411_268302,0,27,1.8682379722595213,0.3257646262645721,-0.0890405750011315,-3.263893265008976,0.0,-0.0615183667725318,-3.154367208480835,1.6191884999773691,0.0,0.0,0.02,0.0690405750011315,0.0,carpet,12345,2458047581,0,0,0,0,0,0,-0.5622319,-0.2757038,0.94006515,1.0,0.3042427,-0.08752035,-1.0,0.056440163,0.03161445,0.9683855,-0.033905573,-1.0,-1.0,-1.0,-1.0,-1.0,-1.0,-1.0,1.0,0.0,0.0,0.0,1.0,0.0,0.0,0.0,1.0,0.0,0.0,0.0
20260320_140411_268302,0,28,1.9810266494750977,0.3520281910896301,-0.1049971297185803,-3.368890394727556,0.0,-0.7027278957058485,-2.6263564825057983,1.3000574056283938,0.0,0.0,0.02,0.0849971297185803,0.0,carpet,12345,2458047581,0,0,0,0,0,0,-0.32370788,0.86331487,-0.0034452672,-0.52062416,0.03867069,0.11159729,0.98642904,-0.018468667,0.0036983143,0.99630165,-0.22542599,-1.0,-1.0,-1.0,-1.0,-1.0,-1.0,-1.0,1.0,0.0,0.0,0.0,1.0,0.0,0.0,0.0,1.0,0.0,0.0,0.0
20260320_140411_268302,0,29,1.9602631330490112,0.3177773356437683,-0.1170544742644719,-3.485944868992028,0.0,0.3292254643671555,3.4250855445861816,1.0589105147105613,0.0,0.0,0.02,0.0970544742644719,0.0,carpet,12345,2458047581,0,0,0,0,0,0,0.8222165,-0.54887736,-0.67629266,-0.9048324,0.003550973,0.36728996,-0.22661859,0.122517206,-0.019544953,1.0,0.2606327,-1.0,-1.0,-1.0,-1.0,-1.0,-1.0,-1.0,1.0,0.0,0.0,0.0,1.0,0.0,0.0,0.0,1.0,0.0,0.0,0.0
20260320_140411_268302,0,30,1.889763355255127,0.3125307261943817,-0.1301305564568114,-3.61607542544884,0.0,0.3780843345100351,0.5246609449386597,0.7973888708637702,0.0,0.0,0.02,0.1101305564568114,0.0,carpet,12345,2458047581,0,0,0,0,0,0,0.10137355,-0.66449577,-0.106640436,0.9421286,-0.41476804,-0.61731315,-0.053684928,0.096562766,0.010767065,0.9892329,0.07241362,-1.0,-1.0,-1.0,-1.0,-1.0,-1.0,-1.0,1.0,0.0,0.0,0.0,1.0,0.0,0.0,0.0,1.0,0.0,0.0,0.0
20260320_140411_268302,0,31,1.9845489263534544,0.339840680360794,-0.1443345409874372,-3.760409966436277,0.0,-0.399185603277786,-2.730995416641236,0.5133091802512553,0.0,0.0,0.02,0.1243345409874372,0.0,carpet,12345,2458047581,0,0,0,0,0,0,0.8050854,-0.7717724,0.42342633,0.3967246,-0.22869277,0.6604561,0.47127354,0.00843811,0.015410307,0.9845897,-0.055920437,-1.0,-1.0,-1.0,-1.0,-1.0,-1.0,-1.0,1.0,0.0,0.0,0.0,1.0,0.0,0.0,0.0,1.0,0.0,0.0,0.0
20260320_140411_268302,0,32,1.9708126783370967,0.3236583769321441,-0.1699999999999999,-3.930409966436277,0.0,0.1051683832579044,1.6182303428649902,-0.3509536836210714,0.0,0.0,0.02,0.15,0.0,carpet,12345,2458047581,0,0,0,0,0,0,-0.95693773,0.19081724,-0.93530077,-0.47253826,-0.67074156,-0.094109625,0.18553592,0.12692013,-0.008759016,1.0,0.17993441,-1.0,-1.0,-1.0,-1.0,-1.0,-1.0,-1.0,1.0,0.0,0.0,0.0,1.0,0.0,0.0,0.0,1.0,0.0,0.0,0.0
20260320_140411_268302,0,33,1.939452886581421,0.3116410970687866,-0.1655063516410575,-4.095916318077334,0.0,0.3793082840273882,1.2017279863357544,0.0898729671788487,0.0,0.0,0.02,0.1455063516410575,0.0,carpet,12345,2458047581,0,0,0,0,0,0,0.052306835,0.18066356,-0.9815861,0.89860725,0.22977495,0.13583368,-0.36246812,0.109749794,0.0055623427,0.99443763,0.14212959,-1.0,-1.0,-1.0,-1.0,-1.0,-1.0,-1.0,1.0,0.0,0.0,0.0,1.0,0.0,0.0,0.0,1.0,0.0,0.0,0.0
20260320_140411_268302,0,34,1.937382817268372,0.3165986239910126,-0.1223428048575219,-4.218259122934856,0.0,0.1605430399648639,-0.4957526922225952,0.9531439028495612,0.0,0.0,0.02,0.1023428048575219,0.0,carpet,12345,2458047581,0,0,0,0,0,0,-0.5969268,-0.45161706,-0.25287044,-0.86427206,0.047134176,0.62403727,-0.67288715,0.070549965,0.016197626,0.9838023,-0.023516055,-1.0,-1.0,-1.0,-1.0,-1.0,-1.0,-1.0,1.0,0.0,0.0,0.0,1.0,0.0,0.0,0.0,1.0,0.0,0.0,0.0
20260320_140411_268302,0,35,1.9260413646698,0.331657350063324,-0.1516071216675851,-4.3698662446024406,0.0,-0.2560608718341086,-1.50587260723114,0.367857566648297,0.0,0.0,0.02,0.1316071216675851,0.0,carpet,12345,2458047581,0,0,0,0,0,0,-0.50287884,0.722594,-0.4089012,-0.80534154,-0.9171618,0.94562715,-1.0,0.06796245,0.011810218,0.98818976,-0.058294155,-1.0,-1.0,-1.0,-1.0,-1.0,-1.0,-1.0,1.0,0.0,0.0,0.0,1.0,0.0,0.0,0.0,1.0,0.0,0.0,0.0
20260320_140411_268302,0,36,1.9007693529129028,0.3029988408088684,-0.1442904845187972,-4.514156729121238,0.0,0.5244170774857935,2.8658509254455566,0.5141903096240554,0.0,0.0,0.02,0.1242904845187972,0.0,carpet,12345,2458047581,0,0,0,0,0,0,0.6058315,-0.17729439,0.800296,0.8898771,0.766267,-0.84719276,-0.16780366,0.053785704,-0.0015167387,1.0,-0.093490325,-1.0,-1.0,-1.0,-1.0,-1.0,-1.0,-1.0,1.0,0.0,0.0,0.0,1.0,0.0,0.0,0.0,1.0,0.0,0.0,0.0
20260320_140411_268302,0,37,2.055495500564575,0.3766973316669464,-0.1699999999999999,-4.684156729121238,0.0,-1.4491494633376192,-7.3698490858078,-0.5357735504357777,0.0,0.0,0.02,0.15,0.0,carpet,12345,2458047581,0,0,0,0,0,0,-0.41916803,0.9623224,-0.3799468,-0.23266613,0.1959587,0.9472595,0.7560676,0.022195626,0.02384602,0.9761539,-0.10442087,-1.0,-1.0,-1.0,-1.0,-1.0,-1.0,-1.0,1.0,0.0,0.0,0.0,1.0,0.0,0.0,0.0,1.0,0.0,0.0,0.0
20260320_140411_268302,0,38,2.0714290142059326,0.4054974913597107,-0.1699999999999999,-4.854156729121238,0.0,-1.8068660898223072,-2.880015969276428,-2.4478080235159894,0.0,0.0,0.02,0.15,0.0,carpet,12345,2458047581,0,0,0,0,0,0,-0.95092124,-0.55265224,-0.17283067,0.8517609,-0.28159332,0.72762907,0.8675792,0.21560326,-0.041377153,1.0,0.30033317,-1.0,-1.0,-1.0,-1.0,-1.0,-1.0,-1.0,1.0,0.0,0.0,0.0,1.0,0.0,0.0,0.0,1.0,0.0,0.0,0.0
20260320_140411_268302,0,39,2.032435655593872,0.3331491947174072,-0.1699999999999999,-5.024156729121238,0.0,0.4535578486908633,7.234829664230347,-2.3735584588525143,0.0,0.0,0.02,0.15,0.0,carpet,12345,2458047581,0,0,0,0,0,0,0.68635714,0.17011397,-0.20949109,-0.16408941,0.06805255,0.5245389,-0.45480672,0.23552017,-0.06686526,1.0,0.35636905,-1.0,-1.0,-1.0,-1.0,-1.0,-1.0,-1.0,1.0,0.0,0.0,0.0,1.0,0.0,0.0,0.0,1.0,0.0,0.0,0.0
20260320_140411_268302,0,40,1.982250094413757,0.3327970504760742,-0.1699999999999999,-5.194156729121238,0.0,0.3489719925514691,0.0352144241333007,-2.185129506265909,0.0,0.0,0.02,0.15,0.0,carpet,12345,2458047581,0,0,0,0,0,0,-0.51709104,-0.033040673,0.42041975,-0.5428119,0.14105712,0.63450766,-1.0,0.18677846,-0.0028370274,1.0,0.080677435,-1.0,-1.0,-1.0,-1.0,-1.0,-1.0,-1.0,1.0,0.0,0.0,0.0,1.0,0.0,0.0,0.0,1.0,0.0,0.0,0.0
20260320_140411_268302,0,41,1.965247750282288,0.2870916426181793,-0.1699999999999999,-5.3641567291212375,0.0,1.4043641908609743,4.57054078578949,-0.5247044435708261,0.0,0.0,0.02,0.15,0.0,carpet,12345,2458047581,0,0,0,0,0,0,-0.52918303,-0.22468343,0.6883769,-0.15036242,0.2795346,-0.4219922,-0.18106343,0.12404652,-0.0025253883,1.0,-0.06110187,-1.0,-1.0,-1.0,-1.0,-1.0,-1.0,-1.0,1.0,0.0,0.0,0.0,1.0,0.0,0.0,0.0,1.0,0.0,0.0,0.0
20260320_140411_268302,0,42,1.9651144742965696,0.2971063554286957,-0.1699999999999999,-5.5341567291212375,0.0,0.8029053228828218,-1.0014712810516355,-0.2462161981737978,0.0,0.0,0.02,0.15,0.0,carpet,12345,2458047581,0,0,0,0,0,0,0.5261158,0.42957276,-0.6596659,0.21290955,0.021841183,-0.8591316,0.30886963,0.10279369,0.037923902,0.9620761,-0.018151578,-1.0,-1.0,-1.0,-1.0,-1.0,-1.0,-1.0,1.0,0.0,0.0,0.0,1.0,0.0,0.0,0.0,1.0,0.0,0.0,0.0
20260320_140411_268302,0,43,1.9700117111206048,0.3008696138858795,-0.0844484602051832,-5.618605189326421,0.0,0.5080975307325133,-0.3763258457183838,1.7110307958963349,0.0,0.0,0.02,0.0644484602051832,0.0,carpet,12345,2458047581,0,0,0,0,0,0,0.6873891,-0.7310098,0.3566541,0.7778728,-0.16259396,-0.6318666,0.53298575,0.102626994,0.02906087,0.97093904,0.037304346,-1.0,-1.0,-1.0,-1.0,-1.0,-1.0,-1.0,1.0,0.0,0.0,0.0,1.0,0.0,0.0,0.0,1.0,0.0,0.0,0.0
20260320_140411_268302,0,44,1.9661098718643188,0.3041037321090698,-0.02,-5.63860518932642,0.0,0.3002201924696379,-0.3234118223190307,3.81811707818828,0.0,0.0,0.02,0.0,0.0,carpet,12345,2458047581,0,0,0,0,0,0,0.8943488,0.19267425,-0.92936814,0.8769297,0.76440555,0.7333162,-0.5646755,0.10874863,0.025730388,0.97426957,0.06039553,-1.0,-1.0,-1.0,-1.0,-1.0,-1.0,-1.0,1.0,0.0,0.0,0.0,1.0,0.0,0.0,0.0,1.0,0.0,0.0,0.0
20260320_140411_268302,0,45,1.92398738861084,0.3132815361022949,-0.02,-5.65860518932642,0.0,-0.0042799554784096,-0.9177803993225098,3.360279274019007,0.0,0.0,0.02,0.0,0.0,carpet,12345,2458047581,0,0,0,0,0,0,-0.373123,0.8888098,0.20773245,0.12783204,-0.6855296,0.32896435,-0.9945487,0.103871346,0.022868194,0.9771317,-0.0840684,-1.0,-1.0,-1.0,-1.0,-1.0,-1.0,-1.0,1.0,0.0,0.0,0.0,1.0,0.0,0.0,0.0,1.0,0.0,0.0,0.0
20260320_140411_268302,0,46,1.9830023050308228,0.2951363921165466,-0.02,-5.67860518932642,0.0,0.4504186330349,1.814514398574829,3.4617259145024377,0.0,0.0,0.02,0.0,0.0,carpet,12345,2458047581,0,0,0,0,0,0,-0.027202668,0.031430215,0.7445236,0.9282217,-0.30478832,0.6760602,-0.2969267,0.051218223,0.014745842,0.98525417,-0.17716205,-1.0,-1.0,-1.0,-1.0,-1.0,-1.0,-1.0,1.0,0.0,0.0,0.0,1.0,0.0,0.0,0.0,1.0,0.0,0.0,0.0
20260320_140411_268302,0,47,1.923747420310974,0.3022730648517608,-0.0591620559981355,-5.737767245324555,0.0,0.1593971563958263,-0.7136672735214233,2.2167588800372897,0.0,0.0,0.02,0.0391620559981355,0.0,carpet,12345,2458047581,0,0,0,0,0,0,-0.41194174,-0.822829,0.06555072,-0.49861538,0.39769945,-0.4914023,-0.8271841,0.12498684,0.030804291,0.96919566,-0.030421643,-1.0,-1.0,-1.0,-1.0,-1.0,-1.0,-1.0,1.0,0.0,0.0,0.0,1.0,0.0,0.0,0.0,1.0,0.0,0.0,0.0
20260320_140411_268302,0,48,1.894935965538025,0.313014268875122,-0.1067564338066351,-5.84452367913119,0.0,-0.148982233287171,-1.0741204023361206,1.2648713238672968,0.0,0.0,0.02,0.0867564338066351,0.0,carpet,12345,2458047581,0,0,0,0,0,0,-0.8977634,-0.6767981,0.49672338,0.14836405,0.2000903,-0.6478841,-0.8249963,0.0509182,0.02448834,0.97551167,-0.18949066,-1.0,-1.0,-1.0,-1.0,-1.0,-1.0,-1.0,1.0,0.0,0.0,0.0,1.0,0.0,0.0,0.0,1.0,0.0,0.0,0.0
20260320_140411_268302,0,49,1.9519314765930176,0.2972132861614227,-0.1179969156994044,-5.962520594830594,0.0,0.2832878928771265,1.580098271369934,1.04006168601191,0.0,0.0,0.02,0.0979969156994044,0.0,carpet,12345,2458047581,0,0,0,0,0,0,-0.6238488,-0.2789243,-0.8385424,0.7315465,-0.33097658,-0.5285279,0.535087,0.014903831,0.014982381,0.98501754,-0.22817048,-1.0,-1.0,-1.0,-1.0,-1.0,-1.0,-1.0,1.0,0.0,0.0,0.0,1.0,0.0,0.0,0.0,1.0,0.0,0.0,0.0
20260320_140411_268302,0,50,1.9365997314453125,0.2897936403751373,-0.1131100721071381,-6.075630666937732,0.0,0.3979570643149657,0.74196457862854,1.1377985578572378,0.0,0.0,0.02,0.0931100721071381,0.0,carpet,12345,2458047581,0,0,0,0,0,0,-0.9681894,0.49857327,-0.4459781,-0.60010785,0.4015998,-0.8218462,0.13139054,0.08614826,0.02896624,0.97103375,0.04034045,-1.0,-1.0,-1.0,-1.0,-1.0,-1.0,-1.0,1.0,0.0,0.0,0.0,1.0,0.0,0.0,0.0,1.0,0.0,0.0,0.0
20260320_140411_268302,0,51,1.8527156114578247,0.319705605506897,-0.1353626408361063,-6.210993307773839,0.0,-0.4493313300577739,-2.9911965131759644,0.6927471832778735,0.0,0.0,0.02,0.1153626408361063,0.0,carpet,12345,2458047581,0,0,0,0,0,0,0.5686175,-0.67151326,0.23738787,-0.46168575,0.5902025,-1.0,-0.7088619,0.0669836,0.035532624,0.96446735,-0.028616568,-1.0,-1.0,-1.0,-1.0,-1.0,-1.0,-1.0,1.0,0.0,0.0,0.0,1.0,0.0,0.0,0.0,1.0,0.0,0.0,0.0
20260320_140411_268302,0,52,1.8524518013000488,0.2985345125198364,-0.1482855215653928,-6.359278829339232,0.0,0.1922788271331938,2.1171092987060547,0.4346073773761674,0.0,0.000317808684025,0.02,0.1282696311311916,0.0,carpet,12345,2458047581,0,0,0,0,0,0,-0.03574553,0.5365572,0.29950976,-0.1897801,0.05203339,-0.59410334,-0.5295741,-0.03787155,0.009060544,0.9909394,-0.24347214,-1.0,-1.0,-1.0,-1.0,-1.0,-1.0,-1.0,1.0,0.0,0.0,0.0,1.0,0.0,0.0,0.0,1.0,0.0,0.0,0.0
20260320_140411_268302,0,53,1.8878823518753047,0.3046101033687591,-0.1570587093617746,-6.516337538701007,0.0,-0.0076806508731834,-0.607559084892273,0.2675295701071576,0.0,0.0087037573426512,0.02,0.1366235214946421,0.0,carpet,12345,2458047581,0,0,0,0,0,0,-0.82404137,-0.4370856,0.37422943,-0.29629865,-0.61482435,0.9965211,-0.9038037,-0.038201332,0.027796961,0.972203,-0.23551686,-1.0,-1.0,-1.0,-1.0,-1.0,-1.0,-1.0,1.0,0.0,0.0,0.0,1.0,0.0,0.0,0.0,1.0,0.0,0.0,0.0
20260320_140411_268302,0,54,1.865089774131775,0.2870791256427765,-0.127548712080549,-6.643886250781556,0.0,0.4325139549946897,1.7530977725982666,0.8490257583890184,0.0,0.0,0.02,0.107548712080549,0.0,carpet,12345,2458047581,0,0,0,0,0,0,0.44670603,-0.10218817,0.8945855,0.39310172,-0.92832124,-0.68669516,-0.23085043,0.006086922,0.022420062,0.97757995,-0.16804749,-1.0,-1.0,-1.0,-1.0,-1.0,-1.0,-1.0,1.0,0.0,0.0,0.0,1.0,0.0,0.0,0.0,1.0,0.0,0.0,0.0
20260320_140411_268302,0,55,1.9623206853866573,0.2895431220531463,-0.128573828925067,-6.772460079706622,0.0,0.2627855559867669,-0.2463996410369873,0.8285234214986588,0.0,0.0,0.02,0.108573828925067,0.0,carpet,12345,2458047581,0,0,0,0,0,0,0.9460923,0.81247306,0.36658758,-0.28386903,0.8351605,0.65591353,0.42049026,-0.022403907,0.037934974,0.96206504,-0.106111415,-1.0,-1.0,-1.0,-1.0,-1.0,-1.0,-1.0,1.0,0.0,0.0,0.0,1.0,0.0,0.0,0.0,1.0,0.0,0.0,0.0
20260320_140411_268302,0,56,1.872185230255127,0.2875116467475891,-0.1360778796593646,-6.908537959365987,0.0,0.2478760496290135,0.2031475305557251,0.6784424068127066,0.0,0.0,0.02,0.1160778796593646,0.0,carpet,12345,2458047581,0,0,0,0,0,0,0.07842323,-0.14884764,1.0,-0.113191664,0.6143914,-0.9128642,-0.23500992,0.099134825,0.035754345,0.9642457,0.120697334,-1.0,-1.0,-1.0,-1.0,-1.0,-1.0,-1.0,1.0,0.0,0.0,0.0,1.0,0.0,0.0,0.0,1.0,0.0,0.0,0.0
20260320_140411_268302,0,57,1.929817795753479,0.2827929258346557,-0.0984175601542223,-7.006955519520209,0.0,0.3038750600450726,0.4718720912933349,1.4316487969155531,0.0,0.0,0.02,0.0784175601542223,0.0,carpet,12345,2458047581,0,0,0,0,0,0,0.7474882,-0.0735484,-0.08491977,-0.9542079,-1.0,-0.1923187,0.6731948,-0.013534546,0.037552185,0.9624478,-0.14207172,-1.0,-1.0,-1.0,-1.0,-1.0,-1.0,-1.0,1.0,0.0,0.0,0.0,1.0,0.0,0.0,0.0,1.0,0.0,0.0,0.0
20260320_140411_268302,0,58,1.888499736785889,0.2631061375141144,-0.0720277013585143,-7.078983220878723,0.0,0.7200760030473532,1.9686788320541384,1.9594459728297124,0.0,0.0,0.02,0.0520277013585143,0.0,carpet,12345,2458047581,0,0,0,0,0,0,0.054181308,0.7706033,0.22696826,0.3992479,0.54855525,-0.40860048,0.010224098,0.058506202,0.041728258,0.95827174,0.120299585,-1.0,-1.0,-1.0,-1.0,-1.0,-1.0,-1.0,1.0,0.0,0.0,0.0,1.0,0.0,0.0,0.0,1.0,0.0,0.0,0.0
20260320_140411_268302,0,59,1.8874481916427608,0.2711282074451446,-0.0546684061143669,-7.13365162699309,0.0,0.3395052540097651,-0.8022069931030273,2.306631877712661,0.0,0.0,0.02,0.0346684061143669,0.0,carpet,12345,2458047581,0,0,0,0,0,0,0.3604462,0.70132905,0.5318111,0.9667804,0.042951815,1.0,-0.6211358,0.0068586348,0.05915107,0.9408489,-0.061712638,-1.0,-1.0,-1.0,-1.0,-1.0,-1.0,-1.0,1.0,0.0,0.0,0.0,1.0,0.0,0.0,0.0,1.0,0.0,0.0,0.0
20260320_140411_268302,0,60,1.871675729751587,0.2740779519081116,-0.0672498374174442,-7.200901464410534,0.0,0.1808853289331438,-0.2949744462966919,2.055003251651115,0.0,0.0,0.02,0.0472498374174442,0.0,carpet,12345,2458047581,0,0,0,0,0,0,-0.32235485,0.3277874,1.0,-0.09611561,0.6815585,-0.80224675,-0.15674178,0.00554409,0.05205153,0.94794846,-0.15348224,-1.0,-1.0,-1.0,-1.0,-1.0,-1.0,-1.0,1.0,0.0,0.0,0.0,1.0,0.0,0.0,0.0,1.0,0.0,0.0,0.0
20260320_140411_268302,0,61,1.9616711139678955,0.2988295555114746,-0.1045454198859933,-7.305446884296527,0.0,-0.4831260933842145,-2.475160360336304,1.3090916022801338,0.0,0.0,0.02,0.0845454198859933,0.0,carpet,12345,2458047581,0,0,0,0,0,0,0.65218776,0.056313626,-0.5011231,-0.7225401,-0.14065762,0.70963496,0.5247515,-0.014171409,0.049441013,0.9505589,-0.1113039,-1.0,-1.0,-1.0,-1.0,-1.0,-1.0,-1.0,1.0,0.0,0.0,0.0,1.0,0.0,0.0,0.0,1.0,0.0,0.0,0.0
20260320_140411_268302,0,62,1.8920364379882808,0.2550935447216034,-0.080386437382013,-7.385833321678541,0.0,0.7310556997086195,4.373601078987122,1.7922712523597395,0.0,0.0,0.02,0.060386437382013,0.0,carpet,12345,2458047581,0,0,0,0,0,0,-0.008083857,-0.42013842,0.040747426,0.05086272,-0.5846444,-0.2875477,-0.04693719,0.09832287,0.027535845,0.97246414,0.18005866,-1.0,-1.0,-1.0,-1.0,-1.0,-1.0,-1.0,1.0,0.0,0.0,0.0,1.0,0.0,0.0,0.0,1.0,0.0,0.0,0.0
20260320_140411_268302,0,63,1.9243284463882449,0.2610313594341278,-0.0755878700358491,-7.46142119171439,0.0,0.3998464069683507,-0.5937814712524414,1.8882425992830176,0.0,0.0,0.02,0.0555878700358491,0.0,carpet,12345,2458047581,0,0,0,0,0,0,-0.19518882,0.34892708,0.22728291,0.7186995,0.71556526,0.34141532,0.5028951,0.011279488,0.06624222,0.9337577,-0.008724324,-1.0,-1.0,-1.0,-1.0,-1.0,-1.0,-1.0,1.0,0.0,0.0,0.0,1.0,0.0,0.0,0.0,1.0,0.0,0.0,0.0
20260320_140411_268302,0,64,1.8588244915008545,0.2767726480960846,-0.1162740407543499,-7.57769523246874,0.0,-0.0936474113226637,-1.5741288661956787,1.074519184913001,0.0,0.0,0.02,0.0962740407543499,0.0,carpet,12345,2458047581,0,0,0,0,0,0,-0.25056875,-0.56603307,-0.16684742,-0.6496444,0.0058033536,0.35572308,-0.98497003,0.051644515,0.060987245,0.9390127,0.07578379,-1.0,-1.0,-1.0,-1.0,-1.0,-1.0,-1.0,1.0,0.0,0.0,0.0,1.0,0.0,0.0,0.0,1.0,0.0,0.0,0.0
20260320_140411_268302,0,65,1.920830488204956,0.2577918171882629,-0.1130350427446605,-7.6907302752134,0.0,0.4042852142035542,1.8980830907821653,1.13929914510679,0.0,0.0,0.02,0.0930350427446605,0.0,carpet,12345,2458047581,0,0,0,0,0,0,-0.024143742,-1.0,0.10330406,-0.082653664,0.31661358,0.40119937,0.00780095,-0.03023548,0.0470562,0.95294374,-0.17065431,-1.0,-1.0,-1.0,-1.0,-1.0,-1.0,-1.0,1.0,0.0,0.0,0.0,1.0,0.0,0.0,0.0,1.0,0.0,0.0,0.0
20260320_140411_268302,0,66,1.8395984172821045,0.2630956172943115,-0.1135483637912454,-7.804278639004646,0.0,0.1706189080014439,-0.5303800106048584,1.1290327241750902,0.0,0.0,0.02,0.0935483637912454,0.0,carpet,12345,2458047581,0,0,0,0,0,0,0.5173633,-0.46134165,-1.0,-0.5549983,-0.42090538,-0.3786527,-0.78578824,0.04727211,0.06385423,0.9361457,0.024000904,-1.0,-1.0,-1.0,-1.0,-1.0,-1.0,-1.0,1.0,0.0,0.0,0.0,1.0,0.0,0.0,0.0,1.0,0.0,0.0,0.0
20260320_140411_268302,0,67,1.7052351236343384,0.3764092326164245,-0.3466310706332259,-8.150909709637872,-0.1762190505129339,-2.704876202051736,-11.331361532211304,-1.0927173844924312,0.0,0.0082404024058399,0.02,0.15,0.0,carpet,12345,2458047581,0,0,0,0,0,0,-0.22460143,-0.97366583,0.5384919,0.8114398,-0.08060849,-0.91036,-0.9847944,-0.054268073,0.05916037,0.9408396,-0.16077887,-1.0,-1.0,-1.0,-1.0,-1.0,-1.0,-1.0,1.0,0.0,0.0,0.0,1.0,0.0,0.0,0.0,1.0,0.0,0.0,0.0
20260320_140411_268302,0,68,1.730151653289795,0.3028281033039093,-0.1702165174000664,-8.321126227037938,0.0,-0.1891289187259275,7.358112931251526,-2.012902002926978,0.0,0.0043303480013291,0.02,0.15,0.0,carpet,12345,2458047581,0,0,0,0,0,0,-0.7233824,-0.59194314,0.057718165,-0.24952015,-1.0,-0.42988813,0.14173616,-0.22222213,-0.04112216,1.0,-0.41560233,-1.0,-1.0,-1.0,-1.0,-1.0,-1.0,-1.0,1.0,0.0,0.0,0.0,1.0,0.0,0.0,0.0,1.0,0.0,0.0,0.0
20260320_140411_268302,0,69,1.7177993059158323,0.3078396916389465,-0.1722676971014772,-8.493393924139415,0.0,-0.2671363974203729,-0.5011588335037231,-2.6798848073157018,0.0,0.0453539420295445,0.02,0.15,0.0,carpet,12345,2458047581,0,0,0,0,0,0,0.8444546,0.67195845,-0.2887395,-0.9994809,0.091264606,0.29998326,-0.84682095,-0.19107647,0.02399713,0.9760028,-0.13251683,-1.0,-1.0,-1.0,-1.0,-1.0,-1.0,-1.0,1.0,0.0,0.0,0.0,1.0,0.0,0.0,0.0,1.0,0.0,0.0,0.0
20260320_140411_268302,0,70,1.7343473434448242,0.2715016007423401,-0.1718112768116755,-8.66520520095109,0.0,0.7080999743498779,3.633809089660645,-1.87813742164316,0.0,0.0362255362335111,0.02,0.15,0.0,carpet,12345,2458047581,0,0,0,0,0,0,-0.8699848,-1.0,-0.09483255,-0.27245268,-0.095550254,-0.018522613,-0.09371958,-0.20651683,0.019561866,0.98043805,-0.2839213,-1.0,-1.0,-1.0,-1.0,-1.0,-1.0,-1.0,1.0,0.0,0.0,0.0,1.0,0.0,0.0,0.0,1.0,0.0,0.0,0.0
20260320_140411_268302,0,71,1.728518009185791,0.3042869567871094,-0.1734589680001203,-8.838664168951212,0.0,-0.2885589203568202,-3.2785356044769287,-2.5709815562035345,0.0,0.0691793600024065,0.02,0.15,0.0,carpet,12345,2458047581,0,0,0,0,0,0,0.86843044,0.510295,0.94980484,0.61353725,0.19389305,1.0,-1.0,-0.18583183,0.051721085,0.9482789,-0.14650139,-1.0,-1.0,-1.0,-1.0,-1.0,-1.0,-1.0,1.0,0.0,0.0,0.0,1.0,0.0,0.0,0.0,1.0,0.0,0.0,0.0
20260320_140411_268302,0,72,1.7170034646987915,0.3010717630386352,-0.1746232514682221,-9.013287420419434,0.0,-0.1360393465557621,0.3215193748474121,-2.8776398107607406,0.0,0.0924650293644435,0.02,0.15,0.0,carpet,12345,2458047581,0,0,0,0,0,0,0.6063294,0.3596143,-0.3893498,-0.89258593,-0.76006675,0.010960682,-0.9289282,-0.19311848,0.022706043,0.9772939,-0.2835907,-1.0,-1.0,-1.0,-1.0,-1.0,-1.0,-1.0,1.0,0.0,0.0,0.0,1.0,0.0,0.0,0.0,1.0,0.0,0.0,0.0
20260320_140411_268302,0,73,1.758400321006775,0.2875629663467407,-0.1686918482339187,-9.181979268653354,0.0,0.2356904073805452,1.3508796691894531,0.0629267986715405,0.0,0.0367637633499164,0.02,0.1468536600664229,0.0,carpet,12345,2458047581,0,0,0,0,0,0,-0.09072085,-0.27129012,0.2416596,0.31307882,-1.0,-0.25026163,0.5825631,-0.20751171,0.025551494,0.9744485,-0.2786662,-1.0,-1.0,-1.0,-1.0,-1.0,-1.0,-1.0,1.0,0.0,0.0,0.0,1.0,0.0,0.0,0.0,1.0,0.0,0.0,0.0
20260320_140411_268302,0,74,1.7684158086776731,0.2911134362220764,-0.1529969111975259,-9.33497617985088,0.0,0.088006058652013,-0.3550469875335693,0.340061776049481,0.0,0.0,0.02,0.1329969111975259,0.0,carpet,12345,2458047581,0,0,0,0,0,0,0.030943934,0.621778,0.053396475,-0.0679022,0.3279553,-0.55016327,0.8980282,-0.15576573,0.037506778,0.9624932,-0.026651638,-1.0,-1.0,-1.0,-1.0,-1.0,-1.0,-1.0,1.0,0.0,0.0,0.0,1.0,0.0,0.0,0.0,1.0,0.0,0.0,0.0
20260320_140411_268302,0,75,1.745013952255249,0.2925971448421478,-0.138194499902146,-9.473170679753029,0.0,0.0289118284872245,-0.1483708620071411,0.6361100019570785,0.0,0.0,0.02,0.118194499902146,0.0,carpet,12345,2458047581,0,0,0,0,0,0,0.6275592,0.73941404,-0.7494264,0.5878388,-0.8501968,0.68319595,-0.53346497,-0.14324626,0.03436461,0.96563536,0.020444475,-1.0,-1.0,-1.0,-1.0,-1.0,-1.0,-1.0,1.0,0.0,0.0,0.0,1.0,0.0,0.0,0.0,1.0,0.0,0.0,0.0
20260320_140411_268302,0,76,1.7666146755218506,0.2892522513866424,-0.1683341882319876,-9.641504867985017,0.0,0.1053062077530455,0.3344893455505371,0.033316235360246,0.0,0.0,0.02,0.1483341882319876,0.0,carpet,12345,2458047581,0,0,0,0,0,0,-1.0,-0.92086357,-1.0,0.18468426,-0.9663583,1.0,-0.07445516,-0.1724987,0.03305153,0.9669484,-0.18527147,-1.0,-1.0,-1.0,-1.0,-1.0,-1.0,-1.0,1.0,0.0,0.0,0.0,1.0,0.0,0.0,0.0,1.0,0.0,0.0,0.0
20260320_140411_268302,0,77,1.77586829662323,0.2926109135150909,-0.154155587083967,-9.79566045506898,0.0,-0.0049868973964066,-0.3358662128448486,0.3168882583206596,0.0,0.0,0.02,0.134155587083967,0.0,carpet,12345,2458047581,0,0,0,0,0,0,0.30946794,-0.4083162,0.099746846,-0.22233383,-0.5470358,-0.5326116,0.8551448,-0.14549771,0.036011767,0.9639882,-0.07154244,-1.0,-1.0,-1.0,-1.0,-1.0,-1.0,-1.0,1.0,0.0,0.0,0.0,1.0,0.0,0.0,0.0,1.0,0.0,0.0,0.0
20260320_140411_268302,0,78,1.7673934698104858,0.2752887308597564,-0.1258879000893774,-9.92154835515836,0.0,0.4293143933360284,1.7322182655334473,0.8822419982124501,0.0,0.0,0.02,0.1058879000893774,0.0,carpet,12345,2458047581,0,0,0,0,0,0,0.98154193,-0.8163289,0.54345804,0.058794204,-0.44020727,0.23004293,0.41003573,-0.13393077,0.033039343,0.96696067,0.085104555,-1.0,-1.0,-1.0,-1.0,-1.0,-1.0,-1.0,1.0,0.0,0.0,0.0,1.0,0.0,0.0,0.0,1.0,0.0,0.0,0.0
20260320_140411_268302,0,79,1.7746926546096802,0.2761540412902832,-0.1226547687464614,-10.04420312390482,0.0,0.3003530342388671,-0.0865310430526733,0.946904625070772,0.0,0.0,0.02,0.1026547687464614,0.0,carpet,12345,2458047581,0,0,0,0,0,0,0.41817996,0.102913514,-0.31180468,0.3976055,0.73907167,-0.10265809,0.7333373,-0.14452419,0.04836947,0.9516305,0.012498085,-1.0,-1.0,-1.0,-1.0,-1.0,-1.0,-1.0,1.0,0.0,0.0,0.0,1.0,0.0,0.0,0.0,1.0,0.0,0.0,0.0
20260320_140411_268302,0,80,1.7924436330795288,0.2928829789161682,-0.13670300492746,-10.18090612883228,0.0,-0.1929586649679606,-1.672893762588501,0.6659399014507983,0.0,0.0,0.02,0.11670300492746,0.0,carpet,12345,2458047581,0,0,0,0,0,0,-0.0066300607,0.835248,-0.5755016,-1.0,-1.0,0.15418403,0.9221481,-0.1354002,0.047603674,0.9523963,0.060507655,-1.0,-1.0,-1.0,-1.0,-1.0,-1.0,-1.0,1.0,0.0,0.0,0.0,1.0,0.0,0.0,0.0,1.0,0.0,0.0,0.0
20260320_140411_268302,0,81,1.761789321899414,0.2722105085849762,-0.1195439583741308,-10.30045008720641,0.0,0.3720927595538086,2.0672470331192017,1.0091208325173824,0.0,0.0,0.02,0.0995439583741308,0.0,carpet,12345,2458047581,0,0,0,0,0,0,-0.4498229,0.7792614,0.2599881,0.8659482,0.84191746,0.7779592,-0.43631637,-0.11321144,0.032798566,0.9672014,0.11840015,-1.0,-1.0,-1.0,-1.0,-1.0,-1.0,-1.0,1.0,0.0,0.0,0.0,1.0,0.0,0.0,0.0,1.0,0.0,0.0,0.0
20260320_140411_268302,0,82,1.7853773832321167,0.280522346496582,-0.1212455876680221,-10.421695674874432,0.0,0.0712736218752212,-0.8311837911605835,0.975088246639558,0.0,0.0,0.02,0.1012455876680221,0.0,carpet,12345,2458047581,0,0,0,0,0,0,0.22937572,0.81399983,0.50301397,-0.87849337,-0.86830324,0.30374134,0.45640028,-0.1515295,0.051093705,0.9489063,-0.09971487,-1.0,-1.0,-1.0,-1.0,-1.0,-1.0,-1.0,1.0,0.0,0.0,0.0,1.0,0.0,0.0,0.0,1.0,0.0,0.0,0.0
20260320_140411_268302,0,83,1.7449599504470823,0.2678263187408447,-0.1024534472832098,-10.524149122157644,0.0,0.3708559102998379,1.2696027755737305,1.3509310543358026,0.0,0.0,0.02,0.0824534472832098,0.0,carpet,12345,2458047581,0,0,0,0,0,0,0.85864407,-0.34075415,-0.14269847,0.9029232,-0.39172044,-0.59951276,0.33453542,-0.12204437,0.043737724,0.95626223,0.048840694,-1.0,-1.0,-1.0,-1.0,-1.0,-1.0,-1.0,1.0,0.0,0.0,0.0,1.0,0.0,0.0,0.0,1.0,0.0,0.0,0.0
20260320_140411_268302,0,84,1.7335392236709597,0.2726040184497833,-0.1159841949499399,-10.640133317107583,0.0,0.1586994400014276,-0.4777699708938598,1.080316101001202,0.0,0.0,0.02,0.0959841949499399,0.0,carpet,12345,2458047581,0,0,0,0,0,0,-0.9279317,-1.0,-0.9941562,0.42188466,-0.88639677,-1.0,0.20850538,-0.17256603,0.054973714,0.9450263,-0.061317727,-1.0,-1.0,-1.0,-1.0,-1.0,-1.0,-1.0,1.0,0.0,0.0,0.0,1.0,0.0,0.0,0.0,1.0,0.0,0.0,0.0
20260320_140411_268302,0,85,1.777387261390686,0.276259034872055,-0.1296193881896695,-10.769752705297252,0.0,0.0276491694442739,-0.3655016422271728,0.8076122362066087,0.0,0.0,0.02,0.1096193881896695,0.0,carpet,12345,2458047581,0,0,0,0,0,0,0.12054152,0.43056872,0.9558263,-0.32828042,-0.6039425,0.5435337,0.58777964,-0.18684196,0.050745435,0.9492546,-0.0833695,-1.0,-1.0,-1.0,-1.0,-1.0,-1.0,-1.0,1.0,0.0,0.0,0.0,1.0,0.0,0.0,0.0,1.0,0.0,0.0,0.0
20260320_140411_268302,0,86,1.7231385707855225,0.251969575881958,-0.0885727873494904,-10.858325492646742,0.0,0.627973351835621,2.4289458990097046,1.6285442530101903,0.0,0.0,0.02,0.0685727873494904,0.0,carpet,12345,2458047581,0,0,0,0,0,0,0.23898496,0.17940576,-0.58865434,0.13411239,0.284213,0.4128316,-0.7244526,-0.132032,0.047510747,0.9524892,0.05289283,-1.0,-1.0,-1.0,-1.0,-1.0,-1.0,-1.0,1.0,0.0,0.0,0.0,1.0,0.0,0.0,0.0,1.0,0.0,0.0,0.0
20260320_140411_268302,0,87,1.777205467224121,0.2603776156902313,-0.0941384743936862,-10.952463967040428,0.0,0.2607790186698935,-0.8408039808273315,1.5172305121262752,0.0,0.0,0.02,0.0741384743936862,0.0,carpet,12345,2458047581,0,0,0,0,0,0,0.5117964,-0.3594517,-0.017031875,-0.78369105,0.6277115,-0.5579662,0.86785877,-0.19984284,0.069006935,0.9309931,-0.22386646,-1.0,-1.0,-1.0,-1.0,-1.0,-1.0,-1.0,1.0,0.0,0.0,0.0,1.0,0.0,0.0,0.0,1.0,0.0,0.0,0.0
20260320_140411_268302,0,88,1.680983543395996,0.2534595727920532,-0.0792753886646036,-11.031739355705032,0.0,0.3685353364568726,0.6918042898178101,1.8144922267079264,0.0,0.0,0.02,0.0592753886646036,0.0,carpet,12345,2458047581,0,0,0,0,0,0,0.31984857,-0.42462745,-0.20059222,-0.4647988,-0.7316507,-0.25370646,-0.70186865,-0.13225918,0.06156581,0.9384342,0.06064289,-1.0,-1.0,-1.0,-1.0,-1.0,-1.0,-1.0,1.0,0.0,0.0,0.0,1.0,0.0,0.0,0.0,1.0,0.0,0.0,0.0
20260320_140411_268302,0,89,1.825406551361084,0.2507535219192505,-0.0806155454714595,-11.112354901176491,0.0,0.3440527741627193,0.2706050872802734,1.787689090570808,0.0,0.0,0.02,0.0606155454714595,0.0,carpet,12345,2458047581,0,0,0,0,0,0,-0.008836385,-0.7029488,-0.9579112,-0.027858209,0.70927393,0.8013911,0.5671203,-0.2525366,0.06768828,0.93231165,-0.24873477,-1.0,-1.0,-1.0,-1.0,-1.0,-1.0,-1.0,1.0,0.0,0.0,0.0,1.0,0.0,0.0,0.0,1.0,0.0,0.0,0.0
20260320_140411_268302,0,90,1.7624483108520508,0.2602944374084472,-0.0875746828019249,-11.199929583978417,0.0,0.01951669339212,-0.9540915489196776,1.6485063439615004,0.0,0.0,0.02,0.0675746828019249,0.0,carpet,12345,2458047581,0,0,0,0,0,0,0.25772393,-0.625942,-0.29763395,-0.6128336,-0.8167723,0.64750457,-0.8745682,-0.07200794,0.070083134,0.9299168,0.115303434,-1.0,-1.0,-1.0,-1.0,-1.0,-1.0,-1.0,1.0,0.0,0.0,0.0,1.0,0.0,0.0,0.0,1.0,0.0,0.0,0.0
20260320_140411_268302,0,91,1.7255747318267822,0.2423819899559021,-0.0658347059562527,-11.265764289934667,0.0,0.4624487063577192,1.7912447452545166,2.0833058808749456,0.0,0.0,0.02,0.0458347059562527,0.0,carpet,12345,2458047581,0,0,0,0,0,0,0.28881854,0.44575813,0.57533467,-0.9174131,0.35011083,-0.97274846,-0.2944692,-0.15070572,0.06163942,0.9383605,-0.1230271,-1.0,-1.0,-1.0,-1.0,-1.0,-1.0,-1.0,1.0,0.0,0.0,0.0,1.0,0.0,0.0,0.0,1.0,0.0,0.0,0.0
20260320_140411_268302,0,92,1.6910688877105713,0.2514403760433197,-0.0912145296688916,-11.35697881960356,0.0,0.1203768775828422,-0.9058386087417604,1.5757094066221669,0.0,0.0,0.02,0.0712145296688916,0.0,carpet,12345,2458047581,0,0,0,0,0,0,-0.7065989,-0.55471677,0.38394803,-1.0,-0.91873306,-1.0,-0.27212945,-0.19679756,0.07749194,0.922508,-0.11955485,-1.0,-1.0,-1.0,-1.0,-1.0,-1.0,-1.0,1.0,0.0,0.0,0.0,1.0,0.0,0.0,0.0,1.0,0.0,0.0,0.0
20260320_140411_268302,0,93,1.753576397895813,0.2461842447519302,-0.0931691835787927,-11.450148003182353,0.0,0.2216859404718718,0.5256131291389465,1.5366163284241452,0.0,0.0,0.02,0.0731691835787927,0.0,carpet,12345,2458047581,0,0,0,0,0,0,0.9864016,-0.2585357,-0.40445337,-0.22115329,-0.30332237,0.16878356,0.7622279,-0.23992996,0.06947527,0.9305247,-0.17062157,-1.0,-1.0,-1.0,-1.0,-1.0,-1.0,-1.0,1.0,0.0,0.0,0.0,1.0,0.0,0.0,0.0,1.0,0.0,0.0,0.0
20260320_140411_268302,0,94,1.6457021236419678,0.2804111242294311,-0.14612446110255,-11.596272464284905,0.0,-0.6894075315836119,-3.422687947750092,0.4786734603836606,0.0005813412173307,0.0,0.02,0.1260663269808169,0.0,carpet,12345,2458047581,0,0,0,0,0,0,-0.7260022,-0.3050628,-0.26833075,0.68459016,0.22281477,-0.43872514,-0.8496264,-0.16179562,0.07412694,0.92587304,0.09810095,-1.0,-1.0,-1.0,-1.0,-1.0,-1.0,-1.0,1.0,0.0,0.0,0.0,1.0,0.0,0.0,0.0,1.0,0.0,0.0,0.0
20260320_140411_268302,0,95,1.6578545570373535,0.2707429826259613,-0.1712686027678289,-11.767541067052733,0.0,-0.2753521086009698,0.9668141603469848,-0.1407314223800284,0.0022080897408191,0.0209558758749406,0.02,0.15,0.0,carpet,12345,2458047581,0,0,0,0,0,0,-0.93804014,0.9263799,-0.116525695,0.917384,-0.53522485,0.21483752,-0.70429116,-0.2966385,0.04383615,0.9561638,-0.32283917,-1.0,-1.0,-1.0,-1.0,-1.0,-1.0,-1.0,1.0,0.0,0.0,0.0,1.0,0.0,0.0,0.0,1.0,0.0,0.0,0.0
20260320_140411_268302,0,96,1.650078535079956,0.2551706433296203,-0.1709762004002603,-11.93851726745299,0.0,0.1827944009578033,1.5572339296340942,0.0225462851856548,0.0045078555591024,0.0330545820726557,0.02,0.1488726857407172,0.0,carpet,12345,2458047581,0,0,0,0,0,0,-0.9280486,0.7232726,-0.328733,-0.4931312,-0.7650916,-0.74686664,-0.22838515,-0.2814478,0.052392453,0.94760746,-0.27597004,-1.0,-1.0,-1.0,-1.0,-1.0,-1.0,-1.0,1.0,0.0,0.0,0.0,1.0,0.0,0.0,0.0,1.0,0.0,0.0,0.0
20260320_140411_268302,0,97,1.667439341545105,0.2498674690723419,-0.1733566154497249,-12.111873882902715,0.0,0.2696751571503171,0.5303174257278442,-0.1702272640217472,0.0057117348185773,0.0557088393573443,0.02,0.15,0.0,carpet,12345,2458047581,0,0,0,0,0,0,-0.18517593,-0.6441726,-0.49609986,0.6698557,0.76985097,0.55349314,-0.64283437,-0.29116783,0.06617397,0.933826,-0.19860755,-1.0,-1.0,-1.0,-1.0,-1.0,-1.0,-1.0,1.0,0.0,0.0,0.0,1.0,0.0,0.0,0.0,1.0,0.0,0.0,0.0
20260320_140411_268302,0,98,1.722556710243225,0.2478453516960144,-0.1703684929846472,-12.282242375887362,0.0,0.2528093022709186,0.2022117376327514,-0.0377948393336708,0.0036849298464726,0.0,0.02,0.15,0.0,carpet,12345,2458047581,0,0,0,0,0,0,-0.21008532,-0.94519854,0.7768764,-0.93140996,-0.75682735,0.62913495,0.16193731,-0.26946697,0.07086728,0.9291327,-0.24538389,-1.0,-1.0,-1.0,-1.0,-1.0,-1.0,-1.0,1.0,0.0,0.0,0.0,1.0,0.0,0.0,0.0,1.0,0.0,0.0,0.0
20260320_140411_268302,0,99,1.7111766338348389,0.246145561337471,-0.1702908043419496,-12.452533180229311,0.0,0.2321017356667596,0.1699790358543396,-0.0273790441387831,0.002908043419497,0.0,0.02,0.15,0.0,carpet,12345,2458047581,0,0,0,0,0,0,-0.420716,0.10725715,-0.04320956,0.2245122,-0.67625713,-0.5316252,0.69533414,-0.2005701,0.07265687,0.9273431,0.009110606,-1.0,-1.0,-1.0,-1.0,-1.0,-1.0,-1.0,1.0,0.0,0.0,0.0,1.0,0.0,0.0,0.0,1.0,0.0,0.0,0.0
20260320_140411_268302,0,100,1.7111930847167969,0.2405914366245269,-0.1214906093330258,-12.574023789562338,0.0,0.3129294195736918,0.5554124712944031,0.9749579070185206,0.0023850468395187,0.0,0.02,0.1012521046490739,0.0,carpet,12345,2458047581,0,0,0,0,0,0,-0.66511345,0.31554493,-0.60864,-0.85733545,-0.6483902,-0.19055985,0.60457087,-0.2147953,0.07416119,0.92583877,0.052332744,-1.0,-1.0,-1.0,-1.0,-1.0,-1.0,-1.0,1.0,0.0,0.0,0.0,1.0,0.0,0.0,0.0,1.0,0.0,0.0,0.0
20260320_140411_268302,0,101,1.71132493019104,0.2197534143924713,-0.0699043413535309,-12.643928130915867,0.0,0.7556476204816533,2.0838022232055664,2.005957636101144,0.0020222315858815,0.0,0.02,0.0497021181949428,0.0,carpet,12345,2458047581,0,0,0,0,0,0,-0.042337526,-0.08051939,-0.82834846,-0.9199862,0.017319847,0.41637707,0.09525434,-0.2147747,0.07907658,0.9209234,0.04497299,-1.0,-1.0,-1.0,-1.0,-1.0,-1.0,-1.0,1.0,0.0,0.0,0.0,1.0,0.0,0.0,0.0,1.0,0.0,0.0,0.0
20260320_140411_268302,0,102,1.7160664796829224,0.2503663003444671,-0.0889331240855423,-12.732861255001412,0.0,-0.1985864334386633,-3.061288595199585,1.624576801704677,0.0016196417077618,0.0,0.02,0.0687711599147661,0.0,carpet,12345,2458047581,0,0,0,0,0,0,-0.85625523,0.93562186,-0.8362812,-0.3760512,-0.2257402,-1.0,0.90059865,-0.2146099,0.09751822,0.90248173,-0.009918956,-1.0,-1.0,-1.0,-1.0,-1.0,-1.0,-1.0,1.0,0.0,0.0,0.0,1.0,0.0,0.0,0.0,1.0,0.0,0.0,0.0
20260320_140411_268302,0,103,1.5904995203018188,0.2893819212913513,-0.1591938742513978,-12.89205512925281,0.0,-1.1243303487510872,-3.901562094688416,0.2305712958032728,0.0072243904156148,0.0,0.02,0.1384714352098363,0.0,carpet,12345,2458047581,0,0,0,0,0,0,-0.6501439,1.0,-0.85747045,0.6979047,-0.43776885,0.024671482,-1.0,-0.20868301,0.070425816,0.92957413,0.10422504,-1.0,-1.0,-1.0,-1.0,-1.0,-1.0,-1.0,1.0,0.0,0.0,0.0,1.0,0.0,0.0,0.0,1.0,0.0,0.0,0.0
20260320_140411_268302,0,104,1.6442614793777466,0.2416227310895919,-0.1545333984200834,-13.046588527672894,0.0,0.3507319934806645,4.775919020175934,0.3284939870130188,0.0095809777073443,0.0,0.02,0.133575300649349,0.0,carpet,12345,2458047581,0,0,0,0,0,0,0.85171825,0.52387285,0.1979589,0.41204548,-0.4966379,0.061233796,0.48870015,-0.3656416,0.035896998,0.964103,-0.34283537,-1.0,-1.0,-1.0,-1.0,-1.0,-1.0,-1.0,1.0,0.0,0.0,0.0,1.0,0.0,0.0,0.0,1.0,0.0,0.0,0.0
20260320_140411_268302,0,105,1.5231683254241943,0.3583136200904846,-0.3378201565094609,-13.384408684182354,-0.1635558074779552,-2.654223229911821,-11.669088900089264,-2.557830978565562,0.0237533750711054,0.0377802304879026,0.02,0.15,0.0,carpet,12345,2458047581,0,0,0,0,0,0,-0.1436702,0.97443515,-0.86221135,-0.17603128,-0.019748844,-0.71628433,-0.97325027,-0.2984392,0.07816388,0.92183614,-0.018202702,-1.0,-1.0,-1.0,-1.0,-1.0,-1.0,-1.0,1.0,0.0,0.0,0.0,1.0,0.0,0.0,0.0,1.0,0.0,0.0,0.0
20260320_140411_268302,0,106,1.5612366199493408,0.2678411900997162,-0.1755466244806508,-13.559955308663003,0.0,0.2711433273353378,9.047242999076843,-2.599617070803916,0.0329999092205481,0.0449326711719207,0.02,0.15,0.0,carpet,12345,2458047581,0,0,0,0,0,0,-0.49329656,1.0,-0.16184609,-0.6933629,-0.24434347,0.00601322,-0.07763768,-0.44980565,-0.025107566,1.0,-0.46639603,-1.0,-1.0,-1.0,-1.0,-1.0,-1.0,-1.0,1.0,0.0,0.0,0.0,1.0,0.0,0.0,0.0,1.0,0.0,0.0,0.0
20260320_140411_268302,0,107,1.5053054094314575,0.3516887128353119,-0.1811738936914045,-13.74112920235441,0.0,-1.892830572888372,-8.38475227355957,-5.248095264173941,0.0500971288419462,0.1232836161441989,0.02,0.15,0.0,carpet,12345,2458047581,0,0,0,0,0,0,-0.46596524,-0.641851,-0.56194776,0.7591724,-0.67630833,-0.20036899,-1.0,-0.40222034,0.05496055,0.9450394,-0.19605805,-1.0,-1.0,-1.0,-1.0,-1.0,-1.0,-1.0,1.0,0.0,0.0,0.0,1.0,0.0,0.0,0.0,1.0,0.0,0.0,0.0
20260320_140411_268302,0,108,1.5608395338058472,0.2645808756351471,-0.1820332291875195,-13.923162431541927,0.0,0.7580730003378164,8.71078372001648,-4.291435830397461,0.0547973936354355,0.1310697964795188,0.02,0.15,0.0,carpet,12345,2458047581,0,0,0,0,0,0,-0.17240603,0.12034534,-0.030696288,0.7229741,0.25879627,0.5979573,-0.48047295,-0.4721342,-0.019244522,1.0,-0.4474564,-1.0,-1.0,-1.0,-1.0,-1.0,-1.0,-1.0,1.0,0.0,0.0,0.0,1.0,0.0,0.0,0.0,1.0,0.0,0.0,0.0
20260320_140411_268302,0,109,1.5599429607391355,0.2545761466026306,-0.182046117866959,-14.105208549408887,0.0,0.8186729760662956,1.000472903251648,-2.348432505580078,0.0586277510135273,0.1236668553121266,0.02,0.15,0.0,carpet,12345,2458047581,0,0,0,0,0,0,-1.0,0.46037245,-0.80312604,-0.84147984,-0.024526682,-0.46233675,-0.23689999,-0.40271664,0.05784592,0.942154,-0.27186885,-1.0,-1.0,-1.0,-1.0,-1.0,-1.0,-1.0,1.0,0.0,0.0,0.0,1.0,0.0,0.0,0.0,1.0,0.0,0.0,0.0
20260320_140411_268302,0,110,1.5602542161941528,0.2542676925659179,-0.1820880191436351,-14.287296568552522,0.0,0.6217160829675379,0.0308454036712646,-2.0774484160932047,0.061526026823567,0.1187083292255697,0.02,0.15,0.0,carpet,12345,2458047581,0,0,0,0,0,0,-0.712782,1.0,-0.2325856,-0.450373,0.04394735,-0.33037108,-0.20557618,-0.40383738,0.06670011,0.93329984,-0.22625552,-1.0,-1.0,-1.0,-1.0,-1.0,-1.0,-1.0,1.0,0.0,0.0,0.0,1.0,0.0,0.0,0.0,1.0,0.0,0.0,0.0
20260320_140411_268302,0,111,1.550946593284607,0.2775416076183319,-0.1609331733375801,-14.448229741890104,0.0,-0.1155608140847164,-2.327391505241394,0.4612139997339,0.0655661104697294,0.1487452455460435,0.02,0.126939300013305,0.0,carpet,12345,2458047581,0,0,0,0,0,0,-0.70046276,-0.9714734,0.25088614,0.30819762,-0.08046577,0.34161794,-0.9786153,-0.40344828,0.06697309,0.9330269,-0.22830042,-1.0,-1.0,-1.0,-1.0,-1.0,-1.0,-1.0,1.0,0.0,0.0,0.0,1.0,0.0,0.0,0.0,1.0,0.0,0.0,0.0
20260320_140411_268302,0,112,1.5586341619491575,0.2455826848745346,-0.1384255214835436,-14.586655263373649,0.0,0.7123024580314166,3.1958922743797302,0.9023731304299788,0.0671394658947103,0.1366046283114315,0.02,0.104881343478501,0.0,carpet,12345,2458047581,0,0,0,0,0,0,0.5875269,0.15989612,0.13663344,-0.08469308,-0.51501995,-0.11426852,-0.24425545,-0.41508275,0.046375684,0.95362425,-0.34457043,-1.0,-1.0,-1.0,-1.0,-1.0,-1.0,-1.0,1.0,0.0,0.0,0.0,1.0,0.0,0.0,0.0,1.0,0.0,0.0,0.0
20260320_140411_268302,0,113,1.5043107271194458,0.3189897835254669,-0.1116120597132884,-14.698267323086936,0.0,-1.3009506227497525,-7.340709865093231,1.4942530805685976,0.0796915982457561,0.1671110783428541,0.02,0.0752873459715701,0.0,carpet,12345,2458047581,0,0,0,0,0,0,0.74099857,-0.2307449,0.42637697,1.0,-0.58406335,-0.6665542,-0.58571297,-0.40547332,0.07465933,0.9253406,-0.2251574,-1.0,-1.0,-1.0,-1.0,-1.0,-1.0,-1.0,1.0,0.0,0.0,0.0,1.0,0.0,0.0,0.0,1.0,0.0,0.0,0.0
20260320_140411_268302,0,114,1.5238823890686035,0.2831494808197021,-0.1545184763195153,-14.85278579940645,0.0,-0.0797053994182022,3.584030270576477,0.656474680812579,0.085356040490303,0.1761321262222803,0.02,0.117176265959371,0.0,carpet,12345,2458047581,0,0,0,0,0,0,-0.27005923,-0.1920649,-0.577235,0.6006538,1.0,-0.11238114,-0.3833164,-0.47337762,0.009694035,0.99030596,-0.36159843,-1.0,-1.0,-1.0,-1.0,-1.0,-1.0,-1.0,1.0,0.0,0.0,0.0,1.0,0.0,0.0,0.0,1.0,0.0,0.0,0.0
20260320_140411_268302,0,115,1.6478861570358276,0.2205883413553238,-0.1141875763344613,-14.966973375740912,0.0,1.5042494370458144,6.256113946437836,1.3420511417920975,0.0634330678355097,0.0989365328103045,0.02,0.0828974429103951,0.0,carpet,12345,2458047581,0,0,0,0,0,0,-0.5663925,-0.76669604,-1.0,-0.4348091,0.23579873,0.4028085,0.06978325,-0.448913,0.0414127,0.9585873,-0.3138626,-1.0,-1.0,-1.0,-1.0,-1.0,-1.0,-1.0,1.0,0.0,0.0,0.0,1.0,0.0,0.0,0.0,1.0,0.0,0.0,0.0
20260320_140411_268302,0,116,1.6797376871109009,0.2391409277915954,-0.1054951070738514,-15.072468482814765,0.0,0.6643724168775691,-1.8552586436271667,1.384707475702129,0.0438420278283754,0.0069255615224079,0.02,0.0807646262148935,0.0,carpet,12345,2458047581,0,0,0,0,0,0,-0.32577264,-0.6296527,-0.91490066,-0.6875481,-0.08297188,0.5125144,0.4776534,-0.2939083,0.09677932,0.9032207,-0.024662286,-1.0,-1.0,-1.0,-1.0,-1.0,-1.0,-1.0,1.0,0.0,0.0,0.0,1.0,0.0,0.0,0.0,1.0,0.0,0.0,0.0
20260320_140411_268302,0,117,1.6663446426391602,0.2336005419492721,-0.0664843465438591,-15.138952829358622,0.0,0.6367889587162665,0.5540385842323303,2.137057248503112,0.0333720896901476,0.0,0.02,0.0431471375748444,0.0,carpet,12345,2458047581,0,0,0,0,0,0,0.111232154,-0.50824916,-0.51553464,-0.28139296,-0.2362048,-0.088101506,0.30562901,-0.25409395,0.08036028,0.9196397,0.092842445,-1.0,-1.0,-1.0,-1.0,-1.0,-1.0,-1.0,1.0,0.0,0.0,0.0,1.0,0.0,0.0,0.0,1.0,0.0,0.0,0.0
20260320_140411_268302,0,118,1.62178635597229,0.2211773097515106,-0.0625860663437051,-15.201538895702328,0.0,0.7881725239812312,1.2423232197761536,2.2129273144529265,0.0323243206635146,0.0,0.02,0.0393536342773536,0.0,carpet,12345,2458047581,0,0,0,0,0,0,0.3800713,-0.48139137,-0.7114104,-0.6639338,-0.7601765,-0.65897954,-0.12808777,-0.2708353,0.08526352,0.91473645,0.07732298,-1.0,-1.0,-1.0,-1.0,-1.0,-1.0,-1.0,1.0,0.0,0.0,0.0,1.0,0.0,0.0,0.0,1.0,0.0,0.0,0.0
20260320_140411_268302,0,119,1.637415051460266,0.2422546148300171,-0.0229450212547922,-15.22448391695712,0.0,0.064196766023258,-2.107730507850647,3.578074703225937,0.029450212547922,0.0,0.02,0.0,0.0,carpet,12345,2458047581,0,0,0,0,0,0,-0.051957417,-0.31170785,-0.11879834,0.7134786,0.70964956,-0.46192977,0.74443966,-0.32653314,0.09625808,0.9037419,-0.033674527,-1.0,-1.0,-1.0,-1.0,-1.0,-1.0,-1.0,1.0,0.0,0.0,0.0,1.0,0.0,0.0,0.0,1.0,0.0,0.0,0.0
20260320_140411_268302,0,120,1.695872783660889,0.2783105373382568,-0.0318182087385097,-15.25630212569563,0.0,-0.8532504881885501,-3.605592250823975,2.804529614455589,0.0204468946128923,0.0,0.02,0.0097735192772205,0.0,carpet,12345,2458047581,0,0,0,0,0,0,-0.52522326,0.1731156,-0.76481044,0.23779595,-0.7109141,0.9665665,0.5327923,-0.3069973,0.07760466,0.92239535,0.061044484,-1.0,-1.0,-1.0,-1.0,-1.0,-1.0,-1.0,1.0,0.0,0.0,0.0,1.0,0.0,0.0,0.0,1.0,0.0,0.0,0.0
20260320_140411_268302,0,121,1.625725507736206,0.2429689168930053,-0.0950113469361681,-15.351313472631798,0.0,0.2436026449898918,3.5341620445251465,1.5438828223996666,0.0220548805615141,0.0,0.02,0.0728058588800166,0.0,carpet,12345,2458047581,0,0,0,0,0,0,0.25293994,-0.7318198,0.18754034,-0.8008692,-0.5993219,-0.6130539,-0.27219012,-0.23392506,0.045695167,0.9543048,0.15090464,-1.0,-1.0,-1.0,-1.0,-1.0,-1.0,-1.0,1.0,0.0,0.0,0.0,1.0,0.0,0.0,0.0,1.0,0.0,0.0,0.0
20260320_140411_268302,0,122,1.639174222946167,0.2441271096467971,-0.1205119629696392,-15.471825435601437,0.0,0.1537471648975952,-0.1158192753791809,1.033257570419693,0.0217484149062389,0.0,0.02,0.0983371214790153,0.0,carpet,12345,2458047581,0,0,0,0,0,0,0.672933,-0.031434044,0.7583484,-0.7100282,0.9246098,0.32973456,0.2861544,-0.3216091,0.0769725,0.92302746,-0.029237688,-1.0,-1.0,-1.0,-1.0,-1.0,-1.0,-1.0,1.0,0.0,0.0,0.0,1.0,0.0,0.0,0.0,1.0,0.0,0.0,0.0
20260320_140411_268302,0,123,1.6895537376403809,0.2681288719177246,-0.1716210417384994,-15.643446477339936,0.0,-0.4847336830999609,-2.400176227092743,-0.0882650713965347,0.0162104173849949,0.0,0.02,0.15,0.0,carpet,12345,2458047581,0,0,0,0,0,0,0.4249327,0.29461592,0.91247743,-0.48404256,0.6648755,0.6279129,0.7251643,-0.3047983,0.075947516,0.9240525,0.03396639,-1.0,-1.0,-1.0,-1.0,-1.0,-1.0,-1.0,1.0,0.0,0.0,0.0,1.0,0.0,0.0,0.0,1.0,0.0,0.0,0.0
20260320_140411_268302,0,124,1.6963521242141724,0.2797913253307342,-0.1712010055309516,-15.814647482870887,0.0,-0.6551115976502331,-1.1662453413009644,-1.531549193027999,0.0120100553095164,0.0,0.02,0.15,0.0,carpet,12345,2458047581,0,0,0,0,0,0,-0.3373469,-0.22969079,-0.90396684,0.54686046,-0.72402996,0.6166442,0.89032084,-0.24182396,0.054705948,0.945294,0.15450647,-1.0,-1.0,-1.0,-1.0,-1.0,-1.0,-1.0,1.0,0.0,0.0,0.0,1.0,0.0,0.0,0.0,1.0,0.0,0.0,0.0
20260320_140411_268302,0,125,1.6211847066879272,0.2386236637830734,-0.1715675951085141,-15.986215077979402,0.0,0.537857840453853,4.116766154766083,-1.057888118597404,0.0156759510851418,0.0,0.02,0.15,0.0,carpet,12345,2458047581,0,0,0,0,0,0,-0.09848178,-0.7941051,-0.5537654,-0.9533394,1.0,-0.6967952,0.06873483,-0.23332596,0.044384684,0.9556153,0.20548438,-1.0,-1.0,-1.0,-1.0,-1.0,-1.0,-1.0,1.0,0.0,0.0,0.0,1.0,0.0,0.0,0.0,1.0,0.0,0.0,0.0
20260320_140411_268302,0,126,1.6352790594100952,0.2584260702133178,-0.171729032068728,-16.15794411004813,0.0,-0.0916667804157214,-1.9802406430244448,-0.2963044108245753,0.0172903206872807,0.0,0.02,0.15,0.0,carpet,12345,2458047581,0,0,0,0,0,0,-0.8676907,0.51118946,-0.13958275,0.7803114,-0.6077145,-0.8108408,1.0,-0.3272852,0.080818065,0.9191819,-0.04747493,-1.0,-1.0,-1.0,-1.0,-1.0,-1.0,-1.0,1.0,0.0,0.0,0.0,1.0,0.0,0.0,0.0,1.0,0.0,0.0,0.0
20260320_140411_268302,0,127,1.6164426803588867,0.2058219462633133,-0.1367356127060011,-16.294679722754132,0.0,1.2463530134383234,5.260412395000458,0.7064459576238562,0.02057910587194,0.0,0.02,0.1146777021188071,0.0,carpet,12345,2458047581,0,0,0,0,0,0,-0.49825674,0.41063878,0.3884661,0.8334328,0.8193907,0.41749653,0.1776631,-0.3096672,0.06329292,0.936707,0.078735225,-1.0,-1.0,-1.0,-1.0,-1.0,-1.0,-1.0,1.0,0.0,0.0,0.0,1.0,0.0,0.0,0.0,1.0,0.0,0.0,0.0
20260320_140411_268302,0,128,1.5809152126312256,0.2249738872051239,-0.122325329133681,-16.417005051887813,0.0,0.4559662365334702,-1.9151940941810608,1.0086650292597312,0.0275858059666761,0.0,0.02,0.0995667485370134,0.0,carpet,12345,2458047581,0,0,0,0,0,0,0.35129762,-0.77439606,0.6424318,0.8540622,-0.38306507,-0.11587854,-0.5153758,-0.33321267,0.10984757,0.89015245,-0.059390303,-1.0,-1.0,-1.0,-1.0,-1.0,-1.0,-1.0,1.0,0.0,0.0,0.0,1.0,0.0,0.0,0.0,1.0,0.0,0.0,0.0
20260320_140411_268302,0,129,1.571863055229187,0.230627104640007,-0.0887778687028407,-16.505782920590654,0.0,0.2006442415280389,-0.5653217434883118,1.694042953887731,0.034800163972273,0.0,0.02,0.0652978523056134,0.0,carpet,12345,2458047581,0,0,0,0,0,0,0.2079324,-0.5690262,0.8388698,0.85956967,-0.5348721,-0.9175921,-0.12252859,-0.37762204,0.09289811,0.90710187,-0.19759034,-1.0,-1.0,-1.0,-1.0,-1.0,-1.0,-1.0,1.0,0.0,0.0,0.0,1.0,0.0,0.0,0.0,1.0,0.0,0.0,0.0
20260320_140411_268302,0,130,1.624608874320984,0.2091933488845825,-0.0232980328049622,-16.529080953395617,0.0,0.6863270750316417,2.14337557554245,3.035481626569606,0.0329803280496227,0.0,0.02,0.0,0.0,carpet,12345,2458047581,0,0,0,0,0,0,-0.62566507,-0.16740535,0.32390097,0.4851361,0.16746183,-0.11269964,0.55511487,-0.38893718,0.08789501,0.91210496,-0.16374607,-1.0,-1.0,-1.0,-1.0,-1.0,-1.0,-1.0,1.0,0.0,0.0,0.0,1.0,0.0,0.0,0.0,1.0,0.0,0.0,0.0
20260320_140411_268302,0,131,1.6012578010559082,0.2026239037513733,-0.0234923643078362,-16.55257331770345,0.0,0.6789814346039407,0.6569445133209229,3.176605220719693,0.0349236430783622,0.0,0.02,0.0,0.0,carpet,12345,2458047581,0,0,0,0,0,0,-0.55263543,-0.019640524,0.41508928,-0.46904966,-0.51861227,-0.32476416,-0.03716809,-0.3230049,0.106863886,0.8931361,-0.0060218545,-1.0,-1.0,-1.0,-1.0,-1.0,-1.0,-1.0,1.0,0.0,0.0,0.0,1.0,0.0,0.0,0.0,1.0,0.0,0.0,0.0
20260320_140411_268302,0,132,1.595347285270691,0.2123789638280868,-0.0237290438550856,-16.576302361558536,0.0,0.2653595740351306,-0.9755060076713562,3.5336315751705456,0.0372904385508563,0.0,0.02,0.0,0.0,carpet,12345,2458047581,0,0,0,0,0,0,-0.049783688,0.29250768,0.26525685,0.90502465,-0.1430119,-0.6146546,0.15008937,-0.35219383,0.11267784,0.8873221,-0.090656914,-1.0,-1.0,-1.0,-1.0,-1.0,-1.0,-1.0,1.0,0.0,0.0,0.0,1.0,0.0,0.0,0.0,1.0,0.0,0.0,0.0
20260320_140411_268302,0,133,1.6553980112075806,0.242033764719963,-0.0858049820307022,-16.662107343589238,0.0,-0.5423503417705433,-2.965480089187622,1.744928219961679,0.0305139302878617,0.0,0.02,0.062753589001916,0.0,carpet,12345,2458047581,0,0,0,0,0,0,0.64949054,-0.45523867,-0.7859358,-0.11963879,-0.89301556,0.3277761,0.846275,-0.35958195,0.104044616,0.8959554,-0.091603376,-1.0,-1.0,-1.0,-1.0,-1.0,-1.0,-1.0,1.0,0.0,0.0,0.0,1.0,0.0,0.0,0.0,1.0,0.0,0.0,0.0
20260320_140411_268302,0,134,1.627685785293579,0.2078806161880493,-0.0861405895745939,-16.74824793316383,0.0,0.447065956969908,3.415314853191376,1.7360279403981167,0.0294198659449977,0.0,0.02,0.0631986029800941,0.0,carpet,12345,2458047581,0,0,0,0,0,0,-0.8123829,0.044341795,-0.051686417,-0.45679596,0.82024574,0.2787523,-0.0317337,-0.28451863,0.07780012,0.92219985,0.13539301,-1.0,-1.0,-1.0,-1.0,-1.0,-1.0,-1.0,1.0,0.0,0.0,0.0,1.0,0.0,0.0,0.0,1.0,0.0,0.0,0.0
20260320_140411_268302,0,135,1.619088649749756,0.2197652161121368,-0.0942957907802592,-16.84254372394409,0.0,0.0381844696252642,-1.1884599924087524,1.573568168495342,0.0297419920502637,0.0,0.02,0.0713215915752329,0.0,carpet,12345,2458047581,0,0,0,0,0,0,-0.2500273,0.41464,-0.22893257,-0.5509696,0.21723679,0.74599105,-0.62357306,-0.31915873,0.108025655,0.89197433,-0.025971392,-1.0,-1.0,-1.0,-1.0,-1.0,-1.0,-1.0,1.0,0.0,0.0,0.0,1.0,0.0,0.0,0.0,1.0,0.0,0.0,0.0
20260320_140411_268302,0,136,1.5448607206344604,0.2416214346885681,-0.1555950022234173,-16.998138726167507,0.0,-0.5177671121918479,-2.1856218576431274,0.3694739812718524,0.0406870128700996,0.0,0.02,0.1315263009364073,0.0,carpet,12345,2458047581,0,0,0,0,0,0,0.05494271,0.57767546,-0.12959954,0.6434147,-0.79472136,-0.5908055,-0.6513867,-0.32990533,0.097507775,0.9024922,-0.11880751,-1.0,-1.0,-1.0,-1.0,-1.0,-1.0,-1.0,1.0,0.0,0.0,0.0,1.0,0.0,0.0,0.0,1.0,0.0,0.0,0.0
20260320_140411_268302,0,137,1.63279128074646,0.2096277028322219,-0.1685029961116828,-17.16664172227919,0.0,0.4115179622647815,3.199373185634613,0.1020105089326932,0.0360352155831747,0.0,0.02,0.1448994745533653,0.0,carpet,12345,2458047581,0,0,0,0,0,0,0.82284796,-0.379002,-0.54958105,0.8328627,0.6861065,0.4850953,0.055059295,-0.4226902,0.078165025,0.9218349,-0.25894758,-1.0,-1.0,-1.0,-1.0,-1.0,-1.0,-1.0,1.0,0.0,0.0,0.0,1.0,0.0,0.0,0.0,1.0,0.0,0.0,0.0
20260320_140411_268302,0,138,1.552883505821228,0.2497614324092865,-0.1744796827866926,-17.341121405065884,0.0,-0.6947047677280409,-4.013372957706451,-0.8580538328304783,0.0447968278669263,0.0,0.02,0.15,0.0,carpet,12345,2458047581,0,0,0,0,0,0,0.28011557,-0.60789776,0.060095903,1.0,-0.89936423,-1.0,0.1312357,-0.31277695,0.10647948,0.8935205,-0.04169364,-1.0,-1.0,-1.0,-1.0,-1.0,-1.0,-1.0,1.0,0.0,0.0,0.0,1.0,0.0,0.0,0.0,1.0,0.0,0.0,0.0
20260320_140411_268302,0,139,1.5510029792785645,0.2225365042686462,-0.1752323483844346,-17.516353753450318,0.0,0.1595946277199971,2.722492814064026,-0.1561088633399379,0.0523234838443465,0.0,0.02,0.15,0.0,carpet,12345,2458047581,0,0,0,0,0,0,-0.31226996,0.9658681,0.06385243,-0.87944335,-0.23660684,-0.2856092,0.15328676,-0.41266173,0.07096113,0.9290388,-0.12756902,-1.0,-1.0,-1.0,-1.0,-1.0,-1.0,-1.0,1.0,0.0,0.0,0.0,1.0,0.0,0.0,0.0,1.0,0.0,0.0,0.0
20260320_140411_268302,0,140,1.5512129068374634,0.2318224012851715,-0.175831284333133,-17.69218503778345,0.0,-0.1124514546231552,-0.9285897016525269,-0.7156262749330011,0.0583128433313308,0.0,0.02,0.15,0.0,carpet,12345,2458047581,0,0,0,0,0,0,-0.11066235,0.47795466,-0.0887579,-0.0118037835,0.4773067,-0.71547985,0.3256204,-0.41501236,0.09505519,0.9049447,-0.117993385,-1.0,-1.0,-1.0,-1.0,-1.0,-1.0,-1.0,1.0,0.0,0.0,0.0,1.0,0.0,0.0,0.0,1.0,0.0,0.0,0.0
20260320_140411_268302,0,141,1.618480205535889,0.2263399511575698,-0.1750697667570369,-17.867254804540487,0.0,0.0527226622226777,0.5482450127601624,-0.7010880823355876,0.0506976675703695,0.0,0.02,0.15,0.0,carpet,12345,2458047581,0,0,0,0,0,0,1.0,0.41144544,-0.6735208,-0.24959481,0.31569523,0.12939627,0.7718199,-0.41474992,0.08683718,0.91316277,-0.09687887,-1.0,-1.0,-1.0,-1.0,-1.0,-1.0,-1.0,1.0,0.0,0.0,0.0,1.0,0.0,0.0,0.0,1.0,0.0,0.0,0.0
20260320_140411_268302,0,142,1.6256074905395508,0.2310068011283874,-0.1744175984882614,-18.04167240302875,0.0,-0.0771292526034272,-0.4666849970817566,-0.260450222747167,0.0441759848826147,0.0,0.02,0.15,0.0,carpet,12345,2458047581,0,0,0,0,0,0,0.6824761,0.03228092,-0.7660463,0.33860853,-0.5332514,0.9958096,0.12109369,-0.33066577,0.09168914,0.90831083,0.09555482,-1.0,-1.0,-1.0,-1.0,-1.0,-1.0,-1.0,1.0,0.0,0.0,0.0,1.0,0.0,0.0,0.0,1.0,0.0,0.0,0.0
20260320_140411_268302,0,143,1.6159825325012207,0.2240998744964599,-0.174106593029175,-18.215778996057924,0.0,0.1148262263456132,0.690692663192749,-0.5571419586663353,0.04106593029175,0.0,0.02,0.15,0.0,carpet,12345,2458047581,0,0,0,0,0,0,0.4664808,0.76068753,-0.016662056,0.6677815,0.20137964,0.80256957,-0.17916888,-0.32175675,0.087558985,0.91244096,0.02825223,-1.0,-1.0,-1.0,-1.0,-1.0,-1.0,-1.0,1.0,0.0,0.0,0.0,1.0,0.0,0.0,0.0,1.0,0.0,0.0,0.0
20260320_140411_268302,0,144,1.5837478637695312,0.2181631922721862,-0.1557796542642862,-18.37155865032221,0.0,0.2345367253660697,0.5936682224273682,0.3720995344277753,0.0438463098567499,0.0,0.02,0.1313950232786112,0.0,carpet,12345,2458047581,0,0,0,0,0,0,-0.4509289,1.0,-0.26242673,-0.5080174,-0.5094211,-0.4203232,-0.49046135,-0.33378792,0.0936716,0.9063284,-0.01506877,-1.0,-1.0,-1.0,-1.0,-1.0,-1.0,-1.0,1.0,0.0,0.0,0.0,1.0,0.0,0.0,0.0,1.0,0.0,0.0,0.0
20260320_140411_268302,0,145,1.5940093994140625,0.2060530632734298,-0.1398733789562306,-18.51143202927844,0.0,0.4786557689934341,1.2110128998756409,0.6911606757012123,0.0443141274129125,0.0,0.02,0.1154419662149393,0.0,carpet,12345,2458047581,0,0,0,0,0,0,0.21487777,-1.0,0.9292779,0.80685425,0.55880916,0.5322564,-0.039367694,-0.37408122,0.098925576,0.90107435,-0.08877651,-1.0,-1.0,-1.0,-1.0,-1.0,-1.0,-1.0,1.0,0.0,0.0,0.0,1.0,0.0,0.0,0.0,1.0,0.0,0.0,0.0
20260320_140411_268302,0,146,1.5260740518569946,0.2355522662401199,-0.1543831849270714,-18.665815214205512,0.0,-0.3784882474221547,-2.9499202966690063,0.4251238829022128,0.0563937907218206,0.0,0.02,0.1287438058548893,0.0,carpet,12345,2458047581,0,0,0,0,0,0,0.27108222,-0.42057618,0.41051707,-0.73028743,-0.9639449,0.3139531,-1.0,-0.3612543,0.109643035,0.89035696,-0.036866885,-1.0,-1.0,-1.0,-1.0,-1.0,-1.0,-1.0,1.0,0.0,0.0,0.0,1.0,0.0,0.0,0.0,1.0,0.0,0.0,0.0
20260320_140411_268302,0,147,1.452525615692139,0.2647348940372467,-0.1784611056761726,-18.844276319881686,0.0,-1.0134318804947924,-2.918262779712677,-0.6410306598152573,0.0817874474338602,0.0056472186557315,0.02,0.15,0.0,carpet,12345,2458047581,0,0,0,0,0,0,-0.95052886,0.52302164,0.18027227,-0.58345294,0.24464543,-0.8542132,-0.52368975,-0.4461735,0.08353624,0.91646373,-0.24650516,-1.0,-1.0,-1.0,-1.0,-1.0,-1.0,-1.0,1.0,0.0,0.0,0.0,1.0,0.0,0.0,0.0,1.0,0.0,0.0,0.0
20260320_140411_268302,0,148,1.4857696294784546,0.2293931543827057,-0.1800676182722334,-19.02434393815392,0.0,0.1234695809924346,3.5341739654541016,-0.4404318262193953,0.0958412300264035,0.0096699053918613,0.02,0.15,0.0,carpet,12345,2458047581,0,0,0,0,0,0,0.00530943,-0.8276794,0.5468971,-0.6448948,-0.025995944,0.56341815,-0.28325197,-0.538109,0.057709616,0.9422903,-0.2977338,-1.0,-1.0,-1.0,-1.0,-1.0,-1.0,-1.0,1.0,0.0,0.0,0.0,1.0,0.0,0.0,0.0,1.0,0.0,0.0,0.0
20260320_140411_268302,0,149,1.4994794130325315,0.2327072769403457,-0.1803688720043139,-19.204712810158235,0.0,0.0097491218033241,-0.3314122557640075,-0.5455089307616845,0.1036887200431389,0.0,0.02,0.15,0.0,carpet,12345,2458047581,0,0,0,0,0,0,-0.7312599,1.0,-0.0030978222,0.8666771,-0.5078862,-0.1777066,0.44011417,-0.496554,0.08898705,0.9110129,-0.15760769,-1.0,-1.0,-1.0,-1.0,-1.0,-1.0,-1.0,1.0,0.0,0.0,0.0,1.0,0.0,0.0,0.0,1.0,0.0,0.0,0.0
20260320_140411_268302,0,150,1.5239101648330688,0.2197406142950058,-0.1803638681688491,-19.385076678327085,0.0,0.3314784074859744,1.2966662645339966,-0.4485672486417797,0.1036386816884918,0.0,0.02,0.15,0.0,carpet,12345,2458047581,0,0,0,0,0,0,-0.5027833,-0.6115613,0.9127201,0.23506743,0.39071792,0.5283339,0.4296705,-0.47941685,0.086054064,0.9139459,-0.02947683,-1.0,-1.0,-1.0,-1.0,-1.0,-1.0,-1.0,1.0,0.0,0.0,0.0,1.0,0.0,0.0,0.0,1.0,0.0,0.0,0.0
20260320_140411_268302,0,151,1.6208000183105469,0.2761086523532867,-0.1781000583098189,-19.563176736636905,0.0,-1.1605921458425144,-5.636803805828095,-2.087815163477728,0.0810005830981894,0.0,0.02,0.15,0.0,carpet,12345,2458047581,0,0,0,0,0,0,-0.6651453,-0.19020481,-0.35603064,-0.96133274,0.31355226,0.7568288,0.8524105,-0.4488783,0.09752955,0.9024704,0.0060913945,-1.0,-1.0,-1.0,-1.0,-1.0,-1.0,-1.0,1.0,0.0,0.0,0.0,1.0,0.0,0.0,0.0,1.0,0.0,0.0,0.0
20260320_140411_268302,0,152,1.5464413166046145,0.2412307411432266,-0.1781346345923005,-19.741311371229205,0.0,0.0015036708695959,3.487791121006012,-1.7078232451859776,0.0813463459230059,0.0,0.02,0.15,0.0,carpet,12345,2458047581,0,0,0,0,0,0,-0.26198408,-0.75244635,-0.078272335,1.0,0.6898205,0.33469468,-0.8159827,-0.32776603,0.047643848,0.9523561,0.21528526,-1.0,-1.0,-1.0,-1.0,-1.0,-1.0,-1.0,1.0,0.0,0.0,0.0,1.0,0.0,0.0,0.0,1.0,0.0,0.0,0.0
20260320_140411_268302,0,153,1.6143540143966677,0.2328786551952362,-0.1767364975089259,-19.91804786873813,0.0,0.2099299018519644,0.8352085947990417,-0.4844614628392207,0.0673649750892599,0.0,0.02,0.15,0.0,carpet,12345,2458047581,0,0,0,0,0,0,-0.49315104,-0.042750947,0.6658063,-0.09968789,0.68103963,0.22593716,0.5622909,-0.42071438,0.0785108,0.9214892,-0.18039186,-1.0,-1.0,-1.0,-1.0,-1.0,-1.0,-1.0,1.0,0.0,0.0,0.0,1.0,0.0,0.0,0.0,1.0,0.0,0.0,0.0
20260320_140411_268302,0,154,1.437135934829712,0.2549276649951935,-0.1795147297591516,-20.097562598497284,0.0,-0.3937778186099621,-2.2049009799957275,-1.0017088624416175,0.0951472975915169,0.0,0.02,0.15,0.0,carpet,12345,2458047581,0,0,0,0,0,0,0.77882415,0.49503988,-0.3938708,-0.049959734,-0.045620736,-0.99023277,-0.8008363,-0.33582363,0.08590239,0.91409755,0.1222811,-1.0,-1.0,-1.0,-1.0,-1.0,-1.0,-1.0,1.0,0.0,0.0,0.0,1.0,0.0,0.0,0.0,1.0,0.0,0.0,0.0
20260320_140411_268302,0,155,1.473592758178711,0.2503917515277862,-0.1809641541121454,-20.27852675260943,0.0,-0.1819355272722873,0.4535913467407226,-1.193393511517229,0.1096415411214539,0.0,0.02,0.15,0.0,carpet,12345,2458047581,0,0,0,0,0,0,-0.20692559,-0.4682653,-0.12358092,0.11223005,0.16176377,-0.6027887,0.9336451,-0.55734617,0.06638901,0.933611,-0.30112737,-1.0,-1.0,-1.0,-1.0,-1.0,-1.0,-1.0,1.0,0.0,0.0,0.0,1.0,0.0,0.0,0.0,1.0,0.0,0.0,0.0
20260320_140411_268302,0,156,1.4849491119384766,0.2318254262208938,-0.1818164321311359,-20.46034318474057,0.0,0.3277064872180943,1.8566325306892395,-1.197165431785109,0.1181643213113592,0.0,0.02,0.15,0.0,carpet,12345,2458047581,0,0,0,0,0,0,-0.2239447,-0.15806103,0.79682106,0.11351695,0.119194604,0.0016883456,0.739895,-0.511775,0.0704033,0.92959666,0.017723475,-1.0,-1.0,-1.0,-1.0,-1.0,-1.0,-1.0,1.0,0.0,0.0,0.0,1.0,0.0,0.0,0.0,1.0,0.0,0.0,0.0
20260320_140411_268302,0,157,1.4735654592514038,0.2274926751852035,-0.1669115265422587,-20.627254711282824,0.0,0.3540986413058391,0.4332751035690307,0.3175253553632444,0.1278779431042097,0.0,0.02,0.1341237322318377,0.0,carpet,12345,2458047581,0,0,0,0,0,0,-0.8824199,-0.40020913,0.3209013,0.02874729,0.44548404,-0.2460453,0.4689106,-0.49757975,0.0868345,0.91316545,0.031088578,-1.0,-1.0,-1.0,-1.0,-1.0,-1.0,-1.0,1.0,0.0,0.0,0.0,1.0,0.0,0.0,0.0,1.0,0.0,0.0,0.0
20260320_140411_268302,0,158,1.5149372816085815,0.2199102938175201,-0.1438379505988694,-20.77109266188169,0.0,0.4551335151714397,0.7582381367683411,0.7711551996650883,0.1239571058212389,0.0,0.02,0.1114422400167455,0.0,carpet,12345,2458047581,0,0,0,0,0,0,0.62930053,0.47829527,-0.56398356,0.19895376,0.5279257,1.0,0.19105865,-0.5118092,0.090668984,0.90933096,-0.013730497,-1.0,-1.0,-1.0,-1.0,-1.0,-1.0,-1.0,1.0,0.0,0.0,0.0,1.0,0.0,0.0,0.0,1.0,0.0,0.0,0.0
20260320_140411_268302,0,159,1.3816498517990112,0.2595048248767853,-0.1859357606201473,-20.95702842250184,0.0,-0.6485131401030344,-3.9594531059265137,-0.0872878422899106,0.1593576062014732,0.0,0.02,0.15,0.0,carpet,12345,2458047581,0,0,0,0,0,0,0.76643735,-0.3530451,0.14993936,-0.22784673,-1.0,-0.51272374,-0.73606,-0.46009445,0.09737939,0.90262055,-0.008425013,-1.0,-1.0,-1.0,-1.0,-1.0,-1.0,-1.0,1.0,0.0,0.0,0.0,1.0,0.0,0.0,0.0,1.0,0.0,0.0,0.0
20260320_140411_268302,0,160,1.368297815322876,0.2703574895858764,-0.1896191949913553,-21.1466476174932,0.0,-0.7577014728045413,-1.0852664709091189,-0.4512114964844897,0.1933116251064278,0.0057606496142507,0.02,0.15,0.0,carpet,12345,2458047581,0,0,0,0,0,0,0.17626597,0.5635826,-0.4138569,0.82009137,-0.293775,-0.2506925,-0.49063084,-0.62670386,0.06233822,0.93766177,-0.30179593,-1.0,-1.0,-1.0,-1.0,-1.0,-1.0,-1.0,1.0,0.0,0.0,0.0,1.0,0.0,0.0,0.0,1.0,0.0,0.0,0.0
20260320_140411_268302,0,161,1.374666452407837,0.2606324255466461,-0.1936578931550622,-21.340305510648257,0.0,-0.3251495036226686,0.9725064039230348,-0.594425472834871,0.2186307642430234,0.0358963346151981,0.02,0.15,0.0,carpet,12345,2458047581,0,0,0,0,0,0,0.93485445,0.80837715,0.6634207,0.08611014,-0.71363163,-0.014210321,-0.31192276,-0.6433937,0.05273362,0.94726634,-0.29384017,-1.0,-1.0,-1.0,-1.0,-1.0,-1.0,-1.0,1.0,0.0,0.0,0.0,1.0,0.0,0.0,0.0,1.0,0.0,0.0,0.0
20260320_140411_268302,0,162,1.2941792011260986,0.3554651141166687,-0.3555919895778832,-21.69589750022614,-0.1536698354918897,-2.614679341967559,-9.483268857002258,-3.5368113020205243,0.2698459163309405,0.0987512490579879,0.02,0.15,0.0,carpet,12345,2458047581,0,0,0,0,0,0,0.758729,-0.8584292,0.40851584,0.24163349,-0.6454612,-0.87024707,-0.34683037,-0.635433,0.06134031,0.93865967,-0.24765015,-1.0,-1.0,-1.0,-1.0,-1.0,-1.0,-1.0,1.0,0.0,0.0,0.0,1.0,0.0,0.0,0.0,1.0,0.0,0.0,0.0
20260320_140411_268302,0,163,1.3000521659851074,0.3480374217033386,-0.2075025458006038,-21.903400046026743,0.0,-1.7753171961424243,0.7427692413330078,-5.666227139468788,0.3092734264752059,0.1315040630616659,0.02,0.15,0.0,carpet,12345,2458047581,0,0,0,0,0,0,0.8099075,0.5355294,0.6428122,0.55661505,0.796446,-0.79333645,0.054312,-0.736042,-0.022586634,1.0,-0.38629988,-1.0,-1.0,-1.0,-1.0,-1.0,-1.0,-1.0,1.0,0.0,0.0,0.0,1.0,0.0,0.0,0.0,1.0,0.0,0.0,0.0
20260320_140411_268302,0,164,1.2964390516281128,0.3151008486747741,-0.2114786407430225,-22.114878686769764,0.0,-0.5080735713926856,3.2936573028564453,-6.629434226032913,0.3422316614192751,0.1451094920218996,0.02,0.15,0.0,carpet,12345,2458047581,0,0,0,0,0,0,0.4638459,-0.049457707,0.4290641,-0.5051673,-0.5618889,0.015742335,-0.17011967,-0.7287008,-0.01601311,1.0,-0.33673993,-1.0,-1.0,-1.0,-1.0,-1.0,-1.0,-1.0,1.0,0.0,0.0,0.0,1.0,0.0,0.0,0.0,1.0,0.0,0.0,0.0
20260320_140411_268302,0,165,1.308345079421997,0.3087563514709472,-0.2132133728574674,-22.32809205962723,0.0,-0.2224427484488558,0.6344497203826904,-6.203363834378735,0.3625100124059394,0.139247432337471,0.02,0.15,0.0,carpet,12345,2458047581,0,0,0,0,0,0,1.0,-0.51501703,-0.7053394,-0.33232048,-0.71237534,0.6104323,-0.2499982,-0.73321724,0.013135756,0.9868642,-0.29899165,-1.0,-1.0,-1.0,-1.0,-1.0,-1.0,-1.0,1.0,0.0,0.0,0.0,1.0,0.0,0.0,0.0,1.0,0.0,0.0,0.0
20260320_140411_268302,0,166,1.3754997253417969,0.2838512659072876,-0.2081194228086688,-22.5362114824359,0.0,0.4557950777548427,2.490508556365967,-4.989867283819351,0.3470047566650183,0.0683789428433413,0.02,0.15,0.0,carpet,12345,2458047581,0,0,0,0,0,0,-0.91799694,0.6962881,-0.49116898,0.78089386,0.04269818,0.18147898,0.76450676,-0.7183348,0.01875063,0.98124933,-0.24365275,-1.0,-1.0,-1.0,-1.0,-1.0,-1.0,-1.0,1.0,0.0,0.0,0.0,1.0,0.0,0.0,0.0,1.0,0.0,0.0,0.0
20260320_140411_268302,0,167,1.3556969165802002,0.2795521318912506,-0.2068901011099733,-22.743101583545872,0.0,0.4493246587170603,0.4299134016036987,-4.215393121479622,0.344480780585994,0.0488404610274788,0.02,0.15,0.0,carpet,12345,2458047581,0,0,0,0,0,0,0.5753678,-0.5794425,0.941294,-0.15488447,-0.86816186,0.4616326,0.016240949,-0.6343914,0.040791634,0.9592083,-0.0146938255,-1.0,-1.0,-1.0,-1.0,-1.0,-1.0,-1.0,1.0,0.0,0.0,0.0,1.0,0.0,0.0,0.0,1.0,0.0,0.0,0.0
20260320_140411_268302,0,168,1.413456916809082,0.2767973244190216,-0.2017081364502205,-22.94480971999609,0.0,0.4058636808435238,0.2754807472229004,-1.1948500986685389,0.3170813645022053,0.0,0.02,0.15,0.0,carpet,12345,2458047581,0,0,0,0,0,0,-0.9661992,-0.017895088,0.41832748,0.6878901,0.40879694,0.6779402,0.7756915,-0.659145,0.04459636,0.9554036,-0.13047154,-1.0,-1.0,-1.0,-1.0,-1.0,-1.0,-1.0,1.0,0.0,0.0,0.0,1.0,0.0,0.0,0.0,1.0,0.0,0.0,0.0
20260320_140411_268302,0,169,1.2697957754135132,0.3897455632686615,-0.3399150950247223,-23.284724815020816,-0.1298270526520859,-2.519308210608344,-11.29482388496399,-1.9388411131344585,0.3605825540946353,0.0805957392634562,0.02,0.15,0.0,carpet,12345,2458047581,0,0,0,0,0,0,-0.925407,-0.5673406,0.6452819,0.6490814,-0.813598,-1.0,-0.7113565,-0.58694494,0.04703436,0.9529656,0.048306596,-1.0,-1.0,-1.0,-1.0,-1.0,-1.0,-1.0,1.0,0.0,0.0,0.0,1.0,0.0,0.0,0.0,1.0,0.0,0.0,0.0
20260320_140411_268302,0,170,1.2596136331558228,0.4029560089111328,-0.2728689928233219,-23.55759380784414,-0.0549355747545163,-2.219742299018065,-1.3210445642471311,-3.650509840759838,0.3999810956978725,0.1587061699803655,0.02,0.15,0.0,carpet,12345,2458047581,0,0,0,0,0,0,0.38080248,0.28406456,0.5721592,0.7483617,0.7012646,0.75012237,-0.47784716,-0.76652133,-0.052924816,1.0,-0.46226466,-1.0,-1.0,-1.0,-1.0,-1.0,-1.0,-1.0,1.0,0.0,0.0,0.0,1.0,0.0,0.0,0.0,1.0,0.0,0.0,0.0
20260320_140411_268302,0,171,1.288790225982666,0.2840211391448974,-0.2187495577087491,-23.776343365552886,0.0,1.308565019892356,11.893486976623535,-2.1195020724186264,0.4162640856723073,0.1424629828303676,0.02,0.15,0.0,carpet,12345,2458047581,0,0,0,0,0,0,0.23547344,-0.20031543,-0.3925645,-0.7050058,0.085081995,0.6463204,-0.050786227,-0.779249,-0.06461606,1.0,-0.4773378,-1.0,-1.0,-1.0,-1.0,-1.0,-1.0,-1.0,1.0,0.0,0.0,0.0,1.0,0.0,0.0,0.0,1.0,0.0,0.0,0.0
20260320_140411_268302,0,172,1.2826101779937744,0.3022322058677673,-0.2200640497113809,-23.99640741526427,0.0,0.5261470968475095,-1.8211066722869875,-2.04915005332596,0.4318077404784343,0.1376655132707498,0.02,0.15,0.0,carpet,12345,2458047581,0,0,0,0,0,0,1.0,0.9532118,-0.9337246,-0.86534315,0.5145141,-0.17180824,-0.3297109,-0.7427782,0.04064128,0.9593587,-0.21960378,-1.0,-1.0,-1.0,-1.0,-1.0,-1.0,-1.0,1.0,0.0,0.0,0.0,1.0,0.0,0.0,0.0,1.0,0.0,0.0,0.0
20260320_140411_268302,0,173,1.2747414112091064,0.2884044051170349,-0.2214061044884746,-24.21781351975274,0.0,0.7403053414039533,1.3827800750732422,-1.7581693706390666,0.4476932822512948,0.1327355252669028,0.02,0.15,0.0,carpet,12345,2458047581,0,0,0,0,0,0,0.10532136,-0.2707928,-0.2860847,1.0,0.40196875,-0.07082159,-0.18058605,-0.75050336,0.024524497,0.9754755,-0.24504073,-1.0,-1.0,-1.0,-1.0,-1.0,-1.0,-1.0,1.0,0.0,0.0,0.0,1.0,0.0,0.0,0.0,1.0,0.0,0.0,0.0
20260320_140411_268302,0,174,1.2600549459457395,0.3224480450153351,-0.2229300372974159,-24.44074355705016,0.0,-0.2958619914045499,-3.404363989830017,-2.4598950428871404,0.4674881427705317,0.1236244604072546,0.02,0.15,0.0,carpet,12345,2458047581,0,0,0,0,0,0,-0.2746828,-0.59619325,0.42456672,0.39928758,-0.8945348,-0.73432535,0.17858212,-0.76033926,0.0367621,0.9632378,-0.24045312,-1.0,-1.0,-1.0,-1.0,-1.0,-1.0,-1.0,1.0,0.0,0.0,0.0,1.0,0.0,0.0,0.0,1.0,0.0,0.0,0.0
20260320_140411_268302,1,0,1.89315128326416,0.3052773177623749,-0.02,-0.02,0.0,-0.6297729909420013,-2.5190919637680054,0.0,0.0,0.0,0.02,0.0,0.0,carpet,12345,2458047712,0,0,1,0,0,0,0.9482551217079164,0.3235585391521454,0.6131064295768738,-0.9005830883979797,-0.9201189279556274,-0.6083658337593079,0.6382355690002441,0.0,-0.0,1.0,0.0,-1.0,-1.0,-1.0,-1.0,-1.0,-1.0,-1.0,1.0,0.0,0.0,0.0,1.0,0.0,0.0,0.0,1.0,0.0,0.0,0.0
20260320_140411_268302,1,1,1.7897428274154663,0.329088032245636,-0.02,-0.04,0.0,-1.0675976052880287,-2.381071448326111,0.0,0.0,0.0,0.02,0.0,0.0,carpet,12345,2458047712,0,0,1,0,0,0,-0.4029371440410614,-0.2579630017280578,0.8783674836158752,-0.2239678800106048,0.5128613114356995,-0.4563789069652557,-0.7761268019676208,-0.0004606246948242,-0.0233230479061603,1.0,0.0878899544477462,-1.0,-1.0,-1.0,-1.0,-1.0,-1.0,-1.0,1.0,0.0,0.0,0.0,1.0,0.0,0.0,0.0,1.0,0.0,0.0,0.0
20260320_140411_268302,1,2,1.8491424322128296,0.2936187386512756,-0.02,-0.06,0.0,0.0860341358929872,3.546929359436035,0.0,0.0,0.0,0.02,0.0,0.0,carpet,12345,2458047712,0,0,1,0,0,0,-0.9787748456001282,-0.9466851949691772,0.3965432345867157,0.7161802649497986,-0.3779205083847046,0.8591498136520386,0.0413932017982006,-0.1297210752964019,-0.0453682392835617,1.0,-0.2831904590129852,-1.0,-1.0,-1.0,-1.0,-1.0,-1.0,-1.0,1.0,0.0,0.0,0.0,1.0,0.0,0.0,0.0,1.0,0.0,0.0,0.0
20260320_140411_268302,1,3,1.805644035339356,0.3069826960563659,-0.02,-0.08,0.0,-0.2695733332075178,-1.3363957405090332,0.0,0.0,0.0,0.02,0.0,0.0,carpet,12345,2458047712,0,0,1,0,0,0,-0.4282137453556061,0.0263508446514606,-0.5076853036880493,0.0785256847739219,0.7794458866119385,-0.7121776938438416,-0.4286440908908844,-0.0554716102778911,-0.0125289363786578,1.0,-0.0457291863858699,-1.0,-1.0,-1.0,-1.0,-1.0,-1.0,-1.0,1.0,0.0,0.0,0.0,1.0,0.0,0.0,0.0,1.0,0.0,0.0,0.0
20260320_140411_268302,1,4,1.835861325263977,0.3125459849834442,-0.02,-0.1,0.0,-0.3412622230825946,-0.5563288927078247,0.0,0.0,0.0,0.02,0.0,0.0,carpet,12345,2458047712,0,0,1,0,0,0,-0.6246373057365417,0.5919727087020874,0.6912992596626282,-0.6951318979263306,-0.6690841913223267,-1.0,0.6607728004455566,-0.1098445877432823,-0.0249019768089056,1.0,-0.1949411928653717,-1.0,-1.0,-1.0,-1.0,-1.0,-1.0,-1.0,1.0,0.0,0.0,0.0,1.0,0.0,0.0,0.0,1.0,0.0,0.0,0.0
20260320_140411_268302,1,5,1.834284305572509,0.2774297595024109,-0.1699999999999999,-0.27,0.0,0.6219589697138872,3.5116225481033325,-1.600213046913268,0.0,0.0,0.02,0.15,0.0,carpet,12345,2458047712,0,0,1,0,0,0,-0.2490036487579345,-0.8190969824790955,-0.3424029946327209,-0.2274889796972274,-0.1736076027154922,-0.0153400842100381,0.253938615322113,-0.0720729827880859,-0.0300527662038803,1.0,-0.0109726628288626,-1.0,-1.0,-1.0,-1.0,-1.0,-1.0,-1.0,1.0,0.0,0.0,0.0,1.0,0.0,0.0,0.0,1.0,0.0,0.0,0.0
20260320_140411_268302,1,6,1.845614671707153,0.28412926197052,-0.1699999999999999,-0.44,0.0,0.2989816655826871,-0.6699502468109131,-0.6714583903885796,0.0,0.0,0.02,0.15,0.0,carpet,12345,2458047712,0,0,1,0,0,0,0.8632619380950928,0.3213135302066803,0.0807783305644989,-0.2351338267326355,-0.7030695676803589,-0.1873820126056671,0.4829954504966736,-0.0740442276000976,0.0024596648290753,0.9975403547286988,-0.0559876039624214,-1.0,-1.0,-1.0,-1.0,-1.0,-1.0,-1.0,1.0,0.0,0.0,0.0,1.0,0.0,0.0,0.0,1.0,0.0,0.0,0.0
20260320_140411_268302,1,7,1.8487285375595093,0.2788933515548706,-0.132436338776115,-0.572436338776115,0.0,0.3551340095782507,0.5235910415649414,0.7512732244776998,0.0,0.0,0.02,0.112436338776115,0.0,carpet,12345,2458047712,0,0,1,0,0,0,-0.6438107490539551,0.2924189865589142,-0.7507282495498657,0.8381361365318298,-0.0808013007044792,1.0,0.1587506085634231,-0.0598814003169536,-0.0037430843804031,1.0,-0.0007952907471917,-1.0,-1.0,-1.0,-1.0,-1.0,-1.0,-1.0,1.0,0.0,0.0,0.0,1.0,0.0,0.0,0.0,1.0,0.0,0.0,0.0
20260320_140411_268302,1,8,1.8595341444015503,0.2854931056499481,-0.1316702128304268,-0.7041065516065419,0.0,0.1013566548067501,-0.6599754095077515,0.7665957433914627,0.0,0.0,0.02,0.1116702128304268,0.0,carpet,12345,2458047712,0,0,1,0,0,0,-0.545606791973114,0.8488558530807495,-0.6574884653091431,0.6985712647438049,-0.6463389992713928,0.4622357189655304,0.2779067754745483,-0.0559890754520893,0.001104584429413,0.9988954663276672,-0.0338969267904758,-1.0,-1.0,-1.0,-1.0,-1.0,-1.0,-1.0,1.0,0.0,0.0,0.0,1.0,0.0,0.0,0.0,1.0,0.0,0.0,0.0
20260320_140411_268302,1,9,1.8698335886001587,0.2860628962516784,-0.1151029098669607,-0.8192094614735027,0.0,0.0617727260618039,-0.0569790601730346,1.0979418026607846,0.0,0.0,0.02,0.0951029098669607,0.0,carpet,12345,2458047712,0,0,1,0,0,0,-0.9866702556610109,-0.055722426623106,-0.2632662057876587,0.4026152193546295,-0.3275547623634338,1.0,0.3212168514728546,-0.0424819961190223,-0.0050058071501553,1.0,-0.0025391858071088,-1.0,-1.0,-1.0,-1.0,-1.0,-1.0,-1.0,1.0,0.0,0.0,0.0,1.0,0.0,0.0,0.0,1.0,0.0,0.0,0.0
20260320_140411_268302,1,10,1.8057613372802728,0.288901686668396,-0.0992718095064103,-0.9184812709799132,0.0,-0.0246402158715852,-0.2838790416717529,1.414563809871794,0.0,0.0,0.02,0.0792718095064103,0.0,carpet,12345,2458047712,0,0,1,0,0,0,0.1575487703084945,-0.4755268692970276,0.8603508472442627,0.3913409113883972,-0.7448341250419617,-0.935486376285553,-0.4963782131671905,-0.0296077728271484,-0.0055333408527076,1.0,0.0419276431202888,-1.0,-1.0,-1.0,-1.0,-1.0,-1.0,-1.0,1.0,0.0,0.0,0.0,1.0,0.0,0.0,0.0,1.0,0.0,0.0,0.0
20260320_140411_268302,1,11,1.9962399005889893,0.3712992966175079,-0.18960510265787,-1.108086373637783,-0.01960510265787,-2.0784204106314803,-8.239760994911194,-1.2858155704735736,0.0,0.0,0.02,0.15,0.0,carpet,12345,2458047712,0,0,1,0,0,0,-0.3033719658851623,0.3791502714157104,-0.6648685932159424,-0.5209783315658569,0.5637544989585876,0.7506030201911926,0.93429833650589,-0.1096979156136512,-0.0081616519019007,1.0,-0.1748139411211013,-1.0,-1.0,-1.0,-1.0,-1.0,-1.0,-1.0,1.0,0.0,0.0,0.0,1.0,0.0,0.0,0.0,1.0,0.0,0.0,0.0
20260320_140411_268302,1,12,1.967088222503662,0.3442488312721252,-0.1699999999999999,-1.278086373637783,0.0,-0.8825536743390501,2.705046534538269,-2.467350910395311,0.0,0.0,0.02,0.15,0.0,carpet,12345,2458047712,0,0,1,0,0,0,0.3198351263999939,0.242876261472702,-0.4413392543792724,-0.1664079278707504,0.9102215766906738,-1.0,0.9286397099494934,0.1284002363681793,-0.0844496190547943,1.0,0.3168944120407104,-1.0,-1.0,-1.0,-1.0,-1.0,-1.0,-1.0,1.0,0.0,0.0,0.0,1.0,0.0,0.0,0.0,1.0,0.0,0.0,0.0
20260320_140411_268302,1,13,1.9270051717758176,0.293479174375534,-0.1699999999999999,-1.448086373637783,0.0,0.607326166660485,5.076965689659119,-2.2151587533130765,0.0,0.0,0.02,0.15,0.0,carpet,12345,2458047712,0,0,1,0,0,0,-0.284986287355423,0.1329081356525421,-0.1409599632024765,0.4291312992572784,1.0,-0.0824204161763191,-0.5004523992538452,0.0919605270028114,-0.0594049207866191,1.0,0.194080114364624,-1.0,-1.0,-1.0,-1.0,-1.0,-1.0,-1.0,1.0,0.0,0.0,0.0,1.0,0.0,0.0,0.0,1.0,0.0,0.0,0.0
20260320_140411_268302,1,14,1.923928499221801,0.2859070897102356,-0.1699999999999999,-1.6180863736377828,0.0,0.6447967416278289,0.7572084665298462,-1.671718666491998,0.0,0.0,0.02,0.15,0.0,carpet,12345,2458047712,0,0,1,0,0,0,0.6207181215286255,0.7153770923614502,0.1880778968334198,-0.1144591718912124,0.0806076601147651,0.1701484471559524,-0.6649513840675354,0.0418567657470703,-0.012399723753333,1.0,-0.0889833271503448,-1.0,-1.0,-1.0,-1.0,-1.0,-1.0,-1.0,1.0,0.0,0.0,0.0,1.0,0.0,0.0,0.0,1.0,0.0,0.0,0.0
20260320_140411_268302,1,15,1.9853452444076536,0.3070047199726105,-0.1699999999999999,-1.7880863736377828,0.0,-0.0438432003384861,-2.109763026237488,-1.777334592892288,0.0,0.0,0.02,0.15,0.0,carpet,12345,2458047712,0,0,1,0,0,0,0.7498304843902588,-0.6073090434074402,0.2021810412406921,-0.5850937366485596,0.5122175216674805,0.0690832287073135,0.71700519323349,0.0380109772086143,-0.0053891004063189,1.0,-0.1110501736402511,-1.0,-1.0,-1.0,-1.0,-1.0,-1.0,-1.0,1.0,0.0,0.0,0.0,1.0,0.0,0.0,0.0,1.0,0.0,0.0,0.0
20260320_140411_268302,1,16,1.9511313438415527,0.2891417741775512,-0.1699999999999999,-1.9580863736377827,0.0,0.4136912446225977,1.7862945795059204,-1.3390031323981049,0.0,0.0,0.02,0.15,0.0,carpet,12345,2458047712,0,0,1,0,0,0,-0.1506322026252746,0.6534085273742676,0.6743099093437195,0.0448138751089572,-0.8397819399833679,0.5008853077888489,-0.3669252693653106,0.114781953394413,-0.0249223727732896,1.0,0.1825519651174545,-1.0,-1.0,-1.0,-1.0,-1.0,-1.0,-1.0,1.0,0.0,0.0,0.0,1.0,0.0,0.0,0.0,1.0,0.0,0.0,0.0
20260320_140411_268302,1,17,1.866636753082276,0.2898743152618408,-0.1184313907703452,-2.076517764408128,0.0,0.2919549063597202,-0.073254108428955,1.0313721845930957,0.0,0.0,0.02,0.0984313907703452,0.0,carpet,12345,2458047712,0,0,1,0,0,0,0.8855553865432739,-0.2996552288532257,0.0379102602601051,0.1629741340875625,0.6568523049354553,-0.7337188720703125,-0.4851207435131073,0.0720144286751747,-0.0083839278668165,1.0,0.0029193423688411,-1.0,-1.0,-1.0,-1.0,-1.0,-1.0,-1.0,1.0,0.0,0.0,0.0,1.0,0.0,0.0,0.0,1.0,0.0,0.0,0.0
20260320_140411_268302,1,18,2.001148462295532,0.3418302237987518,-0.1283002837360425,-2.2048180481441704,0.0,-1.0799315336529958,-5.195590853691101,0.83399432527915,0.0,0.0,0.02,0.1083002837360425,0.0,carpet,12345,2458047712,0,0,1,0,0,0,-0.8409538269042969,0.4335731863975525,-0.038612887263298,-0.8703263998031616,0.4559461176395416,0.8280544877052307,0.5927935242652893,-0.0336036682128906,-0.009062148630619,1.0,-0.16819629073143,-1.0,-1.0,-1.0,-1.0,-1.0,-1.0,-1.0,1.0,0.0,0.0,0.0,1.0,0.0,0.0,0.0,1.0,0.0,0.0,0.0
20260320_140411_268302,1,19,1.917280673980713,0.2616359293460846,-0.0989211565152193,-2.3037392046593896,0.0,1.1949087110769483,8.019429445266724,1.4215768696956133,0.0,0.0,0.02,0.0789211565152193,0.0,carpet,12345,2458047712,0,0,1,0,0,0,0.6592655181884766,0.2397169917821884,0.3937292993068695,0.0996149107813835,-0.1413134336471557,-0.3612046241760254,0.0885554254055023,0.1345359832048416,-0.0571656264364719,1.0,0.2424791902303695,-1.0,-1.0,-1.0,-1.0,-1.0,-1.0,-1.0,1.0,0.0,0.0,0.0,1.0,0.0,0.0,0.0,1.0,0.0,0.0,0.0
20260320_140411_268302,1,20,1.924506902694702,0.2703673541545868,-0.0972661979418536,-2.4010054026012435,0.0,0.6778959130951421,-0.8731424808502197,1.4546760411629265,0.0,0.0,0.02,0.0772661979418536,0.0,carpet,12345,2458047712,0,0,1,0,0,0,-0.726743221282959,-0.7405999302864075,-0.1354241073131561,-0.1731485426425933,0.3319319188594818,-0.473741203546524,0.5125162601470947,0.0297012329101562,0.0170824024826288,0.9829176068305968,0.0318438224494457,-1.0,-1.0,-1.0,-1.0,-1.0,-1.0,-1.0,1.0,0.0,0.0,0.0,1.0,0.0,0.0,0.0,1.0,0.0,0.0,0.0
20260320_140411_268302,1,21,1.919275164604187,0.2622679471969604,-0.0595286824868279,-2.460534085088072,0.0,0.7109071087620293,0.8099406957626343,2.209426350263442,0.0,0.0,0.02,0.0395286824868279,0.0,carpet,12345,2458047712,0,0,1,0,0,0,-0.6154547333717346,0.2662142813205719,-0.3614142835140228,0.3549830913543701,0.8545257449150085,0.1025719940662384,0.0496395975351333,0.0387338623404502,0.008998398669064,0.9910016655921936,0.0772511065006256,-1.0,-1.0,-1.0,-1.0,-1.0,-1.0,-1.0,1.0,0.0,0.0,0.0,1.0,0.0,0.0,0.0,1.0,0.0,0.0,0.0
20260320_140411_268302,1,22,1.9508638381958008,0.2903933823108673,-0.0887110220317656,-2.549245107119837,0.0,-0.1699555462761566,-2.812543511390686,1.6257795593646875,0.0,0.0,0.02,0.0687110220317656,0.0,carpet,12345,2458047712,0,0,1,0,0,0,0.3463738262653351,0.7825160026550293,0.344906210899353,0.6467424631118774,0.1990006566047668,-0.1294123083353042,0.9679458141326904,0.0321943275630474,0.0164972469210624,0.9835027456283568,0.0047104242257773,-1.0,-1.0,-1.0,-1.0,-1.0,-1.0,-1.0,1.0,0.0,0.0,0.0,1.0,0.0,0.0,0.0,1.0,0.0,0.0,0.0
20260320_140411_268302,1,23,1.9268441200256348,0.2695381343364715,-0.0836130403671131,-2.6328581474869504,0.0,0.3939145396527692,2.085524797439575,1.7277391926577366,0.0,0.0,0.02,0.0636130403671131,0.0,carpet,12345,2458047712,0,0,1,0,0,0,0.4829389154911041,0.7220329642295837,0.5781750082969666,-0.2497690171003341,-0.6757075786590576,0.3433857262134552,-0.2184534221887588,0.0716800689697265,-0.0095427436754107,1.0,0.1775667518377304,-1.0,-1.0,-1.0,-1.0,-1.0,-1.0,-1.0,1.0,0.0,0.0,0.0,1.0,0.0,0.0,0.0,1.0,0.0,0.0,0.0
20260320_140411_268302,1,24,1.9419395923614504,0.2753957509994507,-0.0221666892762077,-2.655024836763158,0.0,0.148995488165113,-0.5857616662979126,2.9566662144758453,0.0,0.0,0.02,0.0021666892762077,0.0,carpet,12345,2458047712,0,0,1,0,0,0,0.1132080033421516,-0.4793631434440613,-0.7593132853507996,-0.9607493877410888,0.0372318960726261,0.7560415267944336,0.0145693803206086,0.0416555404663085,0.0097661335021257,0.9902338981628418,0.0136627964675426,-1.0,-1.0,-1.0,-1.0,-1.0,-1.0,-1.0,1.0,0.0,0.0,0.0,1.0,0.0,0.0,0.0,1.0,0.0,0.0,0.0
20260320_140411_268302,1,25,1.7523335218429563,0.3672867119312286,-0.2163818517926561,-2.871406688555814,-0.0463818517926561,-2.1855274071706248,-9.189096093177795,-0.4237699037717277,0.0,0.0,0.02,0.15,0.0,carpet,12345,2458047712,0,0,1,0,0,0,-0.6660728454589844,0.8332843780517578,-0.5499101281166077,0.5862382054328918,-0.0140117900446057,-0.7980560064315796,-0.9956399202346802,0.0605247505009174,0.0043428447097539,0.9956571459770204,0.0505684055387973,-1.0,-1.0,-1.0,-1.0,-1.0,-1.0,-1.0,1.0,0.0,0.0,0.0,1.0,0.0,0.0,0.0,1.0,0.0,0.0,0.0
20260320_140411_268302,1,26,1.821449637413025,0.3156844973564148,-0.1699999999999999,-3.041406688555814,0.0,-0.3490901910076189,5.160221457481384,-1.4507560078744888,0.0,0.0,0.02,0.15,0.0,carpet,12345,2458047712,0,0,1,0,0,0,-0.9903537631034852,0.9043399095535278,-0.5987235307693481,-0.7790201902389526,0.3718540966510772,-0.8869191408157349,0.9314343929290771,-0.1764827668666839,-0.0807345807552337,1.0,-0.4077711701393127,-1.0,-1.0,-1.0,-1.0,-1.0,-1.0,-1.0,1.0,0.0,0.0,0.0,1.0,0.0,0.0,0.0,1.0,0.0,0.0,0.0
20260320_140411_268302,1,27,1.797068476676941,0.2755173146724701,-0.1699999999999999,-3.211406688555814,0.0,0.7423619238429069,4.01671826839447,-1.4193011927936112,0.0,0.0,0.02,0.15,0.0,carpet,12345,2458047712,0,0,1,0,0,0,-0.5599735379219055,-0.5246500372886658,0.6649010181427002,-0.4355806410312652,-0.0800544470548629,0.918785274028778,-0.3568263649940491,-0.0900876969099044,-0.0329585559666156,1.0,0.0247916430234909,-1.0,-1.0,-1.0,-1.0,-1.0,-1.0,-1.0,1.0,0.0,0.0,0.0,1.0,0.0,0.0,0.0,1.0,0.0,0.0,0.0
20260320_140411_268302,1,28,1.8018579483032229,0.274722546339035,-0.1699999999999999,-3.381406688555814,0.0,0.5766406512180566,0.0794768333435058,-0.672704995299398,0.0,0.0,0.02,0.15,0.0,carpet,12345,2458047712,0,0,1,0,0,0,0.6444606184959412,0.1297030448913574,-0.6631423830986023,-0.3076664507389068,0.0388063415884971,-0.9524961113929749,0.3980151712894439,-0.120564080774784,0.0042303022928535,0.9957696795463562,-0.1452719718217849,-1.0,-1.0,-1.0,-1.0,-1.0,-1.0,-1.0,1.0,0.0,0.0,0.0,1.0,0.0,0.0,0.0,1.0,0.0,0.0,0.0
20260320_140411_268302,1,29,1.7967774868011477,0.2696345150470733,-0.1699999999999999,-3.5514066885558138,0.0,0.5596812707125736,0.508803129196167,-0.5069382642395937,0.0,0.0,0.02,0.15,0.0,carpet,12345,2458047712,0,0,1,0,0,0,-0.0844810828566551,0.0014348201220855,0.3962899148464203,0.9600799083709716,-0.3585978150367737,0.7187373042106628,-0.278176486492157,-0.1145772933959961,0.0049661444500088,0.995033860206604,-0.0338607355952262,-1.0,-1.0,-1.0,-1.0,-1.0,-1.0,-1.0,1.0,0.0,0.0,0.0,1.0,0.0,0.0,0.0,1.0,0.0,0.0,0.0
20260320_140411_268302,1,30,1.814587116241455,0.2708994746208191,-0.1699999999999999,-3.7214066885558137,0.0,0.3881369636907976,-0.1264959573745727,-0.267796788713909,0.0,0.0,0.02,0.15,0.0,carpet,12345,2458047712,0,0,1,0,0,0,0.858192503452301,-0.6140916347503662,-0.8198491334915161,0.1615498065948486,0.6764203310012817,-0.4330824911594391,0.4454435110092163,-0.1209278106689453,0.0096769016236066,0.9903231859207152,-0.1390872001647949,-1.0,-1.0,-1.0,-1.0,-1.0,-1.0,-1.0,1.0,0.0,0.0,0.0,1.0,0.0,0.0,0.0,1.0,0.0,0.0,0.0
20260320_140411_268302,1,31,1.8395730257034304,0.2758620381355285,-0.0657615373321466,-3.78716822588796,0.0,0.1670386349003507,-0.4962563514709472,2.0847692533570665,0.0,0.0,0.02,0.0457615373321466,0.0,carpet,12345,2458047712,0,0,1,0,0,0,-0.1756823062896728,-0.6907653212547302,-0.7478465437889099,-0.7115460634231567,0.3700970709323883,0.7066709399223328,0.3049743175506592,-0.0986658111214637,0.0085057411342859,0.991494357585907,-0.0268573053181171,-1.0,-1.0,-1.0,-1.0,-1.0,-1.0,-1.0,1.0,0.0,0.0,0.0,1.0,0.0,0.0,0.0,1.0,0.0,0.0,0.0
20260320_140411_268302,1,32,1.8470301628112795,0.2833288013935089,-0.0513765330454778,-3.838544758933438,0.0,-0.061390105274242,-0.7466763257980347,2.3724693390904434,0.0,0.0,0.02,0.0313765330454778,0.0,carpet,12345,2458047712,0,0,1,0,0,0,0.6483718752861023,-0.432568609714508,0.9229010939598083,0.721186637878418,-0.2221383303403854,0.7429291605949402,0.4426763951778412,-0.0674333572387695,0.0039111296646296,0.9960889220237732,0.0525417998433113,-1.0,-1.0,-1.0,-1.0,-1.0,-1.0,-1.0,1.0,0.0,0.0,0.0,1.0,0.0,0.0,0.0,1.0,0.0,0.0,0.0
20260320_140411_268302,1,33,1.8480085134506223,0.2893738448619842,-0.0983530625210012,-3.9368978214544392,0.0,-0.1971686656675615,-0.6045043468475342,1.432938749579975,0.0,0.0,0.02,0.0783530625210012,0.0,carpet,12345,2458047712,0,0,1,0,0,0,-0.6503387689590454,0.2206147164106369,0.3251711726188659,0.9873718023300172,0.1731359213590622,-0.1650752425193786,0.8903316855430603,-0.0581119544804096,-0.00300197978504,1.0,0.0907594263553619,-1.0,-1.0,-1.0,-1.0,-1.0,-1.0,-1.0,1.0,0.0,0.0,0.0,1.0,0.0,0.0,0.0,1.0,0.0,0.0,0.0
20260320_140411_268302,1,34,1.840418696403504,0.2873106300830841,-0.1319999015708117,-4.068897723025251,0.0,-0.0962961297781532,0.2063214778900146,0.7600019685837651,0.0,0.0,0.02,0.1119999015708117,0.0,carpet,12345,2458047712,0,0,1,0,0,0,0.2894949316978454,0.0663623660802841,0.6850515007972717,0.9554749727249146,0.634158194065094,-0.6456552743911743,0.8759631514549255,-0.056888960301876,-0.0085987877100706,1.0,0.147112637758255,-1.0,-1.0,-1.0,-1.0,-1.0,-1.0,-1.0,1.0,0.0,0.0,0.0,1.0,0.0,0.0,0.0,1.0,0.0,0.0,0.0
20260320_140411_268302,1,35,1.8245595693588257,0.2573989033699035,-0.1262054115816465,-4.195103134606898,0.0,0.6755710704958773,2.991172671318054,0.8758917683670688,0.0,0.0,0.02,0.1062054115816465,0.0,carpet,12345,2458047712,0,0,1,0,0,0,-0.1881701350212097,-1.0,0.5664169192314148,0.3679884076118469,0.1403558850288391,-0.0373117886483669,0.2562559843063354,-0.0663763061165809,-0.0066885720007121,1.0,0.1068767383694648,-1.0,-1.0,-1.0,-1.0,-1.0,-1.0,-1.0,1.0,0.0,0.0,0.0,1.0,0.0,0.0,0.0,1.0,0.0,0.0,0.0
20260320_140411_268302,1,36,1.814453721046448,0.2581422030925751,-0.1212074692759298,-4.316310603882828,0.0,0.4880958098051309,-0.0743299722671508,0.975850614481402,0.0,0.0,0.02,0.1012074692759298,0.0,carpet,12345,2458047712,0,0,1,0,0,0,0.207997515797615,0.5648534297943115,0.7261582612991333,-0.7197380661964417,-0.2096047401428222,-0.2489860504865646,0.094034269452095,-0.0862001404166221,0.0210052579641342,0.9789947867393494,-0.0010933420853689,-1.0,-1.0,-1.0,-1.0,-1.0,-1.0,-1.0,1.0,0.0,0.0,0.0,1.0,0.0,0.0,0.0,1.0,0.0,0.0,0.0
20260320_140411_268302,1,37,1.8124008178710933,0.2565963268280029,-0.10932346282254,-4.425634066705368,0.0,0.4047187639681482,0.1545876264572143,1.2135307435491995,0.0,0.0,0.02,0.08932346282254,0.0,carpet,12345,2458047712,0,0,1,0,0,0,0.8274567723274231,-0.2731881141662597,0.0955906435847282,0.1327576786279678,-0.5171002149581909,-0.1774722933769226,0.0931262075901031,-0.0988325104117393,0.0203170776367187,0.979682981967926,-0.0248085483908653,-1.0,-1.0,-1.0,-1.0,-1.0,-1.0,-1.0,1.0,0.0,0.0,0.0,1.0,0.0,0.0,0.0,1.0,0.0,0.0,0.0
20260320_140411_268302,1,38,1.8251444101333616,0.2564262747764587,-0.0908644388455923,-4.5164985055509606,0.0,0.3077903742647123,0.0170052051544189,1.582711223088154,0.0,0.0,0.02,0.0708644388455923,0.0,carpet,12345,2458047712,0,0,1,0,0,0,-0.8159962296485901,-0.6987804770469666,-0.3500014543533325,-0.8422515392303467,0.082544021308422,0.5706406831741333,-0.0669002756476402,-0.1013986617326736,0.0217483229935169,0.9782517552375792,-0.0294237658381462,-1.0,-1.0,-1.0,-1.0,-1.0,-1.0,-1.0,1.0,0.0,0.0,0.0,1.0,0.0,0.0,0.0,1.0,0.0,0.0,0.0
20260320_140411_268302,1,39,1.8146138191223145,0.2598625123500824,-0.0737591634943169,-4.590257669045277,0.0,0.1449368413579463,-0.3436237573623657,1.9248167301136616,0.0,0.0,0.02,0.0537591634943169,0.0,carpet,12345,2458047712,0,0,1,0,0,0,1.0,0.9070410132408142,-0.7414841651916504,0.382184088230133,-0.4910213053226471,-0.5471141934394836,0.2547162473201751,-0.0854692459106445,0.0219057723879814,0.978094220161438,-0.0266788508743047,-1.0,-1.0,-1.0,-1.0,-1.0,-1.0,-1.0,1.0,0.0,0.0,0.0,1.0,0.0,0.0,0.0,1.0,0.0,0.0,0.0
20260320_140411_268302,1,40,1.814699649810791,0.2535337209701538,-0.0555982362295755,-4.6458559052748525,0.0,0.2669224155166745,0.6328791379928589,2.2880352754084896,0.0,0.0,0.02,0.0355982362295755,0.0,carpet,12345,2458047712,0,0,1,0,0,0,-0.0533686839044094,-0.4703481495380401,-1.0,0.1482730656862259,0.8578861355781555,0.058459099382162,-0.0285687521100044,-0.0986324325203895,0.0187243223190307,0.981275737285614,0.0012610669946298,-1.0,-1.0,-1.0,-1.0,-1.0,-1.0,-1.0,1.0,0.0,0.0,0.0,1.0,0.0,0.0,0.0,1.0,0.0,0.0,0.0
20260320_140411_268302,1,41,1.8140133619308472,0.249661847949028,-0.0745273578960866,-4.720383263170939,0.0,0.2969886371656542,0.3871873021125793,1.9094528420782664,0.0,0.0,0.02,0.0545273578960866,0.0,carpet,12345,2458047712,0,0,1,0,0,0,0.3741275370121002,0.8138919472694397,-0.5740265846252441,-0.849735677242279,-0.4040194749832153,-0.2318424135446548,-0.0461284182965755,-0.0985250473022461,0.0245838463306427,0.9754161834716796,-0.0533600524067878,-1.0,-1.0,-1.0,-1.0,-1.0,-1.0,-1.0,1.0,0.0,0.0,0.0,1.0,0.0,0.0,0.0,1.0,0.0,0.0,0.0
20260320_140411_268302,1,42,1.8648706674575808,0.2964418530464172,-0.1462700808643678,-4.866653344035307,0.0,-0.9467586495604934,-4.678000509738922,0.4745983827126423,0.0,0.0,0.02,0.1262700808643679,0.0,carpet,12345,2458047712,0,0,1,0,0,0,0.7762985825538635,0.1092791408300399,0.4947184026241302,-0.169221743941307,-0.0574113354086875,0.5827873349189758,0.9383623600006104,-0.0993829742074012,0.0281686335802078,0.971831440925598,-0.036846823990345,-1.0,-1.0,-1.0,-1.0,-1.0,-1.0,-1.0,1.0,0.0,0.0,0.0,1.0,0.0,0.0,0.0,1.0,0.0,0.0,0.0
20260320_140411_268302,1,43,1.7855556011199951,0.2421339601278305,-0.1341246022730605,-5.000777946308368,0.0,0.6476283357942947,5.430789291858673,0.7175079545387888,0.0,0.0,0.02,0.1141246022730605,0.0,carpet,12345,2458047712,0,0,1,0,0,0,-0.6396992206573486,-0.5245267748832703,0.3994539678096771,-0.3783296346664428,-0.0372899696230888,-0.691361665725708,0.2052765637636184,-0.035811424255371,-0.0151427313685417,1.0,0.2174920290708542,-1.0,-1.0,-1.0,-1.0,-1.0,-1.0,-1.0,1.0,0.0,0.0,0.0,1.0,0.0,0.0,0.0,1.0,0.0,0.0,0.0
20260320_140411_268302,1,44,1.7390403747558594,0.2605249583721161,-0.1482168061993672,-5.148994752507735,0.0,0.0259462957385778,-1.8390998244285583,0.4356638760126543,0.0,0.0,0.02,0.1282168061993673,0.0,carpet,12345,2458047712,0,0,1,0,0,0,-0.4441334903240204,-0.0203515458852052,0.3373041749000549,0.5751227736473083,0.6846883296966553,-0.6595723628997803,-0.5411174893379211,-0.1349552124738693,0.0351383388042449,0.9648616909980774,-0.0287723187357187,-1.0,-1.0,-1.0,-1.0,-1.0,-1.0,-1.0,1.0,0.0,0.0,0.0,1.0,0.0,0.0,0.0,1.0,0.0,0.0,0.0
20260320_140411_268302,1,45,1.768133521080017,0.2471606284379959,-0.1377852497594173,-5.286780002267153,0.0,0.3535679701569449,1.3364329934120178,0.6442950048116529,0.0,0.0,0.02,0.1177852497594173,0.0,carpet,12345,2458047712,0,0,1,0,0,0,0.2557682693004608,-0.3545206189155578,0.5094357132911682,0.0676741302013397,-0.4029297232627868,-0.4100245535373688,0.359799712896347,-0.1930992156267166,0.0181109998375177,0.9818890690803528,-0.2311969697475433,-1.0,-1.0,-1.0,-1.0,-1.0,-1.0,-1.0,1.0,0.0,0.0,0.0,1.0,0.0,0.0,0.0,1.0,0.0,0.0,0.0
20260320_140411_268302,1,46,1.7604020833969116,0.2386796623468399,-0.1272713640404202,-5.414051366307573,0.0,0.477200129896616,0.8480966091156006,0.8545727191915944,0.0,0.0,0.02,0.1072713640404202,0.0,carpet,12345,2458047712,0,0,1,0,0,0,-0.1577160060405731,0.5213133692741394,0.4745178818702698,0.4809143245220184,0.2348415553569793,0.7486966848373413,-0.1476086229085922,-0.156732752919197,0.0304843932390213,0.9695156812667848,-0.0596290417015552,-1.0,-1.0,-1.0,-1.0,-1.0,-1.0,-1.0,1.0,0.0,0.0,0.0,1.0,0.0,0.0,0.0,1.0,0.0,0.0,0.0
20260320_140411_268302,1,47,1.7409727573394775,0.2624523043632507,-0.1539415935480935,-5.567992959855667,0.0,-0.2364159529878122,-2.3772642016410828,0.3211681290381278,0.0,0.0,0.02,0.1339415935480936,0.0,carpet,12345,2458047712,0,0,1,0,0,0,0.5635634660720825,0.1749764531850814,0.4403442144393921,-1.0,0.7094950079917908,-0.5523830652236938,-0.4141258001327514,-0.1663970947265625,0.0383365154266357,0.961663544178009,-0.1483239978551864,-1.0,-1.0,-1.0,-1.0,-1.0,-1.0,-1.0,1.0,0.0,0.0,0.0,1.0,0.0,0.0,0.0,1.0,0.0,0.0,0.0
20260320_140411_268302,1,48,1.7299716472625732,0.2698636353015899,-0.125411405598813,-5.69340436545448,0.0,-0.3625952381993471,-0.7411330938339233,0.905331540399274,0.0,0.0135596523755342,0.02,0.1047334229800362,0.0,carpet,12345,2458047712,0,0,1,0,0,0,-0.7039327621459961,-0.5043262839317322,-0.8751474022865295,-0.7493606209754944,-0.3786033093929291,-0.115717589855194,-0.935137927532196,-0.1906837522983551,0.0163265708833932,0.9836734533309937,-0.2005106061697006,-1.0,-1.0,-1.0,-1.0,-1.0,-1.0,-1.0,1.0,0.0,0.0,0.0,1.0,0.0,0.0,0.0,1.0,0.0,0.0,0.0
20260320_140411_268302,1,49,1.7782657146453855,0.2510536313056946,-0.1471996562073567,-5.840604021661837,0.0,0.1983036712478849,1.8810003995895384,0.4560068758528643,0.0,0.0,0.02,0.1271996562073567,0.0,carpet,12345,2458047712,0,0,1,0,0,0,-0.5418744683265686,0.3229056000709533,-0.4079813659191131,-0.2664913833141327,-0.9332159757614136,-0.3474547863006592,0.7044456005096436,-0.2044351547956466,0.0094647612422704,0.990535318851471,-0.2920070588588714,-1.0,-1.0,-1.0,-1.0,-1.0,-1.0,-1.0,1.0,0.0,0.0,0.0,1.0,0.0,0.0,0.0,1.0,0.0,0.0,0.0
20260320_140411_268302,1,50,1.7747336626052856,0.2668732702732086,-0.1608351320318828,-6.00143915369372,0.0,-0.2467632207519443,-1.5819638967514038,0.1832973593623421,0.0,0.0,0.02,0.1408351320318829,0.0,carpet,12345,2458047712,0,0,1,0,0,0,-0.8849380612373352,-0.8758077025413513,-0.4824678897857666,0.5490507483482361,-0.9943827986717224,-0.7604837417602539,0.7981792092323303,-0.144067570567131,0.0268800389021635,0.9731199741363524,0.0236233174800872,-1.0,-1.0,-1.0,-1.0,-1.0,-1.0,-1.0,1.0,0.0,0.0,0.0,1.0,0.0,0.0,0.0,1.0,0.0,0.0,0.0
20260320_140411_268302,1,51,1.8118555545806885,0.239903450012207,-0.1540548759916764,-6.155494029685396,0.0,0.4891730909610743,2.6969820261001587,0.3189024801664715,0.0,0.0,0.02,0.1340548759916764,0.0,carpet,12345,2458047712,0,0,1,0,0,0,-0.9211374521255492,0.7167415022850037,-0.7608837485313416,-0.0265028048306703,0.0091888923197984,0.9337212443351746,0.3412086069583893,-0.1484825164079666,0.0122334090992808,0.9877666234970092,0.0257183872163295,-1.0,-1.0,-1.0,-1.0,-1.0,-1.0,-1.0,1.0,0.0,0.0,0.0,1.0,0.0,0.0,0.0,1.0,0.0,0.0,0.0
20260320_140411_268302,1,52,1.8099290132522583,0.2559780776500702,-0.1699999999999999,-6.325494029685395,0.0,-0.0349858727257696,-1.607462763786316,-0.1932835224559141,0.0,0.0,0.02,0.15,0.0,carpet,12345,2458047712,0,0,1,0,0,0,-0.0109071685001254,0.2207000404596328,-0.0234084315598011,0.0800103098154068,-0.664178192615509,-0.9527695178985596,0.8537295460700989,-0.102080151438713,0.0372034609317779,0.9627965092658995,0.0442989543080329,-1.0,-1.0,-1.0,-1.0,-1.0,-1.0,-1.0,1.0,0.0,0.0,0.0,1.0,0.0,0.0,0.0,1.0,0.0,0.0,0.0
20260320_140411_268302,1,53,1.7699542045593262,0.2338510304689407,-0.1414965397242089,-6.466990569409604,0.0,0.5269367749839233,2.2127047181129456,0.5700692055158214,0.0,0.0,0.02,0.1214965397242089,0.0,carpet,12345,2458047712,0,0,1,0,0,0,0.5223470330238342,0.4438710510730743,0.731305718421936,-0.6295885443687439,0.5848727226257324,0.1001593396067619,-0.3288469314575195,-0.1044883728027343,0.0223207455128431,0.9776793122291564,0.1171347126364708,-1.0,-1.0,-1.0,-1.0,-1.0,-1.0,-1.0,1.0,0.0,0.0,0.0,1.0,0.0,0.0,0.0,1.0,0.0,0.0,0.0
20260320_140411_268302,1,54,1.771320343017578,0.237899899482727,-0.1086677350195782,-6.575658304429182,0.0,0.2939808558932668,-0.4048869013786316,1.2266452996084354,0.0,0.0,0.02,0.0886677350195782,0.0,carpet,12345,2458047712,0,0,1,0,0,0,0.4268082082271576,-0.2624251842498779,-0.1835613697767257,0.0296113491058349,0.8132380843162537,-0.8812714219093323,0.2794187366962433,-0.1544568985700607,0.0428071059286594,0.9571928977966307,-0.0990122705698013,-1.0,-1.0,-1.0,-1.0,-1.0,-1.0,-1.0,1.0,0.0,0.0,0.0,1.0,0.0,0.0,0.0,1.0,0.0,0.0,0.0
20260320_140411_268302,1,55,1.7588480710983276,0.2236621379852295,-0.0897614346141023,-6.665419739043284,0.0,0.5764296793574033,1.423776149749756,1.6047713077179535,0.0,0.0,0.02,0.0697614346141023,0.0,carpet,12345,2458047712,0,0,1,0,0,0,0.9294661283493042,-0.0096024107187986,0.9560304880142212,0.2380919158458709,0.5027095675468445,0.2537626922130584,-0.4299745261669159,-0.1527492552995681,0.0390584580600261,0.9609416127204896,-0.0449308529496192,-1.0,-1.0,-1.0,-1.0,-1.0,-1.0,-1.0,1.0,0.0,0.0,0.0,1.0,0.0,0.0,0.0,1.0,0.0,0.0,0.0
20260320_140411_268302,1,56,1.8476687669754028,0.2508387863636017,-0.0897779710735687,-6.755197710116853,0.0,-0.2470939499412736,-2.7176648378372192,1.6044405785286244,0.0,0.0,0.02,0.0697779710735687,0.0,carpet,12345,2458047712,0,0,1,0,0,0,-0.7773783206939697,0.4926171898841858,0.1098281815648078,-0.2028440684080124,0.5181035995483398,-0.1254816949367523,1.0,-0.1683395355939865,0.052240502089262,0.9477595090866088,-0.1765921115875244,-1.0,-1.0,-1.0,-1.0,-1.0,-1.0,-1.0,1.0,0.0,0.0,0.0,1.0,0.0,0.0,0.0,1.0,0.0,0.0,0.0
20260320_140411_268302,1,57,1.8509814739227293,0.2385723441839218,-0.1081695960198193,-6.863367306136673,0.0,0.1213405920360628,1.226644217967987,1.236608079603613,0.0,0.0,0.02,0.0881695960198193,0.0,carpet,12345,2458047712,0,0,1,0,0,0,-0.088382638990879,-0.9026196599006652,0.7370699644088745,0.9258540868759156,0.9341389536857604,0.5836814045906067,0.7457432746887207,-0.0573137290775775,0.027078952640295,0.9729210734367372,0.1666681468486786,-1.0,-1.0,-1.0,-1.0,-1.0,-1.0,-1.0,1.0,0.0,0.0,0.0,1.0,0.0,0.0,0.0,1.0,0.0,0.0,0.0
20260320_140411_268302,1,58,1.7306876182556152,0.2297668009996414,-0.090863101201828,-6.954230407338501,0.0,0.311144023634057,0.8805543184280396,1.5827379759634397,0.0,0.0,0.02,0.070863101201828,0.0,carpet,12345,2458047712,0,0,1,0,0,0,-0.3919594287872314,-1.0,0.8249320387840271,-0.5159013271331787,-0.7601216435432434,-0.7063093185424805,-0.5884616374969482,-0.0531728751957416,0.0384358651936054,0.9615641832351683,0.1346058398485183,-1.0,-1.0,-1.0,-1.0,-1.0,-1.0,-1.0,1.0,0.0,0.0,0.0,1.0,0.0,0.0,0.0,1.0,0.0,0.0,0.0
20260320_140411_268302,1,59,1.7650398015975952,0.2240092754364013,-0.098345132110698,-7.052575539449198,0.0,0.3772961568065227,0.5757525563240051,1.433097357786039,0.0,0.0,0.02,0.078345132110698,0.0,carpet,12345,2458047712,0,0,1,0,0,0,-0.3230966031551361,-0.3508027493953705,0.875600278377533,-0.6545726656913757,-0.2876796722412109,-0.3033467233181,0.4350737631320953,-0.2035402357578277,0.0465884916484355,0.95341157913208,-0.1926648318767547,-1.0,-1.0,-1.0,-1.0,-1.0,-1.0,-1.0,1.0,0.0,0.0,0.0,1.0,0.0,0.0,0.0,1.0,0.0,0.0,0.0
20260320_140411_268302,1,60,1.7644329071044922,0.224565178155899,-0.0995904474244878,-7.152165986873686,0.0,0.2690745496174713,-0.055590271949768,1.4081910515102436,0.0,0.0,0.02,0.0795904474244878,0.0,carpet,12345,2458047712,0,0,1,0,0,0,-0.1936961859464645,-0.4287184774875641,-0.1058437079191207,-0.1274855285882949,0.4971880614757538,-0.5129346251487732,0.5711193680763245,-0.1605999022722244,0.0519191063940525,0.9480808973312378,0.0024307803250849,-1.0,-1.0,-1.0,-1.0,-1.0,-1.0,-1.0,1.0,0.0,0.0,0.0,1.0,0.0,0.0,0.0,1.0,0.0,0.0,0.0
20260320_140411_268302,1,61,1.7396979331970217,0.222232386469841,-0.1154056461741302,-7.267571633047816,0.0,0.2601257043645546,0.2332791686058044,1.091887076517395,0.0,0.0,0.02,0.0954056461741302,0.0,carpet,12345,2458047712,0,0,1,0,0,0,-0.9325737357139589,-0.3865906596183777,-0.6901373863220215,-0.2997309267520904,-1.0,-1.0,0.2139434814453125,-0.1613584458827972,0.0514044277369976,0.948595643043518,0.012921268120408,-1.0,-1.0,-1.0,-1.0,-1.0,-1.0,-1.0,1.0,0.0,0.0,0.0,1.0,0.0,0.0,0.0,1.0,0.0,0.0,0.0
20260320_140411_268302,1,62,1.688323140144348,0.2387095838785171,-0.1138927315242416,-7.381464364572058,0.0,-0.2168356569435019,-1.6477197408676147,1.1221453695151666,0.0,0.0,0.02,0.0938927315242416,0.0,carpet,12345,2458047712,0,0,1,0,0,0,-0.9309951663017272,0.3749278485774994,0.2714994549751282,0.4357703626155853,-0.8358252644538879,-0.13081856071949,-0.654974102973938,-0.1922773420810699,0.0535642579197883,0.9464357495307922,-0.0426879487931728,-1.0,-1.0,-1.0,-1.0,-1.0,-1.0,-1.0,1.0,0.0,0.0,0.0,1.0,0.0,0.0,0.0,1.0,0.0,0.0,0.0
20260320_140411_268302,1,63,1.6920509338378906,0.2285513579845428,-0.1154135237524516,-7.496877888324509,0.0,0.0913289046417418,1.0158225893974304,1.0921336821208456,0.0002020785849393,0.0,0.02,0.0953933158939577,0.0,carpet,12345,2458047712,0,0,1,0,0,0,-0.2537990212440491,-0.3285519182682037,0.6080214381217957,0.1323712766170501,0.3059201538562774,-0.2750523388385772,-0.2369174808263778,-0.2564956545829773,0.0383088067173957,0.9616912007331848,-0.2317486703395843,-1.0,-1.0,-1.0,-1.0,-1.0,-1.0,-1.0,1.0,0.0,0.0,0.0,1.0,0.0,0.0,0.0,1.0,0.0,0.0,0.0
20260320_140411_268302,1,64,1.7018530368804932,0.2341436296701431,-0.1345872436283629,-7.631465131952872,0.0,-0.0713101136587113,-0.5592271685600281,0.7096795448280773,0.0007122086976675,0.0,0.02,0.1145160227585961,0.0,carpet,12345,2458047712,0,0,1,0,0,0,-0.9874152541160583,-0.3069103956222534,-0.7128302454948425,0.3744164705276489,-0.6843152046203613,0.3083763122558594,-0.4530512988567352,-0.2518360018730163,0.0477138273417949,0.952286183834076,-0.1838562935590744,-1.0,-1.0,-1.0,-1.0,-1.0,-1.0,-1.0,1.0,0.0,0.0,0.0,1.0,0.0,0.0,0.0,1.0,0.0,0.0,0.0
20260320_140411_268302,1,65,1.763365387916565,0.2417385280132293,-0.1655639154075541,-7.797029047360426,0.0,-0.2433550438211824,-0.7594898343086243,0.089028344200372,0.0001533261757274,0.0,0.02,0.1455485827899814,0.0,carpet,12345,2458047712,0,0,1,0,0,0,0.069297932088375,-0.3087032437324524,-0.4732621312141418,-0.3451430201530456,-0.9849872589111328,0.7029339075088501,0.5258115530014038,-0.2395834028720855,0.0425361953675746,0.9574638605117798,-0.1939232051372528,-1.0,-1.0,-1.0,-1.0,-1.0,-1.0,-1.0,1.0,0.0,0.0,0.0,1.0,0.0,0.0,0.0,1.0,0.0,0.0,0.0
20260320_140411_268302,1,66,1.6575475931167605,0.266270637512207,-0.1701793784127774,-7.967208425773204,0.0,-0.7958190203403177,-2.453210949897766,-0.975865225757417,0.001793784127774,0.0,0.02,0.15,0.0,carpet,12345,2458047712,0,0,1,0,0,0,0.8693027496337891,-0.6596828699111938,-0.5533686280250549,-0.3610175251960754,0.4965115189552307,-0.7113907337188721,-0.6749727725982666,-0.1626930236816406,0.0355044528841972,0.9644955396652222,0.0649945512413978,-1.0,-1.0,-1.0,-1.0,-1.0,-1.0,-1.0,1.0,0.0,0.0,0.0,1.0,0.0,0.0,0.0,1.0,0.0,0.0,0.0
20260320_140411_268302,1,67,1.710172176361084,0.2191945314407348,-0.1701988340333201,-8.137407259806524,0.0,0.5800383865315553,4.707610607147217,-0.6559525435904163,0.0019883403332009,0.0,0.02,0.15,0.0,carpet,12345,2458047712,0,0,1,0,0,0,-0.2870354652404785,0.4040542542934418,-0.7831321358680725,-0.662850558757782,-0.4882551431655884,0.2884885370731354,-0.0084471721202135,-0.2949651777744293,0.0127913523465394,0.9872086644172668,-0.3009618520736694,-1.0,-1.0,-1.0,-1.0,-1.0,-1.0,-1.0,1.0,0.0,0.0,0.0,1.0,0.0,0.0,0.0,1.0,0.0,0.0,0.0
20260320_140411_268302,1,68,1.6822288036346436,0.2580353915691376,-0.1708770861202276,-8.308284345926753,0.0,-0.5359927133114013,-3.884086012840271,-0.9751095999583156,0.0032508871919839,0.0110399480205839,0.02,0.15,0.0,carpet,12345,2458047712,0,0,1,0,0,0,0.8591927289962769,0.2214430123567581,0.8151779174804688,-0.7360718250274658,0.7653615474700928,0.5980137586593628,-0.968662977218628,-0.2291845381259918,0.0563768595457077,0.9436231255531312,-0.0635038241744041,-1.0,-1.0,-1.0,-1.0,-1.0,-1.0,-1.0,1.0,0.0,0.0,0.0,1.0,0.0,0.0,0.0,1.0,0.0,0.0,0.0
20260320_140411_268302,1,69,1.6912503242492676,0.231056660413742,-0.1703952139331438,-8.478679559859897,0.0,0.2724737439013296,2.697873115539551,-0.7939647606987279,0.003952139331439,0.0,0.02,0.15,0.0,carpet,12345,2458047712,0,0,1,0,0,0,0.8658198714256287,-0.7698004245758057,0.4116477370262146,0.2824089229106903,-0.0083994911983609,-0.933801293373108,0.554309070110321,-0.2641136050224304,0.0204159691929817,0.9795840978622437,-0.2472636997699737,-1.0,-1.0,-1.0,-1.0,-1.0,-1.0,-1.0,1.0,0.0,0.0,0.0,1.0,0.0,0.0,0.0,1.0,0.0,0.0,0.0
20260320_140411_268302,1,70,1.713034987449646,0.2224572300910949,-0.170346620018788,-8.649026179878685,0.0,0.4193410659921852,0.8599430322647095,-0.3033135810478313,0.0034662001878807,0.0,0.02,0.15,0.0,carpet,12345,2458047712,0,0,1,0,0,0,-0.6668029427528381,0.1767419576644897,0.2205910980701446,0.6901165843009949,-0.4130050837993622,0.1915132850408554,0.607464611530304,-0.2528367936611175,0.0453942865133285,0.954605758190155,-0.0374358817934989,-1.0,-1.0,-1.0,-1.0,-1.0,-1.0,-1.0,1.0,0.0,0.0,0.0,1.0,0.0,0.0,0.0,1.0,0.0,0.0,0.0
20260320_140411_268302,1,71,1.7183806896209717,0.2237716615200042,-0.1592053860715207,-8.808231565950207,0.0,0.2816450137713957,-0.1314431428909301,0.2216864765447468,0.0028970989875809,0.0,0.02,0.1389156761727626,0.0,carpet,12345,2458047712,0,0,1,0,0,0,-0.9678685069084167,0.3219667971134186,0.0367829054594039,-0.3071018755435943,-0.0727972462773323,-0.2054716050624847,0.8090197443962097,-0.2256059646606445,0.0533560700714588,0.9466440081596376,-0.000405648141168,-1.0,-1.0,-1.0,-1.0,-1.0,-1.0,-1.0,1.0,0.0,0.0,0.0,1.0,0.0,0.0,0.0,1.0,0.0,0.0,0.0
20260320_140411_268302,1,72,1.671229600906372,0.2186679989099502,-0.102648206988064,-8.910879772938271,0.0,0.3388253255799043,0.5103662610054016,1.3563308224649688,0.004647481113125,0.0,0.02,0.0821834588767515,0.0,carpet,12345,2458047712,0,0,1,0,0,0,-0.2338375151157379,-0.7060954570770264,-0.429219514131546,0.5234366059303284,-0.4164381921291351,-0.3745594918727875,-0.1174805164337158,-0.2189237624406814,0.0521391034126281,0.9478609561920166,0.032906487584114,-1.0,-1.0,-1.0,-1.0,-1.0,-1.0,-1.0,1.0,0.0,0.0,0.0,1.0,0.0,0.0,0.0,1.0,0.0,0.0,0.0
20260320_140411_268302,1,73,1.673537015914917,0.2198841124773025,-0.1206086846306339,-9.031488457568903,0.0,0.2237161550011279,-0.1216113567352294,1.0000085909345415,0.0060911417736105,0.0,0.02,0.0999995704532729,0.0,carpet,12345,2458047712,0,0,1,0,0,0,-0.533786416053772,0.9664192199707032,0.7180912494659424,-0.4008780121803283,-0.2871523201465606,0.5231440663337708,-0.4585347175598144,-0.2778627276420593,0.0568643398582935,0.943135678768158,-0.1485285609960556,-1.0,-1.0,-1.0,-1.0,-1.0,-1.0,-1.0,1.0,0.0,0.0,0.0,1.0,0.0,0.0,0.0,1.0,0.0,0.0,0.0
20260320_140411_268302,1,74,1.7716799974441528,0.2636642456054687,-0.1397633074379769,-9.171251765006884,0.0,-0.9267162119533195,-4.37801331281662,0.6092850922926232,0.0022756205260811,0.0,0.02,0.1195357453853688,0.0,carpet,12345,2458047712,0,0,1,0,0,0,-1.0,0.4037531316280365,0.1627953201532364,-0.6641570329666138,-0.8426226377487183,0.5796087980270386,0.9910036325454712,-0.2749784588813782,0.0557384081184864,0.9442616105079652,-0.1961805820465088,-1.0,-1.0,-1.0,-1.0,-1.0,-1.0,-1.0,1.0,0.0,0.0,0.0,1.0,0.0,0.0,0.0,1.0,0.0,0.0,0.0
20260320_140411_268302,1,75,1.7323344945907593,0.234585702419281,-0.1517237491657154,-9.322975514172596,0.0,0.0319264206897003,2.9078543186187744,0.3687377690809938,0.0016063761976517,0.0,0.02,0.1315631115459503,0.0,carpet,12345,2458047712,0,0,1,0,0,0,0.1308695673942566,-0.3442413806915283,0.5127033591270447,0.0746203660964965,0.3561795651912689,-0.9329003095626832,0.9609119296073914,-0.1522996872663498,0.0152044855058193,0.9847955703735352,0.1710363328456878,-1.0,-1.0,-1.0,-1.0,-1.0,-1.0,-1.0,1.0,0.0,0.0,0.0,1.0,0.0,0.0,0.0,1.0,0.0,0.0,0.0
20260320_140411_268302,1,76,1.716958999633789,0.1980996280908584,-0.1258875418966784,-9.448863056069277,0.0,0.9360966737278602,3.648607432842255,0.8854933768166688,0.0016221073751184,0.0,0.02,0.1057253311591665,0.0,carpet,12345,2458047712,0,0,1,0,0,0,-0.6540361642837524,0.963367223739624,1.0,0.9624451994895936,-0.103101298213005,0.7420608997344971,0.3114869296550751,-0.2014816254377365,0.0421269088983535,0.9578731656074524,0.0587230436503887,-1.0,-1.0,-1.0,-1.0,-1.0,-1.0,-1.0,1.0,0.0,0.0,0.0,1.0,0.0,0.0,0.0,1.0,0.0,0.0,0.0
20260320_140411_268302,1,77,1.643695831298828,0.2538216412067413,-0.1704706009946231,-9.6193336570639,0.0,-0.690977822601198,-5.572201311588287,-0.0871294595559248,0.0047060099462312,0.0,0.02,0.15,0.0,carpet,12345,2458047712,0,0,1,0,0,0,-0.3737799823284149,-0.0400538071990013,0.8795463442802429,-0.1174525544047355,0.2722264230251312,-0.7931803464889526,-0.657153308391571,-0.2207010239362716,0.0759076029062271,0.9240924715995787,-0.0516820847988128,-1.0,-1.0,-1.0,-1.0,-1.0,-1.0,-1.0,1.0,0.0,0.0,0.0,1.0,0.0,0.0,0.0,1.0,0.0,0.0,0.0
20260320_140411_268302,1,78,1.6413177251815796,0.2592206299304962,-0.1719241791130136,-9.791257836176912,0.0,-0.653208085044767,-0.5398988723754883,-1.0791628701805962,0.0082371502737321,0.0220092817128092,0.02,0.15,0.0,carpet,12345,2458047712,0,0,1,0,0,0,0.4700651168823242,0.5745456218719482,-0.449383795261383,0.7947790622711182,0.2031830251216888,-0.84740149974823,-0.594157874584198,-0.3122798800468445,0.0243172794580459,0.9756827354431152,-0.3249067366123199,-1.0,-1.0,-1.0,-1.0,-1.0,-1.0,-1.0,1.0,0.0,0.0,0.0,1.0,0.0,0.0,0.0,1.0,0.0,0.0,0.0
20260320_140411_268302,1,79,1.6179581880569458,0.2851409316062927,-0.1754949655637646,-9.966752801740675,0.0,-1.137913605678477,-2.592030167579651,-2.440792630860201,0.0135401086910951,0.0828190938931027,0.02,0.15,0.0,carpet,12345,2458047712,0,0,1,0,0,0,-0.1078924089670181,0.9962952136993408,0.7962471842765808,-0.5326690077781677,-0.3228376805782318,-0.8819267749786377,-0.605552077293396,-0.3152524828910827,0.0193186067044734,0.9806814193725586,-0.3326296806335449,-1.0,-1.0,-1.0,-1.0,-1.0,-1.0,-1.0,1.0,0.0,0.0,0.0,1.0,0.0,0.0,0.0,1.0,0.0,0.0,0.0
20260320_140411_268302,1,80,1.642241358757019,0.2459907531738281,-0.1769508163643667,-10.143703618105045,0.0,0.1253192565527427,3.91501784324646,-1.388757162354139,0.0159326775301276,0.107150972227079,0.02,0.15,0.0,carpet,12345,2458047712,0,0,1,0,0,0,0.6273158192634583,-0.4540115594863891,-1.0,0.9226338863372804,-0.1967858374118805,0.0907718241214752,-0.3009158968925476,-0.344451904296875,-0.0046797473914921,1.0,-0.367297351360321,-1.0,-1.0,-1.0,-1.0,-1.0,-1.0,-1.0,1.0,0.0,0.0,0.0,1.0,0.0,0.0,0.0,1.0,0.0,0.0,0.0
20260320_140411_268302,1,81,1.6544020175933838,0.2378748208284378,-0.1764699300650952,-10.32017354817014,0.0,0.2968877510493257,0.811593234539032,-1.1237958319945136,0.0166267065936968,0.0961451881145111,0.02,0.15,0.0,carpet,12345,2458047712,0,0,1,0,0,0,-0.0074241436086595,0.4166215062141418,-0.9542998671531676,-0.6148588061332703,-0.0825012698769569,-0.9737256169319152,0.2077298313379287,-0.3140979707241058,0.0315675213932991,0.9684324860572816,-0.2940151393413543,-1.0,-1.0,-1.0,-1.0,-1.0,-1.0,-1.0,1.0,0.0,0.0,0.0,1.0,0.0,0.0,0.0,1.0,0.0,0.0,0.0
20260320_140411_268302,1,82,1.641011118888855,0.2367070168256759,-0.1772815865195919,-10.497455134689732,0.0,0.2518609133560403,0.116780400276184,-1.8080315923663333,0.0185326948212354,0.1085663407493686,0.02,0.15,0.0,carpet,12345,2458047712,0,0,1,0,0,0,1.0,-0.4472063183784485,0.036720298230648,0.2750269472599029,-0.1277823746204376,-0.5441812872886658,-0.1844933331012725,-0.2988971769809723,0.0390816815197467,0.9609183669090272,-0.1932489722967147,-1.0,-1.0,-1.0,-1.0,-1.0,-1.0,-1.0,1.0,0.0,0.0,0.0,1.0,0.0,0.0,0.0,1.0,0.0,0.0,0.0
20260320_140411_268302,1,83,1.6401174068450928,0.2312546670436859,-0.1783830281742701,-10.675838162864002,0.0,0.3252044295667673,0.5452349781990051,-0.7918493401983682,0.0201274561027756,0.1274056512798525,0.02,0.15,0.0,carpet,12345,2458047712,0,0,1,0,0,0,0.3072928488254547,0.5770969390869141,0.3830214142799377,0.3581632971763611,0.7579036951065063,0.8902336955070496,-0.3735502958297729,-0.3156358599662781,0.0401628836989402,0.9598371386528016,-0.2644645571708679,-1.0,-1.0,-1.0,-1.0,-1.0,-1.0,-1.0,1.0,0.0,0.0,0.0,1.0,0.0,0.0,0.0,1.0,0.0,0.0,0.0
20260320_140411_268302,1,84,1.6486974954605105,0.2252396345138549,-0.1648279125012377,-10.84066607536524,0.0,0.3942791354208736,0.6015032529830933,0.2556378802672725,0.0204128515449861,0.1113704272020551,0.02,0.1372181059866363,0.0,carpet,12345,2458047712,0,0,1,0,0,0,0.0273567661643028,-0.6289671063423157,0.4285548031330108,-0.746907114982605,-1.0,-0.8953772783279419,0.041208941489458,-0.3167530000209808,0.04521095007658,0.9547890424728394,-0.2972675263881683,-1.0,-1.0,-1.0,-1.0,-1.0,-1.0,-1.0,1.0,0.0,0.0,0.0,1.0,0.0,0.0,0.0,1.0,0.0,0.0,0.0
20260320_140411_268302,1,85,1.7059056758880615,0.2112136483192443,-0.0719136088777314,-10.91257968424297,0.0,0.6463590064308988,1.4025986194610596,2.0399104923766487,0.0147919396553721,0.0485987906205327,0.02,0.0480044753811675,0.0,carpet,12345,2458047712,0,0,1,0,0,0,0.404492050409317,-0.7902853488922119,0.7931737899780273,0.4227088987827301,0.2564907968044281,0.4677985608577728,0.8099674582481384,-0.3060277998447418,0.0507799796760082,0.9492200613021852,-0.1933668702840805,-1.0,-1.0,-1.0,-1.0,-1.0,-1.0,-1.0,1.0,0.0,0.0,0.0,1.0,0.0,0.0,0.0,1.0,0.0,0.0,0.0
20260320_140411_268302,1,86,1.6934431791305542,0.2141564786434173,-0.0571063003803829,-10.969685984623354,0.0,0.4111984967188533,-0.2942830324172973,2.3257897325427592,0.0122051259469609,0.0435054882564968,0.02,0.033710513372862,0.0,carpet,12345,2458047712,0,0,1,0,0,0,0.8307373523712158,0.1127643138170242,-0.0265953484922647,0.3527807295322418,-0.9403236508369446,0.8623368144035339,-0.3354355096817016,-0.2345176637172699,0.0637659728527069,0.9362341165542604,-0.0185777861624956,-1.0,-1.0,-1.0,-1.0,-1.0,-1.0,-1.0,1.0,0.0,0.0,0.0,1.0,0.0,0.0,0.0,1.0,0.0,0.0,0.0
20260320_140411_268302,1,87,1.7054917812347412,0.2109023481607437,-0.0500176024286694,-11.019703587052025,0.0,0.3897521346059847,0.3254130482673645,2.418654116099418,0.0095030823364038,0.0,0.02,0.029067294195029,0.0,carpet,12345,2458047712,0,0,1,0,0,0,-1.0,-0.2356268018484115,-0.6563965678215027,0.347569853067398,0.9350815415382384,-0.7393798828125,0.6863589882850647,-0.2500957548618316,0.061041347682476,0.938958704471588,-0.163194254040718,-1.0,-1.0,-1.0,-1.0,-1.0,-1.0,-1.0,1.0,0.0,0.0,0.0,1.0,0.0,0.0,0.0,1.0,0.0,0.0,0.0
20260320_140411_268302,1,88,1.749028205871582,0.2241967469453811,-0.064166650688228,-11.083870237740252,0.0,-0.0400458686614371,-1.3294398784637451,2.1267473340819407,0.0050401739232506,0.0,0.02,0.0436626332959029,0.0,carpet,12345,2458047712,0,0,1,0,0,0,-0.3577714264392853,0.5960728526115417,0.1072770431637764,-0.7900649309158325,0.1295312345027923,0.3557262420654297,1.0,-0.2350349426269531,0.0640541911125183,0.9359458088874816,-0.024343742057681,-1.0,-1.0,-1.0,-1.0,-1.0,-1.0,-1.0,1.0,0.0,0.0,0.0,1.0,0.0,0.0,0.0,1.0,0.0,0.0,0.0
20260320_140411_268302,1,89,1.6959199905395508,0.2014093697071075,-0.0534523399175462,-11.137322577657798,0.0,0.5396500294607449,2.278737723827362,2.3411929339759183,0.0051198661634216,0.0,0.02,0.032940353301204,0.0,carpet,12345,2458047712,0,0,1,0,0,0,-0.2857202291488647,-0.8517244458198547,-0.2148777097463607,-0.1903634965419769,-0.4252233505249023,0.6684598326683044,-0.6686262488365173,-0.1806144714355468,0.0517455488443374,0.9482545256614684,0.1497126221656799,-1.0,-1.0,-1.0,-1.0,-1.0,-1.0,-1.0,1.0,0.0,0.0,0.0,1.0,0.0,0.0,0.0,1.0,0.0,0.0,0.0
20260320_140411_268302,1,90,1.6806867122650146,0.192055270075798,-0.0413305834582196,-11.178653161116015,0.0,0.6385900128782964,0.9354099631309508,2.585503811433341,0.006057740298867,0.0,0.02,0.0207248094283329,0.0,carpet,12345,2458047712,0,0,1,0,0,0,-0.3310464322566986,-0.0690505877137184,-0.6447791457176208,-0.9709509015083312,0.1688039749860763,-0.6286128163337708,-0.498721033334732,-0.2469997406005859,0.0728432685136795,0.9271567463874816,-0.1442610919475555,-1.0,-1.0,-1.0,-1.0,-1.0,-1.0,-1.0,1.0,0.0,0.0,0.0,1.0,0.0,0.0,0.0,1.0,0.0,0.0,0.0
20260320_140411_268302,1,91,1.774522304534912,0.218866690993309,-0.0828256665670282,-11.261478827683046,0.0,-0.1913430132790381,-2.681142091751098,1.747801791723404,0.0021575615319844,0.0,0.02,0.0626099104138298,0.0,carpet,12345,2458047712,0,0,1,0,0,0,0.9665979743003844,-0.4246985018253326,0.1316657811403274,0.8216104507446289,0.0355020686984062,0.4766492545604706,0.8861781358718872,-0.2660413682460785,0.0815037935972213,0.9184962511062622,-0.1452172547578811,-1.0,-1.0,-1.0,-1.0,-1.0,-1.0,-1.0,1.0,0.0,0.0,0.0,1.0,0.0,0.0,0.0,1.0,0.0,0.0,0.0
20260320_140411_268302,1,92,1.7738343477249146,0.2135088592767715,-0.1037016292359865,-11.365180456919031,0.0,-0.0095614670458417,0.5357831716537476,1.327041827958709,0.0005372063392197,0.0,0.02,0.0836479086020645,0.0,carpet,12345,2458047712,0,0,1,0,0,0,-0.3873401284217834,-0.3929776549339294,-0.8440271615982056,-0.6594756245613098,-0.0021602420601993,0.5830541849136353,0.6425936222076416,-0.1487468779087066,0.0566803850233554,0.9433196783065796,0.1719303131103515,-1.0,-1.0,-1.0,-1.0,-1.0,-1.0,-1.0,1.0,0.0,0.0,0.0,1.0,0.0,0.0,0.0,1.0,0.0,0.0,0.0
20260320_140411_268302,1,93,1.6782174110412598,0.1891134977340698,-0.0931804897788359,-11.45836094669787,0.0,0.6027129382831475,2.439536154270172,1.540002631635872,0.0018062136062956,0.0,0.02,0.0729998684182064,0.0,carpet,12345,2458047712,0,0,1,0,0,0,-0.1298000067472458,-0.5510604381561279,-0.9402310848236084,-0.2221183478832245,-0.8518788814544678,-0.9356959462165833,-0.6636650562286377,-0.149606704711914,0.0616409480571746,0.9383590817451476,0.1471925377845764,-1.0,-1.0,-1.0,-1.0,-1.0,-1.0,-1.0,1.0,0.0,0.0,0.0,1.0,0.0,0.0,0.0,1.0,0.0,0.0,0.0
20260320_140411_268302,1,94,1.5757033824920654,0.2828303575515747,-0.1709296708244331,-11.629290617522305,0.0,-1.8908867917252508,-9.371685981750488,-0.3108382914279417,0.0092967082443314,0.0,0.02,0.15,0.0,carpet,12345,2458047712,0,0,1,0,0,0,-0.721812903881073,-0.5889771580696106,0.1077490746974945,-0.8464944958686829,0.7326065897941589,-0.789687991142273,-0.9091060161590576,-0.2691278457641601,0.0842274352908134,0.915772557258606,-0.1522977501153946,-1.0,-1.0,-1.0,-1.0,-1.0,-1.0,-1.0,1.0,0.0,0.0,0.0,1.0,0.0,0.0,0.0,1.0,0.0,0.0,0.0
20260320_140411_268302,1,95,1.5917589664459229,0.2560502588748932,-0.1717078337919149,-11.800998451314218,0.0,-0.7486626268769072,2.678009867668152,-1.599150947765594,0.0170783379191497,0.0,0.02,0.15,0.0,carpet,12345,2458047712,0,0,1,0,0,0,0.3113081753253937,0.5712367296218872,0.6002214550971985,0.2691737711429596,-1.0,-1.0,0.4791263043880462,-0.3972703814506531,-0.0025404912885278,1.0,-0.3866311311721802,-1.0,-1.0,-1.0,-1.0,-1.0,-1.0,-1.0,1.0,0.0,0.0,0.0,1.0,0.0,0.0,0.0,1.0,0.0,0.0,0.0
20260320_140411_268302,1,96,1.5712486505508425,0.258519560098648,-0.175468229959023,-11.97646668127324,0.0,-0.6232295007515489,-0.2469301223754882,-2.860970461395439,0.0269850287821333,0.055394541616195,0.02,0.15,0.0,carpet,12345,2458047712,0,0,1,0,0,0,0.0443565286695957,-0.7863812446594238,-0.7285165786743164,0.761202871799469,-0.4192865788936615,0.4590513408184051,-0.6168432235717773,-0.3772009015083313,0.0222539063543081,0.9777461290359496,-0.1664362698793411,-1.0,-1.0,-1.0,-1.0,-1.0,-1.0,-1.0,1.0,0.0,0.0,0.0,1.0,0.0,0.0,0.0,1.0,0.0,0.0,0.0
20260320_140411_268302,1,97,1.6060545444488523,0.2214467227458953,-0.1757375996695423,-12.152204280942785,0.0,0.459398808255159,3.707283735275269,-2.210228639861242,0.0310022789079942,0.0527474355748587,0.02,0.15,0.0,carpet,12345,2458047712,0,0,1,0,0,0,-0.3934006690979004,0.3235999345779419,0.2002959698438644,-0.1518265306949615,-0.6992810368537903,0.7892227172851562,-0.1506139636039734,-0.4028388857841491,0.0199677068740129,0.9800323843955994,-0.3555079102516174,-1.0,-1.0,-1.0,-1.0,-1.0,-1.0,-1.0,1.0,0.0,0.0,0.0,1.0,0.0,0.0,0.0,1.0,0.0,0.0,0.0
20260320_140411_268302,1,98,1.7413688898086548,0.2394315898418426,-0.1717657954827329,-12.323970076425516,0.0,-0.1050725712073159,-1.7984867095947266,-2.3057397440227163,0.0176579548273294,0.0,0.02,0.15,0.0,carpet,12345,2458047712,0,0,1,0,0,0,-0.2541089355945587,-0.2764137089252472,-0.2920267283916473,0.926773965358734,-0.3026242256164551,0.7132306098937988,0.9085302352905272,-0.3593315184116363,0.054291658103466,0.9457083344459534,-0.1774719357490539,-1.0,-1.0,-1.0,-1.0,-1.0,-1.0,-1.0,1.0,0.0,0.0,0.0,1.0,0.0,0.0,0.0,1.0,0.0,0.0,0.0
20260320_140411_268302,1,99,1.6209752559661863,0.2064938098192215,-0.1723792962853372,-12.496349372710853,0.0,0.7446400721600384,3.2937780022621155,-2.163812610145825,0.0215487513015334,0.0044884231036785,0.02,0.15,0.0,carpet,12345,2458047712,0,0,1,0,0,0,-0.6258870363235474,-0.8468590974807739,-0.5283851623535156,0.0756799504160881,0.367268294095993,-0.3877220451831817,-0.7093982696533203,-0.1901886016130447,0.0376403331756591,0.9623597264289856,0.1616196185350418,-1.0,-1.0,-1.0,-1.0,-1.0,-1.0,-1.0,1.0,0.0,0.0,0.0,1.0,0.0,0.0,0.0,1.0,0.0,0.0,0.0
20260320_140411_268302,1,100,1.6608176231384275,0.1942139863967895,-0.1432240802763304,-12.639573452987182,0.0,0.8654756396808239,1.2279823422431946,0.5925498212602491,0.0201369469817456,0.0167575328233663,0.02,0.1203725089369875,0.0,carpet,12345,2458047712,0,0,1,0,0,0,-0.1053744181990623,-0.8948677182197571,-0.4343024790287018,0.3631920516490936,-0.1946436911821365,1.0,-0.508033275604248,-0.3406806886196136,0.0681358352303505,0.9318642020225524,-0.2775322496891022,-1.0,-1.0,-1.0,-1.0,-1.0,-1.0,-1.0,1.0,0.0,0.0,0.0,1.0,0.0,0.0,0.0,1.0,0.0,0.0,0.0
20260320_140411_268302,1,101,1.676291584968567,0.1981223076581955,-0.0780883716374309,-12.717661824624614,0.0,0.5513986982254835,-0.3908321261405945,1.89261114636264,0.0174994596672994,0.0193796597766588,0.02,0.055369442681868,0.0,carpet,12345,2458047712,0,0,1,0,0,0,0.0969935357570648,0.6537962555885315,-0.8495223522186279,0.4410473704338074,-0.5923303365707397,1.0,-0.5202530026435852,-0.2908777296543121,0.0795051455497741,0.9204949140548706,-0.1850141882896423,-1.0,-1.0,-1.0,-1.0,-1.0,-1.0,-1.0,1.0,0.0,0.0,0.0,1.0,0.0,0.0,0.0,1.0,0.0,0.0,0.0
20260320_140411_268302,1,102,1.849241018295288,0.2359612733125686,-0.0711720586011313,-12.788833883225744,0.0,-0.5324251176902237,-3.783896565437317,1.983415529423965,0.0034283507232964,0.0,0.02,0.0508292235288017,0.0,carpet,12345,2458047712,0,0,1,0,0,0,0.6996746063232422,-0.7482500076293945,-0.190894603729248,0.6703101992607117,0.3744208216667175,0.9151288270950316,0.6978241801261902,-0.2715350985527038,0.0758866071701049,0.9241134524345398,-0.1623507589101791,-1.0,-1.0,-1.0,-1.0,-1.0,-1.0,-1.0,1.0,0.0,0.0,0.0,1.0,0.0,0.0,0.0,1.0,0.0,0.0,0.0
20260320_140411_268302,1,103,1.83644700050354,0.2239684760570526,-0.0987807888220209,-12.887614672047766,0.0,-0.0994989068797735,1.1992797255516052,1.4245178142890325,6.679536472583017e-05,0.0,0.02,0.0787741092855483,0.0,carpet,12345,2458047712,0,0,1,0,0,0,-0.0057863709516823,-0.9826031923294068,-0.614724338054657,0.5888664722442627,-0.9156239628791808,0.8920051455497742,0.1931746006011963,-0.0553483963012695,0.0408533401787281,0.9591467380523682,0.2302832007408142,-1.0,-1.0,-1.0,-1.0,-1.0,-1.0,-1.0,1.0,0.0,0.0,0.0,1.0,0.0,0.0,0.0,1.0,0.0,0.0,0.0
20260320_140411_268302,1,104,1.7910778522491455,0.1919840425252914,-0.0572711478184719,-12.944885819866238,0.0,0.7249866581342133,3.198443353176117,2.2545770436305617,0.0,0.0,0.02,0.0372711478184719,0.0,carpet,12345,2458047712,0,0,1,0,0,0,-0.9028141498565674,1.0,0.1685667186975479,-0.4986572861671448,-0.2897123396396637,0.5320524573326111,-0.6222029328346252,-0.0713409408926963,0.0519568957388401,0.948043167591095,0.1372811943292617,-1.0,-1.0,-1.0,-1.0,-1.0,-1.0,-1.0,1.0,0.0,0.0,0.0,1.0,0.0,0.0,0.0,1.0,0.0,0.0,0.0
20260320_140411_268302,1,105,1.8125767707824707,0.1828781068325042,-0.0559337321304572,-13.000819551996695,0.0,0.7713883859203321,0.910593569278717,2.2813253573908554,0.0,0.0,0.02,0.0359337321304572,0.0,carpet,12345,2458047712,0,0,1,0,0,0,0.0658357590436935,-0.4203929305076599,0.2284046411514282,-0.5439093112945557,0.2756645083427429,0.2411427050828933,0.2308910489082336,-0.1280523240566253,0.0815697386860847,0.9184302687644958,-0.0365476310253143,-1.0,-1.0,-1.0,-1.0,-1.0,-1.0,-1.0,1.0,0.0,0.0,0.0,1.0,0.0,0.0,0.0,1.0,0.0,0.0,0.0
20260320_140411_268302,1,106,1.7900248765945437,0.1676437854766845,-0.0512375479477111,-13.052057099944406,0.0,0.9593993233357452,1.5234321355819702,2.3752490410457767,0.0,0.0,0.02,0.0312375479477111,0.0,carpet,12345,2458047712,0,0,1,0,0,0,0.00634381826967,-0.0404707007110118,-0.5246595144271851,0.3859957754611969,-0.8096811175346375,0.045164056122303,0.0736429318785667,-0.1011787429451942,0.0900004804134368,0.9099995493888856,0.0988830626010894,-1.0,-1.0,-1.0,-1.0,-1.0,-1.0,-1.0,1.0,0.0,0.0,0.0,1.0,0.0,0.0,0.0,1.0,0.0,0.0,0.0
20260320_140411_268302,1,107,1.719321846961975,0.1670233607292175,-0.0420544772995616,-13.094111577243968,0.0,0.7350601111884743,0.0620424747467041,2.5589104540087675,0.0,0.0,0.02,0.0220544772995616,0.0,carpet,12345,2458047712,0,0,1,0,0,0,-0.1790666431188583,0.158413365483284,-0.5723018050193787,-0.5106415748596191,0.0359902679920196,-0.559497594833374,-0.75511234998703,-0.1293685883283615,0.1041052192449569,0.8958947658538818,0.045698769390583,-1.0,-1.0,-1.0,-1.0,-1.0,-1.0,-1.0,1.0,0.0,0.0,0.0,1.0,0.0,0.0,0.0,1.0,0.0,0.0,0.0
20260320_140411_268302,1,108,1.8475171327590945,0.1843726933002472,-0.02,-13.114111577243968,0.0,0.1175617691156247,-1.7349332571029663,3.208897340814616,0.0,0.0,0.02,0.0,0.0,carpet,12345,2458047712,0,0,1,0,0,0,-0.0956432148814201,-0.1603377610445022,-0.4843987226486206,-0.4835971295833587,0.5714499950408936,0.5377448797225952,0.5645092129707336,-0.217747300863266,0.104679636657238,0.8953203558921814,-0.1783033162355423,-1.0,-1.0,-1.0,-1.0,-1.0,-1.0,-1.0,1.0,0.0,0.0,0.0,1.0,0.0,0.0,0.0,1.0,0.0,0.0,0.0
20260320_140411_268302,1,109,1.7213802337646484,0.1958601027727127,-0.02,-13.134111577243967,0.0,-0.1990139099749228,-1.1487409472465515,3.1093823377194667,0.0,0.0,0.02,0.0,0.0,carpet,12345,2458047712,0,0,1,0,0,0,0.974870264530182,-0.9433522820472716,0.1359484195709228,-0.5627202987670898,0.5534656047821045,-0.5610255599021912,-0.8097745180130005,-0.0575033202767372,0.0886167213320732,0.911383330821991,0.1458896100521087,-1.0,-1.0,-1.0,-1.0,-1.0,-1.0,-1.0,1.0,0.0,0.0,0.0,1.0,0.0,0.0,0.0,1.0,0.0,0.0,0.0
20260320_140411_268302,1,110,1.7214983701705933,0.191743716597557,-0.053097754925852,-13.18720933216982,0.0,-0.046350778102294,0.4116386175155639,2.3380449014829594,0.0,0.0,0.02,0.033097754925852,0.0,carpet,12345,2458047712,0,0,1,0,0,0,0.0162416584789752,-0.9307145476341248,0.0993390679359436,-0.7421877980232239,-0.8653666973114014,-1.0,-0.6459291577339172,-0.2151742875576019,0.0779810845851898,0.9220190048217772,-0.2409933060407638,-1.0,-1.0,-1.0,-1.0,-1.0,-1.0,-1.0,1.0,0.0,0.0,0.0,1.0,0.0,0.0,0.0,1.0,0.0,0.0,0.0
20260320_140411_268302,1,111,1.801558256149292,0.1821129024028778,-0.0813668106573562,-13.268576142827175,0.0,0.2060072712902467,0.963081419467926,1.772663786852874,0.0,0.0,0.02,0.0613668106573562,0.0,carpet,12345,2458047712,0,0,1,0,0,0,-0.8333381414413452,0.7724379301071167,-0.2084633409976959,0.4160948991775512,0.6680510640144348,-0.3861566483974457,0.8713555335998535,-0.2150266617536544,0.0817922428250312,0.9182077646255492,-0.2234159708023071,-1.0,-1.0,-1.0,-1.0,-1.0,-1.0,-1.0,1.0,0.0,0.0,0.0,1.0,0.0,0.0,0.0,1.0,0.0,0.0,0.0
20260320_140411_268302,1,112,1.7727123498916626,0.1525530368089676,-0.0846616721583711,-13.353237814985546,0.0,0.8935020933154476,2.9559865593910217,1.7067665568325765,0.0,0.0,0.02,0.0646616721583711,0.0,carpet,12345,2458047712,0,0,1,0,0,0,0.8321775794029236,-0.5782650709152222,0.7515099048614502,-0.71787029504776,-0.2606075406074524,0.0961317867040634,-0.2945819199085235,-0.1149518936872482,0.0907089486718177,0.9092910885810852,0.0891553983092308,-1.0,-1.0,-1.0,-1.0,-1.0,-1.0,-1.0,1.0,0.0,0.0,0.0,1.0,0.0,0.0,0.0,1.0,0.0,0.0,0.0
20260320_140411_268302,1,113,1.8249750137329104,0.1764732152223587,-0.1178085722352041,-13.471046387220747,0.0,0.0721221096518149,-2.392017841339112,1.0438285552959172,0.0,0.0,0.02,0.0978085722352041,0.0,carpet,12345,2458047712,0,0,1,0,0,0,0.2517289817333221,0.7489177584648132,0.5268149375915527,-0.35533007979393,0.777045488357544,-0.0606250837445259,0.9070045351982116,-0.1510091722011566,0.1180770099163055,0.8819230198860168,-0.0667540282011032,-1.0,-1.0,-1.0,-1.0,-1.0,-1.0,-1.0,1.0,0.0,0.0,0.0,1.0,0.0,0.0,0.0,1.0,0.0,0.0,0.0
20260320_140411_268302,1,114,1.819620966911316,0.1585264354944229,-0.0985486069191236,-13.569594994139871,0.0,0.5027610754372347,1.794677972793579,1.4290278616175272,0.0,0.0,0.02,0.0785486069191236,0.0,carpet,12345,2458047712,0,0,1,0,0,0,0.1622695475816726,-0.0829427242279052,-0.6177093982696533,-0.5166102647781372,-0.0621426329016685,0.0730266273021698,0.4394705593585968,-0.0856809616088867,0.0959304645657539,0.9040696024894714,0.1373543292284011,-1.0,-1.0,-1.0,-1.0,-1.0,-1.0,-1.0,1.0,0.0,0.0,0.0,1.0,0.0,0.0,0.0,1.0,0.0,0.0,0.0
20260320_140411_268302,1,115,1.7798354625701904,0.1607314795255661,-0.0725006761304091,-13.64209567027028,0.0,0.3219447057993676,-0.2205044031143188,1.9499864773918176,0.0,0.0,0.02,0.0525006761304091,0.0,carpet,12345,2458047712,0,0,1,0,0,0,-1.0,-0.3749372959136963,0.7572837471961975,-0.1525072902441024,0.5650288462638855,0.5656358003616333,-0.6599158048629761,-0.0923734679818153,0.1125465184450149,0.887453556060791,0.0972165614366531,-1.0,-1.0,-1.0,-1.0,-1.0,-1.0,-1.0,1.0,0.0,0.0,0.0,1.0,0.0,0.0,0.0,1.0,0.0,0.0,0.0
20260320_140411_268302,1,116,1.799601912498474,0.143719807267189,-0.0368456204348473,-13.67894129070513,0.0,0.6667503358089419,1.7011672258377075,2.6630875913030536,0.0,0.0,0.02,0.0168456204348473,0.0,carpet,12345,2458047712,0,0,1,0,0,0,0.2664174735546112,-0.2682157158851623,-0.0334404855966568,0.2462194561958313,-0.0730892717838287,0.2426475435495376,-0.0180111434310674,-0.142105296254158,0.1105049774050712,0.8894950747489929,-0.1176332086324691,-1.0,-1.0,-1.0,-1.0,-1.0,-1.0,-1.0,1.0,0.0,0.0,0.0,1.0,0.0,0.0,0.0,1.0,0.0,0.0,0.0
20260320_140411_268302,1,117,1.849357843399048,0.1769434213638305,-0.0636723640273257,-13.742613654732455,0.0,-0.3305276005593214,-3.322361409664154,2.126552719453485,0.0,0.0,0.02,0.0436723640273257,0.0,carpet,12345,2458047712,0,0,1,0,0,0,-0.6159065961837769,-0.5386481881141663,-0.1323862373828888,-0.3056195378303528,0.7410673499107361,0.4706100225448608,0.7159063220024109,-0.1173973083496093,0.1262552738189697,0.8737447261810303,-0.0042131170630455,-1.0,-1.0,-1.0,-1.0,-1.0,-1.0,-1.0,1.0,0.0,0.0,0.0,1.0,0.0,0.0,0.0,1.0,0.0,0.0,0.0
20260320_140411_268302,1,118,1.7992751598358154,0.176977053284645,-0.1207842936150915,-13.863397948347547,0.0,-0.2487364984398681,-0.0033631920814514,0.9843141276981696,0.0,0.0,0.02,0.1007842936150915,0.0,carpet,12345,2458047712,0,0,1,0,0,0,1.0,-0.2014510780572891,0.845146656036377,-0.8654508590698242,0.9371700882911682,0.5470291972160339,-0.7184972167015076,-0.0552022941410541,0.0954951271414756,0.904504895210266,0.1632692664861679,-1.0,-1.0,-1.0,-1.0,-1.0,-1.0,-1.0,1.0,0.0,0.0,0.0,1.0,0.0,0.0,0.0,1.0,0.0,0.0,0.0
20260320_140411_268302,1,119,1.817254543304444,0.1460006088018417,-0.0949974621856722,-13.95839541053322,0.0,0.5878587382402003,3.0976444482803345,1.500050756286555,0.0,0.0,0.02,0.0749974621856722,0.0,carpet,12345,2458047712,0,0,1,0,0,0,0.3644432127475738,0.441168338060379,0.5446193218231201,0.2508803606033325,-0.2895728051662445,-0.0786309316754341,0.4548302292823791,-0.1178056746721267,0.0954639762639999,0.9045360684394836,-0.0900661051273346,-1.0,-1.0,-1.0,-1.0,-1.0,-1.0,-1.0,1.0,0.0,0.0,0.0,1.0,0.0,0.0,0.0,1.0,0.0,0.0,0.0
20260320_140411_268302,1,120,1.8206349611282349,0.1522085964679718,-0.1058507978561903,-14.06424620838941,0.0,0.2856943620268737,-0.6207987666130066,1.282984042876194,0.0,0.0,0.02,0.0858507978561903,0.0,carpet,12345,2458047712,0,0,1,0,0,0,-1.0,-0.7302592396736145,0.6710994839668274,-0.8373280167579651,-0.485582560300827,0.0685701221227645,0.6271940469741821,-0.095331571996212,0.1241435930132865,0.8758564591407776,0.087085984647274,-1.0,-1.0,-1.0,-1.0,-1.0,-1.0,-1.0,1.0,0.0,0.0,0.0,1.0,0.0,0.0,0.0,1.0,0.0,0.0,0.0
20260320_140411_268302,1,121,1.8481184244155884,0.16783107817173,-0.1307625966998476,-14.195008805089255,0.0,-0.1762912710737794,-1.562248170375824,0.784748066003047,0.0,0.0,0.02,0.1107625966998476,0.0,carpet,12345,2458047712,0,0,1,0,0,0,0.6432939767837524,0.8638407588005066,-0.9489148855209352,0.4078527987003326,-0.4651770293712616,0.8533653616905212,0.7598822116851807,-0.0911060348153114,0.118395909667015,0.8816040754318237,0.1026546433568,-1.0,-1.0,-1.0,-1.0,-1.0,-1.0,-1.0,1.0,0.0,0.0,0.0,1.0,0.0,0.0,0.0,1.0,0.0,0.0,0.0
20260320_140411_268302,1,122,1.8533616065979004,0.1716325283050537,-0.1699999999999999,-14.365008805089255,0.0,-0.2272547066384334,-0.3801450133323669,-0.1092569764443283,0.0,0.0,0.02,0.15,0.0,carpet,12345,2458047712,0,0,1,0,0,0,0.7461873292922974,0.951002836227417,-0.8231163620948792,-0.0975173488259315,1.0,0.0539433360099792,1.0,-0.0567516312003135,0.1039318069815635,0.896068274974823,0.162894144654274,-1.0,-1.0,-1.0,-1.0,-1.0,-1.0,-1.0,1.0,0.0,0.0,0.0,1.0,0.0,0.0,0.0,1.0,0.0,0.0,0.0
20260320_140411_268302,1,123,1.770995020866394,0.1228552758693695,-0.1064869547485867,-14.471495759837843,0.0,1.048990280913273,4.87772524356842,1.270260905028266,0.0,0.0,0.02,0.0864869547485867,0.0,carpet,12345,2458047712,0,0,1,0,0,0,-0.9942006468772888,-0.4106670916080475,-0.6843544244766235,-0.2047431021928787,0.2335743904113769,-0.0815298408269882,-0.5309260487556458,-0.0501976013183593,0.1004122123122215,0.8995878100395203,0.210066333413124,-1.0,-1.0,-1.0,-1.0,-1.0,-1.0,-1.0,1.0,0.0,0.0,0.0,1.0,0.0,0.0,0.0,1.0,0.0,0.0,0.0
20260320_140411_268302,1,124,1.8015940189361568,0.1473618298768997,-0.0853461868017579,-14.5568419466396,0.0,0.1740788604967065,-2.450655400753021,1.693076263964841,0.0,0.0,0.02,0.0653461868017579,0.0,carpet,12345,2458047712,0,0,1,0,0,0,-0.0491845197975635,0.5685611367225647,0.9177477359771729,1.0,0.6405138373374939,-0.8589907288551331,0.9627483487129213,-0.153155893087387,0.1455727368593216,0.8544273376464844,-0.1288869678974151,-1.0,-1.0,-1.0,-1.0,-1.0,-1.0,-1.0,1.0,0.0,0.0,0.0,1.0,0.0,0.0,0.0,1.0,0.0,0.0,0.0
20260320_140411_268302,1,125,1.765610933303833,0.1339567899703979,-0.0914548665620142,-14.648296813201616,0.0,0.4656851430350741,1.340503990650177,1.5709026687597143,0.0,0.0,0.02,0.0714548665620142,0.0,carpet,12345,2458047712,0,0,1,0,0,0,-0.9872206449508668,0.194802701473236,0.144369974732399,0.8176916837692261,0.6662984490394592,0.9647927284240724,-0.8171588182449341,-0.1149070709943771,0.1228832975029945,0.8771167397499084,0.0728906393051147,-1.0,-1.0,-1.0,-1.0,-1.0,-1.0,-1.0,1.0,0.0,0.0,0.0,1.0,0.0,0.0,0.0,1.0,0.0,0.0,0.0
20260320_140411_268302,1,126,1.7994314432144165,0.1195785924792289,-0.0703036449355811,-14.718600458137196,0.0,0.7087187945555371,1.4378197491168976,1.993927101288378,0.0,0.0,0.02,0.0503036449355811,0.0,carpet,12345,2458047712,0,0,1,0,0,0,-0.052228644490242,0.64823317527771,-0.0678156912326812,0.0034132844302803,-1.0,-0.4159627556800842,0.5206777453422546,-0.159885972738266,0.1352943778038025,0.8647056221961975,-0.2216700464487075,-1.0,-1.0,-1.0,-1.0,-1.0,-1.0,-1.0,1.0,0.0,0.0,0.0,1.0,0.0,0.0,0.0,1.0,0.0,0.0,0.0
20260320_140411_268302,1,127,1.7797601222991943,0.1296372413635254,-0.0474854376914305,-14.766085895828626,0.0,0.2800728738092317,-1.0058648884296415,2.450291246171389,0.0,0.0,0.02,0.0274854376914305,0.0,carpet,12345,2458047712,0,0,1,0,0,0,0.4976212382316589,-0.5532494187355042,-0.8124983310699463,0.3611858785152435,-0.9229423999786376,0.5019870400428772,-0.6014929413795471,-0.1176103577017784,0.148606464266777,0.8513935208320618,0.0209383927285671,-1.0,-1.0,-1.0,-1.0,-1.0,-1.0,-1.0,1.0,0.0,0.0,0.0,1.0,0.0,0.0,0.0,1.0,0.0,0.0,0.0
20260320_140411_268302,1,128,1.8037631511688232,0.1191345006227493,-0.02,-14.786085895828624,0.0,0.4726231738763289,1.0502740740776062,3.150169126686152,0.0,0.0,0.02,0.0,0.0,carpet,12345,2458047712,0,0,1,0,0,0,-0.6292562484741211,0.5003967881202698,-1.0,-0.1475914120674133,-0.2201661616563797,0.6478521227836609,-0.0929579064249992,-0.1421995162963867,0.1392936408519745,0.8607063889503479,-0.1398871541023254,-1.0,-1.0,-1.0,-1.0,-1.0,-1.0,-1.0,1.0,0.0,0.0,0.0,1.0,0.0,0.0,0.0,1.0,0.0,0.0,0.0
20260320_140411_268302,1,129,1.7642066478729248,0.1185838431119918,-0.0465293668025471,-14.832615262631172,0.0,0.3682338181761793,0.0550657510757446,2.4694126639490577,0.0,0.0,0.02,0.0265293668025471,0.0,carpet,12345,2458047712,0,0,1,0,0,0,0.1189651638269424,-0.7931942343711853,-0.1368602514266967,-0.8575218319892883,0.1794584095478058,-0.7532054781913757,-0.6133912205696106,-0.1121957749128341,0.1490176171064376,0.8509824275970459,-0.0354185476899147,-1.0,-1.0,-1.0,-1.0,-1.0,-1.0,-1.0,1.0,0.0,0.0,0.0,1.0,0.0,0.0,0.0,1.0,0.0,0.0,0.0
20260320_140411_268302,1,130,1.833398938179016,0.1138886511325836,-0.0355555516715153,-14.868170814302688,0.0,0.393555163117341,0.4695191979408264,2.688888966569692,0.0,0.0,0.02,0.0155555516715153,0.0,carpet,12345,2458047712,0,0,1,0,0,0,0.2104540318250656,-0.1941101402044296,-0.1742819994688034,0.3943075239658355,0.501233696937561,0.5053167343139648,0.4744726419448852,-0.16164131462574,0.1495274603366851,0.8504725694656372,-0.1545124053955078,-1.0,-1.0,-1.0,-1.0,-1.0,-1.0,-1.0,1.0,0.0,0.0,0.0,1.0,0.0,0.0,0.0,1.0,0.0,0.0,0.0
20260320_140411_268302,1,131,1.8054471015930176,0.117457315325737,-0.04854232044781,-14.916713134750498,0.0,0.2059497675091819,-0.3568664193153381,2.4291535910438,0.0,0.0,0.02,0.02854232044781,0.0,carpet,12345,2458047712,0,0,1,0,0,0,0.5446213483810425,-0.5218499302864075,0.4713155627250671,0.7845756411552429,-0.0497341230511665,-0.7229178547859192,0.372249037027359,-0.0751510635018348,0.1538744866847992,0.8461254835128784,0.0725719928741455,-1.0,-1.0,-1.0,-1.0,-1.0,-1.0,-1.0,1.0,0.0,0.0,0.0,1.0,0.0,0.0,0.0,1.0,0.0,0.0,0.0
20260320_140411_268302,1,132,1.8908541202545168,0.1688029319047927,-0.1404371646178124,-15.057150299368312,0.0,-1.1291780888445118,-5.134561657905579,0.5912567076437512,0.0,0.0,0.02,0.1204371646178124,0.0,carpet,12345,2458047712,0,0,1,0,0,0,0.7619990110397339,-0.936022698879242,-0.6482934355735779,-1.0,0.6242298483848572,0.7060665488243103,0.9629419445991516,-0.1100908294320106,0.1505704522132873,0.8494295477867126,0.0166734680533409,-1.0,-1.0,-1.0,-1.0,-1.0,-1.0,-1.0,1.0,0.0,0.0,0.0,1.0,0.0,0.0,0.0,1.0,0.0,0.0,0.0
20260320_140411_268302,1,133,1.850200057029724,0.1243490129709243,-0.1412175879726082,-15.19836788734092,0.0,0.2644644067133157,4.445391893386841,0.5756482405478351,0.0,0.0,0.02,0.1212175879726082,0.0,carpet,12345,2458047712,0,0,1,0,0,0,0.0733205452561378,-0.7242895364761353,-0.376055359840393,0.12155332416296,-0.5672062039375305,0.2148553878068924,-0.2465208619832992,-0.0033319473732262,0.1030320152640342,0.8969680666923523,0.2304773926734924,-1.0,-1.0,-1.0,-1.0,-1.0,-1.0,-1.0,1.0,0.0,0.0,0.0,1.0,0.0,0.0,0.0,1.0,0.0,0.0,0.0
20260320_140411_268302,1,134,1.8444478511810305,0.1261126399040222,-0.1571358650810471,-15.355503752421969,0.0,0.1542576317075514,-0.1763626933097839,0.2572826983790577,0.0,0.0,0.02,0.1371358650810471,0.0,carpet,12345,2458047712,0,0,1,0,0,0,-0.5435576438903809,-0.2683071494102478,-0.5917466282844543,-0.1996696442365646,0.9996061325073242,0.1136123687028884,-0.2986007928848266,-0.0541496276855468,0.1441897600889206,0.8558102250099182,0.0208510160446167,-1.0,-1.0,-1.0,-1.0,-1.0,-1.0,-1.0,1.0,0.0,0.0,0.0,1.0,0.0,0.0,0.0,1.0,0.0,0.0,0.0
20260320_140411_268302,1,135,1.8640596866607664,0.130317211151123,-0.1699999999999999,-15.525503752421969,0.0,0.0105789426031321,-0.420457124710083,-0.1003721771939893,0.0,0.0,0.02,0.15,0.0,carpet,12345,2458047712,0,0,1,0,0,0,0.754258394241333,-0.7519684433937073,0.2556225061416626,-0.4375303983688354,0.326317697763443,0.5509880185127258,0.0343045331537723,-0.0613399520516395,0.1425568908452987,0.8574431538581848,-0.0261129345744848,-1.0,-1.0,-1.0,-1.0,-1.0,-1.0,-1.0,1.0,0.0,0.0,0.0,1.0,0.0,0.0,0.0,1.0,0.0,0.0,0.0
20260320_140411_268302,1,136,1.827980875968933,0.123550996184349,-0.1699999999999999,-15.695503752421969,0.0,0.1770895811217059,0.6766214966773987,-0.3168377591896245,0.0,0.0,0.02,0.15,0.0,carpet,12345,2458047712,0,0,1,0,0,0,0.7582675814628601,0.0138033833354711,0.4343411326408386,-0.7468496561050415,0.050553910434246,-0.5431773066520691,-0.6128939986228943,-0.0368249900639057,0.1386640816926956,0.8613359928131104,0.0430566146969795,-1.0,-1.0,-1.0,-1.0,-1.0,-1.0,-1.0,1.0,0.0,0.0,0.0,1.0,0.0,0.0,0.0,1.0,0.0,0.0,0.0
20260320_140411_268302,1,137,1.868552327156067,0.1502602249383926,-0.1699999999999999,-15.865503752421969,0.0,-0.5349135330097994,-2.670922875404358,-1.0577010597086058,0.0,0.0,0.02,0.15,0.0,carpet,12345,2458047712,0,0,1,0,0,0,-0.6872586607933044,-0.0843917354941368,-0.907017469406128,0.513710081577301,0.2988105714321136,-0.1921030730009079,1.0,-0.0819236785173416,0.1449286043643951,0.855071485042572,-0.0719572007656097,-1.0,-1.0,-1.0,-1.0,-1.0,-1.0,-1.0,1.0,0.0,0.0,0.0,1.0,0.0,0.0,0.0,1.0,0.0,0.0,0.0
20260320_140411_268302,1,138,1.8307799100875848,0.1194679513573646,-0.147995064054788,-16.013498816476755,0.0,0.3686216897683323,3.0792273581027985,0.4400987189042382,0.0,0.0,0.02,0.127995064054788,0.0,carpet,12345,2458047712,0,0,1,0,0,0,-0.0623458065092563,-0.07167998701334,0.5952119827270508,-0.3663200438022613,-0.0446514412760734,-0.7213310599327087,0.4882385730743408,-0.0312091819941997,0.1201998069882392,0.8798002600669861,0.1753104776144027,-1.0,-1.0,-1.0,-1.0,-1.0,-1.0,-1.0,1.0,0.0,0.0,0.0,1.0,0.0,0.0,0.0,1.0,0.0,0.0,0.0
20260320_140411_268302,1,139,1.7397654056549072,0.1119545549154281,-0.1380032254717204,-16.151502041948476,0.0,0.4643011783746686,0.7513396441936493,0.6399354905655912,0.0,0.0,0.02,0.1180032254717204,0.0,carpet,12345,2458047712,0,0,1,0,0,0,0.6223347783088684,-0.0017998826224356,-0.0799828022718429,-0.5281838178634644,0.0119418734684586,-0.4444954693317413,-0.30880007147789,-0.078424833714962,0.1487088799476623,0.8512911200523376,0.0783204212784767,-1.0,-1.0,-1.0,-1.0,-1.0,-1.0,-1.0,1.0,0.0,0.0,0.0,1.0,0.0,0.0,0.0,1.0,0.0,0.0,0.0
20260320_140411_268302,1,140,1.7449851036071775,0.1109883487224578,-0.1270970551268352,-16.27859909707531,0.0,0.3723810386052548,0.0966206192970275,0.8580588974632946,0.0,0.0,0.02,0.1070970551268352,0.0,carpet,12345,2458047712,0,0,1,0,0,0,0.8018262386322021,-0.2579000294208526,0.9743216633796692,0.374533861875534,-0.2738114297389984,-0.0280341319739818,-0.1791146993637085,-0.1921928375959396,0.1556651890277862,0.8443348407745361,-0.1489520967006683,-1.0,-1.0,-1.0,-1.0,-1.0,-1.0,-1.0,1.0,0.0,0.0,0.0,1.0,0.0,0.0,0.0,1.0,0.0,0.0,0.0
20260320_140411_268302,1,141,1.749403953552246,0.111107513308525,-0.1138106690418784,-16.39240976611719,0.0,0.2763066643022682,-0.0119164586067199,1.1237866191624306,0.0,0.0,0.02,0.0938106690418784,0.0,carpet,12345,2458047712,0,0,1,0,0,0,-0.3563200235366821,-0.2215599417686462,0.638229250907898,-0.4190348386764526,-0.4224912822246551,-0.469485729932785,0.0560918860137462,-0.1856683790683746,0.1565597504377365,0.8434402346611023,-0.1325859576463699,-1.0,-1.0,-1.0,-1.0,-1.0,-1.0,-1.0,1.0,0.0,0.0,0.0,1.0,0.0,0.0,0.0,1.0,0.0,0.0,0.0
20260320_140411_268302,1,142,1.7420843839645386,0.1178593412041664,-0.1207434330561807,-16.51315319917337,0.0,0.0384343008356609,-0.6751827895641327,0.9851313388763856,0.0,0.0,0.02,0.1007434330561807,0.0,carpet,12345,2458047712,0,0,1,0,0,0,0.5592473149299622,0.1341301947832107,-0.8552201986312866,0.8060214519500732,1.0,-0.4217223823070526,-0.1748976111412048,-0.1801446974277496,0.1564494222402572,0.8435505628585815,-0.0868324786424636,-1.0,-1.0,-1.0,-1.0,-1.0,-1.0,-1.0,1.0,0.0,0.0,0.0,1.0,0.0,0.0,0.0,1.0,0.0,0.0,0.0
20260320_140411_268302,1,143,1.7702434062957764,0.0998765751719474,-0.070078012584079,-16.58323121175745,0.0,0.4783948764322332,1.7982766032218933,1.9984397483184184,0.0,0.0,0.02,0.050078012584079,0.0,carpet,12345,2458047712,0,0,1,0,0,0,-0.7102155685424805,-0.3376446366310119,-0.2152030020952224,0.3025711476802826,-0.1597601026296615,0.226911574602127,0.1815874129533767,-0.1892942488193512,0.150198221206665,0.849801778793335,-0.1440677046775818,-1.0,-1.0,-1.0,-1.0,-1.0,-1.0,-1.0,1.0,0.0,0.0,0.0,1.0,0.0,0.0,0.0,1.0,0.0,0.0,0.0
20260320_140411_268302,1,144,1.7834256887435913,0.1082631349563598,-0.0810524889368029,-16.664283700694252,0.0,0.1491321627138546,-0.8386559784412384,1.7789502212639403,0.0,0.0,0.02,0.0610524889368029,0.0,carpet,12345,2458047712,0,0,1,0,0,0,-0.4046724438667297,0.0739745199680328,-0.5450124144554138,-0.6670753955841064,-0.0958829671144485,-0.3803619146347046,0.6180460453033447,-0.1540954560041427,0.1668476015329361,0.8331524133682251,-0.0347149521112442,-1.0,-1.0,-1.0,-1.0,-1.0,-1.0,-1.0,1.0,0.0,0.0,0.0,1.0,0.0,0.0,0.0,1.0,0.0,0.0,0.0
20260320_140411_268302,1,145,1.7542872428894043,0.0979542508721351,-0.0857889866484858,-16.750072687342737,0.0,0.369571224141012,1.03088840842247,1.684220267030284,0.0,0.0,0.02,0.0657889866484858,0.0,carpet,12345,2458047712,0,0,1,0,0,0,-1.0,0.16109099984169,0.0901725068688392,0.095128022134304,-0.2592022716999054,-0.4344359934329986,0.0118396999314427,-0.1376174986362457,0.1590829044580459,0.8409171104431152,0.0445502921938896,-1.0,-1.0,-1.0,-1.0,-1.0,-1.0,-1.0,1.0,0.0,0.0,0.0,1.0,0.0,0.0,0.0,1.0,0.0,0.0,0.0
20260320_140411_268302,1,146,1.8017511367797847,0.1112013086676597,-0.1071079399178668,-16.857180627260604,0.0,-0.0539980267823665,-1.3247057795524595,1.2578412016426626,0.0,0.0,0.02,0.0871079399178668,0.0,carpet,12345,2458047712,0,0,1,0,0,0,-0.7128975987434387,-0.7068540453910828,0.8172956109046936,0.8190889954566956,0.0611331425607204,0.5072614550590515,0.6465986371040344,-0.174040600657463,0.1686273962259292,0.8313726186752319,-0.0625218898057937,-1.0,-1.0,-1.0,-1.0,-1.0,-1.0,-1.0,1.0,0.0,0.0,0.0,1.0,0.0,0.0,0.0,1.0,0.0,0.0,0.0
20260320_140411_268302,1,147,1.7968560457229614,0.1000325083732605,-0.1089871987693197,-16.966167826029924,0.0,0.2387214872732102,1.116880029439926,1.2202560246136045,0.0,0.0,0.02,0.0889871987693197,0.0,carpet,12345,2458047712,0,0,1,0,0,0,0.2042174786329269,0.281796783208847,0.5045928955078125,0.5682733654975891,0.6653760671615601,0.6492910385131836,0.262858510017395,-0.1147108078002929,0.1563625931739807,0.8436374664306641,0.0659007057547569,-1.0,-1.0,-1.0,-1.0,-1.0,-1.0,-1.0,1.0,0.0,0.0,0.0,1.0,0.0,0.0,0.0,1.0,0.0,0.0,0.0
20260320_140411_268302,1,148,1.8087153434753416,0.1189411133527755,-0.1255926142627505,-17.091760440292674,0.0,-0.293674009032955,-1.890860497951508,0.8881477147449885,0.0,0.0,0.02,0.1055926142627505,0.0,carpet,12345,2458047712,0,0,1,0,0,0,-0.1362810283899307,0.4254461526870727,0.7955719828605652,-0.2670526504516601,-0.7011317014694214,0.6573512554168701,0.3684728741645813,-0.1208295822143554,0.1667032390832901,0.8332967758178711,0.0153665179386734,-1.0,-1.0,-1.0,-1.0,-1.0,-1.0,-1.0,1.0,0.0,0.0,0.0,1.0,0.0,0.0,0.0,1.0,0.0,0.0,0.0
20260320_140411_268302,1,149,1.7999567985534668,0.1365962326526641,-0.1699999999999999,-17.261760440292676,0.0,-0.6616334892719493,-1.765511929988861,-0.251880650959194,0.0,0.0,0.02,0.15,0.0,carpet,12345,2458047712,0,0,1,0,0,0,0.0491460114717483,0.0234433934092521,0.8853529691696167,0.3700906932353973,0.7275370955467224,-0.9761770963668824,1.0,-0.1060054749250412,0.1491966694593429,0.8508033752441406,0.0595239102840423,-1.0,-1.0,-1.0,-1.0,-1.0,-1.0,-1.0,1.0,0.0,0.0,0.0,1.0,0.0,0.0,0.0,1.0,0.0,0.0,0.0
20260320_140411_268302,1,150,1.749349594116211,0.0949806720018386,-0.1628424457178181,-17.424602886010494,0.0,0.5441638993166862,4.16155606508255,0.1431510856436375,0.0,0.0,0.02,0.1428424457178181,0.0,carpet,12345,2458047712,0,0,1,0,0,0,-0.5338532328605652,-1.0,-0.7038326859474182,-0.2298060655593872,0.243509754538536,-0.3773602247238159,-0.224465325474739,-0.1169536560773849,0.1328506469726562,0.8671493530273438,0.1008122488856315,-1.0,-1.0,-1.0,-1.0,-1.0,-1.0,-1.0,1.0,0.0,0.0,0.0,1.0,0.0,0.0,0.0,1.0,0.0,0.0,0.0
20260320_140411_268302,1,151,1.7675983905792236,0.0868440493941307,-0.150744082440858,-17.575346968451353,0.0,0.6115384896802141,0.8136622607707977,0.3851183511828395,0.0,0.0,0.02,0.130744082440858,0.0,carpet,12345,2458047712,0,0,1,0,0,0,0.0737007856369018,0.9618152379989624,1.0,0.5414808392524719,0.1815569698810577,0.6490857601165771,0.037663958966732,-0.1802125871181488,0.1713805049657821,0.8286195397377014,-0.1268555521965026,-1.0,-1.0,-1.0,-1.0,-1.0,-1.0,-1.0,1.0,0.0,0.0,0.0,1.0,0.0,0.0,0.0,1.0,0.0,0.0,0.0
20260320_140411_268302,1,152,1.7864445447921753,0.0931153297424316,-0.1329505881741081,-17.70829755662546,0.0,0.3018718585526301,-0.6271280348300934,0.7409882365178362,0.0,0.0,0.02,0.1129505881741081,0.0,carpet,12345,2458047712,0,0,1,0,0,0,-0.1385240107774734,-0.5631237030029297,-0.1354507952928543,0.6105446815490723,1.0,-0.266010582447052,0.4226140975952148,-0.1574016511440277,0.1789137870073318,0.8210862278938293,-0.0817878171801567,-1.0,-1.0,-1.0,-1.0,-1.0,-1.0,-1.0,1.0,0.0,0.0,0.0,1.0,0.0,0.0,0.0,1.0,0.0,0.0,0.0
20260320_140411_268302,1,153,1.7980053424835205,0.1087147518992424,-0.1530657455380581,-17.861363302163518,0.0,-0.1635816600057893,-1.559942215681076,0.3386850892388366,0.0,0.0,0.02,0.1330657455380581,0.0,carpet,12345,2458047712,0,0,1,0,0,0,-0.3261361122131347,-0.1906398683786392,-0.0305049512535333,0.3941985368728637,-0.8755420446395874,1.0,-0.1541077643632888,-0.1338439881801605,0.1731075197458267,0.8268924951553345,-0.0020919393282383,-1.0,-1.0,-1.0,-1.0,-1.0,-1.0,-1.0,1.0,0.0,0.0,0.0,1.0,0.0,0.0,0.0,1.0,0.0,0.0,0.0
20260320_140411_268302,1,154,1.7201694250106812,0.1247834414243698,-0.1646022192430369,-18.025965521406555,0.0,-0.5244034831325308,-1.606868952512741,0.1079556151392608,0.0,0.0,0.02,0.1446022192430369,0.0,carpet,12345,2458047712,0,0,1,0,0,0,0.7485207915306091,-0.0110135925933718,0.9060179591178894,0.597633421421051,-0.6910640597343445,-0.2127151936292648,-0.8391566872596741,-0.1193929687142372,0.1586647629737854,0.8413352966308594,-0.028510944917798,-1.0,-1.0,-1.0,-1.0,-1.0,-1.0,-1.0,1.0,0.0,0.0,0.0,1.0,0.0,0.0,0.0,1.0,0.0,0.0,0.0
20260320_140411_268302,1,155,1.7854647636413574,0.1251474767923355,-0.1516407196068666,-18.17760624101342,0.0,-0.4024034965485441,-0.0364035367965698,0.3671856078626661,0.0,0.0,0.02,0.1316407196068666,0.0,carpet,12345,2458047712,0,0,1,0,0,0,-0.4026351869106293,0.4079996049404144,-0.8525917530059814,-0.7486308217048645,0.5041487216949463,-0.4969230592250824,1.0,-0.2166879624128341,0.1437875479459762,0.8562125563621521,-0.2481763213872909,-1.0,-1.0,-1.0,-1.0,-1.0,-1.0,-1.0,1.0,0.0,0.0,0.0,1.0,0.0,0.0,0.0,1.0,0.0,0.0,0.0
20260320_140411_268302,1,156,1.7489111423492432,0.0999353006482124,-0.1624238255131171,-18.340030066526538,0.0,0.3285017811916759,2.521217614412308,0.1515234897376558,0.0,0.0,0.02,0.1424238255131172,0.0,carpet,12345,2458047712,0,0,1,0,0,0,1.0,0.2809594273567199,0.5492241382598877,0.6542345285415649,0.8985939025878906,-0.5285389423370361,0.0399023331701755,-0.1350686997175216,0.1434504985809326,0.8565495610237122,0.1003111824393272,-1.0,-1.0,-1.0,-1.0,-1.0,-1.0,-1.0,1.0,0.0,0.0,0.0,1.0,0.0,0.0,0.0,1.0,0.0,0.0,0.0
20260320_140411_268302,1,157,1.7994011640548706,0.0889987051486969,-0.1670111888280463,-18.507041255354583,0.0,0.5197912233816311,1.0936595499515531,0.0597762234390728,0.0,0.0,0.02,0.1470111888280463,0.0,carpet,12345,2458047712,0,0,1,0,0,0,-0.1902606189250946,0.3225234746932983,0.1663786023855209,-0.365981787443161,0.4990742802619934,0.8078451156616211,0.1740970462560653,-0.180760771036148,0.1667932420969009,0.8332067728042603,-0.0873565077781677,-1.0,-1.0,-1.0,-1.0,-1.0,-1.0,-1.0,1.0,0.0,0.0,0.0,1.0,0.0,0.0,0.0,1.0,0.0,0.0,0.0
20260320_140411_268302,1,158,1.8088401556015008,0.1179810911417007,-0.1699999999999999,-18.677041255354585,0.0,-0.334716232288855,-2.8982385993003845,-0.5768118674024123,0.0,0.0,0.02,0.15,0.0,carpet,12345,2458047712,0,0,1,0,0,0,1.0,-0.5972666144371033,0.8657830357551575,0.7545245885848999,-0.5361693501472473,-0.1782943904399871,0.8136098980903625,-0.1176483184099197,0.1769188940525055,0.8230811357498169,0.0116986855864524,-1.0,-1.0,-1.0,-1.0,-1.0,-1.0,-1.0,1.0,0.0,0.0,0.0,1.0,0.0,0.0,0.0,1.0,0.0,0.0,0.0
20260320_140411_268302,1,159,1.7824817895889282,0.0992310941219329,-0.1699999999999999,-18.847041255354583,0.0,0.2177127512775456,1.874999701976776,-0.1955174561190773,0.0,0.0,0.02,0.15,0.0,carpet,12345,2458047712,0,0,1,0,0,0,-0.1094621643424034,-0.0451088100671768,-0.1119382083415985,-0.9470112919807434,-0.3156471848487854,0.7258366346359253,-0.6325562596321106,-0.1058494597673416,0.1500855088233947,0.84991455078125,0.1253768652677536,-1.0,-1.0,-1.0,-1.0,-1.0,-1.0,-1.0,1.0,0.0,0.0,0.0,1.0,0.0,0.0,0.0,1.0,0.0,0.0,0.0
20260320_140411_268302,1,160,1.821231722831726,0.1173875778913497,-0.1680870751881902,-19.015128330542776,0.0,-0.2906275307772574,-1.815648376941681,0.038258496236196,0.0,0.0,0.02,0.1480870751881902,0.0,carpet,12345,2458047712,0,0,1,0,0,0,-0.6509212255477905,0.2069816142320633,-0.0534697324037551,0.6525861024856567,-0.9152188301086426,0.7586013078689575,0.4145928621292114,-0.1387973725795745,0.1674452275037765,0.832554817199707,-0.0783580392599105,-1.0,-1.0,-1.0,-1.0,-1.0,-1.0,-1.0,1.0,0.0,0.0,0.0,1.0,0.0,0.0,0.0,1.0,0.0,0.0,0.0
20260320_140411_268302,1,161,1.786368489265442,0.0870553404092788,-0.120950135912322,-19.1360784664551,0.0,0.5403352889688193,3.0332237482070923,0.9809972817535596,0.0,0.0,0.02,0.100950135912322,0.0,carpet,12345,2458047712,0,0,1,0,0,0,-0.4207012951374054,0.8942938446998596,-0.2900160253047943,0.2604787647724151,0.2886151671409607,-0.6306105852127075,0.3984188139438629,-0.0903600677847862,0.1506350189447403,0.8493649959564209,0.1098019778728485,-1.0,-1.0,-1.0,-1.0,-1.0,-1.0,-1.0,1.0,0.0,0.0,0.0,1.0,0.0,0.0,0.0,1.0,0.0,0.0,0.0
20260320_140411_268302,1,162,1.7874373197555542,0.083103597164154,-0.1121729725791685,-19.24825143903427,0.0,0.5040450478547456,0.3951743245124817,1.1565405484166291,0.0,0.0,0.02,0.0921729725791685,0.0,carpet,12345,2458047712,0,0,1,0,0,0,0.7283587455749512,-0.0111355436965823,-1.0,0.8143388628959656,0.3726035952568054,0.5574092268943787,-0.0921891629695892,-0.1339389830827713,0.1787181794643402,0.8212818503379822,0.0405782833695411,-1.0,-1.0,-1.0,-1.0,-1.0,-1.0,-1.0,1.0,0.0,0.0,0.0,1.0,0.0,0.0,0.0,1.0,0.0,0.0,0.0
20260320_140411_268302,1,163,1.840850114822388,0.1036086902022361,-0.1448922107512996,-19.39314364978557,0.0,-0.1345935400609903,-2.0505093038082123,0.5021557849740077,0.0,0.0,0.02,0.1248922107512996,0.0,carpet,12345,2458047712,0,0,1,0,0,0,-0.4335663020610809,0.0689479857683181,0.3668272495269775,-0.6546840071678162,0.4412563741207123,0.4548547863960266,0.6635350584983826,-0.1326030790805816,0.1823769062757492,0.8176231980323792,-0.044077806174755,-1.0,-1.0,-1.0,-1.0,-1.0,-1.0,-1.0,1.0,0.0,0.0,0.0,1.0,0.0,0.0,0.0,1.0,0.0,0.0,0.0
20260320_140411_268302,1,164,1.8365490436553955,0.1044670194387435,-0.1342765684347786,-19.52742021822035,0.0,-0.1224033859584352,-0.0858329236507415,0.7144686313044275,0.0,0.0,0.02,0.1142765684347786,0.0,carpet,12345,2458047712,0,0,1,0,0,0,0.4931320548057556,0.1571206748485565,-0.5613043904304504,0.6270264983177185,-0.5556809902191162,0.2223604917526245,0.5678730010986328,-0.0658371001482009,0.1633922159671783,0.836607813835144,0.1668470650911331,-1.0,-1.0,-1.0,-1.0,-1.0,-1.0,-1.0,1.0,0.0,0.0,0.0,1.0,0.0,0.0,0.0,1.0,0.0,0.0,0.0
20260320_140411_268302,1,165,1.6476765871047974,0.1106662973761558,-0.1575014303938627,-19.68492164861421,0.0,-0.2467844879041365,-0.6199277937412262,0.2499713921227453,0.0,0.0,0.02,0.1375014303938627,0.0,carpet,12345,2458047712,0,0,1,0,0,0,0.570876955986023,0.2668357193470001,0.7222880125045776,-0.7175577282905579,-0.5859177708625793,-0.5195019841194153,-0.8339870572090149,-0.0712133422493934,0.1625975519418716,0.8374024629592896,0.1624108105897903,-1.0,-1.0,-1.0,-1.0,-1.0,-1.0,-1.0,1.0,0.0,0.0,0.0,1.0,0.0,0.0,0.0,1.0,0.0,0.0,0.0
20260320_140411_268302,1,166,1.655776023864746,0.1164010465145111,-0.1593936686527607,-19.84431531726697,0.0,-0.3284570943869767,-0.5734749138355255,0.2121418285130261,7.600784120855641e-06,0.0,0.02,0.1393929085743487,0.0,carpet,12345,2458047712,0,0,1,0,0,0,0.6834574937820435,0.2696962654590606,0.2401381134986877,0.228655993938446,0.7104373574256897,0.8152185082435608,-1.0,-0.3073039948940277,0.1568579226732254,0.8431420922279358,-0.2604173123836517,-1.0,-1.0,-1.0,-1.0,-1.0,-1.0,-1.0,1.0,0.0,0.0,0.0,1.0,0.0,0.0,0.0,1.0,0.0,0.0,0.0
20260320_140411_268302,1,167,1.6921859979629517,0.0789470896124839,-0.151956941949643,-19.996272259216617,0.0,0.6900061017604315,3.745395690202713,0.3618126413046383,0.0004757401487498,0.0,0.02,0.1319093679347681,0.0,carpet,12345,2458047712,0,0,1,0,0,0,0.620843768119812,-0.6966378688812256,-0.6312847137451172,0.0542906746268272,-0.7723115086555481,0.4966078102588653,-0.1099140867590904,-0.2971796095371246,0.1515484005212783,0.8484516739845276,-0.2999792397022247,-1.0,-1.0,-1.0,-1.0,-1.0,-1.0,-1.0,1.0,0.0,0.0,0.0,1.0,0.0,0.0,0.0,1.0,0.0,0.0,0.0
20260320_140411_268302,1,168,1.7899692058563232,0.1151416450738906,-0.1699999999999999,-20.16627225921662,0.0,-0.3873593102148334,-3.619455546140671,-0.5295917167649407,0.0,0.0,0.02,0.15,0.0,carpet,12345,2458047712,0,0,1,0,0,0,-0.0423332229256629,0.4247530996799469,1.0,-0.310093879699707,0.5369228720664978,0.5122630596160889,0.8263099193572998,-0.2516672015190124,0.1862252205610275,0.813774824142456,-0.090507686138153,-1.0,-1.0,-1.0,-1.0,-1.0,-1.0,-1.0,1.0,0.0,0.0,0.0,1.0,0.0,0.0,0.0,1.0,0.0,0.0,0.0
20260320_140411_268302,1,169,1.693836331367493,0.0895269364118576,-0.1700323247416793,-20.3363045839583,0.0,0.349848233889702,2.561470866203308,-0.0451499428142483,0.0003232474167932,0.0,0.02,0.15,0.0,carpet,12345,2458047712,0,0,1,0,0,0,0.7810158133506775,-0.3437910377979278,0.426464170217514,0.3033114969730377,0.7399327754974365,-0.492927223443985,-0.6156805157661438,-0.1294382065534591,0.1527144163846969,0.8472856283187866,0.1814427375793457,-1.0,-1.0,-1.0,-1.0,-1.0,-1.0,-1.0,1.0,0.0,0.0,0.0,1.0,0.0,0.0,0.0,1.0,0.0,0.0,0.0
20260320_140411_268302,1,170,1.74854838848114,0.0969534292817115,-0.1623144759263994,-20.4986190598847,0.0,0.0767238536709271,-0.7426492869853973,0.153977296815114,0.0001334076715512,0.0,0.02,0.1423011351592443,0.0,carpet,12345,2458047712,0,0,1,0,0,0,-0.6330969333648682,0.4645611941814422,-0.3457684814929962,-0.1574168056249618,0.131273478269577,-0.8257220983505249,0.9750714898109436,-0.2496042251586914,0.1764298379421234,0.8235702514648438,-0.2300672531127929,-1.0,-1.0,-1.0,-1.0,-1.0,-1.0,-1.0,1.0,0.0,0.0,0.0,1.0,0.0,0.0,0.0,1.0,0.0,0.0,0.0
20260320_140411_268302,1,171,1.613877296447754,0.1184201836585998,-0.1703425193600558,-20.668961579244755,0.0,-0.4791259691690044,-2.1466754376888275,-0.0783641844497538,0.0034251936005587,0.0,0.02,0.15,0.0,carpet,12345,2458047712,0,0,1,0,0,0,-0.8193286657333374,-0.2452250123023986,-0.8100795149803162,-0.0342421196401119,-0.1189324855804443,-0.6954199075698853,-0.5537747740745544,-0.1812141388654709,0.1695540100336074,0.8304460048675537,0.0680883675813674,-1.0,-1.0,-1.0,-1.0,-1.0,-1.0,-1.0,1.0,0.0,0.0,0.0,1.0,0.0,0.0,0.0,1.0,0.0,0.0,0.0
20260320_140411_268302,1,172,1.695534586906433,0.0872152373194694,-0.1368451439403988,-20.80580672318516,0.0,0.4207791816015032,3.12049463391304,0.6708720915387261,0.003887485173351,0.0,0.02,0.1164563954230636,0.0,carpet,12345,2458047712,0,0,1,0,0,0,-0.2891628742218017,0.5923320651054382,0.9935039281845092,0.8197530508041382,-0.2339546382427215,-0.0683669447898864,0.7405737042427063,-0.349553108215332,0.1496789753437042,0.8503210544586182,-0.2988626062870025,-1.0,-1.0,-1.0,-1.0,-1.0,-1.0,-1.0,1.0,0.0,0.0,0.0,1.0,0.0,0.0,0.0,1.0,0.0,0.0,0.0
20260320_140411_268302,1,173,1.6830919981002808,0.0832832902669906,-0.1507525994957845,-20.95655932268094,0.0,0.4138830625130936,0.393194705247879,0.3947490522913881,0.0049005211035398,0.0,0.02,0.1302625473854305,0.0,carpet,12345,2458047712,0,0,1,0,0,0,0.8444728851318359,-0.6564462780952454,-0.6408259272575378,-0.1456506699323654,0.2232939898967743,-0.5757068991661072,0.5066994428634644,-0.2474815398454666,0.1785701364278793,0.8214299082756042,0.0172239765524864,-1.0,-1.0,-1.0,-1.0,-1.0,-1.0,-1.0,1.0,0.0,0.0,0.0,1.0,0.0,0.0,0.0,1.0,0.0,0.0,0.0
20260320_140411_268302,1,174,1.676900029182434,0.0740734785795211,-0.104472065930969,-21.06103138861191,0.0,0.5406575890715573,0.9209811687469482,1.3227659515777788,0.0061036350985799,0.0,0.02,0.083861702421111,0.0,carpet,12345,2458047712,0,0,1,0,0,0,0.5855048894882202,-0.04830988869071,-0.5922377109527588,-0.7089659571647644,-0.8389190435409546,-0.5024513602256775,0.2993827760219574,-0.2630346417427063,0.1822105348110199,0.8177894949913025,-0.0309335589408874,-1.0,-1.0,-1.0,-1.0,-1.0,-1.0,-1.0,1.0,0.0,0.0,0.0,1.0,0.0,0.0,0.0,1.0,0.0,0.0,0.0
20260320_140411_268302,2,0,1.8767952919006348,0.3572445809841156,-0.02,-0.02,0.0,-0.7490091025829315,-2.996036410331726,0.0,0.0,0.0,0.02,0.0,0.0,carpet,12345,2458047843,0,0,2,0,0,0,-0.115973837673664,0.5102251172065735,0.3265013396739959,-0.5308944582939148,-0.4894075691699981,0.5388414859771729,-0.9313297867774964,0.0,-0.0,1.0,0.0,-1.0,-1.0,-1.0,-1.0,-1.0,-1.0,-1.0,1.0,0.0,0.0,0.0,1.0,0.0,0.0,0.0,1.0,0.0,0.0,0.0
20260320_140411_268302,2,1,1.873741149902344,0.3430012464523315,-0.02,-0.04,0.0,-0.2056734636425972,1.4243334531784058,0.0,0.0,0.0,0.02,0.0,0.0,carpet,12345,2458047843,0,0,2,0,0,0,0.9843959212303162,-0.7636060118675232,-0.3170386552810669,0.4138069450855255,0.1459171175956726,-0.950946033000946,0.1939928829669952,-0.0478464141488075,-0.0265774726867675,1.0,-0.1439125686883926,-1.0,-1.0,-1.0,-1.0,-1.0,-1.0,-1.0,1.0,0.0,0.0,0.0,1.0,0.0,0.0,0.0,1.0,0.0,0.0,0.0
20260320_140411_268302,2,2,1.7812440395355225,0.3845461308956146,-0.02,-0.06,0.0,-1.192877208814025,-4.154488444328308,0.0,0.0,0.0,0.02,0.0,0.0,carpet,12345,2458047843,0,0,2,0,0,0,-0.4092253744602203,-0.717166543006897,0.7600558996200562,-0.0425814911723136,0.8361085057258606,-0.8373396396636963,-0.7071881890296936,-0.0516641624271869,-0.0139424009248614,1.0,-0.0139035014435648,-1.0,-1.0,-1.0,-1.0,-1.0,-1.0,-1.0,1.0,0.0,0.0,0.0,1.0,0.0,0.0,0.0,1.0,0.0,0.0,0.0
20260320_140411_268302,2,3,2.00536847114563,0.4025710523128509,-0.02,-0.08,0.0,-1.345280942041427,-1.8024921417236328,0.0,0.0,0.0,0.02,0.0,0.0,carpet,12345,2458047843,0,0,2,0,0,0,-0.2833044528961181,-0.3840219676494598,0.2453014254570007,-0.3188561201095581,0.6813533902168274,0.81029212474823,0.9970160722732544,-0.167285531759262,-0.0507963486015796,1.0,-0.2578727900981903,-1.0,-1.0,-1.0,-1.0,-1.0,-1.0,-1.0,1.0,0.0,0.0,0.0,1.0,0.0,0.0,0.0,1.0,0.0,0.0,0.0
20260320_140411_268302,2,4,1.9943426847457888,0.3633164763450622,-0.02,-0.1,0.0,-0.0275963073363527,3.9254575967788696,0.0,0.0,0.0,0.02,0.0,0.0,carpet,12345,2458047843,0,0,2,0,0,0,-0.4080720543861389,0.7274023294448853,0.4597727358341217,-0.6125026941299438,0.301213651895523,0.1200339272618293,-0.0037689819000661,0.1128700226545333,-0.0667860507965087,1.0,0.3186173141002655,-1.0,-1.0,-1.0,-1.0,-1.0,-1.0,-1.0,1.0,0.0,0.0,0.0,1.0,0.0,0.0,0.0,1.0,0.0,0.0,0.0
20260320_140411_268302,2,5,1.979386806488037,0.3802644312381744,-0.1699999999999999,-0.27,0.0,-0.4443961028300691,-1.6947954893112185,-3.9648331272474016,0.0,0.0,0.02,0.15,0.0,carpet,12345,2458047843,0,0,2,0,0,0,-0.5215346813201904,0.6970841288566589,0.7015104293823242,0.6860706806182861,-0.6666060090065002,-1.0,0.95945805311203,0.0990877151489257,-0.0319637730717659,1.0,0.1549680233001709,-1.0,-1.0,-1.0,-1.0,-1.0,-1.0,-1.0,1.0,0.0,0.0,0.0,1.0,0.0,0.0,0.0,1.0,0.0,0.0,0.0
20260320_140411_268302,2,6,1.956973671913147,0.3281706571578979,-0.1699999999999999,-0.44,0.0,0.9690472748843604,5.209377408027649,-2.2467767497801105,0.0,0.0,0.02,0.15,0.0,carpet,12345,2458047843,0,0,2,0,0,0,0.0431473441421985,0.523931622505188,0.3952434957027435,0.9955011010169984,0.4353950321674347,0.2964312434196472,0.0656706541776657,0.080392837524414,-0.0469981133937835,1.0,0.2259592860937118,-1.0,-1.0,-1.0,-1.0,-1.0,-1.0,-1.0,1.0,0.0,0.0,0.0,1.0,0.0,0.0,0.0,1.0,0.0,0.0,0.0
20260320_140411_268302,2,7,1.94682252407074,0.331120878458023,-0.1699999999999999,-0.61,0.0,0.6530299236601422,-0.2950221300125122,-1.3880733624773711,0.0,0.0,0.02,0.15,0.0,carpet,12345,2458047843,0,0,2,0,0,0,0.2255032062530517,-0.4582663476467132,-0.460094153881073,-0.2063665241003036,0.9426729679107666,-0.7480530738830566,0.2189521491527557,0.0523765571415424,-0.0007863672217354,1.0,0.0381159782409668,-1.0,-1.0,-1.0,-1.0,-1.0,-1.0,-1.0,1.0,0.0,0.0,0.0,1.0,0.0,0.0,0.0,1.0,0.0,0.0,0.0
20260320_140411_268302,2,8,1.937763214111328,0.3308789730072021,-0.1549688037323858,-0.7649688037323858,0.0,0.4958200790156297,0.0241905450820922,0.3006239253522835,0.0,0.0,0.02,0.1349688037323858,0.0,carpet,12345,2458047843,0,0,2,0,0,0,-0.7248144745826721,-0.265074223279953,-0.7198373079299927,0.1326682716608047,-0.7078937292098999,0.5439251065254211,-0.7202720046043396,0.0396875366568565,-0.0034034627024084,1.0,0.0368432849645614,-1.0,-1.0,-1.0,-1.0,-1.0,-1.0,-1.0,1.0,0.0,0.0,0.0,1.0,0.0,0.0,0.0,1.0,0.0,0.0,0.0
20260320_140411_268302,2,9,1.957249402999878,0.3314247727394104,-0.0697937533324886,-0.8347625570648746,0.0,0.358220065956516,-0.0545799732208251,2.0041249333502265,0.0,0.0,0.02,0.0497937533324886,0.0,carpet,12345,2458047843,0,0,2,0,0,0,0.2894070744514465,-0.5637806057929993,-0.9985058307647704,0.7297065258026123,-0.4701136350631714,-0.5143908262252808,0.4551074504852295,0.0283634178340435,-0.0031888850498944,1.0,-0.0839966535568237,-1.0,-1.0,-1.0,-1.0,-1.0,-1.0,-1.0,1.0,0.0,0.0,0.0,1.0,0.0,0.0,0.0,1.0,0.0,0.0,0.0
20260320_140411_268302,2,10,1.9458694458007808,0.324681282043457,-0.0465513221223599,-0.8813138791872346,0.0,0.4372523168662212,0.6743490695953369,2.4689735575528005,0.0,0.0,0.02,0.0265513221223599,0.0,carpet,12345,2458047843,0,0,2,0,0,0,0.9143297672271729,-0.6744993925094604,0.5888312458992004,-0.4119793772697449,0.6778115630149841,-0.7028915286064148,0.2314983010292053,0.0527212135493755,-0.0036730638239532,1.0,0.0944373309612274,-1.0,-1.0,-1.0,-1.0,-1.0,-1.0,-1.0,1.0,0.0,0.0,0.0,1.0,0.0,0.0,0.0,1.0,0.0,0.0,0.0
20260320_140411_268302,2,11,1.9284791946411133,0.3101069927215576,-0.02,-0.9013138791872346,0.0,0.6922964706971584,1.4574289321899414,3.605666131080028,0.0,0.0,0.02,0.0,0.0,carpet,12345,2458047843,0,0,2,0,0,0,0.012684691697359,-0.7468245029449463,-0.3312782347202301,-0.5876767635345459,-0.9402280449867249,-0.3714545965194702,-0.2585751116275787,0.0384962074458599,0.0023090187460184,0.9976909160614014,0.0498842075467109,-1.0,-1.0,-1.0,-1.0,-1.0,-1.0,-1.0,1.0,0.0,0.0,0.0,1.0,0.0,0.0,0.0,1.0,0.0,0.0,0.0
20260320_140411_268302,2,12,1.9268336296081543,0.3267685770988464,-0.0330349200106849,-0.9343487991979196,0.0,0.1026827435906341,-1.6661584377288818,2.7393015997863017,0.0,0.0,0.02,0.0130349200106849,0.0,carpet,12345,2458047843,0,0,2,0,0,0,-0.5997548699378967,0.5135974287986755,-0.5839693546295166,-0.9273244142532348,0.2058285623788833,0.3840856254100799,-0.7990864515304565,0.0167583469301462,0.015237683430314,0.9847622513771056,-0.0310038588941097,-1.0,-1.0,-1.0,-1.0,-1.0,-1.0,-1.0,1.0,0.0,0.0,0.0,1.0,0.0,0.0,0.0,1.0,0.0,0.0,0.0
20260320_140411_268302,2,13,1.9544677734375,0.3265194594860077,-0.0615244162929944,-0.995873215490914,0.0,0.0832399980139513,0.0249117612838745,2.169511674140111,0.0,0.0,0.02,0.0415244162929944,0.0,carpet,12345,2458047843,0,0,2,0,0,0,0.9531729221343994,0.457193374633789,0.3339546918869018,-0.6980165839195251,0.2227561920881271,-0.7592099905014038,0.6713879704475403,0.0147014614194631,0.0004574113700073,0.9995425343513488,-0.0972610935568809,-1.0,-1.0,-1.0,-1.0,-1.0,-1.0,-1.0,1.0,0.0,0.0,0.0,1.0,0.0,0.0,0.0,1.0,0.0,0.0,0.0
20260320_140411_268302,2,14,1.923446536064148,0.3052114248275757,-0.0565588769952125,-1.0524320924861266,0.0,0.5951308649712672,2.1308034658432007,2.2688224600957483,0.0,0.0,0.02,0.0365588769952125,0.0,carpet,12345,2458047843,0,0,2,0,0,0,-0.8265393376350403,-0.0168156716972589,0.7596407532691956,-0.3417961597442627,0.4939667582511902,-0.4979833960533142,-0.0639012232422828,0.0492441169917583,0.0006783846765756,0.9993215799331664,0.1371533870697021,-1.0,-1.0,-1.0,-1.0,-1.0,-1.0,-1.0,1.0,0.0,0.0,0.0,1.0,0.0,0.0,0.0,1.0,0.0,0.0,0.0
20260320_140411_268302,2,15,1.9569493532180784,0.3146193027496338,-0.0639123202591886,-1.1163444127453153,0.0,0.2111512006769942,-0.9407877922058104,2.1217535948162265,0.0,0.0,0.02,0.0439123202591886,0.0,carpet,12345,2458047843,0,0,2,0,0,0,0.7414287328720093,-0.90846586227417,-0.2095164805650711,0.3612531721591949,-0.6681793928146362,0.2783118784427643,0.5057380795478821,0.010467529296875,0.0195804852992296,0.9804194569587708,-0.0083019183948636,-1.0,-1.0,-1.0,-1.0,-1.0,-1.0,-1.0,1.0,0.0,0.0,0.0,1.0,0.0,0.0,0.0,1.0,0.0,0.0,0.0
20260320_140411_268302,2,16,1.919170618057251,0.315742552280426,-0.0792608279906031,-1.1956052407359183,0.0,0.1302821622379326,-0.1123249530792236,1.814783440187938,0.0,0.0,0.02,0.0592608279906031,0.0,carpet,12345,2458047843,0,0,2,0,0,0,-0.2273143231868744,-0.1382161527872085,-0.4687471985816955,0.7294406890869141,0.9215071797370912,-0.9345210790634156,0.2430059313774109,0.0523460395634174,0.0112348850816488,0.9887650609016418,0.1293259114027023,-1.0,-1.0,-1.0,-1.0,-1.0,-1.0,-1.0,1.0,0.0,0.0,0.0,1.0,0.0,0.0,0.0,1.0,0.0,0.0,0.0
20260320_140411_268302,2,17,1.9253356456756592,0.2903930246829986,-0.0773031609447539,-1.2729084016806724,0.0,0.7314498116141408,2.534952759742737,1.8539367811049203,0.0,0.0,0.02,0.0573031609447539,0.0,carpet,12345,2458047843,0,0,2,0,0,0,0.1670311540365219,0.809775173664093,0.4033948481082916,-0.4403651356697082,0.2540806531906128,0.096182957291603,-0.0913159623742103,0.00512275705114,0.0102384584024548,0.9897615313529968,0.0243005752563476,-1.0,-1.0,-1.0,-1.0,-1.0,-1.0,-1.0,1.0,0.0,0.0,0.0,1.0,0.0,0.0,0.0,1.0,0.0,0.0,0.0
20260320_140411_268302,2,18,1.9862011671066284,0.3042689561843872,-0.0723528445654903,-1.3452612462461628,0.0,0.201689071175906,-1.387593150138855,1.9529431086901925,0.0,0.0,0.02,0.0523528445654903,0.0,carpet,12345,2458047843,0,0,2,0,0,0,-0.5689103603363037,-0.0379355363547802,-0.2909338176250458,0.0367482341825962,1.0,0.2787263095378876,0.3544729351997375,0.0128290178254246,0.0327257066965103,0.9672743082046508,-0.0065067843534052,-1.0,-1.0,-1.0,-1.0,-1.0,-1.0,-1.0,1.0,0.0,0.0,0.0,1.0,0.0,0.0,0.0,1.0,0.0,0.0,0.0
20260320_140411_268302,2,19,1.9722172021865845,0.3050414323806762,-0.0699170995424542,-1.4151783457886171,0.0,0.1319548984746745,-0.0772476196289062,2.0016580091509155,0.0,0.0,0.02,0.0499170995424542,0.0,carpet,12345,2458047843,0,0,2,0,0,0,0.4703883826732635,0.82612544298172,-0.5023061633110046,0.0905819460749626,-0.2809483706951141,0.7068297863006592,-0.3585005700588226,0.0889108628034591,0.0204165466129779,0.9795834422111512,0.1213560476899147,-1.0,-1.0,-1.0,-1.0,-1.0,-1.0,-1.0,1.0,0.0,0.0,0.0,1.0,0.0,0.0,0.0,1.0,0.0,0.0,0.0
20260320_140411_268302,2,20,2.041734457015991,0.3686453998088836,-0.1699999999999999,-1.585178345788617,0.0,-1.4911330118491577,-6.36039674282074,-0.0846058676695094,0.0,0.0,0.02,0.15,0.0,carpet,12345,2458047843,0,0,2,0,0,0,-0.1790742874145507,-0.7239869236946106,-0.1679388284683227,-0.6998447775840759,0.0218537859618663,0.8780688643455505,0.6554203033447266,0.071430966258049,0.0197312925010919,0.980268657207489,0.0292347501963377,-1.0,-1.0,-1.0,-1.0,-1.0,-1.0,-1.0,1.0,0.0,0.0,0.0,1.0,0.0,0.0,0.0,1.0,0.0,0.0,0.0
20260320_140411_268302,2,21,2.0078282356262207,0.3293894231319427,-0.1699999999999999,-1.755178345788617,0.0,-0.1369503419633559,3.925597667694092,-0.4327074103098596,0.0,0.0,0.02,0.15,0.0,carpet,12345,2458047843,0,0,2,0,0,0,-0.6750012040138245,-0.031901728361845,0.7681596875190735,-0.6020193099975586,-0.3219861090183258,-0.920927882194519,0.2005864381790161,0.1583274900913238,-0.0366910099983215,1.0,0.3053179085254669,-1.0,-1.0,-1.0,-1.0,-1.0,-1.0,-1.0,1.0,0.0,0.0,0.0,1.0,0.0,0.0,0.0,1.0,0.0,0.0,0.0
20260320_140411_268302,2,22,2.016808271408081,0.3514134287834167,-0.171847330284943,-1.92702567607356,0.0,-0.6533128977593634,-2.2024005651474,-1.2163024703071557,0.0,0.0369466056988605,0.02,0.15,0.0,carpet,12345,2458047843,0,0,2,0,0,0,0.0861609801650047,-0.5724557638168335,0.6608288884162903,-0.7083208560943604,-0.4915543794631958,0.4792057573795318,0.7522154450416565,0.1159446686506271,-0.0018675121245905,1.0,0.203875795006752,-1.0,-1.0,-1.0,-1.0,-1.0,-1.0,-1.0,1.0,0.0,0.0,0.0,1.0,0.0,0.0,0.0,1.0,0.0,0.0,0.0
20260320_140411_268302,2,23,1.8614835739135744,0.2912862002849579,-0.1699999999999999,-2.09702567607356,0.0,1.0131960391419454,6.012722849845886,-0.934556242779351,0.0,0.0,0.02,0.15,0.0,carpet,12345,2458047843,0,0,2,0,0,0,0.0113972518593072,0.1606335043907165,0.5828620195388794,0.3361656367778778,-0.7437807321548462,-0.8876103758811951,-0.4794109761714935,0.1271698027849197,-0.0214047338813543,1.0,0.2786991596221924,-1.0,-1.0,-1.0,-1.0,-1.0,-1.0,-1.0,1.0,0.0,0.0,0.0,1.0,0.0,0.0,0.0,1.0,0.0,0.0,0.0
20260320_140411_268302,2,24,1.8539353609085083,0.2900095880031585,-0.1699999999999999,-2.26702567607356,0.0,0.7918123364014491,0.1276612281799316,-0.344432977553808,0.0,0.0,0.02,0.15,0.0,carpet,12345,2458047843,0,0,2,0,0,0,0.6387755274772644,1.0,-0.5921114087104797,-0.4907698333263397,-0.3183748722076416,-0.3102857768535614,0.2422127723693847,-0.066986083984375,0.0319333858788013,0.9680665731430054,-0.1178592890501022,-1.0,-1.0,-1.0,-1.0,-1.0,-1.0,-1.0,1.0,0.0,0.0,0.0,1.0,0.0,0.0,0.0,1.0,0.0,0.0,0.0
20260320_140411_268302,2,25,1.8500306606292725,0.2915401458740234,-0.1660396285249515,-2.433065304598512,0.0,0.5555953055294509,-0.1530557870864868,0.0792074295009683,0.0,0.0,0.02,0.1460396285249516,0.0,carpet,12345,2458047843,0,0,2,0,0,0,-0.6541287302970886,0.1891447156667709,0.3124724924564361,-0.1196313723921775,-0.5796763896942139,0.2521231472492218,-0.2161962538957595,-0.076421357691288,0.0330658480525016,0.9669341444969176,-0.0390321053564548,-1.0,-1.0,-1.0,-1.0,-1.0,-1.0,-1.0,1.0,0.0,0.0,0.0,1.0,0.0,0.0,0.0,1.0,0.0,0.0,0.0
20260320_140411_268302,2,26,1.7752068042755127,0.3389661610126495,-0.129930672898421,-2.5629959774969326,0.0,-0.7689538993185465,-4.74260151386261,0.8013865420315796,0.0,0.0,0.02,0.109930672898421,0.0,carpet,12345,2458047843,0,0,2,0,0,0,-0.3956004083156585,-0.5759979486465454,-0.5771592855453491,0.72093665599823,-0.6771491169929504,-0.786276638507843,-0.7209880948066711,-0.0813022628426551,0.031708113849163,0.9682918787002563,-0.0987358316779136,-1.0,-1.0,-1.0,-1.0,-1.0,-1.0,-1.0,1.0,0.0,0.0,0.0,1.0,0.0,0.0,0.0,1.0,0.0,0.0,0.0
20260320_140411_268302,2,27,1.8161770105361936,0.2831908166408539,-0.0821997465599548,-2.6451957240568875,0.0,0.8176681848059673,5.577534437179565,1.7560050688009028,0.0,0.0,0.02,0.0621997465599548,0.0,carpet,12345,2458047843,0,0,2,0,0,0,-0.5763445496559143,1.0,0.4791601598262787,0.1225009113550186,0.9106578230857848,0.7527930736541748,-0.3298855423927307,-0.1748321503400802,-0.0103629380464553,1.0,-0.2782089412212372,-1.0,-1.0,-1.0,-1.0,-1.0,-1.0,-1.0,1.0,0.0,0.0,0.0,1.0,0.0,0.0,0.0,1.0,0.0,0.0,0.0
20260320_140411_268302,2,28,1.9503289461135864,0.3127623796463012,-0.0558359984985717,-2.7010317225554594,0.0,-0.1260379365317021,-2.9571563005447388,2.283280030028564,0.0,0.0,0.02,0.0358359984985717,0.0,carpet,12345,2458047843,0,0,2,0,0,0,-0.8141016960144043,0.2725269794464111,0.7833657264709473,-0.2589541971683502,0.7530357837677002,0.8318389654159546,1.0,-0.1236192733049392,0.0391146950423717,0.9608852863311768,-0.1834934502840042,-1.0,-1.0,-1.0,-1.0,-1.0,-1.0,-1.0,1.0,0.0,0.0,0.0,1.0,0.0,0.0,0.0,1.0,0.0,0.0,0.0
20260320_140411_268302,2,29,1.8374197483062744,0.3143028020858764,-0.1131477511250769,-2.8141794736805363,0.0,-0.1330390133881565,-0.1540422439575195,1.137044977498462,0.0,0.0,0.02,0.0931477511250769,0.0,carpet,12345,2458047843,0,0,2,0,0,0,-0.5038158297538757,0.8712159991264343,0.6731157898902893,-0.1626333743333816,0.958702266216278,-0.6416358351707458,-0.6280061602592468,0.0440706238150596,0.0128821348771452,0.9871178269386292,0.2147415280342102,-1.0,-1.0,-1.0,-1.0,-1.0,-1.0,-1.0,1.0,0.0,0.0,0.0,1.0,0.0,0.0,0.0,1.0,0.0,0.0,0.0
20260320_140411_268302,2,30,1.8902802467346191,0.2757275998592376,-0.1095083281639067,-2.923687801844443,0.0,0.8646007956248525,3.85752022266388,1.2098334367218655,0.0,0.0,0.02,0.0895083281639067,0.0,carpet,12345,2458047843,0,0,2,0,0,0,-0.4802742004394531,0.2442177832126617,-0.0714135766029357,-0.809607207775116,-0.6521775722503662,-0.1678879261016845,0.313804030418396,-0.0970659255981445,0.0115156369283795,0.9884843230247498,-0.2176823019981384,-1.0,-1.0,-1.0,-1.0,-1.0,-1.0,-1.0,1.0,0.0,0.0,0.0,1.0,0.0,0.0,0.0,1.0,0.0,0.0,0.0
20260320_140411_268302,2,31,1.8733609914779663,0.2919158339500427,-0.1251008562179532,-3.048788658062396,0.0,0.2437447444485201,-1.6188234090805054,0.8979828756409347,0.0,0.0,0.02,0.1051008562179532,0.0,carpet,12345,2458047843,0,0,2,0,0,0,-0.3451054096221924,-0.1922374665737152,0.7248068451881409,0.3850502967834472,-0.451727420091629,0.9196010828018188,-0.5761489868164062,-0.0309902187436819,0.0457352325320243,0.954264760017395,0.0444539189338684,-1.0,-1.0,-1.0,-1.0,-1.0,-1.0,-1.0,1.0,0.0,0.0,0.0,1.0,0.0,0.0,0.0,1.0,0.0,0.0,0.0
20260320_140411_268302,2,32,1.90427827835083,0.2676230370998382,-0.0471467372724515,-3.095935395334848,0.0,0.7901284795914876,2.4292796850204468,2.457065254550969,0.0,0.0,0.02,0.0271467372724515,0.0,carpet,12345,2458047843,0,0,2,0,0,0,0.9372066259384156,-0.4574409127235412,0.206617996096611,-0.3089356124401092,1.0,0.1753164678812027,0.1076792627573013,-0.0521392822265625,0.031374841928482,0.9686251282691956,-0.10169567912817,-1.0,-1.0,-1.0,-1.0,-1.0,-1.0,-1.0,1.0,0.0,0.0,0.0,1.0,0.0,0.0,0.0,1.0,0.0,0.0,0.0
20260320_140411_268302,2,33,1.89989984035492,0.2673077881336212,-0.0580062673202971,-3.153941662655145,0.0,0.6004775838490559,0.0315248966217041,2.239874653594057,0.0,0.0,0.02,0.0380062673202971,0.0,carpet,12345,2458047843,0,0,2,0,0,0,-0.6344455480575562,-0.0363826006650924,-0.2193423211574554,0.0160137210041284,-0.0906916111707687,0.5766416192054749,-0.2747049331665039,-0.0134927751496434,0.0529246814548969,0.9470753073692322,0.0244800876826047,-1.0,-1.0,-1.0,-1.0,-1.0,-1.0,-1.0,1.0,0.0,0.0,0.0,1.0,0.0,0.0,0.0,1.0,0.0,0.0,0.0
20260320_140411_268302,2,34,1.880725979804993,0.2651365995407104,-0.0264724753582339,-3.1804141380133792,0.0,0.5046379027095611,0.2171188592910766,2.8705504928353207,0.0,0.0,0.02,0.0064724753582339,0.0,carpet,12345,2458047843,0,0,2,0,0,0,0.3270002603530884,1.0,0.7330438494682312,0.386313647031784,-0.5897929668426514,-0.440198004245758,-0.2589385509490967,-0.018965721130371,0.0532043315470218,0.946795642375946,-0.0194747187197208,-1.0,-1.0,-1.0,-1.0,-1.0,-1.0,-1.0,1.0,0.0,0.0,0.0,1.0,0.0,0.0,0.0,1.0,0.0,0.0,0.0
20260320_140411_268302,2,35,1.821582555770874,0.2888560891151428,-0.0305459653052591,-3.2109601033186386,0.0,-0.2145088123286598,-2.3719489574432373,2.7890806938948174,0.0,0.0,0.02,0.0105459653052591,0.0,carpet,12345,2458047843,0,0,2,0,0,0,0.0409720838069915,0.8163487911224365,-0.9421115517616272,-0.3233868777751922,-0.2421193122863769,-1.0,-0.8792020678520203,-0.0429330840706825,0.0551303699612617,0.944869577884674,-0.0406356565654277,-1.0,-1.0,-1.0,-1.0,-1.0,-1.0,-1.0,1.0,0.0,0.0,0.0,1.0,0.0,0.0,0.0,1.0,0.0,0.0,0.0
20260320_140411_268302,2,36,1.842958688735962,0.273867130279541,-0.0630838870043231,-3.2740439903229617,0.0,0.2138423616435716,1.4988958835601809,2.1383222599135365,0.0,0.0,0.02,0.0430838870043231,0.0,carpet,12345,2458047843,0,0,2,0,0,0,-0.2297242432832718,1.0,0.0219648759812116,0.1357045322656631,0.158664271235466,0.3591819405555725,-0.4223473668098449,-0.1168624907732009,0.0340891107916832,0.9659108519554138,-0.2111690044403076,-1.0,-1.0,-1.0,-1.0,-1.0,-1.0,-1.0,1.0,0.0,0.0,0.0,1.0,0.0,0.0,0.0,1.0,0.0,0.0,0.0
20260320_140411_268302,2,37,1.8458993434906008,0.2699981033802032,-0.0624157520409437,-3.336459742363905,0.0,0.2571074437161087,0.3869026899337768,2.151684959181125,0.0,0.0,0.02,0.0424157520409437,0.0,carpet,12345,2458047843,0,0,2,0,0,0,0.2507017850875854,-0.7816864252090454,-0.4096292555332184,-0.5989822745323181,-0.0402443446218967,0.1683727651834488,-0.3496789932250976,-0.0901422500610351,0.0473856292665004,0.9526143074035645,-0.1326399147510528,-1.0,-1.0,-1.0,-1.0,-1.0,-1.0,-1.0,1.0,0.0,0.0,0.0,1.0,0.0,0.0,0.0,1.0,0.0,0.0,0.0
20260320_140411_268302,2,38,1.892133831977844,0.274363100528717,-0.0977368933168055,-3.434196635680711,0.0,0.0837056540742509,-0.4364997148513794,1.4452621336638884,0.0,0.0,0.02,0.0777368933168055,0.0,carpet,12345,2458047843,0,0,2,0,0,0,-0.6682021021842957,0.5988612771034241,-0.6215237975120544,-0.8274139165878296,0.7583943009376526,0.9061546325683594,0.0649026855826377,-0.086466409265995,0.0508177876472473,0.949182152748108,-0.1145946457982063,-1.0,-1.0,-1.0,-1.0,-1.0,-1.0,-1.0,1.0,0.0,0.0,0.0,1.0,0.0,0.0,0.0,1.0,0.0,0.0,0.0
20260320_140411_268302,2,39,1.8808656930923464,0.2733888328075409,-0.1234039758300039,-3.557600611510716,0.0,0.0871359335850883,0.0974267721176147,0.9319204833999208,0.0,0.0,0.02,0.1034039758300039,0.0,carpet,12345,2458047843,0,0,2,0,0,0,-0.3428425788879394,-0.746242105960846,-0.9552282691001892,0.1841005831956863,0.1578809171915054,-0.8116235733032227,0.2982726991176605,-0.0286733619868755,0.0469456613063812,0.9530543088912964,0.0148726301267743,-1.0,-1.0,-1.0,-1.0,-1.0,-1.0,-1.0,1.0,0.0,0.0,0.0,1.0,0.0,0.0,0.0,1.0,0.0,0.0,0.0
20260320_140411_268302,2,40,1.8657951354980469,0.2700617015361786,-0.1412093593668384,-3.6988099708775537,0.0,0.1485302319728703,0.3327131271362304,0.57581281266323,0.0,0.0,0.02,0.1212093593668384,0.0,carpet,12345,2458047843,0,0,2,0,0,0,-0.7109209895133972,0.9781133532524108,-0.3277288973331451,-0.9779078364372252,-0.6698858141899109,-0.8590638637542725,0.1738365590572357,-0.0427585616707801,0.0478099286556243,0.9521900415420532,0.038506906479597,-1.0,-1.0,-1.0,-1.0,-1.0,-1.0,-1.0,1.0,0.0,0.0,0.0,1.0,0.0,0.0,0.0,1.0,0.0,0.0,0.0
20260320_140411_268302,2,41,1.8725838661193848,0.2849561274051666,-0.1435320673876579,-3.842342038265212,0.0,-0.2609629727450482,-1.4894425868988037,0.5293586522468416,0.0,0.0,0.02,0.1235320673876579,0.0,carpet,12345,2458047843,0,0,2,0,0,0,-0.4265415072441101,0.1805533170700073,0.9793423414230348,-0.6597387790679932,0.8669282793998718,-0.928299069404602,0.5841666460037231,-0.061596680432558,0.0507613755762577,0.9492385983467102,0.0161988120526075,-1.0,-1.0,-1.0,-1.0,-1.0,-1.0,-1.0,1.0,0.0,0.0,0.0,1.0,0.0,0.0,0.0,1.0,0.0,0.0,0.0
20260320_140411_268302,2,42,1.8705071210861208,0.2708543539047241,-0.1463830800722232,-3.988725118337435,0.0,0.1568221079522658,1.4101773500442505,0.4723383985555358,0.0,0.0,0.02,0.1263830800722232,0.0,carpet,12345,2458047843,0,0,2,0,0,0,0.0116792907938361,0.1957377195358276,-0.47591033577919,0.4775702953338623,-0.3015774190425873,-0.5516204833984375,0.5410627722740173,-0.05311069637537,0.0375487133860588,0.9624512791633606,0.0537014864385128,-1.0,-1.0,-1.0,-1.0,-1.0,-1.0,-1.0,1.0,0.0,0.0,0.0,1.0,0.0,0.0,0.0,1.0,0.0,0.0,0.0
20260320_140411_268302,2,43,1.861592531204224,0.25940802693367,-0.1390497144960005,-4.127774832833436,0.0,0.4037747552405619,1.1446326971054075,0.6190057100799891,0.0,0.0,0.02,0.1190497144960005,0.0,carpet,12345,2458047843,0,0,2,0,0,0,-0.1933819949626922,0.9081689715385436,-0.0066491956822574,-0.2222337871789932,-0.5580090284347534,0.2832440733909607,-0.0108491405844688,-0.055706787854433,0.0500582195818424,0.9499417543411256,0.0551381446421146,-1.0,-1.0,-1.0,-1.0,-1.0,-1.0,-1.0,1.0,0.0,0.0,0.0,1.0,0.0,0.0,0.0,1.0,0.0,0.0,0.0
20260320_140411_268302,2,44,1.7576463222503662,0.3373865783214569,-0.1699999999999999,-4.297774832833436,0.0,-1.646632718264243,-7.7978551387786865,-1.111332662258505,0.0,0.0,0.02,0.15,0.0,carpet,12345,2458047843,0,0,2,0,0,0,-0.314830482006073,-0.8562421798706055,0.5743238925933838,-0.9079787731170654,0.4086812138557434,-0.6781456470489502,-0.9835576415061952,-0.0668499022722244,0.0602121129631996,0.9397878646850586,-0.0241298098117113,-1.0,-1.0,-1.0,-1.0,-1.0,-1.0,-1.0,1.0,0.0,0.0,0.0,1.0,0.0,0.0,0.0,1.0,0.0,0.0,0.0
20260320_140411_268302,2,45,1.7563928365707395,0.3204770386219024,-0.1702402238205801,-4.468015056654016,0.0,-0.8122360462093354,1.6909539699554443,-2.0107046420529286,0.0,0.0048044764116026,0.02,0.15,0.0,carpet,12345,2458047843,0,0,2,0,0,0,0.2121222764253616,0.8686828017234802,0.6442310214042664,0.2195165753364563,-0.1380785703659057,-0.2861084640026092,-0.7446268796920776,-0.1967826783657074,-0.008961702696979,1.0,-0.338192880153656,-1.0,-1.0,-1.0,-1.0,-1.0,-1.0,-1.0,1.0,0.0,0.0,0.0,1.0,0.0,0.0,0.0,1.0,0.0,0.0,0.0
20260320_140411_268302,2,46,1.754792332649231,0.3290210962295532,-0.1728703782453388,-4.640885434899355,0.0,-0.8227784748482634,-0.8544057607650757,-2.9820133488740623,0.0,0.0574075649067764,0.02,0.15,0.0,carpet,12345,2458047843,0,0,2,0,0,0,-0.532357931137085,0.4997312426567077,-0.7554852962493896,0.0369147956371307,0.692328155040741,-0.6534395813941956,-0.7956256866455078,-0.1983495652675628,0.0060385609976947,0.9939613938331604,-0.3190483748912811,-1.0,-1.0,-1.0,-1.0,-1.0,-1.0,-1.0,1.0,0.0,0.0,0.0,1.0,0.0,0.0,0.0,1.0,0.0,0.0,0.0
20260320_140411_268302,2,47,1.8226810693740845,0.2753886580467224,-0.1699999999999999,-4.810885434899355,0.0,0.7237270984345798,5.363243818283081,-1.9973232776944343,0.0,0.0,0.02,0.15,0.0,carpet,12345,2458047843,0,0,2,0,0,0,-0.8319780826568604,-0.7127631306648254,-0.8171839118003845,-0.2126960307359695,-0.1335088610649109,-0.631183922290802,0.7359616756439209,-0.2003501951694488,-0.0015407897299155,1.0,-0.3242144882678985,-1.0,-1.0,-1.0,-1.0,-1.0,-1.0,-1.0,1.0,0.0,0.0,0.0,1.0,0.0,0.0,0.0,1.0,0.0,0.0,0.0
20260320_140411_268302,2,48,1.7960315942764282,0.2607889771461487,-0.1702056841224551,-4.9810911190218095,0.0,0.907787346340271,1.459968090057373,-1.246358039306429,0.0,0.004113682449103,0.02,0.15,0.0,carpet,12345,2458047843,0,0,2,0,0,0,0.8398635983467102,-0.1648256033658981,0.659479558467865,0.1515603065490722,1.0,1.0,-0.4941182732582092,-0.1154891997575759,0.0460358969867229,0.9539640545845032,0.0327034965157508,-1.0,-1.0,-1.0,-1.0,-1.0,-1.0,-1.0,1.0,0.0,0.0,0.0,1.0,0.0,0.0,0.0,1.0,0.0,0.0,0.0
20260320_140411_268302,2,49,1.7879081964492798,0.2607980668544769,-0.1705513702225622,-5.151642489244372,0.0,0.6806132670469935,-0.0009089708328247,-0.9695195274999976,0.0,0.0110274044512449,0.02,0.15,0.0,carpet,12345,2458047843,0,0,2,0,0,0,-0.0307938270270824,-0.908260941505432,-0.9747189283370972,-0.0207361709326505,-1.0,-0.3830378353595733,-0.5151445865631104,-0.1488010436296463,0.0589870996773242,0.9410128593444824,-0.1705253720283508,-1.0,-1.0,-1.0,-1.0,-1.0,-1.0,-1.0,1.0,0.0,0.0,0.0,1.0,0.0,0.0,0.0,1.0,0.0,0.0,0.0
20260320_140411_268302,2,50,1.872029423713684,0.2658779323101043,-0.1169711747670594,-5.268613664011431,0.0,0.3834633138945662,-0.5079865455627441,1.0605765046588118,0.0,0.0,0.02,0.0969711747670594,0.0,carpet,12345,2458047843,0,0,2,0,0,0,0.5739118456840515,-0.2506883442401886,0.4646483659744262,-0.5587834715843201,0.9390357732772828,0.0322860069572925,0.6142591834068298,-0.158955380320549,0.0589790306985378,0.9410209059715272,-0.16624516248703,-1.0,-1.0,-1.0,-1.0,-1.0,-1.0,-1.0,1.0,0.0,0.0,0.0,1.0,0.0,0.0,0.0,1.0,0.0,0.0,0.0
20260320_140411_268302,2,51,1.7658017873764038,0.2829198837280273,-0.0832819374579504,-5.351895601469382,0.0,-0.1384513000271567,-1.7041951417922974,1.7343612508409905,0.0,0.0,0.02,0.0632819374579504,0.0,carpet,12345,2458047843,0,0,2,0,0,0,-0.2304514944553375,0.820607602596283,-0.5573924779891968,0.0149508072063326,-0.523269772529602,-0.0829244628548622,-0.8780953288078308,-0.0538038238883018,0.0544727481901645,0.945527195930481,0.0922398194670677,-1.0,-1.0,-1.0,-1.0,-1.0,-1.0,-1.0,1.0,0.0,0.0,0.0,1.0,0.0,0.0,0.0,1.0,0.0,0.0,0.0
20260320_140411_268302,2,52,1.8482191562652588,0.2485842108726501,-0.02,-5.371895601469381,0.0,0.7545533463640623,3.43356728553772,3.311693072053316,0.0,0.0,0.02,0.0,0.0,carpet,12345,2458047843,0,0,2,0,0,0,0.4154120087623596,0.0377047583460807,0.7703861594200134,0.7758732438087463,0.5972004532814026,-0.0419613532721996,0.4327216744422912,-0.1865882873535156,0.0393550433218479,0.9606449604034424,-0.2460827380418777,-1.0,-1.0,-1.0,-1.0,-1.0,-1.0,-1.0,1.0,0.0,0.0,0.0,1.0,0.0,0.0,0.0,1.0,0.0,0.0,0.0
20260320_140411_268302,2,53,1.8097847700119016,0.2491615116596222,-0.02,-5.391895601469381,0.0,0.5514824900987492,-0.0577300786972045,3.139448463717485,0.0,0.0,0.02,0.0,0.0,carpet,12345,2458047843,0,0,2,0,0,0,0.0549162812530994,-0.5280855894088745,-0.7717652916908264,-0.6360092163085938,-0.2470879256725311,-0.2807011306285858,-0.4439052045345306,-0.083566665649414,0.0698137953877449,0.9301861524581908,0.0189527086913585,-1.0,-1.0,-1.0,-1.0,-1.0,-1.0,-1.0,1.0,0.0,0.0,0.0,1.0,0.0,0.0,0.0,1.0,0.0,0.0,0.0
20260320_140411_268302,2,54,1.852146983146668,0.2527349293231964,-0.0422031228319032,-5.434098724301284,0.0,0.3242764259847206,-0.3573417663574219,2.555937543361935,0.0,0.0,0.02,0.0222031228319032,0.0,carpet,12345,2458047843,0,0,2,0,0,0,0.7576674818992615,-0.5511199831962585,0.6488292217254639,-0.2293232828378677,-0.1099015176296234,0.8839747905731201,0.1268629282712936,-0.1316097229719162,0.0693016797304153,0.9306982755661012,-0.1223976016044616,-1.0,-1.0,-1.0,-1.0,-1.0,-1.0,-1.0,1.0,0.0,0.0,0.0,1.0,0.0,0.0,0.0,1.0,0.0,0.0,0.0
20260320_140411_268302,2,55,1.8647009134292605,0.2581499516963959,-0.0708421981763263,-5.50494092247761,0.0,0.1078317601585325,-0.5415022373199463,1.9831560364734744,0.0,0.0,0.02,0.0508421981763262,0.0,carpet,12345,2458047843,0,0,2,0,0,0,1.0,0.6464476585388184,-0.6548892855644226,-0.7746472358703613,0.3154129385948181,0.7311472296714783,0.1534021347761154,-0.0786569565534591,0.0661317482590675,0.9338682293891908,0.0196196530014276,-1.0,-1.0,-1.0,-1.0,-1.0,-1.0,-1.0,1.0,0.0,0.0,0.0,1.0,0.0,0.0,0.0,1.0,0.0,0.0,0.0
20260320_140411_268302,2,56,1.857535481452942,0.2603268921375274,-0.0886928484165235,-5.593633770894134,0.0,0.0264503090906202,-0.2176940441131591,1.6261430316695282,0.0,0.0,0.02,0.0686928484165235,0.0,carpet,12345,2458047843,0,0,2,0,0,0,0.8509041666984558,-0.7418659925460815,0.8422559499740601,-0.6454939246177673,0.6822519898414612,0.8797017931938171,-0.20534348487854,-0.0629644393920898,0.0613281466066837,0.9386718273162842,0.037645436823368,-1.0,-1.0,-1.0,-1.0,-1.0,-1.0,-1.0,1.0,0.0,0.0,0.0,1.0,0.0,0.0,0.0,1.0,0.0,0.0,0.0
20260320_140411_268302,2,57,1.8761961460113523,0.256673127412796,-0.0762111909183535,-5.669844961812488,0.0,0.1111818499362442,0.3653764724731445,1.8757761816329293,0.0,0.0,0.02,0.0562111909183535,0.0,carpet,12345,2458047843,0,0,2,0,0,0,0.3464405238628387,0.8106608390808105,0.2721437215805053,-0.5269549489021301,0.4515376687049866,0.1434058248996734,0.4269411265850067,-0.0719211548566818,0.0593970008194446,0.940602958202362,-0.0080122146755456,-1.0,-1.0,-1.0,-1.0,-1.0,-1.0,-1.0,1.0,0.0,0.0,0.0,1.0,0.0,0.0,0.0,1.0,0.0,0.0,0.0
20260320_140411_268302,2,58,1.7212740182876587,0.3193358480930328,-0.1699999999999999,-5.839844961812488,0.0,-1.4831816295537408,-6.266272068023682,-0.3619587942848739,0.0,0.0,0.02,0.15,0.0,carpet,12345,2458047843,0,0,2,0,0,0,0.7621281147003174,0.9767847657203674,-0.9614990949630736,0.8127484917640686,-0.6145975589752197,-0.4375552535057068,-1.0,-0.0485954284667968,0.0626382157206535,0.937361776828766,0.1045142710208892,-1.0,-1.0,-1.0,-1.0,-1.0,-1.0,-1.0,1.0,0.0,0.0,0.0,1.0,0.0,0.0,0.0,1.0,0.0,0.0,0.0
20260320_140411_268302,2,59,1.709679365158081,0.307504653930664,-0.1699999999999999,-6.009844961812488,0.0,-0.8166063681060791,1.1831194162368774,-1.7300476524897022,0.0,0.0,0.02,0.15,0.0,carpet,12345,2458047843,0,0,2,0,0,0,0.4208362996578216,-0.3545270562171936,0.6895654201507568,0.5580739378929138,-0.4761680066585541,-0.1810543537139892,-0.5103974342346191,-0.2422481477260589,0.0070508928038179,0.9929490685462952,-0.3390723168849945,-1.0,-1.0,-1.0,-1.0,-1.0,-1.0,-1.0,1.0,0.0,0.0,0.0,1.0,0.0,0.0,0.0,1.0,0.0,0.0,0.0
20260320_140411_268302,2,60,1.739870548248291,0.2790811657905578,-0.1699999999999999,-6.179844961812488,0.0,0.0981324274231099,2.84234881401062,-1.9561916510513129,0.0,0.0,0.02,0.15,0.0,carpet,12345,2458047843,0,0,2,0,0,0,0.1485074162483215,-0.1924948245286941,-1.0,-0.8384783267974854,-0.2419886142015457,-0.6290290355682373,0.5641433000564575,-0.2567413449287414,0.0175461936742067,0.9824537634849548,-0.2950350344181061,-1.0,-1.0,-1.0,-1.0,-1.0,-1.0,-1.0,1.0,0.0,0.0,0.0,1.0,0.0,0.0,0.0,1.0,0.0,0.0,0.0
20260320_140411_268302,2,61,1.757551670074463,0.2665024995803833,-0.1699999999999999,-6.349844961812488,0.0,0.3880659758216751,1.257866621017456,-1.6759574353881703,0.0,0.0,0.02,0.15,0.0,carpet,12345,2458047843,0,0,2,0,0,0,0.4989600777626037,1.0,-0.9660648703575134,-0.8236204385757446,0.0009175200830213,0.0984888821840286,0.3281818926334381,-0.2190023362636566,0.0427603162825107,0.9572396874427797,-0.070960983633995,-1.0,-1.0,-1.0,-1.0,-1.0,-1.0,-1.0,1.0,0.0,0.0,0.0,1.0,0.0,0.0,0.0,1.0,0.0,0.0,0.0
20260320_140411_268302,2,62,1.767047882080078,0.2720674574375152,-0.1699999999999999,-6.519844961812487,0.0,0.151925535437968,-0.5564957857131958,-1.5504822090408226,0.0,0.0,0.02,0.15,0.0,carpet,12345,2458047843,0,0,2,0,0,0,-0.0023515739012509,0.5076189041137695,0.2940916121006012,-0.3003025650978088,-0.3778643608093261,0.959685444831848,0.2335777133703231,-0.1969009339809417,0.0539187043905258,0.946081280708313,-0.0019453180721029,-1.0,-1.0,-1.0,-1.0,-1.0,-1.0,-1.0,1.0,0.0,0.0,0.0,1.0,0.0,0.0,0.0,1.0,0.0,0.0,0.0
20260320_140411_268302,2,63,1.7214070558547974,0.2642639279365539,-0.1700093894761555,-6.689854351288643,0.0,0.309032389102498,0.7803529500961304,-1.3526316698745688,9.38947615557878e-05,0.0,0.02,0.15,0.0,carpet,12345,2458047843,0,0,2,0,0,0,0.979871928691864,-0.4583910405635834,-0.055377647280693,-0.1190408244729042,1.0,-0.5517234206199646,-0.2546719908714294,-0.1850307434797287,0.0489821024239063,0.9510178565979004,0.0181404873728752,-1.0,-1.0,-1.0,-1.0,-1.0,-1.0,-1.0,1.0,0.0,0.0,0.0,1.0,0.0,0.0,0.0,1.0,0.0,0.0,0.0
20260320_140411_268302,2,64,1.7283387184143066,0.2530192732810974,-0.1378737471443289,-6.827728098432972,0.0,0.5128906582132942,1.1244654655456543,0.6434406178924661,0.0004577803895222,0.0,0.02,0.1178279691053766,0.0,carpet,12345,2458047843,0,0,2,0,0,0,0.7075949311256409,-0.2951007187366485,0.9157071113586426,0.6555830836296082,-0.0338213331997394,-0.2956544458866119,0.1066185906529426,-0.2420818358659744,0.0559045039117336,0.9440954327583312,-0.1534511595964431,-1.0,-1.0,-1.0,-1.0,-1.0,-1.0,-1.0,1.0,0.0,0.0,0.0,1.0,0.0,0.0,0.0,1.0,0.0,0.0,0.0
20260320_140411_268302,2,65,1.6647679805755615,0.3095508813858032,-0.1494587381281127,-6.977186836561084,0.0,-1.028622208957671,-5.653160810470581,0.4314247770408741,0.0029839442642742,0.0146316510745814,0.02,0.1284287611479563,0.0,carpet,12345,2458047843,0,0,2,0,0,0,0.3604685962200165,-0.7470957040786743,0.521277129650116,-0.8773541450500488,-0.5836053490638733,-0.3391957581043243,-0.9135757684707642,-0.233417123556137,0.065879501402378,0.9341204166412354,-0.1056005507707595,-1.0,-1.0,-1.0,-1.0,-1.0,-1.0,-1.0,1.0,0.0,0.0,0.0,1.0,0.0,0.0,0.0,1.0,0.0,0.0,0.0
20260320_140411_268302,2,66,1.6542739868164062,0.3057792782783508,-0.1732825812409868,-7.150469417802071,0.0,-0.6771765790319506,0.3771603107452392,-0.3438842294141864,0.0069862697335294,0.0516790853526784,0.02,0.15,0.0,carpet,12345,2458047843,0,0,2,0,0,0,-0.8937547206878662,-0.6507852673530579,-0.4419724643230438,-0.005993366241455,-0.1975436210632324,-0.982201337814331,-0.4241022765636444,-0.3128806948661804,0.0157310161739587,0.9842689633369446,-0.3331468403339386,-1.0,-1.0,-1.0,-1.0,-1.0,-1.0,-1.0,1.0,0.0,0.0,0.0,1.0,0.0,0.0,0.0,1.0,0.0,0.0,0.0
20260320_140411_268302,2,67,1.659860610961914,0.3195925951004028,-0.1757444854360713,-7.326213903238143,0.0,-0.8532153548252523,-1.3813316822052002,-1.585165560061114,0.0106407517948517,0.093608205131723,0.02,0.15,0.0,carpet,12345,2458047843,0,0,2,0,0,0,0.2303866297006607,-0.9257637858390808,-0.5421333312988281,0.2838019728660583,0.9956634044647216,-0.4283153116703033,-0.7201099991798401,-0.3259981274604797,0.0190767478197813,0.9809231758117676,-0.2790961861610412,-1.0,-1.0,-1.0,-1.0,-1.0,-1.0,-1.0,1.0,0.0,0.0,0.0,1.0,0.0,0.0,0.0,1.0,0.0,0.0,0.0
20260320_140411_268302,2,68,1.6842647790908811,0.276324063539505,-0.1763498882693919,-7.502563791507535,0.0,0.4418017729035028,4.326853156089783,-1.295289322595579,0.0117604014913469,0.1034769624051457,0.02,0.15,0.0,carpet,12345,2458047843,0,0,2,0,0,0,0.9525344967842102,0.5095250010490417,0.1483223587274551,-0.2540894448757171,0.3637415468692779,0.212780013680458,-0.5694971680641174,-0.3190149366855621,0.0068231346085667,0.993176817893982,-0.3278128504753113,-1.0,-1.0,-1.0,-1.0,-1.0,-1.0,-1.0,1.0,0.0,0.0,0.0,1.0,0.0,0.0,0.0,1.0,0.0,0.0,0.0
20260320_140411_268302,2,69,1.6747610569000244,0.2689225077629089,-0.1761136794267166,-7.678677470934252,0.0,0.5163902240925182,0.7401555776596069,-1.0879314876055588,0.0134720560300693,0.0953294764741952,0.02,0.15,0.0,carpet,12345,2458047843,0,0,2,0,0,0,0.3264171481132507,-0.7221397757530212,-0.5113623142242432,0.084473967552185,-0.7967278361320496,-0.5668287873268127,-0.2882628738880157,-0.2885095477104187,0.0452061146497726,0.9547938704490662,-0.2534883320331573,-1.0,-1.0,-1.0,-1.0,-1.0,-1.0,-1.0,1.0,0.0,0.0,0.0,1.0,0.0,0.0,0.0,1.0,0.0,0.0,0.0
20260320_140411_268302,2,70,1.7478148937225342,0.2573136687278747,-0.1723826409447348,-7.851060111878986,0.0,0.6775136439452467,1.160883903503418,-0.9233085018736062,0.0087777051747082,0.0300974085452805,0.02,0.15,0.0,carpet,12345,2458047843,0,0,2,0,0,0,0.732158899307251,-0.4923924207687378,0.4412804841995239,-0.8505352139472961,0.9790517687797546,0.675257682800293,0.3585948944091797,-0.300389289855957,0.0517719499766826,0.9482280015945436,-0.1999304890632629,-1.0,-1.0,-1.0,-1.0,-1.0,-1.0,-1.0,1.0,0.0,0.0,0.0,1.0,0.0,0.0,0.0,1.0,0.0,0.0,0.0
20260320_140411_268302,2,71,1.6228997707366943,0.3237791657447815,-0.1752608822955389,-8.026320994174526,0.0,-1.1535021924637334,-6.646549701690674,-1.0481884853796686,0.0156122156929044,0.07399321452497,0.02,0.15,0.0,carpet,12345,2458047843,0,0,2,0,0,0,-0.41454017162323,-0.8121984004974365,0.1436044424772262,0.8262245059013367,-0.1179047003388404,-0.8761790990829468,-0.5926981568336487,-0.2090719193220138,0.0620699971914291,0.9379299879074096,0.0037100736517459,-1.0,-1.0,-1.0,-1.0,-1.0,-1.0,-1.0,1.0,0.0,0.0,0.0,1.0,0.0,0.0,0.0,1.0,0.0,0.0,0.0
20260320_140411_268302,2,72,1.757102370262146,0.2562380135059356,-0.1486337314174639,-8.17495472559199,0.0,0.8234021616233633,6.754115223884583,0.4523902552756453,0.0093657976179823,0.0063332883889603,0.02,0.1273804872362177,0.0,carpet,12345,2458047843,0,0,2,0,0,0,0.9619863033294678,-0.8880575895309448,-0.8640708327293396,0.7181544303894043,-0.0955725088715553,0.064169205725193,0.6173449158668518,-0.3652158677577972,0.0031092602293938,0.996890664100647,-0.316002756357193,-1.0,-1.0,-1.0,-1.0,-1.0,-1.0,-1.0,1.0,0.0,0.0,0.0,1.0,0.0,0.0,0.0,1.0,0.0,0.0,0.0
20260320_140411_268302,2,73,1.838815212249756,0.2786054611206054,-0.1019969904199884,-8.276951716011979,0.0,0.0583654308507561,-2.23674476146698,1.363971040951654,0.0019554246757116,0.0,0.02,0.0818014479524173,0.0,carpet,12345,2458047843,0,0,2,0,0,0,-0.5811469554901123,-0.9798296689987184,0.2358135133981704,-0.2972141802310943,0.2260655760765075,1.0,0.8183290958404541,-0.197462648153305,0.0630241930484771,0.9369757771492004,0.0304455887526273,-1.0,-1.0,-1.0,-1.0,-1.0,-1.0,-1.0,1.0,0.0,0.0,0.0,1.0,0.0,0.0,0.0,1.0,0.0,0.0,0.0
20260320_140411_268302,2,74,1.6890413761138916,0.2621717453002929,-0.1015501622059344,-8.378501878217913,0.0,0.4546169686458938,1.64337158203125,1.3767862366940449,0.0038947404063672,0.0,0.02,0.0811606881652977,0.0,carpet,12345,2458047843,0,0,2,0,0,0,-0.5534720420837402,0.2948795258998871,-0.5958456993103027,-0.6347281336784363,-0.3421043157577514,-0.4934757053852081,-0.7729507088661194,-0.0953216552734375,0.0431823134422302,0.9568176865577698,0.2004611194133758,-1.0,-1.0,-1.0,-1.0,-1.0,-1.0,-1.0,1.0,0.0,0.0,0.0,1.0,0.0,0.0,0.0,1.0,0.0,0.0,0.0
20260320_140411_268302,2,75,1.7074823379516602,0.2541682124137878,-0.1004031389818856,-8.478905017199798,0.0,0.5410510486470343,0.8003532886505127,1.401447061248561,0.0047549204431369,0.0,0.02,0.0799276469375719,0.0,carpet,12345,2458047843,0,0,2,0,0,0,-1.0,0.0059123462997376,-0.9773014187812804,0.6791165471076965,-0.1939431279897689,0.5935987830162048,-0.1633342653512954,-0.2825388014316559,0.0577604621648788,0.94223952293396,-0.1887491643428802,-1.0,-1.0,-1.0,-1.0,-1.0,-1.0,-1.0,1.0,0.0,0.0,0.0,1.0,0.0,0.0,0.0,1.0,0.0,0.0,0.0
20260320_140411_268302,2,76,1.712827205657959,0.2468806207180023,-0.1049201110364259,-8.583825128236224,0.0,0.587978078879928,0.7287591695785522,1.3119114961832423,0.0051568584558804,0.0,0.02,0.0844044251908378,0.0,carpet,12345,2458047843,0,0,2,0,0,0,0.9239853620529176,0.4710641205310821,-0.5009164810180664,0.604521632194519,0.0419987738132476,0.1859139800071716,0.1213000044226646,-0.2594877183437347,0.0648602992296218,0.9351397156715392,-0.0896367505192756,-1.0,-1.0,-1.0,-1.0,-1.0,-1.0,-1.0,1.0,0.0,0.0,0.0,1.0,0.0,0.0,0.0,1.0,0.0,0.0,0.0
20260320_140411_268302,2,77,1.713962197303772,0.2539746761322021,-0.0340881706075273,-8.617913298843751,0.0,0.2636321738049361,-0.7094055414199829,2.729045862451912,0.0054046373012291,0.0,0.02,0.0135477068774044,0.0,carpet,12345,2458047843,0,0,2,0,0,0,-0.2009530812501907,0.157761663198471,0.5349698066711426,0.3689467906951904,-0.8020086884498596,0.7084209322929382,-0.1765562444925308,-0.2528066635131836,0.0713250264525413,0.9286749362945556,-0.0427919328212738,-1.0,-1.0,-1.0,-1.0,-1.0,-1.0,-1.0,1.0,0.0,0.0,0.0,1.0,0.0,0.0,0.0,1.0,0.0,0.0,0.0
20260320_140411_268302,2,78,1.6843311786651611,0.2457819432020187,-0.0553335899258526,-8.673246888769604,0.0,0.4025424536082909,0.8192732930183411,2.3081861544368394,0.0074289764769459,0.0,0.02,0.034590692278158,0.0,carpet,12345,2458047843,0,0,2,0,0,0,-0.5575678944587708,0.3707458078861236,0.6623612642288208,0.8328267335891724,1.0,0.0728805810213089,-0.2918138802051544,-0.2513877749443054,0.0650319680571556,0.9349679946899414,-0.0774709731340408,-1.0,-1.0,-1.0,-1.0,-1.0,-1.0,-1.0,1.0,0.0,0.0,0.0,1.0,0.0,0.0,0.0,1.0,0.0,0.0,0.0
20260320_140411_268302,2,79,1.692012071609497,0.245658203959465,-0.043119088536649,-8.716365977306253,0.0,0.3050003212700716,0.012373924255371,2.554821044856155,0.0086014077945683,0.0,0.02,0.0222589477571922,0.0,carpet,12345,2458047843,0,0,2,0,0,0,0.2746605277061462,-0.1295778602361679,-0.6151731610298157,-0.4110294282436371,-0.9202038049697876,0.2364746481180191,-0.2453559786081314,-0.2884265780448913,0.0722996592521667,0.9277002811431884,-0.154405415058136,-1.0,-1.0,-1.0,-1.0,-1.0,-1.0,-1.0,1.0,0.0,0.0,0.0,1.0,0.0,0.0,0.0,1.0,0.0,0.0,0.0
20260320_140411_268302,2,80,1.721329689025879,0.2866002917289734,-0.1054760782697441,-8.821842055575997,0.0,-0.7948019532851589,-4.094208776950836,1.305402122925102,0.0074618441599924,0.0,0.02,0.0847298938537449,0.0,carpet,12345,2458047843,0,0,2,0,0,0,-0.1437253654003143,0.6579697728157043,0.8115054965019226,-0.9088796377182008,0.5856132507324219,-1.0,0.94772607088089,-0.278825581073761,0.0724094212055206,0.927590548992157,-0.1276364624500274,-1.0,-1.0,-1.0,-1.0,-1.0,-1.0,-1.0,1.0,0.0,0.0,0.0,1.0,0.0,0.0,0.0,1.0,0.0,0.0,0.0
20260320_140411_268302,2,81,1.6923556327819824,0.2355670183897018,-0.0986562671823906,-8.920498322758387,0.0,0.6797303685179088,5.1033273339271545,1.4440814427959765,0.0086033932218947,0.0,0.02,0.0777959278602011,0.0,carpet,12345,2458047843,0,0,2,0,0,0,-0.1666785180568695,-0.4584282338619232,-0.566299319267273,1.0,0.8961862325668335,0.1906448155641555,-0.3846549987792969,-0.2421785295009613,0.0360902026295661,0.9639097452163696,0.0506014563143253,-1.0,-1.0,-1.0,-1.0,-1.0,-1.0,-1.0,1.0,0.0,0.0,0.0,1.0,0.0,0.0,0.0,1.0,0.0,0.0,0.0
20260320_140411_268302,2,82,1.698781132698059,0.2344548851251602,-0.1012184645934264,-9.021716787351814,0.0,0.5376011080019794,0.1112133264541626,1.3937044719180278,0.0090368818932778,0.0,0.02,0.0803147764040986,0.0,carpet,12345,2458047843,0,0,2,0,0,0,0.698034942150116,-0.8368517756462097,-0.9933932423591614,-0.0764087811112403,0.5209976434707642,0.3259143233299255,-0.4516113698482513,-0.2783960402011871,0.0813611894845962,0.9186387658119202,-0.177431046962738,-1.0,-1.0,-1.0,-1.0,-1.0,-1.0,-1.0,1.0,0.0,0.0,0.0,1.0,0.0,0.0,0.0,1.0,0.0,0.0,0.0
20260320_140411_268302,2,83,1.747314214706421,0.229031503200531,-0.0871674985429057,-9.10888428589472,0.0,0.5387853791172148,0.5423381924629211,1.6688576772303063,0.0061038240442106,0.0,0.02,0.0665571161384846,0.0,carpet,12345,2458047843,0,0,2,0,0,0,0.6393862962722778,-0.792131781578064,0.1528877913951873,-0.1678865402936935,0.2402738779783249,0.2213887423276901,0.4919981956481933,-0.2703641951084137,0.0823477506637573,0.917652189731598,-0.1574101597070694,-1.0,-1.0,-1.0,-1.0,-1.0,-1.0,-1.0,1.0,0.0,0.0,0.0,1.0,0.0,0.0,0.0,1.0,0.0,0.0,0.0
20260320_140411_268302,2,84,1.782770037651062,0.2688916027545929,-0.1365731160292852,-9.245457401924003,0.0,-0.5924134545136326,-3.986009955406189,0.6739017691083831,0.0026820448470438,0.0,0.02,0.1163049115445808,0.0,carpet,12345,2458047843,0,0,2,0,0,0,-0.3540040552616119,-0.3548012375831604,-0.3827502727508545,-0.8049454689025879,0.0818745493888855,0.6665783524513245,0.8656103610992432,-0.2096979171037674,0.0871587619185447,0.9128412008285522,0.0817490965127945,-1.0,-1.0,-1.0,-1.0,-1.0,-1.0,-1.0,1.0,0.0,0.0,0.0,1.0,0.0,0.0,0.0,1.0,0.0,0.0,0.0
20260320_140411_268302,2,85,1.7399210929870603,0.2471592277288437,-0.1468403333327548,-9.39229773525676,0.0,0.0989992847585057,2.1732375025749207,0.4679007325968172,0.0023536996259568,0.0,0.02,0.1266049633701591,0.0,carpet,12345,2458047843,0,0,2,0,0,0,0.5140852928161621,-0.8684674501419067,0.2266277372837066,-0.8787741661071777,0.0037919054739177,0.6900214552879333,-0.529122531414032,-0.1653780043125152,0.0517993606626987,0.9482005834579468,0.2220662832260131,-1.0,-1.0,-1.0,-1.0,-1.0,-1.0,-1.0,1.0,0.0,0.0,0.0,1.0,0.0,0.0,0.0,1.0,0.0,0.0,0.0
20260320_140411_268302,2,86,1.719429612159729,0.2356530576944351,-0.0890606446529304,-9.48135837990969,0.0,0.3619037144290757,1.150617003440857,1.624606400311052,0.0029096466848299,0.0,0.02,0.0687696799844474,0.0,carpet,12345,2458047843,0,0,2,0,0,0,-0.13344307243824,-0.998071551322937,0.3526591360569,0.8600945472717285,-0.9059368968009948,0.0871316120028495,-0.2355272620916366,-0.2189392149448394,0.0710778757929802,0.9289221167564392,-0.0259513780474662,-1.0,-1.0,-1.0,-1.0,-1.0,-1.0,-1.0,1.0,0.0,0.0,0.0,1.0,0.0,0.0,0.0,1.0,0.0,0.0,0.0
20260320_140411_268302,2,87,1.7135307788848877,0.2192485183477401,-0.0890424976151433,-9.570400877524833,0.0,0.6815412694892018,1.6404539346694946,1.6264173012823449,0.0036336267926057,0.0,0.02,0.0686791349358827,0.0,carpet,12345,2458047843,0,0,2,0,0,0,0.7238802909851074,-0.0645210221409797,0.5914818048477173,0.7829272150993347,0.6517901420593262,-0.1700932830572128,0.1282315701246261,-0.2445535659790039,0.0812848657369613,0.9187151193618774,-0.0736695900559425,-1.0,-1.0,-1.0,-1.0,-1.0,-1.0,-1.0,1.0,0.0,0.0,0.0,1.0,0.0,0.0,0.0,1.0,0.0,0.0,0.0
20260320_140411_268302,2,88,1.722425103187561,0.2086256742477417,-0.0771024476358626,-9.647503325160695,0.0,0.7767270546168561,1.0622844099998474,1.8655432478972216,0.0037961003072374,0.0,0.02,0.0567228376051389,0.0,carpet,12345,2458047843,0,0,2,0,0,0,0.3426952064037323,-0.6549321413040161,-0.470314085483551,0.0909416154026985,0.5270651578903198,0.4056912660598755,-0.183464914560318,-0.2519271969795227,0.0958371236920356,0.9041628241539,-0.0600837729871273,-1.0,-1.0,-1.0,-1.0,-1.0,-1.0,-1.0,1.0,0.0,0.0,0.0,1.0,0.0,0.0,0.0,1.0,0.0,0.0,0.0
20260320_140411_268302,2,89,1.715602993965149,0.2223154902458191,-0.0920726867067673,-9.739576011867465,0.0,0.2402998910107072,-1.3689815998077393,1.567057759790714,0.0042557469630303,0.0,0.02,0.0716471120104643,0.0,carpet,12345,2458047843,0,0,2,0,0,0,-0.0062543642707169,-0.6208600997924805,-0.5296445488929749,0.9869471192359924,0.7057496905326843,-1.0,0.1008329465985298,-0.2408092468976974,0.1052605211734771,0.8947393894195557,-0.08204036206007,-1.0,-1.0,-1.0,-1.0,-1.0,-1.0,-1.0,1.0,0.0,0.0,0.0,1.0,0.0,0.0,0.0,1.0,0.0,0.0,0.0
20260320_140411_268302,2,90,1.7609224319458008,0.2379926741123199,-0.0728669328024903,-9.812442944669954,0.0,-0.2117046784044873,-1.5677183866500854,1.94776653589986,0.0025525959748332,0.0,0.02,0.052611673205007,0.0,carpet,12345,2458047843,0,0,2,0,0,0,-0.3912221193313598,0.2843956053256988,0.1255648136138916,-0.2461475133895874,-0.7400833368301392,0.7023821473121643,0.6646727323532104,-0.2493368089199066,0.0931164622306823,0.9068835377693176,-0.0500508174300193,-1.0,-1.0,-1.0,-1.0,-1.0,-1.0,-1.0,1.0,0.0,0.0,0.0,1.0,0.0,0.0,0.0,1.0,0.0,0.0,0.0
20260320_140411_268302,2,91,1.6618677377700806,0.2009985595941543,-0.039859886749825,-9.85230283141978,0.0,0.7660743541507742,3.699411451816559,2.614841605292128,0.006019670144314,0.0,0.02,0.0192579197353936,0.0,carpet,12345,2458047843,0,0,2,0,0,0,-0.2096154242753982,-0.0246664062142372,-0.4177413880825043,0.0605304576456546,-0.0969198122620582,-0.8999115228652954,-0.2988595366477966,-0.1926876008510589,0.0792094245553016,0.9207905530929564,0.1500186473131179,-1.0,-1.0,-1.0,-1.0,-1.0,-1.0,-1.0,1.0,0.0,0.0,0.0,1.0,0.0,0.0,0.0,1.0,0.0,0.0,0.0
20260320_140411_268302,2,92,1.6584248542785645,0.226116269826889,-0.061006681712907,-9.913309513132686,0.0,-0.053386990205297,-2.511771023273468,2.199550900657755,0.0098422674579477,0.0,0.02,0.0400224549671122,0.0,carpet,12345,2458047843,0,0,2,0,0,0,-0.6511554718017578,0.1248679682612419,0.4840330183506012,0.2524219155311584,-0.5505812168121338,0.503207802772522,-0.8533989191055298,-0.3165059983730316,0.1120264455676078,0.8879734873771667,-0.1502633839845657,-1.0,-1.0,-1.0,-1.0,-1.0,-1.0,-1.0,1.0,0.0,0.0,0.0,1.0,0.0,0.0,0.0,1.0,0.0,0.0,0.0
20260320_140411_268302,2,93,1.6527656316757202,0.2312631607055664,-0.1039181455421696,-10.017227658674855,0.0,-0.1687125146208927,-0.5146890878677368,1.3492971165476604,0.013830013695527,0.0,0.02,0.0825351441726169,0.0,carpet,12345,2458047843,0,0,2,0,0,0,0.0783964544534683,-0.3419916033744812,-0.582482635974884,0.5901294350624084,-0.2908226251602173,0.2787829935550689,-0.9884323477745056,-0.320809543132782,0.089744821190834,0.9102551341056824,-0.236459881067276,-1.0,-1.0,-1.0,-1.0,-1.0,-1.0,-1.0,1.0,0.0,0.0,0.0,1.0,0.0,0.0,0.0,1.0,0.0,0.0,0.0
20260320_140411_268302,2,94,1.7192609310150146,0.2184412479400634,-0.132790625618138,-10.150018284292996,0.0,0.1940134331718894,1.282191276550293,0.7665834951026937,0.0111980037327268,0.0,0.02,0.1116708252448653,0.0,carpet,12345,2458047843,0,0,2,0,0,0,-0.6387844681739807,-0.9005361795425415,-0.4758559167385101,-0.5952908992767334,-0.6579731702804565,0.0324666537344455,0.8470556139945984,-0.3278835415840149,0.0851790830492973,0.9148208498954772,-0.2614070773124695,-1.0,-1.0,-1.0,-1.0,-1.0,-1.0,-1.0,1.0,0.0,0.0,0.0,1.0,0.0,0.0,0.0,1.0,0.0,0.0,0.0
20260320_140411_268302,2,95,1.639402985572815,0.2216185480356216,-0.1420126668859963,-10.292030951178992,0.0,0.0660775724899735,-0.3177300095558166,0.5923611765819601,0.0163072571509433,0.0,0.02,0.120381941170902,0.0,carpet,12345,2458047843,0,0,2,0,0,0,0.2551480531692505,0.2538152635097503,0.5210021734237671,-0.6098721027374268,0.3537733852863312,-0.0593213513493537,-0.755176305770874,-0.2447645217180252,0.0965532585978508,0.9034467339515686,0.1000759676098823,-1.0,-1.0,-1.0,-1.0,-1.0,-1.0,-1.0,1.0,0.0,0.0,0.0,1.0,0.0,0.0,0.0,1.0,0.0,0.0,0.0
20260320_140411_268302,2,96,1.6566067934036257,0.2168385535478592,-0.1232342228377206,-10.415265174016712,0.0,0.1690580415615414,0.4779994487762451,0.9731238965479888,0.0189041766512004,0.0,0.02,0.1013438051726005,0.0,carpet,12345,2458047843,0,0,2,0,0,0,-0.8761194348335266,-0.9820536971092224,0.7664155960083008,-0.0640670657157898,0.0809854641556739,0.738021194934845,-0.6206668615341187,-0.3445869386196136,0.0937346965074539,0.9062652587890624,-0.2342635989189148,-1.0,-1.0,-1.0,-1.0,-1.0,-1.0,-1.0,1.0,0.0,0.0,0.0,1.0,0.0,0.0,0.0,1.0,0.0,0.0,0.0
20260320_140411_268302,2,97,1.680421233177185,0.2156200557947158,-0.1536255625891499,-10.568890736605862,0.0,0.1572559749997282,0.121849775314331,0.3643055173969429,0.0184083845899705,0.0,0.02,0.1317847241301528,0.0,carpet,12345,2458047843,0,0,2,0,0,0,0.2169583141803741,0.2043205350637436,0.9581722021102904,-0.0286899898201227,-0.0477187149226665,-0.8059142827987671,0.6793151497840881,-0.3230821490287781,0.0979749783873558,0.9020249843597412,-0.1995039135217666,-1.0,-1.0,-1.0,-1.0,-1.0,-1.0,-1.0,1.0,0.0,0.0,0.0,1.0,0.0,0.0,0.0,1.0,0.0,0.0,0.0
20260320_140411_268302,2,98,1.6877442598342896,0.2066260576248169,-0.1337049958700841,-10.702595732475949,0.0,0.3427919354972744,0.8993998169898987,0.7604844430995144,0.0172921802505983,0.0,0.02,0.1119757778450242,0.0,carpet,12345,2458047843,0,0,2,0,0,0,0.531734049320221,0.3242193460464477,0.0276897847652435,0.0597123876214027,0.8718987703323364,-0.2961398363113403,0.7269689440727234,-0.293313980102539,0.0990558862686157,0.9009440541267396,0.0172137096524238,-1.0,-1.0,-1.0,-1.0,-1.0,-1.0,-1.0,1.0,0.0,0.0,0.0,1.0,0.0,0.0,0.0,1.0,0.0,0.0,0.0
20260320_140411_268302,2,99,1.6584779024124146,0.2314620167016983,-0.1436798532309461,-10.846275585706891,0.0,-0.3638050252990723,-2.483595907688141,0.5653919324213348,0.0194944985201285,0.0,0.02,0.1217304033789332,0.0,carpet,12345,2458047843,0,0,2,0,0,0,0.1553242355585098,0.8785513043403625,-0.8969257473945618,0.6364587545394897,0.9022910594940186,0.5403879880905151,-0.8844788670539856,-0.2841602265834808,0.1070343628525734,0.8929656147956848,0.0225959662348032,-1.0,-1.0,-1.0,-1.0,-1.0,-1.0,-1.0,1.0,0.0,0.0,0.0,1.0,0.0,0.0,0.0,1.0,0.0,0.0,0.0
20260320_140411_268302,2,100,1.6809250116348269,0.2207439094781875,-0.1535552610659197,-10.999830846772811,0.0,-0.0049010883865321,1.0718107223510742,0.3664774108629132,0.0187913160906541,0.0,0.02,0.1316761294568543,0.0,carpet,12345,2458047843,0,0,2,0,0,0,-0.7594234347343445,1.0,0.3490360081195831,0.0408293381333351,-0.5126359462738037,-0.7219550013542175,0.6509789228439331,-0.3207431733608246,0.0850026831030845,0.9149972796440125,-0.2515371143817901,-1.0,-1.0,-1.0,-1.0,-1.0,-1.0,-1.0,1.0,0.0,0.0,0.0,1.0,0.0,0.0,0.0,1.0,0.0,0.0,0.0
20260320_140411_268302,2,101,1.6005125045776367,0.2480522543191909,-0.1727590322655888,-11.172589879038402,0.0,-0.6863844373149988,-2.730834484100342,-0.3859845989420591,0.0275903226558887,0.0,0.02,0.15,0.0,carpet,12345,2458047843,0,0,2,0,0,0,0.1767953634262085,0.6068021655082703,0.0565375909209251,0.2719098627567291,-0.2131261229515075,-0.964897096157074,-0.2085720896720886,-0.2926843762397766,0.0945105925202369,0.9054893255233764,-0.0005192919052205,-1.0,-1.0,-1.0,-1.0,-1.0,-1.0,-1.0,1.0,0.0,0.0,0.0,1.0,0.0,0.0,0.0,1.0,0.0,0.0,0.0
20260320_140411_268302,2,102,1.7130247354507446,0.1996809989213943,-0.1651182754593659,-11.337708154497768,0.0,0.6944930569586774,4.837125539779663,0.1394504164550767,0.0209079628211979,0.0,0.02,0.1430274791772461,0.0,carpet,12345,2458047843,0,0,2,0,0,0,0.4456683397293091,-0.5024136900901794,0.1793343424797058,-0.3418766856193542,0.5633655786514282,0.4935517311096191,0.7603447437286377,-0.3931999206542969,0.0702856853604316,0.9297142624855042,-0.2378099411725998,-1.0,-1.0,-1.0,-1.0,-1.0,-1.0,-1.0,1.0,0.0,0.0,0.0,1.0,0.0,0.0,0.0,1.0,0.0,0.0,0.0
20260320_140411_268302,2,103,1.7597246170043943,0.2266937047243118,-0.1712211078910048,-11.508929262388772,0.0,-0.1544478523539396,-2.701270580291748,-0.1722534108985911,0.0122110789100484,0.0,0.02,0.15,0.0,carpet,12345,2458047843,0,0,2,0,0,0,-0.5058136582374573,0.8254854083061218,0.5557496547698975,-0.8420554399490356,-0.2607811987400055,0.3518707752227783,0.9703150987625122,-0.2525596618652344,0.1131952404975891,0.8868047595024109,0.0528467409312725,-1.0,-1.0,-1.0,-1.0,-1.0,-1.0,-1.0,1.0,0.0,0.0,0.0,1.0,0.0,0.0,0.0,1.0,0.0,0.0,0.0
20260320_140411_268302,2,104,1.7435929775238037,0.2218492031097412,-0.1708306343776943,-11.679759896766466,0.0,0.0052766510988249,0.4844501614570617,-0.5097686952970406,0.0083063437769438,0.0,0.02,0.15,0.0,carpet,12345,2458047843,0,0,2,0,0,0,-0.5190756916999817,0.0400713719427585,0.0925536677241325,-0.2570948004722595,-0.9702924489974976,-0.6966894865036011,0.8571310043334961,-0.1941848695278167,0.0892325937747955,0.910767376422882,0.1699722707271576,-1.0,-1.0,-1.0,-1.0,-1.0,-1.0,-1.0,1.0,0.0,0.0,0.0,1.0,0.0,0.0,0.0,1.0,0.0,0.0,0.0
20260320_140411_268302,2,105,1.745724320411682,0.2122745215892791,-0.1657064596917975,-11.845466356458264,0.0,0.2433245263356553,0.9574681520462036,0.0973608563376871,0.0057450250868189,0.0,0.02,0.1451319571831156,0.0,carpet,12345,2458047843,0,0,2,0,0,0,0.4055280685424804,0.3715719878673553,-0.2719235718250274,0.4255883693695068,-0.8919548392295837,0.5603942275047302,0.5507184863090515,-0.2143493592739105,0.0935300812125206,0.9064698815345764,0.1484520137310028,-1.0,-1.0,-1.0,-1.0,-1.0,-1.0,-1.0,1.0,0.0,0.0,0.0,1.0,0.0,0.0,0.0,1.0,0.0,0.0,0.0
20260320_140411_268302,2,106,1.694472312927246,0.2102693915367126,-0.1539614347952237,-11.999427791253488,0.0,0.2326216460659083,0.2005130052566528,0.3348835907901275,0.0070561433473015,0.0,0.02,0.1332558204604936,0.0,carpet,12345,2458047843,0,0,2,0,0,0,0.2803004086017608,0.4650669991970062,0.7126113772392273,-0.8055282831192017,0.5837496519088745,0.4214114248752594,-0.8353657722473145,-0.2116851806640625,0.1020236834883689,0.897976279258728,0.0918758139014244,-1.0,-1.0,-1.0,-1.0,-1.0,-1.0,-1.0,1.0,0.0,0.0,0.0,1.0,0.0,0.0,0.0,1.0,0.0,0.0,0.0
20260320_140411_268302,2,107,1.7642234563827517,0.2101338803768158,-0.1104449309953893,-12.109872722248875,0.0,0.1778540135468631,0.013551115989685,1.1991220416519894,0.0040103307798882,0.0,0.02,0.0900438979174005,0.0,carpet,12345,2458047843,0,0,2,0,0,0,-1.0,0.334933876991272,-0.8422778248786926,-0.1527155339717865,-0.2241097241640091,0.7499354481697083,0.606135368347168,-0.2757501602172851,0.1038023978471756,0.8961975574493408,-0.1911386847496032,-1.0,-1.0,-1.0,-1.0,-1.0,-1.0,-1.0,1.0,0.0,0.0,0.0,1.0,0.0,0.0,0.0,1.0,0.0,0.0,0.0
20260320_140411_268302,2,108,1.605825901031494,0.2620137631893158,-0.1711825268116913,-12.281055249060568,0.0,-1.1636065601523595,-5.18798828125,-0.6589775754590477,0.0118252681169139,0.0,0.02,0.15,0.0,carpet,12345,2458047843,0,0,2,0,0,0,0.3870855569839477,-0.6708049774169922,-1.0,0.7052367329597473,-0.3117358088493347,-0.8381813764572144,-0.9809529781341552,-0.1885612457990646,0.1039226129651069,0.8960773944854736,0.1293773800134658,-1.0,-1.0,-1.0,-1.0,-1.0,-1.0,-1.0,1.0,0.0,0.0,0.0,1.0,0.0,0.0,0.0,1.0,0.0,0.0,0.0
20260320_140411_268302,2,109,1.6007052659988403,0.213942751288414,-0.1720960142514874,-12.453151263312057,0.0,0.3290703774082715,4.807101190090179,-0.1754593456968365,0.0209601425148745,0.0,0.02,0.15,0.0,carpet,12345,2458047843,0,0,2,0,0,0,0.3977804780006408,0.950782060623169,0.5884905457496643,-0.7406635284423828,-0.4957523345947265,-0.2006042301654815,-0.0089851981028914,-0.3865581452846527,0.0579006075859069,0.942099392414093,-0.3563883304595947,-1.0,-1.0,-1.0,-1.0,-1.0,-1.0,-1.0,1.0,0.0,0.0,0.0,1.0,0.0,0.0,0.0,1.0,0.0,0.0,0.0
20260320_140411_268302,2,110,1.6000865697860718,0.2207579016685485,-0.1729930386189519,-12.626144301931006,0.0,0.0764240235528461,-0.6815150380134583,-0.1043119732428152,0.0295971559949186,0.000666460389202,0.02,0.15,0.0,carpet,12345,2458047843,0,0,2,0,0,0,-0.7017720341682434,-0.9410108923912048,0.5257848501205444,0.0270521156489849,-0.0764600411057472,0.6954248547554016,-0.5731194615364075,-0.3929590284824371,0.1005438044667244,0.8994561433792114,-0.1761961877346038,-1.0,-1.0,-1.0,-1.0,-1.0,-1.0,-1.0,1.0,0.0,0.0,0.0,1.0,0.0,0.0,0.0,1.0,0.0,0.0,0.0
20260320_140411_268302,2,111,1.6328716278076172,0.2132946252822876,-0.1732355068361367,-12.799379808767144,0.0,0.2438999273211521,0.7463276386260986,-0.1037365722573184,0.0323550683613677,0.0,0.02,0.15,0.0,carpet,12345,2458047843,0,0,2,0,0,0,-0.7681153416633606,-0.3337433040142059,0.9398908019065856,-0.3380670845508575,-0.7441450953483582,-0.0758324190974235,0.5612349510192871,-0.3937324583530426,0.0944981724023819,0.9055017828941344,-0.2585994303226471,-1.0,-1.0,-1.0,-1.0,-1.0,-1.0,-1.0,1.0,0.0,0.0,0.0,1.0,0.0,0.0,0.0,1.0,0.0,0.0,0.0
20260320_140411_268302,2,112,1.605298399925232,0.2182725667953491,-0.1738556430485522,-12.973235451815697,0.0,0.0584764076643296,-0.4977941513061523,-0.2778818106588971,0.038556430485523,0.0,0.02,0.15,0.0,carpet,12345,2458047843,0,0,2,0,0,0,-0.2245917320251464,0.4975275099277496,0.6959360837936401,-0.3522924780845642,0.197518840432167,-0.837608277797699,0.1721093505620956,-0.3527509570121765,0.1011187583208084,0.898881196975708,-0.0369360148906707,-1.0,-1.0,-1.0,-1.0,-1.0,-1.0,-1.0,1.0,0.0,0.0,0.0,1.0,0.0,0.0,0.0,1.0,0.0,0.0,0.0
20260320_140411_268302,2,113,1.6231962442398071,0.2091629952192306,-0.1740737853126114,-13.147309237128308,0.0,0.2715965951512089,0.9109571576118468,-0.1841392290545513,0.0407378531261142,0.0,0.02,0.15,0.0,carpet,12345,2458047843,0,0,2,0,0,0,-0.2603456377983093,-0.2461019456386566,0.1538356393575668,-0.9531498551368712,0.0768455266952514,-0.3197413086891174,0.5671197175979614,-0.3872175216674804,0.0967028811573982,0.9032970666885376,-0.1483181118965149,-1.0,-1.0,-1.0,-1.0,-1.0,-1.0,-1.0,1.0,0.0,0.0,0.0,1.0,0.0,0.0,0.0,1.0,0.0,0.0,0.0
20260320_140411_268302,2,114,1.6258293390274048,0.2070039212703704,-0.1123426390242131,-13.25965187615252,0.0,0.2576742950849109,0.2159073948860168,1.2371416261827193,0.0419972033334915,0.0,0.02,0.088142918690864,0.0,carpet,12345,2458047843,0,0,2,0,0,0,-1.0,0.7830960750579834,-0.5275272130966187,0.5185228586196899,-0.7236816883087158,0.1810781210660934,0.2973123490810394,-0.3648452758789062,0.1047838702797889,0.8952161073684692,-0.0624388828873634,-1.0,-1.0,-1.0,-1.0,-1.0,-1.0,-1.0,1.0,0.0,0.0,0.0,1.0,0.0,0.0,0.0,1.0,0.0,0.0,0.0
20260320_140411_268302,2,115,1.6708579063415527,0.2077641636133194,-0.1194915039752108,-13.379143380127733,0.0,0.1742496627399674,-0.0760242342948913,1.0823209115144152,0.0360754955093155,0.0,0.02,0.0958839544242792,0.0,carpet,12345,2458047843,0,0,2,0,0,0,-0.6445480585098267,0.4104971885681152,-0.6825065612792969,-0.3667174875736236,-0.1655600368976593,0.4696023762226105,0.7912119626998901,-0.3615539669990539,0.1066991612315177,0.8933008313179016,-0.0759565383195877,-1.0,-1.0,-1.0,-1.0,-1.0,-1.0,-1.0,1.0,0.0,0.0,0.0,1.0,0.0,0.0,0.0,1.0,0.0,0.0,0.0
20260320_140411_268302,2,116,1.6528582572937012,0.1969561427831649,-0.1031059089126528,-13.482249289040384,0.0,0.4008877678088254,1.080802083015442,1.4067846557703945,0.0344514170117251,0.0,0.02,0.0796607672114802,0.0,carpet,12345,2458047843,0,0,2,0,0,0,0.7987531423568726,0.0151278302073478,-1.0,-0.545975923538208,0.0084808813408017,0.6914677619934082,-0.0985454767942428,-0.3052682876586914,0.106024757027626,0.8939751982688904,0.085828460752964,-1.0,-1.0,-1.0,-1.0,-1.0,-1.0,-1.0,1.0,0.0,0.0,0.0,1.0,0.0,0.0,0.0,1.0,0.0,0.0,0.0
20260320_140411_268302,2,117,1.684632420539856,0.2137822657823562,-0.1207501148387426,-13.602999403879126,0.0,-0.1199872491231559,-1.6826122999191284,1.0428974793260863,0.0289498880504693,0.0,0.02,0.0978551260336956,0.0,carpet,12345,2458047843,0,0,2,0,0,0,-0.1299266666173935,0.745386004447937,-0.1427670866250991,-0.4589716494083404,0.1264594942331314,0.4999364912509918,0.7526719570159912,-0.3277677595615387,0.1156124249100685,0.8843875527381897,-0.0405030772089958,-1.0,-1.0,-1.0,-1.0,-1.0,-1.0,-1.0,1.0,0.0,0.0,0.0,1.0,0.0,0.0,0.0,1.0,0.0,0.0,0.0
20260320_140411_268302,2,118,1.6549755334854126,0.1948547214269638,-0.1045075067999697,-13.707506910679095,0.0,0.3831981720424409,1.8927544355392456,1.3676192437041976,0.0288846898517965,0.0,0.02,0.0816190378147901,0.0,carpet,12345,2458047843,0,0,2,0,0,0,-0.2505917549133301,-0.2104557156562805,-0.7667604088783264,0.5743874311447144,0.2236810326576233,0.6803593039512634,-0.3594603538513183,-0.2880500853061676,0.1006861701607704,0.8993138074874878,0.1128737106919288,-1.0,-1.0,-1.0,-1.0,-1.0,-1.0,-1.0,1.0,0.0,0.0,0.0,1.0,0.0,0.0,0.0,1.0,0.0,0.0,0.0
20260320_140411_268302,2,119,1.6530632972717283,0.1877677738666534,-0.0948788680989592,-13.802385778778056,0.0,0.4645723180395862,0.7086947560310364,1.560594966592575,0.0290861642858798,0.0,0.02,0.0719702516703712,0.0,carpet,12345,2458047843,0,0,2,0,0,0,0.5311175584793091,-0.0854844525456428,-0.039475243538618,0.4671721458435058,-0.4506619870662689,-0.3683498501777649,0.1702669113874435,-0.3251211047172546,0.1174765676259994,0.8825234174728394,-0.0846524387598037,-1.0,-1.0,-1.0,-1.0,-1.0,-1.0,-1.0,1.0,0.0,0.0,0.0,1.0,0.0,0.0,0.0,1.0,0.0,0.0,0.0
20260320_140411_268302,2,120,1.6723839044570925,0.2000510394573211,-0.105461755347101,-13.907847534125157,0.0,0.0413475987629965,-1.2283265590667725,1.3442682702706603,0.0267516886063409,0.0,0.02,0.0827865864864669,0.0,carpet,12345,2458047843,0,0,2,0,0,0,0.2866544723510742,0.8229400515556335,-0.6435555219650269,-0.3174833655357361,-0.0021425224840641,-0.1326691955327987,0.7767525911331177,-0.3275113999843597,0.123763307929039,0.8762366771697998,-0.0045996932312846,-1.0,-1.0,-1.0,-1.0,-1.0,-1.0,-1.0,1.0,0.0,0.0,0.0,1.0,0.0,0.0,0.0,1.0,0.0,0.0,0.0
20260320_140411_268302,2,121,1.6393790245056152,0.1878360509872436,-0.097604350458449,-14.005451884583604,0.0,0.3363854108241924,1.2214988470077517,1.5064040183548857,0.0292455137619329,0.0,0.02,0.0746797990822557,0.0,carpet,12345,2458047843,0,0,2,0,0,0,0.1691312342882156,-0.4980187714099884,0.9785314202308656,-0.7797066569328308,-0.325378805398941,0.2077400088310241,-0.2371689230203628,-0.3033607602119446,0.1128669753670692,0.887133002281189,0.0831538811326026,-1.0,-1.0,-1.0,-1.0,-1.0,-1.0,-1.0,1.0,0.0,0.0,0.0,1.0,0.0,0.0,0.0,1.0,0.0,0.0,0.0
20260320_140411_268302,2,122,1.5792882442474363,0.2250255793333053,-0.1525852674433263,-14.15803715202693,0.0,-0.6774491505334055,-3.71895283460617,0.4280671000126546,0.0398862244395904,0.0,0.02,0.1285966449993672,0.0,carpet,12345,2458047843,0,0,2,0,0,0,-0.7062380909919739,-0.72371906042099,0.0573095753788948,0.0552630126476287,0.4961962103843689,-0.5353363156318665,-0.826024055480957,-0.3446168899536133,0.123702734708786,0.8762972354888916,-0.0767019018530845,-1.0,-1.0,-1.0,-1.0,-1.0,-1.0,-1.0,1.0,0.0,0.0,0.0,1.0,0.0,0.0,0.0,1.0,0.0,0.0,0.0
20260320_140411_268302,2,123,1.5857592821121216,0.2152766436338424,-0.1606007487501689,-14.318637900777098,0.0,-0.2643634704134712,0.9748935699462892,0.2836908787223393,0.0478529268628589,0.0,0.02,0.135815456063883,0.0,carpet,12345,2458047843,0,0,2,0,0,0,0.5489139556884766,-0.1403844952583313,0.7754080295562744,-0.3032974600791931,1.0,-0.8948842287063599,-0.2420453876256942,-0.4197303652763366,0.0907123684883117,0.9092875719070436,-0.3132347762584686,-1.0,-1.0,-1.0,-1.0,-1.0,-1.0,-1.0,1.0,0.0,0.0,0.0,1.0,0.0,0.0,0.0,1.0,0.0,0.0,0.0
20260320_140411_268302,2,124,1.5480189323425293,0.2522810697555542,-0.1790295979647817,-14.49766749874188,0.0,-1.1233832558529144,-3.700442612171173,-1.222890549173016,0.0612794962389849,0.0580329668176655,0.02,0.15,0.0,carpet,12345,2458047843,0,0,2,0,0,0,0.3870694935321808,-0.0651125684380531,0.2438173294067382,0.0729879736900329,-0.0556479357182979,-0.7427783608436584,-0.7980934381484985,-0.4116415083408355,0.0993605330586433,0.9006394147872925,-0.2232244312763214,-1.0,-1.0,-1.0,-1.0,-1.0,-1.0,-1.0,1.0,0.0,0.0,0.0,1.0,0.0,0.0,0.0,1.0,0.0,0.0,0.0
20260320_140411_268302,2,125,1.6652990579605105,0.1699784845113754,-0.1758389271128554,-14.673506425854734,0.0,1.215027189214794,8.230258524417877,-0.472435677997808,0.0501915003680994,0.016395541520911,0.02,0.15,0.0,carpet,12345,2458047843,0,0,2,0,0,0,0.8509638905525208,-0.8860843181610107,-0.4740689694881439,-0.6443586349487305,1.0,0.36358642578125,0.3197664320468902,-0.4588169157505035,0.0665343552827835,0.9334656000137328,-0.3846543431282043,-1.0,-1.0,-1.0,-1.0,-1.0,-1.0,-1.0,1.0,0.0,0.0,0.0,1.0,0.0,0.0,0.0,1.0,0.0,0.0,0.0
20260320_140411_268302,2,126,1.687755823135376,0.1836977452039718,-0.171185744797969,-14.844692170652705,0.0,0.5682888745961918,-1.3719260692596436,0.0545055978353872,0.0391102468973836,0.0,0.02,0.1472747201082306,0.0,carpet,12345,2458047843,0,0,2,0,0,0,-0.7014105319976807,0.5887624025344849,0.052858505398035,-0.6535245180130005,0.6072804927825928,-0.6039801239967346,0.7810472846031189,-0.3122167587280273,0.1395439654588699,0.8604559898376465,-0.0454439222812652,-1.0,-1.0,-1.0,-1.0,-1.0,-1.0,-1.0,1.0,0.0,0.0,0.0,1.0,0.0,0.0,0.0,1.0,0.0,0.0,0.0
20260320_140411_268302,2,127,1.6764671802520752,0.1601027846336364,-0.1366164797426113,-14.981308650395317,0.0,1.0160906702055286,2.359496057033539,0.7342108572167234,0.0332702260344754,0.0,0.02,0.1132894571391638,0.0,carpet,12345,2458047843,0,0,2,0,0,0,-0.3908217847347259,-0.3490654826164245,0.1863873451948166,0.0124136367812752,0.0255561154335737,1.0,-0.3338688611984253,-0.2841457426548004,0.1273737847805023,0.8726261854171753,0.0564042218029499,-1.0,-1.0,-1.0,-1.0,-1.0,-1.0,-1.0,1.0,0.0,0.0,0.0,1.0,0.0,0.0,0.0,1.0,0.0,0.0,0.0
20260320_140411_268302,2,128,1.6838170289993286,0.1794622391462326,-0.0883371000359185,-15.069645750431231,0.0,0.2780816398392289,-1.935945451259613,1.689741647589358,0.0282418241538646,0.0,0.02,0.0655129176205321,0.0,carpet,12345,2458047843,0,0,2,0,0,0,0.8268738389015198,-0.0541567057371139,-0.4411554932594299,0.6330062747001648,0.0114385234192013,-0.745205283164978,0.7752397060394287,-0.2982566952705383,0.1483045816421508,0.8516953587532043,-0.0853354856371879,-1.0,-1.0,-1.0,-1.0,-1.0,-1.0,-1.0,1.0,0.0,0.0,0.0,1.0,0.0,0.0,0.0,1.0,0.0,0.0,0.0
20260320_140411_268302,2,129,1.6922427415847778,0.1840015351772308,-0.0699139799490157,-15.139559730380247,0.0,0.0950788291044659,-0.453929603099823,2.049183947107295,0.0237317730438052,0.0,0.02,0.0475408026446352,0.0,carpet,12345,2458047843,0,0,2,0,0,0,0.2175507992506027,0.6668142676353455,-0.4581355154514313,-0.2777862846851349,0.5276020765304565,-0.6373812556266785,1.0,-0.2890693545341491,0.131131038069725,0.8688689470291138,0.0694134831428527,-1.0,-1.0,-1.0,-1.0,-1.0,-1.0,-1.0,1.0,0.0,0.0,0.0,1.0,0.0,0.0,0.0,1.0,0.0,0.0,0.0
20260320_140411_268302,2,130,1.7137949466705322,0.1680273413658142,-0.021829540698417,-15.161389271078669,0.0,0.4706639671137793,1.5974193811416626,3.643231170073989,0.0182954069841706,0.0,0.02,0.0,0.0,carpet,12345,2458047843,0,0,2,0,0,0,-0.0050509581342339,-0.2856983244419098,0.8316885232925415,-0.1284791976213455,0.1040806621313095,0.4527489840984344,0.6982772350311279,-0.2785371840000152,0.1271042823791504,0.8728956580162048,0.0916457623243331,-1.0,-1.0,-1.0,-1.0,-1.0,-1.0,-1.0,1.0,0.0,0.0,0.0,1.0,0.0,0.0,0.0,1.0,0.0,0.0,0.0
20260320_140411_268302,2,131,1.7004655599594116,0.1702785193920135,-0.0353488968867984,-15.196738167965464,0.0,0.2967185246803439,-0.225117802619934,2.7249225055395385,0.015950221637754,0.0,0.02,0.013753874723023,0.0,carpet,12345,2458047843,0,0,2,0,0,0,0.1036747321486473,-0.152461901307106,-0.6201502680778503,0.0168704055249691,-0.0356262028217315,-0.5431029796600342,0.8167416453361511,-0.2515968382358551,0.1412748098373413,0.8587251901626587,0.1170498803257942,-1.0,-1.0,-1.0,-1.0,-1.0,-1.0,-1.0,1.0,0.0,0.0,0.0,1.0,0.0,0.0,0.0,1.0,0.0,0.0,0.0
20260320_140411_268302,2,132,1.6417038440704346,0.1493028700351715,-0.026843045830326,-15.223581213795793,0.0,0.7469301274313125,2.097564935684204,2.903563758374659,0.0202123374905904,0.0,0.02,0.004821812081267,0.0,carpet,12345,2458047843,0,0,2,0,0,0,-0.4992392361164093,0.6944723725318909,-0.2735817432403564,-0.0681890249252319,-0.3047411739826202,-0.0725907161831855,-0.2683423459529876,-0.268258661031723,0.1392778158187866,0.8607221245765686,0.114668495953083,-1.0,-1.0,-1.0,-1.0,-1.0,-1.0,-1.0,1.0,0.0,0.0,0.0,1.0,0.0,0.0,0.0,1.0,0.0,0.0,0.0
20260320_140411_268302,2,133,1.7059569358825684,0.1800026148557663,-0.0876646592619438,-15.311245873057734,0.0,-0.2072960249413853,-3.0699744820594788,1.6801770632277453,0.0167351242333113,0.0,0.02,0.0659911468386127,0.0,carpet,12345,2458047843,0,0,2,0,0,0,0.3858265578746795,0.1787112653255462,-0.7085054516792297,0.758715033531189,-0.1543371677398681,0.0845445245504379,0.9714133739471436,-0.3417108654975891,0.1578850597143173,0.8421149253845215,-0.0965690836310386,-1.0,-1.0,-1.0,-1.0,-1.0,-1.0,-1.0,1.0,0.0,0.0,0.0,1.0,0.0,0.0,0.0,1.0,0.0,0.0,0.0
20260320_140411_268302,2,134,1.499867558479309,0.2545880377292633,-0.1789879970400392,-15.490233870097772,-0.0050268976358687,-2.020107590543475,-7.458542287349701,-0.6180121671549585,0.0396109940417053,0.0,0.02,0.15,0.0,carpet,12345,2458047843,0,0,2,0,0,0,-0.7532496452331543,-0.6677165031433105,0.6912664175033569,0.3807481229305267,-0.9527122378349304,-0.6540042161941528,-0.8143354058265686,-0.2613945007324219,0.1306516826152801,0.8693482875823975,0.1386777311563491,-1.0,-1.0,-1.0,-1.0,-1.0,-1.0,-1.0,1.0,0.0,0.0,0.0,1.0,0.0,0.0,0.0,1.0,0.0,0.0,0.0
20260320_140411_268302,2,135,1.6007543802261353,0.1736353486776352,-0.1745142687563305,-15.664748138854105,0.0,0.5087365333831002,8.095268905162811,-0.2043544628763243,0.0451426875633059,0.0,0.02,0.15,0.0,carpet,12345,2458047843,0,0,2,0,0,0,0.8415480256080627,-0.0665111690759658,0.8379375338554382,0.771894633769989,0.3523328602313995,0.9419660568237304,0.4228492379188537,-0.5190061330795288,0.0644878819584846,0.9355120658874512,-0.3720647394657135,-1.0,-1.0,-1.0,-1.0,-1.0,-1.0,-1.0,1.0,0.0,0.0,0.0,1.0,0.0,0.0,0.0,1.0,0.0,0.0,0.0
20260320_140411_268302,2,136,1.5878691673278809,0.1801288276910781,-0.1751759057291701,-15.839924044583274,0.0,0.2192154247012609,-0.6493479013442993,-0.4558030052888426,0.0517590572917012,0.0,0.02,0.15,0.0,carpet,12345,2458047843,0,0,2,0,0,0,0.171751782298088,0.5735867023468018,-0.8458613157272339,-0.2228944599628448,0.4727611839771271,0.5948237776756287,-0.6956101655960083,-0.3928976058959961,0.1363000124692917,0.8636999130249023,-0.0577462688088417,-1.0,-1.0,-1.0,-1.0,-1.0,-1.0,-1.0,1.0,0.0,0.0,0.0,1.0,0.0,0.0,0.0,1.0,0.0,0.0,0.0
20260320_140411_268302,2,137,1.5917150974273682,0.176052063703537,-0.1756313913977272,-16.015555435981,0.0,0.266330668214465,0.4076763987541199,-0.4861908617547215,0.0563139139772727,0.0,0.02,0.15,0.0,carpet,12345,2458047843,0,0,2,0,0,0,0.26378133893013,-0.030982868745923,0.172922134399414,0.3958045542240143,0.2501967251300812,-1.0,0.4719980955123901,-0.4090042114257812,0.1305397301912307,0.8694602251052856,-0.2167568057775497,-1.0,-1.0,-1.0,-1.0,-1.0,-1.0,-1.0,1.0,0.0,0.0,0.0,1.0,0.0,0.0,0.0,1.0,0.0,0.0,0.0
20260320_140411_268302,2,138,1.5335270166397097,0.2020156979560852,-0.1771307733443629,-16.192686209325363,0.0,-0.4493428551528495,-2.5963634252548218,-1.6824638443388835,0.0713077334436298,0.0,0.02,0.15,0.0,carpet,12345,2458047843,0,0,2,0,0,0,0.6474495530128479,0.8624103665351868,-0.8639900088310242,-0.0174440741539001,0.4533600509166717,-0.8936374187469482,-0.0828012228012085,-0.4041967391967773,0.1341561824083328,0.8658438324928284,-0.0490831546485424,-1.0,-1.0,-1.0,-1.0,-1.0,-1.0,-1.0,1.0,0.0,0.0,0.0,1.0,0.0,0.0,0.0,1.0,0.0,0.0,0.0
20260320_140411_268302,2,139,1.5208619832992554,0.2095955610275268,-0.180213758863831,-16.372899968189195,0.0,-0.5265037181506926,-0.757986307144165,-2.001671537548191,0.0865556455392395,0.0311638861981421,0.02,0.15,0.0,carpet,12345,2458047843,0,0,2,0,0,0,-0.4489046633243561,0.3721644580364227,-0.8056875467300415,0.338717520236969,0.1013586521148681,-0.2505499422550201,-0.6341269016265869,-0.4769317507743835,0.1111241430044174,0.8888757824897766,-0.2107793539762497,-1.0,-1.0,-1.0,-1.0,-1.0,-1.0,-1.0,1.0,0.0,0.0,0.0,1.0,0.0,0.0,0.0,1.0,0.0,0.0,0.0
20260320_140411_268302,2,140,1.6839293241500854,0.1569551527500152,-0.1293649953060106,-16.502264963495204,0.0,0.9211324183247882,5.26404082775116,0.9395684713200724,0.0634341887201426,0.0,0.02,0.1030215764339963,0.0,carpet,12345,2458047843,0,0,2,0,0,0,-0.9339210987091064,0.4410751760005951,0.747778058052063,0.1461173146963119,0.5397199392318726,0.6531749367713928,0.7771640419960022,-0.4927631318569183,0.1044001430273056,0.8955998420715332,-0.3070798516273498,-1.0,-1.0,-1.0,-1.0,-1.0,-1.0,-1.0,1.0,0.0,0.0,0.0,1.0,0.0,0.0,0.0,1.0,0.0,0.0,0.0
20260320_140411_268302,2,141,1.6708614826202393,0.1489022970199585,-0.1089182676047343,-16.61118323109994,0.0,0.8921707069950031,0.8052855730056763,1.3230026449319752,0.0506839985133314,0.0,0.02,0.0838498677534012,0.0,carpet,12345,2458047843,0,0,2,0,0,0,-0.6579277515411377,-0.9463330507278442,-0.4530346691608429,-0.9478629231452942,0.0387013554573059,0.5829926133155823,-0.1360893547534942,-0.2889289855957031,0.1510968059301376,0.8489031791687012,0.1050049886107444,-1.0,-1.0,-1.0,-1.0,-1.0,-1.0,-1.0,1.0,0.0,0.0,0.0,1.0,0.0,0.0,0.0,1.0,0.0,0.0,0.0
20260320_140411_268302,2,142,1.673905372619629,0.152008831501007,-0.0893954387627834,-16.700578669862722,0.0,0.5914646682200413,-0.3106534481048584,1.6952518884507557,0.0415803318532123,0.0,0.02,0.0652374055774622,0.0,carpet,12345,2458047843,0,0,2,0,0,0,-0.405919462442398,0.5612763166427612,-0.289331316947937,-0.0244601480662822,-0.1653594076633453,-0.8826192021369934,0.5596160888671875,-0.3052636981010437,0.1582403928041458,0.8417595624923706,-0.0186952017247676,-1.0,-1.0,-1.0,-1.0,-1.0,-1.0,-1.0,1.0,0.0,0.0,0.0,1.0,0.0,0.0,0.0,1.0,0.0,0.0,0.0
20260320_140411_268302,2,143,1.7036442756652832,0.1599950641393661,-0.0894741705807527,-16.790052840443476,0.0,0.2439426852060506,-0.798623263835907,1.672863905442341,0.0311736585286979,0.0,0.02,0.0663568047278829,0.0,carpet,12345,2458047843,0,0,2,0,0,0,0.0993442013859748,0.3680467009544372,-1.0,0.7119714617729187,-0.1945554167032241,0.9066116213798524,0.4681847691535949,-0.3014589250087738,0.1554846316576004,0.844515323638916,0.085010789334774,-1.0,-1.0,-1.0,-1.0,-1.0,-1.0,-1.0,1.0,0.0,0.0,0.0,1.0,0.0,0.0,0.0,1.0,0.0,0.0,0.0
20260320_140411_268302,2,144,1.6550263166427612,0.1560514271259308,-0.0528658783218906,-16.842918718765368,0.0,0.2815479392404114,0.3943637013435364,2.403754699835602,0.0305361331367071,0.0,0.02,0.0298122650082198,0.0,carpet,12345,2458047843,0,0,2,0,0,0,-0.8487669229507446,-0.4197461903095245,0.5961281657218933,-0.6917864680290222,-0.4652824997901916,0.4756835401058197,-0.5987600088119507,-0.2642852663993835,0.148400142788887,0.8515998125076294,0.0950136706233024,-1.0,-1.0,-1.0,-1.0,-1.0,-1.0,-1.0,1.0,0.0,0.0,0.0,1.0,0.0,0.0,0.0,1.0,0.0,0.0,0.0
20260320_140411_268302,2,145,1.651468276977539,0.1517205387353897,-0.0230538730518913,-16.86597259181726,0.0,0.3194331641938532,0.4330888390541076,3.249691582180148,0.0305387305189139,0.0,0.02,0.0,0.0,carpet,12345,2458047843,0,0,2,0,0,0,-0.5488743185997009,-0.2155338376760482,-0.8849016427993774,-0.6358149647712708,-0.172811359167099,-0.5031091570854187,-0.5727240443229675,-0.3250578045845032,0.1518984884023666,0.8481014370918274,-0.0952401161193847,-1.0,-1.0,-1.0,-1.0,-1.0,-1.0,-1.0,1.0,0.0,0.0,0.0,1.0,0.0,0.0,0.0,1.0,0.0,0.0,0.0
20260320_140411_268302,2,146,1.624147891998291,0.156795859336853,-0.0513698259937183,-16.91734241781098,0.0,0.1126918581088034,-0.5075320601463318,2.441251021964163,0.034323770919265,0.0,0.02,0.0279374489017918,0.0,carpet,12345,2458047843,0,0,2,0,0,0,0.5778688192367554,-0.912469446659088,0.4948053658008575,0.9061310291290284,0.2720877230167389,-0.1932440996170044,-0.5578005313873291,-0.3295053541660309,0.1557403653860092,0.8442596197128296,-0.100047543644905,-1.0,-1.0,-1.0,-1.0,-1.0,-1.0,-1.0,1.0,0.0,0.0,0.0,1.0,0.0,0.0,0.0,1.0,0.0,0.0,0.0
20260320_140411_268302,2,147,1.6483677625656128,0.1498897969722747,-0.0830670468245976,-17.000409464635577,0.0,0.2571704526960587,0.6906062364578247,1.8062507676652189,0.0337958520785862,0.0,0.02,0.059687461616739,0.0,carpet,12345,2458047843,0,0,2,0,0,0,0.8558874726295471,-0.2834647297859192,-0.8007687330245972,0.6082364320755005,-0.8498436808586121,-0.2300895303487777,0.1658052057027816,-0.3636556565761566,0.1512381136417389,0.8487618565559387,-0.2053465247154235,-1.0,-1.0,-1.0,-1.0,-1.0,-1.0,-1.0,1.0,0.0,0.0,0.0,1.0,0.0,0.0,0.0,1.0,0.0,0.0,0.0
20260320_140411_268302,2,148,1.655357003211975,0.1431682258844375,-0.0944575616071809,-17.09486702624276,0.0,0.360917116717971,0.6721571087837219,1.5757032161631486,0.0324272241533833,0.0,0.02,0.0712148391918425,0.0,carpet,12345,2458047843,0,0,2,0,0,0,-0.5537785887718201,-0.6060440540313721,0.6363570094108582,0.2611774504184723,-0.4038555026054382,0.2115904688835144,0.2358262091875076,-0.3333808779716491,0.1573643982410431,0.8426355719566345,-0.045593935996294,-1.0,-1.0,-1.0,-1.0,-1.0,-1.0,-1.0,1.0,0.0,0.0,0.0,1.0,0.0,0.0,0.0,1.0,0.0,0.0,0.0
20260320_140411_268302,2,149,1.6859451532363892,0.1523871123790741,-0.1041398928826834,-17.199006919125445,0.0,0.0402156751725613,-0.9218886494636536,1.3719762061296592,0.0273870318916641,0.0,0.02,0.081401189693517,0.0,carpet,12345,2458047843,0,0,2,0,0,0,-0.5015960931777954,0.734150230884552,-0.4778523445129394,-0.4541246592998504,0.5357022285461426,1.0,0.1929417848587036,-0.3246442675590515,0.1633270233869552,0.8366729617118835,-0.0263168439269065,-1.0,-1.0,-1.0,-1.0,-1.0,-1.0,-1.0,1.0,0.0,0.0,0.0,1.0,0.0,0.0,0.0,1.0,0.0,0.0,0.0
20260320_140411_268302,2,150,1.6273833513259888,0.1744294464588165,-0.1446589737773118,-17.343665892902756,0.0,-0.5208965956141327,-2.204233407974243,0.5695316712751151,0.0313555734106758,0.0,0.02,0.1215234164362442,0.0,carpet,12345,2458047843,0,0,2,0,0,0,0.8909437656402588,0.8946411609649658,-0.3419698476791382,-0.3317603766918182,-0.5047494769096375,0.7510290741920471,-0.9473845362663268,-0.2864091992378235,0.1551490575075149,0.8448508977890015,0.0461723357439041,-1.0,-1.0,-1.0,-1.0,-1.0,-1.0,-1.0,1.0,0.0,0.0,0.0,1.0,0.0,0.0,0.0,1.0,0.0,0.0,0.0
20260320_140411_268302,2,151,1.645584225654602,0.1342846155166626,-0.1300432898178794,-17.473709182720636,0.0,0.6129483268432381,4.014483094215393,0.8630468339244999,0.0319563151410444,0.0,0.02,0.106847658303775,0.0,carpet,12345,2458047843,0,0,2,0,0,0,0.7816731333732605,0.7868734002113342,0.3221966028213501,0.9470807909965516,0.8276011943817139,0.3788710236549377,-0.0925366058945655,-0.3596113324165344,0.1355955749750137,0.8644044399261475,-0.1665099114179611,-1.0,-1.0,-1.0,-1.0,-1.0,-1.0,-1.0,1.0,0.0,0.0,0.0,1.0,0.0,0.0,0.0,1.0,0.0,0.0,0.0
20260320_140411_268302,2,152,1.6414456367492676,0.1371754258871078,-0.1164088294378623,-17.5901180121585,0.0,0.3874409858713079,-0.2890810370445251,1.1377959616870044,0.0329862752221251,0.0,0.02,0.0931102019156497,0.0,carpet,12345,2458047843,0,0,2,0,0,0,0.7922111749649048,0.1715561151504516,-0.6415379047393799,0.2986118495464325,0.1403181403875351,0.5290849804878235,-0.326086550951004,-0.3368602693080902,0.1712075620889663,0.82879239320755,-0.0432066321372985,-1.0,-1.0,-1.0,-1.0,-1.0,-1.0,-1.0,1.0,0.0,0.0,0.0,1.0,0.0,0.0,0.0,1.0,0.0,0.0,0.0
20260320_140411_268302,2,153,1.5798734426498413,0.1617840081453323,-0.1465038127576171,-17.736621824916117,0.0,-0.3246338170521312,-2.4608582258224487,0.5559916919388144,0.0430339735455788,0.0,0.02,0.1222004154030592,0.0,carpet,12345,2458047843,0,0,2,0,0,0,-0.2756863832473755,0.6872310638427734,0.5626115202903748,-0.0265948995947837,-0.7667709589004517,-0.0931233614683151,-0.8028508424758911,-0.3420335650444031,0.1686431616544723,0.8313568234443665,-0.0779450014233589,-1.0,-1.0,-1.0,-1.0,-1.0,-1.0,-1.0,1.0,0.0,0.0,0.0,1.0,0.0,0.0,0.0,1.0,0.0,0.0,0.0
20260320_140411_268302,2,154,1.6037416458129885,0.1447463929653167,-0.155859521554849,-17.892481346470966,0.0,0.1824650167112764,1.7037615180015564,0.3775395919321198,0.0473650115145505,0.0,0.02,0.131123020403394,0.0,carpet,12345,2458047843,0,0,2,0,0,0,-0.3996718227863312,-0.7954854369163513,0.7240939736366272,0.4265866577625274,0.6957586407661438,0.8232915997505188,-0.3135986328125,-0.4189987182617187,0.1468131989240646,0.8531867265701294,-0.228701114654541,-1.0,-1.0,-1.0,-1.0,-1.0,-1.0,-1.0,1.0,0.0,0.0,0.0,1.0,0.0,0.0,0.0,1.0,0.0,0.0,0.0
20260320_140411_268302,2,155,1.6517996788024902,0.1364309191703796,-0.1401733470498775,-18.032654693520843,0.0,0.3447356074069034,0.8315473794937134,0.682059524166462,0.0427632325820064,0.0,0.02,0.1158970237916768,0.0,carpet,12345,2458047843,0,0,2,0,0,0,-0.4840957522392273,-1.0,0.3499229848384857,-0.0886917784810066,0.7742998003959656,0.1001792028546333,0.6161985993385315,-0.3891635835170746,0.161927044391632,0.8380728960037231,-0.1492533087730407,-1.0,-1.0,-1.0,-1.0,-1.0,-1.0,-1.0,1.0,0.0,0.0,0.0,1.0,0.0,0.0,0.0,1.0,0.0,0.0,0.0
20260320_140411_268302,2,156,1.6544885635375977,0.1396548449993133,-0.1048601515044887,-18.137514845025333,0.0,0.1779535598318204,-0.3223925828933716,1.3809096796124152,0.0390563548510954,0.0,0.02,0.0809545160193792,0.0,carpet,12345,2458047843,0,0,2,0,0,0,0.569096565246582,0.1415831446647644,-0.8179439902305603,-0.1905912309885025,-0.874109148979187,0.1438077688217163,0.5208553075790405,-0.3290910720825195,0.1693035960197448,0.8306963443756104,0.0449870228767395,-1.0,-1.0,-1.0,-1.0,-1.0,-1.0,-1.0,1.0,0.0,0.0,0.0,1.0,0.0,0.0,0.0,1.0,0.0,0.0,0.0
20260320_140411_268302,2,157,1.643361210823059,0.1397920250892639,-0.1289039016428054,-18.266418746668137,0.0,0.1300356676251084,-0.0137180089950561,0.8979970203942855,0.0380375266251974,0.0,0.02,0.1051001489802857,0.0,carpet,12345,2458047843,0,0,2,0,0,0,0.6782693266868591,-0.8636401295661926,-0.7514722943305969,0.5187282562255859,0.3424518406391144,-0.4030615389347076,0.507257878780365,-0.3257299363613128,0.1664436906576156,0.8335562944412231,0.0610998570919036,-1.0,-1.0,-1.0,-1.0,-1.0,-1.0,-1.0,1.0,0.0,0.0,0.0,1.0,0.0,0.0,0.0,1.0,0.0,0.0,0.0
20260320_140411_268302,2,158,1.633141279220581,0.128933236002922,-0.1299039379929827,-18.39632268466112,0.0,0.3689964778773884,1.0858789086341858,0.879552512400366,0.0388156361300101,0.0,0.02,0.1060223743799816,0.0,carpet,12345,2458047843,0,0,2,0,0,0,-0.3361883759498596,-0.7758005261421204,-0.9999656081199646,-0.4272274076938629,0.137723296880722,0.2210505008697509,-0.0480697527527809,-0.3396390974521637,0.1663220077753067,0.8336779475212097,0.0262369252741336,-1.0,-1.0,-1.0,-1.0,-1.0,-1.0,-1.0,1.0,0.0,0.0,0.0,1.0,0.0,0.0,0.0,1.0,0.0,0.0,0.0
20260320_140411_268302,2,159,1.6044039726257324,0.1347178965806961,-0.1075756051006133,-18.50389828976173,0.0,0.1321308439636794,-0.5784660577774048,1.3363171734161767,0.043914637714222,0.0,0.02,0.0831841413291911,0.0,carpet,12345,2458047843,0,0,2,0,0,0,0.9012336730957032,0.61737459897995,0.3435404598712921,0.407096654176712,-0.3489861488342285,-0.0559436455368995,-0.5620835423469543,-0.3524139523506164,0.1759546995162964,0.8240453004837036,-0.0581117570400238,-1.0,-1.0,-1.0,-1.0,-1.0,-1.0,-1.0,1.0,0.0,0.0,0.0,1.0,0.0,0.0,0.0,1.0,0.0,0.0,0.0
20260320_140411_268302,2,160,1.6634306907653809,0.1358806937932968,-0.1126578447046892,-18.61655613446642,0.0,0.0700282026577383,-0.1162797212600708,1.2238803593626386,0.0385186267282119,0.0,0.02,0.088805982031868,0.0,carpet,12345,2458047843,0,0,2,0,0,0,-0.5240491032600403,0.1741221100091934,0.0398292802274227,0.0785038024187088,0.0296190790832042,0.627454936504364,0.4349267482757568,-0.3883356153964996,0.1708232015371322,0.8291767239570618,-0.1555368602275848,-1.0,-1.0,-1.0,-1.0,-1.0,-1.0,-1.0,1.0,0.0,0.0,0.0,1.0,0.0,0.0,0.0,1.0,0.0,0.0,0.0
20260320_140411_268302,2,161,1.664091944694519,0.1461814045906067,-0.1397534907209868,-18.75630962518741,0.0,-0.2049966179394431,-1.0300710797309875,0.674148134016292,0.0346089742180144,0.0,0.02,0.1162925932991853,0.0,carpet,12345,2458047843,0,0,2,0,0,0,-0.7030609846115112,0.1720805913209915,-0.6100399494171143,-0.3921249508857727,-0.4598716795444488,-0.9284486174583436,0.7612817883491516,-0.3145523071289062,0.1697916984558105,0.8302082419395447,0.0755189657211303,-1.0,-1.0,-1.0,-1.0,-1.0,-1.0,-1.0,1.0,0.0,0.0,0.0,1.0,0.0,0.0,0.0,1.0,0.0,0.0,0.0
20260320_140411_268302,2,162,1.5648667812347412,0.1698594987392425,-0.1746884518609506,-18.93099807704836,0.0,-0.7456998171704754,-2.3678094148635864,-0.2495052429860038,0.0468845186095067,0.0,0.02,0.15,0.0,carpet,12345,2458047843,0,0,2,0,0,0,0.2673447728157043,0.4190715551376343,0.6358996629714966,-0.2497044205665588,1.0,-0.9304305911064148,-0.1899544894695282,-0.3137256503105163,0.160654067993164,0.8393459320068359,0.1267043352127075,-1.0,-1.0,-1.0,-1.0,-1.0,-1.0,-1.0,1.0,0.0,0.0,0.0,1.0,0.0,0.0,0.0,1.0,0.0,0.0,0.0
20260320_140411_268302,2,163,1.5648326873779297,0.1694294065237045,-0.1757317884997492,-19.10672986554811,0.0,-0.5485225574894059,0.0430092215538024,-0.9280634681005182,0.0573178849974923,0.0,0.02,0.15,0.0,carpet,12345,2458047843,0,0,2,0,0,0,-0.9410488605499268,0.2133067995309829,-0.990389883518219,-0.5611205697059631,0.756714403629303,-0.92523854970932,-0.1110397428274154,-0.4377571046352386,0.1396495103836059,0.8603504300117493,-0.203068807721138,-1.0,-1.0,-1.0,-1.0,-1.0,-1.0,-1.0,1.0,0.0,0.0,0.0,1.0,0.0,0.0,0.0,1.0,0.0,0.0,0.0
20260320_140411_268302,2,164,1.580364465713501,0.1264734119176864,-0.1762800451835585,-19.28300991073167,0.0,0.6625079470334043,4.295599460601807,-0.6345519989445023,0.0628004518355854,0.0,0.02,0.15,0.0,carpet,12345,2458047843,0,0,2,0,0,0,-0.4805087149143219,0.2911387383937835,0.2981627583503723,-0.3745326399803161,-0.4742479026317596,0.0499128103256225,-0.0400951616466045,-0.4377996325492859,0.1400310546159744,0.859968900680542,-0.1973854005336761,-1.0,-1.0,-1.0,-1.0,-1.0,-1.0,-1.0,1.0,0.0,0.0,0.0,1.0,0.0,0.0,0.0,1.0,0.0,0.0,0.0
20260320_140411_268302,2,165,1.5596187114715576,0.147226020693779,-0.1771273409475932,-19.460137251679264,0.0,-0.0219342591272635,-2.075260877609253,-0.7886171020354453,0.0712734094759325,0.0,0.02,0.15,0.0,carpet,12345,2458047843,0,0,2,0,0,0,-0.5443024635314941,-0.0239314027130603,-0.6311460137367249,0.5902942419052124,-0.9010213017463684,0.0385565645992755,-0.4093765914440155,-0.4183849394321441,0.178136795759201,0.8218631744384766,-0.0938149541616439,-1.0,-1.0,-1.0,-1.0,-1.0,-1.0,-1.0,1.0,0.0,0.0,0.0,1.0,0.0,0.0,0.0,1.0,0.0,0.0,0.0
20260320_140411_268302,2,166,1.5606741905212402,0.1463401615619659,-0.1777753314785984,-19.637912583157863,0.0,0.005695783949875,0.0885859131813049,-0.8529495207433087,0.0777533147859842,0.0,0.02,0.15,0.0,carpet,12345,2458047843,0,0,2,0,0,0,0.1649631708860397,-0.2557296454906463,-0.1721768528223037,0.1503504365682602,-0.7816505432128906,-0.8269109129905701,0.3115297853946686,-0.4443172514438629,0.159727394580841,0.8402725458145142,-0.1854213923215866,-1.0,-1.0,-1.0,-1.0,-1.0,-1.0,-1.0,1.0,0.0,0.0,0.0,1.0,0.0,0.0,0.0,1.0,0.0,0.0,0.0
20260320_140411_268302,2,167,1.5196901559829712,0.1887861788272857,-0.1794117327047916,-19.817324315862656,0.0,-1.0568785936705891,-4.244601726531982,-1.7048314964744549,0.0921182668576921,0.0039981203804488,0.02,0.15,0.0,carpet,12345,2458047843,0,0,2,0,0,0,0.7828543782234192,-0.0659125000238418,-0.0968542471528053,0.616145133972168,1.0,-0.993990421295166,-0.1860273778438568,-0.442997932434082,0.160513237118721,0.8394867181777954,-0.0754258409142494,-1.0,-1.0,-1.0,-1.0,-1.0,-1.0,-1.0,1.0,0.0,0.0,0.0,1.0,0.0,0.0,0.0,1.0,0.0,0.0,0.0
20260320_140411_268302,2,168,1.5307352542877195,0.1765615046024322,-0.1825738390872898,-19.999898154949943,0.0,-0.4870420896316005,1.2224674224853516,-1.44617376893558,0.1009727658301045,0.0495312500855883,0.02,0.15,0.0,carpet,12345,2458047843,0,0,2,0,0,0,0.4427385330200195,-0.3862988948822021,-0.2026450186967849,0.2239717245101928,-0.3066508173942566,0.7914367914199829,-0.865731418132782,-0.4942279756069183,0.1228598952293396,0.8771400451660156,-0.2652621269226074,-1.0,-1.0,-1.0,-1.0,-1.0,-1.0,-1.0,1.0,0.0,0.0,0.0,1.0,0.0,0.0,0.0,1.0,0.0,0.0,0.0
20260320_140411_268302,2,169,1.557533860206604,0.1691683530807495,-0.1827331855968357,-20.18263134054678,0.0,-0.1804527791816497,0.7393151521682739,-1.0781039906278238,0.1012156824921673,0.0522323469523806,0.02,0.15,0.0,carpet,12345,2458047843,0,0,2,0,0,0,-0.8331202864646912,-0.1634699553251266,-0.1947984844446182,0.9475383162498474,-0.755179762840271,1.0,-0.5451482534408569,-0.4804214537143707,0.1337042450904846,0.8662956953048706,-0.299168050289154,-1.0,-1.0,-1.0,-1.0,-1.0,-1.0,-1.0,1.0,0.0,0.0,0.0,1.0,0.0,0.0,0.0,1.0,0.0,0.0,0.0
20260320_140411_268302,2,170,1.556637167930603,0.1635951399803161,-0.1829543980554409,-20.36558573860222,0.0,0.0039907431246177,0.557321310043335,-1.7366211945366103,0.101617822211816,0.0558523166851868,0.02,0.15,0.0,carpet,12345,2458047843,0,0,2,0,0,0,0.2800269424915313,-1.0,-0.2407096028327942,0.6472679972648621,-0.18222376704216,0.7740014791488647,-0.6091533899307251,-0.4469232559204101,0.1402626186609268,0.8597373962402344,-0.1908445805311203,-1.0,-1.0,-1.0,-1.0,-1.0,-1.0,-1.0,1.0,0.0,0.0,0.0,1.0,0.0,0.0,0.0,1.0,0.0,0.0,0.0
20260320_140411_268302,2,171,1.613038420677185,0.1411378532648086,-0.1789387177282647,-20.544524456330485,0.0,0.5644252252311475,2.2457286715507507,-1.1502617101781991,0.08853972283495,0.0016949088953958,0.02,0.15,0.0,carpet,12345,2458047843,0,0,2,0,0,0,0.0969787314534187,-0.0267219990491867,0.5739386081695557,-0.3964811861515045,0.4288477599620819,0.7686477899551392,0.0246742404997348,-0.4480442106723785,0.1452065557241439,0.85479336977005,-0.1963355243206024,-1.0,-1.0,-1.0,-1.0,-1.0,-1.0,-1.0,1.0,0.0,0.0,0.0,1.0,0.0,0.0,0.0,1.0,0.0,0.0,0.0
20260320_140411_268302,2,172,1.5820592641830444,0.1309822052717209,-0.1786175637151601,-20.72314202004565,0.0,0.6772101187505513,1.0155647993087769,-0.4787473753775231,0.0861756371516018,0.0,0.02,0.15,0.0,carpet,12345,2458047843,0,0,2,0,0,0,0.1710248589515686,-0.6213093400001526,-0.0267387703061103,-0.6375105977058411,-0.1093669533729553,-0.9877501726150512,-0.3307820856571197,-0.377542495727539,0.1651281416416168,0.8348718285560608,-0.0004417569725774,-1.0,-1.0,-1.0,-1.0,-1.0,-1.0,-1.0,1.0,0.0,0.0,0.0,1.0,0.0,0.0,0.0,1.0,0.0,0.0,0.0
20260320_140411_268302,2,173,1.5319381952285769,0.1418595165014267,-0.1390652091371632,-20.86220722918281,0.0,0.2359748083202646,-1.087731122970581,0.8141060266133309,0.0959975237943864,0.0034151617678231,0.02,0.1092946986693334,0.0,carpet,12345,2458047843,0,0,2,0,0,0,-1.0,-0.4839706122875213,-0.2920089960098266,-0.3436150252819061,-0.4773989915847778,-0.6457686424255371,-0.7125830054283142,-0.4162664413452148,0.1741370856761932,0.8258628845214844,-0.068471573293209,-1.0,-1.0,-1.0,-1.0,-1.0,-1.0,-1.0,1.0,0.0,0.0,0.0,1.0,0.0,0.0,0.0,1.0,0.0,0.0,0.0
20260320_140411_268302,2,174,1.5770798921585083,0.1459266394376754,-0.1104604833812699,-20.97266771256408,0.0,0.0753030328339861,-0.4067122936248779,1.3764511490789175,0.0928304083521577,0.0,0.02,0.0811774425460541,0.0,carpet,12345,2458047843,0,0,2,0,0,0,0.2586848139762878,0.5942908525466919,-0.5688066482543945,-0.7817285656929016,-0.0477574951946735,0.8304530382156372,0.0466960184276104,-0.4789178967475891,0.1644879579544067,0.8355119824409485,-0.2001813203096389,-1.0,-1.0,-1.0,-1.0,-1.0,-1.0,-1.0,1.0,0.0,0.0,0.0,1.0,0.0,0.0,0.0,1.0,0.0,0.0,0.0
20260320_140411_268302,3,0,1.8884844779968264,0.3243763744831085,-0.02,-0.02,0.0,-0.5724988877773285,-2.289995551109314,0.0,0.0,0.0,0.02,0.0,0.0,carpet,12345,2458047974,0,0,3,0,0,0,-1.0,-0.6380947828292847,0.9414262771606444,0.5510261654853821,0.8000357151031494,0.9464902877807616,-0.8289408087730408,0.0,-0.0,1.0,0.0,-1.0,-1.0,-1.0,-1.0,-1.0,-1.0,-1.0,1.0,0.0,0.0,0.0,1.0,0.0,0.0,0.0,1.0,0.0,0.0,0.0
20260320_140411_268302,3,1,1.896972894668579,0.3053241074085235,-0.02,-0.04,0.0,0.0469325110316276,1.905226707458496,0.0,0.0,0.0,0.02,0.0,0.0,carpet,12345,2458047974,0,0,3,0,0,0,-0.0211749467998743,0.7410393357276917,0.6363852024078369,0.7981124520301819,0.1100126430392265,0.0458263643085956,-0.3916113078594208,-0.0222654342651367,-0.0207902323454618,1.0,-0.130462571978569,-1.0,-1.0,-1.0,-1.0,-1.0,-1.0,-1.0,1.0,0.0,0.0,0.0,1.0,0.0,0.0,0.0,1.0,0.0,0.0,0.0
20260320_140411_268302,3,2,1.8976385593414309,0.305698424577713,-0.02,-0.06,0.0,0.0258414540439844,-0.0374317169189453,0.0,0.0,0.0,0.02,0.0,0.0,carpet,12345,2458047974,0,0,3,0,0,0,0.285800576210022,-0.1424702554941177,0.6148664951324463,-0.855053722858429,-0.7785710692405701,-0.1064206585288047,-0.3055192828178406,-0.0116548538208007,-0.0034932154230773,1.0,-0.0701968297362327,-1.0,-1.0,-1.0,-1.0,-1.0,-1.0,-1.0,1.0,0.0,0.0,0.0,1.0,0.0,0.0,0.0,1.0,0.0,0.0,0.0
20260320_140411_268302,3,3,1.916290283203125,0.3425138294696808,-0.02,-0.08,0.0,-0.901004031766206,-3.681540489196777,0.0,0.0,0.0,0.02,0.0,0.0,carpet,12345,2458047974,0,0,3,0,0,0,-0.8922977447509766,0.2124686986207962,0.7753674983978271,0.1098413839936256,-0.0637457445263862,-0.981766402721405,0.8706044554710388,-0.0108228679746389,-0.0038330475799739,1.0,-0.0548252239823341,-1.0,-1.0,-1.0,-1.0,-1.0,-1.0,-1.0,1.0,0.0,0.0,0.0,1.0,0.0,0.0,0.0,1.0,0.0,0.0,0.0
20260320_140411_268302,3,4,1.8085684776306152,0.3476527631282806,-0.02,-0.1,0.0,-0.8042263652896509,-0.5138933658599854,0.0,0.0,0.0,0.02,0.0,0.0,carpet,12345,2458047974,0,0,3,0,0,0,-0.4175953269004822,0.2638443410396576,-0.1219104081392288,0.6521161198616028,-0.82821124792099,-0.2389496862888336,-0.6771879196166992,0.0124917980283498,-0.0372567437589168,1.0,0.1113775521516799,-1.0,-1.0,-1.0,-1.0,-1.0,-1.0,-1.0,1.0,0.0,0.0,0.0,1.0,0.0,0.0,0.0,1.0,0.0,0.0,0.0
20260320_140411_268302,3,5,1.815419554710388,0.3473689556121826,-0.1699999999999999,-0.27,0.0,-0.5960745860647876,0.0283807516098022,-2.801029905822361,0.0,0.0,0.02,0.15,0.0,carpet,12345,2458047974,0,0,3,0,0,0,0.2970210909843445,0.6471161842346191,-0.6645392179489136,0.3101636469364166,0.5496060848236084,0.1309704482555389,-0.8855745792388916,-0.1221605315804481,-0.0419222377240657,1.0,-0.2214653193950653,-1.0,-1.0,-1.0,-1.0,-1.0,-1.0,-1.0,1.0,0.0,0.0,0.0,1.0,0.0,0.0,0.0,1.0,0.0,0.0,0.0
20260320_140411_268302,3,6,1.9840428829193115,0.3517862558364868,-0.1699999999999999,-0.44,0.0,-0.5574884451561957,-0.4417300224304199,-2.786019463201228,0.0,0.0,0.02,0.15,0.0,carpet,12345,2458047974,0,0,3,0,0,0,0.340763121843338,-0.8694728016853333,-0.7186126112937927,-0.6874747276306152,1.0,0.6132986545562744,0.3268287777900696,-0.11359653621912,-0.041664570569992,1.0,-0.2540929317474365,-1.0,-1.0,-1.0,-1.0,-1.0,-1.0,-1.0,1.0,0.0,0.0,0.0,1.0,0.0,0.0,0.0,1.0,0.0,0.0,0.0
20260320_140411_268302,3,7,1.8926235437393188,0.3379675447940826,-0.1699999999999999,-0.61,0.0,-0.0726485578070423,1.3818711042404177,-2.905600532039898,0.0,0.0,0.02,0.15,0.0,carpet,12345,2458047974,0,0,3,0,0,0,-0.6072876453399658,1.0,-0.6234982013702393,0.4367132484912872,0.0767594277858734,0.0276702232658863,-1.0,0.0971824675798416,-0.0456749200820922,1.0,0.1540833413600921,-1.0,-1.0,-1.0,-1.0,-1.0,-1.0,-1.0,1.0,0.0,0.0,0.0,1.0,0.0,0.0,0.0,1.0,0.0,0.0,0.0
20260320_140411_268302,3,8,1.902177095413208,0.3317657113075256,-0.1699999999999999,-0.78,0.0,0.1005594188086433,0.6201833486557007,-2.830882567275239,0.0,0.0,0.02,0.15,0.0,carpet,12345,2458047974,0,0,3,0,0,0,0.0513876229524612,-0.3228923380374908,0.4729091823101043,0.8601430058479309,0.4772591292858124,0.4037545919418335,-0.7336060404777527,-0.0170915611088275,-0.0331292673945426,1.0,-0.1653285175561905,-1.0,-1.0,-1.0,-1.0,-1.0,-1.0,-1.0,1.0,0.0,0.0,0.0,1.0,0.0,0.0,0.0,1.0,0.0,0.0,0.0
20260320_140411_268302,3,9,2.0310380458831787,0.4363296627998352,-0.3046698058003141,-1.084669805800314,-0.1346698058003141,-2.5386792232012567,-10.456395149230955,-4.46855775871029,0.0,0.0,0.02,0.15,0.0,carpet,12345,2458047974,0,0,3,0,0,0,0.966265082359314,-0.8531296253204346,-0.897597074508667,-0.7226664423942566,-0.2305979281663894,0.9230467081069946,0.8882256746292114,-0.0051496503874659,-0.0274988058954477,1.0,-0.1396084129810333,-1.0,-1.0,-1.0,-1.0,-1.0,-1.0,-1.0,1.0,0.0,0.0,0.0,1.0,0.0,0.0,0.0,1.0,0.0,0.0,0.0
20260320_140411_268302,3,10,2.015861749649048,0.4109777808189392,-0.1699999999999999,-1.254669805800314,0.0,-1.2702123678785426,2.5351881980896,-4.934543761299182,0.0,0.0,0.02,0.15,0.0,carpet,12345,2458047974,0,0,3,0,0,0,-0.5131980180740356,1.0,-0.3430660665035248,-0.5626715421676636,0.2910821139812469,-0.8378996253013611,0.8379930853843689,0.1559265106916427,-0.1224295198917388,1.0,0.3765371143817901,-1.0,-1.0,-1.0,-1.0,-1.0,-1.0,-1.0,1.0,0.0,0.0,0.0,1.0,0.0,0.0,0.0,1.0,0.0,0.0,0.0
20260320_140411_268302,3,11,2.014000654220581,0.3982762396335602,-0.1711416014613332,-1.4258114072616472,0.0,-0.6351207462744242,1.2701541185379028,-4.973589921508818,0.0,0.0228320292266644,0.02,0.15,0.0,carpet,12345,2458047974,0,0,3,0,0,0,-0.8847941160202026,0.6043941378593445,-0.670657217502594,-0.6237744688987732,-0.5722857713699341,0.1672208309173584,0.5918225049972534,0.1369562149047851,-0.0994132608175277,1.0,0.3494321703910827,-1.0,-1.0,-1.0,-1.0,-1.0,-1.0,-1.0,1.0,0.0,0.0,0.0,1.0,0.0,0.0,0.0,1.0,0.0,0.0,0.0
20260320_140411_268302,3,12,1.9765074253082275,0.3346331417560577,-0.17031623265262,-1.5961276399142672,0.0,1.1147368872317287,6.364309787750244,-3.301364589120894,0.0,0.0063246530524001,0.02,0.15,0.0,carpet,12345,2458047974,0,0,3,0,0,0,0.0740952566266059,-0.725400447845459,0.3658532500267029,0.5734252333641052,0.7154078483581543,-0.5130122900009155,0.2925600111484527,0.1346298158168792,-0.0878818929195404,1.0,0.3121809959411621,-1.0,-1.0,-1.0,-1.0,-1.0,-1.0,-1.0,1.0,0.0,0.0,0.0,1.0,0.0,0.0,0.0,1.0,0.0,0.0,0.0
20260320_140411_268302,3,13,1.8824586868286133,0.3482902944087982,-0.1699999999999999,-1.7661276399142671,0.0,0.4946238491052952,-1.365715265274048,-2.734092182208556,0.0,0.0,0.02,0.15,0.0,carpet,12345,2458047974,0,0,3,0,0,0,0.2271610647439956,0.8686690926551819,0.8238042593002319,-0.2943757176399231,1.0,-0.2771380245685577,-0.8717067837715149,0.087763212621212,-0.0301020685583353,1.0,0.1016910597681999,-1.0,-1.0,-1.0,-1.0,-1.0,-1.0,-1.0,1.0,0.0,0.0,0.0,1.0,0.0,0.0,0.0,1.0,0.0,0.0,0.0
20260320_140411_268302,3,14,1.9687353372573853,0.3467055857181549,-0.1699999999999999,-1.936127639914267,0.0,0.4105856040950471,0.158470869064331,-2.4240659969221525,0.0,0.0,0.02,0.15,0.0,carpet,12345,2458047974,0,0,3,0,0,0,-0.4996992647647857,-0.0491284020245075,0.1373090595006942,-0.8311706185340881,0.1711750477552414,0.8266897797584534,-0.0650231391191482,-0.0297977440059185,-0.0425010174512863,1.0,-0.1742033064365387,-1.0,-1.0,-1.0,-1.0,-1.0,-1.0,-1.0,1.0,0.0,0.0,0.0,1.0,0.0,0.0,0.0,1.0,0.0,0.0,0.0
20260320_140411_268302,3,15,1.9523788690567017,0.340153306722641,-0.1406820297880881,-2.076809669702356,0.0,0.4717461779591332,0.6552278995513916,0.5863594042382374,0.0,0.0,0.02,0.1206820297880881,0.0,carpet,12345,2458047974,0,0,3,0,0,0,0.3292723298072815,0.2286939024925232,0.297219306230545,-0.2079762518405914,-0.2104268372058868,0.6714465022087097,-0.5560827851295471,0.0780481323599815,-0.0410623103380203,1.0,0.1124080196022987,-1.0,-1.0,-1.0,-1.0,-1.0,-1.0,-1.0,1.0,0.0,0.0,0.0,1.0,0.0,0.0,0.0,1.0,0.0,0.0,0.0
20260320_140411_268302,3,16,1.901826858520508,0.3323516845703125,-0.0497289020302827,-2.126538571732638,0.0,0.5488501872775657,0.7801622152328491,2.4054219593943458,0.0,0.0,0.02,0.0297289020302827,0.0,carpet,12345,2458047974,0,0,3,0,0,0,0.4713222980499267,0.5781919360160828,0.417346715927124,0.4173479974269867,-0.8999443650245667,-0.5561684370040894,-0.8118295669555664,0.0576025024056434,-0.0351136811077594,1.0,0.0394798517227172,-1.0,-1.0,-1.0,-1.0,-1.0,-1.0,-1.0,1.0,0.0,0.0,0.0,1.0,0.0,0.0,0.0,1.0,0.0,0.0,0.0
20260320_140411_268302,3,17,1.8499187231063845,0.3173498511314392,-0.02,-2.146538571732638,0.0,0.7866834764299995,1.500183343887329,3.8272261820987694,0.0,0.0,0.02,0.0,0.0,carpet,12345,2458047974,0,0,3,0,0,0,0.7817263603210449,0.3224532306194305,0.8879188299179077,0.3618122935295105,-0.340170681476593,-0.6782290935516357,-0.4149319231510162,-0.0055875778198242,-0.0280307978391647,1.0,-0.084242083132267,-1.0,-1.0,-1.0,-1.0,-1.0,-1.0,-1.0,1.0,0.0,0.0,0.0,1.0,0.0,0.0,0.0,1.0,0.0,0.0,0.0
20260320_140411_268302,3,18,1.9217957258224487,0.3256336152553558,-0.02,-2.166538571732638,0.0,0.382918504224591,-0.8283764123916626,3.095407799091632,0.0,0.0,0.02,0.0,0.0,carpet,12345,2458047974,0,0,3,0,0,0,-0.1800129562616348,-0.6061895489692688,0.4312959611415863,0.5062844753265381,-0.287013828754425,0.8938930034637451,0.5736998319625854,-0.0704727172851562,-0.0144110498949885,1.0,-0.1351208090782165,-1.0,-1.0,-1.0,-1.0,-1.0,-1.0,-1.0,1.0,0.0,0.0,0.0,1.0,0.0,0.0,0.0,1.0,0.0,0.0,0.0
20260320_140411_268302,3,19,1.8357796669006348,0.3348758518695831,-0.0371541543600447,-2.203692726092683,0.0,0.056132962812768,-0.9242236614227296,2.6569169127991046,0.0,0.0,0.02,0.0171541543600447,0.0,carpet,12345,2458047974,0,0,3,0,0,0,0.302420437335968,0.5670966506004333,0.6313351988792419,0.4602479338645935,0.2877196371555328,-0.0807689800858497,-1.0,0.0193735118955373,-0.0219316538423299,1.0,0.1392459124326706,-1.0,-1.0,-1.0,-1.0,-1.0,-1.0,-1.0,1.0,0.0,0.0,0.0,1.0,0.0,0.0,0.0,1.0,0.0,0.0,0.0
20260320_140411_268302,3,20,1.7797284126281738,0.3692786991596222,-0.0985820075718675,-2.3022747336645506,0.0,-0.8179714601414076,-3.4402847290039062,1.42835984856265,0.0,0.0,0.02,0.0785820075718675,0.0,carpet,12345,2458047974,0,0,3,0,0,0,0.6416879296302795,-0.2915288507938385,-0.0476274043321609,0.8953055143356323,-0.2327450364828109,-0.6110066175460815,-0.9337965846061708,-0.0881464034318924,-0.0303224362432956,1.0,-0.2300903499126434,-1.0,-1.0,-1.0,-1.0,-1.0,-1.0,-1.0,1.0,0.0,0.0,0.0,1.0,0.0,0.0,0.0,1.0,0.0,0.0,0.0
20260320_140411_268302,3,21,1.782259821891785,0.3631442189216614,-0.1455236670545265,-2.447798400719077,0.0,-0.4601165891570389,0.6134480237960815,0.4964970814464777,0.0,0.0069704225370095,0.02,0.1251751459276761,0.0,carpet,12345,2458047974,0,0,3,0,0,0,0.4792475700378418,0.7349072694778442,-0.2576154470443725,0.878574013710022,0.7659926414489746,-0.7900810837745667,-0.6331009864807129,-0.1582105606794357,-0.0615558288991451,1.0,-0.3071703612804413,-1.0,-1.0,-1.0,-1.0,-1.0,-1.0,-1.0,1.0,0.0,0.0,0.0,1.0,0.0,0.0,0.0,1.0,0.0,0.0,0.0
20260320_140411_268302,3,22,1.8233118057250977,0.3247624933719635,-0.142657085836931,-2.5904554865560083,0.0,0.6144556968746713,3.838172554969788,0.5621025910435833,0.0,0.0152443077822049,0.02,0.1218948704478208,0.0,carpet,12345,2458047974,0,0,3,0,0,0,-0.9894533157348632,-0.7116970419883728,-0.4719477593898773,-0.6002957820892334,0.6710294485092163,0.2443096339702606,-0.5078985095024109,-0.1550462692975998,-0.0559864938259124,1.0,-0.2637020945549011,-1.0,-1.0,-1.0,-1.0,-1.0,-1.0,-1.0,1.0,0.0,0.0,0.0,1.0,0.0,0.0,0.0,1.0,0.0,0.0,0.0
20260320_140411_268302,3,23,1.8226805925369265,0.3318141996860504,-0.1682369036383284,-2.7586923901943368,0.0,0.2845491148038377,-0.7051706314086914,0.0599682294174215,0.0,0.0247063021839904,0.02,0.1470015885291289,0.0,carpet,12345,2458047974,0,0,3,0,0,0,-0.4393537938594818,0.325662761926651,0.6907415986061096,-0.1112956330180168,0.8249892592430115,0.1883220225572586,-1.0,-0.1037313491106033,-0.0211407840251922,1.0,-0.1733901351690292,-1.0,-1.0,-1.0,-1.0,-1.0,-1.0,-1.0,1.0,0.0,0.0,0.0,1.0,0.0,0.0,0.0,1.0,0.0,0.0,0.0
20260320_140411_268302,3,24,1.9130539894104004,0.3183847069740295,-0.1586900560451891,-2.917382446239526,0.0,0.5491491539033859,1.3429492712020874,0.2261988790962164,0.0,0.0,0.02,0.1386900560451892,0.0,carpet,12345,2458047974,0,0,3,0,0,0,0.2770743072032928,0.7144298553466797,-0.4120045900344848,0.6208940148353577,0.2615761160850525,0.2636897265911102,0.5380478501319885,-0.1045202240347862,-0.0275428239256143,1.0,-0.1846072524785995,-1.0,-1.0,-1.0,-1.0,-1.0,-1.0,-1.0,1.0,0.0,0.0,0.0,1.0,0.0,0.0,0.0,1.0,0.0,0.0,0.0
20260320_140411_268302,3,25,1.869492530822754,0.3028815984725952,-0.1215247252876577,-3.038907171527184,0.0,0.7994395779633976,1.5503108501434326,0.969505494246846,0.0,0.0,0.02,0.1015247252876577,0.0,carpet,12345,2458047974,0,0,3,0,0,0,-0.5011475086212158,-0.2185731530189514,0.1984723359346389,0.4776155352592468,-0.7586289048194885,-0.4522570669651031,-0.0300504714250564,0.0084465024992823,-0.0153505625203251,1.0,0.1496699303388595,-1.0,-1.0,-1.0,-1.0,-1.0,-1.0,-1.0,1.0,0.0,0.0,0.0,1.0,0.0,0.0,0.0,1.0,0.0,0.0,0.0
20260320_140411_268302,3,26,1.9045153856277464,0.3298144936561584,-0.0843132870864128,-3.1232204586135968,0.0,-0.0737426961165113,-2.6932895183563232,1.7137342582717423,0.0,0.0,0.02,0.0643132870864128,0.0,carpet,12345,2458047974,0,0,3,0,0,0,0.5745931267738342,-0.453213632106781,0.4126389622688293,-0.5753910541534424,0.8744271993637085,-0.3546341359615326,0.845291256904602,-0.0460054390132427,-0.0012757257791236,1.0,0.0236612800508737,-1.0,-1.0,-1.0,-1.0,-1.0,-1.0,-1.0,1.0,0.0,0.0,0.0,1.0,0.0,0.0,0.0,1.0,0.0,0.0,0.0
20260320_140411_268302,3,27,1.8886373043060305,0.329452782869339,-0.0636206702494068,-3.186841128863004,0.0,-0.0462642524169183,0.0361710786819458,2.127586595011863,0.0,0.0,0.02,0.0436206702494068,0.0,carpet,12345,2458047974,0,0,3,0,0,0,-0.961306095123291,-0.2224760055541992,0.6147491335868835,0.2065669298171997,-0.9832094311714172,-0.6909157037734985,0.8405795097351074,-0.0022268295288085,-0.0257273502647876,1.0,0.1660437285900116,-1.0,-1.0,-1.0,-1.0,-1.0,-1.0,-1.0,1.0,0.0,0.0,0.0,1.0,0.0,0.0,0.0,1.0,0.0,0.0,0.0
20260320_140411_268302,3,28,1.735769271850586,0.3345720469951629,-0.1024774447160542,-3.2893185735790578,0.0,-0.1626797924582774,-0.5119264125823975,1.350451105678914,0.0,0.0,0.02,0.0824774447160542,0.0,carpet,12345,2458047974,0,0,3,0,0,0,1.0,-0.331060528755188,0.7689134478569031,-0.5920527577400208,-0.253326952457428,-0.3741078972816467,-0.7110697627067566,-0.0220745094120502,-0.0253989640623331,1.0,0.155923306941986,-1.0,-1.0,-1.0,-1.0,-1.0,-1.0,-1.0,1.0,0.0,0.0,0.0,1.0,0.0,0.0,0.0,1.0,0.0,0.0,0.0
20260320_140411_268302,3,29,1.7805463075637815,0.3278980553150177,-0.11446290307325,-3.403781476652308,0.0,0.0448399476599234,0.6673991680145264,1.110741938535,0.0,0.0,0.02,0.0944629030732499,0.0,carpet,12345,2458047974,0,0,3,0,0,0,0.6385291218757629,-0.2042907625436782,-0.1330188363790512,-0.1924520283937454,1.0,-0.8788443803787231,0.5816318988800049,-0.213159367442131,-0.0300465878099203,1.0,-0.2523963451385498,-1.0,-1.0,-1.0,-1.0,-1.0,-1.0,-1.0,1.0,0.0,0.0,0.0,1.0,0.0,0.0,0.0,1.0,0.0,0.0,0.0
20260320_140411_268302,3,30,1.7615398168563845,0.3154184520244598,-0.1246393586179746,-3.5284208352702824,0.0,0.3456200430088927,1.247960329055786,0.9072128276405068,0.0,0.0,0.02,0.1046393586179746,0.0,carpet,12345,2458047974,0,0,3,0,0,0,-0.8355066180229187,-0.1813375800848007,0.0030650836415588,0.7460746765136719,-0.2286487966775894,0.4524400234222412,-0.6054242253303528,-0.1571882218122482,-0.0239874776452779,1.0,-0.0282779280096292,-1.0,-1.0,-1.0,-1.0,-1.0,-1.0,-1.0,1.0,0.0,0.0,0.0,1.0,0.0,0.0,0.0,1.0,0.0,0.0,0.0
20260320_140411_268302,3,31,1.7412176132202148,0.3278874456882477,-0.1672368279830462,-3.695657663253329,0.0,-0.0525098093380336,-1.2468993663787842,0.0552634403390754,0.0,0.0,0.02,0.1472368279830462,0.0,carpet,12345,2458047974,0,0,3,0,0,0,-0.5064493417739868,0.7262328863143921,0.2415713965892791,0.4347369372844696,1.0,-0.4196322560310364,-0.7756500244140625,-0.1809463500976562,-0.0126575855538249,1.0,-0.2007470428943634,-1.0,-1.0,-1.0,-1.0,-1.0,-1.0,-1.0,1.0,0.0,0.0,0.0,1.0,0.0,0.0,0.0,1.0,0.0,0.0,0.0
20260320_140411_268302,3,32,1.7941575050354004,0.2943692505359649,-0.1236210670870438,-3.819278730340373,0.0,0.7985725218035356,3.3518195152282715,0.9275786582591224,0.0,0.0,0.02,0.1036210670870438,0.0,carpet,12345,2458047974,0,0,3,0,0,0,-0.9079936146736144,-0.1112029403448104,-0.2219827771186828,-0.6029931902885437,-0.7073918581008911,0.5875899791717529,-0.2201020568609237,-0.2063489854335785,-0.0239778496325016,1.0,-0.2491484433412552,-1.0,-1.0,-1.0,-1.0,-1.0,-1.0,-1.0,1.0,0.0,0.0,0.0,1.0,0.0,0.0,0.0,1.0,0.0,0.0,0.0
20260320_140411_268302,3,33,1.834043264389038,0.3059501051902771,-0.1058374532164553,-3.925116183556828,0.0,0.3094080249948518,-1.1580854654312134,1.2832509356708923,0.0,0.0,0.02,0.0858374532164553,0.0,carpet,12345,2458047974,0,0,3,0,0,0,0.5498974323272705,0.8162628412246704,-0.9950138330459596,0.6395816206932068,0.0073387967422604,0.4663238525390625,0.5530898571014404,-0.1401741057634353,0.0064523960463702,0.9935476183891296,-0.039102666079998,-1.0,-1.0,-1.0,-1.0,-1.0,-1.0,-1.0,1.0,0.0,0.0,0.0,1.0,0.0,0.0,0.0,1.0,0.0,0.0,0.0
20260320_140411_268302,3,34,1.772038221359253,0.3032567203044891,-0.082733931548999,-4.007850115105827,0.0,0.2993906408908486,0.2693384885787964,1.7453213690200189,0.0,0.0,0.02,0.062733931548999,0.0,carpet,12345,2458047974,0,0,3,0,0,0,0.8174143433570862,0.6392465829849243,-0.3849389851093292,-0.0526297502219677,0.8909512162208557,-0.3502028882503509,-0.5779310464859009,-0.090316966176033,-0.0040615359321236,1.0,0.1122252792119979,-1.0,-1.0,-1.0,-1.0,-1.0,-1.0,-1.0,1.0,0.0,0.0,0.0,1.0,0.0,0.0,0.0,1.0,0.0,0.0,0.0
20260320_140411_268302,3,35,1.7992175817489624,0.2845054268836975,-0.0503096631225997,-4.058159778228426,0.0,0.6933253161879094,1.8751293420791624,2.3938067375480045,0.0,0.0,0.02,0.0303096631225997,0.0,carpet,12345,2458047974,0,0,3,0,0,0,-0.3931949138641357,0.4502615332603454,-0.7716503143310547,0.0014778606127947,-0.363440990447998,0.1847319304943084,-0.1316950321197509,-0.1678232252597808,-0.0016162852989509,1.0,-0.1456599831581115,-1.0,-1.0,-1.0,-1.0,-1.0,-1.0,-1.0,1.0,0.0,0.0,0.0,1.0,0.0,0.0,0.0,1.0,0.0,0.0,0.0
20260320_140411_268302,3,36,1.773148536682129,0.3021018505096435,-0.0635864954484294,-4.121746273676856,0.0,0.0800833964922986,-1.7596423625946045,2.1282700910314105,0.0,0.0,0.02,0.0435864954484294,0.0,carpet,12345,2458047974,0,0,3,0,0,0,-0.6637918949127197,-0.7874560356140137,0.5052391290664673,0.022955110296607,-0.2888009548187256,0.5323454141616821,-0.8681667447090149,-0.1338491439819336,0.0154074989259243,0.9845924973487854,-0.0254923291504383,-1.0,-1.0,-1.0,-1.0,-1.0,-1.0,-1.0,1.0,0.0,0.0,0.0,1.0,0.0,0.0,0.0,1.0,0.0,0.0,0.0
20260320_140411_268302,3,37,1.7673381567001345,0.2817021012306213,-0.0324581910142893,-4.154204464691145,0.0,0.5700562793447688,2.0399749279022217,2.750836179714213,0.0,0.0,0.02,0.0124581910142893,0.0,carpet,12345,2458047974,0,0,3,0,0,0,0.2941854000091553,-0.5701461434364319,0.4836892783641815,0.3891039490699768,-0.3628748953342438,-0.4178633689880371,-0.1612755209207534,-0.1664354354143142,-0.0005678184679709,1.0,-0.1479521095752716,-1.0,-1.0,-1.0,-1.0,-1.0,-1.0,-1.0,1.0,0.0,0.0,0.0,1.0,0.0,0.0,0.0,1.0,0.0,0.0,0.0
20260320_140411_268302,3,38,1.7595523595809937,0.3119654953479767,-0.0888389492757309,-4.243043413966876,0.0,-0.3290426434252964,-3.0263394117355347,1.623221014485381,0.0,0.0,0.02,0.0688389492757309,0.0,carpet,12345,2458047974,0,0,3,0,0,0,0.5602840185165405,-0.4104388654232025,0.8699275851249695,0.8121119737625122,-0.2238022238016128,1.0,-0.932547688484192,-0.1736984252929687,0.017952561378479,0.982047438621521,-0.076255977153778,-1.0,-1.0,-1.0,-1.0,-1.0,-1.0,-1.0,1.0,0.0,0.0,0.0,1.0,0.0,0.0,0.0,1.0,0.0,0.0,0.0
20260320_140411_268302,3,39,1.7569493055343628,0.3104227781295776,-0.1147200531309235,-4.3577634670978,0.0,-0.2082140521089996,0.1542717218399047,1.1055989373815294,0.0,0.0,0.02,0.0947200531309235,0.0,carpet,12345,2458047974,0,0,3,0,0,0,0.8845774531364441,0.6171214580535889,0.6486959457397461,-0.7015292644500732,-0.6933740377426147,0.3937423527240753,-0.8601154088973999,-0.1834306716918945,-0.0095227481797337,1.0,-0.201620265841484,-1.0,-1.0,-1.0,-1.0,-1.0,-1.0,-1.0,1.0,0.0,0.0,0.0,1.0,0.0,0.0,0.0,1.0,0.0,0.0,0.0
20260320_140411_268302,3,40,1.8564523458480835,0.3397905528545379,-0.1699999999999999,-4.5277634670978,0.0,-0.8903549072057615,-2.9367774724960327,-0.0841466107150807,0.0,0.0,0.02,0.15,0.0,carpet,12345,2458047974,0,0,3,0,0,0,0.8380433917045593,0.0431234128773212,0.0432176440954208,-0.3361890316009521,-0.6526787877082825,0.556585967540741,1.0,-0.1866844147443771,-0.0081221545115113,1.0,-0.1905465722084045,-1.0,-1.0,-1.0,-1.0,-1.0,-1.0,-1.0,1.0,0.0,0.0,0.0,1.0,0.0,0.0,0.0,1.0,0.0,0.0,0.0
20260320_140411_268302,3,41,1.7357975244522097,0.2918638885021209,-0.1699999999999999,-4.6977634670978,0.0,0.5304004284060966,4.792666435241699,-0.2470714984968935,0.0,0.0,0.02,0.15,0.0,carpet,12345,2458047974,0,0,3,0,0,0,-0.3318399488925934,0.6768614649772644,-0.1297835856676101,0.0156363490968942,-0.1089551299810409,-0.2993186414241791,-0.6217209100723267,-0.0623056404292583,-0.0347843244671821,1.0,0.228180855512619,-1.0,-1.0,-1.0,-1.0,-1.0,-1.0,-1.0,1.0,0.0,0.0,0.0,1.0,0.0,0.0,0.0,1.0,0.0,0.0,0.0
20260320_140411_268302,3,42,1.7354284524917605,0.2909911274909973,-0.1653767774203264,-4.863140244518126,0.0,0.4196193465826638,0.0872761011123657,0.0924644515934716,0.0,0.0,0.02,0.1453767774203264,0.0,carpet,12345,2458047974,0,0,3,0,0,0,-0.8753860592842102,-0.9180721044540404,0.404133141040802,-0.0016691214405,0.1841206699609756,-0.4693349599838257,-0.4220177829265594,-0.213124081492424,0.0087269600480794,0.9912729859352112,-0.1972846090793609,-1.0,-1.0,-1.0,-1.0,-1.0,-1.0,-1.0,1.0,0.0,0.0,0.0,1.0,0.0,0.0,0.0,1.0,0.0,0.0,0.0
20260320_140411_268302,3,43,1.6556482315063477,0.3922503590583801,-0.22672677117188,-5.089867015690007,-0.0541915698118913,-2.2167662792475653,-10.12592315673828,-2.6943581069988625,0.0006128692679525,0.0494782886638687,0.02,0.15,0.0,carpet,12345,2458047974,0,0,3,0,0,0,-0.6450200080871582,-0.5562424063682556,0.5200783610343933,0.4803468883037567,0.0346344634890556,-0.9140985608100892,-0.9676873683929444,-0.2135854661464691,0.0095193022862076,0.990480661392212,-0.1830963045358657,-1.0,-1.0,-1.0,-1.0,-1.0,-1.0,-1.0,1.0,0.0,0.0,0.0,1.0,0.0,0.0,0.0,1.0,0.0,0.0,0.0
20260320_140411_268302,3,44,1.751413106918335,0.3078040778636932,-0.1705745927756877,-5.260441608465694,0.0,0.4485823204315124,8.444628119468689,-1.9167331431420536,0.0004180188731517,0.0106558177674509,0.02,0.15,0.0,carpet,12345,2458047974,0,0,3,0,0,0,-0.6737249493598938,-0.3107556998729706,-0.2829347848892212,0.7426915168762207,-0.0114035755395889,-0.6010480523109436,0.5390186309814453,-0.3133108019828796,-0.0824111551046371,1.0,-0.4086798131465912,-1.0,-1.0,-1.0,-1.0,-1.0,-1.0,-1.0,1.0,0.0,0.0,0.0,1.0,0.0,0.0,0.0,1.0,0.0,0.0,0.0
20260320_140411_268302,3,45,1.7737233638763428,0.2995710074901581,-0.1700074504980603,-5.430449058963754,0.0,0.542263499661999,0.8233070373535156,-1.1662555913710548,7.450498060312895e-05,0.0,0.02,0.15,0.0,carpet,12345,2458047974,0,0,3,0,0,0,-0.1098806709051132,0.9144346714019777,0.4559713006019592,-0.808866560459137,-0.3786596059799194,0.8074116706848145,0.0147472852841019,-0.1936046630144119,-0.0057446965947747,1.0,-0.0477733500301837,-1.0,-1.0,-1.0,-1.0,-1.0,-1.0,-1.0,1.0,0.0,0.0,0.0,1.0,0.0,0.0,0.0,1.0,0.0,0.0,0.0
20260320_140411_268302,3,46,1.7389283180236816,0.3020377159118652,-0.1665608410707635,-5.597009900034518,0.0,0.3450299142038204,-0.2466708421707153,0.0691292300385271,0.0001730257268988,0.0,0.02,0.1465435384980736,0.0,carpet,12345,2458047974,0,0,3,0,0,0,0.7971016764640808,0.4557009041309356,0.632937490940094,0.2334296405315399,-0.9487504363059998,-0.301362007856369,-0.0374829173088073,-0.1657169312238693,0.0017298801103606,0.9982700943946838,-0.0112015651538968,-1.0,-1.0,-1.0,-1.0,-1.0,-1.0,-1.0,1.0,0.0,0.0,0.0,1.0,0.0,0.0,0.0,1.0,0.0,0.0,0.0
20260320_140411_268302,3,47,1.7157788276672363,0.3131244480609894,-0.1700647666755911,-5.767074666710109,0.0,-0.0183958680752454,-1.1086732149124146,-0.4796670664428148,0.0006476667559113,0.0,0.02,0.15,0.0,carpet,12345,2458047974,0,0,3,0,0,0,-0.5803304314613342,-0.3026459813117981,0.5780462026596069,0.7630144357681274,-0.9086266160011292,-0.4154175817966461,-0.242222711443901,-0.2092105895280838,-0.0005095837987028,1.0,-0.0687469691038131,-1.0,-1.0,-1.0,-1.0,-1.0,-1.0,-1.0,1.0,0.0,0.0,0.0,1.0,0.0,0.0,0.0,1.0,0.0,0.0,0.0
20260320_140411_268302,3,48,1.7275210618972778,0.3018380999565124,-0.1700909298926095,-5.937165596602719,0.0,0.2683618015554998,1.1286348104476929,-0.6309246114699789,0.0009092989260959,0.0,0.02,0.15,0.0,carpet,12345,2458047974,0,0,3,0,0,0,-0.950043261051178,-0.538167417049408,-0.7683755159378052,0.1998325884342193,0.8358532786369324,-0.7226543426513672,0.3091165721416473,-0.2381475418806076,-0.0105749201029539,1.0,-0.1500287801027298,-1.0,-1.0,-1.0,-1.0,-1.0,-1.0,-1.0,1.0,0.0,0.0,0.0,1.0,0.0,0.0,0.0,1.0,0.0,0.0,0.0
20260320_140411_268302,3,49,1.7299458980560305,0.2922384738922119,-0.0687520787426225,-6.005917675345341,0.0,0.4412620027741383,0.9599626064300536,2.0271036705517247,0.0010726227020873,0.0,0.02,0.0486448164724137,0.0,carpet,12345,2458047974,0,0,3,0,0,0,0.317934900522232,-0.2315611094236374,0.2231037020683288,-0.8695719838142395,0.474307507276535,0.1963321715593338,-0.63614422082901,-0.2234697341918945,-0.0003283515106886,1.0,-0.1064402908086776,-1.0,-1.0,-1.0,-1.0,-1.0,-1.0,-1.0,1.0,0.0,0.0,0.0,1.0,0.0,0.0,0.0,1.0,0.0,0.0,0.0
20260320_140411_268302,3,50,1.81878924369812,0.2827534079551697,-0.0626703028104259,-6.068587978155767,0.0,0.568073150506649,0.9485065937042236,2.146594500626861,2.784176897913586e-07,0.0,0.02,0.0426702749686569,0.0,carpet,12345,2458047974,0,0,3,0,0,0,-0.5122714042663574,0.8974493145942688,-0.5674861669540405,0.127845212817192,0.2881065011024475,0.1227655559778213,0.7187960147857666,-0.2204387634992599,0.0083868857473135,0.9916130900382996,-0.1992506980895996,-1.0,-1.0,-1.0,-1.0,-1.0,-1.0,-1.0,1.0,0.0,0.0,0.0,1.0,0.0,0.0,0.0,1.0,0.0,0.0,0.0
20260320_140411_268302,3,51,1.817716360092163,0.2822704017162323,-0.0678769490090854,-6.136464927164853,0.0,0.4381300188534283,0.0483006238937377,2.0424610198182904,0.0,0.0,0.02,0.0478769490090854,0.0,carpet,12345,2458047974,0,0,3,0,0,0,0.8585507869720459,-0.493068516254425,-0.8628113865852356,0.3892224729061126,0.6831363439559937,-0.0776338577270507,0.6535982489585876,-0.109384536743164,0.01699810475111,0.9830018877983092,0.1430999487638473,-1.0,-1.0,-1.0,-1.0,-1.0,-1.0,-1.0,1.0,0.0,0.0,0.0,1.0,0.0,0.0,0.0,1.0,0.0,0.0,0.0
20260320_140411_268302,3,52,1.8250186443328853,0.2783454954624176,-0.0637924361950045,-6.200257363359857,0.0,0.4267201704854386,0.3924906253814697,2.1241512760999086,0.0,0.0,0.02,0.0437924361950045,0.0,carpet,12345,2458047974,0,0,3,0,0,0,-0.1560066938400268,-0.0119982566684484,0.6477593779563904,0.2015412300825119,0.5502970814704895,1.0,0.4334074854850769,-0.1107255965471267,0.017436621710658,0.982563316822052,0.1327129304409027,-1.0,-1.0,-1.0,-1.0,-1.0,-1.0,-1.0,1.0,0.0,0.0,0.0,1.0,0.0,0.0,0.0,1.0,0.0,0.0,0.0
20260320_140411_268302,3,53,1.6739747524261477,0.3311893343925476,-0.112925435060701,-6.313182798420558,0.0,-1.0010558453891747,-5.2843838930130005,1.141491298785979,0.0,0.0,0.02,0.092925435060701,0.0,carpet,12345,2458047974,0,0,3,0,0,0,1.0,0.4944487512111664,-0.4221677482128143,-0.0784530192613601,0.580630362033844,-0.5121762156486511,-1.0,-0.101597785949707,0.0209999326616525,0.9790000319480896,0.1331833004951477,-1.0,-1.0,-1.0,-1.0,-1.0,-1.0,-1.0,1.0,0.0,0.0,0.0,1.0,0.0,0.0,0.0,1.0,0.0,0.0,0.0
20260320_140411_268302,3,54,1.6899574995040894,0.3036304116249084,-0.1294949584821255,-6.442677756902684,0.0,-0.0618188148508949,2.755892276763916,0.8113106823795846,0.0006049260110479,0.0,0.02,0.1094344658810207,0.0,carpet,12345,2458047974,0,0,3,0,0,0,-0.4351050555706024,-0.0752909854054451,0.233340710401535,0.924924612045288,0.384493738412857,0.1064081639051437,-0.7378918528556824,-0.2904025912284851,-0.0269755423069,1.0,-0.3122916519641876,-1.0,-1.0,-1.0,-1.0,-1.0,-1.0,-1.0,1.0,0.0,0.0,0.0,1.0,0.0,0.0,0.0,1.0,0.0,0.0,0.0
20260320_140411_268302,3,55,1.878441572189331,0.3026964664459228,-0.1526483401029044,-6.5953260970055885,0.0,-0.0230154816635348,0.0933945178985595,0.3470331979419114,0.0,0.0,0.02,0.1326483401029044,0.0,carpet,12345,2458047974,0,0,3,0,0,0,-0.8567748665809631,0.5890488624572754,1.0,-0.0292520076036453,0.9322332143783568,-0.0766500011086463,0.7926238179206848,-0.2704242765903473,-0.0019555459730327,1.0,-0.2629629671573639,-1.0,-1.0,-1.0,-1.0,-1.0,-1.0,-1.0,1.0,0.0,0.0,0.0,1.0,0.0,0.0,0.0,1.0,0.0,0.0,0.0
20260320_140411_268302,3,56,1.751189112663269,0.2887096107006073,-0.1644315085089748,-6.759757605514563,0.0,0.3324097823852412,1.3986855745315552,0.1113698298205037,0.0,0.0,0.02,0.1444315085089748,0.0,carpet,12345,2458047974,0,0,3,0,0,0,0.0470546074211597,-0.4520752429962158,0.6209468245506287,0.0785775110125541,-0.2776217460632324,-0.7991173267364502,-0.6409549713134766,-0.0348190292716026,-0.0011076364899054,1.0,0.1943540722131729,-1.0,-1.0,-1.0,-1.0,-1.0,-1.0,-1.0,1.0,0.0,0.0,0.0,1.0,0.0,0.0,0.0,1.0,0.0,0.0,0.0
20260320_140411_268302,3,57,1.8545775413513184,0.326793909072876,-0.1699999999999999,-6.929757605514563,0.0,-0.702800122517786,-3.808429837226868,-1.0295603115507106,0.0,0.0,0.02,0.15,0.0,carpet,12345,2458047974,0,0,3,0,0,0,0.4301294088363647,0.4952922761440277,-0.0371971055865287,0.5569385886192322,-0.8411861062049866,0.8764183521270752,0.6794663071632385,-0.1938846558332443,0.0115906419232487,0.9884092807769777,-0.2005616724491119,-1.0,-1.0,-1.0,-1.0,-1.0,-1.0,-1.0,1.0,0.0,0.0,0.0,1.0,0.0,0.0,0.0,1.0,0.0,0.0,0.0
20260320_140411_268302,3,58,1.8265256881713867,0.3063269555568695,-0.1699999999999999,-7.099757605514563,0.0,-0.0154262539881813,2.046695351600647,-1.4717067360243306,0.0,0.0,0.02,0.15,0.0,carpet,12345,2458047974,0,0,3,0,0,0,-0.8337516188621521,0.0979199111461639,-0.3192700743675232,0.7773393392562866,-0.5461536049842834,0.9172373414039612,-0.407507449388504,-0.0646492019295692,-0.0229850374162197,1.0,0.2016466557979583,-1.0,-1.0,-1.0,-1.0,-1.0,-1.0,-1.0,1.0,0.0,0.0,0.0,1.0,0.0,0.0,0.0,1.0,0.0,0.0,0.0
20260320_140411_268302,3,59,1.8575963973999023,0.3060556352138519,-0.1699999999999999,-7.269757605514563,0.0,-0.0047866819157036,0.0271320343017578,-0.4754375725508595,0.0,0.0,0.02,0.15,0.0,carpet,12345,2458047974,0,0,3,0,0,0,-0.5406408905982971,0.2668792009353637,-0.8137122988700867,-0.8601412177085876,0.2284269481897354,0.0757280886173248,0.8008585572242737,-0.0997138991951942,-0.0044036712497472,1.0,0.0180868804454803,-1.0,-1.0,-1.0,-1.0,-1.0,-1.0,-1.0,1.0,0.0,0.0,0.0,1.0,0.0,0.0,0.0,1.0,0.0,0.0,0.0
20260320_140411_268302,3,60,1.7539280652999878,0.269793689250946,-0.1455330060032043,-7.415290611517768,0.0,0.9029586376358764,3.626194596290589,0.4893398799359119,0.0,0.0,0.02,0.1255330060032043,0.0,carpet,12345,2458047974,0,0,3,0,0,0,0.7061684727668762,-0.1095785200595855,0.9407783150672911,-0.9470386505126952,0.294389009475708,-0.5333110094070435,-0.4438211917877197,-0.0608755126595497,-0.004157347138971,1.0,0.2321583181619644,-1.0,-1.0,-1.0,-1.0,-1.0,-1.0,-1.0,1.0,0.0,0.0,0.0,1.0,0.0,0.0,0.0,1.0,0.0,0.0,0.0
20260320_140411_268302,3,61,1.805270075798035,0.292760282754898,-0.1392295248886225,-7.55452013640639,0.0,0.1030541406281031,-2.296659350395202,0.6154095022275499,0.0,0.0,0.02,0.1192295248886225,0.0,carpet,12345,2458047974,0,0,3,0,0,0,-0.6671224236488342,-0.8946465253829956,-1.0,-0.0236957743763923,-0.8187784552574158,-0.0503470003604888,0.9531770348548888,-0.1904609650373459,0.0287638828158378,0.9712361097335817,-0.077259674668312,-1.0,-1.0,-1.0,-1.0,-1.0,-1.0,-1.0,1.0,0.0,0.0,0.0,1.0,0.0,0.0,0.0,1.0,0.0,0.0,0.0
20260320_140411_268302,3,62,1.800029158592224,0.2683258056640625,-0.1214423873707862,-7.675962523777176,0.0,0.6881525327419666,2.443447709083557,0.9711522525842752,0.0,0.0,0.02,0.1014423873707862,0.0,carpet,12345,2458047974,0,0,3,0,0,0,0.437679648399353,0.0483911857008934,-0.2511073052883148,-0.1309742480516433,0.109379656612873,0.5895525813102722,0.1055843979120254,-0.1262834519147873,0.0079131461679935,0.9920868873596193,0.1939773261547088,-1.0,-1.0,-1.0,-1.0,-1.0,-1.0,-1.0,1.0,0.0,0.0,0.0,1.0,0.0,0.0,0.0,1.0,0.0,0.0,0.0
20260320_140411_268302,3,63,1.7406898736953735,0.2745022475719452,-0.068217213651926,-7.744179737429103,0.0,0.3617033518594184,-0.617644190788269,2.03565572696148,0.0,0.0,0.02,0.048217213651926,0.0,carpet,12345,2458047974,0,0,3,0,0,0,-0.3799923956394195,-0.7354825139045715,0.6646189093589783,0.7857099175453186,-0.7401636838912964,-0.044128231704235,-0.5189175605773926,-0.1328346282243728,0.0300965271890163,0.9699034690856934,0.0720046013593673,-1.0,-1.0,-1.0,-1.0,-1.0,-1.0,-1.0,1.0,0.0,0.0,0.0,1.0,0.0,0.0,0.0,1.0,0.0,0.0,0.0
20260320_140411_268302,3,64,1.779018759727478,0.2602860927581787,-0.0361118317405808,-7.780291569169683,0.0,0.6266813842387222,1.421615481376648,2.677763365188383,0.0,0.0,0.02,0.0161118317405808,0.0,carpet,12345,2458047974,0,0,3,0,0,0,1.0,0.3573619127273559,-0.8485763072967529,0.7356318831443787,0.3144274652004242,0.249371126294136,0.1389795839786529,-0.2070087492465973,0.0244891140609979,0.9755108952522278,-0.1183995306491851,-1.0,-1.0,-1.0,-1.0,-1.0,-1.0,-1.0,1.0,0.0,0.0,0.0,1.0,0.0,0.0,0.0,1.0,0.0,0.0,0.0
20260320_140411_268302,3,65,1.747222661972046,0.2647953033447265,-0.02,-7.800291569169683,0.0,0.3572807735153418,-0.4509210586547851,3.0398308206194287,0.0,0.0,0.02,0.0,0.0,carpet,12345,2458047974,0,0,3,0,0,0,0.4129642248153686,-0.4085762798786163,-0.7595218420028687,0.6033273339271545,-0.2817856073379516,-0.2923952639102936,-0.3627544641494751,-0.159097671508789,0.0373955518007278,0.9626044034957886,0.0067886682227253,-1.0,-1.0,-1.0,-1.0,-1.0,-1.0,-1.0,1.0,0.0,0.0,0.0,1.0,0.0,0.0,0.0,1.0,0.0,0.0,0.0
20260320_140411_268302,3,66,1.815926432609558,0.3036531805992126,-0.0983307084121048,-7.898622277581787,0.0,-0.7034863512256493,-3.885787725448608,1.433385831757903,0.0,0.0,0.02,0.0783307084121048,0.0,carpet,12345,2458047974,0,0,3,0,0,0,-0.5301381349563599,0.7785701155662537,-0.9606022834777832,0.0352426990866661,-0.8245554566383362,0.8421611189842224,0.5168393850326538,-0.1988428086042404,0.0333017744123935,0.9666982293128968,-0.0930028483271598,-1.0,-1.0,-1.0,-1.0,-1.0,-1.0,-1.0,1.0,0.0,0.0,0.0,1.0,0.0,0.0,0.0,1.0,0.0,0.0,0.0
20260320_140411_268302,3,67,1.7409002780914309,0.2663902640342712,-0.0832855079082951,-7.981907785490082,0.0,0.4039581507042982,3.7262916564941406,1.734289841834098,0.0,0.0,0.02,0.0632855079082951,0.0,carpet,12345,2458047974,0,0,3,0,0,0,0.1575475484132766,-0.5628196597099304,0.3618040084838867,-0.0024501108564436,-0.8127444982528687,-0.2794171273708343,-0.3174411654472351,-0.1129631027579307,-0.0019762217998504,1.0,0.1580889970064163,-1.0,-1.0,-1.0,-1.0,-1.0,-1.0,-1.0,1.0,0.0,0.0,0.0,1.0,0.0,0.0,0.0,1.0,0.0,0.0,0.0
20260320_140411_268302,3,68,1.7720892429351809,0.2693863213062286,-0.1062897754839288,-8.088197560974011,0.0,0.2280671812292922,-0.2996057271957397,1.2742044903214236,0.0,0.0,0.02,0.0862897754839288,0.0,carpet,12345,2458047974,0,0,3,0,0,0,1.0,-0.1928847581148147,0.7733469605445862,0.0726915597915649,0.0517817065119743,1.0,0.1324723660945892,-0.2067457139492035,0.0318537503480911,0.9681462049484252,-0.0383858829736709,-1.0,-1.0,-1.0,-1.0,-1.0,-1.0,-1.0,1.0,0.0,0.0,0.0,1.0,0.0,0.0,0.0,1.0,0.0,0.0,0.0
20260320_140411_268302,3,69,1.6907000541687012,0.2907701730728149,-0.1425551241688541,-8.230752685142866,0.0,-0.3635459082426848,-2.1383851766586304,0.5489552302193204,2.885679820143587e-05,0.0,0.02,0.1225522384890339,0.0,carpet,12345,2458047974,0,0,3,0,0,0,0.5769681334495544,1.0,0.8949311375617981,-1.0,-0.4708974063396454,-0.5714600086212158,-0.919428288936615,-0.167759507894516,0.0291337072849273,0.9708662629127502,0.0390207692980766,-1.0,-1.0,-1.0,-1.0,-1.0,-1.0,-1.0,1.0,0.0,0.0,0.0,1.0,0.0,0.0,0.0,1.0,0.0,0.0,0.0
20260320_140411_268302,3,70,1.711327075958252,0.2719219326972961,-0.1640044541653019,-8.394757139308167,0.0,0.1985465782059492,1.88482403755188,0.1208204241865473,0.0004547537462934,0.0,0.02,0.1439589787906726,0.0,carpet,12345,2458047974,0,0,3,0,0,0,0.9723727107048036,-0.2041100114583969,-0.5365571975708008,0.3272049129009247,0.5187826752662659,-0.9893712997436525,0.5407109260559082,-0.2694959640502929,0.009719911031425,0.9902800917625428,-0.2011430263519287,-1.0,-1.0,-1.0,-1.0,-1.0,-1.0,-1.0,1.0,0.0,0.0,0.0,1.0,0.0,0.0,0.0,1.0,0.0,0.0,0.0
20260320_140411_268302,3,71,1.726309895515442,0.2526677846908569,-0.1503856102333279,-8.545142749541496,0.0,0.6302636338154457,1.925414800643921,0.3938032844866512,0.0007577445766048,0.0,0.02,0.1303098357756674,0.0,carpet,12345,2458047974,0,0,3,0,0,0,-0.2765403389930725,0.4853147268295288,0.6606054902076721,0.6244347095489502,-0.0014498066157102,0.3361612558364868,0.5431662797927856,-0.243712231516838,0.0268316958099603,0.9731682538986206,0.0010037139290943,-1.0,-1.0,-1.0,-1.0,-1.0,-1.0,-1.0,1.0,0.0,0.0,0.0,1.0,0.0,0.0,0.0,1.0,0.0,0.0,0.0
20260320_140411_268302,3,72,1.7039058208465576,0.2728039026260376,-0.1168372088182099,-8.661979958359705,0.0,-0.0307052230179323,-2.0136117935180664,1.0665844126943682,0.0016642945292835,0.0,0.02,0.0966707793652815,0.0,carpet,12345,2458047974,0,0,3,0,0,0,-0.6441265940666199,0.6359832882881165,0.0054771224968135,0.4713730812072754,-0.7870678901672363,0.7777178883552551,-0.666306734085083,-0.2249836027622223,0.0443120077252388,0.955687940120697,0.0269564110785722,-1.0,-1.0,-1.0,-1.0,-1.0,-1.0,-1.0,1.0,0.0,0.0,0.0,1.0,0.0,0.0,0.0,1.0,0.0,0.0,0.0
20260320_140411_268302,3,73,1.7205060720443726,0.2519425451755523,-0.1121402391629999,-8.774120197522706,0.0,0.498505018998685,2.086135745048523,1.161131280988755,0.0019680321243767,0.0,0.02,0.0919434359505622,0.0,carpet,12345,2458047974,0,0,3,0,0,0,-0.8765804171562195,-0.7647801637649536,0.5742800831794739,-0.4752155244350433,-0.1912415772676468,0.3598850667476654,-0.1139012202620506,-0.2529888153076172,0.0260309912264347,0.9739689826965332,-0.1479843407869339,-1.0,-1.0,-1.0,-1.0,-1.0,-1.0,-1.0,1.0,0.0,0.0,0.0,1.0,0.0,0.0,0.0,1.0,0.0,0.0,0.0
20260320_140411_268302,3,74,1.7605911493301392,0.2540192008018493,-0.1073486602092256,-8.881468857731932,0.0,0.3219623735915888,-0.2076655626296997,1.2550264733510517,0.0009998387677821,0.0,0.02,0.0872486763324474,0.0,carpet,12345,2458047974,0,0,3,0,0,0,-0.8093898296356201,0.239141047000885,-0.5180717706680298,-0.0995846316218376,0.9619747400283812,0.8449229598045349,-0.0891499146819114,-0.2322383821010589,0.044970441609621,0.955029547214508,-0.0540144927799701,-1.0,-1.0,-1.0,-1.0,-1.0,-1.0,-1.0,1.0,0.0,0.0,0.0,1.0,0.0,0.0,0.0,1.0,0.0,0.0,0.0
20260320_140411_268302,3,75,1.7189031839370728,0.2465174794197082,-0.067765780985794,-8.949234638717726,0.0,0.4290148147472195,0.7501721382141113,2.047587196340956,0.001451408028418,0.0,0.02,0.0476206401829522,0.0,carpet,12345,2458047974,0,0,3,0,0,0,-0.505789577960968,0.4522998034954071,0.5204598903656006,-0.3821277618408203,-1.0,-0.998629868030548,-0.5429587364196777,-0.1821321547031402,0.0430850945413112,0.9569148421287536,0.0030733610037714,-1.0,-1.0,-1.0,-1.0,-1.0,-1.0,-1.0,1.0,0.0,0.0,0.0,1.0,0.0,0.0,0.0,1.0,0.0,0.0,0.0
20260320_140411_268302,3,76,1.7187625169754028,0.2547043561935425,-0.071878489441687,-9.021113128159412,0.0,0.1170891917145411,-0.8186876773834229,1.966129809849548,0.0018497993416445,0.0,0.02,0.0516935095075226,0.0,carpet,12345,2458047974,0,0,3,0,0,0,0.8407415151596069,-0.3645723760128021,-0.706350564956665,0.6229519248008728,-0.30650395154953,0.4619401395320892,-0.5686145424842834,-0.2342420518398285,0.0498956963419914,0.950104296207428,-0.105365365743637,-1.0,-1.0,-1.0,-1.0,-1.0,-1.0,-1.0,1.0,0.0,0.0,0.0,1.0,0.0,0.0,0.0,1.0,0.0,0.0,0.0
20260320_140411_268302,3,77,1.737033724784851,0.2545717358589172,-0.0988074091695839,-9.119920537328998,0.0,0.0911324021515582,0.0132620334625244,1.4269985781856604,0.0015733807886692,0.0,0.02,0.0786500710907169,0.0,carpet,12345,2458047974,0,0,3,0,0,0,-0.9568542242050172,-0.6221516132354736,-0.8793274164199829,0.2468630224466323,-0.2322216928005218,-0.8700235486030579,0.4993553757667541,-0.2344179153442382,0.0424630604684352,0.9575369358062744,-0.1158955618739128,-1.0,-1.0,-1.0,-1.0,-1.0,-1.0,-1.0,1.0,0.0,0.0,0.0,1.0,0.0,0.0,0.0,1.0,0.0,0.0,0.0
20260320_140411_268302,3,78,1.6745212078094482,0.253415584564209,-0.0926267189332106,-9.212547256262209,0.0,0.0972530839813714,0.1156151294708252,1.5549568851849642,0.0037456319245882,0.0,0.02,0.0722521557407517,0.0,carpet,12345,2458047974,0,0,3,0,0,0,0.3656384646892547,0.0676789060235023,0.5904807448387146,-0.183456614613533,0.2689308226108551,-0.359962910413742,-0.5819597244262695,-0.2115789353847503,0.0425834618508815,0.957416534423828,0.0458213649690151,-1.0,-1.0,-1.0,-1.0,-1.0,-1.0,-1.0,1.0,0.0,0.0,0.0,1.0,0.0,0.0,0.0,1.0,0.0,0.0,0.0
20260320_140411_268302,3,79,1.658133625984192,0.2618166804313659,-0.1247316228902572,-9.337278879152466,0.0,-0.137087583692903,-0.8401095867156982,0.919364282493376,0.0069983701492608,0.0,0.02,0.1040317858753312,0.0,carpet,12345,2458047974,0,0,3,0,0,0,-0.7725247144699097,0.3814543187618255,0.5169363617897034,0.043548010289669,-0.5069890022277832,-0.3099221289157867,-0.4403658509254455,-0.2897195816040039,0.0436331033706665,0.9563668966293336,-0.1822391599416732,-1.0,-1.0,-1.0,-1.0,-1.0,-1.0,-1.0,1.0,0.0,0.0,0.0,1.0,0.0,0.0,0.0,1.0,0.0,0.0,0.0
20260320_140411_268302,3,80,1.7316150665283203,0.2862260043621063,-0.1705217922638753,-9.50780067141634,0.0,-0.7130487860381862,-2.440932393074036,-0.1156468771363989,0.0052179226387539,0.0,0.02,0.15,0.0,carpet,12345,2458047974,0,0,3,0,0,0,0.7849515080451965,-0.3011499643325805,-0.4844238460063934,-0.5449182391166687,-0.8189466595649719,0.4296413362026214,0.8427901268005371,-0.3102039396762848,0.0360059887170791,0.963994026184082,-0.1914740204811096,-1.0,-1.0,-1.0,-1.0,-1.0,-1.0,-1.0,1.0,0.0,0.0,0.0,1.0,0.0,0.0,0.0,1.0,0.0,0.0,0.0
20260320_140411_268302,3,81,1.719883680343628,0.2830798625946045,-0.1704648711116766,-9.678265542528017,0.0,-0.4561330453410903,0.3146141767501831,-1.0007947372247088,0.0046487111167663,0.0,0.02,0.15,0.0,carpet,12345,2458047974,0,0,3,0,0,0,-0.9681649208068848,-0.7574969530105591,-0.2401116788387298,0.0177351217716932,-0.8988332748413086,-0.7566081881523132,0.7716109752655029,-0.2183523178100586,0.0138454306870698,0.9861546158790588,0.1540718972682953,-1.0,-1.0,-1.0,-1.0,-1.0,-1.0,-1.0,1.0,0.0,0.0,0.0,1.0,0.0,0.0,0.0,1.0,0.0,0.0,0.0
20260320_140411_268302,3,82,1.6967343091964722,0.2612805962562561,-0.1705482626810934,-9.84881380520911,0.0,0.202881874452899,2.179926633834839,-0.9150020544863507,0.0054826268109342,0.0,0.02,0.15,0.0,carpet,12345,2458047974,0,0,3,0,0,0,0.6819000244140625,-0.6573149561882019,-0.4635129570960998,-1.0,0.3380432426929474,-0.5228654146194458,0.5457234978675842,-0.2330164015293121,0.0167017187923192,0.9832982420921326,0.1333911567926406,-1.0,-1.0,-1.0,-1.0,-1.0,-1.0,-1.0,1.0,0.0,0.0,0.0,1.0,0.0,0.0,0.0,1.0,0.0,0.0,0.0
20260320_140411_268302,3,83,1.671396017074585,0.2691122889518738,-0.1707777077112413,-10.019591512920352,0.0,-0.0436309115507782,-0.7831692695617676,-1.0497653681886874,0.0077770771124137,0.0,0.02,0.15,0.0,carpet,12345,2458047974,0,0,3,0,0,0,-0.2963689565658569,-0.1345491111278534,-0.3569719195365906,0.7247729301452637,-0.5992276668548584,-0.8229421377182007,0.5302261710166931,-0.2619531750679016,0.0364926792681217,0.9635072946548462,0.0420517325401306,-1.0,-1.0,-1.0,-1.0,-1.0,-1.0,-1.0,1.0,0.0,0.0,0.0,1.0,0.0,0.0,0.0,1.0,0.0,0.0,0.0
20260320_140411_268302,3,84,1.707128643989563,0.2654842734336853,-0.1707233783437759,-10.190314891264128,0.0,0.0579772042916317,0.3628015518188476,-1.089041247878427,0.0072337834377598,0.0,0.02,0.15,0.0,carpet,12345,2458047974,0,0,3,0,0,0,1.0,-0.5517750978469849,-0.8786244988441467,-0.4125449359416961,0.9015576243400574,0.2386026680469513,0.5498613715171814,-0.2936260104179382,0.0293825063854455,0.970617413520813,-0.0023293292615562,-1.0,-1.0,-1.0,-1.0,-1.0,-1.0,-1.0,1.0,0.0,0.0,0.0,1.0,0.0,0.0,0.0,1.0,0.0,0.0,0.0
20260320_140411_268302,3,85,1.7216976881027222,0.280494213104248,-0.1705943809924712,-10.3609092722566,0.0,-0.3317655885453519,-1.5009939670562744,-1.2837192527308758,0.0059438099247121,0.0,0.02,0.15,0.0,carpet,12345,2458047974,0,0,3,0,0,0,-0.5864090323448181,0.3853462338447571,0.0746071338653564,0.6145054697990417,-0.9566490650177002,0.7832197546958923,0.5157355666160583,-0.2489603012800216,0.0326762720942497,0.9673237204551696,0.0675384849309921,-1.0,-1.0,-1.0,-1.0,-1.0,-1.0,-1.0,1.0,0.0,0.0,0.0,1.0,0.0,0.0,0.0,1.0,0.0,0.0,0.0
20260320_140411_268302,3,86,1.6738089323043823,0.2355156391859054,-0.1555534035763376,-10.516462675832935,0.0,0.8756401565495651,4.497857391834259,0.3049696898568754,0.0080188806918138,0.0,0.02,0.1347515155071562,0.0,carpet,12345,2458047974,0,0,3,0,0,0,-0.8673725724220276,-0.5671802759170532,0.4458152055740356,-0.2003235816955566,0.1753000617027282,0.1951956152915954,-0.205516368150711,-0.2307489365339279,0.0190491657704114,0.9809508323669434,0.1127410382032394,-1.0,-1.0,-1.0,-1.0,-1.0,-1.0,-1.0,1.0,0.0,0.0,0.0,1.0,0.0,0.0,0.0,1.0,0.0,0.0,0.0
20260320_140411_268302,3,87,1.6562070846557615,0.2518296539783478,-0.1206172205827148,-10.637079896415653,0.0,0.2488797476011086,-1.6314014792442322,1.0099824827990744,0.0111634472266852,0.0,0.02,0.0995008758600462,0.0,carpet,12345,2458047974,0,0,3,0,0,0,-0.4869048595428467,0.2465984970331192,-0.7553386092185974,-1.0,0.8913448452949524,-0.4371451437473297,-0.2445625513792038,-0.2906099259853363,0.0598839744925498,0.9401159882545472,-0.053155668079853,-1.0,-1.0,-1.0,-1.0,-1.0,-1.0,-1.0,1.0,0.0,0.0,0.0,1.0,0.0,0.0,0.0,1.0,0.0,0.0,0.0
20260320_140411_268302,3,88,1.6200454235076904,0.2576696574687958,-0.1293450847358316,-10.766424981151482,0.0,0.0406597234396315,-0.5840003490447998,0.8477603317858069,0.0173310132512202,0.0,0.02,0.1076119834107096,0.0,carpet,12345,2458047974,0,0,3,0,0,0,0.5899965167045593,-0.0049576652236282,-0.6428371071815491,0.4597939550876617,-0.2997516989707947,-0.1540627777576446,-0.6422871351242065,-0.3126121461391449,0.0450729206204414,0.9549270868301392,-0.0984504967927932,-1.0,-1.0,-1.0,-1.0,-1.0,-1.0,-1.0,1.0,0.0,0.0,0.0,1.0,0.0,0.0,0.0,1.0,0.0,0.0,0.0
20260320_140411_268302,3,89,1.6837667226791382,0.2632585167884826,-0.132495330648456,-10.89892031179994,0.0,-0.1092266904124414,-0.558885931968689,0.7821645529241437,0.0160355829466318,0.0,0.02,0.1108917723537928,0.0,carpet,12345,2458047974,0,0,3,0,0,0,0.8266854286193848,0.1147910207509994,0.0405003018677234,-0.2962949573993683,-0.8485295176506042,0.5832223296165466,0.4857608377933502,-0.357814222574234,0.0397709496319294,0.9602290391921996,-0.2196613401174545,-1.0,-1.0,-1.0,-1.0,-1.0,-1.0,-1.0,1.0,0.0,0.0,0.0,1.0,0.0,0.0,0.0,1.0,0.0,0.0,0.0
20260320_140411_268302,3,90,1.574663162231445,0.2836904227733612,-0.1661435035114631,-11.065063815311404,0.0,-0.5927176674313159,-2.043190598487854,0.1314696812011959,0.0271698757152297,0.0,0.02,0.1434265159399401,0.0,carpet,12345,2458047974,0,0,3,0,0,0,-0.8502041101455688,0.1171296164393425,-1.0,0.4011508226394653,-0.1076418384909629,-0.5127829909324646,-0.7761219143867493,-0.2781625688076019,0.0346969813108444,0.9653030037879944,0.0700559988617897,-1.0,-1.0,-1.0,-1.0,-1.0,-1.0,-1.0,1.0,0.0,0.0,0.0,1.0,0.0,0.0,0.0,1.0,0.0,0.0,0.0
20260320_140411_268302,3,91,1.6826460361480713,0.2488524317741394,-0.1278265979755851,-11.192890413286989,0.0,0.4264115244070865,3.48379909992218,0.8896467941536343,0.0230893768326682,0.0,0.02,0.1055176602923182,0.0,carpet,12345,2458047974,0,0,3,0,0,0,-0.5732018351554871,0.2333974391222,0.4374515116214752,-0.6832506656646729,0.6810539364814758,0.2868856787681579,0.6880979537963867,-0.4145421981811523,0.0161474235355854,0.9838525652885436,-0.3077074289321899,-1.0,-1.0,-1.0,-1.0,-1.0,-1.0,-1.0,1.0,0.0,0.0,0.0,1.0,0.0,0.0,0.0,1.0,0.0,0.0,0.0
20260320_140411_268302,3,92,1.6052099466323853,0.2760739624500274,-0.1729609552523008,-11.365851368539287,0.0,-0.3607296235919079,-2.722153067588806,-0.3467229859878387,0.0296095525230087,0.0,0.02,0.15,0.0,carpet,12345,2458047974,0,0,3,0,0,0,-0.547440767288208,-0.3567298948764801,0.3507822751998901,-0.1568908095359802,-0.919560730457306,0.6448483467102051,-0.9519917964935304,-0.2795635163784027,0.0477758720517158,0.95222407579422,0.0761907398700714,-1.0,-1.0,-1.0,-1.0,-1.0,-1.0,-1.0,1.0,0.0,0.0,0.0,1.0,0.0,0.0,0.0,1.0,0.0,0.0,0.0
20260320_140411_268302,3,93,1.6283602714538574,0.2558377385139465,-0.1731777367202861,-11.539029105259573,0.0,0.2353583807081065,2.0236223936080933,-0.3602443528808408,0.0317773672028612,0.0,0.02,0.15,0.0,carpet,12345,2458047974,0,0,3,0,0,0,0.0704807788133621,1.0,-0.3580875992774963,-0.6794898509979248,-0.9628228545188904,-0.9708256721496582,0.2526951730251312,-0.3763585984706878,0.0230621825903654,0.9769378304481506,-0.2269226461648941,-1.0,-1.0,-1.0,-1.0,-1.0,-1.0,-1.0,1.0,0.0,0.0,0.0,1.0,0.0,0.0,0.0,1.0,0.0,0.0,0.0
20260320_140411_268302,3,94,1.5312060117721558,0.3165065050125122,-0.1748518853031936,-11.713880990562766,0.0,-1.340200376933069,-6.066876649856567,-1.7411044532535414,0.0485188530319362,0.0,0.02,0.15,0.0,carpet,12345,2458047974,0,0,3,0,0,0,0.2742761373519897,-0.0001456212339689,-1.0,0.8582490682601929,-0.9687765836715698,-0.102353386580944,-0.9177868962287904,-0.3474206924438476,0.0414340905845165,0.9585658311843872,0.0119816772639751,-1.0,-1.0,-1.0,-1.0,-1.0,-1.0,-1.0,1.0,0.0,0.0,0.0,1.0,0.0,0.0,0.0,1.0,0.0,0.0,0.0
20260320_140411_268302,3,95,1.5180894136428833,0.3141116499900818,-0.1782942892046364,-11.892175279767402,0.0,-0.9452789071390556,0.239485502243042,-2.577156669980156,0.0659568774136712,0.0339720292653862,0.02,0.15,0.0,carpet,12345,2458047974,0,0,3,0,0,0,-0.2392622232437133,-0.3901739120483398,0.978807270526886,0.7508643269538879,-1.0,-1.0,-0.2237811535596847,-0.4688634872436523,-0.0136453928425908,1.0,-0.3420491218566894,-1.0,-1.0,-1.0,-1.0,-1.0,-1.0,-1.0,1.0,0.0,0.0,0.0,1.0,0.0,0.0,0.0,1.0,0.0,0.0,0.0
20260320_140411_268302,3,96,1.488181233406067,0.3731352090835571,-0.2302746899471165,-12.122449969714518,-0.0461370394227884,-2.184548157691154,-5.902355909347534,-4.168987160239993,0.0874603280333668,0.1078323544198277,0.02,0.15,0.0,carpet,12345,2458047974,0,0,3,0,0,0,0.3441430628299713,0.4851849973201751,0.7880329489707947,-0.8420992493629456,0.6206261515617371,-1.0,-0.6832952499389648,-0.4852592349052429,-0.0114711765199899,1.0,-0.2577964067459106,-1.0,-1.0,-1.0,-1.0,-1.0,-1.0,-1.0,1.0,0.0,0.0,0.0,1.0,0.0,0.0,0.0,1.0,0.0,0.0,0.0
20260320_140411_268302,3,97,1.564802885055542,0.2733456492424011,-0.182037354896114,-12.304487324610632,0.0,0.8563278777605206,9.9789559841156,-3.7390708068865592,0.0872931946135147,0.0661607086952519,0.02,0.15,0.0,carpet,12345,2458047974,0,0,3,0,0,0,-0.7526088953018188,0.3591651320457458,0.1921191215515136,0.5744277238845825,0.007029372267425,0.5288836359977722,0.6853564977645874,-0.5226444005966187,-0.0650570467114448,1.0,-0.4225503802299499,-1.0,-1.0,-1.0,-1.0,-1.0,-1.0,-1.0,1.0,0.0,0.0,0.0,1.0,0.0,0.0,0.0,1.0,0.0,0.0,0.0
20260320_140411_268302,3,98,1.560365915298462,0.2712070345878601,-0.1808665342849684,-12.4853538588956,0.0,0.69571127468393,0.2138614654541015,-2.6826299086107213,0.0881785391105314,0.0409736074783059,0.02,0.15,0.0,carpet,12345,2458047974,0,0,3,0,0,0,0.2389894425868988,0.485938549041748,0.5862406492233276,0.994650661945343,0.2537777423858642,-0.105765126645565,0.5302203297615051,-0.4268674850463867,0.0255391560494899,0.9744608402252196,-0.0882088616490364,-1.0,-1.0,-1.0,-1.0,-1.0,-1.0,-1.0,1.0,0.0,0.0,0.0,1.0,0.0,0.0,0.0,1.0,0.0,0.0,0.0
20260320_140411_268302,3,99,1.564094305038452,0.245872288942337,-0.1805464688541952,-12.665900327749796,0.0,1.1551520971510172,2.533474564552307,-1.7628361921678106,0.0879926741008374,0.0349440288822302,0.02,0.15,0.0,carpet,12345,2458047974,0,0,3,0,0,0,-0.0794824063777923,-0.1613625437021255,-0.8018482327461243,-0.5228140950202942,1.0,0.431421548128128,0.1255436837673187,-0.4324136674404144,0.0274807456880807,0.9725192785263062,-0.1091050431132316,-1.0,-1.0,-1.0,-1.0,-1.0,-1.0,-1.0,1.0,0.0,0.0,0.0,1.0,0.0,0.0,0.0,1.0,0.0,0.0,0.0
20260320_140411_268302,3,100,1.559393286705017,0.2520622611045837,-0.1660222985131808,-12.831922626262976,0.0,0.7116147688070953,-0.6189972162246704,0.2889789535723537,0.0889285080854344,0.0315679076651014,0.02,0.1355510523213823,0.0,carpet,12345,2458047974,0,0,3,0,0,0,0.9274400472640992,0.7239365577697754,-0.8852898478507996,-0.152014821767807,0.1525231748819351,-0.8200969696044922,0.0718524307012558,-0.4277532696723938,0.0504814535379409,0.9495185017585754,-0.1534031629562378,-1.0,-1.0,-1.0,-1.0,-1.0,-1.0,-1.0,1.0,0.0,0.0,0.0,1.0,0.0,0.0,0.0,1.0,0.0,0.0,0.0
20260320_140411_268302,3,101,1.5526413917541504,0.2567760646343231,-0.0985207921467748,-12.930443418409752,0.0,0.4158659883618441,-0.471380352973938,1.6501238490732533,0.0911953309166433,0.0381490301754624,0.02,0.0674938075463373,0.0,carpet,12345,2458047974,0,0,3,0,0,0,0.5561721920967102,0.4980942606925964,-0.6619669198989868,0.7619678378105164,-0.7912315130233765,-0.6403427124023438,-0.1600137650966644,-0.433629423379898,0.0448617488145828,0.9551382064819336,-0.1573507189750671,-1.0,-1.0,-1.0,-1.0,-1.0,-1.0,-1.0,1.0,0.0,0.0,0.0,1.0,0.0,0.0,0.0,1.0,0.0,0.0,0.0
20260320_140411_268302,3,102,1.498363018035889,0.3417707085609436,-0.085138972689783,-13.015582391099535,0.0,-1.8129666068941503,-8.499464392662048,2.0217053998702568,0.1060769430602225,0.1123309675454722,0.02,0.0489147300064871,0.0,carpet,12345,2458047974,0,0,3,0,0,0,-0.4108649492263794,-0.9789869785308838,0.7443600296974182,0.8961173295974731,-1.0,-0.3801344931125641,-1.0,-0.4420692324638366,0.0405822172760963,0.959417760372162,-0.1887406706809997,-1.0,-1.0,-1.0,-1.0,-1.0,-1.0,-1.0,1.0,0.0,0.0,0.0,1.0,0.0,0.0,0.0,1.0,0.0,0.0,0.0
20260320_140411_268302,3,103,1.595854878425598,0.2005453407764434,0.0103752736937007,-13.005207117405837,0.0427273098604779,2.170909239441912,14.122536778450012,3.336286761551648,0.0936233726970353,0.0597939779414717,0.02,0.0,0.0,carpet,12345,2458047974,0,0,3,0,0,0,0.4312183558940887,-0.9269902110099792,0.1058113053441047,0.2755913436412811,0.8670743703842163,0.9490596652030944,0.3035118281841278,-0.5099172592163086,-0.0365820676088333,1.0,-0.4272550046443939,-1.0,-1.0,-1.0,-1.0,-1.0,-1.0,-1.0,1.0,0.0,0.0,0.0,1.0,0.0,0.0,0.0,1.0,0.0,0.0,0.0
20260320_140411_268302,3,104,1.6634122133255005,0.2191028743982315,-0.0270336017793174,-13.032240719185152,0.0,1.1642435890367295,-1.8557533621788025,3.8048190759044473,0.0703360177931743,0.0,0.02,0.0,0.0,carpet,12345,2458047974,0,0,3,0,0,0,0.8903266191482544,0.7765461206436157,-0.1691958159208297,0.1522475332021713,-0.126867800951004,0.3138634264469147,0.8916482329368591,-0.388052374124527,0.091632530093193,0.9083674550056458,-0.0546575896441936,-1.0,-1.0,-1.0,-1.0,-1.0,-1.0,-1.0,1.0,0.0,0.0,0.0,1.0,0.0,0.0,0.0,1.0,0.0,0.0,0.0
20260320_140411_268302,3,105,1.631157159805298,0.2068249881267547,-0.0261027619488474,-13.058343481134,0.0,1.1801298485644622,1.2277886271476746,3.829796827317893,0.0610276194884745,0.0,0.02,0.0,0.0,carpet,12345,2458047974,0,0,3,0,0,0,-0.087594524025917,-0.3557779788970947,0.7643869519233704,0.2272646427154541,-0.8865667581558228,-0.8166351318359375,0.4634692072868347,-0.303605854511261,0.0747846588492393,0.9252153038978576,0.1580615490674972,-1.0,-1.0,-1.0,-1.0,-1.0,-1.0,-1.0,1.0,0.0,0.0,0.0,1.0,0.0,0.0,0.0,1.0,0.0,0.0,0.0
20260320_140411_268302,3,106,1.591554880142212,0.2280977070331573,-0.0261822129125707,-13.08452569404657,0.0,0.3532794137632749,-2.127271890640259,3.471461472274072,0.0618221291257072,0.0,0.02,0.0,0.0,carpet,12345,2458047974,0,0,3,0,0,0,-0.5748552680015564,0.0276426095515489,0.7799222469329834,0.398310899734497,-0.0925421044230461,0.9509018659591676,-0.9684775471687316,-0.3439245223999023,0.0859314203262329,0.9140685200691224,0.0720301866531372,-1.0,-1.0,-1.0,-1.0,-1.0,-1.0,-1.0,1.0,0.0,0.0,0.0,1.0,0.0,0.0,0.0,1.0,0.0,0.0,0.0
20260320_140411_268302,3,107,1.5830955505371094,0.2196361869573593,-0.026405773996007,-13.110931468042578,0.0,0.4764975622174177,0.8461520075798035,3.5320930461296456,0.0640577399600701,0.0,0.02,0.0,0.0,carpet,12345,2458047974,0,0,3,0,0,0,0.4387024641036987,-0.626395583152771,-0.7178058624267578,-0.0726013407111167,0.7360528707504272,0.1877365559339523,-0.8760604858398438,-0.3934274613857269,0.0666185095906257,0.93338143825531,-0.2034352421760559,-1.0,-1.0,-1.0,-1.0,-1.0,-1.0,-1.0,1.0,0.0,0.0,0.0,1.0,0.0,0.0,0.0,1.0,0.0,0.0,0.0
20260320_140411_268302,3,108,1.6521825790405271,0.2061846852302551,-0.0252838460412402,-13.136215314083818,0.0,0.6936607148406608,1.3451501727104187,6.038720367864457,0.0528384604124029,0.0,0.02,0.0,0.0,carpet,12345,2458047974,0,0,3,0,0,0,-0.3932716846466064,-0.3438805043697357,-0.4766956269741058,0.4492638409137726,-0.1169488057494163,0.0352044887840747,0.6586827635765076,-0.4040016233921051,0.0743004828691482,0.9256995320320128,-0.2314144968986511,-1.0,-1.0,-1.0,-1.0,-1.0,-1.0,-1.0,1.0,0.0,0.0,0.0,1.0,0.0,0.0,0.0,1.0,0.0,0.0,0.0
20260320_140411_268302,3,109,1.6874167919158936,0.2235759794712066,-0.0239558013448115,-13.16017111542863,0.0,0.0854631801067142,-1.7391294240951538,3.953274308529259,0.0395580134481154,0.0,0.02,0.0,0.0,carpet,12345,2458047974,0,0,3,0,0,0,0.8370648622512817,-0.7651391625404358,-0.0920378491282463,0.1940492093563079,0.5943868160247803,0.1202758625149726,0.8611714839935303,-0.3176427781581878,0.0865127220749855,0.9134872555732728,0.1093280464410781,-1.0,-1.0,-1.0,-1.0,-1.0,-1.0,-1.0,1.0,0.0,0.0,0.0,1.0,0.0,0.0,0.0,1.0,0.0,0.0,0.0
20260320_140411_268302,3,110,1.642305612564087,0.2411414831876754,-0.0530258282331372,-13.213196943661767,0.0,-0.3750402078316881,-1.756550371646881,2.4139905116608418,0.0372535381617934,0.0,0.02,0.0293004744169579,0.0,carpet,12345,2458047974,0,0,3,0,0,0,1.0,-0.7559636235237122,-0.7167695760726929,0.7964845895767212,1.0,0.7503225803375244,-0.9878923892974854,-0.2736000120639801,0.0707236602902412,0.9292763471603394,0.1893016993999481,-1.0,-1.0,-1.0,-1.0,-1.0,-1.0,-1.0,1.0,0.0,0.0,0.0,1.0,0.0,0.0,0.0,1.0,0.0,0.0,0.0
20260320_140411_268302,3,111,1.6908913850784302,0.2180651873350143,-0.0964127075650457,-13.309609651226811,0.0,0.2956272404427693,2.3076295852661133,1.5294879035391489,0.0288710274200321,0.0,0.02,0.0735256048230425,0.0,carpet,12345,2458047974,0,0,3,0,0,0,-0.6789556741714478,0.624241292476654,0.3839590549468994,-0.3137432336807251,-0.3451820015907287,0.7477473616600037,-0.2051907181739807,-0.3299890458583832,0.0547764152288436,0.9452235698699952,-0.1549338400363922,-1.0,-1.0,-1.0,-1.0,-1.0,-1.0,-1.0,1.0,0.0,0.0,0.0,1.0,0.0,0.0,0.0,1.0,0.0,0.0,0.0
20260320_140411_268302,3,112,1.6669138669967651,0.2125482708215713,-0.0958257900716465,-13.40543544129846,0.0,0.3596433431681305,0.5516916513442993,1.5358518329440043,0.0261838171884677,0.0,0.02,0.0732074083527997,0.0,carpet,12345,2458047974,0,0,3,0,0,0,-0.7099513411521912,0.3710703551769256,-0.8082476258277893,0.326732188463211,1.0,-0.697263777256012,0.0443283542990684,-0.2692567706108093,0.0757267549633979,0.9242732524871826,0.0687496587634086,-1.0,-1.0,-1.0,-1.0,-1.0,-1.0,-1.0,1.0,0.0,0.0,0.0,1.0,0.0,0.0,0.0,1.0,0.0,0.0,0.0
20260320_140411_268302,3,113,1.6465122699737549,0.2052396535873413,-0.0970859093716247,-13.502521350670085,0.0,0.4524479382318702,0.7308617234230042,1.511802208958457,0.0267601981954763,0.0,0.02,0.0744098895520771,0.0,carpet,12345,2458047974,0,0,3,0,0,0,-0.1617666184902191,-0.777565062046051,0.3666282296180725,-0.207539215683937,-1.0,-0.8220658302307129,-0.1277926713228225,-0.2992286682128906,0.08073540776968,0.9192646145820618,0.0007320155855268,-1.0,-1.0,-1.0,-1.0,-1.0,-1.0,-1.0,1.0,0.0,0.0,0.0,1.0,0.0,0.0,0.0,1.0,0.0,0.0,0.0
20260320_140411_268302,3,114,1.6486562490463257,0.2045602947473526,-0.1139694594055092,-13.616490810075597,0.0,0.3563199246736133,0.0679358839988708,1.1744614187914095,0.0269253034507977,0.0,0.02,0.0912769290604295,0.0,carpet,12345,2458047974,0,0,3,0,0,0,-1.0,-0.0920921266078949,-0.8861601948738098,-0.7853872179985046,0.5166988968849182,-0.561890721321106,0.0483580864965915,-0.3247306942939758,0.0873706936836242,0.912629246711731,-0.0373492129147052,-1.0,-1.0,-1.0,-1.0,-1.0,-1.0,-1.0,1.0,0.0,0.0,0.0,1.0,0.0,0.0,0.0,1.0,0.0,0.0,0.0
20260320_140411_268302,3,115,1.641484618186951,0.2124981135129928,-0.1149068023703918,-13.731397612445988,0.0,0.0687944743642106,-0.7937818765640259,1.157792713048906,0.027964380228371,0.0,0.02,0.0921103643475547,0.0,carpet,12345,2458047974,0,0,3,0,0,0,-0.4238538742065429,0.7224427461624146,-0.9493200182914734,0.9100064039230348,0.9991713762283324,-0.3208824396133423,-0.3177719414234161,-0.3220506608486175,0.0879874676465988,0.91201251745224,-0.0286141354590654,-1.0,-1.0,-1.0,-1.0,-1.0,-1.0,-1.0,1.0,0.0,0.0,0.0,1.0,0.0,0.0,0.0,1.0,0.0,0.0,0.0
20260320_140411_268302,3,116,1.636176824569702,0.2171851247549057,-0.0995826389048579,-13.830980251350844,0.0,-0.0655794252746773,-0.4687011241912842,1.467253495605917,0.0294531368515377,0.0,0.02,0.0766373252197041,0.0,carpet,12345,2458047974,0,0,3,0,0,0,-0.626851499080658,0.8989397287368774,0.4240225553512573,0.5234160423278809,0.5610993504524231,0.5010359287261963,-0.8055013418197632,-0.3310151994228363,0.0807809457182884,0.9192190170288086,-0.0841642543673515,-1.0,-1.0,-1.0,-1.0,-1.0,-1.0,-1.0,1.0,0.0,0.0,0.0,1.0,0.0,0.0,0.0,1.0,0.0,0.0,0.0
20260320_140411_268302,3,117,1.6527814865112305,0.194861888885498,-0.0888140386125193,-13.919794289963365,0.0,0.5088963277791834,2.2323235869407654,1.6805225829423307,0.0284016775963586,0.0,0.02,0.0659738708528834,0.0,carpet,12345,2458047974,0,0,3,0,0,0,0.4227287173271179,-0.6499273777008057,0.9574329257011414,0.7746226787567139,-0.3493379354476928,-0.063261792063713,-0.2776211500167846,-0.3376501202583313,0.0765257477760315,0.9234742522239684,-0.1581142693758011,-1.0,-1.0,-1.0,-1.0,-1.0,-1.0,-1.0,1.0,0.0,0.0,0.0,1.0,0.0,0.0,0.0,1.0,0.0,0.0,0.0
20260320_140411_268302,3,118,1.5443801879882812,0.2786356806755066,-0.1743223402825503,-14.094116630245914,0.0,-1.7126725489158048,-8.377379179000854,-0.3917933091416046,0.0432234028255033,0.0,0.02,0.15,0.0,carpet,12345,2458047974,0,0,3,0,0,0,0.3517847955226898,0.3566479682922363,-0.8219612240791321,1.0,0.809777021408081,-0.6973035335540771,-0.983515739440918,-0.3168941438198089,0.096792384982109,0.9032076001167296,-0.0507098548114299,-1.0,-1.0,-1.0,-1.0,-1.0,-1.0,-1.0,1.0,0.0,0.0,0.0,1.0,0.0,0.0,0.0,1.0,0.0,0.0,0.0
20260320_140411_268302,3,119,1.597832441329956,0.1990443915128708,-0.174703460947549,-14.268820091193463,0.0,0.7052778173790273,7.95912891626358,-0.1389634299944475,0.04703460947549,0.0,0.02,0.15,0.0,carpet,12345,2458047974,0,0,3,0,0,0,-0.655622661113739,0.2908146679401397,0.2372383177280426,-0.4829169511795044,-0.9010486602783204,-0.6388012766838074,0.5651377439498901,-0.4523958265781402,0.0207364838570356,0.9792635440826416,-0.3230186700820923,-1.0,-1.0,-1.0,-1.0,-1.0,-1.0,-1.0,1.0,0.0,0.0,0.0,1.0,0.0,0.0,0.0,1.0,0.0,0.0,0.0
20260320_140411_268302,3,120,1.535470724105835,0.2061654478311538,-0.1761300364942617,-14.444950127687726,0.0,0.3509319550771863,-0.7121056318283081,-0.1443513995908745,0.0613003649426173,0.0,0.02,0.15,0.0,carpet,12345,2458047974,0,0,3,0,0,0,-0.6693281531333923,0.4568877518177032,0.8458359837532043,-0.4374531507492065,0.2263114750385284,-0.5921921133995056,-0.3956446051597595,-0.385580450296402,0.0929951965808868,0.9070047736167908,0.0437424257397651,-1.0,-1.0,-1.0,-1.0,-1.0,-1.0,-1.0,1.0,0.0,0.0,0.0,1.0,0.0,0.0,0.0,1.0,0.0,0.0,0.0
20260320_140411_268302,3,121,1.5370688438415527,0.2039110362529754,-0.1719698867104357,-14.61692001439816,0.0,0.319559255762357,0.2254411578178405,0.1064133818072718,0.0729055580079931,0.0,0.02,0.1446793309096364,0.0,carpet,12345,2458047974,0,0,3,0,0,0,1.0,0.1550330072641372,-0.0623353160917758,-1.0,-0.0394178107380867,-0.6600121259689331,-0.2680848240852356,-0.4635326266288757,0.0865302011370658,0.9134697914123536,-0.1795871406793594,-1.0,-1.0,-1.0,-1.0,-1.0,-1.0,-1.0,1.0,0.0,0.0,0.0,1.0,0.0,0.0,0.0,1.0,0.0,0.0,0.0
20260320_140411_268302,3,122,1.5929815769195557,0.2085531800985336,-0.1622591058204565,-14.779179120218618,0.0,0.1236158456828206,-0.4642143845558166,0.2956086527647699,0.0703953845869506,0.0,0.02,0.1352195673617615,0.0,carpet,12345,2458047974,0,0,3,0,0,0,-0.8287160992622375,-0.4945611357688904,-0.5666104555130005,0.749183177947998,-0.9813215732574464,0.6200051307678223,0.2195670753717422,-0.4615350663661957,0.0885769128799438,0.9114230871200562,-0.1641438454389572,-1.0,-1.0,-1.0,-1.0,-1.0,-1.0,-1.0,1.0,0.0,0.0,0.0,1.0,0.0,0.0,0.0,1.0,0.0,0.0,0.0
20260320_140411_268302,3,123,1.597680687904358,0.2131740450859069,-0.1767598533657206,-14.955938973584338,0.0,-0.0228097404222324,-0.4620864987373352,-0.2360974154366459,0.0675985336572069,0.0,0.02,0.15,0.0,carpet,12345,2458047974,0,0,3,0,0,0,0.7849373817443848,-0.7766839861869812,0.3049913644790649,0.0647070184350013,-0.2317986041307449,-0.5966855883598328,0.8792725801467896,-0.3916440904140472,0.0843624398112297,0.9156375527381896,0.0237506292760372,-1.0,-1.0,-1.0,-1.0,-1.0,-1.0,-1.0,1.0,0.0,0.0,0.0,1.0,0.0,0.0,0.0,1.0,0.0,0.0,0.0
20260320_140411_268302,3,124,1.5157862901687622,0.2033586204051971,-0.0930230646511122,-15.04896203823545,0.0,0.2282783117010751,0.981542468070984,1.704853445180234,0.0826573691012394,0.0,0.02,0.0647573277409883,0.0,carpet,12345,2458047974,0,0,3,0,0,0,-0.7960410118103027,0.2671586573123932,0.3757449388504028,-0.4304254949092865,-0.9627519249916076,0.2886286973953247,-0.7372153997421265,-0.3857702314853668,0.0801672935485839,0.919832706451416,0.1304885298013687,-1.0,-1.0,-1.0,-1.0,-1.0,-1.0,-1.0,1.0,0.0,0.0,0.0,1.0,0.0,0.0,0.0,1.0,0.0,0.0,0.0
20260320_140411_268302,3,125,1.5203180313110352,0.2126900404691696,-0.1325123896832493,-15.1814744279187,0.0,-0.0620767678234983,-0.9331420063972472,0.9374988599777084,0.0938733268213471,0.0,0.02,0.1031250570011145,0.0,carpet,12345,2458047974,0,0,3,0,0,0,-0.9586364030838012,0.7391576170921326,0.6736525893211365,-0.4293110072612762,0.6854216456413269,0.752062976360321,-0.8512281775474548,-0.488138198852539,0.0890784487128257,0.9109215140342712,-0.1803519874811172,-1.0,-1.0,-1.0,-1.0,-1.0,-1.0,-1.0,1.0,0.0,0.0,0.0,1.0,0.0,0.0,0.0,1.0,0.0,0.0,0.0
20260320_140411_268302,3,126,1.5291043519973757,0.179835245013237,-0.111990871558127,-15.293465299476829,0.0,0.7748123105306917,3.2854795455932617,1.3613792154312137,0.1005983232968776,0.0,0.02,0.0819310392284393,0.0,carpet,12345,2458047974,0,0,3,0,0,0,0.1920977532863617,-0.6632513999938965,-0.1288948655128479,-0.3609193861484527,0.6256369352340698,0.0034511692356318,-0.2206026017665863,-0.4824735522270202,0.0806066915392875,0.9193933010101318,-0.2038814723491668,-1.0,-1.0,-1.0,-1.0,-1.0,-1.0,-1.0,1.0,0.0,0.0,0.0,1.0,0.0,0.0,0.0,1.0,0.0,0.0,0.0
20260320_140411_268302,3,127,1.6218061447143557,0.2046386897563934,-0.1282450378907815,-15.421710337367609,0.0,-0.0389768856808956,-2.480344474315644,1.002843073987961,0.0838719159017956,0.0,0.02,0.0998578463006019,0.0,carpet,12345,2458047974,0,0,3,0,0,0,0.0912926644086837,0.6771151423454285,-0.274803876876831,-1.0,0.9631212949752808,0.5825896263122559,0.4319602847099304,-0.4714906811714172,0.1104346588253974,0.8895652890205383,-0.11284901201725,-1.0,-1.0,-1.0,-1.0,-1.0,-1.0,-1.0,1.0,0.0,0.0,0.0,1.0,0.0,0.0,0.0,1.0,0.0,0.0,0.0
20260320_140411_268302,3,128,1.621008276939392,0.2132492214441299,-0.1455123965338846,-15.567222733901492,0.0,-0.244495956454088,-0.8610531687736511,0.6347312718510523,0.0724896012643726,0.0,0.02,0.1182634364074473,0.0,carpet,12345,2458047974,0,0,3,0,0,0,0.8174883127212524,0.9794201850891112,-0.0308224279433488,-0.5250197052955627,0.7521848082542419,-0.4325093924999237,0.6712613105773926,-0.3556133210659027,0.087916299700737,0.9120836853981018,0.0981199294328689,-1.0,-1.0,-1.0,-1.0,-1.0,-1.0,-1.0,1.0,0.0,0.0,0.0,1.0,0.0,0.0,0.0,1.0,0.0,0.0,0.0
20260320_140411_268302,3,129,1.6137685775756836,0.1987726837396621,-0.1347878170188176,-15.702010550920312,0.0,0.1785414752711318,1.4476537704467771,0.8360824875444166,0.0659194139603845,0.0,0.02,0.1081958756227791,0.0,carpet,12345,2458047974,0,0,3,0,0,0,0.6147184371948242,-0.2936989068984985,-0.2950387299060821,-0.3547623455524444,-1.0,-0.3428022563457489,0.8364044427871704,-0.3566106855869293,0.0800990313291549,0.9199009537696838,0.1441071182489395,-1.0,-1.0,-1.0,-1.0,-1.0,-1.0,-1.0,1.0,0.0,0.0,0.0,1.0,0.0,0.0,0.0,1.0,0.0,0.0,0.0
20260320_140411_268302,3,130,1.6294875144958496,0.1885077208280563,-0.1259074749958849,-15.827918025916196,0.0,0.3905301792434983,1.0264962911605835,0.9983343550868398,0.0582419275022686,0.0,0.02,0.100083282245658,0.0,carpet,12345,2458047974,0,0,3,0,0,0,0.6383382678031921,0.0270222574472427,-0.3979228436946869,-0.2029977440834045,0.7195997834205627,0.7485325932502747,0.432146668434143,-0.3656602799892425,0.0932418853044509,0.9067580699920654,0.1709847897291183,-1.0,-1.0,-1.0,-1.0,-1.0,-1.0,-1.0,1.0,0.0,0.0,0.0,1.0,0.0,0.0,0.0,1.0,0.0,0.0,0.0
20260320_140411_268302,3,131,1.6250104904174805,0.1948403716087341,-0.1156093684652951,-15.94352739438149,0.0,0.1345813649156753,-0.6332650780677795,1.1949924878260134,0.0535899285659584,0.0,0.02,0.0902503756086993,0.0,carpet,12345,2458047974,0,0,3,0,0,0,0.7703869938850403,0.0485838092863559,0.9755821824073792,0.8046976923942566,-0.4379161298274994,0.0777228400111198,0.6096149682998657,-0.3460117280483246,0.1025611534714698,0.8974388241767883,0.1170383095741272,-1.0,-1.0,-1.0,-1.0,-1.0,-1.0,-1.0,1.0,0.0,0.0,0.0,1.0,0.0,0.0,0.0,1.0,0.0,0.0,0.0
20260320_140411_268302,3,132,1.6420176029205322,0.2083695381879806,-0.1655895273524714,-16.10911692173396,0.0,-0.2372931407944065,-1.352916657924652,0.1828870365009152,0.0473387917751718,0.0,0.02,0.1408556481749542,0.0,carpet,12345,2458047974,0,0,3,0,0,0,-0.3660188317298889,0.7414340376853943,0.2960387170314789,-0.509392499923706,0.8716004490852356,0.0943854004144668,0.9265043139457704,-0.3516078889369964,0.0968119204044342,0.9031881093978882,0.1415865868330001,-1.0,-1.0,-1.0,-1.0,-1.0,-1.0,-1.0,1.0,0.0,0.0,0.0,1.0,0.0,0.0,0.0,1.0,0.0,0.0,0.0
20260320_140411_268302,3,133,1.5971029996871948,0.1813661605119705,-0.1390870369690237,-16.248203958702984,0.0,0.4971145863044484,2.700337767601013,0.7189785084862592,0.0503596239333672,0.0,0.02,0.114051074575687,0.0,carpet,12345,2458047974,0,0,3,0,0,0,-0.7801482677459717,0.103250578045845,-0.8156260251998901,0.8096627593040466,0.944969117641449,-0.4404447972774505,0.0423881150782108,-0.3303489685058594,0.084529161453247,0.9154707789421082,0.2013526558876037,-1.0,-1.0,-1.0,-1.0,-1.0,-1.0,-1.0,1.0,0.0,0.0,0.0,1.0,0.0,0.0,0.0,1.0,0.0,0.0,0.0
20260320_140411_268302,3,134,1.6171354055404663,0.1829942315816879,-0.1101404571055645,-16.35834441580855,0.0,0.3321341629853975,-0.1628071069717407,1.2956086279257448,0.0492088850185173,0.0,0.02,0.0852195686037127,0.0,carpet,12345,2458047974,0,0,3,0,0,0,0.6638458967208862,0.8601338267326355,0.1873586177825927,1.0,-1.0,0.1537076830863952,0.328167051076889,-0.3864923417568207,0.1090447902679443,0.8909551501274109,-0.0264820381999015,-1.0,-1.0,-1.0,-1.0,-1.0,-1.0,-1.0,1.0,0.0,0.0,0.0,1.0,0.0,0.0,0.0,1.0,0.0,0.0,0.0
20260320_140411_268302,3,135,1.6061370372772217,0.1714929193258285,-0.0923382550676803,-16.45068267087623,0.0,0.5366334286355396,1.1501312255859375,1.6537005812901526,0.0502328413218795,0.0,0.02,0.0673149709354923,0.0,carpet,12345,2458047974,0,0,3,0,0,0,0.4764699637889862,0.231397345662117,0.7968519330024719,-0.9734286665916444,-0.5847699642181396,-0.2311356514692306,0.4921701550483703,-0.3614517152309418,0.107566699385643,0.8924332857131958,0.0705360397696495,-1.0,-1.0,-1.0,-1.0,-1.0,-1.0,-1.0,1.0,0.0,0.0,0.0,1.0,0.0,0.0,0.0,1.0,0.0,0.0,0.0
20260320_140411_268302,3,136,1.5651241540908811,0.1552853733301162,-0.0722964656495557,-16.522979136525784,0.0,0.8076637213694511,1.620754599571228,2.0708341234161054,0.0583817182036097,0.0,0.02,0.0464582938291947,0.0,carpet,12345,2458047974,0,0,3,0,0,0,-0.2520435154438019,-0.0833673253655433,-0.425171822309494,0.3377493023872375,0.4110263288021087,-0.0899311155080795,-0.3927890658378601,-0.3751997053623199,0.1180084273219108,0.8819915652275085,0.0832724347710609,-1.0,-1.0,-1.0,-1.0,-1.0,-1.0,-1.0,1.0,0.0,0.0,0.0,1.0,0.0,0.0,0.0,1.0,0.0,0.0,0.0
20260320_140411_268302,3,137,1.6323162317276,0.2189578115940094,-0.1277301407559618,-16.650709277281745,0.0,-0.9860631655702292,-6.367243826389313,0.9501895929302008,0.0523962040247186,0.0,0.02,0.1024905203534899,0.0,carpet,12345,2458047974,0,0,3,0,0,0,-0.8152042627334595,0.9794831871986388,0.1500572711229324,-0.9405421018600464,-0.8408873081207275,0.6344638466835022,0.7137828469276428,-0.4264658093452453,0.1327228099107742,0.8672771453857422,-0.136071041226387,-1.0,-1.0,-1.0,-1.0,-1.0,-1.0,-1.0,1.0,0.0,0.0,0.0,1.0,0.0,0.0,0.0,1.0,0.0,0.0,0.0
20260320_140411_268302,3,138,1.6282942295074463,0.2018844932317733,-0.1311416364229669,-16.781850913704712,0.0,-0.3127144151217749,1.7073318362236023,0.8747683186028326,0.0488005235310859,0.0,0.02,0.1062615840698583,0.0,carpet,12345,2458047974,0,0,3,0,0,0,0.5381715893745422,-0.5556030869483948,0.6325693726539612,-0.3348676562309265,-0.035682838410139,0.7332921624183655,0.3462294042110443,-0.3424757122993469,0.0749163702130317,0.9250836372375488,0.2084451615810394,-1.0,-1.0,-1.0,-1.0,-1.0,-1.0,-1.0,1.0,0.0,0.0,0.0,1.0,0.0,0.0,0.0,1.0,0.0,0.0,0.0
20260320_140411_268302,3,139,1.5808416604995728,0.1779238283634185,-0.1383298211682523,-16.920180734872964,0.0,0.3644808103675387,2.39606648683548,0.7421345426659229,0.054365483015485,0.0,0.02,0.1128932728667038,0.0,carpet,12345,2458047974,0,0,3,0,0,0,-0.6939839720726013,-0.5622440576553345,-0.1120648682117462,-0.3067044913768768,-0.595212459564209,0.4663431942462921,-0.4697805047035217,-0.3475032746791839,0.0904167518019676,0.9095832109451294,0.1576355099678039,-1.0,-1.0,-1.0,-1.0,-1.0,-1.0,-1.0,1.0,0.0,0.0,0.0,1.0,0.0,0.0,0.0,1.0,0.0,0.0,0.0
20260320_140411_268302,3,140,1.5440354347229004,0.1901089400053024,-0.1576431837307895,-17.077823918603755,0.0,-0.0312671832714386,-1.218511164188385,0.3787331964090867,0.0657984355124384,0.0,0.02,0.1310633401795456,0.0,carpet,12345,2458047974,0,0,3,0,0,0,-0.0267270971089601,0.2553148865699768,0.6702255010604858,-0.9102408289909364,0.9450238347053528,-0.15353624522686,-0.8053832054138184,-0.4068189561367035,0.1121699810028076,0.8878299593925476,-0.0330504924058914,-1.0,-1.0,-1.0,-1.0,-1.0,-1.0,-1.0,1.0,0.0,0.0,0.0,1.0,0.0,0.0,0.0,1.0,0.0,0.0,0.0
20260320_140411_268302,3,141,1.6320353746414185,0.194484993815422,-0.175768495183625,-17.25359241378738,0.0,-0.1328517327065839,-0.4376053810119629,-0.2907519649330368,0.0576849518362509,0.0,0.02,0.15,0.0,carpet,12345,2458047974,0,0,3,0,0,0,0.5262793302536011,-0.0266113132238388,0.5829474329948425,0.0200687516480684,-0.6293073296546936,0.8864407539367676,0.5769037008285522,-0.4528266787528991,0.1011074483394622,0.8988925218582153,-0.1988696902990341,-1.0,-1.0,-1.0,-1.0,-1.0,-1.0,-1.0,1.0,0.0,0.0,0.0,1.0,0.0,0.0,0.0,1.0,0.0,0.0,0.0
20260320_140411_268302,3,142,1.617276906967163,0.1822761297225952,-0.1754569846239329,-17.429049398411312,0.0,0.205582802790758,1.2208864092826843,-0.8928328835117298,0.0545698462393298,0.0,0.02,0.15,0.0,carpet,12345,2458047974,0,0,3,0,0,0,0.4610165655612945,0.6997680068016052,0.9629170894622804,-0.4046346843242645,-0.7279757857322693,-0.1401567012071609,0.2418749183416366,-0.3428268432617187,0.0971345528960228,0.902865469455719,0.1744654327630996,-1.0,-1.0,-1.0,-1.0,-1.0,-1.0,-1.0,1.0,0.0,0.0,0.0,1.0,0.0,0.0,0.0,1.0,0.0,0.0,0.0
20260320_140411_268302,3,143,1.6383684873580933,0.2099121958017349,-0.1748646045282524,-17.603914002939565,0.0,-0.5367145498854455,-2.763606607913971,-0.4434842678269461,0.048646045282525,0.0,0.02,0.15,0.0,carpet,12345,2458047974,0,0,3,0,0,0,-0.830240786075592,0.9022377133369446,0.4392474293708801,-0.1824479848146438,-0.4588090479373932,0.5957380533218384,0.9392821788787842,-0.3612748980522156,0.1082186475396156,0.8917813301086426,0.1248273178935051,-1.0,-1.0,-1.0,-1.0,-1.0,-1.0,-1.0,1.0,0.0,0.0,0.0,1.0,0.0,0.0,0.0,1.0,0.0,0.0,0.0
20260320_140411_268302,3,144,1.4978610277175903,0.1894410252571106,-0.1770128179397562,-17.78092682087932,0.0,0.1092433512015276,2.047117054462433,-0.0215265015036436,0.0701281793975627,0.0,0.02,0.15,0.0,carpet,12345,2458047974,0,0,3,0,0,0,-0.668325662612915,-0.7202633619308472,0.4975886940956116,0.2910590469837188,-0.7288876175880432,-0.8111181259155273,-0.6012971997261047,-0.3349103927612304,0.0831286236643791,0.9168713688850404,0.2323326170444488,-1.0,-1.0,-1.0,-1.0,-1.0,-1.0,-1.0,1.0,0.0,0.0,0.0,1.0,0.0,0.0,0.0,1.0,0.0,0.0,0.0
20260320_140411_268302,3,145,1.5446913242340088,0.1678126901388168,-0.166008303265094,-17.946935124144414,0.0,0.6226408913585004,2.162833511829376,0.236633579487318,0.0783998223945996,0.0,0.02,0.1381683210256341,0.0,carpet,12345,2458047974,0,0,3,0,0,0,0.2490763813257217,-1.0,-0.6827822923660278,0.5430716872215271,-0.280815988779068,-0.3193638920783996,0.5902115106582642,-0.5105447769165039,0.1017138287425041,0.8982861638069153,-0.2491287589073181,-1.0,-1.0,-1.0,-1.0,-1.0,-1.0,-1.0,1.0,0.0,0.0,0.0,1.0,0.0,0.0,0.0,1.0,0.0,0.0,0.0
20260320_140411_268302,3,146,1.5212119817733765,0.1675359457731247,-0.1419350365009305,-18.088870160645342,0.0,0.4738992776611752,0.0276744365692138,0.7418000404199319,0.0902503852192716,0.0,0.02,0.1129099979790033,0.0,carpet,12345,2458047974,0,0,3,0,0,0,-0.459000676870346,-0.5282589197158813,-0.4932493269443512,0.8466119766235352,0.0314602702856063,0.5532404780387878,-0.5971890091896057,-0.4520069062709808,0.1213496029376983,0.8786503672599792,-0.032965812832117,-1.0,-1.0,-1.0,-1.0,-1.0,-1.0,-1.0,1.0,0.0,0.0,0.0,1.0,0.0,0.0,0.0,1.0,0.0,0.0,0.0
20260320_140411_268302,3,147,1.5006920099258425,0.2039763480424881,-0.1645198317213595,-18.253389992366703,0.0,-0.5555855984882214,-3.64404022693634,0.3190661746382943,0.1047314045327427,0.0,0.02,0.1340466912680852,0.0,carpet,12345,2458047974,0,0,3,0,0,0,-0.8415603041648865,-0.0702152475714683,0.2576391398906708,0.6235116720199585,0.767932653427124,-0.9102664589881896,-0.5825256705284119,-0.4813560545444488,0.1216008439660072,0.878399133682251,-0.2307865619659423,-1.0,-1.0,-1.0,-1.0,-1.0,-1.0,-1.0,1.0,0.0,0.0,0.0,1.0,0.0,0.0,0.0,1.0,0.0,0.0,0.0
20260320_140411_268302,3,148,1.5650213956832886,0.1590209752321243,-0.1389696461478228,-18.39235963851453,0.0,0.7071951213929424,4.495537281036377,0.8206784932404787,0.1000357080984675,0.0,0.02,0.108966075337976,0.0,carpet,12345,2458047974,0,0,3,0,0,0,-0.7258500456809998,-0.7381477952003479,-0.8537423014640808,0.5840561985969543,0.9675303101539612,0.7856205105781555,0.1425719410181045,-0.507006049156189,0.0885176211595535,0.9114823937416076,-0.2783872187137604,-1.0,-1.0,-1.0,-1.0,-1.0,-1.0,-1.0,1.0,0.0,0.0,0.0,1.0,0.0,0.0,0.0,1.0,0.0,0.0,0.0
20260320_140411_268302,3,149,1.5890213251113892,0.1561697572469711,-0.0811397428536514,-18.473499381368185,0.0,0.6016767906735367,0.2851217985153198,1.959069833799461,0.0909323454362454,0.0,0.02,0.0520465083100269,0.0,carpet,12345,2458047974,0,0,3,0,0,0,-0.52357017993927,0.3214769661426544,-0.7387191653251648,-0.2542655169963836,0.9737277030944824,-0.7244429588317871,0.3528331220149994,-0.4265943467617035,0.1293313652276992,0.8706686496734619,-0.1055601686239242,-1.0,-1.0,-1.0,-1.0,-1.0,-1.0,-1.0,1.0,0.0,0.0,0.0,1.0,0.0,0.0,0.0,1.0,0.0,0.0,0.0
20260320_140411_268302,3,150,1.5880190134048462,0.1398335099220276,-0.042986876396801,-18.51648625776498,0.0,0.8596637761287411,1.6336247324943542,2.7094902587266745,0.0846138933313478,0.0,0.02,0.0145254870636662,0.0,carpet,12345,2458047974,0,0,3,0,0,0,0.7857934236526489,-0.8287839889526367,-0.0760663300752639,0.774443507194519,0.5130645632743835,0.7329056859016418,-0.0288383979350328,-0.3965944349765777,0.1319199055433273,0.8680800795555115,-0.0415075421333313,-1.0,-1.0,-1.0,-1.0,-1.0,-1.0,-1.0,1.0,0.0,0.0,0.0,1.0,0.0,0.0,0.0,1.0,0.0,0.0,0.0
20260320_140411_268302,3,151,1.674721598625183,0.1611247062683105,-0.06626108682793,-18.58274734459291,0.0,0.1124679234394818,-2.129119634628296,2.199317290807656,0.0622695136831281,0.0,0.02,0.0400341354596172,0.0,carpet,12345,2458047974,0,0,3,0,0,0,-0.3208822607994079,0.7715288996696472,0.1356114149093628,-0.6090148091316223,0.7534500956535339,-0.136454164981842,0.8691225647926331,-0.3978473544120788,0.1467511355876922,0.8532488942146301,-0.0872632935643196,-1.0,-1.0,-1.0,-1.0,-1.0,-1.0,-1.0,1.0,0.0,0.0,0.0,1.0,0.0,0.0,0.0,1.0,0.0,0.0,0.0
20260320_140411_268302,3,152,1.5311206579208374,0.1759972721338272,-0.1055967230857549,-18.688344067678663,0.0,-0.287463204058298,-1.4872565865516665,1.4379548090881826,0.0749446354016407,0.0,0.02,0.0781022595455908,0.0,carpet,12345,2458047974,0,0,3,0,0,0,-0.0408296547830104,0.2097989618778228,0.0996611341834068,1.0,-0.041554857045412,-0.3602257966995239,-0.9513245820999146,-0.2894691526889801,0.1274214386940002,0.8725785613059998,0.1962284296751022,-1.0,-1.0,-1.0,-1.0,-1.0,-1.0,-1.0,1.0,0.0,0.0,0.0,1.0,0.0,0.0,0.0,1.0,0.0,0.0,0.0
20260320_140411_268302,3,153,1.5654162168502808,0.1460184603929519,-0.0513986975888015,-18.739742765267465,0.0,0.5338728904781505,2.9978811740875244,2.5274132980545545,0.0776936249152929,0.0,0.02,0.0236293350972722,0.0,carpet,12345,2458047974,0,0,3,0,0,0,0.7887759804725647,-0.438224047422409,-0.7897002696990967,-0.0611579939723014,-0.0277436412870883,-0.6955859065055847,0.4453241527080536,-0.4689702987670898,0.113919049501419,0.8860809803009033,-0.28857421875,-1.0,-1.0,-1.0,-1.0,-1.0,-1.0,-1.0,1.0,0.0,0.0,0.0,1.0,0.0,0.0,0.0,1.0,0.0,0.0,0.0
20260320_140411_268302,3,154,1.592970371246338,0.1705927848815918,-0.0970780766276284,-18.836820841895094,0.0,-0.2139534443573865,-2.457432448863983,1.6062647323042256,0.0739131324283969,0.0,0.02,0.0696867633847887,0.0,carpet,12345,2458047974,0,0,3,0,0,0,-0.1222573593258857,-0.7080027461051941,-0.5276010036468506,0.7375060319900513,0.9079917669296264,-0.9411860704421996,0.890540361404419,-0.4261007308959961,0.1411359906196594,0.8588640093803406,-0.0263407435268163,-1.0,-1.0,-1.0,-1.0,-1.0,-1.0,-1.0,1.0,0.0,0.0,0.0,1.0,0.0,0.0,0.0,1.0,0.0,0.0,0.0
20260320_140411_268302,3,155,1.5531928539276123,0.1286145597696304,-0.0832745582938468,-18.92009540018894,0.0,0.8889905445309978,4.1978225111961365,1.893578486161687,0.0795348260193116,0.0,0.02,0.0553210756919156,0.0,carpet,12345,2458047974,0,0,3,0,0,0,-0.1191975772380828,0.1558629721403122,-0.4580052196979522,0.3548517227172851,-0.917244017124176,-0.1139611527323722,-0.5063030123710632,-0.3916580080986023,0.1188256368041038,0.8811743855476379,0.0591752715408802,-1.0,-1.0,-1.0,-1.0,-1.0,-1.0,-1.0,1.0,0.0,0.0,0.0,1.0,0.0,0.0,0.0,1.0,0.0,0.0,0.0
20260320_140411_268302,3,156,1.659482717514038,0.1698909997940063,-0.1427503552251888,-19.06284575541413,0.0,-0.3651680922111495,-4.127644002437592,0.668746617821796,0.0618768611627867,0.0,0.02,0.1165626691089102,0.0,carpet,12345,2458047974,0,0,3,0,0,0,-0.4915505945682525,0.6342949271202087,0.1977993994951248,-1.0,0.0378002934157848,0.721280574798584,0.6125470995903015,-0.4413799345493316,0.1569365113973617,0.843063473701477,-0.1483845114707946,-1.0,-1.0,-1.0,-1.0,-1.0,-1.0,-1.0,1.0,0.0,0.0,0.0,1.0,0.0,0.0,0.0,1.0,0.0,0.0,0.0
20260320_140411_268302,3,157,1.583707332611084,0.1390460282564163,-0.1237216974341928,-19.186567452848323,0.0,0.4972482192813885,3.0844971537590027,1.0535269136637029,0.0639804311737794,0.0,0.02,0.0973236543168148,0.0,carpet,12345,2458047974,0,0,3,0,0,0,-1.0,0.5980682373046875,-0.5791369080543518,-0.2170738875865936,0.6637269854545593,-0.3531331717967987,-0.578892707824707,-0.3085176348686218,0.1194627732038497,0.880537211894989,0.2098481506109237,-1.0,-1.0,-1.0,-1.0,-1.0,-1.0,-1.0,1.0,0.0,0.0,0.0,1.0,0.0,0.0,0.0,1.0,0.0,0.0,0.0
20260320_140411_268302,3,158,1.5793696641921997,0.1281547844409942,-0.0773334759308224,-19.263900928779144,0.0,0.6452172598466035,1.0891243815422058,1.986207377568604,0.0664384480925267,0.0,0.02,0.0506896311215697,0.0,carpet,12345,2458047974,0,0,3,0,0,0,0.2786947190761566,0.1536314785480499,0.4005776941776275,0.3366115093231201,-0.4905547499656677,0.0446562208235263,-0.6563560962677002,-0.4032369554042816,0.1474660485982895,0.8525339365005493,-0.1299425065517425,-1.0,-1.0,-1.0,-1.0,-1.0,-1.0,-1.0,1.0,0.0,0.0,0.0,1.0,0.0,0.0,0.0,1.0,0.0,0.0,0.0
20260320_140411_268302,3,159,1.598206877708435,0.1297046244144439,-0.081582689889041,-19.345483618668183,0.0,0.4451669455486922,-0.1549839973449707,1.897501432639146,0.0645776152099835,0.0,0.02,0.0551249283680427,0.0,carpet,12345,2458047974,0,0,3,0,0,0,-0.4492398202419281,0.0688854157924652,-0.5286282300949097,0.6042032241821289,0.5703628063201904,-0.5615880489349365,0.2794540822505951,-0.4086589813232422,0.157353937625885,0.842646062374115,-0.1395165622234344,-1.0,-1.0,-1.0,-1.0,-1.0,-1.0,-1.0,1.0,0.0,0.0,0.0,1.0,0.0,0.0,0.0,1.0,0.0,0.0,0.0
20260320_140411_268302,3,160,1.579695463180542,0.1282635629177093,-0.0526151463697622,-19.398098765037947,0.0,0.3699017465798988,0.1441061496734619,2.481356623576432,0.0668297754858384,0.0,0.02,0.0259321688211784,0.0,carpet,12345,2458047974,0,0,3,0,0,0,-0.1546351462602615,0.3529287278652191,-0.3162812888622284,0.4672436416149139,0.02141934633255,0.1200994178652763,-0.5868695974349976,-0.3851123750209808,0.1559468656778335,0.8440530896186829,-0.008942374959588,-1.0,-1.0,-1.0,-1.0,-1.0,-1.0,-1.0,1.0,0.0,0.0,0.0,1.0,0.0,0.0,0.0,1.0,0.0,0.0,0.0
20260320_140411_268302,3,161,1.6048181056976318,0.135857880115509,-0.0923610865948143,-19.49045985163276,0.0,0.0875683799899178,-0.7594317197799683,1.679934459035351,0.0635780954658194,0.0,0.02,0.0660032770482324,0.0,carpet,12345,2458047974,0,0,3,0,0,0,-0.4644510149955749,0.9155501127243042,-0.5784083008766174,-0.5769366025924683,-0.8146314024925232,-0.9534807801246644,0.6202303171157837,-0.4082517623901367,0.157255157828331,0.8427448272705078,-0.1442657262086868,-1.0,-1.0,-1.0,-1.0,-1.0,-1.0,-1.0,1.0,0.0,0.0,0.0,1.0,0.0,0.0,0.0,1.0,0.0,0.0,0.0
20260320_140411_268302,3,162,1.5832500457763672,0.1149156242609024,-0.0448197841014683,-19.535279635734227,0.0,0.5892326813576148,2.094225585460663,2.634335232604116,0.0653654573167411,0.0,0.02,0.0182832383697942,0.0,carpet,12345,2458047974,0,0,3,0,0,0,0.8966943621635437,0.4828655421733856,1.0,-0.4638358056545257,-0.0275309309363365,0.2907693088054657,-0.3495917916297912,-0.3768483996391296,0.1503605097532272,0.8496394753456116,0.067083328962326,-1.0,-1.0,-1.0,-1.0,-1.0,-1.0,-1.0,1.0,0.0,0.0,0.0,1.0,0.0,0.0,0.0,1.0,0.0,0.0,0.0
20260320_140411_268302,3,163,1.6058613061904907,0.1272623687982559,-0.0627133618336052,-19.597992997567832,0.0,0.1332558975843767,-1.2346744537353516,2.270342910907104,0.0623050737896043,0.0,0.02,0.0364828544546448,0.0,carpet,12345,2458047974,0,0,3,0,0,0,-0.863513171672821,-0.6586874127388,-0.9612286686897278,-0.3311696648597717,0.7124729752540588,-0.5947825908660889,0.687835693359375,-0.4038084149360657,0.1693733781576156,0.8306266069412231,-0.0808486118912696,-1.0,-1.0,-1.0,-1.0,-1.0,-1.0,-1.0,1.0,0.0,0.0,0.0,1.0,0.0,0.0,0.0,1.0,0.0,0.0,0.0
20260320_140411_268302,3,164,1.6188344955444336,0.1346540302038192,-0.0987499195282296,-19.696742917096064,0.0,-0.0848496119508155,-0.7391661405563354,1.5402760391096848,0.0576372148371385,0.0,0.02,0.0729861980445157,0.0,carpet,12345,2458047974,0,0,3,0,0,0,-0.3180835247039795,0.8279172778129578,0.2975907623767853,0.3624620139598846,0.5861636996269226,-0.5609012842178345,1.0,-0.3755443692207336,0.1581641286611557,0.8418358564376831,0.0761317312717437,-1.0,-1.0,-1.0,-1.0,-1.0,-1.0,-1.0,1.0,0.0,0.0,0.0,1.0,0.0,0.0,0.0,1.0,0.0,0.0,0.0
20260320_140411_268302,3,165,1.6193768978118896,0.1229784041643142,-0.1092477171695903,-19.80599063426565,0.0,0.2282534420245241,1.1675626039505005,1.3233625355855168,0.0541584394886618,0.0,0.02,0.0838318732207241,0.0,carpet,12345,2458047974,0,0,3,0,0,0,0.8829902410507202,-0.8126105070114136,0.7157758474349976,-0.912216305732727,-0.3227324187755584,-0.1229717507958412,0.5258158445358276,-0.359327882528305,0.15145343542099,0.8485465049743652,0.1297850310802459,-1.0,-1.0,-1.0,-1.0,-1.0,-1.0,-1.0,1.0,0.0,0.0,0.0,1.0,0.0,0.0,0.0,1.0,0.0,0.0,0.0
20260320_140411_268302,3,166,1.6051589250564575,0.1149392575025558,-0.1091320427640648,-19.91512267702972,0.0,0.3721687480623501,0.8039146661758423,1.325629537067968,0.0541351961746325,0.0,0.02,0.0837185231466016,0.0,carpet,12345,2458047974,0,0,3,0,0,0,-0.6048504114151001,-0.5768323540687561,0.96053808927536,1.0,0.0390004552900791,0.7630326151847839,-0.1683173179626464,-0.3586500287055969,0.1620534211397171,0.8379465341567993,0.1079236939549446,-1.0,-1.0,-1.0,-1.0,-1.0,-1.0,-1.0,1.0,0.0,0.0,0.0,1.0,0.0,0.0,0.0,1.0,0.0,0.0,0.0
20260320_140411_268302,3,167,1.6076031923294067,0.1196155697107315,-0.1053541297825092,-20.020476806812223,0.0,0.1622187558423746,-0.4676312208175659,1.4002799129204249,0.0536812542853047,0.0,0.02,0.0799860043539787,0.0,carpet,12345,2458047974,0,0,3,0,0,0,0.452252447605133,-0.0799615234136581,0.3011699914932251,-0.6525614857673645,0.4173199236392975,-0.6956744194030762,0.4953411519527435,-0.3764223158359527,0.1693519353866577,0.8306480646133423,-0.0106063075363636,-1.0,-1.0,-1.0,-1.0,-1.0,-1.0,-1.0,1.0,0.0,0.0,0.0,1.0,0.0,0.0,0.0,1.0,0.0,0.0,0.0
20260320_140411_268302,3,168,1.5723954439163208,0.1306729018688202,-0.1431641460745927,-20.16364095288682,0.0,-0.1547692370704396,-1.1057332158088684,0.6562779944923705,0.0597804579921129,0.0,0.02,0.1171861002753814,0.0,carpet,12345,2458047974,0,0,3,0,0,0,0.9207425713539124,0.2556774914264679,0.1451395899057388,-0.8337523937225342,-0.8156726956367493,0.5534130930900574,-0.8485016226768494,-0.3733671307563782,0.1651064306497573,0.834893524646759,0.0805457532405853,-1.0,-1.0,-1.0,-1.0,-1.0,-1.0,-1.0,1.0,0.0,0.0,0.0,1.0,0.0,0.0,0.0,1.0,0.0,0.0,0.0
20260320_140411_268302,3,169,1.5838370323181152,0.1028514206409454,-0.1211111995437651,-20.284752152430585,0.0,0.579460102894032,2.782148122787476,1.1024821998020258,0.0623530953386641,0.0,0.02,0.0948758900098987,0.0,carpet,12345,2458047974,0,0,3,0,0,0,0.3209297657012939,0.2616632282733917,-0.4055737555027008,0.8811856508255005,0.2480348348617553,0.0370335504412651,-0.2232843935489654,-0.417376697063446,0.1550678014755249,0.8449321985244751,-0.1191262528300285,-1.0,-1.0,-1.0,-1.0,-1.0,-1.0,-1.0,1.0,0.0,0.0,0.0,1.0,0.0,0.0,0.0,1.0,0.0,0.0,0.0
20260320_140411_268302,3,170,1.4653698205947876,0.165540337562561,-0.1762153413103246,-20.46096749374091,0.0,-1.1326278458698624,-6.26889169216156,0.0547039658829788,0.0895053960447362,0.0,0.02,0.147264801705851,0.0,carpet,12345,2458047974,0,0,3,0,0,0,-0.8818328976631165,0.5542493462562561,0.6763064861297607,-0.9295262694358826,-0.1670109182596206,-0.5808820724487305,-0.9042497277259828,-0.4030748307704925,0.1803261339664459,0.8196738362312317,-0.0366836227476596,-1.0,-1.0,-1.0,-1.0,-1.0,-1.0,-1.0,1.0,0.0,0.0,0.0,1.0,0.0,0.0,0.0,1.0,0.0,0.0,0.0
20260320_140411_268302,3,171,1.52100932598114,0.1422752887010574,-0.1799146954919692,-20.64088218923288,0.0,-0.2678446628648032,2.32650488615036,-0.4413941390063485,0.0991469549196925,0.0,0.02,0.15,0.0,carpet,12345,2458047974,0,0,3,0,0,0,0.2006463706493377,1.0,-0.8140547275543213,0.5659452080726624,-0.6074334383010864,-0.1514013111591339,0.6285067796707153,-0.5511587262153625,0.1234126165509224,0.8765873312950134,-0.2954863607883453,-1.0,-1.0,-1.0,-1.0,-1.0,-1.0,-1.0,1.0,0.0,0.0,0.0,1.0,0.0,0.0,0.0,1.0,0.0,0.0,0.0
20260320_140411_268302,3,172,1.5224093198776243,0.1101801171898841,-0.180635021901626,-20.821517211134505,0.0,0.6014957906307359,3.209517151117325,-0.2120670964379627,0.1063502190162606,0.0,0.02,0.15,0.0,carpet,12345,2458047974,0,0,3,0,0,0,-0.5580666065216064,-1.0,-0.9393867254257202,0.1424014866352081,-0.0271684844046831,0.3803630769252777,0.0256106182932853,-0.4816093444824219,0.1445343047380447,0.8554657101631165,0.0326501652598381,-1.0,-1.0,-1.0,-1.0,-1.0,-1.0,-1.0,1.0,0.0,0.0,0.0,1.0,0.0,0.0,0.0,1.0,0.0,0.0,0.0
20260320_140411_268302,3,173,1.4777405261993408,0.1371391415596008,-0.182370865162975,-21.00388807629748,0.0,-0.2228537662698784,-2.6959024369716644,-0.5971396185502158,0.1237086516297503,0.0,0.02,0.15,0.0,carpet,12345,2458047974,0,0,3,0,0,0,0.2418846189975738,-0.4506819248199463,0.4706061482429504,0.9934229254722596,0.7738335132598877,-0.5839983224868774,-0.6362357139587402,-0.4798593521118164,0.1736726313829422,0.826327383518219,-0.0288863144814968,-1.0,-1.0,-1.0,-1.0,-1.0,-1.0,-1.0,1.0,0.0,0.0,0.0,1.0,0.0,0.0,0.0,1.0,0.0,0.0,0.0
20260320_140411_268302,3,174,1.48385751247406,0.1316742449998855,-0.1835848389845099,-21.18747291528199,0.0,-0.0305179107095199,0.5464896559715271,-0.472888292189296,0.1358483898450991,0.0,0.02,0.15,0.0,carpet,12345,2458047974,0,0,3,0,0,0,-0.8620136976242065,-0.8808422684669495,0.8448968529701233,-0.8186341524124146,-0.0869418084621429,0.018293684348464,-0.7115227580070496,-0.5356954336166382,0.1491972655057907,0.8508027195930481,-0.219017744064331,-1.0,-1.0,-1.0,-1.0,-1.0,-1.0,-1.0,1.0,0.0,0.0,0.0,1.0,0.0,0.0,0.0,1.0,0.0,0.0,0.0
20260320_140411_268302,4,0,1.9184097051620483,0.3593025803565979,-0.02,-0.02,0.0,-0.9379275143146516,-3.751710057258606,0.0,0.0,0.0,0.02,0.0,0.0,carpet,12345,2458048105,0,0,4,0,0,0,0.0674416050314903,0.8085304498672485,-0.0445323809981346,-0.8833255171775818,-0.1859736442565918,-0.3190220594406128,0.8990720510482788,0.0,-0.0,0.9999999403953552,0.0,-1.0,-1.0,-1.0,-1.0,-1.0,-1.0,-1.0,1.0,0.0,0.0,0.0,1.0,0.0,0.0,0.0,1.0,0.0,0.0,0.0
20260320_140411_268302,4,1,1.9357737302780151,0.3719008862972259,-0.02,-0.04,0.0,-1.01840328425169,-1.2598305940628052,0.0,0.0,0.0,0.02,0.0,0.0,carpet,12345,2458048105,0,0,4,0,0,0,-0.1526315659284591,0.2614171504974365,0.8552128672599792,0.0463025942444801,-0.0715307891368866,0.5486083626747131,0.7917483448982239,0.0310842506587505,-0.0334441177546978,1.0,0.1740957796573639,-1.0,-1.0,-1.0,-1.0,-1.0,-1.0,-1.0,1.0,0.0,0.0,0.0,1.0,0.0,0.0,0.0,1.0,0.0,0.0,0.0
20260320_140411_268302,4,2,1.8714933395385744,0.3263967037200928,-0.02,-0.06,0.0,0.373802101239562,4.550418257713318,0.0,0.0,0.0,0.02,0.0,0.0,carpet,12345,2458048105,0,0,4,0,0,0,0.647926926612854,0.959903359413147,-0.7818398475646973,-0.1929773390293121,-0.4924943745136261,-0.8390714526176453,-0.0618415735661983,0.0527893081307411,-0.044674701988697,1.0,0.2079412937164306,-1.0,-1.0,-1.0,-1.0,-1.0,-1.0,-1.0,1.0,0.0,0.0,0.0,1.0,0.0,0.0,0.0,1.0,0.0,0.0,0.0
20260320_140411_268302,4,3,1.823714256286621,0.3468811213970184,-0.02,-0.08,0.0,-0.2317588659934699,-2.048441767692566,0.0,0.0,0.0,0.02,0.0,0.0,carpet,12345,2458048105,0,0,4,0,0,0,0.5027753114700317,-0.4613354504108429,0.1046942770481109,1.0,0.3477344512939453,-0.0267868842929601,-1.0,-0.0275611877441406,-0.0041106292046606,1.0,-0.0020046599674969,-1.0,-1.0,-1.0,-1.0,-1.0,-1.0,-1.0,1.0,0.0,0.0,0.0,1.0,0.0,0.0,0.0,1.0,0.0,0.0,0.0
20260320_140411_268302,4,4,1.906458139419556,0.3140395879745483,-0.02,-0.1,0.0,0.6472191860666499,3.2841533422470093,0.0,0.0,0.0,0.02,0.0,0.0,carpet,12345,2458048105,0,0,4,0,0,0,-0.1527110040187835,0.3277424573898315,0.4246464371681213,0.902497947216034,0.7499505281448364,0.7846319675445557,-0.1535587608814239,-0.087285041809082,-0.0223711524158716,1.0,-0.2522120475769043,-1.0,-1.0,-1.0,-1.0,-1.0,-1.0,-1.0,1.0,0.0,0.0,0.0,1.0,0.0,0.0,0.0,1.0,0.0,0.0,0.0
20260320_140411_268302,4,5,1.889753818511963,0.3224922716617584,-0.1699999999999999,-0.27,0.0,0.2740972973697353,-0.8452683687210083,-0.8929710798838641,0.0,0.0,0.02,0.15,0.0,carpet,12345,2458048105,0,0,4,0,0,0,0.9980209469795228,0.1789020746946334,1.0,0.6742091178894043,-0.6139026880264282,0.0144190331920981,-0.5807076692581177,0.0161447525024414,0.0069049531593918,0.99309504032135,-0.0575023218989372,-1.0,-1.0,-1.0,-1.0,-1.0,-1.0,-1.0,1.0,0.0,0.0,0.0,1.0,0.0,0.0,0.0,1.0,0.0,0.0,0.0
20260320_140411_268302,4,6,1.871652364730835,0.3244692981243133,-0.1599448127052892,-0.4299448127052892,0.0,0.1561473114634282,-0.1977026462554931,0.2011037458942155,0.0,0.0,0.02,0.1399448127052892,0.0,carpet,12345,2458048105,0,0,4,0,0,0,0.2862671911716461,-0.0104675590991973,0.6709995865821838,0.5255788564682007,0.0585099421441555,-0.4049010574817657,-0.5348649621009827,-0.0047355652786791,-0.0006300554960034,1.0,-0.1088882312178611,-1.0,-1.0,-1.0,-1.0,-1.0,-1.0,-1.0,1.0,0.0,0.0,0.0,1.0,0.0,0.0,0.0,1.0,0.0,0.0,0.0
20260320_140411_268302,4,7,1.875475287437439,0.3272862732410431,-0.1066903432087383,-0.5366351559140276,0.0,0.0466861056793277,-0.2816975116729736,1.2661931358252332,0.0,0.0,0.02,0.0866903432087383,0.0,carpet,12345,2458048105,0,0,4,0,0,0,-0.1209623739123344,0.5839131474494934,-0.5115088224411011,0.8365087509155273,0.7373332381248474,-0.434940904378891,-0.3680125772953033,-0.0273624416440725,-0.0023924629203975,1.0,-0.1478433161973953,-1.0,-1.0,-1.0,-1.0,-1.0,-1.0,-1.0,1.0,0.0,0.0,0.0,1.0,0.0,0.0,0.0,1.0,0.0,0.0,0.0
20260320_140411_268302,4,8,1.893816351890564,0.3242841958999634,-0.119877122631392,-0.6565122785454196,0.0,0.1100665127864886,0.3002077341079712,1.0024575473721598,0.0,0.0,0.02,0.099877122631392,0.0,carpet,12345,2458048105,0,0,4,0,0,0,0.7178601622581482,0.5295255184173584,-0.3744610846042633,-0.996572494506836,-0.4526190161705017,0.6461514234542847,-0.6625507473945618,-0.0225837714970111,-0.0049036052078008,1.0,-0.1239496916532516,-1.0,-1.0,-1.0,-1.0,-1.0,-1.0,-1.0,1.0,0.0,0.0,0.0,1.0,0.0,0.0,0.0,1.0,0.0,0.0,0.0
20260320_140411_268302,4,9,2.006056785583496,0.4227824807167053,-0.2649768089571705,-0.92148908750259,-0.0949768089571705,-2.379907235828682,-9.849828481674194,-1.1456908224630524,0.0,0.0,0.02,0.15,0.0,carpet,12345,2458048105,0,0,4,0,0,0,0.7131714820861816,0.2882643043994903,0.1915081590414047,-0.4274514317512512,-0.2811508774757385,0.9887530207633972,0.849506676197052,0.0003425598260946,-0.0022274679504334,1.0,-0.0938514024019241,-1.0,-1.0,-1.0,-1.0,-1.0,-1.0,-1.0,1.0,0.0,0.0,0.0,1.0,0.0,0.0,0.0,1.0,0.0,0.0,0.0
20260320_140411_268302,4,10,1.8450026512146,0.3236720263957977,-0.1699999999999999,-1.09148908750259,0.0,0.6928309311511782,9.91104543209076,-1.100079077378524,0.0,0.0,0.02,0.15,0.0,carpet,12345,2458048105,0,0,4,0,0,0,-0.7315298318862915,0.3599808812141418,-0.0731578469276428,-0.1165177449584007,-0.7867135405540466,-0.2469285279512405,-0.702576220035553,0.1406431198120117,-0.0900323688983917,1.0,0.3370639383792877,-1.0,-1.0,-1.0,-1.0,-1.0,-1.0,-1.0,1.0,0.0,0.0,0.0,1.0,0.0,0.0,0.0,1.0,0.0,0.0,0.0
20260320_140411_268302,4,11,1.9135146141052248,0.363514095544815,-0.1699999999999999,-1.26148908750259,0.0,-0.4764285303620568,-3.984206914901733,-1.850604905110316,0.0,0.0,0.02,0.15,0.0,carpet,12345,2458048105,0,0,4,0,0,0,0.1347060650587082,0.1532584726810455,0.4776026010513305,0.793775200843811,-1.0,0.3431414663791656,0.8934153914451599,-0.0606746673583984,-0.0016817462164908,1.0,-0.094324491918087,-1.0,-1.0,-1.0,-1.0,-1.0,-1.0,-1.0,1.0,0.0,0.0,0.0,1.0,0.0,0.0,0.0,1.0,0.0,0.0,0.0
20260320_140411_268302,4,12,1.8883228302001955,0.33188197016716,-0.1699999999999999,-1.43148908750259,0.0,0.4334817366698473,3.163212537765503,-1.573270479903897,0.0,0.0,0.02,0.15,0.0,carpet,12345,2458048105,0,0,4,0,0,0,0.6151186227798462,-0.0278576910495758,0.0380174294114112,-0.1750644296407699,0.679021418094635,0.7675178647041321,-0.5613270401954651,0.0249652862548828,-0.0371984019875526,1.0,0.1959436386823654,-1.0,-1.0,-1.0,-1.0,-1.0,-1.0,-1.0,1.0,0.0,0.0,0.0,1.0,0.0,0.0,0.0,1.0,0.0,0.0,0.0
20260320_140411_268302,4,13,1.921070575714112,0.3517590761184692,-0.1699999999999999,-1.6014890875025898,0.0,-0.1718163462803517,-1.9877105951309204,-1.7917729318635764,0.0,0.0,0.02,0.15,0.0,carpet,12345,2458048105,0,0,4,0,0,0,-0.4190326035022735,0.8571053147315979,-0.4739179611206054,-0.760589599609375,-0.3794257640838623,0.056455697864294,0.7298786640167236,-0.0065244673751294,-0.0090003944933414,1.0,-0.0237062238156795,-1.0,-1.0,-1.0,-1.0,-1.0,-1.0,-1.0,1.0,0.0,0.0,0.0,1.0,0.0,0.0,0.0,1.0,0.0,0.0,0.0
20260320_140411_268302,4,14,1.873334050178528,0.337790846824646,-0.1699999999999999,-1.7714890875025897,0.0,0.2203434726353208,1.3968229293823242,-1.6814959720147442,0.0,0.0,0.02,0.15,0.0,carpet,12345,2458048105,0,0,4,0,0,0,0.2427627891302108,-0.0879567191004753,-0.5952401757240295,-0.138970747590065,1.0,0.3873083293437958,-0.8032300472259521,0.034410286694765,-0.0267195478081703,1.0,0.212677001953125,-1.0,-1.0,-1.0,-1.0,-1.0,-1.0,-1.0,1.0,0.0,0.0,0.0,1.0,0.0,0.0,0.0,1.0,0.0,0.0,0.0
20260320_140411_268302,4,15,1.9086092710494995,0.3218055665493011,-0.1068349562412973,-1.878324043743887,0.0,0.5648896113601154,1.5985280275344849,1.263300875174053,0.0,0.0,0.02,0.0868349562412973,0.0,carpet,12345,2458048105,0,0,4,0,0,0,-0.6536284685134888,-0.7945252060890198,0.9576369524002076,0.9709064960479736,0.6070750951766968,0.1692338734865188,0.09066092222929,-0.0252603534609079,-0.0142677575349807,1.0,-0.0851693227887153,-1.0,-1.0,-1.0,-1.0,-1.0,-1.0,-1.0,1.0,0.0,0.0,0.0,1.0,0.0,0.0,0.0,1.0,0.0,0.0,0.0
20260320_140411_268302,4,16,1.926532745361328,0.3485535383224487,-0.153728107089287,-2.032052150833174,0.0,-0.2450320858086172,-2.6747971773147583,0.3254378582142578,0.0,0.0,0.02,0.1337281070892871,0.0,carpet,12345,2458048105,0,0,4,0,0,0,0.5490609407424927,-0.8742194771766663,1.0,-1.0,-0.8437411785125732,0.2910325825214386,0.561780571937561,0.0188337322324514,-1.7920943719218485e-05,1.0,0.0569099858403205,-1.0,-1.0,-1.0,-1.0,-1.0,-1.0,-1.0,1.0,0.0,0.0,0.0,1.0,0.0,0.0,0.0,1.0,0.0,0.0,0.0
20260320_140411_268302,4,17,1.873072385787964,0.3080827593803406,-0.0885069101113718,-2.120559060944546,0.0,0.827995409196248,4.047077894210815,1.629861797772563,0.0,0.0,0.02,0.0685069101113718,0.0,carpet,12345,2458048105,0,0,4,0,0,0,0.4326302707195282,0.7380210161209106,0.9242040514945984,-0.2425302118062973,-0.2948074042797088,-1.0,-0.1206397414207458,0.0412380211055278,-0.0238620247691869,1.0,0.1917519718408584,-1.0,-1.0,-1.0,-1.0,-1.0,-1.0,-1.0,1.0,0.0,0.0,0.0,1.0,0.0,0.0,0.0,1.0,0.0,0.0,0.0
20260320_140411_268302,4,18,1.868721604347229,0.3168113529682159,-0.0900419110848493,-2.210600972029395,0.0,0.4027817172002983,-0.8728593587875366,1.5991617783030136,0.0,0.0,0.02,0.0700419110848493,0.0,carpet,12345,2458048105,0,0,4,0,0,0,-0.8362327218055725,-0.1780303418636322,-0.9703264236450196,0.6411944031715393,0.7163864374160767,-0.8674798607826233,0.4177004396915436,-0.0255874637514352,0.0122150955721735,0.9877848625183104,0.0221385024487972,-1.0,-1.0,-1.0,-1.0,-1.0,-1.0,-1.0,1.0,0.0,0.0,0.0,1.0,0.0,0.0,0.0,1.0,0.0,0.0,0.0
20260320_140411_268302,4,19,1.8559104204177856,0.3088310360908508,-0.0563713832791141,-2.2669723553085093,0.0,0.5015942098343515,0.7980316877365112,2.272572334417717,0.0,0.0,0.02,0.0363713832791141,0.0,carpet,12345,2458048105,0,0,4,0,0,0,0.706774115562439,-0.2963213920593261,-0.4511935710906982,-0.4441573321819305,0.9726529121398926,-0.1550807356834411,-0.2831939160823822,-0.0310258865356445,0.0044341073371469,0.9955658912658693,0.0431821420788764,-1.0,-1.0,-1.0,-1.0,-1.0,-1.0,-1.0,1.0,0.0,0.0,0.0,1.0,0.0,0.0,0.0,1.0,0.0,0.0,0.0
20260320_140411_268302,4,20,1.8418262004852293,0.3032325804233551,-0.0415807044577218,-2.308553059766231,0.0,0.5161570490631675,0.5598455667495728,2.568385910845564,0.0,0.0,0.02,0.0215807044577218,0.0,carpet,12345,2458048105,0,0,4,0,0,0,-0.0786589458584785,0.5001139640808105,-0.2982596755027771,-0.0897159799933433,-0.2941007912158966,-0.4894971847534179,-0.5921809673309326,-0.047039795666933,0.0115480413660407,0.988451898097992,-0.0648480728268623,-1.0,-1.0,-1.0,-1.0,-1.0,-1.0,-1.0,1.0,0.0,0.0,0.0,1.0,0.0,0.0,0.0,1.0,0.0,0.0,0.0
20260320_140411_268302,4,21,1.8606092929840088,0.3083582818508148,-0.0568764224701841,-2.365429482236415,0.0,0.2589752511108685,-0.5125701427459717,2.2624715505963167,0.0,0.0,0.02,0.0368764224701841,0.0,carpet,12345,2458048105,0,0,4,0,0,0,0.6693390607833862,0.2665725946426391,-0.8004521131515503,-0.4722145795822143,0.3121437728404999,0.7403875589370728,-0.6013553142547607,-0.0646451935172081,0.01653871871531,0.9834612607955932,-0.111976720392704,-1.0,-1.0,-1.0,-1.0,-1.0,-1.0,-1.0,1.0,0.0,0.0,0.0,1.0,0.0,0.0,0.0,1.0,0.0,0.0,0.0
20260320_140411_268302,4,22,1.86358642578125,0.3093520104885101,-0.0361554070602143,-2.4015848892966294,0.0,0.1693882223907792,-0.0993728637695312,2.676891858795713,0.0,0.0,0.02,0.0161554070602143,0.0,carpet,12345,2458048105,0,0,4,0,0,0,0.3998849391937256,-0.7398155927658081,-0.0678851604461669,-0.7964757084846497,0.9781746864318848,0.8921147584915161,-0.4615128636360168,-0.0411663055419921,0.0119694732129573,0.98803049325943,-0.0652318745851516,-1.0,-1.0,-1.0,-1.0,-1.0,-1.0,-1.0,1.0,0.0,0.0,0.0,1.0,0.0,0.0,0.0,1.0,0.0,0.0,0.0
20260320_140411_268302,4,23,1.8474953174591064,0.309045135974884,-0.0708195260383402,-2.4724044153349696,0.0,0.1347130296337297,0.0306874513626098,1.9836094792331949,0.0,0.0,0.02,0.0508195260383402,0.0,carpet,12345,2458048105,0,0,4,0,0,0,0.8066206574440002,0.7699702978134155,-0.0027968802023679,0.7176812291145325,0.7323388457298279,0.3294300138950348,-0.9567003846168518,-0.0374448783695697,0.0110836271196603,0.9889163374900818,-0.0528523921966552,-1.0,-1.0,-1.0,-1.0,-1.0,-1.0,-1.0,1.0,0.0,0.0,0.0,1.0,0.0,0.0,0.0,1.0,0.0,0.0,0.0
20260320_140411_268302,4,24,1.936600685119629,0.344596266746521,-0.1303457867516361,-2.6027502020866056,0.0,-0.7877434970656196,-3.5551130771636963,0.7930842649672769,0.0,0.0,0.02,0.1103457867516361,0.0,carpet,12345,2458048105,0,0,4,0,0,0,-0.8347489833831787,0.1765379160642624,0.0718556642532348,-0.1031108945608139,0.1800383478403091,0.8922790288925171,0.4998423457145691,-0.057558823376894,0.0113571854308247,0.9886427521705629,-0.1261238306760788,-1.0,-1.0,-1.0,-1.0,-1.0,-1.0,-1.0,1.0,0.0,0.0,0.0,1.0,0.0,0.0,0.0,1.0,0.0,0.0,0.0
20260320_140411_268302,4,25,1.9199926853179927,0.3292847871780395,-0.1658265289227128,-2.7685767310093183,0.0,-0.2080206335871821,1.5311479568481443,0.0834694215457432,0.0,0.0,0.02,0.1458265289227128,0.0,carpet,12345,2458048105,0,0,4,0,0,0,0.3207212388515472,-0.6095613241195679,-0.3222217559814453,-0.6025184392929077,0.8428047299385071,0.799635112285614,-0.1906906068325042,0.0538228973746299,-0.0203343536704778,1.0,0.2366712838411331,-1.0,-1.0,-1.0,-1.0,-1.0,-1.0,-1.0,1.0,0.0,0.0,0.0,1.0,0.0,0.0,0.0,1.0,0.0,0.0,0.0
20260320_140411_268302,4,26,1.9278072118759155,0.3406869173049927,-0.1699999999999999,-2.9385767310093183,0.0,-0.4410687283642147,-1.1402130126953125,-0.873756355881639,0.0,0.0,0.02,0.15,0.0,carpet,12345,2458048105,0,0,4,0,0,0,-0.8320785760879517,-0.3549128770828247,0.0758381858468055,-0.6683271527290344,-0.8691015839576721,0.01109279692173,0.6511550545692444,0.0330629348754882,-0.0066851577721536,1.0,0.1039895638823509,-1.0,-1.0,-1.0,-1.0,-1.0,-1.0,-1.0,1.0,0.0,0.0,0.0,1.0,0.0,0.0,0.0,1.0,0.0,0.0,0.0
20260320_140411_268302,4,27,1.866598963737488,0.288041353225708,-0.1699999999999999,-3.108576731009318,0.0,0.985337555708952,5.264556407928467,-0.1473940512835554,0.0,0.0,0.02,0.15,0.0,carpet,12345,2458048105,0,0,4,0,0,0,0.452662318944931,-0.0678933635354042,-0.1056678667664527,0.910824716091156,1.0,-0.4719848036766052,-0.3181559145450592,0.042831040918827,-0.0168494265526533,1.0,0.2708405256271362,-1.0,-1.0,-1.0,-1.0,-1.0,-1.0,-1.0,1.0,0.0,0.0,0.0,1.0,0.0,0.0,0.0,1.0,0.0,0.0,0.0
20260320_140411_268302,4,28,1.8857330083847048,0.2941944301128387,-0.1565803014535437,-3.265157032462862,0.0,0.5851762446034598,-0.6153076887130737,0.2683939709291252,0.0,0.0,0.02,0.1365803014535437,0.0,carpet,12345,2458048105,0,0,4,0,0,0,0.5904483199119568,0.1138119623064994,0.9256327748298644,0.4267090857028961,0.1811009645462036,-0.8020051121711731,0.699958860874176,-0.0336791984736919,0.0300807282328605,0.9699192643165588,-0.0701575055718422,-1.0,-1.0,-1.0,-1.0,-1.0,-1.0,-1.0,1.0,0.0,0.0,0.0,1.0,0.0,0.0,0.0,1.0,0.0,0.0,0.0
20260320_140411_268302,4,29,1.8835644721984863,0.2923385798931122,-0.1390520309879431,-3.4042090634508053,0.0,0.4852784389457412,0.1855850219726562,0.6189593802411366,0.0,0.0,0.02,0.1190520309879431,0.0,carpet,12345,2458048105,0,0,4,0,0,0,-0.2787921130657196,0.9232522249221802,-0.7744606137275696,0.5941048860549927,0.5410545468330383,-0.7347568273544312,0.5956485867500305,-0.0097616193816065,0.0245956443250179,0.9754043221473694,0.0790367424488067,-1.0,-1.0,-1.0,-1.0,-1.0,-1.0,-1.0,1.0,0.0,0.0,0.0,1.0,0.0,0.0,0.0,1.0,0.0,0.0,0.0
20260320_140411_268302,4,30,1.8886348009109497,0.2918689548969269,-0.080879883428965,-3.4850889468797703,0.0,0.375699454113942,0.0469624996185302,1.7824023314206985,0.0,0.0,0.02,0.060879883428965,0.0,carpet,12345,2458048105,0,0,4,0,0,0,0.608432948589325,0.5194041728973389,-0.7523782849311829,-0.9542664289474488,-0.3822359144687652,-0.6523063778877258,0.7561229467391968,-0.0124723436310887,0.0262500159442424,0.9737499356269836,0.0581302754580974,-1.0,-1.0,-1.0,-1.0,-1.0,-1.0,-1.0,1.0,0.0,0.0,0.0,1.0,0.0,0.0,0.0,1.0,0.0,0.0,0.0
20260320_140411_268302,4,31,1.901219248771668,0.2814803421497345,-0.0434043562863419,-3.5284933031661123,0.0,0.5414899092652803,1.0388612747192385,2.5319128742731607,0.0,0.0,0.02,0.0234043562863419,0.0,carpet,12345,2458048105,0,0,4,0,0,0,-0.6421018838882446,-0.692337155342102,1.0,0.7798322439193726,0.6550087928771973,0.5259589552879333,0.7067947387695312,-0.0061344145797193,0.0266686584800481,0.973331332206726,0.0959604233503341,-1.0,-1.0,-1.0,-1.0,-1.0,-1.0,-1.0,1.0,0.0,0.0,0.0,1.0,0.0,0.0,0.0,1.0,0.0,0.0,0.0
20260320_140411_268302,4,32,1.870133757591248,0.2690269649028778,-0.02,-3.5484933031661123,0.0,0.7174518631203597,1.245337724685669,3.690433465757735,0.0,0.0,0.02,0.0,0.0,carpet,12345,2458048105,0,0,4,0,0,0,0.7318892478942871,-0.6665673851966858,-0.2398882061243057,0.6651083827018738,-0.9100480675697328,-0.7469305396080017,0.082032211124897,0.0095960618928074,0.0359294340014457,0.9640704989433287,0.103700503706932,-1.0,-1.0,-1.0,-1.0,-1.0,-1.0,-1.0,1.0,0.0,0.0,0.0,1.0,0.0,0.0,0.0,1.0,0.0,0.0,0.0
20260320_140411_268302,4,33,1.898483872413636,0.2922651767730713,-0.036888524468289,-3.5853818276344014,0.0,-0.0428663994145637,-2.323821187019348,2.66222951063422,0.0,0.0,0.02,0.016888524468289,0.0,carpet,12345,2458048105,0,0,4,0,0,0,-0.1634347438812255,-0.0921982526779174,-0.3282032310962677,0.9129388332366944,-0.6472612023353577,-0.2651988565921783,0.8369704484939575,-0.0292606353759765,0.0470308288931846,0.9529691338539124,-0.0081951208412647,-1.0,-1.0,-1.0,-1.0,-1.0,-1.0,-1.0,1.0,0.0,0.0,0.0,1.0,0.0,0.0,0.0,1.0,0.0,0.0,0.0
20260320_140411_268302,4,34,1.864812254905701,0.2599106431007385,-0.0273116595860916,-3.612693487220493,0.0,0.776713542247407,3.2354533672332764,2.8537668082781664,0.0,0.0,0.02,0.0073116595860916,0.0,carpet,12345,2458048105,0,0,4,0,0,0,0.3841754198074341,-0.0890846699476242,0.5453200936317444,0.4942957460880279,-0.0660762637853622,-0.6610202789306641,0.1965176463127136,0.0061769485473632,0.0263154599815607,0.9736844897270204,0.129037544131279,-1.0,-1.0,-1.0,-1.0,-1.0,-1.0,-1.0,1.0,0.0,0.0,0.0,1.0,0.0,0.0,0.0,1.0,0.0,0.0,0.0
20260320_140411_268302,4,35,1.904054284095764,0.2787088751792907,-0.0459466137972914,-3.658640101017785,0.0,0.1125793547217455,-1.8798232078552248,2.4810677240541708,0.0,0.0,0.02,0.0259466137972914,0.0,carpet,12345,2458048105,0,0,4,0,0,0,0.0315252467989921,0.3125530481338501,0.113998956978321,-0.5154886841773987,0.9446926712989808,-0.3500604629516601,0.8651006817817688,-0.0359125137329101,0.0551574490964412,0.944842517375946,-0.018860625103116,-1.0,-1.0,-1.0,-1.0,-1.0,-1.0,-1.0,1.0,0.0,0.0,0.0,1.0,0.0,0.0,0.0,1.0,0.0,0.0,0.0
20260320_140411_268302,4,36,1.8825875520706177,0.2660746574401855,-0.0447170885270421,-3.7033571895448265,0.0,0.4002899595189291,1.2634217739105225,2.505658229459158,0.0,0.0,0.02,0.0247170885270421,0.0,carpet,12345,2458048105,0,0,4,0,0,0,-0.2249399721622467,0.2322311103343963,0.3807277083396911,0.9493405818939208,-0.3778585791587829,-0.6222495436668396,0.5537595748901367,0.0131399156525731,0.0384000241756439,0.9615999460220336,0.1248860955238342,-1.0,-1.0,-1.0,-1.0,-1.0,-1.0,-1.0,1.0,0.0,0.0,0.0,1.0,0.0,0.0,0.0,1.0,0.0,0.0,0.0
20260320_140411_268302,4,37,1.8224881887435915,0.2568188011646271,-0.0452108901638976,-3.748568079708724,0.0,0.5316138765281693,0.9255856275558472,2.495782196722047,0.0,0.0,0.02,0.0252108901638976,0.0,carpet,12345,2458048105,0,0,4,0,0,0,-0.0415974259376525,-0.5162543058395386,-0.0057387631386518,0.067907840013504,0.3691292107105255,-0.6060595512390137,-0.4879451394081116,-0.0136934276670217,0.0496626235544681,0.9503373503684998,0.06423981487751,-1.0,-1.0,-1.0,-1.0,-1.0,-1.0,-1.0,1.0,0.0,0.0,0.0,1.0,0.0,0.0,0.0,1.0,0.0,0.0,0.0
20260320_140411_268302,4,38,1.8413684368133545,0.2488364726305008,-0.0511700522824516,-3.799738131991176,0.0,0.5982686207492804,0.7982328534126282,2.376598954350968,0.0,0.0,0.02,0.0311700522824516,0.0,carpet,12345,2458048105,0,0,4,0,0,0,-0.2664349377155304,-0.6663839817047119,1.0,1.0,0.6595233678817749,-0.0635070651769638,-0.0651634559035301,-0.0888175964355468,0.0579136200249195,0.942086398601532,-0.1587078720331192,-1.0,-1.0,-1.0,-1.0,-1.0,-1.0,-1.0,1.0,0.0,0.0,0.0,1.0,0.0,0.0,0.0,1.0,0.0,0.0,0.0
20260320_140411_268302,4,39,1.879725456237793,0.2442886978387832,-0.0209069405439788,-3.8206450725351546,0.0,0.5623958353548915,0.4547774791717529,2.9818611891204228,0.0,0.0,0.02,0.0009069405439788,0.0,carpet,12345,2458048105,0,0,4,0,0,0,0.4859748184680938,-0.5501120686531067,0.5726825594902039,0.018032744526863,0.5707129240036011,0.406855046749115,0.3828839957714081,-0.0652173981070518,0.0650293603539466,0.9349706172943116,-0.1129466146230697,-1.0,-1.0,-1.0,-1.0,-1.0,-1.0,-1.0,1.0,0.0,0.0,0.0,1.0,0.0,0.0,0.0,1.0,0.0,0.0,0.0
20260320_140411_268302,4,40,1.8882590532302856,0.2511464357376098,-0.0472249462040733,-3.867870018739228,0.0,0.2503534290455178,-0.6857737898826599,2.4555010759185336,0.0,0.0,0.02,0.0272249462040733,0.0,carpet,12345,2458048105,0,0,4,0,0,0,-0.5936012864112854,-0.4343623220920563,-0.2997802197933197,0.6911458969116211,-0.4920477569103241,0.303604781627655,0.4222190678119659,-0.0172710418701171,0.0690834149718284,0.9309165477752686,0.0140967899933457,-1.0,-1.0,-1.0,-1.0,-1.0,-1.0,-1.0,1.0,0.0,0.0,0.0,1.0,0.0,0.0,0.0,1.0,0.0,0.0,0.0
20260320_140411_268302,4,41,1.854358196258545,0.2414157092571258,-0.0313022522503492,-3.899172270989577,0.0,0.4310332337962279,0.9730726480484008,2.773954954993016,0.0,0.0,0.02,0.0113022522503491,0.0,carpet,12345,2458048105,0,0,4,0,0,0,-0.8802116513252258,-0.1350390315055847,0.5661075711250305,0.1395546495914459,1.0,-0.3043682277202606,-0.2988611161708832,-0.0066040037199854,0.06297018378973,0.9370297789573668,0.0570271201431751,-1.0,-1.0,-1.0,-1.0,-1.0,-1.0,-1.0,1.0,0.0,0.0,0.0,1.0,0.0,0.0,0.0,1.0,0.0,0.0,0.0
20260320_140411_268302,4,42,1.8888999223709104,0.2523781061172485,-0.0488560000340901,-3.9480282710236674,0.0,0.049215003844111,-1.096239686012268,2.422879999318198,0.0,0.0,0.02,0.0288560000340901,0.0,carpet,12345,2458048105,0,0,4,0,0,0,0.7272020578384399,0.8845032453536987,-0.3254955112934112,0.5708497166633606,-0.1700493395328521,-0.0124556962400674,0.6197608709335327,-0.048980139195919,0.0716444998979568,0.9283554553985596,-0.080262541770935,-1.0,-1.0,-1.0,-1.0,-1.0,-1.0,-1.0,1.0,0.0,0.0,0.0,1.0,0.0,0.0,0.0,1.0,0.0,0.0,0.0
20260320_140411_268302,4,43,1.8624730110168457,0.2401991039514541,-0.0583673785091019,-4.006395649532769,0.0,0.3413863070279319,1.2179002165794373,2.2326524298179606,0.0,0.0,0.02,0.0383673785091019,0.0,carpet,12345,2458048105,0,0,4,0,0,0,0.5552790760993958,-0.3869621753692627,0.8653749823570251,0.4511905610561371,-0.7653248906135559,-0.3239574730396271,-0.0180030781775712,-0.0058029172942042,0.0618722289800643,0.9381276965141296,0.098306804895401,-1.0,-1.0,-1.0,-1.0,-1.0,-1.0,-1.0,1.0,0.0,0.0,0.0,1.0,0.0,0.0,0.0,1.0,0.0,0.0,0.0
20260320_140411_268302,4,44,1.8267803192138672,0.247629776597023,-0.0847671638399792,-4.0911628133727485,0.0,0.0702729141317348,-0.7430672645568848,1.704656723200415,0.0,0.0,0.02,0.0647671638399792,0.0,carpet,12345,2458048105,0,0,4,0,0,0,0.3940975666046142,0.5024063587188721,0.5002932548522949,0.7951254844665527,0.0513657815754413,-0.0741900876164436,-0.7257614731788635,-0.0388366691768169,0.0727290213108062,0.9272709488868712,-0.0061874059028923,-1.0,-1.0,-1.0,-1.0,-1.0,-1.0,-1.0,1.0,0.0,0.0,0.0,1.0,0.0,0.0,0.0,1.0,0.0,0.0,0.0
20260320_140411_268302,4,45,1.7778217792510986,0.2703993618488312,-0.1387137028925434,-4.229876516265292,0.0,-0.5165349456963924,-2.2769585251808167,0.6257259421491312,0.0,0.0,0.02,0.1187137028925434,0.0,carpet,12345,2458048105,0,0,4,0,0,0,0.0583285652101039,0.8402903079986572,0.382022351026535,0.5408347845077515,-0.0886417552828788,-0.6170659065246582,-0.7591002583503723,-0.0834524184465408,0.0661050528287887,0.93389493227005,-0.1740302443504333,-1.0,-1.0,-1.0,-1.0,-1.0,-1.0,-1.0,1.0,0.0,0.0,0.0,1.0,0.0,0.0,0.0,1.0,0.0,0.0,0.0
20260320_140411_268302,4,46,1.9025605916976929,0.2560161650180816,-0.152622438769998,-4.38249895503529,0.0,-0.0278212885035742,1.4383196830749512,0.3475512246000392,0.0,0.0,0.02,0.132622438769998,0.0,carpet,12345,2458048105,0,0,4,0,0,0,0.4600424170494079,-0.4157221615314483,0.7091314196586609,-0.6758926510810852,0.7807724475860596,0.6874208450317383,0.4956271946430206,-0.1446506530046463,0.0458074286580085,0.9541925191879272,-0.2479296326637268,-1.0,-1.0,-1.0,-1.0,-1.0,-1.0,-1.0,1.0,0.0,0.0,0.0,1.0,0.0,0.0,0.0,1.0,0.0,0.0,0.0
20260320_140411_268302,4,47,1.8534002304077148,0.2567379176616668,-0.1699999999999999,-4.55249895503529,0.0,-0.0389097824673001,-0.0721752643585205,-0.1223917916634889,0.0,0.0,0.02,0.15,0.0,carpet,12345,2458048105,0,0,4,0,0,0,0.4874062240123749,-0.417547732591629,-0.8661401271820068,-0.6501281261444092,0.920771300792694,-0.0858187973499298,-0.7047463059425354,0.0112728122621774,0.0586291328072547,0.9413708448410034,0.0968308448791503,-1.0,-1.0,-1.0,-1.0,-1.0,-1.0,-1.0,1.0,0.0,0.0,0.0,1.0,0.0,0.0,0.0,1.0,0.0,0.0,0.0
20260320_140411_268302,4,48,1.8689172267913816,0.2544067800045013,-0.1699999999999999,-4.72249895503529,0.0,0.0290961045786559,0.2331137657165527,-0.1425106909289439,0.0,0.0,0.02,0.15,0.0,carpet,12345,2458048105,0,0,4,0,0,0,-0.4547010362148285,0.4048552513122558,0.91432523727417,-0.8475190997123718,-0.7758924961090088,-0.8041670322418213,0.3418969213962555,-0.0501775741577148,0.0579857304692268,0.942014217376709,-0.1157360300421714,-1.0,-1.0,-1.0,-1.0,-1.0,-1.0,-1.0,1.0,0.0,0.0,0.0,1.0,0.0,0.0,0.0,1.0,0.0,0.0,0.0
20260320_140411_268302,4,49,1.865369439125061,0.2316102087497711,-0.164608031907731,-4.887106986943021,0.0,0.5917363598022547,2.2796571254730225,0.1078393618453787,0.0,0.0,0.02,0.144608031907731,0.0,carpet,12345,2458048105,0,0,4,0,0,0,-0.7759621739387512,-0.5354267358779907,0.2777335047721863,0.4841076135635376,0.1153072565793991,0.594075083732605,-0.2245265692472458,-0.0307813640683889,0.0600637942552566,0.9399361610412598,0.0385081134736537,-1.0,-1.0,-1.0,-1.0,-1.0,-1.0,-1.0,1.0,0.0,0.0,0.0,1.0,0.0,0.0,0.0,1.0,0.0,0.0,0.0
20260320_140411_268302,4,50,1.8637007474899288,0.2337319552898407,-0.1485837472968204,-5.035690734239841,0.0,0.3907586063499479,-0.212174654006958,0.4283250540635919,0.0,0.0,0.02,0.1285837472968204,0.0,carpet,12345,2458048105,0,0,4,0,0,0,-0.120687648653984,0.8970685601234436,0.7446827292442322,0.74968421459198,0.4926819205284118,0.7127225995063782,-0.3615476787090301,-0.0352161414921283,0.0803854763507843,0.9196144938468932,-0.0527020469307899,-1.0,-1.0,-1.0,-1.0,-1.0,-1.0,-1.0,1.0,0.0,0.0,0.0,1.0,0.0,0.0,0.0,1.0,0.0,0.0,0.0
20260320_140411_268302,4,51,1.951416254043579,0.2731539607048034,-0.1573810590425811,-5.193071793282423,0.0,-0.6924811806116082,-3.942200541496277,0.252378819148376,0.0,0.0,0.02,0.1373810590425812,0.0,carpet,12345,2458048105,0,0,4,0,0,0,0.5735852122306824,-0.3881068825721741,0.5670362114906311,0.3765164017677307,0.5786727666854858,0.2102345824241638,0.8082285523414612,-0.037302017211914,0.0784940719604492,0.9215059280395508,-0.068011999130249,-1.0,-1.0,-1.0,-1.0,-1.0,-1.0,-1.0,1.0,0.0,0.0,0.0,1.0,0.0,0.0,0.0,1.0,0.0,0.0,0.0
20260320_140411_268302,4,52,1.95422112941742,0.2855072617530823,-0.1699999999999999,-5.363071793282423,0.0,-0.82819341166568,-1.2353301048278809,-0.5479933040137297,0.0,0.0,0.02,0.15,0.0,carpet,12345,2458048105,0,0,4,0,0,0,-0.6605513691902161,0.1581872105598449,-0.7548025250434875,0.554535984992981,0.1470074951648712,-0.0260940846055746,1.0,0.0723424926400184,0.0433518849313259,0.9566481113433838,0.2102122455835342,-1.0,-1.0,-1.0,-1.0,-1.0,-1.0,-1.0,1.0,0.0,0.0,0.0,1.0,0.0,0.0,0.0,1.0,0.0,0.0,0.0
20260320_140411_268302,4,53,1.9586135149002075,0.2879253625869751,-0.1699999999999999,-5.533071793282423,0.0,-0.6815975795965699,-0.2418100833892822,-1.1906811011429994,0.0,0.0,0.02,0.15,0.0,carpet,12345,2458048105,0,0,4,0,0,0,-0.8891004323959351,-0.3375751972198486,0.7103214263916016,0.7965335845947266,0.3381500542163849,0.4543180167675018,1.0,0.0758485794067382,0.0323397032916545,0.9676603078842164,0.2433321624994278,-1.0,-1.0,-1.0,-1.0,-1.0,-1.0,-1.0,1.0,0.0,0.0,0.0,1.0,0.0,0.0,0.0,1.0,0.0,0.0,0.0
20260320_140411_268302,4,54,1.9578295946121216,0.2758165001869201,-0.1699999999999999,-5.703071793282422,0.0,-0.2084766246960612,1.2108862400054932,-1.4282538304177166,0.0,0.0,0.02,0.15,0.0,carpet,12345,2458048105,0,0,4,0,0,0,0.0396549813449382,-0.3609754741191864,-0.3178288638591766,0.9280356764793396,-0.7837682366371155,0.7091565132141113,0.3201839923858642,0.0813390761613845,0.0301841218024492,0.9698158502578736,0.2510181963443756,-1.0,-1.0,-1.0,-1.0,-1.0,-1.0,-1.0,1.0,0.0,0.0,0.0,1.0,0.0,0.0,0.0,1.0,0.0,0.0,0.0
20260320_140411_268302,4,55,1.9572081565856927,0.2918783128261566,-0.1712054213885359,-5.874277214670959,0.0,-0.5579027845029714,-1.606181263923645,-2.5778929747229427,0.0,0.024108427770719,0.02,0.15,0.0,carpet,12345,2458048105,0,0,4,0,0,0,0.1338502168655395,0.6711101531982422,-0.961304008960724,-0.6395682096481323,-0.6164606213569641,-0.1458896100521087,0.8864492774009705,0.0803590789437294,0.0409783981740474,0.9590215682983398,0.1568829864263534,-1.0,-1.0,-1.0,-1.0,-1.0,-1.0,-1.0,1.0,0.0,0.0,0.0,1.0,0.0,0.0,0.0,1.0,0.0,0.0,0.0
20260320_140411_268302,4,56,1.954768776893616,0.2824713885784149,-0.1721757058307802,-6.046452920501739,0.0,-0.1832539821836576,0.94069242477417,-3.151905563256548,0.0,0.0435141166156051,0.02,0.15,0.0,carpet,12345,2458048105,0,0,4,0,0,0,0.1026995033025741,0.5436452627182007,-0.7340916991233826,0.8408078551292419,-0.5219112038612366,0.0001085713884094,0.652738630771637,0.0795822143554687,0.0266603101044893,0.9733396768569946,0.255550354719162,-1.0,-1.0,-1.0,-1.0,-1.0,-1.0,-1.0,1.0,0.0,0.0,0.0,1.0,0.0,0.0,0.0,1.0,0.0,0.0,0.0
20260320_140411_268302,4,57,1.9330962896347048,0.2548576891422272,-0.1716799749862112,-6.21813289548795,0.0,0.5529019992669362,2.7613699436187744,-1.906522383378004,0.0,0.0335994997242247,0.02,0.15,0.0,carpet,12345,2458048105,0,0,4,0,0,0,1.0,0.5590124130249023,0.1142696365714073,0.5192635655403137,-0.8594933152198792,-0.2791682183742523,0.2736248075962066,0.0765331238508224,0.0350459851324558,0.9649539589881896,0.2264907360076904,-1.0,-1.0,-1.0,-1.0,-1.0,-1.0,-1.0,1.0,0.0,0.0,0.0,1.0,0.0,0.0,0.0,1.0,0.0,0.0,0.0
20260320_140411_268302,4,58,1.9365137815475464,0.2591391503810882,-0.1719837986934502,-6.3901166941814,0.0,0.3076399684786679,-0.4281461238861084,-0.770689003233656,0.0,0.0396759738690056,0.02,0.15,0.0,carpet,12345,2458048105,0,0,4,0,0,0,-0.5407585501670837,0.8120853900909424,0.2272938340902328,-0.0916294082999229,0.7019094228744507,-0.2699260413646698,0.757696270942688,0.0494424812495708,0.0596618317067623,0.940338134765625,0.1422090381383896,-1.0,-1.0,-1.0,-1.0,-1.0,-1.0,-1.0,1.0,0.0,0.0,0.0,1.0,0.0,0.0,0.0,1.0,0.0,0.0,0.0
20260320_140411_268302,4,59,1.863819003105164,0.2440088540315628,-0.1440052019269967,-6.534121896108397,0.0,0.6089873850971514,1.5130296349525452,0.5198959614600653,0.0,0.0,0.02,0.1240052019269967,0.0,carpet,12345,2458048105,0,0,4,0,0,0,-0.3598209321498871,0.908594250679016,0.5902190804481506,-0.211101546883583,0.7679463624954224,-0.0424751192331314,-0.8962364196777344,0.0537143722176551,0.0558451786637306,0.9441547989845276,0.1887518763542175,-1.0,-1.0,-1.0,-1.0,-1.0,-1.0,-1.0,1.0,0.0,0.0,0.0,1.0,0.0,0.0,0.0,1.0,0.0,0.0,0.0
20260320_140411_268302,4,60,1.906779766082764,0.2172455489635467,-0.0772902124160307,-6.611412108524428,0.0,1.1258231655232578,2.676330506801605,1.8541957516793843,0.0,0.0,0.02,0.0572902124160307,0.0,carpet,12345,2458048105,0,0,4,0,0,0,0.2601591348648071,0.7604925632476807,0.6883657574653625,0.6796881556510925,0.4103502333164215,0.047809787094593,0.1220578774809837,-0.037154197692871,0.0693328827619552,0.9306671023368835,-0.1545600742101669,-1.0,-1.0,-1.0,-1.0,-1.0,-1.0,-1.0,1.0,0.0,0.0,0.0,1.0,0.0,0.0,0.0,1.0,0.0,0.0,0.0
20260320_140411_268302,4,61,1.958796739578247,0.2465489953756332,-0.0438060124988685,-6.655218121023297,0.0,0.111781213840274,-2.9303446412086487,2.5238797500226298,0.0,0.0,0.02,0.0238060124988685,0.0,carpet,12345,2458048105,0,0,4,0,0,0,-0.4777452945709228,0.7185370922088623,0.5794457793235779,0.3903798460960388,0.7310619354248047,0.7508677840232849,0.685880720615387,0.0165468212217092,0.0931906551122665,0.9068093299865724,0.0218621660023927,-1.0,-1.0,-1.0,-1.0,-1.0,-1.0,-1.0,1.0,0.0,0.0,0.0,1.0,0.0,0.0,0.0,1.0,0.0,0.0,0.0
20260320_140411_268302,4,62,1.901906490325928,0.2303304225206375,-0.02,-6.675218121023296,0.0,0.4893002317551094,1.6218572854995728,3.196433963961397,0.0,0.0,0.02,0.0,0.0,carpet,12345,2458048105,0,0,4,0,0,0,0.5310257077217102,-0.601311981678009,0.8445504903793335,0.765135645866394,-0.7354136109352112,-0.128543809056282,-0.3616975843906402,0.081567957997322,0.0670685023069381,0.9329314827919006,0.1709344834089279,-1.0,-1.0,-1.0,-1.0,-1.0,-1.0,-1.0,1.0,0.0,0.0,0.0,1.0,0.0,0.0,0.0,1.0,0.0,0.0,0.0
20260320_140411_268302,4,63,1.795452117919922,0.2654363512992859,-0.063357054047771,-6.738575175071067,0.0,-0.5106730456498809,-3.5105928778648376,2.13285891904458,0.0,0.0,0.02,0.043357054047771,0.0,carpet,12345,2458048105,0,0,4,0,0,0,0.2983722984790802,0.5208082795143127,0.6117030382156372,0.4284879267215729,-0.300422191619873,-0.5094172358512878,-0.9786755442619324,0.0104551315307617,0.0815263167023658,0.9184736609458924,-0.0436502024531364,-1.0,-1.0,-1.0,-1.0,-1.0,-1.0,-1.0,1.0,0.0,0.0,0.0,1.0,0.0,0.0,0.0,1.0,0.0,0.0,0.0
20260320_140411_268302,4,64,1.794443964958191,0.2599329948425293,-0.0910100961126293,-6.829585271183697,0.0,-0.2454208728184994,0.5503356456756592,1.5797980777474123,0.0,0.0,0.02,0.0710100961126293,0.0,carpet,12345,2458048105,0,0,4,0,0,0,-0.9357922077178956,-0.7497373223304749,-0.3486191630363464,-0.6073732972145081,-0.7435929179191589,-0.9058270454406738,-0.769329309463501,-0.1226127594709396,0.0502316392958164,0.9497683048248292,-0.2925564348697662,-1.0,-1.0,-1.0,-1.0,-1.0,-1.0,-1.0,1.0,0.0,0.0,0.0,1.0,0.0,0.0,0.0,1.0,0.0,0.0,0.0
20260320_140411_268302,4,65,1.8042744398117063,0.2501830160617828,-0.1184752746222476,-6.948060545805944,0.0,0.0596838149047869,0.974997878074646,1.0304945075550478,0.0,0.0,0.02,0.0984752746222476,0.0,carpet,12345,2458048105,0,0,4,0,0,0,-0.4871150851249695,-0.5453903079032898,-0.4007826149463653,0.3848949670791626,-0.6276388168334961,-0.1387450993061065,-0.5356001257896423,-0.1238729506731033,0.0551375225186347,0.9448624849319458,-0.2676123976707458,-1.0,-1.0,-1.0,-1.0,-1.0,-1.0,-1.0,1.0,0.0,0.0,0.0,1.0,0.0,0.0,0.0,1.0,0.0,0.0,0.0
20260320_140411_268302,4,66,1.827297925949097,0.2473868429660797,-0.1690330734698517,-7.117093619275796,0.0,0.1146671885711754,0.2796173095703125,0.0193385306029654,0.0,0.0,0.02,0.1490330734698517,0.0,carpet,12345,2458048105,0,0,4,0,0,0,-0.1325755566358566,-0.4232830703258514,0.5990400314331055,-0.3140470683574676,0.750598132610321,-1.0,0.3351845443248749,-0.1115848571062088,0.0638290122151374,0.9361709952354432,-0.2295895367860794,-1.0,-1.0,-1.0,-1.0,-1.0,-1.0,-1.0,1.0,0.0,0.0,0.0,1.0,0.0,0.0,0.0,1.0,0.0,0.0,0.0
20260320_140411_268302,4,67,1.8661625385284424,0.2350154817104339,-0.1548579130208896,-7.271951532296685,0.0,0.3952844228195147,1.2371361255645752,0.302841739582206,0.0,0.0,0.02,0.1348579130208896,0.0,carpet,12345,2458048105,0,0,4,0,0,0,-0.7584341168403625,0.5006706118583679,0.535584032535553,-0.7463662028312683,0.7394758462905884,-0.3115516304969787,0.3919206261634826,-0.0828054398298263,0.0663216188549995,0.933678388595581,-0.0701121091842651,-1.0,-1.0,-1.0,-1.0,-1.0,-1.0,-1.0,1.0,0.0,0.0,0.0,1.0,0.0,0.0,0.0,1.0,0.0,0.0,0.0
20260320_140411_268302,4,68,1.855057716369629,0.2231920957565307,-0.1497205263105339,-7.42167205860722,0.0,0.5920479659622231,1.1823385953903198,0.4055894737893197,0.0,0.0,0.02,0.129720526310534,0.0,carpet,12345,2458048105,0,0,4,0,0,0,0.3289629220962524,-0.0256375316530466,-0.2182241678237915,0.9299456477165222,0.2570257186889648,0.933228313922882,-0.5337971448898315,-0.0342247001826763,0.0773498862981796,0.9226500988006592,-0.0160862598568201,-1.0,-1.0,-1.0,-1.0,-1.0,-1.0,-1.0,1.0,0.0,0.0,0.0,1.0,0.0,0.0,0.0,1.0,0.0,0.0,0.0
20260320_140411_268302,4,69,1.8259636163711548,0.231547474861145,-0.112429299185224,-7.534101357792443,0.0,0.2351514968563179,-0.8355379104614258,1.1514140162955186,0.0,0.0,0.02,0.092429299185224,0.0,carpet,12345,2458048105,0,0,4,0,0,0,-0.1889691352844238,0.2549580931663513,0.658934473991394,-0.3814718127250671,-0.870502233505249,-0.7292598485946655,-0.8217160701751709,-0.04810581356287,0.0878896787762641,0.9121103286743164,-0.1538824588060379,-1.0,-1.0,-1.0,-1.0,-1.0,-1.0,-1.0,1.0,0.0,0.0,0.0,1.0,0.0,0.0,0.0,1.0,0.0,0.0,0.0
20260320_140411_268302,4,70,1.9109240770339968,0.2243924289941787,-0.0823962670784799,-7.616497624870923,0.0,0.355239769316384,0.7155045866966248,1.752074658430402,0.0,0.0,0.02,0.0623962670784798,0.0,carpet,12345,2458048105,0,0,4,0,0,0,-1.0,-0.3209558129310608,-0.8347700834274292,-0.3136487007141113,-0.2101104706525802,0.9389459490776062,0.3905659914016723,-0.0844734162092208,0.0804414004087448,0.919558584690094,-0.2079311311244964,-1.0,-1.0,-1.0,-1.0,-1.0,-1.0,-1.0,1.0,0.0,0.0,0.0,1.0,0.0,0.0,0.0,1.0,0.0,0.0,0.0
20260320_140411_268302,4,71,1.9615788459777832,0.2600077092647552,-0.1165780668125752,-7.733075691683498,0.0,-0.6239521797771204,-3.561528027057648,1.0684386637484948,0.0,0.0,0.02,0.0965780668125752,0.0,carpet,12345,2458048105,0,0,4,0,0,0,-0.3747071027755737,0.9693101048469543,-0.6456465721130371,0.7080276012420654,0.0395752936601638,0.6666212677955627,0.6750553846359253,0.021727180108428,0.0868196561932563,0.9131802916526794,0.0893965736031532,-1.0,-1.0,-1.0,-1.0,-1.0,-1.0,-1.0,1.0,0.0,0.0,0.0,1.0,0.0,0.0,0.0,1.0,0.0,0.0,0.0
20260320_140411_268302,4,72,1.9044357538223269,0.2330364882946014,-0.1119956067700837,-7.845071298453582,0.0,0.2063163894210049,2.697122097015381,1.1600878645983244,0.0,0.0,0.02,0.0919956067700837,0.0,carpet,12345,2458048105,0,0,4,0,0,0,0.5118016004562378,0.5919097661972046,0.6072210669517517,-0.6638363599777222,0.1979248225688934,0.2007968723773956,-0.7890294790267944,0.0850456207990646,0.0550709217786788,0.94492906332016,0.2059396505355835,-1.0,-1.0,-1.0,-1.0,-1.0,-1.0,-1.0,1.0,0.0,0.0,0.0,1.0,0.0,0.0,0.0,1.0,0.0,0.0,0.0
20260320_140411_268302,4,73,1.9490647315979004,0.239018440246582,-0.1315004032477472,-7.976571701701329,0.0,0.005188493266246,-0.5981951951980591,0.7699919350450557,0.0,0.0,0.02,0.1115004032477472,0.0,carpet,12345,2458048105,0,0,4,0,0,0,-0.2208522707223892,-0.3004121482372284,-0.3787242174148559,-0.6413186192512512,0.4831191599369049,0.3571377098560333,0.3996829688549042,0.0136167528107762,0.0791140422224998,0.9208859205245972,-0.0824486464262008,-1.0,-1.0,-1.0,-1.0,-1.0,-1.0,-1.0,1.0,0.0,0.0,0.0,1.0,0.0,0.0,0.0,1.0,0.0,0.0,0.0
20260320_140411_268302,4,74,1.93856680393219,0.2348078042268753,-0.1556449380237414,-8.13221663972507,0.0,0.1091572704423384,0.4210636019706726,0.2871012395251711,0.0,0.0,0.02,0.1356449380237414,0.0,carpet,12345,2458048105,0,0,4,0,0,0,0.5981854796409607,-0.6159012317657471,0.7453261613845825,-0.9205644726753236,-0.470705896615982,-0.5256686210632324,0.2117988616228103,0.0694030746817588,0.0737815126776695,0.9262184500694276,0.1412460505962371,-1.0,-1.0,-1.0,-1.0,-1.0,-1.0,-1.0,1.0,0.0,0.0,0.0,1.0,0.0,0.0,0.0,1.0,0.0,0.0,0.0
20260320_140411_268302,4,75,1.9005199670791624,0.2300260215997696,-0.1573318869410873,-8.289548526666158,0.0,0.2014125185094002,0.4781782627105713,0.2533622611782533,0.0,0.0,0.02,0.1373318869410873,0.0,carpet,12345,2458048105,0,0,4,0,0,0,0.1461335271596908,0.447448194026947,0.0133024966344237,1.0,0.1449850052595138,0.5526843667030334,-0.8914113640785217,0.0562805160880088,0.0775350332260131,0.9224649667739868,0.1246251389384269,-1.0,-1.0,-1.0,-1.0,-1.0,-1.0,-1.0,1.0,0.0,0.0,0.0,1.0,0.0,0.0,0.0,1.0,0.0,0.0,0.0
20260320_140411_268302,4,76,1.9176218509674072,0.2178089171648025,-0.1522695254190947,-8.441818052085253,0.0,0.4564869997562368,1.221710443496704,0.3546094916181062,0.0,0.0,0.02,0.1322695254190947,0.0,carpet,12345,2458048105,0,0,4,0,0,0,0.6684244275093079,0.8638899922370911,0.9610183835029602,-0.9153763055801392,-0.8949139714241028,-0.3274582922458648,0.1273483037948608,0.0087221143767237,0.081797681748867,0.91820228099823,-0.0975970774888992,-1.0,-1.0,-1.0,-1.0,-1.0,-1.0,-1.0,1.0,0.0,0.0,0.0,1.0,0.0,0.0,0.0,1.0,0.0,0.0,0.0
20260320_140411_268302,4,77,1.9179346561431885,0.2086997479200363,-0.0925671923834227,-8.534385244468675,0.0,0.5700944809363193,0.9109169244766236,1.548656152331546,0.0,0.0,0.02,0.0725671923834227,0.0,carpet,12345,2458048105,0,0,4,0,0,0,0.5273324847221375,0.5228263735771179,-0.1532187163829803,0.1413623690605163,0.426722377538681,-0.1363374143838882,0.2857974469661712,0.0300994869321584,0.0926884487271308,0.9073114991188048,0.0629758462309837,-1.0,-1.0,-1.0,-1.0,-1.0,-1.0,-1.0,1.0,0.0,0.0,0.0,1.0,0.0,0.0,0.0,1.0,0.0,0.0,0.0
20260320_140411_268302,4,78,1.89343786239624,0.2225016206502914,-0.0987568097321795,-8.633142054200855,0.0,0.0825240424458684,-1.3801872730255127,1.424863805356409,0.0,0.0,0.02,0.0787568097321795,0.0,carpet,12345,2458048105,0,0,4,0,0,0,-0.3035974204540252,1.0,0.5485068559646606,0.553199052810669,-0.1738542169332504,0.7071453332901001,-0.7404322028160095,0.030490493401885,0.1008086875081062,0.8991912603378296,0.0657691955566406,-1.0,-1.0,-1.0,-1.0,-1.0,-1.0,-1.0,1.0,0.0,0.0,0.0,1.0,0.0,0.0,0.0,1.0,0.0,0.0,0.0
20260320_140411_268302,4,79,1.8426843881607056,0.220241293311119,-0.0930961736298056,-8.72623822783066,0.0,0.1184012153137246,0.2260327339172363,1.538076527403888,0.0,0.0,0.02,0.0730961736298056,0.0,carpet,12345,2458048105,0,0,4,0,0,0,0.2684970200061798,0.8576988577842712,0.967292845249176,0.213514968752861,0.2209101468324661,-0.7857569456100464,-0.6076506972312927,-0.0001306533813476,0.0885052010416984,0.9114947319030762,-0.089132010936737,-1.0,-1.0,-1.0,-1.0,-1.0,-1.0,-1.0,1.0,0.0,0.0,0.0,1.0,0.0,0.0,0.0,1.0,0.0,0.0,0.0
20260320_140411_268302,4,80,1.837828278541565,0.2218091189861297,-0.0960737736714226,-8.822312001502082,0.0,0.049605269609998,-0.1567825675010681,1.4785245265715474,0.0,0.0,0.02,0.0760737736714226,0.0,carpet,12345,2458048105,0,0,4,0,0,0,0.3446159660816192,-0.1749992221593856,0.8446783423423767,0.259670615196228,0.173157587647438,-0.6027231812477112,-0.6494779586791992,-0.0635725036263465,0.0905201286077499,0.9094798564910888,-0.1765054911375045,-1.0,-1.0,-1.0,-1.0,-1.0,-1.0,-1.0,1.0,0.0,0.0,0.0,1.0,0.0,0.0,0.0,1.0,0.0,0.0,0.0
20260320_140411_268302,4,81,1.8200044631958008,0.2370353490114212,-0.1233169895181309,-8.945628991020213,0.0,-0.3434517984247662,-1.5226230025291445,0.933660209637381,0.0,0.0,0.02,0.1033169895181309,0.0,carpet,12345,2458048105,0,0,4,0,0,0,0.9503523111343384,-0.7794468998908997,-0.7653475999832153,0.7633340358734131,-0.2809197604656219,-0.3232150673866272,-0.8807674050331116,-0.0696426406502723,0.0891225188970565,0.9108774065971376,-0.1843000501394271,-1.0,-1.0,-1.0,-1.0,-1.0,-1.0,-1.0,1.0,0.0,0.0,0.0,1.0,0.0,0.0,0.0,1.0,0.0,0.0,0.0
20260320_140411_268302,4,82,1.973410487174988,0.2232186198234558,-0.1417498704619153,-9.087378861482128,0.0,0.0878293808805494,1.3816729187965393,0.5650025907616936,0.0,0.0,0.02,0.1217498704619153,0.0,carpet,12345,2458048105,0,0,4,0,0,0,0.9386001229286194,0.3232605457305908,0.8831741809844971,-0.4378438889980316,0.9824029803276062,0.7209084630012512,0.5984766483306885,-0.0919223800301551,0.075549304485321,0.924450695514679,-0.2446208149194717,-1.0,-1.0,-1.0,-1.0,-1.0,-1.0,-1.0,1.0,0.0,0.0,0.0,1.0,0.0,0.0,0.0,1.0,0.0,0.0,0.0
20260320_140411_268302,4,83,1.9679286479949951,0.2146285772323608,-0.1562234394868416,-9.24360230096897,0.0,0.2806231004377935,0.8590042591094971,0.2755312102631677,0.0,0.0,0.02,0.1362234394868416,0.0,carpet,12345,2458048105,0,0,4,0,0,0,-0.3919641077518463,-0.4887065589427948,0.749436616897583,-0.7977755665779114,-0.1023807302117347,0.6484745740890503,-0.1372687965631485,0.0998352020978927,0.0878660455346107,0.9121339321136476,0.1519905179738998,-1.0,-1.0,-1.0,-1.0,-1.0,-1.0,-1.0,1.0,0.0,0.0,0.0,1.0,0.0,0.0,0.0,1.0,0.0,0.0,0.0
20260320_140411_268302,4,84,2.037048816680908,0.3234927058219909,-0.2977839723531038,-9.541386273322074,-0.1277839723531038,-2.511135889412415,-10.886412858963013,-2.318128721595116,0.0,0.0,0.02,0.15,0.0,carpet,12345,2458048105,0,0,4,0,0,0,-0.0322808995842933,0.961198389530182,-0.5653449296951294,-0.803420901298523,-0.043998472392559,0.8566427230834961,1.0,0.0929828658699989,0.0955235064029693,0.9044764637947084,0.0548856928944587,-1.0,-1.0,-1.0,-1.0,-1.0,-1.0,-1.0,1.0,0.0,0.0,0.0,1.0,0.0,0.0,0.0,1.0,0.0,0.0,0.0
20260320_140411_268302,4,85,2.032754898071289,0.3146153390407562,-0.1704159083126545,-9.711802181634727,0.0,-1.6614177475284322,0.8877366781234741,-4.097947684437273,0.0,0.008318166253091,0.02,0.15,0.0,carpet,12345,2458048105,0,0,4,0,0,0,0.4007806777954101,-0.6199852824211121,0.5271065831184387,0.3768009543418884,-0.9451608061790466,0.6351897120475769,0.8310699462890625,0.1793830841779709,-0.0015218859771266,1.0,0.3805746138095855,-1.0,-1.0,-1.0,-1.0,-1.0,-1.0,-1.0,1.0,0.0,0.0,0.0,1.0,0.0,0.0,0.0,1.0,0.0,0.0,0.0
20260320_140411_268302,4,86,1.9272266626358032,0.2004053592681884,-0.1699999999999999,-9.881802181634727,0.0,1.609186183667859,11.420997977256777,-2.538366770379412,0.0,0.0,0.02,0.15,0.0,carpet,12345,2458048105,0,0,4,0,0,0,-0.6289710998535156,-0.6563060283660889,-0.9002619385719299,-0.5811536908149719,-0.5774540305137634,-0.3520062565803528,-0.6808164715766907,0.174015611410141,0.0063917068764567,0.9936082363128662,0.3549476265907287,-1.0,-1.0,-1.0,-1.0,-1.0,-1.0,-1.0,1.0,0.0,0.0,0.0,1.0,0.0,0.0,0.0,1.0,0.0,0.0,0.0
20260320_140411_268302,4,87,1.9202470779418943,0.1704186797142028,-0.1699999999999999,-10.051802181634727,0.0,1.9565566266005303,2.99866795539856,-0.2383583453541149,0.0,0.0,0.02,0.15,0.0,carpet,12345,2458048105,0,0,4,0,0,0,-0.2206316888332367,0.8918331265449524,0.4035698473453522,-0.1347580403089523,0.0422044955193996,-0.2884804308414459,-0.2102168500423431,0.0421054847538471,0.1082026064395904,0.8917973637580872,-0.0273820180445909,-1.0,-1.0,-1.0,-1.0,-1.0,-1.0,-1.0,1.0,0.0,0.0,0.0,1.0,0.0,0.0,0.0,1.0,0.0,0.0,0.0
20260320_140411_268302,4,88,1.844711184501648,0.1879416704177856,-0.1348422511936907,-10.186644432828418,0.0,1.02934270236085,-1.7522990703582764,0.7031549761261857,0.0,0.0,0.02,0.1148422511936907,0.0,carpet,12345,2458048105,0,0,4,0,0,0,-0.0264037884771823,0.3857030570507049,-0.0261696074157953,1.0,-0.6343182325363159,-0.8553798198699951,-0.5694136023521423,0.033380888402462,0.1349337995052337,0.8650661706924438,-0.0138582792133092,-1.0,-1.0,-1.0,-1.0,-1.0,-1.0,-1.0,1.0,0.0,0.0,0.0,1.0,0.0,0.0,0.0,1.0,0.0,0.0,0.0
20260320_140411_268302,4,89,1.9876097440719604,0.2189795970916748,-0.1490704632194113,-10.33571489604783,0.0,-0.0039411400766198,-3.103792667388916,0.4185907356117724,0.0,0.0,0.02,0.1290704632194113,0.0,carpet,12345,2458048105,0,0,4,0,0,0,-0.3246141374111175,-0.9197421073913574,0.3267095983028412,-0.9302371740341188,0.4615848958492279,0.6124894618988037,0.7844175696372986,-0.0610389709472656,0.1193131878972053,0.8806867599487305,-0.1603783667087555,-1.0,-1.0,-1.0,-1.0,-1.0,-1.0,-1.0,1.0,0.0,0.0,0.0,1.0,0.0,0.0,0.0,1.0,0.0,0.0,0.0
20260320_140411_268302,4,90,1.8491556644439693,0.1774054318666458,-0.02,-10.355714896047829,0.0,1.036398275568274,4.157416522502899,3.9661249005924617,0.0,0.0,0.02,0.0,0.0,carpet,12345,2458048105,0,0,4,0,0,0,0.3459655344486236,-0.1930525749921798,0.2490802854299545,0.0370198115706443,-0.456508606672287,-0.3685329556465149,-0.8176777362823486,0.117584228515625,0.0916448459029197,0.908355176448822,0.2292913496494293,-1.0,-1.0,-1.0,-1.0,-1.0,-1.0,-1.0,1.0,0.0,0.0,0.0,1.0,0.0,0.0,0.0,1.0,0.0,0.0,0.0
20260320_140411_268302,4,91,1.882954716682434,0.1887098103761673,-0.02,-10.375714896047828,0.0,0.4946892439381827,-1.1304378509521484,6.122231892059077,0.0,0.0,0.02,0.0,0.0,carpet,12345,2458048105,0,0,4,0,0,0,-0.9990513920783995,-0.4971835911273956,0.5805648565292358,-0.9078308343887328,0.4634226858615875,-0.9692926406860352,0.5710983276367188,-0.0554832443594932,0.1287055611610412,0.871294379234314,-0.1776837110519409,-1.0,-1.0,-1.0,-1.0,-1.0,-1.0,-1.0,1.0,0.0,0.0,0.0,1.0,0.0,0.0,0.0,1.0,0.0,0.0,0.0
20260320_140411_268302,4,92,1.875585436820984,0.1612206846475601,-0.02,-10.395714896047828,0.0,1.058245076168788,2.7489125728607178,5.571290784560006,0.0,0.0,0.02,0.0,0.0,carpet,12345,2458048105,0,0,4,0,0,0,-0.2745675444602966,-0.0481806062161922,0.3408213257789612,-0.0836527943611145,0.1905536949634552,-0.351310670375824,0.2288668751716613,-0.0132345203310251,0.1186284348368644,0.8813714981079102,0.038018599152565,-1.0,-1.0,-1.0,-1.0,-1.0,-1.0,-1.0,1.0,0.0,0.0,0.0,1.0,0.0,0.0,0.0,1.0,0.0,0.0,0.0
20260320_140411_268302,4,93,1.902348875999451,0.1795922517776489,-0.02,-10.415714896047827,0.0,0.3343946288743922,-1.8371567130088808,3.9491287868338674,0.0,0.0,0.02,0.0,0.0,carpet,12345,2458048105,0,0,4,0,0,0,0.1896490007638931,0.1487376987934112,-0.5767173171043396,0.7035046815872192,0.9032326340675354,-0.4311141669750213,0.7011443972587585,-0.022446060553193,0.1431332379579544,0.8568667769432068,-0.0134472418576478,-1.0,-1.0,-1.0,-1.0,-1.0,-1.0,-1.0,1.0,0.0,0.0,0.0,1.0,0.0,0.0,0.0,1.0,0.0,0.0,0.0
20260320_140411_268302,4,94,1.9007164239883425,0.1741556823253631,-0.02,-10.435714896047829,0.0,0.3867102079629347,0.5436569452285767,3.306496292435952,0.0,0.0,0.02,0.0,0.0,carpet,12345,2458048105,0,0,4,0,0,0,-0.3090429604053497,-0.6344266533851624,-0.311545580625534,0.5208904147148132,-0.1666061729192733,-0.318773090839386,0.5015953183174133,0.0110082626342773,0.1267561614513397,0.8732438683509827,0.0727354660630226,-1.0,-1.0,-1.0,-1.0,-1.0,-1.0,-1.0,1.0,0.0,0.0,0.0,1.0,0.0,0.0,0.0,1.0,0.0,0.0,0.0
20260320_140411_268302,4,95,1.896014928817749,0.1663011461496353,-0.02,-10.455714896047828,0.0,0.4863960603653936,0.7854536175727844,3.7968334928779655,0.0,0.0,0.02,0.0,0.0,carpet,12345,2458048105,0,0,4,0,0,0,-0.9904401898384094,-0.2009298205375671,-0.2574936151504516,0.4890899062156677,-0.5834305882453918,0.1113748401403427,0.1178007870912551,0.0089675905182957,0.1316025108098983,0.8683974146842957,0.0562181361019611,-1.0,-1.0,-1.0,-1.0,-1.0,-1.0,-1.0,1.0,0.0,0.0,0.0,1.0,0.0,0.0,0.0,1.0,0.0,0.0,0.0
20260320_140411_268302,4,96,1.837927222251892,0.1759776622056961,-0.0258340319408891,-10.481548927988715,0.0,0.1228841438725254,-0.9676516056060792,2.8833193611822168,0.0,0.0,0.02,0.0058340319408891,0.0,carpet,12345,2458048105,0,0,4,0,0,0,0.3393728137016296,-1.0,-0.1221994087100029,0.2855967581272125,-0.0910160094499588,-0.5838042497634888,-0.6203188300132751,0.0030906677711755,0.1386043131351471,0.8613955974578857,0.0101468777284026,-1.0,-1.0,-1.0,-1.0,-1.0,-1.0,-1.0,1.0,0.0,0.0,0.0,1.0,0.0,0.0,0.0,1.0,0.0,0.0,0.0
20260320_140411_268302,4,97,1.8450851440429688,0.1708879321813583,-0.0395981762121562,-10.521147104200873,0.0,0.2194063585128418,0.5089730024337769,2.608036475756876,0.0,0.0,0.02,0.0195981762121562,0.0,carpet,12345,2458048105,0,0,4,0,0,0,0.8531979322433472,-0.2024684250354766,-0.395888090133667,-0.1157632544636726,0.0057129655033349,-0.8870920538902283,-0.0803418532013893,-0.0695188492536544,0.1299783289432525,0.8700215816497803,-0.1684485673904419,-1.0,-1.0,-1.0,-1.0,-1.0,-1.0,-1.0,1.0,0.0,0.0,0.0,1.0,0.0,0.0,0.0,1.0,0.0,0.0,0.0
20260320_140411_268302,4,98,1.8509635925292969,0.1720919013023376,-0.085787652977589,-10.60693475717846,0.0,0.1344555408601309,-0.1203969120979309,1.6842469404482188,0.0,0.0,0.02,0.065787652977589,0.0,carpet,12345,2458048105,0,0,4,0,0,0,-0.4444104433059692,0.9996675848960876,-0.7059800028800964,-0.7669464349746704,-0.3793262243270874,-1.0,0.1765996515750885,-0.0605714805424213,0.1345155090093612,0.8654844760894775,-0.0928541496396064,-1.0,-1.0,-1.0,-1.0,-1.0,-1.0,-1.0,1.0,0.0,0.0,0.0,1.0,0.0,0.0,0.0,1.0,0.0,0.0,0.0
20260320_140411_268302,4,99,1.7961578369140625,0.1863344758749008,-0.1152685198547563,-10.722203277033216,0.0,-0.2552227086689527,-1.4242574572563171,1.094629602904874,0.0,0.0,0.02,0.0952685198547563,0.0,carpet,12345,2458048105,0,0,4,0,0,0,-0.2973516881465912,-0.5671247243881226,0.2153497785329818,-0.4200508296489715,0.2601077556610107,-0.923554301261902,-0.5682938694953918,-0.0532234199345111,0.1334422379732132,0.8665577173233032,-0.0516069047152996,-1.0,-1.0,-1.0,-1.0,-1.0,-1.0,-1.0,1.0,0.0,0.0,0.0,1.0,0.0,0.0,0.0,1.0,0.0,0.0,0.0
20260320_140411_268302,4,100,1.8800307512283323,0.1774376630783081,-0.1330538658322493,-10.855257142865463,0.0,0.0310032884130748,0.8896812796592712,0.738922683355014,0.0,0.0,0.02,0.1130538658322493,0.0,carpet,12345,2458048105,0,0,4,0,0,0,0.0131451729685068,0.3791457116603851,1.0,-0.3867155015468597,-0.4039481580257416,0.924826443195343,0.4594733715057373,-0.1217306107282638,0.1207458898425102,0.8792540431022644,-0.2252231985330581,-1.0,-1.0,-1.0,-1.0,-1.0,-1.0,-1.0,1.0,0.0,0.0,0.0,1.0,0.0,0.0,0.0,1.0,0.0,0.0,0.0
20260320_140411_268302,4,101,1.8879278898239136,0.1906552463769912,-0.1699999999999999,-11.025257142865463,0.0,-0.3071871161572517,-1.3217583298683169,-0.0546604931676313,0.0,0.0,0.02,0.15,0.0,carpet,12345,2458048105,0,0,4,0,0,0,-0.5498519539833069,0.8535726070404053,-0.2096082121133804,0.7358521223068237,-0.0246850010007619,-0.1952047497034073,1.0,-0.0168893821537494,0.1286768317222595,0.8713231086730957,0.0775678753852844,-1.0,-1.0,-1.0,-1.0,-1.0,-1.0,-1.0,1.0,0.0,0.0,0.0,1.0,0.0,0.0,0.0,1.0,0.0,0.0,0.0
20260320_140411_268302,4,102,1.863530397415161,0.1570323705673217,-0.1483681539458179,-11.173625296811284,0.0,0.6101815581237986,3.362287580966949,0.4326369210836418,0.0,0.0,0.02,0.1283681539458179,0.0,carpet,12345,2458048105,0,0,4,0,0,0,-0.2174924910068512,-0.1674734503030777,0.5538291335105896,-0.6748693585395813,0.9011205434799194,-0.063837431371212,0.0656219348311424,-0.0070180892944335,0.1168942004442215,0.8831057548522949,0.1590801477432251,-1.0,-1.0,-1.0,-1.0,-1.0,-1.0,-1.0,1.0,0.0,0.0,0.0,1.0,0.0,0.0,0.0,1.0,0.0,0.0,0.0
20260320_140411_268302,4,103,1.864214539527893,0.1565998047590255,-0.1359159561814476,-11.30954125299273,0.0,0.4684503138002469,0.0432565808296203,0.6816808763710469,0.0,0.0,0.02,0.1159159561814476,0.0,carpet,12345,2458048105,0,0,4,0,0,0,0.9505410194396972,-0.8057461380958557,-0.3064415454864502,0.8607024550437927,-0.1855405420064926,0.6344429850578308,-0.2512423098087311,-0.0375148765742778,0.1468668431043625,0.8531331419944763,-0.0015244779642671,-1.0,-1.0,-1.0,-1.0,-1.0,-1.0,-1.0,1.0,0.0,0.0,0.0,1.0,0.0,0.0,0.0,1.0,0.0,0.0,0.0
20260320_140411_268302,4,104,1.858947396278381,0.1629077047109604,-0.1329567213968641,-11.442497974389594,0.0,0.1936402365518006,-0.6307899951934814,0.7408655720627166,0.0,0.0,0.02,0.1129567213968641,0.0,carpet,12345,2458048105,0,0,4,0,0,0,-0.805781900882721,-0.3654333651065826,0.2616233229637146,-0.8061801791191101,0.3765400350093841,0.7447687387466431,-0.6272784471511841,-0.0366598144173622,0.1472524404525756,0.8527474999427795,-0.0373311266303062,-1.0,-1.0,-1.0,-1.0,-1.0,-1.0,-1.0,1.0,0.0,0.0,0.0,1.0,0.0,0.0,0.0,1.0,0.0,0.0,0.0
20260320_140411_268302,4,105,1.856874942779541,0.1497734934091568,-0.0965163129654681,-11.539014287355062,0.0,0.4735854599589686,1.3134211301803589,1.469673740690638,0.0,0.0,0.02,0.0765163129654681,0.0,carpet,12345,2458048105,0,0,4,0,0,0,0.5862236618995667,-0.635081946849823,0.8756526112556458,0.9577385187149048,0.8786765933036804,-0.2919488847255707,-0.2193004637956619,-0.0432435981929302,0.1416293680667877,0.8583706021308899,-0.086012877523899,-1.0,-1.0,-1.0,-1.0,-1.0,-1.0,-1.0,1.0,0.0,0.0,0.0,1.0,0.0,0.0,0.0,1.0,0.0,0.0,0.0
20260320_140411_268302,4,106,1.9199426174163816,0.1918470114469528,-0.1328989201849066,-11.67191320753997,0.0,-0.6966488559756954,-4.207351803779602,0.7420215963018677,0.0,0.0,0.02,0.1128989201849066,0.0,carpet,12345,2458048105,0,0,4,0,0,0,-0.7773200869560242,-0.7229073643684387,0.1253389865159988,-0.0815277695655822,-0.4502248764038086,0.8657644391059875,0.7536886930465698,-0.0458341613411903,0.1533376723527908,0.8466622829437256,-0.043883491307497,-1.0,-1.0,-1.0,-1.0,-1.0,-1.0,-1.0,1.0,0.0,0.0,0.0,1.0,0.0,0.0,0.0,1.0,0.0,0.0,0.0
20260320_140411_268302,4,107,1.899006009101868,0.1673746854066848,-0.1130734889257976,-11.784986696465769,0.0,0.089321509024927,2.4472326040267944,1.1385302214840465,0.0,0.0,0.02,0.0930734889257976,0.0,carpet,12345,2458048105,0,0,4,0,0,0,0.7971758842468262,0.1364811360836029,0.0730699971318245,0.5056027770042419,-0.2311275154352188,0.7882142066955566,-0.3212532699108124,0.0330003723502159,0.1158318147063255,0.8841681480407715,0.2176306843757629,-1.0,-1.0,-1.0,-1.0,-1.0,-1.0,-1.0,1.0,0.0,0.0,0.0,1.0,0.0,0.0,0.0,1.0,0.0,0.0,0.0
20260320_140411_268302,4,108,1.8854234218597408,0.144541934132576,-0.1116920711509163,-11.896678767616685,0.0,0.6378099136214246,2.2832751274108887,1.1661585769816725,0.0,0.0,0.02,0.0916920711509163,0.0,carpet,12345,2458048105,0,0,4,0,0,0,-0.8163789510726929,-0.043960802257061,0.6634913682937622,0.0580210015177726,0.3830531537532806,0.1460208147764206,-0.3603692650794983,0.0068296431563794,0.1376473307609558,0.8623526692390442,0.0407733209431171,-1.0,-1.0,-1.0,-1.0,-1.0,-1.0,-1.0,1.0,0.0,0.0,0.0,1.0,0.0,0.0,0.0,1.0,0.0,0.0,0.0
20260320_140411_268302,4,109,1.899705529212952,0.1603367179632187,-0.1309401948684279,-12.02761896248511,0.0,0.0834878394500151,-1.57947838306427,0.7811961026314407,0.0,0.0,0.02,0.1109401948684279,0.0,carpet,12345,2458048105,0,0,4,0,0,0,0.1587599366903305,-0.8881808519363403,0.2787380516529083,-0.2406796514987945,-0.4428483247756958,0.9746278524398804,-0.2287657111883163,-0.0101486202329397,0.1580012738704681,0.8419986963272095,-0.0112758874893188,-1.0,-1.0,-1.0,-1.0,-1.0,-1.0,-1.0,1.0,0.0,0.0,0.0,1.0,0.0,0.0,0.0,1.0,0.0,0.0,0.0
20260320_140411_268302,4,110,1.9455235004425049,0.2295071333646774,-0.1699999999999999,-12.19761896248511,0.0,-1.6666445054489714,-6.917041540145874,-1.0790886393693313,0.0,0.0,0.02,0.15,0.0,carpet,12345,2458048105,0,0,4,0,0,0,-0.594786524772644,0.2868737280368805,-0.8781111836433411,0.1319271773099899,-0.8231754899024963,0.6708248257637024,1.0,0.0077039720490574,0.1439212262630462,0.8560788035392761,0.0228775963187217,-1.0,-1.0,-1.0,-1.0,-1.0,-1.0,-1.0,1.0,0.0,0.0,0.0,1.0,0.0,0.0,0.0,1.0,0.0,0.0,0.0
20260320_140411_268302,4,111,1.8958048820495603,0.1523108184337616,-0.1699999999999999,-12.36761896248511,0.0,0.6799244941861673,7.719631493091583,-0.8727496051421326,0.0,0.0,0.02,0.15,0.0,carpet,12345,2458048105,0,0,4,0,0,0,-0.981012523174286,-0.4219549596309662,0.5737117528915405,0.6040966510772705,0.3676320612430572,-0.7230668067932129,0.3933673799037933,0.0649764984846115,0.0822602212429046,0.917739748954773,0.306725263595581,-1.0,-1.0,-1.0,-1.0,-1.0,-1.0,-1.0,1.0,0.0,0.0,0.0,1.0,0.0,0.0,0.0,1.0,0.0,0.0,0.0
20260320_140411_268302,4,112,1.9168410301208496,0.1572295725345611,-0.1594563115523403,-12.52707527403745,0.0,0.3869745181196293,-0.491875410079956,0.2108737689531921,0.0,0.0,0.02,0.1394563115523404,0.0,carpet,12345,2458048105,0,0,4,0,0,0,0.9273822903633118,-0.2228287011384964,0.8015999794006348,0.1664071828126907,0.8438718914985657,0.3899645805358886,0.7342401742935181,0.0028282166458666,0.1510757952928543,0.8489241600036621,0.0605107434093952,-1.0,-1.0,-1.0,-1.0,-1.0,-1.0,-1.0,1.0,0.0,0.0,0.0,1.0,0.0,0.0,0.0,1.0,0.0,0.0,0.0
20260320_140411_268302,4,113,1.91955828666687,0.1540955454111099,-0.145493308669786,-12.672568582707235,0.0,0.3685815666760135,0.3134027123451233,0.4901338266042785,0.0,0.0,0.02,0.125493308669786,0.0,carpet,12345,2458048105,0,0,4,0,0,0,-0.5505051612854004,0.4201570451259613,0.5286908149719238,0.049915537238121,-0.9280512928962708,0.2827281951904297,0.3310221433639526,0.029123306274414,0.1466910541057586,0.8533089756965637,0.1130594089627265,-1.0,-1.0,-1.0,-1.0,-1.0,-1.0,-1.0,1.0,0.0,0.0,0.0,1.0,0.0,0.0,0.0,1.0,0.0,0.0,0.0
20260320_140411_268302,4,114,1.915613293647766,0.1545654684305191,-0.1641493993747684,-12.836717982082003,0.0,0.2646880995217771,-0.0469923019409179,0.117012012504631,0.0,0.0,0.02,0.1441493993747684,0.0,carpet,12345,2458048105,0,0,4,0,0,0,0.1558595150709152,0.4373843669891357,-0.7795011401176453,-1.0,0.1322986334562301,0.8443626761436462,-0.2224553674459457,0.0325199142098426,0.1494848430156707,0.8505151271820068,0.0957003086805343,-1.0,-1.0,-1.0,-1.0,-1.0,-1.0,-1.0,1.0,0.0,0.0,0.0,1.0,0.0,0.0,0.0,1.0,0.0,0.0,0.0
20260320_140411_268302,4,115,1.883281111717224,0.1382527351379394,-0.1380070709994779,-12.974725053081483,0.0,0.6063344069558241,1.631273329257965,0.6398585800104399,0.0,0.0,0.02,0.1180070709994779,0.0,carpet,12345,2458048105,0,0,4,0,0,0,0.3987630307674408,-0.500887930393219,0.7603285908699036,0.4464852809906006,0.1022569835186004,-0.5401170253753662,-0.3644407391548157,0.0275886543095111,0.1490659266710281,0.8509340286254883,0.0177334435284137,-1.0,-1.0,-1.0,-1.0,-1.0,-1.0,-1.0,1.0,0.0,0.0,0.0,1.0,0.0,0.0,0.0,1.0,0.0,0.0,0.0
20260320_140411_268302,4,116,1.907791018486023,0.1627527773380279,-0.062562358216297,-13.03728741129778,0.0,-0.1577502497853515,-2.45000422000885,2.14875283567406,0.0,0.0,0.02,0.042562358216297,0.0,carpet,12345,2458048105,0,0,4,0,0,0,-0.8040544390678406,0.1102565675973892,0.4251150786876678,0.7404866218566895,0.9330738186836244,-1.0,0.6798686981201172,-0.0128265377134084,0.1636076867580413,0.8363922834396362,-0.0918293818831443,-1.0,-1.0,-1.0,-1.0,-1.0,-1.0,-1.0,1.0,0.0,0.0,0.0,1.0,0.0,0.0,0.0,1.0,0.0,0.0,0.0
20260320_140411_268302,4,117,1.82909905910492,0.1815860569477081,-0.1260158168046555,-13.163303228102436,0.0,-0.5891446775810039,-1.8833279609680176,0.8796836639068886,0.0,0.0,0.02,0.1060158168046555,0.0,carpet,12345,2458048105,0,0,4,0,0,0,-0.4193581044673919,-1.0,0.3432306349277496,0.1680331826210022,0.4386993944644928,-0.447972297668457,-1.0,0.0178108215332031,0.1417674720287323,0.8582324981689453,0.0538622848689556,-1.0,-1.0,-1.0,-1.0,-1.0,-1.0,-1.0,1.0,0.0,0.0,0.0,1.0,0.0,0.0,0.0,1.0,0.0,0.0,0.0
20260320_140411_268302,4,118,1.9361518621444704,0.1757081300020218,-0.1601100594378171,-13.323413287540252,0.0,-0.2949103345436015,0.587792694568634,0.1977988112436577,0.0,0.0,0.02,0.1401100594378171,0.0,carpet,12345,2458048105,0,0,4,0,0,0,-0.0466820560395717,-0.6806631684303284,-0.8514223694801331,0.7153477072715759,-0.8633928298950195,0.3958854675292969,0.6488795876502991,-0.0805540084838867,0.1249788030982017,0.8750211596488953,-0.2775354385375976,-1.0,-1.0,-1.0,-1.0,-1.0,-1.0,-1.0,1.0,0.0,0.0,0.0,1.0,0.0,0.0,0.0,1.0,0.0,0.0,0.0
20260320_140411_268302,4,119,1.8917160034179688,0.145375594496727,-0.1516826059353843,-13.475095893475638,0.0,0.5371306367246689,3.03325355052948,0.3663478812923131,0.0,0.0,0.02,0.1316826059353843,0.0,carpet,12345,2458048105,0,0,4,0,0,0,0.3788877725601196,0.3269795477390289,0.2939522862434387,-0.39459890127182,-0.9824509024620056,0.251724362373352,-0.3263998925685882,0.0532619468867778,0.1302186101675033,0.8697813749313354,0.1603288948535919,-1.0,-1.0,-1.0,-1.0,-1.0,-1.0,-1.0,1.0,0.0,0.0,0.0,1.0,0.0,0.0,0.0,1.0,0.0,0.0,0.0
20260320_140411_268302,4,120,1.894911527633667,0.1401819586753845,-0.13828256725762,-13.61337846073326,0.0,0.5326888730770634,0.5193635821342468,0.6343486548475994,0.0,0.0,0.02,0.11828256725762,0.0,carpet,12345,2458048105,0,0,4,0,0,0,-0.2121367752552032,-0.4748260080814361,0.1505668312311172,-0.2146040648221969,0.0328409932553768,0.5257532000541687,-0.3882250487804413,-0.0022829056251794,0.1572581082582473,0.842741847038269,-0.0152654135599732,-1.0,-1.0,-1.0,-1.0,-1.0,-1.0,-1.0,1.0,0.0,0.0,0.0,1.0,0.0,0.0,0.0,1.0,0.0,0.0,0.0
20260320_140411_268302,4,121,1.895025372505188,0.1349270790815353,-0.1420548553727098,-13.755433316105968,0.0,0.5308886446540271,0.5254879593849182,0.5589028925458024,0.0,0.0,0.02,0.1220548553727098,0.0,carpet,12345,2458048105,0,0,4,0,0,0,0.2249740362167358,-0.4363210797309875,-0.8129052519798279,0.3842037916183471,-0.0785976722836494,-0.520603597164154,0.1276512145996093,0.0017114639049395,0.161887913942337,0.8381120562553406,-0.0346981175243854,-1.0,-1.0,-1.0,-1.0,-1.0,-1.0,-1.0,1.0,0.0,0.0,0.0,1.0,0.0,0.0,0.0,1.0,0.0,0.0,0.0
20260320_140411_268302,4,122,1.9105610847473145,0.1479965597391128,-0.1305958695308885,-13.886029185636856,0.0,0.0714294670510753,-1.3069480657577517,0.7880826093822293,0.0,0.0,0.02,0.1105958695308885,0.0,carpet,12345,2458048105,0,0,4,0,0,0,1.0,-0.7346332669258118,0.2374996542930603,0.2451207190752029,-0.735102117061615,0.4699114561080932,0.2268666177988052,0.0018537521827965,0.1665723025798797,0.8334276676177979,0.029160039499402,-1.0,-1.0,-1.0,-1.0,-1.0,-1.0,-1.0,1.0,0.0,0.0,0.0,1.0,0.0,0.0,0.0,1.0,0.0,0.0,0.0
20260320_140411_268302,4,123,1.872222065925598,0.1559804826974868,-0.1084399343353898,-13.994469119972246,0.0,-0.1460259736710298,-0.7983922958374023,1.2312013132922033,0.0,0.0,0.02,0.0884399343353898,0.0,carpet,12345,2458048105,0,0,4,0,0,0,-0.9899773001670836,0.3373345732688904,-0.2799897491931915,-0.5148453712463379,0.2100717276334762,0.5453115105628967,-0.944644808769226,0.0212734229862689,0.1549216955900192,0.8450782299041748,0.0712769031524658,-1.0,-1.0,-1.0,-1.0,-1.0,-1.0,-1.0,1.0,0.0,0.0,0.0,1.0,0.0,0.0,0.0,1.0,0.0,0.0,0.0
20260320_140411_268302,4,124,1.8868381977081297,0.1379384547472,-0.0766178566830153,-14.07108697665526,0.0,0.3415312185038885,1.8042027950286863,1.867642866339693,0.0,0.0,0.02,0.0566178566830153,0.0,carpet,12345,2458048105,0,0,4,0,0,0,0.9837523698806764,0.8288493752479553,0.2879006862640381,-0.0472594946622848,0.9598566889762878,0.1216821670532226,-0.3317666947841644,-0.0266502387821674,0.1478045284748077,0.8521953821182251,-0.1173382997512817,-1.0,-1.0,-1.0,-1.0,-1.0,-1.0,-1.0,1.0,0.0,0.0,0.0,1.0,0.0,0.0,0.0,1.0,0.0,0.0,0.0
20260320_140411_268302,4,125,1.856417298316956,0.1288593262434005,-0.0793180571956033,-14.150405033850864,0.0,0.4831266264729095,0.9079128503799438,1.813638856087934,0.0,0.0,0.02,0.0593180571956033,0.0,carpet,12345,2458048105,0,0,4,0,0,0,-0.9588657021522522,-0.2359781414270401,0.2041203379631042,0.1721680611371994,-0.8478969931602478,-0.5775599479675293,-0.551875650882721,-0.0083801271393895,0.1638878434896469,0.8361121416091919,-0.0377897173166275,-1.0,-1.0,-1.0,-1.0,-1.0,-1.0,-1.0,1.0,0.0,0.0,0.0,1.0,0.0,0.0,0.0,1.0,0.0,0.0,0.0
20260320_140411_268302,4,126,1.900395750999451,0.1551271378993988,-0.1206700169267205,-14.271075050777585,0.0,-0.2943503215452807,-2.626781165599823,0.98659966146559,0.0,0.0,0.02,0.1006700169267205,0.0,carpet,12345,2458048105,0,0,4,0,0,0,-0.102505050599575,-0.5925188660621643,0.6656200885772705,-0.980883777141571,-0.5743728280067444,0.1949630975723266,0.7224978804588318,-0.046406365931034,0.1719813048839569,0.8280186653137207,-0.1174505352973938,-1.0,-1.0,-1.0,-1.0,-1.0,-1.0,-1.0,1.0,0.0,0.0,0.0,1.0,0.0,0.0,0.0,1.0,0.0,0.0,0.0
20260320_140411_268302,4,127,1.7825292348861694,0.1692048758268356,-0.1699999999999999,-14.441075050777584,0.0,-0.5727061893448706,-1.4077737927436829,-0.1169951725333078,0.0,0.0,0.02,0.15,0.0,carpet,12345,2458048105,0,0,4,0,0,0,-0.2289213687181472,-0.9133465886116028,0.9148603081703186,0.9300272464752196,0.0496862940490245,-0.7444809079170227,-0.787398636341095,0.0085668563842773,0.1485652327537536,0.8514347076416016,0.1560126096010208,-1.0,-1.0,-1.0,-1.0,-1.0,-1.0,-1.0,1.0,0.0,0.0,0.0,1.0,0.0,0.0,0.0,1.0,0.0,0.0,0.0
20260320_140411_268302,4,128,1.812122464179993,0.1483319103717804,-0.1699999999999999,-14.611075050777584,0.0,0.0922944943677208,2.087296545505524,-0.0961301452166623,0.0,0.0,0.02,0.15,0.0,carpet,12345,2458048105,0,0,4,0,0,0,0.8719642162322998,-0.3975918889045715,0.8614808320999146,-0.1348472535610199,0.7121233344078064,0.3888452351093292,-0.4590558111667633,-0.1387662887573242,0.1360158324241638,0.8639841079711914,-0.2616784572601318,-1.0,-1.0,-1.0,-1.0,-1.0,-1.0,-1.0,1.0,0.0,0.0,0.0,1.0,0.0,0.0,0.0,1.0,0.0,0.0,0.0
20260320_140411_268302,4,129,1.9907073974609373,0.1728415787220001,-0.1699999999999999,-14.781075050777584,0.0,-0.543520837979699,-2.4509668350219727,-0.4936250095253314,0.0,0.0,0.02,0.15,0.0,carpet,12345,2458048105,0,0,4,0,0,0,0.7792062163352966,-0.7968549132347107,-0.5930295586585999,0.729487419128418,0.5635262131690979,0.6959511041641235,0.749380350112915,-0.1017747893929481,0.1546227484941482,0.8453772068023682,-0.1975809037685394,-1.0,-1.0,-1.0,-1.0,-1.0,-1.0,-1.0,1.0,0.0,0.0,0.0,1.0,0.0,0.0,0.0,1.0,0.0,0.0,0.0
20260320_140411_268302,4,130,1.991748809814453,0.1575853526592254,-0.1699999999999999,-14.951075050777584,0.0,-0.0262349769154184,1.5256226062774658,-0.8613912049446384,0.0,0.0,0.02,0.15,0.0,carpet,12345,2458048105,0,0,4,0,0,0,0.010451971553266,0.6499663591384888,0.1645224094390869,0.0007869647233746,-0.2143986672163009,0.7241039872169495,-0.0386400558054447,0.1214563399553299,0.1327739357948303,0.8672260046005249,0.2046989351511001,-1.0,-1.0,-1.0,-1.0,-1.0,-1.0,-1.0,1.0,0.0,0.0,0.0,1.0,0.0,0.0,0.0,1.0,0.0,0.0,0.0
20260320_140411_268302,4,131,1.9692847728729248,0.1477358937263488,-0.1699999999999999,-15.121075050777584,0.0,0.226560240635365,0.9849458932876588,-1.1179575907821828,0.0,0.0,0.02,0.15,0.0,carpet,12345,2458048105,0,0,4,0,0,0,0.2627803981304168,-0.1128784269094467,-0.2517868280410766,-0.5648922920227051,-0.0200835112482309,0.3027423620223999,-0.5480815172195435,0.1227581053972244,0.1463738977909088,0.8536260724067688,0.1106492653489112,-1.0,-1.0,-1.0,-1.0,-1.0,-1.0,-1.0,1.0,0.0,0.0,0.0,1.0,0.0,0.0,0.0,1.0,0.0,0.0,0.0
20260320_140411_268302,4,132,1.9856228828430176,0.1567778587341308,-0.1699999999999999,-15.291075050777584,0.0,-0.0561289447180399,-0.9041965007781982,-0.8797362139549421,0.0,0.0,0.02,0.15,0.0,carpet,12345,2458048105,0,0,4,0,0,0,-0.9221924543380736,-0.3166393339633941,-0.5394282341003418,-0.2810782790184021,-0.3933011293411255,-0.2648471593856811,0.5344390869140625,0.0946781188249588,0.1551540493965149,0.8448458909988403,0.0224964544177055,-1.0,-1.0,-1.0,-1.0,-1.0,-1.0,-1.0,1.0,0.0,0.0,0.0,1.0,0.0,0.0,0.0,1.0,0.0,0.0,0.0
20260320_140411_268302,4,133,1.986880898475647,0.1672293543815612,-0.1699999999999999,-15.461075050777584,0.0,-0.3033840997242834,-1.045149564743042,-0.6104141243343548,0.0,0.0,0.02,0.15,0.0,carpet,12345,2458048105,0,0,4,0,0,0,0.3094196021556854,-0.7220816016197205,-0.1260914206504821,-0.2448823601007461,0.6600896716117859,-0.1066817417740821,0.8498063683509827,0.1151006668806076,0.1470937281847,0.8529062271118164,0.206006184220314,-1.0,-1.0,-1.0,-1.0,-1.0,-1.0,-1.0,1.0,0.0,0.0,0.0,1.0,0.0,0.0,0.0,1.0,0.0,0.0,0.0
20260320_140411_268302,4,134,1.9923019409179688,0.1704138666391372,-0.1699999999999999,-15.631075050777584,0.0,-0.3071508812326016,-0.3184512257575989,-1.0098594999346773,0.0,0.0,0.02,0.15,0.0,carpet,12345,2458048105,0,0,4,0,0,0,-0.5978530049324036,0.8915311098098755,-1.0,0.118278644979,-0.330469399690628,0.448626697063446,0.7002986073493958,0.1166732758283615,0.1377768963575363,0.8622230291366577,0.2310315668582916,-1.0,-1.0,-1.0,-1.0,-1.0,-1.0,-1.0,1.0,0.0,0.0,0.0,1.0,0.0,0.0,0.0,1.0,0.0,0.0,0.0
20260320_140411_268302,4,135,1.883064031600952,0.1365444660186767,-0.1624983403683967,-15.79357339114598,0.0,0.6163718545870438,3.386940062046051,0.1500331926320655,0.0,0.0,0.02,0.1424983403683967,0.0,carpet,12345,2458048105,0,0,4,0,0,0,0.6276078224182129,-0.1375617235898971,-0.4498793184757232,-0.173360139131546,0.6409153342247009,-0.7234445810317993,-0.5693230032920837,0.1234495192766189,0.1349380910396576,0.86506187915802,0.2297906577587127,-1.0,-1.0,-1.0,-1.0,-1.0,-1.0,-1.0,1.0,0.0,0.0,0.0,1.0,0.0,0.0,0.0,1.0,0.0,0.0,0.0
20260320_140411_268302,4,136,1.9976708889007568,0.207352265715599,-0.1699999999999999,-15.96357339114598,0.0,-1.3079161014827605,-7.08077996969223,-1.1316479319352766,0.0,0.0,0.02,0.15,0.0,carpet,12345,2458048105,0,0,4,0,0,0,0.6269614696502686,0.5674540996551514,0.0376320630311965,0.6022428274154663,-0.8446516394615173,1.0,0.9544457197189332,-0.0130979539826512,0.1651305109262466,0.8348695039749146,-0.1419154405593872,-1.0,-1.0,-1.0,-1.0,-1.0,-1.0,-1.0,1.0,0.0,0.0,0.0,1.0,0.0,0.0,0.0,1.0,0.0,0.0,0.0
20260320_140411_268302,4,137,1.8163111209869385,0.1378260552883148,-0.1699999999999999,-16.13357339114598,0.0,0.7572181845700214,6.952621042728424,-0.6009899880006202,0.0,0.0,0.02,0.15,0.0,carpet,12345,2458048105,0,0,4,0,0,0,0.9737920761108398,-0.3763418793678283,0.553796648979187,-0.5491748452186584,-0.7567490339279175,0.0642870888113975,-0.8871601223945618,0.1301607191562652,0.1020098850131034,0.8979901075363159,0.3000242412090301,-1.0,-1.0,-1.0,-1.0,-1.0,-1.0,-1.0,1.0,0.0,0.0,0.0,1.0,0.0,0.0,0.0,1.0,0.0,0.0,0.0
20260320_140411_268302,4,138,1.9411083459854128,0.1511681377887725,-0.1699999999999999,-16.30357339114598,0.0,0.2343615759160826,-1.3342082500457764,-0.3104994673664976,0.0,0.0,0.02,0.15,0.0,carpet,12345,2458048105,0,0,4,0,0,0,0.819858193397522,-0.4633149802684784,-0.8704929947853088,0.9788308143615724,-0.5204111933708191,1.0,0.2395613193511963,-0.0965389236807823,0.1639880537986755,0.8360119462013245,-0.165486142039299,-1.0,-1.0,-1.0,-1.0,-1.0,-1.0,-1.0,1.0,0.0,0.0,0.0,1.0,0.0,0.0,0.0,1.0,0.0,0.0,0.0
20260320_140411_268302,4,139,1.9442540407180784,0.1321973204612732,-0.1378536876258839,-16.441427078771866,0.0,0.6500416151245361,1.897081732749939,0.6429262474823219,0.0,0.0,0.02,0.1178536876258839,0.0,carpet,12345,2458048105,0,0,4,0,0,0,-0.1644448786973953,0.3808631896972656,0.4196238815784454,0.2928102612495422,0.3605922162532806,0.3532999455928802,0.4426344633102417,0.0594575889408588,0.1520944386720657,0.8479055166244507,0.1135311722755432,-1.0,-1.0,-1.0,-1.0,-1.0,-1.0,-1.0,1.0,0.0,0.0,0.0,1.0,0.0,0.0,0.0,1.0,0.0,0.0,0.0
20260320_140411_268302,4,140,1.8930937051773071,0.0992294773459434,-0.0569097791029211,-16.498336857874786,0.0,1.3117272892266527,3.2967843115329742,2.261804417941576,0.0,0.0,0.02,0.0369097791029211,0.0,carpet,12345,2458048105,0,0,4,0,0,0,0.1809429973363876,0.4903077185153961,0.6113950610160828,0.6066869497299194,0.7571090459823608,-0.233190044760704,-0.3065358400344848,0.0633895844221115,0.1690057069063186,0.8309943079948425,0.1703902781009674,-1.0,-1.0,-1.0,-1.0,-1.0,-1.0,-1.0,1.0,0.0,0.0,0.0,1.0,0.0,0.0,0.0,1.0,0.0,0.0,0.0
20260320_140411_268302,4,141,1.9136992692947388,0.1095232740044593,-0.0514058443094182,-16.549742702184204,0.0,0.7264505504571019,-1.029379665851593,2.3718831138116343,0.0,0.0,0.02,0.0314058443094182,0.0,carpet,12345,2458048105,0,0,4,0,0,0,0.6248358488082886,0.7800192832946777,0.6141776442527771,0.7156508564949036,-0.1891743242740631,-0.4866166710853576,0.5178771615028381,-0.0005607604980468,0.1983944326639175,0.8016055822372437,-0.0830497592687606,-1.0,-1.0,-1.0,-1.0,-1.0,-1.0,-1.0,1.0,0.0,0.0,0.0,1.0,0.0,0.0,0.0,1.0,0.0,0.0,0.0
20260320_140411_268302,4,142,1.959664225578308,0.1482600718736648,-0.02,-16.569742702184204,0.0,-0.4235820338873282,-3.873679786920548,3.2562171814070666,0.0,0.0,0.02,0.0,0.0,carpet,12345,2458048105,0,0,4,0,0,0,-0.915207028388977,-0.5160375237464905,0.3693171739578247,0.0329355858266353,-0.5738129019737244,0.9795700311660768,0.9198172092437744,0.0251962654292583,0.1892181634902954,0.8107818365097046,0.0513080693781375,-1.0,-1.0,-1.0,-1.0,-1.0,-1.0,-1.0,1.0,0.0,0.0,0.0,1.0,0.0,0.0,0.0,1.0,0.0,0.0,0.0
20260320_140411_268302,4,143,1.954051852226257,0.1460278183221817,-0.0581440594895679,-16.62788676167377,0.0,-0.261880186628403,0.2232253551483154,2.237118810208642,0.0,0.0,0.02,0.0381440594895678,0.0,carpet,12345,2458048105,0,0,4,0,0,0,-0.6237339377403259,0.6946946382522583,1.0,-0.860287070274353,0.7087972164154053,-0.1027032732963562,0.777300238609314,0.0826522856950759,0.1546867787837982,0.8453131318092346,0.2058833241462707,-1.0,-1.0,-1.0,-1.0,-1.0,-1.0,-1.0,1.0,0.0,0.0,0.0,1.0,0.0,0.0,0.0,1.0,0.0,0.0,0.0
20260320_140411_268302,4,144,1.936534404754639,0.1156818494200706,-0.0417501841562992,-16.66963694583007,0.0,0.5622390825814563,3.0345968902111053,2.564996316874016,0.0,0.0,0.02,0.0217501841562992,0.0,carpet,12345,2458048105,0,0,4,0,0,0,0.272176593542099,0.5934296250343323,0.1581204384565353,-0.3720302879810333,0.9394623637199402,0.5809656381607056,-0.3487861752510071,0.0756368637084961,0.1566766798496246,0.843323290348053,0.1849410682916641,-1.0,-1.0,-1.0,-1.0,-1.0,-1.0,-1.0,1.0,0.0,0.0,0.0,1.0,0.0,0.0,0.0,1.0,0.0,0.0,0.0
20260320_140411_268302,4,145,1.869628667831421,0.1220235154032707,-0.0610953817947209,-16.730732327624793,0.0,0.263137662356101,-0.6341665983200073,2.1780923641055807,0.0,0.0,0.02,0.0410953817947209,0.0,carpet,12345,2458048105,0,0,4,0,0,0,-0.6889660358428955,-0.5133107304573059,-0.4113132059574127,0.1812295913696289,0.7035340666770935,-0.9258830547332764,-0.6272915601730347,0.0537401214241981,0.1837282031774521,0.8162717819213867,-0.0107137542217969,-1.0,-1.0,-1.0,-1.0,-1.0,-1.0,-1.0,1.0,0.0,0.0,0.0,1.0,0.0,0.0,0.0,1.0,0.0,0.0,0.0
20260320_140411_268302,4,146,1.895359754562378,0.1309016346931457,-0.1279117330300434,-16.858644060654836,0.0,-0.0245997354797964,-0.887811928987503,0.8417653393991316,0.0,0.0,0.02,0.1079117330300434,0.0,carpet,12345,2458048105,0,0,4,0,0,0,-0.2153318226337433,0.0462731756269931,0.2410861998796463,0.7721882462501526,0.7677842378616333,-0.9312460422515868,0.6371213793754578,-0.0298921577632427,0.1780750006437301,0.8219249844551086,-0.1668017208576202,-1.0,-1.0,-1.0,-1.0,-1.0,-1.0,-1.0,1.0,0.0,0.0,0.0,1.0,0.0,0.0,0.0,1.0,0.0,0.0,0.0
20260320_140411_268302,4,147,1.897500276565552,0.0977196991443634,-0.1236793311974129,-16.982323391852248,0.0,0.8110985871097114,3.318193554878235,0.926413376051741,0.0,0.0,0.02,0.1036793311974129,0.0,carpet,12345,2458048105,0,0,4,0,0,0,-0.3463717103004455,-1.0,-0.8917131423950195,-0.2465883940458297,-0.5535838603973389,-0.3229534029960632,0.1679185032844543,0.0022718429099768,0.170160710811615,0.8298392295837402,0.0246060788631439,-1.0,-1.0,-1.0,-1.0,-1.0,-1.0,-1.0,1.0,0.0,0.0,0.0,1.0,0.0,0.0,0.0,1.0,0.0,0.0,0.0
20260320_140411_268302,4,148,1.903248310089112,0.098954290151596,-0.0736272712454731,-17.055950663097722,0.0,0.5774591651514669,-0.1234591007232666,1.927454575090536,0.0,0.0,0.02,0.0536272712454731,0.0,carpet,12345,2458048105,0,0,4,0,0,0,-0.1444401890039444,0.0984899401664733,-0.5707395672798157,-0.2144256383180618,0.5817456245422363,-0.2864402830600738,0.2214202880859375,0.0049474714323878,0.1997403055429458,0.8002597093582153,-0.0151148987933993,-1.0,-1.0,-1.0,-1.0,-1.0,-1.0,-1.0,1.0,0.0,0.0,0.0,1.0,0.0,0.0,0.0,1.0,0.0,0.0,0.0
20260320_140411_268302,4,149,1.9105943441390991,0.1077816858887672,-0.0499127878923371,-17.10586345099006,0.0,0.2124094804343173,-0.8827395737171173,2.4017442421532564,0.0,0.0,0.02,0.0299127878923371,0.0,carpet,12345,2458048105,0,0,4,0,0,0,-1.0,0.0304130241274833,-0.5457239151000977,-0.5552448630332947,0.5831217765808105,-0.6010450124740601,0.4383192360401153,0.0121324537321925,0.1986397504806518,0.8013602495193481,-0.0052634221501648,-1.0,-1.0,-1.0,-1.0,-1.0,-1.0,-1.0,1.0,0.0,0.0,0.0,1.0,0.0,0.0,0.0,1.0,0.0,0.0,0.0
20260320_140411_268302,4,150,1.926875352859497,0.0990664660930633,-0.059165361760493,-17.165028812750553,0.0,0.3771876052183387,0.8715219795703888,2.216692764790139,0.0,0.0,0.02,0.039165361760493,0.0,carpet,12345,2458048105,0,0,4,0,0,0,0.708132266998291,-0.1316164582967758,0.6707595586776733,1.0,0.4850089848041534,0.7516682744026184,0.488073319196701,0.0213150028139352,0.19077068567276,0.8092292547225952,0.0447473600506782,-1.0,-1.0,-1.0,-1.0,-1.0,-1.0,-1.0,1.0,0.0,0.0,0.0,1.0,0.0,0.0,0.0,1.0,0.0,0.0,0.0
20260320_140411_268302,4,151,1.88893723487854,0.1086296513676643,-0.0701316912758618,-17.235160504026414,0.0,0.0438110720487259,-0.9563185274600984,1.997366174482764,0.0,0.0,0.02,0.0501316912758618,0.0,carpet,12345,2458048105,0,0,4,0,0,0,-0.3056683540344238,0.3150444626808166,0.6254748702049255,0.8480918407440186,-0.9698493480682372,0.4753526449203491,-0.6712384819984436,0.0416662208735942,0.1985397338867187,0.8014602065086365,0.0844260901212692,-1.0,-1.0,-1.0,-1.0,-1.0,-1.0,-1.0,1.0,0.0,0.0,0.0,1.0,0.0,0.0,0.0,1.0,0.0,0.0,0.0
20260320_140411_268302,4,152,1.867934346199036,0.0962165370583534,-0.0517423964134064,-17.28690290043982,0.0,0.3431861617693101,1.2413114309310913,2.3651520717318704,0.0,0.0,0.02,0.0317423964134064,0.0,carpet,12345,2458048105,0,0,4,0,0,0,-0.5271197557449341,-1.0,0.3818532526493072,-0.2629340291023254,-0.0288379192352294,-0.9161393046379088,-0.6840842366218567,-0.0057563781738281,0.1900147795677185,0.8099852204322815,-0.0944978594779968,-1.0,-1.0,-1.0,-1.0,-1.0,-1.0,-1.0,1.0,0.0,0.0,0.0,1.0,0.0,0.0,0.0,1.0,0.0,0.0,0.0
20260320_140411_268302,4,153,1.8950130939483645,0.1076654642820358,-0.0937390037321453,-17.380641904171966,0.0,-0.0288335592650668,-1.1448927223682404,1.5252199253570922,0.0,0.0,0.02,0.0737390037321453,0.0,carpet,12345,2458048105,0,0,4,0,0,0,-0.7002281546592712,0.7074286937713623,-0.7035441994667053,0.3894773721694946,0.74151611328125,-1.0,0.3543541431427002,-0.0320098884403705,0.2010802626609802,0.798919677734375,-0.1519788056612014,-1.0,-1.0,-1.0,-1.0,-1.0,-1.0,-1.0,1.0,0.0,0.0,0.0,1.0,0.0,0.0,0.0,1.0,0.0,0.0,0.0
20260320_140411_268302,4,154,1.8812735080719,0.1178279593586921,-0.1363963393079797,-17.517038243479945,0.0,-0.2756875463652193,-1.0162495076656342,0.672073213840406,0.0,0.0,0.02,0.1163963393079797,0.0,carpet,12345,2458048105,0,0,4,0,0,0,0.4545049369335174,0.3642463684082031,-0.8014620542526245,-0.020379627123475,0.5168412327766418,0.8524839282035828,-1.0,0.001838493393734,0.1908742785453796,0.8091257214546204,0.0162032879889011,-1.0,-1.0,-1.0,-1.0,-1.0,-1.0,-1.0,1.0,0.0,0.0,0.0,1.0,0.0,0.0,0.0,1.0,0.0,0.0,0.0
20260320_140411_268302,4,155,1.9355590343475344,0.1067473739385604,-0.1435043645432263,-17.66054260802317,0.0,0.0702489757293847,1.1080585420131683,0.5299127091354734,0.0,0.0,0.02,0.1235043645432263,0.0,carpet,12345,2458048105,0,0,4,0,0,0,-0.7731372117996216,0.4448451101779938,-0.4138152301311493,-0.949913203716278,0.8196621537208557,-0.1978061199188232,0.4253609478473663,-0.0153360366821289,0.1818150728940963,0.8181849122047424,-0.1812188327312469,-1.0,-1.0,-1.0,-1.0,-1.0,-1.0,-1.0,1.0,0.0,0.0,0.0,1.0,0.0,0.0,0.0,1.0,0.0,0.0,0.0
20260320_140411_268302,4,156,1.9122626781463623,0.0940820798277854,-0.1438977905758225,-17.804440398598995,0.0,0.3693190845664134,1.2665294110774994,0.522044188483548,0.0,0.0,0.02,0.1238977905758225,0.0,carpet,12345,2458048105,0,0,4,0,0,0,-0.7677131295204163,-0.3303651511669159,0.9000293612480164,-0.3408280611038208,0.3978612422943115,-0.8911389112472534,0.0979611575603485,0.0525209419429302,0.1916927099227905,0.8083072304725647,0.0965728983283042,-1.0,-1.0,-1.0,-1.0,-1.0,-1.0,-1.0,1.0,0.0,0.0,0.0,1.0,0.0,0.0,0.0,1.0,0.0,0.0,0.0
20260320_140411_268302,4,157,1.9387580156326287,0.1035904735326767,-0.1441243706381325,-17.948564769237127,0.0,0.0392794708025263,-0.9508393704891204,0.5175125872373485,0.0,0.0,0.02,0.1241243706381325,0.0,carpet,12345,2458048105,0,0,4,0,0,0,-0.1616989821195602,-0.1229123026132583,0.1114575266838073,-0.7372869849205017,-0.1446001380681991,0.9772063493728638,0.0700396671891212,0.0234004966914653,0.2029830068349838,0.797016978263855,0.0278973318636417,-1.0,-1.0,-1.0,-1.0,-1.0,-1.0,-1.0,1.0,0.0,0.0,0.0,1.0,0.0,0.0,0.0,1.0,0.0,0.0,0.0
20260320_140411_268302,4,158,1.8971061706542969,0.0936684310436248,-0.1474081454601883,-18.09597291469732,0.0,0.2775106653281938,0.992204248905182,0.4518370907962321,0.0,0.0,0.02,0.1274081454601884,0.0,carpet,12345,2458048105,0,0,4,0,0,0,-0.2902127206325531,0.2685127854347229,-0.6737952828407288,-0.3626851141452789,0.8323677182197571,-0.7628998160362244,-0.2316578179597854,0.0565196983516216,0.1945068836212158,0.8054930567741394,0.0964194238185882,-1.0,-1.0,-1.0,-1.0,-1.0,-1.0,-1.0,1.0,0.0,0.0,0.0,1.0,0.0,0.0,0.0,1.0,0.0,0.0,0.0
20260320_140411_268302,4,159,1.9173225164413448,0.1069482415914535,-0.1521595807319134,-18.248132495429232,0.0,-0.1238622646995679,-1.3279810547828674,0.356808385361731,0.0,0.0,0.02,0.1321595807319134,0.0,carpet,12345,2458048105,0,0,4,0,0,0,-0.8690468072891235,0.6217904686927795,0.0070774792693555,-0.2575506269931793,0.6579271554946899,-0.8333148956298828,0.5300766229629517,0.0044548036530613,0.2033517360687255,0.7966482043266296,-0.0289741046726703,-1.0,-1.0,-1.0,-1.0,-1.0,-1.0,-1.0,1.0,0.0,0.0,0.0,1.0,0.0,0.0,0.0,1.0,0.0,0.0,0.0
20260320_140411_268302,4,160,1.87329363822937,0.0920680090785026,-0.124419747698698,-18.37255224312793,0.0,0.2791091142990893,1.4880232512950895,0.9116050460260396,0.0,0.0,0.02,0.104419747698698,0.0,carpet,12345,2458048105,0,0,4,0,0,0,-0.1206839978694915,-0.7570111155509949,-0.593100368976593,0.8338364362716675,0.1375258862972259,-0.5004668235778809,-0.3866694867610931,0.0297252647578716,0.191513642668724,0.8084863424301147,0.090264543890953,-1.0,-1.0,-1.0,-1.0,-1.0,-1.0,-1.0,1.0,0.0,0.0,0.0,1.0,0.0,0.0,0.0,1.0,0.0,0.0,0.0
20260320_140411_268302,4,161,1.9235374927520752,0.0757794231176376,-0.0971048722478696,-18.4696571153758,0.0,0.6165464847459532,1.628858596086502,1.457902555042608,0.0,0.0,0.02,0.0771048722478695,0.0,carpet,12345,2458048105,0,0,4,0,0,0,-0.4408884644508362,0.2754394710063934,0.2986393570899963,-0.0760802999138832,0.207774206995964,0.1211033090949058,0.2493145167827606,-0.0253108981996774,0.2047784179449081,0.7952215671539307,-0.0969829782843589,-1.0,-1.0,-1.0,-1.0,-1.0,-1.0,-1.0,1.0,0.0,0.0,0.0,1.0,0.0,0.0,0.0,1.0,0.0,0.0,0.0
20260320_140411_268302,4,162,1.8995050191879272,0.0883024632930755,-0.1081041335175147,-18.57776124889332,0.0,0.1493338591735096,-1.2523040175437927,1.2379173296497044,0.0,0.0,0.02,0.0881041335175147,0.0,carpet,12345,2458048105,0,0,4,0,0,0,0.7407906651496887,-0.2939523756504059,-0.4120070338249206,0.74953293800354,0.5933529138565063,0.628004789352417,-0.682565450668335,0.0374938957393169,0.2192986458539962,0.7807013392448425,0.0796615183353424,-1.0,-1.0,-1.0,-1.0,-1.0,-1.0,-1.0,1.0,0.0,0.0,0.0,1.0,0.0,0.0,0.0,1.0,0.0,0.0,0.0
20260320_140411_268302,4,163,1.9587929248809808,0.0924035608768463,-0.1095944593183479,-18.687355708211665,0.0,0.0094729547858634,-0.4101097583770752,1.2081108136330414,0.0,0.0,0.02,0.0895944593183479,0.0,carpet,12345,2458048105,0,0,4,0,0,0,-0.5860385298728943,0.5236058831214905,0.3825913369655609,0.8407645225524902,0.8838485479354858,0.5226004123687744,0.1827248632907867,0.0074533461593091,0.2081351578235626,0.791864812374115,-0.072535291314125,-1.0,-1.0,-1.0,-1.0,-1.0,-1.0,-1.0,1.0,0.0,0.0,0.0,1.0,0.0,0.0,0.0,1.0,0.0,0.0,0.0
20260320_140411_268302,4,164,1.9551035165786743,0.093511626124382,-0.1244998383397079,-18.81185554655137,0.0,-0.0205969150990057,-0.1108065247535705,0.910003233205842,0.0,0.0,0.02,0.1044998383397079,0.0,carpet,12345,2458048105,0,0,4,0,0,0,-0.4103547036647796,0.6792130470275879,-0.9611105918884276,0.4780676960945129,0.5111313462257385,0.6901208758354187,-0.066052109003067,0.08156318962574,0.2044792920351028,0.7955206632614136,0.1027783676981926,-1.0,-1.0,-1.0,-1.0,-1.0,-1.0,-1.0,1.0,0.0,0.0,0.0,1.0,0.0,0.0,0.0,1.0,0.0,0.0,0.0
20260320_140411_268302,4,165,1.962514042854309,0.0922528952360153,-0.1175056958104829,-18.929361242361853,0.0,0.0160205858849309,0.1258730888366699,1.0498860837903408,0.0,0.0,0.02,0.0975056958104829,0.0,carpet,12345,2458048105,0,0,4,0,0,0,0.1378708332777023,-0.430353581905365,0.478555679321289,0.0010633199708536,0.063999630510807,-0.0166848693042993,0.2598068416118622,0.0769514068961143,0.203491523861885,0.7965084910392761,0.069924496114254,-1.0,-1.0,-1.0,-1.0,-1.0,-1.0,-1.0,1.0,0.0,0.0,0.0,1.0,0.0,0.0,0.0,1.0,0.0,0.0,0.0
20260320_140411_268302,4,166,1.9074760675430296,0.095467485487461,-0.1348786173690602,-19.064239859730915,0.0,-0.0683493168724567,-0.321459025144577,0.7024276526187947,0.0,0.0,0.02,0.1148786173690602,0.0,carpet,12345,2458048105,0,0,4,0,0,0,-0.557812511920929,0.7663652896881104,0.0202923044562339,0.3705660104751587,1.0,-0.159961313009262,-0.8111056685447693,0.0862146392464637,0.2046136111021042,0.7953863739967346,0.1419979184865951,-1.0,-1.0,-1.0,-1.0,-1.0,-1.0,-1.0,1.0,0.0,0.0,0.0,1.0,0.0,0.0,0.0,1.0,0.0,0.0,0.0
20260320_140411_268302,4,167,1.9536054134368896,0.0970285013318061,-0.1699999999999999,-19.23423985973092,0.0,-0.0902873837629698,-0.1561015844345092,-0.0044062158901283,0.0,0.0,0.02,0.15,0.0,carpet,12345,2458048105,0,0,4,0,0,0,0.4960289299488067,-0.0790277272462844,-0.854840874671936,-0.6977546811103821,0.8514394760131836,0.6505966186523438,-0.0911635905504226,0.0174171440303325,0.2017479985952377,0.7982519268989563,-0.1206027045845985,-1.0,-1.0,-1.0,-1.0,-1.0,-1.0,-1.0,1.0,0.0,0.0,0.0,1.0,0.0,0.0,0.0,1.0,0.0,0.0,0.0
20260320_140411_268302,4,168,1.97834575176239,0.1103129833936691,-0.1699999999999999,-19.40423985973092,0.0,-0.3998275893687975,-1.3284482061862946,-0.5535676644324354,0.0,0.0,0.02,0.15,0.0,carpet,12345,2458048105,0,0,4,0,0,0,0.1060342937707901,-0.6382962465286255,0.4613370299339294,0.1414732933044433,0.6075131893157959,1.0,0.3728282451629638,0.0750787705183029,0.2003564536571502,0.7996435165405273,0.041142389178276,-1.0,-1.0,-1.0,-1.0,-1.0,-1.0,-1.0,1.0,0.0,0.0,0.0,1.0,0.0,0.0,0.0,1.0,0.0,0.0,0.0
20260320_140411_268302,4,169,1.9459151029586792,0.1069235205650329,-0.1699999999999999,-19.57423985973092,0.0,-0.2151341213106974,0.3389462828636169,-0.7781747405289963,0.0,0.0,0.02,0.15,0.0,carpet,12345,2458048105,0,0,4,0,0,0,-0.5029326677322388,-0.3844294250011444,-0.8587852716445923,0.9047022461891174,0.7391226291656494,0.7323813438415527,-0.6596649289131165,0.1060043349862098,0.1885141730308532,0.811485767364502,0.176340252161026,-1.0,-1.0,-1.0,-1.0,-1.0,-1.0,-1.0,1.0,0.0,0.0,0.0,1.0,0.0,0.0,0.0,1.0,0.0,0.0,0.0
20260320_140411_268302,4,170,1.9428478479385376,0.0913800969719886,-0.1699999999999999,-19.74423985973092,0.0,0.2272349988430875,1.554342359304428,-0.530342826586903,0.0,0.0,0.02,0.15,0.0,carpet,12345,2458048105,0,0,4,0,0,0,-0.2336153984069824,-0.8924902081489563,0.8394545316696167,-0.5698058605194092,-0.4846981465816498,-0.0860607624053955,-0.4624769389629364,0.0654659271240234,0.1915356814861297,0.8084642887115479,-0.0145067600533366,-1.0,-1.0,-1.0,-1.0,-1.0,-1.0,-1.0,1.0,0.0,0.0,0.0,1.0,0.0,0.0,0.0,1.0,0.0,0.0,0.0
20260320_140411_268302,4,171,1.9646222591400144,0.1100253760814666,-0.1699999999999999,-19.914239859730923,0.0,-0.2957057286046307,-1.8645279109478,-0.8420691410764647,0.0,0.0,0.02,0.15,0.0,carpet,12345,2458048105,0,0,4,0,0,0,0.021282123401761,0.8802670240402222,0.4335439205169678,-0.5672611594200134,0.0785440728068351,-0.517279863357544,0.6670568585395813,0.061631966382265,0.2053916454315185,0.7946082949638367,0.0092520620673894,-1.0,-1.0,-1.0,-1.0,-1.0,-1.0,-1.0,1.0,0.0,0.0,0.0,1.0,0.0,0.0,0.0,1.0,0.0,0.0,0.0
20260320_140411_268302,4,172,1.9399760961532595,0.0985995233058929,-0.1699999999999999,-20.084239859730925,0.0,0.0638670229358666,1.142585277557373,-0.7098528012681413,0.0,0.0,0.02,0.15,0.0,carpet,12345,2458048105,0,0,4,0,0,0,0.7194234728813171,0.1780172437429428,0.1890891790390014,-0.4075081944465637,0.8637731075286865,0.6425254940986633,-0.6097990274429321,0.0888498276472091,0.1887705773115158,0.811229407787323,0.2222799509763717,-1.0,-1.0,-1.0,-1.0,-1.0,-1.0,-1.0,1.0,0.0,0.0,0.0,1.0,0.0,0.0,0.0,1.0,0.0,0.0,0.0
20260320_140411_268302,4,173,1.93055272102356,0.0946636348962783,-0.1699999999999999,-20.254239859730927,0.0,0.1462974774422605,0.3935888409614563,-0.4732679400629109,0.0,0.0,0.02,0.15,0.0,carpet,12345,2458048105,0,0,4,0,0,0,0.2268383651971817,-0.8465219736099243,-0.8005268573760986,-0.8195564150810242,0.1906090229749679,-0.1270535737276077,-0.7845686674118042,0.0580421462655067,0.1989559978246688,0.8010439872741699,-0.0115349553525447,-1.0,-1.0,-1.0,-1.0,-1.0,-1.0,-1.0,1.0,0.0,0.0,0.0,1.0,0.0,0.0,0.0,1.0,0.0,0.0,0.0
20260320_140411_268302,4,174,1.9429914951324463,0.0888558030128479,-0.1609260722763328,-20.41516593200726,0.0,0.2549189051674574,0.5807831883430481,0.1814785544733439,0.0,0.0,0.02,0.1409260722763328,0.0,carpet,12345,2458048105,0,0,4,0,0,0,-0.895544707775116,0.0955054238438606,-0.9973114132881165,0.8235222101211548,0.4236800670623779,0.1335392147302627,-0.2634721398353576,0.0462629310786724,0.2024645805358886,0.7975353598594666,-0.0394193194806575,-1.0,-1.0,-1.0,-1.0,-1.0,-1.0,-1.0,1.0,0.0,0.0,0.0,1.0,0.0,0.0,0.0,1.0,0.0,0.0,0.0
20260320_140411_268302,5,0,1.9333000183105469,0.3504011631011963,-0.02,-0.02,0.0,-0.5761563777923584,-2.3046255111694336,0.0,0.0,0.0,0.02,0.0,0.0,carpet,12345,2458048236,0,0,5,0,0,0,-0.7545065879821777,0.3716972172260284,-0.5728166103363037,0.6655223369598389,-0.0615469887852668,-0.1268431991338729,0.6758847832679749,0.0,-0.0,1.0,0.0,-1.0,-1.0,-1.0,-1.0,-1.0,-1.0,-1.0,1.0,0.0,0.0,0.0,1.0,0.0,0.0,0.0,1.0,0.0,0.0,0.0
20260320_140411_268302,5,1,1.928629159927368,0.3561572134494781,-0.02,-0.04,0.0,-0.5760185420513153,-0.575605034828186,0.0,0.0,0.0,0.02,0.0,0.0,carpet,12345,2458048236,0,0,5,0,0,0,-0.6829859614372253,-0.3765138387680053,0.7383608222007751,-0.1073470562696456,-0.4093744456768036,-0.643098771572113,0.787073016166687,0.027189826592803,-0.0204427763819694,1.0,0.1049304232001304,-1.0,-1.0,-1.0,-1.0,-1.0,-1.0,-1.0,1.0,0.0,0.0,0.0,1.0,0.0,0.0,0.0,1.0,0.0,0.0,0.0
20260320_140411_268302,5,2,1.881478190422058,0.3269170522689819,-0.02,-0.06,0.0,0.2989901229739189,2.9240161180496216,0.0,0.0,0.0,0.02,0.0,0.0,carpet,12345,2458048236,0,0,5,0,0,0,-0.4604285061359405,-0.3473539352416992,0.4553363919258117,0.2139245569705963,-0.2566603720188141,-0.19586743414402,-0.1280277073383331,0.0213512424379587,-0.0255485977977514,1.0,0.1186036244034767,-1.0,-1.0,-1.0,-1.0,-1.0,-1.0,-1.0,1.0,0.0,0.0,0.0,1.0,0.0,0.0,0.0,1.0,0.0,0.0,0.0
20260320_140411_268302,5,3,1.8507766723632808,0.3376436233520508,-0.02,-0.08,0.0,-0.043921684846282,-1.0726571083068848,0.0,0.0,0.0,0.02,0.0,0.0,carpet,12345,2458048236,0,0,5,0,0,0,0.6380452513694763,0.9135141372680664,-0.2420965731143951,0.2227353006601333,-0.0789443999528884,-0.1070665717124939,-0.6881541013717651,-0.0375875458121299,0.0003883878525812,0.9996116161346436,-0.0632004365324974,-1.0,-1.0,-1.0,-1.0,-1.0,-1.0,-1.0,1.0,0.0,0.0,0.0,1.0,0.0,0.0,0.0,1.0,0.0,0.0,0.0
20260320_140411_268302,5,4,1.8692741394042969,0.3309507966041565,-0.02,-0.1,0.0,0.1343794050626456,0.6692826747894287,0.0,0.0,0.0,0.02,0.0,0.0,carpet,12345,2458048236,0,0,5,0,0,0,-0.6071885824203491,-0.1319990307092666,1.0,0.6195305585861206,-0.023805571720004,0.5834670066833496,-0.3710053861141205,-0.0759643539786338,-0.0091264378279447,1.0,-0.18684783577919,-1.0,-1.0,-1.0,-1.0,-1.0,-1.0,-1.0,1.0,0.0,0.0,0.0,1.0,0.0,0.0,0.0,1.0,0.0,0.0,0.0
20260320_140411_268302,5,5,1.908211350440979,0.3699564337730407,-0.1699999999999999,-0.27,0.0,-0.8743563754251227,-3.900563716888428,-1.6370834520785138,0.0,0.0,0.02,0.15,0.0,carpet,12345,2458048236,0,0,5,0,0,0,-0.1296923458576202,0.4115855097770691,-0.2367818802595138,0.5117210745811462,-0.5692044496536255,-0.8020030856132507,1.0,-0.0528425201773643,-0.0031897004228085,1.0,-0.1416794657707214,-1.0,-1.0,-1.0,-1.0,-1.0,-1.0,-1.0,1.0,0.0,0.0,0.0,1.0,0.0,0.0,0.0,1.0,0.0,0.0,0.0
20260320_140411_268302,5,6,1.9219740629196167,0.3654327988624573,-0.1699999999999999,-0.44,0.0,-0.5426764088042546,0.4523634910583496,-1.60360348309041,0.0,0.0,0.02,0.15,0.0,carpet,12345,2458048236,0,0,5,0,0,0,0.0527989640831947,0.1902925819158554,-0.0508756898343563,0.940041482448578,-0.0482720136642456,-0.1366291493177414,0.9940446019172668,-0.0041709900833666,-0.0377889424562454,1.0,0.104367509484291,-1.0,-1.0,-1.0,-1.0,-1.0,-1.0,-1.0,1.0,0.0,0.0,0.0,1.0,0.0,0.0,0.0,1.0,0.0,0.0,0.0
20260320_140411_268302,5,7,1.93333113193512,0.3486757576465606,-0.1699999999999999,-0.61,0.0,0.0119187237942242,1.6757041215896606,-1.0156662172448705,0.0,0.0,0.02,0.15,0.0,carpet,12345,2458048236,0,0,5,0,0,0,-0.6585566401481628,-0.5041850209236145,-0.8559927344322205,-0.9480944275856018,-0.5060873031616211,0.8708296418190002,0.3116610050201416,0.0130323413759469,-0.0337763428688049,1.0,0.1255947351455688,-1.0,-1.0,-1.0,-1.0,-1.0,-1.0,-1.0,1.0,0.0,0.0,0.0,1.0,0.0,0.0,0.0,1.0,0.0,0.0,0.0
20260320_140411_268302,5,8,1.870880365371704,0.3275179862976074,-0.1699999999999999,-0.78,0.0,0.5378833265694993,2.1157771348953247,-0.7767730136492901,0.0,0.0,0.02,0.15,0.0,carpet,12345,2458048236,0,0,5,0,0,0,-0.1106636002659797,0.4669619500637054,0.8048031330108643,0.7803875207901001,-0.2910947501659393,-0.4130365252494812,-0.3018386363983154,0.0272287372499704,-0.0189123023301363,1.0,0.1048980131745338,-1.0,-1.0,-1.0,-1.0,-1.0,-1.0,-1.0,1.0,0.0,0.0,0.0,1.0,0.0,0.0,0.0,1.0,0.0,0.0,0.0
20260320_140411_268302,5,9,1.868175029754639,0.3309131264686584,-0.1699999999999999,-0.95,0.0,0.3185339906508488,-0.3395140171051025,-0.4143173381521592,0.0,0.0,0.02,0.15,0.0,carpet,12345,2458048236,0,0,5,0,0,0,-0.0259873643517494,-0.6885156631469727,0.9156910181045532,0.2744218409061432,0.653810977935791,-0.4541748762130737,-0.2787069380283355,-0.0508346557617187,-0.0001446895330445,1.0,-0.1150349602103233,-1.0,-1.0,-1.0,-1.0,-1.0,-1.0,-1.0,1.0,0.0,0.0,0.0,1.0,0.0,0.0,0.0,1.0,0.0,0.0,0.0
20260320_140411_268302,5,10,1.866512656211853,0.3335070610046386,-0.1699999999999999,-1.12,0.0,0.174052129588631,-0.2593934535980224,-0.3746446136261738,0.0,0.0,0.02,0.15,0.0,carpet,12345,2458048236,0,0,5,0,0,0,-0.7310771346092224,0.0980782136321067,-0.9419435262680054,-0.8564293384552002,0.5465351343154907,-1.0,-0.1886898130178451,-0.0542163848876953,-0.0031562689691781,1.0,-0.1298524439334869,-1.0,-1.0,-1.0,-1.0,-1.0,-1.0,-1.0,1.0,0.0,0.0,0.0,1.0,0.0,0.0,0.0,1.0,0.0,0.0,0.0
20260320_140411_268302,5,11,1.911426067352295,0.3271690905094147,-0.1305649939314489,-1.2505649939314487,0.0,0.2889883595720732,0.6337970495223999,0.7887001213710221,0.0,0.0,0.02,0.1105649939314489,0.0,carpet,12345,2458048236,0,0,5,0,0,0,-0.613657534122467,-0.3459591567516327,-0.7496309876441956,0.8399820923805237,-0.1793913841247558,0.1034263521432876,0.5217246413230896,-0.0562944412231445,-0.0054571912623941,1.0,-0.1222803071141243,-1.0,-1.0,-1.0,-1.0,-1.0,-1.0,-1.0,1.0,0.0,0.0,0.0,1.0,0.0,0.0,0.0,1.0,0.0,0.0,0.0
20260320_140411_268302,5,12,1.9096873998641968,0.3200913667678833,-0.0837469553303688,-1.3343119492618176,0.0,0.3936843632173463,0.7077723741531372,1.725060893392623,0.0,0.0,0.02,0.0637469553303688,0.0,carpet,12345,2458048236,0,0,5,0,0,0,0.1335333287715912,-0.5160923004150391,-0.6236468553543091,-0.021191120147705,0.6074444055557251,0.1357661038637161,0.0586386807262897,-0.000152587890625,0.0001648229081183,0.9998351335525512,0.0525139197707176,-1.0,-1.0,-1.0,-1.0,-1.0,-1.0,-1.0,1.0,0.0,0.0,0.0,1.0,0.0,0.0,0.0,1.0,0.0,0.0,0.0
20260320_140411_268302,5,13,1.9018750190734863,0.3363620340824127,-0.089918062042592,-1.4242300113044095,0.0,-0.1115034104502399,-1.627066731452942,1.601638759148159,0.0,0.0,0.02,0.069918062042592,0.0,carpet,12345,2458048236,0,0,5,0,0,0,0.3625185489654541,-0.7930997610092163,-0.5760561227798462,0.5366846919059753,-0.972695767879486,-0.739513635635376,0.4714077115058899,-0.0023260116577148,0.0064429817721247,0.9935570359230042,-0.0012741490500047,-1.0,-1.0,-1.0,-1.0,-1.0,-1.0,-1.0,1.0,0.0,0.0,0.0,1.0,0.0,0.0,0.0,1.0,0.0,0.0,0.0
20260320_140411_268302,5,14,1.9122469425201416,0.3320334553718567,-0.1155828828747556,-1.5398128941791651,0.0,0.0245869099262279,0.432857871055603,1.0883423425048877,0.0,0.0,0.02,0.0955828828747556,0.0,carpet,12345,2458048236,0,0,5,0,0,0,0.6998798251152039,0.8713932037353516,-0.8350749015808105,-0.1488468945026397,-0.711859941482544,0.5709829926490784,0.0572098195552825,-0.012091445736587,-0.0079896301031112,1.0,0.0537124201655387,-1.0,-1.0,-1.0,-1.0,-1.0,-1.0,-1.0,1.0,0.0,0.0,0.0,1.0,0.0,0.0,0.0,1.0,0.0,0.0,0.0
20260320_140411_268302,5,15,1.886411190032959,0.3286314606666565,-0.1263350799035646,-1.66614797408273,0.0,0.1034900500746687,0.3401994705200195,0.8732984019287073,0.0,0.0,0.02,0.1063350799035646,0.0,carpet,12345,2458048236,0,0,5,0,0,0,0.0776385217905044,-0.4116735756397247,0.7293403744697571,-0.6216831207275391,-0.7795062065124512,0.3178623616695404,-0.4192433059215545,0.0008735656738281,-0.0041500451043248,1.0,0.0313712805509567,-1.0,-1.0,-1.0,-1.0,-1.0,-1.0,-1.0,1.0,0.0,0.0,0.0,1.0,0.0,0.0,0.0,1.0,0.0,0.0,0.0
20260320_140411_268302,5,16,1.7893632650375366,0.3731911778450012,-0.1699999999999999,-1.83614797408273,0.0,-1.0363753919025953,-4.455971717834473,-0.337129119562519,0.0,0.0,0.02,0.15,0.0,carpet,12345,2458048236,0,0,5,0,0,0,0.3786738514900207,0.4895484447479248,0.4336318969726562,-0.5854881405830383,0.9204490184783936,-0.875084400177002,-0.7251864075660706,-0.0314212813973426,-0.0011323749786242,1.0,-0.0453228913247585,-1.0,-1.0,-1.0,-1.0,-1.0,-1.0,-1.0,1.0,0.0,0.0,0.0,1.0,0.0,0.0,0.0,1.0,0.0,0.0,0.0
20260320_140411_268302,5,17,1.7958976030349731,0.3572575449943542,-0.1699999999999999,-2.00614797408273,0.0,-0.3789407226607864,1.5933632850646973,-1.0050582017953786,0.0,0.0,0.02,0.15,0.0,carpet,12345,2458048236,0,0,5,0,0,0,0.5858333706855774,0.4794158637523651,-0.5323315262794495,0.963054656982422,0.1476528942584991,-0.8334438800811768,-0.0371244922280311,-0.1527311354875564,-0.0406582653522491,1.0,-0.2857007980346679,-1.0,-1.0,-1.0,-1.0,-1.0,-1.0,-1.0,1.0,0.0,0.0,0.0,1.0,0.0,0.0,0.0,1.0,0.0,0.0,0.0
20260320_140411_268302,5,18,1.8116143941879272,0.3454417884349823,-0.1699999999999999,-2.17614797408273,0.0,0.0111883719887089,1.1815756559371948,-1.387554193024016,0.0,0.0,0.02,0.15,0.0,carpet,12345,2458048236,0,0,5,0,0,0,0.1015363410115242,-0.1999647617340088,-0.6689721941947937,0.4898604154586792,-0.2896057367324829,-0.444593071937561,0.2897074818611145,-0.1445631086826324,-0.0265246108174324,1.0,-0.1906560510396957,-1.0,-1.0,-1.0,-1.0,-1.0,-1.0,-1.0,1.0,0.0,0.0,0.0,1.0,0.0,0.0,0.0,1.0,0.0,0.0,0.0
20260320_140411_268302,5,19,1.9012261629104612,0.3243143260478973,-0.1699999999999999,-2.34614797408273,0.0,0.5365778386686486,2.112746238708496,-0.7394729439051275,0.0,0.0,0.02,0.15,0.0,carpet,12345,2458048236,0,0,5,0,0,0,-0.6725894808769226,-0.8161818385124207,-0.5578910708427429,-0.019551845267415,0.5271618366241455,0.5793957114219666,0.6405519843101501,-0.1249172240495681,-0.0160436537116765,1.0,-0.1179270446300506,-1.0,-1.0,-1.0,-1.0,-1.0,-1.0,-1.0,1.0,0.0,0.0,0.0,1.0,0.0,0.0,0.0,1.0,0.0,0.0,0.0
20260320_140411_268302,5,20,1.7888811826705933,0.3490518927574157,-0.1699999999999999,-2.5161479740827297,0.0,-0.2160057887364672,-2.4737566709518437,-0.9800656425678228,0.0,0.0,0.02,0.15,0.0,carpet,12345,2458048236,0,0,5,0,0,0,0.2548286616802215,0.1380952596664428,0.2741330564022064,0.9712927341461182,-0.7268264293670654,-0.0508545748889446,-0.8652319312095642,-0.0129024507477879,0.0026970927137881,0.9973028898239136,0.077731929719448,-1.0,-1.0,-1.0,-1.0,-1.0,-1.0,-1.0,1.0,0.0,0.0,0.0,1.0,0.0,0.0,0.0,1.0,0.0,0.0,0.0
20260320_140411_268302,5,21,1.95563006401062,0.3812657296657562,-0.1699999999999999,-2.6861479740827297,0.0,-0.9673502642608582,-3.2213836908340454,-2.0509059569033496,0.0,0.0,0.02,0.15,0.0,carpet,12345,2458048236,0,0,5,0,0,0,-0.841644287109375,-0.9079887270927428,0.8561219573020935,0.85249263048172,-0.8379326462745667,0.7144896388053894,0.7438119053840637,-0.1533336639404297,-0.0192459411919116,1.0,-0.2611202597618103,-1.0,-1.0,-1.0,-1.0,-1.0,-1.0,-1.0,1.0,0.0,0.0,0.0,1.0,0.0,0.0,0.0,1.0,0.0,0.0,0.0
20260320_140411_268302,5,22,1.9671854972839355,0.3973730206489563,-0.1699999999999999,-2.8561479740827296,0.0,-1.1281949727756455,-1.610729098320007,-2.1427255377764,0.0,0.0,0.02,0.15,0.0,carpet,12345,2458048236,0,0,5,0,0,0,-0.5923259258270264,0.8353754281997681,-0.1836233884096145,-0.781116247177124,-0.5611748695373535,0.790975034236908,0.8858029842376709,0.0551023483276367,-0.0478206351399421,1.0,0.1969865411520004,-1.0,-1.0,-1.0,-1.0,-1.0,-1.0,-1.0,1.0,0.0,0.0,0.0,1.0,0.0,0.0,0.0,1.0,0.0,0.0,0.0
20260320_140411_268302,5,23,1.94700026512146,0.3423789143562317,-0.1699999999999999,-3.026147974082729,0.0,0.5287064277363811,5.499410629272461,-1.2350783873792324,0.0,0.0,0.02,0.15,0.0,carpet,12345,2458048236,0,0,5,0,0,0,-0.8547993302345276,-0.693687915802002,0.2267113178968429,0.8260999917984009,0.9141935110092164,-0.1549909859895706,0.6018439531326294,0.0695466995239257,-0.0621083229780197,1.0,0.2919955849647522,-1.0,-1.0,-1.0,-1.0,-1.0,-1.0,-1.0,1.0,0.0,0.0,0.0,1.0,0.0,0.0,0.0,1.0,0.0,0.0,0.0
20260320_140411_268302,5,24,1.905890226364136,0.3185735940933227,-0.1699999999999999,-3.196147974082729,0.0,0.9916628273750092,2.3805320262908936,-0.2546039319929321,0.0,0.0,0.02,0.15,0.0,carpet,12345,2458048236,0,0,5,0,0,0,-0.3519962728023529,-0.4150304496288299,-0.3050362169742584,-0.9469602108001708,0.7007004022598267,-0.5585656762123108,0.0029914309270679,0.0443151481449604,-0.0133267994970083,1.0,0.1751263588666916,-1.0,-1.0,-1.0,-1.0,-1.0,-1.0,-1.0,1.0,0.0,0.0,0.0,1.0,0.0,0.0,0.0,1.0,0.0,0.0,0.0
20260320_140411_268302,5,25,1.943410873413086,0.3454343974590301,-0.1699999999999999,-3.3661479740827294,0.0,0.0722270363885684,-2.68608033657074,-0.7189547342730123,0.0,0.0,0.02,0.15,0.0,carpet,12345,2458048236,0,0,5,0,0,0,-0.6508240699768066,-0.0192018970847129,0.2046108990907669,-0.2881267964839935,-0.2204299420118332,0.881410539150238,0.4982017576694488,-0.0070724487304687,0.0077892947010695,0.9922107458114624,0.0180021189153194,-1.0,-1.0,-1.0,-1.0,-1.0,-1.0,-1.0,1.0,0.0,0.0,0.0,1.0,0.0,0.0,0.0,1.0,0.0,0.0,0.0
20260320_140411_268302,5,26,1.919797420501709,0.3141336739063263,-0.1533130289713757,-3.519461003054105,0.0,0.8366883661090299,3.1300723552703857,0.3337394205724848,0.0,0.0,0.02,0.1333130289713757,0.0,carpet,12345,2458048236,0,0,5,0,0,0,0.406241774559021,-0.3931110203266144,0.7446104288101196,0.4527792632579803,0.8168943524360657,-0.5672460794448853,0.4423672258853912,0.0398284904658794,-0.0160370897501707,1.0,0.1958244889974594,-1.0,-1.0,-1.0,-1.0,-1.0,-1.0,-1.0,1.0,0.0,0.0,0.0,1.0,0.0,0.0,0.0,1.0,0.0,0.0,0.0
20260320_140411_268302,5,27,1.906955361366272,0.3134250938892364,-0.0726839770078829,-3.592144980061988,0.0,0.6452307750089972,0.0708580017089843,1.9463204598423405,0.0,0.0,0.02,0.0526839770078829,0.0,carpet,12345,2458048236,0,0,5,0,0,0,-0.5975550413131714,0.37813201546669,-0.3926371335983276,0.7606934905052185,0.7174142599105835,-0.7760235071182251,0.2820258140563965,0.0103115085512399,0.0117276348173618,0.9882723689079284,0.0826553478837013,-1.0,-1.0,-1.0,-1.0,-1.0,-1.0,-1.0,1.0,0.0,0.0,0.0,1.0,0.0,0.0,0.0,1.0,0.0,0.0,0.0
20260320_140411_268302,5,28,1.8738598823547363,0.31423220038414,-0.02,-3.612144980061988,0.0,0.463745418884173,-0.0807106494903564,3.5382608515021587,0.0,0.0,0.02,0.0,0.0,carpet,12345,2458048236,0,0,5,0,0,0,0.9497716426849364,0.9143969416618348,-0.835646390914917,-0.4643092751502991,0.689261794090271,-0.2067519128322601,-0.5958292484283447,-0.0057409284636378,0.012356168590486,0.987643837928772,0.0381333753466606,-1.0,-1.0,-1.0,-1.0,-1.0,-1.0,-1.0,1.0,0.0,0.0,0.0,1.0,0.0,0.0,0.0,1.0,0.0,0.0,0.0
20260320_140411_268302,5,29,1.9135115146636963,0.3165364265441894,-0.02,-3.632144980061988,0.0,0.2902034101618937,-0.2304226160049438,3.2997578339276714,0.0,0.0,0.02,0.0,0.0,carpet,12345,2458048236,0,0,5,0,0,0,-0.7746492028236389,0.7855015397071838,-0.1478961408138275,-0.6713626384735107,-0.870229184627533,-0.4324611723423004,0.6837621331214905,-0.0471103675663471,0.0116402497515082,0.9883597493171692,-0.122336633503437,-1.0,-1.0,-1.0,-1.0,-1.0,-1.0,-1.0,1.0,0.0,0.0,0.0,1.0,0.0,0.0,0.0,1.0,0.0,0.0,0.0
20260320_140411_268302,5,30,1.8768752813339236,0.2988071143627167,-0.0215509815644549,-3.6536959616264433,0.0,0.6608853621582398,1.7729312181472778,2.968980368710902,0.0,0.0,0.02,0.0015509815644549,0.0,carpet,12345,2458048236,0,0,5,0,0,0,-0.7823230624198914,0.5569406151771545,-0.1408299654722213,0.6520914435386658,-0.7750828862190247,-0.6510560512542725,0.3232931196689605,0.0024541853927075,0.0095963235944509,0.990403652191162,0.1269502192735672,-1.0,-1.0,-1.0,-1.0,-1.0,-1.0,-1.0,1.0,0.0,0.0,0.0,1.0,0.0,0.0,0.0,1.0,0.0,0.0,0.0
20260320_140411_268302,5,31,1.935834646224976,0.3235110342502594,-0.031259032162377,-3.684954993788821,0.0,-0.121933975569874,-2.4703919887542725,2.7748193567524595,0.0,0.0,0.02,0.011259032162377,0.0,carpet,12345,2458048236,0,0,5,0,0,0,0.7741486430168152,0.6230634450912476,-0.6487225890159607,-0.1807395815849304,0.7175592184066772,0.1429804563522339,0.8075637221336365,-0.0433410629630088,0.025322800502181,0.9746771454811096,0.0248699709773063,-1.0,-1.0,-1.0,-1.0,-1.0,-1.0,-1.0,1.0,0.0,0.0,0.0,1.0,0.0,0.0,0.0,1.0,0.0,0.0,0.0
20260320_140411_268302,5,32,1.939898133277893,0.32008758187294,-0.0733866590800507,-3.758341652868871,0.0,-0.0058641722444434,0.3423452377319336,1.9322668183989864,0.0,0.0,0.02,0.0533866590800506,0.0,carpet,12345,2458048236,0,0,5,0,0,0,-0.9201539754867554,0.2069295942783355,-0.2055649906396865,-0.4439602494239807,-0.7345661520957947,0.3653621971607208,0.5612120032310486,0.0303581245243549,0.0034096108283847,0.9965903759002686,0.1843840777873993,-1.0,-1.0,-1.0,-1.0,-1.0,-1.0,-1.0,1.0,0.0,0.0,0.0,1.0,0.0,0.0,0.0,1.0,0.0,0.0,0.0
20260320_140411_268302,5,33,1.9350558519363403,0.3229416608810425,-0.109435703049795,-3.8677773559186654,0.0,-0.0757501043858894,-0.2854079008102417,1.2112859390040995,0.0,0.0,0.02,0.089435703049795,0.0,carpet,12345,2458048236,0,0,5,0,0,0,0.0518890284001827,0.1803457736968994,-0.1197814047336578,-0.5775202512741089,-0.7334791421890259,-0.7707257270812988,0.6441370844841003,0.0354373939335346,0.0064463317394256,0.9935536980628968,0.1801893562078476,-1.0,-1.0,-1.0,-1.0,-1.0,-1.0,-1.0,1.0,0.0,0.0,0.0,1.0,0.0,0.0,0.0,1.0,0.0,0.0,0.0
20260320_140411_268302,5,34,1.909161925315857,0.3014053702354431,-0.1085432396014749,-3.9763205955201415,0.0,0.4815946878505741,2.1536290645599365,1.229135207970501,0.0,0.0,0.02,0.0885432396014749,0.0,carpet,12345,2458048236,0,0,5,0,0,0,-0.0782132446765899,-0.5777484178543091,-0.8212649822235107,-0.9748094081878662,0.0235042814165353,0.547555685043335,-0.252652108669281,0.0293846130371093,0.0039146710187196,0.9960853457450868,0.2031142711639404,-1.0,-1.0,-1.0,-1.0,-1.0,-1.0,-1.0,1.0,0.0,0.0,0.0,1.0,0.0,0.0,0.0,1.0,0.0,0.0,0.0
20260320_140411_268302,5,35,1.920659065246582,0.3083698749542236,-0.1136992402136489,-4.090019835733791,0.0,0.1870833979184141,-0.6964504718780518,1.126015195727021,0.0,0.0,0.02,0.0936992402136489,0.0,carpet,12345,2458048236,0,0,5,0,0,0,-0.7698835730552673,0.1254834085702896,0.990329086780548,-0.4977770447731018,-0.5888602137565613,0.5606674551963806,0.1952456831932068,-0.0029827118851244,0.0230180546641349,0.9769819378852844,0.0299996268004179,-1.0,-1.0,-1.0,-1.0,-1.0,-1.0,-1.0,1.0,0.0,0.0,0.0,1.0,0.0,0.0,0.0,1.0,0.0,0.0,0.0
20260320_140411_268302,5,36,1.85457181930542,0.3091343641281128,-0.1406834923669817,-4.230703328100772,0.0,0.1212003190915851,-0.076448917388916,0.5863301526603664,0.0,0.0,0.02,0.1206834923669816,0.0,carpet,12345,2458048236,0,0,5,0,0,0,-0.1781583428382873,0.1571933627128601,0.9092080593109132,0.6635485887527466,-0.6274983286857605,0.5744081735610962,-0.8452845811843872,0.0113885877653956,0.0168403256684541,0.9831597208976746,0.0984139069914817,-1.0,-1.0,-1.0,-1.0,-1.0,-1.0,-1.0,1.0,0.0,0.0,0.0,1.0,0.0,0.0,0.0,1.0,0.0,0.0,0.0
20260320_140411_268302,5,37,1.8966625928878784,0.3163117170333862,-0.1390134727541462,-4.369716800854919,0.0,-0.0885335833131648,-0.7177352905273438,0.6197305449170756,0.0,0.0,0.02,0.1190134727541462,0.0,carpet,12345,2458048236,0,0,5,0,0,0,-0.6964649558067322,-0.5913437008857727,-1.0,0.8660169243812561,-0.0433017909526824,-0.6090954542160034,0.9493104815483092,-0.0712203979492187,0.0161621868610382,0.9838378429412842,-0.146570548415184,-1.0,-1.0,-1.0,-1.0,-1.0,-1.0,-1.0,1.0,0.0,0.0,0.0,1.0,0.0,0.0,0.0,1.0,0.0,0.0,0.0
20260320_140411_268302,5,38,1.8405848741531368,0.2934117913246155,-0.1134153663802028,-4.483132167235121,0.0,0.5060979552344236,2.289992570877075,1.1316926723959426,0.0,0.0,0.02,0.0934153663802028,0.0,carpet,12345,2458048236,0,0,5,0,0,0,0.4787631928920746,-0.2121119350194931,-0.2836090624332428,0.1870711743831634,0.0599190816283226,-0.976089894771576,0.0494044050574302,-0.0186069495975971,0.0097956443205475,0.9902043342590332,0.1101422756910324,-1.0,-1.0,-1.0,-1.0,-1.0,-1.0,-1.0,1.0,0.0,0.0,0.0,1.0,0.0,0.0,0.0,1.0,0.0,0.0,0.0
20260320_140411_268302,5,39,1.890156388282776,0.3009289801120758,-0.1000456738239439,-4.583177841059065,0.0,0.1916437467392882,-0.7517188787460327,1.3990865235211205,0.0,0.0,0.02,0.0800456738239439,0.0,carpet,12345,2458048236,0,0,5,0,0,0,0.8293020129203796,-0.2062448412179947,0.7477663159370422,0.2871809601783752,-0.1995275467634201,-0.2579890191555023,0.9754090905189514,-0.0887041091918945,0.0301086194813251,0.969891369342804,-0.0746412277221679,-1.0,-1.0,-1.0,-1.0,-1.0,-1.0,-1.0,1.0,0.0,0.0,0.0,1.0,0.0,0.0,0.0,1.0,0.0,0.0,0.0
20260320_140411_268302,5,40,1.8803054094314573,0.3053097128868103,-0.1224146836821671,-4.705592524741232,0.0,0.0342144906861108,-0.4380732774734497,0.951706326356657,0.0,0.0,0.02,0.1024146836821671,0.0,carpet,12345,2458048236,0,0,5,0,0,0,0.8062744736671448,-0.6734185814857483,0.4376109838485718,0.763757050037384,-0.9064128398895264,-0.658241868019104,0.7831388711929321,-0.0267396923154592,0.0234406348317861,0.9765593409538268,0.1374522298574447,-1.0,-1.0,-1.0,-1.0,-1.0,-1.0,-1.0,1.0,0.0,0.0,0.0,1.0,0.0,0.0,0.0,1.0,0.0,0.0,0.0
20260320_140411_268302,5,41,1.9163678884506223,0.288359522819519,-0.1092980725932446,-4.814890597334476,0.0,0.4494156196968646,1.695019006729126,1.2140385481351077,0.0,0.0,0.02,0.0892980725932446,0.0,carpet,12345,2458048236,0,0,5,0,0,0,-0.07992684841156,-0.801228940486908,-0.7227033376693726,-0.7864890694618225,0.4499030709266662,0.6098842620849609,0.411100834608078,-0.0390533432364463,0.0195547770708799,0.9804452657699584,0.1025345847010612,-1.0,-1.0,-1.0,-1.0,-1.0,-1.0,-1.0,1.0,0.0,0.0,0.0,1.0,0.0,0.0,0.0,1.0,0.0,0.0,0.0
20260320_140411_268302,5,42,1.8878475427627563,0.2872247099876404,-0.0970864867693433,-4.911977084103819,0.0,0.3654320355696114,0.1134812831878662,1.4582702646131338,0.0,0.0,0.02,0.0770864867693433,0.0,carpet,12345,2458048236,0,0,5,0,0,0,-0.6028783321380615,-0.7961963415145874,-0.3976750373840332,-0.0769069567322731,0.4716577529907226,0.881091833114624,-0.5792856812477112,0.0060247420333325,0.0345901399850845,0.9654098749160768,0.1268242001533508,-1.0,-1.0,-1.0,-1.0,-1.0,-1.0,-1.0,1.0,0.0,0.0,0.0,1.0,0.0,0.0,0.0,1.0,0.0,0.0,0.0
20260320_140411_268302,5,43,2.009773015975952,0.3583532571792602,-0.1678667902593492,-5.079843874363169,0.0,-1.504139653113285,-7.112854719161987,0.0426641948130139,0.0,0.0,0.02,0.1478667902593493,0.0,carpet,12345,2458048236,0,0,5,0,0,0,-0.5466257929801941,-0.8409502506256104,0.3036113679409027,0.8365395069122314,0.9083871245384216,0.8193894624710083,0.5460307002067566,-0.0296257026493549,0.0355967544019222,0.96440327167511,-0.0297317244112491,-1.0,-1.0,-1.0,-1.0,-1.0,-1.0,-1.0,1.0,0.0,0.0,0.0,1.0,0.0,0.0,0.0,1.0,0.0,0.0,0.0
20260320_140411_268302,5,44,1.996769666671753,0.3399917185306549,-0.1699999999999999,-5.249843874363169,0.0,-0.6690662736198334,1.836153864860535,-1.132500034041243,0.0,0.0,0.02,0.15,0.0,carpet,12345,2458048236,0,0,5,0,0,0,0.8400083184242249,-0.7516985535621643,-0.3343901932239532,0.2490244209766388,-0.1047796905040741,0.901450514793396,-0.0727340951561927,0.1227809935808181,-0.0274965614080429,1.0,0.2779601812362671,-1.0,-1.0,-1.0,-1.0,-1.0,-1.0,-1.0,1.0,0.0,0.0,0.0,1.0,0.0,0.0,0.0,1.0,0.0,0.0,0.0
20260320_140411_268302,5,45,1.995643615722656,0.3397537767887115,-0.1699999999999999,-5.419843874363169,0.0,-0.4958511616662804,0.0237941741943359,-1.819994942446812,0.0,0.0,0.02,0.15,0.0,carpet,12345,2458048236,0,0,5,0,0,0,-0.9260317087173462,-0.4801298975944519,-0.8924604654312134,-0.2493324726819992,0.8347584009170532,1.0,-0.1579418629407882,0.1065269485116005,-0.0112092765048146,1.0,0.1750678867101669,-1.0,-1.0,-1.0,-1.0,-1.0,-1.0,-1.0,1.0,0.0,0.0,0.0,1.0,0.0,0.0,0.0,1.0,0.0,0.0,0.0
20260320_140411_268302,5,46,2.0004539489746094,0.3570348918437958,-0.1720281863421804,-5.59187206070535,0.0,-0.8039162476268302,-1.7281115055084229,-2.6581256807597526,0.0,0.0405637268436091,0.02,0.15,0.0,carpet,12345,2458048236,0,0,5,0,0,0,-0.1252586394548416,-0.5492082238197327,-1.0,-0.4873137474060058,0.213110476732254,-1.0,0.6357892155647278,0.1051193252205848,-0.0109981978312134,1.0,0.147419735789299,-1.0,-1.0,-1.0,-1.0,-1.0,-1.0,-1.0,1.0,0.0,0.0,0.0,1.0,0.0,0.0,0.0,1.0,0.0,0.0,0.0
20260320_140411_268302,5,47,1.9689345359802248,0.3006583750247955,-0.1719534187087662,-5.763825479414116,0.0,0.8064757347548976,5.637651681900024,-2.30106556570172,0.0,0.0390683741753258,0.02,0.15,0.0,carpet,12345,2458048236,0,0,5,0,0,0,-0.6999931335449219,-0.2658745944499969,-0.6501550674438477,0.4314976036548614,-0.0707414001226425,-0.7983400225639343,0.2135540544986724,0.1111322417855262,-0.0263270996510982,1.0,0.301675796508789,-1.0,-1.0,-1.0,-1.0,-1.0,-1.0,-1.0,1.0,0.0,0.0,0.0,1.0,0.0,0.0,0.0,1.0,0.0,0.0,0.0
20260320_140411_268302,5,48,1.927769422531128,0.2954012155532837,-0.1699999999999999,-5.933825479414116,0.0,0.7362857878539586,0.5257159471511841,-1.9302118134173725,0.0,0.0,0.02,0.15,0.0,carpet,12345,2458048236,0,0,5,0,0,0,0.8288741111755371,-0.7855122089385986,-0.1282519549131393,-0.5623750686645508,-0.7922835350036621,0.8821330070495605,-0.791624128818512,0.0717329010367393,0.0236806627362966,0.9763193726539612,0.1686681061983108,-1.0,-1.0,-1.0,-1.0,-1.0,-1.0,-1.0,1.0,0.0,0.0,0.0,1.0,0.0,0.0,0.0,1.0,0.0,0.0,0.0
20260320_140411_268302,5,49,1.9775646924972532,0.3201994001865387,-0.1715403254617399,-6.105365804875856,0.0,-0.0677402749409026,-2.4798184633255005,-0.4938124352449904,0.0,0.0308065092347988,0.02,0.15,0.0,carpet,12345,2458048236,0,0,5,0,0,0,0.6343427300453186,0.689849317073822,0.1951377540826797,0.0343365892767906,0.2210753709077835,0.494137167930603,0.9071150422096252,0.020276641473174,0.0283439382910728,0.971656084060669,-0.0173364840447902,-1.0,-1.0,-1.0,-1.0,-1.0,-1.0,-1.0,1.0,0.0,0.0,0.0,1.0,0.0,0.0,0.0,1.0,0.0,0.0,0.0
20260320_140411_268302,5,50,1.9477595090866089,0.2933245599269867,-0.1301840180671018,-6.235549822942957,0.0,0.6210658002831195,2.6874840259552,0.7963196386579625,0.0,0.0,0.02,0.1101840180671018,0.0,carpet,12345,2458048236,0,0,5,0,0,0,-0.0037091227713972,-0.1094511896371841,0.0024296366609632,-0.8025863170623779,0.7937679290771484,0.8646315336227417,-0.4626361131668091,0.0825206786394119,0.0063471538014709,0.993652880191803,0.2864742577075958,-1.0,-1.0,-1.0,-1.0,-1.0,-1.0,-1.0,1.0,0.0,0.0,0.0,1.0,0.0,0.0,0.0,1.0,0.0,0.0,0.0
20260320_140411_268302,5,51,1.923576831817627,0.2501375377178192,-0.0281177147117109,-6.263667537654668,0.0,1.545474905441537,4.318702220916748,2.83764570576578,0.0,0.0,0.02,0.0081177147117109,0.0,carpet,12345,2458048236,0,0,5,0,0,0,-0.6395634412765503,0.642422616481781,0.6564558744430542,-0.1598141938447952,-0.3987423479557037,-0.8731944561004639,-0.2869822978973388,0.0452642440795898,0.0301859900355339,0.9698140025138856,0.0441657900810241,-1.0,-1.0,-1.0,-1.0,-1.0,-1.0,-1.0,1.0,0.0,0.0,0.0,1.0,0.0,0.0,0.0,1.0,0.0,0.0,0.0
20260320_140411_268302,5,52,1.9149794578552248,0.2465385198593139,-0.02,-6.283667537654668,0.0,1.2490816255437809,0.3599017858505249,4.890643578936391,0.0,0.0,0.02,0.0,0.0,carpet,12345,2458048236,0,0,5,0,0,0,0.7400473356246948,0.1521291881799698,-0.7669137716293335,0.6675281524658203,0.9246668815612792,-0.3620337843894958,0.0279117487370967,0.0150358201935887,0.0684942677617073,0.9315057396888732,0.0327758230268955,-1.0,-1.0,-1.0,-1.0,-1.0,-1.0,-1.0,1.0,0.0,0.0,0.0,1.0,0.0,0.0,0.0,1.0,0.0,0.0,0.0
20260320_140411_268302,5,53,1.9211926460266116,0.2473905086517334,-0.02,-6.303667537654667,0.0,0.915511499347346,-0.0851988792419433,4.99967934352884,0.0,0.0,0.02,0.0,0.0,carpet,12345,2458048236,0,0,5,0,0,0,-0.6722883582115173,-0.4630661606788635,1.0,-0.5365592837333679,-0.6690394282341003,0.5788046717643738,-0.2095281332731247,0.0042890547774732,0.0716867074370384,0.9283133149147034,0.011179001070559,-1.0,-1.0,-1.0,-1.0,-1.0,-1.0,-1.0,1.0,0.0,0.0,0.0,1.0,0.0,0.0,0.0,1.0,0.0,0.0,0.0
20260320_140411_268302,5,54,1.9386615753173828,0.2413710951805114,-0.02,-6.323667537654667,0.0,0.8371189612910541,0.6019413471221924,5.100512516965935,0.0,0.0,0.02,0.0,0.0,carpet,12345,2458048236,0,0,5,0,0,0,0.640395998954773,-0.4432787597179413,0.3033398985862732,-0.0818075314164161,0.239452376961708,0.5522941946983337,0.1927866041660308,0.0120555879548192,0.07093096524477,0.9290690422058104,0.0212447252124547,-1.0,-1.0,-1.0,-1.0,-1.0,-1.0,-1.0,1.0,0.0,0.0,0.0,1.0,0.0,0.0,0.0,1.0,0.0,0.0,0.0
20260320_140411_268302,5,55,1.9028918743133545,0.2253007143735885,-0.02,-6.3436675376546665,0.0,1.0295987411413705,1.6070380806922913,6.197851533048208,0.0,0.0,0.02,0.0,0.0,carpet,12345,2458048236,0,0,5,0,0,0,-0.6298438310623169,0.490295261144638,0.4693846404552459,0.0350245609879493,0.791175365447998,0.0480008721351623,-0.4471544921398163,0.0338916778564453,0.0762703865766525,0.9237295985221864,0.0895886197686195,-1.0,-1.0,-1.0,-1.0,-1.0,-1.0,-1.0,1.0,0.0,0.0,0.0,1.0,0.0,0.0,0.0,1.0,0.0,0.0,0.0
20260320_140411_268302,5,56,1.9781007766723635,0.2600027024745941,-0.02,-6.363667537654666,0.0,-0.095350646669118,-3.4701988101005554,5.481435086095971,0.0,0.0,0.02,0.0,0.0,carpet,12345,2458048236,0,0,5,0,0,0,-1.0,-0.741582989692688,0.2382204681634903,0.479800283908844,-0.1105753928422927,0.7480273246765137,0.5379507541656494,-0.0108203887939453,0.0905253291130065,0.9094747304916382,-0.0760784074664115,-1.0,-1.0,-1.0,-1.0,-1.0,-1.0,-1.0,1.0,0.0,0.0,0.0,1.0,0.0,0.0,0.0,1.0,0.0,0.0,0.0
20260320_140411_268302,5,57,1.97931706905365,0.2589075565338135,-0.02,-6.383667537654666,0.0,-0.0441343364823154,0.1095145940780639,3.891825844172118,0.0,0.0,0.02,0.0,0.0,carpet,12345,2458048236,0,0,5,0,0,0,-0.9873890280723572,0.8711530566215515,-0.9837300777435304,0.1745801866054535,0.5776188969612122,0.3344670832157135,0.4956472814083099,0.0831907242536544,0.059743545949459,0.9402564764022828,0.1733380854129791,-1.0,-1.0,-1.0,-1.0,-1.0,-1.0,-1.0,1.0,0.0,0.0,0.0,1.0,0.0,0.0,0.0,1.0,0.0,0.0,0.0
20260320_140411_268302,5,58,1.9466493129730225,0.2317673116922378,-0.02,-6.403667537654665,0.0,0.6454053686776433,2.7140244841575623,3.2881495873059805,0.0,0.0,0.02,0.0,0.0,carpet,12345,2458048236,0,0,5,0,0,0,-0.6282577514648438,-0.66175776720047,-0.7335016131401062,0.3432705998420715,-0.900036096572876,-0.5275517106056213,0.1222790852189064,0.0847110748291015,0.0607149899005889,0.9392849802970886,0.1735438257455825,-1.0,-1.0,-1.0,-1.0,-1.0,-1.0,-1.0,1.0,0.0,0.0,0.0,1.0,0.0,0.0,0.0,1.0,0.0,0.0,0.0
20260320_140411_268302,5,59,1.942292332649231,0.2351031601428985,-0.0313352048399818,-6.435002742494647,0.0,0.400657815241729,-0.3335848450660705,2.7732959032003635,0.0,0.0,0.02,0.0113352048399818,0.0,carpet,12345,2458048236,0,0,5,0,0,0,0.2852075695991516,0.6530877947807312,-0.3774072527885437,0.2127358615398407,0.325902909040451,0.89543217420578,-0.3444462418556213,0.0438764579594135,0.084789253771305,0.9152107238769532,0.0850857198238372,-1.0,-1.0,-1.0,-1.0,-1.0,-1.0,-1.0,1.0,0.0,0.0,0.0,1.0,0.0,0.0,0.0,1.0,0.0,0.0,0.0
20260320_140411_268302,5,60,1.9531809091567995,0.2519029080867767,-0.0791661697628175,-6.514168912257465,0.0,-0.1195003371656611,-1.6799747943878174,1.816676604743648,0.0,0.0,0.02,0.0591661697628175,0.0,carpet,12345,2458048236,0,0,5,0,0,0,-0.7080290913581848,-0.907181978225708,-0.1498234272003173,-0.0236842036247253,-0.7800377011299133,-1.0,0.8232302069664001,0.0384302139282226,0.0818302407860755,0.9181697368621826,-0.0008063478744588,-1.0,-1.0,-1.0,-1.0,-1.0,-1.0,-1.0,1.0,0.0,0.0,0.0,1.0,0.0,0.0,0.0,1.0,0.0,0.0,0.0
20260320_140411_268302,5,61,1.872758388519287,0.2084712982177734,-0.0808378571273448,-6.59500676938481,0.0,0.996164993850826,4.34316098690033,1.7832428574531036,0.0,0.0,0.02,0.0608378571273448,0.0,carpet,12345,2458048236,0,0,5,0,0,0,0.0145300179719924,0.2553006112575531,0.7642222046852112,-0.2048376649618148,-0.2420971542596817,-0.5457537770271301,0.0099640078842639,0.0520408637821674,0.0669283345341682,0.9330716729164124,0.1990138590335846,-1.0,-1.0,-1.0,-1.0,-1.0,-1.0,-1.0,1.0,0.0,0.0,0.0,1.0,0.0,0.0,0.0,1.0,0.0,0.0,0.0
20260320_140411_268302,5,62,1.865849494934082,0.212798610329628,-0.0441232776643009,-6.639130047049111,0.0,0.6389409425917592,-0.4327312111854553,2.517534446713981,0.0,0.0,0.02,0.0241232776643009,0.0,carpet,12345,2458048236,0,0,5,0,0,0,-0.8065118789672852,-0.5588928461074829,-0.2482466697692871,-0.2251130193471908,0.5439035296440125,0.387364000082016,-0.4221945703029632,-0.0484872832894325,0.1054535657167434,0.8945464491844177,-0.0168467834591865,-1.0,-1.0,-1.0,-1.0,-1.0,-1.0,-1.0,1.0,0.0,0.0,0.0,1.0,0.0,0.0,0.0,1.0,0.0,0.0,0.0
20260320_140411_268302,5,63,1.883758902549744,0.2068604528903961,-0.02,-6.659130047049111,0.0,0.6276596429246268,0.5938157439231873,3.189328426120923,0.0,0.0,0.02,0.0,0.0,carpet,12345,2458048236,0,0,5,0,0,0,0.2675284743309021,0.3301566839218139,-0.1606956720352172,-0.9100115299224854,-0.5803351402282715,-0.1367167383432388,0.0445470251142978,-0.0571233741939067,0.1016150936484336,0.8983849287033081,-0.0974249616265297,-1.0,-1.0,-1.0,-1.0,-1.0,-1.0,-1.0,1.0,0.0,0.0,0.0,1.0,0.0,0.0,0.0,1.0,0.0,0.0,0.0
20260320_140411_268302,5,64,1.8986395597457888,0.2098397612571716,-0.022990745976632,-6.682120793025742,0.0,0.3962620230240787,-0.2979308366775512,2.9401850804673586,0.0,0.0,0.02,0.002990745976632,0.0,carpet,12345,2458048236,0,0,5,0,0,0,-0.4150702357292175,0.4568158984184265,-0.3346107900142669,0.8013749122619629,0.3733764290809631,0.6852307319641113,0.1773534715175628,-0.0347366333007812,0.1068824380636215,0.8931175470352173,0.0020404027309268,-1.0,-1.0,-1.0,-1.0,-1.0,-1.0,-1.0,1.0,0.0,0.0,0.0,1.0,0.0,0.0,0.0,1.0,0.0,0.0,0.0
20260320_140411_268302,5,65,1.9308946132659912,0.2382001429796219,-0.0636142880283789,-6.7457350810541215,0.0,-0.411813025793208,-2.8360381722450256,2.1277142394324216,0.0,0.0,0.02,0.0436142880283789,0.0,carpet,12345,2458048236,0,0,5,0,0,0,-0.0002166506310459,0.6434279084205627,-0.9942365884780884,0.5920535922050476,-0.2731053233146667,0.3574801683425903,0.6460933685302734,-0.0161357875913381,0.1042396873235702,0.8957602977752686,0.0259873941540718,-1.0,-1.0,-1.0,-1.0,-1.0,-1.0,-1.0,1.0,0.0,0.0,0.0,1.0,0.0,0.0,0.0,1.0,0.0,0.0,0.0
20260320_140411_268302,5,66,1.9102882146835327,0.2316468358039856,-0.0648906256677958,-6.810625706721917,0.0,-0.1450270899539987,0.6553307175636292,2.102187486644084,0.0,0.0,0.02,0.0448906256677958,0.0,carpet,12345,2458048236,0,0,5,0,0,0,0.2807769477367401,-0.9446749091148376,-1.0,-0.060918815433979,0.920263409614563,-0.5612226724624634,0.4453582167625427,0.0241830833256244,0.079083114862442,0.9209168553352356,0.1464250981807708,-1.0,-1.0,-1.0,-1.0,-1.0,-1.0,-1.0,1.0,0.0,0.0,0.0,1.0,0.0,0.0,0.0,1.0,0.0,0.0,0.0
20260320_140411_268302,5,67,1.9063245058059688,0.2281867712736129,-0.1158123105706455,-6.926438017292563,0.0,-0.0222687042061693,0.3460064530372619,1.0837537885870887,0.0,0.0,0.02,0.0958123105706455,0.0,carpet,12345,2458048236,0,0,5,0,0,0,-0.944327712059021,0.3140570521354675,0.8599311113357544,0.8667908906936646,0.8306923508644104,-0.6531250476837158,0.3585326373577118,-0.0015748977893963,0.0848961099982261,0.9151039123535156,0.0865339711308479,-1.0,-1.0,-1.0,-1.0,-1.0,-1.0,-1.0,1.0,0.0,0.0,0.0,1.0,0.0,0.0,0.0,1.0,0.0,0.0,0.0
20260320_140411_268302,5,68,1.9227954149246216,0.2303956598043441,-0.1513555447713795,-7.077793562063943,0.0,-0.0719237414229212,-0.2208888530731201,0.3728891045724083,0.0,0.0,0.02,0.1313555447713795,0.0,carpet,12345,2458048236,0,0,5,0,0,0,-0.8653059601783752,0.5996643900871277,0.3842849135398865,-0.8319432735443115,-0.1644997894763946,0.4741545021533966,0.4104288518428802,-0.0065296171233057,0.0879653021693229,0.9120346903800964,0.0756409764289856,-1.0,-1.0,-1.0,-1.0,-1.0,-1.0,-1.0,1.0,0.0,0.0,0.0,1.0,0.0,0.0,0.0,1.0,0.0,0.0,0.0
20260320_140411_268302,5,69,1.9072508811950684,0.2170742303133011,-0.1687838803571655,-7.246577442421108,0.0,0.2790929312089076,1.332142949104309,0.0243223928566891,0.0,0.0,0.02,0.1487838803571655,0.0,carpet,12345,2458048236,0,0,5,0,0,0,-0.1073189452290535,0.4154751896858215,0.1447805762290954,-0.4705688059329986,0.0291151534765958,-0.4419486224651336,0.3232910931110382,0.0140590667724609,0.0860059484839439,0.913994073867798,0.129277229309082,-1.0,-1.0,-1.0,-1.0,-1.0,-1.0,-1.0,1.0,0.0,0.0,0.0,1.0,0.0,0.0,0.0,1.0,0.0,0.0,0.0
20260320_140411_268302,5,70,1.897669076919556,0.2106561064720153,-0.1699999999999999,-7.416577442421108,0.0,0.369772794438802,0.6418123841285706,-0.0021668357285875,0.0,0.0,0.02,0.15,0.0,carpet,12345,2458048236,0,0,5,0,0,0,-0.3039478063583374,0.2960525453090668,0.657963752746582,0.786465048789978,-0.0516735762357711,0.6198885440826416,-0.0298382099717855,-0.0053716660477221,0.0978224948048591,0.9021775126457214,0.1133058443665504,-1.0,-1.0,-1.0,-1.0,-1.0,-1.0,-1.0,1.0,0.0,0.0,0.0,1.0,0.0,0.0,0.0,1.0,0.0,0.0,0.0
20260320_140411_268302,5,71,1.9036952257156368,0.2124040126800537,-0.1378360934653611,-7.554413535886469,0.0,0.2336319406281575,-0.174790620803833,0.643278130692778,0.0,0.0,0.02,0.1178360934653611,0.0,carpet,12345,2458048236,0,0,5,0,0,0,-0.4341104030609131,-0.7890337705612183,-0.5277788043022156,0.8820961713790894,0.7658632397651672,-0.2256162911653518,0.5816081166267395,-0.0173488613218069,0.1035155653953552,0.8964844346046448,0.0378822721540927,-1.0,-1.0,-1.0,-1.0,-1.0,-1.0,-1.0,1.0,0.0,0.0,0.0,1.0,0.0,0.0,0.0,1.0,0.0,0.0,0.0
20260320_140411_268302,5,72,1.9057551622390747,0.2124574035406112,-0.1218902797698032,-7.676303815656272,0.0,0.1738891839571579,-0.0053390860557556,0.9621944046039346,0.0,0.0,0.02,0.1018902797698032,0.0,carpet,12345,2458048236,0,0,5,0,0,0,0.142063021659851,-0.4673206806182861,0.8530582785606384,0.7458828687667847,0.8344017267227173,0.4759859442710876,0.6788467764854431,-0.0098161697387695,0.1019651144742965,0.8980348706245422,0.1087589040398597,-1.0,-1.0,-1.0,-1.0,-1.0,-1.0,-1.0,1.0,0.0,0.0,0.0,1.0,0.0,0.0,0.0,1.0,0.0,0.0,0.0
20260320_140411_268302,5,73,1.835639238357544,0.2253454327583313,-0.13036603668325,-7.806669852339522,0.0,-0.1917838424751039,-1.2888029217720032,0.792679266335,0.0,0.0,0.02,0.11036603668325,0.0,carpet,12345,2458048236,0,0,5,0,0,0,0.7655434012413025,0.1642006039619445,-0.6822227835655212,-0.406613290309906,0.8735978603363037,0.1986835896968841,-0.9372974634170532,-0.0072412490844726,0.1019177585840225,0.8980822563171387,0.1141146421432495,-1.0,-1.0,-1.0,-1.0,-1.0,-1.0,-1.0,1.0,0.0,0.0,0.0,1.0,0.0,0.0,0.0,1.0,0.0,0.0,0.0
20260320_140411_268302,5,74,1.865368127822876,0.2273736000061035,-0.1364969527646363,-7.943166805104158,0.0,-0.1945420630506475,-0.2028167247772216,0.6700609447072736,0.0,0.0,0.02,0.1164969527646363,0.0,carpet,12345,2458048236,0,0,5,0,0,0,-0.8392003774642944,-0.4793680310249328,-0.4127809107303619,0.0298909023404121,0.9323449730873108,-0.9078974723815918,0.6947431564331055,-0.0948862060904502,0.0904856547713279,0.9095143675804138,-0.1718486100435257,-1.0,-1.0,-1.0,-1.0,-1.0,-1.0,-1.0,1.0,0.0,0.0,0.0,1.0,0.0,0.0,0.0,1.0,0.0,0.0,0.0
20260320_140411_268302,5,75,1.8385570049285889,0.2154766917228698,-0.1428757913354392,-8.086042596439597,0.0,0.1515161597928482,1.1896908283233645,0.5424841732912142,0.0,0.0,0.02,0.1228757913354392,0.0,carpet,12345,2458048236,0,0,5,0,0,0,-0.9961338043212892,-0.2064419239759445,-0.8940951824188232,-0.345227986574173,-0.6329125761985779,-1.0,0.2373843342065811,-0.0577249526977539,0.0886866152286529,0.9113133549690248,0.0680810436606407,-1.0,-1.0,-1.0,-1.0,-1.0,-1.0,-1.0,1.0,0.0,0.0,0.0,1.0,0.0,0.0,0.0,1.0,0.0,0.0,0.0
20260320_140411_268302,5,76,1.868460178375244,0.2315985560417175,-0.1699999999999999,-8.256042596439597,0.0,-0.2894094881265516,-1.6121864318847656,-0.1166981092741394,0.0,0.0,0.02,0.15,0.0,carpet,12345,2458048236,0,0,5,0,0,0,-0.4263009130954742,-0.3777689933776855,0.0614713467657566,-0.3460488617420196,0.8661615252494812,-0.5394769906997681,0.9245613813400269,-0.0912389755249023,0.099239557981491,0.9007604122161864,-0.0034546311944723,-1.0,-1.0,-1.0,-1.0,-1.0,-1.0,-1.0,1.0,0.0,0.0,0.0,1.0,0.0,0.0,0.0,1.0,0.0,0.0,0.0
20260320_140411_268302,5,77,1.8537925481796265,0.2121343314647674,-0.1699999999999999,-8.426042596439597,0.0,0.2695484983288452,1.9464224576950075,-0.0807815515734517,0.0,0.0,0.02,0.15,0.0,carpet,12345,2458048236,0,0,5,0,0,0,-0.455890953540802,-1.0,-0.9400749802589417,0.2554501593112945,-0.5559763312339783,0.9442813396453856,-0.4786626398563385,-0.0538599006831646,0.0849389508366584,0.9150609970092772,0.1116180568933487,-1.0,-1.0,-1.0,-1.0,-1.0,-1.0,-1.0,1.0,0.0,0.0,0.0,1.0,0.0,0.0,0.0,1.0,0.0,0.0,0.0
20260320_140411_268302,5,78,1.8734568357467647,0.2060896456241607,-0.1650696107884404,-8.591112207228038,0.0,0.3532785197618011,0.604468584060669,0.0986077842311914,0.0,0.0,0.02,0.1450696107884404,0.0,carpet,12345,2458048236,0,0,5,0,0,0,0.8597195744514465,-1.0,-0.2962020337581634,0.3768724203109741,-0.8660169243812561,0.0558128543198108,0.2413119971752166,-0.0721944794058799,0.1022043451666832,0.8977956771850586,-0.0739131197333335,-1.0,-1.0,-1.0,-1.0,-1.0,-1.0,-1.0,1.0,0.0,0.0,0.0,1.0,0.0,0.0,0.0,1.0,0.0,0.0,0.0
20260320_140411_268302,5,79,1.822033762931824,0.2096184492111206,-0.1466434786573178,-8.737755685885356,0.0,0.1767388001473477,-0.3528803586959839,0.4671304268536431,0.0,0.0,0.02,0.1266434786573178,0.0,carpet,12345,2458048236,0,0,5,0,0,0,-0.8490448594093323,-0.2586380243301391,0.805262565612793,-0.7328100800514221,0.8031734228134155,0.1708135157823562,-0.7835420966148376,-0.0476140975952148,0.10756616294384,0.8924338221549988,0.0604226924479007,-1.0,-1.0,-1.0,-1.0,-1.0,-1.0,-1.0,1.0,0.0,0.0,0.0,1.0,0.0,0.0,0.0,1.0,0.0,0.0,0.0
20260320_140411_268302,5,80,1.9981248378753664,0.2788120806217193,-0.1699999999999999,-8.907755685885355,0.0,-1.597286685154458,-6.919363141059876,-0.9356141952501672,0.0,0.0,0.02,0.15,0.0,carpet,12345,2458048236,0,0,5,0,0,0,-0.7597488760948181,-0.2974524199962616,-0.3430491685867309,0.8442426323890686,0.5650741457939148,0.9180157780647278,0.828731119632721,-0.1118930801749229,0.1044360026717186,0.8955640196800232,-0.1529590040445327,-1.0,-1.0,-1.0,-1.0,-1.0,-1.0,-1.0,1.0,0.0,0.0,0.0,1.0,0.0,0.0,0.0,1.0,0.0,0.0,0.0
20260320_140411_268302,5,81,1.9766819477081297,0.2707441449165344,-0.1699999999999999,-9.077755685885355,0.0,-0.9962666212362166,0.8067935705184937,-2.083396976279232,0.0,0.0,0.02,0.15,0.0,carpet,12345,2458048236,0,0,5,0,0,0,0.4176013171672821,0.2625379860401153,0.8588736057281494,0.5141130685806274,-1.0,-0.7575386166572571,0.9903603196144104,0.1082208603620529,0.0430590286850929,0.95694100856781,0.3164466321468353,-1.0,-1.0,-1.0,-1.0,-1.0,-1.0,-1.0,1.0,0.0,0.0,0.0,1.0,0.0,0.0,0.0,1.0,0.0,0.0,0.0
20260320_140411_268302,5,82,1.9654643535614011,0.2519083023071289,-0.1714036053175921,-9.249159291202949,0.0,-0.2763039006920138,1.883584260940552,-2.0702913888446943,0.0,0.0280721063518436,0.02,0.15,0.0,carpet,12345,2458048236,0,0,5,0,0,0,-0.5666636228561401,0.4148419201374054,-0.501375138759613,-0.2020285725593567,0.7496426105499268,-0.591338038444519,0.9034211039543152,0.0814172774553299,0.0502155423164367,0.9497844576835632,0.3197487294673919,-1.0,-1.0,-1.0,-1.0,-1.0,-1.0,-1.0,1.0,0.0,0.0,0.0,1.0,0.0,0.0,0.0,1.0,0.0,0.0,0.0
20260320_140411_268302,5,83,1.9762580394744875,0.2404371351003646,-0.1725906497635924,-9.42174994096654,0.0,0.0795512546500845,1.147116720676422,-2.260288632523455,0.0,0.0518129952718484,0.02,0.15,0.0,carpet,12345,2458048236,0,0,5,0,0,0,0.3187119364738464,0.6807865500450134,0.5550832748413086,0.4005064368247986,-0.4047853052616119,0.4090242683887481,0.7313534617424011,0.0673952102661132,0.0669235438108444,0.9330764412879944,0.263340413570404,-1.0,-1.0,-1.0,-1.0,-1.0,-1.0,-1.0,1.0,0.0,0.0,0.0,1.0,0.0,0.0,0.0,1.0,0.0,0.0,0.0
20260320_140411_268302,5,84,1.833696365356445,0.2071271538734436,-0.1699999999999999,-9.59174994096654,0.0,0.8924129716605762,3.330998122692108,-1.72115418062468,0.0,0.0,0.02,0.15,0.0,carpet,12345,2458048236,0,0,5,0,0,0,0.6927513480186462,0.235222041606903,-0.0600567422807216,0.105995625257492,-0.8589412569999695,0.5050647258758545,-0.9243488907814026,0.0808874145150184,0.0770988464355468,0.922901213169098,0.2448362708091735,-1.0,-1.0,-1.0,-1.0,-1.0,-1.0,-1.0,1.0,0.0,0.0,0.0,1.0,0.0,0.0,0.0,1.0,0.0,0.0,0.0
20260320_140411_268302,5,85,1.8787647485733032,0.1989226639270782,-0.1699999999999999,-9.761749940966538,0.0,0.8744219774045803,0.8204489946365356,-1.0234710033674477,0.0,0.0,0.02,0.15,0.0,carpet,12345,2458048236,0,0,5,0,0,0,-0.9940633773803712,-0.845598042011261,-0.7735378742218018,0.7536782026290894,-0.9402665495872498,0.570002019405365,0.176735058426857,-0.0973148345947265,0.106645867228508,0.8933541178703308,-0.1515346318483352,-1.0,-1.0,-1.0,-1.0,-1.0,-1.0,-1.0,1.0,0.0,0.0,0.0,1.0,0.0,0.0,0.0,1.0,0.0,0.0,0.0
20260320_140411_268302,5,86,1.8447272777557373,0.2059482485055923,-0.1173003724811199,-9.879050313447658,0.0,0.4801768685905898,-0.7025584578514099,1.0539925503776004,0.0,0.0,0.02,0.0973003724811199,0.0,carpet,12345,2458048236,0,0,5,0,0,0,0.4452011585235595,-0.0504831224679946,0.2408963441848755,0.463022381067276,-0.6403864622116089,0.7917559742927551,-0.8806904554367065,-0.0409791953861713,0.113923504948616,0.8860765099525452,0.0384072549641132,-1.0,-1.0,-1.0,-1.0,-1.0,-1.0,-1.0,1.0,0.0,0.0,0.0,1.0,0.0,0.0,0.0,1.0,0.0,0.0,0.0
20260320_140411_268302,5,87,1.8663411140441892,0.1883635222911834,-0.0274995010791511,-9.906549814526809,0.0,0.7997508068031607,1.7584726214408877,2.8500099784169777,0.0,0.0,0.02,0.0074995010791511,0.0,carpet,12345,2458048236,0,0,5,0,0,0,-0.5499637126922607,0.8878642320632935,-0.7887994647026062,-0.615940511226654,0.8404075503349304,-0.5464562177658081,0.2190620601177215,-0.083526037633419,0.107691578567028,0.8923084139823914,-0.1202692836523056,-1.0,-1.0,-1.0,-1.0,-1.0,-1.0,-1.0,1.0,0.0,0.0,0.0,1.0,0.0,0.0,0.0,1.0,0.0,0.0,0.0
20260320_140411_268302,5,88,1.8980419635772705,0.2026422619819641,-0.02,-9.926549814526808,0.0,0.2428446128328545,-1.427873969078064,3.369158491941846,0.0,0.0,0.02,0.0,0.0,carpet,12345,2458048236,0,0,5,0,0,0,1.0,0.8017311692237854,-0.2850204110145569,-0.4508589208126068,0.8101032376289368,0.3846019804477691,0.6995505690574646,-0.0565088279545307,0.1232898160815239,0.8767101764678955,0.0368788763880729,-1.0,-1.0,-1.0,-1.0,-1.0,-1.0,-1.0,1.0,0.0,0.0,0.0,1.0,0.0,0.0,0.0,1.0,0.0,0.0,0.0
20260320_140411_268302,5,89,1.852291464805603,0.1659158021211624,-0.02,-9.946549814526808,0.0,1.1002949561446655,3.6726459860801697,4.389902193436427,0.0,0.0,0.02,0.0,0.0,carpet,12345,2458048236,0,0,5,0,0,0,0.8615522384643555,0.7400650382041931,0.3818441331386566,0.0225530061870813,0.0925712212920188,-0.0972209796309471,-0.4622899293899536,-0.0168827064335346,0.1106240972876548,0.8893759250640869,0.1450147628784179,-1.0,-1.0,-1.0,-1.0,-1.0,-1.0,-1.0,1.0,0.0,0.0,0.0,1.0,0.0,0.0,0.0,1.0,0.0,0.0,0.0
20260320_140411_268302,5,90,1.859187722206116,0.1639651507139206,-0.02,-9.966549814526807,0.0,0.873987502289566,0.1950651407241821,4.371476724065417,0.0,0.0,0.02,0.0,0.0,carpet,12345,2458048236,0,0,5,0,0,0,0.9283841252326964,-0.4572063386440277,0.8635869026184082,-0.662340521812439,0.0258303917944431,-0.3794509172439575,0.0671503320336341,-0.074070930480957,0.1432016640901565,0.8567983508110046,-0.0703529641032219,-1.0,-1.0,-1.0,-1.0,-1.0,-1.0,-1.0,1.0,0.0,0.0,0.0,1.0,0.0,0.0,0.0,1.0,0.0,0.0,0.0
20260320_140411_268302,5,91,1.8388501405715945,0.1598859280347824,-0.02,-9.986549814526809,0.0,0.757471193695622,0.4079222679138183,4.254525940356459,0.0,0.0,0.02,0.0,0.0,carpet,12345,2458048236,0,0,5,0,0,0,-0.8091663718223572,0.4024038314819336,0.3827188014984131,0.248565599322319,-0.1920263618230819,-0.0055492455139756,-0.4710123836994171,-0.0654504746198654,0.1449319422245025,0.855068027973175,0.0057552936486899,-1.0,-1.0,-1.0,-1.0,-1.0,-1.0,-1.0,1.0,0.0,0.0,0.0,1.0,0.0,0.0,0.0,1.0,0.0,0.0,0.0
20260320_140411_268302,5,92,1.867076277732849,0.1697509139776229,-0.02,-10.006549814526808,0.0,0.3214787467007056,-0.9864985942840576,4.095827818466574,0.0,0.0,0.02,0.0,0.0,carpet,12345,2458048236,0,0,5,0,0,0,0.86248379945755,0.8483256697654724,0.2983761429786682,-0.5582619309425354,-0.6247048377990723,0.4592245817184448,0.1425117254257202,-0.0908725708723068,0.1485503315925598,0.8514496684074402,-0.0920836925506591,-1.0,-1.0,-1.0,-1.0,-1.0,-1.0,-1.0,1.0,0.0,0.0,0.0,1.0,0.0,0.0,0.0,1.0,0.0,0.0,0.0
20260320_140411_268302,5,93,1.8694634437561035,0.186619758605957,-0.02,-10.026549814526806,0.0,-0.180612055682829,-1.6868844628334043,3.1154649559805847,0.0,0.0,0.02,0.0,0.0,carpet,12345,2458048236,0,0,5,0,0,0,-0.3779015243053436,0.3480683267116546,-0.9138293266296388,-0.781379222869873,0.3275984823703766,-1.0,0.730773389339447,-0.0555898658931255,0.1397997885942459,0.8602002263069153,0.0230548493564128,-1.0,-1.0,-1.0,-1.0,-1.0,-1.0,-1.0,1.0,0.0,0.0,0.0,1.0,0.0,0.0,0.0,1.0,0.0,0.0,0.0
20260320_140411_268302,5,94,1.8468296527862549,0.1626032292842865,-0.02,-10.046549814526806,0.0,0.4649541912796451,2.401652932167053,3.3375745344273757,0.0,0.0,0.02,0.0,0.0,carpet,12345,2458048236,0,0,5,0,0,0,-0.8745735287666321,-0.1171462684869766,0.8558259606361389,0.8634271621704102,0.9178454279899596,-0.2014229446649551,0.06918615847826,-0.0526058189570903,0.124836578965187,0.8751633763313293,0.1073729172348976,-1.0,-1.0,-1.0,-1.0,-1.0,-1.0,-1.0,1.0,0.0,0.0,0.0,1.0,0.0,0.0,0.0,1.0,0.0,0.0,0.0
20260320_140411_268302,5,95,1.8724913597106931,0.1800967156887054,-0.0625670969184011,-10.109116911445208,0.0,-0.0886215166507327,-1.7493486404418943,2.148658061631977,0.0,0.0,0.02,0.0425670969184011,0.0,carpet,12345,2458048236,0,0,5,0,0,0,-0.3440445363521576,0.0539644546806812,0.7473799586296082,0.2446927726268768,0.525410532951355,-0.4793742597103119,0.8657402992248535,-0.0808980911970138,0.1461400240659713,0.8538599610328674,-0.031990148127079,-1.0,-1.0,-1.0,-1.0,-1.0,-1.0,-1.0,1.0,0.0,0.0,0.0,1.0,0.0,0.0,0.0,1.0,0.0,0.0,0.0
20260320_140411_268302,5,96,1.8726199865341189,0.1792040169239044,-0.1084739054512813,-10.21759081689649,0.0,-0.0441486683680381,0.0892698764801025,1.230521890974373,0.0,0.0,0.02,0.0884739054512813,0.0,carpet,12345,2458048236,0,0,5,0,0,0,-0.6332584023475647,0.0773648396134376,0.8133654594421387,0.2363656908273697,0.2170426100492477,-0.3862647116184234,0.8074842691421509,-0.0488210693001747,0.1306227296590805,0.8693773150444031,0.0935541167855262,-1.0,-1.0,-1.0,-1.0,-1.0,-1.0,-1.0,1.0,0.0,0.0,0.0,1.0,0.0,0.0,0.0,1.0,0.0,0.0,0.0
20260320_140411_268302,5,97,1.841771960258484,0.1764428466558456,-0.1445515773647902,-10.36214239426128,0.0,0.0359177554254444,0.2761170268058777,0.5089684527041953,0.0,0.0,0.02,0.1245515773647902,0.0,carpet,12345,2458048236,0,0,5,0,0,0,-0.3128724098205566,0.9512723684310912,-0.2495007961988449,-0.3606849312782287,0.6600953936576843,0.5195586085319519,-0.7745133638381958,-0.0486602783203125,0.1314145773649215,0.8685854077339172,0.0927013754844665,-1.0,-1.0,-1.0,-1.0,-1.0,-1.0,-1.0,1.0,0.0,0.0,0.0,1.0,0.0,0.0,0.0,1.0,0.0,0.0,0.0
20260320_140411_268302,5,98,1.903294324874878,0.1617926955223083,-0.1409659099544495,-10.50310830421573,0.0,0.3931920949075191,1.4650151133537292,0.5806818009110088,0.0,0.0,0.02,0.1209659099544495,0.0,carpet,12345,2458048236,0,0,5,0,0,0,-0.5382953882217407,-0.1204632297158241,0.4327010214328766,0.7717116475105286,0.4410362839698791,0.3252710103988647,0.3125262856483459,-0.0872201919555664,0.1338638216257095,0.8661361932754517,-0.1382209956645965,-1.0,-1.0,-1.0,-1.0,-1.0,-1.0,-1.0,1.0,0.0,0.0,0.0,1.0,0.0,0.0,0.0,1.0,0.0,0.0,0.0
20260320_140411_268302,5,99,1.8869624137878416,0.1661102622747421,-0.1225875620518178,-10.625695866267549,0.0,0.1869549023698056,-0.4317566752433777,0.9482487589636436,0.0,0.0,0.02,0.1025875620518178,0.0,carpet,12345,2458048236,0,0,5,0,0,0,0.9549508690834044,-0.8923415541648865,-0.0088855903595685,-0.8447865843772888,-0.903867483139038,0.6314798593521118,-0.3817983865737915,-0.0103172305971384,0.1468589752912521,0.8531410098075867,0.0694459527730941,-1.0,-1.0,-1.0,-1.0,-1.0,-1.0,-1.0,1.0,0.0,0.0,0.0,1.0,0.0,0.0,0.0,1.0,0.0,0.0,0.0
20260320_140411_268302,5,100,1.8566232919692995,0.1752059310674667,-0.1501940487678393,-10.775889915035386,0.0,-0.0871755430407859,-0.9095668792724608,0.3961190246432124,0.0,0.0,0.02,0.1301940487678393,0.0,carpet,12345,2458048236,0,0,5,0,0,0,0.8990543484687805,-0.6066457629203796,-0.1516616940498352,0.3277456164360046,-0.7554256916046143,0.5637440085411072,-0.834292471408844,-0.0307321548461914,0.1430291533470153,0.8569707870483398,-0.0193360168486833,-1.0,-1.0,-1.0,-1.0,-1.0,-1.0,-1.0,1.0,0.0,0.0,0.0,1.0,0.0,0.0,0.0,1.0,0.0,0.0,0.0
20260320_140411_268302,5,101,2.012871026992798,0.2547521591186523,-0.183509339640052,-10.959399254675438,-0.013509339640052,-2.0540373585602083,-7.954622805118561,-1.5692968172662631,0.0,0.0,0.02,0.15,0.0,carpet,12345,2458048236,0,0,5,0,0,0,0.4924734830856323,-0.5455735325813293,0.8853329420089722,0.3568459153175354,0.0341315269470214,1.0,0.7553476691246033,-0.0686561614274978,0.1349610090255737,0.8650389909744263,-0.1071870699524879,-1.0,-1.0,-1.0,-1.0,-1.0,-1.0,-1.0,1.0,0.0,0.0,0.0,1.0,0.0,0.0,0.0,1.0,0.0,0.0,0.0
20260320_140411_268302,5,102,1.9914019107818604,0.2190118134021759,-0.1699999999999999,-11.129399254675436,0.0,-0.6470193760082452,3.574034571647644,-2.1721675249064702,0.0,0.0,0.02,0.15,0.0,carpet,12345,2458048236,0,0,5,0,0,0,-0.7510122656822205,0.6352254748344421,-0.5651215314865112,-0.2523082196712494,0.1541779041290283,1.0,-0.4421601593494415,0.1266536712646484,0.0644009560346603,0.9355990886688232,0.3094488084316253,-1.0,-1.0,-1.0,-1.0,-1.0,-1.0,-1.0,1.0,0.0,0.0,0.0,1.0,0.0,0.0,0.0,1.0,0.0,0.0,0.0
20260320_140411_268302,5,103,1.9635990858078003,0.1874607652425766,-0.1699999999999999,-11.299399254675436,0.0,0.3035116719837845,3.1551048159599304,-1.9045736083481304,0.0,0.0,0.02,0.15,0.0,carpet,12345,2458048236,0,0,5,0,0,0,-0.4413267970085144,-0.3836839497089386,0.4265373051166534,0.6850119829177856,1.0,-0.7709422707557678,-0.0525734275579452,0.0998172760009765,0.0961037799715995,0.9038962125778198,0.0872593522071838,-1.0,-1.0,-1.0,-1.0,-1.0,-1.0,-1.0,1.0,0.0,0.0,0.0,1.0,0.0,0.0,0.0,1.0,0.0,0.0,0.0
20260320_140411_268302,5,104,2.0684781074523926,0.2757217288017273,-0.1699999999999999,-11.469399254675436,0.0,-1.978890334990922,-8.82609635591507,-4.276656038246571,0.0,0.0,0.02,0.15,0.0,carpet,12345,2458048236,0,0,5,0,0,0,0.1378638595342636,-0.0806620717048645,-0.8462287187576294,-0.2160728573799133,0.8771591186523438,0.5221616625785828,0.8900278806686401,0.0650636702775955,0.1240905821323394,0.8759094476699829,0.0080981096252799,-1.0,-1.0,-1.0,-1.0,-1.0,-1.0,-1.0,1.0,0.0,0.0,0.0,1.0,0.0,0.0,0.0,1.0,0.0,0.0,0.0
20260320_140411_268302,5,105,2.084001064300537,0.3033647239208221,-0.2166841620799804,-11.686083416755418,-0.0438106573051406,-2.1752426292205627,-2.764299511909485,-6.63885356983694,0.0,0.0574700954967953,0.02,0.15,0.0,carpet,12345,2458048236,0,0,5,0,0,0,-0.7303145527839661,-0.7714406251907349,0.6695376038551331,-0.2988143563270569,0.8074621558189392,0.612687885761261,0.9038038849830629,0.1961624175310135,0.0458002761006355,0.9541997313499452,0.3377776145935058,-1.0,-1.0,-1.0,-1.0,-1.0,-1.0,-1.0,1.0,0.0,0.0,0.0,1.0,0.0,0.0,0.0,1.0,0.0,0.0,0.0
20260320_140411_268302,5,106,2.064655303955078,0.2624804377555847,-0.1715005075343649,-11.857583924289782,0.0,-0.6093248177844828,4.088428616523743,-7.161002844580636,0.0,0.0300101506872998,0.02,0.15,0.0,carpet,12345,2458048236,0,0,5,0,0,0,0.2562482059001922,0.0646131262183189,0.7062171697616577,0.3247375786304474,0.9403982162475586,0.9920129776000975,-0.6552717089653015,0.2155660688877105,0.0212800540030002,0.97871994972229,0.3799229562282562,-1.0,-1.0,-1.0,-1.0,-1.0,-1.0,-1.0,1.0,0.0,0.0,0.0,1.0,0.0,0.0,0.0,1.0,0.0,0.0,0.0
20260320_140411_268302,5,107,2.0866377353668213,0.2671405673027038,-0.1720754500670023,-12.029659374356784,0.0,-0.5734968520163477,-0.466012954711914,-5.680462338036776,0.0,0.0415090013400474,0.02,0.15,0.0,carpet,12345,2458048236,0,0,5,0,0,0,-1.0,0.1329402476549148,-0.0208603218197822,-0.4662739336490631,0.8154497146606445,0.5060454607009888,-0.005817380733788,0.1913839280605316,0.0575457289814949,0.9424542784690856,0.0937927737832069,-1.0,-1.0,-1.0,-1.0,-1.0,-1.0,-1.0,1.0,0.0,0.0,0.0,1.0,0.0,0.0,0.0,1.0,0.0,0.0,0.0
20260320_140411_268302,5,108,2.0467209815979004,0.2656283378601074,-0.1702847835864606,-12.199944157943245,0.0,-0.3923169029473428,0.1512229442596435,-5.425759864975873,0.0,0.0056956717292131,0.02,0.15,0.0,carpet,12345,2458048236,0,0,5,0,0,0,-0.7443599700927734,-0.668978214263916,0.7767464518547058,-0.6529806852340698,0.9165399074554444,0.9519209265708924,-0.8304932117462158,0.2188619673252105,0.0534120425581932,0.9465879797935486,0.2043381184339523,-1.0,-1.0,-1.0,-1.0,-1.0,-1.0,-1.0,1.0,0.0,0.0,0.0,1.0,0.0,0.0,0.0,1.0,0.0,0.0,0.0
20260320_140411_268302,5,109,2.0870280265808105,0.2705241739749908,-0.172920930278319,-12.372865088221564,0.0,-0.4166335800826033,-0.4895836114883423,-6.145905117042261,0.0,0.058418605566381,0.02,0.15,0.0,carpet,12345,2458048236,0,0,5,0,0,0,0.0712646096944809,-0.6261846423149109,-0.8080641031265259,0.2602787613868713,-0.7261740565299988,-0.3462621569633484,0.6214084029197693,0.1689660996198654,0.0547534339129924,0.9452465772628784,0.0512757264077663,-1.0,-1.0,-1.0,-1.0,-1.0,-1.0,-1.0,1.0,0.0,0.0,0.0,1.0,0.0,0.0,0.0,1.0,0.0,0.0,0.0
20260320_140411_268302,5,110,1.9607123136520384,0.2142498344182968,-0.1699999999999999,-12.542865088221564,0.0,1.094383303855409,5.627433955669403,-3.0726314781959303,0.0,0.0,0.02,0.15,0.0,carpet,12345,2458048236,0,0,5,0,0,0,-0.1594947725534439,-0.1142384111881256,0.6340178847312927,-0.4090175926685333,0.7688287496566772,-0.6757482290267944,-1.0,0.2193498611450195,0.0504106655716896,0.9495893120765686,0.325394719839096,-1.0,-1.0,-1.0,-1.0,-1.0,-1.0,-1.0,1.0,0.0,0.0,0.0,1.0,0.0,0.0,0.0,1.0,0.0,0.0,0.0
20260320_140411_268302,5,111,1.957570195198059,0.2019594758749008,-0.1584671203749455,-12.70133220859651,0.0,1.1280464414764566,1.2290358543395996,0.2306575925010889,0.0,0.0,0.02,0.1384671203749455,0.0,carpet,12345,2458048236,0,0,5,0,0,0,0.4053198099136352,0.0809754431247711,0.4296726882457733,0.4702533185482025,0.9452325105667114,-0.7128900289535522,-0.5114524960517883,0.0614551529288291,0.1003278121352195,0.8996722102165222,-0.1232156157493591,-1.0,-1.0,-1.0,-1.0,-1.0,-1.0,-1.0,1.0,0.0,0.0,0.0,1.0,0.0,0.0,0.0,1.0,0.0,0.0,0.0
20260320_140411_268302,5,112,1.9954832792282104,0.191378504037857,-0.0724729231340501,-12.77380513173056,0.0,1.110559127033426,1.0580971837043762,1.9505415373189976,0.0,0.0,0.02,0.0524729231340501,0.0,carpet,12345,2458048236,0,0,5,0,0,0,-0.5292571783065796,0.8352965116500854,-0.9098806977272034,0.618783712387085,-0.220765084028244,0.2911315262317657,-0.3555649518966675,0.0575275421142578,0.1112297624349594,0.8887702226638794,-0.0893921330571174,-1.0,-1.0,-1.0,-1.0,-1.0,-1.0,-1.0,1.0,0.0,0.0,0.0,1.0,0.0,0.0,0.0,1.0,0.0,0.0,0.0
20260320_140411_268302,5,113,2.0200812816619877,0.1993249952793121,-0.02,-12.79380513173056,0.0,0.634257064238696,-0.7946491241455078,3.1582954535740413,0.0,0.0,0.02,0.0,0.0,carpet,12345,2458048236,0,0,5,0,0,0,-0.4812625050544739,-0.1152778193354606,-0.1819120645523071,-0.03665392100811,0.749833881855011,0.7090234756469727,-0.3996806740760803,0.104918859899044,0.120615430176258,0.8793845772743225,-0.0048060799017548,-1.0,-1.0,-1.0,-1.0,-1.0,-1.0,-1.0,1.0,0.0,0.0,0.0,1.0,0.0,0.0,0.0,1.0,0.0,0.0,0.0
20260320_140411_268302,5,114,2.1304852962493896,0.3483902513980865,-0.4679310599862704,-13.26173619171683,-0.3127346511975801,-3.2509386047903206,-14.90652561187744,0.2996737517310635,0.0,0.0036019275048698,0.02,0.1350163124134468,0.0,carpet,12345,2458048236,0,0,5,0,0,0,0.6000300049781799,0.1256958991289138,0.8907713890075684,-0.6586537957191467,0.9141926169395448,0.9995348453521729,0.8256560564041138,0.1356664597988128,0.1135666370391845,0.8864333033561707,0.0405556857585907,-1.0,-1.0,-1.0,-1.0,-1.0,-1.0,-1.0,1.0,0.0,0.0,0.0,1.0,0.0,0.0,0.0,1.0,0.0,0.0,0.0
20260320_140411_268302,5,115,2.0907583236694336,0.2692567706108093,-0.1574945501636668,-13.419230741880495,0.0,-0.4598669339108312,7.913348078727722,0.2564403979028355,0.0,0.0063314011761727,0.02,0.1371779801048582,0.0,carpet,12345,2458048236,0,0,5,0,0,0,0.6964289546012878,-0.0485973618924617,0.0770848989486694,-0.3260174393653869,-0.422928899526596,0.9461625218391418,-0.647295355796814,0.2736713290214538,-0.0186590291559696,1.0,0.4373610317707062,-1.0,-1.0,-1.0,-1.0,-1.0,-1.0,-1.0,1.0,0.0,0.0,0.0,1.0,0.0,0.0,0.0,1.0,0.0,0.0,0.0
20260320_140411_268302,5,116,2.1222283840179443,0.3424119651317596,-0.2181878813319815,-13.63741862321248,-0.0434450158642185,-2.1737800634568742,-7.315519452095032,-3.011722969409448,0.0001669998893891,0.0945233095764806,0.02,0.15,0.0,carpet,12345,2458048236,0,0,5,0,0,0,0.2317057698965072,-0.7849063873291016,-0.591953456401825,-0.874622106552124,0.1704573929309845,0.8292572498321533,0.7888049483299255,0.2240127623081207,0.0515349023044109,0.94846510887146,0.1513920724391937,-1.0,-1.0,-1.0,-1.0,-1.0,-1.0,-1.0,1.0,0.0,0.0,0.0,1.0,0.0,0.0,0.0,1.0,0.0,0.0,0.0
20260320_140411_268302,5,117,2.097495555877685,0.2711281776428222,-0.1745493548638068,-13.811967978076286,0.0,0.1517596396307823,7.128378748893738,-3.988009771255122,0.0005530992806691,0.0898808987147991,0.02,0.15,0.0,carpet,12345,2458048236,0,0,5,0,0,0,-0.0046949023380875,-0.9745294451713562,0.2154581993818283,-0.823890209197998,-0.9821481704711914,0.8606532216072083,-0.3794512748718261,0.2633503079414367,-0.013356102630496,1.0,0.4481130540370941,-1.0,-1.0,-1.0,-1.0,-1.0,-1.0,-1.0,1.0,0.0,0.0,0.0,1.0,0.0,0.0,0.0,1.0,0.0,0.0,0.0
20260320_140411_268302,5,118,2.073628664016724,0.2359924018383026,-0.1722838460675312,-13.984251824143817,0.0,0.9922141248360674,3.5135775804519653,-4.10635477345248,0.0004966169210591,0.0446836875085063,0.02,0.15,0.0,carpet,12345,2458048236,0,0,5,0,0,0,0.9050096869468688,0.2756858766078949,-0.4214110374450683,0.1226738840341568,0.4115028977394104,-0.4624698162078857,-0.766667902469635,0.2324342727661132,0.0498748980462551,0.9501250982284546,0.2042934298515319,-1.0,-1.0,-1.0,-1.0,-1.0,-1.0,-1.0,1.0,0.0,0.0,0.0,1.0,0.0,0.0,0.0,1.0,0.0,0.0,0.0
20260320_140411_268302,5,119,2.089518547058105,0.2293246537446975,-0.1717720924798918,-14.156023916623708,0.0,0.9108542959671836,0.6667748093605042,-3.8297575417239926,0.0007546848145076,0.033932479968822,0.02,0.15,0.0,carpet,12345,2458048236,0,0,5,0,0,0,0.859381914138794,-0.0648077726364135,-0.0280590038746595,-0.0710060000419616,-0.2334963381290435,-1.0,-0.3417727649211883,0.202600672841072,0.081041470170021,0.91895854473114,0.0606070458889007,-1.0,-1.0,-1.0,-1.0,-1.0,-1.0,-1.0,1.0,0.0,0.0,0.0,1.0,0.0,0.0,0.0,1.0,0.0,0.0,0.0
20260320_140411_268302,5,120,2.1074001789093018,0.2618468701839447,-0.1740396419968295,-14.330063558620536,0.0,-0.1299146890057869,-3.252221643924713,-0.708733625939459,0.0014622246378605,0.0778683906608697,0.02,0.15,0.0,carpet,12345,2458048236,0,0,5,0,0,0,0.6676027774810791,-0.143249824643135,-0.8472571969032288,-0.9103220105171204,0.4440113008022308,0.0798873007297515,0.6629844903945923,0.2224630415439605,0.0869559720158577,0.9130440354347228,0.1403345763683319,-1.0,-1.0,-1.0,-1.0,-1.0,-1.0,-1.0,1.0,0.0,0.0,0.0,1.0,0.0,0.0,0.0,1.0,0.0,0.0,0.0
20260320_140411_268302,5,121,2.0291006565093994,0.184851735830307,-0.0929407452136828,-14.42300430383422,0.0,1.8274423420865984,7.6995134353637695,1.5785756500579708,0.0002624232833092,0.0368657077650095,0.02,0.0710712174971014,0.0,carpet,12345,2458048236,0,0,5,0,0,0,-0.6887416839599609,-0.7946489453315735,0.5716856122016907,-0.5767727494239807,0.4149193465709686,-0.8384379744529724,-0.3002757132053375,0.2448150664567947,0.0581077188253402,0.9418922662734984,0.3194433152675628,-1.0,-1.0,-1.0,-1.0,-1.0,-1.0,-1.0,1.0,0.0,0.0,0.0,1.0,0.0,0.0,0.0,1.0,0.0,0.0,0.0
20260320_140411_268302,5,122,2.007817029953003,0.1794249564409256,-0.0202352729057331,-14.443239576739954,0.0,1.5062512412994806,0.5426779389381409,5.258606954814326,0.0,0.0047054581146621,0.02,0.0,0.0,carpet,12345,2458048236,0,0,5,0,0,0,0.1316888779401779,-0.4970968663692474,-0.0482505746185779,0.623206615447998,0.5123315453529358,-0.6252082586288452,-0.0505161955952644,0.1469406187534332,0.1264048665761947,0.873595118522644,0.064710758626461,-1.0,-1.0,-1.0,-1.0,-1.0,-1.0,-1.0,1.0,0.0,0.0,0.0,1.0,0.0,0.0,0.0,1.0,0.0,0.0,0.0
20260320_140411_268302,5,123,2.063599109649658,0.2376094460487365,-0.0225196397102104,-14.465759216450165,0.0,-0.3249238092206639,-5.818448960781097,4.78192350596288,0.0,0.0503927942042097,0.02,0.0,0.0,carpet,12345,2458048236,0,0,5,0,0,0,-0.2062316536903381,0.506041407585144,-0.8160935044288635,0.1017514616250991,0.1602528989315033,0.4807597994804382,0.6794654726982117,0.120336152613163,0.1312185972929,0.8687813878059387,0.0598601661622524,-1.0,-1.0,-1.0,-1.0,-1.0,-1.0,-1.0,1.0,0.0,0.0,0.0,1.0,0.0,0.0,0.0,1.0,0.0,0.0,0.0
20260320_140411_268302,5,124,2.04926872253418,0.2101106941699981,-0.0233707721817638,-14.489129988631928,0.0,0.4437759400529728,2.7498751878738403,4.233485321179785,0.0,0.0674154436352761,0.02,0.0,0.0,carpet,12345,2458048236,0,0,5,0,0,0,1.0,-0.5949929356575012,0.3654867112636566,0.1887026727199554,-0.910094678401947,-0.2108339220285415,0.292335957288742,0.1900636702775955,0.0796070918440818,0.9203928709030152,0.3003083169460296,-1.0,-1.0,-1.0,-1.0,-1.0,-1.0,-1.0,1.0,0.0,0.0,0.0,1.0,0.0,0.0,0.0,1.0,0.0,0.0,0.0
20260320_140411_268302,5,125,1.9502971172332764,0.1559876501560211,-0.0203790354252238,-14.509509024057152,0.0,1.6859080553891488,5.412304401397705,5.00853908060175,0.0,0.0075807085044759,0.02,0.0,0.0,carpet,12345,2458048236,0,0,5,0,0,0,-0.7452045679092407,0.6001682877540588,-0.7725884318351746,0.6502087712287903,-0.7116371393203735,-0.4949623048305511,-0.4351242780685425,0.1721508055925369,0.1039993613958358,0.8960006237030029,0.2409162521362304,-1.0,-1.0,-1.0,-1.0,-1.0,-1.0,-1.0,1.0,0.0,0.0,0.0,1.0,0.0,0.0,0.0,1.0,0.0,0.0,0.0
20260320_140411_268302,5,126,1.933399081230164,0.149038478732109,-0.02,-14.529509024057152,0.0,1.4381603271396557,0.6949171423912048,6.576614096747193,0.0,0.0,0.02,0.0,0.0,carpet,12345,2458048236,0,0,5,0,0,0,0.6659737229347229,-0.9648731350898744,0.5545346736907959,0.6366479396820068,0.1223353892564773,-0.7917640209197998,-0.0890805423259735,0.048436164855957,0.1520082354545593,0.8479917049407959,-0.0091563444584608,-1.0,-1.0,-1.0,-1.0,-1.0,-1.0,-1.0,1.0,0.0,0.0,0.0,1.0,0.0,0.0,0.0,1.0,0.0,0.0,0.0
20260320_140411_268302,5,127,1.9432847499847408,0.1507369875907898,-0.02,-14.549509024057151,0.0,1.036157523887738,-0.1698508858680725,5.785329278548332,0.0,0.0,0.02,0.0,0.0,carpet,12345,2458048236,0,0,5,0,0,0,0.3611645996570587,-0.6280124187469482,-0.7811062335968018,-0.8017933368682861,-0.6861094236373901,-0.7023902535438538,0.2513282895088196,0.0273136142641305,0.1581723988056183,0.8418276309967041,-0.0018358941888436,-1.0,-1.0,-1.0,-1.0,-1.0,-1.0,-1.0,1.0,0.0,0.0,0.0,1.0,0.0,0.0,0.0,1.0,0.0,0.0,0.0
20260320_140411_268302,5,128,1.9433177709579468,0.1431439220905304,-0.02,-14.569509024057153,0.0,0.9669447804222812,0.7593065500259399,5.2460228176711325,0.0,0.0,0.02,0.0,0.0,carpet,12345,2458048236,0,0,5,0,0,0,-0.6136274337768555,0.9626072645187378,-0.7533057332038879,-1.0,-0.982621729373932,-0.0373498797416687,-0.0811361521482467,0.0396707542240619,0.1566657423973083,0.8433342576026917,0.0558805055916309,-1.0,-1.0,-1.0,-1.0,-1.0,-1.0,-1.0,1.0,0.0,0.0,0.0,1.0,0.0,0.0,0.0,1.0,0.0,0.0,0.0
20260320_140411_268302,5,129,1.943683624267578,0.1428790241479873,-0.02,-14.58950902405715,0.0,0.7318310338802831,0.0264897942543029,6.30277766077208,0.0,0.0,0.02,0.0,0.0,carpet,12345,2458048236,0,0,5,0,0,0,0.5891925692558289,0.775586724281311,-0.6349719762802124,-1.0,-0.5725621581077576,-0.1994437128305435,-0.0523077398538589,0.0397119522094726,0.1634010523557663,0.8365989327430725,0.012601763010025,-1.0,-1.0,-1.0,-1.0,-1.0,-1.0,-1.0,1.0,0.0,0.0,0.0,1.0,0.0,0.0,0.0,1.0,0.0,0.0,0.0
20260320_140411_268302,5,130,1.952330231666565,0.1746783852577209,-0.02,-14.60950902405715,0.0,-0.2461107523331236,-3.179936110973358,5.612890968385983,0.0,0.0,0.02,0.0,0.0,carpet,12345,2458048236,0,0,5,0,0,0,-0.5289174914360046,0.1704102754592895,-0.8074884414672852,0.4919468760490417,-0.2749401330947876,-0.712972104549408,0.7239692211151123,0.0401693359017372,0.1636360138654709,0.8363639712333679,0.0194998979568481,-1.0,-1.0,-1.0,-1.0,-1.0,-1.0,-1.0,1.0,0.0,0.0,0.0,1.0,0.0,0.0,0.0,1.0,0.0,0.0,0.0
20260320_140411_268302,5,131,1.870083212852478,0.1610537022352218,-0.02,-14.62950902405715,0.0,0.1560340113126415,1.3624683022499084,4.083016924309476,0.0,0.0,0.02,0.0,0.0,carpet,12345,2458048236,0,0,5,0,0,0,0.7645867466926575,-0.6429899334907532,-0.1004117131233215,-0.8282819986343384,0.3572892248630523,-0.014334063977003,-1.0,0.0509775169193744,0.1354289650917053,0.8645709753036499,0.1567597985267639,-1.0,-1.0,-1.0,-1.0,-1.0,-1.0,-1.0,1.0,0.0,0.0,0.0,1.0,0.0,0.0,0.0,1.0,0.0,0.0,0.0
20260320_140411_268302,5,132,1.9565443992614744,0.1585361063480377,-0.0287588998583051,-14.658267923915457,0.0,0.1799654056640776,0.2517595887184143,2.8248220028338977,0.0,0.0,0.02,0.0087588998583051,0.0,carpet,12345,2458048236,0,0,5,0,0,0,0.9859659671783448,0.0879657268524169,0.4881760478019714,-0.5547091364860535,0.8970751762390137,-0.1458487808704376,0.3941257297992706,-0.0518312454223632,0.1475145071744918,0.8524854779243469,-0.1790344715118408,-1.0,-1.0,-1.0,-1.0,-1.0,-1.0,-1.0,1.0,0.0,0.0,0.0,1.0,0.0,0.0,0.0,1.0,0.0,0.0,0.0
20260320_140411_268302,5,133,1.971723675727844,0.1731415688991546,-0.0920749015291858,-14.75034282544464,0.0,-0.230162509529876,-1.4605462551116943,1.5585019694162838,0.0,0.0,0.02,0.0720749015291858,0.0,carpet,12345,2458048236,0,0,5,0,0,0,-0.7153910994529724,-0.4042322039604187,0.5256561040878296,0.012082609347999,-0.91188383102417,0.0112882442772388,0.7708291411399841,0.0562452301383018,0.149747684597969,0.8502522706985474,0.1064148694276809,-1.0,-1.0,-1.0,-1.0,-1.0,-1.0,-1.0,1.0,0.0,0.0,0.0,1.0,0.0,0.0,0.0,1.0,0.0,0.0,0.0
20260320_140411_268302,5,134,1.84576416015625,0.1582080572843551,-0.1303863451391696,-14.88072917058381,0.0,0.2007159082226053,1.49335116147995,0.7922730972166079,0.0,0.0,0.02,0.1103863451391696,0.0,carpet,12345,2458048236,0,0,5,0,0,0,0.6933690309524536,0.4213106334209442,0.6764448881149292,0.8116063475608826,0.1771540641784668,-0.4127602875232696,-0.8461616039276123,0.0752193480730056,0.1367921680212021,0.8632078170776367,0.2162490785121917,-1.0,-1.0,-1.0,-1.0,-1.0,-1.0,-1.0,1.0,0.0,0.0,0.0,1.0,0.0,0.0,0.0,1.0,0.0,0.0,0.0
20260320_140411_268302,5,135,1.8750487565994265,0.1534639298915863,-0.1535208910338764,-15.034250061617689,0.0,0.269140115986147,0.474412739276886,0.3295821793224718,0.0,0.0,0.02,0.1335208910338764,0.0,carpet,12345,2458048236,0,0,5,0,0,0,-0.9424772262573242,-1.0,0.3961245715618133,-0.1836087852716446,-0.6899165511131287,-1.0,0.53718101978302,-0.0822299942374229,0.1500386893749237,0.8499613404273987,-0.2266845852136612,-1.0,-1.0,-1.0,-1.0,-1.0,-1.0,-1.0,1.0,0.0,0.0,0.0,1.0,0.0,0.0,0.0,1.0,0.0,0.0,0.0
20260320_140411_268302,5,136,1.8752434253692627,0.1470203399658203,-0.1230681116605315,-15.15731817327822,0.0,0.3629448351337743,0.6443589925765991,0.9386377667893696,0.0,0.0,0.02,0.1030681116605315,0.0,carpet,12345,2458048236,0,0,5,0,0,0,0.3907513320446014,0.2268416583538055,0.9065110087394714,-0.2074279636144638,0.8464212417602539,-0.4673519730567932,0.3574411273002624,-0.0456241592764854,0.1542468667030334,0.8457531332969666,0.0093452781438827,-1.0,-1.0,-1.0,-1.0,-1.0,-1.0,-1.0,1.0,0.0,0.0,0.0,1.0,0.0,0.0,0.0,1.0,0.0,0.0,0.0
20260320_140411_268302,5,137,1.866366624832153,0.1419275403022766,-0.1108933813292172,-15.268211554607436,0.0,0.3995286179389268,0.5092799663543701,1.182132373415655,0.0,0.0,0.02,0.0908933813292172,0.0,carpet,12345,2458048236,0,0,5,0,0,0,-0.5793009400367737,0.3820411264896393,-0.5885925889015198,0.0466781593859195,0.2758409380912781,0.6027270555496216,-0.6639102697372437,-0.0453809723258018,0.1599625349044799,0.84003746509552,-0.0190454348921775,-1.0,-1.0,-1.0,-1.0,-1.0,-1.0,-1.0,1.0,0.0,0.0,0.0,1.0,0.0,0.0,0.0,1.0,0.0,0.0,0.0
20260320_140411_268302,5,138,1.9087145328521729,0.1592807173728943,-0.1266007997779834,-15.39481235438542,0.0,-0.1341829633112468,-1.7353177070617676,0.8679840044403306,0.0,0.0,0.02,0.1066007997779834,0.0,carpet,12345,2458048236,0,0,5,0,0,0,0.0133649073541164,-0.5807487368583679,-0.661101758480072,0.7420429587364197,-0.0517422035336494,-0.7744592428207397,0.8537984490394592,-0.0564769729971885,0.1644800305366516,0.8355200290679932,-0.168161928653717,-1.0,-1.0,-1.0,-1.0,-1.0,-1.0,-1.0,1.0,0.0,0.0,0.0,1.0,0.0,0.0,0.0,1.0,0.0,0.0,0.0
20260320_140411_268302,5,139,1.9183368682861328,0.1537641286849975,-0.1132287995657908,-15.508041153951211,0.0,0.037277494713976,0.5516588687896729,1.1354240086841827,0.0,0.0,0.02,0.0932287995657908,0.0,carpet,12345,2458048236,0,0,5,0,0,0,0.8954218626022339,0.8969063758850098,-0.6206534504890442,0.7780308127403259,0.474021703004837,0.0172634106129407,0.7464423775672913,-0.0035419464111328,0.1490871906280517,0.8509128093719482,0.0921707302331924,-1.0,-1.0,-1.0,-1.0,-1.0,-1.0,-1.0,1.0,0.0,0.0,0.0,1.0,0.0,0.0,0.0,1.0,0.0,0.0,0.0
20260320_140411_268302,5,140,1.881410002708435,0.154019758105278,-0.1221862257004976,-15.630227379651709,0.0,0.0215673855284705,-0.0255629420280456,0.956275485990048,0.0,0.0,0.02,0.1021862257004976,0.0,carpet,12345,2458048236,0,0,5,0,0,0,-0.8341758251190186,0.652851939201355,-0.2036280483007431,-0.2229714542627334,-0.9030478000640868,1.0,-1.0,0.0084857940673828,0.1539805829524994,0.8460193872451782,0.0933808386325836,-1.0,-1.0,-1.0,-1.0,-1.0,-1.0,-1.0,1.0,0.0,0.0,0.0,1.0,0.0,0.0,0.0,1.0,0.0,0.0,0.0
20260320_140411_268302,5,141,1.886723518371582,0.1169644966721534,-0.0885153777510812,-15.71874275740279,0.0,0.9425570749744736,3.7055261433124542,1.6296924449783745,0.0,0.0,0.02,0.0685153777510812,0.0,carpet,12345,2458048236,0,0,5,0,0,0,0.4036020636558532,-0.4262056052684784,-0.437389463186264,0.7951965928077698,-0.4541307091712951,-0.8359663486480713,-0.2237494438886642,-0.0376726165413856,0.1537538319826126,0.8462461829185486,-0.1491584777832031,-1.0,-1.0,-1.0,-1.0,-1.0,-1.0,-1.0,1.0,0.0,0.0,0.0,1.0,0.0,0.0,0.0,1.0,0.0,0.0,0.0
20260320_140411_268302,5,142,1.8881925344467163,0.1179310604929924,-0.0725249339722762,-15.791267691375069,0.0,0.6827537107098749,-0.0966563820838928,1.9495013205544751,0.0,0.0,0.02,0.0525249339722762,0.0,carpet,12345,2458048236,0,0,5,0,0,0,0.4963361322879791,0.7353737950325012,-0.6025464534759521,0.5661031007766724,-0.4577090144157409,-0.9390532970428468,-0.0611692890524864,-0.0310308448970317,0.1866230368614196,0.8133769631385803,-0.0624300874769687,-1.0,-1.0,-1.0,-1.0,-1.0,-1.0,-1.0,1.0,0.0,0.0,0.0,1.0,0.0,0.0,0.0,1.0,0.0,0.0,0.0
20260320_140411_268302,5,143,1.9612749814987185,0.1622990518808365,-0.122358089952407,-15.913625781327474,0.0,-0.5971345016636889,-4.436799138784409,0.9528382009518594,0.0,0.0,0.02,0.102358089952407,0.0,carpet,12345,2458048236,0,0,5,0,0,0,-0.0666583403944969,0.94197279214859,-0.172557532787323,-0.3553148508071899,0.9257923364639282,0.4825111627578735,1.0,-0.0291944500058889,0.1857656687498092,0.8142343163490295,-0.0408867821097373,-1.0,-1.0,-1.0,-1.0,-1.0,-1.0,-1.0,1.0,0.0,0.0,0.0,1.0,0.0,0.0,0.0,1.0,0.0,0.0,0.0
20260320_140411_268302,5,144,1.8219523429870603,0.1570278704166412,-0.1314525087689891,-16.045078290096463,0.0,-0.3160713396428889,0.5271181464195251,0.7709498246202173,0.0,0.0,0.02,0.1114525087689891,0.0,carpet,12345,2458048236,0,0,5,0,0,0,-0.4203090071678161,0.3476741909980774,0.968039870262146,-0.3577156662940979,0.949888288974762,-0.6728968620300293,-0.8204235434532166,0.0621585845947265,0.1464098244905471,0.853590190410614,0.2169026881456375,-1.0,-1.0,-1.0,-1.0,-1.0,-1.0,-1.0,1.0,0.0,0.0,0.0,1.0,0.0,0.0,0.0,1.0,0.0,0.0,0.0
20260320_140411_268302,5,145,1.8472669124603271,0.1230148524045944,-0.1026527862262374,-16.1477310763227,0.0,0.6132719455690108,3.4013018012046814,1.346944275475252,0.0,0.0,0.02,0.0826527862262374,0.0,carpet,12345,2458048236,0,0,5,0,0,0,0.869217574596405,0.5102670192718506,0.5066564083099365,0.682257890701294,-0.033955555409193,0.7044321298599243,-0.6598169207572937,-0.1119947433471679,0.151085540652275,0.8489145040512085,-0.248627558350563,-1.0,-1.0,-1.0,-1.0,-1.0,-1.0,-1.0,1.0,0.0,0.0,0.0,1.0,0.0,0.0,0.0,1.0,0.0,0.0,0.0
20260320_140411_268302,5,146,1.827981948852539,0.1272386759519577,-0.0860132369780278,-16.23374431330073,0.0,0.3543583704926618,-0.4223823547363281,1.679735260439443,0.0,0.0,0.02,0.0660132369780278,0.0,carpet,12345,2458048236,0,0,5,0,0,0,0.2645506262779236,0.6987456679344177,-0.0432892367243766,0.8395412564277649,0.6451307535171509,-0.5410539507865906,-0.6010969281196594,-0.080351635813713,0.1812561750411987,0.8187438249588013,-0.1884762644767761,-1.0,-1.0,-1.0,-1.0,-1.0,-1.0,-1.0,1.0,0.0,0.0,0.0,1.0,0.0,0.0,0.0,1.0,0.0,0.0,0.0
20260320_140411_268302,5,147,1.829599142074585,0.124836228787899,-0.1168495928782026,-16.350593906178933,0.0,0.3258299569709777,0.2402447164058685,1.0630081424359474,0.0,0.0,0.02,0.0968495928782026,0.0,carpet,12345,2458048236,0,0,5,0,0,0,0.5924617648124695,-0.9745675325393676,-1.0,-0.9464007019996644,0.2941480278968811,-0.7667443156242371,-0.4360915422439575,-0.1044578552246093,0.1775095164775848,0.8224905133247375,-0.2068733125925064,-1.0,-1.0,-1.0,-1.0,-1.0,-1.0,-1.0,1.0,0.0,0.0,0.0,1.0,0.0,0.0,0.0,1.0,0.0,0.0,0.0
20260320_140411_268302,5,148,1.8598957061767576,0.1260138601064682,-0.1402406941754965,-16.49083460035443,0.0,0.2149316847639966,-0.1177631318569183,0.5951861164900691,0.0,0.0,0.02,0.1202406941754965,0.0,carpet,12345,2458048236,0,0,5,0,0,0,0.3749395906925201,0.3022926747798919,-1.0,0.5303810238838196,0.6948645114898682,-0.8016819953918457,0.4168815016746521,-0.1024362593889236,0.1796405464410781,0.8203594088554382,-0.1850683391094207,-1.0,-1.0,-1.0,-1.0,-1.0,-1.0,-1.0,1.0,0.0,0.0,0.0,1.0,0.0,0.0,0.0,1.0,0.0,0.0,0.0
20260320_140411_268302,5,149,1.8446913957595823,0.1185763105750083,-0.0930270939993374,-16.583861694353768,0.0,0.3471375018594926,0.7437549531459808,1.5394581200132509,0.0,0.0,0.02,0.0730270939993374,0.0,carpet,12345,2458048236,0,0,5,0,0,0,-0.5159452557563782,-0.4587337672710418,-0.6153439879417419,-0.3021625280380249,0.4802498817443847,-0.1534353941679,-0.5265801548957825,-0.0645656585693359,0.178595945239067,0.8214040398597717,-0.0331421494483947,-1.0,-1.0,-1.0,-1.0,-1.0,-1.0,-1.0,1.0,0.0,0.0,0.0,1.0,0.0,0.0,0.0,1.0,0.0,0.0,0.0
20260320_140411_268302,5,150,1.8596597909927368,0.0997574999928474,-0.0406823574697608,-16.62454405182353,0.0,0.7308233909486432,1.881881058216095,2.586352850604783,0.0,0.0,0.02,0.0206823574697608,0.0,carpet,12345,2458048236,0,0,5,0,0,0,-0.7339077591896057,0.7420864701271057,0.580583930015564,-0.3880001306533813,-0.5567540526390076,0.197669506072998,-0.4612525999546051,-0.0835708603262901,0.1851933002471923,0.8148066401481628,-0.1877084523439407,-1.0,-1.0,-1.0,-1.0,-1.0,-1.0,-1.0,1.0,0.0,0.0,0.0,1.0,0.0,0.0,0.0,1.0,0.0,0.0,0.0
20260320_140411_268302,5,151,1.877820611000061,0.1017317846417427,-0.0464079333987567,-16.67095198522229,0.0,0.4987604269890937,-0.1974284648895263,2.471841332024866,0.0,0.0,0.02,0.0264079333987567,0.0,carpet,12345,2458048236,0,0,5,0,0,0,0.651096522808075,1.0,0.2979575097560882,0.7795482277870178,-0.3954791724681854,-0.2693909704685211,0.3729928433895111,-0.0648605376482009,0.2018861919641494,0.7981138229370117,-0.1135524287819862,-1.0,-1.0,-1.0,-1.0,-1.0,-1.0,-1.0,1.0,0.0,0.0,0.0,1.0,0.0,0.0,0.0,1.0,0.0,0.0,0.0
20260320_140411_268302,5,152,1.8774511814117432,0.0992116928100586,-0.0422722211216932,-16.71322420634398,0.0,0.4370726160339302,0.2520091831684112,2.554555577566134,0.0,0.0,0.02,0.0222722211216932,0.0,carpet,12345,2458048236,0,0,5,0,0,0,0.3023435473442077,-0.3800806403160095,-0.4222278892993927,0.6516279578208923,-0.4139325618743896,0.218121737241745,0.2454056441783905,-0.0421594604849815,0.2001349329948425,0.7998650670051575,0.0208235122263431,-1.0,-1.0,-1.0,-1.0,-1.0,-1.0,-1.0,1.0,0.0,0.0,0.0,1.0,0.0,0.0,0.0,1.0,0.0,0.0,0.0
20260320_140411_268302,5,153,1.8686219453811648,0.0894935950636863,-0.0300258736860041,-16.743250080029984,0.0,0.5707569056847603,0.9718097746372224,2.799482526279917,0.0,0.0,0.02,0.0100258736860041,0.0,carpet,12345,2458048236,0,0,5,0,0,0,-0.2846406996250152,0.228114441037178,-1.0,-0.9952262043952942,-0.1188661679625511,0.2938025593757629,-0.1971906572580337,-0.0426212325692176,0.2023703455924987,0.797629714012146,0.0017226863419637,-1.0,-1.0,-1.0,-1.0,-1.0,-1.0,-1.0,1.0,0.0,0.0,0.0,1.0,0.0,0.0,0.0,1.0,0.0,0.0,0.0
20260320_140411_268302,5,154,1.9148346185684204,0.1278860569000244,-0.0673596512564483,-16.810609731286434,0.0,-0.5317438666448879,-3.839246183633804,2.0528069748710323,0.0,0.0,0.02,0.0473596512564483,0.0,carpet,12345,2458048236,0,0,5,0,0,0,-0.8075352907180786,1.0,0.2694677114486694,-0.1234045326709747,-0.6023002862930298,0.7580550909042358,0.6147568225860596,-0.0536577217280864,0.2109906077384948,0.7890093326568604,-0.0676484555006027,-1.0,-1.0,-1.0,-1.0,-1.0,-1.0,-1.0,1.0,0.0,0.0,0.0,1.0,0.0,0.0,0.0,1.0,0.0,0.0,0.0
20260320_140411_268302,5,155,1.8276830911636357,0.1234902739524841,-0.0991621926641809,-16.909771923950615,0.0,-0.2889133262951588,0.4395782947540283,1.4167561467163807,0.0,0.0,0.02,0.0791621926641809,0.0,carpet,12345,2458048236,0,0,5,0,0,0,-0.693181574344635,-0.4920705556869507,0.6104394793510437,0.971683382987976,-0.6406272649765015,-0.9054937362670898,-0.7208881974220276,0.0041080475784838,0.1769352704286575,0.8230647444725037,0.1414466202259063,-1.0,-1.0,-1.0,-1.0,-1.0,-1.0,-1.0,1.0,0.0,0.0,0.0,1.0,0.0,0.0,0.0,1.0,0.0,0.0,0.0
20260320_140411_268302,5,156,1.9094895124435425,0.1362227648496627,-0.1624532255691552,-17.07222514951977,0.0,-0.5349972671508425,-1.273249089717865,0.1509354886168949,0.0,0.0,0.02,0.1424532255691552,0.0,carpet,12345,2458048236,0,0,5,0,0,0,-0.910757064819336,-0.8324586153030396,0.7208549380302429,-0.0544967278838157,-0.9201124310493468,0.9377854466438292,0.4652183949947357,-0.1048313155770301,0.1808344572782516,0.8191655278205872,-0.2216776907444,-1.0,-1.0,-1.0,-1.0,-1.0,-1.0,-1.0,1.0,0.0,0.0,0.0,1.0,0.0,0.0,0.0,1.0,0.0,0.0,0.0
20260320_140411_268302,5,157,1.8759316205978396,0.1184433251619339,-0.1699999999999999,-17.242225149519772,0.0,0.0432380418300937,1.7779439687728882,-0.304586896542105,0.0,0.0,0.02,0.15,0.0,carpet,12345,2458048236,0,0,5,0,0,0,0.6902719140052795,0.8074309229850769,-0.2283846288919448,-0.8566916584968567,-0.113635778427124,0.5433576703071594,-0.6765151023864746,-0.0025733946822583,0.1695403307676315,0.8304596543312073,0.1065258383750915,-1.0,-1.0,-1.0,-1.0,-1.0,-1.0,-1.0,1.0,0.0,0.0,0.0,1.0,0.0,0.0,0.0,1.0,0.0,0.0,0.0
20260320_140411_268302,5,158,1.9086992740631104,0.1195275783538818,-0.1699999999999999,-17.412225149519774,0.0,0.0053222015738754,-0.1084253191947937,-0.7363373110021598,0.0,0.0,0.02,0.15,0.0,carpet,12345,2458048236,0,0,5,0,0,0,-0.3883401751518249,0.1363095045089721,0.5281546711921692,0.2360574305057525,-0.0668470785021781,1.0,0.0643712058663368,-0.0445207580924034,0.1853112578392028,0.8146886825561523,-0.0758363083004951,-1.0,-1.0,-1.0,-1.0,-1.0,-1.0,-1.0,1.0,0.0,0.0,0.0,1.0,0.0,0.0,0.0,1.0,0.0,0.0,0.0
20260320_140411_268302,5,159,1.905051112174988,0.1159030497074127,-0.1699999999999999,-17.582225149519775,0.0,0.0946048673421415,0.3624528646469116,-1.2124893493447786,0.0,0.0,0.02,0.15,0.0,carpet,12345,2458048236,0,0,5,0,0,0,-0.0972681269049644,0.2516979575157165,0.3735398054122925,-0.8886888027191162,0.6950312852859497,-0.0617675967514514,0.3836758136749267,-0.0035610198974609,0.1843494921922683,0.8156505227088928,0.0571260303258895,-1.0,-1.0,-1.0,-1.0,-1.0,-1.0,-1.0,1.0,0.0,0.0,0.0,1.0,0.0,0.0,0.0,1.0,0.0,0.0,0.0
20260320_140411_268302,5,160,1.9099466800689695,0.1136516854166984,-0.1699999999999999,-17.752225149519777,0.0,0.1272377577744521,0.2251364290714264,-0.5535077249254385,0.0,0.0,0.02,0.15,0.0,carpet,12345,2458048236,0,0,5,0,0,0,0.6146703362464905,0.5853403210639954,0.9757928848266602,0.973529577255249,0.104829765856266,0.5887126326560974,0.2679409980773926,-0.0081212995573878,0.1875645667314529,0.8124353885650635,0.1056233569979667,-1.0,-1.0,-1.0,-1.0,-1.0,-1.0,-1.0,1.0,0.0,0.0,0.0,1.0,0.0,0.0,0.0,1.0,0.0,0.0,0.0
20260320_140411_268302,5,161,1.842354655265808,0.1151919513940811,-0.1699999999999999,-17.92222514951978,0.0,0.0569216688962797,-0.154026597738266,-0.2076727297339999,0.0,0.0,0.02,0.15,0.0,carpet,12345,2458048236,0,0,5,0,0,0,0.2479676306247711,-0.6836953163146973,-0.2435377836227417,-0.4815063774585724,0.8962940573692322,-0.6362752914428711,-0.7350147366523743,-0.0020017623901367,0.18956159055233,0.8104383945465088,0.0900063589215278,-1.0,-1.0,-1.0,-1.0,-1.0,-1.0,-1.0,1.0,0.0,0.0,0.0,1.0,0.0,0.0,0.0,1.0,0.0,0.0,0.0
20260320_140411_268302,5,162,1.868658781051636,0.0888724103569984,-0.1185997842491947,-18.04082493376897,0.0,0.7006797775992624,2.631954103708267,1.028004315016105,0.0,0.0,0.02,0.0985997842491947,0.0,carpet,12345,2458048236,0,0,5,0,0,0,-0.4630648791790008,-0.4082593917846679,0.8682665824890137,0.6688811779022217,-0.262405663728714,-0.0507763735949993,-0.1743698120117187,-0.0864919647574424,0.1881953328847885,0.8118046522140503,-0.1993207186460495,-1.0,-1.0,-1.0,-1.0,-1.0,-1.0,-1.0,1.0,0.0,0.0,0.0,1.0,0.0,0.0,0.0,1.0,0.0,0.0,0.0
20260320_140411_268302,5,163,1.9043471813201904,0.0974106714129448,-0.1051590210006591,-18.145983954769637,0.0,0.3120533068008058,-0.853826105594635,1.296819579986817,0.0,0.0,0.02,0.0851590210006591,0.0,carpet,12345,2458048236,0,0,5,0,0,0,0.5510194301605225,-0.906693696975708,-0.0693405121564865,0.5492457151412964,0.6456115245819092,-0.1439196616411209,0.5769673585891724,-0.0536117553710937,0.2115416228771209,0.7884583473205566,-0.0765169188380241,-1.0,-1.0,-1.0,-1.0,-1.0,-1.0,-1.0,1.0,0.0,0.0,0.0,1.0,0.0,0.0,0.0,1.0,0.0,0.0,0.0
20260320_140411_268302,5,164,1.8561090230941768,0.0858384892344474,-0.0792579043512017,-18.225241859120835,0.0,0.523344534563023,1.1572182178497314,1.8148419129759643,0.0,0.0,0.02,0.0592579043512017,0.0,carpet,12345,2458048236,0,0,5,0,0,0,0.7603287696838379,0.212164968252182,0.8410389423370361,-0.2025431841611862,-0.1752726435661316,-0.6403362154960632,-0.3102706670761108,-0.0090011600404977,0.2039679139852523,0.7960320711135864,0.0648440793156623,-1.0,-1.0,-1.0,-1.0,-1.0,-1.0,-1.0,1.0,0.0,0.0,0.0,1.0,0.0,0.0,0.0,1.0,0.0,0.0,0.0
20260320_140411_268302,5,165,1.9039851427078247,0.1066566556692123,-0.0903854357156508,-18.315627294836485,0.0,-0.1279457599468401,-2.081816643476486,1.5922912856869829,0.0,0.0,0.02,0.0703854357156508,0.0,carpet,12345,2458048236,0,0,5,0,0,0,1.0,0.5399336218833923,0.7526219487190247,-0.6091998815536499,-0.4458913803100586,0.8844923377037048,0.3458572030067444,-0.0692989379167556,0.2142328023910522,0.7857671976089478,-0.1126592829823494,-1.0,-1.0,-1.0,-1.0,-1.0,-1.0,-1.0,1.0,0.0,0.0,0.0,1.0,0.0,0.0,0.0,1.0,0.0,0.0,0.0
20260320_140411_268302,5,166,1.9000632762908936,0.101438894867897,-0.0950230886007365,-18.410650383437225,0.0,0.0344847000727384,0.5217760801315308,1.4995382279852691,0.0,0.0,0.02,0.0750230886007365,0.0,carpet,12345,2458048236,0,0,5,0,0,0,0.6717185974121094,0.7321537137031555,0.205793485045433,-0.4791920483112335,0.4789963364601135,0.5470236539840698,0.117651991546154,-0.0094537734985351,0.1957664340734481,0.8042335510253906,0.0812927782535553,-1.0,-1.0,-1.0,-1.0,-1.0,-1.0,-1.0,1.0,0.0,0.0,0.0,1.0,0.0,0.0,0.0,1.0,0.0,0.0,0.0
20260320_140411_268302,5,167,1.8947104215621948,0.1002967208623886,-0.0951482782859369,-18.50579866172316,0.0,0.0544178751922714,0.1142174005508422,1.497034434281261,0.0,0.0,0.02,0.0751482782859369,0.0,carpet,12345,2458048236,0,0,5,0,0,0,0.1951411217451095,-0.836266040802002,1.0,1.0,0.0197591166943311,-0.125767782330513,0.4667041897773742,-0.0143560413271188,0.2003947347402572,0.7996052503585815,0.0472157932817935,-1.0,-1.0,-1.0,-1.0,-1.0,-1.0,-1.0,1.0,0.0,0.0,0.0,1.0,0.0,0.0,0.0,1.0,0.0,0.0,0.0
20260320_140411_268302,5,168,1.856750726699829,0.1051229909062385,-0.1341744344010021,-18.63997309612416,0.0,-0.0798433447020414,-0.4826270043849945,0.7165113119799571,0.0,0.0,0.02,0.1141744344010021,0.0,carpet,12345,2458048236,0,0,5,0,0,0,-0.4101540446281433,0.0728107988834381,-0.5403445959091187,0.6552969217300415,0.937507688999176,0.4886234402656555,-0.9293270707130432,-0.0210472103208303,0.2014078944921493,0.7985920906066895,0.0900240465998649,-1.0,-1.0,-1.0,-1.0,-1.0,-1.0,-1.0,1.0,0.0,0.0,0.0,1.0,0.0,0.0,0.0,1.0,0.0,0.0,0.0
20260320_140411_268302,5,169,1.8799505233764648,0.0816032811999321,-0.1233715880344857,-18.76334468415865,0.0,0.5281102341311339,2.3519709706306458,0.9325682393102852,0.0,0.0,0.02,0.1033715880344857,0.0,carpet,12345,2458048236,0,0,5,0,0,0,0.648352324962616,-0.5688895583152771,-0.1738286167383194,0.0798312798142433,0.1172158271074295,-0.1952855288982391,-0.0824112221598625,-0.0684967041015625,0.1971268355846405,0.8028731346130371,-0.164917841553688,-1.0,-1.0,-1.0,-1.0,-1.0,-1.0,-1.0,1.0,0.0,0.0,0.0,1.0,0.0,0.0,0.0,1.0,0.0,0.0,0.0
20260320_140411_268302,5,170,1.867655158042908,0.1000004857778549,-0.1527311867051236,-18.91607587086377,0.0,-0.0638474388497343,-1.839720457792282,0.3453762658975279,0.0,0.0,0.02,0.1327311867051236,0.0,carpet,12345,2458048236,0,0,5,0,0,0,-0.1705628633499145,0.5148075222969055,0.5493366718292236,0.66051185131073,0.0249681565910577,0.7767098546028137,-0.7931175827980042,-0.0394969955086708,0.2179895788431167,0.7820103764533997,-0.0260973013937473,-1.0,-1.0,-1.0,-1.0,-1.0,-1.0,-1.0,1.0,0.0,0.0,0.0,1.0,0.0,0.0,0.0,1.0,0.0,0.0,0.0
20260320_140411_268302,5,171,1.896427035331726,0.1179716885089874,-0.1699999999999999,-19.086075870863777,0.0,-0.4971656474155992,-1.7971202731132507,-0.0238436215712312,0.0,0.0,0.02,0.15,0.0,carpet,12345,2458048236,0,0,5,0,0,0,0.0030068361666053,0.7796661853790283,-0.9165359735488892,0.9511874914169312,0.6832119226455688,-1.0,0.7837592363357544,-0.0548662170767784,0.2016706466674804,0.7983292937278748,-0.1302042603492736,-1.0,-1.0,-1.0,-1.0,-1.0,-1.0,-1.0,1.0,0.0,0.0,0.0,1.0,0.0,0.0,0.0,1.0,0.0,0.0,0.0
20260320_140411_268302,5,172,1.910949230194092,0.0991542711853981,-0.1680383562057973,-19.25411422706957,0.0,0.097561197528023,1.8817417323589325,0.0392328758840534,0.0,0.0,0.02,0.1480383562057973,0.0,carpet,12345,2458048236,0,0,5,0,0,0,0.8041930198669434,0.0039074760861694,-0.2836443185806274,-0.8697410225868225,0.9226905703544616,0.7944663763046265,0.1506082862615585,-0.0189014431089162,0.1857296228408813,0.8142703175544739,0.1073476895689964,-1.0,-1.0,-1.0,-1.0,-1.0,-1.0,-1.0,1.0,0.0,0.0,0.0,1.0,0.0,0.0,0.0,1.0,0.0,0.0,0.0
20260320_140411_268302,5,173,1.9221659898757932,0.1076995506882667,-0.1699999999999999,-19.424114227069577,0.0,-0.140461089425699,-0.8545279502868652,-0.155646088733917,0.0,0.0,0.02,0.15,0.0,carpet,12345,2458048236,0,0,5,0,0,0,0.5444017648696899,0.1781890541315078,-0.1095001995563507,0.046179711818695,0.5596619248390198,-0.3411615788936615,0.622237503528595,-0.0007486343383789,0.2024212628602981,0.797578752040863,0.0615147203207016,-1.0,-1.0,-1.0,-1.0,-1.0,-1.0,-1.0,1.0,0.0,0.0,0.0,1.0,0.0,0.0,0.0,1.0,0.0,0.0,0.0
20260320_140411_268302,5,174,1.900845289230347,0.098369762301445,-0.1673951925715297,-19.591509419641103,0.0,0.12789889260128,0.9329788386821748,0.0520961485694044,0.0,0.0,0.02,0.1473951925715297,0.0,carpet,12345,2458048236,0,0,5,0,0,0,-0.9369728565216064,-0.4568534791469574,-0.8136004209518433,-0.0247297026216983,-0.9398698210716248,0.8709535598754883,-0.5245451331138611,0.0132722854614257,0.1948413401842117,0.8051586747169495,0.1728658527135849,-1.0,-1.0,-1.0,-1.0,-1.0,-1.0,-1.0,1.0,0.0,0.0,0.0,1.0,0.0,0.0,0.0,1.0,0.0,0.0,0.0
20260320_140411_268302,6,0,1.9623717069625854,0.3488161861896515,-0.02,-0.02,0.0,-0.3402434289455414,-1.3609737157821655,0.0,0.0,0.0,0.02,0.0,0.0,carpet,12345,2458048367,0,0,6,0,0,0,-0.9021492600440979,0.6675069332122803,0.15468935668468475,-0.5460005402565002,0.37715616822242737,0.6235265135765076,-0.07052498310804367,0.0,-0.0,1.0,0.0,-1.0,-1.0,-1.0,-1.0,-1.0,-1.0,-1.0,1.0,0.0,0.0,0.0,1.0,0.0,0.0,0.0,1.0,0.0,0.0,0.0
20260320_140411_268302,6,1,1.95912766456604,0.35199037194252014,-0.02,-0.04,0.0,-0.33453721553087234,-0.31741857528686523,0.0,0.0,0.0,0.02,0.0,0.0,carpet,12345,2458048367,0,0,6,0,0,0,-0.4251265227794647,0.7774250507354736,-0.9299439191818237,-0.6525540351867676,0.5656468272209167,0.7977641820907593,-0.25836631655693054,0.035212136805057526,-0.011988773941993713,1.0,0.025105951353907585,-1.0,-1.0,-1.0,-1.0,-1.0,-1.0,-1.0,1.0,0.0,0.0,0.0,1.0,0.0,0.0,0.0,1.0,0.0,0.0,0.0
20260320_140411_268302,6,2,1.9443503618240356,0.3564354181289673,-0.02,-0.06,0.0,-0.36202906630933285,-0.44450461864471436,0.0,0.0,0.0,0.02,0.0,0.0,carpet,12345,2458048367,0,0,6,0,0,0,0.7737160325050354,-0.7194701433181763,-1.0,-0.5785326957702637,0.21396289765834808,0.5894435048103333,-0.6699037551879883,0.031157111749053,-0.014784892089664936,1.0,0.000246191571932286,-1.0,-1.0,-1.0,-1.0,-1.0,-1.0,-1.0,1.0,0.0,0.0,0.0,1.0,0.0,0.0,0.0,1.0,0.0,0.0,0.0
20260320_140411_268302,6,3,1.943349838256836,0.3605717122554779,-0.02,-0.08,0.0,-0.37492915289476514,-0.413629412651062,0.0,0.0,0.0,0.02,0.0,0.0,carpet,12345,2458048367,0,0,6,0,0,0,-0.43573468923568726,-0.21279583871364594,-0.9485010504722595,0.5081151127815247,-0.38824430108070374,0.9749168157577515,-0.7528448104858398,0.012685584835708141,-0.01870054565370083,1.0,-0.05318066105246544,-1.0,-1.0,-1.0,-1.0,-1.0,-1.0,-1.0,1.0,0.0,0.0,0.0,1.0,0.0,0.0,0.0,1.0,0.0,0.0,0.0
20260320_140411_268302,6,4,2.0218138694763184,0.37419408559799194,-0.02,-0.1,0.0,-0.6217561982339248,-1.3622373342514038,0.0,0.0,0.0,0.02,0.0,0.0,carpet,12345,2458048367,0,0,6,0,0,0,-0.06484095752239227,0.4749975800514221,-0.11568254977464676,0.9455684423446655,0.1005743071436882,0.5832650661468506,0.540610671043396,0.01143493689596653,-0.022344179451465607,1.0,-0.06219542399048805,-1.0,-1.0,-1.0,-1.0,-1.0,-1.0,-1.0,1.0,0.0,0.0,0.0,1.0,0.0,0.0,0.0,1.0,0.0,0.0,0.0
20260320_140411_268302,6,5,1.9711512327194214,0.34024497866630554,-0.16999999999999998,-0.27,0.0,0.38241052461671643,3.39491069316864,-1.65108453729772,0.0,0.0,0.02,0.15,0.0,carpet,12345,2458048367,0,0,6,0,0,0,0.659099817276001,-0.6068987250328064,0.4466528296470642,-0.2585146725177765,-0.10422533750534058,0.1719582974910736,-0.4092884063720703,0.10951481014490128,-0.03434407711029053,1.0,0.20047573745250702,-1.0,-1.0,-1.0,-1.0,-1.0,-1.0,-1.0,1.0,0.0,0.0,0.0,1.0,0.0,0.0,0.0,1.0,0.0,0.0,0.0
20260320_140411_268302,6,6,1.9894819259643555,0.3740490674972534,-0.16999999999999998,-0.44,0.0,-0.5582943273111596,-3.3804088830947876,-1.8691354356633383,0.0,0.0,0.02,0.15,0.0,carpet,12345,2458048367,0,0,6,0,0,0,-0.11616317927837372,0.5162199139595032,0.39876821637153625,-0.8715130686759949,0.39986443519592285,-0.5607762932777405,0.9385421276092529,0.04618663713335991,-0.004438424948602915,1.0,0.008342237211763859,-1.0,-1.0,-1.0,-1.0,-1.0,-1.0,-1.0,1.0,0.0,0.0,0.0,1.0,0.0,0.0,0.0,1.0,0.0,0.0,0.0
20260320_140411_268302,6,7,1.9800325632095337,0.3411596119403839,-0.16999999999999998,-0.61,0.0,0.403515643438368,3.2889455556869507,-1.131082576694098,0.0,0.0,0.02,0.15,0.0,carpet,12345,2458048367,0,0,6,0,0,0,-0.10985858738422394,-0.6557218432426453,-0.33822116255760193,0.8927121758460999,-0.7375896573066711,0.36328837275505066,0.18496672809123993,0.06909999996423721,-0.034216348081827164,1.0,0.2057926207780838,-1.0,-1.0,-1.0,-1.0,-1.0,-1.0,-1.0,1.0,0.0,0.0,0.0,1.0,0.0,0.0,0.0,1.0,0.0,0.0,0.0
20260320_140411_268302,6,8,2.008333444595337,0.3499508500099182,-0.16999999999999998,-0.78,0.0,0.08285578084041845,-0.8791238069534302,-0.6861977295443467,0.0,0.0,0.02,0.15,0.0,carpet,12345,2458048367,0,0,6,0,0,0,-0.2288312315940857,-0.39980658888816833,0.08436695486307144,0.2109372615814209,0.7270002961158752,0.4738483130931854,0.6576218008995056,0.057288169860839844,-0.00524413725361228,1.0,0.09691700339317322,-1.0,-1.0,-1.0,-1.0,-1.0,-1.0,-1.0,1.0,0.0,0.0,0.0,1.0,0.0,0.0,0.0,1.0,0.0,0.0,0.0
20260320_140411_268302,6,9,1.9943978786468506,0.3374350666999817,-0.16681160791354271,-0.9468116079135427,0.0,0.3750364183787269,1.2515783309936523,0.0637678417291454,0.0,0.0,0.02,0.14681160791354272,0.0,carpet,12345,2458048367,0,0,6,0,0,0,-1.0,-0.39355435967445374,-0.16455867886543274,-1.0,-0.38933196663856506,-0.43483734130859375,0.40073782205581665,0.09266433864831924,-0.012988312169909477,1.0,0.21732304990291595,-1.0,-1.0,-1.0,-1.0,-1.0,-1.0,-1.0,1.0,0.0,0.0,0.0,1.0,0.0,0.0,0.0,1.0,0.0,0.0,0.0
20260320_140411_268302,6,10,1.983206033706665,0.3294200897216797,-0.11164121108976673,-1.0584528190033093,0.0,0.48165173824159524,0.8014976978302002,1.1671757782046654,0.0,0.0,0.02,0.09164121108976672,0.0,carpet,12345,2458048367,0,0,6,0,0,0,-0.8379559516906738,-0.3331412374973297,0.7908321022987366,0.4016982913017273,-0.4573538899421692,-0.2879778742790222,0.3154648244380951,0.07524490356445312,-0.0019631870090961456,1.0,0.18445631861686707,-1.0,-1.0,-1.0,-1.0,-1.0,-1.0,-1.0,1.0,0.0,0.0,0.0,1.0,0.0,0.0,0.0,1.0,0.0,0.0,0.0
20260320_140411_268302,6,11,1.9680486917495728,0.33581236004829407,-0.12069013504481035,-1.1791429540481198,0.0,0.20143204551584404,-0.639227032661438,0.9861972991037931,0.0,0.0,0.02,0.10069013504481035,0.0,carpet,12345,2458048367,0,0,6,0,0,0,-0.459230899810791,0.7918240427970886,0.7863726019859314,-0.6040830612182617,0.4818728566169739,0.8745927214622498,-0.4658396542072296,0.0612550750374794,0.005097188986837864,0.9949027895927429,0.1371636837720871,-1.0,-1.0,-1.0,-1.0,-1.0,-1.0,-1.0,1.0,0.0,0.0,0.0,1.0,0.0,0.0,0.0,1.0,0.0,0.0,0.0
20260320_140411_268302,6,12,1.9879164695739746,0.32480481266975403,-0.07146228274923387,-1.2506052367973537,0.0,0.4262627186003698,1.100754737854004,1.9707543450153224,0.0,0.0,0.02,0.051462282749233874,0.0,carpet,12345,2458048367,0,0,6,0,0,0,-0.6938616633415222,0.1259523332118988,-0.5936982035636902,-0.20225034654140472,-0.8304638862609863,-0.40225139260292053,0.42491060495376587,0.04230842739343643,-0.0005337588954716921,1.0,-0.008540906943380833,-1.0,-1.0,-1.0,-1.0,-1.0,-1.0,-1.0,1.0,0.0,0.0,0.0,1.0,0.0,0.0,0.0,1.0,0.0,0.0,0.0
20260320_140411_268302,6,13,1.9756911993026733,0.33578431606292725,-0.08937759221510476,-1.3399828290124585,0.0,0.045209454120950454,-1.0979503393173218,1.612448155697905,0.0,0.0,0.02,0.06937759221510476,0.0,carpet,12345,2458048367,0,0,6,0,0,0,0.16334471106529236,0.2854619026184082,-0.7395463585853577,-0.11228542029857635,1.0,-1.0,0.6648727059364319,0.06714306026697159,0.00916278176009655,0.9908372759819031,0.15611597895622253,-1.0,-1.0,-1.0,-1.0,-1.0,-1.0,-1.0,1.0,0.0,0.0,0.0,1.0,0.0,0.0,0.0,1.0,0.0,0.0,0.0
20260320_140411_268302,6,14,2.031282663345337,0.40893009305000305,-0.17179379522599283,-1.5117766242384514,0.0,-1.7947373340861787,-7.314577698707581,-0.2651449592286923,0.0,0.035875904519857,0.02,0.15,0.0,carpet,12345,2458048367,0,0,6,0,0,0,0.2849154472351074,-0.8724784851074219,0.41365018486976624,-1.0,-0.4220787584781647,0.8392075896263123,0.8630288243293762,0.05186157301068306,-0.0005090266349725425,1.0,0.12777355313301086,-1.0,-1.0,-1.0,-1.0,-1.0,-1.0,-1.0,1.0,0.0,0.0,0.0,1.0,0.0,0.0,0.0,1.0,0.0,0.0,0.0
20260320_140411_268302,6,15,1.8859678506851196,0.31821247935295105,-0.15591470178728783,-1.6676913260257393,0.0,0.9218873418616624,9.0717613697052,0.2817059642542432,0.0,0.0,0.02,0.13591470178728784,0.0,carpet,12345,2458048367,0,0,6,0,0,0,0.5188236236572266,0.8289362192153931,-1.0,0.10658811777830124,0.261604905128479,-0.7036240100860596,-0.6969332695007324,0.12135086208581924,-0.06494293361902237,1.0,0.33163827657699585,-1.0,-1.0,-1.0,-1.0,-1.0,-1.0,-1.0,1.0,0.0,0.0,0.0,1.0,0.0,0.0,0.0,1.0,0.0,0.0,0.0
20260320_140411_268302,6,16,1.8409981727600098,0.32574397325515747,-0.15484088075731292,-1.8225322067830523,0.0,0.5031281588410934,-0.7531493902206421,0.3031823848537414,0.0,0.0,0.02,0.13484088075731293,0.0,carpet,12345,2458048367,0,0,6,0,0,0,-0.33439549803733826,0.6845399141311646,0.23499897122383118,0.9060227274894714,-0.787833034992218,-0.6476252675056458,-0.13997115194797516,-0.060292623937129974,0.014969946816563606,0.9850299954414368,-0.14613644778728485,-1.0,-1.0,-1.0,-1.0,-1.0,-1.0,-1.0,1.0,0.0,0.0,0.0,1.0,0.0,0.0,0.0,1.0,0.0,0.0,0.0
20260320_140411_268302,6,17,1.8819594383239746,0.3078120946884155,-0.1236303288681367,-1.946162535651189,0.0,0.8256430832993686,1.7931878566741943,0.927393422637266,0.0,0.0,0.02,0.1036303288681367,0.0,carpet,12345,2458048367,0,0,6,0,0,0,0.008210725151002407,-0.5264669060707092,-0.8229078054428101,0.8687705397605896,0.522729754447937,0.9790194034576416,-0.14520396292209625,-0.11650466918945312,0.008335462771356106,0.9916645884513855,-0.12888626754283905,-1.0,-1.0,-1.0,-1.0,-1.0,-1.0,-1.0,1.0,0.0,0.0,0.0,1.0,0.0,0.0,0.0,1.0,0.0,0.0,0.0
20260320_140411_268302,6,18,1.997112512588501,0.36986127495765686,-0.16999999999999998,-2.116162535651189,0.0,-0.9319971942565104,-6.204918026924133,-0.4308664902196142,0.0,0.0,0.02,0.15,0.0,carpet,12345,2458048367,0,0,6,0,0,0,-0.7353987693786621,0.8463016152381897,-0.7123814821243286,0.8156243562698364,-0.6702369451522827,0.7850650548934937,0.6186362504959106,-0.06530322879552841,0.02413160353899002,0.9758684039115906,-0.09083361178636551,-1.0,-1.0,-1.0,-1.0,-1.0,-1.0,-1.0,1.0,0.0,0.0,0.0,1.0,0.0,0.0,0.0,1.0,0.0,0.0,0.0
20260320_140411_268302,6,19,1.9571515321731567,0.31089121103286743,-0.15504111209566074,-2.27120364774685,0.0,0.7752537024273494,5.897006392478943,0.2991777580867847,0.0,0.0,0.02,0.13504111209566075,0.0,carpet,12345,2458048367,0,0,6,0,0,0,0.5595268607139587,0.6177084445953369,-0.2592214345932007,0.2933201491832733,-0.644715428352356,-0.5088911652565002,-0.06385727226734161,0.07863827049732208,-0.03052731789648533,1.0,0.2434367537498474,-1.0,-1.0,-1.0,-1.0,-1.0,-1.0,-1.0,1.0,0.0,0.0,0.0,1.0,0.0,0.0,0.0,1.0,0.0,0.0,0.0
20260320_140411_268302,6,20,2.013786554336548,0.3617730736732483,-0.09983455985080213,-2.371038207597652,0.0,-0.6906062891890059,-5.088186264038086,1.4033088029839575,0.0,0.0,0.02,0.07983455985080212,0.0,carpet,12345,2458048367,0,0,6,0,0,0,0.437521368265152,-0.7394440174102783,-0.8336382508277893,0.7489397525787354,0.8449617624282837,0.5936372876167297,0.8120582103729248,0.028686905279755592,0.02141922526061535,0.9785807728767395,0.08921359479427338,-1.0,-1.0,-1.0,-1.0,-1.0,-1.0,-1.0,1.0,0.0,0.0,0.0,1.0,0.0,0.0,0.0,1.0,0.0,0.0,0.0
20260320_140411_268302,6,21,1.9395287036895752,0.29541388154029846,-0.0888776726222855,-2.4599158802199375,0.0,1.1410250864319949,6.635919213294983,1.62244654755429,0.0,0.0,0.02,0.0688776726222855,0.0,carpet,12345,2458048367,0,0,6,0,0,0,0.4695272445678711,0.23997308313846588,0.4354104697704315,0.36279064416885376,-0.39747095108032227,0.06413877755403519,-0.43927788734436035,0.09948082268238068,-0.02340245619416237,1.0,0.2845700681209564,-1.0,-1.0,-1.0,-1.0,-1.0,-1.0,-1.0,1.0,0.0,0.0,0.0,1.0,0.0,0.0,0.0,1.0,0.0,0.0,0.0
20260320_140411_268302,6,22,1.9115403890609741,0.3168284595012665,-0.09801386227435074,-2.5579297424942884,0.0,0.3204043657997886,-2.1414577960968018,1.4397227545129851,0.0,0.0,0.02,0.07801386227435074,0.0,carpet,12345,2458048367,0,0,6,0,0,0,-0.15505261719226837,0.44405409693717957,0.9757353067398071,-0.2854468524456024,0.4781898856163025,0.5631862282752991,-1.0,0.006658363156020641,0.03505316376686096,0.9649468660354614,0.004447701387107372,-1.0,-1.0,-1.0,-1.0,-1.0,-1.0,-1.0,1.0,0.0,0.0,0.0,1.0,0.0,0.0,0.0,1.0,0.0,0.0,0.0
20260320_140411_268302,6,23,2.0199131965637207,0.33401742577552795,-0.14876706056465394,-2.7066968030589424,0.0,-0.18942088250669542,-1.7188966274261475,0.4246587887069211,0.0,0.0,0.02,0.12876706056465395,0.0,carpet,12345,2458048367,0,0,6,0,0,0,-0.3883618116378784,-0.10509990155696869,0.19495925307273865,0.7045573592185974,0.9894906878471375,0.16823746263980865,0.5439783930778503,-0.028326988220214844,0.01618911698460579,0.9838109016418457,-0.10663735866546631,-1.0,-1.0,-1.0,-1.0,-1.0,-1.0,-1.0,1.0,0.0,0.0,0.0,1.0,0.0,0.0,0.0,1.0,0.0,0.0,0.0
20260320_140411_268302,6,24,2.0014169216156006,0.3266433775424957,-0.1000529236545394,-2.8067497267134818,0.0,0.042285543945780546,0.7374048233032227,1.398941526909212,0.0,0.0,0.02,0.08005292365453939,0.0,carpet,12345,2458048367,0,0,6,0,0,0,-0.849825918674469,-0.19060859084129333,-0.5857427716255188,-0.002115971874445677,0.7081431150436401,1.0,-0.4422529935836792,0.10713901370763779,0.0010474227601662278,0.9989525675773621,0.22026145458221436,-1.0,-1.0,-1.0,-1.0,-1.0,-1.0,-1.0,1.0,0.0,0.0,0.0,1.0,0.0,0.0,0.0,1.0,0.0,0.0,0.0
20260320_140411_268302,6,25,2.0194449424743652,0.33093419671058655,-0.14259342483805254,-2.9493431515515343,0.0,-0.07555632124291378,-0.42908191680908203,0.5481315032389489,0.0,0.0,0.02,0.12259342483805255,0.0,carpet,12345,2458048367,0,0,6,0,0,0,0.35535818338394165,-0.8163352608680725,0.7835907936096191,-0.3584352433681488,0.6724525690078735,0.13347077369689941,0.20389676094055176,0.08401870727539062,0.007543191779404879,0.9924567937850952,0.0561181902885437,-1.0,-1.0,-1.0,-1.0,-1.0,-1.0,-1.0,1.0,0.0,0.0,0.0,1.0,0.0,0.0,0.0,1.0,0.0,0.0,0.0
20260320_140411_268302,6,26,2.005072593688965,0.35689544677734375,-0.14380802852656568,-3.0931511800780997,0.0,-0.7056984926011296,-2.59612500667572,0.5330392998268252,0.0,0.00919987035813933,0.02,0.12334803500865874,0.0,carpet,12345,2458048367,0,0,6,0,0,0,0.649489164352417,0.6801860332489014,-1.0,0.5976823568344116,-0.5116998553276062,-0.6230290532112122,1.0,0.10655365139245987,0.003763430053368211,0.9962365627288818,0.16928036510944366,-1.0,-1.0,-1.0,-1.0,-1.0,-1.0,-1.0,1.0,0.0,0.0,0.0,1.0,0.0,0.0,0.0,1.0,0.0,0.0,0.0
20260320_140411_268302,6,27,2.0224428176879883,0.33744561672210693,-0.1719113820653176,-3.2650625621434175,0.0,-0.043028118069941,1.9449830055236816,-0.6510139046751107,0.0,0.038227641306351964,0.02,0.15,0.0,carpet,12345,2458048367,0,0,6,0,0,0,0.2640839219093323,-0.6740914583206177,0.22979262471199036,-0.9170855283737183,0.8231050968170166,0.0926554799079895,0.6859521865844727,0.08858833461999893,-0.01910577155649662,1.0,0.2802906334400177,-1.0,-1.0,-1.0,-1.0,-1.0,-1.0,-1.0,1.0,0.0,0.0,0.0,1.0,0.0,0.0,0.0,1.0,0.0,0.0,0.0
20260320_140411_268302,6,28,2.0008902549743652,0.3090599775314331,-0.1717441949505434,-3.436806757093961,0.0,0.6773698912144113,2.838563919067383,-0.294048379260488,0.0,0.034883899010868503,0.02,0.15,0.0,carpet,12345,2458048367,0,0,6,0,0,0,0.293476402759552,-0.151339590549469,0.5589850544929504,-0.7454875707626343,-0.5323351621627808,-0.6877999901771545,0.19876629114151,0.11030101776123047,-0.001972461584955454,1.0,0.24679554998874664,-1.0,-1.0,-1.0,-1.0,-1.0,-1.0,-1.0,1.0,0.0,0.0,0.0,1.0,0.0,0.0,0.0,1.0,0.0,0.0,0.0
20260320_140411_268302,6,29,1.977246642112732,0.2857053577899933,-0.12121640210278788,-3.558023159196749,0.0,1.0918929119468004,2.335461974143982,0.9872654151930078,0.0,0.011593457248765452,0.02,0.1006367292403496,0.0,carpet,12345,2458048367,0,0,6,0,0,0,-0.2443622350692749,-0.28421321511268616,-0.014707365073263645,-0.21286028623580933,-0.08830466866493225,-0.35633617639541626,-0.03220383822917938,0.08336029201745987,0.02303234674036503,0.9769676327705383,0.16028979420661926,-1.0,-1.0,-1.0,-1.0,-1.0,-1.0,-1.0,1.0,0.0,0.0,0.0,1.0,0.0,0.0,0.0,1.0,0.0,0.0,0.0
20260320_140411_268302,6,30,1.9159679412841797,0.3020009994506836,-0.10217457431549705,-3.660197733512246,0.0,0.41152864244283194,-1.6295641660690308,1.3565085136900592,0.0,0.0,0.02,0.08217457431549705,0.0,carpet,12345,2458048367,0,0,6,0,0,0,-0.8170261979103088,-0.6251150965690613,-0.6578372716903687,0.10190311819314957,0.8959639668464661,0.07739091664552689,-0.9295533895492554,0.05380592495203018,0.043605368584394455,0.956394612789154,0.0887051671743393,-1.0,-1.0,-1.0,-1.0,-1.0,-1.0,-1.0,1.0,0.0,0.0,0.0,1.0,0.0,0.0,0.0,1.0,0.0,0.0,0.0
20260320_140411_268302,6,31,1.9220266342163086,0.2906174063682556,-0.06873494280871,-3.728932676320956,0.0,0.593236308892827,1.1383593082427979,2.0253011438258,0.0,0.0,0.02,0.04873494280871,0.0,carpet,12345,2458048367,0,0,6,0,0,0,0.08531899750232697,0.09398871660232544,-0.10432320088148117,0.41407403349876404,0.7922887206077576,-0.7498804926872253,-0.233513742685318,-0.022792434319853783,0.029250584542751312,0.9707494378089905,-0.11121320724487305,-1.0,-1.0,-1.0,-1.0,-1.0,-1.0,-1.0,1.0,0.0,0.0,0.0,1.0,0.0,0.0,0.0,1.0,0.0,0.0,0.0
20260320_140411_268302,6,32,2.0024445056915283,0.3201068937778473,-0.04806551585716193,-3.776998192178118,0.0,-0.2923099535701681,-2.9489487409591675,2.4386896828567615,0.0,0.0,0.02,0.028065515857161927,0.0,carpet,12345,2458048367,0,0,6,0,0,0,0.5204253196716309,0.9782114624977112,-0.11576041579246521,0.4299446940422058,0.9342173337936401,0.2794364392757416,0.7287564277648926,-0.01521911658346653,0.03927835449576378,0.9607216119766235,-0.025728335604071617,-1.0,-1.0,-1.0,-1.0,-1.0,-1.0,-1.0,1.0,0.0,0.0,0.0,1.0,0.0,0.0,0.0,1.0,0.0,0.0,0.0
20260320_140411_268302,6,33,1.9944125413894653,0.3049694895744324,-0.03795397795827682,-3.814952170136395,0.0,0.15920263990776107,1.5137404203414917,2.6409204408344635,0.0,0.0,0.02,0.017953977958276822,0.0,carpet,12345,2458048367,0,0,6,0,0,0,0.24475739896297455,-0.6374330520629883,0.6416423320770264,-0.8157345056533813,0.17976929247379303,-0.44630274176597595,0.3559521734714508,0.08530311286449432,0.013301161117851734,0.9866988658905029,0.20082898437976837,-1.0,-1.0,-1.0,-1.0,-1.0,-1.0,-1.0,1.0,0.0,0.0,0.0,1.0,0.0,0.0,0.0,1.0,0.0,0.0,0.0
20260320_140411_268302,6,34,1.998497486114502,0.3203120529651642,-0.08503057776087218,-3.8999827478972673,0.0,-0.2641621048374958,-1.5342563390731812,1.6993884447825565,0.0,0.0,0.02,0.06503057776087218,0.0,carpet,12345,2458048367,0,0,6,0,0,0,0.9280028939247131,-0.42217129468917847,-0.16035278141498566,0.20145964622497559,0.07516574114561081,-0.5766451954841614,0.8433409333229065,0.07526321709156036,0.026635656133294106,0.9733643531799316,0.15456178784370422,-1.0,-1.0,-1.0,-1.0,-1.0,-1.0,-1.0,1.0,0.0,0.0,0.0,1.0,0.0,0.0,0.0,1.0,0.0,0.0,0.0
20260320_140411_268302,6,35,1.9965592622756958,0.2949892282485962,-0.11787777139390812,-4.017860519291175,0.0,0.43494903928608153,2.5322824716567993,1.0424445721218376,0.0,0.0,0.02,0.09787777139390812,0.0,carpet,12345,2458048367,0,0,6,0,0,0,-0.2594013810157776,0.35253217816352844,-0.5093646049499512,-0.2035772204399109,0.3681105673313141,0.20037725567817688,0.05874976888298988,0.08036937564611435,0.013120440766215324,0.9868795871734619,0.22613418102264404,-1.0,-1.0,-1.0,-1.0,-1.0,-1.0,-1.0,1.0,0.0,0.0,0.0,1.0,0.0,0.0,0.0,1.0,0.0,0.0,0.0
20260320_140411_268302,6,36,1.9793405532836914,0.29135146737098694,-0.11759641344580955,-4.135456932736985,0.0,0.41715580140480313,0.3637760877609253,1.0480717310838088,0.0,0.0,0.02,0.09759641344580955,0.0,carpet,12345,2458048367,0,0,6,0,0,0,-0.5615158081054688,0.7999641299247742,0.47056815028190613,0.5081503391265869,0.3961265981197357,0.29735708236694336,-0.4961317777633667,0.07794666290283203,0.035427238792181015,0.9645727872848511,0.10540087521076202,-1.0,-1.0,-1.0,-1.0,-1.0,-1.0,-1.0,1.0,0.0,0.0,0.0,1.0,0.0,0.0,0.0,1.0,0.0,0.0,0.0
20260320_140411_268302,6,37,1.946884036064148,0.2908957004547119,-0.1310451776924279,-4.266502110429413,0.0,0.3242610239604602,0.04557669162750244,0.779096446151442,0.0,0.0,0.02,0.1110451776924279,0.0,carpet,12345,2458048367,0,0,6,0,0,0,-0.1782343089580536,-0.5521699786186218,-0.4397284686565399,-0.663317859172821,0.6231237649917603,-0.30733221769332886,-0.5734767913818359,0.056423187255859375,0.03863172233104706,0.9613682627677917,0.021627264097332954,-1.0,-1.0,-1.0,-1.0,-1.0,-1.0,-1.0,1.0,0.0,0.0,0.0,1.0,0.0,0.0,0.0,1.0,0.0,0.0,0.0
20260320_140411_268302,6,38,2.0473930835723877,0.3608900308609009,-0.16999999999999998,-4.436502110429413,0.0,-1.5066624921843612,-6.9994330406188965,-0.4352560924627511,0.0,0.0,0.02,0.15,0.0,carpet,12345,2458048367,0,0,6,0,0,0,-0.22558584809303284,0.371801495552063,-1.0,-0.07746131718158722,0.5504760146141052,0.43686869740486145,0.796829342842102,0.0158525463193655,0.03903321921825409,0.9609667658805847,-0.03228696808218956,-1.0,-1.0,-1.0,-1.0,-1.0,-1.0,-1.0,1.0,0.0,0.0,0.0,1.0,0.0,0.0,0.0,1.0,0.0,0.0,0.0
20260320_140411_268302,6,39,2.036865234375,0.37104180455207825,-0.17258895631451476,-4.609091066743928,0.0,-1.3837912114177158,-1.0151773691177368,-1.978249943788228,0.0,0.051779126290295324,0.02,0.15,0.0,carpet,12345,2458048367,0,0,6,0,0,0,0.385246217250824,0.024112077429890633,-0.9006638526916504,-0.4784795343875885,1.0,-0.11989331990480423,0.9866066575050354,0.14148883521556854,-0.022624602541327477,1.0,0.32239317893981934,-1.0,-1.0,-1.0,-1.0,-1.0,-1.0,-1.0,1.0,0.0,0.0,0.0,1.0,0.0,0.0,0.0,1.0,0.0,0.0,0.0
20260320_140411_268302,6,40,2.036540985107422,0.3296980857849121,-0.17204118970534418,-4.781132256449272,0.0,-0.004250439384122728,4.134371876716614,-1.7183382783348549,0.0,0.04082379410688411,0.02,0.15,0.0,carpet,12345,2458048367,0,0,6,0,0,0,-0.584905207157135,0.058537498116493225,0.8452333211898804,0.38533374667167664,0.6849098801612854,0.7631664872169495,-0.2285321205854416,0.1283290833234787,-0.03156724572181702,1.0,0.3372122049331665,-1.0,-1.0,-1.0,-1.0,-1.0,-1.0,-1.0,1.0,0.0,0.0,0.0,1.0,0.0,0.0,0.0,1.0,0.0,0.0,0.0
20260320_140411_268302,6,41,1.9342728853225708,0.3120049238204956,-0.16999999999999998,-4.951132256449272,0.0,0.43914121957230634,1.7693161964416504,-1.71414609804863,0.0,0.0,0.02,0.15,0.0,carpet,12345,2458048367,0,0,6,0,0,0,0.35505881905555725,-0.529826819896698,-0.008893284946680069,-0.17010630667209625,0.8842443227767944,-0.7648229598999023,-0.6188921332359314,0.12792377173900604,0.004852286074310541,0.995147705078125,0.14574143290519714,-1.0,-1.0,-1.0,-1.0,-1.0,-1.0,-1.0,1.0,0.0,0.0,0.0,1.0,0.0,0.0,0.0,1.0,0.0,0.0,0.0
20260320_140411_268302,6,42,2.014535903930664,0.34200987219810486,-0.17079226981077505,-5.121924526260047,0.0,-0.4207677947609909,-3.0004948377609253,-2.552069694214424,0.0,0.015845396215501455,0.02,0.15,0.0,carpet,12345,2458048367,0,0,6,0,0,0,0.4186535179615021,0.5158289670944214,-0.8274744749069214,-0.06000728905200958,-0.35997533798217773,0.4605324864387512,0.6289727687835693,8.869171142578125e-05,0.02043815329670906,0.9795618653297424,-0.09172990173101425,-1.0,-1.0,-1.0,-1.0,-1.0,-1.0,-1.0,1.0,0.0,0.0,0.0,1.0,0.0,0.0,0.0,1.0,0.0,0.0,0.0
20260320_140411_268302,6,43,2.0274364948272705,0.36279499530792236,-0.17328764341016228,-5.29521216967021,0.0,-0.8352039238161808,-2.0785123109817505,-3.711534641991065,0.0,0.06575286820324619,0.02,0.15,0.0,carpet,12345,2458048367,0,0,6,0,0,0,-0.7189851999282837,-0.8696151971817017,0.24799111485481262,-1.0,0.06689091771841049,0.8739749193191528,0.7287123799324036,0.10041733086109161,-0.005993126891553402,1.0,0.28733545541763306,-1.0,-1.0,-1.0,-1.0,-1.0,-1.0,-1.0,1.0,0.0,0.0,0.0,1.0,0.0,0.0,0.0,1.0,0.0,0.0,0.0
20260320_140411_268302,6,44,1.9937515258789062,0.32150232791900635,-0.1735757590156725,-5.468787928685882,0.0,0.4059137418607577,4.129266738891602,-1.7989584079459462,0.0,0.07151518031344979,0.02,0.15,0.0,carpet,12345,2458048367,0,0,6,0,0,0,-0.988819420337677,-0.8878695964813232,0.7614752650260925,-0.8531244993209839,0.7070310711860657,-0.9614527225494385,0.44946926832199097,0.11654319614171982,-0.024302663281559944,1.0,0.32443705201148987,-1.0,-1.0,-1.0,-1.0,-1.0,-1.0,-1.0,1.0,0.0,0.0,0.0,1.0,0.0,0.0,0.0,1.0,0.0,0.0,0.0
20260320_140411_268302,6,45,1.9756730794906616,0.3046830892562866,-0.15584593096125568,-5.624633859647138,0.0,0.7249162729635685,1.6819238662719727,0.3097490764353381,0.0,0.02666769566045204,0.02,0.13451254617823308,0.0,carpet,12345,2458048367,0,0,6,0,0,0,-0.5072135925292969,-0.7619331479072571,-0.38630151748657227,-0.3731711506843567,-0.177475705742836,0.8002757430076599,-0.6262281537055969,0.07443694770336151,0.012071909382939339,0.9879281520843506,0.21535737812519073,-1.0,-1.0,-1.0,-1.0,-1.0,-1.0,-1.0,1.0,0.0,0.0,0.0,1.0,0.0,0.0,0.0,1.0,0.0,0.0,0.0
20260320_140411_268302,6,46,2.0083394050598145,0.3323902487754822,-0.16487206025851348,-5.789505919905651,0.0,-0.14899178325721607,-2.7707159519195557,0.16500773256224477,0.0,0.062448937732514566,0.02,0.14174961337188777,0.0,carpet,12345,2458048367,0,0,6,0,0,0,0.027287015691399574,-0.6979939341545105,0.5466206669807434,-0.8614662289619446,0.32767021656036377,0.22564652562141418,0.7334414720535278,0.05183887481689453,0.026887934654951096,0.9731120467185974,0.045996736735105515,-1.0,-1.0,-1.0,-1.0,-1.0,-1.0,-1.0,1.0,0.0,0.0,0.0,1.0,0.0,0.0,0.0,1.0,0.0,0.0,0.0
20260320_140411_268302,6,47,1.9785934686660767,0.29677852988243103,-0.14611991931335017,-5.935625839219002,0.0,0.7785491348833631,3.5611718893051147,0.5044156478733015,0.0,0.026814034140304907,0.02,0.12477921760633492,0.0,carpet,12345,2458048367,0,0,6,0,0,0,0.2395906001329422,-0.9201768040657043,-0.2254875898361206,-0.7030407190322876,0.8592131733894348,0.1415107548236847,-0.31560859084129333,0.09267177432775497,0.0024807825684547424,0.9975192546844482,0.28509923815727234,-1.0,-1.0,-1.0,-1.0,-1.0,-1.0,-1.0,1.0,0.0,0.0,0.0,1.0,0.0,0.0,0.0,1.0,0.0,0.0,0.0
20260320_140411_268302,6,48,1.9700191020965576,0.2933070957660675,-0.09020594266470468,-6.025831781883706,0.0,0.670697704071614,0.34714341163635254,1.5958811467059064,0.0,0.0,0.02,0.07020594266470467,0.0,carpet,12345,2458048367,0,0,6,0,0,0,-0.8889963030815125,-1.0,-0.0008468299638479948,-0.9556480646133423,-0.2693816125392914,-0.37864217162132263,-0.4798627197742462,0.055489350110292435,0.03385104611515999,0.9661489725112915,0.06992191821336746,-1.0,-1.0,-1.0,-1.0,-1.0,-1.0,-1.0,1.0,0.0,0.0,0.0,1.0,0.0,0.0,0.0,1.0,0.0,0.0,0.0
20260320_140411_268302,6,49,1.962754487991333,0.2984384596347809,-0.02970878740710148,-6.055540569290808,0.0,0.37473918133588313,-0.5131363868713379,2.8058242518579704,0.0,0.0,0.02,0.009708787407101481,0.0,carpet,12345,2458048367,0,0,6,0,0,0,-0.23623362183570862,-0.6102325916290283,0.020518692210316658,0.20301567018032074,0.4685114026069641,0.8324703574180603,-0.6982018947601318,0.044771384447813034,0.03690901771187782,0.9630910158157349,0.04980442300438881,-1.0,-1.0,-1.0,-1.0,-1.0,-1.0,-1.0,1.0,0.0,0.0,0.0,1.0,0.0,0.0,0.0,1.0,0.0,0.0,0.0
20260320_140411_268302,6,50,1.9641034603118896,0.3013684153556824,-0.039614199851171324,-6.095154769141979,0.0,0.2078054929793609,-0.2929955720901489,2.6077160029765736,0.0,0.0,0.02,0.019614199851171323,0.0,carpet,12345,2458048367,0,0,6,0,0,0,-0.5928635597229004,-1.0,-0.5190295577049255,0.5659786462783813,-1.0,0.9584285616874695,-0.608187735080719,0.03569068759679794,0.03238882124423981,0.9676111340522766,-0.0016703128349035978,-1.0,-1.0,-1.0,-1.0,-1.0,-1.0,-1.0,1.0,0.0,0.0,0.0,1.0,0.0,0.0,0.0,1.0,0.0,0.0,0.0
20260320_140411_268302,6,51,1.959742546081543,0.2851293981075287,-0.047768535952431246,-6.142923305094411,0.0,0.56182955093837,1.6239017248153687,2.444629280951375,0.0,0.0,0.02,0.02776853595243125,0.0,carpet,12345,2458048367,0,0,6,0,0,0,-0.0026850521098822355,0.9116086363792419,0.18883250653743744,0.43213364481925964,0.020013321191072464,0.4741264581680298,-0.656213104724884,0.03737678378820419,0.029807832092046738,0.9701921939849854,0.020584003999829292,-1.0,-1.0,-1.0,-1.0,-1.0,-1.0,-1.0,1.0,0.0,0.0,0.0,1.0,0.0,0.0,0.0,1.0,0.0,0.0,0.0
20260320_140411_268302,6,52,1.961843490600586,0.28491953015327454,-0.02,-6.16292330509441,0.0,0.4266188620601383,0.02098679542541504,3.0202399262687294,0.0,0.0,0.02,0.0,0.0,carpet,12345,2458048367,0,0,6,0,0,0,-0.5958057641983032,-0.09153169393539429,0.6738436222076416,0.7030458450317383,0.8502169251441956,0.8352226614952087,-0.5449606776237488,0.03192577511072159,0.04411273077130318,0.9558872580528259,0.0017110987100750208,-1.0,-1.0,-1.0,-1.0,-1.0,-1.0,-1.0,1.0,0.0,0.0,0.0,1.0,0.0,0.0,0.0,1.0,0.0,0.0,0.0
20260320_140411_268302,6,53,1.957257866859436,0.2652774155139923,-0.02,-6.18292330509441,0.0,0.8110170125271452,1.9642114639282227,3.0527078039125115,0.0,0.0,0.02,0.0,0.0,carpet,12345,2458048367,0,0,6,0,0,0,-0.6925050616264343,0.9325295686721802,-0.07994548231363297,0.3084280788898468,0.5939124226570129,-1.0,0.007628722582012415,0.03455200046300888,0.04429760202765465,0.9557023644447327,0.002348885638639331,-1.0,-1.0,-1.0,-1.0,-1.0,-1.0,-1.0,1.0,0.0,0.0,0.0,1.0,0.0,0.0,0.0,1.0,0.0,0.0,0.0
20260320_140411_268302,6,54,1.987245798110962,0.2712234556674957,-0.027918907230066452,-6.210842212324477,0.0,0.45961175555777345,-0.5946040153503418,2.841621855398671,0.0,0.0,0.02,0.007918907230066451,0.0,carpet,12345,2458048367,0,0,6,0,0,0,-0.38463884592056274,-0.3544306457042694,0.11680267006158829,0.17032025754451752,-0.17934755980968475,0.7804983258247375,0.15163007378578186,0.028819847851991653,0.06160027161240578,0.9383997321128845,0.036835312843322754,-1.0,-1.0,-1.0,-1.0,-1.0,-1.0,-1.0,1.0,0.0,0.0,0.0,1.0,0.0,0.0,0.0,1.0,0.0,0.0,0.0
20260320_140411_268302,6,55,2.0215654373168945,0.32098302245140076,-0.09161988394332468,-6.302462096267801,0.0,-0.8992803529292814,-4.975956678390503,1.5676023211335064,0.0,0.0,0.02,0.07161988394332468,0.0,carpet,12345,2458048367,0,0,6,0,0,0,0.05434882640838623,0.9913190007209778,-0.5076203346252441,-0.6296864151954651,0.713549792766571,0.254925012588501,0.8464616537094116,0.0663047805428505,0.05636243522167206,0.9436375498771667,0.11815300583839417,-1.0,-1.0,-1.0,-1.0,-1.0,-1.0,-1.0,1.0,0.0,0.0,0.0,1.0,0.0,0.0,0.0,1.0,0.0,0.0,0.0
20260320_140411_268302,6,56,2.0097997188568115,0.29106608033180237,-0.09906996187017852,-6.401532058137979,0.0,0.07346328829299864,2.991694211959839,1.4332601164471441,0.0,0.01465935385071462,0.02,0.0783369941776428,0.0,carpet,12345,2458048367,0,0,6,0,0,0,0.46226754784584045,-0.5043514370918274,0.15502814948558807,-0.42963218688964844,0.010534555651247501,-0.12416915595531464,0.529971718788147,0.10920429229736328,0.012529388070106506,0.9874705672264099,0.2915824055671692,-1.0,-1.0,-1.0,-1.0,-1.0,-1.0,-1.0,1.0,0.0,0.0,0.0,1.0,0.0,0.0,0.0,1.0,0.0,0.0,0.0
20260320_140411_268302,6,57,1.9967944622039795,0.2753148078918457,-0.10398450786362873,-6.505516566001608,0.0,0.4488792772186514,1.5751272439956665,1.3203098427274256,0.0,0.0,0.02,0.08398450786362872,0.0,carpet,12345,2458048367,0,0,6,0,0,0,-0.8011996746063232,-0.9011585116386414,0.27358147501945496,0.0885007306933403,-0.12849228084087372,0.6207578778266907,-0.2459736168384552,0.09449710696935654,0.03888312727212906,0.9611168503761292,0.24713675677776337,-1.0,-1.0,-1.0,-1.0,-1.0,-1.0,-1.0,1.0,0.0,0.0,0.0,1.0,0.0,0.0,0.0,1.0,0.0,0.0,0.0
20260320_140411_268302,6,58,2.007585048675537,0.285470575094223,-0.12205933166768079,-6.627575897669289,0.0,0.08276527785456267,-1.015576720237732,0.9764562585218499,0.0,0.017642891875465715,0.02,0.1011771870739075,0.0,carpet,12345,2458048367,0,0,6,0,0,0,-1.0,0.5356179475784302,0.6421688795089722,-0.6421036124229431,0.60726398229599,0.32236960530281067,0.431347519159317,0.07824058830738068,0.05275836959481239,0.9472416043281555,0.09982015937566757,-1.0,-1.0,-1.0,-1.0,-1.0,-1.0,-1.0,1.0,0.0,0.0,0.0,1.0,0.0,0.0,0.0,1.0,0.0,0.0,0.0
20260320_140411_268302,6,59,2.0168967247009277,0.3111913800239563,-0.17317117117493974,-6.800747068844229,0.0,-0.5809461648524064,-2.5720804929733276,-0.41550691885770163,0.0,0.0634234234987949,0.02,0.15,0.0,carpet,12345,2458048367,0,0,6,0,0,0,0.8851296305656433,0.1040610820055008,-0.8020680546760559,-0.9032531380653381,-1.0,-6.995478179305792e-05,1.0,0.09172878414392471,0.04381218180060387,0.9561878442764282,0.2005579024553299,-1.0,-1.0,-1.0,-1.0,-1.0,-1.0,-1.0,1.0,0.0,0.0,0.0,1.0,0.0,0.0,0.0,1.0,0.0,0.0,0.0
20260320_140411_268302,6,60,2.011136531829834,0.2869291603565216,-0.1737753041855932,-6.9745223730298225,0.0,0.17084586804655544,2.4262219667434692,-0.7042728063689196,0.0,0.07550608371186442,0.02,0.15,0.0,carpet,12345,2458048367,0,0,6,0,0,0,0.9895769357681274,-0.743578314781189,0.14138296246528625,-0.5005742907524109,-0.27776986360549927,0.2869889736175537,0.43808117508888245,0.103368379175663,0.021154798567295074,0.9788452386856079,0.31176987290382385,-1.0,-1.0,-1.0,-1.0,-1.0,-1.0,-1.0,1.0,0.0,0.0,0.0,1.0,0.0,0.0,0.0,1.0,0.0,0.0,0.0
20260320_140411_268302,6,61,1.9299787282943726,0.23600313067436218,-0.09141025022599296,-7.065932623255815,0.0,1.4012851430888986,5.092602968215942,1.5962926896492604,0.0,0.024497694169119625,0.02,0.07018536551753697,0.0,carpet,12345,2458048367,0,0,6,0,0,0,0.39661905169487,-0.15087071061134338,0.6440086364746094,0.5226537585258484,-0.4877822697162628,-0.1414417326450348,-0.08863113075494766,0.0961681380867958,0.04252731427550316,0.9574726819992065,0.23512154817581177,-1.0,-1.0,-1.0,-1.0,-1.0,-1.0,-1.0,1.0,0.0,0.0,0.0,1.0,0.0,0.0,0.0,1.0,0.0,0.0,0.0
20260320_140411_268302,6,62,1.8653985261917114,0.23146981000900269,-0.03564368623465313,-7.1015763094904685,0.0,1.1642968739506756,0.4533320665359497,2.6871262753069374,0.0,0.0,0.02,0.01564368623465313,0.0,carpet,12345,2458048367,0,0,6,0,0,0,-0.09516245871782303,-0.31744182109832764,0.2518761456012726,0.021979350596666336,-0.06923405081033707,-0.7675351500511169,-0.20267760753631592,-0.005278968717902899,0.08738791197538376,0.9126120805740356,0.028212452307343483,-1.0,-1.0,-1.0,-1.0,-1.0,-1.0,-1.0,1.0,0.0,0.0,0.0,1.0,0.0,0.0,0.0,1.0,0.0,0.0,0.0
20260320_140411_268302,6,63,1.9317890405654907,0.2617793679237366,-0.052313464715853256,-7.153889774206322,0.0,0.11548370759464888,-3.0309557914733887,2.353730705682935,0.0,0.0,0.02,0.03231346471585326,0.0,carpet,12345,2458048367,0,0,6,0,0,0,-0.6815826892852783,-0.438371866941452,0.6818516850471497,0.5517143607139587,-0.5910807251930237,0.290086030960083,0.6574081778526306,-0.08600425720214844,0.09138130396604538,0.908618688583374,-0.08169718831777573,-1.0,-1.0,-1.0,-1.0,-1.0,-1.0,-1.0,1.0,0.0,0.0,0.0,1.0,0.0,0.0,0.0,1.0,0.0,0.0,0.0
20260320_140411_268302,6,64,1.9154632091522217,0.2507344186306,-0.038314902957360605,-7.192204677163682,0.0,0.3627365130244158,1.1044949293136597,2.633701940852788,0.0,0.0,0.02,0.0183149029573606,0.0,carpet,12345,2458048367,0,0,6,0,0,0,-0.42672502994537354,0.161228209733963,-0.38969242572784424,-0.06958207488059998,-0.5640994310379028,0.8743586540222168,-0.34968116879463196,-0.0030160904861986637,0.06468170136213303,0.9353182911872864,0.1305215060710907,-1.0,-1.0,-1.0,-1.0,-1.0,-1.0,-1.0,1.0,0.0,0.0,0.0,1.0,0.0,0.0,0.0,1.0,0.0,0.0,0.0
20260320_140411_268302,6,65,1.9046086072921753,0.2268621176481247,-0.02,-7.212204677163681,0.0,0.8688599093301832,2.387230098247528,4.0835080150353775,0.0,0.0,0.02,0.0,0.0,carpet,12345,2458048367,0,0,6,0,0,0,-0.15363085269927979,-1.0,0.35453200340270996,-0.38908103108406067,-0.0610848069190979,-0.7110400199890137,0.009314650669693947,-0.023423384875059128,0.07441116124391556,0.925588846206665,-0.009026399813592434,-1.0,-1.0,-1.0,-1.0,-1.0,-1.0,-1.0,1.0,0.0,0.0,0.0,1.0,0.0,0.0,0.0,1.0,0.0,0.0,0.0
20260320_140411_268302,6,66,1.8914152383804321,0.23335641622543335,-0.02,-7.232204677163681,0.0,0.4892874675649068,-0.6494298577308655,4.401949614553729,0.0,0.0,0.02,0.0,0.0,carpet,12345,2458048367,0,0,6,0,0,0,-0.01523286011070013,-0.6247302889823914,0.06906715780496597,0.6742454767227173,-0.6876945495605469,-0.24902966618537903,-0.001818005577661097,-0.03699169307947159,0.09544019401073456,0.9045597910881042,0.020446714013814926,-1.0,-1.0,-1.0,-1.0,-1.0,-1.0,-1.0,1.0,0.0,0.0,0.0,1.0,0.0,0.0,0.0,1.0,0.0,0.0,0.0
20260320_140411_268302,6,67,1.924316167831421,0.24745190143585205,-0.02,-7.252204677163681,0.0,0.014578470413226796,-1.4095485210418701,3.015242941878057,0.0,0.0,0.02,0.0,0.0,carpet,12345,2458048367,0,0,6,0,0,0,0.39565378427505493,-0.3454291820526123,0.38851991295814514,-0.8624083399772644,-0.11278720200061798,-0.07663638889789581,0.7982017993927002,-0.05348338931798935,0.08971939235925674,0.9102805852890015,-0.0035690790973603725,-1.0,-1.0,-1.0,-1.0,-1.0,-1.0,-1.0,1.0,0.0,0.0,0.0,1.0,0.0,0.0,0.0,1.0,0.0,0.0,0.0
20260320_140411_268302,6,68,1.9149372577667236,0.2582046687602997,-0.09034696311869411,-7.342551640282375,0.0,-0.2578853303012636,-1.0752767324447632,1.5930607376261179,0.0,0.0,0.02,0.07034696311869411,0.0,carpet,12345,2458048367,0,0,6,0,0,0,0.01654805988073349,-0.3893294632434845,0.9417501091957092,-0.5603451728820801,-0.23288506269454956,-0.8109906315803528,0.8395688533782959,-0.012357329949736595,0.0773027241230011,0.9226973056793213,0.14427456259727478,-1.0,-1.0,-1.0,-1.0,-1.0,-1.0,-1.0,1.0,0.0,0.0,0.0,1.0,0.0,0.0,0.0,1.0,0.0,0.0,0.0
20260320_140411_268302,6,69,1.9207171201705933,0.2606172263622284,-0.10880754538713518,-7.45135918566951,0.0,-0.2537279377741726,-0.2412557601928711,1.2238490922572964,0.0,0.0,0.02,0.08880754538713517,0.0,carpet,12345,2458048367,0,0,6,0,0,0,-0.5504945516586304,-0.09165888279676437,-0.8298751711845398,-0.5694321990013123,-0.3894729018211365,-0.32926511764526367,0.9935676455497742,-0.024080848321318626,0.0678306445479393,0.9321693181991577,0.14643561840057373,-1.0,-1.0,-1.0,-1.0,-1.0,-1.0,-1.0,1.0,0.0,0.0,0.0,1.0,0.0,0.0,0.0,1.0,0.0,0.0,0.0
20260320_140411_268302,6,70,1.917829990386963,0.25836828351020813,-0.13364799013986228,-7.5850071758093724,0.0,-0.1340723820301264,0.22489428520202637,0.7270401972027543,0.0,0.0,0.02,0.11364799013986228,0.0,carpet,12345,2458048367,0,0,6,0,0,0,1.0,-0.3385726809501648,0.5047966837882996,-0.3857467770576477,-0.0964130237698555,-0.40076959133148193,0.8213171362876892,-0.016856003552675247,0.06570543348789215,0.934294581413269,0.1719283014535904,-1.0,-1.0,-1.0,-1.0,-1.0,-1.0,-1.0,1.0,0.0,0.0,0.0,1.0,0.0,0.0,0.0,1.0,0.0,0.0,0.0
20260320_140411_268302,6,71,1.9272215366363525,0.2377862185239792,-0.15639111869971428,-7.741398294509087,0.0,0.413997338133143,2.0582064986228943,0.27217762600571405,0.0,0.0,0.02,0.1363911186997143,0.0,carpet,12345,2458048367,0,0,6,0,0,0,0.2914314270019531,0.19450026750564575,0.19960527122020721,-0.11155182868242264,0.8731361627578735,0.8032021522521973,0.5857595801353455,-0.02046489715576172,0.06768651306629181,0.9323135018348694,0.1639700084924698,-1.0,-1.0,-1.0,-1.0,-1.0,-1.0,-1.0,1.0,0.0,0.0,0.0,1.0,0.0,0.0,0.0,1.0,0.0,0.0,0.0
20260320_140411_268302,6,72,1.8150187730789185,0.24033422768115997,-0.168515603344444,-7.909913897853531,0.0,0.24679777467031272,-0.2548009157180786,0.029687933111119946,0.0,0.0,0.02,0.148515603344444,0.0,carpet,12345,2458048367,0,0,6,0,0,0,-0.8423066735267639,-0.30395233631134033,0.151601180434227,-0.1292341947555542,-0.6682466864585876,-0.6958504319190979,-0.6812212467193604,-0.008725548163056374,0.08581719547510147,0.9141828417778015,0.1272038370370865,-1.0,-1.0,-1.0,-1.0,-1.0,-1.0,-1.0,1.0,0.0,0.0,0.0,1.0,0.0,0.0,0.0,1.0,0.0,0.0,0.0
20260320_140411_268302,6,73,1.8274778127670288,0.23814378678798676,-0.15725155919850065,-8.067165457052031,0.0,0.2398593533320934,0.21904408931732178,0.25496881602998656,0.0,0.0,0.02,0.13725155919850066,0.0,carpet,12345,2458048367,0,0,6,0,0,0,-0.015209111385047436,0.9568045139312744,-0.2232821136713028,0.32711270451545715,-0.9024157524108887,-0.8595892786979675,0.05420813336968422,-0.14897899329662323,0.08357266336679459,0.9164273738861084,-0.18752746284008026,-1.0,-1.0,-1.0,-1.0,-1.0,-1.0,-1.0,1.0,0.0,0.0,0.0,1.0,0.0,0.0,0.0,1.0,0.0,0.0,0.0
20260320_140411_268302,6,74,1.7367222309112549,0.2948654592037201,-0.16999999999999998,-8.237165457052031,0.0,-1.2381472953942847,-5.672167241573334,-0.7252931490630345,0.0,0.0,0.02,0.15,0.0,carpet,12345,2458048367,0,0,6,0,0,0,0.8627880215644836,0.5564746856689453,0.1667330414056778,0.27550289034843445,-0.8660913705825806,-0.47066783905029297,-0.7847122550010681,-0.13340511918067932,0.08550221472978592,0.9144977927207947,-0.07019614428281784,-1.0,-1.0,-1.0,-1.0,-1.0,-1.0,-1.0,1.0,0.0,0.0,0.0,1.0,0.0,0.0,0.0,1.0,0.0,0.0,0.0
20260320_140411_268302,6,75,1.7996540069580078,0.24591074883937836,-0.16999999999999998,-8.40716545705203,0.0,0.2952572875628334,4.895471036434174,-0.17630792372602855,0.0,0.0,0.02,0.15,0.0,carpet,12345,2458048367,0,0,6,0,0,0,-0.6359863877296448,0.9495064616203308,0.5106521248817444,-0.4765837490558624,0.8303495049476624,0.18760733306407928,0.0079654511064291,-0.24684962630271912,0.0355362631380558,0.9644637107849121,-0.3171555995941162,-1.0,-1.0,-1.0,-1.0,-1.0,-1.0,-1.0,1.0,0.0,0.0,0.0,1.0,0.0,0.0,0.0,1.0,0.0,0.0,0.0
20260320_140411_268302,6,76,1.7858713865280151,0.2654348909854889,-0.16999999999999998,-8.57716545705203,0.0,-0.2666605879806383,-1.9524142146110535,-0.30889612967654045,0.0,0.0,0.02,0.15,0.0,carpet,12345,2458048367,0,0,6,0,0,0,-0.5144647359848022,0.47015640139579773,-0.7877294421195984,-1.0,0.5268052816390991,0.19335389137268066,-0.8852158784866333,-0.1681850403547287,0.07866032421588898,0.9213396310806274,-0.12263818085193634,-1.0,-1.0,-1.0,-1.0,-1.0,-1.0,-1.0,1.0,0.0,0.0,0.0,1.0,0.0,0.0,0.0,1.0,0.0,0.0,0.0
20260320_140411_268302,6,77,1.7909646034240723,0.2549290060997009,-0.1703982276266201,-8.747563684678651,0.0,0.06265168115922393,1.0505884885787964,-0.6602417866504595,0.0,0.007964552532402117,0.02,0.15,0.0,carpet,12345,2458048367,0,0,6,0,0,0,0.5896727442741394,0.10573899745941162,0.616403341293335,0.11717797070741653,0.03119134157896042,0.4438421428203583,-0.7166099548339844,-0.1854131668806076,0.06146155670285225,0.9385384321212769,-0.24184392392635345,-1.0,-1.0,-1.0,-1.0,-1.0,-1.0,-1.0,1.0,0.0,0.0,0.0,1.0,0.0,0.0,0.0,1.0,0.0,0.0,0.0
20260320_140411_268302,6,78,1.8105305433273315,0.23875313997268677,-0.17063556166743138,-8.918199246346083,0.0,0.45138541404477905,1.617586612701416,-0.4556541472759932,0.0,0.01271123334862801,0.02,0.15,0.0,carpet,12345,2458048367,0,0,6,0,0,0,-0.33033299446105957,-0.26646703481674194,-0.05105207860469818,-0.24665072560310364,0.35338160395622253,0.4138539135456085,-0.4708811044692993,-0.179046630859375,0.07071616500616074,0.929283857345581,-0.22089944779872894,-1.0,-1.0,-1.0,-1.0,-1.0,-1.0,-1.0,1.0,0.0,0.0,0.0,1.0,0.0,0.0,0.0,1.0,0.0,0.0,0.0
20260320_140411_268302,6,79,1.9469324350357056,0.24959145486354828,-0.16999999999999998,-9.088199246346083,0.0,0.0675811882620394,-1.0838314890861511,-0.6279323123460472,0.0,0.0,0.02,0.15,0.0,carpet,12345,2458048367,0,0,6,0,0,0,0.3680899143218994,-0.746990978717804,0.17147567868232727,-0.9311589002609253,1.0,0.7946683168411255,0.28457483649253845,-0.15458926558494568,0.08496543020009995,0.9150345325469971,-0.16209693253040314,-1.0,-1.0,-1.0,-1.0,-1.0,-1.0,-1.0,1.0,0.0,0.0,0.0,1.0,0.0,0.0,0.0,1.0,0.0,0.0,0.0
20260320_140411_268302,6,80,1.9917163848876953,0.2735125720500946,-0.16685635277094418,-9.255055599117027,0.0,-0.5473420384671215,-2.3921117186546326,0.06287294458111603,0.0,0.0,0.02,0.1468563527709442,0.0,carpet,12345,2458048367,0,0,6,0,0,0,0.19790546596050262,-0.6438789367675781,-0.6354787945747375,0.8477718830108643,0.6243404746055603,0.5458256006240845,0.5426070094108582,0.015913009643554688,0.07541800290346146,0.9245820045471191,0.1164119690656662,-1.0,-1.0,-1.0,-1.0,-1.0,-1.0,-1.0,1.0,0.0,0.0,0.0,1.0,0.0,0.0,0.0,1.0,0.0,0.0,0.0
20260320_140411_268302,6,81,1.9568345546722412,0.2413071095943451,-0.16188771552191708,-9.416943314638944,0.0,0.39463003254337536,3.220546245574951,0.16224568956165797,0.0,0.0,0.02,0.1418877155219171,0.0,carpet,12345,2458048367,0,0,6,0,0,0,-0.4769773483276367,0.618036150932312,-0.11082852631807327,-0.7192755341529846,-0.490365207195282,-0.8341546654701233,0.08465909212827682,0.07189293205738068,0.054345954209566116,0.945654034614563,0.21591287851333618,-1.0,-1.0,-1.0,-1.0,-1.0,-1.0,-1.0,1.0,0.0,0.0,0.0,1.0,0.0,0.0,0.0,1.0,0.0,0.0,0.0
20260320_140411_268302,6,82,1.9654825925827026,0.24888941645622253,-0.1432339434798547,-9.560177258118799,0.0,0.1064148528606097,-0.7582306861877441,0.535321130402906,0.0,0.0,0.02,0.1232339434798547,0.0,carpet,12345,2458048367,0,0,6,0,0,0,0.49866679310798645,0.8441470861434937,-0.7755822539329529,0.04831216484308243,0.838438093662262,0.8834282159805298,0.18254847824573517,0.028290748596191406,0.08271565288305283,0.9172843098640442,0.1269845962524414,-1.0,-1.0,-1.0,-1.0,-1.0,-1.0,-1.0,1.0,0.0,0.0,0.0,1.0,0.0,0.0,0.0,1.0,0.0,0.0,0.0
20260320_140411_268302,6,83,1.9724012613296509,0.2520197927951813,-0.14628894097924072,-9.70646619909804,0.0,0.0015517311715029791,-0.313037633895874,0.474221180415185,0.0,0.0,0.02,0.12628894097924073,0.0,carpet,12345,2458048367,0,0,6,0,0,0,-0.6630280017852783,-0.12255828082561493,0.17284102737903595,0.17353394627571106,0.18906502425670624,0.1586976945400238,0.42537784576416016,0.03910083696246147,0.07603643089532852,0.9239635467529297,0.12138716876506805,-1.0,-1.0,-1.0,-1.0,-1.0,-1.0,-1.0,1.0,0.0,0.0,0.0,1.0,0.0,0.0,0.0,1.0,0.0,0.0,0.0
20260320_140411_268302,6,84,1.8834277391433716,0.22980740666389465,-0.1410345390984415,-9.847500738196482,0.0,0.5564734516607643,2.221238613128662,0.5793092180311703,0.0,0.0,0.02,0.12103453909844149,0.0,carpet,12345,2458048367,0,0,6,0,0,0,-0.19187870621681213,0.35381779074668884,1.0,-0.4852238595485687,-0.5548070669174194,0.23176291584968567,-0.5863043069839478,0.04774913936853409,0.07327888906002045,0.9267211556434631,0.18951012194156647,-1.0,-1.0,-1.0,-1.0,-1.0,-1.0,-1.0,1.0,0.0,0.0,0.0,1.0,0.0,0.0,0.0,1.0,0.0,0.0,0.0
20260320_140411_268302,6,85,1.9539127349853516,0.28600266575813293,-0.16999999999999998,-10.017500738196482,0.0,-0.9875263886103625,-5.619525909423828,-0.47579835884123156,0.0,0.0,0.02,0.15,0.0,carpet,12345,2458048367,0,0,6,0,0,0,0.4448781907558441,-0.10603557527065277,0.7400004863739014,0.27286458015441895,-0.816210150718689,0.25071391463279724,1.0,-0.06346778571605682,0.09284570068120956,0.9071543216705322,-0.059077292680740356,-1.0,-1.0,-1.0,-1.0,-1.0,-1.0,-1.0,1.0,0.0,0.0,0.0,1.0,0.0,0.0,0.0,1.0,0.0,0.0,0.0
20260320_140411_268302,6,86,1.9415920972824097,0.2765294909477234,-0.16999999999999998,-10.187500738196482,0.0,-0.5038154211975439,0.9473174810409546,-0.43227174157165393,0.0,0.0,0.02,0.15,0.0,carpet,12345,2458048367,0,0,6,0,0,0,0.2160971611738205,0.983506977558136,0.16673873364925385,0.8691899180412292,-1.0,-0.16549941897392273,0.7175899147987366,0.02463836595416069,0.04334346204996109,0.9566565155982971,0.255188524723053,-1.0,-1.0,-1.0,-1.0,-1.0,-1.0,-1.0,1.0,0.0,0.0,0.0,1.0,0.0,0.0,0.0,1.0,0.0,0.0,0.0
20260320_140411_268302,6,87,1.8212268352508545,0.2549065947532654,-0.16999999999999998,-10.357500738196482,0.0,0.1627108389632923,2.162289619445801,-0.664190935151737,0.0,0.0,0.02,0.15,0.0,carpet,12345,2458048367,0,0,6,0,0,0,-0.6377393007278442,0.73744136095047,-0.11985187232494354,0.4142703413963318,0.8654524683952332,-0.8675359487533569,-0.4936562776565552,0.00923767127096653,0.05168836563825607,0.9483116269111633,0.20607803761959076,-1.0,-1.0,-1.0,-1.0,-1.0,-1.0,-1.0,1.0,0.0,0.0,0.0,1.0,0.0,0.0,0.0,1.0,0.0,0.0,0.0
20260320_140411_268302,6,88,1.8244303464889526,0.26240772008895874,-0.16999999999999998,-10.527500738196482,0.0,-0.0654950041698612,-0.7501125335693359,-0.8361007921822079,0.0,0.0,0.02,0.15,0.0,carpet,12345,2458048367,0,0,6,0,0,0,0.683556854724884,-0.9631205797195435,-0.3773275911808014,0.5397899150848389,-0.843393087387085,0.2765488624572754,-0.975160539150238,-0.14121894538402557,0.07073590159416199,0.9292641282081604,-0.19037725031375885,-1.0,-1.0,-1.0,-1.0,-1.0,-1.0,-1.0,1.0,0.0,0.0,0.0,1.0,0.0,0.0,0.0,1.0,0.0,0.0,0.0
20260320_140411_268302,6,89,1.9293525218963623,0.22315190732479095,-0.1652689228688456,-10.692769661065327,0.0,0.9322740659767987,3.9255812764167786,0.09462154262308786,0.0,0.0,0.02,0.1452689228688456,0.0,carpet,12345,2458048367,0,0,6,0,0,0,0.6777580380439758,0.12937064468860626,-1.0,0.17524968087673187,0.69743412733078,0.7416555285453796,-0.12107806652784348,-0.13721446692943573,0.06412818282842636,0.9358717799186707,-0.2467389702796936,-1.0,-1.0,-1.0,-1.0,-1.0,-1.0,-1.0,1.0,0.0,0.0,0.0,1.0,0.0,0.0,0.0,1.0,0.0,0.0,0.0
20260320_140411_268302,6,90,1.916373610496521,0.213304802775383,-0.1458234372909939,-10.838593098356322,0.0,0.945383163217798,0.9847104549407959,0.48353125418012155,0.0,0.0,0.02,0.1258234372909939,0.0,carpet,12345,2458048367,0,0,6,0,0,0,0.5853272676467896,0.8524386286735535,0.505081295967102,0.10874855518341064,-0.7804113626480103,-0.5963283777236938,-0.18227218091487885,-0.006061744876205921,0.09870851039886475,0.9012914896011353,0.016177978366613388,-1.0,-1.0,-1.0,-1.0,-1.0,-1.0,-1.0,1.0,0.0,0.0,0.0,1.0,0.0,0.0,0.0,1.0,0.0,0.0,0.0
20260320_140411_268302,6,91,1.94325852394104,0.2540885806083679,-0.11197497153103952,-10.95056806988736,0.0,-0.3105570734112746,-4.078377783298492,1.1605005693792094,0.0,0.0,0.02,0.09197497153103952,0.0,carpet,12345,2458048367,0,0,6,0,0,0,0.7443127632141113,0.33290213346481323,-0.9848640561103821,-0.16002407670021057,-0.3997405469417572,-0.42041242122650146,1.0,-0.02228546142578125,0.10738279670476913,0.8926172256469727,0.009305575862526894,-1.0,-1.0,-1.0,-1.0,-1.0,-1.0,-1.0,1.0,0.0,0.0,0.0,1.0,0.0,0.0,0.0,1.0,0.0,0.0,0.0
20260320_140411_268302,6,92,1.9331300258636475,0.24969567358493805,-0.09293895694479744,-11.043507026832158,0.0,-0.12309512947270207,0.43929070234298706,1.5412208611040512,0.0,0.0,0.02,0.07293895694479743,0.0,carpet,12345,2458048367,0,0,6,0,0,0,0.04020240902900696,-0.748846709728241,0.1981072872877121,-0.30257174372673035,-0.007246877066791058,-0.8353809714317322,0.8288750648498535,0.011320685967803001,0.07145649939775467,0.9285435080528259,0.21101562678813934,-1.0,-1.0,-1.0,-1.0,-1.0,-1.0,-1.0,1.0,0.0,0.0,0.0,1.0,0.0,0.0,0.0,1.0,0.0,0.0,0.0
20260320_140411_268302,6,93,1.9423528909683228,0.23340226709842682,-0.08532380814004953,-11.128830834972208,0.0,0.31501381505825066,1.629340648651123,1.6935238371990096,0.0,0.0,0.02,0.06532380814004952,0.0,carpet,12345,2458048367,0,0,6,0,0,0,0.4195176064968109,-0.2542041838169098,-0.4040202498435974,-0.3797844648361206,-0.7816893458366394,0.0759301707148552,0.562040388584137,-0.0013399124145507812,0.07532618194818497,0.9246737957000732,0.1913495510816574,-1.0,-1.0,-1.0,-1.0,-1.0,-1.0,-1.0,1.0,0.0,0.0,0.0,1.0,0.0,0.0,0.0,1.0,0.0,0.0,0.0
20260320_140411_268302,6,94,1.9294461011886597,0.22165533900260925,-0.05555237974710081,-11.184383214719308,0.0,0.5299335636891129,1.1746928095817566,2.2889524050579837,0.0,0.0,0.02,0.035552379747100814,0.0,carpet,12345,2458048367,0,0,6,0,0,0,-0.8387815952301025,0.8104298710823059,0.4320443868637085,0.31761595606803894,-0.07463981956243515,-0.10203851759433746,0.21576152741909027,0.010188674554228783,0.08967900276184082,0.9103209972381592,0.1678941249847412,-1.0,-1.0,-1.0,-1.0,-1.0,-1.0,-1.0,1.0,0.0,0.0,0.0,1.0,0.0,0.0,0.0,1.0,0.0,0.0,0.0
20260320_140411_268302,6,95,1.968044400215149,0.24994540214538574,-0.11765615333606874,-11.302039368055377,0.0,-0.30980140580255977,-2.829006314277649,1.0468769332786252,0.0,0.0,0.02,0.09765615333606874,0.0,carpet,12345,2458048367,0,0,6,0,0,0,0.2932877838611603,-0.0803520455956459,-1.0,0.3250252902507782,0.9544582366943359,0.961185872554779,0.6920384764671326,-0.0059448243118822575,0.10002684593200684,0.8999731540679932,0.10754755139350891,-1.0,-1.0,-1.0,-1.0,-1.0,-1.0,-1.0,1.0,0.0,0.0,0.0,1.0,0.0,0.0,0.0,1.0,0.0,0.0,0.0
20260320_140411_268302,6,96,1.9259313344955444,0.21903768181800842,-0.13790821380533316,-11.43994758186071,0.0,0.5403419538325096,3.090772032737732,0.6418357238933368,0.0,0.0,0.02,0.11790821380533316,0.0,carpet,12345,2458048367,0,0,6,0,0,0,0.09848403930664062,-0.6670488715171814,0.02253500558435917,0.6465320587158203,0.06312953680753708,-1.0,0.014934800565242767,0.04230308532714844,0.0751061961054802,0.9248937964439392,0.21320787072181702,-1.0,-1.0,-1.0,-1.0,-1.0,-1.0,-1.0,1.0,0.0,0.0,0.0,1.0,0.0,0.0,0.0,1.0,0.0,0.0,0.0
20260320_140411_268302,6,97,1.9599354267120361,0.2337954044342041,-0.1205646901362951,-11.560512271997005,0.0,0.03631339996948668,-1.4757722616195679,0.988706197274098,0.0,0.0,0.02,0.1005646901362951,0.0,carpet,12345,2458048367,0,0,6,0,0,0,-0.1754525601863861,0.8899477124214172,0.18710185587406158,0.5910153388977051,0.2986339032649994,-0.033146679401397705,0.6942223310470581,-0.010338211432099342,0.1023327186703682,0.8976672887802124,0.025869786739349365,-1.0,-1.0,-1.0,-1.0,-1.0,-1.0,-1.0,1.0,0.0,0.0,0.0,1.0,0.0,0.0,0.0,1.0,0.0,0.0,0.0
20260320_140411_268302,6,98,1.9842581748962402,0.263351708650589,-0.15028635634660856,-11.710798628343614,0.0,-0.7116725554325143,-2.9556304216384888,0.4001287713142858,0.0,0.005855898246457312,0.02,0.1299935614342857,0.0,carpet,12345,2458048367,0,0,6,0,0,0,0.8378260731697083,-0.42523393034935,1.0,0.33065029978752136,-0.3893817365169525,0.6213210225105286,0.6827712059020996,0.03216686099767685,0.0893326997756958,0.9106673002243042,0.1492665410041809,-1.0,-1.0,-1.0,-1.0,-1.0,-1.0,-1.0,1.0,0.0,0.0,0.0,1.0,0.0,0.0,0.0,1.0,0.0,0.0,0.0
20260320_140411_268302,6,99,1.9528111219406128,0.22890795767307281,-0.1493772842940221,-11.860175912637636,0.0,0.3273393578635222,3.4443750977516174,0.41245431411955735,0.0,0.0,0.02,0.12937728429402212,0.0,carpet,12345,2458048367,0,0,6,0,0,0,-1.0,0.652668297290802,0.22334688901901245,0.4160044193267822,-0.6219974756240845,0.1292283535003662,-0.08506216108798981,0.06257019191980362,0.06329663097858429,0.9367033839225769,0.22692184150218964,-1.0,-1.0,-1.0,-1.0,-1.0,-1.0,-1.0,1.0,0.0,0.0,0.0,1.0,0.0,0.0,0.0,1.0,0.0,0.0,0.0
20260320_140411_268302,6,100,1.962581992149353,0.24831734597682953,-0.17031790928945242,-12.030493821927088,0.0,-0.23973018919626554,-1.9409388303756714,-0.3572094387658211,0.0,0.006358185789048619,0.02,0.15,0.0,carpet,12345,2458048367,0,0,6,0,0,0,0.22270792722702026,0.27418357133865356,-0.8899663686752319,0.16849753260612488,0.41263896226882935,-0.4201262891292572,0.8724408745765686,0.023261452093720436,0.09363801777362823,0.9063619375228882,0.07142017036676407,-1.0,-1.0,-1.0,-1.0,-1.0,-1.0,-1.0,1.0,0.0,0.0,0.0,1.0,0.0,0.0,0.0,1.0,0.0,0.0,0.0
20260320_140411_268302,6,101,1.8501780033111572,0.22404980659484863,-0.15102585951554742,-12.181519681442635,0.0,0.4268908426523126,2.4267539381980896,0.37948280968905124,0.0,0.0,0.02,0.13102585951554743,0.0,carpet,12345,2458048367,0,0,6,0,0,0,-0.393468976020813,-0.1302012801170349,0.2832193076610565,-0.4963279366493225,-0.6924594640731812,0.10808634012937546,-0.849116325378418,0.03547496721148491,0.07654036581516266,0.9234596490859985,0.20004504919052124,-1.0,-1.0,-1.0,-1.0,-1.0,-1.0,-1.0,1.0,0.0,0.0,0.0,1.0,0.0,0.0,0.0,1.0,0.0,0.0,0.0
20260320_140411_268302,6,102,1.8609685897827148,0.20866838097572327,-0.14280776858380448,-12.32432745002644,0.0,0.7047037724673686,1.5381425619125366,0.5438446283239102,0.0,0.0,0.02,0.12280776858380449,0.0,carpet,12345,2458048367,0,0,6,0,0,0,0.0795477032661438,0.7951080203056335,0.3281363546848297,-0.7782156467437744,-0.3117537498474121,-0.7834015488624573,-0.2773319184780121,-0.1050298660993576,0.09791756421327591,0.9020824432373047,-0.16422806680202484,-1.0,-1.0,-1.0,-1.0,-1.0,-1.0,-1.0,1.0,0.0,0.0,0.0,1.0,0.0,0.0,0.0,1.0,0.0,0.0,0.0
20260320_140411_268302,6,103,1.8664143085479736,0.20795783400535583,-0.11730886340179267,-12.441636313428232,0.0,0.5462915036097229,0.07105469703674316,1.0538227319641464,0.0,0.0,0.02,0.09730886340179266,0.0,carpet,12345,2458048367,0,0,6,0,0,0,0.7371771335601807,-0.21335826814174652,-0.1022246778011322,0.6598311066627502,-0.1031733974814415,0.39077839255332947,-0.2405867725610733,-0.09154167026281357,0.11146701127290726,0.8885329961776733,-0.06705132126808167,-1.0,-1.0,-1.0,-1.0,-1.0,-1.0,-1.0,1.0,0.0,0.0,0.0,1.0,0.0,0.0,0.0,1.0,0.0,0.0,0.0
20260320_140411_268302,6,104,1.8790521621704102,0.21669867634773254,-0.07216535717277324,-12.513801670601005,0.0,0.19119756914787445,-0.8740842342376709,1.9566928565445352,0.0,0.0,0.02,0.05216535717277324,0.0,carpet,12345,2458048367,0,0,6,0,0,0,0.23341165482997894,0.7473836541175842,-1.0,-0.2648932933807373,0.6588877439498901,-0.41724735498428345,0.37171852588653564,-0.08473453670740128,0.11209292709827423,0.887907087802887,-0.06856225430965424,-1.0,-1.0,-1.0,-1.0,-1.0,-1.0,-1.0,1.0,0.0,0.0,0.0,1.0,0.0,0.0,0.0,1.0,0.0,0.0,0.0
20260320_140411_268302,6,105,1.8222205638885498,0.2297278344631195,-0.09764886386713811,-12.611450534468142,0.0,-0.18233077602377534,-1.3029158115386963,1.4470227226572376,0.0,0.0,0.02,0.07764886386713811,0.0,carpet,12345,2458048367,0,0,6,0,0,0,0.5509160161018372,-0.13328737020492554,0.7930158972740173,-0.11832879483699799,0.12925785779953003,0.02354404330253601,-1.0,-0.06893730163574219,0.1043931394815445,0.8956068754196167,0.024217288941144943,-1.0,-1.0,-1.0,-1.0,-1.0,-1.0,-1.0,1.0,0.0,0.0,0.0,1.0,0.0,0.0,0.0,1.0,0.0,0.0,0.0
20260320_140411_268302,6,106,1.8115257024765015,0.22699856758117676,-0.08908817490578869,-12.70053870937393,0.0,-0.06851640996927699,0.2729266881942749,1.6182365018842262,0.0,0.0,0.02,0.06908817490578868,0.0,carpet,12345,2458048367,0,0,6,0,0,0,0.4068346321582794,0.6969354152679443,0.5440508723258972,0.5941820740699768,-0.6624560952186584,-1.0,-0.7143059968948364,-0.13997669517993927,0.09291579574346542,0.9070842266082764,-0.21898043155670166,-1.0,-1.0,-1.0,-1.0,-1.0,-1.0,-1.0,1.0,0.0,0.0,0.0,1.0,0.0,0.0,0.0,1.0,0.0,0.0,0.0
20260320_140411_268302,6,107,1.8815478086471558,0.20240731537342072,-0.08242111847282317,-12.782959827846753,0.0,0.5602319713116231,2.4464771151542664,1.7515776305435367,0.0,0.0,0.02,0.06242111847282317,0.0,carpet,12345,2458048367,0,0,6,0,0,0,0.8008942008018494,0.7921774387359619,-0.15413585305213928,0.15565654635429382,0.16521522402763367,0.844620943069458,0.37225964665412903,-0.15334530174732208,0.09532001614570618,0.9046800136566162,-0.20402246713638306,-1.0,-1.0,-1.0,-1.0,-1.0,-1.0,-1.0,1.0,0.0,0.0,0.0,1.0,0.0,0.0,0.0,1.0,0.0,0.0,0.0
20260320_140411_268302,6,108,1.8586136102676392,0.2159004509449005,-0.11335592631608876,-12.896315754162842,0.0,0.08600761560205683,-1.3366654515266418,1.132881473678225,0.0,0.0,0.02,0.09335592631608876,0.0,carpet,12345,2458048367,0,0,6,0,0,0,-0.8901628255844116,-0.5864489674568176,-0.6926352381706238,1.0,0.8721717000007629,0.9453713893890381,-0.7608514428138733,-0.06596393883228302,0.1168709471821785,0.8831290602684021,0.039220742881298065,-1.0,-1.0,-1.0,-1.0,-1.0,-1.0,-1.0,1.0,0.0,0.0,0.0,1.0,0.0,0.0,0.0,1.0,0.0,0.0,0.0
20260320_140411_268302,6,109,1.8810884952545166,0.20796193182468414,-0.1275220670112273,-13.02383782117407,0.0,0.26296868970695186,0.793851912021637,0.8495586597754539,0.0,0.0,0.02,0.10752206701122731,0.0,carpet,12345,2458048367,0,0,6,0,0,0,0.06688617914915085,-0.5132288336753845,0.9831418991088867,-0.12799794971942902,0.7990404367446899,0.7319982647895813,-0.3839404284954071,-0.09448547661304474,0.10509629547595978,0.8949036598205566,-0.12643426656723022,-1.0,-1.0,-1.0,-1.0,-1.0,-1.0,-1.0,1.0,0.0,0.0,0.0,1.0,0.0,0.0,0.0,1.0,0.0,0.0,0.0
20260320_140411_268302,6,110,1.8720757961273193,0.20391549170017242,-0.12216256944896998,-13.146000390623039,0.0,0.2983875203930211,0.4046440124511719,0.9567486110206005,0.0,0.0,0.02,0.10216256944896998,0.0,carpet,12345,2458048367,0,0,6,0,0,0,-0.10458680242300034,-0.08047635853290558,-0.6793229579925537,-0.5372092127799988,-0.3687862157821655,-0.07886411994695663,-0.7221144437789917,-0.06639175117015839,0.11208931356668472,0.8879107236862183,-0.052878301590681076,-1.0,-1.0,-1.0,-1.0,-1.0,-1.0,-1.0,1.0,0.0,0.0,0.0,1.0,0.0,0.0,0.0,1.0,0.0,0.0,0.0
20260320_140411_268302,6,111,1.8752647638320923,0.1914227306842804,-0.0862405473631793,-13.232240937986218,0.0,0.5361096656920381,1.2492761015892029,1.675189052736414,0.0,0.0,0.02,0.0662405473631793,0.0,carpet,12345,2458048367,0,0,6,0,0,0,0.6025981903076172,0.9869809150695801,0.3101065158843994,0.08997310698032379,-0.7492210268974304,-0.27682259678840637,-0.38733670115470886,-0.07765769958496094,0.11565381288528442,0.8843461871147156,-0.08225540816783905,-1.0,-1.0,-1.0,-1.0,-1.0,-1.0,-1.0,1.0,0.0,0.0,0.0,1.0,0.0,0.0,0.0,1.0,0.0,0.0,0.0
20260320_140411_268302,6,112,1.8705780506134033,0.19070370495319366,-0.06181183223740419,-13.294052770223622,0.0,0.4200578925462253,0.0719025731086731,2.163763355251916,0.0,0.0,0.02,0.04181183223740419,0.0,carpet,12345,2458048367,0,0,6,0,0,0,0.7864293456077576,0.7068981528282166,1.0,0.1698661744594574,0.16927696764469147,-0.1875525563955307,-0.39671391248703003,-0.07367153465747833,0.12665864825248718,0.8733413219451904,-0.04040186107158661,-1.0,-1.0,-1.0,-1.0,-1.0,-1.0,-1.0,1.0,0.0,0.0,0.0,1.0,0.0,0.0,0.0,1.0,0.0,0.0,0.0
20260320_140411_268302,6,113,1.8304804563522339,0.22045643627643585,-0.1112621739865557,-13.405314944210177,0.0,-0.42877486367140705,-2.9752731323242188,1.174756520268886,0.0,0.0,0.02,0.0912621739865557,0.0,carpet,12345,2458048367,0,0,6,0,0,0,-0.5420105457305908,0.4167293310165405,-0.6760415434837341,-0.1691518872976303,0.9799079298973083,-0.7362658381462097,-0.9178819060325623,-0.07952995598316193,0.12729205191135406,0.8727079629898071,-0.05626894533634186,-1.0,-1.0,-1.0,-1.0,-1.0,-1.0,-1.0,1.0,0.0,0.0,0.0,1.0,0.0,0.0,0.0,1.0,0.0,0.0,0.0
20260320_140411_268302,6,114,1.9036835432052612,0.2166718691587448,-0.12691090325722215,-13.5322258474674,0.0,-0.22696696981127218,0.378456711769104,0.8617819348555571,0.0,0.0,0.02,0.10691090325722215,0.0,carpet,12345,2458048367,0,0,6,0,0,0,0.329005628824234,-0.803745448589325,-0.13310442864894867,-0.6897009611129761,0.26474475860595703,0.31537070870399475,0.7461596727371216,-0.12965182960033417,0.10108295828104019,0.898917019367218,-0.18238583207130432,-1.0,-1.0,-1.0,-1.0,-1.0,-1.0,-1.0,1.0,0.0,0.0,0.0,1.0,0.0,0.0,0.0,1.0,0.0,0.0,0.0
20260320_140411_268302,6,115,1.8472524881362915,0.19896188378334045,-0.12643311739123717,-13.658658964858637,0.0,0.27252440702665126,1.7709985375404358,0.8713376521752565,0.0,0.0,0.02,0.10643311739123716,0.0,carpet,12345,2458048367,0,0,6,0,0,0,-0.48901188373565674,0.4996928870677948,0.35348278284072876,0.2220984250307083,0.8084381222724915,0.4869585633277893,-0.6915767788887024,-0.03814811632037163,0.10441676527261734,0.8955832719802856,0.16538290679454803,-1.0,-1.0,-1.0,-1.0,-1.0,-1.0,-1.0,1.0,0.0,0.0,0.0,1.0,0.0,0.0,0.0,1.0,0.0,0.0,0.0
20260320_140411_268302,6,116,1.8877501487731934,0.19678889214992523,-0.12841658860561977,-13.787075553464256,0.0,0.258718096105369,0.21729916334152222,0.8316682278876044,0.0,0.0,0.02,0.10841658860561978,0.0,carpet,12345,2458048367,0,0,6,0,0,0,0.27637797594070435,-0.5906484723091125,0.9439226388931274,-0.05600985884666443,0.7631179094314575,0.331308513879776,0.37788909673690796,-0.10868682712316513,0.12001743167638779,0.8799825310707092,-0.11535792052745819,-1.0,-1.0,-1.0,-1.0,-1.0,-1.0,-1.0,1.0,0.0,0.0,0.0,1.0,0.0,0.0,0.0,1.0,0.0,0.0,0.0
20260320_140411_268302,6,117,1.8813523054122925,0.19417151808738708,-0.14224842570809712,-13.929323979172352,0.0,0.2594729236424911,0.2617374062538147,0.5550314858380574,0.0,0.0,0.02,0.12224842570809713,0.0,carpet,12345,2458048367,0,0,6,0,0,0,-0.9109839200973511,-0.10123226791620255,-0.8418599963188171,-0.36364397406578064,0.9094915390014648,0.11077515780925751,0.06921184062957764,-0.058064840734004974,0.12193162739276886,0.8780683279037476,0.060873351991176605,-1.0,-1.0,-1.0,-1.0,-1.0,-1.0,-1.0,1.0,0.0,0.0,0.0,1.0,0.0,0.0,0.0,1.0,0.0,0.0,0.0
20260320_140411_268302,6,118,1.9033674001693726,0.22090959548950195,-0.16999999999999998,-14.099323979172352,0.0,-0.47384724232101405,-2.673807740211487,-0.33887364902918193,0.0,0.0,0.02,0.15,0.0,carpet,12345,2458048367,0,0,6,0,0,0,-0.12379273027181625,-0.8312398195266724,0.03807784616947174,0.9199274182319641,0.23657923936843872,0.5540069341659546,0.9411430358886719,-0.06606216728687286,0.12423724681138992,0.8757627606391907,0.02031240053474903,-1.0,-1.0,-1.0,-1.0,-1.0,-1.0,-1.0,1.0,0.0,0.0,0.0,1.0,0.0,0.0,0.0,1.0,0.0,0.0,0.0
20260320_140411_268302,6,119,1.8301838636398315,0.20381098985671997,-0.1619009538139491,-14.261224932986302,0.0,0.07207970907879258,1.7098605632781982,0.1619809237210177,0.0,0.0,0.02,0.1419009538139491,0.0,carpet,12345,2458048367,0,0,6,0,0,0,0.9910870790481567,-0.7368334531784058,-0.3099506199359894,-0.7933157682418823,-0.10665581375360489,0.39195746183395386,-0.904405415058136,-0.03854312747716904,0.10068376362323761,0.8993161916732788,0.17177017033100128,-1.0,-1.0,-1.0,-1.0,-1.0,-1.0,-1.0,1.0,0.0,0.0,0.0,1.0,0.0,0.0,0.0,1.0,0.0,0.0,0.0
20260320_140411_268302,6,120,1.8937909603118896,0.19782127439975739,-0.14036247191172718,-14.401587404898029,0.0,0.20380266823316617,0.5989715456962585,0.592750561765456,0.0,0.0,0.02,0.12036247191172719,0.0,carpet,12345,2458048367,0,0,6,0,0,0,0.29626914858818054,0.20809058845043182,0.20027610659599304,1.0,0.5887809991836548,-0.14193397760391235,0.6542943716049194,-0.13002261519432068,0.11574586480855942,0.8842541575431824,-0.16064521670341492,-1.0,-1.0,-1.0,-1.0,-1.0,-1.0,-1.0,1.0,0.0,0.0,0.0,1.0,0.0,0.0,0.0,1.0,0.0,0.0,0.0
20260320_140411_268302,6,121,1.8545953035354614,0.19284416735172272,-0.1401247083942732,-14.541712113292302,0.0,0.27727967737573067,0.4977107048034668,0.5975058321145355,0.0,0.0,0.02,0.12012470839427322,0.0,carpet,12345,2458048367,0,0,6,0,0,0,0.33587101101875305,-0.16742093861103058,-0.8478710055351257,0.48632973432540894,0.9864324331283569,0.7504205107688904,-0.36091145873069763,-0.05051384121179581,0.12102219462394714,0.8789777755737305,0.10331250727176666,-1.0,-1.0,-1.0,-1.0,-1.0,-1.0,-1.0,1.0,0.0,0.0,0.0,1.0,0.0,0.0,0.0,1.0,0.0,0.0,0.0
20260320_140411_268302,6,122,1.8817014694213867,0.18911337852478027,-0.13799913926427335,-14.679711252556576,0.0,0.3012294787053662,0.3730788826942444,0.6400172147145327,0.0,0.0,0.02,0.11799913926427336,0.0,carpet,12345,2458048367,0,0,6,0,0,0,0.346591055393219,0.5380380749702454,-0.40579068660736084,0.09370932728052139,-1.0,0.32822418212890625,0.3749605119228363,-0.09950828552246094,0.12540651857852936,0.8745934963226318,-0.0725332573056221,-1.0,-1.0,-1.0,-1.0,-1.0,-1.0,-1.0,1.0,0.0,0.0,0.0,1.0,0.0,0.0,0.0,1.0,0.0,0.0,0.0
20260320_140411_268302,6,123,1.8081927299499512,0.21127833425998688,-0.16738287466395546,-14.847094127220531,0.0,-0.3282017843511511,-2.2164955735206604,0.05234250672089047,0.0,0.0,0.02,0.14738287466395547,0.0,carpet,12345,2458048367,0,0,6,0,0,0,0.47706782817840576,-0.45480650663375854,-0.7760535478591919,0.4778960049152374,-0.45902490615844727,0.3587157130241394,-0.9062390327453613,-0.06562557071447372,0.12869293987751007,0.8713070750236511,0.07480556517839432,-1.0,-1.0,-1.0,-1.0,-1.0,-1.0,-1.0,1.0,0.0,0.0,0.0,1.0,0.0,0.0,0.0,1.0,0.0,0.0,0.0
20260320_140411_268302,6,124,1.8488495349884033,0.19214719533920288,-0.13208415581009206,-14.979178283030624,0.0,0.23212713475625435,1.9131138920783997,0.7583168837981589,0.0,0.0,0.02,0.11208415581009205,0.0,carpet,12345,2458048367,0,0,6,0,0,0,0.5575507879257202,-0.041730012744665146,-0.45829904079437256,0.8962038159370422,-0.5451796054840088,-0.2005700320005417,0.12377803772687912,-0.15751151740550995,0.1091679036617279,0.8908321261405945,-0.1894170492887497,-1.0,-1.0,-1.0,-1.0,-1.0,-1.0,-1.0,1.0,0.0,0.0,0.0,1.0,0.0,0.0,0.0,1.0,0.0,0.0,0.0
20260320_140411_268302,6,125,1.8567869663238525,0.1915820688009262,-0.12627696553782755,-15.105455248568452,0.0,0.1882235145240827,0.056512653827667236,0.874460689243449,0.0,0.0,0.02,0.10627696553782755,0.0,carpet,12345,2458048367,0,0,6,0,0,0,0.732123851776123,0.5516141653060913,-0.47658640146255493,-0.6049076914787292,-0.6300543546676636,-0.774888277053833,0.2875520586967468,-0.10669060051441193,0.12602047622203827,0.8739795684814453,-0.002286509843543172,-1.0,-1.0,-1.0,-1.0,-1.0,-1.0,-1.0,1.0,0.0,0.0,0.0,1.0,0.0,0.0,0.0,1.0,0.0,0.0,0.0
20260320_140411_268302,6,126,1.8282538652420044,0.18665030598640442,-0.12324401363667944,-15.228699262205131,0.0,0.2644617062561281,0.49317628145217896,0.9351197272664109,0.0,0.0,0.02,0.10324401363667944,0.0,carpet,12345,2458048367,0,0,6,0,0,0,0.484014630317688,1.0,0.3410781919956207,0.060917142778635025,0.20584674179553986,0.8897218704223633,-0.569688618183136,-0.09676875919103622,0.12651829421520233,0.8734816908836365,0.04461869224905968,-1.0,-1.0,-1.0,-1.0,-1.0,-1.0,-1.0,1.0,0.0,0.0,0.0,1.0,0.0,0.0,0.0,1.0,0.0,0.0,0.0
20260320_140411_268302,6,127,1.8859333992004395,0.22012044489383698,-0.16902835715515221,-15.397727619360284,0.0,-0.638407192993725,-3.3470138907432556,0.019432856896955286,0.0,0.0,0.02,0.14902835715515222,0.0,carpet,12345,2458048367,0,0,6,0,0,0,1.0,-0.8866925239562988,-0.7757986783981323,-0.9632030725479126,-0.5586788058280945,0.9959995150566101,0.9231219291687012,-0.13243503868579865,0.13086266815662384,0.8691373467445374,-0.10690303891897202,-1.0,-1.0,-1.0,-1.0,-1.0,-1.0,-1.0,1.0,0.0,0.0,0.0,1.0,0.0,0.0,0.0,1.0,0.0,0.0,0.0
20260320_140411_268302,6,128,1.8102269172668457,0.2063460350036621,-0.16999999999999998,-15.567727619360284,0.0,-0.13444514749092207,1.3774409890174866,-0.416241769299333,0.0,0.0,0.02,0.15,0.0,carpet,12345,2458048367,0,0,6,0,0,0,0.08958665281534195,0.060503121465444565,-0.4269557297229767,0.570237934589386,0.30922776460647583,-0.17324623465538025,-0.9310156106948853,-0.060335732996463776,0.1013789176940918,0.8986210823059082,0.1983443796634674,-1.0,-1.0,-1.0,-1.0,-1.0,-1.0,-1.0,1.0,0.0,0.0,0.0,1.0,0.0,0.0,0.0,1.0,0.0,0.0,0.0
20260320_140411_268302,6,129,1.814903736114502,0.20270152390003204,-0.16999999999999998,-15.737727619360284,0.0,-0.009721083027443456,0.3644511103630066,-0.09776106797562534,0.0,0.0,0.02,0.15,0.0,carpet,12345,2458048367,0,0,6,0,0,0,0.72146075963974,0.9682139158248901,-0.21557626128196716,-0.5229489803314209,0.5444728136062622,0.30133047699928284,-0.6681377291679382,-0.15496882796287537,0.11351276189088821,0.8864872455596924,-0.1923149675130844,-1.0,-1.0,-1.0,-1.0,-1.0,-1.0,-1.0,1.0,0.0,0.0,0.0,1.0,0.0,0.0,0.0,1.0,0.0,0.0,0.0
20260320_140411_268302,6,130,1.8637698888778687,0.18865548074245453,-0.16930139680315048,-15.907029016163435,0.0,0.3438602666688695,1.4046043157577515,0.013972063936989798,0.0,0.0,0.02,0.1493013968031505,0.0,carpet,12345,2458048367,0,0,6,0,0,0,-0.7564496994018555,-0.9599224328994751,0.4571579396724701,-0.7422581315040588,0.8707082271575928,-0.3190159499645233,0.20351578295230865,-0.14912280440330505,0.1167231947183609,0.8832768201828003,-0.16445991396903992,-1.0,-1.0,-1.0,-1.0,-1.0,-1.0,-1.0,1.0,0.0,0.0,0.0,1.0,0.0,0.0,0.0,1.0,0.0,0.0,0.0
20260320_140411_268302,6,131,1.8663229942321777,0.178965225815773,-0.15370499387092137,-16.060734010034356,0.0,0.5001515731686652,0.9690254926681519,0.3259001225815723,0.0,0.0,0.02,0.13370499387092138,0.0,carpet,12345,2458048367,0,0,6,0,0,0,0.5207715034484863,-0.3937186896800995,0.6721736788749695,1.0,0.38221484422683716,0.9281116724014282,0.3295612633228302,-0.08804015815258026,0.12909632921218872,0.8709036707878113,0.01614205539226532,-1.0,-1.0,-1.0,-1.0,-1.0,-1.0,-1.0,1.0,0.0,0.0,0.0,1.0,0.0,0.0,0.0,1.0,0.0,0.0,0.0
20260320_140411_268302,6,132,1.8598874807357788,0.17468388378620148,-0.14282071765293736,-16.203554727687294,0.0,0.48214723061580855,0.4281342029571533,0.5435856469412528,0.0,0.0,0.02,0.12282071765293735,0.0,carpet,12345,2458048367,0,0,6,0,0,0,-0.7618352770805359,-0.584161102771759,-0.5989106893539429,-0.2433304339647293,0.42144569754600525,0.9584347605705261,0.08682369440793991,-0.0848487839102745,0.13763242959976196,0.862367570400238,0.0470966137945652,-1.0,-1.0,-1.0,-1.0,-1.0,-1.0,-1.0,1.0,0.0,0.0,0.0,1.0,0.0,0.0,0.0,1.0,0.0,0.0,0.0
20260320_140411_268302,6,133,1.869280219078064,0.1839129775762558,-0.10435620409272672,-16.30791093178002,0.0,0.13088307821048772,-0.9229093790054321,1.3128759181454654,0.0,0.0,0.02,0.08435620409272672,0.0,carpet,12345,2458048367,0,0,6,0,0,0,1.0,-0.6169024109840393,0.7528292536735535,0.4321552515029907,-0.4091518521308899,0.5830819010734558,0.46426698565483093,-0.09289302676916122,0.14140385389328003,0.8585960865020752,0.007680029608309269,-1.0,-1.0,-1.0,-1.0,-1.0,-1.0,-1.0,1.0,0.0,0.0,0.0,1.0,0.0,0.0,0.0,1.0,0.0,0.0,0.0
20260320_140411_268302,6,134,1.8442965745925903,0.17283056676387787,-0.07887281776981439,-16.386783749549835,0.0,0.3752225789673247,1.108241081237793,1.8225436446037122,0.0,0.0,0.02,0.05887281776981439,0.0,carpet,12345,2458048367,0,0,6,0,0,0,-0.3666742742061615,-0.7437779903411865,-1.0,0.1529289186000824,-0.2812499701976776,0.07572157680988312,-0.20241037011146545,-0.08115215599536896,0.13327397406101227,0.8667260408401489,0.06440780311822891,-1.0,-1.0,-1.0,-1.0,-1.0,-1.0,-1.0,1.0,0.0,0.0,0.0,1.0,0.0,0.0,0.0,1.0,0.0,0.0,0.0
20260320_140411_268302,6,135,1.8766871690750122,0.1841222047805786,-0.07843046442804436,-16.46521421397788,0.0,-0.0008740161920428591,-1.1291638016700745,1.8313907114391128,0.0,0.0,0.02,0.05843046442804435,0.0,carpet,12345,2458048367,0,0,6,0,0,0,0.4512975215911865,0.40311065316200256,-0.13170067965984344,-1.0,0.32266318798065186,-0.12597963213920593,0.6111583709716797,-0.11238174140453339,0.14303644001483917,0.856963574886322,-0.050975557416677475,-1.0,-1.0,-1.0,-1.0,-1.0,-1.0,-1.0,1.0,0.0,0.0,0.0,1.0,0.0,0.0,0.0,1.0,0.0,0.0,0.0
20260320_140411_268302,6,136,1.833265781402588,0.17959915101528168,-0.09000243616206774,-16.555216650139947,0.0,0.11242083198840191,0.4523053765296936,1.5999512767586452,0.0,0.0,0.02,0.07000243616206774,0.0,carpet,12345,2458048367,0,0,6,0,0,0,-0.25936368107795715,-0.07295002043247223,0.8156283497810364,0.35993432998657227,-0.8919131755828857,-0.369764119386673,-0.3951997756958008,-0.07189349830150604,0.13308967649936676,0.8669102787971497,0.08865643292665482,-1.0,-1.0,-1.0,-1.0,-1.0,-1.0,-1.0,1.0,0.0,0.0,0.0,1.0,0.0,0.0,0.0,1.0,0.0,0.0,0.0
20260320_140411_268302,6,137,1.8685574531555176,0.18153205513954163,-0.11321036377626086,-16.668427013916208,0.0,0.03599302088480272,-0.19329041242599487,1.1357927244747827,0.0,0.0,0.02,0.09321036377626085,0.0,carpet,12345,2458048367,0,0,6,0,0,0,0.43173420429229736,0.5875561833381653,0.5554677844047546,0.6849089860916138,-0.09298589080572128,0.43633052706718445,0.5357373356819153,-0.12617015838623047,0.13707400858402252,0.8629260063171387,-0.08821796625852585,-1.0,-1.0,-1.0,-1.0,-1.0,-1.0,-1.0,1.0,0.0,0.0,0.0,1.0,0.0,0.0,0.0,1.0,0.0,0.0,0.0
20260320_140411_268302,6,138,1.8507481813430786,0.16685499250888824,-0.11762165873555447,-16.786048672651763,0.0,0.39392133142993657,1.4677062630653381,1.0475668252889108,0.0,0.0,0.02,0.09762165873555446,0.0,carpet,12345,2458048367,0,0,6,0,0,0,-0.720582902431488,0.08476769924163818,-0.37930887937545776,-0.9699671864509583,0.0459790863096714,-0.15084753930568695,-0.052047181874513626,-0.08205566555261612,0.13537131249904633,0.8646286725997925,0.060861919075250626,-1.0,-1.0,-1.0,-1.0,-1.0,-1.0,-1.0,1.0,0.0,0.0,0.0,1.0,0.0,0.0,0.0,1.0,0.0,0.0,0.0
20260320_140411_268302,6,139,1.8892515897750854,0.19288749992847443,-0.14193439699193858,-16.9279830696437,0.0,-0.355371686917195,-2.603250741958618,0.561312060161228,0.0,0.0,0.02,0.12193439699193859,0.0,carpet,12345,2458048367,0,0,6,0,0,0,0.16328833997249603,0.48521319031715393,-0.7509565353393555,0.5783441066741943,0.6745267510414124,-0.9421942234039307,0.8633068203926086,-0.10431728512048721,0.14830030500888824,0.851699709892273,-0.03106953203678131,-1.0,-1.0,-1.0,-1.0,-1.0,-1.0,-1.0,1.0,0.0,0.0,0.0,1.0,0.0,0.0,0.0,1.0,0.0,0.0,0.0
20260320_140411_268302,6,140,1.8243932723999023,0.1748926341533661,-0.1515283819808144,-17.079511451624516,0.0,0.18334287918980863,1.7994865775108337,0.36943236038371197,0.0,0.0,0.02,0.1315283819808144,0.0,carpet,12345,2458048367,0,0,6,0,0,0,-0.12383577972650528,-0.2519215941429138,0.6695436835289001,0.44606727361679077,-0.6924986243247986,-0.14698965847492218,-0.4547402262687683,-0.056188009679317474,0.12536834180355072,0.8746316432952881,0.1265472024679184,-1.0,-1.0,-1.0,-1.0,-1.0,-1.0,-1.0,1.0,0.0,0.0,0.0,1.0,0.0,0.0,0.0,1.0,0.0,0.0,0.0
20260320_140411_268302,6,141,1.8798320293426514,0.1925448626279831,-0.16667460879486637,-17.246186060419383,0.0,-0.30379855247308285,-1.7652228474617004,0.06650782410267198,0.0,0.0,0.02,0.14667460879486638,0.0,carpet,12345,2458048367,0,0,6,0,0,0,0.9311091899871826,0.14594772458076477,0.941116452217102,0.1015479564666748,-0.0058464366011321545,0.8273578882217407,0.9458286166191101,-0.1372608244419098,0.14121995866298676,0.858780026435852,-0.10708220303058624,-1.0,-1.0,-1.0,-1.0,-1.0,-1.0,-1.0,1.0,0.0,0.0,0.0,1.0,0.0,0.0,0.0,1.0,0.0,0.0,0.0
20260320_140411_268302,6,142,1.820868730545044,0.18162839114665985,-0.16999999999999998,-17.416186060419385,0.0,0.04506287267828668,1.0916471481323242,-0.0008501352074432589,0.0,0.0,0.02,0.15,0.0,carpet,12345,2458048367,0,0,6,0,0,0,0.3086892366409302,-0.8497603535652161,0.23542727530002594,0.9209761619567871,-0.1674635112285614,0.9070465564727783,-0.6546448469161987,-0.06796245276927948,0.1256701797246933,0.8743298053741455,0.13303448259830475,-1.0,-1.0,-1.0,-1.0,-1.0,-1.0,-1.0,1.0,0.0,0.0,0.0,1.0,0.0,0.0,0.0,1.0,0.0,0.0,0.0
20260320_140411_268302,6,143,1.8754820823669434,0.203512042760849,-0.16999999999999998,-17.586186060419386,0.0,-0.5132941358460243,-2.188365161418915,-0.5501372919382703,0.0,0.0,0.02,0.15,0.0,carpet,12345,2458048367,0,0,6,0,0,0,-0.3785446286201477,0.7858214974403381,-0.9418812394142151,0.41614675521850586,-0.991155207157135,-0.3935817778110504,0.8631440997123718,-0.14166660606861115,0.13528645038604736,0.8647135496139526,-0.15091833472251892,-1.0,-1.0,-1.0,-1.0,-1.0,-1.0,-1.0,1.0,0.0,0.0,0.0,1.0,0.0,0.0,0.0,1.0,0.0,0.0,0.0
20260320_140411_268302,6,144,1.8734214305877686,0.1972550004720688,-0.16999999999999998,-17.756186060419388,0.0,-0.22854454466501295,0.6257042288780212,-1.1726031680332198,0.0,0.0,0.02,0.15,0.0,carpet,12345,2458048367,0,0,6,0,0,0,0.46848198771476746,0.5664963722229004,-0.7602028846740723,0.17897912859916687,-0.7944352030754089,-0.5350664258003235,0.5921502113342285,-0.07339992374181747,0.11600922048091888,0.8839907646179199,0.14299654960632324,-1.0,-1.0,-1.0,-1.0,-1.0,-1.0,-1.0,1.0,0.0,0.0,0.0,1.0,0.0,0.0,0.0,1.0,0.0,0.0,0.0
20260320_140411_268302,6,145,1.8297420740127563,0.17228418588638306,-0.16999999999999998,-17.92618606041939,0.0,0.4528619561433942,2.497081458568573,-0.36436952497263064,0.0,0.0,0.02,0.15,0.0,carpet,12345,2458048367,0,0,6,0,0,0,0.8369691371917725,-0.7353543639183044,-0.5155705809593201,0.5875000953674316,-0.3988521695137024,-0.33932894468307495,-0.2879829704761505,-0.07597561180591583,0.12152102589607239,0.87847900390625,0.12279481440782547,-1.0,-1.0,-1.0,-1.0,-1.0,-1.0,-1.0,1.0,0.0,0.0,0.0,1.0,0.0,0.0,0.0,1.0,0.0,0.0,0.0
20260320_140411_268302,6,146,1.8705838918685913,0.17153434455394745,-0.16999999999999998,-18.09618606041939,0.0,0.3583925004184323,0.07498413324356079,-0.18931990374400698,0.0,0.0,0.02,0.15,0.0,carpet,12345,2458048367,0,0,6,0,0,0,0.5123571157455444,0.4582652747631073,0.7151042222976685,-0.4990966022014618,0.4805464744567871,-0.8046583533287048,0.6369126439094543,-0.1305747926235199,0.14351774752140045,0.8564822673797607,-0.0744926854968071,-1.0,-1.0,-1.0,-1.0,-1.0,-1.0,-1.0,1.0,0.0,0.0,0.0,1.0,0.0,0.0,0.0,1.0,0.0,0.0,0.0
20260320_140411_268302,6,147,1.86821711063385,0.16511882841587067,-0.14281695362525937,-18.239003014044652,0.0,0.42918227876573667,0.6415516138076782,0.5436609274948125,0.0,0.0,0.02,0.12281695362525938,0.0,carpet,12345,2458048367,0,0,6,0,0,0,-0.9715790748596191,-0.20543310046195984,0.16653108596801758,-0.5067522525787354,-0.6718403697013855,0.34717631340026855,0.3991756737232208,-0.0795225128531456,0.14417827129364014,0.8558217287063599,0.0998077318072319,-1.0,-1.0,-1.0,-1.0,-1.0,-1.0,-1.0,1.0,0.0,0.0,0.0,1.0,0.0,0.0,0.0,1.0,0.0,0.0,0.0
20260320_140411_268302,6,148,1.8336362838745117,0.1599208414554596,-0.12247827810494456,-18.3614812921496,0.0,0.45183638308458285,0.5197986960411072,0.9504344379011087,0.0,0.0,0.02,0.10247827810494456,0.0,carpet,12345,2458048367,0,0,6,0,0,0,0.19068826735019684,-0.759838879108429,-0.5850787162780762,1.0,-0.27812352776527405,0.16217128932476044,-0.31658387184143066,-0.0824810042977333,0.1498296856880188,0.850170373916626,0.08700383454561234,-1.0,-1.0,-1.0,-1.0,-1.0,-1.0,-1.0,1.0,0.0,0.0,0.0,1.0,0.0,0.0,0.0,1.0,0.0,0.0,0.0
20260320_140411_268302,6,149,1.813872218132019,0.16718736290931702,-0.08895285876429326,-18.450434150913892,0.0,0.1572142509670016,-0.7266521453857422,1.6209428247141346,0.0,0.0,0.02,0.06895285876429326,0.0,carpet,12345,2458048367,0,0,6,0,0,0,0.6487140655517578,0.6293105483055115,0.2583324909210205,0.41331881284713745,0.38504305481910706,-0.9526823163032532,-0.8029314279556274,-0.12570706009864807,0.15440857410430908,0.8455913662910461,-0.05819713696837425,-1.0,-1.0,-1.0,-1.0,-1.0,-1.0,-1.0,1.0,0.0,0.0,0.0,1.0,0.0,0.0,0.0,1.0,0.0,0.0,0.0
20260320_140411_268302,6,150,1.8136640787124634,0.1678442806005478,-0.07245124423381853,-18.52288539514771,0.0,0.10148774594448184,-0.06569176912307739,1.9509751153236294,0.0,0.0,0.02,0.05245124423381853,0.0,carpet,12345,2458048367,0,0,6,0,0,0,0.764159083366394,0.21036459505558014,-0.9584605693817139,0.27964937686920166,-0.23441028594970703,-0.2927307188510895,-0.8276318311691284,-0.1504121720790863,0.14800751209259033,0.8519924879074097,-0.1570490300655365,-1.0,-1.0,-1.0,-1.0,-1.0,-1.0,-1.0,1.0,0.0,0.0,0.0,1.0,0.0,0.0,0.0,1.0,0.0,0.0,0.0
20260320_140411_268302,6,151,1.8571070432662964,0.1699143648147583,-0.09387615683583349,-18.616761551983544,0.0,0.024363704103095074,-0.20700842142105103,1.5224768632833303,0.0,0.0,0.02,0.07387615683583348,0.0,carpet,12345,2458048367,0,0,6,0,0,0,0.06362302601337433,-0.11062914878129959,0.6035257577896118,1.0,-0.5555898547172546,-1.0,0.5087407231330872,-0.15067234635353088,0.14742884039878845,0.8525711297988892,-0.1610126793384552,-1.0,-1.0,-1.0,-1.0,-1.0,-1.0,-1.0,1.0,0.0,0.0,0.0,1.0,0.0,0.0,0.0,1.0,0.0,0.0,0.0
20260320_140411_268302,6,152,1.865776538848877,0.17017881572246552,-0.11121270658752253,-18.727974258571066,0.0,0.011661505384651605,-0.026445090770721436,1.1757458682495496,0.0,0.0,0.02,0.09121270658752252,0.0,carpet,12345,2458048367,0,0,6,0,0,0,-0.5756157040596008,0.10071717947721481,0.7193630933761597,-0.5885721445083618,-0.4043309688568115,0.36629459261894226,0.6879709362983704,-0.09636859595775604,0.14560531079769135,0.8543947339057922,0.07849311828613281,-1.0,-1.0,-1.0,-1.0,-1.0,-1.0,-1.0,1.0,0.0,0.0,0.0,1.0,0.0,0.0,0.0,1.0,0.0,0.0,0.0
20260320_140411_268302,6,153,1.8209803104400635,0.1573621779680252,-0.11621371688083543,-18.844187975451902,0.0,0.32916207289947863,1.2816637754440308,1.0757256623832916,0.0,0.0,0.02,0.09621371688083542,0.0,carpet,12345,2458048367,0,0,6,0,0,0,-0.940775454044342,0.005675328895449638,-0.2621766924858093,0.6640292406082153,-0.4572872221469879,-0.22194764018058777,-0.5080572366714478,-0.0855318084359169,0.14537236094474792,0.8546276688575745,0.1330336332321167,-1.0,-1.0,-1.0,-1.0,-1.0,-1.0,-1.0,1.0,0.0,0.0,0.0,1.0,0.0,0.0,0.0,1.0,0.0,0.0,0.0
20260320_140411_268302,6,154,1.8068792819976807,0.16695454716682434,-0.13845241979983214,-18.982640395251735,0.0,0.007062324704648404,-0.9592369198799133,0.6309516040033571,0.0,0.0,0.02,0.11845241979983213,0.0,carpet,12345,2458048367,0,0,6,0,0,0,-0.5200468301773071,0.39681804180145264,-0.9678172469139099,0.06918928027153015,-0.7892237305641174,-1.0,-0.8062093257904053,-0.1415269821882248,0.1566624939441681,0.8433375358581543,-0.09904560446739197,-1.0,-1.0,-1.0,-1.0,-1.0,-1.0,-1.0,1.0,0.0,0.0,0.0,1.0,0.0,0.0,0.0,1.0,0.0,0.0,0.0
20260320_140411_268302,6,155,1.8311976194381714,0.1566748321056366,-0.13319865134527376,-19.11583904659701,0.0,0.26228962005816925,1.0279715061187744,0.7360269730945248,0.0,0.0,0.02,0.11319865134527375,0.0,carpet,12345,2458048367,0,0,6,0,0,0,0.06249820813536644,-0.753236711025238,-0.8016297817230225,-0.4075653851032257,-0.8083546161651611,-0.08147963881492615,-0.10059008002281189,-0.15915337204933167,0.14821259677410126,0.8517874479293823,-0.14940163493156433,-1.0,-1.0,-1.0,-1.0,-1.0,-1.0,-1.0,1.0,0.0,0.0,0.0,1.0,0.0,0.0,0.0,1.0,0.0,0.0,0.0
20260320_140411_268302,6,156,1.7944462299346924,0.1773471236228943,-0.15427754228688825,-19.270116588883898,0.0,-0.3200900728878082,-2.067229151725769,0.31444915426223474,0.0,0.0,0.02,0.13427754228688826,0.0,carpet,12345,2458048367,0,0,6,0,0,0,-0.3829733729362488,-0.6375421285629272,-0.06732410192489624,-0.8254883289337158,-0.9202293753623962,-0.34271860122680664,-0.882753849029541,-0.1287553757429123,0.1572679579257965,0.8427320122718811,-0.023172082379460335,-1.0,-1.0,-1.0,-1.0,-1.0,-1.0,-1.0,1.0,0.0,0.0,0.0,1.0,0.0,0.0,0.0,1.0,0.0,0.0,0.0
20260320_140411_268302,6,157,1.7985955476760864,0.17511697113513947,-0.1647114146156423,-19.43482800349954,0.0,-0.18431374247198562,0.22301524877548218,0.10577170768715405,0.0,0.0,0.02,0.1447114146156423,0.0,carpet,12345,2458048367,0,0,6,0,0,0,-0.07796125113964081,0.9795131683349609,0.3393462002277374,-0.5432628393173218,-0.6900767087936401,-0.9939591884613037,-0.7124057412147522,-0.17469462752342224,0.13905781507492065,0.8609421849250793,-0.1634252965450287,-1.0,-1.0,-1.0,-1.0,-1.0,-1.0,-1.0,1.0,0.0,0.0,0.0,1.0,0.0,0.0,0.0,1.0,0.0,0.0,0.0
20260320_140411_268302,6,158,1.8518165349960327,0.171061173081398,-0.16713650766039803,-19.601964511159938,0.0,-0.036840355510463496,0.4055798053741455,0.05726984679203895,0.0,0.0,0.02,0.14713650766039804,0.0,carpet,12345,2458048367,0,0,6,0,0,0,0.1512836068868637,-0.46559277176856995,-0.22356900572776794,-0.6146992444992065,-0.5496835112571716,-0.4921470582485199,0.4656003713607788,-0.1695079803466797,0.14102233946323395,0.8589776158332825,-0.14159630239009857,-1.0,-1.0,-1.0,-1.0,-1.0,-1.0,-1.0,1.0,0.0,0.0,0.0,1.0,0.0,0.0,0.0,1.0,0.0,0.0,0.0
20260320_140411_268302,6,159,1.8135740756988525,0.16698656976222992,-0.16999999999999998,-19.77196451115994,0.0,0.07423481634636175,0.4074603319168091,-0.19765740976107793,0.0,0.0,0.02,0.15,0.0,carpet,12345,2458048367,0,0,6,0,0,0,0.7605549097061157,-0.5273025035858154,0.3806575834751129,-0.11259142309427261,-0.7158963680267334,0.8286992907524109,-0.5043202638626099,-0.10298176109790802,0.14459508657455444,0.8554049134254456,0.0946982204914093,-1.0,-1.0,-1.0,-1.0,-1.0,-1.0,-1.0,1.0,0.0,0.0,0.0,1.0,0.0,0.0,0.0,1.0,0.0,0.0,0.0
20260320_140411_268302,6,160,1.8249740600585938,0.15578217804431915,-0.1634466914629091,-19.93541120262285,0.0,0.33578590520754403,1.1204391717910767,0.1310661707418177,0.0,0.0,0.02,0.14344669146290911,0.0,carpet,12345,2458048367,0,0,6,0,0,0,0.05630446970462799,-0.20288939774036407,0.6562568545341492,0.24665561318397522,0.38221949338912964,0.31750932335853577,-0.08745479583740234,-0.15078487992286682,0.1481844037771225,0.8518155813217163,-0.07681103050708771,-1.0,-1.0,-1.0,-1.0,-1.0,-1.0,-1.0,1.0,0.0,0.0,0.0,1.0,0.0,0.0,0.0,1.0,0.0,0.0,0.0
20260320_140411_268302,6,161,1.8449840545654297,0.16241249442100525,-0.16999999999999998,-20.10541120262285,0.0,0.08608151948850207,-0.6630316376686096,-0.04514192982784948,0.0,0.0,0.02,0.15,0.0,carpet,12345,2458048367,0,0,6,0,0,0,0.7781716585159302,0.8988609910011292,0.970756471157074,-0.24719123542308807,-0.4561155140399933,-0.6989640593528748,0.3294978439807892,-0.1365348845720291,0.15805432200431824,0.8419457077980042,-0.02227436937391758,-1.0,-1.0,-1.0,-1.0,-1.0,-1.0,-1.0,1.0,0.0,0.0,0.0,1.0,0.0,0.0,0.0,1.0,0.0,0.0,0.0
20260320_140411_268302,6,162,1.8020707368850708,0.17041242122650146,-0.16302444437305366,-20.268435646995904,0.0,-0.1354370305210324,-0.7999926805496216,0.13951111253892634,0.0,0.0,0.02,0.14302444437305367,0.0,carpet,12345,2458048367,0,0,6,0,0,0,-0.178254634141922,0.7850105166435242,0.8344454169273376,0.7731671929359436,-0.5881345868110657,0.6081482172012329,-0.7096670269966125,-0.11152229458093643,0.1522136926651001,0.8477863073348999,0.06156448274850845,-1.0,-1.0,-1.0,-1.0,-1.0,-1.0,-1.0,1.0,0.0,0.0,0.0,1.0,0.0,0.0,0.0,1.0,0.0,0.0,0.0
20260320_140411_268302,6,163,1.8057968616485596,0.15753304958343506,-0.14278843134015956,-20.411224078336065,0.0,0.22040651818589652,1.2879371643066406,0.5442313731968085,0.0,0.0,0.02,0.12278843134015957,0.0,carpet,12345,2458048367,0,0,6,0,0,0,-0.19924990832805634,0.39944392442703247,0.05919436737895012,0.30286696553230286,0.10367900133132935,-0.7169206142425537,-0.5023788809776306,-0.16516399383544922,0.1451665759086609,0.8548334240913391,-0.13730686902999878,-1.0,-1.0,-1.0,-1.0,-1.0,-1.0,-1.0,1.0,0.0,0.0,0.0,1.0,0.0,0.0,0.0,1.0,0.0,0.0,0.0
20260320_140411_268302,6,164,1.8440786600112915,0.14837969839572906,-0.12123948014803332,-20.5324635584841,0.0,0.39413866833206157,0.9153351187705994,0.9752103970393335,0.0,0.0,0.02,0.10123948014803331,0.0,carpet,12345,2458048367,0,0,6,0,0,0,-0.7713565230369568,0.5145708918571472,0.7457309365272522,0.29116156697273254,0.4869115948677063,0.09133173525333405,0.4174024760723114,-0.1605064421892166,0.15651196241378784,0.8434880375862122,-0.12241683900356293,-1.0,-1.0,-1.0,-1.0,-1.0,-1.0,-1.0,1.0,0.0,0.0,0.0,1.0,0.0,0.0,0.0,1.0,0.0,0.0,0.0
20260320_140411_268302,6,165,1.7856041193008423,0.16795556247234344,-0.13464085099866707,-20.667104409482768,0.0,-0.19379260066631332,-1.957586407661438,0.7071829800266585,0.0,0.0,0.02,0.11464085099866708,0.0,carpet,12345,2458048367,0,0,6,0,0,0,-0.45431187748908997,0.922268807888031,-0.2834024727344513,-0.49988871812820435,-0.9157885909080505,-0.4291723072528839,-0.936281681060791,-0.11265411227941513,0.16457512974739075,0.8354248404502869,0.0666179433465004,-1.0,-1.0,-1.0,-1.0,-1.0,-1.0,-1.0,1.0,0.0,0.0,0.0,1.0,0.0,0.0,0.0,1.0,0.0,0.0,0.0
20260320_140411_268302,6,166,1.8464664220809937,0.1453886330127716,-0.13048870695956621,-20.797593116442336,0.0,0.41882878598956097,2.256692945957184,0.7902258608086754,0.0,0.0,0.02,0.11048870695956622,0.0,carpet,12345,2458048367,0,0,6,0,0,0,0.6060680150985718,0.5211437344551086,0.9502673149108887,0.3019051253795624,0.7623487114906311,0.38193726539611816,0.5304461717605591,-0.18574734032154083,0.14733080565929413,0.8526691794395447,-0.18027044832706451,-1.0,-1.0,-1.0,-1.0,-1.0,-1.0,-1.0,1.0,0.0,0.0,0.0,1.0,0.0,0.0,0.0,1.0,0.0,0.0,0.0
20260320_140411_268302,6,167,1.827133059501648,0.13543885946273804,-0.10664948652184066,-20.904242602964178,0.0,0.5628659282430135,0.9949773550033569,1.2670102695631869,0.0,0.0,0.02,0.08664948652184065,0.0,carpet,12345,2458048367,0,0,6,0,0,0,-0.8036766052246094,0.581637978553772,0.7480564713478088,0.6681414246559143,0.44219768047332764,-0.5222867727279663,0.024303438141942024,-0.10966949164867401,0.1672099530696869,0.8327900767326355,0.07364612817764282,-1.0,-1.0,-1.0,-1.0,-1.0,-1.0,-1.0,1.0,0.0,0.0,0.0,1.0,0.0,0.0,0.0,1.0,0.0,0.0,0.0
20260320_140411_268302,6,168,1.8261384963989258,0.13680002093315125,-0.08047161452469254,-20.98471421748887,0.0,0.38812040942192993,-0.1361161470413208,1.7905677095061492,0.0,0.0,0.02,0.06047161452469254,0.0,carpet,12345,2458048367,0,0,6,0,0,0,0.08897511661052704,-0.9942784905433655,-0.7254537343978882,0.8423004746437073,-0.11413965374231339,-0.4510060250759125,0.024781515821814537,-0.13383617997169495,0.17597468197345734,0.8240253329277039,-0.015676934272050858,-1.0,-1.0,-1.0,-1.0,-1.0,-1.0,-1.0,1.0,0.0,0.0,0.0,1.0,0.0,0.0,0.0,1.0,0.0,0.0,0.0
20260320_140411_268302,6,169,1.8322192430496216,0.13957741856575012,-0.08040917212141323,-21.065123389610285,0.0,0.22165536625148263,-0.2777397632598877,1.7918165575717353,0.0,0.0,0.02,0.06040917212141323,0.0,carpet,12345,2458048367,0,0,6,0,0,0,0.791151225566864,-0.06591486930847168,-0.5691172480583191,0.985075831413269,0.8868740200996399,0.7276605367660522,0.3225703239440918,-0.13507938385009766,0.174775630235672,0.8252243399620056,-0.019781112670898438,-1.0,-1.0,-1.0,-1.0,-1.0,-1.0,-1.0,1.0,0.0,0.0,0.0,1.0,0.0,0.0,0.0,1.0,0.0,0.0,0.0
20260320_140411_268302,6,170,1.8348418474197388,0.13650064170360565,-0.08795805822590566,-21.15308144783619,0.0,0.24316094624221307,0.307677686214447,1.6408388354818868,0.0,0.0,0.02,0.06795805822590566,0.0,carpet,12345,2458048367,0,0,6,0,0,0,0.5025385022163391,0.22675248980522156,-0.8964958190917969,-0.8635954260826111,0.2900778353214264,-0.1696452498435974,0.3468583822250366,-0.12747840583324432,0.17232903838157654,0.8276709318161011,0.01535832043737173,-1.0,-1.0,-1.0,-1.0,-1.0,-1.0,-1.0,1.0,0.0,0.0,0.0,1.0,0.0,0.0,0.0,1.0,0.0,0.0,0.0
20260320_140411_268302,6,171,1.8337064981460571,0.13905879855155945,-0.07234758876844907,-21.225429036604638,0.0,0.11841678848281845,-0.25581568479537964,1.9530482246310186,0.0,0.0,0.02,0.05234758876844907,0.0,carpet,12345,2458048367,0,0,6,0,0,0,0.8150933384895325,-0.012288954108953476,-0.4702470302581787,0.3522590696811676,-0.7301217913627625,0.017746973782777786,0.2791804075241089,-0.12420006096363068,0.1750393509864807,0.8249606490135193,0.022940339520573616,-1.0,-1.0,-1.0,-1.0,-1.0,-1.0,-1.0,1.0,0.0,0.0,0.0,1.0,0.0,0.0,0.0,1.0,0.0,0.0,0.0
20260320_140411_268302,6,172,1.8445309400558472,0.1464710831642151,-0.09811375426564098,-21.323542790870277,0.0,-0.09649452395427716,-0.741228461265564,1.4377249146871804,0.0,0.0,0.02,0.07811375426564098,0.0,carpet,12345,2458048367,0,0,6,0,0,0,-0.42820754647254944,-0.3296266496181488,0.6653135418891907,0.8024117350578308,-0.382294625043869,-1.0,0.613812267780304,-0.1256193220615387,0.17278587818145752,0.8272141218185425,0.020355455577373505,-1.0,-1.0,-1.0,-1.0,-1.0,-1.0,-1.0,1.0,0.0,0.0,0.0,1.0,0.0,0.0,0.0,1.0,0.0,0.0,0.0
20260320_140411_268302,6,173,1.8146950006484985,0.13906517624855042,-0.12061821168149621,-21.444161002551773,0.0,0.11277677992590895,0.7405906915664673,0.9876357663700759,0.0,0.0,0.02,0.1006182116814962,0.0,carpet,12345,2458048367,0,0,6,0,0,0,0.8408352732658386,0.3083706796169281,0.5525217652320862,-0.7169209122657776,0.47566312551498413,0.33998361229896545,-0.3912820816040039,-0.11208877712488174,0.16625642776489258,0.8337435722351074,0.06686908006668091,-1.0,-1.0,-1.0,-1.0,-1.0,-1.0,-1.0,1.0,0.0,0.0,0.0,1.0,0.0,0.0,0.0,1.0,0.0,0.0,0.0
20260320_140411_268302,6,174,1.8240952491760254,0.12835678458213806,-0.12240961332235586,-21.56657061587413,0.0,0.352292376604737,1.0708391666412354,0.951807733552883,0.0,0.0,0.02,0.10240961332235586,0.0,carpet,12345,2458048367,0,0,6,0,0,0,-0.17412851750850677,-0.7452592849731445,0.49598318338394165,-0.32293516397476196,-0.33691808581352234,-0.4715595543384552,-0.045938823372125626,-0.14938373863697052,0.17278027534484863,0.8272197246551514,-0.09696948528289795,-1.0,-1.0,-1.0,-1.0,-1.0,-1.0,-1.0,1.0,0.0,0.0,0.0,1.0,0.0,0.0,0.0,1.0,0.0,0.0,0.0
