Run_ID,Episode,Timestep,X_Position,Y_Position,Rewards,Cumulative_Rewards,Progress_Reward,Distance_Progress_Cm,Raw_Distance_Progress_Cm,Window_Progress_Cm,X_Drift_Penalty,Heading_Penalty,Living_Penalty,No_Progress_Penalty,Backward_Penalty,Terrain,Experiment_Seed,Episode_Seed,Terrain_ID,Terrain_Block_Index,Episode_In_Terrain_Block,Scale_Head,Scale_Body,Scale_Tail,Motor1_Action,Motor2_Action,Motor3_Action,Motor4_Action,Motor5_Action,Motor6_Action,Motor7_Action,X_Drift_Norm,Z_Progress_Norm,Z_Remaining_Norm,Heading_Norm,Motor1_Norm,Motor2_Norm,Motor3_Norm,Motor4_Norm,Motor5_Norm,Motor6_Norm,Motor7_Norm,Head_TPU_SPIKES,Head_TPU_NO_SPIKES,Head_PLA_SPIKES,Head_PLA_NO_SPIKES,Body_TPU_SPIKES,Body_TPU_NO_SPIKES,Body_PLA_SPIKES,Body_PLA_NO_SPIKES,Tail_TPU_SPIKES,Tail_TPU_NO_SPIKES,Tail_PLA_SPIKES,Tail_PLA_NO_SPIKES
20260319_165846_036208,0,0,2.91489052772522,0.3334661722183227,-0.02,-0.02,0.0,0.12713223695755,0.5085289478302002,0.0,0.0,0.0,0.02,0.0,0.0,carpet,12345,2458047581,0,0,0,0,0,0,0.18304056,0.29827625,-0.716428,0.48266724,-0.2793686,0.42383367,-0.045083184,0.0,-0.0,1.0,0.0,-1.0,-1.0,-1.0,-1.0,-1.0,-1.0,-1.0,1.0,0.0,0.0,0.0,1.0,0.0,0.0,0.0,1.0,0.0,0.0,0.0
20260319_165846_036208,0,1,2.892939329147339,0.3301814794540405,-0.02,-0.04,0.0,0.1774664968252182,0.3284692764282226,0.0,0.0,0.0,0.02,0.0,0.0,carpet,12345,2458047581,0,0,0,0,0,0,0.778384,0.41074392,0.7595232,0.29502663,0.3710828,-0.23692398,-0.6808556,-0.00042457582,0.004105811,0.99589413,-0.032971125,-1.0,-1.0,-1.0,-1.0,-1.0,-1.0,-1.0,1.0,0.0,0.0,0.0,1.0,0.0,0.0,0.0,1.0,0.0,0.0,0.0
20260319_165846_036208,0,2,2.889001607894897,0.3284458518028259,-0.02,-0.06,0.0,0.1764905638992786,0.1735627651214599,0.0,0.0,0.0,0.02,0.0,0.0,carpet,12345,2458047581,0,0,0,0,0,0,0.83551306,0.93113893,0.5594259,-0.23090747,-0.07175231,-0.1695832,-0.046240404,-0.027863313,0.006757878,0.9932421,-0.12950212,-1.0,-1.0,-1.0,-1.0,-1.0,-1.0,-1.0,1.0,0.0,0.0,0.0,1.0,0.0,0.0,0.0,1.0,0.0,0.0,0.0
20260319_165846_036208,0,3,2.909021615982056,0.336244523525238,-0.02,-0.08,0.0,-0.0625988701358437,-0.7798671722412109,0.0,0.0,0.0,0.02,0.0,0.0,carpet,12345,2458047581,0,0,0,0,0,0,0.28803632,0.14532274,-0.0010272849,0.9252386,-0.59657276,0.70201516,0.114790365,-0.032785796,0.008159202,0.9918408,-0.12097488,-1.0,-1.0,-1.0,-1.0,-1.0,-1.0,-1.0,1.0,0.0,0.0,0.0,1.0,0.0,0.0,0.0,1.0,0.0,0.0,0.0
20260319_165846_036208,0,4,2.920337200164795,0.3427056670188904,-0.02,-0.1,0.0,-0.2084777399431914,-0.6461143493652344,0.0,0.0,0.0,0.02,0.0,0.0,carpet,12345,2458047581,0,0,0,0,0,0,-0.3970573,0.41940045,0.24148752,0.40198058,-0.10570238,-0.5696718,0.4970796,-0.00776062,0.0018626099,0.99813735,-0.04950357,-1.0,-1.0,-1.0,-1.0,-1.0,-1.0,-1.0,1.0,0.0,0.0,0.0,1.0,0.0,0.0,0.0,1.0,0.0,0.0,0.0
20260319_165846_036208,0,5,2.925301313400269,0.3578909039497375,-0.1699999999999999,-0.27,0.0,-0.5359892282285728,-1.5185236930847168,-0.325976540625561,0.0,0.0,0.02,0.15,0.0,carpet,12345,2458047581,0,0,0,0,0,0,-0.35764453,0.37166005,-0.058529504,0.15703835,-0.3567153,-0.49870604,1.0,0.006383896,-0.0033540837,1.0,0.02678102,-1.0,-1.0,-1.0,-1.0,-1.0,-1.0,-1.0,1.0,0.0,0.0,0.0,1.0,0.0,0.0,0.0,1.0,0.0,0.0,0.0
20260319_165846_036208,0,6,2.949486255645752,0.3511271178722381,-0.1699999999999999,-0.44,0.0,-0.2328972692339448,0.676378607749939,-0.6860060468170559,0.0,0.0,0.02,0.15,0.0,carpet,12345,2458047581,0,0,0,0,0,0,0.6366764,-0.7402355,0.65482,-0.9555564,0.6978034,0.8373976,0.14114666,0.012588883,-0.015614568,1.0,0.07726322,-1.0,-1.0,-1.0,-1.0,-1.0,-1.0,-1.0,1.0,0.0,0.0,0.0,1.0,0.0,0.0,0.0,1.0,0.0,0.0,0.0
20260319_165846_036208,0,7,2.997878074645996,0.385761559009552,-0.1699999999999999,-0.61,0.0,-1.040533980358305,-3.4634441137313843,-1.9040065240005788,0.0,0.0,0.02,0.15,0.0,carpet,12345,2458047581,0,0,0,0,0,0,0.15865928,-0.14563598,0.3651856,-0.5658569,-0.5635001,0.467698,0.76223177,0.042820357,-0.010153541,1.0,0.053585447,-1.0,-1.0,-1.0,-1.0,-1.0,-1.0,-1.0,1.0,0.0,0.0,0.0,1.0,0.0,0.0,0.0,1.0,0.0,0.0,0.0
20260319_165846_036208,0,8,2.9289820194244385,0.3285777270793915,-0.1699999999999999,-0.78,0.0,0.6491953129852845,5.718383193016052,-1.4313017749145729,0.0,0.0,0.02,0.15,0.0,carpet,12345,2458047581,0,0,0,0,0,0,-0.8278154,-0.59016067,-0.98287845,0.5500256,0.5942285,-0.75089264,-0.3606012,0.10331001,-0.038117204,1.0,0.14842753,-1.0,-1.0,-1.0,-1.0,-1.0,-1.0,-1.0,1.0,0.0,0.0,0.0,1.0,0.0,0.0,0.0,1.0,0.0,0.0,0.0
20260319_165846_036208,0,9,2.902421474456787,0.3383343517780304,-0.1699999999999999,-0.95,0.0,0.2429808672729905,-0.9756624698638916,-1.1257220375057386,0.0,0.0,0.02,0.15,0.0,carpet,12345,2458047581,0,0,0,0,0,0,-1.0,-0.7046659,-0.41816822,-0.066457,-0.94089806,0.67536,-0.6370796,0.01718979,0.008052727,0.99194723,-0.04036264,-1.0,-1.0,-1.0,-1.0,-1.0,-1.0,-1.0,1.0,0.0,0.0,0.0,1.0,0.0,0.0,0.0,1.0,0.0,0.0,0.0
20260319_165846_036208,0,10,3.0075979232788086,0.376845508813858,-0.1699999999999999,-1.12,0.0,-0.780543275440948,-3.851115703582764,-1.6977875730034953,0.0,0.0,0.02,0.15,0.0,carpet,12345,2458047581,0,0,0,0,0,0,0.5856472,-0.35421544,0.732972,0.6588474,-0.013108833,0.7144897,0.8660874,-0.016010666,0.0001752809,0.9998247,-0.13838877,-1.0,-1.0,-1.0,-1.0,-1.0,-1.0,-1.0,1.0,0.0,0.0,0.0,1.0,0.0,0.0,0.0,1.0,0.0,0.0,0.0
20260319_165846_036208,0,11,3.001562118530273,0.35319983959198,-0.1699999999999999,-1.2899999999999998,0.0,0.0057342739662402,2.364566922187805,-1.1560640708086822,0.0,0.0,0.02,0.15,0.0,carpet,12345,2458047581,0,0,0,0,0,0,0.67555815,-0.23452255,-0.37354478,0.59933263,0.022786513,0.00866644,-0.5153077,0.11545982,-0.03091843,1.0,0.13477504,-1.0,-1.0,-1.0,-1.0,-1.0,-1.0,-1.0,1.0,0.0,0.0,0.0,1.0,0.0,0.0,0.0,1.0,0.0,0.0,0.0
20260319_165846_036208,0,12,2.9760665893554688,0.3463307023048401,-0.1699999999999999,-1.4599999999999995,0.0,0.1760291376531739,0.6869137287139893,-0.7471376639215634,0.0,0.0,0.02,0.15,0.0,carpet,12345,2458047581,0,0,0,0,0,0,-0.5032678,-0.34899738,-0.68156123,-0.1762711,-0.705004,-0.051237665,-0.641228,0.10791512,-0.011827041,1.0,0.0192617,-1.0,-1.0,-1.0,-1.0,-1.0,-1.0,-1.0,1.0,0.0,0.0,0.0,1.0,0.0,0.0,0.0,1.0,0.0,0.0,0.0
20260319_165846_036208,0,13,2.966305017471313,0.3383102715015411,-0.1387035530120454,-1.598703553012045,0.0,0.3325326233223507,0.802043080329895,0.6259289397590919,0.0,0.0,0.02,0.1187035530120454,0.0,carpet,12345,2458047581,0,0,0,0,0,0,-0.021782702,-0.80430907,0.3131241,-0.24860775,-0.189434,-0.90729725,-0.26997244,0.07604561,-0.006280945,1.0,-0.0704428,-1.0,-1.0,-1.0,-1.0,-1.0,-1.0,-1.0,1.0,0.0,0.0,0.0,1.0,0.0,0.0,0.0,1.0,0.0,0.0,0.0
20260319_165846_036208,0,14,2.9548020362854004,0.3410944938659668,-0.1621736232422531,-1.7608771762542983,0.0,0.1797939083811286,-0.2784222364425659,0.156527535154936,0.0,0.0,0.02,0.1421736232422532,0.0,carpet,12345,2458047581,0,0,0,0,0,0,0.49518612,-0.33118972,0.114104256,0.6800465,0.40523753,-0.056963656,0.90648496,0.06384353,0.0001947155,0.9998052,-0.065113515,-1.0,-1.0,-1.0,-1.0,-1.0,-1.0,-1.0,1.0,0.0,0.0,0.0,1.0,0.0,0.0,0.0,1.0,0.0,0.0,0.0
20260319_165846_036208,0,15,2.991058111190796,0.3444178402423858,-0.1699999999999999,-1.9308771762542984,0.0,0.0517617718753768,-0.3323346376419067,-0.0346915602426776,0.0,0.0,0.02,0.15,0.0,carpet,12345,2458047581,0,0,0,0,0,0,-0.7471409,0.90738726,-0.0625412,-0.07439917,0.57200074,0.5741965,-0.76713383,0.0494648,-0.0020532599,1.0,-0.00205093,-1.0,-1.0,-1.0,-1.0,-1.0,-1.0,-1.0,1.0,0.0,0.0,0.0,1.0,0.0,0.0,0.0,1.0,0.0,0.0,0.0
20260319_165846_036208,0,16,2.983246326446533,0.3426153361797333,-0.1285132177164446,-2.0593903939707427,0.0,0.0838839304728367,0.1802504062652588,0.8297356456711071,0.0,0.0,0.02,0.1085132177164446,0.0,carpet,12345,2458047581,0,0,0,0,0,0,-0.051283535,0.15279919,0.80748326,0.3401695,1.0,-0.28588757,-0.07537251,0.09478493,-0.004736496,1.0,-0.04152474,-1.0,-1.0,-1.0,-1.0,-1.0,-1.0,-1.0,1.0,0.0,0.0,0.0,1.0,0.0,0.0,0.0,1.0,0.0,0.0,0.0
20260319_165846_036208,0,17,2.996840476989746,0.3474687337875366,-0.1317210310317794,-2.1911114250025223,0.0,-0.058421992340456,-0.4853397607803345,0.7655793793644108,0.0,0.0,0.02,0.1117210310317794,0.0,carpet,12345,2458047581,0,0,0,0,0,0,0.057839364,-0.43366688,-0.8421267,0.6137315,-0.72134024,0.82375705,-0.2788064,0.085020445,-0.00328115,1.0,-0.047144216,-1.0,-1.0,-1.0,-1.0,-1.0,-1.0,-1.0,1.0,0.0,0.0,0.0,1.0,0.0,0.0,0.0,1.0,0.0,0.0,0.0
20260319_165846_036208,0,18,2.9859864711761475,0.3417850732803345,-0.1356087369932024,-2.3267201619957247,0.0,0.0982750184247152,0.5683660507202148,0.687825260135952,0.0,0.0,0.02,0.1156087369932023,0.0,carpet,12345,2458047581,0,0,0,0,0,0,0.39611155,-0.90651983,-0.7018998,-0.085256025,0.45726952,-0.7614518,-0.11283277,0.102013014,-0.007199761,1.0,-0.027678333,-1.0,-1.0,-1.0,-1.0,-1.0,-1.0,-1.0,1.0,0.0,0.0,0.0,1.0,0.0,0.0,0.0,1.0,0.0,0.0,0.0
20260319_165846_036208,0,19,2.9761977195739746,0.345198780298233,-0.1528171887407663,-2.479537350736491,0.0,-0.0116364116289275,-0.3413707017898559,0.3436562251846737,0.0,0.0,0.02,0.1328171887407663,0.0,carpet,12345,2458047581,0,0,0,0,0,0,0.55184084,-0.5499958,-0.24636267,-0.7192956,0.5309427,0.29753837,-0.39644682,0.08844528,-0.0026108262,1.0,-0.029390635,-1.0,-1.0,-1.0,-1.0,-1.0,-1.0,-1.0,1.0,0.0,0.0,0.0,1.0,0.0,0.0,0.0,1.0,0.0,0.0,0.0
20260319_165846_036208,0,20,2.9935495853424072,0.3431315422058105,-0.159659201980379,-2.63919655271687,0.0,0.0429536435888735,0.2067238092422485,0.2068159603924186,0.0,0.0,0.02,0.139659201980379,0.0,carpet,12345,2458047581,0,0,0,0,0,0,-0.24197261,-0.36952764,0.031961385,-0.50437045,-0.7648692,-0.32307565,0.19281614,0.07620964,-0.0053670267,1.0,-0.07261282,-1.0,-1.0,-1.0,-1.0,-1.0,-1.0,-1.0,1.0,0.0,0.0,0.0,1.0,0.0,0.0,0.0,1.0,0.0,0.0,0.0
20260319_165846_036208,0,21,3.0142524242401123,0.3643024265766144,-0.1699999999999999,-2.80919655271687,0.0,-0.4970568765784549,-2.117088437080384,-0.3420026880614131,0.0,0.0,0.02,0.15,0.0,carpet,12345,2458047581,0,0,0,0,0,0,-0.5552252,-0.104115285,0.48799154,-0.44012916,-0.138707,0.69694996,0.70752406,0.09789924,-0.003697962,1.0,0.011040444,-1.0,-1.0,-1.0,-1.0,-1.0,-1.0,-1.0,1.0,0.0,0.0,0.0,1.0,0.0,0.0,0.0,1.0,0.0,0.0,0.0
20260319_165846_036208,0,22,3.021749258041382,0.3711985349655151,-0.1699999999999999,-2.97919655271687,0.0,-0.545195367156353,-0.6896108388900757,-0.9710819856906028,0.0,0.0,0.02,0.15,0.0,carpet,12345,2458047581,0,0,0,0,0,0,-0.17891149,-0.8668647,-0.5601664,0.3100551,0.4570312,0.23401831,0.52351457,0.12377777,-0.020791223,1.0,0.13286904,-1.0,-1.0,-1.0,-1.0,-1.0,-1.0,-1.0,1.0,0.0,0.0,0.0,1.0,0.0,0.0,0.0,1.0,0.0,0.0,0.0
20260319_165846_036208,0,23,3.001328945159912,0.3510917425155639,-0.1699999999999999,-3.14919655271687,0.0,0.093773285881511,2.010679244995117,-0.8188867074686357,0.0,0.0,0.02,0.15,0.0,carpet,12345,2458047581,0,0,0,0,0,0,-0.08977431,-0.47156134,0.1882606,0.6333714,-0.14419934,0.34856847,-0.5804183,0.13314895,-0.026359094,1.0,0.16192819,-1.0,-1.0,-1.0,-1.0,-1.0,-1.0,-1.0,1.0,0.0,0.0,0.0,1.0,0.0,0.0,0.0,1.0,0.0,0.0,0.0
20260319_165846_036208,0,24,2.964747667312622,0.3357397019863128,-0.1699999999999999,-3.31919655271687,0.0,0.4541309776424214,1.53520405292511,-0.4630307482509295,0.0,0.0,0.02,0.15,0.0,carpet,12345,2458047581,0,0,0,0,0,0,0.73806316,-0.14868481,0.40593642,0.0016095971,-0.32304752,-0.89673686,0.49872243,0.107623674,-0.010124959,1.0,0.028691132,-1.0,-1.0,-1.0,-1.0,-1.0,-1.0,-1.0,1.0,0.0,0.0,0.0,1.0,0.0,0.0,0.0,1.0,0.0,0.0,0.0
20260319_165846_036208,0,25,2.9590601921081543,0.3544320166110992,-0.1699999999999999,-3.48919655271687,0.0,-0.1267096323878576,-1.8692314624786377,-0.5781039690098595,0.0,0.0,0.02,0.15,0.0,carpet,12345,2458047581,0,0,0,0,0,0,0.9801822,-0.7904094,-0.88191146,-0.30743146,0.21546471,-0.7808737,1.0,0.061896898,0.002270182,0.99772984,0.02475761,-1.0,-1.0,-1.0,-1.0,-1.0,-1.0,-1.0,1.0,0.0,0.0,0.0,1.0,0.0,0.0,0.0,1.0,0.0,0.0,0.0
20260319_165846_036208,0,26,2.9621310234069824,0.323830783367157,-0.1675529502895533,-3.656749503006423,0.0,0.6699986068076669,3.060123324394226,0.0489409942089338,0.0,0.0,0.02,0.1475529502895533,0.0,carpet,12345,2458047581,0,0,0,0,0,0,-0.5031951,0.30893347,0.90606725,0.8269725,0.51225287,0.57701266,-0.2996158,0.054787446,-0.012821902,1.0,0.08139401,-1.0,-1.0,-1.0,-1.0,-1.0,-1.0,-1.0,1.0,0.0,0.0,0.0,1.0,0.0,0.0,0.0,1.0,0.0,0.0,0.0
20260319_165846_036208,0,27,2.92531418800354,0.3342242538928985,-0.13056699686252,-3.7873164998689433,0.0,0.2426621919622107,-1.0393470525741575,0.7886600627495994,0.0,0.0,0.02,0.11056699686252,0.0,carpet,12345,2458047581,0,0,0,0,0,0,-0.5622319,-0.2757038,0.94006515,1.0,0.3042427,-0.08752035,-1.0,0.058626175,0.011885376,0.9881146,-0.026164297,-1.0,-1.0,-1.0,-1.0,-1.0,-1.0,-1.0,1.0,0.0,0.0,0.0,1.0,0.0,0.0,0.0,1.0,0.0,0.0,0.0
20260319_165846_036208,0,28,2.973942518234253,0.3364157676696777,-0.0969467885270934,-3.8842632883960366,0.0,0.1272087995521786,-0.2191513776779174,1.461064229458131,0.0,0.0,0.02,0.0769467885270934,0.0,carpet,12345,2458047581,0,0,0,0,0,0,-0.32370788,0.86331487,-0.0034452672,-0.52062416,0.03867069,0.11159729,0.98642904,0.012605285,0.0034937602,0.9965062,-0.17387715,-1.0,-1.0,-1.0,-1.0,-1.0,-1.0,-1.0,1.0,0.0,0.0,0.0,1.0,0.0,0.0,0.0,1.0,0.0,0.0,0.0
20260319_165846_036208,0,29,2.9950616359710693,0.3470833599567413,-0.1101996131967919,-3.994462901592829,0.0,-0.1712832075124595,-1.06675922870636,1.1960077360641606,0.0,0.0,0.02,0.0901996131967919,0.0,carpet,12345,2458047581,0,0,0,0,0,0,0.8222165,-0.54887736,-0.67629266,-0.9048324,0.003550973,0.36728996,-0.22661859,0.07339058,0.0017243193,0.99827564,0.06013672,-1.0,-1.0,-1.0,-1.0,-1.0,-1.0,-1.0,1.0,0.0,0.0,0.0,1.0,0.0,0.0,0.0,1.0,0.0,0.0,0.0
20260319_165846_036208,0,30,2.9903135299682617,0.3450865745544433,-0.1368333006077574,-4.131296202200586,0.0,-0.0785427705768881,0.1996785402297973,0.663333987844851,0.0,0.0,0.02,0.1168333006077574,0.0,carpet,12345,2458047581,0,0,0,0,0,0,0.10137355,-0.66449577,-0.106640436,0.9421286,-0.41476804,-0.61731315,-0.053684928,0.099789426,-0.0068886224,1.0,0.053341642,-1.0,-1.0,-1.0,-1.0,-1.0,-1.0,-1.0,1.0,0.0,0.0,0.0,1.0,0.0,0.0,0.0,1.0,0.0,0.0,0.0
20260319_165846_036208,0,31,2.9537909030914307,0.3369273245334625,-0.1232441103587714,-4.2545403125593575,0.0,0.1450741725918618,0.8159250020980835,0.9351177928245704,0.0,0.0,0.02,0.1032441103587714,0.0,carpet,12345,2458047581,0,0,0,0,0,0,0.8050854,-0.7717724,0.42342633,0.3967246,-0.22869277,0.6604561,0.47127354,0.093854144,-0.005276445,1.0,0.027724015,-1.0,-1.0,-1.0,-1.0,-1.0,-1.0,-1.0,1.0,0.0,0.0,0.0,1.0,0.0,0.0,0.0,1.0,0.0,0.0,0.0
20260319_165846_036208,0,32,3.0055019855499268,0.3596689999103546,-0.1699999999999999,-4.424540312559357,0.0,-0.4597362549784094,-2.274167537689209,-0.1946170689615058,0.0,0.0,0.02,0.15,0.0,carpet,12345,2458047581,0,0,0,0,0,0,-0.95693773,0.19081724,-0.93530077,-0.47253826,-0.67074156,-0.094109625,0.18553592,0.048200987,0.0013112958,0.9986887,0.014364307,-1.0,-1.0,-1.0,-1.0,-1.0,-1.0,-1.0,1.0,0.0,0.0,0.0,1.0,0.0,0.0,0.0,1.0,0.0,0.0,0.0
20260319_165846_036208,0,33,2.98334002494812,0.3427398204803467,-0.1699999999999999,-4.594540312559357,0.0,0.0784272945163877,1.6929179430007937,-0.3588519664073288,0.0,0.0,0.02,0.15,0.0,carpet,12345,2458047581,0,0,0,0,0,0,0.052306835,0.18066356,-0.9815861,0.89860725,0.22977495,0.13583368,-0.36246812,0.11283989,-0.017050203,1.0,0.10032786,-1.0,-1.0,-1.0,-1.0,-1.0,-1.0,-1.0,1.0,0.0,0.0,0.0,1.0,0.0,0.0,0.0,1.0,0.0,0.0,0.0
20260319_165846_036208,0,34,2.968249082565308,0.3434014618396759,-0.1699999999999999,-4.764540312559357,0.0,0.0422794369040673,-0.0661641359329223,-0.4437813290554402,0.0,0.0,0.02,0.15,0.0,carpet,12345,2458047581,0,0,0,0,0,0,-0.5969268,-0.45161706,-0.25287044,-0.86427206,0.047134176,0.62403727,-0.67288715,0.08513756,-0.0033816802,1.0,0.012153911,-1.0,-1.0,-1.0,-1.0,-1.0,-1.0,-1.0,1.0,0.0,0.0,0.0,1.0,0.0,0.0,0.0,1.0,0.0,0.0,0.0
20260319_165846_036208,0,35,2.956484317779541,0.3561914563179016,-0.1699999999999999,-4.934540312559357,0.0,-0.2880402842775993,-1.2789994478225708,-0.56053840582058,0.0,0.0,0.02,0.15,0.0,carpet,12345,2458047581,0,0,0,0,0,0,-0.50287884,0.722594,-0.4089012,-0.80534154,-0.9171618,0.94562715,-1.0,0.06627388,-0.0039158696,1.0,-0.08490142,-1.0,-1.0,-1.0,-1.0,-1.0,-1.0,-1.0,1.0,0.0,0.0,0.0,1.0,0.0,0.0,0.0,1.0,0.0,0.0,0.0
20260319_165846_036208,0,36,2.929788827896118,0.3144541978836059,-0.152729719379725,-5.087270031939082,0.0,0.8274012476491919,4.173725843429565,0.3454056124055,0.0,0.0,0.02,0.132729719379725,0.0,carpet,12345,2458047581,0,0,0,0,0,0,0.6058315,-0.17729439,0.800296,0.8898771,0.766267,-0.84719276,-0.16780366,0.05156784,-0.014242443,1.0,-0.12354465,-1.0,-1.0,-1.0,-1.0,-1.0,-1.0,-1.0,1.0,0.0,0.0,0.0,1.0,0.0,0.0,0.0,1.0,0.0,0.0,0.0
20260319_165846_036208,0,37,2.9603283405303955,0.3170492053031921,-0.1321996404969564,-5.219469672436039,0.0,0.5556757502472323,-0.2595007419586181,0.7560071900608705,0.0,0.0,0.02,0.1121996404969564,0.0,carpet,12345,2458047581,0,0,0,0,0,0,-0.41916803,0.9623224,-0.3799468,-0.23266613,0.1959587,0.9472595,0.7560676,0.018198395,0.019455995,0.980544,-0.12276727,-1.0,-1.0,-1.0,-1.0,-1.0,-1.0,-1.0,1.0,0.0,0.0,0.0,1.0,0.0,0.0,0.0,1.0,0.0,0.0,0.0
20260319_165846_036208,0,38,3.075838565826416,0.4169365763664245,-0.1901068659738439,-5.409576538409882,-0.0201068659738439,-2.080427463895376,-9.988737106323242,-0.8646840188560958,0.0,0.0,0.02,0.15,0.0,carpet,12345,2458047581,0,0,0,0,0,0,-0.95092124,-0.55265224,-0.17283067,0.8517609,-0.28159332,0.72762907,0.8675792,0.056372833,0.017360803,0.98263913,-0.027163584,-1.0,-1.0,-1.0,-1.0,-1.0,-1.0,-1.0,1.0,0.0,0.0,0.0,1.0,0.0,0.0,0.0,1.0,0.0,0.0,0.0
20260319_165846_036208,0,39,3.075683116912842,0.4155812859535217,-0.1699999999999999,-5.579576538409882,0.0,-1.526438337598961,0.1355290412902832,-2.4695496509714445,0.0,0.0,0.02,0.15,0.0,carpet,12345,2458047581,0,0,0,0,0,0,0.68635714,0.17011397,-0.20949109,-0.16408941,0.06805255,0.5245389,-0.45480672,0.20076065,-0.06328774,1.0,0.25988004,-1.0,-1.0,-1.0,-1.0,-1.0,-1.0,-1.0,1.0,0.0,0.0,0.0,1.0,0.0,0.0,0.0,1.0,0.0,0.0,0.0
20260319_165846_036208,0,40,3.0071592330932617,0.3595141470432281,-0.1699999999999999,-5.749576538409882,0.0,0.2568497195581187,5.606713891029358,-2.254979368317393,0.0,0.0,0.02,0.15,0.0,carpet,12345,2458047581,0,0,0,0,0,0,-0.51709104,-0.033040673,0.42041975,-0.5428119,0.14105712,0.63450766,-1.0,0.2005661,-0.06219349,1.0,0.24840559,-1.0,-1.0,-1.0,-1.0,-1.0,-1.0,-1.0,1.0,0.0,0.0,0.0,1.0,0.0,0.0,0.0,1.0,0.0,0.0,0.0
20260319_165846_036208,0,41,2.9812982082366943,0.3270449042320251,-0.1699999999999999,-5.919576538409882,0.0,1.004368359948657,3.2469242811203003,-0.9625707240911368,0.0,0.0,0.02,0.15,0.0,carpet,12345,2458047581,0,0,0,0,0,0,-0.52918303,-0.22468343,0.6883769,-0.15036242,0.2795346,-0.4219922,-0.18106343,0.11491127,-0.016925186,1.0,-0.06938965,-1.0,-1.0,-1.0,-1.0,-1.0,-1.0,-1.0,1.0,0.0,0.0,0.0,1.0,0.0,0.0,0.0,1.0,0.0,0.0,0.0
20260319_165846_036208,0,42,2.971322774887085,0.3230194747447967,-0.1699999999999999,-6.089576538409882,0.0,0.8539120071422133,0.4025429487228393,-0.9360599645981154,0.0,0.0,0.02,0.15,0.0,carpet,12345,2458047581,0,0,0,0,0,0,0.5261158,0.42957276,-0.6596659,0.21290955,0.021841183,-0.8591316,0.30886963,0.08258514,0.009290319,0.99070966,-0.06536375,-1.0,-1.0,-1.0,-1.0,-1.0,-1.0,-1.0,1.0,0.0,0.0,0.0,1.0,0.0,0.0,0.0,1.0,0.0,0.0,0.0
20260319_165846_036208,0,43,2.974813222885132,0.3336328268051147,-0.1699999999999999,-6.259576538409882,0.0,0.3751002038486888,-1.061335206031799,-1.1166355109966588,0.0,0.0,0.02,0.15,0.0,carpet,12345,2458047581,0,0,0,0,0,0,0.6873891,-0.7310098,0.3566541,0.7778728,-0.16259396,-0.6318666,0.53298575,0.07011566,0.012540423,0.98745954,-0.028324388,-1.0,-1.0,-1.0,-1.0,-1.0,-1.0,-1.0,1.0,0.0,0.0,0.0,1.0,0.0,0.0,0.0,1.0,0.0,0.0,0.0
20260319_165846_036208,0,44,2.9696998596191406,0.324558287858963,-0.0964009710280476,-6.355977509437929,0.0,0.5081886265403313,0.9074538946151732,1.471980579439048,0.0,0.0,0.02,0.0764009710280475,0.0,carpet,12345,2458047581,0,0,0,0,0,0,0.8943488,0.19267425,-0.92936814,0.8769297,0.76440555,0.7333162,-0.5646755,0.07447891,0.003971278,0.99602866,0.015780874,-1.0,-1.0,-1.0,-1.0,-1.0,-1.0,-1.0,1.0,0.0,0.0,0.0,1.0,0.0,0.0,0.0,1.0,0.0,0.0,0.0
20260319_165846_036208,0,45,2.963961601257324,0.3360513150691986,-0.02,-6.375977509437929,0.0,0.093815789649355,-1.1493027210235596,3.092234706687364,0.0,0.0,0.02,0.0,0.0,carpet,12345,2458047581,0,0,0,0,0,0,-0.373123,0.8888098,0.20773245,0.12783204,-0.6855296,0.32896435,-0.9945487,0.068087004,0.011297995,0.98870194,-0.101828694,-1.0,-1.0,-1.0,-1.0,-1.0,-1.0,-1.0,1.0,0.0,0.0,0.0,1.0,0.0,0.0,0.0,1.0,0.0,0.0,0.0
20260319_165846_036208,0,46,2.97126579284668,0.3319775462150574,-0.02,-6.3959775094379285,0.0,0.1722060635905506,0.4073768854141235,3.007591050719796,0.0,0.0,0.02,0.0,0.0,carpet,12345,2458047581,0,0,0,0,0,0,-0.027202668,0.031430215,0.7445236,0.9282217,-0.30478832,0.6760602,-0.2969267,0.06091423,0.0020185793,0.99798137,-0.1609181,-1.0,-1.0,-1.0,-1.0,-1.0,-1.0,-1.0,1.0,0.0,0.0,0.0,1.0,0.0,0.0,0.0,1.0,0.0,0.0,0.0
20260319_165846_036208,0,47,2.9571404457092285,0.3227650225162506,-0.0518654834532893,-6.447842992891218,0.0,0.359467640163075,0.9212523698806764,2.362690330934214,0.0,0.0,0.02,0.0318654834532893,0.0,carpet,12345,2458047581,0,0,0,0,0,0,-0.41194174,-0.822829,0.06555072,-0.49861538,0.39769945,-0.4914023,-0.8271841,0.07004471,0.0053077373,0.9946922,-0.119635664,-1.0,-1.0,-1.0,-1.0,-1.0,-1.0,-1.0,1.0,0.0,0.0,0.0,1.0,0.0,0.0,0.0,1.0,0.0,0.0,0.0
20260319_165846_036208,0,48,2.9403204917907715,0.3295296132564544,-0.0895367857295394,-6.537379778620757,0.0,0.1004859616172098,-0.6764590740203857,1.6092642854092103,0.0,0.0,0.02,0.0695367857295394,0.0,carpet,12345,2458047581,0,0,0,0,0,0,-0.8977634,-0.6767981,0.49672338,0.14836405,0.2000903,-0.6478841,-0.8249963,0.052388,0.012745888,0.9872541,-0.16987123,-1.0,-1.0,-1.0,-1.0,-1.0,-1.0,-1.0,1.0,0.0,0.0,0.0,1.0,0.0,0.0,0.0,1.0,0.0,0.0,0.0
20260319_165846_036208,0,49,2.9551289081573486,0.3260164558887481,-0.1001321256516956,-6.637511904272452,0.0,0.1631934054055648,0.3513157367706299,1.3973574869660863,0.0,0.0,0.02,0.0801321256516956,0.0,carpet,12345,2458047581,0,0,0,0,0,0,-0.6238488,-0.2789243,-0.8385424,0.7315465,-0.33097658,-0.5285279,0.535087,0.031362914,0.0072841826,0.9927158,-0.20384185,-1.0,-1.0,-1.0,-1.0,-1.0,-1.0,-1.0,1.0,0.0,0.0,0.0,1.0,0.0,0.0,0.0,1.0,0.0,0.0,0.0
20260319_165846_036208,0,50,2.964219093322754,0.3282430768013,-0.1222050804166937,-6.759716984689146,0.0,0.0667295312403695,-0.222662091255188,0.9558983916661248,0.0,0.0,0.02,0.1022050804166937,0.0,carpet,12345,2458047581,0,0,0,0,0,0,-0.9681894,0.49857327,-0.4459781,-0.60010785,0.4015998,-0.8218462,0.13139054,0.049873352,0.010120678,0.9898793,-0.07299881,-1.0,-1.0,-1.0,-1.0,-1.0,-1.0,-1.0,1.0,0.0,0.0,0.0,1.0,0.0,0.0,0.0,1.0,0.0,0.0,0.0
20260319_165846_036208,0,51,2.919538736343384,0.3298565149307251,-0.1264103101394288,-6.886127294828575,0.0,0.0097111951946544,-0.1613438129425048,0.8717937972114242,0.0,0.0,0.02,0.1064103101394288,0.0,carpet,12345,2458047581,0,0,0,0,0,0,0.5686175,-0.67151326,0.23738787,-0.46168575,0.5902025,-1.0,-0.7088619,0.06123619,0.008322932,0.99167705,-0.04020614,-1.0,-1.0,-1.0,-1.0,-1.0,-1.0,-1.0,1.0,0.0,0.0,0.0,1.0,0.0,0.0,0.0,1.0,0.0,0.0,0.0
20260319_165846_036208,0,52,2.878748178482056,0.3372914493083954,-0.1446720722905995,-7.030799367119174,0.0,-0.1785899630457663,-0.7434934377670288,0.5209977705751072,0.0,0.0144392163870988,0.02,0.1239501114712446,0.0,carpet,12345,2458047581,0,0,0,0,0,0,-0.03574553,0.5365572,0.29950976,-0.1897801,0.05203339,-0.59410334,-0.5295741,0.005385971,0.0070202295,0.99297976,-0.18180479,-1.0,-1.0,-1.0,-1.0,-1.0,-1.0,-1.0,1.0,0.0,0.0,0.0,1.0,0.0,0.0,0.0,1.0,0.0,0.0,0.0
20260319_165846_036208,0,53,2.90130352973938,0.3344728052616119,-0.1671914756110263,-7.1979908427302,0.0,-0.0634763711147314,0.2818644046783447,0.0980537592973007,0.0,0.0418832715178278,0.02,0.1450973120351349,0.0,carpet,12345,2458047581,0,0,0,0,0,0,-0.82404137,-0.4370856,0.37422943,-0.29629865,-0.61482435,0.9965211,-0.9038037,-0.04560242,0.001017313,0.9989826,-0.26043653,-1.0,-1.0,-1.0,-1.0,-1.0,-1.0,-1.0,1.0,0.0,0.0,0.0,1.0,0.0,0.0,0.0,1.0,0.0,0.0,0.0
20260319_165846_036208,0,54,2.902186870574951,0.3214683532714844,-0.1582885748788768,-7.356279417609077,0.0,0.277504021417144,1.3004451990127563,0.275071819097235,0.0,0.0408433166747722,0.02,0.1362464090451382,0.0,carpet,12345,2458047581,0,0,0,0,0,0,0.44670603,-0.10218817,0.8945855,0.39310172,-0.92832124,-0.68669516,-0.23085043,-0.017408371,0.0032930695,0.9967069,-0.24585219,-1.0,-1.0,-1.0,-1.0,-1.0,-1.0,-1.0,1.0,0.0,0.0,0.0,1.0,0.0,0.0,0.0,1.0,0.0,0.0,0.0
20260319_165846_036208,0,55,2.934675455093384,0.3144513666629791,-0.1457948598047775,-7.502074277413854,0.0,0.383552681275475,0.7016986608505249,0.4954310949671452,0.0,0.0113282910626972,0.02,0.1252284452516427,0.0,carpet,12345,2458047581,0,0,0,0,0,0,0.9460923,0.81247306,0.36658758,-0.28386903,0.8351605,0.65591353,0.42049026,-0.016304016,0.013792799,0.9862072,-0.17137298,-1.0,-1.0,-1.0,-1.0,-1.0,-1.0,-1.0,1.0,0.0,0.0,0.0,1.0,0.0,0.0,0.0,1.0,0.0,0.0,0.0
20260319_165846_036208,0,56,2.9375486373901367,0.3167694211006164,-0.137079264312877,-7.639153541726731,0.0,0.2297131500156837,-0.2318054437637329,0.6584147137424594,0.0,0.0,0.02,0.117079264312877,0.0,carpet,12345,2458047581,0,0,0,0,0,0,0.07842323,-0.14884764,1.0,-0.113191664,0.6143914,-0.9128642,-0.23500992,0.02430687,0.019458275,0.9805417,-0.07239666,-1.0,-1.0,-1.0,-1.0,-1.0,-1.0,-1.0,1.0,0.0,0.0,0.0,1.0,0.0,0.0,0.0,1.0,0.0,0.0,0.0
20260319_165846_036208,0,57,2.952514886856079,0.3182494640350342,-0.1308006346150439,-7.769954176341775,0.0,0.1352837891513161,-0.1480042934417724,0.7839873076991211,0.0,0.0,0.02,0.1108006346150439,0.0,carpet,12345,2458047581,0,0,0,0,0,0,0.7474882,-0.0735484,-0.08491977,-0.9542079,-1.0,-0.1923187,0.6731948,0.027898025,0.017586686,0.9824133,-0.10187084,-1.0,-1.0,-1.0,-1.0,-1.0,-1.0,-1.0,1.0,0.0,0.0,0.0,1.0,0.0,0.0,0.0,1.0,0.0,0.0,0.0
20260319_165846_036208,0,58,2.9455199241638184,0.311093270778656,-0.1078527527991089,-7.877806929140884,0.0,0.2803676732729343,0.7156193256378174,1.2429449440178215,0.0,0.0,0.02,0.0878527527991089,0.0,carpet,12345,2458047581,0,0,0,0,0,0,0.054181308,0.7706033,0.22696826,0.3992479,0.54855525,-0.40860048,0.010224098,0.046606064,0.016391706,0.9836083,-0.008961025,-1.0,-1.0,-1.0,-1.0,-1.0,-1.0,-1.0,1.0,0.0,0.0,0.0,1.0,0.0,0.0,0.0,1.0,0.0,0.0,0.0
20260319_165846_036208,0,59,2.939658641815185,0.3083423674106598,-0.0907265172856409,-7.968533446426525,0.0,0.2790483391546274,0.2750903367996216,1.585469654287181,0.0,0.0,0.02,0.0707265172856409,0.0,carpet,12345,2458047581,0,0,0,0,0,0,0.3604462,0.70132905,0.5318111,0.9667804,0.042951815,1.0,-0.6211358,0.037862398,0.022169584,0.9778304,-0.04386246,-1.0,-1.0,-1.0,-1.0,-1.0,-1.0,-1.0,1.0,0.0,0.0,0.0,1.0,0.0,0.0,0.0,1.0,0.0,0.0,0.0
20260319_165846_036208,0,60,2.93955397605896,0.3074014484882355,-0.0929612569851703,-8.061494703411695,0.0,0.2328092274265571,0.0940918922424316,1.5407748602965938,0.0,0.0,0.02,0.0729612569851703,0.0,carpet,12345,2458047581,0,0,0,0,0,0,-0.32235485,0.3277874,1.0,-0.09611561,0.6815585,-0.80224675,-0.15674178,0.030535508,0.024390657,0.9756093,-0.15465705,-1.0,-1.0,-1.0,-1.0,-1.0,-1.0,-1.0,1.0,0.0,0.0,0.0,1.0,0.0,0.0,0.0,1.0,0.0,0.0,0.0
20260319_165846_036208,0,61,3.006821632385254,0.3158308565616607,-0.1139453051122292,-8.175440008523925,0.0,-0.0361282812657037,-0.8429408073425293,1.121093897755415,0.0,0.0,0.02,0.0939453051122292,0.0,carpet,12345,2458047581,0,0,0,0,0,0,0.65218776,0.056313626,-0.5011231,-0.7225401,-0.14065762,0.70963496,0.5247515,0.030404663,0.025150346,0.9748496,-0.13008031,-1.0,-1.0,-1.0,-1.0,-1.0,-1.0,-1.0,1.0,0.0,0.0,0.0,1.0,0.0,0.0,0.0,1.0,0.0,0.0,0.0
20260319_165846_036208,0,62,3.012171506881714,0.3216966092586517,-0.1341179640317162,-8.309557972555641,0.0,-0.1737400283740555,-0.5865752696990967,0.7176407193656757,0.0,0.0,0.02,0.1141179640317162,0.0,carpet,12345,2458047581,0,0,0,0,0,0,-0.008083857,-0.42013842,0.040747426,0.05086272,-0.5846444,-0.2875477,-0.04693719,0.11448936,0.018344482,0.9816555,0.046271212,-1.0,-1.0,-1.0,-1.0,-1.0,-1.0,-1.0,1.0,0.0,0.0,0.0,1.0,0.0,0.0,0.0,1.0,0.0,0.0,0.0
20260319_165846_036208,0,63,3.00895619392395,0.3160968422889709,-0.1403976958412084,-8.44995566839685,0.0,0.0096891529614708,0.5599766969680786,0.5920460831758305,0.0,0.0,0.02,0.1203976958412084,0.0,carpet,12345,2458047581,0,0,0,0,0,0,-0.19518882,0.34892708,0.22728291,0.7186995,0.71556526,0.34141532,0.5028951,0.12117691,0.013608494,0.9863915,0.0641465,-1.0,-1.0,-1.0,-1.0,-1.0,-1.0,-1.0,1.0,0.0,0.0,0.0,1.0,0.0,0.0,0.0,1.0,0.0,0.0,0.0
20260319_165846_036208,0,64,2.9841253757476807,0.3122705519199371,-0.149269873307507,-8.599225541704357,0.0,0.1029241239469627,0.3826290369033813,0.4146025338498589,0.0,0.0,0.02,0.129269873307507,0.0,carpet,12345,2458047581,0,0,0,0,0,0,-0.25056875,-0.56603307,-0.16684742,-0.6496444,0.0058033536,0.35572308,-0.98497003,0.11715774,0.01812973,0.98187023,0.06357126,-1.0,-1.0,-1.0,-1.0,-1.0,-1.0,-1.0,1.0,0.0,0.0,0.0,1.0,0.0,0.0,0.0,1.0,0.0,0.0,0.0
20260319_165846_036208,0,65,2.9976470470428467,0.3095686137676239,-0.1559852129268361,-8.755210754631193,0.0,0.1447415467680457,0.2701938152313232,0.2802957414632772,0.0,0.0,0.02,0.1359852129268361,0.0,carpet,12345,2458047581,0,0,0,0,0,0,-0.024143742,-1.0,0.10330406,-0.082653664,0.31661358,0.40119937,0.00780095,0.08611908,0.02121906,0.97878087,-0.09223837,-1.0,-1.0,-1.0,-1.0,-1.0,-1.0,-1.0,1.0,0.0,0.0,0.0,1.0,0.0,0.0,0.0,1.0,0.0,0.0,0.0
20260319_165846_036208,0,66,2.9818572998046875,0.3057784140110016,-0.1574601165985843,-8.912670871229777,0.0,0.2033111539915921,0.3790199756622314,0.2507976680283121,0.0,0.0,0.02,0.1374601165985843,0.0,carpet,12345,2458047581,0,0,0,0,0,0,0.5173633,-0.46134165,-1.0,-0.5549983,-0.42090538,-0.3786527,-0.78578824,0.10302124,0.023400586,0.9765994,-0.04537567,-1.0,-1.0,-1.0,-1.0,-1.0,-1.0,-1.0,1.0,0.0,0.0,0.0,1.0,0.0,0.0,0.0,1.0,0.0,0.0,0.0
20260319_165846_036208,0,67,2.861661911010742,0.322987288236618,-0.169540627042635,-9.082211498272413,0.0,-0.2777384901467172,-1.7208874225616455,0.0091874591472986,0.0,0.0,0.02,0.149540627042635,0.0,carpet,12345,2458047581,0,0,0,0,0,0,-0.22460143,-0.97366583,0.5384919,0.8114398,-0.08060849,-0.91036,-0.9847944,0.083284,0.02646078,0.97353923,-0.081750475,-1.0,-1.0,-1.0,-1.0,-1.0,-1.0,-1.0,1.0,0.0,0.0,0.0,1.0,0.0,0.0,0.0,1.0,0.0,0.0,0.0
20260319_165846_036208,0,68,2.822139263153076,0.323602020740509,-0.1699999999999999,-9.25221149827241,0.0,-0.2236721802073162,-0.0614732503890991,-0.040744692685962,0.0,0.0,0.02,0.15,0.0,carpet,12345,2458047581,0,0,0,0,0,0,-0.7233824,-0.59194314,0.057718165,-0.24952015,-1.0,-0.42988813,0.14173616,-0.06696014,0.012566418,0.98743355,-0.27854654,-1.0,-1.0,-1.0,-1.0,-1.0,-1.0,-1.0,1.0,0.0,0.0,0.0,1.0,0.0,0.0,0.0,1.0,0.0,0.0,0.0
20260319_165846_036208,0,69,2.822837352752685,0.3136586844921112,-0.1702607559195671,-9.42247225419198,0.0,0.0808292710544549,0.9943336248397828,0.030395425407022,0.0,0.0356105437983654,0.02,0.1484802287296489,0.0,carpet,12345,2458047581,0,0,0,0,0,0,0.8444546,0.67195845,-0.2887395,-0.9994809,0.091264606,0.29998326,-0.84682095,-0.116363525,0.012070081,0.9879299,-0.23275264,-1.0,-1.0,-1.0,-1.0,-1.0,-1.0,-1.0,1.0,0.0,0.0,0.0,1.0,0.0,0.0,0.0,1.0,0.0,0.0,0.0
20260319_165846_036208,0,70,2.843630075454712,0.2982740104198456,-0.1532844182882001,-9.575756672480178,0.0,0.4452388050974889,1.5384674072265625,0.3727101065575482,0.0,0.038398472321551,0.02,0.1313644946721225,0.0,carpet,12345,2458047581,0,0,0,0,0,0,-0.8699848,-1.0,-0.09483255,-0.27245268,-0.095550254,-0.018522613,-0.09371958,-0.11549111,0.020098291,0.9799017,-0.26711518,-1.0,-1.0,-1.0,-1.0,-1.0,-1.0,-1.0,1.0,0.0,0.0,0.0,1.0,0.0,0.0,0.0,1.0,0.0,0.0,0.0
20260319_165846_036208,0,71,2.840996503829956,0.3138680458068847,-0.1642130721534327,-9.739969744633612,0.0,-0.0559217808528558,-1.5594035387039185,0.1720467789366466,0.0,0.0563082220053013,0.02,0.1413976610531676,0.0,carpet,12345,2458047581,0,0,0,0,0,0,0.86843044,0.510295,0.94980484,0.61353725,0.19389305,1.0,-1.0,-0.08950005,0.0325198,0.9674802,-0.1791564,-1.0,-1.0,-1.0,-1.0,-1.0,-1.0,-1.0,1.0,0.0,0.0,0.0,1.0,0.0,0.0,0.0,1.0,0.0,0.0,0.0
20260319_165846_036208,0,72,2.837718963623047,0.319197416305542,-0.1737202146650368,-9.91368995929865,0.0,-0.1751755981060796,-0.5329370498657227,-0.2064399731610251,0.0,0.0744042933007359,0.02,0.15,0.0,carpet,12345,2458047581,0,0,0,0,0,0,0.6063294,0.3596143,-0.3893498,-0.89258593,-0.76006675,0.010960682,-0.9289282,-0.09279213,0.019929247,0.9800707,-0.23364338,-1.0,-1.0,-1.0,-1.0,-1.0,-1.0,-1.0,1.0,0.0,0.0,0.0,1.0,0.0,0.0,0.0,1.0,0.0,0.0,0.0
20260319_165846_036208,0,73,2.8596179485321045,0.3017098605632782,-0.1530430912806107,-10.06673305057926,0.0,0.3058071949770351,1.7487555742263794,0.3771057119627272,0.0,0.0379675375749428,0.02,0.1311447144018636,0.0,carpet,12345,2458047581,0,0,0,0,0,0,-0.09072085,-0.27129012,0.2416596,0.31307882,-1.0,-0.25026163,0.5825631,-0.096888736,0.015626334,0.9843736,-0.24970743,-1.0,-1.0,-1.0,-1.0,-1.0,-1.0,-1.0,1.0,0.0,0.0,0.0,1.0,0.0,0.0,0.0,1.0,0.0,0.0,0.0
20260319_165846_036208,0,74,2.873954057693481,0.3166921138763428,-0.1472211522211897,-10.21395420280045,0.0,-0.145200936593838,-1.4982253313064575,0.4555769555762055,0.0,0.0,0.02,0.1272211522211897,0.0,carpet,12345,2458047581,0,0,0,0,0,0,0.030943934,0.621778,0.053396475,-0.0679022,0.3279553,-0.55016327,0.8980282,-0.06951523,0.029745702,0.9702543,-0.07745487,-1.0,-1.0,-1.0,-1.0,-1.0,-1.0,-1.0,1.0,0.0,0.0,0.0,1.0,0.0,0.0,0.0,1.0,0.0,0.0,0.0
20260319_165846_036208,0,75,2.8598880767822266,0.3022283613681793,-0.1386279602609772,-10.352582163061427,0.0,0.2526931102587042,1.4463752508163452,0.6274407947804548,0.0,0.0,0.02,0.1186279602609772,0.0,carpet,12345,2458047581,0,0,0,0,0,0,0.6275592,0.73941404,-0.7494264,0.5878388,-0.8501968,0.68319595,-0.53346497,-0.051594924,0.017649103,0.9823509,0.016452884,-1.0,-1.0,-1.0,-1.0,-1.0,-1.0,-1.0,1.0,0.0,0.0,0.0,1.0,0.0,0.0,0.0,1.0,0.0,0.0,0.0
20260319_165846_036208,0,76,2.8674283027648926,0.3089061975479126,-0.1597612041058167,-10.512343367167244,0.0,0.0225739282006998,-0.6677836179733276,0.2047759178836656,0.0,0.0,0.02,0.1397612041058167,0.0,carpet,12345,2458047581,0,0,0,0,0,0,-1.0,-0.92086357,-1.0,0.18468426,-0.9663583,1.0,-0.07445516,-0.06917763,0.029327072,0.9706729,-0.12413484,-1.0,-1.0,-1.0,-1.0,-1.0,-1.0,-1.0,1.0,0.0,0.0,0.0,1.0,0.0,0.0,0.0,1.0,0.0,0.0,0.0
20260319_165846_036208,0,77,2.898646593093872,0.3132726848125458,-0.1615767018364391,-10.673920069003684,0.0,-0.0922317354653046,-0.4366487264633178,0.1684659632712168,0.0,0.0,0.02,0.1415767018364391,0.0,carpet,12345,2458047581,0,0,0,0,0,0,0.30946794,-0.4083162,0.099746846,-0.22233383,-0.5470358,-0.5326116,0.8551448,-0.059752274,0.023935422,0.9760645,-0.1230418,-1.0,-1.0,-1.0,-1.0,-1.0,-1.0,-1.0,1.0,0.0,0.0,0.0,1.0,0.0,0.0,0.0,1.0,0.0,0.0,0.0
20260319_165846_036208,0,78,2.895646810531616,0.3114103376865387,-0.1539486781035752,-10.827868747107258,0.0,-0.0226151234488014,0.186234712600708,0.321026437928495,0.0,0.0,0.02,0.1339486781035752,0.0,carpet,12345,2458047581,0,0,0,0,0,0,0.98154193,-0.8163289,0.54345804,0.058794204,-0.44020727,0.23004293,0.41003573,-0.020729447,0.020409938,0.97959006,0.052559298,-1.0,-1.0,-1.0,-1.0,-1.0,-1.0,-1.0,1.0,0.0,0.0,0.0,1.0,0.0,0.0,0.0,1.0,0.0,0.0,0.0
20260319_165846_036208,0,79,2.89968490600586,0.3074277341365814,-0.1651088505443102,-10.992977597651567,0.0,0.0826037461623343,0.3982603549957275,0.0978229891137942,0.0,0.0,0.02,0.1451088505443102,0.0,carpet,12345,2458047581,0,0,0,0,0,0,0.41817996,0.102913514,-0.31180468,0.3976055,0.73907167,-0.10265809,0.7333373,-0.024479294,0.021913594,0.9780864,0.039023485,-1.0,-1.0,-1.0,-1.0,-1.0,-1.0,-1.0,1.0,0.0,0.0,0.0,1.0,0.0,0.0,0.0,1.0,0.0,0.0,0.0
20260319_165846_036208,0,80,2.912466287612915,0.3228617906570434,-0.1699999999999999,-11.162977597651569,0.0,-0.3238986033898072,-1.5434056520462036,-0.0808746776821749,0.0,0.0,0.02,0.15,0.0,carpet,12345,2458047581,0,0,0,0,0,0,-0.0066300607,0.835248,-0.5755016,-1.0,-1.0,0.15418403,0.9221481,-0.019431304,0.025129125,0.97487086,0.057155598,-1.0,-1.0,-1.0,-1.0,-1.0,-1.0,-1.0,1.0,0.0,0.0,0.0,1.0,0.0,0.0,0.0,1.0,0.0,0.0,0.0
20260319_165846_036208,0,81,2.896522283554077,0.301784873008728,-0.1699999999999999,-11.332977597651569,0.0,0.2839989886655445,2.107691764831543,-0.0495687992753346,0.0,0.0,0.02,0.15,0.0,carpet,12345,2458047581,0,0,0,0,0,0,-0.4498229,0.7792614,0.2599881,0.8659482,0.84191746,0.7779592,-0.43631637,-0.0034545898,0.012667749,0.9873322,0.10865955,-1.0,-1.0,-1.0,-1.0,-1.0,-1.0,-1.0,1.0,0.0,0.0,0.0,1.0,0.0,0.0,0.0,1.0,0.0,0.0,0.0
20260319_165846_036208,0,82,2.9070827960968018,0.3078638911247253,-0.1699999999999999,-11.502977597651569,0.0,0.0610237885992148,-0.6079018115997314,-0.0111189388768195,0.0,0.0,0.02,0.15,0.0,carpet,12345,2458047581,0,0,0,0,0,0,0.22937572,0.81399983,0.50301397,-0.87849337,-0.86830324,0.30374134,0.45640028,-0.023384858,0.029685134,0.97031486,-0.03258591,-1.0,-1.0,-1.0,-1.0,-1.0,-1.0,-1.0,1.0,0.0,0.0,0.0,1.0,0.0,0.0,0.0,1.0,0.0,0.0,0.0
20260319_165846_036208,0,83,2.8940589427948,0.3020537793636322,-0.1563933283967391,-11.659370926048307,0.0,0.1910206354767325,0.581011176109314,0.2721334320652175,0.0,0.0,0.02,0.1363933283967391,0.0,carpet,12345,2458047581,0,0,0,0,0,0,0.85864407,-0.34075415,-0.14269847,0.9029232,-0.39172044,-0.59951276,0.33453542,-0.010184097,0.024776977,0.975223,0.01917236,-1.0,-1.0,-1.0,-1.0,-1.0,-1.0,-1.0,1.0,0.0,0.0,0.0,1.0,0.0,0.0,0.0,1.0,0.0,0.0,0.0
20260319_165846_036208,0,84,2.885803699493408,0.3018632531166076,-0.1478611405851407,-11.807232066633448,0.0,0.1480286327831663,0.0190526247024536,0.4427771882971854,0.0,0.0,0.02,0.1278611405851407,0.0,carpet,12345,2458047581,0,0,0,0,0,0,-0.9279317,-1.0,-0.9941562,0.42188466,-0.88639677,-1.0,0.20850538,-0.02646408,0.029468028,0.97053194,0.011126285,-1.0,-1.0,-1.0,-1.0,-1.0,-1.0,-1.0,1.0,0.0,0.0,0.0,1.0,0.0,0.0,0.0,1.0,0.0,0.0,0.0
20260319_165846_036208,0,85,2.895158052444458,0.3004811108112335,-0.1447125762821703,-11.95194464291562,0.0,0.1455750322217426,0.1382142305374145,0.5057484743565936,0.0,0.0,0.02,0.1247125762821703,0.0,carpet,12345,2458047581,0,0,0,0,0,0,0.12054152,0.43056872,0.9558263,-0.32828042,-0.6039425,0.5435337,0.58777964,-0.03678284,0.029621856,0.9703781,-0.02218359,-1.0,-1.0,-1.0,-1.0,-1.0,-1.0,-1.0,1.0,0.0,0.0,0.0,1.0,0.0,0.0,0.0,1.0,0.0,0.0,0.0
20260319_165846_036208,0,86,2.880831003189087,0.2860935926437378,-0.1050741846949958,-12.057018827610614,0.0,0.4688692283536824,1.4387518167495728,1.2985163061000833,0.0,0.0,0.02,0.0850741846949958,0.0,carpet,12345,2458047581,0,0,0,0,0,0,0.23898496,0.17940576,-0.58865434,0.13411239,0.284213,0.4128316,-0.7244526,-0.025090028,0.03073779,0.9692622,0.00977908,-1.0,-1.0,-1.0,-1.0,-1.0,-1.0,-1.0,1.0,0.0,0.0,0.0,1.0,0.0,0.0,0.0,1.0,0.0,0.0,0.0
20260319_165846_036208,0,87,2.911820888519287,0.2898987829685211,-0.1064480259709886,-12.163466853581603,0.0,0.2565221631456893,-0.3805190324783325,1.271039480580228,0.0,0.0,0.02,0.0864480259709885,0.0,carpet,12345,2458047581,0,0,0,0,0,0,0.5117964,-0.3594517,-0.017031875,-0.78369105,0.6277115,-0.5579662,0.86785877,-0.042998888,0.042354193,0.9576458,-0.12610123,-1.0,-1.0,-1.0,-1.0,-1.0,-1.0,-1.0,1.0,0.0,0.0,0.0,1.0,0.0,0.0,0.0,1.0,0.0,0.0,0.0
20260319_165846_036208,0,88,2.868412494659424,0.2737022936344147,-0.0796340226153529,-12.243100876196957,0.0,0.5973038557119281,1.6196489334106443,1.807319547692941,0.0,0.0,0.02,0.0596340226153529,0.0,carpet,12345,2458047581,0,0,0,0,0,0,0.31984857,-0.42462745,-0.20059222,-0.4647988,-0.7316507,-0.25370646,-0.70186865,-0.004261398,0.03928191,0.96071804,0.02580182,-1.0,-1.0,-1.0,-1.0,-1.0,-1.0,-1.0,1.0,0.0,0.0,0.0,1.0,0.0,0.0,0.0,1.0,0.0,0.0,0.0
20260319_165846_036208,0,89,2.8851020336151123,0.272238940000534,-0.064956967757642,-12.308057843954598,0.0,0.4845617326309508,0.1463353633880615,2.10086064484716,0.0,0.0,0.02,0.044956967757642,0.0,carpet,12345,2458047581,0,0,0,0,0,0,-0.008836385,-0.7029488,-0.9579112,-0.027858209,0.70927393,0.8013911,0.5671203,-0.058522034,0.052358862,0.94764113,-0.11989293,-1.0,-1.0,-1.0,-1.0,-1.0,-1.0,-1.0,1.0,0.0,0.0,0.0,1.0,0.0,0.0,0.0,1.0,0.0,0.0,0.0
20260319_165846_036208,0,90,2.896275043487549,0.2880826890468597,-0.0739920207310466,-12.382049864685644,0.0,-0.0326724266849254,-1.5843749046325684,1.920159585379068,0.0,0.0,0.02,0.0539920207310466,0.0,carpet,12345,2458047581,0,0,0,0,0,0,0.25772393,-0.625942,-0.29763395,-0.6128336,-0.8167723,0.64750457,-0.8745682,-0.03766022,0.053540368,0.9464596,-0.035808124,-1.0,-1.0,-1.0,-1.0,-1.0,-1.0,-1.0,1.0,0.0,0.0,0.0,1.0,0.0,0.0,0.0,1.0,0.0,0.0,0.0
20260319_165846_036208,0,91,2.869523763656616,0.2792538404464721,-0.0714599275923338,-12.45350979227798,0.0,0.1962168949959988,0.8828848600387573,1.970801448153324,0.0,0.0,0.02,0.0514599275923337,0.0,carpet,12345,2458047581,0,0,0,0,0,0,0.28881854,0.44575813,0.57533467,-0.9174131,0.35011083,-0.97274846,-0.2944692,-0.023693848,0.040748205,0.9592518,-0.089029044,-1.0,-1.0,-1.0,-1.0,-1.0,-1.0,-1.0,1.0,0.0,0.0,0.0,1.0,0.0,0.0,0.0,1.0,0.0,0.0,0.0
20260319_165846_036208,0,92,2.846667766571045,0.2780916392803192,-0.0860925039899765,-12.539602296267956,0.0,0.1762177004008265,0.1162201166152954,1.6781499202004682,0.0,0.0,0.02,0.0660925039899765,0.0,carpet,12345,2458047581,0,0,0,0,0,0,-0.7065989,-0.55471677,0.38394803,-1.0,-0.91873306,-1.0,-0.27212945,-0.0571331,0.047876574,0.9521234,-0.11772671,-1.0,-1.0,-1.0,-1.0,-1.0,-1.0,-1.0,1.0,0.0,0.0,0.0,1.0,0.0,0.0,0.0,1.0,0.0,0.0,0.0
20260319_165846_036208,0,93,2.8693368434906006,0.2800606191158294,-0.0947716731766182,-12.634373969444573,0.0,0.0829387794128564,-0.1968979835510254,1.5045665364676353,0.0,0.0,0.02,0.0747716731766182,0.0,carpet,12345,2458047581,0,0,0,0,0,0,0.9864016,-0.2585357,-0.40445337,-0.22115329,-0.30332237,0.16878356,0.7622279,-0.085702896,0.04881493,0.95118505,-0.13606913,-1.0,-1.0,-1.0,-1.0,-1.0,-1.0,-1.0,1.0,0.0,0.0,0.0,1.0,0.0,0.0,0.0,1.0,0.0,0.0,0.0
20260319_165846_036208,0,94,2.8269972801208496,0.2729544043540954,-0.1126438932820644,-12.747017862726636,0.0,0.2398594536030032,0.7106214761734009,1.1471221343587104,0.0,0.0,0.02,0.0926438932820644,0.0,carpet,12345,2458047581,0,0,0,0,0,0,-0.7260022,-0.3050628,-0.26833075,0.68459016,0.22281477,-0.43872514,-0.8496264,-0.05736656,0.04722519,0.95277476,0.00664026,-1.0,-1.0,-1.0,-1.0,-1.0,-1.0,-1.0,1.0,0.0,0.0,0.0,1.0,0.0,0.0,0.0,1.0,0.0,0.0,0.0
20260319_165846_036208,0,95,2.810379266738892,0.2891778945922851,-0.1481566132012372,-12.895174475927874,0.0,-0.2256926657525042,-1.6223490238189695,0.4368677359752553,0.0,0.0,0.02,0.1281566132012372,0.0,carpet,12345,2458047581,0,0,0,0,0,0,-0.93804014,0.9263799,-0.116525695,0.917384,-0.53522485,0.21483752,-0.70429116,-0.11029091,0.052962705,0.9470373,-0.18994592,-1.0,-1.0,-1.0,-1.0,-1.0,-1.0,-1.0,1.0,0.0,0.0,0.0,1.0,0.0,0.0,0.0,1.0,0.0,0.0,0.0
20260319_165846_036208,0,96,2.8141000270843506,0.2801514267921448,-0.1443080400478651,-13.039482515975738,0.0,0.056392195689142,0.902646780014038,0.5259323583493227,0.0,0.0120931593066256,0.02,0.1237033820825338,0.0,carpet,12345,2458047581,0,0,0,0,0,0,-0.9280486,0.7232726,-0.328733,-0.4931312,-0.7650916,-0.74686664,-0.22838515,-0.13106346,0.039863948,0.960136,-0.24919473,-1.0,-1.0,-1.0,-1.0,-1.0,-1.0,-1.0,1.0,0.0,0.0,0.0,1.0,0.0,0.0,0.0,1.0,0.0,0.0,0.0
20260319_165846_036208,0,97,2.814209461212158,0.2777058780193329,-0.1502554013308852,-13.189737917306624,0.0,0.1034328660871466,0.2445548772811889,0.4331483294404705,0.0,0.038256356058175,0.02,0.1283425835279764,0.0,carpet,12345,2458047581,0,0,0,0,0,0,-0.18517593,-0.6441726,-0.49609986,0.6698557,0.76985097,0.55349314,-0.64283437,-0.12641259,0.04715187,0.95284814,-0.19775593,-1.0,-1.0,-1.0,-1.0,-1.0,-1.0,-1.0,1.0,0.0,0.0,0.0,1.0,0.0,0.0,0.0,1.0,0.0,0.0,0.0
20260319_165846_036208,0,98,2.868675470352173,0.2739198803901672,-0.1487238645542353,-13.338461781860858,0.0,0.1722245902945047,0.3785997629165649,0.4291552193341488,0.0,0.0036325104188554,0.02,0.1285422390332925,0.0,carpet,12345,2458047581,0,0,0,0,0,0,-0.21008532,-0.94519854,0.7768764,-0.93140996,-0.75682735,0.62913495,0.16193731,-0.12627563,0.04912639,0.95087355,-0.23942012,-1.0,-1.0,-1.0,-1.0,-1.0,-1.0,-1.0,1.0,0.0,0.0,0.0,1.0,0.0,0.0,0.0,1.0,0.0,0.0,0.0
20260319_165846_036208,0,99,2.882714033126831,0.286844938993454,-0.1623870791219996,-13.500848860982858,0.0,-0.1939580223612864,-1.2925058603286743,0.1522584175600059,0.0,0.0,0.02,0.1423870791219997,0.0,carpet,12345,2458047581,0,0,0,0,0,0,-0.420716,0.10725715,-0.04320956,0.2245122,-0.67625713,-0.5316252,0.69533414,-0.058193207,0.05218318,0.9478168,-0.05257195,-1.0,-1.0,-1.0,-1.0,-1.0,-1.0,-1.0,1.0,0.0,0.0,0.0,1.0,0.0,0.0,0.0,1.0,0.0,0.0,0.0
20260319_165846_036208,0,100,2.8808271884918213,0.2889231443405151,-0.1699999999999999,-13.670848860982858,0.0,-0.1974236504474902,-0.2078205347061157,-0.2850246864904875,0.0,0.0,0.02,0.15,0.0,carpet,12345,2458047581,0,0,0,0,0,0,-0.66511345,0.31554493,-0.60864,-0.85733545,-0.6483902,-0.19055985,0.60457087,-0.04064522,0.041747563,0.95825243,0.06432924,-1.0,-1.0,-1.0,-1.0,-1.0,-1.0,-1.0,1.0,0.0,0.0,0.0,1.0,0.0,0.0,0.0,1.0,0.0,0.0,0.0
20260319_165846_036208,0,101,2.879274845123291,0.2735813856124878,-0.1611927895186465,-13.832041650501504,0.0,0.2354762303650517,1.5341758728027344,0.1761442096270684,0.0,0.0,0.02,0.1411927895186465,0.0,carpet,12345,2458047581,0,0,0,0,0,0,-0.042337526,-0.08051939,-0.82834846,-0.9199862,0.017319847,0.41637707,0.09525434,-0.043003462,0.04006963,0.95993036,0.071764536,-1.0,-1.0,-1.0,-1.0,-1.0,-1.0,-1.0,1.0,0.0,0.0,0.0,1.0,0.0,0.0,0.0,1.0,0.0,0.0,0.0
20260319_165846_036208,0,102,2.8773200511932373,0.2918205559253692,-0.1699999999999999,-14.002041650501504,0.0,-0.2793720850482373,-1.823917031288147,-0.1596200711103108,0.0,0.0,0.02,0.15,0.0,carpet,12345,2458047581,0,0,0,0,0,0,-0.85625523,0.93562186,-0.8362812,-0.3760512,-0.2257402,-1.0,0.90059865,-0.044944,0.052456483,0.9475435,0.014830709,-1.0,-1.0,-1.0,-1.0,-1.0,-1.0,-1.0,1.0,0.0,0.0,0.0,1.0,0.0,0.0,0.0,1.0,0.0,0.0,0.0
20260319_165846_036208,0,103,2.788691997528076,0.2741298973560333,-0.1699999999999999,-14.172041650501503,0.0,0.2327374004472204,1.7690658569335938,-0.030315536750237,0.0,0.0,0.02,0.15,0.0,carpet,12345,2458047581,0,0,0,0,0,0,-0.6501439,1.0,-0.85747045,0.6979047,-0.43776885,0.024671482,-1.0,-0.047387697,0.03773027,0.96226966,0.08098234,-1.0,-1.0,-1.0,-1.0,-1.0,-1.0,-1.0,1.0,0.0,0.0,0.0,1.0,0.0,0.0,0.0,1.0,0.0,0.0,0.0
20260319_165846_036208,0,104,2.801954507827759,0.2695857286453247,-0.165719142947081,-14.337760793448584,0.0,0.2881572681031201,0.4544168710708618,0.0856171410583783,0.0,0.0,0.02,0.145719142947081,0.0,carpet,12345,2458047581,0,0,0,0,0,0,0.85171825,0.52387285,0.1979589,0.41204548,-0.4966379,0.061233796,0.48870015,-0.1581726,0.052013613,0.94798636,-0.20587902,-1.0,-1.0,-1.0,-1.0,-1.0,-1.0,-1.0,1.0,0.0,0.0,0.0,1.0,0.0,0.0,0.0,1.0,0.0,0.0,0.0
20260319_165846_036208,0,105,2.748842239379883,0.2834211885929107,-0.1625096692096317,-14.500270462658216,0.0,-0.1297685476123007,-1.383545994758606,0.1498066158073641,0.0,0.0,0.02,0.1425096692096318,0.0,carpet,12345,2458047581,0,0,0,0,0,0,-0.1436702,0.97443515,-0.86221135,-0.17603128,-0.019748844,-0.71628433,-0.97325027,-0.14159432,0.055682562,0.9443174,-0.10392701,-1.0,-1.0,-1.0,-1.0,-1.0,-1.0,-1.0,1.0,0.0,0.0,0.0,1.0,0.0,0.0,0.0,1.0,0.0,0.0,0.0
20260319_165846_036208,0,106,2.722298383712769,0.28965625166893,-0.1663020991606852,-14.6665725618189,0.0,-0.2532029876097112,-0.6235063076019287,0.094027278645143,0.0,0.0200692618588479,0.02,0.1452986360677428,0.0,carpet,12345,2458047581,0,0,0,0,0,0,-0.49329656,1.0,-0.16184609,-0.6933629,-0.24434347,0.00601322,-0.07763768,-0.20798492,0.044511877,0.9554881,-0.272066,-1.0,-1.0,-1.0,-1.0,-1.0,-1.0,-1.0,1.0,0.0,0.0,0.0,1.0,0.0,0.0,0.0,1.0,0.0,0.0,0.0
20260319_165846_036208,0,107,2.7067549228668213,0.3015003204345703,-0.1734078965182754,-14.839980458337177,0.0,-0.4860039598482899,-1.184406876564026,-0.6274529115681986,0.0,0.0681579303655091,0.02,0.15,0.0,carpet,12345,2458047581,0,0,0,0,0,0,-0.46596524,-0.641851,-0.56194776,0.7591724,-0.67630833,-0.20036899,-1.0,-0.24116477,0.039477717,0.96052223,-0.26895064,-1.0,-1.0,-1.0,-1.0,-1.0,-1.0,-1.0,1.0,0.0,0.0,0.0,1.0,0.0,0.0,0.0,1.0,0.0,0.0,0.0
20260319_165846_036208,0,108,2.7172327041625977,0.2952360510826111,-0.1751349433185103,-15.015115401655688,0.0,-0.2078962360872367,0.6264269351959229,-0.555977062607198,0.0001585690423612,0.1023817282854843,0.02,0.15,0.0,carpet,12345,2458047581,0,0,0,0,0,0,-0.17240603,0.12034534,-0.030696288,0.7229741,0.25879627,0.5979573,-0.48047295,-0.2605938,0.029914884,0.9700851,-0.3218095,-1.0,-1.0,-1.0,-1.0,-1.0,-1.0,-1.0,1.0,0.0,0.0,0.0,1.0,0.0,0.0,0.0,1.0,0.0,0.0,0.0
20260319_165846_036208,0,109,2.731498003005981,0.2726991474628448,-0.1754094861003262,-15.190524887756014,0.0,0.4075004134287212,2.2536903619766235,-0.3812140496256972,0.0005025745159396,0.1071845729746463,0.02,0.15,0.0,carpet,12345,2458047581,0,0,0,0,0,0,-1.0,0.46037245,-0.80312604,-0.84147984,-0.024526682,-0.46233675,-0.23689999,-0.2474968,0.03497262,0.96502733,-0.3154624,-1.0,-1.0,-1.0,-1.0,-1.0,-1.0,-1.0,1.0,0.0,0.0,0.0,1.0,0.0,0.0,0.0,1.0,0.0,0.0,0.0
20260319_165846_036208,0,110,2.7334673404693604,0.2720749378204345,-0.1754000782985423,-15.365924966054555,0.0,0.321230551131805,0.0624209642410278,-0.3481407665970124,0.0008427438967238,0.1063160781773993,0.02,0.15,0.0,carpet,12345,2458047581,0,0,0,0,0,0,-0.712782,1.0,-0.2325856,-0.450373,0.04394735,-0.33037108,-0.20557618,-0.229665,0.053168803,0.94683117,-0.24359407,-1.0,-1.0,-1.0,-1.0,-1.0,-1.0,-1.0,1.0,0.0,0.0,0.0,1.0,0.0,0.0,0.0,1.0,0.0,0.0,0.0
20260319_165846_036208,0,111,2.723698377609253,0.2836407721042633,-0.1765676277713113,-15.542492593825868,0.0,-0.0482229437468646,-1.1565834283828735,-0.2665951627315763,0.0014247796451656,0.1285029961358951,0.02,0.15,0.0,carpet,12345,2458047581,0,0,0,0,0,0,-0.70046276,-0.9714734,0.25088614,0.30819762,-0.08046577,0.34161794,-0.9786153,-0.22720337,0.053672794,0.94632715,-0.22819524,-1.0,-1.0,-1.0,-1.0,-1.0,-1.0,-1.0,1.0,0.0,0.0,0.0,1.0,0.0,0.0,0.0,1.0,0.0,0.0,0.0
20260319_165846_036208,0,112,2.731454372406006,0.2732504904270172,-0.1661662529177933,-15.708658846743662,0.0,0.2235898341210003,1.0390281677246094,0.2101976589991352,0.0017057172419412,0.13011128287112,0.02,0.1394901170500432,0.0,carpet,12345,2458047581,0,0,0,0,0,0,0.5875269,0.15989612,0.13663344,-0.08469308,-0.51501995,-0.11426852,-0.24425545,-0.2394146,0.044334594,0.95566535,-0.30686045,-1.0,-1.0,-1.0,-1.0,-1.0,-1.0,-1.0,1.0,0.0,0.0,0.0,1.0,0.0,0.0,0.0,1.0,0.0,0.0,0.0
20260319_165846_036208,0,113,2.724266529083252,0.2797290682792663,-0.1416550373228418,-15.850313884066503,0.0,0.0057279292845322,-0.6478577852249146,0.7019295481319574,0.0021837342316918,0.1306628261254101,0.02,0.1149035225934021,0.0,carpet,12345,2458047581,0,0,0,0,0,0,0.74099857,-0.2307449,0.42637697,1.0,-0.58406335,-0.6665542,-0.58571297,-0.22971955,0.052723654,0.94727635,-0.2550839,-1.0,-1.0,-1.0,-1.0,-1.0,-1.0,-1.0,1.0,0.0,0.0,0.0,1.0,0.0,0.0,0.0,1.0,0.0,0.0,0.0
20260319_165846_036208,0,114,2.7164394855499268,0.2832010388374328,-0.1358355396436093,-15.986149423710112,0.0,-0.0825033169907669,-0.3471970558166504,0.8273224672284272,0.0028958850246099,0.1382414900513934,0.02,0.1086338766385786,0.0,carpet,12345,2458047581,0,0,0,0,0,0,-0.27005923,-0.1920649,-0.577235,0.6006538,1.0,-0.11238114,-0.3833164,-0.2387043,0.047492884,0.9525071,-0.25282893,-1.0,-1.0,-1.0,-1.0,-1.0,-1.0,-1.0,1.0,0.0,0.0,0.0,1.0,0.0,0.0,0.0,1.0,0.0,0.0,0.0
20260319_165846_036208,0,115,2.748399496078491,0.2628486454486847,-0.1329001210245491,-16.11904954473466,0.0,0.446932346975629,2.035239338874817,0.8667544007753349,0.0021933631819618,0.1203700949023934,0.02,0.1066622799612332,0.0,carpet,12345,2458047581,0,0,0,0,0,0,-0.5663925,-0.76669604,-1.0,-0.4348091,0.23579873,0.4028085,0.06978325,-0.24848823,0.04468962,0.95531034,-0.27750838,-1.0,-1.0,-1.0,-1.0,-1.0,-1.0,-1.0,1.0,0.0,0.0,0.0,1.0,0.0,0.0,0.0,1.0,0.0,0.0,0.0
20260319_165846_036208,0,116,2.8061885833740234,0.254124253988266,-0.1177234732944052,-16.236773018029066,0.0,0.5533090467421857,0.8724391460418701,1.0988328963857157,0.0003752638862352,0.0525518345013495,0.02,0.0950583551807142,0.0,carpet,12345,2458047581,0,0,0,0,0,0,-0.32577264,-0.6296527,-0.91490066,-0.6875481,-0.08297188,0.5125144,0.4776534,-0.20853844,0.061122045,0.93887794,-0.19637315,-1.0,-1.0,-1.0,-1.0,-1.0,-1.0,-1.0,1.0,0.0,0.0,0.0,1.0,0.0,0.0,0.0,1.0,0.0,0.0,0.0
20260319_165846_036208,0,117,2.8189144134521484,0.2645130455493927,-0.1048841081919481,-16.341657126221016,0.0,0.1552619960284573,-1.038879156112671,1.3023178361610377,0.0,0.0,0.02,0.0848841081919481,0.0,carpet,12345,2458047581,0,0,0,0,0,0,0.111232154,-0.50824916,-0.51553464,-0.28139296,-0.2362048,-0.088101506,0.30562901,-0.1363018,0.06816607,0.9318339,-0.008944685,-1.0,-1.0,-1.0,-1.0,-1.0,-1.0,-1.0,1.0,0.0,0.0,0.0,1.0,0.0,0.0,0.0,1.0,0.0,0.0,0.0
20260319_165846_036208,0,118,2.7953059673309326,0.2537338435649872,-0.0967672725664226,-16.43842439878744,0.0,0.3859265466315094,1.0779201984405518,1.4646545486715468,0.0,0.0,0.02,0.0767672725664226,0.0,carpet,12345,2458047581,0,0,0,0,0,0,0.3800713,-0.48139137,-0.7114104,-0.6639338,-0.7601765,-0.65897954,-0.12808777,-0.12039451,0.05977821,0.9402218,0.040737145,-1.0,-1.0,-1.0,-1.0,-1.0,-1.0,-1.0,1.0,0.0,0.0,0.0,1.0,0.0,0.0,0.0,1.0,0.0,0.0,0.0
20260319_165846_036208,0,119,2.797841310501098,0.2625632286071777,-0.0936181548347069,-16.532042553622148,0.0,0.0687102839188469,-0.8829385042190552,1.5276369033058614,0.0,0.0,0.02,0.0736181548347069,0.0,carpet,12345,2458047581,0,0,0,0,0,0,-0.051957417,-0.31170785,-0.11879834,0.7134786,0.70964956,-0.46192977,0.74443966,-0.14990501,0.06848129,0.9315187,-0.020858668,-1.0,-1.0,-1.0,-1.0,-1.0,-1.0,-1.0,1.0,0.0,0.0,0.0,1.0,0.0,0.0,0.0,1.0,0.0,0.0,0.0
20260319_165846_036208,0,120,2.8161816596984863,0.2759261429309845,-0.1036199962429695,-16.635662549865117,0.0,-0.2825401451560196,-1.3362914323806765,1.3276000751406087,0.0,0.0,0.02,0.0836199962429695,0.0,carpet,12345,2458047581,0,0,0,0,0,0,-0.52522326,0.1731156,-0.76481044,0.23779595,-0.7109141,0.9665665,0.5327923,-0.14673615,0.061352488,0.9386475,0.019553065,-1.0,-1.0,-1.0,-1.0,-1.0,-1.0,-1.0,1.0,0.0,0.0,0.0,1.0,0.0,0.0,0.0,1.0,0.0,0.0,0.0
20260319_165846_036208,0,121,2.795831680297852,0.2650600373744964,-0.1229792370894924,-16.75864178695461,0.0,0.0597475300451719,1.0866105556488037,0.9404152582101516,0.0,0.0,0.02,0.1029792370894924,0.0,carpet,12345,2458047581,0,0,0,0,0,0,0.25293994,-0.7318198,0.18754034,-0.8008692,-0.5993219,-0.6130539,-0.27219012,-0.123810574,0.050563335,0.9494366,0.072756186,-1.0,-1.0,-1.0,-1.0,-1.0,-1.0,-1.0,1.0,0.0,0.0,0.0,1.0,0.0,0.0,0.0,1.0,0.0,0.0,0.0
20260319_165846_036208,0,122,2.7823171615600586,0.2590737044811249,-0.1409212409331925,-16.8995630278878,0.0,0.1944689698681827,0.5986332893371582,0.5815751813361487,0.0,0.0,0.02,0.1209212409331925,0.0,carpet,12345,2458047581,0,0,0,0,0,0,0.672933,-0.031434044,0.7583484,-0.7100282,0.9246098,0.32973456,0.2861544,-0.14924812,0.059336573,0.9406634,-0.0060810517,-1.0,-1.0,-1.0,-1.0,-1.0,-1.0,-1.0,1.0,0.0,0.0,0.0,1.0,0.0,0.0,0.0,1.0,0.0,0.0,0.0
20260319_165846_036208,0,123,2.811215400695801,0.2729264199733734,-0.1587076487298699,-17.05827067661767,0.0,-0.2004661599050905,-1.3852715492248535,0.2258470254026008,0.0,0.0,0.02,0.1387076487298699,0.0,carpet,12345,2458047581,0,0,0,0,0,0,0.4249327,0.29461592,0.91247743,-0.48404256,0.6648755,0.6279129,0.7251643,-0.16614112,0.06416992,0.93583006,-0.031039799,-1.0,-1.0,-1.0,-1.0,-1.0,-1.0,-1.0,1.0,0.0,0.0,0.0,1.0,0.0,0.0,0.0,1.0,0.0,0.0,0.0
20260319_165846_036208,0,124,2.834580421447754,0.292246013879776,-0.1699999999999999,-17.228270676617672,0.0,-0.6333394675888826,-1.9319593906402588,-0.7934189888177912,0.0,0.0,0.02,0.15,0.0,carpet,12345,2458047581,0,0,0,0,0,0,-0.3373469,-0.22969079,-0.90396684,0.54686046,-0.72402996,0.6166442,0.89032084,-0.13001823,0.0529853,0.94701463,0.045998484,-1.0,-1.0,-1.0,-1.0,-1.0,-1.0,-1.0,1.0,0.0,0.0,0.0,1.0,0.0,0.0,0.0,1.0,0.0,0.0,0.0
20260319_165846_036208,0,125,2.812999725341797,0.2647128403186798,-0.1699999999999999,-17.398270676617674,0.0,0.213324738335757,2.753317356109619,-0.648804534400881,0.0,0.0,0.02,0.15,0.0,carpet,12345,2458047581,0,0,0,0,0,0,-0.09848178,-0.7941051,-0.5537654,-0.9533394,1.0,-0.6967952,0.06873483,-0.10081215,0.03738676,0.9626132,0.14695609,-1.0,-1.0,-1.0,-1.0,-1.0,-1.0,-1.0,1.0,0.0,0.0,0.0,1.0,0.0,0.0,0.0,1.0,0.0,0.0,0.0
20260319_165846_036208,0,126,2.811619758605957,0.2755390107631683,-0.1699999999999999,-17.568270676617676,0.0,-0.1106607073604095,-1.0826170444488523,-0.4769250966052709,0.0,0.0,0.02,0.15,0.0,carpet,12345,2458047581,0,0,0,0,0,0,-0.8676907,0.51118946,-0.13958275,0.7803114,-0.6077145,-0.8108408,1.0,-0.12778778,0.059616897,0.9403831,0.03941971,-1.0,-1.0,-1.0,-1.0,-1.0,-1.0,-1.0,1.0,0.0,0.0,0.0,1.0,0.0,0.0,0.0,1.0,0.0,0.0,0.0
20260319_165846_036208,0,127,2.8063008785247803,0.2481041103601455,-0.1666897823547583,-17.734960458972434,0.0,0.6028769795552762,2.7434900403022766,0.0662043529048332,0.0,0.0,0.02,0.1466897823547583,0.0,carpet,12345,2458047581,0,0,0,0,0,0,-0.49825674,0.41063878,0.3884661,0.8334328,0.8193907,0.41749653,0.1776631,-0.12951279,0.050875906,0.94912404,0.07900706,-1.0,-1.0,-1.0,-1.0,-1.0,-1.0,-1.0,1.0,0.0,0.0,0.0,1.0,0.0,0.0,0.0,1.0,0.0,0.0,0.0
20260319_165846_036208,0,128,2.7860960960388184,0.240829199552536,-0.1447117056053326,-17.879672164577766,0.0,0.6340305048566961,0.7274910807609558,0.5057658878933466,0.0,0.0,0.02,0.1247117056053326,0.0,carpet,12345,2458047581,0,0,0,0,0,0,0.35129762,-0.77439606,0.6424318,0.8540622,-0.38306507,-0.11587854,-0.5153758,-0.13616142,0.0730267,0.9269732,0.005917646,-1.0,-1.0,-1.0,-1.0,-1.0,-1.0,-1.0,1.0,0.0,0.0,0.0,1.0,0.0,0.0,0.0,1.0,0.0,0.0,0.0
20260319_165846_036208,0,129,2.766441345214844,0.2483178228139877,-0.1202730327547674,-17.999945197332533,0.0,0.2883072971062148,-0.7488623261451721,0.994539344904652,0.0,0.0,0.02,0.1002730327547674,0.0,carpet,12345,2458047581,0,0,0,0,0,0,0.2079324,-0.5690262,0.8388698,0.85956967,-0.5348721,-0.9175921,-0.12252859,-0.1614174,0.07890043,0.9210995,-0.12240457,-1.0,-1.0,-1.0,-1.0,-1.0,-1.0,-1.0,1.0,0.0,0.0,0.0,1.0,0.0,0.0,0.0,1.0,0.0,0.0,0.0
20260319_165846_036208,0,130,2.7784926891326904,0.251429945230484,-0.0816846887544603,-18.081629886087,0.0,0.1384274124172577,-0.3112122416496277,1.7663062249107924,0.0,0.0,0.02,0.0616846887544603,0.0,carpet,12345,2458047581,0,0,0,0,0,0,-0.62566507,-0.16740535,0.32390097,0.4851361,0.16746183,-0.11269964,0.55511487,-0.18598595,0.07285416,0.9271458,-0.14399159,-1.0,-1.0,-1.0,-1.0,-1.0,-1.0,-1.0,1.0,0.0,0.0,0.0,1.0,0.0,0.0,0.0,1.0,0.0,0.0,0.0
20260319_165846_036208,0,131,2.780428886413574,0.2430450022220611,-0.0766787189450721,-18.158308605032065,0.0,0.3134441345235217,0.8384943008422852,1.866425621098557,0.0,0.0,0.02,0.0566787189450721,0.0,carpet,12345,2458047581,0,0,0,0,0,0,-0.55263543,-0.019640524,0.41508928,-0.46904966,-0.51861227,-0.32476416,-0.03716809,-0.17092171,0.070341446,0.9296585,-0.06841622,-1.0,-1.0,-1.0,-1.0,-1.0,-1.0,-1.0,1.0,0.0,0.0,0.0,1.0,0.0,0.0,0.0,1.0,0.0,0.0,0.0
20260319_165846_036208,0,132,2.7756764888763428,0.244859904050827,-0.0616601558183771,-18.21996876085044,0.0,0.189710555173491,-0.1814901828765869,2.1667968836324576,0.0,0.0,0.02,0.0416601558183771,0.0,carpet,12345,2458047581,0,0,0,0,0,0,-0.049783688,0.29250768,0.26525685,0.90502465,-0.1430119,-0.6146546,0.15008937,-0.16850166,0.0771114,0.9228886,-0.091291696,-1.0,-1.0,-1.0,-1.0,-1.0,-1.0,-1.0,1.0,0.0,0.0,0.0,1.0,0.0,0.0,0.0,1.0,0.0,0.0,0.0
20260319_165846_036208,0,133,2.803529739379883,0.2584950923919678,-0.1017338444035613,-18.321702605254004,0.0,-0.1985967921484075,-1.3635188341140747,1.365323111928774,0.0,0.0,0.02,0.0817338444035613,0.0,carpet,12345,2458047581,0,0,0,0,0,0,0.64949054,-0.45523867,-0.7859358,-0.11963879,-0.89301556,0.3277761,0.846275,-0.1744419,0.07564606,0.9243539,-0.09461235,-1.0,-1.0,-1.0,-1.0,-1.0,-1.0,-1.0,1.0,0.0,0.0,0.0,1.0,0.0,0.0,0.0,1.0,0.0,0.0,0.0
20260319_165846_036208,0,134,2.810703754425049,0.2435498088598251,-0.1222011449367823,-18.443903750190785,0.0,0.2246844941922745,1.494528353214264,0.9559771012643524,0.0,0.0,0.02,0.1022011449367823,0.0,carpet,12345,2458047581,0,0,0,0,0,0,-0.8123829,0.044341795,-0.051686417,-0.45679596,0.82024574,0.2787523,-0.0317337,-0.13962555,0.06463707,0.9353629,0.028047722,-1.0,-1.0,-1.0,-1.0,-1.0,-1.0,-1.0,1.0,0.0,0.0,0.0,1.0,0.0,0.0,0.0,1.0,0.0,0.0,0.0
20260319_165846_036208,0,135,2.794628381729126,0.2507128715515136,-0.1371446696244934,-18.58104841981528,0.0,-0.0105631966480075,-0.7163062691688538,0.65710660751013,0.0,0.0,0.02,0.1171446696244934,0.0,carpet,12345,2458047581,0,0,0,0,0,0,-0.2500273,0.41464,-0.22893257,-0.5509696,0.21723679,0.74599105,-0.62357306,-0.13065796,0.07670383,0.92329615,0.007605354,-1.0,-1.0,-1.0,-1.0,-1.0,-1.0,-1.0,1.0,0.0,0.0,0.0,1.0,0.0,0.0,0.0,1.0,0.0,0.0,0.0
20260319_165846_036208,0,136,2.772331476211548,0.2444800734519958,-0.1366711624952604,-18.71771958231054,0.0,0.1478975550019186,0.6232798099517822,0.6665767500947908,0.0,0.0,0.02,0.1166711624952604,0.0,carpet,12345,2458047581,0,0,0,0,0,0,0.05494271,0.57767546,-0.12959954,0.6434147,-0.79472136,-0.5908055,-0.6513867,-0.15075226,0.07092041,0.9290796,-0.095864244,-1.0,-1.0,-1.0,-1.0,-1.0,-1.0,-1.0,1.0,0.0,0.0,0.0,1.0,0.0,0.0,0.0,1.0,0.0,0.0,0.0
20260319_165846_036208,0,137,2.770087480545044,0.2376803457736969,-0.1382975513109894,-18.85601713362153,0.0,0.2809163582089411,0.679972767829895,0.6340489737802102,0.0,0.0,0.02,0.1182975513109894,0.0,carpet,12345,2458047581,0,0,0,0,0,0,0.82284796,-0.379002,-0.54958105,0.8328627,0.6861065,0.4850953,0.055059295,-0.1786232,0.07595273,0.92404723,-0.14349498,-1.0,-1.0,-1.0,-1.0,-1.0,-1.0,-1.0,1.0,0.0,0.0,0.0,1.0,0.0,0.0,0.0,1.0,0.0,0.0,0.0
20260319_165846_036208,0,138,2.77540922164917,0.2451170682907104,-0.1465446187830967,-19.002561752404628,0.0,0.0247692057313457,-0.743672251701355,0.4691076243380649,0.0,0.0,0.02,0.1265446187830967,0.0,carpet,12345,2458047581,0,0,0,0,0,0,0.28011557,-0.60789776,0.060095903,1.0,-0.89936423,-1.0,0.1312357,-0.18142815,0.0814428,0.91855717,-0.11940866,-1.0,-1.0,-1.0,-1.0,-1.0,-1.0,-1.0,1.0,0.0,0.0,0.0,1.0,0.0,0.0,0.0,1.0,0.0,0.0,0.0
20260319_165846_036208,0,139,2.772099494934082,0.2386666387319564,-0.1276228970123082,-19.130184649416936,0.0,0.179837643267362,0.6450429558753967,0.8475420597538346,0.0,0.0,0.02,0.1076228970123082,0.0,carpet,12345,2458047581,0,0,0,0,0,0,-0.31226996,0.9658681,0.06385243,-0.87944335,-0.23660684,-0.2856092,0.15328676,-0.17477608,0.075438425,0.9245615,-0.065750554,-1.0,-1.0,-1.0,-1.0,-1.0,-1.0,-1.0,1.0,0.0,0.0,0.0,1.0,0.0,0.0,0.0,1.0,0.0,0.0,0.0
20260319_165846_036208,0,140,2.77376127243042,0.244411289691925,-0.1392940237993561,-19.26947867321629,0.0,-0.0087380415486819,-0.5744650959968567,0.6141195240128781,0.0,0.0,0.02,0.1192940237993561,0.0,carpet,12345,2458047581,0,0,0,0,0,0,-0.11066235,0.47795466,-0.0887579,-0.0118037835,0.4773067,-0.71547985,0.3256204,-0.17891312,0.08064648,0.9193535,-0.06972755,-1.0,-1.0,-1.0,-1.0,-1.0,-1.0,-1.0,1.0,0.0,0.0,0.0,1.0,0.0,0.0,0.0,1.0,0.0,0.0,0.0
20260319_165846_036208,0,141,2.7908685207366943,0.2481658160686493,-0.1437866984959367,-19.413265371712228,0.0,-0.1004166905796211,-0.3754526376724243,0.5242660300812645,0.0,0.0,0.02,0.1237866984959367,0.0,carpet,12345,2458047581,0,0,0,0,0,0,1.0,0.41144544,-0.6735208,-0.24959481,0.31569523,0.12939627,0.7718199,-0.17683601,0.07600827,0.92399174,-0.051108144,-1.0,-1.0,-1.0,-1.0,-1.0,-1.0,-1.0,1.0,0.0,0.0,0.0,1.0,0.0,0.0,0.0,1.0,0.0,0.0,0.0
20260319_165846_036208,0,142,2.817879199981689,0.2530116736888885,-0.1610045241680677,-19.57426989588029,0.0,-0.1964589584407008,-0.4845857620239258,0.179909516638645,0.0,0.0,0.02,0.1410045241680677,0.0,carpet,12345,2458047581,0,0,0,0,0,0,0.6824761,0.03228092,-0.7660463,0.33860853,-0.5332514,0.9958096,0.12109369,-0.15545197,0.07297689,0.9270231,0.009577214,-1.0,-1.0,-1.0,-1.0,-1.0,-1.0,-1.0,1.0,0.0,0.0,0.0,1.0,0.0,0.0,0.0,1.0,0.0,0.0,0.0
20260319_165846_036208,0,143,2.813380002975464,0.2524493932723999,-0.1699999999999999,-19.744269895880297,0.0,-0.1332872084183236,0.0562280416488647,-0.2342940499886197,0.0,0.0,0.02,0.15,0.0,carpet,12345,2458047581,0,0,0,0,0,0,0.4664808,0.76068753,-0.016662056,0.6677815,0.20137964,0.80256957,-0.17916888,-0.12168846,0.06906437,0.93093556,0.030872859,-1.0,-1.0,-1.0,-1.0,-1.0,-1.0,-1.0,1.0,0.0,0.0,0.0,1.0,0.0,0.0,0.0,1.0,0.0,0.0,0.0
20260319_165846_036208,0,144,2.7901744842529297,0.2388248294591903,-0.1699999999999999,-19.9142698958803,0.0,0.240648689016524,1.3624563813209534,-0.0184145667034414,0.0,0.0,0.02,0.15,0.0,carpet,12345,2458047581,0,0,0,0,0,0,-0.4509289,1.0,-0.26242673,-0.5080174,-0.5094211,-0.4203232,-0.49046135,-0.12731247,0.06951834,0.9304816,-0.01793183,-1.0,-1.0,-1.0,-1.0,-1.0,-1.0,-1.0,1.0,0.0,0.0,0.0,1.0,0.0,0.0,0.0,1.0,0.0,0.0,0.0
20260319_165846_036208,0,145,2.787999391555786,0.233667179942131,-0.1644412227640974,-20.0787111186444,0.0,0.3094277546888548,0.5157649517059326,0.1111755447180513,0.0,0.0,0.02,0.1444412227640974,0.0,carpet,12345,2458047581,0,0,0,0,0,0,0.21487777,-1.0,0.9292779,0.80685425,0.55880916,0.5322564,-0.039367694,-0.15631942,0.08051875,0.9194812,-0.09753562,-1.0,-1.0,-1.0,-1.0,-1.0,-1.0,-1.0,1.0,0.0,0.0,0.0,1.0,0.0,0.0,0.0,1.0,0.0,0.0,0.0
20260319_165846_036208,0,146,2.773165702819824,0.2468466758728027,-0.1688751497991707,-20.24758626844357,0.0,-0.0974165822501476,-1.3179495930671692,0.0224970040165857,0.0,0.0,0.02,0.1488751497991707,0.0,carpet,12345,2458047581,0,0,0,0,0,0,0.27108222,-0.42057618,0.41051707,-0.73028743,-0.9639449,0.3139531,-1.0,-0.15903854,0.08468301,0.91531694,-0.096426435,-1.0,-1.0,-1.0,-1.0,-1.0,-1.0,-1.0,1.0,0.0,0.0,0.0,1.0,0.0,0.0,0.0,1.0,0.0,0.0,0.0
20260319_165846_036208,0,147,2.7596237659454346,0.2410230934619903,-0.1602279590910545,-20.407814227534622,0.0,0.0725271235827023,0.5823582410812378,0.1954408181789091,0.0,0.0,0.02,0.1402279590910545,0.0,carpet,12345,2458047581,0,0,0,0,0,0,-0.95052886,0.52302164,0.18027227,-0.58345294,0.24464543,-0.8542132,-0.52368975,-0.17758064,0.074041955,0.92595804,-0.17320828,-1.0,-1.0,-1.0,-1.0,-1.0,-1.0,-1.0,1.0,0.0,0.0,0.0,1.0,0.0,0.0,0.0,1.0,0.0,0.0,0.0
20260319_165846_036208,0,148,2.763023376464844,0.2375562041997909,-0.1433516324569187,-20.551165859991546,0.0,0.1410675742420153,0.3466889262199402,0.5329673508616253,0.0,0.0,0.02,0.1233516324569187,0.0,carpet,12345,2458047581,0,0,0,0,0,0,0.00530943,-0.8276794,0.5468971,-0.6448948,-0.025995944,0.56341815,-0.28325197,-0.19450799,0.078743875,0.92125607,-0.19357273,-1.0,-1.0,-1.0,-1.0,-1.0,-1.0,-1.0,1.0,0.0,0.0,0.0,1.0,0.0,0.0,0.0,1.0,0.0,0.0,0.0
20260319_165846_036208,0,149,2.7940714359283447,0.235324278473854,-0.1286073308445058,-20.67977319083605,0.0,0.1615988238299337,0.2231925725936889,0.8278533831098827,0.0,0.0,0.02,0.1086073308445058,0.0,carpet,12345,2458047581,0,0,0,0,0,0,-0.7312599,1.0,-0.0030978222,0.8666771,-0.5078862,-0.1777066,0.44011417,-0.19025841,0.08154303,0.918457,-0.1691125,-1.0,-1.0,-1.0,-1.0,-1.0,-1.0,-1.0,1.0,0.0,0.0,0.0,1.0,0.0,0.0,0.0,1.0,0.0,0.0,0.0
20260319_165846_036208,0,150,2.8020665645599365,0.2395156472921371,-0.1398190204245634,-20.819592211260613,0.0,0.0164148974153732,-0.4191368818283081,0.6036195915087319,0.0,0.0,0.02,0.1198190204245634,0.0,carpet,12345,2458047581,0,0,0,0,0,0,-0.5027833,-0.6115613,0.9127201,0.23506743,0.39071792,0.5283339,0.4296705,-0.15144844,0.08334507,0.9166549,-0.02135281,-1.0,-1.0,-1.0,-1.0,-1.0,-1.0,-1.0,1.0,0.0,0.0,0.0,1.0,0.0,0.0,0.0,1.0,0.0,0.0,0.0
20260319_165846_036208,0,151,2.8399035930633545,0.2595744729042053,-0.1699999999999999,-20.98959221126061,0.0,-0.4891594672401851,-2.0058825612068176,-0.194967630420308,0.0,0.0,0.02,0.15,0.0,carpet,12345,2458047581,0,0,0,0,0,0,-0.6651453,-0.19020481,-0.35603064,-0.96133274,0.31355226,0.7568288,0.8524105,-0.14145431,0.07996099,0.920039,0.0058046817,-1.0,-1.0,-1.0,-1.0,-1.0,-1.0,-1.0,1.0,0.0,0.0,0.0,1.0,0.0,0.0,0.0,1.0,0.0,0.0,0.0
20260319_165846_036208,0,152,2.825725793838501,0.2431589066982269,-0.1699999999999999,-21.159592211260616,0.0,0.0435195547193245,1.6415566205978394,-0.0540314934508359,0.0,0.0,0.02,0.15,0.0,carpet,12345,2458047581,0,0,0,0,0,0,-0.26198408,-0.75244635,-0.078272335,1.0,0.6898205,0.33469468,-0.8159827,-0.09415817,0.0637656,0.93623435,0.11039815,-1.0,-1.0,-1.0,-1.0,-1.0,-1.0,-1.0,1.0,0.0,0.0,0.0,1.0,0.0,0.0,0.0,1.0,0.0,0.0,0.0
20260319_165846_036208,0,153,2.853381395339966,0.2537090182304382,-0.1699999999999999,-21.329592211260618,0.0,-0.231113122265782,-1.0550111532211304,-0.3576717392993203,0.0,0.0,0.02,0.15,0.0,carpet,12345,2458047581,0,0,0,0,0,0,-0.49315104,-0.042750947,0.6658063,-0.09968789,0.68103963,0.22593716,0.5622909,-0.111880496,0.07701943,0.9229805,-0.04989364,-1.0,-1.0,-1.0,-1.0,-1.0,-1.0,-1.0,1.0,0.0,0.0,0.0,1.0,0.0,0.0,0.0,1.0,0.0,0.0,0.0
20260319_165846_036208,0,154,2.8182222843170166,0.2392374724149704,-0.1699999999999999,-21.49959221126062,0.0,0.1884538036873522,1.4471545815467834,-0.3102855098539834,0.0,0.0,0.02,0.15,0.0,carpet,12345,2458047581,0,0,0,0,0,0,0.77882415,0.49503988,-0.3938708,-0.049959734,-0.045620736,-0.99023277,-0.8008363,-0.07731094,0.06850134,0.93149865,0.0660363,-1.0,-1.0,-1.0,-1.0,-1.0,-1.0,-1.0,1.0,0.0,0.0,0.0,1.0,0.0,0.0,0.0,1.0,0.0,0.0,0.0
20260319_165846_036208,0,155,2.825167417526245,0.2486544698476791,-0.1699999999999999,-21.66959221126062,0.0,-0.0940845830521937,-0.941699743270874,-0.5659689167361108,0.0,0.0,0.02,0.15,0.0,carpet,12345,2458047581,0,0,0,0,0,0,-0.20692559,-0.4682653,-0.12358092,0.11223005,0.16176377,-0.6027887,0.9336451,-0.12125969,0.08018558,0.9198144,-0.07616539,-1.0,-1.0,-1.0,-1.0,-1.0,-1.0,-1.0,1.0,0.0,0.0,0.0,1.0,0.0,0.0,0.0,1.0,0.0,0.0,0.0
20260319_165846_036208,0,156,2.838653326034546,0.2582886219024658,-0.1699999999999999,-21.839592211260623,0.0,-0.3114172386588194,-0.9634152054786682,-0.8938010528103035,0.0,0.0,0.02,0.15,0.0,carpet,12345,2458047581,0,0,0,0,0,0,-0.2239447,-0.15806103,0.79682106,0.11351695,0.119194604,0.0016883456,0.739895,-0.1125782,0.07258236,0.92741764,0.048300408,-1.0,-1.0,-1.0,-1.0,-1.0,-1.0,-1.0,1.0,0.0,0.0,0.0,1.0,0.0,0.0,0.0,1.0,0.0,0.0,0.0
20260319_165846_036208,0,157,2.838197946548462,0.2550371587276459,-0.1699999999999999,-22.009592211260625,0.0,-0.1522763496236194,0.3251463174819946,-0.5569179351937379,0.0,0.0,0.02,0.15,0.0,carpet,12345,2458047581,0,0,0,0,0,0,-0.8824199,-0.40020913,0.3209013,0.02874729,0.44548404,-0.2460453,0.4689106,-0.09572105,0.064803794,0.93519616,0.11778694,-1.0,-1.0,-1.0,-1.0,-1.0,-1.0,-1.0,1.0,0.0,0.0,0.0,1.0,0.0,0.0,0.0,1.0,0.0,0.0,0.0
20260319_165846_036208,0,158,2.8501694202423096,0.2504240572452545,-0.1699999999999999,-22.179592211260623,0.0,0.0011202748420657,0.4613101482391357,-0.5993172150709967,0.0,0.0,0.02,0.15,0.0,carpet,12345,2458047581,0,0,0,0,0,0,0.62930053,0.47829527,-0.56398356,0.19895376,0.5279257,1.0,0.19105865,-0.09629021,0.067429,0.932571,0.10680368,-1.0,-1.0,-1.0,-1.0,-1.0,-1.0,-1.0,1.0,0.0,0.0,0.0,1.0,0.0,0.0,0.0,1.0,0.0,0.0,0.0
20260319_165846_036208,0,159,2.8246145248413086,0.2407400459051132,-0.1699999999999999,-22.349592211260628,0.0,0.2429404896350888,0.9684011340141296,-0.1252636031701257,0.0,0.0,0.02,0.15,0.0,carpet,12345,2458047581,0,0,0,0,0,0,0.76643735,-0.3530451,0.14993936,-0.22784673,-1.0,-0.51272374,-0.73606,-0.08132591,0.07115359,0.92884636,0.07699392,-1.0,-1.0,-1.0,-1.0,-1.0,-1.0,-1.0,1.0,0.0,0.0,0.0,1.0,0.0,0.0,0.0,1.0,0.0,0.0,0.0
20260319_165846_036208,0,160,2.799306869506836,0.2373035252094268,-0.1699999999999999,-22.51959221126063,0.0,0.2681183846184751,0.343652069568634,-0.0455990222390028,0.0,0.0,0.02,0.15,0.0,carpet,12345,2458047581,0,0,0,0,0,0,0.17626597,0.5635826,-0.4138569,0.82009137,-0.293775,-0.2506925,-0.49063084,-0.113269426,0.07897241,0.92102754,-0.036334902,-1.0,-1.0,-1.0,-1.0,-1.0,-1.0,-1.0,1.0,0.0,0.0,0.0,1.0,0.0,0.0,0.0,1.0,0.0,0.0,0.0
20260319_165846_036208,0,161,2.8007681369781494,0.2326236814260482,-0.151671477806924,-22.671263689067555,0.0,0.3180848830483285,0.4679843783378601,0.3665704438615194,0.0,0.0,0.02,0.131671477806924,0.0,carpet,12345,2458047581,0,0,0,0,0,0,0.93485445,0.80837715,0.6634207,0.08611014,-0.71363163,-0.014210321,-0.31192276,-0.14490394,0.08174704,0.91825294,-0.096032605,-1.0,-1.0,-1.0,-1.0,-1.0,-1.0,-1.0,1.0,0.0,0.0,0.0,1.0,0.0,0.0,0.0,1.0,0.0,0.0,0.0
20260319_165846_036208,0,162,2.79976487159729,0.233164831995964,-0.1248488709720658,-22.79611256003962,0.0,0.2250348980383449,-0.0541150569915771,0.9030225805586838,0.0,0.0,0.02,0.1048488709720658,0.0,carpet,12345,2458047581,0,0,0,0,0,0,0.758729,-0.8584292,0.40851584,0.24163349,-0.6454612,-0.87024707,-0.34683037,-0.14307746,0.08552553,0.9144744,-0.085549794,-1.0,-1.0,-1.0,-1.0,-1.0,-1.0,-1.0,1.0,0.0,0.0,0.0,1.0,0.0,0.0,0.0,1.0,0.0,0.0,0.0
20260319_165846_036208,0,163,2.7941458225250244,0.2356287539005279,-0.1118761471951519,-22.90798870723477,0.0,0.1071781259146575,-0.2463921904563903,1.1624770560969608,0.0,0.0,0.02,0.0918761471951519,0.0,carpet,12345,2458047581,0,0,0,0,0,0,0.8099075,0.5355294,0.6428122,0.55661505,0.796446,-0.79333645,0.054312,-0.14433137,0.0850886,0.9149114,-0.08197642,-1.0,-1.0,-1.0,-1.0,-1.0,-1.0,-1.0,1.0,0.0,0.0,0.0,1.0,0.0,0.0,0.0,1.0,0.0,0.0,0.0
20260319_165846_036208,0,164,2.7979085445404053,0.2288740575313568,-0.0994696107539913,-23.007458317988764,0.0,0.2492510036652788,0.6754696369171143,1.410607784920174,0.0,0.0,0.02,0.0794696107539913,0.0,carpet,12345,2458047581,0,0,0,0,0,0,0.4638459,-0.049457707,0.4290641,-0.5051673,-0.5618889,0.015742335,-0.17011967,-0.15135536,0.08309924,0.9169007,-0.080974124,-1.0,-1.0,-1.0,-1.0,-1.0,-1.0,-1.0,1.0,0.0,0.0,0.0,1.0,0.0,0.0,0.0,1.0,0.0,0.0,0.0
20260319_165846_036208,0,165,2.803906202316284,0.2350045144557953,-0.1099327937538458,-23.11739111174261,0.0,0.0336768296379972,-0.6130456924438477,1.2013441249230823,0.0,0.0,0.02,0.0899327937538458,0.0,carpet,12345,2458047581,0,0,0,0,0,0,1.0,-0.51501703,-0.7053394,-0.33232048,-0.71237534,0.6104323,-0.2499982,-0.14665183,0.08855295,0.911447,-0.08751036,-1.0,-1.0,-1.0,-1.0,-1.0,-1.0,-1.0,1.0,0.0,0.0,0.0,1.0,0.0,0.0,0.0,1.0,0.0,0.0,0.0
20260319_165846_036208,0,166,2.832581758499145,0.2488840818405151,-0.1394252911042447,-23.25681640284685,0.0,-0.3217315623895018,-1.3879567384719849,0.6114941779151053,0.0,0.0,0.02,0.1194252911042447,0.0,carpet,12345,2458047581,0,0,0,0,0,0,-0.91799694,0.6962881,-0.49116898,0.78089386,0.04269818,0.18147898,0.76450676,-0.13915482,0.08360325,0.91639674,-0.06337959,-1.0,-1.0,-1.0,-1.0,-1.0,-1.0,-1.0,1.0,0.0,0.0,0.0,1.0,0.0,0.0,0.0,1.0,0.0,0.0,0.0
20260319_165846_036208,0,167,2.8313746452331543,0.2471933960914611,-0.1652811116599505,-23.42209751450681,0.0,-0.1990315280657881,0.1690685749053955,0.0943777668009886,0.0,0.0,0.02,0.1452811116599505,0.0,carpet,12345,2458047581,0,0,0,0,0,0,0.5753678,-0.5794425,0.941294,-0.15488447,-0.86816186,0.4616326,0.016240949,-0.10331039,0.07239696,0.92760307,0.07725595,-1.0,-1.0,-1.0,-1.0,-1.0,-1.0,-1.0,1.0,0.0,0.0,0.0,1.0,0.0,0.0,0.0,1.0,0.0,0.0,0.0
20260319_165846_036208,0,168,2.852583169937134,0.2630544900894165,-0.1699999999999999,-23.592097514506808,0.0,-0.5458009959982064,-1.5861093997955322,-0.6764581272355628,0.0,0.0,0.02,0.15,0.0,carpet,12345,2458047581,0,0,0,0,0,0,-0.9661992,-0.017895088,0.41832748,0.6878901,0.40879694,0.6779402,0.7756915,-0.10481949,0.073762015,0.92623794,0.046263326,-1.0,-1.0,-1.0,-1.0,-1.0,-1.0,-1.0,1.0,0.0,0.0,0.0,1.0,0.0,0.0,0.0,1.0,0.0,0.0,0.0
20260319_165846_036208,0,169,2.8158953189849854,0.237674281001091,-0.1699999999999999,-23.76209751450681,0.0,0.2251544802094827,2.53802090883255,-0.5584817729407376,0.0,0.0,0.02,0.15,0.0,carpet,12345,2458047581,0,0,0,0,0,0,-0.925407,-0.5673406,0.6452819,0.6490814,-0.813598,-1.0,-0.7113565,-0.078308485,0.060955852,0.9390441,0.11780899,-1.0,-1.0,-1.0,-1.0,-1.0,-1.0,-1.0,1.0,0.0,0.0,0.0,1.0,0.0,0.0,0.0,1.0,0.0,0.0,0.0
20260319_165846_036208,0,170,2.783186912536621,0.2418181747198104,-0.1699999999999999,-23.93209751450681,0.0,0.0652685171891107,-0.4143893718719482,-0.7424642594169057,0.0,0.0,0.02,0.15,0.0,carpet,12345,2458047581,0,0,0,0,0,0,0.38080248,0.28406456,0.5721592,0.7483617,0.7012646,0.75012237,-0.47784716,-0.124168396,0.0814477,0.9185523,-0.092226975,-1.0,-1.0,-1.0,-1.0,-1.0,-1.0,-1.0,1.0,0.0,0.0,0.0,1.0,0.0,0.0,0.0,1.0,0.0,0.0,0.0
20260319_165846_036208,0,171,2.835922241210937,0.2319075316190719,-0.1699999999999999,-24.102097514506813,0.0,0.2967174654102962,0.9910643100738524,-0.4794236236446068,0.0,0.0,0.02,0.15,0.0,carpet,12345,2458047581,0,0,0,0,0,0,0.23547344,-0.20031543,-0.3925645,-0.7050058,0.085081995,0.6463204,-0.050786227,-0.16505393,0.07810193,0.921898,-0.17871645,-1.0,-1.0,-1.0,-1.0,-1.0,-1.0,-1.0,1.0,0.0,0.0,0.0,1.0,0.0,0.0,0.0,1.0,0.0,0.0,0.0
20260319_165846_036208,0,172,2.8407578468322754,0.2375817596912384,-0.1699999999999999,-24.27209751450681,0.0,0.0806823972535824,-0.5674228072166443,-0.0770096640015225,0.0,0.0,0.02,0.15,0.0,carpet,12345,2458047581,0,0,0,0,0,0,1.0,0.9532118,-0.9337246,-0.86534315,0.5145141,-0.17180824,-0.3297109,-0.099134825,0.08610373,0.9138962,-0.05071241,-1.0,-1.0,-1.0,-1.0,-1.0,-1.0,-1.0,1.0,0.0,0.0,0.0,1.0,0.0,0.0,0.0,1.0,0.0,0.0,0.0
20260319_165846_036208,0,173,2.8355207443237305,0.2323866337537765,-0.1543794094779511,-24.426476923984765,0.0,0.1903899463767118,0.5195125937461853,0.3124118104409774,0.0,0.0,0.02,0.1343794094779511,0.0,carpet,12345,2458047581,0,0,0,0,0,0,0.10532136,-0.2707928,-0.2860847,1.0,0.40196875,-0.07082159,-0.18058605,-0.09309044,0.08152239,0.9184776,-0.018772088,-1.0,-1.0,-1.0,-1.0,-1.0,-1.0,-1.0,1.0,0.0,0.0,0.0,1.0,0.0,0.0,0.0,1.0,0.0,0.0,0.0
20260319_165846_036208,0,174,2.8397157192230225,0.2366160750389099,-0.1252365382953304,-24.55171346228009,0.0,0.0370564276542069,-0.4229441285133362,0.8952692340933908,0.0,0.0,0.02,0.1052365382953304,0.0,carpet,12345,2458047581,0,0,0,0,0,0,-0.2746828,-0.59619325,0.42456672,0.39928758,-0.8945348,-0.73432535,0.17858212,-0.09963684,0.08571692,0.91428304,-0.032020804,-1.0,-1.0,-1.0,-1.0,-1.0,-1.0,-1.0,1.0,0.0,0.0,0.0,1.0,0.0,0.0,0.0,1.0,0.0,0.0,0.0
20260319_165846_036208,1,0,2.898842096328736,0.3652144372463226,-0.02,-0.02,0.0,-0.2474546432495117,-0.9898185729980468,0.0,0.0,0.0,0.02,0.0,0.0,carpet,12345,2458047712,0,0,1,0,0,0,0.9482551217079164,0.3235585391521454,0.6131064295768738,-0.9005830883979797,-0.9201189279556274,-0.6083658337593079,0.6382355690002441,0.0,-0.0,1.0,0.0,-1.0,-1.0,-1.0,-1.0,-1.0,-1.0,-1.0,1.0,0.0,0.0,0.0,1.0,0.0,0.0,0.0,1.0,0.0,0.0,0.0
20260319_165846_036208,1,1,2.841826915740967,0.3603656888008117,-0.02,-0.04,0.0,-0.0643722712993621,0.4848748445510864,0.0,0.0,0.0,0.02,0.0,0.0,carpet,12345,2458047712,0,0,1,0,0,0,-0.4029371440410614,-0.2579630017280578,0.8783674836158752,-0.2239678800106048,0.5128613114356995,-0.4563789069652557,-0.7761268019676208,0.0117572788149118,-0.0078850137069821,1.0,0.0763036757707595,-1.0,-1.0,-1.0,-1.0,-1.0,-1.0,-1.0,1.0,0.0,0.0,0.0,1.0,0.0,0.0,0.0,1.0,0.0,0.0,0.0
20260319_165846_036208,1,2,2.8668222427368164,0.3576974272727966,-0.02,-0.06,0.0,0.0184273347258567,0.2668261528015136,0.0,0.0,0.0,0.02,0.0,0.0,carpet,12345,2458047712,0,0,1,0,0,0,-0.9787748456001282,-0.9466851949691772,0.3965432345867157,0.7161802649497986,-0.3779205083847046,0.8591498136520386,0.0413932017982006,-0.059511948376894,-0.0040224432013928,1.0,-0.1131933256983757,-1.0,-1.0,-1.0,-1.0,-1.0,-1.0,-1.0,1.0,0.0,0.0,0.0,1.0,0.0,0.0,0.0,1.0,0.0,0.0,0.0
20260319_165846_036208,1,3,2.8796958923339844,0.3528093695640564,-0.02,-0.08,0.0,0.1360219437628984,0.4888057708740234,0.0,0.0,0.0,0.02,0.0,0.0,carpet,12345,2458047712,0,0,1,0,0,0,-0.4282137453556061,0.0263508446514606,-0.5076853036880493,0.0785256847739219,0.7794458866119385,-0.7121776938438416,-0.4286440908908844,-0.0282676704227924,-0.0018968703225255,1.0,-0.0784165486693382,-1.0,-1.0,-1.0,-1.0,-1.0,-1.0,-1.0,1.0,0.0,0.0,0.0,1.0,0.0,0.0,0.0,1.0,0.0,0.0,0.0
20260319_165846_036208,1,4,2.8858132362365723,0.3583367466926574,-0.02,-0.1,0.0,-0.036167970392853,-0.5527377128601074,0.0,0.0,0.0,0.02,0.0,0.0,carpet,12345,2458047712,0,0,1,0,0,0,-0.6246373057365417,0.5919727087020874,0.6912992596626282,-0.6951318979263306,-0.6690841913223267,-1.0,0.6607728004455566,-0.0121753690764307,0.0019969998393207,0.9980030059814452,-0.0721732005476951,-1.0,-1.0,-1.0,-1.0,-1.0,-1.0,-1.0,1.0,0.0,0.0,0.0,1.0,0.0,0.0,0.0,1.0,0.0,0.0,0.0
20260319_165846_036208,1,5,2.8853085041046143,0.3499778807163238,-0.1699999999999999,-0.27,0.0,0.1818456716137007,0.8358865976333618,-0.011699934839271,0.0,0.0,0.02,0.15,0.0,carpet,12345,2458047712,0,0,1,0,0,0,-0.2490036487579345,-0.8190969824790955,-0.3424029946327209,-0.2274889796972274,-0.1736076027154922,-0.0153400842100381,0.253938615322113,-0.0045288084074854,-0.0024061789736151,1.0,0.0280277617275714,-1.0,-1.0,-1.0,-1.0,-1.0,-1.0,-1.0,1.0,0.0,0.0,0.0,1.0,0.0,0.0,0.0,1.0,0.0,0.0,0.0
20260319_165846_036208,1,6,2.890134811401367,0.3491894602775574,-0.150407526345516,-0.4204075263455161,0.0,0.1560947646794375,0.0788420438766479,0.3918494730896782,0.0,0.0,0.02,0.130407526345516,0.0,carpet,12345,2458047712,0,0,1,0,0,0,0.8632619380950928,0.3213135302066803,0.0807783305644989,-0.2351338267326355,-0.7030695676803589,-0.1873820126056671,0.4829954504966736,-0.0051597594283521,0.0042526046745479,0.9957473874092102,0.0271406434476375,-1.0,-1.0,-1.0,-1.0,-1.0,-1.0,-1.0,1.0,0.0,0.0,0.0,1.0,0.0,0.0,0.0,1.0,0.0,0.0,0.0
20260319_165846_036208,1,7,2.903071403503418,0.3543079793453216,-0.1477335079397744,-0.5681410342852905,0.0,-0.0108919031845289,-0.5118519067764282,0.4453298412045114,0.0,0.0,0.02,0.1277335079397744,0.0,carpet,12345,2458047712,0,0,1,0,0,0,-0.6438107490539551,0.2924189865589142,-0.7507282495498657,0.8381361365318298,-0.0808013007044792,1.0,0.1587506085634231,0.0008731841808184,0.0048806709237396,0.995119333267212,0.0431471467018127,-1.0,-1.0,-1.0,-1.0,-1.0,-1.0,-1.0,1.0,0.0,0.0,0.0,1.0,0.0,0.0,0.0,1.0,0.0,0.0,0.0
20260319_165846_036208,1,8,2.906611442565918,0.3584458827972412,-0.1542357003603865,-0.7223767346456771,0.0,-0.1116165136863855,-0.4137903451919555,0.3152859927922691,0.0,0.0,0.02,0.1342357003603865,0.0,carpet,12345,2458047712,0,0,1,0,0,0,-0.545606791973114,0.8488558530807495,-0.6574884653091431,0.6985712647438049,-0.6463389992713928,0.4622357189655304,0.2779067754745483,0.0170436855405569,0.0008031941251829,0.9991968274116516,0.0449122451245784,-1.0,-1.0,-1.0,-1.0,-1.0,-1.0,-1.0,1.0,0.0,0.0,0.0,1.0,0.0,0.0,0.0,1.0,0.0,0.0,0.0
20260319_165846_036208,1,9,2.9130632877349854,0.3618184030056,-0.1694380670722193,-0.8918148017178964,0.0,-0.1680253904737583,-0.3372520208358764,0.0112386585556123,0.0,0.0,0.02,0.1494380670722193,0.0,carpet,12345,2458047712,0,0,1,0,0,0,-0.9866702556610109,-0.055722426623106,-0.2632662057876587,0.4026152193546295,-0.3275547623634338,1.0,0.3212168514728546,0.0214687343686819,-0.0024931200314313,1.0,0.0478765591979026,-1.0,-1.0,-1.0,-1.0,-1.0,-1.0,-1.0,1.0,0.0,0.0,0.0,1.0,0.0,0.0,0.0,1.0,0.0,0.0,0.0
20260319_165846_036208,1,10,2.867136001586914,0.3476491272449493,-0.1562190259945293,-1.0480338277124257,0.0,0.2282128511609471,1.4169275760650637,0.2756194801094125,0.0,0.0,0.02,0.1362190259945293,0.0,carpet,12345,2458047712,0,0,1,0,0,0,0.1575487703084945,-0.4755268692970276,0.8603508472442627,0.3913409113883972,-0.7448341250419617,-0.935486376285553,-0.4963782131671905,0.0295337680727243,-0.0051796920597553,1.0,0.0673743858933448,-1.0,-1.0,-1.0,-1.0,-1.0,-1.0,-1.0,1.0,0.0,0.0,0.0,1.0,0.0,0.0,0.0,1.0,0.0,0.0,0.0
20260319_165846_036208,1,11,2.895845890045166,0.3484250903129577,-0.1577232814916894,-1.205757109204115,0.0,0.1517605616704997,-0.0775963068008422,0.2455343701662116,0.0,0.0,0.02,0.1377232814916894,0.0,carpet,12345,2458047712,0,0,1,0,0,0,-0.3033719658851623,0.3791502714157104,-0.6648685932159424,-0.5209783315658569,0.5637544989585876,0.7506030201911926,0.93429833650589,-0.027875518426299,0.0061077214777469,0.993892252445221,-0.061804924160242,-1.0,-1.0,-1.0,-1.0,-1.0,-1.0,-1.0,1.0,0.0,0.0,0.0,1.0,0.0,0.0,0.0,1.0,0.0,0.0,0.0
20260319_165846_036208,1,12,2.9399964809417725,0.3913577198982239,-0.1699999999999999,-1.375757109204115,0.0,-0.9594953183787708,-4.293262958526611,-0.8700557128919968,0.0,0.0,0.02,0.15,0.0,carpet,12345,2458047712,0,0,1,0,0,0,0.3198351263999939,0.242876261472702,-0.4413392543792724,-0.1664079278707504,0.9102215766906738,-1.0,0.9286397099494934,0.0080120088532567,0.0054895617067813,0.9945104718208312,0.0853560641407966,-1.0,-1.0,-1.0,-1.0,-1.0,-1.0,-1.0,1.0,0.0,0.0,0.0,1.0,0.0,0.0,0.0,1.0,0.0,0.0,0.0
20260319_165846_036208,1,13,2.88570499420166,0.3480300605297088,-0.1699999999999999,-1.545757109204115,0.0,0.3635699954287759,4.3327659368515015,-0.495593814278692,0.0,0.0,0.02,0.15,0.0,carpet,12345,2458047712,0,0,1,0,0,0,-0.284986287355423,0.1329081356525421,-0.1409599632024765,0.4291312992572784,1.0,-0.0824204161763191,-0.5004523992538452,0.0631999969482421,-0.0287110824137926,1.0,0.2017439305782318,-1.0,-1.0,-1.0,-1.0,-1.0,-1.0,-1.0,1.0,0.0,0.0,0.0,1.0,0.0,0.0,0.0,1.0,0.0,0.0,0.0
20260319_165846_036208,1,14,2.8738813400268555,0.3492619097232818,-0.1699999999999999,-1.7157571092041148,0.0,0.2418812667322782,-0.1231849193572998,-0.1420960338600281,0.0,0.0,0.02,0.15,0.0,carpet,12345,2458047712,0,0,1,0,0,0,0.6207181215286255,0.7153770923614502,0.1880778968334198,-0.1144591718912124,0.0806076601147651,0.1701484471559524,-0.6649513840675354,-0.0046642301604151,0.0058042635209858,0.9941957592964172,-0.028199577704072,-1.0,-1.0,-1.0,-1.0,-1.0,-1.0,-1.0,1.0,0.0,0.0,0.0,1.0,0.0,0.0,0.0,1.0,0.0,0.0,0.0
20260319_165846_036208,1,15,2.9191877841949463,0.3497187495231628,-0.1602040344167048,-1.87596114362082,0.0,0.1699899550521735,-0.0456839799880981,0.1959193116659037,0.0,0.0,0.02,0.1402040344167048,0.0,carpet,12345,2458047712,0,0,1,0,0,0,0.7498304843902588,-0.6073090434074402,0.2021810412406921,-0.5850937366485596,0.5122175216674805,0.0690832287073135,0.71700519323349,-0.0194438938051462,0.0048229633830487,0.9951770901679992,-0.1104536950588226,-1.0,-1.0,-1.0,-1.0,-1.0,-1.0,-1.0,1.0,0.0,0.0,0.0,1.0,0.0,0.0,0.0,1.0,0.0,0.0,0.0
20260319_165846_036208,1,16,2.917844295501709,0.3520863354206085,-0.1681995360321022,-2.0441606796529217,0.0,0.0683028188529988,-0.2367585897445678,0.0360092793579553,0.0,0.0,0.02,0.1481995360321022,0.0,carpet,12345,2458047712,0,0,1,0,0,0,-0.1506322026252746,0.6534085273742676,0.6743099093437195,0.0448138751089572,-0.8397819399833679,0.5008853077888489,-0.3669252693653106,0.0371894836425781,0.0044590327888727,0.995540976524353,0.0786839425563812,-1.0,-1.0,-1.0,-1.0,-1.0,-1.0,-1.0,1.0,0.0,0.0,0.0,1.0,0.0,0.0,0.0,1.0,0.0,0.0,0.0
20260319_165846_036208,1,17,2.856912612915039,0.3378755152225494,-0.1554626831610666,-2.1996233628139885,0.0,0.4064976190912119,1.4210820198059082,0.2907463367786675,0.0,0.0,0.02,0.1354626831610666,0.0,carpet,12345,2458047712,0,0,1,0,0,0,0.8855553865432739,-0.2996552288532257,0.0379102602601051,0.1629741340875625,0.6568523049354553,-0.7337188720703125,-0.4851207435131073,0.0355098731815815,0.0025729804765433,0.9974270462989808,0.0476446636021137,-1.0,-1.0,-1.0,-1.0,-1.0,-1.0,-1.0,1.0,0.0,0.0,0.0,1.0,0.0,0.0,0.0,1.0,0.0,0.0,0.0
20260319_165846_036208,1,18,2.9270408153533936,0.3455663919448852,-0.1018578524291268,-2.301481215243115,0.0,0.1126012962600242,-0.7690876722335815,1.3628429514174627,0.0,0.0,0.02,0.0818578524291268,0.0,carpet,12345,2458047712,0,0,1,0,0,0,-0.8409538269042969,0.4335731863975525,-0.038612887263298,-0.8703263998031616,0.4559461176395416,0.8280544877052307,0.5927935242652893,-0.0406547561287879,0.01389348693192,0.9861065149307252,-0.1082758381962776,-1.0,-1.0,-1.0,-1.0,-1.0,-1.0,-1.0,1.0,0.0,0.0,0.0,1.0,0.0,0.0,0.0,1.0,0.0,0.0,0.0
20260319_165846_036208,1,19,2.9738571643829346,0.3631954789161682,-0.1378501623049186,-2.439331377548034,0.0,-0.3562762020870593,-1.762908697128296,0.6429967539016275,0.0,0.0,0.02,0.1178501623049186,0.0,carpet,12345,2458047712,0,0,1,0,0,0,0.6592655181884766,0.2397169917821884,0.3937292993068695,0.0996149107813835,-0.1413134336471557,-0.3612046241760254,0.0885554254055023,0.0470054633915424,0.0077668335288763,0.992233157157898,0.0671277567744255,-1.0,-1.0,-1.0,-1.0,-1.0,-1.0,-1.0,1.0,0.0,0.0,0.0,1.0,0.0,0.0,0.0,1.0,0.0,0.0,0.0
20260319_165846_036208,1,20,2.952961206436157,0.3539803922176361,-0.1517857248466317,-2.5911171023946657,0.0,-0.0368299841019847,0.9215086698532104,0.3642855030673644,0.0,0.0,0.02,0.1317857248466317,0.0,carpet,12345,2458047712,0,0,1,0,0,0,-0.726743221282959,-0.7405999302864075,-0.1354241073131561,-0.1731485426425933,0.3319319188594818,-0.473741203546524,0.5125162601470947,0.1055259704589843,-0.0062767108902335,1.0,0.1432033032178878,-1.0,-1.0,-1.0,-1.0,-1.0,-1.0,-1.0,1.0,0.0,0.0,0.0,1.0,0.0,0.0,0.0,1.0,0.0,0.0,0.0
20260319_165846_036208,1,21,2.9486470222473145,0.3489460349082947,-0.1553734003663888,-2.7464905027610547,0.0,0.0982364446570329,0.5034357309341431,0.2925319926722238,0.0,0.0,0.02,0.1353734003663888,0.0,carpet,12345,2458047712,0,0,1,0,0,0,-0.6154547333717346,0.2662142813205719,-0.3614142835140228,0.3549830913543701,0.8545257449150085,0.1025719940662384,0.0496395975351333,0.0794059783220291,0.0010641388362273,0.998935878276825,0.1197224855422973,-1.0,-1.0,-1.0,-1.0,-1.0,-1.0,-1.0,1.0,0.0,0.0,0.0,1.0,0.0,0.0,0.0,1.0,0.0,0.0,0.0
20260319_165846_036208,1,22,2.97147274017334,0.3681230545043945,-0.1699999999999999,-2.9164905027610546,0.0,-0.4057481564097145,-1.917701959609985,-0.1815189825904894,0.0,0.0,0.02,0.15,0.0,carpet,12345,2458047712,0,0,1,0,0,0,0.3463738262653351,0.7825160026550293,0.344906210899353,0.6467424631118774,0.1990006566047668,-0.1294123083353042,0.9679458141326904,0.0740135163068771,0.0050745788030326,0.9949254393577576,0.0802506282925605,-1.0,-1.0,-1.0,-1.0,-1.0,-1.0,-1.0,1.0,0.0,0.0,0.0,1.0,0.0,0.0,0.0,1.0,0.0,0.0,0.0
20260319_165846_036208,1,23,2.968494415283203,0.357116550207138,-0.1699999999999999,-3.0864905027610545,0.0,-0.0291485098758812,1.100650429725647,-0.6171651115575827,0.0,0.0,0.02,0.15,0.0,carpet,12345,2458047712,0,0,1,0,0,0,0.4829389154911041,0.7220329642295837,0.5781750082969666,-0.2497690171003341,-0.6757075786590576,0.3433857262134552,-0.2184534221887588,0.1025455445051193,-0.0102020632475614,1.0,0.1714874804019928,-1.0,-1.0,-1.0,-1.0,-1.0,-1.0,-1.0,1.0,0.0,0.0,0.0,1.0,0.0,0.0,0.0,1.0,0.0,0.0,0.0
20260319_165846_036208,1,24,2.960207462310791,0.3562910556793213,-0.1699999999999999,-3.2564905027610545,0.0,-0.0012240192114774,0.0825494527816772,-0.7309904270290843,0.0,0.0,0.02,0.15,0.0,carpet,12345,2458047712,0,0,1,0,0,0,0.1132080033421516,-0.4793631434440613,-0.7593132853507996,-0.9607493877410888,0.0372318960726261,0.7560415267944336,0.0145693803206086,0.0988223999738693,-0.00143414712511,1.0,0.102886363863945,-1.0,-1.0,-1.0,-1.0,-1.0,-1.0,-1.0,1.0,0.0,0.0,0.0,1.0,0.0,0.0,0.0,1.0,0.0,0.0,0.0
20260319_165846_036208,1,25,2.861572027206421,0.3484430015087127,-0.1699999999999999,-3.4264905027610544,0.0,0.1952833398566014,0.784805417060852,-0.1794308850854236,0.0,0.0,0.02,0.15,0.0,carpet,12345,2458047712,0,0,1,0,0,0,-0.6660728454589844,0.8332843780517578,-0.5499101281166077,0.5862382054328918,-0.0140117900446057,-0.7980560064315796,-0.9956399202346802,0.0884639769792556,-0.0007765435730107,1.0,0.0671921744942665,-1.0,-1.0,-1.0,-1.0,-1.0,-1.0,-1.0,1.0,0.0,0.0,0.0,1.0,0.0,0.0,0.0,1.0,0.0,0.0,0.0
20260319_165846_036208,1,26,2.8240504264831543,0.3639087080955505,-0.1699999999999999,-3.5964905027610543,0.0,-0.2401801597785038,-1.5465706586837769,-0.3827810607619426,0.0,0.0,0.02,0.15,0.0,carpet,12345,2458047712,0,0,1,0,0,0,-0.9903537631034852,0.9043399095535278,-0.5987235307693481,-0.7790201902389526,0.3718540966510772,-0.8869191408157349,0.9314343929290771,-0.0348304733633995,0.005475309677422,0.9945247173309326,-0.1518721729516983,-1.0,-1.0,-1.0,-1.0,-1.0,-1.0,-1.0,1.0,0.0,0.0,0.0,1.0,0.0,0.0,0.0,1.0,0.0,0.0,0.0
20260319_165846_036208,1,27,2.858100891113281,0.3361721336841583,-0.1683869132484017,-3.764877416009456,0.0,0.5132792404509416,2.773657441139221,0.032261735031966,0.0,0.0,0.02,0.1483869132484017,0.0,carpet,12345,2458047712,0,0,1,0,0,0,-0.5599735379219055,-0.5246500372886658,0.6649010181427002,-0.4355806410312652,-0.0800544470548629,0.918785274028778,-0.3568263649940491,-0.0817325562238693,-0.0068448511883616,1.0,-0.0390584394335746,-1.0,-1.0,-1.0,-1.0,-1.0,-1.0,-1.0,1.0,0.0,0.0,0.0,1.0,0.0,0.0,0.0,1.0,0.0,0.0,0.0
20260319_165846_036208,1,28,2.8585028648376465,0.3346551656723022,-0.1269553238961859,-3.891832739905642,0.0,0.4228836306346011,0.1516968011856079,0.8608935220762817,0.0,0.0,0.02,0.1069553238961859,0.0,carpet,12345,2458047712,0,0,1,0,0,0,0.6444606184959412,0.1297030448913574,-0.6631423830986023,-0.3076664507389068,0.0388063415884971,-0.9524961113929749,0.3980151712894439,-0.0391693115234375,0.0152504174038767,0.9847496151924132,-0.0234443303197622,-1.0,-1.0,-1.0,-1.0,-1.0,-1.0,-1.0,1.0,0.0,0.0,0.0,1.0,0.0,0.0,0.0,1.0,0.0,0.0,0.0
20260319_165846_036208,1,29,2.8495686054229736,0.3325408101081848,-0.1069968177984475,-3.9988295577040898,0.0,0.3700216120788866,0.2114355564117431,1.2600636440310495,0.0,0.0,0.02,0.0869968177984475,0.0,carpet,12345,2458047712,0,0,1,0,0,0,-0.0844810828566551,0.0014348201220855,0.3962899148464203,0.9600799083709716,-0.3585978150367737,0.7187373042106628,-0.278176486492157,-0.0386669151484966,0.0164588708430528,0.9835411310195924,0.0282150618731975,-1.0,-1.0,-1.0,-1.0,-1.0,-1.0,-1.0,1.0,0.0,0.0,0.0,1.0,0.0,0.0,0.0,1.0,0.0,0.0,0.0
20260319_165846_036208,1,30,2.858850717544556,0.3343484699726105,-0.0953193812154471,-4.0941489389195365,0.0,0.2323247124485306,-0.1807659864425659,1.4936123756910575,0.0,0.0,0.02,0.0753193812154471,0.0,carpet,12345,2458047712,0,0,1,0,0,0,0.858192503452301,-0.6140916347503662,-0.8198491334915161,0.1615498065948486,0.6764203310012817,-0.4330824911594391,0.4454435110092163,-0.0498348250985145,0.0181431733071804,0.9818568229675292,-0.0387866236269474,-1.0,-1.0,-1.0,-1.0,-1.0,-1.0,-1.0,1.0,0.0,0.0,0.0,1.0,0.0,0.0,0.0,1.0,0.0,0.0,0.0
20260319_165846_036208,1,31,2.87286114692688,0.3381052315235138,-0.1010673234300871,-4.195216262349623,0.0,0.0803244955638007,-0.375676155090332,1.3786535313982569,0.0,0.0,0.02,0.0810673234300871,0.0,carpet,12345,2458047712,0,0,1,0,0,0,-0.1756823062896728,-0.6907653212547302,-0.7478465437889099,-0.7115460634231567,0.3700970709323883,0.7066709399223328,0.3049743175506592,-0.0382320396602153,0.0167031623423099,0.983296811580658,0.0158839058130979,-1.0,-1.0,-1.0,-1.0,-1.0,-1.0,-1.0,1.0,0.0,0.0,0.0,1.0,0.0,0.0,0.0,1.0,0.0,0.0,0.0
20260319_165846_036208,1,32,2.885884523391724,0.3510774374008178,-0.1022614042041493,-4.297477666553773,0.0,-0.2640617752597478,-1.2972205877304075,1.3547719159170128,0.0,0.0,0.02,0.0822614042041493,0.0,carpet,12345,2458047712,0,0,1,0,0,0,0.6483718752861023,-0.432568609714508,0.9229010939598083,0.721186637878418,-0.2221383303403854,0.7429291605949402,0.4426763951778412,-0.0207191463559865,0.0137104885652661,0.9862895011901855,0.0531139560043811,-1.0,-1.0,-1.0,-1.0,-1.0,-1.0,-1.0,1.0,0.0,0.0,0.0,1.0,0.0,0.0,0.0,1.0,0.0,0.0,0.0
20260319_165846_036208,1,33,2.891709804534912,0.3589271605014801,-0.1476398366747642,-4.445117503228537,0.0,-0.394289408961356,-0.7849723100662231,0.4472032665047152,0.0,0.0,0.02,0.1276398366747642,0.0,carpet,12345,2458047712,0,0,1,0,0,0,-0.6503387689590454,0.2206147164106369,0.3251711726188659,0.9873718023300172,0.1731359213590622,-0.1650752425193786,0.8903316855430603,-0.0044399262405931,0.0033766911365091,0.9966233372688292,0.1116590425372123,-1.0,-1.0,-1.0,-1.0,-1.0,-1.0,-1.0,1.0,0.0,0.0,0.0,1.0,0.0,0.0,0.0,1.0,0.0,0.0,0.0
20260319_165846_036208,1,34,2.885521173477173,0.3608139455318451,-0.1699999999999999,-4.615117503228537,0.0,-0.3428866824801559,-0.188678503036499,-0.3185670466100418,0.0,0.0,0.02,0.15,0.0,carpet,12345,2458047712,0,0,1,0,0,0,0.2894949316978454,0.0663623660802841,0.6850515007972717,0.9554749727249146,0.634158194065094,-0.6456552743911743,0.8759631514549255,0.0028419494628906,-0.0028764992021024,1.0,0.1768923848867416,-1.0,-1.0,-1.0,-1.0,-1.0,-1.0,-1.0,1.0,0.0,0.0,0.0,1.0,0.0,0.0,0.0,1.0,0.0,0.0,0.0
20260319_165846_036208,1,35,2.873882293701172,0.3398895263671875,-0.1699999999999999,-4.785117503228537,0.0,0.2659454672563299,2.09244191646576,-0.4226431914325985,0.0,0.0,0.02,0.15,0.0,carpet,12345,2458047712,0,0,1,0,0,0,-0.1881701350212097,-1.0,0.5664169192314148,0.3679884076118469,0.1403558850288391,-0.0373117886483669,0.2562559843063354,-0.0048938752152025,-0.0043795364908874,1.0,0.1685095280408859,-1.0,-1.0,-1.0,-1.0,-1.0,-1.0,-1.0,1.0,0.0,0.0,0.0,1.0,0.0,0.0,0.0,1.0,0.0,0.0,0.0
20260319_165846_036208,1,36,2.868870735168457,0.3314934968948364,-0.1699999999999999,-4.955117503228537,0.0,0.4093598372510314,0.8396029472351074,-0.2456080666300977,0.0,0.0,0.02,0.15,0.0,carpet,12345,2458047712,0,0,1,0,0,0,0.207997515797615,0.5648534297943115,0.7261582612991333,-0.7197380661964417,-0.2096047401428222,-0.2489860504865646,0.094034269452095,-0.0194423682987689,0.0122891040518879,0.9877108931541444,0.0838668420910835,-1.0,-1.0,-1.0,-1.0,-1.0,-1.0,-1.0,1.0,0.0,0.0,0.0,1.0,0.0,0.0,0.0,1.0,0.0,0.0,0.0
20260319_165846_036208,1,37,2.8632280826568604,0.3309153020381927,-0.1699999999999999,-5.1251175032285365,0.0,0.3214747493543513,0.0578194856643676,-0.0044578128395471,0.0,0.0,0.02,0.15,0.0,carpet,12345,2458047712,0,0,1,0,0,0,0.8274567723274231,-0.2731881141662597,0.0955906435847282,0.1327576786279678,-0.5171002149581909,-0.1774722933769226,0.0931262075901031,-0.0257068630307912,0.0189774855971336,0.9810225367546082,0.042502075433731,-1.0,-1.0,-1.0,-1.0,-1.0,-1.0,-1.0,1.0,0.0,0.0,0.0,1.0,0.0,0.0,0.0,1.0,0.0,0.0,0.0
20260319_165846_036208,1,38,2.8629064559936523,0.3289791643619537,-0.1425443266829024,-5.267661829911439,0.0,0.2895095039217494,0.1936137676239013,0.5491134663419501,0.0,0.0,0.02,0.1225443266829025,0.0,carpet,12345,2458047712,0,0,1,0,0,0,-0.8159962296485901,-0.6987804770469666,-0.3500014543533325,-0.8422515392303467,0.082544021308422,0.5706406831741333,-0.0669002756476402,-0.032760240137577,0.0194380823522806,0.980561912059784,0.0326226353645324,-1.0,-1.0,-1.0,-1.0,-1.0,-1.0,-1.0,1.0,0.0,0.0,0.0,1.0,0.0,0.0,0.0,1.0,0.0,0.0,0.0
20260319_165846_036208,1,39,2.8644912242889404,0.3327411115169525,-0.1166756837815175,-5.384337513692956,0.0,0.1230834490663426,-0.3761947154998779,1.0664863243696487,0.0,0.0,0.02,0.0966756837815175,0.0,carpet,12345,2458047712,0,0,1,0,0,0,1.0,0.9070410132408142,-0.7414841651916504,0.382184088230133,-0.4910213053226471,-0.5471141934394836,0.2547162473201751,-0.0331623069941997,0.020980441942811,0.979019582271576,0.0036377622745931,-1.0,-1.0,-1.0,-1.0,-1.0,-1.0,-1.0,1.0,0.0,0.0,0.0,1.0,0.0,0.0,0.0,1.0,0.0,0.0,0.0
20260319_165846_036208,1,40,2.858471393585205,0.3290046155452728,-0.0902451003529226,-5.474582614045879,0.0,0.185724986091742,0.3736495971679687,1.5950979929415467,0.0,0.0,0.02,0.0702451003529226,0.0,carpet,12345,2458047712,0,0,1,0,0,0,-0.0533686839044094,-0.4703481495380401,-1.0,0.1482730656862259,0.8578861355781555,0.058459099382162,-0.0285687521100044,-0.0311813354492187,0.017983604222536,0.982016384601593,0.0459147915244102,-1.0,-1.0,-1.0,-1.0,-1.0,-1.0,-1.0,1.0,0.0,0.0,0.0,1.0,0.0,0.0,0.0,1.0,0.0,0.0,0.0
20260319_165846_036208,1,41,2.8588101863861084,0.3292963802814483,-0.0969423926575179,-5.571525006703396,0.0,0.1319996211644252,-0.0291764736175537,1.461152146849642,0.0,0.0,0.02,0.0769423926575179,0.0,carpet,12345,2458047712,0,0,1,0,0,0,0.3741275370121002,0.8138919472694397,-0.5740265846252441,-0.849735677242279,-0.4040194749832153,-0.2318424135446548,-0.0461284182965755,-0.0387062057852745,0.0209601428359746,0.9790399074554444,0.0131285050883889,-1.0,-1.0,-1.0,-1.0,-1.0,-1.0,-1.0,1.0,0.0,0.0,0.0,1.0,0.0,0.0,0.0,1.0,0.0,0.0,0.0
20260319_165846_036208,1,42,2.885707378387451,0.3423651456832886,-0.1287963554787037,-5.7003213621821,0.0,-0.2277194191726863,-1.306876540184021,0.8240728904259242,0.0,0.0,0.02,0.1087963554787037,0.0,carpet,12345,2458047712,0,0,1,0,0,0,0.7762985825538635,0.1092791408300399,0.4947184026241302,-0.169221743941307,-0.0574113354086875,0.5827873349189758,0.9383623600006104,-0.0382827743887901,0.0207277331501245,0.9792723059654236,0.0057796244509518,-1.0,-1.0,-1.0,-1.0,-1.0,-1.0,-1.0,1.0,0.0,0.0,0.0,1.0,0.0,0.0,0.0,1.0,0.0,0.0,0.0
20260319_165846_036208,1,43,2.872987508773804,0.338726282119751,-0.1488609917109752,-5.849182353893076,0.0,-0.0798179752910783,0.3638863563537597,0.4227801657804946,0.0,0.0,0.02,0.1288609917109752,0.0,carpet,12345,2458047712,0,0,1,0,0,0,-0.6396992206573486,-0.5245267748832703,0.3994539678096771,-0.3783296346664428,-0.0372899696230888,-0.691361665725708,0.2052765637636184,-0.0046611786819994,0.0103169921785593,0.9896829724311828,0.1204742714762687,-1.0,-1.0,-1.0,-1.0,-1.0,-1.0,-1.0,1.0,0.0,0.0,0.0,1.0,0.0,0.0,0.0,1.0,0.0,0.0,0.0
20260319_165846_036208,1,44,2.8163833618164062,0.322546511888504,-0.1461049281914196,-5.995287282084496,0.0,0.3446307743128614,1.6179770231246948,0.4779014361716065,0.0,0.0,0.02,0.1261049281914196,0.0,carpet,12345,2458047712,0,0,1,0,0,0,-0.4441334903240204,-0.0203515458852052,0.3373041749000549,0.5751227736473083,0.6846883296966553,-0.6595723628997803,-0.5411174893379211,-0.0205612182617187,0.01321576628834,0.9867842197418212,0.100972294807434,-1.0,-1.0,-1.0,-1.0,-1.0,-1.0,-1.0,1.0,0.0,0.0,0.0,1.0,0.0,0.0,0.0,1.0,0.0,0.0,0.0
20260319_165846_036208,1,45,2.817168951034546,0.3243334293365478,-0.1415690934180592,-6.136856375502555,0.0,0.2138001445335504,-0.1786917448043823,0.5686181316388144,0.0,0.0,0.02,0.1215690934180592,0.0,carpet,12345,2458047712,0,0,1,0,0,0,0.2557682693004608,-0.3545206189155578,0.5094357132911682,0.0676741302013397,-0.4029297232627868,-0.4100245535373688,0.359799712896347,-0.0913162231445312,0.0261047668755054,0.973895251750946,-0.1125780194997787,-1.0,-1.0,-1.0,-1.0,-1.0,-1.0,-1.0,1.0,0.0,0.0,0.0,1.0,0.0,0.0,0.0,1.0,0.0,0.0,0.0
20260319_165846_036208,1,46,2.826188325881958,0.318867951631546,-0.1360059901713857,-6.272862365673941,0.0,0.2969870510252121,0.5465477705001831,0.6798801965722845,0.0,0.0,0.02,0.1160059901713857,0.0,carpet,12345,2458047712,0,0,1,0,0,0,-0.1577160060405731,0.5213133692741394,0.4745178818702698,0.4809143245220184,0.2348415553569793,0.7486966848373413,-0.1476086229085922,-0.0903343185782432,0.0246812850236892,0.975318729877472,-0.0732251033186912,-1.0,-1.0,-1.0,-1.0,-1.0,-1.0,-1.0,1.0,0.0,0.0,0.0,1.0,0.0,0.0,0.0,1.0,0.0,0.0,0.0
20260319_165846_036208,1,47,2.8184814453125,0.3255129158496856,-0.1397751620888361,-6.412637527762777,0.0,0.0566161828154179,-0.6644964218139648,0.6044967582232772,0.0,0.0,0.02,0.1197751620888361,0.0,carpet,12345,2458047712,0,0,1,0,0,0,0.5635634660720825,0.1749764531850814,0.4403442144393921,-1.0,0.7094950079917908,-0.5523830652236938,-0.4141258001327514,-0.0790599808096885,0.0290351435542106,0.9709648489952089,-0.0705600380897522,-1.0,-1.0,-1.0,-1.0,-1.0,-1.0,-1.0,1.0,0.0,0.0,0.0,1.0,0.0,0.0,0.0,1.0,0.0,0.0,0.0
20260319_165846_036208,1,48,2.7984352111816406,0.334578275680542,-0.1375977840631944,-6.550235311825971,0.0,-0.1841718586598517,-0.9065359830856324,0.6480443187361118,0.0,0.0,0.02,0.1175977840631944,0.0,carpet,12345,2458047712,0,0,1,0,0,0,-0.7039327621459961,-0.5043262839317322,-0.8751474022865295,-0.7493606209754944,-0.3786033093929291,-0.115717589855194,-0.935137927532196,-0.088693618774414,0.02374167740345,0.9762583374977112,-0.1048191860318183,-1.0,-1.0,-1.0,-1.0,-1.0,-1.0,-1.0,1.0,0.0,0.0,0.0,1.0,0.0,0.0,0.0,1.0,0.0,0.0,0.0
20260319_165846_036208,1,49,2.827887296676636,0.3189067244529724,-0.1209238909639222,-6.671159202789894,0.0,0.2536598866943649,1.567155122756958,0.9815221807215552,0.0,0.0,0.02,0.1009238909639222,0.0,carpet,12345,2458047712,0,0,1,0,0,0,-0.5418744683265686,0.3229056000709533,-0.4079813659191131,-0.2664913833141327,-0.9332159757614136,-0.3474547863006592,0.7044456005096436,-0.1137516051530838,0.0165201034396886,0.9834798574447632,-0.1880354285240173,-1.0,-1.0,-1.0,-1.0,-1.0,-1.0,-1.0,1.0,0.0,0.0,0.0,1.0,0.0,0.0,0.0,1.0,0.0,0.0,0.0
20260319_165846_036208,1,50,2.835764646530152,0.3396075367927551,-0.1545191993532552,-6.825678402143149,0.0,-0.3272753934737977,-2.0700812339782715,0.3096160129348959,0.0,0.0,0.02,0.1345191993532552,0.0,carpet,12345,2458047712,0,0,1,0,0,0,-0.8849380612373352,-0.8758077025413513,-0.4824678897857666,0.5490507483482361,-0.9943827986717224,-0.7604837417602539,0.7981792092323303,-0.0769363418221473,0.0290042553097009,0.9709957242012024,-0.006728405598551,-1.0,-1.0,-1.0,-1.0,-1.0,-1.0,-1.0,1.0,0.0,0.0,0.0,1.0,0.0,0.0,0.0,1.0,0.0,0.0,0.0
20260319_165846_036208,1,51,2.851280927658081,0.3313099443912506,-0.1671100433333198,-6.992788445476469,0.0,-0.0380167350677425,0.8297592401504517,0.0577991333336029,0.0,0.0,0.02,0.1471100433333198,0.0,carpet,12345,2458047712,0,0,1,0,0,0,-0.9211374521255492,0.7167415022850037,-0.7608837485313416,-0.0265028048306703,0.0091888923197984,0.9337212443351746,0.3412086069583893,-0.0670894607901573,0.0125137344002723,0.9874862432479858,0.0708605870604515,-1.0,-1.0,-1.0,-1.0,-1.0,-1.0,-1.0,1.0,0.0,0.0,0.0,1.0,0.0,0.0,0.0,1.0,0.0,0.0,0.0
20260319_165846_036208,1,52,2.849757432937622,0.3428971767425537,-0.1699999999999999,-7.162788445476469,0.0,-0.3181933600833844,-1.15872323513031,-0.5573812777749936,0.0,0.0,0.02,0.15,0.0,carpet,12345,2458047712,0,0,1,0,0,0,-0.0109071685001254,0.2207000404596328,-0.0234084315598011,0.0800103098154068,-0.664178192615509,-0.9527695178985596,0.8537295460700989,-0.0476943962275981,0.0191237144172191,0.980876326560974,0.0846141949295997,-1.0,-1.0,-1.0,-1.0,-1.0,-1.0,-1.0,1.0,0.0,0.0,0.0,1.0,0.0,0.0,0.0,1.0,0.0,0.0,0.0
20260319_165846_036208,1,53,2.8106815814971924,0.3125863373279571,-0.1699999999999999,-7.332788445476469,0.0,0.5191259653023792,3.031083941459656,-0.0948714952880322,0.0,0.0,0.02,0.15,0.0,carpet,12345,2458047712,0,0,1,0,0,0,0.5223470330238342,0.4438710510730743,0.731305718421936,-0.6295885443687439,0.5848727226257324,0.1001593396067619,-0.3288469314575195,-0.0495986938476562,0.0098931659013032,0.9901068210601808,0.1420018076896667,-1.0,-1.0,-1.0,-1.0,-1.0,-1.0,-1.0,1.0,0.0,0.0,0.0,1.0,0.0,0.0,0.0,1.0,0.0,0.0,0.0
20260319_165846_036208,1,54,2.8050270080566406,0.3173194229602813,-0.1519841151729747,-7.484772560649444,0.0,0.271017333168686,-0.4733085632324219,0.3603176965405055,0.0,0.0,0.02,0.1319841151729747,0.0,carpet,12345,2458047712,0,0,1,0,0,0,0.4268082082271576,-0.2624251842498779,-0.1835613697767257,0.0296113491058349,0.8132380843162537,-0.8812714219093323,0.2794187366962433,-0.0984436050057411,0.0340391471982002,0.9659608602523804,-0.0259093139320611,-1.0,-1.0,-1.0,-1.0,-1.0,-1.0,-1.0,1.0,0.0,0.0,0.0,1.0,0.0,0.0,0.0,1.0,0.0,0.0,0.0
20260319_165846_036208,1,55,2.796405792236328,0.310806393623352,-0.1463626728427063,-7.63113523349215,0.0,0.3660887332997333,0.6513029336929321,0.4727465431458739,0.0,0.0,0.02,0.1263626728427063,0.0,carpet,12345,2458047712,0,0,1,0,0,0,0.9294661283493042,-0.0096024107187986,0.9560304880142212,0.2380919158458709,0.5027095675468445,0.2537626922130584,-0.4299745261669159,-0.1055118590593338,0.0302687138319015,0.9697312712669371,-0.0252397172152996,-1.0,-1.0,-1.0,-1.0,-1.0,-1.0,-1.0,1.0,0.0,0.0,0.0,1.0,0.0,0.0,0.0,1.0,0.0,0.0,0.0
20260319_165846_036208,1,56,2.8571951389312744,0.3185558319091797,-0.1259573735275606,-7.75709260701971,0.0,0.0808305928291162,-0.7749438285827637,0.8808525294487879,0.0,0.0,0.02,0.1059573735275606,0.0,carpet,12345,2458047712,0,0,1,0,0,0,-0.7773783206939697,0.4926171898841858,0.1098281815648078,-0.2028440684080124,0.5181035995483398,-0.1254816949367523,1.0,-0.1162883788347244,0.0354570820927619,0.9645429253578186,-0.1071433499455452,-1.0,-1.0,-1.0,-1.0,-1.0,-1.0,-1.0,1.0,0.0,0.0,0.0,1.0,0.0,0.0,0.0,1.0,0.0,0.0,0.0
20260319_165846_036208,1,57,2.895162582397461,0.3406150043010711,-0.1485993550329457,-7.905691962052656,0.0,-0.4908563651754463,-2.205917239189148,0.4280128993410841,0.0,0.0,0.02,0.1285993550329457,0.0,carpet,12345,2458047712,0,0,1,0,0,0,-0.088382638990879,-0.9026196599006652,0.7370699644088745,0.9258540868759156,0.9341389536857604,0.5836814045906067,0.7457432746887207,-0.0403015129268169,0.029283782467246,0.9707162380218506,0.0930974707007408,-1.0,-1.0,-1.0,-1.0,-1.0,-1.0,-1.0,1.0,0.0,0.0,0.0,1.0,0.0,0.0,0.0,1.0,0.0,0.0,0.0
20260319_165846_036208,1,58,2.852378845214844,0.3093844652175903,-0.1120586268685049,-8.017750588921162,0.0,0.4126212032054326,3.1230539083480835,1.158827462629901,0.0,0.0,0.02,0.0920586268685049,0.0,carpet,12345,2458047712,0,0,1,0,0,0,-0.3919594287872314,-1.0,0.8249320387840271,-0.5159013271331787,-0.7601216435432434,-0.7063093185424805,-0.5884616374969482,0.007157898042351,0.0117111783474683,0.9882888197898864,0.1747583150863647,-1.0,-1.0,-1.0,-1.0,-1.0,-1.0,-1.0,1.0,0.0,0.0,0.0,1.0,0.0,0.0,0.0,1.0,0.0,0.0,0.0
20260319_165846_036208,1,59,2.825819969177246,0.3101944327354431,-0.1235540894107363,-8.141304678331899,0.0,0.2892167144577513,-0.0809967517852783,0.9289182117852732,0.0,0.0,0.02,0.1035540894107363,0.0,carpet,12345,2458047712,0,0,1,0,0,0,-0.3230966031551361,-0.3508027493953705,0.875600278377533,-0.6545726656913757,-0.2876796722412109,-0.3033467233181,0.4350737631320953,-0.0463218688964843,0.0365898050367832,0.9634101986885072,-0.0140860164538025,-1.0,-1.0,-1.0,-1.0,-1.0,-1.0,-1.0,1.0,0.0,0.0,0.0,1.0,0.0,0.0,0.0,1.0,0.0,0.0,0.0
20260319_165846_036208,1,60,2.8337864875793457,0.3146447539329529,-0.1318222307738918,-8.273126909105791,0.0,0.1056545059055764,-0.4450321197509765,0.7635553845221636,0.0,0.0,0.02,0.1118222307738918,0.0,carpet,12345,2458047712,0,0,1,0,0,0,-0.1936961859464645,-0.4287184774875641,-0.1058437079191207,-0.1274855285882949,0.4971880614757538,-0.5129346251487732,0.5711193680763245,-0.0795204192399978,0.0359445698559284,0.9640554189682008,0.0013118954375386,-1.0,-1.0,-1.0,-1.0,-1.0,-1.0,-1.0,1.0,0.0,0.0,0.0,1.0,0.0,0.0,0.0,1.0,0.0,0.0,0.0
20260319_165846_036208,1,61,2.826167821884156,0.3097841739654541,-0.140088898508046,-8.413215807613836,0.0,0.2007553786166482,0.4860579967498779,0.5982220298390786,0.0,0.0,0.02,0.120088898508046,0.0,carpet,12345,2458047712,0,0,1,0,0,0,-0.9325737357139589,-0.3865906596183777,-0.6901373863220215,-0.2997309267520904,-1.0,-1.0,0.2139434814453125,-0.0695621520280838,0.0323993898928165,0.967600643634796,0.0564581975340843,-1.0,-1.0,-1.0,-1.0,-1.0,-1.0,-1.0,1.0,0.0,0.0,0.0,1.0,0.0,0.0,0.0,1.0,0.0,0.0,0.0
20260319_165846_036208,1,62,2.765592575073242,0.3090655207633972,-0.1357037849488062,-8.548919592562642,0.0,0.1685328640139118,0.0718653202056884,0.6859243010238742,0.0,0.0,0.02,0.1157037849488062,0.0,carpet,12345,2458047712,0,0,1,0,0,0,-0.9309951663017272,0.3749278485774994,0.2714994549751282,0.4357703626155853,-0.8358252644538879,-0.13081856071949,-0.654974102973938,-0.0790855437517166,0.036271397024393,0.9637286067008972,0.0362618416547775,-1.0,-1.0,-1.0,-1.0,-1.0,-1.0,-1.0,1.0,0.0,0.0,0.0,1.0,0.0,0.0,0.0,1.0,0.0,0.0,0.0
20260319_165846_036208,1,63,2.759720802307129,0.3090932071208954,-0.104875592236385,-8.653795184799026,0.0,0.1257074890729796,-0.0027686357498168,1.3024881552723002,0.0,0.0,0.02,0.084875592236385,0.0,carpet,12345,2458047712,0,0,1,0,0,0,-0.2537990212440491,-0.3285519182682037,0.6080214381217957,0.1323712766170501,0.3059201538562774,-0.2750523388385772,-0.2369174808263778,-0.1548046171665191,0.0368438847362995,0.9631561636924744,-0.1448940932750702,-1.0,-1.0,-1.0,-1.0,-1.0,-1.0,-1.0,1.0,0.0,0.0,0.0,1.0,0.0,0.0,0.0,1.0,0.0,0.0,0.0
20260319_165846_036208,1,64,2.762197256088257,0.3119381666183471,-0.1243488209282351,-8.778144005727262,0.0,0.0231566293684295,-0.2844959497451782,0.9130235814352972,0.0,0.0,0.02,0.1043488209282351,0.0,carpet,12345,2458047712,0,0,1,0,0,0,-0.9874152541160583,-0.3069103956222534,-0.7128302454948425,0.3744164705276489,-0.6843152046203613,0.3083763122558594,-0.4530512988567352,-0.1621444672346115,0.0368218198418617,0.9631781578063964,-0.1490668356418609,-1.0,-1.0,-1.0,-1.0,-1.0,-1.0,-1.0,1.0,0.0,0.0,0.0,1.0,0.0,0.0,0.0,1.0,0.0,0.0,0.0
20260319_165846_036208,1,65,2.8045425415039062,0.3131905794143677,-0.1395067990448315,-8.917650804772093,0.0,-0.0139428478741763,-0.1252412796020507,0.6098640191033695,0.0,0.0,0.02,0.1195067990448315,0.0,carpet,12345,2458047712,0,0,1,0,0,0,0.069297932088375,-0.3087032437324524,-0.4732621312141418,-0.3451430201530456,-0.9849872589111328,0.7029339075088501,0.5258115530014038,-0.1590488404035568,0.0345554910600185,0.9654445052146912,-0.1569892615079879,-1.0,-1.0,-1.0,-1.0,-1.0,-1.0,-1.0,1.0,0.0,0.0,0.0,1.0,0.0,0.0,0.0,1.0,0.0,0.0,0.0
20260319_165846_036208,1,66,2.7755846977233887,0.2983191311359405,-0.1267230707873591,-9.044373875559453,0.0,0.3613290710550245,1.4871448278427124,0.8655385842528176,0.0,0.0,0.02,0.1067230707873591,0.0,carpet,12345,2458047712,0,0,1,0,0,0,0.8693027496337891,-0.6596828699111938,-0.5533686280250549,-0.3610175251960754,0.4965115189552307,-0.7113907337188721,-0.6749727725982666,-0.1061172485351562,0.0335578098893165,0.9664422273635864,0.017719754949212,-1.0,-1.0,-1.0,-1.0,-1.0,-1.0,-1.0,1.0,0.0,0.0,0.0,1.0,0.0,0.0,0.0,1.0,0.0,0.0,0.0
20260319_165846_036208,1,67,2.777583122253418,0.2953501045703888,-0.1194997163466869,-9.163873591906135,0.0,0.3452224674300908,0.2969026565551758,1.01000567306626,0.0,0.0,0.02,0.0994997163466869,0.0,carpet,12345,2458047712,0,0,1,0,0,0,-0.2870354652404785,0.4040542542934418,-0.7831321358680725,-0.662850558757782,-0.4882551431655884,0.2884885370731354,-0.0084471721202135,-0.1423145234584808,0.0454045832157135,0.954595386981964,-0.1046686172485351,-1.0,-1.0,-1.0,-1.0,-1.0,-1.0,-1.0,1.0,0.0,0.0,0.0,1.0,0.0,0.0,0.0,1.0,0.0,0.0,0.0
20260319_165846_036208,1,68,2.7669475078582764,0.3127668797969818,-0.1367514860519965,-9.300625077958134,0.0,-0.1765025300922786,-1.7416775226593018,0.6649702789600695,0.0,0.0,0.02,0.1167514860519965,0.0,carpet,12345,2458047712,0,0,1,0,0,0,0.8591927289962769,0.2214430123567581,0.8151779174804688,-0.7360718250274658,0.7653615474700928,0.5980137586593628,-0.968662977218628,-0.1398166716098785,0.0477697364985942,0.9522302746772766,-0.0836998596787452,-1.0,-1.0,-1.0,-1.0,-1.0,-1.0,-1.0,1.0,0.0,0.0,0.0,1.0,0.0,0.0,0.0,1.0,0.0,0.0,0.0
20260319_165846_036208,1,69,2.776802062988281,0.293856531381607,-0.1260177698648871,-9.426642847823022,0.0,0.340381812815167,1.891034841537476,0.8796446027022569,0.0,0.0,0.02,0.1060177698648871,0.0,carpet,12345,2458047712,0,0,1,0,0,0,0.8658198714256287,-0.7698004245758057,0.4116477370262146,0.2824089229106903,-0.0083994911983609,-0.933801293373108,0.554309070110321,-0.1531108915805816,0.0338953323662281,0.9661046862602234,-0.1471566259860992,-1.0,-1.0,-1.0,-1.0,-1.0,-1.0,-1.0,1.0,0.0,0.0,0.0,1.0,0.0,0.0,0.0,1.0,0.0,0.0,0.0
20260319_165846_036208,1,70,2.787332534790039,0.2992824018001556,-0.1211936213759256,-9.547836469198948,0.0,0.1196395991476606,-0.5425870418548584,0.976127572481488,0.0,0.0,0.02,0.1011936213759256,0.0,carpet,12345,2458047712,0,0,1,0,0,0,-0.6668029427528381,0.1767419576644897,0.2205910980701446,0.6901165843009949,-0.4130050837993622,0.1915132850408554,0.607464611530304,-0.1407928466796875,0.0489595457911491,0.9510404467582704,-0.0260495003312826,-1.0,-1.0,-1.0,-1.0,-1.0,-1.0,-1.0,1.0,0.0,0.0,0.0,1.0,0.0,0.0,0.0,1.0,0.0,0.0,0.0
20260319_165846_036208,1,71,2.809864997863769,0.3061182498931885,-0.1245548041304705,-9.672391273329415,0.0,-0.0811665029650754,-0.6835848093032837,0.9089039173905888,0.0,0.0,0.02,0.1045548041304705,0.0,carpet,12345,2458047712,0,0,1,0,0,0,-0.9678685069084167,0.3219667971134186,0.0367829054594039,-0.3071018755435943,-0.0727972462773323,-0.2054716050624847,0.8090197443962097,-0.1276298463344574,0.0446372292935848,0.9553627371788024,0.0174984112381935,-1.0,-1.0,-1.0,-1.0,-1.0,-1.0,-1.0,1.0,0.0,0.0,0.0,1.0,0.0,0.0,0.0,1.0,0.0,0.0,0.0
20260319_165846_036208,1,72,2.790061712265014,0.2924346029758453,-0.1285604428977333,-9.80095171622715,0.0,0.2812162957097683,1.368364691734314,0.8287911420453327,0.0,0.0,0.02,0.1085604428977333,0.0,carpet,12345,2458047712,0,0,1,0,0,0,-0.2338375151157379,-0.7060954570770264,-0.429219514131546,0.5234366059303284,-0.4164381921291351,-0.3745594918727875,-0.1174805164337158,-0.0994640365242958,0.0391917154192924,0.960808277130127,0.076837383210659,-1.0,-1.0,-1.0,-1.0,-1.0,-1.0,-1.0,1.0,0.0,0.0,0.0,1.0,0.0,0.0,0.0,1.0,0.0,0.0,0.0
20260319_165846_036208,1,73,2.773991346359253,0.2923875749111175,-0.1352171700992113,-9.936168886326362,0.0,0.2120879234005315,0.0047028064727783,0.6956565980157734,0.0,0.0,0.02,0.1152171700992113,0.0,carpet,12345,2458047712,0,0,1,0,0,0,-0.533786416053772,0.9664192199707032,0.7180912494659424,-0.4008780121803283,-0.2871523201465606,0.5231440663337708,-0.4585347175598144,-0.1242183670401573,0.0500922724604606,0.9499077200889589,-0.0157764889299869,-1.0,-1.0,-1.0,-1.0,-1.0,-1.0,-1.0,1.0,0.0,0.0,0.0,1.0,0.0,0.0,0.0,1.0,0.0,0.0,0.0
20260319_165846_036208,1,74,2.825228691101074,0.3159465193748474,-0.1478874270467405,-10.084056313373102,0.0,-0.429907669042862,-2.355894446372986,0.44225145906519,0.0,0.0,0.02,0.1278874270467405,0.0,carpet,12345,2458047712,0,0,1,0,0,0,-1.0,0.4037531316280365,0.1627953201532364,-0.6641570329666138,-0.8426226377487183,0.5796087980270386,0.9910036325454712,-0.1443061828613281,0.0501297265291214,0.949870228767395,-0.1122822165489196,-1.0,-1.0,-1.0,-1.0,-1.0,-1.0,-1.0,1.0,0.0,0.0,0.0,1.0,0.0,0.0,0.0,1.0,0.0,0.0,0.0
20260319_165846_036208,1,75,2.830238580703736,0.3294981718063354,-0.1699999999999999,-10.254056313373102,0.0,-0.6612220625693368,-1.3551652431488037,-0.5593524163193138,0.0,0.0,0.02,0.15,0.0,carpet,12345,2458047712,0,0,1,0,0,0,0.1308695673942566,-0.3442413806915283,0.5127033591270447,0.0746203660964965,0.3561795651912689,-0.9329003095626832,0.9609119296073914,-0.0802597030997276,0.0313623882830143,0.9686375856399536,0.1041043922305107,-1.0,-1.0,-1.0,-1.0,-1.0,-1.0,-1.0,1.0,0.0,0.0,0.0,1.0,0.0,0.0,0.0,1.0,0.0,0.0,0.0
20260319_165846_036208,1,76,2.8296289443969727,0.2987149953842163,-0.1699999999999999,-10.424056313373102,0.0,0.2736628636259723,3.078317642211914,-0.405329151841002,0.0,0.0,0.02,0.15,0.0,carpet,12345,2458047712,0,0,1,0,0,0,-0.6540361642837524,0.963367223739624,1.0,0.9624451994895936,-0.103101298213005,0.7420608997344971,0.3114869296550751,-0.0739971175789833,0.0205669775605201,0.979433000087738,0.1668788343667984,-1.0,-1.0,-1.0,-1.0,-1.0,-1.0,-1.0,1.0,0.0,0.0,0.0,1.0,0.0,0.0,0.0,1.0,0.0,0.0,0.0
20260319_165846_036208,1,77,2.785292387008667,0.2911522388458252,-0.1664923293848336,-10.590548642757936,0.0,0.3943160611792535,0.7562756538391113,0.0701534123033269,0.0,0.0,0.02,0.1464923293848336,0.0,carpet,12345,2458047712,0,0,1,0,0,0,-0.3737799823284149,-0.0400538071990013,0.8795463442802429,-0.1174525544047355,0.2722264230251312,-0.7931803464889526,-0.657153308391571,-0.0747592896223068,0.0450892262160778,0.9549107551574708,0.0823064967989921,-1.0,-1.0,-1.0,-1.0,-1.0,-1.0,-1.0,1.0,0.0,0.0,0.0,1.0,0.0,0.0,0.0,1.0,0.0,0.0,0.0
20260319_165846_036208,1,78,2.741711378097534,0.3155927658081054,-0.1699999999999999,-10.760548642757936,0.0,-0.315276128172556,-2.444052696228028,-0.5263390115789974,0.0,0.0,0.02,0.15,0.0,carpet,12345,2458047712,0,0,1,0,0,0,0.4700651168823242,0.5745456218719482,-0.449383795261383,0.7947790622711182,0.2031830251216888,-0.84740149974823,-0.594157874584198,-0.1301799714565277,0.0511138215661048,0.9488861560821532,-0.131168395280838,-1.0,-1.0,-1.0,-1.0,-1.0,-1.0,-1.0,1.0,0.0,0.0,0.0,1.0,0.0,0.0,0.0,1.0,0.0,0.0,0.0
20260319_165846_036208,1,79,2.738198757171631,0.3175641000270843,-0.1699999999999999,-10.930548642757936,0.0,-0.2857404516038997,-0.1971334218978881,-1.0241673865834289,0.0,0.0,0.02,0.15,0.0,carpet,12345,2458047712,0,0,1,0,0,0,-0.1078924089670181,0.9962952136993408,0.7962471842765808,-0.5326690077781677,-0.3228376805782318,-0.8819267749786377,-0.605552077293396,-0.1846561431884765,0.031644195318222,0.9683558344841005,-0.2275933027267456,-1.0,-1.0,-1.0,-1.0,-1.0,-1.0,-1.0,1.0,0.0,0.0,0.0,1.0,0.0,0.0,0.0,1.0,0.0,0.0,0.0
20260319_165846_036208,1,80,2.742408275604248,0.3143567740917206,-0.1699999999999999,-11.100548642757936,0.0,-0.1341221903188341,0.3207325935363769,-0.7283819078594007,0.0,0.0,0.02,0.15,0.0,carpet,12345,2458047712,0,0,1,0,0,0,0.6273158192634583,-0.4540115594863891,-1.0,0.9226338863372804,-0.1967858374118805,0.0907718241214752,-0.3009158968925476,-0.1890468597412109,0.0300738029181957,0.9699261784553528,-0.2359344661235809,-1.0,-1.0,-1.0,-1.0,-1.0,-1.0,-1.0,1.0,0.0,0.0,0.0,1.0,0.0,0.0,0.0,1.0,0.0,0.0,0.0
20260319_165846_036208,1,81,2.7665278911590576,0.3008115887641907,-0.1614560927420467,-11.262004735499982,0.0,0.2380379904491292,1.3545185327529907,0.1708781451590653,0.0,0.0,0.02,0.1414560927420467,0.0,carpet,12345,2458047712,0,0,1,0,0,0,-0.0074241436086595,0.4166215062141418,-0.9542998671531676,-0.6148588061332703,-0.0825012698769569,-0.9737256169319152,0.2077298313379287,-0.1837852448225021,0.032628808170557,0.9673711657524108,-0.2245255410671234,-1.0,-1.0,-1.0,-1.0,-1.0,-1.0,-1.0,1.0,0.0,0.0,0.0,1.0,0.0,0.0,0.0,1.0,0.0,0.0,0.0
20260319_165846_036208,1,82,2.763878107070923,0.3003300428390503,-0.1656108788750775,-11.42761561437506,0.0,0.1905671409653564,0.048154592514038,0.0877824224984493,0.0,0.0,0.02,0.1456108788750775,0.0,carpet,12345,2458047712,0,0,1,0,0,0,1.0,-0.4472063183784485,0.036720298230648,0.2750269472599029,-0.1277823746204376,-0.5441812872886658,-0.1844933331012725,-0.1536354124546051,0.0434190519154071,0.956580936908722,-0.1219465509057045,-1.0,-1.0,-1.0,-1.0,-1.0,-1.0,-1.0,1.0,0.0,0.0,0.0,1.0,0.0,0.0,0.0,1.0,0.0,0.0,0.0
20260319_165846_036208,1,83,2.764718770980835,0.2931990325450897,-0.1694725192235885,-11.597088133598648,0.0,0.3212006130730458,0.7131010293960571,0.0146669743922416,0.0,0.0041173588640126,0.02,0.1492666512803879,0.0,carpet,12345,2458047712,0,0,1,0,0,0,0.3072928488254547,0.5770969390869141,0.3830214142799377,0.3581632971763611,0.7579036951065063,0.8902336955070496,-0.3735502958297729,-0.1569477021694183,0.043802659958601,0.9561973214149476,-0.1380300819873809,-1.0,-1.0,-1.0,-1.0,-1.0,-1.0,-1.0,1.0,0.0,0.0,0.0,1.0,0.0,0.0,0.0,1.0,0.0,0.0,0.0
20260319_165846_036208,1,84,2.7838070392608643,0.2841441929340362,-0.1301392723677051,-11.727227405966351,0.0,0.4672714500810997,0.9054839611053468,0.7972145526458974,0.0,0.0,0.02,0.1101392723677051,0.0,carpet,12345,2458047712,0,0,1,0,0,0,0.0273567661643028,-0.6289671063423157,0.4285548031330108,-0.746907114982605,-1.0,-0.8953772783279419,0.041208941489458,-0.1558971405029297,0.0494833178818225,0.950516641139984,-0.1770694553852081,-1.0,-1.0,-1.0,-1.0,-1.0,-1.0,-1.0,1.0,0.0,0.0,0.0,1.0,0.0,0.0,0.0,1.0,0.0,0.0,0.0
20260319_165846_036208,1,85,2.8487982749938965,0.2926047146320343,-0.1089052225319659,-11.83613262849832,0.0,0.1389405451108842,-0.8460521697998047,1.2218955493606811,0.0,0.0,0.02,0.0889052225319659,0.0,carpet,12345,2458047712,0,0,1,0,0,0,0.404492050409317,-0.7902853488922119,0.7931737899780273,0.4227088987827301,0.2564907968044281,0.4677985608577728,0.8099674582481384,-0.1320365965366363,0.0566965080797672,0.9433035254478456,-0.0977044031023979,-1.0,-1.0,-1.0,-1.0,-1.0,-1.0,-1.0,1.0,0.0,0.0,0.0,1.0,0.0,0.0,0.0,1.0,0.0,0.0,0.0
20260319_165846_036208,1,86,2.875667095184326,0.296097069978714,-0.1013542867577162,-11.937486915256036,0.0,0.0168965251661603,-0.3492355346679687,1.3729142648456758,0.0,0.0,0.02,0.0813542867577162,0.0,carpet,12345,2458047712,0,0,1,0,0,0,0.8307373523712158,0.1127643138170242,-0.0265953484922647,0.3527807295322418,-0.9403236508369446,0.8623368144035339,-0.3354355096817016,-0.0507976524531841,0.0499567538499832,0.9500432014465332,0.066113993525505,-1.0,-1.0,-1.0,-1.0,-1.0,-1.0,-1.0,1.0,0.0,0.0,0.0,1.0,0.0,0.0,0.0,1.0,0.0,0.0,0.0
20260319_165846_036208,1,87,2.8797171115875244,0.2908231616020202,-0.1060301811155736,-12.043517096371607,0.0,0.1445201032919811,0.5273908376693726,1.2793963776885278,0.0,0.0,0.02,0.0860301811155736,0.0,carpet,12345,2458047712,0,0,1,0,0,0,-1.0,-0.2356268018484115,-0.6563965678215027,0.347569853067398,0.9350815415382384,-0.7393798828125,0.6863589882850647,-0.0172115322202444,0.0471747033298015,0.9528253078460692,0.0197303127497434,-1.0,-1.0,-1.0,-1.0,-1.0,-1.0,-1.0,1.0,0.0,0.0,0.0,1.0,0.0,0.0,0.0,1.0,0.0,0.0,0.0
20260319_165846_036208,1,88,2.910123109817505,0.3124702274799347,-0.137197866637786,-12.180714963009397,0.0,-0.4327865694788926,-2.164706587791443,0.6560426672442787,0.0,0.0,0.02,0.117197866637786,0.0,carpet,12345,2458047712,0,0,1,0,0,0,-0.3577714264392853,0.5960728526115417,0.1072770431637764,-0.7900649309158325,0.1295312345027923,0.3557262420654297,1.0,-0.012149048037827,0.0513759665191173,0.9486240148544312,0.0835514888167381,-1.0,-1.0,-1.0,-1.0,-1.0,-1.0,-1.0,1.0,0.0,0.0,0.0,1.0,0.0,0.0,0.0,1.0,0.0,0.0,0.0
20260319_165846_036208,1,89,2.9067318439483643,0.3026700019836426,-0.1572371117765311,-12.337952074785926,0.0,-0.0795842897018559,0.9800225496292114,0.255257764469377,0.0,0.0,0.02,0.1372371117765311,0.0,carpet,12345,2458047712,0,0,1,0,0,0,-0.2857202291488647,-0.8517244458198547,-0.2148777097463607,-0.1903634965419769,-0.4252233505249023,0.6684598326683044,-0.6686262488365173,0.0258583072572946,0.0341316498816013,0.965868353843689,0.1930847018957138,-1.0,-1.0,-1.0,-1.0,-1.0,-1.0,-1.0,1.0,0.0,0.0,0.0,1.0,0.0,0.0,0.0,1.0,0.0,0.0,0.0
20260319_165846_036208,1,90,2.8866612911224365,0.2944994866847992,-0.1699999999999999,-12.507952074785926,0.0,0.1445746651946819,0.8170515298843384,-0.0674390204170407,0.0,0.0,0.02,0.15,0.0,carpet,12345,2458047712,0,0,1,0,0,0,-0.3310464322566986,-0.0690505877137184,-0.6447791457176208,-0.9709509015083312,0.1688039749860763,-0.6286128163337708,-0.498721033334732,0.021619414910674,0.0419386252760887,0.9580613374710084,0.0745027586817741,-1.0,-1.0,-1.0,-1.0,-1.0,-1.0,-1.0,1.0,0.0,0.0,0.0,1.0,0.0,0.0,0.0,1.0,0.0,0.0,0.0
20260319_165846_036208,1,91,2.9086990356445312,0.3024341464042663,-0.1699999999999999,-12.677952074785926,0.0,-0.0899354940906533,-0.7934659719467163,-0.2963150596185784,0.0,0.0,0.02,0.15,0.0,carpet,12345,2458047712,0,0,1,0,0,0,0.9665979743003844,-0.4246985018253326,0.1316657811403274,0.8216104507446289,0.0355020686984062,0.4766492545604706,0.8861781358718872,-0.0034687041770666,0.0484473519027233,0.95155268907547,0.0079381586983799,-1.0,-1.0,-1.0,-1.0,-1.0,-1.0,-1.0,1.0,0.0,0.0,0.0,1.0,0.0,0.0,0.0,1.0,0.0,0.0,0.0
20260319_165846_036208,1,92,2.921311378479004,0.3182633519172668,-0.1699999999999999,-12.847952074785926,0.0,-0.46318175839302,-1.5829205513000488,-0.7763933431777588,0.0,0.0,0.02,0.15,0.0,carpet,12345,2458047712,0,0,1,0,0,0,-0.3873401284217834,-0.3929776549339294,-0.8440271615982056,-0.6594756245613098,-0.0021602420601993,0.5830541849136353,0.6425936222076416,0.024078369140625,0.0421265140175819,0.957873523235321,0.1596545279026031,-1.0,-1.0,-1.0,-1.0,-1.0,-1.0,-1.0,1.0,0.0,0.0,0.0,1.0,0.0,0.0,0.0,1.0,0.0,0.0,0.0
20260319_165846_036208,1,93,2.8877248764038086,0.2851295173168182,-0.1699999999999999,-13.017952074785926,0.0,0.4809595462164679,3.313383460044861,-0.4399539002532719,0.0,0.0,0.02,0.15,0.0,carpet,12345,2458047712,0,0,1,0,0,0,-0.1298000067472458,-0.5510604381561279,-0.9402310848236084,-0.2221183478832245,-0.8518788814544678,-0.9356959462165833,-0.6636650562286377,0.0398437492549419,0.0295167695730924,0.9704832434654236,0.2142485827207565,-1.0,-1.0,-1.0,-1.0,-1.0,-1.0,-1.0,1.0,0.0,0.0,0.0,1.0,0.0,0.0,0.0,1.0,0.0,0.0,0.0
20260319_165846_036208,1,94,2.8379504680633545,0.2875263690948486,-0.1553184482781394,-13.173270523064064,0.0,0.3007983652115911,-0.2396851778030395,0.2936310344372117,0.0,0.0,0.02,0.1353184482781394,0.0,carpet,12345,2458047712,0,0,1,0,0,0,-0.721812903881073,-0.5889771580696106,0.1077490746974945,-0.8464944958686829,0.7326065897941589,-0.789687991142273,-0.9091060161590576,-0.0021392821799963,0.0559115931391716,0.9440884590148926,0.0453724302351474,-1.0,-1.0,-1.0,-1.0,-1.0,-1.0,-1.0,1.0,0.0,0.0,0.0,1.0,0.0,0.0,0.0,1.0,0.0,0.0,0.0
20260319_165846_036208,1,95,2.8312902450561523,0.2805653810501098,-0.1313580600416895,-13.304628583105757,0.0,0.3996234750271412,0.696098804473877,0.7728387991662089,0.0,0.0,0.02,0.1113580600416895,0.0,carpet,12345,2458047712,0,0,1,0,0,0,0.3113081753253937,0.5712367296218872,0.6002214550971985,0.2691737711429596,-1.0,-1.0,0.4791263043880462,-0.0643573775887489,0.0540022328495979,0.9459977746009828,-0.1113316044211387,-1.0,-1.0,-1.0,-1.0,-1.0,-1.0,-1.0,1.0,0.0,0.0,0.0,1.0,0.0,0.0,0.0,1.0,0.0,0.0,0.0
20260319_165846_036208,1,96,2.8201117515563965,0.284319669008255,-0.1282937729355862,-13.432922356041342,0.0,0.2058604073167487,-0.3754287958145141,0.8341245412882756,0.0,0.0,0.02,0.1082937729355862,0.0,carpet,12345,2458047712,0,0,1,0,0,0,0.0443565286695957,-0.7863812446594238,-0.7285165786743164,0.761202871799469,-0.4192865788936615,0.4590513408184051,-0.6168432235717773,-0.072682574391365,0.0595474354922771,0.940452516078949,-0.0259647872298955,-1.0,-1.0,-1.0,-1.0,-1.0,-1.0,-1.0,1.0,0.0,0.0,0.0,1.0,0.0,0.0,0.0,1.0,0.0,0.0,0.0
20260319_165846_036208,1,97,2.834883213043213,0.2838693857192993,-0.1155143788454812,-13.548436734886822,0.0,0.1656523877114466,0.0450283288955688,1.0897124230903756,0.0,0.0,0.02,0.0955143788454812,0.0,carpet,12345,2458047712,0,0,1,0,0,0,-0.3934006690979004,0.3235999345779419,0.2002959698438644,-0.1518265306949615,-0.6992810368537903,0.7892227172851562,-0.1506139636039734,-0.0866558104753494,0.0565567202866077,0.9434432983398438,-0.1057460233569145,-1.0,-1.0,-1.0,-1.0,-1.0,-1.0,-1.0,1.0,0.0,0.0,0.0,1.0,0.0,0.0,0.0,1.0,0.0,0.0,0.0
20260319_165846_036208,1,98,2.922205209732056,0.3208985030651092,-0.1324297230689137,-13.680866457955736,0.0,-0.8014886428616705,-3.7029117345809937,0.7514055386217251,0.0,0.0,0.02,0.1124297230689137,0.0,carpet,12345,2458047712,0,0,1,0,0,0,-0.2541089355945587,-0.2764137089252472,-0.2920267283916473,0.926773965358734,-0.3026242256164551,0.7132306098937988,0.9085302352905272,-0.0681915283203125,0.0569154247641563,0.9430845975875854,-0.0745594203472137,-1.0,-1.0,-1.0,-1.0,-1.0,-1.0,-1.0,1.0,0.0,0.0,0.0,1.0,0.0,0.0,0.0,1.0,0.0,0.0,0.0
20260319_165846_036208,1,99,2.8896360397338867,0.2715861201286316,-0.124893045816452,-13.805759503772189,0.0,0.6316930912657028,4.931238293647766,0.90213908367096,0.0,0.0,0.02,0.104893045816452,0.0,carpet,12345,2458047712,0,0,1,0,0,0,-0.6258870363235474,-0.8468590974807739,-0.5283851623535156,0.0756799504160881,0.367268294095993,-0.3877220451831817,-0.7093982696533203,0.0409610755741596,0.0274175722151994,0.9725823998451232,0.1744322925806045,-1.0,-1.0,-1.0,-1.0,-1.0,-1.0,-1.0,1.0,0.0,0.0,0.0,1.0,0.0,0.0,0.0,1.0,0.0,0.0,0.0
20260319_165846_036208,1,100,2.8819899559021,0.2834641933441162,-0.1310920646739238,-13.93685156844611,0.0,0.1768179880621545,-1.187807321548462,0.7781587065215234,0.0,0.0,0.02,0.1110920646739238,0.0,carpet,12345,2458047712,0,0,1,0,0,0,-0.1053744181990623,-0.8948677182197571,-0.4343024790287018,0.3631920516490936,-0.1946436911821365,1.0,-0.508033275604248,0.0002494812069926,0.0667004212737083,0.9332996010780334,-0.0362996608018875,-1.0,-1.0,-1.0,-1.0,-1.0,-1.0,-1.0,1.0,0.0,0.0,0.0,1.0,0.0,0.0,0.0,1.0,0.0,0.0,0.0
20260319_165846_036208,1,101,2.887895107269287,0.2876151800155639,-0.1496312972122599,-14.08648286565837,0.0,0.0288388242604185,-0.4150986671447754,0.4073740557548007,0.0,0.0,0.02,0.1296312972122599,0.0,carpet,12345,2458047712,0,0,1,0,0,0,0.0969935357570648,0.6537962555885315,-0.8495223522186279,0.4410473704338074,-0.5923303365707397,1.0,-0.5202530026435852,-0.009307861328125,0.0572381950914859,0.942761778831482,-0.0872463136911392,-1.0,-1.0,-1.0,-1.0,-1.0,-1.0,-1.0,1.0,0.0,0.0,0.0,1.0,0.0,0.0,0.0,1.0,0.0,0.0,0.0
20260319_165846_036208,1,102,2.951866865158081,0.2976131439208984,-0.1699999999999999,-14.25648286565837,0.0,-0.2283199794380408,-0.9997963905334472,-0.0268063309999888,0.0,0.0,0.02,0.15,0.0,carpet,12345,2458047712,0,0,1,0,0,0,0.6996746063232422,-0.7482500076293945,-0.190894603729248,0.6703101992607117,0.3744208216667175,0.9151288270950316,0.6978241801261902,-0.0019264221191406,0.0539314746856689,0.946068525314331,-0.0735616758465766,-1.0,-1.0,-1.0,-1.0,-1.0,-1.0,-1.0,1.0,0.0,0.0,0.0,1.0,0.0,0.0,0.0,1.0,0.0,0.0,0.0
20260319_165846_036208,1,103,2.997365951538086,0.3325898647308349,-0.1699999999999999,-14.42648286565837,0.0,-1.0456580048269473,-3.4976720809936523,-1.2381167235383828,0.0,0.0,0.02,0.15,0.0,carpet,12345,2458047712,0,0,1,0,0,0,-0.0057863709516823,-0.9826031923294068,-0.614724338054657,0.5888664722442627,-0.9156239628791808,0.8920051455497742,0.1931746006011963,0.0780380219221115,0.0459669791162014,0.9540330171585084,0.1096709445118904,-1.0,-1.0,-1.0,-1.0,-1.0,-1.0,-1.0,1.0,0.0,0.0,0.0,1.0,0.0,0.0,0.0,1.0,0.0,0.0,0.0
20260319_165846_036208,1,104,2.9912185668945312,0.3279959857463836,-0.1699999999999999,-14.59648286565837,0.0,-0.6693965290089352,0.4593878984451294,-1.1060246096856474,0.0,0.0,0.02,0.15,0.0,carpet,12345,2458047712,0,0,1,0,0,0,-0.9028141498565674,1.0,0.1685667186975479,-0.4986572861671448,-0.2897123396396637,0.5320524573326111,-0.6222029328346252,0.1349121034145355,0.0181040950119495,0.981895923614502,0.2220151126384735,-1.0,-1.0,-1.0,-1.0,-1.0,-1.0,-1.0,1.0,0.0,0.0,0.0,1.0,0.0,0.0,0.0,1.0,0.0,0.0,0.0
20260319_165846_036208,1,105,2.996028184890747,0.315729945898056,-0.1699999999999999,-14.76648286565837,0.0,-0.1953964005485033,1.2266039848327637,-1.9331141014998536,0.0,0.0,0.02,0.15,0.0,carpet,12345,2458047712,0,0,1,0,0,0,0.0658357590436935,-0.4203929305076599,0.2284046411514282,-0.5439093112945557,0.2756645083427429,0.2411427050828933,0.2308910489082336,0.127227783203125,0.0217636413872241,0.9782363772392272,0.1088894009590148,-1.0,-1.0,-1.0,-1.0,-1.0,-1.0,-1.0,1.0,0.0,0.0,0.0,1.0,0.0,0.0,0.0,1.0,0.0,0.0,0.0
20260319_165846_036208,1,106,2.993849515914917,0.3067790567874908,-0.1699999999999999,-14.93648286565837,0.0,0.0772249273527592,0.8950889110565186,-2.032707162209249,0.0,0.0,0.02,0.15,0.0,carpet,12345,2458047712,0,0,1,0,0,0,0.00634381826967,-0.0404707007110118,-0.5246595144271851,0.3859957754611969,-0.8096811175346375,0.045164056122303,0.0736429318785667,0.13323974609375,0.0315349176526069,0.9684650897979736,0.1559683680534362,-1.0,-1.0,-1.0,-1.0,-1.0,-1.0,-1.0,1.0,0.0,0.0,0.0,1.0,0.0,0.0,0.0,1.0,0.0,0.0,0.0
20260319_165846_036208,1,107,2.944630146026612,0.2800852358341217,-0.1699999999999999,-15.10648286565837,0.0,0.7252642193487873,2.669382095336914,-1.3362817671208802,0.0,0.0,0.02,0.15,0.0,carpet,12345,2458047712,0,0,1,0,0,0,-0.1790666431188583,0.158413365483284,-0.5723018050193787,-0.5106415748596191,0.0359902679920196,-0.559497594833374,-0.75511234998703,0.1305164396762848,0.038665298372507,0.9613346457481384,0.1630934923887252,-1.0,-1.0,-1.0,-1.0,-1.0,-1.0,-1.0,1.0,0.0,0.0,0.0,1.0,0.0,0.0,0.0,1.0,0.0,0.0,0.0
20260319_165846_036208,1,108,2.953789472579956,0.2779849171638489,-0.1699999999999999,-15.27648286565837,0.0,0.5964561312684253,0.2100318670272827,-0.511505656414414,0.0,0.0,0.02,0.15,0.0,carpet,12345,2458047712,0,0,1,0,0,0,-0.0956432148814201,-0.1603377610445022,-0.4843987226486206,-0.4835971295833587,0.5714499950408936,0.5377448797225952,0.5645092129707336,0.0689922347664833,0.0599299184978008,0.94007009267807,0.0053131487220525,-1.0,-1.0,-1.0,-1.0,-1.0,-1.0,-1.0,1.0,0.0,0.0,0.0,1.0,0.0,0.0,0.0,1.0,0.0,0.0,0.0
20260319_165846_036208,1,109,2.919119119644165,0.2755210399627685,-0.1178454311554578,-15.394328296813828,0.0,0.5089390284783093,0.2463877201080322,1.0430913768908423,0.0,0.0,0.02,0.0978454311554578,0.0,carpet,12345,2458047712,0,0,1,0,0,0,0.974870264530182,-0.9433522820472716,0.1359484195709228,-0.5627202987670898,0.5534656047821045,-0.5610255599021912,-0.8097745180130005,0.0804412811994552,0.0616030544042587,0.93839693069458,0.0850808024406433,-1.0,-1.0,-1.0,-1.0,-1.0,-1.0,-1.0,1.0,0.0,0.0,0.0,1.0,0.0,0.0,0.0,1.0,0.0,0.0,0.0
20260319_165846_036208,1,110,2.8518388271331787,0.278665691614151,-0.069221205701302,-15.463549502515129,0.0,0.3030879800741815,-0.3144651651382446,2.015575885973959,0.0,0.0,0.02,0.049221205701302,0.0,carpet,12345,2458047712,0,0,1,0,0,0,0.0162416584789752,-0.9307145476341248,0.0993390679359436,-0.7421877980232239,-0.8653666973114014,-1.0,-0.6459291577339172,0.0371036529541015,0.0635658055543899,0.9364342093467712,-0.0271016396582126,-1.0,-1.0,-1.0,-1.0,-1.0,-1.0,-1.0,1.0,0.0,0.0,0.0,1.0,0.0,0.0,0.0,1.0,0.0,0.0,0.0
20260319_165846_036208,1,111,2.877704381942749,0.274418443441391,-0.0427765262051455,-15.506326028720274,0.0,0.3334971893746257,0.424724817276001,2.5444694758970883,0.0,0.0,0.02,0.0227765262051455,0.0,carpet,12345,2458047712,0,0,1,0,0,0,-0.8333381414413452,0.7724379301071167,-0.2084633409976959,0.4160948991775512,0.6680510640144348,-0.3861566483974457,0.8713555335998535,-0.0469970703125,0.0610607452690601,0.9389392733573914,-0.1382718980312347,-1.0,-1.0,-1.0,-1.0,-1.0,-1.0,-1.0,1.0,0.0,0.0,0.0,1.0,0.0,0.0,0.0,1.0,0.0,0.0,0.0
20260319_165846_036208,1,112,2.882415294647217,0.2616141736507416,-0.02,-15.526326028720272,0.0,0.5702296367972082,1.2804269790649414,3.037474185341537,0.0,0.0,0.02,0.0,0.0,carpet,12345,2458047712,0,0,1,0,0,0,0.8321775794029236,-0.5782650709152222,0.7515099048614502,-0.71787029504776,-0.2606075406074524,0.0961317867040634,-0.2945819199085235,-0.0146648408845067,0.0644441545009613,0.9355558753013612,0.0339599214494228,-1.0,-1.0,-1.0,-1.0,-1.0,-1.0,-1.0,1.0,0.0,0.0,0.0,1.0,0.0,0.0,0.0,1.0,0.0,0.0,0.0
20260319_165846_036208,1,113,2.913320541381836,0.2788619101047516,-0.0545655608879788,-15.580891589608251,0.0,-0.0035211837523263,-1.724773645401001,2.308688782240424,0.0,0.0,0.02,0.0345655608879788,0.0,carpet,12345,2458047712,0,0,1,0,0,0,0.2517289817333221,0.7489177584648132,0.5268149375915527,-0.35533007979393,0.777045488357544,-0.0606250837445259,0.9070045351982116,-0.0087764738127589,0.0746441930532455,0.9253557920455932,-0.0177406501024961,-1.0,-1.0,-1.0,-1.0,-1.0,-1.0,-1.0,1.0,0.0,0.0,0.0,1.0,0.0,0.0,0.0,1.0,0.0,0.0,0.0
20260319_165846_036208,1,114,2.9420011043548584,0.2894673943519592,-0.0977772671511229,-15.678668856759376,0.0,-0.2677779939944571,-1.0605484247207642,1.4444546569775412,0.0,0.0,0.02,0.0777772671511229,0.0,carpet,12345,2458047712,0,0,1,0,0,0,0.1622695475816726,-0.0829427242279052,-0.6177093982696533,-0.5166102647781372,-0.0621426329016685,0.0730266273021698,0.4394705593585968,0.0298553463071584,0.0609044395387172,0.9390955567359924,0.1060082837939262,-1.0,-1.0,-1.0,-1.0,-1.0,-1.0,-1.0,1.0,0.0,0.0,0.0,1.0,0.0,0.0,0.0,1.0,0.0,0.0,0.0
20260319_165846_036208,1,115,2.914789915084839,0.2738132774829864,-0.1136982472636138,-15.792367104022988,0.0,0.1905194262284908,1.5654116868972778,1.1260350547277227,0.0,0.0,0.02,0.0936982472636138,0.0,carpet,12345,2458047712,0,0,1,0,0,0,-1.0,-0.3749372959136963,0.7572837471961975,-0.1525072902441024,0.5650288462638855,0.5656358003616333,-0.6599158048629761,0.0657058730721473,0.0524559840559959,0.9475440382957458,0.1541066616773605,-1.0,-1.0,-1.0,-1.0,-1.0,-1.0,-1.0,1.0,0.0,0.0,0.0,1.0,0.0,0.0,0.0,1.0,0.0,0.0,0.0
20260319_165846_036208,1,116,2.91900372505188,0.2670910060405731,-0.1133053284807385,-15.905672432503726,0.0,0.3109463557316871,0.672227144241333,1.1338934303852284,0.0,0.0,0.02,0.0933053284807385,0.0,carpet,12345,2458047712,0,0,1,0,0,0,0.2664174735546112,-0.2682157158851623,-0.0334404855966568,0.2462194561958313,-0.0730892717838287,0.2426475435495376,-0.0180111434310674,0.031692124903202,0.064926229417324,0.9350737929344176,-0.0099151572212576,-1.0,-1.0,-1.0,-1.0,-1.0,-1.0,-1.0,1.0,0.0,0.0,0.0,1.0,0.0,0.0,0.0,1.0,0.0,0.0,0.0
20260319_165846_036208,1,117,2.958700895309448,0.283739298582077,-0.1391300652864107,-16.044802497790137,0.0,-0.182997546738818,-1.6648292541503906,0.6173986942717846,0.0,0.0,0.02,0.1191300652864107,0.0,carpet,12345,2458047712,0,0,1,0,0,0,-0.6159065961837769,-0.5386481881141663,-0.1323862373828888,-0.3056195378303528,0.7410673499107361,0.4706100225448608,0.7159063220024109,0.0369590744376182,0.0702812820672988,0.9297187328338624,0.00703991856426,-1.0,-1.0,-1.0,-1.0,-1.0,-1.0,-1.0,1.0,0.0,0.0,0.0,1.0,0.0,0.0,0.0,1.0,0.0,0.0,0.0
20260319_165846_036208,1,118,2.966050386428833,0.2994519770145416,-0.1699999999999999,-16.21480249779014,0.0,-0.5300651208657428,-1.57126784324646,-0.4828960633911663,0.0,0.0,0.02,0.15,0.0,carpet,12345,2458047712,0,0,1,0,0,0,1.0,-0.2014510780572891,0.845146656036377,-0.8654508590698242,0.9371700882911682,0.5470291972160339,-0.7184972167015076,0.0865806564688682,0.0570190511643886,0.942980945110321,0.1322319507598877,-1.0,-1.0,-1.0,-1.0,-1.0,-1.0,-1.0,1.0,0.0,0.0,0.0,1.0,0.0,0.0,0.0,1.0,0.0,0.0,0.0
20260319_165846_036208,1,119,2.9792346954345703,0.2872858047485351,-0.1699999999999999,-16.38480249779014,0.0,-0.0933945339991453,1.216617226600647,-0.5727694136379853,0.0,0.0,0.02,0.15,0.0,carpet,12345,2458047712,0,0,1,0,0,0,0.3644432127475738,0.441168338060379,0.5446193218231201,0.2508803606033325,-0.2895728051662445,-0.0786309316754341,0.4548302292823791,0.0957675948739051,0.0445021390914917,0.9554978609085084,0.0489403679966926,-1.0,-1.0,-1.0,-1.0,-1.0,-1.0,-1.0,1.0,0.0,0.0,0.0,1.0,0.0,0.0,0.0,1.0,0.0,0.0,0.0
20260319_165846_036208,1,120,2.9804399013519287,0.2942476272583008,-0.1699999999999999,-16.554802497790142,0.0,-0.2440914632434783,-0.6961822509765625,-0.5490828828870065,0.0,0.0,0.02,0.15,0.0,carpet,12345,2458047712,0,0,1,0,0,0,-1.0,-0.7302592396736145,0.6710994839668274,-0.8373280167579651,-0.485582560300827,0.0685701221227645,0.6271940469741821,0.112247847020626,0.0541938617825508,0.945806086063385,0.1345732063055038,-1.0,-1.0,-1.0,-1.0,-1.0,-1.0,-1.0,1.0,0.0,0.0,0.0,1.0,0.0,0.0,0.0,1.0,0.0,0.0,0.0
20260319_165846_036208,1,121,2.994321584701538,0.3102135062217712,-0.1699999999999999,-16.724802497790144,0.0,-0.5822155715193844,-1.596587896347046,-1.3218178806348817,0.0,0.0,0.02,0.15,0.0,carpet,12345,2458047712,0,0,1,0,0,0,0.6432939767837524,0.8638407588005066,-0.9489148855209352,0.4078527987003326,-0.4651770293712616,0.8533653616905212,0.7598822116851807,0.1137542724609375,0.0486479885876178,0.9513520002365112,0.1736311912536621,-1.0,-1.0,-1.0,-1.0,-1.0,-1.0,-1.0,1.0,0.0,0.0,0.0,1.0,0.0,0.0,0.0,1.0,0.0,0.0,0.0
20260319_165846_036208,1,122,3.009559392929077,0.3279080390930176,-0.1716902203991457,-16.89649271818929,0.0,-0.879025000420711,-1.7694532871246338,-2.51178923678728,0.0,0.0338044079829151,0.02,0.15,0.0,carpet,12345,2458047712,0,0,1,0,0,0,0.7461873292922974,0.951002836227417,-0.8231163620948792,-0.0975173488259315,1.0,0.0539433360099792,1.0,0.1311065703630447,0.0359293781220912,0.9640706181526184,0.2180005759000778,-1.0,-1.0,-1.0,-1.0,-1.0,-1.0,-1.0,1.0,0.0,0.0,0.0,1.0,0.0,0.0,0.0,1.0,0.0,0.0,0.0
20260319_165846_036208,1,123,3.0071706771850586,0.3170478343963623,-0.172867119628633,-17.069359837817924,0.0,-0.3877636328991229,1.0860204696655271,-2.7165553229475847,0.0,0.0573423925726617,0.02,0.15,0.0,carpet,12345,2458047712,0,0,1,0,0,0,-0.9942006468772888,-0.4106670916080475,-0.6843544244766235,-0.2047431021928787,0.2335743904113769,-0.0815298408269882,-0.5309260487556458,0.1501537263393402,0.0218337159603834,0.9781662821769714,0.2824467718601227,-1.0,-1.0,-1.0,-1.0,-1.0,-1.0,-1.0,1.0,0.0,0.0,0.0,1.0,0.0,0.0,0.0,1.0,0.0,0.0,0.0
20260319_165846_036208,1,124,2.966786623001098,0.2798450291156769,-0.1720296944213037,-17.24138953223923,0.0,0.639247407342765,3.720280528068544,-1.547242794739077,0.0,0.0405938884260755,0.02,0.15,0.0,carpet,12345,2458047712,0,0,1,0,0,0,-0.0491845197975635,0.5685611367225647,0.9177477359771729,1.0,0.6405138373374939,-0.8589907288551331,0.9627483487129213,0.1471679657697677,0.030485063791275,0.9695149660110474,0.2490735203027725,-1.0,-1.0,-1.0,-1.0,-1.0,-1.0,-1.0,1.0,0.0,0.0,0.0,1.0,0.0,0.0,0.0,1.0,0.0,0.0,0.0
20260319_165846_036208,1,125,2.953219413757324,0.26203653216362,-0.1699999999999999,-17.41138953223923,0.0,0.9246479793085172,1.7808496952056885,-0.5292002814314145,0.0,0.0,0.02,0.15,0.0,carpet,12345,2458047712,0,0,1,0,0,0,-0.9872206449508668,0.194802701473236,0.144369974732399,0.8176916837692261,0.6662984490394592,0.9647927284240724,-0.8171588182449341,0.0966876968741417,0.0601212717592716,0.9398787617683412,0.1305777728557586,-1.0,-1.0,-1.0,-1.0,-1.0,-1.0,-1.0,1.0,0.0,0.0,0.0,1.0,0.0,0.0,0.0,1.0,0.0,0.0,0.0
20260319_165846_036208,1,126,2.974844217300415,0.2658548355102539,-0.1543540208686199,-17.56574355310785,0.0,0.5980284008155365,-0.3818303346633911,0.3129195826276003,0.0,0.0,0.02,0.1343540208686199,0.0,carpet,12345,2458047712,0,0,1,0,0,0,-0.052228644490242,0.64823317527771,-0.0678156912326812,0.0034132844302803,-1.0,-0.4159627556800842,0.5206777453422546,0.0797287002205848,0.074307732284069,0.9256922602653505,-0.0331053845584392,-1.0,-1.0,-1.0,-1.0,-1.0,-1.0,-1.0,1.0,0.0,0.0,0.0,1.0,0.0,0.0,0.0,1.0,0.0,0.0,0.0
20260319_165846_036208,1,127,2.957437753677368,0.269290030002594,-0.1071111703774936,-17.672854723485344,0.0,0.3626414383031431,-0.3435194492340088,1.257776592450128,0.0,0.0,0.02,0.0871111703774936,0.0,carpet,12345,2458047712,0,0,1,0,0,0,0.4976212382316589,-0.5532494187355042,-0.8124983310699463,0.3611858785152435,-0.9229423999786376,0.5019870400428772,-0.6014929413795471,0.106760025024414,0.0712660253047943,0.9287339448928832,0.0715497285127639,-1.0,-1.0,-1.0,-1.0,-1.0,-1.0,-1.0,1.0,0.0,0.0,0.0,1.0,0.0,0.0,0.0,1.0,0.0,0.0,0.0
20260319_165846_036208,1,128,2.961253881454468,0.2691003084182739,-0.0493237144396897,-17.722178437925034,0.0,0.2767241183353661,0.0189721584320068,2.413525711206205,0.0,0.0,0.02,0.0293237144396897,0.0,carpet,12345,2458047712,0,0,1,0,0,0,-0.6292562484741211,0.5003967881202698,-1.0,-0.1475914120674133,-0.2201661616563797,0.6478521227836609,-0.0929579064249992,0.0850017517805099,0.0685295164585113,0.9314704537391664,-0.0006520160241052,-1.0,-1.0,-1.0,-1.0,-1.0,-1.0,-1.0,1.0,0.0,0.0,0.0,1.0,0.0,0.0,0.0,1.0,0.0,0.0,0.0
20260319_165846_036208,1,129,2.9527602195739746,0.2592935562133789,-0.02,-17.742178437925034,0.0,0.4527118938738965,0.980675220489502,3.2540012379792245,0.0,0.0,0.02,0.0,0.0,carpet,12345,2458047712,0,0,1,0,0,0,0.1189651638269424,-0.7931942343711853,-0.1368602514266967,-0.8575218319892883,0.1794584095478058,-0.7532054781913757,-0.6133912205696106,0.089772030711174,0.0686806514859199,0.9313193559646606,0.0028343715239316,-1.0,-1.0,-1.0,-1.0,-1.0,-1.0,-1.0,1.0,0.0,0.0,0.0,1.0,0.0,0.0,0.0,1.0,0.0,0.0,0.0
20260319_165846_036208,1,130,2.9578845500946045,0.2575589716434479,-0.0201173817354924,-17.762295819660526,0.0,0.382898534653691,0.173458456993103,2.9976523652901506,0.0,0.0,0.02,0.0001173817354924,0.0,carpet,12345,2458047712,0,0,1,0,0,0,0.2104540318250656,-0.1941101402044296,-0.1742819994688034,0.3943075239658355,0.501233696937561,0.5053167343139648,0.4744726419448852,0.0791549682617187,0.0764928236603736,0.9235071539878844,-0.0177989657968282,-1.0,-1.0,-1.0,-1.0,-1.0,-1.0,-1.0,1.0,0.0,0.0,0.0,1.0,0.0,0.0,0.0,1.0,0.0,0.0,0.0
20260319_165846_036208,1,131,2.9843292236328125,0.272842526435852,-0.0710955291419094,-17.833391348802436,0.0,-0.0949149688198218,-1.5283554792404177,1.9780894171618115,0.0,0.0,0.02,0.0510955291419094,0.0,carpet,12345,2458047712,0,0,1,0,0,0,0.5446213483810425,-0.5218499302864075,0.4713155627250671,0.7845756411552429,-0.0497341230511665,-0.7229178547859192,0.372249037027359,0.0855602249503135,0.0778746083378791,0.9221253991127014,0.029565954580903,-1.0,-1.0,-1.0,-1.0,-1.0,-1.0,-1.0,1.0,0.0,0.0,0.0,1.0,0.0,0.0,0.0,1.0,0.0,0.0,0.0
20260319_165846_036208,1,132,3.004050970077514,0.2867606580257416,-0.1219539250007916,-17.95534527380323,0.0,-0.4191395163621081,-1.3918131589889526,0.9609214999841668,0.0,0.0,0.02,0.1019539250007916,0.0,carpet,12345,2458047712,0,0,1,0,0,0,0.7619990110397339,-0.936022698879242,-0.6482934355735779,-1.0,0.6242298483848572,0.7060665488243103,0.9629419445991516,0.1186161041259765,0.0656995549798011,0.9343004822731018,0.1244543194770813,-1.0,-1.0,-1.0,-1.0,-1.0,-1.0,-1.0,1.0,0.0,0.0,0.0,1.0,0.0,0.0,0.0,1.0,0.0,0.0,0.0
20260319_165846_036208,1,133,3.055958032608032,0.3190483748912811,-0.1699999999999999,-18.12534527380323,0.0,-1.1215475589100805,-3.228771686553955,-0.5232674972290567,0.0,0.0,0.02,0.15,0.0,carpet,12345,2458047712,0,0,1,0,0,0,0.0733205452561378,-0.7242895364761353,-0.376055359840393,0.12155332416296,-0.5672062039375305,0.2148553878068924,-0.2465208619832992,0.143268197774887,0.0546122007071971,0.9453877806663512,0.1777625679969787,-1.0,-1.0,-1.0,-1.0,-1.0,-1.0,-1.0,1.0,0.0,0.0,0.0,1.0,0.0,0.0,0.0,1.0,0.0,0.0,0.0
20260319_165846_036208,1,134,3.030281782150269,0.2926758229732513,-0.1699999999999999,-18.295345273803232,0.0,-0.1818468712318122,2.6372551918029785,-0.9818384867962352,0.0,0.0,0.02,0.15,0.0,carpet,12345,2458047712,0,0,1,0,0,0,-0.5435576438903809,-0.2683071494102478,-0.5917466282844543,-0.1996696442365646,0.9996061325073242,0.1136123687028884,-0.2986007928848266,0.2081520110368728,0.028891421854496,0.971108615398407,0.2115403413772583,-1.0,-1.0,-1.0,-1.0,-1.0,-1.0,-1.0,1.0,0.0,0.0,0.0,1.0,0.0,0.0,0.0,1.0,0.0,0.0,0.0
20260319_165846_036208,1,135,3.0329360961914062,0.2968116700649261,-0.1699999999999999,-18.46534527380324,0.0,-0.2397813307157292,-0.4135847091674804,-1.674331711385861,0.0,0.0,0.02,0.15,0.0,carpet,12345,2458047712,0,0,1,0,0,0,0.754258394241333,-0.7519684433937073,0.2556225061416626,-0.4375303983688354,0.326317697763443,0.5509880185127258,0.0343045331537723,0.1760566681623459,0.0499001108109951,0.9500998854637146,0.0914411172270774,-1.0,-1.0,-1.0,-1.0,-1.0,-1.0,-1.0,1.0,0.0,0.0,0.0,1.0,0.0,0.0,0.0,1.0,0.0,0.0,0.0
20260319_165846_036208,1,136,3.024818658828736,0.2922258973121643,-0.1699999999999999,-18.635345273803235,0.0,-0.0651916792177473,0.4585772752761841,-2.1224219252573,0.0,0.0,0.02,0.15,0.0,carpet,12345,2458047712,0,0,1,0,0,0,0.7582675814628601,0.0138033833354711,0.4343411326408386,-0.7468496561050415,0.050553910434246,-0.5431773066520691,-0.6128939986228943,0.1793746948242187,0.0466054379940032,0.9533945918083192,0.1001462116837501,-1.0,-1.0,-1.0,-1.0,-1.0,-1.0,-1.0,1.0,0.0,0.0,0.0,1.0,0.0,0.0,0.0,1.0,0.0,0.0,0.0
20260319_165846_036208,1,137,3.036600351333618,0.2977171540260315,-0.1699999999999999,-18.80534527380324,0.0,-0.1861751772599831,-0.5491256713867188,-2.2136821336974606,0.0,0.0,0.02,0.15,0.0,carpet,12345,2458047712,0,0,1,0,0,0,-0.6872586607933044,-0.0843917354941368,-0.907017469406128,0.513710081577301,0.2988105714321136,-0.1921030730009079,1.0,0.1692279875278473,0.0502585247159004,0.9497414827346802,0.0687016770243644,-1.0,-1.0,-1.0,-1.0,-1.0,-1.0,-1.0,1.0,0.0,0.0,0.0,1.0,0.0,0.0,0.0,1.0,0.0,0.0,0.0
20260319_165846_036208,1,138,3.039445638656616,0.3087333440780639,-0.170524864422746,-18.975870138225982,0.0,-0.4150361342458097,-1.101619005203247,-2.2095787515811622,0.0,0.0104972884549201,0.02,0.15,0.0,carpet,12345,2458047712,0,0,1,0,0,0,-0.0623458065092563,-0.07167998701334,0.5952119827270508,-0.3663200438022613,-0.0446514412760734,-0.7213310599327087,0.4882385730743408,0.1839549988508224,0.0458841249346733,0.954115867614746,0.190585047006607,-1.0,-1.0,-1.0,-1.0,-1.0,-1.0,-1.0,1.0,0.0,0.0,0.0,1.0,0.0,0.0,0.0,1.0,0.0,0.0,0.0
20260319_165846_036208,1,139,2.9729666709899902,0.2614504694938659,-0.1699999999999999,-19.145870138225984,0.0,0.8707947639205997,4.7282874584198,-0.217236428750482,0.0,0.0,0.02,0.15,0.0,carpet,12345,2458047712,0,0,1,0,0,0,0.6223347783088684,-0.0017998826224356,-0.0799828022718429,-0.5281838178634644,0.0119418734684586,-0.4444954693317413,-0.30880007147789,0.1875114440917968,0.0371084883809089,0.9628915190696716,0.2248718589544296,-1.0,-1.0,-1.0,-1.0,-1.0,-1.0,-1.0,1.0,0.0,0.0,0.0,1.0,0.0,0.0,0.0,1.0,0.0,0.0,0.0
20260319_165846_036208,1,140,2.9405529499053955,0.2547204494476318,-0.1307021491711187,-19.2765722873971,0.0,0.821346574096296,0.6730020046234131,0.7859570165776262,0.0,0.0,0.02,0.1107021491711186,0.0,carpet,12345,2458047712,0,0,1,0,0,0,0.8018262386322021,-0.2579000294208526,0.9743216633796692,0.374533861875534,-0.2738114297389984,-0.0280341319739818,-0.1791146993637085,0.1044128388166427,0.0747746080160141,0.9252254366874696,0.0383877344429492,-1.0,-1.0,-1.0,-1.0,-1.0,-1.0,-1.0,1.0,0.0,0.0,0.0,1.0,0.0,0.0,0.0,1.0,0.0,0.0,0.0
20260319_165846_036208,1,141,2.945004463195801,0.256665289402008,-0.0903436360496908,-19.3669159234468,0.0,0.5673889317128271,-0.194483995437622,1.5931272790061826,0.0,0.0,0.02,0.0703436360496908,0.0,carpet,12345,2458047712,0,0,1,0,0,0,-0.3563200235366821,-0.2215599417686462,0.638229250907898,-0.4190348386764526,-0.4224912822246551,-0.469485729932785,0.0560918860137462,0.0638957992196083,0.0801358073949813,0.9198641777038574,-0.030413381755352,-1.0,-1.0,-1.0,-1.0,-1.0,-1.0,-1.0,1.0,0.0,0.0,0.0,1.0,0.0,0.0,0.0,1.0,0.0,0.0,0.0
20260319_165846_036208,1,142,2.9394962787628174,0.2579594850540161,-0.0674247117145829,-19.434340635161377,0.0,0.3931868074844118,-0.1294195652008056,2.0515057657083418,0.0,0.0,0.02,0.0474247117145829,0.0,carpet,12345,2458047712,0,0,1,0,0,0,0.5592473149299622,0.1341301947832107,-0.8552201986312866,0.8060214519500732,1.0,-0.4217223823070526,-0.1748976111412048,0.0694602951407432,0.078586533665657,0.9214134812355042,0.0037355246022343,-1.0,-1.0,-1.0,-1.0,-1.0,-1.0,-1.0,1.0,0.0,0.0,0.0,1.0,0.0,0.0,0.0,1.0,0.0,0.0,0.0
20260319_165846_036208,1,143,2.958248376846313,0.2546767294406891,-0.0392680030542597,-19.47360863821564,0.0,0.3769589959464809,0.3282755613327026,2.614639938914806,0.0,0.0,0.02,0.0192680030542597,0.0,carpet,12345,2458047712,0,0,1,0,0,0,-0.7102155685424805,-0.3376446366310119,-0.2152030020952224,0.3025711476802826,-0.1597601026296615,0.226911574602127,0.1815874129533767,0.0625747665762901,0.0775555670261383,0.9224444031715392,-0.0202012509107589,-1.0,-1.0,-1.0,-1.0,-1.0,-1.0,-1.0,1.0,0.0,0.0,0.0,1.0,0.0,0.0,0.0,1.0,0.0,0.0,0.0
20260319_165846_036208,1,144,2.9809257984161377,0.2642743587493896,-0.02,-19.49360863821564,0.0,0.0427785142423431,-0.9597629308700562,3.0724545874029587,0.0,0.0,0.02,0.0,0.0,carpet,12345,2458047712,0,0,1,0,0,0,-0.4046724438667297,0.0739745199680328,-0.5450124144554138,-0.6670753955841064,-0.0958829671144485,-0.3803619146347046,0.6180460453033447,0.0860149413347244,0.0801706463098526,0.9198293685913086,0.0164205525070428,-1.0,-1.0,-1.0,-1.0,-1.0,-1.0,-1.0,1.0,0.0,0.0,0.0,1.0,0.0,0.0,0.0,1.0,0.0,0.0,0.0
20260319_165846_036208,1,145,2.973564624786377,0.259237676858902,-0.0520169621786838,-19.54562560039432,0.0,0.1580009329439633,0.5036681890487671,2.3596607564263223,0.0,0.0,0.02,0.0320169621786838,0.0,carpet,12345,2458047712,0,0,1,0,0,0,-1.0,0.16109099984169,0.0901725068688392,0.095128022134304,-0.2592022716999054,-0.4344359934329986,0.0118396999314427,0.1143619567155838,0.0725250467658042,0.9274749755859376,0.1167666763067245,-1.0,-1.0,-1.0,-1.0,-1.0,-1.0,-1.0,1.0,0.0,0.0,0.0,1.0,0.0,0.0,0.0,1.0,0.0,0.0,0.0
20260319_165846_036208,1,146,2.9861788749694824,0.2668546736240387,-0.0966805018545213,-19.64230610224884,0.0,-0.0719242194204525,-0.7616996765136719,1.4663899629095738,0.0,0.0,0.02,0.0766805018545213,0.0,carpet,12345,2458047712,0,0,1,0,0,0,-0.7128975987434387,-0.7068540453910828,0.8172956109046936,0.8190889954566956,0.0611331425607204,0.5072614550590515,0.6465986371040344,0.1051605194807052,0.0765373408794403,0.9234626293182372,0.0895778238773346,-1.0,-1.0,-1.0,-1.0,-1.0,-1.0,-1.0,1.0,0.0,0.0,0.0,1.0,0.0,0.0,0.0,1.0,0.0,0.0,0.0
20260319_165846_036208,1,147,3.004079341888428,0.2729761004447937,-0.1353988901943734,-19.777704992443216,0.0,-0.2069788350842145,-0.6121426820755005,0.6920221961125321,0.0,0.0,0.02,0.1153988901943734,0.0,carpet,12345,2458047712,0,0,1,0,0,0,0.2042174786329269,0.281796783208847,0.5045928955078125,0.5682733654975891,0.6653760671615601,0.6492910385131836,0.262858510017395,0.1209281906485557,0.0704695507884025,0.9295305013656616,0.1174941956996917,-1.0,-1.0,-1.0,-1.0,-1.0,-1.0,-1.0,1.0,0.0,0.0,0.0,1.0,0.0,0.0,0.0,1.0,0.0,0.0,0.0
20260319_165846_036208,1,148,3.0192811489105225,0.286228209733963,-0.1699999999999999,-19.947704992443217,0.0,-0.4865368585423937,-1.3252109289169312,-0.1877014699142734,0.0,0.0,0.02,0.15,0.0,carpet,12345,2458047712,0,0,1,0,0,0,-0.1362810283899307,0.4254461526870727,0.7955719828605652,-0.2670526504516601,-0.7011317014694214,0.6573512554168701,0.3684728741645813,0.1433036774396896,0.0655931457877159,0.9344068169593812,0.1336348503828048,-1.0,-1.0,-1.0,-1.0,-1.0,-1.0,-1.0,1.0,0.0,0.0,0.0,1.0,0.0,0.0,0.0,1.0,0.0,0.0,0.0
20260319_165846_036208,1,149,3.02033805847168,0.3036118447780609,-0.1699999999999999,-20.11770499244322,0.0,-0.7994935200092357,-1.73836350440979,-1.36415398586999,0.0,0.0,0.02,0.15,0.0,carpet,12345,2458047712,0,0,1,0,0,0,0.0491460114717483,0.0234433934092521,0.8853529691696167,0.3700906932353973,0.7275370955467224,-0.9761770963668824,1.0,0.1623058319091797,0.0550363473594188,0.9449636340141296,0.1550095230340957,-1.0,-1.0,-1.0,-1.0,-1.0,-1.0,-1.0,1.0,0.0,0.0,0.0,1.0,0.0,0.0,0.0,1.0,0.0,0.0,0.0
20260319_165846_036208,1,150,2.98593807220459,0.263452410697937,-0.1699999999999999,-20.28770499244322,0.0,0.4043657119961494,4.01594340801239,-1.0025667881161835,0.0,0.0,0.02,0.15,0.0,carpet,12345,2458047712,0,0,1,0,0,0,-0.5338532328605652,-1.0,-0.7038326859474182,-0.2298060655593872,0.243509754538536,-0.3773602247238159,-0.224465325474739,0.1636272370815277,0.0411883369088172,0.9588116407394408,0.2275577187538147,-1.0,-1.0,-1.0,-1.0,-1.0,-1.0,-1.0,1.0,0.0,0.0,0.0,1.0,0.0,0.0,0.0,1.0,0.0,0.0,0.0
20260319_165846_036208,1,151,2.9877161979675293,0.2553819119930267,-0.1699999999999999,-20.457704992443222,0.0,0.5050367516198833,0.8070498704910278,-0.6555309694402638,0.0,0.0,0.02,0.15,0.0,carpet,12345,2458047712,0,0,1,0,0,0,0.0737007856369018,0.9618152379989624,1.0,0.5414808392524719,0.1815569698810577,0.6490857601165771,0.037663958966732,0.1206272095441818,0.0731798261404037,0.9268202185630798,0.0590311959385871,-1.0,-1.0,-1.0,-1.0,-1.0,-1.0,-1.0,1.0,0.0,0.0,0.0,1.0,0.0,0.0,0.0,1.0,0.0,0.0,0.0
20260319_165846_036208,1,152,2.990277051925659,0.2557754814624786,-0.1699999999999999,-20.627704992443224,0.0,0.3689383269786219,-0.0393569469451904,-0.2146684230411892,0.0,0.0,0.02,0.15,0.0,carpet,12345,2458047712,0,0,1,0,0,0,-0.1385240107774734,-0.5631237030029297,-0.1354507952928543,0.6105446815490723,1.0,-0.266010582447052,0.4226140975952148,0.1228496581315994,0.0796088874340057,0.9203911423683168,0.0215484909713268,-1.0,-1.0,-1.0,-1.0,-1.0,-1.0,-1.0,1.0,0.0,0.0,0.0,1.0,0.0,0.0,0.0,1.0,0.0,0.0,0.0
20260319_165846_036208,1,153,3.019326686859131,0.2739245295524597,-0.1699999999999999,-20.797704992443222,0.0,-0.1770224570155676,-1.814904808998108,-0.1847120449725423,0.0,0.0,0.02,0.15,0.0,carpet,12345,2458047712,0,0,1,0,0,0,-0.3261361122131347,-0.1906398683786392,-0.0305049512535333,0.3941985368728637,-0.8755420446395874,1.0,-0.1541077643632888,0.1260509490966797,0.0792953595519065,0.9207046031951904,0.0320575088262558,-1.0,-1.0,-1.0,-1.0,-1.0,-1.0,-1.0,1.0,0.0,0.0,0.0,1.0,0.0,0.0,0.0,1.0,0.0,0.0,0.0
20260319_165846_036208,1,154,2.987563133239746,0.2744985222816467,-0.1622645923710746,-20.9599695848143,0.0,-0.1471166609913439,-0.0573992729187011,0.1547081525785074,0.0,0.0,0.02,0.1422645923710746,0.0,carpet,12345,2458047712,0,0,1,0,0,0,0.7485207915306091,-0.0110135925933718,0.9060179591178894,0.597633421421051,-0.6910640597343445,-0.2127151936292648,-0.8391566872596741,0.162363052368164,0.0648376196622848,0.9351624250411988,0.0848210304975509,-1.0,-1.0,-1.0,-1.0,-1.0,-1.0,-1.0,1.0,0.0,0.0,0.0,1.0,0.0,0.0,0.0,1.0,0.0,0.0,0.0
20260319_165846_036208,1,155,2.996731758117676,0.2707187235355377,-0.1230820427251526,-21.08305162753945,0.0,-0.0158425270907969,0.3779798746109009,0.9383591454969462,0.0,0.0,0.02,0.1030820427251526,0.0,carpet,12345,2458047712,0,0,1,0,0,0,-0.4026351869106293,0.4079996049404144,-0.8525917530059814,-0.7486308217048645,0.5041487216949463,-0.4969230592250824,1.0,0.1226585358381271,0.0643803626298904,0.9356196522712708,-0.0095812873914837,-1.0,-1.0,-1.0,-1.0,-1.0,-1.0,-1.0,1.0,0.0,0.0,0.0,1.0,0.0,0.0,0.0,1.0,0.0,0.0,0.0
20260319_165846_036208,1,156,2.996381998062134,0.2704625427722931,-0.1435741971368085,-21.22662582467626,0.0,-0.0054773762369677,0.0256180763244628,0.528516057263829,0.0,0.0,0.02,0.1235741971368085,0.0,carpet,12345,2458047712,0,0,1,0,0,0,1.0,0.2809594273567199,0.5492241382598877,0.6542345285415649,0.8985939025878906,-0.5285389423370361,0.0399023331701755,0.1341194212436676,0.0673913955688476,0.9326086044311525,0.1287496984004974,-1.0,-1.0,-1.0,-1.0,-1.0,-1.0,-1.0,1.0,0.0,0.0,0.0,1.0,0.0,0.0,0.0,1.0,0.0,0.0,0.0
20260319_165846_036208,1,157,2.997803211212158,0.2620822191238403,-0.1585560317661237,-21.385181856442383,0.0,0.2054000590335789,0.8380323648452759,0.2288793646775246,0.0,0.0,0.02,0.1385560317661237,0.0,carpet,12345,2458047712,0,0,1,0,0,0,-0.1902606189250946,0.3225234746932983,0.1663786023855209,-0.365981787443161,0.4990742802619934,0.8078451156616211,0.1740970462560653,0.1336822509765625,0.0675954669713974,0.9324045777320862,0.1032091006636619,-1.0,-1.0,-1.0,-1.0,-1.0,-1.0,-1.0,1.0,0.0,0.0,0.0,1.0,0.0,0.0,0.0,1.0,0.0,0.0,0.0
20260319_165846_036208,1,158,3.0344061851501465,0.2833806872367859,-0.1699999999999999,-21.555181856442385,0.0,-0.378411658548444,-2.129846811294556,-0.5184706208495413,0.0,0.0,0.02,0.15,0.0,carpet,12345,2458047712,0,0,1,0,0,0,1.0,-0.5972666144371033,0.8657830357551575,0.7545245885848999,-0.5361693501472473,-0.1782943904399871,0.8136098980903625,0.1354587525129318,0.0742713436484336,0.925728678703308,0.0663132518529892,-1.0,-1.0,-1.0,-1.0,-1.0,-1.0,-1.0,1.0,0.0,0.0,0.0,1.0,0.0,0.0,0.0,1.0,0.0,0.0,0.0
20260319_165846_036208,1,159,3.0203890800476074,0.2729588747024536,-0.1699999999999999,-21.725181856442383,0.0,-0.0232634305530297,1.0421812534332275,-0.3647115943870034,0.0,0.0,0.02,0.15,0.0,carpet,12345,2458047712,0,0,1,0,0,0,-0.1094621643424034,-0.0451088100671768,-0.1119382083415985,-0.9470112919807434,-0.3156471848487854,0.7258366346359253,-0.6325562596321106,0.181212231516838,0.0573047287762165,0.9426952600479126,0.1888089478015899,-1.0,-1.0,-1.0,-1.0,-1.0,-1.0,-1.0,1.0,0.0,0.0,0.0,1.0,0.0,0.0,0.0,1.0,0.0,0.0,0.0
20260319_165846_036208,1,160,3.028092384338379,0.2832680344581604,-0.1699999999999999,-21.895181856442388,0.0,-0.2751765668074455,-1.0309159755706787,-0.492771500203105,0.0,0.0,0.02,0.15,0.0,carpet,12345,2458047712,0,0,1,0,0,0,-0.6509212255477905,0.2069816142320633,-0.0534697324037551,0.6525861024856567,-0.9152188301086426,0.7586013078689575,0.4145928621292114,0.1636909544467926,0.0656068697571754,0.9343931078910828,0.0877542570233345,-1.0,-1.0,-1.0,-1.0,-1.0,-1.0,-1.0,1.0,0.0,0.0,0.0,1.0,0.0,0.0,0.0,1.0,0.0,0.0,0.0
20260319_165846_036208,1,161,3.030695915222168,0.2781100273132324,-0.1699999999999999,-22.06518185644239,0.0,-0.077432246482374,0.5158007144927979,-0.5543612195946821,0.0,0.0,0.02,0.15,0.0,carpet,12345,2458047712,0,0,1,0,0,0,-0.4207012951374054,0.8942938446998596,-0.2900160253047943,0.2604787647724151,0.2886151671409607,-0.6306105852127075,0.3984188139438629,0.173320010304451,0.0573944672942161,0.9426055550575256,0.1235658973455429,-1.0,-1.0,-1.0,-1.0,-1.0,-1.0,-1.0,1.0,0.0,0.0,0.0,1.0,0.0,0.0,0.0,1.0,0.0,0.0,0.0
20260319_165846_036208,1,162,3.024655342102051,0.2689934968948364,-0.1699999999999999,-22.23518185644239,0.0,0.1698390755981051,0.9116530418395996,-0.3790447677596091,0.0,0.0,0.02,0.15,0.0,carpet,12345,2458047712,0,0,1,0,0,0,0.7283587455749512,-0.0111355436965823,-1.0,0.8143388628959656,0.3726035952568054,0.5574092268943787,-0.0921891629695892,0.1765743196010589,0.0615033954381942,0.9384966492652892,0.1728038638830185,-1.0,-1.0,-1.0,-1.0,-1.0,-1.0,-1.0,1.0,0.0,0.0,0.0,1.0,0.0,0.0,0.0,1.0,0.0,0.0,0.0
20260319_165846_036208,1,163,3.05082106590271,0.282438188791275,-0.1699999999999999,-22.4051818564424,0.0,-0.2087379907123789,-1.34446918964386,-0.7931828175055671,0.0,0.0,0.02,0.15,0.0,carpet,12345,2458047712,0,0,1,0,0,0,-0.4335663020610809,0.0689479857683181,0.3668272495269775,-0.6546840071678162,0.4412563741207123,0.4548547863960266,0.6635350584983826,0.1690239012241363,0.0687657371163368,0.9312343001365662,0.0941730290651321,-1.0,-1.0,-1.0,-1.0,-1.0,-1.0,-1.0,1.0,0.0,0.0,0.0,1.0,0.0,0.0,0.0,1.0,0.0,0.0,0.0
20260319_165846_036208,1,164,3.059147357940674,0.2997706234455108,-0.1713032003383677,-22.57648505678076,0.0,-0.5898643593901767,-1.733243465423584,-1.0046355183472997,0.0,0.0260640067673543,0.02,0.15,0.0,carpet,12345,2458047712,0,0,1,0,0,0,0.4931320548057556,0.1571206748485565,-0.5613043904304504,0.6270264983177185,-0.5556809902191162,0.2223604917526245,0.5678730010986328,0.201730728149414,0.0580555349588394,0.9419444799423218,0.1865976303815841,-1.0,-1.0,-1.0,-1.0,-1.0,-1.0,-1.0,1.0,0.0,0.0,0.0,1.0,0.0,0.0,0.0,1.0,0.0,0.0,0.0
20260319_165846_036208,1,165,3.057608127593994,0.3000567257404327,-0.1724644133786798,-22.74894947015944,0.0,-0.4495508269156829,-0.0286102294921875,-1.430922914709953,6.331383285798313e-06,0.049275604807025,0.02,0.15,0.0,carpet,12345,2458047712,0,0,1,0,0,0,0.570876955986023,0.2668357193470001,0.7222880125045776,-0.7175577282905579,-0.5859177708625793,-0.5195019841194153,-0.8339870572090149,0.2121387422084808,0.0442483052611351,0.9557517170906068,0.2441595196723938,-1.0,-1.0,-1.0,-1.0,-1.0,-1.0,-1.0,1.0,0.0,0.0,0.0,1.0,0.0,0.0,0.0,1.0,0.0,0.0,0.0
20260319_165846_036208,1,166,2.8995912075042725,0.2527284324169159,-0.1699999999999999,-22.918949470159443,0.0,0.8460442129011625,4.732829332351685,-0.3097021350013449,0.0,0.0,0.02,0.15,0.0,carpet,12345,2458047712,0,0,1,0,0,0,0.6834574937820435,0.2696962654590606,0.2401381134986877,0.228655993938446,0.7104373574256897,0.8152185082435608,-1.0,0.210214614868164,0.0440203920006752,0.9559796452522278,0.2412839531898498,-1.0,-1.0,-1.0,-1.0,-1.0,-1.0,-1.0,1.0,0.0,0.0,0.0,1.0,0.0,0.0,0.0,1.0,0.0,0.0,0.0
20260319_165846_036208,1,167,2.941778421401977,0.2422320246696472,-0.1367663267580692,-23.055715796917514,0.0,0.8969433533575852,1.0496407747268677,0.6646734648386143,0.0,0.0,0.02,0.1167663267580692,0.0,carpet,12345,2458047712,0,0,1,0,0,0,0.620843768119812,-0.6966378688812256,-0.6312847137451172,0.0542906746268272,-0.7723115086555481,0.4966078102588653,-0.1099140867590904,0.0126934051513671,0.0817226842045784,0.9182773232460022,-0.1521477699279785,-1.0,-1.0,-1.0,-1.0,-1.0,-1.0,-1.0,1.0,0.0,0.0,0.0,1.0,0.0,0.0,0.0,1.0,0.0,0.0,0.0
20260319_165846_036208,1,168,3.058908224105835,0.3014067709445953,-0.1699999999999999,-23.22571579691752,0.0,-0.8066611418555283,-5.917474627494812,-0.3118267526150191,0.0,0.0,0.02,0.15,0.0,carpet,12345,2458047712,0,0,1,0,0,0,-0.0423332229256629,0.4247530996799469,1.0,-0.310093879699707,0.5369228720664978,0.5122630596160889,0.8263099193572998,0.0654277801513671,0.0900842472910881,0.909915804862976,-0.0357747264206409,-1.0,-1.0,-1.0,-1.0,-1.0,-1.0,-1.0,1.0,0.0,0.0,0.0,1.0,0.0,0.0,0.0,1.0,0.0,0.0,0.0
20260319_165846_036208,1,169,3.035929679870605,0.2647203803062439,-0.1595462426167739,-23.38526203953429,0.0,0.3121639095671611,3.668639063835144,0.2090751476645209,0.0,0.0,0.02,0.1395462426167739,0.0,carpet,12345,2458047712,0,0,1,0,0,0,0.7810158133506775,-0.3437910377979278,0.426464170217514,0.3033114969730377,0.7399327754974365,-0.492927223443985,-0.6156805157661438,0.2118396759033203,0.0429449342191219,0.9570550918579102,0.2434819787740707,-1.0,-1.0,-1.0,-1.0,-1.0,-1.0,-1.0,1.0,0.0,0.0,0.0,1.0,0.0,0.0,0.0,1.0,0.0,0.0,0.0
20260319_165846_036208,1,170,3.03938364982605,0.2787165641784668,-0.1358421078787753,-23.521104147413062,0.0,-0.1157816646302052,-1.39961838722229,0.6831578424244924,0.0,0.0,0.02,0.1158421078787753,0.0,carpet,12345,2458047712,0,0,1,0,0,0,-0.6330969333648682,0.4645611941814422,-0.3457684814929962,-0.1574168056249618,0.131273478269577,-0.8257220983505249,0.9750714898109436,0.1831165254116058,0.0721697509288787,0.9278302788734436,0.0648147165775299,-1.0,-1.0,-1.0,-1.0,-1.0,-1.0,-1.0,1.0,0.0,0.0,0.0,1.0,0.0,0.0,0.0,1.0,0.0,0.0,0.0
20260319_165846_036208,1,171,2.9844136238098145,0.2562629580497741,-0.0896393712957586,-23.610743518708823,0.0,0.4745039047446511,2.2453606128692627,1.6072125740848264,0.0,0.0,0.02,0.0696393712957586,0.0,carpet,12345,2458047712,0,0,1,0,0,0,-0.8193286657333374,-0.2452250123023986,-0.8100795149803162,-0.0342421196401119,-0.1189324855804443,-0.6954199075698853,-0.5537747740745544,0.1874340027570724,0.0610202215611934,0.9389798045158386,0.1385405957698822,-1.0,-1.0,-1.0,-1.0,-1.0,-1.0,-1.0,1.0,0.0,0.0,0.0,1.0,0.0,0.0,0.0,1.0,0.0,0.0,0.0
20260319_165846_036208,1,172,2.9671530723571777,0.2540594339370727,-0.111393280372015,-23.722136799080843,0.0,0.4109660313760344,0.2203524112701416,1.1721343925596983,0.0,0.0,0.02,0.091393280372015,0.0,carpet,12345,2458047712,0,0,1,0,0,0,-0.2891628742218017,0.5923320651054382,0.9935039281845092,0.8197530508041382,-0.2339546382427215,-0.0683669447898864,0.7405737042427063,0.1187217682600021,0.0789070427417755,0.9210929870605468,-0.0057187327183783,-1.0,-1.0,-1.0,-1.0,-1.0,-1.0,-1.0,1.0,0.0,0.0,0.0,1.0,0.0,0.0,0.0,1.0,0.0,0.0,0.0
20260319_165846_036208,1,173,2.977555274963379,0.2603711187839508,-0.1487188279218909,-23.870855627002733,0.0,0.1504324023600673,-0.6311684846878052,0.4256234415621804,0.0,0.0,0.02,0.1287188279218909,0.0,carpet,12345,2458047712,0,0,1,0,0,0,0.8444728851318359,-0.6564462780952454,-0.6408259272575378,-0.1456506699323654,0.2232939898967743,-0.5757068991661072,0.5066994428634644,0.0971458405256271,0.0806623920798301,0.9193376302719116,0.0525779537856578,-1.0,-1.0,-1.0,-1.0,-1.0,-1.0,-1.0,1.0,0.0,0.0,0.0,1.0,0.0,0.0,0.0,1.0,0.0,0.0,0.0
20260319_165846_036208,1,174,2.97557020187378,0.2546979486942291,-0.0956530931284594,-23.96650872013119,0.0,0.2546535540131032,0.567317008972168,1.486938137430812,0.0,0.0,0.02,0.0756530931284594,0.0,carpet,12345,2458047712,0,0,1,0,0,0,0.5855048894882202,-0.04830988869071,-0.5922377109527588,-0.7089659571647644,-0.8389190435409546,-0.5024513602256775,0.2993827760219574,0.1101486235857009,0.0756344273686409,0.9243655800819396,0.1033786013722419,-1.0,-1.0,-1.0,-1.0,-1.0,-1.0,-1.0,1.0,0.0,0.0,0.0,1.0,0.0,0.0,0.0,1.0,0.0,0.0,0.0
20260319_165846_036208,2,0,2.831551551818848,0.378126323223114,-0.02,-0.02,0.0,-0.2750970423221588,-1.1003881692886353,0.0,0.0,0.0,0.02,0.0,0.0,carpet,12345,2458047843,0,0,2,0,0,0,-0.1125209927558898,0.5095009207725525,0.3258686065673828,-0.5263985395431519,-0.4900730550289154,0.5377136468887329,-0.9305248856544496,0.0,-0.0,1.0,0.0,-1.0,-1.0,-1.0,-1.0,-1.0,-1.0,-1.0,1.0,0.0,0.0,0.0,1.0,0.0,0.0,0.0,1.0,0.0,0.0,0.0
20260319_165846_036208,2,1,2.823392629623413,0.3689436912536621,-0.02,-0.04,0.0,0.0232430174946784,0.9182631969451904,0.0,0.0,0.0,0.02,0.0,0.0,carpet,12345,2458047843,0,0,2,0,0,0,0.984308660030365,-0.7620890736579895,-0.3146732747554779,0.415671169757843,0.1439148932695388,-0.9507614970207214,0.1912501156330108,-0.0273563377559185,-0.0086841452866792,1.0,-0.1119018346071243,-1.0,-1.0,-1.0,-1.0,-1.0,-1.0,-1.0,1.0,0.0,0.0,0.0,1.0,0.0,0.0,0.0,1.0,0.0,0.0,0.0
20260319_165846_036208,2,2,2.802835702896118,0.3835685551166534,-0.02,-0.06,0.0,-0.3481893334537744,-1.4624863862991333,0.0,0.0,0.0,0.02,0.0,0.0,carpet,12345,2458047843,0,0,2,0,0,0,-0.4052132368087768,-0.7152026891708374,0.7590554356575012,-0.0397238209843635,0.8342384696006775,-0.837003767490387,-0.7062605619430542,-0.0375549308955669,-0.0014373125741258,1.0,-0.0648872777819633,-1.0,-1.0,-1.0,-1.0,-1.0,-1.0,-1.0,1.0,0.0,0.0,0.0,1.0,0.0,0.0,0.0,1.0,0.0,0.0,0.0
20260319_165846_036208,2,3,2.8845484256744385,0.3837458193302154,-0.02,-0.08,0.0,-0.2655736054293811,-0.0177264213562011,0.0,0.0,0.0,0.02,0.0,0.0,carpet,12345,2458047843,0,0,2,0,0,0,-0.2800520062446594,-0.3827576041221618,0.2465895861387252,-0.3153010904788971,0.6797752380371094,0.8097367882728577,0.9964943528175354,-0.0632511153817176,-0.0129791041836142,1.0,-0.1621650755405426,-1.0,-1.0,-1.0,-1.0,-1.0,-1.0,-1.0,1.0,0.0,0.0,0.0,1.0,0.0,0.0,0.0,1.0,0.0,0.0,0.0
20260319_165846_036208,2,4,2.947360277175904,0.3989869654178619,-0.02,-0.1,0.0,-0.580208856263198,-1.5241146087646484,0.0,0.0,0.0,0.02,0.0,0.0,carpet,12345,2458047843,0,0,2,0,0,0,-0.4080720543861389,0.7274023294448853,0.4597727358341217,-0.6125026941299438,0.301213651895523,0.1200339272618293,-0.0037689819000661,0.0388896949589252,-0.0131189730018377,1.0,0.054620161652565,-1.0,-1.0,-1.0,-1.0,-1.0,-1.0,-1.0,1.0,0.0,0.0,0.0,1.0,0.0,0.0,0.0,1.0,0.0,0.0,0.0
20260319_165846_036208,2,5,2.9337799549102783,0.4034977257251739,-0.1699999999999999,-0.27,0.0,-0.5479256498801988,-0.4510760307312011,-1.9937514698540328,0.0,0.0,0.02,0.15,0.0,carpet,12345,2458047843,0,0,2,0,0,0,-0.5168864130973816,0.6950417757034302,0.699832558631897,0.6846717000007629,-0.6669080257415771,-1.0,0.9571979641914368,0.1174045577645301,-0.0251471437513828,1.0,0.1253936737775802,-1.0,-1.0,-1.0,-1.0,-1.0,-1.0,-1.0,1.0,0.0,0.0,0.0,1.0,0.0,0.0,0.0,1.0,0.0,0.0,0.0
20260319_165846_036208,2,6,2.9132468700408936,0.379080057144165,-0.1699999999999999,-0.44,0.0,0.1994974771150737,2.441766858100891,-1.5191569504168,0.0,0.0,0.02,0.15,0.0,carpet,12345,2458047843,0,0,2,0,0,0,0.046453271061182,0.5223108530044556,0.3952500820159912,0.9939558506011964,0.4322306215763092,0.2952235043048858,0.0631420984864234,0.1004291549324989,-0.02870699390769,1.0,0.1617137640714645,-1.0,-1.0,-1.0,-1.0,-1.0,-1.0,-1.0,1.0,0.0,0.0,0.0,1.0,0.0,0.0,0.0,1.0,0.0,0.0,0.0
20260319_165846_036208,2,7,2.904331684112549,0.3746740818023681,-0.1699999999999999,-0.61,0.0,0.2597724913812271,0.4405975341796875,-1.2826274765302514,0.0,0.0,0.02,0.15,0.0,carpet,12345,2458047843,0,0,2,0,0,0,0.2255032062530517,-0.4582663476467132,-0.460094153881073,-0.2063665241003036,0.9426729679107666,-0.7480530738830566,0.2189521491527557,0.074762724339962,-0.0094368057325482,1.0,0.0626585185527801,-1.0,-1.0,-1.0,-1.0,-1.0,-1.0,-1.0,1.0,0.0,0.0,0.0,1.0,0.0,0.0,0.0,1.0,0.0,0.0,0.0
20260319_165846_036208,2,8,2.895324945449829,0.3710354566574096,-0.1699999999999999,-0.78,0.0,0.2857949971598827,0.3638625144958496,-0.6486431459165942,0.0,0.0,0.02,0.15,0.0,carpet,12345,2458047843,0,0,2,0,0,0,-0.7248144745826721,-0.265074223279953,-0.7198373079299927,0.1326682716608047,-0.7078937292098999,0.5439251065254211,-0.7202720046043396,0.06361885368824,-0.0059596551582217,1.0,0.009838156402111,-1.0,-1.0,-1.0,-1.0,-1.0,-1.0,-1.0,1.0,0.0,0.0,0.0,1.0,0.0,0.0,0.0,1.0,0.0,0.0,0.0
20260319_165846_036208,2,9,2.910789966583252,0.3745702505111694,-0.1699999999999999,-0.95,0.0,0.1259764015259179,-0.3534793853759765,-0.2570931389612951,0.0,0.0,0.02,0.15,0.0,carpet,12345,2458047843,0,0,2,0,0,0,0.2894070744514465,-0.5637806057929993,-0.9985058307647704,0.7297065258026123,-0.4701136350631714,-0.5143908262252808,0.4551074504852295,0.0523605346679687,-0.0030881010461598,1.0,-0.0903126671910286,-1.0,-1.0,-1.0,-1.0,-1.0,-1.0,-1.0,1.0,0.0,0.0,0.0,1.0,0.0,0.0,0.0,1.0,0.0,0.0,0.0
20260319_165846_036208,2,10,2.9112370014190674,0.3770242929458618,-0.1521876521210484,-1.1021876521210483,0.0,0.0331312402771288,-0.2454042434692382,0.3562469575790317,0.0,0.0,0.02,0.1321876521210484,0.0,carpet,12345,2458047843,0,0,2,0,0,0,0.9140820503234864,-0.6721654534339905,0.5872979164123535,-0.4073148667812347,0.6750628352165222,-0.7023431062698364,0.2279366850852966,0.0716918930411338,-0.0058777090162038,1.0,0.0224037393927574,-1.0,-1.0,-1.0,-1.0,-1.0,-1.0,-1.0,1.0,0.0,0.0,0.0,1.0,0.0,0.0,0.0,1.0,0.0,0.0,0.0
20260319_165846_036208,2,11,2.8964500427246094,0.3667086362838745,-0.1106543772891623,-1.212842029410211,0.0,0.2827398467575222,1.0315656661987305,1.1869124542167526,0.0,0.0,0.02,0.0906543772891623,0.0,carpet,12345,2458047843,0,0,2,0,0,0,0.012684691697359,-0.7468245029449463,-0.3312782347202301,-0.5876767635345459,-0.9402280449867249,-0.3714545965194702,-0.2585751116275787,0.0722503662109375,-0.0078144362196326,1.0,0.039650909602642,-1.0,-1.0,-1.0,-1.0,-1.0,-1.0,-1.0,1.0,0.0,0.0,0.0,1.0,0.0,0.0,0.0,1.0,0.0,0.0,0.0
20260319_165846_036208,2,12,2.886690616607666,0.3709635138511657,-0.1153451038506223,-1.328187133260833,0.0,0.1056829458858743,-0.425487756729126,1.0930979229875533,0.0,0.0,0.02,0.0953451038506223,0.0,carpet,12345,2458047843,0,0,2,0,0,0,-0.5997548699378967,0.5135974287986755,-0.5839693546295166,-0.9273244142532348,0.2058285623788833,0.3840856254100799,-0.7990864515304565,0.0537670142948627,0.0003265812119934,0.9996734857559204,-0.0314252413809299,-1.0,-1.0,-1.0,-1.0,-1.0,-1.0,-1.0,1.0,0.0,0.0,0.0,1.0,0.0,0.0,0.0,1.0,0.0,0.0,0.0
20260319_165846_036208,2,13,2.9106862545013428,0.3683842122554779,-0.1211464909543541,-1.449333624215187,0.0,0.1437447493065917,0.2579301595687866,0.977070180912918,0.0,0.0,0.02,0.1011464909543541,0.0,carpet,12345,2458047843,0,0,2,0,0,0,0.9528500437736512,0.4552899003028869,0.3340638875961303,-0.6945322155952454,0.2201856076717376,-0.7590820789337158,0.6679407358169556,0.041567612439394,-0.0030313224997371,1.0,-0.1103722006082534,-1.0,-1.0,-1.0,-1.0,-1.0,-1.0,-1.0,1.0,0.0,0.0,0.0,1.0,0.0,0.0,0.0,1.0,0.0,0.0,0.0
20260319_165846_036208,2,14,2.897481203079224,0.3687940537929535,-0.1305581146351951,-1.579891738850382,0.0,0.0975625235430612,-0.0409841537475585,0.7888377072960964,0.0,0.0,0.02,0.1105581146351951,0.0,carpet,12345,2458047843,0,0,2,0,0,0,-0.8265393376350403,-0.0168156716972589,0.7596407532691956,-0.3417961597442627,0.4939667582511902,-0.4979833960533142,-0.0639012232422828,0.0715621933341026,-0.0009957596193999,1.0,0.0450772121548652,-1.0,-1.0,-1.0,-1.0,-1.0,-1.0,-1.0,1.0,0.0,0.0,0.0,1.0,0.0,0.0,0.0,1.0,0.0,0.0,0.0
20260319_165846_036208,2,15,2.907243013381958,0.3640230000019073,-0.1272345228398191,-1.7071262616902012,0.0,0.1924482374334388,0.4771053791046142,0.8553095432036173,0.0,0.0,0.02,0.1072345228398191,0.0,carpet,12345,2458047843,0,0,2,0,0,0,0.7414301037788391,-0.906861424446106,-0.2072279304265976,0.3618951439857483,-0.6681418418884277,0.2775299549102783,0.5018917322158813,0.0550556182861328,-0.001319209812209,1.0,0.0083298617973923,-1.0,-1.0,-1.0,-1.0,-1.0,-1.0,-1.0,1.0,0.0,0.0,0.0,1.0,0.0,0.0,0.0,1.0,0.0,0.0,0.0
20260319_165846_036208,2,16,2.90474820137024,0.3692951202392578,-0.1282644262466089,-1.8353906879368105,0.0,0.0125331721413317,-0.5272120237350464,0.8347114750678202,0.0,0.0,0.02,0.1082644262466089,0.0,carpet,12345,2458047843,0,0,2,0,0,0,-0.222502201795578,-0.1373360753059387,-0.4660032391548157,0.7279323935508728,0.9201683402061462,-0.933923065662384,0.2400130629539489,0.0672580748796463,0.0024460474960505,0.9975539445877076,0.0422709919512271,-1.0,-1.0,-1.0,-1.0,-1.0,-1.0,-1.0,1.0,0.0,0.0,0.0,1.0,0.0,0.0,0.0,1.0,0.0,0.0,0.0
20260319_165846_036208,2,17,2.89893651008606,0.3579459190368652,-0.1277449231261951,-1.9631356110630047,0.0,0.293129909165799,1.1349201202392578,0.8451015374760971,0.0,0.0,0.02,0.1077449231261951,0.0,carpet,12345,2458047843,0,0,2,0,0,0,0.1670311540365219,0.809775173664093,0.4033948481082916,-0.4403651356697082,0.2540806531906128,0.096182957291603,-0.0913159623742103,0.0641395598649978,-0.0017146415775641,1.0,0.0408701039850711,-1.0,-1.0,-1.0,-1.0,-1.0,-1.0,-1.0,1.0,0.0,0.0,0.0,1.0,0.0,0.0,0.0,1.0,0.0,0.0,0.0
20260319_165846_036208,2,18,2.916146278381348,0.3599756062030792,-0.1245738077845378,-2.087709418847543,0.0,0.1691052527190208,-0.2029687166213989,0.9085238443092436,0.0,0.0,0.02,0.1045738077845378,0.0,carpet,12345,2458047843,0,0,2,0,0,0,-0.5646270513534546,-0.0377824567258358,-0.2890256345272064,0.0388663597404956,1.0,0.2776237428188324,0.3505754768848419,0.0568748489022254,0.0072420164942741,0.99275803565979,-0.0217986665666103,-1.0,-1.0,-1.0,-1.0,-1.0,-1.0,-1.0,1.0,0.0,0.0,0.0,1.0,0.0,0.0,0.0,1.0,0.0,0.0,0.0
20260319_165846_036208,2,19,2.9173367023468018,0.3615915775299072,-0.1274395624314398,-2.215148981278983,0.0,0.0864296563685513,-0.1615971326828003,0.8512087513712032,0.0,0.0,0.02,0.1074395624314398,0.0,carpet,12345,2458047843,0,0,2,0,0,0,0.4707354605197906,0.8243050575256348,-0.4993970692157745,0.0936025977134704,-0.2821186184883117,0.705481231212616,-0.3593199849128723,0.0783870667219162,0.0056402091868221,0.9943597912788392,0.0224336832761764,-1.0,-1.0,-1.0,-1.0,-1.0,-1.0,-1.0,1.0,0.0,0.0,0.0,1.0,0.0,0.0,0.0,1.0,0.0,0.0,0.0
20260319_165846_036208,2,20,2.9482996463775635,0.3827661871910095,-0.1555448385711504,-2.3706938198501337,0.0,-0.4645429992511509,-2.117460966110229,0.289103228576991,0.0,0.0,0.02,0.1355448385711504,0.0,carpet,12345,2458047843,0,0,2,0,0,0,-0.1790742874145507,-0.7239869236946106,-0.1679388284683227,-0.6998447775840759,0.0218537859618663,0.8780688643455505,0.6554203033447266,0.0798751860857009,0.0043649226427078,0.9956350922584534,0.0016110530123114,-1.0,-1.0,-1.0,-1.0,-1.0,-1.0,-1.0,1.0,0.0,0.0,0.0,1.0,0.0,0.0,0.0,1.0,0.0,0.0,0.0
20260319_165846_036208,2,21,2.9542977809906006,0.39045250415802,-0.1699999999999999,-2.5406938198501337,0.0,-0.540565173613615,-0.7686316967010498,-0.4439101824700628,0.0,0.0,0.02,0.15,0.0,carpet,12345,2458047843,0,0,2,0,0,0,-0.6707955002784729,-0.0317947678267955,0.7662637233734131,-0.5964545011520386,-0.3236095309257507,-0.920428991317749,0.1983476132154464,0.1185787171125412,-0.0123458709567785,1.0,0.1480303853750229,-1.0,-1.0,-1.0,-1.0,-1.0,-1.0,-1.0,1.0,0.0,0.0,0.0,1.0,0.0,0.0,0.0,1.0,0.0,0.0,0.0
20260319_165846_036208,2,22,2.946211814880371,0.3913743495941162,-0.1699999999999999,-2.7106938198501336,0.0,-0.4284700161126125,-0.0921845436096191,-0.8849133707240071,0.0,0.0,0.02,0.15,0.0,carpet,12345,2458047843,0,0,2,0,0,0,0.0861609801650047,-0.5724557638168335,0.6608288884162903,-0.7083208560943604,-0.4915543794631958,0.4792057573795318,0.7522154450416565,0.1260765045881271,-0.0184118282049894,1.0,0.1801551729440689,-1.0,-1.0,-1.0,-1.0,-1.0,-1.0,-1.0,1.0,0.0,0.0,0.0,1.0,0.0,0.0,0.0,1.0,0.0,0.0,0.0
20260319_165846_036208,2,23,2.8819379806518555,0.3541163206100464,-0.1699999999999999,-2.880693819850133,0.0,0.610098212517272,3.7258028984069824,-0.5679450673725341,0.0,0.0,0.02,0.15,0.0,carpet,12345,2458047843,0,0,2,0,0,0,0.0113972518593072,0.1606335043907165,0.5828620195388794,0.3361656367778778,-0.7437807321548462,-0.8876103758811951,-0.4794109761714935,0.1159690842032432,-0.0191393494606018,1.0,0.1861795485019683,-1.0,-1.0,-1.0,-1.0,-1.0,-1.0,-1.0,1.0,0.0,0.0,0.0,1.0,0.0,0.0,0.0,1.0,0.0,0.0,0.0
20260319_165846_036208,2,24,2.851991415023804,0.3484617173671722,-0.1699999999999999,-3.050693819850133,0.0,0.5989387404598148,0.5654603242874146,-0.1381115796317402,0.0,0.0,0.02,0.15,0.0,carpet,12345,2458047843,0,0,2,0,0,0,0.6386759281158447,1.0,-0.5897238850593567,-0.4864208698272705,-0.3197916746139526,-0.310426115989685,0.2390389442443847,0.0356266014277935,0.0102643072605133,0.989735782146454,0.0175866745412349,-1.0,-1.0,-1.0,-1.0,-1.0,-1.0,-1.0,1.0,0.0,0.0,0.0,1.0,0.0,0.0,0.0,1.0,0.0,0.0,0.0
20260319_165846_036208,2,25,2.8469455242156982,0.347739040851593,-0.1578635133882973,-3.2085573332384305,0.0,0.4672709682343452,0.0722676515579223,0.2427297322340535,0.0,0.0,0.02,0.1378635133882973,0.0,carpet,12345,2458047843,0,0,2,0,0,0,-0.6502584218978882,0.1883820444345474,0.3124486804008484,-0.1160716339945793,-0.5800513625144958,0.2510553896427154,-0.2174523472785949,-0.001806640648283,0.0147268613800406,0.9852731823921204,0.0019185955170542,-1.0,-1.0,-1.0,-1.0,-1.0,-1.0,-1.0,1.0,0.0,0.0,0.0,1.0,0.0,0.0,0.0,1.0,0.0,0.0,0.0
20260319_165846_036208,2,26,2.8096163272857666,0.3517963290214538,-0.1221853123292778,-3.3307426455677085,0.0,0.2490210219292379,-0.405728816986084,0.9562937534144424,0.0,0.0,0.02,0.1021853123292778,0.0,carpet,12345,2458047843,0,0,2,0,0,0,-0.3956004083156585,-0.5759979486465454,-0.5771592855453491,0.72093665599823,-0.6771491169929504,-0.786276638507843,-0.7209880948066711,-0.0081138610839843,0.0152972042560577,0.9847028255462646,-0.0303801465779542,-1.0,-1.0,-1.0,-1.0,-1.0,-1.0,-1.0,1.0,0.0,0.0,0.0,1.0,0.0,0.0,0.0,1.0,0.0,0.0,0.0
20260319_165846_036208,2,27,2.783966541290283,0.3505437076091766,-0.0842529885609043,-3.414995634128613,0.0,0.2180813017538554,0.1252621412277221,1.7149402287819129,0.0,0.0,0.02,0.0642529885609043,0.0,carpet,12345,2458047843,0,0,2,0,0,0,-0.574369490146637,1.0,0.4794164299964905,0.1249866411089897,0.9099188446998596,0.752450704574585,-0.3311275243759155,-0.0547752380371093,0.012095215730369,0.9879047870635986,-0.131536602973938,-1.0,-1.0,-1.0,-1.0,-1.0,-1.0,-1.0,1.0,0.0,0.0,0.0,1.0,0.0,0.0,0.0,1.0,0.0,0.0,0.0
20260319_165846_036208,2,28,2.93510103225708,0.3692173063755035,-0.0779934373974126,-3.4929890715260257,0.0,-0.3032789928427775,-1.8673598766326904,1.840131252051748,0.0,0.0,0.02,0.0579934373974126,0.0,carpet,12345,2458047843,0,0,2,0,0,0,-0.8111733794212341,0.271226018667221,0.7823054194450378,-0.2548499703407287,0.7513922452926636,0.8309813141822815,1.0,-0.086837388575077,0.0130837792530655,0.9869162440299988,-0.1925205439329147,-1.0,-1.0,-1.0,-1.0,-1.0,-1.0,-1.0,1.0,0.0,0.0,0.0,1.0,0.0,0.0,0.0,1.0,0.0,0.0,0.0
20260319_165846_036208,2,29,2.9263851642608643,0.355705589056015,-0.1029816636055198,-3.5959707351315457,0.0,0.1103336883551264,1.3511717319488523,1.3403667278896023,0.0,0.0,0.02,0.0829816636055198,0.0,carpet,12345,2458047843,0,0,2,0,0,0,-0.4988772273063659,0.8693498969078064,0.6715207099914551,-0.1585002243518829,0.9574825167655944,-0.6409433484077454,-0.626835286617279,0.1020805388689041,-0.0016532270237803,1.0,0.1454624384641647,-1.0,-1.0,-1.0,-1.0,-1.0,-1.0,-1.0,1.0,0.0,0.0,0.0,1.0,0.0,0.0,0.0,1.0,0.0,0.0,0.0
20260319_165846_036208,2,30,2.914849042892456,0.3512424826622009,-0.1232122043229257,-3.719182939454472,0.0,0.194327926111697,0.4463106393814087,0.9357559135414846,0.0,0.0,0.02,0.1032122043229257,0.0,carpet,12345,2458047843,0,0,2,0,0,0,-0.4767887592315674,0.2434136569499969,-0.0699549689888954,-0.806982696056366,-0.6525546908378601,-0.1684730947017669,0.3103372454643249,0.0911857634782791,0.0090100644156336,0.9909899234771729,-0.0004533522878773,-1.0,-1.0,-1.0,-1.0,-1.0,-1.0,-1.0,1.0,0.0,0.0,0.0,1.0,0.0,0.0,0.0,1.0,0.0,0.0,0.0
20260319_165846_036208,2,31,2.91317081451416,0.3583535552024841,-0.148177296180808,-3.86736023563528,0.0,-0.0320308689233002,-0.7111072540283203,0.4364540763838391,0.0,0.0,0.02,0.128177296180808,0.0,carpet,12345,2458047843,0,0,2,0,0,0,-0.3451054096221924,-0.1922374665737152,0.7248068451881409,0.3850502967834472,-0.451727420091629,0.9196010828018188,-0.5761489868164062,0.0767654404044151,0.0125323124229907,0.9874677658081056,-0.0101461550220847,-1.0,-1.0,-1.0,-1.0,-1.0,-1.0,-1.0,1.0,0.0,0.0,0.0,1.0,0.0,0.0,0.0,1.0,0.0,0.0,0.0
20260319_165846_036208,2,32,2.9341349601745605,0.3533416986465454,-0.155564684166971,-4.02292491980225,0.0,0.1012732622059786,0.5011856555938721,0.2887063166605799,0.0,0.0,0.02,0.135564684166971,0.0,carpet,12345,2458047843,0,0,2,0,0,0,0.9368637800216676,-0.4554341733455658,0.2065353840589523,-0.3046566247940063,1.0,0.1743862926959991,0.1044251024723053,0.0746677368879318,0.0069203423336148,0.9930797219276428,-0.047230415046215,-1.0,-1.0,-1.0,-1.0,-1.0,-1.0,-1.0,1.0,0.0,0.0,0.0,1.0,0.0,0.0,0.0,1.0,0.0,0.0,0.0
20260319_165846_036208,2,33,2.93916654586792,0.3549070954322815,-0.1646277479041093,-4.18755266770636,0.0,0.0368200270110889,-0.1565396785736084,0.1074450419178134,0.0,0.0,0.02,0.1446277479041093,0.0,carpet,12345,2458047843,0,0,2,0,0,0,-0.630153477191925,-0.0355202928185462,-0.2170667052268982,0.0182750467211008,-0.0931931138038635,0.5753684043884277,-0.2754559814929962,0.1008727997541427,0.0108756236732006,0.989124357700348,0.0108247445896267,-1.0,-1.0,-1.0,-1.0,-1.0,-1.0,-1.0,1.0,0.0,0.0,0.0,1.0,0.0,0.0,0.0,1.0,0.0,0.0,0.0
20260319_165846_036208,2,34,2.9240317344665527,0.3507554829120636,-0.1428935315987826,-4.330446199305142,0.0,0.131405333263757,0.4151612520217895,0.542129368024348,0.0,0.0,0.02,0.1228935315987826,0.0,carpet,12345,2458047843,0,0,2,0,0,0,0.3286994695663452,1.0,0.7317338585853577,0.3864872455596924,-0.5900526642799377,-0.4396422505378723,-0.2585601210594177,0.1071624755859375,0.0096402270719408,0.9903597831726074,0.0098292492330074,-1.0,-1.0,-1.0,-1.0,-1.0,-1.0,-1.0,1.0,0.0,0.0,0.0,1.0,0.0,0.0,0.0,1.0,0.0,0.0,0.0
20260319_165846_036208,2,35,2.873643159866333,0.3537156879901886,-0.1471827723668039,-4.477628971671947,0.0,0.0245488729946998,-0.2960205078125,0.4563445526639214,0.0,0.0,0.02,0.1271827723668039,0.0,carpet,12345,2458047843,0,0,2,0,0,0,0.0434664189815521,0.8147680759429932,-0.9413256645202636,-0.3184170722961426,-0.2433766424655914,-1.0,-0.8778265118598938,0.0882438644766807,0.0129166357219219,0.987083375453949,-0.0118286944925785,-1.0,-1.0,-1.0,-1.0,-1.0,-1.0,-1.0,1.0,0.0,0.0,0.0,1.0,0.0,0.0,0.0,1.0,0.0,0.0,0.0
20260319_165846_036208,2,36,2.840073823928833,0.3568448722362518,-0.1598900662426662,-4.637519037914613,0.0,-0.0598179514055488,-0.3129184246063232,0.2021986751466755,0.0,0.0,0.02,0.1398900662426662,0.0,carpet,12345,2458047843,0,0,2,0,0,0,-0.2258611768484115,1.0,0.0224340539425611,0.1377093493938446,0.1564531922340393,0.3582286536693573,-0.4217911958694458,0.0252582542598247,0.0105804726481437,0.9894195199012756,-0.1215390115976333,-1.0,-1.0,-1.0,-1.0,-1.0,-1.0,-1.0,1.0,0.0,0.0,0.0,1.0,0.0,0.0,0.0,1.0,0.0,0.0,0.0
20260319_165846_036208,2,37,2.854133367538452,0.349659264087677,-0.1515496857884909,-4.789068723703104,0.0,0.1347767401602055,0.7185608148574829,0.3690062842301813,0.0,0.0,0.02,0.1315496857884909,0.0,carpet,12345,2458047843,0,0,2,0,0,0,0.2530945539474487,-0.7795553207397461,-0.4068606793880462,-0.5946402549743652,-0.0421373434364795,0.1674681305885315,-0.350750982761383,-0.0167034156620502,0.0081109730526804,0.9918890595436096,-0.1684350818395614,-1.0,-1.0,-1.0,-1.0,-1.0,-1.0,-1.0,1.0,0.0,0.0,0.0,1.0,0.0,0.0,0.0,1.0,0.0,0.0,0.0
20260319_165846_036208,2,38,2.905517578125,0.3506104946136474,-0.1527482593002457,-4.94181698300335,0.0,0.077301791970882,-0.0951230525970459,0.3450348139950847,0.0,0.0,0.02,0.1327482593002457,0.0,carpet,12345,2458047843,0,0,2,0,0,0,-0.6641369462013245,0.5969233512878418,-0.6188187599182129,-0.8244932889938354,0.7567543983459473,0.9055153727531432,0.0623324401676654,0.0008708953973837,0.0137817692011594,0.986218273639679,-0.1347307413816452,-1.0,-1.0,-1.0,-1.0,-1.0,-1.0,-1.0,1.0,0.0,0.0,0.0,1.0,0.0,0.0,0.0,1.0,0.0,0.0,0.0
20260319_165846_036208,2,39,2.939619779586792,0.3600533902645111,-0.1634940630154713,-5.105311046018821,0.0,-0.1780960472934225,-0.9442895650863647,0.1301187396905732,0.0,0.0,0.02,0.1434940630154713,0.0,carpet,12345,2458047843,0,0,2,0,0,0,-0.3428425788879394,-0.746242105960846,-0.9552282691001892,0.1841005831956863,0.1578809171915054,-0.8116235733032227,0.2982726991176605,0.0651012435555458,0.0130310654640197,0.986968994140625,-0.0219783037900924,-1.0,-1.0,-1.0,-1.0,-1.0,-1.0,-1.0,1.0,0.0,0.0,0.0,1.0,0.0,0.0,0.0,1.0,0.0,0.0,0.0
20260319_165846_036208,2,40,2.9305481910705566,0.3587526977062225,-0.1699999999999999,-5.275311046018821,0.0,-0.1010547215128383,0.1300692558288574,-0.1023413150860221,0.0,0.0,0.02,0.15,0.0,carpet,12345,2458047843,0,0,2,0,0,0,-0.707170307636261,0.9766210317611694,-0.325228214263916,-0.974517583847046,-0.6700347661972046,-0.8589589595794678,0.1706341654062271,0.1077289581298828,0.0055788243189454,0.9944211840629578,0.0773110389709472,-1.0,-1.0,-1.0,-1.0,-1.0,-1.0,-1.0,1.0,0.0,0.0,0.0,1.0,0.0,0.0,0.0,1.0,0.0,0.0,0.0
20260319_165846_036208,2,41,2.9267265796661377,0.3670766949653625,-0.1699999999999999,-5.445311046018821,0.0,-0.2838909726131504,-0.8323997259140015,-0.4107811606938725,0.0,0.0,0.02,0.15,0.0,carpet,12345,2458047843,0,0,2,0,0,0,-0.4219008684158325,0.180466741323471,0.9783949851989746,-0.6547930836677551,0.8656607866287231,-0.927851140499115,0.5803835391998291,0.096389390528202,0.0066053215414285,0.9933947324752808,0.0707837417721748,-1.0,-1.0,-1.0,-1.0,-1.0,-1.0,-1.0,1.0,0.0,0.0,0.0,1.0,0.0,0.0,0.0,1.0,0.0,0.0,0.0
20260319_165846_036208,2,42,2.920314073562622,0.3613973557949066,-0.1699999999999999,-5.615311046018821,0.0,-0.0709347501984609,0.5679339170455933,-0.4218979594867846,0.0,0.0,0.02,0.15,0.0,carpet,12345,2458047843,0,0,2,0,0,0,0.0116792907938361,0.1957377195358276,-0.47591033577919,0.4775702953338623,-0.3015774190425873,-0.5516204833984375,0.5410627722740173,0.091612622141838,3.612623913795687e-05,0.9999639391899108,0.0887341797351837,-1.0,-1.0,-1.0,-1.0,-1.0,-1.0,-1.0,1.0,0.0,0.0,0.0,1.0,0.0,0.0,0.0,1.0,0.0,0.0,0.0
20260319_165846_036208,2,43,2.9190194606781006,0.3484276533126831,-0.1699999999999999,-5.785311046018821,0.0,0.2710414994067491,1.296970248222351,-0.2856332002402411,0.0,0.0,0.02,0.15,0.0,carpet,12345,2458047843,0,0,2,0,0,0,-0.1887355148792266,0.9072072505950928,-0.0054331193678081,-0.2174654752016067,-0.5584423542022705,0.2823298573493957,-0.0135189890861511,0.0835968032479286,0.0045181880705058,0.9954818487167358,0.0848265066742897,-1.0,-1.0,-1.0,-1.0,-1.0,-1.0,-1.0,1.0,0.0,0.0,0.0,1.0,0.0,0.0,0.0,1.0,0.0,0.0,0.0
20260319_165846_036208,2,44,2.817197799682617,0.3621975183486938,-0.1699999999999999,-5.955311046018821,0.0,-0.1409655013452067,-1.3769865036010742,-0.5039004935563298,0.0,0.0,0.02,0.15,0.0,carpet,12345,2458047843,0,0,2,0,0,0,-0.3103458881378174,-0.8545218110084534,0.5730537176132202,-0.9060416221618652,0.4061381220817566,-0.6775917410850525,-0.9833492636680604,0.0819786041975021,0.0147537449374794,0.9852463006973268,0.0293378457427024,-1.0,-1.0,-1.0,-1.0,-1.0,-1.0,-1.0,1.0,0.0,0.0,0.0,1.0,0.0,0.0,0.0,1.0,0.0,0.0,0.0
20260319_165846_036208,2,45,2.7667019367218018,0.3879980444908142,-0.1699999999999999,-6.125311046018821,0.0,-0.7507372795619176,-2.580052614212036,-1.0765417258248249,0.0,0.0,0.02,0.15,0.0,carpet,12345,2458047843,0,0,2,0,0,0,0.2147617638111114,0.8676155805587769,0.6443277597427368,0.2216545343399047,-0.1396406888961792,-0.2866218686103821,-0.7440922856330872,-0.0452983863651752,0.0038867015391588,0.9961133599281312,-0.2015444934368133,-1.0,-1.0,-1.0,-1.0,-1.0,-1.0,-1.0,1.0,0.0,0.0,0.0,1.0,0.0,0.0,0.0,1.0,0.0,0.0,0.0
20260319_165846_036208,2,46,2.766235828399658,0.3897809684276581,-0.170194694499079,-6.2955057405179,0.0,-0.607626058092535,-0.1782923936843872,-1.5831130624045215,0.0,0.0038938899815807,0.02,0.15,0.0,carpet,12345,2458047843,0,0,2,0,0,0,-0.5291613936424255,0.4982026815414428,-0.7528748512268066,0.0399679839611053,0.6909964680671692,-0.6535661220550537,-0.795012354850769,-0.108418270945549,-0.0164747983217239,1.0,-0.2955027818679809,-1.0,-1.0,-1.0,-1.0,-1.0,-1.0,-1.0,1.0,0.0,0.0,0.0,1.0,0.0,0.0,0.0,1.0,0.0,0.0,0.0
20260319_165846_036208,2,47,2.831395149230957,0.35608771443367,-0.1699999999999999,-6.4655057405179,0.0,0.3866118062802997,3.369325399398804,-0.9126102835110714,0.0,0.0,0.02,0.15,0.0,carpet,12345,2458047843,0,0,2,0,0,0,-0.8319780826568604,-0.7127631306648254,-0.8171839118003845,-0.2126960307359695,-0.1335088610649109,-0.631183922290802,0.7359616756439209,-0.1090007796883583,-0.0178818553686141,1.0,-0.2895078659057617,-1.0,-1.0,-1.0,-1.0,-1.0,-1.0,-1.0,1.0,0.0,0.0,0.0,1.0,0.0,0.0,0.0,1.0,0.0,0.0,0.0
20260319_165846_036208,2,48,2.841140985488892,0.3410680890083313,-0.1699999999999999,-6.6355057405179,0.0,0.6654494903436898,1.5019625425338743,-0.1762260429689206,0.0,0.0,0.02,0.15,0.0,carpet,12345,2458047843,0,0,2,0,0,0,0.8398635983467102,-0.1648256033658981,0.659479558467865,0.1515603065490722,1.0,1.0,-0.4941182732582092,-0.0275516510009765,0.0087085012346506,0.9912915229797364,-0.0539723187685012,-1.0,-1.0,-1.0,-1.0,-1.0,-1.0,-1.0,1.0,0.0,0.0,0.0,1.0,0.0,0.0,0.0,1.0,0.0,0.0,0.0
20260319_165846_036208,2,49,2.8420331478118896,0.3425233960151672,-0.16922815498944,-6.80473389550734,0.0,0.4627044425868689,-0.1455307006835937,0.0154369002111991,0.0,0.0,0.02,0.14922815498944,0.0,carpet,12345,2458047843,0,0,2,0,0,0,-0.0275376811623573,-0.90718811750412,-0.9728242754936218,-0.0179549437016248,-1.0,-0.3828210532665252,-0.515859067440033,-0.0153694152832031,0.0205618515610694,0.9794381856918336,-0.0984292030334472,-1.0,-1.0,-1.0,-1.0,-1.0,-1.0,-1.0,1.0,0.0,0.0,0.0,1.0,0.0,0.0,0.0,1.0,0.0,0.0,0.0
20260319_165846_036208,2,50,2.8751704692840576,0.3426709771156311,-0.1450129397007519,-6.949746835208092,0.0,0.343338804428555,-0.0147581100463867,0.4997412059849608,0.0,0.0,0.02,0.1250129397007519,0.0,carpet,12345,2458047843,0,0,2,0,0,0,0.5744569301605225,-0.2495841681957245,0.4641626179218292,-0.554750382900238,0.938926100730896,0.0317024625837802,0.6106506586074829,-0.0142543790861964,0.019413337111473,0.9805866479873656,-0.113879807293415,-1.0,-1.0,-1.0,-1.0,-1.0,-1.0,-1.0,1.0,0.0,0.0,0.0,1.0,0.0,0.0,0.0,1.0,0.0,0.0,0.0
20260319_165846_036208,2,51,2.8523402214050293,0.3401738703250885,-0.0914794870684066,-7.041226322276499,0.0,0.3199317730849884,0.2497106790542602,1.570410258631867,0.0,0.0,0.02,0.0714794870684066,0.0,carpet,12345,2458047843,0,0,2,0,0,0,-0.225862979888916,0.8195306658744812,-0.5545768141746521,0.0175573863089084,-0.5238514542579651,-0.0834608674049377,-0.8766734004020691,0.02716751024127,0.0192968603223562,0.9807031750679016,0.0176678467541933,-1.0,-1.0,-1.0,-1.0,-1.0,-1.0,-1.0,1.0,0.0,0.0,0.0,1.0,0.0,0.0,0.0,1.0,0.0,0.0,0.0
20260319_165846_036208,2,52,2.836670398712158,0.3351097106933594,-0.0427705431334314,-7.08399686540993,0.0,0.3665528206069695,0.5064159631729126,2.544589137331372,0.0,0.0,0.02,0.0227705431334314,0.0,carpet,12345,2458047843,0,0,2,0,0,0,0.4167807400226593,0.0375392660498619,0.769688069820404,0.7755460143089294,0.5951982140541077,-0.0425914414227008,0.4292364716529846,-0.0013706206809729,0.0212675463408231,0.9787324666976928,-0.0910720080137252,-1.0,-1.0,-1.0,-1.0,-1.0,-1.0,-1.0,1.0,0.0,0.0,0.0,1.0,0.0,0.0,0.0,1.0,0.0,0.0,0.0
20260319_165846_036208,2,53,2.843990087509156,0.3351518511772156,-0.0484080782795051,-7.132404943689435,0.0,0.2738611033588256,-0.0042140483856201,2.4318384344098973,0.0,0.0,0.02,0.0284080782795051,0.0,carpet,12345,2458047843,0,0,2,0,0,0,0.0582618899643421,-0.5261068940162659,-0.7696126699447632,-0.6313448548316956,-0.2482856214046478,-0.2804779708385467,-0.4434830844402313,-0.0209575649350881,0.0252641327679157,0.9747359156608582,-0.0516547858715057,-1.0,-1.0,-1.0,-1.0,-1.0,-1.0,-1.0,1.0,0.0,0.0,0.0,1.0,0.0,0.0,0.0,1.0,0.0,0.0,0.0
20260319_165846_036208,2,54,2.857104778289795,0.3396817445755005,-0.0770731281685901,-7.209478071858025,0.0,0.0921484925619893,-0.4529893398284912,1.8585374366281968,0.0,0.0,0.02,0.0570731281685901,0.0,carpet,12345,2458047843,0,0,2,0,0,0,0.7574402093887329,-0.5491606593132019,0.6475799679756165,-0.2263666093349456,-0.1119453683495521,0.8836156725883484,0.1239872351288795,-0.0118080135434865,0.0252308659255504,0.974769115447998,-0.0709257796406745,-1.0,-1.0,-1.0,-1.0,-1.0,-1.0,-1.0,1.0,0.0,0.0,0.0,1.0,0.0,0.0,0.0,1.0,0.0,0.0,0.0
20260319_165846_036208,2,55,2.86596941947937,0.3444963991641998,-0.1027711000627339,-7.312249171920759,0.0,-0.0512549952960057,-0.4814654588699341,1.344577998745322,0.0,0.0,0.02,0.0827711000627339,0.0,carpet,12345,2458047843,0,0,2,0,0,0,1.0,0.6444224119186401,-0.6521363258361816,-0.7705057263374329,0.3125211000442505,0.7302307486534119,0.1496198028326034,0.0045852661132812,0.0216559339314699,0.9783440828323364,-0.0296084303408861,-1.0,-1.0,-1.0,-1.0,-1.0,-1.0,-1.0,1.0,0.0,0.0,0.0,1.0,0.0,0.0,0.0,1.0,0.0,0.0,0.0
20260319_165846_036208,2,56,2.862408399581909,0.3470054268836975,-0.1249963872571332,-7.437245559177892,0.0,-0.1011669394594321,-0.250902771949768,0.900072254857335,0.0,0.0,0.02,0.1049963872571332,0.0,carpet,12345,2458047843,0,0,2,0,0,0,0.850504457950592,-0.7395564913749695,0.8407175540924072,-0.6407929062843323,0.6798995733261108,0.8790603876113892,-0.205854058265686,0.0156661979854106,0.017856266349554,0.982143759727478,0.0126189114525914,-1.0,-1.0,-1.0,-1.0,-1.0,-1.0,-1.0,1.0,0.0,0.0,0.0,1.0,0.0,0.0,0.0,1.0,0.0,0.0,0.0
20260319_165846_036208,2,57,2.8783421516418457,0.3506593108177185,-0.1493540910586372,-7.586599650236529,0.0,-0.1672223029450918,-0.3653883934020996,0.4129181788272547,0.0,0.0,0.02,0.1293540910586372,0.0,carpet,12345,2458047843,0,0,2,0,0,0,0.3464405238628387,0.8106608390808105,0.2721437215805053,-0.5269549489021301,0.4515376687049866,0.1434058248996734,0.4269411265850067,0.0112148281186819,0.0158761572092771,0.9841238856315612,-0.0075196749530732,-1.0,-1.0,-1.0,-1.0,-1.0,-1.0,-1.0,1.0,0.0,0.0,0.0,1.0,0.0,0.0,0.0,1.0,0.0,0.0,0.0
20260319_165846_036208,2,58,2.8240551948547363,0.3405831158161163,-0.1613573246974244,-7.747956974933953,0.0,0.1264881478312247,1.0076195001602173,0.1728535060515099,0.0,0.0,0.02,0.1413573246974244,0.0,carpet,12345,2458047843,0,0,2,0,0,0,0.7619986534118652,0.9749892354011536,-0.960745334625244,0.8113635778427124,-0.6147716641426086,-0.4370502233505249,-1.0,0.0311321262270212,0.0129925608634948,0.98700749874115,0.0627799704670906,-1.0,-1.0,-1.0,-1.0,-1.0,-1.0,-1.0,1.0,0.0,0.0,0.0,1.0,0.0,0.0,0.0,1.0,0.0,0.0,0.0
20260319_165846_036208,2,59,2.763200759887696,0.3526419699192047,-0.1699999999999999,-7.917956974933953,0.0,-0.2066052417037838,-1.205885410308838,-0.3076128390110995,0.0,0.0,0.02,0.15,0.0,carpet,12345,2458047843,0,0,2,0,0,0,0.4223614931106567,-0.3538236916065216,0.6890750527381897,0.5587946772575378,-0.476444810628891,-0.1815672516822815,-0.511274516582489,-0.0367267616093158,0.0209445785731077,0.9790554642677308,-0.1216434687376022,-1.0,-1.0,-1.0,-1.0,-1.0,-1.0,-1.0,1.0,0.0,0.0,0.0,1.0,0.0,0.0,0.0,1.0,0.0,0.0,0.0
20260319_165846_036208,2,60,2.783323287963867,0.3404940366744995,-0.1699999999999999,-8.087956974933954,0.0,0.148744399839785,1.21479332447052,-0.2510169317333037,0.0,0.0,0.02,0.15,0.0,carpet,12345,2458047843,0,0,2,0,0,0,0.1485074162483215,-0.1924948245286941,-1.0,-0.8384783267974854,-0.2419886142015457,-0.6290290355682373,0.5641433000564575,-0.1127948760986328,0.0114278430119156,0.9885721802711488,-0.2229768931865692,-1.0,-1.0,-1.0,-1.0,-1.0,-1.0,-1.0,1.0,0.0,0.0,0.0,1.0,0.0,0.0,0.0,1.0,0.0,0.0,0.0
20260319_165846_036208,2,61,2.7998263835906982,0.3345641493797302,-0.1669978227094109,-8.254954797643364,0.0,0.259805482249078,0.5929887294769287,0.06004354581178,0.0,0.0,0.02,0.1469978227094109,0.0,carpet,12345,2458047843,0,0,2,0,0,0,0.5004798769950867,1.0,-0.965791404247284,-0.820673942565918,-0.0012456368422135,0.0978031456470489,0.3247271478176117,-0.0876415222883224,0.0210148748010396,0.9789851903915404,-0.0896031484007835,-1.0,-1.0,-1.0,-1.0,-1.0,-1.0,-1.0,1.0,0.0,0.0,0.0,1.0,0.0,0.0,0.0,1.0,0.0,0.0,0.0
20260319_165846_036208,2,62,2.8194522857666016,0.3444325029850006,-0.1645322121586869,-8.419487009802051,0.0,-0.051854728444951,-0.9868353605270386,0.109355756826261,0.0,0.0,0.02,0.1445322121586869,0.0,carpet,12345,2458047843,0,0,2,0,0,0,0.0010871262056753,0.5058839321136475,0.2945504784584045,-0.2963095903396606,-0.3788199126720428,0.9591448307037354,0.2300540059804916,-0.0670127868652343,0.0256946962326765,0.9743053317070008,-0.0331010781228542,-1.0,-1.0,-1.0,-1.0,-1.0,-1.0,-1.0,1.0,0.0,0.0,0.0,1.0,0.0,0.0,0.0,1.0,0.0,0.0,0.0
20260319_165846_036208,2,63,2.800398588180542,0.3236577808856964,-0.1321472467039879,-8.55163425650604,0.0,0.4804770061488881,2.07747220993042,0.7570550659202411,0.0,0.0,0.02,0.1121472467039879,0.0,carpet,12345,2458047843,0,0,2,0,0,0,0.979871928691864,-0.4583910405635834,-0.055377647280693,-0.1190408244729042,1.0,-0.5517234206199646,-0.2546719908714294,-0.04248046875,0.017906691879034,0.9820933938026428,0.044337723404169,-1.0,-1.0,-1.0,-1.0,-1.0,-1.0,-1.0,1.0,0.0,0.0,0.0,1.0,0.0,0.0,0.0,1.0,0.0,0.0,0.0
20260319_165846_036208,2,64,2.79562783241272,0.3221749067306518,-0.11860017367116,-8.6702344301772,0.0,0.3974296084877835,0.1482874155044555,1.0279965265768,0.0,0.0,0.02,0.09860017367116,0.0,carpet,12345,2458047843,0,0,2,0,0,0,0.7078796625137329,-0.2941570878028869,0.9148839116096495,0.6551086902618408,-0.035601407289505,-0.29579558968544,0.1037757024168968,-0.0662975311279296,0.0343018621206283,0.9656981825828552,-0.0532961226999759,-1.0,-1.0,-1.0,-1.0,-1.0,-1.0,-1.0,1.0,0.0,0.0,0.0,1.0,0.0,0.0,0.0,1.0,0.0,0.0,0.0
20260319_165846_036208,2,65,2.7607407569885254,0.3339636027812958,-0.1081021713309841,-8.778336601508183,0.0,0.0033548050997325,-1.178869605064392,1.2379565733803162,0.0,0.0,0.02,0.0881021713309841,0.0,carpet,12345,2458047843,0,0,2,0,0,0,0.3623493611812591,-0.7455002069473267,0.5208714008331299,-0.8750987648963928,-0.5843775868415833,-0.339301586151123,-0.9128237962722778,-0.0722610503435134,0.0354721434414386,0.9645279049873352,-0.056178979575634,-1.0,-1.0,-1.0,-1.0,-1.0,-1.0,-1.0,1.0,0.0,0.0,0.0,1.0,0.0,0.0,0.0,1.0,0.0,0.0,0.0
20260319_165846_036208,2,66,2.738326072692871,0.3409145474433899,-0.1241022669593509,-8.902438868467534,0.0,-0.1712575127275499,-0.6950944662094116,0.9179546608129812,0.0,0.0,0.02,0.1041022669593509,0.0,carpet,12345,2458047843,0,0,2,0,0,0,-0.8924774527549744,-0.6498106718063354,-0.4395446479320526,-0.0034482816699892,-0.1986813396215438,-0.9822965264320374,-0.4254882931709289,-0.115869902074337,0.026168642565608,0.9738314151763916,-0.1845062971115112,-1.0,-1.0,-1.0,-1.0,-1.0,-1.0,-1.0,1.0,0.0,0.0,0.0,1.0,0.0,0.0,0.0,1.0,0.0,0.0,0.0
20260319_165846_036208,2,67,2.7275586128234863,0.3518112003803253,-0.1574554186983963,-9.05989428716593,0.0,-0.4008594579690481,-1.0896652936935425,0.257289720594855,0.0,0.006398094562783,0.02,0.1371355139702572,0.0,carpet,12345,2458047843,0,0,2,0,0,0,0.2319264858961105,-0.9248743057250975,-0.5397117137908936,0.2852930128574371,0.995449721813202,-0.4287639260292053,-0.7198144197463989,-0.1438880860805511,0.0206830240786075,0.9793170094490052,-0.2066248059272766,-1.0,-1.0,-1.0,-1.0,-1.0,-1.0,-1.0,1.0,0.0,0.0,0.0,1.0,0.0,0.0,0.0,1.0,0.0,0.0,0.0
20260319_165846_036208,2,68,2.7363948822021484,0.3469435274600982,-0.1652504600283952,-9.225144747194324,0.0,-0.1789527704711133,0.4867672920227051,0.1301916785686927,0.0,0.0352008791365982,0.02,0.1434904160715653,0.0,carpet,12345,2458047843,0,0,2,0,0,0,0.95255708694458,0.5082519054412842,0.1497658342123031,-0.2509501278400421,0.3624085783958435,0.2120351195335388,-0.5704411268234253,-0.157347485423088,0.0120834745466709,0.9879165291786194,-0.2370870262384414,-1.0,-1.0,-1.0,-1.0,-1.0,-1.0,-1.0,1.0,0.0,0.0,0.0,1.0,0.0,0.0,0.0,1.0,0.0,0.0,0.0
20260319_165846_036208,2,69,2.7539191246032715,0.3205667436122894,-0.1629521003770534,-9.388096847571378,0.0,0.525205018341893,2.637678384780884,0.1749196907616976,0.0,0.0339616983027669,0.02,0.1412540154619151,0.0,carpet,12345,2458047843,0,0,2,0,0,0,0.3279932737350464,-0.720695972442627,-0.5089036226272583,0.0874679237604141,-0.7969440221786499,-0.5670020580291748,-0.2885486185550689,-0.1463020294904709,0.0159250181168317,0.9840750098228456,-0.2436079531908035,-1.0,-1.0,-1.0,-1.0,-1.0,-1.0,-1.0,1.0,0.0,0.0,0.0,1.0,0.0,0.0,0.0,1.0,0.0,0.0,0.0
20260319_165846_036208,2,70,2.797759532928467,0.3134699761867523,-0.1525593484165622,-9.54065619598794,0.0,0.5713229493948404,0.7096767425537109,0.3488130316687545,0.0,0.0,0.02,0.1325593484165622,0.0,carpet,12345,2458047843,0,0,2,0,0,0,0.7321715950965881,-0.4911455810070038,0.4411341547966003,-0.8501057028770447,0.9783549308776855,0.6745193600654602,0.3552700281143188,-0.1243968978524208,0.0367412865161895,0.963258683681488,-0.1649324744939804,-1.0,-1.0,-1.0,-1.0,-1.0,-1.0,-1.0,1.0,0.0,0.0,0.0,1.0,0.0,0.0,0.0,1.0,0.0,0.0,0.0
20260319_165846_036208,2,71,2.7896082401275635,0.3133070766925812,-0.1310988537015281,-9.671755049689468,0.0,0.432564699400416,0.0162899494171142,0.778022925969438,0.0,0.0,0.02,0.1110988537015281,0.0,carpet,12345,2458047843,0,0,2,0,0,0,-0.4107876718044281,-0.8104992508888245,0.1447619497776031,0.8255271911621094,-0.1198688000440597,-0.8759264945983887,-0.5921071767807007,-0.0695964843034744,0.0423419848084449,0.957658052444458,-0.0358287990093231,-1.0,-1.0,-1.0,-1.0,-1.0,-1.0,-1.0,1.0,0.0,0.0,0.0,1.0,0.0,0.0,0.0,1.0,0.0,0.0,0.0
20260319_165846_036208,2,72,2.801852226257324,0.3196459710597992,-0.1142384197966575,-9.785993469486126,0.0,0.1659511653698615,-0.6338894367218018,1.1152316040668495,0.0,0.0,0.02,0.0942384197966575,0.0,carpet,12345,2458047843,0,0,2,0,0,0,0.9620463848114014,-0.8874287009239197,-0.86260986328125,0.7188311219215393,-0.0965901166200637,0.063483215868473,0.6150709986686707,-0.0797855406999588,0.0424705483019351,0.9575294256210328,-0.1036372855305671,-1.0,-1.0,-1.0,-1.0,-1.0,-1.0,-1.0,1.0,0.0,0.0,0.0,1.0,0.0,0.0,0.0,1.0,0.0,0.0,0.0
20260319_165846_036208,2,73,2.82181715965271,0.324778139591217,-0.0943874888611081,-9.880380958347232,0.0,-0.0038408392580606,-0.5132168531417847,1.512250222777837,0.0,0.0,0.02,0.0743874888611081,0.0,carpet,12345,2458047843,0,0,2,0,0,0,-0.5774956941604614,-0.9785082936286926,0.236187607049942,-0.2930410504341125,0.223662793636322,1.0,0.8172998428344727,-0.0644805878400802,0.0374679528176784,0.962532103061676,-0.0171602834016084,-1.0,-1.0,-1.0,-1.0,-1.0,-1.0,-1.0,1.0,0.0,0.0,0.0,1.0,0.0,0.0,0.0,1.0,0.0,0.0,0.0
20260319_165846_036208,2,74,2.799415111541748,0.3101296126842499,-0.0672732231760197,-9.947654181523252,0.0,0.3633325432306549,1.4648526906967163,2.054535536479605,0.0,0.0,0.02,0.0472732231760197,0.0,carpet,12345,2458047843,0,0,2,0,0,0,-0.5534720420837402,0.2948795258998871,-0.5958456993103027,-0.6347281336784363,-0.3421043157577514,-0.4934757053852081,-0.7729507088661194,-0.039524458348751,0.0334177054464817,0.9665822982788086,0.0943029075860977,-1.0,-1.0,-1.0,-1.0,-1.0,-1.0,-1.0,1.0,0.0,0.0,0.0,1.0,0.0,0.0,0.0,1.0,0.0,0.0,0.0
20260319_165846_036208,2,75,2.7869017124176025,0.3123757541179657,-0.0827161805141106,-10.030370362037363,0.0,0.2163458715800743,-0.224614143371582,1.7456763897177865,0.0,0.0,0.02,0.0627161805141106,0.0,carpet,12345,2458047843,0,0,2,0,0,0,-1.0,0.0056022866629064,-0.9761544466018676,0.6788826584815979,-0.1952913403511047,0.5927940607070923,-0.1652688533067703,-0.0675270110368728,0.0449781753122806,0.955021858215332,-0.0286667589098215,-1.0,-1.0,-1.0,-1.0,-1.0,-1.0,-1.0,1.0,0.0,0.0,0.0,1.0,0.0,0.0,0.0,1.0,0.0,0.0,0.0
20260319_165846_036208,2,76,2.799366950988769,0.3118574917316437,-0.1025215298166973,-10.13289189185406,0.0,0.1752159633431063,0.0518262386322021,1.3495694036660524,0.0,0.0,0.02,0.0825215298166973,0.0,carpet,12345,2458047843,0,0,2,0,0,0,0.9239993095397948,0.4699885547161102,-0.4983625411987304,0.6046575903892517,0.0400948300957679,0.185053214430809,0.1180537268519401,-0.0831684097647667,0.0432055369019508,0.956794500350952,-0.057397685945034,-1.0,-1.0,-1.0,-1.0,-1.0,-1.0,-1.0,1.0,0.0,0.0,0.0,1.0,0.0,0.0,0.0,1.0,0.0,0.0,0.0
20260319_165846_036208,2,77,2.800384044647217,0.3150377571582794,-0.1215544979446453,-10.254446389798703,0.0,0.0519053368414574,-0.3180265426635742,0.968910041107094,0.0,0.0,0.02,0.1015544979446453,0.0,carpet,12345,2458047843,0,0,2,0,0,0,-0.1977288424968719,0.1572206616401672,0.5348913669586182,0.3701956868171692,-0.8018993735313416,0.7076061367988586,-0.1781237125396728,-0.0675868988037109,0.0436145439743995,0.9563854336738586,-0.0001160127067123,-1.0,-1.0,-1.0,-1.0,-1.0,-1.0,-1.0,1.0,0.0,0.0,0.0,1.0,0.0,0.0,0.0,1.0,0.0,0.0,0.0
20260319_165846_036208,2,78,2.796330213546753,0.3032963573932647,-0.1132288563753161,-10.367675246174022,0.0,0.3324639967564451,1.1741399765014648,1.1354228724936777,0.0,0.0,0.02,0.0932288563753161,0.0,carpet,12345,2458047843,0,0,2,0,0,0,-0.5546401739120483,0.369994193315506,0.6617236137390137,0.8322085738182068,1.0,0.0721042156219482,-0.2922982573509216,-0.0663158446550369,0.0411047041416168,0.9588953256607056,-0.0093326941132545,-1.0,-1.0,-1.0,-1.0,-1.0,-1.0,-1.0,1.0,0.0,0.0,0.0,1.0,0.0,0.0,0.0,1.0,0.0,0.0,0.0
20260319_165846_036208,2,79,2.7934794425964355,0.2990549504756927,-0.0952676558870817,-10.462942902061103,0.0,0.3553831705066272,0.4241406917572021,1.4946468822583654,0.0,0.0,0.02,0.0752676558870817,0.0,carpet,12345,2458047843,0,0,2,0,0,0,0.2769862115383148,-0.1290981918573379,-0.6128550171852112,-0.4074192643165588,-0.920155107975006,0.2356471568346023,-0.2455315142869949,-0.0713829025626182,0.0503709055483341,0.9496291279792786,-0.0276708789169788,-1.0,-1.0,-1.0,-1.0,-1.0,-1.0,-1.0,1.0,0.0,0.0,0.0,1.0,0.0,0.0,0.0,1.0,0.0,0.0,0.0
20260319_165846_036208,2,80,2.8022830486297607,0.3178693354129791,-0.1236253953262232,-10.586568297387329,0.0,-0.2038222455521747,-1.8814384937286377,0.9274920934755356,0.0,0.0,0.02,0.1036253953262232,0.0,carpet,12345,2458047843,0,0,2,0,0,0,-0.1437253654003143,0.6579697728157043,0.8115054965019226,-0.9088796377182008,0.5856132507324219,-1.0,0.94772607088089,-0.0749465972185134,0.0537181831896305,0.9462818503379822,-0.0428697615861892,-1.0,-1.0,-1.0,-1.0,-1.0,-1.0,-1.0,1.0,0.0,0.0,0.0,1.0,0.0,0.0,0.0,1.0,0.0,0.0,0.0
20260319_165846_036208,2,81,2.7794978618621826,0.2925402224063873,-0.110424631855194,-10.69699292924252,0.0,0.4803611410006567,2.53291130065918,1.191507362896118,0.0,0.0,0.02,0.090424631855194,0.0,carpet,12345,2458047843,0,0,2,0,0,0,-0.1634458899497985,-0.4568613469600677,-0.5638740062713623,1.0,0.8948962688446045,0.1898108571767807,-0.3855238854885101,-0.0639419555664062,0.0388700552284717,0.9611299633979796,0.0914829447865486,-1.0,-1.0,-1.0,-1.0,-1.0,-1.0,-1.0,1.0,0.0,0.0,0.0,1.0,0.0,0.0,0.0,1.0,0.0,0.0,0.0
20260319_165846_036208,2,82,2.7750139236450195,0.30134978890419,-0.1121838453570785,-10.8091767745996,0.0,0.1400316933054171,-0.8809566497802734,1.156323092858429,0.0,0.0,0.02,0.0921838453570785,0.0,carpet,12345,2458047843,0,0,2,0,0,0,0.6988871097564697,-0.8357737064361572,-0.9922351837158204,-0.0733177289366722,0.5192579627037048,0.3250581920146942,-0.4524299502372741,-0.0924232453107833,0.0588595308363437,0.9411404728889464,-0.053289521485567,-1.0,-1.0,-1.0,-1.0,-1.0,-1.0,-1.0,1.0,0.0,0.0,0.0,1.0,0.0,0.0,0.0,1.0,0.0,0.0,0.0
20260319_165846_036208,2,83,2.8117566108703613,0.2980657517910003,-0.1054228773087108,-10.91459965190831,0.0,0.1871246978088123,0.3284037113189697,1.2915424538257838,0.0,0.0,0.02,0.0854228773087108,0.0,carpet,12345,2458047843,0,0,2,0,0,0,0.6400109529495239,-0.7905716300010681,0.1541138291358947,-0.1644834131002426,0.2384461164474487,0.2206260114908218,0.4885528683662414,-0.0980281829833984,0.0519071146845817,0.9480929374694824,-0.1113369613885879,-1.0,-1.0,-1.0,-1.0,-1.0,-1.0,-1.0,1.0,0.0,0.0,0.0,1.0,0.0,0.0,0.0,1.0,0.0,0.0,0.0
20260319_165846_036208,2,84,2.8345518112182617,0.3224071860313415,-0.1454556937791292,-11.060055345687438,0.0,-0.4681923326519239,-2.4341434240341187,0.4908861244174147,0.0,0.0,0.02,0.1254556937791292,0.0,carpet,12345,2458047843,0,0,2,0,0,0,-0.3540040552616119,-0.3548012375831604,-0.3827502727508545,-0.8049454689025879,0.0818745493888855,0.6665783524513245,0.8656103610992432,-0.0520999915897846,0.0544988401234149,0.9455012083053588,0.0456303469836711,-1.0,-1.0,-1.0,-1.0,-1.0,-1.0,-1.0,1.0,0.0,0.0,0.0,1.0,0.0,0.0,0.0,1.0,0.0,0.0,0.0
20260319_165846_036208,2,85,2.817208766937256,0.3135497570037842,-0.1697102784944608,-11.2297656241819,0.0,-0.129708523800005,0.8857429027557373,0.0057944301107824,0.0,0.0,0.02,0.1497102784944608,0.0,carpet,12345,2458047843,0,0,2,0,0,0,0.5156505107879639,-0.8670156002044678,0.2269433438777923,-0.8752716779708862,0.0021158079616725,0.6891559362411499,-0.5281309485435486,-0.0236061103641986,0.0352888330817222,0.9647112488746644,0.1787798255681991,-1.0,-1.0,-1.0,-1.0,-1.0,-1.0,-1.0,1.0,0.0,0.0,0.0,1.0,0.0,0.0,0.0,1.0,0.0,0.0,0.0
20260319_165846_036208,2,86,2.805836200714112,0.3106978237628937,-0.1608183193082393,-11.39058394349014,0.0,-0.0259830618277447,0.2851933240890503,0.1836336138352123,0.0,0.0,0.02,0.1408183193082393,0.0,carpet,12345,2458047843,0,0,2,0,0,0,-0.1298414319753646,-0.9970458149909972,0.3521292209625244,0.859359860420227,-0.905811071395874,0.0864812210202217,-0.2375617772340774,-0.0452846512198448,0.0422790199518203,0.9577210545539856,0.0591235943138599,-1.0,-1.0,-1.0,-1.0,-1.0,-1.0,-1.0,1.0,0.0,0.0,0.0,1.0,0.0,0.0,0.0,1.0,0.0,0.0,0.0
20260319_165846_036208,2,87,2.796510934829712,0.2849960327148437,-0.1536835023667496,-11.544267445856889,0.0,0.6230574798304502,2.5701791048049927,0.3263299526650058,0.0,0.0,0.02,0.1336835023667497,0.0,carpet,12345,2458047843,0,0,2,0,0,0,0.7243457436561584,-0.0641963928937912,0.5904836058616638,0.7822043895721436,0.649996280670166,-0.1705211251974105,0.1252527981996536,-0.0595005042850971,0.0445297434926033,0.9554702639579772,0.0205706469714641,-1.0,-1.0,-1.0,-1.0,-1.0,-1.0,-1.0,1.0,0.0,0.0,0.0,1.0,0.0,0.0,0.0,1.0,0.0,0.0,0.0
20260319_165846_036208,2,88,2.795942783355713,0.2810450494289398,-0.1323817024309993,-11.676649148287888,0.0,0.5660676920204253,0.395098328590393,0.752365951380014,0.0,0.0,0.02,0.1123817024309993,0.0,carpet,12345,2458047843,0,0,2,0,0,0,0.344694048166275,-0.653282105922699,-0.4679564237594604,0.093375414609909,0.5249966382980347,0.404770940542221,-0.1847836673259735,-0.0711570754647255,0.0648133307695388,0.9351866841316224,-0.0075787911191582,-1.0,-1.0,-1.0,-1.0,-1.0,-1.0,-1.0,1.0,0.0,0.0,0.0,1.0,0.0,0.0,0.0,1.0,0.0,0.0,0.0
20260319_165846_036208,2,89,2.791548728942871,0.2907182872295379,-0.1326019461214213,-11.809251094409309,0.0,0.1827198240003724,-0.9673237800598145,0.7479610775715742,0.0,0.0,0.02,0.1126019461214212,0.0,carpet,12345,2458047843,0,0,2,0,0,0,-0.0026097637601196,-0.6192203760147095,-0.5270869135856628,0.986325204372406,0.7039817571640015,-1.0,0.098305843770504,-0.0718673691153526,0.0679314061999321,0.932068645954132,-0.0414683446288108,-1.0,-1.0,-1.0,-1.0,-1.0,-1.0,-1.0,1.0,0.0,0.0,0.0,1.0,0.0,0.0,0.0,1.0,0.0,0.0,0.0
20260319_165846_036208,2,90,2.820221185684204,0.2926381230354309,-0.1047401308461776,-11.913991225255486,0.0,0.0890439728529486,-0.1919835805892944,1.3051973830764467,0.0,0.0,0.02,0.0847401308461776,0.0,carpet,12345,2458047843,0,0,2,0,0,0,-0.3876269161701202,0.2830134034156799,0.1262818425893783,-0.242503136396408,-0.7407136559486389,0.7014247179031372,0.661204993724823,-0.0773597732186317,0.0602973885834217,0.9397026300430298,-0.0181302446871995,-1.0,-1.0,-1.0,-1.0,-1.0,-1.0,-1.0,1.0,0.0,0.0,0.0,1.0,0.0,0.0,0.0,1.0,0.0,0.0,0.0
20260319_165846_036208,2,91,2.791147470474243,0.268361359834671,-0.0645696016732419,-11.978560826928728,0.0,0.6737020596587087,2.4276763200759888,2.1086079665351605,0.0,0.0,0.02,0.0445696016732419,0.0,carpet,12345,2458047843,0,0,2,0,0,0,-0.2059721946716308,-0.0242389738559722,-0.4151857495307922,0.0628876239061355,-0.09871157258749,-0.8995695114135742,-0.2997073829174042,-0.0415191650390625,0.0587822683155536,0.9412177205085754,0.122530922293663,-1.0,-1.0,-1.0,-1.0,-1.0,-1.0,-1.0,1.0,0.0,0.0,0.0,1.0,0.0,0.0,0.0,1.0,0.0,0.0,0.0
20260319_165846_036208,2,92,2.749001979827881,0.27382293343544,-0.0448335883456135,-12.02339441527434,0.0,0.3687372047248232,-0.5461573600769043,2.5033282330877284,0.0,0.0,0.02,0.0248335883456135,0.0,carpet,12345,2458047843,0,0,2,0,0,0,-0.6511554718017578,0.1248679682612419,0.4840330183506012,0.2524219155311584,-0.5505812168121338,0.503207802772522,-0.8533989191055298,-0.0778614059090614,0.077941246330738,0.9220587611198424,0.0203654635697603,-1.0,-1.0,-1.0,-1.0,-1.0,-1.0,-1.0,1.0,0.0,0.0,0.0,1.0,0.0,0.0,0.0,1.0,0.0,0.0,0.0
20260319_165846_036208,2,93,2.7404441833496094,0.2845759391784668,-0.0756000743387393,-12.09899448961308,0.0,0.0077277599679348,-1.0753005743026731,1.887998513225213,0.0,0.0,0.02,0.0556000743387393,0.0,carpet,12345,2458047843,0,0,2,0,0,0,0.0783964544534683,-0.3419916033744812,-0.582482635974884,0.5901294350624084,-0.2908226251602173,0.2787829935550689,-0.9884323477745056,-0.1305431425571441,0.0736310258507728,0.92636901140213,-0.1448782086372375,-1.0,-1.0,-1.0,-1.0,-1.0,-1.0,-1.0,1.0,0.0,0.0,0.0,1.0,0.0,0.0,0.0,1.0,0.0,0.0,0.0
20260319_165846_036208,2,94,2.7853286266326904,0.2716280817985534,-0.0874288462160717,-12.186423335829152,0.0,0.3294922544737773,1.294785737991333,1.651423075678565,0.0,0.0,0.02,0.0674288462160717,0.0,carpet,12345,2458047843,0,0,2,0,0,0,-0.6361615061759949,-0.8994170427322388,-0.4733979701995849,-0.5921090245246887,-0.6581689715385437,0.0317045487463474,0.844615638256073,-0.1412403136491775,0.0651448667049408,0.9348551630973816,-0.1840157806873321,-1.0,-1.0,-1.0,-1.0,-1.0,-1.0,-1.0,1.0,0.0,0.0,0.0,1.0,0.0,0.0,0.0,1.0,0.0,0.0,0.0
20260319_165846_036208,2,95,2.762326955795288,0.2631857693195343,-0.0736559872745492,-12.2600793231037,0.0,0.4581770028308227,0.8442312479019165,1.926880254509016,0.0,0.0,0.02,0.0536559872745492,0.0,carpet,12345,2458047843,0,0,2,0,0,0,0.2551480531692505,0.2538152635097503,0.5210021734237671,-0.6098721027374268,0.3537733852863312,-0.0593213513493537,-0.755176305770874,-0.0851348862051963,0.0753631889820098,0.9246369004249572,0.0492075346410274,-1.0,-1.0,-1.0,-1.0,-1.0,-1.0,-1.0,1.0,0.0,0.0,0.0,1.0,0.0,0.0,0.0,1.0,0.0,0.0,0.0
20260319_165846_036208,2,96,2.749992847442627,0.2734497785568237,-0.0737565598576527,-12.333835882961354,0.0,0.0870325211908777,-1.0264009237289429,1.9248688028469445,0.0,0.0,0.02,0.0537565598576527,0.0,carpet,12345,2458047843,0,0,2,0,0,0,-0.8754165768623352,-0.9815158247947692,0.7660140991210938,-0.0611716695129871,0.0796492844820022,0.7375180125236511,-0.6207408905029297,-0.1138870269060134,0.0820257663726806,0.9179742336273192,-0.073236770927906,-1.0,-1.0,-1.0,-1.0,-1.0,-1.0,-1.0,1.0,0.0,0.0,0.0,1.0,0.0,0.0,0.0,1.0,0.0,0.0,0.0
20260319_165846_036208,2,97,2.7746143341064453,0.2658681273460388,-0.0947008792824495,-12.428536762243803,0.0,0.254815671162774,0.7581651210784912,1.50598241435101,0.0,0.0,0.02,0.0747008792824495,0.0,carpet,12345,2458047843,0,0,2,0,0,0,0.2191074788570404,0.2038933932781219,0.9574995040893556,-0.0256724152714014,-0.0492922514677047,-0.8058966398239136,0.6761301755905151,-0.1293044984340667,0.0739255174994468,0.9260745048522948,-0.1341545134782791,-1.0,-1.0,-1.0,-1.0,-1.0,-1.0,-1.0,1.0,0.0,0.0,0.0,1.0,0.0,0.0,0.0,1.0,0.0,0.0,0.0
20260319_165846_036208,2,98,2.778149604797364,0.2751927673816681,-0.115237951894623,-12.543774714138426,0.0,-0.0420042475186477,-0.9324640035629272,1.095240962107539,0.0,0.0,0.02,0.095237951894623,0.0,carpet,12345,2458047843,0,0,2,0,0,0,0.5326149463653564,0.3228950202465057,0.0291967578232288,0.0627963542938232,0.8710514903068542,-0.2965735197067261,0.7254855036735535,-0.0985279083251953,0.0799088776111602,0.920091152191162,0.0256337504833936,-1.0,-1.0,-1.0,-1.0,-1.0,-1.0,-1.0,1.0,0.0,0.0,0.0,1.0,0.0,0.0,0.0,1.0,0.0,0.0,0.0
20260319_165846_036208,2,99,2.757244110107422,0.2702047526836395,-0.1109644808024324,-12.654739194940856,0.0,0.093197181811746,0.4988014698028564,1.1807103839513502,0.0,0.0,0.02,0.0909644808024324,0.0,carpet,12345,2458047843,0,0,2,0,0,0,0.157957836985588,0.8770826458930969,-0.8964453339576721,0.6359840631484985,0.9014557600021362,0.5394439697265625,-0.8838136196136475,-0.0941085815429687,0.0725499615073204,0.9274500608444214,0.0674108415842056,-1.0,-1.0,-1.0,-1.0,-1.0,-1.0,-1.0,1.0,0.0,0.0,0.0,1.0,0.0,0.0,0.0,1.0,0.0,0.0,0.0
20260319_165846_036208,2,100,2.779376983642578,0.2645736336708069,-0.1169053004421411,-12.771644495383,0.0,0.2106758616796042,0.5631119012832642,1.0618939911571772,0.0,0.0,0.02,0.0969053004421411,0.0,carpet,12345,2458047843,0,0,2,0,0,0,-0.7573592066764832,1.0,0.3492268323898315,0.0435785800218582,-0.5137060284614563,-0.7220150828361511,0.6478303074836731,-0.1202404052019119,0.0764864608645439,0.9235135912895204,-0.1196749657392501,-1.0,-1.0,-1.0,-1.0,-1.0,-1.0,-1.0,1.0,0.0,0.0,0.0,1.0,0.0,0.0,0.0,1.0,0.0,0.0,0.0
20260319_165846_036208,2,101,2.754796504974365,0.2609394490718841,-0.1273710750220435,-12.899015570405044,0.0,0.248861511232775,0.3634184598922729,0.8525784995591295,0.0,0.0,0.02,0.1073710750220435,0.0,carpet,12345,2458047843,0,0,2,0,0,0,0.1795538961887359,0.605200469493866,0.0578722953796386,0.2734348475933075,-0.214258998632431,-0.9648180603981018,-0.2101866751909256,-0.092574693262577,0.0809304788708686,0.9190695881843568,0.0186087600886821,-1.0,-1.0,-1.0,-1.0,-1.0,-1.0,-1.0,1.0,0.0,0.0,0.0,1.0,0.0,0.0,0.0,1.0,0.0,0.0,0.0
20260319_165846_036208,2,102,2.77864408493042,0.2622731328010559,-0.1240574990718227,-13.023073069476863,0.0,0.1533040401952945,-0.1333683729171753,0.9188500185635462,0.0,0.0,0.02,0.1040574990718227,0.0,carpet,12345,2458047843,0,0,2,0,0,0,0.4456683397293091,-0.5024136900901794,0.1793343424797058,-0.3418766856193542,0.5633655786514282,0.4935517311096191,0.7603447437286377,-0.1233001723885536,0.0837985426187515,0.9162015318870544,-0.0371850095689296,-1.0,-1.0,-1.0,-1.0,-1.0,-1.0,-1.0,1.0,0.0,0.0,0.0,1.0,0.0,0.0,0.0,1.0,0.0,0.0,0.0
20260319_165846_036208,2,103,2.813335657119751,0.2909013032913208,-0.1668345942354694,-13.189907663712336,0.0,-0.6007262321101621,-2.8628170490264893,0.06330811529061,0.0,0.0,0.02,0.1468345942354695,0.0,carpet,12345,2458047843,0,0,2,0,0,0,-0.5022544860839844,0.8237511515617371,0.555030345916748,-0.839580774307251,-0.2622134089469909,0.3509436547756195,0.9694578647613524,-0.0934906005859375,0.0827460065484047,0.9172539710998536,0.0354547649621963,-1.0,-1.0,-1.0,-1.0,-1.0,-1.0,-1.0,1.0,0.0,0.0,0.0,1.0,0.0,0.0,0.0,1.0,0.0,0.0,0.0
20260319_165846_036208,2,104,2.812068462371826,0.303210973739624,-0.1699999999999999,-13.359907663712336,0.0,-0.7582864352901879,-1.2309670448303225,-0.6529740724809301,0.0,0.0,0.02,0.15,0.0,carpet,12345,2458047843,0,0,2,0,0,0,-0.5150548815727234,0.0402585938572883,0.0936272367835044,-0.2533045709133148,-0.9701483845710754,-0.6963600516319275,0.8548275232315063,-0.0501262657344341,0.0601529590785503,0.9398471117019652,0.1604087054729461,-1.0,-1.0,-1.0,-1.0,-1.0,-1.0,-1.0,1.0,0.0,0.0,0.0,1.0,0.0,0.0,0.0,1.0,0.0,0.0,0.0
20260319_165846_036208,2,105,2.808791399002075,0.2946791350841522,-0.1699999999999999,-13.529907663712336,0.0,-0.3554188600808459,0.8531838655471802,-1.101590114373522,0.0,0.0,0.02,0.15,0.0,carpet,12345,2458047843,0,0,2,0,0,0,0.4072595536708832,0.370169997215271,-0.2703902721405029,0.4258403182029724,-0.8918071985244751,0.5593321919441223,0.5472039580345154,-0.0517101287841796,0.0504382811486721,0.9495617747306824,0.1940352916717529,-1.0,-1.0,-1.0,-1.0,-1.0,-1.0,-1.0,1.0,0.0,0.0,0.0,1.0,0.0,0.0,0.0,1.0,0.0,0.0,0.0
20260319_165846_036208,2,106,2.77752685546875,0.2638915479183197,-0.1699999999999999,-13.699907663712334,0.0,0.5031255340851715,3.078758716583252,-0.8091404419679549,0.0,0.0,0.02,0.15,0.0,carpet,12345,2458047843,0,0,2,0,0,0,0.2803004086017608,0.4650669991970062,0.7126113772392273,-0.8055282831192017,0.5837496519088745,0.4214114248752594,-0.8353657722473145,-0.0558063499629497,0.0571715347468853,0.9428284764289856,0.1500611752271652,-1.0,-1.0,-1.0,-1.0,-1.0,-1.0,-1.0,1.0,0.0,0.0,0.0,1.0,0.0,0.0,0.0,1.0,0.0,0.0,0.0
20260319_165846_036208,2,107,2.809551954269409,0.2705356478691101,-0.1699999999999999,-13.869907663712334,0.0,0.2112416517941113,-0.6644099950790405,-0.8467603014066185,0.0,0.0,0.02,0.15,0.0,carpet,12345,2458047843,0,0,2,0,0,0,-1.0,0.334933876991272,-0.8422778248786926,-0.1527155339717865,-0.2241097241640091,0.7499354481697083,0.606135368347168,-0.0948871597647667,0.0814687758684158,0.9185312390327454,-0.061810340732336,-1.0,-1.0,-1.0,-1.0,-1.0,-1.0,-1.0,1.0,0.0,0.0,0.0,1.0,0.0,0.0,0.0,1.0,0.0,0.0,0.0
20260319_165846_036208,2,108,2.762082815170288,0.2598348259925842,-0.1699999999999999,-14.039907663712334,0.0,0.4259517857587411,1.070082187652588,-0.5741125558431719,0.0,0.0,0.02,0.15,0.0,carpet,12345,2458047843,0,0,2,0,0,0,0.3892657458782196,-0.6688716411590576,-1.0,0.7043747901916504,-0.3125045895576477,-0.8378024101257324,-0.9799152612686156,-0.0548557266592979,0.0762253254652023,0.9237747192382812,0.0777260214090347,-1.0,-1.0,-1.0,-1.0,-1.0,-1.0,-1.0,1.0,0.0,0.0,0.0,1.0,0.0,0.0,0.0,1.0,0.0,0.0,0.0
20260319_165846_036208,2,109,2.74186372756958,0.2502749860286712,-0.1407463242658064,-14.18065398797814,0.0,0.55845983841688,0.9559839963912964,0.5850735146838701,0.0,0.0,0.02,0.1207463242658064,0.0,carpet,12345,2458047843,0,0,2,0,0,0,0.3998003304004669,0.9499794840812684,0.5886517763137817,-0.7393264770507812,-0.4965574443340301,-0.201334998011589,-0.011748063378036,-0.1141922026872634,0.0846702978014946,0.9153297543525696,-0.111247718334198,-1.0,-1.0,-1.0,-1.0,-1.0,-1.0,-1.0,1.0,0.0,0.0,0.0,1.0,0.0,0.0,0.0,1.0,0.0,0.0,0.0
20260319_165846_036208,2,110,2.740525960922241,0.2524122595787048,-0.0845613504982066,-14.265215338476349,0.0,0.3654130400618101,-0.2137273550033569,1.708772990035868,0.0,0.0,0.02,0.0645613504982065,0.0,carpet,12345,2458047843,0,0,2,0,0,0,-0.7017720341682434,-0.9410108923912048,0.5257848501205444,0.0270521156489849,-0.0764600411057472,0.6954248547554016,-0.5731194615364075,-0.1394660919904709,0.0922148302197456,0.907785177230835,-0.1043607294559478,-1.0,-1.0,-1.0,-1.0,-1.0,-1.0,-1.0,1.0,0.0,0.0,0.0,1.0,0.0,0.0,0.0,1.0,0.0,0.0,0.0
20260319_165846_036208,2,111,2.767336130142212,0.2518889904022217,-0.0524333320212417,-14.31764867049759,0.0,0.2871415094584506,0.0523269176483154,2.3513333595751646,0.0,0.0,0.02,0.0324333320212417,0.0,carpet,12345,2458047843,0,0,2,0,0,0,-0.7681153416633606,-0.3337433040142059,0.9398908019065856,-0.3380670845508575,-0.7441450953483582,-0.0758324190974235,0.5612349510192871,-0.1411384642124176,0.0905281081795692,0.9094719290733336,-0.1224695220589637,-1.0,-1.0,-1.0,-1.0,-1.0,-1.0,-1.0,1.0,0.0,0.0,0.0,1.0,0.0,0.0,0.0,1.0,0.0,0.0,0.0
20260319_165846_036208,2,112,2.757636785507202,0.2549602389335632,-0.0706608627849857,-14.388309533282577,0.0,0.138574918810292,-0.3071248531341553,1.9867827443002848,0.0,0.0,0.02,0.0506608627849857,0.0,carpet,12345,2458047843,0,0,2,0,0,0,-0.2214747965335846,0.4960183203220367,0.6952103972434998,-0.3488014638423919,0.1958467066287994,-0.8375217914581299,0.1689323186874389,-0.1076255813241005,0.0909410640597343,0.9090589880943298,0.0144736850634217,-1.0,-1.0,-1.0,-1.0,-1.0,-1.0,-1.0,1.0,0.0,0.0,0.0,1.0,0.0,0.0,0.0,1.0,0.0,0.0,0.0
20260319_165846_036208,2,113,2.756448984146118,0.2567810714244842,-0.0783024265329569,-14.466611959815532,0.0,0.0584103768346864,-0.182083249092102,1.8339514693408605,0.0,0.0,0.02,0.0583024265329569,0.0,carpet,12345,2458047843,0,0,2,0,0,0,-0.2577865421772003,-0.2455467879772186,0.1550365537405014,-0.9511717557907104,0.0754860416054725,-0.3201401829719543,0.5640708804130554,-0.119749829173088,0.088517278432846,0.9114827513694764,0.0099057396873831,-1.0,-1.0,-1.0,-1.0,-1.0,-1.0,-1.0,1.0,0.0,0.0,0.0,1.0,0.0,0.0,0.0,1.0,0.0,0.0,0.0
20260319_165846_036208,2,114,2.7611825466156006,0.2540846168994903,-0.0940390585333507,-14.560651018348883,0.0,0.1112191457508657,0.2696454524993896,1.519218829332985,0.0,0.0,0.02,0.0740390585333507,0.0,carpet,12345,2458047843,0,0,2,0,0,0,-1.0,0.7818132042884827,-0.5250776410102844,0.5191710591316223,-0.7239662408828735,0.18034528195858,0.2941198647022247,-0.1212345138192176,0.0870802998542785,0.9129197597503662,0.011571692302823,-1.0,-1.0,-1.0,-1.0,-1.0,-1.0,-1.0,1.0,0.0,0.0,0.0,1.0,0.0,0.0,0.0,1.0,0.0,0.0,0.0
20260319_165846_036208,2,115,2.7763915061950684,0.2594199478626251,-0.1244604961924555,-14.685111514541338,0.0,-0.0499689147652162,-0.5335330963134766,0.9107900761508888,0.0,0.0,0.02,0.1044604961924555,0.0,carpet,12345,2458047843,0,0,2,0,0,0,-0.6418370604515076,0.4090241193771362,-0.680408239364624,-0.3632808625698089,-0.1667932420969009,0.4687802195549011,0.7891817092895508,-0.1153175383806228,0.0892082974314689,0.9107917547225952,0.0166213754564523,-1.0,-1.0,-1.0,-1.0,-1.0,-1.0,-1.0,1.0,0.0,0.0,0.0,1.0,0.0,0.0,0.0,1.0,0.0,0.0,0.0
20260319_165846_036208,2,116,2.776410818099976,0.2556572556495666,-0.139901617232918,-14.825013131774256,0.0,0.0565906192525602,0.3762692213058471,0.6019676553416389,0.0,0.0,0.02,0.119901617232918,0.0,carpet,12345,2458047843,0,0,2,0,0,0,0.7986389994621277,0.0155131444334983,-1.0,-0.5420851111412048,0.006548520643264,0.6906222701072693,-0.101141557097435,-0.0963062271475792,0.0849977061152458,0.9150022864341736,0.0708604156970977,-1.0,-1.0,-1.0,-1.0,-1.0,-1.0,-1.0,1.0,0.0,0.0,0.0,1.0,0.0,0.0,0.0,1.0,0.0,0.0,0.0
20260319_165846_036208,2,117,2.789276361465454,0.2691301703453064,-0.1689776878535451,-14.9939908196278,0.0,-0.2943799029540912,-1.3472914695739746,0.020446242929097,0.0,0.0,0.02,0.1489776878535451,0.0,carpet,12345,2458047843,0,0,2,0,0,0,-0.1269069164991378,0.7440263628959656,-0.1406146734952926,-0.4555187523365021,0.1246204897761344,0.4990727007389068,0.7496212124824524,-0.0962821990251541,0.0879671946167945,0.9120328426361084,0.0358116775751113,-1.0,-1.0,-1.0,-1.0,-1.0,-1.0,-1.0,1.0,0.0,0.0,0.0,1.0,0.0,0.0,0.0,1.0,0.0,0.0,0.0
20260319_165846_036208,2,118,2.789346218109131,0.260896623134613,-0.1699999999999999,-15.1639908196278,0.0,-0.0149462469482273,0.8233547210693359,-0.1330749228294223,0.0,0.0,0.02,0.15,0.0,carpet,12345,2458047843,0,0,2,0,0,0,-0.247276484966278,-0.2094139754772186,-0.7655002474784851,0.5743774175643921,0.2216105610132217,0.6794072389602661,-0.3607760071754455,-0.0802001953125,0.0773345082998275,0.922665536403656,0.1078774258494377,-1.0,-1.0,-1.0,-1.0,-1.0,-1.0,-1.0,1.0,0.0,0.0,0.0,1.0,0.0,0.0,0.0,1.0,0.0,0.0,0.0
20260319_165846_036208,2,119,2.786459922790528,0.2553974688053131,-0.1699999999999999,-15.3339908196278,0.0,0.1262691730213276,0.5499154329299927,-0.065216126642781,0.0,0.0,0.02,0.15,0.0,carpet,12345,2458047843,0,0,2,0,0,0,0.5311175584793091,-0.0854844525456428,-0.039475243538618,0.4671721458435058,-0.4506619870662689,-0.3683498501777649,0.1702669113874435,-0.080112837255001,0.0838323384523391,0.916167676448822,0.0361885093152523,-1.0,-1.0,-1.0,-1.0,-1.0,-1.0,-1.0,1.0,0.0,0.0,0.0,1.0,0.0,0.0,0.0,1.0,0.0,0.0,0.0
20260319_165846_036208,2,120,2.79360580444336,0.2651055455207824,-0.1699999999999999,-15.5039908196278,0.0,-0.1480000381207418,-0.970807671546936,-0.3244353105143887,0.0,0.0,0.02,0.15,0.0,carpet,12345,2458047843,0,0,2,0,0,0,0.2890292406082153,0.821566641330719,-0.6410470008850098,-0.3138886392116546,-0.0038659032434225,-0.1332808583974838,0.7741889357566833,-0.0837207809090614,0.0881722122430801,0.9118278622627258,0.046456255018711,-1.0,-1.0,-1.0,-1.0,-1.0,-1.0,-1.0,1.0,0.0,0.0,0.0,1.0,0.0,0.0,0.0,1.0,0.0,0.0,0.0
20260319_165846_036208,2,121,2.780876636505127,0.2544082105159759,-0.1699999999999999,-15.6739908196278,0.0,0.1564333465296101,1.069733500480652,-0.1180330492195622,0.0,0.0,0.02,0.15,0.0,carpet,12345,2458047843,0,0,2,0,0,0,0.1691312342882156,-0.4980187714099884,0.9785314202308656,-0.7797066569328308,-0.325378805398941,0.2077400088310241,-0.2371689230203628,-0.07478828728199,0.0805106982588768,0.9194893836975098,0.1141319870948791,-1.0,-1.0,-1.0,-1.0,-1.0,-1.0,-1.0,1.0,0.0,0.0,0.0,1.0,0.0,0.0,0.0,1.0,0.0,0.0,0.0
20260319_165846_036208,2,122,2.737053155899048,0.2490920722484588,-0.166219760094349,-15.840210579722148,0.0,0.250228466585142,0.531613826751709,0.0756047981130194,0.0,0.0,0.02,0.146219760094349,0.0,carpet,12345,2458047843,0,0,2,0,0,0,-0.7038305401802063,-0.7222437262535095,0.0579516217112541,0.0582390055060386,0.4944917559623718,-0.535521388053894,-0.8258416652679443,-0.0906997695565223,0.0889529287815094,0.911047101020813,0.0395157225430011,-1.0,-1.0,-1.0,-1.0,-1.0,-1.0,-1.0,1.0,0.0,0.0,0.0,1.0,0.0,0.0,0.0,1.0,0.0,0.0,0.0
20260319_165846_036208,2,123,2.7245562076568604,0.2576541602611542,-0.1528198074655716,-15.99303038718772,0.0,-0.026380850378544,-0.8562088012695312,0.3436038506885666,0.0,0.0,0.02,0.1328198074655716,0.0,carpet,12345,2458047843,0,0,2,0,0,0,0.5501556396484375,-0.1403897851705551,0.7750584483146667,-0.3004267513751983,1.0,-0.8949080109596252,-0.2435908764600753,-0.1454792022705078,0.093148373067379,0.9068517088890076,-0.1504191756248474,-1.0,-1.0,-1.0,-1.0,-1.0,-1.0,-1.0,1.0,0.0,0.0,0.0,1.0,0.0,0.0,0.0,1.0,0.0,0.0,0.0
20260319_165846_036208,2,124,2.69878888130188,0.26346555352211,-0.1603260185835492,-16.15335640577127,0.0,-0.1650704693077784,-0.581139326095581,0.1934796283290154,0.0,0.0,0.02,0.1403260185835492,0.0,carpet,12345,2458047843,0,0,2,0,0,0,0.3889931738376617,-0.0652064681053161,0.2452234029769897,0.0753908306360244,-0.0568833611905574,-0.7430692315101624,-0.7979642152786255,-0.1611003875732422,0.0863912627100944,0.913608729839325,-0.155079498887062,-1.0,-1.0,-1.0,-1.0,-1.0,-1.0,-1.0,1.0,0.0,0.0,0.0,1.0,0.0,0.0,0.0,1.0,0.0,0.0,0.0
20260319_165846_036208,2,125,2.726114511489868,0.2472920417785644,-0.1526127301542264,-16.305969135925498,0.0,0.2805349416077831,1.6173511743545532,0.3477453969154709,0.0,0.0,0.02,0.1326127301542264,0.0,carpet,12345,2458047843,0,0,2,0,0,0,0.8513324856758118,-0.8855941295623779,-0.4717775881290436,-0.6420302391052246,1.0,0.3629917502403259,0.3169032037258148,-0.1933097839355468,0.0818049609661102,0.9181950688362122,-0.2187561988830566,-1.0,-1.0,-1.0,-1.0,-1.0,-1.0,-1.0,1.0,0.0,0.0,0.0,1.0,0.0,0.0,0.0,1.0,0.0,0.0,0.0
20260319_165846_036208,2,126,2.77867078781128,0.2544885873794555,-0.143688349939011,-16.44965748586451,0.0,0.0304875661835666,-0.7196545600891113,0.5262330012197793,0.0,0.0,0.02,0.123688349939011,0.0,carpet,12345,2458047843,0,0,2,0,0,0,-0.7014105319976807,0.5887624025344849,0.052858505398035,-0.6535245180130005,0.6072804927825928,-0.6039801239967346,0.7810472846031189,-0.1591525971889495,0.0945689380168914,0.9054310917854308,-0.1189283430576324,-1.0,-1.0,-1.0,-1.0,-1.0,-1.0,-1.0,1.0,0.0,0.0,0.0,1.0,0.0,0.0,0.0,1.0,0.0,0.0,0.0
20260319_165846_036208,2,127,2.7859110832214355,0.2383076548576355,-0.1301405678813328,-16.579798053745844,0.0,0.4273889876831731,1.6180932521820068,0.7971886423733423,0.0,0.0,0.02,0.1101405678813328,0.0,carpet,12345,2458047843,0,0,2,0,0,0,-0.3908217847347259,-0.3490654826164245,0.1863873451948166,0.0124136367812752,0.0255561154335737,1.0,-0.3338688611984253,-0.0934574156999588,0.0888895019888877,0.911110520362854,0.0600974150002002,-1.0,-1.0,-1.0,-1.0,-1.0,-1.0,-1.0,1.0,0.0,0.0,0.0,1.0,0.0,0.0,0.0,1.0,0.0,0.0,0.0
20260319_165846_036208,2,128,2.793628454208374,0.2446571886539459,-0.134561821417859,-16.7143598751637,0.0,0.1618033958546192,-0.6349533796310425,0.7087635716428196,0.0,0.0,0.02,0.114561821417859,0.0,carpet,12345,2458047843,0,0,2,0,0,0,0.8268738389015198,-0.0541567057371139,-0.4411554932594299,0.6330062747001648,0.0114385234192013,-0.745205283164978,0.7752397060394287,-0.0844070464372634,0.1016593277454376,0.8983407020568848,0.0080588925629854,-1.0,-1.0,-1.0,-1.0,-1.0,-1.0,-1.0,1.0,0.0,0.0,0.0,1.0,0.0,0.0,0.0,1.0,0.0,0.0,0.0
20260319_165846_036208,2,129,2.795877456665039,0.2600677013397217,-0.1464382924116027,-16.860798167575304,0.0,-0.2639102702534188,-1.5410512685775757,0.4712341517679448,0.0,0.0,0.02,0.1264382924116027,0.0,carpet,12345,2458047843,0,0,2,0,0,0,0.2203364372253418,0.6651013493537903,-0.4558736979961395,-0.2739607095718384,0.5255624055862427,-0.6372607946395874,1.0,-0.0747600570321083,0.0966483280062675,0.9033517241477966,0.1019267365336418,-1.0,-1.0,-1.0,-1.0,-1.0,-1.0,-1.0,1.0,0.0,0.0,0.0,1.0,0.0,0.0,0.0,1.0,0.0,0.0,0.0
20260319_165846_036208,2,130,2.806422472000122,0.2563091516494751,-0.1433832169679089,-17.004181384543212,0.0,-0.1039689604339031,0.3758549690246582,0.5323356606418201,0.0,0.0,0.02,0.1233832169679089,0.0,carpet,12345,2458047843,0,0,2,0,0,0,-0.0017462120158597,-0.2843576967716217,0.8305688500404358,-0.1255904585123062,0.1018218249082565,0.4517489373683929,0.6947276592254639,-0.0719490051269531,0.0844865068793296,0.9155135750770568,0.1427868157625198,-1.0,-1.0,-1.0,-1.0,-1.0,-1.0,-1.0,1.0,0.0,0.0,0.0,1.0,0.0,0.0,0.0,1.0,0.0,0.0,0.0
20260319_165846_036208,2,131,2.80517840385437,0.2583344876766205,-0.1638404700985017,-17.168021854641715,0.0,-0.1286101210040726,-0.2025336027145385,0.1231905980299643,0.0,0.0,0.02,0.1438404700985018,0.0,carpet,12345,2458047843,0,0,2,0,0,0,0.1069712787866592,-0.1520060747861862,-0.6176448464393616,0.0190286897122859,-0.0377627350389957,-0.5427545309066772,0.8140984773635864,-0.0587676987051963,0.0874527245759964,0.9125472903251648,0.1650607734918594,-1.0,-1.0,-1.0,-1.0,-1.0,-1.0,-1.0,1.0,0.0,0.0,0.0,1.0,0.0,0.0,0.0,1.0,0.0,0.0,0.0
20260319_165846_036208,2,132,2.772446393966675,0.2257933616638183,-0.1295113204293298,-17.297533175071045,0.0,0.7170705595670057,3.2541126012802124,0.8097735914134034,0.0,0.0,0.02,0.1095113204293298,0.0,carpet,12345,2458047843,0,0,2,0,0,0,-0.4992392361164093,0.6944723725318909,-0.2735817432403564,-0.0681890249252319,-0.3047411739826202,-0.0725907161831855,-0.2683423459529876,-0.0603225715458393,0.0858543515205383,0.9141457080841064,0.1768693923950195,-1.0,-1.0,-1.0,-1.0,-1.0,-1.0,-1.0,1.0,0.0,0.0,0.0,1.0,0.0,0.0,0.0,1.0,0.0,0.0,0.0
20260319_165846_036208,2,133,2.7837135791778564,0.2420166134834289,-0.1442696886042388,-17.441802863675285,0.0,0.1322216241849929,-1.6223251819610596,0.5146062279152233,0.0,0.0,0.02,0.1242696886042388,0.0,carpet,12345,2458047843,0,0,2,0,0,0,0.3874464929103851,0.1782346665859222,-0.7074148058891296,0.7582459449768066,-0.1559516787528991,0.0837265253067016,0.9691855907440186,-0.1012378707528114,0.1115354746580123,0.8884645700454712,0.0279077123850584,-1.0,-1.0,-1.0,-1.0,-1.0,-1.0,-1.0,1.0,0.0,0.0,0.0,1.0,0.0,0.0,0.0,1.0,0.0,0.0,0.0
20260319_165846_036208,2,134,2.7142140865325928,0.2249565720558166,-0.126076495705517,-17.567879359380804,0.0,0.5256672538290559,1.7060041427612305,0.8784700858896599,0.0,0.0,0.02,0.106076495705517,0.0,carpet,12345,2458047843,0,0,2,0,0,0,-0.7509251832962036,-0.665919303894043,0.6901456117630005,0.3821229934692383,-0.9525995850563048,-0.6536979675292969,-0.8134951591491699,-0.0871536284685134,0.0987322404980659,0.9012677669525146,0.1086490899324417,-1.0,-1.0,-1.0,-1.0,-1.0,-1.0,-1.0,1.0,0.0,0.0,0.0,1.0,0.0,0.0,0.0,1.0,0.0,0.0,0.0
20260319_165846_036208,2,135,2.69167423248291,0.2261690497398376,-0.0946840572792834,-17.662563416660088,0.0,0.3639384982712528,-0.1212477684020996,1.5063188544143316,0.0,0.0,0.02,0.0746840572792834,0.0,carpet,12345,2458047843,0,0,2,0,0,0,0.8428016304969788,-0.0670528188347816,0.838271975517273,0.7733495235443115,0.3520714044570923,0.9420073628425598,0.4200801253318786,-0.1740280091762542,0.1121958568692207,0.8878042101860046,-0.0909992828965187,-1.0,-1.0,-1.0,-1.0,-1.0,-1.0,-1.0,1.0,0.0,0.0,0.0,1.0,0.0,0.0,0.0,1.0,0.0,0.0,0.0
20260319_165846_036208,2,136,2.7210941314697266,0.2247660607099533,-0.0740841792850606,-17.73664759594515,0.0,0.3080285994505516,0.1402989029884338,1.9183164142987863,0.0,0.0,0.02,0.0540841792850606,0.0,carpet,12345,2458047843,0,0,2,0,0,0,0.1741893589496612,0.5721657872200012,-0.844063937664032,-0.2194970250129699,0.4711153209209442,0.5940758585929871,-0.6957404613494873,-0.2022029906511306,0.1112389788031578,0.888761043548584,-0.0793399214744567,-1.0,-1.0,-1.0,-1.0,-1.0,-1.0,-1.0,1.0,0.0,0.0,0.0,1.0,0.0,0.0,0.0,1.0,0.0,0.0,0.0
20260319_165846_036208,2,137,2.7302043437957764,0.2226041555404663,-0.0534002192936026,-17.790047815238754,0.0,0.2850690788250887,0.2161905169486999,2.331995614127948,0.0,0.0,0.02,0.0334002192936026,0.0,carpet,12345,2458047843,0,0,2,0,0,0,0.2656740248203277,-0.0311178509145975,0.174017071723938,0.396818459033966,0.2488294690847396,-1.0,0.4688109457492828,-0.1654281616210937,0.112346202135086,0.8876538276672363,-0.1015279963612556,-1.0,-1.0,-1.0,-1.0,-1.0,-1.0,-1.0,1.0,0.0,0.0,0.0,1.0,0.0,0.0,0.0,1.0,0.0,0.0,0.0
20260319_165846_036208,2,138,2.7189834117889404,0.226040780544281,-0.0828594380707802,-17.872907253309535,0.0,0.1278861840234526,-0.3436625003814697,1.7428112385843946,0.0,0.0,0.02,0.0628594380707802,0.0,carpet,12345,2458047843,0,0,2,0,0,0,0.6486498117446899,0.861257016658783,-0.863842248916626,-0.0148879289627075,0.4518819153308868,-0.8935877084732056,-0.0852615609765052,-0.1540401428937912,0.1140523552894592,0.8859476447105408,0.0020757655147463,-1.0,-1.0,-1.0,-1.0,-1.0,-1.0,-1.0,1.0,0.0,0.0,0.0,1.0,0.0,0.0,0.0,1.0,0.0,0.0,0.0
20260319_165846_036208,2,139,2.670461416244507,0.2298270016908645,-0.0894075638123791,-17.962314817121914,0.0,0.0012591093530147,-0.3786221146583557,1.6118487237524164,0.0,0.0,0.02,0.0694075638123791,0.0,carpet,12345,2458047843,0,0,2,0,0,0,-0.4470426738262176,0.3714547455310821,-0.8043213486671448,0.3407666087150574,0.1003083437681198,-0.2512484490871429,-0.6345160603523254,-0.1680664122104644,0.1113402098417282,0.8886598348617554,-0.0290866512805223,-1.0,-1.0,-1.0,-1.0,-1.0,-1.0,-1.0,1.0,0.0,0.0,0.0,1.0,0.0,0.0,0.0,1.0,0.0,0.0,0.0
20260319_165846_036208,2,140,2.736966371536255,0.2148448526859283,-0.0969160236469247,-18.05923084076884,0.0,0.3754980571381452,1.4982149004936218,1.4616795270615055,0.0,0.0,0.02,0.0769160236469247,0.0,carpet,12345,2458047843,0,0,2,0,0,0,-0.933583915233612,0.4399438202381134,0.747712254524231,0.1484829932451248,0.5392317771911621,0.6528419256210327,0.7748502492904663,-0.22871895134449,0.1083521619439125,0.8916478157043457,-0.1688580513000488,-1.0,-1.0,-1.0,-1.0,-1.0,-1.0,-1.0,1.0,0.0,0.0,0.0,1.0,0.0,0.0,0.0,1.0,0.0,0.0,0.0
20260319_165846_036208,2,141,2.7947356700897217,0.2323712557554245,-0.1229397752546763,-18.18217061602352,0.0,-0.1565365338837807,-1.7526403069496157,0.9412044949064722,0.0,0.0,0.02,0.1029397752546763,0.0,carpet,12345,2458047843,0,0,2,0,0,0,-0.6545827984809875,-0.9460813999176024,-0.450475126504898,-0.9463518261909484,0.0366890206933021,0.5820899605751038,-0.1371365785598755,-0.1455879211425781,0.1201759204268455,0.8798241019248962,0.0283231176435947,-1.0,-1.0,-1.0,-1.0,-1.0,-1.0,-1.0,1.0,0.0,0.0,0.0,1.0,0.0,0.0,0.0,1.0,0.0,0.0,0.0
20260319_165846_036208,2,142,2.7937519550323486,0.2306510210037231,-0.1420610318082201,-18.324231647831738,0.0,-0.074396531620323,0.1720234751701355,0.5587793638355976,0.0,0.0,0.02,0.1220610318082201,0.0,carpet,12345,2458047843,0,0,2,0,0,0,-0.4030620753765106,0.5598491430282593,-0.2874142527580261,-0.0223322920501232,-0.1670445203781128,-0.8823974132537842,0.5561239123344421,-0.0733760818839073,0.1063442677259445,0.8936557173728943,0.0679176673293113,-1.0,-1.0,-1.0,-1.0,-1.0,-1.0,-1.0,1.0,0.0,0.0,0.0,1.0,0.0,0.0,0.0,1.0,0.0,0.0,0.0
20260319_165846_036208,2,143,2.80133318901062,0.2391408234834671,-0.1697166087849151,-18.49394825661665,0.0,-0.2680424607088127,-0.8489802479743958,0.0056678243016961,0.0,0.0,0.02,0.1497166087849152,0.0,carpet,12345,2458047843,0,0,2,0,0,0,0.0993442013859748,0.3680467009544372,-1.0,0.7119714617729187,-0.1945554167032241,0.9066116213798524,0.4681847691535949,-0.0746059417724609,0.1077018603682518,0.89229816198349,0.1193870306015014,-1.0,-1.0,-1.0,-1.0,-1.0,-1.0,-1.0,1.0,0.0,0.0,0.0,1.0,0.0,0.0,0.0,1.0,0.0,0.0,0.0
20260319_165846_036208,2,144,2.787516117095948,0.2315607666969299,-0.1699999999999999,-18.663948256616656,0.0,-0.0115304258682016,0.758005678653717,-0.1337487855899581,0.0,0.0,0.02,0.15,0.0,carpet,12345,2458047843,0,0,2,0,0,0,-0.8467389345169067,-0.4179707467556,0.5950406193733215,-0.688535213470459,-0.4659928679466247,0.4746640622615814,-0.598987877368927,-0.0651290863752365,0.1010017991065979,0.8989982008934021,0.1303097903728485,-1.0,-1.0,-1.0,-1.0,-1.0,-1.0,-1.0,1.0,0.0,0.0,0.0,1.0,0.0,0.0,0.0,1.0,0.0,0.0,0.0
20260319_165846_036208,2,145,2.7756001949310303,0.2303525060415268,-0.1699999999999999,-18.83394825661665,0.0,0.0215586969839307,0.1208260655403137,-0.1134491979590421,0.0,0.0,0.02,0.15,0.0,carpet,12345,2458047843,0,0,2,0,0,0,-0.5457025170326233,-0.2150687724351883,-0.883638322353363,-0.6322435736656189,-0.174054354429245,-0.5030491352081299,-0.5731802582740784,-0.0824005156755447,0.1069839000701904,0.8930160999298096,0.0203323736786842,-1.0,-1.0,-1.0,-1.0,-1.0,-1.0,-1.0,1.0,0.0,0.0,0.0,1.0,0.0,0.0,0.0,1.0,0.0,0.0,0.0
20260319_165846_036208,2,146,2.7492659091949463,0.2178867012262344,-0.1699999999999999,-19.00394825661666,0.0,0.3278141431202641,1.2465804815292358,-0.1611331119769232,0.0,0.0,0.02,0.15,0.0,carpet,12345,2458047843,0,0,2,0,0,0,0.5795419812202454,-0.9111688137054444,0.494975745677948,0.9056666493415833,0.2701411247253418,-0.193771094083786,-0.558009147644043,-0.097295381128788,0.1079374477267265,0.8920625448226929,-0.0193456690758466,-1.0,-1.0,-1.0,-1.0,-1.0,-1.0,-1.0,1.0,0.0,0.0,0.0,1.0,0.0,0.0,0.0,1.0,0.0,0.0,0.0
20260319_165846_036208,2,147,2.762930154800415,0.2192762494087219,-0.1596737337657569,-19.163621990382417,0.0,0.2111219027780038,-0.1389548182487487,0.2065253246848613,0.0,0.0,0.02,0.1396737337657569,0.0,carpet,12345,2458047843,0,0,2,0,0,0,0.8562235832214355,-0.2825334072113037,-0.7983378171920776,0.6083124279975891,-0.8498168587684631,-0.2306227535009384,0.163366213440895,-0.1302131712436676,0.1177753284573555,0.8822246789932251,-0.1007530912756919,-1.0,-1.0,-1.0,-1.0,-1.0,-1.0,-1.0,1.0,0.0,0.0,0.0,1.0,0.0,0.0,0.0,1.0,0.0,0.0,0.0
20260319_165846_036208,2,148,2.7704966068267822,0.220017209649086,-0.1489630361310202,-19.31258502651344,0.0,0.1398174210744116,-0.0740960240364074,0.4207392773795959,0.0,0.0,0.02,0.1289630361310202,0.0,carpet,12345,2458047843,0,0,2,0,0,0,-0.5504332184791565,-0.6044720411300659,0.6354920864105225,0.2629247903823852,-0.4047671258449554,0.2107739597558975,0.2324986606836319,-0.113132856786251,0.1166787073016166,0.8833213448524475,-0.0059732785448431,-1.0,-1.0,-1.0,-1.0,-1.0,-1.0,-1.0,1.0,0.0,0.0,0.0,1.0,0.0,0.0,0.0,1.0,0.0,0.0,0.0
20260319_165846_036208,2,149,2.8009040355682373,0.2236129343509674,-0.1348124156826412,-19.44739744219608,0.0,0.0149699482587664,-0.3595724701881408,0.7037516863471751,0.0,0.0,0.02,0.1148124156826412,0.0,carpet,12345,2458047843,0,0,2,0,0,0,-0.4982808232307434,0.7328706383705139,-0.4753713607788086,-0.4503094255924225,0.5339181423187256,1.0,0.1901203989982605,-0.1036750823259353,0.1160939559340477,0.8839061260223389,0.0310761723667383,-1.0,-1.0,-1.0,-1.0,-1.0,-1.0,-1.0,1.0,0.0,0.0,0.0,1.0,0.0,0.0,0.0,1.0,0.0,0.0,0.0
20260319_165846_036208,2,150,2.774177074432373,0.2341543734073639,-0.1468513201500233,-19.594248762346105,0.0,-0.2523085152158444,-1.0541439056396484,0.4629735969995323,0.0,0.0,0.02,0.1268513201500233,0.0,carpet,12345,2458047843,0,0,2,0,0,0,0.8907459378242493,0.8931905627250671,-0.3394549489021301,-0.3277283310890198,-0.505423367023468,0.7502861618995667,-0.94668310880661,-0.0656658187508583,0.1132562384009361,0.8867438435554504,0.0795418471097946,-1.0,-1.0,-1.0,-1.0,-1.0,-1.0,-1.0,1.0,0.0,0.0,0.0,1.0,0.0,0.0,0.0,1.0,0.0,0.0,0.0
20260319_165846_036208,2,151,2.7772133350372314,0.2198657989501953,-0.139530106248353,-19.73377886859446,0.0,0.1679829750173382,1.428857445716858,0.6093978750329399,0.0,0.0,0.02,0.119530106248353,0.0,carpet,12345,2458047843,0,0,2,0,0,0,0.7816731333732605,0.7868734002113342,0.3221966028213501,0.9470807909965516,0.8276011943817139,0.3788710236549377,-0.0925366058945655,-0.0990745574235916,0.1049370467662811,0.8950629830360413,-0.043290376663208,-1.0,-1.0,-1.0,-1.0,-1.0,-1.0,-1.0,1.0,0.0,0.0,0.0,1.0,0.0,0.0,0.0,1.0,0.0,0.0,0.0
20260319_165846_036208,2,152,2.7799861431121826,0.2180297672748565,-0.1473264122470422,-19.881105280841503,0.0,0.1718880231464794,0.1836031675338745,0.4534717550591551,0.0,0.0,0.02,0.1273264122470422,0.0,carpet,12345,2458047843,0,0,2,0,0,0,0.7930469512939453,0.1712592393159866,-0.6390022039413452,0.3006182312965393,0.1382305026054382,0.5281895995140076,-0.3273774683475494,-0.0952789336442947,0.1162134408950805,0.8837865591049194,-0.0126113640144467,-1.0,-1.0,-1.0,-1.0,-1.0,-1.0,-1.0,1.0,0.0,0.0,0.0,1.0,0.0,0.0,0.0,1.0,0.0,0.0,0.0
20260319_165846_036208,2,153,2.7617857456207275,0.2197206169366836,-0.1535502685952334,-20.03465554943673,0.0,0.0866447758141788,-0.1690849661827087,0.3289946280953302,0.0,0.0,0.02,0.1335502685952334,0.0,carpet,12345,2458047843,0,0,2,0,0,0,-0.2722097635269165,0.68560791015625,0.5628703236579895,-0.0232387110590934,-0.7669256925582886,-0.0936014801263809,-0.8021246790885925,-0.0918128937482833,0.1176624223589897,0.8823376297950745,-0.0067239245399832,-1.0,-1.0,-1.0,-1.0,-1.0,-1.0,-1.0,1.0,0.0,0.0,0.0,1.0,0.0,0.0,0.0,1.0,0.0,0.0,0.0
20260319_165846_036208,2,154,2.754854679107666,0.217783123254776,-0.1548700934535386,-20.18952564289028,0.0,0.1134209239083077,0.1937493681907653,0.3025981309292262,0.0,0.0,0.02,0.1348700934535386,0.0,carpet,12345,2458047843,0,0,2,0,0,0,-0.3968884348869324,-0.7946580648422241,0.7235187888145447,0.4277749061584472,0.6945322155952454,0.8229422569274902,-0.3149161040782928,-0.1145633682608604,0.1163280233740806,0.8836719989776611,-0.0628102868795394,-1.0,-1.0,-1.0,-1.0,-1.0,-1.0,-1.0,1.0,0.0,0.0,0.0,1.0,0.0,0.0,0.0,1.0,0.0,0.0,0.0
20260319_165846_036208,2,155,2.8042900562286377,0.2219547033309936,-0.1565797813151864,-20.34610542420546,0.0,-0.0192238089741891,-0.4171580076217651,0.2684043736962707,0.0,0.0,0.02,0.1365797813151864,0.0,carpet,12345,2458047843,0,0,2,0,0,0,-0.4840957522392273,-1.0,0.3499229848384857,-0.0886917784810066,0.7742998003959656,0.1001792028546333,0.6161985993385315,-0.1232273131608963,0.1178570687770843,0.882142961025238,-0.0740451291203498,-1.0,-1.0,-1.0,-1.0,-1.0,-1.0,-1.0,1.0,0.0,0.0,0.0,1.0,0.0,0.0,0.0,1.0,0.0,0.0,0.0
20260319_165846_036208,2,156,2.815375328063965,0.2296466082334518,-0.1543001295189992,-20.500405553724462,0.0,-0.2067154792921002,-0.7691904902458191,0.3139974096200149,0.0,0.0,0.02,0.1343001295189992,0.0,carpet,12345,2458047843,0,0,2,0,0,0,0.5690553188323975,0.1414290964603424,-0.8160383701324463,-0.1871050149202346,-0.8739781975746155,0.1431536972522735,0.517357349395752,-0.0614330284297466,0.1145648956298828,0.885435163974762,0.0954329669475555,-1.0,-1.0,-1.0,-1.0,-1.0,-1.0,-1.0,1.0,0.0,0.0,0.0,1.0,0.0,0.0,0.0,1.0,0.0,0.0,0.0
20260319_165846_036208,2,157,2.811915636062622,0.2306106388568878,-0.1699999999999999,-20.670405553724464,0.0,-0.179137375054978,-0.0964030623435974,-0.0331229404523014,0.0,0.0,0.02,0.15,0.0,carpet,12345,2458047843,0,0,2,0,0,0,0.6782594323158264,-0.8618549108505249,-0.749013364315033,0.5185239911079407,0.3402004837989807,-0.4027627408504486,0.503757119178772,-0.0475765243172645,0.1084945276379585,0.8915054798126221,0.1473473906517028,-1.0,-1.0,-1.0,-1.0,-1.0,-1.0,-1.0,1.0,0.0,0.0,0.0,1.0,0.0,0.0,0.0,1.0,0.0,0.0,0.0
20260319_165846_036208,2,158,2.806049346923828,0.2186010032892227,-0.1699999999999999,-20.840405553724462,0.0,0.1658878579003868,1.20096355676651,-0.039123105698394,0.0,0.0,0.02,0.15,0.0,carpet,12345,2458047843,0,0,2,0,0,0,-0.3325612246990204,-0.7745023965835571,-0.998823583126068,-0.423223465681076,0.1357917934656143,0.2203102260828018,-0.0502319298684597,-0.0519012436270713,0.1077337265014648,0.8922663331031799,0.1471335440874099,-1.0,-1.0,-1.0,-1.0,-1.0,-1.0,-1.0,1.0,0.0,0.0,0.0,1.0,0.0,0.0,0.0,1.0,0.0,0.0,0.0
20260319_165846_036208,2,159,2.7846295833587646,0.2127630710601806,-0.1627701841180606,-21.003175737842525,0.0,0.2703641991513592,0.5837932229042053,0.1445963176387863,0.0,0.0,0.02,0.1427701841180606,0.0,carpet,12345,2458047843,0,0,2,0,0,0,0.9012336730957032,0.61737459897995,0.3435404598712921,0.407096654176712,-0.3489861488342285,-0.0559436455368995,-0.5620835423469543,-0.0592342391610145,0.1172116100788116,0.8827884197235107,0.0745602324604988,-1.0,-1.0,-1.0,-1.0,-1.0,-1.0,-1.0,1.0,0.0,0.0,0.0,1.0,0.0,0.0,0.0,1.0,0.0,0.0,0.0
20260319_165846_036208,2,160,2.798792839050293,0.2144178599119186,-0.160371058909973,-21.1635467967525,0.0,0.1614034280700593,-0.1654788851737976,0.1925788218005379,0.0,0.0,0.02,0.1403710589099731,0.0,carpet,12345,2458047843,0,0,2,0,0,0,-0.5209921598434448,0.1739466190338134,0.0411490835249424,0.0813512206077575,0.027935829013586,0.6266351342201233,0.4316191375255584,-0.0860088318586349,0.1218188479542732,0.8781811594963074,-0.0081639625132083,-1.0,-1.0,-1.0,-1.0,-1.0,-1.0,-1.0,1.0,0.0,0.0,0.0,1.0,0.0,0.0,0.0,1.0,0.0,0.0,0.0
20260319_165846_036208,2,161,2.806973695755005,0.2328484505414962,-0.1699999999999999,-21.3335467967525,0.0,-0.3397121946869106,-1.843059062957764,-0.1279095639121834,0.0,0.0,0.02,0.15,0.0,carpet,12345,2458047843,0,0,2,0,0,0,-0.7004779577255249,0.1721389144659042,-0.6074749827384949,-0.3879553973674774,-0.4604259431362152,-0.9281325936317444,0.757911741733551,-0.0683048218488693,0.1205129027366638,0.879487156867981,0.0714500099420547,-1.0,-1.0,-1.0,-1.0,-1.0,-1.0,-1.0,1.0,0.0,0.0,0.0,1.0,0.0,0.0,0.0,1.0,0.0,0.0,0.0
20260319_165846_036208,2,162,2.779526710510254,0.2143521755933761,-0.1556785678466124,-21.489225364599115,0.0,0.2076227276878341,1.849627494812012,0.2864286430677509,0.0,0.0,0.02,0.1356785678466124,0.0,carpet,12345,2458047843,0,0,2,0,0,0,0.2696543633937835,0.4180749356746673,0.6348841190338135,-0.2459886074066162,1.0,-0.9301379323005676,-0.1912066340446472,-0.0580787658691406,0.1059676632285118,0.89403235912323,0.1662368327379226,-1.0,-1.0,-1.0,-1.0,-1.0,-1.0,-1.0,1.0,0.0,0.0,0.0,1.0,0.0,0.0,0.0,1.0,0.0,0.0,0.0
20260319_165846_036208,2,163,2.766716241836548,0.2148261070251464,-0.1395282610952823,-21.6287536256944,0.0,0.1438687599716246,-0.0473931431770324,0.6094347780943536,0.0,0.0,0.02,0.1195282610952823,0.0,carpet,12345,2458047843,0,0,2,0,0,0,-0.9401224851608276,0.2119627743959427,-0.989932656288147,-0.5589768290519714,0.7559745907783508,-0.925231397151947,-0.1133566424250602,-0.0923873931169509,0.1205647438764572,0.8794353008270264,0.0235286708921194,-1.0,-1.0,-1.0,-1.0,-1.0,-1.0,-1.0,1.0,0.0,0.0,0.0,1.0,0.0,0.0,0.0,1.0,0.0,0.0,0.0
20260319_165846_036208,2,164,2.771599292755127,0.2019116580486297,-0.1262845142707203,-21.75503813996512,0.0,0.4307627943916259,1.2914448976516724,0.8743097145855927,0.0,0.0,0.02,0.1062845142707203,0.0,carpet,12345,2458047843,0,0,2,0,0,0,-0.4781142771244049,0.2902584671974182,0.2987866103649139,-0.3714178502559662,-0.4749327600002289,0.0492241121828556,-0.0426995828747749,-0.1084003448486328,0.120190717279911,0.8798093199729919,-0.0197441447526216,-1.0,-1.0,-1.0,-1.0,-1.0,-1.0,-1.0,1.0,0.0,0.0,0.0,1.0,0.0,0.0,0.0,1.0,0.0,0.0,0.0
20260319_165846_036208,2,165,2.76209020614624,0.2027167826890945,-0.1246555252391826,-21.879693665204304,0.0,0.302943979782114,-0.0805124640464782,0.9068894952163477,0.0,0.0,0.02,0.1046555252391826,0.0,carpet,12345,2458047843,0,0,2,0,0,0,-0.5443024635314941,-0.0239314027130603,-0.6311460137367249,0.5902942419052124,-0.9010213017463684,0.0385565645992755,-0.4093765914440155,-0.1022964492440223,0.1303826719522476,0.8696173429489136,-0.0187173392623662,-1.0,-1.0,-1.0,-1.0,-1.0,-1.0,-1.0,1.0,0.0,0.0,0.0,1.0,0.0,0.0,0.0,1.0,0.0,0.0,0.0
20260319_165846_036208,2,166,2.766795873641968,0.2053178697824478,-0.1246166562675488,-22.00431032147185,0.0,0.162180807502736,-0.2601087093353271,0.9076668746490242,0.0,0.0,0.02,0.1046166562675487,0.0,carpet,12345,2458047843,0,0,2,0,0,0,0.1676017791032791,-0.2552857398986816,-0.170291468501091,0.1526439487934112,-0.7821367979049683,-0.8270336985588074,0.3084634244441986,-0.1141830459237098,0.1297472715377807,0.870252788066864,-0.0414860621094703,-1.0,-1.0,-1.0,-1.0,-1.0,-1.0,-1.0,1.0,0.0,0.0,0.0,1.0,0.0,0.0,0.0,1.0,0.0,0.0,0.0
20260319_165846_036208,2,167,2.7452495098114014,0.2100497186183929,-0.1074640772967815,-22.111774398768635,0.0,0.0033393847284344,-0.4731848835945129,1.2507184540643692,0.0,0.0,0.02,0.0874640772967815,0.0,carpet,12345,2458047843,0,0,2,0,0,0,0.7828543782234192,-0.0659125000238418,-0.0968542471528053,0.616145133972168,1.0,-0.993990421295166,-0.1860273778438568,-0.1083007827401161,0.1276945173740387,0.8723055124282837,0.0150895211845636,-1.0,-1.0,-1.0,-1.0,-1.0,-1.0,-1.0,1.0,0.0,0.0,0.0,1.0,0.0,0.0,0.0,1.0,0.0,0.0,0.0
20260319_165846_036208,2,168,2.7345058917999268,0.2115703821182251,-0.1196208161286475,-22.231395214897283,0.0,-0.0355120489494851,-0.1520663499832153,1.00758367742705,0.0,0.0,0.02,0.0996208161286475,0.0,carpet,12345,2458047843,0,0,2,0,0,0,0.4442992806434631,-0.3856553435325622,-0.2004824876785278,0.2260136604309082,-0.3074827790260315,0.7911380529403687,-0.8655909895896912,-0.1352336853742599,0.1239601895213127,0.8760398626327515,-0.062459323555231,-1.0,-1.0,-1.0,-1.0,-1.0,-1.0,-1.0,1.0,0.0,0.0,0.0,1.0,0.0,0.0,0.0,1.0,0.0,0.0,0.0
20260319_165846_036208,2,169,2.74815034866333,0.2172342985868454,-0.1352258515486096,-22.36662106644589,0.0,-0.1682319484276178,-0.56639164686203,0.6954829690278075,0.0,0.0,0.02,0.1152258515486096,0.0,carpet,12345,2458047843,0,0,2,0,0,0,-0.8326959013938904,-0.1631154268980026,-0.1926949471235275,0.947449028491974,-0.7558119297027588,1.0,-0.5460380911827087,-0.1486633270978927,0.1227601021528244,0.8772398829460144,-0.1758100986480713,-1.0,-1.0,-1.0,-1.0,-1.0,-1.0,-1.0,1.0,0.0,0.0,0.0,1.0,0.0,0.0,0.0,1.0,0.0,0.0,0.0
20260319_165846_036208,2,170,2.751701831817627,0.2165545672178268,-0.1622230251229535,-22.52884409156885,0.0,-0.109180677095253,0.0679731369018554,0.1555394975409285,0.0,0.0,0.02,0.1422230251229535,0.0,carpet,12345,2458047843,0,0,2,0,0,0,0.2821203172206878,-1.0,-0.2384025156497955,0.6481925845146179,-0.1832162141799926,0.7735648155212402,-0.6094219088554382,-0.1316078156232834,0.1182901933789253,0.8817098736763,-0.1312586218118667,-1.0,-1.0,-1.0,-1.0,-1.0,-1.0,-1.0,1.0,0.0,0.0,0.0,1.0,0.0,0.0,0.0,1.0,0.0,0.0,0.0
20260319_165846_036208,2,171,2.800570487976074,0.2053329944610595,-0.1674375335571721,-22.696281625126023,0.0,0.198653811097742,1.1221572756767273,0.0512493288565565,0.0,0.0,0.02,0.1474375335571721,0.0,carpet,12345,2458047843,0,0,2,0,0,0,0.0993128195405006,-0.0271016359329223,0.5737916231155396,-0.3931998312473297,0.427414983510971,0.7685226798057556,0.0219514407217502,-0.1271682679653167,0.1188266351819038,0.8811733722686768,-0.1195367127656936,-1.0,-1.0,-1.0,-1.0,-1.0,-1.0,-1.0,1.0,0.0,0.0,0.0,1.0,0.0,0.0,0.0,1.0,0.0,0.0,0.0
20260319_165846_036208,2,172,2.793937921524048,0.195715844631195,-0.1560756187288124,-22.85235724385484,0.0,0.3894191040699297,0.9617149829864502,0.2784876254237503,0.0,0.0,0.02,0.1360756187288125,0.0,carpet,12345,2458047843,0,0,2,0,0,0,0.1735633909702301,-0.6197017431259155,-0.0258792713284492,-0.633872926235199,-0.111243225634098,-0.9876604676246644,-0.3309910893440246,-0.0660827606916427,0.1276825964450836,0.8723174333572388,0.0213032141327857,-1.0,-1.0,-1.0,-1.0,-1.0,-1.0,-1.0,1.0,0.0,0.0,0.0,1.0,0.0,0.0,0.0,1.0,0.0,0.0,0.0
20260319_165846_036208,2,173,2.768562078475952,0.191507950425148,-0.136379503805053,-22.98873674765989,0.0,0.3972616832036237,0.4207894206047058,0.6724099238989396,0.0,0.0,0.02,0.116379503805053,0.0,carpet,12345,2458047843,0,0,2,0,0,0,-1.0,-0.4839706122875213,-0.2920089960098266,-0.3436150252819061,-0.4773989915847778,-0.6457686424255371,-0.7125830054283142,-0.0743732452392578,0.1352723389863968,0.8647277355194092,0.027764368802309,-1.0,-1.0,-1.0,-1.0,-1.0,-1.0,-1.0,1.0,0.0,0.0,0.0,1.0,0.0,0.0,0.0,1.0,0.0,0.0,0.0
20260319_165846_036208,2,174,2.78051495552063,0.1942943483591079,-0.1231895856548935,-23.111926333314784,0.0,0.2282863140537046,-0.2786397933959961,0.9362082869021292,0.0,0.0,0.02,0.1031895856548935,0.0,carpet,12345,2458047843,0,0,2,0,0,0,0.2605352699756622,0.5929840803146362,-0.5667827129364014,-0.7798702716827393,-0.0490518324077129,0.8300995230674744,0.0442107990384101,-0.1060932129621505,0.1385931670665741,0.8614068627357483,-0.0554220117628574,-1.0,-1.0,-1.0,-1.0,-1.0,-1.0,-1.0,1.0,0.0,0.0,0.0,1.0,0.0,0.0,0.0,1.0,0.0,0.0,0.0
20260319_165846_036208,3,0,2.8557796478271484,0.4021665155887604,-0.02,-0.02,0.0,-0.2869479358196258,-1.1477917432785034,0.0,0.0,0.0,0.02,0.0,0.0,carpet,12345,2458047974,0,0,3,0,0,0,-1.0,-0.6391329765319824,0.9425410628318788,0.5512232780456543,0.8000128865242004,0.9453036189079284,-0.8289657235145569,0.0,-0.0,1.0,0.0,-1.0,-1.0,-1.0,-1.0,-1.0,-1.0,-1.0,1.0,0.0,0.0,0.0,1.0,0.0,0.0,0.0,1.0,0.0,0.0,0.0
20260319_165846_036208,3,1,2.8571579456329346,0.3983315527439117,-0.02,-0.04,0.0,-0.1193368807435035,0.3834962844848633,0.0,0.0,0.0,0.02,0.0,0.0,carpet,12345,2458047974,0,0,3,0,0,0,-0.0175269562751054,0.7402022480964661,0.6387962102890015,0.7982281446456909,0.1101362109184265,0.0385824926197528,-0.3915926516056061,-0.0136360172182321,-0.0088928714394569,1.0,-0.0786207467317581,-1.0,-1.0,-1.0,-1.0,-1.0,-1.0,-1.0,1.0,0.0,0.0,0.0,1.0,0.0,0.0,0.0,1.0,0.0,0.0,0.0
20260319_165846_036208,3,2,2.8604774475097656,0.3962167203426361,-0.02,-0.06,0.0,-0.0366318505257368,0.2114832401275634,0.0,0.0,0.0,0.02,0.0,0.0,carpet,12345,2458047974,0,0,3,0,0,0,0.285800576210022,-0.1424702554941177,0.6148664951324463,-0.855053722858429,-0.7785710692405701,-0.1064206585288047,-0.3055192828178406,-0.0119132995605468,-0.0059216255322098,1.0,-0.0690415129065513,-1.0,-1.0,-1.0,-1.0,-1.0,-1.0,-1.0,1.0,0.0,0.0,0.0,1.0,0.0,0.0,0.0,1.0,0.0,0.0,0.0
20260319_165846_036208,3,3,2.871004581451416,0.412723958492279,-0.02,-0.08,0.0,-0.4401548416353762,-1.6507238149642944,0.0,0.0,0.0,0.02,0.0,0.0,carpet,12345,2458047974,0,0,3,0,0,0,-0.8912878036499023,0.2108380943536758,0.7767932415008545,0.110048659145832,-0.0635810494422912,-0.9822882413864136,0.8707494735717773,-0.007764053530991,-0.0042830971069633,1.0,-0.0386795438826084,-1.0,-1.0,-1.0,-1.0,-1.0,-1.0,-1.0,1.0,0.0,0.0,0.0,1.0,0.0,0.0,0.0,1.0,0.0,0.0,0.0
20260319_165846_036208,3,4,2.8002734184265137,0.4035528302192688,-0.02,-0.1,0.0,-0.1008379244012758,0.9171128273010254,0.0,0.0,0.0,0.02,0.0,0.0,carpet,12345,2458047974,0,0,3,0,0,0,-0.4143773317337036,0.2622188329696655,-0.118975430727005,0.6523144841194153,-0.8280946016311646,-0.2455439269542694,-0.6771438717842102,0.0053951265290379,-0.0170725677162408,1.0,0.099088117480278,-1.0,-1.0,-1.0,-1.0,-1.0,-1.0,-1.0,1.0,0.0,0.0,0.0,1.0,0.0,0.0,0.0,1.0,0.0,0.0,0.0
20260319_165846_036208,3,5,2.763817548751831,0.419812947511673,-0.1699999999999999,-0.27,0.0,-0.4821313756110612,-1.6260117292404177,-1.4660408087365795,0.0,0.0,0.02,0.15,0.0,carpet,12345,2458047974,0,0,3,0,0,0,0.3001083433628082,0.6458854675292969,-0.6635273694992065,0.3104196786880493,0.5495795011520386,0.1236801147460937,-0.8856157660484314,-0.0830188766121864,-0.0099669490009546,1.0,-0.1002702340483665,-1.0,-1.0,-1.0,-1.0,-1.0,-1.0,-1.0,1.0,0.0,0.0,0.0,1.0,0.0,0.0,0.0,1.0,0.0,0.0,0.0
20260319_165846_036208,3,6,2.863403081893921,0.396634429693222,-0.1699999999999999,-0.44,0.0,0.2178644137529772,2.3178517818450928,-0.9612284591639764,0.0,0.0,0.02,0.15,0.0,carpet,12345,2458047974,0,0,3,0,0,0,0.3442400097846985,-0.8702032566070557,-0.7175997495651245,-0.6875336766242981,1.0,0.6072563529014587,0.3271127641201019,-0.1285888701677322,-0.0225649885833263,1.0,-0.2302261739969253,-1.0,-1.0,-1.0,-1.0,-1.0,-1.0,-1.0,1.0,0.0,0.0,0.0,1.0,0.0,0.0,0.0,1.0,0.0,0.0,0.0
20260319_165846_036208,3,7,2.8669557571411133,0.4049651026725769,-0.1699999999999999,-0.61,0.0,-0.0448685141691385,-0.8330672979354858,-0.8867600925896113,0.0,0.0,0.02,0.15,0.0,carpet,12345,2458047974,0,0,3,0,0,0,-0.6048721671104431,1.0,-0.6223986148834229,0.4368757009506225,0.0772761851549148,0.0213120765984058,-1.0,-0.0041069029830396,-0.0046067303046584,1.0,0.0023349297698587,-1.0,-1.0,-1.0,-1.0,-1.0,-1.0,-1.0,1.0,0.0,0.0,0.0,1.0,0.0,0.0,0.0,1.0,0.0,0.0,0.0
20260319_165846_036208,3,8,2.8495919704437256,0.4058593511581421,-0.1699999999999999,-0.78,0.0,-0.0560075977659835,-0.0894248485565185,-0.906135839829858,0.0,0.0,0.02,0.15,0.0,carpet,12345,2458047974,0,0,3,0,0,0,0.0513876229524612,-0.3228923380374908,0.4729091823101043,0.8601430058479309,0.4772591292858124,0.4037545919418335,-0.7336060404777527,0.0003341674746479,-0.0110611533746123,1.0,-0.0548077970743179,-1.0,-1.0,-1.0,-1.0,-1.0,-1.0,-1.0,1.0,0.0,0.0,0.0,1.0,0.0,0.0,0.0,1.0,0.0,0.0,0.0
20260319_165846_036208,3,9,2.968022584915161,0.4378877580165863,-0.1699999999999999,-0.95,0.0,-0.842715869785593,-3.2028406858444214,-1.3086968679800748,0.0,0.0,0.02,0.15,0.0,carpet,12345,2458047974,0,0,3,0,0,0,0.9669134616851808,-0.8535510897636414,-0.8973583579063416,-0.7226768136024475,-0.2304023802280426,0.9218332171440125,0.888258159160614,-0.0213706977665424,-0.0117539931088685,1.0,-0.1119931265711784,-1.0,-1.0,-1.0,-1.0,-1.0,-1.0,-1.0,1.0,0.0,0.0,0.0,1.0,0.0,0.0,0.0,1.0,0.0,0.0,0.0
20260319_165846_036208,3,10,2.992173194885254,0.4877570569515228,-0.1699999999999999,-1.12,0.0,-1.878769375712608,-4.986929893493652,-3.086628319291407,0.0,0.0,0.02,0.15,0.0,carpet,12345,2458047974,0,0,3,0,0,0,-0.5101009607315063,1.0,-0.3412198722362518,-0.5629546642303467,0.2915271818637848,-0.8422513604164124,0.8381694555282593,0.1266674101352691,-0.0365689843893051,1.0,0.2165930271148681,-1.0,-1.0,-1.0,-1.0,-1.0,-1.0,-1.0,1.0,0.0,0.0,0.0,1.0,0.0,0.0,0.0,1.0,0.0,0.0,0.0
20260319_165846_036208,3,11,2.990614175796509,0.4859474599361419,-0.1708128999129196,-1.2908128999129196,0.0,-1.3638371063999273,0.1809597015380859,-3.968334050080273,0.0,0.0162579982583938,0.02,0.15,0.0,carpet,12345,2458047974,0,0,3,0,0,0,-0.8826654553413391,0.6030838489532471,-0.6698872447013855,-0.6237784028053284,-0.5720373392105103,0.1596240997314453,0.5921267867088318,0.1568557769060135,-0.075206734240055,1.0,0.3515717685222626,-1.0,-1.0,-1.0,-1.0,-1.0,-1.0,-1.0,1.0,0.0,0.0,0.0,1.0,0.0,0.0,0.0,1.0,0.0,0.0,0.0
20260319_165846_036208,3,12,2.968367338180542,0.4332687258720398,-0.1718447564587236,-1.4626576563716434,0.0,0.2940905218025875,5.267873406410217,-3.892107942030663,0.0,0.0368951291744737,0.02,0.15,0.0,carpet,12345,2458047974,0,0,3,0,0,0,0.0740952566266059,-0.725400447845459,0.3658532500267029,0.5734252333641052,0.7154078483581543,-0.5130122900009155,0.2925600111484527,0.1549072265625,-0.0738046839833259,1.0,0.3446300029754638,-1.0,-1.0,-1.0,-1.0,-1.0,-1.0,-1.0,1.0,0.0,0.0,0.0,1.0,0.0,0.0,0.0,1.0,0.0,0.0,0.0
20260319_165846_036208,3,13,2.919593334197998,0.4150346517562866,-0.1699999999999999,-1.6326576563716433,0.0,0.6764197442458055,1.8234074115753167,-3.1708196836157185,0.0,0.0,0.02,0.15,0.0,carpet,12345,2458047974,0,0,3,0,0,0,0.2271610647439956,0.8686690926551819,0.8238042593002319,-0.2943757176399231,1.0,-0.2771380245685577,-0.8717067837715149,0.1270984709262848,-0.0329902544617652,1.0,0.223972275853157,-1.0,-1.0,-1.0,-1.0,-1.0,-1.0,-1.0,1.0,0.0,0.0,0.0,1.0,0.0,0.0,0.0,1.0,0.0,0.0,0.0
20260319_165846_036208,3,14,2.950143337249756,0.4184297919273376,-0.1699999999999999,-1.8026576563716432,0.0,0.4224363039080572,-0.3395140171051025,-2.692375781941678,0.0,0.0,0.02,0.15,0.0,carpet,12345,2458047974,0,0,3,0,0,0,-0.496635228395462,-0.0509508810937404,0.1402347981929779,-0.8309138417243958,0.1710025519132614,0.823465883731842,-0.064799465239048,0.0661308318376541,-0.018862834200263,1.0,-0.0376454703509807,-1.0,-1.0,-1.0,-1.0,-1.0,-1.0,-1.0,1.0,0.0,0.0,0.0,1.0,0.0,0.0,0.0,1.0,0.0,0.0,0.0
20260319_165846_036208,3,15,2.95989203453064,0.4271183609962463,-0.1699999999999999,-1.9726576563716431,0.0,0.0996130012082971,-0.8688569068908691,-1.7500469109477876,0.0,0.0,0.02,0.15,0.0,carpet,12345,2458047974,0,0,3,0,0,0,0.3326039016246795,0.2269428074359893,0.3001803755760193,-0.2078099250793457,-0.2102083563804626,0.6674677133560181,-0.5559754371643066,0.104318618774414,-0.0214933343231678,1.0,0.045913353562355,-1.0,-1.0,-1.0,-1.0,-1.0,-1.0,-1.0,1.0,0.0,0.0,0.0,1.0,0.0,0.0,0.0,1.0,0.0,0.0,0.0
20260319_165846_036208,3,16,2.9391586780548096,0.4213514924049377,-0.1526198034773099,-2.125277459848953,0.0,0.2188814656889803,0.5766868591308594,0.3476039304538005,0.0,0.0,0.02,0.1326198034773099,0.0,carpet,12345,2458047974,0,0,3,0,0,0,0.4740723371505737,0.576817512512207,0.4201897382736206,0.4175729155540466,-0.8997898101806641,-0.5623016953468323,-0.8118335604667664,0.1165042892098426,-0.0282250773161649,1.0,0.0639689713716507,-1.0,-1.0,-1.0,-1.0,-1.0,-1.0,-1.0,1.0,0.0,0.0,0.0,1.0,0.0,0.0,0.0,1.0,0.0,0.0,0.0
20260319_165846_036208,3,17,2.925388097763061,0.4098840653896332,-0.0618856094248468,-2.1871630692738,0.0,0.4508467746493352,1.1467427015304563,2.162287811503063,0.0,0.0,0.02,0.0418856094248468,0.0,carpet,12345,2458047974,0,0,3,0,0,0,0.7831544876098633,0.320836454629898,0.8890711665153503,0.3621210157871246,-0.3401283621788025,-0.6815638542175293,-0.4147648215293884,0.0905876159667968,-0.0237570218741893,1.0,0.0052983812056481,-1.0,-1.0,-1.0,-1.0,-1.0,-1.0,-1.0,1.0,0.0,0.0,0.0,1.0,0.0,0.0,0.0,1.0,0.0,0.0,0.0
20260319_165846_036208,3,18,2.9484565258026123,0.4104927182197571,-0.060444197503281,-2.247607266777081,0.0,0.3229187602339038,-0.0608652830123901,2.19111604993438,0.0,0.0,0.02,0.040444197503281,0.0,carpet,12345,2458047974,0,0,3,0,0,0,-0.1763402074575424,-0.6073321104049683,0.433643102645874,0.5065100193023682,-0.287112683057785,0.8924729824066162,0.573896586894989,0.0733745545148849,-0.0148722780868411,1.0,-0.0039693429134786,-1.0,-1.0,-1.0,-1.0,-1.0,-1.0,-1.0,1.0,0.0,0.0,0.0,1.0,0.0,0.0,0.0,1.0,0.0,0.0,0.0
20260319_165846_036208,3,19,2.9207725524902344,0.4015300273895263,-0.0709523676690122,-2.318559634446093,0.0,0.4662563409311815,0.8962690830230713,1.980952646619756,0.0,0.0,0.02,0.0509523676690122,0.0,carpet,12345,2458047974,0,0,3,0,0,0,0.3052429854869842,0.5657488703727722,0.6334605813026428,0.4604704082012176,0.287710964679718,-0.0882822498679161,-1.0,0.1022098511457443,-0.0153438365086913,1.0,0.1158654168248176,-1.0,-1.0,-1.0,-1.0,-1.0,-1.0,-1.0,1.0,0.0,0.0,0.0,1.0,0.0,0.0,0.0,1.0,0.0,0.0,0.0
20260319_165846_036208,3,20,2.8771839141845703,0.4143877327442169,-0.0906617017728575,-2.409221336218951,0.0,0.0282496218311507,-1.2857705354690552,1.586765964542849,0.0,0.0,0.02,0.0706617017728575,0.0,carpet,12345,2458047974,0,0,3,0,0,0,0.6429319977760315,-0.2931793928146362,-0.0448072701692581,0.8953086733818054,-0.2328347116708755,-0.6149197816848755,-0.9337847232818604,0.0676052123308181,-0.0083997379988431,1.0,-0.0359578877687454,-1.0,-1.0,-1.0,-1.0,-1.0,-1.0,-1.0,1.0,0.0,0.0,0.0,1.0,0.0,0.0,0.0,1.0,0.0,0.0,0.0
20260319_165846_036208,3,21,2.8263473510742188,0.4311476051807403,-0.1155328315602599,-2.524754167779211,0.0,-0.3978095945397513,-1.6759872436523438,1.0893433687948004,0.0,0.0,0.02,0.0955328315602599,0.0,carpet,12345,2458047974,0,0,3,0,0,0,0.4792475700378418,0.7349072694778442,-0.2576154470443725,0.878574013710022,0.7659926414489746,-0.7900810837745667,-0.6331009864807129,0.0131191257387399,-0.0183616317808628,1.0,-0.1532754153013229,-1.0,-1.0,-1.0,-1.0,-1.0,-1.0,-1.0,1.0,0.0,0.0,0.0,1.0,0.0,0.0,0.0,1.0,0.0,0.0,0.0
20260319_165846_036208,3,22,2.840172052383423,0.423723965883255,-0.1321152155180908,-2.656869383297302,0.0,-0.112766213467637,0.7423639297485352,0.757695689638183,0.0,0.0,0.02,0.1121152155180908,0.0,carpet,12345,2458047974,0,0,3,0,0,0,-0.9894533157348632,-0.7116970419883728,-0.4719477593898773,-0.6002957820892334,0.6710294485092163,0.2443096339702606,-0.5078985095024109,-0.0504264831542968,-0.0313468500971794,1.0,-0.2088208496570587,-1.0,-1.0,-1.0,-1.0,-1.0,-1.0,-1.0,1.0,0.0,0.0,0.0,1.0,0.0,0.0,0.0,1.0,0.0,0.0,0.0
20260319_165846_036208,3,23,2.8611741065979004,0.4195572435855865,-0.1536778843835105,-2.8105472676808123,0.0,0.019593397340941,0.4166722297668457,0.3264423123297888,0.0,0.0,0.02,0.1336778843835105,0.0,carpet,12345,2458047974,0,0,3,0,0,0,-0.4393537938594818,0.325662761926651,0.6907415986061096,-0.1112956330180168,0.8249892592430115,0.1883220225572586,-1.0,-0.0331455245614051,-0.0255951676517725,1.0,-0.1900165379047393,-1.0,-1.0,-1.0,-1.0,-1.0,-1.0,-1.0,1.0,0.0,0.0,0.0,1.0,0.0,0.0,0.0,1.0,0.0,0.0,0.0
20260319_165846_036208,3,24,2.9529104232788086,0.3962889313697815,-0.1400036797251641,-2.950550947405977,0.0,0.5964028534008321,2.3268312215805054,0.599926405496717,0.0,0.0,0.02,0.1200036797251641,0.0,carpet,12345,2458047974,0,0,3,0,0,0,0.2806764245033264,0.7132552862167358,-0.4099254608154297,0.6211080551147461,0.2614675760269165,0.257000982761383,0.5382869839668274,-0.0068931579589843,-0.0223668478429317,1.0,-0.1779611110687255,-1.0,-1.0,-1.0,-1.0,-1.0,-1.0,-1.0,1.0,0.0,0.0,0.0,1.0,0.0,0.0,0.0,1.0,0.0,0.0,0.0
20260319_165846_036208,3,25,2.97943377494812,0.4095631539821625,-0.1575441680346668,-3.108095115440644,0.0,0.1154465747411279,-1.327422261238098,0.2491166393066635,0.0,0.0,0.02,0.1375441680346668,0.0,carpet,12345,2458047974,0,0,3,0,0,0,-0.4982239603996277,-0.2202967405319214,0.2014438509941101,0.4778420031070709,-0.7584740519523621,-0.4587241411209106,-0.0298586934804916,0.107777401804924,-0.0043390458449721,1.0,0.0448763482272625,-1.0,-1.0,-1.0,-1.0,-1.0,-1.0,-1.0,1.0,0.0,0.0,0.0,1.0,0.0,0.0,0.0,1.0,0.0,0.0,0.0
20260319_165846_036208,3,26,2.980088710784912,0.4189892709255218,-0.1664100487526323,-3.2745051641932754,0.0,-0.1490679925281597,-0.9426116943359376,0.071799024947353,0.0,0.0,0.02,0.1464100487526323,0.0,carpet,12345,2458047974,0,0,3,0,0,0,0.5766424536705017,-0.454373300075531,0.4152446389198303,-0.5750166177749634,0.8740336894989014,-0.3612156510353088,0.8453328609466553,0.1409316956996917,-0.0146236279979348,1.0,0.1345808207988739,-1.0,-1.0,-1.0,-1.0,-1.0,-1.0,-1.0,1.0,0.0,0.0,0.0,1.0,0.0,0.0,0.0,1.0,0.0,0.0,0.0
20260319_165846_036208,3,27,2.9827141761779785,0.4308489263057709,-0.1669341879707613,-3.4414393521640365,0.0,-0.4082923789023311,-1.1859655380249023,0.0613162405847731,0.0,0.0,0.02,0.1469341879707613,0.0,carpet,12345,2458047974,0,0,3,0,0,0,-0.960846185684204,-0.2241815328598022,0.617081344127655,0.2068329751491546,-0.9831063747406006,-0.6959061026573181,0.8407363891601562,0.1417503356933593,-0.0219267960637807,1.0,0.1809021085500717,-1.0,-1.0,-1.0,-1.0,-1.0,-1.0,-1.0,1.0,0.0,0.0,0.0,1.0,0.0,0.0,0.0,1.0,0.0,0.0,0.0
20260319_165846_036208,3,28,2.86236572265625,0.3858538866043091,-0.1203630418793903,-3.561802394043427,0.0,0.8186567083597822,4.499503970146179,0.9927391624121924,0.0,0.0,0.02,0.1003630418793903,0.0,carpet,12345,2458047974,0,0,3,0,0,0,1.0,-0.3328535556793213,0.7702787518501282,-0.5917418003082275,-0.2533702552318573,-0.3816942274570465,-0.7110239863395691,0.1450321227312088,-0.0311154294759035,1.0,0.2216074019670486,-1.0,-1.0,-1.0,-1.0,-1.0,-1.0,-1.0,1.0,0.0,0.0,0.0,1.0,0.0,0.0,0.0,1.0,0.0,0.0,0.0
20260319_165846_036208,3,29,2.850776433944702,0.3908280730247497,-0.096860818208496,-3.658663212251923,0.0,0.4896378707588269,-0.4974186420440674,1.4627836358300783,0.0,0.0,0.02,0.076860818208496,0.0,carpet,12345,2458047974,0,0,3,0,0,0,0.640807032585144,-0.2061014175415039,-0.1302823424339294,-0.1919688135385513,1.0,-0.8801265954971313,0.5817961692810059,-0.0054035186767578,0.0037458369042724,0.9962541460990906,-0.0626548081636428,-1.0,-1.0,-1.0,-1.0,-1.0,-1.0,-1.0,1.0,0.0,0.0,0.0,1.0,0.0,0.0,0.0,1.0,0.0,0.0,0.0
20260319_165846_036208,3,30,2.861854791641236,0.3753677904605865,-0.0889941875198769,-3.7476573997718,0.0,0.7537354671732146,1.5460282564163208,1.6201162496024608,0.0,0.0,0.02,0.0689941875198769,0.0,carpet,12345,2458047974,0,0,3,0,0,0,-0.8346995115280151,-0.1829258054494857,0.0059618134982883,0.7462432384490967,-0.2284564226865768,0.447447657585144,-0.6054195165634155,-0.0198902133852243,-0.0001080549773178,1.0,-0.019950944930315,-1.0,-1.0,-1.0,-1.0,-1.0,-1.0,-1.0,1.0,0.0,0.0,0.0,1.0,0.0,0.0,0.0,1.0,0.0,0.0,0.0
20260319_165846_036208,3,31,2.8505709171295166,0.3835721015930176,-0.076756825153478,-3.824414224925278,0.0,0.3601938220691068,-0.820431113243103,1.86486349693044,0.0,0.0,0.02,0.056756825153478,0.0,carpet,12345,2458047974,0,0,3,0,0,0,-0.5035786032676697,0.7251817584037781,0.2442691028118133,0.43502277135849,1.0,-0.4259563684463501,-0.775658905506134,-0.0060420990921556,0.011870265007019,0.9881296753883362,-0.0854868292808532,-1.0,-1.0,-1.0,-1.0,-1.0,-1.0,-1.0,1.0,0.0,0.0,0.0,1.0,0.0,0.0,0.0,1.0,0.0,0.0,0.0
20260319_165846_036208,3,32,2.869964361190796,0.3740715384483337,-0.043920453268623,-3.868334678193901,0.0,0.5076594451689402,0.9500563144683838,2.52159093462754,0.0,0.0,0.02,0.023920453268623,0.0,carpet,12345,2458047974,0,0,3,0,0,0,-0.9075372219085692,-0.1130252927541732,-0.2194271981716156,-0.6026611328125,-0.7072429060935974,0.5842256546020508,-0.2199027836322784,-0.0201469417661428,0.0055137299932539,0.9944862127304076,-0.1314568519592285,-1.0,-1.0,-1.0,-1.0,-1.0,-1.0,-1.0,1.0,0.0,0.0,0.0,1.0,0.0,0.0,0.0,1.0,0.0,0.0,0.0
20260319_165846_036208,3,33,2.9230549335479736,0.3861555755138397,-0.02,-3.888334678193901,0.0,0.0786436572390698,-1.208403706550598,3.0085269707689406,0.0,0.0,0.02,0.0,0.0,carpet,12345,2458047974,0,0,3,0,0,0,0.5525919795036316,0.8162587285041809,-0.9946282505989076,0.639806866645813,0.0074625955894589,0.4603508412837982,0.5533274412155151,0.0040946961380541,0.0128745613619685,0.9871253967285156,-0.0723484680056572,-1.0,-1.0,-1.0,-1.0,-1.0,-1.0,-1.0,1.0,0.0,0.0,0.0,1.0,0.0,0.0,0.0,1.0,0.0,0.0,0.0
20260319_165846_036208,3,34,2.905678987503052,0.3779703676700592,-0.047325839928352,-3.935660518122253,0.0,0.2636129390238011,0.8185207843780518,2.4534832014329595,0.0,0.0,0.02,0.027325839928352,0.0,carpet,12345,2458047974,0,0,3,0,0,0,0.8174143433570862,0.6392465829849243,-0.3849389851093292,-0.0526297502219677,0.8909512162208557,-0.3502028882503509,-0.5779310464859009,0.0704578384757042,0.0035120823886245,0.9964878559112548,0.1226559355854988,-1.0,-1.0,-1.0,-1.0,-1.0,-1.0,-1.0,1.0,0.0,0.0,0.0,1.0,0.0,0.0,0.0,1.0,0.0,0.0,0.0
20260319_165846_036208,3,35,2.9022867679595947,0.3732221722602844,-0.0559870039906823,-3.991647522112936,0.0,0.3164145895122203,0.474819540977478,2.280259920186353,0.0,0.0,0.02,0.0359870039906823,0.0,carpet,12345,2458047974,0,0,3,0,0,0,-0.3894728720188141,0.4485595226287842,-0.7700768709182739,0.0018536977004259,-0.3633785247802734,0.1774374693632125,-0.1314823478460312,0.0487380996346473,0.0098538398742675,0.9901461601257324,0.0036579917650669,-1.0,-1.0,-1.0,-1.0,-1.0,-1.0,-1.0,1.0,0.0,0.0,0.0,1.0,0.0,0.0,0.0,1.0,0.0,0.0,0.0
20260319_165846_036208,3,36,2.8922007083892822,0.3787219226360321,-0.0886829182123205,-4.080330440325256,0.0,0.0998171827404519,-0.5499750375747681,1.6263416357535905,0.0,0.0,0.02,0.0686829182123204,0.0,carpet,12345,2458047974,0,0,3,0,0,0,-0.6616214513778687,-0.7875444889068604,0.5070580840110779,0.0233076736330986,-0.2887089848518371,0.527942419052124,-0.868151068687439,0.0444976799190044,0.0135326450690627,0.9864673614501952,-0.0048230122774839,-1.0,-1.0,-1.0,-1.0,-1.0,-1.0,-1.0,1.0,0.0,0.0,0.0,1.0,0.0,0.0,0.0,1.0,0.0,0.0,0.0
20260319_165846_036208,3,37,2.89206862449646,0.3709448575973511,-0.0932281336646558,-4.173558573989912,0.0,0.2692895130224002,0.777706503868103,1.5354373267068837,0.0,0.0,0.02,0.0732281336646558,0.0,carpet,12345,2458047974,0,0,3,0,0,0,0.2941854000091553,-0.5701461434364319,0.4836892783641815,0.3891039490699768,-0.3628748953342438,-0.4178633689880371,-0.1612755209207534,0.0318901054561138,0.0092715369537472,0.9907284379005432,-0.0542873553931713,-1.0,-1.0,-1.0,-1.0,-1.0,-1.0,-1.0,1.0,0.0,0.0,0.0,1.0,0.0,0.0,0.0,1.0,0.0,0.0,0.0
20260319_165846_036208,3,38,2.881344079971313,0.3863754272460937,-0.1278009612456924,-4.301359535235605,0.0,-0.1837971064517916,-1.5430569648742676,0.8439807750861519,0.0,0.0,0.02,0.1078009612456924,0.0,carpet,12345,2458047974,0,0,3,0,0,0,0.5628924369812012,-0.4120435416698456,0.8716080784797668,0.8121775984764099,-0.2238377630710601,1.0,-0.932546854019165,0.0317249298095703,0.0152970496565103,0.9847028851509094,-0.0203223153948783,-1.0,-1.0,-1.0,-1.0,-1.0,-1.0,-1.0,1.0,0.0,0.0,0.0,1.0,0.0,0.0,0.0,1.0,0.0,0.0,0.0
20260319_165846_036208,3,39,2.8787970542907715,0.3920263350009918,-0.1456891702932094,-4.447048705528815,0.0,-0.2791205237112706,-0.5650907754898071,0.4862165941358114,0.0,0.0,0.02,0.1256891702932094,0.0,carpet,12345,2458047974,0,0,3,0,0,0,0.886743426322937,0.6161441206932068,0.6499615907669067,-0.7012245059013367,-0.6932339072227478,0.3866071105003357,-0.8601126074790955,0.0183193199336528,0.0033417539671063,0.996658205986023,-0.083528459072113,-1.0,-1.0,-1.0,-1.0,-1.0,-1.0,-1.0,1.0,0.0,0.0,0.0,1.0,0.0,0.0,0.0,1.0,0.0,0.0,0.0
20260319_165846_036208,3,40,2.944543600082397,0.405676007270813,-0.1699999999999999,-4.617048705528815,0.0,-0.5505821995290034,-1.3649672269821167,-0.3279785444169931,0.0,0.0,0.02,0.15,0.0,carpet,12345,2458047974,0,0,3,0,0,0,0.8389072418212891,0.0412927791476249,0.0459983944892883,-0.3357121348381042,-0.6525722742080688,0.5523240566253662,1.0,0.0151355741545557,-0.0010364529443904,1.0,-0.1011188328266143,-1.0,-1.0,-1.0,-1.0,-1.0,-1.0,-1.0,1.0,0.0,0.0,0.0,1.0,0.0,0.0,0.0,1.0,0.0,0.0,0.0
20260319_165846_036208,3,41,2.910712242126465,0.3702473044395447,-0.1699999999999999,-4.787048705528815,0.0,0.4727809211349552,3.542870283126831,-0.1716122127942583,0.0,0.0,0.02,0.15,0.0,carpet,12345,2458047974,0,0,3,0,0,0,-0.3282228112220764,0.6757698655128479,-0.1274664849042892,0.0158492717891931,-0.1088459491729736,-0.3061800599098205,-0.6216903328895569,0.0973186492919921,-0.0116119496524333,1.0,0.1765689402818679,-1.0,-1.0,-1.0,-1.0,-1.0,-1.0,-1.0,1.0,0.0,0.0,0.0,1.0,0.0,0.0,0.0,1.0,0.0,0.0,0.0
20260319_165846_036208,3,42,2.8526768684387207,0.3672981560230255,-0.1621557497135239,-4.949204455242338,0.0,0.428314401264231,0.2949148416519165,0.1568850057295208,0.0,0.0,0.02,0.1421557497135239,0.0,carpet,12345,2458047974,0,0,3,0,0,0,-0.8753860592842102,-0.9180721044540404,0.404133141040802,-0.0016691214405,0.1841206699609756,-0.4693349599838257,-0.4220177829265594,0.0550296790897846,0.0158375017344951,0.9841625094413756,0.0231758672744035,-1.0,-1.0,-1.0,-1.0,-1.0,-1.0,-1.0,1.0,0.0,0.0,0.0,1.0,0.0,0.0,0.0,1.0,0.0,0.0,0.0
20260319_165846_036208,3,43,2.7655510902404785,0.4099051356315613,-0.1699999999999999,-5.119204455242338,0.0,-0.7439386892652635,-4.260697960853577,-0.856343196558143,0.0,0.0,0.02,0.15,0.0,carpet,12345,2458047974,0,0,3,0,0,0,-0.6450200080871582,-0.5562424063682556,0.5200783610343933,0.4803468883037567,0.0346344634890556,-0.9140985608100892,-0.9676873683929444,-0.017514418810606,0.0181224402040243,0.9818775057792664,-0.0952216014266014,-1.0,-1.0,-1.0,-1.0,-1.0,-1.0,-1.0,1.0,0.0,0.0,0.0,1.0,0.0,0.0,0.0,1.0,0.0,0.0,0.0
20260319_165846_036208,3,44,2.782473564147949,0.3942129611968994,-0.1699999999999999,-5.289204455242338,0.0,-0.1656496560823939,1.5692174434661863,-0.8381957461887453,0.0,0.0,0.02,0.15,0.0,carpet,12345,2458047974,0,0,3,0,0,0,-0.6721795797348022,-0.3123562037944793,-0.2809494137763977,0.742857813835144,-0.0114363087341189,-0.6048943400382996,0.5392235517501831,-0.1264217346906662,-0.0148885929957032,1.0,-0.258920818567276,-1.0,-1.0,-1.0,-1.0,-1.0,-1.0,-1.0,1.0,0.0,0.0,0.0,1.0,0.0,0.0,0.0,1.0,0.0,0.0,0.0
20260319_165846_036208,3,45,2.801879644393921,0.3711441457271576,-0.1699999999999999,-5.459204455242338,0.0,0.4524831446817643,2.306881546974182,-0.1065920777957103,0.0,0.0,0.02,0.15,0.0,carpet,12345,2458047974,0,0,3,0,0,0,-0.1063180491328239,0.9141354560852052,0.4583542943000793,-0.8089274168014526,-0.3783634305000305,0.8045708537101746,0.0149243818596005,-0.1052688583731651,-0.0027306049596518,1.0,-0.1087068542838096,-1.0,-1.0,-1.0,-1.0,-1.0,-1.0,-1.0,1.0,0.0,0.0,0.0,1.0,0.0,0.0,0.0,1.0,0.0,0.0,0.0
20260319_165846_036208,3,46,2.815049409866333,0.3765954971313476,-0.1376465652430067,-5.596851020485344,0.0,0.2030785734065716,-0.5451351404190063,0.6470686951398648,0.0,0.0,0.02,0.1176465652430067,0.0,carpet,12345,2458047974,0,0,3,0,0,0,0.7977193593978882,0.4544634521007538,0.6349024176597595,0.2336216866970062,-0.9486864805221558,-0.308157742023468,-0.0372762307524681,-0.0810111984610557,0.0151426522061228,0.9848572611808776,-0.0625417679548263,-1.0,-1.0,-1.0,-1.0,-1.0,-1.0,-1.0,1.0,0.0,0.0,0.0,1.0,0.0,0.0,0.0,1.0,0.0,0.0,0.0
20260319_165846_036208,3,47,2.79392671585083,0.3804364800453186,-0.1584713934394724,-5.755322413924817,0.0,0.0562843572056408,-0.3840982913970947,0.2305721312105504,0.0,0.0,0.02,0.1384713934394724,0.0,carpet,12345,2458047974,0,0,3,0,0,0,-0.5803304314613342,-0.3026459813117981,0.5780462026596069,0.7630144357681274,-0.9086266160011292,-0.4154175817966461,-0.242222711443901,-0.064548872411251,0.0109190503135323,0.9890809059143066,-0.0081272581592202,-1.0,-1.0,-1.0,-1.0,-1.0,-1.0,-1.0,1.0,0.0,0.0,0.0,1.0,0.0,0.0,0.0,1.0,0.0,0.0,0.0
20260319_165846_036208,3,48,2.788047313690185,0.37807297706604,-0.1699999999999999,-5.925322413924817,0.0,0.1013008423861947,0.2363502979278564,-0.0964414276674858,0.0,0.0,0.02,0.15,0.0,carpet,12345,2458047974,0,0,3,0,0,0,-0.950043261051178,-0.538167417049408,-0.7683755159378052,0.1998325884342193,0.8358532786369324,-0.7226543426513672,0.3091165721416473,-0.0909522995352745,0.0079431347548961,0.9920567870140076,-0.0568856075406074,-1.0,-1.0,-1.0,-1.0,-1.0,-1.0,-1.0,1.0,0.0,0.0,0.0,1.0,0.0,0.0,0.0,1.0,0.0,0.0,0.0
20260319_165846_036208,3,49,2.7806179523468018,0.374226301908493,-0.1290180113836943,-6.054340425308511,0.0,0.1721425107283352,0.3846675157546997,0.8196397723261128,0.0,0.0,0.02,0.1090180113836943,0.0,carpet,12345,2458047974,0,0,3,0,0,0,0.317934900522232,-0.2315611094236374,0.2231037020683288,-0.8695719838142395,0.474307507276535,0.1963321715593338,-0.63614422082901,-0.0983016937971115,0.0097743356600403,0.990225613117218,-0.0767470300197601,-1.0,-1.0,-1.0,-1.0,-1.0,-1.0,-1.0,1.0,0.0,0.0,0.0,1.0,0.0,0.0,0.0,1.0,0.0,0.0,0.0
20260319_165846_036208,3,50,2.878446340560913,0.3540406823158264,-0.0890481599364289,-6.14338858524494,0.0,0.6337473728629135,2.0185619592666626,1.6190368012714202,0.0,0.0,0.02,0.0690481599364289,0.0,carpet,12345,2458047974,0,0,3,0,0,0,-0.5122714042663574,0.8974493145942688,-0.5674861669540405,0.127845212817192,0.2881065011024475,0.1227655559778213,0.7187960147857666,-0.1075881943106651,0.0127546545118093,0.9872453212738036,-0.1732080429792404,-1.0,-1.0,-1.0,-1.0,-1.0,-1.0,-1.0,1.0,0.0,0.0,0.0,1.0,0.0,0.0,0.0,1.0,0.0,0.0,0.0
20260319_165846_036208,3,51,2.908529758453369,0.3691242039203644,-0.1067611926938309,-6.250149777938771,0.0,0.0982224895337253,-1.5083521604537964,1.2647761461233813,0.0,0.0,0.02,0.0867611926938309,0.0,carpet,12345,2458047974,0,0,3,0,0,0,0.8592700958251953,-0.494493305683136,-0.8616506457328796,0.389419823884964,0.6832051277160645,-0.0849387347698211,0.6538628339767456,0.0146972658112645,0.0283940751105546,0.971605896949768,0.0787440314888954,-1.0,-1.0,-1.0,-1.0,-1.0,-1.0,-1.0,1.0,0.0,0.0,0.0,1.0,0.0,0.0,0.0,1.0,0.0,0.0,0.0
20260319_165846_036208,3,52,2.9116556644439697,0.3674209713935852,-0.1111027373481701,-6.361252515286941,0.0,0.1162476803197876,0.1703232526779174,1.1779452530365973,0.0,0.0,0.02,0.0911027373481701,0.0,carpet,12345,2458047974,0,0,3,0,0,0,-0.152331992983818,-0.0138355698436498,0.6496353149414062,0.2017939835786819,0.5501611232757568,1.0,0.4336728751659393,0.0523014068603515,0.0167076457291841,0.9832923412322998,0.1479022949934005,-1.0,-1.0,-1.0,-1.0,-1.0,-1.0,-1.0,1.0,0.0,0.0,0.0,1.0,0.0,0.0,0.0,1.0,0.0,0.0,0.0
20260319_165846_036208,3,53,2.8734445571899414,0.3600815832614898,-0.1003834320313413,-6.461635947318282,0.0,0.270670463542217,0.7339388132095337,1.3923313593731734,0.0,0.0,0.02,0.0803834320313413,0.0,carpet,12345,2458047974,0,0,3,0,0,0,1.0,0.4931073784828186,-0.4201256334781647,-0.0781976208090782,0.5804781913757324,-0.518781840801239,-1.0,0.0562088005244731,0.0180273000150918,0.9819726943969728,0.1447525322437286,-1.0,-1.0,-1.0,-1.0,-1.0,-1.0,-1.0,1.0,0.0,0.0,0.0,1.0,0.0,0.0,0.0,1.0,0.0,0.0,0.0
20260319_165846_036208,3,54,2.830361604690552,0.3694617748260498,-0.1070235712235178,-6.5686595185418,0.0,-0.0315019414573356,-0.9380191564559937,1.259528575529643,0.0,0.0,0.02,0.0870235712235178,0.0,carpet,12345,2458047974,0,0,3,0,0,0,-0.4321987926959991,-0.0771473124623298,0.2360575944185257,0.9249223470687866,0.3841594457626343,0.098914511501789,-0.7377985119819641,0.0084449769929051,0.0237136930227279,0.9762862920761108,-0.0500877313315868,-1.0,-1.0,-1.0,-1.0,-1.0,-1.0,-1.0,1.0,0.0,0.0,0.0,1.0,0.0,0.0,0.0,1.0,0.0,0.0,0.0
20260319_165846_036208,3,55,2.916011095046997,0.3666589558124542,-0.11330849579759,-6.68196801433939,0.0,0.0464440192468913,0.2802819013595581,1.1338300840481992,0.0,0.0,0.02,0.09330849579759,0.0,carpet,12345,2458047974,0,0,3,0,0,0,-0.8557054400444031,0.5878453850746155,1.0,-0.0288459919393062,0.9320841431617736,-0.0840872600674629,0.7927431464195251,-0.0454086288809776,0.0164461098611354,0.9835538864135742,-0.150183692574501,-1.0,-1.0,-1.0,-1.0,-1.0,-1.0,-1.0,1.0,0.0,0.0,0.0,1.0,0.0,0.0,0.0,1.0,0.0,0.0,0.0
20260319_165846_036208,3,56,2.8939573764801025,0.3585267961025238,-0.1330890140815644,-6.815057028420954,0.0,0.2381370071834254,0.813215970993042,0.7382197183687111,0.0,0.0,0.02,0.1130890140815644,0.0,carpet,12345,2458047974,0,0,3,0,0,0,0.0506962463259696,-0.4537079334259033,0.6230255365371704,0.0786568224430084,-0.2773268520832062,-0.8031412363052368,-0.6409754157066345,0.0616531372070312,0.018617670983076,0.9813822507858276,0.1069091111421585,-1.0,-1.0,-1.0,-1.0,-1.0,-1.0,-1.0,1.0,0.0,0.0,0.0,1.0,0.0,0.0,0.0,1.0,0.0,0.0,0.0
20260319_165846_036208,3,57,2.8912193775177,0.370608925819397,-0.1441726629349635,-6.959229691355917,0.0,-0.1234504875342565,-1.208212971687317,0.5165467413007292,0.0,0.0,0.02,0.1241726629349635,0.0,carpet,12345,2458047974,0,0,3,0,0,0,0.4329094588756561,0.4936399459838867,-0.034574382007122,0.5572170615196228,-0.8410675525665283,0.8724376559257507,0.6795657277107239,0.0340862274169921,0.0249183177947998,0.9750816226005554,0.0010160355595871,-1.0,-1.0,-1.0,-1.0,-1.0,-1.0,-1.0,1.0,0.0,0.0,0.0,1.0,0.0,0.0,0.0,1.0,0.0,0.0,0.0
20260319_165846_036208,3,58,2.9142744541168213,0.3910783231258392,-0.1699999999999999,-7.129229691355917,0.0,-0.6043227983117561,-2.046939730644226,-0.2040237373308144,0.0,0.0,0.02,0.15,0.0,carpet,12345,2458047974,0,0,3,0,0,0,-0.8326650261878967,0.0963027030229568,-0.3179102540016174,0.7775445580482483,-0.5458297729492188,0.9165390729904176,-0.4074216485023498,0.0306636802852153,0.0155573161318898,0.9844427108764648,0.1058257147669792,-1.0,-1.0,-1.0,-1.0,-1.0,-1.0,-1.0,1.0,0.0,0.0,0.0,1.0,0.0,0.0,0.0,1.0,0.0,0.0,0.0
20260319_165846_036208,3,59,2.939063310623169,0.3881919085979461,-0.1699999999999999,-7.299229691355917,0.0,-0.3810817355364833,0.2886414527893066,-0.8557759364095148,0.0,0.0,0.02,0.15,0.0,carpet,12345,2458047974,0,0,3,0,0,0,-0.5406408905982971,0.2668792009353637,-0.8137122988700867,-0.8601412177085876,0.2284269481897354,0.0757280886173248,0.8008585572242737,0.0594825744628906,-0.0003019687428604,1.0,0.0918686762452125,-1.0,-1.0,-1.0,-1.0,-1.0,-1.0,-1.0,1.0,0.0,0.0,0.0,1.0,0.0,0.0,0.0,1.0,0.0,0.0,0.0
20260319_165846_036208,3,60,2.9114530086517334,0.3685826957225799,-0.1699999999999999,-7.469229691355917,0.0,0.2044190202317963,1.960921287536621,-0.6198549747203828,0.0,0.0,0.02,0.15,0.0,carpet,12345,2458047974,0,0,3,0,0,0,0.707789957523346,-0.1114042177796363,0.9410648345947266,-0.9470226764678956,0.2943423986434936,-0.5392557382583618,-0.4437117576599121,0.0904686003923416,0.0019343792228028,0.9980655312538148,0.2125991284847259,-1.0,-1.0,-1.0,-1.0,-1.0,-1.0,-1.0,1.0,0.0,0.0,0.0,1.0,0.0,0.0,0.0,1.0,0.0,0.0,0.0
20260319_165846_036208,3,61,2.9109325408935547,0.3703851699829101,-0.1699999999999999,-7.639229691355917,0.0,0.108252408665578,-0.18024742603302,-0.558046585301696,0.0,0.0,0.02,0.15,0.0,carpet,12345,2458047974,0,0,3,0,0,0,-0.6645282506942749,-0.8948503136634827,-1.0,-0.0232337787747383,-0.8186541199684143,-0.0575532764196395,0.9532114863395692,0.0559555068612098,0.0171272158622741,0.982872724533081,0.1000393033027648,-1.0,-1.0,-1.0,-1.0,-1.0,-1.0,-1.0,1.0,0.0,0.0,0.0,1.0,0.0,0.0,0.0,1.0,0.0,0.0,0.0
20260319_165846_036208,3,62,2.9147002696990967,0.3676789104938507,-0.1699999999999999,-7.809229691355917,0.0,0.1488457937256839,0.2706259489059448,-0.6473377987594375,0.0,0.0,0.02,0.15,0.0,carpet,12345,2458047974,0,0,3,0,0,0,0.4404188692569732,0.0465829968452453,-0.2487680912017822,-0.1307659149169922,0.1094782873988151,0.5835753679275513,0.1058165580034256,0.0553051009774208,0.0157306883484125,0.9842692613601683,0.188309758901596,-1.0,-1.0,-1.0,-1.0,-1.0,-1.0,-1.0,1.0,0.0,0.0,0.0,1.0,0.0,0.0,0.0,1.0,0.0,0.0,0.0
20260319_165846_036208,3,63,2.893221616744995,0.3602307736873626,-0.1699999999999999,-7.979229691355917,0.0,0.2978377654564497,0.7448136806488037,-0.2260495457687312,0.0,0.0,0.02,0.15,0.0,carpet,12345,2458047974,0,0,3,0,0,0,-0.3769067227840423,-0.7363396286964417,0.666205108165741,0.7858192324638367,-0.7400012612342834,-0.0511432215571403,-0.5187954306602478,0.0600147247314453,0.01782744564116,0.9821725487709044,0.15663543343544,-1.0,-1.0,-1.0,-1.0,-1.0,-1.0,-1.0,1.0,0.0,0.0,0.0,1.0,0.0,0.0,0.0,1.0,0.0,0.0,0.0
20260319_165846_036208,3,64,2.8903603553771973,0.355846494436264,-0.1344370721043579,-8.113666763460275,0.0,0.3329853053698173,0.4384279251098633,0.7112585579128421,0.0,0.0,0.02,0.1144370721043579,0.0,carpet,12345,2458047974,0,0,3,0,0,0,1.0,0.3556348979473114,-0.8477147817611694,0.735694944858551,0.3140134513378143,0.2418922930955886,0.1392266452312469,0.0331665053963661,0.0235981009900569,0.9764018654823304,0.0460289195179939,-1.0,-1.0,-1.0,-1.0,-1.0,-1.0,-1.0,1.0,0.0,0.0,0.0,1.0,0.0,0.0,0.0,1.0,0.0,0.0,0.0
20260319_165846_036208,3,65,2.885647773742676,0.3557491898536682,-0.1027744056479218,-8.216441169108197,0.0,0.2521715935922373,0.0097304582595825,1.3445118870415629,0.0,0.0,0.02,0.0827744056479218,0.0,carpet,12345,2458047974,0,0,3,0,0,0,0.4158675372600555,-0.4101153314113617,-0.7584430575370789,0.6034626364707947,-0.2818074226379394,-0.2990345954895019,-0.3626106083393097,0.0295898430049419,0.0269949771463871,0.9730049967765808,0.0618045814335346,-1.0,-1.0,-1.0,-1.0,-1.0,-1.0,-1.0,1.0,0.0,0.0,0.0,1.0,0.0,0.0,0.0,1.0,0.0,0.0,0.0
20260319_165846_036208,3,66,2.904266357421875,0.3716926276683807,-0.1234682191681923,-8.33990938827639,0.0,-0.2094572501736138,-1.5943437814712524,0.9306356166361524,0.0,0.0,0.02,0.1034682191681923,0.0,carpet,12345,2458047974,0,0,3,0,0,0,-0.527565062046051,0.7782145738601685,-0.9603381752967834,0.0356581062078475,-0.8244063854217529,0.838058352470398,0.5170201659202576,0.0236991886049509,0.0270703434944152,0.9729296565055848,0.0379982031881809,-1.0,-1.0,-1.0,-1.0,-1.0,-1.0,-1.0,1.0,0.0,0.0,0.0,1.0,0.0,0.0,0.0,1.0,0.0,0.0,0.0
20260319_165846_036208,3,67,2.9027435779571533,0.3674540221691131,-0.1314372296088973,-8.471346617885287,0.0,-0.0511278001485209,0.4238605499267578,0.7712554078220535,0.0,0.0,0.02,0.1114372296088973,0.0,carpet,12345,2458047974,0,0,3,0,0,0,0.1575475484132766,-0.5628196597099304,0.3618040084838867,-0.0024501108564436,-0.8127444982528687,-0.2794171273708343,-0.3174411654472351,0.0469722747802734,0.0147177027538418,0.985282301902771,0.1247565075755119,-1.0,-1.0,-1.0,-1.0,-1.0,-1.0,-1.0,1.0,0.0,0.0,0.0,1.0,0.0,0.0,0.0,1.0,0.0,0.0,0.0
20260319_165846_036208,3,68,2.8988606929779053,0.3639230132102966,-0.1363830506022307,-8.607729668487517,0.0,0.0499293738590154,0.3531008958816528,0.6723389879553849,0.0,0.0,0.02,0.1163830506022307,0.0,carpet,12345,2458047974,0,0,3,0,0,0,1.0,-0.1928847581148147,0.7733469605445862,0.0726915597915649,0.0517817065119743,1.0,0.1324723660945892,0.0450687408447265,0.0180016756057739,0.981998324394226,0.1046931073069572,-1.0,-1.0,-1.0,-1.0,-1.0,-1.0,-1.0,1.0,0.0,0.0,0.0,1.0,0.0,0.0,0.0,1.0,0.0,0.0,0.0
20260319_165846_036208,3,69,2.873387575149536,0.3600238263607025,-0.1445286037933482,-8.752258272280866,0.0,0.1349267016341002,0.3899186849594116,0.5094279241330355,0.0,0.0,0.02,0.1245286037933482,0.0,carpet,12345,2458047974,0,0,3,0,0,0,0.5785216093063354,1.0,0.8953559994697571,-1.0,-0.4707463681697845,-0.575946569442749,-0.9194239377975464,0.0402153022587299,0.0207374524325132,0.9792625308036804,0.0876419320702552,-1.0,-1.0,-1.0,-1.0,-1.0,-1.0,-1.0,1.0,0.0,0.0,0.0,1.0,0.0,0.0,0.0,1.0,0.0,0.0,0.0
20260319_165846_036208,3,70,2.8629488945007324,0.3474584519863128,-0.1404113997825722,-8.892669672063438,0.0,0.4153293855853377,1.2565374374389648,0.5917720043485559,0.0,0.0,0.02,0.1204113997825721,0.0,carpet,12345,2458047974,0,0,3,0,0,0,0.9723727107048036,-0.2041100114583969,-0.5365571975708008,0.3272049129009247,0.5187826752662659,-0.9893712997436525,0.5407109260559082,0.0083736423403024,0.023758441209793,0.9762415289878844,-0.014021954499185,-1.0,-1.0,-1.0,-1.0,-1.0,-1.0,-1.0,1.0,0.0,0.0,0.0,1.0,0.0,0.0,0.0,1.0,0.0,0.0,0.0
20260319_165846_036208,3,71,2.8760986328125,0.3496995568275451,-0.1402465085542748,-9.032916180617711,0.0,0.2554694181581851,-0.2241104841232299,0.5950698289145038,0.0,0.0,0.02,0.1202465085542748,0.0,carpet,12345,2458047974,0,0,3,0,0,0,-0.2729222476482391,0.4837953746318817,0.6626059412956238,0.6245384216308594,-0.0014552418142557,0.3297159671783447,0.543390691280365,-0.0046745301224291,0.0334938503801822,0.9665061235427856,0.0530898384749889,-1.0,-1.0,-1.0,-1.0,-1.0,-1.0,-1.0,1.0,0.0,0.0,0.0,1.0,0.0,0.0,0.0,1.0,0.0,0.0,0.0
20260319_165846_036208,3,72,2.867372989654541,0.3556573390960693,-0.127640770700317,-9.16055695131803,0.0,0.0426575069055417,-0.595778226852417,0.8471845859936593,0.0,0.0,0.02,0.107640770700317,0.0,carpet,12345,2458047974,0,0,3,0,0,0,-0.6418303847312927,0.6350421905517578,0.0083416467532515,0.4715956747531891,-0.7869442105293274,0.7728624939918518,-0.6662461757659912,0.0117626190185546,0.0317574925720691,0.9682424664497375,0.0982703268527984,-1.0,-1.0,-1.0,-1.0,-1.0,-1.0,-1.0,1.0,0.0,0.0,0.0,1.0,0.0,0.0,0.0,1.0,0.0,0.0,0.0
20260319_165846_036208,3,73,2.870941400527954,0.3531678020954132,-0.1203728029331128,-9.280929754251144,0.0,0.094231555195563,0.2489537000656128,0.9925439413377432,0.0,0.0,0.02,0.1003728029331128,0.0,carpet,12345,2458047974,0,0,3,0,0,0,-0.8762654066085815,-0.7655104398727417,0.5768293738365173,-0.4747587442398071,-0.191297635436058,0.3536225259304046,-0.1136842221021652,0.0008556366083212,0.0271415133029222,0.972858428955078,-0.0066085802391171,-1.0,-1.0,-1.0,-1.0,-1.0,-1.0,-1.0,1.0,0.0,0.0,0.0,1.0,0.0,0.0,0.0,1.0,0.0,0.0,0.0
20260319_165846_036208,3,74,2.8899052143096924,0.3535214364528656,-0.1197776312530462,-9.40070738550419,0.0,0.0618328074603482,-0.0353634357452392,1.004447374939076,0.0,0.0,0.02,0.0997776312530462,0.0,carpet,12345,2458047974,0,0,3,0,0,0,-0.8085009455680847,0.237407386302948,-0.5163562297821045,-0.0991639420390129,0.9616894721984864,0.8433310985565186,-0.0889273285865783,0.0053161620162427,0.0290703661739826,0.9709296226501464,0.0074732908979058,-1.0,-1.0,-1.0,-1.0,-1.0,-1.0,-1.0,1.0,0.0,0.0,0.0,1.0,0.0,0.0,0.0,1.0,0.0,0.0,0.0
20260319_165846_036208,3,75,2.8936471939086914,0.3501014709472656,-0.1199302791729874,-9.520637664677176,0.0,0.1318737432352748,0.3419965505599975,1.0013944165402506,0.0,0.0,0.02,0.0999302791729874,0.0,carpet,12345,2458047974,0,0,3,0,0,0,-0.5029025077819824,0.4505658447742462,0.522440493106842,-0.3817989826202392,-1.0,-0.9996060132980348,-0.5428386330604553,0.0290206912904977,0.0287963859736919,0.9712035655975342,0.0433131568133831,-1.0,-1.0,-1.0,-1.0,-1.0,-1.0,-1.0,1.0,0.0,0.0,0.0,1.0,0.0,0.0,0.0,1.0,0.0,0.0,0.0
20260319_165846_036208,3,76,2.8668525218963623,0.3469064831733703,-0.1317577483635635,-9.65239541304074,0.0,0.1787800017738163,0.3194987773895263,0.7648450327287293,0.0,0.0,0.02,0.1117577483635635,0.0,carpet,12345,2458047974,0,0,3,0,0,0,0.8407415151596069,-0.3645723760128021,-0.706350564956665,0.6229519248008728,-0.30650395154953,0.4619401395320892,-0.5686145424842834,0.03369827196002,0.0314460955560207,0.968553900718689,0.0369530841708183,-1.0,-1.0,-1.0,-1.0,-1.0,-1.0,-1.0,1.0,0.0,0.0,0.0,1.0,0.0,0.0,0.0,1.0,0.0,0.0,0.0
20260319_165846_036208,3,77,2.876760482788086,0.3495811223983764,-0.1411702682362108,-9.79356568127695,0.0,0.0672190207052381,-0.2674639225006103,0.5765946352757823,0.0,0.0,0.02,0.1211702682362108,0.0,carpet,12345,2458047974,0,0,3,0,0,0,-0.9559231996536256,-0.6231832504272461,-0.8787680864334106,0.2471439987421035,-0.2323315590620041,-0.8736241459846497,0.4995455145835876,0.0002048492460744,0.0339215211570262,0.9660784006118774,-0.0198269616812467,-1.0,-1.0,-1.0,-1.0,-1.0,-1.0,-1.0,1.0,0.0,0.0,0.0,1.0,0.0,0.0,0.0,1.0,0.0,0.0,0.0
20260319_165846_036208,3,78,2.8502674102783203,0.3408421874046325,-0.1298587615628631,-9.923424442839814,0.0,0.2688876403724975,0.8738934993743896,0.8028247687427381,0.0,0.0,0.02,0.1098587615628631,0.0,carpet,12345,2458047974,0,0,3,0,0,0,0.3685060143470764,0.0658628344535827,0.5923213958740234,-0.1831240653991699,0.2687231004238128,-0.3670818507671356,-0.5819228887557983,0.0125900264829397,0.0318492650985717,0.9681507349014282,0.0825124382972717,-1.0,-1.0,-1.0,-1.0,-1.0,-1.0,-1.0,1.0,0.0,0.0,0.0,1.0,0.0,0.0,0.0,1.0,0.0,0.0,0.0
20260319_165846_036208,3,79,2.8378310203552246,0.3422734141349792,-0.1262760862216052,-10.049700529061418,0.0,0.1658850620207204,-0.1431226730346679,0.8744782755678955,0.0,0.0,0.02,0.1062760862216052,0.0,carpet,12345,2458047974,0,0,3,0,0,0,-0.7725247144699097,0.3814543187618255,0.5169363617897034,0.043548010289669,-0.5069890022277832,-0.3099221289157867,-0.4403658509254455,-0.0205265041440725,0.0386200211942195,0.9613799452781676,-0.0379137843847274,-1.0,-1.0,-1.0,-1.0,-1.0,-1.0,-1.0,1.0,0.0,0.0,0.0,1.0,0.0,0.0,0.0,1.0,0.0,0.0,0.0
20260319_165846_036208,3,80,2.8667917251586914,0.3435372412204742,-0.1247268206257143,-10.174427349687132,0.0,0.0928181193781654,-0.1263827085494995,0.9054635874857128,0.0,0.0,0.02,0.1047268206257143,0.0,carpet,12345,2458047974,0,0,3,0,0,0,0.7865180373191833,-0.3027495741844177,-0.482559472322464,-0.5445299744606018,-0.8188043236732483,0.4233419597148895,0.842875063419342,-0.03607177734375,0.0375111252069473,0.9624888300895692,-0.0787335112690925,-1.0,-1.0,-1.0,-1.0,-1.0,-1.0,-1.0,1.0,0.0,0.0,0.0,1.0,0.0,0.0,0.0,1.0,0.0,0.0,0.0
20260319_165846_036208,3,81,2.8838250637054443,0.3726680278778076,-0.1642533116324632,-10.338680661319597,0.0,-0.6586560768997032,-2.9130786657333374,0.1149337673507346,0.0,0.0,0.02,0.1442533116324632,0.0,carpet,12345,2458047974,0,0,3,0,0,0,-0.9674409627914428,-0.7585670948028564,-0.2378416657447815,0.0178754441440105,-0.898715615272522,-0.7592321634292603,0.7718561887741089,0.0001289367646677,0.0365319214761257,0.963468074798584,0.0629622340202331,-1.0,-1.0,-1.0,-1.0,-1.0,-1.0,-1.0,1.0,0.0,0.0,0.0,1.0,0.0,0.0,0.0,1.0,0.0,0.0,0.0
20260319_165846_036208,3,82,2.878204584121704,0.3636786043643951,-0.1699999999999999,-10.508680661319596,0.0,-0.2692564698394761,0.8989423513412476,-0.3331027042625578,0.0,0.0,0.02,0.15,0.0,carpet,12345,2458047974,0,0,3,0,0,0,0.6844210624694824,-0.6582501530647278,-0.4617735743522644,-1.0,0.3378484845161438,-0.5286484360694885,0.5459420680999756,0.021420668810606,0.0139619680121541,0.9860379695892334,0.1920961439609527,-1.0,-1.0,-1.0,-1.0,-1.0,-1.0,-1.0,1.0,0.0,0.0,0.0,1.0,0.0,0.0,0.0,1.0,0.0,0.0,0.0
20260319_165846_036208,3,83,2.8691017627716064,0.3593160510063171,-0.1699999999999999,-10.678680661319596,0.0,-0.0928785184276534,0.4362553358078003,-0.4932002433954494,0.0,0.0,0.02,0.15,0.0,carpet,12345,2458047974,0,0,3,0,0,0,-0.2963689565658569,-0.1345491111278534,-0.3569719195365906,0.7247729301452637,-0.5992276668548584,-0.8229421377182007,0.5302261710166931,0.0143951419740915,0.0209268145263195,0.979073166847229,0.1674358248710632,-1.0,-1.0,-1.0,-1.0,-1.0,-1.0,-1.0,1.0,0.0,0.0,0.0,1.0,0.0,0.0,0.0,1.0,0.0,0.0,0.0
20260319_165846_036208,3,84,2.872743844985962,0.3544471561908722,-0.1699999999999999,-10.848680661319596,0.0,0.0520634815653835,0.4868894815444946,-0.7100244022025635,0.0,0.0,0.02,0.15,0.0,carpet,12345,2458047974,0,0,3,0,0,0,1.0,-0.5529597997665405,-0.8776143193244934,-0.4121035933494568,0.9014806747436525,0.2310571670532226,0.55008465051651,0.0030166625510901,0.0243068132549524,0.9756931662559508,0.1422884613275528,-1.0,-1.0,-1.0,-1.0,-1.0,-1.0,-1.0,1.0,0.0,0.0,0.0,1.0,0.0,0.0,0.0,1.0,0.0,0.0,0.0
20260319_165846_036208,3,85,2.896761417388916,0.3721321225166321,-0.1699999999999999,-11.018680661319594,0.0,-0.403076546969956,-1.7684966325759888,-1.2789860111932398,0.0,0.0,0.02,0.15,0.0,carpet,12345,2458047974,0,0,3,0,0,0,-0.5836238265037537,0.3841216564178467,0.077411837875843,0.6146523356437683,-0.9565931558609008,0.7806127071380615,0.5159634351730347,0.0075691221281886,0.0280791316181421,0.9719208478927612,0.1262880265712738,-1.0,-1.0,-1.0,-1.0,-1.0,-1.0,-1.0,1.0,0.0,0.0,0.0,1.0,0.0,0.0,0.0,1.0,0.0,0.0,0.0
20260319_165846_036208,3,86,2.889251232147217,0.3540381789207458,-0.1699999999999999,-11.188680661319594,0.0,0.1500411796696852,1.809394359588623,-1.22176295090172,0.0,0.0,0.02,0.15,0.0,carpet,12345,2458047974,0,0,3,0,0,0,-0.8673725724220276,-0.5671802759170532,0.4458152055740356,-0.2003235816955566,0.1753000617027282,0.1951956152915954,-0.205516368150711,0.0375911705195903,0.0143771935254335,0.985622763633728,0.1915798783302307,-1.0,-1.0,-1.0,-1.0,-1.0,-1.0,-1.0,1.0,0.0,0.0,0.0,1.0,0.0,0.0,0.0,1.0,0.0,0.0,0.0
20260319_165846_036208,3,87,2.871989727020264,0.3437403738498688,-0.1699999999999999,-11.358680661319594,0.0,0.3699760115241872,1.0297805070877075,-0.1931308624778296,0.0,0.0,0.02,0.15,0.0,carpet,12345,2458047974,0,0,3,0,0,0,-0.48405522108078,0.2447347193956375,-0.7545038461685181,-1.0,0.8910296559333801,-0.4427418112754822,-0.2443336397409439,0.0282032005488872,0.028396027162671,0.9716039299964904,0.1158129423856735,-1.0,-1.0,-1.0,-1.0,-1.0,-1.0,-1.0,1.0,0.0,0.0,0.0,1.0,0.0,0.0,0.0,1.0,0.0,0.0,0.0
20260319_165846_036208,3,88,2.835890531539917,0.3360130786895752,-0.1426605002493933,-11.501341161568988,0.0,0.470664387650487,0.7727295160293579,0.5467899950121335,0.0,0.0,0.02,0.1226605002493933,0.0,carpet,12345,2458047974,0,0,3,0,0,0,0.5924829840660095,-0.0068054688163101,-0.6410773396492004,0.4600309431552887,-0.2997937202453613,-0.1615340262651443,-0.6421903371810913,0.0066265105269849,0.0363745391368866,0.963625431060791,0.0361126065254211,-1.0,-1.0,-1.0,-1.0,-1.0,-1.0,-1.0,1.0,0.0,0.0,0.0,1.0,0.0,0.0,0.0,1.0,0.0,0.0,0.0
20260319_165846_036208,3,89,2.860127210617065,0.3385339379310608,-0.1235177338429747,-11.624858895411965,0.0,0.2899768097007182,-0.2520859241485595,0.9296453231405052,0.0,0.0,0.02,0.1035177338429747,0.0,carpet,12345,2458047974,0,0,3,0,0,0,0.8271712064743042,0.1129520311951637,0.0433124713599681,-0.295762151479721,-0.8483965992927551,0.5779361128807068,0.4859868884086609,-0.038497544825077,0.0423615127801895,0.9576384425163268,-0.0501855425536632,-1.0,-1.0,-1.0,-1.0,-1.0,-1.0,-1.0,1.0,0.0,0.0,0.0,1.0,0.0,0.0,0.0,1.0,0.0,0.0,0.0
20260319_165846_036208,3,90,2.830383539199829,0.3296785354614258,-0.104177524470423,-11.729036419882386,0.0,0.4388676690164175,0.885540246963501,1.3164495105915393,0.0,0.0,0.02,0.084177524470423,0.0,carpet,12345,2458047974,0,0,3,0,0,0,-0.8490815758705139,0.1153801158070564,-1.0,0.4013440012931824,-0.1075655743479728,-0.5189154744148254,-0.7761273384094238,-0.0082015991210937,0.0404083952307701,0.9595915675163268,0.0719407424330711,-1.0,-1.0,-1.0,-1.0,-1.0,-1.0,-1.0,1.0,0.0,0.0,0.0,1.0,0.0,0.0,0.0,1.0,0.0,0.0,0.0
20260319_165846_036208,3,91,2.8555116653442383,0.3278894126415252,-0.0653297560089339,-11.79436617589132,0.0,0.3738788222598259,0.1789122819900512,2.093404879821321,0.0,0.0,0.02,0.0453297560089339,0.0,carpet,12345,2458047974,0,0,3,0,0,0,-0.5703926682472229,0.2315617799758911,0.4396490156650543,-0.6830509305000305,0.6806195974349976,0.2809304893016815,0.6882246136665344,-0.0453811660408973,0.0472693815827369,0.9527305364608764,-0.0487033538520336,-1.0,-1.0,-1.0,-1.0,-1.0,-1.0,-1.0,1.0,0.0,0.0,0.0,1.0,0.0,0.0,0.0,1.0,0.0,0.0,0.0
20260319_165846_036208,3,92,2.8483898639678955,0.3372758030891418,-0.0705443472171954,-11.864910523108517,0.0,0.045749355504455,-0.9386390447616576,1.989113055656091,0.0,0.0,0.02,0.0505443472171954,0.0,carpet,12345,2458047974,0,0,3,0,0,0,-0.5450562834739685,-0.3581090271472931,0.3533743321895599,-0.1566478312015533,-0.9194888472557068,0.639951229095459,-0.9520087838172911,-0.0139709468930959,0.0486555658280849,0.9513444304466248,0.0471616797149181,-1.0,-1.0,-1.0,-1.0,-1.0,-1.0,-1.0,1.0,0.0,0.0,0.0,1.0,0.0,0.0,0.0,1.0,0.0,0.0,0.0
20260319_165846_036208,3,93,2.847114562988281,0.3305128216743469,-0.0788738201934937,-11.943784343302008,0.0,0.2033865519982214,0.6762981414794922,1.8225235961301247,0.0,0.0,0.02,0.0588738201934937,0.0,carpet,12345,2458047974,0,0,3,0,0,0,0.0740549191832542,1.0,-0.3559882938861847,-0.6791660189628601,-0.9627404808998108,-0.9746646285057068,0.2529028654098511,-0.022873306646943,0.0413831658661365,0.9586168527603148,-0.0403675101697444,-1.0,-1.0,-1.0,-1.0,-1.0,-1.0,-1.0,1.0,0.0,0.0,0.0,1.0,0.0,0.0,0.0,1.0,0.0,0.0,0.0
20260319_165846_036208,3,94,2.803290367126465,0.335783839225769,-0.1013688158153631,-12.04515315911737,0.0,0.0207644752130988,-0.5271017551422119,1.372623683692737,0.0,0.0,0.02,0.0813688158153631,0.0,carpet,12345,2458047974,0,0,3,0,0,0,0.2773900330066681,-0.0019332241499796,-1.0,0.8583085536956787,-0.968672811985016,-0.1097223758697509,-0.9177946448326112,-0.0244674682617187,0.0466230027377605,0.9533770084381104,0.0296198073774576,-1.0,-1.0,-1.0,-1.0,-1.0,-1.0,-1.0,1.0,0.0,0.0,0.0,1.0,0.0,0.0,0.0,1.0,0.0,0.0,0.0
20260319_165846_036208,3,95,2.777458667755127,0.3414627611637115,-0.1221876409023356,-12.167340800019709,0.0,-0.1263996920387313,-0.5678921937942505,0.9562471819532874,0.0,0.0,0.02,0.1021876409023356,0.0,carpet,12345,2458047974,0,0,3,0,0,0,-0.2392622232437133,-0.3901739120483398,0.978807270526886,0.7508643269538879,-1.0,-1.0,-0.2237811535596847,-0.0792476683855056,0.0425391122698783,0.957460880279541,-0.1007236242294311,-1.0,-1.0,-1.0,-1.0,-1.0,-1.0,-1.0,1.0,0.0,0.0,0.0,1.0,0.0,0.0,0.0,1.0,0.0,0.0,0.0
20260319_165846_036208,3,96,2.735013961791992,0.3627907037734985,-0.1699999999999999,-12.337340800019708,0.0,-0.6279983342737268,-2.1327942609786987,-0.1106188213368568,0.0,0.0,0.02,0.15,0.0,carpet,12345,2458047974,0,0,3,0,0,0,0.3466208279132843,0.4837122559547424,0.7899861335754395,-0.8419091701507568,0.62040776014328,-1.0,-0.6832928657531738,-0.1115371733903884,0.038139209151268,0.961860716342926,-0.1213220134377479,-1.0,-1.0,-1.0,-1.0,-1.0,-1.0,-1.0,1.0,0.0,0.0,0.0,1.0,0.0,0.0,0.0,1.0,0.0,0.0,0.0
20260319_165846_036208,3,97,2.782615423202514,0.3368232846260071,-0.1699999999999999,-12.507340800019708,0.0,0.1781867279819948,2.596741914749145,-0.3063109156146879,0.0,0.0,0.02,0.15,0.0,carpet,12345,2458047974,0,0,3,0,0,0,-0.7506601810455322,0.3575591444969177,0.1949475705623626,0.5746546387672424,0.0069516049697995,0.5229538083076477,0.6854053139686584,-0.1645931303501129,0.0216147191822528,0.9783852100372314,-0.2235230207443237,-1.0,-1.0,-1.0,-1.0,-1.0,-1.0,-1.0,1.0,0.0,0.0,0.0,1.0,0.0,0.0,0.0,1.0,0.0,0.0,0.0
20260319_165846_036208,3,98,2.804162979125977,0.3365555703639984,-0.1699999999999999,-12.677340800019708,0.0,0.1403329025367128,0.0267714262008667,-0.2117273685824301,0.0,0.0,0.02,0.15,0.0,carpet,12345,2458047974,0,0,3,0,0,0,0.2422584146261215,0.484696626663208,0.5881194472312927,0.9946956634521484,0.2537009418010711,-0.1131459400057792,0.5304278135299683,-0.1050914749503135,0.0417337827384471,0.9582661986351012,-0.0626682117581367,-1.0,-1.0,-1.0,-1.0,-1.0,-1.0,-1.0,1.0,0.0,0.0,0.0,1.0,0.0,0.0,0.0,1.0,0.0,0.0,0.0
20260319_165846_036208,3,99,2.799037456512451,0.3284164369106293,-0.1699999999999999,-12.847340800019706,0.0,0.3087280132367596,0.8139133453369141,-0.1063859073438919,0.0,0.0,0.02,0.15,0.0,carpet,12345,2458047974,0,0,3,0,0,0,-0.0759073942899704,-0.1630673259496688,-0.8004984259605408,-0.522556483745575,1.0,0.424699068069458,0.125759869813919,-0.0781570449471473,0.0419412031769752,0.958058774471283,-0.0079130074009299,-1.0,-1.0,-1.0,-1.0,-1.0,-1.0,-1.0,1.0,0.0,0.0,0.0,1.0,0.0,0.0,0.0,1.0,0.0,0.0,0.0
20260319_165846_036208,3,100,2.8015687465667725,0.3268999457359314,-0.1628846046630987,-13.010225404682805,0.0,0.2694582892950166,0.1516491174697876,0.1423079067380257,0.0,0.0,0.02,0.1428846046630987,0.0,carpet,12345,2458047974,0,0,3,0,0,0,0.9280474781990052,0.7229824066162109,-0.8843974471092224,-0.1515910327434539,0.1523313075304031,-0.8215357661247253,0.0720766335725784,-0.0845638290047645,0.0482472293078899,0.9517527222633362,-0.0476523526012897,-1.0,-1.0,-1.0,-1.0,-1.0,-1.0,-1.0,1.0,0.0,0.0,0.0,1.0,0.0,0.0,0.0,1.0,0.0,0.0,0.0
20260319_165846_036208,3,101,2.7907395362854004,0.3333235383033752,-0.1544894249219038,-13.164714829604709,0.0,0.0415039027851662,-0.6423592567443848,0.3102115015619233,0.0,0.0,0.02,0.1344894249219038,0.0,carpet,12345,2458047974,0,0,3,0,0,0,0.558281660079956,0.4970656037330627,-0.6609963178634644,0.7620811462402344,-0.7910920977592468,-0.6462907195091248,-0.1598488092422485,-0.081399917602539,0.0494221784174442,0.9505777955055236,-0.0571512058377265,-1.0,-1.0,-1.0,-1.0,-1.0,-1.0,-1.0,1.0,0.0,0.0,0.0,1.0,0.0,0.0,0.0,1.0,0.0,0.0,0.0
20260319_165846_036208,3,102,2.721566200256348,0.3697582185268402,-0.1670764621331049,-13.331791291737812,0.0,-0.8797390784977495,-3.6434680223464966,0.0584707573379006,0.0,0.0,0.02,0.1470764621331049,0.0,carpet,12345,2458047974,0,0,3,0,0,0,-0.4078060686588287,-0.979183554649353,0.7462590932846069,0.896246075630188,-1.0,-0.387004405260086,-1.0,-0.0949363708496093,0.0444452948868274,0.9555546641349792,-0.0771011188626289,-1.0,-1.0,-1.0,-1.0,-1.0,-1.0,-1.0,1.0,0.0,0.0,0.0,1.0,0.0,0.0,0.0,1.0,0.0,0.0,0.0
20260319_165846_036208,3,103,2.7717597484588623,0.3311398029327392,-0.1607029944832437,-13.492494286221056,0.0,0.3056560809792188,3.861841559410095,0.1859401103351246,0.0,0.0,0.02,0.1407029944832437,0.0,carpet,12345,2458047974,0,0,3,0,0,0,0.4336685836315155,-0.927546501159668,0.1086150482296943,0.2759778201580047,0.8668856024742126,0.946720540523529,0.3037194609642029,-0.1814029663801193,0.0162164345383644,0.9837835431098938,-0.2602678835391998,-1.0,-1.0,-1.0,-1.0,-1.0,-1.0,-1.0,1.0,0.0,0.0,0.0,1.0,0.0,0.0,0.0,1.0,0.0,0.0,0.0
20260319_165846_036208,3,104,2.877160787582397,0.3207210004329681,-0.1432340334486451,-13.6357283196697,0.0,0.4897121232286849,1.0418802499771118,0.5353193310270967,0.0,0.0,0.02,0.1232340334486451,0.0,carpet,12345,2458047974,0,0,3,0,0,0,0.891874372959137,0.7761124968528748,-0.1664469093084335,0.1525683850049972,-0.1268151402473449,0.3071614801883697,0.8917262554168701,-0.1186611205339431,0.0461372286081314,0.9538627862930298,-0.1248152032494545,-1.0,-1.0,-1.0,-1.0,-1.0,-1.0,-1.0,1.0,0.0,0.0,0.0,1.0,0.0,0.0,0.0,1.0,0.0,0.0,0.0
20260319_165846_036208,3,105,2.888559341430664,0.3316070139408111,-0.1539137463742112,-13.789642066043912,0.0,0.0951337547254382,-1.0886013507843018,0.3217250725157754,0.0,0.0,0.02,0.1339137463742112,0.0,carpet,12345,2458047974,0,0,3,0,0,0,-0.0841481238603591,-0.3574453294277191,0.7661887407302856,0.2275846600532531,-0.8864253759384155,-0.8191470503807068,0.4636751413345337,0.0130901336669921,0.0542094931006431,0.945790469646454,0.1312840431928634,-1.0,-1.0,-1.0,-1.0,-1.0,-1.0,-1.0,1.0,0.0,0.0,0.0,1.0,0.0,0.0,0.0,1.0,0.0,0.0,0.0
20260319_165846_036208,3,106,2.847437620162964,0.3149070143699646,-0.1429441455731993,-13.932586211617112,0.0,0.4888503053152533,1.6699999570846558,0.5411170885360121,0.0,0.0,0.02,0.1229441455731993,0.0,carpet,12345,2458047974,0,0,3,0,0,0,-0.5720913410186768,0.0258139688521623,0.781653106212616,0.3985683023929596,-0.092819333076477,0.9490930438041688,-0.9684255123138428,0.0273384097963571,0.0457752346992492,0.9542247653007508,0.1584664285182953,-1.0,-1.0,-1.0,-1.0,-1.0,-1.0,-1.0,1.0,0.0,0.0,0.0,1.0,0.0,0.0,0.0,1.0,0.0,0.0,0.0
20260319_165846_036208,3,107,2.839705228805542,0.3173359036445617,-0.1297235658563825,-14.062309777473494,0.0,0.3059154971215037,-0.2428889274597168,0.8055286828723496,0.0,0.0,0.02,0.1097235658563825,0.0,carpet,12345,2458047974,0,0,3,0,0,0,0.4414465725421905,-0.6274251937866211,-0.7163105607032776,-0.0720403790473938,0.7356617450714111,0.1802255064249038,-0.8760055303573608,-0.024063492193818,0.0587140619754791,0.9412859082221984,-0.0635969117283821,-1.0,-1.0,-1.0,-1.0,-1.0,-1.0,-1.0,1.0,0.0,0.0,0.0,1.0,0.0,0.0,0.0,1.0,0.0,0.0,0.0
20260319_165846_036208,3,108,2.910670042037964,0.3117381334304809,-0.067267568021838,-14.129577345495331,0.0,0.3693808781931409,0.559777021408081,2.05464863956324,0.0,0.0,0.02,0.047267568021838,0.0,carpet,12345,2458047974,0,0,3,0,0,0,-0.3898229002952575,-0.3453841507434845,-0.4748711287975311,0.4494098722934723,-0.1172195598483085,0.0277041289955377,0.658829927444458,-0.0337291732430458,0.056832205504179,0.9431677460670472,-0.1271551847457885,-1.0,-1.0,-1.0,-1.0,-1.0,-1.0,-1.0,1.0,0.0,0.0,0.0,1.0,0.0,0.0,0.0,1.0,0.0,0.0,0.0
20260319_165846_036208,3,109,2.928884744644165,0.3363872170448303,-0.0995099436564925,-14.229087289151826,0.0,-0.3391914317138713,-2.4649083614349365,1.4098011268701498,0.0,0.0,0.02,0.0795099436564925,0.0,carpet,12345,2458047974,0,0,3,0,0,0,0.8384600281715393,-0.7657398581504822,-0.0893493965268135,0.1943399906158447,0.5939836502075195,0.1129218861460685,0.8612048029899597,0.054977037012577,0.0611692555248737,0.9388307332992554,0.127151221036911,-1.0,-1.0,-1.0,-1.0,-1.0,-1.0,-1.0,1.0,0.0,0.0,0.0,1.0,0.0,0.0,0.0,1.0,0.0,0.0,0.0
20260319_165846_036208,3,110,2.9188358783721924,0.3349646329879761,-0.1349369984361292,-14.364024287587956,0.0,-0.2188289723640508,0.1422584056854248,0.701260031277414,0.0,0.0,0.02,0.1149369984361292,0.0,carpet,12345,2458047974,0,0,3,0,0,0,1.0,-0.7566644549369812,-0.7158222198486328,0.7965908050537109,1.0,0.747873842716217,-0.987890899181366,0.0777454376220703,0.042071633040905,0.9579282999038696,0.2302262783050537,-1.0,-1.0,-1.0,-1.0,-1.0,-1.0,-1.0,1.0,0.0,0.0,0.0,1.0,0.0,0.0,0.0,1.0,0.0,0.0,0.0
20260319_165846_036208,3,111,2.9246320724487305,0.3374211490154266,-0.1509704176703661,-14.514994705258324,0.0,-0.2255346299592986,-0.2456516027450561,0.3805916465926771,0.0,0.0,0.02,0.1309704176703661,0.0,carpet,12345,2458047974,0,0,3,0,0,0,-0.6767222285270691,0.6227874159812927,0.3861314058303833,-0.3129579424858093,-0.345337450504303,0.744179368019104,-0.2049371004104614,0.0651840195059776,0.0431738160550594,0.956826150417328,0.0578085519373416,-1.0,-1.0,-1.0,-1.0,-1.0,-1.0,-1.0,1.0,0.0,0.0,0.0,1.0,0.0,0.0,0.0,1.0,0.0,0.0,0.0
20260319_165846_036208,3,112,2.9284327030181885,0.3277803063392639,-0.1699999999999999,-14.684994705258324,0.0,0.0718700944345869,0.964084267616272,-0.0363885642879893,0.0,0.0,0.02,0.15,0.0,carpet,12345,2458047974,0,0,3,0,0,0,-0.7092612385749817,0.3697613179683685,-0.8081099987030029,0.3270416557788849,1.0,-0.7006134390830994,0.0445745326578617,0.0724292770028114,0.0412705577909946,0.9587293863296508,0.0773566961288452,-1.0,-1.0,-1.0,-1.0,-1.0,-1.0,-1.0,1.0,0.0,0.0,0.0,1.0,0.0,0.0,0.0,1.0,0.0,0.0,0.0
20260319_165846_036208,3,113,2.922217845916748,0.3249394595623016,-0.1699999999999999,-14.854994705258322,0.0,0.1249237402500114,0.284084677696228,-0.2173803211594815,0.0,0.0,0.02,0.15,0.0,carpet,12345,2458047974,0,0,3,0,0,0,-0.1617666184902191,-0.777565062046051,0.3666282296180725,-0.207539215683937,-1.0,-0.8220658302307129,-0.1277926713228225,0.0771801024675369,0.0487400963902473,0.9512598514556884,0.1197469979524612,-1.0,-1.0,-1.0,-1.0,-1.0,-1.0,-1.0,1.0,0.0,0.0,0.0,1.0,0.0,0.0,0.0,1.0,0.0,0.0,0.0
20260319_165846_036208,3,114,2.9219446182250977,0.324914813041687,-0.1699999999999999,-15.024994705258322,0.0,0.094308968202867,0.0024646520614624,-0.4924522311497554,0.0,0.0,0.02,0.15,0.0,carpet,12345,2458047974,0,0,3,0,0,0,-1.0,-0.0939505249261856,-0.8857372403144836,-0.7848851084709167,0.5160225629806519,-0.5665169358253479,0.0486099086701869,0.0694114714860916,0.0509411245584487,0.9490588307380676,0.1085969880223274,-1.0,-1.0,-1.0,-1.0,-1.0,-1.0,-1.0,1.0,0.0,0.0,0.0,1.0,0.0,0.0,0.0,1.0,0.0,0.0,0.0
20260319_165846_036208,3,115,2.913205862045288,0.3260188400745392,-0.1699999999999999,-15.194994705258322,0.0,0.0431310503308424,-0.1104027032852172,-0.1101297491050417,0.0,0.0,0.02,0.15,0.0,carpet,12345,2458047974,0,0,3,0,0,0,-0.4205230176448822,0.7218850255012512,-0.9490727782249452,0.90995854139328,0.9988914132118224,-0.327437162399292,-0.31752610206604,0.0690700560808181,0.0509602166712284,0.9490397572517396,0.1077869310975074,-1.0,-1.0,-1.0,-1.0,-1.0,-1.0,-1.0,1.0,0.0,0.0,0.0,1.0,0.0,0.0,0.0,1.0,0.0,0.0,0.0
20260319_165846_036208,3,116,2.9011831283569336,0.3294093012809753,-0.1671857009576879,-15.36218040621601,0.0,-0.0524132424127685,-0.3390461206436157,0.0562859808462405,0.0,0.0,0.02,0.1471857009576879,0.0,carpet,12345,2458047974,0,0,3,0,0,0,-0.6241629123687744,0.898764967918396,0.4260929524898529,0.5235454440116882,0.5604271292686462,0.4945032596588135,-0.8054489493370056,0.0581466667354106,0.0501048527657985,0.9498951435089112,0.071632407605648,-1.0,-1.0,-1.0,-1.0,-1.0,-1.0,-1.0,1.0,0.0,0.0,0.0,1.0,0.0,0.0,0.0,1.0,0.0,0.0,0.0
20260319_165846_036208,3,117,2.9111785888671875,0.3218622803688049,-0.1484406899099891,-15.510621096126,0.0,0.1493655909946767,0.754702091217041,0.4311862018002159,0.0,0.0,0.02,0.1284406899099892,0.0,carpet,12345,2458047974,0,0,3,0,0,0,0.4254509806632995,-0.6506705284118652,0.957763373851776,0.7746531367301941,-0.3494848608970642,-0.0708708763122558,-0.2773906886577606,0.0431182868778705,0.0474779866635799,0.952522039413452,-0.0146335707977414,-1.0,-1.0,-1.0,-1.0,-1.0,-1.0,-1.0,1.0,0.0,0.0,0.0,1.0,0.0,0.0,0.0,1.0,0.0,0.0,0.0
20260319_165846_036208,3,118,2.88229775428772,0.3286071419715881,-0.1548640619728968,-15.665485158098896,0.0,-0.0565973468235654,-0.6744861602783203,0.3027187605420636,0.0,0.0,0.02,0.1348640619728968,0.0,carpet,12345,2458047974,0,0,3,0,0,0,0.3549717366695404,0.3548586964607239,-0.8207231760025024,1.0,0.8092895746231079,-0.7015587091445923,-0.9834827184677124,0.055612564086914,0.0533252507448196,0.9466747641563416,0.0179398134350776,-1.0,-1.0,-1.0,-1.0,-1.0,-1.0,-1.0,1.0,0.0,0.0,0.0,1.0,0.0,0.0,0.0,1.0,0.0,0.0,0.0
20260319_165846_036208,3,119,2.8861238956451416,0.3128248155117035,-0.1435047414164249,-15.80898989951532,0.0,0.3521101513794491,1.5782326459884644,0.5299051716715013,0.0,0.0,0.02,0.1235047414164249,0.0,carpet,12345,2458047974,0,0,3,0,0,0,-0.6533158421516418,0.2890778183937073,0.2398705780506134,-0.4822027683258056,-0.900956690311432,-0.6433048844337463,0.5652328729629517,0.0195114128291606,0.0480994805693626,0.9519005417823792,-0.0628659352660179,-1.0,-1.0,-1.0,-1.0,-1.0,-1.0,-1.0,1.0,0.0,0.0,0.0,1.0,0.0,0.0,0.0,1.0,0.0,0.0,0.0
20260319_165846_036208,3,120,2.86941146850586,0.3000708520412445,-0.1190736048117653,-15.928063504327088,0.0,0.5829317002960579,1.2753963470458984,1.0185279037646922,0.0,0.0,0.02,0.0990736048117653,0.0,carpet,12345,2458047974,0,0,3,0,0,0,-0.6668654084205627,0.4555964767932892,0.8470147848129272,-0.4369313716888428,0.2258767634630203,-0.5974689722061157,-0.3954983353614807,0.0242942813783884,0.0603273063898086,0.9396727085113524,0.0610554181039333,-1.0,-1.0,-1.0,-1.0,-1.0,-1.0,-1.0,1.0,0.0,0.0,0.0,1.0,0.0,0.0,0.0,1.0,0.0,0.0,0.0
20260319_165846_036208,3,121,2.8630261421203613,0.2992949783802032,-0.0984003764909044,-16.026463880817992,0.0,0.4565956167480607,0.0775873661041259,1.4319924701819104,0.0,0.0,0.02,0.0784003764909044,0.0,carpet,12345,2458047974,0,0,3,0,0,0,1.0,0.1531469374895095,-0.0595594011247158,-1.0,-0.0399267747998237,-0.6654267907142639,-0.2678660452365875,0.003403854323551,0.0702088251709938,0.9297911524772644,0.0208867862820625,-1.0,-1.0,-1.0,-1.0,-1.0,-1.0,-1.0,1.0,0.0,0.0,0.0,1.0,0.0,0.0,0.0,1.0,0.0,0.0,0.0
20260319_165846_036208,3,122,2.8836352825164795,0.3029796779155731,-0.0832632531614248,-16.10972713397942,0.0,0.2503292241768236,-0.3684699535369873,1.7347349367715026,0.0,0.0,0.02,0.0632632531614248,0.0,carpet,12345,2458047974,0,0,3,0,0,0,-0.8287160992622375,-0.4945611357688904,-0.5666104555130005,0.749183177947998,-0.9813215732574464,0.6200051307678223,0.2195670753717422,-0.0045780180953443,0.0708099529147148,0.9291899800300598,-0.003819185309112,-1.0,-1.0,-1.0,-1.0,-1.0,-1.0,-1.0,1.0,0.0,0.0,0.0,1.0,0.0,0.0,0.0,1.0,0.0,0.0,0.0
20260319_165846_036208,3,123,2.898056030273437,0.3200934827327728,-0.1027364428260281,-16.212463576805447,0.0,-0.2400982022973892,-1.7113804817199707,1.3452711434794369,0.0,0.0,0.02,0.0827364428260281,0.0,carpet,12345,2458047974,0,0,3,0,0,0,0.7861204743385315,-0.7773765325546265,0.3075587451457977,0.0651405826210975,-0.2318680137395858,-0.6006225347518921,0.8793485164642334,0.0211833957582712,0.0679551288485527,0.932044804096222,0.0803049802780151,-1.0,-1.0,-1.0,-1.0,-1.0,-1.0,-1.0,1.0,0.0,0.0,0.0,1.0,0.0,0.0,0.0,1.0,0.0,0.0,0.0
20260319_165846_036208,3,124,2.8690953254699707,0.2900964617729187,-0.0714139818711846,-16.283877558676632,0.0,0.5698518722733041,2.9997020959854126,1.9717203625763065,0.0,0.0,0.02,0.0514139818711846,0.0,carpet,12345,2458047974,0,0,3,0,0,0,-0.7942925095558167,0.2653112113475799,0.3783378303050995,-0.4298915266990661,-0.9626291990280152,0.2813796997070312,-0.7371160387992859,0.0392093658447265,0.0546956807374954,0.9453043341636658,0.1998467743396759,-1.0,-1.0,-1.0,-1.0,-1.0,-1.0,-1.0,1.0,0.0,0.0,0.0,1.0,0.0,0.0,0.0,1.0,0.0,0.0,0.0
20260319_165846_036208,3,125,2.848273754119873,0.3012151420116424,-0.0815483945283123,-16.365425953204944,0.0,0.1494218982368949,-1.1118680238723757,1.769032109433752,0.0,0.0,0.02,0.0615483945283123,0.0,carpet,12345,2458047974,0,0,3,0,0,0,-0.9572159051895142,0.7382779121398926,0.6754079461097717,-0.4285544753074646,0.6849496364593506,0.7504160404205322,-0.8511524796485901,0.0030086517799645,0.0779367983341217,0.922063171863556,0.0320116356015205,-1.0,-1.0,-1.0,-1.0,-1.0,-1.0,-1.0,1.0,0.0,0.0,0.0,1.0,0.0,0.0,0.0,1.0,0.0,0.0,0.0
20260319_165846_036208,3,126,2.860198736190796,0.2931984364986419,-0.0950707764679816,-16.460496729672926,0.0,0.3124840615026727,0.8016705513000488,1.4985844706403668,0.0,0.0,0.02,0.0750707764679816,0.0,carpet,12345,2458047974,0,0,3,0,0,0,0.195533350110054,-0.6642149090766907,-0.1261159926652908,-0.3602733910083771,0.6250910758972168,-0.0040216292254626,-0.2203840315341949,-0.0230186469852924,0.0693222656846046,0.9306777119636536,-0.0566667281091213,-1.0,-1.0,-1.0,-1.0,-1.0,-1.0,-1.0,1.0,0.0,0.0,0.0,1.0,0.0,0.0,0.0,1.0,0.0,0.0,0.0
20260319_165846_036208,3,127,2.901343822479248,0.3068591356277466,-0.1232582789104147,-16.583755008583342,0.0,-0.1071544321006001,-1.3660699129104614,0.934834421791706,0.0,0.0,0.02,0.1032582789104147,0.0,carpet,12345,2458047974,0,0,3,0,0,0,0.0948581621050834,0.6762009263038635,-0.2722206711769104,-1.0,0.9628286957740784,0.5768742561340332,0.4321463406085968,-0.0081123355776071,0.0755334421992302,0.9244664907455444,-0.0118191093206405,-1.0,-1.0,-1.0,-1.0,-1.0,-1.0,-1.0,1.0,0.0,0.0,0.0,1.0,0.0,0.0,0.0,1.0,0.0,0.0,0.0
20260319_165846_036208,3,128,2.9171175956726074,0.3257726430892944,-0.1634349156499635,-16.747189924233307,0.0,-0.5532035106141535,-1.8913507461547847,0.1313016870007288,0.0,0.0,0.02,0.1434349156499635,0.0,carpet,12345,2458047974,0,0,3,0,0,0,0.8182107210159302,0.97904372215271,-0.0280491132289171,-0.5245115756988525,0.7518066763877869,-0.4366136491298675,0.6714349389076233,0.0433189384639263,0.0649494081735611,0.9350505471229552,0.1233587637543678,-1.0,-1.0,-1.0,-1.0,-1.0,-1.0,-1.0,1.0,0.0,0.0,0.0,1.0,0.0,0.0,0.0,1.0,0.0,0.0,0.0
20260319_165846_036208,3,129,2.919865846633911,0.3278934359550476,-0.1699999999999999,-16.91718992423331,0.0,-0.4679224546044338,-0.2120792865753173,-0.0965225653063157,0.0,0.0,0.02,0.15,0.0,carpet,12345,2458047974,0,0,3,0,0,0,0.6147184371948242,-0.2936989068984985,-0.2950387299060821,-0.3547623455524444,-1.0,-0.3428022563457489,0.8364044427871704,0.0630363449454307,0.050295602530241,0.9497043490409852,0.205296978354454,-1.0,-1.0,-1.0,-1.0,-1.0,-1.0,-1.0,1.0,0.0,0.0,0.0,1.0,0.0,0.0,0.0,1.0,0.0,0.0,0.0
20260319_165846_036208,3,130,2.923842430114746,0.3195204138755798,-0.1710264744537531,-17.088216398687063,0.0,-0.1416162889666452,0.8373022079467773,-0.8079907265462651,0.0,0.0205294890750633,0.02,0.15,0.0,carpet,12345,2458047974,0,0,3,0,0,0,0.639545202255249,0.0251305103302001,-0.3954862058162689,-0.202369749546051,0.7190355658531189,0.7431620955467224,0.4323193430900574,0.066471479833126,0.0486524328589439,0.9513475298881532,0.2605313956737518,-1.0,-1.0,-1.0,-1.0,-1.0,-1.0,-1.0,1.0,0.0,0.0,0.0,1.0,0.0,0.0,0.0,1.0,0.0,0.0,0.0
20260319_165846_036208,3,131,2.926123142242432,0.3213259577751159,-0.1722630704515049,-17.260479469138566,0.0,-0.151350814213373,-0.1805543899536132,-1.108763438996533,0.0,0.0452614090300996,0.02,0.15,0.0,carpet,12345,2458047974,0,0,3,0,0,0,0.7722638249397278,0.0466863326728343,0.9762054681777954,0.804756224155426,-0.4378593862056732,0.0701966807246208,0.6097639799118042,0.0714424103498458,0.0551396943628788,0.9448602795600892,0.233901172876358,-1.0,-1.0,-1.0,-1.0,-1.0,-1.0,-1.0,1.0,0.0,0.0,0.0,1.0,0.0,0.0,0.0,1.0,0.0,0.0,0.0
20260319_165846_036208,3,132,2.9261982440948486,0.3296070098876953,-0.1736081871242149,-17.434087656262783,0.0,-0.3205394134745205,-0.8281052112579346,-1.7417869139737263,0.0,0.0721637424842994,0.02,0.15,0.0,carpet,12345,2458047974,0,0,3,0,0,0,-0.3622783720493316,0.7399937510490417,0.2984653413295746,-0.50882488489151,0.8712036609649658,0.0867599323391914,0.9265475273132324,0.0742931365966796,0.0537407994270324,0.9462592005729676,0.2417547851800918,-1.0,-1.0,-1.0,-1.0,-1.0,-1.0,-1.0,1.0,0.0,0.0,0.0,1.0,0.0,0.0,0.0,1.0,0.0,0.0,0.0
20260319_165846_036208,3,133,2.925889730453491,0.327743798494339,-0.1744465593205597,-17.608534215583344,0.0,-0.1938242752719787,0.1863211393356323,-1.828456757145105,0.0,0.0889311864111945,0.02,0.15,0.0,carpet,12345,2458047974,0,0,3,0,0,0,-0.7801482677459717,0.103250578045845,-0.8156260251998901,0.8096627593040466,0.944969117641449,-0.4404447972774505,0.0423881150782108,0.0743869766592979,0.0473247990012168,0.95267516374588,0.270527571439743,-1.0,-1.0,-1.0,-1.0,-1.0,-1.0,-1.0,1.0,0.0,0.0,0.0,1.0,0.0,0.0,0.0,1.0,0.0,0.0,0.0
20260319_165846_036208,3,134,2.913880586624145,0.3045397996902466,-0.1733643204500606,-17.781898536033406,0.0,0.4347317636483154,2.3203998804092407,-0.840521482882636,0.0,0.0672864090012129,0.02,0.15,0.0,carpet,12345,2458047974,0,0,3,0,0,0,0.6656284332275391,0.8594655990600586,0.1897418797016143,1.0,-1.0,0.1459657400846481,0.3284233510494232,0.0740013122558593,0.0487683787941932,0.9512315988540648,0.2587844133377075,-1.0,-1.0,-1.0,-1.0,-1.0,-1.0,-1.0,1.0,0.0,0.0,0.0,1.0,0.0,0.0,0.0,1.0,0.0,0.0,0.0
20260319_165846_036208,3,135,2.918262004852295,0.3123645186424255,-0.1732127258653558,-17.95511126189876,0.0,0.1304308489317662,-0.7824718952178955,-0.2421681793464358,0.0,0.064254517307117,0.02,0.15,0.0,carpet,12345,2458047974,0,0,3,0,0,0,0.4790265262126922,0.2295351773500442,0.7976865768432617,-0.9732372164726256,-0.584738552570343,-0.2385508716106414,0.4923828840255737,0.0589900985360145,0.0667463839054107,0.9332535862922668,0.1409142911434173,-1.0,-1.0,-1.0,-1.0,-1.0,-1.0,-1.0,1.0,0.0,0.0,0.0,1.0,0.0,0.0,0.0,1.0,0.0,0.0,0.0
20260319_165846_036208,3,136,2.904891014099121,0.2818610668182373,-0.1334954352485816,-18.08860669714734,0.0,0.8604094323035412,3.0503451824188232,0.7598575419237505,0.0,0.0297662468953821,0.02,0.1120071229038124,0.0,carpet,12345,2458047974,0,0,3,0,0,0,-0.2482953071594238,-0.0852048993110656,-0.4227463603019714,0.3380907773971557,0.4103461503982544,-0.0974430963397026,-0.3925775289535522,0.0644668564200401,0.0606839396059513,0.9393160343170166,0.1863867789506912,-1.0,-1.0,-1.0,-1.0,-1.0,-1.0,-1.0,1.0,0.0,0.0,0.0,1.0,0.0,0.0,0.0,1.0,0.0,0.0,0.0
20260319_165846_036208,3,137,2.925691604614258,0.3059428036212921,-0.1241986521346959,-18.21280534928204,0.0,0.0432636541512749,-2.408173680305481,0.9544720102883986,0.0,0.0384450529823175,0.02,0.10227639948558,0.0,carpet,12345,2458047974,0,0,3,0,0,0,-0.8130624890327454,0.9790077209472656,0.1528502404689788,-0.9403390884399414,-0.8408082723617554,0.6293339133262634,0.7138761878013611,0.0477531440556049,0.0843174010515213,0.91568261384964,0.075426235795021,-1.0,-1.0,-1.0,-1.0,-1.0,-1.0,-1.0,1.0,0.0,0.0,0.0,1.0,0.0,0.0,0.0,1.0,0.0,0.0,0.0
20260319_165846_036208,3,138,2.931815385818481,0.3231437504291534,-0.1289580975224387,-18.341763446804475,0.0,-0.3975759295830698,-1.7200946807861328,0.8774354941798492,0.0,0.0565974446286242,0.02,0.1061282252910075,0.0,carpet,12345,2458047974,0,0,3,0,0,0,0.5409157872200012,-0.5568532943725586,0.6344833374023438,-0.3344698250293731,-0.035868365317583,0.7316339612007141,0.3464657962322235,0.0737537369132042,0.0656593590974807,0.9343406558036804,0.1944146007299423,-1.0,-1.0,-1.0,-1.0,-1.0,-1.0,-1.0,1.0,0.0,0.0,0.0,1.0,0.0,0.0,0.0,1.0,0.0,0.0,0.0
20260319_165846_036208,3,139,2.9288971424102783,0.3183985948562622,-0.1285052393823742,-18.47026868618685,0.0,-0.1795530578650215,0.4745155572891235,0.8917067115868065,0.0,0.0618114992342917,0.02,0.1054146644206596,0.0,carpet,12345,2458047974,0,0,3,0,0,0,-0.6923080086708069,-0.5633970499038696,-0.1092931851744651,-0.3060718476772308,-0.5951354503631592,0.462010771036148,-0.4696004986763,0.0814086943864822,0.0523323900997638,0.9476675987243652,0.2345192581415176,-1.0,-1.0,-1.0,-1.0,-1.0,-1.0,-1.0,1.0,0.0,0.0,0.0,1.0,0.0,0.0,0.0,1.0,0.0,0.0,0.0
20260319_165846_036208,3,140,2.884922742843628,0.2913511991500854,-0.1201106304488296,-18.59037931663568,0.0,0.5415200992556493,2.704739570617676,0.9984950471941404,0.0,0.0007076561707322,0.02,0.1000752476402929,0.0,carpet,12345,2458047974,0,0,3,0,0,0,-0.0229672063142061,0.253354400396347,0.6715729832649231,-0.9098451733589172,0.9446219205856324,-0.1605998128652572,-0.8052868247032166,0.0777606964111328,0.0560088604688644,0.9439911246299744,0.205585092306137,-1.0,-1.0,-1.0,-1.0,-1.0,-1.0,-1.0,1.0,0.0,0.0,0.0,1.0,0.0,0.0,0.0,1.0,0.0,0.0,0.0
20260319_165846_036208,3,141,2.9240365028381348,0.3002144694328308,-0.1179086872633439,-18.708288003899025,0.0,0.1845583173731029,-0.8863270282745361,1.052622515635477,0.0,0.0107962609023551,0.02,0.0973688742182261,0.0,carpet,12345,2458047974,0,0,3,0,0,0,0.5262793302536011,-0.0266113132238388,0.5829474329948425,0.0200687516480684,-0.6293073296546936,0.8864407539367676,0.5769037008285522,0.0227928161621093,0.0769646391272544,0.9230353236198424,-0.0183533355593681,-1.0,-1.0,-1.0,-1.0,-1.0,-1.0,-1.0,1.0,0.0,0.0,0.0,1.0,0.0,0.0,0.0,1.0,0.0,0.0,0.0
20260319_165846_036208,3,142,2.929121971130371,0.3153005838394165,-0.171763843145457,-18.88005184704448,0.0,-0.2387341221348151,-1.5086114406585691,-0.0465210388028793,0.0,0.0352768629091415,0.02,0.15,0.0,carpet,12345,2458047974,0,0,3,0,0,0,0.4610165655612945,0.6997680068016052,0.9629170894622804,-0.4046346843242645,-0.7279757857322693,-0.1401567012071609,0.2418749183416366,0.0716850310564041,0.0700975656509399,0.92990243434906,0.1742478907108307,-1.0,-1.0,-1.0,-1.0,-1.0,-1.0,-1.0,1.0,0.0,0.0,0.0,1.0,0.0,0.0,0.0,1.0,0.0,0.0,0.0
20260319_165846_036208,3,143,2.932178258895874,0.3276762962341308,-0.1733130975699623,-19.053364944614444,0.0,-0.4884434014689702,-1.2375712394714355,-0.5782280944231246,0.0,0.0662619513992469,0.02,0.15,0.0,carpet,12345,2458047974,0,0,3,0,0,0,-0.8284772038459778,0.9018698334693908,0.4416457414627075,-0.1817712932825088,-0.4590823054313659,0.5896163582801819,0.9393129348754884,0.0780418366193771,0.0584091395139694,0.9415908455848694,0.2325077354907989,-1.0,-1.0,-1.0,-1.0,-1.0,-1.0,-1.0,1.0,0.0,0.0,0.0,1.0,0.0,0.0,0.0,1.0,0.0,0.0,0.0
20260319_165846_036208,3,144,2.900962829589844,0.2815168499946594,-0.1415752527555261,-19.19494019736997,0.0,0.7876536048850511,4.615944623947144,0.6070014400449963,0.0,0.0385064951555196,0.02,0.1196499279977501,0.0,carpet,12345,2458047974,0,0,3,0,0,0,-0.6655833125114441,-0.7207478284835815,0.4991574883460998,0.2914141416549682,-0.7287829518318176,-0.812522292137146,-0.601157009601593,0.0818622559309005,0.0488206632435321,0.9511793255805968,0.275992602109909,-1.0,-1.0,-1.0,-1.0,-1.0,-1.0,-1.0,1.0,0.0,0.0,0.0,1.0,0.0,0.0,0.0,1.0,0.0,0.0,0.0
20260319_165846_036208,3,145,2.8932430744171143,0.2798085510730743,-0.1000401123096839,-19.29498030967965,0.0,0.633447676703426,0.1708298921585083,1.420002174613444,0.0,0.0208044208071231,0.02,0.0789998912693278,0.0,carpet,12345,2458047974,0,0,3,0,0,0,0.2524560987949371,-1.0,-0.6816871166229248,0.5435370802879333,-0.2813048660755157,-0.3264650106430053,0.5903717875480652,0.0428428649902343,0.0845840945839881,0.91541588306427,0.1003456637263298,-1.0,-1.0,-1.0,-1.0,-1.0,-1.0,-1.0,1.0,0.0,0.0,0.0,1.0,0.0,0.0,0.0,1.0,0.0,0.0,0.0
20260319_165846_036208,3,146,2.883082628250122,0.2727168798446655,-0.0934570193202209,-19.38843732899988,0.0,0.6523775382377863,0.7091671228408813,1.530859613595581,0.0,0.0,0.02,0.0734570193202209,0.0,carpet,12345,2458047974,0,0,3,0,0,0,-0.459000676870346,-0.5282589197158813,-0.4932493269443512,0.8466119766235352,0.0314602702856063,0.5532404780387878,-0.5971890091896057,0.0331932082772254,0.0859076529741287,0.9140923023223876,0.1110734492540359,-1.0,-1.0,-1.0,-1.0,-1.0,-1.0,-1.0,1.0,0.0,0.0,0.0,1.0,0.0,0.0,0.0,1.0,0.0,0.0,0.0
20260319_165846_036208,3,147,2.857196807861328,0.2753565311431885,-0.0815203416281133,-19.46995767062799,0.0,0.4232918712152553,-0.2639651298522949,1.7695931674377334,0.0,0.0,0.02,0.0615203416281133,0.0,carpet,12345,2458047974,0,0,3,0,0,0,-0.8400540351867676,-0.0720980837941169,0.2598550617694855,0.6234727501869202,0.7673091888427734,-0.912472367286682,-0.5822991132736206,0.0204925537109375,0.0914021432399749,0.9085978269577026,0.0068231299519538,-1.0,-1.0,-1.0,-1.0,-1.0,-1.0,-1.0,1.0,0.0,0.0,0.0,1.0,0.0,0.0,0.0,1.0,0.0,0.0,0.0
20260319_165846_036208,3,148,2.870147705078125,0.27540323138237,-0.0537685656497768,-19.523726236277767,0.0,0.3163013974319142,-0.0046700239181518,2.324628687004463,0.0,0.0,0.02,0.0337685656497768,0.0,carpet,12345,2458047974,0,0,3,0,0,0,-0.7244058847427368,-0.7383649945259094,-0.8528130054473877,0.5843837261199951,0.9674058556556702,0.7826565504074097,0.1427676826715469,-0.0118648530915379,0.0893570035696029,0.9106429815292358,-0.0835592225193977,-1.0,-1.0,-1.0,-1.0,-1.0,-1.0,-1.0,1.0,0.0,0.0,0.0,1.0,0.0,0.0,0.0,1.0,0.0,0.0,0.0
20260319_165846_036208,3,149,2.91583514213562,0.2805693745613098,-0.0239427721463056,-19.54766900842408,0.0,0.1080724686004543,-0.5166143178939819,2.9211445570738874,0.0,0.0,0.02,0.0039427721463056,0.0,carpet,12345,2458047974,0,0,3,0,0,0,-0.5204682350158691,0.319663256406784,-0.7374519109725952,-0.2536060810089111,0.9733976721763612,-0.7294939160346985,0.3530322909355163,0.0043239593505859,0.0893208160996437,0.9106791615486144,-0.0414674282073974,-1.0,-1.0,-1.0,-1.0,-1.0,-1.0,-1.0,1.0,0.0,0.0,0.0,1.0,0.0,0.0,0.0,1.0,0.0,0.0,0.0
20260319_165846_036208,3,150,2.9159374237060547,0.2788324654102325,-0.0571015983791956,-19.604770606803267,0.0,0.1244770802272512,0.173690915107727,2.257968032416088,0.0,0.0,0.02,0.0371015983791956,0.0,carpet,12345,2458047974,0,0,3,0,0,0,0.7876553535461426,-0.8294044733047485,-0.0735716074705123,0.7745030522346497,0.5123679637908936,0.730154812335968,-0.0285793002694845,0.0614334121346473,0.0853181853890419,0.9146817922592164,0.0659850984811782,-1.0,-1.0,-1.0,-1.0,-1.0,-1.0,-1.0,1.0,0.0,0.0,0.0,1.0,0.0,0.0,0.0,1.0,0.0,0.0,0.0
20260319_165846_036208,3,151,2.95505952835083,0.2934500575065613,-0.1023780818262555,-19.707148688629523,0.0,-0.2720819922377728,-1.4617592096328735,1.3524383634748889,0.0,0.0,0.02,0.0823780818262555,0.0,carpet,12345,2458047974,0,0,3,0,0,0,-0.3208822607994079,0.7715288996696472,0.1356114149093628,-0.6090148091316223,0.7534500956535339,-0.136454164981842,0.8691225647926331,0.0615612044930458,0.0866639018058776,0.9133360385894777,0.0475674010813236,-1.0,-1.0,-1.0,-1.0,-1.0,-1.0,-1.0,1.0,0.0,0.0,0.0,1.0,0.0,0.0,0.0,1.0,0.0,0.0,0.0
20260319_165846_036208,3,152,2.924246311187744,0.2756313979625702,-0.1229267090170726,-19.8300753976466,0.0,0.241404994421444,1.7818659543991089,0.9414658196585464,0.0,0.0,0.02,0.1029267090170726,0.0,carpet,12345,2458047974,0,0,3,0,0,0,-0.037086796015501,0.2079339623451233,0.1024227365851402,1.0,-0.0419086664915084,-0.3665919601917267,-0.9512923955917358,0.1104637160897255,0.0753384977579116,0.9246614575386048,0.1727765798568725,-1.0,-1.0,-1.0,-1.0,-1.0,-1.0,-1.0,1.0,0.0,0.0,0.0,1.0,0.0,0.0,0.0,1.0,0.0,0.0,0.0
20260319_165846_036208,3,153,2.9208812713623047,0.2761061489582062,-0.135632054031576,-19.96570745167817,0.0,0.1691849709251869,-0.0474750995635986,0.6873589193684779,0.0,0.0,0.02,0.115632054031576,0.0,carpet,12345,2458047974,0,0,3,0,0,0,0.789990246295929,-0.4393647015094757,-0.7884021997451782,-0.0603807941079139,-0.0284012742340564,-0.6978272795677185,0.445462018251419,0.0719470977783203,0.089144043624401,0.9108559489250184,-0.0034416455309838,-1.0,-1.0,-1.0,-1.0,-1.0,-1.0,-1.0,1.0,0.0,0.0,0.0,1.0,0.0,0.0,0.0,1.0,0.0,0.0,0.0
20260319_165846_036208,3,154,2.938617467880249,0.299737274646759,-0.1699999999999999,-20.13570745167817,0.0,-0.4638894140199312,-2.3631125688552856,-0.0928318920833675,0.0,0.0,0.02,0.15,0.0,carpet,12345,2458047974,0,0,3,0,0,0,-0.1185141056776046,-0.708659827709198,-0.5259808897972107,0.7375901937484741,0.9078274369239808,-0.9412487149238586,0.8905969262123108,0.0677410140633583,0.0887762084603309,0.9112237095832824,0.056597001850605,-1.0,-1.0,-1.0,-1.0,-1.0,-1.0,-1.0,1.0,0.0,0.0,0.0,1.0,0.0,0.0,0.0,1.0,0.0,0.0,0.0
20260319_165846_036208,3,155,2.9209742546081543,0.2732531130313873,-0.1643358690407237,-20.300043320718896,0.0,0.3141869798693477,2.6484161615371704,0.1132826191855258,0.0,0.0,0.02,0.1443358690407237,0.0,carpet,12345,2458047974,0,0,3,0,0,0,-0.1155153959989547,0.1539617776870727,-0.4559971392154693,0.3551243543624878,-0.9171661734580994,-0.1214561462402343,-0.5060563683509827,0.0899112671613693,0.0704672709107399,0.9295326471328736,0.1609938740730285,-1.0,-1.0,-1.0,-1.0,-1.0,-1.0,-1.0,1.0,0.0,0.0,0.0,1.0,0.0,0.0,0.0,1.0,0.0,0.0,0.0
20260319_165846_036208,3,156,2.957252025604248,0.2803117930889129,-0.1676010613788929,-20.467644382097788,0.0,0.0591732334638663,-0.7058680057525635,0.0479787724221409,0.0,0.0,0.02,0.1476010613788929,0.0,carpet,12345,2458047974,0,0,3,0,0,0,-0.4882071912288666,0.6330350637435913,0.2001116126775741,-1.0,0.0370950065553188,0.7206199765205383,0.6126680970191956,0.0678569823503494,0.0909866839647293,0.9090132713317872,0.0341290459036827,-1.0,-1.0,-1.0,-1.0,-1.0,-1.0,-1.0,1.0,0.0,0.0,0.0,1.0,0.0,0.0,0.0,1.0,0.0,0.0,0.0
20260319_165846_036208,3,157,2.939000368118286,0.277869313955307,-0.1487248665951018,-20.61636924869289,0.0,0.1054419034380487,0.2442479133605957,0.4255026680979625,0.0,0.0,0.02,0.1287248665951018,0.0,carpet,12345,2458047974,0,0,3,0,0,0,-1.0,0.5980682373046875,-0.5791369080543518,-0.2170738875865936,0.6637269854545593,-0.3531331717967987,-0.578892707824707,0.1132041960954666,0.0855177566409111,0.9144822359085084,0.1576109826564788,-1.0,-1.0,-1.0,-1.0,-1.0,-1.0,-1.0,1.0,0.0,0.0,0.0,1.0,0.0,0.0,0.0,1.0,0.0,0.0,0.0
20260319_165846_036208,3,158,2.915931224822998,0.2687896192073822,-0.1454914265023416,-20.76186067519524,0.0,0.3060737962766495,0.9079694747924804,0.490171469953168,0.0,0.0,0.02,0.1254914265023416,0.0,carpet,12345,2458047974,0,0,3,0,0,0,0.2821126282215118,0.1517273038625717,0.4027474522590637,0.3369636535644531,-0.4907535910606384,0.0369556695222854,-0.6561232209205627,0.0903896316885948,0.0874101370573043,0.9125898480415344,0.0757371932268142,-1.0,-1.0,-1.0,-1.0,-1.0,-1.0,-1.0,1.0,0.0,0.0,0.0,1.0,0.0,0.0,0.0,1.0,0.0,0.0,0.0
20260319_165846_036208,3,159,2.928898811340332,0.2700024843215942,-0.1439889890809905,-20.905849664276225,0.0,0.1992337193522075,-0.1212865114212036,0.5202202183801887,0.0,0.0,0.02,0.1239889890809905,0.0,carpet,12345,2458047974,0,0,3,0,0,0,-0.4460814595222473,0.0669814646244049,-0.5266165137290955,0.6044930815696716,0.5695869326591492,-0.56637042760849,0.2796408236026764,0.0615531913936138,0.094444915652275,0.9055550694465636,-0.0231191720813512,-1.0,-1.0,-1.0,-1.0,-1.0,-1.0,-1.0,1.0,0.0,0.0,0.0,1.0,0.0,0.0,0.0,1.0,0.0,0.0,0.0
20260319_165846_036208,3,160,2.918360948562622,0.2679681777954101,-0.1107803707465568,-21.016630035022786,0.0,0.2002829526687435,0.2034306526184082,1.1843925850688637,0.0,0.0,0.02,0.0907803707465568,0.0,carpet,12345,2458047974,0,0,3,0,0,0,-0.150875374674797,0.3511389791965484,-0.3135006725788116,0.4674849808216095,0.0208448152989149,0.1124933511018753,-0.5866269469261169,0.077762983739376,0.093505211174488,0.9064947366714478,0.0638156682252883,-1.0,-1.0,-1.0,-1.0,-1.0,-1.0,-1.0,1.0,0.0,0.0,0.0,1.0,0.0,0.0,0.0,1.0,0.0,0.0,0.0
20260319_165846_036208,3,161,2.936250925064087,0.276780754327774,-0.1299948296804015,-21.146624864703185,0.0,-0.0701021988075467,-0.8812576532363892,0.800103406391969,0.0,0.0,0.02,0.1099948296804015,0.0,carpet,12345,2458047974,0,0,3,0,0,0,-0.4614853858947754,0.915294587612152,-0.576960027217865,-0.576030969619751,-0.8145383596420288,-0.9552104473114014,0.6203774213790894,0.0645904541015625,0.0950813442468643,0.904918611049652,-0.0051269102841615,-1.0,-1.0,-1.0,-1.0,-1.0,-1.0,-1.0,1.0,0.0,0.0,0.0,1.0,0.0,0.0,0.0,1.0,0.0,0.0,0.0
20260319_165846_036208,3,162,2.929461479187012,0.2658364176750183,-0.1219019029929324,-21.26852676769612,0.0,0.2210317672132475,1.0944336652755735,0.9619619401413502,0.0,0.0,0.02,0.1019019029929324,0.0,carpet,12345,2458047974,0,0,3,0,0,0,0.8982738256454468,0.4812337160110473,1.0,-0.4630685150623321,-0.0278898850083351,0.2835184037685394,-0.3493479192256927,0.0869529694318771,0.0882535353302955,0.9117464423179626,0.1148106008768081,-1.0,-1.0,-1.0,-1.0,-1.0,-1.0,-1.0,1.0,0.0,0.0,0.0,1.0,0.0,0.0,0.0,1.0,0.0,0.0,0.0
20260319_165846_036208,3,163,2.9419515132904053,0.2793991267681122,-0.1358386932607058,-21.40436546095682,0.0,-0.1732939019174182,-1.3562709093093872,0.6832261347858832,0.0,0.0,0.02,0.1158386932607058,0.0,carpet,12345,2458047974,0,0,3,0,0,0,-0.8618577718734741,-0.659659743309021,-0.9606993794441224,-0.3302168250083923,0.7120251655578613,-0.5994062423706055,0.6878687739372253,0.078466035425663,0.0967329964041709,0.903266966342926,0.0499004386365413,-1.0,-1.0,-1.0,-1.0,-1.0,-1.0,-1.0,1.0,0.0,0.0,0.0,1.0,0.0,0.0,0.0,1.0,0.0,0.0,0.0
20260319_165846_036208,3,164,2.9511961936950684,0.2974851429462433,-0.1699999999999999,-21.574365460956823,0.0,-0.5821208308913413,-1.8086016178131104,-0.2049684923821075,0.0,0.0,0.02,0.15,0.0,carpet,12345,2458047974,0,0,3,0,0,0,-0.3146344721317291,0.8264811038970947,0.3000849783420563,0.362632542848587,0.5854907631874084,-0.5649307370185852,1.0,0.0940788239240646,0.0862248763442039,0.9137750864028932,0.1377012282609939,-1.0,-1.0,-1.0,-1.0,-1.0,-1.0,-1.0,1.0,0.0,0.0,0.0,1.0,0.0,0.0,0.0,1.0,0.0,0.0,0.0
20260319_165846_036208,3,165,2.958657741546631,0.2912670373916626,-0.1699999999999999,-21.744365460956825,0.0,-0.2811379843039958,0.6218105554580688,-0.685340196038311,0.0,0.0,0.02,0.15,0.0,carpet,12345,2458047974,0,0,3,0,0,0,0.8834186792373657,-0.8127647042274475,0.7170996069908142,-0.9115548133850098,-0.3229685425758362,-0.1306576281785965,0.5259349942207336,0.1056346893310546,0.0722121894359588,0.9277877807617188,0.2026942372322082,-1.0,-1.0,-1.0,-1.0,-1.0,-1.0,-1.0,1.0,0.0,0.0,0.0,1.0,0.0,0.0,0.0,1.0,0.0,0.0,0.0
20260319_165846_036208,3,166,2.955322027206421,0.2785336673259735,-0.1699999999999999,-21.914365460956827,0.0,0.1074807634142303,1.2733370065689087,-0.7781423852928242,0.0,0.0,0.02,0.15,0.0,carpet,12345,2458047974,0,0,3,0,0,0,-0.602599024772644,-0.5778073668479919,0.9609073400497437,1.0,0.0383570045232772,0.7595793008804321,-0.1680168658494949,0.1149616241455078,0.0770298540592193,0.9229701161384584,0.2021120935678482,-1.0,-1.0,-1.0,-1.0,-1.0,-1.0,-1.0,1.0,0.0,0.0,0.0,1.0,0.0,0.0,0.0,1.0,0.0,0.0,0.0
20260319_165846_036208,3,167,2.956864833831787,0.2791380882263183,-0.1699999999999999,-22.08436546095683,0.0,0.0655000500520657,-0.0604420900344848,-0.6425401364332117,0.0,0.0,0.02,0.15,0.0,carpet,12345,2458047974,0,0,3,0,0,0,0.452252447605133,-0.0799615234136581,0.3011699914932251,-0.6525614857673645,0.4173199236392975,-0.6956744194030762,0.4953411519527435,0.1107917800545692,0.0868954136967659,0.91310453414917,0.1281611919403076,-1.0,-1.0,-1.0,-1.0,-1.0,-1.0,-1.0,1.0,0.0,0.0,0.0,1.0,0.0,0.0,0.0,1.0,0.0,0.0,0.0
20260319_165846_036208,3,168,2.9290707111358643,0.2702145278453827,-0.1699999999999999,-22.25436546095683,0.0,0.2722140470624339,0.8923560380935669,-0.5913578565840254,0.0,0.0,0.02,0.15,0.0,carpet,12345,2458047974,0,0,3,0,0,0,0.9207425713539124,0.2556774914264679,0.1451395899057388,-0.8337523937225342,-0.8156726956367493,0.5534130930900574,-0.8485016226768494,0.1127204895019531,0.0864271223545074,0.9135728478431702,0.1551988571882248,-1.0,-1.0,-1.0,-1.0,-1.0,-1.0,-1.0,1.0,0.0,0.0,0.0,1.0,0.0,0.0,0.0,1.0,0.0,0.0,0.0
20260319_165846_036208,3,169,2.9291489124298096,0.2648168206214905,-0.1699999999999999,-22.42436546095683,0.0,0.3391032158941272,0.5397707223892212,-0.07896073877248,0.0,0.0,0.02,0.15,0.0,carpet,12345,2458047974,0,0,3,0,0,0,0.3209297657012939,0.2616632282733917,-0.4055737555027008,0.8811856508255005,0.2480348348617553,0.0370335504412651,-0.2232843935489654,0.077977754175663,0.0933409258723259,0.9066590666770936,0.0218365862965583,-1.0,-1.0,-1.0,-1.0,-1.0,-1.0,-1.0,1.0,0.0,0.0,0.0,1.0,0.0,0.0,0.0,1.0,0.0,0.0,0.0
20260319_165846_036208,3,170,2.9069695472717285,0.2635501027107239,-0.1305422274095687,-22.5549076883664,0.0,0.285995359689764,0.1266717910766601,0.7891554518086252,0.0,0.0,0.02,0.1105422274095687,0.0,carpet,12345,2458047974,0,0,3,0,0,0,-0.8818328976631165,0.5542493462562561,0.6763064861297607,-0.9295262694358826,-0.1670109182596206,-0.5808820724487305,-0.9042497277259828,0.0780754089355468,0.097522959113121,0.9024770259857178,0.0323586501181125,-1.0,-1.0,-1.0,-1.0,-1.0,-1.0,-1.0,1.0,0.0,0.0,0.0,1.0,0.0,0.0,0.0,1.0,0.0,0.0,0.0
20260319_165846_036208,3,171,2.918182849884033,0.2640706300735473,-0.1064111614095321,-22.66131884977593,0.0,0.2014833356967358,-0.0520527362823486,1.2717767718093569,0.0,0.0,0.02,0.0864111614095321,0.0,carpet,12345,2458047974,0,0,3,0,0,0,0.2006463706493377,1.0,-0.8140547275543213,0.5659452080726624,-0.6074334383010864,-0.1514013111591339,0.6285067796707153,0.050351332873106,0.0985043793916702,0.9014955759048462,-0.0330020189285278,-1.0,-1.0,-1.0,-1.0,-1.0,-1.0,-1.0,1.0,0.0,0.0,0.0,1.0,0.0,0.0,0.0,1.0,0.0,0.0,0.0
20260319_165846_036208,3,172,2.9276065826416016,0.2650197148323059,-0.1054159304400638,-22.766734780216,0.0,0.1273853828035953,-0.0949084758758544,1.291681391198722,0.0,0.0,0.02,0.0854159304400638,0.0,carpet,12345,2458047974,0,0,3,0,0,0,-0.5580666065216064,-1.0,-0.9393867254257202,0.1424014866352081,-0.0271684844046831,0.3803630769252777,0.0256106182932853,0.0643680542707443,0.0981010943651199,0.9018988609313964,0.0898269489407539,-1.0,-1.0,-1.0,-1.0,-1.0,-1.0,-1.0,1.0,0.0,0.0,0.0,1.0,0.0,0.0,0.0,1.0,0.0,0.0,0.0
20260319_165846_036208,3,173,2.89675235748291,0.2598899900913238,-0.0975018251613055,-22.864236605377304,0.0,0.2237821556272337,0.5129724740982056,1.44996349677389,0.0,0.0,0.02,0.0775018251613055,0.0,carpet,12345,2458047974,0,0,3,0,0,0,0.2452491521835327,-0.451598048210144,0.4723715782165527,0.9933388829231262,0.773331880569458,-0.5891895890235901,-0.6360507607460022,0.0761474594473838,0.0973657518625259,0.9026342034339904,0.0950066447257995,-1.0,-1.0,-1.0,-1.0,-1.0,-1.0,-1.0,1.0,0.0,0.0,0.0,1.0,0.0,0.0,0.0,1.0,0.0,0.0,0.0
20260319_165846_036208,3,174,2.882680177688598,0.2670014500617981,-0.1116100216414982,-22.975846627018804,0.0,-0.0099498825414201,-0.7111459970474243,1.167799567170036,0.0,0.0,0.02,0.0916100216414982,0.0,carpet,12345,2458047974,0,0,3,0,0,0,-0.8604897856712341,-0.8810643553733826,0.845596969127655,-0.8181276321411133,-0.0874385386705398,0.0107335383072495,-0.7114759683609009,0.0375797264277935,0.1013401746749877,0.8986598253250122,-0.026082394644618,-1.0,-1.0,-1.0,-1.0,-1.0,-1.0,-1.0,1.0,0.0,0.0,0.0,1.0,0.0,0.0,0.0,1.0,0.0,0.0,0.0
20260319_165846_036208,4,0,2.88500714302063,0.4181018769741058,-0.02,-0.02,0.0,-0.3920085728168487,-1.568034291267395,0.0,0.0,0.0,0.02,0.0,0.0,carpet,12345,2458048105,0,0,4,0,0,0,0.0734279379248619,0.8104716539382935,-0.0356127843260765,-0.8833270072937012,-0.1874260157346725,-0.3500833511352539,0.894324541091919,0.0,-0.0,1.0,0.0,-1.0,-1.0,-1.0,-1.0,-1.0,-1.0,-1.0,1.0,0.0,0.0,0.0,1.0,0.0,0.0,0.0,1.0,0.0,0.0,0.0
20260319_165846_036208,4,1,2.9063174724578857,0.438748300075531,-0.02,-0.04,0.0,-0.8101670071482658,-2.064642310142517,0.0,0.0,0.0,0.02,0.0,0.0,carpet,12345,2458048105,0,0,4,0,0,0,-0.1472308933734893,0.2659047245979309,0.8605776429176331,0.0522362664341926,-0.0727104693651199,0.5222790837287903,0.7863566279411316,0.0216617584228515,-0.0120393820106983,1.0,0.0955593660473823,-1.0,-1.0,-1.0,-1.0,-1.0,-1.0,-1.0,1.0,0.0,0.0,0.0,1.0,0.0,0.0,0.0,1.0,0.0,0.0,0.0
20260319_165846_036208,4,2,2.87659239768982,0.4111330509185791,-0.02,-0.06,0.0,0.0827559735625982,2.7615249156951904,0.0,0.0,0.0,0.02,0.0,0.0,carpet,12345,2458048105,0,0,4,0,0,0,0.6531952023506165,0.9614984393119812,-0.7770095467567444,-0.1882900297641754,-0.4952464997768402,-0.8489303588867188,-0.0711566060781478,0.0482997894287109,-0.0278916992247104,1.0,0.1651311069726944,-1.0,-1.0,-1.0,-1.0,-1.0,-1.0,-1.0,1.0,0.0,0.0,0.0,1.0,0.0,0.0,0.0,1.0,0.0,0.0,0.0
20260319_165846_036208,4,3,2.783250570297241,0.412802129983902,-0.02,-0.08,0.0,0.0203400035388767,-0.1669079065322876,0.0,0.0,0.0,0.02,0.0,0.0,carpet,12345,2458048105,0,0,4,0,0,0,0.5075679421424866,-0.457648903131485,0.1142251193523407,1.0,0.3484987914562225,-0.059886410832405,-1.0,0.0111434934660792,-0.0066887019202113,1.0,0.0546290762722492,-1.0,-1.0,-1.0,-1.0,-1.0,-1.0,-1.0,1.0,0.0,0.0,0.0,1.0,0.0,0.0,0.0,1.0,0.0,0.0,0.0
20260319_165846_036208,4,4,2.8066484928131104,0.4059510231018066,-0.02,-0.1,0.0,0.186532674706541,0.6851106882095337,0.0,0.0,0.0,0.02,0.0,0.0,carpet,12345,2458048105,0,0,4,0,0,0,-0.1479860842227935,0.3326162993907928,0.4339232146739959,0.9050506353378296,0.7517302632331848,0.7701871991157532,-0.1627521812915802,-0.105533979833126,-0.007970224134624,1.0,-0.2200659811496734,-1.0,-1.0,-1.0,-1.0,-1.0,-1.0,-1.0,1.0,0.0,0.0,0.0,1.0,0.0,0.0,0.0,1.0,0.0,0.0,0.0
20260319_165846_036208,4,5,2.821455240249634,0.4060686826705932,-0.1699999999999999,-0.27,0.0,0.1369580168102402,-0.0117659568786621,-0.7755889113468584,0.0,0.0,0.02,0.15,0.0,carpet,12345,2458048105,0,0,4,0,0,0,0.9993308186531068,0.1841720938682556,1.0,0.6808067560195923,-0.6169058084487915,-0.0171602685004472,-0.5856990814208984,-0.0762863159179687,-0.0027099307626485,1.0,-0.1746368408203125,-1.0,-1.0,-1.0,-1.0,-1.0,-1.0,-1.0,1.0,0.0,0.0,0.0,1.0,0.0,0.0,0.0,1.0,0.0,0.0,0.0
20260319_165846_036208,4,6,2.8125925064086914,0.4060114026069641,-0.1699999999999999,-0.44,0.0,0.1041505141984089,0.005728006362915,-0.2794298243316007,0.0,0.0,0.02,0.15,0.0,carpet,12345,2458048105,0,0,4,0,0,0,0.2925854325294494,-0.0050831367261707,0.6787572503089905,0.5316011309623718,0.0580650679767131,-0.4331449866294861,-0.5403289198875427,-0.0577777847647666,-0.002800288144499,1.0,-0.1514603644609451,-1.0,-1.0,-1.0,-1.0,-1.0,-1.0,-1.0,1.0,0.0,0.0,0.0,1.0,0.0,0.0,0.0,1.0,0.0,0.0,0.0
20260319_165846_036208,4,7,2.808769464492798,0.408020555973053,-0.1420689382843374,-0.5820689382843375,0.0,0.027884051496585,-0.2009153366088867,0.5586212343132502,0.0,0.0,0.02,0.1220689382843374,0.0,carpet,12345,2458048105,0,0,4,0,0,0,-0.115049161016941,0.5877000093460083,-0.5060214996337891,0.839954137802124,0.7390021681785583,-0.4625205099582672,-0.3746378123760223,-0.0688564330339431,-0.0027562957257032,1.0,-0.1682204157114029,-1.0,-1.0,-1.0,-1.0,-1.0,-1.0,-1.0,1.0,0.0,0.0,0.0,1.0,0.0,0.0,0.0,1.0,0.0,0.0,0.0
20260319_165846_036208,4,8,2.819366693496704,0.4036492705345154,-0.1396969782331734,-0.721765916517511,0.0,0.1301951745858787,0.4371285438537597,0.6060604353365306,0.0,0.0,0.02,0.1196969782331734,0.0,carpet,12345,2458048105,0,0,4,0,0,0,0.7230819463729858,0.534061849117279,-0.3677168190479278,-0.9964589476585388,-0.4552205801010132,0.6352945566177368,-0.667984127998352,-0.0736351013183593,-0.0042989319190382,1.0,-0.1598386168479919,-1.0,-1.0,-1.0,-1.0,-1.0,-1.0,-1.0,1.0,0.0,0.0,0.0,1.0,0.0,0.0,0.0,1.0,0.0,0.0,0.0
20260319_165846_036208,4,9,2.858270168304444,0.4014909267425537,-0.1331337296231947,-0.8548996461407057,0.0,0.1516049757384507,0.215834379196167,0.7373254075361046,0.0,0.0,0.02,0.1131337296231947,0.0,carpet,12345,2458048105,0,0,4,0,0,0,0.7161270976066589,0.2929538190364837,0.2014533430337906,-0.4233468174934387,-0.2838534414768219,0.984142243862152,0.8461909890174866,-0.0603885650634765,-0.0009426457691006,1.0,-0.1662133783102035,-1.0,-1.0,-1.0,-1.0,-1.0,-1.0,-1.0,1.0,0.0,0.0,0.0,1.0,0.0,0.0,0.0,1.0,0.0,0.0,0.0
20260319_165846_036208,4,10,2.8540356159210205,0.4088279902935028,-0.1459465062070162,-1.000846152347722,0.0,-0.0697228569698893,-0.7337063550949097,0.4810698758596743,0.0,0.0,0.02,0.1259465062070162,0.0,carpet,12345,2458048105,0,0,4,0,0,0,-0.7306638360023499,0.3650741279125213,-0.0653387457132339,-0.1111420020461082,-0.7896686792373657,-0.2799073755741119,-0.705146074295044,-0.0117591861635446,0.0007145116687752,0.9992854595184326,0.0043866005726158,-1.0,-1.0,-1.0,-1.0,-1.0,-1.0,-1.0,1.0,0.0,0.0,0.0,1.0,0.0,0.0,0.0,1.0,0.0,0.0,0.0
20260319_165846_036208,4,11,2.854595422744751,0.4183286428451538,-0.1672848298734632,-1.1681309822211852,0.0,-0.2898084565186991,-0.9500652551651,0.0543034025307349,0.0,0.0,0.02,0.1472848298734632,0.0,carpet,12345,2458048105,0,0,4,0,0,0,0.1404469907283783,0.1587644219398498,0.4868457615375519,0.7976639866828918,-1.0,0.3159205615520477,0.8909963369369507,-0.0170524604618549,-0.0049188686534762,1.0,-0.0131738223135471,-1.0,-1.0,-1.0,-1.0,-1.0,-1.0,-1.0,1.0,0.0,0.0,0.0,1.0,0.0,0.0,0.0,1.0,0.0,0.0,0.0
20260319_165846_036208,4,12,2.8569014072418213,0.4014175534248352,-0.1622213109274366,-1.3303522931486218,0.0,0.2054208931189407,1.6911089420318604,0.1555737814512667,0.0,0.0,0.02,0.1422213109274366,0.0,carpet,12345,2458048105,0,0,4,0,0,0,0.6207260489463806,-0.0224786773324012,0.0480973795056343,-0.1715814918279647,0.6808704733848572,0.7568601369857788,-0.5657280683517456,-0.0163528434932231,-0.0122134778648614,1.0,0.0846808925271034,-1.0,-1.0,-1.0,-1.0,-1.0,-1.0,-1.0,1.0,0.0,0.0,0.0,1.0,0.0,0.0,0.0,1.0,0.0,0.0,0.0
20260319_165846_036208,4,13,2.8755927085876465,0.4123330116271972,-0.1695565527632578,-1.4999088459118797,0.0,-0.1188207852198388,-1.091545820236206,0.0088689447348428,0.0,0.0,0.02,0.1495565527632578,0.0,carpet,12345,2458048105,0,0,4,0,0,0,-0.4160263538360595,0.8585692644119263,-0.4680861532688141,-0.7583982944488525,-0.3818577229976654,0.0234059877693653,0.7241480946540833,-0.0134700778871774,0.0007708641933277,0.99922913312912,-0.0019566814880818,-1.0,-1.0,-1.0,-1.0,-1.0,-1.0,-1.0,1.0,0.0,0.0,0.0,1.0,0.0,0.0,0.0,1.0,0.0,0.0,0.0
20260319_165846_036208,4,14,2.84875750541687,0.4019396901130676,-0.1675304390456329,-1.6674392849575126,0.0,0.170717448938376,1.039332151412964,0.0493912190873402,0.0,0.0,0.02,0.1475304390456329,0.0,carpet,12345,2458048105,0,0,4,0,0,0,0.2427627891302108,-0.0879567191004753,-0.5952401757240295,-0.138970747590065,1.0,0.3873083293437958,-0.8032300472259521,0.009893799200654,-0.0076100253500044,1.0,0.1093957498669624,-1.0,-1.0,-1.0,-1.0,-1.0,-1.0,-1.0,1.0,0.0,0.0,0.0,1.0,0.0,0.0,0.0,1.0,0.0,0.0,0.0
20260319_165846_036208,4,15,2.8522205352783203,0.3994905948638916,-0.1656474144358963,-1.833086699393409,0.0,0.1892654679331826,0.2449095249176025,0.0870517112820721,0.0,0.0,0.02,0.1456474144358963,0.0,carpet,12345,2458048105,0,0,4,0,0,0,-0.6510070562362671,-0.7938507199287415,0.9598503708839417,0.9739900827407836,0.6086724400520325,0.1361532062292099,0.0814040675759315,-0.0236499793827533,0.0003699527296703,0.9996300339698792,-0.0454136617481708,-1.0,-1.0,-1.0,-1.0,-1.0,-1.0,-1.0,1.0,0.0,0.0,0.0,1.0,0.0,0.0,0.0,1.0,0.0,0.0,0.0
20260319_165846_036208,4,16,2.8778276443481445,0.4128051698207855,-0.1699999999999999,-2.003086699393409,0.0,-0.1909152729724894,-1.331457495689392,-0.0341407047205279,0.0,0.0,0.02,0.15,0.0,carpet,12345,2458048105,0,0,4,0,0,0,0.5490609407424927,-0.8742194771766663,1.0,-1.0,-0.8437411785125732,0.2910325825214386,0.561780571937561,-0.0193214416503906,0.0022503822110593,0.9977496266365052,-0.0273425281047821,-1.0,-1.0,-1.0,-1.0,-1.0,-1.0,-1.0,1.0,0.0,0.0,0.0,1.0,0.0,0.0,0.0,1.0,0.0,0.0,0.0
20260319_165846_036208,4,17,2.8647007942199707,0.4029390811920166,-0.1520433243605975,-2.1551300237540065,0.0,0.1034657609898772,0.986608862876892,0.3591335127880484,0.0,0.0,0.02,0.1320433243605975,0.0,carpet,12345,2458048105,0,0,4,0,0,0,0.4326302707195282,0.7380210161209106,0.9242040514945984,-0.2425302118062973,-0.2948074042797088,-1.0,-0.1206397414207458,0.0126876831054687,-0.0079725673422217,1.0,0.1083932369947433,-1.0,-1.0,-1.0,-1.0,-1.0,-1.0,-1.0,1.0,0.0,0.0,0.0,1.0,0.0,0.0,0.0,1.0,0.0,0.0,0.0
20260319_165846_036208,4,18,2.8550541400909424,0.4009346663951874,-0.1559288844833883,-2.3110589082373947,0.0,0.1277096906631243,0.2004414796829223,0.281422310332232,0.0,0.0,0.02,0.1359288844833883,0.0,carpet,12345,2458048105,0,0,4,0,0,0,-0.8362327218055725,-0.1780303418636322,-0.9703264236450196,0.6411944031715393,0.7163864374160767,-0.8674798607826233,0.4177004396915436,-0.0037208558060228,-0.0003973674902226,1.0,0.0751222670078277,-1.0,-1.0,-1.0,-1.0,-1.0,-1.0,-1.0,1.0,0.0,0.0,0.0,1.0,0.0,0.0,0.0,1.0,0.0,0.0,0.0
20260319_165846_036208,4,19,2.839259147644043,0.398978590965271,-0.1427536375351334,-2.453812545772528,0.0,0.1446841537452599,0.1956075429916381,0.5449272492973307,0.0,0.0,0.02,0.1227536375351334,0.0,carpet,12345,2458048105,0,0,4,0,0,0,0.7112923264503479,-0.2911541759967804,-0.4462615847587585,-0.4396587610244751,0.9743324518203736,-0.1842219829559326,-0.2922879457473755,-0.0157794952392578,0.001141607761383,0.9988583922386168,0.0426425747573375,-1.0,-1.0,-1.0,-1.0,-1.0,-1.0,-1.0,1.0,0.0,0.0,0.0,1.0,0.0,0.0,0.0,1.0,0.0,0.0,0.0
20260319_165846_036208,4,20,2.8219947814941406,0.3955162465572357,-0.1415359237065612,-2.5953484694790894,0.0,0.1950717255098197,0.3462344408035278,0.5692815258687745,0.0,0.0,0.02,0.1215359237065612,0.0,carpet,12345,2458048105,0,0,4,0,0,0,-0.0731628090143203,0.5045148134231567,-0.2905519604682922,-0.084957979619503,-0.2963813245296478,-0.5147139430046082,-0.5970332622528076,-0.0355232246220111,0.0026435027830302,0.9973564743995668,-0.0429384969174861,-1.0,-1.0,-1.0,-1.0,-1.0,-1.0,-1.0,1.0,0.0,0.0,0.0,1.0,0.0,0.0,0.0,1.0,0.0,0.0,0.0
20260319_165846_036208,4,21,2.8185627460479736,0.3986223638057709,-0.1475666539572711,-2.7429151234363607,0.0,0.0686508629189859,-0.3106117248535156,0.4486669208545777,0.0,0.0,0.02,0.1275666539572711,0.0,carpet,12345,2458048105,0,0,4,0,0,0,0.6744959354400635,0.2720173597335815,-0.7987250089645386,-0.4686511754989624,0.3126793205738067,0.7242937684059143,-0.6084474921226501,-0.0571037307381629,0.0053018843755126,0.9946980476379396,-0.1118413805961608,-1.0,-1.0,-1.0,-1.0,-1.0,-1.0,-1.0,1.0,0.0,0.0,0.0,1.0,0.0,0.0,0.0,1.0,0.0,0.0,0.0
20260319_165846_036208,4,22,2.830007791519165,0.4033229351043701,-0.1413221970724319,-2.884237320508793,0.0,-0.0660261352757061,-0.4700571298599243,0.573556058551361,0.0,0.0,0.02,0.1213221970724319,0.0,carpet,12345,2458048105,0,0,4,0,0,0,0.4060366451740265,-0.7373043894767761,-0.059470310807228,-0.795726478099823,0.979687750339508,0.890254557132721,-0.4675760269165039,-0.0613937377929687,0.0029170059133321,0.9970830082893372,-0.1340754926204681,-1.0,-1.0,-1.0,-1.0,-1.0,-1.0,-1.0,1.0,0.0,0.0,0.0,1.0,0.0,0.0,0.0,1.0,0.0,0.0,0.0
20260319_165846_036208,4,23,2.8240325450897217,0.4079819619655609,-0.1547952487712561,-3.0390325692800486,0.0,-0.1659952729866063,-0.4659026861190796,0.3040950245748774,0.0,0.0,0.02,0.1347952487712561,0.0,carpet,12345,2458048105,0,0,4,0,0,0,0.8066206574440002,0.7699702978134155,-0.0027968802023679,0.7176812291145325,0.7323388457298279,0.3294300138950348,-0.9567003846168518,-0.0470870956778526,-0.0006921053864061,1.0,-0.1124994233250618,-1.0,-1.0,-1.0,-1.0,-1.0,-1.0,-1.0,1.0,0.0,0.0,0.0,1.0,0.0,0.0,0.0,1.0,0.0,0.0,0.0
20260319_165846_036208,4,24,2.879918336868286,0.4008860290050506,-0.1585356398407708,-3.19756820912082,0.0,0.05290186927283,0.7095932960510254,0.2292872031845831,0.0,0.0,0.02,0.1385356398407708,0.0,carpet,12345,2458048105,0,0,4,0,0,0,-0.8338770866394043,0.1818429231643676,0.0806916952133178,-0.0979484021663665,0.1804806739091873,0.8766490817070007,0.4938656091690063,-0.0545562729239463,-0.0042692911811172,1.0,-0.1392577588558197,-1.0,-1.0,-1.0,-1.0,-1.0,-1.0,-1.0,1.0,0.0,0.0,0.0,1.0,0.0,0.0,0.0,1.0,0.0,0.0,0.0
20260319_165846_036208,4,25,2.8906798362731934,0.4116644561290741,-0.1699999999999999,-3.3675682091208192,0.0,-0.2297842761459492,-1.0778427124023438,-0.1451812267066259,0.0,0.0,0.02,0.15,0.0,carpet,12345,2458048105,0,0,4,0,0,0,0.3270632922649383,-0.6056804656982422,-0.3165155947208404,-0.601108193397522,0.8446555137634277,0.7798399925231934,-0.1990717053413391,0.0153007507324218,0.001178951584734,0.9988210201263428,0.0471737869083881,-1.0,-1.0,-1.0,-1.0,-1.0,-1.0,-1.0,1.0,0.0,0.0,0.0,1.0,0.0,0.0,0.0,1.0,0.0,0.0,0.0
20260319_165846_036208,4,26,2.901355028152466,0.4214282631874084,-0.1699999999999999,-3.537568209120819,0.0,-0.4164333835678349,-0.9763807058334352,-0.7566863357842806,0.0,0.0,0.02,0.15,0.0,carpet,12345,2458048105,0,0,4,0,0,0,-0.8320785760879517,-0.3549128770828247,0.0758381858468055,-0.6683271527290344,-0.8691015839576721,0.01109279692173,0.6511550545692444,0.0287528987973928,-0.0070967306382954,1.0,0.0658424496650695,-1.0,-1.0,-1.0,-1.0,-1.0,-1.0,-1.0,1.0,0.0,0.0,0.0,1.0,0.0,0.0,0.0,1.0,0.0,0.0,0.0
20260319_165846_036208,4,27,2.874664545059204,0.3884932696819305,-0.1699999999999999,-3.707568209120819,0.0,0.5110497999610857,3.2934993505477905,-0.3142873987421808,0.0,0.0,0.02,0.15,0.0,carpet,12345,2458048105,0,0,4,0,0,0,0.4588494002819061,-0.0624811723828315,-0.0964417159557342,0.9131049513816832,1.0,-0.4976306855678558,-0.3261252045631408,0.0420967116951942,-0.0145933767780661,1.0,0.1625789105892181,-1.0,-1.0,-1.0,-1.0,-1.0,-1.0,-1.0,1.0,0.0,0.0,0.0,1.0,0.0,0.0,0.0,1.0,0.0,0.0,0.0
20260319_165846_036208,4,28,2.871855497360229,0.4014888107776642,-0.1699999999999999,-3.877568209120819,0.0,0.0583988225774305,-1.2995541095733645,-0.1898624408890441,0.0,0.0,0.02,0.15,0.0,carpet,12345,2458048105,0,0,4,0,0,0,0.5946388840675354,0.1192914173007011,0.9310225248336792,0.4333975911140442,0.180886372923851,-0.8098136782646179,0.6968679428100586,0.0087337493896484,0.0106941265985369,0.9893059134483336,0.0309712253510952,-1.0,-1.0,-1.0,-1.0,-1.0,-1.0,-1.0,1.0,0.0,0.0,0.0,1.0,0.0,0.0,0.0,1.0,0.0,0.0,0.0
20260319_165846_036208,4,29,2.8747570514678955,0.4060123562812805,-0.1699999999999999,-4.047568209120819,0.0,-0.0692895206572927,-0.4523545503616333,-0.0931566885597305,0.0,0.0,0.02,0.15,0.0,carpet,12345,2458048105,0,0,4,0,0,0,-0.2735814452171325,0.9245645999908448,-0.7729796767234802,0.6009201407432556,0.5422704219818115,-0.7543634176254272,0.5885300040245056,0.0052223205566406,0.0007161518442444,0.9992837905883788,0.0442803911864757,-1.0,-1.0,-1.0,-1.0,-1.0,-1.0,-1.0,1.0,0.0,0.0,0.0,1.0,0.0,0.0,0.0,1.0,0.0,0.0,0.0
20260319_165846_036208,4,30,2.877581119537353,0.4080477356910705,-0.1699999999999999,-4.217568209120819,0.0,-0.1028516257377418,-0.2035379409790039,-0.2489101835703024,0.0,0.0,0.02,0.15,0.0,carpet,12345,2458048105,0,0,4,0,0,0,0.6140403747558594,0.5225727558135986,-0.7492304444313049,-0.9543179869651794,-0.384520947933197,-0.6722264289855957,0.7538885474205017,0.0088493349030613,-0.0027570279780775,1.0,0.0632606223225593,-1.0,-1.0,-1.0,-1.0,-1.0,-1.0,-1.0,1.0,0.0,0.0,0.0,1.0,0.0,0.0,0.0,1.0,0.0,0.0,0.0
20260319_165846_036208,4,31,2.8967068195343018,0.4068076312541961,-0.1699999999999999,-4.387568209120819,0.0,-0.0461361083814324,0.1240104436874389,-0.0652620158057857,0.0,0.0,0.02,0.15,0.0,carpet,12345,2458048105,0,0,4,0,0,0,-0.6400435566902161,-0.6902050971984863,1.0,0.7852694392204285,0.6565420031547546,0.4970296919345855,0.7054618000984192,0.0123794553801417,-0.0043198154307901,1.0,0.084362119436264,-1.0,-1.0,-1.0,-1.0,-1.0,-1.0,-1.0,1.0,0.0,0.0,0.0,1.0,0.0,0.0,0.0,1.0,0.0,0.0,0.0
20260319_165846_036208,4,32,2.884392499923706,0.398136556148529,-0.1433326917941184,-4.530900900914937,0.0,0.1821747963555822,0.8671075105667114,0.5333461641176314,0.0,0.0,0.02,0.1233326917941184,0.0,carpet,12345,2458048105,0,0,4,0,0,0,0.7365322709083557,-0.6624615788459778,-0.2325265556573867,0.6715534925460815,-0.9115167260169984,-0.76457679271698,0.0725617483258247,0.0362865440547466,-0.0033676505554467,1.0,0.1435139626264572,-1.0,-1.0,-1.0,-1.0,-1.0,-1.0,-1.0,1.0,0.0,0.0,0.0,1.0,0.0,0.0,0.0,1.0,0.0,0.0,0.0
20260319_165846_036208,4,33,2.87933349609375,0.4067387878894806,-0.1699999999999999,-4.700900900914937,0.0,-0.0784246962570591,-0.8602231740951538,-0.0561283321005134,0.0,0.0,0.02,0.15,0.0,carpet,12345,2458048105,0,0,4,0,0,0,-0.158623918890953,-0.0865277573466301,-0.3196637034416199,0.9137781262397766,-0.6490670442581177,-0.2940519154071808,0.835435152053833,0.0208934787660837,0.0032900047954171,0.9967100024223328,0.0829175040125846,-1.0,-1.0,-1.0,-1.0,-1.0,-1.0,-1.0,1.0,0.0,0.0,0.0,1.0,0.0,0.0,0.0,1.0,0.0,0.0,0.0
20260319_165846_036208,4,34,2.866738557815552,0.3963549733161926,-0.165687515626929,-4.866588416541866,0.0,0.2007768421393621,1.0383814573287964,0.086249687461418,0.0,0.0,0.02,0.145687515626929,0.0,carpet,12345,2458048105,0,0,4,0,0,0,0.3899808526039123,-0.0836042985320091,0.551430344581604,0.5012549757957458,-0.0674538686871528,-0.6799416542053223,0.1871931105852127,0.014569854363799,-0.0033147835638374,1.0,0.1074550151824951,-1.0,-1.0,-1.0,-1.0,-1.0,-1.0,-1.0,1.0,0.0,0.0,0.0,1.0,0.0,0.0,0.0,1.0,0.0,0.0,0.0
20260319_165846_036208,4,35,2.871431350708008,0.4025954902172088,-0.1624945541401072,-5.029082970681973,0.0,-0.0054302909208558,-0.6240516901016235,0.1501089171978549,0.0,0.0,0.02,0.1424945541401072,0.0,carpet,12345,2458048105,0,0,4,0,0,0,0.0374651178717613,0.3168602287769317,0.1237697824835777,-0.5130658745765686,0.94600248336792,-0.3791351616382599,0.8649203777313232,-0.0011737823951989,0.0046579013578593,0.9953420758247375,0.0669356286525726,-1.0,-1.0,-1.0,-1.0,-1.0,-1.0,-1.0,1.0,0.0,0.0,0.0,1.0,0.0,0.0,0.0,1.0,0.0,0.0,0.0
20260319_165846_036208,4,36,2.8756611347198486,0.4058794379234314,-0.1616605433955325,-5.190743514077505,0.0,-0.0861714108462479,-0.3283947706222534,0.1667891320893488,0.0,0.0,0.02,0.1416605433955325,0.0,carpet,12345,2458048105,0,0,4,0,0,0,-0.2195034921169281,0.2372840344905853,0.3905807435512543,0.9514475464820862,-0.380203515291214,-0.6396301984786987,0.5474832057952881,0.0046920776367187,-0.0001335590495727,1.0,0.0889574885368347,-1.0,-1.0,-1.0,-1.0,-1.0,-1.0,-1.0,1.0,0.0,0.0,0.0,1.0,0.0,0.0,0.0,1.0,0.0,0.0,0.0
20260319_165846_036208,4,37,2.8071250915527344,0.3787586390972137,-0.128684167350421,-5.319427681427927,0.0,0.613391412520798,2.712079882621765,0.8263166529915793,0.0,0.0,0.02,0.108684167350421,0.0,carpet,12345,2458048105,0,0,4,0,0,0,-0.0359776653349399,-0.5118877291679382,0.0033968740608543,0.0748761370778083,0.3698298037052154,-0.6298648118972778,-0.4949455559253692,0.009979248046875,-0.0026549841277301,1.0,0.1102473139762878,-1.0,-1.0,-1.0,-1.0,-1.0,-1.0,-1.0,1.0,0.0,0.0,0.0,1.0,0.0,0.0,0.0,1.0,0.0,0.0,0.0
20260319_165846_036208,4,38,2.7853055000305176,0.3817241191864013,-0.1184975793101554,-5.437925260738082,0.0,0.3859065571608937,-0.2965480089187622,1.0300484137968908,0.0,0.0,0.02,0.0984975793101554,0.0,carpet,12345,2458048105,0,0,4,0,0,0,-0.2625733017921448,-0.6625215411186218,1.0,1.0,0.6608241200447083,-0.0959072485566139,-0.0743524953722953,-0.0756904631853103,0.0181683953851461,0.9818315505981444,-0.0976670607924461,-1.0,-1.0,-1.0,-1.0,-1.0,-1.0,-1.0,1.0,0.0,0.0,0.0,1.0,0.0,0.0,0.0,1.0,0.0,0.0,0.0
20260319_165846_036208,4,39,2.819969654083252,0.3765010833740234,-0.0935760538382962,-5.531501314576378,0.0,0.4200058131801256,0.522303581237793,1.5284789232340756,0.0,0.0,0.02,0.0735760538382962,0.0,carpet,12345,2458048105,0,0,4,0,0,0,0.4859748184680938,-0.5501120686531067,0.5726825594902039,0.018032744526863,0.5707129240036011,0.406855046749115,0.3828839957714081,-0.102965161204338,0.0158914774656295,0.9841084480285645,-0.1410404592752456,-1.0,-1.0,-1.0,-1.0,-1.0,-1.0,-1.0,1.0,0.0,0.0,0.0,1.0,0.0,0.0,0.0,1.0,0.0,0.0,0.0
20260319_165846_036208,4,40,2.848361253738404,0.3787733614444732,-0.0907050255390726,-5.622206340115451,0.0,0.2581974081238343,-0.2272278070449829,1.5858994892185478,0.0,0.0,0.02,0.0707050255390726,0.0,carpet,12345,2458048105,0,0,4,0,0,0,-0.5918971300125122,-0.4296990931034088,-0.2912608981132507,0.6963760256767273,-0.4947340190410614,0.2730942070484161,0.4144713878631592,-0.0596347823739051,0.0199017338454723,0.9800982475280762,-0.0539447255432605,-1.0,-1.0,-1.0,-1.0,-1.0,-1.0,-1.0,1.0,0.0,0.0,0.0,1.0,0.0,0.0,0.0,1.0,0.0,0.0,0.0
20260319_165846_036208,4,41,2.830303907394409,0.3724336922168731,-0.0728265216538855,-5.695032861769336,0.0,0.3521397867828852,0.6339669227600098,1.943469566922289,0.0,0.0,0.02,0.0528265216538855,0.0,carpet,12345,2458048105,0,0,4,0,0,0,-0.8800281286239624,-0.129612997174263,0.5753467679023743,0.1467184126377105,1.0,-0.3292548656463623,-0.3065435886383056,-0.024145508185029,0.0181570891290903,0.981842875480652,0.046852383762598,-1.0,-1.0,-1.0,-1.0,-1.0,-1.0,-1.0,1.0,0.0,0.0,0.0,1.0,0.0,0.0,0.0,1.0,0.0,0.0,0.0
20260319_165846_036208,4,42,2.84332537651062,0.3789133727550506,-0.0634123097799371,-5.7584451715492735,0.0,0.1021128266327195,-0.647968053817749,2.1317538044012565,0.0,0.0,0.02,0.0434123097799371,0.0,carpet,12345,2458048105,0,0,4,0,0,0,0.7305456399917603,0.8854118585586548,-0.3193877935409546,0.5773898363113403,-0.1712176203727722,-0.0452325157821178,0.6143519282341003,-0.046717070043087,0.0230246726423501,0.9769753217697144,-0.0412791147828102,-1.0,-1.0,-1.0,-1.0,-1.0,-1.0,-1.0,1.0,0.0,0.0,0.0,1.0,0.0,0.0,0.0,1.0,0.0,0.0,0.0
20260319_165846_036208,4,43,2.8408634662628174,0.3786341547966003,-0.0899036269591857,-5.848348798508459,0.0,0.083565068935826,0.0279217958450317,1.6019274608162846,0.0,0.0,0.02,0.0699036269591857,0.0,carpet,12345,2458048105,0,0,4,0,0,0,0.5552790760993958,-0.3869621753692627,0.8653749823570251,0.4511905610561371,-0.7653248906135559,-0.3239574730396271,-0.0180030781775712,-0.0304401405155658,0.0180495698004961,0.9819504022598268,0.0304948352277278,-1.0,-1.0,-1.0,-1.0,-1.0,-1.0,-1.0,1.0,0.0,0.0,0.0,1.0,0.0,0.0,0.0,1.0,0.0,0.0,0.0
20260319_165846_036208,4,44,2.7885003089904785,0.3771363794803619,-0.1041930455868407,-5.9525418440953,0.0,0.100118184607794,0.1497775316238403,1.316139088263185,0.0,0.0,0.02,0.0841930455868407,0.0,carpet,12345,2458048105,0,0,4,0,0,0,0.3998908400535583,0.5065422654151917,0.5077372193336487,0.7976775169372559,0.0509310401976108,-0.1069861501455307,-0.7287907004356384,-0.033517837524414,0.018263965845108,0.9817360043525696,0.0214831605553627,-1.0,-1.0,-1.0,-1.0,-1.0,-1.0,-1.0,1.0,0.0,0.0,0.0,1.0,0.0,0.0,0.0,1.0,0.0,0.0,0.0
20260319_165846_036208,4,45,2.764739513397217,0.3872940242290497,-0.1341359602589133,-6.0866778043542125,0.0,-0.1788524802613267,-1.0157644748687744,0.7172807948217326,0.0,0.0,0.02,0.1141359602589133,0.0,carpet,12345,2458048105,0,0,4,0,0,0,0.0634718984365463,0.8408963084220886,0.3914414942264557,0.5475377440452576,-0.0901283398270607,-0.635978639125824,-0.7639406323432922,-0.0989715605974197,0.0194139517843723,0.9805859923362732,-0.1465068459510803,-1.0,-1.0,-1.0,-1.0,-1.0,-1.0,-1.0,1.0,0.0,0.0,0.0,1.0,0.0,0.0,0.0,1.0,0.0,0.0,0.0
20260319_165846_036208,4,46,2.809990406036377,0.370293378829956,-0.1325019919260381,-6.21917979628025,0.0,0.2908767747813385,1.7000645399093628,0.7499601614792368,0.0,0.0,0.02,0.1125019919260381,0.0,carpet,12345,2458048105,0,0,4,0,0,0,0.4600424170494079,-0.4157221615314483,0.7091314196586609,-0.6758926510810852,0.7807724475860596,0.6874208450317383,0.4956271946430206,-0.128672793507576,0.0116149224340915,0.988385021686554,-0.2047646343708038,-1.0,-1.0,-1.0,-1.0,-1.0,-1.0,-1.0,1.0,0.0,0.0,0.0,1.0,0.0,0.0,0.0,1.0,0.0,0.0,0.0
20260319_165846_036208,4,47,2.824338674545288,0.3788746893405914,-0.1499277403491771,-6.369107536629428,0.0,0.0036248183201053,-0.8581310510635376,0.4014451930164568,0.0,0.0,0.02,0.1299277403491771,0.0,carpet,12345,2458048105,0,0,4,0,0,0,0.4937404990196228,-0.4130412638187408,-0.8656681776046753,-0.6480484008789062,0.9215340614318848,-0.1188501641154289,-0.7061764001846313,-0.0721088424324989,0.0246680062264204,0.9753320217132568,-0.0408573150634765,-1.0,-1.0,-1.0,-1.0,-1.0,-1.0,-1.0,1.0,0.0,0.0,0.0,1.0,0.0,0.0,0.0,1.0,0.0,0.0,0.0
20260319_165846_036208,4,48,2.819610834121704,0.374148964881897,-0.14899029542044,-6.518097832049867,0.0,0.1208617252074617,0.4725724458694458,0.420194091591199,0.0,0.0,0.02,0.12899029542044,0.0,carpet,12345,2458048105,0,0,4,0,0,0,-0.4547010362148285,0.4048552513122558,0.91432523727417,-0.8475190997123718,-0.7758924961090088,-0.8041670322418213,0.3418969213962555,-0.0541736595332622,0.0180792678147554,0.9819206595420836,-0.0583056844770908,-1.0,-1.0,-1.0,-1.0,-1.0,-1.0,-1.0,1.0,0.0,0.0,0.0,1.0,0.0,0.0,0.0,1.0,0.0,0.0,0.0
20260319_165846_036208,4,49,2.821857213973999,0.3594084084033966,-0.1302105385738262,-6.648308370623694,0.0,0.4591602058681019,1.4740556478500366,0.7957892285234749,0.0,0.0,0.02,0.1102105385738262,0.0,carpet,12345,2458048105,0,0,4,0,0,0,-0.7755059599876404,-0.5318997502326965,0.2876774966716766,0.4907245635986328,0.1136697381734848,0.5850071907043457,-0.2335091829299926,-0.0600833892822265,0.0217076819390058,0.9782923460006714,-0.0151171293109655,-1.0,-1.0,-1.0,-1.0,-1.0,-1.0,-1.0,1.0,0.0,0.0,0.0,1.0,0.0,0.0,0.0,1.0,0.0,0.0,0.0
20260319_165846_036208,4,50,2.8167853355407715,0.3635949790477752,-0.1232311533896354,-6.771539524013329,0.0,0.2397058882916098,-0.4186570644378662,0.9353769322072908,0.0,0.0,0.02,0.1032311533896354,0.0,carpet,12345,2458048105,0,0,4,0,0,0,-0.1152527183294296,0.8977777361869812,0.751289427280426,0.7561779022216797,0.4938992857933044,0.6980404257774353,-0.3703841269016266,-0.0572753921151161,0.0330254919826984,0.9669744968414308,-0.0258104633539915,-1.0,-1.0,-1.0,-1.0,-1.0,-1.0,-1.0,1.0,0.0,0.0,0.0,1.0,0.0,0.0,0.0,1.0,0.0,0.0,0.0
20260319_165846_036208,4,51,2.8622188568115234,0.3762490451335907,-0.121117141172903,-6.892656665186232,0.0,-0.1365722359266783,-1.265406608581543,0.9776571765419392,0.0,0.0,0.02,0.101117141172903,0.0,carpet,12345,2458048105,0,0,4,0,0,0,0.5785967111587524,-0.3829869031906128,0.5763343572616577,0.3836745023727417,0.5801639556884766,0.180166870355606,0.8062500953674316,-0.0636154189705848,0.0298110544681549,0.9701889157295228,-0.0613272786140441,-1.0,-1.0,-1.0,-1.0,-1.0,-1.0,-1.0,1.0,0.0,0.0,0.0,1.0,0.0,0.0,0.0,1.0,0.0,0.0,0.0
20260319_165846_036208,4,52,2.88178825378418,0.4017327725887298,-0.1699999999999999,-7.062656665186232,0.0,-0.7395223633234878,-2.548372745513916,-0.0527419615628872,0.0,0.0,0.02,0.15,0.0,carpet,12345,2458048105,0,0,4,0,0,0,-0.6586238741874695,0.1631509959697723,-0.7527503967285156,0.5608504414558411,0.1468454152345657,-0.0591993033885955,1.0,-0.0068233488127589,0.0200952477753162,0.9799047708511353,0.0941849946975708,-1.0,-1.0,-1.0,-1.0,-1.0,-1.0,-1.0,1.0,0.0,0.0,0.0,1.0,0.0,0.0,0.0,1.0,0.0,0.0,0.0
20260319_165846_036208,4,53,2.883424997329712,0.4050025045871734,-0.1699999999999999,-7.232656665186232,0.0,-0.6363850724537059,-0.3269731998443603,-0.6927518523366984,0.0,0.0,0.02,0.15,0.0,carpet,12345,2458048105,0,0,4,0,0,0,-0.8889176249504089,-0.3330572545528412,0.7177044749259949,0.7985439300537109,0.3389589786529541,0.4298341870307922,1.0,0.0176383964717388,0.0005288177053444,0.999471127986908,0.1846993118524551,-1.0,-1.0,-1.0,-1.0,-1.0,-1.0,-1.0,1.0,0.0,0.0,0.0,1.0,0.0,0.0,0.0,1.0,0.0,0.0,0.0
20260319_165846_036208,4,54,2.884720087051392,0.3997602462768554,-0.1699999999999999,-7.402656665186232,0.0,-0.346232346582326,0.5242258310317993,-1.1598459241264862,0.0,0.0,0.02,0.15,0.0,carpet,12345,2458048105,0,0,4,0,0,0,0.0451729483902454,-0.3559341132640838,-0.3098643124103546,0.9302273392677308,-0.78559410572052,0.6914405226707458,0.3115630149841308,0.0196842197328805,-0.001981682376936,1.0,0.193520039319992,-1.0,-1.0,-1.0,-1.0,-1.0,-1.0,-1.0,1.0,0.0,0.0,0.0,1.0,0.0,0.0,0.0,1.0,0.0,0.0,0.0
20260319_165846_036208,4,55,2.88436245918274,0.4072312414646148,-0.1699999999999999,-7.572656665186232,0.0,-0.4464491396307437,-0.7470995187759399,-2.065455269625332,0.0,0.0,0.02,0.15,0.0,carpet,12345,2458048105,0,0,4,0,0,0,0.1399144530296325,0.6739222407341003,-0.9604634642601012,-0.636346697807312,-0.6190345287322998,-0.1762845814228058,0.8829059600830078,0.0213031768798828,0.0020433363970369,0.9979566931724548,0.1404083371162414,-1.0,-1.0,-1.0,-1.0,-1.0,-1.0,-1.0,1.0,0.0,0.0,0.0,1.0,0.0,0.0,0.0,1.0,0.0,0.0,0.0
20260319_165846_036208,4,56,2.8819003105163574,0.4081970751285553,-0.1699999999999999,-7.742656665186232,0.0,-0.3589826963215614,-0.0965833663940429,-2.664143854238503,0.0,0.0,0.02,0.15,0.0,carpet,12345,2458048105,0,0,4,0,0,0,0.1087226644158363,0.5477466583251953,-0.7329750657081604,0.841842532157898,-0.524666428565979,-0.0320621132850647,0.6458342671394348,0.0208560936152935,-0.0036929079797118,1.0,0.1842464059591293,-1.0,-1.0,-1.0,-1.0,-1.0,-1.0,-1.0,1.0,0.0,0.0,0.0,1.0,0.0,0.0,0.0,1.0,0.0,0.0,0.0
20260319_165846_036208,4,57,2.869891166687012,0.3930192589759826,-0.1699999999999999,-7.912656665186232,0.0,0.1102083815731589,1.5177816152572632,-2.417363236738666,0.0,0.0,0.02,0.15,0.0,carpet,12345,2458048105,0,0,4,0,0,0,1.0,0.5630729794502258,0.1242077276110649,0.5254094004631042,-0.8620936870574951,-0.3112724721431732,0.2642580270767212,0.0177783966064453,-0.0044344533234834,1.0,0.1875123232603073,-1.0,-1.0,-1.0,-1.0,-1.0,-1.0,-1.0,1.0,0.0,0.0,0.0,1.0,0.0,0.0,0.0,1.0,0.0,0.0,0.0
20260319_165846_036208,4,58,2.859782218933105,0.3832479119300842,-0.1699999999999999,-8.082656665186231,0.0,0.3269399623272875,0.9771347045898438,-1.350900911087891,0.0,0.0,0.02,0.15,0.0,carpet,12345,2458048105,0,0,4,0,0,0,-0.538562536239624,0.8141324520111084,0.2367699742317199,-0.0853396281599998,0.7034282684326172,-0.2977689504623413,0.7556925415992737,0.0027667998801916,0.0072190719656646,0.9927809238433838,0.1309934258460998,-1.0,-1.0,-1.0,-1.0,-1.0,-1.0,-1.0,1.0,0.0,0.0,0.0,1.0,0.0,0.0,0.0,1.0,0.0,0.0,0.0
20260319_165846_036208,4,59,2.820049285888672,0.36543008685112,-0.1699999999999999,-8.252656665186231,0.0,0.6906505987196283,1.7817825078964231,-0.0238652399145564,0.0,0.0,0.02,0.15,0.0,carpet,12345,2458048105,0,0,4,0,0,0,-0.3598209321498871,0.908594250679016,0.5902190804481506,-0.211101546883583,0.7679463624954224,-0.0424751192331314,-0.8962364196777344,-0.0098693845793604,0.0147215174511075,0.9852784872055054,0.1244634613394737,-1.0,-1.0,-1.0,-1.0,-1.0,-1.0,-1.0,1.0,0.0,0.0,0.0,1.0,0.0,0.0,0.0,1.0,0.0,0.0,0.0
20260319_165846_036208,4,60,2.825826644897461,0.3617696762084961,-0.1234067339113477,-8.376063399097578,0.0,0.6094982151052761,0.3660410642623901,0.9318653217730456,0.0,0.0,0.02,0.1034067339113477,0.0,carpet,12345,2458048105,0,0,4,0,0,0,0.2662000060081482,0.762467086315155,0.69566810131073,0.6857566833496094,0.4113677442073822,0.0166607405990362,0.1132535263895988,-0.0595352165400981,0.0284020658582448,0.9715979099273682,-0.1072013229131698,-1.0,-1.0,-1.0,-1.0,-1.0,-1.0,-1.0,1.0,0.0,0.0,0.0,1.0,0.0,0.0,0.0,1.0,0.0,0.0,0.0
20260319_165846_036208,4,61,2.869849920272827,0.3712185621261596,-0.090039201260441,-8.466102600358019,0.0,0.220901513387389,-0.9448885917663574,1.5992159747911785,0.0,0.0,0.02,0.070039201260441,0.0,carpet,12345,2458048105,0,0,4,0,0,0,-0.4753256440162658,0.7210841774940491,0.5873158574104309,0.3972847759723663,0.7326833009719849,0.7414140105247498,0.6789542436599731,-0.0523136146366596,0.031212517991662,0.9687874913215636,-0.0781886279582977,-1.0,-1.0,-1.0,-1.0,-1.0,-1.0,-1.0,1.0,0.0,0.0,0.0,1.0,0.0,0.0,0.0,1.0,0.0,0.0,0.0
20260319_165846_036208,4,62,2.8650357723236084,0.3666545152664184,-0.0581012011176601,-8.524203801475679,0.0,0.2797773065340578,0.4564046859741211,2.237975977646798,0.0,0.0,0.02,0.0381012011176601,0.0,carpet,12345,2458048105,0,0,4,0,0,0,0.535620927810669,-0.5978282690048218,0.8490307927131653,0.7704313397407532,-0.7361099123954773,-0.1597917675971985,-0.3699309825897217,0.0027153014671057,0.0239576529711484,0.9760423302650452,0.0573245510458946,-1.0,-1.0,-1.0,-1.0,-1.0,-1.0,-1.0,1.0,0.0,0.0,0.0,1.0,0.0,0.0,0.0,1.0,0.0,0.0,0.0
20260319_165846_036208,4,63,2.8206605911254883,0.3703061640262604,-0.0576845321510927,-8.581888333626772,0.0,0.118541760904506,-0.3651648759841919,2.246309356978145,0.0,0.0,0.02,0.0376845321510927,0.0,carpet,12345,2458048105,0,0,4,0,0,0,0.3042580485343933,0.5245904326438904,0.6188265681266785,0.4357030987739563,-0.3022536933422088,-0.5302354693412781,-0.9801017045974731,-0.0033023834694176,0.027461938560009,0.9725380539894104,0.0060386899858713,-1.0,-1.0,-1.0,-1.0,-1.0,-1.0,-1.0,1.0,0.0,0.0,0.0,1.0,0.0,0.0,0.0,1.0,0.0,0.0,0.0
20260319_165846_036208,4,64,2.8048346042633057,0.3737731873989105,-0.073919993449351,-8.655808327076123,0.0,0.0022307363621223,-0.3467023372650146,1.92160013101298,0.0,0.0,0.02,0.053919993449351,0.0,carpet,12345,2458048105,0,0,4,0,0,0,-0.9354515075683594,-0.7460987567901611,-0.3426688909530639,-0.6059566140174866,-0.745983362197876,-0.917113959789276,-0.7724475264549255,-0.0587711334228515,0.0246581938117742,0.975341796875,-0.140276089310646,-1.0,-1.0,-1.0,-1.0,-1.0,-1.0,-1.0,1.0,0.0,0.0,0.0,1.0,0.0,0.0,0.0,1.0,0.0,0.0,0.0
20260319_165846_036208,4,65,2.8091461658477783,0.3653749525547027,-0.0978710772164927,-8.753679404292615,0.0,0.2116289233767929,0.8398234844207764,1.4425784556701444,0.0,0.0,0.02,0.0778710772164927,0.0,carpet,12345,2458048105,0,0,4,0,0,0,-0.4836505353450775,-0.5410770773887634,-0.3944537043571472,0.3915923237800598,-0.6301859617233276,-0.171048954129219,-0.5391688346862793,-0.0785537734627723,0.021996209397912,0.978003740310669,-0.1789154559373855,-1.0,-1.0,-1.0,-1.0,-1.0,-1.0,-1.0,1.0,0.0,0.0,0.0,1.0,0.0,0.0,0.0,1.0,0.0,0.0,0.0
20260319_165846_036208,4,66,2.815781831741333,0.3614509701728821,-0.1155049253678517,-8.869184329660467,0.0,0.2568212520780975,0.3923982381820678,1.0899014926429658,0.0,0.0,0.02,0.0955049253678517,0.0,carpet,12345,2458048105,0,0,4,0,0,0,-0.1325755566358566,-0.4232830703258514,0.5990400314331055,-0.3140470683574676,0.750598132610321,-1.0,0.3351845443248749,-0.0731643661856651,0.0284443888813257,0.9715555310249328,-0.1483419835567474,-1.0,-1.0,-1.0,-1.0,-1.0,-1.0,-1.0,1.0,0.0,0.0,0.0,1.0,0.0,0.0,0.0,1.0,0.0,0.0,0.0
20260319_165846_036208,4,67,2.8210253715515137,0.3649551272392273,-0.1212994004172235,-8.99048373007769,0.0,0.1050120123999533,-0.3504157066345215,0.97401199165553,0.0,0.0,0.02,0.1012994004172234,0.0,carpet,12345,2458048105,0,0,4,0,0,0,-0.7584341168403625,0.5006706118583679,0.535584032535553,-0.7463662028312683,0.7394758462905884,-0.3115516304969787,0.3919206261634826,-0.064869686961174,0.0314572304487228,0.968542754650116,-0.0503578037023544,-1.0,-1.0,-1.0,-1.0,-1.0,-1.0,-1.0,1.0,0.0,0.0,0.0,1.0,0.0,0.0,0.0,1.0,0.0,0.0,0.0
20260319_165846_036208,4,68,2.82918643951416,0.3500951528549194,-0.1127753472985436,-9.103259077376231,0.0,0.4502583689076544,1.485997438430786,1.1444930540291267,0.0,0.0,0.02,0.0927753472985436,0.0,carpet,12345,2458048105,0,0,4,0,0,0,0.3349975049495697,-0.0201804433017969,-0.2114626169204712,0.9310967326164246,0.2570601403713226,0.9270573258399964,-0.5416370630264282,-0.0583152770996093,0.0287667177617549,0.9712332487106324,-0.0255737956613302,-1.0,-1.0,-1.0,-1.0,-1.0,-1.0,-1.0,1.0,0.0,0.0,0.0,1.0,0.0,0.0,0.0,1.0,0.0,0.0,0.0
20260319_165846_036208,4,69,2.8178720474243164,0.3560983836650848,-0.1093217850224388,-9.212580862398672,0.0,0.1876130064266021,-0.6003230810165405,1.2135642995512228,0.0,0.0,0.02,0.0893217850224388,0.0,carpet,12345,2458048105,0,0,4,0,0,0,-0.1835031509399414,0.2598367929458618,0.6672982573509216,-0.3778937458992004,-0.8720807433128357,-0.7423312664031982,-0.823246419429779,-0.0481140129268169,0.0401762351393699,0.959823727607727,-0.0910727456212043,-1.0,-1.0,-1.0,-1.0,-1.0,-1.0,-1.0,1.0,0.0,0.0,0.0,1.0,0.0,0.0,0.0,1.0,0.0,0.0,0.0
20260319_165846_036208,4,70,2.8481125831604004,0.3500179648399353,-0.0947973105681097,-9.307378172966782,0.0,0.2927202254487042,0.6080418825149536,1.5040537886378047,0.0,0.0,0.02,0.0747973105681097,0.0,carpet,12345,2458048105,0,0,4,0,0,0,-1.0,-0.3157159388065338,-0.8323967456817627,-0.3084912002086639,-0.2122187465429306,0.9270505905151368,0.3822558224201202,-0.0622570030391216,0.0355669520795345,0.9644330143928528,-0.1356251090764999,-1.0,-1.0,-1.0,-1.0,-1.0,-1.0,-1.0,1.0,0.0,0.0,0.0,1.0,0.0,0.0,0.0,1.0,0.0,0.0,0.0
20260319_165846_036208,4,71,2.8834214210510254,0.3771452605724334,-0.1283108679482464,-9.435689040915028,0.0,-0.4586422242259402,-2.712729573249817,0.8337826410350715,0.0,0.0,0.02,0.1083108679482464,0.0,carpet,12345,2458048105,0,0,4,0,0,0,-0.3710164725780487,0.9699110388755798,-0.6415404081344604,0.709442138671875,0.0388607308268547,0.648705244064331,0.6693493127822876,-0.0244564060121774,0.040235485881567,0.9597645401954652,0.0004535476618912,-1.0,-1.0,-1.0,-1.0,-1.0,-1.0,-1.0,1.0,0.0,0.0,0.0,1.0,0.0,0.0,0.0,1.0,0.0,0.0,0.0
20260319_165846_036208,4,72,2.8613152503967285,0.3588520884513855,-0.1354845488093137,-9.571173589724342,0.0,0.1133476348567512,1.8293172121047967,0.6903090238137253,0.0,0.0,0.02,0.1154845488093137,0.0,carpet,12345,2458048105,0,0,4,0,0,0,0.5118016004562378,0.5919097661972046,0.6072210669517517,-0.6638363599777222,0.1979248225688934,0.2007968723773956,-0.7890294790267944,0.0196796413511037,0.0194071270525455,0.9805927872657776,0.1346012651920318,-1.0,-1.0,-1.0,-1.0,-1.0,-1.0,-1.0,1.0,0.0,0.0,0.0,1.0,0.0,0.0,0.0,1.0,0.0,0.0,0.0
20260319_165846_036208,4,73,2.8738131523132324,0.3574416935443878,-0.1347216194884357,-9.70589520921278,0.0,0.1202705988175125,0.141039490699768,0.7055676102312844,0.0,0.0,0.02,0.1147216194884357,0.0,carpet,12345,2458048105,0,0,4,0,0,0,-0.2208522707223892,-0.3004121482372284,-0.3787242174148559,-0.6413186192512512,0.4831191599369049,0.3571377098560333,0.3996829688549042,-0.0079528810456395,0.0334526486694812,0.9665473103523254,-0.0297282114624977,-1.0,-1.0,-1.0,-1.0,-1.0,-1.0,-1.0,1.0,0.0,0.0,0.0,1.0,0.0,0.0,0.0,1.0,0.0,0.0,0.0
20260319_165846_036208,4,74,2.8835256099700928,0.3623160421848297,-0.1588173262787148,-9.864712535491494,0.0,-0.0316557668979271,-0.4874348640441894,0.2236534744257028,0.0,0.0,0.02,0.1388173262787148,0.0,carpet,12345,2458048105,0,0,4,0,0,0,0.6017029881477356,-0.6126160025596619,0.7500789761543274,-0.9203914403915404,-0.4732711017131805,-0.5475937724113464,0.2026656568050384,0.007669448852539,0.0345355309545993,0.965464413166046,0.0348006412386894,-1.0,-1.0,-1.0,-1.0,-1.0,-1.0,-1.0,1.0,0.0,0.0,0.0,1.0,0.0,0.0,0.0,1.0,0.0,0.0,0.0
20260319_165846_036208,4,75,2.82835340499878,0.3469161689281463,-0.1501352262878623,-10.014847761779356,0.0,0.3612550062436526,1.539987325668335,0.3972954742427532,0.0,0.0,0.02,0.1301352262878623,0.0,carpet,12345,2458048105,0,0,4,0,0,0,0.1520022302865982,0.4529046416282654,0.0208941902965307,1.0,0.1446757763624191,0.5292132496833801,-0.8929118514060974,0.0198101047426462,0.0307930074632167,0.9692069888114928,0.0812550112605094,-1.0,-1.0,-1.0,-1.0,-1.0,-1.0,-1.0,1.0,0.0,0.0,0.0,1.0,0.0,0.0,0.0,1.0,0.0,0.0,0.0
20260319_165846_036208,4,76,2.835639953613281,0.3420234620571136,-0.1451082912373703,-10.159956053016726,0.0,0.3932589264585431,0.4892706871032715,0.4978341752525921,0.0,0.0,0.02,0.1251082912373703,0.0,carpet,12345,2458048105,0,0,4,0,0,0,0.6733982563018799,0.8656408786773682,0.9647197723388672,-0.915303349494934,-0.8969479203224182,-0.3561693429946899,0.1180503293871879,-0.0491554252803325,0.0426170527935028,0.9573829174041748,-0.1055965796113014,-1.0,-1.0,-1.0,-1.0,-1.0,-1.0,-1.0,1.0,0.0,0.0,0.0,1.0,0.0,0.0,0.0,1.0,0.0,0.0,0.0
20260319_165846_036208,4,77,2.841935873031616,0.3447598218917846,-0.110849420077216,-10.270805473093942,0.0,0.226535198977146,-0.273635983467102,1.1830115984556784,0.0,0.0,0.02,0.090849420077216,0.0,carpet,12345,2458048105,0,0,4,0,0,0,0.5324589014053345,0.5267207026481628,-0.1452877968549728,0.148274689912796,0.4284106194972992,-0.1689788997173309,0.2779276967048645,-0.0400470718741416,0.0463736653327941,0.953626275062561,-0.0387504585087299,-1.0,-1.0,-1.0,-1.0,-1.0,-1.0,-1.0,1.0,0.0,0.0,0.0,1.0,0.0,0.0,0.0,1.0,0.0,0.0,0.0
20260319_165846_036208,4,78,2.824850082397461,0.3490189015865326,-0.1133455814768457,-10.384151054570788,0.0,0.0634244068641578,-0.4259079694747925,1.133088370463085,0.0,0.0,0.02,0.0933455814768457,0.0,carpet,12345,2458048105,0,0,4,0,0,0,-0.3035974204540252,1.0,0.5485068559646606,0.553199052810669,-0.1738542169332504,0.7071453332901001,-0.7404322028160095,-0.0321773514151573,0.0442726872861385,0.9557272791862488,0.0121322246268391,-1.0,-1.0,-1.0,-1.0,-1.0,-1.0,-1.0,1.0,0.0,0.0,0.0,1.0,0.0,0.0,0.0,1.0,0.0,0.0,0.0
20260319_165846_036208,4,79,2.798995018005371,0.3499537110328674,-0.118149207968234,-10.502300262539022,0.0,0.0241980689897474,-0.0934809446334838,1.0370158406353198,0.0,0.0,0.02,0.098149207968234,0.0,carpet,12345,2458048105,0,0,4,0,0,0,0.2745371162891388,0.8594884872436523,0.9709314703941344,0.2205532193183899,0.2206379324197769,-0.7983304262161255,-0.612858772277832,-0.0535343177616596,0.0410025715827941,0.958997368812561,-0.1002733185887336,-1.0,-1.0,-1.0,-1.0,-1.0,-1.0,-1.0,1.0,0.0,0.0,0.0,1.0,0.0,0.0,0.0,1.0,0.0,0.0,0.0
20260319_165846_036208,4,80,2.756612777709961,0.3624425828456878,-0.1312700818022475,-10.633570344341267,0.0,-0.2940732435781967,-1.2488871812820437,0.7745983639550502,0.0,0.0,0.02,0.1112700818022475,0.0,carpet,12345,2458048105,0,0,4,0,0,0,0.350557267665863,-0.169537678360939,0.847046434879303,0.2668195962905884,0.1729694008827209,-0.6267644166946411,-0.6544592976570129,-0.0858531966805458,0.0402848087251186,0.9597151875495912,-0.1612929999828338,-1.0,-1.0,-1.0,-1.0,-1.0,-1.0,-1.0,1.0,0.0,0.0,0.0,1.0,0.0,0.0,0.0,1.0,0.0,0.0,0.0
20260319_165846_036208,4,81,2.730747938156128,0.3792318701744079,-0.1707972436371321,-10.8043675879784,0.0,-0.640287115901657,-1.6789287328720093,-0.2269437581902593,0.0,0.0159448727426427,0.02,0.15,0.0,carpet,12345,2458048105,0,0,4,0,0,0,0.9536863565444946,-0.7761105895042419,-0.7628725171089172,0.7678736448287964,-0.2836686074733734,-0.3531972765922546,-0.8827766180038452,-0.1388309448957443,0.030695853754878,0.9693041443824768,-0.2324429601430893,-1.0,-1.0,-1.0,-1.0,-1.0,-1.0,-1.0,1.0,0.0,0.0,0.0,1.0,0.0,0.0,0.0,1.0,0.0,0.0,0.0
20260319_165846_036208,4,82,2.820356845855713,0.3415934145450592,-0.1699999999999999,-10.9743675879784,0.0,0.460746053807469,3.763845562934876,-0.1594566308413334,0.0,0.0,0.02,0.15,0.0,carpet,12345,2458048105,0,0,4,0,0,0,0.9386001229286194,0.3232605457305908,0.8831741809844971,-0.4378438889980316,0.9824029803276062,0.7209084630012512,0.5984766483306885,-0.1711620390415191,0.0178050324320793,0.98219496011734,-0.2879780530929565,-1.0,-1.0,-1.0,-1.0,-1.0,-1.0,-1.0,1.0,0.0,0.0,0.0,1.0,0.0,0.0,0.0,1.0,0.0,0.0,0.0
20260319_165846_036208,4,83,2.8905603885650635,0.3550068140029907,-0.1699999999999999,-11.1443675879784,0.0,0.0102245539073209,-1.341339945793152,-0.3757672759111585,0.0,0.0,0.02,0.15,0.0,carpet,12345,2458048105,0,0,4,0,0,0,-0.3889210820198059,-0.4853650033473968,0.7539675235748291,-0.7980121374130249,-0.1036444678902626,0.6362668871879578,-0.1459909677505493,-0.0591510757803916,0.0467038750648498,0.95329612493515,-0.054139032959938,-1.0,-1.0,-1.0,-1.0,-1.0,-1.0,-1.0,1.0,0.0,0.0,0.0,1.0,0.0,0.0,0.0,1.0,0.0,0.0,0.0
20260319_165846_036208,4,84,2.9256739616394043,0.3958214819431305,-0.1699999999999999,-11.3143675879784,0.0,-1.0126982830730071,-4.081466794013977,-1.4518899658483235,0.0,0.0,0.02,0.15,0.0,carpet,12345,2458048105,0,0,4,0,0,0,-0.0271732416003942,0.9621096849441528,-0.5613736510276794,-0.8023979663848877,-0.0448450557887554,0.851867139339447,1.0,0.0286033637821674,0.0364050343632698,0.9635949730873108,0.0363174565136432,-1.0,-1.0,-1.0,-1.0,-1.0,-1.0,-1.0,1.0,0.0,0.0,0.0,1.0,0.0,0.0,0.0,1.0,0.0,0.0,0.0
20260319_165846_036208,4,85,2.929314136505127,0.4122547209262848,-0.1699999999999999,-11.4843675879784,0.0,-1.1703546868836128,-1.6433238983154297,-2.646442721721684,0.0,0.0,0.02,0.15,0.0,carpet,12345,2458048105,0,0,4,0,0,0,0.4072768688201904,-0.6165875196456909,0.5371461510658264,0.3838203847408294,-0.947595477104187,0.6235060691833496,0.8274971842765808,0.0724952667951583,0.0050675119273364,0.9949324727058412,0.2014079093933105,-1.0,-1.0,-1.0,-1.0,-1.0,-1.0,-1.0,1.0,0.0,0.0,0.0,1.0,0.0,0.0,0.0,1.0,0.0,0.0,0.0
20260319_165846_036208,4,86,2.898604393005371,0.3739788830280304,-0.1699999999999999,-11.6543675879784,0.0,0.0791299322936538,3.82758378982544,-2.273239545849833,0.0,0.0,0.02,0.15,0.0,carpet,12345,2458048105,0,0,4,0,0,0,-0.6266205906867981,-0.6553871631622314,-0.8999450206756592,-0.5794731378555298,-0.5801907181739807,-0.3792729377746582,-0.6860787868499756,0.0770458206534385,-0.0075499233789741,1.0,0.2520934045314789,-1.0,-1.0,-1.0,-1.0,-1.0,-1.0,-1.0,1.0,0.0,0.0,0.0,1.0,0.0,0.0,0.0,1.0,0.0,0.0,0.0
20260319_165846_036208,4,87,2.891457319259644,0.3715683221817016,-0.1699999999999999,-11.8243675879784,0.0,0.1196114703784587,0.2410560846328735,-1.5133409595697174,0.0,0.0,0.02,0.15,0.0,carpet,12345,2458048105,0,0,4,0,0,0,-0.2157934010028839,0.8943198919296265,0.4120097756385803,-0.1284456998109817,0.0416488014161586,-0.3183609545230865,-0.2194050103425979,0.0386585220694541,0.0218382831662893,0.9781616926193236,0.0424232259392738,-1.0,-1.0,-1.0,-1.0,-1.0,-1.0,-1.0,1.0,0.0,0.0,0.0,1.0,0.0,0.0,0.0,1.0,0.0,0.0,0.0
20260319_165846_036208,4,88,2.8879711627960205,0.3724819719791412,-0.1699999999999999,-11.9943675879784,0.0,0.0668673578478546,-0.0913649797439575,-1.907219655529332,0.0,0.0,0.02,0.15,0.0,carpet,12345,2458048105,0,0,4,0,0,0,-0.0264037884771823,0.3857030570507049,-0.0261696074157953,1.0,-0.6343182325363159,-0.8553798198699951,-0.5694136023521423,0.0297245029360055,0.0236891005188226,0.9763108491897584,0.007829375565052,-1.0,-1.0,-1.0,-1.0,-1.0,-1.0,-1.0,1.0,0.0,0.0,0.0,1.0,0.0,0.0,0.0,1.0,0.0,0.0,0.0
20260319_165846_036208,4,89,2.924236536026001,0.3800457715988159,-0.1699999999999999,-12.1643675879784,0.0,-0.138944472105976,-0.7563799619674683,-2.0563886815426287,0.0,0.0,0.02,0.15,0.0,carpet,12345,2458048105,0,0,4,0,0,0,-0.3199827373027801,-0.9180349111557008,0.3358492851257324,-0.929021656513214,0.462331622838974,0.5911048650741577,0.78037428855896,0.025366973131895,0.0229876227676868,0.9770123958587646,-0.0059356321580708,-1.0,-1.0,-1.0,-1.0,-1.0,-1.0,-1.0,1.0,0.0,0.0,0.0,1.0,0.0,0.0,0.0,1.0,0.0,0.0,0.0
20260319_165846_036208,4,90,2.9001471996307373,0.3647890388965606,-0.1699999999999999,-12.3343675879784,0.0,0.2772099634769063,1.525673270225525,-0.7664804349927152,0.0,0.0,0.02,0.15,0.0,carpet,12345,2458048105,0,0,4,0,0,0,0.3515740633010864,-0.1873865276575088,0.2587813436985016,0.0438904203474521,-0.45869842171669,-0.394657164812088,-0.8204846978187561,0.070698544383049,0.0171801168471574,0.9828198552131652,0.1605206727981567,-1.0,-1.0,-1.0,-1.0,-1.0,-1.0,-1.0,1.0,0.0,0.0,0.0,1.0,0.0,0.0,0.0,1.0,0.0,0.0,0.0
20260319_165846_036208,4,91,2.91678524017334,0.3716022372245788,-0.1479274116850942,-12.482294999663496,0.0,0.0375775144072179,-0.6813198328018188,0.4414517662981154,0.0,0.0,0.02,0.1279274116850942,0.0,carpet,12345,2458048105,0,0,4,0,0,0,-0.9984768033027648,-0.4920468032360077,0.5871712565422058,-0.906917691230774,0.4641797840595245,-0.9717432856559752,0.5649760365486145,0.0405868515372276,0.0288942418992519,0.9711057543754578,0.0214443821460008,-1.0,-1.0,-1.0,-1.0,-1.0,-1.0,-1.0,1.0,0.0,0.0,0.0,1.0,0.0,0.0,0.0,1.0,0.0,0.0,0.0
20260319_165846_036208,4,92,2.920915365219116,0.3746847510337829,-0.1543278937710117,-12.636622893434506,0.0,-0.0488797094246962,-0.3082513809204101,0.3134421245797654,0.0,0.0,0.02,0.1343278937710117,0.0,carpet,12345,2458048105,0,0,4,0,0,0,-0.2745675444602966,-0.0481806062161922,0.3408213257789612,-0.0836527943611145,0.1905536949634552,-0.351310670375824,0.2288668751716613,0.0613845810294151,0.0236630626022815,0.9763368964195251,0.1152319982647895,-1.0,-1.0,-1.0,-1.0,-1.0,-1.0,-1.0,1.0,0.0,0.0,0.0,1.0,0.0,0.0,0.0,1.0,0.0,0.0,0.0
20260319_165846_036208,4,93,2.9256300926208496,0.3776135444641113,-0.1658024481812706,-12.802425341615775,0.0,-0.1098796178267207,-0.2928793430328369,0.0839510363745859,0.0,0.0,0.02,0.1458024481812707,0.0,carpet,12345,2458048105,0,0,4,0,0,0,0.195209801197052,0.1539786010980606,-0.5699236392974854,0.7071167826652527,0.903374195098877,-0.4583292603492737,0.6962043642997742,0.0665470138192176,0.0212963130325078,0.9787036776542664,0.144372284412384,-1.0,-1.0,-1.0,-1.0,-1.0,-1.0,-1.0,1.0,0.0,0.0,0.0,1.0,0.0,0.0,0.0,1.0,0.0,0.0,0.0
20260319_165846_036208,4,94,2.9260029792785645,0.3788763880729675,-0.1699999999999999,-12.972425341615777,0.0,-0.1139808035914455,-0.1262843608856201,-0.0968971250647143,0.0,0.0,0.02,0.15,0.0,carpet,12345,2458048105,0,0,4,0,0,0,-0.3045071065425873,-0.630204975605011,-0.3049943745136261,0.5270951390266418,-0.168063685297966,-0.3491024971008301,0.4940317571163177,0.0724407210946083,0.0190476011484861,0.9809523820877076,0.1824285984039306,-1.0,-1.0,-1.0,-1.0,-1.0,-1.0,-1.0,1.0,0.0,0.0,0.0,1.0,0.0,0.0,0.0,1.0,0.0,0.0,0.0
20260319_165846_036208,4,95,2.9203453063964844,0.3713334500789642,-0.1627432402901118,-13.135168581905887,0.0,0.1030878471565017,0.7542937994003296,0.1451351941977634,0.0,0.0,0.02,0.1427432402901118,0.0,carpet,12345,2458048105,0,0,4,0,0,0,-0.9895499348640442,-0.1950235515832901,-0.2491643577814102,0.4945582747459411,-0.585209310054779,0.0787953436374664,0.1081533208489418,0.0729068741202354,0.0180779788643121,0.9819219708442688,0.1884113699197769,-1.0,-1.0,-1.0,-1.0,-1.0,-1.0,-1.0,1.0,0.0,0.0,0.0,1.0,0.0,0.0,0.0,1.0,0.0,0.0,0.0
20260319_165846_036208,4,96,2.896836757659912,0.3594274222850799,-0.1578554094532333,-13.293023991359124,0.0,0.3749665802144761,1.1906027793884275,0.2428918109353333,0.0,0.0,0.02,0.1378554094532333,0.0,carpet,12345,2458048105,0,0,4,0,0,0,0.3449232578277588,-1.0,-0.1132882535457611,0.2929436266422272,-0.0918060913681984,-0.6042273640632629,-0.6262305974960327,0.0658348053693771,0.0238694343715906,0.9761305451393129,0.1351135969161987,-1.0,-1.0,-1.0,-1.0,-1.0,-1.0,-1.0,1.0,0.0,0.0,0.0,1.0,0.0,0.0,0.0,1.0,0.0,0.0,0.0
20260319_165846_036208,4,97,2.8967061042785645,0.3572893738746643,-0.1430004779025321,-13.436024469261657,0.0,0.3346761454212412,0.2138048410415649,0.5399904419493566,0.0,0.0,0.02,0.1230004779025321,0.0,carpet,12345,2458048105,0,0,4,0,0,0,0.8531979322433472,-0.2024684250354766,-0.395888090133667,-0.1157632544636726,0.0057129655033349,-0.8870920538902283,-0.0803418532013893,0.0364490523934364,0.0330109074711799,0.966989040374756,0.0148745058104395,-1.0,-1.0,-1.0,-1.0,-1.0,-1.0,-1.0,1.0,0.0,0.0,0.0,1.0,0.0,0.0,0.0,1.0,0.0,0.0,0.0
20260319_165846_036208,4,98,2.907958984375,0.3620744347572326,-0.1339874630812109,-13.570011932342863,0.0,0.131380587001729,-0.4785060882568359,0.7202507383757819,0.0,0.0,0.02,0.1139874630812109,0.0,carpet,12345,2458048105,0,0,4,0,0,0,-0.4409479200839996,1.0,-0.7018580436706543,-0.7661586403846741,-0.3809055089950561,-1.0,0.1670619398355484,0.0362857803702354,0.0346524827182292,0.9653475284576416,0.0181254092603921,-1.0,-1.0,-1.0,-1.0,-1.0,-1.0,-1.0,1.0,0.0,0.0,0.0,1.0,0.0,0.0,0.0,1.0,0.0,0.0,0.0
20260319_165846_036208,4,99,2.896081686019897,0.3577002286911011,-0.1180989525946455,-13.68811088493751,0.0,0.2078905919045865,0.4374206066131592,1.0380209481070892,0.0,0.0,0.02,0.0980989525946455,0.0,carpet,12345,2458048105,0,0,4,0,0,0,-0.2926145493984222,-0.5629879832267761,0.2248940616846084,-0.4158616662025451,0.2603090405464172,-0.93599134683609,-0.5740272402763367,0.0503517165780067,0.030978525057435,0.9690214395523072,0.0829216688871383,-1.0,-1.0,-1.0,-1.0,-1.0,-1.0,-1.0,1.0,0.0,0.0,0.0,1.0,0.0,0.0,0.0,1.0,0.0,0.0,0.0
20260319_165846_036208,4,100,2.912229299545288,0.3648981153964996,-0.1136013736003992,-13.80171225853791,0.0,-0.0240292237065204,-0.719788670539856,1.1279725279920143,0.0,0.0,0.02,0.0936013736003992,0.0,carpet,12345,2458048105,0,0,4,0,0,0,0.0131451729685068,0.3791457116603851,1.0,-0.3867155015468597,-0.4039481580257416,0.924826443195343,0.4594733715057373,0.0355049148201942,0.0343370363116264,0.9656628966331482,0.0140624158084392,-1.0,-1.0,-1.0,-1.0,-1.0,-1.0,-1.0,1.0,0.0,0.0,0.0,1.0,0.0,0.0,0.0,1.0,0.0,0.0,0.0
20260319_165846_036208,4,101,2.923112869262696,0.3857271671295166,-0.1456931765134901,-13.9474054350514,0.0,-0.5387482111053146,-2.0829051733016968,0.486136469730198,0.0,0.0,0.02,0.1256931765134901,0.0,carpet,12345,2458048105,0,0,4,0,0,0,-0.5469554662704468,0.8545591235160828,-0.2020669728517532,0.73920077085495,-0.0260825809091329,-0.2244535535573959,1.0,0.0556896217167377,0.0288105048239231,0.9711894392967224,0.1095955148339271,-1.0,-1.0,-1.0,-1.0,-1.0,-1.0,-1.0,1.0,0.0,0.0,0.0,1.0,0.0,0.0,0.0,1.0,0.0,0.0,0.0
20260319_165846_036208,4,102,2.924196481704712,0.3842575550079345,-0.1699999999999999,-14.1174054350514,0.0,-0.3673208552894351,0.1469612121582031,-0.2561509657737133,0.0,0.0,0.02,0.15,0.0,carpet,12345,2458048105,0,0,4,0,0,0,-0.2134641408920288,-0.161634624004364,0.5619762539863586,-0.6722157597541809,0.9020821452140808,-0.0966873988509178,0.0559801198542118,0.0692939758300781,0.0128179499879479,0.987182080745697,0.2080792337656021,-1.0,-1.0,-1.0,-1.0,-1.0,-1.0,-1.0,1.0,0.0,0.0,0.0,1.0,0.0,0.0,0.0,1.0,0.0,0.0,0.0
20260319_165846_036208,4,103,2.910127639770508,0.358323723077774,-0.1699999999999999,-14.2874054350514,0.0,0.372855156786926,2.593383193016052,-0.2179719544080285,0.0,0.0,0.02,0.15,0.0,carpet,12345,2458048105,0,0,4,0,0,0,0.9514616131782532,-0.8026695847511292,-0.2979778051376343,0.8633874654769897,-0.1867832392454147,0.6178955435752869,-0.2590766549110412,0.0706485733389854,0.0139463189989328,0.9860536456108092,0.2129379212856292,-1.0,-1.0,-1.0,-1.0,-1.0,-1.0,-1.0,1.0,0.0,0.0,0.0,1.0,0.0,0.0,0.0,1.0,0.0,0.0,0.0
20260319_165846_036208,4,104,2.9000823497772217,0.3566993176937103,-0.1699999999999999,-14.4574054350514,0.0,0.3202515021918088,0.162440538406372,-0.0291010392179487,0.0,0.0,0.02,0.15,0.0,carpet,12345,2458048105,0,0,4,0,0,0,-0.805781900882721,-0.3654333651065826,0.2616233229637146,-0.8061801791191101,0.3765400350093841,0.7447687387466431,-0.6272784471511841,0.0530624389648437,0.0338583327829837,0.9661415815353394,0.066512607038021,-1.0,-1.0,-1.0,-1.0,-1.0,-1.0,-1.0,1.0,0.0,0.0,0.0,1.0,0.0,0.0,0.0,1.0,0.0,0.0,0.0
20260319_165846_036208,4,105,2.8962318897247314,0.3562259972095489,-0.1692484996187336,-14.626653934670133,0.0,0.2520216387478626,0.0473320484161376,0.0150300076253273,0.0,0.0,0.02,0.1492484996187336,0.0,carpet,12345,2458048105,0,0,4,0,0,0,0.5906803011894226,-0.6310105919837952,0.8791494965553284,0.9618726372718812,0.8795145750045776,-0.3162529766559601,-0.228809043765068,0.0405059829354286,0.0351055301725864,0.964894473552704,0.0110533647239208,-1.0,-1.0,-1.0,-1.0,-1.0,-1.0,-1.0,1.0,0.0,0.0,0.0,1.0,0.0,0.0,0.0,1.0,0.0,0.0,0.0
20260319_165846_036208,4,106,2.9208126068115234,0.3673452138900757,-0.1699999999999999,-14.796653934670132,0.0,-0.0889641879522571,-1.1119216680526731,-0.0499049566204092,0.0,0.0,0.02,0.15,0.0,carpet,12345,2458048105,0,0,4,0,0,0,-0.7766656279563904,-0.7195871472358704,0.1347850859165191,-0.0752393007278442,-0.4520539045333862,0.8581696152687073,0.7488662004470825,0.0356929786503315,0.0354689508676528,0.9645310640335084,0.0032321820035576,-1.0,-1.0,-1.0,-1.0,-1.0,-1.0,-1.0,1.0,0.0,0.0,0.0,1.0,0.0,0.0,0.0,1.0,0.0,0.0,0.0
20260319_165846_036208,4,107,2.910244941711426,0.3568169772624969,-0.1357336985394905,-14.932387633209624,0.0,0.1964827747252826,1.0528236627578735,0.6853260292101879,0.0,0.0,0.02,0.1157336985394905,0.0,carpet,12345,2458048105,0,0,4,0,0,0,0.7992244362831116,0.1420584172010421,0.082783542573452,0.512254536151886,-0.2325627654790878,0.7732336521148682,-0.3287160098552704,0.0664188414812088,0.0269316267222166,0.973068356513977,0.1508139818906784,-1.0,-1.0,-1.0,-1.0,-1.0,-1.0,-1.0,1.0,0.0,0.0,0.0,1.0,0.0,0.0,0.0,1.0,0.0,0.0,0.0
20260319_165846_036208,4,108,2.9020020961761475,0.3533467948436737,-0.1056618236992922,-15.038049456908915,0.0,0.2341166415145323,0.3470182418823242,1.2867635260141554,0.0,0.0,0.02,0.0856618236992922,0.0,carpet,12345,2458048105,0,0,4,0,0,0,-0.8154157996177673,-0.038143552839756,0.6690034866333008,0.0653729289770126,0.3832944929599762,0.1133240833878517,-0.3686865568161011,0.0532093048095703,0.0350151993334293,0.9649847745895386,0.0755901858210563,-1.0,-1.0,-1.0,-1.0,-1.0,-1.0,-1.0,1.0,0.0,0.0,0.0,1.0,0.0,0.0,0.0,1.0,0.0,0.0,0.0
20260319_165846_036208,4,109,2.902597188949585,0.3540939688682556,-0.1164591750125706,-15.154508631921486,0.0,0.1569081305213586,-0.0747174024581909,1.070816499748588,0.0,0.0,0.02,0.0964591750125705,0.0,carpet,12345,2458048105,0,0,4,0,0,0,0.1587599366903305,-0.8881808519363403,0.2787380516529083,-0.2406796514987945,-0.4428483247756958,0.9746278524398804,-0.2287657111883163,0.0429054275155067,0.0376796163618564,0.9623203277587892,0.0216307286173105,-1.0,-1.0,-1.0,-1.0,-1.0,-1.0,-1.0,1.0,0.0,0.0,0.0,1.0,0.0,0.0,0.0,1.0,0.0,0.0,0.0
20260319_165846_036208,4,110,2.9245445728302,0.3811151385307312,-0.1603641573057043,-15.31487278922719,0.0,-0.5578481436708671,-2.7021169662475586,0.1927168538859121,0.0,0.0,0.02,0.1403641573057044,0.0,carpet,12345,2458048105,0,0,4,0,0,0,-0.5933868885040283,0.2907404899597168,-0.8749784827232361,0.1389164179563522,-0.8244886994361877,0.6585897207260132,1.0,0.0436492934823036,0.0371059291064739,0.9628940224647522,0.0265747644007205,-1.0,-1.0,-1.0,-1.0,-1.0,-1.0,-1.0,1.0,0.0,0.0,0.0,1.0,0.0,0.0,0.0,1.0,0.0,0.0,0.0
20260319_165846_036208,4,111,2.9284310340881348,0.3827011585235595,-0.1699999999999999,-15.48487278922719,0.0,-0.4580366075738737,-0.1586019992828369,-0.5173413924358243,0.0,0.0,0.02,0.15,0.0,carpet,12345,2458048105,0,0,4,0,0,0,-0.9801490902900696,-0.4170520305633545,0.5814526677131653,0.6083669066429138,0.3685576021671295,-0.7388919591903687,0.3845859467983246,0.0710838288068771,0.0163590516895055,0.9836409091949464,0.1901260167360305,-1.0,-1.0,-1.0,-1.0,-1.0,-1.0,-1.0,1.0,0.0,0.0,0.0,1.0,0.0,0.0,0.0,1.0,0.0,0.0,0.0
20260319_165846_036208,4,112,2.929272651672364,0.3812307119369507,-0.1701001205542186,-15.654972909781408,0.0,-0.3067662910151796,0.1470446586608886,-0.7351434954987468,0.0,0.0020024110843731,0.02,0.15,0.0,carpet,12345,2458048105,0,0,4,0,0,0,0.928473949432373,-0.2168678492307663,0.8067987561225891,0.1739892065525055,0.8444701433181763,0.3619621694087982,0.7314446568489075,0.0759418457746505,0.0151413204148411,0.9848586320877076,0.2024958282709121,-1.0,-1.0,-1.0,-1.0,-1.0,-1.0,-1.0,1.0,0.0,0.0,0.0,1.0,0.0,0.0,0.0,1.0,0.0,0.0,0.0
20260319_165846_036208,4,113,2.927528142929077,0.3793752789497375,-0.1707786396061479,-15.825751549387556,0.0,-0.1836888935810492,0.1855432987213134,-1.115315163805079,0.0,0.0155727921229599,0.02,0.15,0.0,carpet,12345,2458048105,0,0,4,0,0,0,-0.5505051612854004,0.4201570451259613,0.5286908149719238,0.049915537238121,-0.9280512928962708,0.2827281951904297,0.3310221433639526,0.0769939422607421,0.0162703339010477,0.9837297201156616,0.2038681358098983,-1.0,-1.0,-1.0,-1.0,-1.0,-1.0,-1.0,1.0,0.0,0.0,0.0,1.0,0.0,0.0,0.0,1.0,0.0,0.0,0.0
20260319_165846_036208,4,114,2.916506290435791,0.3663069605827331,-0.1699999999999999,-15.995751549387556,0.0,0.1889412889893265,1.3068318367004397,-1.1604905163302843,0.0,0.0,0.02,0.15,0.0,carpet,12345,2458048105,0,0,4,0,0,0,0.1614481657743454,0.442727267742157,-0.7773712873458862,-1.0,0.1321955770254135,0.8302695751190186,-0.2309705764055252,0.0748130828142166,0.0176949352025985,0.9823050498962402,0.1873556077480316,-1.0,-1.0,-1.0,-1.0,-1.0,-1.0,-1.0,1.0,0.0,0.0,0.0,1.0,0.0,0.0,0.0,1.0,0.0,0.0,0.0
20260319_165846_036208,4,115,2.908226728439331,0.3626533448696136,-0.1699999999999999,-16.165751549387558,0.0,0.2330463595699683,0.3653615713119507,-1.0843522872816749,0.0,0.0,0.02,0.15,0.0,carpet,12345,2458048105,0,0,4,0,0,0,0.4039596617221832,-0.4954955279827118,0.7656353116035461,0.453574001789093,0.1012994349002838,-0.5563069581985474,-0.3717058002948761,0.0610359199345111,0.0277287922799587,0.9722711443901062,0.0978204980492591,-1.0,-1.0,-1.0,-1.0,-1.0,-1.0,-1.0,1.0,0.0,0.0,0.0,1.0,0.0,0.0,0.0,1.0,0.0,0.0,0.0
20260319_165846_036208,4,116,2.925405740737915,0.3700186610221863,-0.1699999999999999,-16.33575154938756,0.0,-0.0093481341368288,-0.7365316152572632,-0.5358522777476367,0.0,0.0,0.02,0.15,0.0,carpet,12345,2458048105,0,0,4,0,0,0,-0.8040544390678406,0.1102565675973892,0.4251150786876678,0.7404866218566895,0.9330738186836244,-1.0,0.6798686981201172,0.0506862625479698,0.0305340308696031,0.9694659113883972,0.0520980656147003,-1.0,-1.0,-1.0,-1.0,-1.0,-1.0,-1.0,1.0,0.0,0.0,0.0,1.0,0.0,0.0,0.0,1.0,0.0,0.0,0.0
20260319_165846_036208,4,117,2.895981550216675,0.3521359264850616,-0.1518879203674135,-16.487639469754974,0.0,0.4400572628254906,1.7882734537124634,0.3622415926517277,0.0,0.0,0.02,0.1318879203674136,0.0,carpet,12345,2458048105,0,0,4,0,0,0,-0.4193581044673919,-1.0,0.3432306349277496,0.1680331826210022,0.4386993944644928,-0.447972297668457,-1.0,0.0721603408455848,0.0248789470642805,0.975121021270752,0.1551872044801712,-1.0,-1.0,-1.0,-1.0,-1.0,-1.0,-1.0,1.0,0.0,0.0,0.0,1.0,0.0,0.0,0.0,1.0,0.0,0.0,0.0
20260319_165846_036208,4,118,2.9167308807373047,0.3621955215930938,-0.1326219523457386,-16.620261422100715,0.0,0.0785530694183194,-1.0059595108032229,0.7475609530852267,0.0,0.0,0.02,0.1126219523457386,0.0,carpet,12345,2458048105,0,0,4,0,0,0,-0.0411476157605648,-0.6765101552009583,-0.8492224812507629,0.719410240650177,-0.8648017644882202,0.3675682246685028,0.6433162689208984,0.0353797897696495,0.0386093147099018,0.9613906741142272,-0.0302013661712408,-1.0,-1.0,-1.0,-1.0,-1.0,-1.0,-1.0,1.0,0.0,0.0,0.0,1.0,0.0,0.0,0.0,1.0,0.0,0.0,0.0
20260319_165846_036208,4,119,2.9114065170288086,0.3638824820518493,-0.1226004681369443,-16.74286189023766,0.0,0.016740790594838,-0.1686960458755493,0.947990637261114,0.0,0.0,0.02,0.1026004681369443,0.0,carpet,12345,2458048105,0,0,4,0,0,0,0.3788877725601196,0.3269795477390289,0.2939522862434387,-0.39459890127182,-0.9824509024620056,0.251724362373352,-0.3263998925685882,0.061316680163145,0.0308855604380369,0.9691144227981568,0.1038117334246635,-1.0,-1.0,-1.0,-1.0,-1.0,-1.0,-1.0,1.0,0.0,0.0,0.0,1.0,0.0,0.0,0.0,1.0,0.0,0.0,0.0
20260319_165846_036208,4,120,2.904072999954224,0.3594593703746795,-0.1258908633426412,-16.8687527535803,0.0,0.1231333848753877,0.44231116771698,0.8821827331471752,0.0,0.0,0.02,0.1058908633426412,0.0,carpet,12345,2458048105,0,0,4,0,0,0,-0.2066232562065124,-0.4701104462146759,0.1600930541753769,-0.2080959379673004,0.0320905558764934,0.5005847215652466,-0.3961219787597656,0.054661177098751,0.0295903012156486,0.970409631729126,0.0747286528348922,-1.0,-1.0,-1.0,-1.0,-1.0,-1.0,-1.0,1.0,0.0,0.0,0.0,1.0,0.0,0.0,0.0,1.0,0.0,0.0,0.0
20260319_165846_036208,4,121,2.913771152496338,0.3600623309612274,-0.1336793801214985,-17.0024321337018,0.0,0.0772760239928231,-0.0602960586547851,0.7264123975700301,0.0,0.0,0.02,0.1136793801214984,0.0,carpet,12345,2458048105,0,0,4,0,0,0,0.2305846959352493,-0.4321926236152649,-0.8097220659255981,0.391291081905365,-0.0797864273190498,-0.5452383756637573,0.1184402927756309,0.0454940795898437,0.0329863615334034,0.9670135974884032,0.0273543465882539,-1.0,-1.0,-1.0,-1.0,-1.0,-1.0,-1.0,1.0,0.0,0.0,0.0,1.0,0.0,0.0,0.0,1.0,0.0,0.0,0.0
20260319_165846_036208,4,122,2.9193947315216064,0.3658976256847381,-0.1376082409193135,-17.140040374621112,0.0,-0.0879253500931298,-0.5835294723510742,0.6478351816137291,0.0,0.0,0.02,0.1176082409193135,0.0,carpet,12345,2458048105,0,0,4,0,0,0,1.0,-0.7346332669258118,0.2374996542930603,0.2451207190752029,-0.735102117061615,0.4699114561080932,0.2268666177988052,0.0576168075203895,0.0325234159827232,0.9674765467643738,0.0732342898845672,-1.0,-1.0,-1.0,-1.0,-1.0,-1.0,-1.0,1.0,0.0,0.0,0.0,1.0,0.0,0.0,0.0,1.0,0.0,0.0,0.0
20260319_165846_036208,4,123,2.893867015838623,0.3577260375022888,-0.1526938194610193,-17.292734194082133,0.0,0.1383456919913754,0.8171588182449341,0.3461236107796139,0.0,0.0,0.02,0.1326938194610193,0.0,carpet,12345,2458048105,0,0,4,0,0,0,-0.9893622994422911,0.3414418697357178,-0.2718603312969208,-0.5112097859382629,0.20944644510746,0.5196862816810608,-0.94558185338974,0.0646465271711349,0.0280430670827627,0.9719569087028505,0.1108889579772949,-1.0,-1.0,-1.0,-1.0,-1.0,-1.0,-1.0,1.0,0.0,0.0,0.0,1.0,0.0,0.0,0.0,1.0,0.0,0.0,0.0
20260319_165846_036208,4,124,2.8906610012054443,0.356099933385849,-0.1494008793367083,-17.442135073418843,0.0,0.1444118719045377,0.1626104116439819,0.4119824132658323,0.0,0.0,0.02,0.1294008793367083,0.0,carpet,12345,2458048105,0,0,4,0,0,0,0.9858973026275636,0.8291059732437134,0.2961863577365875,-0.0404904782772064,0.9606963396072388,0.0893854349851608,-0.3405519425868988,0.0327365882694721,0.0343172363936901,0.9656826853752136,-0.0278128795325756,-1.0,-1.0,-1.0,-1.0,-1.0,-1.0,-1.0,1.0,0.0,0.0,0.0,1.0,0.0,0.0,0.0,1.0,0.0,0.0,0.0
20260319_165846_036208,4,125,2.894493103027344,0.3542045950889587,-0.142453300798918,-17.584588374217763,0.0,0.1556923613506455,0.1895338296890258,0.5509339840216398,0.0,0.0,0.02,0.122453300798918,0.0,carpet,12345,2458048105,0,0,4,0,0,0,-0.9583868980407716,-0.2301050722599029,0.213692620396614,0.1793439239263534,-0.8487231731414795,-0.5952723026275635,-0.5564510822296143,0.028729248791933,0.0355657525360584,0.9644342064857484,-0.035701435059309,-1.0,-1.0,-1.0,-1.0,-1.0,-1.0,-1.0,1.0,0.0,0.0,0.0,1.0,0.0,0.0,0.0,1.0,0.0,0.0,0.0
20260319_165846_036208,4,126,2.9224257469177246,0.3717045485973358,-0.1646464483775088,-17.749234822595273,0.0,-0.3207295666964285,-1.7499953508377075,0.1070710324498236,0.0,0.0,0.02,0.1446464483775088,0.0,carpet,12345,2458048105,0,0,4,0,0,0,-0.102505050599575,-0.5925188660621643,0.6656200885772705,-0.980883777141571,-0.5743728280067444,0.1949630975723266,0.7224978804588318,0.0335193648934364,0.0370209887623786,0.9629789590835572,-0.0209061037749052,-1.0,-1.0,-1.0,-1.0,-1.0,-1.0,-1.0,1.0,0.0,0.0,0.0,1.0,0.0,0.0,0.0,1.0,0.0,0.0,0.0
20260319_165846_036208,4,127,2.9021713733673096,0.3567992448806762,-0.1619059786824419,-17.911140801277714,0.0,0.1320854178941601,1.4905303716659546,0.1618804263511606,0.0,0.0,0.02,0.1419059786824419,0.0,carpet,12345,2458048105,0,0,4,0,0,0,-0.2242103070020675,-0.91047340631485,0.9184659719467164,0.9317436814308168,0.0489669851958751,-0.7622978091239929,-0.7889792323112488,0.068435288965702,0.0235845074057579,0.9764154553413392,0.1447227895259857,-1.0,-1.0,-1.0,-1.0,-1.0,-1.0,-1.0,1.0,0.0,0.0,0.0,1.0,0.0,0.0,0.0,1.0,0.0,0.0,0.0
20260319_165846_036208,4,128,2.89211368560791,0.3539830148220062,-0.1490362204334172,-18.06017702171113,0.0,0.1694698148873641,0.2816230058670044,0.4192755913316546,0.0,0.0,0.02,0.1290362204334172,0.0,carpet,12345,2458048105,0,0,4,0,0,0,0.8719642162322998,-0.3975918889045715,0.8614808320999146,-0.1348472535610199,0.7121233344078064,0.3888452351093292,-0.4590558111667633,0.0431171432137489,0.0350288189947605,0.964971125125885,0.0126405134797096,-1.0,-1.0,-1.0,-1.0,-1.0,-1.0,-1.0,1.0,0.0,0.0,0.0,1.0,0.0,0.0,0.0,1.0,0.0,0.0,0.0
20260319_165846_036208,4,129,2.929707765579224,0.3596099615097046,-0.1566320703343326,-18.216809092045462,0.0,-0.0135713060269324,-0.5626946687698364,0.2673585933133466,0.0,0.0,0.02,0.1366320703343326,0.0,carpet,12345,2458048105,0,0,4,0,0,0,0.7827557325363159,-0.7942969799041748,-0.5882323980331421,0.7356805205345154,0.5641137957572937,0.6766019463539124,0.7434181571006775,0.0305450446903705,0.03719113022089,0.9628088474273682,-0.0421166755259037,-1.0,-1.0,-1.0,-1.0,-1.0,-1.0,-1.0,1.0,0.0,0.0,0.0,1.0,0.0,0.0,0.0,1.0,0.0,0.0,0.0
20260319_165846_036208,4,130,2.928662776947021,0.3563615083694458,-0.1603010214802456,-18.37711011352571,0.0,0.0710328489862774,0.3248453140258789,0.1939795703950864,0.0,0.0,0.02,0.1403010214802456,0.0,carpet,12345,2458048105,0,0,4,0,0,0,0.010451971553266,0.6499663591384888,0.1645224094390869,0.0007869647233746,-0.2143986672163009,0.7241039872169495,-0.0386400558054447,0.0775375366210937,0.0328707583248615,0.9671292304992676,0.1347759664058685,-1.0,-1.0,-1.0,-1.0,-1.0,-1.0,-1.0,1.0,0.0,0.0,0.0,1.0,0.0,0.0,0.0,1.0,0.0,0.0,0.0
20260319_165846_036208,4,131,2.913222312927246,0.3509086668491363,-0.1586058558104061,-18.53571596933612,0.0,0.1895956747474372,0.5452841520309448,0.227882883791878,0.0,0.0,0.02,0.1386058558104061,0.0,carpet,12345,2458048105,0,0,4,0,0,0,0.2685314416885376,-0.1071536019444465,-0.2431724518537521,-0.5612976551055908,-0.0216813329607248,0.2733388841152191,-0.5551320910453796,0.0762313827872276,0.0353649146854877,0.9646350741386414,0.1144744977355003,-1.0,-1.0,-1.0,-1.0,-1.0,-1.0,-1.0,1.0,0.0,0.0,0.0,1.0,0.0,0.0,0.0,1.0,0.0,0.0,0.0
20260319_165846_036208,4,132,2.9315319061279297,0.362170547246933,-0.1495368901698012,-18.68525285950592,0.0,-0.1393502538843307,-1.126188039779663,0.4092621966039758,0.0,0.0,0.02,0.1295368901698012,0.0,carpet,12345,2458048105,0,0,4,0,0,0,-0.9221924543380736,-0.3166393339633941,-0.5394282341003418,-0.2810782790184021,-0.3933011293411255,-0.2648471593856811,0.5344390869140625,0.0569309219717979,0.0395516119897365,0.9604483842849731,0.0217262841761112,-1.0,-1.0,-1.0,-1.0,-1.0,-1.0,-1.0,1.0,0.0,0.0,0.0,1.0,0.0,0.0,0.0,1.0,0.0,0.0,0.0
20260319_165846_036208,4,133,2.937289237976074,0.3776223361492157,-0.1699999999999999,-18.85525285950592,0.0,-0.4908074129703266,-1.5451788902282717,-0.213630634260511,0.0,0.0,0.02,0.15,0.0,carpet,12345,2458048105,0,0,4,0,0,0,0.3094196021556854,-0.7220816016197205,-0.1260914206504821,-0.2448823601007461,0.6600896716117859,-0.1066817417740821,0.8498063683509827,0.0798179656267166,0.0309047158807516,0.9690952301025392,0.1301202625036239,-1.0,-1.0,-1.0,-1.0,-1.0,-1.0,-1.0,1.0,0.0,0.0,0.0,1.0,0.0,0.0,0.0,1.0,0.0,0.0,0.0
20260319_165846_036208,4,134,2.937427282333374,0.3797054588794708,-0.1699999999999999,-19.02525285950592,0.0,-0.4201836279841018,-0.2083122730255127,-0.8032840771319769,0.0,0.0,0.02,0.15,0.0,carpet,12345,2458048105,0,0,4,0,0,0,-0.5969182252883911,0.8931924700737,-1.0,0.1251818537712097,-0.3323569297790527,0.4283688068389892,0.6962835192680359,0.0870143920183181,0.0190408360213041,0.980959177017212,0.2138152867555618,-1.0,-1.0,-1.0,-1.0,-1.0,-1.0,-1.0,1.0,0.0,0.0,0.0,1.0,0.0,0.0,0.0,1.0,0.0,0.0,0.0
20260319_165846_036208,4,135,2.915989875793457,0.3476303219795227,-0.1699999999999999,-19.195252859505924,0.0,0.4867407015105982,3.207513689994812,-0.3029720695944462,0.0,0.0,0.02,0.15,0.0,carpet,12345,2458048105,0,0,4,0,0,0,0.6314489841461182,-0.1317282766103744,-0.4427151679992676,-0.1667891591787338,0.6417641639709473,-0.7415550947189331,-0.575389564037323,0.0871871933341026,0.0174414068460464,0.9825586080551147,0.2257682234048843,-1.0,-1.0,-1.0,-1.0,-1.0,-1.0,-1.0,1.0,0.0,0.0,0.0,1.0,0.0,0.0,0.0,1.0,0.0,0.0,0.0
20260319_165846_036208,4,136,2.935237169265747,0.369109034538269,-0.1699999999999999,-19.36525285950593,0.0,-0.1719122878356813,-2.147871255874634,-0.5459172064164051,0.0,0.0,0.02,0.15,0.0,carpet,12345,2458048105,0,0,4,0,0,0,0.6295074820518494,0.5688566565513611,0.0470451079308986,0.6068171262741089,-0.8457766771316528,1.0,0.949965238571167,0.0603904724121093,0.0420687310397625,0.9579312205314636,0.0466445535421371,-1.0,-1.0,-1.0,-1.0,-1.0,-1.0,-1.0,1.0,0.0,0.0,0.0,1.0,0.0,0.0,0.0,1.0,0.0,0.0,0.0
20260319_165846_036208,4,137,2.905602216720581,0.3518297672271728,-0.1699999999999999,-19.535252859505928,0.0,0.3030474669006224,1.7279267311096191,-0.4324654142632198,0.0,0.0,0.02,0.15,0.0,carpet,12345,2458048105,0,0,4,0,0,0,0.9757400155067444,-0.3708803653717041,0.5618820786476135,-0.5463477969169617,-0.7580257058143616,0.0317554511129856,-0.8880188465118408,0.0844493880867958,0.0255773495882749,0.9744226336479188,0.1739128232002258,-1.0,-1.0,-1.0,-1.0,-1.0,-1.0,-1.0,1.0,0.0,0.0,0.0,1.0,0.0,0.0,0.0,1.0,0.0,0.0,0.0
20260319_165846_036208,4,138,2.9081642627716064,0.354046493768692,-0.1699999999999999,-19.70525285950593,0.0,0.1718674366374983,-0.2216726541519165,-0.1212477237413907,0.0,0.0,0.02,0.15,0.0,carpet,12345,2458048105,0,0,4,0,0,0,0.823121964931488,-0.4573928415775299,-0.8671777248382568,0.9810847640037536,-0.5219253897666931,0.9989498853683472,0.2302813529968261,0.0474056228995323,0.0388443917036056,0.9611555933952332,0.0122818993404507,-1.0,-1.0,-1.0,-1.0,-1.0,-1.0,-1.0,1.0,0.0,0.0,0.0,1.0,0.0,0.0,0.0,1.0,0.0,0.0,0.0
20260319_165846_036208,4,139,2.927438735961914,0.3547463417053222,-0.145951796585435,-19.851204656091365,0.0,0.111404379062364,-0.0699847936630249,0.4809640682912999,0.0,0.0,0.02,0.125951796585435,0.0,carpet,12345,2458048105,0,0,4,0,0,0,-0.1596177816390991,0.3847526311874389,0.429285317659378,0.2998195290565491,0.3613550066947937,0.3233572840690613,0.4357260465621948,0.0506084449589252,0.0371423922479152,0.9628576040267944,0.0499939061701297,-1.0,-1.0,-1.0,-1.0,-1.0,-1.0,-1.0,1.0,0.0,0.0,0.0,1.0,0.0,0.0,0.0,1.0,0.0,0.0,0.0
20260319_165846_036208,4,140,2.919389486312866,0.3416229486465454,-0.1043607096479203,-19.95556536573929,0.0,0.4116381107661908,1.3123393058776855,1.3127858070415923,0.0,0.0,0.02,0.0843607096479203,0.0,carpet,12345,2458048105,0,0,4,0,0,0,0.186638057231903,0.4936844408512115,0.6192718744277954,0.6129404902458191,0.7580515742301941,-0.2636431753635406,-0.3155109882354736,0.0747013092041015,0.0366050526499748,0.9633949398994446,0.1331365257501602,-1.0,-1.0,-1.0,-1.0,-1.0,-1.0,-1.0,1.0,0.0,0.0,0.0,1.0,0.0,0.0,0.0,1.0,0.0,0.0,0.0
20260319_165846_036208,4,141,2.9264848232269287,0.3466714918613434,-0.1195719945882157,-20.075137360327503,0.0,0.1825150027046902,-0.5048543214797974,1.0085601082356843,0.0,0.0,0.02,0.0995719945882157,0.0,carpet,12345,2458048105,0,0,4,0,0,0,0.6248358488082886,0.7800192832946777,0.6141776442527771,0.7156508564949036,-0.1891743242740631,-0.4866166710853576,0.5178771615028381,0.0646396651864051,0.046681173145771,0.9533187747001648,0.0618393160402774,-1.0,-1.0,-1.0,-1.0,-1.0,-1.0,-1.0,1.0,0.0,0.0,0.0,1.0,0.0,0.0,0.0,1.0,0.0,0.0,0.0
20260319_165846_036208,4,142,2.937203884124756,0.3696672022342682,-0.1328767055611611,-20.208014065888666,0.0,-0.4380065072945882,-2.2995710372924805,0.7424658887767777,0.0,0.0,0.02,0.1128767055611611,0.0,carpet,12345,2458048105,0,0,4,0,0,0,-0.9142764210700988,-0.5108280777931213,0.377934992313385,0.0402193702757358,-0.5754458904266357,0.9772204756736756,0.9190303087234496,0.0735088363289833,0.0428049154579639,0.9571950435638428,0.1108732149004936,-1.0,-1.0,-1.0,-1.0,-1.0,-1.0,-1.0,1.0,0.0,0.0,0.0,1.0,0.0,0.0,0.0,1.0,0.0,0.0,0.0
20260319_165846_036208,4,143,2.939947843551636,0.3743741810321808,-0.17041314407977,-20.37842720996844,0.0,-0.4461793504187596,-0.4706978797912597,-0.0067609285426044,0.0,0.0082628815954015,0.02,0.15,0.0,carpet,12345,2458048105,0,0,4,0,0,0,-0.6203824877738953,0.6970339417457581,1.0,-0.8589574694633484,0.7097136378288269,-0.1352978199720382,0.7736700773239136,0.0869079604744911,0.0251487903296947,0.9748511910438538,0.1985771656036377,-1.0,-1.0,-1.0,-1.0,-1.0,-1.0,-1.0,1.0,0.0,0.0,0.0,1.0,0.0,0.0,0.0,1.0,0.0,0.0,0.0
20260319_165846_036208,4,144,2.9398555755615234,0.3743807971477508,-0.1714938019088276,-20.549921011877263,0.0,-0.3347999157033285,-0.0006616115570068,-0.5134282808834314,0.0,0.0298760381765537,0.02,0.15,0.0,carpet,12345,2458048105,0,0,4,0,0,0,0.2777396738529205,0.5965010523796082,0.1676908880472183,-0.367422491312027,0.940099835395813,0.560993492603302,-0.3567215204238891,0.0903377532958984,0.0215347576886415,0.9784652590751648,0.2211964726448059,-1.0,-1.0,-1.0,-1.0,-1.0,-1.0,-1.0,1.0,0.0,0.0,0.0,1.0,0.0,0.0,0.0,1.0,0.0,0.0,0.0
20260319_165846_036208,4,145,2.9009783267974854,0.3380844593048095,-0.1684262075324878,-20.71834721940975,0.0,0.6563085092960392,3.629633784294128,0.0314758493502438,0.0,0.0,0.02,0.1484262075324878,0.0,carpet,12345,2458048105,0,0,4,0,0,0,-0.6866442561149597,-0.5076152682304382,-0.403559148311615,0.1889417618513107,0.7039872407913208,-0.9324769973754884,-0.6328790187835693,0.0902225524187088,0.0215296912938356,0.978470265865326,0.2204494625329971,-1.0,-1.0,-1.0,-1.0,-1.0,-1.0,-1.0,1.0,0.0,0.0,0.0,1.0,0.0,0.0,0.0,1.0,0.0,0.0,0.0
20260319_165846_036208,4,146,2.921700954437256,0.3412867188453674,-0.168399368397893,-20.886746587807643,0.0,0.4121748934580864,-0.3202259540557861,0.0320126320421394,0.0,0.0,0.02,0.148399368397893,0.0,carpet,12345,2458048105,0,0,4,0,0,0,-0.2101873606443405,0.0514721758663654,0.2505628764629364,0.7761056423187256,0.7684528827667236,-0.9325960278511048,0.6333716511726379,0.0416259765625,0.0493980459868907,0.9506018757820128,-0.0485700145363807,-1.0,-1.0,-1.0,-1.0,-1.0,-1.0,-1.0,1.0,0.0,0.0,0.0,1.0,0.0,0.0,0.0,1.0,0.0,0.0,0.0
20260319_165846_036208,4,147,2.9261014461517334,0.3415405452251434,-0.1623858430031692,-21.04913243081081,0.0,0.3027855105991648,-0.0253826379776,0.152283139936614,0.0,0.0,0.02,0.1423858430031692,0.0,carpet,12345,2458048105,0,0,4,0,0,0,-0.3418649137020111,-1.0,-0.8891363739967346,-0.240580603480339,-0.5553467869758606,-0.3494831919670105,0.1583117991685867,0.0675292983651161,0.0469393320381641,0.9530606865882874,0.0671204477548599,-1.0,-1.0,-1.0,-1.0,-1.0,-1.0,-1.0,1.0,0.0,0.0,0.0,1.0,0.0,0.0,0.0,1.0,0.0,0.0,0.0
20260319_165846_036208,4,148,2.925760269165039,0.3394803702831268,-0.1265558423134504,-21.175688273124265,0.0,0.2785935064997886,0.2060174942016601,0.8688831537309909,0.0,0.0,0.02,0.1065558423134504,0.0,carpet,12345,2458048105,0,0,4,0,0,0,-0.1392155140638351,0.1045002341270446,-0.5631492733955383,-0.2089069634675979,0.5822889804840088,-0.3163126111030578,0.2120566815137863,0.0730297118425369,0.0467444695532321,0.9532554745674132,0.089825227856636,-1.0,-1.0,-1.0,-1.0,-1.0,-1.0,-1.0,1.0,0.0,0.0,0.0,1.0,0.0,0.0,0.0,1.0,0.0,0.0,0.0
20260319_165846_036208,4,149,2.9276132583618164,0.3430815637111664,-0.0983011100838201,-21.27398938320808,0.0,0.1189152941738456,-0.3601193428039551,1.4339777983235962,0.0,0.0,0.02,0.0783011100838201,0.0,carpet,12345,2458048105,0,0,4,0,0,0,-1.0,0.0363928601145744,-0.538833737373352,-0.5515613555908203,0.5836121439933777,-0.6243351697921753,0.4302097856998443,0.0726032257080078,0.0483262650668621,0.951673686504364,0.0789917632937431,-1.0,-1.0,-1.0,-1.0,-1.0,-1.0,-1.0,1.0,0.0,0.0,0.0,1.0,0.0,0.0,0.0,1.0,0.0,0.0,0.0
20260319_165846_036208,4,150,2.9284791946411133,0.345502108335495,-0.0801274715475455,-21.354116854755627,0.0,0.0286728550221653,-0.2420544624328613,1.79745056904909,0.0,0.0,0.02,0.0601274715475455,0.0,carpet,12345,2458048105,0,0,4,0,0,0,0.7129529118537903,-0.1256585568189621,0.678277850151062,1.0,0.4856429398059845,0.7352443933486938,0.4816221296787262,0.074919506907463,0.0455612689256668,0.9544386863708496,0.0923463180661201,-1.0,-1.0,-1.0,-1.0,-1.0,-1.0,-1.0,1.0,0.0,0.0,0.0,1.0,0.0,0.0,0.0,1.0,0.0,0.0,0.0
20260319_165846_036208,4,151,2.9057557582855225,0.3374627232551574,-0.101818433598594,-21.455935288354222,0.0,0.2224892682750692,0.8039385080337524,1.36363132802812,0.0,0.0,0.02,0.0818184335985939,0.0,carpet,12345,2458048105,0,0,4,0,0,0,-0.3010135889053345,0.3203931748867035,0.6313019394874573,0.849953293800354,-0.9702296853065492,0.4502588808536529,-0.6769625544548035,0.0760021209716796,0.0437027774751186,0.9562972187995912,0.1079518720507621,-1.0,-1.0,-1.0,-1.0,-1.0,-1.0,-1.0,1.0,0.0,0.0,0.0,1.0,0.0,0.0,0.0,1.0,0.0,0.0,0.0
20260319_165846_036208,4,152,2.8948659896850586,0.3382432162761688,-0.1150594469874467,-21.57099473534167,0.0,0.1473546256810323,-0.0780493021011352,1.098811060251066,0.0,0.0,0.02,0.0950594469874467,0.0,carpet,12345,2458048105,0,0,4,0,0,0,-0.5250105261802673,-1.0,0.3899340331554413,-0.2561192810535431,-0.0298271030187606,-0.9260943531990052,-0.6877363324165344,0.0475975051522254,0.0498754046857357,0.9501246213912964,-0.0156688280403614,-1.0,-1.0,-1.0,-1.0,-1.0,-1.0,-1.0,1.0,0.0,0.0,0.0,1.0,0.0,0.0,0.0,1.0,0.0,0.0,0.0
20260319_165846_036208,4,153,2.9235382080078125,0.3328967094421386,-0.1179897905118299,-21.688984525853503,0.0,0.2441786401114996,0.5346506834030151,1.040204189763401,0.0,0.0,0.02,0.0979897905118299,0.0,carpet,12345,2458048105,0,0,4,0,0,0,-0.6979768872261047,0.709372878074646,-0.699588418006897,0.3967927694320678,0.7421647906303406,-1.0,0.3460851609706878,0.0339855179190635,0.0492761433124542,0.9507238268852234,-0.0734524726867675,-1.0,-1.0,-1.0,-1.0,-1.0,-1.0,-1.0,1.0,0.0,0.0,0.0,1.0,0.0,0.0,0.0,1.0,0.0,0.0,0.0
20260319_165846_036208,4,154,2.892070770263672,0.3342384397983551,-0.1244399297779072,-21.81342445563141,0.0,0.1495907211782423,-0.134173035621643,0.9112014044418544,0.0,0.0,0.02,0.1044399297779072,0.0,carpet,12345,2458048105,0,0,4,0,0,0,0.4595495760440826,0.3681814670562744,-0.7995079755783081,-0.0131298657506704,0.5171724557876587,0.8420354723930359,-1.0,0.0698257461190223,0.0533811822533607,0.9466187953948976,0.0450479052960872,-1.0,-1.0,-1.0,-1.0,-1.0,-1.0,-1.0,1.0,0.0,0.0,0.0,1.0,0.0,0.0,0.0,1.0,0.0,0.0,0.0
20260319_165846_036208,4,155,2.9111075401306152,0.3364931046962738,-0.1275943735648152,-21.941018829196224,0.0,0.0558264184356858,-0.2254664897918701,0.8481125287036946,0.0,0.0,0.02,0.1075943735648152,0.0,carpet,12345,2458048105,0,0,4,0,0,0,-0.771767795085907,0.4484817683696747,-0.405766487121582,-0.9496539235115052,0.8203210830688477,-0.2290708869695663,0.416781485080719,0.0304916389286518,0.0523510202765464,0.9476489424705504,-0.0765342339873313,-1.0,-1.0,-1.0,-1.0,-1.0,-1.0,-1.0,1.0,0.0,0.0,0.0,1.0,0.0,0.0,0.0,1.0,0.0,0.0,0.0
20260319_165846_036208,4,156,2.9170405864715576,0.3371563851833343,-0.1277636262334096,-22.06878245542964,0.0,0.0252878016502791,-0.0663280487060546,0.8447274753318084,0.0,0.0,0.02,0.1077636262334095,0.0,carpet,12345,2458048105,0,0,4,0,0,0,-0.7657713890075684,-0.3245842456817627,0.9012982249259948,-0.3362657427787781,0.3981224596500397,-0.901037573814392,0.0885003581643104,0.0542873367667198,0.0506198778748512,0.9493800401687622,0.0264555979520082,-1.0,-1.0,-1.0,-1.0,-1.0,-1.0,-1.0,1.0,0.0,0.0,0.0,1.0,0.0,0.0,0.0,1.0,0.0,0.0,0.0
20260319_165846_036208,4,157,2.917649984359741,0.3326633870601654,-0.1323235494313178,-22.20110600486096,0.0,0.1312908043169045,0.4492998123168945,0.7535290113736437,0.0,0.0,0.02,0.1123235494313178,0.0,carpet,12345,2458048105,0,0,4,0,0,0,-0.1567456126213073,-0.1170639842748642,0.120781235396862,-0.7349581122398376,-0.1454948186874389,0.9744085669517516,0.0604252777993679,0.061703871935606,0.0501106269657611,0.949889361858368,0.0562805123627185,-1.0,-1.0,-1.0,-1.0,-1.0,-1.0,-1.0,1.0,0.0,0.0,0.0,1.0,0.0,0.0,0.0,1.0,0.0,0.0,0.0
20260319_165846_036208,4,158,2.9135658740997314,0.3319981396198272,-0.1339363162530614,-22.335042321114017,0.0,0.1150992892461602,0.0665247440338134,0.7212736749387716,0.0,0.0,0.02,0.1139363162530614,0.0,carpet,12345,2458048105,0,0,4,0,0,0,-0.2902127206325531,0.2685127854347229,-0.6737952828407288,-0.3626851141452789,0.8323677182197571,-0.7628998160362244,-0.2316578179597854,0.0624652877449989,0.0535603463649749,0.9464396834373474,0.0503297075629234,-1.0,-1.0,-1.0,-1.0,-1.0,-1.0,-1.0,1.0,0.0,0.0,0.0,1.0,0.0,0.0,0.0,1.0,0.0,0.0,0.0
20260319_165846_036208,4,159,2.923040866851806,0.3388665318489074,-0.1504145151982567,-22.48545683631228,0.0,-0.0853853387924061,-0.68683922290802,0.3917096960348658,0.0,0.0,0.02,0.1304145151982567,0.0,carpet,12345,2458048105,0,0,4,0,0,0,-0.8686134815216064,0.6242968440055847,0.0165310222655534,-0.2511563599109649,0.6586212515830994,-0.8447520732879639,0.5219481587409973,0.0573604591190815,0.054071120917797,0.9459288716316224,0.0226929821074008,-1.0,-1.0,-1.0,-1.0,-1.0,-1.0,-1.0,1.0,0.0,0.0,0.0,1.0,0.0,0.0,0.0,1.0,0.0,0.0,0.0
20260319_165846_036208,4,160,2.912921667098999,0.3293792605400085,-0.14923691232576,-22.63469374863804,0.0,0.1731427786281756,0.9487271308898926,0.4152617534847991,0.0,0.0,0.02,0.12923691232576,0.0,carpet,12345,2458048105,0,0,4,0,0,0,-0.115249253809452,-0.7539818286895752,-0.5889829993247986,0.8376411199569702,0.1374889910221099,-0.5253116488456726,-0.3953071236610412,0.0692039504647255,0.0487975589931011,0.9512024521827698,0.0842873603105545,-1.0,-1.0,-1.0,-1.0,-1.0,-1.0,-1.0,1.0,0.0,0.0,0.0,1.0,0.0,0.0,0.0,1.0,0.0,0.0,0.0
20260319_165846_036208,4,161,2.9170479774475098,0.3310514688491821,-0.1476256394354547,-22.78231938807349,0.0,0.0880518762417921,-0.1672208309173584,0.4474872112909054,0.0,0.0,0.02,0.1276256394354547,0.0,carpet,12345,2458048105,0,0,4,0,0,0,-0.4408884644508362,0.2754394710063934,0.2986393570899963,-0.0760802999138832,0.207774206995964,0.1211033090949058,0.2493145167827606,0.0565551742911338,0.0560818873345851,0.9439181089401244,0.0194322559982538,-1.0,-1.0,-1.0,-1.0,-1.0,-1.0,-1.0,1.0,0.0,0.0,0.0,1.0,0.0,0.0,0.0,1.0,0.0,0.0,0.0
20260319_165846_036208,4,162,2.8996012210845947,0.3302247524261474,-0.1445546886301084,-22.9268740767036,0.0,0.0867068177572036,0.0826716423034668,0.50890622739783,0.0,0.0,0.02,0.1245546886301084,0.0,carpet,12345,2458048105,0,0,4,0,0,0,0.7407906651496887,-0.2939523756504059,-0.4120070338249206,0.74953293800354,0.5933529138565063,0.628004789352417,-0.682565450668335,0.0617130286991596,0.0547979623079299,0.9452019929885864,0.0445697680115699,-1.0,-1.0,-1.0,-1.0,-1.0,-1.0,-1.0,1.0,0.0,0.0,0.0,1.0,0.0,0.0,0.0,1.0,0.0,0.0,0.0
20260319_165846_036208,4,163,2.905895948410034,0.3299068212509155,-0.1474703092110179,-23.074344385914618,0.0,0.0729783926987153,0.0317931175231933,0.4505938157796407,0.0,0.0,0.02,0.1274703092110179,0.0,carpet,12345,2458048105,0,0,4,0,0,0,-0.5835398435592651,0.5264063477516174,0.3917978405952453,0.8440616726875305,0.8845651745796204,0.4969361126422882,0.1733196824789047,0.0399044044315815,0.0554327182471752,0.9445672631263732,-0.0406785085797309,-1.0,-1.0,-1.0,-1.0,-1.0,-1.0,-1.0,1.0,0.0,0.0,0.0,1.0,0.0,0.0,0.0,1.0,0.0,0.0,0.0
20260319_165846_036208,4,164,2.908753156661988,0.3316301703453064,-0.1526427703151132,-23.226987156229733,0.0,0.011650067164254,-0.1723349094390869,0.3471445936977346,0.0,0.0,0.02,0.1326427703151132,0.0,carpet,12345,2458048105,0,0,4,0,0,0,-0.4103547036647796,0.6792130470275879,-0.9611105918884276,0.4780676960945129,0.5111313462257385,0.6901208758354187,-0.066052109003067,0.0477729812264442,0.055676843971014,0.9443231225013732,-0.0021128361113369,-1.0,-1.0,-1.0,-1.0,-1.0,-1.0,-1.0,1.0,0.0,0.0,0.0,1.0,0.0,0.0,0.0,1.0,0.0,0.0,0.0
20260319_165846_036208,4,165,2.912611246109009,0.3318189978599548,-0.1481726602501436,-23.37515981647988,0.0,0.0040168625069867,-0.0188827514648437,0.4365467949971275,0.0,0.0,0.02,0.1281726602501436,0.0,carpet,12345,2458048105,0,0,4,0,0,0,0.1435215473175048,-0.4247475564479828,0.4873493313789367,0.0080562932416796,0.0634736269712448,-0.0490589439868927,0.2506015300750732,0.0513442978262901,0.0543536432087421,0.945646345615387,0.01536466460675,-1.0,-1.0,-1.0,-1.0,-1.0,-1.0,-1.0,1.0,0.0,0.0,0.0,1.0,0.0,0.0,0.0,1.0,0.0,0.0,0.0
20260319_165846_036208,4,166,2.8929314613342285,0.3324546217918396,-0.1574736967523965,-23.53263351323228,0.0,-0.0128779514168826,-0.0635623931884765,0.2505260649520693,0.0,0.0,0.02,0.1374736967523965,0.0,carpet,12345,2458048105,0,0,4,0,0,0,-0.5539955496788025,0.7692471146583557,0.0292098298668861,0.377664178609848,1.0,-0.1920702010393142,-0.8146171569824219,0.056167222559452,0.0542086623609066,0.9457913041114808,0.0378954447805881,-1.0,-1.0,-1.0,-1.0,-1.0,-1.0,-1.0,1.0,0.0,0.0,0.0,1.0,0.0,0.0,0.0,1.0,0.0,0.0,0.0
20260319_165846_036208,4,167,2.8934895992279053,0.3335598409175873,-0.1637407376498036,-23.69637425088208,0.0,-0.0372889417063504,-0.110521912574768,0.1251852470039267,0.0,0.0,0.02,0.1437407376498036,0.0,carpet,12345,2458048105,0,0,4,0,0,0,0.5003582239151001,-0.0731348693370819,-0.8523297905921936,-0.6957595348358154,0.8521782755851746,0.627605676651001,-0.10071462392807,0.031567383557558,0.0537206456065177,0.9462793469429016,-0.0625086948275566,-1.0,-1.0,-1.0,-1.0,-1.0,-1.0,-1.0,1.0,0.0,0.0,0.0,1.0,0.0,0.0,0.0,1.0,0.0,0.0,0.0
20260319_165846_036208,4,168,2.9118592739105225,0.3343533277511596,-0.1699999999999999,-23.86637425088208,0.0,-0.0478038771190796,-0.0793486833572387,-0.0093254478723565,0.0,0.0,0.02,0.15,0.0,carpet,12345,2458048105,0,0,4,0,0,0,0.1117324382066726,-0.6337195634841919,0.4671400785446167,0.1487371176481247,0.6084738373756409,1.0,0.3640201687812805,0.0322650894522666,0.0528720468282699,0.9471279382705688,-0.051813568919897,-1.0,-1.0,-1.0,-1.0,-1.0,-1.0,-1.0,1.0,0.0,0.0,0.0,1.0,0.0,0.0,0.0,1.0,0.0,0.0,0.0
20260319_165846_036208,4,169,2.893174409866333,0.329669177532196,-0.1699999999999999,-24.03637425088208,0.0,0.0812508476347773,0.4684150218963623,-0.0010529929362945,0.0,0.0,0.02,0.15,0.0,carpet,12345,2458048105,0,0,4,0,0,0,-0.4998267889022827,-0.3800138533115387,-0.8576604127883911,0.9086817502975464,0.7400670051574707,0.7250232100486755,-0.6650509238243103,0.0552268996834754,0.0522628016769886,0.947737157344818,0.0415678955614566,-1.0,-1.0,-1.0,-1.0,-1.0,-1.0,-1.0,1.0,0.0,0.0,0.0,1.0,0.0,0.0,0.0,1.0,0.0,0.0,0.0
20260319_165846_036208,4,170,2.885185480117798,0.3287403583526611,-0.1664272222443035,-24.202801473126385,0.0,0.0841586152144771,0.0928819179534912,0.0714555551139284,0.0,0.0,0.02,0.1464272222443035,0.0,carpet,12345,2458048105,0,0,4,0,0,0,-0.2287895232439041,-0.8919119834899902,0.8454166650772095,-0.5665762424468994,-0.4865786135196686,-0.1177291870117187,-0.4690880477428436,0.0318710319697856,0.0558592900633811,0.9441406726837158,-0.054604560136795,-1.0,-1.0,-1.0,-1.0,-1.0,-1.0,-1.0,1.0,0.0,0.0,0.0,1.0,0.0,0.0,0.0,1.0,0.0,0.0,0.0
20260319_165846_036208,4,171,2.9035019874572754,0.3236629068851471,-0.1571253029647185,-24.359926776091104,0.0,0.1900552480986874,0.5077451467514038,0.2574939407056291,0.0,0.0,0.02,0.1371253029647185,0.0,carpet,12345,2458048105,0,0,4,0,0,0,0.0269140992313623,0.8810213804244995,0.440596342086792,-0.5641438364982605,0.0782738700509071,-0.5374708771705627,0.6621124148368835,0.0218849182128906,0.0565724521875381,0.943427562713623,-0.088623970746994,-1.0,-1.0,-1.0,-1.0,-1.0,-1.0,-1.0,1.0,0.0,0.0,0.0,1.0,0.0,0.0,0.0,1.0,0.0,0.0,0.0
20260319_165846_036208,4,172,2.900425672531128,0.3273563683032989,-0.1539711603628629,-24.51389793645397,0.0,0.0502049006202298,-0.3693461418151855,0.3205767927427416,0.0,0.0,0.02,0.1339711603628629,0.0,carpet,12345,2458048105,0,0,4,0,0,0,0.7214879989624023,0.1818519681692123,0.1987931579351425,-0.4020204246044159,0.865016758441925,0.6202495098114014,-0.6155230402946472,0.0447803512215614,0.060470912605524,0.9395290017127992,-0.0093477638438344,-1.0,-1.0,-1.0,-1.0,-1.0,-1.0,-1.0,1.0,0.0,0.0,0.0,1.0,0.0,0.0,0.0,1.0,0.0,0.0,0.0
20260319_165846_036208,4,173,2.8818154335021973,0.3312844038009643,-0.1551340738763688,-24.669032010330337,0.0,-0.0605472119764698,-0.3928035497665405,0.2973185224726222,0.0,0.0,0.02,0.1351340738763689,0.0,carpet,12345,2458048105,0,0,4,0,0,0,0.232434794306755,-0.8425533771514893,-0.7981593608856201,-0.8186280131340027,0.1905801743268966,-0.1593127250671386,-0.7855054140090942,0.0409351363778114,0.0576350688934326,0.9423649311065674,-0.0094861555844545,-1.0,-1.0,-1.0,-1.0,-1.0,-1.0,-1.0,1.0,0.0,0.0,0.0,1.0,0.0,0.0,0.0,1.0,0.0,0.0,0.0
20260319_165846_036208,4,174,2.88980770111084,0.324312150478363,-0.1462990838162806,-24.81533109414661,0.0,0.1288959240826841,0.6972253322601318,0.474018323674386,0.0,0.0,0.02,0.1262990838162807,0.0,carpet,12345,2458048105,0,0,4,0,0,0,-0.895544707775116,0.0955054238438606,-0.9973114132881165,0.8235222101211548,0.4236800670623779,0.1335392147302627,-0.2634721398353576,0.0176723487675189,0.0546191222965717,0.9453808665275574,-0.0859612300992012,-1.0,-1.0,-1.0,-1.0,-1.0,-1.0,-1.0,1.0,0.0,0.0,0.0,1.0,0.0,0.0,0.0,1.0,0.0,0.0,0.0
20260319_165846_036208,5,0,2.8655216693878174,0.4078667163848877,-0.02,-0.02,0.0,-0.2226732671260833,-0.8906930685043335,0.0,0.0,0.0,0.02,0.0,0.0,carpet,12345,2458048236,0,0,5,0,0,0,-0.763569176197052,0.3973067998886108,-0.5839806795120239,0.6568823456764221,-0.0730111822485923,-0.1533862352371215,0.6621320247650146,0.0,-0.0,1.0,0.0,-1.0,-1.0,-1.0,-1.0,-1.0,-1.0,-1.0,1.0,0.0,0.0,0.0,1.0,0.0,0.0,0.0,1.0,0.0,0.0,0.0
20260319_165846_036208,5,1,2.8743932247161865,0.4175150394439697,-0.02,-0.04,0.0,-0.4082130268216133,-0.9648323059082032,0.0,0.0,0.0,0.02,0.0,0.0,carpet,12345,2458048236,0,0,5,0,0,0,-0.6965826153755188,-0.3645192384719848,0.7393913269042969,-0.1287676841020584,-0.4216942489147186,-0.6674715876579285,0.7757630944252014,0.0229438785463571,-0.0068569765426218,1.0,0.0901202261447906,-1.0,-1.0,-1.0,-1.0,-1.0,-1.0,-1.0,1.0,0.0,0.0,0.0,1.0,0.0,0.0,0.0,1.0,0.0,0.0,0.0
20260319_165846_036208,5,2,2.859501361846924,0.4026603102684021,-0.02,-0.06,0.0,0.0652084592729806,1.4854729175567627,0.0,0.0,0.0,0.02,0.0,0.0,carpet,12345,2458048236,0,0,5,0,0,0,-0.4785003066062927,-0.3283526003360748,0.4545779228210449,0.1944829523563385,-0.2692080736160278,-0.2243341356515884,-0.165837824344635,0.0340335853397846,-0.0142847066745162,1.0,0.1367854475975036,-1.0,-1.0,-1.0,-1.0,-1.0,-1.0,-1.0,1.0,0.0,0.0,0.0,1.0,0.0,0.0,0.0,1.0,0.0,0.0,0.0
20260319_165846_036208,5,3,2.83636474609375,0.4031357765197754,-0.02,-0.08,0.0,0.0370196881704032,-0.0475466251373291,0.0,0.0,0.0,0.02,0.0,0.0,carpet,12345,2458048236,0,0,5,0,0,0,0.6309219598770142,0.9224587082862854,-0.2520852982997894,0.2053045928478241,-0.0894218012690544,-0.1364984959363937,-0.7079265713691711,0.0154186245054006,-0.0028488358948379,1.0,0.0508813187479972,-1.0,-1.0,-1.0,-1.0,-1.0,-1.0,-1.0,1.0,0.0,0.0,0.0,1.0,0.0,0.0,0.0,1.0,0.0,0.0,0.0
20260319_165846_036208,5,4,2.833334922790528,0.4035967588424682,-0.02,-0.1,0.0,0.0162402080604806,-0.0460982322692871,0.0,0.0,0.0,0.02,0.0,0.0,carpet,12345,2458048236,0,0,5,0,0,0,-0.6071885824203491,-0.1319990307092666,1.0,0.6195305585861206,-0.023805571720004,0.5834670066833496,-0.3710053861141205,-0.0135021209716796,-0.00321487034671,1.0,-0.0591111928224563,-1.0,-1.0,-1.0,-1.0,-1.0,-1.0,-1.0,1.0,0.0,0.0,0.0,1.0,0.0,0.0,0.0,1.0,0.0,0.0,0.0
20260319_165846_036208,5,5,2.857240438461304,0.4022629261016845,-0.1699999999999999,-0.27,0.0,0.0455259745649527,0.1333832740783691,-0.4668919638788793,0.0,0.0,0.02,0.15,0.0,carpet,12345,2458048236,0,0,5,0,0,0,-0.1503326296806335,0.4329665303230285,-0.2472105175256729,0.5003532767295837,-0.5810057520866394,-0.8157943487167358,1.0,-0.0172893516719341,-0.0035697743296623,1.0,-0.0649486184120178,-1.0,-1.0,-1.0,-1.0,-1.0,-1.0,-1.0,1.0,0.0,0.0,0.0,1.0,0.0,0.0,0.0,1.0,0.0,0.0,0.0
20260319_165846_036208,5,6,2.893460750579834,0.4423443675041199,-0.1699999999999999,-0.44,0.0,-0.967891554137168,-4.00814414024353,-1.212110250889964,0.0,0.0,0.02,0.15,0.0,carpet,12345,2458048236,0,0,5,0,0,0,0.0340008586645126,0.2152549475431442,-0.0591299869120121,0.936640441417694,-0.0586981065571308,-0.1666826903820037,0.9830681681632996,0.0125923156738281,-0.0025429164525121,1.0,0.0445539467036724,-1.0,-1.0,-1.0,-1.0,-1.0,-1.0,-1.0,1.0,0.0,0.0,0.0,1.0,0.0,0.0,0.0,1.0,0.0,0.0,0.0
20260319_165846_036208,5,7,2.886477470397949,0.4217367172241211,-0.1699999999999999,-0.61,0.0,-0.2107274086029065,2.060765027999878,-1.0146246326712571,0.0,0.0,0.02,0.15,0.0,carpet,12345,2458048236,0,0,5,0,0,0,-0.6720064282417297,-0.487216055393219,-0.8618383407592773,-0.9541471004486084,-0.5185296535491943,0.865615725517273,0.2819056510925293,0.0578678138554096,-0.0333994850516319,1.0,0.2122572809457779,-1.0,-1.0,-1.0,-1.0,-1.0,-1.0,-1.0,1.0,0.0,0.0,0.0,1.0,0.0,0.0,0.0,1.0,0.0,0.0,0.0
20260319_165846_036208,5,8,2.865102767944336,0.4071985781192779,-0.1699999999999999,-0.78,0.0,0.2054079211688986,1.453813910484314,-0.8744251707753392,0.0,0.0,0.02,0.15,0.0,carpet,12345,2458048236,0,0,5,0,0,0,-0.1311473995447158,0.4930436909198761,0.8072046637535095,0.7729320526123047,-0.3036041855812073,-0.4392172694206238,-0.3393867611885071,0.0491386428475379,-0.0175347588956356,1.0,0.1604012101888656,-1.0,-1.0,-1.0,-1.0,-1.0,-1.0,-1.0,1.0,0.0,0.0,0.0,1.0,0.0,0.0,0.0,1.0,0.0,0.0,0.0
20260319_165846_036208,5,9,2.8570544719696045,0.4016150832176208,-0.1699999999999999,-0.95,0.0,0.2936433134181015,0.5583494901657104,-0.6178015455276409,0.0,0.0,0.02,0.15,0.0,carpet,12345,2458048236,0,0,5,0,0,0,-0.0465565845370292,-0.680155873298645,0.9177935719490052,0.254232794046402,0.651138961315155,-0.4836649298667907,-0.3163944184780121,0.0224205013364553,-0.006342607550323,1.0,0.0378519110381603,-1.0,-1.0,-1.0,-1.0,-1.0,-1.0,-1.0,1.0,0.0,0.0,0.0,1.0,0.0,0.0,0.0,1.0,0.0,0.0,0.0
20260319_165846_036208,5,10,2.8584249019622803,0.4048191905021667,-0.1699999999999999,-1.12,0.0,0.1401298029499287,-0.3204107284545898,-0.4939119506381928,0.0,0.0,0.02,0.15,0.0,carpet,12345,2458048236,0,0,5,0,0,0,-0.7310771346092224,0.0980782136321067,-0.9419435262680054,-0.8564293384552002,0.5465351343154907,-1.0,-0.1886898130178451,0.0123600009828805,-0.002044171327725,1.0,-0.0051670027896761,-1.0,-1.0,-1.0,-1.0,-1.0,-1.0,-1.0,1.0,0.0,0.0,0.0,1.0,0.0,0.0,0.0,1.0,0.0,0.0,0.0
20260319_165846_036208,5,11,2.87221622467041,0.4056028127670288,-0.1699999999999999,-1.2899999999999998,0.0,0.0855067955909021,-0.078362226486206,-0.4539311296122434,0.0,0.0,0.02,0.15,0.0,carpet,12345,2458048236,0,0,5,0,0,0,-0.6264570355415344,-0.331923633813858,-0.7600826025009155,0.8397817611694336,-0.1909286975860595,0.076155349612236,0.4998844563961029,0.0140731809660792,-0.0045108501799404,1.0,0.0042641102336347,-1.0,-1.0,-1.0,-1.0,-1.0,-1.0,-1.0,1.0,0.0,0.0,0.0,1.0,0.0,0.0,0.0,1.0,0.0,0.0,0.0
20260319_165846_036208,5,12,2.8710761070251465,0.4040600061416626,-0.1391669656573878,-1.4291669656573878,0.0,0.1027002623273176,0.1542806625366211,0.6166606868522422,0.0,0.0,0.02,0.1191669656573878,0.0,carpet,12345,2458048236,0,0,5,0,0,0,0.1167391836643219,-0.5008060932159424,-0.635097324848175,-0.0424462780356407,0.605959415435791,0.1105808317661285,0.0218347460031509,0.0313121788203716,-0.0051141139119863,1.0,0.0898794084787368,-1.0,-1.0,-1.0,-1.0,-1.0,-1.0,-1.0,1.0,0.0,0.0,0.0,1.0,0.0,0.0,0.0,1.0,0.0,0.0,0.0
20260319_165846_036208,5,13,2.874500274658203,0.4116538166999817,-0.1342715985878666,-1.5634385642452544,0.0,-0.1128200672124819,-0.7593810558319092,0.7145680282426667,0.0,0.0,0.02,0.1142715985878666,0.0,carpet,12345,2458048236,0,0,5,0,0,0,0.3483500182628631,-0.7866885662078857,-0.5863969922065735,0.5263820290565491,-0.9792476892471312,-0.7613454461097717,0.4452004134654999,0.0298870094120502,-0.0039264112710952,1.0,0.0721311271190643,-1.0,-1.0,-1.0,-1.0,-1.0,-1.0,-1.0,1.0,0.0,0.0,0.0,1.0,0.0,0.0,0.0,1.0,0.0,0.0,0.0
20260319_165846_036208,5,14,2.8730998039245605,0.4105930924415588,-0.1474468418437507,-1.710885406089005,0.0,-0.058096943948783,0.1060724258422851,0.451063163124985,0.0,0.0,0.02,0.1274468418437507,0.0,carpet,12345,2458048236,0,0,5,0,0,0,0.6929848194122314,0.8771137595176697,-0.8446532487869263,-0.1691654324531555,-0.7226861119270325,0.5630836486816406,0.02154291421175,0.0341670997440815,-0.0097724758088588,1.0,0.0966753736138343,-1.0,-1.0,-1.0,-1.0,-1.0,-1.0,-1.0,1.0,0.0,0.0,0.0,1.0,0.0,0.0,0.0,1.0,0.0,0.0,0.0
20260319_165846_036208,5,15,2.8613481521606445,0.4091162085533142,-0.1624615380524301,-1.8733469441414352,0.0,-0.0066506107554857,0.1476883888244629,0.1507692389513977,0.0,0.0,0.02,0.1424615380524301,0.0,carpet,12345,2458048236,0,0,5,0,0,0,0.0776385217905044,-0.4116735756397247,0.7293403744697571,-0.6216831207275391,-0.7795062065124512,0.3178623616695404,-0.4192433059215545,0.03241653367877,-0.0089558884501457,1.0,0.080544076859951,-1.0,-1.0,-1.0,-1.0,-1.0,-1.0,-1.0,1.0,0.0,0.0,0.0,1.0,0.0,0.0,0.0,1.0,0.0,0.0,0.0
20260319_165846_036208,5,16,2.848463773727417,0.4119061231613159,-0.1699999999999999,-2.043346944141436,0.0,-0.0747358232666499,-0.2789914608001709,-0.0640963872651809,0.0,0.0,0.02,0.15,0.0,carpet,12345,2458048236,0,0,5,0,0,0,0.3786738514900207,0.4895484447479248,0.4336318969726562,-0.5854881405830383,0.9204490184783936,-0.875084400177002,-0.7251864075660706,0.0177272800356149,-0.0078189028427004,1.0,0.0173772796988487,-1.0,-1.0,-1.0,-1.0,-1.0,-1.0,-1.0,1.0,0.0,0.0,0.0,1.0,0.0,0.0,0.0,1.0,0.0,0.0,0.0
20260319_165846_036208,5,17,2.855916738510132,0.4026318192481994,-0.1686898726239075,-2.212036816765343,0.0,0.175805730377931,0.9274303913116456,0.0262025475218479,0.0,0.0,0.02,0.1486898726239076,0.0,carpet,12345,2458048236,0,0,5,0,0,0,0.5747513175010681,0.5040735602378845,-0.5436499714851379,0.9630591869354248,0.1381560415029525,-0.8423236012458801,-0.0746631175279617,0.0016216278309002,-0.0099667115136981,1.0,-0.0407499261200428,-1.0,-1.0,-1.0,-1.0,-1.0,-1.0,-1.0,1.0,0.0,0.0,0.0,1.0,0.0,0.0,0.0,1.0,0.0,0.0,0.0
20260319_165846_036208,5,18,2.867661476135254,0.4044941067695617,-0.1695600302528046,-2.3815968470181472,0.0,0.0852971097493764,-0.1862287521362304,0.0087993949439066,0.0,0.0,0.02,0.1495600302528046,0.0,carpet,12345,2458048236,0,0,5,0,0,0,0.0819916501641273,-0.1811562478542328,-0.677551805973053,0.4747676849365234,-0.3013207912445068,-0.4709678292274475,0.2610279023647308,0.010937881655991,-0.002826927928254,1.0,-0.0066478690132498,-1.0,-1.0,-1.0,-1.0,-1.0,-1.0,-1.0,1.0,0.0,0.0,0.0,1.0,0.0,0.0,0.0,1.0,0.0,0.0,0.0
20260319_165846_036208,5,19,2.87956976890564,0.4123995304107666,-0.1699999999999999,-2.551596847018147,0.0,-0.1336627587180885,-0.7905423641204834,-0.0120432965616998,0.0,0.0,0.02,0.15,0.0,carpet,12345,2458048236,0,0,5,0,0,0,-0.6879814863204956,-0.8133609890937805,-0.5663178563117981,-0.0399800352752208,0.5268476605415344,0.5623932480812073,0.6208121180534363,0.0256187431514263,-0.0042605819180607,1.0,0.0607624053955078,-1.0,-1.0,-1.0,-1.0,-1.0,-1.0,-1.0,1.0,0.0,0.0,0.0,1.0,0.0,0.0,0.0,1.0,0.0,0.0,0.0
20260319_165846_036208,5,20,2.841562032699585,0.4045913219451904,-0.1629494105006028,-2.71454625751875,0.0,0.0949581426008592,0.7808208465576172,0.1410117899879424,0.0,0.0,0.02,0.1429494105006028,0.0,carpet,12345,2458048236,0,0,5,0,0,0,0.2364427149295807,0.1638413667678833,0.2710823714733124,0.9708627462387084,-0.7377081513404846,-0.07978056371212,-0.8818812370300293,0.0405040755867958,-0.0103465486317873,1.0,0.1239635422825813,-1.0,-1.0,-1.0,-1.0,-1.0,-1.0,-1.0,1.0,0.0,0.0,0.0,1.0,0.0,0.0,0.0,1.0,0.0,0.0,0.0
20260319_165846_036208,5,21,2.8516194820404053,0.4093501269817352,-0.1650044559109784,-2.879550713429728,0.0,-0.0477515189629969,-0.47588050365448,0.0999108817804312,0.0,0.0,0.02,0.1450044559109784,0.0,carpet,12345,2458048236,0,0,5,0,0,0,-0.8488526940345764,-0.9038234353065492,0.8579667806625366,0.8487617373466492,-0.8477118015289307,0.7101143598556519,0.7319101691246033,-0.0070056915283203,-0.0043354392983019,1.0,-0.0401797667145729,-1.0,-1.0,-1.0,-1.0,-1.0,-1.0,-1.0,1.0,0.0,0.0,0.0,1.0,0.0,0.0,0.0,1.0,0.0,0.0,0.0
20260319_165846_036208,5,22,2.886678457260132,0.4354061782360077,-0.1699999999999999,-3.049550713429728,0.0,-0.6872149205790379,-2.605605125427246,-0.5125682155319566,0.0,0.0,0.02,0.15,0.0,carpet,12345,2458048236,0,0,5,0,0,0,-0.6069910526275635,0.8404753804206848,-0.1947580426931381,-0.7909969091415405,-0.5736265778541565,0.7910189032554626,0.8797114491462708,0.0055664060637354,-0.0079989833757281,1.0,0.03278598934412,-1.0,-1.0,-1.0,-1.0,-1.0,-1.0,-1.0,1.0,0.0,0.0,0.0,1.0,0.0,0.0,0.0,1.0,0.0,0.0,0.0
20260319_165846_036208,5,23,2.8868274688720703,0.4298555552959442,-0.1699999999999999,-3.219550713429728,0.0,-0.3766456169327057,0.5550622940063477,-1.0650195628425934,0.0,0.0,0.02,0.15,0.0,carpet,12345,2458048236,0,0,5,0,0,0,-0.8597365021705627,-0.6854961514472961,0.2241133898496627,0.8247395753860474,0.9152531027793884,-0.1826827526092529,0.5859547257423401,0.0493900291621685,-0.0280581582337617,1.0,0.2065165489912033,-1.0,-1.0,-1.0,-1.0,-1.0,-1.0,-1.0,1.0,0.0,0.0,0.0,1.0,0.0,0.0,0.0,1.0,0.0,0.0,0.0
20260319_165846_036208,5,24,2.870997905731201,0.4097813963890075,-0.1699999999999999,-3.389550713429728,0.0,0.2193697599738584,2.007415890693665,-0.9309469126181114,0.0,0.0,0.02,0.15,0.0,carpet,12345,2458048236,0,0,5,0,0,0,-0.3721581101417541,-0.4007154107093811,-0.3169163167476654,-0.9554236531257628,0.7002816200256348,-0.5817315578460693,-0.0348448529839515,0.0495761856436729,-0.0237850062549114,1.0,0.2054996043443679,-1.0,-1.0,-1.0,-1.0,-1.0,-1.0,-1.0,1.0,0.0,0.0,0.0,1.0,0.0,0.0,0.0,1.0,0.0,0.0,0.0
20260319_165846_036208,5,25,2.8756325244903564,0.4104413092136383,-0.1699999999999999,-3.559550713429728,0.0,0.148029499364668,-0.0659912824630737,-0.6492546545353548,0.0,0.0,0.02,0.15,0.0,carpet,12345,2458048236,0,0,5,0,0,0,-0.6630458235740662,0.0022971255239099,0.2025472372770309,-0.3083494901657104,-0.2319219261407852,0.8784538507461548,0.4686450660228729,0.0297893527895212,-0.008330981247127,1.0,0.0912042260169982,-1.0,-1.0,-1.0,-1.0,-1.0,-1.0,-1.0,1.0,0.0,0.0,0.0,1.0,0.0,0.0,0.0,1.0,0.0,0.0,0.0
20260319_165846_036208,5,26,2.876495122909546,0.4107807874679565,-0.1699999999999999,-3.729550713429728,0.0,0.1025351681655308,-0.0339478254318237,-0.6416776289706831,0.0,0.0,0.02,0.15,0.0,carpet,12345,2458048236,0,0,5,0,0,0,0.406241774559021,-0.3931110203266144,0.7446104288101196,0.4527792632579803,0.8168943524360657,-0.5672460794448853,0.4423672258853912,0.0355827324092388,-0.0088390354067087,1.0,0.1278484910726547,-1.0,-1.0,-1.0,-1.0,-1.0,-1.0,-1.0,1.0,0.0,0.0,0.0,1.0,0.0,0.0,0.0,1.0,0.0,0.0,0.0
20260319_165846_036208,5,27,2.8733127117156982,0.4082811772823334,-0.1699999999999999,-3.899550713429728,0.0,0.1393916307647202,0.2499610185623169,-0.4545344792429659,0.0,0.0,0.02,0.15,0.0,carpet,12345,2458048236,0,0,5,0,0,0,-0.6159095764160156,0.4035062491893768,-0.4043062031269073,0.7571365237236023,0.7176204919815063,-0.7843269109725952,0.2459371984004974,0.0366607680916786,-0.0091003756970167,1.0,0.1376669704914093,-1.0,-1.0,-1.0,-1.0,-1.0,-1.0,-1.0,1.0,0.0,0.0,0.0,1.0,0.0,0.0,0.0,1.0,0.0,0.0,0.0
20260319_165846_036208,5,28,2.84511661529541,0.4037705957889557,-0.1475005649127962,-4.047051278342524,0.0,0.2173082604080036,0.4510581493377685,0.4499887017440755,0.0,0.0,0.02,0.1275005649127962,0.0,carpet,12345,2458048236,0,0,5,0,0,0,0.947398006916046,0.93021160364151,-0.8455653786659241,-0.4845935702323913,0.6875696182250977,-0.2365698218345642,-0.6207271218299866,0.0326827988028526,-0.0071760523132979,1.0,0.1146069839596748,-1.0,-1.0,-1.0,-1.0,-1.0,-1.0,-1.0,1.0,0.0,0.0,0.0,1.0,0.0,0.0,0.0,1.0,0.0,0.0,0.0
20260319_165846_036208,5,29,2.8686270713806152,0.4051522016525268,-0.1222462316303261,-4.16929750997285,0.0,0.1284410487166951,-0.1381605863571167,0.9550753673934764,0.0,0.0,0.02,0.1022462316303261,0.0,carpet,12345,2458048236,0,0,5,0,0,0,-0.7783604264259338,0.8013750314712524,-0.1586603075265884,-0.6857020854949951,-0.8723660707473755,-0.4608063399791717,0.667470395565033,-0.0025623321998864,-0.0037036011926829,1.0,-0.0346723832190036,-1.0,-1.0,-1.0,-1.0,-1.0,-1.0,-1.0,1.0,0.0,0.0,0.0,1.0,0.0,0.0,0.0,1.0,0.0,0.0,0.0
20260319_165846_036208,5,30,2.872789144515991,0.412720650434494,-0.1378587412796005,-4.307156251252451,0.0,-0.0928804330116293,-0.7568448781967163,0.6428251744079887,0.0,0.0,0.02,0.1178587412796005,0.0,carpet,12345,2458048236,0,0,5,0,0,0,-0.7920504808425903,0.5782482028007507,-0.151695504784584,0.6508888602256775,-0.7833691835403442,-0.6761389970779419,0.290405660867691,0.0268257148563861,-0.004767226986587,1.0,0.0985301584005355,-1.0,-1.0,-1.0,-1.0,-1.0,-1.0,-1.0,1.0,0.0,0.0,0.0,1.0,0.0,0.0,0.0,1.0,0.0,0.0,0.0
20260319_165846_036208,5,31,2.878669023513794,0.4135691523551941,-0.1498038598866469,-4.4569601111390975,0.0,-0.0908728727762593,-0.0848501920700073,0.4039228022670613,0.0,0.0,0.02,0.1298038598866469,0.0,carpet,12345,2458048236,0,0,5,0,0,0,0.7685078978538513,0.6411564350128174,-0.6602701544761658,-0.2019935250282287,0.7186030149459839,0.1168666332960128,0.8020332455635071,0.0320281982421875,-0.0105937626212835,1.0,0.1251800209283828,-1.0,-1.0,-1.0,-1.0,-1.0,-1.0,-1.0,1.0,0.0,0.0,0.0,1.0,0.0,0.0,0.0,1.0,0.0,0.0,0.0
20260319_165846_036208,5,32,2.8812496662139893,0.417031854391098,-0.1626667285689106,-4.619626839708008,0.0,-0.154722205479743,-0.346270203590393,0.1466654286217874,0.0,0.0,0.02,0.1426667285689106,0.0,carpet,12345,2458048236,0,0,5,0,0,0,-0.9236451387405396,0.2331471145153045,-0.216313362121582,-0.4642272293567657,-0.7452482581138611,0.3525899350643158,0.5392169952392578,0.0393783561885356,-0.0112469801679253,1.0,0.1624286919832229,-1.0,-1.0,-1.0,-1.0,-1.0,-1.0,-1.0,1.0,0.0,0.0,0.0,1.0,0.0,0.0,0.0,1.0,0.0,0.0,0.0
20260319_165846_036208,5,33,2.881046772003174,0.4162351489067077,-0.1699999999999999,-4.789626839708008,0.0,-0.0961240170000792,0.0796705484390258,-0.088850219143012,0.0,0.0,0.02,0.15,0.0,carpet,12345,2458048236,0,0,5,0,0,0,0.0518890284001827,0.1803457736968994,-0.1197814047336578,-0.5775202512741089,-0.7334791421890259,-0.7707257270812988,0.6441370844841003,0.0426040664315223,-0.013912740163505,1.0,0.1731913685798645,-1.0,-1.0,-1.0,-1.0,-1.0,-1.0,-1.0,1.0,0.0,0.0,0.0,1.0,0.0,0.0,0.0,1.0,0.0,0.0,0.0
20260319_165846_036208,5,34,2.8658230304718018,0.4050153493881225,-0.1699999999999999,-4.959626839708008,0.0,0.2084019752145423,1.1219799518585205,-0.0977565043364734,0.0,0.0,0.02,0.15,0.0,carpet,12345,2458048236,0,0,5,0,0,0,-0.098688930273056,-0.5680945515632629,-0.8301656246185303,-0.9821577668190002,0.0143581945449113,0.5391513705253601,-0.2904406487941742,0.0423503890633583,-0.0132994037121534,1.0,0.1680677831172943,-1.0,-1.0,-1.0,-1.0,-1.0,-1.0,-1.0,1.0,0.0,0.0,0.0,1.0,0.0,0.0,0.0,1.0,0.0,0.0,0.0
20260319_165846_036208,5,35,2.8638601303100586,0.4062483012676239,-0.1699999999999999,-5.129626839708008,0.0,0.1254776844234015,-0.1232951879501342,-0.100719868629767,0.0,0.0,0.02,0.15,0.0,carpet,12345,2458048236,0,0,5,0,0,0,-0.783377468585968,0.1514255553483963,0.9917941689491272,-0.5141006708145142,-0.5997684001922607,0.5463575124740601,0.1605874598026275,0.0233207698911428,-0.004661857150495,1.0,0.0697669461369514,-1.0,-1.0,-1.0,-1.0,-1.0,-1.0,-1.0,1.0,0.0,0.0,0.0,1.0,0.0,0.0,0.0,1.0,0.0,0.0,0.0
20260319_165846_036208,5,36,2.8407676219940186,0.408576488494873,-0.16859679264909,-5.298223632357098,0.0,0.0359035826363367,-0.2328187227249145,0.028064147018199,0.0,0.0,0.02,0.14859679264909,0.0,carpet,12345,2458048236,0,0,5,0,0,0,-0.1982980966567993,0.1831144243478775,0.9114506244659424,0.6573305726051331,-0.6390138268470764,0.5662298202514648,-0.8661199808120728,0.0208671577274799,-0.00561103830114,1.0,0.0685612931847572,-1.0,-1.0,-1.0,-1.0,-1.0,-1.0,-1.0,1.0,0.0,0.0,0.0,1.0,0.0,0.0,0.0,1.0,0.0,0.0,0.0
20260319_165846_036208,5,37,2.856616497039795,0.4046679735183716,-0.1578211209407879,-5.456044753297887,0.0,0.124640561389782,0.3908514976501465,0.2435775811842404,0.0,0.0,0.02,0.1378211209407879,0.0,carpet,12345,2458048236,0,0,5,0,0,0,-0.7103909254074097,-0.575021505355835,-1.0,0.8660205006599426,-0.0546469390392303,-0.6366773843765259,0.9481227993965148,-0.007998657412827,-0.0074034142307937,1.0,-0.0331399329006671,-1.0,-1.0,-1.0,-1.0,-1.0,-1.0,-1.0,1.0,0.0,0.0,0.0,1.0,0.0,0.0,0.0,1.0,0.0,0.0,0.0
20260319_165846_036208,5,38,2.8769314289093018,0.3996560871601105,-0.1391461316668579,-5.595190884964745,0.0,0.2187775799988571,0.5011886358261108,0.6170773666628406,0.0,0.0,0.02,0.1191461316668579,0.0,carpet,12345,2458048236,0,0,5,0,0,0,0.4695166647434234,-0.192053884267807,-0.2946670353412628,0.1678429394960403,0.0493308790028095,-0.9875122904777528,0.0165102537721395,0.0118125919252634,-0.0043944381177425,1.0,0.0384362190961837,-1.0,-1.0,-1.0,-1.0,-1.0,-1.0,-1.0,1.0,0.0,0.0,0.0,1.0,0.0,0.0,0.0,1.0,0.0,0.0,0.0
20260319_165846_036208,5,39,2.888040781021118,0.4125527739524841,-0.1422566300573646,-5.737447515022109,0.0,-0.1583339848102127,-1.2896686792373655,0.5548673988527071,0.0,0.0,0.02,0.1222566300573646,0.0,carpet,12345,2458048236,0,0,5,0,0,0,0.8207147717475891,-0.1923169940710067,0.7487250566482544,0.272813469171524,-0.2108703255653381,-0.2875997722148895,0.9746891856193542,0.0372062698006629,-0.0005360711365938,1.0,0.1141900718212127,-1.0,-1.0,-1.0,-1.0,-1.0,-1.0,-1.0,1.0,0.0,0.0,0.0,1.0,0.0,0.0,0.0,1.0,0.0,0.0,0.0
20260319_165846_036208,5,40,2.8884105682373047,0.4241406321525574,-0.1699999999999999,-5.907447515022109,0.0,-0.4084469436094764,-1.1587858200073242,-0.0619815199713116,0.0,0.0,0.02,0.15,0.0,carpet,12345,2458048236,0,0,5,0,0,0,0.8062744736671448,-0.6734185814857483,0.4376109838485718,0.763757050037384,-0.9064128398895264,-0.658241868019104,0.7831388711929321,0.0510929115116596,-0.0104645173996686,1.0,0.179207444190979,-1.0,-1.0,-1.0,-1.0,-1.0,-1.0,-1.0,1.0,0.0,0.0,0.0,1.0,0.0,0.0,0.0,1.0,0.0,0.0,0.0
20260319_165846_036208,5,41,2.886075019836426,0.4095405042171478,-0.1699999999999999,-6.077447515022109,0.0,0.0586679906781455,1.4600127935409546,-0.1287912137165676,0.0,0.0,0.02,0.15,0.0,carpet,12345,2458048236,0,0,5,0,0,0,-0.0993652045726776,-0.7988147735595703,-0.7301023602485657,-0.7982809543609619,0.4452284872531891,0.5974093079566956,0.3863498568534851,0.0515552535653114,-0.0193853992968797,1.0,0.1972754448652267,-1.0,-1.0,-1.0,-1.0,-1.0,-1.0,-1.0,1.0,0.0,0.0,0.0,1.0,0.0,0.0,0.0,1.0,0.0,0.0,0.0
20260319_165846_036208,5,42,2.8522751331329346,0.3921602666378021,-0.154309393193034,-6.231756908215143,0.0,0.4785069324922233,1.7380237579345703,0.3138121361393189,0.0,0.0,0.02,0.134309393193034,0.0,carpet,12345,2458048236,0,0,5,0,0,0,-0.6153420209884644,-0.7858624458312988,-0.4094951152801513,-0.0974676609039306,0.4678130745887756,0.8784311413764954,-0.6049973964691162,0.0486358627676963,-0.0081455558538436,1.0,0.1642951965332031,-1.0,-1.0,-1.0,-1.0,-1.0,-1.0,-1.0,1.0,0.0,0.0,0.0,1.0,0.0,0.0,0.0,1.0,0.0,0.0,0.0
20260319_165846_036208,5,43,2.851790189743042,0.3902066349983215,-0.1401553717447126,-6.371912279959855,0.0,0.4077209903562107,0.195363163948059,0.5968925651057475,0.0,0.0,0.02,0.1201553717447126,0.0,carpet,12345,2458048236,0,0,5,0,0,0,-0.562934935092926,-0.8325362801551819,0.3018651008605957,0.8337392210960388,0.9092530608177184,0.8182200789451599,0.5175092816352844,0.0063858032226562,0.0052345786243677,0.9947654604911804,0.0058438843116164,-1.0,-1.0,-1.0,-1.0,-1.0,-1.0,-1.0,1.0,0.0,0.0,0.0,1.0,0.0,0.0,0.0,1.0,0.0,0.0,0.0
20260319_165846_036208,5,44,2.858428478240967,0.3912630379199981,-0.1371252172583948,-6.50903749721825,0.0,0.2793806697252137,-0.1056402921676635,0.657495654832104,0.0,0.0,0.02,0.1171252172583948,0.0,carpet,12345,2458048236,0,0,5,0,0,0,0.8385031819343567,-0.7481626272201538,-0.3460802137851715,0.2330493628978729,-0.1129258126020431,0.9005154967308044,-0.1101739332079887,0.0057796477340161,0.0067385672591626,0.9932613968849182,0.0225594248622655,-1.0,-1.0,-1.0,-1.0,-1.0,-1.0,-1.0,1.0,0.0,0.0,0.0,1.0,0.0,0.0,0.0,1.0,0.0,0.0,0.0
20260319_165846_036208,5,45,2.851781845092773,0.3913227915763855,-0.1188064349736717,-6.627843932191921,0.0,0.2080416608842483,-0.0059753656387329,1.0238713005265652,0.0,0.0,0.02,0.0988064349736717,0.0,carpet,12345,2458048236,0,0,5,0,0,0,-0.92820942401886,-0.4692015051841736,-0.8992703557014465,-0.2710126936435699,0.834882378578186,1.0,-0.1962413638830185,0.0140773775056004,0.0059252982027828,0.9940747022628784,0.0555787496268749,-1.0,-1.0,-1.0,-1.0,-1.0,-1.0,-1.0,1.0,0.0,0.0,0.0,1.0,0.0,0.0,0.0,1.0,0.0,0.0,0.0
20260319_165846_036208,5,46,2.866039276123047,0.3974364399909973,-0.098224586028304,-6.726068518220226,0.0,0.0031900352978766,-0.6113648414611816,1.4355082794339182,0.0,0.0,0.02,0.078224586028304,0.0,carpet,12345,2458048236,0,0,5,0,0,0,-0.1252586394548416,-0.5492082238197327,-1.0,-0.4873137474060058,0.213110476732254,-1.0,0.6357892155647278,0.0057693482376635,0.0058793085627257,0.9941206574440002,0.0182398818433284,-1.0,-1.0,-1.0,-1.0,-1.0,-1.0,-1.0,1.0,0.0,0.0,0.0,1.0,0.0,0.0,0.0,1.0,0.0,0.0,0.0
20260319_165846_036208,5,47,2.86759352684021,0.3969580233097076,-0.1004403383869285,-6.826508856607154,0.0,0.0143529435056564,0.0478416681289672,1.391193232261429,0.0,0.0,0.02,0.0804403383869285,0.0,carpet,12345,2458048236,0,0,5,0,0,0,-0.7152131795883179,-0.245230033993721,-0.6621956825256348,0.4174986779689789,-0.0813518464565277,-0.8178975582122803,0.1773576736450195,0.0235912315547466,0.0011727253440767,0.9988272786140442,0.0968055725097656,-1.0,-1.0,-1.0,-1.0,-1.0,-1.0,-1.0,1.0,0.0,0.0,0.0,1.0,0.0,0.0,0.0,1.0,0.0,0.0,0.0
20260319_165846_036208,5,48,2.8392889499664307,0.3931561410427093,-0.1190750967963293,-6.945583953403483,0.0,0.1058117643042066,0.3801882266998291,1.0184980640734125,0.0,0.0,0.02,0.0990750967963293,0.0,carpet,12345,2458048236,0,0,5,0,0,0,0.8252922892570496,-0.7827699780464172,-0.1399914473295211,-0.5800678133964539,-0.8013696670532227,0.8813415765762329,-0.8094446659088135,0.0255336761474609,0.0015410502674058,0.9984589219093324,0.1035081073641777,-1.0,-1.0,-1.0,-1.0,-1.0,-1.0,-1.0,1.0,0.0,0.0,0.0,1.0,0.0,0.0,0.0,1.0,0.0,0.0,0.0
20260319_165846_036208,5,49,2.873008251190185,0.3997541964054107,-0.1437407743561092,-7.0893247277595925,0.0,-0.0855925608393874,-0.6598055362701416,0.5251845128778143,0.0,0.0,0.02,0.1237407743561092,0.0,carpet,12345,2458048236,0,0,5,0,0,0,0.6252260804176331,0.708031177520752,0.1895347237586975,0.0137904342263937,0.2122316807508468,0.4866058826446533,0.9066188931465148,-0.0098468782380223,0.0044679152779281,0.9955320358276368,-0.0364108122885227,-1.0,-1.0,-1.0,-1.0,-1.0,-1.0,-1.0,1.0,0.0,0.0,0.0,1.0,0.0,0.0,0.0,1.0,0.0,0.0,0.0
20260319_165846_036208,5,50,2.8588900566101074,0.3945326209068298,-0.1543925595006211,-7.243717287260214,0.0,0.0663449668349756,0.5221575498580933,0.3121488099875762,0.0,0.0,0.02,0.1343925595006211,0.0,carpet,12345,2458048236,0,0,5,0,0,0,-0.024168886244297,-0.085496962070465,-0.0056899921037256,-0.8187587261199951,0.7935712337493896,0.8598036170005798,-0.4975897669792175,0.0323020927608013,-0.0006115745054557,1.0,0.1357863247394561,-1.0,-1.0,-1.0,-1.0,-1.0,-1.0,-1.0,1.0,0.0,0.0,0.0,1.0,0.0,0.0,0.0,1.0,0.0,0.0,0.0
20260319_165846_036208,5,51,2.8482112884521484,0.3924341797828674,-0.1596836548835679,-7.403400942143782,0.0,0.102219753225313,0.2098441123962402,0.2063269023286409,0.0,0.0,0.02,0.1396836548835679,0.0,carpet,12345,2458048236,0,0,5,0,0,0,-0.6533525586128235,0.6624974012374878,0.6567622423171997,-0.1810517758131027,-0.4106822311878204,-0.8834136128425598,-0.3229190111160278,0.014654541388154,0.003408224787563,0.9965917468070984,0.0343408733606338,-1.0,-1.0,-1.0,-1.0,-1.0,-1.0,-1.0,1.0,0.0,0.0,0.0,1.0,0.0,0.0,0.0,1.0,0.0,0.0,0.0
20260319_165846_036208,5,52,2.854041576385498,0.3880536258220672,-0.1505342234515137,-7.553935165595296,0.0,0.1861786639389606,0.4380553960800171,0.3893155309697249,0.0,0.0,0.02,0.1305342234515137,0.0,carpet,12345,2458048236,0,0,5,0,0,0,0.7378298044204712,0.1774890273809433,-0.7763584852218628,0.6596142053604126,0.9255702495574952,-0.3905425071716308,-0.006411749869585,0.0013061523204669,0.0050236918032169,0.994976282119751,-0.0099825533106923,-1.0,-1.0,-1.0,-1.0,-1.0,-1.0,-1.0,1.0,0.0,0.0,0.0,1.0,0.0,0.0,0.0,1.0,0.0,0.0,0.0
20260319_165846_036208,5,53,2.8543519973754883,0.388333261013031,-0.1446197147177895,-7.698554880313085,0.0,0.132643118180141,-0.0279635190963745,0.5076057056442096,0.0,0.0,0.02,0.1246197147177895,0.0,carpet,12345,2458048236,0,0,5,0,0,0,-0.685851514339447,-0.4477649331092834,1.0,-0.554823100566864,-0.6758992671966553,0.5634721517562866,-0.2454263716936111,0.0085937501862645,0.0083960592746734,0.9916039109230042,0.0176564287394285,-1.0,-1.0,-1.0,-1.0,-1.0,-1.0,-1.0,1.0,0.0,0.0,0.0,1.0,0.0,0.0,0.0,1.0,0.0,0.0,0.0
20260319_165846_036208,5,54,2.859429359436035,0.3902076184749603,-0.1472791328286558,-7.845834013141741,0.0,0.0526234020868798,-0.1874357461929321,0.4544173434268828,0.0,0.0,0.02,0.1272791328286558,0.0,carpet,12345,2458048236,0,0,5,0,0,0,0.6319944858551025,-0.4289807677268982,0.3013864755630493,-0.101939857006073,0.2333189994096756,0.548676073551178,0.1627982556819915,0.0089820865541696,0.0081807961687445,0.9918192028999328,0.0165349896997213,-1.0,-1.0,-1.0,-1.0,-1.0,-1.0,-1.0,1.0,0.0,0.0,0.0,1.0,0.0,0.0,0.0,1.0,0.0,0.0,0.0
20260319_165846_036208,5,55,2.8517277240753174,0.3893603980541229,-0.1399671016823813,-7.985801114824122,0.0,0.060648062086102,0.0847220420837402,0.6006579663523723,0.0,0.0,0.02,0.1199671016823813,0.0,carpet,12345,2458048236,0,0,5,0,0,0,-0.6409000158309937,0.5145007371902466,0.4684195220470428,0.0155382910743355,0.7919954061508179,0.018971249461174,-0.4848122298717499,0.0153285982087254,0.0067378035746514,0.9932621717453004,0.046368084847927,-1.0,-1.0,-1.0,-1.0,-1.0,-1.0,-1.0,1.0,0.0,0.0,0.0,1.0,0.0,0.0,0.0,1.0,0.0,0.0,0.0
20260319_165846_036208,5,56,2.8637232780456543,0.3914684057235718,-0.1436450572827138,-8.129446172106835,0.0,-0.0072141451716731,-0.2108007669448852,0.5270988543457236,0.0,0.0,0.02,0.1236450572827138,0.0,carpet,12345,2458048236,0,0,5,0,0,0,-1.0,-0.7374745011329651,0.2330849915742874,0.4720386862754822,-0.1210142597556114,0.7430564761161804,0.5170462131500244,0.0057014464400708,0.0073900520801544,0.9926099181175232,0.0066582951694726,-1.0,-1.0,-1.0,-1.0,-1.0,-1.0,-1.0,1.0,0.0,0.0,0.0,1.0,0.0,0.0,0.0,1.0,0.0,0.0,0.0
20260319_165846_036208,5,57,2.8681986331939697,0.3973992168903351,-0.156440089346371,-8.285886261453205,0.0,-0.1536808880478304,-0.5930811166763306,0.2711982130725801,0.0,0.0,0.02,0.136440089346371,0.0,carpet,12345,2458048236,0,0,5,0,0,0,-0.9931216835975648,0.8813331127166748,-0.9885733127593994,0.157089814543724,0.5768256187438965,0.3081798553466797,0.4705630242824554,0.0206958763301372,0.0057672136463224,0.994232714176178,0.0762186199426651,-1.0,-1.0,-1.0,-1.0,-1.0,-1.0,-1.0,1.0,0.0,0.0,0.0,1.0,0.0,0.0,0.0,1.0,0.0,0.0,0.0
20260319_165846_036208,5,58,2.8650503158569336,0.3947533667087555,-0.1682047431181371,-8.454091004571342,0.0,-0.0491144114963617,0.264585018157959,0.0359051376372576,0.0,0.0,0.02,0.1482047431181371,0.0,carpet,12345,2458048236,0,0,5,0,0,0,-0.6434898972511292,-0.6565337777137756,-0.7444008588790894,0.3265847563743591,-0.9055180549621582,-0.5574283003807068,0.0866187214851379,0.0262901298701763,0.0012013878440484,0.998798668384552,0.1081742420792579,-1.0,-1.0,-1.0,-1.0,-1.0,-1.0,-1.0,1.0,0.0,0.0,0.0,1.0,0.0,0.0,0.0,1.0,0.0,0.0,0.0
20260319_165846_036208,5,59,2.852704763412476,0.3879002332687378,-0.168112272658237,-8.622203277229579,0.0,0.1344925273781427,0.68531334400177,0.0377545468352593,0.0,0.0,0.02,0.148112272658237,0.0,carpet,12345,2458048236,0,0,5,0,0,0,0.2852075695991516,0.6530877947807312,-0.3774072527885437,0.2127358615398407,0.325902909040451,0.89543217420578,-0.3444462418556213,0.0223548896610736,0.0032382761128246,0.9967617392539978,0.0838389918208122,-1.0,-1.0,-1.0,-1.0,-1.0,-1.0,-1.0,1.0,0.0,0.0,0.0,1.0,0.0,0.0,0.0,1.0,0.0,0.0,0.0
20260319_165846_036208,5,60,2.874455213546753,0.401837021112442,-0.1699999999999999,-8.792203277229579,0.0,-0.2475503005589701,-1.3936787843704224,-0.2624191558105906,0.0,0.0,0.02,0.15,0.0,carpet,12345,2458048236,0,0,5,0,0,0,-0.7176051735877991,-0.9032762050628662,-0.158668115735054,-0.0442429296672344,-0.7884892821311951,-1.0,0.8203982710838318,0.0069229127839207,0.0085141453891992,0.991485834121704,0.010832879692316,-1.0,-1.0,-1.0,-1.0,-1.0,-1.0,-1.0,1.0,0.0,0.0,0.0,1.0,0.0,0.0,0.0,1.0,0.0,0.0,0.0
20260319_165846_036208,5,61,2.871880054473877,0.3980753719806671,-0.1699999999999999,-8.962203277229579,0.0,-0.0916214971248621,0.3761649131774902,-0.4146887150215548,0.0,0.0,0.02,0.15,0.0,carpet,12345,2458048236,0,0,5,0,0,0,-0.005734174977988,0.2787912786006927,0.7664055228233337,-0.2261711657047271,-0.2540031671524048,-0.5649169683456421,-0.025820855051279,0.0341110229492187,-0.0022150303702801,1.0,0.1310961246490478,-1.0,-1.0,-1.0,-1.0,-1.0,-1.0,-1.0,1.0,0.0,0.0,0.0,1.0,0.0,0.0,0.0,1.0,0.0,0.0,0.0
20260319_165846_036208,5,62,2.8549342155456543,0.3919863104820251,-0.1699999999999999,-9.132203277229578,0.0,0.083510414622367,0.6089061498641968,-0.3239641552275145,0.0,0.0,0.02,0.15,0.0,carpet,12345,2458048236,0,0,5,0,0,0,-0.8158695697784424,-0.5444660186767578,-0.2595322728157043,-0.2459388375282287,0.5413997173309326,0.3707674145698547,-0.4545421302318573,0.0308921821415424,0.0006808520411141,0.9993191361427308,0.1108288317918777,-1.0,-1.0,-1.0,-1.0,-1.0,-1.0,-1.0,1.0,0.0,0.0,0.0,1.0,0.0,0.0,0.0,1.0,0.0,0.0,0.0
20260319_165846_036208,5,63,2.859031915664673,0.3928644061088562,-0.1699999999999999,-9.302203277229578,0.0,0.0406804202960415,-0.0878095626831054,-0.1296028468836425,0.0,0.0,0.02,0.15,0.0,carpet,12345,2458048236,0,0,5,0,0,0,0.2504975795745849,0.3552837967872619,-0.17169851064682,-0.9170057773590088,-0.5893980264663696,-0.1657773703336715,0.0080339973792433,0.0097095491364598,0.0053684934973716,0.99463152885437,0.0128942104056477,-1.0,-1.0,-1.0,-1.0,-1.0,-1.0,-1.0,1.0,0.0,0.0,0.0,1.0,0.0,0.0,0.0,1.0,0.0,0.0,0.0
20260319_165846_036208,5,64,2.864945888519287,0.3929809331893921,-0.1699999999999999,-9.472203277229578,0.0,0.0275971382086197,-0.0116527080535888,-0.052891297178661,0.0,0.0,0.02,0.15,0.0,carpet,12345,2458048236,0,0,5,0,0,0,-0.4333796501159668,0.4766045212745666,-0.3453040421009063,0.7968188524246216,0.3700249791145324,0.6770831942558289,0.142914816737175,0.0148319248110055,0.0046924869529902,0.995307445526123,0.0373988673090934,-1.0,-1.0,-1.0,-1.0,-1.0,-1.0,-1.0,1.0,0.0,0.0,0.0,1.0,0.0,0.0,0.0,1.0,0.0,0.0,0.0
20260319_165846_036208,5,65,2.874091148376465,0.4030438661575317,-0.1699999999999999,-9.642203277229578,0.0,-0.2308754705470335,-1.0062932968139648,-0.4182592951038373,0.0,0.0,0.02,0.15,0.0,carpet,12345,2458048236,0,0,5,0,0,0,-0.0002166506310459,0.6434279084205627,-0.9942365884780884,0.5920535922050476,-0.2731053233146667,0.3574801683425903,0.6460933685302734,0.0222244262695312,0.0046027991920709,0.9953972101211548,0.0722340568900108,-1.0,-1.0,-1.0,-1.0,-1.0,-1.0,-1.0,1.0,0.0,0.0,0.0,1.0,0.0,0.0,0.0,1.0,0.0,0.0,0.0
20260319_165846_036208,5,66,2.876152515411377,0.4042562246322632,-0.1699999999999999,-9.812203277229578,0.0,-0.2034655647785541,-0.1212358474731445,-0.3741745593234213,0.0,0.0,0.02,0.15,0.0,carpet,12345,2458048236,0,0,5,0,0,0,0.2631095349788666,-0.9447640180587769,-1.0,-0.0820088312029838,0.9211076498031616,-0.5856795310974121,0.4294596910476684,0.0336559303104877,-0.0031441242899745,1.0,0.1309724152088165,-1.0,-1.0,-1.0,-1.0,-1.0,-1.0,-1.0,1.0,0.0,0.0,0.0,1.0,0.0,0.0,0.0,1.0,0.0,0.0,0.0
20260319_165846_036208,5,67,2.8735451698303223,0.4034739434719085,-0.1699999999999999,-9.982203277229578,0.0,-0.1330421445750573,0.0782281160354614,-0.4155952067736166,0.0,0.0,0.02,0.15,0.0,carpet,12345,2458048236,0,0,5,0,0,0,-0.945125162601471,0.3396762907505035,0.8616713881492615,0.8631020784378052,0.8317192196846008,-0.6756974458694458,0.3279107213020324,0.0362327583134174,-0.0040774471126496,1.0,0.1376054733991623,-1.0,-1.0,-1.0,-1.0,-1.0,-1.0,-1.0,1.0,0.0,0.0,0.0,1.0,0.0,0.0,0.0,1.0,0.0,0.0,0.0
20260319_165846_036208,5,68,2.8735742568969727,0.4024771451950073,-0.1699999999999999,-10.152203277229578,0.0,-0.0748616515087405,0.0996798276901245,-0.5739672729047243,0.0,0.0,0.02,0.15,0.0,carpet,12345,2458048236,0,0,5,0,0,0,-0.8773330450057983,0.621593177318573,0.3840789794921875,-0.8473682403564453,-0.175534576177597,0.4617343246936798,0.3819059133529663,0.0329734794795513,-0.0034752115607261,1.0,0.1257509589195251,-1.0,-1.0,-1.0,-1.0,-1.0,-1.0,-1.0,1.0,0.0,0.0,0.0,1.0,0.0,0.0,0.0,1.0,0.0,0.0,0.0
20260319_165846_036208,5,69,2.8742048740386963,0.4014673233032226,-0.1699999999999999,-10.322203277229578,0.0,-0.0309006913369671,0.1009821891784668,-0.645548384537733,0.0,0.0,0.02,0.15,0.0,carpet,12345,2458048236,0,0,5,0,0,0,-0.1073189452290535,0.4154751896858215,0.1447805762290954,-0.4705688059329986,0.0291151534765958,-0.4419486224651336,0.3232910931110382,0.0330097191035747,-0.0027078434359282,1.0,0.1227319613099098,-1.0,-1.0,-1.0,-1.0,-1.0,-1.0,-1.0,1.0,0.0,0.0,0.0,1.0,0.0,0.0,0.0,1.0,0.0,0.0,0.0
20260319_165846_036208,5,70,2.8663063049316406,0.3938687145709991,-0.1699999999999999,-10.492203277229578,0.0,0.166789699802905,0.7598608732223511,-0.5063558229434477,0.0,0.0,0.02,0.15,0.0,carpet,12345,2458048236,0,0,5,0,0,0,-0.32437664270401,0.3215318024158478,0.65754634141922,0.7784436941146851,-0.0599859952926635,0.6108993887901306,-0.0671313777565956,0.0337982177734375,-0.0019304315792396,1.0,0.1249546408653259,-1.0,-1.0,-1.0,-1.0,-1.0,-1.0,-1.0,1.0,0.0,0.0,0.0,1.0,0.0,0.0,0.0,1.0,0.0,0.0,0.0
20260319_165846_036208,5,71,2.871795892715454,0.3997137248516083,-0.1699999999999999,-10.662203277229578,0.0,-0.0210329821630921,-0.5845010280609131,-0.2965133345595063,0.0,0.0,0.02,0.15,0.0,carpet,12345,2458048236,0,0,5,0,0,0,-0.4341104030609131,-0.7890337705612183,-0.5277788043022156,0.8820961713790894,0.7658632397651672,-0.2256162911653518,0.5816081166267395,0.0239246375858783,0.0039193336851894,0.9960806369781494,0.0751567631959915,-1.0,-1.0,-1.0,-1.0,-1.0,-1.0,-1.0,1.0,0.0,0.0,0.0,1.0,0.0,0.0,0.0,1.0,0.0,0.0,0.0
20260319_165846_036208,5,72,2.8758420944213867,0.4076411128044128,-0.1699999999999999,-10.832203277229578,0.0,-0.2139594354424048,-0.7927387952804565,-0.307007205223357,0.0,0.0,0.02,0.15,0.0,carpet,12345,2458048236,0,0,5,0,0,0,0.1230087652802467,-0.4540528655052185,0.855027437210083,0.7369090914726257,0.8343824148178101,0.4599708318710327,0.6592195630073547,0.0307868961244821,-0.0005804157699458,1.0,0.1119036972522735,-1.0,-1.0,-1.0,-1.0,-1.0,-1.0,-1.0,1.0,0.0,0.0,0.0,1.0,0.0,0.0,0.0,1.0,0.0,0.0,0.0
20260319_165846_036208,5,73,2.83581805229187,0.3983789682388305,-0.1699999999999999,-11.002203277229578,0.0,0.071084037557739,0.9262144565582277,-0.1028810230905605,0.0,0.0,0.02,0.15,0.0,carpet,12345,2458048236,0,0,5,0,0,0,0.7655434012413025,0.1642006039619445,-0.6822227835655212,-0.406613290309906,0.8735978603363037,0.1986835896968841,-0.9372974634170532,0.0358444228768348,-0.0066832979209721,1.0,0.1419171690940857,-1.0,-1.0,-1.0,-1.0,-1.0,-1.0,-1.0,1.0,0.0,0.0,0.0,1.0,0.0,0.0,0.0,1.0,0.0,0.0,0.0
20260319_165846_036208,5,74,2.861202955245972,0.4022741615772247,-0.1699999999999999,-11.172203277229578,0.0,-0.0440668052915498,-0.3895193338394165,-0.0720861768733698,0.0,0.0,0.02,0.15,0.0,carpet,12345,2458048236,0,0,5,0,0,0,-0.8522698283195496,-0.4658905565738678,-0.4235529005527496,0.0102491686120629,0.9331966638565063,-0.9201605319976808,0.6814351081848145,-0.0141853336244821,0.0004471174906939,0.9995527863502502,-0.0534291379153728,-1.0,-1.0,-1.0,-1.0,-1.0,-1.0,-1.0,1.0,0.0,0.0,0.0,1.0,0.0,0.0,0.0,1.0,0.0,0.0,0.0
20260319_165846_036208,5,75,2.87411904335022,0.402884840965271,-0.1699999999999999,-11.342203277229578,0.0,-0.0483170886698189,-0.0610679388046264,-0.0895025742062216,0.0,0.0,0.02,0.15,0.0,carpet,12345,2458048236,0,0,5,0,0,0,-0.9961338043212892,-0.2064419239759445,-0.8940951824188232,-0.345227986574173,-0.6329125761985779,-1.0,0.2373843342065811,0.0175457000732421,-0.0025515798479318,1.0,0.0646455213427543,-1.0,-1.0,-1.0,-1.0,-1.0,-1.0,-1.0,1.0,0.0,0.0,0.0,1.0,0.0,0.0,0.0,1.0,0.0,0.0,0.0
20260319_165846_036208,5,76,2.8853015899658203,0.4162221252918243,-0.1699999999999999,-11.512203277229576,0.0,-0.3696699246661978,-1.3337284326553345,-0.6259621986753245,0.0,0.0,0.02,0.15,0.0,carpet,12345,2458048236,0,0,5,0,0,0,-0.4454475343227386,-0.360757440328598,0.0542885400354862,-0.3667229115962982,0.8670615553855896,-0.5647485256195068,0.9157306551933287,0.0336906425654888,-0.0030216919258236,1.0,0.1088851168751716,-1.0,-1.0,-1.0,-1.0,-1.0,-1.0,-1.0,1.0,0.0,0.0,0.0,1.0,0.0,0.0,0.0,1.0,0.0,0.0,0.0
20260319_165846_036208,5,77,2.854221105575561,0.3884906768798828,-0.1699999999999999,-11.682203277229576,0.0,0.4160337667988756,2.773144841194153,-0.1888954497133568,0.0,0.0,0.02,0.15,0.0,carpet,12345,2458048236,0,0,5,0,0,0,-0.4757007658481598,-1.0,-0.9428733587265016,0.2406395971775055,-0.5674954056739807,0.9368218779563904,-0.5072477459907532,0.0476688370108604,-0.0132893603295087,1.0,0.1675717383623123,-1.0,-1.0,-1.0,-1.0,-1.0,-1.0,-1.0,1.0,0.0,0.0,0.0,1.0,0.0,0.0,0.0,1.0,0.0,0.0,0.0
20260319_165846_036208,5,78,2.8567347526550293,0.3942954242229461,-0.1604014686374182,-11.842604745866996,0.0,0.166906641522587,-0.5804747343063354,0.191970627251635,0.0,0.0,0.02,0.1404014686374182,0.0,carpet,12345,2458048236,0,0,5,0,0,0,0.8568478226661682,-1.0,-0.3068066239356994,0.3616391122341156,-0.8751112818717957,0.0315589345991611,0.2071833610534668,0.0088184354826807,0.0080595975741744,0.9919403195381165,0.0215580593794584,-1.0,-1.0,-1.0,-1.0,-1.0,-1.0,-1.0,1.0,0.0,0.0,0.0,1.0,0.0,0.0,0.0,1.0,0.0,0.0,0.0
20260319_165846_036208,5,79,2.842946529388428,0.3917637169361114,-0.1545320373496647,-11.99713678321666,0.0,0.1884726633128082,0.2531707286834717,0.3093592530067042,0.0,0.0,0.02,0.1345320373496648,0.0,carpet,12345,2458048236,0,0,5,0,0,0,-0.8514521718025208,-0.2369461208581924,0.8050357103347778,-0.7468419671058655,0.8040899038314819,0.1444949060678482,-0.8072249293327332,0.0119602205231785,0.0035908308345824,0.9964090585708618,0.0389895662665367,-1.0,-1.0,-1.0,-1.0,-1.0,-1.0,-1.0,1.0,0.0,0.0,0.0,1.0,0.0,0.0,0.0,1.0,0.0,0.0,0.0
20260319_165846_036208,5,80,2.8719046115875244,0.3907611966133117,-0.1440078218073577,-12.14114460502402,0.0,0.1664175055545911,0.1002520322799682,0.5198435638528451,0.0,0.0,0.02,0.1240078218073577,0.0,carpet,12345,2458048236,0,0,5,0,0,0,-0.7734363079071045,-0.2814713418483734,-0.3543238341808319,0.8379524946212769,0.5618137717247009,0.9169484972953796,0.8256620168685913,-0.0052749635651707,0.0055398517288267,0.9944601655006408,-0.0437008067965507,-1.0,-1.0,-1.0,-1.0,-1.0,-1.0,-1.0,1.0,0.0,0.0,0.0,1.0,0.0,0.0,0.0,1.0,0.0,0.0,0.0
20260319_165846_036208,5,81,2.888197422027588,0.4158591628074646,-0.1667237686582592,-12.30786837368228,0.0,-0.502636025687849,-2.509796619415283,0.065524626834815,0.0,0.0,0.02,0.1467237686582592,0.0,carpet,12345,2458048236,0,0,5,0,0,0,0.4000312983989715,0.2887265086174011,0.8602831363677979,0.5025506615638733,-1.0,-0.780404806137085,0.984754204750061,0.0309226997196674,0.0063116545788943,0.9936882853507996,0.0949665158987045,-1.0,-1.0,-1.0,-1.0,-1.0,-1.0,-1.0,1.0,0.0,0.0,0.0,1.0,0.0,0.0,0.0,1.0,0.0,0.0,0.0
20260319_165846_036208,5,82,2.890987157821656,0.4195148646831512,-0.1699999999999999,-12.47786837368228,0.0,-0.4683695661580884,-0.3655701875686645,-0.0331750146570755,0.0,0.0,0.02,0.15,0.0,carpet,12345,2458048236,0,0,5,0,0,0,-0.5818415880203247,0.4388149380683899,-0.5132879018783569,-0.2235762923955917,0.7504621744155884,-0.6164038777351379,0.899236261844635,0.0512886047363281,-0.0130099300295114,1.0,0.1925777643918991,-1.0,-1.0,-1.0,-1.0,-1.0,-1.0,-1.0,1.0,0.0,0.0,0.0,1.0,0.0,0.0,0.0,1.0,0.0,0.0,0.0
20260319_165846_036208,5,83,2.890327453613281,0.4183158576488495,-0.1701609878071618,-12.64802936148944,0.0,-0.3213019987610153,0.1199007034301757,-0.7705107802169664,0.0,0.0032197561432376,0.02,0.15,0.0,carpet,12345,2458048236,0,0,5,0,0,0,0.3012450337409973,0.7018291354179382,0.5545628070831299,0.3847545981407165,-0.4171348810195923,0.3937917649745941,0.720583438873291,0.0547760017216205,-0.0158242583274841,1.0,0.2130134403705597,-1.0,-1.0,-1.0,-1.0,-1.0,-1.0,-1.0,1.0,0.0,0.0,0.0,1.0,0.0,0.0,0.0,1.0,0.0,0.0,0.0
20260319_165846_036208,5,84,2.855279922485352,0.3841010332107544,-0.1699999999999999,-12.81802936148944,0.0,0.6143941118816372,3.4214824438095093,-0.3230233098579163,0.0,0.0,0.02,0.15,0.0,carpet,12345,2458048236,0,0,5,0,0,0,0.6833004951477051,0.261098563671112,-0.0699172392487526,0.0862222164869308,-0.8687043786048889,0.4946616590023041,-0.943644881248474,0.0539512634277343,-0.0149012152105569,1.0,0.2048656195402145,-1.0,-1.0,-1.0,-1.0,-1.0,-1.0,-1.0,1.0,0.0,0.0,0.0,1.0,0.0,0.0,0.0,1.0,0.0,0.0,0.0
20260319_165846_036208,5,85,2.8367457389831543,0.3897390067577362,-0.1699999999999999,-12.98802936148944,0.0,0.3198462452366755,-0.5637973546981812,-0.191649727934049,0.0,0.0,0.02,0.15,0.0,carpet,12345,2458048236,0,0,5,0,0,0,-0.9977074265480042,-0.844679594039917,-0.7817155718803406,0.7510319352149963,-0.9432632327079772,0.5589787364006042,0.1405345946550369,0.0101417545229196,0.0114389546215534,0.9885609745979308,0.0485780462622642,-1.0,-1.0,-1.0,-1.0,-1.0,-1.0,-1.0,1.0,0.0,0.0,0.0,1.0,0.0,0.0,0.0,1.0,0.0,0.0,0.0
20260319_165846_036208,5,86,2.8229923248291016,0.3960298895835876,-0.1699999999999999,-13.15802936148944,0.0,0.082612613281185,-0.629088282585144,-0.275454620207455,0.0,0.0,0.02,0.15,0.0,carpet,12345,2458048236,0,0,5,0,0,0,0.4313608705997467,-0.0294021386653184,0.2396328449249267,0.4523278772830963,-0.6510921120643616,0.789164662361145,-0.8853510022163391,-0.0130260465666651,0.0070985811762511,0.9929014444351196,-0.0029121721163392,-1.0,-1.0,-1.0,-1.0,-1.0,-1.0,-1.0,1.0,0.0,0.0,0.0,1.0,0.0,0.0,0.0,1.0,0.0,0.0,0.0
20260319_165846_036208,5,87,2.8513879776000977,0.3800759315490722,-0.1356005091847902,-13.29362987067423,0.0,0.4608084108238017,1.595395803451538,0.6879898163041958,0.0,0.0,0.02,0.1156005091847902,0.0,carpet,12345,2458048236,0,0,5,0,0,0,-0.5499637126922607,0.8878642320632935,-0.7887994647026062,-0.615940511226654,0.8404075503349304,-0.5464562177658081,0.2190620601177215,-0.0302177425473928,0.0022555573377758,0.9977445006370544,-0.0682493820786476,-1.0,-1.0,-1.0,-1.0,-1.0,-1.0,-1.0,1.0,0.0,0.0,0.0,1.0,0.0,0.0,0.0,1.0,0.0,0.0,0.0
20260319_165846_036208,5,88,2.8643012046813965,0.3926267921924591,-0.1105902912752267,-13.404220161949455,0.0,0.0318347920331802,-1.255086064338684,1.1881941744954645,0.0,0.0,0.02,0.0905902912752267,0.0,carpet,12345,2458048236,0,0,5,0,0,0,1.0,0.8136879801750183,-0.2957322001457214,-0.4694163799285888,0.8108996748924255,0.3713731467723846,0.6852318048477173,0.0052768709138035,0.0145376762375235,0.9854623675346376,0.0222025476396083,-1.0,-1.0,-1.0,-1.0,-1.0,-1.0,-1.0,1.0,0.0,0.0,0.0,1.0,0.0,0.0,0.0,1.0,0.0,0.0,0.0
20260319_165846_036208,5,89,2.8563058376312256,0.3845945298671722,-0.0832910587293224,-13.48751122067878,0.0,0.224682652157071,0.8032262325286865,1.7341788254135508,0.0,0.0,0.02,0.0632910587293224,0.0,carpet,12345,2458048236,0,0,5,0,0,0,0.8579729795455933,0.753923773765564,0.3799543380737304,0.0021061990410089,0.0854953005909919,-0.1259371191263198,-0.4913573265075683,0.0214183814823627,0.0048754164017736,0.995124578475952,0.1052622571587562,-1.0,-1.0,-1.0,-1.0,-1.0,-1.0,-1.0,1.0,0.0,0.0,0.0,1.0,0.0,0.0,0.0,1.0,0.0,0.0,0.0
20260319_165846_036208,5,90,2.850737810134888,0.3780407905578613,-0.0973929907308755,-13.584904211409656,0.0,0.3323554718505761,0.6553739309310913,1.4521401853824898,0.0,0.0,0.02,0.0773929907308755,0.0,carpet,12345,2458048236,0,0,5,0,0,0,0.925631821155548,-0.4435482323169708,0.8651831150054932,-0.6748458743095398,0.016934584826231,-0.4064759612083435,0.0309862606227397,0.0114242555573582,0.0110590290278196,0.988940954208374,0.0524722747504711,-1.0,-1.0,-1.0,-1.0,-1.0,-1.0,-1.0,1.0,0.0,0.0,0.0,1.0,0.0,0.0,0.0,1.0,0.0,0.0,0.0
20260319_165846_036208,5,91,2.846557140350342,0.3783105015754699,-0.1012591115703242,-13.68616332297998,0.0,0.2425238284477018,-0.0269711017608642,1.374817768593516,0.0,0.0,0.02,0.0812591115703242,0.0,carpet,12345,2458048236,0,0,5,0,0,0,-0.8166702389717102,0.4225701689720154,0.3804902732372284,0.2328666001558303,-0.2032898664474487,-0.0336077958345413,-0.5028077960014343,0.0044643403962254,0.0161044225096702,0.9838955402374268,0.0191734489053487,-1.0,-1.0,-1.0,-1.0,-1.0,-1.0,-1.0,1.0,0.0,0.0,0.0,1.0,0.0,0.0,0.0,1.0,0.0,0.0,0.0
20260319_165846_036208,5,92,2.8531253337860107,0.3802103400230407,-0.0986698967270581,-13.784833219707036,0.0,0.1343969101465063,-0.18998384475708,1.4266020654588374,0.0,0.0,0.02,0.0786698967270581,0.0,carpet,12345,2458048236,0,0,5,0,0,0,0.8601261377334595,0.8590093851089478,0.2944217026233673,-0.5734714865684509,-0.6359381079673767,0.4406839907169342,0.10757926851511,-0.0007617950323037,0.0158967673778533,0.984103262424469,-0.0041407933458685,-1.0,-1.0,-1.0,-1.0,-1.0,-1.0,-1.0,1.0,0.0,0.0,0.0,1.0,0.0,0.0,0.0,1.0,0.0,0.0,0.0
20260319_165846_036208,5,93,2.8739242553710938,0.3945873975753784,-0.1346417550781762,-13.919474974785214,0.0,-0.2586287561985614,-1.4377057552337646,0.7071648984364742,0.0,0.0,0.02,0.1146417550781762,0.0,carpet,12345,2458048236,0,0,5,0,0,0,-0.3983809053897857,0.3731349408626556,-0.9191972017288208,-0.7847328782081604,0.3200390338897705,-1.0,0.7187867164611816,0.0074485777877271,0.0144341858103871,0.985565721988678,0.0335399657487869,-1.0,-1.0,-1.0,-1.0,-1.0,-1.0,-1.0,1.0,0.0,0.0,0.0,1.0,0.0,0.0,0.0,1.0,0.0,0.0,0.0
20260319_165846_036208,5,94,2.869440793991089,0.3856038153171539,-0.1347025952145014,-14.054177569999714,0.0,0.0306179893066769,0.8983582258224487,0.7059480957099709,0.0,0.0,0.02,0.1147025952145014,0.0,carpet,12345,2458048236,0,0,5,0,0,0,-0.8774839043617249,-0.0942596942186355,0.857526957988739,0.8586906790733337,0.9187904596328736,-0.2302270531654358,0.0339679569005966,0.033447265625,0.0033660533372312,0.9966339468955994,0.1442765593528747,-1.0,-1.0,-1.0,-1.0,-1.0,-1.0,-1.0,1.0,0.0,0.0,0.0,1.0,0.0,0.0,0.0,1.0,0.0,0.0,0.0
20260319_165846_036208,5,95,2.877304077148437,0.3954769372940063,-0.1571299556944194,-14.211307525694131,0.0,-0.2238645574412885,-0.9873121976852416,0.2574008861116112,0.0,0.0,0.02,0.1371299556944194,0.0,carpet,12345,2458048236,0,0,5,0,0,0,-0.3643094301223755,0.0781190693378448,0.7483101487159729,0.2270115464925766,0.5228391289710999,-0.5075296759605408,0.8591396808624268,0.0278430934995412,0.010282028466463,0.9897179007530212,0.1028099507093429,-1.0,-1.0,-1.0,-1.0,-1.0,-1.0,-1.0,1.0,0.0,0.0,0.0,1.0,0.0,0.0,0.0,1.0,0.0,0.0,0.0
20260319_165846_036208,5,96,2.879678010940552,0.4013090431690216,-0.1699999999999999,-14.381307525694131,0.0,-0.3137010649563478,-0.5832105875015259,-0.3886556506953127,0.0,0.0,0.02,0.15,0.0,carpet,12345,2458048236,0,0,5,0,0,0,-0.6497071385383606,0.1009783893823623,0.8153287768363953,0.2208183854818344,0.2076074481010437,-0.4109034836292267,0.794479250907898,0.0376720428466796,0.0026812367141246,0.9973187446594238,0.1540656238794326,-1.0,-1.0,-1.0,-1.0,-1.0,-1.0,-1.0,1.0,0.0,0.0,0.0,1.0,0.0,0.0,0.0,1.0,0.0,0.0,0.0
20260319_165846_036208,5,97,2.841002941131592,0.3780657649040222,-0.1699999999999999,-14.551307525694131,0.0,0.3458061579077309,2.324327826499939,-0.2853733212352836,0.0,0.0,0.02,0.15,0.0,carpet,12345,2458048236,0,0,5,0,0,0,-0.3128724098205566,0.9512723684310912,-0.2495007961988449,-0.3606849312782287,0.6600953936576843,0.5195586085319519,-0.7745133638381958,0.0406394973397254,-0.0018085866468027,1.0,0.1775760203599929,-1.0,-1.0,-1.0,-1.0,-1.0,-1.0,-1.0,1.0,0.0,0.0,0.0,1.0,0.0,0.0,0.0,1.0,0.0,0.0,0.0
20260319_165846_036208,5,98,2.8476030826568604,0.3772265613079071,-0.1699999999999999,-14.721307525694131,0.0,0.2803347083336689,0.0839203596115112,-0.139435523048121,0.0,0.0,0.02,0.15,0.0,carpet,12345,2458048236,0,0,5,0,0,0,-0.5538185238838196,-0.0986931174993515,0.4305980503559112,0.7640284299850464,0.4348686933517456,0.3091794550418854,0.2817938327789306,-0.0077045438811182,0.0160851869732141,0.9839147925376892,-0.0139150386676192,-1.0,-1.0,-1.0,-1.0,-1.0,-1.0,-1.0,1.0,0.0,0.0,0.0,1.0,0.0,0.0,0.0,1.0,0.0,0.0,0.0
20260319_165846_036208,5,99,2.843703031539917,0.3761697709560394,-0.1522067988401315,-14.873514324534264,0.0,0.2366707900469293,0.1056790351867675,0.3558640231973697,0.0,0.0,0.02,0.1322067988401315,0.0,carpet,12345,2458048236,0,0,5,0,0,0,0.95257306098938,-0.8876609206199646,-0.0171350315213203,-0.8606458306312561,-0.9070297479629515,0.6214367151260376,-0.4169248938560486,0.000545883201994,0.0167312398552894,0.9832687377929688,0.0157278757542371,-1.0,-1.0,-1.0,-1.0,-1.0,-1.0,-1.0,1.0,0.0,0.0,0.0,1.0,0.0,0.0,0.0,1.0,0.0,0.0,0.0
20260319_165846_036208,5,100,2.8336281776428223,0.3838053345680237,-0.1544069981936854,-15.02792132272795,0.0,-0.0133859977644021,-0.7635563611984253,0.3118600361262906,0.0,0.0,0.02,0.1344069981936854,0.0,carpet,12345,2458048236,0,0,5,0,0,0,0.8961120843887329,-0.6002498865127563,-0.1613576710224151,0.312354177236557,-0.7656539678573608,0.5494186282157898,-0.8515398502349854,-0.00432930001989,0.0175448022782802,0.9824551343917848,-0.009851356036961,-1.0,-1.0,-1.0,-1.0,-1.0,-1.0,-1.0,1.0,0.0,0.0,0.0,1.0,0.0,0.0,0.0,1.0,0.0,0.0,0.0
20260319_165846_036208,5,101,2.8683323860168457,0.3849367797374725,-0.1451300516995968,-15.173051374427548,0.0,-0.0383256275595158,-0.1131445169448852,0.4973989660080633,0.0,0.0,0.02,0.1251300516995968,0.0,carpet,12345,2458048236,0,0,5,0,0,0,0.4924734830856323,-0.5455735325813293,0.8853329420089722,0.3568459153175354,0.0341315269470214,1.0,0.7553476691246033,-0.0169227607548236,0.0116665801033377,0.9883334040641784,-0.0674408599734306,-1.0,-1.0,-1.0,-1.0,-1.0,-1.0,-1.0,1.0,0.0,0.0,0.0,1.0,0.0,0.0,0.0,1.0,0.0,0.0,0.0
20260319_165846_036208,5,102,2.8555586338043213,0.3750532567501068,-0.1185278057510541,-15.2915791801786,0.0,0.2183438540145061,0.9883522987365724,1.0294438849789174,0.0,0.0,0.02,0.0985278057510541,0.0,carpet,12345,2458048236,0,0,5,0,0,0,-0.7613655924797058,0.6539000272750854,-0.576551079750061,-0.2738415896892547,0.1482759416103363,1.0,-0.4767152369022369,0.0264575965702533,0.0107955457642674,0.989204466342926,0.1088892295956611,-1.0,-1.0,-1.0,-1.0,-1.0,-1.0,-1.0,1.0,0.0,0.0,0.0,1.0,0.0,0.0,0.0,1.0,0.0,0.0,0.0
20260319_165846_036208,5,103,2.8508081436157227,0.3755963146686554,-0.128309041519081,-15.419888221697684,0.0,0.1501814425471934,-0.0543057918548584,0.8338191696183799,0.0,0.0,0.02,0.108309041519081,0.0,carpet,12345,2458048236,0,0,5,0,0,0,-0.460637092590332,-0.3696463108062744,0.4249796867370605,0.6764299869537354,1.0,-0.7958321571350098,-0.0905535668134689,0.0104904174804687,0.0184043552726507,0.9815956354141236,0.0296550430357456,-1.0,-1.0,-1.0,-1.0,-1.0,-1.0,-1.0,1.0,0.0,0.0,0.0,1.0,0.0,0.0,0.0,1.0,0.0,0.0,0.0
20260319_165846_036208,5,104,2.873211145401001,0.3949019610881805,-0.1608260308646532,-15.580714252562336,0.0,-0.3700050785777762,-1.9305646419525144,0.1834793827069347,0.0,0.0,0.02,0.1408260308646532,0.0,carpet,12345,2458048236,0,0,5,0,0,0,0.120282270014286,-0.0594029016792774,-0.8540432453155518,-0.2369564175605774,0.8780022859573364,0.50449538230896,0.8893468976020813,0.0045520784333348,0.0179862808436155,0.982013702392578,0.0139893973246216,-1.0,-1.0,-1.0,-1.0,-1.0,-1.0,-1.0,1.0,0.0,0.0,0.0,1.0,0.0,0.0,0.0,1.0,0.0,0.0,0.0
20260319_165846_036208,5,105,2.88184142112732,0.4088519811630249,-0.1699999999999999,-15.750714252562336,0.0,-0.626254310804427,-1.395002007484436,-0.6794457181444216,0.0,0.0,0.02,0.15,0.0,carpet,12345,2458048236,0,0,5,0,0,0,-0.7395023107528687,-0.7640483975410461,0.6719422340393066,-0.3204498589038849,0.808692991733551,0.6054997444152832,0.8957908749580383,0.0325557701289653,0.0031238903757184,0.9968761205673218,0.1339111924171447,-1.0,-1.0,-1.0,-1.0,-1.0,-1.0,-1.0,1.0,0.0,0.0,0.0,1.0,0.0,0.0,0.0,1.0,0.0,0.0,0.0
20260319_165846_036208,5,106,2.845083713531494,0.3817999362945556,-0.1699999999999999,-15.920714252562336,0.0,0.2066103886083965,2.705204486846924,-0.4594493317716228,0.0,0.0,0.02,0.15,0.0,carpet,12345,2458048236,0,0,5,0,0,0,0.2562482059001922,0.0646131262183189,0.7062171697616577,0.3247375786304474,0.9403982162475586,0.9920129776000975,-0.6552717089653015,0.0433437339961528,-0.007615475449711,1.0,0.1794031411409378,-1.0,-1.0,-1.0,-1.0,-1.0,-1.0,-1.0,1.0,0.0,0.0,0.0,1.0,0.0,0.0,0.0,1.0,0.0,0.0,0.0
20260319_165846_036208,5,107,2.8396189212799072,0.3841392695903778,-0.1699999999999999,-16.090714252562336,0.0,0.0964744590607722,-0.2339333295822143,-0.3246492451513347,0.0,0.0,0.02,0.15,0.0,carpet,12345,2458048236,0,0,5,0,0,0,-1.0,0.1329402476549148,-0.0208603218197822,-0.4662739336490631,0.8154497146606445,0.5060454607009888,-0.005817380733788,-0.002603530883789,0.0132104502990841,0.9867895245552064,-0.0083445701748132,-1.0,-1.0,-1.0,-1.0,-1.0,-1.0,-1.0,1.0,0.0,0.0,0.0,1.0,0.0,0.0,0.0,1.0,0.0,0.0,0.0
20260319_165846_036208,5,108,2.826432943344116,0.3910378217697143,-0.1699999999999999,-16.260714252562337,0.0,-0.1001079601878416,-0.6898552179336548,-0.6431010593536826,0.0,0.0,0.02,0.15,0.0,carpet,12345,2458048236,0,0,5,0,0,0,-0.7570843696594238,-0.6661987900733948,0.7785739898681641,-0.6671849489212036,0.9172258377075196,0.9520829916000366,-0.8467691540718079,-0.0094345090910792,0.0114095285534858,0.98859041929245,-0.026546835899353,-1.0,-1.0,-1.0,-1.0,-1.0,-1.0,-1.0,1.0,0.0,0.0,0.0,1.0,0.0,0.0,0.0,1.0,0.0,0.0,0.0
20260319_165846_036208,5,109,2.8565053939819336,0.3717441856861114,-0.1699999999999999,-16.43071425256234,0.0,0.4072599319491701,1.9293636083602903,-0.3860225699517059,0.0,0.0,0.02,0.15,0.0,carpet,12345,2458048236,0,0,5,0,0,0,0.0509190708398819,-0.6142629384994507,-0.8174080848693848,0.2431739717721939,-0.7362993359565735,-0.3755412101745605,0.6089750528335571,-0.0259170532226562,0.006098682526499,0.9939013719558716,-0.0868195369839668,-1.0,-1.0,-1.0,-1.0,-1.0,-1.0,-1.0,1.0,0.0,0.0,0.0,1.0,0.0,0.0,0.0,1.0,0.0,0.0,0.0
20260319_165846_036208,5,110,2.825695037841797,0.3727560341358185,-0.1567934376827349,-16.587507690245076,0.0,0.2801487377192302,-0.1011848449707031,0.2641312463453005,0.0,0.0,0.02,0.1367934376827349,0.0,carpet,12345,2458048236,0,0,5,0,0,0,-0.1594947725534439,-0.1142384111881256,0.6340178847312927,-0.4090175926685333,0.7688287496566772,-0.6757482290267944,-1.0,0.0116737363860011,0.020951822400093,0.979048192501068,0.0711110681295394,-1.0,-1.0,-1.0,-1.0,-1.0,-1.0,-1.0,1.0,0.0,0.0,0.0,1.0,0.0,0.0,0.0,1.0,0.0,0.0,0.0
20260319_165846_036208,5,111,2.817370176315308,0.3792609274387359,-0.12310626110669,-16.710613951351768,0.0,0.0474892207164714,-0.650489330291748,0.9378747778661988,0.0,0.0,0.02,0.10310626110669,0.0,carpet,12345,2458048236,0,0,5,0,0,0,0.4053198099136352,0.0809754431247711,0.4296726882457733,0.4702533185482025,0.9452325105667114,-0.7128900289535522,-0.5114524960517883,-0.0268390662968158,0.0201728548854589,0.9798271059989928,-0.0752355381846427,-1.0,-1.0,-1.0,-1.0,-1.0,-1.0,-1.0,1.0,0.0,0.0,0.0,1.0,0.0,0.0,0.0,1.0,0.0,0.0,0.0
20260319_165846_036208,5,112,2.821213722229004,0.3766131103038788,-0.1283461633416711,-16.83896011469344,0.0,0.1018123439087759,0.2647817134857178,0.8330767331665783,0.0,0.0,0.02,0.108346163341671,0.0,carpet,12345,2458048236,0,0,5,0,0,0,-0.5457309484481812,0.8390172123908997,-0.9154680967330932,0.6104792356491089,-0.2319155931472778,0.2702298462390899,-0.3932992815971374,-0.0372451767325401,0.0151650803163647,0.9848349094390868,-0.101903386414051,-1.0,-1.0,-1.0,-1.0,-1.0,-1.0,-1.0,1.0,0.0,0.0,0.0,1.0,0.0,0.0,0.0,1.0,0.0,0.0,0.0
20260319_165846_036208,5,113,2.8216371536254883,0.3761110007762909,-0.1287242864886455,-16.967684401182083,0.0,0.0889119961212827,0.050210952758789,0.8255142702270888,0.0,0.0,0.02,0.1087242864886455,0.0,carpet,12345,2458048236,0,0,5,0,0,0,-0.4951487183570862,-0.094268225133419,-0.1914899349212646,-0.0573199540376663,0.7501635551452637,0.7067503929138184,-0.4269744157791137,-0.0324409492313861,0.0172034949064254,0.9827964901924132,-0.0791307613253593,-1.0,-1.0,-1.0,-1.0,-1.0,-1.0,-1.0,1.0,0.0,0.0,0.0,1.0,0.0,0.0,0.0,1.0,0.0,0.0,0.0
20260319_165846_036208,5,114,2.8601653575897217,0.3846853673458099,-0.1311026468366048,-17.09878704801869,0.0,-0.1476751671470282,-0.8574366569519043,0.7779470632679022,0.0,0.0,0.02,0.1111026468366049,0.0,carpet,12345,2458048236,0,0,5,0,0,0,0.592313289642334,0.1511407941579818,0.8925231099128723,-0.666104257106781,0.9146717190742492,0.9985145330429076,0.8206949830055237,-0.0319114699959754,0.0175900571048259,0.9824098944664,-0.0753135159611702,-1.0,-1.0,-1.0,-1.0,-1.0,-1.0,-1.0,1.0,0.0,0.0,0.0,1.0,0.0,0.0,0.0,1.0,0.0,0.0,0.0
20260319_165846_036208,5,115,2.8362925052642822,0.3705922365188598,-0.1393870486683877,-17.23817409668708,0.0,0.2415718953135126,1.409313082695007,0.6122590266322447,0.0,0.0,0.02,0.1193870486683877,0.0,carpet,12345,2458048236,0,0,5,0,0,0,0.6883748173713684,-0.0251637641340494,0.0735706388950347,-0.3461079597473144,-0.435928463935852,0.9437175393104552,-0.6751665472984314,0.0162487030029296,0.0109891053289175,0.9890108704566956,0.0952101349830627,-1.0,-1.0,-1.0,-1.0,-1.0,-1.0,-1.0,1.0,0.0,0.0,0.0,1.0,0.0,0.0,0.0,1.0,0.0,0.0,0.0
20260319_165846_036208,5,116,2.863079071044922,0.375182569026947,-0.1500734551152018,-17.38824755180228,0.0,0.0664206087829484,-0.4590332508087158,0.3985308976959629,0.0,0.0,0.02,0.1300734551152018,0.0,carpet,12345,2458048236,0,0,5,0,0,0,0.2141720056533813,-0.7797273397445679,-0.6022401452064514,-0.8761007785797119,0.1600531637668609,0.8189193606376648,0.7827556133270264,-0.0135925291106104,0.0218386575579643,0.9781612753868104,-0.0241925306618213,-1.0,-1.0,-1.0,-1.0,-1.0,-1.0,-1.0,1.0,0.0,0.0,0.0,1.0,0.0,0.0,0.0,1.0,0.0,0.0,0.0
20260319_165846_036208,5,117,2.8522496223449707,0.371164858341217,-0.144935004964503,-17.533182556766782,0.0,0.1502582237304466,0.401771068572998,0.5012999007099381,0.0,0.0,0.02,0.124935004964503,0.0,carpet,12345,2458048236,0,0,5,0,0,0,-0.0235749129205942,-0.9748964905738832,0.2100564390420913,-0.8326349854469299,-0.9890376329421996,0.8582795262336731,-0.41289022564888,0.0198909752070903,0.0183047987520694,0.9816951751708984,0.1127131581306457,-1.0,-1.0,-1.0,-1.0,-1.0,-1.0,-1.0,1.0,0.0,0.0,0.0,1.0,0.0,0.0,0.0,1.0,0.0,0.0,0.0
20260319_165846_036208,5,118,2.8354034423828125,0.3737708628177643,-0.1476484443657338,-17.680831001132518,0.0,0.047543555884161,-0.2606004476547241,0.4470311126853232,0.0,0.0,0.02,0.1276484443657338,0.0,carpet,12345,2458048236,0,0,5,0,0,0,0.9027748703956604,0.3020707666873932,-0.4335184395313263,0.1034447103738784,0.4046011567115783,-0.4920906126499176,-0.7925042510032654,0.006354141049087,0.0213978253304958,0.978602170944214,0.0526530519127845,-1.0,-1.0,-1.0,-1.0,-1.0,-1.0,-1.0,1.0,0.0,0.0,0.0,1.0,0.0,0.0,0.0,1.0,0.0,0.0,0.0
20260319_165846_036208,5,119,2.8363969326019287,0.3722802400588989,-0.14844788237756,-17.829278883510078,0.0,0.0729232358847582,0.1490622758865356,0.4310423524487987,0.0,0.0,0.02,0.12844788237756,0.0,carpet,12345,2458048236,0,0,5,0,0,0,0.859137773513794,-0.0402039103209972,-0.0376207269728183,-0.0925449728965759,-0.2451832294464111,-1.0,-0.378774344921112,-0.0147037506103515,0.0193915963172912,0.9806084036827089,-0.0370277166366577,-1.0,-1.0,-1.0,-1.0,-1.0,-1.0,-1.0,1.0,0.0,0.0,0.0,1.0,0.0,0.0,0.0,1.0,0.0,0.0,0.0
20260319_165846_036208,5,120,2.872771978378296,0.3777723014354706,-0.1451945793952451,-17.974473462905323,0.0,-0.0826091075007298,-0.5492061376571655,0.4961084120950971,0.0,0.0,0.02,0.1251945793952451,0.0,carpet,12345,2458048236,0,0,5,0,0,0,0.6604428887367249,-0.1247965842485427,-0.853775680065155,-0.9119541645050048,0.437499076128006,0.05393623188138,0.6472867727279663,-0.0134620666503906,0.0205391533672809,0.979460835456848,-0.0322551690042018,-1.0,-1.0,-1.0,-1.0,-1.0,-1.0,-1.0,1.0,0.0,0.0,0.0,1.0,0.0,0.0,0.0,1.0,0.0,0.0,0.0
20260319_165846_036208,5,121,2.863289833068848,0.3726256489753723,-0.1539377001170753,-18.1284111630224,0.0,0.0667094808769093,0.5146652460098267,0.3212459976584938,0.0,0.0,0.02,0.1339377001170753,0.0,carpet,12345,2458048236,0,0,5,0,0,0,-0.7044429183006287,-0.7916061282157898,0.5716003775596619,-0.5934228301048279,0.4094908237457275,-0.8388271331787109,-0.3368933200836181,0.0320068374276161,0.0163111109286546,0.9836888313293456,0.130837932229042,-1.0,-1.0,-1.0,-1.0,-1.0,-1.0,-1.0,1.0,0.0,0.0,0.0,1.0,0.0,0.0,0.0,1.0,0.0,0.0,0.0
20260319_165846_036208,5,122,2.8591012954711914,0.3689522743225097,-0.1501654067072604,-18.27857656972966,0.0,0.1418664769792457,0.3673374652862549,0.3966918658547911,0.0,0.0,0.02,0.1301654067072604,0.0,carpet,12345,2458048236,0,0,5,0,0,0,0.1127581894397735,-0.4863352477550506,-0.0552964322268962,0.6122998595237732,0.5108518004417419,-0.6527795791625977,-0.0880952998995781,0.0201541893184185,0.020273232832551,0.9797267317771912,0.0696240589022636,-1.0,-1.0,-1.0,-1.0,-1.0,-1.0,-1.0,1.0,0.0,0.0,0.0,1.0,0.0,0.0,0.0,1.0,0.0,0.0,0.0
20260319_165846_036208,5,123,2.875227928161621,0.3757064044475555,-0.1608009876633684,-18.439377557393023,0.0,-0.0624533953917136,-0.6754130125045776,0.1839802467326308,0.0,0.0,0.02,0.1408009876633684,0.0,carpet,12345,2458048236,0,0,5,0,0,0,-0.2256375104188919,0.5303740501403809,-0.8217011094093323,0.0825059190392494,0.1536199450492859,0.467275857925415,0.6633967161178589,0.0149185182526707,0.0231011882424354,0.9768987894058228,0.0479645803570747,-1.0,-1.0,-1.0,-1.0,-1.0,-1.0,-1.0,1.0,0.0,0.0,0.0,1.0,0.0,0.0,0.0,1.0,0.0,0.0,0.0
20260319_165846_036208,5,124,2.8758738040924072,0.378228098154068,-0.1686722849179052,-18.608049842310933,0.0,-0.1098823892065752,-0.2521693706512451,0.0265543016418945,0.0,0.0,0.02,0.1486722849179052,0.0,carpet,12345,2458048236,0,0,5,0,0,0,1.0,-0.5875523090362549,0.3628197312355041,0.1689575612545013,-0.9130274653434752,-0.2412753850221634,0.2611279189586639,0.035076905041933,0.0179015267640352,0.9820984601974488,0.1415444612503051,-1.0,-1.0,-1.0,-1.0,-1.0,-1.0,-1.0,1.0,0.0,0.0,0.0,1.0,0.0,0.0,0.0,1.0,0.0,0.0,0.0
20260319_165846_036208,5,125,2.855733871459961,0.3735654652118683,-0.1699999999999999,-18.77804984231093,0.0,0.034154031650047,0.4662632942199707,-0.0122149025928166,0.0,0.0,0.02,0.15,0.0,carpet,12345,2458048236,0,0,5,0,0,0,-0.7579683661460876,0.6204532980918884,-0.7810190916061401,0.6451859474182129,-0.7207072377204895,-0.5208619832992554,-0.4725809097290039,0.0358840934932231,0.0159601997584104,0.9840397834777832,0.1415435224771499,-1.0,-1.0,-1.0,-1.0,-1.0,-1.0,-1.0,1.0,0.0,0.0,0.0,1.0,0.0,0.0,0.0,1.0,0.0,0.0,0.0
20260319_165846_036208,5,126,2.852128267288208,0.3704294562339782,-0.1612795023453654,-18.9393293446563,0.0,0.1040157481847785,0.3136008977890014,0.1744099530926917,0.0,0.0,0.02,0.1412795023453654,0.0,carpet,12345,2458048236,0,0,5,0,0,0,0.6659737229347229,-0.9648731350898744,0.5545346736907959,0.6366479396820068,0.1223353892564773,-0.7917640209197998,-0.0890805423259735,0.0107093807309865,0.0195497088134288,0.9804502725601196,0.0400257408618927,-1.0,-1.0,-1.0,-1.0,-1.0,-1.0,-1.0,1.0,0.0,0.0,0.0,1.0,0.0,0.0,0.0,1.0,0.0,0.0,0.0
20260319_165846_036208,5,127,2.864546537399292,0.3708211481571197,-0.161204000736208,-19.10053334539251,0.0,0.0682195130600575,-0.0391691923141479,0.1759199852758399,0.0,0.0,0.02,0.141204000736208,0.0,carpet,12345,2458048236,0,0,5,0,0,0,0.3463005423545837,-0.6103988885879517,-0.7885513305664062,-0.8139608502388,-0.6922339797019958,-0.7262822389602661,0.2243447303771972,0.0062023163773119,0.0219639670103788,0.9780359864234924,0.0317697040736675,-1.0,-1.0,-1.0,-1.0,-1.0,-1.0,-1.0,1.0,0.0,0.0,0.0,1.0,0.0,0.0,0.0,1.0,0.0,0.0,0.0
20260319_165846_036208,5,128,2.8622829914093018,0.3733221292495727,-0.1688653192109843,-19.269398664603493,0.0,-0.0113598925162818,-0.2500981092453003,0.0226936157803123,0.0,0.0,0.02,0.1488653192109844,0.0,carpet,12345,2458048236,0,0,5,0,0,0,-0.6208705306053162,0.971557080745697,-0.7624284029006958,-1.0,-0.9878534078598022,-0.066149391233921,-0.1186576709151268,0.0217250827699899,0.0216624233871698,0.9783375263214112,0.0932133421301841,-1.0,-1.0,-1.0,-1.0,-1.0,-1.0,-1.0,1.0,0.0,0.0,0.0,1.0,0.0,0.0,0.0,1.0,0.0,0.0,0.0
20260319_165846_036208,5,129,2.860869646072388,0.3741354048252105,-0.1671852398803065,-19.4365839044838,0.0,-0.0288518087781568,-0.0813275575637817,0.0562952023938692,0.0,0.0,0.02,0.1471852398803065,0.0,carpet,12345,2458048236,0,0,5,0,0,0,0.5761637091636658,0.7929033637046814,-0.6447930932044983,-1.0,-0.5814663171768188,-0.2284866720438003,-0.0899810343980789,0.0188957210630178,0.0197370443493127,0.9802629351615906,0.0822518020868301,-1.0,-1.0,-1.0,-1.0,-1.0,-1.0,-1.0,1.0,0.0,0.0,0.0,1.0,0.0,0.0,0.0,1.0,0.0,0.0,0.0
20260319_165846_036208,5,130,2.8737823963165283,0.382167100906372,-0.1699999999999999,-19.6065839044838,0.0,-0.2224312586126586,-0.8031696081161499,-0.0562536670122142,0.0,0.0,0.02,0.15,0.0,carpet,12345,2458048236,0,0,5,0,0,0,-0.548676609992981,0.1957729756832122,-0.814443826675415,0.4798115789890289,-0.2858410477638244,-0.7312135100364685,0.7217903137207031,0.0171291343867778,0.0191109627485275,0.9808890223503112,0.0753949657082557,-1.0,-1.0,-1.0,-1.0,-1.0,-1.0,-1.0,1.0,0.0,0.0,0.0,1.0,0.0,0.0,0.0,1.0,0.0,0.0,0.0
20260319_165846_036208,5,131,2.8420584201812744,0.3684056997299194,-0.1656598056605216,-19.772243710144323,0.0,0.177211585451829,1.3761401176452637,0.0868038867895677,0.0,0.0,0.02,0.1456598056605216,0.0,carpet,12345,2458048236,0,0,5,0,0,0,0.7575367093086243,-0.6349572539329529,-0.1083339303731918,-0.8407502174377441,0.3513671159744262,-0.0412471704185009,-1.0,0.0332698822021484,0.0129277892410755,0.9870721697807312,0.1574112772941589,-1.0,-1.0,-1.0,-1.0,-1.0,-1.0,-1.0,1.0,0.0,0.0,0.0,1.0,0.0,0.0,0.0,1.0,0.0,0.0,0.0
20260319_165846_036208,5,132,2.8552520275115967,0.3662435114383697,-0.1615124232508809,-19.933756133395203,0.0,0.1869633963775925,0.2162188291549682,0.1697515349823817,0.0,0.0,0.02,0.1415124232508809,0.0,carpet,12345,2458048236,0,0,5,0,0,0,0.9850512742996216,0.1128032356500625,0.489483892917633,-0.5691936612129211,0.897859513759613,-0.1725679486989975,0.3693127632141113,-0.0063850404694676,0.023521963506937,0.9764779806137084,-0.0174870360642671,-1.0,-1.0,-1.0,-1.0,-1.0,-1.0,-1.0,1.0,0.0,0.0,0.0,1.0,0.0,0.0,0.0,1.0,0.0,0.0,0.0
20260319_165846_036208,5,133,2.872821092605591,0.3771018385887146,-0.1699999999999999,-20.103756133395205,0.0,-0.1312356314754055,-1.0858327150344849,-0.0297036095530813,0.0,0.0,0.02,0.15,0.0,carpet,12345,2458048236,0,0,5,0,0,0,-0.7282752990722656,-0.3902310729026794,0.5263028740882874,-0.0085064629092812,-0.9208204746246338,-0.0162842497229576,0.7568743228912354,0.0101070404052734,0.0251865033060312,0.9748134613037108,0.0519865155220031,-1.0,-1.0,-1.0,-1.0,-1.0,-1.0,-1.0,1.0,0.0,0.0,0.0,1.0,0.0,0.0,0.0,1.0,0.0,0.0,0.0
20260319_165846_036208,5,134,2.8360815048217773,0.3567714393138885,-0.1504255229386356,-20.25418165633384,0.0,0.4098332582640864,2.033039927482605,0.3914895412272869,0.0,0.0,0.02,0.1304255229386356,0.0,carpet,12345,2458048236,0,0,5,0,0,0,0.6891746520996094,0.4470693469047546,0.6779206991195679,0.8111681342124939,0.1697977185249328,-0.4422061145305633,-0.8573957681655884,0.0320682525634765,0.0168272703886032,0.9831727147102356,0.1687324196100235,-1.0,-1.0,-1.0,-1.0,-1.0,-1.0,-1.0,1.0,0.0,0.0,0.0,1.0,0.0,0.0,0.0,1.0,0.0,0.0,0.0
20260319_165846_036208,5,135,2.854381799697876,0.3562529981136322,-0.1329661338145041,-20.387147790148347,0.0,0.3203359737044735,0.0518441200256347,0.7406773237099173,0.0,0.0,0.02,0.1129661338145041,0.0,carpet,12345,2458048236,0,0,5,0,0,0,-0.9534783959388732,-1.0,0.392938494682312,-0.2034569084644317,-0.7011172771453857,-1.0,0.5155631899833679,-0.0138561250641942,0.0324785560369491,0.9675213694572448,-0.0254915431141853,-1.0,-1.0,-1.0,-1.0,-1.0,-1.0,-1.0,1.0,0.0,0.0,0.0,1.0,0.0,0.0,0.0,1.0,0.0,0.0,0.0
20260319_165846_036208,5,136,2.865156888961792,0.3595594763755798,-0.1139650696973878,-20.501112859845737,0.0,0.1575900237296679,-0.3306478261947632,1.120698606052244,0.0,0.0,0.02,0.0939650696973878,0.0,carpet,12345,2458048236,0,0,5,0,0,0,0.3907513320446014,0.2268416583538055,0.9065110087394714,-0.2074279636144638,0.8464212417602539,-0.4673519730567932,0.3574411273002624,0.0090190889313817,0.0328776575624942,0.9671223163604736,0.0561826564371585,-1.0,-1.0,-1.0,-1.0,-1.0,-1.0,-1.0,1.0,0.0,0.0,0.0,1.0,0.0,0.0,0.0,1.0,0.0,0.0,0.0
20260319_165846_036208,5,137,2.836955070495605,0.3517365157604217,-0.1071373223111689,-20.608250182156905,0.0,0.3137665331762065,0.7822960615158081,1.2572535537766214,0.0,0.0,0.02,0.0871373223111689,0.0,carpet,12345,2458048236,0,0,5,0,0,0,-0.592199444770813,0.4067814350128174,-0.5987856984138489,0.0271986536681652,0.2696238160133362,0.590366780757904,-0.6885696649551392,0.0224880222231149,0.0303321871906518,0.9696677923202516,0.1087822467088699,-1.0,-1.0,-1.0,-1.0,-1.0,-1.0,-1.0,1.0,0.0,0.0,0.0,1.0,0.0,0.0,0.0,1.0,0.0,0.0,0.0
20260319_165846_036208,5,138,2.863165616989136,0.355996698141098,-0.1100444751117859,-20.71829465726869,0.0,0.1288203403652517,-0.4260182380676269,1.1991104977642806,0.0,0.0,0.02,0.0900444751117859,0.0,carpet,12345,2458048236,0,0,5,0,0,0,-0.0071213436312973,-0.5682798027992249,-0.6717612743377686,0.735984206199646,-0.0616659224033355,-0.7940376400947571,0.8386816382408142,-0.0127643588930368,0.036354660987854,0.963645339012146,-0.0359079279005527,-1.0,-1.0,-1.0,-1.0,-1.0,-1.0,-1.0,1.0,0.0,0.0,0.0,1.0,0.0,0.0,0.0,1.0,0.0,0.0,0.0
20260319_165846_036208,5,139,2.869590759277344,0.3680557906627655,-0.1137257964264041,-20.83202045369509,0.0,-0.2048620577677695,-1.205909252166748,1.1254840714719163,0.0,0.0,0.02,0.0937257964264041,0.0,carpet,12345,2458048236,0,0,5,0,0,0,0.8953330516815186,0.903109848499298,-0.6297921538352966,0.770106852054596,0.4730717837810516,-0.0108977137133479,0.7320705652236938,0.0199989322572946,0.0330749787390232,0.9669249653816224,0.0979952588677406,-1.0,-1.0,-1.0,-1.0,-1.0,-1.0,-1.0,1.0,0.0,0.0,0.0,1.0,0.0,0.0,0.0,1.0,0.0,0.0,0.0
20260319_165846_036208,5,140,2.8246567249298096,0.3523926436901092,-0.1223208527900784,-20.954341306485173,0.0,0.2379321309906004,1.566314697265625,0.9535829441984304,0.0,0.0,0.02,0.1023208527900784,0.0,carpet,12345,2458048236,0,0,5,0,0,0,-0.8497019410133362,0.6754008531570435,-0.2148702293634414,-0.2434626370668411,-0.9072665572166444,1.0,-1.0,0.0280303955078125,0.0237913206219673,0.9762086272239684,0.139147087931633,-1.0,-1.0,-1.0,-1.0,-1.0,-1.0,-1.0,1.0,0.0,0.0,0.0,1.0,0.0,0.0,0.0,1.0,0.0,0.0,0.0
20260319_165846_036208,5,141,2.821394920349121,0.3538598716259002,-0.1312492314828941,-21.085590537968063,0.0,0.1417683998481607,-0.1467227935791015,0.7750153703421176,0.0,0.0,0.02,0.1112492314828941,0.0,carpet,12345,2458048236,0,0,5,0,0,0,0.4036020636558532,-0.4262056052684784,-0.437389463186264,0.7951965928077698,-0.4541307091712951,-0.8359663486480713,-0.2237494438886642,-0.02813720703125,0.0358495414257049,0.9641504287719728,-0.07005625218153,-1.0,-1.0,-1.0,-1.0,-1.0,-1.0,-1.0,1.0,0.0,0.0,0.0,1.0,0.0,0.0,0.0,1.0,0.0,0.0,0.0
20260319_165846_036208,5,142,2.8316352367401123,0.3496444821357727,-0.1285431808124113,-21.21413371878048,0.0,0.2117110371393238,0.4215389490127563,0.8291363837517736,0.0,0.0,0.02,0.1085431808124113,0.0,carpet,12345,2458048236,0,0,5,0,0,0,0.4821546375751495,0.7558304667472839,-0.6136614084243774,0.5552281737327576,-0.4686859250068664,-0.9415226578712464,-0.0982801541686058,-0.0322143547236919,0.0347200185060501,0.9652799367904664,-0.071865938603878,-1.0,-1.0,-1.0,-1.0,-1.0,-1.0,-1.0,1.0,0.0,0.0,0.0,1.0,0.0,0.0,0.0,1.0,0.0,0.0,0.0
20260319_165846_036208,5,143,2.8719348907470703,0.364223837852478,-0.1545165382243792,-21.36865025700485,0.0,-0.2057006150631508,-1.4579355716705322,0.3096692355124162,0.0,0.0,0.02,0.1345165382243792,0.0,carpet,12345,2458048236,0,0,5,0,0,0,-0.0866847932338714,0.9428850412368774,-0.1819334030151367,-0.3757132887840271,0.9266493320465088,0.4641857445240021,1.0,-0.0194141380488872,0.0379652231931686,0.9620347619056702,-0.0263661984354257,-1.0,-1.0,-1.0,-1.0,-1.0,-1.0,-1.0,1.0,0.0,0.0,0.0,1.0,0.0,0.0,0.0,1.0,0.0,0.0,0.0
20260319_165846_036208,5,144,2.81934666633606,0.3540405035018921,-0.1559421603692773,-21.524592417374134,0.0,0.1003078974672888,1.0183334350585938,0.2811567926144533,0.0,0.0,0.02,0.1359421603692773,0.0,carpet,12345,2458048236,0,0,5,0,0,0,-0.4380157589912414,0.3731882274150848,0.9689306616783142,-0.3764067888259887,0.9508198499679564,-0.6950826048851013,-0.8424432277679443,0.030960464850068,0.0267413556575775,0.9732586145401,0.1392842978239059,-1.0,-1.0,-1.0,-1.0,-1.0,-1.0,-1.0,1.0,0.0,0.0,0.0,1.0,0.0,0.0,0.0,1.0,0.0,0.0,0.0
20260319_165846_036208,5,145,2.803417205810547,0.3577534258365631,-0.1465786642442044,-21.67117108161834,0.0,-0.0175921352663124,-0.371292233467102,0.4684267151159105,0.0,0.0,0.02,0.1265786642442044,0.0,carpet,12345,2458048236,0,0,5,0,0,0,0.865283727645874,0.5330216288566589,0.5060706734657288,0.6769832372665405,-0.0443054139614105,0.699041485786438,-0.6839274168014526,-0.0347747802734375,0.0345809645950794,0.965419054031372,-0.0608949325978755,-1.0,-1.0,-1.0,-1.0,-1.0,-1.0,-1.0,1.0,0.0,0.0,0.0,1.0,0.0,0.0,0.0,1.0,0.0,0.0,0.0
20260319_165846_036208,5,146,2.8032591342926025,0.358684092760086,-0.1602983095206245,-21.831469391138963,0.0,-0.0364607745378009,-0.0930666923522949,0.1940338095875091,0.0,0.0,0.02,0.1402983095206245,0.0,carpet,12345,2458048236,0,0,5,0,0,0,0.2465894371271133,0.7071303129196167,-0.0537669882178306,0.8333263993263245,0.6448824405670166,-0.5655831694602966,-0.6313530802726746,-0.0546863563358783,0.0317225828766822,0.968277394771576,-0.1317645907402038,-1.0,-1.0,-1.0,-1.0,-1.0,-1.0,-1.0,1.0,0.0,0.0,0.0,1.0,0.0,0.0,0.0,1.0,0.0,0.0,0.0
20260319_165846_036208,5,147,2.804594039916992,0.3570207357406616,-0.1666748122839199,-21.99814420342288,0.0,0.0142383445822531,0.1663357019424438,0.0665037543216016,0.0,0.0,0.02,0.1466748122839199,0.0,carpet,12345,2458048236,0,0,5,0,0,0,0.5814854502677917,-0.9718233346939088,-1.0,-0.9503971934318542,0.2885697782039642,-0.7784068584442139,-0.4664499759674072,-0.0548839569091796,0.0310061089694499,0.968993842601776,-0.1309742480516433,-1.0,-1.0,-1.0,-1.0,-1.0,-1.0,-1.0,1.0,0.0,0.0,0.0,1.0,0.0,0.0,0.0,1.0,0.0,0.0,0.0
20260319_165846_036208,5,148,2.8344714641571045,0.3453807830810547,-0.1621764853945425,-22.160320688817425,0.0,0.3016775749268703,1.1639952659606934,0.1564702921091481,0.0,0.0,0.02,0.1421764853945425,0.0,carpet,12345,2458048236,0,0,5,0,0,0,0.3583942651748657,0.3271788656711578,-1.0,0.5187817811965942,0.694699764251709,-0.8137351274490356,0.3885363340377807,-0.0532154068350791,0.0322866402566432,0.9677133560180664,-0.1248071789741516,-1.0,-1.0,-1.0,-1.0,-1.0,-1.0,-1.0,1.0,0.0,0.0,0.0,1.0,0.0,0.0,0.0,1.0,0.0,0.0,0.0
20260319_165846_036208,5,149,2.8212637901306152,0.3470951020717621,-0.1427214443200118,-22.30304213313744,0.0,0.1834002064274642,-0.1714318990707397,0.5455711135997632,0.0,0.0,0.02,0.1227214443200118,0.0,carpet,12345,2458048236,0,0,5,0,0,0,-0.5333412885665894,-0.4466179311275482,-0.6243830323219299,-0.3223163783550262,0.4746670722961426,-0.1822066605091095,-0.5586516857147217,-0.0158687587827444,0.0412476100027561,0.9587523341178894,0.0066400151699781,-1.0,-1.0,-1.0,-1.0,-1.0,-1.0,-1.0,1.0,0.0,0.0,0.0,1.0,0.0,0.0,0.0,1.0,0.0,0.0,0.0
20260319_165846_036208,5,150,2.8150765895843506,0.3473758995532989,-0.1412103283042672,-22.444252461441707,0.0,0.1305302177821801,-0.0280797481536865,0.5757934339146544,0.0,0.0,0.02,0.1212103283042672,0.0,carpet,12345,2458048236,0,0,5,0,0,0,-0.7410458922386169,0.7602104544639587,0.5817590355873108,-0.4082705378532409,-0.565721869468689,0.1709210276603698,-0.4893449246883392,-0.0323783867061138,0.0399278439581394,0.960072100162506,-0.0592569522559642,-1.0,-1.0,-1.0,-1.0,-1.0,-1.0,-1.0,1.0,0.0,0.0,0.0,1.0,0.0,0.0,0.0,1.0,0.0,0.0,0.0
20260319_165846_036208,5,151,2.837233781814575,0.3459979295730591,-0.1337133758988206,-22.57796583734053,0.0,0.1323469128426211,0.1377969980239868,0.725732482023588,0.0,0.0,0.02,0.1137133758988206,0.0,carpet,12345,2458048236,0,0,5,0,0,0,0.651096522808075,1.0,0.2979575097560882,0.7795482277870178,-0.3954791724681854,-0.2693909704685211,0.3729928433895111,-0.040112305432558,0.0397116690874099,0.9602883458137512,-0.0940427407622337,-1.0,-1.0,-1.0,-1.0,-1.0,-1.0,-1.0,1.0,0.0,0.0,0.0,1.0,0.0,0.0,0.0,1.0,0.0,0.0,0.0
20260319_165846_036208,5,152,2.8424251079559326,0.3486975133419037,-0.1303018076513869,-22.70826764499192,0.0,0.031770590410872,-0.2699583768844604,0.793963846972261,0.0,0.0,0.02,0.1103018076513869,0.0,carpet,12345,2458048236,0,0,5,0,0,0,0.2854630649089813,-0.3627938032150268,-0.4334666430950165,0.6442843079566956,-0.4254856407642364,0.1955671608448028,0.210341215133667,-0.0124156950041651,0.0407725051045417,0.959227442741394,0.0196400452405214,-1.0,-1.0,-1.0,-1.0,-1.0,-1.0,-1.0,1.0,0.0,0.0,0.0,1.0,0.0,0.0,0.0,1.0,0.0,0.0,0.0
20260319_165846_036208,5,153,2.836592197418213,0.3395735621452331,-0.1184173887442544,-22.82668503373617,0.0,0.2519267227249031,0.9123951196670532,1.031652225114911,0.0,0.0,0.02,0.0984173887442544,0.0,carpet,12345,2458048236,0,0,5,0,0,0,-0.2846406996250152,0.228114441037178,-1.0,-0.9952262043952942,-0.1188661679625511,0.2938025593757629,-0.1971906572580337,-0.0059265135787427,0.0386942401528358,0.9613057374954224,0.0452686734497547,-1.0,-1.0,-1.0,-1.0,-1.0,-1.0,-1.0,1.0,0.0,0.0,0.0,1.0,0.0,0.0,0.0,1.0,0.0,0.0,0.0
20260319_165846_036208,5,154,2.850944995880127,0.348357230424881,-0.1350336007379742,-22.961718634474146,0.0,-0.0306466649475254,-0.8783668279647827,0.6993279852405152,0.0,0.0,0.02,0.1150336007379742,0.0,carpet,12345,2458048236,0,0,5,0,0,0,-0.8182530403137207,1.0,0.2647689878940582,-0.1437066197395324,-0.6129315495491028,0.757781982421875,0.5962251424789429,-0.0132179260253906,0.0457182861864566,0.9542816281318665,0.0030843024142086,-1.0,-1.0,-1.0,-1.0,-1.0,-1.0,-1.0,1.0,0.0,0.0,0.0,1.0,0.0,0.0,0.0,1.0,0.0,0.0,0.0
20260319_165846_036208,5,155,2.822803974151612,0.3491179943084717,-0.1463038158493678,-23.10802245032352,0.0,-0.0420040958004079,-0.0760763883590698,0.473923683012643,0.0,0.0,0.02,0.1263038158493678,0.0,carpet,12345,2458048236,0,0,5,0,0,0,-0.7026616334915161,-0.4762727618217468,0.6109089255332947,0.9710044264793396,-0.6519199013710022,-0.9176766276359558,-0.7473635673522949,0.0047233579680323,0.038956195116043,0.9610437750816344,0.0862457528710365,-1.0,-1.0,-1.0,-1.0,-1.0,-1.0,-1.0,1.0,0.0,0.0,0.0,1.0,0.0,0.0,0.0,1.0,0.0,0.0,0.0
20260319_165846_036208,5,156,2.8417465686798096,0.351784348487854,-0.1577384230552195,-23.26576087337873,0.0,-0.0981619263348534,-0.2666354179382324,0.2452315388956094,0.0,0.0,0.02,0.1377384230552195,0.0,carpet,12345,2458048236,0,0,5,0,0,0,-0.9141812324523926,-0.8277907371520996,0.7208351492881775,-0.0743496790528297,-0.9279015064239502,0.9377108812332152,0.4403654932975769,-0.0304531101137399,0.0383705236017704,0.9616294503211976,-0.0377811528742313,-1.0,-1.0,-1.0,-1.0,-1.0,-1.0,-1.0,1.0,0.0,0.0,0.0,1.0,0.0,0.0,0.0,1.0,0.0,0.0,0.0
20260319_165846_036208,5,157,2.8272576332092285,0.3514769971370697,-0.1676526517464279,-23.433413525125165,0.0,-0.0659376609815467,0.0307351350784301,0.0469469650714415,0.0,0.0,0.02,0.1476526517464279,0.0,carpet,12345,2458048236,0,0,5,0,0,0,0.6838461756706238,0.8142603635787964,-0.2385700941085815,-0.8648238778114319,-0.1248915791511535,0.5337979793548584,-0.700310230255127,-0.00677490234375,0.0363178327679634,0.9636821150779724,0.0505532436072826,-1.0,-1.0,-1.0,-1.0,-1.0,-1.0,-1.0,1.0,0.0,0.0,0.0,1.0,0.0,0.0,0.0,1.0,0.0,0.0,0.0
20260319_165846_036208,5,158,2.833768606185913,0.3486260771751404,-0.1681501936013671,-23.60156371872653,0.0,0.0218197533120871,0.2850919961929321,0.0369961279726567,0.0,0.0,0.02,0.1481501936013671,0.0,carpet,12345,2458048236,0,0,5,0,0,0,-0.4071530699729919,0.1613139659166336,0.5263978242874146,0.2187896817922592,-0.0760278850793838,1.0,0.0288412794470787,-0.0248859412968158,0.0365544483065605,0.9634455442428588,-0.0219601336866617,-1.0,-1.0,-1.0,-1.0,-1.0,-1.0,-1.0,1.0,0.0,0.0,0.0,1.0,0.0,0.0,0.0,1.0,0.0,0.0,0.0
20260319_165846_036208,5,159,2.845921039581299,0.3504560589790344,-0.1699999999999999,-23.771563718726533,0.0,-0.0293847301132927,-0.1829981803894043,-0.2443153248655392,0.0,0.0,0.02,0.15,0.0,carpet,12345,2458048236,0,0,5,0,0,0,-0.1176403015851974,0.2764927744865417,0.3701300919055938,-0.8931991457939148,0.6950857639312744,-0.0886755436658859,0.3522239625453949,-0.0167472846806049,0.0387492440640926,0.9612507820129396,0.0088723618537187,-1.0,-1.0,-1.0,-1.0,-1.0,-1.0,-1.0,1.0,0.0,0.0,0.0,1.0,0.0,0.0,0.0,1.0,0.0,0.0,0.0
20260319_165846_036208,5,160,2.8485569953918457,0.3484396934509277,-0.1699999999999999,-23.94156371872653,0.0,0.0283705906176976,0.2016365528106689,-0.1852980693003161,0.0,0.0,0.02,0.15,0.0,carpet,12345,2458048236,0,0,5,0,0,0,0.6146703362464905,0.5853403210639954,0.9757928848266602,0.973529577255249,0.104829765856266,0.5887126326560974,0.2679409980773926,-0.0015567779773846,0.0373404324054718,0.9626595377922058,0.0729917362332344,-1.0,-1.0,-1.0,-1.0,-1.0,-1.0,-1.0,1.0,0.0,0.0,0.0,1.0,0.0,0.0,0.0,1.0,0.0,0.0,0.0
20260319_165846_036208,5,161,2.8196592330932617,0.3428681790828705,-0.1691364085667605,-24.11070012729329,0.0,0.1605658021646974,0.5571514368057251,0.0172718286647892,0.0,0.0,0.02,0.1491364085667605,0.0,carpet,12345,2458048236,0,0,5,0,0,0,0.2288038432598114,-0.6755284070968628,-0.2534769475460052,-0.5013988018035889,0.8971853852272034,-0.6580430269241333,-0.7521221041679382,0.0017383575905114,0.0388927012681961,0.9611072540283204,0.0908597186207771,-1.0,-1.0,-1.0,-1.0,-1.0,-1.0,-1.0,1.0,0.0,0.0,0.0,1.0,0.0,0.0,0.0,1.0,0.0,0.0,0.0
20260319_165846_036208,5,162,2.818788766860962,0.3399247229099273,-0.1545277744526626,-24.26522790174596,0.0,0.1940107559471044,0.2943456172943115,0.3094445109467472,0.0,0.0,0.02,0.1345277744526626,0.0,carpet,12345,2458048236,0,0,5,0,0,0,-0.4630648791790008,-0.4082593917846679,0.8682665824890137,0.6688811779022217,-0.262405663728714,-0.0507763735949993,-0.1743698120117187,-0.0343841537833213,0.0431819185614585,0.9568180441856384,-0.0650706961750984,-1.0,-1.0,-1.0,-1.0,-1.0,-1.0,-1.0,1.0,0.0,0.0,0.0,1.0,0.0,0.0,0.0,1.0,0.0,0.0,0.0
20260319_165846_036208,5,163,2.839450597763061,0.3443866372108459,-0.1495328809317169,-24.414760782677675,0.0,0.0339602094373674,-0.4461914300918579,0.4093423813656613,0.0,0.0,0.02,0.1295328809317169,0.0,carpet,12345,2458048236,0,0,5,0,0,0,0.5399014949798584,-0.9068107604980468,-0.0762175098061561,0.5438472628593445,0.6447553038597107,-0.1725432872772216,0.5606057643890381,-0.0354721061885356,0.0454479306936264,0.9545520544052124,-0.0599319003522396,-1.0,-1.0,-1.0,-1.0,-1.0,-1.0,-1.0,1.0,0.0,0.0,0.0,1.0,0.0,0.0,0.0,1.0,0.0,0.0,0.0
20260319_165846_036208,5,164,2.82887601852417,0.3391338586807251,-0.1427843875807693,-24.557545170258443,0.0,0.1567896203310397,0.525277853012085,0.5443122483846139,0.0,0.0,0.02,0.1227843875807693,0.0,carpet,12345,2458048236,0,0,5,0,0,0,0.7603287696838379,0.212164968252182,0.8410389423370361,-0.2025431841611862,-0.1752726435661316,-0.6403362154960632,-0.3102706670761108,-0.0096446992829442,0.0420129522681236,0.9579870104789734,0.0483798831701278,-1.0,-1.0,-1.0,-1.0,-1.0,-1.0,-1.0,1.0,0.0,0.0,0.0,1.0,0.0,0.0,0.0,1.0,0.0,0.0,0.0
20260319_165846_036208,5,165,2.8351991176605225,0.3382316827774048,-0.1343078204335395,-24.691852990691984,0.0,0.1401466128313018,0.0902175903320312,0.7138435913292085,0.0,0.0,0.02,0.1143078204335395,0.0,carpet,12345,2458048236,0,0,5,0,0,0,1.0,0.5609892010688782,0.7544118165969849,-0.6250530481338501,-0.4573341906070709,0.8827868103981018,0.3164920508861542,-0.0228630062192678,0.0460567735135555,0.9539432525634766,-0.0076327114365994,-1.0,-1.0,-1.0,-1.0,-1.0,-1.0,-1.0,1.0,0.0,0.0,0.0,1.0,0.0,0.0,0.0,1.0,0.0,0.0,0.0
20260319_165846_036208,5,166,2.837078809738159,0.340791642665863,-0.1336708018438241,-24.825523792535808,0.0,0.0411109624120058,-0.2559959888458252,0.7265839631235167,0.0,0.0,0.02,0.1136708018438241,0.0,carpet,12345,2458048236,0,0,5,0,0,0,0.663892924785614,0.7509024143218994,0.2001633197069168,-0.4980620145797729,0.4760531187057495,0.5370274186134338,0.0828646868467331,-0.0149593353271484,0.0467513091862201,0.9532486200332642,0.0225970800966024,-1.0,-1.0,-1.0,-1.0,-1.0,-1.0,-1.0,1.0,0.0,0.0,0.0,1.0,0.0,0.0,0.0,1.0,0.0,0.0,0.0
20260319_165846_036208,5,167,2.841266632080078,0.3436006009578705,-0.1436686287266174,-24.969192421262427,0.0,-0.0393907354911675,-0.2808958292007446,0.5266274254676517,0.0,0.0,0.02,0.1236686287266174,0.0,carpet,12345,2458048236,0,0,5,0,0,0,0.1951411217451095,-0.836266040802002,1.0,1.0,0.0197591166943311,-0.125767782330513,0.4667041897773742,-0.0126094818115234,0.0447805561125278,0.9552193880081176,0.0314811691641807,-1.0,-1.0,-1.0,-1.0,-1.0,-1.0,-1.0,1.0,0.0,0.0,0.0,1.0,0.0,0.0,0.0,1.0,0.0,0.0,0.0
20260319_165846_036208,5,168,2.8112213611602783,0.3464323580265045,-0.1583860154406846,-25.12757843670311,0.0,-0.1003369783342407,-0.2831757068634033,0.2322796911863065,0.0,0.0,0.02,0.1383860154406846,0.0,carpet,12345,2458048236,0,0,5,0,0,0,-0.4283528923988342,0.0980507880449295,-0.5514224767684937,0.6484123468399048,0.937562108039856,0.4736987948417663,-0.94466233253479,-0.0073749544098973,0.0426180660724639,0.9573819041252136,0.0602969378232955,-1.0,-1.0,-1.0,-1.0,-1.0,-1.0,-1.0,1.0,0.0,0.0,0.0,1.0,0.0,0.0,0.0,1.0,0.0,0.0,0.0
20260319_165846_036208,5,169,2.813063621520996,0.3465785682201385,-0.1640294253421285,-25.29160786204524,0.0,-0.07890798859151,-0.0146210193634033,0.119411493157429,0.0,0.0,0.02,0.1440294253421285,0.0,carpet,12345,2458048236,0,0,5,0,0,0,0.648352324962616,-0.5688895583152771,-0.1738286167383194,0.0798312798142433,0.1172158271074295,-0.1952855288982391,-0.0824112221598625,-0.044931411743164,0.0404380708932876,0.9595618844032288,-0.097398392856121,-1.0,-1.0,-1.0,-1.0,-1.0,-1.0,-1.0,1.0,0.0,0.0,0.0,1.0,0.0,0.0,0.0,1.0,0.0,0.0,0.0
20260319_165846_036208,5,170,2.8059725761413574,0.350436270236969,-0.1699999999999999,-25.46160786204524,0.0,-0.1556235418644149,-0.3857702016830444,-0.1930016690380256,0.0,0.0,0.02,0.15,0.0,carpet,12345,2458048236,0,0,5,0,0,0,-0.1705628633499145,0.5148075222969055,0.5493366718292236,0.66051185131073,0.0249681565910577,0.7767098546028137,-0.7931175827980042,-0.0426284782588481,0.040325503796339,0.9596744179725648,-0.0872618108987808,-1.0,-1.0,-1.0,-1.0,-1.0,-1.0,-1.0,1.0,0.0,0.0,0.0,1.0,0.0,0.0,0.0,1.0,0.0,0.0,0.0
20260319_165846_036208,5,171,2.8429644107818604,0.3499570786952972,-0.1699999999999999,-25.631607862045243,0.0,-0.1047378678565138,0.0479191541671752,-0.4378861497258413,0.0,0.0,0.02,0.15,0.0,carpet,12345,2458048236,0,0,5,0,0,0,0.0030068361666053,0.7796661853790283,-0.9165359735488892,0.9511874914169312,0.6832119226455688,-1.0,0.7837592363357544,-0.0514923110604286,0.0373556464910507,0.9626442790031432,-0.1219409182667732,-1.0,-1.0,-1.0,-1.0,-1.0,-1.0,-1.0,1.0,0.0,0.0,0.0,1.0,0.0,0.0,0.0,1.0,0.0,0.0,0.0
20260319_165846_036208,5,172,2.844344139099121,0.3544748425483703,-0.1699999999999999,-25.801607862045245,0.0,-0.1914974972192169,-0.451776385307312,-0.6704946093570641,0.0,0.0,0.02,0.15,0.0,carpet,12345,2458048236,0,0,5,0,0,0,0.8031866550445557,0.0274861846119165,-0.2943275570869446,-0.874857485294342,0.923566460609436,0.7900636196136475,0.1180167719721794,-0.0052524567581713,0.0377245582640171,0.9622754454612732,0.0434203073382377,-1.0,-1.0,-1.0,-1.0,-1.0,-1.0,-1.0,1.0,0.0,0.0,0.0,1.0,0.0,0.0,0.0,1.0,0.0,0.0,0.0
20260319_165846_036208,5,173,2.847972869873047,0.355939120054245,-0.1699999999999999,-25.971607862045246,0.0,-0.1802300605612572,-0.1464277505874633,-0.8113339344271537,0.0,0.0,0.02,0.15,0.0,carpet,12345,2458048236,0,0,5,0,0,0,0.5315038561820984,0.2034137994050979,-0.1182490512728691,0.0322715044021606,0.5578081011772156,-0.3697394728660583,0.6036686301231384,-0.0035278319846838,0.0342465862631797,0.9657533764839172,0.0457352884113788,-1.0,-1.0,-1.0,-1.0,-1.0,-1.0,-1.0,1.0,0.0,0.0,0.0,1.0,0.0,0.0,0.0,1.0,0.0,0.0,0.0
20260319_165846_036208,5,174,2.8207244873046875,0.3365867733955383,-0.1699999999999999,-26.141607862045248,0.0,0.3486361210466953,1.9352346658706665,-0.3623608350462177,0.0,0.0,0.02,0.15,0.0,carpet,12345,2458048236,0,0,5,0,0,0,-0.9421695470809937,-0.4413638710975647,-0.8186782002449036,-0.0437026135623455,-0.9454858899116516,0.8677274584770203,-0.5562361478805542,0.0010082244407385,0.0331193208694458,0.9668806195259094,0.0720133334398269,-1.0,-1.0,-1.0,-1.0,-1.0,-1.0,-1.0,1.0,0.0,0.0,0.0,1.0,0.0,0.0,0.0,1.0,0.0,0.0,0.0
20260319_165846_036208,6,0,2.8692662715911865,0.3119140565395355,-0.02,-0.02,0.0,-0.0036105513572692,-0.0144422054290771,0.0,0.0,0.0,0.02,0.0,0.0,carpet,12345,2458048367,0,0,6,0,0,0,-0.9040303826332092,0.6763585209846497,0.1551103293895721,-0.5600797533988953,0.3614704608917236,0.6269744634628296,-0.0959813520312309,0.0,-0.0,1.0,0.0,-1.0,-1.0,-1.0,-1.0,-1.0,-1.0,-1.0,1.0,0.0,0.0,0.0,1.0,0.0,0.0,0.0,1.0,0.0,0.0,0.0
20260319_165846_036208,6,1,2.860830068588257,0.3142788410186767,-0.02,-0.04,0.0,-0.0618275254964828,-0.2364784479141235,0.0,0.0,0.0,0.02,0.0,0.0,carpet,12345,2458048367,0,0,6,0,0,0,-0.4349686801433563,0.7863134741783142,-0.9314642548561096,-0.6629606485366821,0.557979166507721,0.7993870377540588,-0.2827785909175873,-0.0019554137252271,-0.0001191847331938,1.0,-0.0099153295159339,-1.0,-1.0,-1.0,-1.0,-1.0,-1.0,-1.0,1.0,0.0,0.0,0.0,1.0,0.0,0.0,0.0,1.0,0.0,0.0,0.0
20260319_165846_036208,6,2,2.850351333618164,0.316065639257431,-0.02,-0.06,0.0,-0.0910406000912189,-0.1786798238754272,0.0,0.0,0.0,0.02,0.0,0.0,carpet,12345,2458048367,0,0,6,0,0,0,0.775037407875061,-0.7161243557929993,-1.0,-0.5935040712356567,0.2009327560663223,0.5929738879203796,-0.6859748363494873,-0.0125007629394531,-0.0020706851501017,1.0,-0.0525352470576763,-1.0,-1.0,-1.0,-1.0,-1.0,-1.0,-1.0,1.0,0.0,0.0,0.0,1.0,0.0,0.0,0.0,1.0,0.0,0.0,0.0
20260319_165846_036208,6,3,2.845374345779419,0.3179415166378021,-0.02,-0.08,0.0,-0.1151773845776915,-0.1875877380371093,0.0,0.0,0.0,0.02,0.0,0.0,carpet,12345,2458048367,0,0,6,0,0,0,-0.4357346892356872,-0.2127958387136459,-0.9485010504722596,0.5081151127815247,-0.3882443010807037,0.9749168157577516,-0.7528448104858398,-0.0255992896854877,-0.0035452262964099,1.0,-0.1052385568618774,-1.0,-1.0,-1.0,-1.0,-1.0,-1.0,-1.0,1.0,0.0,0.0,0.0,1.0,0.0,0.0,0.0,1.0,0.0,0.0,0.0
20260319_165846_036208,6,4,2.873206377029419,0.3129640221595764,-0.02,-0.1,0.0,0.038054323522374,0.4977494478225708,0.0,0.0,0.0,0.02,0.0,0.0,carpet,12345,2458048367,0,0,6,0,0,0,-0.0648409575223922,0.4749975800514221,-0.1156825497746467,0.9455684423446656,0.1005743071436882,0.5832650661468506,0.540610671043396,-0.0318202972412109,-0.0050932741723954,1.0,-0.13236665725708,-1.0,-1.0,-1.0,-1.0,-1.0,-1.0,-1.0,1.0,0.0,0.0,0.0,1.0,0.0,0.0,0.0,1.0,0.0,0.0,0.0
20260319_165846_036208,6,5,2.8651418685913086,0.3089228272438049,-0.1699999999999999,-0.27,0.0,0.1295706155360676,0.4041194915771484,-0.1040311224642209,0.0,0.0,0.02,0.15,0.0,carpet,12345,2458048367,0,0,6,0,0,0,0.659099817276001,-0.6068987250328064,0.4466528296470642,-0.2585146725177765,-0.1042253375053405,0.1719582974910736,-0.4092884063720703,0.002969741821289,-0.0009856508113443,1.0,0.0041850744746625,-1.0,-1.0,-1.0,-1.0,-1.0,-1.0,-1.0,1.0,0.0,0.0,0.0,1.0,0.0,0.0,0.0,1.0,0.0,0.0,0.0
20260319_165846_036208,6,6,2.887147665023804,0.3235841393470764,-0.1699999999999999,-0.44,0.0,-0.2693548409297364,-1.4661312103271484,-0.369775412036688,0.0,0.0,0.02,0.15,0.0,carpet,12345,2458048367,0,0,6,0,0,0,-0.1248199492692947,0.529347836971283,0.400654524564743,-0.874755322933197,0.3852597773075104,-0.5645380616188049,0.9361986517906188,-0.0071109770797193,0.0023493024054914,0.997650682926178,-0.0424060150980949,-1.0,-1.0,-1.0,-1.0,-1.0,-1.0,-1.0,1.0,0.0,0.0,0.0,1.0,0.0,0.0,0.0,1.0,0.0,0.0,0.0
20260319_165846_036208,6,7,2.8870551586151123,0.323515921831131,-0.1699999999999999,-0.61,0.0,-0.2003106927986664,0.0068217515945434,-0.5082585793388716,0.0,0.0,0.02,0.15,0.0,carpet,12345,2458048367,0,0,6,0,0,0,-0.1179908588528633,-0.6494424343109131,-0.3396137654781341,0.8912761211395264,-0.7466142177581787,0.365049809217453,0.1620363891124725,0.0203960426151752,-0.0097497897222638,1.0,0.0792261958122253,-1.0,-1.0,-1.0,-1.0,-1.0,-1.0,-1.0,1.0,0.0,0.0,0.0,1.0,0.0,0.0,0.0,1.0,0.0,0.0,0.0
20260319_165846_036208,6,8,2.888802051544189,0.3216568231582641,-0.1699999999999999,-0.78,0.0,-0.1037555527773292,0.1859098672866821,-0.520973532024982,0.0,0.0,0.02,0.15,0.0,carpet,12345,2458048367,0,0,6,0,0,0,-0.2381168007850647,-0.3905764818191528,0.0856298580765724,0.1962093412876129,0.7245038747787476,0.4767594933509826,0.6486408710479736,0.0202804561704397,-0.0096935024484992,1.0,0.0711818858981132,-1.0,-1.0,-1.0,-1.0,-1.0,-1.0,-1.0,1.0,0.0,0.0,0.0,1.0,0.0,0.0,0.0,1.0,0.0,0.0,0.0
20260319_165846_036208,6,9,2.889453887939453,0.322722852230072,-0.1699999999999999,-0.95,0.0,-0.1044673913781935,-0.1066029071807861,-0.5102635388254839,0.0,0.0,0.02,0.15,0.0,carpet,12345,2458048367,0,0,6,0,0,0,-1.0,-0.3884746134281158,-0.1648102104663849,-1.0,-0.4060540497303009,-0.4385287761688232,0.3904614448547363,0.02246437035501,-0.0081593059003353,1.0,0.0807659029960632,-1.0,-1.0,-1.0,-1.0,-1.0,-1.0,-1.0,1.0,0.0,0.0,0.0,1.0,0.0,0.0,0.0,1.0,0.0,0.0,0.0
20260319_165846_036208,6,10,2.887977361679077,0.3205383121967315,-0.1699999999999999,-1.12,0.0,-0.0237370427001337,0.2184540033340454,-0.5720549050479917,0.0,0.0,0.02,0.15,0.0,carpet,12345,2458048367,0,0,6,0,0,0,-0.8407536149024963,-0.3225681185722351,0.7930637001991272,0.3905699849128723,-0.475359171628952,-0.289741575717926,0.3016602694988251,0.0232788082212209,-0.0090390257537364,1.0,0.0830833688378334,-1.0,-1.0,-1.0,-1.0,-1.0,-1.0,-1.0,1.0,0.0,0.0,0.0,1.0,0.0,0.0,0.0,1.0,0.0,0.0,0.0
20260319_165846_036208,6,11,2.8703134059906006,0.3091428279876709,-0.1699999999999999,-1.2899999999999998,0.0,0.2670843232014164,1.139548420906067,-0.4345411973826429,0.0,0.0,0.02,0.15,0.0,carpet,12345,2458048367,0,0,6,0,0,0,-0.4692589044570923,0.7994787096977234,0.7875272631645203,-0.6146281361579895,0.4750300645828247,0.8764550685882568,-0.4912121295928955,0.0214332584291696,-0.0072362697683274,1.0,0.0670927986502647,-1.0,-1.0,-1.0,-1.0,-1.0,-1.0,-1.0,1.0,0.0,0.0,0.0,1.0,0.0,0.0,0.0,1.0,0.0,0.0,0.0
20260319_165846_036208,6,12,2.8813371658325195,0.3128118216991424,-0.1699999999999999,-1.4599999999999995,0.0,0.1085883996142769,-0.3668993711471557,-0.0565979568386296,0.0,0.0,0.02,0.15,0.0,carpet,12345,2458048367,0,0,6,0,0,0,-0.7019377946853638,0.1394074261188507,-0.5959035158157349,-0.2190474867820739,-0.8384854197502136,-0.4060581624507904,0.4077298045158386,-0.0006465911865234,0.002167739206925,0.9978322386741638,-0.0451424196362495,-1.0,-1.0,-1.0,-1.0,-1.0,-1.0,-1.0,1.0,0.0,0.0,0.0,1.0,0.0,0.0,0.0,1.0,0.0,0.0,0.0
20260319_165846_036208,6,13,2.8911373615264893,0.3209234476089477,-0.1688818306037195,-1.6288818306037194,0.0,-0.1213493480344283,-0.8111625909805298,0.0223633879256084,0.0,0.0,0.02,0.1488818306037195,0.0,carpet,12345,2458048367,0,0,6,0,0,0,0.1575713008642196,0.2987551689147949,-0.7416771054267883,-0.1288473904132843,1.0,-1.0,0.6622834205627441,0.0131332399323582,-0.0008600440924055,1.0,0.0213719345629215,-1.0,-1.0,-1.0,-1.0,-1.0,-1.0,-1.0,1.0,0.0,0.0,0.0,1.0,0.0,0.0,0.0,1.0,0.0,0.0,0.0
20260319_165846_036208,6,14,2.894884824752808,0.3315135836601257,-0.1699999999999999,-1.798881830603719,0.0,-0.3557654123052742,-1.059013605117798,-0.2296464716023365,0.0,0.0,0.02,0.15,0.0,carpet,12345,2458048367,0,0,6,0,0,0,0.2806374728679657,-0.8711057901382446,0.4159530103206634,-1.0,-0.4399682283401489,0.8424591422080994,0.8595367074012756,0.0253833774477243,-0.0075540957041084,1.0,0.0865834951400756,-1.0,-1.0,-1.0,-1.0,-1.0,-1.0,-1.0,1.0,0.0,0.0,0.0,1.0,0.0,0.0,0.0,1.0,0.0,0.0,0.0
20260319_165846_036208,6,15,2.865533828735352,0.3052712976932525,-0.1567972995140633,-1.9556791301177827,0.0,0.3892330899428771,2.624228596687317,0.264054009718734,0.0,0.0,0.02,0.1367972995140633,0.0,carpet,12345,2458048367,0,0,6,0,0,0,0.5188236236572266,0.8289362192153931,-1.0,0.1065881177783012,0.261604905128479,-0.7036240100860596,-0.6969332695007324,0.0300678256899118,-0.0162934903055429,1.0,0.1212023645639419,-1.0,-1.0,-1.0,-1.0,-1.0,-1.0,-1.0,1.0,0.0,0.0,0.0,1.0,0.0,0.0,0.0,1.0,0.0,0.0,0.0
20260319_165846_036208,6,16,2.8596980571746826,0.3105421960353851,-0.1476028294338644,-2.103281959551647,0.0,0.1601523589038436,-0.5270898342132568,0.4479434113227114,0.0,0.0,0.02,0.1276028294338644,0.0,carpet,12345,2458048367,0,0,6,0,0,0,-0.3443432748317718,0.6965721249580383,0.2364039719104766,0.9049444794654846,-0.8011757731437683,-0.6507015824317932,-0.165236160159111,-0.0066211698576807,0.0053626834414899,0.9946373105049132,-0.0516309812664985,-1.0,-1.0,-1.0,-1.0,-1.0,-1.0,-1.0,1.0,0.0,0.0,0.0,1.0,0.0,0.0,0.0,1.0,0.0,0.0,0.0
20260319_165846_036208,6,17,2.861006498336792,0.3076584935188293,-0.151346703989346,-2.254628663540993,0.0,0.1922068320917844,0.2883702516555786,0.3730659202130795,0.0,0.0,0.02,0.131346703989346,0.0,carpet,12345,2458048367,0,0,6,0,0,0,0.0049179261550307,-0.5194116234779358,-0.824310839176178,0.8655484318733215,0.5113482475280762,0.980228304862976,-0.1705196946859359,-0.0139156337827444,0.0010129285510629,0.998987078666687,-0.0676519349217414,-1.0,-1.0,-1.0,-1.0,-1.0,-1.0,-1.0,1.0,0.0,0.0,0.0,1.0,0.0,0.0,0.0,1.0,0.0,0.0,0.0
20260319_165846_036208,6,18,2.8768181800842285,0.3150739073753357,-0.1588376350872519,-2.413466298628245,0.0,-0.0412302223438416,-0.7415413856506348,0.2232472982549609,0.0,0.0,0.02,0.1388376350872519,0.0,carpet,12345,2458048367,0,0,6,0,0,0,-0.7353987693786621,0.8463016152381897,-0.7123814821243286,0.8156243562698364,-0.6702369451522827,0.7850650548934937,0.6186362504959106,-0.0122802732512354,0.0033926723990589,0.9966073632240297,-0.0579243302345275,-1.0,-1.0,-1.0,-1.0,-1.0,-1.0,-1.0,1.0,0.0,0.0,0.0,1.0,0.0,0.0,0.0,1.0,0.0,0.0,0.0
20260319_165846_036208,6,19,2.874616861343384,0.3141965866088867,-0.1532196500653623,-2.566685948693608,0.0,-0.0089896475966355,0.0877320766448974,0.3356069986927537,0.0,0.0,0.02,0.1332196500653623,0.0,carpet,12345,2458048367,0,0,6,0,0,0,0.5595268607139587,0.6177084445953369,-0.2592214345932007,0.2933201491832733,-0.644715428352356,-0.5088911652565002,-0.0638572722673416,0.0074844360351562,-0.002726815175265,1.0,0.0301132518798112,-1.0,-1.0,-1.0,-1.0,-1.0,-1.0,-1.0,1.0,0.0,0.0,0.0,1.0,0.0,0.0,0.0,1.0,0.0,0.0,0.0
20260319_165846_036208,6,20,2.8824563026428223,0.3167001008987427,-0.1388978840972929,-2.7055838327909,0.0,-0.0693300929438862,-0.2503514289855957,0.6220423180541417,0.0,0.0,0.02,0.1188978840972929,0.0,carpet,12345,2458048367,0,0,6,0,0,0,0.435177594423294,-0.7344933748245239,-0.8355125188827515,0.7435545325279236,0.8413528800010681,0.5958765149116516,0.80716872215271,0.0047328947111964,-0.0020028133876621,1.0,0.0052072284743189,-1.0,-1.0,-1.0,-1.0,-1.0,-1.0,-1.0,1.0,0.0,0.0,0.0,1.0,0.0,0.0,0.0,1.0,0.0,0.0,0.0
20260319_165846_036208,6,21,2.8593459129333496,0.3031091094017029,-0.1439706777085324,-2.8495545104994324,0.0,0.2877772177180873,1.3590991497039795,0.5205864458293519,0.0,0.0,0.02,0.1239706777085324,0.0,carpet,12345,2458048367,0,0,6,0,0,0,0.4676640629768371,0.2535305619239807,0.4376446604728699,0.3494527637958526,-0.4166212081909179,0.0645703822374343,-0.4615633487701416,0.0145320892333984,-0.0040688081644475,1.0,0.0628252252936363,-1.0,-1.0,-1.0,-1.0,-1.0,-1.0,-1.0,1.0,0.0,0.0,0.0,1.0,0.0,0.0,0.0,1.0,0.0,0.0,0.0
20260319_165846_036208,6,22,2.835010528564453,0.313057005405426,-0.1536215199939502,-3.0031760304933828,0.0,-0.0328644868045131,-0.9947896003723145,0.3275696001209951,0.0,0.0,0.02,0.1336215199939502,0.0,carpet,12345,2458048367,0,0,6,0,0,0,-0.1640030145645141,0.4573462903499603,0.976958692073822,-0.3018651008605957,0.4657343029975891,0.5662323832511902,-1.0,-0.014355850405991,0.0071470071561634,0.9928529858589172,-0.0558782443404197,-1.0,-1.0,-1.0,-1.0,-1.0,-1.0,-1.0,1.0,0.0,0.0,0.0,1.0,0.0,0.0,0.0,1.0,0.0,0.0,0.0
20260319_165846_036208,6,23,2.8651602268218994,0.3045255243778229,-0.1537999285692049,-3.156975959062588,0.0,0.1886386605866903,0.8531481027603149,0.324001428615901,0.0,0.0,0.02,0.1337999285692049,0.0,carpet,12345,2458048367,0,0,6,0,0,0,-0.3981264233589172,-0.0971989184617996,0.1960133016109466,0.7010347843170166,0.9887330532073976,0.1683620363473892,0.5284525156021118,-0.0447753891348838,-0.0010623842244967,1.0,-0.1790251582860946,-1.0,-1.0,-1.0,-1.0,-1.0,-1.0,-1.0,1.0,0.0,0.0,0.0,1.0,0.0,0.0,0.0,1.0,0.0,0.0,0.0
20260319_165846_036208,6,24,2.856098175048828,0.307629644870758,-0.1485446182961813,-3.305520577358769,0.0,0.0638759831166311,-0.310412049293518,0.4291076340763737,0.0,0.0,0.02,0.1285446182961813,0.0,carpet,12345,2458048367,0,0,6,0,0,0,-0.8545751571655273,-0.1800590455532074,-0.5876052975654602,-0.0187374129891395,0.6978306174278259,1.0,-0.4650178849697113,-0.0070880888961255,0.0059781246818602,0.9940218925476074,-0.0372553281486034,-1.0,-1.0,-1.0,-1.0,-1.0,-1.0,-1.0,1.0,0.0,0.0,0.0,1.0,0.0,0.0,0.0,1.0,0.0,0.0,0.0
20260319_165846_036208,6,25,2.86164665222168,0.3082552850246429,-0.1464818367418314,-3.4520024141006003,0.0,0.0322659834903618,-0.0625640153884887,0.4703632651633711,0.0,0.0,0.02,0.1264818367418314,0.0,carpet,12345,2458048367,0,0,6,0,0,0,0.352190762758255,-0.8133223056793213,0.7857973575592041,-0.374475359916687,0.6675668358802795,0.1355092227458953,0.1820138096809387,-0.0184158328920602,0.0034164872486144,0.9965835213661194,-0.0806834399700164,-1.0,-1.0,-1.0,-1.0,-1.0,-1.0,-1.0,1.0,0.0,0.0,0.0,1.0,0.0,0.0,0.0,1.0,0.0,0.0,0.0
20260319_165846_036208,6,26,2.886558771133423,0.3225009739398956,-0.1596124688578147,-3.611614882958415,0.0,-0.3319427352635529,-1.4245688915252686,0.2077506228437045,0.0,0.0,0.02,0.1396124688578147,0.0,carpet,12345,2458048367,0,0,6,0,0,0,0.649739682674408,0.6904340386390686,-1.0,0.5892205238342285,-0.5259507298469543,-0.6267352104187012,1.0,-0.0114799495786428,0.0029001776129007,0.9970998167991638,-0.0546938888728618,-1.0,-1.0,-1.0,-1.0,-1.0,-1.0,-1.0,1.0,0.0,0.0,0.0,1.0,0.0,0.0,0.0,1.0,0.0,0.0,0.0
20260319_165846_036208,6,27,2.8880362510681152,0.3270941376686096,-0.1699999999999999,-3.781614882958415,0.0,-0.3637861446655108,-0.4593163728713989,-0.4438127395398936,0.0,0.0,0.02,0.15,0.0,carpet,12345,2458048367,0,0,6,0,0,0,0.2610355317592621,-0.6701410412788391,0.2317719459533691,-0.9259381294250488,0.8215988874435425,0.093439757823944,0.6785823106765747,0.01966018602252,-0.0088559351861476,1.0,0.0876698270440101,-1.0,-1.0,-1.0,-1.0,-1.0,-1.0,-1.0,1.0,0.0,0.0,0.0,1.0,0.0,0.0,0.0,1.0,0.0,0.0,0.0
20260319_165846_036208,6,28,2.8808066844940186,0.3122350573539734,-0.1699999999999999,-3.951614882958415,0.0,0.0986373993667797,1.485908031463623,-0.3123108533686007,0.0,0.0,0.02,0.15,0.0,carpet,12345,2458048367,0,0,6,0,0,0,0.2903720140457153,-0.1394106596708297,0.5614811182022095,-0.7540477514266968,-0.5497879981994629,-0.6903414130210876,0.1830489933490753,0.0215068813413381,-0.0126463938504457,1.0,0.1033893078565597,-1.0,-1.0,-1.0,-1.0,-1.0,-1.0,-1.0,1.0,0.0,0.0,0.0,1.0,0.0,0.0,0.0,1.0,0.0,0.0,0.0
20260319_165846_036208,6,29,2.8714890480041504,0.2937357127666473,-0.1682243924873529,-4.119839275445768,0.0,0.5364616642082325,1.849934458732605,0.0355121502529414,0.0,0.0,0.02,0.1482243924873529,0.0,carpet,12345,2458048367,0,0,6,0,0,0,-0.2535748481750488,-0.2763118147850036,-0.015571960248053,-0.228944718837738,-0.1071895360946655,-0.3588401675224304,-0.0571372024714946,0.0124698635190725,-0.0003840764111373,1.0,0.052946463227272,-1.0,-1.0,-1.0,-1.0,-1.0,-1.0,-1.0,1.0,0.0,0.0,0.0,1.0,0.0,0.0,0.0,1.0,0.0,0.0,0.0
20260319_165846_036208,6,30,2.8420426845550537,0.3024512529373169,-0.1621953044487132,-4.282034579894481,0.0,0.1844577438894248,-0.8715540170669556,0.1560939110257351,0.0,0.0,0.02,0.1421953044487132,0.0,carpet,12345,2458048367,0,0,6,0,0,0,-0.8244435787200928,-0.6212605237960815,-0.6599653959274292,0.0855001509189605,0.8939135074615479,0.0779438242316246,-0.9422346949577332,0.0008228301885537,0.0148823037743568,0.985117733478546,-0.0070346985012292,-1.0,-1.0,-1.0,-1.0,-1.0,-1.0,-1.0,1.0,0.0,0.0,0.0,1.0,0.0,0.0,0.0,1.0,0.0,0.0,0.0
20260319_165846_036208,6,31,2.841623544692993,0.3005428612232208,-0.1545059485847578,-4.436540528479239,0.0,0.1860531007694703,0.1908391714096069,0.3098810283048436,0.0,0.0,0.02,0.1345059485847578,0.0,carpet,12345,2458048367,0,0,6,0,0,0,0.076967678964138,0.1072395890951156,-0.1040237843990325,0.4031232595443725,0.788081169128418,-0.7521765828132629,-0.2587799727916717,-0.0359851829707622,0.0076899020932614,0.992310106754303,-0.1494987607002258,-1.0,-1.0,-1.0,-1.0,-1.0,-1.0,-1.0,1.0,0.0,0.0,0.0,1.0,0.0,0.0,0.0,1.0,0.0,0.0,0.0
20260319_165846_036208,6,32,2.875897169113159,0.3090702295303345,-0.1415910309266163,-4.578131559405855,0.0,-0.0736443821007242,-0.8527368307113647,0.5681793814676723,0.0,0.0,0.02,0.1215910309266163,0.0,carpet,12345,2458048367,0,0,6,0,0,0,0.5196335315704346,0.9788023829460144,-0.1156020984053611,0.418030172586441,0.9342347383499146,0.2821900546550751,0.7221953868865967,-0.0365089401602745,0.0092647708952426,0.9907352328300476,-0.1416281908750534,-1.0,-1.0,-1.0,-1.0,-1.0,-1.0,-1.0,1.0,0.0,0.0,0.0,1.0,0.0,0.0,0.0,1.0,0.0,0.0,0.0
20260319_165846_036208,6,33,2.879201889038086,0.3134602010250091,-0.1316508523904613,-4.709782411796316,0.0,-0.1649825739424102,-0.4389971494674682,0.766982952190773,0.0,0.0,0.02,0.1116508523904613,0.0,carpet,12345,2458048367,0,0,6,0,0,0,0.2414572387933731,-0.633633017539978,0.644077718257904,-0.8218470811843872,0.1628425866365432,-0.4493736326694488,0.343586653470993,0.0063331602141261,0.0022276621311903,0.9977723360061646,0.0164170283824205,-1.0,-1.0,-1.0,-1.0,-1.0,-1.0,-1.0,1.0,0.0,0.0,0.0,1.0,0.0,0.0,0.0,1.0,0.0,0.0,0.0
20260319_165846_036208,6,34,2.8843915462493896,0.314707487821579,-0.144328677377354,-4.85411108917367,0.0,-0.1549191003710746,-0.1247286796569824,0.5134264524529186,0.0,0.0,0.02,0.124328677377354,0.0,carpet,12345,2458048367,0,0,6,0,0,0,0.9293015003204346,-0.4143976271152496,-0.1620046645402908,0.1889752745628357,0.0570204630494117,-0.5804107785224915,0.839158833026886,0.0104640964418649,-0.0013951160944998,1.0,0.0366033725440502,-1.0,-1.0,-1.0,-1.0,-1.0,-1.0,-1.0,1.0,0.0,0.0,0.0,1.0,0.0,0.0,0.0,1.0,0.0,0.0,0.0
20260319_165846_036208,6,35,2.8731257915496826,0.3017762899398803,-0.1607972294995566,-5.014908318673227,0.0,0.2070906217641805,1.2931197881698608,0.1840554100088667,0.0,0.0,0.02,0.1407972294995566,0.0,carpet,12345,2458048367,0,0,6,0,0,0,-0.2692160308361053,0.3659973740577698,-0.5110672116279602,-0.220237985253334,0.3536125123500824,0.2021583169698715,0.0339482985436916,0.0169509891420602,-0.0024244303349405,1.0,0.0735187605023384,-1.0,-1.0,-1.0,-1.0,-1.0,-1.0,-1.0,1.0,0.0,0.0,0.0,1.0,0.0,0.0,0.0,1.0,0.0,0.0,0.0
20260319_165846_036208,6,36,2.855353593826294,0.2947246730327606,-0.1534396972439719,-5.168348015917198,0.0,0.3316083890011185,0.7051616907119751,0.3312060551205604,0.0,0.0,0.02,0.1334396972439719,0.0,carpet,12345,2458048367,0,0,6,0,0,0,-0.5615158081054688,0.7999641299247742,0.4705681502819061,0.5081503391265869,0.3961265981197357,0.2973570823669433,-0.4961317777633667,0.0028690337203443,0.0082469005137681,0.991753101348877,0.0118727544322609,-1.0,-1.0,-1.0,-1.0,-1.0,-1.0,-1.0,1.0,0.0,0.0,0.0,1.0,0.0,0.0,0.0,1.0,0.0,0.0,0.0
20260319_165846_036208,6,37,2.8471052646636963,0.2980127334594726,-0.154417113228293,-5.322765129145491,0.0,0.1665047810830486,-0.3288060426712036,0.3116577354341387,0.0,0.0,0.02,0.134417113228293,0.0,carpet,12345,2458048367,0,0,6,0,0,0,-0.1868550032377243,-0.5438384413719177,-0.4408445358276367,-0.6732153296470642,0.6162256002426147,-0.3097225427627563,-0.5946526527404785,-0.0193462371826171,0.0140661746263504,0.985933780670166,-0.0902825891971588,-1.0,-1.0,-1.0,-1.0,-1.0,-1.0,-1.0,1.0,0.0,0.0,0.0,1.0,0.0,0.0,0.0,1.0,0.0,0.0,0.0
20260319_165846_036208,6,38,2.87682843208313,0.300715684890747,-0.1478696541217357,-5.470634783267227,0.0,0.0573048000304226,-0.2702951431274414,0.4426069175652856,0.0,0.0,0.02,0.1278696541217357,0.0,carpet,12345,2458048367,0,0,6,0,0,0,-0.2347270101308822,0.38395556807518,-1.0,-0.0940850898623466,0.5424798130989075,0.439637154340744,0.7883872389793396,-0.0296566002070903,0.0113527392968535,0.9886472225189208,-0.1345059424638748,-1.0,-1.0,-1.0,-1.0,-1.0,-1.0,-1.0,1.0,0.0,0.0,0.0,1.0,0.0,0.0,0.0,1.0,0.0,0.0,0.0
20260319_165846_036208,6,39,2.8934929370880127,0.3253062069416046,-0.1682097479870468,-5.638844531254273,0.0,-0.5717844512486323,-2.4590522050857544,0.0358050402590635,0.0,0.0,0.02,0.1482097479870468,0.0,carpet,12345,2458048367,0,0,6,0,0,0,0.3793037831783294,0.0375113002955913,-0.9015771150588988,-0.4926644265651703,1.0,-0.1213394179940223,0.9864264726638794,0.0074970247223973,0.0091221649199724,0.9908778071403505,0.0185542702674865,-1.0,-1.0,-1.0,-1.0,-1.0,-1.0,-1.0,1.0,0.0,0.0,0.0,1.0,0.0,0.0,0.0,1.0,0.0,0.0,0.0
20260319_165846_036208,6,40,2.8678996562957764,0.3019494414329529,-0.1527097530045016,-5.791554284258774,0.0,0.1550807992798297,2.3356765508651733,0.3458049399099678,0.0,0.0,0.02,0.1327097530045016,0.0,carpet,12345,2458048367,0,0,6,0,0,0,-0.5945039987564087,0.0719700530171394,0.8472362756729126,0.3739717602729797,0.6768040060997009,0.7655876874923706,-0.2531956434249878,0.0283279418945312,-0.0111709088087081,1.0,0.1047326847910881,-1.0,-1.0,-1.0,-1.0,-1.0,-1.0,-1.0,1.0,0.0,0.0,0.0,1.0,0.0,0.0,0.0,1.0,0.0,0.0,0.0
20260319_165846_036208,6,41,2.8437705039978027,0.3023514151573181,-0.1577512212751739,-5.949305505533948,0.0,0.1062612563507343,-0.0401973724365234,0.2449755744965216,0.0,0.0,0.02,0.1377512212751739,0.0,carpet,12345,2458048367,0,0,6,0,0,0,0.3515684604644775,-0.5251349806785583,-0.0082880146801471,-0.1867315024137497,0.8810943961143494,-0.7665179967880249,-0.6294469237327576,-0.0036636353470385,0.0081040104851126,0.9918960332870485,-0.0266130492091178,-1.0,-1.0,-1.0,-1.0,-1.0,-1.0,-1.0,1.0,0.0,0.0,0.0,1.0,0.0,0.0,0.0,1.0,0.0,0.0,0.0
20260319_165846_036208,6,42,2.869128942489624,0.2934457957744598,-0.1592148193835041,-6.108520324917452,0.0,0.3023364268345148,0.8905619382858276,0.2157036123299178,0.0,0.0,0.02,0.1392148193835041,0.0,carpet,12345,2458048367,0,0,6,0,0,0,0.4162869155406952,0.5263866186141968,-0.8292106986045837,-0.0757224783301353,-0.3778864443302154,0.4634418785572052,0.6179195046424866,-0.0338253006339073,0.0077722864225506,0.9922276735305786,-0.1352716833353042,-1.0,-1.0,-1.0,-1.0,-1.0,-1.0,-1.0,1.0,0.0,0.0,0.0,1.0,0.0,0.0,0.0,1.0,0.0,0.0,0.0
20260319_165846_036208,6,43,2.881174087524414,0.3030982315540313,-0.1682679871558268,-6.276788312073278,0.0,-0.0145585743634057,-0.9652435779571532,0.0346402568834633,0.0,0.0,0.02,0.1482679871558268,0.0,carpet,12345,2458048367,0,0,6,0,0,0,-0.7189851999282837,-0.8696151971817017,0.2479911148548126,-1.0,0.0668909177184104,0.8739749193191528,0.7287123799324036,-0.0021270751021802,0.0151215549558401,0.9848784804344176,-0.0042525855824351,-1.0,-1.0,-1.0,-1.0,-1.0,-1.0,-1.0,1.0,0.0,0.0,0.0,1.0,0.0,0.0,0.0,1.0,0.0,0.0,0.0
20260319_165846_036208,6,44,2.881164312362671,0.3080444037914276,-0.1699999999999999,-6.446788312073278,0.0,-0.1345732367074674,-0.494617223739624,-0.1572377798544266,0.0,0.0,0.02,0.15,0.0,carpet,12345,2458048367,0,0,6,0,0,0,-0.9894685745239258,-0.8867117166519165,0.763508677482605,-0.8591427803039551,0.7034639716148376,-0.965258002281189,0.4377764463424682,0.0129291536286473,0.007155979052186,0.9928439855575562,0.0721155181527137,-1.0,-1.0,-1.0,-1.0,-1.0,-1.0,-1.0,1.0,0.0,0.0,0.0,1.0,0.0,0.0,0.0,1.0,0.0,0.0,0.0
20260319_165846_036208,6,45,2.851449012756348,0.2908630967140198,-0.1328425289600592,-6.579630841033337,0.0,0.3286027494046095,1.7181307077407837,0.7431494207988152,0.0,0.0,0.02,0.1128425289600592,0.0,carpet,12345,2458048367,0,0,6,0,0,0,-0.5170234441757202,-0.7577921152114868,-0.3872331380844116,-0.38862344622612,-0.197147935628891,0.8027133345603943,-0.6475659608840942,0.0129169467836618,0.0030742168892174,0.9969258308410645,0.0619356706738472,-1.0,-1.0,-1.0,-1.0,-1.0,-1.0,-1.0,1.0,0.0,0.0,0.0,1.0,0.0,0.0,0.0,1.0,0.0,0.0,0.0
20260319_165846_036208,6,46,2.8779726028442383,0.2980165779590606,-0.1372158173776793,-6.716846658411017,0.0,0.0676150309274277,-0.7153481245040894,0.6556836524464131,0.0,0.0,0.02,0.1172158173776793,0.0,carpet,12345,2458048367,0,0,6,0,0,0,0.0205030161887407,-0.6928154230117798,0.5489855408668518,-0.8724867701530457,0.3100650608539581,0.2286398410797119,0.7247710824012756,-0.0242271423339843,0.0172529034316539,0.9827471375465392,-0.0863770022988319,-1.0,-1.0,-1.0,-1.0,-1.0,-1.0,-1.0,1.0,0.0,0.0,0.0,1.0,0.0,0.0,0.0,1.0,0.0,0.0,0.0
20260319_165846_036208,6,47,2.864211320877075,0.2959985435009002,-0.1374707734627368,-6.854317431873754,0.0,0.1011621346495843,0.20180344581604,0.6505845307452631,0.0,0.0,0.02,0.1174707734627368,0.0,carpet,12345,2458048367,0,0,6,0,0,0,0.2351754158735275,-0.9201197624206544,-0.2260619401931762,-0.7108442783355713,0.8566724061965942,0.1422496140003204,-0.3408615887165069,0.0089275361970067,0.0113495597615838,0.9886504411697388,0.0359065011143684,-1.0,-1.0,-1.0,-1.0,-1.0,-1.0,-1.0,1.0,0.0,0.0,0.0,1.0,0.0,0.0,0.0,1.0,0.0,0.0,0.0
20260319_165846_036208,6,48,2.8535399436950684,0.2966601848602295,-0.1496210664542655,-7.00393849832802,0.0,0.0593305670039399,-0.0661641359329223,0.4075786709146882,0.0,0.0,0.02,0.1296210664542655,0.0,carpet,12345,2458048367,0,0,6,0,0,0,-0.8889963030815125,-1.0,-0.0008468299638479,-0.9556480646133424,-0.2693816125392914,-0.3786421716213226,-0.4798627197742462,-0.0082740783691406,0.0130149349570274,0.9869850873947144,-0.0387452244758605,-1.0,-1.0,-1.0,-1.0,-1.0,-1.0,-1.0,1.0,0.0,0.0,0.0,1.0,0.0,0.0,0.0,1.0,0.0,0.0,0.0
20260319_165846_036208,6,49,2.847473621368408,0.2976816892623901,-0.1479451219761469,-7.151883620304166,0.0,0.0189603151989672,-0.1021504402160644,0.4410975604770613,0.0,0.0,0.02,0.1279451219761469,0.0,carpet,12345,2458048367,0,0,6,0,0,0,-0.2459082603454589,-0.6046103239059448,0.0210630986839532,0.1878487169742584,0.4557578265666961,0.835701584815979,-0.7091078758239746,-0.02161331102252,0.0124689079821109,0.9875310659408568,-0.097382090985775,-1.0,-1.0,-1.0,-1.0,-1.0,-1.0,-1.0,1.0,0.0,0.0,0.0,1.0,0.0,0.0,0.0,1.0,0.0,0.0,0.0
20260319_165846_036208,6,50,2.845187902450561,0.3007557988166809,-0.1443480852636764,-7.296231705567842,0.0,-0.062632502458058,-0.3074109554290771,0.5130382947264707,0.0,0.0,0.02,0.1243480852636764,0.0,carpet,12345,2458048367,0,0,6,0,0,0,-0.5998507738113403,-1.0,-0.5207244753837585,0.5571662783622742,-1.0,0.9606004357337952,-0.6270681023597717,-0.0291961673647165,0.0116259260103106,0.98837411403656,-0.1315934509038925,-1.0,-1.0,-1.0,-1.0,-1.0,-1.0,-1.0,1.0,0.0,0.0,0.0,1.0,0.0,0.0,0.0,1.0,0.0,0.0,0.0
20260319_165846_036208,6,51,2.843944311141968,0.2990611791610718,-0.161008667006573,-7.457240372574415,0.0,-0.0046088854533223,0.169461965560913,0.1798266598685387,0.0,0.0,0.02,0.141008667006573,0.0,carpet,12345,2458048367,0,0,6,0,0,0,-0.0099286930635571,0.915658950805664,0.1900638043880462,0.4204006791114807,0.0004372827243059,0.4768385887145996,-0.6703618168830872,-0.0320533737540245,0.0090890480205416,0.9909109473228456,-0.1394250839948654,-1.0,-1.0,-1.0,-1.0,-1.0,-1.0,-1.0,1.0,0.0,0.0,0.0,1.0,0.0,0.0,0.0,1.0,0.0,0.0,0.0
20260319_165846_036208,6,52,2.844260931015014,0.2956337928771972,-0.1602780189026003,-7.617518391477016,0.0,0.0822279930068816,0.3427386283874511,0.1944396219479927,0.0,0.0,0.02,0.1402780189026003,0.0,carpet,12345,2458048367,0,0,6,0,0,0,-0.6049919724464417,-0.0798028260469436,0.6762284636497498,0.7000059485435486,0.8449611067771912,0.8370348215103149,-0.5617393255233765,-0.0336078628897666,0.0104875164106488,0.9895125031471252,-0.1484244465827942,-1.0,-1.0,-1.0,-1.0,-1.0,-1.0,-1.0,1.0,0.0,0.0,0.0,1.0,0.0,0.0,0.0,1.0,0.0,0.0,0.0
20260319_165846_036208,6,53,2.858949899673462,0.2861767709255218,-0.1504312984577279,-7.767949689934744,0.0,0.2980965435470324,0.9457021951675416,0.3913740308454407,0.0,0.0,0.02,0.1304312984577279,0.0,carpet,12345,2458048367,0,0,6,0,0,0,-0.7008909583091736,0.9355440139770508,-0.0803916379809379,0.2931447029113769,0.5844470262527466,-1.0,-0.0147701222449541,-0.0332122817635536,0.0133159346878528,0.986684024333954,-0.1476715058088302,-1.0,-1.0,-1.0,-1.0,-1.0,-1.0,-1.0,1.0,0.0,0.0,0.0,1.0,0.0,0.0,0.0,1.0,0.0,0.0,0.0
20260319_165846_036208,6,54,2.8650386333465576,0.2858132421970367,-0.1417647955143036,-7.909714485449047,0.0,0.2326606258724268,0.0363528728485107,0.5647040897139277,0.0,0.0,0.02,0.1217647955143036,0.0,carpet,12345,2458048367,0,0,6,0,0,0,-0.3943760097026825,-0.3455089926719665,0.1176170706748962,0.1548403948545456,-0.1990820914506912,0.7837813496589661,0.1280881315469741,-0.0148509982973337,0.021120237186551,0.9788797497749328,-0.0792842954397201,-1.0,-1.0,-1.0,-1.0,-1.0,-1.0,-1.0,1.0,0.0,0.0,0.0,1.0,0.0,0.0,0.0,1.0,0.0,0.0,0.0
20260319_165846_036208,6,55,2.8853585720062256,0.3007486462593078,-0.1526572928818762,-8.062371778330924,0.0,-0.1988896321524862,-1.4935404062271118,0.3468541423624742,0.0,0.0,0.02,0.1326572928818762,0.0,carpet,12345,2458048367,0,0,6,0,0,0,0.0501250028610229,0.9935173392295836,-0.5094448924064636,-0.6430193185806274,0.7066184282302856,0.2567634284496307,0.8451852798461914,-0.0072399140335619,0.0214202441275119,0.9785797595977784,-0.0395163483917713,-1.0,-1.0,-1.0,-1.0,-1.0,-1.0,-1.0,1.0,0.0,0.0,0.0,1.0,0.0,0.0,0.0,1.0,0.0,0.0,0.0
20260319_165846_036208,6,56,2.889810562133789,0.3041405081748962,-0.1612238563591756,-8.2235956346901,0.0,-0.2339637720040457,-0.3391861915588379,0.1755228728164866,0.0,0.0,0.02,0.1412238563591756,0.0,carpet,12345,2458048367,0,0,6,0,0,0,0.4602053165435791,-0.4981392025947571,0.1562901884317398,-0.4448861479759216,-0.0091224079951643,-0.1259308755397796,0.5140581130981445,0.0181598663330078,0.0090949507430195,0.9909050464630128,0.0601797066628932,-1.0,-1.0,-1.0,-1.0,-1.0,-1.0,-1.0,1.0,0.0,0.0,0.0,1.0,0.0,0.0,0.0,1.0,0.0,0.0,0.0
20260319_165846_036208,6,57,2.868359088897705,0.2819287478923797,-0.1420023531835167,-8.365597987873615,0.0,0.3798211780598564,2.221176028251648,0.5599529363296654,0.0,0.0,0.02,0.1220023531835167,0.0,carpet,12345,2458048367,0,0,6,0,0,0,-0.8082762360572815,-0.8991639614105225,0.2752909660339355,0.0724611356854438,-0.1482547372579574,0.6242595911026001,-0.2712191045284271,0.0237247459590435,0.0062958560883998,0.9937041401863098,0.0817982628941536,-1.0,-1.0,-1.0,-1.0,-1.0,-1.0,-1.0,1.0,0.0,0.0,0.0,1.0,0.0,0.0,0.0,1.0,0.0,0.0,0.0
20260319_165846_036208,6,58,2.873969316482544,0.2854955792427063,-0.1363289978445241,-8.50192698571814,0.0,0.1956950997867323,-0.3566831350326538,0.6734200431095161,0.0,0.0,0.02,0.1163289978445241,0.0,carpet,12345,2458048367,0,0,6,0,0,0,-1.0,0.5456005334854126,0.6445713043212891,-0.6533517241477966,0.5933787822723389,0.3249240815639496,0.4141807556152344,-0.0030895234085619,0.024625876918435,0.9753741025924684,-0.0250559821724891,-1.0,-1.0,-1.0,-1.0,-1.0,-1.0,-1.0,1.0,0.0,0.0,0.0,1.0,0.0,0.0,0.0,1.0,0.0,0.0,0.0
20260319_165846_036208,6,59,2.8919320106506348,0.3057637214660644,-0.1692304365590705,-8.67115742227721,0.0,-0.3599322307438939,-2.0268142223358154,0.0153912688185897,0.0,0.0,0.02,0.1492304365590705,0.0,carpet,12345,2458048367,0,0,6,0,0,0,0.8864737153053284,0.1173913925886154,-0.8029218316078186,-0.9055054187774658,-1.0,0.0001535253832116,1.0,0.0039234161376953,0.0216823816299438,0.9783176183700562,0.0018172801937907,-1.0,-1.0,-1.0,-1.0,-1.0,-1.0,-1.0,1.0,0.0,0.0,0.0,1.0,0.0,0.0,0.0,1.0,0.0,0.0,0.0
20260319_165846_036208,6,60,2.892965078353882,0.3066006600856781,-0.1699999999999999,-8.84115742227721,0.0,-0.2908726385482651,-0.0836938619613647,-0.5081419956021023,0.0,0.0,0.02,0.15,0.0,carpet,12345,2458048367,0,0,6,0,0,0,0.9895769357681274,-0.743578314781189,0.1413829624652862,-0.5005742907524109,-0.2777698636054992,0.2869889736175537,0.4380811750888824,0.026376724243164,0.0049563189968466,0.995043694972992,0.1089176461100578,-1.0,-1.0,-1.0,-1.0,-1.0,-1.0,-1.0,1.0,0.0,0.0,0.0,1.0,0.0,0.0,0.0,1.0,0.0,0.0,0.0
20260319_165846_036208,6,61,2.880815267562866,0.2914444506168365,-0.1699999999999999,-9.01115742227721,0.0,0.1607507578098364,1.5156209468841553,-0.1485016056397796,0.0,0.0,0.02,0.15,0.0,carpet,12345,2458048367,0,0,6,0,0,0,0.39661905169487,-0.1508707106113433,0.6440086364746094,0.5226537585258484,-0.4877822697162628,-0.1414417326450348,-0.0886311307549476,0.0276679992675781,0.0042656389996409,0.9957343339920044,0.1106586977839469,-1.0,-1.0,-1.0,-1.0,-1.0,-1.0,-1.0,1.0,0.0,0.0,0.0,1.0,0.0,0.0,0.0,1.0,0.0,0.0,0.0
20260319_165846_036208,6,62,2.874483823776245,0.2875596880912781,-0.15484278510697,-9.16600020738418,0.0,0.2176821314963319,0.3884762525558471,0.303144297860598,0.0,0.0,0.02,0.1348427851069701,0.0,carpet,12345,2458048367,0,0,6,0,0,0,-0.1043970361351966,-0.3073510825634002,0.25330650806427,0.005496687721461,-0.0886719301342964,-0.7695757746696472,-0.2276641875505447,0.0124805448576807,0.0167731419205665,0.9832268953323364,0.0269754007458686,-1.0,-1.0,-1.0,-1.0,-1.0,-1.0,-1.0,1.0,0.0,0.0,0.0,1.0,0.0,0.0,0.0,1.0,0.0,0.0,0.0
20260319_165846_036208,6,63,2.889033317565918,0.2982481122016907,-0.1699999999999999,-9.33600020738418,0.0,-0.1039490041380588,-1.0688424110412598,-0.1806258843373172,0.0,0.0,0.02,0.15,0.0,carpet,12345,2458048367,0,0,6,0,0,0,-0.6907264590263367,-0.4290041923522949,0.6838964223861694,0.5441246032714844,-0.6040481925010681,0.2917879521846771,0.6473145484924316,0.0045665740035474,0.0199790094047784,0.9800209999084472,-0.0177358463406562,-1.0,-1.0,-1.0,-1.0,-1.0,-1.0,-1.0,1.0,0.0,0.0,0.0,1.0,0.0,0.0,0.0,1.0,0.0,0.0,0.0
20260319_165846_036208,6,64,2.876798391342163,0.2917273044586181,-0.1699999999999999,-9.50600020738418,0.0,0.0850584404732615,0.652080774307251,-0.2912625436507881,0.0,0.0,0.02,0.15,0.0,carpet,12345,2458048367,0,0,6,0,0,0,-0.4364491701126098,0.1743243634700775,-0.3912324607372284,-0.0859546661376953,-0.5780019760131836,0.8749009966850281,-0.3708620965480804,0.0227531436830759,0.0111584896221756,0.9888415336608888,0.0656572803854942,-1.0,-1.0,-1.0,-1.0,-1.0,-1.0,-1.0,1.0,0.0,0.0,0.0,1.0,0.0,0.0,0.0,1.0,0.0,0.0,0.0
20260319_165846_036208,6,65,2.874260187149048,0.2901841998100281,-0.1614479433168587,-9.667448150701038,0.0,0.1023714465697196,0.1543104648590088,0.1710411336628254,0.0,0.0,0.02,0.1414479433168587,0.0,carpet,12345,2458048367,0,0,6,0,0,0,-0.1632601618766784,-1.0,0.3563560843467712,-0.4035720825195312,-0.0808309763669967,-0.7145032286643982,-0.0128754433244466,0.0074596405029296,0.0165397301316261,0.983460247516632,-0.0083112493157386,-1.0,-1.0,-1.0,-1.0,-1.0,-1.0,-1.0,1.0,0.0,0.0,0.0,1.0,0.0,0.0,0.0,1.0,0.0,0.0,0.0
20260319_165846_036208,6,66,2.8757848739624023,0.2928167283535003,-0.1463560428224224,-9.81380419352346,0.0,0.0109653713404611,-0.263252854347229,0.4728791435515518,0.0,0.0,0.02,0.1263560428224224,0.0,carpet,12345,2458048367,0,0,6,0,0,0,-0.0152328601107001,-0.6247302889823914,0.0690671578049659,0.6742454767227173,-0.6876945495605469,-0.249029666185379,-0.001818005577661,0.0042869569733738,0.0178131591528654,0.9821868538856506,-0.0214256085455417,-1.0,-1.0,-1.0,-1.0,-1.0,-1.0,-1.0,1.0,0.0,0.0,0.0,1.0,0.0,0.0,0.0,1.0,0.0,0.0,0.0
20260319_165846_036208,6,67,2.8927559852600098,0.3019325137138366,-0.1653771109880669,-9.979181304511526,0.0,-0.2196706055030546,-0.9115785360336304,0.0924577802386608,0.0,0.0,0.02,0.1453771109880669,0.0,carpet,12345,2458048367,0,0,6,0,0,0,0.3953777551651001,-0.3362588584423065,0.3906795680522918,-0.8673363327980042,-0.1320049166679382,-0.0769685134291648,0.7886319160461426,0.0061927796341478,0.0156406816095113,0.984359323978424,-0.006924592424184,-1.0,-1.0,-1.0,-1.0,-1.0,-1.0,-1.0,1.0,0.0,0.0,0.0,1.0,0.0,0.0,0.0,1.0,0.0,0.0,0.0
20260319_165846_036208,6,68,2.895289421081543,0.3098246455192566,-0.1699999999999999,-10.149181304511526,0.0,-0.3620562492627925,-0.7892131805419922,-0.4872806005204637,0.0,0.0,0.02,0.15,0.0,carpet,12345,2458048367,0,0,6,0,0,0,0.0075206677429378,-0.3807916343212127,0.9434155821800232,-0.5752020478248596,-0.2525285184383392,-0.8143121004104614,0.8364691138267517,0.0274066925048828,0.0081179877743124,0.991882026195526,0.0911224260926246,-1.0,-1.0,-1.0,-1.0,-1.0,-1.0,-1.0,1.0,0.0,0.0,0.0,1.0,0.0,0.0,0.0,1.0,0.0,0.0,0.0
20260319_165846_036208,6,69,2.898310422897339,0.3166932165622711,-0.1699999999999999,-10.319181304511526,0.0,-0.4432564630224505,-0.6868571043014526,-0.8265880594048554,0.0,0.0,0.02,0.15,0.0,carpet,12345,2458048367,0,0,6,0,0,0,-0.5599619150161743,-0.079864278435707,-0.8317069411277771,-0.5832493305206299,-0.4068903923034668,-0.3317920863628387,0.9909474849700928,0.0305732730776071,0.0016050903359428,0.9983949661254884,0.1232599094510078,-1.0,-1.0,-1.0,-1.0,-1.0,-1.0,-1.0,1.0,0.0,0.0,0.0,1.0,0.0,0.0,0.0,1.0,0.0,0.0,0.0
20260319_165846_036208,6,70,2.898798942565918,0.3178605735301971,-0.1699999999999999,-10.489181304511526,0.0,-0.3616262714649849,-0.1167356967926025,-1.2732727713431018,0.0,0.0,0.02,0.15,0.0,carpet,12345,2458048367,0,0,6,0,0,0,1.0,-0.3279484510421753,0.5068908929824829,-0.4014832973480224,-0.1160668358206749,-0.404376208782196,0.8175360560417175,0.0343498215079307,-0.0040631256997585,1.0,0.1459236145019531,-1.0,-1.0,-1.0,-1.0,-1.0,-1.0,-1.0,1.0,0.0,0.0,0.0,1.0,0.0,0.0,0.0,1.0,0.0,0.0,0.0
20260319_165846_036208,6,71,2.896073579788208,0.3101480901241302,-0.1699999999999999,-10.659181304511526,0.0,-0.0784076184470734,0.7712483406066895,-1.4540518363598949,0.0,0.0,0.02,0.15,0.0,carpet,12345,2458048367,0,0,6,0,0,0,0.28902667760849,0.2076975703239441,0.2002260386943817,-0.1277801245450973,0.8717114925384521,0.8056666851043701,0.5684740543365479,0.0349601730704307,-0.0050264727324247,1.0,0.1503402888774871,-1.0,-1.0,-1.0,-1.0,-1.0,-1.0,-1.0,1.0,0.0,0.0,0.0,1.0,0.0,0.0,0.0,1.0,0.0,0.0,0.0
20260319_165846_036208,6,72,2.854447364807129,0.2799929082393646,-0.1699999999999999,-10.829181304511524,0.0,0.6950738332838284,3.0155181884765625,-0.7699433744165276,0.0,0.0,0.02,0.15,0.0,carpet,12345,2458048367,0,0,6,0,0,0,-0.8493754863739014,-0.2933464646339416,0.1529770940542221,-0.1457670778036117,-0.6805797815322876,-0.6995772123336792,-0.6900492906570435,0.0315536484122276,0.0013381681637838,0.9986618161201476,0.1240509077906608,-1.0,-1.0,-1.0,-1.0,-1.0,-1.0,-1.0,1.0,0.0,0.0,0.0,1.0,0.0,0.0,0.0,1.0,0.0,0.0,0.0
20260319_165846_036208,6,73,2.853895425796509,0.2863455414772033,-0.1699999999999999,-10.999181304511524,0.0,0.3624895440169098,-0.6352633237838745,-0.1877832248965631,0.0,0.0,0.02,0.15,0.0,carpet,12345,2458048367,0,0,6,0,0,0,-0.0209366120398044,0.962802231311798,-0.2230900973081588,0.3145962953567505,-0.9114519953727722,-0.8613582253456116,0.0316660888493061,-0.0204792022705078,0.026223411783576,0.9737765789031982,-0.0732608884572982,-1.0,-1.0,-1.0,-1.0,-1.0,-1.0,-1.0,1.0,0.0,0.0,0.0,1.0,0.0,0.0,0.0,1.0,0.0,0.0,0.0
20260319_165846_036208,6,74,2.843433141708374,0.2929370105266571,-0.1559323271928715,-11.155113631704396,0.0,0.1070804317763389,-0.6591469049453735,0.2813534561425683,0.0,0.0,0.02,0.1359323271928715,0.0,carpet,12345,2458048367,0,0,6,0,0,0,0.8639490008354187,0.5676469802856445,0.1680526137351989,0.2611116468906402,-0.878149688243866,-0.4740266501903534,-0.7972398996353149,-0.0211688987910747,0.020980967208743,0.979019045829773,-0.0589898973703384,-1.0,-1.0,-1.0,-1.0,-1.0,-1.0,-1.0,1.0,0.0,0.0,0.0,1.0,0.0,0.0,0.0,1.0,0.0,0.0,0.0
20260319_165846_036208,6,75,2.852613925933838,0.2833981513977051,-0.1178304139389464,-11.272944045643344,0.0,0.3187818020560513,0.9538859128952026,1.0433917212210702,0.0,0.0,0.02,0.0978304139389464,0.0,carpet,12345,2458048367,0,0,6,0,0,0,-0.6433628797531128,0.9530107975006104,0.5130581259727478,-0.4900438487529754,0.8277509808540344,0.1886302977800369,-0.0148770529776811,-0.0342468246817588,0.0155414240434765,0.9844585657119752,-0.1095364913344383,-1.0,-1.0,-1.0,-1.0,-1.0,-1.0,-1.0,1.0,0.0,0.0,0.0,1.0,0.0,0.0,0.0,1.0,0.0,0.0,0.0
20260319_165846_036208,6,76,2.834717273712158,0.2927663028240204,-0.0995049720714892,-11.372449017714834,0.0,0.0048825658841593,-0.9368151426315308,1.4099005585702145,0.0,0.0,0.02,0.0795049720714892,0.0,carpet,12345,2458048367,0,0,6,0,0,0,-0.5241218209266663,0.4819352030754089,-0.7890511155128479,-1.0,0.5184704065322876,0.1944661140441894,-0.8931325078010559,-0.0227710716426372,0.0234132669866085,0.9765866994857788,-0.0799089670181274,-1.0,-1.0,-1.0,-1.0,-1.0,-1.0,-1.0,1.0,0.0,0.0,0.0,1.0,0.0,0.0,0.0,1.0,0.0,0.0,0.0
20260319_165846_036208,6,77,2.8307955265045166,0.2923959493637085,-0.0949385531030895,-11.467387570817923,0.0,0.0129207609209203,0.0370353460311889,1.5012289379382082,0.0,0.0,0.02,0.0749385531030895,0.0,carpet,12345,2458048367,0,0,6,0,0,0,0.5896727442741394,0.1057389974594116,0.616403341293335,0.1171779707074165,0.0311913415789604,0.4438421428203583,-0.7166099548339844,-0.0451416000723838,0.0156822986900806,0.984317660331726,-0.1420647501945495,-1.0,-1.0,-1.0,-1.0,-1.0,-1.0,-1.0,1.0,0.0,0.0,0.0,1.0,0.0,0.0,0.0,1.0,0.0,0.0,0.0
20260319_165846_036208,6,78,2.835613250732422,0.2873832881450653,-0.122941889709443,-11.590329460527366,0.0,0.1350071011567593,0.5012661218643188,0.9411622058111392,0.0,0.0,0.02,0.102941889709443,0.0,carpet,12345,2458048367,0,0,6,0,0,0,-0.3303329944610595,-0.2664670348167419,-0.0510520786046981,-0.2466507256031036,0.3533816039562225,0.4138539135456085,-0.4708811044692993,-0.0500438697636127,0.0159879270941019,0.9840120673179626,-0.1712168306112289,-1.0,-1.0,-1.0,-1.0,-1.0,-1.0,-1.0,1.0,0.0,0.0,0.0,1.0,0.0,0.0,0.0,1.0,0.0,0.0,0.0
20260319_165846_036208,6,79,2.856135368347168,0.2856887876987457,-0.1338854750590098,-11.724214935586376,0.0,0.1436178370255731,0.169450044631958,0.7222904988198025,0.0,0.0,0.02,0.1138854750590098,0.0,carpet,12345,2458048367,0,0,6,0,0,0,0.3646150529384613,-0.743924617767334,0.1731640100479126,-0.9358835220336914,1.0,0.7976126670837402,0.2628030776977539,-0.0440216064453125,0.0201245751231908,0.979875385761261,-0.1509291976690292,-1.0,-1.0,-1.0,-1.0,-1.0,-1.0,-1.0,1.0,0.0,0.0,0.0,1.0,0.0,0.0,0.0,1.0,0.0,0.0,0.0
20260319_165846_036208,6,80,2.86733627319336,0.2903646826744079,-0.1396986964789459,-11.863913632065325,0.0,-0.009183996622383,-0.4675894975662231,0.6060260704210805,0.0,0.0,0.02,0.1196986964789459,0.0,carpet,12345,2458048367,0,0,6,0,0,0,0.1930439621210098,-0.6377710700035095,-0.6372063159942627,0.8452762365341187,0.6137269139289856,0.5486317873001099,0.5267793536186218,-0.0183692928403615,0.0215229485183954,0.9784770607948304,-0.0430958308279514,-1.0,-1.0,-1.0,-1.0,-1.0,-1.0,-1.0,1.0,0.0,0.0,0.0,1.0,0.0,0.0,0.0,1.0,0.0,0.0,0.0
20260319_165846_036208,6,81,2.863067626953125,0.279083251953125,-0.1418803980534843,-12.005794030118809,0.0,0.2751477705652831,1.128143072128296,0.5623920389303123,0.0,0.0,0.02,0.1218803980534843,0.0,carpet,12345,2458048367,0,0,6,0,0,0,-0.4769773483276367,0.618036150932312,-0.1108285263180732,-0.7192755341529846,-0.490365207195282,-0.8341546654701233,0.0846590921282768,-0.0043678283691406,0.0176642090082168,0.9823358058929444,0.0211101751774549,-1.0,-1.0,-1.0,-1.0,-1.0,-1.0,-1.0,1.0,0.0,0.0,0.0,1.0,0.0,0.0,0.0,1.0,0.0,0.0,0.0
20260319_165846_036208,6,82,2.860146999359131,0.2794636785984039,-0.1322820182580923,-12.1380760483769,0.0,0.1968501617919997,-0.038042664527893,0.7543596348381527,0.0,0.0,0.02,0.1122820182580923,0.0,carpet,12345,2458048367,0,0,6,0,0,0,0.4959489703178406,0.8505645990371704,-0.7774258255958557,0.033894307911396,0.8323319554328918,0.8866886496543884,0.1590588837862014,-0.0097038270905613,0.0269740931689739,0.973025918006897,0.0019546239636838,-1.0,-1.0,-1.0,-1.0,-1.0,-1.0,-1.0,1.0,0.0,0.0,0.0,1.0,0.0,0.0,0.0,1.0,0.0,0.0,0.0
20260319_165846_036208,6,83,2.863166570663452,0.2823286354541778,-0.1291273713066563,-12.267203419683556,0.0,0.076013699949641,-0.2864956855773926,0.8174525738668734,0.0,0.0,0.02,0.1091273713066563,0.0,carpet,12345,2458048367,0,0,6,0,0,0,-0.6717705726623535,-0.1113408207893371,0.1736171394586563,0.157292827963829,0.1699712425470352,0.1585028916597366,0.4083466827869415,-0.0133544923737645,0.0266601536422967,0.973339855670929,-0.0165201351046562,-1.0,-1.0,-1.0,-1.0,-1.0,-1.0,-1.0,1.0,0.0,0.0,0.0,1.0,0.0,0.0,0.0,1.0,0.0,0.0,0.0
20260319_165846_036208,6,84,2.846234083175659,0.273933857679367,-0.1225337403978689,-12.389737160081424,0.0,0.2668797193325076,0.8394777774810791,0.9493251920426218,0.0,0.0,0.02,0.1025337403978689,0.0,carpet,12345,2458048367,0,0,6,0,0,0,-0.1918787062168121,0.3538177907466888,1.0,-0.4852238595485687,-0.5548070669174194,0.2317629158496856,-0.5863043069839478,-0.0095802303403615,0.0242958664894104,0.9757041335105896,0.0067426385357975,-1.0,-1.0,-1.0,-1.0,-1.0,-1.0,-1.0,1.0,0.0,0.0,0.0,1.0,0.0,0.0,0.0,1.0,0.0,0.0,0.0
20260319_165846_036208,6,85,2.877070426940918,0.2939225137233734,-0.1446924628291864,-12.53442962291061,0.0,-0.2995566116007779,-1.9988656044006348,0.5061507434162706,0.0,0.0,0.02,0.1246924628291864,0.0,carpet,12345,2458048367,0,0,6,0,0,0,0.4448781907558441,-0.1060355752706527,0.7400004863739014,0.2728645801544189,-0.816210150718689,0.2507139146327972,1.0,-0.0307456962764263,0.0312235821038484,0.9687764048576356,-0.0897584706544876,-1.0,-1.0,-1.0,-1.0,-1.0,-1.0,-1.0,1.0,0.0,0.0,0.0,1.0,0.0,0.0,0.0,1.0,0.0,0.0,0.0
20260319_165846_036208,6,86,2.8878722190856934,0.3146497905254364,-0.1699999999999999,-12.70442962291061,0.0,-0.7428493787521688,-2.072727680206299,-0.2275146387135151,0.0,0.0,0.02,0.15,0.0,carpet,12345,2458048367,0,0,6,0,0,0,0.2128657847642898,0.9900127649307252,0.1680002808570861,0.8676586747169495,-1.0,-0.1676054298877716,0.7075533866882324,0.0077995299361646,0.0147281447425484,0.9852718114852904,0.0784501433372497,-1.0,-1.0,-1.0,-1.0,-1.0,-1.0,-1.0,1.0,0.0,0.0,0.0,1.0,0.0,0.0,0.0,1.0,0.0,0.0,0.0
20260319_165846_036208,6,87,2.858224868774414,0.2759077250957489,-0.1699999999999999,-12.87442962291061,0.0,0.4114146016780751,3.87420654296875,-0.0912478076007232,0.0,0.0,0.02,0.15,0.0,carpet,12345,2458048367,0,0,6,0,0,0,-0.6377393007278442,0.73744136095047,-0.1198518723249435,0.4142703413963318,0.8654524683952332,-0.8675359487533569,-0.4936562776565552,0.0213020332157611,-0.0023768162354826,1.0,0.1330243945121765,-1.0,-1.0,-1.0,-1.0,-1.0,-1.0,-1.0,1.0,0.0,0.0,0.0,1.0,0.0,0.0,0.0,1.0,0.0,0.0,0.0
20260319_165846_036208,6,88,2.834217071533203,0.2844336926937103,-0.1699999999999999,-13.04442962291061,0.0,0.0954117613095064,-0.8525967597961426,-0.1926862080832165,0.0,0.0,0.02,0.15,0.0,carpet,12345,2458048367,0,0,6,0,0,0,0.6843757629394531,-0.9622981548309326,-0.3786108791828155,0.5342914462089539,-0.8494173884391785,0.2790740728378296,-0.9832401871681212,-0.0157573707401752,0.029594661667943,0.970405340194702,-0.0528712607920169,-1.0,-1.0,-1.0,-1.0,-1.0,-1.0,-1.0,1.0,0.0,0.0,0.0,1.0,0.0,0.0,0.0,1.0,0.0,0.0,0.0
20260319_165846_036208,6,89,2.846675395965576,0.2722582221031189,-0.1646377161142969,-13.209067339024909,0.0,0.3759455857469191,1.217547059059143,0.1072456777140615,0.0,0.0,0.02,0.1446377161142969,0.0,carpet,12345,2458048367,0,0,6,0,0,0,0.6776247620582581,0.1424399465322494,-1.0,0.1591634005308151,0.6853929758071899,0.7447225451469421,-0.1457627713680267,-0.0457672104239463,0.0225587002933025,0.9774413108825684,-0.1764821708202362,-1.0,-1.0,-1.0,-1.0,-1.0,-1.0,-1.0,1.0,0.0,0.0,0.0,1.0,0.0,0.0,0.0,1.0,0.0,0.0,0.0
20260319_165846_036208,6,90,2.854107141494751,0.2700586318969726,-0.1611342548577295,-13.370201593882635,0.0,0.336948944463856,0.219959020614624,0.1773149028454099,0.0,0.0,0.02,0.1411342548577295,0.0,carpet,12345,2458048367,0,0,6,0,0,0,0.5853272676467896,0.8524386286735535,0.505081295967102,0.1087485551834106,-0.7804113626480103,-0.5963283777236938,-0.1822721809148788,-0.030194092541933,0.0326063744723796,0.9673936367034912,-0.1275491267442703,-1.0,-1.0,-1.0,-1.0,-1.0,-1.0,-1.0,1.0,0.0,0.0,0.0,1.0,0.0,0.0,0.0,1.0,0.0,0.0,0.0
20260319_165846_036208,6,91,2.8908770084381104,0.290248304605484,-0.1587579297459353,-13.528959523628572,0.0,-0.2520301093648953,-2.018967270851136,0.2248414050812925,0.0,0.0,0.02,0.1387579297459353,0.0,carpet,12345,2458048367,0,0,6,0,0,0,0.7443127632141113,0.3329021334648132,-0.984864056110382,-0.1600240767002105,-0.3997405469417572,-0.4204124212265014,1.0,-0.020904541015625,0.0344215631484985,0.9655783772468568,-0.0891100466251373,-1.0,-1.0,-1.0,-1.0,-1.0,-1.0,-1.0,1.0,0.0,0.0,0.0,1.0,0.0,0.0,0.0,1.0,0.0,0.0,0.0
20260319_165846_036208,6,92,2.896554708480835,0.3006843328475952,-0.14411162521215,-13.67307114884072,0.0,-0.4499232880764623,-1.0436028242111206,0.5177674957569991,0.0,0.0,0.02,0.12411162521215,0.0,carpet,12345,2458048367,0,0,6,0,0,0,0.0402024090290069,-0.748846709728241,0.1981072872877121,-0.3025717437267303,-0.007246877066791,-0.8353809714317322,0.8288750648498535,0.0250579826533794,0.0177602563053369,0.9822397232055664,0.1086971089243888,-1.0,-1.0,-1.0,-1.0,-1.0,-1.0,-1.0,1.0,0.0,0.0,0.0,1.0,0.0,0.0,0.0,1.0,0.0,0.0,0.0
20260319_165846_036208,6,93,2.895846366882324,0.2967319190502167,-0.1699999999999999,-13.84307114884072,0.0,-0.2386321211228761,0.395241379737854,-0.1322792270439521,0.0,0.0,0.02,0.15,0.0,carpet,12345,2458048367,0,0,6,0,0,0,0.415640264749527,-0.244304358959198,-0.4059781730175018,-0.3954479694366455,-0.7915288209915161,0.0760134309530258,0.5537808537483215,0.0321548469364643,0.0091480258852243,0.9908519983291626,0.1613993942737579,-1.0,-1.0,-1.0,-1.0,-1.0,-1.0,-1.0,1.0,0.0,0.0,0.0,1.0,0.0,0.0,0.0,1.0,0.0,0.0,0.0
20260319_165846_036208,6,94,2.890488147735596,0.2859961986541748,-0.1699999999999999,-14.01307114884072,0.0,0.0894189190588861,1.073572039604187,-0.1382720692945724,0.0,0.0,0.02,0.15,0.0,carpet,12345,2458048367,0,0,6,0,0,0,-0.8430138230323792,0.8191148042678833,0.4341952800750732,0.3049007058143616,-0.0942709371447563,-0.1040707230567932,0.193361148238182,0.0312694534659385,0.0124097242951393,0.9875902533531188,0.1445677727460861,-1.0,-1.0,-1.0,-1.0,-1.0,-1.0,-1.0,1.0,0.0,0.0,0.0,1.0,0.0,0.0,0.0,1.0,0.0,0.0,0.0
20260319_165846_036208,6,95,2.893131256103516,0.28568896651268,-0.1699999999999999,-14.18307114884072,0.0,0.0747449928315404,0.030723214149475,-0.4394726622099512,0.0,0.0,0.02,0.15,0.0,carpet,12345,2458048367,0,0,6,0,0,0,0.2932877838611603,-0.0803520455956459,-1.0,0.3250252902507782,0.954458236694336,0.961185872554779,0.6920384764671326,0.0245719905942678,0.0212692487984895,0.9787307977676392,0.0934376120567321,-1.0,-1.0,-1.0,-1.0,-1.0,-1.0,-1.0,1.0,0.0,0.0,0.0,1.0,0.0,0.0,0.0,1.0,0.0,0.0,0.0
20260319_165846_036208,6,96,2.88222885131836,0.2753788530826568,-0.1699999999999999,-14.35307114884072,0.0,0.3138115803742352,1.0310113430023191,-0.462610026299572,0.0,0.0,0.02,0.15,0.0,carpet,12345,2458048367,0,0,6,0,0,0,0.090498611330986,-0.6599524021148682,0.0232172776013612,0.6403378844261169,0.0452352911233902,-1.0,-0.0094769112765789,0.027875518426299,0.0215227920562028,0.97847718000412,0.1152106374502182,-1.0,-1.0,-1.0,-1.0,-1.0,-1.0,-1.0,1.0,0.0,0.0,0.0,1.0,0.0,0.0,0.0,1.0,0.0,0.0,0.0
20260319_165846_036208,6,97,2.8879761695861816,0.2824864089488983,-0.1699999999999999,-14.52307114884072,0.0,0.0576697886246364,-0.7107555866241455,-0.1529101283100402,0.0,0.0,0.02,0.15,0.0,carpet,12345,2458048367,0,0,6,0,0,0,-0.1841177940368652,0.8957576155662537,0.1878233104944229,0.5802356600761414,0.2808312773704529,-0.0340824201703071,0.6820685267448425,0.0142478942871093,0.0300311055034399,0.9699689149856568,0.0421259775757789,-1.0,-1.0,-1.0,-1.0,-1.0,-1.0,-1.0,1.0,0.0,0.0,0.0,1.0,0.0,0.0,0.0,1.0,0.0,0.0,0.0
20260319_165846_036208,6,98,2.8927035331726074,0.2890992760658264,-0.1612528088344153,-14.684323957675137,0.0,-0.1220693364547287,-0.6612867116928101,0.1749438233116933,0.0,0.0,0.02,0.1412528088344153,0.0,carpet,12345,2458048367,0,0,6,0,0,0,0.8385906219482422,-0.4183790981769562,1.0,0.3163192272186279,-0.4079243838787079,0.6247178912162781,0.6746698021888733,0.0214317329227924,0.0241656806319952,0.975834310054779,0.0761223435401916,-1.0,-1.0,-1.0,-1.0,-1.0,-1.0,-1.0,1.0,0.0,0.0,0.0,1.0,0.0,0.0,0.0,1.0,0.0,0.0,0.0
20260319_165846_036208,6,99,2.8842172622680664,0.2784815430641174,-0.1406266366431876,-14.824950594318324,0.0,0.173891322701678,1.0617733001708984,0.5874672671362475,0.0,0.0,0.02,0.1206266366431876,0.0,carpet,12345,2458048367,0,0,6,0,0,0,-1.0,0.6580861806869507,0.2243403494358062,0.4051990211009979,-0.6360660791397095,0.1290797591209411,-0.1102307736873626,0.027341078966856,0.0187084767967462,0.9812915325164796,0.1031814590096473,-1.0,-1.0,-1.0,-1.0,-1.0,-1.0,-1.0,1.0,0.0,0.0,0.0,1.0,0.0,0.0,0.0,1.0,0.0,0.0,0.0
20260319_165846_036208,6,100,2.894882678985596,0.2856611609458923,-0.1475511803470372,-14.97250177466536,0.0,-0.0490719550181069,-0.7179617881774902,0.4489763930592545,0.0,0.0,0.02,0.1275511803470372,0.0,carpet,12345,2458048367,0,0,6,0,0,0,0.2197145521640777,0.2874946296215057,-0.8905704021453857,0.1538397371768951,0.4002515077590942,-0.4235552549362182,0.8715917468070984,0.016733169555664,0.0274706482887268,0.9725293517112732,0.0450779013335704,-1.0,-1.0,-1.0,-1.0,-1.0,-1.0,-1.0,1.0,0.0,0.0,0.0,1.0,0.0,0.0,0.0,1.0,0.0,0.0,0.0
20260319_165846_036208,6,101,2.877601861953736,0.2661534547805786,-0.1287439955951516,-15.101245770260512,0.0,0.4508886878692522,1.950770616531372,0.8251200880969662,0.0,0.0,0.02,0.1087439955951516,0.0,carpet,12345,2458048367,0,0,6,0,0,0,-0.4032609164714813,-0.1188091784715652,0.2849355041980743,-0.5038267970085144,-0.7043663263320923,0.1096379980444908,-0.8586981296539307,0.0300651546567678,0.0215457417070865,0.9784542322158812,0.1071894913911819,-1.0,-1.0,-1.0,-1.0,-1.0,-1.0,-1.0,1.0,0.0,0.0,0.0,1.0,0.0,0.0,0.0,1.0,0.0,0.0,0.0
20260319_165846_036208,6,102,2.8526806831359863,0.2671364247798919,-0.1287549613179078,-15.23000073157842,0.0,0.3135922659191124,-0.0982969999313354,0.8249007736418434,0.0,0.0,0.02,0.1087549613179078,0.0,carpet,12345,2458048367,0,0,6,0,0,0,0.072935052216053,0.7978335022926331,0.3302013874053955,-0.7827559113502502,-0.3282545804977417,-0.7857633829116821,-0.3024443387985229,0.0084640504792332,0.0376442745327949,0.9623556733131408,0.0129125704988837,-1.0,-1.0,-1.0,-1.0,-1.0,-1.0,-1.0,1.0,0.0,0.0,0.0,1.0,0.0,0.0,0.0,1.0,0.0,0.0,0.0
20260319_165846_036208,6,103,2.857917070388794,0.2657475471496582,-0.11814264373938,-15.3481433753178,0.0,0.2699161401951926,0.1388877630233764,1.0371471252123996,0.0,0.0,0.02,0.09814264373938,0.0,carpet,12345,2458048367,0,0,6,0,0,0,0.7371771335601807,-0.2133582681417465,-0.1022246778011322,0.6598311066627502,-0.1031733974814415,0.3907783925533294,-0.2405867725610733,-0.022687530145049,0.0368330888450145,0.963166892528534,-0.0892568826675415,-1.0,-1.0,-1.0,-1.0,-1.0,-1.0,-1.0,1.0,0.0,0.0,0.0,1.0,0.0,0.0,0.0,1.0,0.0,0.0,0.0
20260319_165846_036208,6,104,2.8732166290283203,0.2650176286697387,-0.1010049235594256,-15.449148298877226,0.0,0.2206850671443589,0.0729918479919433,1.3799015288114873,0.0,0.0,0.02,0.0810049235594256,0.0,carpet,12345,2458048367,0,0,6,0,0,0,0.2269279211759567,0.7596344947814941,-1.0,-0.2811344265937805,0.6451781988143921,-0.4207497835159302,0.352258563041687,-0.0161418914794921,0.0379792414605617,0.962020754814148,-0.0627350881695747,-1.0,-1.0,-1.0,-1.0,-1.0,-1.0,-1.0,1.0,0.0,0.0,0.0,1.0,0.0,0.0,0.0,1.0,0.0,0.0,0.0
20260319_165846_036208,6,105,2.8431921005249023,0.2673734128475189,-0.1043685298988212,-15.553516828776049,0.0,0.1066191959137654,-0.2355784177780151,1.3126294020235747,0.0,0.0,0.02,0.0843685298988212,0.0,carpet,12345,2458048367,0,0,6,0,0,0,0.5497335195541382,-0.1235666871070861,0.7953596115112305,-0.1342384666204452,0.1115326136350631,0.0228257440030574,-1.0,0.0029823302756994,0.0385816022753715,0.961418390274048,0.0128291631117463,-1.0,-1.0,-1.0,-1.0,-1.0,-1.0,-1.0,1.0,0.0,0.0,0.0,1.0,0.0,0.0,0.0,1.0,0.0,0.0,0.0
20260319_165846_036208,6,106,2.833184242248535,0.2763779461383819,-0.1091723789147278,-15.662689207690777,0.0,-0.1451489353362376,-0.9004533290863037,1.216552421705444,0.0,0.0,0.02,0.0891723789147277,0.0,carpet,12345,2458048367,0,0,6,0,0,0,0.4045694768428802,0.7067892551422119,0.5464358329772949,0.5867135524749756,-0.678229808807373,-1.0,-0.726189136505127,-0.0345481857657432,0.0366375148296356,0.9633625149726868,-0.1191206946969032,-1.0,-1.0,-1.0,-1.0,-1.0,-1.0,-1.0,1.0,0.0,0.0,0.0,1.0,0.0,0.0,0.0,1.0,0.0,0.0,0.0
20260319_165846_036208,6,107,2.868937015533448,0.2649103999137878,-0.1228254656025566,-15.785514673293331,0.0,0.1778269541126746,1.1467546224594116,0.9434906879488664,0.0,0.0,0.02,0.1028254656025566,0.0,carpet,12345,2458048367,0,0,6,0,0,0,0.8008942008018494,0.7921774387359619,-0.1541358530521392,0.1556565463542938,0.1652152240276336,0.844620943069458,0.372259646654129,-0.04705810546875,0.0292066186666488,0.97079336643219,-0.1553580611944198,-1.0,-1.0,-1.0,-1.0,-1.0,-1.0,-1.0,1.0,0.0,0.0,0.0,1.0,0.0,0.0,0.0,1.0,0.0,0.0,0.0
20260319_165846_036208,6,108,2.849637985229492,0.2662977874279022,-0.1335708025119306,-15.919085475805264,0.0,0.0986855277316323,-0.138738751411438,0.7285839497613864,0.0,0.0,0.02,0.1135708025119306,0.0,carpet,12345,2458048367,0,0,6,0,0,0,-0.8959224820137024,-0.5814377069473267,-0.6945796012878418,1.0,0.8713265061378479,0.9472998976707458,-0.7774967551231384,-0.0023670196533203,0.0386700928211212,0.9613299369812012,-0.0089161479845643,-1.0,-1.0,-1.0,-1.0,-1.0,-1.0,-1.0,1.0,0.0,0.0,0.0,1.0,0.0,0.0,0.0,1.0,0.0,0.0,0.0
20260319_165846_036208,6,109,2.842888832092285,0.2716971337795257,-0.1501150851712833,-16.069200560976547,0.0,-0.0609695129918606,-0.5399346351623535,0.3976982965743332,0.0,0.0,0.02,0.1301150851712833,0.0,carpet,12345,2458048367,0,0,6,0,0,0,0.0599749386310577,-0.5071128606796265,0.984653890132904,-0.1439869254827499,0.7985215187072754,0.7350341081619263,-0.4077041149139404,-0.0264907833188772,0.0375251695513725,0.9624748229980468,-0.111341968178749,-1.0,-1.0,-1.0,-1.0,-1.0,-1.0,-1.0,1.0,0.0,0.0,0.0,1.0,0.0,0.0,0.0,1.0,0.0,0.0,0.0
20260319_165846_036208,6,110,2.839872360229492,0.2715063691139221,-0.1631972394336909,-16.23239780041024,0.0,-0.0409580181037938,0.0190764665603637,0.1360552113261803,0.0,0.0,0.02,0.1431972394336909,0.0,carpet,12345,2458048367,0,0,6,0,0,0,-0.1131960973143577,-0.0682912841439247,-0.6811254620552063,-0.5499473810195923,-0.3861144185066223,-0.0803062543272972,-0.7382749319076538,-0.0349273681640625,0.0330694019794464,0.966930627822876,-0.1325407326221466,-1.0,-1.0,-1.0,-1.0,-1.0,-1.0,-1.0,1.0,0.0,0.0,0.0,1.0,0.0,0.0,0.0,1.0,0.0,0.0,0.0
20260319_165846_036208,6,111,2.843794107437134,0.2673323452472687,-0.164846595074955,-16.397244395485195,0.0,0.0736320830884835,0.4174023866653442,0.1030680985008984,0.0,0.0,0.02,0.144846595074955,0.0,carpet,12345,2458048367,0,0,6,0,0,0,0.6033779978752136,0.987661838531494,0.3117350339889526,0.0746030211448669,-0.7585905194282532,-0.2789663672447204,-0.4090726375579834,-0.0386978164315223,0.0332268364727497,0.9667731523513794,-0.1544455140829086,-1.0,-1.0,-1.0,-1.0,-1.0,-1.0,-1.0,1.0,0.0,0.0,0.0,1.0,0.0,0.0,0.0,1.0,0.0,0.0,0.0
20260319_165846_036208,6,112,2.846543788909912,0.2662029266357422,-0.1534161719279173,-16.550660567413114,0.0,0.0834595276045178,0.1129418611526489,0.3316765614416539,0.0,0.0,0.02,0.1334161719279173,0.0,carpet,12345,2458048367,0,0,6,0,0,0,0.7868585586547852,0.7155482172966003,1.0,0.1559636890888214,0.1508221179246902,-0.189737394452095,-0.4188644587993622,-0.0337955467402935,0.0366714037954807,0.9633285403251648,-0.1390037983655929,-1.0,-1.0,-1.0,-1.0,-1.0,-1.0,-1.0,1.0,0.0,0.0,0.0,1.0,0.0,0.0,0.0,1.0,0.0,0.0,0.0
20260319_165846_036208,6,113,2.836169719696045,0.2754940688610077,-0.1699999999999999,-16.720660567413116,0.0,-0.1696839099282385,-0.9291142225265504,-0.0158343025992593,0.0,0.0,0.02,0.15,0.0,carpet,12345,2458048367,0,0,6,0,0,0,-0.5501545071601868,0.4295343160629272,-0.6776639819145203,-0.1855223178863525,0.9788349270820618,-0.739675760269165,-0.9206272959709167,-0.0303585045039653,0.0376034453511238,0.9623965620994568,-0.1250474154949188,-1.0,-1.0,-1.0,-1.0,-1.0,-1.0,-1.0,1.0,0.0,0.0,0.0,1.0,0.0,0.0,0.0,1.0,0.0,0.0,0.0
20260319_165846_036208,6,114,2.8782997131347656,0.2677396535873413,-0.1699999999999999,-16.890660567413118,0.0,0.0665974493954735,0.7754415273666382,-0.0479223809354181,0.0,0.0,0.02,0.15,0.0,carpet,12345,2458048367,0,0,6,0,0,0,0.3254381716251373,-0.8004572987556458,-0.1337263137102127,-0.6976757645606995,0.2455663383007049,0.3174816071987152,0.7374191880226135,-0.0433261878788471,0.029936034232378,0.9700639843940736,-0.1683801114559173,-1.0,-1.0,-1.0,-1.0,-1.0,-1.0,-1.0,1.0,0.0,0.0,0.0,1.0,0.0,0.0,0.0,1.0,0.0,0.0,0.0
20260319_165846_036208,6,115,2.8559672832489014,0.2629038393497467,-0.1608054712478538,-17.051466038660973,0.0,0.1708434429864809,0.4835814237594604,0.1838905750429234,0.0,0.0,0.02,0.1408054712478538,0.0,carpet,12345,2458048367,0,0,6,0,0,0,-0.4985176920890808,0.5111590623855591,0.3556335568428039,0.206816479563713,0.8029628992080688,0.4899784326553345,-0.7076892852783203,0.0093360897153615,0.0363352708518505,0.963664710521698,0.0220099538564682,-1.0,-1.0,-1.0,-1.0,-1.0,-1.0,-1.0,1.0,0.0,0.0,0.0,1.0,0.0,0.0,0.0,1.0,0.0,0.0,0.0
20260319_165846_036208,6,116,2.8579869270324707,0.2624578773975372,-0.1517934887904101,-17.203259527451383,0.0,0.1392816310450797,0.0445961952209472,0.3641302241917969,0.0,0.0,0.02,0.1317934887904101,0.0,carpet,12345,2458048367,0,0,6,0,0,0,0.2718183994293213,-0.5818449854850769,0.9453575015068054,-0.0722018927335739,0.7572102546691895,0.3338368237018585,0.3559406101703644,-0.0185791011899709,0.0403259769082069,0.9596740007400512,-0.0804859399795532,-1.0,-1.0,-1.0,-1.0,-1.0,-1.0,-1.0,1.0,0.0,0.0,0.0,1.0,0.0,0.0,0.0,1.0,0.0,0.0,0.0
20260319_165846_036208,6,117,2.868214130401612,0.2667531371116638,-0.1556211064233008,-17.358880633874683,0.0,-0.00292026956933,-0.4295259714126587,0.2875778715339834,0.0,0.0,0.02,0.1356211064233008,0.0,carpet,12345,2458048367,0,0,6,0,0,0,-0.9109839200973512,-0.1012322679162025,-0.8418599963188171,-0.3636439740657806,0.9094915390014648,0.1107751578092575,0.0692118406295776,-0.0160545352846384,0.0406939983367919,0.959306001663208,-0.065923698246479,-1.0,-1.0,-1.0,-1.0,-1.0,-1.0,-1.0,1.0,0.0,0.0,0.0,1.0,0.0,0.0,0.0,1.0,0.0,0.0,0.0
20260319_165846_036208,6,118,2.8756818771362305,0.2756700813770294,-0.1699999999999999,-17.528880633874685,0.0,-0.2251138088111588,-0.8916944265365601,-0.0209954648816932,0.0,0.0,0.02,0.15,0.0,carpet,12345,2458048367,0,0,6,0,0,0,-0.1331889927387237,-0.8291152715682983,0.0392759144306182,0.9188008904457092,0.2197758108377456,0.5567907691001892,0.9396072030067444,-0.0032707215286791,0.0371493846178054,0.9628506302833556,-0.007263951934874,-1.0,-1.0,-1.0,-1.0,-1.0,-1.0,-1.0,1.0,0.0,0.0,0.0,1.0,0.0,0.0,0.0,1.0,0.0,0.0,0.0
20260319_165846_036208,6,119,2.8415417671203613,0.2592713832855224,-0.1505089729637067,-17.67938960683839,0.0,0.241132095679319,1.6398698091506958,0.3898205407258643,0.0,0.0,0.02,0.1305089729637067,0.0,carpet,12345,2458048367,0,0,6,0,0,0,0.9910870790481568,-0.7368334531784058,-0.3099506199359894,-0.7933157682418823,-0.1066558137536048,0.3919574618339538,-0.904405415058136,0.0060638426803052,0.0297907683998346,0.9702092409133912,0.0613794922828674,-1.0,-1.0,-1.0,-1.0,-1.0,-1.0,-1.0,1.0,0.0,0.0,0.0,1.0,0.0,0.0,0.0,1.0,0.0,0.0,0.0
20260319_165846_036208,6,120,2.863795757293701,0.2575475871562958,-0.1426416466839737,-17.822031253522365,0.0,0.223943974990135,0.1723796129226684,0.5471670663205259,0.0,0.0,0.02,0.1226416466839737,0.0,carpet,12345,2458048367,0,0,6,0,0,0,0.2915948331356048,0.2210113853216171,0.2013791799545288,1.0,0.5776359438896179,-0.1438373327255249,0.6414381265640259,-0.0366111770272254,0.0433236174285411,0.9566763639450072,-0.1107889488339424,-1.0,-1.0,-1.0,-1.0,-1.0,-1.0,-1.0,1.0,0.0,0.0,0.0,1.0,0.0,0.0,0.0,1.0,0.0,0.0,0.0
20260319_165846_036208,6,121,2.8516223430633545,0.2608309984207153,-0.146890183851691,-17.968921437374057,0.0,0.0858726996321337,-0.3283411264419555,0.4621963229661787,0.0,0.0,0.02,0.126890183851691,0.0,carpet,12345,2458048367,0,0,6,0,0,0,0.3328832387924194,-0.1574282795190811,-0.8497227430343628,0.4755424261093139,0.98374742269516,0.7535428404808044,-0.3837370574474334,-0.0087936399504542,0.0447461679577827,0.955253839492798,-0.0046482649631798,-1.0,-1.0,-1.0,-1.0,-1.0,-1.0,-1.0,1.0,0.0,0.0,0.0,1.0,0.0,0.0,0.0,1.0,0.0,0.0,0.0
20260319_165846_036208,6,122,2.8593533039093018,0.259540319442749,-0.1490206904452823,-18.11794212781934,0.0,0.0966714991732544,0.1290678977966308,0.4195861910943534,0.0,0.0,0.02,0.1290206904452823,0.0,carpet,12345,2458048367,0,0,6,0,0,0,0.3420446217060089,0.5495486855506897,-0.4065983593463897,0.0777018740773201,-1.0,0.3293035626411438,0.3556190729141235,-0.0240104682743549,0.0420365743339061,0.9579634070396424,-0.06733338534832,-1.0,-1.0,-1.0,-1.0,-1.0,-1.0,-1.0,1.0,0.0,0.0,0.0,1.0,0.0,0.0,0.0,1.0,0.0,0.0,0.0
20260319_165846_036208,6,123,2.83803939819336,0.2609758973121643,-0.1470439680845882,-18.26498609590393,0.0,0.0366141776445516,-0.1435577869415283,0.4591206383082351,0.0,0.0,0.02,0.1270439680845882,0.0,carpet,12345,2458048367,0,0,6,0,0,0,0.4761334657669067,-0.4451663494110107,-0.7770113945007324,0.468079537153244,-0.4763670265674591,0.361465185880661,-0.916957676410675,-0.01434669457376,0.0431016832590103,0.9568983316421508,-0.0161121059209108,-1.0,-1.0,-1.0,-1.0,-1.0,-1.0,-1.0,1.0,0.0,0.0,0.0,1.0,0.0,0.0,0.0,1.0,0.0,0.0,0.0
20260319_165846_036208,6,124,2.8496439456939697,0.260789006948471,-0.1341816330277428,-18.39916772893168,0.0,0.0321328923257482,0.0186890363693237,0.7163673394451422,0.0,0.0,0.02,0.1141816330277429,0.0,carpet,12345,2458048367,0,0,6,0,0,0,0.5586591958999634,-0.0301190968602895,-0.4596170485019684,0.893193244934082,-0.5622862577438354,-0.2018883973360061,0.1014834567904472,-0.0409889221191406,0.0419169962406158,0.9580829739570618,-0.1238179132342338,-1.0,-1.0,-1.0,-1.0,-1.0,-1.0,-1.0,1.0,0.0,0.0,0.0,1.0,0.0,0.0,0.0,1.0,0.0,0.0,0.0
20260319_165846_036208,6,125,2.864918231964112,0.2616384029388428,-0.1460949993374581,-18.54526272826913,0.0,0.002864769485015,-0.0849395990371704,0.4781000132508382,0.0,0.0,0.02,0.1260949993374581,0.0,carpet,12345,2458048367,0,0,6,0,0,0,0.7320526242256165,0.5637398958206177,-0.4780578017234802,-0.616354763507843,-0.6443474292755127,-0.7782109975814819,0.2657239139080047,-0.0264835357666015,0.0420712195336818,0.9579287767410278,-0.0709142237901687,-1.0,-1.0,-1.0,-1.0,-1.0,-1.0,-1.0,1.0,0.0,0.0,0.0,1.0,0.0,0.0,0.0,1.0,0.0,0.0,0.0
20260319_165846_036208,6,126,2.852015733718872,0.2573713660240173,-0.1518509730877444,-18.69711370135688,0.0,0.1088244999844079,0.4267036914825439,0.362980538245111,0.0,0.0,0.02,0.1318509730877444,0.0,carpet,12345,2458048367,0,0,6,0,0,0,0.4825062155723572,1.0,0.3428952395915985,0.0449122972786426,0.1903917640447616,0.8906153440475464,-0.5916526913642883,-0.0073905945755541,0.0413702614605426,0.9586297273635864,-0.0010603407863527,-1.0,-1.0,-1.0,-1.0,-1.0,-1.0,-1.0,1.0,0.0,0.0,0.0,1.0,0.0,0.0,0.0,1.0,0.0,0.0,0.0
20260319_165846_036208,6,127,2.8829143047332764,0.2699960172176361,-0.1678445033119598,-18.864958204668834,0.0,-0.2339979048521741,-1.2624651193618774,0.0431099337608031,0.0,0.0,0.02,0.1478445033119598,0.0,carpet,12345,2458048367,0,0,6,0,0,0,1.0,-0.8855938911437988,-0.7774352431297302,-0.9693740606307985,-0.5727070569992065,0.9963902235031128,0.9215314984321594,-0.0235187523066997,0.0448915921151638,0.955108404159546,-0.0722341984510421,-1.0,-1.0,-1.0,-1.0,-1.0,-1.0,-1.0,1.0,0.0,0.0,0.0,1.0,0.0,0.0,0.0,1.0,0.0,0.0,0.0
20260319_165846_036208,6,128,2.850644826889038,0.2553527951240539,-0.1631489720856014,-19.028107176754435,0.0,0.1905821237004232,1.464322209358215,0.137020558287972,0.0,0.0,0.02,0.1431489720856014,0.0,carpet,12345,2458048367,0,0,6,0,0,0,0.0820130631327629,0.0733483135700225,-0.428645372390747,0.560003399848938,0.2963242828845978,-0.1753274202346801,-0.9453408718109132,0.0151046756654977,0.0344732403755188,0.9655267596244812,0.1058175265789032,-1.0,-1.0,-1.0,-1.0,-1.0,-1.0,-1.0,1.0,0.0,0.0,0.0,1.0,0.0,0.0,0.0,1.0,0.0,0.0,0.0
20260319_165846_036208,6,129,2.8366618156433105,0.2622095048427582,-0.1664037384774428,-19.19451091523188,0.0,-0.0284811501922774,-0.6856709718704224,0.0719252304511428,0.0,0.0,0.02,0.1464037384774428,0.0,carpet,12345,2458048367,0,0,6,0,0,0,0.7218515872955322,0.9700395464897156,-0.2171269059181213,-0.537135660648346,0.5362456440925598,0.3019870519638061,-0.6835070848464966,-0.0252323150634765,0.046557392925024,0.9534425735473632,-0.0800048187375068,-1.0,-1.0,-1.0,-1.0,-1.0,-1.0,-1.0,1.0,0.0,0.0,0.0,1.0,0.0,0.0,0.0,1.0,0.0,0.0,0.0
20260319_165846_036208,6,130,2.858863592147827,0.2555988430976867,-0.1608150990446017,-19.35532601427648,0.0,0.14390568098257,0.6610661745071411,0.1836980191079646,0.0,0.0,0.02,0.1408150990446017,0.0,carpet,12345,2458048367,0,0,6,0,0,0,-0.7628685832023621,-0.9595742225646972,0.4592008888721466,-0.7487900257110596,0.8638315796852112,-0.320880115032196,0.1810202747583389,-0.0427112579345703,0.0408989675343036,0.9591010212898254,-0.1397734135389328,-1.0,-1.0,-1.0,-1.0,-1.0,-1.0,-1.0,1.0,0.0,0.0,0.0,1.0,0.0,0.0,0.0,1.0,0.0,0.0,0.0
20260319_165846_036208,6,131,2.867574691772461,0.256854236125946,-0.1571311157673304,-19.51245713004381,0.0,0.076544435030442,-0.1255393028259277,0.2573776846533917,0.0,0.0,0.02,0.1371311157673304,0.0,carpet,12345,2458048367,0,0,6,0,0,0,0.519485592842102,-0.3826223611831665,0.674254298210144,1.0,0.3704395592212677,0.9296402335166932,0.3104268312454223,-0.0149589534848928,0.0463543459773063,0.953645646572113,-0.0382166244089603,-1.0,-1.0,-1.0,-1.0,-1.0,-1.0,-1.0,1.0,0.0,0.0,0.0,1.0,0.0,0.0,0.0,1.0,0.0,0.0,0.0
20260319_165846_036208,6,132,2.866220235824585,0.2565871775150299,-0.1593681011892638,-19.671825231233075,0.0,0.0640847915457385,0.0267058610916137,0.2126379762147223,0.0,0.0,0.02,0.1393681011892638,0.0,carpet,12345,2458048367,0,0,6,0,0,0,-0.7698227763175964,-0.5772149562835693,-0.6008259654045105,-0.2589909434318542,0.4078813791275024,0.9588388800621032,0.0636928081512451,-0.0040699006058275,0.0453183576464653,0.954681634902954,0.0171352606266737,-1.0,-1.0,-1.0,-1.0,-1.0,-1.0,-1.0,1.0,0.0,0.0,0.0,1.0,0.0,0.0,0.0,1.0,0.0,0.0,0.0
20260319_165846_036208,6,133,2.8706214427948,0.258731871843338,-0.1479458941740749,-19.81977112540715,0.0,-0.0055537645483951,-0.2144694328308105,0.4410821165185012,0.0,0.0,0.02,0.1279458941740749,0.0,carpet,12345,2458048367,0,0,6,0,0,0,1.0,-0.6105909943580627,0.755041241645813,0.4215176701545715,-0.4285227656364441,0.5862007141113281,0.4459869563579559,-0.0057632448151707,0.0455387346446514,0.9544612765312196,0.0074374061077833,-1.0,-1.0,-1.0,-1.0,-1.0,-1.0,-1.0,1.0,0.0,0.0,0.0,1.0,0.0,0.0,0.0,1.0,0.0,0.0,0.0
20260319_165846_036208,6,134,2.8638808727264404,0.2538220286369324,-0.151545962521654,-19.971317087928806,0.0,0.118580756748841,0.4909843206405639,0.369080749566919,0.0,0.0,0.02,0.131545962521654,0.0,carpet,12345,2458048367,0,0,6,0,0,0,-0.3666742742061615,-0.7437779903411865,-1.0,0.1529289186000824,-0.2812499701976776,0.0757215768098831,-0.2024103701114654,-0.0002616882266011,0.0437688454985618,0.9562311172485352,0.0364718101918697,-1.0,-1.0,-1.0,-1.0,-1.0,-1.0,-1.0,1.0,0.0,0.0,0.0,1.0,0.0,0.0,0.0,1.0,0.0,0.0,0.0
20260319_165846_036208,6,135,2.8767166137695312,0.2583394944667816,-0.1513219589212707,-20.12263904685008,0.0,-0.0240010781846109,-0.4517465829849243,0.3735608215745856,0.0,0.0,0.02,0.1313219589212707,0.0,carpet,12345,2458048367,0,0,6,0,0,0,0.4512975215911865,0.4031106531620025,-0.1317006796598434,-1.0,0.3226631879806518,-0.1259796321392059,0.6111583709716797,-0.0086872102692723,0.0478206537663936,0.9521793723106384,-0.0068862959742546,-1.0,-1.0,-1.0,-1.0,-1.0,-1.0,-1.0,1.0,0.0,0.0,0.0,1.0,0.0,0.0,0.0,1.0,0.0,0.0,0.0
20260319_165846_036208,6,136,2.8641865253448486,0.2540704011917114,-0.1540809168084838,-20.276719963658564,0.0,0.0887265232383072,0.426909327507019,0.3183816638303227,0.0,0.0,0.02,0.1340809168084838,0.0,carpet,12345,2458048367,0,0,6,0,0,0,-0.2683793008327484,-0.0608446188271045,0.8177004456520081,0.3478555679321289,-0.8951500654220581,-0.3730731606483459,-0.4188883006572723,0.0073574064299464,0.0440926514565944,0.95590740442276,0.0575528591871261,-1.0,-1.0,-1.0,-1.0,-1.0,-1.0,-1.0,1.0,0.0,0.0,0.0,1.0,0.0,0.0,0.0,1.0,0.0,0.0,0.0
20260319_165846_036208,6,137,2.8737521171569824,0.2603808045387268,-0.1624688981223383,-20.439188861780902,0.0,-0.091215191246647,-0.6310403347015381,0.1506220375532336,0.0,0.0,0.02,0.1424688981223383,0.0,carpet,12345,2458048367,0,0,6,0,0,0,0.4311861991882324,0.6002898216247559,0.5578293204307556,0.6774581670761108,-0.1115745827555656,0.4386569261550903,0.5233749151229858,-0.0083053587004542,0.0476156845688819,0.952384352684021,-0.0084583228453993,-1.0,-1.0,-1.0,-1.0,-1.0,-1.0,-1.0,1.0,0.0,0.0,0.0,1.0,0.0,0.0,0.0,1.0,0.0,0.0,0.0
20260319_165846_036208,6,138,2.87312912940979,0.2558315992355346,-0.1634072007423843,-20.602596062523286,0.0,0.0453187391448182,0.4549205303192138,0.1318559851523133,0.0,0.0,0.02,0.1434072007423843,0.0,carpet,12345,2458048367,0,0,6,0,0,0,-0.729040801525116,0.0977900624275207,-0.3809542953968048,-0.9744153022766112,0.0266646444797515,-0.1528858095407486,-0.0767172053456306,0.0036518096458166,0.0424080900847911,0.9575918912887572,0.0488230735063552,-1.0,-1.0,-1.0,-1.0,-1.0,-1.0,-1.0,1.0,0.0,0.0,0.0,1.0,0.0,0.0,0.0,1.0,0.0,0.0,0.0
20260319_165846_036208,6,139,2.884580135345459,0.2655329704284668,-0.1699999999999999,-20.772596062523288,0.0,-0.2085452254647037,-0.9701371192932128,-0.0711354757639952,0.0,0.0,0.02,0.15,0.0,carpet,12345,2458048367,0,0,6,0,0,0,0.1568913012742996,0.4961342513561249,-0.7527289390563965,0.5680742263793945,0.665529191493988,-0.944653570652008,0.8598681092262268,0.0028732300270348,0.0461622662842273,0.953837752342224,0.0303480755537748,-1.0,-1.0,-1.0,-1.0,-1.0,-1.0,-1.0,1.0,0.0,0.0,0.0,1.0,0.0,0.0,0.0,1.0,0.0,0.0,0.0
20260319_165846_036208,6,140,2.8634490966796875,0.2503558993339538,-0.1683349187124268,-20.94093098123572,0.0,0.2230178582642992,1.517707109451294,0.0333016257514628,0.0,0.0,0.02,0.1483349187124268,0.0,carpet,12345,2458048367,0,0,6,0,0,0,-0.1238357797265052,-0.2519215941429138,0.6695436835289001,0.4460672736167907,-0.6924986243247986,-0.1469896584749221,-0.4547402262687683,0.0171867366880178,0.0381563194096088,0.9618436694145204,0.1062837690114975,-1.0,-1.0,-1.0,-1.0,-1.0,-1.0,-1.0,1.0,0.0,0.0,0.0,1.0,0.0,0.0,0.0,1.0,0.0,0.0,0.0
20260319_165846_036208,6,141,2.8849198818206787,0.2673050165176391,-0.1699999999999999,-21.11093098123572,0.0,-0.2564645358938975,-1.6949117183685305,-0.1991618319578236,0.0,0.0,0.02,0.15,0.0,carpet,12345,2458048367,0,0,6,0,0,0,0.9322913885116576,0.1589438915252685,0.9419240951538086,0.0859230980277061,-0.0241084285080432,0.8303950428962708,0.9431126713752748,-0.0092269899323582,0.0506810396909713,0.9493190050125122,-0.0113153327256441,-1.0,-1.0,-1.0,-1.0,-1.0,-1.0,-1.0,1.0,0.0,0.0,0.0,1.0,0.0,0.0,0.0,1.0,0.0,0.0,0.0
20260319_165846_036208,6,142,2.858480930328369,0.250181496143341,-0.1699999999999999,-21.28093098123572,0.0,0.2357396074370257,1.7123520374298096,-0.0521487477591051,0.0,0.0,0.02,0.15,0.0,carpet,12345,2458048367,0,0,6,0,0,0,0.303575336933136,-0.8434033989906311,0.236620619893074,0.9196539521217346,-0.1869103014469146,0.9086050391197203,-0.6734516024589539,0.0176113136112689,0.0366939604282379,0.9633060097694396,0.1059012711048126,-1.0,-1.0,-1.0,-1.0,-1.0,-1.0,-1.0,1.0,0.0,0.0,0.0,1.0,0.0,0.0,0.0,1.0,0.0,0.0,0.0
20260319_165846_036208,6,143,2.880568027496338,0.2693996727466583,-0.1699999999999999,-21.45093098123572,0.0,-0.30364970950518,-1.921817660331726,-0.2645832660176381,0.0,0.0,0.02,0.15,0.0,carpet,12345,2458048367,0,0,6,0,0,0,-0.3882093131542206,0.794170618057251,-0.943172037601471,0.4019085168838501,-0.9986913800239564,-0.3964894115924835,0.8618853092193604,-0.0154373170807957,0.0508249513804912,0.9491750597953796,-0.0438725389540195,-1.0,-1.0,-1.0,-1.0,-1.0,-1.0,-1.0,1.0,0.0,0.0,0.0,1.0,0.0,0.0,0.0,1.0,0.0,0.0,0.0
20260319_165846_036208,6,144,2.885831117630005,0.2791056036949157,-0.1699999999999999,-21.620930981235723,0.0,-0.4703855558352927,-0.9705930948257446,-0.7802875609977491,0.0,0.0,0.02,0.15,0.0,carpet,12345,2458048367,0,0,6,0,0,0,0.4657244682312011,0.5782716274261475,-0.7620635628700256,0.1643542200326919,-0.807424008846283,-0.5383950471878052,0.5819367170333862,0.0121715543791651,0.0349653549492359,0.9650346636772156,0.09030132740736,-1.0,-1.0,-1.0,-1.0,-1.0,-1.0,-1.0,1.0,0.0,0.0,0.0,1.0,0.0,0.0,0.0,1.0,0.0,0.0,0.0
20260319_165846_036208,6,145,2.86699652671814,0.2580345571041107,-0.1699999999999999,-21.790930981235725,0.0,0.1739869978936354,2.1071046590805054,-0.3977553376394098,0.0,0.0,0.02,0.15,0.0,carpet,12345,2458048367,0,0,6,0,0,0,0.8379248976707458,-0.7312692999839783,-0.5171656012535095,0.576326847076416,-0.4153109788894653,-0.3425438106060028,-0.3124643862247467,0.0187503807246685,0.0269556455314159,0.9730443358421326,0.1352814733982086,-1.0,-1.0,-1.0,-1.0,-1.0,-1.0,-1.0,1.0,0.0,0.0,0.0,1.0,0.0,0.0,0.0,1.0,0.0,0.0,0.0
20260319_165846_036208,6,146,2.8807802200317383,0.2617461383342743,-0.1699999999999999,-21.960930981235727,0.0,0.0377007176661408,-0.3711581230163574,-0.5830724782375682,0.0,0.0,0.02,0.15,0.0,carpet,12345,2458048367,0,0,6,0,0,0,0.5102018713951111,0.4712845981121063,0.7174674868583679,-0.5117670893669128,0.4677163064479828,-0.8050195574760437,0.6262193322181702,-0.0047927857376635,0.0443443059921264,0.9556556344032288,0.0129864709451794,-1.0,-1.0,-1.0,-1.0,-1.0,-1.0,-1.0,1.0,0.0,0.0,0.0,1.0,0.0,0.0,0.0,1.0,0.0,0.0,0.0
20260319_165846_036208,6,147,2.884276390075684,0.2652741372585296,-0.1699999999999999,-22.13093098123573,0.0,-0.059924434856768,-0.3527998924255371,-0.3865323772004387,0.0,0.0,0.02,0.15,0.0,carpet,12345,2458048367,0,0,6,0,0,0,-0.973107933998108,-0.1950494647026062,0.1682657599449157,-0.5190513730049133,-0.6811500787734985,0.3487851619720459,0.3835979700088501,0.0124370576813817,0.0412813611328601,0.9587186574935912,0.0907038375735282,-1.0,-1.0,-1.0,-1.0,-1.0,-1.0,-1.0,1.0,0.0,0.0,0.0,1.0,0.0,0.0,0.0,1.0,0.0,0.0,0.0
20260319_165846_036208,6,148,2.8668417930603027,0.2533728778362274,-0.1699999999999999,-22.30093098123573,0.0,0.2525881594149695,1.1901259422302246,-0.369683825222495,0.0,0.0,0.02,0.15,0.0,carpet,12345,2458048367,0,0,6,0,0,0,0.1846658587455749,-0.7568631172180176,-0.5870011448860168,1.0,-0.2957536876201629,0.1624975502490997,-0.3409449160099029,0.0168071743100881,0.0383699126541614,0.9616300463676452,0.1081168130040168,-1.0,-1.0,-1.0,-1.0,-1.0,-1.0,-1.0,1.0,0.0,0.0,0.0,1.0,0.0,0.0,0.0,1.0,0.0,0.0,0.0
20260319_165846_036208,6,149,2.843621730804444,0.2575622200965881,-0.1690663276332554,-22.469997308868987,0.0,0.0847075630522056,-0.4189342260360718,0.0186734473348906,0.0,0.0,0.02,0.1490663276332554,0.0,carpet,12345,2458048367,0,0,6,0,0,0,0.6469868421554565,0.6389071941375732,0.2600483000278473,0.4025240540504455,0.3690754473209381,-0.953144907951355,-0.8171343207359314,-0.0049861907027661,0.0481913052499294,0.9518086910247804,0.0037615741603076,-1.0,-1.0,-1.0,-1.0,-1.0,-1.0,-1.0,1.0,0.0,0.0,0.0,1.0,0.0,0.0,0.0,1.0,0.0,0.0,0.0
20260319_165846_036208,6,150,2.836674928665161,0.2612765431404114,-0.1470134200318111,-22.6170107289008,0.0,-0.0293274038064055,-0.3714323043823242,0.4597315993637778,0.0,0.0,0.02,0.1270134200318111,0.0,carpet,12345,2458048367,0,0,6,0,0,0,0.7645565867424011,0.2231555879116058,-0.959827482700348,0.2650220394134521,-0.2537319660186767,-0.2949166595935821,-0.8425436615943909,-0.0340110771358013,0.0447340980172157,0.9552659392356871,-0.0939522311091423,-1.0,-1.0,-1.0,-1.0,-1.0,-1.0,-1.0,1.0,0.0,0.0,0.0,1.0,0.0,0.0,0.0,1.0,0.0,0.0,0.0
20260319_165846_036208,6,151,2.8706631660461426,0.2591487765312195,-0.1541528393077446,-22.771163568208543,0.0,0.0311986123749647,0.2127766609191894,0.3169432138451071,0.0,0.0,0.02,0.1341528393077446,0.0,carpet,12345,2458048367,0,0,6,0,0,0,0.0557614378631114,-0.1003674641251564,0.6058287024497986,1.0,-0.5736873149871826,-1.0,0.4935807585716247,-0.0426948554813861,0.0416688844561576,0.9583311080932616,-0.1239399090409278,-1.0,-1.0,-1.0,-1.0,-1.0,-1.0,-1.0,1.0,0.0,0.0,0.0,1.0,0.0,0.0,0.0,1.0,0.0,0.0,0.0
20260319_165846_036208,6,152,2.886491298675537,0.2705142498016357,-0.1690747688150093,-22.94023833702355,0.0,-0.2607378724791545,-1.136547327041626,0.0185046236998118,0.0,0.0,0.02,0.1490747688150094,0.0,carpet,12345,2458048367,0,0,6,0,0,0,-0.5756157040596008,0.1007171794772148,0.7193630933761597,-0.5885721445083618,-0.4043309688568115,0.3662945926189422,0.6879709362983704,-0.0002094268857035,0.0434248112142086,0.9565752148628236,0.0311371944844722,-1.0,-1.0,-1.0,-1.0,-1.0,-1.0,-1.0,1.0,0.0,0.0,0.0,1.0,0.0,0.0,0.0,1.0,0.0,0.0,0.0
20260319_165846_036208,6,153,2.8654768466949463,0.2517704665660858,-0.1524264882457029,-23.092664825269253,0.0,0.273041176529361,1.874378323554993,0.3514702350859409,0.0,0.0,0.02,0.1324264882457029,0.0,carpet,12345,2458048367,0,0,6,0,0,0,-0.9440332651138306,0.0184538532048463,-0.2640646696090698,0.6559196710586548,-0.476367324590683,-0.2235183715820312,-0.526641845703125,0.0195758827030658,0.0340455621480941,0.9659544229507446,0.1308944821357727,-1.0,-1.0,-1.0,-1.0,-1.0,-1.0,-1.0,1.0,0.0,0.0,0.0,1.0,0.0,0.0,0.0,1.0,0.0,0.0,0.0
20260319_165846_036208,6,154,2.842902421951294,0.2571917176246643,-0.1615934159198229,-23.25425824118908,0.0,0.0692496059325691,-0.5421251058578491,0.1681316816035405,0.0,0.0,0.02,0.1415934159198229,0.0,carpet,12345,2458048367,0,0,6,0,0,0,-0.5290645360946655,0.4093724489212036,-0.9692052602767944,0.0530241206288337,-0.7943156361579895,-1.0,-0.817223310470581,-0.0066921235993504,0.0495136864483356,0.9504863023757936,-0.0061501776799559,-1.0,-1.0,-1.0,-1.0,-1.0,-1.0,-1.0,1.0,0.0,0.0,0.0,1.0,0.0,0.0,0.0,1.0,0.0,0.0,0.0
20260319_165846_036208,6,155,2.8549187183380127,0.2518192529678345,-0.1565163530289251,-23.410774594218005,0.0,0.186248820870162,0.5372464656829834,0.2696729394214969,0.0,0.0,0.02,0.1365163530289251,0.0,carpet,12345,2458048367,0,0,6,0,0,0,0.0624982081353664,-0.753236711025238,-0.8016297817230225,-0.4075653851032257,-0.8083546161651611,-0.0814796388149261,-0.1005900800228118,-0.0349102020263671,0.0450398512184619,0.9549601078033448,-0.1067445129156112,-1.0,-1.0,-1.0,-1.0,-1.0,-1.0,-1.0,1.0,0.0,0.0,0.0,1.0,0.0,0.0,0.0,1.0,0.0,0.0,0.0
20260319_165846_036208,6,156,2.841240882873535,0.2579652667045593,-0.1557481692268791,-23.566522763444883,0.0,-0.0139637277654856,-0.6146013736724854,0.2850366154624169,0.0,0.0,0.02,0.1357481692268791,0.0,carpet,12345,2458048367,0,0,6,0,0,0,-0.3829733729362488,-0.6375421285629272,-0.0673241019248962,-0.8254883289337158,-0.9202293753623962,-0.3427186012268066,-0.882753849029541,-0.0198898315429687,0.0494734197854995,0.9505265355110168,-0.0549886301159858,-1.0,-1.0,-1.0,-1.0,-1.0,-1.0,-1.0,1.0,0.0,0.0,0.0,1.0,0.0,0.0,0.0,1.0,0.0,0.0,0.0
20260319_165846_036208,6,157,2.836380243301392,0.2609257698059082,-0.1615323685135199,-23.728055131958403,0.0,-0.0844853733578503,-0.2960503101348877,0.1693526297296017,0.0,0.0,0.02,0.1415323685135199,0.0,carpet,12345,2458048367,0,0,6,0,0,0,-0.0874686390161514,0.9803447723388672,0.3413959145545959,-0.5555340647697449,-0.7074494361877441,-0.995220184326172,-0.7237426042556763,-0.0369873046875,0.0444014891982078,0.9555984735488892,-0.1082280427217483,-1.0,-1.0,-1.0,-1.0,-1.0,-1.0,-1.0,1.0,0.0,0.0,0.0,1.0,0.0,0.0,0.0,1.0,0.0,0.0,0.0
20260319_165846_036208,6,158,2.8740692138671875,0.2542347609996795,-0.1432999153826952,-23.871355047341098,0.0,0.1039111901373388,0.6691008806228638,0.5340016923460951,0.0,0.0,0.02,0.1232999153826952,0.0,carpet,12345,2458048367,0,0,6,0,0,0,0.1512836068868637,-0.4655927717685699,-0.2235690057277679,-0.6146992444992065,-0.5496835112571716,-0.4921470582485199,0.4656003713607788,-0.043062973767519,0.0419583618640899,0.9580416083335876,-0.1277544498443603,-1.0,-1.0,-1.0,-1.0,-1.0,-1.0,-1.0,1.0,0.0,0.0,0.0,1.0,0.0,0.0,0.0,1.0,0.0,0.0,0.0
20260319_165846_036208,6,159,2.8633878231048584,0.2510815262794494,-0.1491137611787256,-24.020468808519823,0.0,0.1567642606087531,0.3153234720230102,0.4177247764254872,0.0,0.0,0.02,0.1291137611787256,0.0,carpet,12345,2458048367,0,0,6,0,0,0,0.7617226243019104,-0.522605299949646,0.3824748992919922,-0.1288069635629654,-0.7247193455696106,0.8311741352081299,-0.527412474155426,0.0040481565520167,0.0474800504744052,0.952519953250885,0.0368137210607528,-1.0,-1.0,-1.0,-1.0,-1.0,-1.0,-1.0,1.0,0.0,0.0,0.0,1.0,0.0,0.0,0.0,1.0,0.0,0.0,0.0
20260319_165846_036208,6,160,2.862675189971924,0.2496221661567688,-0.1448733815491746,-24.165342190069,0.0,0.1540571985235885,0.1459360122680664,0.5025323690165067,0.0,0.0,0.02,0.1248733815491746,0.0,carpet,12345,2458048367,0,0,6,0,0,0,0.0563044697046279,-0.202889397740364,0.6562568545341492,0.2466556131839752,0.3822194933891296,0.3175093233585357,-0.0874547958374023,-0.0093036647886037,0.0500822216272354,0.9499177932739258,-0.0273791495710611,-1.0,-1.0,-1.0,-1.0,-1.0,-1.0,-1.0,1.0,0.0,0.0,0.0,1.0,0.0,0.0,0.0,1.0,0.0,0.0,0.0
20260319_165846_036208,6,161,2.875284194946289,0.2529873251914978,-0.1526151264414605,-24.31795731651046,0.0,0.031413923024445,-0.3365159034729004,0.3476974711707896,0.0,0.0,0.02,0.1326151264414605,0.0,carpet,12345,2458048367,0,0,6,0,0,0,0.7784827947616577,0.9056060314178468,0.9727365374565125,-0.2632578015327453,-0.4739528298377991,-0.702364444732666,0.3096901476383209,-0.0101943966001272,0.0512865334749221,0.948713481426239,-0.0264021530747413,-1.0,-1.0,-1.0,-1.0,-1.0,-1.0,-1.0,1.0,0.0,0.0,0.0,1.0,0.0,0.0,0.0,1.0,0.0,0.0,0.0
20260319_165846_036208,6,162,2.8551249504089355,0.2520594596862793,-0.1495790860582456,-24.467536402568705,0.0,0.0467570798988106,0.0927865505218505,0.4084182788350858,0.0,0.0,0.02,0.1295790860582457,0.0,carpet,12345,2458048367,0,0,6,0,0,0,-0.1876709461212158,0.7924320697784424,0.8348183631896973,0.7708865404129028,-0.6050208806991577,0.6108940243721008,-0.7215700745582581,0.005566787905991,0.0485094748437404,0.951490581035614,0.0419010035693645,-1.0,-1.0,-1.0,-1.0,-1.0,-1.0,-1.0,1.0,0.0,0.0,0.0,1.0,0.0,0.0,0.0,1.0,0.0,0.0,0.0
20260319_165846_036208,6,163,2.8472580909729004,0.2546472549438476,-0.1468361709661078,-24.61437257353481,0.0,-0.0296270715150939,-0.2587795257568359,0.4632765806778423,0.0,0.0,0.02,0.1268361709661079,0.0,carpet,12345,2458048367,0,0,6,0,0,0,-0.2059683799743652,0.4101217985153198,0.0603664629161357,0.2901647686958313,0.0848326086997985,-0.7204058170318604,-0.5253592729568481,-0.019632339477539,0.0492751896381378,0.9507248401641846,-0.0556771717965602,-1.0,-1.0,-1.0,-1.0,-1.0,-1.0,-1.0,1.0,0.0,0.0,0.0,1.0,0.0,0.0,0.0,1.0,0.0,0.0,0.0
20260319_165846_036208,6,164,2.873984336853028,0.2542244791984558,-0.1526142759730515,-24.766986849507862,0.0,-0.0116509100015349,0.0422775745391845,0.3477144805389685,0.0,0.0,0.02,0.1326142759730515,0.0,carpet,12345,2458048367,0,0,6,0,0,0,-0.7801892161369324,0.5243577361106873,0.7479715943336487,0.2754757106304168,0.4784871339797973,0.0922002047300338,0.4001487493515014,-0.0294658653438091,0.0471396371722221,0.9528603553771972,-0.0861278995871543,-1.0,-1.0,-1.0,-1.0,-1.0,-1.0,-1.0,1.0,0.0,0.0,0.0,1.0,0.0,0.0,0.0,1.0,0.0,0.0,0.0
20260319_165846_036208,6,165,2.847442150115967,0.2540691494941711,-0.1606952359981907,-24.927682085506053,0.0,-0.0048549398940309,0.0155329704284667,0.1860952800361843,0.0,0.0,0.02,0.1406952359981907,0.0,carpet,12345,2458048367,0,0,6,0,0,0,-0.463794469833374,0.9245314598083496,-0.2835843861103058,-0.5144351124763489,-0.9213993549346924,-0.4317275285720825,-0.9435809850692748,0.0039421082474291,0.0474885366857051,0.9525114893913268,0.038880817592144,-1.0,-1.0,-1.0,-1.0,-1.0,-1.0,-1.0,1.0,0.0,0.0,0.0,1.0,0.0,0.0,0.0,1.0,0.0,0.0,0.0
20260319_165846_036208,6,166,2.874314308166504,0.2541424930095672,-0.1686718355646417,-25.09635392107069,0.0,-0.0054747928054297,-0.0073343515396118,0.026563288707166,0.0,0.0,0.02,0.1486718355646417,0.0,carpet,12345,2458048367,0,0,6,0,0,0,0.606784999370575,0.5324185490608215,0.951521337032318,0.2879969775676727,0.7578504085540771,0.3838454186916351,0.5129910111427307,-0.02923583984375,0.047616709023714,0.952383279800415,-0.0870868936181068,-1.0,-1.0,-1.0,-1.0,-1.0,-1.0,-1.0,1.0,0.0,0.0,0.0,1.0,0.0,0.0,0.0,1.0,0.0,0.0,0.0
20260319_165846_036208,6,167,2.877981185913086,0.2577053606510162,-0.1699999999999999,-25.266353921070696,0.0,-0.0931777856402789,-0.3562867641448974,-0.0980284199575578,0.0,0.0,0.02,0.15,0.0,carpet,12345,2458048367,0,0,6,0,0,0,-0.808265209197998,0.5898367166519165,0.7502256631851196,0.6605807542800903,0.4296039044857025,-0.5257666707038879,0.0020087091252207,0.0043544769287109,0.0475561879575252,0.952443778514862,0.0444805175065994,-1.0,-1.0,-1.0,-1.0,-1.0,-1.0,-1.0,1.0,0.0,0.0,0.0,1.0,0.0,0.0,0.0,1.0,0.0,0.0,0.0
20260319_165846_036208,6,168,2.874588966369629,0.2567953467369079,-0.1699999999999999,-25.436353921070697,0.0,-0.0471329913775235,0.0910013914108276,-0.191918491233892,0.0,0.0,0.02,0.15,0.0,carpet,12345,2458048367,0,0,6,0,0,0,0.0811105892062187,-0.9938393235206604,-0.7273219227790833,0.8390285968780518,-0.1336620599031448,-0.4540728628635406,0.0005511542549356,0.0089382175356149,0.0446159653365612,0.955384075641632,0.0583767332136631,-1.0,-1.0,-1.0,-1.0,-1.0,-1.0,-1.0,1.0,0.0,0.0,0.0,1.0,0.0,0.0,0.0,1.0,0.0,0.0,0.0
20260319_165846_036208,6,169,2.876881599426269,0.2591977417469024,-0.1699999999999999,-25.6063539210707,0.0,-0.0954096187829947,-0.2402395009994506,-0.2577010385017928,0.0,0.0,0.02,0.15,0.0,carpet,12345,2458048367,0,0,6,0,0,0,0.7922693490982056,-0.0534896217286586,-0.5702952742576599,0.9837006330490112,0.8868134617805481,0.7303228378295898,0.3060545623302459,0.0046977996826171,0.0453669466078281,0.9546330571174622,0.0404010601341724,-1.0,-1.0,-1.0,-1.0,-1.0,-1.0,-1.0,1.0,0.0,0.0,0.0,1.0,0.0,0.0,0.0,1.0,0.0,0.0,0.0
20260319_165846_036208,6,170,2.8811352252960205,0.2575240433216095,-0.1699999999999999,-25.7763539210707,0.0,-0.0297147534549253,0.1673698425292968,-0.2757648819551832,0.0,0.0,0.02,0.15,0.0,carpet,12345,2458048367,0,0,6,0,0,0,0.5016283392906189,0.2396615147590637,-0.8972228169441223,-0.8712727427482605,0.2730345427989959,-0.170796662569046,0.3283542096614837,0.0075637819245457,0.0433843918144702,0.9566156268119812,0.0589063465595245,-1.0,-1.0,-1.0,-1.0,-1.0,-1.0,-1.0,1.0,0.0,0.0,0.0,1.0,0.0,0.0,0.0,1.0,0.0,0.0,0.0
20260319_165846_036208,6,171,2.8825578689575195,0.2566816210746765,-0.1699999999999999,-25.946353921070703,0.0,-0.0012255089178694,0.0842422246932983,-0.2721354509790217,0.0,0.0,0.02,0.15,0.0,carpet,12345,2458048367,0,0,6,0,0,0,0.8150933384895325,-0.0122889541089534,-0.4702470302581787,0.3522590696811676,-0.7301217913627625,0.0177469737827777,0.2791804075241089,0.0128807071596384,0.0447655916213989,0.9552344083786012,0.083044521510601,-1.0,-1.0,-1.0,-1.0,-1.0,-1.0,-1.0,1.0,0.0,0.0,0.0,1.0,0.0,0.0,0.0,1.0,0.0,0.0,0.0
20260319_165846_036208,6,172,2.88598370552063,0.2630573809146881,-0.1699999999999999,-26.116353921070704,0.0,-0.1603131276886955,-0.6375759840011597,-0.4269737858622875,0.0,0.0,0.02,0.15,0.0,carpet,12345,2458048367,0,0,6,0,0,0,-0.437787652015686,-0.3195526003837585,0.6676289439201355,0.7997139692306519,-0.3991939723491668,-1.0,0.6078224182128906,0.0146591188386082,0.0454608052968978,0.9545391798019408,0.0889940336346626,-1.0,-1.0,-1.0,-1.0,-1.0,-1.0,-1.0,1.0,0.0,0.0,0.0,1.0,0.0,0.0,0.0,1.0,0.0,0.0,0.0
20260319_165846_036208,6,173,2.8723392486572266,0.2496246695518493,-0.1699999999999999,-26.286353921070702,0.0,0.2155829383044505,1.3432711362838743,-0.1182130619175581,0.0,0.0,0.02,0.15,0.0,carpet,12345,2458048367,0,0,6,0,0,0,0.8419582843780518,0.3210560977458954,0.5546506643295288,-0.7220790982246399,0.4646259546279907,0.3418045043945312,-0.4140698909759521,0.0189411155879497,0.0401992686092853,0.9598007202148438,0.1169662103056907,-1.0,-1.0,-1.0,-1.0,-1.0,-1.0,-1.0,1.0,0.0,0.0,0.0,1.0,0.0,0.0,0.0,1.0,0.0,0.0,0.0
20260319_165846_036208,6,174,2.869723081588745,0.2494473755359649,-0.1652480258207295,-26.45160194689144,0.0,0.1661195541254443,0.0177294015884399,0.0950394835854098,0.0,0.0,0.02,0.1452480258207295,0.0,carpet,12345,2458048367,0,0,6,0,0,0,-0.1829567998647689,-0.744166374206543,0.4982345104217529,-0.3378176093101501,-0.3563604056835174,-0.4746449887752533,-0.0704343318939209,0.0018856048118323,0.0512844733893871,0.9487155079841614,0.0233487747609615,-1.0,-1.0,-1.0,-1.0,-1.0,-1.0,-1.0,1.0,0.0,0.0,0.0,1.0,0.0,0.0,0.0,1.0,0.0,0.0,0.0
20260319_165846_036208,7,0,2.895819664001465,0.4213364720344543,-0.02,-0.02,0.0,-0.2125002443790435,-0.8500009775161743,0.0,0.0,0.0,0.02,0.0,0.0,carpet,12345,2458048498,0,0,7,0,0,0,-0.7099971771240234,-0.2645387351512909,0.376825749874115,-0.1982781738042831,-0.1480677276849746,-0.8247671723365784,0.6099944710731506,0.0,-0.0,1.0,0.0,-1.0,-1.0,-1.0,-1.0,-1.0,-1.0,-1.0,1.0,0.0,0.0,0.0,1.0,0.0,0.0,0.0,1.0,0.0,0.0,0.0
20260319_165846_036208,7,1,2.8984057903289795,0.4253137707710266,-0.02,-0.04,0.0,-0.2588076516985893,-0.3977298736572265,0.0,0.0,0.0,0.02,0.0,0.0,carpet,12345,2458048498,0,0,7,0,0,0,-0.5752017498016357,-0.7427673935890198,1.0,-0.2188252210617065,-0.6524772047996521,0.939523696899414,0.5636470913887024,0.0177829749882221,-0.0064745480194687,1.0,0.0669775456190109,-1.0,-1.0,-1.0,-1.0,-1.0,-1.0,-1.0,1.0,0.0,0.0,0.0,1.0,0.0,0.0,0.0,1.0,0.0,0.0,0.0
20260319_165846_036208,7,2,2.8978476524353027,0.4243487119674682,-0.02,-0.06,0.0,-0.1699792686849832,0.0965058803558349,0.0,0.0,0.0,0.02,0.0,0.0,carpet,12345,2458048498,0,0,7,0,0,0,0.4211853742599487,1.0,-0.5228138566017151,0.6063904762268066,0.4090079069137573,-1.0,0.3963919281959533,0.0210155490785837,-0.0095040798187255,1.0,0.0848904252052307,-1.0,-1.0,-1.0,-1.0,-1.0,-1.0,-1.0,1.0,0.0,0.0,0.0,1.0,0.0,0.0,0.0,1.0,0.0,0.0,0.0
20260319_165846_036208,7,3,2.866341352462769,0.4156779646873474,-0.02,-0.08,0.0,0.0892842304892838,0.867074728012085,0.0,0.0,0.0,0.02,0.0,0.0,carpet,12345,2458048498,0,0,7,0,0,0,-0.9537328481674194,0.411645233631134,0.8619818687438965,-0.5702881217002869,0.5350774526596069,0.8054080009460449,-0.8186594843864441,0.0203178413212299,-0.0087689980864524,1.0,0.0800528079271316,-1.0,-1.0,-1.0,-1.0,-1.0,-1.0,-1.0,1.0,0.0,0.0,0.0,1.0,0.0,0.0,0.0,1.0,0.0,0.0,0.0
20260319_165846_036208,7,4,2.880433797836304,0.4134480357170105,-0.02,-0.1,0.0,0.1227113971253857,0.2229928970336914,0.0,0.0,0.0,0.02,0.0,0.0,carpet,12345,2458048498,0,0,7,0,0,0,0.7035297751426697,-0.6208934187889099,-0.6414463520050049,0.9861952662467957,0.1864778399467468,0.7890959978103638,0.4324576556682586,-0.0190650932490825,-0.0021643913350999,1.0,-0.0833442062139511,-1.0,-1.0,-1.0,-1.0,-1.0,-1.0,-1.0,1.0,0.0,0.0,0.0,1.0,0.0,0.0,0.0,1.0,0.0,0.0,0.0
20260319_165846_036208,7,5,2.864007472991944,0.415524423122406,-0.1699999999999999,-0.27,0.0,0.0401238627091515,-0.2076387405395507,-0.3891676744387951,0.0,0.0,0.02,0.15,0.0,carpet,12345,2458048498,0,0,7,0,0,0,-0.0231116507202386,0.1421307027339935,0.0640366822481155,0.5062711834907532,0.9562339186668396,-0.7070665955543518,-0.6861310601234436,-0.0014495849609375,-0.0004658403922803,1.0,0.0023535750806331,-1.0,-1.0,-1.0,-1.0,-1.0,-1.0,-1.0,1.0,0.0,0.0,0.0,1.0,0.0,0.0,0.0,1.0,0.0,0.0,0.0
20260319_165846_036208,7,6,2.8576579093933105,0.4172226786613464,-0.1699999999999999,-0.44,0.0,-0.012363491441647,-0.1698255538940429,-0.1890309215013985,0.0,0.0,0.02,0.15,0.0,carpet,12345,2458048498,0,0,7,0,0,0,0.960192322731018,0.2006247341632843,-0.9296025633811952,-0.4258460998535156,0.0238977372646331,0.0182908494025468,-0.5681750774383545,-0.021982192993164,-0.0020474372431635,1.0,-0.0780375823378562,-1.0,-1.0,-1.0,-1.0,-1.0,-1.0,-1.0,1.0,0.0,0.0,0.0,1.0,0.0,0.0,0.0,1.0,0.0,0.0,0.0
20260319_165846_036208,7,7,2.8924081325531006,0.4139242470264435,-0.1628517548755735,-0.6028517548755735,0.0,0.0731881722913385,0.3298431634902954,0.1429649024885293,0.0,0.0,0.02,0.1428517548755735,0.0,carpet,12345,2458048498,0,0,7,0,0,0,-0.5875595808029175,0.0246486403048038,0.6681450009346008,-0.0223437529057264,-0.0733770206570625,-0.7854102253913879,0.5829702615737915,-0.029919434338808,-0.003341021714732,1.0,-0.1090233102440834,-1.0,-1.0,-1.0,-1.0,-1.0,-1.0,-1.0,1.0,0.0,0.0,0.0,1.0,0.0,0.0,0.0,1.0,0.0,0.0,0.0
20260319_165846_036208,7,8,2.899688482284546,0.4206707179546356,-0.1600413236406393,-0.7628930785162129,0.0,-0.1137706439862995,-0.6746470928192139,0.199173527187213,0.0,0.0,0.02,0.1400413236406393,0.0,carpet,12345,2458048498,0,0,7,0,0,0,-0.2693175971508026,-0.2625240981578827,0.2269285917282104,0.1430447548627853,-0.6895645260810852,0.2978002727031708,0.5241372585296631,0.0135185243561863,-0.0008285868680104,1.0,0.0443464815616607,-1.0,-1.0,-1.0,-1.0,-1.0,-1.0,-1.0,1.0,0.0,0.0,0.0,1.0,0.0,0.0,0.0,1.0,0.0,0.0,0.0
20260319_165846_036208,7,9,2.8638486862182617,0.4128267765045166,-0.1589670075019409,-0.9218600860181538,0.0,0.1107705532632508,0.7843941450119019,0.22065984996118,0.0,0.0,0.02,0.138967007501941,0.0,carpet,12345,2458048498,0,0,7,0,0,0,0.2332289963960647,1.0,0.825803279876709,-0.0266537088900804,-0.6041235327720642,0.8200472593307495,-0.9316994547843932,0.0226188655942678,-0.0059674177318811,1.0,0.0859271436929702,-1.0,-1.0,-1.0,-1.0,-1.0,-1.0,-1.0,1.0,0.0,0.0,0.0,1.0,0.0,0.0,0.0,1.0,0.0,0.0,0.0
20260319_165846_036208,7,10,2.8759491443634038,0.4089384377002716,-0.1560882581055321,-1.077948344123686,0.0,0.1802863850535629,0.3888338804244995,0.2782348378893573,0.0,0.0,0.02,0.1360882581055321,0.0,carpet,12345,2458048498,0,0,7,0,0,0,0.208872452378273,-0.5575711131095886,0.6592357754707336,0.3848510682582855,-0.4367719292640686,0.4574493765830993,0.2173837274312973,-0.0221809390932321,7.380455372185679e-06,0.9999926686286926,-0.0885558649897575,-1.0,-1.0,-1.0,-1.0,-1.0,-1.0,-1.0,1.0,0.0,0.0,0.0,1.0,0.0,0.0,0.0,1.0,0.0,0.0,0.0
20260319_165846_036208,7,11,2.8887381553649902,0.4144184589385986,-0.1581837383493902,-1.2361320824730762,0.0,-0.0017857421680105,-0.5480021238327026,0.2363252330121952,0.0,0.0,0.02,0.1381837383493902,0.0,carpet,12345,2458048498,0,0,7,0,0,0,0.728347659111023,-0.6936378479003906,0.4749402701854706,0.2920317947864532,0.1901311874389648,-0.8236766457557678,0.4019772708415985,-0.0070552825927734,0.0029691513627767,0.9970308542251588,-0.0303404126316308,-1.0,-1.0,-1.0,-1.0,-1.0,-1.0,-1.0,1.0,0.0,0.0,0.0,1.0,0.0,0.0,0.0,1.0,0.0,0.0,0.0
20260319_165846_036208,7,12,2.8938934803009038,0.4193169474601745,-0.1637556397605774,-1.3998877222336537,0.0,-0.1238015196653918,-0.4898488521575928,0.1248872047884503,0.0,0.0,0.02,0.1437556397605774,0.0,carpet,12345,2458048498,0,0,7,0,0,0,-0.5450000762939453,-0.0591842047870159,0.7300536036491394,0.3903861939907074,0.0627797916531562,-0.7234925031661987,0.5686139464378357,0.0089309690520167,-0.0012050191871821,1.0,0.0424464084208011,-1.0,-1.0,-1.0,-1.0,-1.0,-1.0,-1.0,1.0,0.0,0.0,0.0,1.0,0.0,0.0,0.0,1.0,0.0,0.0,0.0
20260319_165846_036208,7,13,2.877381563186645,0.4084528088569641,-0.1584774321085842,-1.558365154342238,0.0,0.1787523253312031,1.086413860321045,0.2304513578283149,0.0,0.0,0.02,0.1384774321085842,0.0,carpet,12345,2458048498,0,0,7,0,0,0,-0.1403115689754486,0.1442840993404388,0.5647990107536316,-0.3227763175964355,-0.063858762383461,0.7845339179039001,-0.4436879754066467,0.0153751373291015,-0.0049362462013959,1.0,0.0733433440327644,-1.0,-1.0,-1.0,-1.0,-1.0,-1.0,-1.0,1.0,0.0,0.0,0.0,1.0,0.0,0.0,0.0,1.0,0.0,0.0,0.0
20260319_165846_036208,7,14,2.862292528152466,0.4128369390964508,-0.1515658505087071,-1.709931004850945,0.0,0.024460988011242,-0.4384130239486694,0.3686829898258565,0.0,0.0,0.02,0.1315658505087071,0.0,carpet,12345,2458048498,0,0,7,0,0,0,0.2236209511756897,0.2889396846294403,-0.9384925961494446,0.777345597743988,0.0805712863802909,0.5230482816696167,-0.5996473431587219,-0.0052646636031568,0.0033390750177204,0.9966608881950378,-0.0259174145758152,-1.0,-1.0,-1.0,-1.0,-1.0,-1.0,-1.0,1.0,0.0,0.0,0.0,1.0,0.0,0.0,0.0,1.0,0.0,0.0,0.0
20260319_165846_036208,7,15,2.8958427906036377,0.4156479239463806,-0.1597008221838604,-1.8696318270348056,0.0,-0.0519288802398136,-0.2810984849929809,0.205983556322792,0.0,0.0,0.02,0.1397008221838604,0.0,carpet,12345,2458048498,0,0,7,0,0,0,-0.9418779611587524,0.302031397819519,-0.1568531990051269,-0.99356210231781,0.5970502495765686,0.6177423000335693,0.6953858137130737,-0.0241260528564453,-3.7773983763145225e-07,1.0,-0.0893983766436576,-1.0,-1.0,-1.0,-1.0,-1.0,-1.0,-1.0,1.0,0.0,0.0,0.0,1.0,0.0,0.0,0.0,1.0,0.0,0.0,0.0
20260319_165846_036208,7,16,2.90346908569336,0.4263140261173248,-0.1699999999999999,-2.039631827034805,0.0,-0.3055992144534514,-1.0666102170944214,-0.2799020431842223,0.0,0.0,0.02,0.15,0.0,carpet,12345,2458048498,0,0,7,0,0,0,-0.6850720047950745,-0.2185264080762863,-0.477169007062912,-0.9824414849281312,0.733033299446106,0.7579576373100281,0.4382551908493042,0.0178119651973247,-0.0021415234077721,1.0,0.0526360310614109,-1.0,-1.0,-1.0,-1.0,-1.0,-1.0,-1.0,1.0,0.0,0.0,0.0,1.0,0.0,0.0,0.0,1.0,0.0,0.0,0.0
20260319_165846_036208,7,17,2.895214080810547,0.4196663796901703,-0.1699999999999999,-2.209631827034805,0.0,-0.0630082501612321,0.6647646427154541,-0.3411245511774439,0.0,0.0,0.02,0.15,0.0,carpet,12345,2458048498,0,0,7,0,0,0,-0.6064777970314026,-0.9418193101882936,-0.845343828201294,-0.9065071940422058,0.0950339213013649,0.9974465370178224,-0.004806469194591,0.0273448936641216,-0.0102659808471798,1.0,0.0918242633342742,-1.0,-1.0,-1.0,-1.0,-1.0,-1.0,-1.0,1.0,0.0,0.0,0.0,1.0,0.0,0.0,0.0,1.0,0.0,0.0,0.0
20260319_165846_036208,7,18,2.906756639480591,0.4317245781421661,-0.1699999999999999,-2.3796318270348054,0.0,-0.3487111489208416,-1.205819845199585,-0.5660341804328937,0.0,0.0,0.02,0.15,0.0,carpet,12345,2458048498,0,0,7,0,0,0,0.0477510280907154,-0.1927331984043121,0.6235218644142151,-0.8856610655784607,0.3801334798336029,-1.0,0.8976494073867798,0.017026137560606,-0.0052024074830114,1.0,0.0423161424696445,-1.0,-1.0,-1.0,-1.0,-1.0,-1.0,-1.0,1.0,0.0,0.0,0.0,1.0,0.0,0.0,0.0,1.0,0.0,0.0,0.0
20260319_165846_036208,7,19,2.8672540187835693,0.4129509925842285,-0.1699999999999999,-2.5496318270348053,0.0,0.2078062772578164,1.8773585557937624,-0.5369802285062804,0.0,0.0,0.02,0.15,0.0,carpet,12345,2458048498,0,0,7,0,0,0,-0.6129179000854492,-0.7371336221694946,-0.1691008806228637,-0.5616063475608826,-0.850031852722168,-0.6136120557785034,-0.7805418968200684,0.0314540863037109,-0.0143872685730457,1.0,0.1096422746777534,-1.0,-1.0,-1.0,-1.0,-1.0,-1.0,-1.0,1.0,0.0,0.0,0.0,1.0,0.0,0.0,0.0,1.0,0.0,0.0,0.0
20260319_165846_036208,7,20,2.8955495357513428,0.4138401448726654,-0.1699999999999999,-2.719631827034805,0.0,0.1336259007324542,-0.0889152288436889,-0.4278153157850681,0.0,0.0,0.02,0.15,0.0,carpet,12345,2458048498,0,0,7,0,0,0,-0.8020191192626953,0.3943323791027069,0.8416390419006348,0.626516580581665,0.8558284640312195,0.8809218406677246,1.0,-0.0179241187870502,-8.722885104361922e-05,1.0,-0.0652611032128334,-1.0,-1.0,-1.0,-1.0,-1.0,-1.0,-1.0,1.0,0.0,0.0,0.0,1.0,0.0,0.0,0.0,1.0,0.0,0.0,0.0
20260319_165846_036208,7,21,2.895185947418213,0.4118537902832031,-0.1699999999999999,-2.889631827034805,0.0,0.1498782902858977,0.198635458946228,-0.2260081452593567,0.0,0.0,0.02,0.15,0.0,carpet,12345,2458048498,0,0,7,0,0,0,0.2225719839334488,0.5232381820678711,0.1767288297414779,-0.217146024107933,-0.8338940143585205,0.9294381737709044,0.1816233098506927,0.0174453742802143,-0.0007645164150744,1.0,0.0883342027664184,-1.0,-1.0,-1.0,-1.0,-1.0,-1.0,-1.0,1.0,0.0,0.0,0.0,1.0,0.0,0.0,0.0,1.0,0.0,0.0,0.0
20260319_165846_036208,7,22,2.8763675689697266,0.400646448135376,-0.1463908329697912,-3.0360226600045963,0.0,0.3925922714100807,1.1207342147827148,0.4721833406041753,0.0,0.0,0.02,0.1263908329697912,0.0,carpet,12345,2458048498,0,0,7,0,0,0,0.4159543216228485,-0.4067117273807525,-0.6701306700706482,0.5609704256057739,0.6847010254859924,0.5792717933654785,-0.3992995619773865,0.0169906616210937,0.0007485060486942,0.9992514848709106,0.0768468454480171,-1.0,-1.0,-1.0,-1.0,-1.0,-1.0,-1.0,1.0,0.0,0.0,0.0,1.0,0.0,0.0,0.0,1.0,0.0,0.0,0.0
20260319_165846_036208,7,23,2.892905712127685,0.4077396392822265,-0.1373846992174134,-3.1734073592220096,0.0,0.1171144248863242,-0.7093191146850586,0.6523060156517317,0.0,0.0,0.02,0.1173846992174134,0.0,carpet,12345,2458048498,0,0,7,0,0,0,-0.6474339365959167,0.7024412155151367,-0.9847587943077089,-0.9211686253547668,-0.674720823764801,0.3681609034538269,0.6418290734291077,-0.0065322876907885,0.0092852525413036,0.9907146692276,-0.0355481952428817,-1.0,-1.0,-1.0,-1.0,-1.0,-1.0,-1.0,1.0,0.0,0.0,0.0,1.0,0.0,0.0,0.0,1.0,0.0,0.0,0.0
20260319_165846_036208,7,24,2.864213705062866,0.4023536443710327,-0.1088248571991425,-3.282232216421152,0.0,0.2224856914445752,0.5385994911193848,1.2235028560171486,0.0,0.0,0.02,0.0888248571991425,0.0,carpet,12345,2458048498,0,0,7,0,0,0,0.6728895306587219,-0.5560095906257629,0.4825373589992523,0.3115547597408294,0.7323511242866516,0.0971008911728859,-0.8405866622924805,0.0141403200104832,0.0038822938222438,0.9961176514625548,0.0509989112615585,-1.0,-1.0,-1.0,-1.0,-1.0,-1.0,-1.0,1.0,0.0,0.0,0.0,1.0,0.0,0.0,0.0,1.0,0.0,0.0,0.0
20260319_165846_036208,7,25,2.8540494441986084,0.4079614579677582,-0.117881724628769,-3.4001139410499213,0.0,0.0266689286652876,-0.5607813596725464,1.04236550742462,0.0,0.0,0.02,0.097881724628769,0.0,carpet,12345,2458048498,0,0,7,0,0,0,-0.2526518106460571,0.4931852519512176,-0.7518466114997864,0.8830828666687012,0.7181280255317688,0.6947523355484009,-0.525978684425354,-0.0217247009277343,0.0079848682507872,0.9920151829719543,-0.0838860347867012,-1.0,-1.0,-1.0,-1.0,-1.0,-1.0,-1.0,1.0,0.0,0.0,0.0,1.0,0.0,0.0,0.0,1.0,0.0,0.0,0.0
20260319_165846_036208,7,26,2.899729490280152,0.4111269414424896,-0.127519789183857,-3.527633730233778,0.0,-0.0591353903693061,-0.3165483474731445,0.8496042163228594,0.0,0.0,0.02,0.107519789183857,0.0,carpet,12345,2458048498,0,0,7,0,0,0,0.8664372563362122,-0.7409477233886719,0.7673479914665222,-0.2907426059246063,1.0,0.2329897433519363,0.8417660593986511,-0.0344299301505088,0.0037133279256522,0.9962866306304932,-0.1182927712798118,-1.0,-1.0,-1.0,-1.0,-1.0,-1.0,-1.0,1.0,0.0,0.0,0.0,1.0,0.0,0.0,0.0,1.0,0.0,0.0,0.0
20260319_165846_036208,7,27,2.872748613357544,0.4039357006549835,-0.1282422298526182,-3.6558759600863966,0.0,0.1354294769106729,0.7191240787506104,0.8351554029476347,0.0,0.0,0.02,0.1082422298526182,0.0,carpet,12345,2458048498,0,0,7,0,0,0,-0.2114624381065368,-1.0,-0.9274491667747498,0.6059355139732361,-0.1709080338478088,0.7039861083030701,-0.8802430629730225,0.0226703640073537,0.0013021564809605,0.9986978769302368,0.0710611045360565,-1.0,-1.0,-1.0,-1.0,-1.0,-1.0,-1.0,1.0,0.0,0.0,0.0,1.0,0.0,0.0,0.0,1.0,0.0,0.0,0.0
20260319_165846_036208,7,28,2.901970624923706,0.4128393828868866,-0.1539228408288519,-3.8097988009152486,0.0,-0.1210199481145934,-0.8903682231903076,0.3215431834229605,0.0,0.0,0.02,0.1339228408288519,0.0,carpet,12345,2458048498,0,0,7,0,0,0,0.5554758906364441,0.6428799629211426,0.4431495666503906,0.4899913072586059,0.0257930308580398,-0.1951711028814315,0.9118223786354064,-0.0110557554289698,0.0067797908559441,0.9932202100753784,-0.0749226808547973,-1.0,-1.0,-1.0,-1.0,-1.0,-1.0,-1.0,1.0,0.0,0.0,0.0,1.0,0.0,0.0,0.0,1.0,0.0,0.0,0.0
20260319_165846_036208,7,29,2.905184268951416,0.4127237200736999,-0.1641722316109817,-3.9739710325262303,0.0,-0.0878733907562718,0.0115662813186645,0.1165553677803643,0.0,0.0,0.02,0.1441722316109817,0.0,carpet,12345,2458048498,0,0,7,0,0,0,1.0,0.729231595993042,0.0092574292793869,-0.1605202555656433,-0.1347521990537643,-0.4166868925094604,0.0746637806296348,0.0254714973270893,-2.2373822048393777e-06,1.0,0.0779232010245323,-1.0,-1.0,-1.0,-1.0,-1.0,-1.0,-1.0,1.0,0.0,0.0,0.0,1.0,0.0,0.0,0.0,1.0,0.0,0.0,0.0
20260319_165846_036208,7,30,2.8768677711486816,0.4052891135215759,-0.1692985101464157,-4.143269542672646,0.0,0.1199601207358966,0.7434606552124023,0.0140297970716858,0.0,0.0,0.02,0.1492985101464157,0.0,carpet,12345,2458048498,0,0,7,0,0,0,0.1514128297567367,-0.7927992939949036,0.7761214375495911,-0.3028455972671509,-0.4626924991607666,-0.7493728995323181,-0.7951541543006897,0.0294887535274028,8.586317562730983e-05,0.9999141097068788,0.0727712512016296,-1.0,-1.0,-1.0,-1.0,-1.0,-1.0,-1.0,1.0,0.0,0.0,0.0,1.0,0.0,0.0,0.0,1.0,0.0,0.0,0.0
20260319_165846_036208,7,31,2.902848720550537,0.4089030623435974,-0.1699999999999999,-4.3132695426726455,0.0,-0.000378629998579,-0.3613948822021484,-0.0130177615921809,0.0,0.0,0.02,0.15,0.0,carpet,12345,2458048498,0,0,7,0,0,0,-0.2213484495878219,-0.5997830033302307,-0.7045845985412598,-0.7445806264877319,-1.0,-0.0803412571549415,0.6032736897468567,-0.0059070587158203,0.0057488810271024,0.9942511320114136,-0.0773982480168342,-1.0,-1.0,-1.0,-1.0,-1.0,-1.0,-1.0,1.0,0.0,0.0,0.0,1.0,0.0,0.0,0.0,1.0,0.0,0.0,0.0
20260319_165846_036208,7,32,2.8978490829467773,0.4043632745742798,-0.1620335824744455,-4.475303125147091,0.0,0.1132107217339637,0.4539787769317627,0.1593283505110889,0.0,0.0,0.02,0.1420335824744455,0.0,carpet,12345,2458048498,0,0,7,0,0,0,0.9789181351661682,0.0657497495412826,0.9138765335083008,0.7526991367340088,-0.0637175738811492,-0.799598753452301,-0.210302472114563,0.0265693664550781,0.0029961161781102,0.9970039129257202,0.0472267195582389,-1.0,-1.0,-1.0,-1.0,-1.0,-1.0,-1.0,1.0,0.0,0.0,0.0,1.0,0.0,0.0,0.0,1.0,0.0,0.0,0.0
20260319_165846_036208,7,33,2.878995180130005,0.4074576199054718,-0.1684275859189452,-4.643730711066036,0.0,0.0075494080206794,-0.3094345331192016,0.0314482816210954,0.0,0.0,0.02,0.1484275859189452,0.0,carpet,12345,2458048498,0,0,7,0,0,0,0.9555826783180236,-0.7732571959495544,0.1188017502427101,-0.8642940521240234,0.0809715166687965,0.3007996380329132,-0.692287027835846,0.0203197486698627,0.0064540919847786,0.9935458898544312,0.019454812631011,-1.0,-1.0,-1.0,-1.0,-1.0,-1.0,-1.0,1.0,0.0,0.0,0.0,1.0,0.0,0.0,0.0,1.0,0.0,0.0,0.0
20260319_165846_036208,7,34,2.912759304046631,0.417012870311737,-0.1699999999999999,-4.813730711066036,0.0,-0.2332192041411076,-0.955525040626526,-0.0807509744054186,0.0,0.0,0.02,0.15,0.0,carpet,12345,2458048498,0,0,7,0,0,0,0.7440058588981628,-0.9139929413795472,-0.8621511459350586,0.9393215775489808,0.8883792161941528,0.0024180414620786,1.0,-0.0032478333450853,0.0040971115231513,0.9959028363227844,-0.0742127075791359,-1.0,-1.0,-1.0,-1.0,-1.0,-1.0,-1.0,1.0,0.0,0.0,0.0,1.0,0.0,0.0,0.0,1.0,0.0,0.0,0.0
20260319_165846_036208,7,35,2.880671262741089,0.4057206213474273,-0.1642742881323624,-4.978004999198398,0.0,0.1073918210018973,1.1292248964309692,0.1145142373527505,0.0,0.0,0.02,0.1442742881323624,0.0,carpet,12345,2458048498,0,0,7,0,0,0,0.5089850425720215,-0.7134637832641602,0.0977846831083297,-0.9506218433380128,0.3513348698616028,-0.1810923367738723,-0.9411369562149048,0.0389575958251953,-0.0031812088564038,1.0,0.0984340608119964,-1.0,-1.0,-1.0,-1.0,-1.0,-1.0,-1.0,1.0,0.0,0.0,0.0,1.0,0.0,0.0,0.0,1.0,0.0,0.0,0.0
20260319_165846_036208,7,36,2.863008737564087,0.4118640720844269,-0.1699999999999999,-5.148004999198398,0.0,-0.0730424026735647,-0.6143450736999512,-0.0784882860567108,0.0,0.0,0.02,0.15,0.0,carpet,12345,2458048498,0,0,7,0,0,0,-0.7030906677246094,-0.8822318911552429,0.6735519766807556,0.3314872980117798,0.374424397945404,0.6836044788360596,-0.4974781274795532,-0.0011524200672283,0.0054201888851821,0.99457985162735,-0.0684989839792251,-1.0,-1.0,-1.0,-1.0,-1.0,-1.0,-1.0,1.0,0.0,0.0,0.0,1.0,0.0,0.0,0.0,1.0,0.0,0.0,0.0
20260319_165846_036208,7,37,2.879501819610596,0.4038330614566803,-0.1666058096184809,-5.314610808816879,0.0,0.1459934636885123,0.8031010627746582,0.0678838076303804,0.0,0.0,0.02,0.1466058096184809,0.0,carpet,12345,2458048498,0,0,7,0,0,0,-0.2665913999080658,0.0927810594439506,-0.4756281971931457,-0.4463814496994018,0.6260750889778137,0.0433847047388553,-0.07929527759552,-0.023230742663145,0.0007406606455333,0.9992592930793762,-0.1166444793343544,-1.0,-1.0,-1.0,-1.0,-1.0,-1.0,-1.0,1.0,0.0,0.0,0.0,1.0,0.0,0.0,0.0,1.0,0.0,0.0,0.0
20260319_165846_036208,7,38,2.865436315536499,0.4078250229358673,-0.1699999999999999,-5.484610808816879,0.0,0.0096960607866947,-0.3991961479187011,-0.0356308533168885,0.0,0.0,0.02,0.15,0.0,carpet,12345,2458048498,0,0,7,0,0,0,0.0784463137388229,0.1259739845991134,-0.8610149025917053,0.8467503786087036,0.8219732642173767,0.2129623293876648,-0.8394985198974609,-0.0026142119895666,0.006857983302325,0.9931420087814332,-0.0494895465672016,-1.0,-1.0,-1.0,-1.0,-1.0,-1.0,-1.0,1.0,0.0,0.0,0.0,1.0,0.0,0.0,0.0,1.0,0.0,0.0,0.0
20260319_165846_036208,7,39,2.887914657592773,0.4020544588565826,-0.1645822056882718,-5.649193014505151,0.0,0.1515361475721306,0.5770564079284668,0.1083558862345626,0.0,0.0,0.02,0.1445822056882718,0.0,carpet,12345,2458048498,0,0,7,0,0,0,-0.5123276114463806,0.1731359660625457,0.8298619389533997,-0.1457718461751938,-0.9376150369644164,-0.2516230046749115,0.2456309050321579,-0.0201961509883403,0.0038172644563019,0.9961827397346495,-0.1062920987606048,-1.0,-1.0,-1.0,-1.0,-1.0,-1.0,-1.0,1.0,0.0,0.0,0.0,1.0,0.0,0.0,0.0,1.0,0.0,0.0,0.0
20260319_165846_036208,7,40,2.8869078159332275,0.402317464351654,-0.1475673968161001,-5.796760411321252,0.0,0.1070769733023269,-0.0263005495071411,0.4486520636779971,0.0,0.0,0.02,0.1275673968161001,0.0,carpet,12345,2458048498,0,0,7,0,0,0,-0.0255835801362991,0.5124256014823914,-0.3815175592899322,-0.5956754088401794,0.4923596978187561,0.1273649036884308,-0.4005695283412933,0.0079017635434865,0.008212761953473,0.9917872548103333,-0.0123520288616418,-1.0,-1.0,-1.0,-1.0,-1.0,-1.0,-1.0,1.0,0.0,0.0,0.0,1.0,0.0,0.0,0.0,1.0,0.0,0.0,0.0
20260319_165846_036208,7,41,2.905580997467041,0.4140945076942444,-0.163642905545596,-5.960403316866848,0.0,-0.2141183535880202,-1.1777043342590332,0.1271418890880795,0.0,0.0,0.02,0.143642905545596,0.0,carpet,12345,2458048498,0,0,7,0,0,0,-0.5599291324615479,0.8193563222885132,0.9398794174194336,0.996062397956848,0.2985696196556091,-0.1310606449842453,0.8386821746826172,0.0066432952880859,0.0080124139785766,0.9919875860214232,-0.0251132491976022,-1.0,-1.0,-1.0,-1.0,-1.0,-1.0,-1.0,1.0,0.0,0.0,0.0,1.0,0.0,0.0,0.0,1.0,0.0,0.0,0.0
20260319_165846_036208,7,42,2.906385660171509,0.4158995151519775,-0.1699999999999999,-6.130403316866848,0.0,-0.2057139516343511,-0.1805007457733154,-0.0055296598727068,0.0,0.0,0.02,0.15,0.0,carpet,12345,2458048498,0,0,7,0,0,0,-0.7923405766487122,-0.9175546169281006,-0.6070641875267029,0.278256207704544,-0.3173778057098388,-1.0,0.2129234671592712,0.0299846641719341,-0.0009582678903825,1.0,0.0862737223505973,-1.0,-1.0,-1.0,-1.0,-1.0,-1.0,-1.0,1.0,0.0,0.0,0.0,1.0,0.0,0.0,0.0,1.0,0.0,0.0,0.0
20260319_165846_036208,7,43,2.892864942550659,0.4061174094676971,-0.1699999999999999,-6.300403316866848,0.0,0.0902671783812536,0.9782105684280396,-0.0612559451799654,0.0,0.0,0.02,0.15,0.0,carpet,12345,2458048498,0,0,7,0,0,0,-0.2168911099433899,-0.1392706483602523,0.2736138701438904,0.6749439239501953,0.8467950224876404,-0.6289918422698975,-0.2279590219259262,0.0309906005859375,-0.0023331537377089,1.0,0.087315134704113,-1.0,-1.0,-1.0,-1.0,-1.0,-1.0,-1.0,1.0,0.0,0.0,0.0,1.0,0.0,0.0,0.0,1.0,0.0,0.0,0.0
20260319_165846_036208,7,44,2.8862860202789307,0.4055419564247131,-0.1694432648053063,-6.4698465816721535,0.0,0.0820867098605333,0.0575453042984008,0.0111347038938731,0.0,0.0,0.02,0.1494432648053063,0.0,carpet,12345,2458048498,0,0,7,0,0,0,0.4503451287746429,-0.8211678862571716,0.3583147525787353,-0.7741414904594421,-0.0398800112307071,-0.3542883098125458,-0.3883163332939148,0.0140895843505859,0.0051179681904613,0.9948820471763612,0.0036721676588058,-1.0,-1.0,-1.0,-1.0,-1.0,-1.0,-1.0,1.0,0.0,0.0,0.0,1.0,0.0,0.0,0.0,1.0,0.0,0.0,0.0
20260319_165846_036208,7,45,2.861623764038086,0.4142796993255615,-0.1699999999999999,-6.6398465816721535,0.0,-0.1568785401257741,-0.8737742900848389,-0.2972799838040316,0.0,0.0,0.02,0.15,0.0,carpet,12345,2458048498,0,0,7,0,0,0,-0.8583059906959534,-0.2783301770687103,0.1815040856599807,0.3350865840911865,0.3269432783126831,-0.8149357438087463,-1.0,0.005865859799087,0.0055562914349138,0.9944437146186828,-0.0390854179859161,-1.0,-1.0,-1.0,-1.0,-1.0,-1.0,-1.0,1.0,0.0,0.0,0.0,1.0,0.0,0.0,0.0,1.0,0.0,0.0,0.0
20260319_165846_036208,7,46,2.909611225128174,0.4125254154205322,-0.1699999999999999,-6.809846581672153,0.0,-0.0738018074686408,0.1754283905029297,-0.4781587645749994,0.0,0.0,0.02,0.15,0.0,carpet,12345,2458048498,0,0,7,0,0,0,0.0248487424105405,-0.2724409401416778,0.7240391969680786,0.6769202351570129,-0.5747786164283752,0.7729933857917786,0.8127954006195068,-0.0249618533998727,-0.0010993392206728,1.0,-0.1254768818616867,-1.0,-1.0,-1.0,-1.0,-1.0,-1.0,-1.0,1.0,0.0,0.0,0.0,1.0,0.0,0.0,0.0,1.0,0.0,0.0,0.0
20260319_165846_036208,7,47,2.90368127822876,0.408243328332901,-0.1699999999999999,-6.979846581672153,0.0,0.0517008215893213,0.4282087087631225,-0.2123395893976578,0.0,0.0,0.02,0.15,0.0,carpet,12345,2458048498,0,0,7,0,0,0,-0.4393054246902466,-0.6478599309921265,-0.2733438014984131,0.2945913970470428,0.7320432662963867,-0.1827494949102401,-0.2907466888427734,0.0350223556160926,0.0002369300491409,0.999763011932373,0.0723096951842308,-1.0,-1.0,-1.0,-1.0,-1.0,-1.0,-1.0,1.0,0.0,0.0,0.0,1.0,0.0,0.0,0.0,1.0,0.0,0.0,0.0
20260319_165846_036208,7,48,2.9219954013824463,0.4229974746704101,-0.1699999999999999,-7.149846581672153,0.0,-0.3300780422457592,-1.4754146337509155,-0.3367036800090659,0.0,0.0,0.02,0.15,0.0,carpet,12345,2458048498,0,0,7,0,0,0,0.059497058391571,0.678429365158081,-0.6481345295906067,-0.1642422527074813,-0.6552841067314148,0.5203861594200134,1.0,0.0276100151240825,0.0034986264072358,0.9965014457702636,0.0287295579910278,-1.0,-1.0,-1.0,-1.0,-1.0,-1.0,-1.0,1.0,0.0,0.0,0.0,1.0,0.0,0.0,0.0,1.0,0.0,0.0,0.0
20260319_165846_036208,7,49,2.926011323928833,0.4325438141822815,-0.1699999999999999,-7.319846581672153,0.0,-0.4862170194810744,-0.9546339511871338,-0.913187877871394,0.0,0.0,0.02,0.15,0.0,carpet,12345,2458048498,0,0,7,0,0,0,-0.6567844152450562,-0.4168576598167419,0.2398059964179992,0.934848427772522,0.5216006636619568,0.8464629054069519,0.6888455152511597,0.0505027770996093,-0.0077397441491484,1.0,0.1328497380018234,-1.0,-1.0,-1.0,-1.0,-1.0,-1.0,-1.0,1.0,0.0,0.0,0.0,1.0,0.0,0.0,0.0,1.0,0.0,0.0,0.0
20260319_165846_036208,7,50,2.9253947734832764,0.4323320686817169,-0.1699999999999999,-7.489846581672153,0.0,-0.3593691270966985,0.0211745500564575,-1.354643714828626,0.0,0.0,0.02,0.15,0.0,carpet,12345,2458048498,0,0,7,0,0,0,-0.127002015709877,-0.2882605195045471,0.4904776811599731,0.8107143640518188,1.0,-0.9944313168525696,0.7614571452140808,0.0555225387215614,-0.0150112947449088,1.0,0.1607912480831146,-1.0,-1.0,-1.0,-1.0,-1.0,-1.0,-1.0,1.0,0.0,0.0,0.0,1.0,0.0,0.0,0.0,1.0,0.0,0.0,0.0
20260319_165846_036208,7,51,2.910459041595459,0.4075818657875061,-0.1699999999999999,-7.659846581672153,0.0,0.3492282270327109,2.475020289421081,-0.8485369476701408,0.0,0.0,0.02,0.15,0.0,carpet,12345,2458048498,0,0,7,0,0,0,-0.0462865121662616,0.3946793973445892,1.0,-0.8873611688613892,-0.0678850561380386,0.7587813138961792,-0.1510066241025924,0.0547519698739051,-0.0148499999195337,1.0,0.1552439779043197,-1.0,-1.0,-1.0,-1.0,-1.0,-1.0,-1.0,1.0,0.0,0.0,0.0,1.0,0.0,0.0,0.0,1.0,0.0,0.0,0.0
20260319_165846_036208,7,52,2.8947482109069824,0.4070701003074646,-0.1699999999999999,-7.829846581672153,0.0,0.2747153072756134,0.0511765480041503,-0.5000198329258865,0.0,0.0,0.02,0.15,0.0,carpet,12345,2458048498,0,0,7,0,0,0,0.7641303539276123,0.8790946006774902,0.343110591173172,0.5071871876716614,0.4749718010425567,0.2397488206624984,-0.5391302704811096,0.0360820777714252,0.0040024733170866,0.9959974884986876,0.0587710514664649,-1.0,-1.0,-1.0,-1.0,-1.0,-1.0,-1.0,1.0,0.0,0.0,0.0,1.0,0.0,0.0,0.0,1.0,0.0,0.0,0.0
20260319_165846_036208,7,53,2.889944076538086,0.4086031913757324,-0.1699999999999999,-7.999846581672153,0.0,0.1677092037500074,-0.1533091068267822,-0.3840114507652004,0.0,0.0,0.02,0.15,0.0,carpet,12345,2458048498,0,0,7,0,0,0,0.4379332661628723,-0.9002362489700317,-0.7082333564758301,-0.427445501089096,-0.593333899974823,-0.4645006358623504,-0.5223926901817322,0.0164436344057321,0.0043923007324337,0.995607614517212,-0.0282470341771841,-1.0,-1.0,-1.0,-1.0,-1.0,-1.0,-1.0,1.0,0.0,0.0,0.0,1.0,0.0,0.0,0.0,1.0,0.0,0.0,0.0
20260319_165846_036208,7,54,2.874751329421997,0.4166823327541351,-0.1699999999999999,-8.169846581672154,0.0,-0.0761966316475764,-0.807914137840271,-0.1301300401670175,0.0,0.0,0.02,0.15,0.0,carpet,12345,2458048498,0,0,7,0,0,0,0.5500398278236389,-0.485068678855896,-0.6092606782913208,-0.9273306727409364,-0.3288829326629638,-0.1719711422920227,-0.9096745252609252,0.0104385372251272,0.0032245034817606,0.9967755079269408,-0.0506179258227348,-1.0,-1.0,-1.0,-1.0,-1.0,-1.0,-1.0,1.0,0.0,0.0,0.0,1.0,0.0,0.0,0.0,1.0,0.0,0.0,0.0
20260319_165846_036208,7,55,2.880523920059204,0.4091833829879761,-0.1456793375133824,-8.315525919185536,0.0,0.1303262704182941,0.7498949766159058,0.486413249732351,0.0,0.0,0.02,0.1256793375133824,0.0,carpet,12345,2458048498,0,0,7,0,0,0,-0.404528945684433,0.0060058496892452,0.7326576113700867,0.5532069206237793,0.6194764375686646,-0.6482582092285156,-0.3265493810176849,-0.0085525512695312,-0.0029294306878,1.0,-0.1040503680706024,-1.0,-1.0,-1.0,-1.0,-1.0,-1.0,-1.0,1.0,0.0,0.0,0.0,1.0,0.0,0.0,0.0,1.0,0.0,0.0,0.0
20260319_165846_036208,7,56,2.891510009765625,0.4050289988517761,-0.1176306658476104,-8.433156585033146,0.0,0.2016043062187407,0.4154384136199951,1.0473866830477905,0.0,0.0,0.02,0.0976306658476104,0.0,carpet,12345,2458048498,0,0,7,0,0,0,-0.0458865985274314,-0.593643844127655,-0.7818821668624878,-0.3504590392112732,1.0,0.0871951431035995,-0.1567665487527847,-0.0013366698985919,0.0027825769502669,0.9972174167633056,-0.0793651714920997,-1.0,-1.0,-1.0,-1.0,-1.0,-1.0,-1.0,1.0,0.0,0.0,0.0,1.0,0.0,0.0,0.0,1.0,0.0,0.0,0.0
20260319_165846_036208,7,57,2.905043601989746,0.4053303897380829,-0.127908654323927,-8.561065239357072,0.0,0.1436684575063793,-0.0301390886306762,0.8418269135214587,0.0,0.0,0.02,0.107908654323927,0.0,carpet,12345,2458048498,0,0,7,0,0,0,-0.3008935749530792,0.5133877992630005,0.1920662969350814,0.5529889464378357,0.6167129278182983,0.9923080205917358,0.2427039295434951,0.0123958587646484,0.0059470199048519,0.9940530061721802,-0.0318976566195488,-1.0,-1.0,-1.0,-1.0,-1.0,-1.0,-1.0,1.0,0.0,0.0,0.0,1.0,0.0,0.0,0.0,1.0,0.0,0.0,0.0
20260319_165846_036208,7,58,2.908940076828003,0.4097237288951874,-0.1417485264776002,-8.702813765834673,0.0,-0.0020821357978491,-0.4393339157104492,0.5650294704479961,0.0,0.0,0.02,0.1217485264776001,0.0,carpet,12345,2458048498,0,0,7,0,0,0,0.3142452239990234,0.0311112906783819,-0.6730802655220032,0.6754579544067383,-0.3456802070140838,-0.2855530977249145,0.3268458545207977,0.0293128974735736,0.0057174414396286,0.9942825436592102,0.0389500483870506,-1.0,-1.0,-1.0,-1.0,-1.0,-1.0,-1.0,1.0,0.0,0.0,0.0,1.0,0.0,0.0,0.0,1.0,0.0,0.0,0.0
20260319_165846_036208,7,59,2.8996214866638184,0.4082023203372955,-0.1483103060601547,-8.851124071894828,0.0,0.0364736120989164,0.1521408557891845,0.4337938787969051,0.0,0.0,0.02,0.1283103060601547,0.0,carpet,12345,2458048498,0,0,7,0,0,0,0.7083594799041748,-0.0548869967460632,0.242611289024353,0.9568303823471068,-0.5046596527099609,0.6245236992835999,-0.2403868585824966,0.0341835021972656,0.0023709859233349,0.9976290464401244,0.0667629465460777,-1.0,-1.0,-1.0,-1.0,-1.0,-1.0,-1.0,1.0,0.0,0.0,0.0,1.0,0.0,0.0,0.0,1.0,0.0,0.0,0.0
20260319_165846_036208,7,60,2.893157482147217,0.406141072511673,-0.1405561542420369,-8.991680226136864,0.0,0.0788864047147797,0.2061247825622558,0.5888769151592612,0.0,0.0,0.02,0.1205561542420369,0.0,carpet,12345,2458048498,0,0,7,0,0,0,0.5784286260604858,-0.7893215417861938,-0.19052255153656,-0.8887225985527039,0.5324644446372986,-0.2855275273323059,-0.3175659477710724,0.0225353240966796,0.0035298627335578,0.9964701533317566,0.0184537470340728,-1.0,-1.0,-1.0,-1.0,-1.0,-1.0,-1.0,1.0,0.0,0.0,0.0,1.0,0.0,0.0,0.0,1.0,0.0,0.0,0.0
20260319_165846_036208,7,61,2.8975446224212646,0.4076395332813263,-0.1459873035482158,-9.13766752968508,0.0,0.0217032842947162,-0.149846076965332,0.4802539290356833,0.0,0.0,0.02,0.1259873035482158,0.0,carpet,12345,2458048498,0,0,7,0,0,0,-0.9312019348144532,-0.5737247467041016,-0.7769289612770081,-0.8932808041572571,-0.3711636662483215,0.770357608795166,0.0507111251354217,0.0144550325348973,0.0050999238155782,0.9949000477790833,-0.0199992042034864,-1.0,-1.0,-1.0,-1.0,-1.0,-1.0,-1.0,1.0,0.0,0.0,0.0,1.0,0.0,0.0,0.0,1.0,0.0,0.0,0.0
20260319_165846_036208,7,62,2.879976272583008,0.4084317684173584,-0.15624393961814,-9.29391146930322,0.0,-0.0035284151797441,-0.0792235136032104,0.2751212076371985,0.0,0.0,0.02,0.13624393961814,0.0,carpet,12345,2458048498,0,0,7,0,0,0,0.3162987232208252,-0.8814600706100464,0.7261749505996704,0.8886228799819946,0.3383656740188598,0.4617645740509033,-0.8829383850097656,0.0199390407651662,0.0039585391059517,0.9960414171218872,0.0069776871241629,-1.0,-1.0,-1.0,-1.0,-1.0,-1.0,-1.0,1.0,0.0,0.0,0.0,1.0,0.0,0.0,0.0,1.0,0.0,0.0,0.0
20260319_165846_036208,7,63,2.922001361846924,0.4175084233283996,-0.1699999999999999,-9.46391146930322,0.0,-0.229562684160868,-0.907665491104126,-0.0981099340300488,0.0,0.0,0.02,0.15,0.0,carpet,12345,2458048498,0,0,7,0,0,0,-0.6809557676315308,1.0,-0.2306206673383712,-0.4925992488861084,0.7147466540336609,0.2994840741157532,0.9879361987113952,-0.0020214081741869,0.0033550853841006,0.9966448545455932,-0.0794407650828361,-1.0,-1.0,-1.0,-1.0,-1.0,-1.0,-1.0,1.0,0.0,0.0,0.0,1.0,0.0,0.0,0.0,1.0,0.0,0.0,0.0
20260319_165846_036208,7,64,2.901381731033325,0.4071005880832672,-0.1699999999999999,-9.63391146930322,0.0,0.0880238680076956,1.0407835245132446,-0.008003930224504,0.0,0.0,0.02,0.15,0.0,carpet,12345,2458048498,0,0,7,0,0,0,-0.5331270098686218,0.206876203417778,0.759096622467041,-0.8510975241661072,-0.3645563423633575,0.7390304207801819,-0.681466281414032,0.0505100265145301,-0.0035586871672421,1.0,0.1298793852329254,-1.0,-1.0,-1.0,-1.0,-1.0,-1.0,-1.0,1.0,0.0,0.0,0.0,1.0,0.0,0.0,0.0,1.0,0.0,0.0,0.0
20260319_165846_036208,7,65,2.9206950664520264,0.4148326218128204,-0.1699999999999999,-9.80391146930322,0.0,-0.1272829422330801,-0.7732033729553223,-0.1717604845565006,0.0,0.0,0.02,0.15,0.0,carpet,12345,2458048498,0,0,7,0,0,0,1.0,-0.6815642714500427,0.3384762406349182,0.91097891330719,-0.7355568408966064,-0.0017805559327825,0.8329119682312012,0.0247356407344341,0.0043690553866326,0.9956308603286744,-0.0003735906793735,-1.0,-1.0,-1.0,-1.0,-1.0,-1.0,-1.0,1.0,0.0,0.0,0.0,1.0,0.0,0.0,0.0,1.0,0.0,0.0,0.0
20260319_165846_036208,7,66,2.9176692962646484,0.4121297895908355,-0.1699999999999999,-9.97391146930322,0.0,-0.0278914011251742,0.2702832221984863,-0.2785382903964546,0.0,0.0,0.02,0.15,0.0,carpet,12345,2458048498,0,0,7,0,0,0,-1.0,0.9962486624717712,-0.9220248460769652,-0.839031457901001,0.401946485042572,0.8647559285163879,0.0249531380832195,0.0488773360848426,-0.0015204900410026,1.0,0.1114690825343132,-1.0,-1.0,-1.0,-1.0,-1.0,-1.0,-1.0,1.0,0.0,0.0,0.0,1.0,0.0,0.0,0.0,1.0,0.0,0.0,0.0
20260319_165846_036208,7,67,2.9116687774658203,0.4094542562961578,-0.1699999999999999,-10.14391146930322,0.0,0.0459697815230697,0.2675533294677734,-0.2542717931681011,0.0,0.0,0.02,0.15,0.0,carpet,12345,2458048498,0,0,7,0,0,0,-0.8135173916816711,0.04968037083745,0.9165155291557312,-0.5249283313751221,0.5669087767601013,0.383341521024704,-0.070997379720211,0.0450950637459754,0.0005382793024182,0.9994617700576782,0.0891318097710609,-1.0,-1.0,-1.0,-1.0,-1.0,-1.0,-1.0,1.0,0.0,0.0,0.0,1.0,0.0,0.0,0.0,1.0,0.0,0.0,0.0
20260319_165846_036208,7,68,2.9023895263671875,0.4062002003192901,-0.1699999999999999,-10.31391146930322,0.0,0.1158287355639799,0.3254055976867676,-0.134914642424377,0.0,0.0,0.02,0.15,0.0,carpet,12345,2458048498,0,0,7,0,0,0,-0.1805551499128341,-0.7595142722129822,-0.645691454410553,0.841172993183136,0.1995560526847839,0.786264181137085,-0.382887989282608,0.0375942215323448,0.0025762438308447,0.9974238276481628,0.0506772547960281,-1.0,-1.0,-1.0,-1.0,-1.0,-1.0,-1.0,1.0,0.0,0.0,0.0,1.0,0.0,0.0,0.0,1.0,0.0,0.0,0.0
20260319_165846_036208,7,69,2.899543285369873,0.4070752263069153,-0.1620178028140582,-10.475929272117275,0.0,0.0649959019823427,-0.0875025987625122,0.1596439437188337,0.0,0.0,0.02,0.1420178028140583,0.0,carpet,12345,2458048498,0,0,7,0,0,0,0.7775025963783264,-0.9334238171577454,-0.9062347412109376,-0.1583126485347747,-0.8397844433784485,0.3692919909954071,-0.2317568361759185,0.0259952545166015,0.0050548855215311,0.9949451684951782,4.273749800631777e-05,-1.0,-1.0,-1.0,-1.0,-1.0,-1.0,-1.0,1.0,0.0,0.0,0.0,1.0,0.0,0.0,0.0,1.0,0.0,0.0,0.0
20260319_165846_036208,7,70,2.894294500350952,0.4077585637569427,-0.1648358217026381,-10.640765093819915,0.0,0.0316634902360988,-0.0683337450027465,0.1032835659472368,0.0,0.0,0.02,0.1448358217026381,0.0,carpet,12345,2458048498,0,0,7,0,0,0,-0.4871326982975006,-0.3487828373908996,0.2541610300540924,-0.1276122033596038,-0.5732998251914978,0.4882270693778991,-0.5994790196418762,0.022437285631895,0.0043883780017495,0.995611608028412,-0.0097161112353205,-1.0,-1.0,-1.0,-1.0,-1.0,-1.0,-1.0,1.0,0.0,0.0,0.0,1.0,0.0,0.0,0.0,1.0,0.0,0.0,0.0
20260319_165846_036208,7,71,2.9115116596221924,0.4081051647663116,-0.1577175449688437,-10.79848263878876,0.0,0.015082592442809,-0.0346601009368896,0.245649100623126,0.0,0.0,0.02,0.1377175449688437,0.0,carpet,12345,2458048498,0,0,7,0,0,0,-0.2817919850349426,0.0403999499976635,0.5557116270065308,-0.813431978225708,-1.0,-0.6843460202217102,0.3446665704250335,0.0158763881772756,0.0038678816054016,0.9961320757865906,-0.0366094522178173,-1.0,-1.0,-1.0,-1.0,-1.0,-1.0,-1.0,1.0,0.0,0.0,0.0,1.0,0.0,0.0,0.0,1.0,0.0,0.0,0.0
20260319_165846_036208,7,72,2.9017221927642822,0.4059547185897827,-0.153069319975317,-10.951551958764076,0.0,0.0650730987453584,0.215044617652893,0.3386136004936588,0.0,0.0,0.02,0.133069319975317,0.0,carpet,12345,2458048498,0,0,7,0,0,0,0.9659852385520936,0.5894386768341064,-0.4472544491291046,-5.319498450262472e-05,0.2820822596549988,0.1879741549491882,-0.5004453659057617,0.0373977646231651,0.0036038705147802,0.9963961243629456,0.0472664721310138,-1.0,-1.0,-1.0,-1.0,-1.0,-1.0,-1.0,1.0,0.0,0.0,0.0,1.0,0.0,0.0,0.0,1.0,0.0,0.0,0.0
20260319_165846_036208,7,73,2.9209582805633545,0.4166817367076874,-0.1663363404958997,-11.117888299259976,0.0,-0.2193706288885835,-1.0727018117904663,0.0732731900820056,0.0,0.0,0.02,0.1463363404958997,0.0,carpet,12345,2458048498,0,0,7,0,0,0,0.7580429315567017,0.549350917339325,-0.0327745676040649,-0.3125149309635162,-0.2959149777889251,0.6410943269729614,0.8554072976112366,0.0251609794795513,0.0052418960258364,0.994758129119873,-0.0021873915102332,-1.0,-1.0,-1.0,-1.0,-1.0,-1.0,-1.0,1.0,0.0,0.0,0.0,1.0,0.0,0.0,0.0,1.0,0.0,0.0,0.0
20260319_165846_036208,7,74,2.913170337677002,0.4123947024345398,-0.1699999999999999,-11.287888299259976,0.0,-0.0573521148377551,0.4287034273147583,-0.0999076603197295,0.0,0.0,0.02,0.15,0.0,carpet,12345,2458048498,0,0,7,0,0,0,-0.705994725227356,0.8310738801956177,0.7854589223861694,-1.0,-0.0477653257548809,-0.1241426989436149,-0.1535658091306686,0.0492061600089073,-0.0029289948288351,1.0,0.120081789791584,-1.0,-1.0,-1.0,-1.0,-1.0,-1.0,-1.0,1.0,0.0,0.0,0.0,1.0,0.0,0.0,0.0,1.0,0.0,0.0,0.0
20260319_165846_036208,7,75,2.920398235321045,0.416549801826477,-0.1699999999999999,-11.457888299259976,0.0,-0.1468915709267548,-0.4155099391937256,-0.3117951332288271,0.0,0.0,0.02,0.15,0.0,carpet,12345,2458048498,0,0,7,0,0,0,-0.1156448796391487,0.7644728422164917,0.0606034249067306,0.4454637467861175,-0.6144698858261108,-0.2480815798044204,0.7050210237503052,0.039471436291933,0.000336479046382,0.9996635317802428,0.0695671960711479,-1.0,-1.0,-1.0,-1.0,-1.0,-1.0,-1.0,1.0,0.0,0.0,0.0,1.0,0.0,0.0,0.0,1.0,0.0,0.0,0.0
20260319_165846_036208,7,76,2.9178829193115234,0.4165794551372528,-0.1699999999999999,-11.627888299259975,0.0,-0.11091001096446,-0.0029653310775756,-0.454368634429386,0.0,0.0,0.02,0.15,0.0,carpet,12345,2458048498,0,0,7,0,0,0,-0.7597951292991638,0.8204671740531921,-0.3634186089038849,1.0,0.3192225694656372,0.7222302556037903,0.1839073598384857,0.0485061630606651,-0.0028284869622439,1.0,0.1245538890361785,-1.0,-1.0,-1.0,-1.0,-1.0,-1.0,-1.0,1.0,0.0,0.0,0.0,1.0,0.0,0.0,0.0,1.0,0.0,0.0,0.0
20260319_165846_036208,7,77,2.9173343181610107,0.4113982021808624,-0.1699999999999999,-11.797888299259975,0.0,0.0463488156864002,0.5181252956390381,-0.4231024111857948,0.0,0.0,0.02,0.15,0.0,carpet,12345,2458048498,0,0,7,0,0,0,-0.6173058748245239,-0.6475803256034851,0.9459112286567688,-0.53910231590271,0.8060979843139648,0.7039287090301514,0.2781648635864258,0.0453620925545692,-0.0028510640840977,1.0,0.1043865084648132,-1.0,-1.0,-1.0,-1.0,-1.0,-1.0,-1.0,1.0,0.0,0.0,0.0,1.0,0.0,0.0,0.0,1.0,0.0,0.0,0.0
20260319_165846_036208,7,78,2.9171760082244877,0.411174863576889,-0.1699999999999999,-11.967888299259975,0.0,0.0403450768641562,0.0223338603973388,-0.4478304330669971,0.0,0.0,0.02,0.15,0.0,carpet,12345,2458048498,0,0,7,0,0,0,-0.7066965103149414,0.9104475378990172,-0.6717824935913086,-0.0996909886598587,0.9796784520149232,-0.7812552452087402,0.1753739714622497,0.0446762070059776,0.001095532788895,0.9989044666290284,0.0979793518781662,-1.0,-1.0,-1.0,-1.0,-1.0,-1.0,-1.0,1.0,0.0,0.0,0.0,1.0,0.0,0.0,0.0,1.0,0.0,0.0,0.0
20260319_165846_036208,7,79,2.9106321334838867,0.4084676504135132,-0.1699999999999999,-12.137888299259975,0.0,0.0979391367325206,0.2707213163375854,-0.1305206674458929,0.0,0.0,0.02,0.15,0.0,carpet,12345,2458048498,0,0,7,0,0,0,0.348705917596817,-0.8816658854484558,1.0,-0.9301057457923888,-0.6877881288528442,0.5470393300056458,-0.1403319388628006,0.0444782264530658,0.0012656609760597,0.998734414577484,0.0927803069353103,-1.0,-1.0,-1.0,-1.0,-1.0,-1.0,-1.0,1.0,0.0,0.0,0.0,1.0,0.0,0.0,0.0,1.0,0.0,0.0,0.0
20260319_165846_036208,7,80,2.9160401821136475,0.4095381796360016,-0.1699999999999999,-12.307888299259975,0.0,0.0466911219871519,-0.1070529222488403,-0.0264774306209858,0.0,0.0,0.02,0.15,0.0,carpet,12345,2458048498,0,0,7,0,0,0,-0.5518768429756165,0.628524899482727,-1.0,0.7513507604598999,-0.9875189661979676,0.7591429352760315,0.3942273259162903,0.0362983718514442,0.0033277717884629,0.99667227268219,0.0467277504503726,-1.0,-1.0,-1.0,-1.0,-1.0,-1.0,-1.0,1.0,0.0,0.0,0.0,1.0,0.0,0.0,0.0,1.0,0.0,0.0,0.0
20260319_165846_036208,7,81,2.917202949523926,0.411188006401062,-0.1642906593665185,-12.472178958626492,0.0,-0.0062273276361395,-0.1649826765060424,0.1141868126696294,0.0,0.0,0.02,0.1442906593665185,0.0,carpet,12345,2458048498,0,0,7,0,0,0,0.6402597427368164,-0.1158145442605018,0.71446692943573,-0.6629154086112976,-0.6817862391471863,0.6693657040596008,0.2330120652914047,0.0430583953857421,0.0025123187806457,0.997487723827362,0.0882966890931129,-1.0,-1.0,-1.0,-1.0,-1.0,-1.0,-1.0,1.0,0.0,0.0,0.0,1.0,0.0,0.0,0.0,1.0,0.0,0.0,0.0
20260319_165846_036208,7,82,2.92620587348938,0.4271959364414215,-0.1699999999999999,-12.642178958626491,0.0,-0.4048687467360707,-1.6007930040359497,-0.1797719231019812,0.0,0.0,0.02,0.15,0.0,carpet,12345,2458048498,0,0,7,0,0,0,-0.6968134641647339,-0.6809556484222412,-0.7557108402252197,-0.2644336223602295,-0.2212641984224319,0.2702741920948028,0.9709685444831848,0.0445121750235557,0.0012556363362818,0.9987443685531616,0.0931087285280227,-1.0,-1.0,-1.0,-1.0,-1.0,-1.0,-1.0,1.0,0.0,0.0,0.0,1.0,0.0,0.0,0.0,1.0,0.0,0.0,0.0
20260319_165846_036208,7,83,2.927084684371948,0.4296379089355469,-0.1699999999999999,-12.812178958626491,0.0,-0.3647008724052227,-0.2441972494125366,-0.5908216111936042,0.0,0.0,0.02,0.15,0.0,carpet,12345,2458048498,0,0,7,0,0,0,0.779163658618927,-0.8180548548698425,0.0052547636441886,0.4877544641494751,0.6015320420265198,0.7124727368354797,0.6103072166442871,0.0557655319571495,-0.0109377475455403,1.0,0.1640552878379821,-1.0,-1.0,-1.0,-1.0,-1.0,-1.0,-1.0,1.0,0.0,0.0,0.0,1.0,0.0,0.0,0.0,1.0,0.0,0.0,0.0
20260319_165846_036208,7,84,2.9008352756500244,0.4013946950435638,-0.1699999999999999,-12.982178958626491,0.0,0.4325546929956942,2.8243213891983032,-0.1986119950620661,0.0,0.0,0.02,0.15,0.0,carpet,12345,2458048498,0,0,7,0,0,0,-0.5884776711463928,-0.2106023132801056,0.6512191891670227,0.0021637172903865,-0.6670862436294556,0.9504608511924744,-0.5640242695808411,0.0568641647696495,-0.0127978259697556,1.0,0.1721779853105545,-1.0,-1.0,-1.0,-1.0,-1.0,-1.0,-1.0,1.0,0.0,0.0,0.0,1.0,0.0,0.0,0.0,1.0,0.0,0.0,0.0
20260319_165846_036208,7,85,2.8934977054595947,0.4031259417533874,-0.1699999999999999,-13.152178958626491,0.0,0.2811348520011734,-0.1731246709823608,-0.0154162797934134,0.0,0.0,0.02,0.15,0.0,carpet,12345,2458048498,0,0,7,0,0,0,-1.0,0.7590685486793518,-0.0260151922702789,-0.3865593671798706,0.5459898710250854,-0.8937100172042847,-0.3732458651065826,0.0240524299442768,0.0087153008207678,0.9912846684455872,0.0029312416445463,-1.0,-1.0,-1.0,-1.0,-1.0,-1.0,-1.0,1.0,0.0,0.0,0.0,1.0,0.0,0.0,0.0,1.0,0.0,0.0,0.0
20260319_165846_036208,7,86,2.893796682357788,0.4027996957302093,-0.1621550056100116,-13.314333964236504,0.0,0.2190072895803325,0.03262460231781,0.1568998877997671,0.0,0.0,0.02,0.1421550056100116,0.0,carpet,12345,2458048498,0,0,7,0,0,0,0.121058814227581,-0.6305739283561707,0.5815304517745972,0.1833697855472564,-0.3909820318222046,-0.2745095193386078,-0.3604714870452881,0.0148803712800145,0.0073965820483863,0.992603361606598,-0.0335765890777111,-1.0,-1.0,-1.0,-1.0,-1.0,-1.0,-1.0,1.0,0.0,0.0,0.0,1.0,0.0,0.0,0.0,1.0,0.0,0.0,0.0
20260319_165846_036208,7,87,2.9159276485443115,0.411204069852829,-0.1641363335222178,-13.478470297758722,0.0,-0.0458538858802626,-0.8404374122619629,0.117273329555644,0.0,0.0,0.02,0.1441363335222178,0.0,carpet,12345,2458048498,0,0,7,0,0,0,0.2896376848220825,-0.2524888515472412,-0.4866268038749695,0.6812708973884583,-0.0806788280606269,0.4819929003715515,0.6206861138343811,0.0152542116120457,0.0076451059430837,0.9923548698425292,-0.0322596468031406,-1.0,-1.0,-1.0,-1.0,-1.0,-1.0,-1.0,1.0,0.0,0.0,0.0,1.0,0.0,0.0,0.0,1.0,0.0,0.0,0.0
20260319_165846_036208,7,88,2.9209506511688232,0.417142778635025,-0.1530358028836684,-13.63150610064239,0.0,-0.1828581339650838,-0.5938708782196045,0.3392839423266309,0.0,0.0,0.02,0.1330358028836684,0.0,carpet,12345,2458048498,0,0,7,0,0,0,0.4815668761730194,0.0567931421101093,-0.996457040309906,-0.3899167776107788,0.2459332048892974,-0.0653624385595321,0.6169207096099854,0.0429180152714252,0.0012434032978489,0.9987565875053406,0.0904149487614631,-1.0,-1.0,-1.0,-1.0,-1.0,-1.0,-1.0,1.0,0.0,0.0,0.0,1.0,0.0,0.0,0.0,1.0,0.0,0.0,0.0
20260319_165846_036208,7,89,2.8986380100250244,0.4012529253959656,-0.121795622738274,-13.753301723380664,0.0,0.2601027305026662,1.5889853239059448,0.96408754523452,0.0,0.0,0.02,0.101795622738274,0.0,carpet,12345,2458048498,0,0,7,0,0,0,0.125910073518753,0.5749295353889465,0.4283607006072998,0.6176184415817261,0.8029174208641052,-0.7580661177635193,-0.581387460231781,0.0491966232657432,-0.0032801765482872,1.0,0.1318026483058929,-1.0,-1.0,-1.0,-1.0,-1.0,-1.0,-1.0,1.0,0.0,0.0,0.0,1.0,0.0,0.0,0.0,1.0,0.0,0.0,0.0
20260319_165846_036208,7,90,2.89047646522522,0.4028549790382385,-0.1356720720470488,-13.888973795427711,0.0,0.1550257068201972,-0.1602053642272949,0.6865585590590229,0.0,0.0,0.02,0.1156720720470488,0.0,carpet,12345,2458048498,0,0,7,0,0,0,0.7103748917579651,0.7359959483146667,-0.7498445510864258,-0.6114007830619812,0.3625414967536926,0.9218408465385436,-0.2887810170650482,0.0213058479130268,0.0088232764974236,0.9911766648292542,-0.002317460719496,-1.0,-1.0,-1.0,-1.0,-1.0,-1.0,-1.0,1.0,0.0,0.0,0.0,1.0,0.0,0.0,0.0,1.0,0.0,0.0,0.0
20260319_165846_036208,7,91,2.888878107070923,0.4038524627685547,-0.1451622053042467,-14.03413600073196,0.0,0.0913321868572154,-0.0997483730316162,0.4967558939150649,0.0,0.0,0.02,0.1251622053042467,0.0,carpet,12345,2458048498,0,0,7,0,0,0,0.7637652158737183,0.0227414648979902,-0.0730479806661605,0.8581854701042175,0.9658373594284058,-0.2441869378089904,-0.5762929320335388,0.0111038209870457,0.0076029733754694,0.9923969507217408,-0.036545094102621,-1.0,-1.0,-1.0,-1.0,-1.0,-1.0,-1.0,1.0,0.0,0.0,0.0,1.0,0.0,0.0,0.0,1.0,0.0,0.0,0.0
20260319_165846_036208,7,92,2.917264699935913,0.4119738340377807,-0.1628393268626493,-14.19697532759461,0.0,-0.1345351415877189,-0.8121371269226074,0.1432134627470134,0.0,0.0,0.02,0.1428393268626493,0.0,carpet,12345,2458048498,0,0,7,0,0,0,0.3470540344715118,0.446646511554718,-0.4460218250751495,-0.5728743672370911,-0.0611992962658405,-0.9752448201179504,0.7549192309379578,0.0091060642153024,0.0068431934341788,0.9931568503379822,-0.0454450659453868,-1.0,-1.0,-1.0,-1.0,-1.0,-1.0,-1.0,1.0,0.0,0.0,0.0,1.0,0.0,0.0,0.0,1.0,0.0,0.0,0.0
20260319_165846_036208,7,93,2.899300575256348,0.4013296365737915,-0.1522864535481898,-14.3492617811428,0.0,0.165203580408928,1.0644197463989258,0.354270929036204,0.0,0.0,0.02,0.1322864535481898,0.0,carpet,12345,2458048498,0,0,7,0,0,0,0.2700456976890564,-0.2390962094068527,0.7248241305351257,-0.1954459547996521,0.856758177280426,-1.0,-0.6241903305053711,0.0445892326533794,0.0006570639670826,0.9993429780006408,0.1057627201080322,-1.0,-1.0,-1.0,-1.0,-1.0,-1.0,-1.0,1.0,0.0,0.0,0.0,1.0,0.0,0.0,0.0,1.0,0.0,0.0,0.0
20260319_165846_036208,7,94,2.8938302993774414,0.4023563861846924,-0.1382318495982258,-14.487493630741024,0.0,0.0982339450341953,-0.1026749610900878,0.6353630080354833,0.0,0.0,0.02,0.1182318495982258,0.0,carpet,12345,2458048498,0,0,7,0,0,0,-0.5046672224998474,0.1504853516817093,-1.0,-0.7679705023765564,0.9173728823661804,-0.5367021560668945,-0.1803262084722519,0.0221340171992778,0.0087648434564471,0.9912351369857788,-0.0047838827595114,-1.0,-1.0,-1.0,-1.0,-1.0,-1.0,-1.0,1.0,0.0,0.0,0.0,1.0,0.0,0.0,0.0,1.0,0.0,0.0,0.0
20260319_165846_036208,7,95,2.887915134429932,0.4034126102924347,-0.1488734933192557,-14.63636712406028,0.0,0.0472698560820674,-0.1056224107742309,0.4225301336148845,0.0,0.0,0.02,0.1288734933192557,0.0,carpet,12345,2458048498,0,0,7,0,0,0,-0.1019225642085075,-0.6216307282447815,0.6397597789764404,0.9014108777046204,-0.0977162420749664,0.3898847997188568,-0.6984790563583374,0.0152961732819676,0.0079827765002846,0.9920172691345216,-0.0252055581659078,-1.0,-1.0,-1.0,-1.0,-1.0,-1.0,-1.0,1.0,0.0,0.0,0.0,1.0,0.0,0.0,0.0,1.0,0.0,0.0,0.0
20260319_165846_036208,7,96,2.885180950164795,0.4054259955883026,-0.1573688906770226,-14.793736014737302,0.0,-0.0148822403351402,-0.201338529586792,0.252622186459547,0.0,0.0,0.02,0.1373688906770226,0.0,carpet,12345,2458048498,0,0,7,0,0,0,0.090064063668251,-0.3356319367885589,0.9326534271240234,-0.2665801048278808,0.6030146479606628,-0.0148386592045426,-0.5811123251914978,0.0079021453857421,0.0071782195009291,0.9928217530250548,-0.0547419637441635,-1.0,-1.0,-1.0,-1.0,-1.0,-1.0,-1.0,1.0,0.0,0.0,0.0,1.0,0.0,0.0,0.0,1.0,0.0,0.0,0.0
20260319_165846_036208,7,97,2.882368564605713,0.4070053994655609,-0.1644678388790237,-14.958203853616324,0.0,-0.0506467771828056,-0.15794038772583,0.1106432224195259,0.0,0.0,0.02,0.1444678388790237,0.0,carpet,12345,2458048498,0,0,7,0,0,0,0.7559774518013,-0.1220489963889122,-0.9783043265342712,0.1755888760089874,-0.890097439289093,-0.7635399699211121,-0.7827528715133667,0.0044845580123364,0.0056446245871484,0.9943553805351256,-0.0676463544368743,-1.0,-1.0,-1.0,-1.0,-1.0,-1.0,-1.0,1.0,0.0,0.0,0.0,1.0,0.0,0.0,0.0,1.0,0.0,0.0,0.0
20260319_165846_036208,7,98,2.924202919006348,0.4151084125041961,-0.169769102242287,-15.127972955858612,0.0,-0.2405604088529855,-0.8103013038635254,0.0046179551542593,0.0,0.0,0.02,0.149769102242287,0.0,carpet,12345,2458048498,0,0,7,0,0,0,0.6222148537635803,-0.829462468624115,-0.7249230742454529,-0.3557725250720978,-0.0072983149439096,0.1602669209241867,0.8718999624252319,0.0009689331054687,0.0044415812008082,0.9955583810806274,-0.0795995742082595,-1.0,-1.0,-1.0,-1.0,-1.0,-1.0,-1.0,1.0,0.0,0.0,0.0,1.0,0.0,0.0,0.0,1.0,0.0,0.0,0.0
20260319_165846_036208,7,99,2.8983070850372314,0.4034049808979034,-0.1699999999999999,-15.297972955858611,0.0,0.1121654835175718,1.1703431606292725,-0.0484201417370968,0.0,0.0,0.02,0.15,0.0,carpet,12345,2458048498,0,0,7,0,0,0,0.7954055666923523,-0.2406376600265503,0.1629315465688705,-0.1265680193901062,0.9164190888404846,0.5477405190467834,-0.813777506351471,0.0532619468867778,-0.001730571500957,1.0,0.1214545667171478,-1.0,-1.0,-1.0,-1.0,-1.0,-1.0,-1.0,1.0,0.0,0.0,0.0,1.0,0.0,0.0,0.0,1.0,0.0,0.0,0.0
20260319_165846_036208,7,100,2.904296398162842,0.4027713537216186,-0.1699999999999999,-15.467972955858611,0.0,0.0999647920452844,0.063362717628479,-0.0466892947260078,0.0,0.0,0.02,0.15,0.0,carpet,12345,2458048498,0,0,7,0,0,0,0.6610342264175415,-0.7449864745140076,0.163933977484703,-0.0925120934844017,0.8375782370567322,-0.5959039330482483,0.1131493151187896,0.0208923332393169,0.0071840309537947,0.9928159713745116,-0.0256519503891468,-1.0,-1.0,-1.0,-1.0,-1.0,-1.0,-1.0,1.0,0.0,0.0,0.0,1.0,0.0,0.0,0.0,1.0,0.0,0.0,0.0
20260319_165846_036208,7,101,2.886647939682007,0.407148152589798,-0.1699999999999999,-15.637972955858611,0.0,-0.0344463776705197,-0.4376798868179321,-0.128405528478595,0.0,0.0,0.02,0.15,0.0,carpet,12345,2458048498,0,0,7,0,0,0,0.4478078484535217,-0.3970370292663574,-0.2351355403661728,-0.9306570887565612,0.8601588606834412,-0.7218255996704102,-0.8437483906745911,0.028378676623106,0.0076666949316859,0.9923332929611206,0.0086295576766133,-1.0,-1.0,-1.0,-1.0,-1.0,-1.0,-1.0,1.0,0.0,0.0,0.0,1.0,0.0,0.0,0.0,1.0,0.0,0.0,0.0
20260319_165846_036208,7,102,2.87537693977356,0.4114187955856323,-0.1699999999999999,-15.807972955858611,0.0,-0.1326008581487201,-0.427064299583435,-0.2461241462921748,0.0,0.0,0.02,0.15,0.0,carpet,12345,2458048498,0,0,7,0,0,0,-0.5048458576202393,0.369474321603775,-0.1806033104658126,0.6867690086364746,-0.1066264882683754,-0.0423408523201942,-0.89680016040802,0.0063182832673192,0.0043328213505446,0.9956671595573424,-0.0649740993976593,-1.0,-1.0,-1.0,-1.0,-1.0,-1.0,-1.0,1.0,0.0,0.0,0.0,1.0,0.0,0.0,0.0,1.0,0.0,0.0,0.0
20260319_165846_036208,7,103,2.908083200454712,0.4051359295845032,-0.1699999999999999,-15.977972955858611,0.0,0.0576210064166673,0.628286600112915,-0.1378563626927018,0.0,0.0,0.02,0.15,0.0,carpet,12345,2458048498,0,0,7,0,0,0,0.2915794253349304,0.8965858221054077,-0.791458785533905,-1.0,0.2795827984809875,0.9767345786094666,0.3148315250873565,-0.0077705383300781,0.0010798419825732,0.9989201426506042,-0.1102538779377937,-1.0,-1.0,-1.0,-1.0,-1.0,-1.0,-1.0,1.0,0.0,0.0,0.0,1.0,0.0,0.0,0.0,1.0,0.0,0.0,0.0
20260319_165846_036208,7,104,2.9145236015319824,0.4086136817932129,-0.1670512002122475,-16.14502415607086,0.0,-0.0437280504052353,-0.3477752208709717,0.0589759957550484,0.0,0.0,0.02,0.1470512002122475,0.0,carpet,12345,2458048498,0,0,7,0,0,0,-0.1172091588377952,-0.6610882878303528,-0.3564958572387695,-0.5365219712257385,0.8532117605209351,-0.4657765924930572,0.05544139072299,0.0331123359501361,0.0058655734173953,0.9941344261169434,0.0268710032105445,-1.0,-1.0,-1.0,-1.0,-1.0,-1.0,-1.0,1.0,0.0,0.0,0.0,1.0,0.0,0.0,0.0,1.0,0.0,0.0,0.0
20260319_165846_036208,7,105,2.9263927936553955,0.419877678155899,-0.1699999999999999,-16.315024156070862,0.0,-0.3143959468710875,-1.1263996362686155,-0.3675854346336109,0.0,0.0,0.02,0.15,0.0,carpet,12345,2458048498,0,0,7,0,0,0,-0.6350774765014648,-0.7904142141342163,0.17154161632061,0.8725714087486267,0.5909224152565002,-0.303814560174942,0.8087958097457886,0.041162870824337,0.0032165420707315,0.9967833757400512,0.0658112466335296,-1.0,-1.0,-1.0,-1.0,-1.0,-1.0,-1.0,1.0,0.0,0.0,0.0,1.0,0.0,0.0,0.0,1.0,0.0,0.0,0.0
20260319_165846_036208,7,106,2.927170515060425,0.4270952641963959,-0.1699999999999999,-16.485024156070864,0.0,-0.416236611165715,-0.7217586040496826,-0.8837868378446103,0.0,0.0,0.02,0.15,0.0,carpet,12345,2458048498,0,0,7,0,0,0,-0.0386977270245552,-0.8017958402633667,0.1334670335054397,0.8346462249755859,1.0,0.5201194882392883,0.6734262704849243,0.0559993758797645,-0.0053633539937436,1.0,0.1452589929103851,-1.0,-1.0,-1.0,-1.0,-1.0,-1.0,-1.0,1.0,0.0,0.0,0.0,1.0,0.0,0.0,0.0,1.0,0.0,0.0,0.0
20260319_165846_036208,7,107,2.912122964859009,0.4061860144138336,-0.1699999999999999,-16.655024156070866,0.0,0.210553786189763,2.0909249782562256,-0.6387866739843275,0.0,0.0,0.02,0.15,0.0,carpet,12345,2458048498,0,0,7,0,0,0,-0.1955621242523193,-0.8157609701156616,-0.3125077486038208,-0.0373164303600788,0.0213393401354551,0.0921830534934997,-0.2267806679010391,0.0569713599979877,-0.0108610671013593,1.0,0.1604498773813247,-1.0,-1.0,-1.0,-1.0,-1.0,-1.0,-1.0,1.0,0.0,0.0,0.0,1.0,0.0,0.0,0.0,1.0,0.0,0.0,0.0
20260319_165846_036208,7,108,2.8955190181732178,0.404822438955307,-0.1699999999999999,-16.825024156070867,0.0,0.1920047261054662,0.1363575458526611,-0.3141810897301411,0.0,0.0,0.02,0.15,0.0,carpet,12345,2458048498,0,0,7,0,0,0,-1.0,0.0114144440740346,-0.7769502997398376,0.756361186504364,0.1937489211559295,0.940374791622162,-0.5714907050132751,0.0381622314453125,0.0050656949169933,0.9949343204498292,0.0563688091933727,-1.0,-1.0,-1.0,-1.0,-1.0,-1.0,-1.0,1.0,0.0,0.0,0.0,1.0,0.0,0.0,0.0,1.0,0.0,0.0,0.0
20260319_165846_036208,7,109,2.877553939819336,0.4117770493030548,-0.1699999999999999,-16.99502415607087,0.0,-0.0298617141145598,-0.6954610347747803,-0.4016638102613683,0.0,0.0,0.02,0.15,0.0,carpet,12345,2458048498,0,0,7,0,0,0,0.1459005922079086,-0.8062785863876343,0.0111661413684487,-0.0657618790864944,0.0975633263587951,-0.0674273520708084,-0.930053174495697,0.017407227307558,0.0061043631285429,0.9938955903053284,-0.0317707285284996,-1.0,-1.0,-1.0,-1.0,-1.0,-1.0,-1.0,1.0,0.0,0.0,0.0,1.0,0.0,0.0,0.0,1.0,0.0,0.0,0.0
20260319_165846_036208,7,110,2.908137083053589,0.4026488661766052,-0.1699999999999999,-17.16502415607087,0.0,0.2058082925752842,0.9128183126449584,-0.1521274672808488,0.0,0.0,0.02,0.15,0.0,carpet,12345,2458048498,0,0,7,0,0,0,-0.9376251101493835,0.1306667327880859,0.7207537889480591,-0.4502602219581604,0.2221967130899429,0.4103933572769165,0.3032548725605011,-0.0050491332076489,0.0008069685427471,0.999193012714386,-0.1006163135170936,-1.0,-1.0,-1.0,-1.0,-1.0,-1.0,-1.0,1.0,0.0,0.0,0.0,1.0,0.0,0.0,0.0,1.0,0.0,0.0,0.0
20260319_165846_036208,7,111,2.931797981262207,0.4234015941619873,-0.1699999999999999,-17.335024156070872,0.0,-0.3644619802030888,-2.075272798538208,-0.2021935006128501,0.0,0.0,0.02,0.15,0.0,carpet,12345,2458048498,0,0,7,0,0,0,0.128655269742012,-0.9902586340904236,0.310015320777893,-0.406924843788147,1.0,-0.8009405732154846,0.8499475717544556,0.0331798568367958,0.007759996689856,0.992240071296692,0.0299221854656934,-1.0,-1.0,-1.0,-1.0,-1.0,-1.0,-1.0,1.0,0.0,0.0,0.0,1.0,0.0,0.0,0.0,1.0,0.0,0.0,0.0
20260319_165846_036208,7,112,2.9293699264526367,0.4175992012023926,-0.165712177530477,-17.50073633360135,0.0,-0.1282866611624058,0.5802392959594727,0.085756449390459,0.0,0.0,0.02,0.145712177530477,0.0,carpet,12345,2458048498,0,0,7,0,0,0,-0.5145233869552612,-0.1024594381451606,0.0962065756320953,0.0650167316198349,-0.0811979174613952,0.5832175016403198,0.2332850247621536,0.0627559646964073,-0.0080475732684135,1.0,0.1670758873224258,-1.0,-1.0,-1.0,-1.0,-1.0,-1.0,-1.0,1.0,0.0,0.0,0.0,1.0,0.0,0.0,0.0,1.0,0.0,0.0,0.0
20260319_165846_036208,7,113,2.902454137802124,0.4025722742080688,-0.1622669578906521,-17.663003291492,0.0,0.2794581789862604,1.502692699432373,0.1546608421869564,0.0,0.0,0.02,0.1422669578906521,0.0,carpet,12345,2458048498,0,0,7,0,0,0,0.3311737477779388,0.6949648857116699,-0.2936080396175384,-0.5268568396568298,0.5499018430709839,-0.2443154752254486,-0.7034533619880676,0.0597206130623817,-0.0036278134211897,1.0,0.1444299519062042,-1.0,-1.0,-1.0,-1.0,-1.0,-1.0,-1.0,1.0,0.0,0.0,0.0,1.0,0.0,0.0,0.0,1.0,0.0,0.0,0.0
20260319_165846_036208,7,114,2.893929243087769,0.4027075171470642,-0.1615565661576849,-17.824559857649685,0.0,0.2062125607648113,-0.0135242938995361,0.1688686768463014,0.0,0.0,0.02,0.1415565661576849,0.0,carpet,12345,2458048498,0,0,7,0,0,0,-0.4906626939773559,0.3726867735385895,0.5812243819236755,0.4580024182796478,0.0291026681661605,-0.4447539448738098,-0.3541076779365539,0.0260761268436908,0.0078183142468333,0.9921817183494568,-0.0166264679282903,-1.0,-1.0,-1.0,-1.0,-1.0,-1.0,-1.0,1.0,0.0,0.0,0.0,1.0,0.0,0.0,0.0,1.0,0.0,0.0,0.0
20260319_165846_036208,7,115,2.920424699783325,0.4104703068733215,-0.1620339965810995,-17.986593854230787,0.0,-0.039410322582853,-0.7762789726257324,0.1593200683780082,0.0,0.0,0.02,0.1420339965810995,0.0,carpet,12345,2458048498,0,0,7,0,0,0,0.7107992172241211,0.558738648891449,1.0,0.6624045968055725,0.4426604211330414,0.1642684638500213,0.975618064403534,0.0154197691008448,0.0077153071761131,0.9922847151756288,-0.0435597710311412,-1.0,-1.0,-1.0,-1.0,-1.0,-1.0,-1.0,1.0,0.0,0.0,0.0,1.0,0.0,0.0,0.0,1.0,0.0,0.0,0.0
20260319_165846_036208,7,116,2.9171276092529297,0.4068175256252289,-0.1692363217466021,-18.15583017597739,0.0,0.0617617892652333,0.3652781248092651,0.0152735650679574,0.0,0.0,0.02,0.1492363217466021,0.0,carpet,12345,2458048498,0,0,7,0,0,0,-0.5497938394546509,-0.1827765703201294,0.4586761891841888,0.1184045523405075,-0.2418018579483032,-0.3583985269069671,-0.3695755004882812,0.0485393516719341,0.0018023130251094,0.9981976747512816,0.0928019061684608,-1.0,-1.0,-1.0,-1.0,-1.0,-1.0,-1.0,1.0,0.0,0.0,0.0,1.0,0.0,0.0,0.0,1.0,0.0,0.0,0.0
20260319_165846_036208,7,117,2.9161479473114014,0.4068888127803802,-0.148786264582942,-18.30461644056033,0.0,0.0445391630701124,-0.0071287155151367,0.4242747083411586,0.0,0.0,0.02,0.128786264582942,0.0,carpet,12345,2458048498,0,0,7,0,0,0,-0.2680685520172119,0.1646129637956619,0.4363158941268921,0.6742575764656067,0.2117401361465454,-0.5718972086906433,0.1996528208255767,0.044417954981327,0.0045846868306398,0.9954152703285216,0.057681068778038,-1.0,-1.0,-1.0,-1.0,-1.0,-1.0,-1.0,1.0,0.0,0.0,0.0,1.0,0.0,0.0,0.0,1.0,0.0,0.0,0.0
20260319_165846_036208,7,118,2.9310877323150635,0.4207346141338348,-0.1580089646015108,-18.46262540516184,0.0,-0.3127406615337804,-1.384580135345459,0.239820707969784,0.0,0.0,0.02,0.1380089646015108,0.0,carpet,12345,2458048498,0,0,7,0,0,0,-0.9027857184410096,0.5422602295875549,-0.1911206990480423,-0.3261090517044067,-0.7340753078460693,1.0,0.7511197924613953,0.0431934371590614,0.0045303790830075,0.995469570159912,0.0541643798351287,-1.0,-1.0,-1.0,-1.0,-1.0,-1.0,-1.0,1.0,0.0,0.0,0.0,1.0,0.0,0.0,0.0,1.0,0.0,0.0,0.0
20260319_165846_036208,7,119,2.9231324195861816,0.4113454222679138,-0.1699999999999999,-18.632625405161843,0.0,0.0001743004976901,0.938919186592102,-0.0394631705187862,0.0,0.0,0.02,0.15,0.0,carpet,12345,2458048498,0,0,7,0,0,0,-0.1417572647333145,1.0,-0.7362819314002991,0.5030040144920349,0.2208511233329773,0.3266608715057373,-0.0556327179074287,0.0618679039180278,-0.0060160881839692,1.0,0.1467320770025253,-1.0,-1.0,-1.0,-1.0,-1.0,-1.0,-1.0,1.0,0.0,0.0,0.0,1.0,0.0,0.0,0.0,1.0,0.0,0.0,0.0
20260319_165846_036208,7,120,2.922586679458618,0.4092488586902618,-0.1699999999999999,-18.802625405161844,0.0,0.0525448148145528,0.2096563577651977,-0.1931309164690446,0.0,0.0,0.02,0.15,0.0,carpet,12345,2458048498,0,0,7,0,0,0,-0.5512416958808899,-0.1621869355440139,-0.4425598978996277,-0.4221248626708984,-0.7434215545654297,0.6215552687644958,0.2545522153377533,0.0519237518310546,0.0011357475304976,0.9988642334938048,0.0908401682972908,-1.0,-1.0,-1.0,-1.0,-1.0,-1.0,-1.0,1.0,0.0,0.0,0.0,1.0,0.0,0.0,0.0,1.0,0.0,0.0,0.0
20260319_165846_036208,7,121,2.924224138259888,0.4095077216625213,-0.1699999999999999,-18.97262540516185,0.0,0.0329370368044408,-0.0258862972259521,-0.1207835570817508,0.0,0.0,0.02,0.15,0.0,carpet,12345,2458048498,0,0,7,0,0,0,0.5620566606521606,0.704660952091217,0.1013908013701438,-0.5051625370979309,-0.6835717558860779,0.5247079730033875,0.2393472045660019,0.051241684705019,0.0027327153366059,0.997267246246338,0.0870583578944206,-1.0,-1.0,-1.0,-1.0,-1.0,-1.0,-1.0,1.0,0.0,0.0,0.0,1.0,0.0,0.0,0.0,1.0,0.0,0.0,0.0
20260319_165846_036208,7,122,2.928785562515259,0.4146821498870849,-0.1699999999999999,-19.142625405161848,0.0,-0.1046579280107664,-0.5174428224563599,-0.2872032743577506,0.0,0.0,0.02,0.15,0.0,carpet,12345,2458048498,0,0,7,0,0,0,0.691920280456543,-0.0403932258486747,-0.1756984591484069,-0.2399003356695175,-0.3542589247226715,-0.1369406133890152,0.5667849779129028,0.0532886497676372,0.002535535255447,0.9974644780158995,0.0949478521943092,-1.0,-1.0,-1.0,-1.0,-1.0,-1.0,-1.0,1.0,0.0,0.0,0.0,1.0,0.0,0.0,0.0,1.0,0.0,0.0,0.0
20260319_165846_036208,7,123,2.9241983890533447,0.4095643758773803,-0.1699999999999999,-19.31262540516185,0.0,0.0494509042345612,0.511777400970459,-0.2822915331933018,0.0,0.0,0.02,0.15,0.0,carpet,12345,2458048498,0,0,7,0,0,0,-0.7216268181800842,-0.9867743849754332,-0.9137855172157288,-0.1531122177839279,0.5300818085670471,1.0,0.0153518849983811,0.058990478515625,-0.0014058896340429,1.0,0.1287164241075515,-1.0,-1.0,-1.0,-1.0,-1.0,-1.0,-1.0,1.0,0.0,0.0,0.0,1.0,0.0,0.0,0.0,1.0,0.0,0.0,0.0
20260319_165846_036208,7,124,2.928577423095703,0.413791298866272,-0.1699999999999999,-19.48262540516185,0.0,-0.0685848965463833,-0.4226922988891601,-0.0381357682059046,0.0,0.0,0.02,0.15,0.0,carpet,12345,2458048498,0,0,7,0,0,0,-0.6781991720199585,0.7265738248825073,0.5171149969100952,-0.4498425722122192,0.7056189179420471,-0.073904663324356,0.5849019885063171,0.0532562248408794,0.0024923856835812,0.997507631778717,0.0947527587413787,-1.0,-1.0,-1.0,-1.0,-1.0,-1.0,-1.0,1.0,0.0,0.0,0.0,1.0,0.0,0.0,0.0,1.0,0.0,0.0,0.0
20260319_165846_036208,7,125,2.9218780994415283,0.4086675643920898,-0.1680827689629421,-19.650708174124794,0.0,0.0766546894447515,0.5123734474182129,0.0383446207411566,0.0,0.0,0.02,0.1480827689629421,0.0,carpet,12345,2458048498,0,0,7,0,0,0,-1.0,-0.6322686672210693,0.4828241765499115,-0.8715083003044128,0.3349722027778625,-0.8058991432189941,-0.0974519848823547,0.0587299354374408,-0.0007273235241882,1.0,0.1236529573798179,-1.0,-1.0,-1.0,-1.0,-1.0,-1.0,-1.0,1.0,0.0,0.0,0.0,1.0,0.0,0.0,0.0,1.0,0.0,0.0,0.0
20260319_165846_036208,7,126,2.9136807918548584,0.4074366092681885,-0.1662967649446142,-19.81700493906941,0.0,0.088264895181112,0.1230955123901367,0.0740647011077157,0.0,0.0,0.02,0.1462967649446142,0.0,carpet,12345,2458048498,0,0,7,0,0,0,-0.7200697064399719,0.417243629693985,0.2511926889419555,-1.0,0.845573902130127,0.3361189663410187,-0.2625174224376678,0.0503559112548828,0.0031754844821989,0.9968245625495912,0.0773108303546905,-1.0,-1.0,-1.0,-1.0,-1.0,-1.0,-1.0,1.0,0.0,0.0,0.0,1.0,0.0,0.0,0.0,1.0,0.0,0.0,0.0
20260319_165846_036208,7,127,2.912269353866577,0.4068001210689544,-0.1638380729665013,-19.980843012035912,0.0,0.0821108763666984,0.0636488199234008,0.1232385406699734,0.0,0.0,0.02,0.1438380729665013,0.0,carpet,12345,2458048498,0,0,7,0,0,0,0.4536536633968353,0.2903974652290344,-0.6804170608520508,-0.2374968975782394,-0.1790919750928878,-0.8466488718986511,-0.1601407527923584,0.0401092544198036,0.0041131218895316,0.9958868026733398,0.0312915854156017,-1.0,-1.0,-1.0,-1.0,-1.0,-1.0,-1.0,1.0,0.0,0.0,0.0,1.0,0.0,0.0,0.0,1.0,0.0,0.0,0.0
20260319_165846_036208,7,128,2.925468921661377,0.4105345010757446,-0.1601939937107002,-20.14103700574661,0.0,-0.0317763428947444,-0.3734380006790161,0.1961201257859954,0.0,0.0,0.02,0.1401939937107002,0.0,carpet,12345,2458048498,0,0,7,0,0,0,-0.6248528957366943,0.5392321944236755,0.5002745389938354,0.9055112600326538,0.842628538608551,-0.0692234113812446,0.5348612070083618,0.038344956934452,0.0045979367569088,0.9954020380973816,0.0241059008985757,-1.0,-1.0,-1.0,-1.0,-1.0,-1.0,-1.0,1.0,0.0,0.0,0.0,1.0,0.0,0.0,0.0,1.0,0.0,0.0,0.0
20260319_165846_036208,7,129,2.934966802597046,0.4287627637386322,-0.1699999999999999,-20.311037005746613,0.0,-0.4795388237432405,-1.822826266288757,-0.3328696021918063,0.0,0.0,0.02,0.15,0.0,carpet,12345,2458048498,0,0,7,0,0,0,0.1730262339115142,0.9794967770576476,-0.3589752316474914,-0.6848140954971313,-0.1973216235637664,0.9961722493171692,1.0,0.0548446662724018,0.0017534102080389,0.9982466101646424,0.1025566160678863,-1.0,-1.0,-1.0,-1.0,-1.0,-1.0,-1.0,1.0,0.0,0.0,0.0,1.0,0.0,0.0,0.0,1.0,0.0,0.0,0.0
20260319_165846_036208,7,130,2.933932065963745,0.4284518659114837,-0.1699999999999999,-20.48103700574661,0.0,-0.3518816721287408,0.0310897827148437,-0.6161663777741637,0.0,0.0,0.02,0.15,0.0,carpet,12345,2458048498,0,0,7,0,0,0,-0.8051742911338806,-0.49373859167099,-0.7128310203552246,-0.6619168519973755,-0.0331717990338802,-1.0,0.5626009106636047,0.066716767847538,-0.0121312318369746,1.0,0.1787416338920593,-1.0,-1.0,-1.0,-1.0,-1.0,-1.0,-1.0,1.0,0.0,0.0,0.0,1.0,0.0,0.0,0.0,1.0,0.0,0.0,0.0
20260319_165846_036208,7,131,2.914139032363892,0.4042347371578216,-0.1699999999999999,-20.651037005746616,0.0,0.3415169647450113,2.421712875366211,-0.3513041024739038,0.0,0.0,0.02,0.15,0.0,carpet,12345,2458048498,0,0,7,0,0,0,0.4056050479412079,-0.4439311921596527,-0.793765127658844,-0.8054414391517639,-0.2071883082389831,0.9272410869598388,-0.3204861879348755,0.0654235854744911,-0.0118944179266691,1.0,0.1785528510808944,-1.0,-1.0,-1.0,-1.0,-1.0,-1.0,-1.0,1.0,0.0,0.0,0.0,1.0,0.0,0.0,0.0,1.0,0.0,0.0,0.0
20260319_165846_036208,7,132,2.907546043395996,0.4029966294765472,-0.1699999999999999,-20.821037005746614,0.0,0.287090415590626,0.1238107681274414,-0.1524785820643899,0.0,0.0,0.02,0.15,0.0,carpet,12345,2458048498,0,0,7,0,0,0,-0.764665424823761,-0.9824012517929076,0.4017433226108551,-0.1732648313045501,-0.5375074148178101,0.5043553709983826,-0.113587811589241,0.0406822189688682,0.0065520140342414,0.99344801902771,0.044390071183443,-1.0,-1.0,-1.0,-1.0,-1.0,-1.0,-1.0,1.0,0.0,0.0,0.0,1.0,0.0,0.0,0.0,1.0,0.0,0.0,0.0
20260319_165846_036208,7,133,2.9097728729248047,0.4040280282497406,-0.1699999999999999,-20.99103700574662,0.0,0.1895328423631213,-0.1031398773193359,-0.045056616067967,0.0,0.0,0.02,0.15,0.0,carpet,12345,2458048498,0,0,7,0,0,0,-0.3683235049247741,-0.8733810186386108,-0.4623176455497741,-0.9035972356796264,-0.4338372051715851,0.6782246828079224,-0.0157467518001794,0.0324409492313861,0.0074950852431356,0.9925049543380736,0.0142466630786657,-1.0,-1.0,-1.0,-1.0,-1.0,-1.0,-1.0,1.0,0.0,0.0,0.0,1.0,0.0,0.0,0.0,1.0,0.0,0.0,0.0
20260319_165846_036208,7,134,2.910970449447632,0.3998777866363525,-0.1583687300533083,-21.149405735799927,0.0,0.2459056721070567,0.4150241613388061,0.232625398933834,0.0,0.0,0.02,0.1383687300533083,0.0,carpet,12345,2458048498,0,0,7,0,0,0,0.344441682100296,0.3782836496829986,0.5423051714897156,0.4576729834079742,-0.4028216004371643,-0.759327232837677,-0.1685568541288375,0.0352245345711708,0.0067094732075929,0.9932905435562134,0.0289674494415521,-1.0,-1.0,-1.0,-1.0,-1.0,-1.0,-1.0,1.0,0.0,0.0,0.0,1.0,0.0,0.0,0.0,1.0,0.0,0.0,0.0
20260319_165846_036208,7,135,2.907241106033325,0.4016498327255249,-0.1273853837735981,-21.276791119573527,0.0,0.1401281018509621,-0.1772046089172363,0.8522923245280367,0.0,0.0,0.02,0.1073853837735981,0.0,carpet,12345,2458048498,0,0,7,0,0,0,-0.6895613074302673,-0.90813148021698,-0.3141369819641113,0.6790554523468018,0.9812042713165284,-0.3383095264434814,-0.2568205595016479,0.0367214195430278,0.0098707489669322,0.9901292324066162,0.0256954804062843,-1.0,-1.0,-1.0,-1.0,-1.0,-1.0,-1.0,1.0,0.0,0.0,0.0,1.0,0.0,0.0,0.0,1.0,0.0,0.0,0.0
20260319_165846_036208,7,136,2.8999478816986084,0.4023258090019226,-0.1053814666932464,-21.382172586266773,0.0,0.0881966694782931,-0.0675976276397705,1.292370666135071,0.0,0.0,0.02,0.0853814666932464,0.0,carpet,12345,2458048498,0,0,7,0,0,0,0.6101119518280029,0.7986747622489929,-0.7943518161773682,-0.339723527431488,-0.0718904435634613,0.7726515531539917,-0.5724941492080688,0.0320598594844341,0.0085209682583808,0.9914789795875548,0.0106752859428524,-1.0,-1.0,-1.0,-1.0,-1.0,-1.0,-1.0,1.0,0.0,0.0,0.0,1.0,0.0,0.0,0.0,1.0,0.0,0.0,0.0
20260319_165846_036208,7,137,2.882089138031006,0.4082562327384949,-0.1265629694957763,-21.50873555576255,0.0,-0.0821130913055867,-0.5930423736572266,0.8687406100844726,0.0,0.0,0.02,0.1065629694957763,0.0,carpet,12345,2458048498,0,0,7,0,0,0,-1.0,1.0,0.6894887685775757,0.2899027168750763,-0.705563485622406,0.3451534807682037,-0.8728308081626892,0.0229431148618459,0.0080060511827468,0.9919939041137696,-0.0290768221020698,-1.0,-1.0,-1.0,-1.0,-1.0,-1.0,-1.0,1.0,0.0,0.0,0.0,1.0,0.0,0.0,0.0,1.0,0.0,0.0,0.0
20260319_165846_036208,7,138,2.9262709617614746,0.4151807427406311,-0.1526523687019374,-21.661387924464485,0.0,-0.2346975685325958,-0.692451000213623,0.3469526259612507,0.0,0.0,0.02,0.1326523687019374,0.0,carpet,12345,2458048498,0,0,7,0,0,0,-0.1977284401655197,0.3473527729511261,0.3658405840396881,0.6263617277145386,-0.8571639657020569,-0.9169144630432128,0.8671556115150452,0.000619888305664,0.0034888051450252,0.9965112209320068,-0.0876022651791572,-1.0,-1.0,-1.0,-1.0,-1.0,-1.0,-1.0,1.0,0.0,0.0,0.0,1.0,0.0,0.0,0.0,1.0,0.0,0.0,0.0
20260319_165846_036208,7,139,2.904292106628418,0.4027529060840606,-0.1553953738193524,-21.81678329828384,0.0,0.1346727400148211,1.2427836656570437,0.2920925236129505,0.0,0.0,0.02,0.1353953738193524,0.0,carpet,12345,2458048498,0,0,7,0,0,0,0.4977533519268036,-0.7639868259429932,-0.2404926717281341,-0.7208377718925476,0.0146833173930644,-0.8287737965583801,-0.9633187651634216,0.05584716796875,-0.0017856634221971,1.0,0.1235147416591644,-1.0,-1.0,-1.0,-1.0,-1.0,-1.0,-1.0,1.0,0.0,0.0,0.0,1.0,0.0,0.0,0.0,1.0,0.0,0.0,0.0
20260319_165846_036208,7,140,2.879549980163574,0.4108013212680816,-0.1699999999999999,-21.98678329828384,0.0,-0.100205824589409,-0.8048415184020996,-0.0540189730835152,0.0,0.0,0.02,0.15,0.0,carpet,12345,2458048498,0,0,7,0,0,0,-0.7288004755973816,-0.8242575526237488,0.1196880266070365,0.2779842019081116,0.0421942211687564,-0.3850205242633819,-0.9364270567893982,0.0283733364194631,0.007680729497224,0.9923193454742432,-0.0192418601363897,-1.0,-1.0,-1.0,-1.0,-1.0,-1.0,-1.0,1.0,0.0,0.0,0.0,1.0,0.0,0.0,0.0,1.0,0.0,0.0,0.0
20260319_165846_036208,7,141,2.9355599880218506,0.4218467772006988,-0.1699999999999999,-22.15678329828384,0.0,-0.3512907667575007,-1.1045455932617188,-0.5454378416919781,0.0,0.0,0.02,0.15,0.0,carpet,12345,2458048498,0,0,7,0,0,0,-1.0,0.527911901473999,-0.5374217629432678,1.0,-0.6620618104934692,-0.1237896084785461,1.0,-0.0025543211959302,0.0015501861926168,0.9984498620033264,-0.0984246134757995,-1.0,-1.0,-1.0,-1.0,-1.0,-1.0,-1.0,1.0,0.0,0.0,0.0,1.0,0.0,0.0,0.0,1.0,0.0,0.0,0.0
20260319_165846_036208,7,142,2.909353733062744,0.4062924385070801,-0.1699999999999999,-22.326783298283843,0.0,0.1253903922723509,1.5554338693618774,-0.5082441188979203,0.0,0.0,0.02,0.15,0.0,carpet,12345,2458048498,0,0,7,0,0,0,0.7524158954620361,0.5869101881980896,-0.0955064818263053,-0.4222390651702881,0.3541770279407501,0.1147496029734611,-0.9151489734649658,0.0674583464860916,-0.0068632424809038,1.0,0.1434948444366455,-1.0,-1.0,-1.0,-1.0,-1.0,-1.0,-1.0,1.0,0.0,0.0,0.0,1.0,0.0,0.0,0.0,1.0,0.0,0.0,0.0
20260319_165846_036208,7,143,2.927386999130249,0.411270409822464,-0.1699999999999999,-22.496783298283844,0.0,-0.0304064886803416,-0.4977971315383911,-0.4565375162726752,0.0,0.0,0.02,0.15,0.0,carpet,12345,2458048498,0,0,7,0,0,0,0.4196038842201233,-0.6495135426521301,-0.2162010818719864,1.0,-0.85345858335495,-0.500557005405426,0.5309064388275146,0.0347003936767578,0.0049846549518406,0.9950153231620787,-0.0123748108744621,-1.0,-1.0,-1.0,-1.0,-1.0,-1.0,-1.0,1.0,0.0,0.0,0.0,1.0,0.0,0.0,0.0,1.0,0.0,0.0,0.0
20260319_165846_036208,7,144,2.914675712585449,0.4066230654716491,-0.1699999999999999,-22.66678329828385,0.0,0.0933787422601142,0.4647344350814819,-0.1284612054799652,0.0,0.0,0.02,0.15,0.0,carpet,12345,2458048498,0,0,7,0,0,0,-0.0255546737462282,0.5965121388435364,0.9572106003761292,0.2571383118629455,0.9137606024742126,-0.874395489692688,-0.5269691348075867,0.0572422035038471,0.0011928733438253,0.99880713224411,0.0865958705544471,-1.0,-1.0,-1.0,-1.0,-1.0,-1.0,-1.0,1.0,0.0,0.0,0.0,1.0,0.0,0.0,0.0,1.0,0.0,0.0,0.0
20260319_165846_036208,7,145,2.929707765579224,0.411346286535263,-0.1699999999999999,-22.836783298283848,0.0,-0.0480464698952403,-0.4723221063613891,-0.3111804153900266,0.0,0.0,0.02,0.15,0.0,carpet,12345,2458048498,0,0,7,0,0,0,-0.326450765132904,0.6377356052398682,1.0,-0.332829087972641,-0.6683360934257507,-0.3700299859046936,0.5112985968589783,0.0413528457283973,0.0047327899374067,0.9952672123908995,0.0189436599612236,-1.0,-1.0,-1.0,-1.0,-1.0,-1.0,-1.0,1.0,0.0,0.0,0.0,1.0,0.0,0.0,0.0,1.0,0.0,0.0,0.0
20260319_165846_036208,7,146,2.910114288330078,0.4043189585208893,-0.1699999999999999,-23.00678329828385,0.0,0.1396483479379071,0.7027328014373779,-0.0713262428627103,0.0,0.0,0.02,0.15,0.0,carpet,12345,2458048498,0,0,7,0,0,0,-0.4247514009475708,-0.4395664036273956,-0.7043192982673645,0.2176717817783355,-0.8965831995010376,0.4264377355575561,-0.7625872492790222,0.0601428970694541,0.001135079190135,0.9988649487495422,0.1009880974888801,-1.0,-1.0,-1.0,-1.0,-1.0,-1.0,-1.0,1.0,0.0,0.0,0.0,1.0,0.0,0.0,0.0,1.0,0.0,0.0,0.0
20260319_165846_036208,7,147,2.931720733642578,0.4116531014442444,-0.1599326394117835,-23.166715937695635,0.0,-0.0786173121304614,-0.7334142923355103,0.2013472117643289,0.0,0.0,0.02,0.1399326394117835,0.0,carpet,12345,2458048498,0,0,7,0,0,0,0.8178648948669434,0.2988169193267822,-0.7692026495933533,-0.1238190308213234,0.2785317599773407,0.054382637143135,0.6860922574996948,0.0356510169804096,0.0064878561533987,0.9935121536254884,-0.0081067690625786,-1.0,-1.0,-1.0,-1.0,-1.0,-1.0,-1.0,1.0,0.0,0.0,0.0,1.0,0.0,0.0,0.0,1.0,0.0,0.0,0.0
20260319_165846_036208,7,148,2.903663158416748,0.4046405851840973,-0.1603846629051088,-23.327100600600744,0.0,0.1163499224058455,0.7012516260147095,0.1923067418978234,0.0,0.0,0.02,0.1403846629051088,0.0,carpet,12345,2458048498,0,0,7,0,0,0,-0.160754770040512,-0.9105474948883056,0.3858432471752167,0.2095884084701538,-1.0,-0.8041844367980957,-0.948591649532318,0.0626590698957443,0.0009013744420371,0.9990986585617064,0.1163164302706718,-1.0,-1.0,-1.0,-1.0,-1.0,-1.0,-1.0,1.0,0.0,0.0,0.0,1.0,0.0,0.0,0.0,1.0,0.0,0.0,0.0
20260319_165846_036208,7,149,2.934329032897949,0.4190014004707336,-0.1699999999999999,-23.497100600600746,0.0,-0.2717579403615389,-1.4360815286636353,-0.0490447097833737,0.0,0.0,0.02,0.15,0.0,carpet,12345,2458048498,0,0,7,0,0,0,-0.8040470480918884,-0.5466427803039551,0.8654202222824097,0.9172500967979432,-0.4874738454818725,-0.7348192930221558,0.927196741104126,0.0275871269404888,0.0062428773380815,0.9937570691108704,-0.0347753018140792,-1.0,-1.0,-1.0,-1.0,-1.0,-1.0,-1.0,1.0,0.0,0.0,0.0,1.0,0.0,0.0,0.0,1.0,0.0,0.0,0.0
20260319_165846_036208,7,150,2.9421496391296387,0.4243644773960113,-0.1699999999999999,-23.667100600600747,0.0,-0.3378953784030898,-0.536307692527771,-0.4803188304465777,0.0,0.0,0.02,0.15,0.0,carpet,12345,2458048498,0,0,7,0,0,0,0.0948778763413429,0.6637888550758362,-0.4435827136039734,-0.765903651714325,0.881006121635437,-0.0041754283010959,0.3180787265300751,0.0659194961190223,-0.0046958876773715,1.0,0.1320419460535049,-1.0,-1.0,-1.0,-1.0,-1.0,-1.0,-1.0,1.0,0.0,0.0,0.0,1.0,0.0,0.0,0.0,1.0,0.0,0.0,0.0
20260319_165846_036208,7,151,2.9061357975006104,0.4067126214504242,-0.1699999999999999,-23.83710060060075,0.0,0.1878748648373687,1.7651855945587158,-0.2443974957139687,0.0,0.0,0.02,0.15,0.0,carpet,12345,2458048498,0,0,7,0,0,0,-0.3109014332294464,-0.697540819644928,0.0905372574925422,0.912303864955902,0.1401711106300354,-0.5137370824813843,-0.8671684861183167,0.0756954178214073,-0.0087809981778264,1.0,0.1650762557983398,-1.0,-1.0,-1.0,-1.0,-1.0,-1.0,-1.0,1.0,0.0,0.0,0.0,1.0,0.0,0.0,0.0,1.0,0.0,0.0,0.0
20260319_165846_036208,7,152,2.9253714084625244,0.4072321951389313,-0.1699999999999999,-24.00710060060075,0.0,0.1279168064153282,-0.051957368850708,-0.2561290372365477,0.0,0.0,0.02,0.15,0.0,carpet,12345,2458048498,0,0,7,0,0,0,0.6297593712806702,0.2929178774356842,0.0389348492026329,-0.6038400530815125,-0.1890708655118942,0.0983938127756118,0.4046803116798401,0.0306781772524118,0.0046645933762192,0.9953354597091676,-0.029075464233756,-1.0,-1.0,-1.0,-1.0,-1.0,-1.0,-1.0,1.0,0.0,0.0,0.0,1.0,0.0,0.0,0.0,1.0,0.0,0.0,0.0
20260319_165846_036208,7,153,2.933296203613281,0.4124846458435058,-0.1699999999999999,-24.177100600600756,0.0,-0.03537366280284,-0.5252450704574585,-0.2128853879089263,0.0,0.0,0.02,0.15,0.0,carpet,12345,2458048498,0,0,7,0,0,0,-0.5491883158683777,0.4196512103080749,-0.5893007516860962,0.0115430504083633,-0.6443536877632141,0.379385381937027,0.3527009487152099,0.0547225959599018,0.0042688087560236,0.9957311749458312,0.0729341581463813,-1.0,-1.0,-1.0,-1.0,-1.0,-1.0,-1.0,1.0,0.0,0.0,0.0,1.0,0.0,0.0,0.0,1.0,0.0,0.0,0.0
20260319_165846_036208,7,154,2.9393439292907715,0.4219645261764526,-0.1699999999999999,-24.347100600600758,0.0,-0.2635272554258279,-0.9479880332946776,-0.5927625657405997,0.0,0.0,0.02,0.15,0.0,carpet,12345,2458048498,0,0,7,0,0,0,-0.2655393481254577,0.4711694121360779,0.961946427822113,-0.1472011804580688,-0.8210959434509277,0.2921779155731201,0.7462158203125,0.0646286010742187,0.0002679628378245,0.9997320771217346,0.1205970719456672,-1.0,-1.0,-1.0,-1.0,-1.0,-1.0,-1.0,1.0,0.0,0.0,0.0,1.0,0.0,0.0,0.0,1.0,0.0,0.0,0.0
20260319_165846_036208,7,155,2.9117205142974854,0.4023147523403168,-0.1699999999999999,-24.51710060060076,0.0,0.2935989043340612,1.9649773836135864,-0.0274057210449996,0.0,0.0,0.02,0.15,0.0,carpet,12345,2458048498,0,0,7,0,0,0,0.7827443480491638,0.0837671160697937,-0.1814416497945785,-0.1129976660013198,0.6816022396087646,0.4251821339130401,-0.7919580936431885,0.0721881836652755,-0.0069529409520328,1.0,0.1704081892967224,-1.0,-1.0,-1.0,-1.0,-1.0,-1.0,-1.0,1.0,0.0,0.0,0.0,1.0,0.0,0.0,0.0,1.0,0.0,0.0,0.0
20260319_165846_036208,7,156,2.897467613220215,0.4056329131126404,-0.1476132591849744,-24.66471385978573,0.0,0.1372451589424201,-0.3318160772323608,0.4477348163005104,0.0,0.0,0.02,0.1276132591849745,0.0,carpet,12345,2458048498,0,0,7,0,0,0,-0.9207450747489928,-0.4227541089057922,0.2666890323162079,0.7901724576950073,0.2197102755308151,0.3439250886440277,-0.5503280758857727,0.0376590713858604,0.0080144768580794,0.9919854998588562,-0.0018891707295551,-1.0,-1.0,-1.0,-1.0,-1.0,-1.0,-1.0,1.0,0.0,0.0,0.0,1.0,0.0,0.0,0.0,1.0,0.0,0.0,0.0
20260319_165846_036208,7,157,2.9180731773376465,0.4037094414234161,-0.1494559693549715,-24.814169829140702,0.0,0.1510206614374283,0.1923471689224243,0.41088061290057,0.0,0.0,0.02,0.1294559693549715,0.0,carpet,12345,2458048498,0,0,7,0,0,0,-0.01344620808959,-0.139202743768692,0.3146368861198425,-0.0212061684578657,0.5775828957557678,0.2100394070148468,0.2112924456596374,0.0198429115116596,0.0054870201274752,0.9945130348205566,-0.0532499849796295,-1.0,-1.0,-1.0,-1.0,-1.0,-1.0,-1.0,1.0,0.0,0.0,0.0,1.0,0.0,0.0,0.0,1.0,0.0,0.0,0.0
20260319_165846_036208,7,158,2.9120497703552246,0.4038931727409363,-0.1504181990187345,-24.96458802815944,0.0,0.1086722131400677,-0.0183731317520141,0.3916360196253095,0.0,0.0,0.02,0.1304181990187345,0.0,carpet,12345,2458048498,0,0,7,0,0,0,0.5428544282913208,-0.2468690872192382,-0.0895656198263168,-1.0,0.366140216588974,0.8802637457847595,-0.5388705730438232,0.0455997474491596,0.0069521274417638,0.993047833442688,0.0432139225304126,-1.0,-1.0,-1.0,-1.0,-1.0,-1.0,-1.0,1.0,0.0,0.0,0.0,1.0,0.0,0.0,0.0,1.0,0.0,0.0,0.0
20260319_165846_036208,7,159,2.907135248184204,0.4042555689811706,-0.1450273031861325,-25.10961533134557,0.0,0.0724442538491985,-0.0362396240234375,0.499453936277348,0.0,0.0,0.02,0.1250273031861326,0.0,carpet,12345,2458048498,0,0,7,0,0,0,-0.1886945813894271,0.2396454960107803,0.3122856616973877,0.3169556558132171,-0.4204792082309723,-0.9934961199760436,-0.371880441904068,0.0380706787109375,0.0068121897056698,0.9931877851486206,0.006598106585443,-1.0,-1.0,-1.0,-1.0,-1.0,-1.0,-1.0,1.0,0.0,0.0,0.0,1.0,0.0,0.0,0.0,1.0,0.0,0.0,0.0
20260319_165846_036208,7,160,2.9274401664733887,0.4075736999511719,-0.1332819446079977,-25.242897275953567,0.0,-0.0286200838631316,-0.331813097000122,0.7343611078400443,0.0,0.0,0.02,0.1132819446079977,0.0,carpet,12345,2458048498,0,0,7,0,0,0,0.733588457107544,0.814464807510376,0.4875538647174835,-0.1420074105262756,0.4114959836006164,0.9433935284614564,0.4217705130577087,0.0319274887442588,0.0065361489541828,0.9934638142585754,-0.0136430878192186,-1.0,-1.0,-1.0,-1.0,-1.0,-1.0,-1.0,1.0,0.0,0.0,0.0,1.0,0.0,0.0,0.0,1.0,0.0,0.0,0.0
20260319_165846_036208,7,161,2.931650400161743,0.4134487509727478,-0.1563789567465374,-25.399276232700103,0.0,-0.1683413384367327,-0.5875051021575928,0.2724208650692503,0.0,0.0,0.02,0.1363789567465374,0.0,carpet,12345,2458048498,0,0,7,0,0,0,0.7842880487442017,1.0,-0.1737984716892242,-0.7585153579711914,0.3622324168682098,0.8854693174362183,0.5020034909248352,0.0573085770010948,0.0040086912922561,0.9959912896156312,0.0928531363606453,-1.0,-1.0,-1.0,-1.0,-1.0,-1.0,-1.0,1.0,0.0,0.0,0.0,1.0,0.0,0.0,0.0,1.0,0.0,0.0,0.0
20260319_165846_036208,7,162,2.9149231910705566,0.4009492099285126,-0.1539295885797426,-25.55320582127985,0.0,0.186232522278317,1.249954104423523,0.3214082284051471,0.0,0.0,0.02,0.1339295885797426,0.0,carpet,12345,2458048498,0,0,7,0,0,0,-0.3713605999946594,-0.6683223247528076,-0.0536750815808773,-0.0259987749159336,0.7426272034645081,-0.262466698884964,-0.5698882937431335,0.0625713318586349,-0.0004663924919441,1.0,0.1326038092374801,-1.0,-1.0,-1.0,-1.0,-1.0,-1.0,-1.0,1.0,0.0,0.0,0.0,1.0,0.0,0.0,0.0,1.0,0.0,0.0,0.0
20260319_165846_036208,7,163,2.933332681655884,0.4146876335144043,-0.1699999999999999,-25.723205821279848,0.0,-0.2037861979385411,-1.3738423585891724,-0.0333986309708222,0.0,0.0,0.02,0.15,0.0,carpet,12345,2458048498,0,0,7,0,0,0,0.2600884735584259,-0.4720175862312317,0.8035306334495544,0.8556011915206909,-0.1136277168989181,1.0,0.8507565259933472,0.0416622161865234,0.0090546272695064,0.9909453988075256,0.0210395138710737,-1.0,-1.0,-1.0,-1.0,-1.0,-1.0,-1.0,1.0,0.0,0.0,0.0,1.0,0.0,0.0,0.0,1.0,0.0,0.0,0.0
20260319_165846_036208,7,164,2.9355053901672363,0.4207382500171661,-0.1699999999999999,-25.89320582127985,0.0,-0.3041050610229945,-0.6050616502761841,-0.4461759051338845,0.0,0.0,0.02,0.15,0.0,carpet,12345,2458048498,0,0,7,0,0,0,-0.1659191995859146,0.4554164409637451,-0.8107333779335022,0.5933759212493896,-0.0866656750440597,-0.8629538416862488,0.4176634550094604,0.0646743774414062,-0.00141007383354,1.0,0.1382535099983215,-1.0,-1.0,-1.0,-1.0,-1.0,-1.0,-1.0,1.0,0.0,0.0,0.0,1.0,0.0,0.0,0.0,1.0,0.0,0.0,0.0
20260319_165846_036208,7,165,2.902312994003296,0.4011530876159668,-0.1699999999999999,-26.06320582127985,0.0,0.2615502642627803,1.958516240119934,-0.2570698947203027,0.0,0.0,0.02,0.15,0.0,carpet,12345,2458048498,0,0,7,0,0,0,-0.8321713209152222,-0.8103697299957275,0.9821121096611024,-0.0426464937627315,-0.2104839831590652,-0.876208484172821,-0.859639048576355,0.0673900619149208,-0.0060188774950802,1.0,0.1581255495548248,-1.0,-1.0,-1.0,-1.0,-1.0,-1.0,-1.0,1.0,0.0,0.0,0.0,1.0,0.0,0.0,0.0,1.0,0.0,0.0,0.0
20260319_165846_036208,7,166,2.900125503540039,0.4021953344345093,-0.1699999999999999,-26.233205821279853,0.0,0.1701065277335089,-0.104224681854248,-0.0583432831236621,0.0,0.0,0.02,0.15,0.0,carpet,12345,2458048498,0,0,7,0,0,0,0.4593547880649566,-0.717962384223938,0.6936792135238647,0.3219401836395263,0.4871345162391662,-1.0,-0.2879508435726166,0.0258995052427053,0.0088993180543184,0.9911006689071656,-0.0313361324369907,-1.0,-1.0,-1.0,-1.0,-1.0,-1.0,-1.0,1.0,0.0,0.0,0.0,1.0,0.0,0.0,0.0,1.0,0.0,0.0,0.0
20260319_165846_036208,7,167,2.933845043182373,0.4133707284927368,-0.1699999999999999,-26.40320582127985,0.0,-0.1518049556555638,-1.117539405822754,-0.0418069003424932,0.0,0.0,0.02,0.15,0.0,carpet,12345,2458048498,0,0,7,0,0,0,0.3370319306850433,0.3490674793720245,-0.4598912298679352,-0.6853205561637878,0.5850515365600586,-0.9946885108947754,0.8267102241516113,0.0231651309877634,0.0081054549664258,0.991894543170929,-0.0424884408712387,-1.0,-1.0,-1.0,-1.0,-1.0,-1.0,-1.0,1.0,0.0,0.0,0.0,1.0,0.0,0.0,0.0,1.0,0.0,0.0,0.0
20260319_165846_036208,7,168,2.9398345947265625,0.4247389435768127,-0.1699999999999999,-26.573205821279856,0.0,-0.3980590938435568,-1.1368215084075928,-0.6260985164643671,0.0,0.0,0.02,0.15,0.0,carpet,12345,2458048498,0,0,7,0,0,0,0.0676869750022888,-0.7031527757644653,0.1437756866216659,-0.9197624921798706,-0.5435785055160522,-0.1079278066754341,0.5768625736236572,0.0653144866228103,-0.0004069711139891,1.0,0.1485789865255355,-1.0,-1.0,-1.0,-1.0,-1.0,-1.0,-1.0,1.0,0.0,0.0,0.0,1.0,0.0,0.0,0.0,1.0,0.0,0.0,0.0
20260319_165846_036208,7,169,2.939072608947754,0.4225325584411621,-0.1699999999999999,-26.743205821279854,0.0,-0.2433846919914231,0.2206385135650634,-0.665697010517249,0.0,0.0,0.02,0.15,0.0,carpet,12345,2458048498,0,0,7,0,0,0,-1.0,0.8219034671783447,0.2277526557445526,0.0987525582313537,1.0,0.9560478925704956,0.468906044960022,0.0728015899658203,-0.0090662501752376,1.0,0.1835101395845413,-1.0,-1.0,-1.0,-1.0,-1.0,-1.0,-1.0,1.0,0.0,0.0,0.0,1.0,0.0,0.0,0.0,1.0,0.0,0.0,0.0
20260319_165846_036208,7,170,2.912914037704468,0.3978756070137024,-0.166385334140065,-26.909591155419925,0.0,0.433885266692954,2.465695142745972,0.0722933171986994,0.0,0.0,0.02,0.146385334140065,0.0,carpet,12345,2458048498,0,0,7,0,0,0,-0.4760375618934631,-0.5586007833480835,0.0633411332964897,0.3714061081409454,-0.9178954362869264,-0.7207286357879639,-0.6557787656784058,0.0718490630388259,-0.0073856278322637,1.0,0.1759919375181198,-1.0,-1.0,-1.0,-1.0,-1.0,-1.0,-1.0,1.0,0.0,0.0,0.0,1.0,0.0,0.0,0.0,1.0,0.0,0.0,0.0
20260319_165846_036208,7,171,2.9040541648864746,0.400235116481781,-0.1661415366873168,-27.07573269210724,0.0,0.2664262133177431,-0.2359509468078613,0.0771692662536622,0.0,0.0,0.02,0.1461415366873169,0.0,carpet,12345,2458048498,0,0,7,0,0,0,0.5805606245994568,-0.526825487613678,0.3614014685153961,-0.164636805653572,-0.2465916574001312,1.0,-0.5167083740234375,0.0391510017216205,0.0113958297297358,0.9886042475700378,0.0129379853606224,-1.0,-1.0,-1.0,-1.0,-1.0,-1.0,-1.0,1.0,0.0,0.0,0.0,1.0,0.0,0.0,0.0,1.0,0.0,0.0,0.0
20260319_165846_036208,7,172,2.8854658603668213,0.4067748188972473,-0.1699999999999999,-27.245732692107243,0.0,0.0363270996016353,-0.6539702415466309,-0.0566101618782113,0.0,0.0,0.02,0.15,0.0,carpet,12345,2458048498,0,0,7,0,0,0,-0.2683269083499908,-0.4080502092838287,0.7270998358726501,-0.0229302253574132,0.7060735821723938,-0.6598749756813049,-1.0,0.028076171875,0.0095985727384686,0.9904014468193054,-0.0297521576285362,-1.0,-1.0,-1.0,-1.0,-1.0,-1.0,-1.0,1.0,0.0,0.0,0.0,1.0,0.0,0.0,0.0,1.0,0.0,0.0,0.0
20260319_165846_036208,7,173,2.9004812240600586,0.4004561901092529,-0.155979708091078,-27.40171240019832,0.0,0.1852110444010861,0.6318628787994385,0.2804058381784386,0.0,0.0,0.02,0.135979708091078,0.0,carpet,12345,2458048498,0,0,7,0,0,0,0.1910888701677322,0.8275067806243896,0.4260697960853576,0.5315264463424683,1.0,0.1844115406274795,-0.074694737792015,0.0048408508300781,0.0046172011643648,0.995382845401764,-0.0919314473867416,-1.0,-1.0,-1.0,-1.0,-1.0,-1.0,-1.0,1.0,0.0,0.0,0.0,1.0,0.0,0.0,0.0,1.0,0.0,0.0,0.0
20260319_165846_036208,7,174,2.9270684719085693,0.4059025347232818,-0.1359392700013953,-27.537651670199715,0.0,0.0027496679500984,-0.5446344614028931,0.681214599972094,0.0,0.0,0.02,0.1159392700013953,0.0,carpet,12345,2458048498,0,0,7,0,0,0,-0.1589361280202865,-0.8822705149650574,-0.2616578042507171,-0.2900919020175934,-0.3887413442134857,0.4284502267837524,0.4747591912746429,0.0236099250614643,0.0094301588833332,0.9905698895454408,-0.0213187076151371,-1.0,-1.0,-1.0,-1.0,-1.0,-1.0,-1.0,1.0,0.0,0.0,0.0,1.0,0.0,0.0,0.0,1.0,0.0,0.0,0.0
20260319_165846_036208,8,0,2.8368303775787354,0.40970373153686523,-0.02,-0.02,0.0,-0.01195073127746582,-0.04780292510986328,0.0,0.0,0.0,0.02,0.0,0.0,artificial_grass,12345,2458048629,2,1,0,0,0,0,0.07551929354667664,-0.4152655005455017,0.6709166169166565,0.4689929485321045,-0.11866611987352371,-0.08130457997322083,-0.21582069993019104,0.0,-0.0,1.0,0.0,-1.0,-1.0,-1.0,-1.0,-1.0,-1.0,-1.0,1.0,0.0,0.0,0.0,1.0,0.0,0.0,0.0,1.0,0.0,0.0,0.0
20260319_165846_036208,8,1,2.851332426071167,0.4140552878379822,-0.02,-0.04,0.0,-0.11775195598602295,-0.43515563011169434,0.0,0.0,0.0,0.02,0.0,0.0,artificial_grass,12345,2458048629,2,1,0,0,0,0,0.8636796474456787,0.6638915538787842,-0.5809423327445984,0.35576480627059937,0.6231086850166321,-0.3714130222797394,0.5043638348579407,-0.0052131651900708675,-0.00036514547537080944,1.0,-0.02183663100004196,-1.0,-1.0,-1.0,-1.0,-1.0,-1.0,-1.0,1.0,0.0,0.0,0.0,1.0,0.0,0.0,0.0,1.0,0.0,0.0,0.0
20260319_165846_036208,8,2,2.8542070388793945,0.4142303466796875,-0.02,-0.06,0.0,-0.09269043803215027,-0.017505884170532227,0.0,0.0,0.0,0.02,0.0,0.0,artificial_grass,12345,2458048629,2,1,0,0,0,0,-0.027356905862689018,0.6416122913360596,0.6209330558776855,-0.6697714328765869,0.479658305644989,-0.1429540365934372,0.22776009142398834,0.012914275750517845,-0.0036888958420604467,1.0,0.04499240219593048,-1.0,-1.0,-1.0,-1.0,-1.0,-1.0,-1.0,1.0,0.0,0.0,0.0,1.0,0.0,0.0,0.0,1.0,0.0,0.0,0.0
20260319_165846_036208,8,3,2.8503363132476807,0.4100063443183899,-0.02,-0.08,0.0,0.036082230508327484,0.42240023612976074,0.0,0.0,0.0,0.02,0.0,0.0,artificial_grass,12345,2458048629,2,1,0,0,0,0,0.5087053179740906,-0.4497066140174866,-0.5478615164756775,0.04008374363183975,-0.04409503564238548,0.8167060017585754,0.09953513741493225,0.016507720574736595,-0.003822605824097991,1.0,0.051567599177360535,-1.0,-1.0,-1.0,-1.0,-1.0,-1.0,-1.0,1.0,0.0,0.0,0.0,1.0,0.0,0.0,0.0,1.0,0.0,0.0,0.0
20260319_165846_036208,8,4,2.8762850761413574,0.43074625730514526,-0.02,-0.1,0.0,-0.49143615178763866,-2.073991298675537,0.0,0.0,0.0,0.02,0.0,0.0,artificial_grass,12345,2458048629,2,1,0,0,0,0,-0.41576677560806274,1.0,-0.05254841968417168,-0.44823935627937317,0.4783731997013092,-0.22365044057369232,1.0,0.011669158935546875,-0.000596260535530746,1.0,0.033189721405506134,-1.0,-1.0,-1.0,-1.0,-1.0,-1.0,-1.0,1.0,0.0,0.0,0.0,1.0,0.0,0.0,0.0,1.0,0.0,0.0,0.0
20260319_165846_036208,8,5,2.8592591285705566,0.40887022018432617,-0.16999999999999998,-0.27,0.0,0.1783238141797483,2.187603712081909,-0.4994232323952019,0.0,0.0,0.02,0.15,0.0,artificial_grass,12345,2458048629,2,1,0,0,0,0,0.7875798940658569,-0.8760561347007751,0.27699166536331177,0.7200818657875061,-0.30468204617500305,-0.6853887438774109,-0.07137564569711685,0.04410514980554581,-0.01643763668835163,1.0,0.1385825127363205,-1.0,-1.0,-1.0,-1.0,-1.0,-1.0,-1.0,1.0,0.0,0.0,0.0,1.0,0.0,0.0,0.0,1.0,0.0,0.0,0.0
20260319_165846_036208,8,6,2.831592559814453,0.4081973731517792,-0.16999999999999998,-0.44,0.0,0.15056403644848615,0.06728470325469971,-0.33690846466924995,0.0,0.0,0.02,0.15,0.0,artificial_grass,12345,2458048629,2,1,0,0,0,0,-0.5909205079078674,-0.479107141494751,0.8226616382598877,0.24104608595371246,0.33229342103004456,0.5229828357696533,-0.7115416526794434,0.02282257005572319,0.000271499011432752,0.9997284412384033,0.05011370778083801,-1.0,-1.0,-1.0,-1.0,-1.0,-1.0,-1.0,1.0,0.0,0.0,0.0,1.0,0.0,0.0,0.0,1.0,0.0,0.0,0.0
20260319_165846_036208,8,7,2.8173789978027344,0.4191606044769287,-0.16999999999999998,-0.61,0.0,-0.1611577557923738,-1.0963231325149536,-0.3803142644756008,0.0,0.0,0.02,0.15,0.0,artificial_grass,12345,2458048629,2,1,0,0,0,0,-0.7978994250297546,0.7847522497177124,0.11472965031862259,0.9093111753463745,0.17271892726421356,-0.020823458209633827,-0.9288288354873657,-0.011760711669921875,0.0007854473660700023,0.9992144703865051,-0.09238067269325256,-1.0,-1.0,-1.0,-1.0,-1.0,-1.0,-1.0,1.0,0.0,0.0,0.0,1.0,0.0,0.0,0.0,1.0,0.0,0.0,0.0
20260319_165846_036208,8,8,2.872044801712036,0.40937578678131104,-0.16999999999999998,-0.78,0.0,0.12375212554616155,0.9784817695617676,-0.16387170089728897,0.0,0.0,0.02,0.15,0.0,artificial_grass,12345,2458048629,2,1,0,0,0,0,-0.49984613060951233,-0.5929709672927856,0.22245672345161438,0.5187793374061584,0.4995005428791046,0.13135723769664764,0.757823646068573,-0.02952728234231472,-0.0075883944518864155,1.0,-0.15104055404663086,-1.0,-1.0,-1.0,-1.0,-1.0,-1.0,-1.0,1.0,0.0,0.0,0.0,1.0,0.0,0.0,0.0,1.0,0.0,0.0,0.0
20260319_165846_036208,8,9,2.8843390941619873,0.4114012122154236,-0.16999999999999998,-0.95,0.0,0.04217845830680744,-0.20254254341125488,-0.15777547309880902,0.0,0.0,0.02,0.15,0.0,artificial_grass,12345,2458048629,2,1,0,0,0,0,1.0,-0.3952973484992981,-0.9163432717323303,-0.5217652916908264,-0.18544144928455353,-0.19947290420532227,0.40607768297195435,0.03880462795495987,-0.00011465427814982831,1.0,0.06736303865909576,-1.0,-1.0,-1.0,-1.0,-1.0,-1.0,-1.0,1.0,0.0,0.0,0.0,1.0,0.0,0.0,0.0,1.0,0.0,0.0,0.0
20260319_165846_036208,8,10,2.8511626720428467,0.39803189039230347,-0.13502362160015308,-1.085023621600153,0.0,0.3658668893081085,1.3369321823120117,0.6995275679969382,0.0,0.0,0.02,0.11502362160015309,0.0,artificial_grass,12345,2458048629,2,1,0,0,0,0,0.15784737467765808,0.10456635802984238,0.42242345213890076,-0.015212039463222027,-0.9085206985473633,0.8789168000221252,-0.7854633331298828,0.054172515869140625,-0.001661685761064291,1.0,0.11945609003305435,-1.0,-1.0,-1.0,-1.0,-1.0,-1.0,-1.0,1.0,0.0,0.0,0.0,1.0,0.0,0.0,0.0,1.0,0.0,0.0,0.0
20260319_165846_036208,8,11,2.853240489959717,0.3942584991455078,-0.12550306490159188,-1.2105266865017448,0.0,0.36873494815097274,0.37733912467956543,0.8899387019681626,0.0,0.0,0.02,0.10550306490159188,0.0,artificial_grass,12345,2458048629,2,1,0,0,0,0,0.0997617170214653,0.381881982088089,0.14002227783203125,0.6732043027877808,-0.7340992093086243,0.3499506711959839,-0.12519484758377075,0.01270217914134264,0.00854994636029005,0.9914500117301941,-0.06079072132706642,-1.0,-1.0,-1.0,-1.0,-1.0,-1.0,-1.0,1.0,0.0,0.0,0.0,1.0,0.0,0.0,0.0,1.0,0.0,0.0,0.0
20260319_165846_036208,8,12,2.8546791076660156,0.3944548964500427,-0.11944920279902334,-1.329975889300768,0.0,0.27164127849985675,-0.01963973045349121,1.0110159440195332,0.0,0.0,0.02,0.09944920279902333,0.0,artificial_grass,12345,2458048629,2,1,0,0,0,0,-0.2688266932964325,-0.3679010570049286,0.250630646944046,0.2962365746498108,-0.1817658394575119,-0.6831110715866089,-0.33975133299827576,0.015299225226044655,0.011432095430791378,0.9885677695274353,-0.04723680391907692,-1.0,-1.0,-1.0,-1.0,-1.0,-1.0,-1.0,1.0,0.0,0.0,0.0,1.0,0.0,0.0,0.0,1.0,0.0,0.0,0.0
20260319_165846_036208,8,13,2.854565143585205,0.3944630026817322,-0.10121489985527149,-1.4311907891560396,0.0,0.20352830308266334,-0.0008106231689453125,1.3757020028945703,0.0,0.0,0.02,0.08121489985527149,0.0,artificial_grass,12345,2458048629,2,1,0,0,0,0,-0.7462860941886902,0.4548693001270294,0.7085365653038025,0.2615537643432617,-0.07467648386955261,0.6340311765670776,-0.2686968743801117,0.01709747314453125,0.011282097548246384,0.9887179136276245,-0.041129060089588165,-1.0,-1.0,-1.0,-1.0,-1.0,-1.0,-1.0,1.0,0.0,0.0,0.0,1.0,0.0,0.0,0.0,1.0,0.0,0.0,0.0
20260319_165846_036208,8,14,2.8765904903411865,0.39687103033065796,-0.10278022932813798,-1.5339710184841775,0.0,0.09244553608883166,-0.24080276489257812,1.3443954134372404,0.0,0.0,0.02,0.08278022932813797,0.0,artificial_grass,12345,2458048629,2,1,0,0,0,0,0.16188658773899078,0.6981393694877625,-0.9569386839866638,0.4873805344104767,-0.7796119451522827,0.6130116581916809,0.4400271475315094,0.016955185681581497,0.011275891214609146,0.9887240529060364,-0.04185032099485397,-1.0,-1.0,-1.0,-1.0,-1.0,-1.0,-1.0,1.0,0.0,0.0,0.0,1.0,0.0,0.0,0.0,1.0,0.0,0.0,0.0
20260319_165846_036208,8,15,2.8764190673828125,0.3956688940525055,-0.0999197742924548,-1.6338907927766324,0.0,0.09938755902047092,0.12021362781524658,1.401604514150904,0.0,0.0,0.02,0.0799197742924548,0.0,artificial_grass,12345,2458048629,2,1,0,0,0,0,0.6370000839233398,0.8180525898933411,-0.4837173521518707,-0.6702953577041626,-0.38575413823127747,-0.7200163006782532,0.01827835850417614,0.04448699951171875,0.009436615742743015,0.9905633330345154,0.055614497512578964,-1.0,-1.0,-1.0,-1.0,-1.0,-1.0,-1.0,1.0,0.0,0.0,0.0,1.0,0.0,0.0,0.0,1.0,0.0,0.0,0.0
20260319_165846_036208,8,16,2.844935178756714,0.3961859345436096,-0.11513238590847379,-1.7490231786851063,0.0,0.06161465698772872,-0.0517040491104126,1.0973522818305241,0.0,0.0,0.02,0.09513238590847378,0.0,artificial_grass,12345,2458048629,2,1,0,0,0,0,0.25277233123779297,0.07113349437713623,0.8543384075164795,0.6892009377479553,0.39475926756858826,-0.9153462052345276,-0.8761425018310547,0.044272612780332565,0.010354811325669289,0.9896451830863953,0.046108637005090714,-1.0,-1.0,-1.0,-1.0,-1.0,-1.0,-1.0,1.0,0.0,0.0,0.0,1.0,0.0,0.0,0.0,1.0,0.0,0.0,0.0
20260319_165846_036208,8,17,2.852092981338501,0.39135318994522095,-0.12521765293099746,-1.8742408316161037,0.0,0.16702960770049913,0.4832744598388672,0.8956469413800505,0.0,0.0,0.02,0.10521765293099747,0.0,artificial_grass,12345,2458048629,2,1,0,0,0,0,-0.6400524377822876,0.2891281545162201,0.6292134523391724,-0.6664968729019165,0.003728700103238225,-0.4454830288887024,-0.1769876629114151,0.004917907528579235,0.009959887713193893,0.9900400042533875,-0.09389680624008179,-1.0,-1.0,-1.0,-1.0,-1.0,-1.0,-1.0,1.0,0.0,0.0,0.0,1.0,0.0,0.0,0.0,1.0,0.0,0.0,0.0
20260319_165846_036208,8,18,2.841083526611328,0.3969319462776184,-0.1395095519827177,-2.0137503835988215,0.0,-0.014196702534547967,-0.5578756332397461,0.6098089603456458,0.0,0.0,0.02,0.1195095519827177,0.0,artificial_grass,12345,2458048629,2,1,0,0,0,0,0.6226315498352051,-0.9133428335189819,0.1971467137336731,0.25697600841522217,-0.18534332513809204,-0.7807636857032776,-0.8806016445159912,0.013864899054169655,0.013651201501488686,0.9863486886024475,-0.06419803947210312,-1.0,-1.0,-1.0,-1.0,-1.0,-1.0,-1.0,1.0,0.0,0.0,0.0,1.0,0.0,0.0,0.0,1.0,0.0,0.0,0.0
20260319_165846_036208,8,19,2.8389830589294434,0.3985772728919983,-0.15227500174987196,-2.1660253853486937,0.0,-0.051780692260422256,-0.16453266143798828,0.3544999650025602,0.0,0.0,0.02,0.13227500174987197,0.0,artificial_grass,12345,2458048629,2,1,0,0,0,0,0.8989120721817017,-0.3250824809074402,0.2819076478481293,-0.2244691401720047,-0.26700595021247864,-0.5268490314483643,-0.6610314846038818,0.000102996826171875,0.009390083141624928,0.9906098246574402,-0.10755683481693268,-1.0,-1.0,-1.0,-1.0,-1.0,-1.0,-1.0,1.0,0.0,0.0,0.0,1.0,0.0,0.0,0.0,1.0,0.0,0.0,0.0
20260319_165846_036208,8,20,2.8802905082702637,0.387768417596817,-0.1453279853951014,-2.311353370743795,0.0,0.2313858631842436,1.0808855295181274,0.49344029209797213,0.0,0.0,0.02,0.1253279853951014,0.0,artificial_grass,12345,2458048629,2,1,0,0,0,0,-0.8598714470863342,1.0,0.37778759002685547,0.5641278624534607,0.9092440605163574,0.3579530417919159,0.45830655097961426,-0.0025222778785973787,0.008133373223245144,0.9918665885925293,-0.11773351579904556,-1.0,-1.0,-1.0,-1.0,-1.0,-1.0,-1.0,1.0,0.0,0.0,0.0,1.0,0.0,0.0,0.0,1.0,0.0,0.0,0.0
20260319_165846_036208,8,21,2.888606309890747,0.39312148094177246,-0.14831172265791082,-2.459665093401706,0.0,0.03971281376428237,-0.5353063344955444,0.4337655468417836,0.0,0.0,0.02,0.12831172265791083,0.0,artificial_grass,12345,2458048629,2,1,0,0,0,0,-0.761756956577301,0.6897962093353271,0.5807240605354309,0.7587523460388184,-0.8881389498710632,-0.9276064038276672,0.37252992391586304,0.04911193996667862,0.01638929732143879,0.9836106300354004,0.04396708309650421,-1.0,-1.0,-1.0,-1.0,-1.0,-1.0,-1.0,1.0,0.0,0.0,0.0,1.0,0.0,0.0,0.0,1.0,0.0,0.0,0.0
20260319_165846_036208,8,22,2.8853564262390137,0.3909275531768799,-0.1471608152850206,-2.606825908686727,0.0,0.08463280444553334,0.2193927764892578,0.4567836942995882,0.0,0.0,0.02,0.1271608152850206,0.0,artificial_grass,12345,2458048629,2,1,0,0,0,0,0.24838657677173615,0.6137229204177856,-0.43589502573013306,0.9156320691108704,0.2728973925113678,0.7048324942588806,0.10784225910902023,0.059506606310606,0.012300553731620312,0.9876993894577026,0.0842074602842331,-1.0,-1.0,-1.0,-1.0,-1.0,-1.0,-1.0,1.0,0.0,0.0,0.0,1.0,0.0,0.0,0.0,1.0,0.0,0.0,0.0
20260319_165846_036208,8,23,2.8551526069641113,0.3899157643318176,-0.15107382944701128,-2.7578997381337382,0.0,0.08876932446068508,0.10117888450622559,0.37852341105977416,0.0,0.0,0.02,0.1310738294470113,0.0,artificial_grass,12345,2458048629,2,1,0,0,0,0,-0.8247129917144775,-0.9631364941596985,0.5295694470405579,0.8365265727043152,0.38902151584625244,-0.4917390048503876,-0.7220630645751953,0.05544433742761612,0.013976313173770905,0.9860236644744873,0.06470376253128052,-1.0,-1.0,-1.0,-1.0,-1.0,-1.0,-1.0,1.0,0.0,0.0,0.0,1.0,0.0,0.0,0.0,1.0,0.0,0.0,0.0
20260319_165846_036208,8,24,2.8424532413482666,0.3953079581260681,-0.15377538689582024,-2.9116751250295585,0.0,-0.06822785151072708,-0.5392193794250488,0.32449226208359505,0.0,0.0,0.02,0.13377538689582025,0.0,artificial_grass,12345,2458048629,2,1,0,0,0,0,-0.28647732734680176,0.04929450526833534,-0.4543464481830597,0.7213455438613892,-0.8343570232391357,-0.5849453210830688,-0.8593213558197021,0.01768951490521431,0.014749115332961082,0.9852508306503296,-0.06607283651828766,-1.0,-1.0,-1.0,-1.0,-1.0,-1.0,-1.0,1.0,0.0,0.0,0.0,1.0,0.0,0.0,0.0,1.0,0.0,0.0,0.0
20260319_165846_036208,8,25,2.849429130554199,0.38393446803092957,-0.13952803409552927,-3.051203159125088,0.0,0.23316636374539712,1.137349009513855,0.6094393180894144,0.0,0.0,0.02,0.11952803409552927,0.0,artificial_grass,12345,2458048629,2,1,0,0,0,0,0.3866298794746399,0.054140813648700714,0.7994918823242188,-0.1950703114271164,-0.21584831178188324,-0.6749654412269592,-0.5202023386955261,0.0018154144054278731,0.010630506090819836,0.9893693923950195,-0.12035545706748962,-1.0,-1.0,-1.0,-1.0,-1.0,-1.0,-1.0,1.0,0.0,0.0,0.0,1.0,0.0,0.0,0.0,1.0,0.0,0.0,0.0
20260319_165846_036208,8,26,2.849283456802368,0.3837483525276184,-0.1421209442351494,-3.1933241033602373,0.0,0.17952766039184098,0.018611550331115723,0.5575811152970118,0.0,0.0,0.02,0.12212094423514941,0.0,artificial_grass,12345,2458048629,2,1,0,0,0,0,-0.30283570289611816,0.7279835343360901,0.47315123677253723,0.8989260792732239,0.3678590953350067,0.13455551862716675,-0.8643057346343994,0.010535049252212048,0.019317686557769775,0.9806822538375854,-0.10217977315187454,-1.0,-1.0,-1.0,-1.0,-1.0,-1.0,-1.0,1.0,0.0,0.0,0.0,1.0,0.0,0.0,0.0,1.0,0.0,0.0,0.0
20260319_165846_036208,8,27,2.8476996421813965,0.38420507311820984,-0.13794519839690877,-3.331269301757146,0.0,0.12322773052909497,-0.045672059059143066,0.6410960320618244,0.0,0.0,0.02,0.11794519839690878,0.0,artificial_grass,12345,2458048629,2,1,0,0,0,0,0.9117032885551453,0.281735360622406,0.8668292164802551,0.16660076379776,0.15208055078983307,-0.3531416058540344,-0.707839846611023,0.01035308837890625,0.01945984736084938,0.9805400371551514,-0.1066831573843956,-1.0,-1.0,-1.0,-1.0,-1.0,-1.0,-1.0,1.0,0.0,0.0,0.0,1.0,0.0,0.0,0.0,1.0,0.0,0.0,0.0
20260319_165846_036208,8,28,2.871549606323242,0.37185993790626526,-0.12212437970941295,-3.4533936814665593,0.0,0.40104917819544994,1.234513521194458,0.957512405811741,0.0,0.0,0.02,0.10212437970941295,0.0,artificial_grass,12345,2458048629,2,1,0,0,0,0,0.8336081504821777,0.280086874961853,-0.8652855753898621,0.14330506324768066,-0.580874502658844,-0.8067079782485962,-0.1362602412700653,0.008373260498046875,0.019111018627882004,0.9808889031410217,-0.1113666445016861,-1.0,-1.0,-1.0,-1.0,-1.0,-1.0,-1.0,1.0,0.0,0.0,0.0,1.0,0.0,0.0,0.0,1.0,0.0,0.0,0.0
20260319_165846_036208,8,29,2.858302116394043,0.3785441517829895,-0.1198787690960242,-3.5732724505625835,0.0,0.13368153672846006,-0.6684213876724243,1.002424618079516,0.0,0.0,0.02,0.0998787690960242,0.0,artificial_grass,12345,2458048629,2,1,0,0,0,0,0.8496763706207275,-0.5233633518218994,-0.14323511719703674,-0.8121017217636108,-0.20488998293876648,0.46525028347969055,-0.9180213212966919,0.038185883313417435,0.028540348634123802,0.9714595675468445,-0.02506176382303238,-1.0,-1.0,-1.0,-1.0,-1.0,-1.0,-1.0,1.0,0.0,0.0,0.0,1.0,0.0,0.0,0.0,1.0,0.0,0.0,0.0
20260319_165846_036208,8,30,2.849010705947876,0.3835877478122711,-0.11775881392977226,-3.6910312644923557,0.0,-0.025828748185688255,-0.5043596029281616,1.0448237214045548,0.0,0.0,0.02,0.09775881392977226,0.0,artificial_grass,12345,2458048629,2,1,0,0,0,0,0.8158175349235535,-0.7153564095497131,-0.9516077041625977,-0.12866097688674927,0.7882788181304932,-0.4188520908355713,-0.8901628851890564,0.02162628248333931,0.023434868082404137,0.9765650629997253,-0.08160363137722015,-1.0,-1.0,-1.0,-1.0,-1.0,-1.0,-1.0,1.0,0.0,0.0,0.0,1.0,0.0,0.0,0.0,1.0,0.0,0.0,0.0
20260319_165846_036208,8,31,2.898531675338745,0.370726078748703,-0.11430862384454457,-3.8053398883369005,0.0,0.3021701654499509,1.2861669063568115,1.1138275231091086,0.0,0.0,0.02,0.09430862384454457,0.0,artificial_grass,12345,2458048629,2,1,0,0,0,0,0.07663627713918686,-0.43691930174827576,0.7914140224456787,-0.020179200917482376,-1.0,0.2499396800994873,0.4643300771713257,0.010012054815888405,0.019582513719797134,0.9804174304008484,-0.11149723827838898,-1.0,-1.0,-1.0,-1.0,-1.0,-1.0,-1.0,1.0,0.0,0.0,0.0,1.0,0.0,0.0,0.0,1.0,0.0,0.0,0.0
20260319_165846_036208,8,32,2.870999574661255,0.37290093302726746,-0.11467219350797009,-3.9200120818448707,0.0,0.17225626712333053,-0.2174854278564453,1.1065561298405981,0.0,0.0,0.02,0.09467219350797008,0.0,artificial_grass,12345,2458048629,2,1,0,0,0,0,0.42499515414237976,-0.14450275897979736,0.012782864272594452,-0.8864742517471313,-0.6929551362991333,0.0011795777827501297,-0.9393364191055298,0.07191352546215057,0.029406389221549034,0.9705935716629028,0.073109932243824,-1.0,-1.0,-1.0,-1.0,-1.0,-1.0,-1.0,1.0,0.0,0.0,0.0,1.0,0.0,0.0,0.0,1.0,0.0,0.0,0.0
20260319_165846_036208,8,33,2.8757224082946777,0.3637820780277252,-0.10297540126787197,-4.022987483112742,0.0,0.35716357533105736,0.9118854999542236,1.3404919746425605,0.0,0.0,0.02,0.08297540126787196,0.0,artificial_grass,12345,2458048629,2,1,0,0,0,0,-0.7101146578788757,0.06401290744543076,0.08212833851575851,0.795574426651001,-0.14695009589195251,-0.47176268696784973,-0.03701760619878769,0.03749809414148331,0.02774522826075554,0.9722546935081482,-0.04717421904206276,-1.0,-1.0,-1.0,-1.0,-1.0,-1.0,-1.0,1.0,0.0,0.0,0.0,1.0,0.0,0.0,0.0,1.0,0.0,0.0,0.0
20260319_165846_036208,8,34,2.9096872806549072,0.379876971244812,-0.12975284262408848,-4.152740325736831,0.0,-0.13449964892888033,-1.6094893217086792,0.8049431475182303,0.0,0.0,0.02,0.10975284262408848,0.0,artificial_grass,12345,2458048629,2,1,0,0,0,0,-1.0,0.4540833830833435,-0.30033382773399353,0.946540892124176,-0.9168648719787598,-0.9453220367431641,0.8301896452903748,0.04340171813964844,0.034710295498371124,0.9652895927429199,-0.010635747574269772,-1.0,-1.0,-1.0,-1.0,-1.0,-1.0,-1.0,1.0,0.0,0.0,0.0,1.0,0.0,0.0,0.0,1.0,0.0,0.0,0.0
20260319_165846_036208,8,35,2.864219903945923,0.3625224530696869,-0.11978750857643775,-4.272527834313268,0.0,0.3329882176814749,1.7354518175125122,1.004249828471245,0.0,0.0,0.02,0.09978750857643774,0.0,artificial_grass,12345,2458048629,2,1,0,0,0,0,-0.766357421875,0.9866131544113159,-0.04889792203903198,0.656090259552002,1.0,-0.46657222509384155,-0.9768853187561035,0.08585777133703232,0.022416848689317703,0.977583110332489,0.1454997956752777,-1.0,-1.0,-1.0,-1.0,-1.0,-1.0,-1.0,1.0,0.0,0.0,0.0,1.0,0.0,0.0,0.0,1.0,0.0,0.0,0.0
20260319_165846_036208,8,36,2.854182481765747,0.3645470142364502,-0.10853971446255144,-4.38106754877582,0.0,0.19912713409203775,-0.20245611667633057,1.2292057107489711,0.0,0.0,0.02,0.08853971446255143,0.0,artificial_grass,12345,2458048629,2,1,0,0,0,0,-0.9172287583351135,0.7928497791290283,-0.5670382976531982,0.6879749298095703,0.23539195954799652,0.6637738347053528,-0.4793287515640259,0.02902374230325222,0.035672400146722794,0.9643275141716003,-0.06188909336924553,-1.0,-1.0,-1.0,-1.0,-1.0,-1.0,-1.0,1.0,0.0,0.0,0.0,1.0,0.0,0.0,0.0,1.0,0.0,0.0,0.0
20260319_165846_036208,8,37,2.8485069274902344,0.3683300316333771,-0.12090972695275724,-4.501977275728577,0.0,0.054769915645835,-0.378301739692688,0.9818054609448552,0.0,0.0,0.02,0.10090972695275724,0.0,artificial_grass,12345,2458048629,2,1,0,0,0,0,0.8241851925849915,0.4876173734664917,0.8065740466117859,0.5117047429084778,0.3730678856372833,-0.5236642956733704,-0.9248560070991516,0.016476821154356003,0.03412603959441185,0.9658738970756531,-0.0963643342256546,-1.0,-1.0,-1.0,-1.0,-1.0,-1.0,-1.0,1.0,0.0,0.0,0.0,1.0,0.0,0.0,0.0,1.0,0.0,0.0,0.0
20260319_165846_036208,8,38,2.8499131202697754,0.36623644828796387,-0.12485168929043809,-4.626828965019015,0.0,0.09341702036971355,0.2093583345413208,0.9029662141912382,0.0,0.0,0.02,0.10485168929043809,0.0,artificial_grass,12345,2458048629,2,1,0,0,0,0,-1.0,0.5383384227752686,-0.39024657011032104,-0.35514605045318604,-0.6671566367149353,-1.0,-0.6372364163398743,0.00938262976706028,0.031236516311764717,0.9687634706497192,-0.11992914229631424,-1.0,-1.0,-1.0,-1.0,-1.0,-1.0,-1.0,1.0,0.0,0.0,0.0,1.0,0.0,0.0,0.0,1.0,0.0,0.0,0.0
20260319_165846_036208,8,39,2.8703432083129883,0.3549670875072479,-0.12512002881723175,-4.751948993836247,0.0,0.3517967847951837,1.1269360780715942,0.8975994236553646,0.0,0.0,0.02,0.10512002881723176,0.0,artificial_grass,12345,2458048629,2,1,0,0,0,0,-0.9786270260810852,0.9058727622032166,-0.10435192286968231,0.7746240496635437,0.7801039218902588,0.4631359279155731,-0.15679562091827393,0.011140060611069202,0.032835617661476135,0.9671642780303955,-0.11744191497564316,-1.0,-1.0,-1.0,-1.0,-1.0,-1.0,-1.0,1.0,0.0,0.0,0.0,1.0,0.0,0.0,0.0,1.0,0.0,0.0,0.0
20260319_165846_036208,8,40,2.8632962703704834,0.3579385578632355,-0.10891700488595263,-4.8608659987222,0.0,0.18956082969670263,-0.2971470355987549,1.2216599022809476,0.0,0.0,0.02,0.08891700488595262,0.0,artificial_grass,12345,2458048629,2,1,0,0,0,0,0.8971332311630249,-0.20113936066627502,-0.7936588525772095,0.6324158906936646,0.6170443892478943,0.7277448773384094,-0.6634125113487244,0.03667793422937393,0.04144328087568283,0.9585566520690918,-0.04012429341673851,-1.0,-1.0,-1.0,-1.0,-1.0,-1.0,-1.0,1.0,0.0,0.0,0.0,1.0,0.0,0.0,0.0,1.0,0.0,0.0,0.0
20260319_165846_036208,8,41,2.911489725112915,0.3661274313926697,-0.12869397656819329,-4.989559975290393,0.0,-0.06255121596333879,-0.8188873529434204,0.8261204686361339,0.0,0.0,0.02,0.1086939765681933,0.0,artificial_grass,12345,2458048629,2,1,0,0,0,0,-0.31849342584609985,-0.8113236427307129,-0.7439239025115967,-0.06726405024528503,0.48813527822494507,-0.4047623574733734,0.8687686920166016,0.027869034558534622,0.03917362168431282,0.9608262777328491,-0.0659111738204956,-1.0,-1.0,-1.0,-1.0,-1.0,-1.0,-1.0,1.0,0.0,0.0,0.0,1.0,0.0,0.0,0.0,1.0,0.0,0.0,0.0
20260319_165846_036208,8,42,2.922919988632202,0.377610445022583,-0.1553497709088117,-5.144909746199205,0.0,-0.33398875272033024,-1.148301362991333,0.2930045818237659,0.0,0.0,0.02,0.1353497709088117,0.0,artificial_grass,12345,2458048629,2,1,0,0,0,0,0.5230242609977722,-0.08219899237155914,0.23347482085227966,0.7097117900848389,0.7467947602272034,0.07269800454378128,0.5877031683921814,0.08811111748218536,0.032918889075517654,0.9670810699462891,0.1290004551410675,-1.0,-1.0,-1.0,-1.0,-1.0,-1.0,-1.0,1.0,0.0,0.0,0.0,1.0,0.0,0.0,0.0,1.0,0.0,0.0,0.0
20260319_165846_036208,8,43,2.913717746734619,0.36350491642951965,-0.15298093417678627,-5.297890680375991,0.0,0.10214665028634329,1.4105528593063354,0.34038131646427416,0.0,0.0,0.02,0.13298093417678628,0.0,artificial_grass,12345,2458048629,2,1,0,0,0,0,-0.1783733367919922,0.0893177017569542,0.1072099581360817,0.22705551981925964,-0.07382310181856155,-0.2844817638397217,0.12478484958410263,0.10239867866039276,0.024148056283593178,0.9758518934249878,0.17575140297412872,-1.0,-1.0,-1.0,-1.0,-1.0,-1.0,-1.0,1.0,0.0,0.0,0.0,1.0,0.0,0.0,0.0,1.0,0.0,0.0,0.0
20260319_165846_036208,8,44,2.905410051345825,0.3581415116786957,-0.14711702987100464,-5.445007710246996,0.0,0.21069510648534617,0.5363404750823975,0.4576594025799068,0.0,0.0,0.02,0.12711702987100465,0.0,artificial_grass,12345,2458048629,2,1,0,0,0,0,-0.5398344397544861,-0.5956132411956787,-0.10150143504142761,0.8229254484176636,-0.3404408395290375,-0.5991472005844116,-0.07606209069490433,0.09089584648609161,0.034922003746032715,0.9650779962539673,0.11771159619092941,-1.0,-1.0,-1.0,-1.0,-1.0,-1.0,-1.0,1.0,0.0,0.0,0.0,1.0,0.0,0.0,0.0,1.0,0.0,0.0,0.0
20260319_165846_036208,8,45,2.9078097343444824,0.3569672107696533,-0.1553379264812602,-5.600345636728256,0.0,0.18737885259007214,0.11743009090423584,0.2932414703747952,0.0,0.0,0.02,0.13533792648126022,0.0,artificial_grass,12345,2458048629,2,1,0,0,0,0,-0.5639854669570923,0.2205830216407776,0.6308668255805969,-0.22367659211158752,0.5126546025276184,0.7636871337890625,0.18314045667648315,0.08051147311925888,0.03901861235499382,0.9609813094139099,0.06612996757030487,-1.0,-1.0,-1.0,-1.0,-1.0,-1.0,-1.0,1.0,0.0,0.0,0.0,1.0,0.0,0.0,0.0,1.0,0.0,0.0,0.0
20260319_165846_036208,8,46,2.9087603092193604,0.35601601004600525,-0.15660026008940775,-5.756945896817664,0.0,0.16431415753375234,0.09512007236480713,0.2679947982118449,0.0,0.0,0.02,0.13660026008940776,0.0,artificial_grass,12345,2458048629,2,1,0,0,0,0,0.8200071454048157,0.4278568625450134,-0.7238876223564148,-0.8284971714019775,-0.6596823334693909,0.8809865713119507,0.052910760045051575,0.08351097255945206,0.03991556912660599,0.9600843191146851,0.08017764985561371,-1.0,-1.0,-1.0,-1.0,-1.0,-1.0,-1.0,1.0,0.0,0.0,0.0,1.0,0.0,0.0,0.0,1.0,0.0,0.0,0.0
20260319_165846_036208,8,47,2.8873655796051025,0.3538810908794403,-0.14464226942551875,-5.901588166243182,0.0,0.17660859731444134,0.21349191665649414,0.507154611489625,0.0,0.0,0.02,0.12464226942551875,0.0,artificial_grass,12345,2458048629,2,1,0,0,0,0,-0.80510413646698,0.7686203122138977,0.5635854601860046,-0.2660374939441681,-0.368267685174942,0.9080586433410645,-0.7358687520027161,0.08469925075769424,0.04064210131764412,0.9593578577041626,0.07922188937664032,-1.0,-1.0,-1.0,-1.0,-1.0,-1.0,-1.0,1.0,0.0,0.0,0.0,1.0,0.0,0.0,0.0,1.0,0.0,0.0,0.0
20260319_165846_036208,8,48,2.9326748847961426,0.3687466084957123,-0.13990190641055064,-6.041490072653732,0.0,-0.2391814924209683,-1.4865517616271973,0.601961871788987,0.0,0.0,0.02,0.11990190641055065,0.0,artificial_grass,12345,2458048629,2,1,0,0,0,0,-0.13216868042945862,-1.0,0.031195595860481262,-0.5935776233673096,0.20083308219909668,0.03118210658431053,1.0,0.05795593187212944,0.04227278381586075,0.9577271342277527,-0.028428291901946068,-1.0,-1.0,-1.0,-1.0,-1.0,-1.0,-1.0,1.0,0.0,0.0,0.0,1.0,0.0,0.0,0.0,1.0,0.0,0.0,0.0
20260319_165846_036208,8,49,2.9442174434661865,0.37829771637916565,-0.16591742974497065,-6.207407502398703,0.0,-0.4181638164020569,-0.9551107883453369,0.08165140510058677,0.0,0.0,0.02,0.14591742974497066,0.0,artificial_grass,12345,2458048629,2,1,0,0,0,0,0.21486513316631317,0.7407535314559937,-0.37683117389678955,0.8407344818115234,-0.2831610143184662,0.6724632382392883,0.47719910740852356,0.11459235846996307,0.030918341130018234,0.9690816402435303,0.16668322682380676,-1.0,-1.0,-1.0,-1.0,-1.0,-1.0,-1.0,1.0,0.0,0.0,0.0,1.0,0.0,0.0,0.0,1.0,0.0,0.0,0.0
20260319_165846_036208,8,50,2.92474365234375,0.354171484708786,-0.16197553859634053,-6.369383040995044,0.0,0.2895329294579483,2.412623167037964,0.16048922807318888,0.0,0.0,0.02,0.14197553859634054,0.0,artificial_grass,12345,2458048629,2,1,0,0,0,0,0.4932539761066437,-0.5025495886802673,0.0987529456615448,0.5988006591796875,0.5146883726119995,0.890923023223877,-0.20852677524089813,0.12902069091796875,0.023623093962669373,0.9763768315315247,0.20615167915821075,-1.0,-1.0,-1.0,-1.0,-1.0,-1.0,-1.0,1.0,0.0,0.0,0.0,1.0,0.0,0.0,0.0,1.0,0.0,0.0,0.0
20260319_165846_036208,8,51,2.9453299045562744,0.3707158863544464,-0.16999999999999998,-6.539383040995044,0.0,-0.1964603440480488,-1.65444016456604,-0.22334996856493206,0.0,0.0,0.02,0.15,0.0,artificial_grass,12345,2458048629,2,1,0,0,0,0,0.8925482630729675,0.025655927136540413,-0.5363206267356873,-0.1752343624830246,0.49686378240585327,-0.41182374954223633,0.9079932570457458,0.10467834770679474,0.04205096513032913,0.9579489231109619,0.08641707897186279,-1.0,-1.0,-1.0,-1.0,-1.0,-1.0,-1.0,1.0,0.0,0.0,0.0,1.0,0.0,0.0,0.0,1.0,0.0,0.0,0.0
20260319_165846_036208,8,52,2.935441493988037,0.35406583547592163,-0.16999999999999998,-6.709383040995044,0.0,0.26890601392707936,1.665005087852478,-0.11875811217160503,0.0,0.0,0.02,0.15,0.0,artificial_grass,12345,2458048629,2,1,0,0,0,0,-0.6456404328346252,-0.9964689612388611,0.8632579445838928,-0.0970660001039505,-0.07399201393127441,-0.2308053821325302,-0.1705314666032791,0.13041114807128906,0.029414169490337372,0.970585823059082,0.1924498826265335,-1.0,-1.0,-1.0,-1.0,-1.0,-1.0,-1.0,1.0,0.0,0.0,0.0,1.0,0.0,0.0,0.0,1.0,0.0,0.0,0.0
20260319_165846_036208,8,53,2.938852310180664,0.3560554087162018,-0.16999999999999998,-6.879383040995044,0.0,0.15194017943829863,-0.19895732402801514,-0.14342653004774775,0.0,0.0,0.02,0.15,0.0,artificial_grass,12345,2458048629,2,1,0,0,0,0,0.9230202436447144,0.8094971776008606,0.8183882236480713,0.5301135778427124,-0.7285493612289429,0.6615228652954102,0.46826887130737305,0.11805076897144318,0.04213167354464531,0.9578682780265808,0.11618021130561829,-1.0,-1.0,-1.0,-1.0,-1.0,-1.0,-1.0,1.0,0.0,0.0,0.0,1.0,0.0,0.0,0.0,1.0,0.0,0.0,0.0
20260319_165846_036208,8,54,2.954660177230835,0.3804877698421478,-0.17076316849634182,-7.050146209491386,0.0,-0.49685389356992005,-2.4432361125946045,-0.4010989311966995,0.0,0.01526336992683702,0.02,0.15,0.0,artificial_grass,12345,2458048629,2,1,0,0,0,0,0.9950858354568481,-0.7759117484092712,-0.2919323444366455,-0.4280461072921753,0.24200426042079926,-0.7360162138938904,0.98762047290802,0.12231407314538956,0.04061200097203255,0.9593879580497742,0.13679642975330353,-1.0,-1.0,-1.0,-1.0,-1.0,-1.0,-1.0,1.0,0.0,0.0,0.0,1.0,0.0,0.0,0.0,1.0,0.0,0.0,0.0
20260319_165846_036208,8,55,2.9200267791748047,0.34430018067359924,-0.14254429028791804,-7.192690499779304,0.0,0.5320493090362817,3.6187589168548584,0.5491141942416391,0.0,0.0,0.02,0.12254429028791804,0.0,artificial_grass,12345,2458048629,2,1,0,0,0,0,0.47375965118408203,0.4013841450214386,-0.9081667065620422,1.0,0.7961815595626831,-0.7109507322311401,-0.6374536752700806,0.1420738250017166,0.021950306370854378,0.978049635887146,0.23004049062728882,-1.0,-1.0,-1.0,-1.0,-1.0,-1.0,-1.0,1.0,0.0,0.0,0.0,1.0,0.0,0.0,0.0,1.0,0.0,0.0,0.0
20260319_165846_036208,8,56,2.9251439571380615,0.3429054021835327,-0.13532561455937225,-7.328016114338676,0.0,0.4339064440288638,0.13947784900665283,0.6934877088125546,0.0,0.0,0.02,0.11532561455937226,0.0,artificial_grass,12345,2458048629,2,1,0,0,0,0,-0.7899225354194641,0.4769849181175232,-0.39567169547080994,-0.670699417591095,-0.8437165021896362,-0.46309518814086914,0.24429360032081604,0.09878234565258026,0.049590758979320526,0.9504092335700989,0.040353186428546906,-1.0,-1.0,-1.0,-1.0,-1.0,-1.0,-1.0,1.0,0.0,0.0,0.0,1.0,0.0,0.0,0.0,1.0,0.0,0.0,0.0
20260319_165846_036208,8,57,2.9368348121643066,0.3507245182991028,-0.11900500085035019,-7.447021115189027,0.0,0.1299519301323926,-0.7819116115570068,1.019899982992996,0.0,0.0,0.02,0.09900500085035019,0.0,artificial_grass,12345,2458048629,2,1,0,0,0,0,0.5555619597434998,-0.759810745716095,-0.8044242262840271,0.3965999484062195,-0.6870959997177124,0.7964662313461304,0.4648837447166443,0.1051788330078125,0.05065612494945526,0.9493438601493835,0.06401927769184113,-1.0,-1.0,-1.0,-1.0,-1.0,-1.0,-1.0,1.0,0.0,0.0,0.0,1.0,0.0,0.0,0.0,1.0,0.0,0.0,0.0
20260319_165846_036208,8,58,2.934818744659424,0.3471335768699646,-0.12308842738031602,-7.570109542569343,0.0,0.18723748332776324,0.35909414291381836,0.9382314523936799,0.0,0.0,0.02,0.10308842738031601,0.0,artificial_grass,12345,2458048629,2,1,0,0,0,0,0.39690887928009033,0.7846802473068237,-0.020175430923700333,-0.5538842082023621,-0.5122619271278381,0.6898499131202698,0.09270820766687393,0.11979217827320099,0.044683787971735,0.9553161263465881,0.12874241173267365,-1.0,-1.0,-1.0,-1.0,-1.0,-1.0,-1.0,1.0,0.0,0.0,0.0,1.0,0.0,0.0,0.0,1.0,0.0,0.0,0.0
20260319_165846_036208,8,59,2.9416205883026123,0.3552810549736023,-0.13384837835698746,-7.70395792092633,0.0,-0.06325884009513061,-0.8147478103637695,0.7230324328602507,0.0,0.0,0.02,0.11384837835698745,0.0,artificial_grass,12345,2458048629,2,1,0,0,0,0,-0.34459859132766724,-0.8859977126121521,-0.7835416197776794,-0.8908284902572632,-0.42826026678085327,0.76985102891922,0.6461349725723267,0.11727218329906464,0.047426603734493256,0.9525733590126038,0.10987976938486099,-1.0,-1.0,-1.0,-1.0,-1.0,-1.0,-1.0,1.0,0.0,0.0,0.0,1.0,0.0,0.0,0.0,1.0,0.0,0.0,0.0
20260319_165846_036208,8,60,2.9508860111236572,0.36961543560028076,-0.12955760580107473,-7.833515526727404,0.0,-0.4058036457383025,-1.4334380626678467,0.8140826806918682,0.0,0.005234796713362928,0.02,0.10929586596540658,0.0,artificial_grass,12345,2458048629,2,1,0,0,0,0,0.346784383058548,-0.3234410285949707,0.5069525837898254,0.7080801129341125,-0.14594340324401855,0.22273290157318115,0.9008864164352417,0.12577438354492188,0.04120345413684845,0.958796501159668,0.14860083162784576,-1.0,-1.0,-1.0,-1.0,-1.0,-1.0,-1.0,1.0,0.0,0.0,0.0,1.0,0.0,0.0,0.0,1.0,0.0,0.0,0.0
20260319_165846_036208,8,61,2.9070398807525635,0.3345666825771332,-0.1273050268534729,-7.960820553580877,0.0,0.5718660912749556,3.5048753023147583,0.8538994629305421,0.0,0.0,0.02,0.1073050268534729,0.0,artificial_grass,12345,2458048629,2,1,0,0,0,0,-0.89384925365448,1.0,0.7833862900733948,-0.12423214316368103,0.8064073920249939,-0.28113365173339844,-0.8566542863845825,0.13735619187355042,0.03025471419095993,0.9697452783584595,0.20794926583766937,-1.0,-1.0,-1.0,-1.0,-1.0,-1.0,-1.0,1.0,0.0,0.0,0.0,1.0,0.0,0.0,0.0,1.0,0.0,0.0,0.0
20260319_165846_036208,8,62,2.91085147857666,0.3335587978363037,-0.12629551470606842,-8.087116068286946,0.0,0.4540966869769534,0.10078847408294678,0.8740897058786317,0.0,0.0,0.02,0.10629551470606842,0.0,artificial_grass,12345,2458048629,2,1,0,0,0,0,-0.651519775390625,-0.1562870442867279,-0.36567699909210205,-0.7963864803314209,-0.2106613665819168,-0.4409106373786926,0.014207588508725166,0.08254852145910263,0.05702530965209007,0.9429746270179749,-0.020776716992259026,-1.0,-1.0,-1.0,-1.0,-1.0,-1.0,-1.0,1.0,0.0,0.0,0.0,1.0,0.0,0.0,0.0,1.0,0.0,0.0,0.0
20260319_165846_036208,8,63,2.9518697261810303,0.35488370060920715,-0.14242061391718125,-8.229536682204127,0.0,-0.19255005408986392,-2.1324902772903442,0.5515877216563752,0.0,0.0,0.02,0.12242061391718125,0.0,artificial_grass,12345,2458048629,2,1,0,0,0,0,-0.4923461079597473,0.5398094654083252,0.32854780554771423,0.20151883363723755,-0.8986749649047852,-0.675430178642273,0.9341287016868591,0.08731307834386826,0.05779514089226723,0.9422047734260559,-0.0016383922193199396,-1.0,-1.0,-1.0,-1.0,-1.0,-1.0,-1.0,1.0,0.0,0.0,0.0,1.0,0.0,0.0,0.0,1.0,0.0,0.0,0.0
20260319_165846_036208,8,64,2.9105989933013916,0.33355236053466797,-0.1323389400187655,-8.361875622222893,0.0,0.3888709612960781,2.1331340074539185,0.75322119962469,0.0,0.0,0.02,0.1123389400187655,0.0,artificial_grass,12345,2458048629,2,1,0,0,0,0,-0.724565327167511,0.3357415497303009,-0.5730016231536865,-0.8785132765769958,-0.32747018337249756,0.7516118288040161,-0.8547879457473755,0.13858604431152344,0.04150697588920593,0.9584929943084717,0.17508116364479065,-1.0,-1.0,-1.0,-1.0,-1.0,-1.0,-1.0,1.0,0.0,0.0,0.0,1.0,0.0,0.0,0.0,1.0,0.0,0.0,0.0
20260319_165846_036208,8,65,2.9343392848968506,0.33475860953330994,-0.11610114821370886,-8.477976770436602,0.0,0.2614969960060023,-0.12062489986419678,1.077977035725823,0.0,0.0,0.02,0.09610114821370885,0.0,artificial_grass,12345,2458048629,2,1,0,0,0,0,-0.8289324045181274,-0.13578768074512482,0.2546992599964142,0.3183397054672241,0.40879499912261963,0.19002756476402283,0.6469473242759705,0.0869976058602333,0.057800062000751495,0.9421998858451843,-0.024173501878976822,-1.0,-1.0,-1.0,-1.0,-1.0,-1.0,-1.0,1.0,0.0,0.0,0.0,1.0,0.0,0.0,0.0,1.0,0.0,0.0,0.0
20260319_165846_036208,8,66,2.922145366668701,0.32952752709388733,-0.07946597552728932,-8.557442745963892,0.0,0.3268998079900882,0.5231082439422607,1.8106804894542137,0.0,0.0,0.02,0.059465975527289314,0.0,artificial_grass,12345,2458048629,2,1,0,0,0,0,0.28575313091278076,0.11012540757656097,0.03993619978427887,-0.6478898525238037,-0.4764111340045929,0.7294495105743408,-0.47914376854896545,0.11667289584875107,0.056878719478845596,0.9431211948394775,0.09260941296815872,-1.0,-1.0,-1.0,-1.0,-1.0,-1.0,-1.0,1.0,0.0,0.0,0.0,1.0,0.0,0.0,0.0,1.0,0.0,0.0,0.0
20260319_165846_036208,8,67,2.8962316513061523,0.33541208505630493,-0.10315623474443185,-8.660598980708324,0.0,0.09806090693210479,-0.5884557962417603,1.3368753051113629,0.0,0.0,0.02,0.08315623474443185,0.0,artificial_grass,12345,2458048629,2,1,0,0,0,0,0.18134523928165436,-0.10266544669866562,-0.45933181047439575,-0.33080950379371643,0.46881911158561707,-0.04777558892965317,-0.8863781094551086,0.1014305129647255,0.06087428331375122,0.939125657081604,0.019163716584444046,-1.0,-1.0,-1.0,-1.0,-1.0,-1.0,-1.0,1.0,0.0,0.0,0.0,1.0,0.0,0.0,0.0,1.0,0.0,0.0,0.0
20260319_165846_036208,8,68,2.8993277549743652,0.3332970142364502,-0.11953994655850665,-8.78013892726683,0.0,0.12642245069545766,0.21150708198547363,1.0092010688298672,0.0,0.0,0.02,0.09953994655850665,0.0,artificial_grass,12345,2458048629,2,1,0,0,0,0,0.14084628224372864,-0.37428992986679077,-0.7924044132232666,-0.5598011016845703,-0.7885845303535461,-0.7457408308982849,-0.4905095100402832,0.06903839111328125,0.05637957528233528,0.9436203837394714,-0.08211617171764374,-1.0,-1.0,-1.0,-1.0,-1.0,-1.0,-1.0,1.0,0.0,0.0,0.0,1.0,0.0,0.0,0.0,1.0,0.0,0.0,0.0
20260319_165846_036208,8,69,2.900567054748535,0.3311299681663513,-0.10246279436531054,-8.88260172163214,0.0,0.14899298977405806,0.2167046070098877,1.3507441126937891,0.0,0.0,0.02,0.08246279436531054,0.0,artificial_grass,12345,2458048629,2,1,0,0,0,0,-0.4097484350204468,0.4916457235813141,0.8270178437232971,0.801110029220581,0.5799371600151062,0.7861319184303284,-0.5605416297912598,0.07290840148925781,0.057995107024908066,0.9420047998428345,-0.06986276805400848,-1.0,-1.0,-1.0,-1.0,-1.0,-1.0,-1.0,1.0,0.0,0.0,0.0,1.0,0.0,0.0,0.0,1.0,0.0,0.0,0.0
20260319_165846_036208,8,70,2.8971691131591797,0.333118736743927,-0.11880506603555688,-9.001406787667698,0.0,0.062025527891151455,-0.19887685775756836,1.0238986792888625,0.0,0.0,0.02,0.09880506603555687,0.0,artificial_grass,12345,2458048629,2,1,0,0,0,0,-0.17204558849334717,1.0,-0.3917509913444519,-0.6298858523368835,0.8015372157096863,0.33938276767730713,-0.7951114177703857,0.074457548558712,0.059650324285030365,0.9403495788574219,-0.06467986106872559,-1.0,-1.0,-1.0,-1.0,-1.0,-1.0,-1.0,1.0,0.0,0.0,0.0,1.0,0.0,0.0,0.0,1.0,0.0,0.0,0.0
20260319_165846_036208,8,71,2.9159352779388428,0.3250404894351959,-0.11945614940402478,-9.120862937071722,0.0,0.24847532863664412,0.8078247308731079,1.0108770119195043,0.0,0.0,0.02,0.09945614940402478,0.0,artificial_grass,12345,2458048629,2,1,0,0,0,0,-0.3823021948337555,-0.7753255367279053,-0.9640359878540039,0.2820320129394531,0.3056098520755768,-0.5863617658615112,-0.029705526307225227,0.07021026313304901,0.05813126266002655,0.9418686628341675,-0.08287280052900314,-1.0,-1.0,-1.0,-1.0,-1.0,-1.0,-1.0,1.0,0.0,0.0,0.0,1.0,0.0,0.0,0.0,1.0,0.0,0.0,0.0
20260319_165846_036208,8,72,2.89554500579834,0.33173972368240356,-0.1348573577886644,-9.255720294860387,0.0,0.018875640297295604,-0.6699234247207642,0.7028528442267117,0.0,0.0,0.02,0.1148573577886644,0.0,artificial_grass,12345,2458048629,2,1,0,0,0,0,-0.6962204575538635,-0.3635377585887909,0.7217879891395569,1.0,0.0478118397295475,0.11522959917783737,-1.0,0.09366798400878906,0.06430152803659439,0.935698390007019,-0.00813483539968729,-1.0,-1.0,-1.0,-1.0,-1.0,-1.0,-1.0,1.0,0.0,0.0,0.0,1.0,0.0,0.0,0.0,1.0,0.0,0.0,0.0
20260319_165846_036208,8,73,2.9330129623413086,0.32481396198272705,-0.13039536449952577,-9.386115659359913,0.0,0.18730077271487744,0.6925761699676514,0.7920927100094843,0.0,0.0,0.02,0.11039536449952578,0.0,artificial_grass,12345,2458048629,2,1,0,0,0,0,-0.07106510549783707,-0.2094116508960724,0.0046470072120428085,-0.5865978002548218,0.3009060025215149,-0.8591985702514648,0.31742194294929504,0.06818008422851562,0.059184569865465164,0.9408153891563416,-0.08527225255966187,-1.0,-1.0,-1.0,-1.0,-1.0,-1.0,-1.0,1.0,0.0,0.0,0.0,1.0,0.0,0.0,0.0,1.0,0.0,0.0,0.0
20260319_165846_036208,8,74,2.918646812438965,0.32441163063049316,-0.1291897938671984,-9.51530545322711,0.0,0.15053386334200525,0.04023313522338867,0.8162041226560319,0.0,0.0,0.02,0.1091897938671984,0.0,artificial_grass,12345,2458048629,2,1,0,0,0,0,0.05059115216135979,-0.3971557915210724,0.9696657657623291,0.8761796355247498,0.63909512758255,-0.6299626231193542,-0.754217267036438,0.11501502990722656,0.06447454541921616,0.9355254173278809,0.05232297256588936,-1.0,-1.0,-1.0,-1.0,-1.0,-1.0,-1.0,1.0,0.0,0.0,0.0,1.0,0.0,0.0,0.0,1.0,0.0,0.0,0.0
20260319_165846_036208,8,75,2.922572135925293,0.3221113979816437,-0.12811913266951405,-9.643424585896625,0.0,0.17040621372774467,0.23002326488494873,0.8376173466097185,0.0,0.0,0.02,0.10811913266951406,0.0,artificial_grass,12345,2458048629,2,1,0,0,0,0,-0.14146332442760468,0.07492554932832718,0.8629895448684692,-0.7615464329719543,0.4699209928512573,0.38969331979751587,-0.07773644477128983,0.09705734252929688,0.06478185206651688,0.935218095779419,-0.02038220688700676,-1.0,-1.0,-1.0,-1.0,-1.0,-1.0,-1.0,1.0,0.0,0.0,0.0,1.0,0.0,0.0,0.0,1.0,0.0,0.0,0.0
20260319_165846_036208,8,76,2.959432601928711,0.34073176980018616,-0.1481056408224593,-9.791530226719084,0.0,-0.3377046351677535,-1.862037181854248,0.4378871835508136,0.0,0.0,0.02,0.12810564082245932,0.0,artificial_grass,12345,2458048629,2,1,0,0,0,0,-0.5457066297531128,0.49532756209373474,0.31911781430244446,-0.401398241519928,0.10352300852537155,0.19366109371185303,0.8053823113441467,0.10196380317211151,0.06653878837823868,0.9334611296653748,0.0026327804662287235,-1.0,-1.0,-1.0,-1.0,-1.0,-1.0,-1.0,1.0,0.0,0.0,0.0,1.0,0.0,0.0,0.0,1.0,0.0,0.0,0.0
20260319_165846_036208,8,77,2.9417593479156494,0.32323750853538513,-0.1513255044920808,-9.942855731211164,0.0,0.18407805524421406,1.7494261264801025,0.3734899101583835,0.0,0.0,0.02,0.1313255044920808,0.0,artificial_grass,12345,2458048629,2,1,0,0,0,0,-0.8886222839355469,-0.8119189739227295,-0.28945502638816833,0.27144014835357666,-0.3379214406013489,0.5564031004905701,-0.39130789041519165,0.14803962409496307,0.05231635272502899,0.9476836323738098,0.1696513146162033,-1.0,-1.0,-1.0,-1.0,-1.0,-1.0,-1.0,1.0,0.0,0.0,0.0,1.0,0.0,0.0,0.0,1.0,0.0,0.0,0.0
20260319_165846_036208,8,78,2.919149160385132,0.32412704825401306,-0.14647828408357283,-10.089334015294737,0.0,0.1158200484674552,-0.08895397186279297,0.4704343183285431,0.0,0.0,0.02,0.12647828408357284,0.0,artificial_grass,12345,2458048629,2,1,0,0,0,0,0.9696402549743652,0.4515761435031891,0.8123713731765747,-0.8069325089454651,0.4529282748699188,-0.35064417123794556,-0.8356350660324097,0.1259479522705078,0.0656786635518074,0.9343212246894836,0.058346886187791824,-1.0,-1.0,-1.0,-1.0,-1.0,-1.0,-1.0,1.0,0.0,0.0,0.0,1.0,0.0,0.0,0.0,1.0,0.0,0.0,0.0
20260319_165846_036208,8,79,2.9384608268737793,0.31958505511283875,-0.1458225794753194,-10.235156594770057,0.0,0.20041486487994575,0.45419931411743164,0.4835484104936114,0.0,0.0,0.02,0.1258225794753194,0.0,artificial_grass,12345,2458048629,2,1,0,0,0,0,-1.0,-0.887466549873352,-0.7872576713562012,-0.6267791986465454,0.4811147451400757,-0.41064709424972534,0.039467472583055496,0.09768524020910263,0.06499921530485153,0.9350007176399231,-0.04809654504060745,-1.0,-1.0,-1.0,-1.0,-1.0,-1.0,-1.0,1.0,0.0,0.0,0.0,1.0,0.0,0.0,0.0,1.0,0.0,0.0,0.0
20260319_165846_036208,8,80,2.932574987411499,0.31930676102638245,-0.14548584760135097,-10.380642442371409,0.0,0.1572685008213739,0.027829408645629883,0.49028304797298006,0.0,0.0,0.02,0.12548584760135098,0.0,artificial_grass,12345,2458048629,2,1,0,0,0,0,-0.050914209336042404,0.16472476720809937,0.6087419390678406,0.21175353229045868,0.6488884687423706,0.2618579566478729,-0.5988636612892151,0.12182464450597763,0.06846842914819717,0.9315314888954163,0.0298045352101326,-1.0,-1.0,-1.0,-1.0,-1.0,-1.0,-1.0,1.0,0.0,0.0,0.0,1.0,0.0,0.0,0.0,1.0,0.0,0.0,0.0
20260319_165846_036208,8,81,2.946446180343628,0.31740689277648926,-0.14573375419457021,-10.526376196565979,0.0,0.16544808186336013,0.18998682498931885,0.4853249161085955,0.0,0.0,0.02,0.12573375419457022,0.0,artificial_grass,12345,2458048629,2,1,0,0,0,0,0.43913695216178894,0.036242175847291946,0.8547155261039734,0.5482481718063354,-0.4463052451610565,0.1553669422864914,0.22698457539081573,0.11446762084960938,0.06868100166320801,0.931318998336792,-0.0007548895082436502,-1.0,-1.0,-1.0,-1.0,-1.0,-1.0,-1.0,1.0,0.0,0.0,0.0,1.0,0.0,0.0,0.0,1.0,0.0,0.0,0.0
20260319_165846_036208,8,82,2.9311938285827637,0.3148578703403473,-0.11945794132112908,-10.645834137887107,0.0,0.1878116223010693,0.2549022436141968,1.0108411735774183,0.0,0.0,0.02,0.09945794132112908,0.0,artificial_grass,12345,2458048629,2,1,0,0,0,0,-0.014787444844841957,-1.0,0.7232271432876587,0.5522603988647461,0.43272897601127625,-0.6097877621650696,-0.6654821038246155,0.13180656731128693,0.07013214379549026,0.9298678040504456,0.06283579766750336,-1.0,-1.0,-1.0,-1.0,-1.0,-1.0,-1.0,1.0,0.0,0.0,0.0,1.0,0.0,0.0,0.0,1.0,0.0,0.0,0.0
20260319_165846_036208,8,83,2.914992094039917,0.3200385868549347,-0.12809480389028394,-10.77392894177739,0.0,0.01134080386111691,-0.5180716514587402,0.8381039221943212,0.0,0.0,0.02,0.10809480389028393,0.0,artificial_grass,12345,2458048629,2,1,0,0,0,0,-0.052660103887319565,-0.606752872467041,-0.7381965517997742,0.48122379183769226,0.8056994080543518,0.38161128759384155,-0.8799365758895874,0.11274109035730362,0.07207910716533661,0.9279208183288574,-0.0063994647935032845,-1.0,-1.0,-1.0,-1.0,-1.0,-1.0,-1.0,1.0,0.0,0.0,0.0,1.0,0.0,0.0,0.0,1.0,0.0,0.0,0.0
20260319_165846_036208,8,84,2.942554473876953,0.31296202540397644,-0.124614824355167,-10.898543766132557,0.0,0.18541963916979398,0.7076561450958252,0.90770351289666,0.0,0.0,0.02,0.104614824355167,0.0,artificial_grass,12345,2458048629,2,1,0,0,0,0,-0.9284155964851379,0.5477546453475952,-0.48295268416404724,-0.9133793711662292,0.13161899149417877,-0.7595612406730652,0.07217393070459366,0.0924888625741005,0.0681220069527626,0.9318779110908508,-0.07079882174730301,-1.0,-1.0,-1.0,-1.0,-1.0,-1.0,-1.0,1.0,0.0,0.0,0.0,1.0,0.0,0.0,0.0,1.0,0.0,0.0,0.0
20260319_165846_036208,8,85,2.957641839981079,0.31835225224494934,-0.13442011468151277,-11.03296388081407,0.0,0.004309058353030082,-0.53902268409729,0.7115977063697443,0.0,0.0,0.02,0.11442011468151278,0.0,artificial_grass,12345,2458048629,2,1,0,0,0,0,0.23308411240577698,-0.7605156302452087,-1.0,-0.5544919967651367,-0.9520483613014221,-0.04499046504497528,0.28335750102996826,0.12694168090820312,0.07352717965841293,0.9264727830886841,0.035560425370931625,-1.0,-1.0,-1.0,-1.0,-1.0,-1.0,-1.0,1.0,0.0,0.0,0.0,1.0,0.0,0.0,0.0,1.0,0.0,0.0,0.0
20260319_165846_036208,8,86,2.961289405822754,0.32117602229118347,-0.1456516625921357,-11.178615543406204,0.0,-0.06736245739108426,-0.2823770046234131,0.48696674815728613,0.0,0.0,0.02,0.1256516625921357,0.0,artificial_grass,12345,2458048629,2,1,0,0,0,0,0.3868422210216522,0.6222636103630066,-0.32887694239616394,-0.5074679255485535,0.9222351908683777,0.6312782764434814,0.3482086658477783,0.14580115675926208,0.0694100558757782,0.9305899143218994,0.11088578402996063,-1.0,-1.0,-1.0,-1.0,-1.0,-1.0,-1.0,1.0,0.0,0.0,0.0,1.0,0.0,0.0,0.0,1.0,0.0,0.0,0.0
20260319_165846_036208,8,87,2.972536087036133,0.33138447999954224,-0.1692107309729178,-11.347826274379122,0.0,-0.3057332857522823,-1.0208457708358765,0.01578538054164369,0.0,0.0,0.02,0.14921073097291782,0.0,artificial_grass,12345,2458048629,2,1,0,0,0,0,0.2251121699810028,-0.630698561668396,0.7077202796936035,0.9242680072784424,0.5331239104270935,-0.32809463143348694,0.882596492767334,0.15036049485206604,0.0672532320022583,0.9327467083930969,0.13022956252098083,-1.0,-1.0,-1.0,-1.0,-1.0,-1.0,-1.0,1.0,0.0,0.0,0.0,1.0,0.0,0.0,0.0,1.0,0.0,0.0,0.0
20260319_165846_036208,8,88,2.9719841480255127,0.3275238871574402,-0.16999999999999998,-11.517826274379122,0.0,-0.13278514326167112,0.3860592842102051,-0.3048113850210967,0.0,0.0,0.02,0.15,0.0,artificial_grass,12345,2458048629,2,1,0,0,0,0,0.22217507660388947,0.9802041053771973,0.7220739722251892,-0.8416146636009216,-0.29278531670570374,-0.8411682844161987,0.49664756655693054,0.1644187867641449,0.05945592001080513,0.9405440092086792,0.2044580578804016,-1.0,-1.0,-1.0,-1.0,-1.0,-1.0,-1.0,1.0,0.0,0.0,0.0,1.0,0.0,0.0,0.0,1.0,0.0,0.0,0.0
20260319_165846_036208,8,89,2.965660572052002,0.31505754590034485,-0.16999999999999998,-11.687826274379121,0.0,0.21206967398113363,1.2466341257095337,-0.10408251490108,0.0,0.0,0.02,0.15,0.0,artificial_grass,12345,2458048629,2,1,0,0,0,0,-0.8136679530143738,-0.45732995867729187,-0.7389333844184875,0.8464386463165283,0.40431874990463257,-0.6536400318145752,0.19243353605270386,0.16372910141944885,0.06240467727184296,0.9375952482223511,0.19632431864738464,-1.0,-1.0,-1.0,-1.0,-1.0,-1.0,-1.0,1.0,0.0,0.0,0.0,1.0,0.0,0.0,0.0,1.0,0.0,0.0,0.0
20260319_165846_036208,8,90,2.9336118698120117,0.30240803956985474,-0.1607106120161387,-11.84853688639526,0.0,0.4752899137480995,1.2649506330490112,0.1857877596772255,0.0,0.0,0.02,0.14071061201613871,0.0,artificial_grass,12345,2458048629,2,1,0,0,0,0,0.8122788071632385,-0.151505708694458,0.06321917474269867,-0.10062354058027267,-0.47704702615737915,-0.4739297926425934,-0.6937467455863953,0.1558246612548828,0.07192659378051758,0.9280733466148376,0.13594014942646027,-1.0,-1.0,-1.0,-1.0,-1.0,-1.0,-1.0,1.0,0.0,0.0,0.0,1.0,0.0,0.0,0.0,1.0,0.0,0.0,0.0
20260319_165846_036208,8,91,2.9600942134857178,0.30456671118736267,-0.14580103269012068,-11.994337919085382,0.0,0.30250064487339046,-0.21586716175079346,0.48397934619758587,0.0,0.0,0.02,0.1258010326901207,0.0,artificial_grass,12345,2458048629,2,1,0,0,0,0,0.5253056287765503,0.03371729329228401,0.48754942417144775,0.7117342948913574,-0.873916506767273,-0.8885273337364197,0.5995132327079773,0.11576347053050995,0.08158840984106064,0.9184115529060364,-0.018894463777542114,-1.0,-1.0,-1.0,-1.0,-1.0,-1.0,-1.0,1.0,0.0,0.0,0.0,1.0,0.0,0.0,0.0,1.0,0.0,0.0,0.0
20260319_165846_036208,8,92,2.958986759185791,0.30354419350624084,-0.12981098853641243,-12.124148907621795,0.0,0.2524384256830814,0.10225176811218262,0.8037802292717515,0.0,0.0,0.02,0.10981098853641243,0.0,artificial_grass,12345,2458048629,2,1,0,0,0,0,0.25159674882888794,-0.7793238162994385,0.029199639335274696,-0.788003146648407,0.45993947982788086,0.6884762644767761,-0.235390305519104,0.1488666534423828,0.07993960380554199,0.9200603365898132,0.10421597212553024,-1.0,-1.0,-1.0,-1.0,-1.0,-1.0,-1.0,1.0,0.0,0.0,0.0,1.0,0.0,0.0,0.0,1.0,0.0,0.0,0.0
20260319_165846_036208,8,93,2.9619603157043457,0.3053690791130066,-0.10733899029413976,-12.231487897915935,0.0,0.14370667909317092,-0.1824885606765747,1.2532201941172048,0.0,0.0,0.02,0.08733899029413976,0.0,artificial_grass,12345,2458048629,2,1,0,0,0,0,0.00017173275409732014,-1.0,0.4891926646232605,0.37883129715919495,-0.17926917970180511,-0.8483336567878723,0.4387389123439789,0.14748230576515198,0.08072060346603394,0.9192793369293213,0.0756722241640091,-1.0,-1.0,-1.0,-1.0,-1.0,-1.0,-1.0,1.0,0.0,0.0,0.0,1.0,0.0,0.0,0.0,1.0,0.0,0.0,0.0
20260319_165846_036208,8,94,2.94101881980896,0.3005320727825165,-0.08926447475195019,-12.320752372667885,0.0,0.22870516758212034,0.48370063304901123,1.6147105049609962,0.0,0.0,0.02,0.06926447475195019,0.0,artificial_grass,12345,2458048629,2,1,0,0,0,0,-0.7307939529418945,0.2141345739364624,-0.35465702414512634,-0.5732822418212891,0.19187481701374054,-1.0,-0.7341920137405396,0.1511993408203125,0.07932674884796143,0.9206732511520386,0.09662888944149017,-1.0,-1.0,-1.0,-1.0,-1.0,-1.0,-1.0,1.0,0.0,0.0,0.0,1.0,0.0,0.0,0.0,1.0,0.0,0.0,0.0
20260319_165846_036208,8,95,2.939359426498413,0.29891034960746765,-0.08926436069786561,-12.410016733365751,0.0,0.21207195506282517,0.1621723175048828,1.6147127860426878,0.0,0.0,0.02,0.06926436069786561,0.0,artificial_grass,12345,2458048629,2,1,0,0,0,0,-0.7123973369598389,-0.8650919198989868,-0.9596998691558838,0.23179972171783447,0.6771999597549438,0.7887582182884216,-0.20517228543758392,0.12502212822437286,0.08302129805088043,0.916978657245636,-0.0016365282936021686,-1.0,-1.0,-1.0,-1.0,-1.0,-1.0,-1.0,1.0,0.0,0.0,0.0,1.0,0.0,0.0,0.0,1.0,0.0,0.0,0.0
20260319_165846_036208,8,96,2.9423162937164307,0.2982446253299713,-0.10424400272354475,-12.514260736089296,0.0,0.17569707323451667,0.06657242774963379,1.315119945529105,0.0,0.0,0.02,0.08424400272354475,0.0,artificial_grass,12345,2458048629,2,1,0,0,0,0,0.41667988896369934,0.7905579209327698,-0.8892392516136169,0.4097076654434204,0.05841296911239624,-0.2650201916694641,-0.23130109906196594,0.1229480728507042,0.0842599868774414,0.9157399535179138,-0.004788726568222046,-1.0,-1.0,-1.0,-1.0,-1.0,-1.0,-1.0,1.0,0.0,0.0,0.0,1.0,0.0,0.0,0.0,1.0,0.0,0.0,0.0
20260319_165846_036208,8,97,2.966433048248291,0.30720052123069763,-0.12397526459682781,-12.638236000686124,0.0,-0.09212459259227046,-0.8955895900726318,0.920494708063444,0.0,0.0,0.02,0.10397526459682781,0.0,artificial_grass,12345,2458048629,2,1,0,0,0,0,-0.3787045180797577,0.7965055704116821,0.3358476758003235,-0.7903460264205933,0.2192647010087967,1.0,0.507824718952179,0.12664413452148438,0.08476846665143967,0.915231466293335,0.00968912709504366,-1.0,-1.0,-1.0,-1.0,-1.0,-1.0,-1.0,1.0,0.0,0.0,0.0,1.0,0.0,0.0,0.0,1.0,0.0,0.0,0.0
20260319_165846_036208,8,98,2.9607107639312744,0.29936039447784424,-0.13025169966212474,-12.768487700348249,0.0,0.12690972437714265,0.7840126752853394,0.7949660067575053,0.0,0.0,0.02,0.11025169966212474,0.0,artificial_grass,12345,2458048629,2,1,0,0,0,0,-0.41901323199272156,0.2536112070083618,-0.2729974687099457,0.833082377910614,-0.32078391313552856,0.20155924558639526,-0.20656344294548035,0.15679016709327698,0.07792786508798599,0.9220721125602722,0.12167718261480331,-1.0,-1.0,-1.0,-1.0,-1.0,-1.0,-1.0,1.0,0.0,0.0,0.0,1.0,0.0,0.0,0.0,1.0,0.0,0.0,0.0
20260319_165846_036208,8,99,2.947289228439331,0.2959231436252594,-0.1283813553869099,-12.89686905573516,0.0,0.1811135645974673,0.3437250852584839,0.8323728922618017,0.0,0.0,0.02,0.1083813553869099,0.0,artificial_grass,12345,2458048629,2,1,0,0,0,0,0.9390146732330322,-0.630089521408081,-0.37541526556015015,0.30200573801994324,0.11611807346343994,0.6482639312744141,-0.5347131490707397,0.14963722229003906,0.08391623944044113,0.9160836935043335,0.0754050761461258,-1.0,-1.0,-1.0,-1.0,-1.0,-1.0,-1.0,1.0,0.0,0.0,0.0,1.0,0.0,0.0,0.0,1.0,0.0,0.0,0.0
20260319_165846_036208,8,100,2.977630376815796,0.3113209307193756,-0.15227208896125616,-13.049141144696415,0.0,-0.2491095039048048,-1.539778709411621,0.35455822077487653,0.0,0.0,0.02,0.13227208896125617,0.0,artificial_grass,12345,2458048629,2,1,0,0,0,0,-0.720577597618103,0.11388316005468369,-0.5585879683494568,-0.9400732517242432,0.44794535636901855,-0.43756136298179626,0.8313921093940735,0.1328601837158203,0.08654164522886276,0.9134582877159119,0.0012782447738572955,-1.0,-1.0,-1.0,-1.0,-1.0,-1.0,-1.0,1.0,0.0,0.0,0.0,1.0,0.0,0.0,0.0,1.0,0.0,0.0,0.0
20260319_165846_036208,8,101,2.9947242736816406,0.33623966574668884,-0.16999999999999998,-13.219141144696415,0.0,-0.8098005036114273,-2.4918735027313232,-0.6673142378993759,0.0,0.0,0.02,0.15,0.0,artificial_grass,12345,2458048629,2,1,0,0,0,0,-0.610152006149292,0.7045252323150635,0.6096200942993164,0.03344668447971344,0.0940486416220665,-0.6554250121116638,0.8659753799438477,0.17078666388988495,0.0747806504368782,0.9252192974090576,0.15561281144618988,-1.0,-1.0,-1.0,-1.0,-1.0,-1.0,-1.0,1.0,0.0,0.0,0.0,1.0,0.0,0.0,0.0,1.0,0.0,0.0,0.0
20260319_165846_036208,8,102,2.9804980754852295,0.30775120854377747,-0.16999999999999998,-13.389141144696415,0.0,0.10486105236421395,2.8488457202911377,-0.7381502587696787,0.0,0.0,0.02,0.15,0.0,artificial_grass,12345,2458048629,2,1,0,0,0,0,0.4572198987007141,0.2864837348461151,-0.5952916741371155,0.19909757375717163,0.7847743034362793,-0.8498821258544922,-0.06228958070278168,0.1921539306640625,0.05574747547507286,0.9442524313926697,0.2448543906211853,-1.0,-1.0,-1.0,-1.0,-1.0,-1.0,-1.0,1.0,0.0,0.0,0.0,1.0,0.0,0.0,0.0,1.0,0.0,0.0,0.0
20260319_165846_036208,8,103,2.970649003982544,0.2992733120918274,-0.16999999999999998,-13.559141144696415,0.0,0.2905932005719052,0.8477896451950073,-0.355432465605503,0.0,0.0,0.02,0.15,0.0,artificial_grass,12345,2458048629,2,1,0,0,0,0,0.12160832434892654,0.3432522416114807,0.8076828718185425,0.2999030649662018,0.8586485981941223,0.2776934802532196,-0.21108193695545197,0.17437133193016052,0.07750724256038666,0.9224927425384521,0.13684146106243134,-1.0,-1.0,-1.0,-1.0,-1.0,-1.0,-1.0,1.0,0.0,0.0,0.0,1.0,0.0,0.0,0.0,1.0,0.0,0.0,0.0
20260319_165846_036208,8,104,2.987565517425537,0.310006707906723,-0.16999999999999998,-13.729141144696415,0.0,-0.050389994943458305,-1.073339581489563,-0.532732184926104,0.0,0.0,0.02,0.15,0.0,artificial_grass,12345,2458048629,2,1,0,0,0,0,-0.34186264872550964,-0.41169771552085876,-0.8773579001426697,0.7220274806022644,0.9744123220443726,-0.13330964744091034,0.776570200920105,0.16206017136573792,0.08398274332284927,0.9160171747207642,0.0701143890619278,-1.0,-1.0,-1.0,-1.0,-1.0,-1.0,-1.0,1.0,0.0,0.0,0.0,1.0,0.0,0.0,0.0,1.0,0.0,0.0,0.0
20260319_165846_036208,8,105,2.980281352996826,0.30193403363227844,-0.16999999999999998,-13.899141144696415,0.0,0.16402436065351367,0.807267427444458,-0.5498213888700576,0.0,0.0,0.02,0.15,0.0,artificial_grass,12345,2458048629,2,1,0,0,0,0,0.3070217967033386,-0.5685403347015381,0.48178160190582275,-0.48024818301200867,-0.3077930808067322,-0.6691898107528687,-0.12034018337726593,0.18320579826831818,0.07578446716070175,0.9242154955863953,0.17164695262908936,-1.0,-1.0,-1.0,-1.0,-1.0,-1.0,-1.0,1.0,0.0,0.0,0.0,1.0,0.0,0.0,0.0,1.0,0.0,0.0,0.0
20260319_165846_036208,8,106,2.9783501625061035,0.3011924624443054,-0.16999999999999998,-14.069141144696415,0.0,0.14155755018947502,0.07415711879730225,-0.15915433477577778,0.0,0.0,0.02,0.15,0.0,artificial_grass,12345,2458048629,2,1,0,0,0,0,-0.3511670231819153,0.18042922019958496,0.05964326858520508,-0.09542151540517807,0.001387113588862121,-1.0,0.16632017493247986,0.17410048842430115,0.08195046335458755,0.9180495142936707,0.11537910252809525,-1.0,-1.0,-1.0,-1.0,-1.0,-1.0,-1.0,1.0,0.0,0.0,0.0,1.0,0.0,0.0,0.0,1.0,0.0,0.0,0.0
20260319_165846_036208,8,107,2.9791746139526367,0.30143433809280396,-0.13246162798673608,-14.20160277268315,0.0,0.10012127142962868,-0.024187564849853516,0.7507674402652782,0.0,0.0,0.02,0.11246162798673609,0.0,artificial_grass,12345,2458048629,2,1,0,0,0,0,0.6234028339385986,0.21491658687591553,0.5862855315208435,0.06307419389486313,-0.9182716012001038,-0.32150235772132874,0.1499648541212082,0.1716865599155426,0.08251688629388809,0.9174830913543701,0.10645115375518799,-1.0,-1.0,-1.0,-1.0,-1.0,-1.0,-1.0,1.0,0.0,0.0,0.0,1.0,0.0,0.0,0.0,1.0,0.0,0.0,0.0
20260319_165846_036208,8,108,2.976435661315918,0.2989574670791626,-0.13085404415928295,-14.332456816842434,0.0,0.13701272891327676,0.24768710136413574,0.782919116814341,0.0,0.0,0.02,0.11085404415928295,0.0,artificial_grass,12345,2458048629,2,1,0,0,0,0,-0.5613986849784851,0.7283554077148438,0.47121188044548035,-0.6317024230957031,0.7918885350227356,0.008243423886597157,-0.15432673692703247,0.1727169007062912,0.08233213424682617,0.917667806148529,0.11121456325054169,-1.0,-1.0,-1.0,-1.0,-1.0,-1.0,-1.0,1.0,0.0,0.0,0.0,1.0,0.0,0.0,0.0,1.0,0.0,0.0,0.0
20260319_165846_036208,8,109,2.9796321392059326,0.298738569021225,-0.13997210428120938,-14.472428921123644,0.0,0.1082319981333768,0.021889805793762207,0.6005579143758126,0.0,0.0,0.02,0.11997210428120937,0.0,artificial_grass,12345,2458048629,2,1,0,0,0,0,0.8413591384887695,-0.5675863027572632,-0.35926055908203125,-0.7916079759597778,0.6978479027748108,0.33636370301246643,0.21040678024291992,0.16929320991039276,0.08422400057315826,0.9157759547233582,0.08652487397193909,-1.0,-1.0,-1.0,-1.0,-1.0,-1.0,-1.0,1.0,0.0,0.0,0.0,1.0,0.0,0.0,0.0,1.0,0.0,0.0,0.0
20260319_165846_036208,8,110,3.0017919540405273,0.3275057077407837,-0.16976018305116095,-14.642189104174804,0.0,-0.6380044693889317,-2.8767138719558716,0.012943439930339196,0.0,0.008147100953558464,0.02,0.14935282800348304,0.0,artificial_grass,12345,2458048629,2,1,0,0,0,0,0.741707444190979,0.7425374388694763,-0.9971568584442139,-0.5590832233428955,-0.08725618571043015,0.5811476707458496,0.7928454875946045,0.17328910529613495,0.08439118415117264,0.9156087636947632,0.10273585468530655,-1.0,-1.0,-1.0,-1.0,-1.0,-1.0,-1.0,1.0,0.0,0.0,0.0,1.0,0.0,0.0,0.0,1.0,0.0,0.0,0.0
20260319_165846_036208,8,111,2.9695420265197754,0.2882828414440155,-0.1524506307672834,-14.794639734942088,0.0,0.5020683053775059,3.922286629676819,0.35098738465433144,0.0,0.0,0.02,0.13245063076728342,0.0,artificial_grass,12345,2458048629,2,1,0,0,0,0,0.806732177734375,0.3635520339012146,0.6794386506080627,-0.30038198828697205,0.7620203495025635,0.341840535402298,-0.6849335432052612,0.20098876953125,0.06241854652762413,0.9375814199447632,0.2610248625278473,-1.0,-1.0,-1.0,-1.0,-1.0,-1.0,-1.0,1.0,0.0,0.0,0.0,1.0,0.0,0.0,0.0,1.0,0.0,0.0,0.0
20260319_165846_036208,8,112,2.988051176071167,0.2950441539287567,-0.14915258743102666,-14.943792322373115,0.0,0.20751841691460982,-0.6761312484741211,0.41694825137946623,0.0,0.0,0.02,0.12915258743102667,0.0,artificial_grass,12345,2458048629,2,1,0,0,0,0,-0.24007736146450043,-0.09395403414964676,0.3614555597305298,0.23989549279212952,0.2633228898048401,0.08267567306756973,0.7654544115066528,0.16067619621753693,0.09237738698720932,0.9076225757598877,0.055189989507198334,-1.0,-1.0,-1.0,-1.0,-1.0,-1.0,-1.0,1.0,0.0,0.0,0.0,1.0,0.0,0.0,0.0,1.0,0.0,0.0,0.0
20260319_165846_036208,8,113,2.9684598445892334,0.279545396566391,-0.12700326366525344,-15.070795586038368,0.0,0.5431077467450933,1.5498757362365723,0.8599347266949309,0.0,0.0,0.02,0.10700326366525345,0.0,artificial_grass,12345,2458048629,2,1,0,0,0,0,0.5474919080734253,-0.8816000819206238,-0.10285332053899765,0.9706283211708069,-0.06620591133832932,-0.266205370426178,-0.9087821841239929,0.1838127076625824,0.08721302449703217,0.9127869606018066,0.1537381261587143,-1.0,-1.0,-1.0,-1.0,-1.0,-1.0,-1.0,1.0,0.0,0.0,0.0,1.0,0.0,0.0,0.0,1.0,0.0,0.0,0.0
20260319_165846_036208,8,114,2.9966609477996826,0.27728062868118286,-0.11065639975146596,-15.181451985789835,0.0,0.4639500071890268,0.226476788520813,1.186872004970681,0.0,0.0,0.02,0.09065639975146596,0.0,artificial_grass,12345,2458048629,2,1,0,0,0,0,0.6197237372398376,-0.6632449626922607,0.6791272759437561,1.0,0.9455640316009521,-0.18449252843856812,0.6538103222846985,0.15932349860668182,0.09905112534761429,0.9009488224983215,0.012124204076826572,-1.0,-1.0,-1.0,-1.0,-1.0,-1.0,-1.0,1.0,0.0,0.0,0.0,1.0,0.0,0.0,0.0,1.0,0.0,0.0,0.0
20260319_165846_036208,8,115,2.980102300643921,0.27037131786346436,-0.09003323586639851,-15.271485221656233,0.0,0.5206952758347256,0.6909310817718506,1.5993352826720297,0.0,0.0,0.02,0.07003323586639851,0.0,artificial_grass,12345,2458048629,2,1,0,0,0,0,-0.7101512551307678,0.49675124883651733,-0.13107118010520935,-0.24844281375408173,0.6926032304763794,-0.23408809304237366,-0.632834255695343,0.19457511603832245,0.10078097879886627,0.8992189764976501,0.12153849750757217,-1.0,-1.0,-1.0,-1.0,-1.0,-1.0,-1.0,1.0,0.0,0.0,0.0,1.0,0.0,0.0,0.0,1.0,0.0,0.0,0.0
20260319_165846_036208,8,116,2.9772584438323975,0.26811665296554565,-0.03578860843075134,-15.307273830086984,0.0,0.44688807932401176,0.22546648979187012,2.6842278313849732,0.0,0.0,0.02,0.015788608430751336,0.0,artificial_grass,12345,2458048629,2,1,0,0,0,0,0.4684748649597168,0.1710839867591858,-0.016084877774119377,0.751879870891571,0.8217111825942993,0.3791307210922241,-0.25176116824150085,0.1738765686750412,0.10605838149785995,0.8939415812492371,0.030836796388030052,-1.0,-1.0,-1.0,-1.0,-1.0,-1.0,-1.0,1.0,0.0,0.0,0.0,1.0,0.0,0.0,0.0,1.0,0.0,0.0,0.0
20260319_165846_036208,8,117,2.984724760055542,0.26860862970352173,-0.04474869164744576,-15.35202252173443,0.0,0.3228666410436176,-0.04919767379760742,2.505026167051085,0.0,0.0,0.02,0.024748691647445753,0.0,artificial_grass,12345,2458048629,2,1,0,0,0,0,-0.21501320600509644,0.8853554129600525,-0.531638503074646,0.14843560755252838,0.054899461567401886,-0.7800886631011963,0.0513092577457428,0.17032165825366974,0.10778053104877472,0.8922193646430969,0.016393417492508888,-1.0,-1.0,-1.0,-1.0,-1.0,-1.0,-1.0,1.0,0.0,0.0,0.0,1.0,0.0,0.0,0.0,1.0,0.0,0.0,0.0
20260319_165846_036208,8,118,2.963736057281494,0.27159583568573,-0.04675112093180161,-15.398773642666232,0.0,0.1674698312274927,-0.2987205982208252,2.464977581363968,0.0,0.0,0.02,0.026751120931801608,0.0,artificial_grass,12345,2458048629,2,1,0,0,0,0,0.46292823553085327,0.30937862396240234,-0.2514704763889313,0.01851044036448002,0.00044630648335441947,0.7546411752700806,-0.9421600103378296,0.17965468764305115,0.10740474611520767,0.8925951719284058,0.05972868576645851,-1.0,-1.0,-1.0,-1.0,-1.0,-1.0,-1.0,1.0,0.0,0.0,0.0,1.0,0.0,0.0,0.0,1.0,0.0,0.0,0.0
20260319_165846_036208,8,119,2.9747092723846436,0.26810193061828613,-0.06325900826371977,-15.46203265092995,0.0,0.21295000010672993,0.34939050674438477,2.1348198347256044,0.0,0.0,0.02,0.04325900826371978,0.0,artificial_grass,12345,2458048629,2,1,0,0,0,0,0.5805708765983582,0.5304397344589233,0.8067290782928467,-0.4960019290447235,-0.30319011211395264,0.5014773011207581,-0.10774040222167969,0.15341873466968536,0.10512308776378632,0.8948768377304077,-0.03326096385717392,-1.0,-1.0,-1.0,-1.0,-1.0,-1.0,-1.0,1.0,0.0,0.0,0.0,1.0,0.0,0.0,0.0,1.0,0.0,0.0,0.0
20260319_165846_036208,8,120,2.989215850830078,0.2673240900039673,-0.0774985828512709,-15.539531233781222,0.0,0.17915851543800443,0.07778406143188477,1.850028342974582,0.0,0.0,0.02,0.057498582851270894,0.0,artificial_grass,12345,2458048629,2,1,0,0,0,0,-0.4119594991207123,0.8592273592948914,-0.044256120920181274,-0.9160268306732178,0.4759449362754822,0.6533999443054199,0.04412220045924187,0.16713523864746094,0.10779177397489548,0.8922082185745239,0.012547237798571587,-1.0,-1.0,-1.0,-1.0,-1.0,-1.0,-1.0,1.0,0.0,0.0,0.0,1.0,0.0,0.0,0.0,1.0,0.0,0.0,0.0
20260319_165846_036208,8,121,2.971210241317749,0.2650144696235657,-0.09392787683857946,-15.633459110619802,0.0,0.19210939608855426,0.23096203804016113,1.5214424632284107,0.0,0.0,0.02,0.07392787683857946,0.0,artificial_grass,12345,2458048629,2,1,0,0,0,0,-0.03872440755367279,0.10957637429237366,-0.02523118630051613,0.3790906071662903,-0.20100529491901398,0.7678024172782898,-0.8078733682632446,0.18526840209960938,0.10838589817285538,0.8916140198707581,0.08209943771362305,-1.0,-1.0,-1.0,-1.0,-1.0,-1.0,-1.0,1.0,0.0,0.0,0.0,1.0,0.0,0.0,0.0,1.0,0.0,0.0,0.0
20260319_165846_036208,8,122,2.971804141998291,0.2651117742061615,-0.10918980917970458,-15.742648919799507,0.0,0.1416494325015094,-0.00973045825958252,1.2162038164059084,0.0,0.0,0.02,0.08918980917970458,0.0,artificial_grass,12345,2458048629,2,1,0,0,0,0,-0.8783502578735352,-0.9408984184265137,0.951633632183075,-0.7694385051727295,-0.8400499224662781,0.8555186986923218,-0.4119372069835663,0.16276168823242188,0.11014999449253082,0.8898499608039856,-0.00468875328078866,-1.0,-1.0,-1.0,-1.0,-1.0,-1.0,-1.0,1.0,0.0,0.0,0.0,1.0,0.0,0.0,0.0,1.0,0.0,0.0,0.0
20260319_165846_036208,8,123,3.003448009490967,0.27723419666290283,-0.13517431558400517,-15.877823235383511,0.0,-0.19682348704239416,-1.2122422456741333,0.6965136883198966,0.0,0.0,0.02,0.11517431558400518,0.0,artificial_grass,12345,2458048629,2,1,0,0,0,0,0.08669988065958023,-0.9432659149169922,0.9066486954689026,-0.7665086388587952,-0.7324559092521667,0.9209396243095398,0.6776099801063538,0.16350403428077698,0.1100756824016571,0.8899242281913757,-0.003962659277021885,-1.0,-1.0,-1.0,-1.0,-1.0,-1.0,-1.0,1.0,0.0,0.0,0.0,1.0,0.0,0.0,0.0,1.0,0.0,0.0,0.0
20260319_165846_036208,8,124,2.9992387294769287,0.2704237997531891,-0.14241569177232705,-16.020238927155837,0.0,0.02264230746105511,0.6810396909713745,0.551686164553459,0.0,0.0,0.02,0.12241569177232704,0.0,artificial_grass,12345,2458048629,2,1,0,0,0,0,-0.07052212208509445,0.7796933054924011,0.7531120181083679,0.7230465412139893,0.7675250172615051,-0.023704303428530693,-0.6763181686401367,0.2030586302280426,0.10081645846366882,0.8991835117340088,0.16645923256874084,-1.0,-1.0,-1.0,-1.0,-1.0,-1.0,-1.0,1.0,0.0,0.0,0.0,1.0,0.0,0.0,0.0,1.0,0.0,0.0,0.0
20260319_165846_036208,8,125,3.0034005641937256,0.2620442509651184,-0.14173967590267064,-16.161978603058508,0.0,0.22647045029755475,0.8379548788070679,0.5652066147442838,6.639884837348243e-08,0.0,0.02,0.12173966926278582,0.0,artificial_grass,12345,2458048629,2,1,0,0,0,0,0.7618740200996399,0.603999137878418,0.6831032633781433,0.6574991345405579,-0.027511633932590485,0.4497944712638855,0.6721927523612976,0.1977970153093338,0.1060183048248291,0.8939816355705261,0.12910470366477966,-1.0,-1.0,-1.0,-1.0,-1.0,-1.0,-1.0,1.0,0.0,0.0,0.0,1.0,0.0,0.0,0.0,1.0,0.0,0.0,0.0
20260319_165846_036208,8,126,3.0111353397369385,0.267923504114151,-0.14956031953671964,-16.311538922595226,0.0,0.022871508997340584,-0.5879253149032593,0.40891960830361995,6.29995190067001e-05,0.0,0.02,0.129554019584819,0.0,artificial_grass,12345,2458048629,2,1,0,0,0,0,-0.6767120957374573,-0.13648724555969238,0.9075509905815125,0.604222297668457,-0.6504343152046204,0.9416259527206421,0.2703658938407898,0.20299950242042542,0.11241868138313293,0.8875812292098999,0.13057416677474976,-1.0,-1.0,-1.0,-1.0,-1.0,-1.0,-1.0,1.0,0.0,0.0,0.0,1.0,0.0,0.0,0.0,1.0,0.0,0.0,0.0
20260319_165846_036208,8,127,3.0126192569732666,0.270864337682724,-0.16199820625761838,-16.473537128852843,0.0,-0.056367207466308855,-0.2940833568572998,0.16044300474875683,0.0002035649505622077,0.0,0.02,0.14197784976256217,0.0,artificial_grass,12345,2458048629,2,1,0,0,0,0,0.5411036610603333,-0.21149401366710663,-0.01357237994670868,0.6518529653549194,0.42458683252334595,0.7043973207473755,0.6184070110321045,0.21266785264015198,0.10792805254459381,0.8920719027519226,0.17389094829559326,-1.0,-1.0,-1.0,-1.0,-1.0,-1.0,-1.0,1.0,0.0,0.0,0.0,1.0,0.0,0.0,0.0,1.0,0.0,0.0,0.0
20260319_165846_036208,8,128,2.998347520828247,0.25493064522743225,-0.15127527214022338,-16.62481240099307,0.0,0.35606690578255495,1.5933692455291748,0.3748604780298024,0.00018296041713523537,0.0,0.02,0.13125697609850986,0.0,artificial_grass,12345,2458048629,2,1,0,0,0,0,-0.6194619536399841,-0.2820456922054291,0.38003337383270264,0.4336910843849182,-0.33691245317459106,-0.32515057921409607,-0.3258539140224457,0.21452292799949646,0.10568181425333023,0.8943181037902832,0.18937216699123383,-1.0,-1.0,-1.0,-1.0,-1.0,-1.0,-1.0,1.0,0.0,0.0,0.0,1.0,0.0,0.0,0.0,1.0,0.0,0.0,0.0
20260319_165846_036208,8,129,2.975053310394287,0.2511416971683502,-0.12332871649761722,-16.748141117490686,0.0,0.36177388081397055,0.3788948059082031,0.9334578458861671,1.6087919255766458e-05,0.0,0.02,0.10332710770569163,0.0,artificial_grass,12345,2458048629,2,1,0,0,0,0,0.863638162612915,-0.17942599952220917,0.0632777288556099,0.9126906991004944,0.8376707434654236,-0.15959934890270233,-0.837209939956665,0.1966831237077713,0.11785212904214859,0.8821477890014648,0.0921461433172226,-1.0,-1.0,-1.0,-1.0,-1.0,-1.0,-1.0,1.0,0.0,0.0,0.0,1.0,0.0,0.0,0.0,1.0,0.0,0.0,0.0
20260319_165846_036208,8,130,2.965430498123169,0.25414586067199707,-0.11464790692777924,-16.862789024418465,0.0,0.1962263230193031,-0.30041635036468506,1.107041861444415,0.0,0.0,0.02,0.09464790692777923,0.0,artificial_grass,12345,2458048629,2,1,0,0,0,0,-0.3567202687263489,0.7007167935371399,-0.5111503005027771,-0.15779590606689453,0.1625702977180481,-0.34289225935935974,-0.9172967672348022,0.16756553947925568,0.12074616551399231,0.8792537450790405,-0.024552810937166214,-1.0,-1.0,-1.0,-1.0,-1.0,-1.0,-1.0,1.0,0.0,0.0,0.0,1.0,0.0,0.0,0.0,1.0,0.0,0.0,0.0
20260319_165846_036208,8,131,2.983349323272705,0.24618615210056305,-0.10866330661514041,-16.971452331033607,0.0,0.3461624565503314,0.7959708571434021,1.2267338676971917,0.0,0.0,0.02,0.08866330661514041,0.0,artificial_grass,12345,2458048629,2,1,0,0,0,0,-0.6887170672416687,-0.41911208629608154,0.8251032829284668,-0.011693209409713745,-0.5050739645957947,0.14572438597679138,-0.12257790565490723,0.15553703904151917,0.1184515655040741,0.8815483450889587,-0.06583107262849808,-1.0,-1.0,-1.0,-1.0,-1.0,-1.0,-1.0,1.0,0.0,0.0,0.0,1.0,0.0,0.0,0.0,1.0,0.0,0.0,0.0
20260319_165846_036208,8,132,3.022109270095825,0.26565560698509216,-0.12116611026031704,-17.092618441293926,0.0,-0.2271145297004722,-1.9469454884529114,0.976747828999379,3.5017102859813224e-05,0.0,0.02,0.10116260855003105,0.0,artificial_grass,12345,2458048629,2,1,0,0,0,0,0.7160417437553406,-0.2636878788471222,-0.05023530125617981,-0.4242558479309082,0.29407256841659546,0.7548953890800476,0.7542627453804016,0.1779354065656662,0.12453125417232513,0.8754686713218689,0.004372939467430115,-1.0,-1.0,-1.0,-1.0,-1.0,-1.0,-1.0,1.0,0.0,0.0,0.0,1.0,0.0,0.0,0.0,1.0,0.0,0.0,0.0
20260319_165846_036208,8,133,3.0205001831054688,0.2585005760192871,-0.11794216770557268,-17.210560608999497,0.0,0.008539876869761542,0.7155030965805054,1.0416549133354494,0.00024913372345154744,0.0,0.02,0.09791725433322752,0.0,artificial_grass,12345,2458048629,2,1,0,0,0,0,-0.45437169075012207,-0.7534779906272888,0.20274494588375092,0.7959253787994385,0.7275332808494568,-0.9117666482925415,0.08459336310625076,0.22638550400733948,0.10966029018163681,0.8903396129608154,0.19774624705314636,-1.0,-1.0,-1.0,-1.0,-1.0,-1.0,-1.0,1.0,0.0,0.0,0.0,1.0,0.0,0.0,0.0,1.0,0.0,0.0,0.0
20260319_165846_036208,8,134,3.019146203994751,0.2568332850933075,-0.13336760193547317,-17.34392821093497,0.0,0.048087180801815066,0.16672909259796143,0.7336751883547095,0.0005136135320866511,0.0,0.02,0.11331624058226453,0.0,artificial_grass,12345,2458048629,2,1,0,0,0,0,-0.2907393276691437,1.0,0.13874076306819916,-0.415487140417099,-0.4872438609600067,-0.5072402358055115,0.3605978786945343,0.22437401115894318,0.1151253804564476,0.8848745822906494,0.17002609372138977,-1.0,-1.0,-1.0,-1.0,-1.0,-1.0,-1.0,1.0,0.0,0.0,0.0,1.0,0.0,0.0,0.0,1.0,0.0,0.0,0.0
20260319_165846_036208,8,135,3.0202953815460205,0.2576807141304016,-0.1507408389269523,-17.494669049861923,0.0,0.014879659674008394,-0.08474290370941162,0.3867809672147473,0.0007988728768969039,0.0,0.02,0.13066095163926264,0.0,artificial_grass,12345,2458048629,2,1,0,0,0,0,0.2340627908706665,0.6975725293159485,0.380342960357666,0.5791944265365601,-0.9763707518577576,-0.6003709435462952,0.3102486729621887,0.2226814329624176,0.1163988783955574,0.8836010694503784,0.16477425396442413,-1.0,-1.0,-1.0,-1.0,-1.0,-1.0,-1.0,1.0,0.0,0.0,0.0,1.0,0.0,0.0,0.0,1.0,0.0,0.0,0.0
20260319_165846_036208,8,136,3.029285192489624,0.27613550424575806,-0.17122251134266558,-17.66589156120459,0.0,-0.4502100081283942,-1.8454790115356445,-0.25965536393294997,0.0012904569652846744,0.02186931292274246,0.02,0.15,0.0,artificial_grass,12345,2458048629,2,1,0,0,0,0,0.28831446170806885,0.8825997114181519,0.3689829409122467,-0.3827154338359833,-0.4990384876728058,0.7053384184837341,0.8892500400543213,0.22411803901195526,0.11575159430503845,0.8842483758926392,0.17211683094501495,-1.0,-1.0,-1.0,-1.0,-1.0,-1.0,-1.0,1.0,0.0,0.0,0.0,1.0,0.0,0.0,0.0,1.0,0.0,0.0,0.0
20260319_165846_036208,8,137,3.0106239318847656,0.24779263138771057,-0.17059147312094491,-17.836483034325532,0.0,0.37091431535486663,2.8342872858047485,-0.23490350512841474,0.0011895233121776315,0.009450415794543593,0.02,0.15,0.0,artificial_grass,12345,2458048629,2,1,0,0,0,0,0.12034960091114044,-0.31872883439064026,0.28063109517097473,-0.6852026581764221,-1.0,-0.436186820268631,-0.7064200043678284,0.23535537719726562,0.10165564715862274,0.8983442783355713,0.24024048447608948,-1.0,-1.0,-1.0,-1.0,-1.0,-1.0,-1.0,1.0,0.0,0.0,0.0,1.0,0.0,0.0,0.0,1.0,0.0,0.0,0.0
20260319_165846_036208,8,138,3.0195484161376953,0.2526822090148926,-0.1635999533155546,-18.000082987641086,0.0,0.15594629583662822,-0.4889577627182007,0.14815732040868568,0.0013576912729593722,0.017441004173859086,0.02,0.14259213397956572,0.0,artificial_grass,12345,2458048629,2,1,0,0,0,0,-0.495887815952301,-0.9261897802352905,0.4400261342525482,0.9524255394935608,0.8465728759765625,0.9693049788475037,0.7045062184333801,0.21202850341796875,0.12330422550439835,0.8766957521438599,0.11494459956884384,-1.0,-1.0,-1.0,-1.0,-1.0,-1.0,-1.0,1.0,0.0,0.0,0.0,1.0,0.0,0.0,0.0,1.0,0.0,0.0,0.0
20260319_165846_036208,8,139,3.0269947052001953,0.2650579512119293,-0.17219258108713617,-18.17227556872822,0.0,-0.19243383304846873,-1.2375742197036743,-0.05281638950954459,0.001720496375993405,0.040410628990736636,0.02,0.15,0.0,artificial_grass,12345,2458048629,2,1,0,0,0,0,-1.0,-0.7306850552558899,-0.5390983819961548,-0.3983016312122345,-0.11284850537776947,-0.6713902950286865,0.8109782934188843,0.22318419814109802,0.11956951022148132,0.8804304003715515,0.1745498776435852,-1.0,-1.0,-1.0,-1.0,-1.0,-1.0,-1.0,1.0,0.0,0.0,0.0,1.0,0.0,0.0,0.0,1.0,0.0,0.0,0.0
20260319_165846_036208,8,140,2.9962894916534424,0.2390482872724533,-0.1499901460238051,-18.322265714752024,0.0,0.5059162237005523,2.6009663939476013,0.4050126533891927,0.0010984698649436225,0.00261863413540762,0.02,0.12974936733054035,0.0,artificial_grass,12345,2458048629,2,1,0,0,0,0,-0.9512301683425903,-0.6155271530151367,0.6562332510948181,0.29870688915252686,-0.42285728454589844,0.33604955673217773,-0.810207724571228,0.23249205946922302,0.11011679470539093,0.8898831605911255,0.23302513360977173,-1.0,-1.0,-1.0,-1.0,-1.0,-1.0,-1.0,1.0,0.0,0.0,0.0,1.0,0.0,0.0,0.0,1.0,0.0,0.0,0.0
20260319_165846_036208,8,141,2.989490270614624,0.2367747724056244,-0.1287385322957751,-18.4510042470478,0.0,0.4362750394461443,0.22735148668289185,0.8264080331613286,0.0005893395384152142,0.0,0.02,0.10867959834193357,0.0,artificial_grass,12345,2458048629,2,1,0,0,0,0,0.8371240496635437,-0.5053315162658691,0.4500049650669098,0.8392877578735352,-0.29475438594818115,-0.11214396357536316,-0.3029051125049591,0.19411048293113708,0.12998323142528534,0.8700166940689087,0.04351450502872467,-1.0,-1.0,-1.0,-1.0,-1.0,-1.0,-1.0,1.0,0.0,0.0,0.0,1.0,0.0,0.0,0.0,1.0,0.0,0.0,0.0
20260319_165846_036208,8,142,3.000990152359009,0.2345707267522812,-0.08710234363808479,-18.53810659068588,0.0,0.38230742091818115,0.22040456533432007,1.658925462207904,0.00048616748479991996,0.0,0.02,0.0670537268896048,0.0,artificial_grass,12345,2458048629,2,1,0,0,0,0,-0.42310038208961487,0.21770212054252625,-0.7289111614227295,0.7709517478942871,-0.13068901002407074,-0.9404237270355225,-0.012528537772595882,0.18561172485351562,0.13171976804733276,0.8682801723480225,0.015365906059741974,-1.0,-1.0,-1.0,-1.0,-1.0,-1.0,-1.0,1.0,0.0,0.0,0.0,1.0,0.0,0.0,0.0,1.0,0.0,0.0,0.0
20260319_165846_036208,8,143,3.006993532180786,0.2357012778520584,-0.09272757717134607,-18.630834167857227,0.0,0.2584667881942124,-0.11305510997772217,1.5464779350472497,0.0005147392370855087,0.0,0.02,0.07267610324763751,0.0,artificial_grass,12345,2458048629,2,1,0,0,0,0,0.009275335818529129,0.07826680690050125,-0.7563809752464294,0.892638623714447,0.3325320780277252,1.0,0.16961181163787842,0.19998665153980255,0.1334032416343689,0.8665967583656311,0.06673146784305573,-1.0,-1.0,-1.0,-1.0,-1.0,-1.0,-1.0,1.0,0.0,0.0,0.0,1.0,0.0,0.0,0.0,1.0,0.0,0.0,0.0
20260319_165846_036208,8,144,3.0133655071258545,0.24191521108150482,-0.09861395626227651,-18.729448124119504,0.0,0.038501760409502594,-0.6213933229446411,1.429033399620124,0.0006562624328271229,0.0,0.02,0.07854833001899379,0.0,artificial_grass,12345,2458048629,2,1,0,0,0,0,0.7599966526031494,-0.976639449596405,0.3920254409313202,-0.4321824014186859,0.6989787817001343,0.1593865156173706,0.41743630170822144,0.20749053359031677,0.13253971934318542,0.8674602508544922,0.10215742141008377,-1.0,-1.0,-1.0,-1.0,-1.0,-1.0,-1.0,1.0,0.0,0.0,0.0,1.0,0.0,0.0,0.0,1.0,0.0,0.0,0.0
20260319_165846_036208,8,145,3.019724130630493,0.249014213681221,-0.09644814574773915,-18.825896269867243,0.0,-0.14859874468578482,-0.7099002599716187,1.472868487982808,0.000915701468795511,0.0,0.02,0.0763565756008596,0.0,artificial_grass,12345,2458048629,2,1,0,0,0,0,-0.056332558393478394,0.7697412967681885,-0.7549667954444885,0.9865084290504456,0.8198735117912292,0.9524803757667542,0.5961602926254272,0.21545562148094177,0.12779346108436584,0.8722065091133118,0.1453874260187149,-1.0,-1.0,-1.0,-1.0,-1.0,-1.0,-1.0,1.0,0.0,0.0,0.0,1.0,0.0,0.0,0.0,1.0,0.0,0.0,0.0
20260319_165846_036208,8,146,3.020418405532837,0.2499520629644394,-0.12892126393115386,-18.954817533798398,0.0,-0.13489529059481242,-0.09378492832183838,0.8320569736874432,0.0011566660517647281,0.00816892020699056,0.02,0.10839715131562784,0.0,artificial_grass,12345,2458048629,2,1,0,0,0,0,-0.4813908636569977,-0.19800253212451935,0.31290918588638306,0.5213111639022827,-0.5349055528640747,0.005061790347099304,0.618902325630188,0.2234039306640625,0.12237116694450378,0.8776288032531738,0.18570777773857117,-1.0,-1.0,-1.0,-1.0,-1.0,-1.0,-1.0,1.0,0.0,0.0,0.0,1.0,0.0,0.0,0.0,1.0,0.0,0.0,0.0
20260319_165846_036208,8,147,2.9772884845733643,0.23033863306045532,-0.1307936278984271,-19.085611161696825,0.0,0.38916427965351374,1.961342990398407,0.7849462138948127,0.00040938593167746143,0.0,0.02,0.11075268930525936,0.0,artificial_grass,12345,2458048629,2,1,0,0,0,0,0.43195557594299316,0.10257698595523834,0.3501757085323334,-0.425663560628891,0.5317481756210327,-1.0,-1.0,0.2242717742919922,0.12165481597185135,0.8783451318740845,0.1942910999059677,-1.0,-1.0,-1.0,-1.0,-1.0,-1.0,-1.0,1.0,0.0,0.0,0.0,1.0,0.0,0.0,0.0,1.0,0.0,0.0,0.0
20260319_165846_036208,8,148,3.0003602504730225,0.2256382554769516,-0.1294341766875349,-19.21504533838436,0.0,0.40938264932772483,0.4700377583503723,0.8120214423043564,0.00035248802752708877,0.0,0.02,0.10939892788478218,0.0,artificial_grass,12345,2458048629,2,1,0,0,0,0,-0.2955717146396637,-0.4556652903556824,0.4330882728099823,0.6997981071472168,0.36364948749542236,-0.5638872981071472,0.4855283796787262,0.17035941779613495,0.13663576543331146,0.8633641600608826,-0.01930851861834526,-1.0,-1.0,-1.0,-1.0,-1.0,-1.0,-1.0,1.0,0.0,0.0,0.0,1.0,0.0,0.0,0.0,1.0,0.0,0.0,0.0
20260319_165846_036208,8,149,2.999039649963379,0.21935009956359863,-0.11913971346914083,-19.334185051853503,0.0,0.4642408848296071,0.6288155913352966,1.017795538939751,0.00029490416128375574,0.0,0.02,0.09911022305301245,0.0,artificial_grass,12345,2458048629,2,1,0,0,0,0,-0.6794953942298889,0.2902258038520813,-0.6656203866004944,1.0,-0.0244962889701128,-0.28307586908340454,-0.5559227466583252,0.199198916554451,0.14022596180438995,0.8597739934921265,0.06867925822734833,-1.0,-1.0,-1.0,-1.0,-1.0,-1.0,-1.0,1.0,0.0,0.0,0.0,1.0,0.0,0.0,0.0,1.0,0.0,0.0,0.0
20260319_165846_036208,8,150,3.018672466278076,0.22382411360740662,-0.10927412596093022,-19.443459177814432,0.0,0.23633031252701642,-0.44740140438079834,1.2156240910572649,0.0005533051379345287,0.0,0.02,0.08921879544713676,0.0,artificial_grass,12345,2458048629,2,1,0,0,0,0,0.4510978162288666,0.9425397515296936,0.7126557230949402,0.8570525646209717,0.2488725781440735,0.11836233735084534,0.6311033368110657,0.1975483000278473,0.14502891898155212,0.8549710512161255,0.03818256035447121,-1.0,-1.0,-1.0,-1.0,-1.0,-1.0,-1.0,1.0,0.0,0.0,0.0,1.0,0.0,0.0,0.0,1.0,0.0,0.0,0.0
20260319_165846_036208,8,151,3.0271716117858887,0.23212547600269318,-0.10340273739165386,-19.546861915206087,0.0,-0.030286325486912347,-0.830136239528656,1.3339365102561374,0.000995629044607242,0.0,0.02,0.08330317448719313,0.0,artificial_grass,12345,2458048629,2,1,0,0,0,0,0.8125074505805969,0.8308789134025574,0.031304534524679184,-0.8620103597640991,-0.33117496967315674,-0.5906276106834412,0.5129460096359253,0.22208938002586365,0.14161160588264465,0.858388364315033,0.13481968641281128,-1.0,-1.0,-1.0,-1.0,-1.0,-1.0,-1.0,1.0,0.0,0.0,0.0,1.0,0.0,0.0,0.0,1.0,0.0,0.0,0.0
20260319_165846_036208,8,152,3.0208792686462402,0.2201673835515976,-0.08287013180791591,-19.629732047014002,0.0,0.27623756716221237,1.195809245109558,1.7450693680131621,0.001236002085740205,0.0,0.02,0.06274653159934189,0.0,artificial_grass,12345,2458048629,2,1,0,0,0,0,-0.7126914262771606,0.544268786907196,-0.29451805353164673,0.5752540230751038,-0.6342275738716125,0.03348133713006973,-0.057840924710035324,0.23271331191062927,0.13527095317840576,0.8647289872169495,0.18306270241737366,-1.0,-1.0,-1.0,-1.0,-1.0,-1.0,-1.0,1.0,0.0,0.0,0.0,1.0,0.0,0.0,0.0,1.0,0.0,0.0,0.0
20260319_165846_036208,8,153,3.01839542388916,0.2179296612739563,-0.08918487389664403,-19.718916920910647,0.0,0.2631212323126988,0.22377222776412964,1.6190263206723472,0.0013618993026138402,0.0,0.02,0.06904868396638264,0.0,artificial_grass,12345,2458048629,2,1,0,0,0,0,-0.21550343930721283,0.5596597790718079,0.9856989979743958,-0.3391440212726593,0.8589640855789185,-0.9196538329124451,0.004094370175153017,0.22484779357910156,0.14440466463565826,0.8555952906608582,0.12793591618537903,-1.0,-1.0,-1.0,-1.0,-1.0,-1.0,-1.0,1.0,0.0,0.0,0.0,1.0,0.0,0.0,0.0,1.0,0.0,0.0,0.0
20260319_165846_036208,8,154,3.018601894378662,0.21782299876213074,-0.09966408248660658,-19.818581003397252,0.0,0.20000748703014892,0.010666251182556152,1.4096511583747713,0.0014664040534514487,0.0,0.02,0.07951744208126142,0.0,artificial_grass,12345,2458048629,2,1,0,0,0,0,-0.43447989225387573,0.29080715775489807,0.7053553462028503,0.1437072455883026,-0.39029642939567566,-0.6113459467887878,0.01712382584810257,0.22174301743507385,0.14611385762691498,0.8538861274719238,0.11081892251968384,-1.0,-1.0,-1.0,-1.0,-1.0,-1.0,-1.0,1.0,0.0,0.0,0.0,1.0,0.0,0.0,0.0,1.0,0.0,0.0,0.0
20260319_165846_036208,8,155,3.030083179473877,0.23024506866931915,-0.13094821525965938,-19.949529218656913,0.0,-0.1605461324070916,-1.2422069907188416,0.7848641411380726,0.0019142231656302537,0.0,0.02,0.11075679294309636,0.0,artificial_grass,12345,2458048629,2,1,0,0,0,0,0.8324359655380249,0.45055222511291504,0.9984261393547058,-0.5366214513778687,0.30994755029678345,-0.8934276103973389,0.7006073594093323,0.22200126945972443,0.14619533717632294,0.8538046479225159,0.11118566244840622,-1.0,-1.0,-1.0,-1.0,-1.0,-1.0,-1.0,1.0,0.0,0.0,0.0,1.0,0.0,0.0,0.0,1.0,0.0,0.0,0.0
20260319_165846_036208,8,156,3.0273540019989014,0.2218468338251114,-0.13859634648250863,-20.08812556513942,0.0,0.08954627179988961,0.8398234844207764,0.6380801004109458,0.0021898457705503034,0.005627338520018058,0.02,0.11809599497945271,0.0,artificial_grass,12345,2458048629,2,1,0,0,0,0,0.559150755405426,-0.39517873525619507,0.15302635729312897,-0.24690403044223785,-0.8821524381637573,0.18770693242549896,-0.0024838014505803585,0.23635292053222656,0.13670721650123596,0.8632926940917969,0.19342996180057526,-1.0,-1.0,-1.0,-1.0,-1.0,-1.0,-1.0,1.0,0.0,0.0,0.0,1.0,0.0,0.0,0.0,1.0,0.0,0.0,0.0
20260319_165846_036208,8,157,3.009876251220703,0.21019943058490753,-0.1188438471102867,-20.20696941224971,0.0,0.3583447848549923,1.1647403240203857,1.0267112107528504,0.0017940764792923427,0.0,0.02,0.09866443946235746,0.0,artificial_grass,12345,2458048629,2,1,0,0,0,0,-0.17272721230983734,0.2219209372997284,0.6679233312606812,0.3642497956752777,-0.8636065125465393,0.7008320093154907,-0.5505510568618774,0.2329414337873459,0.1431218832731247,0.8568780422210693,0.16926364600658417,-1.0,-1.0,-1.0,-1.0,-1.0,-1.0,-1.0,1.0,0.0,0.0,0.0,1.0,0.0,0.0,0.0,1.0,0.0,0.0,0.0
20260319_165846_036208,8,158,3.005816698074341,0.2093677520751953,-0.11813915839920795,-20.32510857064892,0.0,0.2895505513840533,0.08316785097122192,1.0400241949746913,0.001403681479425202,0.0,0.02,0.09799879025126543,0.0,artificial_grass,12345,2458048629,2,1,0,0,0,0,0.74800044298172,0.9931957721710205,0.039496395736932755,0.5352776646614075,0.7311802506446838,-0.4177103340625763,-0.5029264688491821,0.21109390258789062,0.15201829373836517,0.8479816317558289,0.05655127391219139,-1.0,-1.0,-1.0,-1.0,-1.0,-1.0,-1.0,1.0,0.0,0.0,0.0,1.0,0.0,0.0,0.0,1.0,0.0,0.0,0.0
20260319_165846_036208,8,159,3.0179522037506104,0.21063543856143951,-0.12202927097930771,-20.447137841628226,0.0,0.18547075138194202,-0.12676864862442017,0.9623737140439346,0.0014795668150444146,0.0,0.02,0.10188131429780327,0.0,artificial_grass,12345,2458048629,2,1,0,0,0,0,0.831470787525177,-0.9703313708305359,0.3306349515914917,-0.20931868255138397,-0.9466152191162109,0.46413490176200867,0.07632501423358917,0.2060195952653885,0.1526535302400589,0.8473464250564575,0.03463306650519371,-1.0,-1.0,-1.0,-1.0,-1.0,-1.0,-1.0,1.0,0.0,0.0,0.0,1.0,0.0,0.0,0.0,1.0,0.0,0.0,0.0
20260319_165846_036208,8,160,3.0065884590148926,0.2099212110042572,-0.12415516157664565,-20.57129300320487,0.0,0.15695875246601076,0.0714227557182312,0.9193249794797964,0.0012141055063544961,0.0,0.02,0.10403375102601019,0.0,artificial_grass,12345,2458048629,2,1,0,0,0,0,-0.1586400270462036,0.9512270092964172,-0.2969974875450134,-0.8991760015487671,-0.13094913959503174,0.7440373301506042,-0.7855809330940247,0.22118911147117615,0.15168526768684387,0.8483147025108337,0.09549770504236221,-1.0,-1.0,-1.0,-1.0,-1.0,-1.0,-1.0,1.0,0.0,0.0,0.0,1.0,0.0,0.0,0.0,1.0,0.0,0.0,0.0
20260319_165846_036208,8,161,3.044356107711792,0.22241570055484772,-0.12595626451637118,-20.697249267721244,0.0,-0.1946431744152619,-1.2494489550590515,0.8852279374716261,0.0021766138995250057,0.0,0.02,0.10573860312641868,0.0,artificial_grass,12345,2458048629,2,1,0,0,0,0,-0.7481560111045837,0.5849611759185791,-0.5646541714668274,0.7324907183647156,0.5076755881309509,-0.799084484577179,0.8520436882972717,0.20698432624340057,0.15223079919815063,0.8477691411972046,0.039749883115291595,-1.0,-1.0,-1.0,-1.0,-1.0,-1.0,-1.0,1.0,0.0,0.0,0.0,1.0,0.0,0.0,0.0,1.0,0.0,0.0,0.0
20260319_165846_036208,8,162,3.053520441055298,0.23763103783130646,-0.1585318986087443,-20.855781166329987,0.0,-0.5263658127229007,-1.521533727645874,0.26931585294883575,0.003485316837166012,0.03298319144939025,0.02,0.13653420735255822,0.0,artificial_grass,12345,2458048629,2,1,0,0,0,0,0.12958496809005737,-0.1318020522594452,-0.5194922089576721,0.27032631635665894,-0.13342005014419556,0.8390246033668518,0.8504287600517273,0.25419387221336365,0.1426873803138733,0.8573125600814819,0.220821350812912,-1.0,-1.0,-1.0,-1.0,-1.0,-1.0,-1.0,1.0,0.0,0.0,0.0,1.0,0.0,0.0,0.0,1.0,0.0,0.0,0.0
20260319_165846_036208,8,163,3.051273822784424,0.22668015956878662,-0.1735396192251551,-21.029320785555143,0.0,-0.12100240297918674,1.0950878262519836,-0.2100313348853433,0.0045507532366813,0.0616908780297397,0.02,0.15,0.0,artificial_grass,12345,2458048629,2,1,0,0,0,0,-0.9395153522491455,-0.7431824207305908,0.04229467362165451,-0.5089916586875916,0.7853625416755676,0.8577250242233276,0.2882555425167084,0.2656494081020355,0.1310657560825348,0.8689342141151428,0.3141961991786957,-1.0,-1.0,-1.0,-1.0,-1.0,-1.0,-1.0,1.0,0.0,0.0,0.0,1.0,0.0,0.0,0.0,1.0,0.0,0.0,0.0
20260319_165846_036208,8,164,3.0439791679382324,0.20775744318962097,-0.17351321710984746,-21.20283400266499,0.0,0.3823161072447476,1.892271637916565,-0.11726577902464896,0.005036834389850337,0.060190673417248854,0.02,0.15,0.0,artificial_grass,12345,2458048629,2,1,0,0,0,0,-0.7198046445846558,-0.4128319025039673,-0.1818467229604721,0.8229728937149048,0.15997785329818726,-0.8691246509552002,-0.0768761858344078,0.26284104585647583,0.13943013548851013,0.8605697751045227,0.2661731243133545,-1.0,-1.0,-1.0,-1.0,-1.0,-1.0,-1.0,1.0,0.0,0.0,0.0,1.0,0.0,0.0,0.0,1.0,0.0,0.0,0.0
20260319_165846_036208,8,165,3.021892547607422,0.1963847279548645,-0.15841482662209824,-21.36124882928709,0.0,0.5710549613024796,1.137271523475647,0.2683184308958886,0.004239226866464701,0.02813650960492427,0.02,0.13658407845520557,0.0,artificial_grass,12345,2458048629,2,1,0,0,0,0,0.9014961123466492,0.18959884345531464,-0.5471694469451904,-0.7560147643089294,0.5948400497436523,-0.8844436407089233,-0.6720351576805115,0.25372275710105896,0.15388351678848267,0.8461164236068726,0.18684421479701996,-1.0,-1.0,-1.0,-1.0,-1.0,-1.0,-1.0,1.0,0.0,0.0,0.0,1.0,0.0,0.0,0.0,1.0,0.0,0.0,0.0
20260319_165846_036208,8,166,3.0194251537323,0.1957179754972458,-0.14258196453532815,-21.503830793822416,0.0,0.4449600324173275,0.06667524576187134,0.5563197108472053,0.0035717790755948916,0.0008154434025787713,0.02,0.12218401445763973,0.0,artificial_grass,12345,2458048629,2,1,0,0,0,0,0.8927465081214905,0.8985100388526917,0.31909528374671936,-0.5033960938453674,0.1795242875814438,0.092195063829422,-0.49100178480148315,0.2261146605014801,0.16257008910179138,0.8374298214912415,0.08031096309423447,-1.0,-1.0,-1.0,-1.0,-1.0,-1.0,-1.0,1.0,0.0,0.0,0.0,1.0,0.0,0.0,0.0,1.0,0.0,0.0,0.0
20260319_165846_036208,8,167,3.0502939224243164,0.2089853584766388,-0.13409531267269312,-21.637926106495108,0.0,0.002035449828170499,-1.3267382979393005,0.7529983350906377,0.0045735774066421,0.02575743373121561,0.02,0.11235008324546812,0.0,artificial_grass,12345,2458048629,2,1,0,0,0,0,-0.1693505048751831,-0.58310866355896,-0.18324030935764313,0.5699688792228699,0.3757326602935791,0.8931045532226562,0.7070018649101257,0.22303009033203125,0.1630793660879135,0.8369206190109253,0.06901165843009949,-1.0,-1.0,-1.0,-1.0,-1.0,-1.0,-1.0,1.0,0.0,0.0,0.0,1.0,0.0,0.0,0.0,1.0,0.0,0.0,0.0
20260319_165846_036208,8,168,3.050240993499756,0.19730205833911896,-0.09364995396344236,-21.73157606045855,0.0,0.2936090908091131,1.1683300137519836,1.5729732386226516,0.005403098504465842,0.035166120882566994,0.02,0.07135133806886741,0.0,artificial_grass,12345,2458048629,2,1,0,0,0,0,-0.27269959449768066,0.8613573312759399,0.82353675365448,0.7077925801277161,-0.9946949481964111,-0.03731120005249977,-0.18752261996269226,0.26161614060401917,0.1529456079006195,0.8470543622970581,0.2255023717880249,-1.0,-1.0,-1.0,-1.0,-1.0,-1.0,-1.0,1.0,0.0,0.0,0.0,1.0,0.0,0.0,0.0,1.0,0.0,0.0,0.0
20260319_165846_036208,8,169,3.042959690093994,0.18924354016780853,-0.06605871631780784,-21.79763477677636,0.0,0.4216697723896061,0.8058518171310425,2.1156454139914445,0.005642026993142816,0.025535686361315427,0.02,0.04421772930042778,0.0,artificial_grass,12345,2458048629,2,1,0,0,0,0,0.8863651752471924,0.6552853584289551,0.017519567161798477,0.700940728187561,0.5033097863197327,0.5134539604187012,-0.35284125804901123,0.2615501284599304,0.16186943650245667,0.838130533695221,0.193476602435112,-1.0,-1.0,-1.0,-1.0,-1.0,-1.0,-1.0,1.0,0.0,0.0,0.0,1.0,0.0,0.0,0.0,1.0,0.0,0.0,0.0
20260319_165846_036208,8,170,3.064368486404419,0.21314576268196106,-0.10144680279531072,-21.89908157957167,0.0,-0.2813032335616157,-2.3902222514152527,1.4520260731850811,0.007149264201196303,0.06666360068890324,0.02,0.07739869634074593,0.0,artificial_grass,12345,2458048629,2,1,0,0,0,0,-0.33239835500717163,0.8666640520095825,-0.9475591778755188,1.0,-0.4345272183418274,-0.19933240115642548,0.9748626351356506,0.25244826078414917,0.16802461445331573,0.8319753408432007,0.13599933683872223,-1.0,-1.0,-1.0,-1.0,-1.0,-1.0,-1.0,1.0,0.0,0.0,0.0,1.0,0.0,0.0,0.0,1.0,0.0,0.0,0.0
20260319_165846_036208,8,171,3.041062831878662,0.17006081342697144,-0.08531448628463002,-21.984396065856302,0.0,0.8661463062035324,4.308494925498962,1.747117418086134,0.006834251018937453,0.03973864174085949,0.02,0.0626441290956933,0.0,artificial_grass,12345,2458048629,2,1,0,0,0,0,-0.25953781604766846,0.11211757361888885,0.3652939796447754,0.9876397848129272,0.8688936233520508,-0.35234567523002625,-0.9520925879478455,0.27920952439308167,0.14976784586906433,0.8502320647239685,0.30254077911376953,-1.0,-1.0,-1.0,-1.0,-1.0,-1.0,-1.0,1.0,0.0,0.0,0.0,1.0,0.0,0.0,0.0,1.0,0.0,0.0,0.0
20260319_165846_036208,8,172,3.039329767227173,0.16629430651664734,-0.06931549371936903,-22.05371155957567,0.0,0.7437724024107553,0.37665069103240967,2.0459297880795617,0.006494767622740563,0.0192501272214609,0.02,0.04770351059602192,0.0,artificial_grass,12345,2458048629,2,1,0,0,0,0,-0.20364707708358765,0.7274299263954163,0.20663802325725555,0.2016606628894806,0.9352693557739258,0.49697497487068176,-0.018139831721782684,0.25007742643356323,0.18267658352851868,0.8173233866691589,0.10355213284492493,-1.0,-1.0,-1.0,-1.0,-1.0,-1.0,-1.0,1.0,0.0,0.0,0.0,1.0,0.0,0.0,0.0,1.0,0.0,0.0,0.0
20260319_165846_036208,8,173,3.061257839202881,0.18722262978553772,-0.0689874995355689,-22.12269905911124,0.0,0.03462122008579627,-2.092832326889038,2.0785155583371875,0.0076500281037965336,0.04296549284097244,0.02,0.046074222083140624,0.0,artificial_grass,12345,2458048629,2,1,0,0,0,0,-0.10770472139120102,0.6199373006820679,0.04538179934024811,-0.6293804049491882,0.09113236516714096,0.8301641941070557,0.6392695903778076,0.24791106581687927,0.18555347621440887,0.8144465088844299,0.10253672301769257,-1.0,-1.0,-1.0,-1.0,-1.0,-1.0,-1.0,1.0,0.0,0.0,0.0,1.0,0.0,0.0,0.0,1.0,0.0,0.0,0.0
20260319_165846_036208,8,174,3.064008951187134,0.19388502836227417,-0.09216773415804504,-22.214866793269287,0.0,-0.14059404935404984,-0.666239857673645,1.6443124181740245,0.008775623430612526,0.07011585447370017,0.02,0.06778437909129877,0.0,artificial_grass,12345,2458048629,2,1,0,0,0,0,0.8047298192977905,-0.8347352743148804,0.5962210297584534,0.07469917088747025,0.7763894200325012,0.19237814843654633,0.502507209777832,0.27532118558883667,0.16956819593906403,0.8304316997528076,0.23715165257453918,-1.0,-1.0,-1.0,-1.0,-1.0,-1.0,-1.0,1.0,0.0,0.0,0.0,1.0,0.0,0.0,0.0,1.0,0.0,0.0,0.0
