role,episode,terrain,update_in_episode,replay_size,qf1_loss,qf2_loss,policy_loss,alpha,alpha_loss,target_entropy_internal,target_entropy_paper,q_target_mean,q_target_std,policy_mean_abs,policy_log_std_mean,train_update
individual,4,carpet,1,700,0.5798191428184509,0.5803172588348389,-0.48480984568595886,0.09990005195140839,-27.294858932495117,-7.0,7.0,0.5910228490829468,0.48043546080589294,7.463133806595579e-05,-9.428284101886675e-05,1
individual,4,carpet,2,700,0.5023515820503235,0.502545177936554,-0.4677947461605072,0.0998002141714096,-26.814180374145508,-7.0,7.0,0.47726428508758545,0.5284669995307922,0.002108226763084531,-0.0005050005856901407,2
individual,4,carpet,3,700,0.5524938106536865,0.552431583404541,-0.47264358401298523,0.09970046579837799,-26.798662185668945,-7.0,7.0,0.5125367641448975,0.5489463806152344,0.0038302186876535416,-0.002466931939125061,3
individual,4,carpet,4,700,0.5093836784362793,0.5095997452735901,-0.47042912244796753,0.09960082173347473,-26.533626556396484,-7.0,7.0,0.6050702333450317,0.4115876257419586,0.006652539130300283,-0.005704421550035477,4
individual,4,carpet,5,700,0.5514003038406372,0.5502323508262634,-0.5017635822296143,0.09950128197669983,-26.947092056274414,-7.0,7.0,0.5804628133773804,0.5053192377090454,0.01028128620237112,-0.011265098117291927,5
individual,4,carpet,6,700,0.5790019035339355,0.5794142484664917,-0.524891197681427,0.09940183907747269,-27.0067195892334,-7.0,7.0,0.6423246264457703,0.48907917737960815,0.01634189859032631,-0.019556472077965736,6
individual,4,carpet,7,700,0.33197271823883057,0.3318738043308258,-0.5568760633468628,0.0993024930357933,-26.98414421081543,-7.0,7.0,0.34638601541519165,0.5193009972572327,0.022924572229385376,-0.03077786974608898,7
individual,4,carpet,8,700,0.4155585765838623,0.4156481623649597,-0.6085267066955566,0.09920324385166168,-27.17913818359375,-7.0,7.0,0.5460175275802612,0.5018345713615417,0.03081156499683857,-0.045444000512361526,8
individual,4,carpet,9,700,0.38719889521598816,0.3767331540584564,-0.6607741713523865,0.09910409897565842,-26.852787017822266,-7.0,7.0,0.6078068614006042,0.47519588470458984,0.035919252783060074,-0.05852743610739708,9
individual,4,carpet,10,700,0.30785420536994934,0.301067590713501,-0.7712060213088989,0.09900505095720291,-27.300457000732422,-7.0,7.0,0.6017383337020874,0.467916339635849,0.04046003147959709,-0.07378475368022919,10
individual,4,carpet,11,700,0.3727746903896332,0.3564694821834564,-0.8768435716629028,0.09890610724687576,-27.131820678710938,-7.0,7.0,0.7955068945884705,0.48934468626976013,0.045828383415937424,-0.0888521745800972,11
individual,4,carpet,12,700,0.22600050270557404,0.21837760508060455,-1.0345795154571533,0.09880725294351578,-27.039758682250977,-7.0,7.0,0.5687391757965088,0.49793151021003723,0.04664251580834389,-0.09742642939090729,12
individual,4,carpet,13,700,0.26600661873817444,0.2538679540157318,-1.207253098487854,0.09870850294828415,-27.390567779541016,-7.0,7.0,0.5944225788116455,0.4930635988712311,0.04471161961555481,-0.10057060420513153,13
individual,4,carpet,14,700,0.283092737197876,0.26348650455474854,-1.3676611185073853,0.09860984981060028,-27.08383560180664,-7.0,7.0,0.6160068511962891,0.4541531503200531,0.04369156435132027,-0.0998404249548912,14
individual,4,carpet,15,700,0.20739619433879852,0.2088039368391037,-1.3504712581634521,0.09851130098104477,-27.23895263671875,-7.0,7.0,0.6250360012054443,0.39428022503852844,0.038314662873744965,-0.08903124183416367,15
individual,4,carpet,16,700,0.22346407175064087,0.21903710067272186,-1.2806552648544312,0.09841284155845642,-27.094703674316406,-7.0,7.0,0.6014555096626282,0.45334383845329285,0.03324096277356148,-0.07757711410522461,16
individual,4,carpet,17,700,0.2115955650806427,0.2125142216682434,-1.2263545989990234,0.09831448644399643,-27.173519134521484,-7.0,7.0,0.5994826555252075,0.46732962131500244,0.03002076782286167,-0.07009182125329971,17
individual,4,carpet,18,700,0.09719341993331909,0.09353478252887726,-1.1581110954284668,0.0982162281870842,-27.222068786621094,-7.0,7.0,0.7378208041191101,0.33188796043395996,0.02772735059261322,-0.06412382423877716,18
individual,4,carpet,19,700,0.20534954965114594,0.19367294013500214,-1.0869537591934204,0.09811806678771973,-27.22848129272461,-7.0,7.0,0.5652577877044678,0.49422478675842285,0.028201743960380554,-0.06283731013536453,19
individual,4,carpet,20,700,0.20766732096672058,0.19955329596996307,-1.0210673809051514,0.09802000969648361,-27.270614624023438,-7.0,7.0,0.5211970806121826,0.4966681897640228,0.02944844588637352,-0.06083056703209877,20
individual,4,carpet,21,700,0.21866202354431152,0.2114061415195465,-0.9488269090652466,0.09792204201221466,-27.06074333190918,-7.0,7.0,0.46676406264305115,0.5239779949188232,0.03196367248892784,-0.06124383211135864,21
individual,4,carpet,22,700,0.22316241264343262,0.21946418285369873,-0.9637801647186279,0.09782417863607407,-27.218690872192383,-7.0,7.0,0.6357347369194031,0.5040958523750305,0.03754015639424324,-0.06702781468629837,22
individual,4,carpet,23,700,0.17130540311336517,0.17038092017173767,-0.9471145868301392,0.09772641211748123,-27.56722068786621,-7.0,7.0,0.6202422380447388,0.4520646333694458,0.044732097536325455,-0.07592087984085083,23
individual,4,carpet,24,700,0.16966111958026886,0.16286614537239075,-0.9510340094566345,0.09762873500585556,-27.467811584472656,-7.0,7.0,0.5771385431289673,0.4415772259235382,0.05499332770705223,-0.08908116817474365,24
individual,4,carpet,25,700,0.17642441391944885,0.17488567531108856,-0.9560575485229492,0.09753116220235825,-27.308000564575195,-7.0,7.0,0.5068173408508301,0.48847541213035583,0.06359262019395828,-0.09659067541360855,25
individual,4,carpet,26,700,0.1474139392375946,0.13601016998291016,-0.9600987434387207,0.09743368625640869,-27.332412719726562,-7.0,7.0,0.7207658290863037,0.4219273626804352,0.06833428889513016,-0.09847404062747955,26
individual,4,carpet,27,700,0.15522286295890808,0.14407217502593994,-0.9876002073287964,0.0973363146185875,-27.289499282836914,-7.0,7.0,0.5409435629844666,0.47161027789115906,0.07934893667697906,-0.11063822358846664,27
individual,4,carpet,28,700,0.11866610497236252,0.11965755373239517,-1.0620055198669434,0.09723903238773346,-27.236568450927734,-7.0,7.0,0.6076337099075317,0.433307021856308,0.09504728019237518,-0.12817424535751343,28
individual,4,carpet,29,700,0.11055664718151093,0.11274467408657074,-1.096073031425476,0.09714184701442719,-27.181344985961914,-7.0,7.0,0.5578131675720215,0.385763943195343,0.11268346756696701,-0.14993180334568024,29
individual,4,carpet,30,700,0.18455564975738525,0.18772825598716736,-1.242163896560669,0.09704475849866867,-26.630483627319336,-7.0,7.0,0.44920578598976135,0.4981812536716461,0.1370900422334671,-0.18021157383918762,30
individual,4,carpet,31,700,0.12180286645889282,0.1195182278752327,-1.2463033199310303,0.09694777429103851,-26.938793182373047,-7.0,7.0,0.6549211144447327,0.4292365312576294,0.16382195055484772,-0.2118230164051056,31
individual,4,carpet,32,700,0.1455211341381073,0.14307209849357605,-1.2721986770629883,0.09685087949037552,-26.565412521362305,-7.0,7.0,0.48948001861572266,0.45317140221595764,0.1947094053030014,-0.24449746310710907,32
individual,4,carpet,33,700,0.12579737603664398,0.12432096898555756,-1.1805548667907715,0.09675408154726028,-25.801387786865234,-7.0,7.0,0.5704236030578613,0.4913032054901123,0.23269449174404144,-0.2788604199886322,33
individual,4,carpet,34,700,0.13773533701896667,0.13559207320213318,-1.1908124685287476,0.09665738791227341,-25.088727951049805,-7.0,7.0,0.5149132013320923,0.4316757619380951,0.2797695994377136,-0.32064199447631836,34
individual,4,carpet,35,700,0.11700611561536789,0.11423377692699432,-1.152039885520935,0.09656078368425369,-24.234663009643555,-7.0,7.0,0.4793209433555603,0.4624423086643219,0.28415098786354065,-0.304950088262558,35
population,4,carpet,1,700,0.6217877864837646,0.6222806572914124,-0.4642036259174347,0.09990005195140839,-26.822540283203125,-7.0,7.0,0.6446157097816467,0.45446932315826416,7.253743387991562e-05,-9.773234341992065e-05,1
population,4,carpet,2,700,0.6831275820732117,0.6832653880119324,-0.46880853176116943,0.0998002141714096,-26.836688995361328,-7.0,7.0,0.5936673283576965,0.5801154971122742,0.00211704196408391,-0.0027408550959080458,2
population,4,carpet,3,700,0.5326319336891174,0.5320388078689575,-0.475563108921051,0.09970046579837799,-26.867252349853516,-7.0,7.0,0.544255793094635,0.49850836396217346,0.0037037639413028955,-0.0068243881687521935,3
population,4,carpet,4,700,0.514968991279602,0.5147610306739807,-0.4777911901473999,0.09960082173347473,-26.704177856445312,-7.0,7.0,0.6003040671348572,0.424440860748291,0.005321892444044352,-0.012389893643558025,4
population,4,carpet,5,700,0.5006453394889832,0.49921905994415283,-0.5048788189888,0.09950128197669983,-27.0001277923584,-7.0,7.0,0.5403695702552795,0.49779456853866577,0.0075716120190918446,-0.0213868860155344,5
population,4,carpet,6,700,0.630355715751648,0.6292173862457275,-0.5309724807739258,0.09940183907747269,-27.10065460205078,-7.0,7.0,0.749488353729248,0.3936034142971039,0.009764210321009159,-0.03390907496213913,6
population,4,carpet,7,700,0.5333969593048096,0.5293629765510559,-0.5636079907417297,0.0993024930357933,-27.14302635192871,-7.0,7.0,0.6297825574874878,0.49669069051742554,0.013200490735471249,-0.05137275531888008,7
population,4,carpet,8,700,0.46369898319244385,0.4553089737892151,-0.6094629764556885,0.09920324385166168,-27.281129837036133,-7.0,7.0,0.7229450941085815,0.34537065029144287,0.0177915096282959,-0.07247422635555267,8
population,4,carpet,9,700,0.46969062089920044,0.4603974521160126,-0.6596318483352661,0.09910409897565842,-26.826763153076172,-7.0,7.0,0.673956036567688,0.4979938864707947,0.023633750155568123,-0.09889300912618637,9
population,4,carpet,10,700,0.3008357584476471,0.29766273498535156,-0.7611973285675049,0.09900505095720291,-27.24715232849121,-7.0,7.0,0.6175333261489868,0.44595250487327576,0.02791968360543251,-0.1303863823413849,10
population,4,carpet,11,700,0.16131474077701569,0.15379047393798828,-0.8868622183799744,0.09890610724687576,-27.262935638427734,-7.0,7.0,0.5334034562110901,0.39227452874183655,0.03547937795519829,-0.16296951472759247,11
population,4,carpet,12,700,0.1692587435245514,0.156523659825325,-1.0291364192962646,0.09880725294351578,-27.062681198120117,-7.0,7.0,0.657007098197937,0.42283058166503906,0.04050208255648613,-0.1798757165670395,12
population,4,carpet,13,700,0.1383127123117447,0.14259472489356995,-1.2379971742630005,0.09870850294828415,-27.00238037109375,-7.0,7.0,0.6675097346305847,0.37336376309394836,0.03693179413676262,-0.1682964712381363,13
population,4,carpet,14,700,0.2708362638950348,0.2705756425857544,-1.3737661838531494,0.09860984981060028,-27.235916137695312,-7.0,7.0,0.5993091464042664,0.44037535786628723,0.03604961186647415,-0.14985547959804535,14
population,4,carpet,15,700,0.36400145292282104,0.36334937810897827,-1.3943781852722168,0.09851130098104477,-27.23223876953125,-7.0,7.0,0.5560460686683655,0.47620323300361633,0.038571733981370926,-0.1328631341457367,15
population,4,carpet,16,700,0.27002716064453125,0.25656118988990784,-1.3063759803771973,0.09841284155845642,-27.455032348632812,-7.0,7.0,0.5889348387718201,0.5011230111122131,0.03772140294313431,-0.1060679629445076,16
population,4,carpet,17,700,0.32684993743896484,0.303791880607605,-1.2295911312103271,0.09831448644399643,-27.301664352416992,-7.0,7.0,0.48819565773010254,0.5394493937492371,0.03975469619035721,-0.09321751445531845,17
population,4,carpet,18,700,0.1531110554933548,0.13475888967514038,-1.083528757095337,0.0982162281870842,-27.242097854614258,-7.0,7.0,0.6034930944442749,0.4098047614097595,0.04043639451265335,-0.0807793140411377,18
population,4,carpet,19,700,0.18867991864681244,0.17788058519363403,-1.0035480260849,0.09811806678771973,-27.369586944580078,-7.0,7.0,0.6658179759979248,0.4548288583755493,0.042419612407684326,-0.07407573610544205,19
population,4,carpet,20,700,0.23076315224170685,0.2186121791601181,-0.9675866365432739,0.09802000969648361,-27.331430435180664,-7.0,7.0,0.6141282916069031,0.49174556136131287,0.05063696578145027,-0.0783473327755928,20
population,4,carpet,21,700,0.1788901388645172,0.1741809993982315,-0.9090994596481323,0.09792204201221466,-27.438669204711914,-7.0,7.0,0.5641460418701172,0.45221567153930664,0.057635415345430374,-0.08056696504354477,21
population,4,carpet,22,700,0.1984660029411316,0.18294797837734222,-0.8956581950187683,0.09782417863607407,-27.23883056640625,-7.0,7.0,0.6180630922317505,0.4514819085597992,0.07125802338123322,-0.09036894887685776,22
population,4,carpet,23,700,0.1991715133190155,0.18813523650169373,-0.8794804811477661,0.09772641211748123,-27.159000396728516,-7.0,7.0,0.6783009171485901,0.41004058718681335,0.07728362083435059,-0.09102398157119751,23
population,4,carpet,24,700,0.23096847534179688,0.221139058470726,-0.8914978504180908,0.09762873500585556,-27.19000816345215,-7.0,7.0,0.7343611121177673,0.44091781973838806,0.08900722116231918,-0.097599096596241,24
population,4,carpet,25,700,0.21067573130130768,0.20426306128501892,-0.933655858039856,0.09753116220235825,-27.220661163330078,-7.0,7.0,0.638267993927002,0.48281431198120117,0.10154707729816437,-0.10531001538038254,25
population,4,carpet,26,700,0.2693597674369812,0.26197385787963867,-0.9813095331192017,0.09743368625640869,-27.059112548828125,-7.0,7.0,0.5205439925193787,0.5920119881629944,0.12251521646976471,-0.11839115619659424,26
population,4,carpet,27,700,0.2132607400417328,0.21305856108665466,-1.031799077987671,0.0973363146185875,-27.065765380859375,-7.0,7.0,0.5213123559951782,0.5286333560943604,0.13681764900684357,-0.1251436322927475,27
population,4,carpet,28,700,0.09298422932624817,0.09220141172409058,-1.105290174484253,0.09723903238773346,-26.50031852722168,-7.0,7.0,0.5795527100563049,0.37134987115859985,0.15869486331939697,-0.13934867084026337,28
population,4,carpet,29,700,0.14340727031230927,0.13794384896755219,-1.118131399154663,0.09714184701442719,-27.02849578857422,-7.0,7.0,0.5288515090942383,0.5040557980537415,0.1772911697626114,-0.1517106294631958,29
population,4,carpet,30,700,0.1620226800441742,0.15825216472148895,-1.1950657367706299,0.09704475849866867,-26.590408325195312,-7.0,7.0,0.615247368812561,0.5157302021980286,0.2251516580581665,-0.18438203632831573,30
population,4,carpet,31,700,0.20629873871803284,0.1979941725730896,-1.2655081748962402,0.09694777429103851,-25.809646606445312,-7.0,7.0,0.5710246562957764,0.5580103397369385,0.2659705877304077,-0.20101496577262878,31
population,4,carpet,32,700,0.17228363454341888,0.16717921197414398,-1.3021594285964966,0.09685087949037552,-25.512670516967773,-7.0,7.0,0.6094419360160828,0.4810566306114197,0.30236905813217163,-0.20898601412773132,32
population,4,carpet,33,700,0.15223605930805206,0.1472168266773224,-1.340338945388794,0.09675408154726028,-24.31846046447754,-7.0,7.0,0.645553469657898,0.49333900213241577,0.355791300535202,-0.22117485105991364,33
population,4,carpet,34,700,0.1251368522644043,0.12399909645318985,-1.2875720262527466,0.09665738791227341,-24.67267417907715,-7.0,7.0,0.5741754174232483,0.4378449320793152,0.37570062279701233,-0.20222391188144684,34
population,4,carpet,35,700,0.19794481992721558,0.18928420543670654,-1.2822389602661133,0.09656078368425369,-23.864139556884766,-7.0,7.0,0.4627600610256195,0.5268205404281616,0.38802391290664673,-0.17070841789245605,35
individual,5,carpet,1,875,0.1729339361190796,0.1679951697587967,-1.1652191877365112,0.09646427631378174,-25.270957946777344,-7.0,7.0,0.7036960124969482,0.5104102492332458,0.2493433952331543,-0.24686865508556366,36
individual,5,carpet,2,875,0.14879167079925537,0.13833975791931152,-1.149507761001587,0.09636786580085754,-25.01490592956543,-7.0,7.0,0.7493900060653687,0.47210606932640076,0.23445603251457214,-0.20871268212795258,37
individual,5,carpet,3,875,0.13897192478179932,0.13899628818035126,-1.141484022140503,0.0962715595960617,-25.574926376342773,-7.0,7.0,0.6385363340377808,0.5316116213798523,0.22779546678066254,-0.15801534056663513,38
individual,5,carpet,4,875,0.13883981108665466,0.13191615045070648,-1.1540822982788086,0.09617534279823303,-24.96246910095215,-7.0,7.0,0.6961514353752136,0.5674112439155579,0.23589763045310974,-0.12440629303455353,39
individual,5,carpet,5,875,0.10830247402191162,0.10707195848226547,-1.1841886043548584,0.09607922285795212,-25.49659538269043,-7.0,7.0,0.4570026397705078,0.4662461578845978,0.241437166929245,-0.08732316642999649,40
individual,5,carpet,6,875,0.18580672144889832,0.1832919418811798,-1.199413537979126,0.09598319232463837,-25.056034088134766,-7.0,7.0,0.5054844617843628,0.5025753378868103,0.25258466601371765,-0.05859198048710823,41
individual,5,carpet,7,875,0.11599133908748627,0.1208752691745758,-1.2457400560379028,0.09588726609945297,-25.521503448486328,-7.0,7.0,0.5979811549186707,0.4203028380870819,0.27949732542037964,-0.04932119697332382,42
individual,5,carpet,8,875,0.13729535043239594,0.13214416801929474,-1.2239749431610107,0.09579143673181534,-24.088247299194336,-7.0,7.0,0.6677805185317993,0.4942423403263092,0.3161294460296631,-0.04457757994532585,43
individual,5,carpet,9,875,0.14397260546684265,0.1425381898880005,-1.238138198852539,0.09569569677114487,-25.04263687133789,-7.0,7.0,0.6331132650375366,0.5426384210586548,0.351036012172699,-0.04724881425499916,44
individual,5,carpet,10,875,0.18530961871147156,0.17690306901931763,-1.1573022603988647,0.09560005366802216,-23.201324462890625,-7.0,7.0,0.43753141164779663,0.6069648265838623,0.3937951624393463,-0.05696588382124901,45
individual,5,carpet,11,875,0.08898767083883286,0.08438197523355484,-1.1328809261322021,0.0955045148730278,-22.646995544433594,-7.0,7.0,0.5639411211013794,0.4856589734554291,0.4069024920463562,-0.07017003744840622,46
individual,5,carpet,12,875,0.13086682558059692,0.12333176285028458,-1.1036205291748047,0.09540905803442001,-24.172740936279297,-7.0,7.0,0.39896541833877563,0.5632216334342957,0.3927314877510071,-0.08818298578262329,47
individual,5,carpet,13,875,0.15396417677402496,0.1497086137533188,-1.100982666015625,0.09531370550394058,-23.850467681884766,-7.0,7.0,0.5013225078582764,0.5913737416267395,0.39143651723861694,-0.11156737059354782,48
individual,5,carpet,14,875,0.1462317705154419,0.1433781534433365,-1.1708515882492065,0.09521844983100891,-25.13057518005371,-7.0,7.0,0.6533647775650024,0.4791114628314972,0.3682166039943695,-0.12380240857601166,49
individual,5,carpet,15,875,0.09479731321334839,0.09273352473974228,-1.2241827249526978,0.0951232835650444,-25.120635986328125,-7.0,7.0,0.6277364492416382,0.4716494083404541,0.36574235558509827,-0.14457644522190094,50
individual,5,carpet,16,875,0.2029552459716797,0.18695001304149628,-1.1975367069244385,0.09502821415662766,-24.61785316467285,-7.0,7.0,0.3789505064487457,0.5792722105979919,0.37674859166145325,-0.16563157737255096,51
individual,5,carpet,17,875,0.11717425286769867,0.11425178498029709,-1.2696465253829956,0.09493324160575867,-24.432777404785156,-7.0,7.0,0.5382049679756165,0.4641570448875427,0.4065544605255127,-0.19517023861408234,52
individual,5,carpet,18,875,0.10779067128896713,0.10722701996564865,-1.2723318338394165,0.09483836591243744,-22.817665100097656,-7.0,7.0,0.5955712795257568,0.5280874967575073,0.4351106584072113,-0.22317205369472504,53
individual,5,carpet,19,875,0.0892070084810257,0.08770906925201416,-1.2626824378967285,0.09474357962608337,-22.319828033447266,-7.0,7.0,0.648522138595581,0.4317168891429901,0.44782474637031555,-0.24540315568447113,54
individual,5,carpet,20,875,0.1516892910003662,0.1498551070690155,-1.2284955978393555,0.09464889019727707,-22.950862884521484,-7.0,7.0,0.5698472857475281,0.5255615711212158,0.42948994040489197,-0.25055548548698425,55
individual,5,carpet,21,875,0.08973701298236847,0.08517338335514069,-1.144775152206421,0.09455429762601852,-22.78182601928711,-7.0,7.0,0.4605342149734497,0.550031304359436,0.40161246061325073,-0.2449691742658615,56
individual,5,carpet,22,875,0.09763439744710922,0.10137973725795746,-1.1867202520370483,0.09445979446172714,-24.156225204467773,-7.0,7.0,0.6273871660232544,0.35068389773368835,0.3659347891807556,-0.23023326694965363,57
individual,5,carpet,23,875,0.1304807960987091,0.1279527097940445,-1.1804184913635254,0.09436538815498352,-25.435253143310547,-7.0,7.0,0.5687288045883179,0.4279055595397949,0.3395068943500519,-0.2186090499162674,58
individual,5,carpet,24,875,0.11789582669734955,0.11684665083885193,-1.1882201433181763,0.09427107870578766,-25.136016845703125,-7.0,7.0,0.8193621635437012,0.3540991246700287,0.32599741220474243,-0.2125888615846634,59
individual,5,carpet,25,875,0.08173488825559616,0.08435261249542236,-1.1548192501068115,0.09417685866355896,-25.231191635131836,-7.0,7.0,0.6304652690887451,0.4271126985549927,0.32148489356040955,-0.2096513956785202,60
individual,5,carpet,26,875,0.0918109342455864,0.09283142536878586,-1.2013206481933594,0.09408273547887802,-25.652769088745117,-7.0,7.0,0.6857087016105652,0.3306645154953003,0.33159127831459045,-0.21563129127025604,61
individual,5,carpet,27,875,0.11272856593132019,0.10721100866794586,-1.1580086946487427,0.09398870915174484,-25.345733642578125,-7.0,7.0,0.5487670302391052,0.5455304980278015,0.3601730465888977,-0.2298501878976822,62
individual,5,carpet,28,875,0.1357942819595337,0.12923051416873932,-1.3081140518188477,0.09389477223157883,-24.4757022857666,-7.0,7.0,0.3859403729438782,0.5255955457687378,0.40295663475990295,-0.25485679507255554,63
individual,5,carpet,29,875,0.1718308925628662,0.1643526405096054,-1.2435683012008667,0.09380093216896057,-23.2302303314209,-7.0,7.0,0.3912540376186371,0.5177934169769287,0.45579883456230164,-0.28095653653144836,64
individual,5,carpet,30,875,0.1459425687789917,0.14064912497997284,-1.2443124055862427,0.09370718151330948,-21.763442993164062,-7.0,7.0,0.5435999631881714,0.46367591619491577,0.48760876059532166,-0.2910608649253845,65
individual,5,carpet,31,875,0.1284414529800415,0.12891335785388947,-1.2064014673233032,0.09361352771520615,-22.40813636779785,-7.0,7.0,0.5784590840339661,0.48188456892967224,0.47986507415771484,-0.27739009261131287,66
individual,5,carpet,32,875,0.10354717075824738,0.09847990423440933,-1.1835640668869019,0.09351997077465057,-22.808712005615234,-7.0,7.0,0.5415573716163635,0.46078962087631226,0.45659366250038147,-0.2596234381198883,67
individual,5,carpet,33,875,0.20854270458221436,0.1989796906709671,-1.1348892450332642,0.09342650324106216,-24.178020477294922,-7.0,7.0,0.5860192179679871,0.5752857327461243,0.4086885154247284,-0.23076245188713074,68
individual,5,carpet,34,875,0.11508306115865707,0.11232340335845947,-1.1346311569213867,0.09333313256502151,-24.319162368774414,-7.0,7.0,0.6116657257080078,0.5560662150382996,0.3660149574279785,-0.20429936051368713,69
individual,5,carpet,35,875,0.12988044321537018,0.12491708993911743,-1.1048564910888672,0.09323985129594803,-25.235851287841797,-7.0,7.0,0.6041114330291748,0.5611065030097961,0.33369699120521545,-0.18328258395195007,70
individual,5,carpet,36,875,0.15360106527805328,0.15110336244106293,-1.1749625205993652,0.0931466668844223,-25.220691680908203,-7.0,7.0,0.553318202495575,0.6706672310829163,0.31205320358276367,-0.16879801452159882,71
individual,5,carpet,37,875,0.10992854833602905,0.10549955815076828,-1.2609589099884033,0.09305357187986374,-26.631778717041016,-7.0,7.0,0.5877932906150818,0.5313625931739807,0.3002261519432068,-0.15884064137935638,72
individual,5,carpet,38,875,0.07357199490070343,0.07392086833715439,-1.3279496431350708,0.09296057373285294,-25.961584091186523,-7.0,7.0,0.632353663444519,0.47986307740211487,0.30249258875846863,-0.15345822274684906,73
individual,5,carpet,39,875,0.08180542290210724,0.08060536533594131,-1.4151487350463867,0.0928676649928093,-25.426738739013672,-7.0,7.0,0.6562010049819946,0.44077029824256897,0.3259357511997223,-0.15815281867980957,74
individual,5,carpet,40,875,0.17198944091796875,0.16481590270996094,-1.4202228784561157,0.09277485311031342,-23.523845672607422,-7.0,7.0,0.5049946308135986,0.5094666481018066,0.3565816581249237,-0.16857419908046722,75
individual,5,carpet,41,875,0.17258237302303314,0.16000261902809143,-1.3620511293411255,0.0926821306347847,-23.552156448364258,-7.0,7.0,0.5802596807479858,0.40391474962234497,0.373980849981308,-0.17207776010036469,76
individual,5,carpet,42,875,0.10616959631443024,0.10318160057067871,-1.2713851928710938,0.09258949756622314,-23.1246337890625,-7.0,7.0,0.6114957928657532,0.5207014679908752,0.3977530002593994,-0.17997148633003235,77
individual,5,carpet,43,875,0.12182167172431946,0.12014564871788025,-1.1437640190124512,0.09249696135520935,-23.322120666503906,-7.0,7.0,0.5772746205329895,0.4890594482421875,0.4010833203792572,-0.1778511255979538,78
population,5,carpet,1,875,0.16199716925621033,0.16731970012187958,-1.250924825668335,0.09646427631378174,-23.339454650878906,-7.0,7.0,0.5527837872505188,0.5104775428771973,0.37836378812789917,-0.13756465911865234,36
population,5,carpet,2,875,0.14979012310504913,0.14445188641548157,-1.2174997329711914,0.09636786580085754,-25.665178298950195,-7.0,7.0,0.6439326405525208,0.520511269569397,0.3186618387699127,-0.1009116843342781,37
population,5,carpet,3,875,0.14898733794689178,0.15146444737911224,-1.1363232135772705,0.0962715595960617,-25.017864227294922,-7.0,7.0,0.5088245868682861,0.4501650631427765,0.3077991008758545,-0.08574525266885757,38
population,5,carpet,4,875,0.12939460575580597,0.13032525777816772,-1.0858064889907837,0.09617534279823303,-25.55210304260254,-7.0,7.0,0.5622668266296387,0.49368759989738464,0.29676923155784607,-0.08326351642608643,39
population,5,carpet,5,875,0.16688716411590576,0.16693349182605743,-1.0717986822128296,0.09607922285795212,-25.147449493408203,-7.0,7.0,0.5026159882545471,0.5282952785491943,0.31219482421875,-0.09514489024877548,40
population,5,carpet,6,875,0.19852106273174286,0.19161120057106018,-1.0490683317184448,0.09598319232463837,-24.837478637695312,-7.0,7.0,0.6305882334709167,0.5295602083206177,0.3095921576023102,-0.10062070935964584,41
population,5,carpet,7,875,0.16127005219459534,0.16170838475227356,-1.0205771923065186,0.09588726609945297,-24.968599319458008,-7.0,7.0,0.6615527272224426,0.5451656579971313,0.3013625144958496,-0.10685261338949203,42
population,5,carpet,8,875,0.14829149842262268,0.14932067692279816,-1.0387085676193237,0.09579143673181534,-24.632116317749023,-7.0,7.0,0.7132207155227661,0.47548651695251465,0.286616712808609,-0.11199108511209488,43
population,5,carpet,9,875,0.17438319325447083,0.17406101524829865,-1.042946457862854,0.09569569677114487,-25.845056533813477,-7.0,7.0,0.7381795644760132,0.4239819049835205,0.25754228234291077,-0.10949260741472244,44
population,5,carpet,10,875,0.15029795467853546,0.1469390094280243,-1.1192916631698608,0.09560005366802216,-26.167505264282227,-7.0,7.0,0.6445726156234741,0.4722030460834503,0.24480105936527252,-0.11137773096561432,45
population,5,carpet,11,875,0.06234565004706383,0.0619538389146328,-1.180615782737732,0.0955045148730278,-25.878433227539062,-7.0,7.0,0.5747692584991455,0.41253599524497986,0.24921150505542755,-0.12001299113035202,46
population,5,carpet,12,875,0.1295996457338333,0.12381383031606674,-1.2243558168411255,0.09540905803442001,-25.6619873046875,-7.0,7.0,0.6121059060096741,0.45814812183380127,0.27254846692085266,-0.14050902426242828,47
population,5,carpet,13,875,0.14903578162193298,0.14479127526283264,-1.3816156387329102,0.09531370550394058,-24.133981704711914,-7.0,7.0,0.5293936729431152,0.49458006024360657,0.3125346004962921,-0.16988851130008698,48
population,5,carpet,14,875,0.12114928662776947,0.12494457513093948,-1.3701982498168945,0.09521844983100891,-22.802392959594727,-7.0,7.0,0.6097535490989685,0.5384319424629211,0.3384478986263275,-0.19226990640163422,49
population,5,carpet,15,875,0.1737683117389679,0.1712247133255005,-1.2899514436721802,0.0951232835650444,-22.736066818237305,-7.0,7.0,0.4816443622112274,0.5344069004058838,0.3422267735004425,-0.1971987634897232,50
population,5,carpet,16,875,0.14186829328536987,0.14033156633377075,-1.2859821319580078,0.09502821415662766,-23.76496696472168,-7.0,7.0,0.6312530636787415,0.4782869219779968,0.3316095471382141,-0.18994677066802979,51
population,5,carpet,17,875,0.11958047747612,0.11900920420885086,-1.247576355934143,0.09493324160575867,-24.549835205078125,-7.0,7.0,0.6059001088142395,0.5240877866744995,0.3180970251560211,-0.1788133829832077,52
population,5,carpet,18,875,0.11591534316539764,0.11299215257167816,-1.1168407201766968,0.09483836591243744,-24.519128799438477,-7.0,7.0,0.46435362100601196,0.5606122016906738,0.30826354026794434,-0.17297104001045227,53
population,5,carpet,19,875,0.15265263617038727,0.14805786311626434,-1.1236339807510376,0.09474357962608337,-25.153396606445312,-7.0,7.0,0.6716323494911194,0.5073037147521973,0.29998207092285156,-0.16851484775543213,54
population,5,carpet,20,875,0.106124646961689,0.10157976299524307,-1.0748945474624634,0.09464889019727707,-25.859233856201172,-7.0,7.0,0.6878384351730347,0.4320323169231415,0.2886538505554199,-0.1595253050327301,55
population,5,carpet,21,875,0.1184200868010521,0.11812277138233185,-1.119983196258545,0.09455429762601852,-24.90833282470703,-7.0,7.0,0.5652487277984619,0.4814547896385193,0.29868465662002563,-0.16454645991325378,56
population,5,carpet,22,875,0.08650591224431992,0.08174125105142593,-1.1094149351119995,0.09445979446172714,-26.000221252441406,-7.0,7.0,0.5640496611595154,0.4385329782962799,0.3133198320865631,-0.17197148501873016,57
population,5,carpet,23,875,0.104790598154068,0.10428866744041443,-1.1723943948745728,0.09436538815498352,-24.522727966308594,-7.0,7.0,0.559600830078125,0.5027302503585815,0.34191176295280457,-0.18874740600585938,58
population,5,carpet,24,875,0.10548601299524307,0.102938212454319,-1.1307518482208252,0.09427107870578766,-24.43083381652832,-7.0,7.0,0.4824855327606201,0.43802356719970703,0.3565012514591217,-0.19786207377910614,59
population,5,carpet,25,875,0.11269593983888626,0.10926076024770737,-1.1874830722808838,0.09417685866355896,-24.31004524230957,-7.0,7.0,0.770237147808075,0.46878671646118164,0.3674705922603607,-0.20355363190174103,60
population,5,carpet,26,875,0.13655522465705872,0.13696792721748352,-1.2463605403900146,0.09408273547887802,-24.20948028564453,-7.0,7.0,0.39975666999816895,0.47003573179244995,0.38570383191108704,-0.20941723883152008,61
population,5,carpet,27,875,0.10775735229253769,0.10821186751127243,-1.2573796510696411,0.09398870915174484,-23.984302520751953,-7.0,7.0,0.5401567816734314,0.5175181031227112,0.3902447819709778,-0.20562735199928284,62
population,5,carpet,28,875,0.14794601500034332,0.14767643809318542,-1.2772562503814697,0.09389477223157883,-23.218856811523438,-7.0,7.0,0.4571911692619324,0.5076995491981506,0.3876514434814453,-0.2029019296169281,63
population,5,carpet,29,875,0.11213141679763794,0.11167484521865845,-1.2504454851150513,0.09380093216896057,-24.046031951904297,-7.0,7.0,0.6588002443313599,0.5418423414230347,0.3771345317363739,-0.19836105406284332,64
population,5,carpet,30,875,0.13398872315883636,0.1331871598958969,-1.2554527521133423,0.09370718151330948,-24.244869232177734,-7.0,7.0,0.5414192080497742,0.4656825363636017,0.3594616949558258,-0.18707337975502014,65
population,5,carpet,31,875,0.11215714365243912,0.11039695888757706,-1.234084963798523,0.09361352771520615,-25.207046508789062,-7.0,7.0,0.5200226902961731,0.515655517578125,0.34779486060142517,-0.17931154370307922,66
population,5,carpet,32,875,0.08337357640266418,0.08537640422582626,-1.179684042930603,0.09351997077465057,-23.98975944519043,-7.0,7.0,0.630902111530304,0.5151047706604004,0.34168317914009094,-0.17644302546977997,67
population,5,carpet,33,875,0.07663363963365555,0.07581540197134018,-1.214379072189331,0.09342650324106216,-24.989898681640625,-7.0,7.0,0.7179107666015625,0.3434455692768097,0.3338530659675598,-0.17465005815029144,68
population,5,carpet,34,875,0.08495588600635529,0.0841565728187561,-1.1904956102371216,0.09333313256502151,-24.35017204284668,-7.0,7.0,0.694954514503479,0.4048272371292114,0.32306256890296936,-0.1703270822763443,69
population,5,carpet,35,875,0.0900658518075943,0.08948524296283722,-1.1934187412261963,0.09323985129594803,-24.877702713012695,-7.0,7.0,0.538502037525177,0.4356068968772888,0.31974315643310547,-0.17104102671146393,70
population,5,carpet,36,875,0.1444638967514038,0.14619499444961548,-1.1945898532867432,0.0931466668844223,-24.547090530395508,-7.0,7.0,0.46008944511413574,0.5936296582221985,0.3211272060871124,-0.17529988288879395,71
population,5,carpet,37,875,0.0572316013276577,0.05632065236568451,-1.2245243787765503,0.09305357187986374,-24.933731079101562,-7.0,7.0,0.6376974582672119,0.49363628029823303,0.3172815442085266,-0.17619679868221283,72
population,5,carpet,38,875,0.08381103724241257,0.08213015645742416,-1.2743358612060547,0.09296057373285294,-25.123592376708984,-7.0,7.0,0.7259912490844727,0.4252045154571533,0.30858635902404785,-0.1727241426706314,73
population,5,carpet,39,875,0.08585157990455627,0.08559122681617737,-1.224415898323059,0.0928676649928093,-23.935091018676758,-7.0,7.0,0.5788659453392029,0.4231759011745453,0.3121472895145416,-0.17496564984321594,74
population,5,carpet,40,875,0.11762133985757828,0.11789418756961823,-1.2582147121429443,0.09277485311031342,-24.248249053955078,-7.0,7.0,0.6708260178565979,0.5707460641860962,0.30598947405815125,-0.16999302804470062,75
population,5,carpet,41,875,0.13656362891197205,0.13846999406814575,-1.3631638288497925,0.0926821306347847,-24.930152893066406,-7.0,7.0,0.6086996793746948,0.5631681680679321,0.29747769236564636,-0.16543707251548767,76
population,5,carpet,42,875,0.08873381465673447,0.089277483522892,-1.349564552307129,0.09258949756622314,-23.607383728027344,-7.0,7.0,0.6185153722763062,0.5424018502235413,0.3015539348125458,-0.1685056835412979,77
population,5,carpet,43,875,0.12676005065441132,0.13050903379917145,-1.3567981719970703,0.09249696135520935,-24.66005516052246,-7.0,7.0,0.6611636877059937,0.47869133949279785,0.28006380796432495,-0.15936537086963654,78
individual,6,carpet,1,1050,0.06707604974508286,0.06425251811742783,-1.0886015892028809,0.09240452200174332,-22.747861862182617,-7.0,7.0,0.594907820224762,0.38716232776641846,0.39208370447158813,-0.16832813620567322,79
individual,6,carpet,2,1050,0.1200871542096138,0.11442410945892334,-1.0881341695785522,0.09231216460466385,-24.496143341064453,-7.0,7.0,0.5914631485939026,0.383938729763031,0.35822245478630066,-0.1505051553249359,80
individual,6,carpet,3,1050,0.16907182335853577,0.15943996608257294,-1.0302388668060303,0.09221990406513214,-24.9368839263916,-7.0,7.0,0.7246481776237488,0.512542724609375,0.3301208019256592,-0.13753437995910645,81
individual,6,carpet,4,1050,0.12051830440759659,0.11300528049468994,-1.0543149709701538,0.0921277403831482,-25.552921295166016,-7.0,7.0,0.5329536199569702,0.4725717306137085,0.30756470561027527,-0.1276245415210724,82
individual,6,carpet,5,1050,0.10789967328310013,0.10435216873884201,-1.091809630393982,0.09203566610813141,-25.096647262573242,-7.0,7.0,0.7667301893234253,0.3857458233833313,0.2928326427936554,-0.12120071798563004,83
individual,6,carpet,6,1050,0.09589465707540512,0.0931185781955719,-1.105577826499939,0.09194368124008179,-25.12123680114746,-7.0,7.0,0.7105501294136047,0.35711029171943665,0.2811724543571472,-0.11591462045907974,84
individual,6,carpet,7,1050,0.12563233077526093,0.12243983149528503,-1.1835826635360718,0.09185179322957993,-26.60507583618164,-7.0,7.0,0.761686384677887,0.4519976079463959,0.2719566822052002,-0.11278597265481949,85
individual,6,carpet,8,1050,0.16342103481292725,0.16306936740875244,-1.2855833768844604,0.09175999462604523,-26.212709426879883,-7.0,7.0,0.9326451420783997,0.36764949560165405,0.2728569805622101,-0.11415902525186539,86
individual,6,carpet,9,1050,0.17861591279506683,0.17791461944580078,-1.333465337753296,0.09166828542947769,-25.342689514160156,-7.0,7.0,0.5944265127182007,0.5286790728569031,0.28540679812431335,-0.12234699726104736,87
individual,6,carpet,10,1050,0.20304906368255615,0.19443270564079285,-1.393308162689209,0.09157666563987732,-25.340885162353516,-7.0,7.0,0.6355267763137817,0.4705674648284912,0.29829177260398865,-0.13153435289859772,88
individual,6,carpet,11,1050,0.14099223911762238,0.13724897801876068,-1.3208681344985962,0.09148514270782471,-26.27969741821289,-7.0,7.0,0.6411497592926025,0.5367400050163269,0.32637935876846313,-0.14734973013401031,89
individual,6,carpet,12,1050,0.09454520046710968,0.09683573246002197,-1.27711021900177,0.09139370918273926,-25.49019432067871,-7.0,7.0,0.6555836200714111,0.5199722051620483,0.36456090211868286,-0.1702871322631836,90
individual,6,carpet,13,1050,0.0988287702202797,0.09746912121772766,-1.1719638109207153,0.09130237251520157,-23.396677017211914,-7.0,7.0,0.5465022325515747,0.4601685702800751,0.3998942971229553,-0.19246624410152435,91
individual,6,carpet,14,1050,0.09704816341400146,0.0954844281077385,-1.129021167755127,0.09121111780405045,-23.290109634399414,-7.0,7.0,0.7254440784454346,0.42461803555488586,0.42792683839797974,-0.21075007319450378,92
individual,6,carpet,15,1050,0.10430572181940079,0.10283391922712326,-1.0956050157546997,0.09111995995044708,-23.79432487487793,-7.0,7.0,0.6141427159309387,0.5443313717842102,0.42923662066459656,-0.21718518435955048,93
individual,6,carpet,16,1050,0.1338820457458496,0.13452178239822388,-1.0999815464019775,0.09102889150381088,-23.258525848388672,-7.0,7.0,0.7382603883743286,0.5020406246185303,0.41716936230659485,-0.21599815785884857,94
individual,6,carpet,17,1050,0.15194077789783478,0.14353898167610168,-1.1315544843673706,0.09093791991472244,-23.773271560668945,-7.0,7.0,0.6111485362052917,0.5737928748130798,0.4004043936729431,-0.20988334715366364,95
individual,6,carpet,18,1050,0.10150180011987686,0.10048148781061172,-1.1877412796020508,0.09084703028202057,-25.39288330078125,-7.0,7.0,0.6746944189071655,0.4859706461429596,0.36556142568588257,-0.19781087338924408,96
individual,6,carpet,19,1050,0.1861293613910675,0.18655931949615479,-1.241687536239624,0.09075623750686646,-26.007747650146484,-7.0,7.0,0.6368303298950195,0.5230773091316223,0.34017589688301086,-0.18814437091350555,97
individual,6,carpet,20,1050,0.09680642932653427,0.09385571628808975,-1.2545404434204102,0.0906655341386795,-25.140893936157227,-7.0,7.0,0.8357421159744263,0.36035728454589844,0.3240726590156555,-0.18154935538768768,98
individual,6,carpet,21,1050,0.06962382793426514,0.06793927401304245,-1.2713916301727295,0.09057492017745972,-26.79642105102539,-7.0,7.0,0.733538806438446,0.437215656042099,0.3128465712070465,-0.17929169535636902,99
individual,6,carpet,22,1050,0.13254401087760925,0.13311047852039337,-1.3700863122940063,0.09048439562320709,-25.38905906677246,-7.0,7.0,0.7834419012069702,0.41971689462661743,0.3147994577884674,-0.1856182962656021,100
individual,6,carpet,23,1050,0.14161796867847443,0.1402365267276764,-1.3163878917694092,0.09039396047592163,-25.57876205444336,-7.0,7.0,0.7374270558357239,0.5707880854606628,0.32067492604255676,-0.19537769258022308,101
individual,6,carpet,24,1050,0.10523641109466553,0.099223792552948,-1.3732421398162842,0.09030362218618393,-24.457027435302734,-7.0,7.0,0.695365309715271,0.46865954995155334,0.33361050486564636,-0.21152612566947937,102
individual,6,carpet,25,1050,0.13701759278774261,0.1328454315662384,-1.3730709552764893,0.0902133658528328,-24.449031829833984,-7.0,7.0,0.8983888030052185,0.4042328894138336,0.33800140023231506,-0.2237645536661148,103
individual,6,carpet,26,1050,0.07730219513177872,0.07659190148115158,-1.3671473264694214,0.09012320637702942,-24.00527572631836,-7.0,7.0,0.8493315577507019,0.3345451354980469,0.34329384565353394,-0.23266665637493134,104
individual,6,carpet,27,1050,0.10954936593770981,0.11569177359342575,-1.323723554611206,0.0900331363081932,-24.37532615661621,-7.0,7.0,0.6696712374687195,0.5022419095039368,0.34151920676231384,-0.23563452064990997,105
individual,6,carpet,28,1050,0.1413961797952652,0.1405773013830185,-1.308703899383545,0.08994315564632416,-25.577478408813477,-7.0,7.0,0.8735261559486389,0.4401192367076874,0.33281904458999634,-0.23355431854724884,106
individual,6,carpet,29,1050,0.11517641693353653,0.10827724635601044,-1.2417222261428833,0.08985326439142227,-24.415258407592773,-7.0,7.0,0.8021245002746582,0.4471394121646881,0.3262979984283447,-0.23098233342170715,107
individual,6,carpet,30,1050,0.1092083752155304,0.11217045038938522,-1.2564833164215088,0.08976346254348755,-23.729110717773438,-7.0,7.0,0.856015145778656,0.5011120438575745,0.3158424198627472,-0.22517816722393036,108
individual,6,carpet,31,1050,0.09520752727985382,0.09646076709032059,-1.3068078756332397,0.08967375010251999,-24.01210594177246,-7.0,7.0,0.7888363003730774,0.40655577182769775,0.2923891246318817,-0.2106136530637741,109
individual,6,carpet,32,1050,0.05930335074663162,0.06354260444641113,-1.3299883604049683,0.08958412706851959,-25.10765266418457,-7.0,7.0,0.8386064171791077,0.2996191084384918,0.26768845319747925,-0.19317851960659027,110
individual,6,carpet,33,1050,0.129839226603508,0.1335763782262802,-1.3756325244903564,0.08949459344148636,-26.22377586364746,-7.0,7.0,0.8482734560966492,0.40428000688552856,0.25309866666793823,-0.17810781300067902,111
individual,6,carpet,34,1050,0.08527854084968567,0.08941937983036041,-1.3534257411956787,0.08940514922142029,-26.398958206176758,-7.0,7.0,0.7204613089561462,0.4529343843460083,0.2501732409000397,-0.17189885675907135,112
individual,6,carpet,35,1050,0.10103173553943634,0.10613763332366943,-1.366445779800415,0.08931579440832138,-25.418684005737305,-7.0,7.0,0.7312639951705933,0.5051918029785156,0.24892374873161316,-0.16654817759990692,113
individual,6,carpet,36,1050,0.11684412509202957,0.11667998880147934,-1.3758903741836548,0.08922652900218964,-25.842878341674805,-7.0,7.0,0.7737796306610107,0.48272597789764404,0.24985425174236298,-0.1620636284351349,114
individual,6,carpet,37,1050,0.06643374264240265,0.07255779206752777,-1.3532603979110718,0.08913735300302505,-26.487546920776367,-7.0,7.0,0.8882542252540588,0.46829062700271606,0.25354593992233276,-0.1604938954114914,115
individual,6,carpet,38,1050,0.08435486257076263,0.08932775259017944,-1.4309237003326416,0.08904826641082764,-25.745376586914062,-7.0,7.0,0.7282312512397766,0.4618701934814453,0.26892223954200745,-0.1656043529510498,116
individual,6,carpet,39,1050,0.06413345783948898,0.06875311583280563,-1.4066327810287476,0.08895926922559738,-25.28706932067871,-7.0,7.0,0.7308942079544067,0.4997004270553589,0.28297626972198486,-0.16875424981117249,117
individual,6,carpet,40,1050,0.0742446556687355,0.07409416139125824,-1.3796274662017822,0.08887036144733429,-24.916805267333984,-7.0,7.0,0.6817189455032349,0.4839699864387512,0.2946215271949768,-0.17250768840312958,118
individual,6,carpet,41,1050,0.11920749396085739,0.12390021979808807,-1.3587826490402222,0.08878154307603836,-24.728342056274414,-7.0,7.0,0.6956167817115784,0.5056901574134827,0.30080708861351013,-0.17241373658180237,119
individual,6,carpet,42,1050,0.08649556338787079,0.08525154739618301,-1.3140307664871216,0.0886928141117096,-23.96927261352539,-7.0,7.0,0.5296930074691772,0.5145551562309265,0.3141593933105469,-0.17786292731761932,120
individual,6,carpet,43,1050,0.10549367219209671,0.10476291179656982,-1.2744535207748413,0.0886041671037674,-25.116783142089844,-7.0,7.0,0.8192122578620911,0.43580999970436096,0.30485543608665466,-0.172277569770813,121
individual,6,carpet,44,1050,0.0906752347946167,0.09304098039865494,-1.247105360031128,0.08851561695337296,-24.837980270385742,-7.0,7.0,0.7178351283073425,0.3982354700565338,0.29685238003730774,-0.16886578500270844,122
individual,6,carpet,45,1050,0.07257173955440521,0.07928891479969025,-1.2739633321762085,0.08842714875936508,-25.53984260559082,-7.0,7.0,0.709791898727417,0.456630140542984,0.29163894057273865,-0.16606256365776062,123
individual,6,carpet,46,1050,0.06834990531206131,0.07444838434457779,-1.2920928001403809,0.08833877742290497,-25.244754791259766,-7.0,7.0,0.7340322732925415,0.47823527455329895,0.2856294512748718,-0.1581200659275055,124
individual,6,carpet,47,1050,0.07871633768081665,0.08393038064241409,-1.3129041194915771,0.08825048804283142,-25.902278900146484,-7.0,7.0,0.6952903270721436,0.5691882371902466,0.28125500679016113,-0.1520744115114212,125
individual,6,carpet,48,1050,0.09464739263057709,0.0955614522099495,-1.4018241167068481,0.08816228806972504,-26.04873275756836,-7.0,7.0,0.8690245747566223,0.5059570074081421,0.2855663597583771,-0.15220776200294495,126
individual,6,carpet,49,1050,0.0629766508936882,0.06428994983434677,-1.3946055173873901,0.08807417750358582,-24.513736724853516,-7.0,7.0,0.9666200876235962,0.3307184875011444,0.30027127265930176,-0.15962670743465424,127
individual,6,carpet,50,1050,0.07396409660577774,0.08365220576524734,-1.4571270942687988,0.08798614889383316,-25.312679290771484,-7.0,7.0,0.7633288502693176,0.45371055603027344,0.3010388910770416,-0.15901462733745575,128
population,6,carpet,1,1050,0.13704323768615723,0.14289557933807373,-1.3889894485473633,0.09240452200174332,-24.588851928710938,-7.0,7.0,0.6989803314208984,0.41834312677383423,0.2758510112762451,-0.16062311828136444,79
population,6,carpet,2,1050,0.16771835088729858,0.1681756228208542,-1.287091851234436,0.09231216460466385,-23.780818939208984,-7.0,7.0,0.5584973096847534,0.554247260093689,0.26901212334632874,-0.16033877432346344,80
population,6,carpet,3,1050,0.12375185638666153,0.12674683332443237,-1.2743891477584839,0.09221990406513214,-25.225772857666016,-7.0,7.0,0.6299868822097778,0.4457882046699524,0.25192543864250183,-0.15480482578277588,81
population,6,carpet,4,1050,0.1350443810224533,0.13995769619941711,-1.2248107194900513,0.0921277403831482,-25.091331481933594,-7.0,7.0,0.6508562564849854,0.4794398844242096,0.249063640832901,-0.15860076248645782,82
population,6,carpet,5,1050,0.12441747635602951,0.1260971873998642,-1.1569206714630127,0.09203566610813141,-25.04427146911621,-7.0,7.0,0.6967695355415344,0.45972028374671936,0.2541399598121643,-0.16371743381023407,83
population,6,carpet,6,1050,0.13569778203964233,0.13198183476924896,-1.1469218730926514,0.09194368124008179,-24.39664649963379,-7.0,7.0,0.717540442943573,0.47992122173309326,0.2568974196910858,-0.16735641658306122,84
population,6,carpet,7,1050,0.15679611265659332,0.15490104258060455,-1.1248570680618286,0.09185179322957993,-25.627777099609375,-7.0,7.0,0.8189391493797302,0.41481122374534607,0.2463725358247757,-0.16093853116035461,85
population,6,carpet,8,1050,0.13603931665420532,0.13447651267051697,-1.156308889389038,0.09175999462604523,-25.138853073120117,-7.0,7.0,0.5285657644271851,0.47335848212242126,0.2495190054178238,-0.1616893857717514,86
population,6,carpet,9,1050,0.17026422917842865,0.17428791522979736,-1.1998111009597778,0.09166828542947769,-25.425430297851562,-7.0,7.0,0.703191339969635,0.4894309937953949,0.24660389125347137,-0.15974484384059906,87
population,6,carpet,10,1050,0.11324962973594666,0.1143077164888382,-1.1702316999435425,0.09157666563987732,-25.815975189208984,-7.0,7.0,0.7335475087165833,0.38654088973999023,0.2590028643608093,-0.16760468482971191,88
population,6,carpet,11,1050,0.11843831837177277,0.11949519068002701,-1.1644368171691895,0.09148514270782471,-25.219036102294922,-7.0,7.0,0.6104580163955688,0.4799495339393616,0.26679691672325134,-0.1752818077802658,89
population,6,carpet,12,1050,0.12293659150600433,0.12544314563274384,-1.2222379446029663,0.09139370918273926,-24.953157424926758,-7.0,7.0,0.7991323471069336,0.4208032488822937,0.27399590611457825,-0.18068194389343262,90
population,6,carpet,13,1050,0.1616041660308838,0.1684197187423706,-1.2612847089767456,0.09130237251520157,-24.962305068969727,-7.0,7.0,0.7791112661361694,0.4520178735256195,0.278399258852005,-0.18408730626106262,91
population,6,carpet,14,1050,0.11565251648426056,0.11974871158599854,-1.249479055404663,0.09121111780405045,-24.237838745117188,-7.0,7.0,0.6563793420791626,0.41429075598716736,0.28085458278656006,-0.18681302666664124,92
population,6,carpet,15,1050,0.09174525737762451,0.09334954619407654,-1.2707030773162842,0.09111995995044708,-24.1654052734375,-7.0,7.0,0.7312137484550476,0.40708470344543457,0.2745596468448639,-0.18303468823432922,93
population,6,carpet,16,1050,0.10479625314474106,0.10245323926210403,-1.2305957078933716,0.09102889150381088,-26.00702667236328,-7.0,7.0,0.7659680247306824,0.45597657561302185,0.25986555218696594,-0.17416901886463165,94
population,6,carpet,17,1050,0.07946616411209106,0.07921839505434036,-1.2593291997909546,0.09093791991472244,-25.438886642456055,-7.0,7.0,0.6274470686912537,0.5091941952705383,0.2567537724971771,-0.16989564895629883,95
population,6,carpet,18,1050,0.1509089171886444,0.15401923656463623,-1.2486867904663086,0.09084703028202057,-25.423995971679688,-7.0,7.0,0.8545634746551514,0.5092199444770813,0.26235267519950867,-0.1702466905117035,96
population,6,carpet,19,1050,0.09851163625717163,0.10321162641048431,-1.284963846206665,0.09075623750686646,-26.282075881958008,-7.0,7.0,0.9391543865203857,0.3488846719264984,0.2642677426338196,-0.16699901223182678,97
population,6,carpet,20,1050,0.12526051700115204,0.1302652657032013,-1.3050494194030762,0.0906655341386795,-25.640066146850586,-7.0,7.0,0.6645619869232178,0.5386162400245667,0.27999788522720337,-0.17288245260715485,98
population,6,carpet,21,1050,0.09018091857433319,0.09594576805830002,-1.3437860012054443,0.09057492017745972,-24.163951873779297,-7.0,7.0,0.7943813800811768,0.42236223816871643,0.3000808358192444,-0.1835700124502182,99
population,6,carpet,22,1050,0.10190257430076599,0.10454120486974716,-1.3910104036331177,0.09048439562320709,-24.90799331665039,-7.0,7.0,0.9013582468032837,0.36523881554603577,0.30524778366088867,-0.18545196950435638,100
population,6,carpet,23,1050,0.0667577013373375,0.06940194964408875,-1.360934853553772,0.09039396047592163,-24.78809928894043,-7.0,7.0,0.7119750380516052,0.36041882634162903,0.3123767375946045,-0.1895468682050705,101
population,6,carpet,24,1050,0.10588762909173965,0.10953079164028168,-1.3332808017730713,0.09030362218618393,-25.245872497558594,-7.0,7.0,0.5862647294998169,0.5200415849685669,0.3159286677837372,-0.19302502274513245,102
population,6,carpet,25,1050,0.15378469228744507,0.15882819890975952,-1.3259236812591553,0.0902133658528328,-25.080245971679688,-7.0,7.0,0.6604700088500977,0.537675678730011,0.3163466453552246,-0.19300566613674164,103
population,6,carpet,26,1050,0.09362049400806427,0.10052398592233658,-1.2988792657852173,0.09012320637702942,-25.141963958740234,-7.0,7.0,0.7645832896232605,0.43721336126327515,0.32886531949043274,-0.19757771492004395,104
population,6,carpet,27,1050,0.11752866953611374,0.12056772410869598,-1.2573885917663574,0.0900331363081932,-25.069677352905273,-7.0,7.0,0.7113605737686157,0.5223726630210876,0.33391764760017395,-0.19514720141887665,105
population,6,carpet,28,1050,0.11361832171678543,0.12085462361574173,-1.19098961353302,0.08994315564632416,-24.954830169677734,-7.0,7.0,0.6182663440704346,0.5259016752243042,0.3396431803703308,-0.19307659566402435,106
population,6,carpet,29,1050,0.12968139350414276,0.13050222396850586,-1.1904692649841309,0.08985326439142227,-24.65012550354004,-7.0,7.0,0.7361739277839661,0.46604570746421814,0.33247846364974976,-0.18564431369304657,107
population,6,carpet,30,1050,0.0995083600282669,0.10341525077819824,-1.246833324432373,0.08976346254348755,-24.84102439880371,-7.0,7.0,0.7613117098808289,0.43072909116744995,0.32390084862709045,-0.1798819750547409,108
population,6,carpet,31,1050,0.07500278949737549,0.0799354761838913,-1.2778759002685547,0.08967375010251999,-25.53933334350586,-7.0,7.0,0.772226095199585,0.41577357053756714,0.30866914987564087,-0.1720275729894638,109
population,6,carpet,32,1050,0.0765773206949234,0.08249577134847641,-1.3197541236877441,0.08958412706851959,-26.706039428710938,-7.0,7.0,0.8056755661964417,0.5041748881340027,0.30122730135917664,-0.16738101840019226,110
population,6,carpet,33,1050,0.07046164572238922,0.07554109394550323,-1.4214540719985962,0.08949459344148636,-25.308080673217773,-7.0,7.0,0.7230181097984314,0.49285903573036194,0.31470054388046265,-0.17630231380462646,111
population,6,carpet,34,1050,0.128904789686203,0.1265867054462433,-1.435721516609192,0.08940514922142029,-24.826520919799805,-7.0,7.0,0.7254971265792847,0.3408181667327881,0.3293231427669525,-0.18702301383018494,112
population,6,carpet,35,1050,0.10194285959005356,0.11023364216089249,-1.4167795181274414,0.08931579440832138,-24.83258056640625,-7.0,7.0,0.8182116150856018,0.5480239391326904,0.3528243601322174,-0.20325633883476257,113
population,6,carpet,36,1050,0.08496047556400299,0.09187940508127213,-1.4181299209594727,0.08922652900218964,-23.917097091674805,-7.0,7.0,0.7221313714981079,0.545640230178833,0.3796086013317108,-0.22226466238498688,114
population,6,carpet,37,1050,0.11079960316419601,0.1145029217004776,-1.3783581256866455,0.08913735300302505,-24.43182373046875,-7.0,7.0,0.8565993309020996,0.4389573931694031,0.3885457217693329,-0.2302841693162918,115
population,6,carpet,38,1050,0.13205976784229279,0.13302230834960938,-1.3829691410064697,0.08904826641082764,-22.411968231201172,-7.0,7.0,0.8416023254394531,0.4882883131504059,0.399129182100296,-0.2358449548482895,116
population,6,carpet,39,1050,0.08177858591079712,0.08750119805335999,-1.3501269817352295,0.08895926922559738,-23.646432876586914,-7.0,7.0,0.863429069519043,0.42960214614868164,0.3761008679866791,-0.2218269407749176,117
population,6,carpet,40,1050,0.05185377597808838,0.05895797163248062,-1.3691606521606445,0.08887036144733429,-24.64565086364746,-7.0,7.0,0.6728377938270569,0.3902139663696289,0.34459421038627625,-0.20517997443675995,118
population,6,carpet,41,1050,0.10368775576353073,0.10995769500732422,-1.3837966918945312,0.08878154307603836,-25.294153213500977,-7.0,7.0,0.7999016642570496,0.43045052886009216,0.32247599959373474,-0.19309628009796143,119
population,6,carpet,42,1050,0.11680296063423157,0.12265685945749283,-1.350502610206604,0.0886928141117096,-25.256959915161133,-7.0,7.0,0.7763758897781372,0.49446818232536316,0.3105108141899109,-0.18615882098674774,120
population,6,carpet,43,1050,0.05998654663562775,0.06597625464200974,-1.3209421634674072,0.0886041671037674,-24.664648056030273,-7.0,7.0,0.7806104421615601,0.4090079665184021,0.3134256899356842,-0.1879814863204956,121
population,6,carpet,44,1050,0.1400432288646698,0.14994007349014282,-1.3656669855117798,0.08851561695337296,-25.780391693115234,-7.0,7.0,0.8483089208602905,0.5595718026161194,0.3209178149700165,-0.1918191760778427,122
population,6,carpet,45,1050,0.10259567946195602,0.11220204085111618,-1.3507578372955322,0.08842714875936508,-25.036212921142578,-7.0,7.0,0.7274230718612671,0.4418669641017914,0.3258892893791199,-0.19314932823181152,123
population,6,carpet,46,1050,0.09514476358890533,0.09938269108533859,-1.3937615156173706,0.08833877742290497,-25.209915161132812,-7.0,7.0,0.7729781866073608,0.46033990383148193,0.3455963730812073,-0.2038709819316864,124
population,6,carpet,47,1050,0.04033300280570984,0.04773998633027077,-1.3920096158981323,0.08825048804283142,-25.077072143554688,-7.0,7.0,0.6694737672805786,0.4562288522720337,0.35543093085289,-0.20791320502758026,125
population,6,carpet,48,1050,0.07353543490171432,0.08443513512611389,-1.3778148889541626,0.08816228806972504,-23.662368774414062,-7.0,7.0,0.6871574521064758,0.5225744843482971,0.37758299708366394,-0.2151196151971817,126
population,6,carpet,49,1050,0.09145629405975342,0.10442052036523819,-1.3952000141143799,0.08807417750358582,-23.975358963012695,-7.0,7.0,0.7431263327598572,0.4859916567802429,0.37153762578964233,-0.20567858219146729,127
population,6,carpet,50,1050,0.08542397618293762,0.0918675884604454,-1.368240475654602,0.08798614889383316,-23.93989372253418,-7.0,7.0,0.9034215807914734,0.4456368088722229,0.35646793246269226,-0.1924366056919098,128
individual,7,carpet,1,1225,0.10464684665203094,0.09666083753108978,-1.4384832382202148,0.08789821714162827,-24.693845748901367,-7.0,7.0,0.8685787916183472,0.44277915358543396,0.31031155586242676,-0.16273470222949982,129
individual,7,carpet,2,1225,0.06979092955589294,0.07790733128786087,-1.4176207780838013,0.08781036734580994,-26.51997947692871,-7.0,7.0,0.8484971523284912,0.48532983660697937,0.305592805147171,-0.16031762957572937,130
individual,7,carpet,3,1225,0.05928187444806099,0.07061869651079178,-1.4498240947723389,0.08772260695695877,-25.42388916015625,-7.0,7.0,0.9087382555007935,0.44565901160240173,0.3106963634490967,-0.16375623643398285,131
individual,7,carpet,4,1225,0.07495720684528351,0.07769174873828888,-1.465716004371643,0.08763493597507477,-26.04581642150879,-7.0,7.0,0.9198858141899109,0.4393731653690338,0.3240599036216736,-0.17399750649929047,132
individual,7,carpet,5,1225,0.0904197096824646,0.0892772525548935,-1.4021176099777222,0.08754734694957733,-24.997455596923828,-7.0,7.0,0.9952187538146973,0.2934400141239166,0.32739880681037903,-0.1782350093126297,133
individual,7,carpet,6,1225,0.05331434682011604,0.05727006122469902,-1.3192884922027588,0.08745985478162766,-24.262557983398438,-7.0,7.0,0.9247583150863647,0.33151763677597046,0.32832881808280945,-0.1814129501581192,134
individual,7,carpet,7,1225,0.08830580115318298,0.10613972693681717,-1.3161481618881226,0.08737244457006454,-25.64204216003418,-7.0,7.0,0.8979960680007935,0.3431858718395233,0.32416433095932007,-0.18143047392368317,135
individual,7,carpet,8,1225,0.06008433550596237,0.06726491451263428,-1.3101087808609009,0.0872851237654686,-25.376384735107422,-7.0,7.0,0.841080904006958,0.5105035901069641,0.3138589859008789,-0.17819829285144806,136
individual,7,carpet,9,1225,0.0666462853550911,0.072389155626297,-1.3965312242507935,0.08719788491725922,-24.80209732055664,-7.0,7.0,0.8315467238426208,0.5059744119644165,0.3013860881328583,-0.1727462112903595,137
individual,7,carpet,10,1225,0.10802671313285828,0.10863842070102692,-1.4230867624282837,0.087110735476017,-25.68062400817871,-7.0,7.0,0.9261425733566284,0.5801120400428772,0.2772110104560852,-0.16082771122455597,138
individual,7,carpet,11,1225,0.12307783961296082,0.12953698635101318,-1.5238032341003418,0.08702367544174194,-26.388919830322266,-7.0,7.0,0.8131116628646851,0.5700666308403015,0.26342281699180603,-0.1540488451719284,139
individual,7,carpet,12,1225,0.0876094177365303,0.10054701566696167,-1.6367183923721313,0.08693670481443405,-25.84164047241211,-7.0,7.0,0.9886705875396729,0.3609839379787445,0.2662622332572937,-0.15529820322990417,140
individual,7,carpet,13,1225,0.07323584705591202,0.0704331174492836,-1.6394925117492676,0.08684981614351273,-26.506771087646484,-7.0,7.0,0.9421114325523376,0.3755893409252167,0.26677197217941284,-0.1544179916381836,141
individual,7,carpet,14,1225,0.058954622596502304,0.05977337807416916,-1.5161831378936768,0.08676301687955856,-26.351696014404297,-7.0,7.0,0.8027163147926331,0.41413840651512146,0.28927376866340637,-0.16613785922527313,142
individual,7,carpet,15,1225,0.07370907068252563,0.08668539673089981,-1.4441709518432617,0.08667629957199097,-25.387252807617188,-7.0,7.0,0.9966393709182739,0.49020373821258545,0.2981421649456024,-0.17014995217323303,143
individual,7,carpet,16,1225,0.08480077236890793,0.08341175317764282,-1.3105931282043457,0.08658967912197113,-25.09220314025879,-7.0,7.0,0.9346582889556885,0.4075101613998413,0.30603018403053284,-0.17364370822906494,144
individual,7,carpet,17,1225,0.08062037825584412,0.08842047303915024,-1.353380560874939,0.08650313317775726,-25.11129379272461,-7.0,7.0,0.965479850769043,0.44913533329963684,0.32439690828323364,-0.183563232421875,145
individual,7,carpet,18,1225,0.060899797827005386,0.061984430998563766,-1.327378511428833,0.08641668409109116,-24.79188346862793,-7.0,7.0,0.943194568157196,0.42314332723617554,0.31438881158828735,-0.17840786278247833,146
individual,7,carpet,19,1225,0.08460480719804764,0.09214048832654953,-1.4527276754379272,0.08633031696081161,-25.927827835083008,-7.0,7.0,1.0617098808288574,0.4625382423400879,0.31720808148384094,-0.18137848377227783,147
individual,7,carpet,20,1225,0.07637915015220642,0.08798199892044067,-1.5674405097961426,0.08624403178691864,-25.204374313354492,-7.0,7.0,1.008072018623352,0.41188156604766846,0.303571492433548,-0.17534886300563812,148
individual,7,carpet,21,1225,0.10077980905771255,0.10246020555496216,-1.7154417037963867,0.08615783601999283,-25.7569637298584,-7.0,7.0,1.0140836238861084,0.413508802652359,0.3020174503326416,-0.17465056478977203,149
individual,7,carpet,22,1225,0.09950858354568481,0.09153823554515839,-1.7397098541259766,0.08607172966003418,-26.377971649169922,-7.0,7.0,1.011692762374878,0.4773924648761749,0.29031237959861755,-0.16777609288692474,150
individual,7,carpet,23,1225,0.0455753430724144,0.0526447631418705,-1.6005686521530151,0.0859857052564621,-25.978593826293945,-7.0,7.0,0.9708697199821472,0.4735957980155945,0.2882421910762787,-0.16525651514530182,151
individual,7,carpet,24,1225,0.08537178486585617,0.08832445740699768,-1.5400824546813965,0.08589977025985718,-25.968996047973633,-7.0,7.0,1.0034146308898926,0.466034859418869,0.28600382804870605,-0.16298863291740417,152
individual,7,carpet,25,1225,0.07327662408351898,0.07578425109386444,-1.32306706905365,0.08581392467021942,-25.50516700744629,-7.0,7.0,0.8457095623016357,0.49327149987220764,0.2944886386394501,-0.1664503812789917,153
individual,7,carpet,26,1225,0.0664413645863533,0.06578965485095978,-1.3615962266921997,0.08572815358638763,-26.32002067565918,-7.0,7.0,1.0919084548950195,0.37904492020606995,0.27966949343681335,-0.15848343074321747,154
individual,7,carpet,27,1225,0.07250931113958359,0.07050752639770508,-1.4143648147583008,0.08564247936010361,-26.822568893432617,-7.0,7.0,0.9739689230918884,0.47231748700141907,0.28623801469802856,-0.16250738501548767,155
individual,7,carpet,28,1225,0.058569230139255524,0.06449408829212189,-1.454251766204834,0.08555688709020615,-26.36014747619629,-7.0,7.0,0.9228978157043457,0.4479149580001831,0.294382244348526,-0.16708479821681976,156
individual,7,carpet,29,1225,0.04517840966582298,0.05024045705795288,-1.5625452995300293,0.08547137677669525,-25.02623748779297,-7.0,7.0,1.048102617263794,0.4592888653278351,0.28886517882347107,-0.16462789475917816,157
individual,7,carpet,30,1225,0.04729251191020012,0.0531301349401474,-1.6020371913909912,0.08538595587015152,-26.494064331054688,-7.0,7.0,1.0054506063461304,0.459081768989563,0.29295411705970764,-0.1687973588705063,158
individual,7,carpet,31,1225,0.0693872720003128,0.0747440829873085,-1.6307735443115234,0.08530061691999435,-25.640911102294922,-7.0,7.0,0.9315070509910583,0.38121655583381653,0.30530643463134766,-0.1754113882780075,159
individual,7,carpet,32,1225,0.05249975994229317,0.05181189626455307,-1.629830241203308,0.08521536737680435,-26.33696937561035,-7.0,7.0,0.998232901096344,0.41636258363723755,0.31162017583847046,-0.1770702302455902,160
individual,7,carpet,33,1225,0.04753736034035683,0.05284512788057327,-1.5188956260681152,0.08513019979000092,-25.810575485229492,-7.0,7.0,1.0385494232177734,0.3721855580806732,0.3112407624721527,-0.17566271126270294,161
individual,7,carpet,34,1225,0.04657161608338356,0.049246229231357574,-1.5032877922058105,0.08504511415958405,-25.990631103515625,-7.0,7.0,1.0837525129318237,0.4260962903499603,0.3231213390827179,-0.18060660362243652,162
individual,7,carpet,35,1225,0.09642115235328674,0.09962943941354752,-1.4584810733795166,0.08496011793613434,-25.533536911010742,-7.0,7.0,0.8023812770843506,0.580233633518219,0.32452812790870667,-0.18024075031280518,163
individual,7,carpet,36,1225,0.04654994606971741,0.05310135334730148,-1.3867590427398682,0.0848752111196518,-25.858535766601562,-7.0,7.0,0.8953614234924316,0.5112207531929016,0.3241373896598816,-0.17842841148376465,164
individual,7,carpet,37,1225,0.040776610374450684,0.0461883470416069,-1.4437954425811768,0.08479037880897522,-25.423236846923828,-7.0,7.0,0.9812238216400146,0.5184569954872131,0.3153717517852783,-0.1750611960887909,165
individual,7,carpet,38,1225,0.07927174121141434,0.07684705406427383,-1.5154147148132324,0.0847056433558464,-25.240171432495117,-7.0,7.0,1.0772327184677124,0.4334363639354706,0.30436497926712036,-0.17063654959201813,166
individual,7,carpet,39,1225,0.0469692125916481,0.0504697747528553,-1.5962685346603394,0.08462098240852356,-26.011281967163086,-7.0,7.0,0.9277747273445129,0.5046857595443726,0.2922036945819855,-0.1652681678533554,167
individual,7,carpet,40,1225,0.05026920512318611,0.05729042366147041,-1.6323885917663574,0.08453641086816788,-26.270633697509766,-7.0,7.0,0.9652853012084961,0.4562971889972687,0.2763541638851166,-0.15459676086902618,168
individual,7,carpet,41,1225,0.03955618292093277,0.03629196807742119,-1.7614355087280273,0.08445192128419876,-26.740568161010742,-7.0,7.0,1.028796672821045,0.5510477423667908,0.260616272687912,-0.14418360590934753,169
individual,7,carpet,42,1225,0.05707741901278496,0.057527683675289154,-1.694012999534607,0.08436752110719681,-27.54800033569336,-7.0,7.0,1.02265202999115,0.45611900091171265,0.2724510729312897,-0.1486920416355133,170
individual,7,carpet,43,1225,0.05184588581323624,0.05807458981871605,-1.6836868524551392,0.08428320288658142,-26.32122039794922,-7.0,7.0,1.1577987670898438,0.34365248680114746,0.2790772616863251,-0.15146557986736298,171
individual,7,carpet,44,1225,0.030267225578427315,0.031812578439712524,-1.6152044534683228,0.0841989666223526,-25.455265045166016,-7.0,7.0,1.0272082090377808,0.47306203842163086,0.3056051731109619,-0.1653483808040619,172
individual,7,carpet,45,1225,0.045145951211452484,0.0443158783018589,-1.608364224433899,0.08411481231451035,-25.374156951904297,-7.0,7.0,1.1223605871200562,0.38062524795532227,0.3229105472564697,-0.17520193755626678,173
individual,7,carpet,46,1225,0.05667390301823616,0.057398032397031784,-1.5684417486190796,0.08403074741363525,-25.28453826904297,-7.0,7.0,1.1532399654388428,0.4292645752429962,0.3220732808113098,-0.1748369187116623,174
individual,7,carpet,47,1225,0.054476719349622726,0.056533221155405045,-1.5983679294586182,0.08394676446914673,-25.620655059814453,-7.0,7.0,1.169753909111023,0.3608051538467407,0.3013198673725128,-0.16554054617881775,175
individual,7,carpet,48,1225,0.05906887724995613,0.06289204955101013,-1.699893832206726,0.08386286348104477,-24.473270416259766,-7.0,7.0,1.1525650024414062,0.45241498947143555,0.3136653006076813,-0.17416654527187347,176
individual,7,carpet,49,1225,0.07707355171442032,0.08076721429824829,-1.7007206678390503,0.08377905189990997,-26.72768783569336,-7.0,7.0,1.070587396621704,0.33841606974601746,0.2825532853603363,-0.15897713601589203,177
individual,7,carpet,50,1225,0.11689170449972153,0.10470101237297058,-1.736360788345337,0.08369532227516174,-27.257957458496094,-7.0,7.0,0.9471481442451477,0.5703448057174683,0.28908368945121765,-0.16238756477832794,178
population,7,carpet,1,1225,0.11652861535549164,0.12262697517871857,-1.3368252515792847,0.08789821714162827,-24.692378997802734,-7.0,7.0,0.8090802431106567,0.5089616179466248,0.32430499792099,-0.16960649192333221,129
population,7,carpet,2,1225,0.10535647720098495,0.10742335766553879,-1.424269437789917,0.08781036734580994,-25.565933227539062,-7.0,7.0,0.7621768116950989,0.560791015625,0.3039575517177582,-0.15425321459770203,130
population,7,carpet,3,1225,0.09530606120824814,0.10524040460586548,-1.3925665616989136,0.08772260695695877,-26.384580612182617,-7.0,7.0,0.7898154854774475,0.48921340703964233,0.28097766637802124,-0.13951905071735382,131
population,7,carpet,4,1225,0.06632401794195175,0.06866920739412308,-1.4066766500473022,0.08763493597507477,-26.380481719970703,-7.0,7.0,0.8708585500717163,0.4856126606464386,0.2819724380970001,-0.13727058470249176,132
population,7,carpet,5,1225,0.0851086676120758,0.09703093767166138,-1.4032634496688843,0.08754734694957733,-26.536609649658203,-7.0,7.0,0.9413127303123474,0.5341562628746033,0.29382434487342834,-0.14034788310527802,133
population,7,carpet,6,1225,0.08169620484113693,0.089837945997715,-1.4590301513671875,0.08745985478162766,-25.069421768188477,-7.0,7.0,0.8690285682678223,0.4590200185775757,0.3197031319141388,-0.14971289038658142,134
population,7,carpet,7,1225,0.0579262301325798,0.0631263330578804,-1.4721304178237915,0.08737244457006454,-25.273094177246094,-7.0,7.0,0.993660569190979,0.3160838186740875,0.3460884988307953,-0.1609489768743515,135
population,7,carpet,8,1225,0.05530111864209175,0.05893993005156517,-1.480518102645874,0.0872851237654686,-23.809600830078125,-7.0,7.0,0.9622724056243896,0.4621514678001404,0.3770529627799988,-0.17322801053524017,136
population,7,carpet,9,1225,0.11307334899902344,0.12318568676710129,-1.4767062664031982,0.08719788491725922,-24.399438858032227,-7.0,7.0,0.7338792085647583,0.53408282995224,0.3858068287372589,-0.17661643028259277,137
population,7,carpet,10,1225,0.06982474029064178,0.07899051159620285,-1.3896090984344482,0.087110735476017,-23.999019622802734,-7.0,7.0,0.8089646100997925,0.5012383460998535,0.38588574528694153,-0.17872931063175201,138
population,7,carpet,11,1225,0.10164139419794083,0.1064004898071289,-1.3797791004180908,0.08702367544174194,-24.333221435546875,-7.0,7.0,0.9818711280822754,0.43755167722702026,0.37205734848976135,-0.17340482771396637,139
population,7,carpet,12,1225,0.05950108543038368,0.06339878588914871,-1.4244327545166016,0.08693670481443405,-24.783620834350586,-7.0,7.0,0.8489238619804382,0.5115825533866882,0.363939106464386,-0.16980913281440735,140
population,7,carpet,13,1225,0.07605932652950287,0.08057484030723572,-1.4449806213378906,0.08684981614351273,-25.3233699798584,-7.0,7.0,0.9049898386001587,0.4178611934185028,0.32882022857666016,-0.15539096295833588,141
population,7,carpet,14,1225,0.11148247122764587,0.11147083342075348,-1.5981299877166748,0.08676301687955856,-24.721181869506836,-7.0,7.0,0.8676736950874329,0.4961797595024109,0.32549095153808594,-0.15558505058288574,142
population,7,carpet,15,1225,0.10228978097438812,0.09867703914642334,-1.5661883354187012,0.08667629957199097,-25.097248077392578,-7.0,7.0,0.8766310214996338,0.5636315941810608,0.2985922396183014,-0.14565305411815643,143
population,7,carpet,16,1225,0.06756388396024704,0.07662370800971985,-1.587768316268921,0.08658967912197113,-26.893341064453125,-7.0,7.0,0.8815900087356567,0.4381529986858368,0.2700583040714264,-0.13578513264656067,144
population,7,carpet,17,1225,0.07486646622419357,0.08951718360185623,-1.5988155603408813,0.08650313317775726,-25.723499298095703,-7.0,7.0,0.8346632122993469,0.42681315541267395,0.2767198383808136,-0.1436561495065689,145
population,7,carpet,18,1225,0.0790817067027092,0.08360589295625687,-1.5643603801727295,0.08641668409109116,-25.71495819091797,-7.0,7.0,0.8472765684127808,0.5582714676856995,0.2817372679710388,-0.15203775465488434,146
population,7,carpet,19,1225,0.07180321961641312,0.07363877445459366,-1.4456889629364014,0.08633031696081161,-24.748371124267578,-7.0,7.0,0.8917925357818604,0.4490777254104614,0.28666386008262634,-0.15843258798122406,147
population,7,carpet,20,1225,0.08772457391023636,0.08740916103124619,-1.4035652875900269,0.08624403178691864,-24.58696174621582,-7.0,7.0,0.9017123579978943,0.5668630003929138,0.29363369941711426,-0.16746023297309875,148
population,7,carpet,21,1225,0.05912470817565918,0.06154709309339523,-1.4567091464996338,0.08615783601999283,-25.336843490600586,-7.0,7.0,0.9663687944412231,0.46298104524612427,0.29938265681266785,-0.17597660422325134,149
population,7,carpet,22,1225,0.06334081292152405,0.06452442705631256,-1.4804834127426147,0.08607172966003418,-24.935272216796875,-7.0,7.0,0.9475346803665161,0.3691921830177307,0.29127785563468933,-0.17765900492668152,150
population,7,carpet,23,1225,0.05885068327188492,0.06607622653245926,-1.502848505973816,0.0859857052564621,-25.349397659301758,-7.0,7.0,0.8496755957603455,0.49488306045532227,0.28686898946762085,-0.18081192672252655,151
population,7,carpet,24,1225,0.08110427856445312,0.08379369229078293,-1.499450922012329,0.08589977025985718,-24.557100296020508,-7.0,7.0,0.9202008247375488,0.43507567048072815,0.27197661995887756,-0.17583830654621124,152
population,7,carpet,25,1225,0.0613657645881176,0.06519889831542969,-1.4861805438995361,0.08581392467021942,-25.5565185546875,-7.0,7.0,0.9581291079521179,0.3900984227657318,0.26058000326156616,-0.17281676828861237,153
population,7,carpet,26,1225,0.04392179474234581,0.04818538576364517,-1.5234254598617554,0.08572815358638763,-26.084766387939453,-7.0,7.0,1.0599361658096313,0.4079943001270294,0.24147258698940277,-0.16508330404758453,154
population,7,carpet,27,1225,0.09974754601716995,0.09928343445062637,-1.495980978012085,0.08564247936010361,-26.38551139831543,-7.0,7.0,0.9516150951385498,0.4832065999507904,0.23242129385471344,-0.16272838413715363,155
population,7,carpet,28,1225,0.05917050316929817,0.05906399339437485,-1.5477197170257568,0.08555688709020615,-26.953380584716797,-7.0,7.0,1.0583109855651855,0.4566802382469177,0.21577003598213196,-0.154353067278862,156
population,7,carpet,29,1225,0.06361231952905655,0.0659681037068367,-1.5182472467422485,0.08547137677669525,-26.34210205078125,-7.0,7.0,0.9026265740394592,0.48714765906333923,0.2227255254983902,-0.16219623386859894,157
population,7,carpet,30,1225,0.03882325813174248,0.04035153612494469,-1.553189992904663,0.08538595587015152,-26.278060913085938,-7.0,7.0,0.9747427105903625,0.43679898977279663,0.22282059490680695,-0.16678206622600555,158
population,7,carpet,31,1225,0.06026672571897507,0.06907157599925995,-1.605015516281128,0.08530061691999435,-26.67529296875,-7.0,7.0,1.1230311393737793,0.45794323086738586,0.22824420034885406,-0.17333893477916718,159
population,7,carpet,32,1225,0.07475800067186356,0.07918068766593933,-1.6318310499191284,0.08521536737680435,-26.372175216674805,-7.0,7.0,1.0086979866027832,0.4788540005683899,0.2448357492685318,-0.18643999099731445,160
population,7,carpet,33,1225,0.0467866025865078,0.043629202991724014,-1.5853750705718994,0.08513019979000092,-24.973833084106445,-7.0,7.0,0.9418886303901672,0.4400414824485779,0.2512413263320923,-0.19120164215564728,161
population,7,carpet,34,1225,0.04187801107764244,0.04397866874933243,-1.55930495262146,0.08504511415958405,-24.550552368164062,-7.0,7.0,0.9990535378456116,0.5022917985916138,0.27314695715904236,-0.20566770434379578,162
population,7,carpet,35,1225,0.05904892832040787,0.05716445669531822,-1.4843515157699585,0.08496011793613434,-25.518733978271484,-7.0,7.0,1.0156627893447876,0.4588543474674225,0.265038400888443,-0.19599048793315887,163
population,7,carpet,36,1225,0.068941131234169,0.0733373612165451,-1.4859511852264404,0.0848752111196518,-25.853994369506836,-7.0,7.0,1.2159149646759033,0.3091958165168762,0.24419328570365906,-0.17736254632472992,164
population,7,carpet,37,1225,0.04258189722895622,0.04296264797449112,-1.5384680032730103,0.08479037880897522,-25.237077713012695,-7.0,7.0,1.0989370346069336,0.38832560181617737,0.2438574582338333,-0.17207321524620056,165
population,7,carpet,38,1225,0.06177337467670441,0.0644053965806961,-1.6022800207138062,0.0847056433558464,-26.160009384155273,-7.0,7.0,1.0607352256774902,0.4726109802722931,0.2321712225675583,-0.15961742401123047,166
population,7,carpet,39,1225,0.07079928368330002,0.07336504012346268,-1.646306037902832,0.08462098240852356,-26.39621353149414,-7.0,7.0,1.083975076675415,0.3778766691684723,0.22220304608345032,-0.14578299224376678,167
population,7,carpet,40,1225,0.0416506826877594,0.04668170586228371,-1.6543031930923462,0.08453641086816788,-26.92891502380371,-7.0,7.0,1.0285135507583618,0.3935752809047699,0.2199697345495224,-0.13937124609947205,168
population,7,carpet,41,1225,0.03712085261940956,0.03418184816837311,-1.618537187576294,0.08445192128419876,-26.6163387298584,-7.0,7.0,0.999565839767456,0.44674599170684814,0.22598104178905487,-0.13836516439914703,169
population,7,carpet,42,1225,0.08857360482215881,0.09829685837030411,-1.659712553024292,0.08436752110719681,-26.80476188659668,-7.0,7.0,1.104758620262146,0.5452480912208557,0.23504289984703064,-0.13913275301456451,170
population,7,carpet,43,1225,0.061152368783950806,0.05875197798013687,-1.6623362302780151,0.08428320288658142,-26.666473388671875,-7.0,7.0,1.028799295425415,0.4763663709163666,0.2446770817041397,-0.1403849571943283,171
population,7,carpet,44,1225,0.02981102280318737,0.02791105955839157,-1.6494051218032837,0.0841989666223526,-28.215524673461914,-7.0,7.0,1.1494524478912354,0.36676299571990967,0.24272336065769196,-0.1353936493396759,172
population,7,carpet,45,1225,0.04441540688276291,0.04273755103349686,-1.513286828994751,0.08411481231451035,-26.906797409057617,-7.0,7.0,1.2633743286132812,0.23234280943870544,0.24898158013820648,-0.1351589858531952,173
population,7,carpet,46,1225,0.040155552327632904,0.040918607264757156,-1.5648146867752075,0.08403074741363525,-25.698089599609375,-7.0,7.0,1.1227259635925293,0.40918174386024475,0.3012385368347168,-0.1585717350244522,174
population,7,carpet,47,1225,0.038655154407024384,0.037905965000391006,-1.5837970972061157,0.08394676446914673,-25.899288177490234,-7.0,7.0,1.1168885231018066,0.42332684993743896,0.3079647719860077,-0.15880286693572998,175
population,7,carpet,48,1225,0.08330962806940079,0.08100593090057373,-1.6853139400482178,0.08386286348104477,-25.71886444091797,-7.0,7.0,1.153383493423462,0.4092961847782135,0.3159816265106201,-0.16049300134181976,176
population,7,carpet,49,1225,0.038383595645427704,0.04221983626484871,-1.6536842584609985,0.08377905189990997,-26.245792388916016,-7.0,7.0,1.1166777610778809,0.4557849168777466,0.2936663329601288,-0.14765962958335876,177
population,7,carpet,50,1225,0.03981732204556465,0.04449770227074623,-1.6205145120620728,0.08369532227516174,-25.826820373535156,-7.0,7.0,1.0853112936019897,0.5211879014968872,0.3178011476993561,-0.15812154114246368,178
individual,8,carpet,1,1400,0.046908095479011536,0.05067643150687218,-1.6790454387664795,0.08361167460680008,-27.877962112426758,-7.0,7.0,1.3088020086288452,0.3251287043094635,0.2604491114616394,-0.14518146216869354,179
individual,8,carpet,2,1400,0.0333358570933342,0.03336695581674576,-1.6949198246002197,0.08352810889482498,-26.259654998779297,-7.0,7.0,1.314262866973877,0.3510562479496002,0.2882034182548523,-0.1574385017156601,180
individual,8,carpet,3,1400,0.04279816150665283,0.04677627235651016,-1.6840640306472778,0.08344462513923645,-26.531023025512695,-7.0,7.0,1.159853458404541,0.40710511803627014,0.2784138321876526,-0.15022587776184082,181
individual,8,carpet,4,1400,0.08167587965726852,0.08152351528406143,-1.7514002323150635,0.08336123079061508,-26.38338279724121,-7.0,7.0,1.2289695739746094,0.5581641793251038,0.30507269501686096,-0.16218601167201996,182
individual,8,carpet,5,1400,0.058920204639434814,0.06179703027009964,-1.825976014137268,0.08327791839838028,-26.03664779663086,-7.0,7.0,1.1253044605255127,0.5177199244499207,0.31324392557144165,-0.164245143532753,183
individual,8,carpet,6,1400,0.04301251098513603,0.04644249007105827,-1.80869722366333,0.08319468796253204,-26.60426139831543,-7.0,7.0,1.2747524976730347,0.43443775177001953,0.27913710474967957,-0.1465146541595459,184
individual,8,carpet,7,1400,0.03146723657846451,0.03308331221342087,-1.8162848949432373,0.08311153948307037,-26.576526641845703,-7.0,7.0,1.2131998538970947,0.4583890438079834,0.2899865508079529,-0.15104348957538605,185
individual,8,carpet,8,1400,0.09038681536912918,0.09448616951704025,-1.8480888605117798,0.08302847295999527,-26.353321075439453,-7.0,7.0,1.1946626901626587,0.5429673194885254,0.3074610233306885,-0.1583411693572998,186
individual,8,carpet,9,1400,0.05591253191232681,0.05617405101656914,-1.7024096250534058,0.08294549584388733,-25.653949737548828,-7.0,7.0,1.1589280366897583,0.48659881949424744,0.3121790587902069,-0.15966250002384186,187
individual,8,carpet,10,1400,0.03861290216445923,0.04201092943549156,-1.7008678913116455,0.08286260068416595,-26.158422470092773,-7.0,7.0,1.2319992780685425,0.45861709117889404,0.2867130935192108,-0.14739683270454407,188
individual,8,carpet,11,1400,0.03392213210463524,0.0347827672958374,-1.684071660041809,0.08277978003025055,-27.10469627380371,-7.0,7.0,1.1682796478271484,0.4356945753097534,0.24985192716121674,-0.1300053894519806,189
individual,8,carpet,12,1400,0.051141515374183655,0.046260345727205276,-1.7176297903060913,0.08269704878330231,-27.31672477722168,-7.0,7.0,1.1167733669281006,0.47290194034576416,0.2730656564235687,-0.1424536556005478,190
individual,8,carpet,13,1400,0.052838508039712906,0.05538381263613701,-1.7852716445922852,0.08261439949274063,-27.81041145324707,-7.0,7.0,1.2780441045761108,0.40760889649391174,0.2397221475839615,-0.12755821645259857,191
individual,8,carpet,14,1400,0.04593459889292717,0.0440346896648407,-1.7962470054626465,0.08253183215856552,-26.644168853759766,-7.0,7.0,1.2904682159423828,0.6017030477523804,0.2491283118724823,-0.1333947777748108,192
individual,8,carpet,15,1400,0.07790001481771469,0.07972194254398346,-1.7751027345657349,0.08244934678077698,-26.54326629638672,-7.0,7.0,1.07065749168396,0.47638460993766785,0.2775394022464752,-0.14804448187351227,193
individual,8,carpet,16,1400,0.0673031136393547,0.0705733373761177,-1.6730380058288574,0.082366943359375,-26.179851531982422,-7.0,7.0,1.171358585357666,0.5294950008392334,0.3045504689216614,-0.1622428447008133,194
individual,8,carpet,17,1400,0.044291313737630844,0.042258065193891525,-1.7219300270080566,0.08228462934494019,-27.640871047973633,-7.0,7.0,1.1585259437561035,0.5232406258583069,0.2686929404735565,-0.14533276855945587,195
individual,8,carpet,18,1400,0.05775175243616104,0.0629323273897171,-1.6685686111450195,0.08220238983631134,-27.204238891601562,-7.0,7.0,1.269295573234558,0.46166321635246277,0.3027496337890625,-0.16376744210720062,196
individual,8,carpet,19,1400,0.0399717316031456,0.039613835513591766,-1.7060861587524414,0.08212023228406906,-26.03119659423828,-7.0,7.0,1.1350151300430298,0.604628324508667,0.32329556345939636,-0.17548461258411407,197
individual,8,carpet,20,1400,0.03987772762775421,0.04310596361756325,-1.698818325996399,0.08203815668821335,-25.37478256225586,-7.0,7.0,1.2103955745697021,0.4649792015552521,0.3086564242839813,-0.1686907857656479,198
individual,8,carpet,21,1400,0.036991823464632034,0.03973457217216492,-1.8089778423309326,0.0819561704993248,-25.736248016357422,-7.0,7.0,1.1257601976394653,0.5471621155738831,0.36206525564193726,-0.19812260568141937,199
individual,8,carpet,22,1400,0.04201345145702362,0.04224981367588043,-1.8200956583023071,0.08187425881624222,-25.30861473083496,-7.0,7.0,1.300464153289795,0.432788223028183,0.2996683716773987,-0.16741077601909637,200
individual,8,carpet,23,1400,0.05556882545351982,0.05433536693453789,-1.9246965646743774,0.0817924290895462,-25.851255416870117,-7.0,7.0,1.325371503829956,0.5232834219932556,0.3095526099205017,-0.17476685345172882,201
individual,8,carpet,24,1400,0.03239971399307251,0.032637666910886765,-1.9317034482955933,0.08171068876981735,-26.678333282470703,-7.0,7.0,1.3142012357711792,0.5260778069496155,0.26294583082199097,-0.15247049927711487,202
individual,8,carpet,25,1400,0.04565047845244408,0.04326318949460983,-1.9205420017242432,0.08162902295589447,-27.63430404663086,-7.0,7.0,1.2722179889678955,0.4625544548034668,0.25620630383491516,-0.1496736854314804,203
individual,8,carpet,26,1400,0.05485503003001213,0.05611664429306984,-1.8748613595962524,0.08154743909835815,-28.514514923095703,-7.0,7.0,1.2452411651611328,0.44249027967453003,0.2559722065925598,-0.15120439231395721,204
individual,8,carpet,27,1400,0.05326041951775551,0.05692300200462341,-1.863524079322815,0.0814659371972084,-27.95313262939453,-7.0,7.0,1.4264702796936035,0.3601052165031433,0.22490108013153076,-0.1346239149570465,205
individual,8,carpet,28,1400,0.0681329146027565,0.07206021249294281,-1.7737066745758057,0.08138451725244522,-26.64059066772461,-7.0,7.0,1.2424060106277466,0.519555926322937,0.28912973403930664,-0.17077204585075378,206
individual,8,carpet,29,1400,0.03286456689238548,0.03142432123422623,-1.7672266960144043,0.0813031792640686,-25.9652099609375,-7.0,7.0,1.2060270309448242,0.5096803903579712,0.31983622908592224,-0.18872055411338806,207
individual,8,carpet,30,1400,0.04687266796827316,0.04837331548333168,-1.804439663887024,0.08122192323207855,-24.80183982849121,-7.0,7.0,1.253795862197876,0.5203642249107361,0.34770268201828003,-0.20474953949451447,208
individual,8,carpet,31,1400,0.03243409842252731,0.03692866861820221,-1.8097426891326904,0.08114074915647507,-25.808982849121094,-7.0,7.0,1.2642687559127808,0.5456790924072266,0.3200107514858246,-0.18801620602607727,209
individual,8,carpet,32,1400,0.0661327987909317,0.07114217430353165,-1.8689481019973755,0.08105965703725815,-25.923158645629883,-7.0,7.0,1.4352381229400635,0.46796154975891113,0.3061665892601013,-0.17962397634983063,210
individual,8,carpet,33,1400,0.05244846269488335,0.05207322910428047,-1.9497605562210083,0.0809786394238472,-26.97179412841797,-7.0,7.0,1.2168819904327393,0.44389766454696655,0.27091649174690247,-0.15967167913913727,211
individual,8,carpet,34,1400,0.04459863901138306,0.04739735275506973,-1.9438602924346924,0.08089771121740341,-26.121610641479492,-7.0,7.0,1.1632802486419678,0.5222334861755371,0.25317826867103577,-0.14970548450946808,212
individual,8,carpet,35,1400,0.05078685283660889,0.04569831117987633,-1.9055989980697632,0.0808168575167656,-26.980405807495117,-7.0,7.0,1.3505268096923828,0.43658697605133057,0.21933163702487946,-0.1316056102514267,213
individual,8,carpet,36,1400,0.04458320885896683,0.04303358495235443,-1.9161609411239624,0.08073608577251434,-27.99103546142578,-7.0,7.0,1.4004347324371338,0.4009473919868469,0.2017335742712021,-0.12277902662754059,214
individual,8,carpet,37,1400,0.03744334354996681,0.04179931432008743,-1.8914990425109863,0.08065539598464966,-27.619625091552734,-7.0,7.0,1.396742582321167,0.3949565589427948,0.2075442522764206,-0.12725387513637543,215
individual,8,carpet,38,1400,0.041143085807561874,0.038938164710998535,-1.6939805746078491,0.08057478815317154,-27.662647247314453,-7.0,7.0,1.1102749109268188,0.49195361137390137,0.18887853622436523,-0.11708763986825943,216
individual,8,carpet,39,1400,0.04665015637874603,0.05235271155834198,-1.8441232442855835,0.08049426227807999,-27.986661911010742,-7.0,7.0,1.3586657047271729,0.4999353587627411,0.1815963238477707,-0.11255817115306854,217
individual,8,carpet,40,1400,0.03527537360787392,0.04025069624185562,-1.9299893379211426,0.0804138109087944,-27.436580657958984,-7.0,7.0,1.4772367477416992,0.44063296914100647,0.20321929454803467,-0.12426003068685532,218
individual,8,carpet,41,1400,0.03113151155412197,0.029080888256430626,-1.9891674518585205,0.08033344149589539,-27.872615814208984,-7.0,7.0,1.2617239952087402,0.47271600365638733,0.19192354381084442,-0.11792690306901932,219
individual,8,carpet,42,1400,0.11389216780662537,0.11017712205648422,-2.0962657928466797,0.08025315403938293,-27.417543411254883,-7.0,7.0,1.3273910284042358,0.4132252633571625,0.22350342571735382,-0.13394421339035034,220
individual,8,carpet,43,1400,0.06011441349983215,0.0588526651263237,-1.925746202468872,0.08017294853925705,-27.22290802001953,-7.0,7.0,1.302216649055481,0.5782442092895508,0.24137473106384277,-0.14223065972328186,221
individual,8,carpet,44,1400,0.054800957441329956,0.05016915500164032,-1.851293683052063,0.08009282499551773,-27.88033103942871,-7.0,7.0,1.4853670597076416,0.320208340883255,0.2313232123851776,-0.13580279052257538,222
individual,8,carpet,45,1400,0.12375412881374359,0.12097764760255814,-1.7760871648788452,0.08001277595758438,-27.414846420288086,-7.0,7.0,1.381945252418518,0.5985586047172546,0.2515185475349426,-0.1450040340423584,223
individual,8,carpet,46,1400,0.05383475869894028,0.06275016069412231,-1.8854516744613647,0.0799328088760376,-25.723331451416016,-7.0,7.0,1.3772410154342651,0.544782817363739,0.30092930793762207,-0.171600803732872,224
individual,8,carpet,47,1400,0.04356292262673378,0.0454573817551136,-1.906407117843628,0.07985292375087738,-25.811307907104492,-7.0,7.0,1.251056432723999,0.5397818684577942,0.3117261528968811,-0.17733348906040192,225
individual,8,carpet,48,1400,0.04671932011842728,0.04292307421565056,-2.046036958694458,0.07977311313152313,-27.57756996154785,-7.0,7.0,1.443988561630249,0.5180977582931519,0.27728262543678284,-0.15949782729148865,226
individual,8,carpet,49,1400,0.06660500913858414,0.06410808861255646,-2.1726889610290527,0.07969338446855545,-26.09813690185547,-7.0,7.0,1.371061086654663,0.5364044308662415,0.31060704588890076,-0.1805514395236969,227
individual,8,carpet,50,1400,0.03568835183978081,0.03684980422258377,-2.0725531578063965,0.07961373776197433,-28.510005950927734,-7.0,7.0,1.503458857536316,0.36382222175598145,0.2493775635957718,-0.1492861807346344,228
population,8,carpet,1,1400,0.06619274616241455,0.0624668262898922,-1.666124701499939,0.08361167460680008,-26.742258071899414,-7.0,7.0,1.1049363613128662,0.455939382314682,0.2864323556423187,-0.1432669311761856,179
population,8,carpet,2,1400,0.04734460636973381,0.048303619027137756,-1.6710782051086426,0.08352810889482498,-27.19840431213379,-7.0,7.0,1.0832256078720093,0.3933612108230591,0.28314119577407837,-0.14232273399829865,180
population,8,carpet,3,1400,0.05134330317378044,0.053280290216207504,-1.6921111345291138,0.08344462513923645,-26.48400115966797,-7.0,7.0,1.2479668855667114,0.38484084606170654,0.2887062132358551,-0.1452869325876236,181
population,8,carpet,4,1400,0.07723876088857651,0.08352705836296082,-1.7012256383895874,0.08336123079061508,-26.35190200805664,-7.0,7.0,0.9933538436889648,0.47243672609329224,0.31766146421432495,-0.16017375886440277,182
population,8,carpet,5,1400,0.051445357501506805,0.048378199338912964,-1.7236268520355225,0.08327791839838028,-25.333417892456055,-7.0,7.0,0.970551073551178,0.6016623377799988,0.3352750241756439,-0.16962870955467224,183
population,8,carpet,6,1400,0.04179561510682106,0.041639380156993866,-1.5804975032806396,0.08319468796253204,-25.500080108642578,-7.0,7.0,1.0635311603546143,0.5120000243186951,0.32945960760116577,-0.16713806986808777,184
population,8,carpet,7,1400,0.045231666415929794,0.04621126130223274,-1.5843665599822998,0.08311153948307037,-28.294734954833984,-7.0,7.0,1.06953763961792,0.43833380937576294,0.2811516225337982,-0.14338459074497223,185
population,8,carpet,8,1400,0.0771951675415039,0.08590234071016312,-1.6195156574249268,0.08302847295999527,-26.94550132751465,-7.0,7.0,1.2830952405929565,0.3647664487361908,0.29304900765419006,-0.14876891672611237,186
population,8,carpet,9,1400,0.08143269270658493,0.08317005634307861,-1.7489391565322876,0.08294549584388733,-26.19339942932129,-7.0,7.0,1.1427600383758545,0.5321485996246338,0.34655505418777466,-0.17440198361873627,187
population,8,carpet,10,1400,0.040667496621608734,0.03897753730416298,-1.822922706604004,0.08286260068416595,-26.72515106201172,-7.0,7.0,1.2217241525650024,0.44174131751060486,0.3158920407295227,-0.15979231894016266,188
population,8,carpet,11,1400,0.05169526860117912,0.051923688501119614,-1.912820816040039,0.08277978003025055,-25.482316970825195,-7.0,7.0,1.288464069366455,0.509019672870636,0.35377201437950134,-0.1777617186307907,189
population,8,carpet,12,1400,0.0661676898598671,0.07175540924072266,-1.943851351737976,0.08269704878330231,-26.373821258544922,-7.0,7.0,1.227777123451233,0.49102604389190674,0.3339184820652008,-0.1676788181066513,190
population,8,carpet,13,1400,0.054441437125205994,0.05329912155866623,-1.7956198453903198,0.08261439949274063,-25.618070602416992,-7.0,7.0,1.003475546836853,0.5894404649734497,0.3622969686985016,-0.1806127279996872,191
population,8,carpet,14,1400,0.07481007277965546,0.07943706214427948,-1.665178656578064,0.08253183215856552,-26.74853515625,-7.0,7.0,1.3065375089645386,0.45989739894866943,0.3205069601535797,-0.1605186015367508,192
population,8,carpet,15,1400,0.07110816240310669,0.08010943979024887,-1.6837680339813232,0.08244934678077698,-27.173458099365234,-7.0,7.0,1.3324764966964722,0.5075345039367676,0.3709864914417267,-0.18221242725849152,193
population,8,carpet,16,1400,0.05251467600464821,0.05148101970553398,-1.7241512537002563,0.082366943359375,-25.631925582885742,-7.0,7.0,1.1378892660140991,0.54498690366745,0.3562420904636383,-0.1732715666294098,194
population,8,carpet,17,1400,0.05370328202843666,0.048582468181848526,-1.8192873001098633,0.08228462934494019,-25.857393264770508,-7.0,7.0,1.2635869979858398,0.508713960647583,0.37741389870643616,-0.18173988163471222,195
population,8,carpet,18,1400,0.050714071840047836,0.05220998823642731,-1.717782735824585,0.08220238983631134,-26.667512893676758,-7.0,7.0,1.2561635971069336,0.4343510568141937,0.31589627265930176,-0.15238811075687408,196
population,8,carpet,19,1400,0.03977366164326668,0.03576682507991791,-1.7813471555709839,0.08212023228406906,-23.824886322021484,-7.0,7.0,1.0522055625915527,0.5719015598297119,0.3876069188117981,-0.18385088443756104,197
population,8,carpet,20,1400,0.04841335117816925,0.05490821599960327,-1.8255376815795898,0.08203815668821335,-26.56268882751465,-7.0,7.0,1.2045249938964844,0.5128089785575867,0.31988587975502014,-0.15358580648899078,198
population,8,carpet,21,1400,0.06331393122673035,0.06067228317260742,-1.807366132736206,0.0819561704993248,-27.357303619384766,-7.0,7.0,1.2927712202072144,0.4655423164367676,0.27976343035697937,-0.13430853188037872,199
population,8,carpet,22,1400,0.06334356963634491,0.0640924945473671,-1.7770954370498657,0.08187425881624222,-25.982040405273438,-7.0,7.0,1.1906609535217285,0.5849971771240234,0.28211304545402527,-0.13461460173130035,200
population,8,carpet,23,1400,0.052162982523441315,0.05062578618526459,-1.7217400074005127,0.0817924290895462,-27.402406692504883,-7.0,7.0,1.1986231803894043,0.5496869087219238,0.2776552736759186,-0.13290934264659882,201
population,8,carpet,24,1400,0.044341083616018295,0.04652461037039757,-1.9067072868347168,0.08171068876981735,-26.621597290039062,-7.0,7.0,1.341442346572876,0.44914868474006653,0.26326876878738403,-0.12675629556179047,202
population,8,carpet,25,1400,0.07083573192358017,0.06697605550289154,-1.829040288925171,0.08162902295589447,-27.16830825805664,-7.0,7.0,1.360530138015747,0.3917674124240875,0.25385358929634094,-0.12310444563627243,203
population,8,carpet,26,1400,0.05530659481883049,0.05960050970315933,-1.8526828289031982,0.08154743909835815,-28.64019203186035,-7.0,7.0,1.3242663145065308,0.4948417842388153,0.2232201248407364,-0.11076229065656662,204
population,8,carpet,27,1400,0.06595795601606369,0.06643263250589371,-1.8439984321594238,0.0814659371972084,-26.735036849975586,-7.0,7.0,1.2864325046539307,0.4669862985610962,0.2954480051994324,-0.1480850726366043,205
population,8,carpet,28,1400,0.060539644211530685,0.06523092091083527,-1.751155138015747,0.08138451725244522,-26.532974243164062,-7.0,7.0,1.2756110429763794,0.5300751328468323,0.2789359986782074,-0.14329291880130768,206
population,8,carpet,29,1400,0.04310283437371254,0.034233760088682175,-1.8418996334075928,0.0813031792640686,-25.104177474975586,-7.0,7.0,1.1117362976074219,0.5699540972709656,0.3324708938598633,-0.1732519418001175,207
population,8,carpet,30,1400,0.06572301685810089,0.06415468454360962,-1.8647767305374146,0.08122192323207855,-27.2866153717041,-7.0,7.0,1.2109932899475098,0.5205565690994263,0.30282220244407654,-0.16128507256507874,208
population,8,carpet,31,1400,0.053101371973752975,0.04966433346271515,-1.8155993223190308,0.08114074915647507,-26.750810623168945,-7.0,7.0,1.2985320091247559,0.45660582184791565,0.2934926450252533,-0.15988101065158844,209
population,8,carpet,32,1400,0.03146246075630188,0.03231552243232727,-1.7912378311157227,0.08105965703725815,-27.848426818847656,-7.0,7.0,1.2762298583984375,0.42777061462402344,0.22758111357688904,-0.12809722125530243,210
population,8,carpet,33,1400,0.02822858653962612,0.02894233725965023,-1.9725079536437988,0.0809786394238472,-26.35307502746582,-7.0,7.0,1.2933306694030762,0.4507765471935272,0.25708574056625366,-0.14714300632476807,211
population,8,carpet,34,1400,0.04542852193117142,0.046882204711437225,-1.9460560083389282,0.08089771121740341,-27.177249908447266,-7.0,7.0,1.4723552465438843,0.43051040172576904,0.24371841549873352,-0.14383958280086517,212
population,8,carpet,35,1400,0.03032846935093403,0.02934226207435131,-1.8705341815948486,0.0808168575167656,-28.219799041748047,-7.0,7.0,1.4708753824234009,0.3662194609642029,0.22325941920280457,-0.13572482764720917,213
population,8,carpet,36,1400,0.03308097645640373,0.034824177622795105,-1.8907561302185059,0.08073608577251434,-29.36220359802246,-7.0,7.0,1.4031016826629639,0.37457287311553955,0.17637492716312408,-0.11188448220491409,214
population,8,carpet,37,1400,0.041306909173727036,0.04209548979997635,-1.9347261190414429,0.08065539598464966,-27.327226638793945,-7.0,7.0,1.37558913230896,0.524998664855957,0.24663721024990082,-0.15692465007305145,215
population,8,carpet,38,1400,0.04983155429363251,0.041786905378103256,-1.9175679683685303,0.08057478815317154,-27.714147567749023,-7.0,7.0,1.3789018392562866,0.595265805721283,0.2492303103208542,-0.1628524512052536,216
population,8,carpet,39,1400,0.046057455241680145,0.044561680406332016,-1.8755576610565186,0.08049426227807999,-26.71421241760254,-7.0,7.0,1.2344343662261963,0.4488830268383026,0.24819396436214447,-0.16640475392341614,217
population,8,carpet,40,1400,0.03602166473865509,0.033920928835868835,-1.9189281463623047,0.0804138109087944,-27.43576431274414,-7.0,7.0,1.3225831985473633,0.4399230480194092,0.24539443850517273,-0.1675705760717392,218
population,8,carpet,41,1400,0.05055548623204231,0.04146524518728256,-1.891093134880066,0.08033344149589539,-26.72237777709961,-7.0,7.0,1.2726795673370361,0.4943222105503082,0.2598930895328522,-0.1795313060283661,219
population,8,carpet,42,1400,0.0648166760802269,0.06525024771690369,-1.7740709781646729,0.08025315403938293,-26.529125213623047,-7.0,7.0,1.2746700048446655,0.5536629557609558,0.26264771819114685,-0.18364553153514862,220
population,8,carpet,43,1400,0.05957752838730812,0.05171401426196098,-1.9264914989471436,0.08017294853925705,-25.251941680908203,-7.0,7.0,1.4260975122451782,0.4801522493362427,0.3109796941280365,-0.21656036376953125,221
population,8,carpet,44,1400,0.05048476904630661,0.046586599200963974,-1.9517756700515747,0.08009282499551773,-27.27257537841797,-7.0,7.0,1.4311741590499878,0.4547538459300995,0.2381097972393036,-0.17210078239440918,222
population,8,carpet,45,1400,0.05258352309465408,0.05341527238488197,-2.036188840866089,0.08001277595758438,-27.645666122436523,-7.0,7.0,1.5211633443832397,0.49553266167640686,0.23591004312038422,-0.17308790981769562,223
population,8,carpet,46,1400,0.04932036250829697,0.04920049384236336,-2.116888999938965,0.0799328088760376,-28.273479461669922,-7.0,7.0,1.493865966796875,0.33260378241539,0.19094766676425934,-0.1455218493938446,224
population,8,carpet,47,1400,0.06690095365047455,0.06196238845586777,-2.099388837814331,0.07985292375087738,-28.448694229125977,-7.0,7.0,1.4462119340896606,0.39111629128456116,0.20179077982902527,-0.15380606055259705,225
population,8,carpet,48,1400,0.03674445301294327,0.033425021916627884,-1.969313621520996,0.07977311313152313,-26.336748123168945,-7.0,7.0,1.6648067235946655,0.3261581361293793,0.2932775020599365,-0.21240480244159698,226
population,8,carpet,49,1400,0.0849442258477211,0.07452993094921112,-1.9206218719482422,0.07969338446855545,-27.035404205322266,-7.0,7.0,1.4731124639511108,0.44476646184921265,0.2620275616645813,-0.19200381636619568,227
population,8,carpet,50,1400,0.04059989005327225,0.04250643774867058,-2.0373897552490234,0.07961373776197433,-27.641597747802734,-7.0,7.0,1.4452307224273682,0.4805932343006134,0.26886770129203796,-0.19393156468868256,228
individual,9,carpet,1,1575,0.05444943532347679,0.053985849022865295,-1.9723058938980103,0.07953417301177979,-25.783287048339844,-7.0,7.0,1.47222101688385,0.48874807357788086,0.29866552352905273,-0.17699167132377625,229
individual,9,carpet,2,1575,0.06516574323177338,0.06894771754741669,-1.906818151473999,0.0794546827673912,-26.85887908935547,-7.0,7.0,1.5559755563735962,0.3392772078514099,0.2539592385292053,-0.15313860774040222,230
individual,9,carpet,3,1575,0.07496756315231323,0.07928670197725296,-1.9264061450958252,0.07937527447938919,-27.67840003967285,-7.0,7.0,1.505929946899414,0.39253130555152893,0.22301839292049408,-0.14339764416217804,231
individual,9,carpet,4,1575,0.0583328977227211,0.060289401561021805,-2.014145851135254,0.07929594069719315,-27.44211196899414,-7.0,7.0,1.5363198518753052,0.4753507077693939,0.23526887595653534,-0.14924626052379608,232
individual,9,carpet,5,1575,0.08982575684785843,0.07683950662612915,-2.1554064750671387,0.07921669632196426,-28.312297821044922,-7.0,7.0,1.4925639629364014,0.49892833828926086,0.2256719022989273,-0.14768652617931366,233
individual,9,carpet,6,1575,0.0750114694237709,0.08381129801273346,-2.1357741355895996,0.07913751900196075,-28.20491600036621,-7.0,7.0,1.4742608070373535,0.4981215298175812,0.20185889303684235,-0.140440434217453,234
individual,9,carpet,7,1575,0.06419737637042999,0.0701434314250946,-2.2421419620513916,0.07905843108892441,-28.07223129272461,-7.0,7.0,1.5228699445724487,0.5134537220001221,0.21726062893867493,-0.1492864191532135,235
individual,9,carpet,8,1575,0.06184864789247513,0.07147149741649628,-1.9990061521530151,0.07897941768169403,-28.09388542175293,-7.0,7.0,1.3846304416656494,0.4765254557132721,0.21417236328125,-0.15046049654483795,236
individual,9,carpet,9,1575,0.04803185164928436,0.0536295548081398,-1.8580116033554077,0.07890047878026962,-28.482778549194336,-7.0,7.0,1.4435415267944336,0.5143582820892334,0.190233513712883,-0.14557571709156036,237
individual,9,carpet,10,1575,0.06873501092195511,0.07154563814401627,-1.9091354608535767,0.07882162928581238,-28.656230926513672,-7.0,7.0,1.4241344928741455,0.49075281620025635,0.24892817437648773,-0.1636897623538971,238
individual,9,carpet,11,1575,0.05578817427158356,0.055191460996866226,-1.9540016651153564,0.0787428468465805,-28.458770751953125,-7.0,7.0,1.5450096130371094,0.5018590688705444,0.2543681561946869,-0.16761371493339539,239
individual,9,carpet,12,1575,0.02098088711500168,0.023711368441581726,-1.9973176717758179,0.0786641538143158,-28.50279426574707,-7.0,7.0,1.3984075784683228,0.42958739399909973,0.24292723834514618,-0.18050578236579895,240
individual,9,carpet,13,1575,0.06400180608034134,0.06330901384353638,-2.2647743225097656,0.07858553528785706,-26.617551803588867,-7.0,7.0,1.626885175704956,0.5102430582046509,0.3117195963859558,-0.1890062838792801,241
individual,9,carpet,14,1575,0.07785186171531677,0.08553141355514526,-2.301801919937134,0.07850699126720428,-26.984888076782227,-7.0,7.0,1.4964520931243896,0.4743216037750244,0.2957184612751007,-0.20582298934459686,242
individual,9,carpet,15,1575,0.05993611365556717,0.060076113790273666,-2.209620952606201,0.07842852920293808,-26.260459899902344,-7.0,7.0,1.3719971179962158,0.5895417332649231,0.34262901544570923,-0.22609972953796387,243
individual,9,carpet,16,1575,0.046730656176805496,0.05798640102148056,-2.097620725631714,0.07835014909505844,-25.88953399658203,-7.0,7.0,1.5505832433700562,0.38162389397621155,0.38588887453079224,-0.2410728931427002,244
individual,9,carpet,17,1575,0.08691557496786118,0.08617444336414337,-2.0718207359313965,0.07827184349298477,-26.670133590698242,-7.0,7.0,1.5183769464492798,0.49325016140937805,0.3588140308856964,-0.2603513300418854,245
individual,9,carpet,18,1575,0.04798299819231033,0.04822259768843651,-2.015566349029541,0.07819361239671707,-25.476062774658203,-7.0,7.0,1.4357279539108276,0.4771260917186737,0.42351314425468445,-0.2821127772331238,246
individual,9,carpet,19,1575,0.06716440618038177,0.06700341403484344,-1.932521104812622,0.07811546325683594,-25.129486083984375,-7.0,7.0,1.275468111038208,0.5522677302360535,0.4511595070362091,-0.29629141092300415,247
individual,9,carpet,20,1575,0.05129022151231766,0.052842121571302414,-2.0163655281066895,0.07803739607334137,-24.579607009887695,-7.0,7.0,1.3136359453201294,0.5086662173271179,0.40439319610595703,-0.28692826628685,248
individual,9,carpet,21,1575,0.04330676048994064,0.048943087458610535,-2.0691821575164795,0.07795940339565277,-25.496227264404297,-7.0,7.0,1.4478988647460938,0.43235576152801514,0.3799087703227997,-0.2730283737182617,249
individual,9,carpet,22,1575,0.07003609836101532,0.07219656556844711,-2.0941972732543945,0.07788148522377014,-26.082124710083008,-7.0,7.0,1.640029788017273,0.5161930918693542,0.3676718771457672,-0.24326159060001373,250
individual,9,carpet,23,1575,0.058679185807704926,0.06318235397338867,-2.1119439601898193,0.07780364900827408,-26.33446502685547,-7.0,7.0,1.4502031803131104,0.4767224192619324,0.35962384939193726,-0.2411639392375946,251
individual,9,carpet,24,1575,0.05338237062096596,0.052605487406253815,-2.1433842182159424,0.07772588729858398,-26.701650619506836,-7.0,7.0,1.536194086074829,0.4959690272808075,0.33142155408859253,-0.21240080893039703,252
individual,9,carpet,25,1575,0.051540374755859375,0.0496431402862072,-2.149731159210205,0.07764820754528046,-26.546676635742188,-7.0,7.0,1.4498869180679321,0.45789799094200134,0.32328441739082336,-0.19880761206150055,253
individual,9,carpet,26,1575,0.04858849197626114,0.04655922204256058,-2.0850820541381836,0.0775706022977829,-26.932823181152344,-7.0,7.0,1.5816940069198608,0.4951513409614563,0.2976147532463074,-0.17992855608463287,254
individual,9,carpet,27,1575,0.05895857885479927,0.058727607131004333,-2.106706142425537,0.0774930790066719,-28.697328567504883,-7.0,7.0,1.633832335472107,0.48536792397499084,0.2556612193584442,-0.16651670634746552,255
individual,9,carpet,28,1575,0.03521653264760971,0.03606196865439415,-2.104588270187378,0.07741563022136688,-26.995141983032227,-7.0,7.0,1.55319082736969,0.45968499779701233,0.26126793026924133,-0.1562965363264084,256
individual,9,carpet,29,1575,0.04240962117910385,0.044324930757284164,-2.1729931831359863,0.07733825594186783,-28.540559768676758,-7.0,7.0,1.7350177764892578,0.48972398042678833,0.25062084197998047,-0.14743627607822418,257
individual,9,carpet,30,1575,0.03293630853295326,0.03656851500272751,-2.2141573429107666,0.07726096361875534,-27.03784942626953,-7.0,7.0,1.5488314628601074,0.4016075134277344,0.2792656719684601,-0.16095975041389465,258
individual,9,carpet,31,1575,0.10741347074508667,0.11559595167636871,-2.290642738342285,0.07718374580144882,-27.44835662841797,-7.0,7.0,1.4901611804962158,0.4943460524082184,0.2893470227718353,-0.16347990930080414,259
individual,9,carpet,32,1575,0.042579904198646545,0.03943615406751633,-2.22636342048645,0.07710660994052887,-27.119287490844727,-7.0,7.0,1.662584662437439,0.4366283118724823,0.29419806599617004,-0.1661592721939087,260
individual,9,carpet,33,1575,0.046516913920640945,0.04665336012840271,-2.1451213359832764,0.07702954858541489,-27.774417877197266,-7.0,7.0,1.6290104389190674,0.5199874639511108,0.28252294659614563,-0.16738088428974152,261
individual,9,carpet,34,1575,0.0426441915333271,0.04623137041926384,-2.1104395389556885,0.07695256173610687,-28.0364933013916,-7.0,7.0,1.6075226068496704,0.5855350494384766,0.29662951827049255,-0.1697046011686325,262
individual,9,carpet,35,1575,0.030588440597057343,0.03206779062747955,-2.1585679054260254,0.07687564939260483,-27.585601806640625,-7.0,7.0,1.6393932104110718,0.39356791973114014,0.2799740731716156,-0.17852063477039337,263
individual,9,carpet,36,1575,0.05688564479351044,0.05665089935064316,-2.187464952468872,0.07679881900548935,-26.212522506713867,-7.0,7.0,1.698238492012024,0.4302702248096466,0.2915344536304474,-0.19026462733745575,264
individual,9,carpet,37,1575,0.08992372453212738,0.07783886790275574,-2.222158908843994,0.07672206312417984,-26.951541900634766,-7.0,7.0,1.6563880443572998,0.4428820013999939,0.2837491035461426,-0.1984475553035736,265
individual,9,carpet,38,1575,0.05048553645610809,0.05790216848254204,-2.3665237426757812,0.0766453891992569,-27.067323684692383,-7.0,7.0,1.6563047170639038,0.4189733564853668,0.2767769992351532,-0.19966766238212585,266
individual,9,carpet,39,1575,0.03419124707579613,0.039320096373558044,-2.303039312362671,0.07656878978013992,-27.09185218811035,-7.0,7.0,1.8179954290390015,0.35850948095321655,0.2783464193344116,-0.20308271050453186,267
individual,9,carpet,40,1575,0.036507461220026016,0.0379917174577713,-2.2669460773468018,0.07649226486682892,-27.930423736572266,-7.0,7.0,1.6207987070083618,0.5000554323196411,0.2533743679523468,-0.1994727998971939,268
individual,9,carpet,41,1575,0.07368291169404984,0.0796622484922409,-2.1979990005493164,0.07641581445932388,-27.151535034179688,-7.0,7.0,1.671858310699463,0.5285858511924744,0.26856812834739685,-0.20754721760749817,269
individual,9,carpet,42,1575,0.02173713408410549,0.026470374315977097,-2.212869167327881,0.07633943855762482,-28.10088348388672,-7.0,7.0,1.5743203163146973,0.46861347556114197,0.25473737716674805,-0.21250423789024353,270
individual,9,carpet,43,1575,0.0424051508307457,0.04362226277589798,-2.3018369674682617,0.07626314461231232,-28.104461669921875,-7.0,7.0,1.7224260568618774,0.49582991003990173,0.2348010241985321,-0.21784211695194244,271
individual,9,carpet,44,1575,0.07451505959033966,0.06579063087701797,-2.3660778999328613,0.07618692517280579,-28.417316436767578,-7.0,7.0,1.5271044969558716,0.5569356679916382,0.2386302500963211,-0.22187547385692596,272
individual,9,carpet,45,1575,0.04878361523151398,0.056973256170749664,-2.4248220920562744,0.07611078023910522,-28.254981994628906,-7.0,7.0,1.6748957633972168,0.5245468020439148,0.22892101109027863,-0.2194189876317978,273
individual,9,carpet,46,1575,0.054126352071762085,0.0564567893743515,-2.2554569244384766,0.07603471726179123,-27.549163818359375,-7.0,7.0,1.7242844104766846,0.5642988085746765,0.24022117257118225,-0.22662392258644104,274
individual,9,carpet,47,1575,0.04579303041100502,0.04303017258644104,-2.208913803100586,0.0759587213397026,-27.63534164428711,-7.0,7.0,1.64760422706604,0.3230326771736145,0.267662912607193,-0.23428823053836823,275
individual,9,carpet,48,1575,0.04475973919034004,0.04911119490861893,-2.228292942047119,0.07588280737400055,-27.838428497314453,-7.0,7.0,1.6632384061813354,0.34871482849121094,0.21321991086006165,-0.22115926444530487,276
individual,9,carpet,49,1575,0.037897899746894836,0.041857875883579254,-2.242094039916992,0.07580696791410446,-27.51101303100586,-7.0,7.0,1.558096170425415,0.5892794728279114,0.23949666321277618,-0.21444924175739288,277
individual,9,carpet,50,1575,0.048041604459285736,0.05470617115497589,-2.318103075027466,0.07573120296001434,-28.85230827331543,-7.0,7.0,1.790138840675354,0.5336528420448303,0.22988185286521912,-0.20651687681674957,278
population,9,carpet,1,1575,0.0784464105963707,0.0765191987156868,-2.009082078933716,0.07953417301177979,-28.12792205810547,-7.0,7.0,1.4267706871032715,0.3885822892189026,0.19254069030284882,-0.14440450072288513,229
population,9,carpet,2,1575,0.08709295094013214,0.09745863825082779,-2.062851667404175,0.0794546827673912,-27.36945152282715,-7.0,7.0,1.500518560409546,0.457807332277298,0.24947047233581543,-0.17496944963932037,230
population,9,carpet,3,1575,0.05012636259198189,0.04318481683731079,-2.0510547161102295,0.07937527447938919,-27.96562957763672,-7.0,7.0,1.4990415573120117,0.39277926087379456,0.20634298026561737,-0.14748582243919373,231
population,9,carpet,4,1575,0.04552921652793884,0.04249561205506325,-1.9617583751678467,0.07929594069719315,-27.79633331298828,-7.0,7.0,1.5317869186401367,0.4692665636539459,0.25481918454170227,-0.1722726970911026,232
population,9,carpet,5,1575,0.0548546239733696,0.04854486510157585,-1.9876137971878052,0.07921669632196426,-27.61362075805664,-7.0,7.0,1.5060044527053833,0.4315546154975891,0.2523857653141022,-0.16793200373649597,233
population,9,carpet,6,1575,0.06758652627468109,0.060192231088876724,-1.9234620332717896,0.07913751900196075,-28.416061401367188,-7.0,7.0,1.5118976831436157,0.41744697093963623,0.21670569479465485,-0.1478291004896164,234
population,9,carpet,7,1575,0.06249424070119858,0.06559290736913681,-1.9994838237762451,0.07905843108892441,-28.177574157714844,-7.0,7.0,1.5370762348175049,0.4137556254863739,0.20345112681388855,-0.14093658328056335,235
population,9,carpet,8,1575,0.06029893085360527,0.05645671859383583,-2.006136655807495,0.07897941768169403,-27.888975143432617,-7.0,7.0,1.4044550657272339,0.4798835813999176,0.19080033898353577,-0.13756081461906433,236
population,9,carpet,9,1575,0.05527340993285179,0.062137898057699203,-2.044846534729004,0.07890047878026962,-28.358905792236328,-7.0,7.0,1.4656116962432861,0.3886103332042694,0.1802552193403244,-0.13467153906822205,237
population,9,carpet,10,1575,0.0576213113963604,0.0555906817317009,-2.1103267669677734,0.07882162928581238,-28.846168518066406,-7.0,7.0,1.6305843591690063,0.4200369119644165,0.18972666561603546,-0.14555513858795166,238
population,9,carpet,11,1575,0.04169861972332001,0.04481294006109238,-2.1072068214416504,0.0787428468465805,-26.48345184326172,-7.0,7.0,1.5503969192504883,0.4477473199367523,0.2608659565448761,-0.17868821322917938,239
population,9,carpet,12,1575,0.03053511306643486,0.03450952097773552,-2.0149199962615967,0.0786641538143158,-27.1094913482666,-7.0,7.0,1.5176812410354614,0.508614182472229,0.2321680337190628,-0.17133495211601257,240
population,9,carpet,13,1575,0.043867409229278564,0.044276900589466095,-2.0758395195007324,0.07858553528785706,-27.32990264892578,-7.0,7.0,1.5782815217971802,0.5566375851631165,0.2685621380805969,-0.18988685309886932,241
population,9,carpet,14,1575,0.04029393568634987,0.038186244666576385,-2.048182964324951,0.07850699126720428,-28.29157257080078,-7.0,7.0,1.5185024738311768,0.27424588799476624,0.23026593029499054,-0.1827940046787262,242
population,9,carpet,15,1575,0.026090258732438087,0.028040148317813873,-1.9833266735076904,0.07842852920293808,-27.256757736206055,-7.0,7.0,1.3510669469833374,0.4863717555999756,0.24063630402088165,-0.19549213349819183,243
population,9,carpet,16,1575,0.06605365127325058,0.05910950526595116,-2.0140347480773926,0.07835014909505844,-27.873764038085938,-7.0,7.0,1.5560802221298218,0.4489784836769104,0.2275678664445877,-0.1938561499118805,244
population,9,carpet,17,1575,0.046286243945360184,0.04355392977595329,-2.09629487991333,0.07827184349298477,-27.393571853637695,-7.0,7.0,1.5120775699615479,0.5233047008514404,0.2717322111129761,-0.22175705432891846,245
population,9,carpet,18,1575,0.04780009388923645,0.055357471108436584,-2.2563934326171875,0.07819361239671707,-27.060604095458984,-7.0,7.0,1.612931489944458,0.5136674642562866,0.22714261710643768,-0.20921804010868073,246
population,9,carpet,19,1575,0.09243279695510864,0.09811369329690933,-2.3079566955566406,0.07811546325683594,-27.72476577758789,-7.0,7.0,1.6187553405761719,0.4887809753417969,0.2655520737171173,-0.22871413826942444,247
population,9,carpet,20,1575,0.029499586671590805,0.030834289267659187,-2.1702418327331543,0.07803739607334137,-27.532840728759766,-7.0,7.0,1.4889636039733887,0.5472527742385864,0.2720641493797302,-0.24444244801998138,248
population,9,carpet,21,1575,0.054744213819503784,0.05851822346448898,-2.0640158653259277,0.07795940339565277,-26.88302993774414,-7.0,7.0,1.5583319664001465,0.5691293478012085,0.2578214704990387,-0.24971573054790497,249
population,9,carpet,22,1575,0.048747237771749496,0.05403975397348404,-1.9796125888824463,0.07788148522377014,-28.355947494506836,-7.0,7.0,1.558920979499817,0.47615450620651245,0.23091717064380646,-0.25543534755706787,250
population,9,carpet,23,1575,0.04435504227876663,0.039266135543584824,-2.080684185028076,0.07780364900827408,-27.694303512573242,-7.0,7.0,1.4080814123153687,0.5113641023635864,0.26017749309539795,-0.2730947732925415,251
population,9,carpet,24,1575,0.039433758705854416,0.03587321192026138,-2.1339640617370605,0.07772588729858398,-26.604557037353516,-7.0,7.0,1.4952691793441772,0.48109835386276245,0.27059102058410645,-0.28418225049972534,252
population,9,carpet,25,1575,0.05904112756252289,0.055744558572769165,-2.156829357147217,0.07764820754528046,-25.699399948120117,-7.0,7.0,1.5925168991088867,0.5886965394020081,0.2938612401485443,-0.2914161682128906,253
population,9,carpet,26,1575,0.05624842643737793,0.0618598572909832,-2.2366366386413574,0.0775706022977829,-26.65969467163086,-7.0,7.0,1.6398277282714844,0.4441521167755127,0.279757559299469,-0.2808177173137665,254
population,9,carpet,27,1575,0.05634559318423271,0.0601353645324707,-2.212062120437622,0.0774930790066719,-27.46427345275879,-7.0,7.0,1.4984928369522095,0.5546742081642151,0.27098536491394043,-0.2650427520275116,255
population,9,carpet,28,1575,0.0289057195186615,0.02771177515387535,-2.132056713104248,0.07741563022136688,-26.99614143371582,-7.0,7.0,1.512292742729187,0.48590919375419617,0.27315840125083923,-0.2661539912223816,256
population,9,carpet,29,1575,0.03517702594399452,0.03298824653029442,-2.1357531547546387,0.07733825594186783,-27.474044799804688,-7.0,7.0,1.5525307655334473,0.42685920000076294,0.27293893694877625,-0.25544002652168274,257
population,9,carpet,30,1575,0.05470242351293564,0.06141284853219986,-2.146345853805542,0.07726096361875534,-27.500362396240234,-7.0,7.0,1.662356972694397,0.39466601610183716,0.23477205634117126,-0.24252574145793915,258
population,9,carpet,31,1575,0.031147927045822144,0.031606871634721756,-2.202681064605713,0.07718374580144882,-27.452186584472656,-7.0,7.0,1.5343139171600342,0.489464670419693,0.25322526693344116,-0.24852252006530762,259
population,9,carpet,32,1575,0.0502079576253891,0.04236263781785965,-2.2871127128601074,0.07710660994052887,-26.020700454711914,-7.0,7.0,1.6705729961395264,0.5670770406723022,0.27649638056755066,-0.24255739152431488,260
population,9,carpet,33,1575,0.05297975242137909,0.05374804884195328,-2.3634414672851562,0.07702954858541489,-27.193321228027344,-7.0,7.0,1.5769038200378418,0.4927549958229065,0.25140181183815,-0.2384721040725708,261
population,9,carpet,34,1575,0.05799225717782974,0.06114313006401062,-2.2855749130249023,0.07695256173610687,-28.423433303833008,-7.0,7.0,1.7694107294082642,0.5109491944313049,0.21348455548286438,-0.2171899527311325,262
population,9,carpet,35,1575,0.05715545266866684,0.05608755350112915,-2.2481935024261475,0.07687564939260483,-28.781124114990234,-7.0,7.0,1.6029530763626099,0.42163747549057007,0.20835331082344055,-0.22075724601745605,263
population,9,carpet,36,1575,0.04755169898271561,0.04568621888756752,-2.156680107116699,0.07679881900548935,-28.22287368774414,-7.0,7.0,1.6131218671798706,0.4701795279979706,0.2396392822265625,-0.22783906757831573,264
population,9,carpet,37,1575,0.05869172513484955,0.06580210477113724,-2.269949436187744,0.07672206312417984,-28.71603012084961,-7.0,7.0,1.823574185371399,0.44977864623069763,0.20557522773742676,-0.22343556582927704,265
population,9,carpet,38,1575,0.06159082427620888,0.059844087809324265,-2.3572895526885986,0.0766453891992569,-28.284730911254883,-7.0,7.0,1.7482247352600098,0.4617525637149811,0.2500598132610321,-0.233923077583313,266
population,9,carpet,39,1575,0.04030303657054901,0.039766278117895126,-2.3565304279327393,0.07656878978013992,-27.79006576538086,-7.0,7.0,1.659835934638977,0.368661493062973,0.19823560118675232,-0.25088930130004883,267
population,9,carpet,40,1575,0.039333902299404144,0.04634825885295868,-2.317563533782959,0.07649226486682892,-27.447280883789062,-7.0,7.0,1.7539459466934204,0.4295618534088135,0.22661660611629486,-0.2581993639469147,268
population,9,carpet,41,1575,0.07085499912500381,0.06937755644321442,-2.2608981132507324,0.07641581445932388,-27.844879150390625,-7.0,7.0,1.6889071464538574,0.4892706573009491,0.22890082001686096,-0.26699599623680115,269
population,9,carpet,42,1575,0.07441769540309906,0.06847988814115524,-2.171496629714966,0.07633943855762482,-26.96075439453125,-7.0,7.0,1.664766788482666,0.528803825378418,0.24458108842372894,-0.2902354896068573,270
population,9,carpet,43,1575,0.07551880925893784,0.07296626269817352,-2.2411375045776367,0.07626314461231232,-27.746103286743164,-7.0,7.0,1.7646613121032715,0.496120423078537,0.21876399219036102,-0.28758248686790466,271
population,9,carpet,44,1575,0.041804395616054535,0.03808770328760147,-2.2897167205810547,0.07618692517280579,-26.396568298339844,-7.0,7.0,1.6272119283676147,0.5114182829856873,0.23992086946964264,-0.30323973298072815,272
population,9,carpet,45,1575,0.045565713196992874,0.049316201359033585,-2.28265118598938,0.07611078023910522,-27.56496238708496,-7.0,7.0,1.778051733970642,0.4125543534755707,0.23376639187335968,-0.2961494028568268,273
population,9,carpet,46,1575,0.03099294751882553,0.038315609097480774,-2.3031890392303467,0.07603471726179123,-27.904743194580078,-7.0,7.0,1.7420564889907837,0.46325138211250305,0.22332702577114105,-0.2857569754123688,274
population,9,carpet,47,1575,0.0555025115609169,0.0487898513674736,-2.2953073978424072,0.0759587213397026,-27.814483642578125,-7.0,7.0,1.8207428455352783,0.4205108880996704,0.2221568524837494,-0.2928495407104492,275
population,9,carpet,48,1575,0.04438682645559311,0.0455683097243309,-2.3589277267456055,0.07588280737400055,-27.254520416259766,-7.0,7.0,1.7950725555419922,0.5351153016090393,0.24701526761054993,-0.2881045937538147,276
population,9,carpet,49,1575,0.05523703619837761,0.053766049444675446,-2.483656883239746,0.07580696791410446,-27.112396240234375,-7.0,7.0,1.6647905111312866,0.5621671080589294,0.2858566641807556,-0.28410571813583374,277
population,9,carpet,50,1575,0.02487243339419365,0.028196053579449654,-2.442594528198242,0.07573120296001434,-28.117965698242188,-7.0,7.0,1.7978178262710571,0.576627790927887,0.25401943922042847,-0.2971433103084564,278
individual,10,carpet,1,1750,0.03271438181400299,0.04105119779706001,-2.378800868988037,0.07565551996231079,-27.925878524780273,-7.0,7.0,1.7540122270584106,0.5379073619842529,0.21749381721019745,-0.21870093047618866,279
individual,10,carpet,2,1750,0.03908303380012512,0.036021530628204346,-2.4663233757019043,0.07557990401983261,-27.91878318786621,-7.0,7.0,1.935643196105957,0.31636348366737366,0.2205875962972641,-0.21559806168079376,280
individual,10,carpet,3,1750,0.06516125798225403,0.06472668796777725,-2.4817123413085938,0.075504370033741,-27.32765007019043,-7.0,7.0,1.7184879779815674,0.5358039140701294,0.2521424889564514,-0.21389614045619965,281
individual,10,carpet,4,1750,0.04409504681825638,0.058795325458049774,-2.5069329738616943,0.07542891055345535,-28.429340362548828,-7.0,7.0,1.801268458366394,0.29634493589401245,0.21372489631175995,-0.22970187664031982,282
individual,10,carpet,5,1750,0.04969661310315132,0.05392489954829216,-2.299705982208252,0.07535352557897568,-27.49957275390625,-7.0,7.0,1.662753701210022,0.570088803768158,0.22081579267978668,-0.22576287388801575,283
individual,10,carpet,6,1750,0.06542660295963287,0.07287091016769409,-2.185711145401001,0.07527821511030197,-28.05878448486328,-7.0,7.0,1.7694613933563232,0.31647974252700806,0.20395779609680176,-0.231308251619339,284
individual,10,carpet,7,1750,0.12990212440490723,0.1518149971961975,-2.2343997955322266,0.07520297914743423,-28.178829193115234,-7.0,7.0,1.8161680698394775,0.4777568280696869,0.22448773682117462,-0.2430141270160675,285
individual,10,carpet,8,1750,0.03662648797035217,0.036974359303712845,-2.326613426208496,0.07512781769037247,-27.798643112182617,-7.0,7.0,1.808218240737915,0.42142340540885925,0.1911545693874359,-0.25281259417533875,286
individual,10,carpet,9,1750,0.04401002079248428,0.04003027081489563,-2.463392734527588,0.07505273073911667,-28.43065643310547,-7.0,7.0,1.876698613166809,0.4099370539188385,0.20602183043956757,-0.2516902983188629,287
individual,10,carpet,10,1750,0.09187495708465576,0.10291944444179535,-2.5480093955993652,0.07497771829366684,-27.999610900878906,-7.0,7.0,1.7469714879989624,0.4908750653266907,0.2243364155292511,-0.24266736209392548,288
individual,10,carpet,11,1750,0.04965471476316452,0.05693336948752403,-2.4666199684143066,0.07490278780460358,-27.203540802001953,-7.0,7.0,1.714053988456726,0.4916582703590393,0.22837398946285248,-0.24546395242214203,289
individual,10,carpet,12,1750,0.06224694103002548,0.05446210876107216,-2.3830695152282715,0.07482792437076569,-27.222553253173828,-7.0,7.0,1.8786935806274414,0.5354627370834351,0.24991251528263092,-0.24262718856334686,290
individual,10,carpet,13,1750,0.06886332482099533,0.08604241162538528,-2.3262031078338623,0.07475314289331436,-27.08165168762207,-7.0,7.0,1.9105424880981445,0.4490310549736023,0.2273174524307251,-0.24183622002601624,291
individual,10,carpet,14,1750,0.04115385562181473,0.04154399782419205,-2.447258472442627,0.07467842847108841,-27.100175857543945,-7.0,7.0,1.723160982131958,0.5473191142082214,0.2656950056552887,-0.22059108316898346,292
individual,10,carpet,15,1750,0.04135384038090706,0.04143049567937851,-2.469573497772217,0.07460379600524902,-27.80146598815918,-7.0,7.0,1.8130369186401367,0.5664775967597961,0.25164610147476196,-0.2224791944026947,293
individual,10,carpet,16,1750,0.02473081275820732,0.02594946138560772,-2.5489299297332764,0.0745292380452156,-27.58505630493164,-7.0,7.0,1.8197627067565918,0.5190634727478027,0.23103654384613037,-0.21436235308647156,294
individual,10,carpet,17,1750,0.04858851060271263,0.04829901084303856,-2.5135326385498047,0.07445474714040756,-28.106840133666992,-7.0,7.0,1.989084005355835,0.40929552912712097,0.2317885011434555,-0.2052188217639923,295
individual,10,carpet,18,1750,0.06023869663476944,0.061843156814575195,-2.459400177001953,0.07438033819198608,-28.263166427612305,-7.0,7.0,2.0326790809631348,0.47619110345840454,0.18629617989063263,-0.21235500276088715,296
individual,10,carpet,19,1750,0.04128297045826912,0.04786413535475731,-2.3797483444213867,0.07430599629878998,-27.656286239624023,-7.0,7.0,1.7714389562606812,0.5634750723838806,0.22625350952148438,-0.2090599238872528,297
individual,10,carpet,20,1750,0.06464670598506927,0.06883551180362701,-2.406968593597412,0.07423173636198044,-28.305866241455078,-7.0,7.0,2.023446798324585,0.42411166429519653,0.21425464749336243,-0.2048242837190628,298
individual,10,carpet,21,1750,0.042351134121418,0.03779856860637665,-2.4602344036102295,0.07415754348039627,-28.175762176513672,-7.0,7.0,2.0261497497558594,0.3099742829799652,0.19717438519001007,-0.21068906784057617,299
individual,10,carpet,22,1750,0.04891207069158554,0.051091693341732025,-2.4153361320495605,0.07408343255519867,-28.207672119140625,-7.0,7.0,1.9834693670272827,0.3399653434753418,0.2155180424451828,-0.22372372448444366,300
individual,10,carpet,23,1750,0.07153307646512985,0.07261872291564941,-2.4456605911254883,0.07400938868522644,-27.648052215576172,-7.0,7.0,1.8252038955688477,0.5171738862991333,0.2967306673526764,-0.22357121109962463,301
individual,10,carpet,24,1750,0.03227218613028526,0.03641880676150322,-2.5364632606506348,0.07393541932106018,-27.466350555419922,-7.0,7.0,2.047405242919922,0.4714926779270172,0.2512994110584259,-0.22344732284545898,302
individual,10,carpet,25,1750,0.029345979914069176,0.03785746172070503,-2.5669782161712646,0.07386153191328049,-27.142763137817383,-7.0,7.0,2.083078384399414,0.3717263638973236,0.2626037299633026,-0.23226092755794525,303
individual,10,carpet,26,1750,0.0886925607919693,0.08949489146471024,-2.559330940246582,0.07378771156072617,-26.472187042236328,-7.0,7.0,1.9224495887756348,0.44143056869506836,0.29904231429100037,-0.23382486402988434,304
individual,10,carpet,27,1750,0.04325979948043823,0.04260220751166344,-2.490879535675049,0.07371396571397781,-26.44321060180664,-7.0,7.0,1.9090272188186646,0.4772474765777588,0.28261590003967285,-0.2395751029253006,305
individual,10,carpet,28,1750,0.044019464403390884,0.04418526589870453,-2.4393720626831055,0.07364029437303543,-27.200847625732422,-7.0,7.0,1.966188669204712,0.4217267334461212,0.27439257502555847,-0.2374836653470993,306
individual,10,carpet,29,1750,0.0329163558781147,0.03303687274456024,-2.4950971603393555,0.07356669753789902,-27.22087287902832,-7.0,7.0,1.9460288286209106,0.43249037861824036,0.22874166071414948,-0.24076032638549805,307
individual,10,carpet,30,1750,0.054161906242370605,0.05295431241393089,-2.4904415607452393,0.07349316775798798,-28.724706649780273,-7.0,7.0,2.0097577571868896,0.5396518707275391,0.2429361343383789,-0.24147936701774597,308
individual,10,carpet,31,1750,0.057941921055316925,0.057079654186964035,-2.5476579666137695,0.0734197199344635,-28.858623504638672,-7.0,7.0,1.9358527660369873,0.5262800455093384,0.22571930289268494,-0.24280062317848206,309
individual,10,carpet,32,1750,0.041438791900873184,0.04631473869085312,-2.6260323524475098,0.0733463391661644,-28.57740592956543,-7.0,7.0,2.007758617401123,0.4904308021068573,0.21618257462978363,-0.23906667530536652,310
individual,10,carpet,33,1750,0.037949975579977036,0.038804784417152405,-2.6897146701812744,0.07327304035425186,-29.175556182861328,-7.0,7.0,2.057629108428955,0.37509268522262573,0.22942224144935608,-0.24449440836906433,311
individual,10,carpet,34,1750,0.029846427962183952,0.029324229806661606,-2.6245951652526855,0.0731998085975647,-29.017629623413086,-7.0,7.0,1.9930185079574585,0.3943043649196625,0.25081968307495117,-0.24789223074913025,312
individual,10,carpet,35,1750,0.030827254056930542,0.0308088306337595,-2.572857618331909,0.0731266513466835,-27.51946449279785,-7.0,7.0,2.012183666229248,0.4849677085876465,0.2329189032316208,-0.25540444254875183,313
individual,10,carpet,36,1750,0.05046433210372925,0.052909255027770996,-2.5699307918548584,0.07305356115102768,-28.316776275634766,-7.0,7.0,2.275085687637329,0.3937826454639435,0.2486131489276886,-0.25223156809806824,314
individual,10,carpet,37,1750,0.04220227524638176,0.04004782438278198,-2.5552878379821777,0.07298055291175842,-26.448387145996094,-7.0,7.0,1.9125783443450928,0.4517301023006439,0.32469627261161804,-0.2554590106010437,315
individual,10,carpet,38,1750,0.04016683250665665,0.046096935868263245,-2.5544838905334473,0.07290761172771454,-27.206626892089844,-7.0,7.0,2.0216128826141357,0.5565308332443237,0.27268967032432556,-0.2669174373149872,316
individual,10,carpet,39,1750,0.02867846190929413,0.032864462584257126,-2.6124091148376465,0.07283474504947662,-27.87877655029297,-7.0,7.0,2.1377456188201904,0.3987128734588623,0.2516690492630005,-0.27298611402511597,317
individual,10,carpet,40,1750,0.04521702602505684,0.04696277156472206,-2.6881790161132812,0.07276195287704468,-26.943361282348633,-7.0,7.0,1.9845480918884277,0.5488728284835815,0.2775837182998657,-0.27698811888694763,318
individual,10,carpet,41,1750,0.022522205486893654,0.02514641173183918,-2.627636671066284,0.0726892352104187,-27.840118408203125,-7.0,7.0,1.9548139572143555,0.465972363948822,0.2860611081123352,-0.2877061069011688,319
individual,10,carpet,42,1750,0.02944982796907425,0.03128805384039879,-2.665158271789551,0.0726165845990181,-27.161758422851562,-7.0,7.0,2.056535243988037,0.4236031472682953,0.2935779392719269,-0.2975577414035797,320
individual,10,carpet,43,1750,0.0518464595079422,0.04809460788965225,-2.6490628719329834,0.07254400849342346,-27.232467651367188,-7.0,7.0,1.9669076204299927,0.5334948897361755,0.29098495841026306,-0.28198307752609253,321
individual,10,carpet,44,1750,0.04454609751701355,0.050555091351270676,-2.64152455329895,0.0724715068936348,-26.927799224853516,-7.0,7.0,2.0624678134918213,0.4540376365184784,0.3002835810184479,-0.28576305508613586,322
individual,10,carpet,45,1750,0.028429649770259857,0.02924310229718685,-2.6190147399902344,0.0723990797996521,-27.697145462036133,-7.0,7.0,1.9930411577224731,0.5346583127975464,0.3132293224334717,-0.2633501887321472,323
individual,10,carpet,46,1750,0.042384788393974304,0.045949604362249374,-2.684988021850586,0.07232671976089478,-26.869930267333984,-7.0,7.0,2.127013683319092,0.4970127046108246,0.318495512008667,-0.26252928376197815,324
individual,10,carpet,47,1750,0.04141148552298546,0.042581815272569656,-2.6809253692626953,0.07225443422794342,-26.837528228759766,-7.0,7.0,2.1457743644714355,0.3908631503582001,0.3081662654876709,-0.26468345522880554,325
individual,10,carpet,48,1750,0.06515154987573624,0.06500303000211716,-2.6900360584259033,0.07218222320079803,-26.675159454345703,-7.0,7.0,2.079267978668213,0.5255229473114014,0.3293948173522949,-0.2430105358362198,326
individual,10,carpet,49,1750,0.0487460233271122,0.04845237731933594,-2.6731345653533936,0.07211007922887802,-26.901525497436523,-7.0,7.0,2.0968408584594727,0.4392789900302887,0.315773069858551,-0.24300284683704376,327
individual,10,carpet,50,1750,0.041185226291418076,0.044462110847234726,-2.7385008335113525,0.07203800976276398,-27.41571044921875,-7.0,7.0,2.1860740184783936,0.45309188961982727,0.3055488169193268,-0.22616378962993622,328
population,10,carpet,1,1750,0.08244845271110535,0.09025128185749054,-2.49855375289917,0.07565551996231079,-28.518884658813477,-7.0,7.0,1.7640222311019897,0.5023614168167114,0.2626584768295288,-0.28519195318222046,279
population,10,carpet,2,1750,0.03931080549955368,0.04110478609800339,-2.314405918121338,0.07557990401983261,-27.14212417602539,-7.0,7.0,1.8510363101959229,0.5144875645637512,0.27635470032691956,-0.2789597809314728,280
population,10,carpet,3,1750,0.043363057076931,0.04006599634885788,-2.2579469680786133,0.075504370033741,-26.485755920410156,-7.0,7.0,1.834352970123291,0.5775113701820374,0.26627033948898315,-0.2672382593154907,281
population,10,carpet,4,1750,0.0536259189248085,0.059653766453266144,-2.2936460971832275,0.07542891055345535,-27.473318099975586,-7.0,7.0,1.8638410568237305,0.4860829710960388,0.22754399478435516,-0.25759053230285645,282
population,10,carpet,5,1750,0.07380688935518265,0.06982310116291046,-2.501707077026367,0.07535352557897568,-28.879728317260742,-7.0,7.0,1.8656567335128784,0.38111382722854614,0.20954763889312744,-0.23150001466274261,283
population,10,carpet,6,1750,0.07495713979005814,0.07271808385848999,-2.4885013103485107,0.07527821511030197,-27.99772071838379,-7.0,7.0,1.8203644752502441,0.4620395004749298,0.200220987200737,-0.20879308879375458,284
population,10,carpet,7,1750,0.07419247925281525,0.07276555895805359,-2.3865408897399902,0.07520297914743423,-29.086620330810547,-7.0,7.0,1.8154594898223877,0.5099300146102905,0.1851402223110199,-0.20667991042137146,285
population,10,carpet,8,1750,0.055075086653232574,0.0503259003162384,-2.308258295059204,0.07512781769037247,-28.52384376525879,-7.0,7.0,1.7275222539901733,0.4173537790775299,0.17936904728412628,-0.21104846894741058,286
population,10,carpet,9,1750,0.061545245349407196,0.06151732802391052,-2.2959842681884766,0.07505273073911667,-28.93700408935547,-7.0,7.0,1.8661552667617798,0.47100791335105896,0.20162220299243927,-0.21177737414836884,287
population,10,carpet,10,1750,0.04360650107264519,0.04579669237136841,-2.356142997741699,0.07497771829366684,-28.848636627197266,-7.0,7.0,1.9341224431991577,0.36372247338294983,0.18043170869350433,-0.20003893971443176,288
population,10,carpet,11,1750,0.07516209781169891,0.08793383091688156,-2.416107416152954,0.07490278780460358,-28.321640014648438,-7.0,7.0,1.893925428390503,0.47871771454811096,0.2240082025527954,-0.21344344317913055,289
population,10,carpet,12,1750,0.06249355524778366,0.06135265901684761,-2.592419385910034,0.07482792437076569,-28.81954002380371,-7.0,7.0,1.9306776523590088,0.33817461133003235,0.20134775340557098,-0.2107265740633011,290
population,10,carpet,13,1750,0.05460098758339882,0.057653144001960754,-2.589036226272583,0.07475314289331436,-27.965856552124023,-7.0,7.0,1.9010255336761475,0.4779929220676422,0.2239203155040741,-0.2182004749774933,291
population,10,carpet,14,1750,0.0428353026509285,0.05238702520728111,-2.440124750137329,0.07467842847108841,-27.10597038269043,-7.0,7.0,1.9360365867614746,0.4632519781589508,0.27367663383483887,-0.2334129810333252,292
population,10,carpet,15,1750,0.0665154755115509,0.059736527502536774,-2.356543779373169,0.07460379600524902,-27.447837829589844,-7.0,7.0,1.8169090747833252,0.6045219302177429,0.24356761574745178,-0.23406720161437988,293
population,10,carpet,16,1750,0.07196582853794098,0.08991965651512146,-2.3452820777893066,0.0745292380452156,-27.466981887817383,-7.0,7.0,1.8905599117279053,0.4351519048213959,0.23041976988315582,-0.22901666164398193,294
population,10,carpet,17,1750,0.04623890668153763,0.037305425852537155,-2.491828441619873,0.07445474714040756,-27.358104705810547,-7.0,7.0,1.9541995525360107,0.4649962782859802,0.25911521911621094,-0.2373388707637787,295
population,10,carpet,18,1750,0.048674363642930984,0.0537608377635479,-2.534470796585083,0.07438033819198608,-28.166717529296875,-7.0,7.0,1.9887676239013672,0.4159988760948181,0.236710786819458,-0.22293472290039062,296
population,10,carpet,19,1750,0.04295297712087631,0.0506785549223423,-2.621829032897949,0.07430599629878998,-28.27098274230957,-7.0,7.0,1.931252121925354,0.49040573835372925,0.2355019748210907,-0.21901901066303253,297
population,10,carpet,20,1750,0.043952617794275284,0.04306681081652641,-2.5161960124969482,0.07423173636198044,-28.637187957763672,-7.0,7.0,2.056497812271118,0.37402093410491943,0.22787225246429443,-0.22036364674568176,298
population,10,carpet,21,1750,0.04686221480369568,0.04514038935303688,-2.465160608291626,0.07415754348039627,-27.530914306640625,-7.0,7.0,1.9015161991119385,0.523664653301239,0.28061896562576294,-0.22679686546325684,299
population,10,carpet,22,1750,0.03763889893889427,0.03810730203986168,-2.421922206878662,0.07408343255519867,-28.52342414855957,-7.0,7.0,1.9490673542022705,0.2728548049926758,0.22397960722446442,-0.21755968034267426,300
population,10,carpet,23,1750,0.06526613235473633,0.0753522515296936,-2.384945869445801,0.07400938868522644,-27.606735229492188,-7.0,7.0,1.8681519031524658,0.5485121607780457,0.2885200083255768,-0.23625695705413818,301
population,10,carpet,24,1750,0.05007698014378548,0.059899672865867615,-2.381787061691284,0.07393541932106018,-27.46279525756836,-7.0,7.0,1.9234727621078491,0.5453430414199829,0.2968634068965912,-0.24592825770378113,302
population,10,carpet,25,1750,0.05766937881708145,0.051399506628513336,-2.5853397846221924,0.07386153191328049,-27.86619758605957,-7.0,7.0,1.9827619791030884,0.5557740330696106,0.2782363295555115,-0.23228247463703156,303
population,10,carpet,26,1750,0.051191456615924835,0.057194553315639496,-2.6605260372161865,0.07378771156072617,-27.7799072265625,-7.0,7.0,1.9699658155441284,0.46671903133392334,0.2688247263431549,-0.24280956387519836,304
population,10,carpet,27,1750,0.03309817984700203,0.03564897179603577,-2.6592416763305664,0.07371396571397781,-27.293066024780273,-7.0,7.0,2.0148942470550537,0.3717903196811676,0.2399735450744629,-0.25266802310943604,305
population,10,carpet,28,1750,0.05341827869415283,0.051253363490104675,-2.505385637283325,0.07364029437303543,-27.822107315063477,-7.0,7.0,2.1201364994049072,0.42333027720451355,0.26588281989097595,-0.25560712814331055,306
population,10,carpet,29,1750,0.0405438058078289,0.04437169060111046,-2.4849276542663574,0.07356669753789902,-27.790050506591797,-7.0,7.0,1.9660682678222656,0.48212963342666626,0.2530811131000519,-0.26637059450149536,307
population,10,carpet,30,1750,0.06078846752643585,0.06228320673108101,-2.480315685272217,0.07349316775798798,-27.998926162719727,-7.0,7.0,1.9777438640594482,0.4688733220100403,0.2739758789539337,-0.2670268416404724,308
population,10,carpet,31,1750,0.0462055578827858,0.04743305221199989,-2.553549289703369,0.0734197199344635,-28.04509162902832,-7.0,7.0,2.0036628246307373,0.443808376789093,0.24148233234882355,-0.27887800335884094,309
population,10,carpet,32,1750,0.06061553210020065,0.0623089000582695,-2.634356737136841,0.0733463391661644,-27.51840591430664,-7.0,7.0,1.968279480934143,0.5208746194839478,0.2846866548061371,-0.29396817088127136,310
population,10,carpet,33,1750,0.03637145832180977,0.04214755818247795,-2.680570125579834,0.07327304035425186,-27.4385929107666,-7.0,7.0,1.9081051349639893,0.47125449776649475,0.2772921323776245,-0.28946346044540405,311
population,10,carpet,34,1750,0.03888002783060074,0.041650742292404175,-2.626835346221924,0.0731998085975647,-28.080060958862305,-7.0,7.0,2.0463476181030273,0.5001111626625061,0.27001941204071045,-0.2956606447696686,312
population,10,carpet,35,1750,0.03100193291902542,0.03596218675374985,-2.607241153717041,0.0731266513466835,-27.462730407714844,-7.0,7.0,1.9730894565582275,0.4343700110912323,0.272260844707489,-0.3008076250553131,313
population,10,carpet,36,1750,0.05176885053515434,0.04489271342754364,-2.56836199760437,0.07305356115102768,-26.838285446166992,-7.0,7.0,2.01591420173645,0.3983345925807953,0.30780670046806335,-0.2973661422729492,314
population,10,carpet,37,1750,0.04575871303677559,0.05116010457277298,-2.5408833026885986,0.07298055291175842,-28.214191436767578,-7.0,7.0,2.063729763031006,0.43398958444595337,0.32457754015922546,-0.29434919357299805,315
population,10,carpet,38,1750,0.06400755792856216,0.07050351053476334,-2.5034608840942383,0.07290761172771454,-26.711259841918945,-7.0,7.0,1.8916133642196655,0.37115398049354553,0.32660821080207825,-0.32584890723228455,316
population,10,carpet,39,1750,0.04989346116781235,0.053129181265830994,-2.614387273788452,0.07283474504947662,-26.843149185180664,-7.0,7.0,1.9917986392974854,0.481369286775589,0.3298819363117218,-0.31570273637771606,317
population,10,carpet,40,1750,0.05409358814358711,0.051318902522325516,-2.695315361022949,0.07276195287704468,-26.39386749267578,-7.0,7.0,2.037271738052368,0.5412936210632324,0.32464149594306946,-0.30631616711616516,318
population,10,carpet,41,1750,0.044982749968767166,0.05098097026348114,-2.5577592849731445,0.0726892352104187,-26.56792640686035,-7.0,7.0,2.022217273712158,0.43438246846199036,0.34510836005210876,-0.2941705584526062,319
population,10,carpet,42,1750,0.047575660049915314,0.05150299519300461,-2.6164636611938477,0.0726165845990181,-27.742664337158203,-7.0,7.0,2.0293772220611572,0.500497043132782,0.3053676187992096,-0.2900375723838806,320
population,10,carpet,43,1750,0.0671120136976242,0.06769117712974548,-2.514063835144043,0.07254400849342346,-26.723976135253906,-7.0,7.0,2.1430368423461914,0.6337475180625916,0.3100392520427704,-0.2712840437889099,321
population,10,carpet,44,1750,0.03734298422932625,0.03817309811711311,-2.6542701721191406,0.0724715068936348,-27.5842227935791,-7.0,7.0,2.063091516494751,0.4393456280231476,0.2904561161994934,-0.2556629180908203,322
population,10,carpet,45,1750,0.04322388023138046,0.043427057564258575,-2.723325252532959,0.0723990797996521,-27.669452667236328,-7.0,7.0,2.12074875831604,0.39906445145606995,0.27456173300743103,-0.25176578760147095,323
population,10,carpet,46,1750,0.058139778673648834,0.06301464140415192,-2.753554582595825,0.07232671976089478,-29.263565063476562,-7.0,7.0,2.1662368774414062,0.4124523401260376,0.2491004467010498,-0.23590126633644104,324
population,10,carpet,47,1750,0.03951794654130936,0.04244062304496765,-2.6247482299804688,0.07225443422794342,-28.392194747924805,-7.0,7.0,2.087874412536621,0.47594937682151794,0.24088895320892334,-0.24400976300239563,325
population,10,carpet,48,1750,0.03627866134047508,0.035080436617136,-2.583493947982788,0.07218222320079803,-28.409250259399414,-7.0,7.0,2.1483352184295654,0.3408816456794739,0.2177855670452118,-0.2343713939189911,326
population,10,carpet,49,1750,0.05707500874996185,0.06827651709318161,-2.5438828468322754,0.07211007922887802,-29.17826271057129,-7.0,7.0,2.2433927059173584,0.5113736987113953,0.2602250277996063,-0.21841685473918915,327
population,10,carpet,50,1750,0.03795795887708664,0.04149128124117851,-2.669973850250244,0.07203800976276398,-28.851472854614258,-7.0,7.0,2.0808465480804443,0.5259376764297485,0.22715218365192413,-0.23335155844688416,328
individual,11,carpet,1,1925,0.045911215245723724,0.04880204051733017,-2.7018985748291016,0.0719660148024559,-28.232826232910156,-7.0,7.0,2.0770368576049805,0.5322615504264832,0.28469106554985046,-0.22451578080654144,329
individual,11,carpet,2,1925,0.042926181107759476,0.043193187564611435,-2.681565284729004,0.0718940868973732,-27.924373626708984,-7.0,7.0,2.1967110633850098,0.4572524428367615,0.2769903540611267,-0.2097351998090744,330
individual,11,carpet,3,1925,0.035449910908937454,0.03609919175505638,-2.6571743488311768,0.07182224094867706,-28.279682159423828,-7.0,7.0,2.147395133972168,0.4748528003692627,0.26775893568992615,-0.21430706977844238,331
individual,11,carpet,4,1925,0.04257707670331001,0.04229146987199783,-2.6389615535736084,0.0717504546046257,-28.515005111694336,-7.0,7.0,2.1322569847106934,0.5372070670127869,0.28235429525375366,-0.20145286619663239,332
individual,11,carpet,5,1925,0.06376100331544876,0.056051548570394516,-2.7096762657165527,0.07167875021696091,-28.408031463623047,-7.0,7.0,2.10776424407959,0.45195767283439636,0.2812241017818451,-0.21020743250846863,333
individual,11,carpet,6,1925,0.04327325150370598,0.04379383847117424,-2.7133398056030273,0.07160711288452148,-27.82014274597168,-7.0,7.0,2.1531319618225098,0.4058719575405121,0.2585061192512512,-0.18691036105155945,334
individual,11,carpet,7,1925,0.04965520277619362,0.048418983817100525,-2.6338181495666504,0.07153554260730743,-28.175050735473633,-7.0,7.0,2.100362777709961,0.386486679315567,0.27223169803619385,-0.19718149304389954,335
individual,11,carpet,8,1925,0.03407622128725052,0.03514919802546501,-2.6456174850463867,0.07146404683589935,-28.44009780883789,-7.0,7.0,2.127753496170044,0.3279224932193756,0.28209546208381653,-0.2029920518398285,336
individual,11,carpet,9,1925,0.044590696692466736,0.04770094156265259,-2.8298585414886475,0.07139262557029724,-27.802568435668945,-7.0,7.0,2.110762357711792,0.5120275020599365,0.27052539587020874,-0.19179320335388184,337
individual,11,carpet,10,1925,0.03007712960243225,0.025192465633153915,-2.7857894897460938,0.0713212713599205,-28.22884178161621,-7.0,7.0,2.2604169845581055,0.3904168903827667,0.23838169872760773,-0.19757521152496338,338
individual,11,carpet,11,1925,0.03863551840186119,0.03992099687457085,-2.701061725616455,0.07124999165534973,-28.961183547973633,-7.0,7.0,2.3085403442382812,0.3892679512500763,0.2630801200866699,-0.1927623301744461,339
individual,11,carpet,12,1925,0.053993720561265945,0.05713631585240364,-2.713264226913452,0.07117878645658493,-29.30933380126953,-7.0,7.0,2.2369492053985596,0.36955881118774414,0.25340014696121216,-0.2072344720363617,340
individual,11,carpet,13,1925,0.037289489060640335,0.033373914659023285,-2.7128286361694336,0.0711076483130455,-28.395187377929688,-7.0,7.0,2.2534546852111816,0.38076773285865784,0.26171597838401794,-0.20684459805488586,341
individual,11,carpet,14,1925,0.042614709585905075,0.04210696369409561,-2.7649126052856445,0.07103657722473145,-28.188283920288086,-7.0,7.0,2.2917068004608154,0.4382501244544983,0.2497107833623886,-0.19815531373023987,342
individual,11,carpet,15,1925,0.03173868730664253,0.029642917215824127,-2.7813315391540527,0.07096558064222336,-27.956214904785156,-7.0,7.0,2.156604051589966,0.47361624240875244,0.3092513978481293,-0.2042684108018875,343
individual,11,carpet,16,1925,0.028450876474380493,0.03284395858645439,-2.7405762672424316,0.07089465856552124,-28.168792724609375,-7.0,7.0,2.3357300758361816,0.39128464460372925,0.2312336266040802,-0.19988082349300385,344
individual,11,carpet,17,1925,0.041485745459795,0.043064143508672714,-2.6924028396606445,0.0708238035440445,-28.66007423400879,-7.0,7.0,2.275651454925537,0.38786792755126953,0.24415847659111023,-0.2027081698179245,345
individual,11,carpet,18,1925,0.03391912579536438,0.03458869829773903,-2.739250659942627,0.07075302302837372,-28.434709548950195,-7.0,7.0,2.236954689025879,0.4787694811820984,0.27320772409439087,-0.2039773315191269,346
individual,11,carpet,19,1925,0.033925123512744904,0.03535626083612442,-2.7588131427764893,0.07068230956792831,-27.87157440185547,-7.0,7.0,2.2361857891082764,0.3601750433444977,0.24564909934997559,-0.21210229396820068,347
individual,11,carpet,20,1925,0.029895002022385597,0.030437279492616653,-2.8396220207214355,0.07061166316270828,-28.440841674804688,-7.0,7.0,2.4249179363250732,0.4017123281955719,0.23940156400203705,-0.21173124015331268,348
individual,11,carpet,21,1925,0.04182422161102295,0.03965171426534653,-2.9345297813415527,0.07054109871387482,-29.11595344543457,-7.0,7.0,2.34812068939209,0.3439461290836334,0.20952768623828888,-0.21055381000041962,349
individual,11,carpet,22,1925,0.042212266474962234,0.04153713956475258,-2.8708038330078125,0.07047059386968613,-27.517261505126953,-7.0,7.0,2.2429869174957275,0.5363013744354248,0.25634458661079407,-0.2144409567117691,350
individual,11,carpet,23,1925,0.06326723098754883,0.05952925235033035,-2.790776252746582,0.0704001635313034,-28.889450073242188,-7.0,7.0,2.4260172843933105,0.4006218910217285,0.20800025761127472,-0.2144961655139923,351
individual,11,carpet,24,1925,0.05786358192563057,0.05665368586778641,-2.810694932937622,0.07032980769872665,-28.95537757873535,-7.0,7.0,2.413646697998047,0.3800504505634308,0.2170061618089676,-0.21948261559009552,352
individual,11,carpet,25,1925,0.03635599836707115,0.037558309733867645,-2.90087628364563,0.07025951147079468,-28.322965621948242,-7.0,7.0,2.339930534362793,0.5162641406059265,0.2277359664440155,-0.22632484138011932,353
individual,11,carpet,26,1925,0.05046642944216728,0.052933454513549805,-3.022911787033081,0.07018929719924927,-27.787673950195312,-7.0,7.0,2.355747699737549,0.45149993896484375,0.21361757814884186,-0.23825015127658844,354
individual,11,carpet,27,1925,0.033734727650880814,0.02914966642856598,-2.893249750137329,0.07011914253234863,-28.628021240234375,-7.0,7.0,2.255363702774048,0.43045663833618164,0.2234210968017578,-0.24195627868175507,355
individual,11,carpet,28,1925,0.07845349609851837,0.07662308216094971,-2.8655800819396973,0.07004906982183456,-28.320955276489258,-7.0,7.0,2.3146228790283203,0.42494502663612366,0.21968820691108704,-0.243729829788208,356
individual,11,carpet,29,1925,0.03251774236559868,0.03402576595544815,-2.8276610374450684,0.06997905671596527,-27.717313766479492,-7.0,7.0,2.3376924991607666,0.3780806064605713,0.20684178173542023,-0.25280484557151794,357
individual,11,carpet,30,1925,0.027158893644809723,0.027037136256694794,-2.8804397583007812,0.06990911811590195,-29.26630401611328,-7.0,7.0,2.3578128814697266,0.4251402020454407,0.21365652978420258,-0.26231807470321655,358
individual,11,carpet,31,1925,0.054440997540950775,0.05463656783103943,-2.959545850753784,0.06983925402164459,-28.520299911499023,-7.0,7.0,2.3816614151000977,0.504987359046936,0.23497727513313293,-0.26631036400794983,359
individual,11,carpet,32,1925,0.02790914848446846,0.03165675699710846,-2.932835340499878,0.06976944953203201,-28.5152530670166,-7.0,7.0,2.4060938358306885,0.4742996394634247,0.21470899879932404,-0.2719533145427704,360
individual,11,carpet,33,1925,0.05223637446761131,0.05674029141664505,-2.9314475059509277,0.0696997195482254,-28.1995849609375,-7.0,7.0,2.2489936351776123,0.673395574092865,0.24970541894435883,-0.2763667702674866,361
individual,11,carpet,34,1925,0.03718472644686699,0.035556744784116745,-2.8676397800445557,0.06963006407022476,-27.7255802154541,-7.0,7.0,2.500613212585449,0.42670324444770813,0.2419389933347702,-0.28624048829078674,362
individual,11,carpet,35,1925,0.043831270188093185,0.045142725110054016,-2.940485954284668,0.0695604681968689,-28.713340759277344,-7.0,7.0,2.461796283721924,0.3934594988822937,0.22217261791229248,-0.2883985936641693,363
individual,11,carpet,36,1925,0.06864423304796219,0.0646195113658905,-2.9809656143188477,0.0694909542798996,-28.420486450195312,-7.0,7.0,2.4106178283691406,0.5274955034255981,0.23181629180908203,-0.28839048743247986,364
individual,11,carpet,37,1925,0.05333798751235008,0.054626259952783585,-3.05816912651062,0.06942149996757507,-27.948898315429688,-7.0,7.0,2.4812207221984863,0.3955193758010864,0.24564315378665924,-0.2987668514251709,365
individual,11,carpet,38,1925,0.036769263446331024,0.03785623237490654,-2.981508731842041,0.06935212016105652,-27.612260818481445,-7.0,7.0,2.475254535675049,0.4724316895008087,0.23932470381259918,-0.2938586175441742,366
individual,11,carpet,39,1925,0.04247325286269188,0.041730865836143494,-3.003462076187134,0.06928280740976334,-28.298202514648438,-7.0,7.0,2.5263595581054688,0.35037052631378174,0.21771325170993805,-0.2945345342159271,367
individual,11,carpet,40,1925,0.028748545795679092,0.0280569177120924,-2.9242985248565674,0.06921356171369553,-27.809635162353516,-7.0,7.0,2.390653610229492,0.4033619463443756,0.2484472244977951,-0.2765718996524811,368
individual,11,carpet,41,1925,0.04363841935992241,0.05354908108711243,-2.9485177993774414,0.06914439052343369,-28.667984008789062,-7.0,7.0,2.553682565689087,0.43511050939559937,0.2365597039461136,-0.27795329689979553,369
individual,11,carpet,42,1925,0.03595710173249245,0.039262913167476654,-3.057030200958252,0.06907528638839722,-28.319894790649414,-7.0,7.0,2.465353488922119,0.49714821577072144,0.23555836081504822,-0.2572415769100189,370
individual,11,carpet,43,1925,0.062017809599637985,0.06565658003091812,-3.099180221557617,0.06900624930858612,-28.10432243347168,-7.0,7.0,2.437312126159668,0.5585817694664001,0.24820081889629364,-0.254140704870224,371
individual,11,carpet,44,1925,0.0335206501185894,0.03636693209409714,-3.061086654663086,0.0689372792840004,-29.27552032470703,-7.0,7.0,2.366262912750244,0.4830116033554077,0.22964094579219818,-0.2530512809753418,372
individual,11,carpet,45,1925,0.05208640173077583,0.05586286261677742,-2.9795925617218018,0.06886838376522064,-27.537817001342773,-7.0,7.0,2.3056116104125977,0.5856828689575195,0.24791431427001953,-0.2520119547843933,373
individual,11,carpet,46,1925,0.06168447434902191,0.06280193477869034,-2.81567645072937,0.06879955530166626,-29.059837341308594,-7.0,7.0,2.5596563816070557,0.4513217508792877,0.20817886292934418,-0.2596009075641632,374
individual,11,carpet,47,1925,0.05325799062848091,0.0612424872815609,-2.9660189151763916,0.06873079389333725,-27.915925979614258,-7.0,7.0,2.585597515106201,0.4285103380680084,0.21768787503242493,-0.254610538482666,375
individual,11,carpet,48,1925,0.049525901675224304,0.04620939865708351,-3.1681742668151855,0.06866209954023361,-29.172916412353516,-7.0,7.0,2.559460163116455,0.40816107392311096,0.21868644654750824,-0.2576862871646881,376
individual,11,carpet,49,1925,0.07051559537649155,0.07237028330564499,-3.235762119293213,0.06859347969293594,-28.931467056274414,-7.0,7.0,2.6729178428649902,0.3157461881637573,0.22275801002979279,-0.25828343629837036,377
individual,11,carpet,50,1925,0.035195305943489075,0.04387250915169716,-3.1450061798095703,0.06852492690086365,-28.33234214782715,-7.0,7.0,2.5042335987091064,0.4759843647480011,0.24368426203727722,-0.2565441131591797,378
population,11,carpet,1,1925,0.05037940293550491,0.050688616931438446,-2.781748056411743,0.0719660148024559,-28.88431739807129,-7.0,7.0,2.0852439403533936,0.49540871381759644,0.20960208773612976,-0.23046718537807465,329
population,11,carpet,2,1925,0.0398852676153183,0.03964751213788986,-2.70552921295166,0.0718940868973732,-28.903112411499023,-7.0,7.0,2.0924952030181885,0.46559059619903564,0.22245678305625916,-0.2322404384613037,330
population,11,carpet,3,1925,0.030693037435412407,0.03462953865528107,-2.6312789916992188,0.07182224094867706,-28.969945907592773,-7.0,7.0,2.2715964317321777,0.3077746629714966,0.17491579055786133,-0.24630789458751678,331
population,11,carpet,4,1925,0.04274004325270653,0.04601835459470749,-2.588618278503418,0.0717504546046257,-29.283782958984375,-7.0,7.0,2.203068256378174,0.460598886013031,0.22564557194709778,-0.23825302720069885,332
population,11,carpet,5,1925,0.04282749444246292,0.04959116876125336,-2.615917682647705,0.07167875021696091,-28.539108276367188,-7.0,7.0,2.165903329849243,0.4819542169570923,0.23598551750183105,-0.24729718267917633,333
population,11,carpet,6,1925,0.04684501886367798,0.049950286746025085,-2.750293254852295,0.07160711288452148,-27.59761619567871,-7.0,7.0,2.205430269241333,0.37411895394325256,0.22422227263450623,-0.2671974003314972,334
population,11,carpet,7,1925,0.0930214375257492,0.09182322025299072,-2.9101357460021973,0.07153554260730743,-27.646041870117188,-7.0,7.0,2.167901039123535,0.5455242991447449,0.27327486872673035,-0.2648407816886902,335
population,11,carpet,8,1925,0.026440318673849106,0.029153048992156982,-2.7558794021606445,0.07146404683589935,-27.84099006652832,-7.0,7.0,2.1777923107147217,0.4369238018989563,0.24180448055267334,-0.2833959460258484,336
population,11,carpet,9,1925,0.05609222501516342,0.05266248434782028,-2.6992831230163574,0.07139262557029724,-27.61613655090332,-7.0,7.0,2.213151216506958,0.359256386756897,0.25676241517066956,-0.28511542081832886,337
population,11,carpet,10,1925,0.03818495571613312,0.03549840673804283,-2.608015775680542,0.0713212713599205,-27.352542877197266,-7.0,7.0,2.158992290496826,0.4081479609012604,0.2361653596162796,-0.2894401550292969,338
population,11,carpet,11,1925,0.05389626696705818,0.05413353070616722,-2.6465976238250732,0.07124999165534973,-27.376453399658203,-7.0,7.0,2.1732420921325684,0.4241894781589508,0.24894489347934723,-0.28757596015930176,339
population,11,carpet,12,1925,0.06375125050544739,0.04722771793603897,-2.840428590774536,0.07117878645658493,-27.46585464477539,-7.0,7.0,2.2800917625427246,0.304727166891098,0.20566900074481964,-0.28627344965934753,340
population,11,carpet,13,1925,0.04576675966382027,0.05059241130948067,-2.852745294570923,0.0711076483130455,-28.567378997802734,-7.0,7.0,2.378415822982788,0.3724953532218933,0.19967079162597656,-0.28621378540992737,341
population,11,carpet,14,1925,0.07033772766590118,0.08732220530509949,-2.9039180278778076,0.07103657722473145,-28.578975677490234,-7.0,7.0,2.2281558513641357,0.6249817609786987,0.19403786957263947,-0.27755871415138245,342
population,11,carpet,15,1925,0.052583321928977966,0.06642930954694748,-2.910147190093994,0.07096558064222336,-28.01665496826172,-7.0,7.0,2.262937068939209,0.3751205801963806,0.2213110774755478,-0.275145024061203,343
population,11,carpet,16,1925,0.04110938683152199,0.03839537128806114,-2.828958511352539,0.07089465856552124,-28.423248291015625,-7.0,7.0,2.3234572410583496,0.4465472400188446,0.21819962561130524,-0.2729472815990448,344
population,11,carpet,17,1925,0.03250347822904587,0.03793511539697647,-2.781730890274048,0.0708238035440445,-28.7799129486084,-7.0,7.0,2.3278207778930664,0.4305419325828552,0.2026226669549942,-0.2765781879425049,345
population,11,carpet,18,1925,0.049661628901958466,0.05960216373205185,-2.69618821144104,0.07075302302837372,-28.034542083740234,-7.0,7.0,2.3481643199920654,0.44946739077568054,0.20906388759613037,-0.27024149894714355,346
population,11,carpet,19,1925,0.04773906618356705,0.049081262201070786,-2.8576395511627197,0.07068230956792831,-28.753976821899414,-7.0,7.0,2.2715229988098145,0.40869560837745667,0.19788071513175964,-0.27888575196266174,347
population,11,carpet,20,1925,0.04052038490772247,0.047227535396814346,-2.9534366130828857,0.07061166316270828,-27.723907470703125,-7.0,7.0,2.2901103496551514,0.41943153738975525,0.23247091472148895,-0.2697596251964569,348
population,11,carpet,21,1925,0.04768320545554161,0.055201005190610886,-2.9972658157348633,0.07054109871387482,-27.38728904724121,-7.0,7.0,2.28289532661438,0.5569998025894165,0.2505028545856476,-0.26621729135513306,349
population,11,carpet,22,1925,0.060242895036935806,0.061263006180524826,-2.866179943084717,0.07047059386968613,-27.882415771484375,-7.0,7.0,2.411914110183716,0.5321605205535889,0.24184003472328186,-0.264739453792572,350
population,11,carpet,23,1925,0.044204000383615494,0.04595235735177994,-2.798598051071167,0.0704001635313034,-27.582029342651367,-7.0,7.0,2.260890483856201,0.5249201655387878,0.2481861412525177,-0.27401408553123474,351
population,11,carpet,24,1925,0.033083636313676834,0.042705100029706955,-2.7485122680664062,0.07032980769872665,-28.045427322387695,-7.0,7.0,2.1899826526641846,0.5800071954727173,0.27312448620796204,-0.2652055323123932,352
population,11,carpet,25,1925,0.0460214801132679,0.046780019998550415,-2.860887289047241,0.07025951147079468,-27.824321746826172,-7.0,7.0,2.428302049636841,0.4158209264278412,0.21188373863697052,-0.2741909623146057,353
population,11,carpet,26,1925,0.04995041713118553,0.05996135249733925,-2.888413906097412,0.07018929719924927,-27.13273811340332,-7.0,7.0,2.3211710453033447,0.5917354822158813,0.2709313929080963,-0.2578307092189789,354
population,11,carpet,27,1925,0.035254769027233124,0.03128674626350403,-2.990222215652466,0.07011914253234863,-27.943561553955078,-7.0,7.0,2.5603983402252197,0.44367295503616333,0.24355784058570862,-0.25771355628967285,355
population,11,carpet,28,1925,0.0662674531340599,0.08115947246551514,-3.0503928661346436,0.07004906982183456,-29.491485595703125,-7.0,7.0,2.387540102005005,0.5323559045791626,0.2522532343864441,-0.23991164565086365,356
population,11,carpet,29,1925,0.05904506891965866,0.056517306715250015,-3.0610101222991943,0.06997905671596527,-28.384490966796875,-7.0,7.0,2.434939384460449,0.46479567885398865,0.24197649955749512,-0.25871261954307556,357
population,11,carpet,30,1925,0.026875389739871025,0.028267065063118935,-2.8516242504119873,0.06990911811590195,-28.818157196044922,-7.0,7.0,2.4293456077575684,0.38755089044570923,0.23332396149635315,-0.26851949095726013,358
population,11,carpet,31,1925,0.057216204702854156,0.0694756805896759,-2.785676956176758,0.06983925402164459,-27.489849090576172,-7.0,7.0,2.182863235473633,0.5898324251174927,0.3128930926322937,-0.25095146894454956,359
population,11,carpet,32,1925,0.03208022192120552,0.03613065928220749,-2.915588140487671,0.06976944953203201,-27.488346099853516,-7.0,7.0,2.407731294631958,0.36349883675575256,0.2880774438381195,-0.2666285037994385,360
population,11,carpet,33,1925,0.03714162856340408,0.04034147784113884,-2.959886074066162,0.0696997195482254,-28.024991989135742,-7.0,7.0,2.4161312580108643,0.5094413757324219,0.25169476866722107,-0.25544679164886475,361
population,11,carpet,34,1925,0.06478433310985565,0.07321992516517639,-3.0582098960876465,0.06963006407022476,-29.091123580932617,-7.0,7.0,2.471562147140503,0.47950631380081177,0.2599126100540161,-0.2604104280471802,362
population,11,carpet,35,1925,0.05157032981514931,0.05780978128314018,-2.9969310760498047,0.0695604681968689,-27.8255558013916,-7.0,7.0,2.576554775238037,0.45003122091293335,0.2665010988712311,-0.2635622024536133,363
population,11,carpet,36,1925,0.03692719340324402,0.036420438438653946,-2.9799695014953613,0.0694909542798996,-26.85688591003418,-7.0,7.0,2.2366926670074463,0.5309826135635376,0.2828750014305115,-0.2637424170970917,364
population,11,carpet,37,1925,0.02797747030854225,0.030256090685725212,-2.9124398231506348,0.06942149996757507,-28.233598709106445,-7.0,7.0,2.3978676795959473,0.465872585773468,0.2642063796520233,-0.2651655375957489,365
population,11,carpet,38,1925,0.07012639939785004,0.08254378288984299,-2.94087290763855,0.06935212016105652,-28.498628616333008,-7.0,7.0,2.6010830402374268,0.5415313839912415,0.2583790719509125,-0.2589065134525299,366
population,11,carpet,39,1925,0.04356794059276581,0.038042619824409485,-2.920004367828369,0.06928280740976334,-28.45784568786621,-7.0,7.0,2.540513038635254,0.500723659992218,0.2523631751537323,-0.2544457018375397,367
population,11,carpet,40,1925,0.055673692375421524,0.06143707036972046,-3.059739589691162,0.06921356171369553,-28.011423110961914,-7.0,7.0,2.5318374633789062,0.4616924822330475,0.2328014373779297,-0.27071601152420044,368
population,11,carpet,41,1925,0.03983967378735542,0.048372603952884674,-3.036952018737793,0.06914439052343369,-28.109041213989258,-7.0,7.0,2.4983367919921875,0.39318400621414185,0.2465754896402359,-0.277019202709198,369
population,11,carpet,42,1925,0.05560537800192833,0.05637948960065842,-3.0179052352905273,0.06907528638839722,-28.361190795898438,-7.0,7.0,2.502878427505493,0.3755236864089966,0.26369795203208923,-0.28298476338386536,370
population,11,carpet,43,1925,0.06076784059405327,0.06166529655456543,-2.9760067462921143,0.06900624930858612,-26.65988540649414,-7.0,7.0,2.3920445442199707,0.49352195858955383,0.28616905212402344,-0.2771494686603546,371
population,11,carpet,44,1925,0.06000182777643204,0.05866815149784088,-3.063894271850586,0.0689372792840004,-27.395536422729492,-7.0,7.0,2.434481620788574,0.4690103828907013,0.2891092002391815,-0.28442540764808655,372
population,11,carpet,45,1925,0.06507988274097443,0.06848300248384476,-3.0880088806152344,0.06886838376522064,-27.943002700805664,-7.0,7.0,2.42513108253479,0.3953001797199249,0.2954314351081848,-0.280363529920578,373
population,11,carpet,46,1925,0.05434998497366905,0.06316283345222473,-3.1566526889801025,0.06879955530166626,-27.603940963745117,-7.0,7.0,2.427826404571533,0.3946586549282074,0.27625831961631775,-0.28864559531211853,374
population,11,carpet,47,1925,0.037202611565589905,0.03264136239886284,-2.9856066703796387,0.06873079389333725,-26.843673706054688,-7.0,7.0,2.5430729389190674,0.5170739889144897,0.331532746553421,-0.27652281522750854,375
population,11,carpet,48,1925,0.05819343402981758,0.062280021607875824,-2.947495937347412,0.06866209954023361,-27.20907211303711,-7.0,7.0,2.568493366241455,0.4959961771965027,0.3021731674671173,-0.27982601523399353,376
population,11,carpet,49,1925,0.058349065482616425,0.06334251165390015,-3.0123839378356934,0.06859347969293594,-29.177684783935547,-7.0,7.0,2.5111324787139893,0.4691299796104431,0.2617950141429901,-0.2714950144290924,377
population,11,carpet,50,1925,0.05336923897266388,0.040753431618213654,-3.1629269123077393,0.06852492690086365,-27.478492736816406,-7.0,7.0,2.598994493484497,0.39741331338882446,0.26070329546928406,-0.26257750391960144,378
individual,12,carpet,1,2100,0.04047739878296852,0.03803299739956856,-2.940847873687744,0.06845644116401672,-27.938573837280273,-7.0,7.0,2.5047450065612793,0.3927924335002899,0.22335867583751678,-0.2680646479129791,379
individual,12,carpet,2,2100,0.06885498762130737,0.0663500651717186,-2.861164093017578,0.06838802248239517,-29.04354476928711,-7.0,7.0,2.6018402576446533,0.438446968793869,0.21671853959560394,-0.2663940191268921,380
individual,12,carpet,3,2100,0.03146301954984665,0.04184079170227051,-2.949612855911255,0.06831967085599899,-28.509206771850586,-7.0,7.0,2.647371292114258,0.27622658014297485,0.21029318869113922,-0.2696123719215393,381
individual,12,carpet,4,2100,0.04310750961303711,0.03818893060088158,-3.133793830871582,0.06825139373540878,-27.925975799560547,-7.0,7.0,2.5975871086120605,0.46076101064682007,0.23958051204681396,-0.26895445585250854,382
individual,12,carpet,5,2100,0.08535714447498322,0.10117968171834946,-3.274596691131592,0.06818318367004395,-29.2542724609375,-7.0,7.0,2.57700252532959,0.42371416091918945,0.21479199826717377,-0.2753108739852905,383
individual,12,carpet,6,2100,0.040965061634778976,0.04915803298354149,-3.14450740814209,0.06811503320932388,-28.245281219482422,-7.0,7.0,2.5815787315368652,0.44096362590789795,0.20661087334156036,-0.28306373953819275,384
individual,12,carpet,7,2100,0.049251068383455276,0.0398329459130764,-2.9634742736816406,0.06804695725440979,-27.5162410736084,-7.0,7.0,2.44506573677063,0.5582555532455444,0.23334364593029022,-0.27929654717445374,385
individual,12,carpet,8,2100,0.09685380756855011,0.10507316142320633,-2.8920774459838867,0.06797895580530167,-28.010574340820312,-7.0,7.0,2.5849008560180664,0.47524189949035645,0.23071661591529846,-0.2736733853816986,386
individual,12,carpet,9,2100,0.03983844071626663,0.04119471088051796,-3.0778493881225586,0.06791101396083832,-28.73424530029297,-7.0,7.0,2.573934555053711,0.42772194743156433,0.23142489790916443,-0.2782873511314392,387
individual,12,carpet,10,2100,0.0566449873149395,0.03748474270105362,-3.296485424041748,0.06784313917160034,-28.261741638183594,-7.0,7.0,2.5788068771362305,0.3805101811885834,0.2300630360841751,-0.2836419343948364,388
individual,12,carpet,11,2100,0.08946647495031357,0.10338751971721649,-3.2543728351593018,0.06777533888816833,-28.446081161499023,-7.0,7.0,2.6593644618988037,0.36216026544570923,0.22186298668384552,-0.2892475426197052,389
individual,12,carpet,12,2100,0.06658565253019333,0.05223018303513527,-2.9781653881073,0.0677075982093811,-27.115163803100586,-7.0,7.0,2.5778605937957764,0.495695561170578,0.24428486824035645,-0.2845516502857208,390
individual,12,carpet,13,2100,0.0997382327914238,0.08890750259160995,-2.9108924865722656,0.06763993203639984,-29.170291900634766,-7.0,7.0,2.6275084018707275,0.5305375456809998,0.21258918941020966,-0.2824614942073822,391
individual,12,carpet,14,2100,0.06324909627437592,0.07691992074251175,-2.9944663047790527,0.06757232546806335,-28.184619903564453,-7.0,7.0,2.6868534088134766,0.3932855725288391,0.2317105084657669,-0.2754663825035095,392
individual,12,carpet,15,2100,0.033755358308553696,0.028558680787682533,-3.1847879886627197,0.06750479340553284,-28.02716827392578,-7.0,7.0,2.688298463821411,0.3127618730068207,0.22070357203483582,-0.26878905296325684,393
individual,12,carpet,16,2100,0.08278901875019073,0.06806088984012604,-3.2954354286193848,0.06743732839822769,-29.099300384521484,-7.0,7.0,2.6594271659851074,0.4656590521335602,0.20562151074409485,-0.2616090476512909,394
individual,12,carpet,17,2100,0.06453666090965271,0.07020259648561478,-3.240358591079712,0.06736993044614792,-29.687623977661133,-7.0,7.0,2.661383867263794,0.4873883128166199,0.20202338695526123,-0.2603263854980469,395
individual,12,carpet,18,2100,0.04435735568404198,0.04056601971387863,-3.1004157066345215,0.06730259954929352,-28.22850799560547,-7.0,7.0,2.5927810668945312,0.5127130150794983,0.22805531322956085,-0.24526117742061615,396
individual,12,carpet,19,2100,0.07323406636714935,0.06295884400606155,-3.0259790420532227,0.06723533570766449,-29.193405151367188,-7.0,7.0,2.7740020751953125,0.4105880856513977,0.20669129490852356,-0.250560462474823,397
individual,12,carpet,20,2100,0.04687971994280815,0.050216175615787506,-3.02547550201416,0.06716813892126083,-30.465383529663086,-7.0,7.0,2.6528711318969727,0.4996275305747986,0.2011580765247345,-0.24145086109638214,398
individual,12,carpet,21,2100,0.033989787101745605,0.040772974491119385,-3.14624285697937,0.06710100919008255,-28.754671096801758,-7.0,7.0,2.8364808559417725,0.3641316294670105,0.2048623263835907,-0.24922101199626923,399
individual,12,carpet,22,2100,0.06543298065662384,0.062270477414131165,-3.3147482872009277,0.06703394651412964,-28.805278778076172,-7.0,7.0,2.813434362411499,0.4959687292575836,0.2089453637599945,-0.24275647103786469,400
individual,12,carpet,23,2100,0.10460219532251358,0.10645905137062073,-3.3922219276428223,0.0669669508934021,-29.333660125732422,-7.0,7.0,2.580397605895996,0.6308579444885254,0.23518045246601105,-0.24689249694347382,401
individual,12,carpet,24,2100,0.019414978101849556,0.024792052805423737,-3.2281811237335205,0.06690002232789993,-28.575525283813477,-7.0,7.0,2.847473621368408,0.278644323348999,0.22519032657146454,-0.26207196712493896,402
individual,12,carpet,25,2100,0.06321787089109421,0.04939598590135574,-3.07877779006958,0.06683316081762314,-27.151153564453125,-7.0,7.0,2.5963234901428223,0.6734473705291748,0.2665746808052063,-0.2642270624637604,403
individual,12,carpet,26,2100,0.04857715964317322,0.053815580904483795,-3.121713161468506,0.06676636636257172,-28.11452865600586,-7.0,7.0,2.766153335571289,0.4426027536392212,0.24499477446079254,-0.279452919960022,404
individual,12,carpet,27,2100,0.03776967525482178,0.049357663840055466,-3.2186279296875,0.06669963896274567,-27.94607162475586,-7.0,7.0,2.8109941482543945,0.4029512107372284,0.254792183637619,-0.2900776267051697,405
individual,12,carpet,28,2100,0.07642406970262527,0.05788183584809303,-3.3604252338409424,0.06663297861814499,-27.558944702148438,-7.0,7.0,2.7646799087524414,0.34214258193969727,0.2291654348373413,-0.29742270708084106,406
individual,12,carpet,29,2100,0.06052633002400398,0.058670032769441605,-3.3681132793426514,0.06656637787818909,-28.5386962890625,-7.0,7.0,2.754502773284912,0.3949458599090576,0.24934610724449158,-0.29291534423828125,407
individual,12,carpet,30,2100,0.05753559246659279,0.05115039646625519,-3.2598114013671875,0.06649985164403915,-28.19899559020996,-7.0,7.0,2.8681511878967285,0.466668963432312,0.22071079909801483,-0.3093605637550354,408
individual,12,carpet,31,2100,0.02952597849071026,0.029661592096090317,-3.211779832839966,0.0664333924651146,-28.738178253173828,-7.0,7.0,2.778644323348999,0.4853259325027466,0.24346308410167694,-0.31063100695610046,409
individual,12,carpet,32,2100,0.062296509742736816,0.07246235013008118,-3.225390672683716,0.06636699289083481,-27.725589752197266,-7.0,7.0,2.756682872772217,0.48031356930732727,0.27834653854370117,-0.30754032731056213,410
individual,12,carpet,33,2100,0.0362648107111454,0.04008297622203827,-3.2751107215881348,0.06630066782236099,-27.801773071289062,-7.0,7.0,2.8451404571533203,0.34910663962364197,0.2602996230125427,-0.31201937794685364,411
individual,12,carpet,34,2100,0.04584416002035141,0.03651413321495056,-3.353327512741089,0.06623440235853195,-27.702125549316406,-7.0,7.0,2.804502248764038,0.4711533188819885,0.26042431592941284,-0.3056623041629791,412
individual,12,carpet,35,2100,0.03141564503312111,0.03206614777445793,-3.3409647941589355,0.06616820394992828,-28.67420196533203,-7.0,7.0,2.9506797790527344,0.30098721385002136,0.249847874045372,-0.3122248649597168,413
individual,12,carpet,36,2100,0.021472793072462082,0.021013502031564713,-3.2325212955474854,0.06610208004713058,-27.165729522705078,-7.0,7.0,2.8443331718444824,0.34961387515068054,0.24795474112033844,-0.308992475271225,414
individual,12,carpet,37,2100,0.04021736606955528,0.03700853884220123,-3.2018799781799316,0.06603601574897766,-28.537073135375977,-7.0,7.0,2.687649726867676,0.5460801720619202,0.27344197034835815,-0.28644368052482605,415
individual,12,carpet,38,2100,0.05509239807724953,0.05581678822636604,-3.238267183303833,0.06597001105546951,-27.841840744018555,-7.0,7.0,2.885328769683838,0.41007497906684875,0.2517356276512146,-0.2815534472465515,416
individual,12,carpet,39,2100,0.03288319706916809,0.03566594421863556,-3.3012518882751465,0.06590408086776733,-28.125640869140625,-7.0,7.0,2.9344706535339355,0.4299830198287964,0.24826230108737946,-0.27390754222869873,417
individual,12,carpet,40,2100,0.0650094524025917,0.05068792775273323,-3.426609516143799,0.06583821773529053,-27.931289672851562,-7.0,7.0,2.7577457427978516,0.5634431838989258,0.25507280230522156,-0.26845937967300415,418
individual,12,carpet,41,2100,0.06240997463464737,0.05468134209513664,-3.385964870452881,0.0657724142074585,-29.82261085510254,-7.0,7.0,2.822516441345215,0.5587506890296936,0.2511464059352875,-0.25321000814437866,419
individual,12,carpet,42,2100,0.04197361692786217,0.032826654613018036,-3.2684168815612793,0.06570667773485184,-28.75574493408203,-7.0,7.0,2.924633026123047,0.3244209587574005,0.22160066664218903,-0.24713267385959625,420
individual,12,carpet,43,2100,0.05200444161891937,0.040711432695388794,-3.2508926391601562,0.06564100831747055,-29.325725555419922,-7.0,7.0,2.9046313762664795,0.44389256834983826,0.23360265791416168,-0.23697935044765472,421
individual,12,carpet,44,2100,0.03469054028391838,0.04225931316614151,-3.2835135459899902,0.06557540595531464,-28.986835479736328,-7.0,7.0,2.758453607559204,0.4968787133693695,0.22309455275535583,-0.2369406521320343,422
individual,12,carpet,45,2100,0.033229827880859375,0.0368523970246315,-3.435750961303711,0.0655098706483841,-30.27048110961914,-7.0,7.0,2.835634708404541,0.46513983607292175,0.23397016525268555,-0.22869540750980377,423
individual,12,carpet,46,2100,0.04022965207695961,0.031949158757925034,-3.4705147743225098,0.06544439494609833,-29.28312110900879,-7.0,7.0,2.86965274810791,0.5134633183479309,0.22775915265083313,-0.23925648629665375,424
individual,12,carpet,47,2100,0.04456285387277603,0.03894288092851639,-3.422764539718628,0.06537899374961853,-29.545482635498047,-7.0,7.0,2.8719983100891113,0.32918310165405273,0.22317953407764435,-0.23269902169704437,425
individual,12,carpet,48,2100,0.04578119516372681,0.03901652246713638,-3.3038651943206787,0.06531365215778351,-28.79013442993164,-7.0,7.0,2.8653600215911865,0.505908727645874,0.23817358911037445,-0.23358552157878876,426
individual,12,carpet,49,2100,0.03469747677445412,0.028411325067281723,-3.301762342453003,0.06524837017059326,-29.26517677307129,-7.0,7.0,2.904914140701294,0.45352116227149963,0.2304125279188156,-0.2421608716249466,427
individual,12,carpet,50,2100,0.05157427489757538,0.044870540499687195,-3.303705930709839,0.06518316268920898,-29.098711013793945,-7.0,7.0,2.914024829864502,0.4469296932220459,0.22478556632995605,-0.24944773316383362,428
population,12,carpet,1,2100,0.0736255794763565,0.07651493698358536,-3.145819902420044,0.06845644116401672,-29.266626358032227,-7.0,7.0,2.4665684700012207,0.5055955648422241,0.224776491522789,-0.26497793197631836,379
population,12,carpet,2,2100,0.024898141622543335,0.025188598781824112,-3.169342517852783,0.06838802248239517,-29.44936752319336,-7.0,7.0,2.771702766418457,0.2531588077545166,0.20447267591953278,-0.2694868743419647,380
population,12,carpet,3,2100,0.056773096323013306,0.05602481961250305,-3.0006842613220215,0.06831967085599899,-29.611711502075195,-7.0,7.0,2.5476155281066895,0.502190887928009,0.22158421576023102,-0.2589486241340637,381
population,12,carpet,4,2100,0.0357370600104332,0.033061932772397995,-3.006495237350464,0.06825139373540878,-28.331315994262695,-7.0,7.0,2.59649658203125,0.4186058044433594,0.21739888191223145,-0.26576748490333557,382
population,12,carpet,5,2100,0.0368490070104599,0.039841294288635254,-3.0035228729248047,0.06818318367004395,-29.0567626953125,-7.0,7.0,2.637913227081299,0.46226444840431213,0.21146883070468903,-0.2692818343639374,383
population,12,carpet,6,2100,0.03623315691947937,0.04614079371094704,-3.087728261947632,0.06811503320932388,-29.048290252685547,-7.0,7.0,2.5386929512023926,0.42882010340690613,0.20662932097911835,-0.27862459421157837,384
population,12,carpet,7,2100,0.03340080752968788,0.035650260746479034,-3.1627650260925293,0.06804695725440979,-28.926923751831055,-7.0,7.0,2.601408004760742,0.5058683753013611,0.2248125523328781,-0.2849816679954529,385
population,12,carpet,8,2100,0.07114247232675552,0.0709955096244812,-3.1969189643859863,0.06797895580530167,-28.61740493774414,-7.0,7.0,2.5752031803131104,0.4819791615009308,0.2257152944803238,-0.29279375076293945,386
population,12,carpet,9,2100,0.047294892370700836,0.05177981033921242,-3.176450729370117,0.06791101396083832,-28.104629516601562,-7.0,7.0,2.612053871154785,0.5831437110900879,0.2395308017730713,-0.29495593905448914,387
population,12,carpet,10,2100,0.04518378898501396,0.046740271151065826,-3.0123801231384277,0.06784313917160034,-26.893577575683594,-7.0,7.0,2.547102451324463,0.5843501091003418,0.24919472634792328,-0.3107227683067322,388
population,12,carpet,11,2100,0.036287497729063034,0.040237706154584885,-3.1039516925811768,0.06777533888816833,-27.87482452392578,-7.0,7.0,2.6267330646514893,0.5512500405311584,0.2588360905647278,-0.3193114399909973,389
population,12,carpet,12,2100,0.039614804089069366,0.03926343843340874,-3.1848301887512207,0.0677075982093811,-26.334230422973633,-7.0,7.0,2.576417922973633,0.4720550775527954,0.27055442333221436,-0.33217740058898926,390
population,12,carpet,13,2100,0.06425143033266068,0.06924480944871902,-3.236950635910034,0.06763993203639984,-27.151042938232422,-7.0,7.0,2.556459426879883,0.5616934299468994,0.26899632811546326,-0.3255935609340668,391
population,12,carpet,14,2100,0.03675214573740959,0.04472547397017479,-3.1102657318115234,0.06757232546806335,-27.487518310546875,-7.0,7.0,2.531097173690796,0.48968151211738586,0.2738446295261383,-0.32444605231285095,392
population,12,carpet,15,2100,0.05277479439973831,0.05294865742325783,-3.1220338344573975,0.06750479340553284,-27.658649444580078,-7.0,7.0,2.7310032844543457,0.428735613822937,0.24797680974006653,-0.3382900655269623,393
population,12,carpet,16,2100,0.05325751751661301,0.06116744875907898,-3.057140588760376,0.06743732839822769,-27.577550888061523,-7.0,7.0,2.701695680618286,0.45773109793663025,0.261541485786438,-0.3260424733161926,394
population,12,carpet,17,2100,0.031032327562570572,0.03330158814787865,-3.1036391258239746,0.06736993044614792,-27.577953338623047,-7.0,7.0,2.707156181335449,0.3756529986858368,0.2424982786178589,-0.32613420486450195,395
population,12,carpet,18,2100,0.0330803208053112,0.030125746503472328,-3.1869561672210693,0.06730259954929352,-27.818622589111328,-7.0,7.0,2.66689395904541,0.42869797348976135,0.24877262115478516,-0.31715378165245056,396
population,12,carpet,19,2100,0.043205104768276215,0.04516357183456421,-3.2522385120391846,0.06723533570766449,-28.90292739868164,-7.0,7.0,2.7281203269958496,0.38754382729530334,0.23793037235736847,-0.300597608089447,397
population,12,carpet,20,2100,0.04731181636452675,0.05011800676584244,-3.2095038890838623,0.06716813892126083,-29.037572860717773,-7.0,7.0,2.8095791339874268,0.3978445827960968,0.21487095952033997,-0.3034503757953644,398
population,12,carpet,21,2100,0.030994225293397903,0.031078580766916275,-3.2389535903930664,0.06710100919008255,-29.049537658691406,-7.0,7.0,2.8502426147460938,0.3401820957660675,0.20512507855892181,-0.2964518368244171,399
population,12,carpet,22,2100,0.057649414986371994,0.06062273681163788,-3.181556463241577,0.06703394651412964,-28.9965763092041,-7.0,7.0,2.749701976776123,0.4265858232975006,0.22460269927978516,-0.2891213297843933,400
population,12,carpet,23,2100,0.06409983336925507,0.051144517958164215,-3.170008659362793,0.0669669508934021,-29.183570861816406,-7.0,7.0,2.5630054473876953,0.5228023529052734,0.2225385159254074,-0.28517740964889526,401
population,12,carpet,24,2100,0.047057460993528366,0.05072610452771187,-3.1395211219787598,0.06690002232789993,-28.67043685913086,-7.0,7.0,2.560831308364868,0.48014166951179504,0.23252126574516296,-0.27058345079421997,402
population,12,carpet,25,2100,0.05801749601960182,0.0432097502052784,-3.1052985191345215,0.06683316081762314,-28.836292266845703,-7.0,7.0,2.675715208053589,0.5729524493217468,0.24720659852027893,-0.27324968576431274,403
population,12,carpet,26,2100,0.03202809393405914,0.03270575404167175,-3.1889657974243164,0.06676636636257172,-27.829069137573242,-7.0,7.0,2.8778536319732666,0.4159940779209137,0.24095399677753448,-0.2669708728790283,404
population,12,carpet,27,2100,0.06712531298398972,0.051603663712739944,-3.361553907394409,0.06669963896274567,-28.86441421508789,-7.0,7.0,2.906116485595703,0.440464049577713,0.22745169699192047,-0.2675643861293793,405
population,12,carpet,28,2100,0.08324731886386871,0.07405935227870941,-3.460724353790283,0.06663297861814499,-29.48162269592285,-7.0,7.0,2.7084734439849854,0.4634023904800415,0.2262953370809555,-0.2694098651409149,406
population,12,carpet,29,2100,0.02898387610912323,0.02808450721204281,-3.263251304626465,0.06656637787818909,-28.750751495361328,-7.0,7.0,2.8053369522094727,0.48171311616897583,0.29025787115097046,-0.2550521194934845,407
population,12,carpet,30,2100,0.10927782207727432,0.0889168232679367,-3.060277223587036,0.06649985164403915,-28.552125930786133,-7.0,7.0,2.8240132331848145,0.4690401256084442,0.25668081641197205,-0.2733342945575714,408
population,12,carpet,31,2100,0.05840972438454628,0.05794323980808258,-3.1555914878845215,0.0664333924651146,-28.219619750976562,-7.0,7.0,2.79477596282959,0.4465526342391968,0.262769490480423,-0.27505722641944885,409
population,12,carpet,32,2100,0.03931153938174248,0.03334157168865204,-3.4027554988861084,0.06636699289083481,-28.1084041595459,-7.0,7.0,2.751239538192749,0.4082123339176178,0.24216964840888977,-0.28133296966552734,410
population,12,carpet,33,2100,0.09275577962398529,0.07490646094083786,-3.5155606269836426,0.06630066782236099,-29.45150375366211,-7.0,7.0,2.9051764011383057,0.436804860830307,0.24624012410640717,-0.2840508818626404,411
population,12,carpet,34,2100,0.025432171300053596,0.02326691523194313,-3.346977949142456,0.06623440235853195,-28.23846435546875,-7.0,7.0,2.862575054168701,0.4146988093852997,0.25190839171409607,-0.2859644293785095,412
population,12,carpet,35,2100,0.07811927795410156,0.06431837379932404,-3.2248401641845703,0.06616820394992828,-28.60172462463379,-7.0,7.0,2.888786792755127,0.45914894342422485,0.2436075210571289,-0.29408857226371765,413
population,12,carpet,36,2100,0.03164685145020485,0.02976248785853386,-3.244129180908203,0.06610208004713058,-28.806079864501953,-7.0,7.0,2.8305768966674805,0.3667997717857361,0.26075759530067444,-0.2944994568824768,414
population,12,carpet,37,2100,0.039170924574136734,0.03765351325273514,-3.3351938724517822,0.06603601574897766,-28.873565673828125,-7.0,7.0,2.8644163608551025,0.501882791519165,0.24014388024806976,-0.3179455101490021,415
population,12,carpet,38,2100,0.03395918756723404,0.027221886441111565,-3.417233467102051,0.06597001105546951,-29.10964012145996,-7.0,7.0,2.9038448333740234,0.349091112613678,0.24117565155029297,-0.3156169056892395,416
population,12,carpet,39,2100,0.047558724880218506,0.05192410573363304,-3.4535746574401855,0.06590408086776733,-29.749557495117188,-7.0,7.0,2.958024740219116,0.2329406440258026,0.22794461250305176,-0.332893043756485,417
population,12,carpet,40,2100,0.07308949530124664,0.07100319117307663,-3.4002633094787598,0.06583821773529053,-27.575199127197266,-7.0,7.0,2.9940714836120605,0.5460018515586853,0.28043296933174133,-0.33970382809638977,418
population,12,carpet,41,2100,0.03641730174422264,0.03328626602888107,-3.3639230728149414,0.0657724142074585,-27.270832061767578,-7.0,7.0,2.888563394546509,0.32751038670539856,0.2595573663711548,-0.36370211839675903,419
population,12,carpet,42,2100,0.056330710649490356,0.05340733379125595,-3.3429114818573,0.06570667773485184,-28.302303314208984,-7.0,7.0,2.9360458850860596,0.5111117959022522,0.2727046310901642,-0.37443917989730835,420
population,12,carpet,43,2100,0.04770840331912041,0.0444863885641098,-3.452150821685791,0.06564100831747055,-27.90182876586914,-7.0,7.0,2.894550085067749,0.49578946828842163,0.26657894253730774,-0.37985795736312866,421
population,12,carpet,44,2100,0.058704301714897156,0.05960291251540184,-3.4507951736450195,0.06557540595531464,-27.492258071899414,-7.0,7.0,2.927473545074463,0.35658568143844604,0.26381799578666687,-0.39298757910728455,422
population,12,carpet,45,2100,0.030738329514861107,0.030858051031827927,-3.427387237548828,0.0655098706483841,-27.263500213623047,-7.0,7.0,2.875797748565674,0.5261139273643494,0.287691205739975,-0.38147950172424316,423
population,12,carpet,46,2100,0.03386162221431732,0.035647835582494736,-3.2856621742248535,0.06544439494609833,-27.469417572021484,-7.0,7.0,2.7308287620544434,0.5998588800430298,0.29045340418815613,-0.3707071840763092,424
population,12,carpet,47,2100,0.034376487135887146,0.039409104734659195,-3.4364850521087646,0.06537899374961853,-28.25502586364746,-7.0,7.0,2.998413562774658,0.3960258364677429,0.2701535224914551,-0.36481261253356934,425
population,12,carpet,48,2100,0.03144793584942818,0.02292500250041485,-3.456310749053955,0.06531365215778351,-27.334781646728516,-7.0,7.0,2.9694674015045166,0.5976434350013733,0.2716900706291199,-0.3678341507911682,426
population,12,carpet,49,2100,0.04964814335107803,0.05041401833295822,-3.5365512371063232,0.06524837017059326,-28.151874542236328,-7.0,7.0,2.9310460090637207,0.3977070450782776,0.277729332447052,-0.36232516169548035,427
population,12,carpet,50,2100,0.05256388336420059,0.05755940079689026,-3.4820775985717773,0.06518316268920898,-27.886302947998047,-7.0,7.0,3.022233724594116,0.4156348705291748,0.2907458245754242,-0.34754201769828796,428
individual,13,carpet,1,2275,0.05601203814148903,0.050777509808540344,-3.435704469680786,0.06511801481246948,-29.215831756591797,-7.0,7.0,2.9701623916625977,0.4388803541660309,0.2456609457731247,-0.24206766486167908,429
individual,13,carpet,2,2275,0.05833839252591133,0.051159244030714035,-3.4835853576660156,0.06505293399095535,-28.626022338867188,-7.0,7.0,2.870387554168701,0.469944566488266,0.22519472241401672,-0.2581392228603363,430
individual,13,carpet,3,2275,0.03198324516415596,0.0346350260078907,-3.5095531940460205,0.0649879202246666,-29.187076568603516,-7.0,7.0,3.0364975929260254,0.32950881123542786,0.2044297307729721,-0.2687106430530548,431
individual,13,carpet,4,2275,0.032340697944164276,0.030986955389380455,-3.3877830505371094,0.06492296606302261,-29.448749542236328,-7.0,7.0,2.9698755741119385,0.2653806805610657,0.2099042683839798,-0.2741207182407379,432
individual,13,carpet,5,2275,0.043193984776735306,0.03696369007229805,-3.3724820613861084,0.064858078956604,-27.637920379638672,-7.0,7.0,2.9905436038970947,0.5664311051368713,0.2556881606578827,-0.2759326100349426,433
individual,13,carpet,6,2275,0.03990046679973602,0.03807728737592697,-3.437145709991455,0.06479325890541077,-29.011272430419922,-7.0,7.0,2.976895332336426,0.445272833108902,0.24210205674171448,-0.28231143951416016,434
individual,13,carpet,7,2275,0.0370771698653698,0.034948091953992844,-3.5224406719207764,0.0647285059094429,-28.18148422241211,-7.0,7.0,2.988272190093994,0.5200484991073608,0.25010401010513306,-0.29985934495925903,435
individual,13,carpet,8,2275,0.061520058661699295,0.060223210602998734,-3.543855667114258,0.06466381251811981,-28.128406524658203,-7.0,7.0,3.0172252655029297,0.5074459314346313,0.281707227230072,-0.29027658700942993,436
individual,13,carpet,9,2275,0.021533356979489326,0.021990643814206123,-3.4585747718811035,0.0645991861820221,-28.16081428527832,-7.0,7.0,2.898988723754883,0.4932487905025482,0.2597449719905853,-0.2907011806964874,437
individual,13,carpet,10,2275,0.04077021777629852,0.04202337935566902,-3.35473370552063,0.06453462690114975,-27.498329162597656,-7.0,7.0,2.969099283218384,0.43222665786743164,0.28740552067756653,-0.2970500588417053,438
individual,13,carpet,11,2275,0.038133151829242706,0.03830242156982422,-3.3916008472442627,0.06447012722492218,-28.94064712524414,-7.0,7.0,2.9906632900238037,0.4468487799167633,0.2583802044391632,-0.2942207157611847,439
individual,13,carpet,12,2275,0.03649819642305374,0.03584660217165947,-3.4945383071899414,0.06440569460391998,-28.484983444213867,-7.0,7.0,3.032849073410034,0.4394896626472473,0.24079477787017822,-0.30261436104774475,440
individual,13,carpet,13,2275,0.06337094306945801,0.06618868559598923,-3.5934112071990967,0.06434132158756256,-28.550453186035156,-7.0,7.0,2.8646650314331055,0.6835536956787109,0.27438196539878845,-0.2909679412841797,441
individual,13,carpet,14,2275,0.0627702996134758,0.057863958179950714,-3.605708599090576,0.06427702307701111,-28.080598831176758,-7.0,7.0,3.0664772987365723,0.41079816222190857,0.25466829538345337,-0.2958962917327881,442
individual,13,carpet,15,2275,0.034722983837127686,0.03109627217054367,-3.5097713470458984,0.06421277672052383,-28.97960090637207,-7.0,7.0,3.0233771800994873,0.5169245600700378,0.24416661262512207,-0.29516682028770447,443
individual,13,carpet,16,2275,0.032599784433841705,0.03221004828810692,-3.4971225261688232,0.06414860486984253,-28.32778549194336,-7.0,7.0,3.0590832233428955,0.44503670930862427,0.23260678350925446,-0.3003084361553192,444
individual,13,carpet,17,2275,0.042110078036785126,0.028594331815838814,-3.474693536758423,0.064084492623806,-29.404682159423828,-7.0,7.0,3.1665594577789307,0.2893731892108917,0.2467532604932785,-0.29807326197624207,445
individual,13,carpet,18,2275,0.03525926545262337,0.044510260224342346,-3.617194414138794,0.06402044743299484,-29.844194412231445,-7.0,7.0,3.110173225402832,0.43377816677093506,0.2235742062330246,-0.29461055994033813,446
individual,13,carpet,19,2275,0.05949382483959198,0.06196806579828262,-3.679426670074463,0.06395646184682846,-29.08309555053711,-7.0,7.0,3.1385231018066406,0.3516968786716461,0.24039722979068756,-0.2884352505207062,447
individual,13,carpet,20,2275,0.057422857731580734,0.05224184691905975,-3.5796167850494385,0.06389254331588745,-28.73814582824707,-7.0,7.0,3.099989652633667,0.4892592132091522,0.23805463314056396,-0.28401893377304077,448
individual,13,carpet,21,2275,0.03195158392190933,0.02814752608537674,-3.538090705871582,0.06382868438959122,-28.936134338378906,-7.0,7.0,3.0517754554748535,0.4065890312194824,0.23512084782123566,-0.2791457772254944,449
individual,13,carpet,22,2275,0.04027065634727478,0.039255108684301376,-3.513533353805542,0.06376489251852036,-28.480472564697266,-7.0,7.0,3.153444290161133,0.2904829978942871,0.25476768612861633,-0.274629145860672,450
individual,13,carpet,23,2275,0.037183523178100586,0.045872773975133896,-3.6681771278381348,0.06370116770267487,-29.068302154541016,-7.0,7.0,3.059044122695923,0.49172520637512207,0.22912929952144623,-0.2814719080924988,451
individual,13,carpet,24,2275,0.04272302985191345,0.04437832906842232,-3.759845018386841,0.06363750249147415,-29.15707015991211,-7.0,7.0,3.1800055503845215,0.44589459896087646,0.24681790173053741,-0.2666635811328888,452
individual,13,carpet,25,2275,0.07259567826986313,0.07347456365823746,-3.7498764991760254,0.06357389688491821,-29.761890411376953,-7.0,7.0,3.1356465816497803,0.5154992938041687,0.2123899757862091,-0.27359092235565186,453
individual,13,carpet,26,2275,0.07291010022163391,0.07426661998033524,-3.569204092025757,0.06351035833358765,-29.49738311767578,-7.0,7.0,3.0701184272766113,0.5546073317527771,0.2410430908203125,-0.2612645626068115,454
individual,13,carpet,27,2275,0.037958454340696335,0.042868148535490036,-3.590893030166626,0.06344688683748245,-29.15478515625,-7.0,7.0,3.1402299404144287,0.3889552354812622,0.21205861866474152,-0.2781905233860016,455
individual,13,carpet,28,2275,0.022885354235768318,0.024044670164585114,-3.618994951248169,0.06338347494602203,-30.104843139648438,-7.0,7.0,3.2046360969543457,0.43912553787231445,0.23314149677753448,-0.272706538438797,456
individual,13,carpet,29,2275,0.05699620768427849,0.057865746319293976,-3.713136672973633,0.06332013010978699,-28.894989013671875,-7.0,7.0,3.1637165546417236,0.35194242000579834,0.22211192548274994,-0.27125558257102966,457
individual,13,carpet,30,2275,0.026727333664894104,0.029977433383464813,-3.7415764331817627,0.06325684487819672,-29.91657066345215,-7.0,7.0,3.050020217895508,0.5025766491889954,0.24255958199501038,-0.2698063254356384,458
individual,13,carpet,31,2275,0.03578398376703262,0.044579364359378815,-3.6294639110565186,0.06319362670183182,-29.330636978149414,-7.0,7.0,3.1560659408569336,0.5107058882713318,0.245768740773201,-0.2737995982170105,459
individual,13,carpet,32,2275,0.03264431282877922,0.037506427615880966,-3.567376136779785,0.0631304681301117,-28.146350860595703,-7.0,7.0,3.152902364730835,0.3805387318134308,0.25117403268814087,-0.272199422121048,460
individual,13,carpet,33,2275,0.05059968680143356,0.05114825814962387,-3.6789333820343018,0.06306737661361694,-27.86946678161621,-7.0,7.0,3.227440118789673,0.511025607585907,0.26211681962013245,-0.2854269742965698,461
individual,13,carpet,34,2275,0.06650897860527039,0.07789179682731628,-3.8651814460754395,0.06300434470176697,-29.211204528808594,-7.0,7.0,3.1995880603790283,0.5356812477111816,0.27183863520622253,-0.28216880559921265,462
individual,13,carpet,35,2275,0.048455722630023956,0.04817977920174599,-3.7202816009521484,0.06294137239456177,-27.96449089050293,-7.0,7.0,3.08799409866333,0.5406875610351562,0.2875780165195465,-0.29262596368789673,463
individual,13,carpet,36,2275,0.029408235102891922,0.027619527652859688,-3.572456121444702,0.06287846714258194,-28.15702247619629,-7.0,7.0,3.2193520069122314,0.38134852051734924,0.26558342576026917,-0.30365803837776184,464
individual,13,carpet,37,2275,0.07421599328517914,0.08664102107286453,-3.478275775909424,0.06281562894582748,-29.21592903137207,-7.0,7.0,3.213054895401001,0.545372724533081,0.3081478476524353,-0.29150453209877014,465
individual,13,carpet,38,2275,0.029692113399505615,0.03659982234239578,-3.6693456172943115,0.06275284290313721,-27.50926971435547,-7.0,7.0,3.2643094062805176,0.32329681515693665,0.27582958340644836,-0.3087962567806244,466
individual,13,carpet,39,2275,0.07254225015640259,0.07403763383626938,-3.866152286529541,0.0626901313662529,-28.638086318969727,-7.0,7.0,3.1862399578094482,0.48980891704559326,0.27496784925460815,-0.3017564117908478,467
individual,13,carpet,40,2275,0.04085804149508476,0.0474892184138298,-3.795837879180908,0.06262747198343277,-28.439790725708008,-7.0,7.0,3.3183164596557617,0.3029739558696747,0.27726027369499207,-0.30758991837501526,468
individual,13,carpet,41,2275,0.054807692766189575,0.05011222884058952,-3.573925256729126,0.06256487965583801,-27.664464950561523,-7.0,7.0,3.185767889022827,0.5126312375068665,0.29641133546829224,-0.3050580620765686,469
individual,13,carpet,42,2275,0.08771230280399323,0.08687051385641098,-3.488999366760254,0.06250235438346863,-29.04561996459961,-7.0,7.0,3.247227668762207,0.4623779356479645,0.26457473635673523,-0.3148062825202942,470
individual,13,carpet,43,2275,0.03988774120807648,0.04122458025813103,-3.711599826812744,0.06243988871574402,-28.513111114501953,-7.0,7.0,3.353257179260254,0.41107842326164246,0.278288871049881,-0.3021670877933502,471
individual,13,carpet,44,2275,0.06629812717437744,0.06592860072851181,-3.8999617099761963,0.062377482652664185,-29.512449264526367,-7.0,7.0,3.360076427459717,0.3194821774959564,0.2671954333782196,-0.30932649970054626,472
individual,13,carpet,45,2275,0.04951829835772514,0.04840710759162903,-3.8371081352233887,0.062315139919519424,-28.867855072021484,-7.0,7.0,3.3112123012542725,0.5189362168312073,0.3148903548717499,-0.28920814394950867,473
individual,13,carpet,46,2275,0.06848344951868057,0.06717556715011597,-3.7809505462646484,0.06225286051630974,-27.33013343811035,-7.0,7.0,3.2583086490631104,0.6368508338928223,0.3181954026222229,-0.2878306210041046,474
individual,13,carpet,47,2275,0.0701427012681961,0.066900834441185,-3.570563316345215,0.062190644443035126,-27.158945083618164,-7.0,7.0,3.236475944519043,0.5434731841087341,0.32430097460746765,-0.284577339887619,475
individual,13,carpet,48,2275,0.06992743164300919,0.06847012788057327,-3.654392957687378,0.06212848797440529,-28.78023910522461,-7.0,7.0,3.187661647796631,0.5508974194526672,0.33137768507003784,-0.2718220353126526,476
individual,13,carpet,49,2275,0.06633260846138,0.06213124096393585,-3.863825559616089,0.062066398561000824,-28.279016494750977,-7.0,7.0,3.214137077331543,0.6143270134925842,0.29011914134025574,-0.27739590406417847,477
individual,13,carpet,50,2275,0.05679197981953621,0.05568777769804001,-4.002047538757324,0.062004365026950836,-29.382482528686523,-7.0,7.0,3.3352322578430176,0.4611016809940338,0.2425825148820877,-0.28144171833992004,478
population,13,carpet,1,2275,0.04777875542640686,0.03795859217643738,-3.3780627250671387,0.06511801481246948,-27.837684631347656,-7.0,7.0,3.052342176437378,0.4408397674560547,0.2840491235256195,-0.3310660421848297,429
population,13,carpet,2,2275,0.0500500425696373,0.049806736409664154,-3.411802053451538,0.06505293399095535,-27.566787719726562,-7.0,7.0,2.982456922531128,0.5326001644134521,0.28141123056411743,-0.34200620651245117,430
population,13,carpet,3,2275,0.05206843465566635,0.0548856183886528,-3.489652156829834,0.0649879202246666,-27.769824981689453,-7.0,7.0,2.9879705905914307,0.4163857102394104,0.2802038788795471,-0.3194984495639801,431
population,13,carpet,4,2275,0.04709532856941223,0.04909675940871239,-3.4437835216522217,0.06492296606302261,-28.15598487854004,-7.0,7.0,2.984989881515503,0.4434966742992401,0.28247004747390747,-0.30012544989585876,432
population,13,carpet,5,2275,0.035044264048337936,0.03638375177979469,-3.508967638015747,0.064858078956604,-28.685842514038086,-7.0,7.0,3.101294994354248,0.5442134141921997,0.2812843322753906,-0.28024396300315857,433
population,13,carpet,6,2275,0.04300885647535324,0.05024978518486023,-3.5131118297576904,0.06479325890541077,-29.073814392089844,-7.0,7.0,2.932025194168091,0.41255807876586914,0.23516331613063812,-0.27784085273742676,434
population,13,carpet,7,2275,0.05381590127944946,0.05063990131020546,-3.570000171661377,0.0647285059094429,-28.844806671142578,-7.0,7.0,3.10005259513855,0.3868606388568878,0.26692232489585876,-0.265325665473938,435
population,13,carpet,8,2275,0.04670633375644684,0.04673132672905922,-3.551361560821533,0.06466381251811981,-29.028718948364258,-7.0,7.0,3.067875385284424,0.5674454569816589,0.27161407470703125,-0.25373154878616333,436
population,13,carpet,9,2275,0.04523763060569763,0.04175214841961861,-3.6508359909057617,0.0645991861820221,-29.378890991210938,-7.0,7.0,3.0248138904571533,0.38089853525161743,0.24013133347034454,-0.2567860186100006,437
population,13,carpet,10,2275,0.039854492992162704,0.037046514451503754,-3.564223289489746,0.06453462690114975,-29.358030319213867,-7.0,7.0,3.0682101249694824,0.5289137363433838,0.2635807991027832,-0.251402348279953,438
population,13,carpet,11,2275,0.06836915761232376,0.06085047125816345,-3.458695888519287,0.06447012722492218,-28.64272689819336,-7.0,7.0,3.0694832801818848,0.4545711576938629,0.28098171949386597,-0.2519342601299286,439
population,13,carpet,12,2275,0.03832174837589264,0.03988830745220184,-3.545180559158325,0.06440569460391998,-28.775075912475586,-7.0,7.0,3.0879030227661133,0.36747267842292786,0.25932520627975464,-0.26198774576187134,440
population,13,carpet,13,2275,0.049856383353471756,0.04923804849386215,-3.6384127140045166,0.06434132158756256,-28.15836524963379,-7.0,7.0,3.1196632385253906,0.438457727432251,0.30385762453079224,-0.2605047821998596,441
population,13,carpet,14,2275,0.048683688044548035,0.037900958210229874,-3.6463119983673096,0.06427702307701111,-29.285919189453125,-7.0,7.0,3.0127480030059814,0.5598556399345398,0.24469374120235443,-0.2668015956878662,442
population,13,carpet,15,2275,0.03971961513161659,0.034840650856494904,-3.4930500984191895,0.06421277672052383,-29.214691162109375,-7.0,7.0,3.171722650527954,0.38714370131492615,0.27191945910453796,-0.27697697281837463,443
population,13,carpet,16,2275,0.07694111764431,0.06882763653993607,-3.4665539264678955,0.06414860486984253,-28.957426071166992,-7.0,7.0,3.186636209487915,0.4250962436199188,0.2917473316192627,-0.2784979045391083,444
population,13,carpet,17,2275,0.041215695440769196,0.03479784354567528,-3.56860613822937,0.064084492623806,-28.767356872558594,-7.0,7.0,2.9537556171417236,0.5830076932907104,0.2999251186847687,-0.29866692423820496,445
population,13,carpet,18,2275,0.03730666637420654,0.03916815668344498,-3.650857448577881,0.06402044743299484,-27.742183685302734,-7.0,7.0,3.053215265274048,0.4177910387516022,0.28154999017715454,-0.3055691123008728,446
population,13,carpet,19,2275,0.03070547617971897,0.02473750337958336,-3.658565044403076,0.06395646184682846,-28.191484451293945,-7.0,7.0,3.117037057876587,0.3065953552722931,0.2720239460468292,-0.32037749886512756,447
population,13,carpet,20,2275,0.043022409081459045,0.03531855717301369,-3.644002676010132,0.06389254331588745,-28.31328582763672,-7.0,7.0,3.124840259552002,0.375138521194458,0.26875224709510803,-0.31967779994010925,448
population,13,carpet,21,2275,0.022303257137537003,0.0280287005007267,-3.5197272300720215,0.06382868438959122,-26.960411071777344,-7.0,7.0,3.103339910507202,0.3895329535007477,0.28959283232688904,-0.32145804166793823,449
population,13,carpet,22,2275,0.05118439346551895,0.04347660392522812,-3.520875930786133,0.06376489251852036,-28.16657829284668,-7.0,7.0,3.169377565383911,0.3921324610710144,0.2598952054977417,-0.3197072446346283,450
population,13,carpet,23,2275,0.04259394481778145,0.039777930825948715,-3.5649545192718506,0.06370116770267487,-29.332988739013672,-7.0,7.0,3.181619644165039,0.4235903024673462,0.2737738788127899,-0.308309406042099,451
population,13,carpet,24,2275,0.040677040815353394,0.04201474413275719,-3.759631395339966,0.06363750249147415,-29.758821487426758,-7.0,7.0,3.2042226791381836,0.4702487587928772,0.2626881003379822,-0.3113020360469818,452
population,13,carpet,25,2275,0.06095067039132118,0.05469830334186554,-3.7992851734161377,0.06357389688491821,-28.80926513671875,-7.0,7.0,3.090055227279663,0.42421993613243103,0.2829378545284271,-0.31203800439834595,453
population,13,carpet,26,2275,0.03114691562950611,0.03341953083872795,-3.6672518253326416,0.06351035833358765,-27.768508911132812,-7.0,7.0,3.1713814735412598,0.5427150726318359,0.2813553810119629,-0.30414390563964844,454
population,13,carpet,27,2275,0.055303905159235,0.054911330342292786,-3.5269036293029785,0.06344688683748245,-28.76580810546875,-7.0,7.0,3.140471935272217,0.39496633410453796,0.2769556939601898,-0.3044959604740143,455
population,13,carpet,28,2275,0.059966448694467545,0.054845210164785385,-3.555649757385254,0.06338347494602203,-27.813535690307617,-7.0,7.0,3.1513850688934326,0.5078408718109131,0.27694442868232727,-0.29413026571273804,456
population,13,carpet,29,2275,0.05851283296942711,0.054054971784353256,-3.757359743118286,0.06332013010978699,-28.373512268066406,-7.0,7.0,3.0660645961761475,0.5291520953178406,0.2610315680503845,-0.28955966234207153,457
population,13,carpet,30,2275,0.0538245253264904,0.04686875641345978,-3.7681381702423096,0.06325684487819672,-29.110248565673828,-7.0,7.0,3.200497627258301,0.48333674669265747,0.27097994089126587,-0.29087576270103455,458
population,13,carpet,31,2275,0.03761956840753555,0.03819352388381958,-3.59529972076416,0.06319362670183182,-29.076351165771484,-7.0,7.0,3.2009449005126953,0.45545193552970886,0.2668735384941101,-0.2938259243965149,459
population,13,carpet,32,2275,0.04108700156211853,0.038375139236450195,-3.557288408279419,0.0631304681301117,-28.177038192749023,-7.0,7.0,3.2393171787261963,0.4569314420223236,0.281841903924942,-0.29524752497673035,460
population,13,carpet,33,2275,0.04926782101392746,0.03684970363974571,-3.5691208839416504,0.06306737661361694,-27.82300567626953,-7.0,7.0,3.1412134170532227,0.5763117074966431,0.29651856422424316,-0.2930125296115875,461
population,13,carpet,34,2275,0.0491018146276474,0.04472634196281433,-3.90231990814209,0.06300434470176697,-30.011104583740234,-7.0,7.0,3.445700168609619,0.29415053129196167,0.2517128884792328,-0.3030846118927002,462
population,13,carpet,35,2275,0.056760672479867935,0.048963673412799835,-3.80045223236084,0.06294137239456177,-28.745906829833984,-7.0,7.0,3.2253382205963135,0.453094482421875,0.30892786383628845,-0.30389800667762756,463
population,13,carpet,36,2275,0.03820907697081566,0.040389422327280045,-3.647940158843994,0.06287846714258194,-27.430191040039062,-7.0,7.0,3.26446533203125,0.5213705897331238,0.3036591410636902,-0.3045077919960022,464
population,13,carpet,37,2275,0.06699980050325394,0.05782712623476982,-3.620842456817627,0.06281562894582748,-28.925268173217773,-7.0,7.0,3.299245595932007,0.4410426616668701,0.2765665352344513,-0.30988189578056335,465
population,13,carpet,38,2275,0.08322277665138245,0.08414235711097717,-3.688926935195923,0.06275284290313721,-29.727989196777344,-7.0,7.0,3.289985179901123,0.44833242893218994,0.2675561308860779,-0.30365630984306335,466
population,13,carpet,39,2275,0.04946638643741608,0.044532544910907745,-3.9488980770111084,0.0626901313662529,-28.659521102905273,-7.0,7.0,3.2961716651916504,0.44347572326660156,0.30270594358444214,-0.30165496468544006,467
population,13,carpet,40,2275,0.07334466278553009,0.06084873527288437,-3.9485561847686768,0.06262747198343277,-27.88471031188965,-7.0,7.0,3.1413347721099854,0.5402851700782776,0.28980618715286255,-0.3027620315551758,468
population,13,carpet,41,2275,0.05123882368206978,0.0443948432803154,-3.818505048751831,0.06256487965583801,-29.14927864074707,-7.0,7.0,3.1128101348876953,0.5213553309440613,0.29462721943855286,-0.30502161383628845,469
population,13,carpet,42,2275,0.049959808588027954,0.0452333427965641,-3.609574794769287,0.06250235438346863,-28.56624412536621,-7.0,7.0,3.1664977073669434,0.5311605930328369,0.2842259705066681,-0.2973000109195709,470
population,13,carpet,43,2275,0.08517510443925858,0.07091691344976425,-3.515279769897461,0.06243988871574402,-27.594371795654297,-7.0,7.0,3.284346103668213,0.4872695803642273,0.28782910108566284,-0.29665955901145935,471
population,13,carpet,44,2275,0.0814305990934372,0.07415436208248138,-3.666785955429077,0.062377482652664185,-28.32908821105957,-7.0,7.0,3.3495609760284424,0.39755287766456604,0.2891930043697357,-0.3014272153377533,472
population,13,carpet,45,2275,0.0717850998044014,0.07475709170103073,-3.9429712295532227,0.062315139919519424,-28.20538902282715,-7.0,7.0,3.1835007667541504,0.5612709522247314,0.31766030192375183,-0.29460033774375916,473
population,13,carpet,46,2275,0.05640653520822525,0.04146409407258034,-4.075875282287598,0.06225286051630974,-29.26517105102539,-7.0,7.0,3.367459297180176,0.5342085957527161,0.2876971364021301,-0.3010757863521576,474
population,13,carpet,47,2275,0.027186589315533638,0.026239225640892982,-3.8519372940063477,0.062190644443035126,-29.926719665527344,-7.0,7.0,3.3983891010284424,0.4533955156803131,0.2951211929321289,-0.29369550943374634,475
population,13,carpet,48,2275,0.047048814594745636,0.04910239204764366,-3.606511354446411,0.06212848797440529,-28.189746856689453,-7.0,7.0,3.2686893939971924,0.3516121506690979,0.29171663522720337,-0.30150777101516724,476
population,13,carpet,49,2275,0.08726811408996582,0.06532669067382812,-3.5726375579833984,0.062066398561000824,-29.877180099487305,-7.0,7.0,3.421215534210205,0.2579195201396942,0.2582489550113678,-0.2856765687465668,477
population,13,carpet,50,2275,0.03780226781964302,0.029969459399580956,-3.706599235534668,0.062004365026950836,-28.86794662475586,-7.0,7.0,3.340714931488037,0.433388352394104,0.25836077332496643,-0.2886979579925537,478
individual,14,carpet,1,2450,0.027080055326223373,0.024586264044046402,-3.8298559188842773,0.06194239854812622,-28.86342430114746,-7.0,7.0,3.370112895965576,0.37362363934516907,0.23708568513393402,-0.27294299006462097,479
individual,14,carpet,2,2450,0.040834251791238785,0.043016012758016586,-3.73270583152771,0.06188049167394638,-28.023178100585938,-7.0,7.0,3.357837438583374,0.31349095702171326,0.2523801624774933,-0.27264538407325745,480
individual,14,carpet,3,2450,0.04374590143561363,0.04356052726507187,-3.6663994789123535,0.061818644404411316,-29.995983123779297,-7.0,7.0,3.1729161739349365,0.5191065073013306,0.233681321144104,-0.2697671055793762,481
individual,14,carpet,4,2450,0.05383177474141121,0.05202221870422363,-3.740880012512207,0.061756860464811325,-29.16985511779785,-7.0,7.0,3.463078260421753,0.44043344259262085,0.21667273342609406,-0.27299389243125916,482
individual,14,carpet,5,2450,0.04121837764978409,0.038092225790023804,-3.897260904312134,0.06169513985514641,-30.09859848022461,-7.0,7.0,3.475001573562622,0.42094382643699646,0.1930932253599167,-0.27519646286964417,483
individual,14,carpet,6,2450,0.05786767601966858,0.06804806739091873,-3.9758801460266113,0.061633478850126266,-29.630664825439453,-7.0,7.0,3.363832950592041,0.4948224723339081,0.2268698662519455,-0.2648734450340271,484
individual,14,carpet,7,2450,0.032898444682359695,0.03219674527645111,-3.9331955909729004,0.0615718811750412,-29.7210636138916,-7.0,7.0,3.3900279998779297,0.5130395889282227,0.23404809832572937,-0.2684212327003479,485
individual,14,carpet,8,2450,0.10765842348337173,0.11340057104825974,-3.7371397018432617,0.061510346829891205,-28.86526870727539,-7.0,7.0,3.474154233932495,0.485474169254303,0.24290716648101807,-0.2703074514865875,486
individual,14,carpet,9,2450,0.03760727867484093,0.043748822063207626,-3.8277676105499268,0.061448872089385986,-30.024171829223633,-7.0,7.0,3.414734363555908,0.5008730888366699,0.2209606170654297,-0.27267733216285706,487
individual,14,carpet,10,2450,0.03224295377731323,0.03231380879878998,-3.9551377296447754,0.06138745695352554,-29.588274002075195,-7.0,7.0,3.460301399230957,0.29936158657073975,0.23074562847614288,-0.2728366553783417,488
individual,14,carpet,11,2450,0.03623703494668007,0.04475882649421692,-3.9796266555786133,0.061326105147600174,-29.66190528869629,-7.0,7.0,3.4826366901397705,0.2443375438451767,0.22330531477928162,-0.27457910776138306,489
individual,14,carpet,12,2450,0.04441463574767113,0.04422590881586075,-3.8234915733337402,0.06126481294631958,-28.803468704223633,-7.0,7.0,3.4330804347991943,0.4157423973083496,0.25426939129829407,-0.26356521248817444,490
individual,14,carpet,13,2450,0.05080772936344147,0.05615143105387688,-3.796455144882202,0.06120358407497406,-29.25555992126465,-7.0,7.0,3.41129469871521,0.46991556882858276,0.2364460527896881,-0.270742803812027,491
individual,14,carpet,14,2450,0.07247117161750793,0.06873267889022827,-3.8865764141082764,0.061142414808273315,-29.69985580444336,-7.0,7.0,3.463017702102661,0.4845866560935974,0.25235894322395325,-0.2547806203365326,492
individual,14,carpet,15,2450,0.03743084892630577,0.034014660865068436,-3.9900453090667725,0.061081308871507645,-30.480121612548828,-7.0,7.0,3.5016236305236816,0.4117947220802307,0.22022798657417297,-0.26691025495529175,493
individual,14,carpet,16,2450,0.03521174564957619,0.043412987142801285,-3.9584484100341797,0.06102026253938675,-29.937490463256836,-7.0,7.0,3.421234130859375,0.4449262022972107,0.2241337150335312,-0.27080947160720825,494
individual,14,carpet,17,2450,0.08120803534984589,0.07119440287351608,-3.824619770050049,0.06095927581191063,-29.935853958129883,-7.0,7.0,3.3256211280822754,0.5687843561172485,0.2418641746044159,-0.28268736600875854,495
individual,14,carpet,18,2450,0.04572019353508949,0.03966124728322029,-3.8843655586242676,0.06089835241436958,-29.61123275756836,-7.0,7.0,3.5372886657714844,0.3481372892856598,0.19764353334903717,-0.29448944330215454,496
individual,14,carpet,19,2450,0.04381096363067627,0.04891044646501541,-3.868551254272461,0.06083748862147331,-29.453216552734375,-7.0,7.0,3.5496575832366943,0.3705236315727234,0.2202647477388382,-0.2976718246936798,497
individual,14,carpet,20,2450,0.03450538218021393,0.03074314445257187,-3.9498329162597656,0.06077668443322182,-29.110641479492188,-7.0,7.0,3.4683542251586914,0.4470506012439728,0.22446215152740479,-0.2984793782234192,498
individual,14,carpet,21,2450,0.03969619795680046,0.0451541393995285,-4.015201091766357,0.060715943574905396,-29.892383575439453,-7.0,7.0,3.4912760257720947,0.4535778760910034,0.22575214505195618,-0.2989528775215149,499
individual,14,carpet,22,2450,0.05950860679149628,0.05668669193983078,-4.07300329208374,0.06065526232123375,-29.39258575439453,-7.0,7.0,3.580106019973755,0.38516417145729065,0.23390041291713715,-0.31603550910949707,500
individual,14,carpet,23,2450,0.029946565628051758,0.03009778819978237,-3.9072563648223877,0.06059464067220688,-27.464628219604492,-7.0,7.0,3.5575172901153564,0.4624282419681549,0.24615541100502014,-0.31504759192466736,501
individual,14,carpet,24,2450,0.03781372308731079,0.0366293266415596,-3.917330741882324,0.06053408235311508,-27.775278091430664,-7.0,7.0,3.4878973960876465,0.4734185039997101,0.26143619418144226,-0.31891146302223206,502
individual,14,carpet,25,2450,0.04850204288959503,0.04584568738937378,-3.856823444366455,0.06047358363866806,-28.194814682006836,-7.0,7.0,3.4445717334747314,0.5982085466384888,0.27244120836257935,-0.311443954706192,503
individual,14,carpet,26,2450,0.020019041374325752,0.02209525741636753,-3.9244723320007324,0.060413144528865814,-28.327768325805664,-7.0,7.0,3.567155361175537,0.46515917778015137,0.2788921296596527,-0.3057510554790497,504
individual,14,carpet,27,2450,0.03933392092585564,0.038028739392757416,-4.06154727935791,0.060352765023708344,-29.595922470092773,-7.0,7.0,3.590590715408325,0.4334568381309509,0.24498577415943146,-0.2940709888935089,505
individual,14,carpet,28,2450,0.04519563913345337,0.04757175222039223,-4.1535234451293945,0.06029244512319565,-29.25935935974121,-7.0,7.0,3.638458251953125,0.4132959246635437,0.25214362144470215,-0.28802505135536194,506
individual,14,carpet,29,2450,0.04484449326992035,0.037729933857917786,-4.056046485900879,0.06023218855261803,-29.088706970214844,-7.0,7.0,3.651519536972046,0.3513807952404022,0.24968640506267548,-0.281246155500412,507
individual,14,carpet,30,2450,0.04961315169930458,0.050078995525836945,-3.998687744140625,0.06017199158668518,-29.530559539794922,-7.0,7.0,3.6492807865142822,0.4414598047733307,0.2575407922267914,-0.27450117468833923,508
individual,14,carpet,31,2450,0.042205169796943665,0.04305610805749893,-4.015493869781494,0.06011185422539711,-30.646854400634766,-7.0,7.0,3.6944899559020996,0.32649368047714233,0.22542704641819,-0.2702806890010834,509
individual,14,carpet,32,2450,0.027997538447380066,0.030435945838689804,-4.060845375061035,0.060051776468753815,-29.496301651000977,-7.0,7.0,3.6327321529388428,0.39715659618377686,0.24325025081634521,-0.25296369194984436,510
individual,14,carpet,33,2450,0.04409777373075485,0.04215887188911438,-4.061040878295898,0.059991758316755295,-30.24550437927246,-7.0,7.0,3.577519178390503,0.5368127822875977,0.2384122610092163,-0.26071858406066895,511
individual,14,carpet,34,2450,0.021270781755447388,0.01822456531226635,-4.030143737792969,0.05993179976940155,-29.900537490844727,-7.0,7.0,3.6164815425872803,0.29942893981933594,0.21637201309204102,-0.26173320412635803,512
individual,14,carpet,35,2450,0.03685668110847473,0.031463537365198135,-3.987138271331787,0.05987190455198288,-29.8109130859375,-7.0,7.0,3.611170768737793,0.3786751329898834,0.2507784962654114,-0.2482728213071823,513
individual,14,carpet,36,2450,0.04483514279127121,0.041411977261304855,-4.10659122467041,0.059812065213918686,-29.26214027404785,-7.0,7.0,3.6603214740753174,0.5449137687683105,0.27134695649147034,-0.24967098236083984,514
individual,14,carpet,37,2450,0.04368001967668533,0.037834618240594864,-4.205027103424072,0.059752289205789566,-30.184741973876953,-7.0,7.0,3.585952043533325,0.5271687507629395,0.27232736349105835,-0.265878289937973,515
individual,14,carpet,38,2450,0.0770186185836792,0.08477915823459625,-4.18474817276001,0.05969256907701492,-29.655553817749023,-7.0,7.0,3.5751090049743652,0.5303393006324768,0.28029897809028625,-0.25417450070381165,516
individual,14,carpet,39,2450,0.08352021127939224,0.0709579735994339,-3.9108617305755615,0.059632912278175354,-27.692502975463867,-7.0,7.0,3.6274447441101074,0.5892598032951355,0.2736284136772156,-0.2774175703525543,517
individual,14,carpet,40,2450,0.04271600395441055,0.0398203581571579,-3.9892325401306152,0.05957331135869026,-28.32659339904785,-7.0,7.0,3.5185585021972656,0.5032263398170471,0.29365116357803345,-0.26932433247566223,518
individual,14,carpet,41,2450,0.06172051280736923,0.06183231621980667,-4.011743068695068,0.059513773769140244,-28.98857307434082,-7.0,7.0,3.642744779586792,0.4280332326889038,0.2917650043964386,-0.26877889037132263,519
individual,14,carpet,42,2450,0.042125292122364044,0.03803502768278122,-4.106139659881592,0.0594542920589447,-29.323379516601562,-7.0,7.0,3.648430585861206,0.3721453547477722,0.2551431953907013,-0.2861999571323395,520
individual,14,carpet,43,2450,0.0638427883386612,0.06214585155248642,-4.163523197174072,0.059394873678684235,-29.154159545898438,-7.0,7.0,3.6974029541015625,0.5399337410926819,0.26497316360473633,-0.28089526295661926,521
individual,14,carpet,44,2450,0.04620722308754921,0.04192601516842842,-4.113440990447998,0.059335511177778244,-29.851530075073242,-7.0,7.0,3.6914377212524414,0.4777313768863678,0.27870988845825195,-0.26425936818122864,522
individual,14,carpet,45,2450,0.029385369271039963,0.023896465077996254,-4.009666442871094,0.05927621200680733,-29.8795166015625,-7.0,7.0,3.614412546157837,0.436686247587204,0.2650517225265503,-0.2647278308868408,523
individual,14,carpet,46,2450,0.03502413257956505,0.03452390432357788,-4.130461692810059,0.05921696871519089,-30.10185432434082,-7.0,7.0,3.752762794494629,0.4342217743396759,0.2446872889995575,-0.2715800404548645,524
individual,14,carpet,47,2450,0.03623747080564499,0.03991217538714409,-4.128275394439697,0.05915778502821922,-30.0017032623291,-7.0,7.0,3.7933168411254883,0.40319201350212097,0.2475309520959854,-0.257082998752594,525
individual,14,carpet,48,2450,0.026963047683238983,0.027560649439692497,-4.234959125518799,0.059098660945892334,-29.736129760742188,-7.0,7.0,3.7042770385742188,0.48976847529411316,0.2610000669956207,-0.24321796000003815,526
individual,14,carpet,49,2450,0.04363120347261429,0.0446004755795002,-4.286141395568848,0.05903959646821022,-29.41434669494629,-7.0,7.0,3.786522626876831,0.3803524971008301,0.2687191963195801,-0.24337442219257355,527
individual,14,carpet,50,2450,0.06688182055950165,0.06317687034606934,-4.217338562011719,0.05898059159517288,-30.24148178100586,-7.0,7.0,3.6723480224609375,0.49724864959716797,0.2444174587726593,-0.2540075480937958,528
population,14,carpet,1,2450,0.03758959472179413,0.031708717346191406,-3.9085752964019775,0.06194239854812622,-28.617671966552734,-7.0,7.0,3.387643814086914,0.3902398645877838,0.26284879446029663,-0.28814902901649475,479
population,14,carpet,2,2450,0.08116409182548523,0.06300309300422668,-3.934434413909912,0.06188049167394638,-29.324172973632812,-7.0,7.0,3.3991575241088867,0.42331019043922424,0.24562199413776398,-0.288419246673584,480
population,14,carpet,3,2450,0.04033064842224121,0.03803462162613869,-3.74877667427063,0.061818644404411316,-29.901893615722656,-7.0,7.0,3.344149589538574,0.5510916113853455,0.2476370632648468,-0.27351394295692444,481
population,14,carpet,4,2450,0.09782581031322479,0.08204670250415802,-3.582551956176758,0.061756860464811325,-29.394271850585938,-7.0,7.0,3.3833208084106445,0.5918359756469727,0.2478509396314621,-0.28337544202804565,482
population,14,carpet,5,2450,0.028511174023151398,0.017574962228536606,-3.7507777214050293,0.06169513985514641,-29.521915435791016,-7.0,7.0,3.337005615234375,0.5280981659889221,0.2647809684276581,-0.28645792603492737,483
population,14,carpet,6,2450,0.06177230924367905,0.06726036220788956,-3.924832820892334,0.061633478850126266,-29.0893497467041,-7.0,7.0,3.407636880874634,0.44221600890159607,0.24825820326805115,-0.27677541971206665,484
population,14,carpet,7,2450,0.053972192108631134,0.04613234102725983,-4.06142520904541,0.0615718811750412,-29.06264877319336,-7.0,7.0,3.5302023887634277,0.4897744655609131,0.24350453913211823,-0.27863603830337524,485
population,14,carpet,8,2450,0.0377197265625,0.035554055124521255,-3.9507970809936523,0.061510346829891205,-29.413816452026367,-7.0,7.0,3.61358642578125,0.32300665974617004,0.22533583641052246,-0.281410276889801,486
population,14,carpet,9,2450,0.04945763200521469,0.04502737522125244,-3.875399351119995,0.061448872089385986,-29.430461883544922,-7.0,7.0,3.435166120529175,0.43069177865982056,0.22885440289974213,-0.27362269163131714,487
population,14,carpet,10,2450,0.0546930655837059,0.04355400800704956,-3.788416862487793,0.06138745695352554,-29.74551773071289,-7.0,7.0,3.3533782958984375,0.3964724838733673,0.2413800209760666,-0.27440282702445984,488
population,14,carpet,11,2450,0.03755026310682297,0.025197427719831467,-3.841289520263672,0.061326105147600174,-29.192060470581055,-7.0,7.0,3.5508010387420654,0.35805821418762207,0.23711521923542023,-0.2770595848560333,489
population,14,carpet,12,2450,0.034057363867759705,0.03251524269580841,-3.9311225414276123,0.06126481294631958,-29.730669021606445,-7.0,7.0,3.375433921813965,0.47565603256225586,0.24267053604125977,-0.27301424741744995,490
population,14,carpet,13,2450,0.0867074653506279,0.0631236732006073,-4.037953853607178,0.06120358407497406,-29.14193344116211,-7.0,7.0,3.411412000656128,0.3956494629383087,0.21301718056201935,-0.2857583165168762,491
population,14,carpet,14,2450,0.04423690214753151,0.04247131198644638,-3.9312193393707275,0.061142414808273315,-28.994461059570312,-7.0,7.0,3.382845401763916,0.46889129281044006,0.24140706658363342,-0.274501234292984,492
population,14,carpet,15,2450,0.04744245857000351,0.04602612182497978,-3.8315341472625732,0.061081308871507645,-29.743484497070312,-7.0,7.0,3.5587234497070312,0.36744508147239685,0.24489521980285645,-0.2854248583316803,493
population,14,carpet,16,2450,0.05787127465009689,0.04416412115097046,-3.859060764312744,0.06102026253938675,-28.149625778198242,-7.0,7.0,3.3279519081115723,0.5061734914779663,0.2753196060657501,-0.27861955761909485,494
population,14,carpet,17,2450,0.05392463877797127,0.05182451382279396,-3.963801622390747,0.06095927581191063,-28.822614669799805,-7.0,7.0,3.4962918758392334,0.392621785402298,0.27062153816223145,-0.281151682138443,495
population,14,carpet,18,2450,0.06755062192678452,0.06535835564136505,-4.031190395355225,0.06089835241436958,-29.283334732055664,-7.0,7.0,3.41474986076355,0.4504517614841461,0.25932547450065613,-0.28194659948349,496
population,14,carpet,19,2450,0.07886549085378647,0.07269163429737091,-3.9971563816070557,0.06083748862147331,-29.023727416992188,-7.0,7.0,3.4149627685546875,0.61369788646698,0.23882094025611877,-0.2825186848640442,497
population,14,carpet,20,2450,0.04286155849695206,0.05078969523310661,-3.938070774078369,0.06077668443322182,-29.102516174316406,-7.0,7.0,3.5958738327026367,0.4478601813316345,0.24826635420322418,-0.28035277128219604,498
population,14,carpet,21,2450,0.04936085641384125,0.052191197872161865,-3.80374813079834,0.060715943574905396,-29.585466384887695,-7.0,7.0,3.473722219467163,0.5134967565536499,0.21401120722293854,-0.27873942255973816,499
population,14,carpet,22,2450,0.042360659688711166,0.03259452432394028,-3.9309310913085938,0.06065526232123375,-29.867116928100586,-7.0,7.0,3.5994815826416016,0.41066765785217285,0.23992253839969635,-0.27554863691329956,500
population,14,carpet,23,2450,0.05342398211359978,0.07618127763271332,-4.01092529296875,0.06059464067220688,-31.444244384765625,-7.0,7.0,3.4401400089263916,0.5383726954460144,0.1883423626422882,-0.2801561653614044,501
population,14,carpet,24,2450,0.04104845970869064,0.03117895871400833,-4.006136417388916,0.06053408235311508,-29.950363159179688,-7.0,7.0,3.5273828506469727,0.4252191185951233,0.20846758782863617,-0.2869713604450226,502
population,14,carpet,25,2450,0.057419244199991226,0.06788215041160583,-3.865917682647705,0.06047358363866806,-30.141939163208008,-7.0,7.0,3.551673650741577,0.5677326321601868,0.21655330061912537,-0.2926758825778961,503
population,14,carpet,26,2450,0.06623458862304688,0.07291723042726517,-3.8225138187408447,0.060413144528865814,-28.847368240356445,-7.0,7.0,3.5709640979766846,0.44787275791168213,0.24172532558441162,-0.3016374111175537,504
population,14,carpet,27,2450,0.030965978279709816,0.033406779170036316,-4.036749362945557,0.060352765023708344,-29.42899513244629,-7.0,7.0,3.602090358734131,0.3343193531036377,0.2125508338212967,-0.3115291893482208,505
population,14,carpet,28,2450,0.04254712909460068,0.05713946744799614,-4.1868896484375,0.06029244512319565,-29.45623207092285,-7.0,7.0,3.675413131713867,0.3186669945716858,0.2233830839395523,-0.3183937668800354,506
population,14,carpet,29,2450,0.06159834563732147,0.061222951859235764,-4.135442733764648,0.06023218855261803,-29.62053108215332,-7.0,7.0,3.619870185852051,0.39787882566452026,0.23573143780231476,-0.3113318383693695,507
population,14,carpet,30,2450,0.02870209328830242,0.039329562336206436,-3.9909377098083496,0.06017199158668518,-28.289676666259766,-7.0,7.0,3.51981782913208,0.483314573764801,0.2455906718969345,-0.326376736164093,508
population,14,carpet,31,2450,0.04972757771611214,0.06537312269210815,-3.905808925628662,0.06011185422539711,-28.640625,-7.0,7.0,3.6529862880706787,0.39376458525657654,0.23496893048286438,-0.3327593207359314,509
population,14,carpet,32,2450,0.033822279423475266,0.029776930809020996,-3.9317588806152344,0.060051776468753815,-29.00169563293457,-7.0,7.0,3.655122756958008,0.34766849875450134,0.25505349040031433,-0.32517415285110474,510
population,14,carpet,33,2450,0.041965551674366,0.049827829003334045,-4.092296123504639,0.059991758316755295,-28.72983169555664,-7.0,7.0,3.588063955307007,0.3656310439109802,0.24097834527492523,-0.32314562797546387,511
population,14,carpet,34,2450,0.056779973208904266,0.062270283699035645,-4.096701145172119,0.05993179976940155,-29.14792251586914,-7.0,7.0,3.4923861026763916,0.5099525451660156,0.22692619264125824,-0.32319971919059753,512
population,14,carpet,35,2450,0.04800509661436081,0.04886413365602493,-3.998063325881958,0.05987190455198288,-29.838424682617188,-7.0,7.0,3.567692756652832,0.41593441367149353,0.2093367725610733,-0.31667467951774597,513
population,14,carpet,36,2450,0.06187847629189491,0.06938090920448303,-3.8885436058044434,0.059812065213918686,-29.36969566345215,-7.0,7.0,3.5906755924224854,0.44337913393974304,0.21297650039196014,-0.30965858697891235,514
population,14,carpet,37,2450,0.05427967384457588,0.05746272951364517,-3.960787534713745,0.059752289205789566,-28.95490074157715,-7.0,7.0,3.621304750442505,0.5901788473129272,0.23026390373706818,-0.29156526923179626,515
population,14,carpet,38,2450,0.04261613264679909,0.050867870450019836,-4.1675591468811035,0.05969256907701492,-28.819480895996094,-7.0,7.0,3.6848769187927246,0.409052312374115,0.2123485505580902,-0.2879961133003235,516
population,14,carpet,39,2450,0.05250595510005951,0.05654478073120117,-4.1336164474487305,0.059632912278175354,-30.028976440429688,-7.0,7.0,3.631925344467163,0.48417729139328003,0.20570124685764313,-0.26864174008369446,517
population,14,carpet,40,2450,0.038497380912303925,0.03709213808178902,-4.128807544708252,0.05957331135869026,-29.745344161987305,-7.0,7.0,3.6857964992523193,0.5546462535858154,0.22279426455497742,-0.25228366255760193,518
population,14,carpet,41,2450,0.046042416244745255,0.05838701128959656,-3.9975099563598633,0.059513773769140244,-31.055150985717773,-7.0,7.0,3.7226061820983887,0.3056429922580719,0.1988152116537094,-0.26427075266838074,519
population,14,carpet,42,2450,0.03018551506102085,0.02843403071165085,-4.103174209594727,0.0594542920589447,-30.928075790405273,-7.0,7.0,3.697652578353882,0.4141941964626312,0.19224616885185242,-0.2636883556842804,520
population,14,carpet,43,2450,0.042939379811286926,0.03805778920650482,-4.176962852478027,0.059394873678684235,-30.716758728027344,-7.0,7.0,3.762861728668213,0.3292590081691742,0.20916713774204254,-0.264046847820282,521
population,14,carpet,44,2450,0.035077959299087524,0.03559237718582153,-4.191866397857666,0.059335511177778244,-30.11370849609375,-7.0,7.0,3.7254085540771484,0.5683978199958801,0.22218072414398193,-0.2702072262763977,522
population,14,carpet,45,2450,0.03438780829310417,0.03776419535279274,-4.179875373840332,0.05927621200680733,-29.540119171142578,-7.0,7.0,3.698702812194824,0.4338752031326294,0.22741453349590302,-0.2828443944454193,523
population,14,carpet,46,2450,0.048981621861457825,0.04167889058589935,-4.125692844390869,0.05921696871519089,-29.547332763671875,-7.0,7.0,3.676384210586548,0.44821232557296753,0.2313484400510788,-0.291830837726593,524
population,14,carpet,47,2450,0.05461140349507332,0.06387266516685486,-4.025228023529053,0.05915778502821922,-28.68689727783203,-7.0,7.0,3.6846048831939697,0.4949444830417633,0.2958936393260956,-0.2881942391395569,525
population,14,carpet,48,2450,0.051503490656614304,0.04951212555170059,-4.126171112060547,0.059098660945892334,-28.874120712280273,-7.0,7.0,3.8047428131103516,0.35459035634994507,0.23970761895179749,-0.29787319898605347,526
population,14,carpet,49,2450,0.027747612446546555,0.030742153525352478,-4.301764965057373,0.05903959646821022,-29.573223114013672,-7.0,7.0,3.8521783351898193,0.43579480051994324,0.26618465781211853,-0.2857697308063507,527
population,14,carpet,50,2450,0.045060448348522186,0.05374246463179588,-4.317934513092041,0.05898059159517288,-30.417156219482422,-7.0,7.0,3.822389602661133,0.5484611988067627,0.225319504737854,-0.29138532280921936,528
individual,15,carpet,1,2625,0.04369243606925011,0.04725007340312004,-4.107486248016357,0.05892164260149002,-29.132614135742188,-7.0,7.0,3.760999917984009,0.46657150983810425,0.24799878895282745,-0.25222399830818176,529
individual,15,carpet,2,2625,0.04591789096593857,0.045548081398010254,-4.095339775085449,0.05886275693774223,-27.9886417388916,-7.0,7.0,3.5287392139434814,0.5680575966835022,0.30722808837890625,-0.24133571982383728,530
individual,15,carpet,3,2625,0.049306027591228485,0.04491677135229111,-4.16213321685791,0.05880392715334892,-28.88211441040039,-7.0,7.0,3.801215887069702,0.4778120517730713,0.25814393162727356,-0.243693009018898,531
individual,15,carpet,4,2625,0.027403762564063072,0.023483004420995712,-4.17125129699707,0.05874515697360039,-28.871753692626953,-7.0,7.0,3.8270938396453857,0.28032130002975464,0.238944873213768,-0.24620534479618073,532
individual,15,carpet,5,2625,0.0301457978785038,0.030102111399173737,-4.221005439758301,0.05868644639849663,-30.23974609375,-7.0,7.0,3.787834882736206,0.41250959038734436,0.22748827934265137,-0.23356962203979492,533
individual,15,carpet,6,2625,0.05149056017398834,0.05489005148410797,-4.283918380737305,0.058627791702747345,-29.968746185302734,-7.0,7.0,3.746375322341919,0.3271843194961548,0.22505231201648712,-0.23076023161411285,534
individual,15,carpet,7,2625,0.029721753671765327,0.02651882730424404,-4.267333984375,0.05856919661164284,-30.377761840820312,-7.0,7.0,3.9476373195648193,0.26175132393836975,0.18202975392341614,-0.23529347777366638,535
individual,15,carpet,8,2625,0.036377329379320145,0.03235945478081703,-4.195853233337402,0.058510661125183105,-31.229442596435547,-7.0,7.0,3.7937963008880615,0.3305254578590393,0.17384493350982666,-0.23741653561592102,536
individual,15,carpet,9,2625,0.028387952595949173,0.027616888284683228,-4.1195220947265625,0.05845218524336815,-30.10043716430664,-7.0,7.0,3.7164149284362793,0.6272479295730591,0.20209266245365143,-0.2303094118833542,537
individual,15,carpet,10,2625,0.03472147136926651,0.03615035116672516,-4.224794864654541,0.05839376524090767,-31.11846351623535,-7.0,7.0,3.8849096298217773,0.45268070697784424,0.19207949936389923,-0.2325342893600464,538
individual,15,carpet,11,2625,0.055069275200366974,0.05157192051410675,-4.193840980529785,0.058335404843091965,-30.749038696289062,-7.0,7.0,3.7110908031463623,0.4838760197162628,0.18947471678256989,-0.24194574356079102,539
individual,15,carpet,12,2625,0.054352276027202606,0.05501246079802513,-4.325623512268066,0.058277104049921036,-30.30538558959961,-7.0,7.0,3.7390501499176025,0.481280118227005,0.18168410658836365,-0.24622371792793274,540
individual,15,carpet,13,2625,0.03667793050408363,0.03298313543200493,-4.231657028198242,0.058218859136104584,-30.7796573638916,-7.0,7.0,3.8372106552124023,0.502806544303894,0.1852346807718277,-0.2507944405078888,541
individual,15,carpet,14,2625,0.03049672394990921,0.03422391042113304,-4.1855926513671875,0.05816067382693291,-29.967185974121094,-7.0,7.0,3.7975406646728516,0.41710925102233887,0.20372866094112396,-0.25490614771842957,542
individual,15,carpet,15,2625,0.030004503205418587,0.035793088376522064,-4.216006278991699,0.058102548122406006,-29.28615951538086,-7.0,7.0,3.8206028938293457,0.44618871808052063,0.22955265641212463,-0.25976327061653137,543
individual,15,carpet,16,2625,0.03703086078166962,0.03352040797472,-4.339414119720459,0.05804447829723358,-29.843914031982422,-7.0,7.0,3.9308063983917236,0.46380239725112915,0.21977782249450684,-0.2676582932472229,544
individual,15,carpet,17,2625,0.04718951880931854,0.04817512631416321,-4.320815086364746,0.05798646807670593,-28.600540161132812,-7.0,7.0,3.791598320007324,0.6276625990867615,0.2682097554206848,-0.27762284874916077,545
individual,15,carpet,18,2625,0.0467490628361702,0.0499490424990654,-4.362459182739258,0.05792851373553276,-29.179412841796875,-7.0,7.0,3.8127670288085938,0.4999404847621918,0.23163898289203644,-0.28967052698135376,546
individual,15,carpet,19,2625,0.05477576330304146,0.059487421065568924,-4.255406379699707,0.057870618999004364,-28.497840881347656,-7.0,7.0,3.9127602577209473,0.43089550733566284,0.24056397378444672,-0.2921977937221527,547
individual,15,carpet,20,2625,0.04611753672361374,0.049698926508426666,-4.228627681732178,0.057812780141830444,-29.689411163330078,-7.0,7.0,3.8124592304229736,0.5009530782699585,0.2342451512813568,-0.3054839074611664,548
individual,15,carpet,21,2625,0.05448680371046066,0.05214431881904602,-4.342460632324219,0.0577550008893013,-28.90206527709961,-7.0,7.0,3.7948765754699707,0.4600922465324402,0.24196727573871613,-0.3017250597476959,549
individual,15,carpet,22,2625,0.03292175009846687,0.03562004864215851,-4.241738319396973,0.05769727751612663,-29.67278480529785,-7.0,7.0,3.8046722412109375,0.5222536325454712,0.24823229014873505,-0.30541113018989563,550
individual,15,carpet,23,2625,0.052435703575611115,0.0488913431763649,-4.213449478149414,0.05763961374759674,-28.785884857177734,-7.0,7.0,3.8721883296966553,0.5346413254737854,0.22735421359539032,-0.2962739169597626,551
individual,15,carpet,24,2625,0.0482790581882,0.04069709777832031,-4.351927280426025,0.057582009583711624,-29.587129592895508,-7.0,7.0,3.846191883087158,0.6233587861061096,0.22504639625549316,-0.2994784712791443,552
individual,15,carpet,25,2625,0.03967989236116409,0.04169922694563866,-4.470668792724609,0.057524457573890686,-31.255863189697266,-7.0,7.0,3.952329635620117,0.3940446972846985,0.1961943358182907,-0.3058452308177948,553
individual,15,carpet,26,2625,0.051548123359680176,0.052253104746341705,-4.348819732666016,0.05746696889400482,-29.954545974731445,-7.0,7.0,3.804527759552002,0.5456802248954773,0.19337794184684753,-0.29782819747924805,554
individual,15,carpet,27,2625,0.03706503286957741,0.03739301860332489,-4.301047325134277,0.057409532368183136,-29.334081649780273,-7.0,7.0,3.990105628967285,0.523408830165863,0.201023668050766,-0.2986754775047302,555
individual,15,carpet,28,2625,0.04487033560872078,0.044879063963890076,-4.283258438110352,0.057352155447006226,-30.74394989013672,-7.0,7.0,3.682924270629883,0.6434169411659241,0.2056378275156021,-0.29266878962516785,556
individual,15,carpet,29,2625,0.0475713275372982,0.04157158359885216,-4.3225250244140625,0.05729483813047409,-30.873443603515625,-7.0,7.0,4.080549716949463,0.37428075075149536,0.18919923901557922,-0.2973860800266266,557
individual,15,carpet,30,2625,0.03263840079307556,0.028568506240844727,-4.410763740539551,0.05723757669329643,-30.621313095092773,-7.0,7.0,4.034475326538086,0.424753338098526,0.22621358931064606,-0.29238757491111755,558
individual,15,carpet,31,2625,0.03790551424026489,0.03861100226640701,-4.515981674194336,0.05718037113547325,-29.863750457763672,-7.0,7.0,3.995736598968506,0.3685555160045624,0.19976434111595154,-0.30496662855148315,559
individual,15,carpet,32,2625,0.04159465432167053,0.038289014250040054,-4.407012939453125,0.05712322145700455,-29.095300674438477,-7.0,7.0,3.950113296508789,0.344056636095047,0.22295203804969788,-0.3066289722919464,560
individual,15,carpet,33,2625,0.03816637024283409,0.0383746512234211,-4.2917866706848145,0.05706613138318062,-29.732378005981445,-7.0,7.0,3.997260570526123,0.5603300929069519,0.21349437534809113,-0.31166592240333557,561
individual,15,carpet,34,2625,0.062470078468322754,0.05871335789561272,-4.324950695037842,0.057009097188711166,-30.906692504882812,-7.0,7.0,4.070272922515869,0.5404843091964722,0.21554924547672272,-0.30429956316947937,562
individual,15,carpet,35,2625,0.044437650591135025,0.05352557450532913,-4.531298637390137,0.05695212259888649,-30.49820899963379,-7.0,7.0,3.991314172744751,0.4229039251804352,0.23716501891613007,-0.3096475303173065,563
individual,15,carpet,36,2625,0.07213695347309113,0.06678003817796707,-4.639522075653076,0.05689520388841629,-29.815593719482422,-7.0,7.0,4.069838047027588,0.4350690245628357,0.23024332523345947,-0.30496910214424133,564
individual,15,carpet,37,2625,0.06940263509750366,0.057870641350746155,-4.572561264038086,0.05683834105730057,-29.279993057250977,-7.0,7.0,4.048925876617432,0.39165517687797546,0.2730884552001953,-0.30281803011894226,565
individual,15,carpet,38,2625,0.08371243625879288,0.06895764917135239,-4.335084438323975,0.05678153410553932,-29.114545822143555,-7.0,7.0,3.9055333137512207,0.5796634554862976,0.24818818271160126,-0.3080606162548065,566
individual,15,carpet,39,2625,0.0685582235455513,0.056962210685014725,-4.391037464141846,0.05672478675842285,-30.344484329223633,-7.0,7.0,4.03281307220459,0.3864365518093109,0.20892572402954102,-0.3024008274078369,567
individual,15,carpet,40,2625,0.04863034188747406,0.040607813745737076,-4.457005977630615,0.05666809156537056,-31.146547317504883,-7.0,7.0,4.091246604919434,0.31768301129341125,0.2349570095539093,-0.28896501660346985,568
individual,15,carpet,41,2625,0.03224809467792511,0.021558571606874466,-4.490129470825195,0.05661145597696304,-29.528905868530273,-7.0,7.0,3.9945809841156006,0.5003489255905151,0.2526376247406006,-0.29031863808631897,569
individual,15,carpet,42,2625,0.06045450270175934,0.059133611619472504,-4.543970584869385,0.0565548799932003,-30.097808837890625,-7.0,7.0,4.093418598175049,0.3202429413795471,0.21190084517002106,-0.29084882140159607,570
individual,15,carpet,43,2625,0.044431060552597046,0.03945828601717949,-4.479705810546875,0.05649835616350174,-29.857820510864258,-7.0,7.0,3.9904332160949707,0.5825746655464172,0.22912082076072693,-0.2853490710258484,571
individual,15,carpet,44,2625,0.040457092225551605,0.03451918438076973,-4.484478950500488,0.056441888213157654,-30.80179786682129,-7.0,7.0,4.195314407348633,0.3711964190006256,0.20360133051872253,-0.2829616367816925,572
individual,15,carpet,45,2625,0.038492601364851,0.03555077314376831,-4.56071138381958,0.056385479867458344,-31.06328582763672,-7.0,7.0,4.139342308044434,0.33683785796165466,0.21004948019981384,-0.28689485788345337,573
individual,15,carpet,46,2625,0.060327477753162384,0.054497335106134415,-4.561537742614746,0.05632912740111351,-30.737722396850586,-7.0,7.0,4.074824810028076,0.41573068499565125,0.19230787456035614,-0.28928107023239136,574
individual,15,carpet,47,2625,0.04151012375950813,0.03703613206744194,-4.442831993103027,0.056272830814123154,-29.665504455566406,-7.0,7.0,4.103479385375977,0.28804725408554077,0.2289930135011673,-0.29197293519973755,575
individual,15,carpet,48,2625,0.03175772354006767,0.0323883481323719,-4.44674015045166,0.056216590106487274,-30.84927749633789,-7.0,7.0,4.208885669708252,0.3761650025844574,0.22141672670841217,-0.30265018343925476,576
individual,15,carpet,49,2625,0.03490353375673294,0.03794825077056885,-4.494999408721924,0.05616040527820587,-30.10371208190918,-7.0,7.0,4.040788173675537,0.4770446717739105,0.2370721846818924,-0.3113725781440735,577
individual,15,carpet,50,2625,0.05153766646981239,0.052680760622024536,-4.609223365783691,0.056104276329278946,-29.407241821289062,-7.0,7.0,4.109367847442627,0.34901851415634155,0.21919424831867218,-0.31260886788368225,578
population,15,carpet,1,2625,0.05239356309175491,0.04546007886528969,-4.3193535804748535,0.05892164260149002,-29.35329818725586,-7.0,7.0,3.875674247741699,0.3686812222003937,0.2416066825389862,-0.2806042730808258,529
population,15,carpet,2,2625,0.04610852152109146,0.043898407369852066,-4.18988037109375,0.05886275693774223,-30.22989845275879,-7.0,7.0,3.80242657661438,0.46120911836624146,0.2488163709640503,-0.280972421169281,530
population,15,carpet,3,2625,0.03217631205916405,0.03728417307138443,-4.245631694793701,0.05880392715334892,-30.628496170043945,-7.0,7.0,3.921022891998291,0.5002568364143372,0.22450295090675354,-0.29832178354263306,531
population,15,carpet,4,2625,0.04665027931332588,0.04219174385070801,-4.232372283935547,0.05874515697360039,-30.269798278808594,-7.0,7.0,3.8465211391448975,0.3707655370235443,0.2129998654127121,-0.30919313430786133,532
population,15,carpet,5,2625,0.03453914076089859,0.03391372039914131,-4.284242630004883,0.05868644639849663,-29.472288131713867,-7.0,7.0,3.8396012783050537,0.5234219431877136,0.24736244976520538,-0.30839088559150696,533
population,15,carpet,6,2625,0.045031651854515076,0.049930885434150696,-4.262585639953613,0.058627791702747345,-29.07685089111328,-7.0,7.0,3.892061471939087,0.44095250964164734,0.2305656224489212,-0.3264617919921875,534
population,15,carpet,7,2625,0.044012442231178284,0.035291582345962524,-4.353309631347656,0.05856919661164284,-29.416921615600586,-7.0,7.0,3.8356828689575195,0.321626752614975,0.2213800847530365,-0.3415926396846771,535
population,15,carpet,8,2625,0.035696543753147125,0.03373787924647331,-4.330777168273926,0.058510661125183105,-30.56575584411621,-7.0,7.0,3.7756576538085938,0.5910112261772156,0.23204727470874786,-0.35057806968688965,536
population,15,carpet,9,2625,0.05341273546218872,0.0533679723739624,-4.211819648742676,0.05845218524336815,-29.45343780517578,-7.0,7.0,3.8487815856933594,0.4310804009437561,0.22241683304309845,-0.37052789330482483,537
population,15,carpet,10,2625,0.0734521746635437,0.06244627386331558,-4.207334041595459,0.05839376524090767,-29.27724838256836,-7.0,7.0,4.0022711753845215,0.3359241187572479,0.21981334686279297,-0.38307690620422363,538
population,15,carpet,11,2625,0.036808084696531296,0.039574556052684784,-4.3968095779418945,0.058335404843091965,-29.772125244140625,-7.0,7.0,3.8742220401763916,0.5023998022079468,0.259948194026947,-0.3817683160305023,539
population,15,carpet,12,2625,0.04473276808857918,0.03936685621738434,-4.39868688583374,0.058277104049921036,-28.011777877807617,-7.0,7.0,3.8504514694213867,0.41423794627189636,0.24434807896614075,-0.39170601963996887,540
population,15,carpet,13,2625,0.02042980119585991,0.022374887019395828,-4.378090858459473,0.058218859136104584,-28.57872772216797,-7.0,7.0,3.9037461280822754,0.40424925088882446,0.24032507836818695,-0.40515026450157166,541
population,15,carpet,14,2625,0.049040064215660095,0.05234247073531151,-4.312289714813232,0.05816067382693291,-28.220577239990234,-7.0,7.0,3.971684455871582,0.42400866746902466,0.2866746783256531,-0.4010806083679199,542
population,15,carpet,15,2625,0.038674697279930115,0.04277138411998749,-4.229750633239746,0.058102548122406006,-27.98032569885254,-7.0,7.0,3.590052604675293,0.6542458534240723,0.3242420554161072,-0.38526517152786255,543
population,15,carpet,16,2625,0.026254979893565178,0.02622293308377266,-4.253630638122559,0.05804447829723358,-28.426807403564453,-7.0,7.0,3.92273211479187,0.4299183189868927,0.2589188516139984,-0.401066392660141,544
population,15,carpet,17,2625,0.04857907444238663,0.046794235706329346,-4.343447685241699,0.05798646807670593,-29.188650131225586,-7.0,7.0,3.962022066116333,0.2775362432003021,0.22985561192035675,-0.39791151881217957,545
population,15,carpet,18,2625,0.043817441910505295,0.0381661057472229,-4.298986434936523,0.05792851373553276,-29.350719451904297,-7.0,7.0,3.7196125984191895,0.6622737646102905,0.265079528093338,-0.36292144656181335,546
population,15,carpet,19,2625,0.03404061496257782,0.032243773341178894,-4.326202392578125,0.057870618999004364,-29.110980987548828,-7.0,7.0,3.807875633239746,0.37830474972724915,0.26086753606796265,-0.37421584129333496,547
population,15,carpet,20,2625,0.07628939300775528,0.06309788674116135,-4.199028015136719,0.057812780141830444,-28.535306930541992,-7.0,7.0,4.088757514953613,0.3006203770637512,0.26859933137893677,-0.35026437044143677,548
population,15,carpet,21,2625,0.02837318368256092,0.02830076590180397,-4.4273905754089355,0.0577550008893013,-29.68524169921875,-7.0,7.0,3.920565366744995,0.46971645951271057,0.25239676237106323,-0.34483569860458374,549
population,15,carpet,22,2625,0.053767722100019455,0.04323798790574074,-4.4121809005737305,0.05769727751612663,-29.03618049621582,-7.0,7.0,3.7781319618225098,0.6339491605758667,0.24325858056545258,-0.32946258783340454,550
population,15,carpet,23,2625,0.04909601807594299,0.04099221155047417,-4.295956611633301,0.05763961374759674,-30.301488876342773,-7.0,7.0,3.909043788909912,0.5033395886421204,0.24022087454795837,-0.3251672685146332,551
population,15,carpet,24,2625,0.06308644264936447,0.06134702265262604,-4.266358375549316,0.057582009583711624,-30.466943740844727,-7.0,7.0,4.1039533615112305,0.3426792025566101,0.21573643386363983,-0.3255569636821747,552
population,15,carpet,25,2625,0.03781137615442276,0.0330970399081707,-4.265552520751953,0.057524457573890686,-29.092361450195312,-7.0,7.0,3.847954750061035,0.4886716604232788,0.2755950093269348,-0.3053937554359436,553
population,15,carpet,26,2625,0.04603130742907524,0.03108200803399086,-4.327622413635254,0.05746696889400482,-29.876022338867188,-7.0,7.0,4.022942066192627,0.3232443332672119,0.24599692225456238,-0.30450940132141113,554
population,15,carpet,27,2625,0.057711128145456314,0.0512397401034832,-4.524348258972168,0.057409532368183136,-30.329315185546875,-7.0,7.0,3.959564685821533,0.44486546516418457,0.24491870403289795,-0.3088624179363251,555
population,15,carpet,28,2625,0.04182174429297447,0.03267253190279007,-4.525612831115723,0.057352155447006226,-30.414249420166016,-7.0,7.0,4.00986385345459,0.4327763020992279,0.26229825615882874,-0.2980183959007263,556
population,15,carpet,29,2625,0.04070840775966644,0.04262499883770943,-4.412890911102295,0.05729483813047409,-30.099220275878906,-7.0,7.0,4.169301986694336,0.349497526884079,0.23376569151878357,-0.30122604966163635,557
population,15,carpet,30,2625,0.051986582577228546,0.04665142670273781,-4.4986066818237305,0.05723757669329643,-29.894041061401367,-7.0,7.0,3.944324016571045,0.4420543313026428,0.23672136664390564,-0.30557921528816223,558
population,15,carpet,31,2625,0.04683854803442955,0.05725112929940224,-4.499415397644043,0.05718037113547325,-30.267004013061523,-7.0,7.0,3.977782964706421,0.5046060085296631,0.233392134308815,-0.2981940805912018,559
population,15,carpet,32,2625,0.02681114338338375,0.030541308224201202,-4.434838771820068,0.05712322145700455,-30.219894409179688,-7.0,7.0,4.052600860595703,0.40606215596199036,0.22007526457309723,-0.31426122784614563,560
population,15,carpet,33,2625,0.04743476212024689,0.05087042972445488,-4.305665016174316,0.05706613138318062,-30.119155883789062,-7.0,7.0,3.8885719776153564,0.6247543692588806,0.24324540793895721,-0.30187150835990906,561
population,15,carpet,34,2625,0.04514439404010773,0.0511227585375309,-4.352658748626709,0.057009097188711166,-30.49261474609375,-7.0,7.0,3.9256844520568848,0.5296180844306946,0.24737967550754547,-0.31849732995033264,562
population,15,carpet,35,2625,0.0521794892847538,0.05553805083036423,-4.50997257232666,0.05695212259888649,-30.08092498779297,-7.0,7.0,3.9616355895996094,0.48135682940483093,0.2331744134426117,-0.33566612005233765,563
population,15,carpet,36,2625,0.034620266407728195,0.038748446851968765,-4.540159702301025,0.05689520388841629,-30.022594451904297,-7.0,7.0,4.0236358642578125,0.4785737097263336,0.2424008548259735,-0.34242305159568787,564
population,15,carpet,37,2625,0.03283695876598358,0.032272182404994965,-4.438460826873779,0.05683834105730057,-29.12516975402832,-7.0,7.0,3.9996931552886963,0.542915403842926,0.2679002285003662,-0.3532697260379791,565
population,15,carpet,38,2625,0.05040601268410683,0.0627681314945221,-4.4028520584106445,0.05678153410553932,-28.62812614440918,-7.0,7.0,4.146922588348389,0.40463265776634216,0.26172009110450745,-0.36477401852607727,566
population,15,carpet,39,2625,0.034481994807720184,0.037535715848207474,-4.456203460693359,0.05672478675842285,-28.66566276550293,-7.0,7.0,4.122903823852539,0.38275179266929626,0.2597585618495941,-0.382695734500885,567
population,15,carpet,40,2625,0.04997770115733147,0.05203475430607796,-4.596407890319824,0.05666809156537056,-29.470108032226562,-7.0,7.0,4.071022987365723,0.42204514145851135,0.26301705837249756,-0.3792571723461151,568
population,15,carpet,41,2625,0.05143798887729645,0.05778104439377785,-4.556191444396973,0.05661145597696304,-28.852323532104492,-7.0,7.0,4.134518146514893,0.45310813188552856,0.27150025963783264,-0.38030514121055603,569
population,15,carpet,42,2625,0.03696797788143158,0.03342971205711365,-4.338708877563477,0.0565548799932003,-28.163284301757812,-7.0,7.0,4.116903781890869,0.3884744346141815,0.2973417341709137,-0.36751970648765564,570
population,15,carpet,43,2625,0.04613140970468521,0.05709275230765343,-4.375271797180176,0.05649835616350174,-30.00994110107422,-7.0,7.0,4.128715991973877,0.425131231546402,0.2450203150510788,-0.3670918643474579,571
population,15,carpet,44,2625,0.04733952134847641,0.04565151408314705,-4.390624046325684,0.056441888213157654,-30.206520080566406,-7.0,7.0,4.060996055603027,0.5574787259101868,0.2539936304092407,-0.35196492075920105,572
population,15,carpet,45,2625,0.06929533183574677,0.06615155190229416,-4.622536659240723,0.056385479867458344,-29.68606948852539,-7.0,7.0,4.251722812652588,0.3656694293022156,0.2387901395559311,-0.3353830873966217,573
population,15,carpet,46,2625,0.0271310955286026,0.031011182814836502,-4.672087669372559,0.05632912740111351,-29.798233032226562,-7.0,7.0,4.1691436767578125,0.40432146191596985,0.2790689170360565,-0.29959025979042053,574
population,15,carpet,47,2625,0.03808949142694473,0.04424760490655899,-4.677540302276611,0.056272830814123154,-29.47117805480957,-7.0,7.0,4.148967742919922,0.46526890993118286,0.25887274742126465,-0.3112601339817047,575
population,15,carpet,48,2625,0.04301837831735611,0.0439281240105629,-4.443417072296143,0.056216590106487274,-29.7371883392334,-7.0,7.0,4.110111236572266,0.5179288387298584,0.24811503291130066,-0.31128937005996704,576
population,15,carpet,49,2625,0.08059338480234146,0.10087859630584717,-4.332123279571533,0.05616040527820587,-30.43856430053711,-7.0,7.0,4.0956878662109375,0.4548417627811432,0.26860472559928894,-0.2993238866329193,577
population,15,carpet,50,2625,0.038596976548433304,0.03326510265469551,-4.595179080963135,0.056104276329278946,-29.594924926757812,-7.0,7.0,4.147479057312012,0.5207226276397705,0.2538623511791229,-0.30271175503730774,578
individual,16,carpet,1,2800,0.02836695872247219,0.028633734211325645,-4.432612895965576,0.0560482032597065,-29.56291961669922,-7.0,7.0,4.030614852905273,0.5543069839477539,0.23539111018180847,-0.3179078996181488,579
individual,16,carpet,2,2800,0.08575104922056198,0.08332733064889908,-4.472984313964844,0.055992189794778824,-29.845870971679688,-7.0,7.0,4.105190277099609,0.6426496505737305,0.23093116283416748,-0.32071664929389954,580
individual,16,carpet,3,2800,0.0317656584084034,0.03287557512521744,-4.633181095123291,0.05593622848391533,-29.37179183959961,-7.0,7.0,4.153393268585205,0.5135011672973633,0.216465026140213,-0.3207569420337677,581
individual,16,carpet,4,2800,0.059313200414180756,0.06137380003929138,-4.70873498916626,0.05588032305240631,-29.759550094604492,-7.0,7.0,4.137548923492432,0.5232411623001099,0.21587710082530975,-0.32102838158607483,582
individual,16,carpet,5,2800,0.03376335650682449,0.03254150599241257,-4.558018684387207,0.05582447722554207,-30.519271850585938,-7.0,7.0,4.230849742889404,0.2758433520793915,0.2067747563123703,-0.3207304775714874,583
individual,16,carpet,6,2800,0.06294004619121552,0.06216450035572052,-4.4338579177856445,0.055768683552742004,-30.03182029724121,-7.0,7.0,4.063255786895752,0.5471741557121277,0.2144871950149536,-0.3212275803089142,584
individual,16,carpet,7,2800,0.05686403810977936,0.061589907854795456,-4.5008649826049805,0.05571294575929642,-31.00859832763672,-7.0,7.0,4.2359490394592285,0.46823522448539734,0.19743283092975616,-0.3240780830383301,585
individual,16,carpet,8,2800,0.035404495894908905,0.029356682673096657,-4.744736671447754,0.05565726384520531,-30.57813835144043,-7.0,7.0,4.325676441192627,0.4501587450504303,0.18505097925662994,-0.3267133831977844,586
individual,16,carpet,9,2800,0.07319401204586029,0.08071505278348923,-4.825738430023193,0.05560164153575897,-29.060245513916016,-7.0,7.0,4.080226898193359,0.6047062277793884,0.2399437427520752,-0.31894463300704956,587
individual,16,carpet,10,2800,0.047702495008707047,0.05448298901319504,-4.682909965515137,0.055546071380376816,-29.809146881103516,-7.0,7.0,4.190064907073975,0.6598104238510132,0.24276816844940186,-0.31563663482666016,588
individual,16,carpet,11,2800,0.03370261937379837,0.04195765405893326,-4.502664566040039,0.055490557104349136,-30.67433738708496,-7.0,7.0,4.1636223793029785,0.3410537838935852,0.20200935006141663,-0.3172721564769745,589
individual,16,carpet,12,2800,0.03247033432126045,0.0361282154917717,-4.505623817443848,0.055435098707675934,-30.41815185546875,-7.0,7.0,4.2872700691223145,0.280416339635849,0.22347262501716614,-0.32078126072883606,590
individual,16,carpet,13,2800,0.060124002397060394,0.062314797192811966,-4.673665523529053,0.05537969246506691,-29.319578170776367,-7.0,7.0,4.165050029754639,0.5146294236183167,0.26537492871284485,-0.30489131808280945,591
individual,16,carpet,14,2800,0.055818021297454834,0.06476613879203796,-4.820030212402344,0.05532434582710266,-30.618436813354492,-7.0,7.0,4.2679219245910645,0.3017676770687103,0.20932593941688538,-0.3079819679260254,592
individual,16,carpet,15,2800,0.0372767448425293,0.043147604912519455,-4.763757705688477,0.05526905134320259,-30.778636932373047,-7.0,7.0,4.313473701477051,0.45245176553726196,0.21823158860206604,-0.3066592514514923,593
individual,16,carpet,16,2800,0.024502895772457123,0.02576969936490059,-4.620019435882568,0.055213816463947296,-29.52614974975586,-7.0,7.0,4.153061866760254,0.5707834959030151,0.28556546568870544,-0.29194971919059753,594
individual,16,carpet,17,2800,0.05000938102602959,0.044505082070827484,-4.581815242767334,0.05515863373875618,-31.05714225769043,-7.0,7.0,4.157519340515137,0.4365547299385071,0.2545263171195984,-0.29066261649131775,595
individual,16,carpet,18,2800,0.03617919608950615,0.03539283946156502,-4.617600917816162,0.05510350689291954,-29.40060043334961,-7.0,7.0,4.2137250900268555,0.47726354002952576,0.2500893771648407,-0.3052038550376892,596
individual,16,carpet,19,2800,0.043779656291007996,0.04062367230653763,-4.73043155670166,0.05504843592643738,-29.952014923095703,-7.0,7.0,4.336698532104492,0.4599685072898865,0.24344292283058167,-0.30022698640823364,597
individual,16,carpet,20,2800,0.05245569348335266,0.049675777554512024,-4.795753479003906,0.054993417114019394,-31.049396514892578,-7.0,7.0,4.232070446014404,0.5081266760826111,0.26536405086517334,-0.30232948064804077,598
individual,16,carpet,21,2800,0.030537251383066177,0.029975801706314087,-4.75649356842041,0.05493845418095589,-29.61316680908203,-7.0,7.0,4.335351943969727,0.39965391159057617,0.27887997031211853,-0.3105895221233368,599
individual,16,carpet,22,2800,0.04599522799253464,0.04397132247686386,-4.65359354019165,0.05488354712724686,-29.689212799072266,-7.0,7.0,4.300199508666992,0.38276711106300354,0.2561265528202057,-0.3162398338317871,600
individual,16,carpet,23,2800,0.03096357360482216,0.02799811214208603,-4.600376605987549,0.0548286959528923,-29.858375549316406,-7.0,7.0,4.3416361808776855,0.31862005591392517,0.27308389544487,-0.3344254195690155,601
individual,16,carpet,24,2800,0.04035891219973564,0.03443678468465805,-4.760261058807373,0.05477390065789223,-29.596227645874023,-7.0,7.0,4.265592575073242,0.5320436358451843,0.2734657824039459,-0.33958539366722107,602
individual,16,carpet,25,2800,0.01807410642504692,0.021033575758337975,-4.700371742248535,0.05471915751695633,-28.903024673461914,-7.0,7.0,4.303074836730957,0.34587812423706055,0.2844444215297699,-0.3483467400074005,603
individual,16,carpet,26,2800,0.02380405180156231,0.02385479211807251,-4.72191858291626,0.05466447025537491,-28.841201782226562,-7.0,7.0,4.1838297843933105,0.6220623254776001,0.32668206095695496,-0.3417421877384186,604
individual,16,carpet,27,2800,0.05440453439950943,0.05021375045180321,-4.722093105316162,0.054609835147857666,-28.715747833251953,-7.0,7.0,4.2307586669921875,0.514354944229126,0.30637407302856445,-0.34912511706352234,605
individual,16,carpet,28,2800,0.04360406845808029,0.04578521475195885,-4.752532005310059,0.0545552559196949,-28.960041046142578,-7.0,7.0,4.460211753845215,0.3002665340900421,0.28369197249412537,-0.3497695326805115,606
individual,16,carpet,29,2800,0.04041632264852524,0.03932139649987221,-4.892526626586914,0.05450073257088661,-28.205856323242188,-7.0,7.0,4.353663444519043,0.5822792649269104,0.2954579293727875,-0.33038195967674255,607
individual,16,carpet,30,2800,0.06529965996742249,0.06110081076622009,-4.942405700683594,0.0544462651014328,-29.219823837280273,-7.0,7.0,4.294132232666016,0.3763348162174225,0.2962671220302582,-0.3225391209125519,608
individual,16,carpet,31,2800,0.03250221908092499,0.03316458687186241,-4.658409595489502,0.05439184978604317,-30.620258331298828,-7.0,7.0,4.325732231140137,0.6086367964744568,0.26942214369773865,-0.3265560567378998,609
individual,16,carpet,32,2800,0.07412606477737427,0.07374712079763412,-4.608950614929199,0.05433748662471771,-29.797908782958984,-7.0,7.0,4.453481197357178,0.43273043632507324,0.2872835695743561,-0.3094429075717926,610
individual,16,carpet,33,2800,0.04292481020092964,0.03911389410495758,-4.752138137817383,0.054283179342746735,-31.029701232910156,-7.0,7.0,4.212774276733398,0.5257543921470642,0.2543618083000183,-0.31576043367385864,611
individual,16,carpet,34,2800,0.051770132035017014,0.047048598527908325,-4.95184326171875,0.054228927940130234,-30.74330711364746,-7.0,7.0,4.419839859008789,0.4340245723724365,0.2538924813270569,-0.3116053640842438,612
individual,16,carpet,35,2800,0.032044418156147,0.032555557787418365,-4.919835090637207,0.05417473241686821,-31.192358016967773,-7.0,7.0,4.429216384887695,0.3325268626213074,0.2643989622592926,-0.31904107332229614,613
individual,16,carpet,36,2800,0.03930802270770073,0.04136626422405243,-4.745169162750244,0.054120589047670364,-29.75641632080078,-7.0,7.0,4.474837779998779,0.4993387758731842,0.2877521812915802,-0.3271406292915344,614
individual,16,carpet,37,2800,0.03737049177289009,0.035620469599962234,-4.736617088317871,0.0540664978325367,-30.187175750732422,-7.0,7.0,4.418638229370117,0.4624152183532715,0.24451009929180145,-0.3333401083946228,615
individual,16,carpet,38,2800,0.033393118530511856,0.041226789355278015,-4.858734130859375,0.05401246249675751,-29.267972946166992,-7.0,7.0,4.401935577392578,0.4127178192138672,0.29051080346107483,-0.32419341802597046,616
individual,16,carpet,39,2800,0.029950957745313644,0.041116293519735336,-4.975904941558838,0.053958479315042496,-30.594179153442383,-7.0,7.0,4.535275459289551,0.37707293033599854,0.2527509927749634,-0.3269452154636383,617
individual,16,carpet,40,2800,0.02378915064036846,0.025262892246246338,-4.929566860198975,0.05390455201268196,-30.40497589111328,-7.0,7.0,4.396544933319092,0.4483649432659149,0.27723070979118347,-0.32358700037002563,618
individual,16,carpet,41,2800,0.026503566652536392,0.040078017860651016,-4.8450822830200195,0.0538506805896759,-30.469573974609375,-7.0,7.0,4.566171169281006,0.40829750895500183,0.2610369324684143,-0.3256942331790924,619
individual,16,carpet,42,2800,0.03531905263662338,0.03802259638905525,-4.833244323730469,0.053796857595443726,-30.693639755249023,-7.0,7.0,4.5297393798828125,0.3620661199092865,0.26106706261634827,-0.33163386583328247,620
individual,16,carpet,43,2800,0.033871978521347046,0.03546816483139992,-4.878551483154297,0.05374309420585632,-30.05160140991211,-7.0,7.0,4.435266017913818,0.4736104905605316,0.2732766568660736,-0.33795830607414246,621
individual,16,carpet,44,2800,0.03529675304889679,0.02493375726044178,-4.889159679412842,0.0536893792450428,-29.515520095825195,-7.0,7.0,4.596773147583008,0.33005574345588684,0.27408865094184875,-0.33187606930732727,622
individual,16,carpet,45,2800,0.03539177030324936,0.029414944350719452,-4.871057033538818,0.053635723888874054,-30.44378089904785,-7.0,7.0,4.536539554595947,0.5024929642677307,0.23652173578739166,-0.3414255678653717,623
individual,16,carpet,46,2800,0.051403746008872986,0.034624531865119934,-4.966388702392578,0.05358211696147919,-29.06438446044922,-7.0,7.0,4.331459999084473,0.5853865146636963,0.26774704456329346,-0.33384793996810913,624
individual,16,carpet,47,2800,0.03684325888752937,0.037913549691438675,-4.871431350708008,0.0535285659134388,-29.853471755981445,-7.0,7.0,4.371856212615967,0.5964850783348083,0.2691167891025543,-0.34388309717178345,625
individual,16,carpet,48,2800,0.03849582001566887,0.03616275265812874,-4.87102746963501,0.053475067019462585,-29.5595703125,-7.0,7.0,4.676967144012451,0.318820059299469,0.25050586462020874,-0.3678426444530487,626
individual,16,carpet,49,2800,0.06013204902410507,0.04402448236942291,-4.81865119934082,0.05342162400484085,-28.49588966369629,-7.0,7.0,4.48574161529541,0.5876956582069397,0.26478201150894165,-0.36070042848587036,627
individual,16,carpet,50,2800,0.037142638117074966,0.03638115152716637,-4.977538108825684,0.053368233144283295,-31.02866554260254,-7.0,7.0,4.508784294128418,0.49945515394210815,0.2529948651790619,-0.3641771674156189,628
population,16,carpet,1,2800,0.05283550173044205,0.058045897632837296,-4.746407985687256,0.0560482032597065,-31.274307250976562,-7.0,7.0,4.213418960571289,0.31174811720848083,0.20806077122688293,-0.3090214133262634,579
population,16,carpet,2,2800,0.03466416895389557,0.03439079597592354,-4.637451171875,0.055992189794778824,-30.86991310119629,-7.0,7.0,4.061845779418945,0.4586240351200104,0.26080939173698425,-0.29708895087242126,580
population,16,carpet,3,2800,0.04696258530020714,0.039199549704790115,-4.5594048500061035,0.05593622848391533,-30.021379470825195,-7.0,7.0,4.237926959991455,0.30361121892929077,0.24049916863441467,-0.30862143635749817,581
population,16,carpet,4,2800,0.04309151694178581,0.06144865229725838,-4.575690269470215,0.05588032305240631,-28.958595275878906,-7.0,7.0,4.140408515930176,0.528770923614502,0.2650686800479889,-0.30786600708961487,582
population,16,carpet,5,2800,0.029361160472035408,0.028180023655295372,-4.7240753173828125,0.05582447722554207,-30.152772903442383,-7.0,7.0,4.071911811828613,0.5860710144042969,0.2894332706928253,-0.3075770437717438,583
population,16,carpet,6,2800,0.056798409670591354,0.06507829576730728,-4.785983085632324,0.055768683552742004,-30.74964141845703,-7.0,7.0,4.132613182067871,0.48481687903404236,0.25444427132606506,-0.31713396310806274,584
population,16,carpet,7,2800,0.04352230206131935,0.054042715579271317,-4.656937122344971,0.05571294575929642,-30.905380249023438,-7.0,7.0,4.1709747314453125,0.4734851121902466,0.24983780086040497,-0.33000701665878296,585
population,16,carpet,8,2800,0.05573141202330589,0.061099641025066376,-4.476661205291748,0.05565726384520531,-29.62796401977539,-7.0,7.0,4.021312236785889,0.5327715873718262,0.3247227966785431,-0.3276919424533844,586
population,16,carpet,9,2800,0.047238390892744064,0.057828228920698166,-4.459780693054199,0.05560164153575897,-29.908206939697266,-7.0,7.0,4.246617317199707,0.43422213196754456,0.2805909216403961,-0.3523334860801697,587
population,16,carpet,10,2800,0.028621090576052666,0.02881299890577793,-4.621739864349365,0.055546071380376816,-30.782615661621094,-7.0,7.0,4.191219806671143,0.4798869490623474,0.29209277033805847,-0.34179091453552246,588
population,16,carpet,11,2800,0.08527292311191559,0.09585429728031158,-4.841152191162109,0.055490557104349136,-29.169034957885742,-7.0,7.0,4.171811103820801,0.48915544152259827,0.29690057039260864,-0.3459126949310303,589
population,16,carpet,12,2800,0.03091646172106266,0.03180505707859993,-4.675588607788086,0.055435098707675934,-28.719423294067383,-7.0,7.0,4.340229511260986,0.32771313190460205,0.3059801161289215,-0.37171393632888794,590
population,16,carpet,13,2800,0.06612831354141235,0.06866896152496338,-4.641874313354492,0.05537969246506691,-28.78801918029785,-7.0,7.0,4.34544038772583,0.48257437348365784,0.31077226996421814,-0.3839171826839447,591
population,16,carpet,14,2800,0.06492146849632263,0.06185778230428696,-4.654097557067871,0.05532434582710266,-28.306346893310547,-7.0,7.0,4.2993059158325195,0.40917378664016724,0.3343577980995178,-0.37838616967201233,592
population,16,carpet,15,2800,0.029333489015698433,0.022233661264181137,-4.717154026031494,0.05526905134320259,-27.972877502441406,-7.0,7.0,4.35977840423584,0.4279142916202545,0.31366467475891113,-0.3896978199481964,593
population,16,carpet,16,2800,0.03293679654598236,0.03137389197945595,-4.782875061035156,0.055213816463947296,-29.201692581176758,-7.0,7.0,4.246335506439209,0.42352110147476196,0.3158279061317444,-0.38869306445121765,594
population,16,carpet,17,2800,0.033055562525987625,0.032425835728645325,-4.719043254852295,0.05515863373875618,-28.801713943481445,-7.0,7.0,4.268766403198242,0.4542217254638672,0.3236929476261139,-0.367571622133255,595
population,16,carpet,18,2800,0.04727383330464363,0.037450261414051056,-4.70997428894043,0.05510350689291954,-29.179561614990234,-7.0,7.0,4.340215682983398,0.5732913613319397,0.3087325990200043,-0.3656487464904785,596
population,16,carpet,19,2800,0.036415066570043564,0.03528345003724098,-4.778190612792969,0.05504843592643738,-30.537599563598633,-7.0,7.0,4.257428169250488,0.4488915801048279,0.2841852605342865,-0.345319002866745,597
population,16,carpet,20,2800,0.03640596196055412,0.052201658487319946,-4.670244216918945,0.054993417114019394,-30.26617431640625,-7.0,7.0,4.309332370758057,0.5246831178665161,0.2567901015281677,-0.334091454744339,598
population,16,carpet,21,2800,0.06021958589553833,0.062493931502103806,-4.711686611175537,0.05493845418095589,-30.62989044189453,-7.0,7.0,4.303102493286133,0.5075109601020813,0.2438201606273651,-0.3216491639614105,599
population,16,carpet,22,2800,0.033235348761081696,0.03142737224698067,-4.7615742683410645,0.05488354712724686,-30.338224411010742,-7.0,7.0,4.379583835601807,0.3885675370693207,0.24474714696407318,-0.30689737200737,600
population,16,carpet,23,2800,0.02316637709736824,0.02457709051668644,-4.810884475708008,0.0548286959528923,-31.331321716308594,-7.0,7.0,4.438086032867432,0.3312755227088928,0.23511053621768951,-0.297255277633667,601
population,16,carpet,24,2800,0.05509445443749428,0.05191459506750107,-4.834219932556152,0.05477390065789223,-31.18462562561035,-7.0,7.0,4.357670783996582,0.516634464263916,0.22981436550617218,-0.28305214643478394,602
population,16,carpet,25,2800,0.05087395757436752,0.053029902279376984,-4.759792327880859,0.05471915751695633,-30.323211669921875,-7.0,7.0,4.2532782554626465,0.6254251003265381,0.26363858580589294,-0.26742318272590637,603
population,16,carpet,26,2800,0.02823091298341751,0.034209463745355606,-4.610885143280029,0.05466447025537491,-29.591989517211914,-7.0,7.0,4.204458236694336,0.48558497428894043,0.278422087430954,-0.26368770003318787,604
population,16,carpet,27,2800,0.06764652580022812,0.0646592229604721,-4.66082763671875,0.054609835147857666,-30.41068458557129,-7.0,7.0,4.331116199493408,0.5582717657089233,0.2467864453792572,-0.2736050486564636,605
population,16,carpet,28,2800,0.033394958823919296,0.0335046760737896,-4.781643867492676,0.0545552559196949,-29.89982032775879,-7.0,7.0,4.384608268737793,0.39911794662475586,0.22954092919826508,-0.2701047956943512,606
population,16,carpet,29,2800,0.03841184452176094,0.03541316092014313,-4.9879937171936035,0.05450073257088661,-30.74093246459961,-7.0,7.0,4.501343250274658,0.37206074595451355,0.19525273144245148,-0.27532443404197693,607
population,16,carpet,30,2800,0.034990862011909485,0.03206050395965576,-4.938797473907471,0.0544462651014328,-30.56411361694336,-7.0,7.0,4.4047651290893555,0.49360018968582153,0.2549878656864166,-0.27150291204452515,608
population,16,carpet,31,2800,0.04229031875729561,0.04370647668838501,-4.833929538726807,0.05439184978604317,-31.133533477783203,-7.0,7.0,4.488219261169434,0.4309636652469635,0.24082286655902863,-0.27458760142326355,609
population,16,carpet,32,2800,0.026648780331015587,0.029470814391970634,-4.857295989990234,0.05433748662471771,-30.9904842376709,-7.0,7.0,4.470220565795898,0.5748305320739746,0.24072374403476715,-0.28827014565467834,610
population,16,carpet,33,2800,0.05498039722442627,0.058004993945360184,-4.843770980834961,0.054283179342746735,-29.67584991455078,-7.0,7.0,4.437990188598633,0.38343027234077454,0.2573409080505371,-0.2959100604057312,611
population,16,carpet,34,2800,0.04829253628849983,0.046235766261816025,-4.802308559417725,0.054228927940130234,-29.806732177734375,-7.0,7.0,4.377298831939697,0.5838618278503418,0.2754177451133728,-0.3095836043357849,612
population,16,carpet,35,2800,0.033118873834609985,0.027262110263109207,-4.839221477508545,0.05417473241686821,-29.20868492126465,-7.0,7.0,4.346556186676025,0.490075021982193,0.2891281247138977,-0.3242778182029724,613
population,16,carpet,36,2800,0.03576934337615967,0.03452634438872337,-4.935400485992432,0.054120589047670364,-28.700580596923828,-7.0,7.0,4.414063930511475,0.6098721027374268,0.3242790997028351,-0.3229079842567444,614
population,16,carpet,37,2800,0.02769000642001629,0.031268160790205,-4.916535377502441,0.0540664978325367,-29.235960006713867,-7.0,7.0,4.552090644836426,0.43733271956443787,0.30814462900161743,-0.33662495017051697,615
population,16,carpet,38,2800,0.07000810652971268,0.06393301486968994,-4.807043552398682,0.05401246249675751,-30.135393142700195,-7.0,7.0,4.566999435424805,0.46732568740844727,0.26683661341667175,-0.3559902608394623,616
population,16,carpet,39,2800,0.040608905255794525,0.03811740502715111,-4.9746246337890625,0.053958479315042496,-29.241281509399414,-7.0,7.0,4.422476768493652,0.5243180990219116,0.29493552446365356,-0.3492313325405121,617
population,16,carpet,40,2800,0.05041021853685379,0.03426523134112358,-5.011504650115967,0.05390455201268196,-29.569833755493164,-7.0,7.0,4.425000190734863,0.3688807487487793,0.26913735270500183,-0.36187997460365295,618
population,16,carpet,41,2800,0.044630322605371475,0.03978652507066727,-4.943037033081055,0.0538506805896759,-29.069400787353516,-7.0,7.0,4.536230087280273,0.41511547565460205,0.26361826062202454,-0.36777564883232117,619
population,16,carpet,42,2800,0.05428221449255943,0.039042338728904724,-4.693366050720215,0.053796857595443726,-29.933311462402344,-7.0,7.0,4.290478229522705,0.5201773047447205,0.27789631485939026,-0.3550589680671692,620
population,16,carpet,43,2800,0.056188032031059265,0.055041130632162094,-4.7781524658203125,0.05374309420585632,-29.97684669494629,-7.0,7.0,4.453293800354004,0.4245506227016449,0.2626921236515045,-0.35689207911491394,621
population,16,carpet,44,2800,0.03932919353246689,0.044264018535614014,-4.900023937225342,0.0536893792450428,-29.69725799560547,-7.0,7.0,4.523614406585693,0.4321002960205078,0.2687755227088928,-0.3663218319416046,622
population,16,carpet,45,2800,0.09523618221282959,0.07441043853759766,-5.211291313171387,0.053635723888874054,-29.409957885742188,-7.0,7.0,4.5010905265808105,0.49305588006973267,0.2798094153404236,-0.3650178015232086,623
population,16,carpet,46,2800,0.02447478100657463,0.027147358283400536,-4.985816955566406,0.05358211696147919,-29.655048370361328,-7.0,7.0,4.598299980163574,0.4481523334980011,0.274331271648407,-0.37144750356674194,624
population,16,carpet,47,2800,0.07043683528900146,0.05542571470141411,-4.78419828414917,0.0535285659134388,-28.588687896728516,-7.0,7.0,4.496343612670898,0.5914918184280396,0.28236454725265503,-0.35556894540786743,625
population,16,carpet,48,2800,0.05678228661417961,0.05290351063013077,-4.768581390380859,0.053475067019462585,-29.642070770263672,-7.0,7.0,4.390317916870117,0.6059611439704895,0.2920508086681366,-0.35136693716049194,626
population,16,carpet,49,2800,0.033496834337711334,0.03120766580104828,-4.93961238861084,0.05342162400484085,-30.04173469543457,-7.0,7.0,4.647353172302246,0.3597632944583893,0.24877044558525085,-0.3633105456829071,627
population,16,carpet,50,2800,0.05911380052566528,0.036333173513412476,-5.115415573120117,0.053368233144283295,-30.128149032592773,-7.0,7.0,4.675333499908447,0.3074159324169159,0.23696644604206085,-0.3562451899051666,628
individual,17,carpet,1,2975,0.03959381952881813,0.029004380106925964,-4.950615882873535,0.05331489443778992,-28.952524185180664,-7.0,7.0,4.574646472930908,0.319854199886322,0.25590330362319946,-0.36858198046684265,629
individual,17,carpet,2,2975,0.06772777438163757,0.06651308387517929,-4.936349868774414,0.053261611610651016,-28.353759765625,-7.0,7.0,4.553192615509033,0.4123941957950592,0.2779234051704407,-0.35906386375427246,630
individual,17,carpet,3,2975,0.07930659502744675,0.06684499979019165,-4.869602203369141,0.053208380937576294,-29.868608474731445,-7.0,7.0,4.503622531890869,0.565658450126648,0.2791518568992615,-0.3467516005039215,631
individual,17,carpet,4,2975,0.05463740974664688,0.05001217871904373,-4.9205803871154785,0.05315520241856575,-30.06647300720215,-7.0,7.0,4.484345436096191,0.6020566821098328,0.2650705575942993,-0.3487032949924469,632
individual,17,carpet,5,2975,0.03988536447286606,0.031116563826799393,-4.987730979919434,0.053102076053619385,-30.250246047973633,-7.0,7.0,4.608471393585205,0.3178141117095947,0.24951140582561493,-0.3405236303806305,633
individual,17,carpet,6,2975,0.03900813311338425,0.0363372340798378,-5.0130696296691895,0.053049005568027496,-31.69072914123535,-7.0,7.0,4.4646148681640625,0.43687981367111206,0.25960126519203186,-0.3248904347419739,634
individual,17,carpet,7,2975,0.04053455591201782,0.03510167449712753,-4.92702054977417,0.052995987236499786,-30.736968994140625,-7.0,7.0,4.688296318054199,0.3187624514102936,0.23506522178649902,-0.3391557037830353,635
individual,17,carpet,8,2975,0.05235835164785385,0.05085934326052666,-4.88449239730835,0.052943021059036255,-30.743595123291016,-7.0,7.0,4.666354656219482,0.33115383982658386,0.254714697599411,-0.321178674697876,636
individual,17,carpet,9,2975,0.04470248520374298,0.04382434859871864,-5.071427822113037,0.0528901070356369,-30.449356079101562,-7.0,7.0,4.5732035636901855,0.4888662099838257,0.26876914501190186,-0.32621654868125916,637
individual,17,carpet,10,2975,0.06496808677911758,0.07007506489753723,-5.14214563369751,0.052837248891592026,-29.843027114868164,-7.0,7.0,4.607237815856934,0.4856497645378113,0.2686176300048828,-0.3202562928199768,638
individual,17,carpet,11,2975,0.0614878386259079,0.04902450740337372,-5.123133182525635,0.05278443917632103,-30.70220375061035,-7.0,7.0,4.484258651733398,0.6488692760467529,0.3190581202507019,-0.31292080879211426,639
individual,17,carpet,12,2975,0.034352436661720276,0.038259107619524,-4.955399513244629,0.05273168534040451,-30.425674438476562,-7.0,7.0,4.653553009033203,0.4362374246120453,0.25863975286483765,-0.334171324968338,640
individual,17,carpet,13,2975,0.056379422545433044,0.06221406161785126,-4.919604778289795,0.05267898365855217,-30.394790649414062,-7.0,7.0,4.714148044586182,0.34934675693511963,0.2531256079673767,-0.3263702094554901,641
individual,17,carpet,14,2975,0.039105676114559174,0.036317989230155945,-5.258234024047852,0.052626337856054306,-30.648881912231445,-7.0,7.0,4.647493362426758,0.6264418959617615,0.31419798731803894,-0.3352234959602356,642
individual,17,carpet,15,2975,0.02743380144238472,0.03746505081653595,-5.201926231384277,0.05257374048233032,-30.58462142944336,-7.0,7.0,4.733560562133789,0.4365176558494568,0.2602331042289734,-0.34741610288619995,643
individual,17,carpet,16,2975,0.024239353835582733,0.03411512449383736,-5.078207015991211,0.05252119526267052,-30.137493133544922,-7.0,7.0,4.73714542388916,0.42420732975006104,0.24873825907707214,-0.34594640135765076,644
individual,17,carpet,17,2975,0.03501816466450691,0.04264373704791069,-4.942054271697998,0.05246870592236519,-30.59330177307129,-7.0,7.0,4.732108116149902,0.5200183391571045,0.24904128909111023,-0.3409546911716461,645
individual,17,carpet,18,2975,0.039510391652584076,0.034491606056690216,-5.047070503234863,0.05241626501083374,-30.691865921020508,-7.0,7.0,4.7629265785217285,0.2742498219013214,0.2506144940853119,-0.34183260798454285,646
individual,17,carpet,19,2975,0.07909870147705078,0.07445793598890305,-5.238406658172607,0.05236387997865677,-28.037975311279297,-7.0,7.0,4.488315582275391,0.6584014296531677,0.3194666802883148,-0.35509857535362244,647
individual,17,carpet,20,2975,0.0574774369597435,0.05408822000026703,-5.243747234344482,0.052311547100543976,-28.96725845336914,-7.0,7.0,4.67976188659668,0.46789953112602234,0.26752498745918274,-0.36563625931739807,648
individual,17,carpet,21,2975,0.039858877658843994,0.03146759420633316,-4.9467363357543945,0.05225926637649536,-29.63741683959961,-7.0,7.0,4.626407623291016,0.45200806856155396,0.2775464951992035,-0.3634078800678253,649
individual,17,carpet,22,2975,0.09475083649158478,0.09539861232042313,-4.853130340576172,0.05220703408122063,-29.340110778808594,-7.0,7.0,4.6364264488220215,0.4911675453186035,0.2988226115703583,-0.36829859018325806,650
individual,17,carpet,23,2975,0.03834011033177376,0.03697071224451065,-5.1392598152160645,0.05215485766530037,-29.609121322631836,-7.0,7.0,4.724017143249512,0.28955206274986267,0.26473087072372437,-0.3833542764186859,651
individual,17,carpet,24,2975,0.04410889744758606,0.04439220577478409,-5.249248504638672,0.05210273340344429,-30.158185958862305,-7.0,7.0,4.739465236663818,0.47393834590911865,0.253217488527298,-0.38311001658439636,652
individual,17,carpet,25,2975,0.04235991835594177,0.0443827249109745,-5.2284626960754395,0.05205066129565239,-29.144569396972656,-7.0,7.0,4.8127546310424805,0.4213520586490631,0.2823791205883026,-0.3854754865169525,653
individual,17,carpet,26,2975,0.04361332952976227,0.04125025123357773,-5.101499080657959,0.05199864134192467,-29.32370376586914,-7.0,7.0,4.729108810424805,0.49361452460289,0.2502751052379608,-0.38518449664115906,654
individual,17,carpet,27,2975,0.05115862563252449,0.039115048944950104,-5.1059064865112305,0.051946669816970825,-30.789888381958008,-7.0,7.0,4.794439315795898,0.5270841121673584,0.25402265787124634,-0.3728790879249573,655
individual,17,carpet,28,2975,0.03849786892533302,0.040974728763103485,-5.190986633300781,0.05189475417137146,-30.82025146484375,-7.0,7.0,4.771246910095215,0.44996345043182373,0.2420661747455597,-0.3696214258670807,656
individual,17,carpet,29,2975,0.04444078356027603,0.04729646444320679,-5.168079376220703,0.051842886954545975,-30.693702697753906,-7.0,7.0,4.9044599533081055,0.3084968626499176,0.2318263202905655,-0.3606124520301819,657
individual,17,carpet,30,2975,0.035658061504364014,0.03322445973753929,-5.197646141052246,0.051791075617074966,-30.200284957885742,-7.0,7.0,4.6599321365356445,0.5265757441520691,0.25608816742897034,-0.3493635952472687,658
individual,17,carpet,31,2975,0.041807208210229874,0.04295537993311882,-5.188993453979492,0.05173931270837784,-30.74216079711914,-7.0,7.0,4.731673240661621,0.5998742580413818,0.24330337345600128,-0.354229599237442,659
individual,17,carpet,32,2975,0.05231204628944397,0.058192960917949677,-5.149433135986328,0.05168760567903519,-29.84161376953125,-7.0,7.0,4.929261684417725,0.4508625864982605,0.23096981644630432,-0.34700441360473633,660
individual,17,carpet,33,2975,0.04056215658783913,0.04091736301779747,-5.2093634605407715,0.051635947078466415,-31.65824317932129,-7.0,7.0,4.903620719909668,0.43061453104019165,0.23822641372680664,-0.3383023738861084,661
individual,17,carpet,34,2975,0.06875677406787872,0.07504002004861832,-5.373218536376953,0.05158434063196182,-29.9449462890625,-7.0,7.0,4.734771251678467,0.568115234375,0.25189611315727234,-0.3332039415836334,662
individual,17,carpet,35,2975,0.06346475332975388,0.05650573968887329,-5.200203895568848,0.05153278633952141,-31.302703857421875,-7.0,7.0,4.948555946350098,0.287250280380249,0.21149155497550964,-0.33920103311538696,663
individual,17,carpet,36,2975,0.05853204056620598,0.05421651899814606,-5.092517852783203,0.051481280475854874,-30.824020385742188,-7.0,7.0,4.84160041809082,0.31011274456977844,0.22829365730285645,-0.3295324742794037,664
individual,17,carpet,37,2975,0.03876921162009239,0.04934867471456528,-5.10550594329834,0.051429830491542816,-31.102895736694336,-7.0,7.0,4.756818771362305,0.5346632599830627,0.22485363483428955,-0.33503028750419617,665
individual,17,carpet,38,2975,0.033457282930612564,0.03775547817349434,-5.251318454742432,0.05137842893600464,-30.985057830810547,-7.0,7.0,4.871194362640381,0.45932382345199585,0.2521422505378723,-0.3260771930217743,666
individual,17,carpet,39,2975,0.0800924077630043,0.0762864276766777,-5.421370983123779,0.05132707953453064,-30.693056106567383,-7.0,7.0,4.757774353027344,0.45716676115989685,0.2849869430065155,-0.33270499110221863,667
individual,17,carpet,40,2975,0.02617885172367096,0.031241655349731445,-5.190203666687012,0.05127578228712082,-29.970603942871094,-7.0,7.0,4.786331653594971,0.3486470878124237,0.27018576860427856,-0.3345831334590912,668
individual,17,carpet,41,2975,0.05309741199016571,0.047567009925842285,-5.025882720947266,0.05122453719377518,-30.1044864654541,-7.0,7.0,4.7489519119262695,0.5673702359199524,0.27966544032096863,-0.336690753698349,669
individual,17,carpet,42,2975,0.0457025021314621,0.05309436470270157,-5.067414283752441,0.051173340529203415,-30.961898803710938,-7.0,7.0,4.823366165161133,0.39103105664253235,0.2890588641166687,-0.3330414295196533,670
individual,17,carpet,43,2975,0.036655228585004807,0.02993546798825264,-5.269784927368164,0.05112219601869583,-30.43906021118164,-7.0,7.0,4.832496643066406,0.3973690867424011,0.2673734426498413,-0.34040918946266174,671
individual,17,carpet,44,2975,0.049014125019311905,0.0483376570045948,-5.392253398895264,0.051071103662252426,-31.098007202148438,-7.0,7.0,4.921233177185059,0.4278353750705719,0.23965120315551758,-0.33809033036231995,672
individual,17,carpet,45,2975,0.038378238677978516,0.04357440024614334,-5.305663108825684,0.0510200634598732,-31.63748550415039,-7.0,7.0,4.868884563446045,0.3709787428379059,0.26240432262420654,-0.3368287980556488,673
individual,17,carpet,46,2975,0.038044899702072144,0.03581155836582184,-5.130214691162109,0.05096907168626785,-29.913190841674805,-7.0,7.0,4.888652324676514,0.33175551891326904,0.26306647062301636,-0.3443754017353058,674
individual,17,carpet,47,2975,0.06132877990603447,0.07011424005031586,-5.163064002990723,0.050918132066726685,-31.6431884765625,-7.0,7.0,4.899768829345703,0.48634517192840576,0.26489177346229553,-0.34213787317276,675
individual,17,carpet,48,2975,0.02669048123061657,0.028715403750538826,-5.261159896850586,0.050867240875959396,-30.282875061035156,-7.0,7.0,5.026277542114258,0.26340413093566895,0.2274482250213623,-0.35748934745788574,676
individual,17,carpet,49,2975,0.08235635608434677,0.0828702449798584,-5.542123794555664,0.050816405564546585,-31.459245681762695,-7.0,7.0,4.980281829833984,0.3921070098876953,0.2451794445514679,-0.3584885001182556,677
individual,17,carpet,50,2975,0.03269278258085251,0.03034462407231331,-5.37263822555542,0.050765618681907654,-31.535093307495117,-7.0,7.0,5.047494888305664,0.4187347888946533,0.24076536297798157,-0.35929277539253235,678
population,17,carpet,1,2975,0.028649423271417618,0.03443165123462677,-5.039665222167969,0.05331489443778992,-30.34990692138672,-7.0,7.0,4.724666595458984,0.2972245216369629,0.23629967868328094,-0.34188249707221985,629
population,17,carpet,2,2975,0.038155052810907364,0.029013164341449738,-4.8736796379089355,0.053261611610651016,-31.110126495361328,-7.0,7.0,4.5827131271362305,0.38314855098724365,0.2288132756948471,-0.33260297775268555,630
population,17,carpet,3,2975,0.06832447648048401,0.06365300714969635,-4.817976951599121,0.053208380937576294,-30.469839096069336,-7.0,7.0,4.47017765045166,0.6040481925010681,0.27418503165245056,-0.31100624799728394,631
population,17,carpet,4,2975,0.059070196002721786,0.06725229322910309,-4.910292625427246,0.05315520241856575,-31.16483497619629,-7.0,7.0,4.569821834564209,0.5082235932350159,0.2574787139892578,-0.31391122937202454,632
population,17,carpet,5,2975,0.08301220089197159,0.05653732642531395,-5.198683261871338,0.053102076053619385,-30.681928634643555,-7.0,7.0,4.755303859710693,0.26005175709724426,0.23054468631744385,-0.3180219531059265,633
population,17,carpet,6,2975,0.055122748017311096,0.0658784955739975,-5.166845321655273,0.053049005568027496,-30.43915367126465,-7.0,7.0,4.686707973480225,0.2544343173503876,0.21490205824375153,-0.3269197940826416,634
population,17,carpet,7,2975,0.057161230593919754,0.039577122777700424,-4.8578782081604,0.052995987236499786,-30.72536277770996,-7.0,7.0,4.625974178314209,0.3563233017921448,0.2271823137998581,-0.3191550076007843,635
population,17,carpet,8,2975,0.09312162548303604,0.0750749409198761,-4.8215436935424805,0.052943021059036255,-31.04775619506836,-7.0,7.0,4.724447250366211,0.38491982221603394,0.2338344007730484,-0.32745465636253357,636
population,17,carpet,9,2975,0.03615685924887657,0.03842289000749588,-4.9778733253479,0.0528901070356369,-31.554262161254883,-7.0,7.0,4.615943908691406,0.60215824842453,0.2640920579433441,-0.31209301948547363,637
population,17,carpet,10,2975,0.10411162674427032,0.07700318843126297,-5.222288608551025,0.052837248891592026,-31.053972244262695,-7.0,7.0,4.6211838722229,0.4826623201370239,0.2409438043832779,-0.334185391664505,638
population,17,carpet,11,2975,0.0627538412809372,0.09137452393770218,-5.242696762084961,0.05278443917632103,-30.162458419799805,-7.0,7.0,4.660188674926758,0.4297051429748535,0.2569316327571869,-0.3355235457420349,639
population,17,carpet,12,2975,0.07244227826595306,0.051719777286052704,-4.888378143310547,0.05273168534040451,-30.376174926757812,-7.0,7.0,4.569677352905273,0.5677138566970825,0.26411354541778564,-0.3500692546367645,640
population,17,carpet,13,2975,0.07016455382108688,0.06754286587238312,-4.869140625,0.05267898365855217,-29.908010482788086,-7.0,7.0,4.742119789123535,0.38753169775009155,0.2771989703178406,-0.35848528146743774,641
population,17,carpet,14,2975,0.050251610577106476,0.05427821725606918,-4.935444355010986,0.052626337856054306,-30.50519371032715,-7.0,7.0,4.629045486450195,0.48729389905929565,0.27365803718566895,-0.36559030413627625,642
population,17,carpet,15,2975,0.06341027468442917,0.04942604899406433,-5.261138916015625,0.05257374048233032,-28.640869140625,-7.0,7.0,4.84437370300293,0.33460140228271484,0.28959253430366516,-0.38272371888160706,643
population,17,carpet,16,2975,0.04205043613910675,0.04077216982841492,-5.169795036315918,0.05252119526267052,-29.547786712646484,-7.0,7.0,4.713705539703369,0.2928831875324249,0.29513511061668396,-0.3893970847129822,644
population,17,carpet,17,2975,0.08132714033126831,0.05092534050345421,-5.002809047698975,0.05246870592236519,-29.422103881835938,-7.0,7.0,4.716444492340088,0.41158434748649597,0.277377724647522,-0.38028666377067566,645
population,17,carpet,18,2975,0.043826304376125336,0.0383480004966259,-4.983310699462891,0.05241626501083374,-30.150535583496094,-7.0,7.0,4.613179683685303,0.5470240116119385,0.28185394406318665,-0.38715440034866333,646
population,17,carpet,19,2975,0.04674166440963745,0.03374071046710014,-5.086124897003174,0.05236387997865677,-29.810657501220703,-7.0,7.0,4.776184558868408,0.35081732273101807,0.2951758801937103,-0.3872806131839752,647
population,17,carpet,20,2975,0.034644823521375656,0.028104908764362335,-5.10526704788208,0.052311547100543976,-30.483844757080078,-7.0,7.0,4.68741512298584,0.4069848954677582,0.2556488513946533,-0.3850500285625458,648
population,17,carpet,21,2975,0.06368061155080795,0.05030339956283569,-4.974293231964111,0.05225926637649536,-29.99889373779297,-7.0,7.0,4.774859428405762,0.3830392062664032,0.2633698880672455,-0.366424024105072,649
population,17,carpet,22,2975,0.036920756101608276,0.027718547731637955,-5.0407023429870605,0.05220703408122063,-30.55042266845703,-7.0,7.0,4.866641044616699,0.26492536067962646,0.23926401138305664,-0.3717527687549591,650
population,17,carpet,23,2975,0.02235756628215313,0.016082610934972763,-5.182127475738525,0.05215485766530037,-30.25104522705078,-7.0,7.0,4.811542510986328,0.3233712911605835,0.23564766347408295,-0.34867843985557556,651
population,17,carpet,24,2975,0.05045226588845253,0.0331839844584465,-5.2389678955078125,0.05210273340344429,-30.385601043701172,-7.0,7.0,4.67828369140625,0.474785715341568,0.24205906689167023,-0.3508685529232025,652
population,17,carpet,25,2975,0.028213419020175934,0.024416079744696617,-5.20454740524292,0.05205066129565239,-31.093734741210938,-7.0,7.0,4.790173530578613,0.4552595019340515,0.24834588170051575,-0.3281172215938568,653
population,17,carpet,26,2975,0.028754590079188347,0.022091761231422424,-5.097793102264404,0.05199864134192467,-31.215435028076172,-7.0,7.0,4.805819988250732,0.5529006719589233,0.22373412549495697,-0.3330601155757904,654
population,17,carpet,27,2975,0.044304050505161285,0.042773764580488205,-5.140077590942383,0.051946669816970825,-32.14743423461914,-7.0,7.0,4.803171157836914,0.3971465229988098,0.20707139372825623,-0.32584476470947266,655
population,17,carpet,28,2975,0.05502574145793915,0.06481944024562836,-5.067480564117432,0.05189475417137146,-31.21219253540039,-7.0,7.0,4.844127655029297,0.4092109799385071,0.2122524082660675,-0.3220263421535492,656
population,17,carpet,29,2975,0.0677531510591507,0.05452992767095566,-5.157314777374268,0.051842886954545975,-31.591787338256836,-7.0,7.0,4.726867198944092,0.5409186482429504,0.21476078033447266,-0.31162047386169434,657
population,17,carpet,30,2975,0.05258723348379135,0.04350703954696655,-5.284307479858398,0.051791075617074966,-31.83551025390625,-7.0,7.0,4.876154899597168,0.25767168402671814,0.19621309638023376,-0.3216145634651184,658
population,17,carpet,31,2975,0.033951107412576675,0.03868189454078674,-5.170563697814941,0.05173931270837784,-31.091466903686523,-7.0,7.0,4.764667510986328,0.5658031702041626,0.2109220176935196,-0.30951806902885437,659
population,17,carpet,32,2975,0.024499014019966125,0.01839267648756504,-5.086792945861816,0.05168760567903519,-31.813751220703125,-7.0,7.0,4.839760780334473,0.3116559088230133,0.18849821388721466,-0.3150043487548828,660
population,17,carpet,33,2975,0.02689872309565544,0.02625902369618416,-5.09877347946167,0.051635947078466415,-31.68678855895996,-7.0,7.0,4.800670623779297,0.39631375670433044,0.2050645649433136,-0.314243346452713,661
population,17,carpet,34,2975,0.03202022612094879,0.03514726087450981,-5.097378730773926,0.05158434063196182,-31.452434539794922,-7.0,7.0,4.849199295043945,0.3574436604976654,0.20850107073783875,-0.3216387629508972,662
population,17,carpet,35,2975,0.042333126068115234,0.03983304649591446,-5.236325740814209,0.05153278633952141,-31.60017967224121,-7.0,7.0,4.874017238616943,0.3671203851699829,0.2061905413866043,-0.3296210467815399,663
population,17,carpet,36,2975,0.04454067349433899,0.04579321667551994,-5.333209037780762,0.051481280475854874,-30.677928924560547,-7.0,7.0,4.958765506744385,0.3290087580680847,0.227915421128273,-0.34133514761924744,664
population,17,carpet,37,2975,0.02603178471326828,0.031727708876132965,-5.320590972900391,0.051429830491542816,-31.30173110961914,-7.0,7.0,4.867847442626953,0.6417768001556396,0.23243601620197296,-0.3569827079772949,665
population,17,carpet,38,2975,0.05748946964740753,0.05728863552212715,-5.107154846191406,0.05137842893600464,-30.533369064331055,-7.0,7.0,4.734740257263184,0.6103820204734802,0.26536834239959717,-0.3508743345737457,666
population,17,carpet,39,2975,0.028051603585481644,0.03842877596616745,-5.140404224395752,0.05132707953453064,-30.811208724975586,-7.0,7.0,4.777508735656738,0.598311722278595,0.2572668194770813,-0.37400341033935547,667
population,17,carpet,40,2975,0.03260994330048561,0.032028984278440475,-5.295115947723389,0.05127578228712082,-29.41200828552246,-7.0,7.0,4.775158405303955,0.633189857006073,0.25674206018447876,-0.37302932143211365,668
population,17,carpet,41,2975,0.03616630658507347,0.03750290349125862,-5.406442642211914,0.05122453719377518,-30.452945709228516,-7.0,7.0,4.8622660636901855,0.4204227924346924,0.2820875644683838,-0.38209325075149536,669
population,17,carpet,42,2975,0.035030100494623184,0.03726997971534729,-5.320879936218262,0.051173340529203415,-30.93946075439453,-7.0,7.0,4.8665080070495605,0.4893703758716583,0.2589336633682251,-0.38756683468818665,670
population,17,carpet,43,2975,0.04183398559689522,0.033372629433870316,-5.146917819976807,0.05112219601869583,-29.88100814819336,-7.0,7.0,4.8998284339904785,0.4637526273727417,0.2255810648202896,-0.3925073444843292,671
population,17,carpet,44,2975,0.08157728612422943,0.07624988257884979,-5.169829845428467,0.051071103662252426,-29.525527954101562,-7.0,7.0,5.006284236907959,0.39550283551216125,0.2473355084657669,-0.3962595760822296,672
population,17,carpet,45,2975,0.041734643280506134,0.044823091477155685,-5.322621822357178,0.0510200634598732,-30.30670928955078,-7.0,7.0,4.935514450073242,0.3742794990539551,0.24416010081768036,-0.39778295159339905,673
population,17,carpet,46,2975,0.05781807005405426,0.053003035485744476,-5.488940238952637,0.05096907168626785,-30.31586265563965,-7.0,7.0,5.004289627075195,0.4731277823448181,0.2541654706001282,-0.3931858241558075,674
population,17,carpet,47,2975,0.03449399396777153,0.041697531938552856,-5.326325416564941,0.050918132066726685,-30.832921981811523,-7.0,7.0,4.906301021575928,0.31501248478889465,0.23954029381275177,-0.3979780077934265,675
population,17,carpet,48,2975,0.05270654708147049,0.04817137122154236,-5.144443035125732,0.050867240875959396,-29.691112518310547,-7.0,7.0,4.829295635223389,0.5803651213645935,0.26018157601356506,-0.3919004797935486,676
population,17,carpet,49,2975,0.028991596773266792,0.02351382188498974,-5.233117580413818,0.050816405564546585,-30.824539184570312,-7.0,7.0,4.8880486488342285,0.5402531623840332,0.25806790590286255,-0.3919784128665924,677
population,17,carpet,50,2975,0.019882529973983765,0.02160917967557907,-5.381961822509766,0.050765618681907654,-29.347518920898438,-7.0,7.0,4.98724889755249,0.42427191138267517,0.2712341845035553,-0.40757492184638977,678
individual,18,carpet,1,3150,0.04498361423611641,0.04076554626226425,-5.182254791259766,0.0507148802280426,-30.76346778869629,-7.0,7.0,4.859101295471191,0.6871237754821777,0.2695501446723938,-0.358741819858551,679
individual,18,carpet,2,3150,0.025118151679635048,0.026729589328169823,-5.2324628829956055,0.05066419392824173,-30.576187133789062,-7.0,7.0,4.929952144622803,0.3145136535167694,0.24814315140247345,-0.3750084340572357,680
individual,18,carpet,3,3150,0.050401829183101654,0.06095029413700104,-5.186952590942383,0.050613559782505035,-30.47252082824707,-7.0,7.0,4.926609992980957,0.4638877213001251,0.2724207639694214,-0.37386390566825867,681
individual,18,carpet,4,3150,0.043904244899749756,0.0493617057800293,-5.442493438720703,0.05056297406554222,-29.5811710357666,-7.0,7.0,5.009387016296387,0.43712857365608215,0.28884172439575195,-0.37282678484916687,682
individual,18,carpet,5,3150,0.041024819016456604,0.06672792136669159,-5.454582691192627,0.050512440502643585,-31.09479522705078,-7.0,7.0,4.876873970031738,0.5213366746902466,0.2597932517528534,-0.38576507568359375,683
individual,18,carpet,6,3150,0.04941769689321518,0.04652505740523338,-5.30487060546875,0.05046195536851883,-30.862255096435547,-7.0,7.0,4.820611476898193,0.467011958360672,0.2822447419166565,-0.3853907287120819,684
individual,18,carpet,7,3150,0.06591050326824188,0.09313033521175385,-5.2159247398376465,0.05041152238845825,-30.346277236938477,-7.0,7.0,4.934137344360352,0.5569352507591248,0.2791861593723297,-0.3765523135662079,685
individual,18,carpet,8,3150,0.03169805556535721,0.031345900148153305,-5.328437328338623,0.05036114156246185,-30.107816696166992,-7.0,7.0,4.946658134460449,0.5026278495788574,0.27842965722084045,-0.3946957290172577,686
individual,18,carpet,9,3150,0.035737667232751846,0.057683005928993225,-5.448381423950195,0.050310809165239334,-30.381057739257812,-7.0,7.0,4.915160655975342,0.4320463240146637,0.29678091406822205,-0.38417813181877136,687
individual,18,carpet,10,3150,0.026516836136579514,0.027304798364639282,-5.377048015594482,0.050260528922080994,-30.428192138671875,-7.0,7.0,4.967727184295654,0.4652749300003052,0.3156454265117645,-0.37941285967826843,688
individual,18,carpet,11,3150,0.05406397581100464,0.05917666107416153,-5.387099742889404,0.05021029710769653,-30.3970890045166,-7.0,7.0,4.98432731628418,0.4859744906425476,0.3137814402580261,-0.3965105414390564,689
individual,18,carpet,12,3150,0.03735645115375519,0.03628295660018921,-5.40201473236084,0.05016011372208595,-29.370925903320312,-7.0,7.0,4.9863481521606445,0.45989009737968445,0.31615743041038513,-0.3900406062602997,690
individual,18,carpet,13,3150,0.04442286118865013,0.03607378900051117,-5.470029830932617,0.05010998249053955,-30.003620147705078,-7.0,7.0,5.061291694641113,0.5421176552772522,0.3363770842552185,-0.39135560393333435,691
individual,18,carpet,14,3150,0.03859899938106537,0.0326145738363266,-5.311842918395996,0.05005989968776703,-29.96506118774414,-7.0,7.0,5.078397750854492,0.34483474493026733,0.31991007924079895,-0.39171090722084045,692
individual,18,carpet,15,3150,0.04530549794435501,0.03107299655675888,-5.247183799743652,0.050009869039058685,-29.60338020324707,-7.0,7.0,5.099592685699463,0.3801850974559784,0.3415597379207611,-0.38686850666999817,693
individual,18,carpet,16,3150,0.033194657415151596,0.035899218171834946,-5.375669002532959,0.04995988681912422,-29.225282669067383,-7.0,7.0,4.9956512451171875,0.5137660503387451,0.33458825945854187,-0.38571828603744507,694
individual,18,carpet,17,3150,0.07102341949939728,0.049074437469244,-5.4245452880859375,0.04990995675325394,-31.09799575805664,-7.0,7.0,4.882867813110352,0.6133855581283569,0.33522576093673706,-0.3706071376800537,695
individual,18,carpet,18,3150,0.034684691578149796,0.040393512696027756,-5.369198799133301,0.04986007511615753,-31.49702262878418,-7.0,7.0,5.159665107727051,0.3780645430088043,0.3328382074832916,-0.3640426993370056,696
individual,18,carpet,19,3150,0.02435353584587574,0.01722056046128273,-5.333019256591797,0.049810245633125305,-30.816953659057617,-7.0,7.0,5.043026447296143,0.3791530132293701,0.31511735916137695,-0.36709803342819214,697
individual,18,carpet,20,3150,0.04225504770874977,0.040051255375146866,-5.413673400878906,0.04976046085357666,-30.918109893798828,-7.0,7.0,5.0218400955200195,0.6083058714866638,0.3165287971496582,-0.3361240029335022,698
individual,18,carpet,21,3150,0.048377763479948044,0.03849787265062332,-5.506309986114502,0.04971073195338249,-30.475643157958984,-7.0,7.0,5.077791213989258,0.3900649845600128,0.3122728765010834,-0.34332770109176636,699
individual,18,carpet,22,3150,0.049883078783750534,0.047875870019197464,-5.439682960510254,0.049661047756671906,-30.650802612304688,-7.0,7.0,5.127930164337158,0.3383512794971466,0.30061283707618713,-0.32952168583869934,700
individual,18,carpet,23,3150,0.03848409652709961,0.04242469742894173,-5.465560436248779,0.0496114157140255,-31.295494079589844,-7.0,7.0,5.098954200744629,0.5769038796424866,0.2891584038734436,-0.3186451494693756,701
individual,18,carpet,24,3150,0.02090594545006752,0.02870045229792595,-5.462372303009033,0.04956183210015297,-31.060869216918945,-7.0,7.0,5.098676681518555,0.37921127676963806,0.3094165027141571,-0.31931114196777344,702
individual,18,carpet,25,3150,0.06783361732959747,0.05335318297147751,-5.367369174957275,0.04951230064034462,-31.253660202026367,-7.0,7.0,5.051802635192871,0.5236243009567261,0.3070657253265381,-0.31213507056236267,703
individual,18,carpet,26,3150,0.022336186841130257,0.029556918889284134,-5.480683326721191,0.04946281388401985,-32.484397888183594,-7.0,7.0,5.158167362213135,0.3898791968822479,0.28771284222602844,-0.2961106300354004,704
individual,18,carpet,27,3150,0.05309033766388893,0.0491388775408268,-5.50377082824707,0.04941337928175926,-32.58341979980469,-7.0,7.0,5.174200057983398,0.40691128373146057,0.28070151805877686,-0.28432267904281616,705
individual,18,carpet,28,3150,0.03236553445458412,0.03778747469186783,-5.545389175415039,0.04936399683356285,-31.090255737304688,-7.0,7.0,5.092620849609375,0.45179641246795654,0.2789537310600281,-0.2939825654029846,706
individual,18,carpet,29,3150,0.03019394725561142,0.03329208120703697,-5.552219390869141,0.04931465908885002,-31.707683563232422,-7.0,7.0,5.239384651184082,0.3873487710952759,0.267424613237381,-0.2970886826515198,707
individual,18,carpet,30,3150,0.02582506462931633,0.021111030131578445,-5.380552291870117,0.04926537349820137,-30.500221252441406,-7.0,7.0,5.041351318359375,0.4796557128429413,0.3090926706790924,-0.3055548667907715,708
individual,18,carpet,31,3150,0.027198024094104767,0.03473174571990967,-5.530426025390625,0.0492161363363266,-31.24950408935547,-7.0,7.0,5.183125972747803,0.43564367294311523,0.26591405272483826,-0.3036158084869385,709
individual,18,carpet,32,3150,0.03598060458898544,0.039216049015522,-5.567601203918457,0.04916694760322571,-32.24846649169922,-7.0,7.0,5.342111110687256,0.4653954803943634,0.25812768936157227,-0.3067898750305176,710
individual,18,carpet,33,3150,0.0626179501414299,0.055989429354667664,-5.712601661682129,0.049117811024188995,-31.564374923706055,-7.0,7.0,5.022035121917725,0.6124574542045593,0.3452896177768707,-0.31645816564559937,711
individual,18,carpet,34,3150,0.057652976363897324,0.05287300795316696,-5.576805114746094,0.049068719148635864,-31.36383056640625,-7.0,7.0,5.286957263946533,0.29045993089675903,0.28619584441185,-0.3296138644218445,712
individual,18,carpet,35,3150,0.050790976732969284,0.0425247997045517,-5.4953107833862305,0.04901967942714691,-31.575336456298828,-7.0,7.0,5.097253799438477,0.5034116506576538,0.3233505189418793,-0.3428235948085785,713
individual,18,carpet,36,3150,0.06425479054450989,0.0651039257645607,-5.547843933105469,0.04897068813443184,-30.327917098999023,-7.0,7.0,5.1995344161987305,0.45922279357910156,0.30471470952033997,-0.35162076354026794,714
individual,18,carpet,37,3150,0.03261791914701462,0.03654540702700615,-5.579720497131348,0.048921745270490646,-30.93722915649414,-7.0,7.0,5.270007133483887,0.38682425022125244,0.29147249460220337,-0.37218475341796875,715
individual,18,carpet,38,3150,0.06951985508203506,0.07815015316009521,-5.661471366882324,0.048872850835323334,-31.00672721862793,-7.0,7.0,5.262916088104248,0.37535229325294495,0.3144637644290924,-0.3771531581878662,716
individual,18,carpet,39,3150,0.047102637588977814,0.0494917631149292,-5.621970176696777,0.0488240048289299,-30.40355110168457,-7.0,7.0,5.283166408538818,0.3170206844806671,0.3017440736293793,-0.40594762563705444,717
individual,18,carpet,40,3150,0.03181268274784088,0.03381260484457016,-5.6188483238220215,0.04877521097660065,-29.562402725219727,-7.0,7.0,5.127610206604004,0.6415115594863892,0.36250612139701843,-0.395988792181015,718
individual,18,carpet,41,3150,0.04101162776350975,0.048706021159887314,-5.461625576019287,0.048726461827754974,-28.42272186279297,-7.0,7.0,5.117431163787842,0.6304767727851868,0.37072330713272095,-0.408397912979126,719
individual,18,carpet,42,3150,0.08212855458259583,0.0780642032623291,-5.57354736328125,0.04867776483297348,-30.09688949584961,-7.0,7.0,5.141821384429932,0.529268741607666,0.3438098430633545,-0.41528916358947754,720
individual,18,carpet,43,3150,0.07905692607164383,0.08122111111879349,-5.7693281173706055,0.04862911254167557,-30.848299026489258,-7.0,7.0,5.158402442932129,0.5317888259887695,0.35763221979141235,-0.42175644636154175,721
individual,18,carpet,44,3150,0.06103423237800598,0.06591139733791351,-5.795718193054199,0.048580512404441833,-30.7344913482666,-7.0,7.0,5.213362693786621,0.4153068959712982,0.35784825682640076,-0.44233807921409607,722
individual,18,carpet,45,3150,0.07669422030448914,0.07270026206970215,-5.4345903396606445,0.04853196069598198,-30.668933868408203,-7.0,7.0,5.251002311706543,0.29580235481262207,0.3765455186367035,-0.4370674192905426,723
individual,18,carpet,46,3150,0.04064853861927986,0.0459832064807415,-5.478075981140137,0.048483457416296005,-29.72523307800293,-7.0,7.0,5.30021333694458,0.3359721302986145,0.347977876663208,-0.4595670998096466,724
individual,18,carpet,47,3150,0.0470411591231823,0.053707633167505264,-5.723426818847656,0.04843499884009361,-28.852567672729492,-7.0,7.0,5.266467094421387,0.46836891770362854,0.39981529116630554,-0.4533098638057709,725
individual,18,carpet,48,3150,0.07552985846996307,0.06371289491653442,-5.928359031677246,0.0483865924179554,-29.304122924804688,-7.0,7.0,5.395020961761475,0.29572513699531555,0.3616246283054352,-0.4636700749397278,726
individual,18,carpet,49,3150,0.02975715696811676,0.029129009693861008,-5.739699363708496,0.048338234424591064,-30.402772903442383,-7.0,7.0,5.3613600730896,0.3217281401157379,0.3641200363636017,-0.4586639702320099,727
individual,18,carpet,50,3150,0.057955965399742126,0.04579293727874756,-5.5682373046875,0.04828992486000061,-28.544092178344727,-7.0,7.0,5.2293782234191895,0.38014817237854004,0.3924924433231354,-0.4706803858280182,728
population,18,carpet,1,3150,0.06624239683151245,0.05947898328304291,-5.453426361083984,0.0507148802280426,-30.0294189453125,-7.0,7.0,4.846195220947266,0.467777281999588,0.26369282603263855,-0.3958740830421448,679
population,18,carpet,2,3150,0.040006086230278015,0.035357631742954254,-5.463823318481445,0.05066419392824173,-30.011648178100586,-7.0,7.0,5.018902778625488,0.42443951964378357,0.24158640205860138,-0.40531450510025024,680
population,18,carpet,3,3150,0.04630886763334274,0.03996054828166962,-5.327200889587402,0.050613559782505035,-29.799362182617188,-7.0,7.0,4.990573883056641,0.4168584942817688,0.25448113679885864,-0.42261767387390137,681
population,18,carpet,4,3150,0.03643672540783882,0.037986934185028076,-5.341732025146484,0.05056297406554222,-30.070144653320312,-7.0,7.0,5.033904552459717,0.41545361280441284,0.2606019079685211,-0.42438358068466187,682
population,18,carpet,5,3150,0.03587120398879051,0.03704017400741577,-5.3735198974609375,0.050512440502643585,-29.626745223999023,-7.0,7.0,5.014163970947266,0.34414148330688477,0.2650093734264374,-0.41912272572517395,683
population,18,carpet,6,3150,0.05725304037332535,0.04951924830675125,-5.447936534881592,0.05046195536851883,-30.482059478759766,-7.0,7.0,5.104278087615967,0.3324638605117798,0.26694202423095703,-0.42592301964759827,684
population,18,carpet,7,3150,0.017518026754260063,0.015683935955166817,-5.368285179138184,0.05041152238845825,-30.901561737060547,-7.0,7.0,4.926136016845703,0.4262497127056122,0.30292269587516785,-0.41732215881347656,685
population,18,carpet,8,3150,0.04851527139544487,0.044481705874204636,-5.375171184539795,0.05036114156246185,-28.42641830444336,-7.0,7.0,5.178498268127441,0.43068671226501465,0.299736350774765,-0.42827776074409485,686
population,18,carpet,9,3150,0.032271064817905426,0.030639227479696274,-5.383671283721924,0.050310809165239334,-29.910001754760742,-7.0,7.0,4.976086616516113,0.48131805658340454,0.2923624515533447,-0.42481109499931335,687
population,18,carpet,10,3150,0.03980431333184242,0.03126281127333641,-5.404354572296143,0.050260528922080994,-30.387165069580078,-7.0,7.0,5.185804843902588,0.34116989374160767,0.29473257064819336,-0.42575356364250183,688
population,18,carpet,11,3150,0.03140505403280258,0.03227834776043892,-5.41396427154541,0.05021029710769653,-29.580978393554688,-7.0,7.0,5.145763874053955,0.40452325344085693,0.2954989969730377,-0.4058104455471039,689
population,18,carpet,12,3150,0.039475031197071075,0.03421875461935997,-5.454041481018066,0.05016011372208595,-29.97089958190918,-7.0,7.0,5.0044732093811035,0.4052969813346863,0.30610939860343933,-0.3969552516937256,690
population,18,carpet,13,3150,0.03531625494360924,0.034594058990478516,-5.498106002807617,0.05010998249053955,-30.991832733154297,-7.0,7.0,5.121949672698975,0.3222169280052185,0.27950039505958557,-0.3889465630054474,691
population,18,carpet,14,3150,0.038161471486091614,0.040982384234666824,-5.453702449798584,0.05005989968776703,-30.796432495117188,-7.0,7.0,5.1630096435546875,0.27687400579452515,0.29162994027137756,-0.3734658658504486,692
population,18,carpet,15,3150,0.0454099103808403,0.04858056455850601,-5.405160903930664,0.050009869039058685,-30.891399383544922,-7.0,7.0,5.1377973556518555,0.4097291827201843,0.2790529131889343,-0.3595918118953705,693
population,18,carpet,16,3150,0.038821831345558167,0.03672639653086662,-5.466526985168457,0.04995988681912422,-33.099369049072266,-7.0,7.0,5.091709136962891,0.385585755109787,0.25836557149887085,-0.33961889147758484,694
population,18,carpet,17,3150,0.0445256344974041,0.056073881685733795,-5.594155311584473,0.04990995675325394,-31.0684871673584,-7.0,7.0,5.135504245758057,0.3702177107334137,0.2687422037124634,-0.3341991603374481,695
population,18,carpet,18,3150,0.03658049553632736,0.028230898082256317,-5.434197425842285,0.04986007511615753,-31.40436553955078,-7.0,7.0,5.17653751373291,0.3906278908252716,0.26490291953086853,-0.31912288069725037,696
population,18,carpet,19,3150,0.030349258333444595,0.0376967117190361,-5.375497817993164,0.049810245633125305,-31.256465911865234,-7.0,7.0,5.055476665496826,0.3998202085494995,0.2562251389026642,-0.308554083108902,697
population,18,carpet,20,3150,0.04573069512844086,0.04684063419699669,-5.469436168670654,0.04976046085357666,-31.908191680908203,-7.0,7.0,5.17828369140625,0.5832938551902771,0.24693262577056885,-0.3057028651237488,698
population,18,carpet,21,3150,0.05632992461323738,0.05686146765947342,-5.610845565795898,0.04971073195338249,-32.468849182128906,-7.0,7.0,5.113227844238281,0.43667149543762207,0.2409280240535736,-0.303183376789093,699
population,18,carpet,22,3150,0.03408454358577728,0.04988035559654236,-5.599883556365967,0.049661047756671906,-32.3497428894043,-7.0,7.0,5.1591105461120605,0.3141261637210846,0.23717309534549713,-0.30707716941833496,700
population,18,carpet,23,3150,0.024529850110411644,0.021226966753602028,-5.39007043838501,0.0496114157140255,-31.919309616088867,-7.0,7.0,4.970405101776123,0.47459450364112854,0.23457030951976776,-0.3048519194126129,701
population,18,carpet,24,3150,0.06002049520611763,0.06881212443113327,-5.308109283447266,0.04956183210015297,-32.687740325927734,-7.0,7.0,5.160626411437988,0.3279467821121216,0.2382982224225998,-0.318867027759552,702
population,18,carpet,25,3150,0.044394440948963165,0.05013914778828621,-5.470948219299316,0.04951230064034462,-31.346986770629883,-7.0,7.0,5.26446008682251,0.3167523741722107,0.2449992150068283,-0.3253164291381836,703
population,18,carpet,26,3150,0.08826957643032074,0.07573708891868591,-5.801385402679443,0.04946281388401985,-31.77467155456543,-7.0,7.0,5.158134937286377,0.3335177004337311,0.25379303097724915,-0.33695799112319946,704
population,18,carpet,27,3150,0.042470380663871765,0.04939078539609909,-5.772326469421387,0.04941337928175926,-30.740310668945312,-7.0,7.0,5.233588218688965,0.41177695989608765,0.28466731309890747,-0.3344120979309082,705
population,18,carpet,28,3150,0.03194398805499077,0.03489978238940239,-5.495870113372803,0.04936399683356285,-31.152515411376953,-7.0,7.0,5.056101322174072,0.4603886008262634,0.28373175859451294,-0.35544538497924805,706
population,18,carpet,29,3150,0.09545561671257019,0.09324628859758377,-5.343074798583984,0.04931465908885002,-30.35161590576172,-7.0,7.0,5.257046222686768,0.37398526072502136,0.27934786677360535,-0.3621554970741272,707
population,18,carpet,30,3150,0.060018815100193024,0.059095196425914764,-5.49995231628418,0.04926537349820137,-30.9033260345459,-7.0,7.0,5.301601409912109,0.46159201860427856,0.2752911448478699,-0.36996427178382874,708
population,18,carpet,31,3150,0.05845712870359421,0.05584084242582321,-5.756658554077148,0.0492161363363266,-29.671466827392578,-7.0,7.0,5.136791229248047,0.48946958780288696,0.2961075007915497,-0.3762809634208679,709
population,18,carpet,32,3150,0.048935532569885254,0.048917002975940704,-5.762362957000732,0.04916694760322571,-29.714067459106445,-7.0,7.0,5.159849166870117,0.5652309656143188,0.29163336753845215,-0.3745260238647461,710
population,18,carpet,33,3150,0.05944245681166649,0.0509028285741806,-5.576354026794434,0.049117811024188995,-30.236797332763672,-7.0,7.0,5.192368984222412,0.4597266614437103,0.28805121779441833,-0.38666945695877075,711
population,18,carpet,34,3150,0.024258779361844063,0.022388052195310593,-5.546290397644043,0.049068719148635864,-31.14404296875,-7.0,7.0,5.462161540985107,0.2844495475292206,0.28749775886535645,-0.395976722240448,712
population,18,carpet,35,3150,0.07327187061309814,0.0728478655219078,-5.556962013244629,0.04901967942714691,-29.945892333984375,-7.0,7.0,5.318948745727539,0.43366795778274536,0.29583993554115295,-0.39987972378730774,713
population,18,carpet,36,3150,0.05773457512259483,0.05559874325990677,-5.5877156257629395,0.04897068813443184,-29.47453498840332,-7.0,7.0,5.123818874359131,0.5011538863182068,0.3093407154083252,-0.39498665928840637,714
population,18,carpet,37,3150,0.030983328819274902,0.03059469535946846,-5.789389133453369,0.048921745270490646,-30.7015380859375,-7.0,7.0,5.437597274780273,0.2963056266307831,0.29637882113456726,-0.40826472640037537,715
population,18,carpet,38,3150,0.04572267830371857,0.04847434163093567,-5.690686225891113,0.048872850835323334,-29.0089168548584,-7.0,7.0,5.176814079284668,0.5464566349983215,0.2997060716152191,-0.41006800532341003,716
population,18,carpet,39,3150,0.06442711502313614,0.055015504360198975,-5.485459327697754,0.0488240048289299,-29.986886978149414,-7.0,7.0,5.226993560791016,0.45978036522865295,0.3050502836704254,-0.4005963206291199,717
population,18,carpet,40,3150,0.0406063012778759,0.04778306186199188,-5.442378044128418,0.04877521097660065,-30.037256240844727,-7.0,7.0,5.322973251342773,0.3029998242855072,0.29946181178092957,-0.4181608259677887,718
population,18,carpet,41,3150,0.03643551096320152,0.028113292530179024,-5.6669511795043945,0.048726461827754974,-29.886823654174805,-7.0,7.0,5.317732810974121,0.37677812576293945,0.3130161762237549,-0.4169062674045563,719
population,18,carpet,42,3150,0.07626644521951675,0.07248009741306305,-5.819469451904297,0.04867776483297348,-30.458967208862305,-7.0,7.0,5.221970558166504,0.43927234411239624,0.2985076308250427,-0.40099987387657166,720
population,18,carpet,43,3150,0.040165647864341736,0.04205437749624252,-5.768002986907959,0.04862911254167557,-30.088911056518555,-7.0,7.0,5.321242332458496,0.5421721935272217,0.2994915843009949,-0.403508722782135,721
population,18,carpet,44,3150,0.05120359733700752,0.0600903257727623,-5.598057270050049,0.048580512404441833,-31.393964767456055,-7.0,7.0,5.366757869720459,0.6316989660263062,0.2901160418987274,-0.37592408061027527,722
population,18,carpet,45,3150,0.09073358029127121,0.08053988218307495,-5.571224689483643,0.04853196069598198,-30.10415267944336,-7.0,7.0,5.43856954574585,0.37602338194847107,0.30155959725379944,-0.38376131653785706,723
population,18,carpet,46,3150,0.037544768303632736,0.03768119961023331,-5.80681848526001,0.048483457416296005,-30.47043228149414,-7.0,7.0,5.364394187927246,0.379635751247406,0.28066423535346985,-0.37187984585762024,724
population,18,carpet,47,3150,0.07950670272111893,0.06732278317213058,-5.924626350402832,0.04843499884009361,-31.083450317382812,-7.0,7.0,5.273597717285156,0.534386396408081,0.29055237770080566,-0.3458762764930725,725
population,18,carpet,48,3150,0.03221035748720169,0.03153526037931442,-5.723911285400391,0.0483865924179554,-30.780384063720703,-7.0,7.0,5.3275227546691895,0.3684787452220917,0.2657175660133362,-0.34579330682754517,726
population,18,carpet,49,3150,0.10040933638811111,0.09324251860380173,-5.529120445251465,0.048338234424591064,-31.61617660522461,-7.0,7.0,5.502780914306641,0.29769256711006165,0.2564047873020172,-0.33760175108909607,727
population,18,carpet,50,3150,0.04798576608300209,0.04571453481912613,-5.6774749755859375,0.04828992486000061,-30.282958984375,-7.0,7.0,5.2142229080200195,0.543152391910553,0.2634444236755371,-0.3213922083377838,728
individual,19,carpet,1,3325,0.056110017001628876,0.06854701787233353,-5.524294853210449,0.04824165999889374,-28.57012367248535,-7.0,7.0,5.355477333068848,0.4354694187641144,0.38559794425964355,-0.47341471910476685,729
individual,19,carpet,2,3325,0.037154413759708405,0.027867108583450317,-5.817200183868408,0.048193447291851044,-28.728940963745117,-7.0,7.0,5.51830530166626,0.3437608480453491,0.4113466441631317,-0.486740380525589,730
individual,19,carpet,3,3325,0.07563522458076477,0.06992370635271072,-5.921986103057861,0.04814528301358223,-28.61917495727539,-7.0,7.0,5.3120317459106445,0.5102592706680298,0.3940582573413849,-0.4687197506427765,731
individual,19,carpet,4,3325,0.04678710922598839,0.05188605189323425,-5.7222466468811035,0.048097163438797,-27.315187454223633,-7.0,7.0,5.37208890914917,0.3862992525100708,0.40901726484298706,-0.49027881026268005,732
individual,19,carpet,5,3325,0.0772063136100769,0.07572421431541443,-5.517581462860107,0.048049092292785645,-28.066606521606445,-7.0,7.0,5.325101852416992,0.44305339455604553,0.41351526975631714,-0.4558693766593933,733
individual,19,carpet,6,3325,0.06484497338533401,0.07813436537981033,-5.554072856903076,0.04800107330083847,-28.634204864501953,-7.0,7.0,5.370148181915283,0.4706675410270691,0.3966178297996521,-0.4708234667778015,734
individual,19,carpet,7,3325,0.08755575120449066,0.08285610377788544,-5.800788879394531,0.04795309901237488,-28.74106788635254,-7.0,7.0,5.248024940490723,0.5451318025588989,0.4215884804725647,-0.4093206822872162,735
individual,19,carpet,8,3325,0.03100006654858589,0.032237567007541656,-5.763092517852783,0.047905173152685165,-28.439327239990234,-7.0,7.0,5.3776044845581055,0.4157347083091736,0.3850836753845215,-0.4313817024230957,736
individual,19,carpet,9,3325,0.048337142914533615,0.0452551431953907,-5.650315761566162,0.04785729572176933,-30.824857711791992,-7.0,7.0,5.418867111206055,0.4147985875606537,0.3764365315437317,-0.40494850277900696,737
individual,19,carpet,10,3325,0.04510433226823807,0.04947952553629875,-5.600523948669434,0.04780946671962738,-31.910598754882812,-7.0,7.0,5.335252285003662,0.4242589771747589,0.34909433126449585,-0.39296847581863403,738
individual,19,carpet,11,3325,0.030278323218226433,0.028892304748296738,-5.720409870147705,0.04776168242096901,-31.072402954101562,-7.0,7.0,5.441678524017334,0.38098177313804626,0.35665613412857056,-0.3791918456554413,739
individual,19,carpet,12,3325,0.05277775973081589,0.059353869408369064,-5.940286636352539,0.04771395027637482,-31.58795166015625,-7.0,7.0,5.4649858474731445,0.4120887219905853,0.3467932343482971,-0.3641016483306885,740
individual,19,carpet,13,3325,0.06014859676361084,0.06518039107322693,-5.870537281036377,0.047666262835264206,-30.52977752685547,-7.0,7.0,5.531440734863281,0.34348273277282715,0.3205951750278473,-0.36175400018692017,741
individual,19,carpet,14,3325,0.08316975831985474,0.08884723484516144,-5.6915364265441895,0.047618623822927475,-31.269317626953125,-7.0,7.0,5.585698127746582,0.3949279487133026,0.34136009216308594,-0.35400763154029846,742
individual,19,carpet,15,3325,0.04065438359975815,0.04022841528058052,-5.726162910461426,0.047571033239364624,-30.56149673461914,-7.0,7.0,5.43022346496582,0.48825863003730774,0.3421953022480011,-0.3542914390563965,743
individual,19,carpet,16,3325,0.046221837401390076,0.03469444066286087,-5.934864521026611,0.047523487359285355,-31.04009246826172,-7.0,7.0,5.555486679077148,0.3180711567401886,0.3168829083442688,-0.33632713556289673,744
individual,19,carpet,17,3325,0.03716277703642845,0.03411506861448288,-5.965525150299072,0.047475993633270264,-32.43873596191406,-7.0,7.0,5.561705589294434,0.38166099786758423,0.30263590812683105,-0.33529335260391235,745
individual,19,carpet,18,3325,0.05575796216726303,0.051263004541397095,-5.826716899871826,0.047428544610738754,-31.251062393188477,-7.0,7.0,5.471835613250732,0.6018754839897156,0.33163806796073914,-0.3301217257976532,746
individual,19,carpet,19,3325,0.07895734906196594,0.07246527075767517,-5.752438068389893,0.047381140291690826,-31.629924774169922,-7.0,7.0,5.459734916687012,0.5296944975852966,0.29984191060066223,-0.31654229760169983,747
individual,19,carpet,20,3325,0.022426651790738106,0.02676171436905861,-5.794853210449219,0.04733378812670708,-32.09675216674805,-7.0,7.0,5.536350250244141,0.353433758020401,0.29642897844314575,-0.3329186737537384,748
individual,19,carpet,21,3325,0.029767654836177826,0.02467217668890953,-5.919842720031738,0.04728648066520691,-31.28123664855957,-7.0,7.0,5.521984577178955,0.33118587732315063,0.29227080941200256,-0.3207905888557434,749
individual,19,carpet,22,3325,0.028577618300914764,0.030794287100434303,-5.819343090057373,0.04723922163248062,-31.198284149169922,-7.0,7.0,5.500730037689209,0.5245568156242371,0.3072870373725891,-0.31010526418685913,750
individual,19,carpet,23,3325,0.07491843402385712,0.06116088107228279,-5.760861396789551,0.047192011028528214,-30.63343048095703,-7.0,7.0,5.473954200744629,0.6372137069702148,0.32267919182777405,-0.3298949599266052,751
individual,19,carpet,24,3325,0.03459157794713974,0.03803068771958351,-5.836376190185547,0.04714484512805939,-32.1073112487793,-7.0,7.0,5.591215133666992,0.3919477164745331,0.2989675998687744,-0.3110535442829132,752
individual,19,carpet,25,3325,0.06622426956892014,0.05347057804465294,-5.906247615814209,0.04709772765636444,-32.64948272705078,-7.0,7.0,5.458745956420898,0.5278910994529724,0.30205008387565613,-0.3204171657562256,753
individual,19,carpet,26,3325,0.027289988473057747,0.02796931378543377,-5.899997234344482,0.047050654888153076,-31.219850540161133,-7.0,7.0,5.460721492767334,0.48817163705825806,0.322965532541275,-0.3184189200401306,754
individual,19,carpet,27,3325,0.017654063180088997,0.016669005155563354,-5.7758283615112305,0.04700363054871559,-29.998573303222656,-7.0,7.0,5.377903938293457,0.5136350989341736,0.30925577878952026,-0.3234223425388336,755
individual,19,carpet,28,3325,0.03448380529880524,0.028288908302783966,-5.771485805511475,0.04695665463805199,-31.466167449951172,-7.0,7.0,5.629162311553955,0.3397359848022461,0.28852251172065735,-0.3261687457561493,756
individual,19,carpet,29,3325,0.029833516106009483,0.030713021755218506,-5.854703903198242,0.04690972715616226,-31.07489776611328,-7.0,7.0,5.508430480957031,0.5600934028625488,0.3218126893043518,-0.3192152976989746,757
individual,19,carpet,30,3325,0.06018702685832977,0.048922713845968246,-6.07568359375,0.04686284437775612,-31.407236099243164,-7.0,7.0,5.525528907775879,0.44661933183670044,0.30658864974975586,-0.32631367444992065,758
individual,19,carpet,31,3325,0.055590905249118805,0.05985596030950546,-6.007359027862549,0.04681600630283356,-30.388492584228516,-7.0,7.0,5.701805114746094,0.336040735244751,0.2754923105239868,-0.3298946022987366,759
individual,19,carpet,32,3325,0.027511369436979294,0.0304401982575655,-5.885537147521973,0.046769216656684875,-31.22433090209961,-7.0,7.0,5.525983810424805,0.49694621562957764,0.2881491482257843,-0.3281456530094147,760
individual,19,carpet,33,3325,0.04024210199713707,0.04930786415934563,-5.760337829589844,0.046722475439310074,-32.523624420166016,-7.0,7.0,5.473955154418945,0.6532991528511047,0.2905670702457428,-0.3232839107513428,761
individual,19,carpet,34,3325,0.03679235279560089,0.03761664405465126,-5.854337215423584,0.046675778925418854,-32.48149490356445,-7.0,7.0,5.585204601287842,0.35186144709587097,0.2596316635608673,-0.3310847282409668,762
individual,19,carpet,35,3325,0.03901952877640724,0.03499492630362511,-6.0666823387146,0.046629130840301514,-31.907833099365234,-7.0,7.0,5.5958709716796875,0.43474236130714417,0.2874400317668915,-0.33214884996414185,763
individual,19,carpet,36,3325,0.053759898990392685,0.061868540942668915,-6.098613739013672,0.046582527458667755,-30.988189697265625,-7.0,7.0,5.532708168029785,0.5411404967308044,0.28017428517341614,-0.3325788080692291,764
individual,19,carpet,37,3325,0.027500521391630173,0.02461436577141285,-5.975978374481201,0.04653597250580788,-31.850906372070312,-7.0,7.0,5.608199119567871,0.4232952296733856,0.294175386428833,-0.34464219212532043,765
individual,19,carpet,38,3325,0.07503682374954224,0.07138197124004364,-5.788595676422119,0.04648946225643158,-29.419727325439453,-7.0,7.0,5.557983875274658,0.5391396284103394,0.3134784400463104,-0.3661275804042816,766
individual,19,carpet,39,3325,0.03442800045013428,0.034944236278533936,-5.922881603240967,0.04644300043582916,-30.84954833984375,-7.0,7.0,5.640775680541992,0.4707537591457367,0.30004221200942993,-0.3622356951236725,767
individual,19,carpet,40,3325,0.09553468227386475,0.0832851231098175,-6.250396728515625,0.04639658331871033,-31.63727378845215,-7.0,7.0,5.611341953277588,0.5283929109573364,0.29785794019699097,-0.36099618673324585,768
individual,19,carpet,41,3325,0.025447456166148186,0.022342737764120102,-6.054299354553223,0.04635021463036537,-31.01030921936035,-7.0,7.0,5.758014678955078,0.2714477777481079,0.2787255346775055,-0.38218826055526733,769
individual,19,carpet,42,3325,0.024196213111281395,0.02689581736922264,-5.85896635055542,0.046303890645504,-30.031391143798828,-7.0,7.0,5.667825698852539,0.35177838802337646,0.28518739342689514,-0.37557315826416016,770
individual,19,carpet,43,3325,0.03712061420083046,0.042119573801755905,-5.950540542602539,0.046257611364126205,-30.011226654052734,-7.0,7.0,5.665631294250488,0.6294498443603516,0.3073115646839142,-0.38798001408576965,771
individual,19,carpet,44,3325,0.021849870681762695,0.020987048745155334,-6.007535934448242,0.04621138051152229,-30.873340606689453,-7.0,7.0,5.6582112312316895,0.3094622790813446,0.29850926995277405,-0.39474883675575256,772
individual,19,carpet,45,3325,0.05633905529975891,0.049987949430942535,-6.07509708404541,0.04616519436240196,-31.514585494995117,-7.0,7.0,5.687289237976074,0.5305355787277222,0.3095202147960663,-0.3890991806983948,773
individual,19,carpet,46,3325,0.04900754243135452,0.05245025083422661,-6.077253818511963,0.04611905664205551,-29.759981155395508,-7.0,7.0,5.5141096115112305,0.5631742477416992,0.33636388182640076,-0.3922360837459564,774
individual,19,carpet,47,3325,0.022516541182994843,0.02001798339188099,-6.075425148010254,0.04607296362519264,-30.606773376464844,-7.0,7.0,5.671166896820068,0.5171201825141907,0.3144499957561493,-0.40752291679382324,775
individual,19,carpet,48,3325,0.03447265923023224,0.03091488778591156,-6.018343925476074,0.04602691903710365,-31.825742721557617,-7.0,7.0,5.698032379150391,0.3961506485939026,0.28534069657325745,-0.3928544521331787,776
individual,19,carpet,49,3325,0.03573032468557358,0.03481873497366905,-5.99412202835083,0.045980919152498245,-29.60980224609375,-7.0,7.0,5.762904644012451,0.42286622524261475,0.2920311391353607,-0.4160035252571106,777
individual,19,carpet,50,3325,0.023510802537202835,0.025003090500831604,-6.1156744956970215,0.04593496397137642,-30.0625,-7.0,7.0,5.870738983154297,0.34039077162742615,0.29163867235183716,-0.4102492928504944,778
population,19,carpet,1,3325,0.05610518157482147,0.053836412727832794,-5.916926383972168,0.04824165999889374,-31.08169174194336,-7.0,7.0,5.3931145668029785,0.450433611869812,0.25374487042427063,-0.3145138919353485,729
population,19,carpet,2,3325,0.056325510144233704,0.058502595871686935,-5.816911220550537,0.048193447291851044,-31.260866165161133,-7.0,7.0,5.209280014038086,0.5883154273033142,0.2616450786590576,-0.3026695251464844,730
population,19,carpet,3,3325,0.020451217889785767,0.02340857684612274,-5.696781158447266,0.04814528301358223,-32.41366958618164,-7.0,7.0,5.356135368347168,0.39177972078323364,0.23419499397277832,-0.31337618827819824,731
population,19,carpet,4,3325,0.0721559002995491,0.0769423246383667,-5.560304641723633,0.048097163438797,-32.583072662353516,-7.0,7.0,5.325300216674805,0.34028565883636475,0.22504858672618866,-0.3099987804889679,732
population,19,carpet,5,3325,0.0704892948269844,0.08458694815635681,-5.601430892944336,0.048049092292785645,-32.204139709472656,-7.0,7.0,5.33270788192749,0.4912835657596588,0.2504819929599762,-0.3015926778316498,733
population,19,carpet,6,3325,0.052951913326978683,0.047512494027614594,-5.908020496368408,0.04800107330083847,-32.67461013793945,-7.0,7.0,5.369038105010986,0.5736615657806396,0.23869825899600983,-0.31311219930648804,734
population,19,carpet,7,3325,0.13617318868637085,0.13739310204982758,-6.090837478637695,0.04795309901237488,-31.32712173461914,-7.0,7.0,5.311270713806152,0.48476874828338623,0.2534845471382141,-0.3170304000377655,735
population,19,carpet,8,3325,0.025611691176891327,0.024657048285007477,-5.760670185089111,0.047905173152685165,-32.0905647277832,-7.0,7.0,5.453593730926514,0.36574122309684753,0.24883607029914856,-0.32306841015815735,736
population,19,carpet,9,3325,0.08576786518096924,0.07942454516887665,-5.551440715789795,0.04785729572176933,-31.707321166992188,-7.0,7.0,5.334551811218262,0.5149831771850586,0.26599007844924927,-0.3383617699146271,737
population,19,carpet,10,3325,0.09457200765609741,0.10115963220596313,-5.58841609954834,0.04780946671962738,-31.232704162597656,-7.0,7.0,5.417821407318115,0.5691013336181641,0.26418983936309814,-0.35108622908592224,738
population,19,carpet,11,3325,0.048351041972637177,0.045730944722890854,-5.855741500854492,0.04776168242096901,-31.199665069580078,-7.0,7.0,5.461667060852051,0.2938230335712433,0.2675951421260834,-0.35366877913475037,739
population,19,carpet,12,3325,0.0932767391204834,0.08339733630418777,-6.112800121307373,0.04771395027637482,-30.823171615600586,-7.0,7.0,5.59687614440918,0.4841383993625641,0.2656393051147461,-0.36195534467697144,740
population,19,carpet,13,3325,0.04904615506529808,0.04878013953566551,-5.98668098449707,0.047666262835264206,-31.41640853881836,-7.0,7.0,5.416156768798828,0.4891059100627899,0.25855308771133423,-0.3615245819091797,741
population,19,carpet,14,3325,0.07597319781780243,0.06333594769239426,-5.777817726135254,0.047618623822927475,-31.108476638793945,-7.0,7.0,5.615503311157227,0.41908973455429077,0.2604442536830902,-0.3619343936443329,742
population,19,carpet,15,3325,0.035466548055410385,0.038506876677274704,-5.729581832885742,0.047571033239364624,-30.417217254638672,-7.0,7.0,5.5291748046875,0.3578980267047882,0.2583642303943634,-0.36577147245407104,743
population,19,carpet,16,3325,0.03657572716474533,0.026511911302804947,-5.925673484802246,0.047523487359285355,-31.15695571899414,-7.0,7.0,5.447714805603027,0.4944085478782654,0.2649095058441162,-0.3643467426300049,744
population,19,carpet,17,3325,0.06233245134353638,0.057450637221336365,-6.050171375274658,0.047475993633270264,-30.652145385742188,-7.0,7.0,5.426785945892334,0.5157650113105774,0.26109835505485535,-0.3540172576904297,745
population,19,carpet,18,3325,0.02225431613624096,0.021548639982938766,-5.908043384552002,0.047428544610738754,-31.938377380371094,-7.0,7.0,5.5852437019348145,0.39637771248817444,0.24683575332164764,-0.36210593581199646,746
population,19,carpet,19,3325,0.024674391373991966,0.023844514042139053,-5.812169075012207,0.047381140291690826,-31.85407829284668,-7.0,7.0,5.53847599029541,0.4001231789588928,0.24399511516094208,-0.3585716784000397,747
population,19,carpet,20,3325,0.056400854140520096,0.05463338643312454,-5.734010219573975,0.04733378812670708,-31.210519790649414,-7.0,7.0,5.548568248748779,0.4438594579696655,0.2498917281627655,-0.36179691553115845,748
population,19,carpet,21,3325,0.04541214555501938,0.04400237649679184,-5.899194717407227,0.04728648066520691,-33.07391357421875,-7.0,7.0,5.628498554229736,0.3052319288253784,0.24687805771827698,-0.37599149346351624,749
population,19,carpet,22,3325,0.05320844054222107,0.04259497672319412,-5.987603187561035,0.04723922163248062,-30.32234001159668,-7.0,7.0,5.584566593170166,0.47830596566200256,0.25227484107017517,-0.3831607699394226,750
population,19,carpet,23,3325,0.02708439901471138,0.028428899124264717,-5.992486476898193,0.047192011028528214,-31.159685134887695,-7.0,7.0,5.534646987915039,0.5179219245910645,0.26712414622306824,-0.36757373809814453,751
population,19,carpet,24,3325,0.05595207214355469,0.037693530321121216,-5.780474662780762,0.04714484512805939,-30.05659294128418,-7.0,7.0,5.634913444519043,0.377005934715271,0.25854864716529846,-0.39470887184143066,752
population,19,carpet,25,3325,0.0446823425590992,0.03738591820001602,-5.811351299285889,0.04709772765636444,-31.175567626953125,-7.0,7.0,5.610502243041992,0.39376866817474365,0.26682281494140625,-0.3817877769470215,753
population,19,carpet,26,3325,0.021770162507891655,0.027216250076889992,-5.943185806274414,0.047050654888153076,-30.05715560913086,-7.0,7.0,5.635149955749512,0.44949203729629517,0.24440374970436096,-0.39011719822883606,754
population,19,carpet,27,3325,0.036398984491825104,0.027010740712285042,-6.043262004852295,0.04700363054871559,-30.43754768371582,-7.0,7.0,5.640942096710205,0.36982741951942444,0.25609442591667175,-0.38233527541160583,755
population,19,carpet,28,3325,0.0466671884059906,0.04020647332072258,-5.928901195526123,0.04695665463805199,-30.79026985168457,-7.0,7.0,5.515683174133301,0.5285102725028992,0.26190516352653503,-0.3732350170612335,756
population,19,carpet,29,3325,0.041610997170209885,0.042254917323589325,-5.894283771514893,0.04690972715616226,-31.721210479736328,-7.0,7.0,5.676869869232178,0.3023146390914917,0.2528647780418396,-0.38367781043052673,757
population,19,carpet,30,3325,0.025795953348279,0.02214529737830162,-5.935425758361816,0.04686284437775612,-31.721450805664062,-7.0,7.0,5.574545383453369,0.5470962524414062,0.2608283460140228,-0.37440094351768494,758
population,19,carpet,31,3325,0.06308461725711823,0.05964495614171028,-5.957244873046875,0.04681600630283356,-32.119510650634766,-7.0,7.0,5.673977375030518,0.3417530357837677,0.24832580983638763,-0.37151333689689636,759
population,19,carpet,32,3325,0.038767196238040924,0.03780117258429527,-6.098888397216797,0.046769216656684875,-30.21933364868164,-7.0,7.0,5.667553901672363,0.4729585647583008,0.26053059101104736,-0.38527318835258484,760
population,19,carpet,33,3325,0.03891436755657196,0.03476109728217125,-6.026453971862793,0.046722475439310074,-32.14910125732422,-7.0,7.0,5.7085676193237305,0.39967724680900574,0.24784241616725922,-0.3765783905982971,761
population,19,carpet,34,3325,0.032043442130088806,0.029140781611204147,-5.915760517120361,0.046675778925418854,-31.02630043029785,-7.0,7.0,5.632478713989258,0.40445879101753235,0.2727369964122772,-0.37017515301704407,762
population,19,carpet,35,3325,0.025858169421553612,0.022619768977165222,-5.923816680908203,0.046629130840301514,-30.475250244140625,-7.0,7.0,5.587897300720215,0.4484604597091675,0.2591584026813507,-0.36790475249290466,763
population,19,carpet,36,3325,0.022015957161784172,0.02047063410282135,-6.038043975830078,0.046582527458667755,-31.82831573486328,-7.0,7.0,5.620796203613281,0.4334038496017456,0.2541872560977936,-0.38931646943092346,764
population,19,carpet,37,3325,0.03431469574570656,0.031522225588560104,-6.035407066345215,0.04653597250580788,-31.17412757873535,-7.0,7.0,5.612265110015869,0.4305429756641388,0.26622283458709717,-0.3743128180503845,765
population,19,carpet,38,3325,0.04004928469657898,0.04432103782892227,-5.985743045806885,0.04648946225643158,-31.35173797607422,-7.0,7.0,5.68064546585083,0.4413203299045563,0.26366791129112244,-0.3769100308418274,766
population,19,carpet,39,3325,0.03162308409810066,0.03021920844912529,-6.032502174377441,0.04644300043582916,-31.062068939208984,-7.0,7.0,5.73547887802124,0.5898920893669128,0.2651042640209198,-0.3663389980792999,767
population,19,carpet,40,3325,0.03949785605072975,0.040413811802864075,-6.031805992126465,0.04639658331871033,-30.792823791503906,-7.0,7.0,5.546889305114746,0.515440046787262,0.2870886027812958,-0.3680606186389923,768
population,19,carpet,41,3325,0.0236034095287323,0.02798120304942131,-6.058067321777344,0.04635021463036537,-31.164661407470703,-7.0,7.0,5.566378116607666,0.6126198172569275,0.2796708047389984,-0.36502504348754883,769
population,19,carpet,42,3325,0.049811363220214844,0.04673661291599274,-5.912666320800781,0.046303890645504,-31.16442108154297,-7.0,7.0,5.6809844970703125,0.4909574091434479,0.2788969576358795,-0.36390212178230286,770
population,19,carpet,43,3325,0.033946502953767776,0.03775875270366669,-5.952082633972168,0.046257611364126205,-32.28715515136719,-7.0,7.0,5.685835838317871,0.3943876624107361,0.28049346804618835,-0.3462586998939514,771
population,19,carpet,44,3325,0.02362246997654438,0.024965064600110054,-5.950783729553223,0.04621138051152229,-31.189546585083008,-7.0,7.0,5.57174825668335,0.5335168242454529,0.2590161859989166,-0.3595966696739197,772
population,19,carpet,45,3325,0.03125075623393059,0.028315873816609383,-6.025200843811035,0.04616519436240196,-32.991493225097656,-7.0,7.0,5.757318496704102,0.5371121764183044,0.24591268599033356,-0.34674587845802307,773
population,19,carpet,46,3325,0.050894852727651596,0.05419536679983139,-6.145758628845215,0.04611905664205551,-31.882369995117188,-7.0,7.0,5.652366638183594,0.6286220550537109,0.2461012452840805,-0.35307997465133667,774
population,19,carpet,47,3325,0.037358358502388,0.03154052421450615,-6.093525409698486,0.04607296362519264,-32.237308502197266,-7.0,7.0,5.888017177581787,0.43861424922943115,0.24202997982501984,-0.3437255918979645,775
population,19,carpet,48,3325,0.0367802269756794,0.03445810079574585,-6.015931129455566,0.04602691903710365,-31.020668029785156,-7.0,7.0,5.778909683227539,0.38644424080848694,0.25007152557373047,-0.3530690371990204,776
population,19,carpet,49,3325,0.06373465061187744,0.06195291504263878,-5.944684028625488,0.045980919152498245,-32.78840255737305,-7.0,7.0,5.654626369476318,0.5447638630867004,0.24040010571479797,-0.33508914709091187,777
population,19,carpet,50,3325,0.024806655943393707,0.019551608711481094,-6.21511173248291,0.04593496397137642,-31.1788387298584,-7.0,7.0,5.709293365478516,0.5835373401641846,0.2622930407524109,-0.34859389066696167,778
individual,20,carpet,1,3500,0.05141404643654823,0.05634866654872894,-6.187800884246826,0.045889053493738174,-31.082048416137695,-7.0,7.0,5.7111334800720215,0.4809061288833618,0.290415495634079,-0.4012720584869385,779
individual,20,carpet,2,3500,0.028665561228990555,0.028432602062821388,-6.120812892913818,0.04584319144487381,-29.3343505859375,-7.0,7.0,5.809113025665283,0.3427046537399292,0.30812597274780273,-0.3904494643211365,780
individual,20,carpet,3,3500,0.031197581440210342,0.0297408290207386,-6.062891483306885,0.04579737409949303,-30.673267364501953,-7.0,7.0,5.820784091949463,0.5225092172622681,0.3070686459541321,-0.38795965909957886,781
individual,20,carpet,4,3500,0.02753640152513981,0.03441983833909035,-6.06437349319458,0.045751601457595825,-30.56264305114746,-7.0,7.0,5.6377854347229,0.532271683216095,0.3144906461238861,-0.38077396154403687,782
individual,20,carpet,5,3500,0.021053344011306763,0.021998751908540726,-6.038925647735596,0.045705877244472504,-30.536832809448242,-7.0,7.0,5.65310525894165,0.3929513990879059,0.3207724690437317,-0.37837156653404236,783
individual,20,carpet,6,3500,0.03161267936229706,0.029123153537511826,-6.046882629394531,0.045660197734832764,-31.558889389038086,-7.0,7.0,5.731241226196289,0.40239641070365906,0.29580122232437134,-0.36518391966819763,784
individual,20,carpet,7,3500,0.029750380665063858,0.031885139644145966,-6.1144819259643555,0.045614562928676605,-29.626928329467773,-7.0,7.0,5.723724365234375,0.5441887974739075,0.29738757014274597,-0.37078332901000977,785
individual,20,carpet,8,3500,0.03211020678281784,0.03360067680478096,-6.149993896484375,0.04556897655129433,-32.14667892456055,-7.0,7.0,5.741095542907715,0.45018666982650757,0.28289881348609924,-0.35838261246681213,786
individual,20,carpet,9,3500,0.051607586443424225,0.04821549728512764,-6.193518161773682,0.04552343115210533,-32.13185119628906,-7.0,7.0,5.795251846313477,0.48877033591270447,0.2855273187160492,-0.37205836176872253,787
individual,20,carpet,10,3500,0.02729262039065361,0.02849743515253067,-6.09504508972168,0.045477934181690216,-31.12917709350586,-7.0,7.0,5.893538475036621,0.3351438045501709,0.2760014533996582,-0.3552020490169525,788
individual,20,carpet,11,3500,0.023692701011896133,0.02180425263941288,-6.075536251068115,0.04543248191475868,-30.920869827270508,-7.0,7.0,5.831289291381836,0.4649139940738678,0.29271653294563293,-0.3571355640888214,789
individual,20,carpet,12,3500,0.024681031703948975,0.0267566479742527,-6.238293647766113,0.04538707807660103,-31.644254684448242,-7.0,7.0,5.844311237335205,0.36184999346733093,0.28691190481185913,-0.3662804961204529,790
individual,20,carpet,13,3500,0.038219112902879715,0.030581867322325706,-6.185268402099609,0.04534171521663666,-31.47849464416504,-7.0,7.0,5.818835735321045,0.359341561794281,0.2971656918525696,-0.3653632700443268,791
individual,20,carpet,14,3500,0.049839314073324203,0.05157742649316788,-6.024788856506348,0.04529640078544617,-30.565357208251953,-7.0,7.0,5.85140323638916,0.5175800919532776,0.29592806100845337,-0.3672802448272705,792
individual,20,carpet,15,3500,0.03331102058291435,0.03369133546948433,-6.170644283294678,0.04525113105773926,-31.261205673217773,-7.0,7.0,5.894561767578125,0.3222096562385559,0.30617302656173706,-0.36721673607826233,793
individual,20,carpet,16,3500,0.029567861929535866,0.028999287635087967,-6.234033107757568,0.04520590603351593,-32.3043327331543,-7.0,7.0,5.851873874664307,0.40926843881607056,0.29688841104507446,-0.3703252971172333,794
individual,20,carpet,17,3500,0.03637877106666565,0.0334864966571331,-6.30331563949585,0.045160725712776184,-31.755428314208984,-7.0,7.0,5.861386299133301,0.4644768238067627,0.3342089354991913,-0.36022743582725525,795
individual,20,carpet,18,3500,0.026236996054649353,0.01903049275279045,-6.081011772155762,0.04511559009552002,-31.131103515625,-7.0,7.0,5.904027462005615,0.3024637699127197,0.30095526576042175,-0.37318071722984314,796
individual,20,carpet,19,3500,0.06829856336116791,0.059634797275066376,-6.049393653869629,0.045070499181747437,-31.178367614746094,-7.0,7.0,5.929113388061523,0.4506886899471283,0.3160868287086487,-0.37268495559692383,797
individual,20,carpet,20,3500,0.02653239667415619,0.025050722062587738,-6.165853500366211,0.045025452971458435,-30.711109161376953,-7.0,7.0,5.7796711921691895,0.4929763674736023,0.3153359293937683,-0.37363025546073914,798
individual,20,carpet,21,3500,0.05426419898867607,0.06825435161590576,-6.317770481109619,0.044980455189943314,-30.56303596496582,-7.0,7.0,5.891122341156006,0.5027993321418762,0.3142635226249695,-0.37009844183921814,799
individual,20,carpet,22,3500,0.036529529839754105,0.03798966109752655,-6.231757640838623,0.044935502111911774,-31.006824493408203,-7.0,7.0,5.8412957191467285,0.415459543466568,0.30996331572532654,-0.36540406942367554,800
individual,20,carpet,23,3500,0.031942956149578094,0.03631060943007469,-6.083907127380371,0.04489059001207352,-30.977340698242188,-7.0,7.0,5.918438911437988,0.3004590570926666,0.292854368686676,-0.3544875681400299,801
individual,20,carpet,24,3500,0.02780468761920929,0.024946345016360283,-6.189336776733398,0.04484572634100914,-32.125,-7.0,7.0,5.888121604919434,0.4668321907520294,0.2768004834651947,-0.3468119502067566,802
individual,20,carpet,25,3500,0.048696424812078476,0.04781125858426094,-6.316987037658691,0.044800907373428345,-31.249225616455078,-7.0,7.0,5.819075584411621,0.5097631812095642,0.2857744097709656,-0.34508123993873596,803
individual,20,carpet,26,3500,0.04042855650186539,0.037905193865299225,-6.383121490478516,0.04475612938404083,-31.755414962768555,-7.0,7.0,6.029736042022705,0.29935792088508606,0.28489404916763306,-0.33915016055107117,804
individual,20,carpet,27,3500,0.02160557359457016,0.023550746962428093,-6.229440212249756,0.0447113998234272,-32.304725646972656,-7.0,7.0,6.005067825317383,0.45329803228378296,0.2523021996021271,-0.3370456099510193,805
individual,20,carpet,28,3500,0.06353511661291122,0.07156650722026825,-6.205956935882568,0.04466671496629715,-32.18025207519531,-7.0,7.0,5.888240337371826,0.507667064666748,0.2938002645969391,-0.3404732346534729,806
individual,20,carpet,29,3500,0.025216691195964813,0.026596808806061745,-6.246096611022949,0.04462207108736038,-32.26483154296875,-7.0,7.0,5.978043079376221,0.5662205219268799,0.2658056914806366,-0.3402494490146637,807
individual,20,carpet,30,3500,0.027935266494750977,0.027442460879683495,-6.31467866897583,0.044577475637197495,-32.12419891357422,-7.0,7.0,6.062790393829346,0.3379460573196411,0.25816720724105835,-0.33196544647216797,808
individual,20,carpet,31,3500,0.0611126646399498,0.0550997219979763,-6.334576606750488,0.04453292489051819,-32.35163879394531,-7.0,7.0,5.97880744934082,0.3341079652309418,0.26084229350090027,-0.3253960609436035,809
individual,20,carpet,32,3500,0.05362197384238243,0.05437098816037178,-6.261205673217773,0.044488415122032166,-31.158599853515625,-7.0,7.0,6.104151248931885,0.3050384223461151,0.2528704106807709,-0.33449238538742065,810
individual,20,carpet,33,3500,0.034853629767894745,0.032761409878730774,-6.25399923324585,0.04444395378232002,-31.18447494506836,-7.0,7.0,5.9402337074279785,0.5403346419334412,0.309722900390625,-0.3307685852050781,811
individual,20,carpet,34,3500,0.05708589032292366,0.06273987889289856,-6.452295303344727,0.04439953714609146,-32.34624481201172,-7.0,7.0,6.098203659057617,0.38941341638565063,0.2792949676513672,-0.3388391137123108,812
individual,20,carpet,35,3500,0.08396435528993607,0.0781022384762764,-6.569794178009033,0.04435516148805618,-32.677608489990234,-7.0,7.0,6.052501201629639,0.41059255599975586,0.2990390360355377,-0.340138703584671,813
individual,20,carpet,36,3500,0.05342654138803482,0.05574069544672966,-6.211983680725098,0.044310830533504486,-31.302265167236328,-7.0,7.0,5.816044807434082,0.8202725648880005,0.3211756646633148,-0.3508240282535553,814
individual,20,carpet,37,3500,0.058432720601558685,0.046001408249139786,-6.210096836090088,0.04426654428243637,-30.937210083007812,-7.0,7.0,5.930353164672852,0.4358297288417816,0.3056744635105133,-0.3448816239833832,815
individual,20,carpet,38,3500,0.07070241868495941,0.0618155337870121,-6.237672805786133,0.044222306460142136,-30.19430160522461,-7.0,7.0,5.930268287658691,0.444210946559906,0.286950021982193,-0.36658385396003723,816
individual,20,carpet,39,3500,0.05307144671678543,0.05274978652596474,-6.5599589347839355,0.044178109616041183,-31.989002227783203,-7.0,7.0,6.156620025634766,0.36927613615989685,0.30572372674942017,-0.37246599793434143,817
individual,20,carpet,40,3500,0.06806202232837677,0.049852944910526276,-6.47235107421875,0.044133953750133514,-31.18583106994629,-7.0,7.0,5.9391679763793945,0.6031234860420227,0.3108651638031006,-0.37216171622276306,818
individual,20,carpet,41,3500,0.02514861524105072,0.029535051435232162,-6.317821502685547,0.044089846312999725,-31.373146057128906,-7.0,7.0,6.045178413391113,0.3153130114078522,0.28670939803123474,-0.3943203091621399,819
individual,20,carpet,42,3500,0.09182844310998917,0.061285700649023056,-6.120849609375,0.04404577985405922,-31.759464263916016,-7.0,7.0,5.9853105545043945,0.3915312886238098,0.33307012915611267,-0.3856601119041443,820
individual,20,carpet,43,3500,0.057066746056079865,0.04920922964811325,-6.225131988525391,0.04400176182389259,-30.64043426513672,-7.0,7.0,5.9268927574157715,0.6341837048530579,0.3323865830898285,-0.3940620720386505,821
individual,20,carpet,44,3500,0.07998330891132355,0.05972430855035782,-6.620317459106445,0.04395778477191925,-29.509431838989258,-7.0,7.0,6.092903137207031,0.37924885749816895,0.34169238805770874,-0.4063358008861542,822
individual,20,carpet,45,3500,0.06261797249317169,0.06071099266409874,-6.545289039611816,0.04391385242342949,-31.15346908569336,-7.0,7.0,6.1016435623168945,0.3168410658836365,0.31192174553871155,-0.4003582298755646,823
individual,20,carpet,46,3500,0.041778743267059326,0.039749275892972946,-6.363926410675049,0.04386996477842331,-30.91457176208496,-7.0,7.0,5.972831726074219,0.43222740292549133,0.3272334933280945,-0.40032678842544556,824
individual,20,carpet,47,3500,0.10287607461214066,0.08072248846292496,-6.140846252441406,0.04382611811161041,-30.839237213134766,-7.0,7.0,6.09232234954834,0.3976946175098419,0.3259468972682953,-0.40058284997940063,825
individual,20,carpet,48,3500,0.06197325512766838,0.05998378247022629,-6.260666847229004,0.0437823161482811,-31.038532257080078,-7.0,7.0,6.105716705322266,0.5233973264694214,0.33836132287979126,-0.38890963792800903,826
individual,20,carpet,49,3500,0.06012934818863869,0.04703930392861366,-6.648250102996826,0.043738558888435364,-30.632844924926758,-7.0,7.0,6.0978288650512695,0.5145355463027954,0.30973976850509644,-0.37804242968559265,827
individual,20,carpet,50,3500,0.15990182757377625,0.13790404796600342,-6.741687297821045,0.04369484633207321,-30.53406524658203,-7.0,7.0,6.073766708374023,0.5488671660423279,0.3195092976093292,-0.37493595480918884,828
population,20,carpet,1,3500,0.027381377294659615,0.03323857858777046,-6.250159740447998,0.045889053493738174,-31.310970306396484,-7.0,7.0,5.828883171081543,0.5056536197662354,0.2778959274291992,-0.3419055640697479,779
population,20,carpet,2,3500,0.02814669720828533,0.03077252395451069,-6.106754302978516,0.04584319144487381,-31.418058395385742,-7.0,7.0,5.830102443695068,0.37428420782089233,0.23039521276950836,-0.3581272065639496,780
population,20,carpet,3,3500,0.0640597715973854,0.07305584847927094,-6.0378851890563965,0.04579737409949303,-31.974599838256836,-7.0,7.0,5.8744282722473145,0.29860731959342957,0.22612428665161133,-0.3540218472480774,781
population,20,carpet,4,3500,0.03620652109384537,0.03306521475315094,-6.180957317352295,0.045751601457595825,-32.89738464355469,-7.0,7.0,5.834316730499268,0.31437548995018005,0.2315683811903,-0.3552258312702179,782
population,20,carpet,5,3500,0.03157750144600868,0.031568389385938644,-6.113179683685303,0.045705877244472504,-32.432918548583984,-7.0,7.0,5.639052391052246,0.5716944932937622,0.2515570819377899,-0.36171871423721313,783
population,20,carpet,6,3500,0.04454707354307175,0.03818029537796974,-6.168761730194092,0.045660197734832764,-32.227882385253906,-7.0,7.0,5.933352947235107,0.3995243310928345,0.2385609894990921,-0.3708204925060272,784
population,20,carpet,7,3500,0.020046457648277283,0.029195057228207588,-6.091012477874756,0.045614562928676605,-31.771656036376953,-7.0,7.0,5.7969970703125,0.47383591532707214,0.24894164502620697,-0.3732558786869049,785
population,20,carpet,8,3500,0.05847131088376045,0.05939830467104912,-6.15446662902832,0.04556897655129433,-31.663658142089844,-7.0,7.0,5.849222183227539,0.4311915338039398,0.28105443716049194,-0.3847658336162567,786
population,20,carpet,9,3500,0.04415197670459747,0.043589454144239426,-6.3028130531311035,0.04552343115210533,-31.674699783325195,-7.0,7.0,5.912841796875,0.3543528616428375,0.2569868266582489,-0.39633437991142273,787
population,20,carpet,10,3500,0.050327837467193604,0.04902422055602074,-6.254665851593018,0.045477934181690216,-30.888553619384766,-7.0,7.0,5.837196350097656,0.4150311350822449,0.2643527388572693,-0.39864015579223633,788
population,20,carpet,11,3500,0.033509962260723114,0.030357887968420982,-6.207149982452393,0.04543248191475868,-32.066795349121094,-7.0,7.0,5.663745880126953,0.5757392048835754,0.28448858857154846,-0.39217379689216614,789
population,20,carpet,12,3500,0.0422179251909256,0.035112179815769196,-6.155620098114014,0.04538707807660103,-30.801712036132812,-7.0,7.0,5.92467737197876,0.4610184133052826,0.2759951651096344,-0.4083556532859802,790
population,20,carpet,13,3500,0.04170968011021614,0.041115276515483856,-6.189802646636963,0.04534171521663666,-30.768972396850586,-7.0,7.0,5.9542927742004395,0.3302918076515198,0.2615490257740021,-0.4159374237060547,791
population,20,carpet,14,3500,0.027247678488492966,0.025340352207422256,-6.287789344787598,0.04529640078544617,-30.949981689453125,-7.0,7.0,5.915292263031006,0.3679153621196747,0.24834665656089783,-0.4011049270629883,792
population,20,carpet,15,3500,0.03962206840515137,0.037949785590171814,-6.325075149536133,0.04525113105773926,-31.24264144897461,-7.0,7.0,5.883016586303711,0.3544504940509796,0.254747599363327,-0.40312105417251587,793
population,20,carpet,16,3500,0.0302702896296978,0.034526512026786804,-6.2672271728515625,0.04520590603351593,-31.520402908325195,-7.0,7.0,5.973438262939453,0.4351235330104828,0.25152602791786194,-0.39612653851509094,794
population,20,carpet,17,3500,0.043378107249736786,0.044252898544073105,-6.143630027770996,0.045160725712776184,-32.1181755065918,-7.0,7.0,5.881643295288086,0.44100916385650635,0.24129149317741394,-0.38297203183174133,795
population,20,carpet,18,3500,0.038403838872909546,0.037641555070877075,-6.2788896560668945,0.04511559009552002,-32.236778259277344,-7.0,7.0,5.890686511993408,0.5424888730049133,0.24636952579021454,-0.3825908303260803,796
population,20,carpet,19,3500,0.04809465631842613,0.03768748417496681,-6.262124061584473,0.045070499181747437,-32.01740646362305,-7.0,7.0,5.874749660491943,0.40281251072883606,0.23946557939052582,-0.3709816038608551,797
population,20,carpet,20,3500,0.02504418045282364,0.025007599964737892,-6.285615921020508,0.045025452971458435,-32.80541229248047,-7.0,7.0,5.9716267585754395,0.3047206401824951,0.24239709973335266,-0.38266777992248535,798
population,20,carpet,21,3500,0.06045591086149216,0.06702034175395966,-6.270252227783203,0.044980455189943314,-32.86628723144531,-7.0,7.0,5.896751880645752,0.5697868466377258,0.22687481343746185,-0.36633923649787903,799
population,20,carpet,22,3500,0.02551724761724472,0.022946517914533615,-6.116467475891113,0.044935502111911774,-32.36743927001953,-7.0,7.0,5.951429843902588,0.4320056140422821,0.23432974517345428,-0.3729937672615051,800
population,20,carpet,23,3500,0.03214963898062706,0.041393451392650604,-6.246716499328613,0.04489059001207352,-32.67239761352539,-7.0,7.0,5.973597049713135,0.2972586750984192,0.23615147173404694,-0.3779440224170685,801
population,20,carpet,24,3500,0.04366794601082802,0.04896560311317444,-6.379618167877197,0.04484572634100914,-32.41106414794922,-7.0,7.0,5.886523723602295,0.5518564581871033,0.24588601291179657,-0.37616994976997375,802
population,20,carpet,25,3500,0.021607981994748116,0.02586417831480503,-6.327746868133545,0.044800907373428345,-32.58074951171875,-7.0,7.0,6.005675792694092,0.4584452509880066,0.22902441024780273,-0.38569003343582153,803
population,20,carpet,26,3500,0.03906090557575226,0.03501923009753227,-6.169837951660156,0.04475612938404083,-30.671985626220703,-7.0,7.0,5.7625298500061035,0.6892285346984863,0.2778138518333435,-0.3897787928581238,804
population,20,carpet,27,3500,0.03538964316248894,0.04360513761639595,-6.221770286560059,0.0447113998234272,-31.478530883789062,-7.0,7.0,5.928099155426025,0.36755549907684326,0.25046059489250183,-0.3836379647254944,805
population,20,carpet,28,3500,0.0476938933134079,0.048004090785980225,-6.342719078063965,0.04466671496629715,-32.328407287597656,-7.0,7.0,6.054085731506348,0.31385746598243713,0.23544064164161682,-0.40013736486434937,806
population,20,carpet,29,3500,0.04731025546789169,0.05223313346505165,-6.395636081695557,0.04462207108736038,-32.498451232910156,-7.0,7.0,6.034843444824219,0.34847110509872437,0.22712315618991852,-0.39704182744026184,807
population,20,carpet,30,3500,0.039490729570388794,0.04769732430577278,-6.295957088470459,0.044577475637197495,-31.95172691345215,-7.0,7.0,5.999398231506348,0.4846467077732086,0.2480977326631546,-0.403414249420166,808
population,20,carpet,31,3500,0.026789894327521324,0.023988310247659683,-6.259281158447266,0.04453292489051819,-30.58120346069336,-7.0,7.0,5.991653919219971,0.3696437180042267,0.2458636313676834,-0.40170779824256897,809
population,20,carpet,32,3500,0.029545245692133904,0.03164219111204147,-6.380367279052734,0.044488415122032166,-31.527294158935547,-7.0,7.0,6.061846733093262,0.49752822518348694,0.25705602765083313,-0.4005219042301178,810
population,20,carpet,33,3500,0.02477835863828659,0.020541202276945114,-6.472923278808594,0.04444395378232002,-31.567474365234375,-7.0,7.0,6.080872535705566,0.4016455411911011,0.2542126476764679,-0.3968028724193573,811
population,20,carpet,34,3500,0.02807133086025715,0.03568868339061737,-6.4941020011901855,0.04439953714609146,-32.134971618652344,-7.0,7.0,6.135874271392822,0.3165495693683624,0.22971828281879425,-0.4077238440513611,812
population,20,carpet,35,3500,0.02892887592315674,0.02752762660384178,-6.3301544189453125,0.04435516148805618,-32.779014587402344,-7.0,7.0,6.140209674835205,0.3157111704349518,0.22235001623630524,-0.40350398421287537,813
population,20,carpet,36,3500,0.043700478971004486,0.04591871798038483,-6.364750862121582,0.044310830533504486,-31.603654861450195,-7.0,7.0,6.032321453094482,0.5125008225440979,0.259550541639328,-0.39632779359817505,814
population,20,carpet,37,3500,0.041189175099134445,0.04321087896823883,-6.460914611816406,0.04426654428243637,-32.41010284423828,-7.0,7.0,6.157104969024658,0.28584030270576477,0.24286748468875885,-0.3934323191642761,815
population,20,carpet,38,3500,0.043721769005060196,0.0577278733253479,-6.553138732910156,0.044222306460142136,-33.63749313354492,-7.0,7.0,6.0378336906433105,0.512846827507019,0.24431361258029938,-0.3862186372280121,816
population,20,carpet,39,3500,0.031451329588890076,0.03763619810342789,-6.389980792999268,0.044178109616041183,-32.71458053588867,-7.0,7.0,6.11209774017334,0.4140513837337494,0.24153773486614227,-0.3926599621772766,817
population,20,carpet,40,3500,0.028632283210754395,0.028811007738113403,-6.328571319580078,0.044133953750133514,-31.555416107177734,-7.0,7.0,6.057968616485596,0.4924158453941345,0.250154584646225,-0.39573103189468384,818
population,20,carpet,41,3500,0.02955532819032669,0.03395359218120575,-6.447842597961426,0.044089846312999725,-32.84843444824219,-7.0,7.0,6.140934944152832,0.5866281390190125,0.25867849588394165,-0.3905620872974396,819
population,20,carpet,42,3500,0.045160502195358276,0.05217812582850456,-6.429717540740967,0.04404577985405922,-31.629650115966797,-7.0,7.0,5.930381774902344,0.48370522260665894,0.2584446966648102,-0.39845648407936096,820
population,20,carpet,43,3500,0.02687355875968933,0.019970066845417023,-6.441267013549805,0.04400176182389259,-31.267822265625,-7.0,7.0,6.093451023101807,0.4701598882675171,0.25210508704185486,-0.4114801287651062,821
population,20,carpet,44,3500,0.018613964319229126,0.018002277240157127,-6.44709587097168,0.04395778477191925,-32.676727294921875,-7.0,7.0,6.152866840362549,0.42010146379470825,0.254123717546463,-0.40680816769599915,822
population,20,carpet,45,3500,0.05369296669960022,0.048004232347011566,-6.381882667541504,0.04391385242342949,-31.903451919555664,-7.0,7.0,6.143918991088867,0.48981136083602905,0.2651163637638092,-0.4062010943889618,823
population,20,carpet,46,3500,0.029892802238464355,0.031042814254760742,-6.449286937713623,0.04386996477842331,-30.65143585205078,-7.0,7.0,6.079047203063965,0.4192016124725342,0.2757079005241394,-0.4178650677204132,824
population,20,carpet,47,3500,0.0441848561167717,0.04072686657309532,-6.504029750823975,0.04382611811161041,-32.12496566772461,-7.0,7.0,6.024541854858398,0.5744712948799133,0.27856987714767456,-0.4204513132572174,825
population,20,carpet,48,3500,0.03494995832443237,0.033576250076293945,-6.485620021820068,0.0437823161482811,-31.342628479003906,-7.0,7.0,5.946510314941406,0.7409181594848633,0.3061366379261017,-0.4138946533203125,826
population,20,carpet,49,3500,0.09477536380290985,0.08602048456668854,-6.384613037109375,0.043738558888435364,-31.578392028808594,-7.0,7.0,6.1295928955078125,0.4557238519191742,0.29761582612991333,-0.4170133173465729,827
population,20,carpet,50,3500,0.024901295080780983,0.022039856761693954,-6.434239864349365,0.04369484633207321,-30.682506561279297,-7.0,7.0,6.129879474639893,0.5901681780815125,0.30843454599380493,-0.42218613624572754,828
individual,21,carpet,1,3675,0.04076199606060982,0.027983255684375763,-6.270837783813477,0.04365117847919464,-31.795677185058594,-7.0,7.0,6.045320987701416,0.37371498346328735,0.2540397644042969,-0.355129212141037,829
individual,21,carpet,2,3675,0.1842663288116455,0.16714265942573547,-6.138916015625,0.043607551604509354,-32.18113327026367,-7.0,7.0,6.250347137451172,0.3403506577014923,0.265729159116745,-0.33764806389808655,830
individual,21,carpet,3,3675,0.04500383883714676,0.06748861819505692,-6.380005359649658,0.04356396943330765,-32.775386810302734,-7.0,7.0,6.232531547546387,0.368030309677124,0.2510497570037842,-0.3263852596282959,831
individual,21,carpet,4,3675,0.15059888362884521,0.15644271671772003,-6.8207292556762695,0.043520428240299225,-33.28258514404297,-7.0,7.0,6.12478494644165,0.5127788782119751,0.2937057614326477,-0.3250478208065033,832
individual,21,carpet,5,3675,0.09688542783260345,0.10624442994594574,-6.6962175369262695,0.043476931750774384,-32.87084197998047,-7.0,7.0,6.168713569641113,0.4823538064956665,0.27531298995018005,-0.3192683160305023,833
individual,21,carpet,6,3675,0.08245603740215302,0.0754176527261734,-6.270883083343506,0.043433479964733124,-34.46942901611328,-7.0,7.0,6.067391395568848,0.632430374622345,0.2799372971057892,-0.3106401264667511,834
individual,21,carpet,7,3675,0.12018841505050659,0.11103641986846924,-6.175728797912598,0.043390072882175446,-33.55556869506836,-7.0,7.0,6.121348857879639,0.445128470659256,0.2511565387248993,-0.31277111172676086,835
individual,21,carpet,8,3675,0.07738115638494492,0.07610742002725601,-6.251212120056152,0.04334670677781105,-32.26152420043945,-7.0,7.0,6.00493860244751,0.5906553268432617,0.28005948662757874,-0.31902697682380676,836
individual,21,carpet,9,3675,0.12216554582118988,0.10278870910406113,-6.647349834442139,0.04330338537693024,-34.356658935546875,-7.0,7.0,6.1962690353393555,0.2753331661224365,0.26301687955856323,-0.31701770424842834,837
individual,21,carpet,10,3675,0.09966504573822021,0.10139080137014389,-6.64544153213501,0.043260108679533005,-31.813072204589844,-7.0,7.0,6.097101211547852,0.6155518293380737,0.320025235414505,-0.3267069160938263,838
individual,21,carpet,11,3675,0.052100151777267456,0.04984523355960846,-6.32963752746582,0.043216872960329056,-31.77869987487793,-7.0,7.0,6.24625825881958,0.41107359528541565,0.3006882667541504,-0.3347654938697815,839
individual,21,carpet,12,3675,0.07278639823198318,0.06953933089971542,-6.280479431152344,0.04317367821931839,-31.966882705688477,-7.0,7.0,6.161706447601318,0.40776321291923523,0.2686637043952942,-0.3415782153606415,840
individual,21,carpet,13,3675,0.042330048978328705,0.04456063732504845,-6.443778038024902,0.043130531907081604,-31.76727867126465,-7.0,7.0,6.150859832763672,0.49301618337631226,0.2890378534793854,-0.3472216725349426,841
individual,21,carpet,14,3675,0.06335989385843277,0.06962994486093521,-6.572595119476318,0.0430874228477478,-30.969816207885742,-7.0,7.0,6.084719181060791,0.5674180388450623,0.3138783276081085,-0.35394665598869324,842
individual,21,carpet,15,3675,0.06167200952768326,0.054588787257671356,-6.66950798034668,0.04304436221718788,-31.41510772705078,-7.0,7.0,6.278374195098877,0.34069710969924927,0.3336776793003082,-0.36345505714416504,843
individual,21,carpet,16,3675,0.02678588405251503,0.030654044821858406,-6.556798934936523,0.04300134256482124,-32.87754821777344,-7.0,7.0,6.329710960388184,0.3120932877063751,0.2800375521183014,-0.3570847511291504,844
individual,21,carpet,17,3675,0.05476918816566467,0.05308002233505249,-6.295357704162598,0.04295836389064789,-29.606853485107422,-7.0,7.0,6.048427104949951,0.4361536502838135,0.3501109778881073,-0.3646024167537689,845
individual,21,carpet,18,3675,0.03968242183327675,0.037617675960063934,-6.366418838500977,0.042915429919958115,-31.298824310302734,-7.0,7.0,6.161450386047363,0.36525973677635193,0.27349141240119934,-0.36388877034187317,846
individual,21,carpet,19,3675,0.039365340024232864,0.03755606710910797,-6.550070285797119,0.04287254065275192,-29.111116409301758,-7.0,7.0,6.279572486877441,0.3519432246685028,0.35491010546684265,-0.3771207928657532,847
individual,21,carpet,20,3675,0.04514274001121521,0.04521981626749039,-6.6989545822143555,0.042829692363739014,-31.05954933166504,-7.0,7.0,6.264916896820068,0.3591288924217224,0.30918088555336,-0.3649475574493408,848
individual,21,carpet,21,3675,0.032315175980329514,0.03446725010871887,-6.513303279876709,0.042786888778209686,-30.75033950805664,-7.0,7.0,6.141798973083496,0.5493025183677673,0.2857915461063385,-0.3734208941459656,849
individual,21,carpet,22,3675,0.042291607707738876,0.048076312988996506,-6.503320693969727,0.04274412617087364,-31.933387756347656,-7.0,7.0,6.261254787445068,0.3523179888725281,0.25313714146614075,-0.3610033094882965,850
individual,21,carpet,23,3675,0.02311398647725582,0.026059556752443314,-6.516554832458496,0.04270140454173088,-32.535362243652344,-7.0,7.0,6.342415809631348,0.2889062464237213,0.22787241637706757,-0.3581697940826416,851
individual,21,carpet,24,3675,0.0360751636326313,0.0328158475458622,-6.623331546783447,0.0426587276160717,-32.32156753540039,-7.0,7.0,6.391470909118652,0.33785995841026306,0.2728138267993927,-0.3525691330432892,852
individual,21,carpet,25,3675,0.0552835687994957,0.059615880250930786,-6.806403636932373,0.0426160953938961,-33.26831817626953,-7.0,7.0,6.340574264526367,0.41822195053100586,0.2454061359167099,-0.3472769260406494,853
individual,21,carpet,26,3675,0.02681000716984272,0.02331564389169216,-6.659764766693115,0.04257350414991379,-33.21379852294922,-7.0,7.0,6.306875705718994,0.4712343215942383,0.25695404410362244,-0.3469765782356262,854
individual,21,carpet,27,3675,0.05256100371479988,0.05459229648113251,-6.422508239746094,0.042530953884124756,-32.47736740112305,-7.0,7.0,6.262454032897949,0.42780986428260803,0.25762686133384705,-0.34927743673324585,855
individual,21,carpet,28,3675,0.07245505601167679,0.06269754469394684,-6.502886772155762,0.042488448321819305,-32.48912048339844,-7.0,7.0,6.337761402130127,0.451214462518692,0.2603510916233063,-0.34751901030540466,856
individual,21,carpet,29,3675,0.031746163964271545,0.02944255620241165,-6.620651721954346,0.04244598373770714,-32.3896484375,-7.0,7.0,6.355283260345459,0.30646637082099915,0.23478077352046967,-0.3483228385448456,857
individual,21,carpet,30,3675,0.07003601640462875,0.08135494589805603,-6.777307033538818,0.042403560131788254,-32.396854400634766,-7.0,7.0,6.336633205413818,0.3381102979183197,0.22978246212005615,-0.34461450576782227,858
individual,21,carpet,31,3675,0.03446313738822937,0.03874906152486801,-6.61836576461792,0.04236118122935295,-31.865398406982422,-7.0,7.0,6.212553977966309,0.4875982105731964,0.24946841597557068,-0.35652419924736023,859
individual,21,carpet,32,3675,0.036073535680770874,0.04667007923126221,-6.502547740936279,0.04231884330511093,-32.375579833984375,-7.0,7.0,6.412034511566162,0.34044158458709717,0.24889947474002838,-0.3575345575809479,860
individual,21,carpet,33,3675,0.03575612232089043,0.03122728504240513,-6.536136150360107,0.04227655008435249,-33.89397048950195,-7.0,7.0,6.387758255004883,0.3622063398361206,0.24915336072444916,-0.3580569922924042,861
individual,21,carpet,34,3675,0.028959602117538452,0.0376533642411232,-6.680220603942871,0.04223429784178734,-33.13081359863281,-7.0,7.0,6.330102443695068,0.4503260552883148,0.27246251702308655,-0.36722657084465027,862
individual,21,carpet,35,3675,0.04747805371880531,0.0488259457051754,-6.748748779296875,0.042192086577415466,-32.07713317871094,-7.0,7.0,6.216720104217529,0.45118486881256104,0.2619968056678772,-0.36568683385849,863
individual,21,carpet,36,3675,0.031904757022857666,0.029090190306305885,-6.70170783996582,0.042149920016527176,-32.39835739135742,-7.0,7.0,6.406744480133057,0.4193747639656067,0.2768472731113434,-0.36785951256752014,864
individual,21,carpet,37,3675,0.049500565975904465,0.05173882469534874,-6.61002254486084,0.04210779443383217,-33.455711364746094,-7.0,7.0,6.453029632568359,0.45204678177833557,0.2698180675506592,-0.3709709346294403,865
individual,21,carpet,38,3675,0.016728496178984642,0.01851152628660202,-6.644291877746582,0.042065709829330444,-32.27568054199219,-7.0,7.0,6.309535503387451,0.4521043598651886,0.267995148897171,-0.3792027533054352,866
individual,21,carpet,39,3675,0.04900001734495163,0.043704766780138016,-6.671095848083496,0.0420236699283123,-30.862102508544922,-7.0,7.0,6.316462516784668,0.5949397683143616,0.29230961203575134,-0.38039931654930115,867
individual,21,carpet,40,3675,0.03760329261422157,0.03764955699443817,-6.727085113525391,0.041981667280197144,-30.85177230834961,-7.0,7.0,6.468968868255615,0.4806070029735565,0.3198999762535095,-0.3874988555908203,868
individual,21,carpet,41,3675,0.061562277376651764,0.07532879710197449,-6.714837074279785,0.04193970933556557,-30.93738555908203,-7.0,7.0,6.536308288574219,0.4710368812084198,0.2811407446861267,-0.3852267563343048,869
individual,21,carpet,42,3675,0.043104566633701324,0.041105542331933975,-6.828030586242676,0.04189779609441757,-30.673019409179688,-7.0,7.0,6.385687828063965,0.4701274335384369,0.27320852875709534,-0.3790857791900635,870
individual,21,carpet,43,3675,0.03389792889356613,0.034947335720062256,-6.767950057983398,0.04185592010617256,-31.083148956298828,-7.0,7.0,6.456303119659424,0.5229786038398743,0.303058922290802,-0.3810006082057953,871
individual,21,carpet,44,3675,0.0483296774327755,0.047743670642375946,-6.802712440490723,0.04181408882141113,-32.84127426147461,-7.0,7.0,6.492034912109375,0.49578094482421875,0.2871984839439392,-0.3696155548095703,872
individual,21,carpet,45,3675,0.046792950481176376,0.03835485130548477,-6.647137641906738,0.04177229851484299,-32.704978942871094,-7.0,7.0,6.455250263214111,0.5249952077865601,0.3000629246234894,-0.35957691073417664,873
individual,21,carpet,46,3675,0.032594673335552216,0.0265364907681942,-6.7320876121521,0.041730549186468124,-32.02760314941406,-7.0,7.0,6.4117431640625,0.3674149811267853,0.2878015339374542,-0.3620512783527374,874
individual,21,carpet,47,3675,0.044679902493953705,0.04308997467160225,-6.825268745422363,0.04168884456157684,-32.104461669921875,-7.0,7.0,6.578408718109131,0.4032154679298401,0.27775514125823975,-0.3597692847251892,875
individual,21,carpet,48,3675,0.03776156157255173,0.03989673778414726,-6.803636074066162,0.041647180914878845,-31.34954071044922,-7.0,7.0,6.337155342102051,0.5580333471298218,0.27220430970191956,-0.3570775091648102,876
individual,21,carpet,49,3675,0.06564602255821228,0.05030113458633423,-6.665473461151123,0.04160555452108383,-31.588802337646484,-7.0,7.0,6.547414302825928,0.4920399487018585,0.28757330775260925,-0.36952272057533264,877
individual,21,carpet,50,3675,0.028043005615472794,0.02261483669281006,-6.79963493347168,0.0415639728307724,-31.834095001220703,-7.0,7.0,6.471010208129883,0.4107397198677063,0.2858135402202606,-0.3694183826446533,878
population,21,carpet,1,3675,0.05122574418783188,0.0495564267039299,-6.523401260375977,0.04365117847919464,-31.571285247802734,-7.0,7.0,6.084621906280518,0.3786981701850891,0.3004732131958008,-0.4268428385257721,829
population,21,carpet,2,3675,0.020917817950248718,0.024140048772096634,-6.494067668914795,0.043607551604509354,-30.577224731445312,-7.0,7.0,6.211240768432617,0.3364948332309723,0.2788868844509125,-0.4313783347606659,830
population,21,carpet,3,3675,0.026965083554387093,0.025348179042339325,-6.378551959991455,0.04356396943330765,-30.88436508178711,-7.0,7.0,6.139420509338379,0.44383004307746887,0.30457910895347595,-0.41871172189712524,831
population,21,carpet,4,3675,0.02616652101278305,0.028513362631201744,-6.4775390625,0.043520428240299225,-31.783533096313477,-7.0,7.0,6.132504463195801,0.5237650275230408,0.29215410351753235,-0.3981655538082123,832
population,21,carpet,5,3675,0.04034554958343506,0.03234042599797249,-6.489398002624512,0.043476931750774384,-30.935434341430664,-7.0,7.0,6.208832263946533,0.37341704964637756,0.31713080406188965,-0.39706119894981384,833
population,21,carpet,6,3675,0.0176986251026392,0.024004224687814713,-6.594179153442383,0.043433479964733124,-31.630287170410156,-7.0,7.0,6.350872039794922,0.2939007580280304,0.2725299298763275,-0.3935622572898865,834
population,21,carpet,7,3675,0.03798270225524902,0.03724108263850212,-6.5764689445495605,0.043390072882175446,-31.80011749267578,-7.0,7.0,6.037542343139648,0.6684554815292358,0.293517142534256,-0.37729310989379883,835
population,21,carpet,8,3675,0.06484752893447876,0.06499668955802917,-6.439988136291504,0.04334670677781105,-31.758602142333984,-7.0,7.0,6.1348066329956055,0.7136468291282654,0.2917976379394531,-0.37949684262275696,836
population,21,carpet,9,3675,0.05672735720872879,0.05813326686620712,-6.434345722198486,0.04330338537693024,-31.389263153076172,-7.0,7.0,6.191051483154297,0.559910237789154,0.29854536056518555,-0.3759816288948059,837
population,21,carpet,10,3675,0.03442523628473282,0.036900315433740616,-6.621077537536621,0.043260108679533005,-31.633590698242188,-7.0,7.0,6.225340843200684,0.5168329477310181,0.2919187545776367,-0.3720633387565613,838
population,21,carpet,11,3675,0.05804881826043129,0.06461898237466812,-6.702495574951172,0.043216872960329056,-32.01807403564453,-7.0,7.0,6.234521865844727,0.407409131526947,0.28622058033943176,-0.3773755431175232,839
population,21,carpet,12,3675,0.025330303236842155,0.030897319316864014,-6.51156759262085,0.04317367821931839,-31.331972122192383,-7.0,7.0,6.202138423919678,0.5907692909240723,0.29434746503829956,-0.3629583716392517,840
population,21,carpet,13,3675,0.050058554857969284,0.05755297839641571,-6.413877010345459,0.043130531907081604,-33.208770751953125,-7.0,7.0,6.327385902404785,0.3434135913848877,0.2882443964481354,-0.37444618344306946,841
population,21,carpet,14,3675,0.040967751294374466,0.037483759224414825,-6.510636806488037,0.0430874228477478,-32.51246643066406,-7.0,7.0,6.271548271179199,0.5100586414337158,0.29252034425735474,-0.37092867493629456,842
population,21,carpet,15,3675,0.053377553820610046,0.051736194640398026,-6.774144649505615,0.04304436221718788,-32.761749267578125,-7.0,7.0,6.438446044921875,0.2974781394004822,0.2910154163837433,-0.3765915036201477,843
population,21,carpet,16,3675,0.035103823989629745,0.04542862996459007,-6.8092732429504395,0.04300134256482124,-31.63925552368164,-7.0,7.0,6.344316005706787,0.46866273880004883,0.29094210267066956,-0.3688336908817291,844
population,21,carpet,17,3675,0.02648109383881092,0.02651534229516983,-6.566112518310547,0.04295836389064789,-31.8654842376709,-7.0,7.0,6.244106292724609,0.3156997263431549,0.29427868127822876,-0.3711214065551758,845
population,21,carpet,18,3675,0.0300480704754591,0.034018706530332565,-6.442704677581787,0.042915429919958115,-31.992517471313477,-7.0,7.0,6.324442386627197,0.34508824348449707,0.2994205951690674,-0.36523908376693726,846
population,21,carpet,19,3675,0.033253032714128494,0.028278682380914688,-6.507565021514893,0.04287254065275192,-32.778194427490234,-7.0,7.0,6.288046360015869,0.2900043725967407,0.2828548848628998,-0.3523993194103241,847
population,21,carpet,20,3675,0.040062692016363144,0.04906928166747093,-6.650514125823975,0.042829692363739014,-32.377357482910156,-7.0,7.0,6.254885673522949,0.5050915479660034,0.2864530682563782,-0.34512829780578613,848
population,21,carpet,21,3675,0.02648606151342392,0.02673414535820484,-6.608891010284424,0.042786888778209686,-31.519819259643555,-7.0,7.0,6.198545932769775,0.4522859454154968,0.30448541045188904,-0.3327239453792572,849
population,21,carpet,22,3675,0.06476888060569763,0.0647708922624588,-6.667980194091797,0.04274412617087364,-32.44929885864258,-7.0,7.0,6.375284194946289,0.4201107323169708,0.2801488935947418,-0.3345826268196106,850
population,21,carpet,23,3675,0.03462480008602142,0.03651432320475578,-6.689276218414307,0.04270140454173088,-31.545217514038086,-7.0,7.0,6.405808925628662,0.4142698347568512,0.2768324911594391,-0.3218058943748474,851
population,21,carpet,24,3675,0.021434854716062546,0.022065745666623116,-6.627859115600586,0.0426587276160717,-32.612430572509766,-7.0,7.0,6.296579837799072,0.38325896859169006,0.25897759199142456,-0.3180660903453827,852
population,21,carpet,25,3675,0.03141546994447708,0.030002202838659286,-6.62277364730835,0.0426160953938961,-33.515663146972656,-7.0,7.0,6.421010971069336,0.4734857678413391,0.24342766404151917,-0.3114183843135834,853
population,21,carpet,26,3675,0.018835078924894333,0.02028096467256546,-6.481780529022217,0.04257350414991379,-33.48234558105469,-7.0,7.0,6.219342231750488,0.40718722343444824,0.2675856649875641,-0.3105010986328125,854
population,21,carpet,27,3675,0.019419772550463676,0.021914556622505188,-6.683908939361572,0.042530953884124756,-32.24988555908203,-7.0,7.0,6.393869876861572,0.40860623121261597,0.2685495913028717,-0.32706519961357117,855
population,21,carpet,28,3675,0.03334318846464157,0.03781682252883911,-6.675129413604736,0.042488448321819305,-32.480796813964844,-7.0,7.0,6.43646240234375,0.32912442088127136,0.28642961382865906,-0.3315134644508362,856
population,21,carpet,29,3675,0.036298271268606186,0.0355265773832798,-6.7989325523376465,0.04244598373770714,-32.74057388305664,-7.0,7.0,6.466968536376953,0.3666588068008423,0.2672264575958252,-0.33282580971717834,857
population,21,carpet,30,3675,0.02988375909626484,0.029425492510199547,-6.6951494216918945,0.042403560131788254,-32.65575408935547,-7.0,7.0,6.508785247802734,0.2775321900844574,0.2683429419994354,-0.3468600809574127,858
population,21,carpet,31,3675,0.024114901199936867,0.028046412393450737,-6.768959999084473,0.04236118122935295,-32.97998809814453,-7.0,7.0,6.5037126541137695,0.49933236837387085,0.3067132532596588,-0.3619116246700287,859
population,21,carpet,32,3675,0.029772363603115082,0.025881927460432053,-6.870999813079834,0.04231884330511093,-31.63404083251953,-7.0,7.0,6.438739776611328,0.4281971752643585,0.2746478021144867,-0.3723798394203186,860
population,21,carpet,33,3675,0.03537667915225029,0.028351735323667526,-6.815123081207275,0.04227655008435249,-32.12091064453125,-7.0,7.0,6.46633243560791,0.2986017167568207,0.2817349135875702,-0.38111940026283264,861
population,21,carpet,34,3675,0.027201756834983826,0.024915944784879684,-6.735835552215576,0.04223429784178734,-32.187965393066406,-7.0,7.0,6.4033203125,0.4126620590686798,0.284745991230011,-0.39056459069252014,862
population,21,carpet,35,3675,0.0520300567150116,0.05726343393325806,-6.613027572631836,0.042192086577415466,-30.30771255493164,-7.0,7.0,6.3415846824646,0.5256673693656921,0.30448177456855774,-0.4024874269962311,863
population,21,carpet,36,3675,0.025075295940041542,0.024541612714529037,-6.705739974975586,0.042149920016527176,-31.594221115112305,-7.0,7.0,6.509360313415527,0.3253287971019745,0.2958832085132599,-0.40292543172836304,864
population,21,carpet,37,3675,0.03156529366970062,0.039988044649362564,-6.814482688903809,0.04210779443383217,-32.596397399902344,-7.0,7.0,6.492232322692871,0.5089676976203918,0.298909991979599,-0.4095967411994934,865
population,21,carpet,38,3675,0.03224809095263481,0.03453608229756355,-6.807042598724365,0.042065709829330444,-30.389015197753906,-7.0,7.0,6.508847713470459,0.3749932646751404,0.29977312684059143,-0.4169693887233734,866
population,21,carpet,39,3675,0.029948092997074127,0.028729703277349472,-6.70131254196167,0.0420236699283123,-31.484230041503906,-7.0,7.0,6.464877128601074,0.3769712746143341,0.2708464562892914,-0.42491060495376587,867
population,21,carpet,40,3675,0.028194228187203407,0.03599710017442703,-6.579164981842041,0.041981667280197144,-30.80362892150879,-7.0,7.0,6.411258220672607,0.3736603260040283,0.29470500349998474,-0.41399088501930237,868
population,21,carpet,41,3675,0.030380409210920334,0.034473974257707596,-6.762710094451904,0.04193970933556557,-32.368587493896484,-7.0,7.0,6.340165615081787,0.5659213662147522,0.305865615606308,-0.40594393014907837,869
population,21,carpet,42,3675,0.027967853471636772,0.032111503183841705,-6.8621625900268555,0.04189779609441757,-29.890501022338867,-7.0,7.0,6.4611687660217285,0.5027180910110474,0.29260894656181335,-0.4118235409259796,870
population,21,carpet,43,3675,0.026216309517621994,0.024364084005355835,-6.8762311935424805,0.04185592010617256,-32.095619201660156,-7.0,7.0,6.579554557800293,0.4512566328048706,0.2798421382904053,-0.41238832473754883,871
population,21,carpet,44,3675,0.033655449748039246,0.043849825859069824,-6.716207504272461,0.04181408882141113,-30.847354888916016,-7.0,7.0,6.546469211578369,0.4807814657688141,0.2651534676551819,-0.4061264395713806,872
population,21,carpet,45,3675,0.024016309529542923,0.02513282373547554,-6.791005611419678,0.04177229851484299,-33.00518035888672,-7.0,7.0,6.57708740234375,0.3915179371833801,0.2509706914424896,-0.4083476662635803,873
population,21,carpet,46,3675,0.028334492817521095,0.030016252771019936,-6.877137184143066,0.041730549186468124,-30.01231575012207,-7.0,7.0,6.547456741333008,0.34989938139915466,0.27770182490348816,-0.40236935019493103,874
population,21,carpet,47,3675,0.02556755393743515,0.02828393504023552,-6.777735710144043,0.04168884456157684,-32.21052932739258,-7.0,7.0,6.609198570251465,0.3651473820209503,0.2612532675266266,-0.4042496085166931,875
population,21,carpet,48,3675,0.029972370713949203,0.02966976910829544,-6.786829948425293,0.041647180914878845,-32.61992645263672,-7.0,7.0,6.444668769836426,0.4785429537296295,0.27552691102027893,-0.39174458384513855,876
population,21,carpet,49,3675,0.052083201706409454,0.051608674228191376,-6.855374336242676,0.04160555452108383,-31.736448287963867,-7.0,7.0,6.404807090759277,0.6012784242630005,0.32551684975624084,-0.3841686546802521,877
population,21,carpet,50,3675,0.03287207707762718,0.04000963643193245,-6.817929267883301,0.0415639728307724,-33.124488830566406,-7.0,7.0,6.418651103973389,0.5591025352478027,0.28261882066726685,-0.39932411909103394,878
individual,22,carpet,1,3850,0.033445220440626144,0.025181468576192856,-6.898935794830322,0.04152243584394455,-31.74285125732422,-7.0,7.0,6.530140399932861,0.4348013997077942,0.28661462664604187,-0.3673493564128876,879
individual,22,carpet,2,3850,0.06033659353852272,0.05301998183131218,-6.906930446624756,0.041480936110019684,-33.0797004699707,-7.0,7.0,6.516453266143799,0.4037652611732483,0.30644363164901733,-0.36490368843078613,880
individual,22,carpet,3,3850,0.030639205127954483,0.02909909002482891,-6.816994667053223,0.0414394773542881,-31.88177490234375,-7.0,7.0,6.366669178009033,0.6233251690864563,0.3104572296142578,-0.37361979484558105,881
individual,22,carpet,4,3850,0.041937168687582016,0.027745958417654037,-6.727632999420166,0.0413980633020401,-32.91801452636719,-7.0,7.0,6.551865577697754,0.42539697885513306,0.28644150495529175,-0.3838410973548889,882
individual,22,carpet,5,3850,0.028050798922777176,0.026695456355810165,-6.810403823852539,0.041356686502695084,-29.87570571899414,-7.0,7.0,6.464137554168701,0.6595437526702881,0.3358449935913086,-0.395293653011322,883
individual,22,carpet,6,3850,0.03597977012395859,0.033730462193489075,-6.9113240242004395,0.04131535440683365,-29.798797607421875,-7.0,7.0,6.517086505889893,0.5140615701675415,0.3522498905658722,-0.409807026386261,884
individual,22,carpet,7,3850,0.09003444761037827,0.0808231383562088,-6.980863571166992,0.0412740632891655,-31.853382110595703,-7.0,7.0,6.494542598724365,0.37203484773635864,0.3234122097492218,-0.42667341232299805,885
individual,22,carpet,8,3850,0.028927898034453392,0.025132237002253532,-6.8066253662109375,0.04123281314969063,-29.7364559173584,-7.0,7.0,6.490849494934082,0.4127155542373657,0.34784913063049316,-0.42660313844680786,886
individual,22,carpet,9,3850,0.06564357131719589,0.05641406774520874,-6.817600250244141,0.04119160398840904,-29.431373596191406,-7.0,7.0,6.564435958862305,0.5167994499206543,0.35439780354499817,-0.43020182847976685,887
individual,22,carpet,10,3850,0.03391924872994423,0.028988679870963097,-6.873448371887207,0.04115043580532074,-30.76508331298828,-7.0,7.0,6.4432549476623535,0.6178841590881348,0.36887621879577637,-0.43187031149864197,888
individual,22,carpet,11,3850,0.033554092049598694,0.0292032640427351,-6.952709674835205,0.04110930860042572,-30.537487030029297,-7.0,7.0,6.5260725021362305,0.4355069100856781,0.3398526608943939,-0.4267338812351227,889
individual,22,carpet,12,3850,0.025161802768707275,0.023490702733397484,-7.004188537597656,0.041068222373723984,-30.40700340270996,-7.0,7.0,6.6267194747924805,0.4043255150318146,0.343405157327652,-0.419309139251709,890
individual,22,carpet,13,3850,0.03428702801465988,0.028141863644123077,-6.870997905731201,0.04102717712521553,-30.450260162353516,-7.0,7.0,6.655401229858398,0.49158501625061035,0.33543846011161804,-0.41008448600769043,891
individual,22,carpet,14,3850,0.035805486142635345,0.03424319252371788,-6.816739559173584,0.04098617285490036,-30.775056838989258,-7.0,7.0,6.500722408294678,0.5588430166244507,0.3406204283237457,-0.3971816897392273,892
individual,22,carpet,15,3850,0.027151189744472504,0.0332530252635479,-6.886112689971924,0.04094521328806877,-31.847227096557617,-7.0,7.0,6.567248344421387,0.4196823835372925,0.32251667976379395,-0.3925034701824188,893
individual,22,carpet,16,3850,0.046538084745407104,0.034968502819538116,-6.851983070373535,0.04090429097414017,-31.835752487182617,-7.0,7.0,6.642803192138672,0.26939070224761963,0.29640820622444153,-0.37769216299057007,894
individual,22,carpet,17,3850,0.05348045751452446,0.045003969222307205,-6.982146739959717,0.040863409638404846,-31.829105377197266,-7.0,7.0,6.577271461486816,0.5180091857910156,0.31391429901123047,-0.3667580187320709,895
individual,22,carpet,18,3850,0.02494656853377819,0.03022613562643528,-7.002553939819336,0.04082256928086281,-31.705169677734375,-7.0,7.0,6.705911636352539,0.5000084042549133,0.320157527923584,-0.3515479862689972,896
individual,22,carpet,19,3850,0.03246145322918892,0.030324328690767288,-6.984476566314697,0.04078176990151405,-33.680904388427734,-7.0,7.0,6.6243085861206055,0.5164465308189392,0.2805396020412445,-0.33992210030555725,897
individual,22,carpet,20,3850,0.019995786249637604,0.019133733585476875,-6.998795032501221,0.04074101150035858,-33.68852996826172,-7.0,7.0,6.584800720214844,0.4802929759025574,0.28462010622024536,-0.33167341351509094,898
individual,22,carpet,21,3850,0.05464930087327957,0.04810360446572304,-6.882240295410156,0.04070029407739639,-31.76915740966797,-7.0,7.0,6.75520133972168,0.4379926025867462,0.30420681834220886,-0.33718469738960266,899
individual,22,carpet,22,3850,0.04259409010410309,0.02949748933315277,-6.805668354034424,0.04065961763262749,-32.14398956298828,-7.0,7.0,6.614304065704346,0.41735944151878357,0.3152002692222595,-0.32504504919052124,900
individual,22,carpet,23,3850,0.03659277781844139,0.03343569487333298,-7.050555229187012,0.040618982166051865,-33.78078842163086,-7.0,7.0,6.6814165115356445,0.3472905457019806,0.25871533155441284,-0.3244369924068451,901
individual,22,carpet,24,3850,0.04874233901500702,0.03254874795675278,-7.097044944763184,0.04057838395237923,-33.219947814941406,-7.0,7.0,6.64945125579834,0.42566344141960144,0.29546424746513367,-0.32187169790267944,902
individual,22,carpet,25,3850,0.058951448649168015,0.050118811428546906,-6.919161796569824,0.04053783044219017,-31.14519691467285,-7.0,7.0,6.378783226013184,0.8877294063568115,0.3775501847267151,-0.33265215158462524,903
individual,22,carpet,26,3850,0.04315663501620293,0.03731319680809975,-6.886470317840576,0.0404973141849041,-32.51494216918945,-7.0,7.0,6.635325908660889,0.4600777328014374,0.2821063697338104,-0.3294723927974701,904
individual,22,carpet,27,3850,0.027607465162873268,0.022872166708111763,-6.978237628936768,0.04045684263110161,-32.37260055541992,-7.0,7.0,6.692448616027832,0.3682711124420166,0.28245416283607483,-0.33582597970962524,905
individual,22,carpet,28,3850,0.05057495832443237,0.047892458736896515,-7.136680603027344,0.0404164083302021,-31.48826026916504,-7.0,7.0,6.7045512199401855,0.37824925780296326,0.31636619567871094,-0.3341168761253357,906
individual,22,carpet,29,3850,0.04351097345352173,0.045928504317998886,-6.945896148681641,0.04037601500749588,-33.15543746948242,-7.0,7.0,6.698824405670166,0.43583598732948303,0.30290818214416504,-0.32676079869270325,907
individual,22,carpet,30,3850,0.08549241721630096,0.06591754406690598,-6.858334541320801,0.04033566266298294,-32.62425994873047,-7.0,7.0,6.5676774978637695,0.6207498908042908,0.28424808382987976,-0.3433118462562561,908
individual,22,carpet,31,3850,0.04839206486940384,0.03945331647992134,-6.986283302307129,0.040295347571372986,-31.978187561035156,-7.0,7.0,6.541499137878418,0.5608158111572266,0.34488269686698914,-0.34386348724365234,909
individual,22,carpet,32,3850,0.037312787026166916,0.03539024293422699,-7.17727518081665,0.04025507718324661,-33.400146484375,-7.0,7.0,6.821081638336182,0.43292921781539917,0.2826372981071472,-0.3315165638923645,910
individual,22,carpet,33,3850,0.03946475312113762,0.03681478649377823,-7.061523914337158,0.040214844048023224,-33.42734146118164,-7.0,7.0,6.801463603973389,0.36054936051368713,0.27591949701309204,-0.32780370116233826,911
individual,22,carpet,34,3850,0.057372719049453735,0.061736200004816055,-6.954299449920654,0.04017465189099312,-33.43525314331055,-7.0,7.0,6.835342884063721,0.4949968457221985,0.27841442823410034,-0.3427686095237732,912
individual,22,carpet,35,3850,0.029926985502243042,0.032788097858428955,-6.937793254852295,0.040134500712156296,-32.67805099487305,-7.0,7.0,6.711802959442139,0.36882176995277405,0.3128509521484375,-0.35019412636756897,913
individual,22,carpet,36,3850,0.03299468383193016,0.03093286044895649,-7.028450012207031,0.040094390511512756,-33.108642578125,-7.0,7.0,6.7281999588012695,0.39517906308174133,0.29687124490737915,-0.350970059633255,914
individual,22,carpet,37,3850,0.052558235824108124,0.06533648818731308,-7.164092063903809,0.0400543175637722,-31.6476993560791,-7.0,7.0,6.75986909866333,0.5453485250473022,0.3043341636657715,-0.3674428164958954,915
individual,22,carpet,38,3850,0.030234258621931076,0.030806168913841248,-6.969017028808594,0.04001428559422493,-32.613460540771484,-7.0,7.0,6.70955753326416,0.542273223400116,0.3006095886230469,-0.3768885135650635,916
individual,22,carpet,39,3850,0.027985742315649986,0.03790268301963806,-7.008434772491455,0.03997429460287094,-31.867658615112305,-7.0,7.0,6.944251537322998,0.34112292528152466,0.29000309109687805,-0.39138561487197876,917
individual,22,carpet,40,3850,0.04429458826780319,0.03321108594536781,-7.090414524078369,0.039934344589710236,-31.724882125854492,-7.0,7.0,6.67584753036499,0.34746435284614563,0.34733542799949646,-0.41096383333206177,918
individual,22,carpet,41,3850,0.05641127750277519,0.04551699757575989,-7.120922565460205,0.039894431829452515,-29.876121520996094,-7.0,7.0,6.899097919464111,0.3407290279865265,0.2987608015537262,-0.4162145256996155,919
individual,22,carpet,42,3850,0.02579852193593979,0.02500111609697342,-7.061314105987549,0.03985456004738808,-30.150461196899414,-7.0,7.0,6.811491012573242,0.3930197060108185,0.3263384997844696,-0.4269111156463623,920
individual,22,carpet,43,3850,0.03581777215003967,0.04152584820985794,-7.054101943969727,0.03981472924351692,-30.968997955322266,-7.0,7.0,6.883908748626709,0.3818441927433014,0.3598268926143646,-0.4285214841365814,921
individual,22,carpet,44,3850,0.026436641812324524,0.018927402794361115,-7.052839756011963,0.03977493569254875,-31.1911678314209,-7.0,7.0,6.855856895446777,0.3183250427246094,0.3424726128578186,-0.4132384955883026,922
individual,22,carpet,45,3850,0.025254661217331886,0.025057833641767502,-7.188466548919678,0.039735183119773865,-29.12145233154297,-7.0,7.0,6.828647136688232,0.5236963033676147,0.33855417370796204,-0.4207361042499542,923
individual,22,carpet,46,3850,0.04297089949250221,0.047241613268852234,-7.2734270095825195,0.03969547152519226,-33.1376953125,-7.0,7.0,6.852340221405029,0.46970275044441223,0.30752673745155334,-0.3998003900051117,924
individual,22,carpet,47,3850,0.03198989853262901,0.03574740141630173,-7.119655132293701,0.03965580090880394,-32.621498107910156,-7.0,7.0,6.734360694885254,0.5692080855369568,0.3210237920284271,-0.38941508531570435,925
individual,22,carpet,48,3850,0.026663126423954964,0.025160502642393112,-7.027561664581299,0.039616167545318604,-32.43404769897461,-7.0,7.0,6.747457981109619,0.39280930161476135,0.32140660285949707,-0.3888587951660156,926
individual,22,carpet,49,3850,0.055738262832164764,0.055990807712078094,-7.000251770019531,0.03957657143473625,-31.936738967895508,-7.0,7.0,6.678109169006348,0.5802122354507446,0.33402782678604126,-0.37448850274086,927
individual,22,carpet,50,3850,0.04552933946251869,0.043066561222076416,-7.1465582847595215,0.03953702002763748,-32.12995147705078,-7.0,7.0,6.837505340576172,0.6561474800109863,0.290860652923584,-0.36748552322387695,928
population,22,carpet,1,3850,0.03523692488670349,0.03564755991101265,-6.734034061431885,0.04152243584394455,-31.804662704467773,-7.0,7.0,6.645908355712891,0.2874443829059601,0.28276053071022034,-0.3930218815803528,879
population,22,carpet,2,3850,0.018448788672685623,0.024006078019738197,-6.8906331062316895,0.041480936110019684,-32.074642181396484,-7.0,7.0,6.679140090942383,0.24240818619728088,0.27079445123672485,-0.40349164605140686,880
population,22,carpet,3,3850,0.02936607599258423,0.02421131730079651,-6.8476667404174805,0.0414394773542881,-32.288063049316406,-7.0,7.0,6.595638751983643,0.2768203020095825,0.25720033049583435,-0.4039870798587799,881
population,22,carpet,4,3850,0.019800227135419846,0.022650476545095444,-6.937037944793701,0.0413980633020401,-31.08238410949707,-7.0,7.0,6.5453901290893555,0.540510356426239,0.2850041091442108,-0.39669254422187805,882
population,22,carpet,5,3850,0.015816442668437958,0.01630166545510292,-6.8563127517700195,0.041356686502695084,-31.69081687927246,-7.0,7.0,6.619217872619629,0.34329313039779663,0.24274612963199615,-0.39248523116111755,883
population,22,carpet,6,3850,0.025346137583255768,0.024944651871919632,-6.8120646476745605,0.04131535440683365,-33.1514892578125,-7.0,7.0,6.623815536499023,0.3056621253490448,0.25144490599632263,-0.383297860622406,884
population,22,carpet,7,3850,0.026160888373851776,0.029876865446567535,-6.885437965393066,0.0412740632891655,-32.18511199951172,-7.0,7.0,6.6611328125,0.3718019723892212,0.24417813122272491,-0.3785705864429474,885
population,22,carpet,8,3850,0.031283535063266754,0.031139947474002838,-6.8990631103515625,0.04123281314969063,-32.42747497558594,-7.0,7.0,6.56408166885376,0.5501814484596252,0.2547241151332855,-0.370866060256958,886
population,22,carpet,9,3850,0.05645854398608208,0.059508129954338074,-6.937586307525635,0.04119160398840904,-32.411285400390625,-7.0,7.0,6.481932163238525,0.4914442002773285,0.27163341641426086,-0.37095460295677185,887
population,22,carpet,10,3850,0.055150993168354034,0.04791313782334328,-6.846949100494385,0.04115043580532074,-32.50340270996094,-7.0,7.0,6.6646575927734375,0.4344026446342468,0.24131464958190918,-0.36835524439811707,888
population,22,carpet,11,3850,0.04485686123371124,0.047522906213998795,-6.963682174682617,0.04110930860042572,-32.827518463134766,-7.0,7.0,6.608798503875732,0.43895429372787476,0.2617832124233246,-0.36431795358657837,889
population,22,carpet,12,3850,0.031514592468738556,0.033222746104002,-6.968339443206787,0.041068222373723984,-32.59418869018555,-7.0,7.0,6.595599174499512,0.3096429705619812,0.2421715259552002,-0.36689260601997375,890
population,22,carpet,13,3850,0.030484890565276146,0.03412330150604248,-6.998806476593018,0.04102717712521553,-33.48337173461914,-7.0,7.0,6.760967254638672,0.3355320990085602,0.24893181025981903,-0.3600057065486908,891
population,22,carpet,14,3850,0.031042199581861496,0.026155728846788406,-7.0097150802612305,0.04098617285490036,-31.682762145996094,-7.0,7.0,6.71430778503418,0.3993716835975647,0.26878514885902405,-0.36145496368408203,892
population,22,carpet,15,3850,0.023746008053421974,0.020169176161289215,-6.959186553955078,0.04094521328806877,-33.127784729003906,-7.0,7.0,6.698307991027832,0.3167216181755066,0.22814656794071198,-0.36652493476867676,893
population,22,carpet,16,3850,0.04601623862981796,0.03550811856985092,-7.075777053833008,0.04090429097414017,-32.6220703125,-7.0,7.0,6.697643280029297,0.29096031188964844,0.2608315348625183,-0.36519235372543335,894
population,22,carpet,17,3850,0.03162503242492676,0.03377119451761246,-6.928897857666016,0.040863409638404846,-33.277008056640625,-7.0,7.0,6.5800299644470215,0.48933902382850647,0.23916761577129364,-0.3714143931865692,895
population,22,carpet,18,3850,0.0481400266289711,0.031323641538619995,-6.912200450897217,0.04082256928086281,-32.72458267211914,-7.0,7.0,6.813504219055176,0.26714766025543213,0.2246433049440384,-0.3853605389595032,896
population,22,carpet,19,3850,0.025371620431542397,0.027486568316817284,-6.889197826385498,0.04078176990151405,-31.987171173095703,-7.0,7.0,6.653047561645508,0.4167483448982239,0.24487440288066864,-0.37436792254447937,897
population,22,carpet,20,3850,0.03048918955028057,0.021829022094607353,-7.009906768798828,0.04074101150035858,-32.557884216308594,-7.0,7.0,6.707648277282715,0.4174586236476898,0.23711104691028595,-0.3970680236816406,898
population,22,carpet,21,3850,0.04269849881529808,0.041657593101263046,-7.131291389465332,0.04070029407739639,-31.437721252441406,-7.0,7.0,6.662137508392334,0.4756208062171936,0.26308661699295044,-0.38873162865638733,899
population,22,carpet,22,3850,0.025161704048514366,0.0261550173163414,-6.929548740386963,0.04065961763262749,-32.95100402832031,-7.0,7.0,6.624846935272217,0.3931446075439453,0.2515999674797058,-0.3748273253440857,900
population,22,carpet,23,3850,0.049895837903022766,0.043935611844062805,-6.8443522453308105,0.040618982166051865,-32.55961608886719,-7.0,7.0,6.731869697570801,0.5196130871772766,0.25602152943611145,-0.394022136926651,901
population,22,carpet,24,3850,0.04234985262155533,0.040666017681360245,-7.020537376403809,0.04057838395237923,-31.963542938232422,-7.0,7.0,6.638721466064453,0.4399397373199463,0.29786548018455505,-0.39303058385849,902
population,22,carpet,25,3850,0.07290539145469666,0.049937814474105835,-7.2290215492248535,0.04053783044219017,-31.940223693847656,-7.0,7.0,6.72556209564209,0.49566450715065,0.26218438148498535,-0.401008665561676,903
population,22,carpet,26,3850,0.01625390723347664,0.017694858834147453,-7.066742897033691,0.0404973141849041,-30.942707061767578,-7.0,7.0,6.595892429351807,0.5463385581970215,0.29234060645103455,-0.3986959457397461,904
population,22,carpet,27,3850,0.055317603051662445,0.03306529298424721,-6.970621585845947,0.04045684263110161,-33.17455291748047,-7.0,7.0,6.896033763885498,0.3922092318534851,0.26620692014694214,-0.41678386926651,905
population,22,carpet,28,3850,0.02100134827196598,0.026674650609493256,-7.044862270355225,0.0404164083302021,-32.13973617553711,-7.0,7.0,6.8957624435424805,0.32505926489830017,0.2679101526737213,-0.4119809567928314,906
population,22,carpet,29,3850,0.021539989858865738,0.023973291739821434,-7.257047653198242,0.04037601500749588,-32.04909133911133,-7.0,7.0,6.938616752624512,0.3961547315120697,0.32426193356513977,-0.39346837997436523,907
population,22,carpet,30,3850,0.05043582245707512,0.04817710816860199,-7.215649604797363,0.04033566266298294,-32.254642486572266,-7.0,7.0,6.86026668548584,0.3284422755241394,0.25052160024642944,-0.40619197487831116,908
population,22,carpet,31,3850,0.03914179652929306,0.030445273965597153,-7.096390724182129,0.040295347571372986,-31.74783706665039,-7.0,7.0,6.812368392944336,0.483153373003006,0.28852733969688416,-0.40411844849586487,909
population,22,carpet,32,3850,0.06433045864105225,0.06064475327730179,-6.963489532470703,0.04025507718324661,-31.617393493652344,-7.0,7.0,6.808337211608887,0.42618754506111145,0.267325222492218,-0.4021271765232086,910
population,22,carpet,33,3850,0.026660017669200897,0.022345535457134247,-7.061017036437988,0.040214844048023224,-32.08251953125,-7.0,7.0,6.857251167297363,0.3874152600765228,0.24678218364715576,-0.3977183401584625,911
population,22,carpet,34,3850,0.058609072118997574,0.05120741203427315,-7.243071556091309,0.04017465189099312,-33.03318786621094,-7.0,7.0,6.82240104675293,0.38043203949928284,0.2787230610847473,-0.38063645362854004,912
population,22,carpet,35,3850,0.04079031944274902,0.04553139954805374,-7.201898574829102,0.040134500712156296,-31.64466667175293,-7.0,7.0,6.8079423904418945,0.469401091337204,0.27274587750434875,-0.36888018250465393,913
population,22,carpet,36,3850,0.04350097477436066,0.0373944528400898,-6.9707159996032715,0.040094390511512756,-33.155067443847656,-7.0,7.0,6.773651123046875,0.5410383939743042,0.23586143553256989,-0.36263251304626465,914
population,22,carpet,37,3850,0.06091533973813057,0.07499527931213379,-6.933236122131348,0.0400543175637722,-33.13779830932617,-7.0,7.0,6.855778694152832,0.33054661750793457,0.23521026968955994,-0.36044129729270935,915
population,22,carpet,38,3850,0.07852433621883392,0.066506527364254,-7.193190097808838,0.04001428559422493,-32.92050552368164,-7.0,7.0,6.736723899841309,0.4944474399089813,0.24821121990680695,-0.33944544196128845,916
population,22,carpet,39,3850,0.053712062537670135,0.06247047707438469,-7.285628318786621,0.03997429460287094,-34.65068054199219,-7.0,7.0,6.895443439483643,0.3409435451030731,0.2018492966890335,-0.3339419960975647,917
population,22,carpet,40,3850,0.04305869713425636,0.04063797742128372,-6.985856056213379,0.039934344589710236,-33.39149856567383,-7.0,7.0,6.735645771026611,0.35296785831451416,0.24549341201782227,-0.34105148911476135,918
population,22,carpet,41,3850,0.039776600897312164,0.05287182703614235,-6.9504570960998535,0.039894431829452515,-32.93717575073242,-7.0,7.0,6.79872989654541,0.37883028388023376,0.23251973092556,-0.337444543838501,919
population,22,carpet,42,3850,0.042257074266672134,0.038999754935503006,-7.216060638427734,0.03985456004738808,-33.01582336425781,-7.0,7.0,7.014200687408447,0.26927757263183594,0.2279779016971588,-0.33309704065322876,920
population,22,carpet,43,3850,0.04069092869758606,0.04889299347996712,-7.217218399047852,0.03981472924351692,-33.86888122558594,-7.0,7.0,6.890824317932129,0.335992693901062,0.23099231719970703,-0.3402596414089203,921
population,22,carpet,44,3850,0.05925639346241951,0.06143459305167198,-7.236673355102539,0.03977493569254875,-33.375511169433594,-7.0,7.0,6.81084680557251,0.2968657612800598,0.19395102560520172,-0.34005147218704224,922
population,22,carpet,45,3850,0.09112384170293808,0.10489603877067566,-6.96143913269043,0.039735183119773865,-33.98247528076172,-7.0,7.0,6.870662212371826,0.4181935787200928,0.2276407778263092,-0.33811745047569275,923
population,22,carpet,46,3850,0.044074393808841705,0.04935980960726738,-7.082820892333984,0.03969547152519226,-33.13169479370117,-7.0,7.0,6.882369041442871,0.479537695646286,0.20581163465976715,-0.3520309627056122,924
population,22,carpet,47,3850,0.048499371856451035,0.053172629326581955,-7.316281318664551,0.03965580090880394,-34.3482666015625,-7.0,7.0,6.890725612640381,0.4871416985988617,0.2036878764629364,-0.3594523072242737,925
population,22,carpet,48,3850,0.03229926899075508,0.026790183037519455,-7.289592742919922,0.039616167545318604,-32.77154541015625,-7.0,7.0,6.977897644042969,0.4889649450778961,0.2266414910554886,-0.36513862013816833,926
population,22,carpet,49,3850,0.05490043759346008,0.04999822750687599,-7.046014308929443,0.03957657143473625,-33.85752868652344,-7.0,7.0,6.838890075683594,0.5121200084686279,0.21888014674186707,-0.36882835626602173,927
population,22,carpet,50,3850,0.03563650697469711,0.03575136885046959,-7.178365230560303,0.03953702002763748,-31.419979095458984,-7.0,7.0,6.923330307006836,0.5430043339729309,0.2503146529197693,-0.3684409558773041,928
individual,23,carpet,1,4025,0.04433489590883255,0.05040096119046211,-7.186374664306641,0.039497505873441696,-31.938796997070312,-7.0,7.0,6.879784107208252,0.39160656929016113,0.28085726499557495,-0.3607175648212433,929
individual,23,carpet,2,4025,0.02190890908241272,0.023236487060785294,-7.160270690917969,0.039458028972148895,-32.72758102416992,-7.0,7.0,6.941232681274414,0.3046327531337738,0.29307693243026733,-0.35143470764160156,930
individual,23,carpet,3,4025,0.025437455624341965,0.03456699103116989,-7.070040702819824,0.03941859304904938,-33.38998031616211,-7.0,7.0,6.89371395111084,0.40409785509109497,0.2936219274997711,-0.3547177314758301,931
individual,23,carpet,4,4025,0.033377934247255325,0.029594292864203453,-7.149363040924072,0.03937919810414314,-33.30104446411133,-7.0,7.0,6.866232872009277,0.4232538342475891,0.2722664177417755,-0.3487502634525299,932
individual,23,carpet,5,4025,0.03909233957529068,0.04434144124388695,-7.109811305999756,0.03933984041213989,-31.968107223510742,-7.0,7.0,6.830908298492432,0.26808828115463257,0.28784552216529846,-0.3536202907562256,933
individual,23,carpet,6,4025,0.043578412383794785,0.03886846825480461,-7.177140235900879,0.039300523698329926,-32.328067779541016,-7.0,7.0,6.8229756355285645,0.545535683631897,0.3021116256713867,-0.3547450602054596,934
individual,23,carpet,7,4025,0.02666749246418476,0.02128145471215248,-7.25067663192749,0.03926124423742294,-31.299467086791992,-7.0,7.0,6.8615241050720215,0.6208623647689819,0.32760533690452576,-0.3708927035331726,935
individual,23,carpet,8,4025,0.03609239310026169,0.033363424241542816,-7.279107093811035,0.039222005754709244,-32.12096405029297,-7.0,7.0,6.975858688354492,0.29676368832588196,0.30076879262924194,-0.36570167541503906,936
individual,23,carpet,9,4025,0.022598808631300926,0.028869979083538055,-7.323243618011475,0.03918280825018883,-32.59714889526367,-7.0,7.0,6.956554412841797,0.5144920349121094,0.29921871423721313,-0.36875787377357483,937
individual,23,carpet,10,4025,0.08409074693918228,0.07359722256660461,-7.158293724060059,0.039143647998571396,-32.38006591796875,-7.0,7.0,6.98057222366333,0.44430994987487793,0.3082253336906433,-0.37841638922691345,938
individual,23,carpet,11,4025,0.035753436386585236,0.03731655329465866,-7.315239429473877,0.03910452499985695,-31.19887924194336,-7.0,7.0,6.954405784606934,0.47404658794403076,0.31329259276390076,-0.38942667841911316,939
individual,23,carpet,12,4025,0.0540972575545311,0.05014219507575035,-7.236075401306152,0.039065442979335785,-32.61648178100586,-7.0,7.0,6.914579391479492,0.5675975680351257,0.34321317076683044,-0.3933272361755371,940
individual,23,carpet,13,4025,0.017133843153715134,0.014713846147060394,-7.16502571105957,0.039026401937007904,-31.179298400878906,-7.0,7.0,6.896839141845703,0.5289832353591919,0.31441134214401245,-0.39524468779563904,941
individual,23,carpet,14,4025,0.039299409836530685,0.027960624545812607,-7.265341281890869,0.03898739814758301,-32.3457145690918,-7.0,7.0,6.97126579284668,0.4966115653514862,0.36649957299232483,-0.3990550637245178,942
individual,23,carpet,15,4025,0.023881522938609123,0.024166684597730637,-7.298991680145264,0.038948431611061096,-30.300277709960938,-7.0,7.0,7.047098159790039,0.43522363901138306,0.32339659333229065,-0.3915310800075531,943
individual,23,carpet,16,4025,0.019814688712358475,0.018921829760074615,-7.295985698699951,0.03890950605273247,-32.939517974853516,-7.0,7.0,6.92222261428833,0.48325783014297485,0.3339488208293915,-0.392137736082077,944
individual,23,carpet,17,4025,0.04449113458395004,0.04238026961684227,-7.325320720672607,0.038870617747306824,-32.57530975341797,-7.0,7.0,6.935382843017578,0.33205175399780273,0.3205108642578125,-0.38795632123947144,945
individual,23,carpet,18,4025,0.042184799909591675,0.041592877358198166,-7.177603244781494,0.03883177042007446,-32.33415985107422,-7.0,7.0,6.918172359466553,0.3284040093421936,0.31102266907691956,-0.3877268135547638,946
individual,23,carpet,19,4025,0.026594730094075203,0.02272089570760727,-7.089627742767334,0.03879296034574509,-32.37739181518555,-7.0,7.0,6.972391605377197,0.32592886686325073,0.2995593845844269,-0.378901869058609,947
individual,23,carpet,20,4025,0.04689064621925354,0.04465648531913757,-7.206313610076904,0.038754191249608994,-32.245826721191406,-7.0,7.0,7.110694408416748,0.2732222378253937,0.28993186354637146,-0.3861650824546814,948
individual,23,carpet,21,4025,0.06732727587223053,0.06749426573514938,-7.366816997528076,0.03871545568108559,-32.06992721557617,-7.0,7.0,6.876014232635498,0.4648282825946808,0.3234834671020508,-0.37530845403671265,949
individual,23,carpet,22,4025,0.03784600645303726,0.035122230648994446,-7.391741752624512,0.03867676481604576,-30.529821395874023,-7.0,7.0,7.082927227020264,0.4361147880554199,0.30719470977783203,-0.3825816810131073,950
individual,23,carpet,23,4025,0.033797718584537506,0.030290648341178894,-7.3133392333984375,0.03863811120390892,-33.58662414550781,-7.0,7.0,7.086478233337402,0.4127815365791321,0.30939751863479614,-0.3611879050731659,951
individual,23,carpet,24,4025,0.023176593706011772,0.019972482696175575,-7.382891654968262,0.038599494844675064,-33.84158706665039,-7.0,7.0,7.045742988586426,0.34273913502693176,0.29852554202079773,-0.3558381199836731,952
individual,23,carpet,25,4025,0.023296445608139038,0.01936980150640011,-7.288024425506592,0.03856091573834419,-33.390506744384766,-7.0,7.0,7.078527927398682,0.4339333176612854,0.3085027039051056,-0.3568296730518341,953
individual,23,carpet,26,4025,0.06009255722165108,0.0742507204413414,-7.295506000518799,0.038522377610206604,-32.93505859375,-7.0,7.0,7.197159290313721,0.3578179180622101,0.32366257905960083,-0.3619564175605774,954
individual,23,carpet,27,4025,0.054943688213825226,0.04737713560461998,-7.54831075668335,0.038483876734972,-31.253177642822266,-7.0,7.0,7.147940158843994,0.3604053556919098,0.3437260687351227,-0.36654406785964966,955
individual,23,carpet,28,4025,0.03346642851829529,0.032594915479421616,-7.57912540435791,0.03844541683793068,-32.62277603149414,-7.0,7.0,7.177725315093994,0.31128358840942383,0.3106391131877899,-0.3580200672149658,956
individual,23,carpet,29,4025,0.052095673978328705,0.03867824375629425,-7.309609413146973,0.038406990468502045,-33.82615280151367,-7.0,7.0,7.107173919677734,0.47625645995140076,0.29802730679512024,-0.3648642599582672,957
individual,23,carpet,30,4025,0.03545190766453743,0.03098032996058464,-7.200622081756592,0.03836860507726669,-31.188426971435547,-7.0,7.0,7.013902187347412,0.4323834180831909,0.34438082575798035,-0.37442895770072937,958
individual,23,carpet,31,4025,0.0203410517424345,0.020123787224292755,-7.335585594177246,0.038330260664224625,-32.85944366455078,-7.0,7.0,7.128708839416504,0.3639894127845764,0.3151799142360687,-0.3661113381385803,959
individual,23,carpet,32,4025,0.024914143607020378,0.021121086552739143,-7.424947261810303,0.03829195350408554,-31.78646469116211,-7.0,7.0,7.01894474029541,0.6434246301651001,0.35491031408309937,-0.3787837028503418,960
individual,23,carpet,33,4025,0.01890857145190239,0.032130904495716095,-7.460204601287842,0.03825367987155914,-34.21358108520508,-7.0,7.0,7.080257892608643,0.42064011096954346,0.2987819015979767,-0.3638637661933899,961
individual,23,carpet,34,4025,0.03954242542386055,0.035936590284109116,-7.353837966918945,0.03821545094251633,-32.614112854003906,-7.0,7.0,7.175337314605713,0.323586642742157,0.2829318344593048,-0.3696885108947754,962
individual,23,carpet,35,4025,0.019744284451007843,0.028532132506370544,-7.376705169677734,0.0381772555410862,-33.04307174682617,-7.0,7.0,7.179993629455566,0.3540632724761963,0.2940313518047333,-0.3624216616153717,963
individual,23,carpet,36,4025,0.03819578140974045,0.03313681483268738,-7.447765350341797,0.03813910111784935,-32.42362594604492,-7.0,7.0,7.121232032775879,0.37215757369995117,0.28821808099746704,-0.3617287278175354,964
individual,23,carpet,37,4025,0.022896783426404,0.020229844376444817,-7.3745012283325195,0.03810098394751549,-32.75187301635742,-7.0,7.0,7.1083478927612305,0.35905376076698303,0.2842062711715698,-0.36675453186035156,965
individual,23,carpet,38,4025,0.04145079106092453,0.028744427487254143,-7.333624362945557,0.03806290403008461,-33.98450469970703,-7.0,7.0,7.2431721687316895,0.3509993255138397,0.30137792229652405,-0.36237648129463196,966
individual,23,carpet,39,4025,0.024786919355392456,0.018665287643671036,-7.458151817321777,0.03802486136555672,-34.20835494995117,-7.0,7.0,7.186015605926514,0.2690727710723877,0.3127102851867676,-0.36417141556739807,967
individual,23,carpet,40,4025,0.0870569571852684,0.055682748556137085,-7.544690132141113,0.03798685967922211,-32.22435760498047,-7.0,7.0,6.991777420043945,0.5795996785163879,0.3246191442012787,-0.37393873929977417,968
individual,23,carpet,41,4025,0.0659758597612381,0.04965166747570038,-7.367378234863281,0.03794889524579048,-33.37754821777344,-7.0,7.0,7.176618576049805,0.5159606337547302,0.2785508334636688,-0.3706057071685791,969
individual,23,carpet,42,4025,0.10884131491184235,0.08862491697072983,-7.3676652908325195,0.03791096806526184,-31.173160552978516,-7.0,7.0,6.978392601013184,0.714346706867218,0.39189380407333374,-0.3910132348537445,970
individual,23,carpet,43,4025,0.02905219979584217,0.026821153238415718,-7.5200395584106445,0.037873078137636185,-33.622039794921875,-7.0,7.0,7.125149726867676,0.6392141580581665,0.28312423825263977,-0.376821368932724,971
individual,23,carpet,44,4025,0.03125963360071182,0.02379016764461994,-7.543685436248779,0.03783522546291351,-31.495271682739258,-7.0,7.0,7.226723670959473,0.38926780223846436,0.36410924792289734,-0.3836219906806946,972
individual,23,carpet,45,4025,0.03403537720441818,0.03289930894970894,-7.422503471374512,0.037797413766384125,-31.183500289916992,-7.0,7.0,7.23546028137207,0.34729188680648804,0.2991848587989807,-0.38730451464653015,973
individual,23,carpet,46,4025,0.0319644995033741,0.03779088705778122,-7.449991703033447,0.03775963932275772,-31.551116943359375,-7.0,7.0,7.2187418937683105,0.3284873366355896,0.3264715075492859,-0.3953903317451477,974
individual,23,carpet,47,4025,0.03165256977081299,0.02540864236652851,-7.398636341094971,0.037721898406744,-31.939023971557617,-7.0,7.0,7.1732635498046875,0.4175238013267517,0.3206864893436432,-0.39790135622024536,975
individual,23,carpet,48,4025,0.03905723989009857,0.03531639277935028,-7.581779479980469,0.03768419846892357,-32.18278503417969,-7.0,7.0,7.158298015594482,0.5758043527603149,0.349558025598526,-0.3950522840023041,976
individual,23,carpet,49,4025,0.050976745784282684,0.032695647329092026,-7.6037068367004395,0.03764653578400612,-31.639080047607422,-7.0,7.0,7.033322334289551,0.7158284187316895,0.3811034560203552,-0.4038759768009186,977
individual,23,carpet,50,4025,0.03571498766541481,0.03377767652273178,-7.551161766052246,0.03760891035199165,-31.700361251831055,-7.0,7.0,7.344673156738281,0.32267987728118896,0.26464447379112244,-0.38797783851623535,978
population,23,carpet,1,4025,0.04339815676212311,0.047788579016923904,-7.242905616760254,0.039497505873441696,-32.45994567871094,-7.0,7.0,6.892910480499268,0.5090969800949097,0.2421126663684845,-0.3998120129108429,929
population,23,carpet,2,4025,0.03592506796121597,0.048653263598680496,-7.23379373550415,0.039458028972148895,-32.37425994873047,-7.0,7.0,6.81981897354126,0.5327990651130676,0.25301289558410645,-0.4032149910926819,930
population,23,carpet,3,4025,0.05293705314397812,0.0521354004740715,-7.089606285095215,0.03941859304904938,-32.251399993896484,-7.0,7.0,6.933322906494141,0.4364112913608551,0.24132607877254486,-0.4135446846485138,931
population,23,carpet,4,4025,0.04380263015627861,0.0352385975420475,-7.1013383865356445,0.03937919810414314,-31.65403938293457,-7.0,7.0,6.979586601257324,0.37699195742607117,0.2663035988807678,-0.42357268929481506,932
population,23,carpet,5,4025,0.0545983649790287,0.03866271302103996,-7.383265972137451,0.03933984041213989,-30.71169090270996,-7.0,7.0,6.939940929412842,0.5093336701393127,0.31452181935310364,-0.42652079463005066,933
population,23,carpet,6,4025,0.047633230686187744,0.0403539314866066,-7.400720596313477,0.039300523698329926,-32.33161163330078,-7.0,7.0,6.982858657836914,0.47773057222366333,0.2903394103050232,-0.42054539918899536,934
population,23,carpet,7,4025,0.0728394165635109,0.04862508922815323,-7.192069053649902,0.03926124423742294,-29.917556762695312,-7.0,7.0,6.8208160400390625,0.7496600151062012,0.35436442494392395,-0.44206443428993225,935
population,23,carpet,8,4025,0.06262938678264618,0.05587951838970184,-7.323407173156738,0.039222005754709244,-31.326196670532227,-7.0,7.0,7.094304084777832,0.40106287598609924,0.27619197964668274,-0.4331192374229431,936
population,23,carpet,9,4025,0.02704993635416031,0.020495815202593803,-7.385650157928467,0.03918280825018883,-31.63522720336914,-7.0,7.0,7.161513805389404,0.3514474034309387,0.27675798535346985,-0.44501104950904846,937
population,23,carpet,10,4025,0.025557847693562508,0.027573395520448685,-7.306221008300781,0.039143647998571396,-34.45787811279297,-7.0,7.0,7.022748947143555,0.35698202252388,0.25616925954818726,-0.44369837641716003,938
population,23,carpet,11,4025,0.0404304638504982,0.03804320842027664,-7.1596245765686035,0.03910452499985695,-31.970989227294922,-7.0,7.0,6.916813373565674,0.44006624817848206,0.2932606637477875,-0.44072839617729187,939
population,23,carpet,12,4025,0.015661602839827538,0.015103137120604515,-7.256753444671631,0.039065442979335785,-31.552371978759766,-7.0,7.0,7.017597675323486,0.3186444640159607,0.26707443594932556,-0.44529083371162415,940
population,23,carpet,13,4025,0.05568225309252739,0.028159504756331444,-7.354737281799316,0.039026401937007904,-31.386001586914062,-7.0,7.0,6.936866760253906,0.5644263029098511,0.30747881531715393,-0.4326770603656769,941
population,23,carpet,14,4025,0.08637438714504242,0.0664704293012619,-7.295224189758301,0.03898739814758301,-31.760709762573242,-7.0,7.0,6.911614418029785,0.5612285137176514,0.28776246309280396,-0.44300928711891174,942
population,23,carpet,15,4025,0.03600967302918434,0.022348130121827126,-7.247275352478027,0.038948431611061096,-32.13412857055664,-7.0,7.0,6.855154991149902,0.48174819350242615,0.3087082803249359,-0.4330478310585022,943
population,23,carpet,16,4025,0.06756529957056046,0.05121053010225296,-7.153687477111816,0.03890950605273247,-31.26298713684082,-7.0,7.0,7.0216193199157715,0.3137831687927246,0.2558092176914215,-0.45133712887763977,944
population,23,carpet,17,4025,0.03421512991189957,0.02453743666410446,-7.3338165283203125,0.038870617747306824,-31.408905029296875,-7.0,7.0,6.870325565338135,0.4956800937652588,0.335136741399765,-0.43262022733688354,945
population,23,carpet,18,4025,0.048040721565485,0.03114648535847664,-7.443968772888184,0.03883177042007446,-31.74481773376465,-7.0,7.0,6.988574504852295,0.5636011362075806,0.3268028795719147,-0.41429373621940613,946
population,23,carpet,19,4025,0.028379784896969795,0.026157397776842117,-7.431581974029541,0.03879296034574509,-31.927270889282227,-7.0,7.0,7.13525390625,0.5019881725311279,0.30672651529312134,-0.4259808361530304,947
population,23,carpet,20,4025,0.021146198734641075,0.01818460039794445,-7.322335720062256,0.038754191249608994,-31.533416748046875,-7.0,7.0,7.058964729309082,0.4531400799751282,0.2943885028362274,-0.42198875546455383,948
population,23,carpet,21,4025,0.040351785719394684,0.04223436862230301,-7.23686408996582,0.03871545568108559,-30.979595184326172,-7.0,7.0,7.002793312072754,0.43616536259651184,0.3404751420021057,-0.4273008406162262,949
population,23,carpet,22,4025,0.0480504035949707,0.027515344321727753,-7.510438442230225,0.03867676481604576,-31.80434226989746,-7.0,7.0,7.14069128036499,0.4198322892189026,0.3023209571838379,-0.4097246527671814,950
population,23,carpet,23,4025,0.05643079802393913,0.040554359555244446,-7.442160129547119,0.03863811120390892,-29.740751266479492,-7.0,7.0,6.978276252746582,0.5354620814323425,0.36621934175491333,-0.4175335764884949,951
population,23,carpet,24,4025,0.03884982317686081,0.030974337831139565,-7.363860607147217,0.038599494844675064,-32.37479019165039,-7.0,7.0,7.133935928344727,0.4096061587333679,0.27972427010536194,-0.40862616896629333,952
population,23,carpet,25,4025,0.046570274978876114,0.04256253316998482,-7.3045196533203125,0.03856091573834419,-30.316566467285156,-7.0,7.0,7.179380893707275,0.381101131439209,0.31838613748550415,-0.4057888090610504,953
population,23,carpet,26,4025,0.03151198849081993,0.025279991328716278,-7.387354373931885,0.038522377610206604,-31.851486206054688,-7.0,7.0,7.081484317779541,0.4902322292327881,0.312672883272171,-0.38967156410217285,954
population,23,carpet,27,4025,0.036527134478092194,0.020388899371027946,-7.483783721923828,0.038483876734972,-33.128570556640625,-7.0,7.0,7.123093605041504,0.4304700791835785,0.26271170377731323,-0.3706371784210205,955
population,23,carpet,28,4025,0.030142631381750107,0.025884518399834633,-7.393861293792725,0.03844541683793068,-33.601200103759766,-7.0,7.0,7.103723526000977,0.4752635955810547,0.28919535875320435,-0.36586594581604004,956
population,23,carpet,29,4025,0.03146108239889145,0.02857985906302929,-7.301977157592773,0.038406990468502045,-33.460304260253906,-7.0,7.0,7.04270076751709,0.5580458641052246,0.2924633026123047,-0.34668105840682983,957
population,23,carpet,30,4025,0.05187216401100159,0.04617910832166672,-7.363229751586914,0.03836860507726669,-33.143836975097656,-7.0,7.0,7.098513126373291,0.3580421507358551,0.26311352849006653,-0.33421868085861206,958
population,23,carpet,31,4025,0.04721010848879814,0.04957680404186249,-7.404366493225098,0.038330260664224625,-33.598052978515625,-7.0,7.0,7.212852954864502,0.32412469387054443,0.2347022145986557,-0.3330516219139099,959
population,23,carpet,32,4025,0.04211891070008278,0.06727147847414017,-7.511879920959473,0.03829195350408554,-33.63240051269531,-7.0,7.0,7.1294989585876465,0.6256999969482422,0.30258288979530334,-0.3314206600189209,960
population,23,carpet,33,4025,0.0465698167681694,0.049828022718429565,-7.477471351623535,0.03825367987155914,-34.3141975402832,-7.0,7.0,7.208400249481201,0.4259326457977295,0.27207082509994507,-0.31053099036216736,961
population,23,carpet,34,4025,0.061629969626665115,0.05362571403384209,-7.357995986938477,0.03821545094251633,-34.52997970581055,-7.0,7.0,7.1046905517578125,0.34281185269355774,0.2330433577299118,-0.31687670946121216,962
population,23,carpet,35,4025,0.04615864157676697,0.051343224942684174,-7.265401363372803,0.0381772555410862,-34.64360427856445,-7.0,7.0,7.136868953704834,0.3045988082885742,0.2417081743478775,-0.3180003762245178,963
population,23,carpet,36,4025,0.04269532114267349,0.045080672949552536,-7.364949703216553,0.03813910111784935,-34.609771728515625,-7.0,7.0,7.240454196929932,0.5438205599784851,0.22987106442451477,-0.3239254355430603,964
population,23,carpet,37,4025,0.027296850457787514,0.024228287860751152,-7.563713073730469,0.03810098394751549,-33.66471862792969,-7.0,7.0,7.2767534255981445,0.3679719567298889,0.23815083503723145,-0.3335340917110443,965
population,23,carpet,38,4025,0.074134461581707,0.0938708484172821,-7.616816520690918,0.03806290403008461,-34.71174240112305,-7.0,7.0,7.109135627746582,0.33215102553367615,0.2247919887304306,-0.3456798195838928,966
population,23,carpet,39,4025,0.0544867068529129,0.06668252497911453,-7.312737464904785,0.03802486136555672,-34.00249481201172,-7.0,7.0,7.227224826812744,0.3101451098918915,0.24561282992362976,-0.36030611395835876,967
population,23,carpet,40,4025,0.02036605030298233,0.026474416255950928,-7.481462478637695,0.03798685967922211,-33.77095031738281,-7.0,7.0,7.318614482879639,0.32498523592948914,0.24532319605350494,-0.3601491153240204,968
population,23,carpet,41,4025,0.030292917042970657,0.03700898587703705,-7.5029096603393555,0.03794889524579048,-33.509368896484375,-7.0,7.0,7.154906749725342,0.479757159948349,0.2812867760658264,-0.37856921553611755,969
population,23,carpet,42,4025,0.043758220970630646,0.06587923318147659,-7.5486578941345215,0.03791096806526184,-34.19220733642578,-7.0,7.0,7.209511756896973,0.447014182806015,0.2735239267349243,-0.377571165561676,970
population,23,carpet,43,4025,0.038852106779813766,0.03819790482521057,-7.458258152008057,0.037873078137636185,-34.46870803833008,-7.0,7.0,7.216992378234863,0.4395886957645416,0.291988343000412,-0.3972019553184509,971
population,23,carpet,44,4025,0.02192826010286808,0.0592225044965744,-7.329512596130371,0.03783522546291351,-31.08791160583496,-7.0,7.0,7.228048324584961,0.2919290065765381,0.28231820464134216,-0.42734068632125854,972
population,23,carpet,45,4025,0.02750249393284321,0.02764039672911167,-7.639328956604004,0.037797413766384125,-32.5498161315918,-7.0,7.0,7.26777982711792,0.7181411981582642,0.3375663459300995,-0.4295806586742401,973
population,23,carpet,46,4025,0.058759383857250214,0.09147355705499649,-7.717674732208252,0.03775963932275772,-32.69629669189453,-7.0,7.0,7.246200084686279,0.25223100185394287,0.2792305052280426,-0.4553009569644928,974
population,23,carpet,47,4025,0.023594895377755165,0.02008223347365856,-7.471985340118408,0.037721898406744,-30.982948303222656,-7.0,7.0,7.109446048736572,0.4178706705570221,0.325117826461792,-0.47194617986679077,975
population,23,carpet,48,4025,0.04249996319413185,0.06498746573925018,-7.375603675842285,0.03768419846892357,-30.338254928588867,-7.0,7.0,7.2469892501831055,0.6389287710189819,0.33795592188835144,-0.47371402382850647,976
population,23,carpet,49,4025,0.042211152613162994,0.04669184610247612,-7.428389549255371,0.03764653578400612,-30.272605895996094,-7.0,7.0,7.320585250854492,0.3301234841346741,0.32019761204719543,-0.4748718738555908,977
population,23,carpet,50,4025,0.057964127510786057,0.07086833566427231,-7.6200947761535645,0.03760891035199165,-29.88875961303711,-7.0,7.0,7.149679183959961,0.5086629390716553,0.32996875047683716,-0.4784523844718933,978
individual,24,carpet,1,4200,0.04444235563278198,0.038864392787218094,-7.462115287780762,0.03757132589817047,-31.886314392089844,-7.0,7.0,7.1657795906066895,0.5134934186935425,0.3055371642112732,-0.3886384963989258,979
individual,24,carpet,2,4200,0.02947455644607544,0.04004410281777382,-7.5530805587768555,0.037533774971961975,-32.92682647705078,-7.0,7.0,7.323947906494141,0.4859756827354431,0.2775094509124756,-0.3760882019996643,980
individual,24,carpet,3,4200,0.06864336878061295,0.052207641303539276,-7.663443565368652,0.037496261298656464,-32.54249572753906,-7.0,7.0,7.272542476654053,0.33599480986595154,0.29239416122436523,-0.381434828042984,981
individual,24,carpet,4,4200,0.02453257516026497,0.02948811464011669,-7.650118350982666,0.037458788603544235,-32.08116149902344,-7.0,7.0,7.269214630126953,0.4852962791919708,0.2892954349517822,-0.37598827481269836,982
individual,24,carpet,5,4200,0.04488623887300491,0.03581133112311363,-7.633775234222412,0.03742134943604469,-32.904541015625,-7.0,7.0,7.188108444213867,0.49494388699531555,0.2940122187137604,-0.38893595337867737,983
individual,24,carpet,6,4200,0.020457260310649872,0.018643783405423164,-7.598418235778809,0.037383951246738434,-31.868961334228516,-7.0,7.0,7.342856407165527,0.2965291738510132,0.27674826979637146,-0.38229069113731384,984
individual,24,carpet,7,4200,0.023698512464761734,0.034101348370313644,-7.531593322753906,0.03734658658504486,-31.96639633178711,-7.0,7.0,7.272848129272461,0.563542366027832,0.29545003175735474,-0.3930315375328064,985
individual,24,carpet,8,4200,0.03308315947651863,0.02680148370563984,-7.5420756340026855,0.03730926290154457,-32.39590835571289,-7.0,7.0,7.218070030212402,0.5235307812690735,0.3379851281642914,-0.39906778931617737,986
individual,24,carpet,9,4200,0.02038468047976494,0.02845500223338604,-7.552745342254639,0.037271976470947266,-31.84821891784668,-7.0,7.0,7.374630928039551,0.26668581366539,0.28703898191452026,-0.38273367285728455,987
individual,24,carpet,10,4200,0.03591569885611534,0.03353863209486008,-7.466269493103027,0.037234723567962646,-32.50590133666992,-7.0,7.0,7.301496982574463,0.363736629486084,0.2740134596824646,-0.3991190791130066,988
individual,24,carpet,11,4200,0.03263050690293312,0.031386177986860275,-7.671302795410156,0.03719751164317131,-32.90090560913086,-7.0,7.0,7.337584018707275,0.39813336730003357,0.2967466413974762,-0.3790118396282196,989
individual,24,carpet,12,4200,0.015506558120250702,0.01701393909752369,-7.5683746337890625,0.03716033324599266,-31.761077880859375,-7.0,7.0,7.315180778503418,0.37850716710090637,0.28026968240737915,-0.3810589611530304,990
individual,24,carpet,13,4200,0.03423411771655083,0.03991673141717911,-7.473894119262695,0.037123195827007294,-32.5718994140625,-7.0,7.0,7.287242889404297,0.2859093248844147,0.26356175541877747,-0.3826867640018463,991
individual,24,carpet,14,4200,0.03497275710105896,0.03402097523212433,-7.629915714263916,0.03708609193563461,-32.501094818115234,-7.0,7.0,7.341020584106445,0.37206628918647766,0.29977744817733765,-0.3700796663761139,992
individual,24,carpet,15,4200,0.026654135435819626,0.03246616944670677,-7.674524307250977,0.037049029022455215,-32.884212493896484,-7.0,7.0,7.3454718589782715,0.4184810519218445,0.3081028461456299,-0.3607020974159241,993
individual,24,carpet,16,4200,0.06652713567018509,0.050364188849925995,-7.718025207519531,0.037011999636888504,-32.055458068847656,-7.0,7.0,7.281390190124512,0.5681626796722412,0.3298468291759491,-0.3601609766483307,994
individual,24,carpet,17,4200,0.028662100434303284,0.03407655283808708,-7.523401260375977,0.036975011229515076,-33.81272506713867,-7.0,7.0,7.3719892501831055,0.26733848452568054,0.2531408965587616,-0.35183048248291016,995
individual,24,carpet,18,4200,0.04230881482362747,0.03553972393274307,-7.462620258331299,0.036938056349754333,-33.17387771606445,-7.0,7.0,7.275234222412109,0.3649042248725891,0.26263800263404846,-0.3423449993133545,996
individual,24,carpet,19,4200,0.031472910195589066,0.030962279066443443,-7.595077037811279,0.036901138722896576,-33.13824462890625,-7.0,7.0,7.331320762634277,0.3889094591140747,0.2482328861951828,-0.35384050011634827,997
individual,24,carpet,20,4200,0.04079577326774597,0.04350048676133156,-7.704570293426514,0.0368642583489418,-33.34063720703125,-7.0,7.0,7.376632213592529,0.3920026123523712,0.2512378990650177,-0.3322576880455017,998
individual,24,carpet,21,4200,0.04270266741514206,0.03872112184762955,-7.673556327819824,0.036827415227890015,-34.042503356933594,-7.0,7.0,7.385105609893799,0.3621740937232971,0.22839199006557465,-0.33515697717666626,999
individual,24,carpet,22,4200,0.06550152599811554,0.06669700145721436,-7.687135696411133,0.03679060935974121,-34.68449401855469,-7.0,7.0,7.309347629547119,0.6049598455429077,0.29132503271102905,-0.32780829071998596,1000
individual,24,carpet,23,4200,0.03463450074195862,0.03288605436682701,-7.620027542114258,0.03675384074449539,-34.01875305175781,-7.0,7.0,7.523831844329834,0.34366515278816223,0.2359771579504013,-0.3281596004962921,1001
individual,24,carpet,24,4200,0.03198646754026413,0.026520561426877975,-7.692553520202637,0.03671710565686226,-34.14978790283203,-7.0,7.0,7.462687015533447,0.48791271448135376,0.24142314493656158,-0.3283810615539551,1002
individual,24,carpet,25,4200,0.024067347869277,0.022352587431669235,-7.777833461761475,0.03668041154742241,-33.534454345703125,-7.0,7.0,7.5733208656311035,0.3022499978542328,0.24906519055366516,-0.3256649374961853,1003
individual,24,carpet,26,4200,0.043962445110082626,0.035207945853471756,-7.913815021514893,0.036643750965595245,-35.61037826538086,-7.0,7.0,7.566760540008545,0.38162410259246826,0.24630753695964813,-0.34039291739463806,1004
individual,24,carpet,27,4200,0.06337647885084152,0.06628094613552094,-7.807438850402832,0.036607127636671066,-33.2581901550293,-7.0,7.0,7.318629264831543,0.6667084097862244,0.31043338775634766,-0.36199885606765747,1005
individual,24,carpet,28,4200,0.05070381984114647,0.030152803286910057,-7.46958065032959,0.03657054156064987,-32.94717025756836,-7.0,7.0,7.418079376220703,0.28303712606430054,0.275336891412735,-0.3651890754699707,1006
individual,24,carpet,29,4200,0.05629362910985947,0.05032113194465637,-7.642471790313721,0.03653399273753166,-32.08369445800781,-7.0,7.0,7.446221351623535,0.379627525806427,0.2809869349002838,-0.36948317289352417,1007
individual,24,carpet,30,4200,0.03676929697394371,0.034713003784418106,-7.813061714172363,0.03649748116731644,-33.61322021484375,-7.0,7.0,7.582315444946289,0.30789247155189514,0.24577106535434723,-0.3610210120677948,1008
individual,24,carpet,31,4200,0.07148422300815582,0.03796754404902458,-7.749446868896484,0.0364610031247139,-34.120670318603516,-7.0,7.0,7.4178924560546875,0.35646796226501465,0.2463313788175583,-0.375356525182724,1009
individual,24,carpet,32,4200,0.037518519908189774,0.028439924120903015,-7.539328098297119,0.03642456233501434,-33.52588653564453,-7.0,7.0,7.30112361907959,0.4886690378189087,0.3136809170246124,-0.38519707322120667,1010
individual,24,carpet,33,4200,0.06590073555707932,0.03226189315319061,-7.471332550048828,0.03638815879821777,-32.60208511352539,-7.0,7.0,7.345622539520264,0.4018300175666809,0.3188784718513489,-0.3970509171485901,1011
individual,24,carpet,34,4200,0.03561057895421982,0.03492870554327965,-7.678802490234375,0.03635179251432419,-32.743377685546875,-7.0,7.0,7.426579475402832,0.41943565011024475,0.34040623903274536,-0.4063709080219269,1012
individual,24,carpet,35,4200,0.08649992942810059,0.06686529517173767,-7.898447036743164,0.03631545975804329,-32.70974349975586,-7.0,7.0,7.500952243804932,0.34625503420829773,0.24873027205467224,-0.3945537209510803,1013
individual,24,carpet,36,4200,0.02113357186317444,0.022309621796011925,-7.760657787322998,0.03627916797995567,-34.4716682434082,-7.0,7.0,7.541522026062012,0.3297269344329834,0.23220983147621155,-0.39162397384643555,1014
individual,24,carpet,37,4200,0.035910654813051224,0.029288802295923233,-7.559037208557129,0.03624290972948074,-32.79353332519531,-7.0,7.0,7.333476543426514,0.4552970826625824,0.2551710307598114,-0.3854995369911194,1015
individual,24,carpet,38,4200,0.034875888377428055,0.03134016692638397,-7.654642581939697,0.0362066850066185,-33.76656723022461,-7.0,7.0,7.3885817527771,0.4661824107170105,0.27426213026046753,-0.3895881772041321,1016
individual,24,carpet,39,4200,0.030474714934825897,0.02320243790745735,-7.743575096130371,0.03617050126194954,-32.4500732421875,-7.0,7.0,7.40457820892334,0.4593968093395233,0.2540642023086548,-0.3987897038459778,1017
individual,24,carpet,40,4200,0.035174742341041565,0.03009326569736004,-7.77252197265625,0.036134351044893265,-33.71562957763672,-7.0,7.0,7.5462541580200195,0.34595417976379395,0.2164362370967865,-0.4080568253993988,1018
individual,24,carpet,41,4200,0.02706008404493332,0.023593952879309654,-7.854239463806152,0.036098238080739975,-33.11115646362305,-7.0,7.0,7.6450395584106445,0.43695464730262756,0.24892182648181915,-0.39243048429489136,1019
individual,24,carpet,42,4200,0.02391939051449299,0.024061031639575958,-7.777620792388916,0.03606215864419937,-33.579124450683594,-7.0,7.0,7.483310222625732,0.45953088998794556,0.23746050894260406,-0.39892837405204773,1020
individual,24,carpet,43,4200,0.042821455746889114,0.040182121098041534,-7.673159122467041,0.03602611646056175,-33.4272346496582,-7.0,7.0,7.5012288093566895,0.5003859996795654,0.2572791576385498,-0.40887150168418884,1021
individual,24,carpet,44,4200,0.05060480535030365,0.054643046110868454,-7.708615779876709,0.03599011152982712,-34.879215240478516,-7.0,7.0,7.481536388397217,0.45848914980888367,0.24437622725963593,-0.40866929292678833,1022
individual,24,carpet,45,4200,0.056941524147987366,0.06379582732915878,-7.974003314971924,0.03595414385199547,-33.10083770751953,-7.0,7.0,7.553689002990723,0.3326973021030426,0.23873019218444824,-0.41527193784713745,1023
individual,24,carpet,46,4200,0.0249214805662632,0.0222320593893528,-7.810432434082031,0.035918209701776505,-34.00508117675781,-7.0,7.0,7.543530464172363,0.3973085582256317,0.2550448179244995,-0.41807207465171814,1024
individual,24,carpet,47,4200,0.04428955540060997,0.04278944432735443,-7.650061130523682,0.035882312804460526,-31.889118194580078,-7.0,7.0,7.4328718185424805,0.4991284906864166,0.3264802396297455,-0.4268931746482849,1025
individual,24,carpet,48,4200,0.05738741159439087,0.04040547460317612,-7.6232428550720215,0.03584644943475723,-33.35615539550781,-7.0,7.0,7.485478401184082,0.5259369611740112,0.2782113552093506,-0.42399996519088745,1026
individual,24,carpet,49,4200,0.04000752419233322,0.04986952245235443,-7.946235179901123,0.035810623317956924,-33.22783660888672,-7.0,7.0,7.499222278594971,0.47614380717277527,0.24768634140491486,-0.41008296608924866,1027
individual,24,carpet,50,4200,0.04029576852917671,0.02928774803876877,-7.9932427406311035,0.0357748344540596,-32.8942985534668,-7.0,7.0,7.657846450805664,0.4973497986793518,0.29218125343322754,-0.41701290011405945,1028
population,24,carpet,1,4200,0.03462763503193855,0.034159786999225616,-7.644709587097168,0.03757132589817047,-31.107711791992188,-7.0,7.0,7.323695182800293,0.5413399338722229,0.31436046957969666,-0.4741053283214569,979
population,24,carpet,2,4200,0.033128611743450165,0.04175494611263275,-7.466271877288818,0.037533774971961975,-30.064716339111328,-7.0,7.0,7.329125881195068,0.4447534680366516,0.30418840050697327,-0.4792254567146301,980
population,24,carpet,3,4200,0.038626961410045624,0.05200265720486641,-7.486550807952881,0.037496261298656464,-31.424997329711914,-7.0,7.0,7.389279842376709,0.3702186942100525,0.2893962860107422,-0.4542546570301056,981
population,24,carpet,4,4200,0.03740600124001503,0.04103803262114525,-7.6831955909729,0.037458788603544235,-31.943950653076172,-7.0,7.0,7.281224727630615,0.5057129263877869,0.28915268182754517,-0.4349953532218933,982
population,24,carpet,5,4200,0.04769390448927879,0.0703805536031723,-7.72205924987793,0.03742134943604469,-31.328821182250977,-7.0,7.0,7.214084625244141,0.46024560928344727,0.2979406416416168,-0.4149923324584961,983
population,24,carpet,6,4200,0.04221569001674652,0.03682641312479973,-7.475955963134766,0.037383951246738434,-32.815330505371094,-7.0,7.0,7.386289596557617,0.39516136050224304,0.2719215452671051,-0.39283204078674316,984
population,24,carpet,7,4200,0.09524531662464142,0.11010575294494629,-7.3619160652160645,0.03734658658504486,-33.29838562011719,-7.0,7.0,7.40126371383667,0.4151301085948944,0.23138026893138885,-0.3791936933994293,985
population,24,carpet,8,4200,0.060318756848573685,0.03626060485839844,-7.606217384338379,0.03730926290154457,-34.94956970214844,-7.0,7.0,7.322284698486328,0.4292713701725006,0.24402359127998352,-0.35462716221809387,986
population,24,carpet,9,4200,0.06335494667291641,0.09832487255334854,-7.765934944152832,0.037271976470947266,-33.55033874511719,-7.0,7.0,7.273873329162598,0.32035940885543823,0.24253498017787933,-0.35167956352233887,987
population,24,carpet,10,4200,0.039821870625019073,0.03471430018544197,-7.591390609741211,0.037234723567962646,-35.39400100708008,-7.0,7.0,7.454289436340332,0.3982069194316864,0.2348964363336563,-0.33914756774902344,988
population,24,carpet,11,4200,0.10669589042663574,0.12363915145397186,-7.318560600280762,0.03719751164317131,-33.2252082824707,-7.0,7.0,7.30501651763916,0.5290468335151672,0.24612031877040863,-0.34848856925964355,989
population,24,carpet,12,4200,0.036302343010902405,0.04402530565857887,-7.556591033935547,0.03716033324599266,-34.477439880371094,-7.0,7.0,7.3067803382873535,0.496160626411438,0.2588237226009369,-0.33810511231422424,990
population,24,carpet,13,4200,0.08037208020687103,0.08176787942647934,-7.864187717437744,0.037123195827007294,-34.325801849365234,-7.0,7.0,7.4154510498046875,0.33506760001182556,0.2372266948223114,-0.32887014746665955,991
population,24,carpet,14,4200,0.03371310234069824,0.05347847938537598,-7.731644630432129,0.03708609193563461,-33.079246520996094,-7.0,7.0,7.3983564376831055,0.5046065449714661,0.24969753623008728,-0.3320552706718445,992
population,24,carpet,15,4200,0.027062145993113518,0.02697012759745121,-7.6001410484313965,0.037049029022455215,-34.486473083496094,-7.0,7.0,7.429342269897461,0.2863745093345642,0.20989251136779785,-0.3278296887874603,993
population,24,carpet,16,4200,0.05195017158985138,0.09467396140098572,-7.349139213562012,0.037011999636888504,-34.798072814941406,-7.0,7.0,7.224376201629639,0.7679470777511597,0.2589395344257355,-0.32962489128112793,994
population,24,carpet,17,4200,0.03321126103401184,0.04689702019095421,-7.551796913146973,0.036975011229515076,-33.6832275390625,-7.0,7.0,7.405883312225342,0.6089865565299988,0.25489550828933716,-0.3326331079006195,995
population,24,carpet,18,4200,0.06306096166372299,0.10295607149600983,-7.897782325744629,0.036938056349754333,-34.250030517578125,-7.0,7.0,7.3490166664123535,0.47623875737190247,0.23907363414764404,-0.33216193318367004,996
population,24,carpet,19,4200,0.02865622565150261,0.03155332803726196,-7.7717204093933105,0.036901138722896576,-32.797916412353516,-7.0,7.0,7.4838056564331055,0.36021238565444946,0.26401254534721375,-0.34185001254081726,997
population,24,carpet,20,4200,0.03350848704576492,0.04216780886054039,-7.53610372543335,0.0368642583489418,-33.44396209716797,-7.0,7.0,7.434256553649902,0.44673454761505127,0.25380176305770874,-0.34187808632850647,998
population,24,carpet,21,4200,0.01937573403120041,0.028084982186555862,-7.666081428527832,0.036827415227890015,-35.070404052734375,-7.0,7.0,7.416916847229004,0.40576720237731934,0.26349538564682007,-0.3532191812992096,999
population,24,carpet,22,4200,0.0447177030146122,0.035186730325222015,-7.8193678855896,0.03679060935974121,-34.745697021484375,-7.0,7.0,7.526578903198242,0.3185729384422302,0.2311430424451828,-0.35443803668022156,1000
population,24,carpet,23,4200,0.03022034280002117,0.03870300576090813,-7.704845428466797,0.03675384074449539,-33.77988052368164,-7.0,7.0,7.469275951385498,0.4046837091445923,0.2585580050945282,-0.3598756194114685,1001
population,24,carpet,24,4200,0.03969829902052879,0.028494320809841156,-7.647333145141602,0.03671710565686226,-33.4565544128418,-7.0,7.0,7.4167938232421875,0.5096562504768372,0.25741082429885864,-0.3684082627296448,1002
population,24,carpet,25,4200,0.048154398798942566,0.0709758922457695,-7.598884582519531,0.03668041154742241,-34.42302703857422,-7.0,7.0,7.443803787231445,0.34809961915016174,0.23619447648525238,-0.3683982491493225,1003
population,24,carpet,26,4200,0.03552458435297012,0.026316670700907707,-7.765074253082275,0.036643750965595245,-32.463661193847656,-7.0,7.0,7.486346244812012,0.5532086491584778,0.2782873213291168,-0.37945494055747986,1004
population,24,carpet,27,4200,0.0259853545576334,0.05357527360320091,-7.805271148681641,0.036607127636671066,-32.61634063720703,-7.0,7.0,7.4243669509887695,0.46395403146743774,0.26878494024276733,-0.3921062648296356,1005
population,24,carpet,28,4200,0.03475124388933182,0.030642414465546608,-7.690786361694336,0.03657054156064987,-33.426998138427734,-7.0,7.0,7.476068019866943,0.3635329306125641,0.24207614362239838,-0.38186022639274597,1006
population,24,carpet,29,4200,0.032238688319921494,0.04347022622823715,-7.62087345123291,0.03653399273753166,-33.443336486816406,-7.0,7.0,7.55805778503418,0.34014979004859924,0.24631854891777039,-0.38445523381233215,1007
population,24,carpet,30,4200,0.034169476479291916,0.040524810552597046,-7.64634370803833,0.03649748116731644,-32.56525421142578,-7.0,7.0,7.354806900024414,0.6674195528030396,0.2962155342102051,-0.3945639133453369,1008
population,24,carpet,31,4200,0.03167414665222168,0.035538651049137115,-7.75037956237793,0.0364610031247139,-32.48796844482422,-7.0,7.0,7.26986837387085,0.5333422422409058,0.3071560561656952,-0.39483779668807983,1009
population,24,carpet,32,4200,0.02309967204928398,0.03376953303813934,-7.780512809753418,0.03642456233501434,-33.96200942993164,-7.0,7.0,7.486652374267578,0.46152371168136597,0.2683447301387787,-0.3999640941619873,1010
population,24,carpet,33,4200,0.06717027723789215,0.06401461362838745,-7.676356792449951,0.03638815879821777,-32.7491455078125,-7.0,7.0,7.500765800476074,0.43948134779930115,0.263405442237854,-0.3959769308567047,1011
population,24,carpet,34,4200,0.018327977508306503,0.04491642117500305,-7.695923805236816,0.03635179251432419,-32.01463317871094,-7.0,7.0,7.510534763336182,0.5230953693389893,0.29369738698005676,-0.4152405560016632,1012
population,24,carpet,35,4200,0.02795517072081566,0.02161870151758194,-7.8403730392456055,0.03631545975804329,-33.12816619873047,-7.0,7.0,7.646877288818359,0.2697022557258606,0.25815123319625854,-0.41991111636161804,1013
population,24,carpet,36,4200,0.04463871568441391,0.10061592608690262,-8.000659942626953,0.03627916797995567,-30.858261108398438,-7.0,7.0,7.515247344970703,0.5345309972763062,0.3185662627220154,-0.43670353293418884,1014
population,24,carpet,37,4200,0.04216022416949272,0.031372543424367905,-7.793658256530762,0.03624290972948074,-32.135311126708984,-7.0,7.0,7.570272922515869,0.438102126121521,0.30674979090690613,-0.42162826657295227,1015
population,24,carpet,38,4200,0.07806417346000671,0.120069719851017,-7.59726619720459,0.0362066850066185,-31.93545913696289,-7.0,7.0,7.347867488861084,0.6789557337760925,0.3106209337711334,-0.4289295971393585,1016
population,24,carpet,39,4200,0.03765968605875969,0.020080365240573883,-7.791407585144043,0.03617050126194954,-32.76628112792969,-7.0,7.0,7.558743476867676,0.4119275212287903,0.2929767072200775,-0.41416797041893005,1017
population,24,carpet,40,4200,0.04484926164150238,0.06727238744497299,-7.887587070465088,0.036134351044893265,-32.41582107543945,-7.0,7.0,7.546178340911865,0.5215318202972412,0.30037805438041687,-0.4192734360694885,1018
population,24,carpet,41,4200,0.04670986533164978,0.04450956732034683,-7.848090648651123,0.036098238080739975,-33.23976135253906,-7.0,7.0,7.665644645690918,0.3717025816440582,0.30155929923057556,-0.4255622327327728,1019
population,24,carpet,42,4200,0.02881089597940445,0.03875075653195381,-7.904872894287109,0.03606215864419937,-32.455780029296875,-7.0,7.0,7.804995536804199,0.35919085144996643,0.3011416792869568,-0.42129358649253845,1020
population,24,carpet,43,4200,0.03660222515463829,0.051084745675325394,-7.848017692565918,0.03602611646056175,-31.956565856933594,-7.0,7.0,7.759856224060059,0.34440359473228455,0.308929979801178,-0.41363462805747986,1021
population,24,carpet,44,4200,0.06339068710803986,0.06259563565254211,-8.033783912658691,0.03599011152982712,-32.71248245239258,-7.0,7.0,7.647782802581787,0.4673621654510498,0.33117780089378357,-0.4046187102794647,1022
population,24,carpet,45,4200,0.041839081794023514,0.04232250154018402,-7.732178688049316,0.03595414385199547,-31.660852432250977,-7.0,7.0,7.609036922454834,0.3750012218952179,0.30298954248428345,-0.4090500771999359,1023
population,24,carpet,46,4200,0.04490748047828674,0.030473526567220688,-7.78176736831665,0.035918209701776505,-33.19111251831055,-7.0,7.0,7.617365837097168,0.48362836241722107,0.3163521885871887,-0.4062471389770508,1024
population,24,carpet,47,4200,0.018988989293575287,0.035573866218328476,-7.827786445617676,0.035882312804460526,-32.91970443725586,-7.0,7.0,7.686715126037598,0.32967206835746765,0.30475732684135437,-0.40172168612480164,1025
population,24,carpet,48,4200,0.04822584241628647,0.029100464656949043,-7.955069065093994,0.03584644943475723,-33.62944030761719,-7.0,7.0,7.692386150360107,0.28415796160697937,0.33102864027023315,-0.4047624468803406,1026
population,24,carpet,49,4200,0.03386867791414261,0.042494356632232666,-7.887665748596191,0.035810623317956924,-32.43630599975586,-7.0,7.0,7.574328422546387,0.4473177492618561,0.3476317822933197,-0.4138847887516022,1027
population,24,carpet,50,4200,0.020181335508823395,0.027111928910017014,-7.803085803985596,0.0357748344540596,-32.550445556640625,-7.0,7.0,7.632917404174805,0.3388063311576843,0.3240576684474945,-0.4062814712524414,1028
individual,25,carpet,1,4375,0.035750534385442734,0.033162038773298264,-7.932848930358887,0.03573907911777496,-33.40715789794922,-7.0,7.0,7.657686710357666,0.38451194763183594,0.24744166433811188,-0.3954770267009735,1029
individual,25,carpet,2,4375,0.07439108937978745,0.05301564186811447,-7.823513031005859,0.03570336103439331,-34.806739807128906,-7.0,7.0,7.61745023727417,0.48797956109046936,0.2767338156700134,-0.40194469690322876,1030
individual,25,carpet,3,4375,0.02670179307460785,0.02961331605911255,-7.927080154418945,0.035667676478624344,-33.10048294067383,-7.0,7.0,7.604991912841797,0.44015994668006897,0.25564631819725037,-0.41730067133903503,1031
individual,25,carpet,4,4375,0.03524965047836304,0.023256976157426834,-7.80387544631958,0.03563202917575836,-34.631099700927734,-7.0,7.0,7.55305814743042,0.5394879579544067,0.23737455904483795,-0.3976428210735321,1032
individual,25,carpet,5,4375,0.03311865031719208,0.031113380566239357,-7.919638156890869,0.035596419125795364,-34.5264892578125,-7.0,7.0,7.732917785644531,0.4610143303871155,0.24835896492004395,-0.3963196873664856,1033
individual,25,carpet,6,4375,0.01932545006275177,0.02111194282770157,-7.853710651397705,0.03556084260344505,-34.85209655761719,-7.0,7.0,7.525219917297363,0.34962645173072815,0.2603575885295868,-0.38385269045829773,1034
individual,25,carpet,7,4375,0.04390502721071243,0.040623392909765244,-7.94927978515625,0.035525303333997726,-31.959854125976562,-7.0,7.0,7.651085376739502,0.4903102517127991,0.31853988766670227,-0.3951558470726013,1035
individual,25,carpet,8,4375,0.028694044798612595,0.029969261959195137,-7.932873725891113,0.035489797592163086,-34.53512954711914,-7.0,7.0,7.687349319458008,0.4407896101474762,0.2674693465232849,-0.3857758939266205,1036
individual,25,carpet,9,4375,0.023591192439198494,0.020147332921624184,-7.959411144256592,0.03545432910323143,-34.230674743652344,-7.0,7.0,7.632408142089844,0.4389190077781677,0.2741928994655609,-0.39569100737571716,1037
individual,25,carpet,10,4375,0.020781517028808594,0.020508386194705963,-7.94100284576416,0.03541889414191246,-32.95022964477539,-7.0,7.0,7.708949565887451,0.18815110623836517,0.22082550823688507,-0.3800720274448395,1038
individual,25,carpet,11,4375,0.044436100870370865,0.034768782556056976,-7.965581893920898,0.035383496433496475,-33.65708541870117,-7.0,7.0,7.717308044433594,0.33977261185646057,0.26941317319869995,-0.38535287976264954,1039
individual,25,carpet,12,4375,0.04917047545313835,0.03711734712123871,-7.980166435241699,0.035348132252693176,-34.99656677246094,-7.0,7.0,7.621577739715576,0.3826296925544739,0.28982704877853394,-0.39313581585884094,1040
individual,25,carpet,13,4375,0.033493418246507645,0.04607827961444855,-7.985825061798096,0.03531280532479286,-32.43748474121094,-7.0,7.0,7.746535778045654,0.4279939830303192,0.2933681011199951,-0.38806214928627014,1041
individual,25,carpet,14,4375,0.04219038784503937,0.02834603376686573,-7.818448543548584,0.035277511924505234,-35.01929473876953,-7.0,7.0,7.620487213134766,0.5329357981681824,0.26768967509269714,-0.40473127365112305,1042
individual,25,carpet,15,4375,0.028728529810905457,0.02175828628242016,-8.021429061889648,0.03524225205183029,-33.18822479248047,-7.0,7.0,7.812377452850342,0.44562309980392456,0.2816702127456665,-0.39871665835380554,1043
individual,25,carpet,16,4375,0.03903515264391899,0.02490614540874958,-8.116215705871582,0.03520703315734863,-35.215301513671875,-7.0,7.0,7.780379772186279,0.37334486842155457,0.2575157880783081,-0.41343268752098083,1044
individual,25,carpet,17,4375,0.03727428615093231,0.026773573830723763,-8.163290023803711,0.03517184406518936,-33.088356018066406,-7.0,7.0,7.71793270111084,0.6468407511711121,0.34172365069389343,-0.42272353172302246,1045
individual,25,carpet,18,4375,0.028100084513425827,0.02640414796769619,-7.963715076446533,0.035136692225933075,-33.511199951171875,-7.0,7.0,7.851669788360596,0.3782218098640442,0.23853208124637604,-0.42132043838500977,1046
individual,25,carpet,19,4375,0.025445811450481415,0.016141412779688835,-7.946690559387207,0.03510157763957977,-33.074432373046875,-7.0,7.0,7.737536430358887,0.4094007611274719,0.2741544246673584,-0.44537633657455444,1047
individual,25,carpet,20,4375,0.04933786764740944,0.041899241507053375,-8.039031028747559,0.03506649658083916,-31.482921600341797,-7.0,7.0,7.6840057373046875,0.5942217111587524,0.34270569682121277,-0.4444778263568878,1048
individual,25,carpet,21,4375,0.058110903948545456,0.027257397770881653,-8.069644927978516,0.03503144904971123,-34.78093719482422,-7.0,7.0,7.764410495758057,0.4007086455821991,0.24422962963581085,-0.4562395513057709,1049
individual,25,carpet,22,4375,0.021162092685699463,0.019940558820962906,-7.97032356262207,0.03499643877148628,-33.44746780395508,-7.0,7.0,7.869740009307861,0.2983516752719879,0.2522314786911011,-0.44387000799179077,1050
individual,25,carpet,23,4375,0.03297054395079613,0.011569058522582054,-7.923863410949707,0.03496146202087402,-30.54715347290039,-7.0,7.0,7.718423366546631,0.514343798160553,0.31337791681289673,-0.4584944546222687,1051
individual,25,carpet,24,4375,0.027576591819524765,0.033529892563819885,-8.114726066589355,0.03492651879787445,-32.3157844543457,-7.0,7.0,7.787365913391113,0.4646468460559845,0.27944305539131165,-0.4624246656894684,1052
individual,25,carpet,25,4375,0.039034828543663025,0.02071678824722767,-8.033563613891602,0.03489161282777786,-33.317161560058594,-7.0,7.0,7.824183940887451,0.39346662163734436,0.2836121916770935,-0.4576888978481293,1053
individual,25,carpet,26,4375,0.0290119219571352,0.035070475190877914,-7.89606237411499,0.03485674038529396,-32.044918060302734,-7.0,7.0,7.777037143707275,0.3438663184642792,0.26743006706237793,-0.4571693241596222,1054
individual,25,carpet,27,4375,0.03742332383990288,0.03138159215450287,-7.938323020935059,0.03482190519571304,-32.38904571533203,-7.0,7.0,7.838709354400635,0.26153162121772766,0.2796792984008789,-0.4631522595882416,1055
individual,25,carpet,28,4375,0.027249421924352646,0.053731366991996765,-8.218159675598145,0.03478710353374481,-33.60301208496094,-7.0,7.0,7.866471290588379,0.35898080468177795,0.2676261067390442,-0.44743162393569946,1056
individual,25,carpet,29,4375,0.039459358900785446,0.028850626200437546,-8.149226188659668,0.03475233539938927,-32.45539855957031,-7.0,7.0,7.91572904586792,0.27991217374801636,0.2522699236869812,-0.4540073275566101,1057
individual,25,carpet,30,4375,0.03453908488154411,0.061698704957962036,-7.866896152496338,0.03471760079264641,-32.40974807739258,-7.0,7.0,7.757941722869873,0.47221463918685913,0.25710371136665344,-0.4439726173877716,1058
individual,25,carpet,31,4375,0.07022011280059814,0.046617504209280014,-7.994686126708984,0.034682903438806534,-32.858890533447266,-7.0,7.0,7.841841220855713,0.5813066363334656,0.27290669083595276,-0.4444027841091156,1059
individual,25,carpet,32,4375,0.024041322991251945,0.05188869312405586,-8.298343658447266,0.034648243337869644,-33.37676239013672,-7.0,7.0,7.910316467285156,0.5958163738250732,0.2813792824745178,-0.4367239475250244,1060
individual,25,carpet,33,4375,0.057311560958623886,0.03931044042110443,-8.275171279907227,0.03461361303925514,-32.12630844116211,-7.0,7.0,7.882189750671387,0.33657538890838623,0.2827673852443695,-0.42423251271247864,1061
individual,25,carpet,34,4375,0.0391431488096714,0.05227441340684891,-7.923926830291748,0.034579019993543625,-33.60924530029297,-7.0,7.0,7.798558235168457,0.42610540986061096,0.26601478457450867,-0.42967692017555237,1062
individual,25,carpet,35,4375,0.08296871185302734,0.06998179852962494,-7.896430015563965,0.034544460475444794,-33.681610107421875,-7.0,7.0,7.8988447189331055,0.25932180881500244,0.25712892413139343,-0.42349478602409363,1063
individual,25,carpet,36,4375,0.031207693740725517,0.057492904365062714,-8.216197967529297,0.03450993448495865,-33.28502655029297,-7.0,7.0,7.8066253662109375,0.4912310540676117,0.29089921712875366,-0.41740530729293823,1064
individual,25,carpet,37,4375,0.052948471158742905,0.055391475558280945,-8.314037322998047,0.03447544574737549,-34.185691833496094,-7.0,7.0,7.933635711669922,0.3580358028411865,0.23895232379436493,-0.4127006232738495,1065
individual,25,carpet,38,4375,0.055111102759838104,0.08661527186632156,-8.069573402404785,0.034440990537405014,-34.0916748046875,-7.0,7.0,7.949926376342773,0.5587998628616333,0.295748233795166,-0.42310985922813416,1066
individual,25,carpet,39,4375,0.07050879299640656,0.07132553309202194,-8.001015663146973,0.034406568855047226,-33.92034912109375,-7.0,7.0,7.880290985107422,0.5336471199989319,0.27690044045448303,-0.412021666765213,1067
individual,25,carpet,40,4375,0.02451210841536522,0.03396850451827049,-8.1389741897583,0.034372180700302124,-33.542762756347656,-7.0,7.0,7.856972694396973,0.34778448939323425,0.284614622592926,-0.4240662157535553,1068
individual,25,carpet,41,4375,0.037069253623485565,0.05941145867109299,-8.273441314697266,0.03433782979846001,-33.86064910888672,-7.0,7.0,7.883420944213867,0.38151809573173523,0.26086804270744324,-0.4308909773826599,1069
individual,25,carpet,42,4375,0.03903398662805557,0.05748400092124939,-8.14639663696289,0.034303512424230576,-32.008155822753906,-7.0,7.0,8.087849617004395,0.380977064371109,0.3333160877227783,-0.4265787899494171,1070
individual,25,carpet,43,4375,0.021936222910881042,0.021193232387304306,-8.03534984588623,0.03426922857761383,-32.60771560668945,-7.0,7.0,7.74288272857666,0.4646853804588318,0.29895681142807007,-0.4300447106361389,1071
individual,25,carpet,44,4375,0.023940788581967354,0.025174934417009354,-8.215517044067383,0.03423497825860977,-32.604434967041016,-7.0,7.0,7.906414031982422,0.5075038075447083,0.3475968539714813,-0.4218466579914093,1072
individual,25,carpet,45,4375,0.023465313017368317,0.021344546228647232,-8.148756980895996,0.0342007614672184,-32.86824035644531,-7.0,7.0,7.912757873535156,0.3711448907852173,0.3454318940639496,-0.43098777532577515,1073
individual,25,carpet,46,4375,0.035799626260995865,0.02372024767100811,-8.157684326171875,0.03416658192873001,-33.76886749267578,-7.0,7.0,7.885316848754883,0.3821130096912384,0.2847992777824402,-0.4331654906272888,1074
individual,25,carpet,47,4375,0.031039990484714508,0.0270652137696743,-8.141186714172363,0.03413243219256401,-32.53498077392578,-7.0,7.0,7.935669422149658,0.3525446951389313,0.2867453396320343,-0.42429450154304504,1075
individual,25,carpet,48,4375,0.040909573435783386,0.04661831259727478,-8.049266815185547,0.034098319709300995,-34.478431701660156,-7.0,7.0,7.892449378967285,0.30308952927589417,0.2630574107170105,-0.42536455392837524,1076
individual,25,carpet,49,4375,0.023751266300678253,0.03013077937066555,-8.250277519226074,0.034064240753650665,-33.513179779052734,-7.0,7.0,8.005147933959961,0.35910123586654663,0.3087300956249237,-0.4253048300743103,1077
individual,25,carpet,50,4375,0.02343333140015602,0.025378728285431862,-8.18066692352295,0.03403019905090332,-33.95368576049805,-7.0,7.0,7.925703048706055,0.3751344680786133,0.24782495200634003,-0.42644163966178894,1078
population,25,carpet,1,4375,0.03724534064531326,0.05755975842475891,-7.760570526123047,0.03573907911777496,-35.39057540893555,-7.0,7.0,7.7698845863342285,0.4312244653701782,0.26728108525276184,-0.3944217264652252,1029
population,25,carpet,2,4375,0.03489897400140762,0.07218945026397705,-7.805879592895508,0.03570336103439331,-31.979387283325195,-7.0,7.0,7.607057571411133,0.5649853944778442,0.3361840546131134,-0.3903787434101105,1030
population,25,carpet,3,4375,0.12390375137329102,0.106831394135952,-8.223674774169922,0.035667676478624344,-32.95168685913086,-7.0,7.0,7.5656867027282715,0.7707464098930359,0.3169080317020416,-0.3949028551578522,1031
population,25,carpet,4,4375,0.027413394302129745,0.036416810005903244,-7.939499378204346,0.03563202917575836,-33.72764587402344,-7.0,7.0,7.799461841583252,0.25076669454574585,0.2760316729545593,-0.37763339281082153,1032
population,25,carpet,5,4375,0.08771175146102905,0.057355910539627075,-7.758664608001709,0.035596419125795364,-32.845462799072266,-7.0,7.0,7.688663959503174,0.4941878616809845,0.3021908700466156,-0.3864353597164154,1033
population,25,carpet,6,4375,0.029421275481581688,0.07014773786067963,-7.815512657165527,0.03556084260344505,-33.479042053222656,-7.0,7.0,7.7472758293151855,0.5269370079040527,0.3196273446083069,-0.3789897561073303,1034
population,25,carpet,7,4375,0.09790228307247162,0.05794049799442291,-8.225252151489258,0.035525303333997726,-34.194854736328125,-7.0,7.0,7.752429485321045,0.3889088034629822,0.3188336491584778,-0.37764742970466614,1035
population,25,carpet,8,4375,0.048451781272888184,0.08826854079961777,-8.025906562805176,0.035489797592163086,-33.612239837646484,-7.0,7.0,7.6685614585876465,0.2903943657875061,0.2992282509803772,-0.3830533027648926,1036
population,25,carpet,9,4375,0.10519799590110779,0.04343079403042793,-7.696778297424316,0.03545432910323143,-32.45286560058594,-7.0,7.0,7.6329545974731445,0.4459085464477539,0.3128286898136139,-0.3792634606361389,1037
population,25,carpet,10,4375,0.0908045619726181,0.08655732870101929,-7.793403625488281,0.03541889414191246,-33.03700256347656,-7.0,7.0,7.704902172088623,0.42303210496902466,0.30653950572013855,-0.3905302584171295,1038
population,25,carpet,11,4375,0.14551416039466858,0.06569594144821167,-8.076866149902344,0.035383496433496475,-32.7221794128418,-7.0,7.0,7.640433311462402,0.5125045776367188,0.35891029238700867,-0.38262978196144104,1039
population,25,carpet,12,4375,0.06132902204990387,0.046037208288908005,-8.14706039428711,0.035348132252693176,-32.38816833496094,-7.0,7.0,7.75563383102417,0.5821746587753296,0.3184930980205536,-0.39015504717826843,1040
population,25,carpet,13,4375,0.11360079795122147,0.039424944669008255,-7.6788740158081055,0.03531280532479286,-33.63954162597656,-7.0,7.0,7.6637115478515625,0.5277370810508728,0.30660220980644226,-0.38394197821617126,1041
population,25,carpet,14,4375,0.0636366605758667,0.026618409901857376,-7.926292419433594,0.035277511924505234,-33.354393005371094,-7.0,7.0,7.752224445343018,0.5824676752090454,0.3153083920478821,-0.3881690800189972,1042
population,25,carpet,15,4375,0.11378897726535797,0.0494348518550396,-8.05992317199707,0.03524225205183029,-32.40043640136719,-7.0,7.0,7.720837593078613,0.4097411334514618,0.31661418080329895,-0.3894107937812805,1043
population,25,carpet,16,4375,0.04570990428328514,0.024482259526848793,-8.132987976074219,0.03520703315734863,-32.3471565246582,-7.0,7.0,7.927658557891846,0.3987610936164856,0.35102537274360657,-0.38524311780929565,1044
population,25,carpet,17,4375,0.05253977328538895,0.02635125070810318,-7.8961405754089355,0.03517184406518936,-33.0465202331543,-7.0,7.0,7.779397487640381,0.3945842385292053,0.2917536199092865,-0.3755865693092346,1045
population,25,carpet,18,4375,0.0729280412197113,0.03672582656145096,-7.946724891662598,0.035136692225933075,-32.02737045288086,-7.0,7.0,7.995943546295166,0.39005714654922485,0.3163640797138214,-0.37346503138542175,1046
population,25,carpet,19,4375,0.048114798963069916,0.038366492837667465,-8.213186264038086,0.03510157763957977,-34.86821746826172,-7.0,7.0,7.90552282333374,0.4744519293308258,0.2938516438007355,-0.37029436230659485,1047
population,25,carpet,20,4375,0.11762996762990952,0.05542749911546707,-8.183487892150879,0.03506649658083916,-32.36427307128906,-7.0,7.0,7.76598596572876,0.47823190689086914,0.3325972855091095,-0.3731541037559509,1048
population,25,carpet,21,4375,0.07828420400619507,0.05501185730099678,-7.9264960289001465,0.03503144904971123,-33.586952209472656,-7.0,7.0,7.905113220214844,0.2914220988750458,0.2557244300842285,-0.36789098381996155,1049
population,25,carpet,22,4375,0.039613477885723114,0.02654445916414261,-7.883128643035889,0.03499643877148628,-33.56865310668945,-7.0,7.0,7.70058536529541,0.47224220633506775,0.3134840428829193,-0.36718422174453735,1050
population,25,carpet,23,4375,0.025493649765849113,0.028166964650154114,-8.030303955078125,0.03496146202087402,-34.174522399902344,-7.0,7.0,7.788202285766602,0.33544543385505676,0.28667038679122925,-0.35914769768714905,1051
population,25,carpet,24,4375,0.0673740953207016,0.03573162108659744,-8.162542343139648,0.03492651879787445,-35.596649169921875,-7.0,7.0,7.8721723556518555,0.4959094226360321,0.294656902551651,-0.36053594946861267,1052
population,25,carpet,25,4375,0.03564158082008362,0.017421267926692963,-8.095693588256836,0.03489161282777786,-33.73440933227539,-7.0,7.0,7.813621520996094,0.3743639886379242,0.2739500403404236,-0.3628096580505371,1053
population,25,carpet,26,4375,0.04499402642250061,0.03400757536292076,-7.936722755432129,0.03485674038529396,-34.980289459228516,-7.0,7.0,7.802797317504883,0.44720524549484253,0.280152827501297,-0.3681812882423401,1054
population,25,carpet,27,4375,0.0490177720785141,0.022174369543790817,-7.973243713378906,0.03482190519571304,-33.74961471557617,-7.0,7.0,7.837003231048584,0.3876778483390808,0.2814747989177704,-0.376950204372406,1055
population,25,carpet,28,4375,0.022975265979766846,0.02640979364514351,-7.997026443481445,0.03478710353374481,-32.81002426147461,-7.0,7.0,7.7683000564575195,0.47907745838165283,0.3005836308002472,-0.377165287733078,1056
population,25,carpet,29,4375,0.0704389363527298,0.04137083888053894,-8.057916641235352,0.03475233539938927,-32.94203186035156,-7.0,7.0,7.828312397003174,0.494494765996933,0.30599886178970337,-0.3706900477409363,1057
population,25,carpet,30,4375,0.0457705482840538,0.038748033344745636,-8.177743911743164,0.03471760079264641,-32.619056701660156,-7.0,7.0,7.800779819488525,0.6388757228851318,0.34521418809890747,-0.3728753626346588,1058
population,25,carpet,31,4375,0.0776626244187355,0.028987333178520203,-7.837179183959961,0.034682903438806534,-34.033851623535156,-7.0,7.0,7.748838901519775,0.47739124298095703,0.2946547567844391,-0.3702947795391083,1059
population,25,carpet,32,4375,0.08033158630132675,0.054839592427015305,-7.997722148895264,0.034648243337869644,-33.449954986572266,-7.0,7.0,7.895903587341309,0.4658645689487457,0.312227338552475,-0.37072139978408813,1060
population,25,carpet,33,4375,0.046138275414705276,0.020267006009817123,-8.212194442749023,0.03461361303925514,-33.54777145385742,-7.0,7.0,7.932246685028076,0.4005505442619324,0.26175597310066223,-0.3690757155418396,1061
population,25,carpet,34,4375,0.08999782055616379,0.021409403532743454,-8.237053871154785,0.034579019993543625,-34.00822830200195,-7.0,7.0,7.906661033630371,0.31817230582237244,0.30414533615112305,-0.36615535616874695,1062
population,25,carpet,35,4375,0.06741487234830856,0.04195808619260788,-8.040700912475586,0.034544460475444794,-33.37957000732422,-7.0,7.0,8.031523704528809,0.37380144000053406,0.26977407932281494,-0.36221280694007874,1063
population,25,carpet,36,4375,0.0855124220252037,0.03382541984319687,-7.949805736541748,0.03450993448495865,-33.80049133300781,-7.0,7.0,7.9486236572265625,0.5323635935783386,0.2806619107723236,-0.36213651299476624,1064
population,25,carpet,37,4375,0.051941752433776855,0.049233291298151016,-8.175397872924805,0.03447544574737549,-33.1215934753418,-7.0,7.0,7.8314056396484375,0.6635485887527466,0.26929765939712524,-0.36081501841545105,1065
population,25,carpet,38,4375,0.11340827494859695,0.05286548659205437,-8.307280540466309,0.034440990537405014,-34.01612091064453,-7.0,7.0,7.856919765472412,0.4352145493030548,0.2662651538848877,-0.36706599593162537,1066
population,25,carpet,39,4375,0.07023411244153976,0.06046883761882782,-8.171812057495117,0.034406568855047226,-34.34831619262695,-7.0,7.0,7.915127754211426,0.48953428864479065,0.2519959807395935,-0.36834749579429626,1067
population,25,carpet,40,4375,0.07480970770120621,0.029986297711730003,-7.935564041137695,0.034372180700302124,-33.025779724121094,-7.0,7.0,7.830395221710205,0.6207312345504761,0.2978861927986145,-0.3734471797943115,1068
population,25,carpet,41,4375,0.06582213938236237,0.023568090051412582,-8.023155212402344,0.03433782979846001,-34.19833755493164,-7.0,7.0,7.957675457000732,0.3428283631801605,0.30022600293159485,-0.38435098528862,1069
population,25,carpet,42,4375,0.048506639897823334,0.037546854466199875,-8.310815811157227,0.034303512424230576,-33.082000732421875,-7.0,7.0,7.882772922515869,0.5126907229423523,0.3068109154701233,-0.39601007103919983,1070
population,25,carpet,43,4375,0.1080390140414238,0.05304200202226639,-8.46057415008545,0.03426922857761383,-33.3816032409668,-7.0,7.0,8.136907577514648,0.307685911655426,0.31005600094795227,-0.40160036087036133,1071
population,25,carpet,44,4375,0.0393756702542305,0.030562184751033783,-8.281652450561523,0.03423497825860977,-31.660329818725586,-7.0,7.0,8.126127243041992,0.3861987888813019,0.3166413903236389,-0.41623654961586,1072
population,25,carpet,45,4375,0.07271084934473038,0.03411329537630081,-8.052967071533203,0.0342007614672184,-32.79731369018555,-7.0,7.0,7.933743476867676,0.4906371533870697,0.30962538719177246,-0.41487136483192444,1073
population,25,carpet,46,4375,0.05818444490432739,0.024304013699293137,-8.066423416137695,0.03416658192873001,-32.132484436035156,-7.0,7.0,7.992531776428223,0.352020263671875,0.3190069794654846,-0.41641372442245483,1074
population,25,carpet,47,4375,0.040891267359256744,0.025340089574456215,-8.306124687194824,0.03413243219256401,-32.67861557006836,-7.0,7.0,8.034295082092285,0.4837375581264496,0.3232540488243103,-0.428276002407074,1075
population,25,carpet,48,4375,0.10472474247217178,0.044546499848365784,-8.345849990844727,0.034098319709300995,-31.167566299438477,-7.0,7.0,8.148180961608887,0.3346712589263916,0.31071680784225464,-0.43984290957450867,1076
population,25,carpet,49,4375,0.04357408359646797,0.033936869353055954,-8.312495231628418,0.034064240753650665,-31.372343063354492,-7.0,7.0,8.204424858093262,0.37387239933013916,0.3377802073955536,-0.43530455231666565,1077
population,25,carpet,50,4375,0.07426196336746216,0.022730587050318718,-8.109052658081055,0.03403019905090332,-32.3574104309082,-7.0,7.0,8.06105899810791,0.45377400517463684,0.30433836579322815,-0.4277897775173187,1078
individual,26,carpet,1,4550,0.01790396310389042,0.019276581704616547,-8.230329513549805,0.03399618715047836,-33.28900146484375,-7.0,7.0,7.970110893249512,0.5049432516098022,0.30015140771865845,-0.4124775528907776,1079
individual,26,carpet,2,4550,0.03118552826344967,0.03270513564348221,-8.210463523864746,0.03396220877766609,-33.40766906738281,-7.0,7.0,7.856428146362305,0.47039952874183655,0.3037881553173065,-0.4156389534473419,1080
individual,26,carpet,3,4550,0.041886743158102036,0.0420045331120491,-8.148119926452637,0.033928267657756805,-32.90690994262695,-7.0,7.0,8.000235557556152,0.47914257645606995,0.29436278343200684,-0.4278685748577118,1081
individual,26,carpet,4,4550,0.03658705949783325,0.0414210744202137,-8.201228141784668,0.033894360065460205,-32.672760009765625,-7.0,7.0,7.9204230308532715,0.4890623986721039,0.2958180010318756,-0.40790900588035583,1082
individual,26,carpet,5,4550,0.042108118534088135,0.0368586927652359,-8.375387191772461,0.03386048227548599,-35.02224349975586,-7.0,7.0,7.98371696472168,0.37817448377609253,0.29473552107810974,-0.41604241728782654,1083
individual,26,carpet,6,4550,0.019950710237026215,0.018266811966896057,-8.247745513916016,0.033826641738414764,-32.772666931152344,-7.0,7.0,7.981972694396973,0.410571426153183,0.3197368085384369,-0.4198228716850281,1084
individual,26,carpet,7,4550,0.04309458285570145,0.030679350718855858,-8.156649589538574,0.03379283472895622,-34.48387145996094,-7.0,7.0,8.073995590209961,0.3958672285079956,0.28088387846946716,-0.4150877594947815,1085
individual,26,carpet,8,4550,0.029137862846255302,0.03656047582626343,-8.212533950805664,0.03375906124711037,-32.161869049072266,-7.0,7.0,7.965273380279541,0.5331377983093262,0.30851665139198303,-0.4090844690799713,1086
individual,26,carpet,9,4550,0.05228090658783913,0.04969044029712677,-8.48843765258789,0.0337253212928772,-32.82434844970703,-7.0,7.0,8.107560157775879,0.45864322781562805,0.30383655428886414,-0.41067853569984436,1087
individual,26,carpet,10,4550,0.030189428478479385,0.024873582646250725,-8.372509002685547,0.033691614866256714,-33.41670608520508,-7.0,7.0,8.217134475708008,0.4244213104248047,0.2907992899417877,-0.41491228342056274,1088
individual,26,carpet,11,4550,0.027081551030278206,0.024340352043509483,-8.218971252441406,0.03365794196724892,-32.980377197265625,-7.0,7.0,8.075676918029785,0.455251544713974,0.2922685444355011,-0.4163222014904022,1089
individual,26,carpet,12,4550,0.03432966023683548,0.04839366674423218,-8.261163711547852,0.033624306321144104,-34.40502166748047,-7.0,7.0,7.984972953796387,0.383624404668808,0.29510316252708435,-0.4037322998046875,1090
individual,26,carpet,13,4550,0.030129287391901016,0.028441503643989563,-8.169090270996094,0.03359070047736168,-31.77204132080078,-7.0,7.0,7.947971820831299,0.39731788635253906,0.3299321234226227,-0.4118531048297882,1091
individual,26,carpet,14,4550,0.03708573430776596,0.05315602570772171,-8.184992790222168,0.03355712816119194,-35.035614013671875,-7.0,7.0,8.034040451049805,0.40423038601875305,0.29078954458236694,-0.4124017059803009,1092
individual,26,carpet,15,4550,0.03531811758875847,0.03195444494485855,-8.35969066619873,0.03352358937263489,-33.32198715209961,-7.0,7.0,8.002138137817383,0.42321935296058655,0.30329737067222595,-0.39856061339378357,1093
individual,26,carpet,16,4550,0.04537276551127434,0.046081434935331345,-8.345222473144531,0.03349008411169052,-34.477622985839844,-7.0,7.0,8.113151550292969,0.3207373321056366,0.24946703016757965,-0.3912044167518616,1094
individual,26,carpet,17,4550,0.023827476426959038,0.01991093158721924,-8.244336128234863,0.03345661610364914,-34.11992645263672,-7.0,7.0,8.08688735961914,0.3175348937511444,0.29420146346092224,-0.3771880567073822,1095
individual,26,carpet,18,4550,0.05908803269267082,0.07089640200138092,-8.199872970581055,0.033423177897930145,-34.79861068725586,-7.0,7.0,8.266222953796387,0.3322387933731079,0.24890048801898956,-0.3776768147945404,1096
individual,26,carpet,19,4550,0.026608463376760483,0.03658435866236687,-8.357080459594727,0.03338977321982384,-34.215721130371094,-7.0,7.0,8.237048149108887,0.4782687723636627,0.2608383595943451,-0.36696282029151917,1097
individual,26,carpet,20,4550,0.11212767660617828,0.13032080233097076,-8.608269691467285,0.033356402069330215,-34.611610412597656,-7.0,7.0,7.949602127075195,0.6307533979415894,0.28499913215637207,-0.3760294020175934,1098
individual,26,carpet,21,4550,0.051806751638650894,0.04925697296857834,-8.311628341674805,0.03332306444644928,-34.720359802246094,-7.0,7.0,7.987058639526367,0.4038316607475281,0.2783796191215515,-0.36723002791404724,1099
individual,26,carpet,22,4550,0.059535082429647446,0.07658444344997406,-8.174092292785645,0.03328976035118103,-33.881446838378906,-7.0,7.0,8.090363502502441,0.3443015217781067,0.29064658284187317,-0.35463231801986694,1100
individual,26,carpet,23,4550,0.0679638534784317,0.07733773440122604,-8.134780883789062,0.03325648978352547,-34.48521041870117,-7.0,7.0,8.13546085357666,0.3364013433456421,0.25327375531196594,-0.358077734708786,1101
individual,26,carpet,24,4550,0.04257895424962044,0.04702875390648842,-8.452458381652832,0.03322325274348259,-35.14057922363281,-7.0,7.0,8.170829772949219,0.5548354983329773,0.2455447018146515,-0.35275429487228394,1102
individual,26,carpet,25,4550,0.11272021383047104,0.12529811263084412,-8.680671691894531,0.0331900492310524,-35.488075256347656,-7.0,7.0,8.2234468460083,0.32669395208358765,0.24574227631092072,-0.3537733554840088,1103
individual,26,carpet,26,4550,0.03932015225291252,0.04327573627233505,-8.24033260345459,0.033156879246234894,-34.35996627807617,-7.0,7.0,8.015005111694336,0.5138185024261475,0.2672552168369293,-0.36037322878837585,1104
individual,26,carpet,27,4550,0.1097821369767189,0.11156827956438065,-8.16093921661377,0.03312373906373978,-34.220603942871094,-7.0,7.0,8.15672779083252,0.5067847967147827,0.2855484187602997,-0.3697681427001953,1105
individual,26,carpet,28,4550,0.05368475243449211,0.058655936270952225,-8.397178649902344,0.033090636134147644,-35.364044189453125,-7.0,7.0,8.108474731445312,0.5492135882377625,0.26573508977890015,-0.3682975172996521,1106
individual,26,carpet,29,4550,0.06876251101493835,0.0761662945151329,-8.630758285522461,0.0330575630068779,-33.78392791748047,-7.0,7.0,8.227837562561035,0.3799506723880768,0.284715473651886,-0.3787374794483185,1107
individual,26,carpet,30,4550,0.0425339937210083,0.037167638540267944,-8.431571006774902,0.03302452340722084,-33.0662956237793,-7.0,7.0,8.239468574523926,0.41629695892333984,0.2939159572124481,-0.3882453739643097,1108
individual,26,carpet,31,4550,0.047618597745895386,0.045917004346847534,-8.355499267578125,0.03299151733517647,-34.74992752075195,-7.0,7.0,8.226631164550781,0.35875165462493896,0.26121947169303894,-0.3829079270362854,1109
individual,26,carpet,32,4550,0.07415391504764557,0.08418364822864532,-8.27931022644043,0.03295854479074478,-33.8062858581543,-7.0,7.0,8.250677108764648,0.3705078959465027,0.29035162925720215,-0.396659791469574,1110
individual,26,carpet,33,4550,0.0279874075204134,0.028795434162020683,-8.497751235961914,0.03292560577392578,-33.75088119506836,-7.0,7.0,8.223625183105469,0.5722202062606812,0.27983301877975464,-0.3990977704524994,1111
individual,26,carpet,34,4550,0.07272522896528244,0.08883005380630493,-8.626911163330078,0.03289270028471947,-33.54070281982422,-7.0,7.0,8.167236328125,0.4331585168838501,0.2901473641395569,-0.40870118141174316,1112
individual,26,carpet,35,4550,0.03799927607178688,0.045893773436546326,-8.393239974975586,0.03285982459783554,-34.27033615112305,-7.0,7.0,8.202400207519531,0.5047141313552856,0.2905866503715515,-0.40971502661705017,1113
individual,26,carpet,36,4550,0.07605105638504028,0.0960342064499855,-8.183440208435059,0.0328269861638546,-33.523033142089844,-7.0,7.0,8.148784637451172,0.236522376537323,0.2819201946258545,-0.4236675798892975,1114
individual,26,carpet,37,4550,0.09073863923549652,0.08858677744865417,-8.51571273803711,0.032794177532196045,-34.82504653930664,-7.0,7.0,8.278008460998535,0.3433142304420471,0.3133085072040558,-0.4330821931362152,1115
individual,26,carpet,38,4550,0.09595135599374771,0.11001864820718765,-8.651215553283691,0.03276140242815018,-32.788570404052734,-7.0,7.0,8.173498153686523,0.516269326210022,0.3507838249206543,-0.4488445818424225,1116
individual,26,carpet,39,4550,0.028328532353043556,0.025625113397836685,-8.529050827026367,0.032728660851716995,-31.422597885131836,-7.0,7.0,8.245038032531738,0.5146700143814087,0.3549528419971466,-0.4461519420146942,1117
individual,26,carpet,40,4550,0.07663296163082123,0.08637205511331558,-8.25667667388916,0.0326959490776062,-31.528879165649414,-7.0,7.0,8.192896842956543,0.4989948272705078,0.3586493134498596,-0.4507525563240051,1118
individual,26,carpet,41,4550,0.06625118851661682,0.06971604377031326,-8.286750793457031,0.03266327083110809,-32.354671478271484,-7.0,7.0,8.11957836151123,0.5952168703079224,0.34831175208091736,-0.4536731541156769,1119
individual,26,carpet,42,4550,0.06497203558683395,0.05779006704688072,-8.58718204498291,0.03263062611222267,-32.55644226074219,-7.0,7.0,8.252896308898926,0.39418819546699524,0.3584419786930084,-0.43408915400505066,1120
individual,26,carpet,43,4550,0.06999222189188004,0.07393621653318405,-8.598615646362305,0.032598014920949936,-34.228294372558594,-7.0,7.0,8.281129837036133,0.39252594113349915,0.31577616930007935,-0.42280253767967224,1121
individual,26,carpet,44,4550,0.07500525563955307,0.06332024186849594,-8.35209846496582,0.032565437257289886,-32.77714920043945,-7.0,7.0,8.32014274597168,0.394721657037735,0.3537802994251251,-0.4185282588005066,1122
individual,26,carpet,45,4550,0.05861683562397957,0.0630127489566803,-8.339040756225586,0.032532889395952225,-33.15544891357422,-7.0,7.0,8.260129928588867,0.44529345631599426,0.3207150995731354,-0.39961132407188416,1123
individual,26,carpet,46,4550,0.05320180952548981,0.04771164432168007,-8.62098217010498,0.03250037506222725,-34.8968391418457,-7.0,7.0,8.222859382629395,0.4091247618198395,0.2908167541027069,-0.395607054233551,1124
individual,26,carpet,47,4550,0.07331874966621399,0.09032846987247467,-8.743852615356445,0.03246789425611496,-34.71424102783203,-7.0,7.0,8.282089233398438,0.3812641501426697,0.30528524518013,-0.3983544707298279,1125
individual,26,carpet,48,4550,0.060925766825675964,0.04866974800825119,-8.384081840515137,0.03243544325232506,-34.5030517578125,-7.0,7.0,8.295230865478516,0.4938352406024933,0.28248003125190735,-0.37262386083602905,1126
individual,26,carpet,49,4550,0.1064542829990387,0.13103125989437103,-8.236536026000977,0.03240302577614784,-35.17405700683594,-7.0,7.0,8.323968887329102,0.38140594959259033,0.28263458609580994,-0.3747399151325226,1127
individual,26,carpet,50,4550,0.032342612743377686,0.02600366622209549,-8.608871459960938,0.03237064182758331,-36.55413055419922,-7.0,7.0,8.336347579956055,0.3866615295410156,0.27790018916130066,-0.3721288740634918,1128
population,26,carpet,1,4550,0.04826550930738449,0.019753193482756615,-8.158227920532227,0.03399618715047836,-33.7526969909668,-7.0,7.0,7.979164123535156,0.4748744070529938,0.2976524531841278,-0.41513702273368835,1079
population,26,carpet,2,4550,0.048083193600177765,0.020883889868855476,-8.381271362304688,0.03396220877766609,-32.70299530029297,-7.0,7.0,7.9481096267700195,0.5616114735603333,0.3157234191894531,-0.41590040922164917,1080
population,26,carpet,3,4550,0.05461665987968445,0.024934561923146248,-8.332383155822754,0.033928267657756805,-32.668148040771484,-7.0,7.0,8.07689380645752,0.43708178400993347,0.29953059554100037,-0.40809229016304016,1081
population,26,carpet,4,4550,0.03664417937397957,0.029602978378534317,-8.269377708435059,0.033894360065460205,-33.99594497680664,-7.0,7.0,7.947843551635742,0.5445683598518372,0.3021492660045624,-0.3835391700267792,1082
population,26,carpet,5,4550,0.07063977420330048,0.029459906741976738,-8.088384628295898,0.03386048227548599,-33.470157623291016,-7.0,7.0,8.077215194702148,0.4012281596660614,0.29600319266319275,-0.40311357378959656,1083
population,26,carpet,6,4550,0.04038124158978462,0.03571480140089989,-8.182517051696777,0.033826641738414764,-32.61341094970703,-7.0,7.0,7.90293025970459,0.5730593800544739,0.3073503077030182,-0.38886159658432007,1084
population,26,carpet,7,4550,0.03466707840561867,0.021682964637875557,-8.226673126220703,0.03379283472895622,-34.05950164794922,-7.0,7.0,7.919523239135742,0.6511036157608032,0.28017038106918335,-0.38180896639823914,1085
population,26,carpet,8,4550,0.040728405117988586,0.021849319338798523,-8.299960136413574,0.03375906124711037,-33.9043083190918,-7.0,7.0,8.066198348999023,0.533344030380249,0.29896265268325806,-0.3730201721191406,1086
population,26,carpet,9,4550,0.057212941348552704,0.04551820829510689,-8.4948091506958,0.0337253212928772,-33.04535675048828,-7.0,7.0,8.236166000366211,0.40112483501434326,0.30940017104148865,-0.37601491808891296,1087
population,26,carpet,10,4550,0.049964338541030884,0.037008270621299744,-8.315155029296875,0.033691614866256714,-34.19363784790039,-7.0,7.0,8.211862564086914,0.30997806787490845,0.2632642686367035,-0.3693363070487976,1088
population,26,carpet,11,4550,0.05042954906821251,0.035308077931404114,-8.192266464233398,0.03365794196724892,-34.44914627075195,-7.0,7.0,8.184410095214844,0.30418217182159424,0.24789701402187347,-0.3683481514453888,1089
population,26,carpet,12,4550,0.04988084360957146,0.02957788296043873,-8.384698867797852,0.033624306321144104,-33.87323760986328,-7.0,7.0,8.13121223449707,0.4845471680164337,0.2683600187301636,-0.3650268018245697,1090
population,26,carpet,13,4550,0.03912104666233063,0.02491290494799614,-8.311586380004883,0.03359070047736168,-35.110687255859375,-7.0,7.0,8.053638458251953,0.3265022337436676,0.27360719442367554,-0.3714742660522461,1091
population,26,carpet,14,4550,0.04887564852833748,0.02680940181016922,-8.311830520629883,0.03355712816119194,-34.243255615234375,-7.0,7.0,8.096654891967773,0.5095756649971008,0.2806064486503601,-0.3760490119457245,1092
population,26,carpet,15,4550,0.02857172302901745,0.028398320078849792,-8.335915565490723,0.03352358937263489,-34.620582580566406,-7.0,7.0,8.220942497253418,0.46221211552619934,0.2708870470523834,-0.3783438801765442,1093
population,26,carpet,16,4550,0.035637352615594864,0.04010444134473801,-8.441864967346191,0.03349008411169052,-35.21356964111328,-7.0,7.0,8.18008804321289,0.32798388600349426,0.2732587158679962,-0.3691081702709198,1094
population,26,carpet,17,4550,0.04450005665421486,0.03467140346765518,-8.38499927520752,0.03345661610364914,-33.977561950683594,-7.0,7.0,8.033843994140625,0.6572626233100891,0.2926877439022064,-0.37120217084884644,1095
population,26,carpet,18,4550,0.04900791868567467,0.06202862411737442,-8.333125114440918,0.033423177897930145,-34.21809768676758,-7.0,7.0,8.279062271118164,0.5337711572647095,0.29569485783576965,-0.38093164563179016,1096
population,26,carpet,19,4550,0.0359148271381855,0.026483718305826187,-8.377573013305664,0.03338977321982384,-34.79806900024414,-7.0,7.0,8.200221061706543,0.4016566872596741,0.27887189388275146,-0.3758017122745514,1097
population,26,carpet,20,4550,0.03766559064388275,0.05223075672984123,-8.502262115478516,0.033356402069330215,-34.32456588745117,-7.0,7.0,8.173498153686523,0.5026548504829407,0.2779386341571808,-0.3838966190814972,1098
population,26,carpet,21,4550,0.03778410702943802,0.03477546572685242,-8.503503799438477,0.03332306444644928,-33.880287170410156,-7.0,7.0,8.094888687133789,0.5799713730812073,0.2972305715084076,-0.3905414640903473,1099
population,26,carpet,22,4550,0.041104208678007126,0.039260730147361755,-8.387351036071777,0.03328976035118103,-34.66747283935547,-7.0,7.0,8.30230712890625,0.3560379445552826,0.27948105335235596,-0.3869902193546295,1100
population,26,carpet,23,4550,0.03868798166513443,0.050988856703042984,-8.322311401367188,0.03325648978352547,-33.9488525390625,-7.0,7.0,8.284971237182617,0.35025668144226074,0.307904988527298,-0.3960552215576172,1101
population,26,carpet,24,4550,0.03853251785039902,0.03178178519010544,-8.443251609802246,0.03322325274348259,-34.78044509887695,-7.0,7.0,8.261724472045898,0.4293171763420105,0.29144716262817383,-0.39841383695602417,1102
population,26,carpet,25,4550,0.04950414597988129,0.06272797286510468,-8.599143028259277,0.0331900492310524,-34.62871170043945,-7.0,7.0,8.310157775878906,0.4564279019832611,0.3026273846626282,-0.41729918122291565,1103
population,26,carpet,26,4550,0.03304059058427811,0.025125522166490555,-8.44251823425293,0.033156879246234894,-32.80976104736328,-7.0,7.0,8.344714164733887,0.34499359130859375,0.30941686034202576,-0.4117876887321472,1104
population,26,carpet,27,4550,0.03619346022605896,0.06158100813627243,-8.324835777282715,0.03312373906373978,-33.685302734375,-7.0,7.0,8.227925300598145,0.5132070779800415,0.30730754137039185,-0.4252595007419586,1105
population,26,carpet,28,4550,0.03832094371318817,0.024347875267267227,-8.38661003112793,0.033090636134147644,-32.244178771972656,-7.0,7.0,8.153632164001465,0.5270394086837769,0.30809634923934937,-0.41901758313179016,1106
population,26,carpet,29,4550,0.04452428221702576,0.0734468474984169,-8.691252708435059,0.0330575630068779,-33.034263610839844,-7.0,7.0,8.272753715515137,0.43313276767730713,0.31660422682762146,-0.42940640449523926,1107
population,26,carpet,30,4550,0.04191327467560768,0.029001038521528244,-8.55101203918457,0.03302452340722084,-31.06846809387207,-7.0,7.0,8.287710189819336,0.501875102519989,0.3419910967350006,-0.44942277669906616,1108
population,26,carpet,31,4550,0.0842430591583252,0.13470615446567535,-8.285806655883789,0.03299151733517647,-33.2659797668457,-7.0,7.0,8.388261795043945,0.445000559091568,0.3235868513584137,-0.4378839135169983,1109
population,26,carpet,32,4550,0.03698241710662842,0.04243353381752968,-8.520100593566895,0.03295854479074478,-32.96348571777344,-7.0,7.0,8.44052505493164,0.3894972503185272,0.3206973075866699,-0.4417315423488617,1110
population,26,carpet,33,4550,0.07928153872489929,0.13450177013874054,-8.74850845336914,0.03292560577392578,-32.335453033447266,-7.0,7.0,8.238387107849121,0.48252448439598083,0.3352397084236145,-0.4487273097038269,1111
population,26,carpet,34,4550,0.06741693615913391,0.07409816980361938,-8.739105224609375,0.03289270028471947,-33.489295959472656,-7.0,7.0,8.298858642578125,0.4217193126678467,0.3560216426849365,-0.44762611389160156,1112
population,26,carpet,35,4550,0.08341572433710098,0.11619086563587189,-8.356937408447266,0.03285982459783554,-31.0179500579834,-7.0,7.0,8.261831283569336,0.5951818227767944,0.3664012849330902,-0.45437026023864746,1113
population,26,carpet,36,4550,0.09455917775630951,0.133554145693779,-8.255531311035156,0.0328269861638546,-32.71459197998047,-7.0,7.0,8.246986389160156,0.34702223539352417,0.34035152196884155,-0.4426383674144745,1114
population,26,carpet,37,4550,0.04553540423512459,0.05177862197160721,-8.645421981811523,0.032794177532196045,-30.867033004760742,-7.0,7.0,8.314565658569336,0.471605509519577,0.34906473755836487,-0.4427311420440674,1115
population,26,carpet,38,4550,0.11594560742378235,0.14504162967205048,-8.806909561157227,0.03276140242815018,-32.04090118408203,-7.0,7.0,8.263647079467773,0.5914111733436584,0.36296042799949646,-0.43829473853111267,1116
population,26,carpet,39,4550,0.05363379418849945,0.053338829427957535,-8.576326370239258,0.032728660851716995,-33.53773498535156,-7.0,7.0,8.200843811035156,0.46159449219703674,0.3506697714328766,-0.4412924349308014,1117
population,26,carpet,40,4550,0.06740966439247131,0.10458739101886749,-8.334714889526367,0.0326959490776062,-33.018245697021484,-7.0,7.0,8.36593246459961,0.3742997646331787,0.30578258633613586,-0.4264780879020691,1118
population,26,carpet,41,4550,0.05101509392261505,0.056702204048633575,-8.303647994995117,0.03266327083110809,-32.557281494140625,-7.0,7.0,8.177529335021973,0.550842821598053,0.3359164893627167,-0.4283910393714905,1119
population,26,carpet,42,4550,0.027104148641228676,0.04232996702194214,-8.59126091003418,0.03263062611222267,-32.56439208984375,-7.0,7.0,8.245671272277832,0.3381724953651428,0.3112330138683319,-0.42859357595443726,1120
population,26,carpet,43,4550,0.0716049075126648,0.09784643352031708,-8.806260108947754,0.032598014920949936,-33.06879806518555,-7.0,7.0,8.327535629272461,0.3834223747253418,0.3388919532299042,-0.4112547039985657,1121
population,26,carpet,44,4550,0.028861507773399353,0.0354468896985054,-8.54560661315918,0.032565437257289886,-32.748008728027344,-7.0,7.0,8.413187980651855,0.4006560146808624,0.3317790925502777,-0.4194645881652832,1122
population,26,carpet,45,4550,0.08565478026866913,0.10152570903301239,-8.439521789550781,0.032532889395952225,-34.04536056518555,-7.0,7.0,8.502777099609375,0.4454030692577362,0.3048374354839325,-0.4256730079650879,1123
population,26,carpet,46,4550,0.019756006076931953,0.020167533308267593,-8.596614837646484,0.03250037506222725,-33.86142349243164,-7.0,7.0,8.473504066467285,0.335536926984787,0.2948659360408783,-0.41665878891944885,1124
population,26,carpet,47,4550,0.04355112463235855,0.05572674423456192,-8.768306732177734,0.03246789425611496,-32.02517318725586,-7.0,7.0,8.387405395507812,0.5196831226348877,0.33902519941329956,-0.4101731479167938,1125
population,26,carpet,48,4550,0.07534206658601761,0.06909951567649841,-8.665332794189453,0.03243544325232506,-34.297271728515625,-7.0,7.0,8.271285057067871,0.37359604239463806,0.35387012362480164,-0.3959527909755707,1126
population,26,carpet,49,4550,0.0573006346821785,0.058234840631484985,-8.541010856628418,0.03240302577614784,-34.33085632324219,-7.0,7.0,8.432920455932617,0.477765291929245,0.33222445845603943,-0.3794877231121063,1127
population,26,carpet,50,4550,0.049865707755088806,0.04223335534334183,-8.475922584533691,0.03237064182758331,-34.34793472290039,-7.0,7.0,8.389217376708984,0.4387530982494354,0.2694292664527893,-0.37429943680763245,1128
individual,27,carpet,1,4725,0.06167049705982208,0.06940025091171265,-8.811537742614746,0.03233829140663147,-34.436187744140625,-7.0,7.0,8.360332489013672,0.40258580446243286,0.2980116307735443,-0.3766375184059143,1129
individual,27,carpet,2,4725,0.02371976152062416,0.02470422349870205,-8.634943008422852,0.032305970788002014,-34.62049102783203,-7.0,7.0,8.323198318481445,0.39521557092666626,0.28849974274635315,-0.37123337388038635,1130
individual,27,carpet,3,4725,0.04699552804231644,0.048608120530843735,-8.498626708984375,0.032273683696985245,-33.836944580078125,-7.0,7.0,8.351332664489746,0.41081503033638,0.3169615864753723,-0.375639945268631,1131
individual,27,carpet,4,4725,0.04973191022872925,0.0599890798330307,-8.433306694030762,0.03224142640829086,-32.78163528442383,-7.0,7.0,8.36318588256836,0.4172033667564392,0.320660799741745,-0.3755302131175995,1132
individual,27,carpet,5,4725,0.05371888726949692,0.048324402421712875,-8.671822547912598,0.032209206372499466,-36.07459259033203,-7.0,7.0,8.372339248657227,0.30157706141471863,0.2751346230506897,-0.3696337640285492,1133
individual,27,carpet,6,4725,0.05422361567616463,0.06823699921369553,-8.699938774108887,0.03217701241374016,-35.232444763183594,-7.0,7.0,8.437503814697266,0.3461931645870209,0.2931888997554779,-0.36799803376197815,1134
individual,27,carpet,7,4725,0.058027297258377075,0.05024808645248413,-8.56188678741455,0.032144855707883835,-34.91291427612305,-7.0,7.0,8.372652053833008,0.3967907428741455,0.2772005498409271,-0.3650713562965393,1135
individual,27,carpet,8,4725,0.026688778772950172,0.02761036902666092,-8.54195785522461,0.0321127288043499,-34.97954559326172,-7.0,7.0,8.438080787658691,0.3662083148956299,0.26081451773643494,-0.36092665791511536,1136
individual,27,carpet,9,4725,0.02541195973753929,0.021075185388326645,-8.619377136230469,0.03208063542842865,-32.32430648803711,-7.0,7.0,8.344499588012695,0.36572879552841187,0.3336734175682068,-0.3890739977359772,1137
individual,27,carpet,10,4725,0.025443153455853462,0.028779655694961548,-8.658526420593262,0.03204857185482979,-32.248470306396484,-7.0,7.0,8.317445755004883,0.4945696294307709,0.3488037586212158,-0.39299604296684265,1138
individual,27,carpet,11,4725,0.03965527564287186,0.03390949219465256,-8.480112075805664,0.03201654180884361,-31.461360931396484,-7.0,7.0,8.371618270874023,0.44108453392982483,0.343944787979126,-0.3913542926311493,1139
individual,27,carpet,12,4725,0.04017094895243645,0.04991164803504944,-8.578094482421875,0.03198454529047012,-32.6719856262207,-7.0,7.0,8.386356353759766,0.3889106512069702,0.34373489022254944,-0.386535108089447,1140
individual,27,carpet,13,4725,0.016726817935705185,0.01643374003469944,-8.580439567565918,0.03195257857441902,-35.16361999511719,-7.0,7.0,8.350578308105469,0.44148316979408264,0.2899605333805084,-0.36190977692604065,1141
individual,27,carpet,14,4725,0.04114379733800888,0.03853372856974602,-8.703666687011719,0.03192064166069031,-34.10820770263672,-7.0,7.0,8.354905128479004,0.3810499310493469,0.35331231355667114,-0.3735116422176361,1142
individual,27,carpet,15,4725,0.04446890950202942,0.03766261413693428,-8.606857299804688,0.03188874199986458,-32.64677047729492,-7.0,7.0,8.364599227905273,0.5268218517303467,0.3651584982872009,-0.3835594356060028,1143
individual,27,carpet,16,4725,0.04872641712427139,0.05301465094089508,-8.597487449645996,0.03185687214136124,-32.78654098510742,-7.0,7.0,8.39857292175293,0.593803882598877,0.37219420075416565,-0.36837106943130493,1144
individual,27,carpet,17,4725,0.05096380412578583,0.051937807351350784,-8.627578735351562,0.03182503208518028,-36.76237487792969,-7.0,7.0,8.557638168334961,0.4491841197013855,0.28927257657051086,-0.34353214502334595,1145
individual,27,carpet,18,4725,0.050141189247369766,0.04885272681713104,-8.744338989257812,0.031793225556612015,-33.91801071166992,-7.0,7.0,8.405221939086914,0.45143547654151917,0.3361967206001282,-0.358172744512558,1146
individual,27,carpet,19,4725,0.057420071214437485,0.07462593168020248,-8.902765274047852,0.031761448830366135,-35.973575592041016,-7.0,7.0,8.623549461364746,0.4232543706893921,0.25548046827316284,-0.3325335681438446,1147
individual,27,carpet,20,4725,0.039926882833242416,0.033816635608673096,-8.713274002075195,0.03172970563173294,-36.36089324951172,-7.0,7.0,8.47878360748291,0.3957348167896271,0.2739727199077606,-0.34275251626968384,1148
individual,27,carpet,21,4725,0.03545009344816208,0.043684493750333786,-8.54209041595459,0.03169799596071243,-35.428897857666016,-7.0,7.0,8.400516510009766,0.36898288130760193,0.2713075280189514,-0.3422248065471649,1149
individual,27,carpet,22,4725,0.0664365291595459,0.06404150277376175,-8.48086166381836,0.03166631609201431,-33.93928527832031,-7.0,7.0,8.491342544555664,0.43484288454055786,0.2836773097515106,-0.35811227560043335,1150
individual,27,carpet,23,4725,0.03639742732048035,0.033427588641643524,-8.771581649780273,0.03163466602563858,-36.99750900268555,-7.0,7.0,8.536635398864746,0.4631844758987427,0.2799925208091736,-0.354218065738678,1151
individual,27,carpet,24,4725,0.10818613320589066,0.1187954843044281,-8.985386848449707,0.031603049486875534,-34.74828338623047,-7.0,7.0,8.482629776000977,0.44014835357666016,0.2784281075000763,-0.35610535740852356,1152
individual,27,carpet,25,4725,0.04765445366501808,0.05115609988570213,-8.705462455749512,0.031571466475725174,-34.13996505737305,-7.0,7.0,8.293054580688477,0.6782838702201843,0.32512134313583374,-0.3741858899593353,1153
individual,27,carpet,26,4725,0.10640599578619003,0.11618518829345703,-8.519103050231934,0.0315399132668972,-34.953514099121094,-7.0,7.0,8.468021392822266,0.5647518038749695,0.31327715516090393,-0.38198965787887573,1154
individual,27,carpet,27,4725,0.04780823364853859,0.05476946383714676,-8.560105323791504,0.03150838986039162,-34.42769241333008,-7.0,7.0,8.528883934020996,0.31877443194389343,0.2824679911136627,-0.3955793082714081,1155
individual,27,carpet,28,4725,0.06453480571508408,0.07511923462152481,-8.861518859863281,0.03147689998149872,-34.34904479980469,-7.0,7.0,8.48626708984375,0.35079464316368103,0.3044796288013458,-0.39166519045829773,1156
individual,27,carpet,29,4725,0.049978792667388916,0.06075316295027733,-8.839679718017578,0.03144543990492821,-33.63473892211914,-7.0,7.0,8.494897842407227,0.4173771142959595,0.31348493695259094,-0.40650463104248047,1157
individual,27,carpet,30,4725,0.0570102259516716,0.064994677901268,-8.604723930358887,0.03141401335597038,-33.122535705566406,-7.0,7.0,8.555632591247559,0.43269050121307373,0.32316020131111145,-0.4176080524921417,1158
individual,27,carpet,31,4725,0.047772303223609924,0.05077977105975151,-8.619802474975586,0.031382616609334946,-33.682247161865234,-7.0,7.0,8.571329116821289,0.37938159704208374,0.34355607628822327,-0.4289163053035736,1159
individual,27,carpet,32,4725,0.034502219408750534,0.04618087410926819,-8.788469314575195,0.031351253390312195,-33.20930099487305,-7.0,7.0,8.59856128692627,0.27128952741622925,0.3429886996746063,-0.4274197220802307,1160
individual,27,carpet,33,4725,0.06395450234413147,0.06978832185268402,-8.972387313842773,0.03131991997361183,-34.5344123840332,-7.0,7.0,8.630141258239746,0.4086919128894806,0.3392024040222168,-0.4396989047527313,1161
individual,27,carpet,34,4725,0.027506373822689056,0.021617112681269646,-8.735589981079102,0.031288616359233856,-33.79787063598633,-7.0,7.0,8.616496086120605,0.3512355387210846,0.3207738697528839,-0.43200793862342834,1162
individual,27,carpet,35,4725,0.028336968272924423,0.02729688212275505,-8.729551315307617,0.03125734627246857,-34.848140716552734,-7.0,7.0,8.578779220581055,0.30919018387794495,0.3291279375553131,-0.43313804268836975,1163
individual,27,carpet,36,4725,0.04591503366827965,0.04440944269299507,-8.786762237548828,0.031226107850670815,-33.98244857788086,-7.0,7.0,8.49065113067627,0.42714807391166687,0.3255309462547302,-0.42905882000923157,1164
individual,27,carpet,37,4725,0.05502794310450554,0.05226682126522064,-8.844864845275879,0.03119489923119545,-32.62405776977539,-7.0,7.0,8.464405059814453,0.5163576602935791,0.3375547230243683,-0.42452287673950195,1165
individual,27,carpet,38,4725,0.029382940381765366,0.03454524278640747,-8.762093544006348,0.031163722276687622,-34.937347412109375,-7.0,7.0,8.561822891235352,0.47340601682662964,0.30533260107040405,-0.4079380929470062,1166
individual,27,carpet,39,4725,0.0921393483877182,0.10099490731954575,-8.573054313659668,0.03113257698714733,-32.698143005371094,-7.0,7.0,8.590826988220215,0.40421998500823975,0.32627227902412415,-0.40839096903800964,1167
individual,27,carpet,40,4725,0.032593242824077606,0.038376547396183014,-8.812260627746582,0.031101461499929428,-34.06985092163086,-7.0,7.0,8.615167617797852,0.34865686297416687,0.27809005975723267,-0.4041719138622284,1168
individual,27,carpet,41,4725,0.09846532344818115,0.08887431025505066,-8.967301368713379,0.031070377677679062,-34.12885284423828,-7.0,7.0,8.49342155456543,0.5076399445533752,0.3230966031551361,-0.39935898780822754,1169
individual,27,carpet,42,4725,0.03370842710137367,0.029459333047270775,-9.044842720031738,0.031039325520396233,-33.5421142578125,-7.0,7.0,8.68200969696045,0.5754616856575012,0.3083789050579071,-0.39701947569847107,1170
individual,27,carpet,43,4725,0.0889664813876152,0.09718875586986542,-8.68226146697998,0.03100830316543579,-35.135807037353516,-7.0,7.0,8.69042682647705,0.4697507321834564,0.2997782230377197,-0.3788432478904724,1171
individual,27,carpet,44,4725,0.025857115164399147,0.026887360960245132,-8.844799995422363,0.030977312475442886,-35.157657623291016,-7.0,7.0,8.666574478149414,0.4209403395652771,0.2951758801937103,-0.37388306856155396,1172
individual,27,carpet,45,4725,0.04704536125063896,0.04882640764117241,-9.022290229797363,0.03094635345041752,-34.68844985961914,-7.0,7.0,8.788731575012207,0.45663750171661377,0.2901896834373474,-0.37238335609436035,1173
individual,27,carpet,46,4725,0.04617939889431,0.0602424219250679,-9.059412002563477,0.03091542422771454,-34.1953010559082,-7.0,7.0,8.588932037353516,0.5021565556526184,0.3112660348415375,-0.3818633556365967,1174
individual,27,carpet,47,4725,0.03114866092801094,0.032731473445892334,-8.714231491088867,0.030884526669979095,-34.784912109375,-7.0,7.0,8.567435264587402,0.37271150946617126,0.32715529203414917,-0.37633341550827026,1175
individual,27,carpet,48,4725,0.06092941761016846,0.06938345730304718,-8.717730522155762,0.03085366077721119,-34.90301513671875,-7.0,7.0,8.698965072631836,0.47132736444473267,0.2762409448623657,-0.37819188833236694,1176
individual,27,carpet,49,4725,0.06059097498655319,0.07258884608745575,-8.841049194335938,0.03082282468676567,-35.306556701660156,-7.0,7.0,8.687997817993164,0.5187329053878784,0.27143821120262146,-0.37233784794807434,1177
individual,27,carpet,50,4725,0.11145801097154617,0.13028715550899506,-9.24440860748291,0.03079201839864254,-33.907371520996094,-7.0,7.0,8.731024742126465,0.3836047947406769,0.30344825983047485,-0.3754611313343048,1178
population,27,carpet,1,4725,0.03560645505785942,0.0317075178027153,-8.536470413208008,0.03233829140663147,-34.34416580200195,-7.0,7.0,8.332154273986816,0.5141298174858093,0.29095765948295593,-0.35549384355545044,1129
population,27,carpet,2,4725,0.06937428563833237,0.06568393856287003,-8.838075637817383,0.032305970788002014,-35.00682830810547,-7.0,7.0,8.509227752685547,0.4080197513103485,0.305534303188324,-0.35371094942092896,1130
population,27,carpet,3,4725,0.03741702437400818,0.03898147866129875,-8.79328727722168,0.032273683696985245,-35.67565155029297,-7.0,7.0,8.350851058959961,0.6571729779243469,0.2996814250946045,-0.35285383462905884,1131
population,27,carpet,4,4725,0.03913548216223717,0.05013328045606613,-8.566047668457031,0.03224142640829086,-36.09811782836914,-7.0,7.0,8.42410659790039,0.42401960492134094,0.25604623556137085,-0.3572201132774353,1132
population,27,carpet,5,4725,0.06374701857566833,0.05414555221796036,-8.503971099853516,0.032209206372499466,-34.471221923828125,-7.0,7.0,8.447196960449219,0.43564632534980774,0.2488909512758255,-0.3519417941570282,1133
population,27,carpet,6,4725,0.039433807134628296,0.038318339735269547,-8.778875350952148,0.03217701241374016,-34.309326171875,-7.0,7.0,8.369504928588867,0.473707914352417,0.30418655276298523,-0.35986730456352234,1134
population,27,carpet,7,4725,0.04786408692598343,0.05309581756591797,-8.870088577270508,0.032144855707883835,-34.449989318847656,-7.0,7.0,8.475131034851074,0.3810233175754547,0.2718384563922882,-0.3622816503047943,1135
population,27,carpet,8,4725,0.02499445527791977,0.02240704745054245,-8.6953125,0.0321127288043499,-32.222328186035156,-7.0,7.0,8.470952987670898,0.40525320172309875,0.3122767508029938,-0.38334518671035767,1136
population,27,carpet,9,4725,0.03715288266539574,0.042271994054317474,-8.52219295501709,0.03208063542842865,-34.54780197143555,-7.0,7.0,8.497276306152344,0.3269844055175781,0.2617068886756897,-0.37754225730895996,1137
population,27,carpet,10,4725,0.03873587027192116,0.0486648827791214,-8.552947998046875,0.03204857185482979,-34.43436050415039,-7.0,7.0,8.43733024597168,0.3783378005027771,0.2912415862083435,-0.3735927939414978,1138
population,27,carpet,11,4725,0.022503146901726723,0.02770608849823475,-8.907672882080078,0.03201654180884361,-33.40487289428711,-7.0,7.0,8.652731895446777,0.4709692597389221,0.272111713886261,-0.40336981415748596,1139
population,27,carpet,12,4725,0.027511022984981537,0.04206766188144684,-8.937838554382324,0.03198454529047012,-33.8658561706543,-7.0,7.0,8.648358345031738,0.5201051235198975,0.303349107503891,-0.41082286834716797,1140
population,27,carpet,13,4725,0.03135860711336136,0.034148089587688446,-8.709101676940918,0.03195257857441902,-32.85822296142578,-7.0,7.0,8.449115753173828,0.36979272961616516,0.3052847385406494,-0.41180139780044556,1141
population,27,carpet,14,4725,0.047589145600795746,0.0456080362200737,-8.713329315185547,0.03192064166069031,-33.15929412841797,-7.0,7.0,8.400221824645996,0.5082898139953613,0.311959445476532,-0.4231995642185211,1142
population,27,carpet,15,4725,0.022746574133634567,0.03028070740401745,-8.65100383758545,0.03188874199986458,-33.72119140625,-7.0,7.0,8.452896118164062,0.5647382736206055,0.28962597250938416,-0.4322567284107208,1143
population,27,carpet,16,4725,0.029555052518844604,0.025756578892469406,-8.626222610473633,0.03185687214136124,-32.42377853393555,-7.0,7.0,8.417457580566406,0.6005117893218994,0.3342226445674896,-0.42771556973457336,1144
population,27,carpet,17,4725,0.030360622331500053,0.03470095247030258,-8.736547470092773,0.03182503208518028,-33.84203338623047,-7.0,7.0,8.441147804260254,0.5788823962211609,0.30310240387916565,-0.4339834153652191,1145
population,27,carpet,18,4725,0.05207659676671028,0.044738370925188065,-9.000535011291504,0.031793225556612015,-31.768085479736328,-7.0,7.0,8.477749824523926,0.5786454677581787,0.3740256130695343,-0.45405301451683044,1146
population,27,carpet,19,4725,0.022226955741643906,0.016532329842448235,-8.837288856506348,0.031761448830366135,-32.125633239746094,-7.0,7.0,8.593207359313965,0.458645224571228,0.3198382258415222,-0.46031618118286133,1147
population,27,carpet,20,4725,0.07054560631513596,0.0675894245505333,-8.53298568725586,0.03172970563173294,-32.131595611572266,-7.0,7.0,8.542887687683105,0.48200443387031555,0.3059294521808624,-0.451371967792511,1148
population,27,carpet,21,4725,0.04416297376155853,0.03267297148704529,-8.760296821594238,0.03169799596071243,-34.30278778076172,-7.0,7.0,8.703265190124512,0.39684760570526123,0.3259604275226593,-0.4602840840816498,1149
population,27,carpet,22,4725,0.03632048889994621,0.048044051975011826,-9.036983489990234,0.03166631609201431,-32.42020797729492,-7.0,7.0,8.714713096618652,0.4052784740924835,0.3231084644794464,-0.46032360196113586,1150
population,27,carpet,23,4725,0.12669193744659424,0.08680560439825058,-9.062466621398926,0.03163466602563858,-32.503570556640625,-7.0,7.0,8.51967716217041,0.5929991602897644,0.34453895688056946,-0.4560026228427887,1151
population,27,carpet,24,4725,0.05893705040216446,0.06775959581136703,-8.635601997375488,0.031603049486875534,-31.35349464416504,-7.0,7.0,8.617093086242676,0.3921603858470917,0.34955474734306335,-0.4513411819934845,1152
population,27,carpet,25,4725,0.05480000749230385,0.038182102143764496,-8.714585304260254,0.031571466475725174,-31.17276954650879,-7.0,7.0,8.508749008178711,0.6014652252197266,0.3603157103061676,-0.45189744234085083,1153
population,27,carpet,26,4725,0.022304968908429146,0.023658132180571556,-8.863395690917969,0.0315399132668972,-32.990196228027344,-7.0,7.0,8.473504066467285,0.49393096566200256,0.34353533387184143,-0.4474859833717346,1154
population,27,carpet,27,4725,0.0699174702167511,0.04882445186376572,-8.997522354125977,0.03150838986039162,-32.24363327026367,-7.0,7.0,8.604825019836426,0.45786869525909424,0.31972140073776245,-0.43011823296546936,1155
population,27,carpet,28,4725,0.03319291025400162,0.03131938725709915,-8.883966445922852,0.03147689998149872,-33.46819305419922,-7.0,7.0,8.72557544708252,0.477245569229126,0.29982978105545044,-0.4253748953342438,1156
population,27,carpet,29,4725,0.048019107431173325,0.04414540156722069,-8.686573028564453,0.03144543990492821,-34.11614990234375,-7.0,7.0,8.584965705871582,0.4434700012207031,0.30087295174598694,-0.4387042224407196,1157
population,27,carpet,30,4725,0.034311458468437195,0.026341941207647324,-8.84518051147461,0.03141401335597038,-33.52984619140625,-7.0,7.0,8.512907028198242,0.4746151566505432,0.3243415951728821,-0.42502373456954956,1158
population,27,carpet,31,4725,0.0481032095849514,0.0496150478720665,-9.10373592376709,0.031382616609334946,-32.837684631347656,-7.0,7.0,8.64599609375,0.7113863825798035,0.3460182845592499,-0.42405492067337036,1159
population,27,carpet,32,4725,0.037488821893930435,0.029018374159932137,-8.913528442382812,0.031351253390312195,-31.806989669799805,-7.0,7.0,8.568398475646973,0.5670657157897949,0.33511772751808167,-0.42168888449668884,1160
population,27,carpet,33,4725,0.03260089457035065,0.03641729801893234,-8.768693923950195,0.03131991997361183,-32.97378158569336,-7.0,7.0,8.644739151000977,0.4687809944152832,0.3083123564720154,-0.41806265711784363,1161
population,27,carpet,34,4725,0.05186421051621437,0.03454370051622391,-8.798759460449219,0.031288616359233856,-32.27890396118164,-7.0,7.0,8.715189933776855,0.34767016768455505,0.3421155512332916,-0.42537567019462585,1162
population,27,carpet,35,4725,0.03559041768312454,0.03877364844083786,-8.999783515930176,0.03125734627246857,-34.200618743896484,-7.0,7.0,8.720613479614258,0.45843619108200073,0.3479289710521698,-0.40655598044395447,1163
population,27,carpet,36,4725,0.07683427631855011,0.04450143128633499,-9.007519721984863,0.031226107850670815,-33.6949462890625,-7.0,7.0,8.58188247680664,0.3904497027397156,0.3703021705150604,-0.41697269678115845,1164
population,27,carpet,37,4725,0.0364629365503788,0.04809841886162758,-8.841826438903809,0.03119489923119545,-32.06297302246094,-7.0,7.0,8.609552383422852,0.45951247215270996,0.31634289026260376,-0.40134233236312866,1165
population,27,carpet,38,4725,0.05567847192287445,0.03821582719683647,-8.677877426147461,0.031163722276687622,-32.814788818359375,-7.0,7.0,8.51035213470459,0.639735996723175,0.3857295513153076,-0.39912649989128113,1166
population,27,carpet,39,4725,0.024544518440961838,0.031288791447877884,-8.945578575134277,0.03113257698714733,-33.71647644042969,-7.0,7.0,8.70411491394043,0.431654155254364,0.31595081090927124,-0.38889965415000916,1167
population,27,carpet,40,4725,0.040298137813806534,0.03417668491601944,-8.831708908081055,0.031101461499929428,-34.4271354675293,-7.0,7.0,8.573404312133789,0.44053196907043457,0.3004066050052643,-0.38672298192977905,1168
population,27,carpet,41,4725,0.02216007187962532,0.019938204437494278,-9.058856964111328,0.031070377677679062,-33.174278259277344,-7.0,7.0,8.856298446655273,0.46088844537734985,0.3512987494468689,-0.3942672908306122,1169
population,27,carpet,42,4725,0.06831374019384384,0.06745926290750504,-9.03848934173584,0.031039325520396233,-33.989349365234375,-7.0,7.0,8.769577026367188,0.5473458766937256,0.34407487511634827,-0.38114431500434875,1170
population,27,carpet,43,4725,0.03798189386725426,0.043904826045036316,-8.884796142578125,0.03100830316543579,-33.43436050415039,-7.0,7.0,8.482807159423828,0.43210145831108093,0.32003602385520935,-0.37089547514915466,1171
population,27,carpet,44,4725,0.04277890548110008,0.042972903698682785,-8.838661193847656,0.030977312475442886,-35.41069412231445,-7.0,7.0,8.647382736206055,0.5770154595375061,0.29801198840141296,-0.3693276047706604,1172
population,27,carpet,45,4725,0.023227427154779434,0.03246890753507614,-8.864218711853027,0.03094635345041752,-35.877498626708984,-7.0,7.0,8.662200927734375,0.43821999430656433,0.3307878375053406,-0.3710178732872009,1173
population,27,carpet,46,4725,0.03542597219347954,0.04356269910931587,-9.007295608520508,0.03091542422771454,-33.73878479003906,-7.0,7.0,8.606053352355957,0.5654173493385315,0.3343663513660431,-0.3700934052467346,1174
population,27,carpet,47,4725,0.0342089980840683,0.04164711385965347,-9.008740425109863,0.030884526669979095,-34.61176300048828,-7.0,7.0,8.70443058013916,0.50395667552948,0.3045269548892975,-0.3846884071826935,1175
population,27,carpet,48,4725,0.046810876578092575,0.04698292165994644,-9.049991607666016,0.03085366077721119,-33.43775939941406,-7.0,7.0,8.917905807495117,0.41003134846687317,0.3075718879699707,-0.39241108298301697,1176
population,27,carpet,49,4725,0.025388387963175774,0.029722224920988083,-9.021214485168457,0.03082282468676567,-35.51962661743164,-7.0,7.0,8.76628303527832,0.4566241204738617,0.29698652029037476,-0.3858654797077179,1177
population,27,carpet,50,4725,0.03601830452680588,0.042571716010570526,-9.15175724029541,0.03079201839864254,-34.46199035644531,-7.0,7.0,8.843812942504883,0.3973858058452606,0.3074912130832672,-0.4006684720516205,1178
individual,28,carpet,1,4900,0.04914071783423424,0.05033913254737854,-9.022092819213867,0.030761243775486946,-35.37749481201172,-7.0,7.0,8.645731925964355,0.5001084208488464,0.27691850066185,-0.3728775680065155,1179
individual,28,carpet,2,4900,0.12001805752515793,0.12029410898685455,-8.672467231750488,0.03073050081729889,-33.70455551147461,-7.0,7.0,8.750335693359375,0.5521740913391113,0.3070700764656067,-0.38171952962875366,1180
individual,28,carpet,3,4900,0.05278998985886574,0.05853906273841858,-8.837907791137695,0.03069978766143322,-35.30461120605469,-7.0,7.0,8.731391906738281,0.41224145889282227,0.2874157130718231,-0.3693161904811859,1181
individual,28,carpet,4,4900,0.06529358774423599,0.05988842993974686,-9.091622352600098,0.030669106170535088,-33.55098342895508,-7.0,7.0,8.77481460571289,0.362604558467865,0.3026740550994873,-0.38157373666763306,1182
individual,28,carpet,5,4900,0.03523404896259308,0.045255981385707855,-9.106435775756836,0.030638454481959343,-35.55635452270508,-7.0,7.0,8.757312774658203,0.3579545319080353,0.2778193950653076,-0.37454959750175476,1183
individual,28,carpet,6,4900,0.04635147750377655,0.04712195694446564,-8.89669418334961,0.030607832595705986,-34.394752502441406,-7.0,7.0,8.736824035644531,0.4292992353439331,0.32754403352737427,-0.37994176149368286,1184
individual,28,carpet,7,4900,0.07224634289741516,0.09213944524526596,-8.813990592956543,0.030577242374420166,-35.238121032714844,-7.0,7.0,8.796876907348633,0.5658862590789795,0.29622629284858704,-0.37481722235679626,1185
individual,28,carpet,8,4900,0.030760787427425385,0.03173854202032089,-8.94449234008789,0.030546683818101883,-34.461666107177734,-7.0,7.0,8.721776962280273,0.3078143894672394,0.2584855854511261,-0.386130154132843,1186
individual,28,carpet,9,4900,0.062348488718271255,0.06609652936458588,-9.09531307220459,0.030516155064105988,-34.75851821899414,-7.0,7.0,8.669414520263672,0.35204294323921204,0.26328903436660767,-0.3822566568851471,1187
individual,28,carpet,10,4900,0.04587632417678833,0.05798409506678581,-9.082672119140625,0.03048565611243248,-35.017391204833984,-7.0,7.0,8.846742630004883,0.4784102439880371,0.2733946442604065,-0.3941020965576172,1188
individual,28,carpet,11,4900,0.057725559920072556,0.07236816734075546,-8.918466567993164,0.03045518696308136,-34.90957260131836,-7.0,7.0,8.864574432373047,0.42788511514663696,0.2809661626815796,-0.3823711574077606,1189
individual,28,carpet,12,4900,0.02303224802017212,0.043546199798583984,-8.975667953491211,0.030424749478697777,-37.328975677490234,-7.0,7.0,8.853850364685059,0.4290795922279358,0.2826223075389862,-0.3935898244380951,1190
individual,28,carpet,13,4900,0.03497859463095665,0.03138053044676781,-9.138188362121582,0.03039434179663658,-35.570919036865234,-7.0,7.0,8.757930755615234,0.659126877784729,0.3183860182762146,-0.3827083110809326,1191
individual,28,carpet,14,4900,0.04672268405556679,0.0901503711938858,-9.153166770935059,0.030363965779542923,-34.89231872558594,-7.0,7.0,8.736949920654297,0.571948766708374,0.30173712968826294,-0.4025251567363739,1192
individual,28,carpet,15,4900,0.046717651188373566,0.03809843957424164,-8.942052841186523,0.030333619564771652,-35.43499755859375,-7.0,7.0,8.807010650634766,0.41382086277008057,0.283942848443985,-0.3974161446094513,1193
individual,28,carpet,16,4900,0.06215411797165871,0.1084737554192543,-8.784402847290039,0.03030330315232277,-34.77923583984375,-7.0,7.0,8.747568130493164,0.5079649090766907,0.30488157272338867,-0.39908885955810547,1194
individual,28,carpet,17,4900,0.044318221509456635,0.03100038506090641,-9.065496444702148,0.030273016542196274,-33.39181900024414,-7.0,7.0,8.65473461151123,0.524555504322052,0.338455468416214,-0.42096853256225586,1195
individual,28,carpet,18,4900,0.04505481198430061,0.050346557050943375,-9.267367362976074,0.030242761597037315,-33.80772399902344,-7.0,7.0,8.766408920288086,0.47964465618133545,0.3215000033378601,-0.4280967712402344,1196
individual,28,carpet,19,4900,0.0325639583170414,0.06428752094507217,-9.250404357910156,0.030212534591555595,-33.23888397216797,-7.0,7.0,8.977919578552246,0.3283412754535675,0.3130980134010315,-0.4088706970214844,1197
individual,28,carpet,20,4900,0.05781467258930206,0.07440630346536636,-8.9021635055542,0.030182339251041412,-33.714195251464844,-7.0,7.0,8.79399299621582,0.4239257276058197,0.3429306447505951,-0.42639467120170593,1198
individual,28,carpet,21,4900,0.030665090307593346,0.06326235085725784,-8.973936080932617,0.030152175575494766,-33.431461334228516,-7.0,7.0,8.85975170135498,0.6156391501426697,0.356551855802536,-0.42753127217292786,1199
individual,28,carpet,22,4900,0.026954513043165207,0.026479853317141533,-9.103668212890625,0.03012203983962536,-32.06793212890625,-7.0,7.0,8.869226455688477,0.4193309247493744,0.34438636898994446,-0.4179812967777252,1200
individual,28,carpet,23,4900,0.03117668256163597,0.05189315229654312,-9.287075996398926,0.030091935768723488,-34.83724594116211,-7.0,7.0,8.806591987609863,0.5100293159484863,0.36446258425712585,-0.43435922265052795,1201
individual,28,carpet,24,4900,0.03008725866675377,0.04640258848667145,-9.14564323425293,0.030061859637498856,-32.634700775146484,-7.0,7.0,8.849151611328125,0.44528263807296753,0.3268595337867737,-0.42688316106796265,1202
individual,28,carpet,25,4900,0.03790326043963432,0.05156758427619934,-8.883940696716309,0.03003181517124176,-33.47080612182617,-7.0,7.0,8.783025741577148,0.4674990177154541,0.33112892508506775,-0.42600318789482117,1203
individual,28,carpet,26,4900,0.029645666480064392,0.04929615184664726,-8.962212562561035,0.030001800507307053,-33.637962341308594,-7.0,7.0,8.874475479125977,0.41081881523132324,0.32068905234336853,-0.41020458936691284,1204
individual,28,carpet,27,4900,0.06958308815956116,0.06229957938194275,-9.263717651367188,0.029971815645694733,-32.21916580200195,-7.0,7.0,8.731929779052734,0.7238073945045471,0.3727659583091736,-0.4099006950855255,1205
individual,28,carpet,28,4900,0.02792004868388176,0.06205322965979576,-9.059639930725098,0.02994186244904995,-35.16506576538086,-7.0,7.0,8.752877235412598,0.4805183708667755,0.32643452286720276,-0.4130631387233734,1206
individual,28,carpet,29,4900,0.040184181183576584,0.028745267540216446,-8.936250686645508,0.029911937192082405,-34.55134582519531,-7.0,7.0,8.87856674194336,0.3342722952365875,0.3077411949634552,-0.39977046847343445,1207
individual,28,carpet,30,4900,0.020164383575320244,0.054967138916254044,-8.96065616607666,0.029882041737437248,-34.14345932006836,-7.0,7.0,8.99155044555664,0.3600253760814667,0.26693812012672424,-0.37745752930641174,1208
individual,28,carpet,31,4900,0.06551862508058548,0.03923603147268295,-9.078761100769043,0.02985217794775963,-36.21009063720703,-7.0,7.0,8.774069786071777,0.377700537443161,0.3183818459510803,-0.38743215799331665,1209
individual,28,carpet,32,4900,0.03040742129087448,0.04150356352329254,-9.1131010055542,0.029822342097759247,-34.95135498046875,-7.0,7.0,8.927740097045898,0.4015078842639923,0.2988864481449127,-0.3795669972896576,1210
individual,28,carpet,33,4900,0.021044263616204262,0.0494396835565567,-9.003278732299805,0.029792537912726402,-36.08079528808594,-7.0,7.0,8.869173049926758,0.3709973692893982,0.277435839176178,-0.37739917635917664,1211
individual,28,carpet,34,4900,0.03136742115020752,0.03459348902106285,-8.981246948242188,0.029762761667370796,-35.100379943847656,-7.0,7.0,8.813982009887695,0.5327014923095703,0.2919037640094757,-0.37348660826683044,1212
individual,28,carpet,35,4900,0.02953636460006237,0.0806465595960617,-9.002696990966797,0.029733015224337578,-35.63515090942383,-7.0,7.0,9.131389617919922,0.38220539689064026,0.28583574295043945,-0.38156893849372864,1213
individual,28,carpet,36,4900,0.023577559739351273,0.018211612477898598,-9.178136825561523,0.029703300446271896,-34.56505584716797,-7.0,7.0,9.008810997009277,0.4015260338783264,0.2949628233909607,-0.3770768344402313,1214
individual,28,carpet,37,4900,0.03230571374297142,0.07320701330900192,-9.23038101196289,0.029673613607883453,-34.88894271850586,-7.0,7.0,8.959653854370117,0.3114328682422638,0.2915603220462799,-0.39527326822280884,1215
individual,28,carpet,38,4900,0.029323123395442963,0.04342690482735634,-9.165218353271484,0.029643956571817398,-35.2624626159668,-7.0,7.0,9.001778602600098,0.37806394696235657,0.32466378808021545,-0.3956802487373352,1216
individual,28,carpet,39,4900,0.03307049721479416,0.0562727227807045,-9.093639373779297,0.02961432933807373,-33.238399505615234,-7.0,7.0,9.035406112670898,0.42564091086387634,0.2899271845817566,-0.39171719551086426,1217
individual,28,carpet,40,4900,0.030003687366843224,0.04776030406355858,-9.070329666137695,0.02958473190665245,-34.175498962402344,-7.0,7.0,8.91297721862793,0.46293920278549194,0.2927730977535248,-0.38570183515548706,1218
individual,28,carpet,41,4900,0.020160801708698273,0.03134302422404289,-9.096426010131836,0.02955516427755356,-35.031494140625,-7.0,7.0,8.901829719543457,0.3892301321029663,0.2746897041797638,-0.392265647649765,1219
individual,28,carpet,42,4900,0.03906077891588211,0.033457063138484955,-9.18386459350586,0.029525626450777054,-34.53156661987305,-7.0,7.0,9.128891944885254,0.4472188651561737,0.2683636546134949,-0.3728194236755371,1220
individual,28,carpet,43,4900,0.0510869026184082,0.06788811832666397,-9.284196853637695,0.029496118426322937,-33.92559814453125,-7.0,7.0,8.937744140625,0.605449378490448,0.2696799337863922,-0.38706716895103455,1221
individual,28,carpet,44,4900,0.028483573347330093,0.05527959018945694,-9.13300895690918,0.02946663834154606,-35.77494812011719,-7.0,7.0,9.0869779586792,0.402802973985672,0.2177431285381317,-0.38487669825553894,1222
individual,28,carpet,45,4900,0.0382804237306118,0.05069791525602341,-9.229707717895508,0.029437188059091568,-34.86617660522461,-7.0,7.0,8.924626350402832,0.5113376975059509,0.2748993933200836,-0.38210931420326233,1223
individual,28,carpet,46,4900,0.013684269040822983,0.02539971098303795,-9.23486328125,0.029407767578959465,-34.133262634277344,-7.0,7.0,8.934795379638672,0.48302918672561646,0.2601112127304077,-0.3901335895061493,1224
individual,28,carpet,47,4900,0.02004670910537243,0.02443041279911995,-9.204763412475586,0.02937837690114975,-34.57796859741211,-7.0,7.0,8.980682373046875,0.3763449192047119,0.2704714238643646,-0.3802608549594879,1225
individual,28,carpet,48,4900,0.027382105588912964,0.0297640860080719,-9.12218189239502,0.029349016025662422,-35.89460754394531,-7.0,7.0,8.948800086975098,0.5291401147842407,0.24992689490318298,-0.39412927627563477,1226
individual,28,carpet,49,4900,0.06491286307573318,0.11797437071800232,-9.185104370117188,0.029319683089852333,-36.229434967041016,-7.0,7.0,9.127031326293945,0.4400581419467926,0.2785884141921997,-0.39727887511253357,1227
individual,28,carpet,50,4900,0.054392773658037186,0.054854825139045715,-9.419061660766602,0.02929037995636463,-35.66897201538086,-7.0,7.0,9.024782180786133,0.456667423248291,0.26038119196891785,-0.40816929936408997,1228
population,28,carpet,1,4900,0.047971952706575394,0.037198904901742935,-9.015779495239258,0.030761243775486946,-31.805252075195312,-7.0,7.0,8.700785636901855,0.5263429880142212,0.36918893456459045,-0.4269953668117523,1179
population,28,carpet,2,4900,0.025663085281848907,0.0261897761374712,-8.845014572143555,0.03073050081729889,-32.30314254760742,-7.0,7.0,8.671812057495117,0.37430837750434875,0.3601384460926056,-0.4331907629966736,1180
population,28,carpet,3,4900,0.05439014360308647,0.03977042809128761,-8.874765396118164,0.03069978766143322,-32.7840461730957,-7.0,7.0,8.805889129638672,0.37468472123146057,0.3281800448894501,-0.4352615177631378,1181
population,28,carpet,4,4900,0.07898110896348953,0.0799640640616417,-9.215717315673828,0.030669106170535088,-31.473772048950195,-7.0,7.0,8.707096099853516,0.49307453632354736,0.35423579812049866,-0.4502399265766144,1182
population,28,carpet,5,4900,0.019020237028598785,0.021025653928518295,-9.080302238464355,0.030638454481959343,-32.067527770996094,-7.0,7.0,8.775672912597656,0.38458961248397827,0.36917543411254883,-0.4479345679283142,1183
population,28,carpet,6,4900,0.024150827899575233,0.03275495395064354,-8.962092399597168,0.030607832595705986,-31.541662216186523,-7.0,7.0,8.806614875793457,0.2778078019618988,0.3657698631286621,-0.4454188346862793,1184
population,28,carpet,7,4900,0.04860161244869232,0.04432181268930435,-8.891157150268555,0.030577242374420166,-34.05601501464844,-7.0,7.0,8.87406063079834,0.43584373593330383,0.3270801901817322,-0.44151678681373596,1185
population,28,carpet,8,4900,0.051319435238838196,0.040354758501052856,-8.935470581054688,0.030546683818101883,-31.387939453125,-7.0,7.0,8.807846069335938,0.3393792510032654,0.3389665484428406,-0.44936463236808777,1186
population,28,carpet,9,4900,0.049832284450531006,0.04069674760103226,-9.114604949951172,0.030516155064105988,-32.75188446044922,-7.0,7.0,8.841470718383789,0.3592453598976135,0.341841459274292,-0.4493168294429779,1187
population,28,carpet,10,4900,0.039213649928569794,0.032030247151851654,-9.053110122680664,0.03048565611243248,-33.064064025878906,-7.0,7.0,8.74288272857666,0.5261194705963135,0.35123252868652344,-0.446943998336792,1188
population,28,carpet,11,4900,0.04814320057630539,0.04201780632138252,-9.013324737548828,0.03045518696308136,-32.4105110168457,-7.0,7.0,8.80257511138916,0.37820374965667725,0.3518373668193817,-0.44503286480903625,1189
population,28,carpet,12,4900,0.03779614716768265,0.03505420684814453,-9.09771728515625,0.030424749478697777,-34.584510803222656,-7.0,7.0,8.8658447265625,0.505331814289093,0.3587765097618103,-0.4422864019870758,1190
population,28,carpet,13,4900,0.04155397787690163,0.053955696523189545,-9.116239547729492,0.03039434179663658,-32.33192443847656,-7.0,7.0,8.617923736572266,0.6983204483985901,0.3732180893421173,-0.4233589768409729,1191
population,28,carpet,14,4900,0.04282722249627113,0.053711116313934326,-8.945873260498047,0.030363965779542923,-33.761959075927734,-7.0,7.0,8.875252723693848,0.4695596694946289,0.34131357073783875,-0.4273797869682312,1192
population,28,carpet,15,4900,0.01941942609846592,0.024980129674077034,-9.103565216064453,0.030333619564771652,-33.73720169067383,-7.0,7.0,8.896544456481934,0.4477307200431824,0.3256444036960602,-0.4329415261745453,1193
population,28,carpet,16,4900,0.025943921878933907,0.030598098412156105,-9.174430847167969,0.03030330315232277,-33.16136169433594,-7.0,7.0,8.9121675491333,0.6072059869766235,0.3181755244731903,-0.428221195936203,1194
population,28,carpet,17,4900,0.04180382192134857,0.04882698506116867,-9.331071853637695,0.030273016542196274,-32.34430694580078,-7.0,7.0,9.016407012939453,0.4372828006744385,0.32711130380630493,-0.4157399535179138,1195
population,28,carpet,18,4900,0.036077868193387985,0.05408474802970886,-9.163239479064941,0.030242761597037315,-35.13112258911133,-7.0,7.0,9.027765274047852,0.4991764724254608,0.34562593698501587,-0.3953647017478943,1196
population,28,carpet,19,4900,0.022909464314579964,0.022736845538020134,-9.046878814697266,0.030212534591555595,-32.29263687133789,-7.0,7.0,8.656961441040039,0.6176593899726868,0.33786821365356445,-0.4031514823436737,1197
population,28,carpet,20,4900,0.03591529279947281,0.03337470814585686,-9.182599067687988,0.030182339251041412,-34.034263610839844,-7.0,7.0,8.798833847045898,0.5846458077430725,0.3542926013469696,-0.39331957697868347,1198
population,28,carpet,21,4900,0.03459879755973816,0.0328381173312664,-9.143576622009277,0.030152175575494766,-32.715965270996094,-7.0,7.0,8.881255149841309,0.4862988591194153,0.3763403296470642,-0.4135194420814514,1199
population,28,carpet,22,4900,0.07514505088329315,0.0604376345872879,-9.287531852722168,0.03012203983962536,-32.46636962890625,-7.0,7.0,8.887227058410645,0.6739416718482971,0.3393825888633728,-0.40605539083480835,1200
population,28,carpet,23,4900,0.04391726106405258,0.04671752080321312,-9.131957054138184,0.030091935768723488,-32.89508056640625,-7.0,7.0,8.954057693481445,0.6708140969276428,0.3238545060157776,-0.40199995040893555,1201
population,28,carpet,24,4900,0.01781013235449791,0.0127473259344697,-9.095088005065918,0.030061859637498856,-33.511505126953125,-7.0,7.0,8.939319610595703,0.4889082610607147,0.3189357817173004,-0.3956303000450134,1202
population,28,carpet,25,4900,0.04473279416561127,0.04204126074910164,-9.374290466308594,0.03003181517124176,-32.742183685302734,-7.0,7.0,8.944023132324219,0.4822167456150055,0.4036484360694885,-0.4223584830760956,1203
population,28,carpet,26,4900,0.051881831139326096,0.045904651284217834,-9.170598983764648,0.030001800507307053,-34.57937240600586,-7.0,7.0,8.896230697631836,0.35222911834716797,0.3443659842014313,-0.4145693778991699,1204
population,28,carpet,27,4900,0.020023439079523087,0.024991123005747795,-9.280227661132812,0.029971815645694733,-33.177734375,-7.0,7.0,8.713762283325195,0.8301720023155212,0.43037059903144836,-0.4096324145793915,1205
population,28,carpet,28,4900,0.03437330946326256,0.03632468357682228,-9.344162940979004,0.02994186244904995,-33.47111892700195,-7.0,7.0,9.076798439025879,0.4311562776565552,0.34837430715560913,-0.40453678369522095,1206
population,28,carpet,29,4900,0.030857399106025696,0.02997698076069355,-9.220521926879883,0.029911937192082405,-31.302919387817383,-7.0,7.0,8.986319541931152,0.43109458684921265,0.37054872512817383,-0.40166932344436646,1207
population,28,carpet,30,4900,0.024730781093239784,0.032864976674318314,-9.138399124145508,0.029882041737437248,-34.537967681884766,-7.0,7.0,9.0241117477417,0.4269329309463501,0.2993658483028412,-0.3929072320461273,1208
population,28,carpet,31,4900,0.016667982563376427,0.01856808364391327,-9.159518241882324,0.02985217794775963,-33.07567596435547,-7.0,7.0,8.986259460449219,0.41001370549201965,0.32816192507743835,-0.39485687017440796,1209
population,28,carpet,32,4900,0.03186719864606857,0.03838689252734184,-9.25263500213623,0.029822342097759247,-34.560062408447266,-7.0,7.0,8.956626892089844,0.5878923535346985,0.3012421131134033,-0.3804805278778076,1210
population,28,carpet,33,4900,0.057593874633312225,0.043884217739105225,-9.132644653320312,0.029792537912726402,-33.75822830200195,-7.0,7.0,8.942192077636719,0.6111945509910583,0.3441791534423828,-0.3844771385192871,1211
population,28,carpet,34,4900,0.027475472539663315,0.02712775208055973,-9.223779678344727,0.029762761667370796,-35.32609176635742,-7.0,7.0,8.96920394897461,0.36415964365005493,0.30450719594955444,-0.3811887204647064,1212
population,28,carpet,35,4900,0.08518554270267487,0.08162559568881989,-9.45604419708252,0.029733015224337578,-36.61284255981445,-7.0,7.0,8.977243423461914,0.46270501613616943,0.2849251329898834,-0.3758079409599304,1213
population,28,carpet,36,4900,0.02739756926894188,0.027075398713350296,-9.295660018920898,0.029703300446271896,-35.91873550415039,-7.0,7.0,9.006702423095703,0.6430848836898804,0.3086821138858795,-0.3721238672733307,1214
population,28,carpet,37,4900,0.06852556765079498,0.06721052527427673,-9.078521728515625,0.029673613607883453,-36.93084716796875,-7.0,7.0,9.018829345703125,0.564044713973999,0.2751711905002594,-0.363420695066452,1215
population,28,carpet,38,4900,0.02491009794175625,0.022505735978484154,-9.146635055541992,0.029643956571817398,-35.82694625854492,-7.0,7.0,8.905892372131348,0.5033698081970215,0.27490559220314026,-0.3692764341831207,1216
population,28,carpet,39,4900,0.03115570917725563,0.025426538661122322,-9.266578674316406,0.02961432933807373,-35.65597915649414,-7.0,7.0,9.046451568603516,0.4008176624774933,0.2680453658103943,-0.37506821751594543,1217
population,28,carpet,40,4900,0.04305976256728172,0.029819313436746597,-9.308525085449219,0.02958473190665245,-36.431297302246094,-7.0,7.0,9.080790519714355,0.3830670118331909,0.27460145950317383,-0.38066616654396057,1218
population,28,carpet,41,4900,0.03047936037182808,0.029004763811826706,-9.381364822387695,0.02955516427755356,-35.01130676269531,-7.0,7.0,9.329801559448242,0.3640995919704437,0.27750924229621887,-0.38392356038093567,1219
population,28,carpet,42,4900,0.03753291070461273,0.030349858105182648,-9.266973495483398,0.029525626450777054,-34.72568893432617,-7.0,7.0,8.999038696289062,0.6070363521575928,0.30560189485549927,-0.39256924390792847,1220
population,28,carpet,43,4900,0.028829120099544525,0.025316739454865456,-9.405786514282227,0.029496118426322937,-35.79611587524414,-7.0,7.0,9.123147964477539,0.5357877612113953,0.30200091004371643,-0.40376144647598267,1221
population,28,carpet,44,4900,0.03011804074048996,0.027913672849535942,-9.29027271270752,0.02946663834154606,-35.71467208862305,-7.0,7.0,9.024094581604004,0.5249223709106445,0.29445046186447144,-0.4025338292121887,1222
population,28,carpet,45,4900,0.026670504361391068,0.031408391892910004,-9.239567756652832,0.029437188059091568,-34.93607711791992,-7.0,7.0,8.98466968536377,0.4393927752971649,0.3094577193260193,-0.40539535880088806,1223
population,28,carpet,46,4900,0.033404190093278885,0.030063394457101822,-9.276290893554688,0.029407767578959465,-33.779998779296875,-7.0,7.0,8.987357139587402,0.46135279536247253,0.30422893166542053,-0.42089274525642395,1224
population,28,carpet,47,4900,0.024190783500671387,0.027342427521944046,-9.39135456085205,0.02937837690114975,-34.383262634277344,-7.0,7.0,9.106412887573242,0.461313396692276,0.3165339529514313,-0.433093786239624,1225
population,28,carpet,48,4900,0.037527360022068024,0.029314516112208366,-9.384601593017578,0.029349016025662422,-34.589569091796875,-7.0,7.0,9.077567100524902,0.5051153302192688,0.314817875623703,-0.4415530860424042,1226
population,28,carpet,49,4900,0.019981499761343002,0.016581092029809952,-9.208150863647461,0.029319683089852333,-32.99037551879883,-7.0,7.0,8.922983169555664,0.47154122591018677,0.381805956363678,-0.46123045682907104,1227
population,28,carpet,50,4900,0.034477248787879944,0.022111155092716217,-9.271730422973633,0.02929037995636463,-33.63983154296875,-7.0,7.0,9.241811752319336,0.39149048924446106,0.32784509658813477,-0.4492936134338379,1228
individual,29,carpet,1,5075,0.06039045751094818,0.11372751742601395,-9.470526695251465,0.029261106625199318,-34.070560455322266,-7.0,7.0,9.084487915039062,0.41429346799850464,0.2577741742134094,-0.41302162408828735,1229
individual,29,carpet,2,5075,0.06737776100635529,0.043118659406900406,-9.142672538757324,0.029231863096356392,-34.764530181884766,-7.0,7.0,9.119355201721191,0.32769858837127686,0.27010175585746765,-0.4134993553161621,1230
individual,29,carpet,3,5075,0.046651072800159454,0.10912460833787918,-9.116029739379883,0.029202647507190704,-34.46000289916992,-7.0,7.0,9.064815521240234,0.3653232753276825,0.2877419888973236,-0.4344736635684967,1231
individual,29,carpet,4,5075,0.03645327314734459,0.023124516010284424,-9.22329330444336,0.029173461720347404,-33.69328308105469,-7.0,7.0,8.992149353027344,0.5139913558959961,0.2559488117694855,-0.42921188473701477,1232
individual,29,carpet,5,5075,0.07881299406290054,0.10616112500429153,-9.53974437713623,0.029144305735826492,-33.391212463378906,-7.0,7.0,9.102191925048828,0.47321265935897827,0.2786422669887543,-0.45142731070518494,1233
individual,29,carpet,6,5075,0.03853009268641472,0.028724247589707375,-9.188375473022461,0.02911517769098282,-35.00454330444336,-7.0,7.0,9.11676025390625,0.4203006625175476,0.26900506019592285,-0.4495024085044861,1234
individual,29,carpet,7,5075,0.07054957747459412,0.06042772904038429,-9.023962020874023,0.029086079448461533,-34.05342102050781,-7.0,7.0,8.947087287902832,0.5457845330238342,0.32059186697006226,-0.48109254240989685,1235
individual,29,carpet,8,5075,0.030801262706518173,0.05105346813797951,-9.09365463256836,0.029057009145617485,-32.122154235839844,-7.0,7.0,8.992045402526855,0.44218558073043823,0.3415655791759491,-0.4865071177482605,1236
individual,29,carpet,9,5075,0.04943818971514702,0.048751816153526306,-9.292160987854004,0.029027968645095825,-32.746707916259766,-7.0,7.0,9.044942855834961,0.5802828669548035,0.3407072126865387,-0.49788278341293335,1237
individual,29,carpet,10,5075,0.0370909683406353,0.046888917684555054,-9.38789176940918,0.028998957946896553,-31.62889289855957,-7.0,7.0,9.005815505981445,0.5757676362991333,0.3694732189178467,-0.5045275688171387,1238
individual,29,carpet,11,5075,0.02503393031656742,0.03338579460978508,-9.404313087463379,0.02896997518837452,-31.6299991607666,-7.0,7.0,9.122751235961914,0.6638655066490173,0.3733859360218048,-0.4944831430912018,1239
individual,29,carpet,12,5075,0.01114124245941639,0.03465338423848152,-9.11353874206543,0.028941022232174873,-33.275177001953125,-7.0,7.0,9.060710906982422,0.2611413896083832,0.31737658381462097,-0.4793476462364197,1240
individual,29,carpet,13,5075,0.0271861981600523,0.05685655027627945,-9.282658576965332,0.028912097215652466,-31.47605323791504,-7.0,7.0,9.122244834899902,0.40087610483169556,0.38457629084587097,-0.4841422438621521,1241
individual,29,carpet,14,5075,0.02182740345597267,0.02544482797384262,-9.416393280029297,0.028883202001452446,-32.284568786621094,-7.0,7.0,9.11037540435791,0.5100494027137756,0.3587304651737213,-0.4859844744205475,1242
individual,29,carpet,15,5075,0.05007608234882355,0.05565381795167923,-9.494501113891602,0.028854334726929665,-30.938291549682617,-7.0,7.0,9.068431854248047,0.4955087900161743,0.4151477515697479,-0.4764876067638397,1243
individual,29,carpet,16,5075,0.025969248265028,0.02762739174067974,-9.440614700317383,0.02882549725472927,-35.066890716552734,-7.0,7.0,9.05443000793457,0.32029402256011963,0.2872990667819977,-0.440887451171875,1244
individual,29,carpet,17,5075,0.02090887911617756,0.021766288205981255,-9.21850299835205,0.028796687722206116,-33.67987060546875,-7.0,7.0,9.098843574523926,0.270694375038147,0.3227086365222931,-0.4534088671207428,1245
individual,29,carpet,18,5075,0.02974809519946575,0.04894006997346878,-9.31239128112793,0.028767907992005348,-34.91474914550781,-7.0,7.0,9.219368934631348,0.583591639995575,0.3034828007221222,-0.43686509132385254,1246
individual,29,carpet,19,5075,0.04251840338110924,0.0342831090092659,-9.33842945098877,0.02873915620148182,-33.78154373168945,-7.0,7.0,9.147775650024414,0.4387638568878174,0.29051539301872253,-0.43276602029800415,1247
individual,29,carpet,20,5075,0.04646667465567589,0.06222427263855934,-9.51302719116211,0.028710434213280678,-33.62139892578125,-7.0,7.0,9.143634796142578,0.41752544045448303,0.2875915467739105,-0.42853307723999023,1248
individual,29,carpet,21,5075,0.06584560126066208,0.05768867954611778,-9.589411735534668,0.028681740164756775,-33.46653747558594,-7.0,7.0,9.195185661315918,0.5657181739807129,0.3099444508552551,-0.43249183893203735,1249
individual,29,carpet,22,5075,0.03626643866300583,0.046617291867733,-9.300948143005371,0.02865307405591011,-33.99663543701172,-7.0,7.0,9.229063034057617,0.42975541949272156,0.2759612798690796,-0.42230480909347534,1250
individual,29,carpet,23,5075,0.060206785798072815,0.05498167499899864,-9.200278282165527,0.028624437749385834,-34.17171096801758,-7.0,7.0,9.151508331298828,0.4497498571872711,0.2643982470035553,-0.414182186126709,1251
individual,29,carpet,24,5075,0.028789037838578224,0.033151280134916306,-9.391820907592773,0.028595829382538795,-34.421871185302734,-7.0,7.0,9.089985847473145,0.49724438786506653,0.27723684906959534,-0.410540372133255,1252
individual,29,carpet,25,5075,0.09812912344932556,0.09991185367107391,-9.657922744750977,0.028567250818014145,-36.051815032958984,-7.0,7.0,9.270503997802734,0.48039373755455017,0.25546911358833313,-0.4011240303516388,1253
individual,29,carpet,26,5075,0.029466642066836357,0.026447225362062454,-9.371105194091797,0.028538700193166733,-35.7878532409668,-7.0,7.0,9.047381401062012,0.4343032240867615,0.29605841636657715,-0.40565696358680725,1254
individual,29,carpet,27,5075,0.0745699554681778,0.06885230541229248,-9.225022315979004,0.02851017750799656,-35.3442497253418,-7.0,7.0,9.267841339111328,0.46957042813301086,0.25933974981307983,-0.4068324863910675,1255
individual,29,carpet,28,5075,0.023670077323913574,0.02419167011976242,-9.346565246582031,0.028481682762503624,-34.414466857910156,-7.0,7.0,9.174851417541504,0.45894476771354675,0.26742613315582275,-0.40933603048324585,1256
individual,29,carpet,29,5075,0.057036884129047394,0.07456773519515991,-9.551767349243164,0.028453217819333076,-35.452781677246094,-7.0,7.0,9.228413581848145,0.5705127716064453,0.2971327006816864,-0.39495572447776794,1257
individual,29,carpet,30,5075,0.02656853385269642,0.040018949657678604,-9.463359832763672,0.028424780815839767,-36.10472869873047,-7.0,7.0,9.184236526489258,0.4655230641365051,0.2983446419239044,-0.4000798761844635,1258
individual,29,carpet,31,5075,0.02827269397675991,0.03859401121735573,-9.312576293945312,0.028396371752023697,-36.631343841552734,-7.0,7.0,9.25318717956543,0.37938278913497925,0.2752832770347595,-0.39913448691368103,1259
individual,29,carpet,32,5075,0.028317440301179886,0.028932668268680573,-9.327954292297363,0.028367992490530014,-35.36623764038086,-7.0,7.0,9.318425178527832,0.3480950891971588,0.25086769461631775,-0.3962605595588684,1260
individual,29,carpet,33,5075,0.033828526735305786,0.034604042768478394,-9.60147476196289,0.02833964116871357,-36.08229064941406,-7.0,7.0,9.291106224060059,0.5046218633651733,0.3021993935108185,-0.4060959815979004,1261
individual,29,carpet,34,5075,0.043324220925569534,0.03519380837678909,-9.637426376342773,0.028311317786574364,-35.56221008300781,-7.0,7.0,9.162696838378906,0.5156567096710205,0.30083274841308594,-0.40741944313049316,1262
individual,29,carpet,35,5075,0.021359916776418686,0.017540279775857925,-9.523433685302734,0.028283022344112396,-34.85879135131836,-7.0,7.0,9.353529930114746,0.42896977066993713,0.3203323185443878,-0.42041316628456116,1263
individual,29,carpet,36,5075,0.026995453983545303,0.0251825712621212,-9.43553638458252,0.028254754841327667,-35.68463897705078,-7.0,7.0,9.33356761932373,0.3992002606391907,0.2923211455345154,-0.4145136773586273,1264
individual,29,carpet,37,5075,0.035440556704998016,0.041206903755664825,-9.442310333251953,0.028226517140865326,-33.208866119384766,-7.0,7.0,9.433207511901855,0.4098529815673828,0.3467533588409424,-0.43352174758911133,1265
individual,29,carpet,38,5075,0.028339765965938568,0.027264036238193512,-9.487171173095703,0.028198305517435074,-36.05940246582031,-7.0,7.0,9.298232078552246,0.41777297854423523,0.33938828110694885,-0.4309762120246887,1266
individual,29,carpet,39,5075,0.07050269842147827,0.08363572508096695,-9.71129035949707,0.02817012369632721,-35.986610412597656,-7.0,7.0,9.365791320800781,0.4726966619491577,0.3065803349018097,-0.4313030242919922,1267
individual,29,carpet,40,5075,0.05707696080207825,0.04409637302160263,-9.370227813720703,0.028141969814896584,-36.982704162597656,-7.0,7.0,9.35896110534668,0.35075467824935913,0.3152950704097748,-0.4364941120147705,1268
individual,29,carpet,41,5075,0.0891728550195694,0.098218634724617,-9.344972610473633,0.028113843873143196,-33.34880447387695,-7.0,7.0,9.366876602172852,0.3978348970413208,0.3357817530632019,-0.43600544333457947,1269
individual,29,carpet,42,5075,0.06557858735322952,0.05547458678483963,-9.646842956542969,0.028085745871067047,-32.96578598022461,-7.0,7.0,9.199126243591309,0.5309120416641235,0.3272199332714081,-0.44963565468788147,1270
individual,29,carpet,43,5075,0.03658080846071243,0.029351145029067993,-9.683005332946777,0.028057677671313286,-34.975196838378906,-7.0,7.0,9.407474517822266,0.2735408544540405,0.2674274444580078,-0.4464392066001892,1271
individual,29,carpet,44,5075,0.028616759926080704,0.02376178838312626,-9.554813385009766,0.028029635548591614,-34.65497589111328,-7.0,7.0,9.380902290344238,0.576931357383728,0.2861959636211395,-0.4466760754585266,1272
individual,29,carpet,45,5075,0.08245820552110672,0.05868031084537506,-9.359916687011719,0.02800162136554718,-35.0504264831543,-7.0,7.0,9.31519603729248,0.49516746401786804,0.30608582496643066,-0.433401882648468,1273
individual,29,carpet,46,5075,0.049075331538915634,0.04432488605380058,-9.466512680053711,0.027973635122179985,-35.335487365722656,-7.0,7.0,9.300898551940918,0.380736768245697,0.29700422286987305,-0.4452054500579834,1274
individual,29,carpet,47,5075,0.03421301767230034,0.03440328687429428,-9.585919380187988,0.027945678681135178,-36.0394287109375,-7.0,7.0,9.43368148803711,0.4510713219642639,0.2650274336338043,-0.46357569098472595,1275
individual,29,carpet,48,5075,0.05188530683517456,0.05125126242637634,-9.820276260375977,0.02791774831712246,-34.59382629394531,-7.0,7.0,9.381725311279297,0.3883458375930786,0.30801939964294434,-0.43782782554626465,1276
individual,29,carpet,49,5075,0.03767647221684456,0.03290562704205513,-9.68923568725586,0.02788984775543213,-34.93057632446289,-7.0,7.0,9.389798164367676,0.4477618634700775,0.28536635637283325,-0.4503316283226013,1277
individual,29,carpet,50,5075,0.03556635230779648,0.03141584247350693,-9.509173393249512,0.027861973270773888,-33.67103576660156,-7.0,7.0,9.294225692749023,0.5567702651023865,0.32180550694465637,-0.4569508731365204,1278
population,29,carpet,1,5075,0.02294263057410717,0.026038359850645065,-9.279474258422852,0.029261106625199318,-34.027347564697266,-7.0,7.0,9.013150215148926,0.4915725588798523,0.3375997841358185,-0.4646632671356201,1229
population,29,carpet,2,5075,0.025878150016069412,0.021745510399341583,-9.390549659729004,0.029231863096356392,-33.43730545043945,-7.0,7.0,9.061972618103027,0.561824381351471,0.3576561510562897,-0.47989481687545776,1230
population,29,carpet,3,5075,0.05458511784672737,0.048682257533073425,-9.435284614562988,0.029202647507190704,-31.78322410583496,-7.0,7.0,9.175919532775879,0.37064382433891296,0.3508119285106659,-0.4776234030723572,1231
population,29,carpet,4,5075,0.03447476774454117,0.030380431562662125,-9.41596794128418,0.029173461720347404,-31.704557418823242,-7.0,7.0,9.277873992919922,0.5117673277854919,0.3411760628223419,-0.4949359893798828,1232
population,29,carpet,5,5075,0.057561859488487244,0.052070893347263336,-9.250208854675293,0.029144305735826492,-31.886676788330078,-7.0,7.0,9.122413635253906,0.5436158180236816,0.38561591506004333,-0.4997953772544861,1233
population,29,carpet,6,5075,0.027401152998209,0.031626585870981216,-9.404524803161621,0.02911517769098282,-32.360015869140625,-7.0,7.0,9.246776580810547,0.3999345898628235,0.359263151884079,-0.49419713020324707,1234
population,29,carpet,7,5075,0.030244305729866028,0.02130112424492836,-9.528120040893555,0.029086079448461533,-33.763275146484375,-7.0,7.0,9.181509971618652,0.7056736946105957,0.3792376220226288,-0.49453631043434143,1235
population,29,carpet,8,5075,0.019854070618748665,0.02338891476392746,-9.325342178344727,0.029057009145617485,-31.397565841674805,-7.0,7.0,9.102407455444336,0.5178685188293457,0.34983113408088684,-0.4846629202365875,1236
population,29,carpet,9,5075,0.020400075241923332,0.016426075249910355,-9.350066184997559,0.029027968645095825,-32.93791198730469,-7.0,7.0,9.04493522644043,0.6590560674667358,0.3331541419029236,-0.48000311851501465,1237
population,29,carpet,10,5075,0.04396328702569008,0.030778810381889343,-9.336403846740723,0.028998957946896553,-32.7426643371582,-7.0,7.0,9.147518157958984,0.45334288477897644,0.3462165892124176,-0.47157588601112366,1238
population,29,carpet,11,5075,0.05429881811141968,0.04552821069955826,-9.480758666992188,0.02896997518837452,-33.45050811767578,-7.0,7.0,9.21802043914795,0.7247670292854309,0.37403053045272827,-0.4692407250404358,1239
population,29,carpet,12,5075,0.03500113636255264,0.026369821280241013,-9.513123512268066,0.028941022232174873,-34.13766098022461,-7.0,7.0,9.246131896972656,0.39969825744628906,0.3258960545063019,-0.4666503071784973,1240
population,29,carpet,13,5075,0.0320548415184021,0.031161097809672356,-9.521700859069824,0.028912097215652466,-33.35074996948242,-7.0,7.0,9.136152267456055,0.6672751903533936,0.35129445791244507,-0.45846447348594666,1241
population,29,carpet,14,5075,0.038531433790922165,0.04475291818380356,-9.410850524902344,0.028883202001452446,-34.437347412109375,-7.0,7.0,9.278956413269043,0.44733816385269165,0.3341893255710602,-0.45538949966430664,1242
population,29,carpet,15,5075,0.07201611250638962,0.1089206337928772,-9.39822006225586,0.028854334726929665,-32.2626838684082,-7.0,7.0,9.138447761535645,0.6151912212371826,0.33887284994125366,-0.45218294858932495,1243
population,29,carpet,16,5075,0.0727405846118927,0.06435956060886383,-9.693628311157227,0.02882549725472927,-36.18821334838867,-7.0,7.0,9.16668701171875,0.44554904103279114,0.3354242146015167,-0.4498312175273895,1244
population,29,carpet,17,5075,0.04507720470428467,0.043281927704811096,-9.620306015014648,0.028796687722206116,-34.14529037475586,-7.0,7.0,9.148715019226074,0.5074129700660706,0.36726871132850647,-0.4534396827220917,1245
population,29,carpet,18,5075,0.0983109101653099,0.07344874739646912,-9.134953498840332,0.028767907992005348,-35.14707565307617,-7.0,7.0,9.226347923278809,0.345213383436203,0.32610711455345154,-0.45424512028694153,1246
population,29,carpet,19,5075,0.060395222157239914,0.05220448970794678,-9.279387474060059,0.02873915620148182,-35.661319732666016,-7.0,7.0,9.166513442993164,0.4668308198451996,0.3121037483215332,-0.43730470538139343,1247
population,29,carpet,20,5075,0.05348033457994461,0.04041555896401405,-9.626727104187012,0.028710434213280678,-34.96839904785156,-7.0,7.0,9.341236114501953,0.44563525915145874,0.300523579120636,-0.43899327516555786,1248
population,29,carpet,21,5075,0.10287652909755707,0.060285259038209915,-9.698368072509766,0.028681740164756775,-35.789283752441406,-7.0,7.0,9.2017240524292,0.47808730602264404,0.31725338101387024,-0.4354507625102997,1249
population,29,carpet,22,5075,0.04367801174521446,0.02778591774404049,-9.539091110229492,0.02865307405591011,-33.596580505371094,-7.0,7.0,9.396143913269043,0.4289277493953705,0.32373782992362976,-0.4449075758457184,1250
population,29,carpet,23,5075,0.07039403915405273,0.0501493401825428,-9.30449390411377,0.028624437749385834,-34.64875793457031,-7.0,7.0,9.215555191040039,0.3706963360309601,0.3108374774456024,-0.43381014466285706,1251
population,29,carpet,24,5075,0.033123623579740524,0.03580501303076744,-9.449383735656738,0.028595829382538795,-34.03826904296875,-7.0,7.0,9.136537551879883,0.6364878416061401,0.31076616048812866,-0.4410931169986725,1252
population,29,carpet,25,5075,0.09238288551568985,0.05204201862215996,-9.732992172241211,0.028567250818014145,-34.79304504394531,-7.0,7.0,9.296887397766113,0.7044210433959961,0.31670254468917847,-0.43696358799934387,1253
population,29,carpet,26,5075,0.020402193069458008,0.017951026558876038,-9.61403751373291,0.028538700193166733,-34.045989990234375,-7.0,7.0,9.354365348815918,0.45903486013412476,0.3077959418296814,-0.4286343455314636,1254
population,29,carpet,27,5075,0.0496547669172287,0.026763128116726875,-9.274340629577637,0.02851017750799656,-34.7259521484375,-7.0,7.0,9.265289306640625,0.5095136165618896,0.28602033853530884,-0.4285433292388916,1255
population,29,carpet,28,5075,0.026456229388713837,0.03013397753238678,-9.47071361541748,0.028481682762503624,-35.81025695800781,-7.0,7.0,9.436772346496582,0.4129493236541748,0.2806646227836609,-0.4287969470024109,1256
population,29,carpet,29,5075,0.06115303933620453,0.0582619309425354,-9.661360740661621,0.028453217819333076,-35.98181915283203,-7.0,7.0,9.270915985107422,0.5181841254234314,0.3352494537830353,-0.439188152551651,1257
population,29,carpet,30,5075,0.04455893486738205,0.045013152062892914,-9.649261474609375,0.028424780815839767,-34.40000915527344,-7.0,7.0,9.305334091186523,0.6270484328269958,0.31562161445617676,-0.4366139769554138,1258
population,29,carpet,31,5075,0.03904276341199875,0.03197798877954483,-9.474550247192383,0.028396371752023697,-35.01132583618164,-7.0,7.0,9.32115650177002,0.4425407648086548,0.3048592507839203,-0.4471326470375061,1259
population,29,carpet,32,5075,0.02673259936273098,0.03096790984272957,-9.454244613647461,0.028367992490530014,-35.1140251159668,-7.0,7.0,9.373249053955078,0.41720548272132874,0.31061938405036926,-0.45559874176979065,1260
population,29,carpet,33,5075,0.0329473540186882,0.024945277720689774,-9.49882984161377,0.02833964116871357,-34.782569885253906,-7.0,7.0,9.222311973571777,0.44955766201019287,0.3182716965675354,-0.457496702671051,1261
population,29,carpet,34,5075,0.023871291428804398,0.017388632521033287,-9.50513744354248,0.028311317786574364,-34.97096252441406,-7.0,7.0,9.26064395904541,0.5010583400726318,0.31284603476524353,-0.45373299717903137,1262
population,29,carpet,35,5075,0.024072472006082535,0.01667182520031929,-9.428702354431152,0.028283022344112396,-34.72020721435547,-7.0,7.0,9.24563980102539,0.4867052137851715,0.31074872612953186,-0.446121484041214,1263
population,29,carpet,36,5075,0.022181585431098938,0.024349182844161987,-9.479598999023438,0.028254754841327667,-35.031883239746094,-7.0,7.0,9.257452964782715,0.5400753021240234,0.33922243118286133,-0.46296510100364685,1264
population,29,carpet,37,5075,0.024847395718097687,0.024600636214017868,-9.51164436340332,0.028226517140865326,-34.39665603637695,-7.0,7.0,9.396506309509277,0.44906744360923767,0.3352333903312683,-0.44350162148475647,1265
population,29,carpet,38,5075,0.032664380967617035,0.03146106377243996,-9.599088668823242,0.028198305517435074,-34.00932312011719,-7.0,7.0,9.33338737487793,0.4641476571559906,0.3369290232658386,-0.4421958327293396,1266
population,29,carpet,39,5075,0.03205425664782524,0.03301455080509186,-9.597186088562012,0.02817012369632721,-34.2474365234375,-7.0,7.0,9.22091007232666,0.5256271362304688,0.32252803444862366,-0.4308059811592102,1267
population,29,carpet,40,5075,0.027976758778095245,0.028325796127319336,-9.607248306274414,0.028141969814896584,-34.84932327270508,-7.0,7.0,9.426230430603027,0.4273267984390259,0.29883527755737305,-0.4185869097709656,1268
population,29,carpet,41,5075,0.04067043587565422,0.03813852742314339,-9.599483489990234,0.028113843873143196,-34.722618103027344,-7.0,7.0,9.339550018310547,0.5712559819221497,0.31864383816719055,-0.41448089480400085,1269
population,29,carpet,42,5075,0.047806981950998306,0.03541996330022812,-9.789388656616211,0.028085745871067047,-36.77044677734375,-7.0,7.0,9.443934440612793,0.6519715189933777,0.3031465709209442,-0.4068407416343689,1270
population,29,carpet,43,5075,0.022122099995613098,0.02601514384150505,-9.648940086364746,0.028057677671313286,-37.25997543334961,-7.0,7.0,9.481404304504395,0.5897490382194519,0.27654850482940674,-0.3861277103424072,1271
population,29,carpet,44,5075,0.06264173239469528,0.0525054857134819,-9.714978218078613,0.028029635548591614,-36.354148864746094,-7.0,7.0,9.510019302368164,0.48972323536872864,0.2846253514289856,-0.39852070808410645,1272
population,29,carpet,45,5075,0.048010315746068954,0.04830631986260414,-9.659034729003906,0.02800162136554718,-35.95242691040039,-7.0,7.0,9.335206985473633,0.5734149217605591,0.2904164791107178,-0.392831414937973,1273
population,29,carpet,46,5075,0.020486177876591682,0.021349119022488594,-9.607292175292969,0.027973635122179985,-35.35125732421875,-7.0,7.0,9.438648223876953,0.4012313783168793,0.32057854533195496,-0.39070847630500793,1274
population,29,carpet,47,5075,0.0211451705545187,0.022755874320864677,-9.606866836547852,0.027945678681135178,-36.30559539794922,-7.0,7.0,9.484317779541016,0.3822462558746338,0.2674696445465088,-0.39645299315452576,1275
population,29,carpet,48,5075,0.04673429951071739,0.04239374026656151,-9.642278671264648,0.02791774831712246,-34.708858489990234,-7.0,7.0,9.304082870483398,0.39833271503448486,0.34099212288856506,-0.40715789794921875,1276
population,29,carpet,49,5075,0.030365627259016037,0.019724823534488678,-9.612828254699707,0.02788984775543213,-34.921592712402344,-7.0,7.0,9.482830047607422,0.3830139935016632,0.3161110579967499,-0.41351786255836487,1277
population,29,carpet,50,5075,0.04537409171462059,0.04286938160657883,-9.804413795471191,0.027861973270773888,-35.45969772338867,-7.0,7.0,9.492921829223633,0.4903004467487335,0.3159313499927521,-0.41595572233200073,1278
individual,30,carpet,1,5250,0.030031347647309303,0.0442776195704937,-9.525623321533203,0.027834126725792885,-35.51779556274414,-7.0,7.0,9.405780792236328,0.44508272409439087,0.2734168767929077,-0.44876667857170105,1279
individual,30,carpet,2,5250,0.04175102338194847,0.04042483866214752,-9.713644027709961,0.02780630812048912,-36.40663146972656,-7.0,7.0,9.407130241394043,0.4268668293952942,0.2778095304965973,-0.43900054693222046,1280
individual,30,carpet,3,5250,0.03172092139720917,0.034522246569395065,-9.777838706970215,0.027778517454862595,-34.524383544921875,-7.0,7.0,9.442249298095703,0.49318379163742065,0.2729446589946747,-0.4463067352771759,1281
individual,30,carpet,4,5250,0.0285504087805748,0.023832354694604874,-9.58005428314209,0.027750756591558456,-34.18716049194336,-7.0,7.0,9.239665985107422,0.6200936436653137,0.301964670419693,-0.4439869523048401,1282
individual,30,carpet,5,5250,0.038754984736442566,0.04827921837568283,-9.497401237487793,0.027723019942641258,-36.458675384521484,-7.0,7.0,9.464207649230957,0.39406973123550415,0.23320789635181427,-0.4203861653804779,1283
individual,30,carpet,6,5250,0.04000439867377281,0.04765067994594574,-9.626062393188477,0.027695313096046448,-35.89362716674805,-7.0,7.0,9.485526084899902,0.4595491886138916,0.26110774278640747,-0.42315858602523804,1284
individual,30,carpet,7,5250,0.05670681595802307,0.045727018266916275,-9.794095993041992,0.027667634189128876,-35.768890380859375,-7.0,7.0,9.349631309509277,0.42503446340560913,0.26665884256362915,-0.4133313298225403,1285
individual,30,carpet,8,5250,0.02771652862429619,0.029344642534852028,-9.697171211242676,0.027639983221888542,-36.23638916015625,-7.0,7.0,9.397863388061523,0.47068917751312256,0.25576871633529663,-0.40704232454299927,1286
individual,30,carpet,9,5250,0.05306434631347656,0.044408462941646576,-9.561612129211426,0.027612358331680298,-34.99232864379883,-7.0,7.0,9.440021514892578,0.4747473895549774,0.3189168870449066,-0.415640264749527,1287
individual,30,carpet,10,5250,0.030176881700754166,0.03486168757081032,-9.614532470703125,0.027584761381149292,-35.554969787597656,-7.0,7.0,9.492603302001953,0.449145644903183,0.257697731256485,-0.4116978645324707,1288
individual,30,carpet,11,5250,0.0537121519446373,0.035466134548187256,-9.756402015686035,0.027557192370295525,-36.8244514465332,-7.0,7.0,9.446831703186035,0.34285831451416016,0.2598336637020111,-0.4055924117565155,1289
individual,30,carpet,12,5250,0.029546886682510376,0.030491743236780167,-9.803800582885742,0.027529651299118996,-35.90322494506836,-7.0,7.0,9.5228910446167,0.26872166991233826,0.2302027940750122,-0.40912503004074097,1290
individual,30,carpet,13,5250,0.02687467262148857,0.028360817581415176,-9.768472671508789,0.027502138167619705,-35.826271057128906,-7.0,7.0,9.487825393676758,0.4064861238002777,0.253965824842453,-0.41120582818984985,1291
individual,30,carpet,14,5250,0.030266374349594116,0.03441675007343292,-9.570082664489746,0.027474651113152504,-35.193538665771484,-7.0,7.0,9.429880142211914,0.3924112617969513,0.28277960419654846,-0.41158828139305115,1292
individual,30,carpet,15,5250,0.028537409380078316,0.03697104752063751,-9.712075233459473,0.02744719199836254,-35.18810272216797,-7.0,7.0,9.602834701538086,0.41721755266189575,0.2824646830558777,-0.4022701382637024,1293
individual,30,carpet,16,5250,0.03786351531744003,0.028125809505581856,-9.880884170532227,0.027419760823249817,-36.30521011352539,-7.0,7.0,9.45623779296875,0.5997123718261719,0.2703946530818939,-0.42075440287590027,1294
individual,30,carpet,17,5250,0.022831030189990997,0.04368889704346657,-9.829793930053711,0.027392355725169182,-36.13585662841797,-7.0,7.0,9.579118728637695,0.45993325114250183,0.2375403493642807,-0.42257070541381836,1295
individual,30,carpet,18,5250,0.037211090326309204,0.032960835844278336,-9.842620849609375,0.027364980429410934,-35.819580078125,-7.0,7.0,9.699577331542969,0.4706169068813324,0.2768128216266632,-0.42326098680496216,1296
individual,30,carpet,19,5250,0.02753133699297905,0.034552816301584244,-9.638021469116211,0.027337631210684776,-35.4749755859375,-7.0,7.0,9.540590286254883,0.4437836706638336,0.253581702709198,-0.43501147627830505,1297
individual,30,carpet,20,5250,0.050603803247213364,0.06297454982995987,-9.840049743652344,0.027310308068990707,-33.63976287841797,-7.0,7.0,9.557059288024902,0.613512396812439,0.32029834389686584,-0.44713863730430603,1298
individual,30,carpet,21,5250,0.03478075563907623,0.04932240769267082,-9.90784740447998,0.027283014729619026,-36.1705322265625,-7.0,7.0,9.658149719238281,0.47065895795822144,0.25320664048194885,-0.44373819231987,1299
individual,30,carpet,22,5250,0.032044656574726105,0.050820574164390564,-9.764154434204102,0.027255745604634285,-36.35097122192383,-7.0,7.0,9.5123929977417,0.4838787913322449,0.26462510228157043,-0.45786380767822266,1300
individual,30,carpet,23,5250,0.03267921134829521,0.027281496673822403,-9.700933456420898,0.02722850628197193,-33.04201889038086,-7.0,7.0,9.49232006072998,0.44669079780578613,0.3110978305339813,-0.47609943151474,1301
individual,30,carpet,24,5250,0.03890391066670418,0.039765335619449615,-9.710616111755371,0.027201293036341667,-32.87224578857422,-7.0,7.0,9.579111099243164,0.5419243574142456,0.31646209955215454,-0.47826501727104187,1302
individual,30,carpet,25,5250,0.06563618034124374,0.026076465845108032,-9.855607986450195,0.02717410773038864,-34.35071563720703,-7.0,7.0,9.549234390258789,0.44522202014923096,0.2599535286426544,-0.49409666657447815,1303
individual,30,carpet,26,5250,0.03776828199625015,0.025536108762025833,-9.650020599365234,0.027146948501467705,-33.616859436035156,-7.0,7.0,9.596144676208496,0.32602208852767944,0.2674594521522522,-0.48632898926734924,1304
individual,30,carpet,27,5250,0.05167674273252487,0.02359345555305481,-9.711052894592285,0.027119817212224007,-32.73262023925781,-7.0,7.0,9.61752700805664,0.6233255863189697,0.32742562890052795,-0.4884527325630188,1305
individual,30,carpet,28,5250,0.02995734103024006,0.023957384750247,-9.898845672607422,0.027092713862657547,-34.27256393432617,-7.0,7.0,9.588199615478516,0.4328174889087677,0.2985973358154297,-0.4932766258716583,1306
individual,30,carpet,29,5250,0.04379202052950859,0.02527637593448162,-9.79885482788086,0.027065636590123177,-32.91132736206055,-7.0,7.0,9.64048957824707,0.454115092754364,0.3334287106990814,-0.4951099753379822,1307
individual,30,carpet,30,5250,0.02727454900741577,0.02485043741762638,-9.623699188232422,0.027038585394620895,-33.68804168701172,-7.0,7.0,9.513622283935547,0.40095579624176025,0.2945251762866974,-0.48552531003952026,1308
individual,30,carpet,31,5250,0.04551497846841812,0.015991495922207832,-9.601749420166016,0.027011562138795853,-33.9068603515625,-7.0,7.0,9.567546844482422,0.36981844902038574,0.29516005516052246,-0.47946733236312866,1309
individual,30,carpet,32,5250,0.034604281187057495,0.04568629339337349,-9.791118621826172,0.02698456682264805,-32.57170104980469,-7.0,7.0,9.6346435546875,0.32723185420036316,0.2974710762500763,-0.48809465765953064,1310
individual,30,carpet,33,5250,0.07773115485906601,0.026899322867393494,-9.884803771972656,0.026957597583532333,-35.000221252441406,-7.0,7.0,9.589323043823242,0.32986876368522644,0.2534666955471039,-0.4725535809993744,1311
individual,30,carpet,34,5250,0.032078392803668976,0.02425806224346161,-9.875395774841309,0.026930656284093857,-35.023094177246094,-7.0,7.0,9.77590560913086,0.419070303440094,0.28615134954452515,-0.46579745411872864,1312
individual,30,carpet,35,5250,0.052981484681367874,0.03363674134016037,-9.65341567993164,0.02690374106168747,-33.624778747558594,-7.0,7.0,9.552602767944336,0.39626002311706543,0.29245874285697937,-0.4784734845161438,1313
individual,30,carpet,36,5250,0.05572449415922165,0.03307776153087616,-9.63371753692627,0.02687685191631317,-34.84226989746094,-7.0,7.0,9.623385429382324,0.41181570291519165,0.24663828313350677,-0.4613382816314697,1314
individual,30,carpet,37,5250,0.03637305647134781,0.020996952429413795,-9.927576065063477,0.026849990710616112,-34.81992721557617,-7.0,7.0,9.711738586425781,0.5234221816062927,0.26650485396385193,-0.46116265654563904,1315
individual,30,carpet,38,5250,0.12014537304639816,0.06283389031887054,-10.238984107971191,0.02682315558195114,-35.27490234375,-7.0,7.0,9.666754722595215,0.6634988784790039,0.2938072681427002,-0.4479699730873108,1316
individual,30,carpet,39,5250,0.03344985470175743,0.026819920167326927,-9.89802360534668,0.02679634839296341,-35.65172576904297,-7.0,7.0,9.872249603271484,0.4844457805156708,0.2914462089538574,-0.44476550817489624,1317
individual,30,carpet,40,5250,0.0810910016298294,0.049244754016399384,-9.671148300170898,0.026769567281007767,-35.19987487792969,-7.0,7.0,9.679591178894043,0.30629369616508484,0.24893991649150848,-0.4429313838481903,1318
individual,30,carpet,41,5250,0.02575656957924366,0.027045801281929016,-9.713515281677246,0.026742812246084213,-36.04902648925781,-7.0,7.0,9.515024185180664,0.4481533467769623,0.2905983328819275,-0.44809797406196594,1319
individual,30,carpet,42,5250,0.040106985718011856,0.033419206738471985,-9.927260398864746,0.026716085150837898,-35.90217590332031,-7.0,7.0,9.781861305236816,0.353782594203949,0.2652045488357544,-0.44406697154045105,1320
individual,30,carpet,43,5250,0.0758020356297493,0.08289875090122223,-10.124333381652832,0.026689384132623672,-34.98328399658203,-7.0,7.0,9.588400840759277,0.5019620060920715,0.32308679819107056,-0.4445628225803375,1321
individual,30,carpet,44,5250,0.047123126685619354,0.021656431257724762,-9.837023735046387,0.026662711054086685,-35.86333465576172,-7.0,7.0,9.725719451904297,0.4628976881504059,0.26778897643089294,-0.44868990778923035,1322
individual,30,carpet,45,5250,0.0781811997294426,0.045185498893260956,-9.87594985961914,0.026636062189936638,-35.38280487060547,-7.0,7.0,9.835800170898438,0.3935958743095398,0.3011333644390106,-0.4502524733543396,1323
individual,30,carpet,46,5250,0.04496806859970093,0.04864932596683502,-9.839313507080078,0.02660944126546383,-34.9654541015625,-7.0,7.0,9.749204635620117,0.6065638661384583,0.28170233964920044,-0.45410722494125366,1324
individual,30,carpet,47,5250,0.04838746041059494,0.0383891835808754,-10.003990173339844,0.02658284828066826,-32.173095703125,-7.0,7.0,9.630636215209961,0.5098603367805481,0.36814549565315247,-0.46858271956443787,1325
individual,30,carpet,48,5250,0.026010600849986076,0.04258566349744797,-10.020394325256348,0.02655627951025963,-34.867435455322266,-7.0,7.0,9.84395980834961,0.46087348461151123,0.2771078944206238,-0.4637632369995117,1326
individual,30,carpet,49,5250,0.04058718681335449,0.02607700228691101,-9.784806251525879,0.026529738679528236,-35.61643600463867,-7.0,7.0,9.669063568115234,0.39416423439979553,0.2862090766429901,-0.47688618302345276,1327
individual,30,carpet,50,5250,0.03790225088596344,0.07072403281927109,-9.796541213989258,0.026503223925828934,-33.86240768432617,-7.0,7.0,9.859647750854492,0.43264031410217285,0.330445796251297,-0.47357603907585144,1328
population,30,carpet,1,5250,0.03507719561457634,0.03451566398143768,-9.780238151550293,0.027834126725792885,-36.14192199707031,-7.0,7.0,9.491703987121582,0.5575767755508423,0.32315608859062195,-0.42521899938583374,1279
population,30,carpet,2,5250,0.024059532210230827,0.027294769883155823,-9.537964820861816,0.02780630812048912,-32.96640396118164,-7.0,7.0,9.36539363861084,0.5144145488739014,0.330178439617157,-0.4214354157447815,1280
population,30,carpet,3,5250,0.04488641023635864,0.02168862521648407,-9.722976684570312,0.027778517454862595,-33.155250549316406,-7.0,7.0,9.603364944458008,0.44650742411613464,0.3738914132118225,-0.43023109436035156,1281
population,30,carpet,4,5250,0.024644654244184494,0.036265574395656586,-9.751943588256836,0.027750756591558456,-34.41786575317383,-7.0,7.0,9.492654800415039,0.4596554636955261,0.32687029242515564,-0.4233141541481018,1282
population,30,carpet,5,5250,0.040221452713012695,0.017401885241270065,-9.635608673095703,0.027723019942641258,-34.59894561767578,-7.0,7.0,9.40346622467041,0.35709530115127563,0.2867051064968109,-0.43310070037841797,1283
population,30,carpet,6,5250,0.04603475332260132,0.061002589762210846,-9.58275318145752,0.027695313096046448,-34.77183532714844,-7.0,7.0,9.487486839294434,0.48442837595939636,0.3246929943561554,-0.42340078949928284,1284
population,30,carpet,7,5250,0.030570117756724358,0.01848609745502472,-9.564276695251465,0.027667634189128876,-36.25495147705078,-7.0,7.0,9.442776679992676,0.3248719274997711,0.283689022064209,-0.4182426333427429,1285
population,30,carpet,8,5250,0.028674982488155365,0.032249875366687775,-9.81956958770752,0.027639983221888542,-35.49700164794922,-7.0,7.0,9.550334930419922,0.449745237827301,0.2989698350429535,-0.4239042103290558,1286
population,30,carpet,9,5250,0.03611501678824425,0.03222633898258209,-9.802079200744629,0.027612358331680298,-35.292083740234375,-7.0,7.0,9.578912734985352,0.5103043913841248,0.30434924364089966,-0.4199966788291931,1287
population,30,carpet,10,5250,0.02956288494169712,0.033228784799575806,-9.677972793579102,0.027584761381149292,-35.853981018066406,-7.0,7.0,9.51765251159668,0.3756815493106842,0.2798416316509247,-0.4228299558162689,1288
population,30,carpet,11,5250,0.028267931193113327,0.03367080166935921,-9.622075080871582,0.027557192370295525,-35.597896575927734,-7.0,7.0,9.56301498413086,0.49972084164619446,0.2717956602573395,-0.4173615872859955,1289
population,30,carpet,12,5250,0.03233680501580238,0.041678741574287415,-9.781004905700684,0.027529651299118996,-34.308876037597656,-7.0,7.0,9.530904769897461,0.47206389904022217,0.2883043885231018,-0.4130789339542389,1290
population,30,carpet,13,5250,0.0337829552590847,0.0366348922252655,-9.7466402053833,0.027502138167619705,-35.49304962158203,-7.0,7.0,9.47559928894043,0.5982039570808411,0.3039431869983673,-0.4094347655773163,1291
population,30,carpet,14,5250,0.08963774144649506,0.06614352762699127,-9.916058540344238,0.027474651113152504,-36.10050582885742,-7.0,7.0,9.509993553161621,0.8300265073776245,0.30244308710098267,-0.4080604612827301,1292
population,30,carpet,15,5250,0.034728772938251495,0.030748577788472176,-9.754034042358398,0.02744719199836254,-35.5936164855957,-7.0,7.0,9.700817108154297,0.33352693915367126,0.2982969880104065,-0.4119406044483185,1293
population,30,carpet,16,5250,0.049892228096723557,0.0326017290353775,-9.636910438537598,0.027419760823249817,-35.20307159423828,-7.0,7.0,9.567233085632324,0.5511645078659058,0.3057158291339874,-0.42631715536117554,1294
population,30,carpet,17,5250,0.037281472235918045,0.040469761937856674,-9.816187858581543,0.027392355725169182,-34.631141662597656,-7.0,7.0,9.564129829406738,0.5756417512893677,0.31959739327430725,-0.41164955496788025,1295
population,30,carpet,18,5250,0.0667605996131897,0.04976240172982216,-10.071104049682617,0.027364980429410934,-34.196163177490234,-7.0,7.0,9.672245025634766,0.4272933006286621,0.3220480978488922,-0.4165508449077606,1296
population,30,carpet,19,5250,0.037464600056409836,0.03585653752088547,-9.774078369140625,0.027337631210684776,-36.72243881225586,-7.0,7.0,9.595829963684082,0.3757612407207489,0.319809228181839,-0.4319753646850586,1297
population,30,carpet,20,5250,0.09060756117105484,0.08551023155450821,-9.504817008972168,0.027310308068990707,-34.7146110534668,-7.0,7.0,9.513092994689941,0.3157289922237396,0.319758802652359,-0.4222511649131775,1298
population,30,carpet,21,5250,0.048238418996334076,0.030226022005081177,-9.786144256591797,0.027283014729619026,-33.00444030761719,-7.0,7.0,9.585704803466797,0.4782944917678833,0.33354803919792175,-0.4408591687679291,1299
population,30,carpet,22,5250,0.09937230497598648,0.1233585998415947,-10.083377838134766,0.027255745604634285,-33.779972076416016,-7.0,7.0,9.569740295410156,0.4776797294616699,0.33847805857658386,-0.45006874203681946,1300
population,30,carpet,23,5250,0.06142536550760269,0.05450507253408432,-9.890713691711426,0.02722850628197193,-33.59203338623047,-7.0,7.0,9.424013137817383,0.5229512453079224,0.3713521659374237,-0.44290515780448914,1301
population,30,carpet,24,5250,0.12862838804721832,0.18356826901435852,-9.493413925170898,0.027201293036341667,-34.33578872680664,-7.0,7.0,9.633930206298828,0.5227439999580383,0.3805835545063019,-0.4531732499599457,1302
population,30,carpet,25,5250,0.07159107178449631,0.07577944546937943,-9.618698120117188,0.02717410773038864,-33.70050048828125,-7.0,7.0,9.620522499084473,0.6500037908554077,0.3824365735054016,-0.44120606780052185,1303
population,30,carpet,26,5250,0.08040522038936615,0.11506611108779907,-10.045822143554688,0.027146948501467705,-35.85087966918945,-7.0,7.0,9.557255744934082,0.5673919320106506,0.3195505440235138,-0.43844324350357056,1304
population,30,carpet,27,5250,0.09037451446056366,0.1094324141740799,-10.195178031921387,0.027119817212224007,-34.33558654785156,-7.0,7.0,9.701072692871094,0.5810459852218628,0.3367057740688324,-0.4298338294029236,1305
population,30,carpet,28,5250,0.05540294572710991,0.06177636235952377,-9.703123092651367,0.027092713862657547,-34.96541976928711,-7.0,7.0,9.630217552185059,0.453563392162323,0.34338608384132385,-0.42758965492248535,1306
population,30,carpet,29,5250,0.0772494226694107,0.09374576807022095,-9.691690444946289,0.027065636590123177,-34.136077880859375,-7.0,7.0,9.808170318603516,0.4219885468482971,0.3284839689731598,-0.42637577652931213,1307
population,30,carpet,30,5250,0.01865919679403305,0.016323918476700783,-9.926668167114258,0.027038585394620895,-35.515769958496094,-7.0,7.0,9.687506675720215,0.45515358448028564,0.31734293699264526,-0.4213009178638458,1308
population,30,carpet,31,5250,0.08642317354679108,0.12285168468952179,-10.10172176361084,0.027011562138795853,-36.78811264038086,-7.0,7.0,9.713282585144043,0.40719401836395264,0.3030755817890167,-0.4187792241573334,1309
population,30,carpet,32,5250,0.03154408559203148,0.03237898647785187,-9.99399471282959,0.02698456682264805,-34.00015640258789,-7.0,7.0,9.898658752441406,0.4631856083869934,0.3249549865722656,-0.4200102686882019,1310
population,30,carpet,33,5250,0.04020542651414871,0.052300117909908295,-9.897693634033203,0.026957597583532333,-36.42767333984375,-7.0,7.0,9.804998397827148,0.5663938522338867,0.31732770800590515,-0.41822949051856995,1311
population,30,carpet,34,5250,0.04519036412239075,0.04939442127943039,-9.922683715820312,0.026930656284093857,-35.19538116455078,-7.0,7.0,9.760375022888184,0.5192896723747253,0.34322741627693176,-0.4190768897533417,1312
population,30,carpet,35,5250,0.04132997244596481,0.052522528916597366,-10.020620346069336,0.02690374106168747,-35.50067138671875,-7.0,7.0,9.75220775604248,0.33429208397865295,0.28266441822052,-0.42340368032455444,1313
population,30,carpet,36,5250,0.052407871931791306,0.060326237231492996,-10.069640159606934,0.02687685191631317,-34.812408447265625,-7.0,7.0,9.675467491149902,0.5065919160842896,0.3270872235298157,-0.4304097592830658,1314
population,30,carpet,37,5250,0.04849101975560188,0.04782627895474434,-9.864533424377441,0.026849990710616112,-35.26303482055664,-7.0,7.0,9.638107299804688,0.3686698079109192,0.333055704832077,-0.42707034945487976,1315
population,30,carpet,38,5250,0.03426279127597809,0.039060261100530624,-9.780186653137207,0.02682315558195114,-34.27078628540039,-7.0,7.0,9.839189529418945,0.48107436299324036,0.31959599256515503,-0.4299868941307068,1316
population,30,carpet,39,5250,0.052329957485198975,0.05140510946512222,-10.053997039794922,0.02679634839296341,-34.19981384277344,-7.0,7.0,9.742831230163574,0.5897205471992493,0.3252383768558502,-0.437248557806015,1317
population,30,carpet,40,5250,0.03282799944281578,0.04327917471528053,-10.022825241088867,0.026769567281007767,-35.09104919433594,-7.0,7.0,9.64466667175293,0.43311676383018494,0.31400880217552185,-0.4388125538825989,1318
population,30,carpet,41,5250,0.030488114804029465,0.027355749160051346,-9.815940856933594,0.026742812246084213,-34.78211212158203,-7.0,7.0,9.715777397155762,0.4314947724342346,0.3164984881877899,-0.4424906373023987,1319
population,30,carpet,42,5250,0.026137469336390495,0.029526641592383385,-9.91919994354248,0.026716085150837898,-34.17641830444336,-7.0,7.0,9.762601852416992,0.4799853563308716,0.32526543736457825,-0.45978257060050964,1320
population,30,carpet,43,5250,0.026611361652612686,0.028524063527584076,-9.894298553466797,0.026689384132623672,-34.769596099853516,-7.0,7.0,9.707871437072754,0.5377033948898315,0.3545267879962921,-0.46830612421035767,1321
population,30,carpet,44,5250,0.04079710319638252,0.0372469462454319,-9.985624313354492,0.026662711054086685,-35.823081970214844,-7.0,7.0,9.718488693237305,0.4092068672180176,0.32932233810424805,-0.4611817002296448,1322
population,30,carpet,45,5250,0.04125386103987694,0.04378170147538185,-10.142680168151855,0.026636062189936638,-35.503746032714844,-7.0,7.0,9.722455978393555,0.6961168050765991,0.35984474420547485,-0.4512505829334259,1323
population,30,carpet,46,5250,0.012967651709914207,0.014058465138077736,-9.977887153625488,0.02660944126546383,-33.62004470825195,-7.0,7.0,9.626482009887695,0.4767162799835205,0.35751932859420776,-0.4539751708507538,1324
population,30,carpet,47,5250,0.04991094768047333,0.05701090767979622,-9.708954811096191,0.02658284828066826,-35.10816955566406,-7.0,7.0,9.643263816833496,0.525473415851593,0.334259957075119,-0.46408823132514954,1325
population,30,carpet,48,5250,0.055926911532878876,0.059891477227211,-9.851858139038086,0.02655627951025963,-31.45989227294922,-7.0,7.0,9.739870071411133,0.5310066938400269,0.3548438847064972,-0.45782312750816345,1326
population,30,carpet,49,5250,0.04484162852168083,0.05929823964834213,-10.375847816467285,0.026529738679528236,-34.5207405090332,-7.0,7.0,10.083917617797852,0.4501623809337616,0.3125406801700592,-0.46245795488357544,1327
population,30,carpet,50,5250,0.07477518916130066,0.06456074118614197,-10.27110481262207,0.026503223925828934,-33.43630599975586,-7.0,7.0,9.820301055908203,0.4275325834751129,0.3511991798877716,-0.45290225744247437,1328
