role,episode,terrain,update_in_episode,replay_size,qf1_loss,qf2_loss,policy_loss,alpha,alpha_loss,target_entropy_internal,target_entropy_paper,q_target_mean,q_target_std,policy_mean_abs,policy_log_std_mean,train_update
individual,4,carpet,1,700,0.4924542009830475,0.49301812052726746,-0.04839087277650833,0.009990004822611809,-54.5897331237793,-7.0,7.0,0.6612499356269836,0.23576489090919495,7.063193334033713e-05,-9.389898332301527e-05,1
individual,4,carpet,2,700,0.4570173919200897,0.45729026198387146,-0.051001131534576416,0.00998002104461193,-53.616943359375,-7.0,7.0,0.6436361074447632,0.22172528505325317,0.0020846747793257236,-0.0004948708228766918,2
individual,4,carpet,3,700,0.47033339738845825,0.4703403115272522,-0.057367462664842606,0.009970046579837799,-53.57332992553711,-7.0,7.0,0.6554841995239258,0.23604342341423035,0.003766577458009124,-0.0023444725666195154,3
individual,4,carpet,4,700,0.5331296324729919,0.5338540077209473,-0.06629876792430878,0.009960082359611988,-53.02865982055664,-7.0,7.0,0.7246589064598083,0.19793114066123962,0.006512019317597151,-0.005412910133600235,4
individual,4,carpet,5,700,0.4724987745285034,0.4717212915420532,-0.08271639794111252,0.009950127452611923,-53.84862518310547,-7.0,7.0,0.69328773021698,0.2024172842502594,0.00996728241443634,-0.010660572908818722,5
individual,4,carpet,6,700,0.4693955183029175,0.46987518668174744,-0.10540886223316193,0.009940183721482754,-53.9577751159668,-7.0,7.0,0.704135537147522,0.23481930792331696,0.015607520937919617,-0.01823100633919239,6
individual,4,carpet,7,700,0.3905242681503296,0.39112943410873413,-0.13991305232048035,0.009930248372256756,-53.88970184326172,-7.0,7.0,0.6819733381271362,0.21719147264957428,0.021759716793894768,-0.027678409591317177,7
individual,4,carpet,8,700,0.27353379130363464,0.2741732895374298,-0.18486805260181427,0.009920324198901653,-54.295230865478516,-7.0,7.0,0.6319988965988159,0.19317768514156342,0.030005211010575294,-0.039843715727329254,8
individual,4,carpet,9,700,0.2482236623764038,0.24050967395305634,-0.25705063343048096,0.009910409338772297,-53.56157302856445,-7.0,7.0,0.6673667430877686,0.2018304020166397,0.03536466509103775,-0.046521276235580444,9
individual,4,carpet,10,700,0.18929757177829742,0.1824987828731537,-0.3573322892189026,0.009900504723191261,-54.387359619140625,-7.0,7.0,0.7030815482139587,0.19445723295211792,0.038623493164777756,-0.048863183706998825,10
individual,4,carpet,11,700,0.14352232217788696,0.1322614848613739,-0.4849410355091095,0.009890610352158546,-54.06553649902344,-7.0,7.0,0.7558383345603943,0.21278801560401917,0.04002291336655617,-0.047496117651462555,11
individual,4,carpet,12,700,0.05678766965866089,0.05269539728760719,-0.6533362865447998,0.009880725294351578,-53.92478942871094,-7.0,7.0,0.7211331725120544,0.2128375917673111,0.04169871658086777,-0.04164743423461914,12
individual,4,carpet,13,700,0.08882947266101837,0.08954811096191406,-0.877666711807251,0.00987085048109293,-54.55669403076172,-7.0,7.0,0.6599743962287903,0.22952722012996674,0.04866467043757439,-0.037920933216810226,13
individual,4,carpet,14,700,0.17162132263183594,0.15890517830848694,-1.047212839126587,0.009860984981060028,-53.804649353027344,-7.0,7.0,0.669688880443573,0.2061682939529419,0.062382787466049194,-0.0340854786336422,14
individual,4,carpet,15,700,0.15346169471740723,0.15854869782924652,-1.0264853239059448,0.009851129725575447,-53.90986633300781,-7.0,7.0,0.6470465064048767,0.18302194774150848,0.08193787187337875,-0.026193736121058464,15
individual,4,carpet,16,700,0.10626220703125,0.09642209857702255,-0.9544433355331421,0.009841283783316612,-53.88861083984375,-7.0,7.0,0.6685163378715515,0.19346635043621063,0.11452759802341461,-0.013563336804509163,16
individual,4,carpet,17,700,0.05365462601184845,0.05064667761325836,-0.8721409440040588,0.009831448085606098,-52.70771408081055,-7.0,7.0,0.7050502896308899,0.2104598581790924,0.1619282066822052,0.005667468998581171,17
individual,4,carpet,18,700,0.03228133171796799,0.029032964259386063,-0.7724229097366333,0.009821622632443905,-52.268089294433594,-7.0,7.0,0.7684006690979004,0.19360625743865967,0.22199583053588867,0.03405454009771347,18
individual,4,carpet,19,700,0.042058832943439484,0.0382680706679821,-0.7011715173721313,0.009811806492507458,-50.44382095336914,-7.0,7.0,0.6321578621864319,0.21910232305526733,0.2989591956138611,0.07418324798345566,19
individual,4,carpet,20,700,0.040441714227199554,0.037029825150966644,-0.638063371181488,0.009802000597119331,-47.70222854614258,-7.0,7.0,0.6452338099479675,0.20476484298706055,0.39144399762153625,0.12348287552595139,20
individual,4,carpet,21,700,0.04121049493551254,0.03932229429483414,-0.5794289708137512,0.009792204014956951,-44.47463607788086,-7.0,7.0,0.6065440773963928,0.2048255056142807,0.49847060441970825,0.17334851622581482,21
individual,4,carpet,22,700,0.061594538390636444,0.05939947068691254,-0.578316867351532,0.009782417677342892,-42.14295959472656,-7.0,7.0,0.6575448513031006,0.22641411423683167,0.5975955128669739,0.2140721082687378,22
individual,4,carpet,23,700,0.07291538268327713,0.07385943084955215,-0.5506193041801453,0.009772640652954578,-40.753562927246094,-7.0,7.0,0.6671440005302429,0.24046359956264496,0.6312517523765564,0.22129139304161072,23
individual,4,carpet,24,700,0.06650932133197784,0.06200399622321129,-0.5584120154380798,0.009762873873114586,-41.100982666015625,-7.0,7.0,0.6803105473518372,0.19213002920150757,0.6571648716926575,0.22039560973644257,24
individual,4,carpet,25,700,0.05805433914065361,0.058194082230329514,-0.5611407160758972,0.00975311640650034,-40.89957046508789,-7.0,7.0,0.6598807573318481,0.2072589248418808,0.6219179034233093,0.20111002027988434,25
individual,4,carpet,26,700,0.06301797926425934,0.05828576534986496,-0.5869635343551636,0.00974336825311184,-41.35608673095703,-7.0,7.0,0.7312948107719421,0.21275249123573303,0.5819924473762512,0.17387059330940247,26
individual,4,carpet,27,700,0.04957026615738869,0.04548310488462448,-0.6258254051208496,0.009733631275594234,-43.7492790222168,-7.0,7.0,0.7023306488990784,0.20022255182266235,0.563355565071106,0.1487409919500351,27
individual,4,carpet,28,700,0.036351464688777924,0.036133743822574615,-0.695285439491272,0.009723902679979801,-41.55240249633789,-7.0,7.0,0.6776304244995117,0.20033003389835358,0.5621400475502014,0.12874743342399597,28
individual,4,carpet,29,700,0.04942462593317032,0.047248970717191696,-0.7599197626113892,0.009714184328913689,-39.891353607177734,-7.0,7.0,0.667954683303833,0.2438155859708786,0.6004875302314758,0.11247460544109344,29
individual,4,carpet,30,700,0.031125901266932487,0.03011579066514969,-0.8828979730606079,0.009704476222395897,-34.09916305541992,-7.0,7.0,0.6413226127624512,0.19275234639644623,0.667035698890686,0.09202201664447784,30
individual,4,carpet,31,700,0.038722965866327286,0.039488911628723145,-0.9417972564697266,0.009694776497781277,-32.704750061035156,-7.0,7.0,0.7222631573677063,0.21813079714775085,0.7728691697120667,0.060672543942928314,31
individual,4,carpet,32,700,0.050600990653038025,0.048081398010253906,-0.9970307350158691,0.009685087949037552,-25.522218704223633,-7.0,7.0,0.6226733326911926,0.1705685257911682,0.9020628929138184,0.019050491973757744,32
individual,4,carpet,33,700,0.05368497222661972,0.05366119369864464,-0.9660944938659668,0.009675407782196999,-19.870569229125977,-7.0,7.0,0.5923687815666199,0.20353615283966064,1.0604791641235352,-0.031036701053380966,33
individual,4,carpet,34,700,0.040288425981998444,0.04026658833026886,-0.9617714285850525,0.009665737859904766,-9.9403076171875,-7.0,7.0,0.6432415246963501,0.16373874247074127,1.2498480081558228,-0.09617401659488678,34
individual,4,carpet,35,700,0.043264687061309814,0.041022222489118576,-0.9294313192367554,0.009656147100031376,-4.18481969833374,-7.0,7.0,0.619723916053772,0.19999638199806213,1.271553635597229,-0.15483978390693665,35
population,4,carpet,1,700,0.5487180352210999,0.5492365956306458,-0.04624129459261894,0.009990004822611809,-53.6450309753418,-7.0,7.0,0.7094053626060486,0.21395695209503174,6.760840187780559e-05,-9.691432205727324e-05,1
population,4,carpet,2,700,0.49417927861213684,0.49438339471817017,-0.05118952691555023,0.00998002104461193,-53.66197204589844,-7.0,7.0,0.6686582565307617,0.23176592588424683,0.0020534577779471874,-0.0026922484394162893,2
population,4,carpet,3,700,0.42643383145332336,0.425977885723114,-0.057661641389131546,0.009970046579837799,-53.70973205566406,-7.0,7.0,0.6302182674407959,0.20850791037082672,0.003596897702664137,-0.006596262101083994,3
population,4,carpet,4,700,0.4486485719680786,0.4488687217235565,-0.06717992573976517,0.009960082359611988,-53.37128448486328,-7.0,7.0,0.6724556088447571,0.16040782630443573,0.005235190968960524,-0.011887545697391033,4
population,4,carpet,5,700,0.49227163195610046,0.49090301990509033,-0.08392170071601868,0.009950127452611923,-53.954463958740234,-7.0,7.0,0.7024944424629211,0.2237890660762787,0.007449828553944826,-0.020308712497353554,5
population,4,carpet,6,700,0.4941648244857788,0.49247094988822937,-0.10714870691299438,0.009940183721482754,-54.129417419433594,-7.0,7.0,0.7405888438224792,0.17707835137844086,0.009768130257725716,-0.03150727599859238,6
population,4,carpet,7,700,0.42966610193252563,0.4266132414340973,-0.14081767201423645,0.009930248372256756,-54.184478759765625,-7.0,7.0,0.7080243229866028,0.2365553230047226,0.014382428489625454,-0.04518935829401016,7
population,4,carpet,8,700,0.3217456340789795,0.3168284296989441,-0.18520411849021912,0.009920324198901653,-54.45446014404297,-7.0,7.0,0.6880578994750977,0.15650111436843872,0.020330047234892845,-0.059722937643527985,8
population,4,carpet,9,700,0.3184289336204529,0.30995815992355347,-0.25825250148773193,0.009910409338772297,-53.41954040527344,-7.0,7.0,0.720649003982544,0.24164806306362152,0.0249203871935606,-0.06986928731203079,9
population,4,carpet,10,700,0.17739270627498627,0.17883452773094177,-0.34684693813323975,0.009900504723191261,-54.2862663269043,-7.0,7.0,0.673271894454956,0.2114860713481903,0.029789801687002182,-0.07075021415948868,10
population,4,carpet,11,700,0.09357839822769165,0.08524444699287415,-0.48522937297821045,0.009890610352158546,-54.14658737182617,-7.0,7.0,0.6589114665985107,0.20917856693267822,0.03758074715733528,-0.07322073727846146,11
population,4,carpet,12,700,0.054635219275951385,0.047266606241464615,-0.656432032585144,0.009880725294351578,-54.345375061035156,-7.0,7.0,0.6620328426361084,0.23569275438785553,0.046307116746902466,-0.07043202221393585,12
population,4,carpet,13,700,0.036264803260564804,0.041897132992744446,-0.8719367384910583,0.00987085048109293,-53.17866134643555,-7.0,7.0,0.7334522604942322,0.1760501265525818,0.05741443485021591,-0.0635838657617569,13
population,4,carpet,14,700,0.16056296229362488,0.1632656753063202,-1.0324028730392456,0.009860984981060028,-54.08625030517578,-7.0,7.0,0.6793129444122314,0.22723355889320374,0.07528932392597198,-0.05508585646748543,14
population,4,carpet,15,700,0.2004529982805252,0.2086414396762848,-1.058250904083252,0.009851129725575447,-53.65241241455078,-7.0,7.0,0.6391467452049255,0.22103188931941986,0.10398072004318237,-0.04791106656193733,15
population,4,carpet,16,700,0.11300186812877655,0.10072983801364899,-0.9531571865081787,0.009841283783316612,-54.70489501953125,-7.0,7.0,0.6626175045967102,0.22552531957626343,0.13575653731822968,-0.034008316695690155,16
population,4,carpet,17,700,0.0731637179851532,0.06444074213504791,-0.8747432231903076,0.009831448085606098,-52.35157012939453,-7.0,7.0,0.6605644822120667,0.22489917278289795,0.18720091879367828,-0.016384992748498917,17
population,4,carpet,18,700,0.04598775506019592,0.03727538511157036,-0.739669919013977,0.009821622632443905,-50.890995025634766,-7.0,7.0,0.6848086714744568,0.22331759333610535,0.24865643680095673,0.013117736205458641,18
population,4,carpet,19,700,0.048714473843574524,0.04253548011183739,-0.6466502547264099,0.009811806492507458,-50.510887145996094,-7.0,7.0,0.7114647030830383,0.21208100020885468,0.32125261425971985,0.048208512365818024,19
population,4,carpet,20,700,0.06302481889724731,0.05553324520587921,-0.6102072596549988,0.009802000597119331,-47.665489196777344,-7.0,7.0,0.6771480441093445,0.23006713390350342,0.44073525071144104,0.09447778016328812,20
population,4,carpet,21,700,0.06433942914009094,0.06154529005289078,-0.5572999119758606,0.009792204014956951,-46.91949462890625,-7.0,7.0,0.6880197525024414,0.20721779763698578,0.5637091398239136,0.14075085520744324,21
population,4,carpet,22,700,0.07337668538093567,0.06562798470258713,-0.5339657068252563,0.009782417677342892,-39.70161056518555,-7.0,7.0,0.681567907333374,0.21728955209255219,0.7254943251609802,0.1844770461320877,22
population,4,carpet,23,700,0.07082810997962952,0.0657975897192955,-0.5502361059188843,0.009772640652954578,-38.741981506347656,-7.0,7.0,0.6765113472938538,0.19735072553157806,0.819282591342926,0.20361457765102386,23
population,4,carpet,24,700,0.07160860300064087,0.06785990297794342,-0.5495808720588684,0.009762873873114586,-34.5684928894043,-7.0,7.0,0.6850956678390503,0.21349233388900757,0.9043992161750793,0.20846663415431976,24
population,4,carpet,25,700,0.05472569540143013,0.05288293585181236,-0.5925566554069519,0.00975311640650034,-30.06083106994629,-7.0,7.0,0.6537213921546936,0.22572961449623108,0.9347456693649292,0.18536068499088287,25
population,4,carpet,26,700,0.06407442688941956,0.06274540722370148,-0.6154868602752686,0.00974336825311184,-29.6323299407959,-7.0,7.0,0.6171445846557617,0.2646547555923462,0.9092155694961548,0.1464546173810959,26
population,4,carpet,27,700,0.0365433394908905,0.034147925674915314,-0.6856518387794495,0.009733631275594234,-31.47572898864746,-7.0,7.0,0.6407767534255981,0.21584545075893402,0.8419901728630066,0.0900397077202797,27
population,4,carpet,28,700,0.027293184772133827,0.026943420991301537,-0.7465639710426331,0.009723902679979801,-30.546377182006836,-7.0,7.0,0.6504004001617432,0.1999858021736145,0.780958354473114,0.02979102171957493,28
population,4,carpet,29,700,0.024092426523566246,0.020855790004134178,-0.7831767201423645,0.009714184328913689,-40.034481048583984,-7.0,7.0,0.6228351593017578,0.23481132090091705,0.7233045697212219,-0.023618370294570923,29
population,4,carpet,30,700,0.04020294174551964,0.03997449576854706,-0.8663572072982788,0.009704476222395897,-35.96812438964844,-7.0,7.0,0.6730639338493347,0.22985625267028809,0.7540264129638672,-0.07580868154764175,30
population,4,carpet,31,700,0.02677910402417183,0.024263013154268265,-0.8977065086364746,0.009694776497781277,-31.88504981994629,-7.0,7.0,0.6768217086791992,0.23566310107707977,0.7812779545783997,-0.1222372055053711,31
population,4,carpet,32,700,0.03177063167095184,0.029554199427366257,-0.9648773670196533,0.009685087949037552,-30.153194427490234,-7.0,7.0,0.7133932709693909,0.20957836508750916,0.8431436419487,-0.16835811734199524,32
population,4,carpet,33,700,0.04218651354312897,0.040520913898944855,-0.9984114170074463,0.009675407782196999,-28.308467864990234,-7.0,7.0,0.685786783695221,0.23137710988521576,0.8955599665641785,-0.20773522555828094,33
population,4,carpet,34,700,0.04235245659947395,0.040434326976537704,-1.0021135807037354,0.009665737859904766,-25.087921142578125,-7.0,7.0,0.6421405076980591,0.2367093861103058,1.008494257926941,-0.25445571541786194,34
population,4,carpet,35,700,0.05291470140218735,0.04845800995826721,-0.9971591830253601,0.009656078182160854,-18.825416564941406,-7.0,7.0,0.5923606753349304,0.23122814297676086,1.0620936155319214,-0.2767535150051117,35
individual,5,carpet,1,875,0.262609601020813,0.26353222131729126,-0.9134966731071472,0.009646556340157986,-14.834017753601074,-7.0,7.0,0.5190235376358032,0.3138939440250397,1.237099528312683,-0.19051484763622284,36
individual,5,carpet,2,875,0.16292095184326172,0.1614881157875061,-0.8105264902114868,0.009636965580284595,-12.84505558013916,-7.0,7.0,0.5571864247322083,0.2923862338066101,1.2176135778427124,-0.2267412692308426,37
individual,5,carpet,3,875,0.12763941287994385,0.12602722644805908,-0.690485417842865,0.009627380408346653,-23.992961883544922,-7.0,7.0,0.516819417476654,0.2866479754447937,1.1276848316192627,-0.23631072044372559,38
individual,5,carpet,4,875,0.10448166728019714,0.1033366322517395,-0.5838363170623779,0.00961779523640871,-24.904342651367188,-7.0,7.0,0.49917691946029663,0.273752361536026,1.0554561614990234,-0.23950651288032532,39
individual,5,carpet,5,875,0.1049744188785553,0.10659830272197723,-0.49850982427597046,0.009608214721083641,-31.28845977783203,-7.0,7.0,0.5335643291473389,0.27889007329940796,0.9228376746177673,-0.21907851099967957,40
individual,5,carpet,6,875,0.1746561974287033,0.17470183968544006,-0.4453248083591461,0.00959863979369402,-38.041954040527344,-7.0,7.0,0.6871830821037292,0.264167457818985,0.8003870248794556,-0.19506347179412842,41
individual,5,carpet,7,875,0.14997363090515137,0.14939221739768982,-0.39922183752059937,0.00958906952291727,-41.25346374511719,-7.0,7.0,0.6165606379508972,0.2955787479877472,0.6767162680625916,-0.16891145706176758,42
individual,5,carpet,8,875,0.1561504602432251,0.15645107626914978,-0.38532355427742004,0.009579503908753395,-44.48600769042969,-7.0,7.0,0.6033021807670593,0.295356422662735,0.5727993249893188,-0.1444208323955536,43
individual,5,carpet,9,875,0.15738968551158905,0.159813791513443,-0.3765133023262024,0.009569943882524967,-48.9918212890625,-7.0,7.0,0.5684933662414551,0.3392455577850342,0.4924164116382599,-0.12472939491271973,44
individual,5,carpet,10,875,0.1288212686777115,0.13110096752643585,-0.3935636281967163,0.009560393169522285,-48.78838348388672,-7.0,7.0,0.5908836126327515,0.2707284092903137,0.4395633339881897,-0.11113293468952179,45
individual,5,carpet,11,875,0.16276437044143677,0.1629970371723175,-0.4141017496585846,0.009550847113132477,-47.50107955932617,-7.0,7.0,0.6834791302680969,0.2645040452480316,0.3877470791339874,-0.09773267060518265,46
individual,5,carpet,12,875,0.0853000283241272,0.08837755024433136,-0.44691401720046997,0.009541306644678116,-50.13724136352539,-7.0,7.0,0.5717669725418091,0.25476330518722534,0.3538820445537567,-0.08897582441568375,47
individual,5,carpet,13,875,0.07801187038421631,0.07962175458669662,-0.4708414375782013,0.009531774558126926,-50.881980895996094,-7.0,7.0,0.5983622074127197,0.25006166100502014,0.3170648217201233,-0.07967221736907959,48
individual,5,carpet,14,875,0.07261044532060623,0.0757346972823143,-0.525866687297821,0.009522252716124058,-52.653961181640625,-7.0,7.0,0.6394612789154053,0.27945172786712646,0.302222341299057,-0.07519686222076416,49
individual,5,carpet,15,875,0.05197116732597351,0.05626048892736435,-0.5627080798149109,0.009512736462056637,-50.81007766723633,-7.0,7.0,0.5839529037475586,0.28996506333351135,0.2951207756996155,-0.07232831418514252,50
individual,5,carpet,16,875,0.04180021584033966,0.04679244011640549,-0.6382689476013184,0.009503228589892387,-51.54050064086914,-7.0,7.0,0.5330681800842285,0.2687828540802002,0.29503875970840454,-0.07124514877796173,51
individual,5,carpet,17,875,0.041458290070295334,0.046127643436193466,-0.7095557451248169,0.009493726305663586,-52.01038360595703,-7.0,7.0,0.6163617372512817,0.26039284467697144,0.31012576818466187,-0.07344613969326019,52
individual,5,carpet,18,875,0.06129947304725647,0.06551273167133331,-0.8370516896247864,0.009484234265983105,-48.329994201660156,-7.0,7.0,0.6252180337905884,0.3323231339454651,0.33466199040412903,-0.07743541151285172,53
individual,5,carpet,19,875,0.05451398342847824,0.05984910577535629,-0.8272349238395691,0.009474750608205795,-45.21909713745117,-7.0,7.0,0.5668643712997437,0.2640586793422699,0.3758363127708435,-0.08244114369153976,54
individual,5,carpet,20,875,0.06045379117131233,0.06500961631536484,-0.907431423664093,0.009465276263654232,-44.05717849731445,-7.0,7.0,0.5920678973197937,0.29737424850463867,0.4461807608604431,-0.09059075266122818,55
individual,5,carpet,21,875,0.09590784460306168,0.09153640270233154,-0.9514464139938354,0.00945581216365099,-39.11277389526367,-7.0,7.0,0.5816352367401123,0.3076311945915222,0.5484687685966492,-0.10128546506166458,56
individual,5,carpet,22,875,0.04795430600643158,0.04881099611520767,-0.8812085390090942,0.00944635272026062,-36.63038635253906,-7.0,7.0,0.636863648891449,0.2536386251449585,0.6477304100990295,-0.10839002579450607,57
individual,5,carpet,23,875,0.03809179738163948,0.038860637694597244,-0.7969227433204651,0.009436902590095997,-32.1046142578125,-7.0,7.0,0.5432344675064087,0.27275437116622925,0.7553730010986328,-0.11752495914697647,58
individual,5,carpet,24,875,0.025731343775987625,0.026449736207723618,-0.7482174038887024,0.009427462704479694,-27.92024040222168,-7.0,7.0,0.5205416679382324,0.27455171942710876,0.8655943274497986,-0.13275954127311707,59
individual,5,carpet,25,875,0.025304587557911873,0.02867216430604458,-0.817484974861145,0.009418031200766563,-21.02350425720215,-7.0,7.0,0.6155960559844971,0.2571451663970947,1.0011934041976929,-0.1552751511335373,60
individual,5,carpet,26,875,0.03537418693304062,0.034734372049570084,-0.6995632648468018,0.009408609941601753,-18.374422073364258,-7.0,7.0,0.5696410536766052,0.2725893259048462,1.0677427053451538,-0.17048189043998718,61
individual,5,carpet,27,875,0.04053245112299919,0.039328426122665405,-0.736251711845398,0.00939919799566269,-19.384519577026367,-7.0,7.0,0.5905088186264038,0.2515377998352051,1.1304075717926025,-0.18853607773780823,62
individual,5,carpet,28,875,0.038905829191207886,0.038374729454517365,-0.6664533019065857,0.009389795362949371,-19.407197952270508,-7.0,7.0,0.5085431337356567,0.24803224205970764,1.1377798318862915,-0.20073093473911285,63
individual,5,carpet,29,875,0.03775133937597275,0.038722723722457886,-0.6599788069725037,0.009380401112139225,-20.7625732421875,-7.0,7.0,0.5615532994270325,0.2554417550563812,1.1455498933792114,-0.21436522901058197,64
individual,5,carpet,30,875,0.053136661648750305,0.05101550742983818,-0.6268563866615295,0.009371018037199974,-24.385677337646484,-7.0,7.0,0.6177000403404236,0.2530786395072937,1.1101802587509155,-0.2207006961107254,65
individual,5,carpet,31,875,0.060201406478881836,0.06087617576122284,-0.6748105883598328,0.009361643344163895,-17.22774887084961,-7.0,7.0,0.6592156887054443,0.25925618410110474,1.126693844795227,-0.2357824593782425,66
individual,5,carpet,32,875,0.05464249104261398,0.05465398728847504,-0.6403935551643372,0.009352277964353561,-23.625783920288086,-7.0,7.0,0.6042870879173279,0.30697911977767944,1.1018413305282593,-0.24137471616268158,67
individual,5,carpet,33,875,0.08693759143352509,0.08726093173027039,-0.7140673995018005,0.009342921897768974,-21.29113006591797,-7.0,7.0,0.6819233298301697,0.2994404733181,1.1045323610305786,-0.2532791793346405,68
individual,5,carpet,34,875,0.055998794734478,0.05907616391777992,-0.6940820813179016,0.009333575144410133,-22.733551025390625,-7.0,7.0,0.5693544149398804,0.2733830511569977,1.0634533166885376,-0.25363072752952576,69
individual,5,carpet,35,875,0.056086570024490356,0.05706258863210678,-0.7693907022476196,0.009324238635599613,-22.724679946899414,-7.0,7.0,0.6033797264099121,0.3346349895000458,1.0826451778411865,-0.26724934577941895,70
individual,5,carpet,36,875,0.06446124613285065,0.06885778158903122,-0.8614450693130493,0.009314910508692265,-22.118633270263672,-7.0,7.0,0.6332691311836243,0.33450230956077576,1.1113829612731934,-0.2847921550273895,71
individual,5,carpet,37,875,0.02603614144027233,0.02822015807032585,-0.8990466594696045,0.009305591695010662,-21.07927894592285,-7.0,7.0,0.6369704008102417,0.24715350568294525,1.1704246997833252,-0.30999913811683655,72
individual,5,carpet,38,875,0.036526504904031754,0.03834462910890579,-0.914447546005249,0.00929628312587738,-15.728094100952148,-7.0,7.0,0.6195254325866699,0.29618510603904724,1.2250937223434448,-0.33531954884529114,73
individual,5,carpet,39,875,0.03678027540445328,0.03966758772730827,-0.9269962906837463,0.00928698293864727,-14.962728500366211,-7.0,7.0,0.5524690747261047,0.28514033555984497,1.293652892112732,-0.36461859941482544,74
individual,5,carpet,40,875,0.043057698756456375,0.047042377293109894,-0.9545274376869202,0.00927769299596548,-5.082892417907715,-7.0,7.0,0.5730020403862,0.26424893736839294,1.3641315698623657,-0.39562729001045227,75
individual,5,carpet,41,875,0.037392619997262955,0.04029820114374161,-0.9266178607940674,0.009268411435186863,-5.519834518432617,-7.0,7.0,0.645670473575592,0.292670875787735,1.3650710582733154,-0.40390148758888245,76
individual,5,carpet,42,875,0.023030588403344154,0.021635722368955612,-0.9101970791816711,0.009259139187633991,-10.367825508117676,-7.0,7.0,0.6067430973052979,0.2966763973236084,1.3480027914047241,-0.40505602955818176,77
individual,5,carpet,43,875,0.03601185232400894,0.03966629505157471,-0.8981754183769226,0.00924987718462944,-12.155635833740234,-7.0,7.0,0.719294011592865,0.3112584054470062,1.2760497331619263,-0.3866766095161438,78
population,5,carpet,1,875,0.1833142340183258,0.18129649758338928,-1.0037189722061157,0.009646427817642689,-17.289119720458984,-7.0,7.0,0.602173924446106,0.26048994064331055,1.1114875078201294,-0.305349737405777,36
population,5,carpet,2,875,0.26880568265914917,0.26871949434280396,-0.9383190274238586,0.00963678676635027,-20.868589401245117,-7.0,7.0,0.5461782217025757,0.3131517469882965,1.0850991010665894,-0.31378450989723206,37
population,5,carpet,3,875,0.09475632011890411,0.09646262973546982,-0.8072938919067383,0.009627155028283596,-22.257612228393555,-7.0,7.0,0.5634281635284424,0.26443377137184143,1.076081395149231,-0.32147639989852905,38
population,5,carpet,4,875,0.08204641193151474,0.08077909052371979,-0.6832019090652466,0.009617533534765244,-22.63510513305664,-7.0,7.0,0.5885918140411377,0.25082969665527344,1.001461386680603,-0.30777692794799805,39
population,5,carpet,5,875,0.0992935374379158,0.09985041618347168,-0.6046891808509827,0.009607921354472637,-28.84547233581543,-7.0,7.0,0.5638554096221924,0.2766479253768921,0.9099746346473694,-0.2905735969543457,40
population,5,carpet,6,875,0.14287179708480835,0.14360105991363525,-0.5408924221992493,0.009598319418728352,-31.351593017578125,-7.0,7.0,0.5875318646430969,0.3144553005695343,0.8420780301094055,-0.26654472947120667,41
population,5,carpet,7,875,0.1281602382659912,0.12751302123069763,-0.491585910320282,0.009588726796209812,-34.832645416259766,-7.0,7.0,0.5313772559165955,0.3168877959251404,0.7497062087059021,-0.2346883863210678,42
population,5,carpet,8,875,0.1403615027666092,0.1393052488565445,-0.4522723853588104,0.009579143486917019,-34.8477783203125,-7.0,7.0,0.5802369713783264,0.3056429326534271,0.6933402419090271,-0.2125934213399887,43
population,5,carpet,9,875,0.15288838744163513,0.1524917632341385,-0.433346688747406,0.009569569490849972,-41.682926177978516,-7.0,7.0,0.6355807781219482,0.2925807237625122,0.6187000870704651,-0.18465545773506165,44
population,5,carpet,10,875,0.14308609068393707,0.14075428247451782,-0.42498260736465454,0.009560005739331245,-44.20033645629883,-7.0,7.0,0.6510369181632996,0.24991674721240997,0.5942821502685547,-0.1678563803434372,45
population,5,carpet,11,875,0.1318068951368332,0.1330752670764923,-0.44262105226516724,0.009550451301038265,-45.38528060913086,-7.0,7.0,0.6296895742416382,0.263479083776474,0.6095488667488098,-0.1634129285812378,46
population,5,carpet,12,875,0.1254708468914032,0.12756448984146118,-0.4658983647823334,0.009540906175971031,-44.05214309692383,-7.0,7.0,0.615352213382721,0.3015962839126587,0.6472710371017456,-0.1669628918170929,47
population,5,carpet,13,875,0.12594223022460938,0.1294442117214203,-0.529326319694519,0.009531370364129543,-37.519588470458984,-7.0,7.0,0.6135172843933105,0.29614487290382385,0.7171202898025513,-0.17946864664554596,48
population,5,carpet,14,875,0.09387380629777908,0.098308265209198,-0.5627925395965576,0.009521844796836376,-34.264808654785156,-7.0,7.0,0.5506612062454224,0.3403472304344177,0.7936768531799316,-0.19292612373828888,49
population,5,carpet,15,875,0.06917615979909897,0.07013107091188431,-0.6551229357719421,0.009512328542768955,-30.399036407470703,-7.0,7.0,0.624094545841217,0.2845020592212677,0.8846265077590942,-0.210679292678833,50
population,5,carpet,16,875,0.032981108874082565,0.03823272883892059,-0.7014944553375244,0.00950282160192728,-26.53252601623535,-7.0,7.0,0.5295854806900024,0.25205370783805847,0.9628667831420898,-0.22619609534740448,51
population,5,carpet,17,875,0.03076307475566864,0.03329826891422272,-0.8348903059959412,0.009493323974311352,-25.9520206451416,-7.0,7.0,0.6199023127555847,0.24395960569381714,1.0569902658462524,-0.2479451596736908,52
population,5,carpet,18,875,0.0809682235121727,0.08120793104171753,-0.912060022354126,0.00948383565992117,-12.90896224975586,-7.0,7.0,0.5104163885116577,0.31602156162261963,1.2083415985107422,-0.28717508912086487,53
population,5,carpet,19,875,0.04894554987549782,0.05766833573579788,-0.9809480905532837,0.009474357590079308,-8.319694519042969,-7.0,7.0,0.6317752003669739,0.29077520966529846,1.309351921081543,-0.31242331862449646,54
population,5,carpet,20,875,0.056912027299404144,0.06472867727279663,-1.018398642539978,0.009464888833463192,-8.700321197509766,-7.0,7.0,0.5664165616035461,0.2795912027359009,1.3510987758636475,-0.3175656199455261,55
population,5,carpet,21,875,0.07936111837625504,0.08721665292978287,-0.9760138392448425,0.009455916471779346,-1.9155970811843872,-7.0,7.0,0.4525560736656189,0.24845360219478607,1.384860873222351,-0.32255202531814575,56
population,5,carpet,22,875,0.06259395182132721,0.07020319253206253,-1.0250657796859741,0.009446898475289345,-6.6505231857299805,-7.0,7.0,0.5351741313934326,0.27973031997680664,1.3583866357803345,-0.31389427185058594,57
population,5,carpet,23,875,0.04297890141606331,0.0446227602660656,-0.9300678968429565,0.00943783950060606,-9.043045997619629,-7.0,7.0,0.5842490196228027,0.26589879393577576,1.2914228439331055,-0.29920536279678345,58
population,5,carpet,24,875,0.027660872787237167,0.02890079841017723,-0.8865997791290283,0.009428744204342365,-19.33525848388672,-7.0,7.0,0.5714972019195557,0.2448095977306366,1.183294415473938,-0.277968168258667,59
population,5,carpet,25,875,0.03430352360010147,0.04523729905486107,-0.7627154588699341,0.009419620968401432,-17.851686477661133,-7.0,7.0,0.5035067796707153,0.34206950664520264,1.1115590333938599,-0.264421284198761,60
population,5,carpet,26,875,0.03591395914554596,0.041053157299757004,-0.7436763048171997,0.00941047165542841,-18.333797454833984,-7.0,7.0,0.5367448925971985,0.3236761689186096,1.093413233757019,-0.26379212737083435,61
population,5,carpet,27,875,0.028332944959402084,0.03326832130551338,-0.7593746185302734,0.009401295334100723,-21.620134353637695,-7.0,7.0,0.6067540049552917,0.23766760528087616,1.0990163087844849,-0.27211636304855347,62
population,5,carpet,28,875,0.03672654181718826,0.03987899422645569,-0.743546724319458,0.00939210131764412,-15.564162254333496,-7.0,7.0,0.6059137582778931,0.29932159185409546,1.1230942010879517,-0.2894429564476013,63
population,5,carpet,29,875,0.07170769572257996,0.0741550400853157,-0.7107138633728027,0.009382888674736023,-15.181951522827148,-7.0,7.0,0.6274943947792053,0.3104405403137207,1.1370790004730225,-0.3057072162628174,64
population,5,carpet,30,875,0.03354174643754959,0.03390195220708847,-0.6881750226020813,0.009373662993311882,-17.0605525970459,-7.0,7.0,0.5498928427696228,0.25068536400794983,1.1732683181762695,-0.3202309310436249,65
population,5,carpet,31,875,0.05144065245985985,0.05551961064338684,-0.797736644744873,0.00936442892998457,-13.45573902130127,-7.0,7.0,0.6972735524177551,0.21459893882274628,1.2199020385742188,-0.33704763650894165,66
population,5,carpet,32,875,0.03702205419540405,0.03939565271139145,-0.7694191932678223,0.009355181828141212,-12.651216506958008,-7.0,7.0,0.6030374765396118,0.27007973194122314,1.2051023244857788,-0.33657723665237427,67
population,5,carpet,33,875,0.017534155398607254,0.01877441070973873,-0.7577534914016724,0.009345929138362408,-14.655016899108887,-7.0,7.0,0.5595581531524658,0.24276380240917206,1.1789747476577759,-0.3319028317928314,68
population,5,carpet,34,875,0.047258030623197556,0.0526537224650383,-0.7575680613517761,0.009336668998003006,-23.43766212463379,-7.0,7.0,0.5831500887870789,0.31722667813301086,1.1287767887115479,-0.3189058303833008,69
population,5,carpet,35,875,0.043923284858465195,0.048193465918302536,-0.8952338695526123,0.009327404201030731,-17.59990692138672,-7.0,7.0,0.6184735894203186,0.2555124759674072,1.159738302230835,-0.3290918469429016,70
population,5,carpet,36,875,0.04087352007627487,0.04342440888285637,-0.9519113898277283,0.009318140335381031,-18.666006088256836,-7.0,7.0,0.583387553691864,0.2919865846633911,1.1895407438278198,-0.3389178216457367,71
population,5,carpet,37,875,0.024284660816192627,0.024555929005146027,-0.9266143441200256,0.009308871813118458,-12.260319709777832,-7.0,7.0,0.5846579670906067,0.2768395245075226,1.226047396659851,-0.34952348470687866,72
population,5,carpet,38,875,0.023042870685458183,0.028494132682681084,-0.9244978427886963,0.009299603290855885,-13.483154296875,-7.0,7.0,0.5652145147323608,0.2882649898529053,1.2475183010101318,-0.3538883328437805,73
population,5,carpet,39,875,0.046018101274967194,0.050878413021564484,-1.0187681913375854,0.009290335699915886,-11.296467781066895,-7.0,7.0,0.6994437575340271,0.24336028099060059,1.246167778968811,-0.35024595260620117,74
population,5,carpet,40,875,0.029726732522249222,0.03342445567250252,-0.921011745929718,0.00928107276558876,-13.258636474609375,-7.0,7.0,0.5692105889320374,0.30806344747543335,1.2316381931304932,-0.3413139879703522,75
population,5,carpet,41,875,0.028518984094262123,0.03286417946219444,-0.9413015842437744,0.00927181076258421,-15.082625389099121,-7.0,7.0,0.6575649976730347,0.28019851446151733,1.1674944162368774,-0.31850332021713257,76
population,5,carpet,42,875,0.03585105761885643,0.03950522840023041,-0.887850821018219,0.009262552484869957,-18.607370376586914,-7.0,7.0,0.5495045185089111,0.34697654843330383,1.1223021745681763,-0.30167055130004883,77
population,5,carpet,43,875,0.029940469190478325,0.03400036692619324,-0.8519551157951355,0.009253299795091152,-20.94772720336914,-7.0,7.0,0.5403168797492981,0.2871031165122986,1.0812608003616333,-0.2876020073890686,78
individual,6,carpet,1,1050,0.03907076269388199,0.041472434997558594,-0.9351950287818909,0.009240623563528061,-15.192781448364258,-7.0,7.0,0.6832706332206726,0.2604893445968628,1.1968719959259033,-0.3635304868221283,79
individual,6,carpet,2,1050,0.04962360858917236,0.057143837213516235,-0.8782912492752075,0.009231379255652428,-20.174991607666016,-7.0,7.0,0.6198893785476685,0.2302365005016327,1.1254267692565918,-0.341027170419693,80
individual,6,carpet,3,1050,0.026627840474247932,0.028992416337132454,-0.8183218836784363,0.00922214426100254,-21.19396209716797,-7.0,7.0,0.631006121635437,0.2702166438102722,1.0705267190933228,-0.32456493377685547,81
individual,6,carpet,4,1050,0.04854695498943329,0.052298061549663544,-0.8215050101280212,0.0092129185795784,-26.03485107421875,-7.0,7.0,0.7062332630157471,0.2360486090183258,1.0427864789962769,-0.31772199273109436,82
individual,6,carpet,5,1050,0.01600138656795025,0.018826298415660858,-0.7562259435653687,0.009203702211380005,-21.926668167114258,-7.0,7.0,0.6211057305335999,0.25635939836502075,1.0635663270950317,-0.3256201446056366,83
individual,6,carpet,6,1050,0.04876621440052986,0.050578758120536804,-0.7573404312133789,0.009194495156407356,-21.67560577392578,-7.0,7.0,0.7112998962402344,0.2830396890640259,1.043270468711853,-0.32034292817115784,84
individual,6,carpet,7,1050,0.03004004806280136,0.034602850675582886,-0.7474875450134277,0.009185297414660454,-26.136917114257812,-7.0,7.0,0.7288172841072083,0.22533224523067474,1.025774598121643,-0.3146041929721832,85
individual,6,carpet,8,1050,0.023192860186100006,0.02545604296028614,-0.7055259943008423,0.009176108054816723,-26.998430252075195,-7.0,7.0,0.6523150205612183,0.2808185815811157,1.0021774768829346,-0.3064391016960144,86
individual,6,carpet,9,1050,0.03610812872648239,0.03890550881624222,-0.7376011610031128,0.009166928939521313,-25.440217971801758,-7.0,7.0,0.7198595404624939,0.2518821954727173,0.9895965456962585,-0.30261415243148804,87
individual,6,carpet,10,1050,0.021313149482011795,0.02298707142472267,-0.7260271906852722,0.009157758206129074,-27.237098693847656,-7.0,7.0,0.6512507200241089,0.2630699872970581,0.9525397419929504,-0.2917865812778473,88
individual,6,carpet,11,1050,0.025712046772241592,0.028478635475039482,-0.7506454586982727,0.009148596785962582,-29.927997589111328,-7.0,7.0,0.6223748922348022,0.2768356502056122,0.9375351071357727,-0.286703497171402,89
individual,6,carpet,12,1050,0.021275430917739868,0.023700566962361336,-0.7976303696632385,0.009139444679021835,-32.15586471557617,-7.0,7.0,0.6782510876655579,0.2795943021774292,0.9111742973327637,-0.2784338593482971,90
individual,6,carpet,13,1050,0.03126836195588112,0.034273527562618256,-0.8008816242218018,0.009130301885306835,-30.027774810791016,-7.0,7.0,0.6439802050590515,0.2421623170375824,0.8678493499755859,-0.2648259103298187,91
individual,6,carpet,14,1050,0.021142004057765007,0.023761939257383347,-0.8291239738464355,0.009121168404817581,-30.87555694580078,-7.0,7.0,0.7468474507331848,0.24693036079406738,0.8474526405334473,-0.2568018436431885,92
individual,6,carpet,15,1050,0.02912779711186886,0.031665291637182236,-0.856181263923645,0.009112043306231499,-30.569049835205078,-7.0,7.0,0.6976329684257507,0.27606895565986633,0.8121361136436462,-0.2438814789056778,93
individual,6,carpet,16,1050,0.02036941796541214,0.0228334479033947,-0.815892219543457,0.009102928452193737,-36.26985168457031,-7.0,7.0,0.6616443395614624,0.24825172126293182,0.748437762260437,-0.2217956781387329,94
individual,6,carpet,17,1050,0.028096741065382957,0.02956862561404705,-0.9130154252052307,0.009093821980059147,-37.8297004699707,-7.0,7.0,0.7574669122695923,0.26427629590034485,0.7274003624916077,-0.20906101167201996,95
individual,6,carpet,18,1050,0.016652021557092667,0.018181249499320984,-0.8551599979400635,0.009084724821150303,-41.071006774902344,-7.0,7.0,0.7491273283958435,0.19359728693962097,0.7084261178970337,-0.19692309200763702,96
individual,6,carpet,19,1050,0.02210046537220478,0.024085383862257004,-0.8061181306838989,0.00907563604414463,-38.4554557800293,-7.0,7.0,0.6717056035995483,0.27795636653900146,0.7174062728881836,-0.19269903004169464,97
individual,6,carpet,20,1050,0.02410942129790783,0.02562207356095314,-0.8159837126731873,0.009066557511687279,-36.423866271972656,-7.0,7.0,0.7085870504379272,0.25838005542755127,0.7378963828086853,-0.1920594424009323,98
individual,6,carpet,21,1050,0.016477135941386223,0.017777839675545692,-0.8054341077804565,0.009057487361133099,-40.93352508544922,-7.0,7.0,0.7150474786758423,0.26094338297843933,0.7494796514511108,-0.18918688595294952,99
individual,6,carpet,22,1050,0.02235768549144268,0.025543563067913055,-0.855772852897644,0.009048426523804665,-37.88033676147461,-7.0,7.0,0.8200831413269043,0.2524166405200958,0.7591117024421692,-0.18636615574359894,100
individual,6,carpet,23,1050,0.0251819659024477,0.028398888185620308,-0.7996013164520264,0.009039374068379402,-35.49580383300781,-7.0,7.0,0.737652599811554,0.2940230667591095,0.8093529343605042,-0.19311901926994324,101
individual,6,carpet,24,1050,0.03115800768136978,0.034981466829776764,-0.8573446273803711,0.00903033185750246,-33.296630859375,-7.0,7.0,0.7552145719528198,0.2859414517879486,0.8194800615310669,-0.19072474539279938,102
individual,6,carpet,25,1050,0.020565016195178032,0.020476149395108223,-0.8158628940582275,0.00902129802852869,-32.360748291015625,-7.0,7.0,0.7441436648368835,0.26592475175857544,0.8222781419754028,-0.18655894696712494,103
individual,6,carpet,26,1050,0.022785654291510582,0.026236191391944885,-0.8365091681480408,0.009012272581458092,-33.286842346191406,-7.0,7.0,0.7494462728500366,0.2743861675262451,0.8002901673316956,-0.17629773914813995,104
individual,6,carpet,27,1050,0.027110356837511063,0.027875127270817757,-0.936272382736206,0.009003257378935814,-39.3055419921875,-7.0,7.0,0.7888554334640503,0.2815832197666168,0.7615745663642883,-0.16274777054786682,105
individual,6,carpet,28,1050,0.02291574701666832,0.024501074105501175,-0.9192400574684143,0.008994250558316708,-40.57792282104492,-7.0,7.0,0.792504072189331,0.3179289698600769,0.738475501537323,-0.15270397067070007,106
individual,6,carpet,29,1050,0.02003500983119011,0.02163117565214634,-0.9546166658401489,0.008985253050923347,-40.440372467041016,-7.0,7.0,0.808112382888794,0.22506505250930786,0.7175525426864624,-0.1437401920557022,107
individual,6,carpet,30,1050,0.023162994533777237,0.026366867125034332,-0.9791337847709656,0.008976263925433159,-38.60647201538086,-7.0,7.0,0.8454264998435974,0.28177574276924133,0.7472721934318542,-0.1449577510356903,108
individual,6,carpet,31,1050,0.024323323741555214,0.02834605611860752,-0.9815850257873535,0.008967285044491291,-35.39992141723633,-7.0,7.0,0.8395285606384277,0.2593155801296234,0.7472355961799622,-0.13994552195072174,109
individual,6,carpet,32,1050,0.01857828162610531,0.018820296972990036,-0.9826586246490479,0.00895831361413002,-36.332096099853516,-7.0,7.0,0.8606598377227783,0.23452623188495636,0.7387105226516724,-0.13352832198143005,110
individual,6,carpet,33,1050,0.027047868818044662,0.03362154960632324,-0.873865008354187,0.00894935242831707,-35.71157455444336,-7.0,7.0,0.7204689383506775,0.3112773895263672,0.7734884023666382,-0.13390830159187317,111
individual,6,carpet,34,1050,0.01632401905953884,0.019695088267326355,-0.9627933502197266,0.008940399624407291,-39.83646774291992,-7.0,7.0,0.7805343866348267,0.23450924456119537,0.7416067719459534,-0.12383132427930832,112
individual,6,carpet,35,1050,0.02361578866839409,0.02624216303229332,-0.9501408338546753,0.008931456133723259,-32.79184341430664,-7.0,7.0,0.8180413246154785,0.2806682884693146,0.7433934807777405,-0.11899389326572418,113
individual,6,carpet,36,1050,0.016741851344704628,0.01856379210948944,-0.8985854387283325,0.008922521024942398,-38.63398361206055,-7.0,7.0,0.7959463596343994,0.30295461416244507,0.7291206121444702,-0.11117392778396606,114
individual,6,carpet,37,1050,0.01846274547278881,0.020029613748192787,-0.8848269581794739,0.008913595229387283,-35.97900390625,-7.0,7.0,0.806212842464447,0.2797330319881439,0.7161534428596497,-0.10403602570295334,115
individual,6,carpet,38,1050,0.013598366640508175,0.01587573252618313,-0.9459278583526611,0.00890467781573534,-35.980831146240234,-7.0,7.0,0.793783962726593,0.2516728341579437,0.6904773116111755,-0.09530586004257202,116
individual,6,carpet,39,1050,0.018702657893300056,0.019834334030747414,-0.8816877007484436,0.008895769715309143,-40.573055267333984,-7.0,7.0,0.78178870677948,0.2912121117115021,0.6695242524147034,-0.08715958893299103,117
individual,6,carpet,40,1050,0.019136503338813782,0.020193129777908325,-0.9797964096069336,0.008886870928108692,-41.87757110595703,-7.0,7.0,0.8707371950149536,0.20163200795650482,0.6387728452682495,-0.07801084220409393,118
individual,6,carpet,41,1050,0.0176417026668787,0.0208146832883358,-0.947903037071228,0.008877980522811413,-39.49455261230469,-7.0,7.0,0.8355882167816162,0.2561964988708496,0.6343085169792175,-0.07154712826013565,119
individual,6,carpet,42,1050,0.02618752233684063,0.03032468445599079,-1.0232802629470825,0.00886909943073988,-38.342979431152344,-7.0,7.0,0.8130214214324951,0.19788053631782532,0.6226133704185486,-0.06478580087423325,120
individual,6,carpet,43,1050,0.01219024695456028,0.013715362176299095,-0.991567850112915,0.008860226720571518,-37.76776123046875,-7.0,7.0,0.8433287739753723,0.24357399344444275,0.6221857070922852,-0.05935601517558098,121
individual,6,carpet,44,1050,0.021820267662405968,0.027676835656166077,-1.0298813581466675,0.008851363323628902,-40.11210632324219,-7.0,7.0,0.8886181116104126,0.22042255103588104,0.6168211102485657,-0.054521895945072174,122
individual,6,carpet,45,1050,0.022594470530748367,0.025879094377160072,-0.9834399223327637,0.008842508308589458,-39.41973876953125,-7.0,7.0,0.8105854988098145,0.2532692849636078,0.6251440644264221,-0.050610750913619995,123
individual,6,carpet,46,1050,0.01589653640985489,0.016856618225574493,-0.9934120178222656,0.00883366260677576,-40.26392364501953,-7.0,7.0,0.7837565541267395,0.25214359164237976,0.6322345733642578,-0.04682290926575661,124
individual,6,carpet,47,1050,0.019125334918498993,0.021771986037492752,-0.9745677709579468,0.008824825286865234,-40.14910888671875,-7.0,7.0,0.7661888599395752,0.27687838673591614,0.6361495852470398,-0.04223340377211571,125
individual,6,carpet,48,1050,0.013111121952533722,0.012929489836096764,-0.9004018902778625,0.008815997280180454,-37.755409240722656,-7.0,7.0,0.7409005165100098,0.3202029764652252,0.6616132855415344,-0.03976919874548912,126
individual,6,carpet,49,1050,0.02460123784840107,0.024406973272562027,-1.0214555263519287,0.008807177655398846,-36.09760284423828,-7.0,7.0,0.9635055065155029,0.23587556183338165,0.6712337732315063,-0.03767331689596176,127
individual,6,carpet,50,1050,0.020775768905878067,0.02137812227010727,-0.94577956199646,0.008798367343842983,-37.02211380004883,-7.0,7.0,0.8740221261978149,0.257602334022522,0.6812147498130798,-0.03572988510131836,128
population,6,carpet,1,1050,0.0441620834171772,0.060973040759563446,-0.8978978991508484,0.00924405176192522,-19.034862518310547,-7.0,7.0,0.6690004467964172,0.2140078842639923,1.040405511856079,-0.2761457860469818,79
population,6,carpet,2,1050,0.044114675372838974,0.0505942739546299,-0.8673075437545776,0.009234809316694736,-22.38999366760254,-7.0,7.0,0.6817159056663513,0.28239256143569946,1.0278890132904053,-0.27283525466918945,80
population,6,carpet,3,1050,0.03167698159813881,0.038520291447639465,-0.8454561233520508,0.009225570596754551,-27.865697860717773,-7.0,7.0,0.6716870665550232,0.2290894240140915,1.0070463418960571,-0.26743781566619873,81
population,6,carpet,4,1050,0.028872454538941383,0.03681217133998871,-0.7993160486221313,0.009216337464749813,-24.552682876586914,-7.0,7.0,0.6658282279968262,0.2715306878089905,1.0232535600662231,-0.2708086371421814,82
population,6,carpet,5,1050,0.051768600940704346,0.06210993602871895,-0.7752130031585693,0.009207108989357948,-19.91234588623047,-7.0,7.0,0.7427209615707397,0.267252653837204,1.0449315309524536,-0.2758711874485016,83
population,6,carpet,6,1050,0.04602465033531189,0.05319719389081001,-0.737633466720581,0.009197888895869255,-24.296945571899414,-7.0,7.0,0.6690245270729065,0.2890178859233856,1.0262819528579712,-0.2697902023792267,84
population,6,carpet,7,1050,0.05033855512738228,0.06444147229194641,-0.7181249856948853,0.00918867439031601,-29.139202117919922,-7.0,7.0,0.7127695679664612,0.2879945635795593,1.014439344406128,-0.26487496495246887,85
population,6,carpet,8,1050,0.03062344714999199,0.03651987761259079,-0.7833360433578491,0.00917946919798851,-29.08171272277832,-7.0,7.0,0.6675905585289001,0.229857936501503,0.9766464233398438,-0.25408288836479187,86
population,6,carpet,9,1050,0.04069236293435097,0.04966219514608383,-0.7322039604187012,0.009170268662273884,-25.916074752807617,-7.0,7.0,0.6417075991630554,0.2749936282634735,0.9667863845825195,-0.2508067488670349,87
population,6,carpet,10,1050,0.022801192477345467,0.02739645540714264,-0.7998636960983276,0.009161077439785004,-34.969146728515625,-7.0,7.0,0.6935814619064331,0.25271138548851013,0.9181265234947205,-0.238251194357872,88
population,6,carpet,11,1050,0.0227070115506649,0.027013376355171204,-0.794802725315094,0.00915189553052187,-31.780521392822266,-7.0,7.0,0.7090175747871399,0.25254887342453003,0.8691578507423401,-0.2267068475484848,89
population,6,carpet,12,1050,0.017683029174804688,0.018767351284623146,-0.7913597822189331,0.009142718277871609,-33.84790802001953,-7.0,7.0,0.6401434540748596,0.2562182545661926,0.8397689461708069,-0.21930105984210968,90
population,6,carpet,13,1050,0.027077969163656235,0.031170865520834923,-0.8473110795021057,0.009133550338447094,-34.03450012207031,-7.0,7.0,0.6934036016464233,0.25425925850868225,0.8154823184013367,-0.21350516378879547,91
population,6,carpet,14,1050,0.02291291579604149,0.02498209848999977,-0.8374500870704651,0.009124391712248325,-34.541351318359375,-7.0,7.0,0.6827707886695862,0.22940069437026978,0.7833065390586853,-0.2053699642419815,92
population,6,carpet,15,1050,0.02604985609650612,0.02948717772960663,-0.8455049395561218,0.009115242399275303,-32.2911491394043,-7.0,7.0,0.726396918296814,0.23268845677375793,0.7742790579795837,-0.20031778514385223,93
population,6,carpet,16,1050,0.01742197573184967,0.01929369568824768,-0.8659223914146423,0.009106101468205452,-37.111209869384766,-7.0,7.0,0.7416086792945862,0.25021761655807495,0.7529672384262085,-0.19021736085414886,94
population,6,carpet,17,1050,0.014800920151174068,0.01704590581357479,-0.8538211584091187,0.009096970781683922,-36.53801727294922,-7.0,7.0,0.6985728740692139,0.21555285155773163,0.7462559342384338,-0.18288221955299377,95
population,6,carpet,18,1050,0.03504806011915207,0.03672520071268082,-0.8288275599479675,0.00908784382045269,-36.8559684753418,-7.0,7.0,0.76911860704422,0.3282570242881775,0.7439689636230469,-0.17540815472602844,96
population,6,carpet,19,1050,0.01957935467362404,0.021533649414777756,-0.8308898210525513,0.00907872710376978,-38.4615364074707,-7.0,7.0,0.7498560547828674,0.2658670246601105,0.7410995364189148,-0.16550521552562714,97
population,6,carpet,20,1050,0.033568497747182846,0.03694411739706993,-0.8644750118255615,0.00906961876899004,-37.12276840209961,-7.0,7.0,0.7704187631607056,0.2966367304325104,0.7456001043319702,-0.1577664315700531,98
population,6,carpet,21,1050,0.013414615765213966,0.015995746478438377,-0.941617488861084,0.009060519747436047,-32.150413513183594,-7.0,7.0,0.8341270685195923,0.23035618662834167,0.7633983492851257,-0.1544448584318161,99
population,6,carpet,22,1050,0.010955190286040306,0.014507925137877464,-0.9067246317863464,0.0090514300391078,-30.4777889251709,-7.0,7.0,0.7515281438827515,0.28854188323020935,0.7680624723434448,-0.14548048377037048,100
population,6,carpet,23,1050,0.020456094294786453,0.02187395840883255,-1.0406962633132935,0.009042348712682724,-27.88315773010254,-7.0,7.0,0.811400830745697,0.2136194407939911,0.7513698935508728,-0.1335628181695938,101
population,6,carpet,24,1050,0.04095158725976944,0.04488107189536095,-1.0558969974517822,0.00903327763080597,-27.69603729248047,-7.0,7.0,0.7411598563194275,0.2999381422996521,0.7468565106391907,-0.12422756850719452,102
population,6,carpet,25,1050,0.027016714215278625,0.032557643949985504,-0.9402645826339722,0.009024214930832386,-26.618431091308594,-7.0,7.0,0.667547345161438,0.2717835009098053,0.7806865572929382,-0.11539120227098465,103
population,6,carpet,26,1050,0.025680623948574066,0.025865035131573677,-0.946069061756134,0.009015161544084549,-26.44655990600586,-7.0,7.0,0.7036455869674683,0.2868650257587433,0.8027556538581848,-0.1084202378988266,104
population,6,carpet,27,1050,0.015105770900845528,0.014511032961308956,-0.8384231328964233,0.009006116539239883,-28.40610122680664,-7.0,7.0,0.6933186054229736,0.2848087549209595,0.8304104804992676,-0.10550349205732346,105
population,6,carpet,28,1050,0.01910020411014557,0.022687654942274094,-0.8958120346069336,0.008997081778943539,-27.830961227416992,-7.0,7.0,0.786655068397522,0.19249892234802246,0.8319959044456482,-0.10362812131643295,106
population,6,carpet,29,1050,0.027628669515252113,0.02998165413737297,-0.8796216249465942,0.008988055400550365,-27.658004760742188,-7.0,7.0,0.7655187845230103,0.26807504892349243,0.8537575602531433,-0.10793571174144745,107
population,6,carpet,30,1050,0.030849136412143707,0.03212953358888626,-0.9243048429489136,0.008979038335382938,-28.669883728027344,-7.0,7.0,0.8385768532752991,0.2339297980070114,0.8558353781700134,-0.11426807940006256,108
population,6,carpet,31,1050,0.0208402369171381,0.023233676329255104,-0.8776437640190125,0.008970030583441257,-31.087797164916992,-7.0,7.0,0.8177618980407715,0.21046984195709229,0.874731183052063,-0.12341871112585068,109
population,6,carpet,32,1050,0.01615307480096817,0.017765838652849197,-0.7902622222900391,0.008961031213402748,-30.597692489624023,-7.0,7.0,0.6520720720291138,0.2685794532299042,0.9220739006996155,-0.14074189960956573,110
population,6,carpet,33,1050,0.021566681563854218,0.02311798371374607,-0.8875691294670105,0.008952041156589985,-28.872241973876953,-7.0,7.0,0.7404391765594482,0.26892974972724915,0.9419057965278625,-0.15988679230213165,111
population,6,carpet,34,1050,0.01920674368739128,0.016995038837194443,-0.9440919160842896,0.008943060413002968,-27.721763610839844,-7.0,7.0,0.7517501711845398,0.19748905301094055,1.0061811208724976,-0.18961621820926666,112
population,6,carpet,35,1050,0.02292405068874359,0.026997117325663567,-0.9358137845993042,0.008934088051319122,-28.708951950073242,-7.0,7.0,0.7522088885307312,0.2974162697792053,1.046601414680481,-0.21321158111095428,113
population,6,carpet,36,1050,0.023887231945991516,0.02841639146208763,-0.9434177279472351,0.008925125002861023,-25.360265731811523,-7.0,7.0,0.7727356553077698,0.33812811970710754,1.107195258140564,-0.24081511795520782,114
population,6,carpet,37,1050,0.02350790426135063,0.027508404105901718,-0.8850439190864563,0.00891617126762867,-19.494516372680664,-7.0,7.0,0.7585563063621521,0.3032647967338562,1.137239694595337,-0.2593865990638733,115
population,6,carpet,38,1050,0.04026130586862564,0.04634898155927658,-0.9732534289360046,0.008907230570912361,-18.02020263671875,-7.0,7.0,0.7950477004051208,0.33910977840423584,1.1688367128372192,-0.27784380316734314,116
population,6,carpet,39,1050,0.025057464838027954,0.02997814118862152,-0.9955812096595764,0.008898298256099224,-20.038665771484375,-7.0,7.0,0.7830501794815063,0.31514525413513184,1.1441104412078857,-0.2794441282749176,117
population,6,carpet,40,1050,0.028404852375388145,0.03191972151398659,-1.0324313640594482,0.008889375254511833,-22.178794860839844,-7.0,7.0,0.8177317380905151,0.2782585918903351,1.1159194707870483,-0.2786964774131775,118
population,6,carpet,41,1050,0.02488616853952408,0.02397574484348297,-1.0698946714401245,0.008880461566150188,-25.584178924560547,-7.0,7.0,0.909481942653656,0.23053480684757233,1.0897414684295654,-0.27809733152389526,119
population,6,carpet,42,1050,0.02085750550031662,0.024639686569571495,-0.978950023651123,0.008871556259691715,-29.98529815673828,-7.0,7.0,0.7393498420715332,0.2588772773742676,1.058945655822754,-0.27502551674842834,120
population,6,carpet,43,1050,0.01759069785475731,0.020674971863627434,-0.9791269898414612,0.008862660266458988,-24.22760581970215,-7.0,7.0,0.7857354283332825,0.27923503518104553,1.0706232786178589,-0.2840431332588196,121
population,6,carpet,44,1050,0.023727934807538986,0.025810787454247475,-1.0148018598556519,0.008853773586452007,-25.43289566040039,-7.0,7.0,0.8832963109016418,0.31181463599205017,1.0807111263275146,-0.2922070026397705,122
population,6,carpet,45,1050,0.016429826617240906,0.019586361944675446,-0.9805121421813965,0.008844895288348198,-20.336170196533203,-7.0,7.0,0.8279867172241211,0.19896067678928375,1.0917717218399048,-0.2959451675415039,123
population,6,carpet,46,1050,0.016418466344475746,0.016470683738589287,-0.9657660126686096,0.00883602537214756,-23.17793846130371,-7.0,7.0,0.8200536370277405,0.2755347788333893,1.0750168561935425,-0.29090616106987,124
population,6,carpet,47,1050,0.021686505526304245,0.025859393179416656,-0.9728994369506836,0.008827165700495243,-27.175596237182617,-7.0,7.0,0.834839940071106,0.22531813383102417,1.0463260412216187,-0.2804592251777649,125
population,6,carpet,48,1050,0.020522309467196465,0.021269982680678368,-0.9970083832740784,0.008818313479423523,-25.708288192749023,-7.0,7.0,0.8994427919387817,0.2584743797779083,1.0227916240692139,-0.2680458128452301,126
population,6,carpet,49,1050,0.027841659262776375,0.029483716934919357,-1.0256855487823486,0.008809471502900124,-25.84783363342285,-7.0,7.0,0.8204883337020874,0.25922831892967224,0.988709032535553,-0.24923543632030487,127
population,6,carpet,50,1050,0.018239496275782585,0.019526606425642967,-1.014211654663086,0.008800636976957321,-24.612642288208008,-7.0,7.0,0.8130067586898804,0.2984541356563568,0.946684718132019,-0.23011235892772675,128
individual,7,carpet,1,1225,0.022420383989810944,0.025006650015711784,-0.9719750881195068,0.008789565414190292,-34.94429397583008,-7.0,7.0,0.8773519992828369,0.23949076235294342,0.6880993247032166,-0.03391591086983681,129
individual,7,carpet,2,1225,0.015471208840608597,0.01872882805764675,-0.9522677659988403,0.008780772797763348,-38.2880859375,-7.0,7.0,0.8448771238327026,0.297837495803833,0.6877581477165222,-0.03227885812520981,130
individual,7,carpet,3,1225,0.025653406977653503,0.027770591899752617,-0.9781001806259155,0.008771988563239574,-36.6541748046875,-7.0,7.0,0.8633949160575867,0.31147539615631104,0.6841883063316345,-0.031042855232954025,131
individual,7,carpet,4,1225,0.01616029627621174,0.016507701948285103,-1.0624542236328125,0.008763213641941547,-36.672550201416016,-7.0,7.0,0.9711102247238159,0.24699807167053223,0.6813444495201111,-0.031490519642829895,132
individual,7,carpet,5,1225,0.017875101417303085,0.019021976739168167,-1.0093200206756592,0.008754447102546692,-34.0369873046875,-7.0,7.0,0.8672205805778503,0.3054164946079254,0.6979748010635376,-0.03357609733939171,133
individual,7,carpet,6,1225,0.013227279298007488,0.01344822347164154,-1.0094521045684814,0.008745688945055008,-33.478851318359375,-7.0,7.0,0.8329891562461853,0.25382718443870544,0.7084011435508728,-0.03573744371533394,134
individual,7,carpet,7,1225,0.021571243181824684,0.022236909717321396,-1.0670734643936157,0.00873694010078907,-35.5369758605957,-7.0,7.0,0.921748161315918,0.28628626465797424,0.7090373635292053,-0.03848201408982277,135
individual,7,carpet,8,1225,0.013375381007790565,0.016037406399846077,-1.1180917024612427,0.008728199638426304,-35.0402946472168,-7.0,7.0,0.9571558237075806,0.22622734308242798,0.7007133364677429,-0.04227287322282791,136
individual,7,carpet,9,1225,0.01978829875588417,0.022655604407191277,-1.1655279397964478,0.008719468489289284,-34.26431655883789,-7.0,7.0,1.0095292329788208,0.25230154395103455,0.7123537659645081,-0.047608621418476105,137
individual,7,carpet,10,1225,0.017849033698439598,0.020023921504616737,-1.0249193906784058,0.008710745722055435,-30.76117706298828,-7.0,7.0,0.8985357880592346,0.32152536511421204,0.7308440804481506,-0.054543983191251755,138
individual,7,carpet,11,1225,0.02193371020257473,0.022906485944986343,-1.0490446090698242,0.008702031336724758,-32.83243942260742,-7.0,7.0,0.8468458652496338,0.28149375319480896,0.7464519739151001,-0.06158650666475296,139
individual,7,carpet,12,1225,0.02045576274394989,0.02204989641904831,-1.020228385925293,0.008693329989910126,-31.369827270507812,-7.0,7.0,0.9046211838722229,0.3205503523349762,0.768389880657196,-0.07006005942821503,140
individual,7,carpet,13,1225,0.0121953459456563,0.01251351460814476,-1.0275416374206543,0.00868463795632124,-32.887027740478516,-7.0,7.0,0.8563342094421387,0.3061794638633728,0.7724529504776001,-0.07726834714412689,141
individual,7,carpet,14,1225,0.014553713612258434,0.016043679788708687,-1.1165714263916016,0.00867595337331295,-34.09241485595703,-7.0,7.0,0.9269934296607971,0.23650576174259186,0.7748337388038635,-0.08412805944681168,142
individual,7,carpet,15,1225,0.031895749270915985,0.0348711758852005,-1.0980030298233032,0.008667279034852982,-31.71573829650879,-7.0,7.0,1.0155277252197266,0.30544111132621765,0.7842049598693848,-0.09165073931217194,143
individual,7,carpet,16,1225,0.01937037706375122,0.020754516124725342,-1.077617883682251,0.00865861214697361,-32.502403259277344,-7.0,7.0,0.9775894284248352,0.25815001130104065,0.7791426777839661,-0.09696750342845917,144
individual,7,carpet,17,1225,0.02306612953543663,0.024032466113567352,-1.133699893951416,0.008649954572319984,-33.61665725708008,-7.0,7.0,0.9214146137237549,0.35870712995529175,0.7859180569648743,-0.10469292849302292,145
individual,7,carpet,18,1225,0.015213687904179096,0.017597950994968414,-1.0671043395996094,0.00864130537956953,-32.84772491455078,-7.0,7.0,0.86865234375,0.2603621780872345,0.7872809767723083,-0.11176836490631104,146
individual,7,carpet,19,1225,0.018245689570903778,0.020777549594640732,-1.153529405593872,0.008632664568722248,-35.17300033569336,-7.0,7.0,0.9941771030426025,0.26576152443885803,0.7887400388717651,-0.11883296817541122,147
individual,7,carpet,20,1225,0.024407612159848213,0.026347700506448746,-1.1113412380218506,0.008624033071100712,-31.830297470092773,-7.0,7.0,1.0070445537567139,0.2963557243347168,0.7997915148735046,-0.12684811651706696,148
individual,7,carpet,21,1225,0.016926877200603485,0.017889102920889854,-1.1221421957015991,0.008615409955382347,-32.60599899291992,-7.0,7.0,0.9905028343200684,0.2822270691394806,0.8106220364570618,-0.1328853815793991,149
individual,7,carpet,22,1225,0.011184003204107285,0.013262803666293621,-1.06074059009552,0.008606795221567154,-32.515933990478516,-7.0,7.0,0.9554425477981567,0.31986352801322937,0.8174661993980408,-0.13667245209217072,150
individual,7,carpet,23,1225,0.016952842473983765,0.01994159445166588,-1.0717641115188599,0.008598188869655132,-31.008729934692383,-7.0,7.0,0.9353959560394287,0.29883986711502075,0.8313409090042114,-0.13981376588344574,151
individual,7,carpet,24,1225,0.011884714476764202,0.013821939006447792,-1.0893909931182861,0.008589591830968857,-33.68935775756836,-7.0,7.0,0.9549739956855774,0.2836696207523346,0.8066696524620056,-0.13525035977363586,152
individual,7,carpet,25,1225,0.017551343888044357,0.018399285152554512,-1.1766510009765625,0.008581003174185753,-32.04776382446289,-7.0,7.0,1.0512853860855103,0.2328103482723236,0.8090791702270508,-0.1342380940914154,153
individual,7,carpet,26,1225,0.011514167301356792,0.013351711444556713,-1.0047721862792969,0.00857242289930582,-36.139564514160156,-7.0,7.0,0.8886538147926331,0.32809919118881226,0.7795001268386841,-0.12827353179454803,154
individual,7,carpet,27,1225,0.020352758467197418,0.02431350387632847,-1.1052756309509277,0.00856385100632906,-35.97477722167969,-7.0,7.0,1.0274419784545898,0.3214554488658905,0.7914713621139526,-0.1290644109249115,155
individual,7,carpet,28,1225,0.013289149850606918,0.013803676702082157,-1.1749253273010254,0.008555288426578045,-32.92032241821289,-7.0,7.0,1.0082659721374512,0.2213684618473053,0.818128764629364,-0.13389219343662262,156
individual,7,carpet,29,1225,0.019568907096982002,0.022662444040179253,-1.0919586420059204,0.008546734228730202,-30.04766082763672,-7.0,7.0,0.972046971321106,0.2862410247325897,0.8141626119613647,-0.1350107640028,157
individual,7,carpet,30,1225,0.018076857551932335,0.021035054698586464,-1.0995545387268066,0.008538187481462955,-36.56264114379883,-7.0,7.0,0.9993076920509338,0.2876502573490143,0.8042222261428833,-0.13424818217754364,158
individual,7,carpet,31,1225,0.019877737388014793,0.022488437592983246,-1.1369609832763672,0.00852965097874403,-32.23308563232422,-7.0,7.0,1.0684508085250854,0.2268570363521576,0.845944344997406,-0.14187483489513397,159
individual,7,carpet,32,1225,0.016775919124484062,0.016598733142018318,-1.1390655040740967,0.008521121926605701,-37.17573547363281,-7.0,7.0,1.0445024967193604,0.25236013531684875,0.8339210152626038,-0.1394822746515274,160
individual,7,carpet,33,1225,0.018315019086003304,0.02049342170357704,-1.1200575828552246,0.008512601256370544,-33.97142028808594,-7.0,7.0,1.0077685117721558,0.29562345147132874,0.8471221923828125,-0.14214472472667694,161
individual,7,carpet,34,1225,0.015314173884689808,0.016837596893310547,-1.147734522819519,0.008504089899361134,-32.279388427734375,-7.0,7.0,1.0373106002807617,0.3285103738307953,0.870148777961731,-0.14784672856330872,162
individual,7,carpet,35,1225,0.018373772501945496,0.019853517413139343,-1.2377694845199585,0.00849558599293232,-29.380949020385742,-7.0,7.0,1.0318388938903809,0.2834356427192688,0.8878868222236633,-0.15319399535655975,163
individual,7,carpet,36,1225,0.010965920053422451,0.010940414853394032,-1.2571078538894653,0.008487091399729252,-26.931472778320312,-7.0,7.0,1.0467374324798584,0.21087759733200073,0.9353305697441101,-0.16372838616371155,164
individual,7,carpet,37,1225,0.012033814564347267,0.013006318360567093,-1.16768217086792,0.008478605188429356,-28.640853881835938,-7.0,7.0,1.0089218616485596,0.30827340483665466,0.888069748878479,-0.16119453310966492,165
individual,7,carpet,38,1225,0.015531372278928757,0.01638723351061344,-1.190305471420288,0.008470127359032631,-26.31752586364746,-7.0,7.0,1.078301191329956,0.28526636958122253,0.8935943245887756,-0.167812317609787,166
individual,7,carpet,39,1225,0.013158617541193962,0.01483712624758482,-1.1755197048187256,0.008461657911539078,-28.185184478759766,-7.0,7.0,1.0143013000488281,0.28930017352104187,0.8618454337120056,-0.16556677222251892,167
individual,7,carpet,40,1225,0.011612581089138985,0.012250157073140144,-1.1297165155410767,0.00845319777727127,-34.532527923583984,-7.0,7.0,1.0573519468307495,0.26635003089904785,0.8049691319465637,-0.1553771197795868,168
individual,7,carpet,41,1225,0.020955007523298264,0.023702196776866913,-1.0851563215255737,0.00844474509358406,-39.36354064941406,-7.0,7.0,1.0086323022842407,0.31954464316368103,0.7159289717674255,-0.14077281951904297,169
individual,7,carpet,42,1225,0.006286475341767073,0.007848787121474743,-1.147479772567749,0.008436300791800022,-42.7596321105957,-7.0,7.0,1.0114448070526123,0.30660584568977356,0.7185365557670593,-0.14319100975990295,170
individual,7,carpet,43,1225,0.014018431305885315,0.0186095479875803,-1.256903886795044,0.00842786580324173,-37.06373596191406,-7.0,7.0,1.1606858968734741,0.29386693239212036,0.7386112213134766,-0.15080496668815613,171
individual,7,carpet,44,1225,0.013612874783575535,0.014116879552602768,-1.3114848136901855,0.008419438265264034,-32.71569061279297,-7.0,7.0,1.069205641746521,0.27197664976119995,0.7974358201026917,-0.16673310101032257,172
individual,7,carpet,45,1225,0.01762501336634159,0.020634528249502182,-1.240649938583374,0.008411020040512085,-34.23345947265625,-7.0,7.0,1.0962661504745483,0.34998106956481934,0.8103607892990112,-0.1742994785308838,173
individual,7,carpet,46,1225,0.016073819249868393,0.01867852546274662,-1.2619167566299438,0.008402609266340733,-34.0679817199707,-7.0,7.0,1.0701570510864258,0.2861348092556,0.8804066777229309,-0.19503553211688995,174
individual,7,carpet,47,1225,0.01519385538995266,0.016561713069677353,-1.1587591171264648,0.008394207805395126,-27.600051879882812,-7.0,7.0,0.9861485362052917,0.30448195338249207,0.9020951986312866,-0.2059934139251709,175
individual,7,carpet,48,1225,0.015272506512701511,0.01586146652698517,-1.1725270748138428,0.008385814726352692,-25.747699737548828,-7.0,7.0,1.0463708639144897,0.36643218994140625,0.9742947220802307,-0.22831115126609802,176
individual,7,carpet,49,1225,0.01416963990777731,0.013929927721619606,-1.132710576057434,0.008377429097890854,-21.94082260131836,-7.0,7.0,1.0529382228851318,0.31934666633605957,0.9565859436988831,-0.2276279479265213,177
individual,7,carpet,50,1225,0.02026384137570858,0.022364940494298935,-1.294234037399292,0.008369052782654762,-22.833341598510742,-7.0,7.0,1.132868766784668,0.24701350927352905,1.0091944932937622,-0.24575330317020416,178
population,7,carpet,1,1225,0.033040281385183334,0.0359283983707428,-1.095523715019226,0.00879181269556284,-28.16929817199707,-7.0,7.0,0.8675751686096191,0.25929275155067444,0.9174162149429321,-0.21277260780334473,129
population,7,carpet,2,1225,0.029109835624694824,0.028916167095303535,-1.0704576969146729,0.008782995864748955,-31.881196975708008,-7.0,7.0,0.8142452836036682,0.2819487154483795,0.8835610151290894,-0.1964903324842453,130
population,7,carpet,3,1225,0.013828900642693043,0.015433375723659992,-1.0151920318603516,0.00877418927848339,-29.848499298095703,-7.0,7.0,0.8137447237968445,0.27283045649528503,0.8868638277053833,-0.1895679384469986,131
population,7,carpet,4,1225,0.0172679852694273,0.0186525359749794,-0.961722195148468,0.008765390142798424,-25.540462493896484,-7.0,7.0,0.8050528764724731,0.29547956585884094,0.9007843136787415,-0.18810364603996277,132
population,7,carpet,5,1225,0.028278855606913567,0.025861557573080063,-1.0153779983520508,0.008756601251661777,-27.722267150878906,-7.0,7.0,0.9585772752761841,0.24604466557502747,0.9334750771522522,-0.19081930816173553,133
population,7,carpet,6,1225,0.01716451533138752,0.01800585724413395,-0.9708398580551147,0.008747819811105728,-25.35687255859375,-7.0,7.0,0.8559104800224304,0.26933684945106506,0.9492484331130981,-0.19202756881713867,134
population,7,carpet,7,1225,0.01574891246855259,0.015416521579027176,-0.927963376045227,0.008739048615098,-23.059444427490234,-7.0,7.0,0.8282769918441772,0.334685742855072,0.942132830619812,-0.1894453912973404,135
population,7,carpet,8,1225,0.021128050982952118,0.02192942053079605,-0.9461244940757751,0.008730289526283741,-22.32535171508789,-7.0,7.0,0.8718562126159668,0.34782102704048157,0.9256793260574341,-0.18525108695030212,136
population,7,carpet,9,1225,0.02027713507413864,0.021934114396572113,-1.0255260467529297,0.008721538819372654,-32.08744430541992,-7.0,7.0,0.8111199736595154,0.26745110750198364,0.9088984131813049,-0.18108084797859192,137
population,7,carpet,10,1225,0.026240946725010872,0.025663837790489197,-1.0697693824768066,0.008712797425687313,-28.233182907104492,-7.0,7.0,0.950336217880249,0.25579503178596497,0.8809168934822083,-0.1758616417646408,138
population,7,carpet,11,1225,0.01567666232585907,0.013006985187530518,-1.0358598232269287,0.008704064413905144,-31.803945541381836,-7.0,7.0,0.9080826044082642,0.2804573178291321,0.8458890914916992,-0.16886423528194427,139
population,7,carpet,12,1225,0.022191355004906654,0.024354610592126846,-1.1061387062072754,0.00869534071534872,-34.968017578125,-7.0,7.0,0.9290124177932739,0.2843473255634308,0.8543215990066528,-0.17073257267475128,140
population,7,carpet,13,1225,0.01320063229650259,0.013796083629131317,-1.1360851526260376,0.008686625398695469,-30.5926456451416,-7.0,7.0,0.9450713396072388,0.21456290781497955,0.8412071466445923,-0.1686704307794571,141
population,7,carpet,14,1225,0.021587355062365532,0.02436315082013607,-1.1379172801971436,0.008677919395267963,-32.731956481933594,-7.0,7.0,0.9812337160110474,0.3208649754524231,0.8490235209465027,-0.17084889113903046,142
population,7,carpet,15,1225,0.021813908591866493,0.023467089980840683,-1.1334421634674072,0.00866922177374363,-31.49049949645996,-7.0,7.0,1.0222666263580322,0.2910129427909851,0.858671247959137,-0.1702861338853836,143
population,7,carpet,16,1225,0.014234348200261593,0.015166942030191422,-1.111312747001648,0.008660532534122467,-33.63374710083008,-7.0,7.0,0.976173996925354,0.20587287843227386,0.8081135153770447,-0.15824249386787415,144
population,7,carpet,17,1225,0.02333712950348854,0.02546916902065277,-1.0919634103775024,0.008651851676404476,-35.81291961669922,-7.0,7.0,0.9501948952674866,0.2869321405887604,0.786537230014801,-0.15209020674228668,145
population,7,carpet,18,1225,0.024849530309438705,0.023715315386652946,-1.0598859786987305,0.008643180131912231,-36.66399383544922,-7.0,7.0,0.881598711013794,0.30581969022750854,0.7423346638679504,-0.1417694389820099,146
population,7,carpet,19,1225,0.012943740002810955,0.014317329041659832,-1.0016484260559082,0.008634516969323158,-37.071624755859375,-7.0,7.0,0.886946439743042,0.31113487482070923,0.7183728814125061,-0.13334134221076965,147
population,7,carpet,20,1225,0.019936811178922653,0.017789332196116447,-1.0643302202224731,0.008625863119959831,-36.7265739440918,-7.0,7.0,0.9612414240837097,0.29941293597221375,0.6967667937278748,-0.1245165541768074,148
population,7,carpet,21,1225,0.012005014345049858,0.01474691554903984,-1.110641360282898,0.008617217652499676,-39.89950942993164,-7.0,7.0,1.0724084377288818,0.21843117475509644,0.6984184980392456,-0.12043130397796631,149
population,7,carpet,22,1225,0.01890486478805542,0.01991635002195835,-1.1043410301208496,0.008608580566942692,-38.103885650634766,-7.0,7.0,0.9905877709388733,0.27108415961265564,0.6922277212142944,-0.11863688379526138,150
population,7,carpet,23,1225,0.021241698414087296,0.022621605545282364,-1.0768884420394897,0.008599952794611454,-37.95854949951172,-7.0,7.0,0.9189480543136597,0.2683432996273041,0.703432023525238,-0.11957893520593643,151
population,7,carpet,24,1225,0.0177345909178257,0.01591973565518856,-1.1299316883087158,0.008591332472860813,-33.32337188720703,-7.0,7.0,0.969826340675354,0.2245950698852539,0.7492848038673401,-0.12419043481349945,152
population,7,carpet,25,1225,0.011087530292570591,0.011074003763496876,-1.1217788457870483,0.008582721464335918,-33.13322448730469,-7.0,7.0,0.9508072733879089,0.24095763266086578,0.7773452401161194,-0.12647560238838196,153
population,7,carpet,26,1225,0.012935452163219452,0.013535551726818085,-1.0645685195922852,0.00857411976903677,-37.76222229003906,-7.0,7.0,0.9493342041969299,0.33535975217819214,0.7370452880859375,-0.11980436742305756,154
population,7,carpet,27,1225,0.026118192821741104,0.026067368686199188,-1.029115915298462,0.008565525524318218,-37.746036529541016,-7.0,7.0,0.9692306518554688,0.2709648311138153,0.7153603434562683,-0.1118662878870964,155
population,7,carpet,28,1225,0.015924986451864243,0.017089147120714188,-1.0894211530685425,0.008556940592825413,-39.571044921875,-7.0,7.0,1.0124101638793945,0.27740025520324707,0.6712148785591125,-0.09987269341945648,156
population,7,carpet,29,1225,0.01608046516776085,0.018675461411476135,-1.090293288230896,0.008548364043235779,-37.16802215576172,-7.0,7.0,0.9803796410560608,0.27853357791900635,0.6665495038032532,-0.09443235397338867,157
population,7,carpet,30,1225,0.02174210734665394,0.022617299109697342,-1.164671778678894,0.008539795875549316,-37.548316955566406,-7.0,7.0,1.0480791330337524,0.2661947011947632,0.6633002161979675,-0.09085255861282349,158
population,7,carpet,31,1225,0.011664491146802902,0.014035913161933422,-0.9687083959579468,0.0085312370210886,-42.94089126586914,-7.0,7.0,0.885035514831543,0.37018918991088867,0.5546230673789978,-0.08069755882024765,159
population,7,carpet,32,1225,0.012699227780103683,0.014590095728635788,-1.168367862701416,0.008522690273821354,-41.67164611816406,-7.0,7.0,1.0421898365020752,0.2976136803627014,0.6088718771934509,-0.08246852457523346,160
population,7,carpet,33,1225,0.01601688377559185,0.016974730417132378,-1.1576366424560547,0.00851415190845728,-40.771888732910156,-7.0,7.0,0.9988601803779602,0.2583189606666565,0.5476158857345581,-0.07670436799526215,161
population,7,carpet,34,1225,0.019142989069223404,0.021283043548464775,-1.184027910232544,0.00850562285631895,-39.281803131103516,-7.0,7.0,1.04478120803833,0.3197304606437683,0.5921473503112793,-0.07535673677921295,162
population,7,carpet,35,1225,0.018450148403644562,0.020041638985276222,-1.2144603729248047,0.008497101254761219,-40.78076934814453,-7.0,7.0,1.0877532958984375,0.2773457467556,0.585218071937561,-0.07339978218078613,163
population,7,carpet,36,1225,0.016022630035877228,0.01631375029683113,-1.0698456764221191,0.008488588966429234,-42.60637664794922,-7.0,7.0,0.9802100658416748,0.3273651599884033,0.520064651966095,-0.06719492375850677,164
population,7,carpet,37,1225,0.020165875554084778,0.021866904571652412,-1.1462379693984985,0.00848008506000042,-38.56570816040039,-7.0,7.0,1.0003650188446045,0.3187946081161499,0.5420204997062683,-0.06250786036252975,165
population,7,carpet,38,1225,0.024018246680498123,0.024278176948428154,-1.2582037448883057,0.008471589535474777,-40.20595932006836,-7.0,7.0,1.165096640586853,0.27570897340774536,0.5403469204902649,-0.054512377828359604,166
population,7,carpet,39,1225,0.030789904296398163,0.03160390257835388,-1.1975255012512207,0.008463102392852306,-40.650550842285156,-7.0,7.0,1.0853099822998047,0.3561412990093231,0.5136163234710693,-0.05048475041985512,167
population,7,carpet,40,1225,0.010921458713710308,0.011118370108306408,-1.2054588794708252,0.008454624563455582,-42.220909118652344,-7.0,7.0,1.0539737939834595,0.25807613134384155,0.4902845025062561,-0.04555368795990944,168
population,7,carpet,41,1225,0.012612567283213139,0.014105761423707008,-1.1696182489395142,0.008446154184639454,-41.778099060058594,-7.0,7.0,1.012731671333313,0.3064287006855011,0.47242313623428345,-0.04620705917477608,169
population,7,carpet,42,1225,0.018397338688373566,0.02381245605647564,-1.149141550064087,0.008437693119049072,-44.214847564697266,-7.0,7.0,1.049988031387329,0.3674256503582001,0.4485184848308563,-0.045528389513492584,170
population,7,carpet,43,1225,0.0114902937784791,0.011881276033818722,-1.238318920135498,0.008429240435361862,-41.91448211669922,-7.0,7.0,1.1133809089660645,0.3038603663444519,0.440958708524704,-0.04035118222236633,171
population,7,carpet,44,1225,0.0167170912027359,0.016662029549479485,-1.1408814191818237,0.008420795202255249,-46.97629928588867,-7.0,7.0,1.0197234153747559,0.3895634114742279,0.4119698405265808,-0.04845048859715462,172
population,7,carpet,45,1225,0.005315363872796297,0.005836446303874254,-1.107710361480713,0.008412359282374382,-43.77132797241211,-7.0,7.0,1.0225434303283691,0.3075965642929077,0.43323662877082825,-0.04399041458964348,173
population,7,carpet,46,1225,0.011585451662540436,0.013899179175496101,-1.1766352653503418,0.008403931744396687,-42.44415283203125,-7.0,7.0,1.0499659776687622,0.36605629324913025,0.46594947576522827,-0.046156853437423706,174
population,7,carpet,47,1225,0.011569480411708355,0.011491023935377598,-1.2505184412002563,0.008395512588322163,-42.369380950927734,-7.0,7.0,1.152233600616455,0.2559579312801361,0.4701359272003174,-0.032807763665914536,175
population,7,carpet,48,1225,0.020682470872998238,0.022506175562739372,-1.2569334506988525,0.00838710181415081,-38.48265075683594,-7.0,7.0,1.1553919315338135,0.31254473328590393,0.4935060143470764,-0.03028174303472042,176
population,7,carpet,49,1225,0.014128769747912884,0.01625528559088707,-1.1676356792449951,0.00837869942188263,-42.407596588134766,-7.0,7.0,1.0374510288238525,0.3514631986618042,0.4976101517677307,-0.02684730477631092,177
population,7,carpet,50,1225,0.011869281530380249,0.013139408081769943,-1.237760066986084,0.008370306342840195,-38.34992218017578,-7.0,7.0,1.1288626194000244,0.3330558240413666,0.5220100283622742,-0.018557239323854446,178
individual,8,carpet,1,1400,0.010963170789182186,0.01165561843663454,-1.0685532093048096,0.008360684849321842,-37.75259780883789,-7.0,7.0,0.9818276762962341,0.3577808439731598,0.8065024614334106,-0.19695048034191132,179
individual,8,carpet,2,1400,0.017993884161114693,0.01883045956492424,-1.1472119092941284,0.008352324366569519,-35.497764587402344,-7.0,7.0,1.0206468105316162,0.37637168169021606,0.7920922040939331,-0.1907733827829361,180
individual,8,carpet,3,1400,0.01343594677746296,0.01578080654144287,-1.1909668445587158,0.008343973197042942,-32.15081787109375,-7.0,7.0,1.0229623317718506,0.31982702016830444,0.775350034236908,-0.18089529871940613,181
individual,8,carpet,4,1400,0.018207572400569916,0.01959802396595478,-1.1539771556854248,0.008335630409419537,-37.39191436767578,-7.0,7.0,1.002236247062683,0.40797311067581177,0.7288225293159485,-0.16396023333072662,182
individual,8,carpet,5,1400,0.01622163876891136,0.01727234199643135,-1.3282911777496338,0.008327295072376728,-33.86815643310547,-7.0,7.0,1.095567226409912,0.3055161237716675,0.8057471513748169,-0.1726013720035553,183
individual,8,carpet,6,1400,0.016439802944660187,0.015404431149363518,-1.2656197547912598,0.008318969048559666,-34.723167419433594,-7.0,7.0,1.1066778898239136,0.35721901059150696,0.7427288293838501,-0.15083003044128418,184
individual,8,carpet,7,1400,0.02100163698196411,0.022052112966775894,-1.1485812664031982,0.0083106504753232,-41.12583923339844,-7.0,7.0,0.9837941527366638,0.33834049105644226,0.7076336145401001,-0.13793332874774933,185
individual,8,carpet,8,1400,0.01467129960656166,0.014635186642408371,-1.202190637588501,0.008302340283989906,-37.505672454833984,-7.0,7.0,1.0797972679138184,0.3646298348903656,0.7260083556175232,-0.13517101109027863,186
individual,8,carpet,9,1400,0.015448157675564289,0.014167562127113342,-1.2600454092025757,0.008294039405882359,-35.78998947143555,-7.0,7.0,1.1384565830230713,0.3365800678730011,0.8259733319282532,-0.14997395873069763,187
individual,8,carpet,10,1400,0.018922626972198486,0.022023646160960197,-1.1873348951339722,0.008285745978355408,-32.09119415283203,-7.0,7.0,1.1078283786773682,0.3868325352668762,0.7621286511421204,-0.1333697885274887,188
individual,8,carpet,11,1400,0.010412474162876606,0.012429099529981613,-1.1956803798675537,0.008277460932731628,-36.71670913696289,-7.0,7.0,1.0726290941238403,0.355625182390213,0.7585601806640625,-0.12990979850292206,189
individual,8,carpet,12,1400,0.021173793822526932,0.02180790714919567,-1.3144142627716064,0.00826918426901102,-37.59454345703125,-7.0,7.0,1.157684326171875,0.2716924548149109,0.8290599584579468,-0.14279136061668396,190
individual,8,carpet,13,1400,0.01709725894033909,0.017524100840091705,-1.2335716485977173,0.008260915987193584,-36.87016296386719,-7.0,7.0,1.0945907831192017,0.3546813726425171,0.783171534538269,-0.13403113186359406,191
individual,8,carpet,14,1400,0.014456050470471382,0.014695658348500729,-1.276944875717163,0.00825265608727932,-35.159210205078125,-7.0,7.0,1.1336596012115479,0.3745880424976349,0.8047534227371216,-0.14023418724536896,192
individual,8,carpet,15,1400,0.015976862981915474,0.01573988050222397,-1.3181480169296265,0.008244403637945652,-28.135927200317383,-7.0,7.0,1.1375212669372559,0.3169395327568054,0.9059651494026184,-0.16164816915988922,193
individual,8,carpet,16,1400,0.012855900451540947,0.013044601306319237,-1.2952450513839722,0.00823616050183773,-30.28822898864746,-7.0,7.0,1.1131495237350464,0.33676356077194214,0.9254883527755737,-0.1669280230998993,194
individual,8,carpet,17,1400,0.008680437691509724,0.01091792993247509,-1.2253962755203247,0.008227924816310406,-36.59388732910156,-7.0,7.0,1.0935206413269043,0.369787335395813,0.8241017460823059,-0.15032602846622467,195
individual,8,carpet,18,1400,0.014396030455827713,0.016975047066807747,-1.1561471223831177,0.008219697512686253,-33.59239196777344,-7.0,7.0,1.0938290357589722,0.35569775104522705,0.8705874681472778,-0.16631962358951569,196
individual,8,carpet,19,1400,0.008615870028734207,0.009380175732076168,-1.1752434968948364,0.008211478590965271,-32.81168746948242,-7.0,7.0,1.0415648221969604,0.3256288170814514,0.8859854936599731,-0.17606006562709808,197
individual,8,carpet,20,1400,0.008995043113827705,0.009484264999628067,-1.2002583742141724,0.008203268051147461,-33.086368560791016,-7.0,7.0,1.111665964126587,0.3040279150009155,0.8462668657302856,-0.17051315307617188,198
individual,8,carpet,21,1400,0.016962502151727676,0.01681619882583618,-1.201101541519165,0.008195065893232822,-33.95033645629883,-7.0,7.0,1.0441064834594727,0.3867487609386444,0.9056249260902405,-0.18871378898620605,199
individual,8,carpet,22,1400,0.02034473605453968,0.02095114067196846,-1.3285026550292969,0.00818687118589878,-28.22840118408203,-7.0,7.0,1.1865781545639038,0.2961080074310303,0.8662098050117493,-0.18325558304786682,200
individual,8,carpet,23,1400,0.017176400870084763,0.017959900200366974,-1.364136815071106,0.00817868486046791,-29.388919830322266,-7.0,7.0,1.226454734802246,0.32917895913124084,0.9041504263877869,-0.19519703090190887,201
individual,8,carpet,24,1400,0.01780611462891102,0.01956460066139698,-1.3463964462280273,0.008170506916940212,-37.329437255859375,-7.0,7.0,1.1585549116134644,0.3886948525905609,0.8117532730102539,-0.1710696518421173,202
individual,8,carpet,25,1400,0.020823735743761063,0.023511821404099464,-1.2814162969589233,0.008162337355315685,-37.613121032714844,-7.0,7.0,1.073043704032898,0.36507171392440796,0.7408306002616882,-0.1494879424571991,203
individual,8,carpet,26,1400,0.026364412158727646,0.028080975636839867,-1.240744948387146,0.00815417617559433,-39.70055389404297,-7.0,7.0,1.0898997783660889,0.30663102865219116,0.7690168619155884,-0.1574295312166214,204
individual,8,carpet,27,1400,0.018283333629369736,0.01944752037525177,-1.2441383600234985,0.008146022446453571,-37.926273345947266,-7.0,7.0,1.2130730152130127,0.36007800698280334,0.7504857182502747,-0.15478651225566864,205
individual,8,carpet,28,1400,0.024682756513357162,0.028401006013154984,-1.2302144765853882,0.008137877099215984,-31.19280433654785,-7.0,7.0,1.1701505184173584,0.37118470668792725,0.838674008846283,-0.17587138712406158,206
individual,8,carpet,29,1400,0.012894879095256329,0.014372705481946468,-1.2329299449920654,0.008129740133881569,-37.10136413574219,-7.0,7.0,1.123349905014038,0.3507744371891022,0.8201561570167542,-0.15968914330005646,207
individual,8,carpet,30,1400,0.018742823973298073,0.01954224333167076,-1.3858503103256226,0.008121611550450325,-33.863929748535156,-7.0,7.0,1.2574774026870728,0.35315120220184326,0.8803335428237915,-0.18409936130046844,208
individual,8,carpet,31,1400,0.017129704356193542,0.019958684220910072,-1.3832875490188599,0.008113490417599678,-37.750633239746094,-7.0,7.0,1.1345165967941284,0.36879676580429077,0.8151443600654602,-0.13398782908916473,209
individual,8,carpet,32,1400,0.027204670011997223,0.02929728478193283,-1.4458891153335571,0.008105377666652203,-37.06917190551758,-7.0,7.0,1.2818949222564697,0.45773130655288696,0.8456845879554749,-0.13543064892292023,210
individual,8,carpet,33,1400,0.0314759723842144,0.030055318027734756,-1.3683985471725464,0.008097273297607899,-38.68165588378906,-7.0,7.0,1.1169025897979736,0.3415878117084503,0.8463555574417114,-0.1068008691072464,211
individual,8,carpet,34,1400,0.019105764105916023,0.021289801225066185,-1.343666434288025,0.008089176379144192,-31.724639892578125,-7.0,7.0,1.188433051109314,0.37284553050994873,0.9107047319412231,-0.17027553915977478,212
individual,8,carpet,35,1400,0.030670033767819405,0.03403974324464798,-1.2966105937957764,0.008081088773906231,-34.950103759765625,-7.0,7.0,1.2920091152191162,0.34967347979545593,0.8528532981872559,-0.12790045142173767,213
individual,8,carpet,36,1400,0.023360589519143105,0.024998614564538002,-1.2421139478683472,0.008073007687926292,-25.718456268310547,-7.0,7.0,1.150748610496521,0.44703230261802673,0.933120846748352,-0.12356454879045486,214
individual,8,carpet,37,1400,0.010153899900615215,0.010084256529808044,-1.3685553073883057,0.0080649359151721,-25.680877685546875,-7.0,7.0,1.20760977268219,0.4732421040534973,1.0486470460891724,-0.11652333289384842,215
individual,8,carpet,38,1400,0.01921236887574196,0.018656820058822632,-1.5402408838272095,0.008056871592998505,-30.726886749267578,-7.0,7.0,1.333681344985962,0.25655773282051086,0.8738047480583191,-0.18832620978355408,216
individual,8,carpet,39,1400,0.019595183432102203,0.023100286722183228,-1.395841360092163,0.00804881565272808,-34.11320114135742,-7.0,7.0,1.1180107593536377,0.3773787319660187,0.9415245056152344,-0.09731048345565796,217
individual,8,carpet,40,1400,0.022062944248318672,0.023480817675590515,-1.4493030309677124,0.008040767163038254,-27.251541137695312,-7.0,7.0,1.1949923038482666,0.42133381962776184,0.9625483155250549,-0.12741315364837646,218
individual,8,carpet,41,1400,0.011951589025557041,0.014475395902991295,-1.4379101991653442,0.008032727055251598,-28.99138832092285,-7.0,7.0,1.2364516258239746,0.34661930799484253,0.8995632529258728,-0.12960335612297058,219
individual,8,carpet,42,1400,0.011319112963974476,0.012874121777713299,-1.3189629316329956,0.008024695329368114,-32.606605529785156,-7.0,7.0,1.1385397911071777,0.4385479986667633,0.8425306081771851,-0.10282886028289795,220
individual,8,carpet,43,1400,0.02050800807774067,0.02193530462682247,-1.3590986728668213,0.008016671985387802,-30.009294509887695,-7.0,7.0,1.2284239530563354,0.39121901988983154,0.8796273469924927,-0.1708371639251709,221
individual,8,carpet,44,1400,0.017903881147503853,0.016086602583527565,-1.3284449577331543,0.008008656091988087,-31.37551498413086,-7.0,7.0,1.2046535015106201,0.4775659143924713,0.8772073984146118,-0.14568278193473816,222
individual,8,carpet,45,1400,0.019221462309360504,0.01860281080007553,-1.4200078248977661,0.008000647649168968,-30.8519344329834,-7.0,7.0,1.228264570236206,0.4226136803627014,0.8257870674133301,-0.19921056926250458,223
individual,8,carpet,46,1400,0.02180824987590313,0.02437944896519184,-1.4425686597824097,0.007992647588253021,-26.725671768188477,-7.0,7.0,1.1504185199737549,0.4800965487957001,0.896684467792511,-0.2008596509695053,224
individual,8,carpet,47,1400,0.02930404618382454,0.029313817620277405,-1.6868524551391602,0.007984655909240246,-34.2403450012207,-7.0,7.0,1.4333531856536865,0.2734551429748535,0.8041381239891052,-0.32857546210289,225
individual,8,carpet,48,1400,0.01520800031721592,0.017356952652335167,-1.5278584957122803,0.007976672612130642,-31.06649398803711,-7.0,7.0,1.3614457845687866,0.43836191296577454,0.887064516544342,-0.30907705426216125,226
individual,8,carpet,49,1400,0.02082107961177826,0.023015443235635757,-1.5356560945510864,0.00796869583427906,-22.327199935913086,-7.0,7.0,1.3136897087097168,0.41246771812438965,0.9962650537490845,-0.3910253643989563,227
individual,8,carpet,50,1400,0.010888559743762016,0.010876591317355633,-1.430999517440796,0.007960728369653225,-27.808916091918945,-7.0,7.0,1.2272800207138062,0.37548592686653137,0.9101784825325012,-0.37514224648475647,228
population,8,carpet,1,1400,0.014310697093605995,0.014904811978340149,-1.2075785398483276,0.008361920714378357,-39.79273223876953,-7.0,7.0,1.0732800960540771,0.3476201593875885,0.5140802264213562,-0.021222997456789017,179
population,8,carpet,2,1400,0.013859529979526997,0.017103934660553932,-1.2684229612350464,0.00835354346781969,-41.8125114440918,-7.0,7.0,1.151467204093933,0.23066452145576477,0.502694308757782,-0.00514048058539629,180
population,8,carpet,3,1400,0.017661193385720253,0.017435122281312943,-1.2375575304031372,0.008345174603164196,-42.710060119628906,-7.0,7.0,1.1459563970565796,0.334971159696579,0.5105801820755005,-0.008501754142343998,181
population,8,carpet,4,1400,0.0229707732796669,0.025955237448215485,-1.2930012941360474,0.008336814120411873,-41.95616149902344,-7.0,7.0,1.0936157703399658,0.3123469650745392,0.5356165170669556,-0.0005446298164315522,182
population,8,carpet,5,1400,0.01283035334199667,0.01492643915116787,-1.2540960311889648,0.008328462950885296,-40.098785400390625,-7.0,7.0,1.0401803255081177,0.3039631247520447,0.5416768193244934,0.00033830665051937103,183
population,8,carpet,6,1400,0.011231182143092155,0.012840403243899345,-1.2347661256790161,0.008320119231939316,-40.800018310546875,-7.0,7.0,1.0760321617126465,0.29030653834342957,0.5605036020278931,0.0005385301192291081,184
population,8,carpet,7,1400,0.01446794904768467,0.014585983008146286,-1.167608380317688,0.008311783894896507,-46.761375427246094,-7.0,7.0,1.0659687519073486,0.25616326928138733,0.5115846395492554,0.007064388133585453,185
population,8,carpet,8,1400,0.013723856769502163,0.015730278566479683,-1.2247059345245361,0.00830345693975687,-45.16252899169922,-7.0,7.0,1.1691288948059082,0.2951749861240387,0.5192757248878479,0.005644960794597864,186
population,8,carpet,9,1400,0.020485524088144302,0.020774956792593002,-1.2384867668151855,0.008295138366520405,-43.687435150146484,-7.0,7.0,1.0742899179458618,0.3341057300567627,0.5656578540802002,0.010286710225045681,187
population,8,carpet,10,1400,0.011751610785722733,0.014158105477690697,-1.1804792881011963,0.008286828175187111,-43.53582000732422,-7.0,7.0,1.0663690567016602,0.3301272392272949,0.5710551142692566,0.012516966089606285,188
population,8,carpet,11,1400,0.01365043967962265,0.014633262529969215,-1.217738151550293,0.008278526365756989,-41.1251220703125,-7.0,7.0,1.0932775735855103,0.3813326060771942,0.6193857192993164,0.011088614352047443,189
population,8,carpet,12,1400,0.0159931443631649,0.016895629465579987,-1.211500883102417,0.008270232938230038,-39.336708068847656,-7.0,7.0,1.0758544206619263,0.356350839138031,0.6658047437667847,0.0149484658613801,190
population,8,carpet,13,1400,0.017970530316233635,0.022803939878940582,-1.2491754293441772,0.008261947892606258,-40.69934844970703,-7.0,7.0,1.099912405014038,0.33094751834869385,0.6575860977172852,0.011323468759655952,191
population,8,carpet,14,1400,0.018121134489774704,0.02067534625530243,-1.1169636249542236,0.00825367122888565,-42.25288391113281,-7.0,7.0,1.023087739944458,0.37423521280288696,0.678812563419342,0.018742045387625694,192
population,8,carpet,15,1400,0.011226869188249111,0.012945491820573807,-1.2316153049468994,0.008245406672358513,-38.60913848876953,-7.0,7.0,1.090548038482666,0.33956483006477356,0.7018006443977356,0.009375636465847492,193
population,8,carpet,16,1400,0.015839075669646263,0.019457200542092323,-1.3008016347885132,0.008237149566411972,-39.23399353027344,-7.0,7.0,1.1424723863601685,0.311498761177063,0.7100005745887756,0.009301136247813702,194
population,8,carpet,17,1400,0.019183825701475143,0.0219179205596447,-1.3315609693527222,0.008228901773691177,-40.12474060058594,-7.0,7.0,1.2079241275787354,0.37314051389694214,0.7164645195007324,0.007555890362709761,195
population,8,carpet,18,1400,0.013752572238445282,0.015992725268006325,-1.2121264934539795,0.008220662362873554,-34.3276252746582,-7.0,7.0,1.126605749130249,0.3825923204421997,0.7097590565681458,0.01945258118212223,196
population,8,carpet,19,1400,0.020970460027456284,0.022735847160220146,-1.2969516515731812,0.008212430402636528,-33.620967864990234,-7.0,7.0,1.0575181245803833,0.3091404438018799,0.7659564018249512,0.01186345424503088,197
population,8,carpet,20,1400,0.01771172508597374,0.01909763738512993,-1.2516433000564575,0.008204206824302673,-40.04672622680664,-7.0,7.0,1.0832324028015137,0.33818864822387695,0.726084291934967,0.02266496978700161,198
population,8,carpet,21,1400,0.012147015891969204,0.015102720819413662,-1.1485369205474854,0.00819599162787199,-38.7661247253418,-7.0,7.0,1.0140324831008911,0.372469425201416,0.6627963185310364,0.03163556382060051,199
population,8,carpet,22,1400,0.018074654042720795,0.018302861601114273,-1.1900172233581543,0.008187784813344479,-40.842987060546875,-7.0,7.0,1.0918735265731812,0.31111544370651245,0.6261749267578125,0.021680070087313652,200
population,8,carpet,23,1400,0.01898808591067791,0.021245921030640602,-1.2852703332901,0.008179586380720139,-41.0555305480957,-7.0,7.0,1.2195888757705688,0.3180257976055145,0.5990747809410095,0.0009767998708412051,201
population,8,carpet,24,1400,0.020763052627444267,0.022456303238868713,-1.274477243423462,0.008171395398676395,-37.279544830322266,-7.0,7.0,1.1843616962432861,0.4004305303096771,0.6681126952171326,0.017594611272215843,202
population,8,carpet,25,1400,0.029138021171092987,0.0291632991284132,-1.3277955055236816,0.008163213729858398,-37.737003326416016,-7.0,7.0,1.1992143392562866,0.41527843475341797,0.6586813926696777,0.01218481920659542,203
population,8,carpet,26,1400,0.01618245244026184,0.020421156659722328,-1.341171145439148,0.008155039511620998,-40.049293518066406,-7.0,7.0,1.1312496662139893,0.42797088623046875,0.667366087436676,0.017324015498161316,204
population,8,carpet,27,1400,0.019899018108844757,0.023898610845208168,-1.4385322332382202,0.00814687367528677,-37.65312194824219,-7.0,7.0,1.2680091857910156,0.3656938076019287,0.661287248134613,-0.023305237293243408,205
population,8,carpet,28,1400,0.010642952285706997,0.013605586253106594,-1.3881525993347168,0.008138715289533138,-38.053951263427734,-7.0,7.0,1.2152369022369385,0.34491991996765137,0.6506581902503967,-0.028919527307152748,206
population,8,carpet,29,1400,0.014201521873474121,0.014909202232956886,-1.4647855758666992,0.008130566217005253,-36.974754333496094,-7.0,7.0,1.2953460216522217,0.2517563998699188,0.7056804895401001,-0.053817447274923325,207
population,8,carpet,30,1400,0.02674459107220173,0.03116108477115631,-1.3724110126495361,0.008122424595057964,-40.24574279785156,-7.0,7.0,1.3213270902633667,0.30837127566337585,0.5990543365478516,-0.05488559603691101,208
population,8,carpet,31,1400,0.015531141310930252,0.020855613052845,-1.3475637435913086,0.008114291355013847,-39.949462890625,-7.0,7.0,1.2202551364898682,0.30091220140457153,0.584298312664032,-0.030507409945130348,209
population,8,carpet,32,1400,0.009775226935744286,0.010258171707391739,-1.3183262348175049,0.008106166496872902,-45.3422737121582,-7.0,7.0,1.1846939325332642,0.30798134207725525,0.51482754945755,-0.01328550186008215,210
population,8,carpet,33,1400,0.007129571866244078,0.008478386327624321,-1.3344310522079468,0.008098049089312553,-40.6906623840332,-7.0,7.0,1.1360630989074707,0.34240812063217163,0.5688661932945251,-0.011281995102763176,211
population,8,carpet,34,1400,0.013693761080503464,0.015822619199752808,-1.3569469451904297,0.008089940063655376,-42.9912223815918,-7.0,7.0,1.2072404623031616,0.4389960765838623,0.5828858017921448,-0.012170732021331787,212
population,8,carpet,35,1400,0.009758460335433483,0.011691681109368801,-1.2535696029663086,0.008081839419901371,-38.6644172668457,-7.0,7.0,1.0577465295791626,0.37498369812965393,0.6146563291549683,-0.0005533057847060263,213
population,8,carpet,36,1400,0.01164786797016859,0.01310114748775959,-1.3104774951934814,0.008073747158050537,-43.17906188964844,-7.0,7.0,1.1867032051086426,0.30493465065956116,0.4664213955402374,-0.004297161940485239,214
population,8,carpet,37,1400,0.019050870090723038,0.019876696169376373,-1.2605725526809692,0.0080656623467803,-39.1717643737793,-7.0,7.0,1.1282250881195068,0.44775640964508057,0.6719816327095032,-0.032233525067567825,215
population,8,carpet,38,1400,0.012499944306910038,0.013286209665238857,-1.3514271974563599,0.008057585917413235,-39.88784408569336,-7.0,7.0,1.2361170053482056,0.40115946531295776,0.616963803768158,-0.059535738080739975,216
population,8,carpet,39,1400,0.023249473422765732,0.02076723240315914,-1.4299862384796143,0.00804951786994934,-42.383670806884766,-7.0,7.0,1.2653534412384033,0.3074636459350586,0.5739763379096985,-0.07096926867961884,217
population,8,carpet,40,1400,0.011727020144462585,0.010652660392224789,-1.4860172271728516,0.008041457273066044,-41.854557037353516,-7.0,7.0,1.290394902229309,0.2196727991104126,0.5827690362930298,-0.08928980678319931,218
population,8,carpet,41,1400,0.01932777464389801,0.020289599895477295,-1.4022517204284668,0.008033405058085918,-37.904884338378906,-7.0,7.0,1.133567214012146,0.3632112741470337,0.6806129813194275,-0.09492100030183792,219
population,8,carpet,42,1400,0.02273946814239025,0.020712517201900482,-1.4122180938720703,0.008025361225008965,-31.402576446533203,-7.0,7.0,1.2539422512054443,0.39176061749458313,0.8023595809936523,-0.13508497178554535,220
population,8,carpet,43,1400,0.014874760061502457,0.014946935698390007,-1.4935282468795776,0.008017324842512608,-28.882036209106445,-7.0,7.0,1.3707497119903564,0.35080960392951965,0.9320844411849976,-0.16403748095035553,221
population,8,carpet,44,1400,0.01156341377645731,0.011948336847126484,-1.4992506504058838,0.008009296841919422,-33.63509750366211,-7.0,7.0,1.3891997337341309,0.38159042596817017,0.7628480195999146,-0.14168666303157806,222
population,8,carpet,45,1400,0.01761532761156559,0.017519701272249222,-1.34962797164917,0.008001277223229408,-29.136756896972656,-7.0,7.0,1.0728862285614014,0.5053690075874329,0.8840716481208801,-0.12477737665176392,223
population,8,carpet,46,1400,0.018196014687418938,0.016883518546819687,-1.5169821977615356,0.007993265055119991,-39.870506286621094,-7.0,7.0,1.365140676498413,0.40227454900741577,0.721875011920929,-0.12889578938484192,224
population,8,carpet,47,1400,0.014184433966875076,0.013677747920155525,-1.450110912322998,0.007985261268913746,-35.16349411010742,-7.0,7.0,1.2228436470031738,0.35681650042533875,0.7042341232299805,-0.12339174747467041,225
population,8,carpet,48,1400,0.012060782872140408,0.01180957444012165,-1.4860669374465942,0.007977265864610672,-27.14861297607422,-7.0,7.0,1.3486627340316772,0.505029559135437,0.8969246745109558,-0.15595395863056183,226
population,8,carpet,49,1400,0.014203800819814205,0.012814655900001526,-1.4412564039230347,0.007969277910888195,-29.274730682373047,-7.0,7.0,1.2540267705917358,0.4052889943122864,0.8302342295646667,-0.1512255221605301,227
population,8,carpet,50,1400,0.023827724158763885,0.024268819019198418,-1.4001588821411133,0.007961297407746315,-31.193655014038086,-7.0,7.0,1.2123894691467285,0.42606449127197266,0.8710628747940063,-0.14799435436725616,228
individual,9,carpet,1,1575,0.013727208599448204,0.014629757963120937,-1.4265384674072266,0.007952768355607986,-15.76695442199707,-7.0,7.0,1.164703607559204,0.3977348804473877,1.0561692714691162,-0.4494968056678772,229
individual,9,carpet,2,1575,0.01948174461722374,0.018673159182071686,-1.4121330976486206,0.00794481672346592,-21.083271026611328,-7.0,7.0,1.3439409732818604,0.37673091888427734,0.9264374375343323,-0.4505435526371002,230
individual,9,carpet,3,1575,0.023837201297283173,0.024211671203374863,-1.458097219467163,0.00793687254190445,-20.39301300048828,-7.0,7.0,1.2938828468322754,0.361375093460083,0.874241054058075,-0.43752846121788025,231
individual,9,carpet,4,1575,0.023220861330628395,0.024206608533859253,-1.434288501739502,0.007928935810923576,-20.825620651245117,-7.0,7.0,1.2437118291854858,0.3729459047317505,0.8985024094581604,-0.4409017860889435,232
individual,9,carpet,5,1575,0.014669294469058514,0.01491412241011858,-1.4793895483016968,0.00792100839316845,-17.428661346435547,-7.0,7.0,1.2151330709457397,0.43536075949668884,0.9604960680007935,-0.41590753197669983,233
individual,9,carpet,6,1575,0.01723017543554306,0.019549086689949036,-1.406408667564392,0.007913087494671345,-28.735698699951172,-7.0,7.0,1.2901123762130737,0.309087872505188,0.766789972782135,-0.3509274125099182,234
individual,9,carpet,7,1575,0.012896467931568623,0.014881604351103306,-1.5362181663513184,0.007905174978077412,-25.958642959594727,-7.0,7.0,1.3663303852081299,0.4127119779586792,0.8403595685958862,-0.34939926862716675,235
individual,9,carpet,8,1575,0.014877003617584705,0.019730396568775177,-1.565466046333313,0.00789727084338665,-28.062808990478516,-7.0,7.0,1.2914857864379883,0.3008330166339874,0.8406239748001099,-0.3264581263065338,236
individual,9,carpet,9,1575,0.012421838939189911,0.013405952602624893,-1.4791944026947021,0.007889374159276485,-31.973934173583984,-7.0,7.0,1.2353613376617432,0.3527906537055969,0.8164974451065063,-0.27785569429397583,237
individual,9,carpet,10,1575,0.01675540581345558,0.016346443444490433,-1.557542085647583,0.007881485857069492,-31.799163818359375,-7.0,7.0,1.3665077686309814,0.36249837279319763,0.8396005034446716,-0.2859160006046295,238
individual,9,carpet,11,1575,0.013523081317543983,0.015160446055233479,-1.5536760091781616,0.007873605005443096,-27.215856552124023,-7.0,7.0,1.2410284280776978,0.4659751057624817,0.949273407459259,-0.2896854877471924,239
individual,9,carpet,12,1575,0.011678582057356834,0.01338372565805912,-1.5879331827163696,0.007865732535719872,-34.208335876464844,-7.0,7.0,1.382248044013977,0.3202071487903595,0.8144517540931702,-0.25172096490859985,240
individual,9,carpet,13,1575,0.017398562282323837,0.01795901730656624,-1.5599199533462524,0.007857867516577244,-27.973995208740234,-7.0,7.0,1.3517637252807617,0.44924649596214294,0.9605445861816406,-0.2801888883113861,241
individual,9,carpet,14,1575,0.017108622938394547,0.01660352572798729,-1.5566627979278564,0.007850009948015213,-32.88002395629883,-7.0,7.0,1.383034586906433,0.33503517508506775,0.8403200507164001,-0.24476821720600128,242
individual,9,carpet,15,1575,0.026840146631002426,0.027173370122909546,-1.5955307483673096,0.007842160761356354,-18.953838348388672,-7.0,7.0,1.3669209480285645,0.3852631151676178,0.9880871176719666,-0.2751282751560211,243
individual,9,carpet,16,1575,0.01387272123247385,0.014385257847607136,-1.6219496726989746,0.007834319956600666,-22.65017318725586,-7.0,7.0,1.4633269309997559,0.3273497223854065,1.013752818107605,-0.28407615423202515,244
individual,9,carpet,17,1575,0.022047236561775208,0.022156178951263428,-1.5304687023162842,0.007826485671103,-18.70921516418457,-7.0,7.0,1.2737913131713867,0.4027663767337799,1.103040099143982,-0.29070982336997986,245
individual,9,carpet,18,1575,0.022031674161553383,0.024037593975663185,-1.6701939105987549,0.007818659767508507,-17.203777313232422,-7.0,7.0,1.4076590538024902,0.3931339681148529,1.170871615409851,-0.3063085079193115,246
individual,9,carpet,19,1575,0.01686963066458702,0.016240142285823822,-1.6765389442443848,0.0078108422458171844,-18.376314163208008,-7.0,7.0,1.4105397462844849,0.3208064138889313,1.1679792404174805,-0.30697545409202576,247
individual,9,carpet,20,1575,0.01686638593673706,0.01780150644481182,-1.7131714820861816,0.007803032174706459,-19.153135299682617,-7.0,7.0,1.4500688314437866,0.26424700021743774,1.0872790813446045,-0.28090494871139526,248
individual,9,carpet,21,1575,0.01387957762926817,0.012899082154035568,-1.631711483001709,0.007795230019837618,-22.026939392089844,-7.0,7.0,1.4156211614608765,0.31333085894584656,1.1214587688446045,-0.278737336397171,249
individual,9,carpet,22,1575,0.01172575168311596,0.011049889028072357,-1.5344417095184326,0.007787435315549374,-20.071849822998047,-7.0,7.0,1.3062852621078491,0.3938771188259125,1.1714540719985962,-0.2810550630092621,250
individual,9,carpet,23,1575,0.015610845759510994,0.015765691176056862,-1.5348303318023682,0.007779648993164301,-16.94757652282715,-7.0,7.0,1.2633447647094727,0.3956123888492584,1.2024418115615845,-0.2843545973300934,251
individual,9,carpet,24,1575,0.023354215547442436,0.027954868972301483,-1.5944205522537231,0.007771869655698538,-16.000246047973633,-7.0,7.0,1.404640555381775,0.37082409858703613,1.1632388830184937,-0.2811194062232971,252
individual,9,carpet,25,1575,0.015667138621211052,0.014374496415257454,-1.604712963104248,0.007764098700135946,-17.886001586914062,-7.0,7.0,1.3990520238876343,0.3771252930164337,1.1493852138519287,-0.2861754298210144,253
individual,9,carpet,26,1575,0.016322657465934753,0.015635855495929718,-1.6576391458511353,0.007756335195153952,-22.4921932220459,-7.0,7.0,1.4501471519470215,0.3536169230937958,1.1321076154708862,-0.28613701462745667,254
individual,9,carpet,27,1575,0.012388672679662704,0.009516529738903046,-1.703577995300293,0.007748579606413841,-22.945777893066406,-7.0,7.0,1.5039399862289429,0.34616750478744507,1.0785578489303589,-0.28512656688690186,255
individual,9,carpet,28,1575,0.014024065807461739,0.014994088560342789,-1.760115385055542,0.007740831933915615,-21.257171630859375,-7.0,7.0,1.4715754985809326,0.3411971926689148,1.0825318098068237,-0.29857462644577026,256
individual,9,carpet,29,1575,0.01804005354642868,0.01774057187139988,-1.702177882194519,0.007733091711997986,-23.38299560546875,-7.0,7.0,1.4285407066345215,0.4625111222267151,1.1226178407669067,-0.30808448791503906,257
individual,9,carpet,30,1575,0.012980815954506397,0.013970705680549145,-1.6913299560546875,0.007725359406322241,-21.74327278137207,-7.0,7.0,1.4554224014282227,0.2927573621273041,1.0776646137237549,-0.3062766492366791,258
individual,9,carpet,31,1575,0.03845100477337837,0.04064778983592987,-1.704451322555542,0.00771763501688838,-18.715757369995117,-7.0,7.0,1.5846827030181885,0.363036185503006,1.1009987592697144,-0.31861838698387146,259
individual,9,carpet,32,1575,0.015658734366297722,0.01557592861354351,-1.6530354022979736,0.007709918078035116,-21.66193962097168,-7.0,7.0,1.504050612449646,0.4306733310222626,1.0886032581329346,-0.3128074109554291,260
individual,9,carpet,33,1575,0.015878301113843918,0.015002766624093056,-1.6694836616516113,0.007702208589762449,-22.650306701660156,-7.0,7.0,1.4394086599349976,0.4047299027442932,1.0470484495162964,-0.3006819188594818,261
individual,9,carpet,34,1575,0.01660902239382267,0.01813364028930664,-1.7052977085113525,0.007694507483392954,-22.86720085144043,-7.0,7.0,1.33378005027771,0.4275030195713043,1.1108977794647217,-0.3158385753631592,262
individual,9,carpet,35,1575,0.019187184050679207,0.020003652200102806,-1.709545612335205,0.007686813361942768,-26.575359344482422,-7.0,7.0,1.4891217947006226,0.354906290769577,0.978062629699707,-0.29153794050216675,263
individual,9,carpet,36,1575,0.015530910342931747,0.016937678679823875,-1.7721221446990967,0.007679127622395754,-25.615446090698242,-7.0,7.0,1.5332520008087158,0.42068082094192505,1.0077682733535767,-0.3017978072166443,264
individual,9,carpet,37,1575,0.016855549067258835,0.01693985052406788,-1.7391225099563599,0.0076714493334293365,-29.13221549987793,-7.0,7.0,1.6154992580413818,0.2591106593608856,0.9311427474021912,-0.2891250252723694,265
individual,9,carpet,38,1575,0.00848192535340786,0.007785694673657417,-1.7524223327636719,0.007663778495043516,-27.763580322265625,-7.0,7.0,1.4924907684326172,0.4018629491329193,0.9850135445594788,-0.3064858019351959,266
individual,9,carpet,39,1575,0.013079376891255379,0.011979947797954082,-1.7191201448440552,0.00765611557289958,-25.475557327270508,-7.0,7.0,1.5705689191818237,0.4358085095882416,1.0281697511672974,-0.32255181670188904,267
individual,9,carpet,40,1575,0.0090108597651124,0.011098177172243595,-1.7497342824935913,0.007648460101336241,-24.622135162353516,-7.0,7.0,1.4532792568206787,0.4188714027404785,1.032251238822937,-0.3207809329032898,268
individual,9,carpet,41,1575,0.021324438974261284,0.020422834903001785,-1.7550534009933472,0.0076408120803534985,-23.01966094970703,-7.0,7.0,1.5572013854980469,0.39365795254707336,1.0406831502914429,-0.3295644223690033,269
individual,9,carpet,42,1575,0.010196564719080925,0.009580628015100956,-1.788271188735962,0.00763317197561264,-20.010162353515625,-7.0,7.0,1.4848885536193848,0.35298919677734375,1.091890573501587,-0.33823734521865845,270
individual,9,carpet,43,1575,0.00881355069577694,0.009826632216572762,-1.7560510635375977,0.0076255397871136665,-21.629274368286133,-7.0,7.0,1.5338515043258667,0.3446328043937683,1.0178557634353638,-0.32184499502182007,271
individual,9,carpet,44,1575,0.01452567521482706,0.013562635518610477,-1.8185592889785767,0.00761791504919529,-25.39727783203125,-7.0,7.0,1.540320634841919,0.31692251563072205,1.0162302255630493,-0.32270583510398865,272
individual,9,carpet,45,1575,0.018436070531606674,0.017690200358629227,-1.6979196071624756,0.00761029776185751,-19.59973907470703,-7.0,7.0,1.389772891998291,0.44569721817970276,1.1059648990631104,-0.3297770023345947,273
individual,9,carpet,46,1575,0.01704118214547634,0.0152187654748559,-1.7065829038619995,0.007602688390761614,-17.266971588134766,-7.0,7.0,1.43709135055542,0.4604454040527344,1.0764340162277222,-0.3249863088130951,274
individual,9,carpet,47,1575,0.014710520394146442,0.015253525227308273,-1.816449522972107,0.007595086004585028,-23.70306396484375,-7.0,7.0,1.5932246446609497,0.33208292722702026,1.0400184392929077,-0.314768522977829,275
individual,9,carpet,48,1575,0.015543727204203606,0.01547516230493784,-1.8282264471054077,0.007587492000311613,-26.685779571533203,-7.0,7.0,1.4531954526901245,0.33707910776138306,0.9978342056274414,-0.30203065276145935,276
individual,9,carpet,49,1575,0.011321339756250381,0.011350277811288834,-1.8173004388809204,0.007579904980957508,-16.76606559753418,-7.0,7.0,1.4546974897384644,0.39068326354026794,1.1215401887893677,-0.3260829448699951,277
individual,9,carpet,50,1575,0.018902279436588287,0.021916227415204048,-1.8480725288391113,0.007572325877845287,-20.600770950317383,-7.0,7.0,1.6134816408157349,0.39830926060676575,1.0742615461349487,-0.31769540905952454,278
population,9,carpet,1,1575,0.025164170190691948,0.025740476325154305,-1.3719570636749268,0.007953326217830181,-37.5030517578125,-7.0,7.0,1.277448058128357,0.31901922821998596,0.7098446488380432,-0.12208979576826096,229
population,9,carpet,2,1575,0.02020755410194397,0.022859854623675346,-1.4492543935775757,0.00794536154717207,-39.350765228271484,-7.0,7.0,1.3374965190887451,0.3499733507633209,0.7024635672569275,-0.1349160224199295,230
population,9,carpet,3,1575,0.011395047418773174,0.012529543600976467,-1.454661250114441,0.007937406189739704,-37.570556640625,-7.0,7.0,1.2524948120117188,0.37042856216430664,0.7254937291145325,-0.11660724133253098,231
population,9,carpet,4,1575,0.025010135024785995,0.026783950626850128,-1.4791723489761353,0.007929458282887936,-27.77044677734375,-7.0,7.0,1.2612419128417969,0.45677006244659424,0.8988181352615356,-0.15830305218696594,232
population,9,carpet,5,1575,0.023581651970744133,0.02313936874270439,-1.5618942975997925,0.007921517826616764,-31.648664474487305,-7.0,7.0,1.2827121019363403,0.38352394104003906,0.7785139679908752,-0.16146303713321686,233
population,9,carpet,6,1575,0.01128684263676405,0.011215174570679665,-1.5149314403533936,0.007913585752248764,-28.80951690673828,-7.0,7.0,1.3042453527450562,0.33940258622169495,0.811543881893158,-0.16947613656520844,234
population,9,carpet,7,1575,0.024882756173610687,0.02440856210887432,-1.3734736442565918,0.007905662059783936,-21.387826919555664,-7.0,7.0,1.239488124847412,0.4570983350276947,0.9507650136947632,-0.174841970205307,235
population,9,carpet,8,1575,0.020316025242209435,0.020290808752179146,-1.3926159143447876,0.007897745817899704,-27.844627380371094,-7.0,7.0,1.26194429397583,0.34164223074913025,0.8610682487487793,-0.18011370301246643,236
population,9,carpet,9,1575,0.02325727976858616,0.02283400483429432,-1.5081372261047363,0.00788983702659607,-27.45876693725586,-7.0,7.0,1.3410181999206543,0.3338451683521271,0.8243980407714844,-0.18867385387420654,237
population,9,carpet,10,1575,0.02002708986401558,0.020675834268331528,-1.5670382976531982,0.007881936617195606,-30.100486755371094,-7.0,7.0,1.3652997016906738,0.450796902179718,0.8215352296829224,-0.1676948517560959,238
population,9,carpet,11,1575,0.02154001221060753,0.022404013201594353,-1.6673318147659302,0.007874044589698315,-28.223499298095703,-7.0,7.0,1.4020451307296753,0.3536270260810852,0.8783684968948364,-0.17551806569099426,239
population,9,carpet,12,1575,0.027752242982387543,0.02948710322380066,-1.6024984121322632,0.00786616001278162,-29.548351287841797,-7.0,7.0,1.290237307548523,0.41743797063827515,0.8015833497047424,-0.14359870553016663,240
population,9,carpet,13,1575,0.01930628903210163,0.020011678338050842,-1.4860085248947144,0.007858282886445522,-32.33007049560547,-7.0,7.0,1.2235568761825562,0.46329715847969055,0.8128638863563538,-0.1331629902124405,241
population,9,carpet,14,1575,0.028677700087428093,0.0308681670576334,-1.4510760307312012,0.007850414142012596,-34.418914794921875,-7.0,7.0,1.3344838619232178,0.37746500968933105,0.7539597749710083,-0.11651618778705597,242
population,9,carpet,15,1575,0.011264277622103691,0.012109857052564621,-1.5024834871292114,0.007842553779482841,-31.74658966064453,-7.0,7.0,1.304706335067749,0.2973526418209076,0.8229087591171265,-0.13716194033622742,243
population,9,carpet,16,1575,0.015696117654442787,0.01598697155714035,-1.5220144987106323,0.007834704592823982,-31.952295303344727,-7.0,7.0,1.3341844081878662,0.3733130693435669,0.8263001441955566,-0.13441678881645203,244
population,9,carpet,17,1575,0.0213257297873497,0.024360284209251404,-1.577483892440796,0.00782686285674572,-23.11688804626465,-7.0,7.0,1.3406541347503662,0.49999991059303284,0.9374722838401794,-0.16144289076328278,245
population,9,carpet,18,1575,0.022108102217316628,0.02614380046725273,-1.6127738952636719,0.007819029502570629,-27.676342010498047,-7.0,7.0,1.2236034870147705,0.42185190320014954,0.8939966559410095,-0.13845400512218475,246
population,9,carpet,19,1575,0.023737601935863495,0.023916080594062805,-1.6859484910964966,0.007811203598976135,-26.80387306213379,-7.0,7.0,1.3752225637435913,0.41041985154151917,0.919998288154602,-0.1722148209810257,247
population,9,carpet,20,1575,0.03334445133805275,0.03600097447633743,-1.6700339317321777,0.007803385611623526,-33.98602294921875,-7.0,7.0,1.4872567653656006,0.34521639347076416,0.8419873118400574,-0.16888582706451416,248
population,9,carpet,21,1575,0.013522649183869362,0.012961271218955517,-1.5704485177993774,0.0077955755405128,-28.743501663208008,-7.0,7.0,1.3070521354675293,0.43436139822006226,0.9241671562194824,-0.15937353670597076,249
population,9,carpet,22,1575,0.021399598568677902,0.021585984155535698,-1.50701105594635,0.007787773385643959,-26.513957977294922,-7.0,7.0,1.2898273468017578,0.38520652055740356,0.9473212361335754,-0.1619284451007843,250
population,9,carpet,23,1575,0.01864248886704445,0.017887303605675697,-1.6273260116577148,0.007779979147017002,-23.609464645385742,-7.0,7.0,1.3718769550323486,0.2804272472858429,0.9865828156471252,-0.1951674371957779,251
population,9,carpet,24,1575,0.015266912057995796,0.016567662358283997,-1.7067410945892334,0.007772192358970642,-22.22823715209961,-7.0,7.0,1.4698150157928467,0.3366575539112091,1.0009987354278564,-0.2141992151737213,252
population,9,carpet,25,1575,0.020809268578886986,0.02178710140287876,-1.7124054431915283,0.007764413487166166,-17.65208625793457,-7.0,7.0,1.4823188781738281,0.3863019347190857,1.092487096786499,-0.24455595016479492,253
population,9,carpet,26,1575,0.012123053893446922,0.013536356389522552,-1.6416009664535522,0.007756642531603575,-20.832014083862305,-7.0,7.0,1.3823153972625732,0.3973618149757385,1.0590553283691406,-0.22366084158420563,254
population,9,carpet,27,1575,0.016875475645065308,0.017529213801026344,-1.7041797637939453,0.00774887902662158,-27.0855712890625,-7.0,7.0,1.4584418535232544,0.3075399100780487,1.0229631662368774,-0.24007920920848846,255
population,9,carpet,28,1575,0.014871553517878056,0.015325061976909637,-1.7070093154907227,0.00774112343788147,-22.004594802856445,-7.0,7.0,1.5228123664855957,0.2697387635707855,1.0335582494735718,-0.2510548233985901,256
population,9,carpet,29,1575,0.015002664178609848,0.017566664144396782,-1.6822302341461182,0.0077333757653832436,-20.817310333251953,-7.0,7.0,1.453993558883667,0.4316631853580475,1.1049206256866455,-0.2682652771472931,257
population,9,carpet,30,1575,0.012294529005885124,0.014063190668821335,-1.7039263248443604,0.007725636009126902,-18.675975799560547,-7.0,7.0,1.4774572849273682,0.3200559616088867,1.0382312536239624,-0.2590557932853699,258
population,9,carpet,31,1575,0.01872408203780651,0.018553370609879494,-1.767991304397583,0.007717903703451157,-19.666410446166992,-7.0,7.0,1.5036216974258423,0.3540559411048889,1.0875498056411743,-0.2905682921409607,259
population,9,carpet,32,1575,0.017968321219086647,0.017786780372262,-1.8192126750946045,0.0077101788483560085,-15.996354103088379,-7.0,7.0,1.5205628871917725,0.354848176240921,1.1419358253479004,-0.32507750391960144,260
population,9,carpet,33,1575,0.013275334611535072,0.014355743303894997,-1.759162425994873,0.007702462375164032,-9.083548545837402,-7.0,7.0,1.4567843675613403,0.37325289845466614,1.2262989282608032,-0.35899797081947327,261
population,9,carpet,34,1575,0.018011871725320816,0.01701747253537178,-1.6312907934188843,0.007694753352552652,-17.029212951660156,-7.0,7.0,1.3233227729797363,0.47810298204421997,1.1337947845458984,-0.35242393612861633,262
population,9,carpet,35,1575,0.014900559559464455,0.01415183860808611,-1.7317866086959839,0.00768705178052187,-12.697072982788086,-7.0,7.0,1.4639642238616943,0.36829596757888794,1.1823025941848755,-0.38042721152305603,263
population,9,carpet,36,1575,0.01852410100400448,0.022167665883898735,-1.8181536197662354,0.007679358124732971,-19.665992736816406,-7.0,7.0,1.5725294351577759,0.28532540798187256,1.186602234840393,-0.4059266448020935,264
population,9,carpet,37,1575,0.012799574062228203,0.012351872399449348,-1.7002499103546143,0.007671672385185957,-7.481331825256348,-7.0,7.0,1.3259644508361816,0.48251476883888245,1.2665983438491821,-0.44399601221084595,265
population,9,carpet,38,1575,0.020637482404708862,0.019669540226459503,-1.798284888267517,0.00766399409621954,-12.633512496948242,-7.0,7.0,1.3814237117767334,0.4430686831474304,1.207273244857788,-0.4380064010620117,266
population,9,carpet,39,1575,0.010033112950623035,0.010823114775121212,-1.8112162351608276,0.007656323257833719,-8.924151420593262,-7.0,7.0,1.4353652000427246,0.31040510535240173,1.2172412872314453,-0.46033191680908203,267
population,9,carpet,40,1575,0.013863672502338886,0.015514854341745377,-1.8002933263778687,0.00764866080135107,-8.739654541015625,-7.0,7.0,1.473670482635498,0.40134933590888977,1.2629034519195557,-0.4815261662006378,268
population,9,carpet,41,1575,0.030555497854948044,0.03129221498966217,-1.6590254306793213,0.007641005329787731,-9.88377571105957,-7.0,7.0,1.4329367876052856,0.42256784439086914,1.2547448873519897,-0.4780862331390381,269
population,9,carpet,42,1575,0.02064233273267746,0.02258378639817238,-1.7373032569885254,0.007634089328348637,-0.12141945958137512,-7.0,7.0,1.5331348180770874,0.3260621726512909,1.366588830947876,-0.524779736995697,270
population,9,carpet,43,1575,0.011152669787406921,0.011144429445266724,-1.7337665557861328,0.007627103477716446,-7.252429485321045,-7.0,7.0,1.4251377582550049,0.3600550591945648,1.2258155345916748,-0.4872519075870514,271
population,9,carpet,44,1575,0.03405424952507019,0.03379591926932335,-1.903662085533142,0.007620465476065874,-2.2040157318115234,-7.0,7.0,1.4624507427215576,0.37048766016960144,1.2962158918380737,-0.5166729688644409,272
population,9,carpet,45,1575,0.018085328862071037,0.01644343137741089,-1.7610135078430176,0.007613731548190117,-10.390884399414062,-7.0,7.0,1.3993792533874512,0.42463359236717224,1.2186819314956665,-0.4903276562690735,273
population,9,carpet,46,1575,0.03353847563266754,0.03273087739944458,-1.7027981281280518,0.007606909144669771,-14.588265419006348,-7.0,7.0,1.5918407440185547,0.33730003237724304,1.1863934993743896,-0.4766651690006256,274
population,9,carpet,47,1575,0.02523154951632023,0.027281062677502632,-1.6490377187728882,0.007600013166666031,-11.244264602661133,-7.0,7.0,1.544947624206543,0.4046165347099304,1.2073379755020142,-0.4722892642021179,275
population,9,carpet,48,1575,0.01381585095077753,0.013493156060576439,-1.7488539218902588,0.007593047339469194,-7.7445807456970215,-7.0,7.0,1.5107309818267822,0.4677293300628662,1.225259780883789,-0.4612979590892792,276
population,9,carpet,49,1575,0.017273548990488052,0.019183803349733353,-1.9142694473266602,0.0075860233046114445,-14.132699012756348,-7.0,7.0,1.536193609237671,0.3949311375617981,1.1367902755737305,-0.42980441451072693,277
population,9,carpet,50,1575,0.01167400274425745,0.012589291669428349,-1.8038079738616943,0.007578943856060505,-22.59583282470703,-7.0,7.0,1.5058097839355469,0.4696827232837677,1.0481306314468384,-0.3894365429878235,278
individual,10,carpet,1,1750,0.011127964593470097,0.011804712936282158,-1.7865498065948486,0.0075647542253136635,-21.98401641845703,-7.0,7.0,1.4482951164245605,0.3385392725467682,1.0783766508102417,-0.326124906539917,279
individual,10,carpet,2,1750,0.012567686848342419,0.011075213551521301,-1.752837061882019,0.007557190489023924,-13.118270874023438,-7.0,7.0,1.461085319519043,0.45195451378822327,1.1636265516281128,-0.3456566631793976,280
individual,10,carpet,3,1750,0.013691047206521034,0.013681821525096893,-1.8788173198699951,0.007549633737653494,-10.740178108215332,-7.0,7.0,1.5881401300430298,0.38822850584983826,1.2588214874267578,-0.37727266550064087,281
individual,10,carpet,4,1750,0.011864447966217995,0.013295907527208328,-1.778444766998291,0.007542084902524948,-15.132344245910645,-7.0,7.0,1.5006827116012573,0.3230583667755127,1.1927688121795654,-0.3728785812854767,282
individual,10,carpet,5,1750,0.02064170129597187,0.02167625166475773,-1.760326623916626,0.007534543517976999,-9.655423164367676,-7.0,7.0,1.5787581205368042,0.3626481592655182,1.2099552154541016,-0.37410303950309753,283
individual,10,carpet,6,1750,0.010792052373290062,0.00963021069765091,-1.7075039148330688,0.007527009584009647,-10.692400932312012,-7.0,7.0,1.5308679342269897,0.37080469727516174,1.2176063060760498,-0.38219478726387024,284
individual,10,carpet,7,1750,0.016338001936674118,0.01801527477800846,-1.772902250289917,0.00751948356628418,-19.348743438720703,-7.0,7.0,1.6618452072143555,0.34748563170433044,1.1264574527740479,-0.35622283816337585,285
individual,10,carpet,8,1750,0.013158266432583332,0.016541486606001854,-1.7327983379364014,0.007511964533478022,-21.048311233520508,-7.0,7.0,1.5088138580322266,0.3465184271335602,1.1052029132843018,-0.3541695177555084,286
individual,10,carpet,9,1750,0.015287119895219803,0.018032286316156387,-1.7864933013916016,0.007504453416913748,-23.711143493652344,-7.0,7.0,1.5720430612564087,0.35504066944122314,1.0712960958480835,-0.3389628827571869,287
individual,10,carpet,10,1750,0.01535558607429266,0.011834169737994671,-1.8499444723129272,0.007496949750930071,-23.33466339111328,-7.0,7.0,1.63116455078125,0.4349604547023773,1.0825985670089722,-0.3312881886959076,288
individual,10,carpet,11,1750,0.015696808695793152,0.012575134634971619,-1.8408071994781494,0.007489453535526991,-25.494932174682617,-7.0,7.0,1.6543965339660645,0.29830172657966614,0.962431013584137,-0.2972288131713867,289
individual,10,carpet,12,1750,0.02600446529686451,0.026541298255324364,-1.815084457397461,0.007481964770704508,-29.47188949584961,-7.0,7.0,1.7394520044326782,0.31625959277153015,0.8933616280555725,-0.2722183167934418,290
individual,10,carpet,13,1750,0.014732519164681435,0.012834526598453522,-1.7675858736038208,0.007474483456462622,-25.968276977539062,-7.0,7.0,1.5733280181884766,0.38721469044685364,0.9468387961387634,-0.26204726099967957,291
individual,10,carpet,14,1750,0.01266198605298996,0.013298101723194122,-1.9255471229553223,0.0074670095928013325,-36.953453063964844,-7.0,7.0,1.6888889074325562,0.3533393144607544,0.8248512148857117,-0.230801060795784,292
individual,10,carpet,15,1750,0.020519984886050224,0.018543507903814316,-1.8789055347442627,0.00745954317972064,-33.45966720581055,-7.0,7.0,1.5708870887756348,0.40485578775405884,0.8562413454055786,-0.22454944252967834,293
individual,10,carpet,16,1750,0.007292605936527252,0.008211561478674412,-1.8348380327224731,0.007452084682881832,-42.27854537963867,-7.0,7.0,1.607567548751831,0.3794747292995453,0.7777625918388367,-0.2048090398311615,294
individual,10,carpet,17,1750,0.017768975347280502,0.020257743075489998,-1.7869327068328857,0.007444633170962334,-37.740684509277344,-7.0,7.0,1.6288814544677734,0.4541868567466736,0.7485806345939636,-0.18920059502124786,295
individual,10,carpet,18,1750,0.009340680204331875,0.009137215092778206,-1.7069839239120483,0.007437189109623432,-39.82583236694336,-7.0,7.0,1.5094479322433472,0.39077329635620117,0.7219250798225403,-0.17784276604652405,296
individual,10,carpet,19,1750,0.016141626983880997,0.015322638675570488,-1.854115605354309,0.007429752964526415,-38.94907760620117,-7.0,7.0,1.74576735496521,0.35308101773262024,0.6294746994972229,-0.16361038386821747,297
individual,10,carpet,20,1750,0.015149164013564587,0.015554076991975307,-1.9061881303787231,0.007422323804348707,-43.45259094238281,-7.0,7.0,1.7272140979766846,0.44910427927970886,0.6037874817848206,-0.1512746512889862,298
individual,10,carpet,21,1750,0.028759416192770004,0.027087993919849396,-1.9067678451538086,0.0074149020947515965,-41.67473220825195,-7.0,7.0,1.5867390632629395,0.3533552587032318,0.6738719344139099,-0.1559702605009079,299
individual,10,carpet,22,1750,0.019189510494470596,0.01981121487915516,-1.7646021842956543,0.007407487835735083,-42.615631103515625,-7.0,7.0,1.6005886793136597,0.3321710228919983,0.6257844567298889,-0.14999337494373322,300
individual,10,carpet,23,1750,0.036746084690093994,0.04407309740781784,-1.8822680711746216,0.007400081027299166,-38.94977569580078,-7.0,7.0,1.8639638423919678,0.3804973065853119,0.6403708457946777,-0.16095341742038727,301
individual,10,carpet,24,1750,0.01879723370075226,0.02092527411878109,-1.851541519165039,0.007392681669443846,-41.92103958129883,-7.0,7.0,1.6595861911773682,0.459816575050354,0.6940456628799438,-0.15094342827796936,302
individual,10,carpet,25,1750,0.018627019599080086,0.0196151714771986,-1.9638433456420898,0.007385289762169123,-41.870601654052734,-7.0,7.0,1.7627304792404175,0.40578967332839966,0.651471734046936,-0.1452232450246811,303
individual,10,carpet,26,1750,0.034894831478595734,0.03414930775761604,-2.051450729370117,0.007377905305474997,-43.349449157714844,-7.0,7.0,1.7583900690078735,0.3292088210582733,0.6038292050361633,-0.13764236867427826,304
individual,10,carpet,27,1750,0.009783424437046051,0.008481919765472412,-1.9918491840362549,0.007370528299361467,-41.38326644897461,-7.0,7.0,1.7604503631591797,0.371401846408844,0.6183688044548035,-0.13847707211971283,305
individual,10,carpet,28,1750,0.017990652471780777,0.018674243241548538,-1.869206428527832,0.007363158278167248,-43.402774810791016,-7.0,7.0,1.7899361848831177,0.34816548228263855,0.6058928370475769,-0.1297082155942917,306
individual,10,carpet,29,1750,0.007017505820840597,0.006753591354936361,-1.8374913930892944,0.007355795707553625,-41.3621940612793,-7.0,7.0,1.685532569885254,0.3386915326118469,0.6305197477340698,-0.12900426983833313,307
individual,10,carpet,30,1750,0.016430677846074104,0.019880885258316994,-1.8774821758270264,0.007348440587520599,-44.31769943237305,-7.0,7.0,1.739633560180664,0.3886694610118866,0.5664870142936707,-0.11868323385715485,308
individual,10,carpet,31,1750,0.015474917367100716,0.015332055278122425,-1.9869329929351807,0.0073410929180681705,-43.46444320678711,-7.0,7.0,1.727444052696228,0.38672950863838196,0.6406077146530151,-0.1296512633562088,309
individual,10,carpet,32,1750,0.016704583540558815,0.01688350923359394,-1.9099193811416626,0.007333752699196339,-42.55583190917969,-7.0,7.0,1.7197120189666748,0.2837223708629608,0.5811723470687866,-0.12170924246311188,310
individual,10,carpet,33,1750,0.013380204327404499,0.01298666000366211,-1.804018497467041,0.007326419465243816,-44.66535568237305,-7.0,7.0,1.5632457733154297,0.4346420168876648,0.7750250697135925,-0.14244188368320465,311
individual,10,carpet,34,1750,0.009634277783334255,0.008422319777309895,-1.9149718284606934,0.007319093681871891,-38.351531982421875,-7.0,7.0,1.6711492538452148,0.4402582049369812,0.8077773451805115,-0.15631859004497528,312
individual,10,carpet,35,1750,0.015143509954214096,0.014788669534027576,-1.8826475143432617,0.007311775349080563,-32.64113235473633,-7.0,7.0,1.6552314758300781,0.41511332988739014,0.7710813283920288,-0.15494254231452942,313
individual,10,carpet,36,1750,0.016302281990647316,0.016563788056373596,-1.8005588054656982,0.007304464466869831,-36.145668029785156,-7.0,7.0,1.6328033208847046,0.47811686992645264,0.7619358897209167,-0.14970603585243225,314
individual,10,carpet,37,1750,0.014054209925234318,0.011821233667433262,-1.9811251163482666,0.007297160569578409,-32.271026611328125,-7.0,7.0,1.6963722705841064,0.367817223072052,0.8920828700065613,-0.1681302934885025,315
individual,10,carpet,38,1750,0.01139313168823719,0.011978935450315475,-1.9112037420272827,0.007289864122867584,-33.36396026611328,-7.0,7.0,1.7097907066345215,0.46226969361305237,0.8963717818260193,-0.17801594734191895,316
individual,10,carpet,39,1750,0.011172217316925526,0.011621224693953991,-1.8413758277893066,0.007282575126737356,-27.280420303344727,-7.0,7.0,1.6722685098648071,0.386606365442276,0.9238030314445496,-0.1930576115846634,317
individual,10,carpet,40,1750,0.0081676309928298,0.014047302305698395,-2.061422348022461,0.007275293115526438,-23.765464782714844,-7.0,7.0,1.7703741788864136,0.3535226285457611,0.9566580653190613,-0.20597174763679504,318
individual,10,carpet,41,1750,0.022402923554182053,0.02364710532128811,-2.1121792793273926,0.007268018554896116,-21.7408390045166,-7.0,7.0,1.827402114868164,0.323110431432724,1.0276001691818237,-0.22877494990825653,319
individual,10,carpet,42,1750,0.011966904625296593,0.011950316838920116,-1.978426218032837,0.007260750979185104,-22.01903533935547,-7.0,7.0,1.774455189704895,0.38831812143325806,1.0110981464385986,-0.2379249781370163,320
individual,10,carpet,43,1750,0.012479370459914207,0.013330826535820961,-1.9848928451538086,0.007253491319715977,-21.362398147583008,-7.0,7.0,1.7738560438156128,0.41872337460517883,1.0488533973693848,-0.2445836365222931,321
individual,10,carpet,44,1750,0.006760348100215197,0.008046828210353851,-1.9762417078018188,0.007246238179504871,-20.617677688598633,-7.0,7.0,1.8049743175506592,0.36072468757629395,0.9868516325950623,-0.24049653112888336,322
individual,10,carpet,45,1750,0.017470259219408035,0.017567157745361328,-2.102074384689331,0.00723899295553565,-22.4884033203125,-7.0,7.0,1.913655400276184,0.4295009672641754,1.02122962474823,-0.2386566549539566,323
individual,10,carpet,46,1750,0.01992470771074295,0.021182803437113762,-2.079035758972168,0.007231754716485739,-25.190292358398438,-7.0,7.0,1.8211932182312012,0.46554532647132874,1.032190203666687,-0.25492361187934875,324
individual,10,carpet,47,1750,0.019096843898296356,0.019460923969745636,-2.0609238147735596,0.007224523462355137,-17.920167922973633,-7.0,7.0,1.6763285398483276,0.3543287515640259,1.1166139841079712,-0.28444546461105347,325
individual,10,carpet,48,1750,0.012373572215437889,0.013570772483944893,-2.123506784439087,0.007217299658805132,-23.707813262939453,-7.0,7.0,1.8743786811828613,0.4088447391986847,1.0269652605056763,-0.2371327131986618,326
individual,10,carpet,49,1750,0.01663210429251194,0.018935173749923706,-2.0360007286071777,0.007210082840174437,-26.723241806030273,-7.0,7.0,1.8388752937316895,0.44220998883247375,1.050933599472046,-0.2418241947889328,327
individual,10,carpet,50,1750,0.011678453534841537,0.012007711455225945,-2.0256576538085938,0.007202873472124338,-26.832386016845703,-7.0,7.0,1.7942852973937988,0.406788170337677,1.0203648805618286,-0.2414332777261734,328
population,10,carpet,1,1750,0.02061750926077366,0.017590411007404327,-1.8194656372070312,0.00757181691005826,-23.85555076599121,-7.0,7.0,1.4659476280212402,0.37860625982284546,0.9838885068893433,-0.3659009337425232,279
population,10,carpet,2,1750,0.019909337162971497,0.02089194394648075,-1.7866865396499634,0.0075646499171853065,-25.18088722229004,-7.0,7.0,1.632347822189331,0.30656489729881287,0.9631891846656799,-0.3474877178668976,280
population,10,carpet,3,1750,0.014826171100139618,0.012060449458658695,-1.6848993301391602,0.007557446137070656,-26.768857955932617,-7.0,7.0,1.4261566400527954,0.41944077610969543,0.9442972540855408,-0.3371507227420807,281
population,10,carpet,4,1750,0.018512284383177757,0.01689434051513672,-1.7526447772979736,0.0075502097606658936,-27.645832061767578,-7.0,7.0,1.540531873703003,0.415199875831604,0.9828284382820129,-0.34594836831092834,282
population,10,carpet,5,1750,0.025588009506464005,0.025025108829140663,-1.8080931901931763,0.007542944513261318,-26.404584884643555,-7.0,7.0,1.614301323890686,0.31315159797668457,0.9684880375862122,-0.3503258526325226,283
population,10,carpet,6,1750,0.024655651301145554,0.02003469690680504,-1.904030203819275,0.007535653654485941,-25.5960636138916,-7.0,7.0,1.6330653429031372,0.46073442697525024,1.0314714908599854,-0.367375910282135,284
population,10,carpet,7,1750,0.021328531205654144,0.02190117910504341,-1.8383644819259644,0.0075283413752913475,-22.329837799072266,-7.0,7.0,1.614862322807312,0.386342853307724,0.9597345590591431,-0.3538345396518707,285
population,10,carpet,8,1750,0.01572403684258461,0.015493431128561497,-1.8031971454620361,0.007521010935306549,-25.776262283325195,-7.0,7.0,1.5935180187225342,0.30124911665916443,0.9553136825561523,-0.3446767330169678,286
population,10,carpet,9,1750,0.009305309504270554,0.009574880823493004,-1.7693926095962524,0.007513666525483131,-20.506643295288086,-7.0,7.0,1.540052056312561,0.4650336503982544,1.0607775449752808,-0.3630862236022949,287
population,10,carpet,10,1750,0.01920476369559765,0.019077971577644348,-1.842175006866455,0.00750630721449852,-23.542110443115234,-7.0,7.0,1.6712348461151123,0.36876511573791504,0.9441876411437988,-0.3563380539417267,288
population,10,carpet,11,1750,0.021922718733549118,0.018553871661424637,-1.8788831233978271,0.007498937658965588,-16.577268600463867,-7.0,7.0,1.649712324142456,0.35812440514564514,1.05584716796875,-0.3891880214214325,289
population,10,carpet,12,1750,0.018691694363951683,0.02048427239060402,-1.8907110691070557,0.007491557393223047,-27.447067260742188,-7.0,7.0,1.754857063293457,0.33889061212539673,0.8867115378379822,-0.33777880668640137,290
population,10,carpet,13,1750,0.01776823215186596,0.01796013116836548,-1.9278833866119385,0.00748416967689991,-25.40933609008789,-7.0,7.0,1.6986302137374878,0.30200937390327454,0.9342997670173645,-0.3385632634162903,291
population,10,carpet,14,1750,0.014852240681648254,0.013515339232981205,-1.8750019073486328,0.00747677544131875,-23.171100616455078,-7.0,7.0,1.640180230140686,0.3670647144317627,1.0285075902938843,-0.3792888820171356,292
population,10,carpet,15,1750,0.012419871985912323,0.013253459706902504,-1.851941704750061,0.00746937794610858,-22.505390167236328,-7.0,7.0,1.6514688730239868,0.4041081368923187,0.9733116030693054,-0.3333730101585388,293
population,10,carpet,16,1750,0.008203987032175064,0.007398116867989302,-1.84943425655365,0.00746197672560811,-25.189231872558594,-7.0,7.0,1.644776701927185,0.3988766074180603,0.9529872536659241,-0.31751278042793274,294
population,10,carpet,17,1750,0.0140071464702487,0.012695764191448689,-1.874438762664795,0.00745457224547863,-20.697750091552734,-7.0,7.0,1.5913605690002441,0.4839109182357788,1.0830662250518799,-0.3307711184024811,295
population,10,carpet,18,1750,0.013069100677967072,0.012896784581243992,-1.8072869777679443,0.0074471645057201385,-22.40448570251465,-7.0,7.0,1.5154420137405396,0.4286558926105499,1.039416790008545,-0.3045741021633148,296
population,10,carpet,19,1750,0.010937733575701714,0.00919351913034916,-1.8173530101776123,0.007439757231622934,-31.30943489074707,-7.0,7.0,1.6215139627456665,0.3262662887573242,0.9432429671287537,-0.3047471344470978,297
population,10,carpet,20,1750,0.026933493092656136,0.02884913608431816,-1.7344409227371216,0.00743234995752573,-27.83611297607422,-7.0,7.0,1.5892996788024902,0.47173500061035156,1.000830888748169,-0.2873026430606842,298
population,10,carpet,21,1750,0.014265267178416252,0.01750847138464451,-1.8390498161315918,0.007424943149089813,-23.311628341674805,-7.0,7.0,1.6392788887023926,0.41524332761764526,1.081257700920105,-0.3269825577735901,299
population,10,carpet,22,1750,0.01261348556727171,0.013421010226011276,-1.804419755935669,0.007417540065944195,-25.668315887451172,-7.0,7.0,1.6222530603408813,0.3689844012260437,0.9517582654953003,-0.2691429555416107,300
population,10,carpet,23,1750,0.013585731387138367,0.015441758558154106,-1.9785822629928589,0.007410137448459864,-26.670625686645508,-7.0,7.0,1.8104310035705566,0.3040444850921631,0.9759177565574646,-0.29963165521621704,301
population,10,carpet,24,1750,0.02649284154176712,0.02963004633784294,-1.965297818183899,0.007402738556265831,-24.5028018951416,-7.0,7.0,1.8641680479049683,0.4137621521949768,0.9914892315864563,-0.28072771430015564,302
population,10,carpet,25,1750,0.020649056881666183,0.017837025225162506,-1.9685420989990234,0.007395343855023384,-27.711902618408203,-7.0,7.0,1.7168046236038208,0.442317396402359,0.9569858908653259,-0.2567024528980255,303
population,10,carpet,26,1750,0.01412199530750513,0.01569535955786705,-1.9190647602081299,0.007387952879071236,-30.642215728759766,-7.0,7.0,1.7500249147415161,0.3590976893901825,0.8928689360618591,-0.23358893394470215,304
population,10,carpet,27,1750,0.008443478494882584,0.008571194484829903,-1.910447359085083,0.007380565162748098,-31.310985565185547,-7.0,7.0,1.7010014057159424,0.3790368139743805,0.8822959661483765,-0.2029266655445099,305
population,10,carpet,28,1750,0.02002568542957306,0.02035020850598812,-1.8724085092544556,0.007373182103037834,-33.581268310546875,-7.0,7.0,1.7109706401824951,0.4372302293777466,0.8924349546432495,-0.21798618137836456,306
population,10,carpet,29,1750,0.010274151340126991,0.010821834206581116,-1.9213793277740479,0.007365802768617868,-32.41999053955078,-7.0,7.0,1.719760775566101,0.2796586751937866,0.8501683473587036,-0.19332531094551086,307
population,10,carpet,30,1750,0.015040658414363861,0.01344500295817852,-1.9206087589263916,0.007358430419117212,-31.820688247680664,-7.0,7.0,1.6662824153900146,0.40820688009262085,0.8804904222488403,-0.19938398897647858,308
population,10,carpet,31,1750,0.013398628681898117,0.013135537505149841,-1.849379539489746,0.007351062260568142,-30.395307540893555,-7.0,7.0,1.5999343395233154,0.3868348300457001,0.8964704275131226,-0.1856575459241867,309
population,10,carpet,32,1750,0.031189920380711555,0.03388712555170059,-1.882633924484253,0.0073437015525996685,-28.23678207397461,-7.0,7.0,1.761145830154419,0.4653434455394745,0.9467957615852356,-0.20356647670269012,310
population,10,carpet,33,1750,0.014239313080906868,0.015859179198741913,-2.0126264095306396,0.007336344104260206,-26.526081085205078,-7.0,7.0,1.7183250188827515,0.44270434975624084,1.020843267440796,-0.2321961224079132,311
population,10,carpet,34,1750,0.010943896137177944,0.01195540465414524,-2.100865602493286,0.007328994572162628,-19.570146560668945,-7.0,7.0,1.800671935081482,0.41647616028785706,1.0556069612503052,-0.24567459523677826,312
population,10,carpet,35,1750,0.020828595384955406,0.022006792947649956,-2.089430570602417,0.007321648765355349,-16.904787063598633,-7.0,7.0,1.7769339084625244,0.23026154935359955,1.0569369792938232,-0.27614960074424744,313
population,10,carpet,36,1750,0.022773277014493942,0.026696525514125824,-1.905623197555542,0.007314310409128666,-13.074213981628418,-7.0,7.0,1.693984866142273,0.4602614641189575,1.190418004989624,-0.31262826919555664,314
population,10,carpet,37,1750,0.017184047028422356,0.018076177686452866,-2.062664031982422,0.007307540625333786,-1.081939697265625,-7.0,7.0,1.8767085075378418,0.4260270595550537,1.305672526359558,-0.3735925853252411,315
population,10,carpet,38,1750,0.02036914974451065,0.01990843191742897,-2.0356028079986572,0.00730082206428051,-4.185622215270996,-7.0,7.0,1.8714412450790405,0.32829058170318604,1.3256045579910278,-0.40537601709365845,316
population,10,carpet,39,1750,0.015513336285948753,0.017897510901093483,-2.125516653060913,0.007294944487512112,1.1586335897445679,-7.0,7.0,1.861952781677246,0.35182711482048035,1.3732293844223022,-0.4448387920856476,317
population,10,carpet,40,1750,0.014389725401997566,0.013442430645227432,-2.059976577758789,0.007288922090083361,-7.090669631958008,-7.0,7.0,1.6765310764312744,0.4730789065361023,1.3438541889190674,-0.43555450439453125,318
population,10,carpet,41,1750,0.022836260497570038,0.022395286709070206,-2.130486011505127,0.007282842416316271,-4.457023620605469,-7.0,7.0,1.8729267120361328,0.3616011142730713,1.3296029567718506,-0.46893736720085144,319
population,10,carpet,42,1750,0.011224837973713875,0.01263968925923109,-2.0600945949554443,0.007277319207787514,-0.2922673225402832,-7.0,7.0,1.8351329565048218,0.4384461045265198,1.3933244943618774,-0.4918966293334961,320
population,10,carpet,43,1750,0.009434794075787067,0.010071991942822933,-2.0084962844848633,0.007271949667483568,-2.655102252960205,-7.0,7.0,1.6914536952972412,0.49102678894996643,1.3709971904754639,-0.493081659078598,321
population,10,carpet,44,1750,0.00878350529819727,0.008710812777280807,-2.063868999481201,0.007266386412084103,-7.044153213500977,-7.0,7.0,1.8055025339126587,0.374561607837677,1.3080118894577026,-0.4936870038509369,322
population,10,carpet,45,1750,0.01197739876806736,0.011053972877562046,-2.112996816635132,0.007260647136718035,-10.715906143188477,-7.0,7.0,1.8759030103683472,0.43246588110923767,1.251434087753296,-0.4796611964702606,323
population,10,carpet,46,1750,0.01276459265500307,0.012168209068477154,-2.056685209274292,0.007254753727465868,-9.238890647888184,-7.0,7.0,1.793969988822937,0.41410863399505615,1.2587283849716187,-0.4934368431568146,324
population,10,carpet,47,1750,0.01048317737877369,0.011760128661990166,-2.061195135116577,0.007248719688504934,-14.367892265319824,-7.0,7.0,1.8543875217437744,0.3041912615299225,1.190476655960083,-0.4895605742931366,325
population,10,carpet,48,1750,0.017767969518899918,0.01830977387726307,-2.026224136352539,0.00724255945533514,-19.913217544555664,-7.0,7.0,1.847275972366333,0.34582480788230896,1.1387816667556763,-0.46266457438468933,326
population,10,carpet,49,1750,0.014725225046277046,0.014717092737555504,-2.0028021335601807,0.007236286997795105,-18.61174774169922,-7.0,7.0,1.8313254117965698,0.37842410802841187,1.0753377676010132,-0.45855996012687683,327
population,10,carpet,50,1750,0.01914934068918228,0.0222589373588562,-2.0680370330810547,0.007229916751384735,-15.490561485290527,-7.0,7.0,1.748988389968872,0.438861608505249,1.1738704442977905,-0.46457454562187195,328
individual,11,carpet,1,1925,0.015124553814530373,0.015253939665853977,-2.081366777420044,0.007195671554654837,-34.26170349121094,-7.0,7.0,1.9365816116333008,0.23161038756370544,0.9212262034416199,-0.2196674793958664,329
individual,11,carpet,2,1925,0.012917840853333473,0.012435361742973328,-2.1455459594726562,0.007188476622104645,-27.658477783203125,-7.0,7.0,1.9366052150726318,0.38028794527053833,0.9454925656318665,-0.23033608496189117,330
individual,11,carpet,3,1925,0.013597879558801651,0.01337761152535677,-2.046398639678955,0.0071812886744737625,-27.80225944519043,-7.0,7.0,1.8653398752212524,0.3431565463542938,0.9280238747596741,-0.24157916009426117,331
individual,11,carpet,4,1925,0.0115691302344203,0.011070248670876026,-2.0393776893615723,0.007174108177423477,-24.863080978393555,-7.0,7.0,1.8761982917785645,0.3820337951183319,0.9576860070228577,-0.23787429928779602,332
individual,11,carpet,5,1925,0.02582594007253647,0.023518405854701996,-2.1177966594696045,0.0071669346652925014,-28.532697677612305,-7.0,7.0,1.8861052989959717,0.2897264063358307,0.9504765272140503,-0.25208479166030884,333
individual,11,carpet,6,1925,0.014857830479741096,0.012762191705405712,-2.079908847808838,0.007159768603742123,-27.721784591674805,-7.0,7.0,1.8685684204101562,0.34928157925605774,0.9886879324913025,-0.2510252296924591,334
individual,11,carpet,7,1925,0.025832602754235268,0.02274487540125847,-2.062807321548462,0.0071526095271110535,-19.234281539916992,-7.0,7.0,1.8284385204315186,0.4395553469657898,1.1240254640579224,-0.2868750989437103,335
individual,11,carpet,8,1925,0.018269900232553482,0.017730943858623505,-2.1787352561950684,0.007145457435399294,-27.477672576904297,-7.0,7.0,2.02199125289917,0.22565621137619019,0.9804448485374451,-0.2631029784679413,336
individual,11,carpet,9,1925,0.02541816048324108,0.024204211309552193,-2.297585964202881,0.007138312794268131,-28.92154884338379,-7.0,7.0,1.9556025266647339,0.3623063862323761,1.0163795948028564,-0.25688016414642334,337
individual,11,carpet,10,1925,0.020924687385559082,0.02067497931420803,-2.17726993560791,0.007131175138056278,-21.97506332397461,-7.0,7.0,1.8107370138168335,0.3707019090652466,1.117251992225647,-0.31586265563964844,338
individual,11,carpet,11,1925,0.025248941034078598,0.028222763910889626,-2.2043957710266113,0.007124044466763735,-19.541616439819336,-7.0,7.0,2.0322389602661133,0.419195294380188,1.1383622884750366,-0.30368879437446594,339
individual,11,carpet,12,1925,0.02478753961622715,0.022314639762043953,-2.099419116973877,0.007116921246051788,-14.701146125793457,-7.0,7.0,2.0188722610473633,0.27465367317199707,1.1821765899658203,-0.33613041043281555,340
individual,11,carpet,13,1925,0.011982975527644157,0.010124539025127888,-2.115095853805542,0.0071098050102591515,-8.622987747192383,-7.0,7.0,1.9087539911270142,0.3473004996776581,1.3091322183609009,-0.36930349469184875,341
individual,11,carpet,14,1925,0.015612592920660973,0.014883957803249359,-2.116588830947876,0.007103271316736937,-0.863373875617981,-7.0,7.0,1.8244682550430298,0.4106212258338928,1.3495759963989258,-0.39144447445869446,342
individual,11,carpet,15,1925,0.009894164279103279,0.010565496981143951,-2.2865359783172607,0.007097478490322828,0.6370541453361511,-7.0,7.0,2.060386896133423,0.4276096820831299,1.3949617147445679,-0.3759041130542755,343
individual,11,carpet,16,1925,0.015338367782533169,0.014624384231865406,-2.0058698654174805,0.007092444226145744,1.2741124629974365,-7.0,7.0,1.8601255416870117,0.33729568123817444,1.4350084066390991,-0.42716747522354126,344
individual,11,carpet,17,1925,0.014910734258592129,0.01550926174968481,-2.0018253326416016,0.007087204605340958,-5.110893249511719,-7.0,7.0,1.9273560047149658,0.2615589201450348,1.3561702966690063,-0.41293570399284363,345
individual,11,carpet,18,1925,0.024749483913183212,0.024439433589577675,-2.1054491996765137,0.007081779185682535,-11.339743614196777,-7.0,7.0,1.9740450382232666,0.3908478617668152,1.2741508483886719,-0.37504488229751587,346
individual,11,carpet,19,1925,0.020678460597991943,0.018416333943605423,-2.120201587677002,0.007076189387589693,-12.532645225524902,-7.0,7.0,2.033628463745117,0.3750615417957306,1.2598210573196411,-0.38031962513923645,347
individual,11,carpet,20,1925,0.017903216183185577,0.018375635147094727,-2.1653223037719727,0.007070451974868774,-13.488473892211914,-7.0,7.0,1.918170690536499,0.38953977823257446,1.2263615131378174,-0.37688153982162476,348
individual,11,carpet,21,1925,0.02395637147128582,0.020888464525341988,-2.275282382965088,0.007064581383019686,-23.308584213256836,-7.0,7.0,2.0262043476104736,0.35077157616615295,1.088055968284607,-0.33749037981033325,349
individual,11,carpet,22,1925,0.015965085476636887,0.017176110297441483,-2.239603042602539,0.00705859437584877,-24.783607482910156,-7.0,7.0,2.07659912109375,0.3749066889286041,1.044373631477356,-0.2968069911003113,350
individual,11,carpet,23,1925,0.0339200496673584,0.03004460409283638,-2.1166093349456787,0.007052501663565636,-32.97541809082031,-7.0,7.0,2.090954065322876,0.4326130151748657,0.9570059180259705,-0.28541576862335205,351
individual,11,carpet,24,1925,0.01774543896317482,0.016398215666413307,-2.1069886684417725,0.007046313490718603,-19.351444244384766,-7.0,7.0,1.9433345794677734,0.4406195282936096,1.0980298519134521,-0.3154451251029968,352
individual,11,carpet,25,1925,0.023238031193614006,0.023349884897470474,-2.2790820598602295,0.007040039636194706,-24.73900032043457,-7.0,7.0,2.0094237327575684,0.410531610250473,0.996247410774231,-0.2757560908794403,353
individual,11,carpet,26,1925,0.017070718109607697,0.014544674195349216,-2.1295692920684814,0.0070336912758648396,-24.767353057861328,-7.0,7.0,1.8587045669555664,0.39049679040908813,1.054058313369751,-0.2875094711780548,354
individual,11,carpet,27,1925,0.02699786238372326,0.02770138904452324,-2.164625644683838,0.007027278188616037,-36.00144577026367,-7.0,7.0,2.1311252117156982,0.35625791549682617,0.8268217444419861,-0.2271285206079483,355
individual,11,carpet,28,1925,0.020899677649140358,0.019188594073057175,-2.185976505279541,0.0070208036340773106,-38.06812286376953,-7.0,7.0,2.1089742183685303,0.25558191537857056,0.8181986212730408,-0.20551104843616486,356
individual,11,carpet,29,1925,0.00955274049192667,0.013243239372968674,-2.21657657623291,0.0070142787881195545,-32.38713836669922,-7.0,7.0,1.9787023067474365,0.36912113428115845,0.92620849609375,-0.23046599328517914,357
individual,11,carpet,30,1925,0.010847173631191254,0.009639004245400429,-2.218332052230835,0.007007705979049206,-36.268856048583984,-7.0,7.0,2.0687077045440674,0.400271475315094,0.8067111372947693,-0.19886943697929382,358
individual,11,carpet,31,1925,0.022345446050167084,0.023827500641345978,-2.288904905319214,0.007001093123108149,-30.406312942504883,-7.0,7.0,2.1085867881774902,0.40484583377838135,0.8962277770042419,-0.20721861720085144,359
individual,11,carpet,32,1925,0.00906308088451624,0.010900779627263546,-2.2175400257110596,0.006994443014264107,-29.659332275390625,-7.0,7.0,1.9899089336395264,0.3499877452850342,0.922606885433197,-0.21386878192424774,360
individual,11,carpet,33,1925,0.016569048166275024,0.016789859160780907,-2.3998234272003174,0.006987762171775103,-39.87486267089844,-7.0,7.0,2.1961207389831543,0.37494099140167236,0.7411866784095764,-0.15070922672748566,361
individual,11,carpet,34,1925,0.013591173104941845,0.013144639320671558,-2.2866415977478027,0.006981054786592722,-35.8385009765625,-7.0,7.0,2.100480079650879,0.41431841254234314,0.8288623690605164,-0.1803518682718277,362
individual,11,carpet,35,1925,0.02118046209216118,0.019625350832939148,-2.206669569015503,0.006974320393055677,-26.807641983032227,-7.0,7.0,2.067988395690918,0.4600610136985779,0.9276021718978882,-0.2128904014825821,363
individual,11,carpet,36,1925,0.009104905650019646,0.010526527650654316,-2.254931688308716,0.006967565976083279,-30.432571411132812,-7.0,7.0,2.039701223373413,0.44037437438964844,0.9451839327812195,-0.20275869965553284,364
individual,11,carpet,37,1925,0.011813300661742687,0.011203689500689507,-2.29552960395813,0.006960791535675526,-30.81417465209961,-7.0,7.0,2.0453319549560547,0.4299650490283966,0.9240903258323669,-0.21137867867946625,365
individual,11,carpet,38,1925,0.012848657555878162,0.012029850855469704,-2.2786033153533936,0.006954004056751728,-28.70839500427246,-7.0,7.0,1.9986717700958252,0.39477163553237915,0.9514845013618469,-0.22080782055854797,366
individual,11,carpet,39,1925,0.007959227077662945,0.006931035779416561,-2.3211841583251953,0.0069472030736505985,-37.12152099609375,-7.0,7.0,2.132542848587036,0.357634961605072,0.8215149641036987,-0.19532759487628937,367
individual,11,carpet,40,1925,0.015333565883338451,0.013994509354233742,-2.408374547958374,0.006940389052033424,-37.1532096862793,-7.0,7.0,2.1711668968200684,0.3236294686794281,0.7546639442443848,-0.16219638288021088,368
individual,11,carpet,41,1925,0.016384456306695938,0.018014147877693176,-2.2732529640197754,0.0069335647858679295,-28.25956916809082,-7.0,7.0,2.1265480518341064,0.4082736074924469,0.9377783536911011,-0.21412037312984467,369
individual,11,carpet,42,1925,0.01589462347328663,0.01676732674241066,-2.366210460662842,0.0069267344661056995,-31.329591751098633,-7.0,7.0,2.0719196796417236,0.39473986625671387,0.9240155220031738,-0.1998983472585678,370
individual,11,carpet,43,1925,0.015449183993041515,0.01398559845983982,-2.396298408508301,0.00691989716142416,-24.73722267150879,-7.0,7.0,2.1247143745422363,0.4782238006591797,1.034401297569275,-0.22664602100849152,371
individual,11,carpet,44,1925,0.013237539678812027,0.01324405800551176,-2.4892845153808594,0.0069130538031458855,-30.170812606811523,-7.0,7.0,2.1967642307281494,0.33077192306518555,1.0005236864089966,-0.2353900521993637,372
individual,11,carpet,45,1925,0.011350564658641815,0.013111459091305733,-2.4715259075164795,0.006906207650899887,-20.70155906677246,-7.0,7.0,2.203655242919922,0.38220590353012085,1.0967848300933838,-0.2593654692173004,373
individual,11,carpet,46,1925,0.012649580836296082,0.011971957050263882,-2.2258405685424805,0.006899666972458363,-2.7171497344970703,-7.0,7.0,1.9680203199386597,0.3298492729663849,1.4636842012405396,-0.3976008892059326,374
individual,11,carpet,47,1925,0.0170271173119545,0.023958034813404083,-2.2418885231018066,0.006893777288496494,0.0213775634765625,-7.0,7.0,2.0813605785369873,0.3946321904659271,1.4785937070846558,-0.414399117231369,375
individual,11,carpet,48,1925,0.011960768140852451,0.015127780847251415,-2.255175828933716,0.00688864104449749,1.203262448310852,-7.0,7.0,2.085387706756592,0.46301427483558655,1.4927650690078735,-0.4240806996822357,376
individual,11,carpet,49,1925,0.01899275742471218,0.020095013082027435,-2.3099889755249023,0.006884716916829348,7.890390396118164,-7.0,7.0,2.047633409500122,0.41265109181404114,1.6072765588760376,-0.4751145541667938,377
individual,11,carpet,50,1925,0.027935154736042023,0.034972816705703735,-2.4243509769439697,0.00688164820894599,3.318425178527832,-7.0,7.0,2.041306972503662,0.44406858086586,1.4816895723342896,-0.4381678104400635,378
population,11,carpet,1,1925,0.015253249555826187,0.017730196937918663,-2.009237289428711,0.007223458960652351,-17.91017723083496,-7.0,7.0,1.808776617050171,0.38868916034698486,1.1503454446792603,-0.4815356433391571,329
population,11,carpet,2,1925,0.016096753999590874,0.016029449179768562,-2.0448970794677734,0.007216921076178551,-19.811262130737305,-7.0,7.0,1.842690348625183,0.38794881105422974,1.1065200567245483,-0.46777647733688354,330
population,11,carpet,3,1925,0.01624823361635208,0.014886254444718361,-2.0317254066467285,0.007210313342511654,-17.26936149597168,-7.0,7.0,1.8399107456207275,0.37937113642692566,1.1032541990280151,-0.46680542826652527,331
population,11,carpet,4,1925,0.011552907526493073,0.01205658819526434,-2.098343849182129,0.007203643210232258,-14.771082878112793,-7.0,7.0,1.883662462234497,0.3972786068916321,1.113951325416565,-0.4607604146003723,332
population,11,carpet,5,1925,0.01353366207331419,0.01409820094704628,-2.063908815383911,0.007196917198598385,-23.77032470703125,-7.0,7.0,1.919643521308899,0.3389713764190674,1.0358279943466187,-0.4457382261753082,333
population,11,carpet,6,1925,0.022799447178840637,0.021547384560108185,-2.0207903385162354,0.0071901422925293446,-17.789745330810547,-7.0,7.0,1.8781890869140625,0.42597347497940063,1.1146619319915771,-0.45948976278305054,334
population,11,carpet,7,1925,0.011070908978581429,0.012271376326680183,-2.0582518577575684,0.00718332314863801,-22.687576293945312,-7.0,7.0,1.8201731443405151,0.45515790581703186,1.0532909631729126,-0.423539400100708,335
population,11,carpet,8,1925,0.01072631124407053,0.012265250086784363,-2.1166255474090576,0.007176465354859829,-27.818405151367188,-7.0,7.0,1.9817758798599243,0.2567179501056671,1.0015161037445068,-0.4337185025215149,336
population,11,carpet,9,1925,0.01566481776535511,0.017302820459008217,-2.2692391872406006,0.0071695768274366856,-28.084781646728516,-7.0,7.0,2.04844069480896,0.30300411581993103,0.9731353521347046,-0.41747331619262695,337
population,11,carpet,10,1925,0.010996384546160698,0.010898449458181858,-2.0981550216674805,0.0071626571007072926,-25.762313842773438,-7.0,7.0,1.8627158403396606,0.3047977089881897,1.0347477197647095,-0.4146110415458679,338
population,11,carpet,11,1925,0.012666137889027596,0.013279508799314499,-2.104372024536133,0.007155713625252247,-25.527393341064453,-7.0,7.0,1.9247570037841797,0.2937823534011841,1.032286286354065,-0.42564520239830017,339
population,11,carpet,12,1925,0.016100283712148666,0.016244156286120415,-2.11556339263916,0.007148745935410261,-28.019893646240234,-7.0,7.0,1.9569783210754395,0.2835276424884796,0.9821421504020691,-0.42172154784202576,340
population,11,carpet,13,1925,0.020596478134393692,0.020264411345124245,-2.017789363861084,0.007141758222132921,-23.447731018066406,-7.0,7.0,1.8572787046432495,0.4016484022140503,1.0746248960494995,-0.43971315026283264,341
population,11,carpet,14,1925,0.01834198646247387,0.01682291552424431,-2.176107168197632,0.007134756539016962,-18.318572998046875,-7.0,7.0,1.9711451530456543,0.36960160732269287,1.1231539249420166,-0.4594123065471649,342
population,11,carpet,15,1925,0.016848336905241013,0.01302692573517561,-2.197972536087036,0.00712773809209466,-22.8046817779541,-7.0,7.0,1.9867055416107178,0.38911861181259155,1.0730022192001343,-0.4434192478656769,343
population,11,carpet,16,1925,0.017561323940753937,0.020628279075026512,-2.2582578659057617,0.007120709400624037,-17.394933700561523,-7.0,7.0,1.978983759880066,0.44042643904685974,1.1430917978286743,-0.45090338587760925,344
population,11,carpet,17,1925,0.01592232659459114,0.017140159383416176,-2.061352252960205,0.00711367093026638,-14.820612907409668,-7.0,7.0,1.8046144247055054,0.4640450179576874,1.1739577054977417,-0.4533194601535797,345
population,11,carpet,18,1925,0.01330571435391903,0.013573268428444862,-2.065781593322754,0.007106622215360403,-12.019474983215332,-7.0,7.0,1.925263524055481,0.42023250460624695,1.237604022026062,-0.4866328537464142,346
population,11,carpet,19,1925,0.023110484704375267,0.025309434160590172,-2.051496982574463,0.0070995669811964035,-19.558443069458008,-7.0,7.0,1.8875008821487427,0.3823310434818268,1.1875293254852295,-0.46635833382606506,347
population,11,carpet,20,1925,0.013626816682517529,0.013810946606099606,-2.293266534805298,0.007092508487403393,-15.238641738891602,-7.0,7.0,2.105525493621826,0.31870612502098083,1.1802787780761719,-0.4780268669128418,348
population,11,carpet,21,1925,0.02091114968061447,0.020484482869505882,-2.2770090103149414,0.007085443940013647,-13.557262420654297,-7.0,7.0,1.9274871349334717,0.3963215947151184,1.2141907215118408,-0.4638194739818573,349
population,11,carpet,22,1925,0.01644611544907093,0.014477232471108437,-2.2520759105682373,0.00707837613299489,-9.74237060546875,-7.0,7.0,1.9523354768753052,0.48780184984207153,1.2310802936553955,-0.4645097255706787,350
population,11,carpet,23,1925,0.02311595529317856,0.02228333055973053,-2.1738476753234863,0.007071308325976133,-16.781442642211914,-7.0,7.0,2.0129666328430176,0.36235249042510986,1.1581335067749023,-0.4355149269104004,351
population,11,carpet,24,1925,0.020307127386331558,0.021154480054974556,-2.1694226264953613,0.007064237724989653,-15.590738296508789,-7.0,7.0,1.9238238334655762,0.4387989640235901,1.164350152015686,-0.41628292202949524,352
population,11,carpet,25,1925,0.009006642736494541,0.00915012788027525,-2.1738524436950684,0.007057167589664459,-19.326894760131836,-7.0,7.0,1.922216773033142,0.4598437547683716,1.098777174949646,-0.3999244272708893,353
population,11,carpet,26,1925,0.015463166870176792,0.015132577158510685,-2.313354969024658,0.007050097454339266,-17.82965087890625,-7.0,7.0,2.040268659591675,0.48404422402381897,1.1377679109573364,-0.3870592415332794,354
population,11,carpet,27,1925,0.01615739054977894,0.01749427430331707,-2.1585917472839355,0.007043031509965658,-17.419492721557617,-7.0,7.0,1.8846542835235596,0.46572867035865784,1.2006100416183472,-0.40266159176826477,355
population,11,carpet,28,1925,0.019385740160942078,0.01734221540391445,-2.290726661682129,0.0070359655655920506,-23.09002685546875,-7.0,7.0,2.023526906967163,0.37710708379745483,1.0620101690292358,-0.3723111152648926,356
population,11,carpet,29,1925,0.018204880878329277,0.017901916056871414,-2.1512210369110107,0.007028903346508741,-14.856038093566895,-7.0,7.0,1.9567569494247437,0.46283379197120667,1.1621726751327515,-0.388692170381546,357
population,11,carpet,30,1925,0.02141735516488552,0.017015814781188965,-2.2344553470611572,0.007021844852715731,-19.163835525512695,-7.0,7.0,2.1300032138824463,0.2757837176322937,1.096767544746399,-0.385490357875824,358
population,11,carpet,31,1925,0.017215244472026825,0.016902253031730652,-2.387953758239746,0.007014790549874306,-17.106924057006836,-7.0,7.0,2.102766275405884,0.38875362277030945,1.151813268661499,-0.3890945613384247,359
population,11,carpet,32,1925,0.027235982939600945,0.025793274864554405,-2.3605408668518066,0.007007739506661892,-15.315312385559082,-7.0,7.0,2.0730621814727783,0.41096383333206177,1.156838059425354,-0.3912728428840637,360
population,11,carpet,33,1925,0.01490440871566534,0.013556482270359993,-2.168011426925659,0.007000692654401064,-21.850095748901367,-7.0,7.0,1.9479997158050537,0.41620174050331116,1.1025645732879639,-0.38264593482017517,361
population,11,carpet,34,1925,0.030022526159882545,0.029108764603734016,-2.1435117721557617,0.006993649061769247,-25.925235748291016,-7.0,7.0,2.122464179992676,0.36793357133865356,1.0891159772872925,-0.38663604855537415,362
population,11,carpet,35,1925,0.02192622795701027,0.019107531756162643,-2.1086649894714355,0.006986609660089016,-21.656627655029297,-7.0,7.0,2.005075693130493,0.4618959426879883,1.0937790870666504,-0.37820830941200256,363
population,11,carpet,36,1925,0.016603996977210045,0.017866380512714386,-2.3516063690185547,0.006979576777666807,-22.27463150024414,-7.0,7.0,2.0801475048065186,0.31326761841773987,1.10711669921875,-0.380033016204834,364
population,11,carpet,37,1925,0.014844167046248913,0.018916340544819832,-2.414158582687378,0.006972548086196184,-27.390453338623047,-7.0,7.0,2.2201948165893555,0.25283047556877136,1.0850741863250732,-0.3764544129371643,365
population,11,carpet,38,1925,0.0172235406935215,0.018218623474240303,-2.3335373401641846,0.006965526379644871,-17.507471084594727,-7.0,7.0,2.17095685005188,0.4947163164615631,1.133532166481018,-0.3750388026237488,366
population,11,carpet,39,1925,0.018033022060990334,0.015596659854054451,-2.2420554161071777,0.006958508398383856,-19.69434928894043,-7.0,7.0,2.0138049125671387,0.4782572388648987,1.1420812606811523,-0.3816952705383301,367
population,11,carpet,40,1925,0.015683162957429886,0.01572692207992077,-2.248317241668701,0.0069514974020421505,-21.970462799072266,-7.0,7.0,2.091907262802124,0.3903636932373047,1.1171319484710693,-0.3843528926372528,368
population,11,carpet,41,1925,0.015301203355193138,0.012871812097728252,-2.339022397994995,0.006944490596652031,-17.385452270507812,-7.0,7.0,2.2003731727600098,0.3350735604763031,1.1481772661209106,-0.4086746573448181,369
population,11,carpet,42,1925,0.014156072400510311,0.015409467741847038,-2.405437707901001,0.006937490310519934,-7.9964704513549805,-7.0,7.0,2.0969388484954834,0.49441567063331604,1.236116647720337,-0.4279806315898895,370
population,11,carpet,43,1925,0.018396103754639626,0.016549138352274895,-2.512448310852051,0.006930497474968433,-12.621219635009766,-7.0,7.0,2.2082738876342773,0.33163243532180786,1.2291853427886963,-0.43143871426582336,371
population,11,carpet,44,1925,0.00976015068590641,0.014662966132164001,-2.3277781009674072,0.006923511624336243,-15.169954299926758,-7.0,7.0,2.1397900581359863,0.3545023798942566,1.1848247051239014,-0.43371671438217163,372
population,11,carpet,45,1925,0.026578199118375778,0.027126813307404518,-2.4273788928985596,0.006916532758623362,-11.817472457885742,-7.0,7.0,2.3410532474517822,0.33856308460235596,1.2409077882766724,-0.4408877193927765,373
population,11,carpet,46,1925,0.012243790552020073,0.012756546027958393,-2.3857522010803223,0.006909557152539492,-7.959009170532227,-7.0,7.0,2.158052444458008,0.3385177254676819,1.2724809646606445,-0.46191415190696716,374
population,11,carpet,47,1925,0.027708254754543304,0.03478776291012764,-2.539418935775757,0.006902588997036219,-7.606290340423584,-7.0,7.0,2.1848971843719482,0.4958358108997345,1.310088872909546,-0.44043880701065063,375
population,11,carpet,48,1925,0.014526132494211197,0.012055180966854095,-2.4871230125427246,0.0068956282921135426,-10.09933853149414,-7.0,7.0,2.1941614151000977,0.4006582200527191,1.262747883796692,-0.45300599932670593,376
population,11,carpet,49,1925,0.010911354795098305,0.012928873300552368,-2.283872127532959,0.006888674106448889,-8.561659812927246,-7.0,7.0,2.080498218536377,0.40363335609436035,1.2656923532485962,-0.4509367346763611,377
population,11,carpet,50,1925,0.018301285803318024,0.019398849457502365,-2.309844493865967,0.006881726905703545,-11.038890838623047,-7.0,7.0,2.1892688274383545,0.4508186876773834,1.2663593292236328,-0.448624849319458,378
individual,12,carpet,1,2100,0.03311208263039589,0.029731683433055878,-2.3924803733825684,0.006879125256091356,1.73652184009552,-7.0,7.0,2.1000709533691406,0.3429134786128998,1.4881671667099,-0.4426526427268982,379
individual,12,carpet,2,2100,0.03933418542146683,0.038928695023059845,-2.169332981109619,0.006877455860376358,4.308809280395508,-7.0,7.0,2.213660478591919,0.333774596452713,1.5628118515014648,-0.49649184942245483,380
individual,12,carpet,3,2100,0.052912741899490356,0.05267311632633209,-2.0925774574279785,0.006876648869365454,8.496444702148438,-7.0,7.0,2.180312395095825,0.27916833758354187,1.610445261001587,-0.5171858668327332,381
individual,12,carpet,4,2100,0.01878749206662178,0.01669800840318203,-2.4779934883117676,0.00687522953376174,-9.648582458496094,-7.0,7.0,2.2915093898773193,0.35544729232788086,1.3131605386734009,-0.40621158480644226,382
individual,12,carpet,5,2100,0.04951406642794609,0.04304762929677963,-2.5748233795166016,0.0068732560612261295,-15.213906288146973,-7.0,7.0,2.204491138458252,0.3573852479457855,1.2622973918914795,-0.39183515310287476,383
individual,12,carpet,6,2100,0.02033100090920925,0.018375685438513756,-2.3508098125457764,0.006870785262435675,-11.796005249023438,-7.0,7.0,2.253767490386963,0.2728387713432312,1.3123725652694702,-0.4281858503818512,384
individual,12,carpet,7,2100,0.024071890860795975,0.020951151847839355,-2.2817165851593018,0.006867866963148117,-17.39163589477539,-7.0,7.0,2.217801570892334,0.4614887833595276,1.1716156005859375,-0.33905014395713806,385
individual,12,carpet,8,2100,0.021873274818062782,0.019791271537542343,-2.233421802520752,0.006864546798169613,-24.826099395751953,-7.0,7.0,2.215785026550293,0.3716276288032532,1.0819016695022583,-0.32445383071899414,386
individual,12,carpet,9,2100,0.011607780121266842,0.013740608468651772,-2.245096206665039,0.006860869005322456,-22.12704086303711,-7.0,7.0,2.1694462299346924,0.3413901627063751,1.023638367652893,-0.3069605827331543,387
individual,12,carpet,10,2100,0.02587779238820076,0.022177962586283684,-2.486603021621704,0.006856865715235472,-25.87668228149414,-7.0,7.0,2.211930751800537,0.36949393153190613,0.9631994366645813,-0.2526407539844513,388
individual,12,carpet,11,2100,0.03198043256998062,0.03245292231440544,-2.555497169494629,0.0068525709211826324,-31.649335861206055,-7.0,7.0,2.2593038082122803,0.31873226165771484,0.871333658695221,-0.2105218917131424,389
individual,12,carpet,12,2100,0.009524037130177021,0.008553731255233288,-2.427708148956299,0.00684801721945405,-37.36283493041992,-7.0,7.0,2.277147054672241,0.33578598499298096,0.8519818186759949,-0.20854605734348297,390
individual,12,carpet,13,2100,0.036771733313798904,0.034680310636758804,-2.3174989223480225,0.006843228824436665,-35.79743194580078,-7.0,7.0,2.282784938812256,0.35484743118286133,0.762380063533783,-0.17600476741790771,391
individual,12,carpet,14,2100,0.018391553312540054,0.018949713557958603,-2.366074562072754,0.006838231347501278,-38.91755294799805,-7.0,7.0,2.263915538787842,0.4227215051651001,0.8205652236938477,-0.17110176384449005,392
individual,12,carpet,15,2100,0.01603447087109089,0.014862606301903725,-2.4590885639190674,0.006833045743405819,-39.109825134277344,-7.0,7.0,2.240823984146118,0.3879545032978058,0.808578610420227,-0.17115852236747742,393
individual,12,carpet,16,2100,0.02377123013138771,0.022040799260139465,-2.5996193885803223,0.006827691104263067,-39.070682525634766,-7.0,7.0,2.336909770965576,0.35595834255218506,0.7630866765975952,-0.1304820477962494,394
individual,12,carpet,17,2100,0.016186179593205452,0.01408318243920803,-2.573810577392578,0.006822187919169664,-34.11186981201172,-7.0,7.0,2.334035634994507,0.38817131519317627,0.8443355560302734,-0.13735678791999817,395
individual,12,carpet,18,2100,0.016693849116563797,0.014755912125110626,-2.3774728775024414,0.006816549226641655,-33.8237419128418,-7.0,7.0,2.2586231231689453,0.38230836391448975,0.8102483749389648,-0.1553206741809845,396
individual,12,carpet,19,2100,0.021519217640161514,0.01936311274766922,-2.4181342124938965,0.006810788996517658,-34.0107307434082,-7.0,7.0,2.3076651096343994,0.4808054566383362,0.8390413522720337,-0.14197559654712677,397
individual,12,carpet,20,2100,0.011610938236117363,0.01205263752490282,-2.450552463531494,0.0068049198016524315,-37.1365966796875,-7.0,7.0,2.2491304874420166,0.32359009981155396,0.797463595867157,-0.136003777384758,398
individual,12,carpet,21,2100,0.031190477311611176,0.02278265915811062,-2.648261070251465,0.006798955146223307,-41.102989196777344,-7.0,7.0,2.3959667682647705,0.32351747155189514,0.7834736108779907,-0.11187021434307098,399
individual,12,carpet,22,2100,0.016543343663215637,0.016579844057559967,-2.569462537765503,0.006792904809117317,-42.23170852661133,-7.0,7.0,2.4284698963165283,0.34697455167770386,0.7622352242469788,-0.1262666881084442,400
individual,12,carpet,23,2100,0.028896275907754898,0.0265966709703207,-2.4572558403015137,0.006786779500544071,-34.561439514160156,-7.0,7.0,2.3819949626922607,0.4653882086277008,0.7973031997680664,-0.12666524946689606,401
individual,12,carpet,24,2100,0.019040219485759735,0.01903180405497551,-2.4877700805664062,0.006780584808439016,-33.87517547607422,-7.0,7.0,2.3168888092041016,0.39447903633117676,0.8252806067466736,-0.13177724182605743,402
individual,12,carpet,25,2100,0.01681455783545971,0.016847141087055206,-2.5827577114105225,0.006774331443011761,-38.81892013549805,-7.0,7.0,2.373833179473877,0.4135531187057495,0.7845713496208191,-0.12770651280879974,403
individual,12,carpet,26,2100,0.018274813890457153,0.0197293721139431,-2.607475996017456,0.006768022198230028,-39.351104736328125,-7.0,7.0,2.360893726348877,0.3728958070278168,0.7980228066444397,-0.1249852254986763,404
individual,12,carpet,27,2100,0.017705775797367096,0.02043408714234829,-2.4561779499053955,0.006761667784303427,-35.95709228515625,-7.0,7.0,2.384956121444702,0.4009886682033539,0.7397259473800659,-0.1129821166396141,405
individual,12,carpet,28,2100,0.01602335087954998,0.015428194776177406,-2.494894027709961,0.006755270529538393,-36.34877014160156,-7.0,7.0,2.337462902069092,0.49065423011779785,0.8491402864456177,-0.1260889321565628,406
individual,12,carpet,29,2100,0.01715909130871296,0.015676632523536682,-2.52449893951416,0.006748837884515524,-39.143959045410156,-7.0,7.0,2.2966580390930176,0.28067663311958313,0.7711669206619263,-0.11810457706451416,407
individual,12,carpet,30,2100,0.013473405502736568,0.015612752176821232,-2.5792665481567383,0.006742369383573532,-44.467430114746094,-7.0,7.0,2.4286444187164307,0.2862667739391327,0.5833240151405334,-0.078951396048069,408
individual,12,carpet,31,2100,0.008564239367842674,0.008077125996351242,-2.585279703140259,0.006735874805599451,-38.60936737060547,-7.0,7.0,2.3805670738220215,0.41901305317878723,0.7308488488197327,-0.10442899167537689,409
individual,12,carpet,32,2100,0.013262297958135605,0.01396117638796568,-2.5485801696777344,0.006729354616254568,-29.538944244384766,-7.0,7.0,2.225787401199341,0.48121878504753113,0.8686485886573792,-0.13538303971290588,410
individual,12,carpet,33,2100,0.017914235591888428,0.016533616930246353,-2.582406997680664,0.006722812075167894,-38.318748474121094,-7.0,7.0,2.388174057006836,0.4345872700214386,0.738963782787323,-0.09023908525705338,411
individual,12,carpet,34,2100,0.010286467149853706,0.008966411463916302,-2.6454458236694336,0.006716249976307154,-33.78221130371094,-7.0,7.0,2.4429638385772705,0.4104991853237152,0.7047411203384399,-0.091952845454216,412
individual,12,carpet,35,2100,0.020870676264166832,0.02019963227212429,-2.6246376037597656,0.006709672044962645,-34.03350067138672,-7.0,7.0,2.368264675140381,0.42359572649002075,0.7046681642532349,-0.08766566216945648,413
individual,12,carpet,36,2100,0.014737581834197044,0.013793043792247772,-2.583186626434326,0.006703081075102091,-40.017913818359375,-7.0,7.0,2.361266613006592,0.4304213523864746,0.7274406552314758,-0.10346418619155884,414
individual,12,carpet,37,2100,0.012062733061611652,0.008949450217187405,-2.579524278640747,0.00669647753238678,-35.63787078857422,-7.0,7.0,2.291454315185547,0.42517605423927307,0.7805301547050476,-0.11065798997879028,415
individual,12,carpet,38,2100,0.016447415575385094,0.016622601076960564,-2.6318857669830322,0.006689864676445723,-45.618507385253906,-7.0,7.0,2.391232967376709,0.3371348977088928,0.6099141836166382,-0.06388246268033981,416
individual,12,carpet,39,2100,0.012250928208231926,0.009399259462952614,-2.612245559692383,0.006683242507278919,-40.06661605834961,-7.0,7.0,2.3858351707458496,0.3272011876106262,0.6673113703727722,-0.0824226662516594,417
individual,12,carpet,40,2100,0.0188041552901268,0.017772268503904343,-2.7008535861968994,0.0066766138188540936,-35.073081970214844,-7.0,7.0,2.4700162410736084,0.3740883469581604,0.6784733533859253,-0.08510895818471909,418
individual,12,carpet,41,2100,0.0132001843303442,0.014179421588778496,-2.710176944732666,0.00666997954249382,-36.82382583618164,-7.0,7.0,2.3725719451904297,0.40289902687072754,0.7368602752685547,-0.10528911650180817,419
individual,12,carpet,42,2100,0.01657646708190441,0.016041284427046776,-2.8920066356658936,0.006663342006504536,-34.959285736083984,-7.0,7.0,2.6007447242736816,0.315155029296875,0.6539847254753113,-0.07514484971761703,420
individual,12,carpet,43,2100,0.012972082942724228,0.012112241238355637,-2.608212947845459,0.00665670121088624,-21.251985549926758,-7.0,7.0,2.3346409797668457,0.4811916947364807,0.9013753533363342,-0.1515974998474121,421
individual,12,carpet,44,2100,0.012361505068838596,0.01116794440895319,-2.606377124786377,0.006650058086961508,-35.30817413330078,-7.0,7.0,2.4167230129241943,0.36922308802604675,0.8092960715293884,-0.134076789021492,422
individual,12,carpet,45,2100,0.020346814766526222,0.01912594586610794,-2.6520156860351562,0.006643414963036776,-19.254343032836914,-7.0,7.0,2.418757200241089,0.4558189809322357,0.9572674632072449,-0.1667955368757248,423
individual,12,carpet,46,2100,0.021742910146713257,0.02322116680443287,-2.5818936824798584,0.006636772304773331,-25.219017028808594,-7.0,7.0,2.3740267753601074,0.3573320209980011,0.8846768140792847,-0.17783676087856293,424
individual,12,carpet,47,2100,0.00938641931861639,0.009467397816479206,-2.6345713138580322,0.006630129646509886,-20.386703491210938,-7.0,7.0,2.3876543045043945,0.47384339570999146,1.0105493068695068,-0.21087169647216797,425
individual,12,carpet,48,2100,0.013386468403041363,0.011540350504219532,-2.715095043182373,0.006623487453907728,-24.03727912902832,-7.0,7.0,2.461899757385254,0.3551812171936035,0.9255421757698059,-0.2064438760280609,426
individual,12,carpet,49,2100,0.014824380166828632,0.015935827046632767,-2.6649982929229736,0.006616845726966858,-23.17548179626465,-7.0,7.0,2.514866352081299,0.3730640113353729,0.9295266270637512,-0.21566103398799896,427
individual,12,carpet,50,2100,0.010658095590770245,0.013088087551295757,-2.606053113937378,0.006610207259654999,-14.579341888427734,-7.0,7.0,2.444504737854004,0.43942493200302124,1.0344622135162354,-0.24790990352630615,428
population,12,carpet,1,2100,0.034744687378406525,0.036925725638866425,-2.375976324081421,0.00687478668987751,-14.311725616455078,-7.0,7.0,2.278287410736084,0.4085390567779541,1.1737604141235352,-0.45433440804481506,379
population,12,carpet,2,2100,0.02535143494606018,0.027668025344610214,-2.433732032775879,0.0068678539246320724,-17.017208099365234,-7.0,7.0,2.180546283721924,0.4265419840812683,1.159132957458496,-0.4351637661457062,380
population,12,carpet,3,2100,0.01412842608988285,0.014275189489126205,-2.3319103717803955,0.006860927678644657,-16.476913452148438,-7.0,7.0,2.1303155422210693,0.3792826235294342,1.1043061017990112,-0.41566160321235657,381
population,12,carpet,4,2100,0.013049742206931114,0.01354735903441906,-2.3291280269622803,0.0068540084175765514,-17.708364486694336,-7.0,7.0,2.1599977016448975,0.5070411562919617,1.1189857721328735,-0.3762321472167969,382
population,12,carpet,5,2100,0.026908431202173233,0.029488826170563698,-2.2572453022003174,0.006847096607089043,-20.3794002532959,-7.0,7.0,2.1878044605255127,0.4955448508262634,1.0464335680007935,-0.3634350597858429,383
population,12,carpet,6,2100,0.0386718213558197,0.04027588292956352,-2.2375028133392334,0.006840191315859556,-29.550128936767578,-7.0,7.0,2.231220245361328,0.3911969065666199,0.9579654932022095,-0.33726468682289124,384
population,12,carpet,7,2100,0.021332012489438057,0.023012107238173485,-2.2940075397491455,0.006833293009549379,-26.076702117919922,-7.0,7.0,2.1350810527801514,0.3861472010612488,0.9124207496643066,-0.33040478825569153,385
population,12,carpet,8,2100,0.048265766352415085,0.05238968878984451,-2.599931240081787,0.006826401688158512,-33.38720703125,-7.0,7.0,2.2438747882843018,0.4738789200782776,0.9209948778152466,-0.30526667833328247,386
population,12,carpet,9,2100,0.028595615178346634,0.02628815360367298,-2.54384183883667,0.006819517817348242,-37.92059326171875,-7.0,7.0,2.293117046356201,0.4033530652523041,0.8429418802261353,-0.2907189726829529,387
population,12,carpet,10,2100,0.031938668340444565,0.03462269529700279,-2.258744239807129,0.006812640465795994,-32.058807373046875,-7.0,7.0,2.181446075439453,0.47140926122665405,0.8501538038253784,-0.28563743829727173,388
population,12,carpet,11,2100,0.03255205228924751,0.03161614015698433,-2.3861207962036133,0.006805770099163055,-36.44328689575195,-7.0,7.0,2.277015209197998,0.3406214714050293,0.7803736329078674,-0.26170429587364197,389
population,12,carpet,12,2100,0.016048962250351906,0.01568009704351425,-2.414015769958496,0.006798906251788139,-33.96611404418945,-7.0,7.0,2.204444408416748,0.4322826862335205,0.8309011459350586,-0.2660965323448181,390
population,12,carpet,13,2100,0.019430773332715034,0.021834447979927063,-2.60447359085083,0.00679204985499382,-32.39521026611328,-7.0,7.0,2.2901158332824707,0.46832841634750366,0.8570175170898438,-0.2727903723716736,391
population,12,carpet,14,2100,0.037689127027988434,0.03771567717194557,-2.522080659866333,0.006785200443118811,-31.853248596191406,-7.0,7.0,2.1064178943634033,0.4347022771835327,0.82561856508255,-0.27136489748954773,392
population,12,carpet,15,2100,0.011151177808642387,0.014629785902798176,-2.3691630363464355,0.006778357550501823,-32.498653411865234,-7.0,7.0,2.1710758209228516,0.5194411277770996,0.8826763033866882,-0.27210333943367004,393
population,12,carpet,16,2100,0.04052368924021721,0.03665929287672043,-2.3364105224609375,0.006771521642804146,-31.47299575805664,-7.0,7.0,2.3106603622436523,0.47849738597869873,0.8267707228660583,-0.28581494092941284,394
population,12,carpet,17,2100,0.010870979167521,0.010353589430451393,-2.436018466949463,0.006764692720025778,-27.29635238647461,-7.0,7.0,2.292182207107544,0.43246039748191833,0.9307835698127747,-0.29665809869766235,395
population,12,carpet,18,2100,0.028257587924599648,0.02942497283220291,-2.503859281539917,0.0067578707821667194,-30.200088500976562,-7.0,7.0,2.2685580253601074,0.3587821125984192,0.8471771478652954,-0.2914450764656067,396
population,12,carpet,19,2100,0.014946267008781433,0.01288900151848793,-2.4426703453063965,0.006751055363565683,-29.78310203552246,-7.0,7.0,2.2422709465026855,0.3726534843444824,0.8759151101112366,-0.300530344247818,397
population,12,carpet,20,2100,0.01900435797870159,0.01857706718146801,-2.363281726837158,0.006744247395545244,-26.674074172973633,-7.0,7.0,2.2626430988311768,0.35465937852859497,0.9231160283088684,-0.3161521852016449,398
population,12,carpet,21,2100,0.03589514270424843,0.036904074251651764,-2.3467729091644287,0.006737445946782827,-30.817363739013672,-7.0,7.0,2.3635504245758057,0.40558111667633057,0.8832563757896423,-0.3056461811065674,399
population,12,carpet,22,2100,0.02544306218624115,0.024417176842689514,-2.397947311401367,0.006730651017278433,-25.8427677154541,-7.0,7.0,2.349428653717041,0.4511810839176178,0.9053040742874146,-0.30752992630004883,400
population,12,carpet,23,2100,0.02959304302930832,0.03662950545549393,-2.530442714691162,0.006723863538354635,-27.692916870117188,-7.0,7.0,2.2926173210144043,0.40939030051231384,0.9170684814453125,-0.3106186091899872,401
population,12,carpet,24,2100,0.02137688733637333,0.02130095474421978,-2.476874828338623,0.00671708257868886,-25.53801155090332,-7.0,7.0,2.1913037300109863,0.36757031083106995,0.9435019493103027,-0.3184068202972412,402
population,12,carpet,25,2100,0.01662314683198929,0.020548852160573006,-2.368844509124756,0.006710308603942394,-33.278438568115234,-7.0,7.0,2.232551097869873,0.4493497312068939,0.8504672646522522,-0.284103125333786,403
population,12,carpet,26,2100,0.02698369324207306,0.02854461967945099,-2.36565899848938,0.006703541614115238,-36.42722702026367,-7.0,7.0,2.370861053466797,0.3585563600063324,0.8450750112533569,-0.2752884030342102,404
population,12,carpet,27,2100,0.019214626401662827,0.017153479158878326,-2.4203951358795166,0.006696781143546104,-31.357372283935547,-7.0,7.0,2.27555251121521,0.39636293053627014,0.8823426961898804,-0.27359330654144287,405
population,12,carpet,28,2100,0.016856567934155464,0.018419142812490463,-2.4734580516815186,0.00669002765789628,-31.279253005981445,-7.0,7.0,2.2608938217163086,0.33018386363983154,0.7765920758247375,-0.26566433906555176,406
population,12,carpet,29,2100,0.03116411343216896,0.03132808208465576,-2.751063823699951,0.0066832806915044785,-28.588294982910156,-7.0,7.0,2.425635576248169,0.48296940326690674,0.8899531960487366,-0.2696627378463745,407
population,12,carpet,30,2100,0.024247778579592705,0.0241595096886158,-2.534972906112671,0.006676540710031986,-39.844566345214844,-7.0,7.0,2.3084888458251953,0.3432023525238037,0.6741573214530945,-0.23660600185394287,408
population,12,carpet,31,2100,0.021924132481217384,0.026940613985061646,-2.4340243339538574,0.006669807713478804,-32.332733154296875,-7.0,7.0,2.338059186935425,0.3719906508922577,0.8085669279098511,-0.2571963369846344,409
population,12,carpet,32,2100,0.0243374016135931,0.0266200453042984,-2.3549206256866455,0.006663081236183643,-36.38924789428711,-7.0,7.0,2.296924352645874,0.34004712104797363,0.8023676872253418,-0.26199039816856384,410
population,12,carpet,33,2100,0.03870148956775665,0.03171638399362564,-2.404489278793335,0.006656361743807793,-35.742557525634766,-7.0,7.0,2.3759050369262695,0.43171486258506775,0.7827544212341309,-0.23435088992118835,411
population,12,carpet,34,2100,0.01994475908577442,0.02068304643034935,-2.5862088203430176,0.0066496520303189754,-31.390756607055664,-7.0,7.0,2.3373448848724365,0.36413338780403137,0.7834812998771667,-0.24757911264896393,412
population,12,carpet,35,2100,0.037707019597291946,0.0348404124379158,-2.722033977508545,0.006642949301749468,-30.59468650817871,-7.0,7.0,2.4414315223693848,0.37477222084999084,0.8073576092720032,-0.23429752886295319,413
population,12,carpet,36,2100,0.010227877646684647,0.012364964000880718,-2.5733048915863037,0.0066362530924379826,-39.741844177246094,-7.0,7.0,2.4760522842407227,0.3965170681476593,0.7774798274040222,-0.22484539449214935,414
population,12,carpet,37,2100,0.023837639018893242,0.025751084089279175,-2.3920960426330566,0.006629563868045807,-32.185245513916016,-7.0,7.0,2.231757164001465,0.4369562566280365,0.851702868938446,-0.254142701625824,415
population,12,carpet,38,2100,0.020358722656965256,0.021828535944223404,-2.58792781829834,0.0066228811629116535,-29.47073745727539,-7.0,7.0,2.5604844093322754,0.377239465713501,0.7886038422584534,-0.21655414998531342,416
population,12,carpet,39,2100,0.009374424815177917,0.010915984399616718,-2.630478858947754,0.00661620544269681,-35.96355056762695,-7.0,7.0,2.450702667236328,0.3670807182788849,0.7897340059280396,-0.22187688946723938,417
population,12,carpet,40,2100,0.015959126874804497,0.014602170325815678,-2.6595067977905273,0.006609536241739988,-39.75127410888672,-7.0,7.0,2.48279070854187,0.38824787735939026,0.7451470494270325,-0.21623921394348145,418
population,12,carpet,41,2100,0.017032019793987274,0.018048658967018127,-2.829341411590576,0.006602873560041189,-27.37965202331543,-7.0,7.0,2.596404790878296,0.3689522445201874,0.8541275858879089,-0.22667841613292694,419
population,12,carpet,42,2100,0.01285368949174881,0.014979076571762562,-2.622462749481201,0.0065962178632617,-26.307544708251953,-7.0,7.0,2.363853693008423,0.4341360330581665,0.8256587982177734,-0.23087824881076813,420
population,12,carpet,43,2100,0.011810093186795712,0.01325184479355812,-2.5919125080108643,0.00658956915140152,-34.59257125854492,-7.0,7.0,2.397719144821167,0.36723464727401733,0.7051329612731934,-0.2108451873064041,421
population,12,carpet,44,2100,0.0223796758800745,0.025767676532268524,-2.4834256172180176,0.006582926493138075,-33.33365249633789,-7.0,7.0,2.3396553993225098,0.5661882162094116,0.7933726906776428,-0.2147291898727417,422
population,12,carpet,45,2100,0.01385472435504198,0.014242040924727917,-2.6115105152130127,0.00657629081979394,-33.89298629760742,-7.0,7.0,2.499709129333496,0.43590331077575684,0.7804509401321411,-0.22650930285453796,423
population,12,carpet,46,2100,0.012661892920732498,0.011891376227140427,-2.6860251426696777,0.006569662131369114,-27.884349822998047,-7.0,7.0,2.4281303882598877,0.4433777928352356,0.9030308127403259,-0.24320070445537567,424
population,12,carpet,47,2100,0.018432144075632095,0.02004029043018818,-2.823554277420044,0.0065630399622023106,-32.534446716308594,-7.0,7.0,2.5580315589904785,0.4127543866634369,0.8544847369194031,-0.2449331134557724,425
population,12,carpet,48,2100,0.016993651166558266,0.017310159280896187,-2.644850015640259,0.0065564243122935295,-35.105350494384766,-7.0,7.0,2.371588945388794,0.33215686678886414,0.8466624021530151,-0.24620749056339264,426
population,12,carpet,49,2100,0.01216741744428873,0.013817476108670235,-2.631147861480713,0.006549815647304058,-38.32958221435547,-7.0,7.0,2.5467123985290527,0.3102443814277649,0.7395938634872437,-0.23083922266960144,427
population,12,carpet,50,2100,0.014214426279067993,0.01793654076755047,-2.5674781799316406,0.006543213035911322,-28.1140193939209,-7.0,7.0,2.460658073425293,0.321880578994751,0.8996321558952332,-0.25838395953178406,428
individual,13,carpet,1,2275,0.017265785485506058,0.01651376485824585,-2.6214301586151123,0.006603572517633438,-22.79997444152832,-7.0,7.0,2.5592803955078125,0.3324204683303833,0.9479786157608032,-0.23379924893379211,429
individual,13,carpet,2,2275,0.01216079667210579,0.014993960969150066,-2.630885362625122,0.006596941500902176,-20.459697723388672,-7.0,7.0,2.3714182376861572,0.42125800251960754,1.0026297569274902,-0.2561255991458893,430
individual,13,carpet,3,2275,0.06969587504863739,0.06475914269685745,-2.8771657943725586,0.006590313743799925,-32.43400192260742,-7.0,7.0,2.585719585418701,0.3331189751625061,0.8150388598442078,-0.21381346881389618,431
individual,13,carpet,4,2275,0.023123763501644135,0.021669788286089897,-2.6155529022216797,0.006583689246326685,-27.44547462463379,-7.0,7.0,2.538996934890747,0.4435306191444397,0.8735536932945251,-0.2319095879793167,432
individual,13,carpet,5,2275,0.024670612066984177,0.03345227986574173,-2.4902095794677734,0.006577068939805031,-17.254304885864258,-7.0,7.0,2.365774631500244,0.5000938177108765,1.0022265911102295,-0.2575402557849884,433
individual,13,carpet,6,2275,0.023905936628580093,0.026006784290075302,-2.6137590408325195,0.0065704514272511005,-36.28483200073242,-7.0,7.0,2.5659172534942627,0.38055893778800964,0.734381377696991,-0.19415733218193054,434
individual,13,carpet,7,2275,0.021993916481733322,0.02696218341588974,-2.87202787399292,0.00656384089961648,-45.10836410522461,-7.0,7.0,2.6327505111694336,0.33463239669799805,0.6100262403488159,-0.15861661732196808,435
individual,13,carpet,8,2275,0.03548913076519966,0.046944472938776016,-2.8157286643981934,0.006557234097272158,-37.33649826049805,-7.0,7.0,2.525334358215332,0.4200008511543274,0.6943539977073669,-0.18543124198913574,436
individual,13,carpet,9,2275,0.015065687708556652,0.016072724014520645,-2.5811290740966797,0.006550630554556847,-37.25994110107422,-7.0,7.0,2.4673428535461426,0.4350721538066864,0.6578270792961121,-0.17332156002521515,437
individual,13,carpet,10,2275,0.03594762086868286,0.04764122515916824,-2.627243757247925,0.006544033996760845,-43.29546356201172,-7.0,7.0,2.6093344688415527,0.343150794506073,0.5261703133583069,-0.1391376554965973,438
individual,13,carpet,11,2275,0.007498624734580517,0.011434805579483509,-2.632951498031616,0.006537443492561579,-45.939056396484375,-7.0,7.0,2.5260796546936035,0.36835119128227234,0.5269407033920288,-0.14415417611598969,439
individual,13,carpet,12,2275,0.032690901309251785,0.03081134520471096,-2.8748841285705566,0.006530857179313898,-44.25307846069336,-7.0,7.0,2.5867247581481934,0.44027480483055115,0.5588976144790649,-0.14602625370025635,440
individual,13,carpet,13,2275,0.02648434042930603,0.035569850355386734,-2.880875825881958,0.006524276919662952,-44.905670166015625,-7.0,7.0,2.6595325469970703,0.34045857191085815,0.47460803389549255,-0.1277916133403778,441
individual,13,carpet,14,2275,0.027546437457203865,0.022543983533978462,-2.717588424682617,0.006517703644931316,-38.89053726196289,-7.0,7.0,2.6276803016662598,0.4847661256790161,0.597605288028717,-0.15939971804618835,442
individual,13,carpet,15,2275,0.02621513232588768,0.02883690409362316,-2.610643148422241,0.0065111336298286915,-41.38631820678711,-7.0,7.0,2.5420639514923096,0.3899628520011902,0.5558487176895142,-0.1634039729833603,443
individual,13,carpet,16,2275,0.015651538968086243,0.020261341705918312,-2.705092668533325,0.006504570599645376,-38.75235366821289,-7.0,7.0,2.6201066970825195,0.3341016471385956,0.5718909502029419,-0.16380833089351654,444
individual,13,carpet,17,2275,0.018018050119280815,0.015111405402421951,-2.8987555503845215,0.006498014088720083,-43.9450569152832,-7.0,7.0,2.632063388824463,0.47906267642974854,0.6119433045387268,-0.17011062800884247,445
individual,13,carpet,18,2275,0.0345630869269371,0.04642441123723984,-2.8342692852020264,0.006491464097052813,-41.482627868652344,-7.0,7.0,2.5564486980438232,0.37700149416923523,0.5901128053665161,-0.17504875361919403,446
individual,13,carpet,19,2275,0.02175486460328102,0.013196867890655994,-2.7863540649414062,0.006484920624643564,-34.85468292236328,-7.0,7.0,2.6507163047790527,0.35951894521713257,0.6520288586616516,-0.19302892684936523,447
individual,13,carpet,20,2275,0.016143057495355606,0.0181657075881958,-2.7527825832366943,0.006478383671492338,-41.025909423828125,-7.0,7.0,2.6707167625427246,0.3630432188510895,0.6304689645767212,-0.18814364075660706,448
individual,13,carpet,21,2275,0.01715685799717903,0.019892297685146332,-2.7739784717559814,0.006471850443631411,-38.49683380126953,-7.0,7.0,2.6215195655822754,0.3657594919204712,0.6477231383323669,-0.202159121632576,449
individual,13,carpet,22,2275,0.02003566361963749,0.023089027032256126,-2.811197519302368,0.006465323735028505,-37.945526123046875,-7.0,7.0,2.640289068222046,0.3368718922138214,0.6565349698066711,-0.20817610621452332,450
individual,13,carpet,23,2275,0.02076117694377899,0.02242361567914486,-2.8899271488189697,0.006458803545683622,-44.42584991455078,-7.0,7.0,2.6817760467529297,0.3316689431667328,0.5995600819587708,-0.18324697017669678,451
individual,13,carpet,24,2275,0.01222321204841137,0.01771126501262188,-2.81626296043396,0.006452289875596762,-45.67399978637695,-7.0,7.0,2.6391613483428955,0.31087204813957214,0.6179023385047913,-0.19510188698768616,452
individual,13,carpet,25,2275,0.020237773656845093,0.021359020844101906,-2.901219129562378,0.006445782724767923,-37.7827033996582,-7.0,7.0,2.73665452003479,0.45154711604118347,0.6502951979637146,-0.20637954771518707,453
individual,13,carpet,26,2275,0.020937664434313774,0.022098997607827187,-2.844820261001587,0.006439282558858395,-40.69589614868164,-7.0,7.0,2.7903518676757812,0.33622488379478455,0.5943630933761597,-0.1879948079586029,454
individual,13,carpet,27,2275,0.01867317408323288,0.01708473637700081,-2.8630211353302,0.006432788446545601,-36.597991943359375,-7.0,7.0,2.735875129699707,0.4444647431373596,0.6544665098190308,-0.20512941479682922,455
individual,13,carpet,28,2275,0.018713032826781273,0.019711246713995934,-2.8877222537994385,0.006426301319152117,-40.43476104736328,-7.0,7.0,2.7171597480773926,0.45638999342918396,0.6922219395637512,-0.20611505210399628,456
individual,13,carpet,29,2275,0.014641529880464077,0.02171458676457405,-2.8339366912841797,0.006419820711016655,-36.48957061767578,-7.0,7.0,2.5888731479644775,0.4351298213005066,0.6994608640670776,-0.2113538533449173,457
individual,13,carpet,30,2275,0.01160880085080862,0.01015978492796421,-2.7480297088623047,0.006413346156477928,-42.62762451171875,-7.0,7.0,2.6451497077941895,0.37834587693214417,0.654201328754425,-0.19848792254924774,458
individual,13,carpet,31,2275,0.01714382693171501,0.018261943012475967,-2.6846375465393066,0.006406878586858511,-34.42205047607422,-7.0,7.0,2.5656023025512695,0.37690314650535583,0.7441297769546509,-0.21785010397434235,459
individual,13,carpet,32,2275,0.017944876104593277,0.0215622428804636,-2.709944248199463,0.006400417536497116,-43.27920150756836,-7.0,7.0,2.603447675704956,0.3692167103290558,0.6547094583511353,-0.19055089354515076,460
individual,13,carpet,33,2275,0.022678669542074203,0.02178117074072361,-2.9037322998046875,0.006393962539732456,-39.40916061401367,-7.0,7.0,2.7221384048461914,0.4614761769771576,0.6872418522834778,-0.19184444844722748,461
individual,13,carpet,34,2275,0.01593274250626564,0.017585791647434235,-2.933698892593384,0.006387514527887106,-34.43363952636719,-7.0,7.0,2.6976442337036133,0.3996484577655792,0.7453027367591858,-0.2079286277294159,462
individual,13,carpet,35,2275,0.02252935618162155,0.02346927858889103,-2.8792037963867188,0.006381073035299778,-40.878326416015625,-7.0,7.0,2.80259108543396,0.44437840580940247,0.7531477212905884,-0.20113642513751984,463
individual,13,carpet,36,2275,0.02492997795343399,0.02466641366481781,-2.9198973178863525,0.006374637596309185,-42.53941345214844,-7.0,7.0,2.8089704513549805,0.4475990831851959,0.7148023247718811,-0.20623551309108734,464
individual,13,carpet,37,2275,0.015404840931296349,0.020272549241781235,-2.903836727142334,0.006368209142237902,-38.52113342285156,-7.0,7.0,2.797653913497925,0.481876403093338,0.7646035552024841,-0.22682102024555206,465
individual,13,carpet,38,2275,0.012891549617052078,0.01376593578606844,-3.0231027603149414,0.006361786741763353,-33.01713943481445,-7.0,7.0,2.809093713760376,0.5177949070930481,0.8456745743751526,-0.24160991609096527,466
individual,13,carpet,39,2275,0.01791858673095703,0.017329741269350052,-3.0291919708251953,0.006355370860546827,-32.01226043701172,-7.0,7.0,2.8100008964538574,0.44043582677841187,0.8548228144645691,-0.2563733756542206,467
individual,13,carpet,40,2275,0.014461049810051918,0.01568969525396824,-3.0542678833007812,0.006348961964249611,-36.636234283447266,-7.0,7.0,2.8363938331604004,0.4539188742637634,0.8032397031784058,-0.2472831904888153,468
individual,13,carpet,41,2275,0.014498703181743622,0.01415346097201109,-3.002119779586792,0.0063425591215491295,-24.2820987701416,-7.0,7.0,2.791769504547119,0.4776563346385956,1.0276782512664795,-0.31211990118026733,469
individual,13,carpet,42,2275,0.020450882613658905,0.02413971722126007,-3.0455689430236816,0.00633616279810667,-23.538888931274414,-7.0,7.0,2.908267021179199,0.4884640574455261,1.049045205116272,-0.33192306756973267,470
individual,13,carpet,43,2275,0.015116052702069283,0.020523374900221825,-2.835932493209839,0.006329772993922234,-21.832605361938477,-7.0,7.0,2.724522113800049,0.33150723576545715,0.9626208543777466,-0.3263346552848816,471
individual,13,carpet,44,2275,0.011203231289982796,0.010232232511043549,-3.1911187171936035,0.006323389243334532,-16.432815551757812,-7.0,7.0,2.969242572784424,0.44074538350105286,1.1363276243209839,-0.3670749068260193,472
individual,13,carpet,45,2275,0.03833921253681183,0.04608877748250961,-3.181471586227417,0.00631701247766614,-31.279008865356445,-7.0,7.0,2.902428150177002,0.3188166320323944,0.8780301213264465,-0.3253047466278076,473
individual,13,carpet,46,2275,0.018942341208457947,0.017937220633029938,-3.0152575969696045,0.006310641765594482,-24.9966983795166,-7.0,7.0,2.8305039405822754,0.4118732213973999,0.9993228316307068,-0.3552180826663971,474
individual,13,carpet,47,2275,0.01282681804150343,0.011317740194499493,-2.937751054763794,0.0063042775727808475,-19.33163833618164,-7.0,7.0,2.777468204498291,0.3559405207633972,1.1349380016326904,-0.41823408007621765,475
individual,13,carpet,48,2275,0.01077803410589695,0.014745907858014107,-2.979175567626953,0.006297922693192959,-20.989501953125,-7.0,7.0,2.828777313232422,0.3634571135044098,1.0960290431976318,-0.41040581464767456,476
individual,13,carpet,49,2275,0.00894283875823021,0.010946683585643768,-3.0013344287872314,0.00629157479852438,-16.008691787719727,-7.0,7.0,2.8283138275146484,0.3129662275314331,1.1632410287857056,-0.4505513310432434,477
individual,13,carpet,50,2275,0.015475001186132431,0.02020840533077717,-3.0876924991607666,0.006285232491791248,-8.540994644165039,-7.0,7.0,2.801839828491211,0.43862849473953247,1.2333904504776,-0.4653032720088959,478
population,13,carpet,1,2275,0.07267481833696365,0.07074317336082458,-2.684161424636841,0.006536617875099182,-31.603647232055664,-7.0,7.0,2.468128204345703,0.3270741105079651,0.8408387303352356,-0.244105264544487,429
population,13,carpet,2,2275,0.03404495120048523,0.03344143182039261,-2.6671464443206787,0.006530028767883778,-26.622455596923828,-7.0,7.0,2.584101676940918,0.4220310151576996,0.909062922000885,-0.26500409841537476,430
population,13,carpet,3,2275,0.01589701697230339,0.015301584266126156,-2.629894495010376,0.006523449439555407,-29.635717391967773,-7.0,7.0,2.519740104675293,0.4742138087749481,0.8279549479484558,-0.2290923297405243,431
population,13,carpet,4,2275,0.028332708403468132,0.03309682011604309,-2.7831225395202637,0.006516877096146345,-37.55089569091797,-7.0,7.0,2.6081430912017822,0.3158320188522339,0.7539963126182556,-0.2224794328212738,432
population,13,carpet,5,2275,0.02893434837460518,0.0316193588078022,-2.6844303607940674,0.006510311271995306,-31.279525756835938,-7.0,7.0,2.4874701499938965,0.42574456334114075,0.7985071539878845,-0.228105828166008,433
population,13,carpet,6,2275,0.01635957695543766,0.021258220076560974,-2.5601961612701416,0.006503751967102289,-31.96893310546875,-7.0,7.0,2.447375774383545,0.43861132860183716,0.8013069033622742,-0.22859512269496918,434
population,13,carpet,7,2275,0.027128035202622414,0.028180528432130814,-2.707808017730713,0.006497199181467295,-42.21009826660156,-7.0,7.0,2.651643991470337,0.3463843762874603,0.5676630139350891,-0.1755838841199875,435
population,13,carpet,8,2275,0.013407048769295216,0.01177764218300581,-2.6076955795288086,0.0064906529150903225,-44.39395523071289,-7.0,7.0,2.532046318054199,0.39823004603385925,0.6220625042915344,-0.18492767214775085,436
population,13,carpet,9,2275,0.01732635498046875,0.020841294899582863,-2.7409610748291016,0.00648411363363266,-45.072391510009766,-7.0,7.0,2.5513076782226562,0.38250601291656494,0.5295136570930481,-0.1573062390089035,437
population,13,carpet,10,2275,0.013196330517530441,0.014376445673406124,-2.7681455612182617,0.006477580405771732,-46.50425720214844,-7.0,7.0,2.5766372680664062,0.374884694814682,0.5038257837295532,-0.15185575187206268,438
population,13,carpet,11,2275,0.02194630354642868,0.021044570952653885,-2.6888797283172607,0.006471054162830114,-44.971778869628906,-7.0,7.0,2.5283405780792236,0.42139071226119995,0.5741934776306152,-0.15084291994571686,439
population,13,carpet,12,2275,0.02469879947602749,0.029196161776781082,-2.7263731956481934,0.006464534439146519,-48.98773956298828,-7.0,7.0,2.6771738529205322,0.26554742455482483,0.41403356194496155,-0.11616944521665573,440
population,13,carpet,13,2275,0.021148916333913803,0.025143634527921677,-2.680650234222412,0.006458021234720945,-46.32464599609375,-7.0,7.0,2.5134339332580566,0.3495604991912842,0.5304850935935974,-0.14496079087257385,441
population,13,carpet,14,2275,0.012396693229675293,0.014236805029213428,-2.744586706161499,0.006451514549553394,-43.419559478759766,-7.0,7.0,2.5487990379333496,0.40816769003868103,0.5322770476341248,-0.14449845254421234,442
population,13,carpet,15,2275,0.019579507410526276,0.01859515905380249,-2.840318441390991,0.006445014383643866,-48.751564025878906,-7.0,7.0,2.6998682022094727,0.26451992988586426,0.4349674582481384,-0.11870522797107697,443
population,13,carpet,16,2275,0.022037962451577187,0.027960889041423798,-2.8181405067443848,0.0064385212026536465,-44.78588104248047,-7.0,7.0,2.7134687900543213,0.4871671795845032,0.5016416907310486,-0.12646940350532532,444
population,13,carpet,17,2275,0.010157231241464615,0.01080565620213747,-2.6759226322174072,0.006432034075260162,-36.23158264160156,-7.0,7.0,2.464982271194458,0.4333726763725281,0.6482406258583069,-0.1643047332763672,445
population,13,carpet,18,2275,0.01039622537791729,0.014975739642977715,-2.825178623199463,0.0064255534671247005,-38.345703125,-7.0,7.0,2.626969814300537,0.36041882634162903,0.5954641699790955,-0.15891647338867188,446
population,13,carpet,19,2275,0.02031742036342621,0.02001231536269188,-2.889608144760132,0.006419079843908548,-37.89042282104492,-7.0,7.0,2.7176082134246826,0.28586673736572266,0.6278749108314514,-0.17129813134670258,447
population,13,carpet,20,2275,0.019155720248818398,0.01928563043475151,-2.8476943969726562,0.006412612274289131,-36.519901275634766,-7.0,7.0,2.63607120513916,0.3730771541595459,0.6027679443359375,-0.14915922284126282,448
population,13,carpet,21,2275,0.03220013529062271,0.03573187440633774,-2.746138572692871,0.006406151689589024,-34.37273025512695,-7.0,7.0,2.7452354431152344,0.4467107057571411,0.7344352602958679,-0.185109943151474,449
population,13,carpet,22,2275,0.020051423460245132,0.020405486226081848,-2.7673802375793457,0.006399697158485651,-34.05829620361328,-7.0,7.0,2.6389689445495605,0.4258876442909241,0.7483677268028259,-0.2001888006925583,450
population,13,carpet,23,2275,0.02651171386241913,0.0330120250582695,-2.909644365310669,0.006393249146640301,-20.151960372924805,-7.0,7.0,2.6469738483428955,0.44277241826057434,0.8820529580116272,-0.22865800559520721,451
population,13,carpet,24,2275,0.013660731725394726,0.017268767580389977,-2.8928298950195312,0.006386810913681984,-30.941898345947266,-7.0,7.0,2.6651062965393066,0.3895805776119232,0.7720718383789062,-0.19824878871440887,452
population,13,carpet,25,2275,0.02083739824593067,0.022785380482673645,-2.818579912185669,0.0063803791999816895,-27.447284698486328,-7.0,7.0,2.650996208190918,0.42237022519111633,0.841755211353302,-0.21984803676605225,453
population,13,carpet,26,2275,0.01688801683485508,0.020560352131724358,-2.71882700920105,0.00637395353987813,-29.9687442779541,-7.0,7.0,2.637136459350586,0.3738568127155304,0.8436835408210754,-0.21775738894939423,454
population,13,carpet,27,2275,0.01653052493929863,0.021509427577257156,-2.7546849250793457,0.00636753486469388,-23.323843002319336,-7.0,7.0,2.5974578857421875,0.5290415287017822,0.8474971055984497,-0.20909330248832703,455
population,13,carpet,28,2275,0.008986965753138065,0.009085061028599739,-2.889310836791992,0.006361122243106365,-31.72576904296875,-7.0,7.0,2.7574870586395264,0.2686139941215515,0.770717978477478,-0.2172461599111557,456
population,13,carpet,29,2275,0.02519005909562111,0.025919511914253235,-3.014984369277954,0.00635471660643816,-22.849361419677734,-7.0,7.0,2.743525743484497,0.5621328949928284,0.9160116314888,-0.23639066517353058,457
population,13,carpet,30,2275,0.011566661298274994,0.011076735332608223,-2.818326950073242,0.00634831702336669,-26.715280532836914,-7.0,7.0,2.6278672218322754,0.37460601329803467,0.8148576021194458,-0.2541419565677643,458
population,13,carpet,31,2275,0.02250966615974903,0.0246421005576849,-2.88066029548645,0.006341923959553242,-26.942974090576172,-7.0,7.0,2.798609733581543,0.3271445631980896,0.8276612162590027,-0.24111546576023102,459
population,13,carpet,32,2275,0.014383070170879364,0.019381264224648476,-2.760960340499878,0.006335537414997816,-34.108238220214844,-7.0,7.0,2.7027816772460938,0.4083980917930603,0.7845938801765442,-0.24214304983615875,460
population,13,carpet,33,2275,0.015854110941290855,0.01535717211663723,-2.9655404090881348,0.0063291569240391254,-29.90479850769043,-7.0,7.0,2.745669364929199,0.4142223298549652,0.7964500784873962,-0.2485445737838745,461
population,13,carpet,34,2275,0.025105079635977745,0.027530331164598465,-3.128206253051758,0.006322783417999744,-40.17441177368164,-7.0,7.0,2.9284796714782715,0.364554226398468,0.6825881600379944,-0.22244229912757874,462
population,13,carpet,35,2275,0.01990348845720291,0.02149798534810543,-3.064639091491699,0.006316415965557098,-31.287012100219727,-7.0,7.0,2.8518259525299072,0.33369994163513184,0.7985683083534241,-0.2698589265346527,463
population,13,carpet,36,2275,0.01786833070218563,0.0200868658721447,-2.964998722076416,0.006310055032372475,-30.937578201293945,-7.0,7.0,2.7907497882843018,0.4636625349521637,0.8225568532943726,-0.26222696900367737,464
population,13,carpet,37,2275,0.015095889568328857,0.014956878498196602,-2.7688469886779785,0.006303700618445873,-29.948780059814453,-7.0,7.0,2.5631561279296875,0.47057783603668213,0.8572459816932678,-0.30355140566825867,465
population,13,carpet,38,2275,0.014272347092628479,0.01662703976035118,-2.8196513652801514,0.006297352258116007,-30.13298797607422,-7.0,7.0,2.7177438735961914,0.4001147449016571,0.8197678327560425,-0.3110932409763336,466
population,13,carpet,39,2275,0.012272251769900322,0.01195494458079338,-2.9378907680511475,0.006291010417044163,-32.70071029663086,-7.0,7.0,2.721034526824951,0.3294276297092438,0.7856019735336304,-0.30667048692703247,467
population,13,carpet,40,2275,0.021549275144934654,0.02691502310335636,-2.9736196994781494,0.006284675095230341,-36.576759338378906,-7.0,7.0,2.7209930419921875,0.3686174154281616,0.758188784122467,-0.3073389232158661,468
population,13,carpet,41,2275,0.012978026643395424,0.011862644925713539,-3.015484571456909,0.0062783462926745415,-23.32829475402832,-7.0,7.0,2.838611125946045,0.3018037974834442,0.8750197291374207,-0.3615536391735077,469
population,13,carpet,42,2275,0.02473469451069832,0.021043317392468452,-2.8722987174987793,0.006272023543715477,-32.67246627807617,-7.0,7.0,2.813308000564575,0.32240012288093567,0.785544753074646,-0.3410508930683136,470
population,13,carpet,43,2275,0.021615516394376755,0.02827504836022854,-2.9604244232177734,0.006265707314014435,-30.5322265625,-7.0,7.0,2.861379623413086,0.3169217109680176,0.8454710245132446,-0.37142035365104675,471
population,13,carpet,44,2275,0.017909301444888115,0.018475612625479698,-2.982515811920166,0.006259397603571415,-19.707672119140625,-7.0,7.0,2.6731762886047363,0.4847918450832367,0.9712694883346558,-0.4223034381866455,472
population,13,carpet,45,2275,0.016987673938274384,0.018623149022459984,-3.0826497077941895,0.00625309394672513,-20.684688568115234,-7.0,7.0,2.767188310623169,0.40426066517829895,0.9419576525688171,-0.41037440299987793,473
population,13,carpet,46,2275,0.014814178459346294,0.014683239161968231,-3.0428895950317383,0.0062467968091368675,-23.182910919189453,-7.0,7.0,2.8447883129119873,0.43933889269828796,0.9650323987007141,-0.42027387022972107,474
population,13,carpet,47,2275,0.025983234867453575,0.0243302620947361,-3.0313427448272705,0.006240506190806627,-27.468969345092773,-7.0,7.0,2.931713581085205,0.4585493803024292,0.8599529266357422,-0.3771047294139862,475
population,13,carpet,48,2275,0.02076796069741249,0.024390079081058502,-2.891707181930542,0.006234224420040846,-22.582275390625,-7.0,7.0,2.788276195526123,0.4120262861251831,1.0101991891860962,-0.48105138540267944,476
population,13,carpet,49,2275,0.015243341214954853,0.017301686108112335,-2.9641077518463135,0.006227949168533087,-23.45351219177246,-7.0,7.0,2.776127338409424,0.375352680683136,0.9608116149902344,-0.47743716835975647,477
population,13,carpet,50,2275,0.026140330359339714,0.027225667610764503,-3.0749406814575195,0.00622168043628335,-24.333789825439453,-7.0,7.0,2.7448647022247314,0.5692499876022339,1.0204461812973022,-0.4805150032043457,478
individual,14,carpet,1,2450,0.02744663693010807,0.04021640494465828,-3.1596055030822754,0.0062788971699774265,-15.96353530883789,-7.0,7.0,2.898627519607544,0.3896852135658264,1.1063352823257446,-0.44860976934432983,479
individual,14,carpet,2,2450,0.04130880907177925,0.04423557221889496,-2.9961166381835938,0.006273725535720587,4.221615314483643,-7.0,7.0,2.8978257179260254,0.4950712025165558,1.4332025051116943,-0.5894583463668823,480
individual,14,carpet,3,2450,0.03352552652359009,0.04641704261302948,-2.90614652633667,0.006268797442317009,-2.163404703140259,-7.0,7.0,2.8926708698272705,0.4388037919998169,1.349359154701233,-0.5484367609024048,481
individual,14,carpet,4,2450,0.043059151619672775,0.03280891105532646,-3.1908767223358154,0.00626373291015625,-17.194093704223633,-7.0,7.0,3.0023131370544434,0.35486114025115967,1.0879076719284058,-0.4612659811973572,482
individual,14,carpet,5,2450,0.04314275085926056,0.05997375026345253,-3.183875560760498,0.006258546840399504,-6.862233638763428,-7.0,7.0,2.9350638389587402,0.317208856344223,1.2458685636520386,-0.5266218185424805,483
individual,14,carpet,6,2450,0.02716534025967121,0.03222731128334999,-2.868959426879883,0.006253251805901527,-15.299351692199707,-7.0,7.0,2.830080032348633,0.4062674343585968,1.1484639644622803,-0.4651976525783539,484
individual,14,carpet,7,2450,0.10667009651660919,0.07708212733268738,-2.836857318878174,0.006247860379517078,-6.931197166442871,-7.0,7.0,3.0053634643554688,0.46650728583335876,1.255932092666626,-0.5062376260757446,485
individual,14,carpet,8,2450,0.01909853145480156,0.03914884850382805,-2.9587132930755615,0.006242380943149328,-26.931995391845703,-7.0,7.0,3.067863702774048,0.3279297947883606,0.9229931831359863,-0.3841712176799774,486
individual,14,carpet,9,2450,0.052226267755031586,0.02266376093029976,-3.1640944480895996,0.00623682327568531,-21.728429794311523,-7.0,7.0,2.962411642074585,0.3409513831138611,1.0761982202529907,-0.42022624611854553,487
individual,14,carpet,10,2450,0.032305218279361725,0.042732346802949905,-3.1963284015655518,0.006231196224689484,-27.49041175842285,-7.0,7.0,2.9448370933532715,0.37812539935112,0.9343429803848267,-0.35264942049980164,488
individual,14,carpet,11,2450,0.020021699368953705,0.013604464940726757,-3.0823397636413574,0.006225508637726307,-32.580448150634766,-7.0,7.0,2.965963840484619,0.43125200271606445,0.8896090388298035,-0.3254310190677643,489
individual,14,carpet,12,2450,0.05997693911194801,0.04769269376993179,-3.0373964309692383,0.006219764240086079,-31.678241729736328,-7.0,7.0,3.027405023574829,0.32998842000961304,0.81820148229599,-0.30699998140335083,490
individual,14,carpet,13,2450,0.03821176290512085,0.0321965329349041,-2.9811995029449463,0.006213971879333258,-30.62643051147461,-7.0,7.0,2.7966372966766357,0.40693068504333496,0.9703384637832642,-0.33282002806663513,491
individual,14,carpet,14,2450,0.015293227508664131,0.02944803796708584,-3.0339810848236084,0.006208137143403292,-38.61081314086914,-7.0,7.0,3.0430238246917725,0.35781627893447876,0.7684727907180786,-0.3010648787021637,492
individual,14,carpet,15,2450,0.016245657578110695,0.016957275569438934,-3.1753363609313965,0.006202263757586479,-36.790565490722656,-7.0,7.0,3.034454345703125,0.43595999479293823,0.804024875164032,-0.29243752360343933,493
individual,14,carpet,16,2450,0.019441809505224228,0.03881331905722618,-3.1742098331451416,0.006196357775479555,-36.504913330078125,-7.0,7.0,2.893784761428833,0.43604910373687744,0.8638868927955627,-0.3194482624530792,494
individual,14,carpet,17,2450,0.020706336945295334,0.0312575027346611,-3.1939334869384766,0.006190421525388956,-37.438934326171875,-7.0,7.0,3.0252294540405273,0.3591552674770355,0.8108381628990173,-0.3121582567691803,495
individual,14,carpet,18,2450,0.013055773451924324,0.01445740181952715,-3.1303420066833496,0.0061844587326049805,-32.675045013427734,-7.0,7.0,3.038713216781616,0.4541972875595093,0.8581029176712036,-0.32434967160224915,496
individual,14,carpet,19,2450,0.022245915606617928,0.04841789975762367,-3.0424015522003174,0.006178475450724363,-39.892459869384766,-7.0,7.0,3.066347122192383,0.34996724128723145,0.737750232219696,-0.29660964012145996,497
individual,14,carpet,20,2450,0.02641408145427704,0.0234893336892128,-3.1323418617248535,0.006172471214085817,-28.875812530517578,-7.0,7.0,2.951892137527466,0.38539358973503113,0.9258937835693359,-0.3392295241355896,498
individual,14,carpet,21,2450,0.01867949403822422,0.03664379566907883,-3.234253168106079,0.006166449282318354,-30.421222686767578,-7.0,7.0,3.0190227031707764,0.4283035099506378,0.8621485829353333,-0.33813920617103577,499
individual,14,carpet,22,2450,0.017894556745886803,0.02735811099410057,-3.1447274684906006,0.006160412449389696,-28.765499114990234,-7.0,7.0,2.9937121868133545,0.41878825426101685,0.8677664995193481,-0.3398683965206146,500
individual,14,carpet,23,2450,0.015216927044093609,0.020426591858267784,-3.294288158416748,0.006154364440590143,-42.00063705444336,-7.0,7.0,3.1813764572143555,0.39367976784706116,0.7559653520584106,-0.3215380609035492,501
individual,14,carpet,24,2450,0.01776719093322754,0.02307264134287834,-3.1134026050567627,0.00614830432459712,-22.025127410888672,-7.0,7.0,3.0017545223236084,0.46499085426330566,0.9883552193641663,-0.39307764172554016,502
individual,14,carpet,25,2450,0.022233685478568077,0.028855804353952408,-3.06784725189209,0.006142235826700926,-21.402320861816406,-7.0,7.0,2.9551515579223633,0.4326719045639038,0.9607319831848145,-0.37312051653862,503
individual,14,carpet,26,2450,0.036330390721559525,0.029314685612916946,-3.1843056678771973,0.0061361584812402725,-23.749019622802734,-7.0,7.0,2.9913129806518555,0.5019413232803345,0.9561597108840942,-0.3759184777736664,504
individual,14,carpet,27,2450,0.018849406391382217,0.03856845200061798,-3.2310876846313477,0.0061300755478441715,-23.954334259033203,-7.0,7.0,3.059295177459717,0.4293869137763977,0.9197527170181274,-0.3707248866558075,505
individual,14,carpet,28,2450,0.016062136739492416,0.014905868098139763,-3.2600507736206055,0.006123989820480347,-30.826387405395508,-7.0,7.0,3.1277480125427246,0.29564422369003296,0.8486058115959167,-0.355792760848999,506
individual,14,carpet,29,2450,0.019359033554792404,0.024434123188257217,-3.1941182613372803,0.006117898505181074,-25.64215087890625,-7.0,7.0,3.109907627105713,0.38371461629867554,0.9078904390335083,-0.3632126450538635,507
individual,14,carpet,30,2450,0.012782345525920391,0.020043237134814262,-3.076345920562744,0.006111804395914078,-24.797794342041016,-7.0,7.0,2.9946398735046387,0.384173184633255,0.9298368692398071,-0.37260350584983826,508
individual,14,carpet,31,2450,0.026702895760536194,0.023043448105454445,-3.2428512573242188,0.006105710752308369,-26.415136337280273,-7.0,7.0,3.112971067428589,0.3866031765937805,0.8643721342086792,-0.36782965064048767,509
individual,14,carpet,32,2450,0.023739874362945557,0.016430538147687912,-3.160299777984619,0.006099614314734936,-27.659284591674805,-7.0,7.0,3.066035270690918,0.3275161385536194,0.9644412994384766,-0.38849398493766785,510
individual,14,carpet,33,2450,0.015292270109057426,0.01767364889383316,-3.099759340286255,0.00609351834282279,-23.6422061920166,-7.0,7.0,2.869175910949707,0.4281568229198456,0.9817012548446655,-0.396585077047348,511
individual,14,carpet,34,2450,0.021467356011271477,0.0242760106921196,-3.2870917320251465,0.0060874223709106445,-31.933826446533203,-7.0,7.0,3.2612593173980713,0.35391661524772644,0.7600100636482239,-0.33958348631858826,512
individual,14,carpet,35,2450,0.024825764819979668,0.017346208915114403,-3.2388460636138916,0.006081326864659786,-30.35223960876465,-7.0,7.0,3.0482373237609863,0.36895808577537537,0.8349976539611816,-0.36752915382385254,513
individual,14,carpet,36,2450,0.023185845464468002,0.02092948742210865,-3.2503721714019775,0.006075234618037939,-39.883480072021484,-7.0,7.0,3.138684034347534,0.4039723575115204,0.7329692244529724,-0.3343614637851715,514
individual,14,carpet,37,2450,0.0167038906365633,0.018496403470635414,-3.208613157272339,0.006069142371416092,-30.014690399169922,-7.0,7.0,3.071298360824585,0.3693332076072693,0.8019347786903381,-0.36116769909858704,515
individual,14,carpet,38,2450,0.01670539751648903,0.018473437055945396,-3.2269105911254883,0.006063053850084543,-32.427711486816406,-7.0,7.0,3.0965561866760254,0.3808399438858032,0.749904215335846,-0.3447396457195282,516
individual,14,carpet,39,2450,0.013971894048154354,0.014750810340046883,-3.2100000381469727,0.006056968122720718,-32.258338928222656,-7.0,7.0,3.080247163772583,0.3523934483528137,0.8249902129173279,-0.37410736083984375,517
individual,14,carpet,40,2450,0.01241635624319315,0.014447481371462345,-3.2415194511413574,0.006050885654985905,-31.411802291870117,-7.0,7.0,3.123098373413086,0.42061442136764526,0.7978259921073914,-0.3790610134601593,518
individual,14,carpet,41,2450,0.01627756841480732,0.01588159240782261,-3.389509439468384,0.006044806446880102,-36.85075378417969,-7.0,7.0,3.204164981842041,0.30623766779899597,0.6714045405387878,-0.32968267798423767,519
individual,14,carpet,42,2450,0.018626142293214798,0.01600002869963646,-3.2509024143218994,0.006038730498403311,-34.83611297607422,-7.0,7.0,3.096330165863037,0.3192737400531769,0.7973727583885193,-0.38457754254341125,520
individual,14,carpet,43,2450,0.01653287559747696,0.021292049437761307,-3.338858127593994,0.006032661069184542,-33.93159484863281,-7.0,7.0,3.1183853149414062,0.4491802752017975,0.7404472231864929,-0.3540330231189728,521
individual,14,carpet,44,2450,0.012339692562818527,0.018677987158298492,-3.312847375869751,0.0060265944339334965,-35.473628997802734,-7.0,7.0,3.218715190887451,0.33035263419151306,0.7383586168289185,-0.37714463472366333,522
individual,14,carpet,45,2450,0.011958596296608448,0.013697780668735504,-3.2345194816589355,0.006020531058311462,-28.866695404052734,-7.0,7.0,3.113607883453369,0.3589535355567932,0.8389708399772644,-0.403053343296051,523
individual,14,carpet,46,2450,0.017613708972930908,0.0169335026293993,-3.278595209121704,0.006014473736286163,-32.77946472167969,-7.0,7.0,3.066915988922119,0.468047171831131,0.8242899179458618,-0.3961554169654846,524
individual,14,carpet,47,2450,0.009616004303097725,0.010614778846502304,-3.2905325889587402,0.006008419673889875,-35.82158279418945,-7.0,7.0,3.174193859100342,0.3058692514896393,0.7699483633041382,-0.387897253036499,525
individual,14,carpet,48,2450,0.012953026220202446,0.016682153567671776,-3.3535280227661133,0.0060023716650903225,-24.814128875732422,-7.0,7.0,3.117126226425171,0.4631607234477997,0.8825525045394897,-0.4158739149570465,526
individual,14,carpet,49,2450,0.0145580368116498,0.017852308228611946,-3.338369607925415,0.005996330175548792,-30.2846622467041,-7.0,7.0,3.2226414680480957,0.3597621023654938,0.811822235584259,-0.412921279668808,527
individual,14,carpet,50,2450,0.013204861432313919,0.010455275885760784,-3.303471088409424,0.005990291479974985,-27.38526153564453,-7.0,7.0,3.1406211853027344,0.3934866189956665,0.8098858594894409,-0.40292826294898987,528
population,14,carpet,1,2450,0.023747382685542107,0.027228744700551033,-3.1184916496276855,0.006215417757630348,-22.156173706054688,-7.0,7.0,2.9049768447875977,0.4364596903324127,0.9808970093727112,-0.4620741307735443,479
population,14,carpet,2,2450,0.03448330610990524,0.028255051001906395,-3.0427725315093994,0.006209161598235369,-26.091087341308594,-7.0,7.0,2.99924373626709,0.3516599237918854,0.9124623537063599,-0.4436442255973816,480
population,14,carpet,3,2450,0.04644860699772835,0.0489347018301487,-2.9507298469543457,0.006202911492437124,-29.47265625,-7.0,7.0,2.924278736114502,0.340974360704422,0.8961897492408752,-0.44510290026664734,481
population,14,carpet,4,2450,0.013648645021021366,0.011920269578695297,-2.9971747398376465,0.006196667905896902,-22.653057098388672,-7.0,7.0,2.8493423461914062,0.38407719135284424,0.9665331244468689,-0.4636063873767853,482
population,14,carpet,5,2450,0.039514459669589996,0.032480739057064056,-3.2312231063842773,0.006190430372953415,-27.517024993896484,-7.0,7.0,2.9933159351348877,0.37302958965301514,0.8786417841911316,-0.40323421359062195,483
population,14,carpet,6,2450,0.02280719019472599,0.023427581414580345,-3.1604363918304443,0.00618419935926795,-30.314903259277344,-7.0,7.0,3.025412082672119,0.3573760986328125,0.8350889086723328,-0.3892976641654968,484
population,14,carpet,7,2450,0.014333159662783146,0.017995577305555344,-2.9825024604797363,0.00617797439917922,-35.055843353271484,-7.0,7.0,2.887718677520752,0.3024320602416992,0.8309908509254456,-0.3943065106868744,485
population,14,carpet,8,2450,0.05818870663642883,0.05792791396379471,-2.8971407413482666,0.006171755958348513,-28.11863899230957,-7.0,7.0,2.942647933959961,0.5238277316093445,0.8672057390213013,-0.3732467293739319,486
population,14,carpet,9,2450,0.023607106879353523,0.015473878011107445,-3.05411434173584,0.00616554357111454,-37.86846923828125,-7.0,7.0,2.950812816619873,0.31904393434524536,0.7410321831703186,-0.33477982878685,487
population,14,carpet,10,2450,0.036830246448516846,0.03378143534064293,-3.046505928039551,0.00615933770313859,-31.163969039916992,-7.0,7.0,2.7874083518981934,0.4511047899723053,0.8316196203231812,-0.3548089861869812,488
population,14,carpet,11,2450,0.05282602086663246,0.03720149025321007,-2.9471702575683594,0.006153137888759375,-38.65032196044922,-7.0,7.0,2.9581167697906494,0.46903836727142334,0.7352732419967651,-0.31060791015625,489
population,14,carpet,12,2450,0.03389372304081917,0.026453480124473572,-3.0155436992645264,0.006146944127976894,-35.655174255371094,-7.0,7.0,2.9687039852142334,0.4479754567146301,0.7274401783943176,-0.3089419901371002,490
population,14,carpet,13,2450,0.04761173576116562,0.040055133402347565,-3.2712438106536865,0.0061407568864524364,-42.84314727783203,-7.0,7.0,3.0634090900421143,0.36939436197280884,0.6188074350357056,-0.2662643492221832,491
population,14,carpet,14,2450,0.0494154691696167,0.03833231329917908,-3.198629140853882,0.0061345756985247135,-40.779327392578125,-7.0,7.0,2.9071133136749268,0.44307589530944824,0.6916715502738953,-0.27858778834342957,492
population,14,carpet,15,2450,0.02779431827366352,0.027200911194086075,-3.06284499168396,0.006128400564193726,-43.59313201904297,-7.0,7.0,3.026355504989624,0.36059531569480896,0.5895201563835144,-0.251231849193573,493
population,14,carpet,16,2450,0.06568233668804169,0.04375257343053818,-2.836872100830078,0.00612223194912076,-41.246429443359375,-7.0,7.0,2.915842294692993,0.3443571925163269,0.615870475769043,-0.2641395628452301,494
population,14,carpet,17,2450,0.01571029983460903,0.01163078099489212,-3.0935611724853516,0.006116069387644529,-40.51679992675781,-7.0,7.0,2.958012104034424,0.41690966486930847,0.6587224006652832,-0.26688316464424133,495
population,14,carpet,18,2450,0.060694728046655655,0.05049982666969299,-3.4529330730438232,0.006109913345426321,-35.5723876953125,-7.0,7.0,3.0881481170654297,0.29338178038597107,0.6641687750816345,-0.27289506793022156,496
population,14,carpet,19,2450,0.03901347145438194,0.02678840234875679,-3.2281532287597656,0.006103763356804848,-29.38452911376953,-7.0,7.0,2.960592031478882,0.41795021295547485,0.7238498330116272,-0.29181376099586487,497
population,14,carpet,20,2450,0.029425332322716713,0.02753063291311264,-3.012969970703125,0.006097619421780109,-30.756362915039062,-7.0,7.0,2.8882007598876953,0.5149781107902527,0.7445427179336548,-0.2940395474433899,498
population,14,carpet,21,2450,0.08360448479652405,0.0669248104095459,-2.8233399391174316,0.006091481540352106,-21.49972915649414,-7.0,7.0,2.928541898727417,0.44865942001342773,0.9342043995857239,-0.3533268868923187,499
population,14,carpet,22,2450,0.01733722724020481,0.015898559242486954,-3.1138641834259033,0.006085350178182125,-27.873369216918945,-7.0,7.0,3.0129761695861816,0.26854705810546875,0.8104569315910339,-0.3178721070289612,500
population,14,carpet,23,2450,0.027341466397047043,0.03193889185786247,-3.3240036964416504,0.006079227663576603,-23.0720157623291,-7.0,7.0,2.970235824584961,0.4718184173107147,0.9076262712478638,-0.3325716555118561,501
population,14,carpet,24,2450,0.06757602840662003,0.03718935698270798,-3.371744155883789,0.006073111202567816,-16.61746597290039,-7.0,7.0,3.0234131813049316,0.4387325644493103,0.9949979186058044,-0.366697758436203,502
population,14,carpet,25,2450,0.027934357523918152,0.036779679358005524,-3.125908613204956,0.006067001260817051,-5.868773937225342,-7.0,7.0,3.1118180751800537,0.33232712745666504,1.0515058040618896,-0.37730932235717773,503
population,14,carpet,26,2450,0.06089238077402115,0.044926900416612625,-3.073570966720581,0.006060897372663021,-20.84897804260254,-7.0,7.0,3.1148695945739746,0.3786124587059021,0.989592969417572,-0.35308703780174255,504
population,14,carpet,27,2450,0.046145666390657425,0.03913358226418495,-3.194035530090332,0.006054799538105726,-24.685876846313477,-7.0,7.0,3.097844123840332,0.4966951608657837,0.8533396124839783,-0.3226609528064728,505
population,14,carpet,28,2450,0.03193072974681854,0.03722589462995529,-3.371201276779175,0.006048707757145166,-16.48929214477539,-7.0,7.0,3.174020528793335,0.383841872215271,0.9900537133216858,-0.35101935267448425,506
population,14,carpet,29,2450,0.03552045300602913,0.018306158483028412,-3.369131088256836,0.0060426220297813416,-24.721759796142578,-7.0,7.0,3.089789867401123,0.32540059089660645,0.830165445804596,-0.31386157870292664,507
population,14,carpet,30,2450,0.013439345173537731,0.02030077576637268,-3.215700626373291,0.006036542821675539,-25.794174194335938,-7.0,7.0,3.0581352710723877,0.44325822591781616,0.8604944348335266,-0.3283074200153351,508
population,14,carpet,31,2450,0.02702331356704235,0.022126637399196625,-3.1603527069091797,0.006030469201505184,-31.64426040649414,-7.0,7.0,3.0108442306518555,0.46670305728912354,0.8553558588027954,-0.30355948209762573,509
population,14,carpet,32,2450,0.030986005440354347,0.021091431379318237,-3.1316184997558594,0.006024402100592852,-26.931581497192383,-7.0,7.0,3.022969961166382,0.3555147349834442,0.7997296452522278,-0.3192839026451111,510
population,14,carpet,33,2450,0.016678273677825928,0.013533666729927063,-3.2691831588745117,0.006018341053277254,-23.904178619384766,-7.0,7.0,3.088273286819458,0.28706860542297363,0.8240289688110352,-0.3235369622707367,511
population,14,carpet,34,2450,0.014745594933629036,0.013659664429724216,-3.4571523666381836,0.006012286059558392,-29.515121459960938,-7.0,7.0,3.199277639389038,0.423525869846344,0.79193115234375,-0.2967677712440491,512
population,14,carpet,35,2450,0.0368850976228714,0.023583225905895233,-3.363615036010742,0.006006237119436264,-30.361886978149414,-7.0,7.0,3.083350896835327,0.38680145144462585,0.7932524085044861,-0.3196866512298584,513
population,14,carpet,36,2450,0.020172297954559326,0.01856203004717827,-3.2490017414093018,0.0060001942329108715,-30.427928924560547,-7.0,7.0,3.061892509460449,0.3802180290222168,0.8217917680740356,-0.31787732243537903,514
population,14,carpet,37,2450,0.024675419554114342,0.023251157253980637,-3.2140204906463623,0.005994157399982214,-30.56820297241211,-7.0,7.0,3.1093242168426514,0.3288707435131073,0.7679510116577148,-0.3111427128314972,515
population,14,carpet,38,2450,0.04281199350953102,0.02607620507478714,-3.161562204360962,0.0059881266206502914,-24.476341247558594,-7.0,7.0,3.1048004627227783,0.4058483839035034,0.8559266328811646,-0.31686335802078247,516
population,14,carpet,39,2450,0.014778605662286282,0.018227487802505493,-3.3062238693237305,0.005982101894915104,-30.25094985961914,-7.0,7.0,3.0557429790496826,0.4500073492527008,0.8280343413352966,-0.3076878488063812,517
population,14,carpet,40,2450,0.025179386138916016,0.019479012116789818,-3.3130059242248535,0.005976083222776651,-27.745285034179688,-7.0,7.0,3.0062596797943115,0.403514564037323,0.8547975420951843,-0.3347361385822296,518
population,14,carpet,41,2450,0.017799818888306618,0.023635180667042732,-3.2911252975463867,0.005970071069896221,-29.663419723510742,-7.0,7.0,3.2403957843780518,0.39193934202194214,0.792492687702179,-0.2940610945224762,519
population,14,carpet,42,2450,0.025561625137925148,0.024696769192814827,-3.3574838638305664,0.005964064504951239,-24.40771484375,-7.0,7.0,3.2293593883514404,0.4486093521118164,0.8511351943016052,-0.3226974904537201,520
population,14,carpet,43,2450,0.01570373773574829,0.015266124159097672,-3.3862836360931396,0.005958063993602991,-25.867475509643555,-7.0,7.0,3.2068562507629395,0.3215184509754181,0.8519189953804016,-0.3336772322654724,521
population,14,carpet,44,2450,0.021582992747426033,0.029238944873213768,-3.4252450466156006,0.005952069535851479,-23.903396606445312,-7.0,7.0,3.0742576122283936,0.4584766626358032,0.9230239987373352,-0.37053802609443665,522
population,14,carpet,45,2450,0.015347257256507874,0.012715145014226437,-3.483414649963379,0.005946081131696701,-28.86270523071289,-7.0,7.0,3.2676708698272705,0.4123587906360626,0.8429908156394958,-0.32712578773498535,523
population,14,carpet,46,2450,0.011542067863047123,0.014928256161510944,-3.41277813911438,0.0059400987811386585,-30.691783905029297,-7.0,7.0,3.2347240447998047,0.4015803635120392,0.81346595287323,-0.32456615567207336,524
population,14,carpet,47,2450,0.01643197610974312,0.022594355046749115,-3.240899085998535,0.005934122484177351,-16.708511352539062,-7.0,7.0,3.04140305519104,0.44259145855903625,1.0107533931732178,-0.4107415974140167,525
population,14,carpet,48,2450,0.020700857043266296,0.018376478925347328,-3.4507322311401367,0.0059281522408127785,-25.15822410583496,-7.0,7.0,3.269700527191162,0.4133762717247009,0.9217950701713562,-0.38898560404777527,526
population,14,carpet,49,2450,0.01761666126549244,0.021397555246949196,-3.429180383682251,0.005922188051044941,-34.849090576171875,-7.0,7.0,3.261376142501831,0.3012673854827881,0.7632588148117065,-0.344074547290802,527
population,14,carpet,50,2450,0.022962190210819244,0.021173816174268723,-3.433382511138916,0.005916229914873838,-24.571369171142578,-7.0,7.0,3.2068116664886475,0.48391005396842957,1.0151616334915161,-0.4214247167110443,528
individual,15,carpet,1,2625,0.022263867780566216,0.021285664290189743,-3.305140733718872,0.005984258837997913,-31.190841674804688,-7.0,7.0,3.1890041828155518,0.39028239250183105,0.7847708463668823,-0.379326730966568,529
individual,15,carpet,2,2625,0.018527017906308174,0.013827448710799217,-3.388486385345459,0.005978232249617577,-37.17472839355469,-7.0,7.0,3.2718474864959717,0.36740875244140625,0.7102599740028381,-0.362074613571167,530
individual,15,carpet,3,2625,0.012280367314815521,0.017645811662077904,-3.423217296600342,0.005972209386527538,-30.48782730102539,-7.0,7.0,3.231294870376587,0.3942217230796814,0.7916521430015564,-0.38704267144203186,531
individual,15,carpet,4,2625,0.014133316464722157,0.014460534788668156,-3.3888938426971436,0.005966192111372948,-32.99440002441406,-7.0,7.0,3.2349050045013428,0.2252548784017563,0.7798357605934143,-0.374917596578598,532
individual,15,carpet,5,2625,0.014998049475252628,0.014952100813388824,-3.4517369270324707,0.005960180889815092,-39.52024459838867,-7.0,7.0,3.306065320968628,0.3204689621925354,0.6292734146118164,-0.3376741111278534,533
individual,15,carpet,6,2625,0.012720429338514805,0.012321121990680695,-3.406252861022949,0.0059541757218539715,-40.452125549316406,-7.0,7.0,3.250122547149658,0.3921004831790924,0.6654276251792908,-0.3384614884853363,534
individual,15,carpet,7,2625,0.02113456279039383,0.01925038732588291,-3.3532893657684326,0.005948177073150873,-29.387958526611328,-7.0,7.0,3.2527151107788086,0.3645157814025879,0.8146727681159973,-0.39455604553222656,535
individual,15,carpet,8,2625,0.01120669860392809,0.013467961922287941,-3.495244026184082,0.005942184012383223,-29.91292953491211,-7.0,7.0,3.304246425628662,0.2781607508659363,0.7945067286491394,-0.39811912178993225,536
individual,15,carpet,9,2625,0.01535721868276596,0.014192931354045868,-3.537151575088501,0.005936197005212307,-30.77381134033203,-7.0,7.0,3.2445974349975586,0.5126936435699463,0.757266640663147,-0.37728479504585266,537
individual,15,carpet,10,2625,0.017583930864930153,0.016674064099788666,-3.435805559158325,0.005930216051638126,-29.964580535888672,-7.0,7.0,3.2050931453704834,0.33274734020233154,0.7914443016052246,-0.37309765815734863,538
individual,15,carpet,11,2625,0.020321372896432877,0.019222885370254517,-3.3977181911468506,0.005924238357692957,-30.91507339477539,-7.0,7.0,3.235011339187622,0.4449285864830017,0.7958969473838806,-0.3845590651035309,539
individual,15,carpet,12,2625,0.022805457934737206,0.027610521763563156,-3.401319742202759,0.0059182667173445225,-33.35634231567383,-7.0,7.0,3.3154258728027344,0.29689761996269226,0.8066657185554504,-0.37130966782569885,540
individual,15,carpet,13,2625,0.015887850895524025,0.016275623813271523,-3.4934167861938477,0.005912301130592823,-22.981719970703125,-7.0,7.0,3.1949000358581543,0.434441477060318,0.8701816201210022,-0.4253920912742615,541
individual,15,carpet,14,2625,0.02244006283581257,0.023597538471221924,-3.516197919845581,0.005906341597437859,-30.608064651489258,-7.0,7.0,3.271618127822876,0.36571356654167175,0.7935498952865601,-0.4104026257991791,542
individual,15,carpet,15,2625,0.01609867252409458,0.015598286874592304,-3.5150036811828613,0.005900388117879629,-29.108322143554688,-7.0,7.0,3.3390657901763916,0.34399834275245667,0.7949828505516052,-0.4534795880317688,543
individual,15,carpet,16,2625,0.011707209050655365,0.01359926164150238,-3.4341166019439697,0.005894440226256847,-28.50436782836914,-7.0,7.0,3.261575222015381,0.4013045132160187,0.9055932760238647,-0.4474372863769531,544
individual,15,carpet,17,2625,0.011343968100845814,0.01440200861543417,-3.461491823196411,0.005888498853892088,-32.55109786987305,-7.0,7.0,3.336113452911377,0.35485759377479553,0.7636438608169556,-0.4173596203327179,545
individual,15,carpet,18,2625,0.014991266652941704,0.01593826338648796,-3.522291898727417,0.005882563069462776,-18.932252883911133,-7.0,7.0,3.285977840423584,0.4154580235481262,0.9712715744972229,-0.4753037989139557,546
individual,15,carpet,19,2625,0.01328623853623867,0.012736966833472252,-3.5062930583953857,0.005876633338630199,-24.65667152404785,-7.0,7.0,3.3162035942077637,0.43906861543655396,0.8772339820861816,-0.42221686244010925,547
individual,15,carpet,20,2625,0.017598167061805725,0.01678227074444294,-3.530553102493286,0.005870710127055645,-26.52678108215332,-7.0,7.0,3.3392651081085205,0.37203484773635864,0.8657762408256531,-0.4635072648525238,548
individual,15,carpet,21,2625,0.006910900119692087,0.008551635779440403,-3.5056498050689697,0.005864792037755251,-36.96623229980469,-7.0,7.0,3.3640756607055664,0.4095168113708496,0.7901285290718079,-0.4249384105205536,549
individual,15,carpet,22,2625,0.01750193163752556,0.018311109393835068,-3.514742374420166,0.005858880467712879,-21.198259353637695,-7.0,7.0,3.3450775146484375,0.3739928603172302,0.8998648524284363,-0.41649943590164185,550
individual,15,carpet,23,2625,0.026229608803987503,0.0239042267203331,-3.5684754848480225,0.005852974951267242,-23.28180503845215,-7.0,7.0,3.425570249557495,0.35702815651893616,0.8826691508293152,-0.43588098883628845,551
individual,15,carpet,24,2625,0.02336355857551098,0.024655956774950027,-3.636898994445801,0.005847075022757053,-25.90195083618164,-7.0,7.0,3.3820204734802246,0.4605100154876709,0.8630487322807312,-0.4086022973060608,552
individual,15,carpet,25,2625,0.023654621094465256,0.02528943307697773,-3.5573432445526123,0.005841181147843599,-34.368953704833984,-7.0,7.0,3.3127951622009277,0.37560930848121643,0.7923199534416199,-0.3934672772884369,553
individual,15,carpet,26,2625,0.03161333128809929,0.028233245015144348,-3.4123051166534424,0.00583529332652688,-26.849687576293945,-7.0,7.0,3.374213218688965,0.3409683108329773,0.8470249176025391,-0.4080096185207367,554
individual,15,carpet,27,2625,0.02851983904838562,0.03148869052529335,-3.5554630756378174,0.005829411093145609,-35.903934478759766,-7.0,7.0,3.509108066558838,0.31807300448417664,0.7160487174987793,-0.4066832959651947,555
individual,15,carpet,28,2625,0.015291020274162292,0.0170584749430418,-3.6181704998016357,0.0058235349133610725,-26.88560676574707,-7.0,7.0,3.4728798866271973,0.3573223352432251,0.8310602903366089,-0.41361090540885925,556
individual,15,carpet,29,2625,0.030217833817005157,0.03101102076470852,-3.7697598934173584,0.005817664787173271,-29.66384506225586,-7.0,7.0,3.4505550861358643,0.45478543639183044,0.7767457962036133,-0.4222317337989807,557
individual,15,carpet,30,2625,0.019689176231622696,0.019806725904345512,-3.628830909729004,0.005811800714582205,-35.964393615722656,-7.0,7.0,3.4023923873901367,0.422324538230896,0.7431851625442505,-0.41487255692481995,558
individual,15,carpet,31,2625,0.02601100690662861,0.02026805281639099,-3.4499902725219727,0.005805942229926586,-30.37410545349121,-7.0,7.0,3.3834893703460693,0.33703404664993286,0.8200898170471191,-0.434346467256546,559
individual,15,carpet,32,2625,0.03375789895653725,0.04223133996129036,-3.5265350341796875,0.0058000897988677025,-28.011140823364258,-7.0,7.0,3.488422393798828,0.4981231093406677,0.8188830614089966,-0.45592808723449707,560
individual,15,carpet,33,2625,0.04538435488939285,0.023084567859768867,-3.7114968299865723,0.005794243421405554,-31.044017791748047,-7.0,7.0,3.3926544189453125,0.3530135452747345,0.8430190682411194,-0.4380788803100586,561
individual,15,carpet,34,2625,0.02126915752887726,0.027944503352046013,-3.6882247924804688,0.005788405891507864,-31.21084213256836,-7.0,7.0,3.4526662826538086,0.4498905837535858,0.8974295854568481,-0.4557032585144043,562
individual,15,carpet,35,2625,0.0287968497723341,0.02919473871588707,-3.618551015853882,0.0057825734838843346,-22.875822067260742,-7.0,7.0,3.4188055992126465,0.4067300856113434,0.857338011264801,-0.4143330156803131,563
individual,15,carpet,36,2625,0.022165879607200623,0.020203527063131332,-3.4582936763763428,0.0057767475955188274,-26.8537540435791,-7.0,7.0,3.360351800918579,0.4297286570072174,0.8870078325271606,-0.41502508521080017,564
individual,15,carpet,37,2625,0.03903771936893463,0.07025559991598129,-3.43277907371521,0.005770927295088768,-20.081018447875977,-7.0,7.0,3.454117774963379,0.34347304701805115,1.0018960237503052,-0.4478796124458313,565
individual,15,carpet,38,2625,0.04657363519072533,0.020267462357878685,-3.8160829544067383,0.005765113048255444,-21.620498657226562,-7.0,7.0,3.478347063064575,0.3000795543193817,0.9879668354988098,-0.4414677917957306,566
individual,15,carpet,39,2625,0.0277787484228611,0.04350968077778816,-3.763496160507202,0.005759304389357567,-17.035036087036133,-7.0,7.0,3.442197799682617,0.4804493188858032,1.0791901350021362,-0.4437878727912903,567
individual,15,carpet,40,2625,0.026080558076500893,0.02818639576435089,-3.5848946571350098,0.005753501784056425,-10.175107955932617,-7.0,7.0,3.3296382427215576,0.5177907943725586,1.1171458959579468,-0.4304957091808319,568
individual,15,carpet,41,2625,0.03626570105552673,0.030011609196662903,-3.5257863998413086,0.005747705232352018,-21.84927749633789,-7.0,7.0,3.4710097312927246,0.3754431903362274,0.9598204493522644,-0.41148853302001953,569
individual,15,carpet,42,2625,0.02404956705868244,0.06355208903551102,-3.4794626235961914,0.005741914268583059,-18.556488037109375,-7.0,7.0,3.4098732471466064,0.43806761503219604,1.0547269582748413,-0.43686002492904663,570
individual,15,carpet,43,2625,0.050062067806720734,0.021079348400235176,-3.8383548259735107,0.005736128892749548,-12.6644926071167,-7.0,7.0,3.4938783645629883,0.4325985610485077,1.2332191467285156,-0.49085164070129395,571
individual,15,carpet,44,2625,0.022327622398734093,0.04354437440633774,-3.8408522605895996,0.005730349570512772,-5.349068641662598,-7.0,7.0,3.531132936477661,0.4682939946651459,1.221572995185852,-0.4868026673793793,572
individual,15,carpet,45,2625,0.02763489820063114,0.03220748156309128,-3.563657760620117,0.00572457630187273,-12.162483215332031,-7.0,7.0,3.3796041011810303,0.38287487626075745,1.1573097705841064,-0.4948749542236328,573
individual,15,carpet,46,2625,0.06801087409257889,0.05778653547167778,-3.501166820526123,0.0057189748622477055,-3.63392972946167,-7.0,7.0,3.4422805309295654,0.5357104539871216,1.2729204893112183,-0.48483771085739136,574
individual,15,carpet,47,2625,0.021096600219607353,0.028162937611341476,-3.56559419631958,0.005713362712413073,-14.932254791259766,-7.0,7.0,3.4858245849609375,0.4073460102081299,1.151343584060669,-0.48275914788246155,575
individual,15,carpet,48,2625,0.04959043115377426,0.02284110337495804,-3.696901321411133,0.0057077426463365555,-23.144371032714844,-7.0,7.0,3.4712424278259277,0.2883848249912262,1.066200852394104,-0.4890148639678955,576
individual,15,carpet,49,2625,0.008854574523866177,0.02364930510520935,-3.623107433319092,0.005702111404389143,-13.955377578735352,-7.0,7.0,3.5048322677612305,0.3676314651966095,1.168335199356079,-0.49706289172172546,577
individual,15,carpet,50,2625,0.024853156879544258,0.025790182873606682,-3.593935012817383,0.00569647504016757,-19.25067901611328,-7.0,7.0,3.521268129348755,0.40079471468925476,1.0949970483779907,-0.49267345666885376,578
population,15,carpet,1,2625,0.012447522953152657,0.021126016974449158,-3.2631351947784424,0.005910277366638184,-18.498950958251953,-7.0,7.0,3.1260485649108887,0.42216166853904724,0.9624471068382263,-0.4040851593017578,529
population,15,carpet,2,2625,0.01776774786412716,0.013504713773727417,-3.408234119415283,0.005904334131628275,-36.18392562866211,-7.0,7.0,3.2161641120910645,0.3670985698699951,0.7730132341384888,-0.3332866132259369,530
population,15,carpet,3,2625,0.016316184774041176,0.012814974412322044,-3.489109516143799,0.005898396484553814,-35.65279006958008,-7.0,7.0,3.3638577461242676,0.35497018694877625,0.7728639841079712,-0.33017030358314514,531
population,15,carpet,4,2625,0.01627114601433277,0.02550651878118515,-3.257378101348877,0.005892464891076088,-18.35281753540039,-7.0,7.0,2.9894580841064453,0.5140299201011658,1.0163248777389526,-0.4062826931476593,532
population,15,carpet,5,2625,0.017358917742967606,0.017493845894932747,-3.2896623611450195,0.005886539351195097,-31.172012329101562,-7.0,7.0,3.207704782485962,0.2926274538040161,0.8362017869949341,-0.3779661953449249,533
population,15,carpet,6,2625,0.017386872321367264,0.017942430451512337,-3.280172348022461,0.005880619864910841,-33.14192199707031,-7.0,7.0,3.107232093811035,0.4564436674118042,0.844190776348114,-0.35259151458740234,534
population,15,carpet,7,2625,0.02339073084294796,0.02505502477288246,-3.366270065307617,0.005874705966562033,-32.72695541381836,-7.0,7.0,3.1910789012908936,0.40060725808143616,0.7662585973739624,-0.3177362382411957,535
population,15,carpet,8,2625,0.02861938066780567,0.03360294923186302,-3.4565794467926025,0.005868798121809959,-40.19470977783203,-7.0,7.0,3.2282590866088867,0.40615978837013245,0.7037127614021301,-0.30785128474235535,536
population,15,carpet,9,2625,0.010815434157848358,0.012310975231230259,-3.3941638469696045,0.005862896330654621,-33.044498443603516,-7.0,7.0,3.136975049972534,0.44032663106918335,0.8127872347831726,-0.3252055048942566,537
population,15,carpet,10,2625,0.01866617240011692,0.015106483362615108,-3.4181649684906006,0.005857000593096018,-33.18864059448242,-7.0,7.0,3.2802023887634277,0.35240715742111206,0.7238675355911255,-0.2923469543457031,538
population,15,carpet,11,2625,0.015102433040738106,0.0166335366666317,-3.479379177093506,0.0058511109091341496,-35.90157699584961,-7.0,7.0,3.3203792572021484,0.3806523382663727,0.7306082844734192,-0.2740115225315094,539
population,15,carpet,12,2625,0.022226111963391304,0.019074413925409317,-3.468113422393799,0.005845226813107729,-37.55013656616211,-7.0,7.0,3.2078163623809814,0.4502750635147095,0.7116004228591919,-0.25264161825180054,540
population,15,carpet,13,2625,0.011365569196641445,0.010896063409745693,-3.529536724090576,0.005839348770678043,-35.609432220458984,-7.0,7.0,3.3136463165283203,0.3795062303543091,0.7770882248878479,-0.29370012879371643,541
population,15,carpet,14,2625,0.02071344293653965,0.020408688113093376,-3.567904472351074,0.0058334763161838055,-31.43863296508789,-7.0,7.0,3.3438308238983154,0.4575442671775818,0.7924079895019531,-0.29816165566444397,542
population,15,carpet,15,2625,0.017974399030208588,0.016420669853687286,-3.5298240184783936,0.00582761038094759,-33.199588775634766,-7.0,7.0,3.2966690063476562,0.4142913818359375,0.7545329928398132,-0.2829274535179138,543
population,15,carpet,16,2625,0.006758952047675848,0.008649165742099285,-3.3557591438293457,0.005821750033646822,-32.42314529418945,-7.0,7.0,3.1591289043426514,0.41399213671684265,0.796028733253479,-0.3079684376716614,544
population,15,carpet,17,2625,0.010305223055183887,0.010948187671601772,-3.5652551651000977,0.005815895274281502,-33.05509567260742,-7.0,7.0,3.3946237564086914,0.4456336498260498,0.7458623647689819,-0.2623254656791687,545
population,15,carpet,18,2625,0.019419051706790924,0.01697537675499916,-3.433579683303833,0.0058100465685129166,-29.791828155517578,-7.0,7.0,3.23248028755188,0.502299427986145,0.7825602889060974,-0.28551027178764343,546
population,15,carpet,19,2625,0.024377085268497467,0.02366362139582634,-3.4190125465393066,0.005804203916341066,-31.84363555908203,-7.0,7.0,3.217819929122925,0.5026674866676331,0.8074076771736145,-0.30934903025627136,547
population,15,carpet,20,2625,0.021517712622880936,0.019044751301407814,-3.5220417976379395,0.005798367317765951,-34.53709411621094,-7.0,7.0,3.4127204418182373,0.27601030468940735,0.6899451017379761,-0.2640519440174103,548
population,15,carpet,21,2625,0.020934535190463066,0.019625011831521988,-3.612490653991699,0.005792536307126284,-33.12702941894531,-7.0,7.0,3.2798078060150146,0.39602917432785034,0.8397563695907593,-0.32083502411842346,549
population,15,carpet,22,2625,0.017943555489182472,0.013849839568138123,-3.594538688659668,0.005786711350083351,-32.53915786743164,-7.0,7.0,3.39172625541687,0.43376249074935913,0.8015240430831909,-0.29344433546066284,550
population,15,carpet,23,2625,0.01868094503879547,0.015191417187452316,-3.615896701812744,0.005780891980975866,-31.30854034423828,-7.0,7.0,3.366250514984131,0.41824620962142944,0.8206573724746704,-0.30575063824653625,551
population,15,carpet,24,2625,0.04002169519662857,0.036230459809303284,-3.4331462383270264,0.0057750786654651165,-25.68318748474121,-7.0,7.0,3.2940165996551514,0.49514105916023254,0.881809651851654,-0.3391748368740082,552
population,15,carpet,25,2625,0.01460929587483406,0.012788023799657822,-3.544896125793457,0.005769270937889814,-31.741527557373047,-7.0,7.0,3.4207000732421875,0.40284204483032227,0.7966886758804321,-0.34277287125587463,553
population,15,carpet,26,2625,0.02054816670715809,0.020425690338015556,-3.6732523441314697,0.005763469263911247,-29.8197078704834,-7.0,7.0,3.401679515838623,0.32058629393577576,0.8422805666923523,-0.3243781626224518,554
population,15,carpet,27,2625,0.020431751385331154,0.01965106464922428,-3.6392972469329834,0.005757673643529415,-28.953977584838867,-7.0,7.0,3.3916239738464355,0.38747021555900574,0.841282844543457,-0.3295777440071106,555
population,15,carpet,28,2625,0.02381984330713749,0.02225521393120289,-3.5140297412872314,0.005751883611083031,-22.7552490234375,-7.0,7.0,3.349374771118164,0.4882279634475708,0.9299845695495605,-0.35967692732810974,556
population,15,carpet,29,2625,0.022571302950382233,0.022542830556631088,-3.5735039710998535,0.005746099166572094,-24.801467895507812,-7.0,7.0,3.4452102184295654,0.4102270007133484,0.9056764841079712,-0.3773842751979828,557
population,15,carpet,30,2625,0.012834182009100914,0.014951290562748909,-3.537388801574707,0.005740320775657892,-24.614788055419922,-7.0,7.0,3.2669098377227783,0.46419721841812134,0.9094135165214539,-0.3722173869609833,558
population,15,carpet,31,2625,0.016365697607398033,0.014975976198911667,-3.5018715858459473,0.0057345484383404255,-16.628204345703125,-7.0,7.0,3.219794273376465,0.5096760988235474,1.015745997428894,-0.3860810101032257,559
population,15,carpet,32,2625,0.017861302942037582,0.01689770631492138,-3.5581114292144775,0.0057287816889584064,-22.820146560668945,-7.0,7.0,3.3959097862243652,0.4601624011993408,0.9368626475334167,-0.37731125950813293,560
population,15,carpet,33,2625,0.010301045142114162,0.008854801766574383,-3.570571184158325,0.005723020527511835,-17.267501831054688,-7.0,7.0,3.366170883178711,0.4281153976917267,0.9345157742500305,-0.4049281179904938,561
population,15,carpet,34,2625,0.022028660401701927,0.0178874209523201,-3.6979312896728516,0.005717265419661999,-18.940580368041992,-7.0,7.0,3.437990188598633,0.4072272777557373,0.9596983194351196,-0.3938302993774414,562
population,15,carpet,35,2625,0.029442939907312393,0.024711590260267258,-3.7096219062805176,0.005711518693715334,-14.888908386230469,-7.0,7.0,3.435023069381714,0.380257248878479,1.0243271589279175,-0.4296684265136719,563
population,15,carpet,36,2625,0.021705886349081993,0.022189075127243996,-3.5346786975860596,0.005705777555704117,-23.29082489013672,-7.0,7.0,3.3768739700317383,0.4043300449848175,0.9201733469963074,-0.3932247459888458,564
population,15,carpet,37,2625,0.01757751777768135,0.014697268605232239,-3.5805141925811768,0.005700042471289635,-25.306194305419922,-7.0,7.0,3.432246208190918,0.2946453392505646,0.9175807237625122,-0.4056047797203064,565
population,15,carpet,38,2625,0.017566291615366936,0.01671658642590046,-3.6117630004882812,0.005694313440471888,-21.238460540771484,-7.0,7.0,3.4308459758758545,0.3895406723022461,0.9560858011245728,-0.4144764244556427,566
population,15,carpet,39,2625,0.018555495887994766,0.016815055161714554,-3.813204288482666,0.005688589531928301,-30.221923828125,-7.0,7.0,3.509673595428467,0.39992544054985046,0.9166128039360046,-0.40040990710258484,567
population,15,carpet,40,2625,0.025801073759794235,0.01974680833518505,-3.7206435203552246,0.005682871676981449,-26.209945678710938,-7.0,7.0,3.4327268600463867,0.47793909907341003,0.9599434733390808,-0.41470256447792053,568
population,15,carpet,41,2625,0.01462677214294672,0.01560298539698124,-3.5888452529907227,0.005677159875631332,-21.03122329711914,-7.0,7.0,3.417931079864502,0.4230225384235382,0.9989531636238098,-0.42652273178100586,569
population,15,carpet,42,2625,0.01496781688183546,0.013021590188145638,-3.6450917720794678,0.005671453196555376,-18.29049301147461,-7.0,7.0,3.4804437160491943,0.3538532257080078,1.0115253925323486,-0.4402119815349579,570
population,15,carpet,43,2625,0.022647984325885773,0.02123590186238289,-3.5459368228912354,0.005665752571076155,-24.430492401123047,-7.0,7.0,3.4064087867736816,0.43876561522483826,0.9438000917434692,-0.4191339910030365,571
population,15,carpet,44,2625,0.020659932866692543,0.01866089552640915,-3.5895986557006836,0.005660057999193668,-28.80154037475586,-7.0,7.0,3.3783013820648193,0.4540882110595703,0.855164647102356,-0.4024409353733063,572
population,15,carpet,45,2625,0.029278697445988655,0.023939181119203568,-3.7812559604644775,0.005654368549585342,-26.859756469726562,-7.0,7.0,3.515286684036255,0.39696958661079407,0.9018874764442444,-0.4137573838233948,573
population,15,carpet,46,2625,0.01662837527692318,0.014076413586735725,-3.7324395179748535,0.0056486851535737514,-32.117671966552734,-7.0,7.0,3.5449399948120117,0.3390278220176697,0.8284002542495728,-0.38283899426460266,574
population,15,carpet,47,2625,0.02574809640645981,0.02041761577129364,-3.4710428714752197,0.005643007345497608,-32.605506896972656,-7.0,7.0,3.4370336532592773,0.34895503520965576,0.8525086045265198,-0.40007540583610535,575
population,15,carpet,48,2625,0.031151078641414642,0.021618247032165527,-3.544088363647461,0.0056373355910182,-30.66177749633789,-7.0,7.0,3.4257054328918457,0.34741130471229553,0.8096528053283691,-0.39863401651382446,576
population,15,carpet,49,2625,0.02327590063214302,0.020176321268081665,-3.8092992305755615,0.005631668958812952,-29.980255126953125,-7.0,7.0,3.533109664916992,0.4325307011604309,0.8555272221565247,-0.40580907464027405,577
population,15,carpet,50,2625,0.03694368898868561,0.025150394067168236,-3.797057628631592,0.005626008380204439,-27.005125045776367,-7.0,7.0,3.4959747791290283,0.389733225107193,0.8942631483078003,-0.423313170671463,578
individual,16,carpet,1,2800,0.043761104345321655,0.059454627335071564,-3.4340732097625732,0.005690833553671837,-12.498614311218262,-7.0,7.0,3.5144753456115723,0.4034239947795868,1.0629675388336182,-0.49290892481803894,579
individual,16,carpet,2,2800,0.030116479843854904,0.031756240874528885,-3.5287559032440186,0.005685186479240656,-20.36199378967285,-7.0,7.0,3.4798197746276855,0.3304087519645691,1.0002108812332153,-0.5078673362731934,580
individual,16,carpet,3,2800,0.0300003569573164,0.015698332339525223,-3.6730661392211914,0.005679537076503038,-33.768516540527344,-7.0,7.0,3.503109931945801,0.3656972646713257,0.8925643563270569,-0.4004683792591095,581
individual,16,carpet,4,2800,0.02812320552766323,0.04887048155069351,-3.786259174346924,0.005673884879797697,-21.880130767822266,-7.0,7.0,3.550076484680176,0.4076771140098572,0.9950569272041321,-0.43193477392196655,582
individual,16,carpet,5,2800,0.02830820344388485,0.016043590381741524,-3.5948312282562256,0.0056682308204472065,-24.189918518066406,-7.0,7.0,3.572965383529663,0.4685336947441101,0.9830967783927917,-0.47986486554145813,583
individual,16,carpet,6,2800,0.01923067308962345,0.024802854284644127,-3.539608955383301,0.005662576295435429,-27.81484603881836,-7.0,7.0,3.554409980773926,0.3034808933734894,0.9381527900695801,-0.45619699358940125,584
individual,16,carpet,7,2800,0.021228495985269547,0.037313494831323624,-3.6019115447998047,0.005656922701746225,-36.980648040771484,-7.0,7.0,3.5336062908172607,0.34534043073654175,0.7663868069648743,-0.37825170159339905,585
individual,16,carpet,8,2800,0.027507878839969635,0.029027560725808144,-3.7951650619506836,0.005651268642395735,-20.656490325927734,-7.0,7.0,3.6287455558776855,0.4102690517902374,1.0087870359420776,-0.44319790601730347,586
individual,16,carpet,9,2800,0.028606006875634193,0.0433732308447361,-3.812460422515869,0.005645615514367819,-28.801734924316406,-7.0,7.0,3.593916177749634,0.3811555802822113,0.8811858296394348,-0.40848371386528015,587
individual,16,carpet,10,2800,0.019306277856230736,0.020911630243062973,-3.7133331298828125,0.005639965180307627,-28.353046417236328,-7.0,7.0,3.4578371047973633,0.44992709159851074,0.9143276214599609,-0.36893367767333984,588
individual,16,carpet,11,2800,0.022691169753670692,0.022682882845401764,-3.8530428409576416,0.005634314846247435,-24.56147575378418,-7.0,7.0,3.7280166149139404,0.34567445516586304,0.9667810797691345,-0.3815065026283264,589
individual,16,carpet,12,2800,0.028631802648305893,0.031478434801101685,-3.7717275619506836,0.005628667771816254,-28.00774383544922,-7.0,7.0,3.6656620502471924,0.3533008098602295,1.0442644357681274,-0.3842619061470032,590
individual,16,carpet,13,2800,0.02181282825767994,0.02918071858584881,-3.802666187286377,0.0056230234913527966,-24.05215072631836,-7.0,7.0,3.5724258422851562,0.3760370910167694,1.0647002458572388,-0.3674698770046234,591
individual,16,carpet,14,2800,0.02103460021317005,0.03548424318432808,-3.9500832557678223,0.005617382004857063,-20.894386291503906,-7.0,7.0,3.6877896785736084,0.3754953145980835,1.0754603147506714,-0.42903074622154236,592
individual,16,carpet,15,2800,0.018265817314386368,0.022601787000894547,-3.8119654655456543,0.005611743777990341,-15.387857437133789,-7.0,7.0,3.6058406829833984,0.398438960313797,1.1390618085861206,-0.4162295162677765,593
individual,16,carpet,16,2800,0.017014699056744576,0.01953570544719696,-3.8873300552368164,0.00560610881075263,-11.296457290649414,-7.0,7.0,3.695214033126831,0.38783591985702515,1.2304011583328247,-0.466852605342865,594
individual,16,carpet,17,2800,0.02460884116590023,0.026854299008846283,-3.774726152420044,0.005600476171821356,-7.919544219970703,-7.0,7.0,3.5926928520202637,0.40883639454841614,1.311944603919983,-0.4368777871131897,595
individual,16,carpet,18,2800,0.024524729698896408,0.02028755471110344,-3.834566593170166,0.005594849586486816,-15.73525619506836,-7.0,7.0,3.5232207775115967,0.3604243993759155,1.1665575504302979,-0.4294964671134949,596
individual,16,carpet,19,2800,0.02157648093998432,0.01776488870382309,-3.799272060394287,0.005589226260781288,-9.006485939025879,-7.0,7.0,3.5768942832946777,0.5147653818130493,1.307202696800232,-0.49132809042930603,597
individual,16,carpet,20,2800,0.023627804592251778,0.013022983446717262,-3.902344226837158,0.005584641359746456,4.3665618896484375,-7.0,7.0,3.6661086082458496,0.44877946376800537,1.433812141418457,-0.48258113861083984,598
individual,16,carpet,21,2800,0.018689682707190514,0.018423309549689293,-3.9991040229797363,0.005579956341534853,-6.487765789031982,-7.0,7.0,3.7287280559539795,0.4586505889892578,1.384881854057312,-0.46245867013931274,599
individual,16,carpet,22,2800,0.029566846787929535,0.022310782223939896,-3.9154627323150635,0.005575512070208788,-2.104247570037842,-7.0,7.0,3.5887320041656494,0.4133519232273102,1.4571083784103394,-0.49739691615104675,600
individual,16,carpet,23,2800,0.011793084442615509,0.014111179858446121,-3.8500869274139404,0.005571475252509117,-0.31618165969848633,-7.0,7.0,3.692988395690918,0.2932679355144501,1.3792335987091064,-0.5583705902099609,601
individual,16,carpet,24,2800,0.0177140049636364,0.012458594515919685,-3.897791624069214,0.0055682905949652195,4.132198333740234,-7.0,7.0,3.7380666732788086,0.419596791267395,1.4631249904632568,-0.5191395878791809,602
individual,16,carpet,25,2800,0.015732107684016228,0.018295589834451675,-3.8127970695495605,0.005564863793551922,-5.928654193878174,-7.0,7.0,3.5806689262390137,0.3383735418319702,1.2961794137954712,-0.5407462120056152,603
individual,16,carpet,26,2800,0.011639073491096497,0.010357225313782692,-3.8777883052825928,0.005561219062656164,-8.924469947814941,-7.0,7.0,3.7364892959594727,0.30166950821876526,1.2401291131973267,-0.5742108225822449,604
individual,16,carpet,27,2800,0.010635367594659328,0.013045407831668854,-3.815507173538208,0.005557794123888016,-1.3446290493011475,-7.0,7.0,3.6643943786621094,0.3457842171192169,1.3476570844650269,-0.5610140562057495,605
individual,16,carpet,28,2800,0.010074922814965248,0.01421386282891035,-3.81644868850708,0.005554151255637407,-7.43535852432251,-7.0,7.0,3.72724986076355,0.23654240369796753,1.2637176513671875,-0.5453890562057495,606
individual,16,carpet,29,2800,0.014491134323179722,0.011103477329015732,-3.852989673614502,0.005550852511078119,-0.17665231227874756,-7.0,7.0,3.6295928955078125,0.4147096872329712,1.3246463537216187,-0.5950237512588501,607
individual,16,carpet,30,2800,0.015813320875167847,0.012745392508804798,-3.886568784713745,0.005547322798520327,-11.04710865020752,-7.0,7.0,3.642866373062134,0.4401950538158417,1.1827356815338135,-0.5457325577735901,608
individual,16,carpet,31,2800,0.0164701696485281,0.02131769247353077,-3.9689321517944336,0.005543586332350969,-26.201984405517578,-7.0,7.0,3.8170719146728516,0.2562333941459656,0.9687209725379944,-0.480459988117218,609
individual,16,carpet,32,2800,0.0247834250330925,0.02452060766518116,-3.862255334854126,0.005539664998650551,-11.648233413696289,-7.0,7.0,3.6748101711273193,0.44077935814857483,1.2638589143753052,-0.5514559149742126,610
individual,16,carpet,33,2800,0.017059918493032455,0.014989892020821571,-3.808234691619873,0.0055355774238705635,-15.405852317810059,-7.0,7.0,3.583787202835083,0.44174879789352417,1.1005265712738037,-0.48083528876304626,611
individual,16,carpet,34,2800,0.019102953374385834,0.015367904677987099,-3.870607852935791,0.005531339906156063,-13.830385208129883,-7.0,7.0,3.6947014331817627,0.38544508814811707,1.1039079427719116,-0.5064231753349304,612
individual,16,carpet,35,2800,0.0233695600181818,0.02458319626748562,-4.007885456085205,0.005526968277990818,-28.28334617614746,-7.0,7.0,3.879577398300171,0.37889036536216736,0.9021795392036438,-0.47615286707878113,613
individual,16,carpet,36,2800,0.026397764682769775,0.02479586750268936,-4.047572135925293,0.005522479303181171,-29.172237396240234,-7.0,7.0,3.8014988899230957,0.354280561208725,0.9329566955566406,-0.478464275598526,614
individual,16,carpet,37,2800,0.022694578394293785,0.020484019070863724,-3.909146308898926,0.005517883691936731,-19.42311668395996,-7.0,7.0,3.7041468620300293,0.4202341139316559,1.0653141736984253,-0.564484179019928,615
individual,16,carpet,38,2800,0.015403594821691513,0.010424834676086903,-3.8942296504974365,0.0055131916888058186,-19.472885131835938,-7.0,7.0,3.7737462520599365,0.4025592505931854,1.079649806022644,-0.554543137550354,616
individual,16,carpet,39,2800,0.018802594393491745,0.018688242882490158,-3.9395999908447266,0.0055084144696593285,-25.170690536499023,-7.0,7.0,3.8173880577087402,0.3731762766838074,0.9072538018226624,-0.5004490613937378,617
individual,16,carpet,40,2800,0.03420915827155113,0.022843999788165092,-4.011880397796631,0.005503562279045582,-20.43498420715332,-7.0,7.0,3.7102255821228027,0.32459551095962524,1.0567896366119385,-0.5600853562355042,618
individual,16,carpet,41,2800,0.018550187349319458,0.01970108039677143,-3.989473342895508,0.005498641636222601,-19.078094482421875,-7.0,7.0,3.8396151065826416,0.3512597382068634,0.97284996509552,-0.5112664103507996,619
individual,16,carpet,42,2800,0.023500196635723114,0.019602246582508087,-3.9896163940429688,0.0054936595261096954,-19.164976119995117,-7.0,7.0,3.7884953022003174,0.42158499360084534,1.0092345476150513,-0.5398535132408142,620
individual,16,carpet,43,2800,0.01783505082130432,0.016429094597697258,-4.064126491546631,0.005488624330610037,-19.10469627380371,-7.0,7.0,3.8933265209198,0.2654035687446594,1.1011382341384888,-0.5667086243629456,621
individual,16,carpet,44,2800,0.01948397420346737,0.016480494290590286,-4.0493927001953125,0.005483541637659073,-10.193384170532227,-7.0,7.0,3.859494924545288,0.4625248610973358,1.2004814147949219,-0.5834364295005798,622
individual,16,carpet,45,2800,0.01646459847688675,0.017359066754579544,-3.9958102703094482,0.005478416103869677,-18.10088348388672,-7.0,7.0,3.8911125659942627,0.4371107816696167,1.099265456199646,-0.5929887890815735,623
individual,16,carpet,46,2800,0.025687389075756073,0.023567955940961838,-4.047483921051025,0.00547325424849987,-12.90239143371582,-7.0,7.0,3.7938928604125977,0.27692151069641113,1.1233199834823608,-0.5491001009941101,624
individual,16,carpet,47,2800,0.022384434938430786,0.020366821438074112,-3.9817099571228027,0.005468057934194803,-18.617448806762695,-7.0,7.0,3.8712892532348633,0.3275994062423706,1.1516664028167725,-0.5536212921142578,625
individual,16,carpet,48,2800,0.012561211362481117,0.009005965664982796,-4.091401100158691,0.005462832748889923,-16.47960662841797,-7.0,7.0,3.9013381004333496,0.3856060802936554,1.1390166282653809,-0.564984917640686,626
individual,16,carpet,49,2800,0.022581029683351517,0.012021791189908981,-4.1233625411987305,0.005457581020891666,-23.30964469909668,-7.0,7.0,3.824665069580078,0.45123961567878723,1.110634207725525,-0.5191189050674438,627
individual,16,carpet,50,2800,0.014228969812393188,0.018252456560730934,-4.035412311553955,0.005452308338135481,-15.407079696655273,-7.0,7.0,3.7468419075012207,0.34204745292663574,1.1862736940383911,-0.5392919182777405,628
population,16,carpet,1,2800,0.028514042496681213,0.028890756890177727,-3.8279881477355957,0.005620353389531374,-29.894742965698242,-7.0,7.0,3.709191083908081,0.3309172987937927,0.8103123903274536,-0.39385345578193665,579
population,16,carpet,2,2800,0.01649489812552929,0.015185736119747162,-3.695032835006714,0.0056147039867937565,-33.96757125854492,-7.0,7.0,3.501267433166504,0.3970400094985962,0.8068742156028748,-0.38052481412887573,580
population,16,carpet,3,2800,0.02642774023115635,0.02135898545384407,-3.7392115592956543,0.005609060637652874,-28.822612762451172,-7.0,7.0,3.562594175338745,0.36522698402404785,0.8011733889579773,-0.4115048944950104,581
population,16,carpet,4,2800,0.023799477145075798,0.02538485825061798,-3.635345697402954,0.005603422876447439,-31.676267623901367,-7.0,7.0,3.5430712699890137,0.39044278860092163,0.8392049074172974,-0.40941211581230164,582
population,16,carpet,5,2800,0.022112751379609108,0.01746089942753315,-3.849196672439575,0.005597790237516165,-31.198169708251953,-7.0,7.0,3.648294687271118,0.28664541244506836,0.8051996231079102,-0.40574946999549866,583
population,16,carpet,6,2800,0.022191228345036507,0.01664418913424015,-3.8258209228515625,0.005592163652181625,-32.31496047973633,-7.0,7.0,3.559211254119873,0.3079468011856079,0.8060473799705505,-0.41947510838508606,584
population,16,carpet,7,2800,0.013386549428105354,0.015654994174838066,-3.8045220375061035,0.005586543120443821,-28.639692306518555,-7.0,7.0,3.5789530277252197,0.3195771276950836,0.9049037098884583,-0.45307043194770813,585
population,16,carpet,8,2800,0.021205959841609,0.01423608884215355,-3.7373757362365723,0.005580927710980177,-36.383174896240234,-7.0,7.0,3.6524498462677,0.3314830958843231,0.7898903489112854,-0.4096342623233795,586
population,16,carpet,9,2800,0.021900910884141922,0.019766829907894135,-3.8480560779571533,0.005575317889451981,-33.20741271972656,-7.0,7.0,3.6390905380249023,0.44185900688171387,0.8540682792663574,-0.4349321722984314,587
population,16,carpet,10,2800,0.02448001503944397,0.01897241733968258,-3.9235336780548096,0.005569714121520519,-24.933746337890625,-7.0,7.0,3.7446322441101074,0.29175183176994324,0.9083563685417175,-0.4704502522945404,588
population,16,carpet,11,2800,0.02630651369690895,0.021008607000112534,-3.9358859062194824,0.005564115475863218,-30.297168731689453,-7.0,7.0,3.6097068786621094,0.44951745867729187,0.8949905037879944,-0.4658486545085907,589
population,16,carpet,12,2800,0.03972698003053665,0.038743432611227036,-3.8700404167175293,0.005558522883802652,-25.352052688598633,-7.0,7.0,3.7406389713287354,0.4340916574001312,0.9357778429985046,-0.49822911620140076,590
population,16,carpet,13,2800,0.02471189573407173,0.025453925132751465,-3.841028928756714,0.005552935879677534,-22.055130004882812,-7.0,7.0,3.550597667694092,0.5061390399932861,1.025290608406067,-0.5169020891189575,591
population,16,carpet,14,2800,0.017695553600788116,0.017505384981632233,-3.915562629699707,0.0055473544634878635,-7.907439231872559,-7.0,7.0,3.6086268424987793,0.3135744035243988,1.1458872556686401,-0.6103448271751404,592
population,16,carpet,15,2800,0.014955753460526466,0.012092976830899715,-3.8050575256347656,0.005541778635233641,-11.175289154052734,-7.0,7.0,3.505685329437256,0.34494075179100037,1.079253911972046,-0.6241198182106018,593
population,16,carpet,16,2800,0.023053109645843506,0.023716405034065247,-3.7358269691467285,0.005536242388188839,-4.870459079742432,-7.0,7.0,3.5769617557525635,0.38037753105163574,1.2131922245025635,-0.6540721654891968,594
population,16,carpet,17,2800,0.02795775979757309,0.022636104375123978,-3.678452968597412,0.005530709400773048,-9.004279136657715,-7.0,7.0,3.610628128051758,0.37120404839515686,1.151121735572815,-0.6700848937034607,595
population,16,carpet,18,2800,0.0173814557492733,0.015265582129359245,-3.779813528060913,0.0055254665203392506,-2.460341453552246,-7.0,7.0,3.532277822494507,0.43752631545066833,1.234607458114624,-0.6825731992721558,596
population,16,carpet,19,2800,0.02425074577331543,0.020878978073596954,-4.065245628356934,0.0055210706777870655,3.0129361152648926,-7.0,7.0,3.773609161376953,0.3836580216884613,1.3419049978256226,-0.7004067301750183,597
population,16,carpet,20,2800,0.029616516083478928,0.022233033552765846,-3.914933919906616,0.0055175465531647205,4.037346839904785,-7.0,7.0,3.7090272903442383,0.44983553886413574,1.3970794677734375,-0.743375301361084,598
population,16,carpet,21,2800,0.015606598928570747,0.017829343676567078,-3.774930953979492,0.0055138226598501205,-12.301111221313477,-7.0,7.0,3.720417022705078,0.3651582896709442,1.1296504735946655,-0.6498563885688782,599
population,16,carpet,22,2800,0.020619595423340797,0.017973633483052254,-3.844695568084717,0.0055099171586334705,-5.983043193817139,-7.0,7.0,3.764960527420044,0.4802572727203369,1.2476454973220825,-0.6791634559631348,600
population,16,carpet,23,2800,0.009462703950703144,0.010834885761141777,-3.9065701961517334,0.005505851469933987,-10.838837623596191,-7.0,7.0,3.7539992332458496,0.45819491147994995,1.146437644958496,-0.6281446814537048,601
population,16,carpet,24,2800,0.02298661135137081,0.02601645514369011,-4.102048873901367,0.005501639097929001,-17.133625030517578,-7.0,7.0,3.8154571056365967,0.4440464675426483,1.1172410249710083,-0.5933184027671814,602
population,16,carpet,25,2800,0.030491605401039124,0.01746859773993492,-3.925752878189087,0.005497296340763569,-20.439434051513672,-7.0,7.0,3.7833986282348633,0.4467574954032898,1.0373594760894775,-0.575491726398468,603
population,16,carpet,26,2800,0.05032847076654434,0.05358491837978363,-3.776028633117676,0.0054928394965827465,-19.511802673339844,-7.0,7.0,3.74454402923584,0.4404126703739166,0.9973794221878052,-0.5510516166687012,604
population,16,carpet,27,2800,0.027132563292980194,0.01713399402797222,-3.732754945755005,0.0054882788099348545,-23.64590835571289,-7.0,7.0,3.6574292182922363,0.45422109961509705,0.9045971035957336,-0.4951934814453125,605
population,16,carpet,28,2800,0.016011664643883705,0.01818126067519188,-3.957099676132202,0.005483624991029501,-29.42483139038086,-7.0,7.0,3.735435724258423,0.38497117161750793,0.9137046933174133,-0.5011462569236755,606
population,16,carpet,29,2800,0.024744458496570587,0.024903593584895134,-4.060729503631592,0.005478886421769857,-25.741863250732422,-7.0,7.0,3.765859365463257,0.46379488706588745,0.9209858775138855,-0.4757109582424164,607
population,16,carpet,30,2800,0.02587633952498436,0.013867197558283806,-3.9392054080963135,0.005474073812365532,-17.48794937133789,-7.0,7.0,3.711106300354004,0.4512825608253479,0.9961342215538025,-0.5038856267929077,608
population,16,carpet,31,2800,0.03619321063160896,0.037518858909606934,-3.8751933574676514,0.005469194613397121,-25.835538864135742,-7.0,7.0,3.8723270893096924,0.2766772508621216,0.8498860597610474,-0.46495485305786133,609
population,16,carpet,32,2800,0.03263905271887779,0.020189644768834114,-3.942702293395996,0.005464257672429085,-31.145488739013672,-7.0,7.0,3.830916404724121,0.4475434124469757,0.8389720320701599,-0.4270375370979309,610
population,16,carpet,33,2800,0.03582907095551491,0.058540478348731995,-4.050243377685547,0.005459267646074295,-37.503173828125,-7.0,7.0,3.7864067554473877,0.29813477396965027,0.8156121373176575,-0.452210932970047,611
population,16,carpet,34,2800,0.04022683948278427,0.02930789440870285,-4.135396957397461,0.0054542301222682,-37.442108154296875,-7.0,7.0,3.8461666107177734,0.3488438129425049,0.717628538608551,-0.4034893810749054,612
population,16,carpet,35,2800,0.014216138981282711,0.031408410519361496,-3.782064437866211,0.005449153017252684,-12.955119132995605,-7.0,7.0,3.7830395698547363,0.31397897005081177,1.1034997701644897,-0.5638937950134277,613
population,16,carpet,36,2800,0.029938744381070137,0.03431447595357895,-3.8986871242523193,0.005444039590656757,-28.928281784057617,-7.0,7.0,3.8214149475097656,0.3559485673904419,0.8865966796875,-0.4524781405925751,614
population,16,carpet,37,2800,0.01306046824902296,0.019887559115886688,-3.9178390502929688,0.005438894033432007,-23.183650970458984,-7.0,7.0,3.722611904144287,0.3451959192752838,0.9776193499565125,-0.4982653260231018,615
population,16,carpet,38,2800,0.018036436289548874,0.028935184702277184,-4.037651538848877,0.0054337200708687305,-32.364715576171875,-7.0,7.0,3.8488528728485107,0.263381689786911,0.8374837636947632,-0.45848751068115234,616
population,16,carpet,39,2800,0.025835800915956497,0.030817313119769096,-3.9838788509368896,0.005428520031273365,-28.1020565032959,-7.0,7.0,3.7858874797821045,0.40570732951164246,0.9553332924842834,-0.4584798216819763,617
population,16,carpet,40,2800,0.020308054983615875,0.02521492913365364,-3.9870400428771973,0.005423298571258783,-33.27095031738281,-7.0,7.0,3.8419196605682373,0.4084895849227905,0.8712356686592102,-0.4335879683494568,618
population,16,carpet,41,2800,0.029537897557020187,0.029837053269147873,-4.020198822021484,0.00541805662214756,-25.68868637084961,-7.0,7.0,3.886137008666992,0.40603360533714294,0.9331730008125305,-0.46077704429626465,619
population,16,carpet,42,2800,0.022711187601089478,0.017654163762927055,-3.9813623428344727,0.005412799306213856,-29.026382446289062,-7.0,7.0,3.8396315574645996,0.36669474840164185,0.9056565165519714,-0.42494770884513855,620
population,16,carpet,43,2800,0.0228319950401783,0.03009558841586113,-4.119312286376953,0.005407526157796383,-25.685277938842773,-7.0,7.0,3.778809070587158,0.43538302183151245,0.9733652472496033,-0.4218965470790863,621
population,16,carpet,44,2800,0.0197625532746315,0.02537400647997856,-3.9381844997406006,0.005402240436524153,-26.59026527404785,-7.0,7.0,3.8670926094055176,0.3279978632926941,0.9025958180427551,-0.42978304624557495,622
population,16,carpet,45,2800,0.017820842564105988,0.028843317180871964,-3.954230785369873,0.0053969440050423145,-31.99361228942871,-7.0,7.0,3.8212709426879883,0.420714795589447,0.9702439904212952,-0.43033987283706665,623
population,16,carpet,46,2800,0.019525103271007538,0.01824791170656681,-3.9559214115142822,0.005391640122979879,-26.49993896484375,-7.0,7.0,3.720088005065918,0.4453395903110504,1.032793641090393,-0.42801812291145325,624
population,16,carpet,47,2800,0.02389962039887905,0.04841781407594681,-4.17228889465332,0.005386328790336847,-30.3555908203125,-7.0,7.0,3.9270637035369873,0.3659094572067261,0.8824341893196106,-0.44862109422683716,625
population,16,carpet,48,2800,0.015600038692355156,0.016695978119969368,-4.088866233825684,0.005381009541451931,-32.86197280883789,-7.0,7.0,3.9429428577423096,0.376937597990036,0.9407067894935608,-0.46472907066345215,626
population,16,carpet,49,2800,0.017995119094848633,0.03426444157958031,-3.8783833980560303,0.005375685635954142,-31.753297805786133,-7.0,7.0,3.790619134902954,0.39190858602523804,0.9274725317955017,-0.4283454716205597,627
population,16,carpet,50,2800,0.013490104116499424,0.018057191744446754,-4.045454025268555,0.005370358936488628,-22.20732307434082,-7.0,7.0,3.887295722961426,0.33279913663864136,0.9767988920211792,-0.5098674893379211,628
individual,17,carpet,1,2975,0.018899526447057724,0.010995376855134964,-4.022439479827881,0.005447015166282654,-17.46970558166504,-7.0,7.0,3.8366799354553223,0.42816758155822754,1.083396553993225,-0.5336329340934753,629
individual,17,carpet,2,2975,0.024146372452378273,0.021354345604777336,-4.003617286682129,0.005441706161946058,-18.39459228515625,-7.0,7.0,3.8675708770751953,0.37671583890914917,1.1023647785186768,-0.5182531476020813,630
individual,17,carpet,3,2975,0.017665747553110123,0.01912916637957096,-4.136934280395508,0.005436381790786982,-14.231708526611328,-7.0,7.0,3.9855635166168213,0.2561036944389343,1.226048231124878,-0.5743395090103149,631
individual,17,carpet,4,2975,0.0598403736948967,0.03599261865019798,-4.2350616455078125,0.00543104438111186,-20.363731384277344,-7.0,7.0,3.868490695953369,0.34843674302101135,1.0431233644485474,-0.5245227813720703,632
individual,17,carpet,5,2975,0.027197062969207764,0.028951505199074745,-4.072755813598633,0.005425696726888418,-22.60698127746582,-7.0,7.0,3.8352301120758057,0.26404011249542236,1.0098416805267334,-0.5193482041358948,633
individual,17,carpet,6,2975,0.053531765937805176,0.03173014521598816,-3.9420533180236816,0.005420338362455368,-13.197052001953125,-7.0,7.0,3.895575523376465,0.4220951199531555,1.1566097736358643,-0.5434538125991821,634
individual,17,carpet,7,2975,0.0315421000123024,0.03564193844795227,-4.039689540863037,0.005414973013103008,-11.787531852722168,-7.0,7.0,3.975950002670288,0.30256178975105286,1.1557457447052002,-0.5745106935501099,635
individual,17,carpet,8,2975,0.025350421667099,0.024660993367433548,-4.254443168640137,0.005409602541476488,-18.29750633239746,-7.0,7.0,4.112152099609375,0.44442465901374817,1.147537112236023,-0.5779886841773987,636
individual,17,carpet,9,2975,0.055564749985933304,0.046129342168569565,-4.248464584350586,0.005404224153608084,-13.633075714111328,-7.0,7.0,3.7940492630004883,0.4612773060798645,1.1580893993377686,-0.5420868992805481,637
individual,17,carpet,10,2975,0.01968354359269142,0.025430573150515556,-4.103483200073242,0.005398843437433243,-7.346419334411621,-7.0,7.0,3.941988468170166,0.3164835572242737,1.2329822778701782,-0.5548966526985168,638
individual,17,carpet,11,2975,0.01924029178917408,0.020362060517072678,-3.9850220680236816,0.005393458064645529,-14.264444351196289,-7.0,7.0,3.9140491485595703,0.3136531710624695,1.1212962865829468,-0.5377131700515747,639
individual,17,carpet,12,2975,0.02772473357617855,0.029041042551398277,-4.107404708862305,0.005388072691857815,-6.465909481048584,-7.0,7.0,4.064704895019531,0.31280404329299927,1.2498644590377808,-0.5850738883018494,640
individual,17,carpet,13,2975,0.018732719123363495,0.021190473809838295,-4.135970115661621,0.0053826854564249516,-13.300928115844727,-7.0,7.0,4.025691509246826,0.31480252742767334,1.1264642477035522,-0.5422218441963196,641
individual,17,carpet,14,2975,0.020215563476085663,0.02591175213456154,-4.229280471801758,0.005377431400120258,-3.9182958602905273,-7.0,7.0,3.957423448562622,0.36792704463005066,1.2997362613677979,-0.5649956464767456,642
individual,17,carpet,15,2975,0.020343879237771034,0.026668863371014595,-4.247559547424316,0.005372161976993084,-15.088871002197266,-7.0,7.0,4.0744733810424805,0.4426625967025757,1.1565948724746704,-0.5220030546188354,643
individual,17,carpet,16,2975,0.01793266274034977,0.01576291210949421,-4.072329998016357,0.005366879981011152,-12.771812438964844,-7.0,7.0,3.936866044998169,0.4004976451396942,1.117289423942566,-0.5074788928031921,644
individual,17,carpet,17,2975,0.03718831390142441,0.037985660135746,-4.1358160972595215,0.0053615877404809,-22.0668888092041,-7.0,7.0,4.026936054229736,0.3813106119632721,1.1438828706741333,-0.5074673891067505,645
individual,17,carpet,18,2975,0.014639046043157578,0.011087387800216675,-4.1782379150390625,0.00535628804937005,-17.52936363220215,-7.0,7.0,3.99904203414917,0.33320310711860657,1.176321268081665,-0.5182833075523376,646
individual,17,carpet,19,2975,0.02636738307774067,0.024956395849585533,-4.220430850982666,0.005350980907678604,-13.426915168762207,-7.0,7.0,3.952613592147827,0.38330376148223877,1.1660830974578857,-0.5176693201065063,647
individual,17,carpet,20,2975,0.02130894362926483,0.01761971414089203,-4.105811595916748,0.0053456686437129974,-6.208410263061523,-7.0,7.0,3.988093852996826,0.3501940965652466,1.252458930015564,-0.5697258114814758,648
individual,17,carpet,21,2975,0.027326108887791634,0.029769685119390488,-4.232405662536621,0.00534035125747323,-19.662975311279297,-7.0,7.0,4.014158248901367,0.4543831944465637,1.1072009801864624,-0.5249934196472168,649
individual,17,carpet,22,2975,0.016843929886817932,0.019971104338765144,-4.177314758300781,0.00533502921462059,-23.243896484375,-7.0,7.0,4.0025410652160645,0.39505648612976074,1.0143386125564575,-0.4818432331085205,650
individual,17,carpet,23,2975,0.018569422885775566,0.015908509492874146,-4.2689642906188965,0.0053297048434615135,-21.09148406982422,-7.0,7.0,4.002187252044678,0.43799889087677,1.182241678237915,-0.5309833288192749,651
individual,17,carpet,24,2975,0.015724003314971924,0.021019555628299713,-4.382462501525879,0.005324378143996,-10.541227340698242,-7.0,7.0,4.110144138336182,0.28644078969955444,1.166422963142395,-0.5398184061050415,652
individual,17,carpet,25,2975,0.02396654710173607,0.017938226461410522,-4.249972343444824,0.005319051910191774,-19.429473876953125,-7.0,7.0,4.1265387535095215,0.5464755892753601,1.0430679321289062,-0.5399599671363831,653
individual,17,carpet,26,2975,0.01954558677971363,0.019088050350546837,-4.184586048126221,0.005313723348081112,-15.27938461303711,-7.0,7.0,3.983494997024536,0.39663517475128174,1.109037160873413,-0.5547381639480591,654
individual,17,carpet,27,2975,0.020724432542920113,0.010731315240263939,-4.2783203125,0.0053083947859704494,-14.87076187133789,-7.0,7.0,4.066425323486328,0.3244311213493347,1.0913864374160767,-0.5450709462165833,655
individual,17,carpet,28,2975,0.00794852152466774,0.006815774366259575,-4.361521244049072,0.005303066689521074,-17.077600479125977,-7.0,7.0,4.171952247619629,0.32871055603027344,1.0960978269577026,-0.5616717338562012,656
individual,17,carpet,29,2975,0.02522607520222664,0.016646480187773705,-4.210004806518555,0.005297741387039423,-17.089231491088867,-7.0,7.0,4.008263111114502,0.4116032123565674,1.174155592918396,-0.5505969524383545,657
individual,17,carpet,30,2975,0.010559245944023132,0.010370660573244095,-4.350937843322754,0.005292416550219059,-24.85648536682129,-7.0,7.0,4.212668418884277,0.4039206802845001,0.9887569546699524,-0.5185865759849548,658
individual,17,carpet,31,2975,0.018941348418593407,0.012607580982148647,-4.303525924682617,0.0052870940417051315,-24.701753616333008,-7.0,7.0,4.029330253601074,0.3003109395503998,1.004236102104187,-0.5178110003471375,659
individual,17,carpet,32,2975,0.012735973112285137,0.013741138391196728,-4.424352169036865,0.005281774792820215,-25.158281326293945,-7.0,7.0,4.3250579833984375,0.3630054295063019,0.9756890535354614,-0.5181865096092224,660
individual,17,carpet,33,2975,0.010798298753798008,0.010812594555318356,-4.254942417144775,0.005276458337903023,-25.195682525634766,-7.0,7.0,4.147121906280518,0.2796553075313568,0.9453337788581848,-0.5446118116378784,661
individual,17,carpet,34,2975,0.044033292680978775,0.02848360687494278,-4.241522789001465,0.005271144676953554,-19.178207397460938,-7.0,7.0,4.202164649963379,0.3595651686191559,1.0163413286209106,-0.5865112543106079,662
individual,17,carpet,35,2975,0.021189993247389793,0.02185208350419998,-4.459741115570068,0.005265833809971809,-24.363330841064453,-7.0,7.0,4.2252516746521,0.43016722798347473,0.9438863396644592,-0.5585438013076782,663
individual,17,carpet,36,2975,0.035168714821338654,0.020465627312660217,-4.256496906280518,0.005260526202619076,-18.41387939453125,-7.0,7.0,3.8937063217163086,0.40241894125938416,1.0946829319000244,-0.5684838891029358,664
individual,17,carpet,37,2975,0.013308162800967693,0.013929873704910278,-4.220119476318359,0.005255220923572779,-22.8157958984375,-7.0,7.0,4.076249599456787,0.32065534591674805,1.0026756525039673,-0.5761781334877014,665
individual,17,carpet,38,2975,0.040912844240665436,0.026087980717420578,-4.112094402313232,0.005249921232461929,-22.37417221069336,-7.0,7.0,4.051199913024902,0.41081541776657104,0.9781044125556946,-0.5611637830734253,666
individual,17,carpet,39,2975,0.008722517639398575,0.005849627777934074,-4.337952136993408,0.005244624335318804,-21.050745010375977,-7.0,7.0,4.207646369934082,0.288657546043396,0.9517272114753723,-0.5791000723838806,667
individual,17,carpet,40,2975,0.023365585133433342,0.018862774595618248,-4.389001846313477,0.005239332560449839,-27.79144287109375,-7.0,7.0,4.1242499351501465,0.3492509126663208,0.9306835532188416,-0.5244460105895996,668
individual,17,carpet,41,2975,0.03454084321856499,0.026946235448122025,-4.407113075256348,0.005234043579548597,-23.098608016967773,-7.0,7.0,4.1599016189575195,0.2795909345149994,0.9568532705307007,-0.5282540917396545,669
individual,17,carpet,42,2975,0.02813652902841568,0.02914835698902607,-4.232449531555176,0.005228760186582804,-28.51274871826172,-7.0,7.0,4.191612243652344,0.3497832119464874,0.9135557413101196,-0.503564178943634,670
individual,17,carpet,43,2975,0.03088601678609848,0.021987253800034523,-4.23305082321167,0.005223482381552458,-28.354379653930664,-7.0,7.0,4.215237617492676,0.30832210183143616,0.8401580452919006,-0.4954264163970947,671
individual,17,carpet,44,2975,0.02673373930156231,0.029448844492435455,-4.490575790405273,0.005218206904828548,-28.7929744720459,-7.0,7.0,4.241448879241943,0.35425081849098206,0.9272421002388,-0.4728699326515198,672
individual,17,carpet,45,2975,0.05186362564563751,0.03095741756260395,-4.498506546020508,0.005212937016040087,-20.23114585876465,-7.0,7.0,4.1822004318237305,0.4394938051700592,0.9594143033027649,-0.5241159796714783,673
individual,17,carpet,46,2975,0.028667228296399117,0.027080461382865906,-4.323091506958008,0.005207672715187073,-27.028057098388672,-7.0,7.0,4.142975807189941,0.44530487060546875,0.9096561670303345,-0.46740373969078064,674
individual,17,carpet,47,2975,0.028160782530903816,0.021078163757920265,-4.346134185791016,0.005202413536608219,-32.79619598388672,-7.0,7.0,4.24784517288208,0.2915184199810028,0.8605257868766785,-0.4760746359825134,675
individual,17,carpet,48,2975,0.01191898062825203,0.01182315219193697,-4.464486122131348,0.005197156686335802,-29.587158203125,-7.0,7.0,4.282933235168457,0.3805481493473053,0.8731269240379333,-0.4883043169975281,676
individual,17,carpet,49,2975,0.022708198055624962,0.016970302909612656,-4.621957302093506,0.00519190588966012,-23.326383590698242,-7.0,7.0,4.333333969116211,0.4574424624443054,0.923568606376648,-0.49155765771865845,677
individual,17,carpet,50,2975,0.023104052990674973,0.016166575253009796,-4.475332260131836,0.005186659749597311,-30.07523536682129,-7.0,7.0,4.252534866333008,0.3729178011417389,0.9482378959655762,-0.5171645879745483,678
population,17,carpet,1,2975,0.013142227195203304,0.037132441997528076,-4.1403913497924805,0.005365027580410242,-26.739206314086914,-7.0,7.0,3.838797092437744,0.3515608310699463,0.9438315033912659,-0.4700869619846344,629
population,17,carpet,2,2975,0.007970061153173447,0.013859225437045097,-4.085094928741455,0.005359696224331856,-24.710439682006836,-7.0,7.0,3.8692588806152344,0.3875240385532379,0.9722280502319336,-0.5028659105300903,630
population,17,carpet,3,2975,0.01883179135620594,0.03151001036167145,-3.97599458694458,0.005354362539947033,-27.530967712402344,-7.0,7.0,3.8939902782440186,0.4846518337726593,0.9597139358520508,-0.48987361788749695,631
population,17,carpet,4,2975,0.020475760102272034,0.03077809512615204,-4.017133712768555,0.005349029321223497,-17.24274444580078,-7.0,7.0,3.9292545318603516,0.46056100726127625,1.1267212629318237,-0.5624592900276184,632
population,17,carpet,5,2975,0.016706077381968498,0.020887747406959534,-4.270557880401611,0.005343693308532238,-21.42156219482422,-7.0,7.0,4.018783092498779,0.470701664686203,1.0461418628692627,-0.5718761682510376,633
population,17,carpet,6,2975,0.022487357258796692,0.02849500998854637,-4.257300853729248,0.005338357761502266,-20.06981086730957,-7.0,7.0,3.961477756500244,0.40314510464668274,0.981943666934967,-0.5235856175422668,634
population,17,carpet,7,2975,0.014490233734250069,0.018207719549536705,-4.123112678527832,0.005333025008440018,-22.922483444213867,-7.0,7.0,4.058500289916992,0.3192788362503052,1.0108643770217896,-0.5695537328720093,635
population,17,carpet,8,2975,0.03895220533013344,0.047635480761528015,-4.0659708976745605,0.005327692721039057,-10.84718132019043,-7.0,7.0,4.028629779815674,0.3941061198711395,1.2152196168899536,-0.6360307335853577,636
population,17,carpet,9,2975,0.01618296094238758,0.021398944780230522,-4.1554646492004395,0.005322362761944532,-28.079708099365234,-7.0,7.0,4.072021484375,0.296639621257782,0.9850476384162903,-0.5604663491249084,637
population,17,carpet,10,2975,0.02193928323686123,0.03316428139805794,-4.205460548400879,0.005317036062479019,-11.427352905273438,-7.0,7.0,3.909458637237549,0.33757269382476807,1.1737169027328491,-0.6201229691505432,638
population,17,carpet,11,2975,0.02580171823501587,0.027455464005470276,-4.189455032348633,0.0053117116913199425,-7.234353542327881,-7.0,7.0,3.9868991374969482,0.35787472128868103,1.1920223236083984,-0.6095312237739563,639
population,17,carpet,12,2975,0.022834930568933487,0.0239512138068676,-4.1500244140625,0.005306390579789877,-13.69415283203125,-7.0,7.0,4.106807708740234,0.3674371540546417,1.1191848516464233,-0.6352142691612244,640
population,17,carpet,13,2975,0.010919053107500076,0.01680547185242176,-4.138331890106201,0.005301094613969326,-4.999600887298584,-7.0,7.0,4.046239852905273,0.2776271104812622,1.2537680864334106,-0.6709994077682495,641
population,17,carpet,14,2975,0.012655694968998432,0.011866756714880466,-4.250741481781006,0.005295799113810062,-11.794110298156738,-7.0,7.0,4.028867244720459,0.3677157163619995,1.1410714387893677,-0.6302714347839355,642
population,17,carpet,15,2975,0.013265502639114857,0.01844065822660923,-4.267024517059326,0.005291570909321308,8.47408676147461,-7.0,7.0,4.046074867248535,0.3032945692539215,1.4244434833526611,-0.7652463912963867,643
population,17,carpet,16,2975,0.015373804606497288,0.014139805920422077,-4.213061809539795,0.0052877976559102535,0.3273000717163086,-7.0,7.0,3.960667848587036,0.3736976683139801,1.3185361623764038,-0.6988633871078491,644
population,17,carpet,17,2975,0.013733644969761372,0.013310649432241917,-4.1667351722717285,0.00528453616425395,1.3359506130218506,-7.0,7.0,4.0528082847595215,0.37330639362335205,1.3376291990280151,-0.7402421236038208,645
population,17,carpet,18,2975,0.022215116769075394,0.022507362067699432,-4.219285011291504,0.005282135214656591,5.593462944030762,-7.0,7.0,4.091511249542236,0.29028862714767456,1.3090614080429077,-0.7027869820594788,646
population,17,carpet,19,2975,0.022456683218479156,0.028410084545612335,-4.1756696701049805,0.005280508194118738,16.572994232177734,-7.0,7.0,3.9009182453155518,0.34838786721229553,1.545689344406128,-0.7988718152046204,647
population,17,carpet,20,2975,0.01343039982020855,0.01443190686404705,-4.2265801429748535,0.005279576871544123,9.141902923583984,-7.0,7.0,4.06688117980957,0.42287880182266235,1.3802319765090942,-0.7391921877861023,648
population,17,carpet,21,2975,0.015654047951102257,0.01658732071518898,-4.294401168823242,0.00527837872505188,-3.539214611053467,-7.0,7.0,4.187577724456787,0.36018654704093933,1.277561902999878,-0.6708172559738159,649
population,17,carpet,22,2975,0.01359490305185318,0.01671687327325344,-4.214624881744385,0.005277193151414394,-1.047701120376587,-7.0,7.0,3.976633071899414,0.4167601466178894,1.323291540145874,-0.6948989033699036,650
population,17,carpet,23,2975,0.006297142244875431,0.006030327640473843,-4.213212490081787,0.005275593139231205,-13.222723960876465,-7.0,7.0,4.107113838195801,0.3024885356426239,1.0936123132705688,-0.6255440711975098,651
population,17,carpet,24,2975,0.021096527576446533,0.020157745108008385,-4.219089984893799,0.005273621063679457,-12.445016860961914,-7.0,7.0,4.149605751037598,0.37091997265815735,1.1283916234970093,-0.6027507185935974,652
population,17,carpet,25,2975,0.008576739579439163,0.00926455669105053,-4.401706218719482,0.0052713132463395596,-21.325546264648438,-7.0,7.0,4.182711124420166,0.38689500093460083,1.0334348678588867,-0.5602120161056519,653
population,17,carpet,26,2975,0.013057226315140724,0.016393885016441345,-4.332221984863281,0.005268704611808062,-28.14430809020996,-7.0,7.0,4.150143623352051,0.37563857436180115,0.9153206944465637,-0.4936332404613495,654
population,17,carpet,27,2975,0.023825278505682945,0.02418823167681694,-4.242684364318848,0.0052658263593912125,-29.051549911499023,-7.0,7.0,4.1588640213012695,0.3018282949924469,0.9228900074958801,-0.4983612596988678,655
population,17,carpet,28,2975,0.02559768036007881,0.030488308519124985,-4.186102390289307,0.005262706428766251,-25.80085563659668,-7.0,7.0,4.104279518127441,0.3877849876880646,1.0015782117843628,-0.48913735151290894,656
population,17,carpet,29,2975,0.017872748896479607,0.01800706796348095,-4.296151638031006,0.005259367171674967,-32.96784591674805,-7.0,7.0,4.17451286315918,0.4139741063117981,0.865556538105011,-0.4416556656360626,657
population,17,carpet,30,2975,0.02133294753730297,0.02010437473654747,-4.347953796386719,0.00525583466514945,-34.2197265625,-7.0,7.0,4.194169044494629,0.4132634997367859,0.8105906844139099,-0.4361869990825653,658
population,17,carpet,31,2975,0.013208967633545399,0.013608372770249844,-4.383211612701416,0.005252127069979906,-32.85302734375,-7.0,7.0,4.155287742614746,0.3727075755596161,0.8401675820350647,-0.4116683900356293,659
population,17,carpet,32,2975,0.016080336645245552,0.016102897003293037,-4.497279644012451,0.0052482616156339645,-22.39584732055664,-7.0,7.0,4.252328872680664,0.43734776973724365,0.9879721999168396,-0.46938300132751465,660
population,17,carpet,33,2975,0.015223328955471516,0.017229560762643814,-4.260891437530518,0.005244254134595394,-35.317161560058594,-7.0,7.0,4.120418548583984,0.41621261835098267,0.8737219572067261,-0.4253704249858856,661
population,17,carpet,34,2975,0.021829325705766678,0.02384021133184433,-4.220672130584717,0.005240121856331825,-28.578365325927734,-7.0,7.0,4.1167311668396,0.4163403809070587,0.831592857837677,-0.4113301634788513,662
population,17,carpet,35,2975,0.025401510298252106,0.026760568842291832,-4.393474578857422,0.005235875956714153,-33.234901428222656,-7.0,7.0,4.209752082824707,0.49344509840011597,0.851108729839325,-0.39846086502075195,663
population,17,carpet,36,2975,0.019533682614564896,0.023821238428354263,-4.472811698913574,0.005231528542935848,-29.912548065185547,-7.0,7.0,4.277968883514404,0.3514471650123596,0.8911866545677185,-0.4352317452430725,664
population,17,carpet,37,2975,0.01713128574192524,0.017134297639131546,-4.411508560180664,0.005227092653512955,-27.801122665405273,-7.0,7.0,4.267707347869873,0.39402633905410767,0.8776731491088867,-0.43383151292800903,665
population,17,carpet,38,2975,0.018917689099907875,0.02117239311337471,-4.301075458526611,0.00522257573902607,-37.92250061035156,-7.0,7.0,4.247256278991699,0.2958946228027344,0.7056199908256531,-0.38846415281295776,666
population,17,carpet,39,2975,0.01199426967650652,0.011453166604042053,-4.411547660827637,0.005217985715717077,-26.13353729248047,-7.0,7.0,4.242397308349609,0.3972912132740021,0.8851890563964844,-0.42883509397506714,667
population,17,carpet,40,2975,0.0165268387645483,0.02243376336991787,-4.415277004241943,0.005213332362473011,-27.161096572875977,-7.0,7.0,4.197202205657959,0.371252179145813,0.9428778290748596,-0.4499800205230713,668
population,17,carpet,41,2975,0.017867619171738625,0.01848449930548668,-4.454166412353516,0.005208621267229319,-27.911455154418945,-7.0,7.0,4.259151458740234,0.4315751791000366,0.8574684858322144,-0.45335653424263,669
population,17,carpet,42,2975,0.027216210961341858,0.03706438094377518,-4.272543907165527,0.005203859880566597,-32.26582336425781,-7.0,7.0,4.17868709564209,0.3370840549468994,0.8411485552787781,-0.42425426840782166,670
population,17,carpet,43,2975,0.03016826882958412,0.035698845982551575,-4.249002933502197,0.005199052859097719,-34.809661865234375,-7.0,7.0,4.178481578826904,0.3728385269641876,0.8109166026115417,-0.40416648983955383,671
population,17,carpet,44,2975,0.017262062057852745,0.017926039174199104,-4.33255672454834,0.00519420625641942,-34.40693283081055,-7.0,7.0,4.094672203063965,0.39306172728538513,0.7992475628852844,-0.4174859821796417,672
population,17,carpet,45,2975,0.02212948352098465,0.025998909026384354,-4.5987348556518555,0.005189324263483286,-30.38589096069336,-7.0,7.0,4.4537858963012695,0.3723606467247009,0.8920271992683411,-0.49315905570983887,673
population,17,carpet,46,2975,0.015455796383321285,0.017069809138774872,-4.430180072784424,0.00518440967425704,-20.153518676757812,-7.0,7.0,4.176151275634766,0.4052782952785492,0.9462682604789734,-0.5003243684768677,674
population,17,carpet,47,2975,0.015210127457976341,0.02070450223982334,-4.438023567199707,0.00517946807667613,-34.40267562866211,-7.0,7.0,4.349733352661133,0.3164163827896118,0.8030775189399719,-0.4677000641822815,675
population,17,carpet,48,2975,0.01771664060652256,0.01658869907259941,-4.424399375915527,0.005174501333385706,-28.800479888916016,-7.0,7.0,4.313730716705322,0.3791418969631195,0.8270050883293152,-0.48531046509742737,676
population,17,carpet,49,2975,0.023336678743362427,0.028133217245340347,-4.466538906097412,0.005169514566659927,-31.1328182220459,-7.0,7.0,4.225639343261719,0.40297582745552063,0.8442391753196716,-0.4749264419078827,677
population,17,carpet,50,2975,0.021620873361825943,0.02175549976527691,-4.5594635009765625,0.005164508242160082,-27.259309768676758,-7.0,7.0,4.289872169494629,0.3185900151729584,0.8750489354133606,-0.5217205882072449,678
individual,18,carpet,1,3150,0.02996380254626274,0.0214841328561306,-4.375585556030273,0.00518141919746995,-25.668867111206055,-7.0,7.0,4.352797985076904,0.3640475869178772,0.8845285773277283,-0.5258604884147644,679
individual,18,carpet,2,3150,0.012537064030766487,0.009669659659266472,-4.436432838439941,0.005176184233278036,-21.85530662536621,-7.0,7.0,4.316850662231445,0.39376363158226013,0.9121442437171936,-0.5284605622291565,680
individual,18,carpet,3,3150,0.008670223876833916,0.009255997836589813,-4.43613338470459,0.005170954391360283,-19.650117874145508,-7.0,7.0,4.282925605773926,0.35656604170799255,1.0650135278701782,-0.5941552519798279,681
individual,18,carpet,4,3150,0.025093819946050644,0.01854616403579712,-4.587689399719238,0.00516572967171669,-25.55467987060547,-7.0,7.0,4.381882667541504,0.3601614832878113,0.980617105960846,-0.5676234364509583,682
individual,18,carpet,5,3150,0.014106212183833122,0.01363407913595438,-4.432581901550293,0.005160510074347258,-20.225486755371094,-7.0,7.0,4.353032112121582,0.332251638174057,0.9990202784538269,-0.6021300554275513,683
individual,18,carpet,6,3150,0.02417076751589775,0.01720745861530304,-4.303850173950195,0.005155296064913273,-16.13233184814453,-7.0,7.0,4.235602855682373,0.4437856376171112,1.1448005437850952,-0.6129595041275024,684
individual,18,carpet,7,3150,0.014432690106332302,0.010815400630235672,-4.52593469619751,0.0051500871777534485,-16.459922790527344,-7.0,7.0,4.408425807952881,0.3626045882701874,1.0989214181900024,-0.6414051055908203,685
individual,18,carpet,8,3150,0.011790851131081581,0.011824198998510838,-4.528534889221191,0.005144883878529072,-17.363887786865234,-7.0,7.0,4.388009548187256,0.37595483660697937,1.0877406597137451,-0.6490537524223328,686
individual,18,carpet,9,3150,0.023518754169344902,0.015737896785140038,-4.505932807922363,0.005139685235917568,-13.997368812561035,-7.0,7.0,4.331490993499756,0.35536840558052063,1.1040712594985962,-0.6516274809837341,687
individual,18,carpet,10,3150,0.01837877370417118,0.01697591505944729,-4.534694194793701,0.005134492181241512,-17.21315574645996,-7.0,7.0,4.325613021850586,0.4541863203048706,1.071152925491333,-0.6181715130805969,688
individual,18,carpet,11,3150,0.035085272043943405,0.021494638174772263,-4.372140407562256,0.005129304714500904,-13.971031188964844,-7.0,7.0,4.378994941711426,0.4717645049095154,1.1322053670883179,-0.6663621068000793,689
individual,18,carpet,12,3150,0.009832581505179405,0.005654431879520416,-4.417291164398193,0.005124121904373169,-12.016282081604004,-7.0,7.0,4.263443470001221,0.4032301604747772,1.1371945142745972,-0.6343139410018921,690
individual,18,carpet,13,3150,0.02318623661994934,0.01530179288238287,-4.647367477416992,0.0051189446821808815,-15.688563346862793,-7.0,7.0,4.395332336425781,0.47503796219825745,1.0833998918533325,-0.615288257598877,691
individual,18,carpet,14,3150,0.025808408856391907,0.018774328753352165,-4.703444480895996,0.0051137725822627544,-17.790660858154297,-7.0,7.0,4.537776947021484,0.41171446442604065,1.065825343132019,-0.5957967638969421,692
individual,18,carpet,15,3150,0.020529482513666153,0.018655939027667046,-4.535184860229492,0.005108605604618788,-14.285785675048828,-7.0,7.0,4.361174583435059,0.4136683940887451,1.1381280422210693,-0.6098127365112305,693
individual,18,carpet,16,3150,0.018980175256729126,0.011644897982478142,-4.578904628753662,0.005103444214910269,-20.832500457763672,-7.0,7.0,4.497434616088867,0.4276959002017975,1.0110539197921753,-0.5460237264633179,694
individual,18,carpet,17,3150,0.014096485450863838,0.01190823782235384,-4.54964542388916,0.005098287481814623,-18.42006492614746,-7.0,7.0,4.399460315704346,0.45047202706336975,1.0602967739105225,-0.5671671032905579,695
individual,18,carpet,18,3150,0.036221932619810104,0.02528139017522335,-4.69058084487915,0.005093136336654425,-22.004838943481445,-7.0,7.0,4.458837032318115,0.3054494857788086,1.0452193021774292,-0.5472909808158875,696
individual,18,carpet,19,3150,0.01457175612449646,0.013574227690696716,-4.566433429718018,0.005087990313768387,-24.972301483154297,-7.0,7.0,4.443156719207764,0.3200242817401886,0.9552338719367981,-0.5198448896408081,697
individual,18,carpet,20,3150,0.024506334215402603,0.023492446169257164,-4.55745792388916,0.005082849413156509,-22.785213470458984,-7.0,7.0,4.366245269775391,0.5096515417098999,1.041106939315796,-0.5376008152961731,698
individual,18,carpet,21,3150,0.029232393950223923,0.022263918071985245,-4.485814094543457,0.00507771410048008,-23.945419311523438,-7.0,7.0,4.495657920837402,0.3161689341068268,0.9565008878707886,-0.5321802496910095,699
individual,18,carpet,22,3150,0.020373625680804253,0.021583635360002518,-4.671535015106201,0.005072583444416523,-27.435455322265625,-7.0,7.0,4.428196430206299,0.3936429023742676,0.9747687578201294,-0.5278239846229553,700
individual,18,carpet,23,3150,0.019693082198500633,0.017182104289531708,-4.708932399749756,0.005067458376288414,-31.194297790527344,-7.0,7.0,4.586055278778076,0.4203048050403595,0.9072727560997009,-0.509261429309845,701
individual,18,carpet,24,3150,0.01129880640655756,0.011417720466852188,-4.678995132446289,0.005062337964773178,-29.95085906982422,-7.0,7.0,4.580690383911133,0.3948216736316681,0.958839476108551,-0.5424741506576538,702
individual,18,carpet,25,3150,0.025513434782624245,0.021254604682326317,-4.483112812042236,0.00505722314119339,-24.258817672729492,-7.0,7.0,4.409592628479004,0.42970722913742065,0.9787817001342773,-0.5686883330345154,703
individual,18,carpet,26,3150,0.009443980641663074,0.006982558406889439,-4.622873306274414,0.005052113439887762,-20.78113555908203,-7.0,7.0,4.494644641876221,0.5072932243347168,0.9930533170700073,-0.536414623260498,704
individual,18,carpet,27,3150,0.016468334943056107,0.01619793474674225,-4.760902404785156,0.005047008860856295,-16.320444107055664,-7.0,7.0,4.548290729522705,0.4163925349712372,1.067940592765808,-0.5931020379066467,705
individual,18,carpet,28,3150,0.02093121036887169,0.017108473926782608,-4.694150924682617,0.005041909404098988,-12.662924766540527,-7.0,7.0,4.435267925262451,0.4884907305240631,1.1348320245742798,-0.612564206123352,706
individual,18,carpet,29,3150,0.030644690617918968,0.03838399797677994,-4.456154823303223,0.005036815069615841,-16.120563507080078,-7.0,7.0,4.380282402038574,0.42447760701179504,1.0630639791488647,-0.6044589281082153,707
individual,18,carpet,30,3150,0.03494660183787346,0.0356421135365963,-4.561814308166504,0.005031726323068142,-26.082630157470703,-7.0,7.0,4.560476303100586,0.47106823325157166,0.9268903732299805,-0.5504277944564819,708
individual,18,carpet,31,3150,0.01464908942580223,0.020286791026592255,-4.686351299285889,0.005026642233133316,-16.030349731445312,-7.0,7.0,4.464973449707031,0.4014038145542145,1.0857124328613281,-0.6155325174331665,709
individual,18,carpet,32,3150,0.031107934191823006,0.03141479566693306,-4.857114791870117,0.0050215632654726505,-21.340801239013672,-7.0,7.0,4.629556655883789,0.43816277384757996,1.0199863910675049,-0.593870222568512,710
individual,18,carpet,33,3150,0.012226469814777374,0.010726654902100563,-4.724584579467773,0.005016755312681198,-2.4876956939697266,-7.0,7.0,4.532930850982666,0.38972175121307373,1.2777823209762573,-0.684546947479248,711
individual,18,carpet,34,3150,0.03243352472782135,0.04884994402527809,-4.463181018829346,0.005011925473809242,-17.682445526123047,-7.0,7.0,4.505151748657227,0.46151629090309143,1.0635648965835571,-0.609054446220398,712
individual,18,carpet,35,3150,0.029089907184243202,0.023154031485319138,-4.551881790161133,0.0050070760771632195,-7.0194926261901855,-7.0,7.0,4.5270891189575195,0.39204102754592896,1.1957015991210938,-0.6612688302993774,713
individual,18,carpet,36,3150,0.02451195754110813,0.03417138010263443,-4.70076847076416,0.005002210382372141,-9.08409309387207,-7.0,7.0,4.509592056274414,0.40450266003608704,1.0939762592315674,-0.6483831405639648,714
individual,18,carpet,37,3150,0.030200479552149773,0.026795806363224983,-4.740112781524658,0.004997327923774719,-13.80636215209961,-7.0,7.0,4.48521089553833,0.41708579659461975,1.107141137123108,-0.6208693385124207,715
individual,18,carpet,38,3150,0.012307467870414257,0.01891566812992096,-4.687265396118164,0.004992433357983828,-18.93838119506836,-7.0,7.0,4.643148422241211,0.4258209466934204,1.0437361001968384,-0.6090813875198364,716
individual,18,carpet,39,3150,0.021362492814660072,0.018843799829483032,-4.717740535736084,0.004987526684999466,-17.94598960876465,-7.0,7.0,4.619647026062012,0.3592299520969391,1.0382144451141357,-0.6313551068305969,717
individual,18,carpet,40,3150,0.011743541806936264,0.011404188349843025,-4.63463020324707,0.004982613492757082,-15.367610931396484,-7.0,7.0,4.481572151184082,0.43889573216438293,1.0319069623947144,-0.5932139158248901,718
individual,18,carpet,41,3150,0.019749945029616356,0.025488268584012985,-4.854376316070557,0.0049776905216276646,-18.135486602783203,-7.0,7.0,4.6139984130859375,0.43757766485214233,1.0060664415359497,-0.602716863155365,719
individual,18,carpet,42,3150,0.01795075461268425,0.014104699715971947,-4.689446449279785,0.004972761031240225,-13.185090065002441,-7.0,7.0,4.417238712310791,0.4282867908477783,1.1379635334014893,-0.639258086681366,720
individual,18,carpet,43,3150,0.017876308411359787,0.02139037288725376,-4.688200950622559,0.004967826418578625,-18.069782257080078,-7.0,7.0,4.530759811401367,0.4140320122241974,1.0053738355636597,-0.5874037742614746,721
individual,18,carpet,44,3150,0.019512437283992767,0.020840127021074295,-4.747806549072266,0.004962887614965439,-15.698349952697754,-7.0,7.0,4.580699920654297,0.30866339802742004,1.1307449340820312,-0.6760696768760681,722
individual,18,carpet,45,3150,0.01695849746465683,0.02064579725265503,-4.796576976776123,0.004957946483045816,-19.444931030273438,-7.0,7.0,4.6046648025512695,0.3301217555999756,1.0667301416397095,-0.6487752199172974,723
individual,18,carpet,46,3150,0.009919081814587116,0.01115918718278408,-4.780638217926025,0.0049530030228197575,-14.426397323608398,-7.0,7.0,4.509827613830566,0.5096569657325745,1.1154018640518188,-0.6476607322692871,724
individual,18,carpet,47,3150,0.016478434205055237,0.020881328731775284,-4.749999046325684,0.004948057699948549,-28.388235092163086,-7.0,7.0,4.6403961181640625,0.31229639053344727,0.9474925994873047,-0.6091535687446594,725
individual,18,carpet,48,3150,0.017186472192406654,0.017984386533498764,-4.752608299255371,0.0049431100487709045,-20.242443084716797,-7.0,7.0,4.609808921813965,0.3295583128929138,0.9992182850837708,-0.5967915654182434,726
individual,18,carpet,49,3150,0.02409612573683262,0.022971201688051224,-4.776034355163574,0.004938162863254547,-27.698863983154297,-7.0,7.0,4.6114702224731445,0.38584378361701965,0.8913323283195496,-0.5830168128013611,727
individual,18,carpet,50,3150,0.04779037460684776,0.05179251357913017,-4.922530174255371,0.00493321567773819,-13.966697692871094,-7.0,7.0,4.6463303565979,0.5129741430282593,1.0688526630401611,-0.6440402269363403,728
population,18,carpet,1,3150,0.0173909030854702,0.02744203247129917,-4.445597171783447,0.005159486550837755,-20.508888244628906,-7.0,7.0,4.335204124450684,0.39040035009384155,0.9209713339805603,-0.5630938410758972,679
population,18,carpet,2,3150,0.016315219923853874,0.01918506622314453,-4.505905628204346,0.005154450424015522,-22.49302101135254,-7.0,7.0,4.381788730621338,0.3258979022502899,0.9344848990440369,-0.5799756646156311,680
population,18,carpet,3,3150,0.01780864968895912,0.021045539528131485,-4.632300853729248,0.005149402189999819,-19.752107620239258,-7.0,7.0,4.335682392120361,0.41669851541519165,0.9952026009559631,-0.6382966041564941,681
population,18,carpet,4,3150,0.01037327665835619,0.011555949226021767,-4.571804046630859,0.005144344177097082,-13.366072654724121,-7.0,7.0,4.3332390785217285,0.46137988567352295,1.0048874616622925,-0.6426989436149597,682
population,18,carpet,5,3150,0.01806901954114437,0.01737337000668049,-4.518221855163574,0.005139276385307312,-12.004776954650879,-7.0,7.0,4.356729984283447,0.3997547924518585,1.0628894567489624,-0.6706165671348572,683
population,18,carpet,6,3150,0.01571369543671608,0.016842465847730637,-4.409816741943359,0.005134201142936945,-22.489831924438477,-7.0,7.0,4.343020915985107,0.3792228400707245,0.9793311953544617,-0.6335515379905701,684
population,18,carpet,7,3150,0.0264921635389328,0.027230001986026764,-4.494577407836914,0.005129118915647268,-10.819165229797363,-7.0,7.0,4.251496315002441,0.46856313943862915,1.125755786895752,-0.6875305771827698,685
population,18,carpet,8,3150,0.01523393951356411,0.01142171211540699,-4.471172332763672,0.005124031566083431,-8.45022964477539,-7.0,7.0,4.349170207977295,0.41994208097457886,1.1243383884429932,-0.677742063999176,686
population,18,carpet,9,3150,0.016308080404996872,0.01768014393746853,-4.572554588317871,0.005118942353874445,-20.1015567779541,-7.0,7.0,4.444006443023682,0.39661404490470886,0.9761341214179993,-0.6024327278137207,687
population,18,carpet,10,3150,0.017767075449228287,0.014976289123296738,-4.641908645629883,0.005113848019391298,-14.851480484008789,-7.0,7.0,4.471556186676025,0.4124736189842224,1.030513048171997,-0.608982264995575,688
population,18,carpet,11,3150,0.03837836533784866,0.040060169994831085,-4.4427666664123535,0.005108751822263002,-7.841414451599121,-7.0,7.0,4.302945137023926,0.4529321491718292,1.0647828578948975,-0.6101054549217224,689
population,18,carpet,12,3150,0.013199005275964737,0.012497883290052414,-4.491855621337891,0.0051036556251347065,-18.32640266418457,-7.0,7.0,4.376824378967285,0.2799953520298004,0.9480988383293152,-0.5391071438789368,690
population,18,carpet,13,3150,0.016539316624403,0.017064856365323067,-4.686286449432373,0.005098557565361261,-19.817548751831055,-7.0,7.0,4.503345489501953,0.4243377149105072,0.9688021540641785,-0.5725273489952087,691
population,18,carpet,14,3150,0.015957819297909737,0.014739010483026505,-4.605146408081055,0.005093459505587816,-9.412033081054688,-7.0,7.0,4.45780086517334,0.4003251791000366,1.142562985420227,-0.6216336488723755,692
population,18,carpet,15,3150,0.02040942944586277,0.02061747945845127,-4.461526393890381,0.005088361445814371,-20.304563522338867,-7.0,7.0,4.288236141204834,0.5108166933059692,1.0346014499664307,-0.5153921842575073,693
population,18,carpet,16,3150,0.020061122253537178,0.01467197760939598,-4.508023262023926,0.005083266645669937,-16.753047943115234,-7.0,7.0,4.468939781188965,0.32847994565963745,1.0067635774612427,-0.5424824357032776,694
population,18,carpet,17,3150,0.02101048082113266,0.02978072315454483,-4.626000881195068,0.005078171379864216,-21.498666763305664,-7.0,7.0,4.299971103668213,0.4094425141811371,0.942244827747345,-0.5013696551322937,695
population,18,carpet,18,3150,0.018174197524785995,0.01476842351257801,-4.708010673522949,0.005073079373687506,-24.43840217590332,-7.0,7.0,4.498890399932861,0.4736093282699585,1.0006146430969238,-0.5235918760299683,696
population,18,carpet,19,3150,0.018893038854002953,0.02167317643761635,-4.656172275543213,0.005067987367510796,-23.545608520507812,-7.0,7.0,4.548999786376953,0.39988788962364197,0.9927999377250671,-0.5328839421272278,697
population,18,carpet,20,3150,0.027660004794597626,0.020824609324336052,-4.5694661140441895,0.005062898155301809,-19.264873504638672,-7.0,7.0,4.439268112182617,0.37455689907073975,1.0776489973068237,-0.5958288908004761,698
population,18,carpet,21,3150,0.02499900758266449,0.021869130432605743,-4.7689127922058105,0.005057811737060547,-24.547517776489258,-7.0,7.0,4.415688514709473,0.41959547996520996,0.9633262753486633,-0.5154746770858765,699
population,18,carpet,22,3150,0.00824329536408186,0.009853707626461983,-4.736192226409912,0.005052727647125721,-28.412485122680664,-7.0,7.0,4.600804805755615,0.48482051491737366,0.8541837334632874,-0.4972408711910248,700
population,18,carpet,23,3150,0.016344629228115082,0.013669312000274658,-4.716784477233887,0.005047646816819906,-23.283069610595703,-7.0,7.0,4.546233654022217,0.3542051613330841,0.9198049902915955,-0.49437829852104187,701
population,18,carpet,24,3150,0.014843354001641273,0.014583670534193516,-4.720442771911621,0.005042570643126965,-26.489398956298828,-7.0,7.0,4.559089660644531,0.3643758296966553,0.8585047125816345,-0.4850286841392517,702
population,18,carpet,25,3150,0.02286688983440399,0.023447899147868156,-4.586363792419434,0.005037497263401747,-16.579885482788086,-7.0,7.0,4.422015190124512,0.5205146074295044,1.0440711975097656,-0.4986114501953125,703
population,18,carpet,26,3150,0.023647408932447433,0.026134517043828964,-4.562968730926514,0.005032429005950689,-16.277666091918945,-7.0,7.0,4.362679481506348,0.433891236782074,1.1203783750534058,-0.5520632863044739,704
population,18,carpet,27,3150,0.02331998199224472,0.028466645628213882,-4.84050178527832,0.005027363542467356,-16.22199058532715,-7.0,7.0,4.523411750793457,0.3443416953086853,1.01759934425354,-0.5750840902328491,705
population,18,carpet,28,3150,0.013523180037736893,0.013683494180440903,-4.71989631652832,0.0050223032012581825,-26.274917602539062,-7.0,7.0,4.644598960876465,0.32786864042282104,0.8988621830940247,-0.5330422520637512,706
population,18,carpet,29,3150,0.017110982909798622,0.016669895499944687,-4.616241455078125,0.005017417948693037,-3.4798097610473633,-7.0,7.0,4.480436325073242,0.4548083543777466,1.1646403074264526,-0.5985512137413025,707
population,18,carpet,30,3150,0.03344367444515228,0.029956553131341934,-4.679085731506348,0.005012517794966698,-5.91566801071167,-7.0,7.0,4.545871734619141,0.4643649756908417,1.1252562999725342,-0.5995474457740784,708
population,18,carpet,31,3150,0.026069799438118935,0.023125873878598213,-4.714956283569336,0.00500861881300807,8.689281463623047,-7.0,7.0,4.424366474151611,0.42026805877685547,1.351906418800354,-0.7054856419563293,709
population,18,carpet,32,3150,0.021671447902917862,0.02429691143333912,-4.7746710777282715,0.005004605744034052,-11.997512817382812,-7.0,7.0,4.535165309906006,0.4641270637512207,1.0915530920028687,-0.5912269353866577,710
population,18,carpet,33,3150,0.01362684741616249,0.011318420059978962,-4.758426666259766,0.005000490695238113,-19.444421768188477,-7.0,7.0,4.603960990905762,0.3741008937358856,1.0422518253326416,-0.5725707411766052,711
population,18,carpet,34,3150,0.01695827767252922,0.028327835723757744,-4.652254104614258,0.00499729672446847,10.372696876525879,-7.0,7.0,4.507585525512695,0.45115646719932556,1.433113932609558,-0.7562960386276245,712
population,18,carpet,35,3150,0.022659068927168846,0.025370830669999123,-4.846996307373047,0.004993918817490339,-17.868223190307617,-7.0,7.0,4.58855676651001,0.3702137768268585,1.0621312856674194,-0.5919613242149353,713
population,18,carpet,36,3150,0.011718366295099258,0.017239734530448914,-4.841224670410156,0.004990441258996725,-4.62518835067749,-7.0,7.0,4.598161697387695,0.5233744978904724,1.2423654794692993,-0.6394796371459961,714
population,18,carpet,37,3150,0.01594310812652111,0.014311568811535835,-4.843212604522705,0.004986918065696955,-4.136736869812012,-7.0,7.0,4.691890716552734,0.43014776706695557,1.2713936567306519,-0.695015549659729,715
population,18,carpet,38,3150,0.019314000383019447,0.02054399438202381,-4.6211442947387695,0.004983383230865002,-3.8411755561828613,-7.0,7.0,4.539259433746338,0.4330386221408844,1.2632187604904175,-0.6669098734855652,716
population,18,carpet,39,3150,0.01341631356626749,0.007874563336372375,-4.778102874755859,0.004980477970093489,2.908759593963623,-7.0,7.0,4.49656343460083,0.5151231288909912,1.3413221836090088,-0.6829062104225159,717
population,18,carpet,40,3150,0.015748556703329086,0.016727833077311516,-4.880351543426514,0.004977360833436251,-8.706884384155273,-7.0,7.0,4.652845859527588,0.34786608815193176,1.2172858715057373,-0.6766143441200256,718
population,18,carpet,41,3150,0.021221034228801727,0.016329996287822723,-4.741408348083496,0.004974053241312504,-5.999403476715088,-7.0,7.0,4.67449951171875,0.3038809895515442,1.2369120121002197,-0.6720776557922363,719
population,18,carpet,42,3150,0.020501859486103058,0.022737184539437294,-4.984564781188965,0.004970577545464039,-5.4298858642578125,-7.0,7.0,4.844202518463135,0.513947606086731,1.1921592950820923,-0.6640093922615051,720
population,18,carpet,43,3150,0.02543065696954727,0.023879893124103546,-4.9668707847595215,0.004966947715729475,-8.632877349853516,-7.0,7.0,4.720658302307129,0.4181894063949585,1.1880654096603394,-0.6567476987838745,721
population,18,carpet,44,3150,0.02131015621125698,0.024264665320515633,-4.812541484832764,0.004963180981576443,-5.3850250244140625,-7.0,7.0,4.545600414276123,0.3958638906478882,1.2220380306243896,-0.6214812397956848,722
population,18,carpet,45,3150,0.029904942959547043,0.025780493393540382,-4.722259998321533,0.0049592917785048485,-15.736337661743164,-7.0,7.0,4.6461639404296875,0.4636410176753998,1.1083412170410156,-0.5761346220970154,723
population,18,carpet,46,3150,0.01717858389019966,0.022418774664402008,-4.750199317932129,0.004955294542014599,-7.3510308265686035,-7.0,7.0,4.49758243560791,0.42333510518074036,1.239905595779419,-0.6256337761878967,724
population,18,carpet,47,3150,0.020339878275990486,0.016517246142029762,-4.968457221984863,0.004951293580234051,-4.29224967956543,-7.0,7.0,4.710357666015625,0.5032046437263489,1.2475919723510742,-0.6250523328781128,725
population,18,carpet,48,3150,0.03069945238530636,0.03242415189743042,-5.028841018676758,0.004947194363921881,-12.928979873657227,-7.0,7.0,4.747897624969482,0.4744791090488434,1.157976508140564,-0.591209352016449,726
population,18,carpet,49,3150,0.009481063112616539,0.009463654831051826,-4.817528247833252,0.004943006206303835,-8.37179183959961,-7.0,7.0,4.548009872436523,0.4378347098827362,1.2604838609695435,-0.5904669165611267,727
population,18,carpet,50,3150,0.01886708289384842,0.013504327274858952,-4.862176418304443,0.004939085803925991,-1.610121726989746,-7.0,7.0,4.611449241638184,0.43382951617240906,1.3123911619186401,-0.6353081464767456,728
individual,19,carpet,1,3325,0.027889356017112732,0.0258713997900486,-4.8191375732421875,0.00492826895788312,-12.261618614196777,-7.0,7.0,4.550354480743408,0.3917967677116394,1.0870513916015625,-0.6526802778244019,729
individual,19,carpet,2,3325,0.025433380156755447,0.03858312591910362,-4.762683868408203,0.0049233222380280495,-33.42412567138672,-7.0,7.0,4.825163841247559,0.3490718603134155,0.7684273719787598,-0.5583204627037048,730
individual,19,carpet,3,3325,0.03797426447272301,0.03415524959564209,-4.857183456420898,0.004918378312140703,-14.84134578704834,-7.0,7.0,4.678979873657227,0.5712070465087891,1.073731780052185,-0.6445396542549133,731
individual,19,carpet,4,3325,0.030744168907403946,0.03365418314933777,-4.967097759246826,0.0049134367145597935,-16.423370361328125,-7.0,7.0,4.598654747009277,0.4386829733848572,1.0644309520721436,-0.6531602144241333,732
individual,19,carpet,5,3325,0.027404271066188812,0.02815793827176094,-5.133325576782227,0.004908496048301458,-23.41452407836914,-7.0,7.0,4.858580112457275,0.5092987418174744,0.9630305171012878,-0.6424993872642517,733
individual,19,carpet,6,3325,0.022259660065174103,0.020339930430054665,-4.728325366973877,0.0049035572446882725,-29.878755569458008,-7.0,7.0,4.745720386505127,0.36590614914894104,0.9174376130104065,-0.647907555103302,734
individual,19,carpet,7,3325,0.07378353178501129,0.09397171437740326,-4.6748247146606445,0.004898621700704098,-16.64246940612793,-7.0,7.0,4.68638801574707,0.450331449508667,1.0593541860580444,-0.6312187314033508,735
individual,19,carpet,8,3325,0.03268849104642868,0.035011906176805496,-5.0376505851745605,0.004893690813332796,-13.143153190612793,-7.0,7.0,4.689526081085205,0.553680419921875,1.1237050294876099,-0.6273171305656433,736
individual,19,carpet,9,3325,0.042868722230196,0.046044062823057175,-4.971442222595215,0.004888762719929218,-17.596599578857422,-7.0,7.0,4.593849182128906,0.339680939912796,1.053672432899475,-0.6108728051185608,737
individual,19,carpet,10,3325,0.013342280872166157,0.0161227248609066,-4.971803188323975,0.004883836954832077,-23.315011978149414,-7.0,7.0,4.726733207702637,0.42143410444259644,1.0297387838363647,-0.615513801574707,738
individual,19,carpet,11,3325,0.042760785669088364,0.04816502705216408,-4.798352241516113,0.004878916312009096,-13.801450729370117,-7.0,7.0,4.752058029174805,0.3522927463054657,1.0695598125457764,-0.6516340970993042,739
individual,19,carpet,12,3325,0.020823640748858452,0.023999854922294617,-4.809268474578857,0.004873998463153839,-8.520068168640137,-7.0,7.0,4.60374641418457,0.417411208152771,1.2312736511230469,-0.6983890533447266,740
individual,19,carpet,13,3325,0.03569924831390381,0.03569229319691658,-5.116753578186035,0.004869162105023861,-4.464451789855957,-7.0,7.0,4.800112247467041,0.42854422330856323,1.2271884679794312,-0.7302242517471313,741
individual,19,carpet,14,3325,0.01089853048324585,0.012364253401756287,-4.954086780548096,0.004864321555942297,-7.392667293548584,-7.0,7.0,4.8172454833984375,0.40861108899116516,1.1710478067398071,-0.7148271799087524,742
individual,19,carpet,15,3325,0.028096767142415047,0.02356630377471447,-4.8161749839782715,0.004859478212893009,-14.223045349121094,-7.0,7.0,4.7034759521484375,0.4571433663368225,1.0857130289077759,-0.6507981419563293,743
individual,19,carpet,16,3325,0.016125941649079323,0.014585217460989952,-4.8619818687438965,0.004854633007198572,-5.483065605163574,-7.0,7.0,4.707964897155762,0.4713664650917053,1.2165271043777466,-0.7186508178710938,744
individual,19,carpet,17,3325,0.03245150297880173,0.03194880485534668,-4.976321697235107,0.004849785938858986,-20.328065872192383,-7.0,7.0,4.705899715423584,0.3748261630535126,1.0176080465316772,-0.6181898713111877,745
individual,19,carpet,18,3325,0.018142256885766983,0.017894232645630836,-4.838940143585205,0.004844936542212963,-13.99244213104248,-7.0,7.0,4.614987850189209,0.294271320104599,1.1177722215652466,-0.6449528932571411,746
individual,19,carpet,19,3325,0.03081653267145157,0.026043089106678963,-4.809483528137207,0.004840087611228228,-18.69040870666504,-7.0,7.0,4.818024635314941,0.42655566334724426,1.0431994199752808,-0.5966543555259705,747
individual,19,carpet,20,3325,0.02504972368478775,0.02473113313317299,-4.902537822723389,0.004835238680243492,-15.625264167785645,-7.0,7.0,4.855639934539795,0.38573598861694336,1.0520117282867432,-0.6197722554206848,748
individual,19,carpet,21,3325,0.022537052631378174,0.018581077456474304,-5.009241580963135,0.004830390214920044,-27.50609016418457,-7.0,7.0,4.849474906921387,0.39230450987815857,0.9370304346084595,-0.5747449994087219,749
individual,19,carpet,22,3325,0.035650402307510376,0.031110594049096107,-5.169214248657227,0.004825544077903032,-15.671480178833008,-7.0,7.0,4.902382850646973,0.43926793336868286,1.0692760944366455,-0.6030300259590149,750
individual,19,carpet,23,3325,0.015990545973181725,0.017504610121250153,-5.179874420166016,0.004820698406547308,-12.662221908569336,-7.0,7.0,5.033847808837891,0.4018619656562805,1.127211332321167,-0.6256948709487915,751
individual,19,carpet,24,3325,0.03587108105421066,0.03316466510295868,-4.854411602020264,0.00481585506349802,-14.665484428405762,-7.0,7.0,4.79710054397583,0.29833555221557617,1.1289726495742798,-0.6299759745597839,752
individual,19,carpet,25,3325,0.028663141652941704,0.027931442484259605,-5.151965141296387,0.004811014514416456,-9.566767692565918,-7.0,7.0,4.965387344360352,0.4605683982372284,1.1570169925689697,-0.6184126734733582,753
individual,19,carpet,26,3325,0.019734883680939674,0.01762392930686474,-5.0706071853637695,0.004806258715689182,-4.406527519226074,-7.0,7.0,4.856067657470703,0.5089272856712341,1.2541191577911377,-0.6501947641372681,754
individual,19,carpet,27,3325,0.01941332407295704,0.017247306182980537,-5.105086326599121,0.0048017301596701145,-2.745797634124756,-7.0,7.0,4.923314571380615,0.5167368650436401,1.2899552583694458,-0.675201952457428,755
individual,19,carpet,28,3325,0.015686731785535812,0.015552422031760216,-5.124093532562256,0.0047977822832763195,1.4086570739746094,-7.0,7.0,4.90981388092041,0.5172343850135803,1.2738685607910156,-0.698005199432373,756
individual,19,carpet,29,3325,0.012953968718647957,0.013446670025587082,-5.11588716506958,0.0047943973913788795,1.8424065113067627,-7.0,7.0,4.88465690612793,0.4383595883846283,1.3648968935012817,-0.7374356985092163,757
individual,19,carpet,30,3325,0.025135409086942673,0.024541495367884636,-5.117005348205566,0.004791049286723137,-3.3185393810272217,-7.0,7.0,4.986181259155273,0.3846289813518524,1.225873589515686,-0.6805996298789978,758
individual,19,carpet,31,3325,0.018453987315297127,0.01970701850950718,-5.0205302238464355,0.004787973128259182,-0.6752603650093079,-7.0,7.0,4.858343601226807,0.5241922736167908,1.294973373413086,-0.7016785740852356,759
individual,19,carpet,32,3325,0.026159735396504402,0.029113126918673515,-5.154929161071777,0.004784720949828625,-7.772803783416748,-7.0,7.0,5.037533283233643,0.4686935245990753,1.2401844263076782,-0.6881065964698792,760
individual,19,carpet,33,3325,0.012252056039869785,0.011620623990893364,-4.992503643035889,0.004782280419021845,8.076029777526855,-7.0,7.0,4.7296342849731445,0.4745998680591583,1.4136440753936768,-0.7109648585319519,761
individual,19,carpet,34,3325,0.02442021295428276,0.02048605866730213,-5.15069580078125,0.0047805700451135635,9.030229568481445,-7.0,7.0,4.87654447555542,0.4717878997325897,1.4506851434707642,-0.722163200378418,762
individual,19,carpet,35,3325,0.013807442039251328,0.013141411356627941,-5.02250337600708,0.004778669681400061,-3.9787039756774902,-7.0,7.0,4.862448215484619,0.39419254660606384,1.2477270364761353,-0.6608608365058899,763
individual,19,carpet,36,3325,0.040907591581344604,0.03878745064139366,-5.119651794433594,0.004777159076184034,2.204301118850708,-7.0,7.0,5.119483947753906,0.3627653419971466,1.3453552722930908,-0.6653618216514587,764
individual,19,carpet,37,3325,0.02349151484668255,0.02926124632358551,-5.046265602111816,0.004775535315275192,-2.907923460006714,-7.0,7.0,4.814032077789307,0.45913681387901306,1.3503080606460571,-0.6540002822875977,765
individual,19,carpet,38,3325,0.02728419564664364,0.02333632856607437,-5.108039379119873,0.004773588385432959,-13.593603134155273,-7.0,7.0,4.814396381378174,0.410046249628067,1.1822539567947388,-0.602763831615448,766
individual,19,carpet,39,3325,0.01334778405725956,0.011964165605604649,-5.103761672973633,0.0047714607790112495,-4.143878936767578,-7.0,7.0,5.052819728851318,0.3276020586490631,1.3124862909317017,-0.6342216730117798,767
individual,19,carpet,40,3325,0.03175133466720581,0.029623132199048996,-5.0486273765563965,0.004769061226397753,-12.44534683227539,-7.0,7.0,4.9879350662231445,0.5033621191978455,1.2160780429840088,-0.576883852481842,768
individual,19,carpet,41,3325,0.018297165632247925,0.014883295632898808,-5.147850036621094,0.0047665489837527275,-3.8859152793884277,-7.0,7.0,4.912198543548584,0.51515793800354,1.2766876220703125,-0.5954375267028809,769
individual,19,carpet,42,3325,0.03384529799222946,0.03301543742418289,-5.298091888427734,0.004763803910464048,-9.480836868286133,-7.0,7.0,5.042875289916992,0.32385724782943726,1.1618417501449585,-0.5614761114120483,770
individual,19,carpet,43,3325,0.015383224934339523,0.01669272407889366,-5.2224907875061035,0.004760849755257368,-7.866491317749023,-7.0,7.0,5.129728317260742,0.48881110548973083,1.2679284811019897,-0.5963265299797058,771
individual,19,carpet,44,3325,0.01916535757482052,0.01881459355354309,-5.066126346588135,0.004757708869874477,-24.950054168701172,-7.0,7.0,4.886249542236328,0.30431869626045227,0.9683136343955994,-0.47372499108314514,772
individual,19,carpet,45,3325,0.022252516821026802,0.018491603434085846,-5.177052021026611,0.004754399880766869,-18.022369384765625,-7.0,7.0,5.022745132446289,0.41441458463668823,1.105518102645874,-0.5355772376060486,773
individual,19,carpet,46,3325,0.024495627731084824,0.028505131602287292,-5.1742143630981445,0.004750941414386034,-15.27914810180664,-7.0,7.0,4.954647064208984,0.46647003293037415,1.1283384561538696,-0.5541442036628723,774
individual,19,carpet,47,3325,0.02981465868651867,0.027611861005425453,-5.199528217315674,0.00474734790623188,-22.2325496673584,-7.0,7.0,4.933414936065674,0.3802950978279114,1.100022315979004,-0.5195587277412415,775
individual,19,carpet,48,3325,0.016029367223381996,0.015020307153463364,-5.1410369873046875,0.004743632394820452,-18.724843978881836,-7.0,7.0,4.886519908905029,0.4675367474555969,1.119104266166687,-0.4856564700603485,776
individual,19,carpet,49,3325,0.019364606589078903,0.014703423716127872,-5.040554523468018,0.004739808849990368,-24.827388763427734,-7.0,7.0,4.890103816986084,0.37699732184410095,0.9653326272964478,-0.47091177105903625,777
individual,19,carpet,50,3325,0.02019161731004715,0.021653616800904274,-5.260385513305664,0.004735888913273811,-24.276247024536133,-7.0,7.0,5.137388229370117,0.3811439275741577,1.0751392841339111,-0.5623130798339844,778
population,19,carpet,1,3325,0.015357719734311104,0.02058224380016327,-4.896216869354248,0.004935060162097216,-10.359678268432617,-7.0,7.0,4.785186290740967,0.4600060284137726,1.173097014427185,-0.5805788636207581,729
population,19,carpet,2,3325,0.010535325855016708,0.012397626414895058,-4.910806179046631,0.004930941388010979,-15.86761474609375,-7.0,7.0,4.770664215087891,0.302870512008667,1.0807335376739502,-0.5704851150512695,730
population,19,carpet,3,3325,0.01247491966933012,0.016175953671336174,-5.074233531951904,0.004926739260554314,-12.484430313110352,-7.0,7.0,4.888641357421875,0.4495096504688263,1.1238336563110352,-0.5892390012741089,731
population,19,carpet,4,3325,0.016045300289988518,0.020129665732383728,-5.04935884475708,0.004923031199723482,0.7870337963104248,-7.0,7.0,4.897233486175537,0.4415406882762909,1.3419649600982666,-0.6662372946739197,732
population,19,carpet,5,3325,0.016430523246526718,0.015326417982578278,-4.905585765838623,0.00491919694468379,-7.36224365234375,-7.0,7.0,4.713891983032227,0.3704211711883545,1.2100578546524048,-0.6479527354240417,733
population,19,carpet,6,3325,0.028011379763484,0.020526757463812828,-4.7990498542785645,0.004915377125144005,-3.937708854675293,-7.0,7.0,4.733710765838623,0.35636571049690247,1.282246708869934,-0.649556577205658,734
population,19,carpet,7,3325,0.013890540227293968,0.013226049020886421,-5.10015869140625,0.00491150189191103,-4.681863784790039,-7.0,7.0,4.879680633544922,0.40046462416648865,1.2712382078170776,-0.6737012267112732,735
population,19,carpet,8,3325,0.039706796407699585,0.03065039962530136,-5.065316200256348,0.004907588008791208,-4.596235275268555,-7.0,7.0,4.722206115722656,0.40479227900505066,1.3114532232284546,-0.6550139784812927,736
population,19,carpet,9,3325,0.013694720342755318,0.014546720311045647,-5.039978981018066,0.004904226399958134,1.731745719909668,-7.0,7.0,4.78872013092041,0.285651296377182,1.3337281942367554,-0.6969729065895081,737
population,19,carpet,10,3325,0.038779161870479584,0.02621937170624733,-4.898499488830566,0.004901423119008541,2.374777317047119,-7.0,7.0,4.813355445861816,0.4349730610847473,1.355350375175476,-0.6829900741577148,738
population,19,carpet,11,3325,0.016061946749687195,0.013825100846588612,-4.94371223449707,0.004899023566395044,1.32234525680542,-7.0,7.0,4.8127031326293945,0.428018182516098,1.3347128629684448,-0.6990470886230469,739
population,19,carpet,12,3325,0.05573388189077377,0.03592195361852646,-5.125669002532959,0.004897363018244505,13.547165870666504,-7.0,7.0,4.738440990447998,0.460518479347229,1.5029332637786865,-0.7423245310783386,740
population,19,carpet,13,3325,0.019011735916137695,0.01956072635948658,-4.914377689361572,0.004896365571767092,24.377323150634766,-7.0,7.0,4.724735736846924,0.32962220907211304,1.6458123922348022,-0.829450786113739,741
population,19,carpet,14,3325,0.025560472160577774,0.02229487895965576,-4.679633617401123,0.004895966500043869,32.31637954711914,-7.0,7.0,4.555333614349365,0.45723751187324524,1.742862582206726,-0.849768340587616,742
population,19,carpet,15,3325,0.011220991611480713,0.014700035564601421,-4.991088390350342,0.004896104335784912,20.96964454650879,-7.0,7.0,4.902304172515869,0.4707980155944824,1.566462516784668,-0.773467481136322,743
population,19,carpet,16,3325,0.011924699880182743,0.009460192173719406,-5.127843379974365,0.004896727856248617,17.61406707763672,-7.0,7.0,4.967536449432373,0.5389993190765381,1.5507527589797974,-0.770340621471405,744
population,19,carpet,17,3325,0.02864891290664673,0.025925174355506897,-5.045303821563721,0.004897785373032093,7.0418500900268555,-7.0,7.0,4.85778284072876,0.4336267113685608,1.472870945930481,-0.7403174638748169,745
population,19,carpet,18,3325,0.017129115760326385,0.01786838099360466,-4.9291582107543945,0.0048986938782036304,-0.4872417449951172,-7.0,7.0,4.74362325668335,0.38070109486579895,1.3765506744384766,-0.692744791507721,746
population,19,carpet,19,3325,0.04942603409290314,0.039542295038700104,-4.914098739624023,0.004899011924862862,-5.4861860275268555,-7.0,7.0,4.970509052276611,0.46168363094329834,1.3040220737457275,-0.6678796410560608,747
population,19,carpet,20,3325,0.018493201583623886,0.01439354196190834,-5.0329132080078125,0.004899796564131975,22.38042449951172,-7.0,7.0,4.744089126586914,0.46750086545944214,1.7009414434432983,-0.7805043458938599,748
population,19,carpet,21,3325,0.02774551324546337,0.02347029559314251,-5.154922962188721,0.004901002626866102,7.351053237915039,-7.0,7.0,4.850767612457275,0.4891648590564728,1.4085397720336914,-0.6905413866043091,749
population,19,carpet,22,3325,0.028320923447608948,0.027550160884857178,-5.089282035827637,0.0049025872722268105,8.566709518432617,-7.0,7.0,4.887660980224609,0.3568894565105438,1.4268896579742432,-0.708928108215332,750
population,19,carpet,23,3325,0.057565219700336456,0.041418321430683136,-4.855341911315918,0.004904511384665966,14.842522621154785,-7.0,7.0,4.855979919433594,0.3932805359363556,1.4966174364089966,-0.7473781704902649,751
population,19,carpet,24,3325,0.0200758446007967,0.015906348824501038,-5.181896209716797,0.004905746318399906,-6.848228931427002,-7.0,7.0,4.986715316772461,0.48169535398483276,1.192541241645813,-0.6562498807907104,752
population,19,carpet,25,3325,0.04934805631637573,0.03574136272072792,-5.269521236419678,0.004907356109470129,9.909085273742676,-7.0,7.0,4.855422019958496,0.4157959818840027,1.4176706075668335,-0.7347344756126404,753
population,19,carpet,26,3325,0.02043421007692814,0.02023928239941597,-5.137122631072998,0.004908746108412743,-0.6358168721199036,-7.0,7.0,4.943523406982422,0.3976762592792511,1.3121421337127686,-0.6928908228874207,754
population,19,carpet,27,3325,0.06849030405282974,0.049100134521722794,-4.9226884841918945,0.004910497460514307,8.479682922363281,-7.0,7.0,4.948334693908691,0.501939058303833,1.351854920387268,-0.6910884976387024,755
population,19,carpet,28,3325,0.015097057446837425,0.01405694056302309,-5.068961143493652,0.004912036005407572,-0.42076754570007324,-7.0,7.0,4.802681922912598,0.3937629163265228,1.271323561668396,-0.6655170321464539,756
population,19,carpet,29,3325,0.02803058549761772,0.020556628704071045,-5.162877082824707,0.0049135563895106316,1.4231605529785156,-7.0,7.0,4.758100509643555,0.4202154278755188,1.384905457496643,-0.6887499094009399,757
population,19,carpet,30,3325,0.017622554674744606,0.01605156809091568,-5.203514099121094,0.0049154264852404594,6.1790971755981445,-7.0,7.0,4.892936706542969,0.4494715929031372,1.3593202829360962,-0.6853893399238586,758
population,19,carpet,31,3325,0.030367854982614517,0.02336602658033371,-5.118429660797119,0.004916610196232796,-10.193538665771484,-7.0,7.0,5.0790910720825195,0.4375389516353607,1.1473599672317505,-0.596851646900177,759
population,19,carpet,32,3325,0.014365240931510925,0.013102826662361622,-5.148394584655762,0.004917173180729151,-5.694966793060303,-7.0,7.0,4.950634479522705,0.4698522984981537,1.2525380849838257,-0.611064612865448,760
population,19,carpet,33,3325,0.02629914879798889,0.02148691564798355,-5.345165252685547,0.004917177837342024,-6.342949867248535,-7.0,7.0,5.054905891418457,0.4626379609107971,1.231994867324829,-0.5887356400489807,761
population,19,carpet,34,3325,0.02538074366748333,0.023365840315818787,-5.133247375488281,0.004916680511087179,-5.390444755554199,-7.0,7.0,4.853916168212891,0.535998523235321,1.295835256576538,-0.6177176237106323,762
population,19,carpet,35,3325,0.05452902242541313,0.03791239485144615,-5.092238903045654,0.004916183650493622,-0.5241687297821045,-7.0,7.0,5.076098442077637,0.34343528747558594,1.3123055696487427,-0.6196743249893188,763
population,19,carpet,36,3325,0.020094869658350945,0.013944693841040134,-5.263958930969238,0.004915234167128801,-9.315741539001465,-7.0,7.0,4.962596893310547,0.2863280177116394,1.1641994714736938,-0.5802729725837708,764
population,19,carpet,37,3325,0.03920207917690277,0.024571144953370094,-5.516580104827881,0.004913879558444023,-14.571321487426758,-7.0,7.0,5.176058292388916,0.3854653239250183,1.172446608543396,-0.5871104598045349,765
population,19,carpet,38,3325,0.03001934289932251,0.02313918061554432,-5.2208123207092285,0.004912158008664846,-14.956681251525879,-7.0,7.0,5.130525588989258,0.34829166531562805,1.1224323511123657,-0.5580234527587891,766
population,19,carpet,39,3325,0.043548133224248886,0.03363838419318199,-5.148463249206543,0.004910108633339405,-8.826141357421875,-7.0,7.0,5.0468926429748535,0.44441136717796326,1.2348544597625732,-0.6043733954429626,767
population,19,carpet,40,3325,0.03727610781788826,0.029710788279771805,-5.346916675567627,0.004908049013465643,-2.2726142406463623,-7.0,7.0,5.004705905914307,0.3538847863674164,1.3967015743255615,-0.660007894039154,768
population,19,carpet,41,3325,0.02973249740898609,0.022872375324368477,-5.438116073608398,0.004906102083623409,-0.9820820093154907,-7.0,7.0,5.065038681030273,0.44067418575286865,1.3153183460235596,-0.6491575241088867,769
population,19,carpet,42,3325,0.04413776099681854,0.04000111669301987,-5.229191780090332,0.004904516041278839,1.7859148979187012,-7.0,7.0,5.127319812774658,0.4195517301559448,1.4342676401138306,-0.6976257562637329,770
population,19,carpet,43,3325,0.01486510131508112,0.010992159135639668,-5.184873580932617,0.004903592634946108,8.758357048034668,-7.0,7.0,5.003422260284424,0.3472517728805542,1.5227282047271729,-0.7517305612564087,771
population,19,carpet,44,3325,0.02253037691116333,0.025664113461971283,-5.37991189956665,0.004902259912341833,-12.753768920898438,-7.0,7.0,5.03830623626709,0.4919288456439972,1.1114890575408936,-0.6189569234848022,772
population,19,carpet,45,3325,0.024099871516227722,0.019677728414535522,-5.1893534660339355,0.004901560954749584,17.52740478515625,-7.0,7.0,4.899127006530762,0.43801864981651306,1.547959327697754,-0.7737271189689636,773
population,19,carpet,46,3325,0.028682440519332886,0.026368198916316032,-5.206506729125977,0.004901420790702105,5.184660911560059,-7.0,7.0,5.154514312744141,0.414333313703537,1.3495447635650635,-0.7340129017829895,774
population,19,carpet,47,3325,0.02973419800400734,0.021456841379404068,-5.185336112976074,0.004901797045022249,6.145791530609131,-7.0,7.0,5.052255630493164,0.41694939136505127,1.4231830835342407,-0.7633211016654968,775
population,19,carpet,48,3325,0.05140220746397972,0.044854626059532166,-5.449984550476074,0.004902636166661978,25.345491409301758,-7.0,7.0,5.055980205535889,0.4350808262825012,1.684200644493103,-0.845806896686554,776
population,19,carpet,49,3325,0.02442901022732258,0.024301383644342422,-5.3843183517456055,0.004903894383460283,31.36701202392578,-7.0,7.0,5.171709060668945,0.4295957088470459,1.7448838949203491,-0.8828768134117126,777
population,19,carpet,50,3325,0.013463440351188183,0.012068541720509529,-5.296850681304932,0.0049055288545787334,8.721924781799316,-7.0,7.0,5.092767238616943,0.33386391401290894,1.4347695112228394,-0.7751078605651855,778
individual,20,carpet,1,3500,0.022305989637970924,0.027944475412368774,-5.208765983581543,0.0047318823635578156,-9.661940574645996,-7.0,7.0,5.038964748382568,0.5129780173301697,1.208966612815857,-0.5993186235427856,779
individual,20,carpet,2,3500,0.02848615124821663,0.022894416004419327,-5.307309150695801,0.004727798048406839,-24.21497917175293,-7.0,7.0,5.089204788208008,0.43502020835876465,1.0527076721191406,-0.5399234294891357,780
individual,20,carpet,3,3500,0.02101336233317852,0.01695195399224758,-5.289331912994385,0.004723644815385342,-8.174642562866211,-7.0,7.0,5.031044006347656,0.507783055305481,1.2200905084609985,-0.6075075268745422,781
individual,20,carpet,4,3500,0.024506865069270134,0.01898101344704628,-5.115952014923096,0.004719430115073919,-9.35824966430664,-7.0,7.0,5.046443939208984,0.34919703006744385,1.1962355375289917,-0.652215301990509,782
individual,20,carpet,5,3500,0.015537512488663197,0.015595630742609501,-5.2389235496521,0.004715160932391882,-13.850837707519531,-7.0,7.0,5.1197943687438965,0.5218970775604248,1.0927337408065796,-0.5800410509109497,783
individual,20,carpet,6,3500,0.0245872363448143,0.02336723729968071,-5.234440803527832,0.004710841458290815,-7.789601802825928,-7.0,7.0,4.959895133972168,0.5447597503662109,1.2476680278778076,-0.5926083326339722,784
individual,20,carpet,7,3500,0.06644909828901291,0.06668190658092499,-5.368631839752197,0.0047064791433513165,-12.453470230102539,-7.0,7.0,5.1964335441589355,0.4727783203125,1.1547502279281616,-0.6537243723869324,785
individual,20,carpet,8,3500,0.023175347596406937,0.02477426640689373,-5.3093461990356445,0.004702078178524971,-13.539521217346191,-7.0,7.0,5.193094730377197,0.5027015209197998,1.1557674407958984,-0.6510617136955261,786
individual,20,carpet,9,3500,0.019998107105493546,0.020457809790968895,-5.213124752044678,0.004697642754763365,-14.962175369262695,-7.0,7.0,5.082459449768066,0.5107370615005493,1.1177464723587036,-0.6290855407714844,787
individual,20,carpet,10,3500,0.029366832226514816,0.033229079097509384,-5.373145580291748,0.0046931784600019455,-15.466915130615234,-7.0,7.0,5.29099178314209,0.47492584586143494,1.1164178848266602,-0.6364160180091858,788
individual,20,carpet,11,3500,0.020025450736284256,0.0187893845140934,-5.454712867736816,0.0046891095116734505,-0.5707528591156006,-7.0,7.0,5.163835048675537,0.4765236973762512,1.3247544765472412,-0.6626630425453186,789
individual,20,carpet,12,3500,0.026787210255861282,0.024803224951028824,-5.470948696136475,0.0046849725767970085,-20.99634552001953,-7.0,7.0,5.273438453674316,0.3828902244567871,1.0395333766937256,-0.6166355013847351,790
individual,20,carpet,13,3500,0.019495965912938118,0.02419106662273407,-5.304261207580566,0.004680776968598366,-11.381600379943848,-7.0,7.0,5.15895414352417,0.4039272665977478,1.1932487487792969,-0.6854734420776367,791
individual,20,carpet,14,3500,0.02509632706642151,0.02466360479593277,-5.269918918609619,0.004676529206335545,-7.952354431152344,-7.0,7.0,5.168941497802734,0.5283923149108887,1.2121232748031616,-0.683883786201477,792
individual,20,carpet,15,3500,0.02036096341907978,0.02212834730744362,-5.395236968994141,0.004672233946621418,-11.908853530883789,-7.0,7.0,5.289782524108887,0.516566276550293,1.0852925777435303,-0.6837023496627808,793
individual,20,carpet,16,3500,0.023127563297748566,0.02193722128868103,-5.289429187774658,0.004668817855417728,5.043564796447754,-7.0,7.0,5.059377193450928,0.4511089622974396,1.3708850145339966,-0.777409017086029,794
individual,20,carpet,17,3500,0.022818520665168762,0.023132961243391037,-5.3482184410095215,0.0046660443767905235,3.404216766357422,-7.0,7.0,5.1880059242248535,0.49748480319976807,1.3641786575317383,-0.8286775350570679,795
individual,20,carpet,18,3500,0.01699671521782875,0.019039170816540718,-5.29865026473999,0.004663953557610512,4.565464973449707,-7.0,7.0,5.156800746917725,0.5363466739654541,1.4061567783355713,-0.8128212690353394,796
individual,20,carpet,19,3500,0.020755186676979065,0.018081190064549446,-5.307480812072754,0.004662548191845417,6.498549938201904,-7.0,7.0,5.223015785217285,0.5000438690185547,1.42546546459198,-0.8359535336494446,797
individual,20,carpet,20,3500,0.028000712394714355,0.02577410638332367,-5.273316860198975,0.00466175889596343,13.314765930175781,-7.0,7.0,5.056220054626465,0.454364150762558,1.4471195936203003,-0.8307488560676575,798
individual,20,carpet,21,3500,0.014617234468460083,0.01695466786623001,-5.3123579025268555,0.004661523271352053,22.372079849243164,-7.0,7.0,5.089900016784668,0.38809800148010254,1.5725218057632446,-0.9110791087150574,799
individual,20,carpet,22,3500,0.013855955563485622,0.01746971160173416,-5.321608543395996,0.004661727696657181,4.70850133895874,-7.0,7.0,5.130568504333496,0.4668312966823578,1.418982744216919,-0.8210462927818298,800
individual,20,carpet,23,3500,0.021620240062475204,0.026742056012153625,-5.336764812469482,0.004662386141717434,9.56154727935791,-7.0,7.0,5.344127655029297,0.4733010530471802,1.3909493684768677,-0.8673363924026489,801
individual,20,carpet,24,3500,0.01422816701233387,0.014028942212462425,-5.358037948608398,0.004663452971726656,6.09683895111084,-7.0,7.0,5.1792707443237305,0.4801020324230194,1.39767324924469,-0.777266800403595,802
individual,20,carpet,25,3500,0.057747017592191696,0.06000874191522598,-5.50905179977417,0.004664583131670952,1.885627269744873,-7.0,7.0,5.205832004547119,0.5596038699150085,1.40247642993927,-0.7669051289558411,803
individual,20,carpet,26,3500,0.023955877870321274,0.022477678954601288,-5.353862762451172,0.004665702115744352,1.13907790184021,-7.0,7.0,5.214913368225098,0.48870497941970825,1.30759596824646,-0.7064032554626465,804
individual,20,carpet,27,3500,0.028158854693174362,0.028817204758524895,-5.385610580444336,0.004666231572628021,-18.089344024658203,-7.0,7.0,5.344692230224609,0.4629833698272705,1.0815690755844116,-0.6293125152587891,805
individual,20,carpet,28,3500,0.013611149974167347,0.012109741568565369,-5.519099235534668,0.0046662334352731705,-11.556676864624023,-7.0,7.0,5.324278354644775,0.5014559030532837,1.132043719291687,-0.612226128578186,806
individual,20,carpet,29,3500,0.02226134017109871,0.0293026864528656,-5.684870719909668,0.0046657598577439785,-7.590696811676025,-7.0,7.0,5.433973789215088,0.45100340247154236,1.1409714221954346,-0.6481662392616272,807
individual,20,carpet,30,3500,0.024571126326918602,0.025913987308740616,-5.405124664306641,0.0046648564748466015,-10.970799446105957,-7.0,7.0,5.22257137298584,0.5997005701065063,1.2117840051651,-0.5909566879272461,808
individual,20,carpet,31,3500,0.015554046258330345,0.013713216409087181,-5.418953895568848,0.004663568921387196,-14.62943172454834,-7.0,7.0,5.27195930480957,0.512112557888031,1.1165579557418823,-0.5698338150978088,809
individual,20,carpet,32,3500,0.02134411409497261,0.02191479131579399,-5.485804557800293,0.004661934450268745,-13.764188766479492,-7.0,7.0,5.2768473625183105,0.43219098448753357,1.1939390897750854,-0.5815542340278625,810
individual,20,carpet,33,3500,0.029511071741580963,0.028793491423130035,-5.70829963684082,0.004659987520426512,-26.565221786499023,-7.0,7.0,5.369198799133301,0.48922717571258545,1.037826418876648,-0.5317842364311218,811
individual,20,carpet,34,3500,0.01825116015970707,0.017971551045775414,-5.596469402313232,0.004657761659473181,-24.21170425415039,-7.0,7.0,5.421265125274658,0.3640352189540863,0.9237940907478333,-0.5184399485588074,812
individual,20,carpet,35,3500,0.02461370825767517,0.021230563521385193,-5.416097640991211,0.004655283875763416,-19.177417755126953,-7.0,7.0,5.378262519836426,0.3879166543483734,1.0441237688064575,-0.5702716112136841,813
individual,20,carpet,36,3500,0.024527713656425476,0.020233429968357086,-5.522289276123047,0.004652580711990595,-7.887562274932861,-7.0,7.0,5.359817028045654,0.44370603561401367,1.2185604572296143,-0.5980789065361023,814
individual,20,carpet,37,3500,0.031445909291505814,0.02775650843977928,-5.617975234985352,0.004649675451219082,-18.901622772216797,-7.0,7.0,5.340843200683594,0.500157356262207,1.0882989168167114,-0.5836140513420105,815
individual,20,carpet,38,3500,0.026668258011341095,0.026369912549853325,-5.504348278045654,0.004646588116884232,-15.591053009033203,-7.0,7.0,5.256864547729492,0.412780225276947,1.1412814855575562,-0.5743796229362488,816
individual,20,carpet,39,3500,0.032800525426864624,0.034970641136169434,-5.409653186798096,0.0046437461860477924,-0.7065792083740234,-7.0,7.0,5.3478007316589355,0.48663079738616943,1.3545109033584595,-0.6768460273742676,817
individual,20,carpet,40,3500,0.020262107253074646,0.019794492051005363,-5.488803863525391,0.004640715662389994,-7.975841522216797,-7.0,7.0,5.3848557472229,0.5083935856819153,1.2956146001815796,-0.6443799138069153,818
individual,20,carpet,41,3500,0.03556418418884277,0.0342959426343441,-5.652830600738525,0.004637517035007477,-8.51993179321289,-7.0,7.0,5.366854667663574,0.4654238224029541,1.2387428283691406,-0.6465825438499451,819
individual,20,carpet,42,3500,0.015526877716183662,0.016819152981042862,-5.51555061340332,0.0046341679990291595,-11.220035552978516,-7.0,7.0,5.34855318069458,0.5569764375686646,1.1893678903579712,-0.6064414978027344,820
individual,20,carpet,43,3500,0.03212172910571098,0.03734768182039261,-5.295160293579102,0.004630682524293661,-12.706825256347656,-7.0,7.0,5.208041667938232,0.40713945031166077,1.1181343793869019,-0.6153542399406433,821
individual,20,carpet,44,3500,0.04089554399251938,0.036953605711460114,-5.345837593078613,0.004627413582056761,-1.4921960830688477,-7.0,7.0,5.367385387420654,0.4797590672969818,1.3245760202407837,-0.6722467541694641,822
individual,20,carpet,45,3500,0.021414214745163918,0.017263272777199745,-5.568977355957031,0.00462400121614337,-12.436408042907715,-7.0,7.0,5.3798723220825195,0.34646061062812805,1.1393126249313354,-0.6322886347770691,823
individual,20,carpet,46,3500,0.03842741996049881,0.03591322898864746,-5.620724678039551,0.0046204617246985435,-15.623846054077148,-7.0,7.0,5.419091701507568,0.40532565116882324,1.0729830265045166,-0.5972326993942261,824
individual,20,carpet,47,3500,0.040478311479091644,0.03904811665415764,-5.4434590339660645,0.0046168058179318905,-12.147809028625488,-7.0,7.0,5.435220241546631,0.3796802759170532,1.1768232583999634,-0.638157069683075,825
individual,20,carpet,48,3500,0.015113001689314842,0.01394596230238676,-5.503723621368408,0.004613047000020742,-14.551556587219238,-7.0,7.0,5.379780292510986,0.4472617208957672,1.091728925704956,-0.625464141368866,826
individual,20,carpet,49,3500,0.02330246940255165,0.026322610676288605,-5.5948615074157715,0.00460983207449317,1.922339916229248,-7.0,7.0,5.340519905090332,0.47600847482681274,1.3322409391403198,-0.6782193779945374,827
individual,20,carpet,50,3500,0.026216432452201843,0.029006047174334526,-5.64235782623291,0.004607412498444319,6.1612548828125,-7.0,7.0,5.339710712432861,0.47871527075767517,1.3736460208892822,-0.6923336982727051,828
population,20,carpet,1,3500,0.01415009330958128,0.016709445044398308,-5.249484539031982,0.004907501395791769,6.163610458374023,-7.0,7.0,5.1048150062561035,0.3923867344856262,1.361789584159851,-0.7548398375511169,779
population,20,carpet,2,3500,0.02147386595606804,0.021624375134706497,-5.3663434982299805,0.004909406416118145,1.3416669368743896,-7.0,7.0,5.1411638259887695,0.49052733182907104,1.3547171354293823,-0.7285276651382446,780
population,20,carpet,3,3500,0.01635107770562172,0.01812729425728321,-5.349953651428223,0.0049116238951683044,7.532019138336182,-7.0,7.0,5.116785526275635,0.3857569396495819,1.390655517578125,-0.7589551210403442,781
population,20,carpet,4,3500,0.017593679949641228,0.011161732487380505,-5.3445940017700195,0.004914123564958572,7.46185302734375,-7.0,7.0,5.119046211242676,0.39249688386917114,1.3952080011367798,-0.7849711179733276,782
population,20,carpet,5,3500,0.015035932883620262,0.015878139063715935,-5.310335636138916,0.004916722886264324,3.6772403717041016,-7.0,7.0,5.1638336181640625,0.43234625458717346,1.4179556369781494,-0.7491121292114258,783
population,20,carpet,6,3500,0.01765706203877926,0.017759928479790688,-5.347743988037109,0.004919567611068487,11.52831745147705,-7.0,7.0,5.1724042892456055,0.44275301694869995,1.4831292629241943,-0.7916098833084106,784
population,20,carpet,7,3500,0.014909997582435608,0.01371349859982729,-5.414998531341553,0.004922275431454182,1.5077130794525146,-7.0,7.0,5.2017598152160645,0.44750258326530457,1.3350818157196045,-0.7114763259887695,785
population,20,carpet,8,3500,0.0218784399330616,0.022183852270245552,-5.450704097747803,0.004925217013806105,13.672920227050781,-7.0,7.0,5.157059192657471,0.3727310597896576,1.4869635105133057,-0.7810797095298767,786
population,20,carpet,9,3500,0.01887531578540802,0.02201039344072342,-5.44638204574585,0.004928372334688902,16.30939483642578,-7.0,7.0,5.310482025146484,0.48199301958084106,1.4745439291000366,-0.7794070839881897,787
population,20,carpet,10,3500,0.013048738241195679,0.013816631399095058,-5.372959136962891,0.004931717645376921,11.795086860656738,-7.0,7.0,5.185993671417236,0.42392316460609436,1.4794954061508179,-0.7785159945487976,788
population,20,carpet,11,3500,0.017620351165533066,0.020071476697921753,-5.4017767906188965,0.004934514407068491,-2.2924468517303467,-7.0,7.0,5.208523750305176,0.34186697006225586,1.324002981185913,-0.7099993824958801,789
population,20,carpet,12,3500,0.008729695342481136,0.009088873863220215,-5.416396617889404,0.004937538877129555,11.477364540100098,-7.0,7.0,5.218939304351807,0.502912163734436,1.51797616481781,-0.7655772566795349,790
population,20,carpet,13,3500,0.03579363599419594,0.04045482724905014,-5.411178112030029,0.004940770100802183,6.036510467529297,-7.0,7.0,5.126136302947998,0.45069462060928345,1.5113332271575928,-0.7393798828125,791
population,20,carpet,14,3500,0.025527961552143097,0.027245672419667244,-5.303959369659424,0.004944187588989735,13.909297943115234,-7.0,7.0,5.150297164916992,0.3934653401374817,1.4925767183303833,-0.7405678629875183,792
population,20,carpet,15,3500,0.01850251294672489,0.01629756949841976,-5.373194694519043,0.00494777224957943,10.020108222961426,-7.0,7.0,5.243877410888672,0.4101450741291046,1.4720348119735718,-0.7222086787223816,793
population,20,carpet,16,3500,0.02559252455830574,0.026906369253993034,-5.627429962158203,0.0049515082500875,5.859624862670898,-7.0,7.0,5.289701461791992,0.5923905372619629,1.4549369812011719,-0.6863347291946411,794
population,20,carpet,17,3500,0.0295255184173584,0.022588666528463364,-5.583538055419922,0.0049553182907402515,4.638623237609863,-7.0,7.0,5.269360542297363,0.5395491123199463,1.3764111995697021,-0.6549500226974487,795
population,20,carpet,18,3500,0.029388591647148132,0.030879879370331764,-5.46818733215332,0.004958239383995533,-7.0718536376953125,-7.0,7.0,5.426345348358154,0.477006733417511,1.2716844081878662,-0.6169463396072388,796
population,20,carpet,19,3500,0.013729820027947426,0.013040211983025074,-5.511208534240723,0.004960360936820507,-8.085124015808105,-7.0,7.0,5.411411285400391,0.532600998878479,1.2273672819137573,-0.5756563544273376,797
population,20,carpet,20,3500,0.026806486770510674,0.026120629161596298,-5.6317853927612305,0.004961763508617878,-9.592073440551758,-7.0,7.0,5.345511436462402,0.5663461685180664,1.2360979318618774,-0.5816314816474915,798
population,20,carpet,21,3500,0.015353766269981861,0.008077114820480347,-5.404313087463379,0.004962903913110495,-1.2801066637039185,-7.0,7.0,5.1398420333862305,0.38944488763809204,1.3497141599655151,-0.6169873476028442,799
population,20,carpet,22,3500,0.032405029982328415,0.0317823626101017,-5.358065128326416,0.004964251071214676,3.322646379470825,-7.0,7.0,5.202540874481201,0.4489718973636627,1.485958456993103,-0.6474512815475464,800
population,20,carpet,23,3500,0.008294420316815376,0.00863063894212246,-5.517960548400879,0.004964953754097223,-6.295738220214844,-7.0,7.0,5.350110054016113,0.46758386492729187,1.296698808670044,-0.6123749613761902,801
population,20,carpet,24,3500,0.018468869850039482,0.01882036216557026,-5.527899265289307,0.004965626168996096,0.41384947299957275,-7.0,7.0,5.2452592849731445,0.41298314929008484,1.343576192855835,-0.6224977374076843,802
population,20,carpet,25,3500,0.023966267704963684,0.027401072904467583,-5.361565589904785,0.004966706037521362,4.931426048278809,-7.0,7.0,5.133586406707764,0.49335068464279175,1.444226861000061,-0.6212217211723328,803
population,20,carpet,26,3500,0.013566150330007076,0.013188357464969158,-5.608392715454102,0.004967831075191498,1.585640549659729,-7.0,7.0,5.346406936645508,0.4149162471294403,1.3883508443832397,-0.6501907706260681,804
population,20,carpet,27,3500,0.01142861321568489,0.013337088748812675,-5.4888386726379395,0.004968333523720503,-6.726311206817627,-7.0,7.0,5.22007942199707,0.41696450114250183,1.2294061183929443,-0.5901108980178833,805
population,20,carpet,28,3500,0.018191734328866005,0.021636245772242546,-5.6232476234436035,0.004969030153006315,2.527071237564087,-7.0,7.0,5.309465408325195,0.4288584291934967,1.4221971035003662,-0.6512189507484436,806
population,20,carpet,29,3500,0.018860384821891785,0.016955040395259857,-5.487066268920898,0.004969297908246517,-3.72105073928833,-7.0,7.0,5.277469158172607,0.4737607538700104,1.3289562463760376,-0.6583290100097656,807
population,20,carpet,30,3500,0.011970395222306252,0.013616731390357018,-5.497653007507324,0.00496908463537693,-4.709345817565918,-7.0,7.0,5.314138889312744,0.37739044427871704,1.340520977973938,-0.6461206674575806,808
population,20,carpet,31,3500,0.0438692532479763,0.030778072774410248,-5.469579696655273,0.004968961235135794,0.7108407020568848,-7.0,7.0,5.318198204040527,0.41400155425071716,1.4110567569732666,-0.6773038506507874,809
population,20,carpet,32,3500,0.021273180842399597,0.02272503823041916,-5.695404529571533,0.004968973342329264,1.2637929916381836,-7.0,7.0,5.425228595733643,0.4913150370121002,1.3705790042877197,-0.6655029058456421,810
population,20,carpet,33,3500,0.03973254933953285,0.026891477406024933,-5.720818996429443,0.004969461355358362,4.943069934844971,-7.0,7.0,5.304574012756348,0.36702099442481995,1.4726812839508057,-0.7271510362625122,811
population,20,carpet,34,3500,0.009316977113485336,0.009798917919397354,-5.5165019035339355,0.004970411770045757,14.807861328125,-7.0,7.0,5.27053165435791,0.42054012417793274,1.5803714990615845,-0.7695567011833191,812
population,20,carpet,35,3500,0.04515957459807396,0.03360872343182564,-5.5154337882995605,0.004971781745553017,6.1439208984375,-7.0,7.0,5.493984699249268,0.476142019033432,1.3702576160430908,-0.7176171541213989,813
population,20,carpet,36,3500,0.016520781442523003,0.01612735725939274,-5.660010814666748,0.004973527044057846,13.93898868560791,-7.0,7.0,5.396893501281738,0.46351176500320435,1.5191205739974976,-0.7863092422485352,814
population,20,carpet,37,3500,0.06563544273376465,0.059935033321380615,-5.829195022583008,0.004975611809641123,21.7280216217041,-7.0,7.0,5.363650321960449,0.4323439300060272,1.5800827741622925,-0.8212679028511047,815
population,20,carpet,38,3500,0.011712104082107544,0.016476724296808243,-5.637943744659424,0.004978001583367586,22.20099639892578,-7.0,7.0,5.401559829711914,0.3474544882774353,1.6482499837875366,-0.8425960540771484,816
population,20,carpet,39,3500,0.06418198347091675,0.0558934211730957,-5.446743965148926,0.00498066795989871,19.541833877563477,-7.0,7.0,5.421530246734619,0.5176844596862793,1.507857084274292,-0.8048189282417297,817
population,20,carpet,40,3500,0.02539397031068802,0.02618631161749363,-5.711721897125244,0.004983582999557257,26.646160125732422,-7.0,7.0,5.448513031005859,0.4123538136482239,1.6348105669021606,-0.8331743478775024,818
population,20,carpet,41,3500,0.04863377660512924,0.05842095613479614,-5.901955604553223,0.004986720625311136,17.85074806213379,-7.0,7.0,5.412566661834717,0.4432913661003113,1.6264450550079346,-0.8129346966743469,819
population,20,carpet,42,3500,0.015017558820545673,0.020887859165668488,-5.754073143005371,0.004990060348063707,28.113706588745117,-7.0,7.0,5.461147785186768,0.4675000309944153,1.67637038230896,-0.82823646068573,820
population,20,carpet,43,3500,0.05241386964917183,0.051093000918626785,-5.547488212585449,0.00499358307570219,40.78471374511719,-7.0,7.0,5.420169353485107,0.3809301257133484,1.8571159839630127,-0.8741031289100647,821
population,20,carpet,44,3500,0.029799161478877068,0.028210056945681572,-5.695438861846924,0.00499727064743638,34.288917541503906,-7.0,7.0,5.488391399383545,0.3699527978897095,1.7650090456008911,-0.8609627485275269,822
population,20,carpet,45,3500,0.02083439752459526,0.021789073944091797,-5.899281978607178,0.005001108627766371,24.310989379882812,-7.0,7.0,5.5235419273376465,0.4834209680557251,1.6662349700927734,-0.814177930355072,823
population,20,carpet,46,3500,0.03385724872350693,0.01006956398487091,-5.688589572906494,0.005005080718547106,43.194488525390625,-7.0,7.0,5.396608829498291,0.5056340098381042,1.9080368280410767,-0.911834180355072,824
population,20,carpet,47,3500,0.04497675225138664,0.060784853994846344,-5.481805801391602,0.005009172949939966,33.662841796875,-7.0,7.0,5.473371982574463,0.4686882793903351,1.7931784391403198,-0.8468157649040222,825
population,20,carpet,48,3500,0.03965342789888382,0.01469242200255394,-5.624880790710449,0.005013376008719206,27.545713424682617,-7.0,7.0,5.549149036407471,0.49998924136161804,1.7702734470367432,-0.8020338416099548,826
population,20,carpet,49,3500,0.034583523869514465,0.040884774178266525,-5.860964298248291,0.005017678719013929,22.263538360595703,-7.0,7.0,5.572520732879639,0.4436381459236145,1.7118271589279175,-0.7569795250892639,827
population,20,carpet,50,3500,0.037302225828170776,0.01024648454040289,-5.856109619140625,0.005022070836275816,22.442272186279297,-7.0,7.0,5.558846950531006,0.5022839307785034,1.7113943099975586,-0.7498056292533875,828
individual,21,carpet,1,3675,0.035099029541015625,0.03371733799576759,-5.598878383636475,0.004604766145348549,-8.45144271850586,-7.0,7.0,5.5728960037231445,0.47762587666511536,1.140318512916565,-0.6299624443054199,829
individual,21,carpet,2,3675,0.03441058099269867,0.03372429683804512,-5.65348482131958,0.004601914901286364,-28.65993881225586,-7.0,7.0,5.661004066467285,0.4035215973854065,0.9458550810813904,-0.5865057706832886,830
individual,21,carpet,3,3675,0.02403479814529419,0.02858000434935093,-5.7336835861206055,0.004598878789693117,-9.8240966796875,-7.0,7.0,5.4922027587890625,0.4330078959465027,1.1122170686721802,-0.6339167356491089,831
individual,21,carpet,4,3675,0.03291188180446625,0.033926188945770264,-5.679079055786133,0.004595680627971888,-5.501095771789551,-7.0,7.0,5.467623233795166,0.5255935192108154,1.2024091482162476,-0.6215353608131409,832
individual,21,carpet,5,3675,0.026500463485717773,0.025115959346294403,-5.515963554382324,0.004592332988977432,-14.677881240844727,-7.0,7.0,5.4221391677856445,0.44003427028656006,1.129791498184204,-0.5813074707984924,833
individual,21,carpet,6,3675,0.01762775331735611,0.02614368498325348,-5.529611587524414,0.004588854964822531,-14.167866706848145,-7.0,7.0,5.36848258972168,0.4022362232208252,1.08682382106781,-0.5941562056541443,834
individual,21,carpet,7,3675,0.023496190086007118,0.03286442160606384,-5.802750110626221,0.004585256800055504,-18.285375595092773,-7.0,7.0,5.550480842590332,0.4701317250728607,1.0171713829040527,-0.5579437017440796,835
individual,21,carpet,8,3675,0.0334642194211483,0.02552931010723114,-5.754751205444336,0.00458155432716012,-18.198486328125,-7.0,7.0,5.490341663360596,0.5049502849578857,1.0390026569366455,-0.5918805003166199,836
individual,21,carpet,9,3675,0.030040785670280457,0.047824352979660034,-5.522978782653809,0.00457826117053628,0.44986045360565186,-7.0,7.0,5.319930076599121,0.5701053142547607,1.339266061782837,-0.6172003746032715,837
individual,21,carpet,10,3675,0.02503163553774357,0.02179967798292637,-5.729938507080078,0.0045748306438326836,-5.655251979827881,-7.0,7.0,5.620260715484619,0.5562015771865845,1.1989459991455078,-0.6627925038337708,838
individual,21,carpet,11,3675,0.039527539163827896,0.05608823522925377,-6.049132347106934,0.0045712785795331,-10.992813110351562,-7.0,7.0,5.7278032302856445,0.4796772301197052,1.1714810132980347,-0.6774280667304993,839
individual,21,carpet,12,3675,0.017540473490953445,0.013906997628509998,-5.763199806213379,0.004567842464894056,-2.7490017414093018,-7.0,7.0,5.534067630767822,0.41811686754226685,1.2195028066635132,-0.6673638224601746,840
individual,21,carpet,13,3675,0.05351492017507553,0.06713757663965225,-5.580918312072754,0.004564284812659025,-7.634057998657227,-7.0,7.0,5.615433692932129,0.41785383224487305,1.2226489782333374,-0.6821050047874451,841
individual,21,carpet,14,3675,0.019022904336452484,0.022428810596466064,-5.59971809387207,0.004561551846563816,5.744485378265381,-7.0,7.0,5.405937671661377,0.41508758068084717,1.3704617023468018,-0.7232967019081116,842
individual,21,carpet,15,3675,0.0306659284979105,0.034986674785614014,-5.715915679931641,0.00455956207588315,10.140752792358398,-7.0,7.0,5.518453121185303,0.4609600901603699,1.4516898393630981,-0.7459290623664856,843
individual,21,carpet,16,3675,0.020246597006917,0.029537340626120567,-5.729550361633301,0.004558238200843334,13.867094993591309,-7.0,7.0,5.6000075340271,0.468913197517395,1.4179260730743408,-0.7516194581985474,844
individual,21,carpet,17,3675,0.019199678674340248,0.02210935577750206,-5.686511993408203,0.004557512234896421,19.028167724609375,-7.0,7.0,5.549402236938477,0.4609118700027466,1.5589854717254639,-0.7924817204475403,845
individual,21,carpet,18,3675,0.014475613832473755,0.01834813505411148,-5.695117950439453,0.004557325504720211,18.967866897583008,-7.0,7.0,5.470578193664551,0.5252950191497803,1.561492919921875,-0.7397512793540955,846
individual,21,carpet,19,3675,0.0316830612719059,0.02544013224542141,-5.714080810546875,0.004557623062282801,6.029253959655762,-7.0,7.0,5.633602619171143,0.4928610324859619,1.4592715501785278,-0.7529298067092896,847
individual,21,carpet,20,3675,0.012739777565002441,0.010021817870438099,-5.825610160827637,0.004558357875794172,15.000738143920898,-7.0,7.0,5.6296210289001465,0.49683070182800293,1.4993858337402344,-0.7561116814613342,848
individual,21,carpet,21,3675,0.05469248443841934,0.04458596557378769,-5.775130271911621,0.004559486173093319,14.225556373596191,-7.0,7.0,5.461631774902344,0.4584527015686035,1.5210238695144653,-0.7454034686088562,849
individual,21,carpet,22,3675,0.031199119985103607,0.02764655277132988,-5.697294235229492,0.0045609669759869576,25.829797744750977,-7.0,7.0,5.668571472167969,0.3671738803386688,1.643760085105896,-0.7982189059257507,850
individual,21,carpet,23,3675,0.04017471894621849,0.03129184618592262,-5.7749176025390625,0.004562768153846264,16.285306930541992,-7.0,7.0,5.79772424697876,0.41059330105781555,1.5339972972869873,-0.7583932876586914,851
individual,21,carpet,24,3675,0.027911335229873657,0.02251385524868965,-5.868051528930664,0.00456485478207469,20.162738800048828,-7.0,7.0,5.675877571105957,0.5355108380317688,1.6376359462738037,-0.7099705934524536,852
individual,21,carpet,25,3675,0.023762473836541176,0.02480573207139969,-5.761290073394775,0.004567202180624008,11.717856407165527,-7.0,7.0,5.5620951652526855,0.45319733023643494,1.5668323040008545,-0.6739012002944946,853
individual,21,carpet,26,3675,0.024084612727165222,0.020780596882104874,-5.659135818481445,0.0045693498104810715,0.385648250579834,-7.0,7.0,5.619436264038086,0.45095542073249817,1.3497984409332275,-0.6174203157424927,854
individual,21,carpet,27,3675,0.022764630615711212,0.020157786086201668,-5.595184326171875,0.004571751691401005,8.460992813110352,-7.0,7.0,5.5793561935424805,0.3348391056060791,1.4622770547866821,-0.5995100736618042,855
individual,21,carpet,28,3675,0.03392094001173973,0.03305717930197716,-5.749068260192871,0.004574352875351906,5.050574779510498,-7.0,7.0,5.479001045227051,0.45906826853752136,1.4174870252609253,-0.5940813422203064,856
individual,21,carpet,29,3675,0.037224169820547104,0.03155266493558884,-5.901797294616699,0.004576430190354586,-3.0894875526428223,-7.0,7.0,5.71002197265625,0.4841306209564209,1.3301761150360107,-0.5847583413124084,857
individual,21,carpet,30,3675,0.013673173263669014,0.011556885205209255,-5.747751712799072,0.004577831365168095,-12.349660873413086,-7.0,7.0,5.715460300445557,0.4396831691265106,1.19095778465271,-0.5336598753929138,858
individual,21,carpet,31,3675,0.030415378510951996,0.02546221762895584,-5.589992523193359,0.004578686784952879,-4.645161151885986,-7.0,7.0,5.550929069519043,0.3550516963005066,1.2985442876815796,-0.5349326729774475,859
individual,21,carpet,32,3675,0.01647420972585678,0.017376473173499107,-5.920436382293701,0.004578988533467054,-19.515338897705078,-7.0,7.0,5.680326461791992,0.4583028256893158,1.2148654460906982,-0.5284343361854553,860
individual,21,carpet,33,3675,0.06396269798278809,0.045176226645708084,-6.10064697265625,0.0045787920244038105,-7.077608585357666,-7.0,7.0,5.784310817718506,0.5624585151672363,1.255645513534546,-0.5332658290863037,861
individual,21,carpet,34,3675,0.03188459575176239,0.034044910222291946,-5.721957206726074,0.004578145686537027,-14.720966339111328,-7.0,7.0,5.692591190338135,0.49741941690444946,1.2235010862350464,-0.5264794230461121,862
individual,21,carpet,35,3675,0.04862842708826065,0.0339825376868248,-5.742149829864502,0.004577095620334148,-16.368553161621094,-7.0,7.0,5.779780864715576,0.4509038031101227,1.1879585981369019,-0.5252893567085266,863
individual,21,carpet,36,3675,0.03309959918260574,0.037961818277835846,-5.9507317543029785,0.004575681407004595,-7.0390625,-7.0,7.0,5.630165100097656,0.4002435505390167,1.2173458337783813,-0.5629900693893433,864
individual,21,carpet,37,3675,0.031275276094675064,0.026188965886831284,-5.987124443054199,0.0045739407651126385,-18.414289474487305,-7.0,7.0,5.6844611167907715,0.35974809527397156,1.14404296875,-0.5247980356216431,865
individual,21,carpet,38,3675,0.02514094114303589,0.023400578647851944,-5.765239238739014,0.004571906290948391,-20.906522750854492,-7.0,7.0,5.596248149871826,0.4793306887149811,1.1412508487701416,-0.4673657715320587,866
individual,21,carpet,39,3675,0.04575686156749725,0.037590499967336655,-5.694467544555664,0.004569609183818102,-16.11873435974121,-7.0,7.0,5.675130844116211,0.38925042748451233,1.182603120803833,-0.5265694260597229,867
individual,21,carpet,40,3675,0.021917132660746574,0.021069834008812904,-5.852701187133789,0.004567084368318319,-5.279094219207764,-7.0,7.0,5.555448532104492,0.34469887614250183,1.3504518270492554,-0.5611220598220825,868
individual,21,carpet,41,3675,0.030259456485509872,0.036285657435655594,-6.053276062011719,0.0045643458142876625,-6.550042152404785,-7.0,7.0,5.658567905426025,0.4076173007488251,1.2747474908828735,-0.5452103018760681,869
individual,21,carpet,42,3675,0.03427239879965782,0.04212813079357147,-5.91594123840332,0.004561414942145348,-18.703577041625977,-7.0,7.0,5.90231466293335,0.41432324051856995,1.0858891010284424,-0.5357101559638977,870
individual,21,carpet,43,3675,0.04477674514055252,0.050019148737192154,-5.83748722076416,0.004558629356324673,-1.6979379653930664,-7.0,7.0,5.668907165527344,0.4694361090660095,1.363049864768982,-0.5694271326065063,871
individual,21,carpet,44,3675,0.041174501180648804,0.05114052817225456,-6.046182632446289,0.004555657040327787,-8.111898422241211,-7.0,7.0,5.640873908996582,0.3836088478565216,1.2704236507415771,-0.5417371392250061,872
individual,21,carpet,45,3675,0.027330812066793442,0.0377386100590229,-6.087502956390381,0.004552516620606184,-14.658439636230469,-7.0,7.0,5.7970428466796875,0.51706862449646,1.2400357723236084,-0.5526838898658752,873
individual,21,carpet,46,3675,0.021719370037317276,0.030636083334684372,-5.945216655731201,0.0045493897050619125,-3.488065719604492,-7.0,7.0,5.8367018699646,0.5238435864448547,1.3298413753509521,-0.5734315514564514,874
individual,21,carpet,47,3675,0.018914634361863136,0.020148690789937973,-5.704407691955566,0.0045465403236448765,-0.3920787572860718,-7.0,7.0,5.567696571350098,0.39210399985313416,1.3107460737228394,-0.5670064091682434,875
individual,21,carpet,48,3675,0.011793013662099838,0.011263239197432995,-6.030982494354248,0.0045435125939548016,-8.828229904174805,-7.0,7.0,5.800485610961914,0.43951287865638733,1.2413450479507446,-0.5940741300582886,876
individual,21,carpet,49,3675,0.029471222311258316,0.025189604610204697,-6.026740074157715,0.004540322348475456,-6.296204566955566,-7.0,7.0,5.762167930603027,0.5037510991096497,1.252717137336731,-0.5794246792793274,877
individual,21,carpet,50,3675,0.03306496515870094,0.020535016432404518,-5.848815441131592,0.004537333268672228,-1.364809513092041,-7.0,7.0,5.800520420074463,0.46277716755867004,1.3641248941421509,-0.6129743456840515,878
population,21,carpet,1,3675,0.030516624450683594,0.04327773675322533,-5.548857688903809,0.005026546306908131,16.28462791442871,-7.0,7.0,5.430605888366699,0.37890705466270447,1.6610698699951172,-0.7371969223022461,829
population,21,carpet,2,3675,0.050781771540641785,0.024565530940890312,-5.521828651428223,0.00503109535202384,9.810482025146484,-7.0,7.0,5.539513111114502,0.31190916895866394,1.4915504455566406,-0.6787728667259216,830
population,21,carpet,3,3675,0.020797915756702423,0.0351882241666317,-5.720424175262451,0.005035710521042347,14.443948745727539,-7.0,7.0,5.425644874572754,0.4298846125602722,1.6062333583831787,-0.6896094083786011,831
population,21,carpet,4,3675,0.03510872274637222,0.014215780422091484,-5.812623500823975,0.005039897747337818,0.2616274654865265,-7.0,7.0,5.544739246368408,0.3862592577934265,1.3812979459762573,-0.6046568751335144,832
population,21,carpet,5,3675,0.013004085049033165,0.01766778901219368,-5.743351459503174,0.0050437008030712605,0.2848321199417114,-7.0,7.0,5.624382019042969,0.4177250266075134,1.4027893543243408,-0.596118152141571,833
population,21,carpet,6,3675,0.03213396668434143,0.020809045061469078,-5.599174499511719,0.00504763238132,5.142979145050049,-7.0,7.0,5.434701919555664,0.5198779106140137,1.4367645978927612,-0.6403902173042297,834
population,21,carpet,7,3675,0.014617295935750008,0.030384698882699013,-5.799049377441406,0.005050757434219122,-4.224750518798828,-7.0,7.0,5.5639824867248535,0.3973032534122467,1.4063552618026733,-0.5811800360679626,835
population,21,carpet,8,3675,0.01967797987163067,0.012951121665537357,-5.848880767822266,0.0050530508160591125,-6.844985008239746,-7.0,7.0,5.593055248260498,0.4449401795864105,1.2751274108886719,-0.5680174231529236,836
population,21,carpet,9,3675,0.02032477781176567,0.03359118849039078,-5.747182369232178,0.005054617300629616,-5.04882287979126,-7.0,7.0,5.558239936828613,0.49820759892463684,1.3545000553131104,-0.602993905544281,837
population,21,carpet,10,3675,0.014388637617230415,0.011063790880143642,-5.877728462219238,0.005055978894233704,-0.4979703426361084,-7.0,7.0,5.53753662109375,0.4838770031929016,1.4182863235473633,-0.6166020631790161,838
population,21,carpet,11,3675,0.03057962656021118,0.03566578030586243,-5.801846027374268,0.005056682974100113,-5.824239730834961,-7.0,7.0,5.430512428283691,0.4220565855503082,1.404157280921936,-0.6329389810562134,839
population,21,carpet,12,3675,0.07855620980262756,0.04922258481383324,-5.683375835418701,0.005057440139353275,1.2471098899841309,-7.0,7.0,5.616285800933838,0.5166494250297546,1.437624216079712,-0.6608086228370667,840
population,21,carpet,13,3675,0.012088006362318993,0.013356208801269531,-5.7763519287109375,0.005058643873780966,9.27623176574707,-7.0,7.0,5.513647079467773,0.38575246930122375,1.5906312465667725,-0.6838954091072083,841
population,21,carpet,14,3675,0.053126849234104156,0.032015860080718994,-5.944952487945557,0.005059992428869009,2.6542985439300537,-7.0,7.0,5.563135147094727,0.37882593274116516,1.4439399242401123,-0.6934159994125366,842
population,21,carpet,15,3675,0.013254820369184017,0.009662868455052376,-5.7066216468811035,0.005061729811131954,28.29295539855957,-7.0,7.0,5.513996124267578,0.4720005393028259,1.789918065071106,-0.789375364780426,843
population,21,carpet,16,3675,0.0648157075047493,0.054796382784843445,-5.61515474319458,0.005063818302005529,24.972150802612305,-7.0,7.0,5.561657905578613,0.44707974791526794,1.7023571729660034,-0.7969342470169067,844
population,21,carpet,17,3675,0.03460848331451416,0.029618576169013977,-5.755368232727051,0.005066221114248037,23.666637420654297,-7.0,7.0,5.628108024597168,0.46448659896850586,1.6894289255142212,-0.8103486895561218,845
population,21,carpet,18,3675,0.1444261074066162,0.08645615726709366,-6.213927745819092,0.005068910773843527,14.01968765258789,-7.0,7.0,5.778345584869385,0.5550980567932129,1.6077888011932373,-0.7946991920471191,846
population,21,carpet,19,3675,0.025432167574763298,0.02730349451303482,-5.862651348114014,0.005071855615824461,32.88911056518555,-7.0,7.0,5.695616722106934,0.4770526587963104,1.7047315835952759,-0.8485393524169922,847
population,21,carpet,20,3675,0.07464247196912766,0.0438653826713562,-5.683189392089844,0.005075031891465187,23.663164138793945,-7.0,7.0,5.687567234039307,0.46658989787101746,1.6244069337844849,-0.8136473298072815,848
population,21,carpet,21,3675,0.02858792617917061,0.017436955124139786,-5.808420658111572,0.005078418646007776,28.962270736694336,-7.0,7.0,5.662665367126465,0.46724531054496765,1.724811315536499,-0.8490732908248901,849
population,21,carpet,22,3675,0.03996897488832474,0.0355958417057991,-6.226055145263672,0.005081993993371725,13.15730094909668,-7.0,7.0,5.913938045501709,0.46964043378829956,1.4460890293121338,-0.7931697964668274,850
population,21,carpet,23,3675,0.07921241223812103,0.03942852094769478,-6.064394474029541,0.005085739307105541,28.608699798583984,-7.0,7.0,5.636549949645996,0.4777848720550537,1.7376620769500732,-0.8504719138145447,851
population,21,carpet,24,3675,0.03136925399303436,0.029740478843450546,-5.942397594451904,0.005089637823402882,18.39667510986328,-7.0,7.0,5.813018798828125,0.47553807497024536,1.5764137506484985,-0.7857373952865601,852
population,21,carpet,25,3675,0.138517826795578,0.0794193297624588,-5.692218780517578,0.005093677900731564,6.5301971435546875,-7.0,7.0,5.776801109313965,0.47663503885269165,1.5394484996795654,-0.7646511793136597,853
population,21,carpet,26,3675,0.024082539603114128,0.024918675422668457,-5.860007286071777,0.005097842775285244,7.137018203735352,-7.0,7.0,5.713745594024658,0.3538241982460022,1.508423089981079,-0.7498611807823181,854
population,21,carpet,27,3675,0.16846877336502075,0.1330011934041977,-6.360334396362305,0.005102120339870453,15.004156112670898,-7.0,7.0,5.734046459197998,0.4468070864677429,1.5505932569503784,-0.7336581945419312,855
population,21,carpet,28,3675,0.04616738483309746,0.0488152913749218,-5.877028465270996,0.005106501281261444,14.848729133605957,-7.0,7.0,5.682341575622559,0.41634634137153625,1.5857372283935547,-0.7614042162895203,856
population,21,carpet,29,3675,0.07431452721357346,0.0854087620973587,-5.766201496124268,0.005110796075314283,3.4556806087493896,-7.0,7.0,5.7190070152282715,0.48394590616226196,1.487468957901001,-0.6978511214256287,857
population,21,carpet,30,3675,0.08102268725633621,0.036678336560726166,-5.824651718139648,0.005115194246172905,8.013903617858887,-7.0,7.0,5.800389289855957,0.4890206456184387,1.5083059072494507,-0.7068019509315491,858
population,21,carpet,31,3675,0.027301203459501266,0.04190869629383087,-6.001346111297607,0.005119684152305126,14.041385650634766,-7.0,7.0,5.737552165985107,0.46893882751464844,1.5395363569259644,-0.7221068143844604,859
population,21,carpet,32,3675,0.072342649102211,0.03133678436279297,-6.112704753875732,0.005124258808791637,7.435484886169434,-7.0,7.0,5.803313732147217,0.48237401247024536,1.5084569454193115,-0.7152565717697144,860
population,21,carpet,33,3675,0.0336972251534462,0.04505115747451782,-5.949502944946289,0.005128908436745405,8.729374885559082,-7.0,7.0,5.806865215301514,0.5381677150726318,1.4441468715667725,-0.6676605343818665,861
population,21,carpet,34,3675,0.05637950077652931,0.03575807064771652,-5.821361064910889,0.005133312661200762,2.1132378578186035,-7.0,7.0,5.821781635284424,0.47508716583251953,1.432676911354065,-0.6614604592323303,862
population,21,carpet,35,3675,0.04768072068691254,0.018462693318724632,-5.923220157623291,0.0051378109492361546,10.058897018432617,-7.0,7.0,5.9207024574279785,0.5993590950965881,1.502760887145996,-0.6754531860351562,863
population,21,carpet,36,3675,0.04542354866862297,0.05716046318411827,-6.026418209075928,0.005142394453287125,6.39899206161499,-7.0,7.0,5.685086250305176,0.5110653638839722,1.4950292110443115,-0.7080078125,864
population,21,carpet,37,3675,0.06387852877378464,0.042354341596364975,-5.885202884674072,0.005146314390003681,-2.1059069633483887,-7.0,7.0,5.860340118408203,0.4388720393180847,1.463836908340454,-0.6511391401290894,865
population,21,carpet,38,3675,0.045598894357681274,0.05348070338368416,-5.967489242553711,0.005150377284735441,11.686708450317383,-7.0,7.0,5.900815010070801,0.41734763979911804,1.5120813846588135,-0.6922107934951782,866
population,21,carpet,39,3675,0.09672587364912033,0.03683289885520935,-5.766106128692627,0.005154445767402649,4.016324043273926,-7.0,7.0,5.844232082366943,0.43809691071510315,1.486719012260437,-0.6634126901626587,867
population,21,carpet,40,3675,0.031061634421348572,0.027808256447315216,-5.822536468505859,0.005158642772585154,18.650836944580078,-7.0,7.0,5.830353736877441,0.4453364312648773,1.603123426437378,-0.6982001066207886,868
population,21,carpet,41,3675,0.05508952587842941,0.03984513506293297,-6.039501190185547,0.005162715446203947,2.8589940071105957,-7.0,7.0,5.80549955368042,0.4634334444999695,1.3485841751098633,-0.6412056684494019,869
population,21,carpet,42,3675,0.033392760902643204,0.0497620552778244,-5.912755012512207,0.005166308488696814,-0.7872624397277832,-7.0,7.0,5.897137641906738,0.3863600492477417,1.4516900777816772,-0.6448460221290588,870
population,21,carpet,43,3675,0.04091701656579971,0.029464080929756165,-5.880562782287598,0.005169334355741739,-2.064138889312744,-7.0,7.0,5.852046489715576,0.48282521963119507,1.4025599956512451,-0.6512616872787476,871
population,21,carpet,44,3675,0.021320683881640434,0.06029289588332176,-6.00315523147583,0.00517152389511466,-6.613056182861328,-7.0,7.0,5.910576820373535,0.40764251351356506,1.350258231163025,-0.6303237676620483,872
population,21,carpet,45,3675,0.03390849754214287,0.03369440883398056,-5.998337745666504,0.005172956734895706,-11.991227149963379,-7.0,7.0,5.783878326416016,0.4726022481918335,1.242738127708435,-0.607300877571106,873
population,21,carpet,46,3675,0.018960468471050262,0.019127406179904938,-6.023292541503906,0.005174784921109676,5.61466121673584,-7.0,7.0,5.856762409210205,0.3893686830997467,1.492618441581726,-0.6684417128562927,874
population,21,carpet,47,3675,0.029482804238796234,0.0391523614525795,-5.947419166564941,0.005176966544240713,6.911767959594727,-7.0,7.0,5.7922163009643555,0.4615567922592163,1.4692703485488892,-0.6738976836204529,875
population,21,carpet,48,3675,0.042796745896339417,0.02839917689561844,-5.9983391761779785,0.00517946807667613,9.054489135742188,-7.0,7.0,5.765101909637451,0.5208158493041992,1.4883935451507568,-0.7035031318664551,876
population,21,carpet,49,3675,0.025808554142713547,0.04627259075641632,-6.008446216583252,0.005181369837373495,-3.449843406677246,-7.0,7.0,5.829987525939941,0.4135779142379761,1.3918430805206299,-0.6605948805809021,877
population,21,carpet,50,3675,0.03626536577939987,0.021192023530602455,-6.15024471282959,0.0051836189813911915,5.917476177215576,-7.0,7.0,5.855912208557129,0.4286155104637146,1.46084725856781,-0.6879788637161255,878
individual,22,carpet,1,3850,0.032527901232242584,0.031593501567840576,-5.893068313598633,0.004534294828772545,-4.054943084716797,-7.0,7.0,5.831779956817627,0.44002288579940796,1.3356918096542358,-0.6380863189697266,879
individual,22,carpet,2,3850,0.026960553601384163,0.023541288450360298,-5.911001205444336,0.004531810991466045,2.9163267612457275,-7.0,7.0,5.677652835845947,0.44533371925354004,1.404762864112854,-0.6500778198242188,880
individual,22,carpet,3,3850,0.028830289840698242,0.028726985678076744,-5.98245906829834,0.0045300438068807125,6.860454559326172,-7.0,7.0,5.818941593170166,0.48729613423347473,1.436558485031128,-0.6552028656005859,881
individual,22,carpet,4,3850,0.04482030123472214,0.0486561618745327,-6.220863342285156,0.00452891830354929,8.002898216247559,-7.0,7.0,5.917202949523926,0.5152992010116577,1.468557596206665,-0.706821858882904,882
individual,22,carpet,5,3850,0.032058048993349075,0.04361020773649216,-6.062936782836914,0.004528372082859278,12.100091934204102,-7.0,7.0,5.921447277069092,0.5606447458267212,1.54391610622406,-0.7403727769851685,883
individual,22,carpet,6,3850,0.029908543452620506,0.03493943065404892,-5.9339494705200195,0.004528344143182039,16.869609832763672,-7.0,7.0,5.790529251098633,0.41647520661354065,1.6258575916290283,-0.7445784211158752,884
individual,22,carpet,7,3850,0.06772881746292114,0.07619277387857437,-6.154753684997559,0.004528784658759832,8.92270278930664,-7.0,7.0,5.839111804962158,0.4800266921520233,1.4795196056365967,-0.7090341448783875,885
individual,22,carpet,8,3850,0.008243722841143608,0.017216753214597702,-6.202910423278809,0.004529646132141352,20.393875122070312,-7.0,7.0,5.836736679077148,0.4242863953113556,1.6110836267471313,-0.8022800087928772,886
individual,22,carpet,9,3850,0.017643040046095848,0.02408129908144474,-6.087620735168457,0.004530888516455889,40.3896484375,-7.0,7.0,5.804573059082031,0.5041547417640686,1.8305221796035767,-0.8656983971595764,887
individual,22,carpet,10,3850,0.03887728601694107,0.06115235015749931,-6.240382671356201,0.004532472230494022,24.034915924072266,-7.0,7.0,6.131999969482422,0.5061936974525452,1.6787105798721313,-0.8911942839622498,888
individual,22,carpet,11,3850,0.09329535067081451,0.10381533950567245,-6.260922431945801,0.004534363746643066,29.125471115112305,-7.0,7.0,5.8597822189331055,0.4858437478542328,1.715545654296875,-0.8794750571250916,889
individual,22,carpet,12,3850,0.02340196631848812,0.031031720340251923,-6.2373833656311035,0.004536532796919346,38.00408172607422,-7.0,7.0,5.795904159545898,0.5689208507537842,1.8122832775115967,-0.8808433413505554,890
individual,22,carpet,13,3850,0.07077368348836899,0.08614607155323029,-6.173605442047119,0.0045389519073069096,47.579193115234375,-7.0,7.0,5.992770671844482,0.47180628776550293,1.9343273639678955,-0.9379876852035522,891
individual,22,carpet,14,3850,0.03459842503070831,0.04275718331336975,-5.991210460662842,0.004541595466434956,36.57453536987305,-7.0,7.0,5.8191704750061035,0.4913035035133362,1.8486073017120361,-0.8791322112083435,892
individual,22,carpet,15,3850,0.03724206984043121,0.04086124897003174,-6.259852409362793,0.004544444382190704,51.80082702636719,-7.0,7.0,5.985790729522705,0.5214170217514038,2.006088972091675,-0.8983463048934937,893
individual,22,carpet,16,3850,0.07048599421977997,0.0978923812508583,-6.40512752532959,0.004547476768493652,62.701416015625,-7.0,7.0,5.968721389770508,0.4546142518520355,2.1384732723236084,-0.9429518580436707,894
individual,22,carpet,17,3850,0.026981152594089508,0.03606833145022392,-6.073630332946777,0.004550673998892307,45.107810974121094,-7.0,7.0,5.986753940582275,0.4852752983570099,1.965706467628479,-0.8539049029350281,895
individual,22,carpet,18,3850,0.05645180493593216,0.06620617210865021,-5.897298336029053,0.004554021172225475,42.887115478515625,-7.0,7.0,5.879096984863281,0.4311513900756836,1.8941844701766968,-0.76857990026474,896
individual,22,carpet,19,3850,0.030680226162075996,0.0261490810662508,-6.274010181427002,0.00455750385299325,42.621559143066406,-7.0,7.0,5.922381401062012,0.5404040813446045,1.9358326196670532,-0.74418705701828,897
individual,22,carpet,20,3850,0.06445693224668503,0.08564012497663498,-6.413743019104004,0.004561108071357012,36.57723617553711,-7.0,7.0,6.049836158752441,0.4740696847438812,1.9029552936553955,-0.7203015685081482,898
individual,22,carpet,21,3850,0.018027562648057938,0.017136670649051666,-6.1576385498046875,0.004564822185784578,28.678016662597656,-7.0,7.0,6.014736175537109,0.5364139676094055,1.8565473556518555,-0.6742512583732605,899
individual,22,carpet,22,3850,0.321415513753891,0.342354953289032,-5.6615190505981445,0.004568637348711491,30.725082397460938,-7.0,7.0,5.8024091720581055,0.4861483871936798,1.8862221240997314,-0.6265989542007446,900
individual,22,carpet,23,3850,0.033271461725234985,0.041344527155160904,-6.113348960876465,0.004572542849928141,15.722367286682129,-7.0,7.0,5.993978500366211,0.4590522348880768,1.6869542598724365,-0.5672727227210999,901
individual,22,carpet,24,3850,0.17130810022354126,0.18389327824115753,-6.3848395347595215,0.004576530307531357,7.523758411407471,-7.0,7.0,5.8659491539001465,0.4708460867404938,1.5670440196990967,-0.5139175653457642,902
individual,22,carpet,25,3850,0.042347490787506104,0.04675070196390152,-6.138011455535889,0.004580591339617968,5.906893253326416,-7.0,7.0,6.038250923156738,0.4626014828681946,1.5731180906295776,-0.5097342133522034,903
individual,22,carpet,26,3850,0.12719027698040009,0.1071852371096611,-5.781806945800781,0.0045847212895751,7.759457588195801,-7.0,7.0,5.900615692138672,0.415662556886673,1.6149359941482544,-0.5198567509651184,904
individual,22,carpet,27,3850,0.08863873034715652,0.12428831309080124,-5.844814777374268,0.004588032141327858,-4.674644947052002,-7.0,7.0,5.94342041015625,0.44088760018348694,1.4153200387954712,-0.4721607565879822,905
individual,22,carpet,28,3850,0.11080515384674072,0.060685236006975174,-6.290979862213135,0.004590855445712805,-1.8394660949707031,-7.0,7.0,5.9555840492248535,0.49609068036079407,1.5389105081558228,-0.4859921634197235,906
individual,22,carpet,29,3850,0.02936466597020626,0.04447241872549057,-6.257850170135498,0.004592942073941231,-5.202611923217773,-7.0,7.0,5.977975845336914,0.5377832055091858,1.4474029541015625,-0.4787573516368866,907
individual,22,carpet,30,3850,0.11594778299331665,0.07676208764314651,-5.977005481719971,0.00459529273211956,7.343393325805664,-7.0,7.0,6.103257179260254,0.4158644676208496,1.51038658618927,-0.5028056502342224,908
individual,22,carpet,31,3850,0.09645190834999084,0.09727281332015991,-6.086826801300049,0.004597569815814495,1.8154805898666382,-7.0,7.0,6.219248294830322,0.5550863742828369,1.4808424711227417,-0.5040462017059326,909
individual,22,carpet,32,3850,0.08259619027376175,0.0496346578001976,-6.261991024017334,0.004599615465849638,-0.07584148645401001,-7.0,7.0,6.037137031555176,0.5526151061058044,1.4994698762893677,-0.5106891989707947,910
individual,22,carpet,33,3850,0.05055847764015198,0.0550072118639946,-6.285005569458008,0.004601930268108845,10.789460182189941,-7.0,7.0,5.99631929397583,0.4324616491794586,1.521615743637085,-0.5218278169631958,911
individual,22,carpet,34,3850,0.04269735887646675,0.024981703609228134,-6.157961368560791,0.004604026209563017,0.09889912605285645,-7.0,7.0,6.1273651123046875,0.459158718585968,1.4635099172592163,-0.5286740660667419,912
individual,22,carpet,35,3850,0.09547658264636993,0.07922512292861938,-5.983242988586426,0.004606094677001238,2.050726890563965,-7.0,7.0,5.949373722076416,0.520978569984436,1.494753122329712,-0.5223935842514038,913
individual,22,carpet,36,3850,0.018432311713695526,0.014971621334552765,-6.217439651489258,0.004608021583408117,0.7101585865020752,-7.0,7.0,6.002468109130859,0.4774603545665741,1.4743112325668335,-0.5462413430213928,914
individual,22,carpet,37,3850,0.10179697722196579,0.0708347037434578,-6.683741569519043,0.004609280731528997,-6.685169696807861,-7.0,7.0,6.253226280212402,0.5025375485420227,1.4105817079544067,-0.5415452122688293,915
individual,22,carpet,38,3850,0.025827595964074135,0.025776848196983337,-6.382470607757568,0.004610735923051834,3.6310653686523438,-7.0,7.0,6.078253746032715,0.35012128949165344,1.4954326152801514,-0.5761645436286926,916
individual,22,carpet,39,3850,0.07038788497447968,0.048944003880023956,-6.152585983276367,0.00461196294054389,-0.9465320110321045,-7.0,7.0,6.083996772766113,0.500990092754364,1.4208400249481201,-0.5750959515571594,917
individual,22,carpet,40,3850,0.1419067680835724,0.14329354465007782,-6.140275001525879,0.004613311029970646,2.7460503578186035,-7.0,7.0,5.987192153930664,0.5244477987289429,1.5445235967636108,-0.6165345311164856,918
individual,22,carpet,41,3850,0.1557820737361908,0.13190510869026184,-6.444692611694336,0.004615002777427435,5.549322605133057,-7.0,7.0,6.174922943115234,0.4340119957923889,1.5292950868606567,-0.6610485315322876,919
individual,22,carpet,42,3850,0.14300750195980072,0.13630147278308868,-6.7042741775512695,0.00461700139567256,8.346693992614746,-7.0,7.0,6.10690975189209,0.410534530878067,1.578480839729309,-0.674976646900177,920
individual,22,carpet,43,3850,0.03916948288679123,0.03820287063717842,-6.5561933517456055,0.004619278479367495,29.2253475189209,-7.0,7.0,6.0912322998046875,0.47657716274261475,1.7826734781265259,-0.7754144668579102,921
individual,22,carpet,44,3850,0.06548599898815155,0.047897689044475555,-6.477342128753662,0.004621805623173714,36.03972244262695,-7.0,7.0,6.22261381149292,0.4304456412792206,1.8205524682998657,-0.820297360420227,922
individual,22,carpet,45,3850,0.06289882957935333,0.09135120362043381,-6.493040084838867,0.004624559078365564,29.57980728149414,-7.0,7.0,6.229413986206055,0.5315910577774048,1.7460500001907349,-0.7989077568054199,923
individual,22,carpet,46,3850,0.16556350886821747,0.12920747697353363,-6.737962245941162,0.004627516958862543,46.36787414550781,-7.0,7.0,6.1410112380981445,0.4900764226913452,1.980271339416504,-0.8994747996330261,924
individual,22,carpet,47,3850,0.07404237985610962,0.0979905053973198,-6.741826057434082,0.004630658309906721,47.12520217895508,-7.0,7.0,6.184560775756836,0.5009662508964539,1.9836894273757935,-0.9475849866867065,925
individual,22,carpet,48,3850,0.04848545417189598,0.02637391723692417,-6.174515247344971,0.004633966833353043,55.83595657348633,-7.0,7.0,6.081757545471191,0.40550798177719116,2.039623737335205,-0.9674938917160034,926
individual,22,carpet,49,3850,0.09558550268411636,0.09528065472841263,-5.954861164093018,0.004637424368411303,85.35456085205078,-7.0,7.0,6.065923690795898,0.4548341929912567,2.3801121711730957,-1.134748101234436,927
individual,22,carpet,50,3850,0.02864747866988182,0.03543047606945038,-6.1166839599609375,0.004641016945242882,82.17676544189453,-7.0,7.0,6.170804023742676,0.3862808346748352,2.3532886505126953,-1.119577169418335,928
population,22,carpet,1,3850,0.02106272056698799,0.03933321312069893,-6.028417587280273,0.005185715388506651,0.6835360527038574,-7.0,7.0,5.920442581176758,0.36911001801490784,1.3720089197158813,-0.6948098540306091,879
population,22,carpet,2,3850,0.025280188769102097,0.015165096148848534,-6.016723155975342,0.005188141483813524,22.32550621032715,-7.0,7.0,5.92574405670166,0.4119480550289154,1.6376056671142578,-0.7738296389579773,880
population,22,carpet,3,3850,0.043473608791828156,0.03941092640161514,-6.11395263671875,0.005190866068005562,6.39155387878418,-7.0,7.0,5.95772647857666,0.5196789503097534,1.4719058275222778,-0.7270548939704895,881
population,22,carpet,4,3850,0.027930989861488342,0.04640737920999527,-6.192506313323975,0.005193859338760376,9.362015724182129,-7.0,7.0,5.854104518890381,0.43712812662124634,1.5100523233413696,-0.7159615755081177,882
population,22,carpet,5,3850,0.019300678744912148,0.017007408663630486,-6.116648197174072,0.00519709475338459,13.806498527526855,-7.0,7.0,5.94886589050293,0.47965991497039795,1.539777159690857,-0.7391901016235352,883
population,22,carpet,6,3850,0.04180775582790375,0.067572683095932,-5.902314186096191,0.005200548097491264,20.775680541992188,-7.0,7.0,5.876903057098389,0.487296462059021,1.6559275388717651,-0.7708338499069214,884
population,22,carpet,7,3850,0.04073850437998772,0.03055696189403534,-6.024925708770752,0.005204197484999895,20.54838752746582,-7.0,7.0,5.886357307434082,0.3969939649105072,1.6518456935882568,-0.8027035593986511,885
population,22,carpet,8,3850,0.02504977397620678,0.04682076722383499,-6.184520721435547,0.005208025220781565,9.406530380249023,-7.0,7.0,5.954903602600098,0.3581294119358063,1.5152490139007568,-0.7246593832969666,886
population,22,carpet,9,3850,0.03906363993883133,0.03526490926742554,-6.1329145431518555,0.0052116201259195805,1.4104361534118652,-7.0,7.0,6.041926383972168,0.42495089769363403,1.5178064107894897,-0.7141742706298828,887
population,22,carpet,10,3850,0.05489049479365349,0.05817220360040665,-5.958785057067871,0.0052153985016047955,8.651473999023438,-7.0,7.0,5.931282997131348,0.4068237841129303,1.4903055429458618,-0.7075445055961609,888
population,22,carpet,11,3850,0.02763010375201702,0.018341368064284325,-6.121456146240234,0.005219344515353441,7.331342697143555,-7.0,7.0,5.966771125793457,0.40911370515823364,1.4871904850006104,-0.7141925096511841,889
population,22,carpet,12,3850,0.03063439205288887,0.0529879666864872,-6.138653755187988,0.005223440006375313,12.139420509338379,-7.0,7.0,5.900540828704834,0.3582054674625397,1.5839258432388306,-0.7258377075195312,890
population,22,carpet,13,3850,0.026430360972881317,0.027687491849064827,-6.236879348754883,0.0052276733331382275,7.692924976348877,-7.0,7.0,6.059913635253906,0.40563347935676575,1.4590822458267212,-0.694761335849762,891
population,22,carpet,14,3850,0.038633231073617935,0.05339238792657852,-6.144989967346191,0.005232030060142279,10.747123718261719,-7.0,7.0,6.031842231750488,0.4757934808731079,1.5331703424453735,-0.6909232139587402,892
population,22,carpet,15,3850,0.0662006288766861,0.0619320422410965,-6.208844184875488,0.005236497614532709,6.488114356994629,-7.0,7.0,6.006889820098877,0.4697372317314148,1.4126536846160889,-0.6481958627700806,893
population,22,carpet,16,3850,0.023368259891867638,0.027274269610643387,-6.32185173034668,0.005241064354777336,5.54762077331543,-7.0,7.0,5.9615631103515625,0.5026605129241943,1.471901297569275,-0.6716205477714539,894
population,22,carpet,17,3850,0.03831809386610985,0.033838964998722076,-6.342568874359131,0.005245209205895662,0.2641149163246155,-7.0,7.0,6.155679702758789,0.544734537601471,1.4104539155960083,-0.6444678902626038,895
population,22,carpet,18,3850,0.03127232939004898,0.02401518076658249,-6.199273586273193,0.005249488167464733,9.205824851989746,-7.0,7.0,5.951752662658691,0.4641483724117279,1.5179412364959717,-0.6838818788528442,896
population,22,carpet,19,3850,0.026550840586423874,0.023462144657969475,-6.228636741638184,0.005253647454082966,2.9116358757019043,-7.0,7.0,5.96539306640625,0.36165404319763184,1.4494044780731201,-0.6736751198768616,897
population,22,carpet,20,3850,0.025149133056402206,0.023230358958244324,-6.4264116287231445,0.005257940385490656,7.030516624450684,-7.0,7.0,6.131707191467285,0.44300249218940735,1.445863962173462,-0.6894233822822571,898
population,22,carpet,21,3850,0.02178260125219822,0.01932954043149948,-6.309574604034424,0.005262354854494333,18.551326751708984,-7.0,7.0,5.941782474517822,0.5432953238487244,1.5958513021469116,-0.7081312537193298,899
population,22,carpet,22,3850,0.06361262500286102,0.03351495787501335,-6.318472862243652,0.005266878753900528,12.240957260131836,-7.0,7.0,6.11021614074707,0.5665720105171204,1.6513060331344604,-0.7233309149742126,900
population,22,carpet,23,3850,0.027924703434109688,0.01853870041668415,-6.412010192871094,0.005271499045193195,18.87807273864746,-7.0,7.0,6.031501770019531,0.41426020860671997,1.657700777053833,-0.7352033257484436,901
population,22,carpet,24,3850,0.03578537330031395,0.02078721858561039,-6.612833499908447,0.005276212003082037,24.25678062438965,-7.0,7.0,6.247003555297852,0.5022343397140503,1.6747418642044067,-0.7585273385047913,902
population,22,carpet,25,3850,0.04263484105467796,0.04068171605467796,-6.325672149658203,0.005281004123389721,19.898767471313477,-7.0,7.0,6.130178928375244,0.5053362846374512,1.6813641786575317,-0.7526244521141052,903
population,22,carpet,26,3850,0.03976886719465256,0.027141718193888664,-6.27396821975708,0.005285871680825949,31.148927688598633,-7.0,7.0,6.102628231048584,0.47011294960975647,1.7534085512161255,-0.793853759765625,904
population,22,carpet,27,3850,0.03964526951313019,0.04074765369296074,-6.384864330291748,0.005290803965181112,25.10849952697754,-7.0,7.0,6.04334020614624,0.49834176898002625,1.6779145002365112,-0.7332234978675842,905
population,22,carpet,28,3850,0.04282386973500252,0.02945341169834137,-6.427290916442871,0.005295799113810062,22.750080108642578,-7.0,7.0,6.051558017730713,0.5090106129646301,1.7009658813476562,-0.7485981583595276,906
population,22,carpet,29,3850,0.02175842598080635,0.024865703657269478,-6.477452278137207,0.005300849676132202,39.2398796081543,-7.0,7.0,6.26341438293457,0.5163733959197998,1.809659719467163,-0.8040366172790527,907
population,22,carpet,30,3850,0.026136742904782295,0.023258714005351067,-6.241342544555664,0.005305950064212084,26.859315872192383,-7.0,7.0,6.028910160064697,0.49057191610336304,1.798331618309021,-0.7490183711051941,908
population,22,carpet,31,3850,0.024800222367048264,0.015746306627988815,-6.229579448699951,0.005311096552759409,28.714664459228516,-7.0,7.0,6.023946762084961,0.4304297864437103,1.777319312095642,-0.7717645764350891,909
population,22,carpet,32,3850,0.024972259998321533,0.02399367094039917,-6.377272129058838,0.0053162830881774426,30.058488845825195,-7.0,7.0,6.127912521362305,0.43521493673324585,1.8535974025726318,-0.7827072739601135,910
population,22,carpet,33,3850,0.022966209799051285,0.016048206016421318,-6.514030456542969,0.005321507807821035,35.55023956298828,-7.0,7.0,6.1961259841918945,0.48489126563072205,1.8883026838302612,-0.7704581618309021,911
population,22,carpet,34,3850,0.027149464935064316,0.017498048022389412,-6.537276744842529,0.005326767917722464,30.48448944091797,-7.0,7.0,6.1721062660217285,0.536139190196991,1.893988013267517,-0.7339354753494263,912
population,22,carpet,35,3850,0.14373129606246948,0.13847872614860535,-6.240475177764893,0.005332061555236578,21.292343139648438,-7.0,7.0,6.284173965454102,0.4517214298248291,1.7605077028274536,-0.7184931635856628,913
population,22,carpet,36,3850,0.02002253569662571,0.01527255866676569,-6.3623199462890625,0.005337383132427931,25.55185890197754,-7.0,7.0,6.143877983093262,0.52556973695755,1.751912236213684,-0.675927460193634,914
population,22,carpet,37,3850,0.06857792288064957,0.07755148410797119,-6.526425361633301,0.005342732649296522,10.983124732971191,-7.0,7.0,6.192708969116211,0.442145437002182,1.6031113862991333,-0.6366251111030579,915
population,22,carpet,38,3850,0.036353420466184616,0.026107728481292725,-6.549583911895752,0.005348108243197203,5.271282196044922,-7.0,7.0,6.348241329193115,0.3857094347476959,1.5053770542144775,-0.6157660484313965,916
population,22,carpet,39,3850,0.024314947426319122,0.019128045067191124,-6.383225440979004,0.005353504791855812,8.923367500305176,-7.0,7.0,6.173781394958496,0.36474043130874634,1.566957712173462,-0.6282387375831604,917
population,22,carpet,40,3850,0.07508788257837296,0.055090274661779404,-6.263038158416748,0.005358835216611624,4.394674301147461,-7.0,7.0,6.273172378540039,0.5221650004386902,1.4890445470809937,-0.6161279082298279,918
population,22,carpet,41,3850,0.07778320461511612,0.07654166221618652,-6.430996894836426,0.005364193581044674,7.534135341644287,-7.0,7.0,6.2603583335876465,0.4933808147907257,1.5162999629974365,-0.6318703293800354,919
population,22,carpet,42,3850,0.09545857459306717,0.07719259709119797,-6.6526994705200195,0.005369578022509813,6.123321533203125,-7.0,7.0,6.097784519195557,0.4179513156414032,1.5679517984390259,-0.6389781832695007,920
population,22,carpet,43,3850,0.04721149802207947,0.038768548518419266,-6.619202136993408,0.005374988541007042,5.940545558929443,-7.0,7.0,6.327563285827637,0.5519997477531433,1.5866248607635498,-0.6465397477149963,921
population,22,carpet,44,3850,0.044967688620090485,0.052530329674482346,-6.475425720214844,0.005380185786634684,3.006706714630127,-7.0,7.0,6.364261627197266,0.5560886859893799,1.4633362293243408,-0.6161267161369324,922
population,22,carpet,45,3850,0.16072168946266174,0.07722121477127075,-6.368685722351074,0.0053854272700846195,15.042133331298828,-7.0,7.0,6.246993064880371,0.48407283425331116,1.6430860757827759,-0.6926705241203308,923
population,22,carpet,46,3850,0.057934850454330444,0.11436666548252106,-6.818652153015137,0.0053907097317278385,14.909534454345703,-7.0,7.0,6.249726295471191,0.4999270737171173,1.6007193326950073,-0.6591114401817322,924
population,22,carpet,47,3850,0.058774158358573914,0.02284388244152069,-6.748915672302246,0.00539602804929018,25.29124641418457,-7.0,7.0,6.265249252319336,0.4485647678375244,1.7831977605819702,-0.7512428164482117,925
population,22,carpet,48,3850,0.040786415338516235,0.04538372904062271,-6.574391841888428,0.005401379894465208,34.9154052734375,-7.0,7.0,6.240414619445801,0.42995283007621765,1.9043385982513428,-0.8033366799354553,926
population,22,carpet,49,3850,0.11564654111862183,0.07686083018779755,-6.264869213104248,0.0054067629389464855,46.29772186279297,-7.0,7.0,6.169334888458252,0.42027750611305237,1.9452056884765625,-0.8519894480705261,927
population,22,carpet,50,3850,0.09146959334611893,0.056297846138477325,-6.393670558929443,0.005412174854427576,44.30712127685547,-7.0,7.0,6.201579570770264,0.5003810524940491,1.999207615852356,-0.8750036358833313,928
individual,23,carpet,1,4025,0.13107073307037354,0.1021404042840004,-6.3360395431518555,0.004644731525331736,71.78105163574219,-7.0,7.0,6.179846286773682,0.37510910630226135,2.276973009109497,-1.0880910158157349,929
individual,23,carpet,2,4025,0.03514024615287781,0.03493408486247063,-6.1396260261535645,0.004648558329790831,84.1990966796875,-7.0,7.0,6.052661418914795,0.48479101061820984,2.369560480117798,-1.1156795024871826,930
individual,23,carpet,3,4025,0.16262079775333405,0.131124809384346,-6.021849632263184,0.004652485251426697,71.5782470703125,-7.0,7.0,6.209548473358154,0.5710449814796448,2.2245357036590576,-1.034467101097107,931
individual,23,carpet,4,4025,0.05928098037838936,0.053864024579524994,-6.246579170227051,0.004656502511352301,67.58856201171875,-7.0,7.0,6.1807098388671875,0.516746461391449,2.205479860305786,-1.010184407234192,932
individual,23,carpet,5,4025,0.07461392134428024,0.057874858379364014,-6.410216808319092,0.004660603124648333,50.76579284667969,-7.0,7.0,6.163115978240967,0.38135218620300293,1.9977340698242188,-0.9249443411827087,933
individual,23,carpet,6,4025,0.04773035645484924,0.044175613671541214,-6.229281902313232,0.004664778709411621,45.49653244018555,-7.0,7.0,6.03609561920166,0.5565236210823059,1.9568010568618774,-0.8736628890037537,934
individual,23,carpet,7,4025,0.046874769032001495,0.04774172604084015,-6.377340793609619,0.004669020418077707,30.501888275146484,-7.0,7.0,6.2313714027404785,0.4662128686904907,1.8372437953948975,-0.8302355408668518,935
individual,23,carpet,8,4025,0.05957356095314026,0.05290763080120087,-6.329770565032959,0.004673323594033718,25.618608474731445,-7.0,7.0,6.368532657623291,0.5079584121704102,1.7140363454818726,-0.7746250033378601,936
individual,23,carpet,9,4025,0.21633058786392212,0.20406708121299744,-6.27361536026001,0.0046776821836829185,16.59760856628418,-7.0,7.0,6.257968902587891,0.5148921608924866,1.6163443326950073,-0.7141892313957214,937
individual,23,carpet,10,4025,0.07281187921762466,0.052036166191101074,-6.629439830780029,0.004681470803916454,-1.5628341436386108,-7.0,7.0,6.302491188049316,0.5434565544128418,1.4383656978607178,-0.6657317280769348,938
individual,23,carpet,11,4025,0.06854414194822311,0.06408645212650299,-6.605630397796631,0.004684941377490759,0.615053653717041,-7.0,7.0,6.2192063331604,0.538754940032959,1.43608558177948,-0.6351041793823242,939
individual,23,carpet,12,4025,0.050795357674360275,0.03130655363202095,-6.251795768737793,0.004687582608312368,-6.102250576019287,-7.0,7.0,6.2718377113342285,0.37698879837989807,1.3626158237457275,-0.6193193197250366,940
individual,23,carpet,13,4025,0.10504520684480667,0.07794594019651413,-6.222795486450195,0.00468963710591197,-3.5889806747436523,-7.0,7.0,6.252641201019287,0.44987592101097107,1.3890141248703003,-0.6144043803215027,941
individual,23,carpet,14,4025,0.09876418113708496,0.09546525031328201,-6.576648712158203,0.004691001493483782,-12.665489196777344,-7.0,7.0,6.400436878204346,0.6058537364006042,1.2813159227371216,-0.5743357539176941,942
individual,23,carpet,15,4025,0.1510731726884842,0.12957122921943665,-6.626282215118408,0.004691744223237038,-7.509345054626465,-7.0,7.0,6.189201831817627,0.6201237440109253,1.3163777589797974,-0.5915507078170776,943
individual,23,carpet,16,4025,0.10282992571592331,0.08068093657493591,-6.758155822753906,0.004691927693784237,-7.6741156578063965,-7.0,7.0,6.280001640319824,0.4000743329524994,1.3159542083740234,-0.5951443314552307,944
individual,23,carpet,17,4025,0.07460105419158936,0.05627398192882538,-6.340045928955078,0.0046916077844798565,-18.111652374267578,-7.0,7.0,6.381223201751709,0.4232252240180969,1.2481762170791626,-0.5766582489013672,945
individual,23,carpet,18,4025,0.22825121879577637,0.18387779593467712,-6.220376491546631,0.004690836183726788,-14.027935981750488,-7.0,7.0,6.436062812805176,0.5186026096343994,1.2473714351654053,-0.5777085423469543,946
individual,23,carpet,19,4025,0.03065759688615799,0.03751542791724205,-6.60010290145874,0.0046904804185032845,3.746384620666504,-7.0,7.0,6.245754241943359,0.6172161102294922,1.4645785093307495,-0.6509990692138672,947
individual,23,carpet,20,4025,0.17799057066440582,0.14832083880901337,-6.63559103012085,0.0046897935681045055,-4.032054901123047,-7.0,7.0,6.216702461242676,0.4854150116443634,1.4032373428344727,-0.6347827315330505,948
individual,23,carpet,21,4025,0.03072189912199974,0.018275804817676544,-6.425748825073242,0.004689505323767662,3.6440770626068115,-7.0,7.0,6.281729221343994,0.4403991103172302,1.454819917678833,-0.6824944615364075,949
individual,23,carpet,22,4025,0.06887149065732956,0.06293057650327682,-6.179713249206543,0.004688821267336607,-4.700469493865967,-7.0,7.0,6.353710174560547,0.5396806597709656,1.4307491779327393,-0.7056983709335327,950
individual,23,carpet,23,4025,0.1081005409359932,0.07408794015645981,-6.104945659637451,0.004688586108386517,4.219517707824707,-7.0,7.0,6.322509765625,0.4202587306499481,1.4187883138656616,-0.6978926658630371,951
individual,23,carpet,24,4025,0.04668458178639412,0.053207848221063614,-6.45913028717041,0.0046888613142073154,9.67788028717041,-7.0,7.0,6.386566638946533,0.49008190631866455,1.5006873607635498,-0.7058781981468201,952
individual,23,carpet,25,4025,0.09611844271421432,0.05929112806916237,-6.506917476654053,0.004689411260187626,3.3384649753570557,-7.0,7.0,6.2624640464782715,0.4672612249851227,1.4086307287216187,-0.6827524304389954,953
individual,23,carpet,26,4025,0.03247813135385513,0.03490674868226051,-6.376857757568359,0.004689578898251057,-3.6057791709899902,-7.0,7.0,6.343690872192383,0.4811371862888336,1.312535047531128,-0.6406471133232117,954
individual,23,carpet,27,4025,0.13911642134189606,0.11295466125011444,-6.397604465484619,0.004690028727054596,3.2816755771636963,-7.0,7.0,6.443349838256836,0.5839042663574219,1.4122055768966675,-0.6772484183311462,955
individual,23,carpet,28,4025,0.025800365954637527,0.029475923627614975,-6.582887649536133,0.00469046039506793,0.30087029933929443,-7.0,7.0,6.3243608474731445,0.47436514496803284,1.3681660890579224,-0.646695077419281,956
individual,23,carpet,29,4025,0.08589108288288116,0.08575998991727829,-6.804581642150879,0.004690361674875021,-13.316437721252441,-7.0,7.0,6.447417736053467,0.517433762550354,1.1176698207855225,-0.5816472172737122,957
individual,23,carpet,30,4025,0.02031601592898369,0.03504722937941551,-6.41480827331543,0.004689787048846483,-5.875288963317871,-7.0,7.0,6.321235656738281,0.5017294883728027,1.177290678024292,-0.5956901907920837,958
individual,23,carpet,31,4025,0.030098700895905495,0.043433696031570435,-6.36846923828125,0.004688787739723921,-5.318933486938477,-7.0,7.0,6.258543968200684,0.5006256103515625,1.2548630237579346,-0.5635217428207397,959
individual,23,carpet,32,4025,0.03154924884438515,0.026542440056800842,-6.4982476234436035,0.004687401466071606,-19.68704605102539,-7.0,7.0,6.368592262268066,0.45926177501678467,1.0333598852157593,-0.5115175843238831,960
individual,23,carpet,33,4025,0.0420231856405735,0.05608924850821495,-6.6013946533203125,0.004685667343437672,-14.546807289123535,-7.0,7.0,6.4392008781433105,0.44473719596862793,1.023333191871643,-0.5062230229377747,961
individual,23,carpet,34,4025,0.11590467393398285,0.11946222186088562,-6.708197116851807,0.004683623556047678,-16.93547821044922,-7.0,7.0,6.373251438140869,0.3970909118652344,1.1319632530212402,-0.485181987285614,962
individual,23,carpet,35,4025,0.08533915877342224,0.0723254382610321,-6.682947158813477,0.004681298974901438,-20.793174743652344,-7.0,7.0,6.420814514160156,0.499475359916687,1.027104377746582,-0.4552314877510071,963
individual,23,carpet,36,4025,0.08646789193153381,0.1019449457526207,-6.381924629211426,0.004678721539676189,-14.965906143188477,-7.0,7.0,6.27400541305542,0.42191267013549805,1.089154601097107,-0.46913912892341614,964
individual,23,carpet,37,4025,0.028358349576592445,0.02551494538784027,-6.5826029777526855,0.004676716402173042,3.4626307487487793,-7.0,7.0,6.383937358856201,0.5682812333106995,1.4318654537200928,-0.5209212303161621,965
individual,23,carpet,38,4025,0.03131839632987976,0.02204337902367115,-6.629497051239014,0.00467442674562335,-9.697118759155273,-7.0,7.0,6.406578063964844,0.5413736701011658,1.2333933115005493,-0.48437610268592834,966
individual,23,carpet,39,4025,0.049815986305475235,0.04450014978647232,-6.748108386993408,0.004671881906688213,-9.931511878967285,-7.0,7.0,6.483143329620361,0.4453158378601074,1.2258508205413818,-0.4938841462135315,967
individual,23,carpet,40,4025,0.05002826079726219,0.0351092666387558,-6.824020862579346,0.004670029040426016,4.837826728820801,-7.0,7.0,6.393687725067139,0.40208229422569275,1.400795578956604,-0.4960904121398926,968
individual,23,carpet,41,4025,0.028308426961302757,0.019970150664448738,-6.609559059143066,0.004667878150939941,-9.352585792541504,-7.0,7.0,6.26276159286499,0.3277204632759094,1.2684459686279297,-0.4903870224952698,969
individual,23,carpet,42,4025,0.05206362530589104,0.03785915672779083,-6.644879341125488,0.004665975458920002,0.3579216003417969,-7.0,7.0,6.483891487121582,0.2888721823692322,1.3012778759002686,-0.47389593720436096,970
individual,23,carpet,43,4025,0.034893885254859924,0.02285681664943695,-6.690732002258301,0.004664480686187744,2.4356250762939453,-7.0,7.0,6.415089130401611,0.4462314546108246,1.3577302694320679,-0.473490446805954,971
individual,23,carpet,44,4025,0.050848107784986496,0.04464499279856682,-6.984031677246094,0.004663622006773949,11.056198120117188,-7.0,7.0,6.5450897216796875,0.5255569219589233,1.5125701427459717,-0.49601608514785767,972
individual,23,carpet,45,4025,0.03508174419403076,0.02176218293607235,-7.049459934234619,0.004663333296775818,14.214126586914062,-7.0,7.0,6.698756694793701,0.527114987373352,1.6036418676376343,-0.48632246255874634,973
individual,23,carpet,46,4025,0.021200021728873253,0.02270001545548439,-6.676430702209473,0.0046635577455163,6.118860244750977,-7.0,7.0,6.3849382400512695,0.3520522713661194,1.4834903478622437,-0.5011276006698608,974
individual,23,carpet,47,4025,0.029352569952607155,0.023035109043121338,-6.746353626251221,0.004664245061576366,21.804283142089844,-7.0,7.0,6.467441082000732,0.4476516842842102,1.6638538837432861,-0.5445224046707153,975
individual,23,carpet,48,4025,0.034578777849674225,0.02388921193778515,-6.737311840057373,0.0046653482131659985,10.873794555664062,-7.0,7.0,6.595518589019775,0.347469300031662,1.6159886121749878,-0.5178782343864441,976
individual,23,carpet,49,4025,0.0687125027179718,0.0814230889081955,-6.89873743057251,0.004666825756430626,21.802043914794922,-7.0,7.0,6.59910249710083,0.46553927659988403,1.7202399969100952,-0.5673831105232239,977
individual,23,carpet,50,4025,0.06460654735565186,0.043149203062057495,-6.944553375244141,0.0046686395071446896,23.32527732849121,-7.0,7.0,6.426982879638672,0.4593106806278229,1.6287076473236084,-0.6601314544677734,978
population,23,carpet,1,4025,0.04369867965579033,0.05773270130157471,-6.725482940673828,0.0054176123812794685,54.78472137451172,-7.0,7.0,6.309656620025635,0.4040431082248688,2.0615234375,-0.9167543053627014,929
population,23,carpet,2,4025,0.128037691116333,0.04700598865747452,-6.5828962326049805,0.005423073656857014,48.130985260009766,-7.0,7.0,6.313084125518799,0.3833242654800415,2.0880229473114014,-0.9117377996444702,930
population,23,carpet,3,4025,0.04948396980762482,0.11343403160572052,-6.186099052429199,0.005428555887192488,61.760093688964844,-7.0,7.0,6.24898624420166,0.39169996976852417,2.1784186363220215,-0.9446801543235779,931
population,23,carpet,4,4025,0.13817109167575836,0.09074197709560394,-6.192530632019043,0.005434059537947178,41.855953216552734,-7.0,7.0,6.271082401275635,0.43410393595695496,2.025132417678833,-0.885964572429657,932
population,23,carpet,5,4025,0.02909444458782673,0.04165720194578171,-6.3885087966918945,0.005439581349492073,41.76163101196289,-7.0,7.0,6.296311378479004,0.5042599439620972,1.9491099119186401,-0.8285058736801147,933
population,23,carpet,6,4025,0.1069500744342804,0.10984683781862259,-6.449273586273193,0.005445122253149748,23.736331939697266,-7.0,7.0,6.44263219833374,0.49443450570106506,1.7913570404052734,-0.7678959965705872,934
population,23,carpet,7,4025,0.1145092099905014,0.10319648683071136,-6.332587242126465,0.005450678523629904,25.498241424560547,-7.0,7.0,6.385830879211426,0.4707934558391571,1.7081530094146729,-0.7278814911842346,935
population,23,carpet,8,4025,0.05387211591005325,0.036019738763570786,-6.556981563568115,0.005456251557916403,16.902908325195312,-7.0,7.0,6.381165027618408,0.47982046008110046,1.6648013591766357,-0.6681237816810608,936
population,23,carpet,9,4025,0.042787253856658936,0.026554929092526436,-6.26975154876709,0.005461342632770538,0.6298911571502686,-7.0,7.0,6.322591304779053,0.3326968848705292,1.514527440071106,-0.6587713956832886,937
population,23,carpet,10,4025,0.0808834359049797,0.04625578224658966,-6.393833160400391,0.005466287489980459,3.2534031867980957,-7.0,7.0,6.330807209014893,0.5396021604537964,1.522067666053772,-0.6123272180557251,938
population,23,carpet,11,4025,0.0446215458214283,0.025963328778743744,-6.678618431091309,0.00547117181122303,3.92461895942688,-7.0,7.0,6.308670997619629,0.38210299611091614,1.4477379322052002,-0.5817407965660095,939
population,23,carpet,12,4025,0.0666627436876297,0.05955096706748009,-6.760196685791016,0.005475000478327274,-6.261767387390137,-7.0,7.0,6.557299613952637,0.5134139060974121,1.3396481275558472,-0.5620906949043274,940
population,23,carpet,13,4025,0.04823113605380058,0.05665458366274834,-6.801607131958008,0.005478392820805311,-0.5501999258995056,-7.0,7.0,6.417607307434082,0.42006462812423706,1.501543402671814,-0.5823689699172974,941
population,23,carpet,14,4025,0.020052842795848846,0.04519551992416382,-6.676835536956787,0.0054808747954666615,-6.127340793609619,-7.0,7.0,6.387486934661865,0.3848486840724945,1.341232419013977,-0.5585793852806091,942
population,23,carpet,15,4025,0.04617968574166298,0.030536815524101257,-6.674070835113525,0.005483585875481367,4.3212151527404785,-7.0,7.0,6.497439861297607,0.5304594039916992,1.4844112396240234,-0.6029792428016663,943
population,23,carpet,16,4025,0.019256290048360825,0.018681179732084274,-6.619446277618408,0.005486536305397749,4.637129783630371,-7.0,7.0,6.3221235275268555,0.31665292382240295,1.5525891780853271,-0.6181044578552246,944
population,23,carpet,17,4025,0.01890045963227749,0.014395583420991898,-6.706961154937744,0.005489762872457504,9.436735153198242,-7.0,7.0,6.333680152893066,0.4544534385204315,1.6553055047988892,-0.6452197432518005,945
population,23,carpet,18,4025,0.13019728660583496,0.13162152469158173,-6.616671562194824,0.0054932404309511185,13.395723342895508,-7.0,7.0,6.413543224334717,0.5210574865341187,1.6919928789138794,-0.6548704504966736,946
population,23,carpet,19,4025,0.030089769512414932,0.05664068087935448,-6.72296142578125,0.005496945232152939,20.936599731445312,-7.0,7.0,6.40549898147583,0.48023906350135803,1.7217429876327515,-0.671124279499054,947
population,23,carpet,20,4025,0.2410222291946411,0.24923986196517944,-6.574458122253418,0.005500852130353451,23.094970703125,-7.0,7.0,6.399307727813721,0.5880083441734314,1.8193080425262451,-0.699972927570343,948
population,23,carpet,21,4025,0.020807968452572823,0.014897982589900494,-6.753641605377197,0.005504942964762449,17.43861198425293,-7.0,7.0,6.451841354370117,0.45634573698043823,1.724772334098816,-0.6677952408790588,949
population,23,carpet,22,4025,0.08482813090085983,0.07075513154268265,-6.813987731933594,0.005509202368557453,11.582314491271973,-7.0,7.0,6.451502323150635,0.5105815529823303,1.628152847290039,-0.6509997248649597,950
population,23,carpet,23,4025,0.029915496706962585,0.04209384322166443,-6.644406318664551,0.0055136121809482574,13.723551750183105,-7.0,7.0,6.348419666290283,0.40722352266311646,1.7027857303619385,-0.6583325266838074,951
population,23,carpet,24,4025,0.015327366068959236,0.02184874564409256,-6.756032943725586,0.005518157035112381,22.242111206054688,-7.0,7.0,6.4185638427734375,0.4247158467769623,1.726444959640503,-0.664091169834137,952
population,23,carpet,25,4025,0.028723949566483498,0.0507078655064106,-6.724949836730957,0.0055228243581950665,20.19967269897461,-7.0,7.0,6.483471393585205,0.4059131145477295,1.6961653232574463,-0.6494497656822205,953
population,23,carpet,26,4025,0.02295386791229248,0.02787323296070099,-6.8690948486328125,0.005527603439986706,17.4561710357666,-7.0,7.0,6.507428169250488,0.4438059628009796,1.7097749710083008,-0.6528899073600769,954
population,23,carpet,27,4025,0.05335579812526703,0.06079354137182236,-6.783782958984375,0.0055324845016002655,11.838346481323242,-7.0,7.0,6.415215492248535,0.5366484522819519,1.6241810321807861,-0.6414282917976379,955
population,23,carpet,28,4025,0.019520681351423264,0.01782744564116001,-6.915001392364502,0.0055374568328261375,14.102691650390625,-7.0,7.0,6.655620574951172,0.43963298201560974,1.6302587985992432,-0.6619402766227722,956
population,23,carpet,29,4025,0.012018319219350815,0.008531995117664337,-6.756439685821533,0.0055425106547772884,17.446199417114258,-7.0,7.0,6.440115928649902,0.420428603887558,1.6565343141555786,-0.6478217840194702,957
population,23,carpet,30,4025,0.046692296862602234,0.04902898520231247,-6.6852874755859375,0.005547639913856983,11.85908317565918,-7.0,7.0,6.675325393676758,0.5628038048744202,1.6133896112442017,-0.629971981048584,958
population,23,carpet,31,4025,0.021871130913496017,0.013150247745215893,-6.722433567047119,0.005552769172936678,4.554152488708496,-7.0,7.0,6.555562496185303,0.6600112318992615,1.4648525714874268,-0.6079769730567932,959
population,23,carpet,32,4025,0.0599200539290905,0.05964178219437599,-6.8014726638793945,0.00555796641856432,7.018767356872559,-7.0,7.0,6.4979963302612305,0.5470086932182312,1.5653102397918701,-0.6259292364120483,960
population,23,carpet,33,4025,0.04856190085411072,0.0536758154630661,-6.727521896362305,0.005563226994127035,7.433837890625,-7.0,7.0,6.526819229125977,0.441779226064682,1.4789782762527466,-0.627375602722168,961
population,23,carpet,34,4025,0.013295164331793785,0.01358483824878931,-6.717459678649902,0.005567512940615416,-4.063021659851074,-7.0,7.0,6.594931602478027,0.4097288250923157,1.439141869544983,-0.6182037591934204,962
population,23,carpet,35,4025,0.06181615963578224,0.06427446007728577,-6.632463455200195,0.005570792593061924,-5.738099575042725,-7.0,7.0,6.521568298339844,0.4585261046886444,1.3203455209732056,-0.6129226684570312,963
population,23,carpet,36,4025,0.02873038686811924,0.030193714424967766,-6.772089958190918,0.005574326496571302,11.862159729003906,-7.0,7.0,6.425952434539795,0.43941521644592285,1.5232868194580078,-0.65879887342453,964
population,23,carpet,37,4025,0.02629946731030941,0.027031883597373962,-6.872542381286621,0.005578089039772749,6.008105278015137,-7.0,7.0,6.542661190032959,0.44274991750717163,1.4148361682891846,-0.6554372906684875,965
population,23,carpet,38,4025,0.02300296723842621,0.022781966254115105,-6.963574409484863,0.005582056008279324,16.858434677124023,-7.0,7.0,6.494552135467529,0.37612971663475037,1.5994179248809814,-0.6953368782997131,966
population,23,carpet,39,4025,0.0315641351044178,0.044829536229372025,-6.915392875671387,0.005586210172623396,11.687225341796875,-7.0,7.0,6.640880584716797,0.43758800625801086,1.5327616930007935,-0.6967272162437439,967
population,23,carpet,40,4025,0.03095358982682228,0.03545362502336502,-7.015462875366211,0.005590531975030899,28.04303550720215,-7.0,7.0,6.625884532928467,0.42312589287757874,1.7041263580322266,-0.7327756881713867,968
population,23,carpet,41,4025,0.03300638496875763,0.037776824086904526,-6.930044174194336,0.005595006980001926,5.41982889175415,-7.0,7.0,6.621140003204346,0.4451407492160797,1.4455459117889404,-0.6670402884483337,969
population,23,carpet,42,4025,0.041165370494127274,0.03276478499174118,-7.052825450897217,0.00559961935505271,15.027222633361816,-7.0,7.0,6.5859293937683105,0.4351801872253418,1.528563141822815,-0.6944357752799988,970
population,23,carpet,43,4025,0.07211971282958984,0.09273089468479156,-6.723465919494629,0.005604355130344629,23.966869354248047,-7.0,7.0,6.526575088500977,0.4922802150249481,1.6828558444976807,-0.730195164680481,971
population,23,carpet,44,4025,0.0483885258436203,0.05073755979537964,-6.8624725341796875,0.005609204992651939,43.96392059326172,-7.0,7.0,6.645152568817139,0.48144254088401794,1.950365662574768,-0.8398723006248474,972
population,23,carpet,45,4025,0.0643802210688591,0.08449247479438782,-6.965429782867432,0.005614158231765032,26.077756881713867,-7.0,7.0,6.674624919891357,0.4150829315185547,1.7027086019515991,-0.7682406306266785,973
population,23,carpet,46,4025,0.05196265131235123,0.05446890369057655,-7.131779193878174,0.005619201343506575,40.8231201171875,-7.0,7.0,6.675686359405518,0.39897024631500244,1.9345474243164062,-0.8167250752449036,974
population,23,carpet,47,4025,0.022405782714486122,0.03614592179656029,-6.863734245300293,0.0056243292056024075,36.7566032409668,-7.0,7.0,6.5799336433410645,0.3606838583946228,1.870991587638855,-0.8047587275505066,975
population,23,carpet,48,4025,0.05930018797516823,0.08383342623710632,-6.772193431854248,0.005629534367471933,31.828670501708984,-7.0,7.0,6.706645965576172,0.3862279951572418,1.7174032926559448,-0.78309166431427,976
population,23,carpet,49,4025,0.04473181068897247,0.03643200173974037,-6.880762100219727,0.005634806584566832,62.35423278808594,-7.0,7.0,6.672088146209717,0.4331933856010437,2.172929048538208,-0.8491167426109314,977
population,23,carpet,50,4025,0.0618596076965332,0.10205239802598953,-7.256105422973633,0.005640142597258091,31.365161895751953,-7.0,7.0,6.749150276184082,0.43543994426727295,1.791268229484558,-0.7865396738052368,978
individual,24,carpet,1,4189,0.06289046257734299,0.05314897373318672,-7.101511001586914,0.004670759197324514,34.01061248779297,-7.0,7.0,6.767651557922363,0.5749778151512146,1.7708488702774048,-0.666339099407196,979
individual,24,carpet,2,4189,0.054679986089468,0.045592304319143295,-6.765111446380615,0.0046731517650187016,25.209510803222656,-7.0,7.0,6.664888858795166,0.4962354004383087,1.7393871545791626,-0.6519181132316589,980
individual,24,carpet,3,4189,0.04009881615638733,0.02073684148490429,-6.611438274383545,0.004675791133195162,29.04916000366211,-7.0,7.0,6.387322902679443,0.39251774549484253,1.7185382843017578,-0.6854510307312012,981
individual,24,carpet,4,4189,0.14564409852027893,0.125118687748909,-7.004983901977539,0.004678654484450817,31.070053100585938,-7.0,7.0,6.732245922088623,0.48120608925819397,1.74951171875,-0.7011188268661499,982
individual,24,carpet,5,4189,0.08524326235055923,0.0676293671131134,-7.176295280456543,0.004681719001382589,26.65442657470703,-7.0,7.0,6.679969310760498,0.535550057888031,1.7629958391189575,-0.7166672348976135,983
individual,24,carpet,6,4189,0.050322432070970535,0.04560172185301781,-7.078930854797363,0.00468496372923255,36.820735931396484,-7.0,7.0,6.705706596374512,0.4057760238647461,1.8052748441696167,-0.7996237874031067,984
individual,24,carpet,7,4189,0.0648508071899414,0.06673305481672287,-6.883196830749512,0.004688373766839504,33.75285339355469,-7.0,7.0,6.737345218658447,0.40385422110557556,1.782805323600769,-0.8060004115104675,985
individual,24,carpet,8,4189,0.09192272275686264,0.06150170415639877,-6.781579494476318,0.004691931884735823,57.67696762084961,-7.0,7.0,6.598588943481445,0.5224462151527405,2.0961689949035645,-0.8660556077957153,986
individual,24,carpet,9,4189,0.04386090114712715,0.04300742223858833,-7.096634387969971,0.004695622716099024,33.38703918457031,-7.0,7.0,6.696031093597412,0.46533674001693726,1.8282784223556519,-0.7987135052680969,987
individual,24,carpet,10,4189,0.05484412610530853,0.049298301339149475,-7.188965320587158,0.004699435085058212,45.24987030029297,-7.0,7.0,6.731107711791992,0.5807791948318481,1.927398443222046,-0.8787981271743774,988
individual,24,carpet,11,4189,0.03674574941396713,0.042033713310956955,-7.122023105621338,0.0047033559530973434,26.733301162719727,-7.0,7.0,6.776022434234619,0.4532451629638672,1.684454321861267,-0.7854658365249634,989
individual,24,carpet,12,4189,0.06335638463497162,0.060567326843738556,-6.988131999969482,0.004707376938313246,41.764530181884766,-7.0,7.0,6.696292400360107,0.5757871866226196,1.8642652034759521,-0.8792567849159241,990
individual,24,carpet,13,4189,0.029230734333395958,0.029983414337038994,-7.039001941680908,0.004711486399173737,39.0822639465332,-7.0,7.0,6.575040340423584,0.49638834595680237,1.782628059387207,-0.8807550072669983,991
individual,24,carpet,14,4189,0.11181566119194031,0.0896388590335846,-6.968064785003662,0.004715678282082081,55.440460205078125,-7.0,7.0,6.765379905700684,0.5324988961219788,2.0529842376708984,-0.9744662046432495,992
individual,24,carpet,15,4189,0.0422784797847271,0.04336431622505188,-7.154134273529053,0.004719943273812532,34.85340881347656,-7.0,7.0,6.752117156982422,0.5436347126960754,1.823835015296936,-0.8561760783195496,993
individual,24,carpet,16,4189,0.061581410467624664,0.04245445132255554,-7.2018046379089355,0.004724275786429644,66.72245025634766,-7.0,7.0,6.7044291496276855,0.5124546885490417,2.1710267066955566,-0.999334990978241,994
individual,24,carpet,17,4189,0.03860198333859444,0.03858787566423416,-7.308946132659912,0.0047286683693528175,52.870975494384766,-7.0,7.0,6.854597091674805,0.4093175232410431,1.9693888425827026,-0.9323039650917053,995
individual,24,carpet,18,4189,0.05914510041475296,0.0407680906355381,-7.020391464233398,0.004733114503324032,53.892433166503906,-7.0,7.0,6.712601661682129,0.4603099822998047,2.067225217819214,-0.9707058072090149,996
individual,24,carpet,19,4189,0.049260757863521576,0.04506853222846985,-7.148628234863281,0.004737612325698137,55.65016555786133,-7.0,7.0,6.826925754547119,0.44032666087150574,2.027071237564087,-0.9989998936653137,997
individual,24,carpet,20,4189,0.0706845372915268,0.06926174461841583,-7.12913703918457,0.004742155317217112,74.03817749023438,-7.0,7.0,6.489341735839844,0.40727105736732483,2.284843921661377,-1.0273494720458984,998
individual,24,carpet,21,4189,0.09819037467241287,0.07638053596019745,-7.369299411773682,0.004746738821268082,52.68702697753906,-7.0,7.0,6.898365020751953,0.4643201529979706,2.0335030555725098,-0.9921436309814453,999
individual,24,carpet,22,4189,0.08831822872161865,0.08372556418180466,-7.346180438995361,0.004751360975205898,36.321617126464844,-7.0,7.0,6.93810510635376,0.46815088391304016,1.7832955121994019,-0.8892768025398254,1000
individual,24,carpet,23,4189,0.07591851055622101,0.0697690024971962,-7.155242919921875,0.004756018985062838,51.74913787841797,-7.0,7.0,6.7969560623168945,0.4329053461551666,1.9563329219818115,-0.9573744535446167,1001
individual,24,carpet,24,4189,0.0817309319972992,0.08088868856430054,-7.111654281616211,0.004760706797242165,29.123193740844727,-7.0,7.0,6.798200607299805,0.574657142162323,1.7100355625152588,-0.8863316774368286,1002
individual,24,carpet,25,4189,0.046837594360113144,0.03644354268908501,-7.262603282928467,0.004765423946082592,45.015167236328125,-7.0,7.0,6.956136226654053,0.46923890709877014,1.8945798873901367,-0.9415388107299805,1003
individual,24,carpet,26,4189,0.03743336722254753,0.03287060558795929,-7.213864803314209,0.0047701685689389706,50.12588119506836,-7.0,7.0,6.8108391761779785,0.45314091444015503,1.9435395002365112,-0.9551989436149597,1004
individual,24,carpet,27,4189,0.03808029368519783,0.04749632626771927,-7.076726913452148,0.004774938337504864,40.297489166259766,-7.0,7.0,6.73660945892334,0.5194764733314514,1.840328574180603,-0.9175271391868591,1005
individual,24,carpet,28,4189,0.11786903440952301,0.1123877763748169,-7.053528308868408,0.004779729060828686,43.9905891418457,-7.0,7.0,6.860136985778809,0.6417653560638428,1.903327226638794,-0.9048035740852356,1006
individual,24,carpet,29,4189,0.07666230946779251,0.08069776743650436,-7.338554859161377,0.004784540738910437,38.17131423950195,-7.0,7.0,7.031769275665283,0.5206370949745178,1.865966796875,-0.9060341119766235,1007
individual,24,carpet,30,4189,0.03661385178565979,0.03479020297527313,-7.366330623626709,0.004789372906088829,30.819652557373047,-7.0,7.0,6.8356170654296875,0.3676801919937134,1.731528639793396,-0.8660025596618652,1008
individual,24,carpet,31,4189,0.03141643851995468,0.03168024122714996,-7.323758602142334,0.004794221371412277,27.16932487487793,-7.0,7.0,6.917178630828857,0.6630146503448486,1.7434512376785278,-0.8581132292747498,1009
individual,24,carpet,32,4189,0.05978156626224518,0.058680396527051926,-7.304309368133545,0.004799086134880781,15.556357383728027,-7.0,7.0,7.068957328796387,0.5496476292610168,1.5707428455352783,-0.7863931059837341,1010
individual,24,carpet,33,4189,0.03702213987708092,0.04194498807191849,-7.205374240875244,0.004803967662155628,24.815387725830078,-7.0,7.0,6.840613842010498,0.33610570430755615,1.733521580696106,-0.8313218951225281,1011
individual,24,carpet,34,4189,0.09646032005548477,0.10226240754127502,-7.410067558288574,0.0048088631592690945,21.084707260131836,-7.0,7.0,7.084699630737305,0.6245920658111572,1.6105763912200928,-0.7975505590438843,1012
individual,24,carpet,35,4189,0.059303510934114456,0.06509217619895935,-7.493001461029053,0.00481377262622118,20.00420570373535,-7.0,7.0,6.896769046783447,0.497921884059906,1.5374172925949097,-0.7773535847663879,1013
individual,24,carpet,36,4189,0.05779595673084259,0.06469503790140152,-7.433133602142334,0.0048186942003667355,12.644794464111328,-7.0,7.0,7.112340450286865,0.6288033723831177,1.4923064708709717,-0.7596775889396667,1014
individual,24,carpet,37,4189,0.07094307243824005,0.07212116569280624,-7.229424476623535,0.004823627881705761,13.593673706054688,-7.0,7.0,7.036504745483398,0.44111132621765137,1.559230923652649,-0.7789373397827148,1015
individual,24,carpet,38,4189,0.07798106968402863,0.07040860503911972,-7.114980697631836,0.004828570876270533,22.312265396118164,-7.0,7.0,6.849205017089844,0.5741862654685974,1.6317174434661865,-0.8035398721694946,1016
individual,24,carpet,39,4189,0.06684081256389618,0.07121533900499344,-7.411707878112793,0.004833525978028774,18.36599349975586,-7.0,7.0,6.952571868896484,0.5408593416213989,1.6798826456069946,-0.8419808745384216,1017
individual,24,carpet,40,4189,0.10420852899551392,0.1233062818646431,-7.5804853439331055,0.004838490858674049,7.110711574554443,-7.0,7.0,7.2110795974731445,0.49607086181640625,1.4907186031341553,-0.787902295589447,1018
individual,24,carpet,41,4189,0.03810983523726463,0.034388311207294464,-7.255574703216553,0.004843465052545071,27.612775802612305,-7.0,7.0,6.880211353302002,0.48170530796051025,1.6533420085906982,-0.8375798463821411,1019
individual,24,carpet,42,4189,0.060017455369234085,0.0916910395026207,-7.049161434173584,0.004848447162657976,25.573591232299805,-7.0,7.0,7.00610876083374,0.528441309928894,1.7141598463058472,-0.8701993227005005,1020
individual,24,carpet,43,4189,0.038039397448301315,0.030120007693767548,-7.1894307136535645,0.004853439051657915,25.667076110839844,-7.0,7.0,6.905200958251953,0.47929370403289795,1.6911312341690063,-0.8780091404914856,1021
individual,24,carpet,44,4189,0.024549631401896477,0.05337691679596901,-7.542699337005615,0.004858437925577164,45.74948501586914,-7.0,7.0,6.921045303344727,0.39324188232421875,1.9323360919952393,-0.9934114813804626,1022
individual,24,carpet,45,4189,0.07074160128831863,0.06170063838362694,-7.483976364135742,0.0048634447157382965,23.243270874023438,-7.0,7.0,7.004491806030273,0.5525751113891602,1.6903940439224243,-0.8871265649795532,1023
individual,24,carpet,46,4189,0.053410373628139496,0.0670892596244812,-7.285696983337402,0.004868461284786463,47.44503402709961,-7.0,7.0,7.036299705505371,0.5387817621231079,1.9455785751342773,-0.9851970076560974,1024
individual,24,carpet,47,4189,0.0868881568312645,0.09163301438093185,-7.259512901306152,0.004873482510447502,34.12240219116211,-7.0,7.0,7.016605854034424,0.548907458782196,1.8175945281982422,-0.9476895332336426,1025
individual,24,carpet,48,4189,0.021808316931128502,0.03712295740842819,-7.478050708770752,0.004878511652350426,50.63265609741211,-7.0,7.0,7.053606033325195,0.40948525071144104,1.9864624738693237,-1.0182069540023804,1026
individual,24,carpet,49,4189,0.0748736709356308,0.08431193977594376,-7.3884711265563965,0.004883548244833946,26.351261138916016,-7.0,7.0,7.025078773498535,0.6161370873451233,1.6969131231307983,-0.8986796736717224,1027
individual,24,carpet,50,4189,0.04902012646198273,0.04208134859800339,-7.447519779205322,0.004888592287898064,40.85155487060547,-7.0,7.0,6.9867706298828125,0.5592601299285889,1.8254172801971436,-0.9657240509986877,1028
population,24,carpet,1,4189,0.06576457619667053,0.05568194389343262,-7.0792999267578125,0.005645534489303827,56.05202102661133,-7.0,7.0,6.663853168487549,0.48265549540519714,2.1208062171936035,-0.8455287218093872,979
population,24,carpet,2,4189,0.10987571626901627,0.14467202126979828,-6.917167663574219,0.005650980398058891,25.471710205078125,-7.0,7.0,6.8199052810668945,0.4994692802429199,1.7172526121139526,-0.7383953928947449,980
population,24,carpet,3,4189,0.1537155658006668,0.14436012506484985,-6.97332763671875,0.0056564719416201115,29.128557205200195,-7.0,7.0,6.698141098022461,0.5940287113189697,1.7659718990325928,-0.7762503027915955,981
population,24,carpet,4,4189,0.10285631567239761,0.12512437999248505,-7.325535774230957,0.005662006791681051,18.11380958557129,-7.0,7.0,6.858241081237793,0.6165256500244141,1.6471589803695679,-0.7069846391677856,982
population,24,carpet,5,4189,0.047188058495521545,0.04623468220233917,-7.160243034362793,0.005667582154273987,19.919410705566406,-7.0,7.0,6.708868026733398,0.4542406499385834,1.655665397644043,-0.746297299861908,983
population,24,carpet,6,4189,0.09666760265827179,0.14371785521507263,-6.867856025695801,0.0056731924414634705,26.856733322143555,-7.0,7.0,6.877387523651123,0.4718082845211029,1.7348392009735107,-0.8240598440170288,984
population,24,carpet,7,4189,0.06435157358646393,0.09100060164928436,-7.032271385192871,0.0056788381189107895,48.85954284667969,-7.0,7.0,6.8094587326049805,0.5151734352111816,1.9156278371810913,-0.8800529837608337,985
population,24,carpet,8,4189,0.11439812183380127,0.14258629083633423,-7.352533340454102,0.0056845140643417835,16.283475875854492,-7.0,7.0,6.794285774230957,0.4993456304073334,1.6147326231002808,-0.7476264834403992,986
population,24,carpet,9,4189,0.11313463747501373,0.13777166604995728,-7.374756813049316,0.005690217483788729,29.720327377319336,-7.0,7.0,6.869892120361328,0.545661449432373,1.760804533958435,-0.784554123878479,987
population,24,carpet,10,4189,0.04062049835920334,0.07320746779441833,-7.124955177307129,0.005695945583283901,29.91377067565918,-7.0,7.0,6.773801326751709,0.5239658951759338,1.7668720483779907,-0.7563621401786804,988
population,24,carpet,11,4189,0.07949106395244598,0.12208615243434906,-7.031187534332275,0.005701697897166014,41.479942321777344,-7.0,7.0,6.837515830993652,0.46604377031326294,1.8719414472579956,-0.8801150321960449,989
population,24,carpet,12,4189,0.032788075506687164,0.04232826083898544,-7.340431213378906,0.005707473028451204,7.287630558013916,-7.0,7.0,6.8720903396606445,0.4209789037704468,1.5351731777191162,-0.6948057413101196,990
population,24,carpet,13,4189,0.036807041615247726,0.07531699538230896,-7.460989952087402,0.0057132672518491745,15.076704978942871,-7.0,7.0,6.931750774383545,0.530289351940155,1.5887418985366821,-0.6821065545082092,991
population,24,carpet,14,4189,0.07477864623069763,0.071234792470932,-7.31997537612915,0.005719081033021212,43.16626739501953,-7.0,7.0,6.894661903381348,0.494508296251297,1.8670027256011963,-0.8038639426231384,992
population,24,carpet,15,4189,0.040005430579185486,0.06385187804698944,-7.050740718841553,0.005724914837628603,45.29417419433594,-7.0,7.0,6.713960647583008,0.5019934177398682,1.9268081188201904,-0.8304001092910767,993
population,24,carpet,16,4189,0.04230281710624695,0.069307841360569,-7.069652557373047,0.005730762146413326,42.5181884765625,-7.0,7.0,6.84129524230957,0.5351309776306152,1.9529110193252563,-0.795041024684906,994
population,24,carpet,17,4189,0.012753389775753021,0.0250101238489151,-7.214273929595947,0.00573662668466568,38.36036682128906,-7.0,7.0,6.756712436676025,0.43520092964172363,1.8827286958694458,-0.798857569694519,995
population,24,carpet,18,4189,0.07990311831235886,0.10415037721395493,-7.519600868225098,0.00574250565841794,39.64841079711914,-7.0,7.0,7.039524078369141,0.527042806148529,1.9113664627075195,-0.8296982049942017,996
population,24,carpet,19,4189,0.06930170208215714,0.07680702209472656,-7.52921199798584,0.00574839860200882,47.42322540283203,-7.0,7.0,6.971032619476318,0.4932619631290436,2.072087049484253,-0.8689289093017578,997
population,24,carpet,20,4189,0.07231457531452179,0.11255005747079849,-7.2256622314453125,0.005754303187131882,38.32243347167969,-7.0,7.0,7.010051250457764,0.60606849193573,1.9942700862884521,-0.7969388365745544,998
population,24,carpet,21,4189,0.13177001476287842,0.15049771964550018,-7.209732532501221,0.005760221742093563,39.89678955078125,-7.0,7.0,6.945496559143066,0.5221829414367676,2.0289342403411865,-0.8176131844520569,999
population,24,carpet,22,4189,0.0735875591635704,0.09087013453245163,-7.563982009887695,0.0057661524042487144,35.53928756713867,-7.0,7.0,6.933351993560791,0.44738322496414185,1.8632533550262451,-0.7805643677711487,1000
population,24,carpet,23,4189,0.026358315721154213,0.04662279412150383,-7.432265281677246,0.005772091448307037,20.325963973999023,-7.0,7.0,6.967570781707764,0.5098176598548889,1.6734354496002197,-0.7271043062210083,1001
population,24,carpet,24,4189,0.05625170096755028,0.058215878903865814,-7.054887771606445,0.00577804259955883,29.133575439453125,-7.0,7.0,6.801494598388672,0.44407427310943604,1.8066599369049072,-0.7348145842552185,1002
population,24,carpet,25,4189,0.06630533933639526,0.09283667802810669,-7.14958381652832,0.005784002132713795,25.591655731201172,-7.0,7.0,6.806994438171387,0.5163317322731018,1.7504674196243286,-0.6854168176651001,1003
population,24,carpet,26,4189,0.038075245916843414,0.05548612400889397,-7.306735038757324,0.005789973773062229,24.843273162841797,-7.0,7.0,7.033729076385498,0.4616275727748871,1.7528983354568481,-0.7079456448554993,1004
population,24,carpet,27,4189,0.06465505063533783,0.09416796267032623,-7.541643142700195,0.005795953795313835,28.223724365234375,-7.0,7.0,6.916936874389648,0.32302772998809814,1.8530269861221313,-0.687583863735199,1005
population,24,carpet,28,4189,0.016134977340698242,0.03318488597869873,-7.34684419631958,0.005801943130791187,19.507823944091797,-7.0,7.0,6.902688503265381,0.3754676580429077,1.6928900480270386,-0.6502923369407654,1006
population,24,carpet,29,4189,0.13852201402187347,0.15509477257728577,-7.107954978942871,0.005807639565318823,2.5388927459716797,-7.0,7.0,7.13684606552124,0.5915975570678711,1.4672025442123413,-0.5939115881919861,1007
population,24,carpet,30,4189,0.046994250267744064,0.06562625616788864,-7.2314372062683105,0.0058133723214268684,11.293313980102539,-7.0,7.0,7.020777702331543,0.4331594705581665,1.628770112991333,-0.6303927302360535,1008
population,24,carpet,31,4189,0.13206960260868073,0.11770273745059967,-7.4471025466918945,0.005819140933454037,28.250957489013672,-7.0,7.0,6.911762714385986,0.5071122646331787,1.8828604221343994,-0.6452388763427734,1009
population,24,carpet,32,4189,0.07769344002008438,0.11280755698680878,-7.516654968261719,0.005824943073093891,16.91984748840332,-7.0,7.0,7.04569149017334,0.5583067536354065,1.5877679586410522,-0.5903739929199219,1010
population,24,carpet,33,4189,0.0361681804060936,0.039107657968997955,-7.296102046966553,0.005830773152410984,11.401512145996094,-7.0,7.0,7.005352020263672,0.5530726909637451,1.6557891368865967,-0.5558616518974304,1011
population,24,carpet,34,4189,0.06299260258674622,0.07675199210643768,-7.129551887512207,0.005836631637066603,12.640752792358398,-7.0,7.0,6.970621109008789,0.4479242265224457,1.643405795097351,-0.5942234396934509,1012
population,24,carpet,35,4189,0.033684585243463516,0.07205487042665482,-7.226172924041748,0.005842515267431736,20.50824546813965,-7.0,7.0,7.05324125289917,0.42568668723106384,1.7016236782073975,-0.6063115000724792,1013
population,24,carpet,36,4189,0.029274720698595047,0.03516129404306412,-7.504448890686035,0.005848421715199947,26.75943374633789,-7.0,7.0,7.1300811767578125,0.5451437830924988,1.8305500745773315,-0.6056386232376099,1014
population,24,carpet,37,4189,0.06341910362243652,0.09978720545768738,-7.474413871765137,0.005854350980371237,28.80557632446289,-7.0,7.0,7.045917987823486,0.5383880734443665,1.7545512914657593,-0.6724076271057129,1015
population,24,carpet,38,4189,0.04474138468503952,0.051248811185359955,-7.431931495666504,0.005860299803316593,23.365087509155273,-7.0,7.0,6.976686954498291,0.4215396046638489,1.800627589225769,-0.6534895300865173,1016
population,24,carpet,39,4189,0.05416158586740494,0.08162471652030945,-7.38023567199707,0.005866266321390867,20.84103775024414,-7.0,7.0,7.283638000488281,0.533828854560852,1.6875723600387573,-0.6357323527336121,1017
population,24,carpet,40,4189,0.018243251368403435,0.026879828423261642,-7.448779106140137,0.005872249603271484,26.227643966674805,-7.0,7.0,7.089960098266602,0.4798794388771057,1.86758291721344,-0.6526575088500977,1018
population,24,carpet,41,4189,0.03899761289358139,0.06860584020614624,-7.601395606994629,0.005878250580281019,41.48344802856445,-7.0,7.0,7.169790744781494,0.553710401058197,1.9434758424758911,-0.7028096318244934,1019
population,24,carpet,42,4189,0.055757250636816025,0.05937175452709198,-7.533914566040039,0.005884265992790461,41.77493667602539,-7.0,7.0,7.122159481048584,0.41077274084091187,2.0029282569885254,-0.7386977076530457,1020
population,24,carpet,43,4189,0.012283784337341785,0.016124926507472992,-7.564922332763672,0.005890296306461096,41.17412185668945,-7.0,7.0,7.114369869232178,0.5162258148193359,1.9583181142807007,-0.7670184969902039,1021
population,24,carpet,44,4189,0.05042415112257004,0.06283683329820633,-7.435557842254639,0.00589634058997035,54.27932357788086,-7.0,7.0,7.022060394287109,0.6340806484222412,2.0994019508361816,-0.7929469347000122,1022
population,24,carpet,45,4189,0.024669408798217773,0.03667036071419716,-7.404556751251221,0.005902397446334362,46.77983856201172,-7.0,7.0,6.952147960662842,0.5667903423309326,2.0504491329193115,-0.7948808670043945,1023
population,24,carpet,46,4189,0.05174615606665611,0.053998854011297226,-7.5819244384765625,0.005908465478569269,38.37208557128906,-7.0,7.0,7.178462505340576,0.45721983909606934,1.9380394220352173,-0.7521615624427795,1024
population,24,carpet,47,4189,0.038215313106775284,0.05208618938922882,-7.633825302124023,0.005914545617997646,46.87959671020508,-7.0,7.0,7.1898884773254395,0.4305735230445862,2.030639886856079,-0.786636471748352,1025
population,24,carpet,48,4189,0.05406510457396507,0.05376920849084854,-7.493907451629639,0.0059206378646194935,48.979000091552734,-7.0,7.0,7.184021472930908,0.5378149747848511,2.101567268371582,-0.7926256060600281,1026
population,24,carpet,49,4189,0.026354875415563583,0.04999746382236481,-7.417720794677734,0.0059267389588057995,35.73035430908203,-7.0,7.0,7.153446197509766,0.3693723976612091,1.8681390285491943,-0.7877675294876099,1027
population,24,carpet,50,4189,0.014188749715685844,0.0165779460221529,-7.510995388031006,0.005932849366217852,39.453651428222656,-7.0,7.0,7.155529975891113,0.41351279616355896,1.9811114072799683,-0.7848793268203735,1028
individual,25,carpet,1,4364,0.04113771393895149,0.04457320645451546,-7.625391006469727,0.004893641918897629,62.378170013427734,-7.0,7.0,7.295660972595215,0.6011644005775452,2.093132257461548,-1.036808729171753,1029
individual,25,carpet,2,4364,0.04948171228170395,0.038790080696344376,-7.351328372955322,0.0048986985348165035,34.13777160644531,-7.0,7.0,7.135394096374512,0.460237056016922,1.7246434688568115,-0.9201620817184448,1030
individual,25,carpet,3,4364,0.026727845892310143,0.03802672401070595,-7.294188976287842,0.004903760738670826,37.95504379272461,-7.0,7.0,6.894560813903809,0.49887266755104065,1.8197957277297974,-0.9495784640312195,1031
individual,25,carpet,4,4364,0.08601781725883484,0.09378159046173096,-7.458797454833984,0.004908830393105745,53.84326934814453,-7.0,7.0,7.150506496429443,0.4324069023132324,1.997611403465271,-1.012961745262146,1032
individual,25,carpet,5,4364,0.049865927547216415,0.05466361343860626,-7.269565105438232,0.004913905635476112,24.771587371826172,-7.0,7.0,7.169338703155518,0.5442213416099548,1.6285202503204346,-0.8817049860954285,1033
individual,25,carpet,6,4364,0.0459187850356102,0.038493379950523376,-7.3896636962890625,0.0049189855344593525,43.950714111328125,-7.0,7.0,7.16978120803833,0.4214153587818146,1.9136477708816528,-0.9465512037277222,1034
individual,25,carpet,7,4364,0.058942124247550964,0.06525705754756927,-7.391169548034668,0.004924073349684477,41.88804626464844,-7.0,7.0,7.169946193695068,0.45789220929145813,1.8885105848312378,-0.9198009371757507,1035
individual,25,carpet,8,4364,0.054025087505578995,0.048676371574401855,-7.28992223739624,0.004929166752845049,41.89665985107422,-7.0,7.0,7.117269039154053,0.5212312340736389,1.9304161071777344,-0.9258564710617065,1036
individual,25,carpet,9,4364,0.02902403101325035,0.02738315798342228,-7.2556023597717285,0.004934264812618494,19.672710418701172,-7.0,7.0,7.115161895751953,0.45808279514312744,1.6948282718658447,-0.8224496245384216,1037
individual,25,carpet,10,4364,0.04743065685033798,0.05533115193247795,-7.282279968261719,0.004939368460327387,22.484973907470703,-7.0,7.0,7.239644527435303,0.5429518222808838,1.6251133680343628,-0.816503643989563,1038
individual,25,carpet,11,4364,0.05347630754113197,0.06631932407617569,-7.43219518661499,0.00494447723031044,14.879441261291504,-7.0,7.0,7.23203706741333,0.4832731783390045,1.608108401298523,-0.7950067520141602,1039
individual,25,carpet,12,4364,0.0706016942858696,0.08333352208137512,-7.644473075866699,0.004949591588228941,7.956911087036133,-7.0,7.0,7.283955097198486,0.6172755360603333,1.5569583177566528,-0.7441779971122742,1040
individual,25,carpet,13,4364,0.036171361804008484,0.030614053830504417,-7.6161603927612305,0.004954711068421602,13.74644660949707,-7.0,7.0,7.151700019836426,0.49927711486816406,1.5914438962936401,-0.7417884469032288,1041
individual,25,carpet,14,4364,0.050399601459503174,0.056248679757118225,-7.388306140899658,0.004959835670888424,10.305164337158203,-7.0,7.0,7.140454292297363,0.5310583710670471,1.5629565715789795,-0.7604830861091614,1042
individual,25,carpet,15,4364,0.09298475831747055,0.08525904268026352,-7.465579032897949,0.004964965861290693,8.288773536682129,-7.0,7.0,7.1909894943237305,0.5101572871208191,1.521934151649475,-0.7304843068122864,1043
individual,25,carpet,16,4364,0.05355620011687279,0.05749738588929176,-7.6411519050598145,0.004969404544681311,-1.94046950340271,-7.0,7.0,7.292130947113037,0.6079837083816528,1.412777066230774,-0.685891330242157,1044
individual,25,carpet,17,4364,0.07310164719820023,0.0838780477643013,-7.870035171508789,0.004973915871232748,19.804222106933594,-7.0,7.0,7.248766899108887,0.475175142288208,1.6442891359329224,-0.7772512435913086,1045
individual,25,carpet,18,4364,0.06597670912742615,0.05434056743979454,-7.726437568664551,0.004978495184332132,19.399600982666016,-7.0,7.0,7.348280906677246,0.4557560086250305,1.6525675058364868,-0.7906937003135681,1046
individual,25,carpet,19,4364,0.10977132618427277,0.1006632000207901,-7.23262882232666,0.004983136430382729,15.184456825256348,-7.0,7.0,7.160861492156982,0.4307282269001007,1.6427417993545532,-0.7946813702583313,1047
individual,25,carpet,20,4364,0.07821138203144073,0.05273133143782616,-7.392223358154297,0.004987833555787802,37.25189971923828,-7.0,7.0,7.242647171020508,0.4803750216960907,1.8239802122116089,-0.8789071440696716,1048
individual,25,carpet,21,4364,0.10873710364103317,0.13217374682426453,-7.630782127380371,0.004992580972611904,26.770767211914062,-7.0,7.0,7.096580505371094,0.5861085653305054,1.775065541267395,-0.8574367165565491,1049
individual,25,carpet,22,4364,0.15791955590248108,0.08945003151893616,-7.791267395019531,0.004997373092919588,21.216625213623047,-7.0,7.0,7.357243537902832,0.3579767346382141,1.6116485595703125,-0.8457246422767639,1050
individual,25,carpet,23,4364,0.0889623761177063,0.11053503304719925,-7.520219326019287,0.005002208054065704,13.458155632019043,-7.0,7.0,7.4118123054504395,0.4788073003292084,1.5011215209960938,-0.816829264163971,1051
individual,25,carpet,24,4364,0.23386803269386292,0.1890314668416977,-7.171172142028809,0.0050070807337760925,38.357154846191406,-7.0,7.0,7.336146354675293,0.5333568453788757,1.7733361721038818,-0.9011024832725525,1052
individual,25,carpet,25,4364,0.03291050344705582,0.023457545787096024,-7.452561855316162,0.005011989735066891,42.71098327636719,-7.0,7.0,7.303654193878174,0.49269115924835205,1.8912383317947388,-0.9228081107139587,1053
individual,25,carpet,26,4364,0.08129307627677917,0.07158377021551132,-7.842868804931641,0.0050169299356639385,40.14473342895508,-7.0,7.0,7.384849548339844,0.5130345225334167,1.830424427986145,-0.9035431146621704,1054
individual,25,carpet,27,4364,0.08094923943281174,0.03153371065855026,-7.564346790313721,0.005021900869905949,33.14155960083008,-7.0,7.0,7.254598140716553,0.4431135654449463,1.7385127544403076,-0.9113568663597107,1055
individual,25,carpet,28,4364,0.0581413209438324,0.06530262529850006,-7.437979698181152,0.005026898812502623,41.596946716308594,-7.0,7.0,7.338541030883789,0.5093154907226562,1.8205879926681519,-0.9516188502311707,1056
individual,25,carpet,29,4364,0.12408743053674698,0.09742580354213715,-7.376855373382568,0.005031920503824949,32.36394119262695,-7.0,7.0,7.264974117279053,0.5978978276252747,1.7570809125900269,-0.9051491618156433,1057
individual,25,carpet,30,4364,0.0625813752412796,0.04722089692950249,-7.62824821472168,0.005036966409534216,40.37510681152344,-7.0,7.0,7.468247890472412,0.6922935843467712,1.8609248399734497,-0.9217529296875,1058
individual,25,carpet,31,4364,0.07434792816638947,0.05079658329486847,-7.816341400146484,0.005042032338678837,28.40576171875,-7.0,7.0,7.428751468658447,0.4318352937698364,1.7461367845535278,-0.8836962580680847,1059
individual,25,carpet,32,4364,0.07328829169273376,0.02192315272986889,-7.751070499420166,0.005047117359936237,33.19084167480469,-7.0,7.0,7.31292724609375,0.5106201767921448,1.7643793821334839,-0.876520037651062,1060
individual,25,carpet,33,4364,0.07488595694303513,0.03637624904513359,-7.633958339691162,0.005052221938967705,28.342790603637695,-7.0,7.0,7.487542152404785,0.6644625663757324,1.7344144582748413,-0.8648115992546082,1061
individual,25,carpet,34,4364,0.07247579097747803,0.05055148899555206,-7.601833343505859,0.005057343747466803,20.43657875061035,-7.0,7.0,7.415708065032959,0.5123768448829651,1.6661632061004639,-0.828108012676239,1062
individual,25,carpet,35,4364,0.05921981483697891,0.07923464477062225,-7.850796222686768,0.005062480457127094,33.40461349487305,-7.0,7.0,7.5680108070373535,0.6066454648971558,1.8062632083892822,-0.8487564921379089,1063
individual,25,carpet,36,4364,0.09102343022823334,0.0569266714155674,-7.96214485168457,0.00506763206794858,41.07315444946289,-7.0,7.0,7.402279376983643,0.4779219329357147,1.8761423826217651,-0.851597249507904,1064
individual,25,carpet,37,4364,0.032426659017801285,0.0364493690431118,-7.762663841247559,0.005072796251624823,20.877578735351562,-7.0,7.0,7.442460060119629,0.627991795539856,1.6621036529541016,-0.7970033884048462,1065
individual,25,carpet,38,4364,0.08198418468236923,0.05353042110800743,-7.677648067474365,0.005077973008155823,22.004173278808594,-7.0,7.0,7.534035682678223,0.5662472248077393,1.678009033203125,-0.7913209795951843,1066
individual,25,carpet,39,4364,0.08127158880233765,0.05254901945590973,-7.778097152709961,0.00508316233754158,16.3902587890625,-7.0,7.0,7.46077299118042,0.5296462774276733,1.6370071172714233,-0.7923669815063477,1067
individual,25,carpet,40,4364,0.025995947420597076,0.025246743112802505,-7.778223514556885,0.005088364239782095,23.659700393676758,-7.0,7.0,7.336674690246582,0.559939444065094,1.6374367475509644,-0.7787184715270996,1068
individual,25,carpet,41,4364,0.062447287142276764,0.03456323593854904,-7.950238227844238,0.005093575920909643,41.313541412353516,-7.0,7.0,7.513747692108154,0.5934446454048157,1.9316227436065674,-0.858762800693512,1069
individual,25,carpet,42,4364,0.05511432886123657,0.07185280323028564,-7.8690032958984375,0.0050987983122467995,13.096354484558105,-7.0,7.0,7.614946365356445,0.5308215618133545,1.5717532634735107,-0.7535018920898438,1070
individual,25,carpet,43,4364,0.035832688212394714,0.022827763110399246,-7.639928817749023,0.005104030482470989,26.83286476135254,-7.0,7.0,7.384350776672363,0.5071811676025391,1.7717840671539307,-0.8009651303291321,1071
individual,25,carpet,44,4364,0.04169381782412529,0.016834786161780357,-7.603070259094238,0.005109273362904787,25.204769134521484,-7.0,7.0,7.502685070037842,0.5600533485412598,1.7098352909088135,-0.7901926636695862,1072
individual,25,carpet,45,4364,0.04412654787302017,0.03390847146511078,-7.738744258880615,0.005114523693919182,30.826231002807617,-7.0,7.0,7.3011884689331055,0.4344572424888611,1.7966266870498657,-0.8296223878860474,1073
individual,25,carpet,46,4364,0.08752519637346268,0.03549401834607124,-7.893222332000732,0.005119781941175461,30.93659782409668,-7.0,7.0,7.420754432678223,0.5169350504875183,1.8232563734054565,-0.8253702521324158,1074
individual,25,carpet,47,4364,0.02625720202922821,0.020177938044071198,-7.769474029541016,0.005125048104673624,26.321922302246094,-7.0,7.0,7.456725597381592,0.473516583442688,1.762808084487915,-0.7852001786231995,1075
individual,25,carpet,48,4364,0.08680383116006851,0.06922110915184021,-7.628962993621826,0.0051303221844136715,24.561126708984375,-7.0,7.0,7.5699639320373535,0.580898642539978,1.7738263607025146,-0.7939482927322388,1076
individual,25,carpet,49,4364,0.049814336001873016,0.05034397169947624,-7.816713333129883,0.005135604180395603,22.400009155273438,-7.0,7.0,7.495323181152344,0.6208667159080505,1.692320466041565,-0.7827519178390503,1077
individual,25,carpet,50,4364,0.0783190131187439,0.04523719102144241,-8.041413307189941,0.005140893626958132,24.86056900024414,-7.0,7.0,7.504277229309082,0.4289826452732086,1.7329550981521606,-0.7984687089920044,1078
population,25,carpet,1,4364,0.11221670359373093,0.14220359921455383,-7.544907093048096,0.005938971880823374,36.36823272705078,-7.0,7.0,7.189037322998047,0.6047730445861816,1.948952317237854,-0.7252992391586304,1029
population,25,carpet,2,4364,0.04786953330039978,0.06608057767152786,-7.609619140625,0.005945103242993355,52.08245849609375,-7.0,7.0,7.155742168426514,0.543173611164093,2.1128616333007812,-0.7684892416000366,1030
population,25,carpet,3,4364,0.06438381969928741,0.07625720649957657,-7.371586322784424,0.005951243918389082,58.713138580322266,-7.0,7.0,7.22006893157959,0.4575749933719635,2.1711132526397705,-0.8347571492195129,1031
population,25,carpet,4,4364,0.07010261714458466,0.09211032837629318,-7.377699375152588,0.005957390647381544,33.69670104980469,-7.0,7.0,7.368218421936035,0.5246145129203796,1.8648005723953247,-0.731562077999115,1032
population,25,carpet,5,4364,0.12176503241062164,0.13013499975204468,-7.560084342956543,0.005963546689599752,27.076881408691406,-7.0,7.0,7.170969009399414,0.6059514880180359,1.8101645708084106,-0.7569852471351624,1033
population,25,carpet,6,4364,0.06861677765846252,0.09090734273195267,-7.786404609680176,0.005969712045043707,18.766908645629883,-7.0,7.0,7.314967632293701,0.6365716457366943,1.8043959140777588,-0.6682524681091309,1034
population,25,carpet,7,4364,0.04982389509677887,0.05068578943610191,-7.4772114753723145,0.005975883919745684,17.997337341308594,-7.0,7.0,7.1881256103515625,0.49096882343292236,1.668652892112732,-0.6729483604431152,1035
population,25,carpet,8,4364,0.07947239279747009,0.081588976085186,-7.433802604675293,0.005982065107673407,17.59920310974121,-7.0,7.0,7.385388374328613,0.5332501530647278,1.6680688858032227,-0.7472222447395325,1036
population,25,carpet,9,4364,0.07349241524934769,0.05968337878584862,-7.703077793121338,0.0059882523491978645,27.170869827270508,-7.0,7.0,7.339717864990234,0.4736759066581726,1.774091124534607,-0.7261123061180115,1037
population,25,carpet,10,4364,0.10938739776611328,0.10129034519195557,-7.76614236831665,0.0059942458756268024,3.442962169647217,-7.0,7.0,7.303440570831299,0.5701689124107361,1.5063186883926392,-0.6358332633972168,1038
population,25,carpet,11,4364,0.07155081629753113,0.0935324877500534,-7.761526107788086,0.0060002682730555534,23.60430908203125,-7.0,7.0,7.311701774597168,0.5055468082427979,1.7477220296859741,-0.7054663300514221,1039
population,25,carpet,12,4364,0.14051158726215363,0.09596064686775208,-7.399026870727539,0.006006317213177681,21.378326416015625,-7.0,7.0,7.273958683013916,0.5792246460914612,1.7221606969833374,-0.7034218907356262,1040
population,25,carpet,13,4364,0.04679596424102783,0.06682328134775162,-7.592323303222656,0.006012388970702887,31.82076644897461,-7.0,7.0,7.3135085105896,0.41948917508125305,1.9013869762420654,-0.8066105842590332,1041
population,25,carpet,14,4364,0.10634680837392807,0.07707638293504715,-7.706185817718506,0.006018481682986021,20.8056583404541,-7.0,7.0,7.332679271697998,0.4673525094985962,1.6916579008102417,-0.7549915909767151,1042
population,25,carpet,15,4364,0.024480175226926804,0.03254356235265732,-7.789966583251953,0.00602459441870451,21.475961685180664,-7.0,7.0,7.307129859924316,0.4276867210865021,1.7002918720245361,-0.751768171787262,1043
population,25,carpet,16,4364,0.10095838457345963,0.10452711582183838,-7.705069065093994,0.006030725315213203,35.575439453125,-7.0,7.0,7.589009761810303,0.5277621150016785,1.904431939125061,-0.8205453753471375,1044
population,25,carpet,17,4364,0.02846187725663185,0.03246401622891426,-7.485597133636475,0.0060368734411895275,35.888893127441406,-7.0,7.0,7.188302516937256,0.4787956178188324,1.8789780139923096,-0.7885381579399109,1045
population,25,carpet,18,4364,0.04891489818692207,0.042867761105298996,-7.6590094566345215,0.006043039727956057,35.55372619628906,-7.0,7.0,7.337557792663574,0.5812355875968933,1.8664966821670532,-0.789221465587616,1046
population,25,carpet,19,4364,0.03351789340376854,0.035682909190654755,-7.65090274810791,0.0060492209158837795,36.157989501953125,-7.0,7.0,7.351596832275391,0.4438677728176117,1.8305100202560425,-0.8139234781265259,1047
population,25,carpet,20,4364,0.017430076375603676,0.013829708099365234,-7.665889739990234,0.006055417470633984,31.012554168701172,-7.0,7.0,7.3530988693237305,0.426612913608551,1.7924673557281494,-0.7869799733161926,1048
population,25,carpet,21,4364,0.0723126009106636,0.07085800170898438,-7.836917877197266,0.00606162566691637,27.640121459960938,-7.0,7.0,7.64879035949707,0.6149263978004456,1.8541368246078491,-0.7841073870658875,1049
population,25,carpet,22,4364,0.06333710253238678,0.04096484184265137,-7.9543986320495605,0.006067845970392227,34.148860931396484,-7.0,7.0,7.417819976806641,0.46176859736442566,1.8769992589950562,-0.7720745205879211,1050
population,25,carpet,23,4364,0.03256598114967346,0.05743958428502083,-7.8699049949646,0.006074078846722841,27.802711486816406,-7.0,7.0,7.534171104431152,0.6161646842956543,1.8720420598983765,-0.7630778551101685,1051
population,25,carpet,24,4364,0.07990892976522446,0.08955828845500946,-7.776947975158691,0.006080323364585638,27.968963623046875,-7.0,7.0,7.482191562652588,0.5391643643379211,1.8224983215332031,-0.760444164276123,1052
population,25,carpet,25,4364,0.06486162543296814,0.08222457021474838,-7.919621467590332,0.006086580455303192,25.9997501373291,-7.0,7.0,7.4416961669921875,0.4460548460483551,1.7913559675216675,-0.756931483745575,1053
population,25,carpet,26,4364,0.03988584503531456,0.04355686902999878,-7.695944786071777,0.006092846859246492,9.734720230102539,-7.0,7.0,7.484236240386963,0.5181877017021179,1.6017725467681885,-0.7101216912269592,1054
population,25,carpet,27,4364,0.017567148432135582,0.03199532628059387,-7.6256866455078125,0.006099122576415539,16.33085823059082,-7.0,7.0,7.308047294616699,0.4377426207065582,1.6656497716903687,-0.7199047207832336,1055
population,25,carpet,28,4364,0.06965682655572891,0.06833556294441223,-7.878031253814697,0.0061054108664393425,26.27167510986328,-7.0,7.0,7.297260284423828,0.5197364687919617,1.762868046760559,-0.7191113829612732,1056
population,25,carpet,29,4364,0.033165860921144485,0.02660348080098629,-7.857210159301758,0.006111708469688892,25.485544204711914,-7.0,7.0,7.534339427947998,0.45510607957839966,1.763570785522461,-0.7556628584861755,1057
population,25,carpet,30,4364,0.02789149060845375,0.023357409983873367,-7.829787731170654,0.006118012126535177,34.0272216796875,-7.0,7.0,7.449349403381348,0.32020819187164307,1.898318886756897,-0.7777523398399353,1058
population,25,carpet,31,4364,0.01771480217576027,0.021473288536071777,-7.739152908325195,0.0061243255622684956,28.982711791992188,-7.0,7.0,7.401589870452881,0.3934725224971771,1.8409754037857056,-0.7871491312980652,1059
population,25,carpet,32,4364,0.04983846843242645,0.07445381581783295,-7.803088188171387,0.00613064831122756,20.608661651611328,-7.0,7.0,7.647744178771973,0.638248860836029,1.6681127548217773,-0.7448247671127319,1060
population,25,carpet,33,4364,0.03070307895541191,0.057193804532289505,-7.93795108795166,0.006136980839073658,29.89069366455078,-7.0,7.0,7.4933695793151855,0.3995916545391083,1.827168345451355,-0.7909134030342102,1061
population,25,carpet,34,4364,0.13522648811340332,0.13506776094436646,-7.929118633270264,0.006143319420516491,42.71381759643555,-7.0,7.0,7.552919387817383,0.5745183229446411,1.988010287284851,-0.7782546281814575,1062
population,25,carpet,35,4364,0.042186420410871506,0.05253416299819946,-7.903042316436768,0.006149667780846357,36.209373474121094,-7.0,7.0,7.438251972198486,0.5398976802825928,1.878211259841919,-0.7767314910888672,1063
population,25,carpet,36,4364,0.04908236116170883,0.04807262122631073,-7.88382625579834,0.006156022660434246,23.130109786987305,-7.0,7.0,7.702516078948975,0.6059622168540955,1.7331771850585938,-0.7668276429176331,1064
population,25,carpet,37,4364,0.04849742352962494,0.06449338048696518,-7.926836967468262,0.006162384059280157,24.057636260986328,-7.0,7.0,7.511710166931152,0.48634791374206543,1.8111236095428467,-0.7684411406517029,1065
population,25,carpet,38,4364,0.03574560210108757,0.03288179263472557,-7.906356334686279,0.006168754771351814,20.43463897705078,-7.0,7.0,7.622331142425537,0.4748116135597229,1.6549561023712158,-0.7673069834709167,1066
population,25,carpet,39,4364,0.05088115856051445,0.03137964755296707,-7.746742248535156,0.006175132468342781,39.37712478637695,-7.0,7.0,7.536198616027832,0.5216691493988037,1.9400653839111328,-0.7959627509117126,1067
population,25,carpet,40,4364,0.05240858718752861,0.058126166462898254,-7.782505035400391,0.00618151668459177,35.64249038696289,-7.0,7.0,7.540919303894043,0.5981160998344421,1.9343928098678589,-0.791380763053894,1068
population,25,carpet,41,4364,0.04856422543525696,0.046619318425655365,-7.969690799713135,0.006187906954437494,26.855266571044922,-7.0,7.0,7.659882545471191,0.38895469903945923,1.8095299005508423,-0.7933856248855591,1069
population,25,carpet,42,4364,0.06945176422595978,0.06715159118175507,-8.03793716430664,0.006194307468831539,25.868083953857422,-7.0,7.0,7.537685871124268,0.47880998253822327,1.8245548009872437,-0.7821080088615417,1070
population,25,carpet,43,4364,0.0602135993540287,0.052463822066783905,-7.860468864440918,0.006200714502483606,17.048301696777344,-7.0,7.0,7.660654544830322,0.6157272458076477,1.658190369606018,-0.746963381767273,1071
population,25,carpet,44,4364,0.04215468093752861,0.04559379443526268,-7.871686935424805,0.006207128055393696,20.4818115234375,-7.0,7.0,7.692450523376465,0.46095600724220276,1.6793066263198853,-0.7583389282226562,1072
population,25,carpet,45,4364,0.05214010924100876,0.038763776421546936,-8.03571605682373,0.006213548127561808,22.12533187866211,-7.0,7.0,7.672540664672852,0.6394851803779602,1.7053859233856201,-0.7570739984512329,1073
population,25,carpet,46,4364,0.05486862733960152,0.05217355489730835,-8.175151824951172,0.006219974718987942,23.294450759887695,-7.0,7.0,7.750587463378906,0.3471938669681549,1.702826738357544,-0.7635518312454224,1074
population,25,carpet,47,4364,0.04903054237365723,0.021633710712194443,-7.743910789489746,0.0062264082953333855,26.990720748901367,-7.0,7.0,7.496321678161621,0.47579213976860046,1.8141777515411377,-0.7761731147766113,1075
population,25,carpet,48,4364,0.06445913761854172,0.06663042306900024,-7.707630634307861,0.0062328483909368515,31.28581428527832,-7.0,7.0,7.549760818481445,0.6966626048088074,1.7765649557113647,-0.7546858787536621,1076
population,25,carpet,49,4364,0.035003308206796646,0.037387147545814514,-7.923697471618652,0.00623929500579834,32.91941452026367,-7.0,7.0,7.436032295227051,0.5069103837013245,1.9424678087234497,-0.7604641914367676,1077
population,25,carpet,50,4364,0.06861274689435959,0.0524396076798439,-8.10532283782959,0.006245748605579138,21.705081939697266,-7.0,7.0,7.691431522369385,0.5039412379264832,1.629001259803772,-0.7180742025375366,1078
individual,26,carpet,1,4539,0.06659295409917831,0.036972369998693466,-7.975744724273682,0.005146191455423832,29.93356704711914,-7.0,7.0,7.6701273918151855,0.4880557656288147,1.7813087701797485,-0.7949414253234863,1079
individual,26,carpet,2,4539,0.11768405884504318,0.07646359503269196,-7.671834945678711,0.00515149487182498,32.26092529296875,-7.0,7.0,7.556676387786865,0.6033271551132202,1.7842433452606201,-0.7944523692131042,1080
individual,26,carpet,3,4539,0.02444961853325367,0.02639876864850521,-7.8988189697265625,0.0051568057388067245,15.827596664428711,-7.0,7.0,7.568450450897217,0.47478240728378296,1.6819789409637451,-0.7822457551956177,1081
individual,26,carpet,4,4539,0.03065563179552555,0.034315209835767746,-7.970381736755371,0.0051621245220303535,24.431060791015625,-7.0,7.0,7.55269718170166,0.4659735858440399,1.7533180713653564,-0.806342601776123,1082
individual,26,carpet,5,4539,0.05910502001643181,0.025066539645195007,-7.9185099601745605,0.0051674493588507175,23.28887939453125,-7.0,7.0,7.5951619148254395,0.42770814895629883,1.66555917263031,-0.8004468083381653,1083
individual,26,carpet,6,4539,0.058732155710458755,0.09006727486848831,-7.782329559326172,0.005172779317945242,23.490707397460938,-7.0,7.0,7.724337100982666,0.7961645126342773,1.722232460975647,-0.8008223176002502,1084
individual,26,carpet,7,4539,0.0662398487329483,0.057456959038972855,-7.889832496643066,0.0051781171932816505,33.904388427734375,-7.0,7.0,7.76231575012207,0.7172616124153137,1.8508765697479248,-0.8469666242599487,1085
individual,26,carpet,8,4539,0.0861082598567009,0.10438615083694458,-7.904809474945068,0.005183460656553507,24.901840209960938,-7.0,7.0,7.637565612792969,0.5771756768226624,1.7123947143554688,-0.7889744639396667,1086
individual,26,carpet,9,4539,0.05805587396025658,0.016560539603233337,-7.910650730133057,0.005188809707760811,38.09919357299805,-7.0,7.0,7.464159965515137,0.5511247515678406,1.8242425918579102,-0.8282719254493713,1087
individual,26,carpet,10,4539,0.029007311910390854,0.03648620471358299,-7.886021137237549,0.005194163881242275,27.080814361572266,-7.0,7.0,7.620701789855957,0.6087010502815247,1.6864913702011108,-0.817215085029602,1088
individual,26,carpet,11,4539,0.044545210897922516,0.044664036482572556,-7.946415424346924,0.005199526436626911,32.1474723815918,-7.0,7.0,7.81495475769043,0.5025672912597656,1.8029929399490356,-0.8670876622200012,1089
individual,26,carpet,12,4539,0.07154106348752975,0.03307996317744255,-7.783570766448975,0.005204894579946995,24.365633010864258,-7.0,7.0,7.599113941192627,0.4556958079338074,1.7490969896316528,-0.7954127192497253,1090
individual,26,carpet,13,4539,0.0854225754737854,0.08355773985385895,-8.09339427947998,0.005210268311202526,35.959590911865234,-7.0,7.0,7.726716041564941,0.598538875579834,1.8546125888824463,-0.8552663922309875,1091
individual,26,carpet,14,4539,0.09401120245456696,0.04371626675128937,-8.039159774780273,0.005215647164732218,19.36488914489746,-7.0,7.0,7.586871147155762,0.6219900250434875,1.702017068862915,-0.77675861120224,1092
individual,26,carpet,15,4539,0.05228377878665924,0.06907407939434052,-8.188676834106445,0.0052210320718586445,35.77885818481445,-7.0,7.0,8.017126083374023,0.612546980381012,1.7994803190231323,-0.8324456810951233,1093
individual,26,carpet,16,4539,0.08132071793079376,0.06299155950546265,-7.922029495239258,0.005226422101259232,18.06392478942871,-7.0,7.0,7.812788486480713,0.5577595233917236,1.6574019193649292,-0.7994980216026306,1094
individual,26,carpet,17,4539,0.03317180275917053,0.01547040045261383,-7.995195388793945,0.005231818184256554,24.051666259765625,-7.0,7.0,7.799129009246826,0.5789961814880371,1.7171474695205688,-0.8153467178344727,1095
individual,26,carpet,18,4539,0.06777773797512054,0.027132229879498482,-8.373058319091797,0.005237219389528036,29.276063919067383,-7.0,7.0,7.959880828857422,0.6377891302108765,1.7667988538742065,-0.8204159736633301,1096
individual,26,carpet,19,4539,0.0502934530377388,0.0491325818002224,-8.03231430053711,0.005242626182734966,26.026288986206055,-7.0,7.0,7.756775379180908,0.44825825095176697,1.7465049028396606,-0.8242129683494568,1097
individual,26,carpet,20,4539,0.051213398575782776,0.032650746405124664,-7.899174213409424,0.0052480390295386314,35.19842529296875,-7.0,7.0,7.79659366607666,0.6020891070365906,1.8892048597335815,-0.8458151817321777,1098
individual,26,carpet,21,4539,0.06265212595462799,0.026724349707365036,-7.777658462524414,0.005253456998616457,26.195316314697266,-7.0,7.0,7.7373199462890625,0.41486066579818726,1.7324682474136353,-0.8118051886558533,1099
individual,26,carpet,22,4539,0.031234202906489372,0.03410551697015762,-8.183965682983398,0.00525888055562973,28.23574447631836,-7.0,7.0,7.876891613006592,0.4748782515525818,1.823928952217102,-0.7865104079246521,1100
individual,26,carpet,23,4539,0.06852616369724274,0.023553909733891487,-8.280574798583984,0.0052643101662397385,30.61992835998535,-7.0,7.0,7.969968318939209,0.6836910247802734,1.7984493970870972,-0.8338770866394043,1101
individual,26,carpet,24,4539,0.05383086949586868,0.049543604254722595,-8.090587615966797,0.005269744899123907,26.35858917236328,-7.0,7.0,7.842144012451172,0.5833659172058105,1.6829321384429932,-0.8238654136657715,1102
individual,26,carpet,25,4539,0.07504075765609741,0.06376814842224121,-8.018598556518555,0.005275185685604811,26.06096649169922,-7.0,7.0,7.828373908996582,0.6017481088638306,1.7020094394683838,-0.7947643399238586,1103
individual,26,carpet,26,4539,0.06248438358306885,0.03586537018418312,-8.024497032165527,0.005280631594359875,17.601924896240234,-7.0,7.0,7.8380045890808105,0.6094877123832703,1.6496354341506958,-0.7744131684303284,1104
individual,26,carpet,27,4539,0.03376062959432602,0.028321051970124245,-8.178077697753906,0.005286083556711674,26.6645565032959,-7.0,7.0,7.73110294342041,0.5723795890808105,1.7848562002182007,-0.7972854971885681,1105
individual,26,carpet,28,4539,0.06372232735157013,0.051744475960731506,-8.216333389282227,0.005291540641337633,31.347904205322266,-7.0,7.0,7.898049354553223,0.6512010097503662,1.7698895931243896,-0.7932532429695129,1106
individual,26,carpet,29,4539,0.04534310847520828,0.03545243665575981,-8.034541130065918,0.0052970037795603275,26.571475982666016,-7.0,7.0,7.844059944152832,0.5523620247840881,1.741689920425415,-0.7959114909172058,1107
individual,26,carpet,30,4539,0.07271899282932281,0.060021597892045975,-7.970015525817871,0.00530247250571847,29.556581497192383,-7.0,7.0,7.829668998718262,0.5660438537597656,1.807205319404602,-0.8019315004348755,1108
individual,26,carpet,31,4539,0.09611111879348755,0.08760134130716324,-8.15115737915039,0.005307946819812059,21.01225471496582,-7.0,7.0,8.041800498962402,0.6065853238105774,1.7243658304214478,-0.7920222282409668,1109
individual,26,carpet,32,4539,0.10629284381866455,0.058190200477838516,-8.321680068969727,0.005313426721841097,18.490697860717773,-7.0,7.0,7.790250778198242,0.5889465808868408,1.6886835098266602,-0.7698578834533691,1110
individual,26,carpet,33,4539,0.058695267885923386,0.03928174078464508,-8.089851379394531,0.005318912211805582,28.560352325439453,-7.0,7.0,7.8742218017578125,0.6190766096115112,1.8075252771377563,-0.7829365730285645,1111
individual,26,carpet,34,4539,0.076241634786129,0.05764283984899521,-7.963259220123291,0.005324403755366802,14.988770484924316,-7.0,7.0,7.91386604309082,0.6622600555419922,1.5686365365982056,-0.7421508431434631,1112
individual,26,carpet,35,4539,0.07473635673522949,0.039240580052137375,-7.992348670959473,0.005329898092895746,16.065166473388672,-7.0,7.0,7.802212238311768,0.5337350368499756,1.5908180475234985,-0.7419524788856506,1113
individual,26,carpet,36,4539,0.05016056075692177,0.05626174435019493,-8.244583129882812,0.005335398018360138,26.85772132873535,-7.0,7.0,7.851414203643799,0.5791074633598328,1.7345715761184692,-0.7668062448501587,1114
individual,26,carpet,37,4539,0.07229946553707123,0.03163092955946922,-8.228264808654785,0.005340903997421265,24.259521484375,-7.0,7.0,7.896037578582764,0.5714821219444275,1.7611924409866333,-0.7668831944465637,1115
individual,26,carpet,38,4539,0.04272504895925522,0.055544279515743256,-8.185822486877441,0.005346415564417839,23.74340057373047,-7.0,7.0,8.018134117126465,0.45701679587364197,1.7204968929290771,-0.7738750576972961,1116
individual,26,carpet,39,4539,0.0707961767911911,0.05927247181534767,-8.038137435913086,0.005351932719349861,26.831214904785156,-7.0,7.0,7.878918170928955,0.4139350354671478,1.7204073667526245,-0.777778685092926,1117
individual,26,carpet,40,4539,0.055981677025556564,0.038089852780103683,-8.128436088562012,0.005357455462217331,26.827430725097656,-7.0,7.0,8.073246002197266,0.6348037123680115,1.7415542602539062,-0.7926530241966248,1118
individual,26,carpet,41,4539,0.03335021063685417,0.023261360824108124,-8.246705055236816,0.005362983793020248,26.27416229248047,-7.0,7.0,7.935566425323486,0.49381011724472046,1.7270258665084839,-0.7781659364700317,1119
individual,26,carpet,42,4539,0.10909215360879898,0.04362602159380913,-8.337848663330078,0.005368518177419901,33.17898941040039,-7.0,7.0,8.047920227050781,0.5345463752746582,1.7837793827056885,-0.8012118935585022,1120
individual,26,carpet,43,4539,0.04957946389913559,0.04001515358686447,-8.161831855773926,0.005374058149755001,26.48328399658203,-7.0,7.0,8.044549942016602,0.5967206954956055,1.7407418489456177,-0.7858260273933411,1121
individual,26,carpet,44,4539,0.09014444798231125,0.07046258449554443,-8.07625675201416,0.005379603710025549,26.609527587890625,-7.0,7.0,7.872737884521484,0.7044726610183716,1.781539797782898,-0.7445381879806519,1122
individual,26,carpet,45,4539,0.0664995089173317,0.035627301782369614,-8.119734764099121,0.0053851548582315445,37.034568786621094,-7.0,7.0,8.038459777832031,0.5560048222541809,1.8869024515151978,-0.7864866852760315,1123
individual,26,carpet,46,4539,0.07632194459438324,0.051366910338401794,-8.241100311279297,0.0053907097317278385,28.31871795654297,-7.0,7.0,7.917811870574951,0.6007824540138245,1.7745535373687744,-0.7741387486457825,1124
individual,26,carpet,47,4539,0.04907859489321709,0.01998547464609146,-8.298097610473633,0.005396269727498293,17.78200912475586,-7.0,7.0,8.038599967956543,0.5804582834243774,1.6593573093414307,-0.7546968460083008,1125
individual,26,carpet,48,4539,0.04387017339468002,0.04018188267946243,-8.170768737792969,0.005401835776865482,14.7599515914917,-7.0,7.0,8.065434455871582,0.6791089177131653,1.628820538520813,-0.7771869897842407,1126
individual,26,carpet,49,4539,0.047773052006959915,0.05963858589529991,-8.143877029418945,0.005407407414168119,18.225173950195312,-7.0,7.0,8.017120361328125,0.5545037388801575,1.658157467842102,-0.7571415901184082,1127
individual,26,carpet,50,4539,0.06321245431900024,0.06825806200504303,-8.413722038269043,0.0054129851050674915,20.704265594482422,-7.0,7.0,8.11807918548584,0.6832948327064514,1.7389298677444458,-0.7749831080436707,1128
population,26,carpet,1,4539,0.042437054216861725,0.05431828275322914,-8.034854888916016,0.006252208724617958,20.157093048095703,-7.0,7.0,7.704615116119385,0.5708571672439575,1.6716148853302002,-0.7267337441444397,1079
population,26,carpet,2,4539,0.08216341584920883,0.07515189051628113,-8.046747207641602,0.006258675362914801,22.206512451171875,-7.0,7.0,7.9028544425964355,0.5397003889083862,1.7948089838027954,-0.7321375608444214,1080
population,26,carpet,3,4539,0.055108871310949326,0.059271447360515594,-8.18143081665039,0.0062651485204696655,29.35321044921875,-7.0,7.0,7.832732677459717,0.6357484459877014,1.8383580446243286,-0.7264784574508667,1081
population,26,carpet,4,4539,0.07160257548093796,0.05276317149400711,-8.357898712158203,0.00627162866294384,30.241119384765625,-7.0,7.0,7.957025051116943,0.6109471917152405,1.813826322555542,-0.718720555305481,1082
population,26,carpet,5,4539,0.09985165297985077,0.06447512656450272,-7.985904216766357,0.006278115790337324,28.08491325378418,-7.0,7.0,7.7114691734313965,0.5538516640663147,1.781779408454895,-0.7106929421424866,1083
population,26,carpet,6,4539,0.05701465159654617,0.05954037979245186,-8.218095779418945,0.006284609436988831,26.20864486694336,-7.0,7.0,7.624541759490967,0.5127753019332886,1.791364312171936,-0.7220035791397095,1084
population,26,carpet,7,4539,0.03395196050405502,0.04552578553557396,-8.203990936279297,0.006291109602898359,32.95747756958008,-7.0,7.0,7.815135478973389,0.5968427062034607,1.838354229927063,-0.7273610234260559,1085
population,26,carpet,8,4539,0.026859819889068604,0.051744408905506134,-8.037042617797852,0.006297616753727198,15.027339935302734,-7.0,7.0,7.76609468460083,0.538538932800293,1.7390596866607666,-0.6845563650131226,1086
population,26,carpet,9,4539,0.0591166652739048,0.06837381422519684,-8.319793701171875,0.006304130423814058,19.14680290222168,-7.0,7.0,7.85950231552124,0.5614670515060425,1.7198257446289062,-0.7441220879554749,1087
population,26,carpet,10,4539,0.05628497153520584,0.05963211506605148,-8.047614097595215,0.006310650613158941,22.51925277709961,-7.0,7.0,7.774336814880371,0.5152040123939514,1.7383264303207397,-0.7486587166786194,1088
population,26,carpet,11,4539,0.11015334725379944,0.10208118706941605,-7.817139148712158,0.006317177787423134,25.400320053100586,-7.0,7.0,7.744009017944336,0.6270101070404053,1.8711459636688232,-0.7847098708152771,1089
population,26,carpet,12,4539,0.04853728786110878,0.04685809463262558,-8.097894668579102,0.006323711946606636,38.121551513671875,-7.0,7.0,7.850157737731934,0.6048064231872559,1.9581419229507446,-0.7745829224586487,1090
population,26,carpet,13,4539,0.12438944727182388,0.11017300188541412,-8.141369819641113,0.0063302526250481606,33.32563018798828,-7.0,7.0,7.721011161804199,0.42214104533195496,1.8653477430343628,-0.8033229112625122,1091
population,26,carpet,14,4539,0.08159421384334564,0.07872270792722702,-7.95087194442749,0.0063367970287799835,35.7628173828125,-7.0,7.0,7.819277763366699,0.49455416202545166,1.8957027196884155,-0.8416053056716919,1092
population,26,carpet,15,4539,0.07401229441165924,0.07712559401988983,-7.883894443511963,0.006343348417431116,34.40067672729492,-7.0,7.0,7.712194442749023,0.4912649691104889,1.8322389125823975,-0.8148683905601501,1093
population,26,carpet,16,4539,0.0771675780415535,0.09501515328884125,-8.106925964355469,0.006349906325340271,24.36554718017578,-7.0,7.0,7.763567924499512,0.8086442947387695,1.7803226709365845,-0.7902599573135376,1094
population,26,carpet,17,4539,0.15521705150604248,0.12272435426712036,-8.507871627807617,0.0063564712181687355,20.72164535522461,-7.0,7.0,7.928947925567627,0.5660346150398254,1.6771202087402344,-0.7821260094642639,1095
population,26,carpet,18,4539,0.10783018171787262,0.08873225748538971,-8.213078498840332,0.006363042630255222,19.143068313598633,-7.0,7.0,7.942970275878906,0.6890369653701782,1.7036761045455933,-0.7745122909545898,1096
population,26,carpet,19,4539,0.12153169512748718,0.1077696681022644,-7.938185691833496,0.006369621027261019,30.360424041748047,-7.0,7.0,7.720556259155273,0.44395723938941956,1.8460642099380493,-0.7898955941200256,1097
population,26,carpet,20,4539,0.10202870517969131,0.0873054638504982,-8.257699966430664,0.006376206409186125,20.702423095703125,-7.0,7.0,7.7386579513549805,0.4731464684009552,1.6921263933181763,-0.7955091595649719,1098
population,26,carpet,21,4539,0.06679527461528778,0.06717559695243835,-8.316313743591309,0.006382798310369253,21.791574478149414,-7.0,7.0,7.978901386260986,0.49459657073020935,1.627043604850769,-0.7977463603019714,1099
population,26,carpet,22,4539,0.04369986057281494,0.04930343106389046,-8.164528846740723,0.006389397196471691,20.20822525024414,-7.0,7.0,8.01070499420166,0.720899760723114,1.7035375833511353,-0.7748146057128906,1100
population,26,carpet,23,4539,59.766029357910156,59.61716079711914,-7.9791436195373535,0.006396002601832151,28.29619789123535,-7.0,7.0,9.318801879882812,7.859537601470947,1.811218023300171,-0.8052883744239807,1101
population,26,carpet,24,4539,2.3616952896118164,2.2184038162231445,-9.597625732421875,0.006402614992111921,22.615646362304688,-7.0,7.0,7.93556022644043,0.5453904271125793,1.800180196762085,-0.7747331261634827,1102
population,26,carpet,25,4539,2.5332107543945312,2.277860164642334,-9.210358619689941,0.006409231573343277,28.758691787719727,-7.0,7.0,7.97748327255249,0.5604732036590576,1.8424718379974365,-0.7857344746589661,1103
population,26,carpet,26,4539,0.3848338723182678,0.4120752215385437,-7.775738716125488,0.006415854208171368,22.363101959228516,-7.0,7.0,8.021048545837402,0.5566899180412292,1.677082896232605,-0.7557521462440491,1104
population,26,carpet,27,4539,1.7009084224700928,1.5839383602142334,-6.914697170257568,0.006422484293580055,26.578493118286133,-7.0,7.0,8.057701110839844,0.5794678330421448,1.77354896068573,-0.7325166463851929,1105
population,26,carpet,28,4539,2.1902687549591064,2.0055782794952393,-6.892116069793701,0.006429120898246765,11.611137390136719,-7.0,7.0,8.025834083557129,0.6316225528717041,1.5288957357406616,-0.6684381365776062,1106
population,26,carpet,29,4539,0.8602036237716675,0.7131137847900391,-7.677674770355225,0.006434819661080837,-2.150216579437256,-7.0,7.0,7.935060977935791,0.609519898891449,1.3508256673812866,-0.630608856678009,1107
population,26,carpet,30,4539,0.5538224577903748,0.5860742330551147,-9.340039253234863,0.0064406185410916805,22.119760513305664,-7.0,7.0,7.936891078948975,0.5062990188598633,1.6438924074172974,-0.7105921506881714,1108
population,26,carpet,31,4539,1.6012868881225586,1.6127183437347412,-9.883981704711914,0.006446508225053549,31.817298889160156,-7.0,7.0,7.905803203582764,0.6022711992263794,1.7943365573883057,-0.7343823313713074,1109
population,26,carpet,32,4539,1.4491384029388428,1.3975903987884521,-9.565829277038574,0.006452480796724558,54.00062561035156,-7.0,7.0,7.698842525482178,0.5350427627563477,2.073396682739258,-0.8420754075050354,1110
population,26,carpet,33,4539,0.12800677120685577,0.15230660140514374,-8.330719947814941,0.006458526477217674,69.18836975097656,-7.0,7.0,7.8483357429504395,0.5557342767715454,2.3032608032226562,-0.9249011874198914,1111
population,26,carpet,34,4539,0.8740867376327515,1.0456598997116089,-7.374721050262451,0.006464639212936163,32.14984893798828,-7.0,7.0,7.893720626831055,0.6474533081054688,1.7553054094314575,-0.7277808785438538,1112
population,26,carpet,35,4539,1.166611909866333,1.1886138916015625,-6.9988322257995605,0.006470816675573587,69.40216827392578,-7.0,7.0,7.755344390869141,0.5370097160339355,2.2055575847625732,-0.8712278008460999,1113
population,26,carpet,36,4539,0.3624497652053833,0.3205339014530182,-7.330018043518066,0.006477049086242914,116.52312469482422,-7.0,7.0,7.772460460662842,0.4262606203556061,2.9129786491394043,-1.0593783855438232,1114
population,26,carpet,37,4539,0.14920982718467712,0.13013657927513123,-8.04147720336914,0.006483334582298994,133.51060485839844,-7.0,7.0,8.08109188079834,0.7145614624023438,3.120405912399292,-1.094356656074524,1115
population,26,carpet,38,4539,0.6430763602256775,0.6407709121704102,-8.434574127197266,0.00648966571316123,117.09947967529297,-7.0,7.0,7.959488868713379,0.6340044140815735,2.9177098274230957,-0.9941030740737915,1116
population,26,carpet,39,4539,0.5087121725082397,0.5427104234695435,-8.375162124633789,0.006496040616184473,140.10643005371094,-7.0,7.0,7.8818817138671875,0.7561578154563904,3.3151376247406006,-1.0243463516235352,1117
population,26,carpet,40,4539,0.16591252386569977,0.12360958755016327,-7.733539581298828,0.006502452306449413,158.22251892089844,-7.0,7.0,7.922330856323242,0.5434170961380005,3.5475387573242188,-1.0062860250473022,1118
population,26,carpet,41,4539,0.29436224699020386,0.32572680711746216,-7.284792900085449,0.0065089017152786255,89.28901672363281,-7.0,7.0,7.844598293304443,0.4993281662464142,2.564622640609741,-0.7238062620162964,1119
population,26,carpet,42,4539,0.4151471257209778,0.4829840064048767,-7.375518321990967,0.0065153855830430984,81.69210815429688,-7.0,7.0,8.042952537536621,0.6871773600578308,2.694887161254883,-0.6579607725143433,1120
population,26,carpet,43,4539,0.1675000786781311,0.16796183586120605,-7.581112861633301,0.00652189739048481,35.55614471435547,-7.0,7.0,8.027128219604492,0.6582238078117371,2.027785062789917,-0.48130542039871216,1121
population,26,carpet,44,4539,0.12492389976978302,0.11731534451246262,-8.165006637573242,0.006528437603265047,24.615772247314453,-7.0,7.0,8.095976829528809,0.5948028564453125,1.8445179462432861,-0.39481425285339355,1122
population,26,carpet,45,4539,0.46576809883117676,0.4596158266067505,-8.600217819213867,0.006533653941005468,-12.690807342529297,-7.0,7.0,7.990218162536621,0.5518213510513306,1.3255417346954346,-0.30365657806396484,1123
population,26,carpet,46,4539,0.2523660957813263,0.27069905400276184,-8.512646675109863,0.00653848797082901,0.9880643486976624,-7.0,7.0,8.06558895111084,0.6310716867446899,1.5226970911026,-0.28249695897102356,1124
population,26,carpet,47,4539,0.08512088656425476,0.06477609276771545,-8.090806007385254,0.006542168091982603,-10.950850486755371,-7.0,7.0,8.089245796203613,0.5744843482971191,1.3098013401031494,-0.26250070333480835,1125
population,26,carpet,48,4539,0.26196402311325073,0.27048057317733765,-7.734172821044922,0.0065448046661913395,-24.55164909362793,-7.0,7.0,8.125226974487305,0.6575168967247009,1.1900306940078735,-0.24465720355510712,1126
population,26,carpet,49,4539,0.3036670982837677,0.3071894347667694,-7.599342346191406,0.0065465024672448635,-17.993906021118164,-7.0,7.0,8.072661399841309,0.5901545882225037,1.1173220872879028,-0.2610878646373749,1127
population,26,carpet,50,4539,0.15698304772377014,0.1690250188112259,-7.740974426269531,0.006547354627400637,-18.902467727661133,-7.0,7.0,7.986610412597656,0.49600598216056824,1.1218937635421753,-0.2449830025434494,1128
individual,27,carpet,1,4684,0.03600849583745003,0.035773806273937225,-8.54997444152832,0.005418568383902311,25.06983184814453,-7.0,7.0,8.371538162231445,0.8125751614570618,1.7522718906402588,-0.7783179879188538,1129
individual,27,carpet,2,4684,0.026922978460788727,0.03348173573613167,-8.405572891235352,0.005424157250672579,17.179046630859375,-7.0,7.0,8.118595123291016,0.6182132363319397,1.6374008655548096,-0.7424792647361755,1130
individual,27,carpet,3,4684,0.03961365297436714,0.05603623390197754,-8.340336799621582,0.005429752171039581,33.98046112060547,-7.0,7.0,7.920998573303223,0.5247257351875305,1.800418734550476,-0.795801043510437,1131
individual,27,carpet,4,4684,0.03929048776626587,0.04188992455601692,-8.153213500976562,0.0054353526793420315,21.777084350585938,-7.0,7.0,7.906021595001221,0.6313933730125427,1.7019317150115967,-0.7803234457969666,1132
individual,27,carpet,5,4684,0.0806068480014801,0.08262172341346741,-8.471952438354492,0.005440958775579929,20.65616798400879,-7.0,7.0,8.399068832397461,0.8354722857475281,1.700105905532837,-0.7489795684814453,1133
individual,27,carpet,6,4684,0.04116908833384514,0.06897366791963577,-8.329232215881348,0.005446568597108126,20.683347702026367,-7.0,7.0,8.020401000976562,0.519507110118866,1.6959373950958252,-0.7482283711433411,1134
individual,27,carpet,7,4684,0.03908805176615715,0.029126277193427086,-8.32320785522461,0.005452183540910482,21.98517608642578,-7.0,7.0,8.166885375976562,0.7381744384765625,1.7167905569076538,-0.7889263033866882,1135
individual,27,carpet,8,4684,0.056901056319475174,0.05384892597794533,-8.231353759765625,0.0054578050039708614,31.01042938232422,-7.0,7.0,8.101349830627441,0.5085541605949402,1.8122708797454834,-0.7943434119224548,1136
individual,27,carpet,9,4684,0.0530247688293457,0.05373663455247879,-8.252281188964844,0.005463431589305401,12.999703407287598,-7.0,7.0,8.121214866638184,1.0037459135055542,1.5499267578125,-0.7096067667007446,1137
individual,27,carpet,10,4684,0.04729584977030754,0.03772839158773422,-8.216776847839355,0.005469064228236675,17.760780334472656,-7.0,7.0,8.114656448364258,0.6657936573028564,1.6310697793960571,-0.7230252623558044,1138
individual,27,carpet,11,4684,0.02149033173918724,0.022748146206140518,-8.539671897888184,0.005474702920764685,21.93345069885254,-7.0,7.0,8.222771644592285,0.6934873461723328,1.6852186918258667,-0.7172780632972717,1139
individual,27,carpet,12,4684,0.04165862500667572,0.046376921236515045,-8.59128475189209,0.005480017978698015,2.1321001052856445,-7.0,7.0,8.32025146484375,0.8699670433998108,1.460447072982788,-0.6933475732803345,1140
individual,27,carpet,13,4684,0.0322655588388443,0.043075546622276306,-8.527058601379395,0.005485369358211756,13.88205623626709,-7.0,7.0,8.273957252502441,0.8000034689903259,1.6067229509353638,-0.686517059803009,1141
individual,27,carpet,14,4684,0.030764736235141754,0.023840725421905518,-8.202495574951172,0.005490757524967194,14.463011741638184,-7.0,7.0,8.11872386932373,0.6865794658660889,1.632491946220398,-0.7080903649330139,1142
individual,27,carpet,15,4684,0.060854844748973846,0.03197909891605377,-8.201082229614258,0.005496177356690168,24.252464294433594,-7.0,7.0,8.168610572814941,0.8701862692832947,1.7133742570877075,-0.7844600677490234,1143
individual,27,carpet,16,4684,0.05585408955812454,0.04929794371128082,-8.513113021850586,0.005501626059412956,17.486953735351562,-7.0,7.0,8.299534797668457,0.775756299495697,1.680432677268982,-0.7119290232658386,1144
individual,27,carpet,17,4684,0.05534335970878601,0.039607323706150055,-8.521819114685059,0.005507101304829121,9.92836856842041,-7.0,7.0,8.21255111694336,0.7380027174949646,1.5835577249526978,-0.7017785310745239,1145
individual,27,carpet,18,4684,0.05779130384325981,0.04161711782217026,-8.430962562561035,0.005512602627277374,11.442571640014648,-7.0,7.0,8.199996948242188,0.7545897960662842,1.5546268224716187,-0.7042295336723328,1146
individual,27,carpet,19,4684,0.05984893813729286,0.050232015550136566,-8.467859268188477,0.005518128164112568,14.014371871948242,-7.0,7.0,8.388506889343262,0.7301515936851501,1.6293509006500244,-0.7088767886161804,1147
individual,27,carpet,20,4684,0.040750015527009964,0.03140600398182869,-8.1771240234375,0.005523675121366978,6.16581392288208,-7.0,7.0,8.037410736083984,0.4949065148830414,1.4644769430160522,-0.699177622795105,1148
individual,27,carpet,21,4684,0.041396819055080414,0.031313344836235046,-8.465526580810547,0.00552924070507288,5.711681842803955,-7.0,7.0,8.133208274841309,0.4033990204334259,1.519221544265747,-0.6963687539100647,1149
individual,27,carpet,22,4684,0.08900022506713867,0.04354932904243469,-8.515387535095215,0.005534824915230274,16.41451644897461,-7.0,7.0,8.103379249572754,0.7294947504997253,1.6205990314483643,-0.7194302678108215,1150
individual,27,carpet,23,4684,0.0681568831205368,0.06914612650871277,-8.370059967041016,0.005540222395211458,3.326601982116699,-7.0,7.0,8.228496551513672,0.8844527006149292,1.4251277446746826,-0.6991467475891113,1151
individual,27,carpet,24,4684,0.0915098711848259,0.04874754697084427,-8.292719841003418,0.005545656196773052,6.647675037384033,-7.0,7.0,8.372477531433105,0.697262704372406,1.451574683189392,-0.7278650999069214,1152
individual,27,carpet,25,4684,0.06209716200828552,0.04708137363195419,-8.465710639953613,0.005551124922931194,6.955568790435791,-7.0,7.0,8.299738883972168,0.5887148380279541,1.4338985681533813,-0.7176797986030579,1153
individual,27,carpet,26,4684,0.12163597345352173,0.09319581091403961,-8.644953727722168,0.005556622985750437,7.027148723602295,-7.0,7.0,8.260884284973145,0.6892755031585693,1.431839942932129,-0.7336540818214417,1154
individual,27,carpet,27,4684,0.037688449025154114,0.03532886877655983,-8.44975471496582,0.0055621471256017685,12.627276420593262,-7.0,7.0,8.334440231323242,0.6310655474662781,1.5586488246917725,-0.6958333849906921,1155
individual,27,carpet,28,4684,0.07517550885677338,0.05409272760152817,-8.278090476989746,0.005567698739469051,6.574731349945068,-7.0,7.0,8.289300918579102,0.7592806816101074,1.4703235626220703,-0.7031063437461853,1156
individual,27,carpet,29,4684,0.06586354970932007,0.02825939655303955,-8.150405883789062,0.005573274102061987,12.47103500366211,-7.0,7.0,8.103354454040527,0.46667322516441345,1.5126569271087646,-0.7262791991233826,1157
individual,27,carpet,30,4684,0.06469724327325821,0.09216831624507904,-8.745763778686523,0.0055788177996873856,4.708211898803711,-7.0,7.0,8.42084789276123,0.7940269112586975,1.4518746137619019,-0.7372184991836548,1158
individual,27,carpet,31,4684,0.10279503464698792,0.08678209036588669,-8.280280113220215,0.005583757068961859,-0.5207362174987793,-7.0,7.0,8.177177429199219,0.6859113574028015,1.4146311283111572,-0.6871992945671082,1159
individual,27,carpet,32,4684,0.08186464011669159,0.20134644210338593,-8.193519592285156,0.005588783882558346,15.09725284576416,-7.0,7.0,8.316579818725586,0.9325297474861145,1.57107412815094,-0.6956032514572144,1160
individual,27,carpet,33,4684,0.09072671830654144,0.06357253342866898,-8.40036392211914,0.005593662615865469,3.1462748050689697,-7.0,7.0,8.4535493850708,0.6732290983200073,1.4180418252944946,-0.676064133644104,1161
individual,27,carpet,34,4684,0.030038373544812202,0.17641326785087585,-8.624590873718262,0.005598340183496475,2.5009665489196777,-7.0,7.0,8.203044891357422,0.6279112696647644,1.4883280992507935,-0.6474205851554871,1162
individual,27,carpet,35,4684,0.037020258605480194,0.039891935884952545,-8.818727493286133,0.005602901801466942,3.1129157543182373,-7.0,7.0,8.617951393127441,1.0050601959228516,1.3820927143096924,-0.650787889957428,1163
individual,27,carpet,36,4684,0.017422564327716827,0.13912107050418854,-8.409721374511719,0.00560711370781064,0.8935751914978027,-7.0,7.0,8.547027587890625,0.8560078740119934,1.3410252332687378,-0.6569632887840271,1164
individual,27,carpet,37,4684,0.04325093701481819,0.04772479087114334,-8.357284545898438,0.0056112222373485565,2.8040151596069336,-7.0,7.0,8.131658554077148,0.37036335468292236,1.382328987121582,-0.6270118951797485,1165
individual,27,carpet,38,4684,0.05875831097364426,0.11334981769323349,-8.921392440795898,0.005615301430225372,3.3622190952301025,-7.0,7.0,8.809123992919922,1.0212029218673706,1.4660049676895142,-0.6349353194236755,1166
individual,27,carpet,39,4684,0.08534940332174301,0.046638235449790955,-8.634779930114746,0.005619549658149481,5.124450206756592,-7.0,7.0,8.21957015991211,0.508402943611145,1.4768409729003906,-0.6671245694160461,1167
individual,27,carpet,40,4684,0.0558682344853878,0.18432487547397614,-8.597343444824219,0.0056231277994811535,-2.228335380554199,-7.0,7.0,8.569160461425781,1.024387240409851,1.3610466718673706,-0.6577625870704651,1168
individual,27,carpet,41,4684,0.04487879201769829,0.06416374444961548,-8.607733726501465,0.005626931320875883,15.46475601196289,-7.0,7.0,8.41746997833252,0.6730691194534302,1.5722789764404297,-0.708562433719635,1169
individual,27,carpet,42,4684,0.042203061282634735,0.12033478170633316,-8.677953720092773,0.005630941595882177,8.882200241088867,-7.0,7.0,8.460639953613281,0.8098684549331665,1.4995542764663696,-0.696172833442688,1170
individual,27,carpet,43,4684,0.033310577273368835,0.04794139415025711,-8.671010971069336,0.005635134410113096,25.997867584228516,-7.0,7.0,8.476009368896484,0.9562956690788269,1.6923140287399292,-0.743896484375,1171
individual,27,carpet,44,4684,0.05285913869738579,0.056466858834028244,-8.315750122070312,0.005639494396746159,29.12969207763672,-7.0,7.0,8.3347749710083,0.6785733103752136,1.745910882949829,-0.77632075548172,1172
individual,27,carpet,45,4684,0.06116243824362755,0.1335740089416504,-8.624780654907227,0.005644005723297596,27.976530075073242,-7.0,7.0,8.71047306060791,0.8988258242607117,1.7196147441864014,-0.7706931829452515,1173
individual,27,carpet,46,4684,0.05401981621980667,0.06750291585922241,-8.38071346282959,0.005648653022944927,23.755512237548828,-7.0,7.0,8.310726165771484,0.5840962529182434,1.6903587579727173,-0.7638570666313171,1174
individual,27,carpet,47,4684,0.020519012585282326,0.02297600731253624,-8.532957077026367,0.005653425119817257,24.381553649902344,-7.0,7.0,8.490226745605469,0.7056105732917786,1.7826859951019287,-0.7335721254348755,1175
individual,27,carpet,48,4684,0.026060007512569427,0.0502181202173233,-8.493387222290039,0.005658306647092104,16.264881134033203,-7.0,7.0,8.467556953430176,1.0615172386169434,1.637270212173462,-0.7356640100479126,1176
individual,27,carpet,49,4684,0.038297660648822784,0.06580422818660736,-8.566008567810059,0.005663289222866297,15.520445823669434,-7.0,7.0,8.341767311096191,0.9021508097648621,1.5655333995819092,-0.7442637085914612,1177
individual,27,carpet,50,4684,0.027304723858833313,0.040556635707616806,-8.702054977416992,0.005668365862220526,13.733841896057129,-7.0,7.0,8.424507141113281,0.7900297045707703,1.4996416568756104,-0.7166644334793091,1178
population,27,carpet,1,4684,0.135130375623703,0.12081115692853928,-8.232504844665527,0.006547445431351662,-27.13544464111328,-7.0,7.0,8.039915084838867,0.6332148909568787,0.9691149592399597,-0.2525874078273773,1129
population,27,carpet,2,4684,0.17293140292167664,0.19213390350341797,-8.641530990600586,0.0065468489192426205,-18.8776912689209,-7.0,7.0,8.228377342224121,0.6789973378181458,1.1450961828231812,-0.31079337000846863,1130
population,27,carpet,3,4684,0.1094333827495575,0.12264816462993622,-8.535654067993164,0.006545637734234333,-23.885604858398438,-7.0,7.0,8.104948997497559,0.8076885342597961,1.0787767171859741,-0.3135572373867035,1131
population,27,carpet,4,4684,0.11568333953619003,0.09996890276670456,-8.299206733703613,0.006543871480971575,-6.0127387046813965,-7.0,7.0,8.027339935302734,0.5096219778060913,1.2455670833587646,-0.3813256621360779,1132
population,27,carpet,5,4684,0.23612080514431,0.23293785750865936,-8.026613235473633,0.006542364601045847,0.6380981206893921,-7.0,7.0,8.163445472717285,0.9523221254348755,1.4040459394454956,-0.4279910922050476,1133
population,27,carpet,6,4684,0.10441254824399948,0.11265187710523605,-7.921013355255127,0.0065416875295341015,23.244144439697266,-7.0,7.0,7.92326545715332,0.6824336647987366,1.6498245000839233,-0.5270092487335205,1134
population,27,carpet,7,4684,0.11754338443279266,0.11667074263095856,-8.051329612731934,0.006541753187775612,27.65407371520996,-7.0,7.0,8.115049362182617,0.6239692568778992,1.6752582788467407,-0.5631784796714783,1135
population,27,carpet,8,4684,0.047065429389476776,0.04419981315732002,-8.289078712463379,0.006542489398270845,21.37745475769043,-7.0,7.0,8.154497146606445,0.6660270094871521,1.5689079761505127,-0.5298751592636108,1136
population,27,carpet,9,4684,0.0887952446937561,0.1000349149107933,-8.38123893737793,0.006543805822730064,4.860257625579834,-7.0,7.0,8.040922164916992,0.7753878235816956,1.4164990186691284,-0.4826273024082184,1137
population,27,carpet,10,4684,0.12486722320318222,0.12462755292654037,-8.593700408935547,0.006545666139572859,14.599308013916016,-7.0,7.0,8.152528762817383,0.7697921395301819,1.4921166896820068,-0.5230668187141418,1138
population,27,carpet,11,4684,0.05556631088256836,0.05405439808964729,-8.374689102172852,0.006548016797751188,19.596817016601562,-7.0,7.0,8.224966049194336,0.667044460773468,1.546080470085144,-0.5479641556739807,1139
population,27,carpet,12,4684,0.11058272421360016,0.1021377369761467,-8.181087493896484,0.006550811696797609,8.318595886230469,-7.0,7.0,8.280181884765625,0.8562539219856262,1.4153403043746948,-0.5178698301315308,1140
population,27,carpet,13,4684,0.06570527702569962,0.06845458596944809,-8.248249053955078,0.006553311366587877,-0.14378881454467773,-7.0,7.0,8.275103569030762,0.6240072846412659,1.3041926622390747,-0.4881516396999359,1141
population,27,carpet,14,4684,0.0665070191025734,0.07755354791879654,-8.229545593261719,0.006556239910423756,16.25545310974121,-7.0,7.0,8.005480766296387,0.536968469619751,1.500866174697876,-0.5567044019699097,1142
population,27,carpet,15,4684,0.06697868555784225,0.08013652265071869,-8.430757522583008,0.006559554487466812,10.80383586883545,-7.0,7.0,8.219377517700195,0.8293510675430298,1.4276801347732544,-0.5291399955749512,1143
population,27,carpet,16,4684,0.0828029066324234,0.09238579869270325,-8.38055419921875,0.006563218310475349,14.874417304992676,-7.0,7.0,8.233838081359863,0.7085727453231812,1.5074341297149658,-0.5705457925796509,1144
population,27,carpet,17,4684,0.03665639087557793,0.04756943881511688,-8.381589889526367,0.006567194126546383,18.256452560424805,-7.0,7.0,8.076716423034668,0.6351208686828613,1.5131299495697021,-0.5653546452522278,1145
population,27,carpet,18,4684,0.1077723503112793,0.1281384378671646,-8.232254028320312,0.0065700942650437355,-9.189438819885254,-7.0,7.0,8.182987213134766,0.6051189303398132,1.2533725500106812,-0.48158589005470276,1146
population,27,carpet,19,4684,0.10462308675050735,0.1400952786207199,-8.401062965393066,0.006573384627699852,12.911763191223145,-7.0,7.0,8.384150505065918,0.8868653178215027,1.4667779207229614,-0.5752305388450623,1147
population,27,carpet,20,4684,0.027879726141691208,0.029802007600665092,-8.292728424072266,0.006577027961611748,13.423301696777344,-7.0,7.0,8.182302474975586,0.5382171273231506,1.4910727739334106,-0.5811352729797363,1148
population,27,carpet,21,4684,0.037813205271959305,0.047722265124320984,-8.616360664367676,0.006580648012459278,2.4906439781188965,-7.0,7.0,8.48680305480957,0.6089463233947754,1.3188765048980713,-0.5290068984031677,1149
population,27,carpet,22,4684,0.08522053062915802,0.07016430795192719,-8.312444686889648,0.0065842485055327415,2.502139091491699,-7.0,7.0,7.957887649536133,0.5171611309051514,1.3143926858901978,-0.510592520236969,1150
population,27,carpet,23,4684,0.038712479174137115,0.03851747512817383,-8.510533332824707,0.006587416864931583,-0.560009241104126,-7.0,7.0,8.31554126739502,0.8155656456947327,1.336316704750061,-0.5108034014701843,1151
population,27,carpet,24,4684,0.05598834902048111,0.06445172429084778,-8.377799987792969,0.006590191274881363,-0.6075632572174072,-7.0,7.0,8.289742469787598,0.7322382926940918,1.2809804677963257,-0.5035114884376526,1152
population,27,carpet,25,4684,0.02265813760459423,0.025634434074163437,-8.316450119018555,0.006592004559934139,-5.999927520751953,-7.0,7.0,8.206151962280273,0.5424073338508606,1.2516276836395264,-0.5035997033119202,1153
population,27,carpet,26,4684,0.02812681719660759,0.02833734080195427,-8.534509658813477,0.00659295404329896,-5.03695821762085,-7.0,7.0,8.521345138549805,0.7092307209968567,1.2487443685531616,-0.48666614294052124,1154
population,27,carpet,27,4684,0.02899117022752762,0.027133774012327194,-8.599716186523438,0.00659312354400754,-11.348557472229004,-7.0,7.0,8.36816120147705,0.7010068893432617,1.203387975692749,-0.46597665548324585,1155
population,27,carpet,28,4684,0.048010945320129395,0.05103675276041031,-8.661239624023438,0.006592595484107733,-11.328084945678711,-7.0,7.0,8.39812183380127,0.7357683181762695,1.1468459367752075,-0.4680447280406952,1156
population,27,carpet,29,4684,0.06926953792572021,0.08383306860923767,-8.67016315460205,0.006591435521841049,-8.151626586914062,-7.0,7.0,8.414327621459961,0.758686900138855,1.2291629314422607,-0.49041563272476196,1157
population,27,carpet,30,4684,0.02909391187131405,0.03425612300634384,-8.589295387268066,0.006589710246771574,-6.401057720184326,-7.0,7.0,8.407227516174316,0.7563877105712891,1.2023266553878784,-0.4744757115840912,1158
population,27,carpet,31,4684,0.02456771954894066,0.027127137407660484,-8.567285537719727,0.006587473675608635,-11.527710914611816,-7.0,7.0,8.46394157409668,0.5980574488639832,1.131121039390564,-0.47220340371131897,1159
population,27,carpet,32,4684,0.043202392756938934,0.0428861528635025,-8.230512619018555,0.006584778893738985,-6.635379791259766,-7.0,7.0,8.113815307617188,0.5162131786346436,1.2429733276367188,-0.4738726317882538,1160
population,27,carpet,33,4684,0.033705029636621475,0.03538103029131889,-8.359952926635742,0.006581674329936504,-12.666358947753906,-7.0,7.0,8.152809143066406,0.6095176935195923,1.1463441848754883,-0.4685346186161041,1161
population,27,carpet,34,4684,0.034593790769577026,0.03687077388167381,-8.508087158203125,0.0065783485770225525,-3.913707733154297,-7.0,7.0,8.284150123596191,0.6054222583770752,1.251491665840149,-0.48692163825035095,1162
population,27,carpet,35,4684,0.016421623528003693,0.018551055341959,-8.578409194946289,0.006575290579348803,-0.4799535274505615,-7.0,7.0,8.331438064575195,0.41836220026016235,1.2658255100250244,-0.5035353302955627,1163
population,27,carpet,36,4684,0.06606309860944748,0.0673452615737915,-8.674455642700195,0.00657228147611022,-1.8965489864349365,-7.0,7.0,8.282045364379883,0.44827136397361755,1.2265413999557495,-0.5063883066177368,1164
population,27,carpet,37,4684,0.03938206285238266,0.0377742275595665,-8.512750625610352,0.00656889146193862,-5.567879676818848,-7.0,7.0,8.28982162475586,0.6571940183639526,1.2589824199676514,-0.49950864911079407,1165
population,27,carpet,38,4684,0.08152363449335098,0.08541963249444962,-8.616490364074707,0.006565450225025415,-2.891244411468506,-7.0,7.0,8.586576461791992,0.7294490337371826,1.334971308708191,-0.5118911862373352,1166
population,27,carpet,39,4684,0.03669928014278412,0.039524972438812256,-8.57070255279541,0.0065627144649624825,2.665919780731201,-7.0,7.0,8.389071464538574,0.565580427646637,1.3489400148391724,-0.515864908695221,1167
population,27,carpet,40,4684,0.04121144860982895,0.047075770795345306,-8.688621520996094,0.006560934241861105,17.19658088684082,-7.0,7.0,8.437470436096191,0.7094056010246277,1.5947115421295166,-0.5602393746376038,1168
population,27,carpet,41,4684,0.06794199347496033,0.0723334550857544,-8.771717071533203,0.006559645291417837,2.3276450634002686,-7.0,7.0,8.492247581481934,0.7407262921333313,1.4512468576431274,-0.5271361470222473,1169
population,27,carpet,42,4684,0.0446636825799942,0.0463639460504055,-8.84045696258545,0.006557981483638287,-3.721566677093506,-7.0,7.0,8.516302108764648,0.8226554989814758,1.279877781867981,-0.5117941498756409,1170
population,27,carpet,43,4684,0.028204940259456635,0.03950784355401993,-8.803277969360352,0.006557165179401636,11.961999893188477,-7.0,7.0,8.518401145935059,0.8514584302902222,1.5911341905593872,-0.5449544191360474,1171
population,27,carpet,44,4684,0.03751949220895767,0.028417596593499184,-8.748222351074219,0.006557112094014883,7.882258892059326,-7.0,7.0,8.561356544494629,0.5477575063705444,1.4784437417984009,-0.563135027885437,1172
population,27,carpet,45,4684,0.044628266245126724,0.03696715831756592,-8.693514823913574,0.0065577467903494835,9.49808120727539,-7.0,7.0,8.60822868347168,0.7907824516296387,1.5589061975479126,-0.5900000929832458,1173
population,27,carpet,46,4684,0.06460727751255035,0.08112868666648865,-8.910573959350586,0.006559000816196203,9.67190933227539,-7.0,7.0,8.932679176330566,1.0511677265167236,1.5452417135238647,-0.586799681186676,1174
population,27,carpet,47,4684,0.07366922497749329,0.07274114340543747,-8.752875328063965,0.006560787092894316,4.8597612380981445,-7.0,7.0,8.518437385559082,0.695655107498169,1.524148941040039,-0.5839350819587708,1175
population,27,carpet,48,4684,0.0704265609383583,0.058749228715896606,-8.995999336242676,0.0065630776807665825,29.275352478027344,-7.0,7.0,8.394519805908203,0.48253241181373596,1.8310480117797852,-0.6459614038467407,1176
population,27,carpet,49,4684,0.0763460248708725,0.08306523412466049,-9.131476402282715,0.006565822754055262,10.709972381591797,-7.0,7.0,8.742403984069824,0.7102454900741577,1.5388729572296143,-0.6280688643455505,1177
population,27,carpet,50,4684,0.03428845852613449,0.02853621542453766,-8.881808280944824,0.00656897621229291,36.27317810058594,-7.0,7.0,8.569963455200195,0.6886101365089417,1.9348747730255127,-0.7031175494194031,1178
individual,28,carpet,1,4859,0.043326396495103836,0.06862378120422363,-8.645163536071777,0.0056735253892838955,10.121315956115723,-7.0,7.0,8.44467830657959,0.729979932308197,1.4547994136810303,-0.6765180230140686,1179
individual,28,carpet,2,4859,0.056107521057128906,0.07363404333591461,-8.663665771484375,0.005678426939994097,2.220278739929199,-7.0,7.0,8.528362274169922,0.6227024793624878,1.403214454650879,-0.6928548216819763,1180
individual,28,carpet,3,4859,0.015243913978338242,0.05087748169898987,-8.642382621765137,0.005683430004864931,10.418400764465332,-7.0,7.0,8.595148086547852,0.7005112767219543,1.4916390180587769,-0.6876581907272339,1181
individual,28,carpet,4,4859,0.035897258669137955,0.0388135202229023,-8.810063362121582,0.005688310135155916,3.258042335510254,-7.0,7.0,8.494515419006348,0.9512624144554138,1.4374996423721313,-0.703242301940918,1182
individual,28,carpet,5,4859,0.04800514504313469,0.08320235460996628,-8.771849632263184,0.0056932298466563225,4.592575550079346,-7.0,7.0,8.34410285949707,0.9561383128166199,1.4590774774551392,-0.6630792021751404,1183
individual,28,carpet,6,4859,0.026766164228320122,0.04233432561159134,-8.561983108520508,0.005697781685739756,1.0338009595870972,-7.0,7.0,8.320280075073242,0.580146074295044,1.415725588798523,-0.6741940379142761,1184
individual,28,carpet,7,4859,0.052933335304260254,0.08916791528463364,-8.623480796813965,0.0057015810161828995,-2.6451683044433594,-7.0,7.0,8.670780181884766,0.8397436738014221,1.2424405813217163,-0.6435226202011108,1185
individual,28,carpet,8,4859,0.031599823385477066,0.08051997423171997,-8.633339881896973,0.005704713985323906,-2.5510928630828857,-7.0,7.0,8.51870346069336,0.6440934538841248,1.3537266254425049,-0.6479078531265259,1186
individual,28,carpet,9,4859,0.022603951394557953,0.07723821699619293,-8.875725746154785,0.005707557313144207,0.17967867851257324,-7.0,7.0,8.657516479492188,0.7916865348815918,1.3723948001861572,-0.6328226923942566,1187
individual,28,carpet,10,4859,0.08306772261857986,0.06040727347135544,-8.438119888305664,0.00571031216531992,1.6866636276245117,-7.0,7.0,8.438125610351562,0.5714287161827087,1.3463624715805054,-0.677601158618927,1188
individual,28,carpet,11,4859,0.024906108155846596,0.025383686646819115,-8.8186674118042,0.005712199490517378,-5.7508392333984375,-7.0,7.0,8.49972915649414,0.7764065265655518,1.3235417604446411,-0.6035559773445129,1189
individual,28,carpet,12,4859,0.02324097603559494,0.03292945772409439,-8.81385612487793,0.0057139648124575615,0.5574210286140442,-7.0,7.0,8.575858116149902,0.7346062064170837,1.391829490661621,-0.6859012246131897,1190
individual,28,carpet,13,4859,0.017385706305503845,0.027518542483448982,-8.672924041748047,0.00571614783257246,8.22101879119873,-7.0,7.0,8.432328224182129,0.41663017868995667,1.5272859334945679,-0.6641814112663269,1191
individual,28,carpet,14,4859,0.0530901774764061,0.05612987279891968,-8.853032112121582,0.005718707572668791,10.138843536376953,-7.0,7.0,8.692863464355469,0.944065272808075,1.4900503158569336,-0.6878794431686401,1192
individual,28,carpet,15,4859,0.05236238241195679,0.10271658003330231,-8.87557315826416,0.005721607245504856,7.599169731140137,-7.0,7.0,8.672523498535156,0.8619368076324463,1.5231647491455078,-0.6889891028404236,1193
individual,28,carpet,16,4859,0.08130638301372528,0.10402286052703857,-8.882513046264648,0.005724810995161533,10.971087455749512,-7.0,7.0,8.6051664352417,0.9305000901222229,1.5151883363723755,-0.7326313257217407,1194
individual,28,carpet,17,4859,0.026383405551314354,0.04781762883067131,-8.756841659545898,0.005728292744606733,11.697065353393555,-7.0,7.0,8.506299018859863,0.9030675292015076,1.5970690250396729,-0.701839804649353,1195
individual,28,carpet,18,4859,0.039930976927280426,0.05760601907968521,-8.932305335998535,0.005732022225856781,18.701234817504883,-7.0,7.0,8.61229133605957,0.9181927442550659,1.5974444150924683,-0.7066866159439087,1196
individual,28,carpet,19,4859,0.05531863868236542,0.08198598027229309,-8.933526992797852,0.005735899321734905,4.479861259460449,-7.0,7.0,8.829964637756348,0.7159599661827087,1.4320472478866577,-0.7287996411323547,1197
individual,28,carpet,20,4859,0.0451594702899456,0.0707995742559433,-8.556665420532227,0.005739986896514893,11.396140098571777,-7.0,7.0,8.412973403930664,0.4563661217689514,1.5761687755584717,-0.7081199288368225,1198
individual,28,carpet,21,4859,0.04140850156545639,0.04613052308559418,-8.863258361816406,0.005744266323745251,18.830890655517578,-7.0,7.0,8.608538627624512,0.7271430492401123,1.630588412284851,-0.7563351392745972,1199
individual,28,carpet,22,4859,0.025627288967370987,0.023608535528182983,-8.867249488830566,0.005748716648668051,15.483749389648438,-7.0,7.0,8.53193473815918,0.6791094541549683,1.602164626121521,-0.6848464608192444,1200
individual,28,carpet,23,4859,0.08269427716732025,0.07815760374069214,-9.06185531616211,0.005753323435783386,15.912373542785645,-7.0,7.0,8.798619270324707,0.7798033356666565,1.6025991439819336,-0.7287217378616333,1201
individual,28,carpet,24,4859,0.0761106014251709,0.083685003221035,-9.087847709655762,0.005758071783930063,15.181440353393555,-7.0,7.0,8.909486770629883,0.6976050734519958,1.527382493019104,-0.6836304068565369,1202
individual,28,carpet,25,4859,0.028990697115659714,0.049673084169626236,-8.804984092712402,0.005762944463640451,19.07912826538086,-7.0,7.0,8.576464653015137,0.5849584341049194,1.6546955108642578,-0.6961109042167664,1203
individual,28,carpet,26,4859,0.023795422166585922,0.03677201271057129,-9.025505065917969,0.005767934024333954,10.833324432373047,-7.0,7.0,8.934436798095703,0.8344930410385132,1.4675824642181396,-0.7427288293838501,1204
individual,28,carpet,27,4859,0.037463899701833725,0.030164839699864388,-9.019384384155273,0.005773027427494526,27.307451248168945,-7.0,7.0,8.72898006439209,0.6922243237495422,1.7407903671264648,-0.7765177488327026,1205
individual,28,carpet,28,4859,0.04287787526845932,0.043087489902973175,-8.926916122436523,0.005778215825557709,9.888795852661133,-7.0,7.0,8.694171905517578,0.7538774609565735,1.5054768323898315,-0.7362237572669983,1206
individual,28,carpet,29,4859,0.05723745748400688,0.03409338742494583,-8.724806785583496,0.005783488973975182,17.76508903503418,-7.0,7.0,8.613642692565918,0.5276517271995544,1.5947761535644531,-0.7278146743774414,1207
individual,28,carpet,30,4859,0.03940967842936516,0.039073504507541656,-8.883479118347168,0.005788841750472784,23.70972442626953,-7.0,7.0,8.702652931213379,0.4700857102870941,1.705878496170044,-0.7399019598960876,1208
individual,28,carpet,31,4859,0.0575687400996685,0.036925721913576126,-9.123930931091309,0.005794262979179621,19.876567840576172,-7.0,7.0,8.812341690063477,0.6423370242118835,1.733796238899231,-0.6723832488059998,1209
individual,28,carpet,32,4859,0.05683576688170433,0.06588494777679443,-9.199880599975586,0.005799749866127968,16.98893165588379,-7.0,7.0,8.983100891113281,1.0206165313720703,1.6273882389068604,-0.7362925410270691,1210
individual,28,carpet,33,4859,0.05925716832280159,0.049400608986616135,-8.859996795654297,0.005805294495075941,8.494189262390137,-7.0,7.0,8.851096153259277,0.945976972579956,1.551533818244934,-0.7198764085769653,1211
individual,28,carpet,34,4859,0.06679259240627289,0.05753370746970177,-8.851175308227539,0.00581089174374938,10.283576965332031,-7.0,7.0,8.712141990661621,0.6940107345581055,1.4898805618286133,-0.6831627488136292,1212
individual,28,carpet,35,4859,0.040272779762744904,0.04921843484044075,-9.047062873840332,0.005816538818180561,11.555723190307617,-7.0,7.0,8.868766784667969,1.0425890684127808,1.5290292501449585,-0.7344895005226135,1213
individual,28,carpet,36,4859,0.030784310773015022,0.025735516101121902,-8.939205169677734,0.005822230130434036,14.397043228149414,-7.0,7.0,8.662192344665527,0.6088917255401611,1.5875104665756226,-0.7579420804977417,1214
individual,28,carpet,37,4859,0.039445821195840836,0.04219091683626175,-8.885993003845215,0.005827960558235645,9.015363693237305,-7.0,7.0,8.794568061828613,0.843260645866394,1.446602463722229,-0.7338033318519592,1215
individual,28,carpet,38,4859,0.027961870655417442,0.03957933932542801,-9.156429290771484,0.005833729635924101,10.251994132995605,-7.0,7.0,9.103951454162598,1.1999636888504028,1.4937084913253784,-0.7364567518234253,1216
individual,28,carpet,39,4859,0.03381543979048729,0.04001676291227341,-8.856775283813477,0.005838886369019747,-0.3569481372833252,-7.0,7.0,8.748594284057617,0.7164404988288879,1.3724387884140015,-0.7014332413673401,1217
individual,28,carpet,40,4859,0.048788316547870636,0.06481325626373291,-9.090685844421387,0.005843746941536665,1.7904293537139893,-7.0,7.0,8.821342468261719,0.8122187852859497,1.3645060062408447,-0.7218027114868164,1218
individual,28,carpet,41,4859,0.036140717566013336,0.045875824987888336,-9.166589736938477,0.0058475155383348465,-6.865838527679443,-7.0,7.0,9.063737869262695,0.9410588145256042,1.3287707567214966,-0.6672396063804626,1219
individual,28,carpet,42,4859,0.03636492043733597,0.027340183034539223,-8.909967422485352,0.005850301589816809,-6.090035438537598,-7.0,7.0,8.802094459533691,0.8912370204925537,1.2240002155303955,-0.6726475954055786,1220
individual,28,carpet,43,4859,0.05189300328493118,0.07831323146820068,-9.202714920043945,0.005853418726474047,9.347390174865723,-7.0,7.0,8.92795467376709,1.0725131034851074,1.4719263315200806,-0.7064874768257141,1221
individual,28,carpet,44,4859,0.03576454147696495,0.03454430401325226,-9.03021240234375,0.005855674389749765,-4.652604579925537,-7.0,7.0,8.796211242675781,0.7852050065994263,1.2608277797698975,-0.6768393516540527,1222
individual,28,carpet,45,4859,0.05083070695400238,0.06836212426424026,-8.82337474822998,0.005858313292264938,5.487104415893555,-7.0,7.0,8.620506286621094,0.5709422826766968,1.3499928712844849,-0.7547276616096497,1223
individual,28,carpet,46,4859,0.03074251115322113,0.03774978965520859,-8.971074104309082,0.0058613005094230175,6.789079666137695,-7.0,7.0,8.840559005737305,0.9342269897460938,1.3558224439620972,-0.7555685639381409,1224
individual,28,carpet,47,4859,0.04575910419225693,0.03864965960383415,-8.894430160522461,0.0058645992539823055,11.764202117919922,-7.0,7.0,8.699213027954102,0.5636627674102783,1.4044240713119507,-0.7264360785484314,1225
individual,28,carpet,48,4859,0.07753519713878632,0.07419519871473312,-9.139198303222656,0.005867326632142067,-2.0559797286987305,-7.0,7.0,9.041194915771484,0.9587510824203491,1.3240867853164673,-0.7384870648384094,1226
individual,28,carpet,49,4859,0.04344622790813446,0.030411848798394203,-9.051188468933105,0.005869886837899685,0.8624075651168823,-7.0,7.0,8.79419231414795,0.4327254891395569,1.347627878189087,-0.7148637175559998,1227
individual,28,carpet,50,4859,0.03547820821404457,0.041222505271434784,-9.102413177490234,0.005872541107237339,2.9341297149658203,-7.0,7.0,8.934181213378906,0.9814659953117371,1.3127682209014893,-0.7334097027778625,1228
population,28,carpet,1,4859,0.08056145161390305,0.09346789121627808,-8.742996215820312,0.006572498008608818,14.45827865600586,-7.0,7.0,8.646878242492676,0.46646854281425476,1.634486436843872,-0.679388701915741,1179
population,28,carpet,2,4859,0.06796064972877502,0.08304579555988312,-8.598810195922852,0.006576350424438715,35.24756622314453,-7.0,7.0,8.564055442810059,0.4727875888347626,1.9180116653442383,-0.741157054901123,1180
population,28,carpet,3,4859,0.0468062162399292,0.06095163896679878,-8.694747924804688,0.006580503657460213,17.002031326293945,-7.0,7.0,8.596500396728516,0.5929571390151978,1.6334174871444702,-0.694811224937439,1181
population,28,carpet,4,4859,0.04561964049935341,0.051655225455760956,-9.095252990722656,0.006584929767996073,39.83324432373047,-7.0,7.0,8.868154525756836,0.9353911280632019,1.9592889547348022,-0.7756166458129883,1182
population,28,carpet,5,4859,0.07595136761665344,0.07358209043741226,-8.905099868774414,0.006589597091078758,43.903602600097656,-7.0,7.0,8.479331970214844,0.6327608823776245,1.9860142469406128,-0.7746854424476624,1183
population,28,carpet,6,4859,0.03370102122426033,0.035200148820877075,-9.063901901245117,0.006594485137611628,39.84313201904297,-7.0,7.0,8.785394668579102,0.7812096476554871,1.9306116104125977,-0.7638952136039734,1184
population,28,carpet,7,4859,0.04251721873879433,0.0434529110789299,-8.97474479675293,0.006599574815481901,33.48698043823242,-7.0,7.0,8.780369758605957,0.8124191761016846,1.8595463037490845,-0.7897309064865112,1185
population,28,carpet,8,4859,0.05091208592057228,0.0617809034883976,-8.71922779083252,0.006604844704270363,37.16555404663086,-7.0,7.0,8.513427734375,0.6519235968589783,1.9009944200515747,-0.7524705529212952,1186
population,28,carpet,9,4859,0.09883329272270203,0.12109332531690598,-8.89990520477295,0.006610276643186808,27.77874755859375,-7.0,7.0,8.92368221282959,0.9140218496322632,1.7732532024383545,-0.7388537526130676,1187
population,28,carpet,10,4859,0.033218082040548325,0.031236911192536354,-8.964737892150879,0.006615855265408754,19.71660041809082,-7.0,7.0,8.704513549804688,0.7499584555625916,1.7032220363616943,-0.6950101852416992,1188
population,28,carpet,11,4859,0.036611467599868774,0.036244556307792664,-9.116813659667969,0.006621567532420158,29.12485122680664,-7.0,7.0,8.816716194152832,0.8641520142555237,1.867591142654419,-0.744841456413269,1189
population,28,carpet,12,4859,0.05572155863046646,0.05787217617034912,-9.187134742736816,0.006627401802688837,27.80497169494629,-7.0,7.0,8.824773788452148,0.8230020403862,1.8917744159698486,-0.7408744692802429,1190
population,28,carpet,13,4859,0.05037253722548485,0.045701462775468826,-8.93742561340332,0.006633345503360033,27.335926055908203,-7.0,7.0,8.696359634399414,0.6960816979408264,1.8388580083847046,-0.6992673873901367,1191
population,28,carpet,14,4859,0.06339134275913239,0.06180524826049805,-9.118345260620117,0.006639386527240276,22.73345375061035,-7.0,7.0,8.997895240783691,0.7931328415870667,1.744596242904663,-0.6993845701217651,1192
population,28,carpet,15,4859,0.025660328567028046,0.034401487559080124,-9.112569808959961,0.006645518820732832,36.56631088256836,-7.0,7.0,8.797649383544922,0.7614781260490417,1.9353868961334229,-0.6791979670524597,1193
population,28,carpet,16,4859,0.0427519716322422,0.041960399597883224,-9.29163932800293,0.006651732604950666,28.058185577392578,-7.0,7.0,9.013811111450195,0.8008110523223877,1.7936108112335205,-0.6418855786323547,1194
population,28,carpet,17,4859,0.05161131173372269,0.04901989921927452,-8.82657527923584,0.006658021826297045,11.7783784866333,-7.0,7.0,8.679376602172852,0.5581351518630981,1.6533886194229126,-0.6293208003044128,1195
population,28,carpet,18,4859,0.03342444822192192,0.03644537925720215,-8.862359046936035,0.006664377637207508,21.82310676574707,-7.0,7.0,8.45152473449707,0.5017027854919434,1.7626360654830933,-0.6179791688919067,1196
population,28,carpet,19,4859,0.06108184903860092,0.05561889335513115,-9.11030387878418,0.006670793518424034,23.121734619140625,-7.0,7.0,8.831786155700684,0.6993886232376099,1.8112517595291138,-0.6297067403793335,1197
population,28,carpet,20,4859,0.051917046308517456,0.045995015650987625,-8.998042106628418,0.006677266675978899,9.478906631469727,-7.0,7.0,8.771844863891602,0.5392637252807617,1.6215144395828247,-0.605547308921814,1198
population,28,carpet,21,4859,0.03900562971830368,0.040249764919281006,-9.100868225097656,0.00668379059061408,32.340030670166016,-7.0,7.0,8.759326934814453,0.6111528873443604,1.9400136470794678,-0.6461881995201111,1199
population,28,carpet,22,4859,0.06830471009016037,0.05745556578040123,-9.164505958557129,0.0066903624683618546,25.180828094482422,-7.0,7.0,8.868634223937988,0.6122416257858276,1.7842121124267578,-0.6305062174797058,1200
population,28,carpet,23,4859,0.038094379007816315,0.03642569109797478,-8.837024688720703,0.006696975789964199,23.855619430541992,-7.0,7.0,8.577022552490234,0.34896379709243774,1.7616392374038696,-0.6547337770462036,1201
population,28,carpet,24,4859,0.05005202814936638,0.050042491406202316,-8.998586654663086,0.006703631021082401,22.851945877075195,-7.0,7.0,8.830687522888184,0.8693807721138,1.731218934059143,-0.636379063129425,1202
population,28,carpet,25,4859,0.03813695162534714,0.03637593612074852,-8.9852876663208,0.006710321642458439,23.87295913696289,-7.0,7.0,8.72977066040039,0.5376185774803162,1.8214055299758911,-0.6350809931755066,1203
population,28,carpet,26,4859,0.0674365758895874,0.07149077206850052,-8.89056396484375,0.006717044394463301,21.44977569580078,-7.0,7.0,8.71303653717041,0.5409889221191406,1.6930097341537476,-0.6301878094673157,1204
population,28,carpet,27,4859,0.04373929277062416,0.04095838963985443,-9.004064559936523,0.006723799277096987,16.977853775024414,-7.0,7.0,8.783313751220703,0.6064877510070801,1.6727030277252197,-0.6342399716377258,1205
population,28,carpet,28,4859,0.08502845466136932,0.09486202150583267,-8.913841247558594,0.006730580702424049,16.3247127532959,-7.0,7.0,8.75092887878418,1.1052157878875732,1.6454617977142334,-0.6160954833030701,1206
population,28,carpet,29,4859,0.07919502258300781,0.07984369993209839,-9.021228790283203,0.006737388204783201,13.896594047546387,-7.0,7.0,8.830365180969238,0.9039424657821655,1.644171118736267,-0.6233412623405457,1207
population,28,carpet,30,4859,0.06042802706360817,0.06413839012384415,-9.278449058532715,0.006744221318513155,16.57169532775879,-7.0,7.0,8.956746101379395,0.6819536089897156,1.650383710861206,-0.5989876389503479,1208
population,28,carpet,31,4859,0.0661718025803566,0.0765724927186966,-9.22476863861084,0.00675107492133975,24.671926498413086,-7.0,7.0,9.024483680725098,1.0635629892349243,1.7550534009933472,-0.6177977323532104,1209
population,28,carpet,32,4859,0.07306398451328278,0.080414779484272,-8.869865417480469,0.006757951341569424,23.057212829589844,-7.0,7.0,8.677461624145508,0.5092161893844604,1.7500426769256592,-0.6389335989952087,1210
population,28,carpet,33,4859,0.058860428631305695,0.049624212086200714,-9.002041816711426,0.006764847785234451,16.874324798583984,-7.0,7.0,8.717988967895508,0.5579180717468262,1.6260815858840942,-0.6283906102180481,1211
population,28,carpet,34,4859,0.06316258013248444,0.05777111276984215,-9.180305480957031,0.006771760527044535,15.246512413024902,-7.0,7.0,8.913687705993652,0.6509587168693542,1.6868880987167358,-0.6445287466049194,1212
population,28,carpet,35,4859,0.05659492686390877,0.0592786967754364,-9.293525695800781,0.0067786904983222485,15.21557903289795,-7.0,7.0,8.940266609191895,0.7806987166404724,1.679425835609436,-0.6495804190635681,1213
population,28,carpet,36,4859,53.0111083984375,53.239776611328125,-9.513297080993652,0.006785637233406305,21.15676498413086,-7.0,7.0,10.666126251220703,7.689802646636963,1.725692868232727,-0.6242019534111023,1214
population,28,carpet,37,4859,0.9821367859840393,1.0171515941619873,-10.257442474365234,0.006792600266635418,16.160030364990234,-7.0,7.0,8.785079002380371,0.6162617802619934,1.7094436883926392,-0.6642512083053589,1215
population,28,carpet,38,4859,1.608561396598816,1.6791090965270996,-10.800617218017578,0.006799577735364437,21.39240264892578,-7.0,7.0,9.258630752563477,0.8015623092651367,1.7897464036941528,-0.6405450105667114,1216
population,28,carpet,39,4859,0.6221428513526917,0.6396859884262085,-10.25335693359375,0.006806568242609501,30.799800872802734,-7.0,7.0,8.985785484313965,0.647890031337738,1.8099740743637085,-0.7305493354797363,1217
population,28,carpet,40,4859,0.48129117488861084,0.47794610261917114,-9.198412895202637,0.006813572719693184,32.0948371887207,-7.0,7.0,9.067422866821289,0.7840781807899475,1.9215983152389526,-0.7341312170028687,1218
population,28,carpet,41,4859,1.783745527267456,1.7695248126983643,-8.457524299621582,0.006820587441325188,32.50091552734375,-7.0,7.0,9.05817985534668,0.6903069019317627,1.8510161638259888,-0.7329773902893066,1219
population,28,carpet,42,4859,1.650792121887207,1.6888049840927124,-9.104401588439941,0.006827616132795811,37.25034713745117,-7.0,7.0,9.28093433380127,1.21694815158844,1.8772668838500977,-0.7541412711143494,1220
population,28,carpet,43,4859,0.43891364336013794,0.4443957209587097,-9.532746315002441,0.0068346550688147545,38.93735885620117,-7.0,7.0,8.980213165283203,0.5946900248527527,1.9687716960906982,-0.8000038266181946,1221
population,28,carpet,44,4859,0.5090106129646301,0.4743458032608032,-10.607606887817383,0.006841704715043306,65.65144348144531,-7.0,7.0,8.947667121887207,0.685700535774231,2.3227522373199463,-0.9201382994651794,1222
population,28,carpet,45,4859,0.8516429662704468,0.872738778591156,-10.566316604614258,0.006848765071481466,65.24739074707031,-7.0,7.0,8.818796157836914,0.676445484161377,2.260451078414917,-0.8733481764793396,1223
population,28,carpet,46,4859,0.8908568024635315,1.0250585079193115,-10.478525161743164,0.006855835672467947,90.75224304199219,-7.0,7.0,8.708823204040527,0.7428703904151917,2.604665994644165,-1.0183601379394531,1224
population,28,carpet,47,4859,0.10455121845006943,0.11746474355459213,-9.630393981933594,0.006862916983664036,98.89204406738281,-7.0,7.0,9.052813529968262,0.9238601326942444,2.7087786197662354,-1.030107021331787,1225
population,28,carpet,48,4859,0.3486770987510681,0.4037659168243408,-8.734435081481934,0.006870009005069733,79.64247131347656,-7.0,7.0,8.804154396057129,0.8776666522026062,2.438438653945923,-0.9341804385185242,1226
population,28,carpet,49,4859,0.7600139379501343,0.8796536326408386,-8.398836135864258,0.006877108011394739,89.68650817871094,-7.0,7.0,8.95637035369873,0.966396689414978,2.601630687713623,-0.9483736753463745,1227
population,28,carpet,50,4859,0.4543370008468628,0.6205503940582275,-8.276649475097656,0.006884218193590641,119.49899291992188,-7.0,7.0,8.883430480957031,0.6924311518669128,2.94527268409729,-1.0289723873138428,1228
individual,29,carpet,1,5034,0.036655064672231674,0.03725370019674301,-9.328201293945312,0.005875543691217899,7.157975196838379,-7.0,7.0,9.258221626281738,1.0054336786270142,1.3781912326812744,-0.7139399647712708,1229
individual,29,carpet,2,5034,0.020817190408706665,0.033521514385938644,-8.986416816711426,0.005878155119717121,-0.7925716042518616,-7.0,7.0,8.794685363769531,0.5539933443069458,1.3102837800979614,-0.6551036834716797,1230
individual,29,carpet,3,5034,0.04023965075612068,0.04355921968817711,-9.163189888000488,0.005881118588149548,8.307905197143555,-7.0,7.0,8.904399871826172,0.7044734954833984,1.4519729614257812,-0.726709246635437,1231
individual,29,carpet,4,5034,0.08819342404603958,0.04387109726667404,-8.975492477416992,0.0058844005689024925,7.932509422302246,-7.0,7.0,8.668230056762695,0.8151351809501648,1.4151620864868164,-0.6986044645309448,1232
individual,29,carpet,5,5034,0.06534520536661148,0.056619562208652496,-8.992616653442383,0.005887923296540976,4.749728202819824,-7.0,7.0,8.969861030578613,0.7982914447784424,1.4088897705078125,-0.721612274646759,1233
individual,29,carpet,6,5034,0.05450482666492462,0.059307850897312164,-8.924033164978027,0.0058917091228067875,15.01281452178955,-7.0,7.0,8.80173397064209,0.9193291068077087,1.484379529953003,-0.7102025151252747,1234
individual,29,carpet,7,5034,0.027722816914319992,0.033833812922239304,-9.034616470336914,0.005895730573683977,16.051570892333984,-7.0,7.0,8.827706336975098,0.5935575366020203,1.5168088674545288,-0.7190731167793274,1235
individual,29,carpet,8,5034,0.07546571642160416,0.04720066115260124,-9.394271850585938,0.005899969022721052,16.221927642822266,-7.0,7.0,9.064608573913574,0.8853603005409241,1.6367994546890259,-0.7298380136489868,1236
individual,29,carpet,9,5034,0.08592504262924194,0.05145443230867386,-8.845218658447266,0.005904398858547211,19.881959915161133,-7.0,7.0,8.58487319946289,0.4667990505695343,1.681395173072815,-0.7614284753799438,1237
individual,29,carpet,10,5034,0.10120957344770432,0.07593659311532974,-8.880927085876465,0.005909003783017397,22.833709716796875,-7.0,7.0,9.048770904541016,1.2693321704864502,1.6794239282608032,-0.7368977665901184,1238
individual,29,carpet,11,5034,0.10525764524936676,0.04726552218198776,-8.71451473236084,0.005913767497986555,7.607118606567383,-7.0,7.0,8.8724365234375,0.848605751991272,1.5533826351165771,-0.7187096476554871,1239
individual,29,carpet,12,5034,0.14812849462032318,0.14497071504592896,-9.573137283325195,0.005918673239648342,27.64958953857422,-7.0,7.0,9.167397499084473,0.9977983832359314,1.7613478899002075,-0.7303557991981506,1240
individual,29,carpet,13,5034,0.11521942913532257,0.03872866928577423,-9.3008451461792,0.00592371029779315,20.83064842224121,-7.0,7.0,9.062215805053711,0.8870072960853577,1.6623436212539673,-0.7200727462768555,1241
individual,29,carpet,14,5034,0.0963803380727768,0.1369781196117401,-8.85261344909668,0.005928864702582359,19.053237915039062,-7.0,7.0,9.062064170837402,1.0332121849060059,1.6491762399673462,-0.6868044137954712,1242
individual,29,carpet,15,5034,0.09627178311347961,0.049764927476644516,-8.74955940246582,0.005934122484177351,14.912161827087402,-7.0,7.0,8.914054870605469,0.7625759243965149,1.6061135530471802,-0.6507895588874817,1243
individual,29,carpet,16,5034,0.059779711067676544,0.05283511430025101,-9.227437973022461,0.005938241258263588,-10.549643516540527,-7.0,7.0,9.138511657714844,1.2327568531036377,1.299662709236145,-0.5877330899238586,1244
individual,29,carpet,17,5034,0.10857386887073517,0.0709831565618515,-9.445996284484863,0.005942147225141525,1.6132092475891113,-7.0,7.0,9.083898544311523,0.967521607875824,1.3974589109420776,-0.5581254363059998,1245
individual,29,carpet,18,5034,0.07377542555332184,0.07003873586654663,-9.19782829284668,0.005945046432316303,-7.083301544189453,-7.0,7.0,9.04653263092041,0.8214190006256104,1.2627384662628174,-0.5206580758094788,1246
individual,29,carpet,19,5034,0.0977289080619812,0.07816921919584274,-9.080611228942871,0.0059470366686582565,-6.592722415924072,-7.0,7.0,9.092126846313477,0.9672775268554688,1.2591753005981445,-0.5232003331184387,1247
individual,29,carpet,20,5034,0.04764162003993988,0.046551622450351715,-9.279189109802246,0.005948208272457123,-15.55871868133545,-7.0,7.0,9.136250495910645,0.8980951309204102,1.211692214012146,-0.48571106791496277,1248
individual,29,carpet,21,5034,0.03558243066072464,0.025549380108714104,-9.195552825927734,0.005948642268776894,-16.060884475708008,-7.0,7.0,8.937135696411133,0.6532338261604309,1.200344443321228,-0.48812437057495117,1249
individual,29,carpet,22,5034,0.057389769703149796,0.04461074620485306,-8.95626163482666,0.0059484150260686874,-10.511706352233887,-7.0,7.0,8.734466552734375,0.38357821106910706,1.214127540588379,-0.531731128692627,1250
individual,29,carpet,23,5034,0.04425801709294319,0.0432853139936924,-9.190728187561035,0.005947958678007126,-2.0838303565979004,-7.0,7.0,8.971802711486816,0.6428906917572021,1.355249047279358,-0.5460041761398315,1251
individual,29,carpet,24,5034,0.08381945639848709,0.06892870366573334,-9.251691818237305,0.00594728346914053,-2.1738553047180176,-7.0,7.0,9.049078941345215,1.035089373588562,1.296837568283081,-0.5726445913314819,1252
individual,29,carpet,25,5034,0.04179079830646515,0.029273293912410736,-9.335333824157715,0.005946055985987186,-7.925512790679932,-7.0,7.0,9.184074401855469,0.9265891909599304,1.236533522605896,-0.6014649271965027,1253
individual,29,carpet,26,5034,0.0765276625752449,0.07579898834228516,-9.493803024291992,0.005945570766925812,6.7426347732543945,-7.0,7.0,9.215545654296875,0.9463469386100769,1.465874433517456,-0.6589668989181519,1254
individual,29,carpet,27,5034,0.03143182396888733,0.031133856624364853,-9.34577751159668,0.0059450408443808556,-0.7844452857971191,-7.0,7.0,9.076878547668457,0.6206465363502502,1.3430899381637573,-0.6611790657043457,1255
individual,29,carpet,28,5034,0.03830448165535927,0.045217037200927734,-9.347844123840332,0.005945182405412197,9.110130310058594,-7.0,7.0,9.1011381149292,0.8612398505210876,1.5324653387069702,-0.6903288960456848,1256
individual,29,carpet,29,5034,0.022930197417736053,0.02829071320593357,-9.242911338806152,0.005945931188762188,12.583956718444824,-7.0,7.0,9.158294677734375,0.901095986366272,1.4947527647018433,-0.683315098285675,1257
individual,29,carpet,30,5034,0.03317516669631004,0.027832042425870895,-9.221431732177734,0.005947223864495754,23.993328094482422,-7.0,7.0,9.033548355102539,0.5545050501823425,1.5931131839752197,-0.7384604811668396,1258
individual,29,carpet,31,5034,0.03533407673239708,0.034186411648988724,-9.063344955444336,0.00594900781288743,28.53484344482422,-7.0,7.0,8.895063400268555,0.45371633768081665,1.6690267324447632,-0.7719319462776184,1259
individual,29,carpet,32,5034,0.040408723056316376,0.08104236423969269,-9.549633026123047,0.005951235070824623,36.90011978149414,-7.0,7.0,9.204565048217773,1.0275959968566895,1.8025668859481812,-0.8223186731338501,1260
individual,29,carpet,33,5034,0.0846037045121193,0.08721999078989029,-8.983261108398438,0.0059538609348237514,19.845380783081055,-7.0,7.0,8.832385063171387,0.6032094359397888,1.574464201927185,-0.7367539405822754,1261
individual,29,carpet,34,5034,0.11486919969320297,0.18436084687709808,-8.930512428283691,0.005956845358014107,24.819889068603516,-7.0,7.0,9.062570571899414,1.0326331853866577,1.6439497470855713,-0.7315430045127869,1262
individual,29,carpet,35,5034,0.0646887943148613,0.056385744363069534,-9.396551132202148,0.00596015527844429,24.33466339111328,-7.0,7.0,9.355582237243652,0.8765999674797058,1.592530369758606,-0.7093561887741089,1263
individual,29,carpet,36,5034,0.0822441428899765,0.18047451972961426,-9.64175796508789,0.0059637571685016155,15.902788162231445,-7.0,7.0,9.10838508605957,0.7671955823898315,1.4690877199172974,-0.674604594707489,1264
individual,29,carpet,37,5034,0.11859260499477386,0.0874357670545578,-9.798781394958496,0.005967623088508844,24.11680793762207,-7.0,7.0,9.286794662475586,1.1366220712661743,1.66477370262146,-0.702278196811676,1265
individual,29,carpet,38,5034,0.09494833648204803,0.20014069974422455,-9.019417762756348,0.005971725098788738,14.499601364135742,-7.0,7.0,9.143381118774414,0.8068781495094299,1.5948257446289062,-0.6679074168205261,1266
individual,29,carpet,39,5034,0.12601163983345032,0.12329256534576416,-9.249103546142578,0.005975980777293444,4.592288017272949,-7.0,7.0,9.402377128601074,1.130695104598999,1.431165099143982,-0.6143007278442383,1267
individual,29,carpet,40,5034,0.04340531304478645,0.1415877342224121,-9.30664348602295,0.005980436224490404,7.451508522033691,-7.0,7.0,8.917305946350098,0.4107580780982971,1.4137041568756104,-0.6015879511833191,1268
individual,29,carpet,41,5034,0.21603460609912872,0.22338572144508362,-10.373517036437988,0.00598507234826684,16.550128936767578,-7.0,7.0,9.733495712280273,1.3068039417266846,1.5336151123046875,-0.6225056052207947,1269
individual,29,carpet,42,5034,0.026315860450267792,0.05174083262681961,-9.253382682800293,0.0059898714534938335,15.785730361938477,-7.0,7.0,9.077224731445312,0.5620037913322449,1.5570504665374756,-0.6184366345405579,1270
individual,29,carpet,43,5034,0.18722060322761536,0.2831772267818451,-9.111287117004395,0.0059947120025753975,4.232494354248047,-7.0,7.0,9.358391761779785,1.2585134506225586,1.4134881496429443,-0.5881704688072205,1271
individual,29,carpet,44,5034,0.10641767829656601,0.08399289846420288,-9.346287727355957,0.0059996964409947395,10.205392837524414,-7.0,7.0,9.318222045898438,0.7182019948959351,1.4654325246810913,-0.5825271606445312,1272
individual,29,carpet,45,5034,0.20306561887264252,0.38384735584259033,-9.914785385131836,0.0060045733116567135,3.135181427001953,-7.0,7.0,9.307291030883789,1.0587958097457886,1.425302267074585,-0.5918057560920715,1273
individual,29,carpet,46,5034,0.1526384800672531,0.17259687185287476,-9.84799575805664,0.006009591743350029,6.462131977081299,-7.0,7.0,9.248846054077148,0.8274194002151489,1.4358856678009033,-0.5944985747337341,1274
individual,29,carpet,47,5034,0.12654359638690948,0.2677685022354126,-9.103315353393555,0.006014737766236067,13.499126434326172,-7.0,7.0,9.208675384521484,0.9510172605514526,1.5494801998138428,-0.6116372346878052,1275
individual,29,carpet,48,5034,0.1596110463142395,0.23849059641361237,-9.368412971496582,0.006018797401338816,-4.701588153839111,-7.0,7.0,9.584267616271973,1.2707374095916748,1.294577956199646,-0.5667915940284729,1276
individual,29,carpet,49,5034,0.03672861307859421,0.042747434228658676,-9.572441101074219,0.006022342946380377,-0.9126797914505005,-7.0,7.0,9.299919128417969,0.802252471446991,1.352539300918579,-0.5901561975479126,1277
individual,29,carpet,50,5034,0.1492389291524887,0.2373226284980774,-9.7969970703125,0.0060261632315814495,9.299739837646484,-7.0,7.0,9.19439697265625,0.8183255791664124,1.4735431671142578,-0.615709125995636,1278
population,29,carpet,1,5034,0.2336767315864563,0.24866020679473877,-8.71369743347168,0.0068913353607058525,137.2272491455078,-7.0,7.0,8.915472984313965,0.9884354472160339,3.2876155376434326,-1.0786161422729492,1229
population,29,carpet,2,5034,0.3950539231300354,0.39682650566101074,-9.371719360351562,0.006898463238030672,79.32727813720703,-7.0,7.0,8.983875274658203,0.8228760957717896,2.5104572772979736,-0.8485010266304016,1230
population,29,carpet,3,5034,0.4253658354282379,0.5293802618980408,-9.519402503967285,0.006905598100274801,90.32429504394531,-7.0,7.0,8.825291633605957,0.8511223793029785,2.695639133453369,-0.8221489787101746,1231
population,29,carpet,4,5034,0.1728239506483078,0.225519597530365,-9.400650024414062,0.006912744138389826,80.8111343383789,-7.0,7.0,9.021092414855957,0.8544065356254578,2.6258647441864014,-0.7509332299232483,1232
population,29,carpet,5,5034,0.11985250562429428,0.13233353197574615,-9.109950065612793,0.00691989716142416,44.64109420776367,-7.0,7.0,9.01164436340332,0.7131584286689758,2.1089699268341064,-0.5955773591995239,1233
population,29,carpet,6,5034,0.22869761288166046,0.23934051394462585,-8.830792427062988,0.006927058100700378,33.46827697753906,-7.0,7.0,9.150619506835938,0.7345163822174072,2.1000001430511475,-0.5533372163772583,1234
population,29,carpet,7,5034,0.25533509254455566,0.3275154232978821,-8.559782981872559,0.0069342260248959064,23.243627548217773,-7.0,7.0,8.925731658935547,0.7096967101097107,1.8074111938476562,-0.46770206093788147,1235
population,29,carpet,8,5034,0.15633895993232727,0.18929463624954224,-8.862421035766602,0.006941401865333319,8.792015075683594,-7.0,7.0,9.035928726196289,0.8331078290939331,1.7611626386642456,-0.4340342879295349,1236
population,29,carpet,9,5034,0.0923210009932518,0.10555949807167053,-9.564749717712402,0.006948587950319052,5.386792182922363,-7.0,7.0,9.302653312683105,0.9982842206954956,1.6901034116744995,-0.40492430329322815,1237
population,29,carpet,10,5034,0.30071258544921875,0.34338000416755676,-9.560290336608887,0.006955781485885382,11.791244506835938,-7.0,7.0,9.02012825012207,1.0464895963668823,1.7720369100570679,-0.41039568185806274,1238
population,29,carpet,11,5034,0.20852118730545044,0.2698443531990051,-9.540688514709473,0.006962766870856285,3.4738917350769043,-7.0,7.0,8.983386993408203,0.5628746747970581,1.5998386144638062,-0.40278154611587524,1239
population,29,carpet,12,5034,0.09166430681943893,0.15530791878700256,-9.330012321472168,0.006969692651182413,4.346103668212891,-7.0,7.0,9.101618766784668,0.7683072090148926,1.5285176038742065,-0.40025538206100464,1240
population,29,carpet,13,5034,0.15124261379241943,0.11712425202131271,-9.027634620666504,0.00697627617046237,2.3317196369171143,-7.0,7.0,9.265547752380371,0.7720990777015686,1.5729509592056274,-0.43401581048965454,1241
population,29,carpet,14,5034,0.3717922568321228,0.34488654136657715,-8.705541610717773,0.006982349790632725,0.966181755065918,-7.0,7.0,9.089786529541016,0.9536731839179993,1.5125741958618164,-0.44037988781929016,1242
population,29,carpet,15,5034,0.11346849799156189,0.17148518562316895,-9.029457092285156,0.006987645756453276,-1.2331334352493286,-7.0,7.0,9.206003189086914,0.8292994499206543,1.5115383863449097,-0.4501055181026459,1243
population,29,carpet,16,5034,0.09942927211523056,0.09255415946245193,-9.20324420928955,0.00699301203712821,4.081930160522461,-7.0,7.0,9.189058303833008,0.7579339146614075,1.567733883857727,-0.4725518822669983,1244
population,29,carpet,17,5034,0.11363641172647476,0.09963655471801758,-9.542501449584961,0.006998572964221239,5.945918560028076,-7.0,7.0,9.328659057617188,0.9675577878952026,1.5123010873794556,-0.4946361184120178,1245
population,29,carpet,18,5034,0.12176085263490677,0.17050032317638397,-9.753335952758789,0.007003948092460632,2.490896701812744,-7.0,7.0,9.284193992614746,0.8077107071876526,1.4668649435043335,-0.496564656496048,1246
population,29,carpet,19,5034,0.09372963756322861,0.14004576206207275,-9.498916625976562,0.007009517401456833,11.504456520080566,-7.0,7.0,9.117890357971191,0.7233923077583313,1.5746612548828125,-0.528925359249115,1247
population,29,carpet,20,5034,0.10319941490888596,0.07582546770572662,-9.21260929107666,0.0070152622647583485,16.147947311401367,-7.0,7.0,9.23200798034668,0.9699939489364624,1.6299089193344116,-0.5594372153282166,1248
population,29,carpet,21,5034,0.18851852416992188,0.16339439153671265,-8.915508270263672,0.007021165452897549,6.499480247497559,-7.0,7.0,9.089797973632812,0.6055400371551514,1.591322898864746,-0.5434468388557434,1249
population,29,carpet,22,5034,0.12744355201721191,0.1522396355867386,-9.091019630432129,0.007027211133390665,15.732093811035156,-7.0,7.0,9.1334228515625,0.9058589935302734,1.6638456583023071,-0.5990194082260132,1250
population,29,carpet,23,5034,0.035505086183547974,0.04459252581000328,-9.229852676391602,0.007033385802060366,12.327815055847168,-7.0,7.0,9.048565864562988,0.6265618205070496,1.6860488653182983,-0.5882378220558167,1251
population,29,carpet,24,5034,0.15780113637447357,0.14669473469257355,-9.497627258300781,0.007039680611342192,13.857711791992188,-7.0,7.0,9.109882354736328,0.8159964680671692,1.6988933086395264,-0.6104711890220642,1252
population,29,carpet,25,5034,0.11727987229824066,0.11357106268405914,-9.873329162597656,0.007046081591397524,24.676494598388672,-7.0,7.0,9.452446937561035,1.0844168663024902,1.8086708784103394,-0.6739234924316406,1253
population,29,carpet,26,5034,0.0946304053068161,0.10161364823579788,-9.45227336883545,0.007052578963339329,18.841516494750977,-7.0,7.0,9.250407218933105,0.7087451219558716,1.762868881225586,-0.6627988815307617,1254
population,29,carpet,27,5034,0.05759076774120331,0.06498628109693527,-9.315043449401855,0.00705916341394186,15.420040130615234,-7.0,7.0,9.219505310058594,0.6155811548233032,1.6711161136627197,-0.6207175850868225,1255
population,29,carpet,28,5034,0.09340593963861465,0.07220462709665298,-8.825785636901855,0.0070658279582858086,16.950143814086914,-7.0,7.0,8.76567554473877,0.5095734000205994,1.6742628812789917,-0.609005868434906,1256
population,29,carpet,29,5034,0.07906992733478546,0.10679509490728378,-9.1021089553833,0.0070725660771131516,11.735735893249512,-7.0,7.0,9.221662521362305,0.7452730536460876,1.6293294429779053,-0.6003937125205994,1257
population,29,carpet,30,5034,0.06916595995426178,0.11810620129108429,-9.32823371887207,0.007079371716827154,5.191961765289307,-7.0,7.0,9.37784194946289,1.0840328931808472,1.5609931945800781,-0.5806072950363159,1258
population,29,carpet,31,5034,0.07412783056497574,0.05272790417075157,-9.327845573425293,0.007086234632879496,7.345856189727783,-7.0,7.0,9.123741149902344,0.6403997540473938,1.5546749830245972,-0.5742379426956177,1259
population,29,carpet,32,5034,0.06148834154009819,0.07909321784973145,-9.727746963500977,0.007093131076544523,4.795945167541504,-7.0,7.0,9.456496238708496,0.8576446771621704,1.495331048965454,-0.5479297637939453,1260
population,29,carpet,33,5034,0.06440587341785431,0.11060914397239685,-9.6909818649292,0.0071000815369188786,9.734642028808594,-7.0,7.0,9.354238510131836,0.8045634627342224,1.5731611251831055,-0.5067214369773865,1261
population,29,carpet,34,5034,0.06547625362873077,0.08513501286506653,-9.475041389465332,0.007105626165866852,-4.8118743896484375,-7.0,7.0,9.196599006652832,0.8008754253387451,1.3284820318222046,-0.4850333631038666,1262
population,29,carpet,35,5034,0.07529507577419281,0.10044071823358536,-9.610808372497559,0.007111354265362024,6.1273040771484375,-7.0,7.0,9.594746589660645,1.1657440662384033,1.463010549545288,-0.48064231872558594,1263
population,29,carpet,36,5034,0.047670118510723114,0.07025749981403351,-9.354135513305664,0.0071157775819301605,-9.77389907836914,-7.0,7.0,9.266737937927246,0.8978065252304077,1.3448829650878906,-0.45862793922424316,1264
population,29,carpet,37,5034,0.06052117422223091,0.06541185081005096,-9.375421524047852,0.0071190218441188335,-14.195595741271973,-7.0,7.0,9.246474266052246,0.6517212986946106,1.2667118310928345,-0.4316885769367218,1265
population,29,carpet,38,5034,0.05517324060201645,0.05279693752527237,-9.570307731628418,0.007121201604604721,-12.808456420898438,-7.0,7.0,9.312833786010742,0.7800031900405884,1.2096327543258667,-0.43833157420158386,1266
population,29,carpet,39,5034,0.051244430243968964,0.046717602759599686,-9.321695327758789,0.00712249893695116,-4.45654821395874,-7.0,7.0,9.082476615905762,0.4973047077655792,1.36658775806427,-0.44455191493034363,1267
population,29,carpet,40,5034,0.05403837561607361,0.07385185360908508,-9.427241325378418,0.007122926879674196,-17.308353424072266,-7.0,7.0,9.042119026184082,0.6849204301834106,1.1793657541275024,-0.44677871465682983,1268
population,29,carpet,41,5034,0.04244713485240936,0.046447426080703735,-9.578042984008789,0.007122573908418417,-7.585214614868164,-7.0,7.0,9.276678085327148,0.7376598119735718,1.3128098249435425,-0.4761933386325836,1269
population,29,carpet,42,5034,0.03091077320277691,0.0370929017663002,-9.620726585388184,0.007122156210243702,-0.6707844734191895,-7.0,7.0,9.245601654052734,0.482075035572052,1.427968144416809,-0.5080193877220154,1270
population,29,carpet,43,5034,0.03255181014537811,0.041532088071107864,-9.547832489013672,0.007122183218598366,2.6970529556274414,-7.0,7.0,9.22197151184082,0.48911532759666443,1.5048810243606567,-0.5540333390235901,1271
population,29,carpet,44,5034,0.04069123417139053,0.05672546103596687,-9.421834945678711,0.007122947368770838,7.699854850769043,-7.0,7.0,9.097771644592285,0.44962918758392334,1.492544412612915,-0.5589689612388611,1272
population,29,carpet,45,5034,0.07657428830862045,0.09342880547046661,-9.708512306213379,0.007124374154955149,6.901083469390869,-7.0,7.0,9.628242492675781,0.9308285117149353,1.5650378465652466,-0.5877426862716675,1273
population,29,carpet,46,5034,0.02380199171602726,0.027993658557534218,-9.526113510131836,0.007126398850232363,15.483575820922852,-7.0,7.0,9.281458854675293,0.6057502627372742,1.599406123161316,-0.6120229363441467,1274
population,29,carpet,47,5034,0.07337985932826996,0.09693699330091476,-9.932454109191895,0.0071289618499577045,18.650867462158203,-7.0,7.0,9.595080375671387,0.9959732890129089,1.7576133012771606,-0.6429783701896667,1275
population,29,carpet,48,5034,0.03572329506278038,0.051365941762924194,-9.508587837219238,0.007132011465728283,33.266807556152344,-7.0,7.0,9.210000038146973,0.8001219034194946,1.898764967918396,-0.6352280378341675,1276
population,29,carpet,49,5034,0.07958967983722687,0.07645899057388306,-10.037389755249023,0.007135498337447643,27.12458610534668,-7.0,7.0,9.57514762878418,0.7251074314117432,1.8574247360229492,-0.6712259650230408,1277
population,29,carpet,50,5034,0.039790377020835876,0.042709313333034515,-9.690794944763184,0.007139378227293491,15.926542282104492,-7.0,7.0,9.476339340209961,1.0089632272720337,1.6200721263885498,-0.6553454399108887,1278
individual,30,carpet,1,5209,0.08001991361379623,0.1350717842578888,-10.006956100463867,0.0060302335768938065,5.827013969421387,-7.0,7.0,9.67451286315918,1.0586785078048706,1.3690540790557861,-0.6118302345275879,1279
individual,30,carpet,2,5209,0.22684890031814575,0.35818853974342346,-8.893218040466309,0.0060340934433043,1.5625160932540894,-7.0,7.0,9.205474853515625,0.5707176923751831,1.38236403465271,-0.6225343346595764,1280
individual,30,carpet,3,5209,0.10667868703603745,0.23706643283367157,-9.116039276123047,0.006037452258169651,-0.9761509895324707,-7.0,7.0,9.315008163452148,0.7456628680229187,1.3267017602920532,-0.6240076422691345,1281
individual,30,carpet,4,5209,0.12236211448907852,0.05766256898641586,-9.511846542358398,0.006041106767952442,5.20097541809082,-7.0,7.0,8.990979194641113,0.5159223675727844,1.369452714920044,-0.6480951309204102,1282
individual,30,carpet,5,5209,0.12967731058597565,0.3312144875526428,-9.873445510864258,0.006044728681445122,2.6714818477630615,-7.0,7.0,9.374205589294434,1.0221149921417236,1.3405930995941162,-0.6355308890342712,1283
individual,30,carpet,6,5209,0.06161108613014221,0.07578811794519424,-9.553326606750488,0.006048623938113451,5.816251277923584,-7.0,7.0,9.370125770568848,1.0905430316925049,1.4366391897201538,-0.6636424660682678,1284
individual,30,carpet,7,5209,0.1730061024427414,0.2562018632888794,-8.958706855773926,0.006052207201719284,0.5866484642028809,-7.0,7.0,9.256415367126465,0.6826876997947693,1.2730181217193604,-0.6360089182853699,1285
individual,30,carpet,8,5209,0.08080068230628967,0.23407834768295288,-9.30458927154541,0.006055882200598717,3.609147071838379,-7.0,7.0,9.502898216247559,1.0024495124816895,1.4184045791625977,-0.675536572933197,1286
individual,30,carpet,9,5209,0.19800180196762085,0.10679731518030167,-9.522403717041016,0.00605957955121994,3.1020851135253906,-7.0,7.0,9.0692777633667,0.4494033455848694,1.408569097518921,-0.6968050599098206,1287
individual,30,carpet,10,5209,0.08419140428304672,0.14117708802223206,-9.908670425415039,0.006063406355679035,4.011651039123535,-7.0,7.0,9.491394996643066,1.4156502485275269,1.382141351699829,-0.6533511281013489,1288
individual,30,carpet,11,5209,0.08703884482383728,0.09289999306201935,-9.342609405517578,0.006066518370062113,-2.709005355834961,-7.0,7.0,9.367842674255371,0.9304602742195129,1.317919373512268,-0.641179084777832,1289
individual,30,carpet,12,5209,0.1492166966199875,0.1639053374528885,-9.28204345703125,0.0060699558816850185,6.50868558883667,-7.0,7.0,9.456087112426758,0.8507238626480103,1.399857521057129,-0.6507402062416077,1290
individual,30,carpet,13,5209,0.038907092064619064,0.17780590057373047,-9.562573432922363,0.006073487922549248,3.5046520233154297,-7.0,7.0,9.678719520568848,1.2051301002502441,1.368254542350769,-0.6444283127784729,1291
individual,30,carpet,14,5209,0.16799017786979675,0.07472153753042221,-9.790213584899902,0.006076483055949211,-1.5110547542572021,-7.0,7.0,9.49262523651123,1.0791383981704712,1.3539174795150757,-0.6224462389945984,1292
individual,30,carpet,15,5209,0.06859706342220306,0.16105040907859802,-9.784335136413574,0.006079456768929958,2.2104930877685547,-7.0,7.0,9.370750427246094,0.8498485088348389,1.3513277769088745,-0.6374754905700684,1293
individual,30,carpet,16,5209,0.050562843680381775,0.15080855786800385,-9.357939720153809,0.006081497762352228,-9.387433052062988,-7.0,7.0,9.151695251464844,0.44482386112213135,1.211656928062439,-0.590830385684967,1294
individual,30,carpet,17,5209,0.14550144970417023,0.14910559356212616,-9.672178268432617,0.006082695443183184,-10.032842636108398,-7.0,7.0,9.899685859680176,1.507011890411377,1.1930640935897827,-0.5993650555610657,1295
individual,30,carpet,18,5209,0.02807331643998623,0.17410992085933685,-9.365735054016113,0.006084102671593428,2.6257855892181396,-7.0,7.0,9.43475341796875,0.8005697131156921,1.34023916721344,-0.6213938593864441,1296
individual,30,carpet,19,5209,0.09095559269189835,0.084227554500103,-9.732704162597656,0.006084966938942671,-3.211963653564453,-7.0,7.0,9.64145278930664,1.1364662647247314,1.2892208099365234,-0.610833466053009,1297
individual,30,carpet,20,5209,0.08495648205280304,0.2217254638671875,-9.847423553466797,0.006085878238081932,1.0488982200622559,-7.0,7.0,9.343208312988281,0.5432060956954956,1.3864209651947021,-0.6324091553688049,1298
individual,30,carpet,21,5209,0.040946364402770996,0.1669778674840927,-9.72055721282959,0.006086348555982113,-2.8027186393737793,-7.0,7.0,9.620003700256348,1.0414131879806519,1.3387696743011475,-0.6361373662948608,1299
individual,30,carpet,22,5209,0.09726476669311523,0.09319852292537689,-9.180578231811523,0.006086624227464199,-1.1610829830169678,-7.0,7.0,9.209691047668457,0.5424644351005554,1.3423945903778076,-0.6383035778999329,1300
individual,30,carpet,23,5209,0.08928623050451279,0.31136199831962585,-9.087108612060547,0.006087091285735369,1.7454724311828613,-7.0,7.0,9.296878814697266,0.4649813771247864,1.3758182525634766,-0.6546149253845215,1301
individual,30,carpet,24,5209,0.09469214081764221,0.08271317929029465,-9.502277374267578,0.006088153924793005,15.296728134155273,-7.0,7.0,9.334453582763672,0.8200351595878601,1.5284003019332886,-0.6708986163139343,1302
individual,30,carpet,25,5209,0.13118769228458405,0.22002343833446503,-10.061572074890137,0.006088798400014639,-2.477296829223633,-7.0,7.0,9.604344367980957,1.2768265008926392,1.345832109451294,-0.6606868505477905,1303
individual,30,carpet,26,5209,0.056712545454502106,0.269114226102829,-9.555484771728516,0.006089924834668636,4.335667610168457,-7.0,7.0,9.507530212402344,0.8263142704963684,1.31688392162323,-0.6819907426834106,1304
individual,30,carpet,27,5209,0.09264527261257172,0.06817492842674255,-9.600646018981934,0.006091080605983734,1.1171847581863403,-7.0,7.0,9.652676582336426,0.8703213930130005,1.3995314836502075,-0.6866180300712585,1305
individual,30,carpet,28,5209,0.02529476024210453,0.13529832661151886,-9.311959266662598,0.00609276257455349,8.496081352233887,-7.0,7.0,9.443984985351562,0.7345478534698486,1.4135547876358032,-0.6941543221473694,1306
individual,30,carpet,29,5209,0.08754374831914902,0.12984494864940643,-9.529501914978027,0.0060949185863137245,8.491118431091309,-7.0,7.0,9.599209785461426,1.002405047416687,1.4044562578201294,-0.6686639785766602,1307
individual,30,carpet,30,5209,0.050862956792116165,0.059703633189201355,-9.802118301391602,0.006097500212490559,8.986879348754883,-7.0,7.0,9.486974716186523,0.9576082229614258,1.4403932094573975,-0.685880720615387,1308
individual,30,carpet,31,5209,0.058932799845933914,0.14226844906806946,-9.489253997802734,0.006100466474890709,11.806026458740234,-7.0,7.0,9.482904434204102,0.5385029911994934,1.4576842784881592,-0.7060902714729309,1309
individual,30,carpet,32,5209,0.04705656319856644,0.05402769148349762,-9.248594284057617,0.006103780586272478,18.459569931030273,-7.0,7.0,9.280587196350098,0.47319716215133667,1.5180593729019165,-0.7035501599311829,1310
individual,30,carpet,33,5209,0.0349273607134819,0.13664959371089935,-9.5887451171875,0.006107408087700605,12.582833290100098,-7.0,7.0,9.692194938659668,1.1494096517562866,1.5634506940841675,-0.7185515761375427,1311
individual,30,carpet,34,5209,0.10912682116031647,0.08891533315181732,-9.500014305114746,0.006111317779868841,7.144301891326904,-7.0,7.0,9.366440773010254,0.8464298248291016,1.4973423480987549,-0.6958256363868713,1312
individual,30,carpet,35,5209,0.054844751954078674,0.062159549444913864,-9.596122741699219,0.006115483585745096,10.091865539550781,-7.0,7.0,9.457508087158203,1.1208391189575195,1.3966857194900513,-0.6797822117805481,1313
individual,30,carpet,36,5209,0.14198823273181915,0.08584141731262207,-9.686409950256348,0.006119876634329557,8.06724739074707,-7.0,7.0,9.818134307861328,0.8248763680458069,1.460868239402771,-0.6809121966362,1314
individual,30,carpet,37,5209,0.023404492065310478,0.04420407488942146,-9.704819679260254,0.006124477367848158,6.604884624481201,-7.0,7.0,9.461974143981934,0.8043289184570312,1.3791648149490356,-0.6868993043899536,1315
individual,30,carpet,38,5209,0.10459087789058685,0.05353264883160591,-10.051274299621582,0.006129265762865543,11.371466636657715,-7.0,7.0,9.781929016113281,1.243862271308899,1.542755126953125,-0.6810733675956726,1316
individual,30,carpet,39,5209,0.0500992015004158,0.07086307555437088,-9.753018379211426,0.0061342245899140835,12.061135292053223,-7.0,7.0,9.567483901977539,0.8916285037994385,1.5751491785049438,-0.6781211495399475,1317
individual,30,carpet,40,5209,0.08677984774112701,0.03862461447715759,-9.766765594482422,0.006139117293059826,3.335956335067749,-7.0,7.0,9.857460975646973,1.2533196210861206,1.3946446180343628,-0.6469545364379883,1318
individual,30,carpet,41,5209,0.07571642845869064,0.044741686433553696,-9.365921020507812,0.006144057493656874,4.193371772766113,-7.0,7.0,9.272343635559082,0.42064955830574036,1.3865550756454468,-0.6342348456382751,1319
individual,30,carpet,42,5209,0.08063897490501404,0.06308789551258087,-10.39014720916748,0.006149154622107744,7.487104415893555,-7.0,7.0,10.17257022857666,1.428552269935608,1.4886820316314697,-0.6681883931159973,1320
individual,30,carpet,43,5209,0.08761213719844818,0.05307375639677048,-9.901509284973145,0.006154015194624662,2.1155271530151367,-7.0,7.0,9.561495780944824,0.7117748856544495,1.4800965785980225,-0.631493866443634,1321
individual,30,carpet,44,5209,0.023937467485666275,0.030979158356785774,-10.08767032623291,0.006158726755529642,2.589193344116211,-7.0,7.0,9.878888130187988,1.400020956993103,1.3928340673446655,-0.6145467162132263,1322
individual,30,carpet,45,5209,0.11074510216712952,0.08284471184015274,-9.647226333618164,0.006162757053971291,-1.6793859004974365,-7.0,7.0,9.677963256835938,0.766135036945343,1.3934977054595947,-0.5665677785873413,1323
individual,30,carpet,46,5209,0.03734936937689781,0.0346749983727932,-9.775409698486328,0.006166304927319288,-0.6569722890853882,-7.0,7.0,9.71164321899414,1.0971871614456177,1.4157187938690186,-0.6354127526283264,1324
individual,30,carpet,47,5209,0.08448652178049088,0.10047923773527145,-10.129164695739746,0.006170025561004877,4.089993953704834,-7.0,7.0,9.74482250213623,0.9635661244392395,1.4003620147705078,-0.6027247309684753,1325
individual,30,carpet,48,5209,0.0674261599779129,0.024524210020899773,-9.943587303161621,0.006173580884933472,1.586158275604248,-7.0,7.0,9.572921752929688,0.9776959419250488,1.4239656925201416,-0.5822781920433044,1326
individual,30,carpet,49,5209,0.09376098960638046,0.0783347561955452,-9.961146354675293,0.006176139693707228,-5.011865615844727,-7.0,7.0,10.058818817138672,1.3960882425308228,1.2626047134399414,-0.5965281128883362,1327
individual,30,carpet,50,5209,0.07716087996959686,0.03897496312856674,-9.717424392700195,0.006177921313792467,-4.07665491104126,-7.0,7.0,9.711008071899414,0.8880869746208191,1.3276890516281128,-0.6123828291893005,1328
population,30,carpet,1,5209,0.040178511291742325,0.04007939249277115,-9.637655258178711,0.00714361434802413,26.537687301635742,-7.0,7.0,9.450998306274414,0.7977377772331238,1.7840520143508911,-0.6892185807228088,1279
population,30,carpet,2,5209,0.0431218259036541,0.057861581444740295,-9.331339836120605,0.0071481699123978615,23.771276473999023,-7.0,7.0,9.291601181030273,0.7204250693321228,1.7424439191818237,-0.6783340573310852,1280
population,30,carpet,3,5209,0.07466617226600647,0.057987142354249954,-9.67849063873291,0.0071530151180922985,11.348308563232422,-7.0,7.0,9.662930488586426,1.0926662683486938,1.5862839221954346,-0.6159511208534241,1281
population,30,carpet,4,5209,0.06558699905872345,0.07066687196493149,-9.69042682647705,0.007158122956752777,9.143474578857422,-7.0,7.0,9.44442367553711,1.0216782093048096,1.5858850479125977,-0.5969958901405334,1282
population,30,carpet,5,5209,0.0465775690972805,0.061116233468055725,-9.947250366210938,0.007163466885685921,9.823057174682617,-7.0,7.0,9.512663841247559,0.904219388961792,1.6402361392974854,-0.5910969376564026,1283
population,30,carpet,6,5209,0.08441295474767685,0.09240659326314926,-9.848810195922852,0.007169023156166077,5.900238513946533,-7.0,7.0,9.403247833251953,0.5837766528129578,1.5563443899154663,-0.570020854473114,1284
population,30,carpet,7,5209,0.07763974368572235,0.10309939831495285,-9.799352645874023,0.007174771744757891,9.71493148803711,-7.0,7.0,9.530824661254883,0.8530133366584778,1.5875529050827026,-0.5792445540428162,1285
population,30,carpet,8,5209,0.028911661356687546,0.03779153525829315,-9.611875534057617,0.007180484011769295,3.531909465789795,-7.0,7.0,9.530786514282227,0.9692156314849854,1.5229623317718506,-0.5659330487251282,1286
population,30,carpet,9,5209,0.04828113317489624,0.049923960119485855,-9.577797889709473,0.007186375558376312,6.692352294921875,-7.0,7.0,9.552842140197754,0.8533483147621155,1.4783108234405518,-0.5431303977966309,1287
population,30,carpet,10,5209,0.04898694157600403,0.04000922292470932,-9.729949951171875,0.007191747426986694,0.40311145782470703,-7.0,7.0,9.675626754760742,0.922590434551239,1.4048055410385132,-0.5553907155990601,1288
population,30,carpet,11,5209,0.06949832290410995,0.0929044708609581,-9.904886245727539,0.007196234073489904,-2.3220529556274414,-7.0,7.0,9.609107971191406,1.029491901397705,1.4153856039047241,-0.5374622941017151,1289
population,30,carpet,12,5209,0.1064901202917099,0.12384934723377228,-9.955761909484863,0.0072007994167506695,3.4404101371765137,-7.0,7.0,9.465140342712402,0.8051490187644958,1.4773619174957275,-0.5807925462722778,1290
population,30,carpet,13,5209,0.07995249330997467,0.0912531316280365,-9.864969253540039,0.0072056595236063,15.349868774414062,-7.0,7.0,9.439958572387695,0.6463503241539001,1.6679641008377075,-0.6163445711135864,1291
population,30,carpet,14,5209,0.043617404997348785,0.0403938926756382,-9.857415199279785,0.007210784591734409,15.270111083984375,-7.0,7.0,9.68405532836914,0.8631436824798584,1.6771491765975952,-0.6167760491371155,1292
population,30,carpet,15,5209,0.10232686996459961,0.09922432154417038,-9.782570838928223,0.007216150406748056,11.117148399353027,-7.0,7.0,9.77830696105957,1.0960718393325806,1.5784982442855835,-0.6192147135734558,1293
population,30,carpet,16,5209,0.0895250141620636,0.0911240205168724,-9.561077117919922,0.007221733685582876,27.69153594970703,-7.0,7.0,9.456521034240723,0.690756618976593,1.8096778392791748,-0.6671188473701477,1294
population,30,carpet,17,5209,0.061745669692754745,0.06418823450803757,-9.916296005249023,0.0072275144048035145,17.882184982299805,-7.0,7.0,9.766275405883789,0.9744923114776611,1.7118815183639526,-0.6546424031257629,1295
population,30,carpet,18,5209,0.08227614313364029,0.0759185254573822,-9.903725624084473,0.00723347207531333,13.430706024169922,-7.0,7.0,9.552030563354492,0.6867437958717346,1.6083052158355713,-0.6524022221565247,1296
population,30,carpet,19,5209,0.08100402355194092,0.09533275663852692,-10.30377197265625,0.007239589933305979,26.271808624267578,-7.0,7.0,10.018780708312988,1.1257411241531372,1.8309574127197266,-0.6862500309944153,1297
population,30,carpet,20,5209,0.028912242501974106,0.02654283493757248,-10.086544036865234,0.007245854940265417,37.78067398071289,-7.0,7.0,9.756928443908691,0.8157277703285217,2.0156426429748535,-0.7159176468849182,1298
population,30,carpet,21,5209,0.03584937006235123,0.03616137430071831,-9.77171516418457,0.007252249401062727,26.64179801940918,-7.0,7.0,9.465926170349121,0.5900928974151611,1.8681440353393555,-0.7042113542556763,1299
population,30,carpet,22,5209,0.07826187461614609,0.0817658081650734,-9.769166946411133,0.007258764002472162,27.3289794921875,-7.0,7.0,9.70980453491211,1.0384622812271118,1.8359310626983643,-0.6872950792312622,1300
population,30,carpet,23,5209,0.09714891016483307,0.08485332876443863,-9.618539810180664,0.007265388499945402,23.686582565307617,-7.0,7.0,9.635702133178711,0.7493259906768799,1.88487708568573,-0.6692258715629578,1301
population,30,carpet,24,5209,0.05381600186228752,0.07588968425989151,-9.843875885009766,0.0072721089236438274,24.654624938964844,-7.0,7.0,9.566588401794434,0.8750670552253723,1.8478953838348389,-0.6714131236076355,1302
population,30,carpet,25,5209,0.04831657186150551,0.0479908287525177,-9.901261329650879,0.007278919219970703,36.91911315917969,-7.0,7.0,9.541057586669922,0.6542838215827942,1.9789063930511475,-0.6769511103630066,1303
population,30,carpet,26,5209,0.08804139494895935,0.09879991412162781,-10.117980003356934,0.007285811938345432,29.31226921081543,-7.0,7.0,9.805976867675781,1.0405749082565308,1.8197087049484253,-0.6574997305870056,1304
population,30,carpet,27,5209,0.04918405041098595,0.06549843400716782,-10.060811042785645,0.007292777765542269,25.623180389404297,-7.0,7.0,9.706113815307617,1.0109045505523682,1.8103886842727661,-0.6589846014976501,1305
population,30,carpet,28,5209,0.07675337791442871,0.06236334145069122,-9.846866607666016,0.007299808785319328,19.81753921508789,-7.0,7.0,9.832141876220703,0.6546403169631958,1.705379605293274,-0.6167291402816772,1306
population,30,carpet,29,5209,0.03317888826131821,0.03605476766824722,-9.747035026550293,0.007306902669370174,14.78834342956543,-7.0,7.0,9.713329315185547,0.6315670013427734,1.7058219909667969,-0.5735048651695251,1307
population,30,carpet,30,5209,0.04452529549598694,0.03709617257118225,-9.577082633972168,0.0073140524327754974,14.104528427124023,-7.0,7.0,9.328348159790039,0.4489974081516266,1.7196983098983765,-0.5535020232200623,1308
population,30,carpet,31,5209,0.03774167597293854,0.03689415752887726,-10.040024757385254,0.007321254350244999,20.80878448486328,-7.0,7.0,9.7874116897583,0.7445322871208191,1.800313949584961,-0.5337591767311096,1309
population,30,carpet,32,5209,0.0447947233915329,0.06366375833749771,-10.173601150512695,0.007328501902520657,14.11673355102539,-7.0,7.0,9.950295448303223,1.1473623514175415,1.719387412071228,-0.5220288038253784,1310
population,30,carpet,33,5209,0.02527698501944542,0.03261377289891243,-9.978045463562012,0.007335413713008165,2.4488842487335205,-7.0,7.0,9.656859397888184,0.6672277450561523,1.5614253282546997,-0.5019994974136353,1311
population,30,carpet,34,5209,0.03262314572930336,0.03289651870727539,-10.142586708068848,0.00734240235760808,14.820831298828125,-7.0,7.0,9.981302261352539,0.8890354633331299,1.657025694847107,-0.4831487238407135,1312
population,30,carpet,35,5209,0.06188385188579559,0.04273232817649841,-9.909838676452637,0.007349460385739803,21.0003719329834,-7.0,7.0,9.823041915893555,0.8160492181777954,1.7774354219436646,-0.4645521640777588,1313
population,30,carpet,36,5209,0.03060390055179596,0.02986445650458336,-10.086740493774414,0.007356585003435612,6.341136932373047,-7.0,7.0,9.829059600830078,0.8529324531555176,1.6120024919509888,-0.48910921812057495,1314
population,30,carpet,37,5209,0.06278550624847412,0.06749920547008514,-10.298087120056152,0.007363765500485897,11.610678672790527,-7.0,7.0,10.066658020019531,1.1818373203277588,1.7009280920028687,-0.4652388095855713,1315
population,30,carpet,38,5209,0.028354374691843987,0.0265774168074131,-10.198512077331543,0.0073709990829229355,4.94146728515625,-7.0,7.0,9.905230522155762,1.0050570964813232,1.5654946565628052,-0.5019719004631042,1316
population,30,carpet,39,5209,0.0324527807533741,0.031686194241046906,-9.99652099609375,0.007378281559795141,13.152275085449219,-7.0,7.0,9.719036102294922,0.6340801119804382,1.6686646938323975,-0.5001189112663269,1317
population,30,carpet,40,5209,0.05511419475078583,0.037628740072250366,-9.925395965576172,0.00738561013713479,5.204183578491211,-7.0,7.0,9.848578453063965,0.7083173394203186,1.5166823863983154,-0.52142733335495,1318
population,30,carpet,41,5209,0.03482374548912048,0.03996579349040985,-9.773781776428223,0.0073929778300225735,16.1862735748291,-7.0,7.0,9.618340492248535,0.6271152496337891,1.7532293796539307,-0.5417174696922302,1319
population,30,carpet,42,5209,0.042005639523267746,0.053058888763189316,-9.931779861450195,0.00740038463845849,14.628652572631836,-7.0,7.0,9.683828353881836,0.5692604780197144,1.7252180576324463,-0.5981011986732483,1320
population,30,carpet,43,5209,0.029705572873353958,0.03595200553536415,-9.950200080871582,0.00740782730281353,17.442522048950195,-7.0,7.0,9.579105377197266,0.5880674719810486,1.7149311304092407,-0.6013737320899963,1321
population,30,carpet,44,5209,0.044258639216423035,0.037897273898124695,-10.303959846496582,0.0074153016321361065,29.415023803710938,-7.0,7.0,9.858831405639648,0.8053967356681824,1.9152352809906006,-0.6191328763961792,1322
population,30,carpet,45,5209,0.034730881452560425,0.03921649232506752,-10.10372257232666,0.007422805298119783,16.317380905151367,-7.0,7.0,9.735462188720703,0.506066620349884,1.6921148300170898,-0.6533887982368469,1323
population,30,carpet,46,5209,0.02711472660303116,0.04347073659300804,-9.906275749206543,0.007430337369441986,23.27131462097168,-7.0,7.0,9.63477897644043,0.44583436846733093,1.6888264417648315,-0.6759025454521179,1324
population,30,carpet,47,5209,0.06350336223840714,0.04583312198519707,-9.87191104888916,0.007437895052134991,28.083816528320312,-7.0,7.0,9.716273307800293,0.6215104460716248,1.8800691366195679,-0.6703901886940002,1325
population,30,carpet,48,5209,0.06533180922269821,0.09293386340141296,-10.13772964477539,0.007445474620908499,31.952388763427734,-7.0,7.0,10.120898246765137,0.9251605868339539,1.828339695930481,-0.6862670183181763,1326
population,30,carpet,49,5209,0.022817276418209076,0.03093535825610161,-10.062627792358398,0.00745307607576251,36.81453323364258,-7.0,7.0,9.811544418334961,0.7280545234680176,2.0005128383636475,-0.7217918038368225,1327
population,30,carpet,50,5209,0.1140594407916069,0.13505996763706207,-10.45759105682373,0.007460699416697025,21.581024169921875,-7.0,7.0,10.05385684967041,1.0851789712905884,1.7596513032913208,-0.6835647225379944,1328
