role,episode,terrain,update_in_episode,replay_size,qf1_loss,qf2_loss,policy_loss,alpha,alpha_loss,target_entropy_internal,target_entropy_paper,q_target_mean,q_target_std,policy_mean_abs,policy_log_std_mean,train_update
individual,4,carpet,1,700,0.5444457530975342,0.5449827313423157,-0.048431120812892914,0.009990004822611809,-54.58967208862305,-7.0,7.0,0.7085209488868713,0.20714935660362244,8.239231101470068e-05,-6.469473009929061e-05,1
individual,4,carpet,2,700,0.5737573504447937,0.574374794960022,-0.05119231715798378,0.00998002104461193,-53.616188049316406,-7.0,7.0,0.7340178489685059,0.20683197677135468,0.002503161085769534,-0.00046761715202592313,2
individual,4,carpet,3,700,0.5776035189628601,0.5779352784156799,-0.05774427950382233,0.009970046579837799,-53.57688522338867,-7.0,7.0,0.7389228343963623,0.22263889014720917,0.004353481810539961,-0.0024721932131797075,3
individual,4,carpet,4,700,0.6107048392295837,0.6120916604995728,-0.0672212541103363,0.009960082359611988,-53.03410339355469,-7.0,7.0,0.7860095500946045,0.16910706460475922,0.007459626533091068,-0.005904004443436861,4
individual,4,carpet,5,700,0.5668272972106934,0.5664471983909607,-0.08416523039340973,0.009950127452611923,-53.854671478271484,-7.0,7.0,0.7546098828315735,0.2321329265832901,0.01108703762292862,-0.011555622331798077,5
individual,4,carpet,6,700,0.4750064015388489,0.47592562437057495,-0.1075463742017746,0.009940183721482754,-53.968143463134766,-7.0,7.0,0.7165701985359192,0.21872912347316742,0.017085811123251915,-0.019933681935071945,6
individual,4,carpet,7,700,0.5637841820716858,0.5654712319374084,-0.14429138600826263,0.009930248372256756,-53.911128997802734,-7.0,7.0,0.8220108151435852,0.20917637646198273,0.024133017286658287,-0.03095393069088459,7
individual,4,carpet,8,700,0.35137394070625305,0.3523288369178772,-0.19181783497333527,0.009920324198901653,-54.28752136230469,-7.0,7.0,0.6977658271789551,0.23723271489143372,0.03271687403321266,-0.0452207587659359,8
individual,4,carpet,9,700,0.2506153881549835,0.24880875647068024,-0.266145259141922,0.009910409338772297,-53.57756805419922,-7.0,7.0,0.7046786546707153,0.15366066992282867,0.038100603967905045,-0.05239895358681679,9
individual,4,carpet,10,700,0.18498943746089935,0.18210971355438232,-0.36903226375579834,0.009900504723191261,-54.375,-7.0,7.0,0.7107634544372559,0.20366033911705017,0.04062595218420029,-0.054427146911621094,10
individual,4,carpet,11,700,0.08549214154481888,0.08480584621429443,-0.5026227235794067,0.009890610352158546,-54.08623123168945,-7.0,7.0,0.7067520618438721,0.16681084036827087,0.04094187170267105,-0.051830414682626724,11
individual,4,carpet,12,700,0.05870722234249115,0.06173940747976303,-0.6904306411743164,0.009880725294351578,-53.95553970336914,-7.0,7.0,0.7312301397323608,0.23860111832618713,0.04304013401269913,-0.0467633381485939,12
individual,4,carpet,13,700,0.09217037260532379,0.09987913072109222,-0.9220070838928223,0.00987085048109293,-54.60332489013672,-7.0,7.0,0.6639735102653503,0.23944835364818573,0.04816107079386711,-0.042078521102666855,13
individual,4,carpet,14,700,0.1748146116733551,0.16705761849880219,-1.0366475582122803,0.009860984981060028,-53.983665466308594,-7.0,7.0,0.7032204866409302,0.2566576600074768,0.06024646759033203,-0.039388857781887054,14
individual,4,carpet,15,700,0.1460121124982834,0.1376296430826187,-1.040764331817627,0.009851129725575447,-54.29891586303711,-7.0,7.0,0.7158912420272827,0.2151511311531067,0.08157624304294586,-0.036245040595531464,15
individual,4,carpet,16,700,0.07509282976388931,0.07032699137926102,-0.9814693331718445,0.009841283783316612,-53.61653137207031,-7.0,7.0,0.7490264177322388,0.1790062040090561,0.11246850341558456,-0.03007846511900425,16
individual,4,carpet,17,700,0.04725433886051178,0.048117730766534805,-0.8949812054634094,0.009831448085606098,-53.170806884765625,-7.0,7.0,0.7684690356254578,0.1896241307258606,0.16278989613056183,-0.021529462188482285,17
individual,4,carpet,18,700,0.03382629528641701,0.030670421198010445,-0.7728179097175598,0.009821622632443905,-54.00825500488281,-7.0,7.0,0.7021516561508179,0.19113300740718842,0.22763636708259583,-0.005666439887136221,18
individual,4,carpet,19,700,0.03956349939107895,0.039489515125751495,-0.7099515199661255,0.009811806492507458,-52.255332946777344,-7.0,7.0,0.673137903213501,0.19389446079730988,0.31851693987846375,0.01284258347004652,19
individual,4,carpet,20,700,0.06664805114269257,0.06424757838249207,-0.6534623503684998,0.009802000597119331,-49.117706298828125,-7.0,7.0,0.7533319592475891,0.23146182298660278,0.4249117076396942,0.03639687970280647,20
individual,4,carpet,21,700,0.06748613715171814,0.06629464775323868,-0.629433274269104,0.009792204014956951,-45.19313430786133,-7.0,7.0,0.7427938580513,0.2076747566461563,0.5738621354103088,0.05970800668001175,21
individual,4,carpet,22,700,0.05251717567443848,0.05088221654295921,-0.6041000485420227,0.009782417677342892,-43.97209930419922,-7.0,7.0,0.6893986463546753,0.19746217131614685,0.7646805644035339,0.07235300540924072,22
individual,4,carpet,23,700,0.06539040803909302,0.0673426166176796,-0.6079835891723633,0.009772640652954578,-37.039649963378906,-7.0,7.0,0.6752466559410095,0.21850326657295227,0.9552555084228516,0.07215529680252075,23
individual,4,carpet,24,700,0.060638025403022766,0.059237465262413025,-0.6130179762840271,0.009762873873114586,-25.34364128112793,-7.0,7.0,0.7306774854660034,0.17643214762210846,1.1783479452133179,0.07243623584508896,24
individual,4,carpet,25,700,0.04839714989066124,0.05093732476234436,-0.6375942230224609,0.00975311640650034,-16.358070373535156,-7.0,7.0,0.6644968390464783,0.228160560131073,1.2446554899215698,0.06529270112514496,25
individual,4,carpet,26,700,0.04808076098561287,0.04564812034368515,-0.690489649772644,0.00974336825311184,-21.432615280151367,-7.0,7.0,0.619579017162323,0.23672683537006378,1.1999588012695312,0.05132849141955376,26
individual,4,carpet,27,700,0.04089130833745003,0.040660981088876724,-0.7421038150787354,0.009733631275594234,-21.805559158325195,-7.0,7.0,0.7223475575447083,0.20204868912696838,1.1223602294921875,0.03200872614979744,27
individual,4,carpet,28,700,0.048818040639162064,0.04945756494998932,-0.7874783277511597,0.009723902679979801,-24.578250885009766,-7.0,7.0,0.7035923600196838,0.25616222620010376,1.022308111190796,0.010202117264270782,28
individual,4,carpet,29,700,0.0287979356944561,0.02701832726597786,-0.8597587943077087,0.009714184328913689,-30.8546142578125,-7.0,7.0,0.691887378692627,0.17256693542003632,0.9384976029396057,-0.019918318837881088,29
individual,4,carpet,30,700,0.020832890644669533,0.022109035402536392,-0.918151319026947,0.009704476222395897,-31.564064025878906,-7.0,7.0,0.7622079849243164,0.20022472739219666,0.9060081243515015,-0.054359693080186844,30
individual,4,carpet,31,700,0.05990933999419212,0.06188799813389778,-0.9640232920646667,0.009694776497781277,-31.307476043701172,-7.0,7.0,0.6034752130508423,0.21572495996952057,0.944219172000885,-0.10428570210933685,31
individual,4,carpet,32,700,0.03633396327495575,0.035281188786029816,-0.985540509223938,0.009685087949037552,-21.599613189697266,-7.0,7.0,0.6486645340919495,0.20313258469104767,1.0204018354415894,-0.1660921424627304,32
individual,4,carpet,33,700,0.0771760642528534,0.07533634454011917,-0.9864484071731567,0.009675407782196999,-9.07188606262207,-7.0,7.0,0.6293286681175232,0.2081591933965683,1.112693190574646,-0.23624442517757416,33
individual,4,carpet,34,700,0.04781359061598778,0.044897373765707016,-0.9589669704437256,0.009665737859904766,-4.985002040863037,-7.0,7.0,0.6881251335144043,0.2755254805088043,1.2118148803710938,-0.3039720952510834,34
individual,4,carpet,35,700,0.04993331804871559,0.049316275864839554,-0.9052672386169434,0.009656078182160854,-6.7216362953186035,-7.0,7.0,0.6565608382225037,0.24339430034160614,1.243430256843567,-0.349347859621048,35
population,4,carpet,1,700,0.5967415571212769,0.5972207188606262,-0.0463179349899292,0.009990004822611809,-53.645259857177734,-7.0,7.0,0.7374339699745178,0.230873703956604,8.319270273204893e-05,-7.39855386200361e-05,1
population,4,carpet,2,700,0.5778844952583313,0.5783502459526062,-0.051336854696273804,0.00998002104461193,-53.66395568847656,-7.0,7.0,0.7325924038887024,0.2212194800376892,0.0023609844502061605,-0.00297541287727654,2
population,4,carpet,3,700,0.5003931522369385,0.4999786913394928,-0.058164775371551514,0.009970046579837799,-53.713951110839844,-7.0,7.0,0.6983662843704224,0.17093686759471893,0.004063453059643507,-0.007437656167894602,3
population,4,carpet,4,700,0.5064948201179504,0.5072771310806274,-0.0683717429637909,0.009960082359611988,-53.37913513183594,-7.0,7.0,0.6857722997665405,0.2601606249809265,0.006044777575880289,-0.013819999061524868,4
population,4,carpet,5,700,0.5290346741676331,0.5280603170394897,-0.0856478363275528,0.009950127452611923,-53.95966339111328,-7.0,7.0,0.7425839304924011,0.18395072221755981,0.007962570525705814,-0.023037318140268326,5
population,4,carpet,6,700,0.47380688786506653,0.4701204299926758,-0.1098533645272255,0.009940183721482754,-54.138118743896484,-7.0,7.0,0.7097510099411011,0.23367321491241455,0.010202084667980671,-0.03577334061264992,6
population,4,carpet,7,700,0.4607408344745636,0.4558081328868866,-0.145046666264534,0.009930248372256756,-54.18767547607422,-7.0,7.0,0.749527633190155,0.19970495998859406,0.015095806680619717,-0.051138751208782196,7
population,4,carpet,8,700,0.34253716468811035,0.3343859314918518,-0.19540220499038696,0.009920324198901653,-54.462310791015625,-7.0,7.0,0.6867746710777283,0.23476062715053558,0.020930932834744453,-0.06748016923666,8
population,4,carpet,9,700,0.30790451169013977,0.29665452241897583,-0.26764556765556335,0.009910409338772297,-53.45396423339844,-7.0,7.0,0.7179833650588989,0.24710752069950104,0.024069473147392273,-0.07508337497711182,9
population,4,carpet,10,700,0.18130117654800415,0.17902573943138123,-0.3671445846557617,0.009900504723191261,-54.310386657714844,-7.0,7.0,0.7066816687583923,0.20024141669273376,0.0296799149364233,-0.07872505486011505,10
population,4,carpet,11,700,0.10098640620708466,0.0891432911157608,-0.5084066987037659,0.009890610352158546,-54.228668212890625,-7.0,7.0,0.7244716286659241,0.18318337202072144,0.03800813481211662,-0.0839831680059433,11
population,4,carpet,12,700,0.04400451481342316,0.044075481593608856,-0.6956012845039368,0.009880725294351578,-54.31082534790039,-7.0,7.0,0.6668329238891602,0.20422658324241638,0.04888029769062996,-0.08725141733884811,12
population,4,carpet,13,700,0.03885728120803833,0.04596053063869476,-0.9094242453575134,0.00987085048109293,-53.3120002746582,-7.0,7.0,0.7898720502853394,0.18719767034053802,0.07003792375326157,-0.09193939715623856,13
population,4,carpet,14,700,0.1657719910144806,0.1712208092212677,-1.0891127586364746,0.009860984981060028,-54.001853942871094,-7.0,7.0,0.7336885929107666,0.21708612143993378,0.09688957780599594,-0.09145206958055496,14
population,4,carpet,15,700,0.17407777905464172,0.1732206791639328,-1.1223814487457275,0.009851129725575447,-53.31688690185547,-7.0,7.0,0.723114013671875,0.20193365216255188,0.13683508336544037,-0.0887153148651123,15
population,4,carpet,16,700,0.13272975385189056,0.11861259490251541,-1.0220870971679688,0.009841283783316612,-53.94913864135742,-7.0,7.0,0.7182895541191101,0.2154436558485031,0.18730342388153076,-0.07511955499649048,16
population,4,carpet,17,700,0.040871404111385345,0.0347716361284256,-0.8987282514572144,0.009831448085606098,-52.35456085205078,-7.0,7.0,0.7605103850364685,0.1765000969171524,0.26370787620544434,-0.055871106684207916,17
population,4,carpet,18,700,0.031473975628614426,0.030020032078027725,-0.8127864003181458,0.009821622632443905,-48.17472839355469,-7.0,7.0,0.7195971608161926,0.18280822038650513,0.36570897698402405,-0.023320304229855537,18
population,4,carpet,19,700,0.04891463741660118,0.05070289969444275,-0.7145492434501648,0.009811806492507458,-46.843536376953125,-7.0,7.0,0.753092885017395,0.2351040244102478,0.4795483946800232,0.017783762887120247,19
population,4,carpet,20,700,0.04107571765780449,0.04301257058978081,-0.6492906212806702,0.009802000597119331,-44.41007995605469,-7.0,7.0,0.7143755555152893,0.16862738132476807,0.6284282803535461,0.05683174729347229,20
population,4,carpet,21,700,0.06613275408744812,0.06620696932077408,-0.6028264760971069,0.009792204014956951,-42.62537384033203,-7.0,7.0,0.6885507106781006,0.2266358733177185,0.7805513143539429,0.08596166223287582,21
population,4,carpet,22,700,0.07200764864683151,0.07125632464885712,-0.5721063613891602,0.009782417677342892,-33.29261016845703,-7.0,7.0,0.7008551359176636,0.19559209048748016,0.9389916062355042,0.09572696685791016,22
population,4,carpet,23,700,0.062445834279060364,0.06093612313270569,-0.5815174579620361,0.009772640652954578,-38.565032958984375,-7.0,7.0,0.6433499455451965,0.21058860421180725,0.9669561982154846,0.08065301924943924,23
population,4,carpet,24,700,0.06443527340888977,0.06287897378206253,-0.581008791923523,0.009762873873114586,-28.188779830932617,-7.0,7.0,0.6538953185081482,0.22573181986808777,0.9981087446212769,0.05810166150331497,24
population,4,carpet,25,700,0.06320567429065704,0.06515978276729584,-0.6044050455093384,0.00975311640650034,-34.45844268798828,-7.0,7.0,0.6550073623657227,0.23512591421604156,0.9326756596565247,0.025792868807911873,25
population,4,carpet,26,700,0.06620121002197266,0.06425802409648895,-0.6317166090011597,0.00974336825311184,-34.94063949584961,-7.0,7.0,0.7079616189002991,0.21667855978012085,0.8564674258232117,-0.0001739253057166934,26
population,4,carpet,27,700,0.08211274445056915,0.07661822438240051,-0.6658958196640015,0.009733631275594234,-38.04448699951172,-7.0,7.0,0.7504481673240662,0.2391454428434372,0.7964885830879211,-0.03020593337714672,27
population,4,carpet,28,700,0.05465047061443329,0.0506405271589756,-0.7348150014877319,0.009723902679979801,-34.84920120239258,-7.0,7.0,0.7658346891403198,0.18027226626873016,0.7529770731925964,-0.06167557090520859,28
population,4,carpet,29,700,0.04400517791509628,0.043596189469099045,-0.8051750063896179,0.009714184328913689,-36.107421875,-7.0,7.0,0.6713383197784424,0.22356289625167847,0.7497836351394653,-0.10048277676105499,29
population,4,carpet,30,700,0.02952270582318306,0.03275373950600624,-0.8655951619148254,0.009704476222395897,-31.088027954101562,-7.0,7.0,0.6659159064292908,0.17522460222244263,0.8119867444038391,-0.15103816986083984,30
population,4,carpet,31,700,0.05747455358505249,0.06017236411571503,-0.9267939329147339,0.009694776497781277,-28.432220458984375,-7.0,7.0,0.6967184543609619,0.23703044652938843,0.8763881921768188,-0.19978345930576324,31
population,4,carpet,32,700,0.03632944077253342,0.03665118291974068,-0.9563629031181335,0.009685087949037552,-23.405208587646484,-7.0,7.0,0.6810029149055481,0.1858372539281845,0.9330096244812012,-0.24327851831912994,32
population,4,carpet,33,700,0.05597352981567383,0.056102000176906586,-0.985081136226654,0.009675407782196999,-18.276567459106445,-7.0,7.0,0.6438779830932617,0.2015300840139389,0.9733323454856873,-0.2769044041633606,33
population,4,carpet,34,700,0.03312196582555771,0.031667329370975494,-0.967319130897522,0.009665737859904766,-22.51839828491211,-7.0,7.0,0.682490348815918,0.18504005670547485,0.983540415763855,-0.2907089591026306,34
population,4,carpet,35,700,0.04790324717760086,0.04748833552002907,-0.9521170258522034,0.009656078182160854,-24.67401123046875,-7.0,7.0,0.6692101359367371,0.2158026099205017,0.9693136215209961,-0.2839747667312622,35
individual,5,carpet,1,875,0.2780376970767975,0.29960110783576965,-0.900512158870697,0.009646427817642689,-11.330739974975586,-7.0,7.0,0.5397536158561707,0.30449923872947693,1.1886976957321167,-0.35921746492385864,36
individual,5,carpet,2,875,0.23449423909187317,0.24928215146064758,-0.7967407703399658,0.00963678676635027,-13.267579078674316,-7.0,7.0,0.43879520893096924,0.2848387658596039,1.131901741027832,-0.3665789067745209,37
individual,5,carpet,3,875,0.1512686014175415,0.15586982667446136,-0.6682635545730591,0.009627155028283596,-20.560136795043945,-7.0,7.0,0.5353130102157593,0.2872680425643921,1.0501917600631714,-0.35630956292152405,38
individual,5,carpet,4,875,0.14739230275154114,0.15046200156211853,-0.5555715560913086,0.009617533534765244,-27.338321685791016,-7.0,7.0,0.5497227907180786,0.32423117756843567,0.9454425573348999,-0.3324057161808014,39
individual,5,carpet,5,875,0.16273020207881927,0.16902071237564087,-0.4603065252304077,0.009607921354472637,-33.126014709472656,-7.0,7.0,0.6486671566963196,0.296351820230484,0.8357847332954407,-0.30010366439819336,40
individual,5,carpet,6,875,0.20347003638744354,0.2097272425889969,-0.40836650133132935,0.009598319418728352,-41.482154846191406,-7.0,7.0,0.7208693027496338,0.25912413001060486,0.7532317042350769,-0.27433595061302185,41
individual,5,carpet,7,875,0.1853390634059906,0.18969596922397614,-0.381705641746521,0.009588726796209812,-42.01536560058594,-7.0,7.0,0.5915882587432861,0.31645554304122925,0.6428137421607971,-0.2374478131532669,42
individual,5,carpet,8,875,0.17830616235733032,0.18337418138980865,-0.3673132061958313,0.009579143486917019,-46.73017883300781,-7.0,7.0,0.5998956561088562,0.3095887005329132,0.5692671537399292,-0.21159617602825165,43
individual,5,carpet,9,875,0.16663749516010284,0.17051255702972412,-0.36304688453674316,0.009569569490849972,-47.864437103271484,-7.0,7.0,0.550024151802063,0.3304849863052368,0.5011380314826965,-0.1869894415140152,44
individual,5,carpet,10,875,0.2116895616054535,0.2173275500535965,-0.36737459897994995,0.009560005739331245,-47.75099563598633,-7.0,7.0,0.6472987532615662,0.33754003047943115,0.4554623067378998,-0.1700124889612198,45
individual,5,carpet,11,875,0.23075544834136963,0.23773911595344543,-0.380781352519989,0.009550451301038265,-49.70146942138672,-7.0,7.0,0.7140864133834839,0.30491647124290466,0.42041847109794617,-0.1568925529718399,46
individual,5,carpet,12,875,0.20324839651584625,0.21022722125053406,-0.410306453704834,0.009540906175971031,-51.06842041015625,-7.0,7.0,0.7191964983940125,0.2964705228805542,0.387372225522995,-0.144681915640831,47
individual,5,carpet,13,875,0.16911017894744873,0.17529214918613434,-0.4394112825393677,0.009531370364129543,-51.87419128417969,-7.0,7.0,0.6940008997917175,0.29761525988578796,0.34500911831855774,-0.12896542251110077,48
individual,5,carpet,14,875,0.09505796432495117,0.0959235206246376,-0.5108439922332764,0.009521844796836376,-51.77972412109375,-7.0,7.0,0.6006076335906982,0.2904615104198456,0.33513954281806946,-0.12486694753170013,49
individual,5,carpet,15,875,0.10470829159021378,0.10715703666210175,-0.5733317136764526,0.009512328542768955,-51.050315856933594,-7.0,7.0,0.6348076462745667,0.3200127184391022,0.32099294662475586,-0.11886493861675262,50
individual,5,carpet,16,875,0.09184834361076355,0.0906536877155304,-0.6375497579574585,0.00950282160192728,-51.27083969116211,-7.0,7.0,0.64806067943573,0.33163654804229736,0.3141358196735382,-0.11547664552927017,51
individual,5,carpet,17,875,0.08517066389322281,0.08257104456424713,-0.7428929209709167,0.009493323974311352,-52.47882080078125,-7.0,7.0,0.704110324382782,0.31071898341178894,0.32899633049964905,-0.12000910192728043,52
individual,5,carpet,18,875,0.08747855573892593,0.08634540438652039,-0.8524773120880127,0.00948383565992117,-53.04487609863281,-7.0,7.0,0.6014522314071655,0.29732057452201843,0.34190961718559265,-0.1239752322435379,53
individual,5,carpet,19,875,0.12934710085391998,0.1265914887189865,-0.8636799454689026,0.009474357590079308,-49.53035354614258,-7.0,7.0,0.5680121183395386,0.3432499170303345,0.3608899712562561,-0.1286398023366928,54
individual,5,carpet,20,875,0.09352539479732513,0.09115006029605865,-0.9126152992248535,0.009464888833463192,-48.37430191040039,-7.0,7.0,0.6435367465019226,0.31465455889701843,0.4105067253112793,-0.14221057295799255,55
individual,5,carpet,21,875,0.09457593411207199,0.09353282302618027,-0.9211854338645935,0.009455429390072823,-46.44856262207031,-7.0,7.0,0.6683804392814636,0.3278748691082001,0.49007320404052734,-0.16258113086223602,56
individual,5,carpet,22,875,0.08345912396907806,0.0839262455701828,-0.9173085689544678,0.0094459792599082,-42.02669143676758,-7.0,7.0,0.6546773314476013,0.332227498292923,0.5841462016105652,-0.1836838722229004,57
individual,5,carpet,23,875,0.07227950543165207,0.07380197197198868,-0.8539755940437317,0.009436538442969322,-37.34659957885742,-7.0,7.0,0.612175703048706,0.32105931639671326,0.6911700963973999,-0.2050255388021469,58
individual,5,carpet,24,875,0.0621471107006073,0.06140006333589554,-0.8046066164970398,0.009427107870578766,-33.07781219482422,-7.0,7.0,0.5192145109176636,0.28148356080055237,0.8174300193786621,-0.2242964506149292,59
individual,5,carpet,25,875,0.06893649697303772,0.06948918849229813,-0.8094401955604553,0.009417685680091381,-27.299570083618164,-7.0,7.0,0.6746506690979004,0.3109845519065857,0.9740524291992188,-0.248290553689003,60
individual,5,carpet,26,875,0.04421966150403023,0.04046874865889549,-0.7064046859741211,0.009408273734152317,-17.952293395996094,-7.0,7.0,0.5357682108879089,0.2859964668750763,1.0899697542190552,-0.2590695321559906,61
individual,5,carpet,27,875,0.05504773184657097,0.05582735314965248,-0.7079354524612427,0.009398870170116425,-19.249170303344727,-7.0,7.0,0.6385204792022705,0.28703436255455017,1.2092359066009521,-0.2694883346557617,62
individual,5,carpet,28,875,0.054143864661455154,0.05352091044187546,-0.6664753556251526,0.009389476850628853,-13.611396789550781,-7.0,7.0,0.5932362079620361,0.28218379616737366,1.2511065006256104,-0.2634267508983612,63
individual,5,carpet,29,875,0.07981668412685394,0.07809088379144669,-0.6737490892410278,0.009380092844367027,-11.435917854309082,-7.0,7.0,0.6982606649398804,0.315201997756958,1.303920030593872,-0.2616882622241974,64
individual,5,carpet,30,875,0.06292153149843216,0.06110455468297005,-0.636622428894043,0.009370718151330948,-15.040695190429688,-7.0,7.0,0.6192315816879272,0.3035915493965149,1.246946096420288,-0.24050843715667725,65
individual,5,carpet,31,875,0.0806068629026413,0.08099240809679031,-0.6711769104003906,0.009361352771520615,-18.31465721130371,-7.0,7.0,0.6823062300682068,0.2956937849521637,1.2066348791122437,-0.2265893965959549,66
individual,5,carpet,32,875,0.11034031212329865,0.10955677181482315,-0.6458684802055359,0.009351996704936028,-27.749780654907227,-7.0,7.0,0.6310693025588989,0.32151737809181213,1.1362570524215698,-0.20726871490478516,67
individual,5,carpet,33,875,0.08730101585388184,0.08859717845916748,-0.743939995765686,0.009342649951577187,-18.583728790283203,-7.0,7.0,0.6990896463394165,0.2934246361255646,1.1444635391235352,-0.20491476356983185,68
individual,5,carpet,34,875,0.059508588165044785,0.05923221632838249,-0.7235778570175171,0.009333312511444092,-25.151382446289062,-7.0,7.0,0.6363032460212708,0.31393003463745117,1.0815016031265259,-0.1917203813791275,69
individual,5,carpet,35,875,0.05754924938082695,0.056086692959070206,-0.7756766080856323,0.009323985315859318,-25.62793731689453,-7.0,7.0,0.6347405314445496,0.3131703734397888,1.039625883102417,-0.18311043083667755,70
individual,5,carpet,36,875,0.07931090891361237,0.07577908039093018,-0.935057520866394,0.009314666502177715,-23.595508575439453,-7.0,7.0,0.6887732744216919,0.3087238073348999,1.1027376651763916,-0.1963111013174057,71
individual,5,carpet,37,875,0.06296570599079132,0.062483470886945724,-1.0176719427108765,0.009305357001721859,-15.631767272949219,-7.0,7.0,0.7371237874031067,0.3233034610748291,1.159388780593872,-0.21018172800540924,72
individual,5,carpet,38,875,0.05365076661109924,0.05461444333195686,-0.9939278960227966,0.009296056814491749,-13.372775077819824,-7.0,7.0,0.6424224376678467,0.3080455958843231,1.1615655422210693,-0.21507231891155243,73
individual,5,carpet,39,875,0.05300081521272659,0.052967458963394165,-1.0626451969146729,0.009286765940487385,-7.118896961212158,-7.0,7.0,0.6339091658592224,0.3333929479122162,1.2042686939239502,-0.230176642537117,74
individual,5,carpet,40,875,0.09816465526819229,0.09450025856494904,-1.0590472221374512,0.009277484379708767,-5.6663312911987305,-7.0,7.0,0.6134263277053833,0.3216734826564789,1.2223641872406006,-0.2452716827392578,75
individual,5,carpet,41,875,0.07527077198028564,0.07499741017818451,-1.0213565826416016,0.009268212132155895,-4.846316814422607,-7.0,7.0,0.6216472387313843,0.2983819246292114,1.2287341356277466,-0.25881046056747437,76
individual,5,carpet,42,875,0.05994841456413269,0.058420419692993164,-0.966368556022644,0.00925894919782877,-8.63010025024414,-7.0,7.0,0.6459040641784668,0.3369530737400055,1.200325608253479,-0.2633424401283264,77
individual,5,carpet,43,875,0.05879535898566246,0.05950327590107918,-0.9553447961807251,0.00924969557672739,-9.320534706115723,-7.0,7.0,0.649142324924469,0.3220166265964508,1.180716872215271,-0.2659183442592621,78
population,5,carpet,1,875,0.14890006184577942,0.149415522813797,-0.9201194643974304,0.009646427817642689,-26.364124298095703,-7.0,7.0,0.6561704874038696,0.28902333974838257,0.9541722536087036,-0.27456241846084595,36
population,5,carpet,2,875,0.22189494967460632,0.22424091398715973,-0.8649619817733765,0.00963678676635027,-28.165172576904297,-7.0,7.0,0.5454542636871338,0.34384801983833313,0.9096655249595642,-0.256414532661438,37
population,5,carpet,3,875,0.12529058754444122,0.12913809716701508,-0.7609822154045105,0.009627155028283596,-32.82244873046875,-7.0,7.0,0.631183922290802,0.2969547510147095,0.8793602585792542,-0.24136628210544586,38
population,5,carpet,4,875,0.08169711381196976,0.08431610465049744,-0.6832156777381897,0.009617533534765244,-34.820220947265625,-7.0,7.0,0.5888503193855286,0.27081117033958435,0.8779993653297424,-0.23957446217536926,39
population,5,carpet,5,875,0.10385444760322571,0.10824811458587646,-0.6100733280181885,0.009607921354472637,-32.7280387878418,-7.0,7.0,0.6405835151672363,0.2917955219745636,0.8762739896774292,-0.23885248601436615,40
population,5,carpet,6,875,0.1215849444270134,0.12426657229661942,-0.558151364326477,0.009598319418728352,-31.974937438964844,-7.0,7.0,0.5524998307228088,0.33625784516334534,0.871851921081543,-0.2357550710439682,41
population,5,carpet,7,875,0.131394624710083,0.13246040046215057,-0.5250152945518494,0.009588726796209812,-32.75094985961914,-7.0,7.0,0.5753844976425171,0.3381516933441162,0.829096257686615,-0.22170279920101166,42
population,5,carpet,8,875,0.08825923502445221,0.08873733133077621,-0.503056526184082,0.009579143486917019,-37.80038833618164,-7.0,7.0,0.5366277098655701,0.2774718701839447,0.7847322821617126,-0.20747415721416473,43
population,5,carpet,9,875,0.10841777920722961,0.10777866095304489,-0.48608922958374023,0.009569569490849972,-37.379119873046875,-7.0,7.0,0.5593045949935913,0.2930316925048828,0.7333154082298279,-0.18880057334899902,44
population,5,carpet,10,875,0.11276249587535858,0.11244098842144012,-0.49149954319000244,0.009560005739331245,-40.4706916809082,-7.0,7.0,0.6186923384666443,0.28823524713516235,0.6843043565750122,-0.16818594932556152,45
population,5,carpet,11,875,0.1334490329027176,0.13075079023838043,-0.5078051686286926,0.009550451301038265,-44.598628997802734,-7.0,7.0,0.6664508581161499,0.2897432744503021,0.6516445279121399,-0.1523689478635788,46
population,5,carpet,12,875,0.12857869267463684,0.12618429958820343,-0.5222650766372681,0.009540906175971031,-41.35630416870117,-7.0,7.0,0.6142382025718689,0.333999365568161,0.6480652093887329,-0.1451302319765091,47
population,5,carpet,13,875,0.16471362113952637,0.16363227367401123,-0.5615870952606201,0.009531370364129543,-38.998260498046875,-7.0,7.0,0.6924503445625305,0.36598363518714905,0.6505771279335022,-0.13911186158657074,48
population,5,carpet,14,875,0.08039803802967072,0.07581108063459396,-0.6132267117500305,0.009521844796836376,-40.33903503417969,-7.0,7.0,0.5930450558662415,0.31367263197898865,0.6784757971763611,-0.13962306082248688,49
population,5,carpet,15,875,0.057299546897411346,0.056360963732004166,-0.6807398200035095,0.009512328542768955,-38.33249282836914,-7.0,7.0,0.6348928213119507,0.23917649686336517,0.7337602972984314,-0.14576394855976105,50
population,5,carpet,16,875,0.054228030145168304,0.05449078604578972,-0.730987548828125,0.00950282160192728,-30.58712387084961,-7.0,7.0,0.5526355504989624,0.2752382457256317,0.8534966111183167,-0.1641697734594345,51
population,5,carpet,17,875,0.06063956394791603,0.060701750218868256,-0.8506503105163574,0.009493323974311352,-26.511499404907227,-7.0,7.0,0.6221036314964294,0.28992927074432373,0.9817047119140625,-0.18582090735435486,52
population,5,carpet,18,875,0.07878050208091736,0.08044742047786713,-0.8802609443664551,0.00948383565992117,-16.777050018310547,-7.0,7.0,0.6211806535720825,0.3063620626926422,1.166298747062683,-0.2212427407503128,53
population,5,carpet,19,875,0.10172250121831894,0.10760413855314255,-0.9300163984298706,0.009474357590079308,-15.538641929626465,-7.0,7.0,0.5683081746101379,0.31701189279556274,1.268978238105774,-0.24138197302818298,54
population,5,carpet,20,875,0.06076426804065704,0.06127811223268509,-0.9316562414169312,0.009464888833463192,-9.275350570678711,-7.0,7.0,0.609799325466156,0.3187880516052246,1.3113402128219604,-0.2490525245666504,55
population,5,carpet,21,875,0.08569352328777313,0.08636336028575897,-0.8783294558525085,0.009455429390072823,-14.80400276184082,-7.0,7.0,0.5026907920837402,0.3379041254520416,1.2913769483566284,-0.24574647843837738,56
population,5,carpet,22,875,0.07540999352931976,0.07411108911037445,-0.9181446433067322,0.0094459792599082,-14.581104278564453,-7.0,7.0,0.6566870212554932,0.3350454270839691,1.2205610275268555,-0.23037634789943695,57
population,5,carpet,23,875,0.06526597589254379,0.06374895572662354,-0.8863913416862488,0.009436538442969322,-20.436134338378906,-7.0,7.0,0.651441752910614,0.3097440004348755,1.1288238763809204,-0.21411068737506866,58
population,5,carpet,24,875,0.04769636690616608,0.05056806653738022,-0.8395516276359558,0.009427107870578766,-22.495445251464844,-7.0,7.0,0.66161048412323,0.31744229793548584,1.0621641874313354,-0.20458221435546875,59
population,5,carpet,25,875,0.03751801699399948,0.037287160754203796,-0.7743585109710693,0.009417685680091381,-24.273571014404297,-7.0,7.0,0.49981337785720825,0.3098077178001404,1.026253581047058,-0.20177720487117767,60
population,5,carpet,26,875,0.03665860742330551,0.037015125155448914,-0.786259114742279,0.009408273734152317,-20.33407211303711,-7.0,7.0,0.6086940765380859,0.3248259723186493,1.0410528182983398,-0.2102118730545044,61
population,5,carpet,27,875,0.04720671474933624,0.047073788940906525,-0.8255465626716614,0.009398870170116425,-17.188112258911133,-7.0,7.0,0.6709127426147461,0.28004902601242065,1.0716089010238647,-0.22465559840202332,62
population,5,carpet,28,875,0.055297788232564926,0.05479401722550392,-0.8104683756828308,0.009389476850628853,-21.079450607299805,-7.0,7.0,0.653823971748352,0.3107694685459137,1.091819167137146,-0.24082191288471222,63
population,5,carpet,29,875,0.05552346631884575,0.05726706236600876,-0.8260226249694824,0.009380092844367027,-12.23243522644043,-7.0,7.0,0.6224223375320435,0.29787343740463257,1.146683931350708,-0.2666502892971039,64
population,5,carpet,30,875,0.046231698244810104,0.047582224011421204,-0.7959088087081909,0.009370718151330948,-13.272814750671387,-7.0,7.0,0.6201215386390686,0.3435167372226715,1.1644598245620728,-0.2839086651802063,65
population,5,carpet,31,875,0.0682971403002739,0.06654587388038635,-0.9205201864242554,0.009361352771520615,-13.869145393371582,-7.0,7.0,0.7336753606796265,0.21490059792995453,1.1560150384902954,-0.294179230928421,66
population,5,carpet,32,875,0.055618200451135635,0.05296032130718231,-0.8428496718406677,0.009351996704936028,-14.931236267089844,-7.0,7.0,0.6528952717781067,0.2663041651248932,1.1289340257644653,-0.2978488504886627,67
population,5,carpet,33,875,0.07065032422542572,0.07029584795236588,-0.8561661839485168,0.009342649951577187,-18.957326889038086,-7.0,7.0,0.5903074741363525,0.34846147894859314,1.121673345565796,-0.30751344561576843,68
population,5,carpet,34,875,0.04393148422241211,0.043639108538627625,-0.8285290002822876,0.009333312511444092,-23.871177673339844,-7.0,7.0,0.532452404499054,0.338866263628006,1.1167515516281128,-0.3167468011379242,69
population,5,carpet,35,875,0.06135828420519829,0.06181390583515167,-0.9313129186630249,0.009323985315859318,-11.709436416625977,-7.0,7.0,0.5793366432189941,0.27994903922080994,1.1876970529556274,-0.3484201431274414,70
population,5,carpet,36,875,0.05766674503684044,0.05505536496639252,-0.8995519280433655,0.009314666502177715,-12.277318954467773,-7.0,7.0,0.6622348427772522,0.30615079402923584,1.2456704378128052,-0.3768087923526764,71
population,5,carpet,37,875,0.023005666211247444,0.02191118709743023,-0.9359345436096191,0.009305357001721859,-5.566083908081055,-7.0,7.0,0.6840887069702148,0.29728367924690247,1.2912251949310303,-0.4006625711917877,72
population,5,carpet,38,875,0.04615946114063263,0.045348890125751495,-0.9016284346580505,0.009296056814491749,-12.172621726989746,-7.0,7.0,0.6087892055511475,0.30457428097724915,1.2609533071517944,-0.3982059955596924,73
population,5,carpet,39,875,0.041372980922460556,0.04060807451605797,-0.9432953000068665,0.009286765940487385,-13.491251945495605,-7.0,7.0,0.718383252620697,0.23477189242839813,1.2290923595428467,-0.3943493664264679,74
population,5,carpet,40,875,0.05332605913281441,0.051380060613155365,-0.8762961626052856,0.009277484379708767,-17.446060180664062,-7.0,7.0,0.5840126276016235,0.31091490387916565,1.2058366537094116,-0.391216516494751,75
population,5,carpet,41,875,0.033905915915966034,0.032814234495162964,-0.8995531797409058,0.009268212132155895,-16.66850471496582,-7.0,7.0,0.6477018594741821,0.31201478838920593,1.2065266370773315,-0.3960963785648346,76
population,5,carpet,42,875,0.04091789945960045,0.0390741229057312,-0.8712553381919861,0.00925894919782877,-15.16200065612793,-7.0,7.0,0.5693472623825073,0.3144693374633789,1.2489268779754639,-0.4139130115509033,77
population,5,carpet,43,875,0.03506333380937576,0.035350196063518524,-0.8501980304718018,0.00924969557672739,-11.95654296875,-7.0,7.0,0.5480346083641052,0.30365851521492004,1.310429334640503,-0.43865203857421875,78
individual,6,carpet,1,1050,0.06805459409952164,0.06719696521759033,-0.9365972280502319,0.009240451268851757,-12.585026741027832,-7.0,7.0,0.6647024154663086,0.2702106535434723,1.140441656112671,-0.2612317204475403,79
individual,6,carpet,2,1050,0.05023995414376259,0.05141875147819519,-0.8869197964668274,0.00923121627420187,-13.875421524047852,-7.0,7.0,0.652184784412384,0.2276562750339508,1.1126635074615479,-0.2595481276512146,80
individual,6,carpet,3,1050,0.07235511392354965,0.07001854479312897,-0.8016380667686462,0.009221990592777729,-16.08685302734375,-7.0,7.0,0.682209849357605,0.3298657238483429,1.0717016458511353,-0.25526347756385803,81
individual,6,carpet,4,1050,0.07709498703479767,0.07514284551143646,-0.7950336337089539,0.00921277329325676,-24.978900909423828,-7.0,7.0,0.7743280529975891,0.25079306960105896,1.0056182146072388,-0.2456592321395874,82
individual,6,carpet,5,1050,0.05007123947143555,0.049961283802986145,-0.7199805974960327,0.009203566238284111,-24.077102661132812,-7.0,7.0,0.627154529094696,0.2903048098087311,0.9867895841598511,-0.24804873764514923,83
individual,6,carpet,6,1050,0.059606682509183884,0.05820779874920845,-0.7189376950263977,0.009194367565214634,-27.47434425354004,-7.0,7.0,0.6497567892074585,0.21856752038002014,0.9349747896194458,-0.24179838597774506,84
individual,6,carpet,7,1050,0.06812137365341187,0.06604728102684021,-0.7204861044883728,0.009185179136693478,-28.119569778442383,-7.0,7.0,0.6822896599769592,0.26757171750068665,0.9197462797164917,-0.2448330968618393,85
individual,6,carpet,8,1050,0.05956962704658508,0.06077989935874939,-0.6903252601623535,0.009175999090075493,-30.129602432250977,-7.0,7.0,0.6119567155838013,0.28951001167297363,0.9088947176933289,-0.24714724719524384,86
individual,6,carpet,9,1050,0.06456287205219269,0.06794247776269913,-0.7180975675582886,0.009166828356683254,-32.78706359863281,-7.0,7.0,0.7178325653076172,0.3148403763771057,0.9000035524368286,-0.2499721795320511,87
individual,6,carpet,10,1050,0.054747119545936584,0.05611641705036163,-0.720720648765564,0.009157666936516762,-29.59546661376953,-7.0,7.0,0.6104077696800232,0.2735520899295807,0.916671097278595,-0.2602597177028656,88
individual,6,carpet,11,1050,0.0659143328666687,0.06675717979669571,-0.7377843856811523,0.00914851389825344,-27.76612091064453,-7.0,7.0,0.7147395014762878,0.35409989953041077,0.9288221001625061,-0.26794105768203735,89
individual,6,carpet,12,1050,0.044016920030117035,0.045572683215141296,-0.7923043370246887,0.00913937110453844,-29.660524368286133,-7.0,7.0,0.7091482281684875,0.29762083292007446,0.9316526651382446,-0.27265191078186035,90
individual,6,carpet,13,1050,0.06223602592945099,0.063276506960392,-0.7969549298286438,0.009130236692726612,-30.314958572387695,-7.0,7.0,0.6853684186935425,0.30741578340530396,0.9297515153884888,-0.27568963170051575,91
individual,6,carpet,14,1050,0.05037741735577583,0.04878785461187363,-0.8412367701530457,0.00912111159414053,-25.35102653503418,-7.0,7.0,0.6893939971923828,0.2790694534778595,0.9164804220199585,-0.2722265124320984,92
individual,6,carpet,15,1050,0.05781043320894241,0.05702054873108864,-0.8467437624931335,0.009111995808780193,-30.634033203125,-7.0,7.0,0.7427030205726624,0.3115539848804474,0.9086775183677673,-0.2693333029747009,93
individual,6,carpet,16,1050,0.06754710525274277,0.06642317026853561,-0.8682771325111389,0.009102889336645603,-29.600339889526367,-7.0,7.0,0.6509621143341064,0.3149263262748718,0.8933100700378418,-0.26318079233169556,94
individual,6,carpet,17,1050,0.049236707389354706,0.04925677552819252,-0.9240413904190063,0.009093791246414185,-34.413177490234375,-7.0,7.0,0.7231866121292114,0.26789790391921997,0.8621716499328613,-0.2508262097835541,95
individual,6,carpet,18,1050,0.04934004321694374,0.04637992009520531,-0.9095367789268494,0.009084702469408512,-34.12242889404297,-7.0,7.0,0.7789454460144043,0.2633081078529358,0.8457722663879395,-0.2423967570066452,96
individual,6,carpet,19,1050,0.025511961430311203,0.025848526507616043,-0.8330890536308289,0.009075623005628586,-30.65959930419922,-7.0,7.0,0.7361574172973633,0.3002051115036011,0.8274682760238647,-0.23219461739063263,97
individual,6,carpet,20,1050,0.019930828362703323,0.022237595170736313,-0.8230937719345093,0.009066552855074406,-32.998836517333984,-7.0,7.0,0.6991169452667236,0.2993029057979584,0.7970662713050842,-0.2176247090101242,98
individual,6,carpet,21,1050,0.035482507199048996,0.0366249680519104,-0.8715366721153259,0.009057491086423397,-32.02712631225586,-7.0,7.0,0.742974579334259,0.24782727658748627,0.7760958671569824,-0.20661000907421112,99
individual,6,carpet,22,1050,0.03901407867670059,0.03879564255475998,-0.8831906914710999,0.00904843956232071,-36.97921371459961,-7.0,7.0,0.7671037912368774,0.24606169760227203,0.7264528274536133,-0.1880827695131302,100
individual,6,carpet,23,1050,0.06822976469993591,0.06947562098503113,-0.765527606010437,0.009039395488798618,-35.85811233520508,-7.0,7.0,0.7383667230606079,0.351180762052536,0.7059271931648254,-0.1770448535680771,101
individual,6,carpet,24,1050,0.07509205490350723,0.07201100885868073,-0.8002100586891174,0.009030361659824848,-40.64290237426758,-7.0,7.0,0.7941479682922363,0.29838013648986816,0.6774168610572815,-0.16424201428890228,102
individual,6,carpet,25,1050,0.04524906352162361,0.04481233283877373,-0.7667336463928223,0.00902133621275425,-39.953826904296875,-7.0,7.0,0.6921893954277039,0.29728057980537415,0.6609675288200378,-0.15388332307338715,103
individual,6,carpet,26,1050,0.0374438650906086,0.03526201844215393,-0.773571789264679,0.009012320078909397,-42.57052230834961,-7.0,7.0,0.6649090647697449,0.2828027606010437,0.6450740694999695,-0.1437523365020752,104
individual,6,carpet,27,1050,0.06960628926753998,0.07016728073358536,-0.8563849329948425,0.00900331325829029,-41.94036102294922,-7.0,7.0,0.8317045569419861,0.28874439001083374,0.660858690738678,-0.1402745097875595,105
individual,6,carpet,28,1050,0.027846872806549072,0.027824878692626953,-0.8550788760185242,0.008994314819574356,-40.674949645996094,-7.0,7.0,0.7629663944244385,0.2840355634689331,0.6520341634750366,-0.13190509378910065,106
individual,6,carpet,29,1050,0.04400332272052765,0.04464306682348251,-0.8555059432983398,0.008985325694084167,-42.21075439453125,-7.0,7.0,0.8315284848213196,0.28648462891578674,0.6233068704605103,-0.11952651292085648,107
individual,6,carpet,30,1050,0.06372687965631485,0.06526754796504974,-0.8934193849563599,0.008976345881819725,-39.938751220703125,-7.0,7.0,0.7815209627151489,0.2967038154602051,0.6335201263427734,-0.11346324533224106,108
individual,6,carpet,31,1050,0.07027778774499893,0.07302762567996979,-0.9218011498451233,0.008967374451458454,-43.10389709472656,-7.0,7.0,0.836481511592865,0.3274014890193939,0.6218138933181763,-0.10473651438951492,109
individual,6,carpet,32,1050,0.03830356523394585,0.037217482924461365,-0.903617799282074,0.00895841233432293,-41.743186950683594,-7.0,7.0,0.8009653687477112,0.22029446065425873,0.6143226027488708,-0.09713005274534225,110
individual,6,carpet,33,1050,0.03655492141842842,0.03477136418223381,-0.9623739719390869,0.008949458599090576,-39.26416778564453,-7.0,7.0,0.7581285834312439,0.3381061553955078,0.6700578331947327,-0.09828153997659683,111
individual,6,carpet,34,1050,0.033354502171278,0.032731879502534866,-0.9714726805686951,0.008940514177083969,-38.71044158935547,-7.0,7.0,0.8243552446365356,0.27264490723609924,0.6647506356239319,-0.09138377010822296,112
individual,6,carpet,35,1050,0.03172019124031067,0.031540606170892715,-0.9402220845222473,0.008931579068303108,-35.92945098876953,-7.0,7.0,0.8227478861808777,0.2901783287525177,0.675831139087677,-0.08676373958587646,113
individual,6,carpet,36,1050,0.02808384969830513,0.02783851884305477,-0.9122116565704346,0.008922652341425419,-38.503910064697266,-7.0,7.0,0.8101396560668945,0.3097054064273834,0.6913390755653381,-0.08236779272556305,114
individual,6,carpet,37,1050,0.05194772034883499,0.054106008261442184,-0.9048545956611633,0.008913734927773476,-34.209617614746094,-7.0,7.0,0.7680923938751221,0.3152492046356201,0.6913236379623413,-0.07638757675886154,115
individual,6,carpet,38,1050,0.03884771838784218,0.03770284354686737,-0.902127206325531,0.008904826827347279,-35.90592956542969,-7.0,7.0,0.84388667345047,0.28268349170684814,0.6904484033584595,-0.07058883458375931,116
individual,6,carpet,39,1050,0.038905784487724304,0.0381186380982399,-0.84494948387146,0.008895927108824253,-42.70474624633789,-7.0,7.0,0.7426868081092834,0.3165261745452881,0.681367039680481,-0.0636473223567009,117
individual,6,carpet,40,1050,0.05474480241537094,0.053019266575574875,-0.9339291453361511,0.008887035772204399,-41.79818344116211,-7.0,7.0,0.88902747631073,0.25302955508232117,0.6901248693466187,-0.05882570147514343,118
individual,6,carpet,41,1050,0.04914093762636185,0.04859609156847,-0.9004819393157959,0.008878153748810291,-38.29496765136719,-7.0,7.0,0.8553451299667358,0.29343265295028687,0.6758712530136108,-0.052321143448352814,119
individual,6,carpet,42,1050,0.046650953590869904,0.04594042897224426,-0.923367440700531,0.00886928103864193,-41.52558135986328,-7.0,7.0,0.9266641736030579,0.26951488852500916,0.6680117249488831,-0.04665398597717285,120
individual,6,carpet,43,1050,0.03197941929101944,0.03231142461299896,-0.9745993614196777,0.00886041671037674,-35.81205749511719,-7.0,7.0,0.8826439380645752,0.28558549284935,0.7038861513137817,-0.04452630877494812,121
individual,6,carpet,44,1050,0.05372853949666023,0.04984189569950104,-0.9928123950958252,0.008851561695337296,-40.88520812988281,-7.0,7.0,0.8872026801109314,0.27418217062950134,0.6718512773513794,-0.03910050168633461,122
individual,6,carpet,45,1050,0.027329135686159134,0.027184462174773216,-0.9970614314079285,0.008842715062201023,-38.38977813720703,-7.0,7.0,0.8874945044517517,0.33453989028930664,0.672478973865509,-0.036002930253744125,123
individual,6,carpet,46,1050,0.027883216738700867,0.028250018134713173,-1.0225720405578613,0.008833876810967922,-43.836185455322266,-7.0,7.0,0.8546507954597473,0.29931125044822693,0.6314472556114197,-0.0302017480134964,124
individual,6,carpet,47,1050,0.03953203558921814,0.03884031996130943,-1.0314183235168457,0.008825048804283142,-40.56342315673828,-7.0,7.0,0.8006187081336975,0.2810429632663727,0.6344985961914062,-0.027807416394352913,125
individual,6,carpet,48,1050,0.03789583966135979,0.038029033690690994,-1.023219108581543,0.008816228248178959,-37.338706970214844,-7.0,7.0,0.7393200397491455,0.32344165444374084,0.7077276110649109,-0.029609188437461853,126
individual,6,carpet,49,1050,0.03137868642807007,0.029524395242333412,-1.0306388139724731,0.008807417005300522,-38.42261505126953,-7.0,7.0,0.8775347471237183,0.2765003442764282,0.697354793548584,-0.030313709750771523,127
individual,6,carpet,50,1050,0.03565429151058197,0.03516995534300804,-0.9830267429351807,0.008798615075647831,-40.04047393798828,-7.0,7.0,0.9312137961387634,0.31214115023612976,0.7008101344108582,-0.03313407301902771,128
population,6,carpet,1,1050,0.05432409048080444,0.05522764101624489,-0.8656399250030518,0.009240451268851757,-8.755292892456055,-7.0,7.0,0.6741015911102295,0.26550379395484924,1.366190791130066,-0.46090176701545715,79
population,6,carpet,2,1050,0.10186988115310669,0.09922916442155838,-0.8633269667625427,0.00923121627420187,-7.46148157119751,-7.0,7.0,0.6164048910140991,0.3127312958240509,1.3585046529769897,-0.4604319632053375,80
population,6,carpet,3,1050,0.06543376296758652,0.06401319056749344,-0.8274930715560913,0.009221990592777729,-12.030052185058594,-7.0,7.0,0.6897850036621094,0.295718789100647,1.3219959735870361,-0.4491218030452728,81
population,6,carpet,4,1050,0.042528923600912094,0.04269299656152725,-0.7886713147163391,0.00921277329325676,-17.985029220581055,-7.0,7.0,0.6379415988922119,0.22082242369651794,1.2263907194137573,-0.41746777296066284,82
population,6,carpet,5,1050,0.07909370213747025,0.07823856174945831,-0.739091694355011,0.009203566238284111,-18.309919357299805,-7.0,7.0,0.7236915230751038,0.241864413022995,1.1434310674667358,-0.3884906768798828,83
population,6,carpet,6,1050,0.06248536333441734,0.06132841482758522,-0.7073008418083191,0.009194367565214634,-26.871627807617188,-7.0,7.0,0.7076696753501892,0.304821252822876,1.0723376274108887,-0.3634944558143616,84
population,6,carpet,7,1050,0.03544633090496063,0.03515373542904854,-0.7232003808021545,0.009185179136693478,-26.05858612060547,-7.0,7.0,0.6057571768760681,0.2557391822338104,1.0152994394302368,-0.34231123328208923,85
population,6,carpet,8,1050,0.05253402143716812,0.05176829546689987,-0.7284878492355347,0.009175999090075493,-33.02748489379883,-7.0,7.0,0.732957124710083,0.2048783153295517,0.986020028591156,-0.33066457509994507,86
population,6,carpet,9,1050,0.03583185002207756,0.03475343808531761,-0.7468750476837158,0.009166828356683254,-25.047452926635742,-7.0,7.0,0.6383073329925537,0.26413166522979736,0.9982655644416809,-0.3328401446342468,87
population,6,carpet,10,1050,0.05734650045633316,0.05594439059495926,-0.7869312167167664,0.009157666936516762,-33.17610168457031,-7.0,7.0,0.6852204203605652,0.29387474060058594,0.9982625842094421,-0.3314436376094818,88
population,6,carpet,11,1050,0.059888243675231934,0.056865330785512924,-0.8120706081390381,0.00914851389825344,-22.974319458007812,-7.0,7.0,0.6991199851036072,0.3191726803779602,1.0543224811553955,-0.34955236315727234,89
population,6,carpet,12,1050,0.04699680954217911,0.04455484449863434,-0.824637770652771,0.00913937110453844,-22.841840744018555,-7.0,7.0,0.6574650406837463,0.3051694333553314,1.0805922746658325,-0.3567013740539551,90
population,6,carpet,13,1050,0.048155590891838074,0.046657443046569824,-0.8251982927322388,0.009130236692726612,-23.1989803314209,-7.0,7.0,0.6510787010192871,0.25015875697135925,1.0634902715682983,-0.3483129143714905,91
population,6,carpet,14,1050,0.03625529259443283,0.03272474184632301,-0.8579339981079102,0.00912111159414053,-23.483333587646484,-7.0,7.0,0.7440277934074402,0.29655271768569946,1.0404599905014038,-0.33757033944129944,92
population,6,carpet,15,1050,0.06297362595796585,0.060124121606349945,-0.8735860586166382,0.009111995808780193,-28.335988998413086,-7.0,7.0,0.7114288806915283,0.2818818986415863,0.9938532114028931,-0.31777259707450867,93
population,6,carpet,16,1050,0.060321513563394547,0.05714324861764908,-0.8427324295043945,0.009102889336645603,-30.630950927734375,-7.0,7.0,0.6722112894058228,0.301287442445755,0.9478392601013184,-0.29772597551345825,94
population,6,carpet,17,1050,0.05283592641353607,0.05200248956680298,-0.8219723701477051,0.009093791246414185,-28.15228843688965,-7.0,7.0,0.7538590431213379,0.28970882296562195,0.8902954459190369,-0.27348560094833374,95
population,6,carpet,18,1050,0.04916553199291229,0.042985498905181885,-0.8075875639915466,0.009084702469408512,-35.43266296386719,-7.0,7.0,0.7448556423187256,0.3140031695365906,0.8366274237632751,-0.251249760389328,96
population,6,carpet,19,1050,0.01800861954689026,0.015316694974899292,-0.8264745473861694,0.009075623005628586,-37.95825958251953,-7.0,7.0,0.7104495763778687,0.277719646692276,0.7993015646934509,-0.2335733026266098,97
population,6,carpet,20,1050,0.037385471165180206,0.034996986389160156,-0.8196102976799011,0.009066552855074406,-38.80247497558594,-7.0,7.0,0.7535827159881592,0.31619808077812195,0.7485412359237671,-0.2131112962961197,98
population,6,carpet,21,1050,0.05732547119259834,0.05363045632839203,-0.8440778851509094,0.009057491086423397,-38.84419250488281,-7.0,7.0,0.8032605648040771,0.27946653962135315,0.7380481958389282,-0.20525695383548737,99
population,6,carpet,22,1050,0.04053165018558502,0.035034723579883575,-0.852212131023407,0.00904843956232071,-39.9453010559082,-7.0,7.0,0.6555612087249756,0.29622089862823486,0.7439631819725037,-0.20199982821941376,100
population,6,carpet,23,1050,0.03534144535660744,0.03247657045722008,-0.9145586490631104,0.009039395488798618,-38.45144271850586,-7.0,7.0,0.8378339409828186,0.23154351115226746,0.7218918800354004,-0.19105088710784912,101
population,6,carpet,24,1050,0.05855459347367287,0.05132042244076729,-0.8376783728599548,0.009030361659824848,-38.94656753540039,-7.0,7.0,0.7522919178009033,0.30436238646507263,0.7498928308486938,-0.193985253572464,102
population,6,carpet,25,1050,0.03393097221851349,0.03301044553518295,-0.8108338117599487,0.00902133621275425,-33.149513244628906,-7.0,7.0,0.7268907427787781,0.3190656304359436,0.7733896374702454,-0.19505675137043,103
population,6,carpet,26,1050,0.06134190037846565,0.05552635341882706,-0.9157769680023193,0.009012320078909397,-34.29991149902344,-7.0,7.0,0.7314793467521667,0.30329251289367676,0.7662755250930786,-0.18776313960552216,104
population,6,carpet,27,1050,0.04296235367655754,0.037008896470069885,-0.861355721950531,0.00900331325829029,-35.54197692871094,-7.0,7.0,0.715039849281311,0.37465402483940125,0.7920823693275452,-0.18846113979816437,105
population,6,carpet,28,1050,0.04534686729311943,0.04020009562373161,-0.886616051197052,0.008994314819574356,-35.68483352661133,-7.0,7.0,0.8383659720420837,0.3024732172489166,0.7525985836982727,-0.1730501651763916,106
population,6,carpet,29,1050,0.025143243372440338,0.022947050631046295,-0.891912579536438,0.008985325694084167,-33.852760314941406,-7.0,7.0,0.8157740831375122,0.2767584025859833,0.7726134061813354,-0.17173953354358673,107
population,6,carpet,30,1050,0.03826175630092621,0.031007835641503334,-0.9557754993438721,0.008976345881819725,-34.37474822998047,-7.0,7.0,0.8564090728759766,0.2412077784538269,0.7355943918228149,-0.1585710495710373,108
population,6,carpet,31,1050,0.04373396933078766,0.03809744492173195,-0.9497363567352295,0.008967374451458454,-37.280818939208984,-7.0,7.0,0.7982220649719238,0.2925606667995453,0.7098267674446106,-0.14743518829345703,109
population,6,carpet,32,1050,0.025862911716103554,0.020637638866901398,-0.8906663656234741,0.00895841233432293,-32.746986389160156,-7.0,7.0,0.6722928285598755,0.31149911880493164,0.783502459526062,-0.15630793571472168,110
population,6,carpet,33,1050,0.02860306389629841,0.02580832690000534,-0.9102973937988281,0.008949458599090576,-38.76119613647461,-7.0,7.0,0.7670652866363525,0.2857482433319092,0.7289292216300964,-0.14064772427082062,111
population,6,carpet,34,1050,0.04045991227030754,0.03794066235423088,-0.8957535028457642,0.008940514177083969,-31.550344467163086,-7.0,7.0,0.8284071683883667,0.30841368436813354,0.7685789465904236,-0.14355029165744781,112
population,6,carpet,35,1050,0.039525799453258514,0.03619065880775452,-0.8705127239227295,0.008931579068303108,-34.78502655029297,-7.0,7.0,0.7889528870582581,0.31266865134239197,0.7469277381896973,-0.1355399489402771,113
population,6,carpet,36,1050,0.05046669766306877,0.04083717241883278,-0.9033684730529785,0.008922652341425419,-31.099023818969727,-7.0,7.0,0.8074494004249573,0.35896897315979004,0.7797001004219055,-0.13899321854114532,114
population,6,carpet,37,1050,0.053317442536354065,0.04786933958530426,-0.869330644607544,0.008913734927773476,-34.689456939697266,-7.0,7.0,0.7500360608100891,0.3602788746356964,0.7705660462379456,-0.13540001213550568,115
population,6,carpet,38,1050,0.03511916473507881,0.03267759457230568,-0.9326775670051575,0.008904826827347279,-33.639652252197266,-7.0,7.0,0.7615368366241455,0.27843958139419556,0.723960280418396,-0.12567400932312012,116
population,6,carpet,39,1050,0.02544519677758217,0.020745117217302322,-0.9474634528160095,0.008895927108824253,-30.481124877929688,-7.0,7.0,0.7723027467727661,0.27752891182899475,0.7367210388183594,-0.12678849697113037,117
population,6,carpet,40,1050,0.03622003644704819,0.029049605131149292,-0.9370355606079102,0.008887035772204399,-34.60641098022461,-7.0,7.0,0.8599343299865723,0.31238803267478943,0.6647831201553345,-0.1138904020190239,118
population,6,carpet,41,1050,0.03707050904631615,0.027876202017068863,-0.9682102799415588,0.008878153748810291,-38.86222457885742,-7.0,7.0,0.9195709228515625,0.27258917689323425,0.6133934855461121,-0.10466843098402023,119
population,6,carpet,42,1050,0.03837808966636658,0.026262590661644936,-0.9826160073280334,0.00886928103864193,-41.306190490722656,-7.0,7.0,0.8270357847213745,0.30942922830581665,0.6417902112007141,-0.10960682481527328,120
population,6,carpet,43,1050,0.024702368304133415,0.02162821963429451,-0.9629785418510437,0.00886041671037674,-44.18131637573242,-7.0,7.0,0.8032035231590271,0.3077957034111023,0.5838545560836792,-0.09979506582021713,121
population,6,carpet,44,1050,0.02696840465068817,0.01993587054312229,-1.0121443271636963,0.008851561695337296,-39.35795593261719,-7.0,7.0,0.8874086737632751,0.3247827887535095,0.6618003249168396,-0.11307649314403534,122
population,6,carpet,45,1050,0.0398775078356266,0.028099121525883675,-0.9852321147918701,0.008842715062201023,-43.82447052001953,-7.0,7.0,0.9147023558616638,0.30457213521003723,0.562532365322113,-0.09463716298341751,123
population,6,carpet,46,1050,0.02994135394692421,0.022667618468403816,-1.0066413879394531,0.008833876810967922,-38.674652099609375,-7.0,7.0,0.8924247026443481,0.34550002217292786,0.573623538017273,-0.09648323059082031,124
population,6,carpet,47,1050,0.04091409221291542,0.029514335095882416,-1.063298225402832,0.008825048804283142,-43.41425323486328,-7.0,7.0,0.8891370296478271,0.2772243916988373,0.5759910941123962,-0.09710951149463654,125
population,6,carpet,48,1050,0.0329863503575325,0.028277471661567688,-1.0537266731262207,0.008816228248178959,-42.20286560058594,-7.0,7.0,0.9483367204666138,0.33477121591567993,0.6190522313117981,-0.10418778657913208,126
population,6,carpet,49,1050,0.03383548557758331,0.02457055263221264,-1.0335330963134766,0.008807417005300522,-43.036781311035156,-7.0,7.0,0.8650583028793335,0.2843265235424042,0.5749222040176392,-0.09457273781299591,127
population,6,carpet,50,1050,0.01604469120502472,0.011360323056578636,-1.0243147611618042,0.008798615075647831,-39.17100143432617,-7.0,7.0,0.7808090448379517,0.31879767775535583,0.6770881414413452,-0.11005908250808716,128
individual,7,carpet,1,1225,0.02392628788948059,0.021389594301581383,-0.965297520160675,0.008789821527898312,-35.414859771728516,-7.0,7.0,0.8685004115104675,0.2550342381000519,0.7590585350990295,-0.04042579606175423,129
individual,7,carpet,2,1225,0.03856119513511658,0.03435754403471947,-0.9405881762504578,0.008781036362051964,-33.76569747924805,-7.0,7.0,0.843039333820343,0.30359163880348206,0.823603630065918,-0.049777187407016754,130
individual,7,carpet,3,1225,0.02094418555498123,0.018052153289318085,-0.9317988157272339,0.008772260509431362,-30.528459548950195,-7.0,7.0,0.8199989795684814,0.2766132354736328,0.8901887536048889,-0.061857920140028,131
individual,7,carpet,4,1225,0.03207588195800781,0.03185024857521057,-0.9639331698417664,0.008763493038713932,-27.9901123046875,-7.0,7.0,0.9328922629356384,0.270738810300827,0.9257064461708069,-0.07438389211893082,132
individual,7,carpet,5,1225,0.014917224645614624,0.012816855683922768,-0.9718276858329773,0.008754734881222248,-27.363664627075195,-7.0,7.0,0.8256648182868958,0.28779056668281555,0.9481426477432251,-0.086658775806427,133
individual,7,carpet,6,1225,0.02754448726773262,0.024521954357624054,-0.982498288154602,0.008745985105633736,-24.932167053222656,-7.0,7.0,0.7713522911071777,0.3231814503669739,1.0485707521438599,-0.10744001716375351,134
individual,7,carpet,7,1225,0.026165220886468887,0.02330952323973179,-1.0211241245269775,0.008737243711948395,-27.792667388916016,-7.0,7.0,0.9185999631881714,0.2848502993583679,1.0404053926467896,-0.11769557744264603,135
individual,7,carpet,8,1225,0.04130761697888374,0.03815530240535736,-1.0492101907730103,0.0087285116314888,-29.144641876220703,-7.0,7.0,0.9465929269790649,0.28780585527420044,1.056979775428772,-0.13211590051651,136
individual,7,carpet,9,1225,0.04991069436073303,0.04664091393351555,-1.0680044889450073,0.008719787932932377,-28.39844512939453,-7.0,7.0,0.9227702021598816,0.27621161937713623,1.1097791194915771,-0.1499602049589157,137
individual,7,carpet,10,1225,0.030809447169303894,0.02566572278738022,-1.0170741081237793,0.0087110735476017,-27.716617584228516,-7.0,7.0,0.8959815502166748,0.342367559671402,1.1518170833587646,-0.16758489608764648,138
individual,7,carpet,11,1225,0.021278291940689087,0.019909203052520752,-1.0647796392440796,0.008702367544174194,-20.920080184936523,-7.0,7.0,0.8966770172119141,0.321630597114563,1.2218742370605469,-0.19158421456813812,139
individual,7,carpet,12,1225,0.020022250711917877,0.019426705315709114,-1.0576144456863403,0.00869366992264986,-19.783809661865234,-7.0,7.0,0.8745320439338684,0.3099518418312073,1.2157270908355713,-0.20510660111904144,140
individual,7,carpet,13,1225,0.04328155517578125,0.03992938995361328,-1.0912771224975586,0.008684981614351273,-17.548612594604492,-7.0,7.0,0.8371167182922363,0.33883410692214966,1.2911055088043213,-0.23165147006511688,141
individual,7,carpet,14,1225,0.03150620311498642,0.02778666280210018,-1.0809087753295898,0.008676301687955856,-20.788408279418945,-7.0,7.0,0.9427449703216553,0.288807213306427,1.2576419115066528,-0.238213911652565,142
individual,7,carpet,15,1225,0.04064704477787018,0.03377782553434372,-1.0483461618423462,0.008667630143463612,-22.52085304260254,-7.0,7.0,0.9417325854301453,0.3126634955406189,1.2147074937820435,-0.24110373854637146,143
individual,7,carpet,16,1225,0.02984917350113392,0.024261556565761566,-1.0248172283172607,0.008658966980874538,-22.46796417236328,-7.0,7.0,0.9612757563591003,0.2811281383037567,1.2387378215789795,-0.2545488774776459,144
individual,7,carpet,17,1225,0.025698725134134293,0.024890396744012833,-1.016432523727417,0.008650313131511211,-23.723369598388672,-7.0,7.0,0.9149001836776733,0.31702250242233276,1.2237499952316284,-0.25808924436569214,145
individual,7,carpet,18,1225,0.02845095284283161,0.02815852500498295,-1.0007199048995972,0.008641667664051056,-29.929967880249023,-7.0,7.0,0.8896654844284058,0.3187384605407715,1.1275163888931274,-0.24411484599113464,146
individual,7,carpet,19,1225,0.026282472535967827,0.024280045181512833,-1.0903023481369019,0.008633031509816647,-25.825984954833984,-7.0,7.0,0.9253413081169128,0.29194554686546326,1.1733286380767822,-0.25610265135765076,147
individual,7,carpet,20,1225,0.020617689937353134,0.01923799142241478,-1.0748076438903809,0.008624402806162834,-30.617977142333984,-7.0,7.0,0.9799821972846985,0.25318342447280884,1.0787336826324463,-0.23678870499134064,148
individual,7,carpet,21,1225,0.02357305958867073,0.018667735159397125,-1.1464686393737793,0.008615783415734768,-22.12908935546875,-7.0,7.0,0.929204523563385,0.22630824148654938,1.1708515882492065,-0.2559763491153717,149
individual,7,carpet,22,1225,0.03188817575573921,0.028275582939386368,-1.1257216930389404,0.008607172407209873,-17.463481903076172,-7.0,7.0,0.8963214159011841,0.30610620975494385,1.1818686723709106,-0.2580081820487976,150
individual,7,carpet,23,1225,0.03190033510327339,0.026917599141597748,-1.087537169456482,0.008598570711910725,-22.63398551940918,-7.0,7.0,0.9635144472122192,0.3251453936100006,1.1553318500518799,-0.25035831332206726,151
individual,7,carpet,24,1225,0.021022668108344078,0.01326889917254448,-1.0995597839355469,0.008589976467192173,-16.75202178955078,-7.0,7.0,0.9310501217842102,0.2834116518497467,1.2153146266937256,-0.26159146428108215,152
individual,7,carpet,25,1225,0.03127108886837959,0.026556503027677536,-1.0966688394546509,0.008581391535699368,-24.24278450012207,-7.0,7.0,1.0385708808898926,0.21262025833129883,1.1779192686080933,-0.24979497492313385,153
individual,7,carpet,26,1225,0.023237179964780807,0.0236650463193655,-1.0271211862564087,0.008572814986109734,-16.002090454101562,-7.0,7.0,0.8422056436538696,0.31878313422203064,1.2151249647140503,-0.25758132338523865,154
individual,7,carpet,27,1225,0.02565358579158783,0.02351907268166542,-1.0856707096099854,0.008564247749745846,-22.320165634155273,-7.0,7.0,0.9169687628746033,0.27465012669563293,1.1674965620040894,-0.2504903972148895,155
individual,7,carpet,28,1225,0.021510910242795944,0.01673991233110428,-1.1011372804641724,0.008555687963962555,-19.052501678466797,-7.0,7.0,0.9882630109786987,0.2226748764514923,1.1662958860397339,-0.2537038028240204,156
individual,7,carpet,29,1225,0.025174133479595184,0.020582735538482666,-1.0836836099624634,0.00854713749140501,-13.174151420593262,-7.0,7.0,0.8910931348800659,0.2870021164417267,1.1684013605117798,-0.2597612142562866,157
individual,7,carpet,30,1225,0.026729265227913857,0.024880612269043922,-1.0876761674880981,0.008538595400750637,-10.363117218017578,-7.0,7.0,0.9992252588272095,0.29153740406036377,1.1702805757522583,-0.2654199004173279,158
individual,7,carpet,31,1225,0.023104248568415642,0.017400607466697693,-1.1126185655593872,0.008530061691999435,-17.908872604370117,-7.0,7.0,0.9708285927772522,0.2613067328929901,1.0562037229537964,-0.24704967439174652,159
individual,7,carpet,32,1225,0.023349743336439133,0.020555786788463593,-1.1577192544937134,0.008521536365151405,-21.972028732299805,-7.0,7.0,1.046653389930725,0.2801344394683838,1.0404939651489258,-0.2490505427122116,160
individual,7,carpet,33,1225,0.022324826568365097,0.017830679193139076,-1.1630803346633911,0.008513019420206547,-23.651569366455078,-7.0,7.0,1.0156930685043335,0.3136179447174072,0.956992506980896,-0.23683834075927734,161
individual,7,carpet,34,1225,0.025260338559746742,0.021500783041119576,-1.1723597049713135,0.008504511788487434,-27.987104415893555,-7.0,7.0,0.9367804527282715,0.29540926218032837,0.9543682932853699,-0.23629602789878845,162
individual,7,carpet,35,1225,0.022435056045651436,0.023970764130353928,-1.1998164653778076,0.008496011607348919,-27.324546813964844,-7.0,7.0,1.0520963668823242,0.2634209096431732,0.9845925569534302,-0.24343834817409515,163
individual,7,carpet,36,1225,0.03302216902375221,0.03254036232829094,-1.193931221961975,0.00848752073943615,-27.229276657104492,-7.0,7.0,1.100610375404358,0.259025514125824,1.0198436975479126,-0.25133928656578064,164
individual,7,carpet,37,1225,0.03350071609020233,0.03670637309551239,-1.1104143857955933,0.008479038253426552,-23.803003311157227,-7.0,7.0,1.039310336112976,0.347940057516098,1.0761847496032715,-0.2686990201473236,165
individual,7,carpet,38,1225,0.021882615983486176,0.02331487461924553,-1.133517861366272,0.008470564149320126,-19.68166732788086,-7.0,7.0,1.0318846702575684,0.27128297090530396,1.128659725189209,-0.28336140513420105,166
individual,7,carpet,39,1225,0.01965189166367054,0.015608579851686954,-1.1585133075714111,0.008462098427116871,-15.441740989685059,-7.0,7.0,1.057730793952942,0.27422305941581726,1.1635377407073975,-0.2917475700378418,167
individual,7,carpet,40,1225,0.02971421368420124,0.02693377435207367,-1.160325050354004,0.008453641086816788,-18.195560455322266,-7.0,7.0,1.0611941814422607,0.3013855516910553,1.179807424545288,-0.29297468066215515,168
individual,7,carpet,41,1225,0.024606917053461075,0.02203250862658024,-1.1743983030319214,0.008445192128419876,-22.514171600341797,-7.0,7.0,0.9864392280578613,0.34453821182250977,1.1526366472244263,-0.28626635670661926,169
individual,7,carpet,42,1225,0.025531616061925888,0.02367829903960228,-1.1838178634643555,0.008436751551926136,-17.757875442504883,-7.0,7.0,1.0263278484344482,0.3325667977333069,1.1724355220794678,-0.2918553948402405,170
individual,7,carpet,43,1225,0.028626494109630585,0.02289767563343048,-1.2553532123565674,0.008428319357335567,-24.382505416870117,-7.0,7.0,1.0792723894119263,0.2852746546268463,1.1763427257537842,-0.2930305004119873,171
individual,7,carpet,44,1225,0.027404192835092545,0.023518556728959084,-1.227527141571045,0.008419896475970745,-22.278841018676758,-7.0,7.0,1.0665638446807861,0.2949337065219879,1.1519759893417358,-0.2839485704898834,172
individual,7,carpet,45,1225,0.01610821671783924,0.015565166249871254,-1.1321995258331299,0.00841148104518652,-21.980588912963867,-7.0,7.0,0.9753202795982361,0.32935988903045654,1.1464788913726807,-0.2832402288913727,173
individual,7,carpet,46,1225,0.02215440943837166,0.02046242542564869,-1.1825655698776245,0.008403073996305466,-17.940364837646484,-7.0,7.0,1.0314300060272217,0.2779889404773712,1.1397056579589844,-0.2804221510887146,174
individual,7,carpet,47,1225,0.014661436900496483,0.01432669535279274,-1.0823286771774292,0.008394676260650158,-26.545621871948242,-7.0,7.0,0.9477022886276245,0.29316848516464233,1.0838382244110107,-0.2666962742805481,175
individual,7,carpet,48,1225,0.02963590808212757,0.031009646132588387,-1.0705711841583252,0.008386285975575447,-31.13605499267578,-7.0,7.0,1.0477243661880493,0.33960476517677307,1.0593501329421997,-0.26250237226486206,176
individual,7,carpet,49,1225,0.020201578736305237,0.02197752706706524,-1.094465970993042,0.008377905003726482,-22.162208557128906,-7.0,7.0,1.0250695943832397,0.3187600374221802,1.0595800876617432,-0.2600492238998413,177
individual,7,carpet,50,1225,0.0266412440687418,0.02440262958407402,-1.2520420551300049,0.008369531482458115,-25.86163330078125,-7.0,7.0,1.1054277420043945,0.24211850762367249,1.0281764268875122,-0.25031280517578125,178
population,7,carpet,1,1225,0.03010343387722969,0.0283378753811121,-0.9944950342178345,0.008789821527898312,-42.67670440673828,-7.0,7.0,0.8674712181091309,0.25590091943740845,0.5865322351455688,-0.08970432728528976,129
population,7,carpet,2,1225,0.022329194471240044,0.02024347148835659,-0.9661704301834106,0.008781036362051964,-39.25044631958008,-7.0,7.0,0.896518349647522,0.28298962116241455,0.6792148351669312,-0.09960605949163437,130
population,7,carpet,3,1225,0.024965226650238037,0.020505158230662346,-0.9154745936393738,0.008772260509431362,-34.01632308959961,-7.0,7.0,0.8991671800613403,0.2830011248588562,0.6946501135826111,-0.09392420947551727,131
population,7,carpet,4,1225,0.02398509532213211,0.02585010975599289,-0.9280805587768555,0.008763493038713932,-33.079864501953125,-7.0,7.0,0.8491032719612122,0.3364391624927521,0.6894070506095886,-0.0843101516366005,132
population,7,carpet,5,1225,0.028550488874316216,0.023196382448077202,-1.035559058189392,0.008754734881222248,-43.7086067199707,-7.0,7.0,0.936896562576294,0.26054370403289795,0.5049939751625061,-0.0433245413005352,133
population,7,carpet,6,1225,0.01812143437564373,0.012625331990420818,-1.078829050064087,0.008745985105633736,-40.90473175048828,-7.0,7.0,0.9215110540390015,0.3198566734790802,0.573881208896637,-0.03743183612823486,134
population,7,carpet,7,1225,0.01631247065961361,0.016472263261675835,-1.0793973207473755,0.008737243711948395,-43.757728576660156,-7.0,7.0,0.8511569499969482,0.3276028037071228,0.529436469078064,-0.016941936686635017,135
population,7,carpet,8,1225,0.022992588579654694,0.019090324640274048,-1.120672345161438,0.0087285116314888,-44.8183479309082,-7.0,7.0,0.8347444534301758,0.3110414743423462,0.5625000596046448,-0.01807035133242607,136
population,7,carpet,9,1225,0.025240100920200348,0.0242663212120533,-1.1233055591583252,0.008719787932932377,-42.84007263183594,-7.0,7.0,0.8867719173431396,0.310126930475235,0.5332728624343872,-0.013718776404857635,137
population,7,carpet,10,1225,0.029455337673425674,0.029504528269171715,-1.0707014799118042,0.0087110735476017,-33.79937744140625,-7.0,7.0,0.9059220552444458,0.31692489981651306,0.7431530356407166,-0.06027306988835335,138
population,7,carpet,11,1225,0.017106734216213226,0.020328063517808914,-1.014068603515625,0.008702367544174194,-37.01518249511719,-7.0,7.0,0.8661600947380066,0.2693414092063904,0.7482860684394836,-0.06678379327058792,139
population,7,carpet,12,1225,0.027648381888866425,0.02870529145002365,-0.9844520092010498,0.00869366992264986,-29.75041389465332,-7.0,7.0,0.9228380918502808,0.2696247398853302,0.9077081680297852,-0.10139023512601852,140
population,7,carpet,13,1225,0.027497289702296257,0.026294011622667313,-0.9778591394424438,0.008684981614351273,-22.75627326965332,-7.0,7.0,0.9316667914390564,0.21590837836265564,0.9728537201881409,-0.11371801048517227,141
population,7,carpet,14,1225,0.02487720176577568,0.024996425956487656,-1.002617359161377,0.008676301687955856,-15.807661056518555,-7.0,7.0,0.9612360596656799,0.28230273723602295,1.2292929887771606,-0.1659182608127594,142
population,7,carpet,15,1225,0.03228790685534477,0.02934417873620987,-1.0279226303100586,0.008667630143463612,-29.37929916381836,-7.0,7.0,0.9499732851982117,0.2387918084859848,0.9839202761650085,-0.10243774950504303,143
population,7,carpet,16,1225,0.023095671087503433,0.0211488027125597,-1.1192123889923096,0.008658966980874538,-27.58346939086914,-7.0,7.0,0.9870420098304749,0.28256839513778687,1.0723786354064941,-0.10693224519491196,144
population,7,carpet,17,1225,0.032465673983097076,0.03317061811685562,-1.1820944547653198,0.008650313131511211,-25.380321502685547,-7.0,7.0,0.9632015824317932,0.285389244556427,1.0742765665054321,-0.1057746484875679,145
population,7,carpet,18,1225,0.029002582654356956,0.027156289666891098,-1.189603328704834,0.008641667664051056,-6.76265811920166,-7.0,7.0,0.8749467134475708,0.3232535123825073,1.3352144956588745,-0.15375666320323944,146
population,7,carpet,19,1225,0.015183430165052414,0.016893737018108368,-1.1112006902694702,0.008633031509816647,-26.322643280029297,-7.0,7.0,0.910487174987793,0.2974465787410736,1.081891417503357,-0.10101848840713501,147
population,7,carpet,20,1225,0.02445666678249836,0.0210097823292017,-1.1009063720703125,0.008624402806162834,-20.25087547302246,-7.0,7.0,0.941908597946167,0.3164299726486206,1.154693603515625,-0.14105075597763062,148
population,7,carpet,21,1225,0.026655785739421844,0.02586611546576023,-1.112365961074829,0.008615783415734768,-26.776248931884766,-7.0,7.0,0.9933371543884277,0.2576123774051666,1.0834376811981201,-0.13879773020744324,149
population,7,carpet,22,1225,0.021784236654639244,0.02127518132328987,-1.0984383821487427,0.008607172407209873,-22.298803329467773,-7.0,7.0,0.9421277046203613,0.28090912103652954,1.0952736139297485,-0.16607297956943512,150
population,7,carpet,23,1225,0.02124742418527603,0.015473885461688042,-1.058577537536621,0.008598570711910725,-31.571199417114258,-7.0,7.0,0.9536808729171753,0.31738656759262085,0.9967979192733765,-0.17256997525691986,151
population,7,carpet,24,1225,0.01968277432024479,0.019094809889793396,-1.1266067028045654,0.008589976467192173,-35.77685546875,-7.0,7.0,1.0095906257629395,0.22431683540344238,0.9242530465126038,-0.17241574823856354,152
population,7,carpet,25,1225,0.022913143038749695,0.018098749220371246,-1.1182550191879272,0.008581391535699368,-33.724586486816406,-7.0,7.0,0.9953929781913757,0.284993052482605,0.8790283203125,-0.18619957566261292,153
population,7,carpet,26,1225,0.025537224486470222,0.022088445723056793,-1.1610336303710938,0.008572814986109734,-28.506622314453125,-7.0,7.0,0.979824423789978,0.32192182540893555,0.904551088809967,-0.23823656141757965,154
population,7,carpet,27,1225,0.01882505789399147,0.016618138179183006,-1.1605960130691528,0.008564247749745846,-30.113916397094727,-7.0,7.0,1.002395510673523,0.32389968633651733,0.8681914210319519,-0.23907507956027985,155
population,7,carpet,28,1225,0.02153828553855419,0.021136483177542686,-1.1880983114242554,0.008555687963962555,-34.84756088256836,-7.0,7.0,0.9765442609786987,0.27929946780204773,0.8158658146858215,-0.23351195454597473,156
population,7,carpet,29,1225,0.024524174630641937,0.020973794162273407,-1.1673636436462402,0.00854713749140501,-34.45341873168945,-7.0,7.0,1.0455262660980225,0.30011439323425293,0.7950857877731323,-0.2321140319108963,157
population,7,carpet,30,1225,0.015857407823204994,0.01622006483376026,-1.2039333581924438,0.008538595400750637,-39.251556396484375,-7.0,7.0,1.0338892936706543,0.22239795327186584,0.690832257270813,-0.1955111026763916,158
population,7,carpet,31,1225,0.01015629805624485,0.009440849535167217,-1.0592087507247925,0.008530061691999435,-36.679161071777344,-7.0,7.0,0.8896006941795349,0.3580189347267151,0.756750762462616,-0.2346276193857193,159
population,7,carpet,32,1225,0.037079330533742905,0.039366304874420166,-1.1429672241210938,0.008521536365151405,-36.40287780761719,-7.0,7.0,1.0662940740585327,0.3438464403152466,0.6630401015281677,-0.1844521313905716,160
population,7,carpet,33,1225,0.016348958015441895,0.013325273990631104,-1.1530005931854248,0.008513019420206547,-41.49671936035156,-7.0,7.0,1.0469743013381958,0.3278944194316864,0.6541658043861389,-0.1844509392976761,161
population,7,carpet,34,1225,0.014333616010844707,0.013672929257154465,-1.2032941579818726,0.008504511788487434,-40.732032775878906,-7.0,7.0,1.035939335823059,0.29238417744636536,0.5938878655433655,-0.13288715481758118,162
population,7,carpet,35,1225,0.017135001718997955,0.01748809590935707,-1.271817684173584,0.008496011607348919,-43.32097625732422,-7.0,7.0,1.0392717123031616,0.27920591831207275,0.6498479843139648,-0.16639350354671478,163
population,7,carpet,36,1225,0.027921661734580994,0.0300188846886158,-1.2616182565689087,0.00848752073943615,-39.99521255493164,-7.0,7.0,0.9133488535881042,0.3005552589893341,0.6867555975914001,-0.17550596594810486,164
population,7,carpet,37,1225,0.022251306101679802,0.022744573652744293,-1.1957811117172241,0.008479038253426552,-34.417083740234375,-7.0,7.0,0.9460108876228333,0.30477824807167053,0.7485765814781189,-0.2022373229265213,165
population,7,carpet,38,1225,0.010062355548143387,0.009826483204960823,-1.2599711418151855,0.008470564149320126,-27.4929141998291,-7.0,7.0,1.0492968559265137,0.22792086005210876,0.9110181927680969,-0.24539980292320251,166
population,7,carpet,39,1225,0.02206062152981758,0.024156805127859116,-1.1314502954483032,0.008462098427116871,-28.06736946105957,-7.0,7.0,1.0192580223083496,0.2970368266105652,0.9203730225563049,-0.24596905708312988,167
population,7,carpet,40,1225,0.023391494527459145,0.02552608586847782,-1.1514687538146973,0.008453641086816788,-25.74639320373535,-7.0,7.0,1.0599613189697266,0.25499898195266724,0.9930757284164429,-0.27446725964546204,168
population,7,carpet,41,1225,0.030075905844569206,0.024942604824900627,-1.13033127784729,0.008445192128419876,-25.730012893676758,-7.0,7.0,1.0365378856658936,0.3382757604122162,0.9890606999397278,-0.2950800359249115,169
population,7,carpet,42,1225,0.02925257757306099,0.027850313112139702,-1.2341619729995728,0.008436751551926136,-28.59296989440918,-7.0,7.0,1.0565509796142578,0.34713417291641235,0.938815712928772,-0.29457220435142517,170
population,7,carpet,43,1225,0.014650082215666771,0.015885043889284134,-1.3563809394836426,0.008428319357335567,-27.343494415283203,-7.0,7.0,1.0877015590667725,0.28063666820526123,0.9409055113792419,-0.2812199294567108,171
population,7,carpet,44,1225,0.03770596906542778,0.040740177035331726,-1.3869824409484863,0.008419896475970745,-25.422786712646484,-7.0,7.0,0.9479193687438965,0.30793362855911255,0.9404857754707336,-0.2995677590370178,172
population,7,carpet,45,1225,0.031853657215833664,0.03334447368979454,-1.3642057180404663,0.00841148104518652,-32.122196197509766,-7.0,7.0,0.879144012928009,0.2394075244665146,0.831741988658905,-0.21997423470020294,173
population,7,carpet,46,1225,0.008732996881008148,0.006767600774765015,-1.2540806531906128,0.008403073996305466,-41.24374771118164,-7.0,7.0,0.9894518256187439,0.2990097105503082,0.7327051758766174,-0.21426863968372345,174
population,7,carpet,47,1225,0.02263491414487362,0.019532643258571625,-1.2421276569366455,0.008394676260650158,-38.0316162109375,-7.0,7.0,1.0827289819717407,0.24005907773971558,0.7361917495727539,-0.21092791855335236,175
population,7,carpet,48,1225,0.02564757689833641,0.028166402131319046,-1.1544039249420166,0.008386285975575447,-33.67374038696289,-7.0,7.0,1.0952352285385132,0.3129155933856964,0.8324122428894043,-0.2599969208240509,176
population,7,carpet,49,1225,0.032738324254751205,0.029798954725265503,-1.103546380996704,0.008377905003726482,-30.592491149902344,-7.0,7.0,0.9945394992828369,0.30964845418930054,0.7732732892036438,-0.23247192800045013,177
population,7,carpet,50,1225,0.02575497329235077,0.024206753820180893,-1.2128729820251465,0.008369531482458115,-29.755451202392578,-7.0,7.0,1.067781686782837,0.3228706419467926,0.8125182390213013,-0.2762026786804199,178
individual,8,carpet,1,1400,0.02015257067978382,0.018948953598737717,-1.2480756044387817,0.008361167274415493,-34.61098098754883,-7.0,7.0,1.1129282712936401,0.28127413988113403,0.9402263760566711,-0.22253191471099854,179
individual,8,carpet,2,1400,0.03366107866168022,0.03281548246741295,-1.2616674900054932,0.008352810516953468,-32.234622955322266,-7.0,7.0,1.0698989629745483,0.33305031061172485,0.9326770901679993,-0.2187471240758896,180
individual,8,carpet,3,1400,0.019683292135596275,0.023157479241490364,-1.2779979705810547,0.008344462141394615,-29.391342163085938,-7.0,7.0,1.1107860803604126,0.3174108862876892,0.9138256907463074,-0.20582279562950134,181
individual,8,carpet,4,1400,0.02063174359500408,0.021547766402363777,-1.1838598251342773,0.008336123079061508,-35.220035552978516,-7.0,7.0,1.0814788341522217,0.34675976634025574,0.8560923337936401,-0.18437661230564117,182
individual,8,carpet,5,1400,0.021490413695573807,0.021941885352134705,-1.2123750448226929,0.008327791467308998,-37.052978515625,-7.0,7.0,1.1768262386322021,0.21183551847934723,0.8412796854972839,-0.16395118832588196,183
individual,8,carpet,6,1400,0.01572425477206707,0.01948442868888378,-1.1455464363098145,0.00831946823745966,-35.66746520996094,-7.0,7.0,1.0882513523101807,0.289037823677063,0.844349205493927,-0.15392069518566132,184
individual,8,carpet,7,1400,0.016662895679473877,0.02053001895546913,-1.1396005153656006,0.008311153389513493,-36.142730712890625,-7.0,7.0,1.0827538967132568,0.3110041618347168,0.7976837754249573,-0.13897839188575745,185
individual,8,carpet,8,1400,0.02080766297876835,0.022761275991797447,-1.1914870738983154,0.008302846923470497,-34.364227294921875,-7.0,7.0,1.0876038074493408,0.3251473605632782,0.837617039680481,-0.14027802646160126,186
individual,8,carpet,9,1400,0.018834002315998077,0.015099401585757732,-1.2560629844665527,0.008294548839330673,-27.979454040527344,-7.0,7.0,1.136694073677063,0.291614294052124,0.8712233304977417,-0.13746680319309235,187
individual,8,carpet,10,1400,0.021539228036999702,0.01809597760438919,-1.3176405429840088,0.00828625913709402,-25.4279727935791,-7.0,7.0,1.0604826211929321,0.3073855936527252,0.8920406103134155,-0.14066772162914276,188
individual,8,carpet,11,1400,0.01986057311296463,0.02131490223109722,-1.2630586624145508,0.00827797781676054,-27.854629516601562,-7.0,7.0,1.0394515991210938,0.3139936327934265,0.9045081734657288,-0.13851623237133026,189
individual,8,carpet,12,1400,0.019843919202685356,0.01849410869181156,-1.3359076976776123,0.00826970487833023,-26.5164852142334,-7.0,7.0,1.2175121307373047,0.24822686612606049,0.9355320334434509,-0.14745692908763885,190
individual,8,carpet,13,1400,0.013308675028383732,0.014182046055793762,-1.281606912612915,0.008261439390480518,-20.269691467285156,-7.0,7.0,1.103163242340088,0.262038916349411,0.9646865725517273,-0.15523064136505127,191
individual,8,carpet,14,1400,0.017387980595231056,0.016117796301841736,-1.2279417514801025,0.008253183215856552,-22.57892417907715,-7.0,7.0,1.1273807287216187,0.3104531466960907,0.9838599562644958,-0.17162425816059113,192
individual,8,carpet,15,1400,0.026165347546339035,0.02850441075861454,-1.1941856145858765,0.008244934491813183,-18.098939895629883,-7.0,7.0,1.2085984945297241,0.32094070315361023,1.0232430696487427,-0.18682493269443512,193
individual,8,carpet,16,1400,0.03318391740322113,0.03498153015971184,-1.2132728099822998,0.008236694149672985,-22.954818725585938,-7.0,7.0,1.225488305091858,0.31399500370025635,0.9834009408950806,-0.19098643958568573,194
individual,8,carpet,17,1400,0.03390718623995781,0.036669593304395676,-1.271411418914795,0.008228462189435959,-23.06073570251465,-7.0,7.0,1.1961747407913208,0.3592795431613922,0.9867182374000549,-0.19127467274665833,195
individual,8,carpet,18,1400,0.01717914454638958,0.016222896054387093,-1.2799391746520996,0.008220238611102104,-29.04205894470215,-7.0,7.0,1.1582000255584717,0.3508589565753937,0.9002106785774231,-0.17740312218666077,196
individual,8,carpet,19,1400,0.029338479042053223,0.02699987031519413,-1.4151175022125244,0.008212023414671421,-27.390769958496094,-7.0,7.0,1.1731904745101929,0.3209299147129059,0.8596018552780151,-0.17149342596530914,197
individual,8,carpet,20,1400,0.02949950471520424,0.03723466396331787,-1.3824379444122314,0.008203815668821335,-38.40155029296875,-7.0,7.0,1.2101110219955444,0.27627769112586975,0.738824188709259,-0.13783732056617737,198
individual,8,carpet,21,1400,0.021666672080755234,0.025823909789323807,-1.282125473022461,0.00819561630487442,-37.23912048339844,-7.0,7.0,1.119544267654419,0.3455667197704315,0.7753883004188538,-0.16171588003635406,199
individual,8,carpet,22,1400,0.026524627581238747,0.020968375727534294,-1.2285796403884888,0.008187425322830677,-42.484779357910156,-7.0,7.0,1.201491355895996,0.2664853632450104,0.655569851398468,-0.12339340150356293,200
individual,8,carpet,23,1400,0.030307859182357788,0.02800469473004341,-1.2491436004638672,0.008179242722690105,-43.20177459716797,-7.0,7.0,1.2998732328414917,0.247931107878685,0.6023830771446228,-0.10723233968019485,201
individual,8,carpet,24,1400,0.028834708034992218,0.025943698361516,-1.1906800270080566,0.008171068504452705,-45.99943161010742,-7.0,7.0,1.1624057292938232,0.3050570487976074,0.593214213848114,-0.11216448247432709,202
individual,8,carpet,25,1400,0.02361936680972576,0.02926689386367798,-1.2022087574005127,0.008162901736795902,-42.920867919921875,-7.0,7.0,1.1819915771484375,0.32871899008750916,0.5401266813278198,-0.09731858223676682,203
individual,8,carpet,26,1400,0.017771702259778976,0.02067960426211357,-1.3027704954147339,0.00815474335104227,-46.37565994262695,-7.0,7.0,1.2146528959274292,0.2945003807544708,0.49287739396095276,-0.0836113765835762,204
individual,8,carpet,27,1400,0.033643342554569244,0.017515769228339195,-1.4194506406784058,0.00814659334719181,-45.30320739746094,-7.0,7.0,1.2000375986099243,0.23277190327644348,0.5044946074485779,-0.08266688138246536,205
individual,8,carpet,28,1400,0.029136519879102707,0.03425905853509903,-1.4087035655975342,0.008138451725244522,-48.515621185302734,-7.0,7.0,1.2596406936645508,0.3156367242336273,0.4513651430606842,-0.07189192622900009,206
individual,8,carpet,29,1400,0.012810938991606236,0.016136538237333298,-1.335697889328003,0.00813031755387783,-49.76387023925781,-7.0,7.0,1.2491512298583984,0.27734798192977905,0.41917890310287476,-0.06342004984617233,207
individual,8,carpet,30,1400,0.023427452892065048,0.013937572948634624,-1.2657619714736938,0.008122192695736885,-52.25570297241211,-7.0,7.0,1.29775869846344,0.21564455330371857,0.3765532970428467,-0.04721425101161003,208
individual,8,carpet,31,1400,0.037202052772045135,0.027620943263173103,-1.1986091136932373,0.008114074356853962,-51.265953063964844,-7.0,7.0,1.1997262239456177,0.3245020806789398,0.37727102637290955,-0.04820889234542847,209
individual,8,carpet,32,1400,0.022206125780940056,0.017803462222218513,-1.246687412261963,0.008105965331196785,-48.94796371459961,-7.0,7.0,1.2103345394134521,0.32163435220718384,0.38836029171943665,-0.04846670478582382,210
individual,8,carpet,33,1400,0.011749915778636932,0.01715916395187378,-1.2891747951507568,0.008097863756120205,-52.921592712402344,-7.0,7.0,1.1859605312347412,0.3319230377674103,0.34799179434776306,-0.0389273539185524,211
individual,8,carpet,34,1400,0.01764710620045662,0.011050298810005188,-1.3359849452972412,0.008089770562946796,-50.740840911865234,-7.0,7.0,1.238633155822754,0.25272127985954285,0.31012576818466187,-0.028844470158219337,212
individual,8,carpet,35,1400,0.029913922771811485,0.026866277679800987,-1.389441728591919,0.00808168575167656,-52.08209991455078,-7.0,7.0,1.323573112487793,0.3062276542186737,0.28894510865211487,-0.023321157321333885,213
individual,8,carpet,36,1400,0.01924590952694416,0.020492181181907654,-1.4346696138381958,0.00807360839098692,-54.4599609375,-7.0,7.0,1.2625925540924072,0.3419411778450012,0.26215067505836487,-0.014503576792776585,214
individual,8,carpet,37,1400,0.03430186212062836,0.03937109187245369,-1.4057531356811523,0.008065539412200451,-53.82897186279297,-7.0,7.0,1.2085914611816406,0.40971681475639343,0.29428455233573914,-0.018719172105193138,215
individual,8,carpet,38,1400,0.03528150916099548,0.0321599617600441,-1.4484074115753174,0.008057478815317154,-53.07901382446289,-7.0,7.0,1.3902759552001953,0.2510835528373718,0.21991395950317383,-0.0032143776770681143,216
individual,8,carpet,39,1400,0.02862989529967308,0.020744089037179947,-1.4039759635925293,0.008049425669014454,-54.40702819824219,-7.0,7.0,1.342336893081665,0.34067225456237793,0.20888234674930573,0.008516565896570683,217
individual,8,carpet,40,1400,0.018029723316431046,0.016591381281614304,-1.4312496185302734,0.008041380904614925,-50.77266311645508,-7.0,7.0,1.3040664196014404,0.3411928117275238,0.27995333075523376,0.004055318888276815,218
individual,8,carpet,41,1400,0.015205674804747105,0.014647794887423515,-1.4055156707763672,0.008033344522118568,-53.50067901611328,-7.0,7.0,1.3357808589935303,0.30487003922462463,0.27271637320518494,0.011478577740490437,219
individual,8,carpet,42,1400,0.02608473412692547,0.024284571409225464,-1.4217476844787598,0.008025315590202808,-52.556640625,-7.0,7.0,1.2603425979614258,0.37836703658103943,0.3599351942539215,0.0012181292986497283,220
individual,8,carpet,43,1400,0.01864754781126976,0.016521451994776726,-1.4611670970916748,0.00801729504019022,-48.02507400512695,-7.0,7.0,1.3305820226669312,0.31150737404823303,0.3775758147239685,0.005054078064858913,221
individual,8,carpet,44,1400,0.012416338548064232,0.010800784453749657,-1.487320065498352,0.008009281940758228,-49.47527313232422,-7.0,7.0,1.237295389175415,0.363901287317276,0.40228891372680664,0.03375651314854622,222
individual,8,carpet,45,1400,0.015091202221810818,0.011961805634200573,-1.4759207963943481,0.008001277223229408,-47.56167984008789,-7.0,7.0,1.3943301439285278,0.28218165040016174,0.4400564134120941,0.01922023668885231,223
individual,8,carpet,46,1400,0.015840154141187668,0.012655400671064854,-1.507959246635437,0.00799328088760376,-45.079833984375,-7.0,7.0,1.24971342086792,0.38013121485710144,0.5856286287307739,0.004830609541386366,224
individual,8,carpet,47,1400,0.010136663913726807,0.009954512119293213,-1.5708715915679932,0.007985292002558708,-44.880760192871094,-7.0,7.0,1.4421985149383545,0.2190142273902893,0.6050225496292114,-0.016913490369915962,225
individual,8,carpet,48,1400,0.017632557079195976,0.019141167402267456,-1.5479849576950073,0.007977311499416828,-44.38856506347656,-7.0,7.0,1.348008632659912,0.3261263072490692,0.5159443616867065,0.034654006361961365,226
individual,8,carpet,49,1400,0.02230753004550934,0.019291924312710762,-1.5593987703323364,0.007969338446855545,-37.9333381652832,-7.0,7.0,1.3296955823898315,0.29531335830688477,0.6550450921058655,0.009785870090126991,227
individual,8,carpet,50,1400,0.024541271850466728,0.019446099177002907,-1.5313999652862549,0.007961373776197433,-38.25804138183594,-7.0,7.0,1.2636491060256958,0.2993127703666687,0.6665310263633728,0.027906546369194984,228
population,8,carpet,1,1400,0.013035663403570652,0.012911094352602959,-1.2603771686553955,0.008361167274415493,-32.156471252441406,-7.0,7.0,1.0670650005340576,0.3045434057712555,0.7686050534248352,-0.2613992989063263,179
population,8,carpet,2,1400,0.011566567234694958,0.010927318595349789,-1.3674476146697998,0.008352810516953468,-30.67618179321289,-7.0,7.0,1.09984290599823,0.2263251692056656,0.8270683884620667,-0.2612822651863098,180
population,8,carpet,3,1400,0.03235385939478874,0.03176112473011017,-1.3617647886276245,0.008344462141394615,-28.793991088867188,-7.0,7.0,1.083850383758545,0.29396456480026245,0.8346483111381531,-0.29107242822647095,181
population,8,carpet,4,1400,0.024249620735645294,0.022100038826465607,-1.34055495262146,0.008336123079061508,-33.43787384033203,-7.0,7.0,1.1420507431030273,0.2765568494796753,0.7451324462890625,-0.23495624959468842,182
population,8,carpet,5,1400,0.02563069574534893,0.023233577609062195,-1.321664571762085,0.008327791467308998,-31.32889175415039,-7.0,7.0,1.1893749237060547,0.30783984065055847,0.8668549656867981,-0.30413684248924255,183
population,8,carpet,6,1400,0.02303137630224228,0.02288675308227539,-1.3190364837646484,0.00831946823745966,-35.97516632080078,-7.0,7.0,1.162611484527588,0.31429600715637207,0.7483903169631958,-0.2574536204338074,184
population,8,carpet,7,1400,0.01570880226790905,0.014779411256313324,-1.3041460514068604,0.008311153389513493,-31.154542922973633,-7.0,7.0,1.1789202690124512,0.25638091564178467,0.9313888549804688,-0.30129939317703247,185
population,8,carpet,8,1400,0.02141718752682209,0.01870913803577423,-1.354034423828125,0.008302846923470497,-29.7283935546875,-7.0,7.0,1.1715831756591797,0.2658414840698242,0.8733664751052856,-0.3231184184551239,186
population,8,carpet,9,1400,0.027993306517601013,0.027530407533049583,-1.3428181409835815,0.008294548839330673,-32.87322998046875,-7.0,7.0,1.0986311435699463,0.29823508858680725,0.740077793598175,-0.24684464931488037,187
population,8,carpet,10,1400,0.01941760815680027,0.01874592900276184,-1.3751577138900757,0.00828625913709402,-35.887638092041016,-7.0,7.0,1.1873388290405273,0.29007428884506226,0.7303805947303772,-0.2253710776567459,188
population,8,carpet,11,1400,0.019250065088272095,0.01657066121697426,-1.3517149686813354,0.00827797781676054,-36.40765380859375,-7.0,7.0,1.1854411363601685,0.30036965012550354,0.7548776865005493,-0.22890618443489075,189
population,8,carpet,12,1400,0.016832711175084114,0.016952134668827057,-1.3828295469284058,0.00826970487833023,-34.74547576904297,-7.0,7.0,1.065927267074585,0.2680237591266632,0.8681077361106873,-0.24070023000240326,190
population,8,carpet,13,1400,0.024916820228099823,0.022915642708539963,-1.4063661098480225,0.008261439390480518,-32.51251983642578,-7.0,7.0,1.1286052465438843,0.27459362149238586,0.9009326100349426,-0.25931382179260254,191
population,8,carpet,14,1400,0.02475288137793541,0.027186131104826927,-1.428083896636963,0.008253183215856552,-25.16436767578125,-7.0,7.0,1.1938691139221191,0.3221447467803955,1.0276308059692383,-0.2608707845211029,192
population,8,carpet,15,1400,0.017500735819339752,0.01756240613758564,-1.425079584121704,0.008244934491813183,-26.709810256958008,-7.0,7.0,1.215184211730957,0.23027904331684113,1.01192307472229,-0.29520145058631897,193
population,8,carpet,16,1400,0.027396269142627716,0.023998267948627472,-1.405820608139038,0.008236694149672985,-13.395271301269531,-7.0,7.0,1.0815097093582153,0.28184911608695984,1.16421377658844,-0.3382841944694519,194
population,8,carpet,17,1400,0.01837034337222576,0.015801209956407547,-1.3505101203918457,0.008228462189435959,-11.871519088745117,-7.0,7.0,1.1153587102890015,0.30717089772224426,1.1895583868026733,-0.35901138186454773,195
population,8,carpet,18,1400,0.019588647410273552,0.016244109719991684,-1.3560245037078857,0.008220238611102104,-8.474762916564941,-7.0,7.0,1.0729438066482544,0.2554316818714142,1.25472891330719,-0.32695272564888,196
population,8,carpet,19,1400,0.016832217574119568,0.014860900118947029,-1.3790767192840576,0.008212023414671421,-12.389440536499023,-7.0,7.0,1.152759075164795,0.27793535590171814,1.1914836168289185,-0.3396996855735779,197
population,8,carpet,20,1400,0.027578625828027725,0.02809503674507141,-1.3823665380477905,0.008203815668821335,-9.17820930480957,-7.0,7.0,1.246157169342041,0.28681761026382446,1.24055016040802,-0.35510140657424927,198
population,8,carpet,21,1400,0.009499420411884785,0.008795900270342827,-1.43218195438385,0.008195831440389156,-3.4674272537231445,-7.0,7.0,1.1633048057556152,0.30371329188346863,1.3461649417877197,-0.3825875222682953,199
population,8,carpet,22,1400,0.01687314361333847,0.015919258818030357,-1.4327573776245117,0.008187836036086082,-9.714889526367188,-7.0,7.0,1.2265187501907349,0.26539021730422974,1.2823848724365234,-0.3954297602176666,200
population,8,carpet,23,1400,0.01621229760348797,0.017402388155460358,-1.436435341835022,0.008179823867976665,-12.395111083984375,-7.0,7.0,1.2501975297927856,0.23164153099060059,1.2566345930099487,-0.3709595501422882,201
population,8,carpet,24,1400,0.023377738893032074,0.02137741819024086,-1.4503393173217773,0.008171805180609226,-6.927883625030518,-7.0,7.0,1.2150475978851318,0.3322489559650421,1.3169329166412354,-0.4010176956653595,202
population,8,carpet,25,1400,0.013906821608543396,0.014445215463638306,-1.4825009107589722,0.008163774386048317,-9.150115013122559,-7.0,7.0,1.2659573554992676,0.3123815357685089,1.33576500415802,-0.37801024317741394,203
population,8,carpet,26,1400,0.014001717790961266,0.014094574376940727,-1.4832136631011963,0.008155738934874535,-13.187481880187988,-7.0,7.0,1.1565147638320923,0.34698694944381714,1.3333996534347534,-0.37334826588630676,204
population,8,carpet,27,1400,0.02458624541759491,0.02291223220527172,-1.5396405458450317,0.00814769696444273,-18.99720573425293,-7.0,7.0,1.2858537435531616,0.24525175988674164,1.1952697038650513,-0.33795031905174255,205
population,8,carpet,28,1400,0.010219179093837738,0.007909689098596573,-1.506657361984253,0.008139651268720627,-12.854079246520996,-7.0,7.0,1.3054291009902954,0.29553934931755066,1.2789353132247925,-0.3471740782260895,206
population,8,carpet,29,1400,0.030899962410330772,0.031173141673207283,-1.5318421125411987,0.00813160091638565,-18.750720977783203,-7.0,7.0,1.3798502683639526,0.2868257462978363,1.1445518732070923,-0.31672409176826477,207
population,8,carpet,30,1400,0.014883270487189293,0.01134246215224266,-1.5560276508331299,0.008123551495373249,-21.197824478149414,-7.0,7.0,1.3069837093353271,0.23537364602088928,1.0995291471481323,-0.28928694128990173,208
population,8,carpet,31,1400,0.0136855598539114,0.01145501621067524,-1.5925862789154053,0.008115503005683422,-20.113662719726562,-7.0,7.0,1.3096132278442383,0.2287193089723587,1.1760867834091187,-0.30689311027526855,209
population,8,carpet,32,1400,0.017383543774485588,0.01641930639743805,-1.5821723937988281,0.00810745358467102,-17.299245834350586,-7.0,7.0,1.2414450645446777,0.2454947978258133,1.172256588935852,-0.31132379174232483,210
population,8,carpet,33,1400,0.012375105172395706,0.012890901416540146,-1.5114892721176147,0.008099405094981194,-12.288986206054688,-7.0,7.0,1.2671631574630737,0.3027973175048828,1.1783616542816162,-0.30520549416542053,211
population,8,carpet,34,1400,0.0133158378303051,0.012462087906897068,-1.4885870218276978,0.008091356605291367,-17.320520401000977,-7.0,7.0,1.2315304279327393,0.2788711190223694,1.134905219078064,-0.2944769859313965,212
population,8,carpet,35,1400,0.010229499079287052,0.009299947880208492,-1.490713357925415,0.008083311840891838,-16.711145401000977,-7.0,7.0,1.2182823419570923,0.2883811593055725,1.242335557937622,-0.32913532853126526,213
population,8,carpet,36,1400,0.01183759979903698,0.012760108336806297,-1.5381436347961426,0.008075268007814884,-20.746448516845703,-7.0,7.0,1.245819091796875,0.25885897874832153,1.1473780870437622,-0.29701438546180725,214
population,8,carpet,37,1400,0.01492236740887165,0.014719999395310879,-1.5512434244155884,0.008067227900028229,-16.57148551940918,-7.0,7.0,1.21061110496521,0.3520236909389496,1.1753133535385132,-0.3193829655647278,215
population,8,carpet,38,1400,0.017990272492170334,0.013604301027953625,-1.5803810358047485,0.008059192448854446,-19.039451599121094,-7.0,7.0,1.2961561679840088,0.3058136999607086,1.132076382637024,-0.2969454824924469,216
population,8,carpet,39,1400,0.015295456163585186,0.012072622776031494,-1.5802825689315796,0.008051160722970963,-14.169535636901855,-7.0,7.0,1.3068122863769531,0.24685044586658478,1.1935622692108154,-0.32268452644348145,217
population,8,carpet,40,1400,0.011321641504764557,0.009565659798681736,-1.5640045404434204,0.008043133653700352,-20.620695114135742,-7.0,7.0,1.3735078573226929,0.23052947223186493,1.203383445739746,-0.3208792209625244,218
population,8,carpet,41,1400,0.013908278197050095,0.01360359601676464,-1.5443123579025269,0.00803511030972004,-14.337989807128906,-7.0,7.0,1.2856204509735107,0.3256232738494873,1.22878897190094,-0.3424642086029053,219
population,8,carpet,42,1400,0.014410353265702724,0.01338924653828144,-1.560237169265747,0.008027095347642899,-16.109296798706055,-7.0,7.0,1.3434088230133057,0.2659708559513092,1.2081483602523804,-0.3398541808128357,220
population,8,carpet,43,1400,0.01661313697695732,0.015239411033689976,-1.5944312810897827,0.008019084110856056,-18.496681213378906,-7.0,7.0,1.34819757938385,0.2878309488296509,1.116705298423767,-0.30170589685440063,221
population,8,carpet,44,1400,0.011068505235016346,0.01418354082852602,-1.6161692142486572,0.008011081255972385,-18.649417877197266,-7.0,7.0,1.334778904914856,0.25822803378105164,1.1367415189743042,-0.3091890513896942,222
population,8,carpet,45,1400,0.009914984926581383,0.010360187850892544,-1.5806328058242798,0.008003082126379013,-30.080293655395508,-7.0,7.0,1.2452497482299805,0.33392074704170227,1.0644075870513916,-0.31482067704200745,223
population,8,carpet,46,1400,0.011758415959775448,0.010237923823297024,-1.5862212181091309,0.007995091378688812,-19.21816635131836,-7.0,7.0,1.3414382934570312,0.22728915512561798,1.1202725172042847,-0.2963925302028656,224
population,8,carpet,47,1400,0.010982861742377281,0.012996993958950043,-1.4987800121307373,0.00798710435628891,-24.385635375976562,-7.0,7.0,1.2615121603012085,0.25636568665504456,1.0424343347549438,-0.28252413868904114,225
population,8,carpet,48,1400,0.020753666758537292,0.025576846674084663,-1.4656949043273926,0.007979125715792179,-30.168981552124023,-7.0,7.0,1.3466542959213257,0.2997939884662628,0.9770069122314453,-0.2766878008842468,226
population,8,carpet,49,1400,0.024750523269176483,0.020929833874106407,-1.4795687198638916,0.007971151731908321,-32.177703857421875,-7.0,7.0,1.3827491998672485,0.2898581624031067,0.9313087463378906,-0.2539517283439636,227
population,8,carpet,50,1400,0.01263404916971922,0.01383674331009388,-1.5666394233703613,0.007963184267282486,-32.017921447753906,-7.0,7.0,1.2842075824737549,0.28338611125946045,0.9583730101585388,-0.2677948474884033,228
individual,9,carpet,1,1575,0.011408106423914433,0.011431450955569744,-1.5277583599090576,0.007953416556119919,-38.35041809082031,-7.0,7.0,1.329810380935669,0.31905481219291687,0.6504436731338501,0.05776357278227806,229
individual,9,carpet,2,1575,0.029490042477846146,0.02495194599032402,-1.5266667604446411,0.007945467717945576,-31.396604537963867,-7.0,7.0,1.3746845722198486,0.24408310651779175,0.7535678744316101,0.013795619830489159,230
individual,9,carpet,3,1575,0.022013602778315544,0.018026527017354965,-1.5046218633651733,0.007937527261674404,-26.061649322509766,-7.0,7.0,1.4205739498138428,0.22773033380508423,0.8797881007194519,-0.026457544416189194,231
individual,9,carpet,4,1575,0.01770353503525257,0.015326596796512604,-1.5239981412887573,0.00792959425598383,-32.41560363769531,-7.0,7.0,1.4496248960494995,0.2992011308670044,0.7207785844802856,-0.008944584056735039,232
individual,9,carpet,5,1575,0.02462301030755043,0.027850398793816566,-1.5471069812774658,0.007921668700873852,-21.51717758178711,-7.0,7.0,1.3318487405776978,0.3758718967437744,0.903347373008728,-0.05614084377884865,233
individual,9,carpet,6,1575,0.020353103056550026,0.01776770129799843,-1.6226840019226074,0.007913751527667046,-31.968502044677734,-7.0,7.0,1.4481441974639893,0.25896355509757996,0.869580864906311,-0.1113019660115242,234
individual,9,carpet,7,1575,0.022940319031476974,0.020471885800361633,-1.5850690603256226,0.007905842736363411,-13.776176452636719,-7.0,7.0,1.4256854057312012,0.3084486424922943,1.1419774293899536,-0.19384683668613434,235
individual,9,carpet,8,1575,0.01441950723528862,0.013080611824989319,-1.6119939088821411,0.007897941395640373,-20.88741111755371,-7.0,7.0,1.433624267578125,0.32235148549079895,1.0098909139633179,-0.13655197620391846,236
individual,9,carpet,9,1575,0.01478644274175167,0.013993225060403347,-1.5760153532028198,0.007890047505497932,-13.013435363769531,-7.0,7.0,1.369189739227295,0.3477870523929596,1.1153737306594849,-0.20859113335609436,237
individual,9,carpet,10,1575,0.017386602237820625,0.016514187678694725,-1.5443655252456665,0.007882161997258663,-15.53533935546875,-7.0,7.0,1.387484073638916,0.3367863893508911,1.151656150817871,-0.2637772262096405,238
individual,9,carpet,11,1575,0.015495589934289455,0.013862610794603825,-1.516036033630371,0.007874284870922565,-7.250936508178711,-7.0,7.0,1.310467004776001,0.3507448136806488,1.2084115743637085,-0.29693272709846497,239
individual,9,carpet,12,1575,0.01944233477115631,0.018247518688440323,-1.5847803354263306,0.007866415195167065,-11.026363372802734,-7.0,7.0,1.4498236179351807,0.30329686403274536,1.147487759590149,-0.26188740134239197,240
individual,9,carpet,13,1575,0.014727534726262093,0.014353258535265923,-1.6474368572235107,0.00785855296999216,-20.23101806640625,-7.0,7.0,1.4876047372817993,0.31969016790390015,1.078737497329712,-0.27011027932167053,241
individual,9,carpet,14,1575,0.011718369089066982,0.010672047734260559,-1.687451958656311,0.007850699126720428,-20.106884002685547,-7.0,7.0,1.5506311655044556,0.24262717366218567,1.0575103759765625,-0.2552526295185089,242
individual,9,carpet,15,1575,0.024164965376257896,0.024362726137042046,-1.632352352142334,0.007842852734029293,-19.3448429107666,-7.0,7.0,1.5661630630493164,0.31234773993492126,0.9817375540733337,-0.26257598400115967,243
individual,9,carpet,16,1575,0.012888309545814991,0.013395524583756924,-1.7336492538452148,0.00783501472324133,-15.657905578613281,-7.0,7.0,1.5441383123397827,0.23775774240493774,0.9514531493186951,-0.24180170893669128,244
individual,9,carpet,17,1575,0.016984129324555397,0.01940012350678444,-1.713066577911377,0.007827184163033962,-22.75296401977539,-7.0,7.0,1.4684761762619019,0.3579384386539459,0.9518397450447083,-0.2640132009983063,245
individual,9,carpet,18,1575,0.019042763859033585,0.01828799769282341,-1.681177020072937,0.007819361053407192,-29.755836486816406,-7.0,7.0,1.5668960809707642,0.347162127494812,0.8900918960571289,-0.24645087122917175,246
individual,9,carpet,19,1575,0.03404320403933525,0.03352442383766174,-1.6879465579986572,0.007811546325683594,-30.93128776550293,-7.0,7.0,1.5657299757003784,0.27846455574035645,0.800142765045166,-0.20076309144496918,247
individual,9,carpet,20,1575,0.015809783712029457,0.014139615930616856,-1.7464120388031006,0.007803739048540592,-32.1646614074707,-7.0,7.0,1.5867253541946411,0.18158675730228424,0.7204706072807312,-0.1634087860584259,248
individual,9,carpet,21,1575,0.019800912588834763,0.01910744421184063,-1.742940902709961,0.007795940153300762,-27.636905670166016,-7.0,7.0,1.5678038597106934,0.2891221344470978,0.817772388458252,-0.18421366810798645,249
individual,9,carpet,22,1575,0.023692606016993523,0.020858587697148323,-1.7879817485809326,0.007788148242980242,-27.439054489135742,-7.0,7.0,1.4360074996948242,0.28381121158599854,0.8675135374069214,-0.1993592083454132,250
individual,9,carpet,23,1575,0.01672293245792389,0.016643861308693886,-1.7202177047729492,0.007780364714562893,-23.72625160217285,-7.0,7.0,1.4777964353561401,0.34730464220046997,0.9313110709190369,-0.21959365904331207,251
individual,9,carpet,24,1575,0.012633809819817543,0.01204773411154747,-1.6722170114517212,0.007772588636726141,-21.261062622070312,-7.0,7.0,1.4911701679229736,0.31505563855171204,0.9143047332763672,-0.19727492332458496,252
individual,9,carpet,25,1575,0.012881236150860786,0.010768627747893333,-1.6409746408462524,0.007764820475131273,-32.334861755371094,-7.0,7.0,1.5212819576263428,0.2790514826774597,0.8376925587654114,-0.20241215825080872,253
individual,9,carpet,26,1575,0.026818782091140747,0.025364022701978683,-1.6737675666809082,0.00775706022977829,-21.965181350708008,-7.0,7.0,1.6042181253433228,0.28107935190200806,0.9850321412086487,-0.19604845345020294,254
individual,9,carpet,27,1575,0.016820091754198074,0.015122952871024609,-1.7649961709976196,0.0077493079006671906,-23.517492294311523,-7.0,7.0,1.5172736644744873,0.23977915942668915,1.0834141969680786,-0.23287589848041534,255
individual,9,carpet,28,1575,0.02111264504492283,0.01839374750852585,-1.8164366483688354,0.007741563022136688,-18.691179275512695,-7.0,7.0,1.5479209423065186,0.29973623156547546,1.1172457933425903,-0.25736603140830994,256
individual,9,carpet,29,1575,0.02012811228632927,0.01827700436115265,-1.7724292278289795,0.007733825594186783,-23.748279571533203,-7.0,7.0,1.4529004096984863,0.30954065918922424,1.1119664907455444,-0.2911902964115143,257
individual,9,carpet,30,1575,0.016261443495750427,0.015997616574168205,-1.7554974555969238,0.007726096082478762,-19.338239669799805,-7.0,7.0,1.6093828678131104,0.29215916991233826,1.1091593503952026,-0.2826274335384369,258
individual,9,carpet,31,1575,0.02693946100771427,0.02471155673265457,-1.715874195098877,0.007718374487012625,-15.298054695129395,-7.0,7.0,1.637603759765625,0.2826717495918274,1.1040412187576294,-0.3002365529537201,259
individual,9,carpet,32,1575,0.02672290988266468,0.023762140423059464,-1.7055909633636475,0.007710660807788372,-21.56675910949707,-7.0,7.0,1.5625241994857788,0.2980961799621582,1.0668412446975708,-0.3247896134853363,260
individual,9,carpet,33,1575,0.00989866815507412,0.010396044701337814,-1.8190313577651978,0.007702954579144716,-19.143064498901367,-7.0,7.0,1.6073169708251953,0.3271588683128357,1.0753754377365112,-0.3396212160587311,261
individual,9,carpet,34,1575,0.015161044895648956,0.014948603697121143,-1.835280418395996,0.007695255801081657,-29.321584701538086,-7.0,7.0,1.5643234252929688,0.3685499131679535,1.1098968982696533,-0.3589346706867218,262
individual,9,carpet,35,1575,0.012791606597602367,0.011311006732285023,-1.8633545637130737,0.007687564939260483,-17.594058990478516,-7.0,7.0,1.710930347442627,0.2794729769229889,1.150990605354309,-0.35178932547569275,263
individual,9,carpet,36,1575,0.021497176960110664,0.02232542261481285,-1.8373852968215942,0.007679881993681192,-20.053630828857422,-7.0,7.0,1.6595418453216553,0.3242427408695221,1.1186023950576782,-0.3655444085597992,264
individual,9,carpet,37,1575,0.01879531517624855,0.01924263685941696,-1.8063132762908936,0.007672206498682499,-21.966312408447266,-7.0,7.0,1.7232167720794678,0.1906568557024002,1.1638752222061157,-0.35110506415367126,265
individual,9,carpet,38,1575,0.012269247323274612,0.011464639566838741,-1.8260267972946167,0.007664538454264402,-16.08785629272461,-7.0,7.0,1.6043469905853271,0.31168439984321594,1.1838523149490356,-0.401843786239624,266
individual,9,carpet,39,1575,0.012026894837617874,0.012302407063543797,-1.8595585823059082,0.00765687832608819,-19.531108856201172,-7.0,7.0,1.6489661931991577,0.2729434669017792,1.1700897216796875,-0.3908044695854187,267
individual,9,carpet,40,1575,0.01823418214917183,0.01808784157037735,-1.8360751867294312,0.007649226114153862,-14.230605125427246,-7.0,7.0,1.648475170135498,0.3263096213340759,1.1944968700408936,-0.4034634232521057,268
individual,9,carpet,41,1575,0.01754373498260975,0.01957557164132595,-1.9076595306396484,0.0076415808871388435,-20.822786331176758,-7.0,7.0,1.7140069007873535,0.3058353066444397,1.1403244733810425,-0.3940151631832123,269
individual,9,carpet,42,1575,0.021297307685017586,0.02035987190902233,-1.8881943225860596,0.007633944042026997,-14.765897750854492,-7.0,7.0,1.7114477157592773,0.2928333878517151,1.226096749305725,-0.39617282152175903,270
individual,9,carpet,43,1575,0.015153080224990845,0.014829919673502445,-1.9017374515533447,0.007626314181834459,-13.95166015625,-7.0,7.0,1.7440263032913208,0.260591983795166,1.2605494260787964,-0.38630083203315735,271
individual,9,carpet,44,1575,0.019867951050400734,0.02438700571656227,-1.8489302396774292,0.007618692237883806,-21.91278076171875,-7.0,7.0,1.7324930429458618,0.20893116295337677,1.109965443611145,-0.37615323066711426,272
individual,9,carpet,45,1575,0.01748780347406864,0.014965523034334183,-1.8327819108963013,0.007611078210175037,-18.568225860595703,-7.0,7.0,1.6420190334320068,0.3960999548435211,1.135894536972046,-0.3930986523628235,273
individual,9,carpet,46,1575,0.011100014671683311,0.012562690302729607,-1.888299584388733,0.007603471167385578,-16.70427131652832,-7.0,7.0,1.6532999277114868,0.37094566226005554,1.0450907945632935,-0.37734606862068176,274
individual,9,carpet,47,1575,0.009010271169245243,0.008009908720850945,-1.895175576210022,0.007595872040838003,-22.964431762695312,-7.0,7.0,1.7073242664337158,0.2632123827934265,1.088467001914978,-0.35074201226234436,275
individual,9,carpet,48,1575,0.016839101910591125,0.0170595683157444,-1.9018032550811768,0.007588280830532312,-26.134689331054688,-7.0,7.0,1.6514980792999268,0.23350432515144348,1.0712201595306396,-0.3465028405189514,276
individual,9,carpet,49,1575,0.01093926839530468,0.010229453444480896,-1.8454796075820923,0.007580696605145931,-22.84536361694336,-7.0,7.0,1.682592511177063,0.3249012529850006,1.0285829305648804,-0.343131959438324,277
individual,9,carpet,50,1575,0.01551436074078083,0.014598514884710312,-1.8677865266799927,0.007573120296001434,-26.203479766845703,-7.0,7.0,1.7390856742858887,0.30313530564308167,1.0263879299163818,-0.3316383361816406,278
population,9,carpet,1,1575,0.022738676518201828,0.02257644198834896,-1.6243916749954224,0.007955226115882397,-32.29030990600586,-7.0,7.0,1.3416556119918823,0.22282060980796814,0.9689227938652039,-0.2686147093772888,229
population,9,carpet,2,1575,0.024119345471262932,0.023049253970384598,-1.672151803970337,0.007947275415062904,-29.368946075439453,-7.0,7.0,1.4431837797164917,0.20929200947284698,0.9524804353713989,-0.23732054233551025,230
population,9,carpet,3,1575,0.012383639812469482,0.012000583112239838,-1.593045949935913,0.00793932843953371,-27.806259155273438,-7.0,7.0,1.3630945682525635,0.28071409463882446,1.0417282581329346,-0.2923217713832855,231
population,9,carpet,4,1575,0.01840704306960106,0.016829127445816994,-1.6081045866012573,0.007931389845907688,-28.314332962036133,-7.0,7.0,1.410008430480957,0.29635265469551086,1.0285532474517822,-0.2973656952381134,232
population,9,carpet,5,1575,0.019317645579576492,0.021557457745075226,-1.6063064336776733,0.007923459634184837,-20.02450180053711,-7.0,7.0,1.4194527864456177,0.31915169954299927,1.108176589012146,-0.3051799237728119,233
population,9,carpet,6,1575,0.016502754762768745,0.01678646355867386,-1.666215181350708,0.007915536873042583,-25.2528133392334,-7.0,7.0,1.4566330909729004,0.2959231436252594,1.1651240587234497,-0.321299284696579,234
population,9,carpet,7,1575,0.018058808520436287,0.015969209372997284,-1.7473881244659424,0.007907622493803501,-18.761249542236328,-7.0,7.0,1.3868041038513184,0.34751108288764954,1.193442702293396,-0.34201380610466003,235
population,9,carpet,8,1575,0.023282382637262344,0.023790277540683746,-1.7745685577392578,0.007899715565145016,-16.346895217895508,-7.0,7.0,1.425144910812378,0.2777025103569031,1.2096192836761475,-0.34172528982162476,236
population,9,carpet,9,1575,0.017367862164974213,0.01872444711625576,-1.6993966102600098,0.007891816087067127,-14.565181732177734,-7.0,7.0,1.3895299434661865,0.27322179079055786,1.2939749956130981,-0.35399556159973145,237
population,9,carpet,10,1575,0.019597431644797325,0.02054283209145069,-1.654371738433838,0.00788392499089241,-14.580857276916504,-7.0,7.0,1.3945558071136475,0.30590659379959106,1.2871350049972534,-0.35099005699157715,238
population,9,carpet,11,1575,0.033838652074337006,0.0360988974571228,-1.6023181676864624,0.007876038551330566,-13.473319053649902,-7.0,7.0,1.4992023706436157,0.2618064284324646,1.2816463708877563,-0.3472556471824646,239
population,9,carpet,12,1575,0.018102195113897324,0.019272584468126297,-1.60794997215271,0.00786815956234932,-13.711509704589844,-7.0,7.0,1.3472096920013428,0.29336580634117126,1.2639070749282837,-0.35036900639533997,240
population,9,carpet,13,1575,0.0240884181112051,0.02503374218940735,-1.7019864320755005,0.00786028802394867,-13.681341171264648,-7.0,7.0,1.4054858684539795,0.3513101041316986,1.2607545852661133,-0.3544531464576721,241
population,9,carpet,14,1575,0.012051454745233059,0.011921878904104233,-1.7661696672439575,0.007852424867451191,-19.734512329101562,-7.0,7.0,1.3951492309570312,0.2971656918525696,1.2042582035064697,-0.3341415524482727,242
population,9,carpet,15,1575,0.020960964262485504,0.021843617781996727,-1.8245915174484253,0.00784456916153431,-19.92104721069336,-7.0,7.0,1.488670825958252,0.28012219071388245,1.1673322916030884,-0.31616219878196716,243
population,9,carpet,16,1575,0.023954210802912712,0.026282522827386856,-1.7717207670211792,0.0078367218375206,-25.983245849609375,-7.0,7.0,1.5201261043548584,0.21216405928134918,1.1081629991531372,-0.2827604413032532,244
population,9,carpet,17,1575,0.013940832577645779,0.013600223697721958,-1.66877281665802,0.007828881964087486,-29.136001586914062,-7.0,7.0,1.4716440439224243,0.3228755593299866,1.0179004669189453,-0.27269405126571655,245
population,9,carpet,18,1575,0.015073246322572231,0.014539526775479317,-1.6335147619247437,0.007821050472557545,-26.918107986450195,-7.0,7.0,1.4287757873535156,0.2918112277984619,0.99575275182724,-0.26471903920173645,246
population,9,carpet,19,1575,0.014848361723124981,0.018578743562102318,-1.595846176147461,0.0078132264316082,-31.767934799194336,-7.0,7.0,1.5072245597839355,0.24618923664093018,0.965142548084259,-0.23866049945354462,247
population,9,carpet,20,1575,0.016293225809931755,0.016202565282583237,-1.6905449628829956,0.00780541030690074,-36.750274658203125,-7.0,7.0,1.58340585231781,0.25762051343917847,0.8941866159439087,-0.217291459441185,248
population,9,carpet,21,1575,0.017874576151371002,0.017274416983127594,-1.7370918989181519,0.007797601632773876,-36.78076934814453,-7.0,7.0,1.4748209714889526,0.2611840069293976,0.9145217537879944,-0.22163614630699158,249
population,9,carpet,22,1575,0.024968614801764488,0.025897135958075523,-1.7796498537063599,0.007789801340550184,-36.03724670410156,-7.0,7.0,1.5357730388641357,0.2619289755821228,0.8941701054573059,-0.2182106077671051,250
population,9,carpet,23,1575,0.016952890902757645,0.016804052516818047,-1.6859616041183472,0.007782008498907089,-36.23670959472656,-7.0,7.0,1.5798228979110718,0.29023945331573486,0.8893576860427856,-0.2039593607187271,251
population,9,carpet,24,1575,0.019654588773846626,0.020177185535430908,-1.6885788440704346,0.0077742235735058784,-33.52680587768555,-7.0,7.0,1.535964846611023,0.2506660521030426,0.9221858978271484,-0.20082683861255646,252
population,9,carpet,25,1575,0.03228173032402992,0.034558072686195374,-1.6677782535552979,0.007766446098685265,-29.966514587402344,-7.0,7.0,1.6569839715957642,0.25029274821281433,0.894505500793457,-0.19037365913391113,253
population,9,carpet,26,1575,0.014552026987075806,0.015018635429441929,-1.7333400249481201,0.007758677005767822,-31.99583625793457,-7.0,7.0,1.5988305807113647,0.3027658760547638,0.8709051012992859,-0.18937289714813232,254
population,9,carpet,27,1575,0.032523125410079956,0.0308377705514431,-1.8252595663070679,0.007750915363430977,-33.95866012573242,-7.0,7.0,1.6146858930587769,0.2356572300195694,0.8630419373512268,-0.18538281321525574,255
population,9,carpet,28,1575,0.025811966508626938,0.025761965662240982,-1.8365153074264526,0.007743161171674728,-40.46831130981445,-7.0,7.0,1.6454445123672485,0.18452684581279755,0.847514808177948,-0.1790771633386612,256
population,9,carpet,29,1575,0.016590965911746025,0.014071217738091946,-1.7401328086853027,0.0077354153618216515,-36.326759338378906,-7.0,7.0,1.6538891792297363,0.2788982391357422,0.7831095457077026,-0.173623725771904,257
population,9,carpet,30,1575,0.01405087299644947,0.013133475556969643,-1.7356362342834473,0.0077276770025491714,-31.42576789855957,-7.0,7.0,1.604349970817566,0.2306213527917862,0.8616533279418945,-0.17887048423290253,258
population,9,carpet,31,1575,0.02821899764239788,0.03146670013666153,-1.7246789932250977,0.007719946093857288,-37.16976547241211,-7.0,7.0,1.6395865678787231,0.30060505867004395,0.8362979888916016,-0.18127207458019257,259
population,9,carpet,32,1575,0.025693746283650398,0.02745850756764412,-1.811600685119629,0.007712223567068577,-35.27631378173828,-7.0,7.0,1.7010639905929565,0.2336038202047348,0.8096605539321899,-0.17172178626060486,260
population,9,carpet,33,1575,0.0313291996717453,0.027140704914927483,-1.903232455253601,0.007704508490860462,-32.31473922729492,-7.0,7.0,1.628360629081726,0.2848605215549469,0.8601005673408508,-0.18764428794384003,261
population,9,carpet,34,1575,0.027570290490984917,0.030019253492355347,-1.9454315900802612,0.0076968008652329445,-31.024288177490234,-7.0,7.0,1.563513159751892,0.3420996367931366,0.8900051116943359,-0.19779571890830994,262
population,9,carpet,35,1575,0.016403861343860626,0.01770513504743576,-1.8886401653289795,0.007689101155847311,-27.323101043701172,-7.0,7.0,1.5733850002288818,0.2999298870563507,0.9113596677780151,-0.20400908589363098,263
population,9,carpet,36,1575,0.019170720130205154,0.01633596234023571,-1.7956631183624268,0.0076814088970422745,-29.991958618164062,-7.0,7.0,1.687064290046692,0.2230169177055359,0.9374065399169922,-0.20540450513362885,264
population,9,carpet,37,1575,0.03622749447822571,0.033541806042194366,-1.7458643913269043,0.007673724554479122,-26.69399642944336,-7.0,7.0,1.614119291305542,0.335757315158844,1.012399435043335,-0.2219225913286209,265
population,9,carpet,38,1575,0.02513102814555168,0.025315869599580765,-1.7557770013809204,0.007666048128157854,-25.121084213256836,-7.0,7.0,1.6327165365219116,0.3116738200187683,0.9866933226585388,-0.2244507223367691,266
population,9,carpet,39,1575,0.02139996737241745,0.01662258431315422,-1.9168508052825928,0.007658379152417183,-22.450000762939453,-7.0,7.0,1.6911689043045044,0.23854254186153412,1.051458716392517,-0.24001777172088623,267
population,9,carpet,40,1575,0.016678813844919205,0.01609671115875244,-1.9404487609863281,0.007650717627257109,-20.22290802001953,-7.0,7.0,1.6880145072937012,0.23039883375167847,1.0102205276489258,-0.23834069073200226,268
population,9,carpet,41,1575,0.014253129251301289,0.016776323318481445,-1.9616059064865112,0.007643064018338919,-27.45734214782715,-7.0,7.0,1.6913793087005615,0.2703333795070648,0.9803605675697327,-0.2274823635816574,269
population,9,carpet,42,1575,0.015713153406977654,0.017135631293058395,-1.8619508743286133,0.007635418325662613,-27.161409378051758,-7.0,7.0,1.6385846138000488,0.2721494436264038,0.9445313811302185,-0.2194659560918808,270
population,9,carpet,43,1575,0.012087461538612843,0.01248487364500761,-1.7824925184249878,0.007627780083566904,-28.504825592041016,-7.0,7.0,1.6229044198989868,0.274262398481369,0.9079398512840271,-0.21849533915519714,271
population,9,carpet,44,1575,0.014897501096129417,0.01575440913438797,-1.7755169868469238,0.007620149292051792,-31.18994903564453,-7.0,7.0,1.6267988681793213,0.22874973714351654,0.8860060572624207,-0.2131645530462265,272
population,9,carpet,45,1575,0.02188801020383835,0.022838041186332703,-1.7956161499023438,0.0076125264167785645,-29.678550720214844,-7.0,7.0,1.665306568145752,0.3330465257167816,0.8921583890914917,-0.21757782995700836,273
population,9,carpet,46,1575,0.019302595406770706,0.015555250458419323,-1.9019676446914673,0.007604910992085934,-37.956302642822266,-7.0,7.0,1.714139699935913,0.18932542204856873,0.8148064613342285,-0.2047344446182251,274
population,9,carpet,47,1575,0.009896507486701012,0.010900847613811493,-1.9556679725646973,0.0075973030179739,-32.39686584472656,-7.0,7.0,1.7125275135040283,0.31030645966529846,0.8961212038993835,-0.22602510452270508,275
population,9,carpet,48,1575,0.01363859698176384,0.014352459460496902,-1.9578996896743774,0.00758970296010375,-30.924102783203125,-7.0,7.0,1.6475157737731934,0.3179594576358795,0.9129833579063416,-0.237936869263649,276
population,9,carpet,49,1575,0.01882757805287838,0.01757202111184597,-1.9307737350463867,0.0075821103528141975,-26.891525268554688,-7.0,7.0,1.6445847749710083,0.28443172574043274,0.9539501070976257,-0.2514123320579529,277
population,9,carpet,50,1575,0.021331293508410454,0.018214300274848938,-1.9181407690048218,0.007574525196105242,-30.230640411376953,-7.0,7.0,1.7791460752487183,0.3110811412334442,0.9424665570259094,-0.2641102373600006,278
individual,10,carpet,1,1750,0.030064065009355545,0.022786419838666916,-1.8561594486236572,0.007565551437437534,-24.238773345947266,-7.0,7.0,1.7188193798065186,0.3050627112388611,1.0372081995010376,-0.3392799496650696,279
individual,10,carpet,2,1750,0.012258380651473999,0.011849255301058292,-1.9387736320495605,0.007557990495115519,-25.971670150756836,-7.0,7.0,1.784888505935669,0.3022380769252777,1.0092676877975464,-0.3157017230987549,280
individual,10,carpet,3,1750,0.01571856066584587,0.014396324753761292,-1.8896597623825073,0.007550436537712812,-24.560531616210938,-7.0,7.0,1.7325527667999268,0.24502882361412048,1.0523757934570312,-0.31361404061317444,281
individual,10,carpet,4,1750,0.008476177230477333,0.009929366409778595,-1.8819150924682617,0.0075428904965519905,-25.636137008666992,-7.0,7.0,1.7018587589263916,0.26952165365219116,1.055362582206726,-0.32760313153266907,282
individual,10,carpet,5,1750,0.015221219509840012,0.01589849777519703,-1.8712689876556396,0.0075353519059717655,-25.7828369140625,-7.0,7.0,1.7749454975128174,0.26136428117752075,1.0130138397216797,-0.3144514858722687,283
individual,10,carpet,6,1750,0.018370371311903,0.017608387395739555,-1.8647552728652954,0.0075278207659721375,-28.0518856048584,-7.0,7.0,1.7426596879959106,0.2749767005443573,0.9779825806617737,-0.30070993304252625,284
individual,10,carpet,7,1750,0.016935111954808235,0.01482648216187954,-1.8798828125,0.007520297542214394,-30.73188591003418,-7.0,7.0,1.8128551244735718,0.24290841817855835,0.9453997611999512,-0.26912257075309753,285
individual,10,carpet,8,1750,0.007839110679924488,0.0066877976059913635,-1.9196304082870483,0.007512781303375959,-30.77023696899414,-7.0,7.0,1.7527801990509033,0.2677094638347626,0.8881941437721252,-0.26706650853157043,286
individual,10,carpet,9,1750,0.015383061021566391,0.012702705338597298,-1.9294757843017578,0.007505272980779409,-40.707515716552734,-7.0,7.0,1.8325114250183105,0.25593653321266174,0.7679231762886047,-0.22690899670124054,287
individual,10,carpet,10,1750,0.017696069553494453,0.015377538278698921,-1.9092739820480347,0.007497772108763456,-34.94265365600586,-7.0,7.0,1.81472909450531,0.3257126808166504,0.7992202639579773,-0.22778938710689545,288
individual,10,carpet,11,1750,0.01216188259422779,0.012388628907501698,-1.936503291130066,0.0074902786873281,-41.87559509277344,-7.0,7.0,1.816970944404602,0.23693743348121643,0.6180020570755005,-0.17916472256183624,289
individual,10,carpet,12,1750,0.015722695738077164,0.01762012392282486,-1.964997410774231,0.007482792250812054,-42.868770599365234,-7.0,7.0,1.869433045387268,0.22310790419578552,0.5619097948074341,-0.1477590948343277,290
individual,10,carpet,13,1750,0.02392629347741604,0.024164944887161255,-1.8960630893707275,0.007475314196199179,-39.81918716430664,-7.0,7.0,1.714077353477478,0.3832421600818634,0.6266649961471558,-0.1817256063222885,291
individual,10,carpet,14,1750,0.013179613277316093,0.013448510318994522,-1.9591248035430908,0.007467843126505613,-47.9941520690918,-7.0,7.0,1.841160535812378,0.2888621389865875,0.4652934968471527,-0.11545103043317795,292
individual,10,carpet,15,1750,0.009693486616015434,0.008505354635417461,-1.943693995475769,0.007460379507392645,-45.13158416748047,-7.0,7.0,1.7955368757247925,0.3210185468196869,0.5178075432777405,-0.1318182349205017,293
individual,10,carpet,16,1750,0.011874035932123661,0.01024008821696043,-1.9653997421264648,0.007452923338860273,-47.815208435058594,-7.0,7.0,1.7788811922073364,0.2942456305027008,0.49299976229667664,-0.11505627632141113,294
individual,10,carpet,17,1750,0.024219071492552757,0.022957375273108482,-1.9614262580871582,0.007445474620908499,-48.76049041748047,-7.0,7.0,1.7836531400680542,0.30311018228530884,0.4640066623687744,-0.09458084404468536,295
individual,10,carpet,18,1750,0.017600180581212044,0.016016757115721703,-1.8912103176116943,0.007438033353537321,-46.714595794677734,-7.0,7.0,1.7038699388504028,0.32475680112838745,0.5422770380973816,-0.11195998638868332,296
individual,10,carpet,19,1750,0.018328679725527763,0.01860150881111622,-1.927760124206543,0.00743059953674674,-43.09841537475586,-7.0,7.0,1.8283625841140747,0.2683332860469818,0.4946794807910919,-0.08017422258853912,297
individual,10,carpet,20,1750,0.015780795365571976,0.015232286415994167,-1.949171543121338,0.0074231731705367565,-45.666934967041016,-7.0,7.0,1.799635410308838,0.2814713418483734,0.4940774142742157,-0.08544094115495682,298
individual,10,carpet,21,1750,0.008149312809109688,0.008542430587112904,-1.9720209836959839,0.00741575425490737,-45.160919189453125,-7.0,7.0,1.7186493873596191,0.276572048664093,0.5180394649505615,-0.10700435191392899,299
individual,10,carpet,22,1750,0.014748363755643368,0.013521729037165642,-2.0455589294433594,0.00740834278985858,-47.08477020263672,-7.0,7.0,1.912966012954712,0.2510754466056824,0.454408198595047,-0.08799874782562256,300
individual,10,carpet,23,1750,0.014853525906801224,0.01482717040926218,-2.029646158218384,0.007400938775390387,-48.322689056396484,-7.0,7.0,1.899667739868164,0.23231850564479828,0.43519777059555054,-0.0748969167470932,301
individual,10,carpet,24,1750,0.015403149649500847,0.014425467699766159,-1.9952949285507202,0.0073935422115027905,-43.16221618652344,-7.0,7.0,1.8201837539672852,0.2934347689151764,0.5219351649284363,-0.1141454353928566,302
individual,10,carpet,25,1750,0.008984587155282497,0.008809370920062065,-1.9729926586151123,0.007386152632534504,-46.21635055541992,-7.0,7.0,1.8304307460784912,0.263482004404068,0.4804895520210266,-0.09739983081817627,303
individual,10,carpet,26,1750,0.03379346430301666,0.031559839844703674,-1.9681172370910645,0.007378770969808102,-46.898746490478516,-7.0,7.0,1.9124521017074585,0.2858540117740631,0.5214220881462097,-0.11802800744771957,304
individual,10,carpet,27,1750,0.016952812671661377,0.019123796373605728,-2.025114059448242,0.007371396292001009,-47.578651428222656,-7.0,7.0,1.9121795892715454,0.2856800854206085,0.47605228424072266,-0.11131919920444489,305
individual,10,carpet,28,1750,0.016976138576865196,0.018523195758461952,-2.1212313175201416,0.007364029064774513,-40.55572509765625,-7.0,7.0,1.93272864818573,0.2924986779689789,0.5260157585144043,-0.1128392368555069,306
individual,10,carpet,29,1750,0.03206295147538185,0.02756575122475624,-2.0917375087738037,0.007356669288128614,-40.14095687866211,-7.0,7.0,1.8023178577423096,0.23463524878025055,0.6028978228569031,-0.13495635986328125,307
individual,10,carpet,30,1750,0.010235856287181377,0.012167169712483883,-1.9688493013381958,0.0073493169620633125,-41.816795349121094,-7.0,7.0,1.8838460445404053,0.24300281703472137,0.5786836743354797,-0.1285630613565445,308
individual,10,carpet,31,1750,0.02218988724052906,0.024253901094198227,-1.9086710214614868,0.00734197162091732,-39.50382614135742,-7.0,7.0,1.8623180389404297,0.2864605188369751,0.6888230443000793,-0.16188116371631622,309
individual,10,carpet,32,1750,0.020723771303892136,0.016904952004551888,-1.928889274597168,0.007334633730351925,-36.712459564208984,-7.0,7.0,1.8852397203445435,0.263006329536438,0.6399148106575012,-0.16072975099086761,310
individual,10,carpet,33,1750,0.008115561679005623,0.006979241967201233,-2.025867223739624,0.0073273032903671265,-32.788089752197266,-7.0,7.0,1.8315681219100952,0.38771212100982666,0.7488652467727661,-0.2269471436738968,311
individual,10,carpet,34,1750,0.01827395334839821,0.01853923499584198,-2.144092559814453,0.007319980300962925,-27.935808181762695,-7.0,7.0,1.8596174716949463,0.38160955905914307,0.8450146913528442,-0.2443823665380478,312
individual,10,carpet,35,1750,0.02571244351565838,0.022740237414836884,-2.1464896202087402,0.00731266476213932,-30.656879425048828,-7.0,7.0,1.9036871194839478,0.292295902967453,0.7429651021957397,-0.22222328186035156,313
individual,10,carpet,36,1750,0.011075486429035664,0.011506229639053345,-2.0842125415802,0.007305356208235025,-37.35224533081055,-7.0,7.0,1.9046368598937988,0.35949602723121643,0.7337304353713989,-0.24552002549171448,314
individual,10,carpet,37,1750,0.03300875052809715,0.03287303075194359,-1.961122751235962,0.007298055104911327,-33.0949592590332,-7.0,7.0,1.9122765064239502,0.32917237281799316,0.6952476501464844,-0.23487068712711334,315
individual,10,carpet,38,1750,0.023715712130069733,0.02203822135925293,-1.9876341819763184,0.007290760986506939,-37.54717254638672,-7.0,7.0,1.8916771411895752,0.32370954751968384,0.6696548461914062,-0.23469428718090057,316
individual,10,carpet,39,1750,0.009639957919716835,0.009696541354060173,-2.030653476715088,0.007283474318683147,-40.16943359375,-7.0,7.0,1.8564002513885498,0.32044363021850586,0.6718330383300781,-0.2350824922323227,317
individual,10,carpet,40,1750,0.017419418320059776,0.017874911427497864,-2.1501975059509277,0.007276195101439953,-44.772613525390625,-7.0,7.0,1.9380395412445068,0.27231675386428833,0.623563826084137,-0.2014220952987671,318
individual,10,carpet,41,1750,0.029918653890490532,0.028158649802207947,-2.1730618476867676,0.007268922869116068,-41.65510940551758,-7.0,7.0,1.9681482315063477,0.25639858841896057,0.5637272596359253,-0.19545188546180725,319
individual,10,carpet,42,1750,0.015884580090641975,0.015627536922693253,-2.1074681282043457,0.00726165808737278,-46.7537956237793,-7.0,7.0,1.9175260066986084,0.28750282526016235,0.5466790795326233,-0.18592789769172668,320
individual,10,carpet,43,1750,0.0263806339353323,0.02392290160059929,-2.00919246673584,0.007254400756210089,-43.45547103881836,-7.0,7.0,1.955985426902771,0.27088382840156555,0.585932195186615,-0.18520615994930267,321
individual,10,carpet,44,1750,0.015495121479034424,0.014318853616714478,-2.0115606784820557,0.007247150409966707,-45.196434020996094,-7.0,7.0,1.9675322771072388,0.2515834867954254,0.5227543115615845,-0.17889942228794098,322
individual,10,carpet,45,1750,0.020604535937309265,0.01799982413649559,-2.120328903198242,0.007239907514303923,-44.670326232910156,-7.0,7.0,1.9724688529968262,0.29276472330093384,0.5716759562492371,-0.19723007082939148,323
individual,10,carpet,46,1750,0.028639651834964752,0.02815936878323555,-2.189518690109253,0.007232671603560448,-44.10123825073242,-7.0,7.0,1.9626257419586182,0.28575289249420166,0.5453477501869202,-0.19085948169231415,324
individual,10,carpet,47,1750,0.025570157915353775,0.018942784518003464,-2.168950080871582,0.00722544314339757,-40.79550552368164,-7.0,7.0,1.8871989250183105,0.2681730389595032,0.5372099280357361,-0.1966533213853836,325
individual,10,carpet,48,1750,0.016296664252877235,0.01589524932205677,-2.1204187870025635,0.0072182221338152885,-47.257598876953125,-7.0,7.0,2.0181407928466797,0.24052897095680237,0.5340569019317627,-0.19001221656799316,326
individual,10,carpet,49,1750,0.02710871398448944,0.025698082521557808,-2.013929605484009,0.00721100764349103,-43.532432556152344,-7.0,7.0,1.9676218032836914,0.33592867851257324,0.5324841737747192,-0.19711728394031525,327
individual,10,carpet,50,1750,0.023996874690055847,0.019133636727929115,-2.0924103260040283,0.007203801069408655,-44.300838470458984,-7.0,7.0,2.0280568599700928,0.28737732768058777,0.5535786747932434,-0.2022477090358734,328
population,10,carpet,1,1750,0.01392773725092411,0.012810629792511463,-1.9440101385116577,0.00756694795563817,-31.79692840576172,-7.0,7.0,1.6966238021850586,0.25518614053726196,0.9706054925918579,-0.281507670879364,279
population,10,carpet,2,1750,0.013027435168623924,0.010950145311653614,-1.9506044387817383,0.007559378165751696,-25.452037811279297,-7.0,7.0,1.7463754415512085,0.21754102408885956,1.0002076625823975,-0.29579633474349976,280
population,10,carpet,3,1750,0.015254924073815346,0.016104793176054955,-1.905634880065918,0.007551815826445818,-22.326396942138672,-7.0,7.0,1.7401256561279297,0.2898601293563843,1.0846954584121704,-0.3299509584903717,281
population,10,carpet,4,1750,0.012488534674048424,0.011314365081489086,-1.8766686916351318,0.007544260937720537,-18.82056999206543,-7.0,7.0,1.721042275428772,0.2745104134082794,1.1482621431350708,-0.3552887737751007,282
population,10,carpet,5,1750,0.02085558883845806,0.016133178025484085,-1.911136507987976,0.007536713965237141,-12.414920806884766,-7.0,7.0,1.7644981145858765,0.2799278795719147,1.1903046369552612,-0.3776114881038666,283
population,10,carpet,6,1750,0.012313568033277988,0.014419169165194035,-1.9236501455307007,0.007529174443334341,-14.297744750976562,-7.0,7.0,1.7710223197937012,0.2729817032814026,1.2191354036331177,-0.3966362774372101,284
population,10,carpet,7,1750,0.013913233764469624,0.013634268194437027,-1.9028711318969727,0.007521642372012138,-17.49553680419922,-7.0,7.0,1.753345251083374,0.263518363237381,1.1727726459503174,-0.39346256852149963,285
population,10,carpet,8,1750,0.017631910741329193,0.017338071018457413,-1.8609813451766968,0.007514117751270533,-21.968429565429688,-7.0,7.0,1.7739897966384888,0.2512838542461395,1.0926216840744019,-0.37819966673851013,286
population,10,carpet,9,1750,0.018048541620373726,0.020427271723747253,-1.8724660873413086,0.007506600581109524,-25.590538024902344,-7.0,7.0,1.8545159101486206,0.26273348927497864,1.0441330671310425,-0.3735475242137909,287
population,10,carpet,10,1750,0.016608640551567078,0.016710776835680008,-1.9228042364120483,0.007499091327190399,-23.606155395507812,-7.0,7.0,1.7652448415756226,0.26535525918006897,1.039259910583496,-0.3638484477996826,288
population,10,carpet,11,1750,0.013934755697846413,0.013880073092877865,-2.0107760429382324,0.0074915895238518715,-33.99555206298828,-7.0,7.0,1.9004597663879395,0.25009214878082275,0.8809055089950562,-0.32340893149375916,289
population,10,carpet,12,1750,0.02342960052192211,0.022798696532845497,-2.0151352882385254,0.007484094705432653,-34.70559310913086,-7.0,7.0,1.8348594903945923,0.20624054968357086,0.8765049576759338,-0.32092878222465515,290
population,10,carpet,13,1750,0.0073160151951014996,0.006429689005017281,-1.9915306568145752,0.00747660780325532,-41.528438568115234,-7.0,7.0,1.8747904300689697,0.22850389778614044,0.7714477181434631,-0.29080334305763245,291
population,10,carpet,14,1750,0.009708435274660587,0.009635202586650848,-1.9312317371368408,0.007469128351658583,-48.498714447021484,-7.0,7.0,1.8682920932769775,0.21327725052833557,0.682856023311615,-0.25701767206192017,292
population,10,carpet,15,1750,0.02549046091735363,0.027210203930735588,-1.9152421951293945,0.00746165681630373,-41.57126235961914,-7.0,7.0,1.8444766998291016,0.2843417525291443,0.7404364347457886,-0.27026501297950745,293
population,10,carpet,16,1750,0.013023143634200096,0.013991639949381351,-1.976564884185791,0.007454192265868187,-39.163368225097656,-7.0,7.0,1.7726414203643799,0.26200422644615173,0.7005739808082581,-0.2566784620285034,294
population,10,carpet,17,1750,0.018061816692352295,0.017369817942380905,-2.0231902599334717,0.007446735166013241,-39.87890625,-7.0,7.0,1.7800358533859253,0.2828449606895447,0.7100316286087036,-0.2604123651981354,295
population,10,carpet,18,1750,0.01100353617221117,0.012605777941644192,-1.9735352993011475,0.007439285516738892,-42.885677337646484,-7.0,7.0,1.746242880821228,0.2981119453907013,0.6604160666465759,-0.23436449468135834,296
population,10,carpet,19,1750,0.013454564847052097,0.011786789633333683,-1.9507132768630981,0.007431843318045139,-41.765052795410156,-7.0,7.0,1.8389132022857666,0.2438378930091858,0.6273905038833618,-0.22829864919185638,297
population,10,carpet,20,1750,0.03350292891263962,0.030383380129933357,-1.8787837028503418,0.007424408569931984,-44.08092498779297,-7.0,7.0,1.801834225654602,0.36570876836776733,0.6782084107398987,-0.230484277009964,298
population,10,carpet,21,1750,0.02626878209412098,0.02655046433210373,-1.9635555744171143,0.0074169812723994255,-48.38203430175781,-7.0,7.0,1.918907880783081,0.2551654875278473,0.5514252781867981,-0.198490172624588,299
population,10,carpet,22,1750,0.022362669929862022,0.020326467230916023,-2.045131206512451,0.007409561425447464,-41.389442443847656,-7.0,7.0,1.7661811113357544,0.34288185834884644,0.6415448188781738,-0.21756835281848907,300
population,10,carpet,23,1750,0.027604900300502777,0.0261865071952343,-2.1278960704803467,0.007402149494737387,-46.171878814697266,-7.0,7.0,1.9450246095657349,0.2674173414707184,0.5834172964096069,-0.20530107617378235,301
population,10,carpet,24,1750,0.01423013024032116,0.016865015029907227,-2.1021337509155273,0.007394744083285332,-45.17749786376953,-7.0,7.0,1.968835711479187,0.2516181170940399,0.6363332867622375,-0.21643590927124023,302
population,10,carpet,25,1750,0.012349273078143597,0.013918699696660042,-1.989776372909546,0.007387346588075161,-45.087799072265625,-7.0,7.0,1.8694779872894287,0.2922992706298828,0.6358017325401306,-0.21738862991333008,303
population,10,carpet,26,1750,0.015440734103322029,0.018664315342903137,-1.9788694381713867,0.007379956543445587,-45.44096755981445,-7.0,7.0,1.8829398155212402,0.2107635736465454,0.6526359915733337,-0.2241688221693039,304
population,10,carpet,27,1750,0.010319437831640244,0.00909985788166523,-1.9865161180496216,0.00737257394939661,-41.31969451904297,-7.0,7.0,1.8632338047027588,0.2682175636291504,0.672001838684082,-0.22687621414661407,305
population,10,carpet,28,1750,0.013200887478888035,0.011928851716220379,-2.0475831031799316,0.007365198340266943,-45.60551071166992,-7.0,7.0,1.9114153385162354,0.26463136076927185,0.6562895774841309,-0.23005571961402893,306
population,10,carpet,29,1750,0.014843044802546501,0.015793921425938606,-2.0932867527008057,0.00735783064737916,-40.97552490234375,-7.0,7.0,1.8992496728897095,0.22683753073215485,0.6743165850639343,-0.23698975145816803,307
population,10,carpet,30,1750,0.010439598001539707,0.00942597258836031,-2.1105940341949463,0.0073504699394106865,-36.77452087402344,-7.0,7.0,1.8737469911575317,0.2996861934661865,0.7753157615661621,-0.2604190409183502,308
population,10,carpet,31,1750,0.01468517817556858,0.013916208408772945,-2.026355266571045,0.00734311668202281,-36.10586166381836,-7.0,7.0,1.7972147464752197,0.30539625883102417,0.7765042185783386,-0.25975877046585083,309
population,10,carpet,32,1750,0.024619365110993385,0.02192559279501438,-2.0219922065734863,0.007335770409554243,-33.25031280517578,-7.0,7.0,1.9649507999420166,0.2837004065513611,0.7831622362136841,-0.26719632744789124,310
population,10,carpet,33,1750,0.01680001989006996,0.016330236569046974,-2.0676493644714355,0.00732843205332756,-40.75176239013672,-7.0,7.0,1.931073546409607,0.3248042166233063,0.7304152250289917,-0.25288084149360657,311
population,10,carpet,34,1750,0.015324977226555347,0.014809869229793549,-2.1674492359161377,0.007321100682020187,-32.68624496459961,-7.0,7.0,1.9409985542297363,0.2760103642940521,0.7978857755661011,-0.2775276303291321,312
population,10,carpet,35,1750,0.026820622384548187,0.025587832555174828,-2.244858503341675,0.007313776761293411,-33.35266876220703,-7.0,7.0,1.9723703861236572,0.19756507873535156,0.7995301485061646,-0.2771863639354706,313
population,10,carpet,36,1750,0.014202771708369255,0.015212972648441792,-2.1259970664978027,0.007306460291147232,-33.8195915222168,-7.0,7.0,1.8397271633148193,0.33524900674819946,0.8282000422477722,-0.28900423645973206,314
population,10,carpet,37,1750,0.020021934062242508,0.017458494752645493,-2.03273344039917,0.00729915127158165,-34.55800247192383,-7.0,7.0,1.905963659286499,0.29449135065078735,0.8527782559394836,-0.29923775792121887,315
population,10,carpet,38,1750,0.03583231940865517,0.03280744329094887,-2.0460920333862305,0.007291849236935377,-36.79093933105469,-7.0,7.0,2.0172367095947266,0.3101411759853363,0.8452373147010803,-0.2960708737373352,316
population,10,carpet,39,1750,0.016748888418078423,0.019653253257274628,-2.160583019256592,0.007284554652869701,-34.6297492980957,-7.0,7.0,2.0254764556884766,0.2374243438243866,0.8643770217895508,-0.306924968957901,317
population,10,carpet,40,1750,0.017996681854128838,0.015334775671362877,-2.2305946350097656,0.007277267519384623,-33.07598114013672,-7.0,7.0,1.9028170108795166,0.3460496664047241,0.8753098249435425,-0.31284159421920776,318
population,10,carpet,41,1750,0.02975628897547722,0.03169228136539459,-2.3095920085906982,0.007269987370818853,-30.72662353515625,-7.0,7.0,2.023317575454712,0.237730473279953,0.8654283881187439,-0.3079826533794403,319
population,10,carpet,42,1750,0.00971973780542612,0.0075872489251196384,-2.22477650642395,0.007262714672833681,-31.68315887451172,-7.0,7.0,2.0543487071990967,0.263223797082901,0.8894049525260925,-0.317793071269989,320
population,10,carpet,43,1750,0.02162593975663185,0.018654154613614082,-2.1059582233428955,0.0072554489597678185,-29.41713523864746,-7.0,7.0,2.0019145011901855,0.31604939699172974,0.9038063883781433,-0.3313155770301819,321
population,10,carpet,44,1750,0.01792500726878643,0.015596220269799232,-2.0826306343078613,0.007248190697282553,-34.39844512939453,-7.0,7.0,1.970290184020996,0.33069613575935364,0.8882684707641602,-0.32596540451049805,322
population,10,carpet,45,1750,0.01738859713077545,0.01722823828458786,-2.1388368606567383,0.007240939885377884,-32.22609329223633,-7.0,7.0,2.066382646560669,0.2559445798397064,0.8786731958389282,-0.3299139440059662,323
population,10,carpet,46,1750,0.022551143541932106,0.01524103432893753,-2.270205497741699,0.007233696058392525,-28.620479583740234,-7.0,7.0,1.994797706604004,0.2868146002292633,0.86174076795578,-0.32239463925361633,324
population,10,carpet,47,1750,0.030361436307430267,0.022804247215390205,-2.2599427700042725,0.0072264596819877625,-37.78238296508789,-7.0,7.0,2.049528121948242,0.2212975174188614,0.7956832051277161,-0.31357479095458984,325
population,10,carpet,48,1750,0.017073672264814377,0.016838476061820984,-2.2025792598724365,0.00721923029050231,-33.574554443359375,-7.0,7.0,2.018005132675171,0.21395130455493927,0.8006238341331482,-0.3266247808933258,326
population,10,carpet,49,1750,0.033047907054424286,0.02479873038828373,-2.12380313873291,0.007212008349597454,-33.249874114990234,-7.0,7.0,2.0607573986053467,0.23378673195838928,0.8096780180931091,-0.3355746865272522,327
population,10,carpet,50,1750,0.015012969262897968,0.011894342489540577,-2.132829189300537,0.007204793859273195,-27.859237670898438,-7.0,7.0,1.923338770866394,0.27620062232017517,0.9140110611915588,-0.37705641984939575,328
individual,11,carpet,1,1925,0.03147187456488609,0.03101230598986149,-2.1963558197021484,0.00719660148024559,-47.120967864990234,-7.0,7.0,2.0914955139160156,0.22009946405887604,0.4860365092754364,-0.18424323201179504,329
individual,11,carpet,2,1925,0.02579674683511257,0.02043582685291767,-2.332204580307007,0.007189408876001835,-44.37831497192383,-7.0,7.0,2.142725944519043,0.2252875119447708,0.544385552406311,-0.21387794613838196,330
individual,11,carpet,3,1925,0.027997856959700584,0.02690248191356659,-2.2759904861450195,0.0071822237223386765,-42.191802978515625,-7.0,7.0,2.0329604148864746,0.2798296809196472,0.5118936896324158,-0.20877590775489807,331
individual,11,carpet,4,1925,0.015343409031629562,0.017655402421951294,-2.144925594329834,0.007175045553594828,-43.109134674072266,-7.0,7.0,2.097932815551758,0.2690901756286621,0.5393273234367371,-0.2083573043346405,332
individual,11,carpet,5,1925,0.030196016654372215,0.028155727311968803,-2.0576891899108887,0.0071678743697702885,-45.493797302246094,-7.0,7.0,2.064342498779297,0.23311907052993774,0.5495166182518005,-0.21326744556427002,333
individual,11,carpet,6,1925,0.019967667758464813,0.017487507313489914,-2.1398911476135254,0.007160710636526346,-42.35713195800781,-7.0,7.0,2.0562381744384766,0.2599661946296692,0.5854474902153015,-0.22159811854362488,334
individual,11,carpet,7,1925,0.015627315267920494,0.013318647630512714,-2.2027530670166016,0.0071535538882017136,-34.72127914428711,-7.0,7.0,2.009653091430664,0.336982786655426,0.6623432040214539,-0.24978826940059662,335
individual,11,carpet,8,1925,0.027600564062595367,0.030308155342936516,-2.2799272537231445,0.007146404590457678,-45.053043365478516,-7.0,7.0,2.1131715774536133,0.23989541828632355,0.5397650003433228,-0.216867133975029,336
individual,11,carpet,9,1925,0.015371808782219887,0.015712261199951172,-2.249188184738159,0.007139262277632952,-36.377994537353516,-7.0,7.0,2.009573221206665,0.31677305698394775,0.6350378394126892,-0.2400633841753006,337
individual,11,carpet,10,1925,0.014475919306278229,0.019362708553671837,-2.185957908630371,0.007132126949727535,-36.9440803527832,-7.0,7.0,2.1028358936309814,0.33345216512680054,0.6117468476295471,-0.23342254757881165,338
individual,11,carpet,11,1925,0.015454369597136974,0.0192990992218256,-2.200094699859619,0.007124999072402716,-40.3648681640625,-7.0,7.0,2.1102566719055176,0.2789047956466675,0.596167266368866,-0.2266441136598587,339
individual,11,carpet,12,1925,0.01744791492819786,0.01720685511827469,-2.2414731979370117,0.007117878179997206,-42.931175231933594,-7.0,7.0,2.1358494758605957,0.2588943839073181,0.554519534111023,-0.23092755675315857,340
individual,11,carpet,13,1925,0.013825822621583939,0.011299570091068745,-2.295898199081421,0.007110764272511005,-35.722755432128906,-7.0,7.0,2.142673969268799,0.32589036226272583,0.6135124564170837,-0.2471664398908615,341
individual,11,carpet,14,1925,0.02122802473604679,0.0216362364590168,-2.30867600440979,0.007103657815605402,-39.30470657348633,-7.0,7.0,2.060237169265747,0.3132093548774719,0.629505455493927,-0.25787684321403503,342
individual,11,carpet,15,1925,0.01750640757381916,0.018122244626283646,-2.2622759342193604,0.007096557877957821,-32.154266357421875,-7.0,7.0,2.117208480834961,0.3321942389011383,0.6714419722557068,-0.2577672302722931,343
individual,11,carpet,16,1925,0.01070218812674284,0.00991753488779068,-2.2178213596343994,0.007089465390890837,-36.52827453613281,-7.0,7.0,2.037513017654419,0.3103177547454834,0.7058612108230591,-0.26192060112953186,344
individual,11,carpet,17,1925,0.016173310577869415,0.015949515625834465,-2.2227516174316406,0.0070823803544044495,-42.88623046875,-7.0,7.0,2.1781299114227295,0.2395412176847458,0.582208514213562,-0.2441822588443756,345
individual,11,carpet,18,1925,0.015641190111637115,0.015192810446023941,-2.2189576625823975,0.0070753018371760845,-39.03294372558594,-7.0,7.0,2.1532886028289795,0.25382575392723083,0.6366516947746277,-0.24815085530281067,346
individual,11,carpet,19,1925,0.009856844320893288,0.009116604924201965,-2.248854637145996,0.0070682307705283165,-36.501129150390625,-7.0,7.0,2.1034698486328125,0.25653931498527527,0.6465158462524414,-0.2677573561668396,347
individual,11,carpet,20,1925,0.01287625078111887,0.013232803903520107,-2.3478546142578125,0.007061166223138571,-39.00690841674805,-7.0,7.0,2.108786106109619,0.3154110610485077,0.6015805006027222,-0.23750506341457367,348
individual,11,carpet,21,1925,0.008452917449176311,0.00902511365711689,-2.3133468627929688,0.007054109126329422,-36.86458206176758,-7.0,7.0,2.1153814792633057,0.280727744102478,0.6595750451087952,-0.2566058337688446,349
individual,11,carpet,22,1925,0.018827615305781364,0.020320914685726166,-2.313047170639038,0.007047059014439583,-42.813804626464844,-7.0,7.0,2.235555648803711,0.2677352726459503,0.5913116335868835,-0.23128552734851837,350
individual,11,carpet,23,1925,0.013712535612285137,0.01579815149307251,-2.308682441711426,0.007040016353130341,-35.59100341796875,-7.0,7.0,2.195482015609741,0.3134220838546753,0.7049173712730408,-0.2606356739997864,351
individual,11,carpet,24,1925,0.012152452021837234,0.01326699461787939,-2.298621654510498,0.007032980211079121,-42.567752838134766,-7.0,7.0,2.178349494934082,0.3122439384460449,0.6109059453010559,-0.24018076062202454,352
individual,11,carpet,25,1925,0.01561244111508131,0.014879203401505947,-2.4208717346191406,0.00702595105394721,-37.88795471191406,-7.0,7.0,2.21090030670166,0.3047710657119751,0.6475301384925842,-0.252695232629776,353
individual,11,carpet,26,1925,0.006908367853611708,0.006133692804723978,-2.3317856788635254,0.007018929347395897,-42.842506408691406,-7.0,7.0,2.1031084060668945,0.34768393635749817,0.6197205185890198,-0.24612048268318176,354
individual,11,carpet,27,1925,0.013312846422195435,0.01799166016280651,-2.281008243560791,0.007011914625763893,-43.44782638549805,-7.0,7.0,2.263247013092041,0.21398797631263733,0.5733564496040344,-0.2218855321407318,355
individual,11,carpet,28,1925,0.011934665963053703,0.012910190038383007,-2.2683215141296387,0.007004906423389912,-36.68101119995117,-7.0,7.0,2.25162935256958,0.1810171753168106,0.6842827200889587,-0.2507134974002838,356
individual,11,carpet,29,1925,0.006579997017979622,0.007811352144926786,-2.24912166595459,0.006997905671596527,-34.726985931396484,-7.0,7.0,2.050985097885132,0.34352684020996094,0.778419554233551,-0.28886333107948303,357
individual,11,carpet,30,1925,0.011514024809002876,0.013630043715238571,-2.3814291954040527,0.006990911904722452,-41.46017074584961,-7.0,7.0,2.279378890991211,0.28340622782707214,0.6339679956436157,-0.23433919250965118,358
individual,11,carpet,31,1925,0.01450582779943943,0.014065255410969257,-2.378164052963257,0.0069839246571063995,-42.13178634643555,-7.0,7.0,2.2089931964874268,0.20708993077278137,0.6002764701843262,-0.2134682834148407,359
individual,11,carpet,32,1925,0.023006364703178406,0.02077142708003521,-2.3382856845855713,0.006976944860070944,-43.943729400634766,-7.0,7.0,2.231926202774048,0.28920888900756836,0.5699716210365295,-0.2069825977087021,360
individual,11,carpet,33,1925,0.022130966186523438,0.020896872505545616,-2.3264119625091553,0.006969972047954798,-45.26079559326172,-7.0,7.0,2.3245809078216553,0.27358296513557434,0.5559490919113159,-0.19029514491558075,361
individual,11,carpet,34,1925,0.012770788744091988,0.011837071739137173,-2.3737308979034424,0.006963005755096674,-45.92900085449219,-7.0,7.0,2.2444159984588623,0.27121710777282715,0.5243853330612183,-0.18027272820472717,362
individual,11,carpet,35,1925,0.01054246537387371,0.014105604961514473,-2.420844554901123,0.006956046912819147,-44.027732849121094,-7.0,7.0,2.229294776916504,0.3004264533519745,0.5586963295936584,-0.18642200529575348,363
individual,11,carpet,36,1925,0.014330249279737473,0.014003393240272999,-2.4071483612060547,0.00694909505546093,-45.67767333984375,-7.0,7.0,2.22971773147583,0.301506906747818,0.5031737685203552,-0.16656169295310974,364
individual,11,carpet,37,1925,0.013438627123832703,0.01525929942727089,-2.330186367034912,0.006942149717360735,-44.15907669067383,-7.0,7.0,2.13950514793396,0.3223932683467865,0.5241428017616272,-0.1626792848110199,365
individual,11,carpet,38,1925,0.02275349199771881,0.02294209413230419,-2.3522884845733643,0.00693521136417985,-47.612037658691406,-7.0,7.0,2.269766330718994,0.36705252528190613,0.4928351044654846,-0.16240200400352478,366
individual,11,carpet,39,1925,0.012184604071080685,0.014129879884421825,-2.373027801513672,0.006928280461579561,-40.629051208496094,-7.0,7.0,2.239084482192993,0.29597538709640503,0.5870862603187561,-0.16807878017425537,367
individual,11,carpet,40,1925,0.021088210865855217,0.021254893392324448,-2.452488660812378,0.006921356078237295,-48.309913635253906,-7.0,7.0,2.323608875274658,0.21483133733272552,0.5318859815597534,-0.1616048365831375,368
individual,11,carpet,41,1925,0.009444944560527802,0.012301025912165642,-2.4822299480438232,0.006914438679814339,-41.34593963623047,-7.0,7.0,2.233849287033081,0.33620935678482056,0.5851408839225769,-0.16967381536960602,369
individual,11,carpet,42,1925,0.009082711301743984,0.009580127894878387,-2.4376778602600098,0.006907528266310692,-45.61709976196289,-7.0,7.0,2.296051263809204,0.3180878758430481,0.5337217450141907,-0.1695457547903061,370
individual,11,carpet,43,1925,0.010331224650144577,0.012872232124209404,-2.4560768604278564,0.006900624372065067,-41.41587448120117,-7.0,7.0,2.2964255809783936,0.3497723937034607,0.5876045227050781,-0.19075505435466766,371
individual,11,carpet,44,1925,0.01257410366088152,0.013114518485963345,-2.490837574005127,0.00689372792840004,-44.94363021850586,-7.0,7.0,2.3384952545166016,0.2461206465959549,0.5455290079116821,-0.1929580718278885,372
individual,11,carpet,45,1925,0.022805605083703995,0.022364770993590355,-2.5176095962524414,0.006886838003993034,-37.518592834472656,-7.0,7.0,2.3835878372192383,0.31374242901802063,0.6385303139686584,-0.2106362283229828,373
individual,11,carpet,46,1925,0.009007580578327179,0.009471235796809196,-2.4791438579559326,0.006879955064505339,-41.68780517578125,-7.0,7.0,2.282675266265869,0.3558601140975952,0.5748674273490906,-0.19538912177085876,374
individual,11,carpet,47,1925,0.013211844488978386,0.01239382941275835,-2.4419894218444824,0.006873079109936953,-39.3856086730957,-7.0,7.0,2.3473100662231445,0.2896578311920166,0.6360868811607361,-0.23313702642917633,375
individual,11,carpet,48,1925,0.0160653218626976,0.01801489293575287,-2.4791524410247803,0.006866210140287876,-36.168697357177734,-7.0,7.0,2.3688457012176514,0.3333286643028259,0.6535003781318665,-0.24040378630161285,376
individual,11,carpet,49,1925,0.011501919478178024,0.011610523797571659,-2.4967193603515625,0.006859347689896822,-37.3573112487793,-7.0,7.0,2.2914276123046875,0.3198055326938629,0.6629542708396912,-0.25054123997688293,377
individual,11,carpet,50,1925,0.026998892426490784,0.028305426239967346,-2.5229246616363525,0.0068524922244250774,-28.49890899658203,-7.0,7.0,2.31626296043396,0.33413752913475037,0.8547574281692505,-0.3206060826778412,378
population,11,carpet,1,1925,0.01723462902009487,0.015973828732967377,-2.288938283920288,0.007197586353868246,-30.90241050720215,-7.0,7.0,2.0717248916625977,0.27687278389930725,0.9185761213302612,-0.3922402560710907,329
population,11,carpet,2,1925,0.02059885486960411,0.017789330333471298,-2.2974419593811035,0.0071903858333826065,-34.92793273925781,-7.0,7.0,2.095299243927002,0.27674567699432373,0.7997890114784241,-0.36667218804359436,330
population,11,carpet,3,1925,0.014635086059570312,0.013180434703826904,-2.313157558441162,0.007183192763477564,-26.853559494018555,-7.0,7.0,2.0218982696533203,0.3000941872596741,0.9259102940559387,-0.41649022698402405,331
population,11,carpet,4,1925,0.023686617612838745,0.01998845487833023,-2.2427287101745605,0.007176006678491831,-25.79770851135254,-7.0,7.0,2.106771230697632,0.2699556350708008,0.9082008004188538,-0.4308459460735321,332
population,11,carpet,5,1925,0.02707640454173088,0.0213414765894413,-2.195176124572754,0.007168828044086695,-28.8206729888916,-7.0,7.0,2.0792555809020996,0.2820934057235718,0.9276570677757263,-0.4395114779472351,333
population,11,carpet,6,1925,0.01405380479991436,0.009120305068790913,-2.2393083572387695,0.007161656394600868,-24.86597442626953,-7.0,7.0,2.081460952758789,0.32012394070625305,0.962019145488739,-0.44760772585868835,334
population,11,carpet,7,1925,0.013364335522055626,0.010883773677051067,-2.296114921569824,0.007154492195695639,-22.168827056884766,-7.0,7.0,2.0179851055145264,0.3172234892845154,1.0092707872390747,-0.48382291197776794,335
population,11,carpet,8,1925,0.008532797917723656,0.008618946187198162,-2.3397250175476074,0.007147334981709719,-29.62982177734375,-7.0,7.0,2.162550926208496,0.20400114357471466,0.9023736715316772,-0.4397308826446533,336
population,11,carpet,9,1925,0.007376397959887981,0.006776965688914061,-2.3327739238739014,0.007140184752643108,-19.41857147216797,-7.0,7.0,2.1166412830352783,0.2590191960334778,1.0468984842300415,-0.5130305886268616,337
population,11,carpet,10,1925,0.014378762803971767,0.012373002246022224,-2.341853618621826,0.007133041974157095,-22.428634643554688,-7.0,7.0,2.1856069564819336,0.22804266214370728,1.0033200979232788,-0.4867749810218811,338
population,11,carpet,11,1925,0.01599288359284401,0.014283182099461555,-2.2928459644317627,0.007125906180590391,-23.831518173217773,-7.0,7.0,2.188053846359253,0.268160343170166,0.9907265305519104,-0.4832289218902588,339
population,11,carpet,12,1925,0.009323249571025372,0.008065191097557545,-2.275886058807373,0.007118777837604284,-21.20433807373047,-7.0,7.0,2.1495137214660645,0.1492854654788971,1.0151517391204834,-0.4879515767097473,340
population,11,carpet,13,1925,0.014419570565223694,0.014990933239459991,-2.3113584518432617,0.0071116560138762,-16.798486709594727,-7.0,7.0,2.057950973510742,0.3372593820095062,1.119520902633667,-0.5009530186653137,341
population,11,carpet,14,1925,0.011789478361606598,0.012586412951350212,-2.2644317150115967,0.007104541640728712,-25.11345672607422,-7.0,7.0,2.156094551086426,0.2835361957550049,1.0564478635787964,-0.4745553433895111,342
population,11,carpet,15,1925,0.015302307903766632,0.013713954947888851,-2.227428913116455,0.007097434718161821,-15.59988784790039,-7.0,7.0,2.1331634521484375,0.25873881578445435,1.0735390186309814,-0.4915443956851959,343
population,11,carpet,16,1925,0.013506901450455189,0.015277978964149952,-2.2445991039276123,0.007090334314852953,-17.983612060546875,-7.0,7.0,2.1324734687805176,0.3153850734233856,1.0848793983459473,-0.47160667181015015,344
population,11,carpet,17,1925,0.009209508076310158,0.00909110251814127,-2.196096897125244,0.0070832413621246815,-18.513599395751953,-7.0,7.0,2.025015115737915,0.33775627613067627,1.058489203453064,-0.45621994137763977,345
population,11,carpet,18,1925,0.011810090392827988,0.011571375653147697,-2.299417018890381,0.00707615539431572,-29.10021209716797,-7.0,7.0,2.1667213439941406,0.2946859300136566,0.8557574152946472,-0.36400699615478516,346
population,11,carpet,19,1925,0.008716982789337635,0.009115250781178474,-2.286769390106201,0.007069076411426067,-34.69195556640625,-7.0,7.0,2.114339590072632,0.2793932557106018,0.840324878692627,-0.35643771290779114,347
population,11,carpet,20,1925,0.019588163122534752,0.016141533851623535,-2.3127143383026123,0.007062004879117012,-32.686946868896484,-7.0,7.0,2.2331995964050293,0.22257071733474731,0.7878345847129822,-0.3284742534160614,348
population,11,carpet,21,1925,0.018199678510427475,0.01554221659898758,-2.305133581161499,0.007054940331727266,-38.667198181152344,-7.0,7.0,2.1966772079467773,0.2799869179725647,0.695292592048645,-0.28706908226013184,349
population,11,carpet,22,1925,0.018437542021274567,0.015163748525083065,-2.366074323654175,0.007047882303595543,-43.15363311767578,-7.0,7.0,2.177885055541992,0.3024609386920929,0.6788721680641174,-0.2646932601928711,350
population,11,carpet,23,1925,0.030842294916510582,0.02294563502073288,-2.429835796356201,0.007040832191705704,-41.527618408203125,-7.0,7.0,2.1282095909118652,0.23134148120880127,0.6768776178359985,-0.2644975781440735,351
population,11,carpet,24,1925,0.021818358451128006,0.024566827341914177,-2.3379006385803223,0.007033788599073887,-43.844417572021484,-7.0,7.0,2.264678716659546,0.3113185465335846,0.6579368710517883,-0.2601935565471649,352
population,11,carpet,25,1925,0.009457564912736416,0.008229080587625504,-2.3066296577453613,0.00702675199136138,-38.39240264892578,-7.0,7.0,2.1310160160064697,0.31906256079673767,0.702579140663147,-0.26541417837142944,353
population,11,carpet,26,1925,0.019516117870807648,0.01774577982723713,-2.350951671600342,0.007019722368568182,-37.81265640258789,-7.0,7.0,2.19299054145813,0.3366830348968506,0.7552757263183594,-0.28049638867378235,354
population,11,carpet,27,1925,0.009324614889919758,0.008624720387160778,-2.354646921157837,0.007012700196355581,-39.71121597290039,-7.0,7.0,2.228997230529785,0.3287713825702667,0.6590021848678589,-0.2439338117837906,355
population,11,carpet,28,1925,0.017916623502969742,0.01530986838042736,-2.4009809494018555,0.00700568500906229,-37.34885787963867,-7.0,7.0,2.216787338256836,0.2728913128376007,0.7429224848747253,-0.2694702744483948,356
population,11,carpet,29,1925,0.011905654333531857,0.011404730379581451,-2.3893680572509766,0.006998676341027021,-35.165557861328125,-7.0,7.0,2.192054033279419,0.34269019961357117,0.8058094382286072,-0.2850953936576843,357
population,11,carpet,30,1925,0.010774062015116215,0.010603397153317928,-2.3632514476776123,0.0069916751235723495,-44.88248825073242,-7.0,7.0,2.2137155532836914,0.25493884086608887,0.6861137747764587,-0.250378280878067,358
population,11,carpet,31,1925,0.01752959005534649,0.015197906643152237,-2.353916645050049,0.006984680891036987,-39.53736877441406,-7.0,7.0,2.284738779067993,0.2931729853153229,0.6883330941200256,-0.2528609335422516,359
population,11,carpet,32,1925,0.01355777308344841,0.012889581732451916,-2.382634162902832,0.006977693643420935,-44.24757766723633,-7.0,7.0,2.2897891998291016,0.27026137709617615,0.6698477864265442,-0.24259842932224274,360
population,11,carpet,33,1925,0.014330366626381874,0.013714407570660114,-2.4453165531158447,0.006970712915062904,-38.72802734375,-7.0,7.0,2.241579532623291,0.2822068929672241,0.6882026791572571,-0.251660019159317,361
population,11,carpet,34,1925,0.02019123174250126,0.017438286915421486,-2.462693691253662,0.006963739637285471,-41.13741683959961,-7.0,7.0,2.2927470207214355,0.2877136170864105,0.6879401803016663,-0.2488318383693695,362
population,11,carpet,35,1925,0.023814883083105087,0.022884871810674667,-2.371098756790161,0.006956773344427347,-40.6611328125,-7.0,7.0,2.2727112770080566,0.3102836012840271,0.658350944519043,-0.25089290738105774,363
population,11,carpet,36,1925,0.017464786767959595,0.01444326527416706,-2.4222471714019775,0.006949814036488533,-41.644371032714844,-7.0,7.0,2.2685928344726562,0.27702146768569946,0.6618977189064026,-0.2487819641828537,364
population,11,carpet,37,1925,0.011786666698753834,0.012787706218659878,-2.5238285064697266,0.006942861247807741,-43.67054748535156,-7.0,7.0,2.384676933288574,0.23635625839233398,0.6266869306564331,-0.24176248908042908,365
population,11,carpet,38,1925,0.019728459417819977,0.017634443938732147,-2.501436710357666,0.006935915909707546,-40.50506591796875,-7.0,7.0,2.2670958042144775,0.2796210050582886,0.7045671343803406,-0.27522554993629456,366
population,11,carpet,39,1925,0.010086972266435623,0.010931084863841534,-2.43241024017334,0.006928977556526661,-39.54523849487305,-7.0,7.0,2.2686104774475098,0.3253462016582489,0.6833749413490295,-0.2709949016571045,367
population,11,carpet,40,1925,0.01200771052390337,0.01513595413416624,-2.40663480758667,0.006922045722603798,-37.62272262573242,-7.0,7.0,2.2741663455963135,0.28423404693603516,0.7012734413146973,-0.28197357058525085,368
population,11,carpet,41,1925,0.016158781945705414,0.013521604239940643,-2.447718620300293,0.0069151208736002445,-41.34482192993164,-7.0,7.0,2.35610032081604,0.2317463755607605,0.6280608773231506,-0.2640850841999054,369
population,11,carpet,42,1925,0.013269828632473946,0.01430500391870737,-2.4817914962768555,0.006908203475177288,-39.784156799316406,-7.0,7.0,2.277392864227295,0.29309552907943726,0.7293990850448608,-0.307666152715683,370
population,11,carpet,43,1925,0.02277548797428608,0.022617198526859283,-2.58738112449646,0.006901292596012354,-41.20317077636719,-7.0,7.0,2.4313368797302246,0.23476412892341614,0.6623448133468628,-0.28694114089012146,371
population,11,carpet,44,1925,0.007509395480155945,0.007324590347707272,-2.5568032264709473,0.006894388701766729,-37.52190399169922,-7.0,7.0,2.3808696269989014,0.2457093894481659,0.6836260557174683,-0.30380335450172424,372
population,11,carpet,45,1925,0.010025438852608204,0.011805510148406029,-2.5346946716308594,0.006887491792440414,-35.822593688964844,-7.0,7.0,2.451491355895996,0.20909851789474487,0.7317627668380737,-0.32249727845191956,373
population,11,carpet,46,1925,0.019938334822654724,0.02088049426674843,-2.500530242919922,0.006880601402372122,-31.48346710205078,-7.0,7.0,2.312817096710205,0.30094781517982483,0.8032737374305725,-0.359817773103714,374
population,11,carpet,47,1925,0.010112456977367401,0.009797184728085995,-2.466366767883301,0.006873721722513437,-28.258644104003906,-7.0,7.0,2.2439870834350586,0.3411495089530945,0.8504233956336975,-0.38075780868530273,375
population,11,carpet,48,1925,0.012356927618384361,0.011746546253561974,-2.533923864364624,0.006866848561912775,-34.37934875488281,-7.0,7.0,2.3964648246765137,0.3058125078678131,0.7776507139205933,-0.36864063143730164,376
population,11,carpet,49,1925,0.011695940978825092,0.011293279007077217,-2.5547385215759277,0.006859982386231422,-30.334760665893555,-7.0,7.0,2.2736713886260986,0.2903444766998291,0.8705349564552307,-0.3994266092777252,377
population,11,carpet,50,1925,0.014666849747300148,0.013870039954781532,-2.550600290298462,0.006853123195469379,-27.356616973876953,-7.0,7.0,2.316779136657715,0.3248359262943268,0.8651761412620544,-0.39991021156311035,378
individual,12,carpet,1,2100,0.006805066484957933,0.0071679893881082535,-2.450634002685547,0.0068456437438726425,-32.676780700683594,-7.0,7.0,2.313115119934082,0.31283169984817505,0.7418533563613892,-0.29857879877090454,379
individual,12,carpet,2,2100,0.012211360968649387,0.012744173407554626,-2.4518752098083496,0.00683880178257823,-30.64150047302246,-7.0,7.0,2.403282642364502,0.26257050037384033,0.7740587592124939,-0.3165905475616455,380
individual,12,carpet,3,2100,0.01261773332953453,0.013858954422175884,-2.4845104217529297,0.006831967271864414,-33.45646667480469,-7.0,7.0,2.329061269760132,0.2208046019077301,0.74468594789505,-0.3093831539154053,381
individual,12,carpet,4,2100,0.013321691192686558,0.014288070611655712,-2.3919928073883057,0.006825139280408621,-28.504426956176758,-7.0,7.0,2.1895549297332764,0.3692227005958557,0.8091784715652466,-0.3253118395805359,382
individual,12,carpet,5,2100,0.011216041631996632,0.011510866694152355,-2.427558422088623,0.00681831780821085,-39.18061447143555,-7.0,7.0,2.4243907928466797,0.22326530516147614,0.6505652070045471,-0.28676098585128784,383
individual,12,carpet,6,2100,0.009539815597236156,0.007820257917046547,-2.486286163330078,0.006811503320932388,-38.13322830200195,-7.0,7.0,2.3953299522399902,0.20197851955890656,0.5952876210212708,-0.2636518180370331,384
individual,12,carpet,7,2100,0.012353702448308468,0.015283315442502499,-2.521897792816162,0.0068046958185732365,-36.25960922241211,-7.0,7.0,2.2455170154571533,0.35035914182662964,0.6809192299842834,-0.2751947045326233,385
individual,12,carpet,8,2100,0.01117171160876751,0.010771033354103565,-2.5338826179504395,0.006797894835472107,-37.19280242919922,-7.0,7.0,2.355846405029297,0.28941425681114197,0.6494516730308533,-0.27193742990493774,386
individual,12,carpet,9,2100,0.009233043529093266,0.009486213326454163,-2.516955614089966,0.006791100837290287,-46.11854934692383,-7.0,7.0,2.3778111934661865,0.3119719326496124,0.5233449935913086,-0.23174245655536652,387
individual,12,carpet,10,2100,0.017225582152605057,0.017011206597089767,-2.486046314239502,0.006784313824027777,-43.125823974609375,-7.0,7.0,2.4039454460144043,0.3130192458629608,0.5383160710334778,-0.23092618584632874,388
individual,12,carpet,11,2100,0.01058683916926384,0.010433376766741276,-2.538247585296631,0.006777533330023289,-42.6781120300293,-7.0,7.0,2.4066202640533447,0.2996695935726166,0.5246398448944092,-0.21477444469928741,389
individual,12,carpet,12,2100,0.018631549552083015,0.020418573170900345,-2.5406391620635986,0.00677075982093811,-47.542301177978516,-7.0,7.0,2.4509732723236084,0.324303537607193,0.4620157778263092,-0.19858990609645844,390
individual,12,carpet,13,2100,0.021861610934138298,0.02146681770682335,-2.603473663330078,0.006763992831110954,-45.798397064208984,-7.0,7.0,2.3725671768188477,0.3191976547241211,0.4691808521747589,-0.19705675542354584,391
individual,12,carpet,14,2100,0.009833025746047497,0.009085960686206818,-2.536846160888672,0.006757232826203108,-49.865814208984375,-7.0,7.0,2.4168670177459717,0.29816922545433044,0.398510217666626,-0.17140521109104156,392
individual,12,carpet,15,2100,0.02633158676326275,0.02298825979232788,-2.4940550327301025,0.006750479340553284,-46.231292724609375,-7.0,7.0,2.482095718383789,0.2783588171005249,0.4534827172756195,-0.19210325181484222,393
individual,12,carpet,16,2100,0.010716443881392479,0.010868185199797153,-2.559323787689209,0.006743732839822769,-48.76833724975586,-7.0,7.0,2.397686719894409,0.2519013583660126,0.42343512177467346,-0.1818392276763916,394
individual,12,carpet,17,2100,0.03360278531908989,0.03564007952809334,-2.631253480911255,0.006736992858350277,-48.95054244995117,-7.0,7.0,2.4884214401245117,0.30788886547088623,0.4346940219402313,-0.19474732875823975,395
individual,12,carpet,18,2100,0.017642024904489517,0.015627896413207054,-2.715513229370117,0.006730259861797094,-50.243995666503906,-7.0,7.0,2.5434746742248535,0.30459070205688477,0.4211503863334656,-0.19065983593463898,396
individual,12,carpet,19,2100,0.013561409898102283,0.011043629609048367,-2.6419050693511963,0.006723533384501934,-47.86016845703125,-7.0,7.0,2.562584400177002,0.2259385585784912,0.4112885296344757,-0.19687530398368835,397
individual,12,carpet,20,2100,0.01672285795211792,0.020049894228577614,-2.5518031120300293,0.006716813426464796,-46.80632781982422,-7.0,7.0,2.460200548171997,0.28618913888931274,0.4913305640220642,-0.23242118954658508,398
individual,12,carpet,21,2100,0.016534976661205292,0.0123881995677948,-2.560612201690674,0.006710100453346968,-44.799686431884766,-7.0,7.0,2.487562417984009,0.3427902162075043,0.5260142683982849,-0.2510187327861786,399
individual,12,carpet,22,2100,0.02015361189842224,0.018540387973189354,-2.626422882080078,0.006703394465148449,-46.371826171875,-7.0,7.0,2.474177837371826,0.3125050961971283,0.5302871465682983,-0.26438477635383606,400
individual,12,carpet,23,2100,0.028688494116067886,0.02957526408135891,-2.6506075859069824,0.0066966949962079525,-41.526947021484375,-7.0,7.0,2.493487596511841,0.3217933475971222,0.5807241797447205,-0.2982972264289856,401
individual,12,carpet,24,2100,0.018030710518360138,0.01533481851220131,-2.65899658203125,0.006690002046525478,-42.24483108520508,-7.0,7.0,2.556910753250122,0.23999319970607758,0.5356922149658203,-0.29677462577819824,402
individual,12,carpet,25,2100,0.0324239507317543,0.03521200641989708,-2.559248924255371,0.0066833156161010265,-36.803672790527344,-7.0,7.0,2.516084671020508,0.294214129447937,0.6208668947219849,-0.3434312045574188,403
individual,12,carpet,26,2100,0.01786292903125286,0.01597810909152031,-2.604809522628784,0.006676636170595884,-40.35539245605469,-7.0,7.0,2.6090569496154785,0.24089415371418,0.6111068725585938,-0.35668668150901794,404
individual,12,carpet,27,2100,0.016438093036413193,0.01665611006319523,-2.6302590370178223,0.006669963244348764,-39.55010223388672,-7.0,7.0,2.477501392364502,0.3282598853111267,0.6622486710548401,-0.381665974855423,405
individual,12,carpet,28,2100,0.015700973570346832,0.013824550434947014,-2.7330968379974365,0.006663297303020954,-38.659629821777344,-7.0,7.0,2.476396083831787,0.35038989782333374,0.6409116387367249,-0.38060545921325684,406
individual,12,carpet,29,2100,0.010634073987603188,0.009691968560218811,-2.6841158866882324,0.006656637880951166,-36.75871276855469,-7.0,7.0,2.5610055923461914,0.34803661704063416,0.636858344078064,-0.411576509475708,407
individual,12,carpet,30,2100,0.015036464668810368,0.01179446093738079,-2.6467623710632324,0.0066499849781394005,-37.92825698852539,-7.0,7.0,2.5288891792297363,0.29026222229003906,0.633134663105011,-0.3929958641529083,408
individual,12,carpet,31,2100,0.025620486587285995,0.01720871590077877,-2.4793589115142822,0.006643339060246944,-42.62490463256836,-7.0,7.0,2.4326555728912354,0.2849254310131073,0.5047324299812317,-0.3337860405445099,409
individual,12,carpet,32,2100,0.018478652462363243,0.013044612482190132,-2.641688108444214,0.006636699195951223,-43.2470703125,-7.0,7.0,2.5938122272491455,0.2447902113199234,0.5623705983161926,-0.3785060942173004,410
individual,12,carpet,33,2100,0.016286756843328476,0.015558832325041294,-2.814049482345581,0.006630066316574812,-38.92323303222656,-7.0,7.0,2.598656177520752,0.29112324118614197,0.6405054926872253,-0.38536539673805237,411
individual,12,carpet,34,2100,0.03092844970524311,0.01744949258863926,-2.7295749187469482,0.006623439956456423,-37.16112518310547,-7.0,7.0,2.4346988201141357,0.3371031582355499,0.6511549949645996,-0.39694303274154663,412
individual,12,carpet,35,2100,0.009544139727950096,0.010270935483276844,-2.695634603500366,0.006616820581257343,-42.478858947753906,-7.0,7.0,2.5733604431152344,0.2960723638534546,0.5954242944717407,-0.40504592657089233,413
individual,12,carpet,36,2100,0.03309786692261696,0.020433302968740463,-2.574902296066284,0.006610207259654999,-35.20807647705078,-7.0,7.0,2.5749197006225586,0.26297086477279663,0.666585385799408,-0.4528701901435852,414
individual,12,carpet,37,2100,0.039758794009685516,0.026902468875050545,-2.6936559677124023,0.006603600922971964,-34.70684814453125,-7.0,7.0,2.6991360187530518,0.2673656940460205,0.6894559860229492,-0.4576796889305115,415
individual,12,carpet,38,2100,0.02554718591272831,0.022755280137062073,-2.8284709453582764,0.006597001105546951,-38.92531204223633,-7.0,7.0,2.6265738010406494,0.22871169447898865,0.6235937476158142,-0.4333168566226959,416
individual,12,carpet,39,2100,0.03746451437473297,0.02624933421611786,-2.8367691040039062,0.006590407807379961,-35.54804992675781,-7.0,7.0,2.5451836585998535,0.311381995677948,0.6674126982688904,-0.4696870446205139,417
individual,12,carpet,40,2100,0.016149042174220085,0.02044765278697014,-2.693300724029541,0.00658382149413228,-37.795501708984375,-7.0,7.0,2.5928945541381836,0.29598307609558105,0.6530475616455078,-0.4654201865196228,418
individual,12,carpet,41,2100,0.03709646686911583,0.029973378404974937,-2.6605172157287598,0.006577241234481335,-32.691776275634766,-7.0,7.0,2.5801384449005127,0.34945395588874817,0.7826908230781555,-0.49157294631004333,419
individual,12,carpet,42,2100,0.009716345928609371,0.005033168941736221,-2.717289924621582,0.006570667959749699,-30.169803619384766,-7.0,7.0,2.567276954650879,0.34319373965263367,0.8206424713134766,-0.5289209485054016,420
individual,12,carpet,43,2100,0.023876160383224487,0.026546180248260498,-2.893348217010498,0.006564100738614798,-27.992755889892578,-7.0,7.0,2.7008750438690186,0.3284524381160736,0.8053349852561951,-0.5445200204849243,421
individual,12,carpet,44,2100,0.027543440461158752,0.01751737669110298,-2.8567721843719482,0.006557540502399206,-30.6845703125,-7.0,7.0,2.6857118606567383,0.20254406332969666,0.7821616530418396,-0.533330500125885,422
individual,12,carpet,45,2100,0.013348898850381374,0.015024025924503803,-2.6911556720733643,0.006550986785441637,-32.66088104248047,-7.0,7.0,2.6198694705963135,0.30854591727256775,0.7625271677970886,-0.5417438745498657,423
individual,12,carpet,46,2100,0.02772739715874195,0.016444522887468338,-2.6419198513031006,0.00654443958774209,-32.544227600097656,-7.0,7.0,2.6303367614746094,0.3323083817958832,0.7596303820610046,-0.5204059481620789,424
individual,12,carpet,47,2100,0.012705247849225998,0.00829407200217247,-2.6450812816619873,0.006537898909300566,-27.95134925842285,-7.0,7.0,2.616443634033203,0.238187775015831,0.7963715195655823,-0.5658147931098938,425
individual,12,carpet,48,2100,0.012927129864692688,0.01609017886221409,-2.807178497314453,0.0065313647501170635,-28.381141662597656,-7.0,7.0,2.7027523517608643,0.25848424434661865,0.8176760673522949,-0.570773720741272,426
individual,12,carpet,49,2100,0.025972334668040276,0.016385920345783234,-2.768549919128418,0.006524837110191584,-31.83683204650879,-7.0,7.0,2.5642058849334717,0.3290913701057434,0.7577037215232849,-0.48343750834465027,427
individual,12,carpet,50,2100,0.017630217596888542,0.01841178722679615,-2.7706713676452637,0.006518315989524126,-32.8165283203125,-7.0,7.0,2.6487538814544678,0.3558107018470764,0.7484054565429688,-0.4934961497783661,428
population,12,carpet,1,2100,0.012981245294213295,0.014856786467134953,-2.514256238937378,0.006846270523965359,-32.31209182739258,-7.0,7.0,2.3891499042510986,0.285604327917099,0.7944998741149902,-0.3667735159397125,379
population,12,carpet,2,2100,0.013296508230268955,0.011790248565375805,-2.5837149620056152,0.006839424837380648,-29.199729919433594,-7.0,7.0,2.379032850265503,0.34290939569473267,0.896177351474762,-0.4249740540981293,380
population,12,carpet,3,2100,0.010940518230199814,0.013216160237789154,-2.594890594482422,0.006832586135715246,-28.086040496826172,-7.0,7.0,2.409170627593994,0.2669312655925751,0.8300015330314636,-0.3895915448665619,381
population,12,carpet,4,2100,0.01040716003626585,0.011072397232055664,-2.5246362686157227,0.006825753953307867,-16.46999168395996,-7.0,7.0,2.3334269523620605,0.36917227506637573,1.0129914283752441,-0.4576871991157532,382
population,12,carpet,5,2100,0.010756639763712883,0.011264560744166374,-2.5580129623413086,0.006818929221481085,-29.984905242919922,-7.0,7.0,2.4205493927001953,0.25546297430992126,0.8352567553520203,-0.40205976366996765,383
population,12,carpet,6,2100,0.010470910929143429,0.010674690827727318,-2.525376796722412,0.006812111008912325,-31.361045837402344,-7.0,7.0,2.4429264068603516,0.26281458139419556,0.8079309463500977,-0.3989480137825012,384
population,12,carpet,7,2100,0.023266684263944626,0.023912228643894196,-2.5423715114593506,0.006805299315601587,-24.13402557373047,-7.0,7.0,2.3437888622283936,0.36682799458503723,0.9481043219566345,-0.4340985119342804,385
population,12,carpet,8,2100,0.019641777500510216,0.01861700788140297,-2.6383960247039795,0.006798494607210159,-35.16752243041992,-7.0,7.0,2.485590696334839,0.2120780646800995,0.7357886433601379,-0.3701753318309784,386
population,12,carpet,9,2100,0.02073725312948227,0.021754883229732513,-2.6388189792633057,0.006791696883738041,-36.33834457397461,-7.0,7.0,2.416454315185547,0.32929009199142456,0.7581205368041992,-0.3784008026123047,387
population,12,carpet,10,2100,0.009439690969884396,0.010534933768212795,-2.542642116546631,0.006784905679523945,-36.02189636230469,-7.0,7.0,2.4004149436950684,0.25162431597709656,0.7116584777832031,-0.3561972975730896,388
population,12,carpet,11,2100,0.030568566173315048,0.031637102365493774,-2.530186653137207,0.006778121460229158,-32.52494430541992,-7.0,7.0,2.466254711151123,0.3676260709762573,0.789360523223877,-0.3816429674625397,389
population,12,carpet,12,2100,0.014980675652623177,0.011483298614621162,-2.594527006149292,0.0067713442258536816,-35.08760070800781,-7.0,7.0,2.469193458557129,0.35292187333106995,0.7654361724853516,-0.39001885056495667,390
population,12,carpet,13,2100,0.02924046851694584,0.030840862542390823,-2.7192282676696777,0.006764573510736227,-33.31368637084961,-7.0,7.0,2.3928799629211426,0.319225013256073,0.7640072107315063,-0.4023655354976654,391
population,12,carpet,14,2100,0.014379531145095825,0.011097097769379616,-2.686753749847412,0.006757809314876795,-39.5712890625,-7.0,7.0,2.479156255722046,0.23618184030056,0.7199950814247131,-0.39568600058555603,392
population,12,carpet,15,2100,0.015045124106109142,0.01689438335597515,-2.608109951019287,0.006751052103936672,-39.01911926269531,-7.0,7.0,2.5161192417144775,0.18558067083358765,0.6869354248046875,-0.37578290700912476,393
population,12,carpet,16,2100,0.02371617592871189,0.0233463104814291,-2.572988510131836,0.006744301877915859,-39.25865936279297,-7.0,7.0,2.548809051513672,0.3190174102783203,0.7414426803588867,-0.4146839678287506,394
population,12,carpet,17,2100,0.010135074146091938,0.009976988658308983,-2.6359338760375977,0.0067375581711530685,-33.2781867980957,-7.0,7.0,2.521009683609009,0.3342158794403076,0.792785108089447,-0.42095524072647095,395
population,12,carpet,18,2100,0.013041017577052116,0.013553094118833542,-2.673872232437134,0.0067308214493095875,-31.32526969909668,-7.0,7.0,2.4620563983917236,0.263815313577652,0.8139533996582031,-0.4361007809638977,396
population,12,carpet,19,2100,0.014142492786049843,0.01207644771784544,-2.6640515327453613,0.006724091246724129,-27.088613510131836,-7.0,7.0,2.490708351135254,0.27830877900123596,0.8572539687156677,-0.4749816358089447,397
population,12,carpet,20,2100,0.008501513861119747,0.007732058875262737,-2.6193339824676514,0.006717367563396692,-31.157197952270508,-7.0,7.0,2.4708433151245117,0.2700289189815521,0.8416947722434998,-0.46462610363960266,398
population,12,carpet,21,2100,0.007327165454626083,0.0068031237460672855,-2.5430259704589844,0.0067106508649885654,-29.354215621948242,-7.0,7.0,2.4511494636535645,0.20200476050376892,0.8669875860214233,-0.47896629571914673,399
population,12,carpet,22,2100,0.015417825430631638,0.012514258734881878,-2.5291054248809814,0.006703941151499748,-23.671762466430664,-7.0,7.0,2.443077564239502,0.3455512523651123,0.9256917238235474,-0.4845593273639679,400
population,12,carpet,23,2100,0.01086839847266674,0.013135445304214954,-2.681102752685547,0.006697237491607666,-27.74848747253418,-7.0,7.0,2.5175089836120605,0.24631153047084808,0.8614977598190308,-0.4478192627429962,401
population,12,carpet,24,2100,0.015108654275536537,0.015751410275697708,-2.702853202819824,0.006690541282296181,-31.614778518676758,-7.0,7.0,2.593996524810791,0.232780322432518,0.7954655885696411,-0.44891640543937683,402
population,12,carpet,25,2100,0.015845103189349174,0.018129752948880196,-2.657451868057251,0.0066838511265814304,-34.009490966796875,-7.0,7.0,2.5904793739318848,0.29470372200012207,0.7969808578491211,-0.4373929500579834,403
population,12,carpet,26,2100,0.01772218756377697,0.014207862317562103,-2.67804217338562,0.00667716795578599,-28.631725311279297,-7.0,7.0,2.5501110553741455,0.32708999514579773,0.8950401544570923,-0.47640153765678406,404
population,12,carpet,27,2100,0.01909472420811653,0.02269965596497059,-2.802250623703003,0.006670491304248571,-33.3321533203125,-7.0,7.0,2.5579497814178467,0.2884529232978821,0.8250774145126343,-0.4465365707874298,405
population,12,carpet,28,2100,0.006976458244025707,0.006955776363611221,-2.724400281906128,0.006663821637630463,-33.6722526550293,-7.0,7.0,2.5345757007598877,0.3261738121509552,0.8073449730873108,-0.4283744990825653,406
population,12,carpet,29,2100,0.012124753557145596,0.013022231869399548,-2.6770431995391846,0.006657158490270376,-31.778669357299805,-7.0,7.0,2.485257863998413,0.3189638555049896,0.8643666505813599,-0.4743020534515381,407
population,12,carpet,30,2100,0.020796654745936394,0.02357352524995804,-2.6603806018829346,0.006650501862168312,-34.28484344482422,-7.0,7.0,2.5548787117004395,0.31604477763175964,0.7695595026016235,-0.4216133654117584,408
population,12,carpet,31,2100,0.02002415619790554,0.018895994871854782,-2.7840652465820312,0.0066438522189855576,-40.34332275390625,-7.0,7.0,2.656351327896118,0.2934349775314331,0.7254157066345215,-0.41365864872932434,409
population,12,carpet,32,2100,0.03132051229476929,0.04494548588991165,-2.8808231353759766,0.006637208629399538,-34.700889587402344,-7.0,7.0,2.510868549346924,0.18697986006736755,0.7490140199661255,-0.42979708313941956,410
population,12,carpet,33,2100,0.013906959444284439,0.015200242400169373,-2.7278172969818115,0.006630572024732828,-31.74456787109375,-7.0,7.0,2.5788826942443848,0.32267963886260986,0.8246440887451172,-0.4717903137207031,411
population,12,carpet,34,2100,0.014713644050061703,0.02105722762644291,-2.6266462802886963,0.006623942404985428,-31.031618118286133,-7.0,7.0,2.596933126449585,0.2218128740787506,0.771578848361969,-0.4608195126056671,412
population,12,carpet,35,2100,0.01273140124976635,0.01464143581688404,-2.7133493423461914,0.006617318838834763,-32.858619689941406,-7.0,7.0,2.591473340988159,0.2993018925189972,0.787132203578949,-0.46381574869155884,413
population,12,carpet,36,2100,0.024927349761128426,0.029051214456558228,-2.8544583320617676,0.006610702257603407,-36.54077911376953,-7.0,7.0,2.6272785663604736,0.30064821243286133,0.7265628576278687,-0.435060977935791,414
population,12,carpet,37,2100,0.023514574393630028,0.03196046128869057,-2.8964803218841553,0.0066040921956300735,-34.349853515625,-7.0,7.0,2.6550440788269043,0.2748654782772064,0.7740725874900818,-0.46969684958457947,415
population,12,carpet,38,2100,0.013388194143772125,0.011827449314296246,-2.7822670936584473,0.0065974886529147625,-33.466339111328125,-7.0,7.0,2.622633218765259,0.28545165061950684,0.8060789704322815,-0.5023823976516724,416
population,12,carpet,39,2100,0.03013247437775135,0.039044175297021866,-2.7060306072235107,0.006590892095118761,-28.284698486328125,-7.0,7.0,2.6180598735809326,0.31648293137550354,0.9128465056419373,-0.5439357161521912,417
population,12,carpet,40,2100,0.013560528866946697,0.016267364844679832,-2.7897183895111084,0.006584301590919495,-30.340484619140625,-7.0,7.0,2.6321463584899902,0.31070777773857117,0.8011700510978699,-0.4936714470386505,418
population,12,carpet,41,2100,0.02845526672899723,0.03102731890976429,-2.984917640686035,0.006577718071639538,-29.08492660522461,-7.0,7.0,2.710313320159912,0.2646979093551636,0.808691680431366,-0.5110315680503845,419
population,12,carpet,42,2100,0.014808000065386295,0.020910151302814484,-2.908984661102295,0.006571141071617603,-27.82859992980957,-7.0,7.0,2.631868600845337,0.3258318305015564,0.8778454661369324,-0.5555112957954407,420
population,12,carpet,43,2100,0.011047015897929668,0.008765671402215958,-2.851559638977051,0.006564570590853691,-26.1047306060791,-7.0,7.0,2.7455949783325195,0.22874069213867188,0.8735957741737366,-0.5753569602966309,421
population,12,carpet,44,2100,0.012742537073791027,0.01271166279911995,-2.7734053134918213,0.006558006629347801,-21.459287643432617,-7.0,7.0,2.5671191215515137,0.25279438495635986,0.9515414237976074,-0.5950394868850708,422
population,12,carpet,45,2100,0.015921976417303085,0.021964406594634056,-2.7934508323669434,0.006551449187099934,-21.65374755859375,-7.0,7.0,2.6823902130126953,0.3148813247680664,1.007161021232605,-0.6307875514030457,423
population,12,carpet,46,2100,0.01143224723637104,0.01212948840111494,-2.8861875534057617,0.006544898264110088,-11.830363273620605,-7.0,7.0,2.650808572769165,0.2762994170188904,1.0564854145050049,-0.6752505898475647,424
population,12,carpet,47,2100,0.0178536344319582,0.023694200441241264,-2.998180627822876,0.006538425572216511,-4.463074207305908,-7.0,7.0,2.728037118911743,0.2682662606239319,1.1800378561019897,-0.7699037194252014,425
population,12,carpet,48,2100,0.013337504118680954,0.012594186700880527,-2.947648048400879,0.006533018779009581,3.2195534706115723,-7.0,7.0,2.6717467308044434,0.33084219694137573,1.2937270402908325,-0.7950734496116638,426
population,12,carpet,49,2100,0.00680982880294323,0.007701195310801268,-2.8337669372558594,0.006528403609991074,1.9393939971923828,-7.0,7.0,2.683842182159424,0.31754612922668457,1.335734248161316,-0.8109946846961975,427
population,12,carpet,50,2100,0.029306253418326378,0.03510545939207077,-2.794010877609253,0.0065243919380009174,1.1283187866210938,-7.0,7.0,2.701758861541748,0.32596632838249207,1.2854173183441162,-0.7885604500770569,428
individual,13,carpet,1,2275,0.016041813418269157,0.01586884818971157,-2.8121912479400635,0.006511801388114691,-39.71287155151367,-7.0,7.0,2.7562031745910645,0.2766617238521576,0.6281464695930481,-0.43765687942504883,429
individual,13,carpet,2,2275,0.016043365001678467,0.013314144685864449,-2.7966432571411133,0.006505293305963278,-33.980716705322266,-7.0,7.0,2.6802847385406494,0.2946024239063263,0.7548736333847046,-0.46683213114738464,430
individual,13,carpet,3,2275,0.011685335077345371,0.011667026206851006,-2.82963228225708,0.006498791743069887,-36.38789367675781,-7.0,7.0,2.7491185665130615,0.2352137714624405,0.6747704148292542,-0.45147404074668884,431
individual,13,carpet,4,2275,0.022175438702106476,0.015967225655913353,-2.841046094894409,0.006492296699434519,-30.342309951782227,-7.0,7.0,2.6699323654174805,0.2741892635822296,0.7853938341140747,-0.4848031997680664,432
individual,13,carpet,5,2275,0.013739016838371754,0.021842868998646736,-2.761090040206909,0.006485808175057173,-37.165008544921875,-7.0,7.0,2.711670160293579,0.2995123863220215,0.687343180179596,-0.4344305694103241,433
individual,13,carpet,6,2275,0.007852118462324142,0.007730596698820591,-2.779083490371704,0.006479325704276562,-33.37176513671875,-7.0,7.0,2.6778147220611572,0.34520405530929565,0.7059949040412903,-0.44241517782211304,434
individual,13,carpet,7,2275,0.015207331627607346,0.01675916649401188,-2.838388681411743,0.00647285021841526,-38.31281280517578,-7.0,7.0,2.7249670028686523,0.36601462960243225,0.6296483874320984,-0.40287095308303833,435
individual,13,carpet,8,2275,0.010548828169703484,0.012127738445997238,-2.894197463989258,0.006466381251811981,-37.80988311767578,-7.0,7.0,2.7200706005096436,0.2860243320465088,0.6724432706832886,-0.42585310339927673,436
individual,13,carpet,9,2275,0.014579469338059425,0.012594953179359436,-2.8824996948242188,0.006459918338805437,-38.974464416503906,-7.0,7.0,2.769484758377075,0.20147134363651276,0.6407048106193542,-0.4047474265098572,437
individual,13,carpet,10,2275,0.015624956227838993,0.025585386902093887,-2.7630326747894287,0.006453462410718203,-41.63483810424805,-7.0,7.0,2.7439050674438477,0.33048996329307556,0.6549896597862244,-0.41943734884262085,438
individual,13,carpet,11,2275,0.005774001590907574,0.006770304869860411,-2.7980217933654785,0.006447012536227703,-38.72711944580078,-7.0,7.0,2.7161779403686523,0.21276922523975372,0.6643769145011902,-0.41568711400032043,439
individual,13,carpet,12,2275,0.016339687630534172,0.010738414712250233,-2.8080532550811768,0.006440569180995226,-38.865787506103516,-7.0,7.0,2.7536275386810303,0.278531014919281,0.6036032438278198,-0.4013576805591583,440
individual,13,carpet,13,2275,0.014168363064527512,0.010818582028150558,-2.910755157470703,0.006434132345020771,-34.40459442138672,-7.0,7.0,2.8959476947784424,0.23122160136699677,0.6298607587814331,-0.42708611488342285,441
individual,13,carpet,14,2275,0.02662656642496586,0.015825921669602394,-2.9430081844329834,0.0064277020283043385,-37.5321044921875,-7.0,7.0,2.785200834274292,0.2340424507856369,0.6421173810958862,-0.4373057186603546,442
individual,13,carpet,15,2275,0.017869114875793457,0.013628387823700905,-2.915860176086426,0.006421277765184641,-40.03212356567383,-7.0,7.0,2.8060314655303955,0.31184279918670654,0.6076955795288086,-0.38504788279533386,443
individual,13,carpet,16,2275,0.01458035409450531,0.012250533327460289,-2.8011538982391357,0.006414860021322966,-41.11248016357422,-7.0,7.0,2.750932216644287,0.2937690019607544,0.5814436674118042,-0.39021676778793335,444
individual,13,carpet,17,2275,0.02609851025044918,0.011092420667409897,-2.759059429168701,0.006408448796719313,-39.168514251708984,-7.0,7.0,2.75799822807312,0.21828050911426544,0.5584243535995483,-0.38452866673469543,445
individual,13,carpet,18,2275,0.012190721929073334,0.010785157792270184,-2.8822734355926514,0.006402044091373682,-39.26113510131836,-7.0,7.0,2.823425531387329,0.2693658173084259,0.5928406119346619,-0.40871283411979675,446
individual,13,carpet,19,2275,0.023326998576521873,0.012915557250380516,-2.931213855743408,0.006395645905286074,-37.53746032714844,-7.0,7.0,2.7432615756988525,0.3306022584438324,0.6506236791610718,-0.43442440032958984,447
individual,13,carpet,20,2275,0.013603204861283302,0.007903190329670906,-2.8842477798461914,0.0063892537727952,-40.098548889160156,-7.0,7.0,2.7534353733062744,0.3632144033908844,0.6072837114334106,-0.41619282960891724,448
individual,13,carpet,21,2275,0.011129943653941154,0.011880013160407543,-2.8322646617889404,0.006382868159562349,-39.27846145629883,-7.0,7.0,2.7475976943969727,0.25143322348594666,0.5854649543762207,-0.41342517733573914,449
individual,13,carpet,22,2275,0.03246396780014038,0.014053797349333763,-2.8424580097198486,0.006376489065587521,-40.972801208496094,-7.0,7.0,2.919661521911621,0.20117498934268951,0.5731092691421509,-0.4045547544956207,450
individual,13,carpet,23,2275,0.014139747247099876,0.015090267173945904,-2.879760265350342,0.006370116025209427,-40.47254180908203,-7.0,7.0,2.7760448455810547,0.3005888760089874,0.5841887593269348,-0.40829136967658997,451
individual,13,carpet,24,2275,0.024478483945131302,0.015136164613068104,-2.986574172973633,0.006363749969750643,-41.83622741699219,-7.0,7.0,2.86787748336792,0.30119892954826355,0.5431613326072693,-0.3956901729106903,452
individual,13,carpet,25,2275,0.019489094614982605,0.014246889390051365,-2.9374771118164062,0.006357389502227306,-42.741310119628906,-7.0,7.0,2.806046485900879,0.2958868443965912,0.5690420269966125,-0.3912932276725769,453
individual,13,carpet,26,2275,0.02228034846484661,0.018013427034020424,-2.9502320289611816,0.00635103601962328,-42.439979553222656,-7.0,7.0,2.9245872497558594,0.29678502678871155,0.5549967288970947,-0.3871203362941742,454
individual,13,carpet,27,2275,0.01409590058028698,0.01496080495417118,-2.9170620441436768,0.006344688590615988,-46.86051940917969,-7.0,7.0,2.784224510192871,0.3290913701057434,0.5354362726211548,-0.38581961393356323,455
individual,13,carpet,28,2275,0.017139321193099022,0.009438210166990757,-2.9733734130859375,0.006338347215205431,-41.40236282348633,-7.0,7.0,2.9605648517608643,0.29142895340919495,0.5356805920600891,-0.3873983323574066,456
individual,13,carpet,29,2275,0.024373997002840042,0.016534432768821716,-3.0195658206939697,0.006332012824714184,-42.52106857299805,-7.0,7.0,2.844655752182007,0.33455395698547363,0.5321683287620544,-0.3771340250968933,457
individual,13,carpet,30,2275,0.01673051342368126,0.013546698726713657,-2.9811758995056152,0.006325684487819672,-44.438133239746094,-7.0,7.0,2.846999406814575,0.2878350615501404,0.514877200126648,-0.38101857900619507,458
individual,13,carpet,31,2275,0.025925174355506897,0.027267878875136375,-2.9974756240844727,0.0063193622045218945,-44.82939147949219,-7.0,7.0,2.921574592590332,0.2944014370441437,0.5289841890335083,-0.3744257390499115,459
individual,13,carpet,32,2275,0.016421284526586533,0.015446852892637253,-3.010432004928589,0.00631304644048214,-40.43248748779297,-7.0,7.0,2.9280364513397217,0.2566480040550232,0.5882385969161987,-0.4049436151981354,460
individual,13,carpet,33,2275,0.019439462572336197,0.019158970564603806,-2.961459159851074,0.006306737195700407,-42.93692398071289,-7.0,7.0,2.800640821456909,0.3275371193885803,0.5909872055053711,-0.4368390738964081,461
individual,13,carpet,34,2275,0.010217356495559216,0.008267169818282127,-3.022520065307617,0.0063004340045154095,-45.7313232421875,-7.0,7.0,2.856100559234619,0.2746002674102783,0.5489353537559509,-0.41996291279792786,462
individual,13,carpet,35,2275,0.008908703923225403,0.01310041919350624,-2.977001428604126,0.006294137332588434,-40.64759063720703,-7.0,7.0,2.919520854949951,0.26451966166496277,0.572799563407898,-0.44835394620895386,463
individual,13,carpet,36,2275,0.019496791064739227,0.015930604189634323,-2.9189908504486084,0.006287846714258194,-39.28798294067383,-7.0,7.0,2.918614625930786,0.22273394465446472,0.5925412178039551,-0.4488762319087982,464
individual,13,carpet,37,2275,0.015010492876172066,0.018513882532715797,-3.0318126678466797,0.006281562149524689,-36.64292907714844,-7.0,7.0,2.8749637603759766,0.329096257686615,0.6185408234596252,-0.47869065403938293,465
individual,13,carpet,38,2275,0.02445545233786106,0.02324168011546135,-3.111395835876465,0.006275284569710493,-40.327999114990234,-7.0,7.0,2.9588170051574707,0.225633904337883,0.5733300447463989,-0.4439271092414856,466
individual,13,carpet,39,2275,0.014069516211748123,0.016596028581261635,-2.990964889526367,0.006269012577831745,-31.86668586730957,-7.0,7.0,2.9411182403564453,0.3132951259613037,0.7117805480957031,-0.5191927552223206,467
individual,13,carpet,40,2275,0.01348863635212183,0.022840846329927444,-2.9517624378204346,0.0062627471052110195,-41.6539306640625,-7.0,7.0,2.949559211730957,0.16348937153816223,0.5640256404876709,-0.46017956733703613,468
individual,13,carpet,41,2275,0.019554147496819496,0.016414230689406395,-2.9984021186828613,0.006256488151848316,-37.468204498291016,-7.0,7.0,3.0133254528045654,0.27368220686912537,0.5792680978775024,-0.47770753502845764,469
individual,13,carpet,42,2275,0.02152857929468155,0.04595892131328583,-3.1242387294769287,0.006250235252082348,-38.42533874511719,-7.0,7.0,2.842026948928833,0.35431668162345886,0.6471342444419861,-0.48000556230545044,470
individual,13,carpet,43,2275,0.018785100430250168,0.018414931371808052,-3.1236653327941895,0.0062439884059131145,-35.63003158569336,-7.0,7.0,2.9776172637939453,0.3636614978313446,0.6082955002784729,-0.47109255194664,471
individual,13,carpet,44,2275,0.01254512183368206,0.016360901296138763,-2.9782819747924805,0.0062377480790019035,-37.49673080444336,-7.0,7.0,2.953413248062134,0.2579455077648163,0.6646245718002319,-0.49739933013916016,472
individual,13,carpet,45,2275,0.021852193400263786,0.031513262540102005,-2.9640142917633057,0.0062315138056874275,-38.611637115478516,-7.0,7.0,2.9936695098876953,0.264982670545578,0.6316190958023071,-0.4767702519893646,473
individual,13,carpet,46,2275,0.022273266687989235,0.019658997654914856,-3.1276636123657227,0.006225286051630974,-43.99920654296875,-7.0,7.0,3.093837261199951,0.27111151814460754,0.5186161994934082,-0.4157562255859375,474
individual,13,carpet,47,2275,0.016703011468052864,0.030625203624367714,-3.1999480724334717,0.006219064351171255,-39.3531494140625,-7.0,7.0,2.9927873611450195,0.37077027559280396,0.5744418501853943,-0.4394201934337616,475
individual,13,carpet,48,2275,0.026503754779696465,0.0192096084356308,-3.247105598449707,0.006212848704308271,-40.06454849243164,-7.0,7.0,2.9866507053375244,0.2925563454627991,0.6128959655761719,-0.4573875069618225,476
individual,13,carpet,49,2275,0.027814356610178947,0.04507538676261902,-3.0866353511810303,0.00620663957670331,-41.16461181640625,-7.0,7.0,3.073774814605713,0.2962561547756195,0.5718841552734375,-0.4489397406578064,477
individual,13,carpet,50,2275,0.0163143090903759,0.017814889550209045,-3.0173583030700684,0.006200436502695084,-42.17350387573242,-7.0,7.0,2.9444258213043213,0.29842957854270935,0.5467262864112854,-0.4446047842502594,478
population,13,carpet,1,2275,0.01807316206395626,0.015360637567937374,-2.9369163513183594,0.0065211886540055275,3.1338605880737305,-7.0,7.0,2.771707773208618,0.1715725064277649,1.3480055332183838,-0.8045763969421387,429
population,13,carpet,2,2275,0.0302340816706419,0.028195062652230263,-2.974600076675415,0.006518962327390909,7.024431228637695,-7.0,7.0,2.742459297180176,0.29323428869247437,1.346591830253601,-0.7868823409080505,430
population,13,carpet,3,2275,0.011923316866159439,0.010457945987582207,-2.854767084121704,0.006516401655972004,-4.27479362487793,-7.0,7.0,2.681461811065674,0.2591012716293335,1.217415690422058,-0.712673544883728,431
population,13,carpet,4,2275,0.02804889902472496,0.02614341489970684,-2.8056583404541016,0.006514180451631546,0.6468738317489624,-7.0,7.0,2.7932682037353516,0.1680368334054947,1.2826013565063477,-0.7053353190422058,432
population,13,carpet,5,2275,0.01066936831921339,0.009657042101025581,-2.83231782913208,0.00651152478531003,-5.341299057006836,-7.0,7.0,2.7309951782226562,0.29068461060523987,1.1700899600982666,-0.6406264901161194,433
population,13,carpet,6,2275,0.016772769391536713,0.015957124531269073,-2.889822483062744,0.006508483085781336,-14.530069351196289,-7.0,7.0,2.7147910594940186,0.2361801713705063,1.1692157983779907,-0.6099112629890442,434
population,13,carpet,7,2275,0.011009134352207184,0.010938850231468678,-2.8565127849578857,0.006505088414996862,-19.430809020996094,-7.0,7.0,2.733194351196289,0.33797574043273926,1.1264771223068237,-0.5518773198127747,435
population,13,carpet,8,2275,0.008356133475899696,0.008474646136164665,-2.8220293521881104,0.006501382682472467,-29.895362854003906,-7.0,7.0,2.7513182163238525,0.23190124332904816,0.8890454173088074,-0.4673183262348175,436
population,13,carpet,9,2275,0.016721077263355255,0.013865209184587002,-2.835071563720703,0.006497394293546677,-33.09010314941406,-7.0,7.0,2.7755062580108643,0.25592613220214844,0.838664710521698,-0.42778608202934265,437
population,13,carpet,10,2275,0.019949179142713547,0.02061830274760723,-2.8371052742004395,0.006493153981864452,-33.08294677734375,-7.0,7.0,2.713913679122925,0.34423109889030457,0.8924770951271057,-0.43880391120910645,438
population,13,carpet,11,2275,0.009588047862052917,0.008447762578725815,-2.8676528930664062,0.00648868503049016,-38.37449264526367,-7.0,7.0,2.7865612506866455,0.22546885907649994,0.7921168208122253,-0.3934076428413391,439
population,13,carpet,12,2275,0.00842643715441227,0.007607039995491505,-2.8847761154174805,0.006484014447778463,-39.80708694458008,-7.0,7.0,2.7990100383758545,0.30970147252082825,0.7176624536514282,-0.36641520261764526,440
population,13,carpet,13,2275,0.014375386759638786,0.011837108992040157,-2.8511276245117188,0.006479162257164717,-39.870445251464844,-7.0,7.0,2.7871479988098145,0.30915364623069763,0.7150561213493347,-0.3800814151763916,441
population,13,carpet,14,2275,0.012471184134483337,0.01008335966616869,-2.876345634460449,0.006474146619439125,-44.310787200927734,-7.0,7.0,2.717270851135254,0.2669494152069092,0.6871029734611511,-0.3519313335418701,442
population,13,carpet,15,2275,0.012409713119268417,0.013155474327504635,-2.8379828929901123,0.0064689842984080315,-41.50957489013672,-7.0,7.0,2.7400708198547363,0.24495062232017517,0.6771846413612366,-0.35825660824775696,443
population,13,carpet,16,2275,0.010288314893841743,0.009774211794137955,-2.8797457218170166,0.0064636897295713425,-44.73588562011719,-7.0,7.0,2.7771291732788086,0.2791619598865509,0.6747713088989258,-0.3594644367694855,444
population,13,carpet,17,2275,0.008515635505318642,0.009311947971582413,-2.9713714122772217,0.0064582801423966885,-41.81932830810547,-7.0,7.0,2.858903169631958,0.1941998302936554,0.6552214026451111,-0.37047943472862244,445
population,13,carpet,18,2275,0.013502632267773151,0.011876844801008701,-2.967581272125244,0.006452763918787241,-37.515567779541016,-7.0,7.0,2.846647262573242,0.28792911767959595,0.7334918975830078,-0.4030095040798187,446
population,13,carpet,19,2275,0.01587386056780815,0.015169515274465084,-2.9640347957611084,0.006447154097259045,-37.99207305908203,-7.0,7.0,2.841670036315918,0.26052600145339966,0.7344335913658142,-0.41714540123939514,447
population,13,carpet,20,2275,0.007762416731566191,0.007469175383448601,-2.9574227333068848,0.0064414627850055695,-38.9327507019043,-7.0,7.0,2.8292994499206543,0.2628226578235626,0.7088475823402405,-0.41172975301742554,448
population,13,carpet,21,2275,0.010644766502082348,0.00966564379632473,-2.918342113494873,0.006435696966946125,-33.9548454284668,-7.0,7.0,2.8467578887939453,0.2888413667678833,0.7846984267234802,-0.45718875527381897,449
population,13,carpet,22,2275,0.012908142060041428,0.011796742677688599,-2.912498712539673,0.0064298659563064575,-36.14249801635742,-7.0,7.0,2.814535140991211,0.26441025733947754,0.7850876450538635,-0.4559677541255951,450
population,13,carpet,23,2275,0.014497767202556133,0.01277978252619505,-3.008887529373169,0.006423975806683302,-30.449392318725586,-7.0,7.0,2.9151718616485596,0.22934849560260773,0.8505814671516418,-0.5111854076385498,451
population,13,carpet,24,2275,0.008794988505542278,0.00798462051898241,-2.9925553798675537,0.0064180330373346806,-25.509952545166016,-7.0,7.0,2.82442307472229,0.3141515254974365,0.8996501564979553,-0.5420872569084167,452
population,13,carpet,25,2275,0.017031792551279068,0.016312409192323685,-2.99747896194458,0.006412043701857328,-32.966365814208984,-7.0,7.0,2.8829779624938965,0.3375053107738495,0.8160065412521362,-0.48559999465942383,453
population,13,carpet,26,2275,0.008348670788109303,0.007394187618046999,-2.978130578994751,0.0064060138538479805,-21.007164001464844,-7.0,7.0,2.8273959159851074,0.3305206894874573,0.9647821187973022,-0.5661329627037048,454
population,13,carpet,27,2275,0.020822951570153236,0.01886863261461258,-3.0027999877929688,0.006399947218596935,-26.865867614746094,-7.0,7.0,2.8046371936798096,0.2616560161113739,0.9341835379600525,-0.5667305588722229,455
population,13,carpet,28,2275,0.011276704259216785,0.011668980121612549,-2.9819397926330566,0.006393849849700928,-25.2530574798584,-7.0,7.0,2.939140558242798,0.294135719537735,0.9131830930709839,-0.5404329895973206,456
population,13,carpet,29,2275,0.010386822745203972,0.010855688713490963,-2.946348190307617,0.006387721747159958,-29.66175079345703,-7.0,7.0,2.8925607204437256,0.20737604796886444,0.8759194016456604,-0.5247668623924255,457
population,13,carpet,30,2275,0.012197882868349552,0.013021180406212807,-3.0416693687438965,0.006381568964570761,-31.28997230529785,-7.0,7.0,2.9316232204437256,0.2830790579319,0.8529879450798035,-0.4894375205039978,458
population,13,carpet,31,2275,0.014818329364061356,0.014173119328916073,-3.056541681289673,0.006375394761562347,-28.99416732788086,-7.0,7.0,2.8798561096191406,0.26081180572509766,0.8511272072792053,-0.5031997561454773,459
population,13,carpet,32,2275,0.018827788531780243,0.01638221926987171,-3.036151885986328,0.006369201932102442,-32.394569396972656,-7.0,7.0,2.9635815620422363,0.29503896832466125,0.8573781251907349,-0.4997834861278534,460
population,13,carpet,33,2275,0.020982496440410614,0.020777849480509758,-3.025214672088623,0.006362994201481342,-26.365100860595703,-7.0,7.0,2.9850945472717285,0.31832751631736755,0.8620442152023315,-0.49310001730918884,461
population,13,carpet,34,2275,0.01925601437687874,0.01744701713323593,-3.1031742095947266,0.006356774363666773,-23.934444427490234,-7.0,7.0,2.815326452255249,0.2831200063228607,0.9173728823661804,-0.5159457921981812,462
population,13,carpet,35,2275,0.009513077326118946,0.008916358463466167,-3.1319456100463867,0.006350542418658733,-28.74199676513672,-7.0,7.0,2.9746687412261963,0.21302571892738342,0.8925499320030212,-0.49891287088394165,463
population,13,carpet,36,2275,0.010734506882727146,0.009334402158856392,-3.061040163040161,0.006344298366457224,-29.038028717041016,-7.0,7.0,2.9764955043792725,0.21886901557445526,0.8659443855285645,-0.5121926665306091,464
population,13,carpet,37,2275,0.012161278165876865,0.01059036236256361,-3.0367772579193115,0.006338048260658979,-27.72026252746582,-7.0,7.0,2.9229822158813477,0.31987428665161133,0.8932028412818909,-0.5252751111984253,465
population,13,carpet,38,2275,0.01405887957662344,0.012672480195760727,-3.187316656112671,0.006331789307296276,-26.373788833618164,-7.0,7.0,3.0413894653320312,0.26496195793151855,0.8707190752029419,-0.5154282450675964,466
population,13,carpet,39,2275,0.007049032021313906,0.0067549231462180614,-3.1885013580322266,0.006325527559965849,-24.574665069580078,-7.0,7.0,3.000044584274292,0.35134032368659973,0.936103343963623,-0.5568061470985413,467
population,13,carpet,40,2275,0.01872401311993599,0.016704032197594643,-3.154877185821533,0.006319259759038687,-29.10822296142578,-7.0,7.0,3.074272394180298,0.24439427256584167,0.8832539916038513,-0.5401692986488342,468
population,13,carpet,41,2275,0.013470642268657684,0.012284619733691216,-3.127164840698242,0.006312989164143801,-19.473482131958008,-7.0,7.0,2.9572582244873047,0.34753620624542236,0.9059684872627258,-0.5593794584274292,469
population,13,carpet,42,2275,0.02404456026852131,0.024129007011651993,-3.1831164360046387,0.006306716240942478,-25.550065994262695,-7.0,7.0,3.0516607761383057,0.2970105707645416,0.9073804020881653,-0.566167950630188,470
population,13,carpet,43,2275,0.016062166541814804,0.014311665669083595,-3.1858439445495605,0.006300442852079868,-27.302000045776367,-7.0,7.0,3.083141565322876,0.2806846797466278,0.8632179498672485,-0.5515658259391785,471
population,13,carpet,44,2275,0.010538941249251366,0.012968720868229866,-3.1756083965301514,0.006294167134910822,-28.209514617919922,-7.0,7.0,2.9908602237701416,0.26823890209198,0.8690347671508789,-0.555728018283844,472
population,13,carpet,45,2275,0.0157232154160738,0.014987196773290634,-3.129102945327759,0.0062878914177417755,-25.740121841430664,-7.0,7.0,3.0628528594970703,0.28749409317970276,0.8667234182357788,-0.5351396799087524,473
population,13,carpet,46,2275,0.018650714308023453,0.017700355499982834,-3.172748327255249,0.006281619425863028,-24.040891647338867,-7.0,7.0,3.062437057495117,0.3402199447154999,0.8583482503890991,-0.5481778383255005,474
population,13,carpet,47,2275,0.014965381473302841,0.016679557040333748,-3.2099597454071045,0.00627534743398428,-25.105817794799805,-7.0,7.0,3.0386552810668945,0.33084118366241455,0.8472896218299866,-0.5322304368019104,475
population,13,carpet,48,2275,0.012016198597848415,0.010696599259972572,-3.1668338775634766,0.006269075442105532,-29.15872573852539,-7.0,7.0,2.9975149631500244,0.2678543031215668,0.8612337112426758,-0.5342957973480225,476
population,13,carpet,49,2275,0.017648011445999146,0.020010577514767647,-3.0894222259521484,0.006262807175517082,-26.689233779907227,-7.0,7.0,2.971560001373291,0.3602638244628906,0.8434767723083496,-0.5132046341896057,477
population,13,carpet,50,2275,0.014446151442825794,0.01226896047592163,-3.121314525604248,0.006256541702896357,-33.163299560546875,-7.0,7.0,2.980005979537964,0.2849012613296509,0.7803112864494324,-0.4892348349094391,478
individual,14,carpet,1,2450,0.020363790914416313,0.016511060297489166,-3.0396878719329834,0.006194239482283592,-44.22980499267578,-7.0,7.0,3.0480129718780518,0.23203833401203156,0.4940589368343353,-0.4181905686855316,479
individual,14,carpet,2,2450,0.013490291312336922,0.012033723294734955,-3.1001060009002686,0.006188048981130123,-41.89226531982422,-7.0,7.0,3.050179958343506,0.22297120094299316,0.5626397132873535,-0.44798606634140015,480
individual,14,carpet,3,2450,0.013662588782608509,0.011711729690432549,-3.1866321563720703,0.006181864067912102,-35.477901458740234,-7.0,7.0,3.0334877967834473,0.3160369396209717,0.7080220580101013,-0.5067771673202515,481
individual,14,carpet,4,2450,0.03752914071083069,0.020000971853733063,-3.2291479110717773,0.00617568613961339,-37.34922790527344,-7.0,7.0,3.0145139694213867,0.25726085901260376,0.6181539297103882,-0.4740591049194336,482
individual,14,carpet,5,2450,0.014863204210996628,0.009044996462762356,-3.195815086364746,0.006169513799250126,-35.09907150268555,-7.0,7.0,3.0913543701171875,0.337311327457428,0.6535357236862183,-0.4816620349884033,483
individual,14,carpet,6,2450,0.02606000006198883,0.014445425011217594,-3.018958568572998,0.006163347978144884,-32.44950866699219,-7.0,7.0,3.017346143722534,0.2807866632938385,0.7164621353149414,-0.5204772353172302,484
individual,14,carpet,7,2450,0.02918923832476139,0.015466254204511642,-3.0902934074401855,0.006157188210636377,-37.47193145751953,-7.0,7.0,3.0897130966186523,0.26241540908813477,0.6096344590187073,-0.4728580415248871,485
individual,14,carpet,8,2450,0.02197417989373207,0.014227768406271935,-3.1865429878234863,0.0061510344967246056,-33.91358184814453,-7.0,7.0,3.0241518020629883,0.2946549952030182,0.6851301193237305,-0.5102946758270264,486
individual,14,carpet,9,2450,0.01485462300479412,0.014871804974973202,-3.19140625,0.006144886836409569,-42.07710266113281,-7.0,7.0,3.1377272605895996,0.3118198812007904,0.5854484438896179,-0.43608856201171875,487
individual,14,carpet,10,2450,0.015536983497440815,0.011391508392989635,-3.111318588256836,0.006138745229691267,-35.784210205078125,-7.0,7.0,2.9476988315582275,0.34761422872543335,0.7158784866333008,-0.4953429102897644,488
individual,14,carpet,11,2450,0.013234355486929417,0.011593147180974483,-3.080141305923462,0.0061326101422309875,-35.75001525878906,-7.0,7.0,3.0184311866760254,0.23264586925506592,0.6875738501548767,-0.49285396933555603,489
individual,14,carpet,12,2450,0.013036884367465973,0.009344212710857391,-3.1524674892425537,0.006126481108367443,-34.410404205322266,-7.0,7.0,3.1162986755371094,0.2910909652709961,0.6784931421279907,-0.4794910252094269,490
individual,14,carpet,13,2450,0.016840053722262383,0.019594291225075722,-3.157047748565674,0.006120358128100634,-37.15208053588867,-7.0,7.0,3.0754475593566895,0.37588080763816833,0.6653873324394226,-0.4634227454662323,491
individual,14,carpet,14,2450,0.023766761645674706,0.00970181543380022,-3.289271831512451,0.006114241201430559,-38.174530029296875,-7.0,7.0,3.066673755645752,0.3296893537044525,0.6116161942481995,-0.44189998507499695,492
individual,14,carpet,15,2450,0.018047071993350983,0.014390543103218079,-3.165769100189209,0.006108130794018507,-32.88401412963867,-7.0,7.0,2.990605592727661,0.3581494092941284,0.7311332821846008,-0.501116931438446,493
individual,14,carpet,16,2450,0.016915375366806984,0.010111093521118164,-3.1923704147338867,0.0061020259745419025,-30.400039672851562,-7.0,7.0,3.1608474254608154,0.19548770785331726,0.6681917905807495,-0.4835246503353119,494
individual,14,carpet,17,2450,0.04485832527279854,0.03334743529558182,-3.0193142890930176,0.006095927208662033,-40.10087966918945,-7.0,7.0,3.0442333221435547,0.3551226854324341,0.5871801972389221,-0.42049694061279297,495
individual,14,carpet,18,2450,0.018531547859311104,0.021054575219750404,-3.2837271690368652,0.006089834962040186,-34.03435516357422,-7.0,7.0,3.082885503768921,0.25111785531044006,0.6325851678848267,-0.46783876419067383,496
individual,14,carpet,19,2450,0.020053107291460037,0.0178357046097517,-3.2405731678009033,0.006083748769015074,-37.627464294433594,-7.0,7.0,3.0508320331573486,0.36218908429145813,0.576484203338623,-0.4082084000110626,497
individual,14,carpet,20,2450,0.014352693222463131,0.015860410407185555,-3.316775321960449,0.006077668163925409,-36.7442626953125,-7.0,7.0,3.2125391960144043,0.36072036623954773,0.5904415845870972,-0.4242064356803894,498
individual,14,carpet,21,2450,0.02018679305911064,0.015246602706611156,-3.241039752960205,0.006071594078093767,-40.00041580200195,-7.0,7.0,3.182003974914551,0.23177656531333923,0.5711812973022461,-0.4242526590824127,499
individual,14,carpet,22,2450,0.020163550972938538,0.012778876349329948,-3.1801249980926514,0.00606552604585886,-41.60145950317383,-7.0,7.0,3.1069653034210205,0.3076344132423401,0.5655853152275085,-0.40682047605514526,500
individual,14,carpet,23,2450,0.009072970598936081,0.006701282691210508,-3.2899677753448486,0.006059464067220688,-38.651397705078125,-7.0,7.0,3.2368640899658203,0.20038160681724548,0.4805245101451874,-0.38935282826423645,501
individual,14,carpet,24,2450,0.020169351249933243,0.013029505498707294,-3.194729804992676,0.006053408142179251,-29.52269744873047,-7.0,7.0,3.017348289489746,0.4115197956562042,0.6791620254516602,-0.44187623262405396,502
individual,14,carpet,25,2450,0.014424041844904423,0.019530802965164185,-3.255918502807617,0.006047357805073261,-36.11846160888672,-7.0,7.0,3.2359492778778076,0.26441285014152527,0.6466590166091919,-0.4398971199989319,503
individual,14,carpet,26,2450,0.011624658480286598,0.011409997940063477,-3.263594627380371,0.006041313987225294,-37.56769943237305,-7.0,7.0,3.1605961322784424,0.2694490849971771,0.6228920221328735,-0.41519278287887573,504
individual,14,carpet,27,2450,0.009016995318233967,0.017150389030575752,-3.3166658878326416,0.006035276222974062,-34.916847229003906,-7.0,7.0,3.1623435020446777,0.3400381803512573,0.6643520593643188,-0.43159031867980957,505
individual,14,carpet,28,2450,0.011809058487415314,0.012470846995711327,-3.313023567199707,0.006029244512319565,-34.26592254638672,-7.0,7.0,3.2100040912628174,0.3158915638923645,0.6551936864852905,-0.44529810547828674,506
individual,14,carpet,29,2450,0.015125786885619164,0.0221576951444149,-3.2725534439086914,0.006023218855261803,-40.25272750854492,-7.0,7.0,3.2793385982513428,0.26678070425987244,0.640710711479187,-0.4358239471912384,507
individual,14,carpet,30,2450,0.0148009629920125,0.015425631776452065,-3.260465145111084,0.006017198786139488,-35.23628616333008,-7.0,7.0,3.1294822692871094,0.3928900361061096,0.6397038102149963,-0.4202784597873688,508
individual,14,carpet,31,2450,0.012713072821497917,0.020219333469867706,-3.2852284908294678,0.006011185236275196,-37.67737579345703,-7.0,7.0,3.131739616394043,0.34246787428855896,0.5992582440376282,-0.40787050127983093,509
individual,14,carpet,32,2450,0.014744284562766552,0.015539701096713543,-3.3008651733398438,0.006005177274346352,-35.73537826538086,-7.0,7.0,3.210338592529297,0.30190160870552063,0.6496394276618958,-0.43355730175971985,510
individual,14,carpet,33,2450,0.011998827569186687,0.017472878098487854,-3.258358955383301,0.0059991758316755295,-30.096508026123047,-7.0,7.0,3.2133359909057617,0.35140925645828247,0.6956737637519836,-0.4281547963619232,511
individual,14,carpet,34,2450,0.010522140190005302,0.0072537632659077644,-3.2846145629882812,0.005993179976940155,-34.27946853637695,-7.0,7.0,3.1773602962493896,0.2807859182357788,0.6711044311523438,-0.43113115429878235,512
individual,14,carpet,35,2450,0.009468846954405308,0.013416547328233719,-3.41055965423584,0.005987190175801516,-33.789894104003906,-7.0,7.0,3.2065367698669434,0.29382291436195374,0.6933735609054565,-0.4116796553134918,513
individual,14,carpet,36,2450,0.008363530971109867,0.008355214260518551,-3.2902376651763916,0.005981206428259611,-31.559057235717773,-7.0,7.0,3.157254695892334,0.355435311794281,0.6631450057029724,-0.404672235250473,514
individual,14,carpet,37,2450,0.02796328440308571,0.01773708686232567,-3.3393051624298096,0.005975228734314442,-38.86455154418945,-7.0,7.0,3.351560592651367,0.28169018030166626,0.5854209661483765,-0.3804153800010681,515
individual,14,carpet,38,2450,0.020109517499804497,0.022127123549580574,-3.3146908283233643,0.00596925662830472,-42.7485237121582,-7.0,7.0,3.237947463989258,0.3104453980922699,0.5288612246513367,-0.3718548119068146,516
individual,14,carpet,39,2450,0.018272828310728073,0.019700583070516586,-3.437448501586914,0.0059632910415530205,-39.761138916015625,-7.0,7.0,3.3325400352478027,0.3081187903881073,0.5166937708854675,-0.3794180452823639,517
individual,14,carpet,40,2450,0.014182588085532188,0.01508424337953329,-3.4065656661987305,0.005957331042736769,-41.74248504638672,-7.0,7.0,3.2273547649383545,0.28790947794914246,0.5380839109420776,-0.3777628540992737,518
individual,14,carpet,41,2450,0.029096340760588646,0.02493499219417572,-3.309959888458252,0.005951377097517252,-37.98411560058594,-7.0,7.0,3.3241126537323,0.20922964811325073,0.5650557279586792,-0.40821170806884766,519
individual,14,carpet,42,2450,0.006698142737150192,0.007912816479802132,-3.3213419914245605,0.00594542920589447,-37.6306266784668,-7.0,7.0,3.183605194091797,0.25145745277404785,0.6032801270484924,-0.4047888219356537,520
individual,14,carpet,43,2450,0.0145823759958148,0.012271223589777946,-3.429499626159668,0.0059394873678684235,-29.959360122680664,-7.0,7.0,3.222210168838501,0.37824323773384094,0.6797536611557007,-0.43444886803627014,521
individual,14,carpet,44,2450,0.011392097920179367,0.013803274370729923,-3.3996522426605225,0.005933551117777824,-38.25449752807617,-7.0,7.0,3.2777411937713623,0.3342270851135254,0.6037648320198059,-0.419158011674881,522
individual,14,carpet,45,2450,0.026307635009288788,0.030576316639780998,-3.4621710777282715,0.00592762092128396,-38.68616485595703,-7.0,7.0,3.2930305004119873,0.24756161868572235,0.5882707238197327,-0.4175885021686554,523
individual,14,carpet,46,2450,0.019469453021883965,0.020075149834156036,-3.3530399799346924,0.005921696778386831,-34.26853942871094,-7.0,7.0,3.333211660385132,0.2374124526977539,0.6693347096443176,-0.45937517285346985,524
individual,14,carpet,47,2450,0.0262385755777359,0.026169972494244576,-3.4058010578155518,0.00591577822342515,-32.582706451416016,-7.0,7.0,3.4013400077819824,0.2682422697544098,0.7362127900123596,-0.48554879426956177,525
individual,14,carpet,48,2450,0.0208952184766531,0.03118334896862507,-3.5525479316711426,0.005909866187721491,-27.13732147216797,-7.0,7.0,3.353226900100708,0.27530011534690857,0.7728599905967712,-0.49283191561698914,526
individual,14,carpet,49,2450,0.015619729645550251,0.012185387313365936,-3.4981637001037598,0.005903959274291992,-26.613523483276367,-7.0,7.0,3.3273136615753174,0.3174014687538147,0.7893915176391602,-0.4744277894496918,527
individual,14,carpet,50,2450,0.0136552220210433,0.011593936942517757,-3.436399459838867,0.005898058880120516,-21.808876037597656,-7.0,7.0,3.3373451232910156,0.3619503378868103,0.8895279169082642,-0.5126872062683105,528
population,14,carpet,1,2450,0.017779793590307236,0.015797678381204605,-3.149320602416992,0.006250279955565929,-35.56020736694336,-7.0,7.0,2.9860451221466064,0.2370971292257309,0.7690510153770447,-0.48078542947769165,479
population,14,carpet,2,2450,0.02277926169335842,0.020222976803779602,-3.1159093379974365,0.006244021467864513,-34.113555908203125,-7.0,7.0,3.0814554691314697,0.30985599756240845,0.7905101776123047,-0.47619208693504333,480
population,14,carpet,3,2450,0.02457842230796814,0.024949602782726288,-3.188575267791748,0.006237765774130821,-34.35063171386719,-7.0,7.0,3.1461377143859863,0.2211056351661682,0.7541266679763794,-0.46223434805870056,481
population,14,carpet,4,2450,0.020685356110334396,0.021407779306173325,-3.305326461791992,0.0062315138056874275,-37.3733024597168,-7.0,7.0,3.1946980953216553,0.25945332646369934,0.7376421689987183,-0.43898311257362366,482
population,14,carpet,5,2450,0.018948055803775787,0.021682385355234146,-3.301687479019165,0.006225268356502056,-30.841716766357422,-7.0,7.0,3.0581531524658203,0.2542530298233032,0.8191696405410767,-0.4809705913066864,483
population,14,carpet,6,2450,0.012476999312639236,0.013247779570519924,-3.1710901260375977,0.006219025701284409,-34.59213638305664,-7.0,7.0,3.1574254035949707,0.19515646994113922,0.7172213792800903,-0.4345298707485199,484
population,14,carpet,7,2450,0.017711419612169266,0.021229375153779984,-3.136425733566284,0.0062127867713570595,-28.464065551757812,-7.0,7.0,3.0540759563446045,0.3544667363166809,0.8284528851509094,-0.48371103405952454,485
population,14,carpet,8,2450,0.013544674031436443,0.009787471033632755,-3.2514452934265137,0.006206553895026445,-38.23837661743164,-7.0,7.0,3.0989301204681396,0.24962228536605835,0.7345584630966187,-0.45641449093818665,486
population,14,carpet,9,2450,0.02461407147347927,0.02501119300723076,-3.375896692276001,0.006200327072292566,-35.10781478881836,-7.0,7.0,3.16963791847229,0.27348798513412476,0.8038841485977173,-0.47268134355545044,487
population,14,carpet,10,2450,0.01747392863035202,0.017114834859967232,-3.2355754375457764,0.006194103509187698,-29.971670150756836,-7.0,7.0,3.0506739616394043,0.35511258244514465,0.8775838017463684,-0.5269749760627747,488
population,14,carpet,11,2450,0.03150777518749237,0.0232979878783226,-3.1249914169311523,0.006187886465340853,-30.783565521240234,-7.0,7.0,3.1232268810272217,0.2569391429424286,0.8035171627998352,-0.4962451756000519,489
population,14,carpet,12,2450,0.01895734667778015,0.018758881837129593,-3.238919973373413,0.006181672681123018,-24.589599609375,-7.0,7.0,3.183318614959717,0.29042887687683105,0.932741105556488,-0.551184356212616,490
population,14,carpet,13,2450,0.04578019678592682,0.03747319430112839,-3.355177402496338,0.006175464950501919,-35.687355041503906,-7.0,7.0,3.113572597503662,0.29148706793785095,0.8262009024620056,-0.5087993741035461,491
population,14,carpet,14,2450,0.013228300027549267,0.014227109029889107,-3.3055484294891357,0.006169263739138842,-23.9932918548584,-7.0,7.0,3.178891897201538,0.26622045040130615,0.9160947203636169,-0.5652236342430115,492
population,14,carpet,15,2450,0.03263391554355621,0.022380869835615158,-3.1291232109069824,0.0061630685813724995,-24.277652740478516,-7.0,7.0,3.122821092605591,0.3491723835468292,0.9288352131843567,-0.5515996813774109,493
population,14,carpet,16,2450,0.01791681908071041,0.016164196655154228,-3.237720489501953,0.00615687994286418,-24.99388885498047,-7.0,7.0,3.1771163940429688,0.2566201090812683,0.9138346910476685,-0.5480707287788391,494
population,14,carpet,17,2450,0.0178824495524168,0.012693217024207115,-3.333176851272583,0.006150694098323584,-29.90147590637207,-7.0,7.0,3.216808557510376,0.26836511492729187,0.8360859751701355,-0.5008879899978638,495
population,14,carpet,18,2450,0.024485453963279724,0.022718030959367752,-3.4093542098999023,0.00614451477304101,-30.406841278076172,-7.0,7.0,3.16597056388855,0.26947924494743347,0.8327809572219849,-0.5028640627861023,496
population,14,carpet,19,2450,0.015367611311376095,0.014133911579847336,-3.315227746963501,0.006138341501355171,-30.889448165893555,-7.0,7.0,3.1952500343322754,0.24835804104804993,0.8607509732246399,-0.5007250905036926,497
population,14,carpet,20,2450,0.03237086161971092,0.026604026556015015,-3.2120513916015625,0.006132174748927355,-19.409374237060547,-7.0,7.0,3.1635079383850098,0.3205849826335907,1.0164068937301636,-0.5620773434638977,498
population,14,carpet,21,2450,0.015094354748725891,0.013756221160292625,-3.2497963905334473,0.006126013584434986,-29.31263542175293,-7.0,7.0,3.1694679260253906,0.3115842938423157,0.8949210047721863,-0.5019533038139343,499
population,14,carpet,22,2450,0.01534277107566595,0.015278779901564121,-3.3903162479400635,0.00611985893920064,-25.71784210205078,-7.0,7.0,3.2695560455322266,0.2903759777545929,0.941081702709198,-0.5318614840507507,500
population,14,carpet,23,2450,0.03470322862267494,0.041579172015190125,-3.37888765335083,0.006113710813224316,-34.76592254638672,-7.0,7.0,3.0964174270629883,0.31709399819374084,0.9341732859611511,-0.5208196640014648,501
population,14,carpet,24,2450,0.013991426676511765,0.012562192045152187,-3.2667884826660156,0.006107568275183439,-30.043516159057617,-7.0,7.0,3.225831985473633,0.20049773156642914,0.9019542336463928,-0.5166499018669128,502
population,14,carpet,25,2450,0.033235836774110794,0.04261624813079834,-3.1874985694885254,0.006101432256400585,-20.28260612487793,-7.0,7.0,3.185086488723755,0.35449379682540894,1.075865626335144,-0.5659281015396118,503
population,14,carpet,26,2450,0.023695608600974083,0.019420411437749863,-3.3257358074188232,0.006095302291214466,-14.301901817321777,-7.0,7.0,3.188549041748047,0.3511839807033539,1.0736840963363647,-0.5671941637992859,504
population,14,carpet,27,2450,0.020259466022253036,0.024628600105643272,-3.3919758796691895,0.006089175585657358,-11.396759033203125,-7.0,7.0,3.203807830810547,0.2534201145172119,1.2172454595565796,-0.6169067025184631,505
population,14,carpet,28,2450,0.011371729895472527,0.01089420448988676,-3.2455148696899414,0.0060830553993582726,-19.431446075439453,-7.0,7.0,3.2053022384643555,0.3096759021282196,1.1328924894332886,-0.576322615146637,506
population,14,carpet,29,2450,0.0353095605969429,0.02924075908958912,-3.202044725418091,0.006077604368329048,0.4740599989891052,-7.0,7.0,3.239086151123047,0.33325642347335815,1.3300544023513794,-0.6381111145019531,507
population,14,carpet,30,2450,0.02514253929257393,0.02336091361939907,-3.299114465713501,0.006072089076042175,-5.962039947509766,-7.0,7.0,3.2337145805358887,0.32532280683517456,1.2650045156478882,-0.6020053029060364,508
population,14,carpet,31,2450,0.02721303701400757,0.024519620463252068,-3.400146484375,0.006066521164029837,-20.10696029663086,-7.0,7.0,3.1696083545684814,0.3750965893268585,1.051234483718872,-0.4890522360801697,509
population,14,carpet,32,2450,0.01977008394896984,0.01829860918223858,-3.30106782913208,0.006060902960598469,-29.431062698364258,-7.0,7.0,3.2478766441345215,0.3153539001941681,0.9738702178001404,-0.4534902572631836,510
population,14,carpet,33,2450,0.023399272933602333,0.020619843155145645,-3.2883737087249756,0.006055240985006094,-25.154314041137695,-7.0,7.0,3.2360901832580566,0.34382545948028564,0.9645814895629883,-0.4381278157234192,511
population,14,carpet,34,2450,0.01738176867365837,0.014560606330633163,-3.3478729724884033,0.006049541290849447,-32.5452880859375,-7.0,7.0,3.2034969329833984,0.248390331864357,0.8826356530189514,-0.39313316345214844,512
population,14,carpet,35,2450,0.01294444128870964,0.010044800117611885,-3.394789218902588,0.0060438066720962524,-36.59508514404297,-7.0,7.0,3.2780210971832275,0.24145013093948364,0.7934985756874084,-0.35797038674354553,513
population,14,carpet,36,2450,0.018388547003269196,0.019009068608283997,-3.3111281394958496,0.006038042716681957,-35.746620178222656,-7.0,7.0,3.2326157093048096,0.3171321749687195,0.8462328910827637,-0.37491104006767273,514
population,14,carpet,37,2450,0.011943910270929337,0.010241310112178326,-3.2963578701019287,0.0060322522185742855,-36.75239562988281,-7.0,7.0,3.167123556137085,0.35512250661849976,0.7824931740760803,-0.3623335361480713,515
population,14,carpet,38,2450,0.021881410852074623,0.02383768931031227,-3.454850912094116,0.006026438903063536,-32.99736404418945,-7.0,7.0,3.3571786880493164,0.36607593297958374,0.8180235028266907,-0.3701325058937073,516
population,14,carpet,39,2450,0.024715658277273178,0.015949886292219162,-3.4805972576141357,0.006020605564117432,-36.3345832824707,-7.0,7.0,3.2656967639923096,0.3614571690559387,0.7863259315490723,-0.38113561272621155,517
population,14,carpet,40,2450,0.016970738768577576,0.015513818711042404,-3.51163649559021,0.006014754995703697,-32.26429748535156,-7.0,7.0,3.3525216579437256,0.3416910469532013,0.8432775139808655,-0.4188254177570343,518
population,14,carpet,41,2450,0.022103752940893173,0.015065519139170647,-3.3626954555511475,0.006008889526128769,-37.24330520629883,-7.0,7.0,3.3156232833862305,0.3062184453010559,0.7853193283081055,-0.40943145751953125,519
population,14,carpet,42,2450,0.013695950619876385,0.0163883063942194,-3.3888142108917236,0.006003010086715221,-25.229644775390625,-7.0,7.0,3.196254253387451,0.3425981402397156,0.944182276725769,-0.47490134835243225,520
population,14,carpet,43,2450,0.01539909653365612,0.01627236418426037,-3.4019970893859863,0.005997122265398502,-31.25311279296875,-7.0,7.0,3.272796630859375,0.37799036502838135,0.8771365284919739,-0.4715399146080017,521
population,14,carpet,44,2450,0.01560010202229023,0.014412895776331425,-3.5479626655578613,0.005991222802549601,-30.064464569091797,-7.0,7.0,3.4026336669921875,0.2993323504924774,0.849674642086029,-0.4610511362552643,522
population,14,carpet,45,2450,0.008762065321207047,0.013516508042812347,-3.4934334754943848,0.005985317751765251,-34.185829162597656,-7.0,7.0,3.353877067565918,0.25077560544013977,0.8649101853370667,-0.4818649888038635,523
population,14,carpet,46,2450,0.020922359079122543,0.011904374696314335,-3.391752243041992,0.00597940431907773,-22.416221618652344,-7.0,7.0,3.284104824066162,0.2778128981590271,0.9860777258872986,-0.5402608513832092,524
population,14,carpet,47,2450,0.02425430342555046,0.026890447363257408,-3.3961801528930664,0.005973488092422485,-16.57089614868164,-7.0,7.0,3.3645946979522705,0.2925436496734619,1.0139992237091064,-0.5670838952064514,525
population,14,carpet,48,2450,0.0333351269364357,0.024083632975816727,-3.51623272895813,0.005967566277831793,-13.979154586791992,-7.0,7.0,3.304075002670288,0.3099558353424072,1.061331033706665,-0.6028044819831848,526
population,14,carpet,49,2450,0.011518933810293674,0.011920361779630184,-3.5796077251434326,0.005961642134934664,-13.443194389343262,-7.0,7.0,3.421433448791504,0.354043185710907,1.117451548576355,-0.627827525138855,527
population,14,carpet,50,2450,0.025136813521385193,0.02089996263384819,-3.4225776195526123,0.0059557147324085236,-13.47331428527832,-7.0,7.0,3.4347667694091797,0.3216186463832855,1.0476349592208862,-0.5960369110107422,528
individual,15,carpet,1,2625,0.03157750889658928,0.029471969231963158,-3.3179054260253906,0.005892164073884487,-29.062719345092773,-7.0,7.0,3.3318774700164795,0.3568226099014282,0.8195537328720093,-0.4827205240726471,529
individual,15,carpet,2,2625,0.05568542331457138,0.0554906390607357,-3.4051265716552734,0.0058862753212451935,-29.673357009887695,-7.0,7.0,3.4490256309509277,0.3110108971595764,0.8374565839767456,-0.5072673559188843,530
individual,15,carpet,3,2625,0.0312181506305933,0.04343918710947037,-3.6410951614379883,0.005880392622202635,-20.363182067871094,-7.0,7.0,3.388505458831787,0.2820604741573334,0.9693212509155273,-0.5282620191574097,531
individual,15,carpet,4,2625,0.02053263783454895,0.015900500118732452,-3.587327718734741,0.005874515511095524,-23.990123748779297,-7.0,7.0,3.395627498626709,0.28960368037223816,0.9658913612365723,-0.5076410174369812,532
individual,15,carpet,5,2625,0.022365769371390343,0.03500482439994812,-3.441368579864502,0.005868644453585148,-22.003978729248047,-7.0,7.0,3.3922362327575684,0.2517676055431366,0.9683793187141418,-0.5259636640548706,533
individual,15,carpet,6,2625,0.02890784852206707,0.02916843630373478,-3.3814337253570557,0.00586277898401022,-18.156341552734375,-7.0,7.0,3.371842861175537,0.24301807582378387,0.997085690498352,-0.5222559571266174,534
individual,15,carpet,7,2625,0.034759294241666794,0.030848998576402664,-3.492664098739624,0.005856919568032026,-6.225851058959961,-7.0,7.0,3.4112367630004883,0.33542704582214355,1.1366138458251953,-0.5389996767044067,535
individual,15,carpet,8,2625,0.03629457205533981,0.057355716824531555,-3.6958985328674316,0.005851208232343197,-3.854297637939453,-7.0,7.0,3.3848488330841064,0.20389561355113983,1.2456804513931274,-0.5649374723434448,536
individual,15,carpet,9,2625,0.019931625574827194,0.016280313953757286,-3.5209925174713135,0.005845488514751196,-6.24712610244751,-7.0,7.0,3.286830425262451,0.40615344047546387,1.2305368185043335,-0.5567693114280701,537
individual,15,carpet,10,2625,0.015301062725484371,0.025018319487571716,-3.408337116241455,0.005840493366122246,1.3543846607208252,-7.0,7.0,3.397156238555908,0.27107566595077515,1.3343961238861084,-0.559755265712738,538
individual,15,carpet,11,2625,0.02130662277340889,0.018376806750893593,-3.3316409587860107,0.005835418123751879,-7.594876766204834,-7.0,7.0,3.2576498985290527,0.3440409302711487,1.2550618648529053,-0.5288156270980835,539
individual,15,carpet,12,2625,0.036389078944921494,0.023727860301733017,-3.4372878074645996,0.005831248592585325,3.4925153255462646,-7.0,7.0,3.4867491722106934,0.3415800929069519,1.4278827905654907,-0.5538336634635925,540
individual,15,carpet,13,2625,0.02468004636466503,0.03444384038448334,-3.5685601234436035,0.005827026441693306,-4.124073028564453,-7.0,7.0,3.377756357192993,0.3882911801338196,1.2994296550750732,-0.501748263835907,541
individual,15,carpet,14,2625,0.05217752233147621,0.02814626134932041,-3.6002612113952637,0.005822646431624889,-8.041874885559082,-7.0,7.0,3.4467287063598633,0.3774624764919281,1.2401659488677979,-0.47783228754997253,542
individual,15,carpet,15,2625,0.0215423796325922,0.028288405388593674,-3.425600051879883,0.005818122532218695,-5.466687202453613,-7.0,7.0,3.400451898574829,0.32464152574539185,1.339698076248169,-0.4715394675731659,543
individual,15,carpet,16,2625,0.04742477834224701,0.03650995343923569,-3.343238115310669,0.005813471972942352,-13.640795707702637,-7.0,7.0,3.469433069229126,0.3837380111217499,1.2215648889541626,-0.4286482036113739,544
individual,15,carpet,17,2625,0.039209481328725815,0.025572318583726883,-3.4717442989349365,0.005808705929666758,-22.875282287597656,-7.0,7.0,3.5521440505981445,0.3032240569591522,1.1128040552139282,-0.37099164724349976,545
individual,15,carpet,18,2625,0.03573206812143326,0.03611794486641884,-3.6485469341278076,0.005803838837891817,-29.741073608398438,-7.0,7.0,3.446683406829834,0.39320889115333557,0.9632830023765564,-0.31818124651908875,546
individual,15,carpet,19,2625,0.036347415298223495,0.019814549013972282,-3.619084358215332,0.005798881407827139,-32.69852828979492,-7.0,7.0,3.403411626815796,0.40335988998413086,0.8883733153343201,-0.2828734815120697,547
individual,15,carpet,20,2625,0.02195301651954651,0.017635121941566467,-3.6638600826263428,0.005793842952698469,-36.158687591552734,-7.0,7.0,3.5702764987945557,0.2964228093624115,0.8275771737098694,-0.2446490079164505,548
individual,15,carpet,21,2625,0.02676001563668251,0.017019059509038925,-3.430021047592163,0.005788731388747692,-40.85201644897461,-7.0,7.0,3.457223415374756,0.32673174142837524,0.7064003348350525,-0.23340876400470734,549
individual,15,carpet,22,2625,0.05470692366361618,0.024159248918294907,-3.4355998039245605,0.005783555563539267,-40.647071838378906,-7.0,7.0,3.4885082244873047,0.35279566049575806,0.6705662608146667,-0.22071930766105652,550
individual,15,carpet,23,2625,0.030939890071749687,0.03705510124564171,-3.8434324264526367,0.005778320599347353,-36.329498291015625,-7.0,7.0,3.634571075439453,0.36614686250686646,0.7153895497322083,-0.2095019817352295,551
individual,15,carpet,24,2625,0.07721644639968872,0.036237601190805435,-3.830690860748291,0.0057730358093976974,-38.141048431396484,-7.0,7.0,3.569408893585205,0.3072753846645355,0.6028186678886414,-0.20574069023132324,552
individual,15,carpet,25,2625,0.02572842501103878,0.03431576490402222,-3.5487589836120605,0.005767703056335449,-42.4168586730957,-7.0,7.0,3.440584182739258,0.312139093875885,0.6235024333000183,-0.2232375144958496,553
individual,15,carpet,26,2625,0.07135613262653351,0.03858252614736557,-3.484508752822876,0.0057623316533863544,-43.80772018432617,-7.0,7.0,3.5246267318725586,0.3335002362728119,0.5826427340507507,-0.20867358148097992,554
individual,15,carpet,27,2625,0.03027346543967724,0.026526685804128647,-3.6195783615112305,0.00575692392885685,-42.773590087890625,-7.0,7.0,3.584049701690674,0.32126662135124207,0.6004127264022827,-0.2163287103176117,555
individual,15,carpet,28,2625,0.04432329162955284,0.05283115804195404,-3.93062162399292,0.00575148593634367,-41.60333251953125,-7.0,7.0,3.6742000579833984,0.26367881894111633,0.6186438202857971,-0.24047963321208954,556
individual,15,carpet,29,2625,0.02448849380016327,0.0156948734074831,-3.6441311836242676,0.005746020004153252,-31.854961395263672,-7.0,7.0,3.5284323692321777,0.3217950463294983,0.7273901700973511,-0.2869186997413635,557
individual,15,carpet,30,2625,0.01809471659362316,0.048156652599573135,-3.593353271484375,0.005740528926253319,-25.450443267822266,-7.0,7.0,3.5640206336975098,0.35573428869247437,0.7998924255371094,-0.3415411412715912,558
individual,15,carpet,31,2625,0.025757402181625366,0.02188970521092415,-3.6372594833374023,0.0057350159622728825,-27.93560791015625,-7.0,7.0,3.556173324584961,0.2732694447040558,0.8429998755455017,-0.35247689485549927,559
individual,15,carpet,32,2625,0.032979995012283325,0.03637086600065231,-3.7401819229125977,0.005729483440518379,-19.750152587890625,-7.0,7.0,3.591918468475342,0.42768993973731995,0.9351354837417603,-0.4380600154399872,560
individual,15,carpet,33,2625,0.053247690200805664,0.04766247421503067,-3.823343515396118,0.00572393462061882,-15.463794708251953,-7.0,7.0,3.4837403297424316,0.33758050203323364,1.0398991107940674,-0.4843467175960541,561
individual,15,carpet,34,2625,0.01984715275466442,0.01962793990969658,-3.6957778930664062,0.005718372296541929,-14.651893615722656,-7.0,7.0,3.5785322189331055,0.2986750602722168,1.0495097637176514,-0.47083112597465515,562
individual,15,carpet,35,2625,0.02948669157922268,0.047488734126091,-3.6178863048553467,0.005712798796594143,-11.091885566711426,-7.0,7.0,3.617064952850342,0.3195926249027252,1.016292691230774,-0.49077481031417847,563
individual,15,carpet,36,2625,0.040395889431238174,0.022818638011813164,-3.607675552368164,0.0057072145864367485,-7.907689094543457,-7.0,7.0,3.4912660121917725,0.36168035864830017,1.1271898746490479,-0.5767935514450073,564
individual,15,carpet,37,2625,0.022244734689593315,0.045562271028757095,-3.7993063926696777,0.0057016219943761826,-11.641336441040039,-7.0,7.0,3.6198112964630127,0.36714959144592285,1.1199716329574585,-0.5398675203323364,565
individual,15,carpet,38,2625,0.043320223689079285,0.03982103615999222,-3.8629610538482666,0.005696021486073732,-15.053354263305664,-7.0,7.0,3.605989694595337,0.3038829267024994,1.0921318531036377,-0.5074746012687683,566
individual,15,carpet,39,2625,0.015603982843458652,0.026485536247491837,-3.6509039402008057,0.005690914578735828,-0.5878097414970398,-7.0,7.0,3.5509254932403564,0.46177616715431213,1.2686851024627686,-0.5966762900352478,567
individual,15,carpet,40,2625,0.02229229547083378,0.03569641709327698,-3.5553839206695557,0.005686170421540737,-1.3506009578704834,-7.0,7.0,3.4621798992156982,0.46077579259872437,1.2330138683319092,-0.6298059821128845,568
individual,15,carpet,41,2625,0.04603508859872818,0.02531515806913376,-3.5157835483551025,0.005681332666426897,-11.106191635131836,-7.0,7.0,3.551767110824585,0.3495998978614807,1.0767422914505005,-0.5417051911354065,569
individual,15,carpet,42,2625,0.020176144316792488,0.04358593374490738,-3.659315347671509,0.0056764124892652035,-13.306398391723633,-7.0,7.0,3.578793525695801,0.3875614106655121,1.108275294303894,-0.5234862565994263,570
individual,15,carpet,43,2625,0.03312467411160469,0.02249925211071968,-3.8360981941223145,0.005671418271958828,-6.837347030639648,-7.0,7.0,3.615649938583374,0.3803207278251648,1.1247408390045166,-0.5324388146400452,571
individual,15,carpet,44,2625,0.028420008718967438,0.024024024605751038,-3.6909852027893066,0.005666357930749655,-15.817617416381836,-7.0,7.0,3.6179051399230957,0.3981111943721771,1.10493803024292,-0.507790207862854,572
individual,15,carpet,45,2625,0.029196910560131073,0.03367073833942413,-3.69699764251709,0.005661237519234419,-12.511007308959961,-7.0,7.0,3.669177532196045,0.28543803095817566,1.1312404870986938,-0.5363209843635559,573
individual,15,carpet,46,2625,0.039921920746564865,0.027568776160478592,-3.5847177505493164,0.0056560649536550045,-8.796850204467773,-7.0,7.0,3.520124912261963,0.48775357007980347,1.1341068744659424,-0.5119107961654663,574
individual,15,carpet,47,2625,0.02454521879553795,0.04964370280504227,-3.83530855178833,0.005650845821946859,-10.449642181396484,-7.0,7.0,3.699165105819702,0.33860746026039124,1.1249791383743286,-0.5346426367759705,575
individual,15,carpet,48,2625,0.039026129990816116,0.027698731049895287,-3.9163479804992676,0.005645585712045431,-20.349498748779297,-7.0,7.0,3.7206592559814453,0.3624328076839447,1.0038295984268188,-0.4778008460998535,576
individual,15,carpet,49,2625,0.02580546960234642,0.05328546091914177,-3.6825451850891113,0.0056402902118861675,-19.170494079589844,-7.0,7.0,3.682053327560425,0.4198697507381439,1.0173002481460571,-0.4631097912788391,577
individual,15,carpet,50,2625,0.02008741907775402,0.033772651106119156,-3.665743350982666,0.005634962115436792,-16.855121612548828,-7.0,7.0,3.639617681503296,0.1757163107395172,1.0356080532073975,-0.4915177524089813,578
population,15,carpet,1,2625,0.010651923716068268,0.010962550528347492,-3.49436092376709,0.005949788261204958,-6.705310344696045,-7.0,7.0,3.40828275680542,0.3741041421890259,1.1497553586959839,-0.6562640070915222,529
population,15,carpet,2,2625,0.024315496906638145,0.01645117998123169,-3.561401844024658,0.005943861790001392,-10.503443717956543,-7.0,7.0,3.4074625968933105,0.23317699134349823,1.125356674194336,-0.6541532278060913,530
population,15,carpet,3,2625,0.01516469195485115,0.019919855520129204,-3.618844747543335,0.005937935318797827,-15.165132522583008,-7.0,7.0,3.428851842880249,0.25020620226860046,1.0780231952667236,-0.6035870909690857,531
population,15,carpet,4,2625,0.021355928853154182,0.01405139360576868,-3.3663811683654785,0.005932631436735392,0.2788355350494385,-7.0,7.0,3.2416584491729736,0.45619627833366394,1.2508755922317505,-0.6623598337173462,532
population,15,carpet,5,2625,0.010409989394247532,0.012130049988627434,-3.4513790607452393,0.00592726469039917,-21.177547454833984,-7.0,7.0,3.3199069499969482,0.32323193550109863,1.0088402032852173,-0.5598336458206177,533
population,15,carpet,6,2625,0.016210565343499184,0.014748239889740944,-3.539783239364624,0.005921843461692333,-18.96713638305664,-7.0,7.0,3.3084731101989746,0.3632708489894867,1.083447813987732,-0.5763036608695984,534
population,15,carpet,7,2625,0.029476668685674667,0.030728638172149658,-3.6414453983306885,0.005916371010243893,-17.07280921936035,-7.0,7.0,3.4683265686035156,0.2896680533885956,1.042843222618103,-0.5660985708236694,535
population,15,carpet,8,2625,0.023034993559122086,0.0198427252471447,-3.5590832233428955,0.0059108552522957325,-26.25977325439453,-7.0,7.0,3.4556307792663574,0.3477053642272949,0.9740297198295593,-0.5358158349990845,536
population,15,carpet,9,2625,0.010343268513679504,0.014969456009566784,-3.49592924118042,0.005905299913138151,-27.07363510131836,-7.0,7.0,3.3417978286743164,0.3605107069015503,0.9413289427757263,-0.5126515626907349,537
population,15,carpet,10,2625,0.02578948438167572,0.027616165578365326,-3.6007325649261475,0.005899710115045309,-27.539363861083984,-7.0,7.0,3.540329694747925,0.3017387390136719,0.9279958009719849,-0.5139291882514954,538
population,15,carpet,11,2625,0.01737380027770996,0.018652964383363724,-3.705545425415039,0.005894089117646217,-23.81396484375,-7.0,7.0,3.426583766937256,0.3854692578315735,0.9866045713424683,-0.5326941609382629,539
population,15,carpet,12,2625,0.017352841794490814,0.02105667069554329,-3.631639003753662,0.005888442508876324,-24.027177810668945,-7.0,7.0,3.4111785888671875,0.3580895960330963,0.9773289561271667,-0.5405682325363159,540
population,15,carpet,13,2625,0.02564825862646103,0.022759541869163513,-3.506483793258667,0.005882773548364639,-31.059383392333984,-7.0,7.0,3.4673972129821777,0.29855212569236755,0.8740878701210022,-0.48650380969047546,541
population,15,carpet,14,2625,0.01076088473200798,0.01578335091471672,-3.6021175384521484,0.005877081770449877,-29.36522674560547,-7.0,7.0,3.49149751663208,0.3145291209220886,0.8989647030830383,-0.4947670102119446,542
population,15,carpet,15,2625,0.015055527910590172,0.015918776392936707,-3.719233751296997,0.005871373228728771,-32.323036193847656,-7.0,7.0,3.5287508964538574,0.28141722083091736,0.8590331673622131,-0.48994335532188416,543
population,15,carpet,16,2625,0.02122974768280983,0.025448456406593323,-3.719750165939331,0.005865650717169046,-23.21117401123047,-7.0,7.0,3.4690473079681396,0.3453506827354431,1.0051734447479248,-0.5494682192802429,544
population,15,carpet,17,2625,0.018261224031448364,0.017843808978796005,-3.582566976547241,0.005859914235770702,-22.887897491455078,-7.0,7.0,3.4342262744903564,0.37852948904037476,0.9673482179641724,-0.5358952283859253,545
population,15,carpet,18,2625,0.03325342386960983,0.034255459904670715,-3.490342855453491,0.005854166578501463,-21.80681800842285,-7.0,7.0,3.4460489749908447,0.3921382427215576,0.992878794670105,-0.5525551438331604,546
population,15,carpet,19,2625,0.012095024809241295,0.011835836805403233,-3.6101245880126953,0.005848407745361328,-27.12299919128418,-7.0,7.0,3.3944525718688965,0.390497624874115,0.9454087018966675,-0.5476192235946655,547
population,15,carpet,20,2625,0.01926146075129509,0.024092357605695724,-3.714024066925049,0.005842643324285746,-20.509231567382812,-7.0,7.0,3.5377037525177,0.3154664933681488,1.0063258409500122,-0.5940452218055725,548
population,15,carpet,21,2625,0.013304609805345535,0.01615678332746029,-3.623927354812622,0.005836870986968279,-29.328369140625,-7.0,7.0,3.50301194190979,0.3413466513156891,0.9133199453353882,-0.5331280827522278,549
population,15,carpet,22,2625,0.04107718914747238,0.0446639247238636,-3.5970051288604736,0.0058310930617153645,-18.95879554748535,-7.0,7.0,3.5686254501342773,0.41561952233314514,1.0566625595092773,-0.5770372748374939,550
population,15,carpet,23,2625,0.019204508513212204,0.02012949250638485,-3.638305425643921,0.005825312342494726,-27.614961624145508,-7.0,7.0,3.5535120964050293,0.2873290479183197,0.9081959128379822,-0.5523553490638733,551
population,15,carpet,24,2625,0.03137033432722092,0.031493209302425385,-3.659067153930664,0.0058195265009999275,-22.162376403808594,-7.0,7.0,3.43405818939209,0.40157434344291687,1.0459462404251099,-0.5804432034492493,552
population,15,carpet,25,2625,0.017501309514045715,0.017471101135015488,-3.7723495960235596,0.005813741125166416,-25.40021514892578,-7.0,7.0,3.6056506633758545,0.2990661859512329,1.013361930847168,-0.5708140134811401,553
population,15,carpet,26,2625,0.01583036780357361,0.01492127776145935,-3.693385124206543,0.005807952489703894,-27.201324462890625,-7.0,7.0,3.6513309478759766,0.2583623230457306,0.9825612306594849,-0.5748720169067383,554
population,15,carpet,27,2625,0.026462405920028687,0.024767789989709854,-3.6315436363220215,0.005802164785563946,-29.867374420166016,-7.0,7.0,3.6380276679992676,0.30535680055618286,1.0215328931808472,-0.5815043449401855,555
population,15,carpet,28,2625,0.023314351215958595,0.019946051761507988,-3.744499444961548,0.005796377081423998,-17.460105895996094,-7.0,7.0,3.494755506515503,0.4421374499797821,1.0583311319351196,-0.5862340331077576,556
population,15,carpet,29,2625,0.04019351303577423,0.0384928435087204,-3.854006290435791,0.00579058937728405,-22.45682716369629,-7.0,7.0,3.6470799446105957,0.3807903528213501,1.016964316368103,-0.5676222443580627,557
population,15,carpet,30,2625,0.018860479816794395,0.018633035942912102,-3.715437412261963,0.005784802138805389,-16.804790496826172,-7.0,7.0,3.5156736373901367,0.39065563678741455,1.0997240543365479,-0.603127121925354,558
population,15,carpet,31,2625,0.02845478244125843,0.031899161636829376,-3.5328922271728516,0.005779014900326729,-15.953363418579102,-7.0,7.0,3.3886735439300537,0.4395308792591095,1.1394233703613281,-0.5978321433067322,559
population,15,carpet,32,2625,0.02170528843998909,0.01631295122206211,-3.7504727840423584,0.005773230921477079,-17.0596923828125,-7.0,7.0,3.650761365890503,0.3500274121761322,1.122658133506775,-0.610784649848938,560
population,15,carpet,33,2625,0.031048927456140518,0.03286772593855858,-3.8465206623077393,0.005767450202256441,-12.850499153137207,-7.0,7.0,3.550436019897461,0.37276211380958557,1.119552731513977,-0.5930998921394348,561
population,15,carpet,34,2625,0.02952352911233902,0.029128514230251312,-3.7542941570281982,0.005761672277003527,-8.475597381591797,-7.0,7.0,3.6013073921203613,0.3761233687400818,1.182310700416565,-0.617037832736969,562
population,15,carpet,35,2625,0.02706756815314293,0.0253487266600132,-3.6769464015960693,0.005755897611379623,-23.762582778930664,-7.0,7.0,3.6168997287750244,0.3552798926830292,0.9436465501785278,-0.544845700263977,563
population,15,carpet,36,2625,0.04309851676225662,0.0358610562980175,-3.5996615886688232,0.005750125739723444,-18.704797744750977,-7.0,7.0,3.6111433506011963,0.3820814788341522,1.095016360282898,-0.5872911810874939,564
population,15,carpet,37,2625,0.01807723008096218,0.018131595104932785,-3.7603044509887695,0.005744356662034988,-15.848564147949219,-7.0,7.0,3.596529960632324,0.29636240005493164,1.1264464855194092,-0.6019333600997925,565
population,15,carpet,38,2625,0.016968214884400368,0.016924496740102768,-3.789403200149536,0.005738591309636831,-14.941778182983398,-7.0,7.0,3.6416544914245605,0.31664785742759705,1.0521843433380127,-0.5885078310966492,566
population,15,carpet,39,2625,0.01877642795443535,0.02323969453573227,-3.704543352127075,0.0057328310795128345,-18.136215209960938,-7.0,7.0,3.7003893852233887,0.39084282517433167,1.0187277793884277,-0.5518832802772522,567
population,15,carpet,40,2625,0.01830628700554371,0.021153448149561882,-3.6599478721618652,0.005727074574679136,-20.066665649414062,-7.0,7.0,3.5761566162109375,0.4188758134841919,1.0510847568511963,-0.5908805727958679,568
population,15,carpet,41,2625,0.029679855331778526,0.030746033415198326,-3.792680263519287,0.005721323192119598,-22.27288055419922,-7.0,7.0,3.5998270511627197,0.3491373062133789,0.9921883940696716,-0.5832676291465759,569
population,15,carpet,42,2625,0.01963302120566368,0.020792189985513687,-3.7270734310150146,0.005715575534850359,-27.233287811279297,-7.0,7.0,3.658798933029175,0.24029842019081116,0.836786150932312,-0.5121291875839233,570
population,15,carpet,43,2625,0.01725516840815544,0.016320711001753807,-3.692329168319702,0.00570983299985528,-23.22601318359375,-7.0,7.0,3.6154584884643555,0.4152478575706482,1.001418113708496,-0.586585521697998,571
population,15,carpet,44,2625,0.030553419142961502,0.02304302342236042,-3.7278974056243896,0.005704096518456936,-19.300216674804688,-7.0,7.0,3.612834930419922,0.39022696018218994,1.0245139598846436,-0.5804322361946106,572
population,15,carpet,45,2625,0.017406519502401352,0.01912870444357395,-3.906057119369507,0.005698363296687603,-29.937145233154297,-7.0,7.0,3.73289155960083,0.33684518933296204,0.864158570766449,-0.5203589200973511,573
population,15,carpet,46,2625,0.01814182661473751,0.01504957489669323,-3.862358570098877,0.005692635662853718,-23.647825241088867,-7.0,7.0,3.6044275760650635,0.3381768763065338,0.9574458003044128,-0.5678952932357788,574
population,15,carpet,47,2625,0.029902150854468346,0.028370331972837448,-3.8720755577087402,0.00568691361695528,-24.662384033203125,-7.0,7.0,3.6937942504882812,0.3976646363735199,0.9921188354492188,-0.5466422438621521,575
population,15,carpet,48,2625,0.023171577602624893,0.017119530588388443,-3.816349506378174,0.005681194830685854,-28.289466857910156,-7.0,7.0,3.716083526611328,0.34819358587265015,0.8914620280265808,-0.5343113541603088,576
population,15,carpet,49,2625,0.0108834533020854,0.011079045943915844,-3.9157795906066895,0.005675481632351875,-29.604816436767578,-7.0,7.0,3.683551549911499,0.2990030348300934,0.9618337750434875,-0.5267580151557922,577
population,15,carpet,50,2625,0.03879007324576378,0.03299781680107117,-4.062779426574707,0.005669774021953344,-25.79446792602539,-7.0,7.0,3.726681709289551,0.3427294194698334,0.9371750950813293,-0.5219882130622864,578
individual,16,carpet,1,2800,0.03973238915205002,0.032535236328840256,-3.7245330810546875,0.0056296042166650295,-29.324132919311523,-7.0,7.0,3.677380084991455,0.3700702488422394,0.9079309701919556,-0.4301590919494629,579
individual,16,carpet,2,2800,0.03128586709499359,0.05256510525941849,-3.8960213661193848,0.005624222103506327,-27.459182739257812,-7.0,7.0,3.766845703125,0.33582907915115356,1.000504732131958,-0.4731728434562683,580
individual,16,carpet,3,2800,0.0556272491812706,0.04088863730430603,-4.027394771575928,0.00561881810426712,-22.22925567626953,-7.0,7.0,3.7872965335845947,0.259916216135025,1.0342258214950562,-0.4770522713661194,581
individual,16,carpet,4,2800,0.019664142280817032,0.054340917617082596,-3.6589274406433105,0.005613395012915134,-23.112308502197266,-7.0,7.0,3.6988754272460938,0.3158872425556183,0.9981458783149719,-0.45287564396858215,582
individual,16,carpet,5,2800,0.05708906427025795,0.06299448013305664,-3.7485406398773193,0.00560795608907938,-18.703763961791992,-7.0,7.0,3.8192644119262695,0.29608917236328125,1.0781208276748657,-0.5033679008483887,583
individual,16,carpet,6,2800,0.013365857303142548,0.01873195357620716,-3.869901657104492,0.00560250086709857,-13.274811744689941,-7.0,7.0,3.7264888286590576,0.26713117957115173,1.1326655149459839,-0.5142752528190613,584
individual,16,carpet,7,2800,0.03762974590063095,0.06598007678985596,-3.9973247051239014,0.005597034934908152,-19.249937057495117,-7.0,7.0,3.766674757003784,0.3132132589817047,1.0857125520706177,-0.5053035616874695,585
individual,16,carpet,8,2800,0.019939081743359566,0.017508376389741898,-3.8318958282470703,0.005591558758169413,-5.976348400115967,-7.0,7.0,3.703157424926758,0.26625099778175354,1.3047387599945068,-0.5095401406288147,586
individual,16,carpet,9,2800,0.02372337505221367,0.04967322200536728,-3.7383832931518555,0.005586266051977873,-3.3610763549804688,-7.0,7.0,3.8561484813690186,0.2743639349937439,1.3271067142486572,-0.5333920121192932,587
individual,16,carpet,10,2800,0.01242026500403881,0.019043918699026108,-3.7035462856292725,0.005581534467637539,0.2845773696899414,-7.0,7.0,3.6146721839904785,0.4215717613697052,1.4003623723983765,-0.5090512037277222,588
individual,16,carpet,11,2800,0.019848108291625977,0.020380141213536263,-3.887197494506836,0.005576716735959053,-7.256422519683838,-7.0,7.0,3.747661828994751,0.22953614592552185,1.232377052307129,-0.5108534693717957,589
individual,16,carpet,12,2800,0.017482295632362366,0.04266101494431496,-3.8239753246307373,0.005571823101490736,-16.140554428100586,-7.0,7.0,3.6524899005889893,0.35615748167037964,1.1092512607574463,-0.4449521005153656,590
individual,16,carpet,13,2800,0.018859585747122765,0.02590908296406269,-3.9232592582702637,0.005567265674471855,-1.4282727241516113,-7.0,7.0,3.844719886779785,0.369205117225647,1.32225501537323,-0.4851641058921814,591
individual,16,carpet,14,2800,0.01473772618919611,0.019248519092798233,-3.815349578857422,0.005562606267631054,-17.676578521728516,-7.0,7.0,3.7293989658355713,0.401233434677124,1.130283236503601,-0.39997997879981995,592
individual,16,carpet,15,2800,0.02703990414738655,0.03461683541536331,-3.846177816390991,0.005557855125516653,-19.055747985839844,-7.0,7.0,3.8041677474975586,0.40158697962760925,1.09696626663208,-0.41479605436325073,593
individual,16,carpet,16,2800,0.022766925394535065,0.02367168292403221,-3.92964243888855,0.005553022958338261,-20.00063705444336,-7.0,7.0,3.788170337677002,0.3460621237754822,1.1334996223449707,-0.38299354910850525,594
individual,16,carpet,17,2800,0.019999228417873383,0.039754319936037064,-3.9275946617126465,0.0055481186136603355,-23.53200912475586,-7.0,7.0,3.771247386932373,0.37793585658073425,1.0689111948013306,-0.36922410130500793,595
individual,16,carpet,18,2800,0.018217049539089203,0.01640273816883564,-4.0061516761779785,0.005543150007724762,-24.94192123413086,-7.0,7.0,3.9507620334625244,0.2731201648712158,0.9942557215690613,-0.3574565052986145,596
individual,16,carpet,19,2800,0.033913206309080124,0.04508902505040169,-3.8937113285064697,0.005538125056773424,-26.429304122924805,-7.0,7.0,3.84112811088562,0.4492921829223633,0.9515469670295715,-0.31109619140625,597
individual,16,carpet,20,2800,0.010640471242368221,0.013338431715965271,-3.895329475402832,0.0055330488830804825,-32.224361419677734,-7.0,7.0,3.729739189147949,0.42120030522346497,0.9093330502510071,-0.30604609847068787,598
individual,16,carpet,21,2800,0.022462598979473114,0.024376776069402695,-4.1522088050842285,0.005527928005903959,-36.38824462890625,-7.0,7.0,3.952791213989258,0.2617033123970032,0.8542985320091248,-0.3082500994205475,599
individual,16,carpet,22,2800,0.012712308205664158,0.012459103949368,-4.04203987121582,0.00552276661619544,-32.01652145385742,-7.0,7.0,3.8545680046081543,0.400260865688324,0.893262505531311,-0.3091990053653717,600
individual,16,carpet,23,2800,0.04255646467208862,0.040618982166051865,-3.88222599029541,0.005517570301890373,-35.639991760253906,-7.0,7.0,3.917985439300537,0.2460309863090515,0.7424054145812988,-0.3136908710002899,601
individual,16,carpet,24,2800,0.024294614791870117,0.02782120741903782,-3.9808640480041504,0.005512342322617769,-33.7036018371582,-7.0,7.0,3.8332748413085938,0.45136818289756775,0.8335831761360168,-0.33045315742492676,602
individual,16,carpet,25,2800,0.02711612917482853,0.026119599118828773,-4.177037239074707,0.005507087800651789,-37.97957229614258,-7.0,7.0,4.0595197677612305,0.30186495184898376,0.8310496211051941,-0.31247442960739136,603
individual,16,carpet,26,2800,0.025652585551142693,0.029600007459521294,-4.136139869689941,0.005501807201653719,-29.1552734375,-7.0,7.0,3.886512279510498,0.3649783134460449,0.8995011448860168,-0.375686913728714,604
individual,16,carpet,27,2800,0.020759304985404015,0.023655245080590248,-4.06523323059082,0.005496505182236433,-30.654464721679688,-7.0,7.0,3.887003183364868,0.31478220224380493,0.9009161591529846,-0.3772905170917511,605
individual,16,carpet,28,2800,0.01557684876024723,0.015132167376577854,-4.003256320953369,0.005491184536367655,-30.72524642944336,-7.0,7.0,3.9318432807922363,0.3716871738433838,0.9243316650390625,-0.3874342143535614,606
individual,16,carpet,29,2800,0.01834075152873993,0.028538834303617477,-4.022824764251709,0.005485848058015108,-23.665502548217773,-7.0,7.0,3.971367597579956,0.34190672636032104,0.9196223020553589,-0.43047255277633667,607
individual,16,carpet,30,2800,0.02206214889883995,0.026322364807128906,-4.203317642211914,0.005480498541146517,-12.890371322631836,-7.0,7.0,4.012561798095703,0.2710702121257782,1.1206111907958984,-0.46058061718940735,608
individual,16,carpet,31,2800,0.014565294608473778,0.013470815494656563,-4.065954685211182,0.005475135985761881,-12.090094566345215,-7.0,7.0,3.9110891819000244,0.3456724286079407,1.145387053489685,-0.4721713066101074,609
individual,16,carpet,32,2800,0.028529178351163864,0.04665963724255562,-4.13803768157959,0.005470368545502424,0.5466511249542236,-7.0,7.0,3.9259490966796875,0.381703644990921,1.2982943058013916,-0.5397073030471802,610
individual,16,carpet,33,2800,0.011747314594686031,0.01632598228752613,-3.968226432800293,0.0054661547765135765,0.7497704029083252,-7.0,7.0,3.899585485458374,0.26222437620162964,1.3951166868209839,-0.5398716926574707,611
individual,16,carpet,34,2800,0.02784375473856926,0.031602200120687485,-3.947723865509033,0.0054627046920359135,3.2311806678771973,-7.0,7.0,3.916795492172241,0.4526502788066864,1.3841760158538818,-0.558845579624176,612
individual,16,carpet,35,2800,0.03181763365864754,0.03424599766731262,-4.090523719787598,0.005460152868181467,8.020235061645508,-7.0,7.0,3.8932900428771973,0.36506450176239014,1.3521606922149658,-0.599514365196228,613
individual,16,carpet,36,2800,0.030586328357458115,0.04120335355401039,-4.25994873046875,0.005458408500999212,14.246542930603027,-7.0,7.0,3.94566011428833,0.3097422122955322,1.5146573781967163,-0.5858578085899353,614
individual,16,carpet,37,2800,0.02215718850493431,0.02650725468993187,-4.061158180236816,0.005457081366330385,2.2893590927124023,-7.0,7.0,4.00698709487915,0.3533603250980377,1.399680495262146,-0.5775708556175232,615
individual,16,carpet,38,2800,0.043162863701581955,0.05233769118785858,-3.8510022163391113,0.0054553356021642685,-10.639167785644531,-7.0,7.0,3.8711721897125244,0.38557538390159607,1.1969765424728394,-0.5793861746788025,616
individual,16,carpet,39,2800,0.020234718918800354,0.02562485821545124,-4.029972553253174,0.005453213583678007,-8.664168357849121,-7.0,7.0,3.968374729156494,0.3737746477127075,1.3001550436019897,-0.5414217710494995,617
individual,16,carpet,40,2800,0.02771865762770176,0.03761903569102287,-4.232053279876709,0.005450753960758448,-9.356501579284668,-7.0,7.0,3.9825632572174072,0.31111952662467957,1.2719411849975586,-0.49251508712768555,618
individual,16,carpet,41,2800,0.02687913551926613,0.04286905378103256,-4.2110090255737305,0.005448134616017342,-3.8391332626342773,-7.0,7.0,3.911608934402466,0.4626414477825165,1.3018865585327148,-0.5008945465087891,619
individual,16,carpet,42,2800,0.019231246784329414,0.015826206654310226,-3.9935624599456787,0.0054452260956168175,-15.642882347106934,-7.0,7.0,3.910281181335449,0.4896470606327057,1.166513204574585,-0.4862070679664612,620
individual,16,carpet,43,2800,0.03171142563223839,0.05013202130794525,-3.8636069297790527,0.0054420591332018375,-16.092754364013672,-7.0,7.0,3.952946901321411,0.3084322214126587,1.0783742666244507,-0.479022353887558,621
individual,16,carpet,44,2800,0.02410888485610485,0.0273161381483078,-3.9513604640960693,0.005438660737127066,-26.030244827270508,-7.0,7.0,3.9267923831939697,0.40903499722480774,1.004992127418518,-0.44092774391174316,622
individual,16,carpet,45,2800,0.014509471133351326,0.015692126005887985,-4.176163196563721,0.0054350546561181545,-19.308006286621094,-7.0,7.0,4.018601417541504,0.46136412024497986,1.086162805557251,-0.42062216997146606,623
individual,16,carpet,46,2800,0.03807622194290161,0.061537452042102814,-4.2638678550720215,0.005431261844933033,-21.701335906982422,-7.0,7.0,3.987454891204834,0.3601871430873871,0.9892508387565613,-0.4370010495185852,624
individual,16,carpet,47,2800,0.01856032945215702,0.025077419355511665,-4.192417144775391,0.00542730325832963,-25.888072967529297,-7.0,7.0,4.076104640960693,0.31166180968284607,0.9229956865310669,-0.41778165102005005,625
individual,16,carpet,48,2800,0.0464601069688797,0.07692702859640121,-3.991084575653076,0.005423195194453001,-23.738826751708984,-7.0,7.0,4.0386528968811035,0.4539031684398651,0.9880958199501038,-0.43862587213516235,626
individual,16,carpet,49,2800,0.03507116064429283,0.052041977643966675,-4.008399963378906,0.005418953485786915,-31.805213928222656,-7.0,7.0,4.006994247436523,0.4439842104911804,0.8535559773445129,-0.37028998136520386,627
individual,16,carpet,50,2800,0.062010057270526886,0.06947717815637589,-4.40501070022583,0.005414590705186129,-22.96953773498535,-7.0,7.0,4.023948669433594,0.3921482264995575,0.9960259795188904,-0.4509359300136566,628
population,16,carpet,1,2800,0.024842776358127594,0.027920180931687355,-3.9393222332000732,0.005664072465151548,-27.310977935791016,-7.0,7.0,3.8069353103637695,0.304365336894989,0.9161037802696228,-0.548025906085968,579
population,16,carpet,2,2800,0.042966630309820175,0.0419805645942688,-3.8162379264831543,0.0056583764962852,-11.631094932556152,-7.0,7.0,3.7495296001434326,0.4082846939563751,1.1212331056594849,-0.6342081427574158,580
population,16,carpet,3,2800,0.022227786481380463,0.02917136810719967,-3.986703634262085,0.005652686581015587,-6.4559221267700195,-7.0,7.0,3.715399742126465,0.15543656051158905,1.181355595588684,-0.6848667860031128,581
population,16,carpet,4,2800,0.021713605150580406,0.02328416332602501,-4.024348735809326,0.005647001788020134,-8.937263488769531,-7.0,7.0,3.786447763442993,0.35177117586135864,1.2002302408218384,-0.7164597511291504,582
population,16,carpet,5,2800,0.01727808080613613,0.01733788475394249,-3.8428187370300293,0.0056413207203149796,-8.184470176696777,-7.0,7.0,3.743898630142212,0.29565009474754333,1.2386304140090942,-0.7466492056846619,583
population,16,carpet,6,2800,0.021747026592493057,0.025536365807056427,-3.8508341312408447,0.0056356447748839855,-5.231640338897705,-7.0,7.0,3.841907262802124,0.1969604194164276,1.2694694995880127,-0.744299590587616,584
population,16,carpet,7,2800,0.015086893923580647,0.011463980190455914,-3.805182456970215,0.0056306165643036366,0.7340213060379028,-7.0,7.0,3.7067384719848633,0.4589185416698456,1.3244190216064453,-0.7666076421737671,585
population,16,carpet,8,2800,0.022814510390162468,0.022220250219106674,-3.8861522674560547,0.005625528283417225,-9.078015327453613,-7.0,7.0,3.6267075538635254,0.40154948830604553,1.2486799955368042,-0.7188404202461243,586
population,16,carpet,9,2800,0.014327427372336388,0.010701590217649937,-3.876540184020996,0.005620385520160198,-12.531457901000977,-7.0,7.0,3.6643502712249756,0.35197630524635315,1.1536790132522583,-0.7044584155082703,587
population,16,carpet,10,2800,0.03402063250541687,0.044677115976810455,-3.7399535179138184,0.005615196656435728,-11.761512756347656,-7.0,7.0,3.794497013092041,0.39672645926475525,1.1862996816635132,-0.7105846405029297,588
population,16,carpet,11,2800,0.010948420502245426,0.011842121370136738,-3.899157762527466,0.005609964486211538,-17.098539352416992,-7.0,7.0,3.850918769836426,0.247076615691185,1.0649855136871338,-0.6528196334838867,589
population,16,carpet,12,2800,0.01846412755548954,0.021559514105319977,-3.8683807849884033,0.005604694597423077,-15.888952255249023,-7.0,7.0,3.720101833343506,0.45032957196235657,1.0785144567489624,-0.6557339429855347,590
population,16,carpet,13,2800,0.01348049659281969,0.014615734107792377,-3.8951120376586914,0.005599392112344503,-20.705596923828125,-7.0,7.0,3.7934465408325195,0.32208457589149475,1.0308524370193481,-0.6136777997016907,591
population,16,carpet,14,2800,0.02323606237769127,0.023844527080655098,-3.9694759845733643,0.00559406029060483,-24.450443267822266,-7.0,7.0,3.95412540435791,0.36867859959602356,1.002306342124939,-0.5887661576271057,592
population,16,carpet,15,2800,0.03291233256459236,0.03352848440408707,-4.021930694580078,0.005588703788816929,-20.861312866210938,-7.0,7.0,3.762765645980835,0.36997270584106445,1.0546042919158936,-0.5957800149917603,593
population,16,carpet,16,2800,0.022537212818861008,0.024149712175130844,-3.8998148441314697,0.005583323072642088,-27.085651397705078,-7.0,7.0,3.7847864627838135,0.34679195284843445,0.9237549901008606,-0.5373603105545044,594
population,16,carpet,17,2800,0.05020175501704216,0.04742271453142166,-3.791250705718994,0.005577924195677042,-27.7293701171875,-7.0,7.0,3.8905727863311768,0.34784385561943054,0.8972391486167908,-0.5157286524772644,595
population,16,carpet,18,2800,0.010006578639149666,0.012704715132713318,-3.917012929916382,0.005572508554905653,-31.14548110961914,-7.0,7.0,3.8586297035217285,0.3198567032814026,0.8520930409431458,-0.47754234075546265,596
population,16,carpet,19,2800,0.026886384934186935,0.024922147393226624,-4.124417304992676,0.005567077547311783,-35.79899978637695,-7.0,7.0,3.9199235439300537,0.2934470772743225,0.8348862528800964,-0.4737422466278076,597
population,16,carpet,20,2800,0.026330208405852318,0.027388572692871094,-4.065578937530518,0.005561633035540581,-26.106578826904297,-7.0,7.0,3.8424148559570312,0.36755239963531494,0.9233993887901306,-0.4929315149784088,598
population,16,carpet,21,2800,0.024373315274715424,0.023379571735858917,-3.8703505992889404,0.005556177813559771,-34.96882247924805,-7.0,7.0,3.8494889736175537,0.41015905141830444,0.8567965626716614,-0.4842124879360199,599
population,16,carpet,22,2800,0.037145890295505524,0.031970374286174774,-3.8360538482666016,0.005550714675337076,-28.437664031982422,-7.0,7.0,3.800678014755249,0.39100223779678345,0.9049163460731506,-0.4990685284137726,600
population,16,carpet,23,2800,0.009360252879559994,0.011770671233534813,-4.053773880004883,0.005545244086533785,-28.4742374420166,-7.0,7.0,3.827213764190674,0.42867591977119446,0.9185720682144165,-0.4999806582927704,601
population,16,carpet,24,2800,0.04231073707342148,0.03250691294670105,-4.127897262573242,0.005539765115827322,-32.711891174316406,-7.0,7.0,3.8756356239318848,0.35028836131095886,0.8245649337768555,-0.4419470429420471,602
population,16,carpet,25,2800,0.01653326116502285,0.02014741115272045,-3.942470073699951,0.005534281488507986,-30.341915130615234,-7.0,7.0,3.8288514614105225,0.3974563181400299,0.8803483843803406,-0.47495922446250916,603
population,16,carpet,26,2800,0.05310817062854767,0.04408852756023407,-3.9288299083709717,0.005528795067220926,-33.053558349609375,-7.0,7.0,4.021462440490723,0.29076555371284485,0.8322948217391968,-0.46732690930366516,604
population,16,carpet,27,2800,0.020650843158364296,0.026802700012922287,-4.0921759605407715,0.005523303523659706,-29.207250595092773,-7.0,7.0,3.861288070678711,0.434984028339386,0.9224686026573181,-0.49760931730270386,605
population,16,carpet,28,2800,0.05235692858695984,0.04485708102583885,-4.130410194396973,0.005517809651792049,-24.961585998535156,-7.0,7.0,3.873919725418091,0.35363125801086426,0.9056723713874817,-0.5018360614776611,606
population,16,carpet,29,2800,0.009035082533955574,0.015465976670384407,-3.9356720447540283,0.00551231624558568,-29.094282150268555,-7.0,7.0,3.8670642375946045,0.4077993631362915,0.8791908621788025,-0.49053648114204407,607
population,16,carpet,30,2800,0.028438450768589973,0.020827651023864746,-3.9836363792419434,0.005506820045411587,-23.813161849975586,-7.0,7.0,4.044132232666016,0.28116047382354736,0.9385231137275696,-0.5354677438735962,608
population,16,carpet,31,2800,0.011679868213832378,0.020365359261631966,-4.049685955047607,0.005501324310898781,-31.823585510253906,-7.0,7.0,3.9579062461853027,0.21100299060344696,0.8481863737106323,-0.507574200630188,609
population,16,carpet,32,2800,0.02208217792212963,0.01528785191476345,-4.169473648071289,0.005495829042047262,-28.025354385375977,-7.0,7.0,4.046083927154541,0.334432452917099,0.8769353628158569,-0.5247424244880676,610
population,16,carpet,33,2800,0.017376333475112915,0.018291011452674866,-4.001063823699951,0.00549033610150218,-21.726486206054688,-7.0,7.0,3.8557424545288086,0.4752601385116577,0.988078773021698,-0.5594285130500793,611
population,16,carpet,34,2800,0.030239492654800415,0.021386828273534775,-4.073630332946777,0.005484843626618385,-21.31609535217285,-7.0,7.0,4.003941535949707,0.4162393808364868,0.9564067721366882,-0.5641956329345703,612
population,16,carpet,35,2800,0.020662276074290276,0.024894943460822105,-4.0518903732299805,0.005479353945702314,-18.008176803588867,-7.0,7.0,3.8675923347473145,0.4081510007381439,1.0588657855987549,-0.5846309065818787,613
population,16,carpet,36,2800,0.017717475071549416,0.020996922627091408,-4.014272689819336,0.005473867524415255,-22.45732307434082,-7.0,7.0,3.8188600540161133,0.44839006662368774,1.0149376392364502,-0.5763314962387085,614
population,16,carpet,37,2800,0.018265558406710625,0.01537142600864172,-4.098501205444336,0.005468381103128195,-17.282108306884766,-7.0,7.0,3.989187240600586,0.4320039749145508,1.0964776277542114,-0.6348015069961548,615
population,16,carpet,38,2800,0.01638987846672535,0.015259779989719391,-4.138571262359619,0.005462897475808859,-17.988754272460938,-7.0,7.0,3.9697253704071045,0.376176655292511,0.9836289286613464,-0.5702258348464966,616
population,16,carpet,39,2800,0.01949296146631241,0.02254287712275982,-4.104979991912842,0.005457419436424971,-12.698164939880371,-7.0,7.0,3.9507553577423096,0.3912934958934784,1.1008356809616089,-0.6333213448524475,617
population,16,carpet,40,2800,0.025217056274414062,0.018947718665003777,-4.1083149909973145,0.0054519446566700935,-22.394533157348633,-7.0,7.0,3.970457077026367,0.3848928213119507,0.9799872040748596,-0.5670123100280762,618
population,16,carpet,41,2800,0.01858377270400524,0.017866678535938263,-4.074722766876221,0.005446472205221653,-19.25130844116211,-7.0,7.0,4.022162437438965,0.3310428261756897,0.9599400758743286,-0.5956519246101379,619
population,16,carpet,42,2800,0.017326630651950836,0.018712274730205536,-3.9981813430786133,0.005441003013402224,-11.118249893188477,-7.0,7.0,3.9592857360839844,0.4437342584133148,1.0868911743164062,-0.6273154020309448,620
population,16,carpet,43,2800,0.018420139327645302,0.016938181594014168,-4.088217735290527,0.005435539409518242,-27.054841995239258,-7.0,7.0,3.978909492492676,0.294873982667923,0.9038875699043274,-0.5841571092605591,621
population,16,carpet,44,2800,0.02060018852353096,0.023801114410161972,-4.115691661834717,0.005430078133940697,-28.90265655517578,-7.0,7.0,4.028442859649658,0.39817818999290466,0.8588120341300964,-0.5563086867332458,622
population,16,carpet,45,2800,0.01583760790526867,0.01943611167371273,-4.066196441650391,0.0054246229119598866,-23.04610252380371,-7.0,7.0,4.028554439544678,0.42445939779281616,0.9683316349983215,-0.6041229963302612,623
population,16,carpet,46,2800,0.00908255111426115,0.010689767077565193,-4.055234432220459,0.0054191704839468,-26.231847763061523,-7.0,7.0,4.009154796600342,0.42324182391166687,0.8486576676368713,-0.5743500590324402,624
population,16,carpet,47,2800,0.024510113522410393,0.022581877186894417,-4.036930084228516,0.005413723178207874,-35.0013313293457,-7.0,7.0,3.9199624061584473,0.2940674126148224,0.7737810015678406,-0.5442869067192078,625
population,16,carpet,48,2800,0.011303278617560863,0.010896561667323112,-4.017796039581299,0.005408281926065683,-34.000099182128906,-7.0,7.0,3.982184886932373,0.268952876329422,0.7825202345848083,-0.5525605082511902,626
population,16,carpet,49,2800,0.02150098606944084,0.021999336779117584,-4.063920021057129,0.005402843002229929,-32.513832092285156,-7.0,7.0,3.9996445178985596,0.4636867046356201,0.8229064345359802,-0.5383909344673157,627
population,16,carpet,50,2800,0.022854479029774666,0.02092759497463703,-4.195917129516602,0.005397409666329622,-33.03324508666992,-7.0,7.0,4.0594682693481445,0.3967418372631073,0.8215088844299316,-0.5299324989318848,628
individual,17,carpet,1,2975,0.03756406158208847,0.0492984801530838,-4.244132995605469,0.005410120822489262,-34.888671875,-7.0,7.0,3.974365472793579,0.36796122789382935,0.8154444098472595,-0.36890119314193726,629
individual,17,carpet,2,2975,0.04193635284900665,0.03365987911820412,-4.0829176902771,0.005405554082244635,-32.16131591796875,-7.0,7.0,4.116230487823486,0.3435770869255066,0.8694783449172974,-0.4134567677974701,630
individual,17,carpet,3,2975,0.027134668081998825,0.031325843185186386,-4.066113471984863,0.005400900729000568,-34.062950134277344,-7.0,7.0,4.138178825378418,0.28786978125572205,0.8489890098571777,-0.3951931893825531,631
individual,17,carpet,4,2975,0.013767878524959087,0.021532537415623665,-4.048305511474609,0.005396171938627958,-26.815818786621094,-7.0,7.0,4.023911476135254,0.3280327618122101,0.8855838775634766,-0.4104054272174835,632
individual,17,carpet,5,2975,0.04341324418783188,0.03743359446525574,-4.239869117736816,0.005391372833400965,-28.959291458129883,-7.0,7.0,4.148590087890625,0.3068157434463501,0.877191960811615,-0.4366931617259979,633
individual,17,carpet,6,2975,0.04310692846775055,0.06601627916097641,-4.369696140289307,0.0053865136578679085,-30.560684204101562,-7.0,7.0,4.049571990966797,0.2940689027309418,0.806745707988739,-0.39696693420410156,634
individual,17,carpet,7,2975,0.029343092814087868,0.02275320142507553,-4.138442039489746,0.005381599999964237,-29.347354888916016,-7.0,7.0,4.165510654449463,0.23452451825141907,0.8038873076438904,-0.40904468297958374,635
individual,17,carpet,8,2975,0.04176011309027672,0.04189033433794975,-4.099120140075684,0.005376639310270548,-31.563034057617188,-7.0,7.0,4.107528209686279,0.3637332618236542,0.8654387593269348,-0.38457125425338745,636
individual,17,carpet,9,2975,0.01416764222085476,0.018408026546239853,-4.209914207458496,0.005371634382754564,-28.99776840209961,-7.0,7.0,4.131455421447754,0.2332635074853897,0.8693095445632935,-0.4031173586845398,637
individual,17,carpet,10,2975,0.01972510665655136,0.014864680357277393,-4.315560817718506,0.005366593599319458,-18.649681091308594,-7.0,7.0,4.109042644500732,0.38079965114593506,1.041008710861206,-0.4252650737762451,638
individual,17,carpet,11,2975,0.02707361802458763,0.04363975301384926,-4.324829578399658,0.005361518822610378,-16.427274703979492,-7.0,7.0,4.046074390411377,0.3990885019302368,1.0679914951324463,-0.45815104246139526,639
individual,17,carpet,12,2975,0.014982230961322784,0.02590147778391838,-4.190036296844482,0.005356413312256336,-13.806562423706055,-7.0,7.0,4.016783237457275,0.34193840622901917,1.1122082471847534,-0.4999082386493683,640
individual,17,carpet,13,2975,0.04016795754432678,0.042227715253829956,-4.079951763153076,0.0053514172323048115,-3.899446487426758,-7.0,7.0,4.0918145179748535,0.34094420075416565,1.1928921937942505,-0.5086778998374939,641
individual,17,carpet,14,2975,0.017934676259756088,0.03312631696462631,-4.106578826904297,0.005346384830772877,-7.913210868835449,-7.0,7.0,4.103814601898193,0.45135992765426636,1.2983226776123047,-0.5336586833000183,642
individual,17,carpet,15,2975,0.03802698850631714,0.024559952318668365,-4.362410068511963,0.005342004355043173,1.436552882194519,-7.0,7.0,4.163225173950195,0.3079189956188202,1.3842535018920898,-0.5497661828994751,643
individual,17,carpet,16,2975,0.02485024929046631,0.03192047029733658,-4.295871257781982,0.005338299088180065,2.3207621574401855,-7.0,7.0,4.1493144035339355,0.4127107560634613,1.3851367235183716,-0.5664510130882263,644
individual,17,carpet,17,2975,0.025620143860578537,0.02203855663537979,-4.2281107902526855,0.005334879271686077,-0.8202317953109741,-7.0,7.0,4.114755630493164,0.3614421784877777,1.326001763343811,-0.5075490474700928,645
individual,17,carpet,18,2975,0.01913728564977646,0.020185381174087524,-4.196063041687012,0.005331972148269415,1.664710521697998,-7.0,7.0,4.110478401184082,0.4037783443927765,1.303061842918396,-0.48660770058631897,646
individual,17,carpet,19,2975,0.02439410239458084,0.03504764661192894,-4.247785568237305,0.00532918144017458,-1.6742732524871826,-7.0,7.0,4.292247295379639,0.30824315547943115,1.2653599977493286,-0.4899142384529114,647
individual,17,carpet,20,2975,0.02397717721760273,0.03169936686754227,-4.278373718261719,0.005326130427420139,-7.020094394683838,-7.0,7.0,4.20212459564209,0.4790320098400116,1.2741413116455078,-0.43628543615341187,648
individual,17,carpet,21,2975,0.02171735092997551,0.03249838948249817,-4.235535621643066,0.005322845187038183,-18.861421585083008,-7.0,7.0,4.0134429931640625,0.45025449991226196,1.1094627380371094,-0.396330326795578,649
individual,17,carpet,22,2975,0.015938792377710342,0.03280574828386307,-4.425443649291992,0.005319351330399513,-10.571089744567871,-7.0,7.0,4.29691219329834,0.2743353545665741,1.1744858026504517,-0.4091086685657501,650
individual,17,carpet,23,2975,0.0325753316283226,0.02541329525411129,-4.320901870727539,0.005315667018294334,-17.432687759399414,-7.0,7.0,4.303170680999756,0.38179734349250793,1.1078242063522339,-0.3724248707294464,651
individual,17,carpet,24,2975,0.023658396676182747,0.03174806013703346,-4.2043962478637695,0.005311815533787012,-25.499252319335938,-7.0,7.0,4.1972737312316895,0.32307466864585876,0.9815853834152222,-0.36443808674812317,652
individual,17,carpet,25,2975,0.01682133972644806,0.02334439568221569,-4.2917280197143555,0.005307812709361315,-37.62358856201172,-7.0,7.0,4.226086139678955,0.3930196166038513,0.8748350739479065,-0.322622686624527,653
individual,17,carpet,26,2975,0.02990066632628441,0.0340145118534565,-4.555576324462891,0.005303673446178436,-36.696998596191406,-7.0,7.0,4.364187240600586,0.41604745388031006,0.8827332258224487,-0.3139934837818146,654
individual,17,carpet,27,2975,0.02164187841117382,0.03804256021976471,-4.470983982086182,0.005299414042383432,-36.41155242919922,-7.0,7.0,4.284201622009277,0.3458132743835449,0.7960830330848694,-0.31240764260292053,655
individual,17,carpet,28,2975,0.014143705368041992,0.014174630865454674,-4.326196193695068,0.0052950442768633366,-37.54039001464844,-7.0,7.0,4.2580647468566895,0.3236042559146881,0.8031463623046875,-0.3376622796058655,656
individual,17,carpet,29,2975,0.02488349750638008,0.037352267652750015,-4.31871223449707,0.005290577188134193,-35.94721603393555,-7.0,7.0,4.271311283111572,0.3659576177597046,0.8018978834152222,-0.320674866437912,657
individual,17,carpet,30,2975,0.02139289490878582,0.016832266002893448,-4.36898946762085,0.005286023020744324,-38.628841400146484,-7.0,7.0,4.293122291564941,0.3907904028892517,0.7552763223648071,-0.32697412371635437,658
individual,17,carpet,31,2975,0.018655888736248016,0.029143838211894035,-4.470869541168213,0.005281392019242048,-39.067317962646484,-7.0,7.0,4.375672340393066,0.3611186444759369,0.7265575528144836,-0.34144076704978943,659
individual,17,carpet,32,2975,0.02291737124323845,0.03761615604162216,-4.492349624633789,0.0052766925655305386,-35.85319137573242,-7.0,7.0,4.33981466293335,0.3120102882385254,0.8368906378746033,-0.36878761649131775,660
individual,17,carpet,33,2975,0.015907548367977142,0.018878664821386337,-4.383404731750488,0.005271931644529104,-35.22064971923828,-7.0,7.0,4.331632614135742,0.32617416977882385,0.818698525428772,-0.38486188650131226,661
individual,17,carpet,34,2975,0.03131071478128433,0.03322702646255493,-4.358712196350098,0.005267114844173193,-29.602693557739258,-7.0,7.0,4.2553300857543945,0.40518611669540405,0.9095888733863831,-0.4261314868927002,662
individual,17,carpet,35,2975,0.013753772713243961,0.01480174157768488,-4.3352179527282715,0.005262249615043402,-30.312705993652344,-7.0,7.0,4.254807472229004,0.3015212118625641,0.9104808568954468,-0.4223209023475647,663
individual,17,carpet,36,2975,0.017774850130081177,0.02062608301639557,-4.406151294708252,0.005257341079413891,-28.9324951171875,-7.0,7.0,4.283131122589111,0.46138206124305725,0.9174665212631226,-0.4440138041973114,664
individual,17,carpet,37,2975,0.020064689218997955,0.02536243014037609,-4.411320686340332,0.005252394825220108,-19.374706268310547,-7.0,7.0,4.2854204177856445,0.4054439961910248,1.0494948625564575,-0.5135117173194885,665
individual,17,carpet,38,2975,0.01956174336373806,0.029039910063147545,-4.564633846282959,0.00524741318076849,-19.219554901123047,-7.0,7.0,4.308323860168457,0.3010590076446533,1.0715458393096924,-0.49025028944015503,666
individual,17,carpet,39,2975,0.018416939303278923,0.027220752090215683,-4.4159626960754395,0.005242401268333197,-24.242841720581055,-7.0,7.0,4.347325325012207,0.3220950663089752,1.070594072341919,-0.500973105430603,667
individual,17,carpet,40,2975,0.017191970720887184,0.03652217611670494,-4.326202392578125,0.005237364210188389,-19.20186996459961,-7.0,7.0,4.336691379547119,0.4273156225681305,1.0133730173110962,-0.5230364203453064,668
individual,17,carpet,41,2975,0.015608618967235088,0.019732555374503136,-4.3695173263549805,0.005232304334640503,-19.568164825439453,-7.0,7.0,4.22240686416626,0.3523653447628021,0.9810008406639099,-0.536891758441925,669
individual,17,carpet,42,2975,0.02114209160208702,0.03454320877790451,-4.616120338439941,0.00522722490131855,-11.309706687927246,-7.0,7.0,4.410351753234863,0.3782978653907776,1.141926884651184,-0.5252141356468201,670
individual,17,carpet,43,2975,0.012230148538947105,0.022168759256601334,-4.5568156242370605,0.005222124978899956,-14.480208396911621,-7.0,7.0,4.340519905090332,0.3724311590194702,1.042757272720337,-0.5128836035728455,671
individual,17,carpet,44,2975,0.011274371296167374,0.017615459859371185,-4.488774299621582,0.0052170101553201675,-10.446502685546875,-7.0,7.0,4.360448360443115,0.4960654377937317,1.130334496498108,-0.5511466264724731,672
individual,17,carpet,45,2975,0.016968537122011185,0.020805101841688156,-4.2848124504089355,0.005211883224546909,-15.006458282470703,-7.0,7.0,4.149957656860352,0.46912074089050293,1.061242699623108,-0.5577074289321899,673
individual,17,carpet,46,2975,0.02433370053768158,0.022984664887189865,-4.355179309844971,0.005206744186580181,-16.670352935791016,-7.0,7.0,4.3168792724609375,0.377789169549942,0.9556662440299988,-0.509203314781189,674
individual,17,carpet,47,2975,0.012773086316883564,0.020484883338212967,-4.500441074371338,0.005201594904065132,-11.190740585327148,-7.0,7.0,4.335639953613281,0.4439029097557068,1.0630043745040894,-0.5242953896522522,675
individual,17,carpet,48,2975,0.014334162697196007,0.01475082989782095,-4.629147529602051,0.005196700803935528,-2.598212242126465,-7.0,7.0,4.412396430969238,0.4195118844509125,1.1545846462249756,-0.5566341280937195,676
individual,17,carpet,49,2975,0.0122000053524971,0.012966255657374859,-4.5278167724609375,0.005191774573177099,-8.940266609191895,-7.0,7.0,4.388052940368652,0.4175814688205719,1.0755926370620728,-0.5553510785102844,677
individual,17,carpet,50,2975,0.018364017829298973,0.017360856756567955,-4.538629531860352,0.005186818074434996,-14.99396800994873,-7.0,7.0,4.423051357269287,0.3118368089199066,1.065070629119873,-0.5662062764167786,678
population,17,carpet,1,2975,0.02970305271446705,0.03177536651492119,-4.172058582305908,0.005391982384026051,-30.169654846191406,-7.0,7.0,4.049625873565674,0.48346054553985596,0.8595893979072571,-0.5305466055870056,629
population,17,carpet,2,2975,0.027388427406549454,0.025972221046686172,-4.254568099975586,0.005386559758335352,-34.1717414855957,-7.0,7.0,4.1171441078186035,0.42062798142433167,0.7680830955505371,-0.47634822130203247,630
population,17,carpet,3,2975,0.035442695021629333,0.036844879388809204,-4.408926486968994,0.005381143186241388,-27.798418045043945,-7.0,7.0,4.148257255554199,0.3445902466773987,0.8362268805503845,-0.5222815275192261,631
population,17,carpet,4,2975,0.02316274866461754,0.022306591272354126,-4.1655755043029785,0.005375728942453861,-40.27793502807617,-7.0,7.0,4.111964225769043,0.3843343257904053,0.7283615469932556,-0.46828845143318176,632
population,17,carpet,5,2975,0.0453963540494442,0.04343421012163162,-4.056461811065674,0.005370320752263069,-34.4578742980957,-7.0,7.0,4.0584259033203125,0.3979923725128174,0.7912992835044861,-0.4858730733394623,633
population,17,carpet,6,2975,0.030983997508883476,0.03288564458489418,-4.351355075836182,0.0053649176843464375,-33.15043258666992,-7.0,7.0,4.1029205322265625,0.2519219219684601,0.8451661467552185,-0.5115745663642883,634
population,17,carpet,7,2975,0.03298947960138321,0.03207874670624733,-4.4273152351379395,0.005359519738703966,-29.046066284179688,-7.0,7.0,4.1342058181762695,0.37299516797065735,0.8986061215400696,-0.5316603779792786,635
population,17,carpet,8,2975,0.03303806111216545,0.03031826764345169,-4.220812797546387,0.00535412784665823,-30.790164947509766,-7.0,7.0,4.150709629058838,0.29892459511756897,0.867778480052948,-0.5562115907669067,636
population,17,carpet,9,2975,0.02638016827404499,0.030178962275385857,-4.161884784698486,0.005348741076886654,-24.27428436279297,-7.0,7.0,4.103852272033691,0.268512487411499,0.9739257097244263,-0.5905137062072754,637
population,17,carpet,10,2975,0.02145243063569069,0.019698549062013626,-4.415971755981445,0.005343359429389238,-19.56296157836914,-7.0,7.0,4.151118755340576,0.24241049587726593,1.0325572490692139,-0.5984600186347961,638
population,17,carpet,11,2975,0.019145945087075233,0.02379981055855751,-4.340304851531982,0.005337983835488558,-19.938678741455078,-7.0,7.0,4.07985258102417,0.46813949942588806,1.0631695985794067,-0.62530517578125,639
population,17,carpet,12,2975,0.017640013247728348,0.015750786289572716,-4.126575469970703,0.00533261289820075,-19.24564552307129,-7.0,7.0,3.9486873149871826,0.431460440158844,1.0324558019638062,-0.6233739256858826,640
population,17,carpet,13,2975,0.018193189054727554,0.020895104855298996,-4.098567008972168,0.005327248014509678,-11.723876953125,-7.0,7.0,3.992927074432373,0.3631819486618042,1.1100924015045166,-0.6710888743400574,641
population,17,carpet,14,2975,0.027603987604379654,0.029917484149336815,-4.23587703704834,0.005321888253092766,-11.19343376159668,-7.0,7.0,4.159519672393799,0.43643298745155334,1.1510695219039917,-0.7327800989151001,642
population,17,carpet,15,2975,0.043694619089365005,0.05091521143913269,-4.44442081451416,0.005316534079611301,-14.009106636047363,-7.0,7.0,4.176311492919922,0.25928476452827454,1.0794841051101685,-0.7100912928581238,643
population,17,carpet,16,2975,0.0206554364413023,0.020740743726491928,-4.222843647003174,0.005311185028403997,-13.419954299926758,-7.0,7.0,4.091211318969727,0.42414912581443787,1.1636583805084229,-0.7284489870071411,644
population,17,carpet,17,2975,0.05275524780154228,0.050402428954839706,-4.047271728515625,0.005305841565132141,-7.241690158843994,-7.0,7.0,4.136784553527832,0.40037789940834045,1.1577695608139038,-0.7489820718765259,645
population,17,carpet,18,2975,0.03596826270222664,0.033200573176145554,-4.213570594787598,0.0053005460649728775,-4.78752326965332,-7.0,7.0,4.260219573974609,0.3742440938949585,1.1903249025344849,-0.7429555654525757,646
population,17,carpet,19,2975,0.10398343950510025,0.10556256771087646,-4.602402210235596,0.005295253824442625,-6.125211715698242,-7.0,7.0,4.151169776916504,0.4419136047363281,1.203137993812561,-0.7566390633583069,647
population,17,carpet,20,2975,0.03755517676472664,0.03537909686565399,-4.375715732574463,0.005289961583912373,-15.340324401855469,-7.0,7.0,4.127464771270752,0.4163704514503479,1.0621377229690552,-0.7135516405105591,648
population,17,carpet,21,2975,0.07214236259460449,0.0713324174284935,-4.057837963104248,0.00528466934338212,-26.572002410888672,-7.0,7.0,4.223649024963379,0.2881849408149719,0.9619035124778748,-0.6434054374694824,649
population,17,carpet,22,2975,0.0741308256983757,0.0624394416809082,-4.194103717803955,0.005279380362480879,-21.720727920532227,-7.0,7.0,4.341811656951904,0.3414844572544098,0.9819825887680054,-0.6617215275764465,650
population,17,carpet,23,2975,0.025986064225435257,0.03491146117448807,-4.494722366333008,0.005274093709886074,-26.62441062927246,-7.0,7.0,4.2061944007873535,0.34094706177711487,0.8913808465003967,-0.6241331100463867,651
population,17,carpet,24,2975,0.09735321253538132,0.07317624986171722,-4.658947944641113,0.0052688103169202805,-27.265485763549805,-7.0,7.0,4.318418979644775,0.3367428779602051,0.9068188071250916,-0.6305407285690308,652
population,17,carpet,25,2975,0.023646846413612366,0.026290947571396828,-4.299097061157227,0.005263529252260923,-19.19693374633789,-7.0,7.0,4.182524681091309,0.3918677270412445,1.0138075351715088,-0.6890713572502136,653
population,17,carpet,26,2975,0.06012016907334328,0.05289755016565323,-4.1321120262146,0.0052582514472305775,-23.20516586303711,-7.0,7.0,4.198207855224609,0.4431343078613281,0.9440893530845642,-0.6651360392570496,654
population,17,carpet,27,2975,0.026284493505954742,0.018289126455783844,-4.2142744064331055,0.005252975970506668,-23.72464370727539,-7.0,7.0,4.148645401000977,0.4254506230354309,0.9497357606887817,-0.695478618144989,655
population,17,carpet,28,2975,0.03693079203367233,0.04505598917603493,-4.530290126800537,0.005247706081718206,-18.598388671875,-7.0,7.0,4.236664772033691,0.4494131803512573,0.9678394198417664,-0.6892915368080139,656
population,17,carpet,29,2975,0.05382775515317917,0.0340735949575901,-4.392271041870117,0.005242438986897469,-17.959238052368164,-7.0,7.0,4.171364784240723,0.372138112783432,1.000864863395691,-0.666950523853302,657
population,17,carpet,30,2975,0.050183311104774475,0.057715583592653275,-4.144892692565918,0.005237174686044455,-16.523544311523438,-7.0,7.0,4.266102313995361,0.3775814473628998,0.9834408164024353,-0.6876925230026245,658
population,17,carpet,31,2975,0.068565733730793,0.057244978845119476,-4.142930030822754,0.005231915507465601,-23.97249412536621,-7.0,7.0,4.342153549194336,0.3790270984172821,0.8654190301895142,-0.6208759546279907,659
population,17,carpet,32,2975,0.03446890413761139,0.04455520585179329,-4.450435161590576,0.005226661451160908,-17.497568130493164,-7.0,7.0,4.257279872894287,0.503355860710144,0.9865712523460388,-0.6552873253822327,660
population,17,carpet,33,2975,0.046718813478946686,0.04666776582598686,-4.4948625564575195,0.005221410654485226,-30.7115535736084,-7.0,7.0,4.272248268127441,0.2852258086204529,0.8228497505187988,-0.5662121176719666,661
population,17,carpet,34,2975,0.03312167525291443,0.03263615071773529,-4.2833380699157715,0.005216164514422417,-24.087217330932617,-7.0,7.0,4.234430313110352,0.44262200593948364,0.9329279661178589,-0.6069545745849609,662
population,17,carpet,35,2975,0.021650223061442375,0.02480193041265011,-4.3433709144592285,0.005210921633988619,-31.428241729736328,-7.0,7.0,4.311674118041992,0.34905603528022766,0.8029764890670776,-0.5283231139183044,663
population,17,carpet,36,2975,0.01885538175702095,0.019511517137289047,-4.437800884246826,0.005205683875828981,-33.18937683105469,-7.0,7.0,4.377832412719727,0.3205321133136749,0.8508657217025757,-0.5444793105125427,664
population,17,carpet,37,2975,0.018836932256817818,0.026340289041399956,-4.492718696594238,0.005200451239943504,-32.21287155151367,-7.0,7.0,4.331126689910889,0.30289289355278015,0.8363221287727356,-0.5297470688819885,665
population,17,carpet,38,2975,0.025760814547538757,0.020283667370676994,-4.532742977142334,0.005195224191993475,-21.656373977661133,-7.0,7.0,4.335619926452637,0.35393911600112915,0.933485209941864,-0.5335391163825989,666
population,17,carpet,39,2975,0.039062339812517166,0.052497200667858124,-4.397912979125977,0.005190002266317606,-25.87130355834961,-7.0,7.0,4.305849552154541,0.511901319026947,0.9258638024330139,-0.526482880115509,667
population,17,carpet,40,2975,0.02074352651834488,0.01849207654595375,-4.492001056671143,0.005184783134609461,-23.164846420288086,-7.0,7.0,4.310124397277832,0.4864479601383209,0.9672328233718872,-0.5366042256355286,668
population,17,carpet,41,2975,0.040556177496910095,0.05496392771601677,-4.540685176849365,0.005179569125175476,-13.846983909606934,-7.0,7.0,4.233017444610596,0.39505183696746826,1.1547479629516602,-0.5834040641784668,669
population,17,carpet,42,2975,0.031491346657276154,0.03614303842186928,-4.4089155197143555,0.005174360703676939,-18.261884689331055,-7.0,7.0,4.202462196350098,0.4867660105228424,1.030300498008728,-0.5449289679527283,670
population,17,carpet,43,2975,0.03325113281607628,0.03643716871738434,-4.386380672454834,0.005169156938791275,-14.612319946289062,-7.0,7.0,4.345562934875488,0.4637419283390045,1.1378018856048584,-0.5822997689247131,671
population,17,carpet,44,2975,0.01472864393144846,0.013760681264102459,-4.56449031829834,0.005163958761841059,-9.1442232131958,-7.0,7.0,4.303951740264893,0.43671977519989014,1.185562014579773,-0.5804075598716736,672
population,17,carpet,45,2975,0.029864002019166946,0.03503857180476189,-4.47318696975708,0.005158765707165003,-7.647984027862549,-7.0,7.0,4.329220771789551,0.3863866925239563,1.261997938156128,-0.6050043106079102,673
population,17,carpet,46,2975,0.019717436283826828,0.01756129041314125,-4.510763168334961,0.005153578240424395,-11.852996826171875,-7.0,7.0,4.377824306488037,0.3624808192253113,1.1724555492401123,-0.5606474280357361,674
population,17,carpet,47,2975,0.025873564183712006,0.026542048901319504,-4.462821960449219,0.0051483954302966595,-18.096073150634766,-7.0,7.0,4.37334680557251,0.415697306394577,1.1246322393417358,-0.5498519539833069,675
population,17,carpet,48,2975,0.03202277794480324,0.027595866471529007,-4.350988388061523,0.005143218208104372,-22.700407028198242,-7.0,7.0,4.351883888244629,0.4436747133731842,1.0473114252090454,-0.5131663680076599,676
population,17,carpet,49,2975,0.0261470265686512,0.025372980162501335,-4.474790096282959,0.005138043779879808,-21.159969329833984,-7.0,7.0,4.310573101043701,0.3567167818546295,1.0297449827194214,-0.5176812410354614,677
population,17,carpet,50,2975,0.013251007534563541,0.014859236776828766,-4.466930389404297,0.005132874473929405,-33.13718795776367,-7.0,7.0,4.3579421043396,0.3512819707393646,0.8337276577949524,-0.44938573241233826,678
individual,18,carpet,1,3150,0.02276165783405304,0.02447674050927162,-4.4298224449157715,0.005181834567338228,-16.65850067138672,-7.0,7.0,4.3484296798706055,0.42737263441085815,1.0069702863693237,-0.520194947719574,679
individual,18,carpet,2,3150,0.026071280241012573,0.02741987630724907,-4.542400360107422,0.005176828242838383,-20.9152774810791,-7.0,7.0,4.502411365509033,0.40241047739982605,0.9989692568778992,-0.5337833166122437,680
individual,18,carpet,3,3150,0.01853851228952408,0.017691968008875847,-4.654721736907959,0.005171800032258034,-12.110138893127441,-7.0,7.0,4.5371317863464355,0.34003177285194397,1.1309969425201416,-0.5571204423904419,681
individual,18,carpet,4,3150,0.017784185707569122,0.017841767519712448,-4.573752403259277,0.005166754592210054,-12.056342124938965,-7.0,7.0,4.420609951019287,0.35234901309013367,1.1421111822128296,-0.5599611401557922,682
individual,18,carpet,5,3150,0.04142047464847565,0.03375021368265152,-4.5507636070251465,0.005161693785339594,-9.799718856811523,-7.0,7.0,4.524364471435547,0.33089032769203186,1.200196385383606,-0.5958361625671387,683
individual,18,carpet,6,3150,0.02408454939723015,0.022524645552039146,-4.6726250648498535,0.005156621336936951,-11.756523132324219,-7.0,7.0,4.495141983032227,0.3060208559036255,1.1444910764694214,-0.5564938187599182,684
individual,18,carpet,7,3150,0.02291780337691307,0.021978337317705154,-4.697522163391113,0.005151715595275164,-3.431187152862549,-7.0,7.0,4.507781028747559,0.33111268281936646,1.2037771940231323,-0.5408982038497925,685
individual,18,carpet,8,3150,0.018863637000322342,0.01429753564298153,-4.53762674331665,0.005146782845258713,-8.1845121383667,-7.0,7.0,4.428820610046387,0.37760499119758606,1.1693344116210938,-0.5549018383026123,686
individual,18,carpet,9,3150,0.020635554566979408,0.015437187626957893,-4.621394634246826,0.005142848007380962,5.067691802978516,-7.0,7.0,4.531764507293701,0.28771311044692993,1.3798673152923584,-0.5882342457771301,687
individual,18,carpet,10,3150,0.025036340579390526,0.030782002955675125,-4.610424041748047,0.0051398323848843575,6.734048843383789,-7.0,7.0,4.534685134887695,0.3163986802101135,1.4292315244674683,-0.5948144197463989,688
individual,18,carpet,11,3150,0.048585645854473114,0.02679789811372757,-4.713871955871582,0.005137641914188862,14.313287734985352,-7.0,7.0,4.350436210632324,0.5001188516616821,1.5378402471542358,-0.6109327673912048,689
individual,18,carpet,12,3150,0.017000649124383926,0.019414039328694344,-4.65022611618042,0.005135991144925356,3.238673210144043,-7.0,7.0,4.494113922119141,0.23165136575698853,1.3503258228302002,-0.6051662564277649,690
individual,18,carpet,13,3150,0.02055356465280056,0.008638175204396248,-4.456717491149902,0.005134475417435169,-0.2909053564071655,-7.0,7.0,4.37995719909668,0.42807143926620483,1.3349692821502686,-0.5685042142868042,691
individual,18,carpet,14,3150,0.029618697240948677,0.030289309099316597,-4.542609691619873,0.005132734775543213,-3.7980360984802246,-7.0,7.0,4.515582084655762,0.3848007321357727,1.3954349756240845,-0.5841671824455261,692
individual,18,carpet,15,3150,0.024157676845788956,0.022258855402469635,-4.656686305999756,0.005130644887685776,-5.7523393630981445,-7.0,7.0,4.5388946533203125,0.45059457421302795,1.2858145236968994,-0.5508331656455994,693
individual,18,carpet,16,3150,0.03010466881096363,0.021584928035736084,-4.787971019744873,0.005128248129040003,-5.2299323081970215,-7.0,7.0,4.586556434631348,0.42710304260253906,1.320073127746582,-0.5605455040931702,694
individual,18,carpet,17,3150,0.020752878859639168,0.02602345310151577,-4.735562324523926,0.005125571042299271,-8.170648574829102,-7.0,7.0,4.5701727867126465,0.34757041931152344,1.2980188131332397,-0.5283903479576111,695
individual,18,carpet,18,3150,0.018326038494706154,0.017731299623847008,-4.584494590759277,0.005122641567140818,-8.291837692260742,-7.0,7.0,4.4678144454956055,0.36939653754234314,1.2334378957748413,-0.4930379092693329,696
individual,18,carpet,19,3150,0.032301001250743866,0.03285638615489006,-4.5720977783203125,0.005119484383612871,-12.617169380187988,-7.0,7.0,4.546311855316162,0.4644276797771454,1.1866124868392944,-0.4842236638069153,697
individual,18,carpet,20,3150,0.01937383972108364,0.03270340710878372,-4.633327960968018,0.005116123706102371,-15.341691970825195,-7.0,7.0,4.643255710601807,0.38183483481407166,1.1971194744110107,-0.487067312002182,698
individual,18,carpet,21,3150,0.016737062484025955,0.021726379171013832,-4.790872573852539,0.005112580489367247,-17.179162979125977,-7.0,7.0,4.6091485023498535,0.47185245156288147,1.2388620376586914,-0.48728322982788086,699
individual,18,carpet,22,3150,0.027207769453525543,0.046241696923971176,-4.64431095123291,0.005108873825520277,-21.56938362121582,-7.0,7.0,4.378812789916992,0.47290945053100586,1.0940545797348022,-0.45059388875961304,700
individual,18,carpet,23,3150,0.010081150569021702,0.017996979877352715,-4.815019130706787,0.00510502140969038,-15.331005096435547,-7.0,7.0,4.683467388153076,0.27949365973472595,1.1588493585586548,-0.48643288016319275,701
individual,18,carpet,24,3150,0.032681774348020554,0.03798462450504303,-4.671530246734619,0.005101037677377462,-9.24785041809082,-7.0,7.0,4.686959266662598,0.4224390685558319,1.2107627391815186,-0.48673924803733826,702
individual,18,carpet,25,3150,0.02882356010377407,0.028723035007715225,-4.6471333503723145,0.005096936132758856,-18.87700080871582,-7.0,7.0,4.604821681976318,0.3744150996208191,1.130092978477478,-0.48896393179893494,703
individual,18,carpet,26,3150,0.02058435045182705,0.02067982591688633,-4.781871795654297,0.005092728417366743,-24.942562103271484,-7.0,7.0,4.633618354797363,0.4004806876182556,0.9815613031387329,-0.4431205093860626,704
individual,18,carpet,27,3150,0.020192967727780342,0.030759405344724655,-4.845166206359863,0.0050884271040558815,-24.242557525634766,-7.0,7.0,4.689431667327881,0.4765463173389435,1.0128604173660278,-0.44049423933029175,705
individual,18,carpet,28,3150,0.023156581446528435,0.033574178814888,-4.894360542297363,0.0050840419717133045,-22.31024742126465,-7.0,7.0,4.714215278625488,0.38120874762535095,1.0142306089401245,-0.4522317349910736,706
individual,18,carpet,29,3150,0.01710544340312481,0.0324210450053215,-4.6731390953063965,0.005079580936580896,-23.178150177001953,-7.0,7.0,4.677250862121582,0.35868820548057556,0.913447916507721,-0.4501934051513672,707
individual,18,carpet,30,3150,0.01566692627966404,0.025748226791620255,-4.769182205200195,0.0050750537775456905,-23.69210433959961,-7.0,7.0,4.678751468658447,0.3769441843032837,0.9906815886497498,-0.46432241797447205,708
individual,18,carpet,31,3150,0.028284190222620964,0.019282380118966103,-4.820484638214111,0.005070467479526997,-30.967195510864258,-7.0,7.0,4.639835834503174,0.4112556576728821,0.8054035902023315,-0.4268516004085541,709
individual,18,carpet,32,3150,0.02965957298874855,0.0461331270635128,-4.900064945220947,0.005065827630460262,-33.55720520019531,-7.0,7.0,4.74934196472168,0.3995230793952942,0.8270916938781738,-0.44931983947753906,710
individual,18,carpet,33,3150,0.025534862652420998,0.022974539548158646,-4.875946521759033,0.005061141215264797,-34.01457977294922,-7.0,7.0,4.865229606628418,0.354645699262619,0.8820886611938477,-0.503830075263977,711
individual,18,carpet,34,3150,0.017865339294075966,0.020669542253017426,-4.754148483276367,0.005056412890553474,-29.278974533081055,-7.0,7.0,4.65091609954834,0.3490198850631714,0.9178059697151184,-0.4978438913822174,712
individual,18,carpet,35,3150,0.02198534831404686,0.03484959155321121,-4.765161037445068,0.005051646381616592,-25.739303588867188,-7.0,7.0,4.736283302307129,0.3440535068511963,0.9647220969200134,-0.5448890328407288,713
individual,18,carpet,36,3150,0.03126150742173195,0.03618668019771576,-4.895589828491211,0.005046847742050886,-16.806838989257812,-7.0,7.0,4.709648132324219,0.4737413227558136,1.1088372468948364,-0.5839762687683105,714
individual,18,carpet,37,3150,0.014932548627257347,0.026566997170448303,-4.828181266784668,0.005042020231485367,-19.584732055664062,-7.0,7.0,4.639565467834473,0.3215915262699127,0.9530438184738159,-0.5679501295089722,715
individual,18,carpet,38,3150,0.02916260063648224,0.031025899574160576,-4.695308208465576,0.005037165712565184,-18.659732818603516,-7.0,7.0,4.662528038024902,0.5253490805625916,1.0477737188339233,-0.6281485557556152,716
individual,18,carpet,39,3150,0.02381524071097374,0.02335854433476925,-4.741001605987549,0.005032289773225784,-7.207649230957031,-7.0,7.0,4.60560417175293,0.41150322556495667,1.170323371887207,-0.6942104697227478,717
individual,18,carpet,40,3150,0.023004302754998207,0.0167979896068573,-4.936600685119629,0.0050275628454983234,-3.5260934829711914,-7.0,7.0,4.690122604370117,0.3450253903865814,1.1795120239257812,-0.6932412385940552,718
individual,18,carpet,41,3150,0.02162845991551876,0.027673687785863876,-4.852799892425537,0.005023048259317875,-2.687588930130005,-7.0,7.0,4.738724708557129,0.3757053315639496,1.2138060331344604,-0.7275249361991882,719
individual,18,carpet,42,3150,0.02360672876238823,0.021237578243017197,-4.757397174835205,0.0050184777937829494,-5.818297386169434,-7.0,7.0,4.735891819000244,0.4269542992115021,1.1849000453948975,-0.7594861388206482,720
individual,18,carpet,43,3150,0.015399270690977573,0.026104969903826714,-4.73994779586792,0.00501488009467721,8.301469802856445,-7.0,7.0,4.640915393829346,0.40525126457214355,1.295528531074524,-0.8090987205505371,721
individual,18,carpet,44,3150,0.030440516769886017,0.0250244140625,-5.010916233062744,0.005011736415326595,0.9851326942443848,-7.0,7.0,4.856820106506348,0.4438697099685669,1.2910643815994263,-0.758465588092804,722
individual,18,carpet,45,3150,0.018751392140984535,0.02903091534972191,-4.898721694946289,0.005008396692574024,-5.647744655609131,-7.0,7.0,4.686034679412842,0.4040897786617279,1.2344896793365479,-0.7429019212722778,723
individual,18,carpet,46,3150,0.017814207822084427,0.01702686958014965,-4.907650947570801,0.005005904007703066,5.415187835693359,-7.0,7.0,4.754119873046875,0.5275824666023254,1.4226007461547852,-0.7596186995506287,724
individual,18,carpet,47,3150,0.011354722082614899,0.01180313527584076,-4.74807596206665,0.0050031524151563644,-5.505825042724609,-7.0,7.0,4.573722839355469,0.5160439014434814,1.246729850769043,-0.6873336434364319,725
individual,18,carpet,48,3150,0.016103001311421394,0.024236276745796204,-4.799685478210449,0.005000166594982147,-7.36368989944458,-7.0,7.0,4.707553386688232,0.46753984689712524,1.2552648782730103,-0.6907401084899902,726
individual,18,carpet,49,3150,0.020396292209625244,0.02993018925189972,-4.818618297576904,0.004997177515178919,-3.148458957672119,-7.0,7.0,4.715438365936279,0.4391618072986603,1.2808716297149658,-0.6868956685066223,727
individual,18,carpet,50,3150,0.020434563979506493,0.02688070386648178,-4.994237422943115,0.004994997754693031,10.165494918823242,-7.0,7.0,4.795195579528809,0.5201075077056885,1.5199800729751587,-0.7352319359779358,728
population,18,carpet,1,3150,0.028181040659546852,0.02696763537824154,-4.554593563079834,0.005127710290253162,-41.702430725097656,-7.0,7.0,4.548734664916992,0.4417242109775543,0.7433129549026489,-0.420490026473999,679
population,18,carpet,2,3150,0.03593972325325012,0.03361967206001282,-4.412248611450195,0.00512255122885108,-34.09791564941406,-7.0,7.0,4.448851108551025,0.38788387179374695,0.7467511892318726,-0.4081408381462097,680
population,18,carpet,3,3150,0.03551861271262169,0.04009454697370529,-4.5876145362854,0.005117397289723158,-40.180641174316406,-7.0,7.0,4.4875688552856445,0.2794073820114136,0.695634663105011,-0.38964393734931946,681
population,18,carpet,4,3150,0.0427461713552475,0.04389866441488266,-4.491639614105225,0.0051122489385306835,-33.62195587158203,-7.0,7.0,4.34100341796875,0.5642818808555603,0.7761568427085876,-0.4639379680156708,682
population,18,carpet,5,3150,0.02971803769469261,0.03510023280978203,-4.590668678283691,0.005107105243951082,-41.07208251953125,-7.0,7.0,4.482480049133301,0.3574625551700592,0.6531425714492798,-0.3704591393470764,683
population,18,carpet,6,3150,0.027626672759652138,0.025182832032442093,-4.661000728607178,0.005101967137306929,-37.99569320678711,-7.0,7.0,4.484852313995361,0.45876598358154297,0.7084619402885437,-0.4549214541912079,684
population,18,carpet,7,3150,0.018485739827156067,0.01953999698162079,-4.58479642868042,0.005096834152936935,-45.24177551269531,-7.0,7.0,4.480371952056885,0.3294394612312317,0.5744910836219788,-0.38626769185066223,685
population,18,carpet,8,3150,0.05307983607053757,0.04540242999792099,-4.472843170166016,0.005091706290841103,-36.78988265991211,-7.0,7.0,4.425073623657227,0.46958696842193604,0.706893801689148,-0.4406253397464752,686
population,18,carpet,9,3150,0.027930904179811478,0.03064349666237831,-4.515269756317139,0.00508658355101943,-43.98554229736328,-7.0,7.0,4.492862224578857,0.24841594696044922,0.6105600595474243,-0.43295642733573914,687
population,18,carpet,10,3150,0.057037778198719025,0.05426063388586044,-4.810133457183838,0.005081465933471918,-40.914573669433594,-7.0,7.0,4.516805648803711,0.3374526798725128,0.6691913604736328,-0.45805230736732483,688
population,18,carpet,11,3150,0.029886886477470398,0.023964377120137215,-4.686861515045166,0.0050763534381985664,-33.61017990112305,-7.0,7.0,4.475039482116699,0.4079661965370178,0.759620726108551,-0.5463914275169373,689
population,18,carpet,12,3150,0.04549805074930191,0.04216529801487923,-4.452425956726074,0.005071246065199375,-29.850767135620117,-7.0,7.0,4.482595443725586,0.3093131184577942,0.7625094652175903,-0.5725281834602356,690
population,18,carpet,13,3150,0.03870750963687897,0.03393459692597389,-4.558069705963135,0.005066143814474344,-30.111175537109375,-7.0,7.0,4.557155609130859,0.22507262229919434,0.7420479655265808,-0.5209447145462036,691
population,18,carpet,14,3150,0.039214275777339935,0.044784173369407654,-4.693906784057617,0.005061046686023474,-28.719749450683594,-7.0,7.0,4.452820777893066,0.49265292286872864,0.8295625448226929,-0.5897854566574097,692
population,18,carpet,15,3150,0.039082884788513184,0.029381688684225082,-4.519859313964844,0.005055955145508051,-11.73200511932373,-7.0,7.0,4.207538604736328,0.4705095887184143,1.0065734386444092,-0.68141108751297,693
population,18,carpet,16,3150,0.016199439764022827,0.021109923720359802,-4.569058418273926,0.005050868261605501,-26.824298858642578,-7.0,7.0,4.533379554748535,0.3308059573173523,0.894435703754425,-0.6347031593322754,694
population,18,carpet,17,3150,0.05531727150082588,0.0448976494371891,-4.3227643966674805,0.005045786499977112,-16.83539581298828,-7.0,7.0,4.38211727142334,0.47979849576950073,0.9223824739456177,-0.6502509713172913,695
population,18,carpet,18,3150,0.033842138946056366,0.03156541287899017,-4.651956558227539,0.005040709860622883,-19.239891052246094,-7.0,7.0,4.573169231414795,0.36394965648651123,0.9652771353721619,-0.7006413340568542,696
population,18,carpet,19,3150,0.07970792055130005,0.07554806023836136,-4.956862449645996,0.005035638343542814,-28.598167419433594,-7.0,7.0,4.651312828063965,0.3378051817417145,0.8463816046714783,-0.6031673550605774,697
population,18,carpet,20,3150,0.03140892833471298,0.02664109319448471,-4.64535665512085,0.005030572414398193,-22.735782623291016,-7.0,7.0,4.415982723236084,0.5326950550079346,0.9031347632408142,-0.6176872849464417,698
population,18,carpet,21,3150,0.03761713206768036,0.038017481565475464,-4.564187049865723,0.0050255111418664455,-25.4359073638916,-7.0,7.0,4.531217098236084,0.3967142105102539,0.9102967977523804,-0.5920611023902893,699
population,18,carpet,22,3150,0.07317105680704117,0.07106313854455948,-4.623159885406494,0.005020454991608858,-22.812484741210938,-7.0,7.0,4.7356438636779785,0.3470119535923004,0.8801633715629578,-0.5680808424949646,700
population,18,carpet,23,3150,0.04309319332242012,0.05144449695944786,-4.912007808685303,0.005015403963625431,-18.03721046447754,-7.0,7.0,4.506540298461914,0.46328169107437134,1.006333589553833,-0.5929914116859436,701
population,18,carpet,24,3150,0.05735905095934868,0.056497715413570404,-4.836860179901123,0.005010359920561314,-20.802875518798828,-7.0,7.0,4.5075459480285645,0.46894580125808716,0.9618712663650513,-0.5868134498596191,702
population,18,carpet,25,3150,0.022100264206528664,0.03301156312227249,-4.573437213897705,0.005005321465432644,-22.866439819335938,-7.0,7.0,4.6020097732543945,0.3189285397529602,0.9351068735122681,-0.5424761176109314,703
population,18,carpet,26,3150,0.07521838694810867,0.07233783602714539,-4.589710712432861,0.0050002881325781345,-21.013729095458984,-7.0,7.0,4.744484901428223,0.3776390850543976,1.0083881616592407,-0.5842375755310059,704
population,18,carpet,27,3150,0.012281778268516064,0.010303880088031292,-4.6990156173706055,0.004995259921997786,-20.106983184814453,-7.0,7.0,4.6085405349731445,0.3634750545024872,0.9935888648033142,-0.5744940042495728,705
population,18,carpet,28,3150,0.039508022367954254,0.04181690886616707,-4.9502034187316895,0.00499023636803031,-16.736190795898438,-7.0,7.0,4.683736801147461,0.3693685531616211,0.9812671542167664,-0.5745616555213928,706
population,18,carpet,29,3150,0.047327671200037,0.03455211967229843,-4.822959899902344,0.004985217936336994,-11.702001571655273,-7.0,7.0,4.548134803771973,0.40407782793045044,1.094328761100769,-0.604496955871582,707
population,18,carpet,30,3150,0.033884964883327484,0.03625859320163727,-4.6017165184021,0.004980205092579126,-25.013120651245117,-7.0,7.0,4.60300350189209,0.4492287337779999,0.9238109588623047,-0.5821405649185181,708
population,18,carpet,31,3150,0.08417957276105881,0.07161294668912888,-4.47053861618042,0.004975196905434132,-22.620609283447266,-7.0,7.0,4.609925270080566,0.47046321630477905,0.950192928314209,-0.5856050252914429,709
population,18,carpet,32,3150,0.009234212338924408,0.014200017787516117,-4.6644439697265625,0.00497019337490201,-24.832073211669922,-7.0,7.0,4.51942253112793,0.4778648912906647,0.9748120307922363,-0.5936437249183655,710
population,18,carpet,33,3150,0.037368521094322205,0.03049447201192379,-4.886445045471191,0.004965195432305336,-17.373531341552734,-7.0,7.0,4.622744083404541,0.5240400433540344,1.0538743734359741,-0.5692676305770874,711
population,18,carpet,34,3150,0.03144276514649391,0.0320361964404583,-4.8366289138793945,0.004960202146321535,-21.71503448486328,-7.0,7.0,4.643355369567871,0.34339168667793274,1.01016366481781,-0.5790321230888367,712
population,18,carpet,35,3150,0.010981148108839989,0.011664076708257198,-4.690189361572266,0.004955214448273182,-22.57548713684082,-7.0,7.0,4.590353488922119,0.4534648656845093,0.9149345755577087,-0.5810757875442505,713
population,18,carpet,36,3150,0.08325885236263275,0.07526207715272903,-4.686505317687988,0.004950231406837702,-23.73908042907715,-7.0,7.0,4.803659439086914,0.3950580060482025,0.9087010025978088,-0.5531074404716492,714
population,18,carpet,37,3150,0.011189598590135574,0.014413508586585522,-4.837715148925781,0.004945253022015095,-21.570091247558594,-7.0,7.0,4.610161781311035,0.43274208903312683,0.9447306394577026,-0.6100701093673706,715
population,18,carpet,38,3150,0.05463455617427826,0.05221352353692055,-4.94541597366333,0.004940280225127935,-23.772705078125,-7.0,7.0,4.638764381408691,0.4028146266937256,0.8863962888717651,-0.5623024106025696,716
population,18,carpet,39,3150,0.03886818140745163,0.030147286131978035,-4.8929948806762695,0.004935312084853649,-24.598217010498047,-7.0,7.0,4.6155219078063965,0.4196391999721527,0.859739363193512,-0.5858971476554871,717
population,18,carpet,40,3150,0.02652217447757721,0.030912896618247032,-4.775155067443848,0.004930349066853523,-29.971731185913086,-7.0,7.0,4.749691486358643,0.4051089584827423,0.8803344964981079,-0.5351122617721558,718
population,18,carpet,41,3150,0.05036638304591179,0.03580285608768463,-4.808035373687744,0.0049253907054662704,-24.6302490234375,-7.0,7.0,4.830478191375732,0.35180336236953735,0.9057286977767944,-0.5867286324501038,719
population,18,carpet,42,3150,0.015946760773658752,0.017511876299977303,-4.946081638336182,0.004920437932014465,-27.324068069458008,-7.0,7.0,4.77166748046875,0.37846049666404724,0.8187156915664673,-0.5848508477210999,720
population,18,carpet,43,3150,0.06031137332320213,0.04510872811079025,-5.15640115737915,0.004915489815175533,-26.749338150024414,-7.0,7.0,4.832283973693848,0.36541154980659485,0.84516841173172,-0.6159586310386658,721
population,18,carpet,44,3150,0.030483709648251534,0.02882431074976921,-4.909505844116211,0.004910546820610762,-15.540165901184082,-7.0,7.0,4.619293212890625,0.5635756850242615,0.9329571723937988,-0.6436566114425659,722
population,18,carpet,45,3150,0.030414031818509102,0.021900244057178497,-4.87403678894043,0.004905608482658863,-12.47610855102539,-7.0,7.0,4.762044906616211,0.47493499517440796,1.0349310636520386,-0.6617987751960754,723
population,18,carpet,46,3150,0.02157350443303585,0.01814257726073265,-4.774476528167725,0.004900675266981125,-12.552404403686523,-7.0,7.0,4.641618251800537,0.44289422035217285,1.0967763662338257,-0.6876568794250488,724
population,18,carpet,47,3150,0.022074563428759575,0.021810824051499367,-4.859635353088379,0.004895747173577547,-12.655582427978516,-7.0,7.0,4.642075061798096,0.4906548261642456,1.0773268938064575,-0.6834148168563843,725
population,18,carpet,48,3150,0.03858117386698723,0.030146367847919464,-4.914741516113281,0.004890823736786842,-8.634124755859375,-7.0,7.0,4.6102986335754395,0.5238779187202454,1.1583892107009888,-0.7211148142814636,726
population,18,carpet,49,3150,0.025746557861566544,0.015659842640161514,-5.062239646911621,0.004886415787041187,0.2566404342651367,-7.0,7.0,4.794622898101807,0.4379335641860962,1.2358225584030151,-0.7450454831123352,727
population,18,carpet,50,3150,0.020452985540032387,0.022225871682167053,-4.857478141784668,0.004882069770246744,-4.11473274230957,-7.0,7.0,4.809298515319824,0.4879736006259918,1.2160062789916992,-0.7373302578926086,728
individual,19,carpet,1,3325,0.027859162539243698,0.04188097268342972,-5.043929576873779,0.004992528352886438,-10.85204029083252,-7.0,7.0,4.724165916442871,0.4489770531654358,1.1978665590286255,-0.6351479887962341,729
individual,19,carpet,2,3325,0.023378660902380943,0.021759390830993652,-4.961809158325195,0.00498979864642024,-11.117709159851074,-7.0,7.0,4.8579816818237305,0.4300149977207184,1.2283222675323486,-0.6484895348548889,730
individual,19,carpet,3,3325,0.04623233526945114,0.08163414150476456,-4.956365585327148,0.004987736232578754,4.118771553039551,-7.0,7.0,5.044100284576416,0.4730926752090454,1.3749717473983765,-0.7078388333320618,731
individual,19,carpet,4,3325,0.025854911655187607,0.021182719618082047,-5.04223108291626,0.0049857888370752335,-0.9552294015884399,-7.0,7.0,4.777132987976074,0.36075717210769653,1.348436951637268,-0.6465688943862915,732
individual,19,carpet,5,3325,0.026312191039323807,0.05166091024875641,-5.1756720542907715,0.004983525723218918,-13.857246398925781,-7.0,7.0,4.922695159912109,0.4583421051502228,1.2072633504867554,-0.627066433429718,733
individual,19,carpet,6,3325,0.0628717765212059,0.06298036873340607,-5.052769660949707,0.004982000682502985,9.088910102844238,-7.0,7.0,4.927858829498291,0.38514435291290283,1.4535661935806274,-0.72416752576828,734
individual,19,carpet,7,3325,0.01745528355240822,0.031435526907444,-5.032741546630859,0.0049811359494924545,16.53549575805664,-7.0,7.0,4.874225616455078,0.42087385058403015,1.5398681163787842,-0.7550782561302185,735
individual,19,carpet,8,3325,0.02354268915951252,0.021060364320874214,-5.013142108917236,0.004980867728590965,13.317184448242188,-7.0,7.0,4.8221964836120605,0.32628923654556274,1.5100032091140747,-0.7599460482597351,736
individual,19,carpet,9,3325,0.018330886960029602,0.01888006553053856,-5.00777006149292,0.004981133621186018,13.670884132385254,-7.0,7.0,4.828495979309082,0.40421098470687866,1.6082876920700073,-0.752313494682312,737
individual,19,carpet,10,3325,0.018408354371786118,0.014491448178887367,-4.954923629760742,0.0049818819388747215,28.500043869018555,-7.0,7.0,4.870682239532471,0.29531142115592957,1.731676697731018,-0.8015548586845398,738
individual,19,carpet,11,3325,0.025308534502983093,0.025816140696406364,-4.924903869628906,0.004983062390238047,30.622989654541016,-7.0,7.0,4.870358467102051,0.4346740245819092,1.7984107732772827,-0.8062533736228943,739
individual,19,carpet,12,3325,0.023130839690566063,0.010207952000200748,-4.917013645172119,0.0049846358597278595,15.89894962310791,-7.0,7.0,4.773512363433838,0.49103742837905884,1.6043369770050049,-0.7083551287651062,740
individual,19,carpet,13,3325,0.013515794649720192,0.014471026137471199,-4.892472743988037,0.004986561369150877,5.63918399810791,-7.0,7.0,4.871203422546387,0.39656734466552734,1.4268877506256104,-0.6712144017219543,741
individual,19,carpet,14,3325,0.020466774702072144,0.02365107089281082,-4.837536811828613,0.004987786058336496,-8.059568405151367,-7.0,7.0,4.796217918395996,0.40637457370758057,1.3463069200515747,-0.6202320456504822,742
individual,19,carpet,15,3325,0.03457533195614815,0.025690803304314613,-4.953729152679443,0.004988523665815592,-3.7952327728271484,-7.0,7.0,4.984281063079834,0.45875582098960876,1.342929720878601,-0.6011770963668823,743
individual,19,carpet,16,3325,0.017886759713292122,0.01710006780922413,-4.896182537078857,0.004988678265362978,-17.703771591186523,-7.0,7.0,4.847701549530029,0.4440948963165283,1.1866847276687622,-0.530739426612854,744
individual,19,carpet,17,3325,0.028226325288414955,0.026940034702420235,-5.041650772094727,0.004988307133316994,-14.711328506469727,-7.0,7.0,4.9619574546813965,0.47400861978530884,1.1970938444137573,-0.5346547365188599,745
individual,19,carpet,18,3325,0.017063405364751816,0.02326185069978237,-5.0628533363342285,0.004987465217709541,-24.009368896484375,-7.0,7.0,4.959322452545166,0.36642152070999146,1.0376802682876587,-0.484496533870697,746
individual,19,carpet,19,3325,0.011972284875810146,0.024338992312550545,-4.936431407928467,0.00498619768768549,-29.34625244140625,-7.0,7.0,4.850644111633301,0.4211074113845825,0.9839374423027039,-0.4384956359863281,747
individual,19,carpet,20,3325,0.03725576773285866,0.03521186485886574,-4.9067301750183105,0.004984547849744558,-29.933271408081055,-7.0,7.0,4.928195953369141,0.5413598418235779,0.9861207008361816,-0.4275149405002594,748
individual,19,carpet,21,3325,0.02025916799902916,0.042748820036649704,-5.023310661315918,0.0049825566820800304,-33.24560546875,-7.0,7.0,5.083573818206787,0.3578234910964966,0.9019222259521484,-0.4225649833679199,749
individual,19,carpet,22,3325,0.027899572625756264,0.027459457516670227,-5.113733768463135,0.004980254918336868,-30.747966766357422,-7.0,7.0,4.957972526550293,0.5072372555732727,0.9601739645004272,-0.4139583706855774,750
individual,19,carpet,23,3325,0.03355223312973976,0.07252247631549835,-5.165261268615723,0.004977676551789045,-28.476280212402344,-7.0,7.0,4.943455219268799,0.559159517288208,0.8603032231330872,-0.4021274745464325,751
individual,19,carpet,24,3325,0.019549213349819183,0.017430774867534637,-5.025852203369141,0.004974850453436375,-24.47527503967285,-7.0,7.0,4.9329304695129395,0.47110703587532043,0.9224959015846252,-0.4123128354549408,752
individual,19,carpet,25,3325,0.03636332228779793,0.06034060940146446,-4.985245227813721,0.004971800837665796,-30.327335357666016,-7.0,7.0,5.066861152648926,0.35283130407333374,0.9566401243209839,-0.44094139337539673,753
individual,19,carpet,26,3325,0.01689748652279377,0.03021705336868763,-4.970921516418457,0.004968549124896526,-25.75717544555664,-7.0,7.0,4.982161998748779,0.47273385524749756,0.9682226777076721,-0.46242478489875793,754
individual,19,carpet,27,3325,0.0418306402862072,0.04469656944274902,-5.172615051269531,0.004965119529515505,-37.586692810058594,-7.0,7.0,5.0291266441345215,0.33130282163619995,0.8166605830192566,-0.41633906960487366,755
individual,19,carpet,28,3325,0.023267246782779694,0.06188218295574188,-5.163913249969482,0.004961526952683926,-28.90484619140625,-7.0,7.0,5.0258026123046875,0.55450838804245,0.9652840495109558,-0.4769385755062103,756
individual,19,carpet,29,3325,0.043553341180086136,0.02630361169576645,-5.090732574462891,0.004957790486514568,-24.683900833129883,-7.0,7.0,5.115636348724365,0.41929057240486145,0.9716137051582336,-0.4548889100551605,757
individual,19,carpet,30,3325,0.013353639282286167,0.03755798190832138,-5.111136436462402,0.004953924100846052,-28.18060874938965,-7.0,7.0,5.146881103515625,0.4790922701358795,0.9287291765213013,-0.4808204770088196,758
individual,19,carpet,31,3325,0.04367896541953087,0.025145305320620537,-5.101864814758301,0.004949943162500858,-20.359712600708008,-7.0,7.0,5.017050743103027,0.40998759865760803,0.9940794110298157,-0.502250075340271,759
individual,19,carpet,32,3325,0.018266096711158752,0.034437619149684906,-5.206484317779541,0.004945859313011169,-25.145931243896484,-7.0,7.0,5.078525066375732,0.4284486770629883,0.9397192001342773,-0.47830986976623535,760
individual,19,carpet,33,3325,0.023214062675833702,0.02711428329348564,-5.132108688354492,0.004941681865602732,-32.874969482421875,-7.0,7.0,5.068413257598877,0.4592640995979309,0.8943338394165039,-0.45190948247909546,761
individual,19,carpet,34,3325,0.03814663738012314,0.03683316335082054,-5.103047847747803,0.004937421064823866,-35.86912155151367,-7.0,7.0,5.121098041534424,0.45521947741508484,0.8889876008033752,-0.46462926268577576,762
individual,19,carpet,35,3325,0.02982012741267681,0.03912955895066261,-5.258999824523926,0.004933086223900318,-27.080812454223633,-7.0,7.0,5.288146018981934,0.40154874324798584,0.9453948736190796,-0.5156959891319275,763
individual,19,carpet,36,3325,0.029792623594403267,0.028244825080037117,-5.293519973754883,0.004928684793412685,-27.508466720581055,-7.0,7.0,5.092240333557129,0.42368730902671814,0.9355553388595581,-0.49998289346694946,764
individual,19,carpet,37,3325,0.03700655698776245,0.03632683679461479,-5.200052261352539,0.004924226086586714,-25.214805603027344,-7.0,7.0,5.141420364379883,0.3506094515323639,0.950348436832428,-0.5118544101715088,765
individual,19,carpet,38,3325,0.03662128746509552,0.038149841129779816,-5.2565693855285645,0.004919715225696564,-17.059093475341797,-7.0,7.0,5.12226676940918,0.5498265624046326,1.0928066968917847,-0.5505897998809814,766
individual,19,carpet,39,3325,0.02455403283238411,0.023638751357793808,-5.182386875152588,0.004915156867355108,-21.79290771484375,-7.0,7.0,5.05789041519165,0.3833431005477905,1.005528450012207,-0.5391581058502197,767
individual,19,carpet,40,3325,0.026183266192674637,0.02788042649626732,-5.1419477462768555,0.004910556133836508,-18.83355140686035,-7.0,7.0,5.055538177490234,0.4807265102863312,0.9628148674964905,-0.5492832064628601,768
individual,19,carpet,41,3325,0.018096940591931343,0.025387311354279518,-5.101618766784668,0.0049064927734434605,0.8137733936309814,-7.0,7.0,4.967395305633545,0.4953840374946594,1.2263551950454712,-0.6512655019760132,769
individual,19,carpet,42,3325,0.014544995501637459,0.0324682742357254,-5.181371212005615,0.004902339540421963,-12.7825927734375,-7.0,7.0,5.0541815757751465,0.345010906457901,1.1269415616989136,-0.6187342405319214,770
individual,19,carpet,43,3325,0.021316785365343094,0.030512459576129913,-5.147830963134766,0.0048983134329319,-3.055457830429077,-7.0,7.0,5.066705226898193,0.35816487669944763,1.1787055730819702,-0.6458048224449158,771
individual,19,carpet,44,3325,0.018598118796944618,0.040491171181201935,-5.054087162017822,0.0048951939679682255,5.543274879455566,-7.0,7.0,5.131660461425781,0.4673902690410614,1.2912253141403198,-0.7364435791969299,772
individual,19,carpet,45,3325,0.015924224629998207,0.01824050396680832,-5.115845680236816,0.0048928880132734776,8.538273811340332,-7.0,7.0,5.022127151489258,0.45635712146759033,1.34483802318573,-0.731266438961029,773
individual,19,carpet,46,3325,0.029154835268855095,0.05010843649506569,-5.2851104736328125,0.004890364594757557,-4.765189170837402,-7.0,7.0,5.1870012283325195,0.5502262711524963,1.1280914545059204,-0.6720873713493347,774
individual,19,carpet,47,3325,0.015867890790104866,0.02175724506378174,-5.225224494934082,0.0048875948414206505,-9.924811363220215,-7.0,7.0,5.097824573516846,0.3834240138530731,1.1511932611465454,-0.6255875825881958,775
individual,19,carpet,48,3325,0.020788731053471565,0.02383812889456749,-5.199383735656738,0.004884605761617422,-5.569948196411133,-7.0,7.0,5.131093502044678,0.5033473372459412,1.2180112600326538,-0.6672750115394592,776
individual,19,carpet,49,3325,0.013339580036699772,0.02536081150174141,-5.160163402557373,0.004881446249783039,-5.026304244995117,-7.0,7.0,5.113147258758545,0.4949062764644623,1.1739789247512817,-0.650781512260437,777
individual,19,carpet,50,3325,0.01731877587735653,0.020303774625062943,-5.2068867683410645,0.004878104664385319,-6.7679643630981445,-7.0,7.0,4.9979987144470215,0.6698915362358093,1.2079156637191772,-0.6455406546592712,778
population,19,carpet,1,3325,0.04620039463043213,0.042293570935726166,-4.744131565093994,0.004877867177128792,-3.175107479095459,-7.0,7.0,4.764291286468506,0.4861479103565216,1.259365439414978,-0.7530668377876282,729
population,19,carpet,2,3325,0.02008737251162529,0.019842851907014847,-4.833383560180664,0.004873636178672314,-4.882245063781738,-7.0,7.0,4.747179985046387,0.4811021089553833,1.1559640169143677,-0.6977638602256775,730
population,19,carpet,3,3325,0.020492276176810265,0.02198893204331398,-5.039785385131836,0.004870322998613119,5.418640613555908,-7.0,7.0,4.873876571655273,0.48412612080574036,1.320510983467102,-0.7091637849807739,731
population,19,carpet,4,3325,0.031622182577848434,0.021796725690364838,-5.0923895835876465,0.0048668524250388145,-10.127909660339355,-7.0,7.0,4.927762508392334,0.45556285977363586,1.143048644065857,-0.6900984048843384,732
population,19,carpet,5,3325,0.02563994564116001,0.02561759389936924,-4.921460151672363,0.004863240756094456,-17.865772247314453,-7.0,7.0,4.898674964904785,0.4410613775253296,1.0216704607009888,-0.642124593257904,733
population,19,carpet,6,3325,0.03337482735514641,0.029456406831741333,-4.917344093322754,0.004859501495957375,-19.164752960205078,-7.0,7.0,4.911379814147949,0.3360210955142975,1.0474144220352173,-0.627984344959259,734
population,19,carpet,7,3325,0.05174305662512779,0.039902474731206894,-4.817171096801758,0.004855649545788765,-19.845718383789062,-7.0,7.0,4.684453964233398,0.6164680123329163,1.0133912563323975,-0.6086211204528809,735
population,19,carpet,8,3325,0.03242202475667,0.030440349131822586,-5.181621551513672,0.0048516965471208096,-21.156169891357422,-7.0,7.0,4.952463150024414,0.31423452496528625,1.0408782958984375,-0.5837084650993347,736
population,19,carpet,9,3325,0.0587548092007637,0.041399288922548294,-5.237417697906494,0.004847654141485691,-20.287107467651367,-7.0,7.0,4.834217071533203,0.4875704348087311,0.9673968553543091,-0.6229358315467834,737
population,19,carpet,10,3325,0.022507712244987488,0.02112073078751564,-5.078911304473877,0.004843529779464006,-22.1627140045166,-7.0,7.0,4.8871870040893555,0.3644740879535675,0.9346299767494202,-0.6123244166374207,738
population,19,carpet,11,3325,0.055963221937417984,0.047041699290275574,-4.911256790161133,0.004839332774281502,-14.164861679077148,-7.0,7.0,4.827412128448486,0.5163415670394897,1.0936750173568726,-0.641977846622467,739
population,19,carpet,12,3325,0.018841899931430817,0.014026045799255371,-4.977220058441162,0.004835072904825211,-21.1370792388916,-7.0,7.0,4.8741631507873535,0.2743681073188782,0.9470809698104858,-0.6135334372520447,740
population,19,carpet,13,3325,0.02577466145157814,0.022151794284582138,-5.278684616088867,0.004830753896385431,-15.350347518920898,-7.0,7.0,4.990352153778076,0.4140028953552246,1.0349400043487549,-0.6427512764930725,741
population,19,carpet,14,3325,0.05945056676864624,0.03854804486036301,-5.219754219055176,0.0048263841308653355,-22.440196990966797,-7.0,7.0,4.855898857116699,0.4370737671852112,0.9848179817199707,-0.6682033538818359,742
population,19,carpet,15,3325,0.02734970673918724,0.02949921414256096,-5.0507354736328125,0.0048219673335552216,-18.13536834716797,-7.0,7.0,4.925466537475586,0.37987494468688965,1.0011111497879028,-0.6864264607429504,743
population,19,carpet,16,3325,0.030935632064938545,0.020190265029668808,-5.0034356117248535,0.0048175109550356865,-8.529690742492676,-7.0,7.0,4.928073406219482,0.23534800112247467,1.1625604629516602,-0.7205424904823303,744
population,19,carpet,17,3325,0.012829191982746124,0.009633678942918777,-5.0923171043396,0.004813097883015871,-4.460938930511475,-7.0,7.0,4.914207458496094,0.5096457004547119,1.1902685165405273,-0.7663848996162415,745
population,19,carpet,18,3325,0.032125040888786316,0.026334131136536598,-5.040340423583984,0.004809179343283176,0.6029049158096313,-7.0,7.0,4.649176120758057,0.5255836844444275,1.2391717433929443,-0.794192910194397,746
population,19,carpet,19,3325,0.023179879412055016,0.017885632812976837,-5.063946723937988,0.004805436357855797,-2.399285316467285,-7.0,7.0,4.8557024002075195,0.424206018447876,1.1817272901535034,-0.7968782782554626,747
population,19,carpet,20,3325,0.022158127278089523,0.02484061010181904,-4.8885674476623535,0.004801769275218248,-3.2789762020111084,-7.0,7.0,4.798455238342285,0.47511330246925354,1.2019602060317993,-0.7927071452140808,748
population,19,carpet,21,3325,0.0457972027361393,0.02921818196773529,-4.952999591827393,0.004798145964741707,-3.5499424934387207,-7.0,7.0,4.932610511779785,0.5404313802719116,1.2251707315444946,-0.7994195818901062,749
population,19,carpet,22,3325,0.017359940335154533,0.024819266051054,-5.167046546936035,0.004794568754732609,-3.494677782058716,-7.0,7.0,4.998651504516602,0.3384474217891693,1.1430593729019165,-0.8015299439430237,750
population,19,carpet,23,3325,0.0442059226334095,0.03615138307213783,-5.153250694274902,0.0047910199500620365,-3.6289844512939453,-7.0,7.0,4.855959892272949,0.5233030915260315,1.1732900142669678,-0.7976313829421997,751
population,19,carpet,24,3325,0.0157467070966959,0.019196797162294388,-5.004156589508057,0.004787525627762079,-3.3157706260681152,-7.0,7.0,4.8879313468933105,0.49629122018814087,1.2317924499511719,-0.7731372117996216,752
population,19,carpet,25,3325,0.05208732932806015,0.057189565151929855,-5.0144944190979,0.004783899523317814,-9.006169319152832,-7.0,7.0,5.125281810760498,0.42036643624305725,1.1628097295761108,-0.7293089032173157,753
population,19,carpet,26,3325,0.011740440502762794,0.014286145567893982,-5.0766377449035645,0.004780153278261423,-12.601713180541992,-7.0,7.0,4.964311122894287,0.5200826525688171,1.06486976146698,-0.710443913936615,754
population,19,carpet,27,3325,0.0348287969827652,0.06367828696966171,-5.192915439605713,0.004776300396770239,-10.632335662841797,-7.0,7.0,4.930095195770264,0.43781203031539917,1.1441987752914429,-0.6998146176338196,755
population,19,carpet,28,3325,0.037187907844781876,0.018513862043619156,-5.076921463012695,0.004772352520376444,-24.30069923400879,-7.0,7.0,4.9429755210876465,0.46613985300064087,0.9018853902816772,-0.6010575890541077,756
population,19,carpet,29,3325,0.05788184702396393,0.09298146516084671,-4.832121849060059,0.004768319893628359,-21.309429168701172,-7.0,7.0,4.981898307800293,0.4323647618293762,0.986396849155426,-0.6028794050216675,757
population,19,carpet,30,3325,0.020824549719691277,0.022348251193761826,-5.119616508483887,0.004764210432767868,-27.745174407958984,-7.0,7.0,5.12037467956543,0.3886508643627167,0.9256912469863892,-0.5820276141166687,758
population,19,carpet,31,3325,0.011987745761871338,0.025600343942642212,-5.171741485595703,0.004760032519698143,-26.74394989013672,-7.0,7.0,5.027320384979248,0.41368046402931213,0.8916889429092407,-0.5557575225830078,759
population,19,carpet,32,3325,0.032864637672901154,0.03955291584134102,-5.391123294830322,0.004755794536322355,-32.17924118041992,-7.0,7.0,5.172062873840332,0.3788764178752899,0.795063853263855,-0.5347991585731506,760
population,19,carpet,33,3325,0.02834150940179825,0.023380480706691742,-5.157785892486572,0.0047515034675598145,-32.48743438720703,-7.0,7.0,4.915469646453857,0.44069206714630127,0.8615742921829224,-0.5320408344268799,761
population,19,carpet,34,3325,0.026236459612846375,0.03659368306398392,-5.1097846031188965,0.004747164435684681,-31.9561824798584,-7.0,7.0,5.097592353820801,0.5641835927963257,0.7981492280960083,-0.5188657641410828,762
population,19,carpet,35,3325,0.03773197531700134,0.030978940427303314,-4.968387126922607,0.0047427816316485405,-29.993146896362305,-7.0,7.0,4.918937683105469,0.5132594108581543,0.8158446550369263,-0.5179356932640076,763
population,19,carpet,36,3325,0.017547383904457092,0.0283114742487669,-5.1859564781188965,0.0047383601777255535,-31.805679321289062,-7.0,7.0,4.9676055908203125,0.48277342319488525,0.8180338740348816,-0.5150883793830872,764
population,19,carpet,37,3325,0.029990067705512047,0.026093002408742905,-5.269225120544434,0.004733906593173742,-35.66519546508789,-7.0,7.0,4.988072395324707,0.5111477375030518,0.8165909051895142,-0.4943983256816864,765
population,19,carpet,38,3325,0.03233644366264343,0.03507838025689125,-5.2586236000061035,0.004729423671960831,-28.217697143554688,-7.0,7.0,5.080354690551758,0.4264645278453827,0.8558432459831238,-0.5435073375701904,766
population,19,carpet,39,3325,0.010392655618488789,0.011520185507833958,-5.1827287673950195,0.004724913276731968,-29.828750610351562,-7.0,7.0,5.042181968688965,0.5166271924972534,0.7936931252479553,-0.5401842594146729,767
population,19,carpet,40,3325,0.03164602443575859,0.0323336124420166,-5.326473712921143,0.004720380064100027,-31.81562042236328,-7.0,7.0,5.290399551391602,0.38927409052848816,0.7960147261619568,-0.565653383731842,768
population,19,carpet,41,3325,0.020565835759043694,0.02039787545800209,-5.28940486907959,0.004715826362371445,-22.6734619140625,-7.0,7.0,5.047079563140869,0.5768248438835144,0.9529653191566467,-0.6073776483535767,769
population,19,carpet,42,3325,0.023315751925110817,0.034638430923223495,-5.283121109008789,0.004711254965513945,-26.723400115966797,-7.0,7.0,5.000977516174316,0.38284969329833984,0.8572623133659363,-0.5903770327568054,770
population,19,carpet,43,3325,0.042122527956962585,0.030529819428920746,-5.313047885894775,0.004706667736172676,-22.725255966186523,-7.0,7.0,5.071115493774414,0.5012633204460144,1.0139271020889282,-0.6673322319984436,771
population,19,carpet,44,3325,0.019490325823426247,0.031872496008872986,-5.202901840209961,0.004702066536992788,-13.530891418457031,-7.0,7.0,5.113400459289551,0.39777910709381104,1.0177406072616577,-0.6780282258987427,772
population,19,carpet,45,3325,0.028536736965179443,0.023527927696704865,-5.228034973144531,0.0046974546276032925,-8.01623249053955,-7.0,7.0,5.199415683746338,0.406269371509552,1.1391451358795166,-0.7286810874938965,773
population,19,carpet,46,3325,0.016601962968707085,0.0235346220433712,-5.394272327423096,0.004692833870649338,-10.891664505004883,-7.0,7.0,5.223423004150391,0.37771397829055786,1.1143509149551392,-0.7320137023925781,774
population,19,carpet,47,3325,0.02200271561741829,0.025280050933361053,-5.527442932128906,0.004688581917434931,-1.053422212600708,-7.0,7.0,5.289370059967041,0.4876815378665924,1.3184220790863037,-0.8060330748558044,775
population,19,carpet,48,3325,0.02262452058494091,0.014053820632398129,-5.357879161834717,0.004684796091169119,0.4716477394104004,-7.0,7.0,5.124495029449463,0.49468013644218445,1.3284865617752075,-0.8141846060752869,776
population,19,carpet,49,3325,0.026605278253555298,0.03627995774149895,-5.35350227355957,0.004681866150349379,9.294919967651367,-7.0,7.0,5.229305267333984,0.5844103693962097,1.4476107358932495,-0.8637286424636841,777
population,19,carpet,50,3325,0.02068207412958145,0.012910623103380203,-5.209094524383545,0.004679705481976271,16.9669132232666,-7.0,7.0,5.067783355712891,0.5356712341308594,1.511112093925476,-0.9109514951705933,778
individual,20,carpet,1,3500,0.023827269673347473,0.028610706329345703,-5.14878511428833,0.0048746028915047646,-10.903398513793945,-7.0,7.0,5.049286842346191,0.5268280506134033,1.154948115348816,-0.6005739569664001,779
individual,20,carpet,2,3500,0.019460858777165413,0.019565537571907043,-5.217568397521973,0.004870954900979996,-15.218353271484375,-7.0,7.0,5.073760986328125,0.6098145842552185,1.1200610399246216,-0.5821213126182556,780
individual,20,carpet,3,3500,0.033335715532302856,0.0294316615909338,-5.159465312957764,0.004867177456617355,-12.002894401550293,-7.0,7.0,5.026777267456055,0.5655331015586853,1.1274489164352417,-0.5685123801231384,781
individual,20,carpet,4,3500,0.01869981922209263,0.01709492690861225,-5.383595943450928,0.004863282199949026,-13.894787788391113,-7.0,7.0,5.258892059326172,0.3825007677078247,1.100229024887085,-0.5820292234420776,782
individual,20,carpet,5,3500,0.021175280213356018,0.015420638024806976,-5.2153000831604,0.0048592835664749146,-20.89665412902832,-7.0,7.0,5.124135971069336,0.5663594603538513,1.052453875541687,-0.5220909118652344,783
individual,20,carpet,6,3500,0.025436704978346825,0.02319776639342308,-5.218055725097656,0.004855193197727203,-13.074601173400879,-7.0,7.0,5.2389068603515625,0.4012698829174042,1.1125092506408691,-0.5501587390899658,784
individual,20,carpet,7,3500,0.02914176881313324,0.02118617855012417,-5.223072052001953,0.0048510185442864895,-26.293834686279297,-7.0,7.0,5.158349514007568,0.4226941168308258,0.986295759677887,-0.509564220905304,785
individual,20,carpet,8,3500,0.05439560115337372,0.0473950058221817,-5.267735004425049,0.004846768919378519,-20.72926902770996,-7.0,7.0,5.121884822845459,0.47282421588897705,1.0210603475570679,-0.5046664476394653,786
individual,20,carpet,9,3500,0.03919720649719238,0.021655801683664322,-5.172162055969238,0.004842453636229038,-18.05379867553711,-7.0,7.0,5.231148719787598,0.3323308825492859,1.0008434057235718,-0.4914731979370117,787
individual,20,carpet,10,3500,0.026984982192516327,0.021489150822162628,-5.231873989105225,0.004838080145418644,-16.610244750976562,-7.0,7.0,5.113417148590088,0.6089923977851868,1.1265274286270142,-0.4795237183570862,788
individual,20,carpet,11,3500,0.04327761009335518,0.024322157725691795,-5.3661394119262695,0.004833652637898922,-27.13338851928711,-7.0,7.0,5.155688285827637,0.41285833716392517,0.9274230599403381,-0.4459114670753479,789
individual,20,carpet,12,3500,0.024150600656867027,0.029668591916561127,-5.234249591827393,0.004829178564250469,-34.24637985229492,-7.0,7.0,5.258927822113037,0.3921739161014557,0.8356502652168274,-0.4321593642234802,790
individual,20,carpet,13,3500,0.029058212414383888,0.030484413728117943,-5.2439141273498535,0.004824663046747446,-25.954999923706055,-7.0,7.0,5.2249627113342285,0.48707568645477295,0.9785689115524292,-0.4662061631679535,791
individual,20,carpet,14,3500,0.0375383161008358,0.03931307792663574,-5.3993988037109375,0.004820109810680151,-33.70507049560547,-7.0,7.0,5.268932342529297,0.6428057551383972,0.9189985394477844,-0.4162032902240753,792
individual,20,carpet,15,3500,0.02770719863474369,0.029891664162278175,-5.292431831359863,0.004815524443984032,-30.604948043823242,-7.0,7.0,5.140942096710205,0.5309025645256042,0.8871210813522339,-0.3931728005409241,793
individual,20,carpet,16,3500,0.031200885772705078,0.026383839547634125,-5.304874420166016,0.004810911137610674,-37.11050033569336,-7.0,7.0,5.155742168426514,0.36089026927948,0.8114448189735413,-0.39907306432724,794
individual,20,carpet,17,3500,0.02401062846183777,0.01999611221253872,-5.164981842041016,0.0048062726855278015,-36.24763488769531,-7.0,7.0,5.149102687835693,0.41788721084594727,0.8107706904411316,-0.4070410132408142,795
individual,20,carpet,18,3500,0.059844061732292175,0.05215376242995262,-5.203402996063232,0.004801610950380564,-26.656709671020508,-7.0,7.0,5.153163433074951,0.6044511795043945,0.9694762825965881,-0.4282169044017792,796
individual,20,carpet,19,3500,0.021426882594823837,0.01674545556306839,-5.368689060211182,0.004796928726136684,-26.569429397583008,-7.0,7.0,5.19687557220459,0.4690024256706238,1.0235728025436401,-0.48173967003822327,797
individual,20,carpet,20,3500,0.03551825135946274,0.028323575854301453,-5.437831878662109,0.004792230669409037,-34.042667388916016,-7.0,7.0,5.2675909996032715,0.48718512058258057,0.9289403557777405,-0.45475342869758606,798
individual,20,carpet,21,3500,0.03408591449260712,0.020194321870803833,-5.32960319519043,0.00478751864284277,-31.24740982055664,-7.0,7.0,5.351734638214111,0.4956502318382263,0.8732179999351501,-0.4431074559688568,799
individual,20,carpet,22,3500,0.02494671940803528,0.020551010966300964,-5.301846504211426,0.004782793112099171,-30.36084747314453,-7.0,7.0,5.222377300262451,0.51868736743927,0.9084104895591736,-0.45990481972694397,800
individual,20,carpet,23,3500,0.03906428441405296,0.0244656503200531,-5.336463451385498,0.004778056405484676,-26.8094539642334,-7.0,7.0,5.246161460876465,0.5013940334320068,0.9271830320358276,-0.46253687143325806,801
individual,20,carpet,24,3500,0.02578105591237545,0.03334250673651695,-5.510551452636719,0.004773310851305723,-28.757179260253906,-7.0,7.0,5.398501396179199,0.5719340443611145,1.0086021423339844,-0.5310521721839905,802
individual,20,carpet,25,3500,0.02578634023666382,0.026261920109391212,-5.390874862670898,0.004768555983901024,-29.16342544555664,-7.0,7.0,5.35598087310791,0.49020346999168396,0.8796185255050659,-0.46663030982017517,803
individual,20,carpet,26,3500,0.02056945115327835,0.02271140180528164,-5.258676052093506,0.0047637950628995895,-32.6536865234375,-7.0,7.0,5.222163200378418,0.36624085903167725,0.8754167556762695,-0.4704263508319855,804
individual,20,carpet,27,3500,0.017462246119976044,0.015384450554847717,-5.408113956451416,0.004759029485285282,-30.980690002441406,-7.0,7.0,5.297542572021484,0.42798253893852234,0.8935719132423401,-0.4682048261165619,805
individual,20,carpet,28,3500,0.03814437612891197,0.04515739157795906,-5.525745868682861,0.004754259251058102,-35.789390563964844,-7.0,7.0,5.31894588470459,0.4029936194419861,0.8474754691123962,-0.4677112400531769,806
individual,20,carpet,29,3500,0.029319778084754944,0.009780127555131912,-5.222162246704102,0.004749485291540623,-35.83509826660156,-7.0,7.0,5.2336320877075195,0.4543381631374359,0.8030223250389099,-0.4193190038204193,807
individual,20,carpet,30,3500,0.07299481332302094,0.06698451936244965,-5.225902080535889,0.004744709003716707,-37.60319137573242,-7.0,7.0,5.305239677429199,0.4842008650302887,0.799592912197113,-0.4136078953742981,808
individual,20,carpet,31,3500,0.046471379697322845,0.024623826146125793,-5.435877799987793,0.0047399308532476425,-36.08126449584961,-7.0,7.0,5.395134449005127,0.4581845998764038,0.7618589401245117,-0.4518858790397644,809
individual,20,carpet,32,3500,0.06318462640047073,0.04613654688000679,-5.561575412750244,0.004735150840133429,-40.99856185913086,-7.0,7.0,5.371685028076172,0.3706181049346924,0.7449751496315002,-0.4356491267681122,810
individual,20,carpet,33,3500,0.017098823562264442,0.01702956296503544,-5.270987510681152,0.004730370827019215,-26.92730140686035,-7.0,7.0,5.191551208496094,0.436217725276947,0.892754852771759,-0.45854243636131287,811
individual,20,carpet,34,3500,0.06675172597169876,0.033264074474573135,-5.309449195861816,0.004725591279566288,-30.17548370361328,-7.0,7.0,5.401919364929199,0.5123581886291504,0.8353914618492126,-0.44286686182022095,812
individual,20,carpet,35,3500,0.035586412996053696,0.018402475863695145,-5.443181037902832,0.004720812197774649,-38.90186309814453,-7.0,7.0,5.417995929718018,0.40341687202453613,0.7442492246627808,-0.43227294087409973,813
individual,20,carpet,36,3500,0.060330476611852646,0.030482063069939613,-5.468494415283203,0.004716033581644297,-35.907554626464844,-7.0,7.0,5.243011951446533,0.4031480848789215,0.7625055909156799,-0.44406241178512573,814
individual,20,carpet,37,3500,0.03230029717087746,0.026291552931070328,-5.462281227111816,0.004711257293820381,-36.40516662597656,-7.0,7.0,5.381182670593262,0.4756089150905609,0.8154292106628418,-0.4642449915409088,815
individual,20,carpet,38,3500,0.06392069160938263,0.03714046627283096,-5.341076374053955,0.004706481471657753,-37.514732360839844,-7.0,7.0,5.386460781097412,0.4372066855430603,0.7984752655029297,-0.46012040972709656,816
individual,20,carpet,39,3500,0.03729388117790222,0.04431246221065521,-5.527129650115967,0.004701707977801561,-28.573884963989258,-7.0,7.0,5.497276782989502,0.4691965579986572,0.8228726983070374,-0.470853716135025,817
individual,20,carpet,40,3500,0.06577476114034653,0.02583310753107071,-5.641990661621094,0.004696937277913094,-26.372394561767578,-7.0,7.0,5.45482063293457,0.5667963624000549,0.8944280743598938,-0.4957176744937897,818
individual,20,carpet,41,3500,0.03657615929841995,0.04724350571632385,-5.718716621398926,0.00469216937199235,-30.322999954223633,-7.0,7.0,5.45502233505249,0.46528109908103943,0.8102540373802185,-0.47815200686454773,819
individual,20,carpet,42,3500,0.06906150281429291,0.028881903737783432,-5.4972662925720215,0.004687403794378042,-34.14627456665039,-7.0,7.0,5.516326904296875,0.3716987669467926,0.7771689295768738,-0.4892311096191406,820
individual,20,carpet,43,3500,0.03311479464173317,0.0425623282790184,-5.415740489959717,0.004682643339037895,-29.676645278930664,-7.0,7.0,5.369713306427002,0.41347038745880127,0.8578042387962341,-0.5239309072494507,821
individual,20,carpet,44,3500,0.027532661333680153,0.031749922782182693,-5.468143463134766,0.004677885212004185,-18.787870407104492,-7.0,7.0,5.373842716217041,0.48536932468414307,1.0068789720535278,-0.5870887637138367,822
individual,20,carpet,45,3500,0.05796846002340317,0.05139033496379852,-5.832586288452148,0.004673129878938198,-31.786724090576172,-7.0,7.0,5.528295040130615,0.3937433362007141,0.8232383728027344,-0.5264633297920227,823
individual,20,carpet,46,3500,0.03581726923584938,0.019650524482131004,-5.452645301818848,0.0046683792024850845,-29.51240348815918,-7.0,7.0,5.491717338562012,0.46248260140419006,0.8919850587844849,-0.5319350361824036,824
individual,20,carpet,47,3500,0.06506920605897903,0.04115138202905655,-5.362891674041748,0.004663631319999695,-23.16159439086914,-7.0,7.0,5.4647417068481445,0.3671809732913971,0.9235038757324219,-0.5941550135612488,825
individual,20,carpet,48,3500,0.030137622728943825,0.039378322660923004,-5.64180326461792,0.004658888094127178,-9.484640121459961,-7.0,7.0,5.590672492980957,0.5169168710708618,1.1074941158294678,-0.664080023765564,826
individual,20,carpet,49,3500,0.043598566204309464,0.019551461562514305,-5.807790756225586,0.004654147196561098,-15.480345726013184,-7.0,7.0,5.584584712982178,0.4546264410018921,1.0268222093582153,-0.6764042973518372,827
individual,20,carpet,50,3500,0.025498460978269577,0.08731541782617569,-5.586085319519043,0.004649411421269178,-8.472203254699707,-7.0,7.0,5.365455627441406,0.5292237401008606,1.1311782598495483,-0.7015992999076843,828
population,20,carpet,1,3500,0.06195267662405968,0.06373411417007446,-5.431219577789307,0.00467823538929224,35.487083435058594,-7.0,7.0,5.266600131988525,0.3521682024002075,1.738977074623108,-0.9847025275230408,779
population,20,carpet,2,3500,0.026643726974725723,0.021967174485325813,-5.394299507141113,0.00467738788574934,19.899856567382812,-7.0,7.0,5.153796195983887,0.5745330452919006,1.6251975297927856,-0.926977813243866,780
population,20,carpet,3,3500,0.04257054254412651,0.051733147352933884,-5.300260066986084,0.004677100107073784,30.49852180480957,-7.0,7.0,5.205466270446777,0.46122077107429504,1.6902285814285278,-0.9616309404373169,781
population,20,carpet,4,3500,0.02869277074933052,0.02233271673321724,-5.297970294952393,0.0046773143112659454,24.095062255859375,-7.0,7.0,5.227565765380859,0.4174073040485382,1.5689953565597534,-0.9298582673072815,782
population,20,carpet,5,3500,0.02556813508272171,0.029204240068793297,-5.21981954574585,0.00467798113822937,13.299108505249023,-7.0,7.0,5.045058250427246,0.5444192290306091,1.4894944429397583,-0.8661587834358215,783
population,20,carpet,6,3500,0.025431497022509575,0.027610860764980316,-5.543715000152588,0.004679056350141764,14.411287307739258,-7.0,7.0,5.44839334487915,0.4102606177330017,1.537001609802246,-0.8596649169921875,784
population,20,carpet,7,3500,0.023797892034053802,0.026854470372200012,-5.323014259338379,0.0046804980374872684,9.357421875,-7.0,7.0,5.264975547790527,0.314864844083786,1.4188019037246704,-0.823337733745575,785
population,20,carpet,8,3500,0.026410620659589767,0.030038094148039818,-5.373051643371582,0.0046813213266432285,-10.867809295654297,-7.0,7.0,5.350070476531982,0.4527443051338196,1.124810814857483,-0.7198694348335266,786
population,20,carpet,9,3500,0.03636637330055237,0.032330386340618134,-5.439038276672363,0.004681589547544718,-10.361449241638184,-7.0,7.0,5.2969255447387695,0.5840532779693604,1.219347596168518,-0.7120645642280579,787
population,20,carpet,10,3500,0.038635771721601486,0.0379696823656559,-5.579026699066162,0.004681354854255915,-19.086320877075195,-7.0,7.0,5.370584964752197,0.4094330370426178,1.035423994064331,-0.6513687968254089,788
population,20,carpet,11,3500,0.02419884316623211,0.026841463521122932,-5.245752334594727,0.004680669866502285,-15.243426322937012,-7.0,7.0,5.0831193923950195,0.4186713993549347,1.1589914560317993,-0.6288731694221497,789
population,20,carpet,12,3500,0.06669986248016357,0.07457312196493149,-5.151794910430908,0.004679578356444836,-21.596641540527344,-7.0,7.0,5.274638652801514,0.45244982838630676,1.0341732501983643,-0.5953408479690552,790
population,20,carpet,13,3500,0.03345376253128052,0.0382615402340889,-5.371824741363525,0.004678121767938137,-28.972944259643555,-7.0,7.0,5.407562732696533,0.5148099064826965,0.9804220795631409,-0.5638741850852966,791
population,20,carpet,14,3500,0.0614427886903286,0.07395899295806885,-5.579263210296631,0.004676337353885174,-27.754737854003906,-7.0,7.0,5.242190837860107,0.4077279269695282,0.9410063624382019,-0.5634625554084778,792
population,20,carpet,15,3500,0.03356808423995972,0.03415297344326973,-5.498922824859619,0.004674259573221207,-30.234724044799805,-7.0,7.0,5.261986255645752,0.5613921880722046,0.9293737411499023,-0.5510657429695129,793
population,20,carpet,16,3500,0.028078818693757057,0.03165755048394203,-5.336141586303711,0.0046719154343008995,-36.06875228881836,-7.0,7.0,5.347823143005371,0.44872066378593445,0.8111847639083862,-0.5252036452293396,794
population,20,carpet,17,3500,0.056079983711242676,0.06886713206768036,-5.165474891662598,0.004669334273785353,-29.496910095214844,-7.0,7.0,5.214496612548828,0.43223240971565247,0.8670298457145691,-0.5390589833259583,795
population,20,carpet,18,3500,0.04085572063922882,0.03379552438855171,-5.4191389083862305,0.004666538443416357,-32.322593688964844,-7.0,7.0,5.390725612640381,0.3790736496448517,0.825286328792572,-0.5220187902450562,796
population,20,carpet,19,3500,0.05213801562786102,0.060836777091026306,-5.439338684082031,0.004663551226258278,-22.957529067993164,-7.0,7.0,5.174164772033691,0.5186402201652527,0.9188566207885742,-0.5849018692970276,797
population,20,carpet,20,3500,0.03442210704088211,0.035787880420684814,-5.554915428161621,0.004660392180085182,-27.633010864257812,-7.0,7.0,5.267154216766357,0.5938489437103271,0.9195488691329956,-0.55648273229599,798
population,20,carpet,21,3500,0.034010518342256546,0.04529302194714546,-5.379245758056641,0.004657079931348562,-35.221981048583984,-7.0,7.0,5.340982437133789,0.3782361149787903,0.8728616833686829,-0.5378499627113342,799
population,20,carpet,22,3500,0.029699672013521194,0.036778297275304794,-5.288867950439453,0.00465362798422575,-27.387849807739258,-7.0,7.0,5.262265205383301,0.3862796723842621,0.9409069418907166,-0.5375992655754089,800
population,20,carpet,23,3500,0.07949449867010117,0.06386741250753403,-5.432775020599365,0.004650052636861801,-30.87767791748047,-7.0,7.0,5.410123825073242,0.5868701338768005,0.9039207696914673,-0.567681610584259,801
population,20,carpet,24,3500,0.03937205672264099,0.06437526643276215,-5.6149373054504395,0.004646366462111473,-28.911426544189453,-7.0,7.0,5.292819499969482,0.40233179926872253,0.8693738579750061,-0.5772183537483215,802
population,20,carpet,25,3500,0.04532133415341377,0.05268304795026779,-5.5886759757995605,0.004642581567168236,-31.466873168945312,-7.0,7.0,5.282381057739258,0.4434688985347748,0.9552688598632812,-0.5395561456680298,803
population,20,carpet,26,3500,0.049232371151447296,0.06696575880050659,-5.4200286865234375,0.004638706799596548,-21.210922241210938,-7.0,7.0,5.408257484436035,0.45962753891944885,0.9832399487495422,-0.5922638773918152,804
population,20,carpet,27,3500,0.0426984466612339,0.05795424431562424,-5.434858322143555,0.004634753800928593,-26.642488479614258,-7.0,7.0,5.346906661987305,0.4505603611469269,1.0131831169128418,-0.547838568687439,805
population,20,carpet,28,3500,0.02505560591816902,0.03441869467496872,-5.695638656616211,0.004630728624761105,-17.62053680419922,-7.0,7.0,5.444903373718262,0.5711453557014465,1.034306287765503,-0.5911603569984436,806
population,20,carpet,29,3500,0.04572457820177078,0.07206613570451736,-5.738748073577881,0.004626641049981117,-19.682519912719727,-7.0,7.0,5.443404674530029,0.4198889136314392,1.0943315029144287,-0.6226025819778442,807
population,20,carpet,30,3500,0.02218553051352501,0.02188582345843315,-5.514137268066406,0.004622497595846653,-11.110617637634277,-7.0,7.0,5.313573360443115,0.5063158869743347,1.1109946966171265,-0.6116513013839722,808
population,20,carpet,31,3500,0.060555100440979004,0.08875714987516403,-5.307321548461914,0.004618302918970585,-19.74191665649414,-7.0,7.0,5.399876594543457,0.34543293714523315,1.0645521879196167,-0.6726999878883362,809
population,20,carpet,32,3500,0.02903868444263935,0.038885392248630524,-5.549458980560303,0.004614998586475849,6.29839563369751,-7.0,7.0,5.495828628540039,0.43309786915779114,1.3624464273452759,-0.7030746340751648,810
population,20,carpet,33,3500,0.05551232397556305,0.09133778512477875,-5.866739273071289,0.004612398333847523,4.290348529815674,-7.0,7.0,5.575109004974365,0.534511387348175,1.3459463119506836,-0.7299724221229553,811
population,20,carpet,34,3500,0.05013428255915642,0.059619564563035965,-5.813404560089111,0.004610487259924412,4.928379058837891,-7.0,7.0,5.542840957641602,0.5622516870498657,1.3692753314971924,-0.7496156096458435,812
population,20,carpet,35,3500,0.018549926578998566,0.02246912196278572,-5.491021156311035,0.004608652088791132,-1.3348052501678467,-7.0,7.0,5.409168243408203,0.4026060104370117,1.3353912830352783,-0.7311455011367798,813
population,20,carpet,36,3500,0.12004116177558899,0.13429220020771027,-5.329704761505127,0.004606795497238636,-2.3337244987487793,-7.0,7.0,5.575869560241699,0.5232905745506287,1.377327799797058,-0.7577175498008728,814
population,20,carpet,37,3500,0.02987445518374443,0.03164304047822952,-5.53279972076416,0.004605069290846586,-0.6332906484603882,-7.0,7.0,5.45786714553833,0.44899848103523254,1.3201122283935547,-0.7476171255111694,815
population,20,carpet,38,3500,0.04860389232635498,0.07151980698108673,-5.726704120635986,0.004603549838066101,0.39508557319641113,-7.0,7.0,5.458808898925781,0.48438411951065063,1.315384864807129,-0.7449793815612793,816
population,20,carpet,39,3500,0.0377616211771965,0.050110720098018646,-5.755691051483154,0.004601715132594109,-12.454839706420898,-7.0,7.0,5.630133628845215,0.5094329118728638,1.204190969467163,-0.684941828250885,817
population,20,carpet,40,3500,0.043319929391145706,0.05009079724550247,-5.422926425933838,0.004599595908075571,-14.294692039489746,-7.0,7.0,5.498665809631348,0.45105525851249695,1.1589688062667847,-0.689785361289978,818
population,20,carpet,41,3500,0.03170778602361679,0.05405860394239426,-5.493865966796875,0.004597221035510302,-14.580301284790039,-7.0,7.0,5.528314590454102,0.43920671939849854,1.1358642578125,-0.6935919523239136,819
population,20,carpet,42,3500,0.02952074632048607,0.034499332308769226,-5.639157295227051,0.004594617523252964,-14.574169158935547,-7.0,7.0,5.544964790344238,0.4794689416885376,1.1148635149002075,-0.6507427096366882,820
population,20,carpet,43,3500,0.08213832974433899,0.09203821420669556,-5.818658351898193,0.004591810051351786,-24.522253036499023,-7.0,7.0,5.455681800842285,0.5624371767044067,1.073980450630188,-0.6191850304603577,821
population,20,carpet,44,3500,0.023412242531776428,0.02520548738539219,-5.612771511077881,0.004588817711919546,-21.12640380859375,-7.0,7.0,5.401999473571777,0.4074046015739441,0.9899939894676208,-0.6270545721054077,822
population,20,carpet,45,3500,0.040970515459775925,0.044275183230638504,-5.5178446769714355,0.004585659131407738,-25.68090057373047,-7.0,7.0,5.532388687133789,0.45058655738830566,0.9237809777259827,-0.6130370497703552,823
population,20,carpet,46,3500,0.028778240084648132,0.037175435572862625,-5.518167495727539,0.004582354333251715,-21.417783737182617,-7.0,7.0,5.379820346832275,0.6208017468452454,1.0738316774368286,-0.6475182771682739,824
population,20,carpet,47,3500,0.04879883676767349,0.047946568578481674,-5.7864227294921875,0.004578916355967522,-23.176204681396484,-7.0,7.0,5.588410377502441,0.47369372844696045,0.9817614555358887,-0.6450434327125549,825
population,20,carpet,48,3500,0.0651242583990097,0.08046193420886993,-5.709744453430176,0.0045753587037324905,-24.034339904785156,-7.0,7.0,5.429383277893066,0.47952625155448914,1.0229848623275757,-0.6426023244857788,826
population,20,carpet,49,3500,0.030841708183288574,0.03935562074184418,-5.704005241394043,0.004571694880723953,-23.566137313842773,-7.0,7.0,5.565420627593994,0.3087001144886017,0.9560653567314148,-0.6729010939598083,827
population,20,carpet,50,3500,0.042870886623859406,0.05320626497268677,-5.534235954284668,0.004567936062812805,-21.433805465698242,-7.0,7.0,5.574577331542969,0.5514532327651978,0.9935809373855591,-0.6911255717277527,828
individual,21,carpet,1,3675,0.06405377388000488,0.023903021588921547,-5.469831943511963,0.004644680768251419,-16.012035369873047,-7.0,7.0,5.586615085601807,0.46768391132354736,0.9838982224464417,-0.7079865336418152,829
individual,21,carpet,2,3675,0.04973124712705612,0.07087516039609909,-5.478643417358398,0.004639954771846533,-11.272363662719727,-7.0,7.0,5.598308563232422,0.431460976600647,1.0759656429290771,-0.7381920218467712,830
individual,21,carpet,3,3675,0.06208266317844391,0.03191932663321495,-5.649627208709717,0.004635231103748083,-13.200986862182617,-7.0,7.0,5.573739051818848,0.47206518054008484,1.04172682762146,-0.7042513489723206,831
individual,21,carpet,4,3675,0.05620567873120308,0.06392572075128555,-5.83970832824707,0.004630512557923794,-8.136907577514648,-7.0,7.0,5.614314079284668,0.4778258800506592,1.08504319190979,-0.7487234473228455,832
individual,21,carpet,5,3675,0.024749215692281723,0.04386761784553528,-5.636209487915039,0.004625999368727207,-3.056152820587158,-7.0,7.0,5.54217004776001,0.41170111298561096,1.1358541250228882,-0.7598832249641418,833
individual,21,carpet,6,3675,0.06317340582609177,0.0485631600022316,-5.506499290466309,0.004621470812708139,-7.518075942993164,-7.0,7.0,5.552615642547607,0.49931150674819946,1.1275042295455933,-0.7757810950279236,834
individual,21,carpet,7,3675,0.027525704354047775,0.052584778517484665,-5.5332112312316895,0.0046170675195753574,-3.747549533843994,-7.0,7.0,5.522822380065918,0.5749899744987488,1.1666803359985352,-0.7932711243629456,835
individual,21,carpet,8,3675,0.040617670863866806,0.015796203166246414,-5.607362747192383,0.004613579250872135,6.07710599899292,-7.0,7.0,5.4428391456604,0.42857882380485535,1.1982088088989258,-0.8184986710548401,836
individual,21,carpet,9,3675,0.02671225182712078,0.059333838522434235,-5.594822883605957,0.004610300529748201,-1.5810917615890503,-7.0,7.0,5.491276741027832,0.5001769065856934,1.144086241722107,-0.7843582034111023,837
individual,21,carpet,10,3675,0.04498537629842758,0.01358164381235838,-5.582573413848877,0.004607643466442823,3.339298725128174,-7.0,7.0,5.581744194030762,0.5186247825622559,1.2146310806274414,-0.807865560054779,838
individual,21,carpet,11,3675,0.032482754439115524,0.032939113676548004,-5.504058837890625,0.004605686292052269,4.95976448059082,-7.0,7.0,5.451712131500244,0.5465403199195862,1.1855484247207642,-0.7829828858375549,839
individual,21,carpet,12,3675,0.044661566615104675,0.03046397492289543,-5.636059761047363,0.0046035829000175,-3.9115874767303467,-7.0,7.0,5.612470626831055,0.43488380312919617,1.1156325340270996,-0.7339606285095215,840
individual,21,carpet,13,3675,0.015648238360881805,0.015071462839841843,-5.714804172515869,0.004601221531629562,-7.3388566970825195,-7.0,7.0,5.59097957611084,0.46988335251808167,1.1365046501159668,-0.7630940079689026,841
individual,21,carpet,14,3675,0.032244518399238586,0.0513136200606823,-5.646053314208984,0.004598626401275396,-10.983519554138184,-7.0,7.0,5.58144474029541,0.49846506118774414,1.1116888523101807,-0.7087140679359436,842
individual,21,carpet,15,3675,0.03709119185805321,0.03857908397912979,-5.641313076019287,0.0045958226546645164,-9.502939224243164,-7.0,7.0,5.567254543304443,0.4867195188999176,1.1125621795654297,-0.720990002155304,843
individual,21,carpet,16,3675,0.04324635490775108,0.02859390899538994,-5.593403339385986,0.004592830315232277,-8.38870906829834,-7.0,7.0,5.5422186851501465,0.5992921590805054,1.1365703344345093,-0.7195810079574585,844
individual,21,carpet,17,3675,0.045240506529808044,0.048885948956012726,-5.76161003112793,0.004589671269059181,-19.95867347717285,-7.0,7.0,5.785943984985352,0.41122856736183167,1.0385360717773438,-0.7042917609214783,845
individual,21,carpet,18,3675,0.025355875492095947,0.0326932929456234,-5.78110408782959,0.004586361348628998,-11.696025848388672,-7.0,7.0,5.6397013664245605,0.5676845908164978,1.074095606803894,-0.7032228708267212,846
individual,21,carpet,19,3675,0.0428737998008728,0.0586998350918293,-5.796786308288574,0.004582915920764208,-12.273860931396484,-7.0,7.0,5.657124996185303,0.5520747303962708,1.1252652406692505,-0.7214377522468567,847
individual,21,carpet,20,3675,0.01941453106701374,0.013901800848543644,-5.9253387451171875,0.004579348489642143,-9.459741592407227,-7.0,7.0,5.78862190246582,0.3205510973930359,1.1289781332015991,-0.7391213774681091,848
individual,21,carpet,21,3675,0.03433603793382645,0.02298923395574093,-5.753241062164307,0.004575673025101423,-8.951481819152832,-7.0,7.0,5.639871597290039,0.5784768462181091,1.1696382761001587,-0.7470799088478088,849
individual,21,carpet,22,3675,0.03785634785890579,0.051228754222393036,-5.728335857391357,0.004571899771690369,-11.32571792602539,-7.0,7.0,5.702455997467041,0.4674479067325592,1.1101888418197632,-0.7208182215690613,850
individual,21,carpet,23,3675,0.032906096428632736,0.030231740325689316,-5.753418445587158,0.004568040370941162,-16.511852264404297,-7.0,7.0,5.698188781738281,0.4456856846809387,1.1037113666534424,-0.720535159111023,851
individual,21,carpet,24,3675,0.0377141572535038,0.07357800006866455,-5.806960582733154,0.00456410413607955,-9.083783149719238,-7.0,7.0,5.5601019859313965,0.5155951380729675,1.138034701347351,-0.7402155995368958,852
individual,21,carpet,25,3675,0.04221028462052345,0.040940459817647934,-5.677342891693115,0.004560097120702267,-18.44375991821289,-7.0,7.0,5.5986647605896,0.44210320711135864,1.0686320066452026,-0.7275944948196411,853
individual,21,carpet,26,3675,0.01729254424571991,0.029579205438494682,-5.621918201446533,0.004556028172373772,-6.625970363616943,-7.0,7.0,5.628699779510498,0.4479139745235443,1.1904720067977905,-0.7733492255210876,854
individual,21,carpet,27,3675,0.08062953501939774,0.05448963865637779,-5.745508670806885,0.004551904741674662,-6.718658447265625,-7.0,7.0,5.7898993492126465,0.5117382407188416,1.1891183853149414,-0.7834970355033875,855
individual,21,carpet,28,3675,0.015239888802170753,0.026334401220083237,-5.980123519897461,0.004547826014459133,-4.29874849319458,-7.0,7.0,5.77473783493042,0.45648425817489624,1.2333567142486572,-0.78139728307724,856
individual,21,carpet,29,3675,0.047875940799713135,0.053063247352838516,-6.014286994934082,0.004544539377093315,4.447848320007324,-7.0,7.0,5.66068172454834,0.41771695017814636,1.3303298950195312,-0.834136962890625,857
individual,21,carpet,30,3675,0.03659017011523247,0.03552049770951271,-5.777767181396484,0.004542048089206219,9.054595947265625,-7.0,7.0,5.637437343597412,0.5233318209648132,1.3568395376205444,-0.8599638938903809,858
individual,21,carpet,31,3675,0.05509436875581741,0.06475327908992767,-5.686228275299072,0.0045398566871881485,0.6090481281280518,-7.0,7.0,5.789133548736572,0.4967067539691925,1.2648996114730835,-0.8037025332450867,859
individual,21,carpet,32,3675,0.03136640787124634,0.028050458058714867,-5.792086124420166,0.004538350272923708,9.116475105285645,-7.0,7.0,5.642498970031738,0.49422651529312134,1.4376353025436401,-0.8613457083702087,860
individual,21,carpet,33,3675,0.06503186374902725,0.0613701194524765,-6.027712345123291,0.004537458997219801,14.923996925354004,-7.0,7.0,5.8031535148620605,0.3631603419780731,1.4793107509613037,-0.8889690041542053,861
individual,21,carpet,34,3675,0.02742869220674038,0.027848616242408752,-5.655760288238525,0.004537121392786503,5.900111198425293,-7.0,7.0,5.532784461975098,0.37411218881607056,1.336582899093628,-0.8076351881027222,862
individual,21,carpet,35,3675,0.03836308792233467,0.03757156431674957,-5.602146625518799,0.004537281580269337,6.125922679901123,-7.0,7.0,5.772511005401611,0.5013187527656555,1.420292854309082,-0.8376069664955139,863
individual,21,carpet,36,3675,0.017556197941303253,0.017496639862656593,-5.718920707702637,0.004536961205303669,-6.778121471405029,-7.0,7.0,5.729461193084717,0.47828978300094604,1.3110132217407227,-0.767978310585022,864
individual,21,carpet,37,3675,0.030399534851312637,0.03839012235403061,-5.857377052307129,0.004536801483482122,1.4915931224822998,-7.0,7.0,5.881280899047852,0.4145599603652954,1.3096532821655273,-0.7700180411338806,865
individual,21,carpet,38,3675,0.03793639317154884,0.040188875049352646,-5.908505439758301,0.0045361933298408985,-13.549126625061035,-7.0,7.0,5.817057132720947,0.4373552203178406,1.1860414743423462,-0.7041744589805603,866
individual,21,carpet,39,3675,0.023340703919529915,0.03649664670228958,-5.844668865203857,0.004535181447863579,-7.246610641479492,-7.0,7.0,5.667963027954102,0.4551154673099518,1.2365305423736572,-0.6957405209541321,867
individual,21,carpet,40,3675,0.11301206052303314,0.07811605930328369,-5.722502708435059,0.004533808212727308,-20.30556869506836,-7.0,7.0,5.902646064758301,0.37874701619148254,1.0690609216690063,-0.6232014298439026,868
individual,21,carpet,41,3675,0.02134736068546772,0.024111241102218628,-5.819581508636475,0.004532107152044773,-21.88678741455078,-7.0,7.0,5.738975524902344,0.43609946966171265,0.9990164637565613,-0.6009534001350403,869
individual,21,carpet,42,3675,0.0713496059179306,0.03606818988919258,-6.019207954406738,0.004530112724751234,-21.057920455932617,-7.0,7.0,5.716723918914795,0.48492228984832764,1.0504900217056274,-0.5951597094535828,870
individual,21,carpet,43,3675,0.029875749722123146,0.03833463042974472,-5.902170658111572,0.004527856130152941,-23.837688446044922,-7.0,7.0,5.708903789520264,0.4796108603477478,1.0167156457901,-0.5813706517219543,871
individual,21,carpet,44,3675,0.0706426277756691,0.04097026214003563,-5.8303422927856445,0.004525362979620695,-19.728290557861328,-7.0,7.0,5.829029083251953,0.3581954836845398,1.0623393058776855,-0.603496253490448,872
individual,21,carpet,45,3675,0.027435865253210068,0.021681729704141617,-5.956160068511963,0.0045226579532027245,-22.785619735717773,-7.0,7.0,5.825162887573242,0.5735895037651062,1.0207431316375732,-0.5895954370498657,873
individual,21,carpet,46,3675,0.026750508695840836,0.02922886610031128,-6.070044994354248,0.004519762471318245,-22.27263832092285,-7.0,7.0,5.997204303741455,0.45115363597869873,1.051287293434143,-0.6104774475097656,874
individual,21,carpet,47,3675,0.03705492988228798,0.029946189373731613,-5.788882255554199,0.0045166946947574615,-17.964557647705078,-7.0,7.0,5.552651882171631,0.6056920289993286,1.08966064453125,-0.6003490686416626,875
individual,21,carpet,48,3675,0.03511425107717514,0.039166320115327835,-5.834322929382324,0.004513473715633154,-13.471113204956055,-7.0,7.0,5.689159870147705,0.422561377286911,1.1465470790863037,-0.6391505002975464,876
individual,21,carpet,49,3675,0.033614903688430786,0.01728871464729309,-5.744748592376709,0.0045101153664290905,-22.780942916870117,-7.0,7.0,5.749948501586914,0.6650323271751404,1.0528273582458496,-0.5858027338981628,877
individual,21,carpet,50,3675,0.028698891401290894,0.03279973566532135,-5.800432205200195,0.0045066350139677525,-19.097414016723633,-7.0,7.0,5.779962539672852,0.6373623609542847,1.0856497287750244,-0.6204397082328796,878
population,21,carpet,1,3675,0.023658882826566696,0.036259975284338,-5.677538871765137,0.004564091097563505,-11.82805061340332,-7.0,7.0,5.640468120574951,0.5599675178527832,1.0866069793701172,-0.7362619042396545,829
population,21,carpet,2,3675,0.04498659819364548,0.042291320860385895,-5.786113739013672,0.004560168832540512,-18.697486877441406,-7.0,7.0,5.539002418518066,0.4066869914531708,1.1176480054855347,-0.7308834195137024,830
population,21,carpet,3,3675,0.044119082391262054,0.05392714962363243,-5.836708068847656,0.004556180443614721,-9.607661247253418,-7.0,7.0,5.657380104064941,0.43685927987098694,1.1559407711029053,-0.752176821231842,831
population,21,carpet,4,3675,0.03437724709510803,0.03534097224473953,-5.587845802307129,0.004552130587399006,-6.286544322967529,-7.0,7.0,5.569965362548828,0.4339503347873688,1.153402328491211,-0.8084359765052795,832
population,21,carpet,5,3675,0.029161471873521805,0.03328601270914078,-5.5072174072265625,0.004548155702650547,-3.8670077323913574,-7.0,7.0,5.52463960647583,0.478849321603775,1.1856218576431274,-0.8254961967468262,833
population,21,carpet,6,3675,0.029413321986794472,0.0371587872505188,-5.7844109535217285,0.0045441193506121635,-10.595536231994629,-7.0,7.0,5.780458450317383,0.5188623070716858,1.1325312852859497,-0.7847524285316467,834
population,21,carpet,7,3675,0.023404957726597786,0.026655714958906174,-5.7700042724609375,0.00454007787629962,-4.789743900299072,-7.0,7.0,5.64501953125,0.47566211223602295,1.1452281475067139,-0.7898246049880981,835
population,21,carpet,8,3675,0.022759325802326202,0.024857845157384872,-5.562281131744385,0.00453598378226161,-5.949481010437012,-7.0,7.0,5.416543006896973,0.5108917951583862,1.2385114431381226,-0.779785692691803,836
population,21,carpet,9,3675,0.028927715495228767,0.031507913023233414,-5.709219932556152,0.004532422870397568,1.4500651359558105,-7.0,7.0,5.729123592376709,0.4083404242992401,1.3685423135757446,-0.8162440657615662,837
population,21,carpet,10,3675,0.01546373963356018,0.022302255034446716,-5.660647392272949,0.004529037047177553,-2.1045703887939453,-7.0,7.0,5.654706954956055,0.3523654043674469,1.263771653175354,-0.8181177973747253,838
population,21,carpet,11,3675,0.027307195588946342,0.027260877192020416,-5.811534404754639,0.0045255315490067005,-9.152300834655762,-7.0,7.0,5.670381546020508,0.5722762942314148,1.2423830032348633,-0.7647745013237,839
population,21,carpet,12,3675,0.04032071307301521,0.04734392464160919,-5.907188415527344,0.004522733390331268,4.1657819747924805,-7.0,7.0,5.5873188972473145,0.34889984130859375,1.3661078214645386,-0.7924248576164246,840
population,21,carpet,13,3675,0.03270711004734039,0.03161650151014328,-5.761761665344238,0.004519755952060223,-5.804696083068848,-7.0,7.0,5.649807453155518,0.5182202458381653,1.2673105001449585,-0.7675583958625793,841
population,21,carpet,14,3675,0.03281412646174431,0.03398541733622551,-5.683504104614258,0.0045169079676270485,-1.980239987373352,-7.0,7.0,5.688386917114258,0.5082666873931885,1.255493402481079,-0.7447808384895325,842
population,21,carpet,15,3675,0.025242241099476814,0.03380940854549408,-5.794112205505371,0.0045143780298531055,0.40786802768707275,-7.0,7.0,5.713644981384277,0.4392945170402527,1.3443998098373413,-0.743346095085144,843
population,21,carpet,16,3675,0.021589379757642746,0.020395206287503242,-5.964059829711914,0.004511780571192503,-3.7608447074890137,-7.0,7.0,5.783334732055664,0.34196844696998596,1.3374272584915161,-0.7425446510314941,844
population,21,carpet,17,3675,0.03197813779115677,0.03526216000318527,-5.90950870513916,0.00450898427516222,-15.198063850402832,-7.0,7.0,5.552811622619629,0.6476808786392212,1.1945995092391968,-0.7094072103500366,845
population,21,carpet,18,3675,0.021947402507066727,0.02756127342581749,-5.865528583526611,0.004506009630858898,-13.091525077819824,-7.0,7.0,5.6929144859313965,0.5026196837425232,1.1611461639404297,-0.6863241195678711,846
population,21,carpet,19,3675,0.07059990614652634,0.08053407818078995,-5.6376872062683105,0.004502873867750168,-15.4452486038208,-7.0,7.0,5.683424949645996,0.46767759323120117,1.1273373365402222,-0.695796549320221,847
population,21,carpet,20,3675,0.024130774661898613,0.023575054481625557,-5.813421726226807,0.0044995942153036594,-16.400774002075195,-7.0,7.0,5.6978960037231445,0.3202834129333496,1.0701345205307007,-0.6995469331741333,848
population,21,carpet,21,3675,0.0327201709151268,0.027085354551672935,-6.066204071044922,0.004496186040341854,-14.446322441101074,-7.0,7.0,5.837496757507324,0.36743679642677307,1.1029282808303833,-0.7185591459274292,849
population,21,carpet,22,3675,0.0451047457754612,0.062235306948423386,-5.976196765899658,0.004492662847042084,-21.39593505859375,-7.0,7.0,5.753997802734375,0.36031588912010193,1.0632871389389038,-0.6863203644752502,850
population,21,carpet,23,3675,0.038846008479595184,0.02968410588800907,-5.6380295753479,0.0044890353456139565,-16.39786720275879,-7.0,7.0,5.603527069091797,0.497648149728775,1.0942875146865845,-0.7112210392951965,851
population,21,carpet,24,3675,0.056027092039585114,0.06378360092639923,-5.691972732543945,0.004485316574573517,-14.066024780273438,-7.0,7.0,5.738661766052246,0.5408180356025696,1.1296151876449585,-0.7020071744918823,852
population,21,carpet,25,3675,0.023486165329813957,0.03707652911543846,-5.840551853179932,0.0044815135188400745,-17.68389892578125,-7.0,7.0,5.831652641296387,0.3656751215457916,1.0382565259933472,-0.7314687371253967,853
population,21,carpet,26,3675,0.10823437571525574,0.09974436461925507,-5.959253311157227,0.00447763642296195,-15.80929946899414,-7.0,7.0,5.595546722412109,0.5056394338607788,1.0741952657699585,-0.7331218719482422,854
population,21,carpet,27,3675,0.026486249640583992,0.03899579122662544,-5.728315353393555,0.00447369460016489,-19.48986053466797,-7.0,7.0,5.604771137237549,0.5600456595420837,1.0277248620986938,-0.6812146902084351,855
population,21,carpet,28,3675,0.07603318989276886,0.060061439871788025,-5.638858795166016,0.004469694569706917,-25.71016502380371,-7.0,7.0,5.834572792053223,0.4560215473175049,0.9704713821411133,-0.6497252583503723,856
population,21,carpet,29,3675,0.02442445233464241,0.031036177650094032,-5.662642002105713,0.004465640522539616,-27.088356018066406,-7.0,7.0,5.687173843383789,0.5785853266716003,0.9344631433486938,-0.6558018326759338,857
population,21,carpet,30,3675,0.032540734857320786,0.02774222195148468,-5.836414337158203,0.004461541306227446,-29.433597564697266,-7.0,7.0,5.77924919128418,0.3730463981628418,0.8655744791030884,-0.615451991558075,858
population,21,carpet,31,3675,0.05829491838812828,0.06345150619745255,-5.948494911193848,0.004457398783415556,-26.798978805541992,-7.0,7.0,5.719942092895508,0.5075926780700684,0.8735101819038391,-0.5830172896385193,859
population,21,carpet,32,3675,0.039455167949199677,0.056529540568590164,-5.826879978179932,0.004453219939023256,-23.89886474609375,-7.0,7.0,5.569186210632324,0.537783145904541,0.9392198324203491,-0.5881181359291077,860
population,21,carpet,33,3675,0.06196598336100578,0.05654440075159073,-5.718656063079834,0.004449008964002132,-32.79267501831055,-7.0,7.0,5.696145534515381,0.5073632001876831,0.7734445929527283,-0.5607499480247498,861
population,21,carpet,34,3675,0.0696806013584137,0.08710293471813202,-5.850663661956787,0.004444768186658621,-35.97529602050781,-7.0,7.0,5.9594573974609375,0.4711270034313202,0.7476788759231567,-0.5338076949119568,862
population,21,carpet,35,3675,0.04097207263112068,0.025612076744437218,-6.004245281219482,0.004440501797944307,-37.455787658691406,-7.0,7.0,5.79046106338501,0.665359377861023,0.798380434513092,-0.5102519989013672,863
population,21,carpet,36,3675,0.09226985275745392,0.11668143421411514,-6.248644828796387,0.004436213988810778,-42.466121673583984,-7.0,7.0,5.904007434844971,0.5017504096031189,0.6927229166030884,-0.5164126753807068,864
population,21,carpet,37,3675,0.07040959596633911,0.046753596514463425,-5.772209167480469,0.004431907087564468,-39.059051513671875,-7.0,7.0,5.814006805419922,0.5293199419975281,0.6885284781455994,-0.5265247225761414,865
population,21,carpet,38,3675,0.06303735077381134,0.06552796810865402,-5.773868083953857,0.0044275810942053795,-37.935977935791016,-7.0,7.0,5.878695964813232,0.48072654008865356,0.6928475499153137,-0.5275922417640686,866
population,21,carpet,39,3675,0.022026697173714638,0.02513210102915764,-5.813671112060547,0.004423240665346384,-38.94814682006836,-7.0,7.0,5.7932820320129395,0.4142438471317291,0.6396458745002747,-0.5159008502960205,867
population,21,carpet,40,3675,0.05829189717769623,0.02758617512881756,-6.039589881896973,0.004418887197971344,-45.19576644897461,-7.0,7.0,5.8464508056640625,0.4420536458492279,0.6285977363586426,-0.4902600944042206,868
population,21,carpet,41,3675,0.015165364369750023,0.02188870497047901,-6.004573345184326,0.004414523486047983,-41.782188415527344,-7.0,7.0,5.911205291748047,0.36326438188552856,0.606627881526947,-0.4939572513103485,869
population,21,carpet,42,3675,0.025238128378987312,0.01606781594455242,-5.690180778503418,0.004410149529576302,-36.49225616455078,-7.0,7.0,5.730175971984863,0.507053792476654,0.6931915283203125,-0.5023325085639954,870
population,21,carpet,43,3675,0.030563581734895706,0.024810727685689926,-5.938333511352539,0.004405766725540161,-44.25176239013672,-7.0,7.0,5.959283828735352,0.442778080701828,0.5474165081977844,-0.45902034640312195,871
population,21,carpet,44,3675,0.04222756251692772,0.0408044159412384,-5.747300148010254,0.004401378333568573,-35.0346794128418,-7.0,7.0,5.670041084289551,0.4816371500492096,0.6910867691040039,-0.5379060506820679,872
population,21,carpet,45,3675,0.028797762468457222,0.02437378466129303,-6.043509006500244,0.00439698388800025,-38.02973937988281,-7.0,7.0,5.85945987701416,0.33034658432006836,0.6241891980171204,-0.512520968914032,873
population,21,carpet,46,3675,0.03157424554228783,0.03456674516201019,-6.054952144622803,0.004392585251480341,-39.08183288574219,-7.0,7.0,5.932387351989746,0.3621993660926819,0.6604986190795898,-0.5441578030586243,874
population,21,carpet,47,3675,0.015074210241436958,0.018160976469516754,-5.852637767791748,0.004388182424008846,-34.84772491455078,-7.0,7.0,5.782312393188477,0.39433717727661133,0.6964563131332397,-0.5266661047935486,875
population,21,carpet,48,3675,0.04919954016804695,0.058387428522109985,-5.825634956359863,0.004383775871247053,-32.25691223144531,-7.0,7.0,5.844231128692627,0.5240962505340576,0.7308598756790161,-0.5480750203132629,876
population,21,carpet,49,3675,0.04601071774959564,0.04402048513293266,-5.955049991607666,0.004379367455840111,-32.19392776489258,-7.0,7.0,5.8081955909729,0.5149036645889282,0.8210676908493042,-0.5789719223976135,877
population,21,carpet,50,3675,0.08622991293668747,0.07037347555160522,-6.008070468902588,0.004374957177788019,-27.036903381347656,-7.0,7.0,5.658954620361328,0.6010220646858215,0.8729304075241089,-0.5870499610900879,878
individual,22,carpet,1,3850,0.05417519807815552,0.03179483860731125,-6.075372695922852,0.004503043368458748,-20.76302146911621,-7.0,7.0,5.981541156768799,0.47467222809791565,1.1033309698104858,-0.606745183467865,879
individual,22,carpet,2,3850,0.030398476868867874,0.036110006272792816,-5.89803409576416,0.004499353934079409,-15.30905532836914,-7.0,7.0,5.72857666015625,0.5604963302612305,1.0634243488311768,-0.5993175506591797,880
individual,22,carpet,3,3850,0.01931513473391533,0.016170326620340347,-5.783892631530762,0.004495575092732906,-23.393733978271484,-7.0,7.0,5.727787971496582,0.4935358166694641,0.9807983636856079,-0.5753899812698364,881
individual,22,carpet,4,3850,0.05811091139912605,0.06104351952672005,-5.790581703186035,0.004491718485951424,-26.439054489135742,-7.0,7.0,5.88776969909668,0.5409060120582581,0.9572586417198181,-0.5382288694381714,882
individual,22,carpet,5,3850,0.022943967953324318,0.02250637114048004,-5.928613662719727,0.004487789701670408,-27.595134735107422,-7.0,7.0,5.893521785736084,0.4733355641365051,0.9196119904518127,-0.5269326567649841,883
individual,22,carpet,6,3850,0.05624012276530266,0.050908345729112625,-5.923450469970703,0.004483798518776894,-29.106595993041992,-7.0,7.0,5.749136447906494,0.5472927093505859,0.9199198484420776,-0.5134670734405518,884
individual,22,carpet,7,3850,0.0363854244351387,0.03273245692253113,-5.810930252075195,0.004479752853512764,-31.781618118286133,-7.0,7.0,5.866784572601318,0.3442474603652954,0.8540664315223694,-0.4913007318973541,885
individual,22,carpet,8,3850,0.0319664403796196,0.027049871161580086,-5.878353118896484,0.004475655499845743,-33.602081298828125,-7.0,7.0,5.926061153411865,0.47428762912750244,0.7836707234382629,-0.46516674757003784,886
individual,22,carpet,9,3850,0.06832757592201233,0.08941087871789932,-5.679078578948975,0.00447151530534029,-33.048072814941406,-7.0,7.0,5.799312591552734,0.40136152505874634,0.7948950529098511,-0.46031445264816284,887
individual,22,carpet,10,3850,0.05684347450733185,0.027829598635435104,-5.985817909240723,0.004467335995286703,-38.6735725402832,-7.0,7.0,5.809198379516602,0.39812228083610535,0.7472516298294067,-0.43643659353256226,888
individual,22,carpet,11,3850,0.0345970094203949,0.036966048181056976,-6.163992881774902,0.004463119897991419,-37.47516632080078,-7.0,7.0,5.976075172424316,0.6100974082946777,0.7783509492874146,-0.4208323061466217,889
individual,22,carpet,12,3850,0.03601996600627899,0.02826365828514099,-5.819804668426514,0.004458873998373747,-42.26776123046875,-7.0,7.0,5.813388824462891,0.40295475721359253,0.7139026522636414,-0.41891032457351685,890
individual,22,carpet,13,3850,0.030290275812149048,0.028213288635015488,-5.910418510437012,0.004454600624740124,-41.97319030761719,-7.0,7.0,5.866769313812256,0.6441530585289001,0.7109202146530151,-0.38305336236953735,891
individual,22,carpet,14,3850,0.02262483537197113,0.029121067374944687,-6.058714866638184,0.004450303502380848,-42.83686447143555,-7.0,7.0,6.062670707702637,0.46940264105796814,0.667525589466095,-0.4009065628051758,892
individual,22,carpet,15,3850,0.032948367297649384,0.03268039971590042,-6.0484442710876465,0.004445984959602356,-48.790653228759766,-7.0,7.0,5.879937648773193,0.33443954586982727,0.6529655456542969,-0.3734484016895294,893
individual,22,carpet,16,3850,0.030906319618225098,0.0363609716296196,-6.008872985839844,0.004441647324711084,-34.56122970581055,-7.0,7.0,5.890410423278809,0.6963902711868286,0.8226982951164246,-0.4420149326324463,894
individual,22,carpet,17,3850,0.036299075931310654,0.021817445755004883,-5.907911777496338,0.00443729292601347,-35.92816162109375,-7.0,7.0,5.897298336029053,0.4046362638473511,0.7473210692405701,-0.433309942483902,895
individual,22,carpet,18,3850,0.02609468251466751,0.016002098098397255,-5.924859046936035,0.004432925954461098,-36.15951919555664,-7.0,7.0,5.850006580352783,0.5418662428855896,0.7699103951454163,-0.4498809278011322,896
individual,22,carpet,19,3850,0.02160450629889965,0.03626648709177971,-5.951442718505859,0.004428545944392681,-37.19977569580078,-7.0,7.0,5.968040466308594,0.45365598797798157,0.754114031791687,-0.46372440457344055,897
individual,22,carpet,20,3850,0.03601430356502533,0.05755341425538063,-6.1263861656188965,0.004424156155437231,-37.9629020690918,-7.0,7.0,5.9051337242126465,0.6126673221588135,0.7926241755485535,-0.46326375007629395,898
individual,22,carpet,21,3850,0.0471932515501976,0.028294416144490242,-5.818356037139893,0.004419755656272173,-36.99431610107422,-7.0,7.0,5.8030900955200195,0.6161894798278809,0.8019606471061707,-0.4733676314353943,899
individual,22,carpet,22,3850,0.025159353390336037,0.026859460398554802,-6.052483558654785,0.0044153486378490925,-35.30329895019531,-7.0,7.0,6.104394435882568,0.43826034665107727,0.728885293006897,-0.4613136351108551,900
individual,22,carpet,23,3850,0.05017327517271042,0.0192122682929039,-6.027057647705078,0.004410936031490564,-32.37583923339844,-7.0,7.0,5.879772663116455,0.5937594771385193,0.8736931681632996,-0.5075991749763489,901
individual,22,carpet,24,3850,0.019005510956048965,0.01737125776708126,-6.079320907592773,0.004406516905874014,-37.03623580932617,-7.0,7.0,5.950591087341309,0.385385125875473,0.7666417360305786,-0.47544923424720764,902
individual,22,carpet,25,3850,0.04247260466217995,0.018695592880249023,-6.035583972930908,0.004402094054967165,-34.75119400024414,-7.0,7.0,6.011873245239258,0.6387724280357361,0.7944287657737732,-0.46207693219184875,903
individual,22,carpet,26,3850,0.044185396283864975,0.0450734868645668,-6.027252197265625,0.004397667478770018,-35.75360870361328,-7.0,7.0,6.018884181976318,0.44552189111709595,0.748728334903717,-0.47006455063819885,904
individual,22,carpet,27,3850,0.05172300338745117,0.03485792875289917,-6.254875183105469,0.004393238574266434,-35.722930908203125,-7.0,7.0,6.226818084716797,0.5587362051010132,0.7198421359062195,-0.45694759488105774,905
individual,22,carpet,28,3850,0.03577940911054611,0.03689805045723915,-6.180149078369141,0.004388808272778988,-35.991024017333984,-7.0,7.0,6.148596286773682,0.5109346508979797,0.7380011677742004,-0.46462124586105347,906
individual,22,carpet,29,3850,0.038381293416023254,0.019892176613211632,-6.013497829437256,0.0043843756429851055,-41.60841369628906,-7.0,7.0,6.085497856140137,0.4365139901638031,0.6812042593955994,-0.44647452235221863,907
individual,22,carpet,30,3850,0.0630049854516983,0.04306690767407417,-6.046028137207031,0.004379943944513798,-38.449066162109375,-7.0,7.0,6.088742733001709,0.46910297870635986,0.7150596380233765,-0.43108588457107544,908
individual,22,carpet,31,3850,0.018288495019078255,0.011855795979499817,-6.0499091148376465,0.00437551224604249,-37.40609359741211,-7.0,7.0,5.946885585784912,0.45653021335601807,0.696533203125,-0.42514243721961975,909
individual,22,carpet,32,3850,0.02179715223610401,0.02616269886493683,-6.133082389831543,0.0043710810132324696,-39.14143371582031,-7.0,7.0,6.128448009490967,0.38521069288253784,0.6530677080154419,-0.4304167926311493,910
individual,22,carpet,33,3850,0.034198254346847534,0.026709038764238358,-5.998451232910156,0.004366649780422449,-42.77867126464844,-7.0,7.0,5.988021373748779,0.6092730164527893,0.7261995673179626,-0.40974292159080505,911
individual,22,carpet,34,3850,0.03460041433572769,0.04042215272784233,-6.088940143585205,0.004362220875918865,-46.08824157714844,-7.0,7.0,6.044795989990234,0.4681401550769806,0.6645904779434204,-0.41370201110839844,912
individual,22,carpet,35,3850,0.018154215067625046,0.01928272657096386,-6.310782432556152,0.004357792902737856,-44.8189697265625,-7.0,7.0,6.260482311248779,0.5430577397346497,0.6343803405761719,-0.4123215973377228,913
individual,22,carpet,36,3850,0.02503487467765808,0.04330899938941002,-5.980796813964844,0.004353366792201996,-38.94499588012695,-7.0,7.0,6.030787944793701,0.5094038844108582,0.7349333763122559,-0.4434632956981659,914
individual,22,carpet,37,3850,0.025873716920614243,0.030249839648604393,-6.295145034790039,0.00434894347563386,-38.68513870239258,-7.0,7.0,6.206873893737793,0.5393823385238647,0.7313746809959412,-0.4480802118778229,915
individual,22,carpet,38,3850,0.03706271946430206,0.044375017285346985,-6.232961654663086,0.00434452248737216,-43.46886444091797,-7.0,7.0,6.05496883392334,0.45175838470458984,0.6282362937927246,-0.42933496832847595,916
individual,22,carpet,39,3850,0.02739277295768261,0.05272442847490311,-6.264782428741455,0.004340103827416897,-40.05662155151367,-7.0,7.0,6.041942596435547,0.40152212977409363,0.6548218131065369,-0.4426731467247009,917
individual,22,carpet,40,3850,0.04790503531694412,0.0629485547542572,-5.961432456970215,0.00433568749576807,-41.592350006103516,-7.0,7.0,6.060935020446777,0.5420626401901245,0.7080512046813965,-0.47176453471183777,918
individual,22,carpet,41,3850,0.021713055670261383,0.03462255001068115,-6.135301113128662,0.0043312739580869675,-37.23420715332031,-7.0,7.0,6.163918495178223,0.5466856360435486,0.708951473236084,-0.4816887676715851,919
individual,22,carpet,42,3850,0.031051766127347946,0.02036489173769951,-6.3115363121032715,0.0043268646113574505,-39.288841247558594,-7.0,7.0,6.119177341461182,0.3930094838142395,0.6833419799804688,-0.48798003792762756,920
individual,22,carpet,43,3850,0.02302703633904457,0.032771848142147064,-6.307078838348389,0.00432245759293437,-32.628177642822266,-7.0,7.0,6.157086372375488,0.6132989525794983,0.6893346905708313,-0.46645885705947876,921
individual,22,carpet,44,3850,0.042365193367004395,0.035106875002384186,-6.312016010284424,0.00431805569678545,-33.347259521484375,-7.0,7.0,6.240860462188721,0.3784670829772949,0.7551836371421814,-0.52556973695755,922
individual,22,carpet,45,3850,0.010547300800681114,0.01438353955745697,-6.247331142425537,0.004313655663281679,-36.21638488769531,-7.0,7.0,6.187091827392578,0.3678591251373291,0.686131477355957,-0.49626368284225464,923
individual,22,carpet,46,3850,0.021617243066430092,0.021853413432836533,-6.148650169372559,0.004309260286390781,-36.102569580078125,-7.0,7.0,6.056811332702637,0.5612719058990479,0.7267523407936096,-0.5064120888710022,924
individual,22,carpet,47,3850,0.01886129379272461,0.021303001791238785,-6.308961868286133,0.004304869100451469,-33.6402587890625,-7.0,7.0,6.183049201965332,0.5425357222557068,0.7098978161811829,-0.4918856918811798,925
individual,22,carpet,48,3850,0.02982735075056553,0.047190431505441666,-6.243896961212158,0.004300480708479881,-36.98484802246094,-7.0,7.0,6.150109767913818,0.513958215713501,0.6658563613891602,-0.4922122061252594,926
individual,22,carpet,49,3850,0.022769175469875336,0.026592038571834564,-6.203815460205078,0.004296096507459879,-37.23649597167969,-7.0,7.0,6.16569709777832,0.5205672383308411,0.6936241984367371,-0.5032864212989807,927
individual,22,carpet,50,3850,0.07335072755813599,0.04861192777752876,-6.398592948913574,0.00429171696305275,-30.124692916870117,-7.0,7.0,6.294854164123535,0.6132504343986511,0.7836405634880066,-0.5342382192611694,928
population,22,carpet,1,3850,0.03185885027050972,0.024358579888939857,-5.879695892333984,0.004370547365397215,-24.884641647338867,-7.0,7.0,5.8575592041015625,0.4709042012691498,0.8878978490829468,-0.614173412322998,879
population,22,carpet,2,3850,0.02904427796602249,0.023771580308675766,-5.730952739715576,0.004366137553006411,-17.83699607849121,-7.0,7.0,5.794034004211426,0.4401107728481293,0.9829391241073608,-0.6532101631164551,880
population,22,carpet,3,3850,0.05096915736794472,0.06059051677584648,-5.769905090332031,0.004361728206276894,-20.445878982543945,-7.0,7.0,5.9057817459106445,0.44767045974731445,0.9818751215934753,-0.6602767109870911,881
population,22,carpet,4,3850,0.026932870969176292,0.021264418959617615,-6.082985877990723,0.004357318859547377,-15.714499473571777,-7.0,7.0,6.007419586181641,0.4550943970680237,0.9855952858924866,-0.660051167011261,882
population,22,carpet,5,3850,0.07367761433124542,0.0642361268401146,-6.22098445892334,0.004352910444140434,-17.084178924560547,-7.0,7.0,5.940207004547119,0.4481000006198883,1.0063294172286987,-0.6786789298057556,883
population,22,carpet,6,3850,0.02969779074192047,0.038987744599580765,-5.9605913162231445,0.004348503891378641,-14.677891731262207,-7.0,7.0,5.852438926696777,0.5645965933799744,1.0332595109939575,-0.6815924048423767,884
population,22,carpet,7,3850,0.04019106552004814,0.027656273916363716,-5.923069000244141,0.004344097804278135,-6.799704551696777,-7.0,7.0,5.956943511962891,0.5166106820106506,1.1138103008270264,-0.7215465903282166,885
population,22,carpet,8,3850,0.03910304233431816,0.05305372551083565,-5.915648460388184,0.004339694045484066,-17.142547607421875,-7.0,7.0,5.871352195739746,0.4663383364677429,0.9841395020484924,-0.714684009552002,886
population,22,carpet,9,3850,0.0449974425137043,0.05076586455106735,-6.039559841156006,0.004335292614996433,-14.84925651550293,-7.0,7.0,5.975098609924316,0.3949407637119293,0.9942565560340881,-0.7028805613517761,887
population,22,carpet,10,3850,0.06542540341615677,0.07101910561323166,-6.216793060302734,0.004330893978476524,-7.110809326171875,-7.0,7.0,5.902189254760742,0.49321693181991577,1.1280268430709839,-0.735495924949646,888
population,22,carpet,11,3850,0.05981540307402611,0.048986777663230896,-6.112995147705078,0.004326497204601765,-14.897848129272461,-7.0,7.0,5.994606018066406,0.5618724226951599,1.014771819114685,-0.7105913162231445,889
population,22,carpet,12,3850,0.03630535304546356,0.029299622401595116,-5.937155723571777,0.004322105553001165,-18.874956130981445,-7.0,7.0,5.922837734222412,0.46436089277267456,0.964732825756073,-0.6757569909095764,890
population,22,carpet,13,3850,0.04854951053857803,0.05655959993600845,-5.855681896209717,0.004317715764045715,-10.767646789550781,-7.0,7.0,5.827668190002441,0.6026921272277832,1.0192331075668335,-0.6681796908378601,891
population,22,carpet,14,3850,0.036139313131570816,0.025788651779294014,-6.181628227233887,0.004313328303396702,-15.965529441833496,-7.0,7.0,6.01139497756958,0.47105348110198975,0.9715808033943176,-0.6757864952087402,892
population,22,carpet,15,3850,0.03342585265636444,0.03906359523534775,-6.294687271118164,0.004308945499360561,-12.5282564163208,-7.0,7.0,6.057026386260986,0.5846385359764099,1.0156238079071045,-0.6840066313743591,893
population,22,carpet,16,3850,0.035827234387397766,0.037213508039712906,-6.172488689422607,0.004304565489292145,-17.282020568847656,-7.0,7.0,6.043006896972656,0.4441695511341095,0.9162877798080444,-0.674669623374939,894
population,22,carpet,17,3850,0.06228834390640259,0.052486855536699295,-6.15338659286499,0.004300189204514027,-18.21120834350586,-7.0,7.0,6.19658088684082,0.47789016366004944,0.9117017388343811,-0.6548843383789062,895
population,22,carpet,18,3850,0.02969537302851677,0.02456040307879448,-6.066462516784668,0.004295818042010069,-19.615535736083984,-7.0,7.0,5.973794937133789,0.39134928584098816,0.9355425238609314,-0.6619488596916199,896
population,22,carpet,19,3850,0.0299916323274374,0.024119295179843903,-6.092362880706787,0.00429144874215126,-15.171436309814453,-7.0,7.0,5.912003993988037,0.6154800653457642,1.0304484367370605,-0.6482533812522888,897
population,22,carpet,20,3850,0.029677003622055054,0.02672063559293747,-6.160196781158447,0.004287084098905325,-22.388927459716797,-7.0,7.0,6.103768348693848,0.4577060341835022,0.9592628479003906,-0.6450958847999573,898
population,22,carpet,21,3850,0.02283189818263054,0.01654391549527645,-6.185757160186768,0.004282724112272263,-12.46622371673584,-7.0,7.0,6.096847057342529,0.4606422185897827,1.0264954566955566,-0.6833036541938782,899
population,22,carpet,22,3850,0.020993033424019814,0.018881073221564293,-6.1743083000183105,0.004278368316590786,-15.002147674560547,-7.0,7.0,6.037224292755127,0.5975596308708191,1.0347492694854736,-0.6628149151802063,900
population,22,carpet,23,3850,0.03396495804190636,0.03755868598818779,-6.167016506195068,0.004274014849215746,-9.048698425292969,-7.0,7.0,6.0254926681518555,0.44893625378608704,1.1669820547103882,-0.7108649015426636,901
population,22,carpet,24,3850,0.043256085366010666,0.036574505269527435,-6.126836776733398,0.004269666038453579,-11.42098617553711,-7.0,7.0,5.999216556549072,0.5211305618286133,1.1272469758987427,-0.6615031361579895,902
population,22,carpet,25,3850,0.03188324719667435,0.026309138163924217,-6.302406311035156,0.004265455529093742,-3.7402658462524414,-7.0,7.0,6.085721015930176,0.5458009243011475,1.2273811101913452,-0.7058470845222473,903
population,22,carpet,26,3850,0.024929389357566833,0.02573348954319954,-6.272167682647705,0.004261235240846872,-5.794034481048584,-7.0,7.0,6.182308673858643,0.3933155834674835,1.152527093887329,-0.6868470907211304,904
population,22,carpet,27,3850,0.0354534387588501,0.032332006841897964,-6.086470603942871,0.004257007036358118,-10.735267639160156,-7.0,7.0,5.946761608123779,0.40051066875457764,1.0669406652450562,-0.642501711845398,905
population,22,carpet,28,3850,0.047926679253578186,0.04483382776379585,-6.187873363494873,0.004253036342561245,-2.1056101322174072,-7.0,7.0,6.079378128051758,0.48694276809692383,1.1545594930648804,-0.6611743569374084,906
population,22,carpet,29,3850,0.02345447987318039,0.024092942476272583,-6.300642490386963,0.004249713849276304,3.1502490043640137,-7.0,7.0,6.085912704467773,0.423044353723526,1.1914308071136475,-0.6731904149055481,907
population,22,carpet,30,3850,0.026123136281967163,0.025731157511472702,-6.454103946685791,0.004246292635798454,-7.812887668609619,-7.0,7.0,6.281620502471924,0.5533108115196228,1.113917589187622,-0.6448321342468262,908
population,22,carpet,31,3850,0.01197613775730133,0.015147892758250237,-6.226048469543457,0.004242782946676016,-6.439793586730957,-7.0,7.0,6.036548614501953,0.4583924114704132,1.16280996799469,-0.6400216817855835,909
population,22,carpet,32,3850,0.02514042519032955,0.024332931265234947,-6.370233535766602,0.004239351022988558,-3.4492533206939697,-7.0,7.0,6.1708760261535645,0.4105163812637329,1.2099429368972778,-0.6793674826622009,910
population,22,carpet,33,3850,0.01864619366824627,0.021397050470113754,-6.15207052230835,0.004235833417624235,-14.37165641784668,-7.0,7.0,6.037378787994385,0.2850451171398163,1.0873116254806519,-0.6255683302879333,911
population,22,carpet,34,3850,0.027076635509729385,0.026208091527223587,-6.26832914352417,0.004232237581163645,-7.862972259521484,-7.0,7.0,6.129814624786377,0.44658446311950684,1.1301524639129639,-0.6300398707389832,912
population,22,carpet,35,3850,0.016070328652858734,0.018429987132549286,-6.283881187438965,0.004228572361171246,-10.668416976928711,-7.0,7.0,6.080963611602783,0.483233243227005,1.165234923362732,-0.6379693150520325,913
population,22,carpet,36,3850,0.02004072815179825,0.015076869167387486,-6.184077262878418,0.004224845673888922,-7.2327117919921875,-7.0,7.0,6.062479496002197,0.5543601512908936,1.20185124874115,-0.6646799445152283,914
population,22,carpet,37,3850,0.031652167439460754,0.025783106684684753,-6.258063793182373,0.004221064038574696,-10.791715621948242,-7.0,7.0,6.062230110168457,0.5014714598655701,1.2203137874603271,-0.676584780216217,915
population,22,carpet,38,3850,0.014838635921478271,0.014168559573590755,-6.23951530456543,0.0042174141854047775,-3.119091510772705,-7.0,7.0,6.09438419342041,0.3247529864311218,1.17881178855896,-0.6822978258132935,916
population,22,carpet,39,3850,0.014245973899960518,0.016629528254270554,-6.275748252868652,0.004213701467961073,-9.072257041931152,-7.0,7.0,6.231288909912109,0.4758237600326538,1.1748079061508179,-0.6743126511573792,917
population,22,carpet,40,3850,0.018437717109918594,0.016358718276023865,-6.0672197341918945,0.004210337530821562,-0.2879685163497925,-7.0,7.0,5.93241548538208,0.6121309995651245,1.2935980558395386,-0.7280510663986206,918
population,22,carpet,41,3850,0.01589980721473694,0.018927624449133873,-6.154706954956055,0.0042070262134075165,-3.6152377128601074,-7.0,7.0,6.017797470092773,0.4034399688243866,1.241623878479004,-0.6866332292556763,919
population,22,carpet,42,3850,0.016924327239394188,0.015120766125619411,-6.385448455810547,0.004203619435429573,-7.247987747192383,-7.0,7.0,6.308115482330322,0.34472763538360596,1.16208815574646,-0.7296978831291199,920
population,22,carpet,43,3850,0.013171102851629257,0.014376930892467499,-6.149042129516602,0.004200134892016649,-5.362961769104004,-7.0,7.0,6.087017059326172,0.5043337345123291,1.166837453842163,-0.6932674050331116,921
population,22,carpet,44,3850,0.024193210527300835,0.02821470983326435,-6.301992893218994,0.004196935798972845,-0.8036928176879883,-7.0,7.0,6.304611682891846,0.4786030054092407,1.213898777961731,-0.7275549173355103,922
population,22,carpet,45,3850,0.02947932481765747,0.03743097186088562,-6.208858489990234,0.004194486886262894,8.605321884155273,-7.0,7.0,6.067022800445557,0.5341701507568359,1.319785475730896,-0.7376564145088196,923
population,22,carpet,46,3850,0.018195409327745438,0.023380829021334648,-6.3260955810546875,0.0041927131824195385,7.92418098449707,-7.0,7.0,6.154856204986572,0.5675901770591736,1.32997727394104,-0.7650380730628967,924
population,22,carpet,47,3850,0.026872875168919563,0.027543898671865463,-6.393216133117676,0.004190750420093536,-4.680362224578857,-7.0,7.0,6.3257246017456055,0.5635431408882141,1.1521632671356201,-0.726314127445221,925
population,22,carpet,48,3850,0.019130432978272438,0.015778109431266785,-6.305056571960449,0.0041886926628649235,-3.7302801609039307,-7.0,7.0,6.101890563964844,0.6302669048309326,1.2743951082229614,-0.7368303537368774,926
population,22,carpet,49,3850,0.022947417572140694,0.029753027483820915,-6.523171424865723,0.004186633974313736,-2.621161699295044,-7.0,7.0,6.416006088256836,0.4460412263870239,1.2218354940414429,-0.7383878827095032,927
population,22,carpet,50,3850,0.03650118410587311,0.041681136935949326,-6.575102806091309,0.004184354562312365,-6.906921863555908,-7.0,7.0,6.337310314178467,0.44836777448654175,1.1746126413345337,-0.7201109528541565,928
individual,23,carpet,1,4025,0.01443453598767519,0.015572035685181618,-6.285915851593018,0.004287341609597206,-40.77016830444336,-7.0,7.0,6.1259260177612305,0.44355612993240356,0.6278536915779114,-0.483733594417572,929
individual,23,carpet,2,4025,0.04202180355787277,0.030802827328443527,-6.229508399963379,0.0042829690501093864,-35.77938461303711,-7.0,7.0,6.210419178009033,0.595686674118042,0.7619829773902893,-0.5137490034103394,930
individual,23,carpet,3,4025,0.034520357847213745,0.036104507744312286,-6.3011040687561035,0.0042786006815731525,-33.236656188964844,-7.0,7.0,6.300603866577148,0.5632296204566956,0.7251210808753967,-0.5229372382164001,931
individual,23,carpet,4,4025,0.041292812675237656,0.024609578773379326,-6.493001461029053,0.004274236969649792,-33.0286865234375,-7.0,7.0,6.377060890197754,0.601404070854187,0.709801971912384,-0.5499716997146606,932
individual,23,carpet,5,4025,0.026164041832089424,0.02185176871716976,-6.236572265625,0.004269877914339304,-33.395530700683594,-7.0,7.0,6.112813949584961,0.5195387005805969,0.7840576171875,-0.5504741668701172,933
individual,23,carpet,6,4025,0.07815609127283096,0.04515378922224045,-6.236830711364746,0.004265523049980402,-32.10723114013672,-7.0,7.0,6.325992584228516,0.5507306456565857,0.7293592095375061,-0.5526743531227112,934
individual,23,carpet,7,4025,0.0410490483045578,0.04790186136960983,-6.44273042678833,0.004261172376573086,-32.99433898925781,-7.0,7.0,6.298014163970947,0.5405150055885315,0.7138710021972656,-0.5360514521598816,935
individual,23,carpet,8,4025,0.04543906822800636,0.017716042697429657,-6.454010009765625,0.004256826359778643,-31.342927932739258,-7.0,7.0,6.23678731918335,0.49283501505851746,0.7146695256233215,-0.5459047555923462,936
individual,23,carpet,9,4025,0.02280654013156891,0.02190539240837097,-6.292563438415527,0.004252484999597073,-34.52179718017578,-7.0,7.0,6.231037616729736,0.3848004639148712,0.6831112504005432,-0.5508679747581482,937
individual,23,carpet,10,4025,0.06471806764602661,0.03277497738599777,-6.069638252258301,0.004248147830367088,-26.34222412109375,-7.0,7.0,6.1395111083984375,0.5133055448532104,0.7487120628356934,-0.58116215467453,938
individual,23,carpet,11,4025,0.020305154845118523,0.020879600197076797,-6.35842752456665,0.00424381485208869,-33.435794830322266,-7.0,7.0,6.279228687286377,0.42074841260910034,0.7360196709632874,-0.585633397102356,939
individual,23,carpet,12,4025,0.06718440353870392,0.04013851284980774,-6.556936740875244,0.004239486530423164,-35.6417121887207,-7.0,7.0,6.311431407928467,0.44386059045791626,0.672882080078125,-0.5443980097770691,940
individual,23,carpet,13,4025,0.024473216384649277,0.021227048709988594,-6.264440536499023,0.004235162865370512,-24.75308609008789,-7.0,7.0,6.045708179473877,0.642871618270874,0.8223170638084412,-0.5957207083702087,941
individual,23,carpet,14,4025,0.04614848271012306,0.02069445513188839,-6.267111778259277,0.004230843391269445,-37.71095657348633,-7.0,7.0,6.2826972007751465,0.46635791659355164,0.6755886077880859,-0.5696917176246643,942
individual,23,carpet,15,4025,0.024279547855257988,0.018620235845446587,-6.332430839538574,0.004226528108119965,-32.93437194824219,-7.0,7.0,6.257821559906006,0.5749598145484924,0.7133727073669434,-0.5741071701049805,943
individual,23,carpet,16,4025,0.022793922573328018,0.01841190829873085,-6.341640949249268,0.004222217481583357,-35.64037322998047,-7.0,7.0,6.162629127502441,0.5707865953445435,0.7173125147819519,-0.5638319253921509,944
individual,23,carpet,17,4025,0.026265574619174004,0.020285293459892273,-6.453360080718994,0.004217911045998335,-36.924720764160156,-7.0,7.0,6.264715194702148,0.4966759979724884,0.6772869229316711,-0.5689558386802673,945
individual,23,carpet,18,4025,0.0314968004822731,0.027710355818271637,-6.399445056915283,0.004213609267026186,-24.760326385498047,-7.0,7.0,6.28692102432251,0.6671229004859924,0.818459153175354,-0.5909861326217651,946
individual,23,carpet,19,4025,0.024773355573415756,0.02416452020406723,-6.526412010192871,0.004209311679005623,-38.46025848388672,-7.0,7.0,6.329806804656982,0.39556771516799927,0.6288977265357971,-0.539983868598938,947
individual,23,carpet,20,4025,0.033442266285419464,0.032105982303619385,-6.470119953155518,0.004205018747597933,-24.4309024810791,-7.0,7.0,6.4104204177856445,0.581095814704895,0.8509659171104431,-0.6355738043785095,948
individual,23,carpet,21,4025,0.024949440732598305,0.024043040350079536,-6.441591262817383,0.0042007300071418285,-28.428735733032227,-7.0,7.0,6.366456031799316,0.5078898668289185,0.7803910374641418,-0.6342248320579529,949
individual,23,carpet,22,4025,0.023290397599339485,0.023281676694750786,-6.467426300048828,0.00419644545763731,-24.80695152282715,-7.0,7.0,6.255908489227295,0.39129582047462463,0.8428043723106384,-0.6876192092895508,950
individual,23,carpet,23,4025,0.019730396568775177,0.024488547816872597,-6.56760311126709,0.004192165564745665,-14.82838249206543,-7.0,7.0,6.395017147064209,0.5597766637802124,0.8896041512489319,-0.728101909160614,951
individual,23,carpet,24,4025,0.03271981328725815,0.029517024755477905,-6.426366806030273,0.004187889862805605,-16.967864990234375,-7.0,7.0,6.335265159606934,0.6624258160591125,0.923262894153595,-0.7433162331581116,952
individual,23,carpet,25,4025,0.03524109721183777,0.043042417615652084,-6.537762641906738,0.004183618817478418,-12.174154281616211,-7.0,7.0,6.539628982543945,0.45106855034828186,0.8988290429115295,-0.7790407538414001,953
individual,23,carpet,26,4025,0.029383189976215363,0.028320763260126114,-6.53118896484375,0.00417935149744153,-15.833455085754395,-7.0,7.0,6.4853081703186035,0.45432722568511963,0.894800066947937,-0.7494715452194214,954
individual,23,carpet,27,4025,0.07680276781320572,0.09700082987546921,-6.597131252288818,0.004175178706645966,-4.312207221984863,-7.0,7.0,6.231032848358154,0.7162190079689026,1.0349180698394775,-0.8289424777030945,955
individual,23,carpet,28,4025,0.018141714856028557,0.025317035615444183,-6.350735664367676,0.004171001724898815,-17.584331512451172,-7.0,7.0,6.236110687255859,0.6832250356674194,0.947708010673523,-0.7822625041007996,956
individual,23,carpet,29,4025,0.057704076170921326,0.06462308764457703,-6.321808815002441,0.004166821483522654,-20.38956069946289,-7.0,7.0,6.47336483001709,0.4161030054092407,0.856979489326477,-0.7196170687675476,957
individual,23,carpet,30,4025,0.026969563215970993,0.03449423611164093,-6.498877048492432,0.0041626570746302605,-5.208662986755371,-7.0,7.0,6.528606414794922,0.4730985462665558,1.0517876148223877,-0.8167514801025391,958
individual,23,carpet,31,4025,0.06005414202809334,0.04860091209411621,-6.6737847328186035,0.004158488940447569,-13.912875175476074,-7.0,7.0,6.406882286071777,0.6472930312156677,0.9477126002311707,-0.7289815545082092,959
individual,23,carpet,32,4025,0.02815193310379982,0.04667485132813454,-6.478732585906982,0.0041543166153132915,-22.305587768554688,-7.0,7.0,6.377693176269531,0.3857609033584595,0.8281025886535645,-0.6768774390220642,960
individual,23,carpet,33,4025,0.045409880578517914,0.03521258756518364,-6.441422939300537,0.004150142893195152,-26.73754119873047,-7.0,7.0,6.5306901931762695,0.5329927802085876,0.8326392769813538,-0.6632924675941467,961
individual,23,carpet,34,4025,0.03670533373951912,0.04672027751803398,-6.467716217041016,0.004145967774093151,-16.996780395507812,-7.0,7.0,6.5042724609375,0.6872607469558716,0.9266067147254944,-0.6860188245773315,962
individual,23,carpet,35,4025,0.05095569044351578,0.048010580241680145,-6.811244964599609,0.004141790326684713,-36.022193908691406,-7.0,7.0,6.646213054656982,0.48453739285469055,0.6792030930519104,-0.5823623538017273,963
individual,23,carpet,36,4025,0.023524079471826553,0.03994698077440262,-6.780611991882324,0.004137611482292414,-30.99979591369629,-7.0,7.0,6.59979772567749,0.6527324914932251,0.7330611944198608,-0.5617980360984802,964
individual,23,carpet,37,4025,0.05127870291471481,0.04676882550120354,-6.43302059173584,0.004133433103561401,-32.555091857910156,-7.0,7.0,6.436391830444336,0.5210257172584534,0.6893714666366577,-0.5656698942184448,965
individual,23,carpet,38,4025,0.023669537156820297,0.024078618735074997,-6.539459705352783,0.004129254724830389,-33.108009338378906,-7.0,7.0,6.505721092224121,0.5526060461997986,0.6803478598594666,-0.530834972858429,966
individual,23,carpet,39,4025,0.020750239491462708,0.0200026985257864,-6.425393104553223,0.004125076811760664,-43.864810943603516,-7.0,7.0,6.336679935455322,0.49277666211128235,0.621536374092102,-0.4756614565849304,967
individual,23,carpet,40,4025,0.028492284938693047,0.03155896067619324,-6.723116874694824,0.004120900761336088,-37.32568359375,-7.0,7.0,6.592655181884766,0.6366435885429382,0.6988521814346313,-0.4968128502368927,968
individual,23,carpet,41,4025,0.03594158589839935,0.03596995025873184,-6.498410224914551,0.0041167251765728,-40.720252990722656,-7.0,7.0,6.5105204582214355,0.49695709347724915,0.580126166343689,-0.4467834532260895,969
individual,23,carpet,42,4025,0.02403412014245987,0.02218938246369362,-6.689500331878662,0.004112552385777235,-35.69801330566406,-7.0,7.0,6.668509483337402,0.4918628931045532,0.7082951664924622,-0.5033684372901917,970
individual,23,carpet,43,4025,0.02698410674929619,0.020405372604727745,-6.520604133605957,0.00410838145762682,-30.56831932067871,-7.0,7.0,6.414595603942871,0.5485566258430481,0.7061306834220886,-0.4982042908668518,971
individual,23,carpet,44,4025,0.035788532346487045,0.02983740344643593,-6.652260780334473,0.004104212392121553,-31.335922241210938,-7.0,7.0,6.542702674865723,0.4542202055454254,0.7514129877090454,-0.4981609284877777,972
individual,23,carpet,45,4025,0.020941520109772682,0.023341797292232513,-6.481231212615967,0.004100046120584011,-23.937969207763672,-7.0,7.0,6.37709379196167,0.6478593945503235,0.787195086479187,-0.5224691033363342,973
individual,23,carpet,46,4025,0.06551545858383179,0.043053582310676575,-6.555978298187256,0.004095882177352905,-16.79528045654297,-7.0,7.0,6.560673713684082,0.5589215159416199,0.9433521628379822,-0.5544617772102356,974
individual,23,carpet,47,4025,0.017280569300055504,0.021535610780119896,-6.644604206085205,0.004091720096766949,-28.772363662719727,-7.0,7.0,6.5231428146362305,0.39292168617248535,0.7542943358421326,-0.50197833776474,975
individual,23,carpet,48,4025,0.043382562696933746,0.023353472352027893,-6.63981819152832,0.004087560810148716,-29.335329055786133,-7.0,7.0,6.412915229797363,0.5802263617515564,0.8270686268806458,-0.5087071657180786,976
individual,23,carpet,49,4025,0.025829458609223366,0.03444860875606537,-6.637540817260742,0.004083405248820782,-21.047874450683594,-7.0,7.0,6.444880962371826,0.6389983892440796,0.9404467940330505,-0.5633190274238586,977
individual,23,carpet,50,4025,0.049056097865104675,0.0310604777187109,-6.547812461853027,0.004079252481460571,-29.19744110107422,-7.0,7.0,6.483434200286865,0.48699724674224854,0.8259181976318359,-0.5266479253768921,978
population,23,carpet,1,4025,0.02184305153787136,0.031603872776031494,-6.532026290893555,0.004182543605566025,3.0765786170959473,-7.0,7.0,6.2394819259643555,0.4871481657028198,1.3037536144256592,-0.7612126469612122,929
population,23,carpet,2,4025,0.03437182679772377,0.03964386507868767,-6.3938374519348145,0.004181343130767345,6.228524208068848,-7.0,7.0,6.22790002822876,0.47889041900634766,1.2896052598953247,-0.754034698009491,930
population,23,carpet,3,4025,0.025342922657728195,0.0439157709479332,-6.313283920288086,0.004179833922535181,-7.33251953125,-7.0,7.0,6.335784435272217,0.4655303657054901,1.1104718446731567,-0.7118315100669861,931
population,23,carpet,4,4025,0.03289249911904335,0.033184587955474854,-6.377052307128906,0.004178048577159643,-11.468465805053711,-7.0,7.0,6.136767864227295,0.5220000743865967,1.1258821487426758,-0.7029613852500916,932
population,23,carpet,5,4025,0.015368134714663029,0.02270001731812954,-6.5923662185668945,0.004176032729446888,-5.2366533279418945,-7.0,7.0,6.365644931793213,0.563922643661499,1.219215750694275,-0.7465663552284241,933
population,23,carpet,6,4025,0.05048711970448494,0.04780054837465286,-6.531299114227295,0.004173898603767157,-4.108622074127197,-7.0,7.0,6.322692394256592,0.48577871918678284,1.303406000137329,-0.7549970746040344,934
population,23,carpet,7,4025,0.036967817693948746,0.038451530039310455,-6.371029376983643,0.004171626642346382,-4.505613327026367,-7.0,7.0,6.305339813232422,0.5113637447357178,1.207470178604126,-0.7451080679893494,935
population,23,carpet,8,4025,0.01751306653022766,0.01414672564715147,-6.384915828704834,0.004169641528278589,0.779612123966217,-7.0,7.0,6.187267303466797,0.6966323256492615,1.34767746925354,-0.755159318447113,936
population,23,carpet,9,4025,0.01952369324862957,0.01874740794301033,-6.3525238037109375,0.004167427308857441,-8.64786148071289,-7.0,7.0,6.239957809448242,0.46087753772735596,1.1516497135162354,-0.7447605133056641,937
population,23,carpet,10,4025,0.026917094364762306,0.028980296105146408,-6.387685775756836,0.004165454767644405,0.25043296813964844,-7.0,7.0,6.242790222167969,0.8053643107414246,1.299943208694458,-0.7625368237495422,938
population,23,carpet,11,4025,0.02878730371594429,0.031133830547332764,-6.451191425323486,0.004163252655416727,-9.873017311096191,-7.0,7.0,6.412344932556152,0.5104137659072876,1.1722418069839478,-0.7650923132896423,939
population,23,carpet,12,4025,0.027742275968194008,0.026187358424067497,-6.300705909729004,0.004161418415606022,1.9039593935012817,-7.0,7.0,6.1486053466796875,0.575029730796814,1.2331024408340454,-0.7639157176017761,940
population,23,carpet,13,4025,0.028227126225829124,0.028497232124209404,-6.5426836013793945,0.004159615375101566,-1.9585870504379272,-7.0,7.0,6.406502723693848,0.5754759311676025,1.220356822013855,-0.7234336137771606,941
population,23,carpet,14,4025,0.03218444064259529,0.029026512056589127,-6.559309482574463,0.00415841955691576,6.622659683227539,-7.0,7.0,6.353203773498535,0.5844610929489136,1.3429032564163208,-0.7757241129875183,942
population,23,carpet,15,4025,0.029757441952824593,0.034516334533691406,-6.529192924499512,0.004157348535954952,0.0801219642162323,-7.0,7.0,6.432794094085693,0.5856568813323975,1.2382066249847412,-0.7813506722450256,943
population,23,carpet,16,4025,0.0300697460770607,0.02607981115579605,-6.4258904457092285,0.004155957140028477,-10.526505470275879,-7.0,7.0,6.2901201248168945,0.5064740180969238,1.1818534135818481,-0.7432588338851929,944
population,23,carpet,17,4025,0.020916344597935677,0.027760988101363182,-6.50092887878418,0.004154279362410307,-10.286413192749023,-7.0,7.0,6.384860038757324,0.41993775963783264,1.1351580619812012,-0.7489565014839172,945
population,23,carpet,18,4025,0.04087452217936516,0.04763583466410637,-6.428006172180176,0.004152846988290548,1.0301728248596191,-7.0,7.0,6.380422592163086,0.4641955494880676,1.2778456211090088,-0.7486985921859741,946
population,23,carpet,19,4025,0.03904617205262184,0.04253862053155899,-6.2287678718566895,0.004151708912104368,1.9130362272262573,-7.0,7.0,6.1425886154174805,0.7277556657791138,1.2547318935394287,-0.7587220072746277,947
population,23,carpet,20,4025,0.03151122108101845,0.033495619893074036,-6.674417972564697,0.00415074871852994,0.840438723564148,-7.0,7.0,6.463059425354004,0.4198298454284668,1.2655632495880127,-0.7800017595291138,948
population,23,carpet,21,4025,0.04694143310189247,0.04710165411233902,-6.760561943054199,0.004150097724050283,2.740891933441162,-7.0,7.0,6.427850246429443,0.4408981204032898,1.329405665397644,-0.7793394327163696,949
population,23,carpet,22,4025,0.049726877361536026,0.04094896838068962,-6.418848991394043,0.004149401094764471,-1.4293162822723389,-7.0,7.0,6.351071834564209,0.6115056872367859,1.2535735368728638,-0.7800623178482056,950
population,23,carpet,23,4025,0.02182205393910408,0.026869293302297592,-6.423041820526123,0.004149201326072216,18.081323623657227,-7.0,7.0,6.344494819641113,0.4537438452243805,1.5400043725967407,-0.8652453422546387,951
population,23,carpet,24,4025,0.03277404606342316,0.045534711331129074,-6.364471912384033,0.004148975480347872,-0.5848682522773743,-7.0,7.0,6.320021629333496,0.6015465259552002,1.293821930885315,-0.7772497534751892,952
population,23,carpet,25,4025,0.03261351212859154,0.028774293139576912,-6.729196548461914,0.004149043001234531,3.4389092922210693,-7.0,7.0,6.414270877838135,0.322976291179657,1.4141954183578491,-0.7872995138168335,953
population,23,carpet,26,4025,0.030372589826583862,0.04135705530643463,-6.830347537994385,0.004149531479924917,7.810168266296387,-7.0,7.0,6.542757987976074,0.570252001285553,1.420742154121399,-0.8091389536857605,954
population,23,carpet,27,4025,0.038859106600284576,0.030084451660513878,-6.543999195098877,0.004149955231696367,-0.2077675461769104,-7.0,7.0,6.511981010437012,0.5416412949562073,1.3260653018951416,-0.7757577300071716,955
population,23,carpet,28,4025,0.034932807087898254,0.04743902385234833,-6.503620147705078,0.004149907734245062,-5.695556163787842,-7.0,7.0,6.439006328582764,0.596396803855896,1.2561752796173096,-0.7652714848518372,956
population,23,carpet,29,4025,0.035046208649873734,0.0275166854262352,-6.620520114898682,0.00414996687322855,1.310054063796997,-7.0,7.0,6.411055564880371,0.36377960443496704,1.3132076263427734,-0.7507953643798828,957
population,23,carpet,30,4025,0.02597499080002308,0.02756245620548725,-6.759332656860352,0.004149982705712318,-0.4753493070602417,-7.0,7.0,6.496918678283691,0.28259122371673584,1.3372005224227905,-0.7369691133499146,958
population,23,carpet,31,4025,0.018535466864705086,0.019817842170596123,-6.6127214431762695,0.004150283522903919,3.6407253742218018,-7.0,7.0,6.452048301696777,0.637255072593689,1.337869644165039,-0.7836855053901672,959
population,23,carpet,32,4025,0.026549512520432472,0.027172308415174484,-6.315445899963379,0.004150764551013708,2.6661195755004883,-7.0,7.0,6.150761127471924,0.6634511351585388,1.3328901529312134,-0.7687012553215027,960
population,23,carpet,33,4025,0.02084052562713623,0.02575679123401642,-6.556708335876465,0.004150766413658857,-8.241384506225586,-7.0,7.0,6.457021236419678,0.6032201647758484,1.1597472429275513,-0.7518399357795715,961
population,23,carpet,34,4025,0.016520608216524124,0.018626663833856583,-6.580348968505859,0.00415033707395196,-6.834824562072754,-7.0,7.0,6.3706488609313965,0.6100634336471558,1.2279995679855347,-0.7178834080696106,962
population,23,carpet,35,4025,0.024957777932286263,0.027758687734603882,-6.64213752746582,0.004149974789470434,0.31776440143585205,-7.0,7.0,6.3539347648620605,0.5530935525894165,1.2185766696929932,-0.7894864082336426,963
population,23,carpet,36,4025,0.030900606885552406,0.027491610497236252,-6.705706596374512,0.004149599000811577,-0.6311637163162231,-7.0,7.0,6.553711414337158,0.5838964581489563,1.2366641759872437,-0.8105403184890747,964
population,23,carpet,37,4025,0.020942993462085724,0.021886169910430908,-6.753705978393555,0.0041491081938147545,-1.9404863119125366,-7.0,7.0,6.537389278411865,0.43112388253211975,1.234517216682434,-0.796174168586731,965
population,23,carpet,38,4025,0.024772245436906815,0.03349626809358597,-6.520880222320557,0.0041483426466584206,-4.123570442199707,-7.0,7.0,6.348737716674805,0.6557407379150391,1.149267554283142,-0.7731223106384277,966
population,23,carpet,39,4025,0.025501832365989685,0.029020071029663086,-6.576761245727539,0.0041472213342785835,-9.30000114440918,-7.0,7.0,6.4273834228515625,0.5805175304412842,1.0838537216186523,-0.7321291565895081,967
population,23,carpet,40,4025,0.03315066173672676,0.023947199806571007,-6.616705894470215,0.004146020859479904,-2.4374935626983643,-7.0,7.0,6.501707553863525,0.5856042504310608,1.2279165983200073,-0.7940868735313416,968
population,23,carpet,41,4025,0.037129778414964676,0.04280347377061844,-6.799289703369141,0.004144508857280016,-7.5046820640563965,-7.0,7.0,6.685187816619873,0.5101654529571533,1.1654341220855713,-0.7558299899101257,969
population,23,carpet,42,4025,0.04641055688261986,0.03572174161672592,-6.757925033569336,0.004142902325838804,-3.11257004737854,-7.0,7.0,6.450376987457275,0.6774998307228088,1.1800774335861206,-0.775835394859314,970
population,23,carpet,43,4025,0.018878111615777016,0.023826830089092255,-6.536102771759033,0.0041417768225073814,4.072646617889404,-7.0,7.0,6.439379692077637,0.4454551637172699,1.3242765665054321,-0.8569301962852478,971
population,23,carpet,44,4025,0.041223444044589996,0.030722178518772125,-6.473535537719727,0.004140722099691629,-0.5353933572769165,-7.0,7.0,6.501789093017578,0.5779173970222473,1.1546846628189087,-0.753467857837677,972
population,23,carpet,45,4025,0.03732961788773537,0.03632029518485069,-6.455071449279785,0.004139340482652187,-17.10883331298828,-7.0,7.0,6.503277778625488,0.5194231867790222,1.0460158586502075,-0.7137673497200012,973
population,23,carpet,46,4025,0.05286931246519089,0.039212338626384735,-7.027334213256836,0.004137666895985603,-12.812870025634766,-7.0,7.0,6.804826259613037,0.4390569031238556,1.0915931463241577,-0.7416046261787415,974
population,23,carpet,47,4025,0.028683925047516823,0.03035058081150055,-6.793989658355713,0.004135729745030403,-11.721491813659668,-7.0,7.0,6.545858860015869,0.5494282245635986,1.0669341087341309,-0.7396616339683533,975
population,23,carpet,48,4025,0.041540272533893585,0.028715752065181732,-6.73040246963501,0.004133556969463825,-15.763031005859375,-7.0,7.0,6.695792198181152,0.49295422434806824,1.1065418720245361,-0.7037280201911926,976
population,23,carpet,49,4025,0.06079006940126419,0.05120475962758064,-6.711336612701416,0.00413117092102766,-15.174725532531738,-7.0,7.0,6.6699137687683105,0.6323465704917908,1.0713943243026733,-0.7186126708984375,977
population,23,carpet,50,4025,0.06648841500282288,0.04797167330980301,-6.877317905426025,0.004128594882786274,-15.524928092956543,-7.0,7.0,6.487796783447266,0.4739105701446533,1.0928069353103638,-0.6991618871688843,978
individual,24,carpet,1,4200,0.024173766374588013,0.027597298845648766,-6.44819974899292,0.004075103439390659,-18.8431339263916,-7.0,7.0,6.377303123474121,0.7144363522529602,0.8902130722999573,-0.5684323906898499,979
individual,24,carpet,2,4200,0.022469203919172287,0.016623511910438538,-6.525047302246094,0.004070957191288471,-20.52350425720215,-7.0,7.0,6.439602375030518,0.6061913967132568,0.9392773509025574,-0.6032282114028931,980
individual,24,carpet,3,4200,0.03352438285946846,0.03228284418582916,-6.652020454406738,0.004066814668476582,-22.075580596923828,-7.0,7.0,6.485472679138184,0.46225741505622864,0.986038863658905,-0.6140890121459961,981
individual,24,carpet,4,4200,0.04414897412061691,0.02927882969379425,-6.467004776000977,0.004062676802277565,-17.6674861907959,-7.0,7.0,6.5221452713012695,0.5748136043548584,0.987613320350647,-0.6042395234107971,982
individual,24,carpet,5,4200,0.03547338768839836,0.027900733053684235,-6.550943374633789,0.004058540798723698,-6.241298675537109,-7.0,7.0,6.507928848266602,0.6294732689857483,1.0687378644943237,-0.666831374168396,983
individual,24,carpet,6,4200,0.03412844240665436,0.03132719546556473,-6.708359241485596,0.004054408986121416,-12.489206314086914,-7.0,7.0,6.644071578979492,0.42388612031936646,1.0658433437347412,-0.658421516418457,984
individual,24,carpet,7,4200,0.027651824057102203,0.014849027618765831,-6.717050552368164,0.004050281830132008,-12.246003150939941,-7.0,7.0,6.502235412597656,0.5766963958740234,1.0685656070709229,-0.6390808820724487,985
individual,24,carpet,8,4200,0.02002374827861786,0.024545686319470406,-6.612621784210205,0.004046158399432898,-23.55161476135254,-7.0,7.0,6.575011253356934,0.4610515534877777,0.9718816876411438,-0.5837935209274292,986
individual,24,carpet,9,4200,0.05250920355319977,0.03667917847633362,-6.680372714996338,0.004042039625346661,-20.212453842163086,-7.0,7.0,6.776865005493164,0.4808046221733093,0.9221431612968445,-0.5858238935470581,987
individual,24,carpet,10,4200,0.03660792112350464,0.035369109362363815,-6.704917907714844,0.004037922713905573,-8.112194061279297,-7.0,7.0,6.588640213012695,0.7110490202903748,1.1106514930725098,-0.6448065638542175,988
individual,24,carpet,11,4200,0.055303722620010376,0.04816337302327156,-6.828691482543945,0.004033810459077358,-13.890165328979492,-7.0,7.0,6.60863733291626,0.5242370367050171,1.0272157192230225,-0.6826629638671875,989
individual,24,carpet,12,4200,0.02949639968574047,0.04375752806663513,-6.83890438079834,0.004029701929539442,-10.229789733886719,-7.0,7.0,6.514253616333008,0.6679086089134216,1.1496871709823608,-0.6701177358627319,990
individual,24,carpet,13,4200,0.046865709125995636,0.0357438288629055,-6.51466703414917,0.004025597590953112,-10.566641807556152,-7.0,7.0,6.463754653930664,0.6871073842048645,1.0380182266235352,-0.6875839829444885,991
individual,24,carpet,14,4200,0.03207959607243538,0.03562331572175026,-6.683460235595703,0.0040216585621237755,-3.326568603515625,-7.0,7.0,6.577938079833984,0.6820155382156372,1.1943597793579102,-0.7121801376342773,992
individual,24,carpet,15,4200,0.04478849098086357,0.04387250542640686,-6.71816349029541,0.004018074367195368,-0.5261756181716919,-7.0,7.0,6.64343786239624,0.5164673924446106,1.1957471370697021,-0.7012426257133484,993
individual,24,carpet,16,4200,0.05659744143486023,0.05297940596938133,-6.825128555297852,0.004014441277831793,-13.481393814086914,-7.0,7.0,6.564171314239502,0.5407722592353821,1.0279178619384766,-0.6501432657241821,994
individual,24,carpet,17,4200,0.030629590153694153,0.02483038231730461,-6.652950286865234,0.004010765813291073,-10.392511367797852,-7.0,7.0,6.628763198852539,0.6135619282722473,1.1175802946090698,-0.6634586453437805,995
individual,24,carpet,18,4200,0.04918888956308365,0.04614199697971344,-6.61277961730957,0.004007051698863506,-7.533670425415039,-7.0,7.0,6.670386791229248,0.5418450832366943,1.1330779790878296,-0.6647265553474426,996
individual,24,carpet,19,4200,0.032646048814058304,0.04132583737373352,-6.663852214813232,0.004003302659839392,-15.754451751708984,-7.0,7.0,6.681277751922607,0.5395503640174866,1.023187518119812,-0.6348077058792114,997
individual,24,carpet,20,4200,0.04974459856748581,0.0534169040620327,-6.804196834564209,0.003999524749815464,-23.116451263427734,-7.0,7.0,6.641948699951172,0.7532285451889038,0.960237979888916,-0.5710356831550598,998
individual,24,carpet,21,4200,0.01949595846235752,0.021614953875541687,-6.713767051696777,0.0039957198314368725,-28.113300323486328,-7.0,7.0,6.569949150085449,0.652080774307251,0.8814558386802673,-0.541876494884491,999
individual,24,carpet,22,4200,0.030280103906989098,0.03246761113405228,-6.607950687408447,0.003991890233010054,-32.424102783203125,-7.0,7.0,6.523290157318115,0.6107936501502991,0.887730062007904,-0.5202941298484802,1000
individual,24,carpet,23,4200,0.040272898972034454,0.047020748257637024,-6.596100807189941,0.003988039214164019,-27.00443458557129,-7.0,7.0,6.608086585998535,0.5789865851402283,0.8790021538734436,-0.5107539892196655,1001
individual,24,carpet,24,4200,0.015660760924220085,0.013492710888385773,-6.906932830810547,0.0039841714315116405,-25.692459106445312,-7.0,7.0,6.795475006103516,0.581889808177948,0.9009042978286743,-0.5242226719856262,1002
individual,24,carpet,25,4200,0.03754672408103943,0.04894183576107025,-6.802371501922607,0.003980286419391632,-31.2879638671875,-7.0,7.0,6.604606628417969,0.6588912010192871,0.7711625695228577,-0.4811983108520508,1003
individual,24,carpet,26,4200,0.024612000212073326,0.020582199096679688,-6.902042865753174,0.003976387903094292,-25.53999137878418,-7.0,7.0,6.722984313964844,0.611966609954834,0.9076476693153381,-0.4968738853931427,1004
individual,24,carpet,27,4200,0.03989917412400246,0.05907612666487694,-6.811892986297607,0.003972476348280907,-27.57679557800293,-7.0,7.0,6.842841625213623,0.41781091690063477,0.8007281422615051,-0.462418794631958,1005
individual,24,carpet,28,4200,0.03244451433420181,0.03568292036652565,-6.681258201599121,0.0039685554802417755,-30.23126983642578,-7.0,7.0,6.598525524139404,0.5792659521102905,0.8170353174209595,-0.48545846343040466,1006
individual,24,carpet,29,4200,0.04453273490071297,0.05095665529370308,-6.778687000274658,0.003964624833315611,-34.884918212890625,-7.0,7.0,6.622830867767334,0.5887616872787476,0.6846686601638794,-0.43467018008232117,1007
individual,24,carpet,30,4200,0.03323144093155861,0.03873749449849129,-7.004251480102539,0.003960687201470137,-31.18266487121582,-7.0,7.0,6.770974636077881,0.5486294627189636,0.8016424179077148,-0.4787836968898773,1008
individual,24,carpet,31,4200,0.03880978003144264,0.04397621378302574,-6.673954963684082,0.0039567421190440655,-32.62767791748047,-7.0,7.0,6.6740031242370605,0.5970773100852966,0.7319217920303345,-0.4589884579181671,1009
individual,24,carpet,32,4200,0.031131669878959656,0.04471179097890854,-6.799962043762207,0.003952791448682547,-31.437210083007812,-7.0,7.0,6.781237602233887,0.6064358949661255,0.791088879108429,-0.49335241317749023,1010
individual,24,carpet,33,4200,0.03444388136267662,0.035161517560482025,-6.846672058105469,0.003948837053030729,-29.24349021911621,-7.0,7.0,6.681764602661133,0.5308533906936646,0.8322800993919373,-0.5023067593574524,1011
individual,24,carpet,34,4200,0.03836379945278168,0.038160890340805054,-6.92454195022583,0.0039448789320886135,-28.79393768310547,-7.0,7.0,6.7956037521362305,0.6312028169631958,0.7917612195014954,-0.5043655037879944,1012
individual,24,carpet,35,4200,0.022495219483971596,0.023649385198950768,-6.927111625671387,0.003940917551517487,-28.30154800415039,-7.0,7.0,6.797948837280273,0.5385933518409729,0.8425633311271667,-0.5322864651679993,1013
individual,24,carpet,36,4200,0.026494845747947693,0.027641914784908295,-6.876842498779297,0.003936954773962498,-37.213706970214844,-7.0,7.0,6.755405426025391,0.523478627204895,0.7216290235519409,-0.5071684122085571,1014
individual,24,carpet,37,4200,0.02981504797935486,0.036663446575403214,-6.766407012939453,0.00393299013376236,-31.651443481445312,-7.0,7.0,6.727601528167725,0.527459979057312,0.7654586434364319,-0.5126457810401917,1015
individual,24,carpet,38,4200,0.03700518608093262,0.03762361407279968,-6.888298988342285,0.0039290254935622215,-30.440017700195312,-7.0,7.0,6.818282604217529,0.4498453140258789,0.7978976368904114,-0.5378361344337463,1016
individual,24,carpet,39,4200,0.0377107709646225,0.03865295648574829,-6.834381103515625,0.0039250594563782215,-23.30495834350586,-7.0,7.0,6.744868278503418,0.4627222716808319,0.8339545130729675,-0.5495392084121704,1017
individual,24,carpet,40,4200,0.02492881566286087,0.028855159878730774,-7.121795654296875,0.0039210934191942215,-20.06131362915039,-7.0,7.0,6.9297990798950195,0.6647535562515259,0.8341959714889526,-0.5772501826286316,1018
individual,24,carpet,41,4200,0.016899442300200462,0.016552399843931198,-6.971573829650879,0.003917127847671509,-19.486297607421875,-7.0,7.0,6.844826698303223,0.6563934087753296,0.861804187297821,-0.620643138885498,1019
individual,24,carpet,42,4200,0.03511390462517738,0.05038471519947052,-6.842019557952881,0.003913164604455233,-22.539016723632812,-7.0,7.0,6.823875904083252,0.7607558965682983,0.8862654566764832,-0.5990573167800903,1020
individual,24,carpet,43,4200,0.03201683238148689,0.03473301976919174,-6.936717510223389,0.0039092013612389565,-15.87312126159668,-7.0,7.0,6.795130252838135,0.5859495401382446,0.9137179255485535,-0.6387682557106018,1021
individual,24,carpet,44,4200,0.043401576578617096,0.0512552447617054,-7.154927730560303,0.003905240446329117,-22.811904907226562,-7.0,7.0,6.937723636627197,0.7075402736663818,0.8477986454963684,-0.6960689425468445,1022
individual,24,carpet,45,4200,0.02620004490017891,0.02286757156252861,-7.073559761047363,0.00390128162689507,-21.673458099365234,-7.0,7.0,6.974636554718018,0.45122838020324707,0.8233514428138733,-0.72121661901474,1023
individual,24,carpet,46,4200,0.0534314289689064,0.05699070543050766,-7.039766311645508,0.00389732513576746,-11.641317367553711,-7.0,7.0,7.033070087432861,0.5392550826072693,0.9398359656333923,-0.6975578665733337,1024
individual,24,carpet,47,4200,0.023823043331503868,0.030751200392842293,-6.91002082824707,0.003893370507284999,-11.741427421569824,-7.0,7.0,6.653186798095703,0.5514731407165527,0.9451307654380798,-0.7263332605361938,1025
individual,24,carpet,48,4200,0.02919789031147957,0.03235587105154991,-7.162449359893799,0.0038894182071089745,-10.771137237548828,-7.0,7.0,7.059074878692627,0.5689943432807922,0.9488330483436584,-0.7984151244163513,1026
individual,24,carpet,49,4200,0.036927901208400726,0.033275943249464035,-7.039877414703369,0.003885579062625766,-3.956550121307373,-7.0,7.0,6.882380962371826,0.5880987644195557,1.0846598148345947,-0.8111845254898071,1027
individual,24,carpet,50,4200,0.02903670258820057,0.03015018068253994,-6.9587626457214355,0.003882234450429678,1.5322446823120117,-7.0,7.0,6.879175662994385,0.784843921661377,1.2059487104415894,-0.8649422526359558,1028
population,24,carpet,1,4200,0.05299004912376404,0.035527460277080536,-6.888826847076416,0.004125847946852446,-20.170879364013672,-7.0,7.0,6.580092906951904,0.5363835096359253,0.9778257608413696,-0.6812871694564819,979
population,24,carpet,2,4200,0.057782500982284546,0.0346965491771698,-6.583644866943359,0.004122946877032518,-19.50834846496582,-7.0,7.0,6.500805854797363,0.7193436622619629,1.0298022031784058,-0.6887310743331909,980
population,24,carpet,3,4200,0.08064306527376175,0.04553702101111412,-6.756741523742676,0.004119908437132835,-19.049278259277344,-7.0,7.0,6.715590000152588,0.5770819187164307,0.9936146140098572,-0.7167523503303528,981
population,24,carpet,4,4200,0.07424093037843704,0.05150602385401726,-7.048649311065674,0.004116748925298452,-10.07956600189209,-7.0,7.0,6.744174480438232,0.6055430173873901,1.1343506574630737,-0.7137604355812073,982
population,24,carpet,5,4200,0.058546122163534164,0.03753861412405968,-6.93332052230835,0.004113478120416403,-8.001075744628906,-7.0,7.0,6.550830364227295,0.5319725871086121,1.1149256229400635,-0.7589174509048462,983
population,24,carpet,6,4200,0.037223026156425476,0.02957398258149624,-6.810781478881836,0.004110775887966156,3.085256576538086,-7.0,7.0,6.62598991394043,0.6037039756774902,1.2742854356765747,-0.8113282918930054,984
population,24,carpet,7,4200,0.05569791793823242,0.04586949944496155,-6.731550693511963,0.004108032677322626,-3.9866228103637695,-7.0,7.0,6.6007399559021,0.513083279132843,1.2346575260162354,-0.8133988976478577,985
population,24,carpet,8,4200,0.030727064236998558,0.025729486718773842,-7.027345657348633,0.004105645231902599,1.048203945159912,-7.0,7.0,6.83268404006958,0.5005394220352173,1.2833068370819092,-0.8419952988624573,986
population,24,carpet,9,4200,0.03161165863275528,0.026451829820871353,-6.909680366516113,0.0041030696593225,-7.33359432220459,-7.0,7.0,6.708729267120361,0.5245921015739441,1.1742781400680542,-0.8547791242599487,987
population,24,carpet,10,4200,0.04091891646385193,0.03653385117650032,-6.944272041320801,0.004101182334125042,9.292684555053711,-7.0,7.0,6.950748920440674,0.48156264424324036,1.3541756868362427,-0.895684540271759,988
population,24,carpet,11,4200,0.04551830515265465,0.04391193389892578,-6.884781360626221,0.004099911544471979,6.025109767913818,-7.0,7.0,6.826907157897949,0.7168483138084412,1.3909893035888672,-0.9226358532905579,989
population,24,carpet,12,4200,0.07692161947488785,0.06498784571886063,-7.081584930419922,0.004099195823073387,6.7519941329956055,-7.0,7.0,6.776758670806885,0.5102816820144653,1.3816330432891846,-0.9064235091209412,990
population,24,carpet,13,4200,0.029442325234413147,0.026489265263080597,-6.952579975128174,0.004098978824913502,6.843731880187988,-7.0,7.0,6.835350513458252,0.5823004245758057,1.3581920862197876,-0.923538088798523,991
population,24,carpet,14,4200,0.07292210310697556,0.05500517413020134,-6.764276504516602,0.004099211655557156,13.103291511535645,-7.0,7.0,6.847414016723633,0.4912227988243103,1.3266035318374634,-0.9081364274024963,992
population,24,carpet,15,4200,0.05596832558512688,0.039187151938676834,-6.752209663391113,0.004099725745618343,3.901141405105591,-7.0,7.0,6.801877498626709,0.5297625660896301,1.299399733543396,-0.8832617998123169,993
population,24,carpet,16,4200,0.07294521480798721,0.06259042769670486,-6.9343109130859375,0.004100376740098,2.4182510375976562,-7.0,7.0,6.591500759124756,0.6330944895744324,1.3232823610305786,-0.8984740972518921,994
population,24,carpet,17,4200,0.07138720154762268,0.058265797793865204,-7.100722312927246,0.004100535064935684,-5.483346939086914,-7.0,7.0,6.774385452270508,0.5362093448638916,1.1608084440231323,-0.8406822085380554,995
population,24,carpet,18,4200,0.04182007163763046,0.03963957726955414,-6.808351993560791,0.004100591875612736,-1.1162896156311035,-7.0,7.0,6.755709648132324,0.5013362765312195,1.2290109395980835,-0.8471969366073608,996
population,24,carpet,19,4200,0.07495671510696411,0.0696324035525322,-6.8093037605285645,0.004100550431758165,-1.1716663837432861,-7.0,7.0,6.790256500244141,0.6492831707000732,1.2063606977462769,-0.8336073756217957,997
population,24,carpet,20,4200,0.04700789228081703,0.05194450914859772,-6.893710613250732,0.004100124351680279,-4.994687080383301,-7.0,7.0,6.837678909301758,0.3603167235851288,1.2360488176345825,-0.8501900434494019,998
population,24,carpet,21,4200,0.09858007729053497,0.06980510801076889,-7.290980815887451,0.004099799785763025,0.7533935308456421,-7.0,7.0,6.85452127456665,0.47933483123779297,1.2704241275787354,-0.8820036053657532,999
population,24,carpet,22,4200,0.05367766693234444,0.05387679114937782,-7.167146682739258,0.004099445883184671,-0.7809257507324219,-7.0,7.0,6.781329154968262,0.4764069616794586,1.2454062700271606,-0.8480774164199829,1000
population,24,carpet,23,4200,0.08385619521141052,0.06998669356107712,-6.866373062133789,0.0040987953543663025,-4.263887405395508,-7.0,7.0,6.841972351074219,0.5106318593025208,1.1978384256362915,-0.8445583581924438,1001
population,24,carpet,24,4200,0.07121174782514572,0.050526175647974014,-6.761638641357422,0.004098638892173767,7.231084823608398,-7.0,7.0,6.589215278625488,0.5781800746917725,1.409029245376587,-0.9588589072227478,1002
population,24,carpet,25,4200,0.043752096593379974,0.035681046545505524,-7.130517482757568,0.004098926205188036,13.767863273620605,-7.0,7.0,6.7950029373168945,0.5455797910690308,1.4508525133132935,-1.000919222831726,1003
population,24,carpet,26,4200,0.057889487594366074,0.05039803311228752,-7.230164051055908,0.0040996139869093895,20.37295150756836,-7.0,7.0,6.8894734382629395,0.6263949275016785,1.4670178890228271,-1.0264455080032349,1004
population,24,carpet,27,4200,0.04130730777978897,0.0360618531703949,-7.09690523147583,0.0041006640531122684,28.24604034423828,-7.0,7.0,6.890453338623047,0.6117534637451172,1.5486558675765991,-1.074292540550232,1005
population,24,carpet,28,4200,0.027193987742066383,0.03075776994228363,-6.768632888793945,0.004102038685232401,40.34373474121094,-7.0,7.0,6.705871105194092,0.5361831784248352,1.6945159435272217,-1.1275779008865356,1006
population,24,carpet,29,4200,0.0695258304476738,0.07016261667013168,-6.8172712326049805,0.004103705752640963,36.990421295166016,-7.0,7.0,6.961427688598633,0.569350004196167,1.7244728803634644,-1.1318975687026978,1007
population,24,carpet,30,4200,0.03103838488459587,0.02824409306049347,-7.0485615730285645,0.004105635453015566,30.114830017089844,-7.0,7.0,6.937817096710205,0.5889952182769775,1.524096131324768,-1.0045706033706665,1008
population,24,carpet,31,4200,0.09253266453742981,0.09663879871368408,-7.116531848907471,0.004107803571969271,18.197219848632812,-7.0,7.0,6.875924110412598,0.6514278650283813,1.491546392440796,-0.9622419476509094,1009
population,24,carpet,32,4200,0.031488485634326935,0.02566545270383358,-6.835490703582764,0.004110185895115137,11.6797513961792,-7.0,7.0,6.885157108306885,0.43885764479637146,1.3701964616775513,-0.8867159485816956,1010
population,24,carpet,33,4200,0.039358362555503845,0.038620755076408386,-6.689924716949463,0.004111901391297579,-6.999576091766357,-7.0,7.0,6.7970356941223145,0.4975654184818268,1.2397202253341675,-0.8300003409385681,1011
population,24,carpet,34,4200,0.027791135013103485,0.023934589698910713,-6.791337490081787,0.004113015253096819,-10.951013565063477,-7.0,7.0,6.785679340362549,0.5124139785766602,1.123287558555603,-0.7673518061637878,1012
population,24,carpet,35,4200,0.013911474496126175,0.013131224550306797,-7.025386333465576,0.004113585688173771,-15.249869346618652,-7.0,7.0,6.981500148773193,0.5031605958938599,1.0545259714126587,-0.6925529837608337,1013
population,24,carpet,36,4200,0.04307510703802109,0.044190358370542526,-7.01343297958374,0.004113669972866774,-21.062843322753906,-7.0,7.0,6.864714622497559,0.584065318107605,1.0335032939910889,-0.6437698602676392,1014
population,24,carpet,37,4200,0.020732050761580467,0.01767111010849476,-6.855430603027344,0.004113315138965845,-24.74012565612793,-7.0,7.0,6.720824718475342,0.47143951058387756,1.0197416543960571,-0.5888896584510803,1015
population,24,carpet,38,4200,0.03390476107597351,0.03631576895713806,-6.741539001464844,0.004112565889954567,-27.750106811523438,-7.0,7.0,6.7030134201049805,0.49066558480262756,0.8712771534919739,-0.5765424966812134,1016
population,24,carpet,39,4200,0.023364927619695663,0.022847382351756096,-7.056924819946289,0.004111459944397211,-33.32975387573242,-7.0,7.0,6.99761438369751,0.4963147044181824,0.8492059707641602,-0.5845962166786194,1017
population,24,carpet,40,4200,0.03801042214035988,0.03475973755121231,-7.177985191345215,0.004110035020858049,-37.2042121887207,-7.0,7.0,7.0305023193359375,0.5459467768669128,0.8609275817871094,-0.5500254034996033,1018
population,24,carpet,41,4200,0.039174266159534454,0.036030471324920654,-7.264620304107666,0.004108324646949768,-25.21676254272461,-7.0,7.0,7.082297325134277,0.5751250982284546,0.9316688179969788,-0.606370747089386,1019
population,24,carpet,42,4200,0.03555283695459366,0.03645581752061844,-7.0215535163879395,0.004106356296688318,-23.081201553344727,-7.0,7.0,6.722517013549805,0.49825865030288696,1.023090124130249,-0.6272515654563904,1020
population,24,carpet,43,4200,0.04275057092308998,0.03693032264709473,-7.128006458282471,0.004104156047105789,-23.42933464050293,-7.0,7.0,6.990097522735596,0.46954625844955444,1.0075196027755737,-0.6289685964584351,1021
population,24,carpet,44,4200,0.02804609015583992,0.026523953303694725,-7.059466361999512,0.0041017476469278336,-9.409006118774414,-7.0,7.0,6.818395614624023,0.5858584642410278,1.1050115823745728,-0.7111167907714844,1022
population,24,carpet,45,4200,0.026151059195399284,0.029736962169408798,-6.937985897064209,0.0040991585701704025,-5.414076805114746,-7.0,7.0,6.729728698730469,0.6379576921463013,1.1874313354492188,-0.806544303894043,1023
population,24,carpet,46,4200,0.02771090716123581,0.02844943106174469,-7.13624382019043,0.0040966905653476715,-1.7598986625671387,-7.0,7.0,6.9549055099487305,0.6764142513275146,1.2600795030593872,-0.8040221929550171,1024
population,24,carpet,47,4200,0.023831453174352646,0.031300224363803864,-7.137674331665039,0.004094866570085287,5.075162410736084,-7.0,7.0,6.873608589172363,0.704657793045044,1.2640312910079956,-0.8476575016975403,1025
population,24,carpet,48,4200,0.03017253987491131,0.02680286206305027,-7.075656414031982,0.004092797636985779,-7.150789260864258,-7.0,7.0,7.02430534362793,0.5308715105056763,1.1688783168792725,-0.8464912176132202,1026
population,24,carpet,49,4200,0.04093371331691742,0.058072030544281006,-6.909592628479004,0.004091228824108839,3.765963077545166,-7.0,7.0,7.002954006195068,0.5064570903778076,1.2653666734695435,-0.9001697301864624,1027
population,24,carpet,50,4200,0.03171953186392784,0.02931133843958378,-7.147616863250732,0.004090245347470045,8.150324821472168,-7.0,7.0,7.015334606170654,0.673104465007782,1.2969869375228882,-0.932233452796936,1028
individual,25,carpet,1,4375,0.03460252285003662,0.031645990908145905,-6.905488967895508,0.0038789850659668446,-3.369046449661255,-7.0,7.0,6.847433090209961,0.5940680503845215,1.0520552396774292,-0.8240713477134705,1029
individual,25,carpet,2,4375,0.036282941699028015,0.043194688856601715,-7.052758693695068,0.003875668393447995,-8.195528030395508,-7.0,7.0,6.920437335968018,0.622511088848114,1.080047607421875,-0.8415866494178772,1030
individual,25,carpet,3,4375,0.028779562562704086,0.03183598816394806,-6.836316108703613,0.0038728362414985895,2.1461501121520996,-7.0,7.0,6.878409385681152,0.7292183041572571,1.1305534839630127,-0.8234947323799133,1031
individual,25,carpet,4,4375,0.040326863527297974,0.04246237874031067,-6.934839248657227,0.003869893727824092,-6.36400032043457,-7.0,7.0,7.012359142303467,0.5314810276031494,1.036575198173523,-0.8204483389854431,1032
individual,25,carpet,5,4375,0.029796674847602844,0.030349010601639748,-7.023090362548828,0.0038668520282953978,-16.6829891204834,-7.0,7.0,6.969842433929443,0.537081778049469,0.9525790810585022,-0.8235632181167603,1033
individual,25,carpet,6,4375,0.03351561352610588,0.030652664601802826,-6.977534294128418,0.0038637223187834024,-9.1295747756958,-7.0,7.0,6.847944736480713,0.4878937304019928,0.9744917154312134,-0.7818188667297363,1034
individual,25,carpet,7,4375,0.029880501329898834,0.03276640176773071,-6.8441162109375,0.00386051251552999,-14.136894226074219,-7.0,7.0,6.933781623840332,0.3873380720615387,0.9358452558517456,-0.7904887199401855,1035
individual,25,carpet,8,4375,0.03220941871404648,0.03179292380809784,-6.78794527053833,0.0038572316989302635,-23.19782066345215,-7.0,7.0,6.8433356285095215,0.5187715291976929,0.8378520011901855,-0.6974749565124512,1036
individual,25,carpet,9,4375,0.020995968952775,0.023662542924284935,-6.911738395690918,0.003853887552395463,-21.400177001953125,-7.0,7.0,6.822995185852051,0.6075395345687866,0.8015855550765991,-0.6516234278678894,1037
individual,25,carpet,10,4375,0.029925154522061348,0.039916906505823135,-6.907927989959717,0.0038504875265061855,-30.224201202392578,-7.0,7.0,6.839156150817871,0.5235698819160461,0.7215370535850525,-0.5687814354896545,1038
individual,25,carpet,11,4375,0.02866966277360916,0.0291595496237278,-7.065797805786133,0.003847037209197879,-33.12080764770508,-7.0,7.0,7.007669925689697,0.7570464611053467,0.6866390109062195,-0.5321053862571716,1039
individual,25,carpet,12,4375,0.018110044300556183,0.02687026560306549,-6.911180019378662,0.0038435424212366343,-32.43857955932617,-7.0,7.0,6.927914619445801,0.6176934242248535,0.6876825094223022,-0.5235627293586731,1040
individual,25,carpet,13,4375,0.018203051760792732,0.01770053617656231,-7.051106929779053,0.0038400068879127502,-34.9328498840332,-7.0,7.0,6.954899311065674,0.6312913298606873,0.6675177216529846,-0.4927692413330078,1041
individual,25,carpet,14,4375,0.04311104863882065,0.03650534898042679,-6.957118988037109,0.0038364361971616745,-38.2747802734375,-7.0,7.0,6.889612674713135,0.6918741464614868,0.6787642240524292,-0.48501405119895935,1042
individual,25,carpet,15,4375,0.03126433119177818,0.03327128291130066,-7.152628421783447,0.003832833841443062,-40.508541107177734,-7.0,7.0,7.01980447769165,0.6109656691551208,0.6276149749755859,-0.45664340257644653,1043
individual,25,carpet,16,4375,0.022450800985097885,0.02028687670826912,-7.060019493103027,0.0038292042445391417,-42.640159606933594,-7.0,7.0,6.896026611328125,0.7612290382385254,0.6638436913490295,-0.4416751563549042,1044
individual,25,carpet,17,4375,0.027259329333901405,0.033350422978401184,-7.112443447113037,0.0038255485706031322,-41.598533630371094,-7.0,7.0,7.097258567810059,0.4719827175140381,0.6459368467330933,-0.47157758474349976,1045
individual,25,carpet,18,4375,0.023785356432199478,0.026517292484641075,-7.065195083618164,0.0038218710105866194,-35.78574752807617,-7.0,7.0,6.915153503417969,0.4940486252307892,0.6097459197044373,-0.44942542910575867,1046
individual,25,carpet,19,4375,0.030327148735523224,0.030499959364533424,-7.128715991973877,0.0038181752897799015,-42.011077880859375,-7.0,7.0,7.046961307525635,0.616836667060852,0.5766607522964478,-0.4120369255542755,1047
individual,25,carpet,20,4375,0.02968250960111618,0.03470179811120033,-7.296292304992676,0.0038144628051668406,-38.19816970825195,-7.0,7.0,7.204361915588379,0.5993479490280151,0.6538046598434448,-0.4439859092235565,1048
individual,25,carpet,21,4375,0.04387341067194939,0.0398799404501915,-7.234066963195801,0.0038107342552393675,-44.1732063293457,-7.0,7.0,7.088750839233398,0.628806471824646,0.5790120363235474,-0.4169456660747528,1049
individual,25,carpet,22,4375,0.03596121817827225,0.05453008413314819,-7.246883869171143,0.00380699266679585,-45.158172607421875,-7.0,7.0,7.099341869354248,0.6239817142486572,0.5445831418037415,-0.41069766879081726,1050
individual,25,carpet,23,4375,0.05159551650285721,0.04816387593746185,-7.055467128753662,0.0038032406009733677,-36.10332107543945,-7.0,7.0,7.079329490661621,0.6315261125564575,0.6421777606010437,-0.4438569247722626,1051
individual,25,carpet,24,4375,0.02781239151954651,0.03292170912027359,-7.085286617279053,0.003799479454755783,-27.542686462402344,-7.0,7.0,7.041908264160156,0.6640375852584839,0.7339471578598022,-0.480437695980072,1052
individual,25,carpet,25,4375,0.03281304985284805,0.028547320514917374,-7.220190525054932,0.003795709228143096,-30.461021423339844,-7.0,7.0,7.09835147857666,0.44378331303596497,0.7480685114860535,-0.5090841054916382,1053
individual,25,carpet,26,4375,0.02009190246462822,0.025583088397979736,-6.969062805175781,0.0037919320166110992,-34.937957763671875,-7.0,7.0,6.872674942016602,0.5084119439125061,0.6636657118797302,-0.47567492723464966,1054
individual,25,carpet,27,4375,0.021564487367868423,0.02071869559586048,-6.992447376251221,0.0037881494499742985,-35.56988525390625,-7.0,7.0,6.9865570068359375,0.5261805653572083,0.6409358382225037,-0.4760943055152893,1055
individual,25,carpet,28,4375,0.02165212668478489,0.032601308077573776,-7.066436767578125,0.0037843615282326937,-38.28579330444336,-7.0,7.0,7.031243324279785,0.6313939094543457,0.6417693495750427,-0.48138877749443054,1056
individual,25,carpet,29,4375,0.06151457875967026,0.033115603029727936,-7.241172790527344,0.0037805703468620777,-32.72979736328125,-7.0,7.0,7.066154956817627,0.41463348269462585,0.6710137128829956,-0.5289707779884338,1057
individual,25,carpet,30,4375,0.021170491352677345,0.01780274324119091,-7.065618991851807,0.003776775673031807,-31.671024322509766,-7.0,7.0,6.946988105773926,0.5169355273246765,0.7402499318122864,-0.5451971888542175,1058
individual,25,carpet,31,4375,0.04641721397638321,0.033894721418619156,-7.300790786743164,0.0037729796022176743,-35.57365417480469,-7.0,7.0,7.275141716003418,0.6017590165138245,0.677498996257782,-0.536770224571228,1059
individual,25,carpet,32,4375,0.026476509869098663,0.02160690911114216,-7.318009853363037,0.0037691800389438868,-23.435226440429688,-7.0,7.0,7.09162712097168,0.7133861184120178,0.8209878206253052,-0.5989446640014648,1060
individual,25,carpet,33,4375,0.030248938128352165,0.04331020638346672,-7.147480010986328,0.003765380708500743,-22.83331298828125,-7.0,7.0,6.985820293426514,0.7416698336601257,0.8529667258262634,-0.6312609314918518,1061
individual,25,carpet,34,4375,0.04589223116636276,0.0344083346426487,-7.107463836669922,0.0037615797482430935,-24.804019927978516,-7.0,7.0,7.009461879730225,0.570637583732605,0.8159254789352417,-0.6183061003684998,1062
individual,25,carpet,35,4375,0.015373069792985916,0.03602012246847153,-7.310583591461182,0.0037577790208160877,-14.814159393310547,-7.0,7.0,7.086119651794434,0.5598422288894653,0.9220488667488098,-0.6740525364875793,1063
individual,25,carpet,36,4375,0.03031347505748272,0.029447048902511597,-7.429536819458008,0.0037539787590503693,-24.482118606567383,-7.0,7.0,7.289874076843262,0.6407722234725952,0.801759660243988,-0.6312749981880188,1064
individual,25,carpet,37,4375,0.031366799026727676,0.02806139923632145,-7.108023166656494,0.0037509440444409847,6.3690104484558105,-7.0,7.0,7.006730556488037,0.4855082929134369,1.1507912874221802,-0.8090882301330566,1065
individual,25,carpet,38,4375,0.05516564100980759,0.07270097732543945,-6.9816365242004395,0.0037484141066670418,2.9170897006988525,-7.0,7.0,7.049891948699951,0.5856731534004211,1.1316345930099487,-0.8152399659156799,1066
individual,25,carpet,39,4375,0.01729411445558071,0.020358508452773094,-7.295217514038086,0.003745835740119219,-4.414676189422607,-7.0,7.0,7.195765495300293,0.4888767898082733,1.0512434244155884,-0.7785510420799255,1067
individual,25,carpet,40,4375,0.05172988399863243,0.0876527652144432,-7.165348529815674,0.003743898356333375,7.123773097991943,-7.0,7.0,6.938030242919922,0.6357970833778381,1.1878730058670044,-0.8539323806762695,1068
individual,25,carpet,41,4375,0.02935064025223255,0.03525882586836815,-6.940884590148926,0.003742202650755644,0.696456789970398,-7.0,7.0,6.9739460945129395,0.6147882342338562,1.0953936576843262,-0.8137010931968689,1069
individual,25,carpet,42,4375,0.03493403643369675,0.07296261191368103,-7.252227306365967,0.0037410107906907797,4.883140563964844,-7.0,7.0,7.389230251312256,0.7702814340591431,1.2274764776229858,-0.8692096471786499,1070
individual,25,carpet,43,4375,0.031156737357378006,0.030748184770345688,-7.061862945556641,0.0037396179977804422,-4.6913323402404785,-7.0,7.0,6.951937198638916,0.482151597738266,1.0690639019012451,-0.7927934527397156,1071
individual,25,carpet,44,4375,0.02252398617565632,0.04824455454945564,-7.3315863609313965,0.003737981431186199,-24.8453311920166,-7.0,7.0,7.229788780212402,0.38633155822753906,0.8014362454414368,-0.6584746241569519,1072
individual,25,carpet,45,4375,0.029870878905057907,0.026165740564465523,-7.12896728515625,0.0037361280992627144,-20.213621139526367,-7.0,7.0,7.167176246643066,0.7714815139770508,0.8393556475639343,-0.6646934747695923,1073
individual,25,carpet,46,4375,0.016319401562213898,0.043616537004709244,-6.959738731384277,0.0037340782582759857,-30.398038864135742,-7.0,7.0,6.970219612121582,0.6779530644416809,0.7384737133979797,-0.6171041131019592,1074
individual,25,carpet,47,4375,0.0263998880982399,0.027994640171527863,-7.113956451416016,0.0037318530958145857,-23.156187057495117,-7.0,7.0,7.0869669914245605,0.7271589040756226,0.8368133902549744,-0.6703508496284485,1075
individual,25,carpet,48,4375,0.036536939442157745,0.06760159134864807,-7.376866817474365,0.0037294693756848574,-26.55376434326172,-7.0,7.0,7.162733554840088,0.4949314594268799,0.7650667428970337,-0.6458081007003784,1076
individual,25,carpet,49,4375,0.010821138508617878,0.02586253732442856,-7.203910827636719,0.003726945025846362,-29.182912826538086,-7.0,7.0,7.065132141113281,0.6601541042327881,0.7360051870346069,-0.6190069317817688,1077
individual,25,carpet,50,4375,0.050472501665353775,0.08661387860774994,-7.169374942779541,0.0037242944817990065,-38.66947937011719,-7.0,7.0,7.248676776885986,0.4552377462387085,0.6097922325134277,-0.5868203043937683,1078
population,25,carpet,1,4375,0.0534338541328907,0.05409393832087517,-7.085086822509766,0.0040897889994084835,14.737961769104004,-7.0,7.0,6.841741561889648,0.6960648894309998,1.3682126998901367,-0.9822505712509155,1029
population,25,carpet,2,4375,0.019083186984062195,0.017701784148812294,-6.904261589050293,0.0040893894620239735,0.14789509773254395,-7.0,7.0,6.885085105895996,0.4286854565143585,1.1950626373291016,-0.9104979634284973,1030
population,25,carpet,3,4375,0.055666498839855194,0.04412408173084259,-6.883315563201904,0.004089455585926771,5.4684367179870605,-7.0,7.0,6.997957229614258,0.5621544718742371,1.280648946762085,-0.9302635192871094,1031
population,25,carpet,4,4375,0.029889307916164398,0.03339279070496559,-7.065710067749023,0.004089732654392719,2.784290313720703,-7.0,7.0,6.963986396789551,0.5863311886787415,1.2386678457260132,-0.9208521246910095,1032
population,25,carpet,5,4375,0.024568628519773483,0.025684358552098274,-7.178518295288086,0.004090007394552231,0.3357418179512024,-7.0,7.0,6.891285419464111,0.608636200428009,1.2719193696975708,-0.9055072069168091,1033
population,25,carpet,6,4375,0.04605570808053017,0.05094115436077118,-7.252323627471924,0.004089952912181616,-3.879302978515625,-7.0,7.0,6.96456241607666,0.6455146670341492,1.2346659898757935,-0.8844519257545471,1034
population,25,carpet,7,4375,0.028476940467953682,0.029924992471933365,-7.091480731964111,0.004090015310794115,1.4183933734893799,-7.0,7.0,6.947268486022949,0.638739824295044,1.237460732460022,-0.858130156993866,1035
population,25,carpet,8,4375,0.033891867846250534,0.03772211819887161,-6.990830421447754,0.004089713096618652,-4.586735248565674,-7.0,7.0,6.935439109802246,0.5108364224433899,1.2634683847427368,-0.8588041067123413,1036
population,25,carpet,9,4375,0.02994501404464245,0.03137173876166344,-7.251942157745361,0.00408901134505868,-12.310667037963867,-7.0,7.0,7.151296138763428,0.553316593170166,1.082065463066101,-0.799382746219635,1037
population,25,carpet,10,4375,0.03101492114365101,0.03050750307738781,-7.263574123382568,0.004087993409484625,-4.95620584487915,-7.0,7.0,7.009640216827393,0.5016363859176636,1.1880226135253906,-0.8508207201957703,1038
population,25,carpet,11,4375,0.048100411891937256,0.055154964327812195,-7.387628555297852,0.00408664857968688,-8.18293285369873,-7.0,7.0,7.076617240905762,0.6699498891830444,1.1365209817886353,-0.800018310546875,1039
population,25,carpet,12,4375,0.01749725081026554,0.017791667953133583,-7.269308090209961,0.004085368476808071,-0.8692722320556641,-7.0,7.0,6.994991302490234,0.553542971611023,1.1701353788375854,-0.8334654569625854,1040
population,25,carpet,13,4375,0.029886770993471146,0.028605572879314423,-7.149300575256348,0.004083788953721523,-6.92202615737915,-7.0,7.0,6.981674671173096,0.4313053786754608,1.1122134923934937,-0.8243342638015747,1041
population,25,carpet,14,4375,0.036531176418066025,0.04479595646262169,-7.299789905548096,0.004081937484443188,-8.501263618469238,-7.0,7.0,7.218815326690674,0.4803001582622528,1.1058804988861084,-0.8251506686210632,1042
population,25,carpet,15,4375,0.026738908141851425,0.03954776003956795,-7.557469367980957,0.004079843871295452,-6.9729437828063965,-7.0,7.0,7.272778511047363,0.5104172825813293,1.1741746664047241,-0.8254497647285461,1043
population,25,carpet,16,4375,0.03179702162742615,0.034265097230672836,-7.395839214324951,0.004077817313373089,-1.821277379989624,-7.0,7.0,7.075530052185059,0.6612859964370728,1.1921476125717163,-0.881144106388092,1044
population,25,carpet,17,4375,0.045394591987133026,0.033807799220085144,-7.311378479003906,0.0040764231234788895,7.25621223449707,-7.0,7.0,7.021742820739746,0.6528688669204712,1.3020659685134888,-0.9011954069137573,1045
population,25,carpet,18,4375,0.03886021301150322,0.03783925250172615,-7.0764265060424805,0.0040755970403552055,8.922172546386719,-7.0,7.0,6.926281452178955,0.7583112716674805,1.285202980041504,-0.9135710000991821,1046
population,25,carpet,19,4375,0.02627718448638916,0.01725170388817787,-7.141341686248779,0.004074821714311838,-0.39962315559387207,-7.0,7.0,7.047524929046631,0.5662883520126343,1.2145631313323975,-0.8835515975952148,1047
population,25,carpet,20,4375,0.018591299653053284,0.0225853081792593,-7.395040988922119,0.004074553493410349,12.005293846130371,-7.0,7.0,7.132338523864746,0.6699030995368958,1.345438003540039,-0.9375355839729309,1048
population,25,carpet,21,4375,0.04420546814799309,0.03326259180903435,-7.233727931976318,0.004074740223586559,9.598578453063965,-7.0,7.0,7.089545249938965,0.5011400580406189,1.349740743637085,-0.9448943734169006,1049
population,25,carpet,22,4375,0.033571697771549225,0.03553242236375809,-7.1836700439453125,0.0040753367356956005,9.530306816101074,-7.0,7.0,7.055844306945801,0.5528934597969055,1.3578609228134155,-0.9319828748703003,1050
population,25,carpet,23,4375,0.07328667491674423,0.05142755061388016,-7.050201892852783,0.004076302517205477,8.739519119262695,-7.0,7.0,7.146559715270996,0.6377379894256592,1.3357192277908325,-0.8826512098312378,1051
population,25,carpet,24,4375,0.03228367120027542,0.04098434001207352,-7.287553787231445,0.004077601246535778,10.208718299865723,-7.0,7.0,7.194068908691406,0.5519993901252747,1.3474141359329224,-0.9337193369865417,1052
population,25,carpet,25,4375,0.060389455407857895,0.04880642518401146,-7.35255241394043,0.004078653175383806,-1.511669635772705,-7.0,7.0,7.163217544555664,0.587057888507843,1.2291983366012573,-0.8385844826698303,1053
population,25,carpet,26,4375,0.03410041704773903,0.041488029062747955,-7.127382278442383,0.0040797581896185875,2.022224187850952,-7.0,7.0,7.141437530517578,0.7597880363464355,1.2615641355514526,-0.8525136709213257,1054
population,25,carpet,27,4375,0.06039491668343544,0.04017742723226547,-7.018930435180664,0.004080398008227348,-4.547144412994385,-7.0,7.0,7.095300674438477,0.6992892622947693,1.2166680097579956,-0.8353920578956604,1055
population,25,carpet,28,4375,0.02602921612560749,0.02986498363316059,-7.19688606262207,0.004080662969499826,-3.9920706748962402,-7.0,7.0,7.104458808898926,0.5333521962165833,1.2137258052825928,-0.8216109871864319,1056
population,25,carpet,29,4375,0.032991014420986176,0.030685899779200554,-7.239501476287842,0.004081007093191147,1.3575423955917358,-7.0,7.0,7.039790153503418,0.6654207110404968,1.281403660774231,-0.7986375093460083,1057
population,25,carpet,30,4375,0.021480949595570564,0.021275809034705162,-7.425130844116211,0.004080886486917734,-13.718314170837402,-7.0,7.0,7.3639607429504395,0.5659461617469788,1.1236038208007812,-0.7515565156936646,1058
population,25,carpet,31,4375,0.03828737139701843,0.03273468092083931,-7.162676811218262,0.004080347716808319,-6.245214462280273,-7.0,7.0,7.075658798217773,0.5978792309761047,1.1597346067428589,-0.7982314825057983,1059
population,25,carpet,32,4375,0.025901442393660545,0.018465295433998108,-7.282179355621338,0.004079627804458141,-2.9968180656433105,-7.0,7.0,7.197870254516602,0.655696451663971,1.2857742309570312,-0.8148598670959473,1060
population,25,carpet,33,4375,0.03058851882815361,0.025365032255649567,-7.550694465637207,0.004078826401382685,-1.9622889757156372,-7.0,7.0,7.3941731452941895,0.43311506509780884,1.2006264925003052,-0.8125239610671997,1061
population,25,carpet,34,4375,0.03433169797062874,0.030758997425436974,-7.221184730529785,0.004078275989741087,2.1966564655303955,-7.0,7.0,7.033880233764648,0.5020642876625061,1.2614322900772095,-0.8083513975143433,1062
population,25,carpet,35,4375,0.021180015057325363,0.02244441583752632,-7.394556999206543,0.004077350255101919,-10.445728302001953,-7.0,7.0,7.249408721923828,0.4401875138282776,1.1665817499160767,-0.7618111968040466,1063
population,25,carpet,36,4375,0.0391596257686615,0.04031038656830788,-7.363426685333252,0.004076086916029453,-8.06544017791748,-7.0,7.0,7.266502380371094,0.694542646408081,1.2108911275863647,-0.802187979221344,1064
population,25,carpet,37,4375,0.04713500291109085,0.05102970078587532,-7.570259094238281,0.004074520897120237,-5.874884128570557,-7.0,7.0,7.303234100341797,0.5029457807540894,1.227096438407898,-0.8094566464424133,1065
population,25,carpet,38,4375,0.025563811883330345,0.026633257046341896,-7.408788204193115,0.004073541611433029,5.708400726318359,-7.0,7.0,7.146254539489746,0.59229975938797,1.2758235931396484,-0.8606075644493103,1066
population,25,carpet,39,4375,0.029022281989455223,0.0283635426312685,-7.381430625915527,0.004072694573551416,0.453141450881958,-7.0,7.0,7.244302749633789,0.5568159222602844,1.2722035646438599,-0.8196540474891663,1067
population,25,carpet,40,4375,0.049530163407325745,0.05539526790380478,-7.194140911102295,0.004072364419698715,10.284967422485352,-7.0,7.0,7.162034511566162,0.6030434370040894,1.4200849533081055,-0.9036465287208557,1068
population,25,carpet,41,4375,0.03531777113676071,0.0323333814740181,-7.502750873565674,0.0040720016695559025,-0.8350057601928711,-7.0,7.0,7.361313819885254,0.5945974588394165,1.2373157739639282,-0.8377828598022461,1069
population,25,carpet,42,4375,0.024704018607735634,0.02697504684329033,-7.482346534729004,0.0040721045807003975,6.916410446166992,-7.0,7.0,7.234234809875488,0.6253625750541687,1.2914360761642456,-0.852687418460846,1070
population,25,carpet,43,4375,0.04325883090496063,0.046311188489198685,-7.5528035163879395,0.0040722498670220375,0.6824135780334473,-7.0,7.0,7.337158203125,0.5465415120124817,1.298115849494934,-0.8453646302223206,1071
population,25,carpet,44,4375,0.05065935477614403,0.05463668331503868,-7.121257781982422,0.004072785843163729,5.150571346282959,-7.0,7.0,7.245954990386963,0.4460233449935913,1.28270423412323,-0.8605624437332153,1072
population,25,carpet,45,4375,0.039160750806331635,0.04554760828614235,-7.184179782867432,0.004073699004948139,9.252197265625,-7.0,7.0,7.217300891876221,0.42669814825057983,1.3850818872451782,-0.8684504628181458,1073
population,25,carpet,46,4375,0.0378759391605854,0.0376143716275692,-7.380235195159912,0.00407426618039608,-3.2396841049194336,-7.0,7.0,7.317716121673584,0.5023901462554932,1.2197498083114624,-0.7980943322181702,1074
population,25,carpet,47,4375,0.044544149190187454,0.05264146998524666,-7.757454872131348,0.004074431490153074,-4.4264116287231445,-7.0,7.0,7.494553089141846,0.6537262797355652,1.2335093021392822,-0.7862493395805359,1075
population,25,carpet,48,4375,0.029153211042284966,0.025088299065828323,-7.362700939178467,0.0040741474367678165,-14.605329513549805,-7.0,7.0,7.253946781158447,0.6103184223175049,1.1145145893096924,-0.737640380859375,1076
population,25,carpet,49,4375,0.06864617764949799,0.07477240264415741,-7.3267669677734375,0.0040734619833528996,-14.154295921325684,-7.0,7.0,7.356477737426758,0.7656657099723816,1.146596074104309,-0.7333984375,1077
population,25,carpet,50,4375,0.03429160639643669,0.035034943372011185,-7.5022687911987305,0.0040724133141338825,-8.73381233215332,-7.0,7.0,7.305294036865234,0.5976187586784363,1.1523349285125732,-0.750383198261261,1078
individual,26,carpet,1,4550,0.05424883961677551,0.03452926501631737,-7.543160915374756,0.003721528686583042,-34.02971649169922,-7.0,7.0,7.375743865966797,0.7480493783950806,0.6461734771728516,-0.6163117289543152,1079
individual,26,carpet,2,4550,0.03033025935292244,0.05212534964084625,-7.552730560302734,0.0037186620756983757,-28.34538459777832,-7.0,7.0,7.41445255279541,0.4863636791706085,0.7936386466026306,-0.6744952201843262,1080
individual,26,carpet,3,4550,0.057677946984767914,0.03422359749674797,-7.346792221069336,0.0037157037295401096,-34.811302185058594,-7.0,7.0,7.388258934020996,0.5832301378250122,0.681312084197998,-0.61870276927948,1081
individual,26,carpet,4,4550,0.03500894829630852,0.04030571132898331,-7.172076225280762,0.0037126645911484957,-31.67912483215332,-7.0,7.0,7.053661823272705,0.6162259578704834,0.702709972858429,-0.6175433993339539,1082
individual,26,carpet,5,4550,0.04088252782821655,0.03612637519836426,-7.455965518951416,0.003709551878273487,-26.10565185546875,-7.0,7.0,7.414474964141846,0.5830663442611694,0.7190305590629578,-0.6594828963279724,1083
individual,26,carpet,6,4550,0.029211968183517456,0.02945234812796116,-7.365828990936279,0.003706372808665037,-29.027915954589844,-7.0,7.0,7.2873687744140625,0.6467262506484985,0.8098441362380981,-0.6579954028129578,1084
individual,26,carpet,7,4550,0.016201741993427277,0.03159168362617493,-7.383806228637695,0.0037031364627182484,-25.19717025756836,-7.0,7.0,7.231652736663818,0.8166980743408203,0.7968298196792603,-0.6780093312263489,1085
individual,26,carpet,8,4550,0.01708666980266571,0.023020394146442413,-7.290329456329346,0.0036998481955379248,-27.873058319091797,-7.0,7.0,7.251018524169922,0.5545951724052429,0.742199718952179,-0.6640687584877014,1086
individual,26,carpet,9,4550,0.028577372431755066,0.05139252543449402,-7.275447368621826,0.003696513595059514,-25.419673919677734,-7.0,7.0,7.3009138107299805,0.6459702849388123,0.8063306212425232,-0.6898479461669922,1087
individual,26,carpet,10,4550,0.03624894097447395,0.05382915958762169,-7.322426795959473,0.0036931380163878202,-13.886337280273438,-7.0,7.0,7.1857805252075195,0.8758817315101624,0.9398819804191589,-0.6960236430168152,1088
individual,26,carpet,11,4550,0.03385879471898079,0.04638851806521416,-7.424021244049072,0.003689724951982498,-34.46046447753906,-7.0,7.0,7.372570514678955,0.5738851428031921,0.7055673599243164,-0.6792555451393127,1089
individual,26,carpet,12,4550,0.04915981739759445,0.05766446888446808,-7.376656532287598,0.0036862799897789955,-32.16482925415039,-7.0,7.0,7.357175350189209,0.6692155599594116,0.729866623878479,-0.6517758965492249,1090
individual,26,carpet,13,4550,0.028747286647558212,0.020122841000556946,-7.311501979827881,0.003682804759591818,-33.95670700073242,-7.0,7.0,7.169961452484131,0.5827009081840515,0.6966312527656555,-0.6301377415657043,1091
individual,26,carpet,14,4550,0.030382640659809113,0.02469806745648384,-7.320091724395752,0.0036793046165257692,-29.321434020996094,-7.0,7.0,7.302016735076904,0.6868308782577515,0.7825806736946106,-0.663165271282196,1092
individual,26,carpet,15,4550,0.028393182903528214,0.03784310445189476,-7.356232643127441,0.0036757816560566425,-30.06359100341797,-7.0,7.0,7.264150142669678,0.5894896984100342,0.7375648617744446,-0.6262733340263367,1093
individual,26,carpet,16,4550,0.029383979737758636,0.026377307251095772,-7.574188232421875,0.0036722393706440926,-30.246070861816406,-7.0,7.0,7.441219329833984,0.5914668440818787,0.7618052363395691,-0.6742603182792664,1094
individual,26,carpet,17,4550,0.014641186222434044,0.01871800422668457,-7.437045574188232,0.0036686777602881193,-36.65269088745117,-7.0,7.0,7.434207916259766,0.5528466701507568,0.6075266003608704,-0.5996090173721313,1095
individual,26,carpet,18,4550,0.04023329168558121,0.03904605656862259,-7.410956382751465,0.003665101947262883,-28.304649353027344,-7.0,7.0,7.4705400466918945,0.5701100826263428,0.7933996915817261,-0.6395989060401917,1096
individual,26,carpet,19,4550,0.03135140240192413,0.03180199861526489,-7.862414836883545,0.0036615123972296715,-21.229745864868164,-7.0,7.0,7.695436477661133,0.8027815222740173,0.8045849204063416,-0.6496831774711609,1097
individual,26,carpet,20,4550,0.07016793638467789,0.06532905250787735,-7.717083930969238,0.003657910507172346,-28.93488883972168,-7.0,7.0,7.367356300354004,0.6150821447372437,0.7661649584770203,-0.6192612051963806,1098
individual,26,carpet,21,4550,0.05384068936109543,0.05194150283932686,-7.375489234924316,0.0036542981397360563,-30.00202178955078,-7.0,7.0,7.3857550621032715,0.615517795085907,0.7694600224494934,-0.6458011865615845,1099
individual,26,carpet,22,4550,0.044708870351314545,0.04404930770397186,-7.641182899475098,0.003650677390396595,-13.622781753540039,-7.0,7.0,7.601874351501465,0.5978306531906128,0.9498550295829773,-0.7079029679298401,1100
individual,26,carpet,23,4550,0.045197997242212296,0.03666678071022034,-7.520447731018066,0.003647049656137824,-26.926586151123047,-7.0,7.0,7.421991348266602,0.6291213631629944,0.8252865076065063,-0.6607533097267151,1101
individual,26,carpet,24,4550,0.04627739265561104,0.04311175271868706,-7.7125372886657715,0.003643415169790387,-23.429365158081055,-7.0,7.0,7.445113658905029,0.6008816957473755,0.8285778760910034,-0.6469405889511108,1102
individual,26,carpet,25,4550,0.035921066999435425,0.046116903424263,-7.624564170837402,0.00363977556116879,-6.597207069396973,-7.0,7.0,7.266682147979736,0.6814576387405396,1.0660120248794556,-0.7460128664970398,1103
individual,26,carpet,26,4550,0.06514417380094528,0.07009165734052658,-7.37334680557251,0.0036361326929181814,-12.18032169342041,-7.0,7.0,7.345337390899658,0.5594057440757751,0.9700173735618591,-0.7284970283508301,1104
individual,26,carpet,27,4550,0.036364052444696426,0.047460053116083145,-7.462223529815674,0.003632493317127228,-5.5051703453063965,-7.0,7.0,7.485373497009277,0.6446989178657532,1.0466349124908447,-0.7562468647956848,1105
individual,26,carpet,28,4550,0.08356088399887085,0.07984526455402374,-7.654628276824951,0.003629115642979741,-1.5439651012420654,-7.0,7.0,7.357119560241699,0.6268858313560486,1.160183072090149,-0.7984720468521118,1106
individual,26,carpet,29,4550,0.04713520407676697,0.04022691771388054,-7.567342281341553,0.003625931218266487,-2.2221755981445312,-7.0,7.0,7.5412116050720215,0.45949679613113403,1.0932137966156006,-0.7951116561889648,1107
individual,26,carpet,30,4550,0.025458484888076782,0.030330795794725418,-7.535296440124512,0.0036232348065823317,2.569340705871582,-7.0,7.0,7.480957984924316,0.5216143131256104,1.2120674848556519,-0.8557783365249634,1108
individual,26,carpet,31,4550,0.03792934864759445,0.03741372004151344,-7.553879261016846,0.003620999865233898,2.8994483947753906,-7.0,7.0,7.433059215545654,0.588585615158081,1.2248612642288208,-0.8370374441146851,1109
individual,26,carpet,32,4550,0.04037170112133026,0.030521728098392487,-7.478481769561768,0.0036186196375638247,-9.866074562072754,-7.0,7.0,7.449705600738525,0.5764601230621338,1.1074793338775635,-0.7912284135818481,1110
individual,26,carpet,33,4550,0.027043694630265236,0.026669012382626534,-7.577760696411133,0.0036161893513053656,-4.379218578338623,-7.0,7.0,7.448432445526123,0.5842495560646057,1.1559618711471558,-0.8265426754951477,1111
individual,26,carpet,34,4550,0.029641829431056976,0.018049897626042366,-7.4129252433776855,0.003613763954490423,-3.6091508865356445,-7.0,7.0,7.241804599761963,0.601727306842804,1.0896058082580566,-0.7719950079917908,1112
individual,26,carpet,35,4550,0.03941242769360542,0.035428017377853394,-7.690446853637695,0.0036112128291279078,-7.749196529388428,-7.0,7.0,7.611454010009766,0.7030608057975769,1.060257077217102,-0.7766290307044983,1113
individual,26,carpet,36,4550,0.043885115534067154,0.04999712109565735,-7.658204555511475,0.0036086137406527996,-4.616671085357666,-7.0,7.0,7.4673752784729,0.7797836661338806,1.130275845527649,-0.7874835133552551,1114
individual,26,carpet,37,4550,0.025062453001737595,0.02133127860724926,-7.700878143310547,0.0036059061530977488,-6.274867534637451,-7.0,7.0,7.5268874168396,0.5996066927909851,1.1656758785247803,-0.7832120060920715,1115
individual,26,carpet,38,4550,0.0305067989975214,0.0378083810210228,-7.383481025695801,0.003603102872148156,-6.924031734466553,-7.0,7.0,7.3390045166015625,0.6233408451080322,1.1294578313827515,-0.768900990486145,1116
individual,26,carpet,39,4550,0.04710087552666664,0.05294806882739067,-7.697560787200928,0.003600212512537837,-10.234681129455566,-7.0,7.0,7.700241565704346,0.7268633246421814,1.023061990737915,-0.7319714426994324,1117
individual,26,carpet,40,4550,0.11986636370420456,0.08812841773033142,-7.934604644775391,0.003597768722102046,2.38322114944458,-7.0,7.0,7.682930946350098,0.6475368142127991,1.230650544166565,-0.8239702582359314,1118
individual,26,carpet,41,4550,0.04145160689949989,0.05457179248332977,-7.7302680015563965,0.0035959386732429266,12.934849739074707,-7.0,7.0,7.475552082061768,0.6928616762161255,1.3173893690109253,-0.8472357392311096,1119
individual,26,carpet,42,4550,0.06579695641994476,0.05629226565361023,-7.403324127197266,0.003594174748286605,-1.7942931652069092,-7.0,7.0,7.491095542907715,0.5237551331520081,1.192487120628357,-0.7779781222343445,1120
individual,26,carpet,43,4550,0.026004891842603683,0.038216087967157364,-7.422475337982178,0.003592668566852808,1.2536206245422363,-7.0,7.0,7.450033664703369,0.5635327696800232,1.1716090440750122,-0.7527680397033691,1121
individual,26,carpet,44,4550,0.09160483628511429,0.06479690223932266,-7.830848693847656,0.0035912657622247934,-0.7133229970932007,-7.0,7.0,7.553289413452148,0.38521939516067505,1.1783548593521118,-0.7735106348991394,1122
individual,26,carpet,45,4550,0.027906639501452446,0.03843574970960617,-7.744049549102783,0.003589875530451536,-1.9420503377914429,-7.0,7.0,7.5605316162109375,0.7262969613075256,1.150070071220398,-0.7519807815551758,1123
individual,26,carpet,46,4550,0.11125735938549042,0.08880182355642319,-7.244612216949463,0.0035889942664653063,12.660585403442383,-7.0,7.0,7.441812992095947,0.600135326385498,1.2667405605316162,-0.807959258556366,1124
individual,26,carpet,47,4550,0.034656740725040436,0.03704275190830231,-7.476529598236084,0.0035884021781384945,3.086439847946167,-7.0,7.0,7.431191921234131,0.6658591628074646,1.263798713684082,-0.7389683723449707,1125
individual,26,carpet,48,4550,0.06862371414899826,0.043790653347969055,-7.717277526855469,0.0035878238268196583,-0.7079544067382812,-7.0,7.0,7.4321465492248535,0.38630643486976624,1.178627848625183,-0.7415570616722107,1126
individual,26,carpet,49,4550,0.03923411667346954,0.04381948336958885,-7.723803520202637,0.003586934180930257,-6.412205219268799,-7.0,7.0,7.543446063995361,0.6774805784225464,1.177603840827942,-0.7151115536689758,1127
individual,26,carpet,50,4550,0.06727159768342972,0.05829432234168053,-7.551890850067139,0.0035857781767845154,-5.414792060852051,-7.0,7.0,7.646970748901367,0.4598603844642639,1.089323878288269,-0.7129386067390442,1128
population,26,carpet,1,4550,0.06350693106651306,0.05834465101361275,-7.837639808654785,0.00407103868201375,-12.062759399414062,-7.0,7.0,7.48530912399292,0.5738629698753357,1.1012728214263916,-0.7366624474525452,1079
population,26,carpet,2,4550,0.04741865396499634,0.043728288263082504,-7.699018478393555,0.004069371614605188,-15.486445426940918,-7.0,7.0,7.555150032043457,0.6366150975227356,1.1337026357650757,-0.7425052523612976,1080
population,26,carpet,3,4550,0.03956149145960808,0.03816811367869377,-7.3060173988342285,0.004068019334226847,1.903257966041565,-7.0,7.0,7.173186779022217,0.5425176024436951,1.287947654724121,-0.789181649684906,1081
population,26,carpet,4,4550,0.040832873433828354,0.04909934476017952,-7.411751747131348,0.004066769964993,-0.40876853466033936,-7.0,7.0,7.355858325958252,0.4446152150630951,1.2029234170913696,-0.7962006330490112,1082
population,26,carpet,5,4550,0.057419195771217346,0.05777377262711525,-7.665283203125,0.004065224900841713,-5.391071319580078,-7.0,7.0,7.370028972625732,0.6879687309265137,1.2187957763671875,-0.7834675908088684,1083
population,26,carpet,6,4550,0.026611709967255592,0.03349059075117111,-7.453710079193115,0.004064265638589859,14.02951431274414,-7.0,7.0,7.172792434692383,0.6581091284751892,1.479675531387329,-0.9069198966026306,1084
population,26,carpet,7,4550,0.04724310711026192,0.04539599269628525,-7.494830131530762,0.004063833504915237,15.54111099243164,-7.0,7.0,7.452919960021973,0.6227980256080627,1.4584143161773682,-0.8738983273506165,1085
population,26,carpet,8,4550,0.04182405769824982,0.04346958547830582,-7.33660364151001,0.004063360393047333,-1.0653502941131592,-7.0,7.0,7.226955890655518,0.6854158043861389,1.2797539234161377,-0.8072727918624878,1086
population,26,carpet,9,4550,0.03017643839120865,0.036363426595926285,-7.639499664306641,0.0040633645839989185,15.213150978088379,-7.0,7.0,7.468797206878662,0.6878522634506226,1.5109460353851318,-0.8998131155967712,1087
population,26,carpet,10,4550,0.03312016651034355,0.03456512838602066,-7.563300132751465,0.004063800442963839,15.500588417053223,-7.0,7.0,7.433714389801025,0.5923493504524231,1.4674667119979858,-0.9022493362426758,1088
population,26,carpet,11,4550,0.02807801403105259,0.028880469501018524,-7.417043209075928,0.004064621869474649,7.85385799407959,-7.0,7.0,7.392190933227539,0.6009512543678284,1.3994102478027344,-0.8777503967285156,1089
population,26,carpet,12,4550,0.03150036185979843,0.03883283957839012,-7.54749870300293,0.004065793007612228,9.5724458694458,-7.0,7.0,7.548105239868164,0.6595771908760071,1.3901422023773193,-0.8647623658180237,1090
population,26,carpet,13,4550,0.017383869737386703,0.0158075001090765,-7.486385345458984,0.004066491033881903,-4.563374042510986,-7.0,7.0,7.304515838623047,0.6441086530685425,1.2626465559005737,-0.8010514378547668,1091
population,26,carpet,14,4550,0.022726329043507576,0.026828663423657417,-7.591307640075684,0.004067299421876669,2.310657024383545,-7.0,7.0,7.45743989944458,0.6851476430892944,1.312705397605896,-0.8390296697616577,1092
population,26,carpet,15,4550,0.024275464937090874,0.0217149518430233,-7.607590198516846,0.0040684593841433525,6.580932140350342,-7.0,7.0,7.443392753601074,0.636326253414154,1.3536670207977295,-0.8444796800613403,1093
population,26,carpet,16,4550,0.02297750860452652,0.022688232362270355,-7.553606986999512,0.004069072660058737,-7.39871883392334,-7.0,7.0,7.484640121459961,0.5677788257598877,1.2725603580474854,-0.8111212849617004,1094
population,26,carpet,17,4550,0.04511516913771629,0.04435470327734947,-7.508209228515625,0.004069914575666189,3.706160545349121,-7.0,7.0,7.474555015563965,0.5301947593688965,1.3529268503189087,-0.8154875636100769,1095
population,26,carpet,18,4550,0.040797486901283264,0.04783698916435242,-7.758540630340576,0.004070394206792116,-3.5600929260253906,-7.0,7.0,7.570329189300537,0.47155988216400146,1.2418726682662964,-0.8100425601005554,1096
population,26,carpet,19,4550,0.022724894806742668,0.025166817009449005,-7.717638969421387,0.004070924129337072,1.253938913345337,-7.0,7.0,7.477180480957031,0.6564047336578369,1.2808517217636108,-0.8219243288040161,1097
population,26,carpet,20,4550,0.016161706298589706,0.014449195936322212,-7.461849689483643,0.004071452189236879,0.6556177139282227,-7.0,7.0,7.277192115783691,0.6337026357650757,1.303229570388794,-0.8256567716598511,1098
population,26,carpet,21,4550,0.056290965527296066,0.06308457255363464,-7.514572620391846,0.004071768373250961,-2.0393900871276855,-7.0,7.0,7.507818222045898,0.4709540903568268,1.2777900695800781,-0.8384773135185242,1099
population,26,carpet,22,4550,0.027915213257074356,0.02984287589788437,-7.855120658874512,0.0040716188959777355,-8.310951232910156,-7.0,7.0,7.584806442260742,0.517641007900238,1.2009881734848022,-0.8034815192222595,1100
population,26,carpet,23,4550,0.03292519599199295,0.04160403460264206,-7.834498882293701,0.004071052186191082,-9.101851463317871,-7.0,7.0,7.548964977264404,0.3967517018318176,1.2074366807937622,-0.8067682981491089,1101
population,26,carpet,24,4550,0.0328294113278389,0.03144790977239609,-7.812593460083008,0.004070209804922342,-4.236674785614014,-7.0,7.0,7.5673508644104,0.6432803273200989,1.250506043434143,-0.8440121412277222,1102
population,26,carpet,25,4550,0.022739052772521973,0.03160422295331955,-7.477283000946045,0.004069377202540636,-0.932476282119751,-7.0,7.0,7.385951042175293,0.7385240793228149,1.3430908918380737,-0.8552584052085876,1103
population,26,carpet,26,4550,0.03502724692225456,0.033201880753040314,-7.606628894805908,0.004068385809659958,-3.060281753540039,-7.0,7.0,7.551042556762695,0.64166259765625,1.239424467086792,-0.8281554579734802,1104
population,26,carpet,27,4550,0.02145492471754551,0.028704002499580383,-7.764926910400391,0.00406744284555316,-0.645122766494751,-7.0,7.0,7.476492881774902,0.5760655403137207,1.326970100402832,-0.8463706374168396,1105
population,26,carpet,28,4550,0.03409978374838829,0.029315590858459473,-7.768507480621338,0.004066638182848692,0.5648332834243774,-7.0,7.0,7.493427276611328,0.4662054181098938,1.3021008968353271,-0.8410139083862305,1106
population,26,carpet,29,4550,0.05537968873977661,0.06670735776424408,-7.616758346557617,0.004065480548888445,-5.951737403869629,-7.0,7.0,7.645496845245361,0.6564120054244995,1.2675482034683228,-0.8716853260993958,1107
population,26,carpet,30,4550,0.022338001057505608,0.019267229363322258,-7.962709426879883,0.004064624197781086,2.356311798095703,-7.0,7.0,7.7295074462890625,0.7601383328437805,1.2769514322280884,-0.8483042120933533,1108
population,26,carpet,31,4550,0.02751283533871174,0.033285073935985565,-7.88804817199707,0.00406381580978632,-0.4587632417678833,-7.0,7.0,7.66210412979126,0.6272019147872925,1.213030219078064,-0.9068841934204102,1109
population,26,carpet,32,4550,0.05139187350869179,0.043538253754377365,-8.053434371948242,0.0040635233744978905,15.726763725280762,-7.0,7.0,7.677453994750977,0.7022781372070312,1.414198637008667,-0.9222409129142761,1110
population,26,carpet,33,4550,0.019433826208114624,0.020422784611582756,-7.732378959655762,0.004063500091433525,3.0463931560516357,-7.0,7.0,7.588669776916504,0.5741357803344727,1.318825602531433,-0.9242307543754578,1111
population,26,carpet,34,4550,0.05641192942857742,0.05777456611394882,-7.550233840942383,0.00406391266733408,18.7950382232666,-7.0,7.0,7.576888561248779,0.5806133151054382,1.5057575702667236,-0.9435020089149475,1112
population,26,carpet,35,4550,0.0321589894592762,0.03547405079007149,-7.820250511169434,0.004064719192683697,9.304404258728027,-7.0,7.0,7.575572490692139,0.6588222980499268,1.3429124355316162,-0.9141772389411926,1113
population,26,carpet,36,4550,0.036852963268756866,0.053612563759088516,-7.893446445465088,0.004065473098307848,0.34529709815979004,-7.0,7.0,7.610786437988281,0.5748832821846008,1.2646809816360474,-0.925237774848938,1114
population,26,carpet,37,4550,0.03661882504820824,0.029236316680908203,-7.7167840003967285,0.004066558554768562,5.161689281463623,-7.0,7.0,7.482354164123535,0.49674901366233826,1.3132294416427612,-0.9077309370040894,1115
population,26,carpet,38,4550,0.05522832274436951,0.079616017639637,-7.355226039886475,0.004067970439791679,7.240599155426025,-7.0,7.0,7.393331050872803,0.6008523106575012,1.348798155784607,-0.8999601602554321,1116
population,26,carpet,39,4550,0.03319644182920456,0.03851312771439552,-7.668848991394043,0.004069575108587742,4.20850944519043,-7.0,7.0,7.587650775909424,0.6428567171096802,1.311334490776062,-0.894883930683136,1117
population,26,carpet,40,4550,0.041860755532979965,0.06448482722043991,-8.06425666809082,0.004071015398949385,-0.06136119365692139,-7.0,7.0,7.769299030303955,0.6045092344284058,1.324123501777649,-0.9236605763435364,1118
population,26,carpet,41,4550,0.0439036563038826,0.04378853738307953,-7.929210662841797,0.004072308540344238,-0.05074694752693176,-7.0,7.0,7.70465612411499,0.4635216295719147,1.2574185132980347,-0.8793030381202698,1119
population,26,carpet,42,4550,0.03246988728642464,0.036450520157814026,-7.643654823303223,0.004073908552527428,5.505634784698486,-7.0,7.0,7.512801170349121,0.6943204402923584,1.327130675315857,-0.9168187379837036,1120
population,26,carpet,43,4550,0.050673749297857285,0.06769145280122757,-7.571252346038818,0.004075678996741772,4.148889064788818,-7.0,7.0,7.631729602813721,0.41260233521461487,1.3569819927215576,-0.884336531162262,1121
population,26,carpet,44,4550,0.04518480971455574,0.04101022332906723,-7.938379764556885,0.004077708348631859,9.690011978149414,-7.0,7.0,7.807921886444092,0.5895639061927795,1.3301750421524048,-0.908478856086731,1122
population,26,carpet,45,4550,0.03696624934673309,0.04118076711893082,-7.8953046798706055,0.004079971928149462,5.792705059051514,-7.0,7.0,7.685112476348877,0.4444137215614319,1.292267918586731,-0.9179486632347107,1123
population,26,carpet,46,4550,0.023185797035694122,0.02738942578434944,-7.811465740203857,0.0040815738029778,-7.797421455383301,-7.0,7.0,7.787805080413818,0.5371864438056946,1.1913782358169556,-0.8858980536460876,1124
population,26,carpet,47,4550,0.034435100853443146,0.048587217926979065,-7.715479850769043,0.00408297311514616,-0.5383182168006897,-7.0,7.0,7.75343132019043,0.6929544806480408,1.2489204406738281,-0.8678823113441467,1125
population,26,carpet,48,4550,0.025423061102628708,0.033767301589250565,-7.670259475708008,0.004083831794559956,-5.059032917022705,-7.0,7.0,7.646331310272217,0.5816090106964111,1.1964128017425537,-0.86769038438797,1126
population,26,carpet,49,4550,0.03386681526899338,0.042052820324897766,-7.691485404968262,0.004084472544491291,-1.6753411293029785,-7.0,7.0,7.536932468414307,0.7626743316650391,1.2473634481430054,-0.844689667224884,1127
population,26,carpet,50,4550,0.037597112357616425,0.0399460569024086,-7.701180934906006,0.0040846108458936214,-8.42781925201416,-7.0,7.0,7.6882643699646,0.41213831305503845,1.1847734451293945,-0.8115329742431641,1128
individual,27,carpet,1,4725,0.03641150891780853,0.031456347554922104,-7.79587459564209,0.0035845423117280006,-2.9669132232666016,-7.0,7.0,7.749545097351074,0.5263567566871643,1.1165125370025635,-0.7464882731437683,1129
individual,27,carpet,2,4725,0.033034831285476685,0.0230002012103796,-7.709594249725342,0.003583106677979231,-4.944344997406006,-7.0,7.0,7.499118804931641,0.6381688714027405,1.1767103672027588,-0.7112789750099182,1130
individual,27,carpet,3,4725,0.020738525316119194,0.024707555770874023,-7.793914794921875,0.0035818493925035,0.5436296463012695,-7.0,7.0,7.566458702087402,0.7741864919662476,1.2324970960617065,-0.7279637455940247,1131
individual,27,carpet,4,4725,0.030270671471953392,0.030332351103425026,-7.688555717468262,0.0035803501959890127,-5.966426849365234,-7.0,7.0,7.546687126159668,0.8381118178367615,1.1741220951080322,-0.6773561239242554,1132
individual,27,carpet,5,4725,0.02387518808245659,0.02517024241387844,-7.604799747467041,0.00357863144017756,-8.83967113494873,-7.0,7.0,7.6156792640686035,0.5761271715164185,1.1596444845199585,-0.6680389046669006,1133
individual,27,carpet,6,4725,0.030012382194399834,0.03141440451145172,-7.868008613586426,0.0035767173394560814,-10.495840072631836,-7.0,7.0,7.809623718261719,0.6343104839324951,1.1043184995651245,-0.6914250254631042,1134
individual,27,carpet,7,4725,0.03362075984477997,0.0340590663254261,-7.797112941741943,0.003574626985937357,-13.486371994018555,-7.0,7.0,7.67379093170166,0.5340507626533508,1.0258429050445557,-0.6394004821777344,1135
individual,27,carpet,8,4725,0.03660857677459717,0.05232713744044304,-7.7668232917785645,0.0035723778419196606,-11.978903770446777,-7.0,7.0,7.61268424987793,0.6487693786621094,1.0588116645812988,-0.6638745069503784,1136
individual,27,carpet,9,4725,0.045836012810468674,0.046611007302999496,-7.427057266235352,0.003569986904039979,-12.995672225952148,-7.0,7.0,7.467065334320068,0.6946770548820496,1.042901635169983,-0.6895242929458618,1137
individual,27,carpet,10,4725,0.03427371755242348,0.03134314343333244,-7.659297466278076,0.0035674700047820807,-20.82828712463379,-7.0,7.0,7.607669353485107,0.6662329435348511,0.9616660475730896,-0.6212748885154724,1138
individual,27,carpet,11,4725,0.03348718583583832,0.030852004885673523,-7.977368354797363,0.0035648394841700792,-16.668733596801758,-7.0,7.0,7.795856475830078,0.5981280207633972,1.0396696329116821,-0.664249062538147,1139
individual,27,carpet,12,4725,0.03807646408677101,0.04037458077073097,-7.8735032081604,0.003562105353921652,-13.331584930419922,-7.0,7.0,7.8504319190979,0.6540284156799316,1.046012043952942,-0.6572241187095642,1140
individual,27,carpet,13,4725,0.020358284935355186,0.0236424021422863,-7.641002178192139,0.003559280186891556,-12.264799118041992,-7.0,7.0,7.574229717254639,0.5863130688667297,1.0784882307052612,-0.71136075258255,1141
individual,27,carpet,14,4725,0.034080274403095245,0.05141173675656319,-7.606398105621338,0.0035563723649829626,-6.084851264953613,-7.0,7.0,7.656290531158447,0.792597770690918,1.1445170640945435,-0.7044718861579895,1142
individual,27,carpet,15,4725,0.022565757855772972,0.022175824269652367,-7.908733367919922,0.0035533923655748367,-26.821659088134766,-7.0,7.0,7.798609256744385,0.4978889524936676,0.9089615941047668,-0.6619778275489807,1143
individual,27,carpet,16,4725,0.03702929988503456,0.06659405678510666,-8.160137176513672,0.0035503471735864878,-9.3102388381958,-7.0,7.0,7.921627044677734,0.6731971502304077,1.0825475454330444,-0.6934393048286438,1144
individual,27,carpet,17,4725,0.04516106843948364,0.04611713066697121,-7.579677104949951,0.003547241911292076,-17.083850860595703,-7.0,7.0,7.620779514312744,0.7160585522651672,1.0447190999984741,-0.6848672032356262,1145
individual,27,carpet,18,4725,0.02684948965907097,0.04507581517100334,-7.6241021156311035,0.0035440854262560606,-14.084039688110352,-7.0,7.0,7.595231056213379,0.6939955949783325,1.087795376777649,-0.7106361985206604,1146
individual,27,carpet,19,4725,0.06361665576696396,0.053094532340765,-7.996469974517822,0.0035408828407526016,-10.261454582214355,-7.0,7.0,7.717416286468506,0.7440603375434875,1.079486608505249,-0.716597855091095,1147
individual,27,carpet,20,4725,0.024356892332434654,0.04459119588136673,-7.938774585723877,0.0035376374144107103,-11.072997093200684,-7.0,7.0,7.724236965179443,0.6837686896324158,1.0506783723831177,-0.6678127646446228,1148
individual,27,carpet,21,4725,0.038426730781793594,0.03430948033928871,-7.669018268585205,0.00353435636498034,-13.489758491516113,-7.0,7.0,7.6765031814575195,0.4906134009361267,1.0653440952301025,-0.7018218040466309,1149
individual,27,carpet,22,4725,0.04493580013513565,0.07521159201860428,-7.66054105758667,0.0035310410894453526,-12.09782600402832,-7.0,7.0,7.741004943847656,0.685051679611206,1.0651935338974,-0.6765437722206116,1150
individual,27,carpet,23,4725,0.03457842022180557,0.020472368225455284,-7.9013495445251465,0.0035276971757411957,-20.43235206604004,-7.0,7.0,7.793423652648926,0.5592247247695923,1.0542274713516235,-0.6684141159057617,1151
individual,27,carpet,24,4725,0.053373247385025024,0.09929659962654114,-7.964849948883057,0.003524327650666237,-6.653648853302002,-7.0,7.0,7.63559627532959,0.8312159776687622,1.0888456106185913,-0.6925201416015625,1152
individual,27,carpet,25,4725,0.05451209843158722,0.03072664514183998,-7.728740215301514,0.0035209364723414183,-18.867721557617188,-7.0,7.0,7.813039302825928,0.5841017961502075,1.0200563669204712,-0.6724119186401367,1153
individual,27,carpet,26,4725,0.04005606472492218,0.06169779598712921,-7.624788284301758,0.003517524804919958,-14.464544296264648,-7.0,7.0,7.718223571777344,0.6733012795448303,0.9974769949913025,-0.6833696961402893,1154
individual,27,carpet,27,4725,0.03812013939023018,0.0505635030567646,-7.701909065246582,0.0035140947438776493,-13.786980628967285,-7.0,7.0,7.731417179107666,0.6644881963729858,1.013255000114441,-0.643448531627655,1155
individual,27,carpet,28,4725,0.05907159298658371,0.06330063194036484,-7.830271244049072,0.003510649548843503,-15.383987426757812,-7.0,7.0,7.5116353034973145,0.7739723324775696,1.032039999961853,-0.6499489545822144,1156
individual,27,carpet,29,4725,0.043088264763355255,0.056060463190078735,-7.862123489379883,0.0035071910824626684,-21.697919845581055,-7.0,7.0,7.7361860275268555,0.5080329775810242,0.9400089979171753,-0.6252244710922241,1157
individual,27,carpet,30,4725,0.052453041076660156,0.05087719112634659,-7.806389331817627,0.003503720974549651,-30.536348342895508,-7.0,7.0,7.898954391479492,0.6047993898391724,0.8137887716293335,-0.5690712332725525,1158
individual,27,carpet,31,4725,0.035161152482032776,0.07020039856433868,-7.626230716705322,0.003500239457935095,-28.654098510742188,-7.0,7.0,7.7025275230407715,0.749688982963562,0.8900521397590637,-0.5922085642814636,1159
individual,27,carpet,32,4725,0.059704918414354324,0.05637358874082565,-8.047398567199707,0.003496749559417367,-22.012889862060547,-7.0,7.0,7.793341636657715,0.7113073468208313,0.9045606255531311,-0.594197154045105,1160
individual,27,carpet,33,4725,0.027528103440999985,0.04614861309528351,-8.105844497680664,0.0034932515118271112,-31.232463836669922,-7.0,7.0,7.970353603363037,0.6429234147071838,0.8695040345191956,-0.6125820279121399,1161
individual,27,carpet,34,4725,0.043707091361284256,0.03861098736524582,-7.771847724914551,0.003489746944978833,-28.607017517089844,-7.0,7.0,7.729093551635742,0.6131778359413147,0.8530613780021667,-0.5910073518753052,1162
individual,27,carpet,35,4725,0.048498183488845825,0.04156985506415367,-7.944201469421387,0.0034862374886870384,-29.357162475585938,-7.0,7.0,7.879858016967773,0.582476019859314,0.8548654913902283,-0.6017807722091675,1163
individual,27,carpet,36,4725,0.05038320645689964,0.04051804170012474,-7.833172798156738,0.0034827233757823706,-23.874109268188477,-7.0,7.0,7.755555629730225,0.6459073424339294,0.955708384513855,-0.6552842259407043,1164
individual,27,carpet,37,4725,0.021364640444517136,0.038197554647922516,-7.866925239562988,0.003479206236079335,-21.61184310913086,-7.0,7.0,7.722097396850586,0.4678169786930084,0.9368375539779663,-0.6911068558692932,1165
individual,27,carpet,38,4725,0.03374556079506874,0.03761373087763786,-7.987156391143799,0.0034756858367472887,-29.834644317626953,-7.0,7.0,7.869232177734375,0.6995768547058105,0.8488102555274963,-0.6237103343009949,1166
individual,27,carpet,39,4725,0.022085439413785934,0.03450653329491615,-7.765257835388184,0.0034721640404313803,-28.314760208129883,-7.0,7.0,7.774538993835449,0.4957711398601532,0.8557819128036499,-0.62879878282547,1167
individual,27,carpet,40,4725,0.03340999409556389,0.04185957834124565,-7.961328506469727,0.003468639450147748,-28.21955108642578,-7.0,7.0,7.9497222900390625,0.569261908531189,0.8443393707275391,-0.6306540369987488,1168
individual,27,carpet,41,4725,0.029553290456533432,0.04462693631649017,-7.784605503082275,0.0034651148598641157,-18.832347869873047,-7.0,7.0,7.614918231964111,0.6232405304908752,0.8970760703086853,-0.640661358833313,1169
individual,27,carpet,42,4725,0.020676085725426674,0.022055713459849358,-8.045467376708984,0.003461589105427265,-29.613449096679688,-7.0,7.0,7.984074115753174,0.7177932262420654,0.8538957238197327,-0.6389936208724976,1170
individual,27,carpet,43,4725,0.036732494831085205,0.050389327108860016,-7.95571756362915,0.0034580633509904146,-30.594758987426758,-7.0,7.0,8.026782035827637,0.5301694273948669,0.7674365043640137,-0.6424655914306641,1171
individual,27,carpet,44,4725,0.02782434970140457,0.018334107473492622,-7.885644912719727,0.0034545380622148514,-25.59864616394043,-7.0,7.0,7.784201622009277,0.5775255560874939,0.8822765946388245,-0.6542778015136719,1172
individual,27,carpet,45,4725,0.030582085251808167,0.027284298092126846,-7.921031951904297,0.0034510132391005754,-23.426172256469727,-7.0,7.0,7.873228073120117,0.6035966873168945,0.8496585488319397,-0.6571125388145447,1173
individual,27,carpet,46,4725,0.025230346247553825,0.012062202207744122,-7.893322944641113,0.0034474902786314487,-35.14733123779297,-7.0,7.0,7.904158592224121,0.7120866775512695,0.794380784034729,-0.6250185370445251,1174
individual,27,carpet,47,4725,0.03210392966866493,0.034280650317668915,-7.886473655700684,0.0034439675509929657,-27.871662139892578,-7.0,7.0,7.813233375549316,0.7340497374534607,0.8111944794654846,-0.6454247832298279,1175
individual,27,carpet,48,4725,0.06549696624279022,0.04814615473151207,-8.141963958740234,0.003440446685999632,-29.62407112121582,-7.0,7.0,8.071338653564453,0.6606186032295227,0.8220356106758118,-0.6329282522201538,1176
individual,27,carpet,49,4725,0.02429785393178463,0.03532934561371803,-8.141597747802734,0.003436927916482091,-25.74602699279785,-7.0,7.0,8.00386905670166,0.6621593832969666,0.8239529728889465,-0.6424137353897095,1177
individual,27,carpet,50,4725,0.04378669336438179,0.03184908628463745,-8.024677276611328,0.003433411242440343,-23.500926971435547,-7.0,7.0,8.053237915039062,0.5384128093719482,0.8618131875991821,-0.6686287522315979,1178
population,27,carpet,1,4725,0.07889502495527267,0.08712132275104523,-7.593372344970703,0.0040851738303899765,5.869839191436768,-7.0,7.0,7.665227890014648,0.6025649309158325,1.329144835472107,-0.831858217716217,1129
population,27,carpet,2,4725,0.0671798586845398,0.05032963678240776,-7.760857582092285,0.004085241816937923,-6.196155071258545,-7.0,7.0,7.597460746765137,0.6916069388389587,1.2555172443389893,-0.7871847748756409,1130
population,27,carpet,3,4725,0.033302441239356995,0.03502701595425606,-7.701151371002197,0.004084866028279066,-12.358026504516602,-7.0,7.0,7.669527053833008,0.5422253608703613,1.087777853012085,-0.7776814699172974,1131
population,27,carpet,4,4725,0.03896372765302658,0.02321036159992218,-7.9071946144104,0.004084090702235699,-12.871556282043457,-7.0,7.0,7.9136176109313965,0.47840017080307007,1.0603173971176147,-0.7332243919372559,1132
population,27,carpet,5,4725,0.040406741201877594,0.039355821907520294,-7.846940994262695,0.00408295588567853,-9.916144371032715,-7.0,7.0,7.647199630737305,0.6580100655555725,1.0879504680633545,-0.7205795049667358,1133
population,27,carpet,6,4725,0.027830075472593307,0.03147689625620842,-7.864383220672607,0.004081497900187969,-22.537376403808594,-7.0,7.0,7.771883010864258,0.5567092299461365,0.9670279622077942,-0.6971854567527771,1134
population,27,carpet,7,4725,0.05363377556204796,0.06307573616504669,-8.088927268981934,0.004079748410731554,-16.418729782104492,-7.0,7.0,7.7692108154296875,0.5546448230743408,0.996671736240387,-0.7111466526985168,1135
population,27,carpet,8,4725,0.0615520179271698,0.044793516397476196,-7.797828197479248,0.0040777395479381084,-26.24333953857422,-7.0,7.0,7.830178737640381,0.5532476902008057,0.9709126353263855,-0.6676458716392517,1136
population,27,carpet,9,4725,0.03266017511487007,0.03964810445904732,-7.7422943115234375,0.00407549599185586,-24.60039520263672,-7.0,7.0,7.661355018615723,0.4430747926235199,1.015702486038208,-0.6718918085098267,1137
population,27,carpet,10,4725,0.0679703950881958,0.0486593060195446,-8.08787727355957,0.004073042422533035,-15.337091445922852,-7.0,7.0,7.764771938323975,0.7802444696426392,1.1129125356674194,-0.7170604467391968,1138
population,27,carpet,11,4725,0.018317610025405884,0.020577017217874527,-7.922924041748047,0.004070399794727564,-10.666507720947266,-7.0,7.0,7.664309978485107,0.6195862889289856,1.1135989427566528,-0.7392129302024841,1139
population,27,carpet,12,4725,0.05152100324630737,0.03172752261161804,-7.95603084564209,0.004067586734890938,-10.078155517578125,-7.0,7.0,7.924383640289307,0.7019166946411133,1.1325827836990356,-0.7658272981643677,1140
population,27,carpet,13,4725,0.025733837857842445,0.02501680515706539,-8.123213768005371,0.004064920358359814,-1.7124533653259277,-7.0,7.0,7.924555778503418,0.6285528540611267,1.2507015466690063,-0.7937512993812561,1141
population,27,carpet,14,4725,0.04696648195385933,0.028354432433843613,-7.996936798095703,0.004062794614583254,3.466505527496338,-7.0,7.0,7.75742244720459,0.3270837366580963,1.2711280584335327,-0.84662264585495,1142
population,27,carpet,15,4725,0.01565350592136383,0.01788928173482418,-7.957575798034668,0.004060447681695223,-9.02348804473877,-7.0,7.0,7.81562614440918,0.5518958568572998,1.207185983657837,-0.8434721231460571,1143
population,27,carpet,16,4725,0.06695001572370529,0.04293715953826904,-7.7633256912231445,0.004058771301060915,6.607303142547607,-7.0,7.0,7.836965084075928,0.47452303767204285,1.327251672744751,-0.886758029460907,1144
population,27,carpet,17,4725,0.028039224445819855,0.02384299412369728,-8.060638427734375,0.004057698883116245,11.594483375549316,-7.0,7.0,7.959818363189697,0.4176526665687561,1.4136250019073486,-0.9436749219894409,1145
population,27,carpet,18,4725,0.06655950099229813,0.047898512333631516,-8.201410293579102,0.004057168960571289,20.75478744506836,-7.0,7.0,7.949793338775635,0.796806812286377,1.4140901565551758,-0.9848552346229553,1146
population,27,carpet,19,4725,0.028059814125299454,0.032006893306970596,-7.975547790527344,0.004057126585394144,34.68757247924805,-7.0,7.0,7.8585076332092285,0.5989014506340027,1.6457656621932983,-1.0644781589508057,1147
population,27,carpet,20,4725,0.05567973479628563,0.0425838977098465,-7.742461681365967,0.004057521000504494,25.1707763671875,-7.0,7.0,7.722994327545166,0.617781937122345,1.5238133668899536,-1.0445107221603394,1148
population,27,carpet,21,4725,0.03150571137666702,0.021304504945874214,-7.846463203430176,0.00405831029638648,25.91855239868164,-7.0,7.0,7.658654689788818,0.6681023836135864,1.5756618976593018,-1.0800071954727173,1149
population,27,carpet,22,4725,0.032439734786748886,0.022393424063920975,-8.168383598327637,0.004059456288814545,32.035099029541016,-7.0,7.0,7.891565799713135,0.6861382722854614,1.6372827291488647,-1.080926537513733,1150
population,27,carpet,23,4725,0.07752213627099991,0.058747000992298126,-8.356557846069336,0.004060921724885702,16.357458114624023,-7.0,7.0,8.07642936706543,0.47580409049987793,1.4408472776412964,-1.0284138917922974,1151
population,27,carpet,24,4725,0.04524349421262741,0.030288152396678925,-7.724539279937744,0.004062676802277565,32.22203063964844,-7.0,7.0,7.611316204071045,0.7450622916221619,1.667396903038025,-1.0856082439422607,1152
population,27,carpet,25,4725,0.05732747167348862,0.04202912002801895,-8.068952560424805,0.004064691718667746,25.571544647216797,-7.0,7.0,8.065492630004883,0.6077483296394348,1.5320701599121094,-1.0363945960998535,1153
population,27,carpet,26,4725,0.037006013095378876,0.03824806958436966,-8.101462364196777,0.004066940862685442,34.764366149902344,-7.0,7.0,7.836496353149414,0.5112969279289246,1.6544923782348633,-1.0493687391281128,1154
population,27,carpet,27,4725,0.07042097300291061,0.04746878892183304,-8.028624534606934,0.0040694004856050014,17.257558822631836,-7.0,7.0,7.784354209899902,0.47245118021965027,1.492291808128357,-0.9832326769828796,1155
population,27,carpet,28,4725,0.06673742085695267,0.062420159578323364,-7.9890241622924805,0.004072051960974932,12.116198539733887,-7.0,7.0,8.008333206176758,0.501108705997467,1.4534121751785278,-0.9621252417564392,1156
population,27,carpet,29,4725,0.03812749683856964,0.026916390284895897,-7.981880187988281,0.004074874334037304,8.982617378234863,-7.0,7.0,7.903625011444092,0.49767762422561646,1.3505076169967651,-0.9640223383903503,1157
population,27,carpet,30,4725,0.028416262939572334,0.03678842633962631,-8.077475547790527,0.004077852237969637,7.486661434173584,-7.0,7.0,7.846424102783203,0.5713369250297546,1.4560431241989136,-0.897278368473053,1158
population,27,carpet,31,4725,0.04020112380385399,0.031526483595371246,-8.104081153869629,0.004080760292708874,2.82533597946167,-7.0,7.0,7.826308250427246,0.6600146889686584,1.3597943782806396,-0.8921778798103333,1159
population,27,carpet,32,4725,0.03160642832517624,0.03525453060865402,-8.022747039794922,0.004083814565092325,10.076614379882812,-7.0,7.0,8.003816604614258,0.48101770877838135,1.4374796152114868,-0.8664695024490356,1160
population,27,carpet,33,4725,0.03780212253332138,0.02246800623834133,-7.951140880584717,0.004086128436028957,-8.072382926940918,-7.0,7.0,7.949074745178223,0.6129295229911804,1.1926759481430054,-0.8107575178146362,1161
population,27,carpet,34,4725,0.06576023250818253,0.04749320447444916,-8.000533103942871,0.004087802488356829,-5.148250102996826,-7.0,7.0,7.995204448699951,0.6678524613380432,1.209432601928711,-0.7922054529190063,1162
population,27,carpet,35,4725,0.04884546250104904,0.04485942795872688,-8.273884773254395,0.004088872577995062,-16.07818603515625,-7.0,7.0,8.10293960571289,0.5572344064712524,1.101601481437683,-0.7536682486534119,1163
population,27,carpet,36,4725,0.05605659633874893,0.027596987783908844,-7.9723615646362305,0.004089399240911007,-12.09267520904541,-7.0,7.0,7.683114528656006,0.6383482813835144,1.1242965459823608,-0.7853411436080933,1164
population,27,carpet,37,4725,0.04989255964756012,0.05076104775071144,-8.021883964538574,0.004089434165507555,-14.199501991271973,-7.0,7.0,7.919826984405518,0.6966548562049866,1.156970739364624,-0.7188158631324768,1165
population,27,carpet,38,4725,0.05188096687197685,0.026704804971814156,-8.052757263183594,0.00408902857452631,-14.147163391113281,-7.0,7.0,8.056562423706055,0.5695587396621704,1.0974191427230835,-0.7185603976249695,1166
population,27,carpet,39,4725,0.023168252781033516,0.021710289642214775,-8.071757316589355,0.004088266286998987,-4.995362758636475,-7.0,7.0,7.836310863494873,0.6868794560432434,1.167169451713562,-0.7516065835952759,1167
population,27,carpet,40,4725,0.07064995914697647,0.04443342611193657,-8.272974967956543,0.004087143577635288,-15.289262771606445,-7.0,7.0,7.983847618103027,0.49312010407447815,1.0793089866638184,-0.739408016204834,1168
population,27,carpet,41,4725,0.026028621941804886,0.022151529788970947,-8.07454776763916,0.004085697699338198,-5.871405124664307,-7.0,7.0,7.949565410614014,0.7451623678207397,1.229907751083374,-0.7864909768104553,1169
population,27,carpet,42,4725,0.0429704450070858,0.026957232505083084,-8.024430274963379,0.0040839603170752525,-8.68560791015625,-7.0,7.0,8.00439453125,0.6036844253540039,1.1335779428482056,-0.7898979783058167,1170
population,27,carpet,43,4725,0.05544111877679825,0.044794436544179916,-8.120814323425293,0.004081960767507553,-5.844558238983154,-7.0,7.0,7.999914646148682,0.5252619981765747,1.1821354627609253,-0.7817479372024536,1171
population,27,carpet,44,4725,0.041097987443208694,0.04058336839079857,-8.259013175964355,0.004080592654645443,5.430268287658691,-7.0,7.0,7.941383361816406,0.7850562930107117,1.3341699838638306,-0.8614698648452759,1172
population,27,carpet,45,4725,0.020942559465765953,0.018205834552645683,-8.151544570922852,0.004078925587236881,-10.451862335205078,-7.0,7.0,8.098858833312988,0.5146816372871399,1.2200345993041992,-0.833589494228363,1173
population,27,carpet,46,4725,0.05736606940627098,0.05859707295894623,-8.081528663635254,0.004077381454408169,-0.5520040988922119,-7.0,7.0,8.112264633178711,0.6357340812683105,1.2799551486968994,-0.8510293960571289,1174
population,27,carpet,47,4725,0.019554024562239647,0.027431998401880264,-8.006149291992188,0.0040764291770756245,14.312524795532227,-7.0,7.0,7.850426197052002,0.6941182613372803,1.5172507762908936,-0.89726322889328,1175
population,27,carpet,48,4725,0.035888344049453735,0.03653591126203537,-8.432063102722168,0.004076007287949324,14.58536148071289,-7.0,7.0,8.266368865966797,0.6332223415374756,1.4363288879394531,-0.9287847280502319,1176
population,27,carpet,49,4725,0.060451801866292953,0.03189556673169136,-8.199565887451172,0.004076063632965088,16.993404388427734,-7.0,7.0,8.04909610748291,0.5767669677734375,1.4780702590942383,-0.9242376685142517,1177
population,27,carpet,50,4725,0.051540933549404144,0.05565304681658745,-8.040443420410156,0.00407654931768775,13.543622970581055,-7.0,7.0,8.093696594238281,0.7245772480964661,1.5033215284347534,-0.9080427885055542,1178
individual,28,carpet,1,4900,0.04198015481233597,0.04000995680689812,-7.99459171295166,0.0034298961982131004,-27.066614151000977,-7.0,7.0,7.8140130043029785,0.5751981735229492,0.8784114122390747,-0.6601648926734924,1179
individual,28,carpet,2,4900,0.04348169267177582,0.03932216763496399,-8.098808288574219,0.0034263834822922945,-29.42649269104004,-7.0,7.0,7.921029090881348,0.7042495608329773,0.8860083818435669,-0.6682493090629578,1180
individual,28,carpet,3,4900,0.04405305162072182,0.037248216569423676,-8.272007942199707,0.003422872396185994,-11.341175079345703,-7.0,7.0,8.185029029846191,0.8716132044792175,1.0618891716003418,-0.7406929135322571,1181
individual,28,carpet,4,4900,0.023969508707523346,0.025918595492839813,-8.056707382202148,0.0034193634055554867,-15.144294738769531,-7.0,7.0,7.866958141326904,0.6092605590820312,0.997065544128418,-0.7438426613807678,1182
individual,28,carpet,5,4900,0.07316163927316666,0.06553107500076294,-8.25267219543457,0.0034158581402152777,-21.823074340820312,-7.0,7.0,7.985446929931641,0.583819568157196,0.9727852940559387,-0.7221912741661072,1183
individual,28,carpet,6,4900,0.03591679781675339,0.03423110395669937,-8.157818794250488,0.003412354737520218,-15.510763168334961,-7.0,7.0,7.988389015197754,0.6104142665863037,0.9573426842689514,-0.7823402285575867,1184
individual,28,carpet,7,4900,0.040318600833415985,0.04769740626215935,-7.989784240722656,0.003408854827284813,-7.417364120483398,-7.0,7.0,7.962945938110352,0.593630313873291,1.0879243612289429,-0.8199127316474915,1185
individual,28,carpet,8,4900,0.03225972130894661,0.03406621888279915,-8.095611572265625,0.0034053586423397064,-8.947876930236816,-7.0,7.0,7.929441452026367,0.3929613530635834,1.0598013401031494,-0.8272621035575867,1186
individual,28,carpet,9,4900,0.07157190144062042,0.061698444187641144,-8.281195640563965,0.003402565373107791,14.31961727142334,-7.0,7.0,7.924424648284912,0.6098841428756714,1.325986623764038,-0.9322576522827148,1187
individual,28,carpet,10,4900,0.028876084834337234,0.02424880862236023,-7.953624725341797,0.0034004016779363155,9.85010051727295,-7.0,7.0,7.819515705108643,0.71193927526474,1.3404369354248047,-0.990355372428894,1188
individual,28,carpet,11,4900,0.0927649587392807,0.0789061039686203,-7.646005630493164,0.0033988049253821373,11.590559959411621,-7.0,7.0,7.830470085144043,0.5903786420822144,1.3592731952667236,-0.9854192733764648,1189
individual,28,carpet,12,4900,0.039823196828365326,0.04420145973563194,-8.086089134216309,0.0033977192360907793,18.208087921142578,-7.0,7.0,8.129528045654297,0.819757878780365,1.4988003969192505,-1.0199708938598633,1190
individual,28,carpet,13,4900,0.11034168303012848,0.09987622499465942,-8.24224853515625,0.003397090593352914,22.678295135498047,-7.0,7.0,7.96488094329834,0.7366896271705627,1.4679746627807617,-1.0339276790618896,1191
individual,28,carpet,14,4900,0.028029195964336395,0.03532300144433975,-7.9004669189453125,0.003396875225007534,27.16654396057129,-7.0,7.0,7.858382701873779,0.7240741848945618,1.5231494903564453,-1.0295429229736328,1192
individual,28,carpet,15,4900,0.10938049852848053,0.08230433613061905,-7.780741214752197,0.003397030755877495,17.163331985473633,-7.0,7.0,8.011690139770508,0.8017241954803467,1.4749151468276978,-0.9721719026565552,1193
individual,28,carpet,16,4900,0.030307846143841743,0.033049918711185455,-8.035825729370117,0.0033975199330598116,17.661922454833984,-7.0,7.0,8.098973274230957,0.6373023390769958,1.4315251111984253,-0.9975987076759338,1194
individual,28,carpet,17,4900,0.04291045665740967,0.037056926637887955,-8.261351585388184,0.0033978940919041634,-1.0705738067626953,-7.0,7.0,8.085023880004883,0.693043053150177,1.1888235807418823,-0.8538608551025391,1195
individual,28,carpet,18,4900,0.028611410409212112,0.04567316919565201,-8.108832359313965,0.0033983818721026182,2.4349658489227295,-7.0,7.0,7.925702095031738,0.839404284954071,1.2641924619674683,-0.862378716468811,1196
individual,28,carpet,19,4900,0.07109945267438889,0.047510165721178055,-8.084484100341797,0.0033988631330430508,0.697877824306488,-7.0,7.0,8.16547966003418,0.5666609406471252,1.1810625791549683,-0.8400014042854309,1197
individual,28,carpet,20,4900,0.023071177303791046,0.03391379117965698,-8.12391185760498,0.0033991176169365644,-2.913539409637451,-7.0,7.0,8.065739631652832,0.5696993470191956,1.1826814413070679,-0.8355390429496765,1198
individual,28,carpet,21,4900,0.04043560475111008,0.0317549966275692,-8.30733871459961,0.003398996079340577,-23.640039443969727,-7.0,7.0,8.165532112121582,0.5262904167175293,0.9681257605552673,-0.7442565560340881,1199
individual,28,carpet,22,4900,0.05156050622463226,0.051203928887844086,-8.400798797607422,0.0033985357731580734,-10.747428894042969,-7.0,7.0,8.254562377929688,0.7592882513999939,1.1435883045196533,-0.7600588798522949,1200
individual,28,carpet,23,4900,0.031375087797641754,0.031170682981610298,-8.173842430114746,0.003397772554308176,-15.15482234954834,-7.0,7.0,8.078047752380371,0.7257614135742188,1.0295442342758179,-0.7368019819259644,1201
individual,28,carpet,24,4900,0.050166644155979156,0.03997623547911644,-8.327224731445312,0.003396735992282629,-22.483312606811523,-7.0,7.0,8.141761779785156,0.6355609893798828,0.9644048810005188,-0.7197842001914978,1202
individual,28,carpet,25,4900,0.03415944427251816,0.0367925763130188,-8.2424898147583,0.00339545332826674,-19.89703369140625,-7.0,7.0,8.17253303527832,0.6762604117393494,0.9868427515029907,-0.7191142439842224,1203
individual,28,carpet,26,4900,0.041156210005283356,0.04462612420320511,-8.279014587402344,0.0033939494751393795,-16.73947525024414,-7.0,7.0,8.23654556274414,0.7790926098823547,1.0232455730438232,-0.7462612986564636,1204
individual,28,carpet,27,4900,0.028834661468863487,0.0299083162099123,-8.088903427124023,0.0033922474831342697,-11.999706268310547,-7.0,7.0,8.045178413391113,0.7123920321464539,1.084358811378479,-0.7402931451797485,1205
individual,28,carpet,28,4900,0.02893069200217724,0.04175052046775818,-8.124608993530273,0.0033903666771948338,-16.660991668701172,-7.0,7.0,8.144615173339844,0.5559192895889282,1.0766702890396118,-0.7357565760612488,1206
individual,28,carpet,29,4900,0.027277305722236633,0.01690608635544777,-8.008368492126465,0.0033883254509419203,-17.407520294189453,-7.0,7.0,7.8997483253479,0.5535497069358826,1.0206631422042847,-0.7079063057899475,1207
individual,28,carpet,30,4900,0.019420050084590912,0.01892402209341526,-8.039490699768066,0.0033861419651657343,-25.66573143005371,-7.0,7.0,8.041596412658691,0.46663811802864075,0.8835267424583435,-0.6998047232627869,1208
individual,28,carpet,31,4900,0.035450514405965805,0.03308418020606041,-8.156197547912598,0.003383828792721033,-21.98118019104004,-7.0,7.0,8.119539260864258,0.636284351348877,0.9724176526069641,-0.6859632730484009,1209
individual,28,carpet,32,4900,0.026191309094429016,0.027361946180462837,-8.145334243774414,0.0033813996706157923,-19.702770233154297,-7.0,7.0,8.097443580627441,0.6922739148139954,0.9609948396682739,-0.6789806485176086,1210
individual,28,carpet,33,4900,0.03239136561751366,0.03394830599427223,-8.117607116699219,0.0033788676373660564,-29.111188888549805,-7.0,7.0,8.074628829956055,0.44434913992881775,0.8798980712890625,-0.6768259406089783,1211
individual,28,carpet,34,4900,0.04046057537198067,0.025973955169320107,-8.136935234069824,0.003376242471858859,-26.636686325073242,-7.0,7.0,8.12707805633545,0.7891377806663513,0.8858957886695862,-0.6679533123970032,1212
individual,28,carpet,35,4900,0.028159013018012047,0.03542622923851013,-8.354101181030273,0.0033735341858118773,-26.129241943359375,-7.0,7.0,8.274747848510742,0.5632612109184265,0.8629159331321716,-0.637206494808197,1213
individual,28,carpet,36,4900,0.05552893877029419,0.034642476588487625,-8.405120849609375,0.0033707506954669952,-24.998916625976562,-7.0,7.0,8.178824424743652,0.8367388248443604,0.8806822896003723,-0.6512773633003235,1214
individual,28,carpet,37,4900,0.0352647639811039,0.03772999346256256,-8.041034698486328,0.003367902245372534,-24.688533782958984,-7.0,7.0,8.009190559387207,0.8113868832588196,0.9291625022888184,-0.6891815066337585,1215
individual,28,carpet,38,4900,0.05178406462073326,0.04264804720878601,-8.092439651489258,0.003364993492141366,-36.06610870361328,-7.0,7.0,8.130688667297363,0.6789616942405701,0.7837926149368286,-0.6313295364379883,1216
individual,28,carpet,39,4900,0.035168129950761795,0.03985629230737686,-8.296370506286621,0.003362031187862158,-35.78203582763672,-7.0,7.0,8.079009056091309,0.566938579082489,0.7277030944824219,-0.6071950793266296,1217
individual,28,carpet,40,4900,0.06312131881713867,0.04872241988778114,-8.633821487426758,0.0033590218517929316,-26.00311851501465,-7.0,7.0,8.299378395080566,0.6731559634208679,0.8350414633750916,-0.6857129335403442,1218
individual,28,carpet,41,4900,0.052704788744449615,0.05003752186894417,-8.259763717651367,0.003355970373377204,-26.0953369140625,-7.0,7.0,8.149579048156738,0.7904852628707886,0.8728459477424622,-0.6780559420585632,1219
individual,28,carpet,42,4900,0.050745196640491486,0.03216742351651192,-8.074440956115723,0.0033528816420584917,-27.13549041748047,-7.0,7.0,8.081740379333496,0.45598116517066956,0.8606051206588745,-0.7154701352119446,1220
individual,28,carpet,43,4900,0.04741237685084343,0.044692788273096085,-8.227883338928223,0.0033497591502964497,-23.575260162353516,-7.0,7.0,8.151537895202637,0.6733241677284241,0.8633688688278198,-0.6841024160385132,1221
individual,28,carpet,44,4900,0.06329162418842316,0.047194868326187134,-8.578795433044434,0.003346607554703951,-29.405534744262695,-7.0,7.0,8.270010948181152,0.4816947281360626,0.8667279481887817,-0.7167531847953796,1222
individual,28,carpet,45,4900,0.037369731813669205,0.04350388050079346,-8.190260887145996,0.0033434287179261446,-14.672403335571289,-7.0,7.0,7.98842191696167,0.716907262802124,1.069429636001587,-0.7539017796516418,1223
individual,28,carpet,46,4900,0.07056435197591782,0.05970124900341034,-8.051935195922852,0.003340227296575904,-6.333147048950195,-7.0,7.0,8.014179229736328,0.819063127040863,1.1084139347076416,-0.8060593605041504,1224
individual,28,carpet,47,4900,0.027716951444745064,0.031195377930998802,-8.47928524017334,0.003337005153298378,-15.858414649963379,-7.0,7.0,8.410956382751465,0.690742015838623,1.0275132656097412,-0.8173027038574219,1225
individual,28,carpet,48,4900,0.037231553345918655,0.025867808610200882,-8.34823226928711,0.0033337639179080725,-10.83621597290039,-7.0,7.0,8.146896362304688,0.8486905694007874,1.0309213399887085,-0.8208555579185486,1226
individual,28,carpet,49,4900,0.024681035429239273,0.025893760845065117,-8.228748321533203,0.003330506617203355,-10.460168838500977,-7.0,7.0,8.115607261657715,0.46166661381721497,1.0751492977142334,-0.8772919774055481,1227
individual,28,carpet,50,4900,0.06970683485269547,0.0356731116771698,-8.201272964477539,0.0033274858724325895,-1.5208238363265991,-7.0,7.0,8.370299339294434,0.558847188949585,1.1742422580718994,-0.9076671600341797,1228
population,28,carpet,1,4900,0.03006351739168167,0.02120884880423546,-8.031871795654297,0.004077422432601452,17.228069305419922,-7.0,7.0,7.933841705322266,0.7315894365310669,1.4733867645263672,-0.9148004651069641,1179
population,28,carpet,2,4900,0.055518511682748795,0.053453586995601654,-8.135618209838867,0.004078643396496773,6.791135311126709,-7.0,7.0,7.854184150695801,0.7047351002693176,1.381939172744751,-0.8727566599845886,1180
population,28,carpet,3,4900,0.03139541298151016,0.034910649061203,-8.088301658630371,0.004080180544406176,13.496214866638184,-7.0,7.0,8.003634452819824,0.7439188957214355,1.493674635887146,-0.8942736387252808,1181
population,28,carpet,4,4900,0.04282907769083977,0.03585303947329521,-8.238439559936523,0.004081886727362871,4.066125392913818,-7.0,7.0,8.074884414672852,0.5347731113433838,1.363213300704956,-0.8576403856277466,1182
population,28,carpet,5,4900,0.0245770625770092,0.021509747952222824,-8.087858200073242,0.004083436448127031,0.16882991790771484,-7.0,7.0,7.978178977966309,0.5627079606056213,1.2768410444259644,-0.8240275979042053,1183
population,28,carpet,6,4900,0.020517777651548386,0.028352072462439537,-8.244390487670898,0.0040847840718925,-0.6253156661987305,-7.0,7.0,8.039525985717773,0.5864156484603882,1.3396213054656982,-0.8450407385826111,1184
population,28,carpet,7,4900,0.02922530099749565,0.04197325184941292,-8.098356246948242,0.004086021333932877,0.2933541536331177,-7.0,7.0,8.015753746032715,0.6498755216598511,1.2365119457244873,-0.8087102174758911,1185
population,28,carpet,8,4900,0.022406550124287605,0.016805490478873253,-8.037437438964844,0.004087112378329039,-0.28035426139831543,-7.0,7.0,7.862753391265869,0.6029222011566162,1.37338125705719,-0.7942876219749451,1186
population,28,carpet,9,4900,0.03314485400915146,0.02524929866194725,-8.048588752746582,0.004087658133357763,-8.615286827087402,-7.0,7.0,8.029685020446777,0.4915328025817871,1.2089900970458984,-0.7666401267051697,1187
population,28,carpet,10,4900,0.03467779979109764,0.029391754418611526,-8.177984237670898,0.004087960347533226,-2.374354839324951,-7.0,7.0,8.117545127868652,0.6414784789085388,1.2132072448730469,-0.7643969655036926,1188
population,28,carpet,11,4900,0.05774518847465515,0.047778960317373276,-8.351245880126953,0.004087792709469795,-7.702455997467041,-7.0,7.0,8.103732109069824,0.6839340329170227,1.2073839902877808,-0.733153760433197,1189
population,28,carpet,12,4900,0.026507478207349777,0.04005822911858559,-8.09084701538086,0.004087204113602638,-7.691573143005371,-7.0,7.0,7.994947910308838,0.7107363939285278,1.1539125442504883,-0.7318034768104553,1190
population,28,carpet,13,4900,0.027574658393859863,0.029591351747512817,-8.27001953125,0.004086288157850504,-4.847374439239502,-7.0,7.0,8.15381908416748,0.6312909722328186,1.2520420551300049,-0.7316829562187195,1191
population,28,carpet,14,4900,0.018714845180511475,0.020294811576604843,-8.135334968566895,0.004085025750100613,-10.522132873535156,-7.0,7.0,7.9536004066467285,0.7083033323287964,1.2062119245529175,-0.7303308844566345,1192
population,28,carpet,15,4900,0.05404993146657944,0.0550428107380867,-8.414051055908203,0.0040834522806108,-12.301641464233398,-7.0,7.0,8.148202896118164,0.6701599955558777,1.1679819822311401,-0.7057971358299255,1193
population,28,carpet,16,4900,0.039740391075611115,0.0571446567773819,-8.103703498840332,0.004081598948687315,-16.640029907226562,-7.0,7.0,8.106979370117188,0.4904731214046478,1.106001377105713,-0.690612256526947,1194
population,28,carpet,17,4900,0.05466838926076889,0.06490243226289749,-8.087538719177246,0.004079495556652546,-17.08642578125,-7.0,7.0,8.18089771270752,0.6870144009590149,1.070269227027893,-0.7011016011238098,1195
population,28,carpet,18,4900,0.022169038653373718,0.02786726877093315,-8.336480140686035,0.004077165853232145,-13.796573638916016,-7.0,7.0,8.209198951721191,0.5981784462928772,1.1326898336410522,-0.7060117125511169,1196
population,28,carpet,19,4900,0.06666118651628494,0.07863014191389084,-8.547140121459961,0.004074633587151766,-11.736929893493652,-7.0,7.0,8.22037124633789,0.650456428527832,1.1199004650115967,-0.7286073565483093,1197
population,28,carpet,20,4900,0.010581891983747482,0.010599247179925442,-8.277002334594727,0.004071997478604317,-4.510310173034668,-7.0,7.0,8.153255462646484,0.6520442962646484,1.222115159034729,-0.7494458556175232,1198
population,28,carpet,21,4900,0.032013989984989166,0.04339117556810379,-8.04249095916748,0.004069190938025713,-12.796092987060547,-7.0,7.0,8.084933280944824,0.42664673924446106,1.1257530450820923,-0.7520374059677124,1199
population,28,carpet,22,4900,0.03859492018818855,0.030991066247224808,-8.278413772583008,0.004066231194883585,-16.27958106994629,-7.0,7.0,8.322715759277344,0.554438054561615,1.0327743291854858,-0.7442259788513184,1200
population,28,carpet,23,4900,0.03419674560427666,0.04808393120765686,-8.575419425964355,0.004063133616000414,-12.123063087463379,-7.0,7.0,8.387109756469727,0.5578336715698242,1.1576842069625854,-0.7745298743247986,1201
population,28,carpet,24,4900,0.042826175689697266,0.039834365248680115,-8.494108200073242,0.004059913102537394,-10.420249938964844,-7.0,7.0,8.318892478942871,0.7424206137657166,1.2031375169754028,-0.7665007710456848,1202
population,28,carpet,25,4900,0.039281584322452545,0.03847019746899605,-8.272047996520996,0.00405667582526803,-4.310845375061035,-7.0,7.0,8.216693878173828,0.5588573217391968,1.2533639669418335,-0.7930183410644531,1203
population,28,carpet,26,4900,0.02906586416065693,0.027453215792775154,-8.27550983428955,0.004053513985127211,-3.1607937812805176,-7.0,7.0,8.1458158493042,0.7758657932281494,1.3015352487564087,-0.7939534783363342,1204
population,28,carpet,27,4900,0.015947680920362473,0.0222928449511528,-8.250519752502441,0.0040509384125471115,3.420032501220703,-7.0,7.0,7.965789794921875,0.7842243909835815,1.379400610923767,-0.8071438670158386,1205
population,28,carpet,28,4900,0.02810475416481495,0.02492879517376423,-8.60173511505127,0.004048188682645559,-8.044028282165527,-7.0,7.0,8.37527847290039,0.6750178933143616,1.1403006315231323,-0.8179908990859985,1206
population,28,carpet,29,4900,0.027842964977025986,0.02663528174161911,-8.426441192626953,0.004046106245368719,4.968215465545654,-7.0,7.0,8.225896835327148,0.7009069919586182,1.3008344173431396,-0.8447442650794983,1207
population,28,carpet,30,4900,0.046675484627485275,0.050419870764017105,-8.25464153289795,0.004044667351990938,7.552213668823242,-7.0,7.0,8.188403129577637,0.6464303135871887,1.384545922279358,-0.8630337119102478,1208
population,28,carpet,31,4900,0.04449641704559326,0.042273491621017456,-8.334892272949219,0.004043807275593281,7.212835311889648,-7.0,7.0,8.177281379699707,0.618537187576294,1.3507148027420044,-0.8565497994422913,1209
population,28,carpet,32,4900,0.027532629668712616,0.030014067888259888,-8.610583305358887,0.004043465945869684,9.143085479736328,-7.0,7.0,8.350423812866211,0.6485590934753418,1.4016526937484741,-0.8955541253089905,1210
population,28,carpet,33,4900,0.05011359602212906,0.04558643698692322,-8.552592277526855,0.0040435935370624065,9.8136625289917,-7.0,7.0,8.420295715332031,0.5359019041061401,1.3925546407699585,-0.9107877016067505,1211
population,28,carpet,34,4900,0.04317953810095787,0.04873161017894745,-8.2449951171875,0.0040441411547362804,17.25832748413086,-7.0,7.0,8.2301025390625,0.7461172938346863,1.4675614833831787,-0.9052322506904602,1212
population,28,carpet,35,4900,0.030733635649085045,0.02880854532122612,-8.307209968566895,0.004045066889375448,10.457752227783203,-7.0,7.0,8.214883804321289,0.7859681248664856,1.3831685781478882,-0.8853179216384888,1213
population,28,carpet,36,4900,0.029489587992429733,0.03148525580763817,-8.389642715454102,0.004046333953738213,10.85237979888916,-7.0,7.0,8.194414138793945,0.7800673246383667,1.4737918376922607,-0.949563205242157,1214
population,28,carpet,37,4900,0.032728660851716995,0.02166459523141384,-8.592862129211426,0.004047908820211887,5.514944553375244,-7.0,7.0,8.405067443847656,0.6255126595497131,1.4012104272842407,-0.9006532430648804,1215
population,28,carpet,38,4900,0.03749598190188408,0.04476381838321686,-8.1693115234375,0.004049760289490223,12.828533172607422,-7.0,7.0,8.081823348999023,0.7904778122901917,1.4398618936538696,-0.8687724471092224,1216
population,28,carpet,39,4900,0.027727536857128143,0.02252248302102089,-8.563024520874023,0.004051861818879843,14.705495834350586,-7.0,7.0,8.482340812683105,0.5821524858474731,1.4561876058578491,-0.8821297883987427,1217
population,28,carpet,40,4900,0.02928389236330986,0.02368689887225628,-8.359389305114746,0.004053500480949879,-3.2182605266571045,-7.0,7.0,8.336522102355957,0.517659068107605,1.321452021598816,-0.8670983910560608,1218
population,28,carpet,41,4900,0.042445700615644455,0.0272995438426733,-8.505030632019043,0.004055410623550415,8.380979537963867,-7.0,7.0,8.274364471435547,0.7563647031784058,1.3953109979629517,-0.9050164222717285,1219
population,28,carpet,42,4900,0.014387319795787334,0.01608879119157791,-8.479758262634277,0.004057565703988075,20.132686614990234,-7.0,7.0,8.372916221618652,0.6815395951271057,1.5209465026855469,-0.9201139211654663,1220
population,28,carpet,43,4900,0.029241463169455528,0.02351238951086998,-8.61559009552002,0.004059802740812302,3.7619919776916504,-7.0,7.0,8.503843307495117,0.48747339844703674,1.3937386274337769,-0.8633559942245483,1221
population,28,carpet,44,4900,0.027536874637007713,0.030100448057055473,-8.363290786743164,0.004062252584844828,18.13332748413086,-7.0,7.0,8.152336120605469,0.5915194153785706,1.470104455947876,-0.8782232403755188,1222
population,28,carpet,45,4900,0.03337087854743004,0.029804129153490067,-8.605615615844727,0.004064891487360001,5.468865394592285,-7.0,7.0,8.416964530944824,0.47928065061569214,1.342551589012146,-0.8227140307426453,1223
population,28,carpet,46,4900,0.06659446656703949,0.064053975045681,-8.450460433959961,0.0040676174685359,4.417684555053711,-7.0,7.0,8.399574279785156,0.7394760251045227,1.3096654415130615,-0.8357794880867004,1224
population,28,carpet,47,4900,0.03167608752846718,0.030651880428195,-8.71699047088623,0.0040697092190384865,-4.602709770202637,-7.0,7.0,8.478630065917969,0.6229546666145325,1.2582215070724487,-0.788284182548523,1225
population,28,carpet,48,4900,0.03704504296183586,0.03198835998773575,-8.629461288452148,0.004072028677910566,6.869994640350342,-7.0,7.0,8.353041648864746,0.696738064289093,1.3931611776351929,-0.8725457787513733,1226
population,28,carpet,49,4900,0.028318367898464203,0.023073093965649605,-8.442553520202637,0.004073889460414648,-2.8843026161193848,-7.0,7.0,8.349180221557617,0.6580519676208496,1.3199021816253662,-0.834617018699646,1227
population,28,carpet,50,4900,0.041065189987421036,0.04363715276122093,-8.393017768859863,0.004075272474437952,-3.681872844696045,-7.0,7.0,8.350834846496582,0.6012538075447083,1.2940495014190674,-0.8073388934135437,1228
individual,29,carpet,1,5075,0.03252603858709335,0.027925211936235428,-8.144256591796875,0.003324629506096244,-2.2875423431396484,-7.0,7.0,8.154324531555176,0.7163934707641602,1.125252366065979,-0.8877363204956055,1229
individual,29,carpet,2,5075,0.03596853092312813,0.027623949572443962,-8.461889266967773,0.0033217279706150293,-5.548531532287598,-7.0,7.0,8.401432037353516,0.5972437858581543,1.1066392660140991,-0.8902416825294495,1230
individual,29,carpet,3,5075,0.029585376381874084,0.03349534049630165,-8.270203590393066,0.003319460665807128,6.34426736831665,-7.0,7.0,8.223482131958008,0.7848125100135803,1.2587107419967651,-0.9773469567298889,1231
individual,29,carpet,4,5075,0.06618521362543106,0.05380581319332123,-8.268272399902344,0.003317544236779213,2.0603079795837402,-7.0,7.0,8.380539894104004,0.5548166036605835,1.1195518970489502,-0.9258779883384705,1232
individual,29,carpet,5,5075,0.025423267856240273,0.03211010619997978,-8.27149772644043,0.003315569134429097,-4.183558464050293,-7.0,7.0,8.220601081848145,0.5104518532752991,1.1041237115859985,-0.8770831823348999,1233
individual,29,carpet,6,5075,0.03844430297613144,0.049232929944992065,-8.35034465789795,0.0033134513068944216,-10.106138229370117,-7.0,7.0,8.308598518371582,0.650692343711853,1.0616282224655151,-0.8861123323440552,1234
individual,29,carpet,7,5075,0.020867425948381424,0.026751775294542313,-8.253149032592773,0.0033112051896750927,-14.261991500854492,-7.0,7.0,8.173099517822266,0.582835853099823,1.0207856893539429,-0.8490886688232422,1235
individual,29,carpet,8,5075,0.07700090110301971,0.053126104176044464,-8.357707023620605,0.003308844054117799,-16.14894676208496,-7.0,7.0,8.545273780822754,0.6896739602088928,0.9712837934494019,-0.7960982918739319,1236
individual,29,carpet,9,5075,0.018964828923344612,0.020208794623613358,-8.470287322998047,0.0033063788432627916,-6.286590576171875,-7.0,7.0,8.319235801696777,0.7389243245124817,1.1029289960861206,-0.8633161187171936,1237
individual,29,carpet,10,5075,0.04611071199178696,0.02455071359872818,-8.396289825439453,0.003303882433101535,-4.676532745361328,-7.0,7.0,8.225591659545898,0.7352868914604187,1.0994592905044556,-0.8218021988868713,1238
individual,29,carpet,11,5075,0.04314306005835533,0.045605674386024475,-8.276571273803711,0.003301296615973115,-10.586673736572266,-7.0,7.0,8.269366264343262,0.9959539175033569,1.0540443658828735,-0.7661104798316956,1239
individual,29,carpet,12,5075,0.05848763510584831,0.03606748208403587,-8.336838722229004,0.0032986311707645655,-16.64653205871582,-7.0,7.0,8.364924430847168,0.6376795172691345,0.9970783591270447,-0.7521193623542786,1240
individual,29,carpet,13,5075,0.046652235090732574,0.0566127672791481,-8.681873321533203,0.003295893780887127,-22.38101577758789,-7.0,7.0,8.4666748046875,0.7004706859588623,0.8961189985275269,-0.7231743931770325,1241
individual,29,carpet,14,5075,0.05332497879862785,0.036090366542339325,-8.591829299926758,0.003293092828243971,-17.084781646728516,-7.0,7.0,8.40687084197998,0.78413325548172,0.9949104189872742,-0.7519558668136597,1242
individual,29,carpet,15,5075,0.05921716243028641,0.07125672698020935,-8.394336700439453,0.003290234599262476,-24.767576217651367,-7.0,7.0,8.470294952392578,0.5805140733718872,0.8708373308181763,-0.7083677649497986,1243
individual,29,carpet,16,5075,0.06666786968708038,0.05227178335189819,-8.4979248046875,0.0032873256132006645,-23.931774139404297,-7.0,7.0,8.545256614685059,0.6476702690124512,0.8962433934211731,-0.7091590166091919,1244
individual,29,carpet,17,5075,0.06123077869415283,0.058693673461675644,-8.497739791870117,0.0032843705266714096,-25.61111831665039,-7.0,7.0,8.17371940612793,0.6591112017631531,0.9171000123023987,-0.6709469556808472,1245
individual,29,carpet,18,5075,0.046350862830877304,0.039283230900764465,-8.771025657653809,0.003281376091763377,-25.574039459228516,-7.0,7.0,8.608882904052734,0.674980640411377,0.8492687344551086,-0.6962324380874634,1246
individual,29,carpet,19,5075,0.06888751685619354,0.07064761221408844,-8.391597747802734,0.003278345102444291,-28.06307029724121,-7.0,7.0,8.456136703491211,0.7365669012069702,0.857427179813385,-0.6560778617858887,1247
individual,29,carpet,20,5075,0.031102817505598068,0.031085345894098282,-8.616131782531738,0.003275282448157668,-28.711339950561523,-7.0,7.0,8.53256893157959,0.8054094910621643,0.8431510925292969,-0.6785703301429749,1248
individual,29,carpet,21,5075,0.03320830315351486,0.033304620534181595,-8.44919204711914,0.0032721899915486574,-30.19601821899414,-7.0,7.0,8.234170913696289,0.6904517412185669,0.8782248497009277,-0.6580992937088013,1249
individual,29,carpet,22,5075,0.03961952030658722,0.04437295347452164,-8.439452171325684,0.0032690726220607758,-32.02098846435547,-7.0,7.0,8.28181266784668,0.7307255864143372,0.8009096384048462,-0.6309313178062439,1250
individual,29,carpet,23,5075,0.050427645444869995,0.05402933061122894,-8.261382102966309,0.003265933133661747,-30.54684066772461,-7.0,7.0,8.361359596252441,0.8232792615890503,0.8347253799438477,-0.6345210671424866,1251
individual,29,carpet,24,5075,0.02519555389881134,0.0323295071721077,-8.465867042541504,0.0032627731561660767,-30.8134765625,-7.0,7.0,8.443072319030762,0.9176599383354187,0.8524350523948669,-0.6205486059188843,1252
individual,29,carpet,25,5075,0.03759918734431267,0.04617900028824806,-8.574103355407715,0.0032595961820334196,-34.6868896484375,-7.0,7.0,8.469572067260742,0.608989953994751,0.7381600737571716,-0.6438040137290955,1253
individual,29,carpet,26,5075,0.07535883039236069,0.0875479131937027,-8.589723587036133,0.0032564036082476377,-27.888057708740234,-7.0,7.0,8.409465789794922,0.7340802550315857,0.8047102689743042,-0.6268530488014221,1254
individual,29,carpet,27,5075,0.053354550153017044,0.06375300884246826,-8.155261993408203,0.003253198927268386,-21.656286239624023,-7.0,7.0,8.30846881866455,0.6660106778144836,0.9253954291343689,-0.6766390800476074,1255
individual,29,carpet,28,5075,0.062119122594594955,0.08883277326822281,-8.247611999511719,0.0032499816734343767,-33.91345977783203,-7.0,7.0,8.427145957946777,0.8042663931846619,0.790485680103302,-0.6302710175514221,1256
individual,29,carpet,29,5075,0.06971228122711182,0.06921560317277908,-8.657968521118164,0.0032467551063746214,-34.37702560424805,-7.0,7.0,8.387775421142578,0.6097773313522339,0.7153634428977966,-0.612338125705719,1257
individual,29,carpet,30,5075,0.057412538677453995,0.08027897775173187,-8.812952041625977,0.0032435194589197636,-28.064868927001953,-7.0,7.0,8.554228782653809,0.8370245099067688,0.7617215514183044,-0.6610235571861267,1258
individual,29,carpet,31,5075,0.05724268779158592,0.049458444118499756,-8.331073760986328,0.003240276360884309,-42.982078552246094,-7.0,7.0,8.461174964904785,0.5748281478881836,0.6274722814559937,-0.6159687638282776,1259
individual,29,carpet,32,5075,0.05665413290262222,0.08508854359388351,-8.339829444885254,0.0032370269764214754,-40.23197937011719,-7.0,7.0,8.514545440673828,0.7005027532577515,0.660035252571106,-0.6279221773147583,1260
individual,29,carpet,33,5075,0.02083955705165863,0.01579962484538555,-8.862695693969727,0.0032337717711925507,-35.803035736083984,-7.0,7.0,8.779983520507812,0.7080996632575989,0.6959232687950134,-0.6286612749099731,1261
individual,29,carpet,34,5075,0.08392158150672913,0.09690271317958832,-8.972643852233887,0.0032305121421813965,-30.53183364868164,-7.0,7.0,8.663569450378418,0.9102925658226013,0.7310405373573303,-0.6271383166313171,1262
individual,29,carpet,35,5075,0.02761714719235897,0.029751185327768326,-8.603072166442871,0.0032272497192025185,-37.108863830566406,-7.0,7.0,8.533984184265137,0.7691843509674072,0.7432172894477844,-0.611836850643158,1263
individual,29,carpet,36,5075,0.07718605548143387,0.09821297228336334,-8.346956253051758,0.003223984269425273,-34.1184196472168,-7.0,7.0,8.491908073425293,0.6917744874954224,0.7292261123657227,-0.6345082521438599,1264
individual,29,carpet,37,5075,0.0497581772506237,0.034540653228759766,-8.826333999633789,0.0032207160256803036,-36.01438522338867,-7.0,7.0,8.76333999633789,0.6477459669113159,0.7491465210914612,-0.6238232851028442,1265
individual,29,carpet,38,5075,0.024814654141664505,0.03331021964550018,-8.855012893676758,0.003217446617782116,-33.911415100097656,-7.0,7.0,8.71373462677002,0.7756170034408569,0.7104762196540833,-0.6319613456726074,1266
individual,29,carpet,39,5075,0.023849958553910255,0.047761883586645126,-8.624109268188477,0.0032141758129000664,-33.22334289550781,-7.0,7.0,8.5160551071167,0.5960009098052979,0.7318190932273865,-0.6430456042289734,1267
individual,29,carpet,40,5075,0.03909572586417198,0.038633525371551514,-8.50332260131836,0.0032109038438647985,-30.858551025390625,-7.0,7.0,8.429460525512695,0.7251714468002319,0.7931896448135376,-0.642402708530426,1268
individual,29,carpet,41,5075,0.03435817360877991,0.04024277627468109,-8.516332626342773,0.0032076321076601744,-28.373807907104492,-7.0,7.0,8.396038055419922,0.7201798558235168,0.7745347023010254,-0.6571707725524902,1269
individual,29,carpet,42,5075,0.024816539138555527,0.023728324100375175,-8.636268615722656,0.003204360604286194,-28.72063636779785,-7.0,7.0,8.531811714172363,0.6279082298278809,0.753390371799469,-0.6766519546508789,1270
individual,29,carpet,43,5075,0.05328396335244179,0.034083470702171326,-8.637849807739258,0.003201089333742857,-30.406972885131836,-7.0,7.0,8.653186798095703,0.734505295753479,0.7653785347938538,-0.6458665728569031,1271
individual,29,carpet,44,5075,0.048765361309051514,0.04326190799474716,-8.71548843383789,0.0031978182960301638,-23.0628662109375,-7.0,7.0,8.538150787353516,0.7899681329727173,0.8679345846176147,-0.6857501864433289,1272
individual,29,carpet,45,5075,0.022715415805578232,0.04258266091346741,-8.591068267822266,0.003194547723978758,-33.02161407470703,-7.0,7.0,8.623024940490723,0.48827192187309265,0.7651796340942383,-0.6535660624504089,1273
individual,29,carpet,46,5075,0.03258964791893959,0.036811698228120804,-8.617890357971191,0.003191279014572501,-11.240411758422852,-7.0,7.0,8.628238677978516,0.5760990381240845,0.96754390001297,-0.7509327530860901,1274
individual,29,carpet,47,5075,0.036993298679590225,0.049402859061956406,-8.790568351745605,0.00318801193498075,-22.019752502441406,-7.0,7.0,8.588920593261719,0.7166405916213989,0.9085358381271362,-0.7317357659339905,1275
individual,29,carpet,48,5075,0.02448320761322975,0.04018203541636467,-8.592580795288086,0.003184746718034148,-18.781993865966797,-7.0,7.0,8.46337604522705,0.6854139566421509,0.9656543731689453,-0.735530436038971,1276
individual,29,carpet,49,5075,0.036110688000917435,0.06148985028266907,-8.519421577453613,0.0031814833637326956,-20.979610443115234,-7.0,7.0,8.590012550354004,0.5079498887062073,0.9165094494819641,-0.7322689890861511,1277
individual,29,carpet,50,5075,0.020550159737467766,0.03091708943247795,-8.529351234436035,0.003178221872076392,-16.22980499267578,-7.0,7.0,8.479893684387207,0.6230310201644897,1.0432288646697998,-0.7802719473838806,1278
population,29,carpet,1,5075,0.01585911214351654,0.012582561001181602,-8.355276107788086,0.004076831508427858,3.9285285472869873,-7.0,7.0,8.211397171020508,0.639677107334137,1.3518623113632202,-0.8258065581321716,1229
population,29,carpet,2,5075,0.030316844582557678,0.02677011303603649,-8.698139190673828,0.004077976569533348,-3.2443606853485107,-7.0,7.0,8.535961151123047,0.6809746623039246,1.298549771308899,-0.8327355980873108,1230
population,29,carpet,3,5075,0.04497149586677551,0.04335720092058182,-8.487875938415527,0.004078569822013378,-13.424405097961426,-7.0,7.0,8.442022323608398,0.7838883399963379,1.0918488502502441,-0.8013696670532227,1231
population,29,carpet,4,5075,0.03144232556223869,0.02381901443004608,-8.514350891113281,0.004079003352671862,-1.2514430284500122,-7.0,7.0,8.530030250549316,0.7185661792755127,1.2568906545639038,-0.815815806388855,1232
population,29,carpet,5,5075,0.028486352413892746,0.02712736837565899,-8.41444206237793,0.004079633858054876,3.010627031326294,-7.0,7.0,8.299705505371094,0.5677294731140137,1.3318949937820435,-0.8268415331840515,1233
population,29,carpet,6,5075,0.031309790909290314,0.03280012682080269,-8.435145378112793,0.004079763777554035,-8.497564315795898,-7.0,7.0,8.344902992248535,0.5846694111824036,1.1490747928619385,-0.8346551656723022,1234
population,29,carpet,7,5075,0.029882878065109253,0.030522514134645462,-8.736257553100586,0.004079518839716911,-4.5375800132751465,-7.0,7.0,8.651004791259766,0.7545597553253174,1.1610603332519531,-0.8216856718063354,1235
population,29,carpet,8,5075,0.0479779876768589,0.04582003504037857,-8.785972595214844,0.0040788594633340836,-6.700674533843994,-7.0,7.0,8.575077056884766,0.6148079633712769,1.2261840105056763,-0.8004235625267029,1236
population,29,carpet,9,5075,0.03400261327624321,0.023752832785248756,-8.594764709472656,0.00407786201685667,-5.074250221252441,-7.0,7.0,8.528019905090332,0.7344673871994019,1.2081185579299927,-0.8172946572303772,1237
population,29,carpet,10,5075,0.028940418735146523,0.028900790959596634,-8.460222244262695,0.0040767923928797245,-2.161975383758545,-7.0,7.0,8.430062294006348,0.591724693775177,1.2481365203857422,-0.7894219756126404,1238
population,29,carpet,11,5075,0.020463615655899048,0.02075590379536152,-8.623571395874023,0.0040753912180662155,-14.104179382324219,-7.0,7.0,8.467884063720703,0.5758596062660217,1.1966184377670288,-0.767636775970459,1239
population,29,carpet,12,5075,0.02797679230570793,0.023500775918364525,-8.490674018859863,0.004073692951351404,-8.909733772277832,-7.0,7.0,8.28033447265625,0.5048123002052307,1.160097360610962,-0.7890135645866394,1240
population,29,carpet,13,5075,0.02688220888376236,0.022833386436104774,-8.64967155456543,0.0040717278607189655,-6.011054515838623,-7.0,7.0,8.502281188964844,0.413369357585907,1.2096527814865112,-0.7899909019470215,1241
population,29,carpet,14,5075,0.028022518381476402,0.03098851628601551,-8.614160537719727,0.004069522954523563,-9.618704795837402,-7.0,7.0,8.541872024536133,0.7888219952583313,1.2072265148162842,-0.7875979542732239,1242
population,29,carpet,15,5075,0.027351494878530502,0.024865640327334404,-8.415886878967285,0.004067258909344673,-3.51177978515625,-7.0,7.0,8.354485511779785,0.4350419342517853,1.2723805904388428,-0.8070861101150513,1243
population,29,carpet,16,5075,0.034526802599430084,0.03326854482293129,-8.798826217651367,0.004064786713570356,-7.472414970397949,-7.0,7.0,8.552253723144531,0.7123968601226807,1.252581238746643,-0.804023802280426,1244
population,29,carpet,17,5075,0.04069933295249939,0.02658059261739254,-8.577577590942383,0.004062513820827007,-0.6018640995025635,-7.0,7.0,8.262079238891602,0.5107771158218384,1.3202136754989624,-0.8210495710372925,1245
population,29,carpet,18,5075,0.03298668935894966,0.0330515131354332,-8.374307632446289,0.004060526844114065,0.7522890567779541,-7.0,7.0,8.3229398727417,0.516370415687561,1.3415653705596924,-0.8362742066383362,1246
population,29,carpet,19,5075,0.04572855681180954,0.028970610350370407,-8.579937934875488,0.00405887933447957,1.773782730102539,-7.0,7.0,8.634002685546875,0.635214626789093,1.2772104740142822,-0.8622771501541138,1247
population,29,carpet,20,5075,0.026679610833525658,0.03470800071954727,-8.818675994873047,0.0040573314763605595,-0.8089268207550049,-7.0,7.0,8.676941871643066,0.4609822928905487,1.2690216302871704,-0.880737841129303,1248
population,29,carpet,21,5075,0.06007745489478111,0.04405287280678749,-8.948792457580566,0.004056334961205721,4.998476982116699,-7.0,7.0,8.639338493347168,0.5789533257484436,1.3852165937423706,-0.9005251526832581,1249
population,29,carpet,22,5075,0.03434614837169647,0.0368952639400959,-8.732126235961914,0.00405587675049901,12.487800598144531,-7.0,7.0,8.643925666809082,0.6927899122238159,1.433957815170288,-0.9116678833961487,1250
population,29,carpet,23,5075,0.029635557904839516,0.02199065312743187,-8.548524856567383,0.004055901896208525,17.270030975341797,-7.0,7.0,8.537433624267578,0.6937809586524963,1.5020102262496948,-0.9435660243034363,1251
population,29,carpet,24,5075,0.03788099065423012,0.04232829436659813,-8.594782829284668,0.0040563601069152355,14.005143165588379,-7.0,7.0,8.418680191040039,0.5341566801071167,1.4608734846115112,-0.9799312353134155,1252
population,29,carpet,25,5075,0.023421194404363632,0.01869381219148636,-8.899456977844238,0.004057168960571289,4.987428665161133,-7.0,7.0,8.688746452331543,0.6694262623786926,1.3343499898910522,-0.9360036849975586,1253
population,29,carpet,26,5075,0.03483958914875984,0.03209784999489784,-8.587934494018555,0.004058335442095995,21.242877960205078,-7.0,7.0,8.482160568237305,0.7371693253517151,1.5232516527175903,-0.9775233268737793,1254
population,29,carpet,27,5075,0.034509822726249695,0.031557656824588776,-8.379199981689453,0.0040598222985863686,11.282051086425781,-7.0,7.0,8.261099815368652,0.6089614629745483,1.4197181463241577,-0.9668666124343872,1255
population,29,carpet,28,5075,0.029433540999889374,0.02802620269358158,-8.687154769897461,0.004061597865074873,17.99075698852539,-7.0,7.0,8.56375789642334,0.7846330404281616,1.419974684715271,-0.9712472558021545,1256
population,29,carpet,29,5075,0.04820014536380768,0.04322086274623871,-8.973136901855469,0.004063633736222982,7.510812282562256,-7.0,7.0,8.725187301635742,0.7460204362869263,1.3910987377166748,-0.9131685495376587,1257
population,29,carpet,30,5075,0.031691115349531174,0.03102267161011696,-8.730859756469727,0.0040659052319824696,5.802741050720215,-7.0,7.0,8.615545272827148,0.6912924647331238,1.3182982206344604,-0.8653745055198669,1258
population,29,carpet,31,5075,0.0599551647901535,0.06711660325527191,-8.533997535705566,0.004068124108016491,2.165820837020874,-7.0,7.0,8.634621620178223,0.6544486880302429,1.2791639566421509,-0.8911651968955994,1259
population,29,carpet,32,5075,0.032420799136161804,0.02402472123503685,-8.77144718170166,0.004070560913532972,7.144941806793213,-7.0,7.0,8.708337783813477,0.556855320930481,1.2705227136611938,-0.8931912779808044,1260
population,29,carpet,33,5075,0.06679090112447739,0.06857074052095413,-8.925192832946777,0.004072756972163916,0.00946497917175293,-7.0,7.0,8.617445945739746,0.7738907337188721,1.2897799015045166,-0.8773401379585266,1261
population,29,carpet,34,5075,0.021217938512563705,0.013566463254392147,-8.819901466369629,0.004074602387845516,-1.6714046001434326,-7.0,7.0,8.605591773986816,0.7430464625358582,1.2644767761230469,-0.8485720753669739,1262
population,29,carpet,35,5075,0.12024112045764923,0.12950807809829712,-8.37307071685791,0.004076592158526182,4.095488548278809,-7.0,7.0,8.494603157043457,0.6540237069129944,1.2557135820388794,-0.8502389192581177,1263
population,29,carpet,36,5075,0.022220758721232414,0.020431486889719963,-8.898372650146484,0.004078167024999857,-2.7103588581085205,-7.0,7.0,8.798484802246094,0.6739403009414673,1.2722164392471313,-0.8528920412063599,1264
population,29,carpet,37,5075,0.0712442621588707,0.0755186602473259,-8.945446014404297,0.004079822450876236,2.9495034217834473,-7.0,7.0,8.624774932861328,0.8049646019935608,1.3216966390609741,-0.8856099247932434,1265
population,29,carpet,38,5075,0.052503690123558044,0.03414390981197357,-8.892155647277832,0.004080884624272585,-5.333343029022217,-7.0,7.0,8.721731185913086,0.5555397272109985,1.1769638061523438,-0.8097108006477356,1266
population,29,carpet,39,5075,0.08224331587553024,0.10711231827735901,-8.605854034423828,0.004081400576978922,-8.26932144165039,-7.0,7.0,8.724115371704102,0.6086885929107666,1.2200374603271484,-0.7908458709716797,1267
population,29,carpet,40,5075,0.029072728008031845,0.02966168336570263,-8.894444465637207,0.004082204308360815,4.244600296020508,-7.0,7.0,8.76340103149414,0.48979952931404114,1.3309820890426636,-0.8669267892837524,1268
population,29,carpet,41,5075,0.03337297588586807,0.042522720992565155,-8.935816764831543,0.004083049017935991,1.4933195114135742,-7.0,7.0,8.685739517211914,0.7512726783752441,1.250365138053894,-0.8230515122413635,1269
population,29,carpet,42,5075,0.038139957934617996,0.02680695429444313,-8.653671264648438,0.0040835184045135975,-3.631533145904541,-7.0,7.0,8.463340759277344,0.7042377591133118,1.2534235715866089,-0.8223361372947693,1270
population,29,carpet,43,5075,0.02886340394616127,0.0409230999648571,-8.669391632080078,0.004083757754415274,-2.2751107215881348,-7.0,7.0,8.672849655151367,0.46204301714897156,1.2737891674041748,-0.8147193789482117,1271
population,29,carpet,44,5075,0.021076977252960205,0.019362639635801315,-8.966219902038574,0.004083531908690929,-5.961623191833496,-7.0,7.0,8.820852279663086,0.6449978351593018,1.127827525138855,-0.7589424848556519,1272
population,29,carpet,45,5075,0.032906778156757355,0.026452893391251564,-8.738236427307129,0.0040828874334692955,-17.493196487426758,-7.0,7.0,8.707117080688477,0.48561686277389526,1.0514943599700928,-0.745539128780365,1273
population,29,carpet,46,5075,0.017135702073574066,0.019631987437605858,-8.911104202270508,0.004081865772604942,-9.582905769348145,-7.0,7.0,8.867568016052246,0.59682697057724,1.2216540575027466,-0.7930489778518677,1274
population,29,carpet,47,5075,0.04310905188322067,0.031060125678777695,-8.833386421203613,0.00408068997785449,-3.1871089935302734,-7.0,7.0,8.62119197845459,0.7239121198654175,1.2694597244262695,-0.766563355922699,1275
population,29,carpet,48,5075,0.04698193818330765,0.04822111129760742,-8.590534210205078,0.004079190082848072,-13.82577133178711,-7.0,7.0,8.632223129272461,0.7854867577552795,1.17898428440094,-0.7406457662582397,1276
population,29,carpet,49,5075,0.012807372957468033,0.015176198445260525,-8.872245788574219,0.004077401012182236,-12.17194652557373,-7.0,7.0,8.734784126281738,0.7246085405349731,1.108973503112793,-0.729021430015564,1277
population,29,carpet,50,5075,0.02541280910372734,0.021605605259537697,-8.914849281311035,0.0040753502398729324,-15.024873733520508,-7.0,7.0,8.71614933013916,0.6467323303222656,1.0648475885391235,-0.7288709282875061,1278
individual,30,carpet,1,5250,0.03599913790822029,0.04703082889318466,-8.688090324401855,0.003174962243065238,-10.682374954223633,-7.0,7.0,8.505082130432129,0.6064329743385315,1.05747389793396,-0.7612476348876953,1279
individual,30,carpet,2,5250,0.04576117917895317,0.07303288578987122,-8.86253547668457,0.003171705873683095,-6.019985675811768,-7.0,7.0,8.635242462158203,0.7690469622612,1.1563667058944702,-0.8110406994819641,1280
individual,30,carpet,3,5250,0.03506479412317276,0.05139453709125519,-8.853327751159668,0.003168451366946101,-6.365804672241211,-7.0,7.0,8.878612518310547,0.9450940489768982,1.18488609790802,-0.8264842629432678,1281
individual,30,carpet,4,5250,0.022379904985427856,0.03701823577284813,-8.619512557983398,0.0031653784681111574,-2.573854446411133,-7.0,7.0,8.572561264038086,0.6517891883850098,1.1172559261322021,-0.8223451972007751,1282
individual,30,carpet,5,5250,0.03548314794898033,0.055546827614307404,-8.91770076751709,0.003162940265610814,8.902448654174805,-7.0,7.0,8.753296852111816,0.6739466786384583,1.294664978981018,-0.8844221234321594,1283
individual,30,carpet,6,5250,0.04097516089677811,0.047817714512348175,-8.848297119140625,0.003161073662340641,11.811346054077148,-7.0,7.0,8.665377616882324,0.6111751198768616,1.3367172479629517,-0.9240803122520447,1284
individual,30,carpet,7,5250,0.030847232788801193,0.03448016941547394,-8.71485710144043,0.003159720217809081,7.358890533447266,-7.0,7.0,8.635857582092285,0.6235968470573425,1.2517329454421997,-0.9033059477806091,1285
individual,30,carpet,8,5250,0.02624824270606041,0.044653717428445816,-8.558450698852539,0.003158771200105548,4.750646591186523,-7.0,7.0,8.562577247619629,0.5104095339775085,1.2516212463378906,-0.8945683240890503,1286
individual,30,carpet,9,5250,0.03141423687338829,0.03500508517026901,-8.873037338256836,0.0031582426745444536,11.499330520629883,-7.0,7.0,8.728941917419434,0.5023161172866821,1.3648148775100708,-0.8677060008049011,1287
individual,30,carpet,10,5250,0.04958733916282654,0.06853622198104858,-8.68472957611084,0.0031580920331180096,23.597026824951172,-7.0,7.0,8.51719856262207,0.6699150800704956,1.5694493055343628,-0.956380307674408,1288
individual,30,carpet,11,5250,0.044816743582487106,0.06347064673900604,-8.515979766845703,0.0031582817900925875,11.280601501464844,-7.0,7.0,8.606874465942383,0.749424397945404,1.3449424505233765,-0.8773776888847351,1289
individual,30,carpet,12,5250,0.02433064952492714,0.034278690814971924,-8.570392608642578,0.003158777253702283,24.628952026367188,-7.0,7.0,8.64049243927002,0.7596648335456848,1.5998929738998413,-0.9348668456077576,1290
individual,30,carpet,13,5250,0.03389666602015495,0.038937199860811234,-8.631349563598633,0.003159548621624708,37.09355926513672,-7.0,7.0,8.593777656555176,0.8296405076980591,1.7130645513534546,-0.9444164037704468,1291
individual,30,carpet,14,5250,0.01800011843442917,0.030572397634387016,-8.68643569946289,0.0031605686526745558,21.98970603942871,-7.0,7.0,8.683198928833008,0.7724899053573608,1.5167638063430786,-0.8760541081428528,1292
individual,30,carpet,15,5250,0.022898869588971138,0.021914882585406303,-8.724590301513672,0.003161812201142311,29.15593719482422,-7.0,7.0,8.644513130187988,0.6978814005851746,1.6409004926681519,-0.8864272832870483,1293
individual,30,carpet,16,5250,0.03693559765815735,0.03582663834095001,-8.722485542297363,0.003163258545100689,20.80953598022461,-7.0,7.0,8.712577819824219,0.8860445022583008,1.5947895050048828,-0.8564438819885254,1294
individual,30,carpet,17,5250,0.03292548283934593,0.038798511028289795,-8.686668395996094,0.003164886496961117,11.318075180053711,-7.0,7.0,8.699102401733398,0.6357235908508301,1.3986327648162842,-0.8151896595954895,1295
individual,30,carpet,18,5250,0.022603003308176994,0.02727830410003662,-8.928117752075195,0.0031666781287640333,16.29239273071289,-7.0,7.0,8.856391906738281,0.8111540675163269,1.405706763267517,-0.775850772857666,1296
individual,30,carpet,19,5250,0.03871266916394234,0.03818254917860031,-8.734305381774902,0.00316861760802567,17.944074630737305,-7.0,7.0,8.490464210510254,0.8187928795814514,1.5341808795928955,-0.7873608469963074,1297
individual,30,carpet,20,5250,0.026821762323379517,0.03993508964776993,-8.953344345092773,0.0031706911977380514,6.971432685852051,-7.0,7.0,8.826428413391113,0.629467248916626,1.3529436588287354,-0.7541714906692505,1298
individual,30,carpet,21,5250,0.02812635526061058,0.021105317398905754,-8.891275405883789,0.003172884229570627,7.428797721862793,-7.0,7.0,8.804988861083984,0.6593983769416809,1.4327400922775269,-0.7659235000610352,1299
individual,30,carpet,22,5250,0.023912854492664337,0.030490249395370483,-8.821417808532715,0.0031746882013976574,-3.0268073081970215,-7.0,7.0,8.71484375,0.5257505774497986,1.292098879814148,-0.6912844777107239,1300
individual,30,carpet,23,5250,0.05357234552502632,0.062422968447208405,-9.058736801147461,0.0031762842554599047,-0.5281071662902832,-7.0,7.0,8.917612075805664,0.8670262694358826,1.2921199798583984,-0.6882638931274414,1301
individual,30,carpet,24,5250,0.01858261413872242,0.02548561803996563,-9.050580978393555,0.0031777324620634317,0.18980306386947632,-7.0,7.0,8.822423934936523,0.7681399583816528,1.2972548007965088,-0.6967400312423706,1302
individual,30,carpet,25,5250,0.042006079107522964,0.038176871836185455,-8.865066528320312,0.003178976709023118,-1.0809725522994995,-7.0,7.0,8.816642761230469,0.6357939839363098,1.3291399478912354,-0.6972609758377075,1303
individual,30,carpet,26,5250,0.0245391633361578,0.03790226951241493,-8.836732864379883,0.0031797681003808975,-12.91887378692627,-7.0,7.0,8.714838981628418,0.5909086465835571,1.1804027557373047,-0.6542283892631531,1304
individual,30,carpet,27,5250,0.04130303114652634,0.05815749615430832,-8.993992805480957,0.003180741798132658,4.569370269775391,-7.0,7.0,8.927742004394531,0.8213066458702087,1.343885064125061,-0.7319638133049011,1305
individual,30,carpet,28,5250,0.03574046492576599,0.037236373871564865,-9.072713851928711,0.0031819462310522795,7.811728477478027,-7.0,7.0,9.034342765808105,0.8045209646224976,1.419686198234558,-0.7667080760002136,1306
individual,30,carpet,29,5250,0.042100969702005386,0.037033792585134506,-8.695429801940918,0.003183359047397971,13.806314468383789,-7.0,7.0,8.684292793273926,0.6820812225341797,1.4268461465835571,-0.7683982253074646,1307
individual,30,carpet,30,5250,0.04158000275492668,0.04541266709566116,-8.899179458618164,0.0031849609222263098,16.85818099975586,-7.0,7.0,8.681723594665527,0.5649943947792053,1.5302505493164062,-0.7564540505409241,1308
individual,30,carpet,31,5250,0.02343207597732544,0.0322786383330822,-8.593610763549805,0.0031867322977632284,9.109559059143066,-7.0,7.0,8.618754386901855,0.6503757834434509,1.39772629737854,-0.7836487889289856,1309
individual,30,carpet,32,5250,0.03597670793533325,0.04945065826177597,-8.681437492370605,0.003188474103808403,2.549489974975586,-7.0,7.0,8.811575889587402,0.5460566282272339,1.2934634685516357,-0.7213323712348938,1310
individual,30,carpet,33,5250,0.04885238781571388,0.055812302976846695,-8.85828685760498,0.003190259449183941,3.7902097702026367,-7.0,7.0,8.679378509521484,0.6643447875976562,1.3913650512695312,-0.7485136389732361,1311
individual,30,carpet,34,5250,0.029406428337097168,0.032662831246852875,-8.966340065002441,0.0031918587628751993,-0.17069005966186523,-7.0,7.0,8.839059829711914,0.7662349939346313,1.2985553741455078,-0.7201544642448425,1312
individual,30,carpet,35,5250,0.025707164779305458,0.03395684435963631,-8.712791442871094,0.003193509066477418,3.6423373222351074,-7.0,7.0,8.759505271911621,0.4848686456680298,1.297711730003357,-0.7294082045555115,1313
individual,30,carpet,36,5250,0.06356141716241837,0.06352558732032776,-8.599982261657715,0.003195019904524088,0.42408251762390137,-7.0,7.0,8.737747192382812,0.7553802132606506,1.2702218294143677,-0.7186776399612427,1314
individual,30,carpet,37,5250,0.033218249678611755,0.03253353759646416,-9.083800315856934,0.0031963898800313473,0.1324310302734375,-7.0,7.0,9.0149564743042,0.7191516160964966,1.319851279258728,-0.7322899103164673,1315
individual,30,carpet,38,5250,0.07233017683029175,0.0869452953338623,-9.261314392089844,0.0031972923316061497,-11.307954788208008,-7.0,7.0,8.974798202514648,0.7145318984985352,1.1777942180633545,-0.691595733165741,1316
individual,30,carpet,39,5250,0.0391172394156456,0.029752492904663086,-8.654155731201172,0.0031977726612240076,-14.707191467285156,-7.0,7.0,8.658973693847656,0.7915890216827393,1.1710344552993774,-0.7012224793434143,1317
individual,30,carpet,40,5250,0.07394519448280334,0.10000697523355484,-8.692726135253906,0.003197873244062066,-11.679691314697266,-7.0,7.0,8.924430847167969,0.8916547894477844,1.1496353149414062,-0.6986407041549683,1318
individual,30,carpet,41,5250,0.021571051329374313,0.015622369945049286,-8.685349464416504,0.00319763389416039,-14.348336219787598,-7.0,7.0,8.58059024810791,0.6094353795051575,1.0664113759994507,-0.6674293875694275,1319
individual,30,carpet,42,5250,0.03042759746313095,0.03443896025419235,-9.15783977508545,0.0031970865093171597,-17.61588478088379,-7.0,7.0,8.94055461883545,0.6822755932807922,1.0124274492263794,-0.6723949313163757,1320
individual,30,carpet,43,5250,0.039703287184238434,0.05349195376038551,-9.207462310791016,0.0031962634529918432,-16.137008666992188,-7.0,7.0,9.063807487487793,0.8238656520843506,0.9697952270507812,-0.670421302318573,1321
individual,30,carpet,44,5250,0.050698861479759216,0.04556641727685928,-8.814983367919922,0.0031951921992003918,-18.505359649658203,-7.0,7.0,8.86941909790039,0.6831346154212952,1.0709068775177002,-0.6903491616249084,1322
individual,30,carpet,45,5250,0.04302569106221199,0.04931262508034706,-8.873763084411621,0.0031938974279910326,-20.620912551879883,-7.0,7.0,8.879087448120117,0.6116802096366882,1.0321861505508423,-0.6948983073234558,1323
individual,30,carpet,46,5250,0.03593745082616806,0.0363757349550724,-8.962790489196777,0.0031924021895974874,-14.88603401184082,-7.0,7.0,8.825475692749023,0.6319913268089294,1.0195083618164062,-0.6643887758255005,1324
individual,30,carpet,47,5250,0.03126230463385582,0.06320718675851822,-9.078015327453613,0.0031907265074551105,-12.985686302185059,-7.0,7.0,8.845608711242676,0.8510963320732117,1.1131168603897095,-0.7118334174156189,1325
individual,30,carpet,48,5250,0.03906895965337753,0.05275486409664154,-8.870333671569824,0.003188889240846038,-17.00446891784668,-7.0,7.0,8.830940246582031,0.5881631374359131,0.995320200920105,-0.6891909837722778,1326
individual,30,carpet,49,5250,0.05786964297294617,0.09005178511142731,-8.67459487915039,0.003186906920745969,-6.556859970092773,-7.0,7.0,8.758607864379883,0.7936939597129822,1.1051379442214966,-0.7159303426742554,1327
individual,30,carpet,50,5250,0.06576770544052124,0.031042490154504776,-9.237053871154785,0.0031847937498241663,-15.163335800170898,-7.0,7.0,9.135162353515625,0.8012440204620361,1.0207688808441162,-0.7104477286338806,1328
population,30,carpet,1,5250,0.029103612527251244,0.024721022695302963,-8.825260162353516,0.004073065705597401,-14.721278190612793,-7.0,7.0,8.737317085266113,0.8404974341392517,1.0795674324035645,-0.710128128528595,1279
population,30,carpet,2,5250,0.019231509417295456,0.020561199635267258,-8.799982070922852,0.004070570692420006,-15.846928596496582,-7.0,7.0,8.684103965759277,0.4944751560688019,1.0915316343307495,-0.7177444696426392,1280
population,30,carpet,3,5250,0.020051168277859688,0.011773831211030483,-9.006322860717773,0.004067887086421251,-14.656197547912598,-7.0,7.0,8.954938888549805,0.42026302218437195,1.0815056562423706,-0.7303147912025452,1281
population,30,carpet,4,5250,0.019910167902708054,0.028827250003814697,-8.956144332885742,0.004065033048391342,-7.417897701263428,-7.0,7.0,8.67630386352539,0.8042235374450684,1.217296838760376,-0.7794371247291565,1282
population,30,carpet,5,5250,0.033600520342588425,0.022770680487155914,-8.845821380615234,0.004062027670443058,-14.99616813659668,-7.0,7.0,8.594257354736328,0.5989054441452026,1.0898138284683228,-0.7464572191238403,1283
population,30,carpet,6,5250,0.037496864795684814,0.0637127012014389,-8.66873836517334,0.004058887250721455,-10.036844253540039,-7.0,7.0,8.650327682495117,0.8575217723846436,1.1967037916183472,-0.8149603009223938,1284
population,30,carpet,7,5250,0.02203131653368473,0.022191457450389862,-8.900623321533203,0.004056435544043779,4.695591449737549,-7.0,7.0,8.713648796081543,0.6737505793571472,1.314708948135376,-0.8213860392570496,1285
population,30,carpet,8,5250,0.032334379851818085,0.04553583264350891,-9.116005897521973,0.004053792450577021,-5.929887771606445,-7.0,7.0,8.87321949005127,0.630118191242218,1.2116106748580933,-0.8367613554000854,1286
population,30,carpet,9,5250,0.028093650937080383,0.0182600449770689,-8.798900604248047,0.0040509868413209915,-5.380401611328125,-7.0,7.0,8.621957778930664,0.6917529106140137,1.209380865097046,-0.8858487010002136,1287
population,30,carpet,10,5250,0.04710126668214798,0.05871037393808365,-8.78528118133545,0.004048667382448912,2.5687191486358643,-7.0,7.0,8.85499095916748,0.5128154754638672,1.3279657363891602,-0.9074987173080444,1288
population,30,carpet,11,5250,0.016436146572232246,0.018031535670161247,-8.751218795776367,0.004047018941491842,11.49445915222168,-7.0,7.0,8.638605117797852,0.8632549047470093,1.4223300218582153,-0.9799753427505493,1289
population,30,carpet,12,5250,0.024377666413784027,0.036683909595012665,-8.838621139526367,0.004045973531901836,17.761756896972656,-7.0,7.0,8.663924217224121,0.39049196243286133,1.4695106744766235,-0.9658306241035461,1290
population,30,carpet,13,5250,0.021712766960263252,0.036319196224212646,-8.605168342590332,0.004045469686388969,9.323345184326172,-7.0,7.0,8.637195587158203,0.6197542548179626,1.3709709644317627,-0.9690967202186584,1291
population,30,carpet,14,5250,0.028224073350429535,0.03652085363864899,-8.832345008850098,0.004045442678034306,5.360723972320557,-7.0,7.0,8.877762794494629,0.707656979560852,1.318809151649475,-0.9672290086746216,1292
population,30,carpet,15,5250,0.04613380506634712,0.06434541195631027,-9.173375129699707,0.004045834299176931,5.2592034339904785,-7.0,7.0,8.99366569519043,0.6544568538665771,1.3305776119232178,-0.9744756817817688,1293
population,30,carpet,16,5250,0.02230110391974449,0.023414863273501396,-8.887811660766602,0.0040465425699949265,4.4635467529296875,-7.0,7.0,8.704172134399414,0.7486410140991211,1.3135617971420288,-0.9291387796401978,1294
population,30,carpet,17,5250,0.02519482746720314,0.04929223656654358,-8.77609634399414,0.004047617316246033,13.874246597290039,-7.0,7.0,8.777668952941895,0.7795780301094055,1.3746565580368042,-0.9429201483726501,1295
population,30,carpet,18,5250,0.02111029624938965,0.03077327087521553,-8.800277709960938,0.0040490226820111275,11.001080513000488,-7.0,7.0,8.71700382232666,0.6718832850456238,1.3762140274047852,-0.9286736249923706,1296
population,30,carpet,19,5250,0.03232162818312645,0.07138743996620178,-9.152539253234863,0.004050415009260178,1.6030938625335693,-7.0,7.0,8.903961181640625,0.7236915826797485,1.202789545059204,-0.917252242565155,1297
population,30,carpet,20,5250,0.024122493341565132,0.02752787247300148,-8.924196243286133,0.004051960539072752,3.66723370552063,-7.0,7.0,8.77415657043457,0.4258955717086792,1.2490904331207275,-0.8732736706733704,1298
population,30,carpet,21,5250,0.052869901061058044,0.07314535230398178,-8.880216598510742,0.004052913282066584,-9.478494644165039,-7.0,7.0,8.998757362365723,0.7222855687141418,1.1062356233596802,-0.925440788269043,1299
population,30,carpet,22,5250,0.027141302824020386,0.027829404920339584,-8.968565940856934,0.004053332377225161,-5.914018630981445,-7.0,7.0,8.841961860656738,0.6044984459877014,1.1320034265518188,-0.8839336633682251,1300
population,30,carpet,23,5250,0.029637740924954414,0.04522136598825455,-9.110777854919434,0.0040533458814024925,-4.588195323944092,-7.0,7.0,8.870382308959961,0.8149619698524475,1.210142731666565,-0.8830174207687378,1301
population,30,carpet,24,5250,0.015895215794444084,0.02357637882232666,-9.126405715942383,0.004053042735904455,-3.959746837615967,-7.0,7.0,8.940306663513184,0.4724573493003845,1.1852167844772339,-0.8888074159622192,1302
population,30,carpet,25,5250,0.01419139839708805,0.025546807795763016,-9.03213882446289,0.004052331205457449,-9.436052322387695,-7.0,7.0,8.906264305114746,0.7447175979614258,1.1382803916931152,-0.9135361313819885,1303
population,30,carpet,26,5250,0.019697774201631546,0.026923565194010735,-8.90051555633545,0.0040512531995773315,-6.996906757354736,-7.0,7.0,8.8692626953125,0.48551422357559204,1.168642282485962,-0.9296417832374573,1304
population,30,carpet,27,5250,0.01830315589904785,0.024366851896047592,-9.193290710449219,0.0040498455055058,-7.513935089111328,-7.0,7.0,9.078485488891602,0.5391305685043335,1.1388537883758545,-0.9353853464126587,1305
population,30,carpet,28,5250,0.03305951505899429,0.0489346981048584,-9.504571914672852,0.004048480186611414,-1.207549810409546,-7.0,7.0,9.283348083496094,0.710870623588562,1.195937156677246,-0.9391677975654602,1306
population,30,carpet,29,5250,0.030964117497205734,0.027116192504763603,-9.013289451599121,0.004047690890729427,6.678174018859863,-7.0,7.0,8.865789413452148,0.7636950612068176,1.3082964420318604,-0.9887571930885315,1307
population,30,carpet,30,5250,0.017057405784726143,0.020562542602419853,-9.071701049804688,0.004047418478876352,10.68004322052002,-7.0,7.0,8.941570281982422,0.6874697804450989,1.39922034740448,-1.0033682584762573,1308
population,30,carpet,31,5250,0.017927777022123337,0.0233676228672266,-8.969827651977539,0.004047611728310585,15.791150093078613,-7.0,7.0,8.80059814453125,0.7720008492469788,1.4253343343734741,-0.9963200688362122,1309
population,30,carpet,32,5250,0.03027845174074173,0.02426399290561676,-8.824226379394531,0.004048223607242107,24.918643951416016,-7.0,7.0,8.74394702911377,0.8108363151550293,1.5563172101974487,-1.0470274686813354,1310
population,30,carpet,33,5250,0.03343017399311066,0.026006489992141724,-9.248767852783203,0.004049211740493774,24.126834869384766,-7.0,7.0,9.089993476867676,0.7198827266693115,1.409625768661499,-1.134171962738037,1311
population,30,carpet,34,5250,0.031011631712317467,0.02550615556538105,-9.240219116210938,0.004050540737807751,16.97283172607422,-7.0,7.0,9.00652027130127,0.7925150990486145,1.3345587253570557,-1.0386983156204224,1312
population,30,carpet,35,5250,0.030359243974089622,0.028904777020215988,-8.95603084564209,0.0040521747432649136,11.61783504486084,-7.0,7.0,8.927536964416504,0.6087930202484131,1.2901772260665894,-1.0323468446731567,1313
population,30,carpet,36,5250,0.04236713796854019,0.03319156542420387,-8.91909122467041,0.004054084420204163,17.602516174316406,-7.0,7.0,8.927590370178223,0.6800154447555542,1.4416154623031616,-1.0213655233383179,1314
population,30,carpet,37,5250,0.020705876871943474,0.020471496507525444,-9.104812622070312,0.004056242294609547,16.039199829101562,-7.0,7.0,8.982802391052246,0.6088463664054871,1.4531052112579346,-0.9976390600204468,1315
population,30,carpet,38,5250,0.04982456564903259,0.03251826763153076,-9.349075317382812,0.004058624152094126,17.19284439086914,-7.0,7.0,9.13549518585205,0.6804211139678955,1.407593846321106,-0.9863924384117126,1316
population,30,carpet,39,5250,0.04406934231519699,0.034418243914842606,-9.05481243133545,0.0040612067095935345,8.418088912963867,-7.0,7.0,9.020121574401855,0.6987274289131165,1.3310221433639526,-0.9734998345375061,1317
population,30,carpet,40,5250,0.026542944833636284,0.02926146611571312,-9.216301918029785,0.004063970874994993,7.639865875244141,-7.0,7.0,9.057655334472656,0.7197977900505066,1.345162272453308,-0.9359484910964966,1318
population,30,carpet,41,5250,0.024433700367808342,0.030177081003785133,-9.107772827148438,0.004066636320203543,2.1897084712982178,-7.0,7.0,9.030793190002441,0.9495724439620972,1.2407227754592896,-0.8875135779380798,1319
population,30,carpet,42,5250,0.030468711629509926,0.02937878668308258,-9.177209854125977,0.004069476388394833,18.126420974731445,-7.0,7.0,8.965810775756836,0.8097816109657288,1.4596627950668335,-0.9521570205688477,1320
population,30,carpet,43,5250,0.01961417868733406,0.02836756408214569,-9.315765380859375,0.004071914125233889,-1.5313279628753662,-7.0,7.0,9.08125114440918,0.6519855856895447,1.2327743768692017,-0.8884910941123962,1321
population,30,carpet,44,5250,0.04675345867872238,0.04752972349524498,-9.069742202758789,0.00407454976812005,7.00917911529541,-7.0,7.0,8.83182144165039,0.8664606213569641,1.3143644332885742,-0.8558217287063599,1322
population,30,carpet,45,5250,0.020328417420387268,0.02836400829255581,-9.314910888671875,0.004077263176441193,4.23652982711792,-7.0,7.0,9.192961692810059,0.6605610847473145,1.3305625915527344,-0.8659170866012573,1323
population,30,carpet,46,5250,0.02187693864107132,0.030313733965158463,-9.031925201416016,0.004080147482454777,6.159494400024414,-7.0,7.0,9.066173553466797,0.5905234217643738,1.3030948638916016,-0.8982846140861511,1324
population,30,carpet,47,5250,0.024917762726545334,0.03738454356789589,-9.166354179382324,0.004083187319338322,6.957636833190918,-7.0,7.0,9.021592140197754,0.6788227558135986,1.3458219766616821,-0.914761483669281,1325
population,30,carpet,48,5250,0.020430324599146843,0.025704674422740936,-9.09769344329834,0.004086365923285484,6.506983280181885,-7.0,7.0,8.904035568237305,0.7240973711013794,1.3526641130447388,-0.8802284598350525,1326
population,30,carpet,49,5250,0.024756714701652527,0.03873082995414734,-9.476808547973633,0.0040893759578466415,1.7845406532287598,-7.0,7.0,9.521841049194336,0.6640780568122864,1.303878664970398,-0.8762108087539673,1327
population,30,carpet,50,5250,0.02450338751077652,0.02766808122396469,-9.244251251220703,0.004092329181730747,3.0046541690826416,-7.0,7.0,9.116814613342285,0.4076368808746338,1.3225017786026,-0.8500365018844604,1328
