update,replay_size,qf1_loss,qf2_loss,policy_loss,alpha,alpha_loss,target_entropy_internal,target_entropy_paper,q_target_mean,q_target_std,policy_mean_abs,policy_log_std_mean,train_update
1,41965,1.8016177415847778,1.6111980676651,-16.295963287353516,0.004304495640099049,5.179922580718994,-9.0,9.0,16.337907791137695,9.584366798400879,1.478335976600647,-0.8290323615074158,5123
2,41965,0.867685079574585,2.6987717151641846,-18.229022979736328,0.004307869356125593,0.8632097840309143,-9.0,9.0,17.539325714111328,9.672112464904785,1.4464671611785889,-0.8120557069778442,5124
3,41965,1.5983556509017944,1.269544005393982,-15.875045776367188,0.004311662632972002,5.967218399047852,-9.0,9.0,15.772703170776367,9.386030197143555,1.526540756225586,-0.79970782995224,5125
4,41965,0.9307980537414551,0.9566502571105957,-16.221160888671875,0.004315651021897793,10.178717613220215,-9.0,9.0,16.005945205688477,9.252083778381348,1.563963532447815,-0.7999842762947083,5126
5,41965,1.154498815536499,1.4261486530303955,-16.928104400634766,0.004319752566516399,11.317431449890137,-9.0,9.0,17.091947555541992,9.466727256774902,1.6006888151168823,-0.8007755875587463,5127
6,41965,0.946506142616272,1.4152029752731323,-17.261423110961914,0.004323927685618401,11.184925079345703,-9.0,9.0,17.276487350463867,9.538141250610352,1.58247971534729,-0.7876583933830261,5128
7,41965,0.6227380037307739,0.6585263609886169,-17.29153823852539,0.004328156355768442,14.642805099487305,-9.0,9.0,17.032272338867188,9.453141212463379,1.6073248386383057,-0.8283695578575134,5129
8,41965,0.8244754076004028,0.6651415228843689,-16.623004913330078,0.004332424607127905,24.688697814941406,-9.0,9.0,16.25922393798828,9.422099113464355,1.7529410123825073,-0.8344936966896057,5130
9,41965,0.6915062069892883,0.9662848711013794,-17.877044677734375,0.004336721263825893,21.901769638061523,-9.0,9.0,17.427074432373047,9.879459381103516,1.7539552450180054,-0.8107066750526428,5131
10,41965,0.4924848973751068,0.8432640433311462,-17.62796974182129,0.004341043531894684,29.19837760925293,-9.0,9.0,17.051681518554688,9.717063903808594,1.8405734300613403,-0.8201021552085876,5132
11,41965,0.7002385854721069,0.7030586004257202,-17.45395278930664,0.004345386289060116,37.75465774536133,-9.0,9.0,16.78365707397461,9.468214988708496,1.963249921798706,-0.8058409094810486,5133
12,41965,0.6091532111167908,0.4381331205368042,-17.660982131958008,0.004349743947386742,35.78596878051758,-9.0,9.0,17.29827117919922,9.460920333862305,1.9391814470291138,-0.807195782661438,5134
13,41965,0.4734361469745636,0.49701446294784546,-17.549495697021484,0.004354116506874561,44.31829833984375,-9.0,9.0,17.40475082397461,9.176931381225586,2.0633327960968018,-0.788773238658905,5135
14,41965,0.4223305881023407,0.5724289417266846,-17.124330520629883,0.004358501639217138,55.07429504394531,-9.0,9.0,17.188114166259766,9.703512191772461,2.2094318866729736,-0.8224779963493347,5136
15,41965,0.4641621708869934,0.5682914853096008,-16.949256896972656,0.004362897016108036,57.88477325439453,-9.0,9.0,17.009428024291992,8.980157852172852,2.2636451721191406,-0.802691638469696,5137
16,41965,0.30099058151245117,0.3422510623931885,-17.19689178466797,0.004367303568869829,44.70334243774414,-9.0,9.0,17.052608489990234,9.13642692565918,2.0431716442108154,-0.8384354710578918,5138
17,41965,0.41693025827407837,0.3737492859363556,-17.643508911132812,0.004371718503534794,63.128822326660156,-9.0,9.0,17.304176330566406,9.646332740783691,2.3234634399414062,-0.8145522475242615,5139
18,41965,0.444252610206604,0.48592761158943176,-17.513818740844727,0.004376140423119068,37.17891311645508,-9.0,9.0,17.052337646484375,9.594974517822266,1.9674451351165771,-0.8545160293579102,5140
19,41965,0.30444514751434326,0.4514276385307312,-18.152694702148438,0.004380570258945227,59.08536911010742,-9.0,9.0,17.62316131591797,9.661761283874512,2.2287867069244385,-0.8221360445022583,5141
20,41965,0.2667098045349121,0.3867204487323761,-16.782718658447266,0.004385007079690695,52.210845947265625,-9.0,9.0,16.306549072265625,8.923824310302734,2.194641351699829,-0.7889929413795471,5142
21,41965,0.28764528036117554,0.2679435908794403,-17.369735717773438,0.004389448557049036,67.48031616210938,-9.0,9.0,16.95888900756836,9.51186752319336,2.442185163497925,-0.7789483070373535,5143
22,41965,0.29289352893829346,0.2638758420944214,-17.746625900268555,0.0043938965536653996,54.54973602294922,-9.0,9.0,17.510169982910156,9.852757453918457,2.21452260017395,-0.8184247016906738,5144
23,41965,0.3406638503074646,0.4513733386993408,-17.6251163482666,0.004398348741233349,55.33476638793945,-9.0,9.0,17.472938537597656,9.637110710144043,2.264096975326538,-0.7956413626670837,5145
24,41965,0.24565863609313965,0.31685298681259155,-16.62477684020996,0.004402807913720608,62.274574279785156,-9.0,9.0,16.36530303955078,9.160903930664062,2.2939200401306152,-0.8185812830924988,5146
25,41965,0.2766958773136139,0.28577253222465515,-18.017974853515625,0.0044072712771594524,63.64776611328125,-9.0,9.0,17.7471923828125,10.044076919555664,2.3597023487091064,-0.8075079917907715,5147
26,41965,0.3441820442676544,0.34358417987823486,-16.970556259155273,0.00441173929721117,64.91658782958984,-9.0,9.0,16.587392807006836,9.29787826538086,2.3923633098602295,-0.7849528193473816,5148
27,41965,0.4123598039150238,0.4707324206829071,-17.996313095092773,0.004416211973875761,59.70555114746094,-9.0,9.0,17.617835998535156,9.962377548217773,2.297215700149536,-0.8147479295730591,5149
28,41965,0.31138476729393005,0.3511953353881836,-17.70867919921875,0.004420689307153225,71.69210815429688,-9.0,9.0,17.30886459350586,9.391672134399414,2.421764850616455,-0.8836413621902466,5150
29,41965,0.2652890086174011,0.30990517139434814,-17.94658088684082,0.004425170831382275,74.01194763183594,-9.0,9.0,17.593984603881836,9.91089153289795,2.438641309738159,-0.8531051278114319,5151
30,41965,0.2765865921974182,0.2319861650466919,-17.17779541015625,0.004429657012224197,71.49210357666016,-9.0,9.0,16.847782135009766,9.561622619628906,2.433562994003296,-0.8132409453392029,5152
31,41965,0.25572291016578674,0.2180342823266983,-17.878877639770508,0.004434147849678993,71.98991394042969,-9.0,9.0,17.53734588623047,9.410014152526855,2.4522688388824463,-0.9023860096931458,5153
32,41965,0.31189849972724915,0.32713475823402405,-17.88043212890625,0.004438641015440226,74.42725372314453,-9.0,9.0,17.671390533447266,9.644050598144531,2.4399571418762207,-0.8562470078468323,5154
33,41965,0.23003514111042023,0.25296926498413086,-17.4917049407959,0.004443138837814331,82.16812896728516,-9.0,9.0,17.280406951904297,9.447845458984375,2.570301055908203,-0.8304656147956848,5155
34,41965,0.2707725763320923,0.25800183415412903,-16.933792114257812,0.004447640851140022,78.35134887695312,-9.0,9.0,16.880382537841797,9.481691360473633,2.5453107357025146,-0.7731655836105347,5156
35,41965,0.259890615940094,0.268506795167923,-16.18602752685547,0.004452145658433437,81.2198486328125,-9.0,9.0,15.976705551147461,8.817496299743652,2.5536978244781494,-0.7877138257026672,5157
36,41965,0.3535192310810089,0.37796592712402344,-17.188539505004883,0.0044566551223397255,75.73096466064453,-9.0,9.0,16.95615005493164,9.20627212524414,2.4856772422790527,-0.7882217168807983,5158
37,41965,0.2506145238876343,0.30341675877571106,-16.829254150390625,0.004461168777197599,86.49766540527344,-9.0,9.0,16.589309692382812,9.339113235473633,2.6045823097229004,-0.7022665739059448,5159
38,41965,0.2532557249069214,0.2613867223262787,-17.91337776184082,0.004465685226023197,77.3273696899414,-9.0,9.0,17.577030181884766,9.803027153015137,2.4896538257598877,-0.7505403161048889,5160
39,41965,0.3138962984085083,0.3189213275909424,-17.71034812927246,0.004470206331461668,76.36538696289062,-9.0,9.0,17.336448669433594,9.616362571716309,2.4778990745544434,-0.7250271439552307,5161
40,41965,0.34479206800460815,0.38692864775657654,-17.726228713989258,0.004474731627851725,82.20144653320312,-9.0,9.0,17.425235748291016,9.882529258728027,2.541524887084961,-0.7440335154533386,5162
41,41965,0.27120164036750793,0.291274756193161,-18.53779411315918,0.004479259718209505,64.2135238647461,-9.0,9.0,18.342885971069336,9.44056224822998,2.354645252227783,-0.732431948184967,5163
42,41965,0.332062691450119,0.3728906512260437,-17.056676864624023,0.004483791999518871,71.34667205810547,-9.0,9.0,16.83504295349121,9.335390090942383,2.461188554763794,-0.660019040107727,5164
43,41965,0.24672846496105194,0.2857719361782074,-15.933113098144531,0.004488328937441111,77.20187377929688,-9.0,9.0,15.53842830657959,8.851140975952148,2.490039348602295,-0.6228399872779846,5165
44,41965,0.2837248742580414,0.29559409618377686,-17.365936279296875,0.004492868669331074,70.87713623046875,-9.0,9.0,16.931413650512695,9.163354873657227,2.448620080947876,-0.620418131351471,5166
45,41965,0.2716485261917114,0.3005051016807556,-17.354442596435547,0.004497412592172623,73.83269500732422,-9.0,9.0,16.974531173706055,9.816263198852539,2.4259719848632812,-0.6782670617103577,5167
46,41965,0.33684641122817993,0.3483474552631378,-18.255678176879883,0.004501961171627045,84.10283660888672,-9.0,9.0,17.944744110107422,9.688864707946777,2.5608861446380615,-0.6727548837661743,5168
47,41965,0.2726227939128876,0.30385950207710266,-17.478477478027344,0.0045065125450491905,77.55133056640625,-9.0,9.0,17.16790008544922,9.769577980041504,2.514882802963257,-0.5916884541511536,5169
48,41965,0.24833977222442627,0.2618240714073181,-17.63703727722168,0.004511068109422922,62.07375717163086,-9.0,9.0,17.338151931762695,10.054821968078613,2.350329875946045,-0.6169388890266418,5170
49,41965,0.2232365608215332,0.24197901785373688,-17.230274200439453,0.004515628796070814,74.54989624023438,-9.0,9.0,17.0157470703125,9.608064651489258,2.478407144546509,-0.5945268273353577,5171
50,41965,0.30777066946029663,0.2923890948295593,-17.15336799621582,0.004520191345363855,70.97740936279297,-9.0,9.0,16.807912826538086,9.384923934936523,2.4430453777313232,-0.5633513331413269,5172
51,41965,0.3281348645687103,0.3176622688770294,-17.303192138671875,0.004524759016931057,75.87480163574219,-9.0,9.0,16.945697784423828,9.693893432617188,2.548245668411255,-0.5485872030258179,5173
52,41965,0.19969795644283295,0.254954069852829,-16.724266052246094,0.004529330879449844,68.68040466308594,-9.0,9.0,16.33448028564453,9.196616172790527,2.467729330062866,-0.5887967944145203,5174
53,41965,0.2988836169242859,0.2818024456501007,-17.7436580657959,0.004533905535936356,69.97224426269531,-9.0,9.0,17.602718353271484,9.591856956481934,2.4777181148529053,-0.5140564441680908,5175
54,41965,0.31402239203453064,0.31668350100517273,-17.910228729248047,0.00453848484903574,60.9541015625,-9.0,9.0,17.76351547241211,9.871880531311035,2.3995425701141357,-0.5426310300827026,5176
55,41965,0.34796297550201416,0.3367283046245575,-17.268177032470703,0.00454306835308671,90.84574127197266,-9.0,9.0,16.955421447753906,10.198519706726074,2.7729318141937256,-0.6708071827888489,5177
56,41965,0.23474107682704926,0.2175624519586563,-16.578317642211914,0.004547654651105404,73.10499572753906,-9.0,9.0,16.31181526184082,9.707619667053223,2.5486273765563965,-0.5078169107437134,5178
57,41965,0.22545351088047028,0.2215925008058548,-17.927967071533203,0.004552245605736971,85.67584228515625,-9.0,9.0,17.616548538208008,10.126789093017578,2.700146198272705,-0.6042388081550598,5179
58,41965,0.18387079238891602,0.18301866948604584,-17.953414916992188,0.004556840751320124,69.78325653076172,-9.0,9.0,17.681575775146484,10.528032302856445,2.5659351348876953,-0.5584120154380798,5180
59,41965,0.2219066321849823,0.16927208006381989,-17.849571228027344,0.004561438690871,77.22526550292969,-9.0,9.0,17.671571731567383,9.923819541931152,2.5931143760681152,-0.564184844493866,5181
60,41965,0.24761076271533966,0.2766144573688507,-17.560218811035156,0.00456604128703475,70.17471313476562,-9.0,9.0,17.246997833251953,9.329720497131348,2.5216403007507324,-0.5738497972488403,5182
61,41965,0.25482189655303955,0.2617243230342865,-16.75660514831543,0.004570648539811373,81.78154754638672,-9.0,9.0,16.380449295043945,9.530795097351074,2.6912901401519775,-0.5498899817466736,5183
62,41965,0.18786796927452087,0.21342231333255768,-16.37681770324707,0.004575260449200869,93.2147445678711,-9.0,9.0,15.986272811889648,9.823670387268066,2.8452086448669434,-0.5328181982040405,5184
63,41965,0.23318889737129211,0.2703653872013092,-17.66160774230957,0.004579874686896801,73.15128326416016,-9.0,9.0,17.371461868286133,10.440463066101074,2.629199504852295,-0.5029782652854919,5185
64,41965,0.19143526256084442,0.21510951220989227,-16.97027015686035,0.004584494046866894,77.44020080566406,-9.0,9.0,16.585046768188477,9.876749038696289,2.671100616455078,-0.53281569480896,5186
65,41965,0.1608840823173523,0.17218740284442902,-16.697147369384766,0.004589117597788572,85.91914367675781,-9.0,9.0,16.307636260986328,9.174599647521973,2.7496509552001953,-0.5110284686088562,5187
66,41965,0.1951151043176651,0.18220335245132446,-16.768186569213867,0.004593745805323124,76.28117370605469,-9.0,9.0,16.484546661376953,9.714113235473633,2.6410162448883057,-0.5148254036903381,5188
67,41965,0.12513750791549683,0.13586023449897766,-18.280447006225586,0.004598376806825399,72.34442138671875,-9.0,9.0,17.988059997558594,10.586136817932129,2.586043119430542,-0.5194278955459595,5189
68,41965,0.18483680486679077,0.22413896024227142,-17.942834854125977,0.004603011999279261,68.72258758544922,-9.0,9.0,17.66246795654297,9.803619384765625,2.4765267372131348,-0.5176792144775391,5190
69,41965,0.22176247835159302,0.23002637922763824,-16.282684326171875,0.004607652314007282,73.19662475585938,-9.0,9.0,15.896754264831543,9.120549201965332,2.5938122272491455,-0.49316081404685974,5191
70,41965,0.167612686753273,0.19515307247638702,-17.47466278076172,0.00461229681968689,73.65412902832031,-9.0,9.0,17.15829849243164,10.14640998840332,2.541362762451172,-0.5124600529670715,5192
71,41965,0.17637097835540771,0.16952326893806458,-17.084314346313477,0.004616944119334221,64.47470092773438,-9.0,9.0,16.903837203979492,9.64993667602539,2.4518373012542725,-0.501550018787384,5193
72,41965,0.23218615353107452,0.22149880230426788,-17.77297592163086,0.004621596075594425,71.06597137451172,-9.0,9.0,17.49788475036621,10.57646656036377,2.5167505741119385,-0.5197354555130005,5194
73,41965,0.15187402069568634,0.14667879045009613,-18.053321838378906,0.00462625315412879,66.9329833984375,-9.0,9.0,17.741098403930664,10.30409049987793,2.4337270259857178,-0.4827761650085449,5195
74,41965,0.1830546110868454,0.19385403394699097,-16.231128692626953,0.00463091442361474,76.5611343383789,-9.0,9.0,15.859102249145508,10.454465866088867,2.563699722290039,-0.49194759130477905,5196
75,41965,0.17970982193946838,0.17364011704921722,-16.522438049316406,0.004635580349713564,55.831031799316406,-9.0,9.0,16.252294540405273,9.432950019836426,2.31195068359375,-0.45499876141548157,5197
76,41965,0.19903260469436646,0.19012010097503662,-16.668272018432617,0.004640249069780111,47.92958068847656,-9.0,9.0,16.54862403869629,9.535455703735352,2.2360782623291016,-0.44887223839759827,5198
77,41965,0.17860424518585205,0.15145571529865265,-16.631628036499023,0.0046449219807982445,45.472408294677734,-9.0,9.0,16.555288314819336,9.879755973815918,2.1901614665985107,-0.4180823266506195,5199
78,41965,0.165002703666687,0.1814478635787964,-16.852548599243164,0.004649600014090538,37.49957275390625,-9.0,9.0,16.674495697021484,9.393275260925293,2.103381872177124,-0.42471399903297424,5200
79,41965,0.1529788076877594,0.15308022499084473,-16.959152221679688,0.004654282703995705,44.548866271972656,-9.0,9.0,16.743064880371094,9.658470153808594,2.215744733810425,-0.4020220935344696,5201
80,41965,0.1690998673439026,0.1599445790052414,-16.869110107421875,0.004658970050513744,35.4444580078125,-9.0,9.0,16.53072738647461,9.692076683044434,2.108119249343872,-0.39911624789237976,5202
81,41965,0.14837557077407837,0.14770467579364777,-17.540889739990234,0.004663662053644657,27.29052734375,-9.0,9.0,17.39046859741211,9.822628021240234,2.002244710922241,-0.4124073088169098,5203
82,41965,0.15127092599868774,0.13178342580795288,-16.035625457763672,0.004668356850743294,36.04948806762695,-9.0,9.0,15.903793334960938,9.150910377502441,2.081636428833008,-0.38366299867630005,5204
83,41965,0.1796385496854782,0.16813257336616516,-16.326005935668945,0.0046730563044548035,37.96321105957031,-9.0,9.0,16.133949279785156,9.76787281036377,2.1681511402130127,-0.3639203906059265,5205
84,41965,0.2339647114276886,0.2000332772731781,-17.203285217285156,0.004677760414779186,20.81570053100586,-9.0,9.0,16.940593719482422,9.86998462677002,1.9548654556274414,-0.3725641071796417,5206
85,41965,0.14575988054275513,0.14705973863601685,-17.491029739379883,0.004682469181716442,19.106063842773438,-9.0,9.0,17.26416015625,9.886598587036133,1.9022248983383179,-0.3792099952697754,5207
86,41965,0.1448824107646942,0.16780757904052734,-17.933107376098633,0.004687182605266571,20.833580017089844,-9.0,9.0,17.631637573242188,9.92674732208252,1.9175746440887451,-0.3723449110984802,5208
87,41965,0.177752286195755,0.16190601885318756,-18.87116241455078,0.004691900685429573,15.523419380187988,-9.0,9.0,18.70199966430664,10.009374618530273,1.8498681783676147,-0.42539867758750916,5209
88,41965,0.1339809149503708,0.12046600133180618,-17.165725708007812,0.004696621559560299,20.021596908569336,-9.0,9.0,16.983043670654297,10.081826210021973,1.9016672372817993,-0.40037819743156433,5210
89,41965,0.18208718299865723,0.18574562668800354,-17.573989868164062,0.004701347090303898,21.716169357299805,-9.0,9.0,17.352371215820312,10.009187698364258,1.9096933603286743,-0.3854370713233948,5211
90,41965,0.11209922283887863,0.1282268911600113,-17.384227752685547,0.00470607727766037,16.843435287475586,-9.0,9.0,17.205781936645508,9.886199951171875,1.8456001281738281,-0.3881647288799286,5212
91,41965,0.14147721230983734,0.15662775933742523,-16.721393585205078,0.004710812587291002,17.257705688476562,-9.0,9.0,16.493444442749023,9.570852279663086,1.871036171913147,-0.4060037136077881,5213
92,41965,0.14333617687225342,0.14630953967571259,-16.24995994567871,0.0047155520878732204,23.883895874023438,-9.0,9.0,16.017549514770508,9.485760688781738,1.972098708152771,-0.3961643576622009,5214
93,41965,0.18816162645816803,0.19923217594623566,-17.513635635375977,0.004720296710729599,17.162960052490234,-9.0,9.0,17.278152465820312,9.606050491333008,1.8444420099258423,-0.4882521629333496,5215
94,41965,0.17728625237941742,0.20948095619678497,-17.221696853637695,0.004725045990198851,17.959537506103516,-9.0,9.0,17.07630157470703,9.791640281677246,1.8522042036056519,-0.460554301738739,5216
95,41965,0.12772038578987122,0.13431216776371002,-16.95794105529785,0.004729800391942263,14.247135162353516,-9.0,9.0,16.742454528808594,9.770183563232422,1.7879102230072021,-0.44617515802383423,5217
96,41965,0.13570323586463928,0.14220114052295685,-17.42694664001465,0.004734557121992111,15.566372871398926,-9.0,9.0,17.180452346801758,10.279451370239258,1.8061288595199585,-0.47521308064460754,5218
97,41965,6.74160623550415,6.915243148803711,-17.62387466430664,0.004739318508654833,19.050050735473633,-9.0,9.0,17.565874099731445,9.714993476867676,1.821068525314331,-0.5012652277946472,5219
98,41965,0.1425558626651764,0.14877644181251526,-17.018306732177734,0.0047440845519304276,16.508785247802734,-9.0,9.0,16.660356521606445,9.73422622680664,1.885598063468933,-0.4598124027252197,5220
99,41965,0.14569032192230225,0.1552521139383316,-17.777999877929688,0.004748855717480183,22.525188446044922,-9.0,9.0,17.353870391845703,9.983853340148926,1.890381097793579,-0.4892589747905731,5221
100,41965,0.1966550499200821,0.2205493450164795,-16.798097610473633,0.004753631539642811,22.73073959350586,-9.0,9.0,16.4855899810791,9.107688903808594,1.8833777904510498,-0.4873931407928467,5222
101,41965,0.19760482013225555,0.20509642362594604,-17.5576229095459,0.004758412018418312,21.8369140625,-9.0,9.0,17.211191177368164,9.514824867248535,1.8886089324951172,-0.5222815871238708,5223
102,41965,0.18040233850479126,0.2032473236322403,-18.98378562927246,0.004763197619467974,19.362892150878906,-9.0,9.0,18.633167266845703,10.312506675720215,1.8360612392425537,-0.5332332849502563,5224
103,41965,0.19584116339683533,0.19230994582176208,-17.45176124572754,0.004767987877130508,21.499717712402344,-9.0,9.0,16.959484100341797,9.698556900024414,1.9107428789138794,-0.5034383535385132,5225
104,41965,0.17445307970046997,0.19118885695934296,-17.145984649658203,0.00477278046309948,26.910181045532227,-9.0,9.0,16.667448043823242,9.342225074768066,1.9812077283859253,-0.4944399893283844,5226
105,41965,0.1448489874601364,0.120747871696949,-17.163488388061523,0.004777578171342611,30.719234466552734,-9.0,9.0,16.870655059814453,9.911236763000488,1.9869078397750854,-0.5556175112724304,5227
106,41965,0.188010111451149,0.17291957139968872,-17.841577529907227,0.004782380536198616,37.2945442199707,-9.0,9.0,17.61647605895996,9.72942066192627,2.0616307258605957,-0.5306122899055481,5228
107,41965,0.17666757106781006,0.18880614638328552,-18.07167625427246,0.004787188023328781,39.02989959716797,-9.0,9.0,17.814075469970703,9.965682029724121,2.06711483001709,-0.5818057656288147,5229
108,41965,0.1794309914112091,0.12554606795310974,-17.599977493286133,0.004791999701410532,43.6707649230957,-9.0,9.0,17.211580276489258,9.970312118530273,2.153421401977539,-0.5688754916191101,5230
109,41965,0.1615997552871704,0.1807866096496582,-18.900279998779297,0.0047968169674277306,46.23568344116211,-9.0,9.0,18.567846298217773,10.036832809448242,2.175297260284424,-0.5848280787467957,5231
110,41965,0.1857491135597229,0.19311708211898804,-17.894004821777344,0.004801638424396515,43.93167495727539,-9.0,9.0,17.66838836669922,9.618327140808105,2.176374673843384,-0.5965695977210999,5232
111,41965,0.22343827784061432,0.1828058809041977,-16.82919692993164,0.00480646500363946,41.495941162109375,-9.0,9.0,16.629722595214844,9.69636344909668,2.1654133796691895,-0.5711585283279419,5233
112,41965,0.16060514748096466,0.17420722544193268,-17.40967559814453,0.004811296705156565,43.902565002441406,-9.0,9.0,17.176015853881836,9.986525535583496,2.2027430534362793,-0.5565519332885742,5234
113,41965,0.22720248997211456,0.18145756423473358,-16.25849151611328,0.004816133063286543,53.67340850830078,-9.0,9.0,15.892966270446777,9.089788436889648,2.3185575008392334,-0.5713350176811218,5235
114,41965,0.16017991304397583,0.17835326492786407,-17.406158447265625,0.004820974078029394,58.19029235839844,-9.0,9.0,17.060455322265625,9.111458778381348,2.3345508575439453,-0.6053838133811951,5236
115,41965,0.18445149064064026,0.16797636449337006,-18.178571701049805,0.004825817886739969,54.3404541015625,-9.0,9.0,17.956298828125,9.496729850769043,2.294746160507202,-0.6381911635398865,5237
116,41965,0.13437047600746155,0.131548210978508,-18.01366424560547,0.0048306663520634174,49.9215202331543,-9.0,9.0,17.764801025390625,10.449049949645996,2.2528650760650635,-0.580815851688385,5238
117,41965,0.1540387123823166,0.14726826548576355,-17.92675018310547,0.004835519939661026,47.427730560302734,-9.0,9.0,17.643476486206055,10.111372947692871,2.194756269454956,-0.6154407858848572,5239
118,41965,0.1284726858139038,0.12010329216718674,-17.3956298828125,0.004840378183871508,42.619075775146484,-9.0,9.0,17.08014678955078,9.657999992370605,2.1457438468933105,-0.5913018584251404,5240
119,41965,0.18225066363811493,0.1999826729297638,-17.673973083496094,0.00484524155035615,54.46923828125,-9.0,9.0,17.330739974975586,10.078391075134277,2.297579288482666,-0.6050301194190979,5241
120,41965,0.13520443439483643,0.14034031331539154,-17.1122989654541,0.004850109573453665,51.278282165527344,-9.0,9.0,16.73666763305664,9.78499984741211,2.2636098861694336,-0.5844598412513733,5242
121,41965,0.15325817465782166,0.18803633749485016,-18.57439613342285,0.00485498271882534,49.06260299682617,-9.0,9.0,18.18476676940918,9.881093978881836,2.2250750064849854,-0.5720221400260925,5243
122,41965,0.15048488974571228,0.139352485537529,-18.06061553955078,0.004859860520809889,41.419429779052734,-9.0,9.0,17.675317764282227,9.259060859680176,2.1729977130889893,-0.5672827363014221,5244
123,41965,0.13208362460136414,0.12389834970235825,-19.550662994384766,0.004864743445068598,40.82919692993164,-9.0,9.0,19.16225814819336,9.72044563293457,2.1327271461486816,-0.5708490610122681,5245
124,41965,0.12183043360710144,0.14363783597946167,-16.716279983520508,0.00486963102594018,54.90810012817383,-9.0,9.0,16.238603591918945,9.534421920776367,2.3383631706237793,-0.5249254107475281,5246
125,41965,0.13983693718910217,0.1365666687488556,-17.79457664489746,0.004874523729085922,49.01997756958008,-9.0,9.0,17.460411071777344,9.44974422454834,2.2386114597320557,-0.5119008421897888,5247
126,41965,0.13312587141990662,0.1413181573152542,-17.3204402923584,0.004879421554505825,46.16509246826172,-9.0,9.0,16.982608795166016,9.129077911376953,2.245941400527954,-0.5010948777198792,5248
127,41965,0.12087979912757874,0.13593867421150208,-17.488338470458984,0.004884324036538601,42.53512954711914,-9.0,9.0,17.177974700927734,9.411332130432129,2.1815035343170166,-0.4963088631629944,5249
128,41965,0.10219383239746094,0.09189064800739288,-18.2170352935791,0.004889228846877813,37.61186218261719,-9.0,9.0,17.943140029907227,9.746028900146484,2.1187021732330322,-0.4997815489768982,5250
129,41965,0.17388379573822021,0.1546158790588379,-17.607799530029297,0.004894138779491186,46.89822006225586,-9.0,9.0,17.332523345947266,10.085777282714844,2.2435765266418457,-0.46369805932044983,5251
130,41965,0.1234814003109932,0.13979041576385498,-18.422578811645508,0.004899053834378719,32.389427185058594,-9.0,9.0,18.107036590576172,9.686797142028809,2.0361669063568115,-0.4735870659351349,5252
131,41965,0.19884607195854187,0.17521636188030243,-18.241870880126953,0.004903973545879126,35.47187423706055,-9.0,9.0,17.99983024597168,9.764718055725098,2.093350887298584,-0.4156552851200104,5253
132,41965,0.17018797993659973,0.17512013018131256,-18.393537521362305,0.004908898379653692,40.56166076660156,-9.0,9.0,17.997711181640625,9.791572570800781,2.1477510929107666,-0.4436735212802887,5254
133,41965,0.10017835348844528,0.11450411379337311,-17.301769256591797,0.004913828335702419,38.62327194213867,-9.0,9.0,16.832298278808594,9.268498420715332,2.186082363128662,-0.3973046839237213,5255
134,41965,0.12975415587425232,0.12096215784549713,-17.58089256286621,0.004918762948364019,35.55740737915039,-9.0,9.0,17.22181510925293,9.810002326965332,2.103092908859253,-0.4182069003582001,5256
135,41965,0.0983915627002716,0.11092773824930191,-17.754981994628906,0.00492370268329978,34.197669982910156,-9.0,9.0,17.4318904876709,9.12590217590332,2.0557262897491455,-0.4204902648925781,5257
136,41965,0.149639293551445,0.16326327621936798,-16.843921661376953,0.0049286470748484135,39.61572265625,-9.0,9.0,16.55764389038086,9.208307266235352,2.1862080097198486,-0.3881376087665558,5258
137,41965,0.11612489074468613,0.09972906112670898,-18.602890014648438,0.004933596588671207,27.451871871948242,-9.0,9.0,18.225807189941406,9.560478210449219,2.016505718231201,-0.41878142952919006,5259
138,41965,0.10712791979312897,0.11557389795780182,-19.072437286376953,0.004938551224768162,29.649932861328125,-9.0,9.0,18.599855422973633,9.725679397583008,2.030050277709961,-0.4175659716129303,5260
139,41965,0.11966365575790405,0.11209221184253693,-18.552284240722656,0.0049435109831392765,30.551471710205078,-9.0,9.0,18.258914947509766,9.503168106079102,2.019113302230835,-0.4116598069667816,5261
140,41965,0.109891876578331,0.09762583673000336,-18.539386749267578,0.004948475398123264,19.826732635498047,-9.0,9.0,18.23253059387207,9.774659156799316,1.9206387996673584,-0.42433664202690125,5262
141,41965,0.15609624981880188,0.17815890908241272,-16.708768844604492,0.0049534449353814125,34.08064270019531,-9.0,9.0,16.452228546142578,9.521645545959473,2.0820109844207764,-0.4082143008708954,5263
142,41965,0.16426236927509308,0.17095866799354553,-18.50636863708496,0.004958419129252434,31.259767532348633,-9.0,9.0,18.145660400390625,10.174867630004883,2.020162582397461,-0.4245690703392029,5264
143,41965,0.1166936531662941,0.11727629601955414,-18.347415924072266,0.004963398911058903,28.457136154174805,-9.0,9.0,18.01729965209961,9.747297286987305,2.011662006378174,-0.43914467096328735,5265
144,41965,0.12388604879379272,0.13631853461265564,-17.572036743164062,0.004968381021171808,35.51856994628906,-9.0,9.0,17.236000061035156,9.258363723754883,2.094597578048706,-0.4225024878978729,5266
145,41965,0.10961766541004181,0.10992757230997086,-18.013629913330078,0.004973367787897587,26.96407127380371,-9.0,9.0,17.722827911376953,9.407404899597168,1.9906656742095947,-0.4395532011985779,5267
146,41965,0.14136812090873718,0.14426220953464508,-17.652936935424805,0.004978360142558813,33.49709701538086,-9.0,9.0,17.28099250793457,9.85783576965332,2.0812394618988037,-0.42859166860580444,5268
147,41965,0.13572542369365692,0.13951052725315094,-18.345304489135742,0.0049833571538329124,27.305736541748047,-9.0,9.0,18.083215713500977,9.295257568359375,1.954879641532898,-0.44234949350357056,5269
148,41965,0.09818514436483383,0.09269720315933228,-16.58477020263672,0.004988359287381172,30.929319381713867,-9.0,9.0,16.1706600189209,9.367238998413086,2.046811103820801,-0.3907850682735443,5270
149,41965,0.12947256863117218,0.13161349296569824,-18.26751708984375,0.004993366543203592,34.134803771972656,-9.0,9.0,17.82003402709961,10.197099685668945,2.0840866565704346,-0.42931991815567017,5271
150,41965,0.16157013177871704,0.16761475801467896,-17.552963256835938,0.004998378921300173,32.08470153808594,-9.0,9.0,17.11651611328125,9.263099670410156,2.0415961742401123,-0.41396817564964294,5272
151,41965,0.13059256970882416,0.14732079207897186,-17.76333236694336,0.005003395956009626,36.242759704589844,-9.0,9.0,17.400014877319336,9.558469772338867,2.1221773624420166,-0.4127993881702423,5273
152,41965,0.13381502032279968,0.1257515847682953,-18.808902740478516,0.00500841811299324,35.6005859375,-9.0,9.0,18.3730411529541,9.661713600158691,2.0813064575195312,-0.41901955008506775,5274
153,41965,0.12799224257469177,0.14012828469276428,-18.760454177856445,0.005013445392251015,30.448490142822266,-9.0,9.0,18.441259384155273,9.812265396118164,2.06650710105896,-0.4262288212776184,5275
154,41965,0.1418096423149109,0.15438923239707947,-17.32221221923828,0.0050184777937829494,40.117454528808594,-9.0,9.0,16.85628890991211,9.222554206848145,2.2062478065490723,-0.3699139952659607,5276
155,41965,0.11445885896682739,0.1272013932466507,-18.46068000793457,0.005023515317589045,34.845855712890625,-9.0,9.0,18.044872283935547,9.7980375289917,2.11002779006958,-0.3997657895088196,5277
156,41965,0.17160460352897644,0.14434844255447388,-18.16208267211914,0.005028557498008013,41.09282684326172,-9.0,9.0,17.862369537353516,10.242790222167969,2.1735360622406006,-0.3800358474254608,5278
157,41965,0.08911648392677307,0.09314597398042679,-18.59908103942871,0.005033605266362429,35.804141998291016,-9.0,9.0,18.25389862060547,9.615819931030273,2.1011765003204346,-0.4118122458457947,5279
158,41965,0.15249034762382507,0.1509188711643219,-18.822437286376953,0.005038657691329718,42.11454391479492,-9.0,9.0,18.40664291381836,10.038396835327148,2.1784653663635254,-0.42023202776908875,5280
159,41965,0.1211312860250473,0.11960136890411377,-17.582500457763672,0.005043715238571167,46.3255729675293,-9.0,9.0,17.18320655822754,9.429357528686523,2.270850896835327,-0.416029155254364,5281
160,41965,0.1127961054444313,0.09510298818349838,-18.915029525756836,0.005048777908086777,35.63800048828125,-9.0,9.0,18.585466384887695,9.559581756591797,2.126716136932373,-0.4417567551136017,5282
161,41965,0.13873228430747986,0.13634906709194183,-18.288005828857422,0.005053845699876547,47.55788040161133,-9.0,9.0,17.862796783447266,9.752792358398438,2.3091979026794434,-0.43556955456733704,5283
162,41965,0.10582392662763596,0.09696952998638153,-17.695865631103516,0.005058918613940477,49.02768325805664,-9.0,9.0,17.30095672607422,9.219552040100098,2.2782835960388184,-0.43538856506347656,5284
163,41965,0.10606151819229126,0.12116055190563202,-17.56513786315918,0.005063996650278568,57.888099670410156,-9.0,9.0,17.22707748413086,9.716714859008789,2.4464609622955322,-0.43692746758461,5285
164,41965,0.13524599373340607,0.1282328963279724,-18.992534637451172,0.005069077480584383,40.48461151123047,-9.0,9.0,18.70231056213379,9.877326011657715,2.1886773109436035,-0.4783507287502289,5286
165,41965,0.10899562388658524,0.12071424722671509,-18.07244873046875,0.005074162967503071,45.27469253540039,-9.0,9.0,17.767728805541992,9.410757064819336,2.252948045730591,-0.47744020819664,5287
166,41965,0.11433929204940796,0.11806616187095642,-18.747766494750977,0.005079254042357206,47.15532684326172,-9.0,9.0,18.396677017211914,9.826372146606445,2.2557754516601562,-0.45697322487831116,5288
167,41965,0.13168394565582275,0.120512954890728,-17.59366798400879,0.005084350239485502,47.3464469909668,-9.0,9.0,17.39826011657715,9.54792308807373,2.262265682220459,-0.4787502884864807,5289
168,41965,0.1247597187757492,0.13279297947883606,-17.95001792907715,0.005089451093226671,38.703006744384766,-9.0,9.0,17.829113006591797,9.532267570495605,2.1069984436035156,-0.49075862765312195,5290
169,41965,0.13466542959213257,0.1109173372387886,-17.882835388183594,0.005094557534903288,33.26085662841797,-9.0,9.0,17.5760440826416,9.529394149780273,2.0747921466827393,-0.4895382821559906,5291
170,41965,0.13726851344108582,0.14058880507946014,-18.24884033203125,0.005099668633192778,40.05167007446289,-9.0,9.0,18.02513313293457,9.651595115661621,2.133436441421509,-0.5557035803794861,5292
171,41965,0.10072106868028641,0.10007911175489426,-18.218936920166016,0.005104785319417715,29.726327896118164,-9.0,9.0,18.1328182220459,9.923267364501953,2.0081946849823,-0.5230814218521118,5293
172,41965,0.09252149611711502,0.08399198204278946,-17.741104125976562,0.005109906662255526,29.708213806152344,-9.0,9.0,17.60953140258789,9.325658798217773,1.982867956161499,-0.5498698949813843,5294
173,41965,0.10773301869630814,0.10368213057518005,-18.076942443847656,0.005115033593028784,24.549373626708984,-9.0,9.0,17.931825637817383,9.415651321411133,1.911831259727478,-0.5499913096427917,5295
174,41965,0.13177528977394104,0.12267766147851944,-17.6435604095459,0.005120165180414915,25.014892578125,-9.0,9.0,17.478721618652344,9.605358123779297,1.9031187295913696,-0.5454393625259399,5296
175,41965,0.09220585972070694,0.10553528368473053,-17.070026397705078,0.005125302355736494,24.944337844848633,-9.0,9.0,16.89082908630371,9.830281257629395,1.9205865859985352,-0.5337138175964355,5297
176,41965,0.13089781999588013,0.12920533120632172,-17.947540283203125,0.005130444653332233,17.180213928222656,-9.0,9.0,17.82065200805664,9.778207778930664,1.7891072034835815,-0.563470184803009,5298
177,41965,0.10670776665210724,0.11195500940084457,-18.13022804260254,0.005135591607540846,13.754110336303711,-9.0,9.0,17.928741455078125,9.692407608032227,1.740517020225525,-0.5659344792366028,5299
178,41965,0.10073896497488022,0.10092717409133911,-18.041440963745117,0.005140744149684906,12.210454940795898,-9.0,9.0,17.75963020324707,9.669637680053711,1.7354986667633057,-0.5777131915092468,5300
179,41965,0.09444744884967804,0.10177341103553772,-18.921003341674805,0.0051459018141031265,6.855107307434082,-9.0,9.0,18.657081604003906,9.803352355957031,1.6383963823318481,-0.6029294729232788,5301
180,41965,0.10639958828687668,0.10271810740232468,-17.042255401611328,0.005151064600795507,15.789959907531738,-9.0,9.0,16.72679901123047,8.961722373962402,1.7702821493148804,-0.5737066268920898,5302
181,41965,0.07906147092580795,0.07841558754444122,-19.069549560546875,0.005156232975423336,8.847095489501953,-9.0,9.0,18.789396286010742,9.722314834594727,1.6595457792282104,-0.5839585661888123,5303
182,41965,0.15956689417362213,0.19640704989433289,-17.862035751342773,0.005161406006664038,12.895596504211426,-9.0,9.0,17.484638214111328,9.606136322021484,1.737913966178894,-0.5800241827964783,5304
183,41965,0.08089517056941986,0.0682457983493805,-18.26755714416504,0.005166584625840187,10.180084228515625,-9.0,9.0,17.95380210876465,9.593689918518066,1.6755702495574951,-0.5942692160606384,5305
184,41965,0.10118196159601212,0.10159323364496231,-18.446903228759766,0.0051717679016292095,13.676074981689453,-9.0,9.0,18.25242042541504,9.703266143798828,1.726235270500183,-0.6070697903633118,5306
185,41965,0.09215057641267776,0.09167318791151047,-17.099321365356445,0.00517695676535368,15.411860466003418,-9.0,9.0,16.86447525024414,9.481536865234375,1.7654045820236206,-0.5841070413589478,5307
186,41965,0.11073961853981018,0.11421023309230804,-17.842493057250977,0.00518215075135231,23.240528106689453,-9.0,9.0,17.413232803344727,10.147769927978516,1.8751672506332397,-0.599736750125885,5308
187,41965,0.1234397292137146,0.11987554281949997,-18.73387908935547,0.005187349859625101,20.629314422607422,-9.0,9.0,18.332374572753906,9.5860013961792,1.8323185443878174,-0.5770977735519409,5309
188,41965,0.09791569411754608,0.09663780778646469,-18.260883331298828,0.00519255455583334,22.449195861816406,-9.0,9.0,17.98969268798828,9.883910179138184,1.8806235790252686,-0.5813334584236145,5310
189,41965,6.112466812133789,6.394760608673096,-18.021347045898438,0.005197763908654451,28.708715438842773,-9.0,9.0,17.84450340270996,9.561528205871582,1.9501025676727295,-0.600100576877594,5311
190,41965,0.1893632560968399,0.15996763110160828,-17.74898910522461,0.005202978849411011,33.853004455566406,-9.0,9.0,17.152179718017578,9.253263473510742,2.015598773956299,-0.5817432403564453,5312
191,41965,0.15322722494602203,0.1647462695837021,-18.274328231811523,0.0052081989124417305,34.50011444091797,-9.0,9.0,17.69407844543457,9.944807052612305,2.011549472808838,-0.5841871500015259,5313
192,41965,0.16989672183990479,0.14389924705028534,-17.95625877380371,0.005213421769440174,34.73420715332031,-9.0,9.0,17.695533752441406,10.010687828063965,2.041787624359131,-0.5616812705993652,5314
193,41965,0.13453568518161774,0.12051220238208771,-17.569984436035156,0.005218650214374065,34.827598571777344,-9.0,9.0,17.29494857788086,9.572257995605469,2.0637500286102295,-0.5400956869125366,5315
194,41965,0.11152374744415283,0.11064580082893372,-18.17734718322754,0.00522388331592083,32.726112365722656,-9.0,9.0,17.808467864990234,9.340359687805176,2.0164341926574707,-0.5851885676383972,5316
195,41965,0.166010320186615,0.13990184664726257,-19.16476058959961,0.005229122005403042,27.86370277404785,-9.0,9.0,18.61153793334961,9.599834442138672,1.9485617876052856,-0.5772491097450256,5317
196,41965,0.1286480575799942,0.15191181004047394,-18.944599151611328,0.005234365817159414,32.28113555908203,-9.0,9.0,18.567413330078125,9.481179237365723,1.9991217851638794,-0.6010202169418335,5318
197,41965,0.17394223809242249,0.13321900367736816,-17.836559295654297,0.005239614751189947,30.764362335205078,-9.0,9.0,17.591278076171875,9.404683113098145,1.9889698028564453,-0.5863538980484009,5319
198,41965,0.11293812096118927,0.10389623045921326,-18.086570739746094,0.005244869273155928,35.99517059326172,-9.0,9.0,17.664724349975586,9.262191772460938,2.054596424102783,-0.6105555295944214,5320
199,41965,0.22343263030052185,0.17882680892944336,-18.450881958007812,0.005250128917396069,36.71516799926758,-9.0,9.0,17.97870635986328,10.127113342285156,2.057248592376709,-0.6238799691200256,5321
200,41965,0.10799504071474075,0.1198374554514885,-17.401853561401367,0.00525539368391037,38.88497543334961,-9.0,9.0,17.083433151245117,9.447303771972656,2.1187942028045654,-0.6021828651428223,5322
201,41965,0.13209961354732513,0.13446953892707825,-18.1103572845459,0.005260664038360119,41.38673400878906,-9.0,9.0,17.968420028686523,9.686108589172363,2.142350912094116,-0.635686457157135,5323
202,41965,0.1153295636177063,0.10834872722625732,-17.725332260131836,0.005265939515084028,42.086761474609375,-9.0,9.0,17.55156135559082,9.404903411865234,2.157292127609253,-0.6178192496299744,5324
203,41965,0.14244122803211212,0.12281300872564316,-19.00389862060547,0.005271220114082098,34.24599075317383,-9.0,9.0,18.752931594848633,9.822134017944336,2.0304691791534424,-0.6500306129455566,5325
204,41965,0.1131310686469078,0.10696837306022644,-18.729000091552734,0.0052765063010156155,29.53561019897461,-9.0,9.0,18.621000289916992,9.626266479492188,1.9901255369186401,-0.6226412057876587,5326
205,41965,0.11724923551082611,0.1118430495262146,-17.97577667236328,0.005281797610223293,28.318016052246094,-9.0,9.0,17.90548324584961,9.345747947692871,2.0096147060394287,-0.6156953573226929,5327
206,41965,0.12297573685646057,0.12418866157531738,-18.915678024291992,0.0052870940417051315,28.09549331665039,-9.0,9.0,18.75551986694336,9.875997543334961,1.9606577157974243,-0.6118322610855103,5328
207,41965,0.16136567294597626,0.1454511284828186,-18.475011825561523,0.0052923960611224174,23.9229793548584,-9.0,9.0,18.057538986206055,9.879873275756836,1.9332841634750366,-0.5866981744766235,5329
208,41965,0.12090115249156952,0.11995888501405716,-17.405309677124023,0.005297703668475151,25.128347396850586,-9.0,9.0,17.112340927124023,9.157029151916504,1.8991645574569702,-0.5732593536376953,5330
209,41965,0.11638063192367554,0.1096932590007782,-18.49386978149414,0.005303015932440758,18.95077133178711,-9.0,9.0,18.255414962768555,9.59557056427002,1.8095347881317139,-0.5858532190322876,5331
210,41965,0.09296072274446487,0.10492613166570663,-18.334686279296875,0.0053083342500030994,15.404151916503906,-9.0,9.0,18.092893600463867,9.719989776611328,1.771031141281128,-0.5781337022781372,5332
211,41965,0.10654772073030472,0.09591121971607208,-17.17254066467285,0.005313657224178314,16.181922912597656,-9.0,9.0,16.826797485351562,9.700366020202637,1.832614541053772,-0.5049293637275696,5333
212,41965,0.09175916016101837,0.09252562373876572,-17.938949584960938,0.005318985786288977,17.716873168945312,-9.0,9.0,17.53270721435547,8.972060203552246,1.8127000331878662,-0.5415467023849487,5334
213,41965,0.11198067665100098,0.12014442682266235,-17.94400978088379,0.005324319936335087,17.931209564208984,-9.0,9.0,17.609506607055664,9.89393138885498,1.8260160684585571,-0.5259739756584167,5335
214,41965,0.11089154332876205,0.10437019169330597,-18.79348373413086,0.005329659208655357,16.581941604614258,-9.0,9.0,18.558746337890625,9.361682891845703,1.7949059009552002,-0.5638493299484253,5336
215,41965,0.09500594437122345,0.1178637146949768,-17.833499908447266,0.005335004068911076,15.0150785446167,-9.0,9.0,17.536705017089844,9.488265037536621,1.8044309616088867,-0.5350647568702698,5337
216,41965,0.095231793820858,0.10582509636878967,-18.936758041381836,0.005340354051440954,12.97100830078125,-9.0,9.0,18.55216407775879,9.627922058105469,1.7579772472381592,-0.5505741834640503,5338
217,41965,0.1296335905790329,0.12469056248664856,-18.202329635620117,0.005345709156244993,20.324974060058594,-9.0,9.0,17.73102569580078,9.616110801696777,1.8453515768051147,-0.5380518436431885,5339
218,41965,0.11157578974962234,0.09780474752187729,-18.18290901184082,0.00535106984898448,14.950887680053711,-9.0,9.0,17.786903381347656,9.593616485595703,1.8092365264892578,-0.512133002281189,5340
219,41965,0.10778362303972244,0.12836937606334686,-17.382646560668945,0.005356436129659414,16.2598819732666,-9.0,9.0,17.04888916015625,9.032857894897461,1.8016380071640015,-0.5146409869194031,5341
220,41965,0.08158805221319199,0.0966738909482956,-18.313711166381836,0.005361807532608509,24.498037338256836,-9.0,9.0,17.938823699951172,9.292871475219727,1.9016482830047607,-0.5496761202812195,5342
221,41965,0.08076073974370956,0.09659454226493835,-18.94316291809082,0.0053671845234930515,15.985907554626465,-9.0,9.0,18.6397705078125,9.608548164367676,1.818627119064331,-0.5350964069366455,5343
222,41965,0.0793166235089302,0.07891903817653656,-18.89421272277832,0.005372566636651754,17.55815315246582,-9.0,9.0,18.522066116333008,9.766877174377441,1.8068945407867432,-0.535945475101471,5344
223,41965,0.09193162620067596,0.1258164346218109,-18.20523452758789,0.005377954337745905,26.218181610107422,-9.0,9.0,17.833656311035156,9.967952728271484,1.989400029182434,-0.5152733325958252,5345
224,41965,0.1177975982427597,0.10919786989688873,-17.79958152770996,0.005383347626775503,34.54743194580078,-9.0,9.0,17.46991729736328,9.640752792358398,2.079345226287842,-0.5169399380683899,5346
225,41965,0.07213405519723892,0.09834665805101395,-18.1363582611084,0.005388746038079262,27.85328483581543,-9.0,9.0,17.901330947875977,9.376361846923828,1.9654388427734375,-0.5352165699005127,5347
226,41965,0.08824709802865982,0.09161624312400818,-18.79728126525879,0.005394150037318468,25.556058883666992,-9.0,9.0,18.524137496948242,9.095218658447266,1.9353455305099487,-0.5464059710502625,5348
227,41965,0.10712935030460358,0.1018243059515953,-19.087371826171875,0.005399559158831835,28.776071548461914,-9.0,9.0,18.708433151245117,9.566407203674316,2.000828981399536,-0.5187947154045105,5349
228,41965,0.08824325352907181,0.09520283341407776,-17.60465431213379,0.0054049743339419365,35.76140594482422,-9.0,9.0,17.337936401367188,9.42941951751709,2.0864944458007812,-0.4750116169452667,5350
229,41965,0.0973905622959137,0.08343919366598129,-18.437129974365234,0.005410394165664911,32.61158752441406,-9.0,9.0,18.18883514404297,9.86236572265625,2.0399091243743896,-0.4951256811618805,5351
230,41965,0.08605267852544785,0.09875984489917755,-18.375905990600586,0.005415820050984621,31.725187301635742,-9.0,9.0,18.065475463867188,9.180601119995117,1.9955155849456787,-0.5263642072677612,5352
231,41965,0.07165099680423737,0.07965690642595291,-17.75810432434082,0.005421248264610767,32.63294219970703,-9.0,9.0,17.535280227661133,9.273552894592285,2.0244977474212646,-0.5016559362411499,5353
232,41965,0.07576197385787964,0.08832628279924393,-17.801746368408203,0.005426682531833649,27.28724479675293,-9.0,9.0,17.602331161499023,9.30290699005127,1.9406183958053589,-0.47361254692077637,5354
233,41965,0.0912572517991066,0.09958972781896591,-18.330289840698242,0.005432121455669403,30.16766357421875,-9.0,9.0,18.032020568847656,9.416942596435547,1.9865444898605347,-0.47907504439353943,5355
234,41965,0.10826827585697174,0.10358975827693939,-17.55388832092285,0.0054375664331018925,30.483509063720703,-9.0,9.0,17.26769256591797,9.611971855163574,1.9763410091400146,-0.4496726393699646,5356
235,41965,0.0990966260433197,0.10310900956392288,-18.02765464782715,0.005443016532808542,32.43391418457031,-9.0,9.0,17.73833465576172,10.1343994140625,1.9974256753921509,-0.4719190001487732,5357
236,41965,0.12702777981758118,0.11992395669221878,-18.397489547729492,0.005448472686111927,23.4783935546875,-9.0,9.0,18.100027084350586,8.885522842407227,1.8857543468475342,-0.5164864659309387,5358
237,41965,0.07927074283361435,0.07112793624401093,-18.4783992767334,0.005453933496028185,24.22587776184082,-9.0,9.0,18.23805809020996,9.764162063598633,1.8851277828216553,-0.4781126379966736,5359
238,41965,0.07610192894935608,0.08506522327661514,-18.894041061401367,0.005459400359541178,23.06208038330078,-9.0,9.0,18.642925262451172,9.275084495544434,1.8691751956939697,-0.5433868765830994,5360
239,41965,0.07891994714736938,0.08180049061775208,-17.70853614807129,0.005464872345328331,28.28485870361328,-9.0,9.0,17.383682250976562,9.480924606323242,1.9392731189727783,-0.4935154318809509,5361
240,41965,0.0931335985660553,0.0961073786020279,-18.88744354248047,0.005470350384712219,25.2625789642334,-9.0,9.0,18.539220809936523,9.529924392700195,1.886728286743164,-0.5249922871589661,5362
241,41965,0.07895876467227936,0.08411082625389099,-17.983501434326172,0.0054758330807089806,25.92426109313965,-9.0,9.0,17.594390869140625,10.01710033416748,1.9082517623901367,-0.5330367684364319,5363
242,41965,0.07653757929801941,0.08207818865776062,-18.000656127929688,0.005481321830302477,23.842958450317383,-9.0,9.0,17.6329402923584,9.813034057617188,1.8816759586334229,-0.5440398454666138,5364
243,41965,0.09820989519357681,0.08869269490242004,-18.62594985961914,0.005486816167831421,22.232816696166992,-9.0,9.0,18.325496673583984,9.572689056396484,1.885382056236267,-0.5767999291419983,5365
244,41965,0.08441582322120667,0.0806972086429596,-18.491891860961914,0.005492315627634525,25.680408477783203,-9.0,9.0,18.05211067199707,9.403834342956543,1.905281662940979,-0.5695928931236267,5366
245,41965,0.09150337427854538,0.07733848690986633,-19.202404022216797,0.005497820675373077,23.908771514892578,-9.0,9.0,18.75826644897461,9.683208465576172,1.9177581071853638,-0.5799115300178528,5367
246,41965,0.12726357579231262,0.12280358374118805,-19.870010375976562,0.005503331311047077,23.173799514770508,-9.0,9.0,19.50849151611328,9.740081787109375,1.8696815967559814,-0.5950531959533691,5368
247,41965,0.08659191429615021,0.09149932861328125,-18.655153274536133,0.005508847534656525,28.331979751586914,-9.0,9.0,18.376489639282227,9.615742683410645,1.9367039203643799,-0.5828184485435486,5369
248,41965,0.08599188923835754,0.0817611962556839,-18.47399139404297,0.00551436934620142,30.7080078125,-9.0,9.0,18.141748428344727,9.746465682983398,1.98973548412323,-0.5833739042282104,5370
249,41965,0.08218605071306229,0.09717632085084915,-18.088212966918945,0.005519896745681763,26.3106689453125,-9.0,9.0,17.75980567932129,9.43995475769043,1.943958044052124,-0.5818709135055542,5371
250,41965,0.08518625050783157,0.08261968940496445,-18.644306182861328,0.005525429267436266,34.48283004760742,-9.0,9.0,18.360122680664062,9.509122848510742,2.0387415885925293,-0.6090259552001953,5372
251,41965,0.07321503758430481,0.07499390840530396,-18.9337215423584,0.005530967842787504,30.78830337524414,-9.0,9.0,18.624156951904297,9.936814308166504,1.9705020189285278,-0.5937914848327637,5373
252,41965,0.08506084978580475,0.07478126138448715,-18.81535530090332,0.005536511540412903,28.32801628112793,-9.0,9.0,18.46281623840332,9.869054794311523,1.9545271396636963,-0.5767106413841248,5374
253,41965,0.08352971076965332,0.083724744617939,-17.708223342895508,0.0055420612916350365,35.264549255371094,-9.0,9.0,17.413158416748047,9.360657691955566,2.06227707862854,-0.5726101994514465,5375
254,41965,0.1294928640127182,0.1121004968881607,-19.453048706054688,0.0055476161651313305,28.465608596801758,-9.0,9.0,19.162044525146484,9.507493019104004,1.9461983442306519,-0.5968634486198425,5376
255,41965,0.06837475299835205,0.0652419775724411,-17.84723472595215,0.005553176626563072,25.397064208984375,-9.0,9.0,17.617753982543945,9.227434158325195,1.93644118309021,-0.5556191802024841,5377
256,41965,0.0841330960392952,0.07627987861633301,-17.737680435180664,0.005558743141591549,28.364971160888672,-9.0,9.0,17.452913284301758,8.903127670288086,1.9457334280014038,-0.5818257927894592,5378
257,41965,0.08598463982343674,0.08357320725917816,-18.750993728637695,0.005564314778894186,21.864103317260742,-9.0,9.0,18.44937515258789,9.318798065185547,1.8867706060409546,-0.5603736042976379,5379
258,41965,0.09749785810709,0.09270074218511581,-18.717042922973633,0.005569892004132271,27.603227615356445,-9.0,9.0,18.434722900390625,9.251937866210938,1.9528571367263794,-0.5617736577987671,5380
259,41965,0.07329632341861725,0.0730113685131073,-18.069843292236328,0.005575474817305803,30.361162185668945,-9.0,9.0,17.85136604309082,9.380619049072266,1.9952611923217773,-0.574532151222229,5381
260,41965,0.08346971124410629,0.08552724868059158,-19.29474639892578,0.0055810632184147835,16.93049430847168,-9.0,9.0,19.018749237060547,9.953326225280762,1.8176639080047607,-0.5958741307258606,5382
261,41965,0.11409007757902145,0.10001946240663528,-18.976093292236328,0.005586657673120499,18.61366844177246,-9.0,9.0,18.604066848754883,9.449357032775879,1.820473074913025,-0.5898442268371582,5383
262,41965,0.1037764921784401,0.10724525153636932,-18.573688507080078,0.005592257250100374,18.908321380615234,-9.0,9.0,18.249916076660156,9.216246604919434,1.851326823234558,-0.5683997273445129,5384
263,41965,0.08590304851531982,0.08115877211093903,-18.405855178833008,0.0055978624150156975,21.445627212524414,-9.0,9.0,18.11761474609375,9.437471389770508,1.9013926982879639,-0.5707910656929016,5385
264,41965,0.07844529300928116,0.06168626993894577,-18.26995086669922,0.005603473633527756,23.27657127380371,-9.0,9.0,17.95469093322754,8.95060920715332,1.919082760810852,-0.572728157043457,5386
265,41965,0.08199147135019302,0.07895801961421967,-17.266677856445312,0.005609089974313974,20.67965316772461,-9.0,9.0,16.843055725097656,9.38547134399414,1.8976688385009766,-0.5389799475669861,5387
266,41965,0.08818500488996506,0.0872865691781044,-18.215646743774414,0.005614712368696928,21.506977081298828,-9.0,9.0,17.89104652404785,8.521553039550781,1.8908449411392212,-0.6101503968238831,5388
267,41965,0.09131232649087906,0.09098294377326965,-19.461288452148438,0.005620339885354042,17.998348236083984,-9.0,9.0,19.178022384643555,9.896804809570312,1.8481848239898682,-0.6096054315567017,5389
268,41965,0.07673759758472443,0.07117177546024323,-18.159019470214844,0.005625973455607891,30.539873123168945,-9.0,9.0,17.726919174194336,9.491198539733887,2.0293936729431152,-0.5935812592506409,5390
269,41965,0.07835650444030762,0.08054260164499283,-18.9185791015625,0.005631612613797188,22.47824478149414,-9.0,9.0,18.551225662231445,9.29021167755127,1.9073086977005005,-0.615510880947113,5391
270,41965,0.08134643733501434,0.08680795133113861,-17.72821617126465,0.005637257359921932,26.181880950927734,-9.0,9.0,17.4395809173584,8.976239204406738,1.9586039781570435,-0.6017714142799377,5392
271,41965,0.08316059410572052,0.07578010112047195,-19.011940002441406,0.005642907693982124,23.61543083190918,-9.0,9.0,18.730602264404297,9.920435905456543,1.911532998085022,-0.6230950355529785,5393
272,41965,0.11277617514133453,0.10683752596378326,-19.02365493774414,0.0056485640816390514,25.03626251220703,-9.0,9.0,18.616222381591797,10.001033782958984,1.9421690702438354,-0.6229262948036194,5394
273,41965,0.08164018392562866,0.08304250240325928,-18.226669311523438,0.005654225591570139,32.6904296875,-9.0,9.0,17.938720703125,9.384851455688477,2.0587029457092285,-0.6218580007553101,5395
274,41965,0.0740421935915947,0.08600752055644989,-19.475706100463867,0.005659893155097961,27.83269500732422,-9.0,9.0,19.185466766357422,9.579447746276855,1.9250438213348389,-0.6415167450904846,5396
275,41965,0.0976923257112503,0.09968605637550354,-18.754789352416992,0.005665566306561232,28.695491790771484,-9.0,9.0,18.512123107910156,9.68689250946045,1.9811335802078247,-0.6433796882629395,5397
276,41965,0.07635542005300522,0.07284527271986008,-19.572385787963867,0.0056712450459599495,27.149757385253906,-9.0,9.0,19.186290740966797,9.740408897399902,1.944506287574768,-0.667974054813385,5398
277,41965,0.07654549181461334,0.08352676033973694,-19.585678100585938,0.005676929373294115,24.96925163269043,-9.0,9.0,19.243947982788086,9.977123260498047,1.89667809009552,-0.6787604093551636,5399
278,41965,0.07941240072250366,0.08408785611391068,-19.40147590637207,0.005682619754225016,26.078998565673828,-9.0,9.0,19.13406753540039,9.813689231872559,1.9715481996536255,-0.6431571841239929,5400
279,41965,0.06806062161922455,0.07558224350214005,-18.596881866455078,0.005688315723091364,31.558713912963867,-9.0,9.0,18.297183990478516,9.40667724609375,1.9978587627410889,-0.6694381833076477,5401
280,41965,0.0963326171040535,0.12225134670734406,-18.7915096282959,0.00569401727989316,31.128969192504883,-9.0,9.0,18.469127655029297,9.352093696594238,1.9908398389816284,-0.6750884652137756,5402
281,41965,0.08772964775562286,0.0964837521314621,-18.820226669311523,0.0056997244246304035,28.5095272064209,-9.0,9.0,18.50381851196289,9.261865615844727,1.9604572057724,-0.6522623300552368,5403
282,41965,0.08004306256771088,0.07891704887151718,-18.763370513916016,0.005705437622964382,21.089054107666016,-9.0,9.0,18.51158905029297,9.498053550720215,1.8815964460372925,-0.6524572372436523,5404
283,41965,0.07735802233219147,0.07702373713254929,-19.8726749420166,0.0057111564092338085,21.671274185180664,-9.0,9.0,19.60700798034668,9.920109748840332,1.8536592721939087,-0.6599014401435852,5405
284,41965,0.06896211206912994,0.07864826917648315,-18.71744155883789,0.0057168807834386826,23.199155807495117,-9.0,9.0,18.45625114440918,9.650625228881836,1.8925210237503052,-0.6384490132331848,5406
285,41965,5.120631694793701,5.566353797912598,-18.0607967376709,0.005722611211240292,24.648723602294922,-9.0,9.0,17.85944938659668,10.030461311340332,1.9467599391937256,-0.6350088715553284,5407
286,41965,0.15182967483997345,0.16371892392635345,-19.76209259033203,0.005728347226977348,21.160524368286133,-9.0,9.0,19.240873336791992,10.098042488098145,1.8725839853286743,-0.6308092474937439,5408
287,41965,0.11706797033548355,0.12524911761283875,-17.981935501098633,0.005734088830649853,22.63949203491211,-9.0,9.0,17.529550552368164,9.392354965209961,1.9163073301315308,-0.6160942912101746,5409
288,41965,0.14362068474292755,0.1520557701587677,-19.06595230102539,0.005739836487919092,15.198570251464844,-9.0,9.0,18.76425552368164,8.788098335266113,1.7939058542251587,-0.6544806361198425,5410
289,41965,0.16365039348602295,0.1709824949502945,-19.146238327026367,0.005745589733123779,16.08279037475586,-9.0,9.0,18.703163146972656,9.717564582824707,1.7934576272964478,-0.652583122253418,5411
290,41965,0.1510552018880844,0.15228958427906036,-19.760330200195312,0.00575134577229619,17.43150520324707,-9.0,9.0,19.113203048706055,9.121614456176758,1.8287690877914429,-0.6485701203346252,5412
291,41965,0.1306340992450714,0.15805868804454803,-19.104896545410156,0.005757107865065336,20.033851623535156,-9.0,9.0,18.585052490234375,9.125664710998535,1.8334083557128906,-0.6524258852005005,5413
292,41965,0.12985172867774963,0.10914438217878342,-18.570899963378906,0.00576287554576993,20.90061378479004,-9.0,9.0,18.170616149902344,9.762236595153809,1.8777744770050049,-0.6667218804359436,5414
293,41965,0.12326274812221527,0.1679600328207016,-18.87839126586914,0.0057686492800712585,24.511310577392578,-9.0,9.0,18.617210388183594,9.308111190795898,1.8826580047607422,-0.6915580034255981,5415
294,41965,0.11517612636089325,0.07966895401477814,-19.617639541625977,0.005774428602308035,24.667890548706055,-9.0,9.0,19.20909309387207,9.367300033569336,1.8935080766677856,-0.6963507533073425,5416
295,41965,0.09245778620243073,0.144512340426445,-19.802658081054688,0.005780213978141546,25.549959182739258,-9.0,9.0,19.46076011657715,9.744741439819336,1.8645766973495483,-0.7262192964553833,5417
296,41965,0.15090753138065338,0.11355383694171906,-18.97452163696289,0.005786004941910505,32.41236877441406,-9.0,9.0,18.84211540222168,9.2605619430542,1.9758421182632446,-0.7388800382614136,5418
297,41965,0.09722893685102463,0.10411912202835083,-18.560882568359375,0.005791801493614912,31.14816665649414,-9.0,9.0,18.392425537109375,9.576680183410645,1.9636433124542236,-0.7119612097740173,5419
298,41965,0.12916871905326843,0.1148233488202095,-18.436100006103516,0.005797604098916054,33.294647216796875,-9.0,9.0,18.24725341796875,9.201350212097168,2.0061967372894287,-0.7228240966796875,5420
299,41965,0.11240870505571365,0.11019871383905411,-18.7198486328125,0.0058034127578139305,31.367816925048828,-9.0,9.0,18.416406631469727,9.580265045166016,1.9834691286087036,-0.7049899697303772,5421
300,41965,0.10167752206325531,0.12259651720523834,-19.00857925415039,0.005809227004647255,29.974140167236328,-9.0,9.0,18.85964584350586,9.571301460266113,1.950714349746704,-0.7047103047370911,5422
301,41965,0.10713401436805725,0.07354708760976791,-18.40315055847168,0.005815046839416027,30.384557723999023,-9.0,9.0,18.199264526367188,9.103971481323242,1.9990772008895874,-0.7044411897659302,5423
302,41965,0.12824895977973938,0.09673409163951874,-18.536476135253906,0.005820872727781534,26.685386657714844,-9.0,9.0,18.26782989501953,9.280248641967773,1.9156310558319092,-0.6741517186164856,5424
303,41965,0.0922984629869461,0.09061551094055176,-19.685922622680664,0.005826704204082489,21.944622039794922,-9.0,9.0,19.40908432006836,9.4652738571167,1.8469048738479614,-0.6950241327285767,5425
304,41965,0.14077019691467285,0.08099746704101562,-20.028648376464844,0.005832541733980179,22.12004280090332,-9.0,9.0,19.861984252929688,9.567113876342773,1.8770945072174072,-0.6699380874633789,5426
305,41965,0.10018372535705566,0.09994067251682281,-18.824800491333008,0.005838385317474604,27.37898826599121,-9.0,9.0,18.46480369567871,8.879523277282715,1.965970754623413,-0.6579881906509399,5427
306,41965,0.10373897105455399,0.08013589680194855,-18.987667083740234,0.005844234488904476,18.590049743652344,-9.0,9.0,18.621570587158203,9.679617881774902,1.8616236448287964,-0.6547951102256775,5428
307,41965,0.09697820991277695,0.08544131368398666,-18.577577590942383,0.005850089713931084,22.14438247680664,-9.0,9.0,18.197322845458984,9.268423080444336,1.8906372785568237,-0.6582670211791992,5429
308,41965,0.09230030328035355,0.09448911994695663,-18.728160858154297,0.005855950526893139,18.9510498046875,-9.0,9.0,18.43649673461914,9.055791854858398,1.8299710750579834,-0.6701191067695618,5430
309,41965,0.13118349015712738,0.08700203150510788,-20.082937240600586,0.005861817393451929,21.525035858154297,-9.0,9.0,19.870147705078125,9.933391571044922,1.8534642457962036,-0.6831159591674805,5431
310,41965,0.1518048346042633,0.13871674239635468,-18.341567993164062,0.005867690313607454,25.323040008544922,-9.0,9.0,17.88687515258789,9.00427532196045,1.9333436489105225,-0.6818464994430542,5432
311,41965,0.14367040991783142,0.0750202015042305,-19.019506454467773,0.005873568821698427,27.049781799316406,-9.0,9.0,18.559024810791016,9.221431732177734,1.928711175918579,-0.6882361769676208,5433
312,41965,0.09120604395866394,0.07732696086168289,-19.712085723876953,0.005879453383386135,27.764963150024414,-9.0,9.0,19.48239517211914,9.344184875488281,1.9184834957122803,-0.7100315093994141,5434
313,41965,0.15065637230873108,0.10093187540769577,-18.421091079711914,0.005885343533009291,28.729774475097656,-9.0,9.0,18.25737953186035,8.672533988952637,1.9391180276870728,-0.7171443104743958,5435
314,41965,0.11046849191188812,0.10110108554363251,-18.460588455200195,0.005891239736229181,28.30975914001465,-9.0,9.0,18.044933319091797,9.313642501831055,1.924397349357605,-0.7338441610336304,5436
315,41965,0.15389712154865265,0.09090518206357956,-18.876176834106445,0.005897141993045807,27.610929489135742,-9.0,9.0,18.399831771850586,9.301909446716309,1.9406729936599731,-0.7363820672035217,5437
316,41965,0.09368308633565903,0.08148526400327682,-18.882648468017578,0.0059030503034591675,32.18614196777344,-9.0,9.0,18.584827423095703,9.328171730041504,1.9656054973602295,-0.7503711581230164,5438
317,41965,0.16950471699237823,0.11242425441741943,-18.80379867553711,0.005908964201807976,27.107582092285156,-9.0,9.0,18.68084144592285,9.31357192993164,1.9321366548538208,-0.7501064538955688,5439
318,41965,0.09067785739898682,0.06933124363422394,-19.183238983154297,0.005914884153753519,32.93431854248047,-9.0,9.0,18.851001739501953,9.684088706970215,1.9859721660614014,-0.7581422924995422,5440
319,41965,0.17197787761688232,0.11942935734987259,-18.9268741607666,0.005920810159295797,33.59195327758789,-9.0,9.0,18.421560287475586,8.93914794921875,1.9937039613723755,-0.7475104928016663,5441
320,41965,0.0869780108332634,0.08185975253582001,-18.716270446777344,0.005926741752773523,33.74153518676758,-9.0,9.0,18.291828155517578,9.00969409942627,2.038011312484741,-0.7330039143562317,5442
321,41965,0.10226558148860931,0.0902850478887558,-19.389509201049805,0.005932679865509272,31.396854400634766,-9.0,9.0,19.097379684448242,9.596989631652832,1.9772894382476807,-0.725143313407898,5443
322,41965,0.11974018812179565,0.08325876295566559,-18.239309310913086,0.005938623566180468,29.89706802368164,-9.0,9.0,17.976404190063477,9.351582527160645,1.9807853698730469,-0.7244340181350708,5444
323,41965,0.11333797872066498,0.10655012726783752,-19.284238815307617,0.005944572854787111,35.003658294677734,-9.0,9.0,18.943758010864258,9.759466171264648,2.0484437942504883,-0.7113835215568542,5445
324,41965,0.13229605555534363,0.09981048107147217,-19.492403030395508,0.005950528662651777,30.708112716674805,-9.0,9.0,19.010746002197266,9.756353378295898,2.025329113006592,-0.6910472512245178,5446
325,41965,0.07668045163154602,0.08920086920261383,-18.576065063476562,0.005956490058451891,26.65410614013672,-9.0,9.0,18.199813842773438,9.625005722045898,1.9518877267837524,-0.6728534698486328,5447
326,41965,0.1417238712310791,0.09832210093736649,-19.364768981933594,0.005962457973510027,34.289215087890625,-9.0,9.0,19.261186599731445,9.823714256286621,2.044586181640625,-0.6905530095100403,5448
327,41965,0.10588960349559784,0.10394957661628723,-19.11261558532715,0.005968431476503611,25.711809158325195,-9.0,9.0,18.900667190551758,9.543726921081543,1.9386651515960693,-0.6700900197029114,5449
328,41965,0.10800425708293915,0.08006277680397034,-19.478527069091797,0.005974411033093929,29.252193450927734,-9.0,9.0,19.080724716186523,9.595176696777344,1.9892469644546509,-0.6667963266372681,5450
329,41965,0.11047407239675522,0.10200995951890945,-19.586191177368164,0.005980396643280983,37.132625579833984,-9.0,9.0,19.160606384277344,9.481011390686035,2.0626654624938965,-0.6604800224304199,5451
330,41965,0.08883815258741379,0.0746740996837616,-18.14307403564453,0.005986387841403484,32.65363693237305,-9.0,9.0,17.954336166381836,9.58900260925293,2.045311689376831,-0.6543540954589844,5452
331,41965,0.09775292873382568,0.06710980087518692,-18.60228729248047,0.005992385558784008,32.59581756591797,-9.0,9.0,18.45975112915039,9.1784086227417,2.04560923576355,-0.6349784135818481,5453
332,41965,0.10037688165903091,0.09111607819795609,-19.703285217285156,0.005998388864099979,23.174732208251953,-9.0,9.0,19.42894744873047,9.541481018066406,1.8699302673339844,-0.6443651914596558,5454
333,41965,0.09161367267370224,0.06640654802322388,-19.54022216796875,0.006004398688673973,28.528249740600586,-9.0,9.0,19.181087493896484,9.766441345214844,1.9810572862625122,-0.6303849816322327,5455
334,41965,0.10089429467916489,0.09305119514465332,-19.643470764160156,0.0060104141011834145,29.93519401550293,-9.0,9.0,19.33824920654297,9.391165733337402,1.977529525756836,-0.624151885509491,5456
335,41965,0.08107085525989532,0.06851069629192352,-18.403186798095703,0.006016435567289591,22.043697357177734,-9.0,9.0,18.10184097290039,9.103665351867676,1.90697181224823,-0.6332016587257385,5457
336,41965,0.07358857989311218,0.07574304193258286,-18.904037475585938,0.0060224635526537895,19.290071487426758,-9.0,9.0,18.60918426513672,9.187579154968262,1.8657987117767334,-0.6500841975212097,5458
337,41965,0.09343518316745758,0.0869574323296547,-19.473705291748047,0.006028497125953436,21.240556716918945,-9.0,9.0,19.167875289916992,8.698563575744629,1.8561183214187622,-0.6207648515701294,5459
338,41965,0.07847186923027039,0.08051551878452301,-19.863075256347656,0.006034536752849817,16.330652236938477,-9.0,9.0,19.54469871520996,9.218045234680176,1.823258638381958,-0.6441556215286255,5460
339,41965,0.09283483028411865,0.08078525960445404,-19.72201156616211,0.006040582433342934,20.892719268798828,-9.0,9.0,19.39689064025879,9.18932819366455,1.8496490716934204,-0.6498140096664429,5461
340,41965,0.07030049711465836,0.06892621517181396,-18.53685188293457,0.006046634167432785,23.425874710083008,-9.0,9.0,18.220712661743164,8.967774391174316,1.9141013622283936,-0.6331228613853455,5462
341,41965,0.06045619025826454,0.06378845125436783,-20.494422912597656,0.006052691955119371,16.93321990966797,-9.0,9.0,20.248615264892578,9.670205116271973,1.7706258296966553,-0.6833844780921936,5463
342,41965,0.08373671770095825,0.07301119714975357,-18.450000762939453,0.00605875626206398,24.63756561279297,-9.0,9.0,18.085464477539062,8.874507904052734,1.9183107614517212,-0.6513835787773132,5464
343,41965,0.07423164695501328,0.06699132174253464,-19.160491943359375,0.0060648261569440365,21.50223731994629,-9.0,9.0,18.821863174438477,9.533756256103516,1.8876489400863647,-0.6350900530815125,5465
344,41965,0.0769740492105484,0.0802755355834961,-19.702909469604492,0.006070902105420828,22.81456756591797,-9.0,9.0,19.399911880493164,9.694258689880371,1.9153311252593994,-0.6707223653793335,5466
345,41965,0.08501487225294113,0.07608377188444138,-19.48760223388672,0.0060769845731556416,25.576250076293945,-9.0,9.0,19.14621353149414,9.556114196777344,1.9459508657455444,-0.659462034702301,5467
346,41965,0.07865968346595764,0.09760702401399612,-18.534048080444336,0.006083072628825903,26.019603729248047,-9.0,9.0,18.28144645690918,9.350059509277344,1.9574373960494995,-0.6563907265663147,5468
347,41965,0.07226226478815079,0.06353974342346191,-18.49321174621582,0.006089167203754187,26.98628044128418,-9.0,9.0,18.202735900878906,9.275289535522461,1.9684499502182007,-0.6531196236610413,5469
348,41965,0.0830419659614563,0.08916325867176056,-19.098995208740234,0.006095267366617918,25.29222297668457,-9.0,9.0,18.773826599121094,9.431770324707031,1.9361709356307983,-0.6592019200325012,5470
349,41965,0.0823473408818245,0.09091484546661377,-19.66599464416504,0.006101374048739672,17.456106185913086,-9.0,9.0,19.39767074584961,9.8094482421875,1.800920844078064,-0.6762480735778809,5471
350,41965,0.07922714948654175,0.08193860203027725,-18.62663459777832,0.00610748678445816,24.808612823486328,-9.0,9.0,18.30939292907715,9.12532901763916,1.9341309070587158,-0.6569122076034546,5472
351,41965,0.06358620524406433,0.06378869712352753,-19.6580810546875,0.006113605573773384,19.56676483154297,-9.0,9.0,19.334001541137695,9.397361755371094,1.8377188444137573,-0.6734140515327454,5473
352,41965,0.07579338550567627,0.0687505379319191,-18.300601959228516,0.00611973088234663,19.26487922668457,-9.0,9.0,18.046674728393555,8.988534927368164,1.8540232181549072,-0.6456203460693359,5474
353,41965,0.06331245601177216,0.06384298205375671,-18.666988372802734,0.006125861778855324,21.78989028930664,-9.0,9.0,18.362546920776367,8.689126014709473,1.8976863622665405,-0.6528069376945496,5475
354,41965,0.06179346516728401,0.06065189465880394,-19.60639762878418,0.00613199919462204,15.170190811157227,-9.0,9.0,19.30076789855957,9.402922630310059,1.779657244682312,-0.6575671434402466,5476
355,41965,0.06874725222587585,0.06558515131473541,-19.235797882080078,0.006138142663985491,24.450197219848633,-9.0,9.0,18.937498092651367,9.73400592803955,1.9101141691207886,-0.6398762464523315,5477
356,41965,0.07371076941490173,0.07016867399215698,-18.899749755859375,0.006144292186945677,18.688247680664062,-9.0,9.0,18.643415451049805,9.436803817749023,1.8384658098220825,-0.6520758867263794,5478
357,41965,0.06747055798768997,0.06526686251163483,-18.892642974853516,0.006150447763502598,17.725631713867188,-9.0,9.0,18.60033416748047,8.909591674804688,1.835466980934143,-0.644669234752655,5479
358,41965,0.07589900493621826,0.07732585817575455,-18.51961326599121,0.006156609859317541,19.674497604370117,-9.0,9.0,18.20411491394043,9.267144203186035,1.8632137775421143,-0.6231630444526672,5480
359,41965,0.0750131756067276,0.07809051126241684,-19.480785369873047,0.006162777543067932,24.618776321411133,-9.0,9.0,19.280393600463867,9.446383476257324,1.934157371520996,-0.627913773059845,5481
360,41965,0.06999732553958893,0.06906601786613464,-19.633861541748047,0.0061689517460763454,18.20592498779297,-9.0,9.0,19.35980224609375,9.178276062011719,1.8491843938827515,-0.6364976167678833,5482
361,41965,0.08003576099872589,0.07824565470218658,-19.482324600219727,0.006175132468342781,17.313961029052734,-9.0,9.0,19.238182067871094,8.9453763961792,1.8256433010101318,-0.6389893293380737,5483
362,41965,0.07858854532241821,0.07521365582942963,-17.7323055267334,0.006181318778544664,26.83783531188965,-9.0,9.0,17.47736358642578,9.26565933227539,1.9880729913711548,-0.6161184906959534,5484
363,41965,0.060466695576906204,0.06024612486362457,-20.05748748779297,0.00618751160800457,17.48135757446289,-9.0,9.0,19.770858764648438,10.019073486328125,1.8349884748458862,-0.6187337040901184,5485
364,41965,0.07480886578559875,0.07963155955076218,-18.190452575683594,0.006193710956722498,21.036792755126953,-9.0,9.0,17.842391967773438,9.204813003540039,1.8882277011871338,-0.5958560109138489,5486
365,41965,0.07873202115297318,0.0764613226056099,-18.766000747680664,0.0061999158933758736,20.950428009033203,-9.0,9.0,18.470661163330078,9.4055757522583,1.8693459033966064,-0.6350608468055725,5487
366,41965,4.679758071899414,4.725996017456055,-18.674087524414062,0.0062061273492872715,20.548084259033203,-9.0,9.0,18.54798126220703,9.56810188293457,1.9144580364227295,-0.621088445186615,5488
367,41965,0.09740027040243149,0.11658366024494171,-19.277355194091797,0.006212345324456692,16.579195022583008,-9.0,9.0,18.762569427490234,8.987324714660645,1.8028696775436401,-0.6518084406852722,5489
368,41965,0.1128518283367157,0.1314375251531601,-19.529752731323242,0.00621856888756156,15.430340766906738,-9.0,9.0,19.061384201049805,9.48215389251709,1.7877247333526611,-0.6604995131492615,5490
369,41965,0.1435604989528656,0.15260270237922668,-19.664901733398438,0.00622479896992445,16.127992630004883,-9.0,9.0,19.388410568237305,9.460289001464844,1.8012993335723877,-0.6686665415763855,5491
370,41965,0.09289806336164474,0.11530990898609161,-19.685556411743164,0.0062310355715453625,16.860755920410156,-9.0,9.0,19.371273040771484,9.354573249816895,1.7700910568237305,-0.6846257448196411,5492
371,41965,0.12963977456092834,0.12371942400932312,-19.430194854736328,0.00623727822676301,20.42706298828125,-9.0,9.0,18.879615783691406,9.166906356811523,1.8418147563934326,-0.6749690175056458,5493
372,41965,0.10313474386930466,0.12090358138084412,-19.551380157470703,0.006243526935577393,18.88103675842285,-9.0,9.0,19.016098022460938,9.107538223266602,1.8092154264450073,-0.7009609937667847,5494
373,41965,0.12331004440784454,0.10302796959877014,-19.143089294433594,0.0062497821636497974,25.40652847290039,-9.0,9.0,18.768285751342773,9.236210823059082,1.9149916172027588,-0.710006833076477,5495
374,41965,0.11443865299224854,0.11035972833633423,-20.60573387145996,0.006256043445318937,21.826351165771484,-9.0,9.0,20.32378387451172,10.174643516540527,1.8554582595825195,-0.6980266571044922,5496
375,41965,0.0872722715139389,0.08694804459810257,-18.52415657043457,0.0062623112462460995,22.65357780456543,-9.0,9.0,18.114255905151367,9.166991233825684,1.8915923833847046,-0.6946086883544922,5497
376,41965,0.12712256610393524,0.11827225983142853,-20.363351821899414,0.006268585100769997,17.97869110107422,-9.0,9.0,19.986431121826172,9.267396926879883,1.8080421686172485,-0.7067200541496277,5498
377,41965,0.12563027441501617,0.12010839581489563,-19.722875595092773,0.006274865474551916,21.388071060180664,-9.0,9.0,19.467130661010742,9.343080520629883,1.8600051403045654,-0.7005409598350525,5499
378,41965,0.09570612758398056,0.10098056495189667,-19.486087799072266,0.006281151901930571,29.871999740600586,-9.0,9.0,19.250144958496094,9.263019561767578,1.966593861579895,-0.6898912787437439,5500
379,41965,0.08818143606185913,0.08832215517759323,-19.521095275878906,0.006287444848567247,28.59963035583496,-9.0,9.0,19.27159881591797,9.558570861816406,1.9487372636795044,-0.7112794518470764,5501
380,41965,0.098482146859169,0.10813093930482864,-19.30324935913086,0.006293743848800659,23.706972122192383,-9.0,9.0,19.03639030456543,8.939608573913574,1.8874282836914062,-0.6856228113174438,5502
381,41965,0.11245672404766083,0.11932472884654999,-18.004484176635742,0.006300049368292093,33.493751525878906,-9.0,9.0,17.828105926513672,8.894180297851562,2.027486801147461,-0.6723288297653198,5503
382,41965,0.10685361176729202,0.10554420948028564,-18.858028411865234,0.00630636140704155,27.393983840942383,-9.0,9.0,18.584102630615234,9.384852409362793,1.9365767240524292,-0.6686954498291016,5504
383,41965,0.09492625296115875,0.09942638874053955,-18.83542823791504,0.006312679499387741,27.975021362304688,-9.0,9.0,18.5465087890625,8.878148078918457,1.9665662050247192,-0.6648663878440857,5505
384,41965,0.09542925655841827,0.08039839565753937,-17.975242614746094,0.0063190036453306675,24.21776008605957,-9.0,9.0,17.656471252441406,8.51200008392334,1.9581778049468994,-0.6341490745544434,5506
385,41965,0.07986560463905334,0.07645798474550247,-19.079553604125977,0.006325334310531616,20.53580093383789,-9.0,9.0,18.840139389038086,9.228602409362793,1.8812682628631592,-0.6415490508079529,5507
386,41965,0.09587939828634262,0.08350000530481339,-19.815933227539062,0.006331671494990587,22.633190155029297,-9.0,9.0,19.62493133544922,9.892621040344238,1.905991554260254,-0.6302343010902405,5508
387,41965,0.106293685734272,0.0956340804696083,-20.21124267578125,0.006338015198707581,19.68060302734375,-9.0,9.0,19.905454635620117,9.956778526306152,1.8418045043945312,-0.6288502812385559,5509
388,41965,0.1281145215034485,0.12609747052192688,-19.525558471679688,0.006344364956021309,22.047456741333008,-9.0,9.0,19.172584533691406,9.4042387008667,1.8983646631240845,-0.6505197882652283,5510
389,41965,0.10338332504034042,0.09709160774946213,-18.752655029296875,0.006350720766931772,22.900957107543945,-9.0,9.0,18.633251190185547,9.15251636505127,1.8949509859085083,-0.6244173645973206,5511
390,41965,0.07298310101032257,0.07944120466709137,-19.63962745666504,0.006357083562761545,16.105785369873047,-9.0,9.0,19.474063873291016,8.92956256866455,1.8143031597137451,-0.6400608420372009,5512
391,41965,0.09559430181980133,0.08195953071117401,-20.167713165283203,0.006363452412188053,20.493213653564453,-9.0,9.0,19.838701248168945,9.52260684967041,1.877859115600586,-0.6358960866928101,5513
392,41965,0.07466264069080353,0.076647087931633,-19.39531707763672,0.006369824521243572,19.160139083862305,-9.0,9.0,19.036510467529297,9.186657905578613,1.8550193309783936,-0.6289253234863281,5514
393,41965,0.07522720843553543,0.06789503991603851,-18.997127532958984,0.006376203149557114,23.35211753845215,-9.0,9.0,18.789628982543945,9.967939376831055,1.9054266214370728,-0.6125282645225525,5515
394,41965,0.11439896374940872,0.11934985965490341,-19.733028411865234,0.006382588297128677,17.400920867919922,-9.0,9.0,19.59292984008789,9.288444519042969,1.8231920003890991,-0.6292647123336792,5516
395,41965,0.08991418778896332,0.0887342244386673,-20.414363861083984,0.006388979498296976,15.435088157653809,-9.0,9.0,20.137975692749023,9.497786521911621,1.7710323333740234,-0.6722435355186462,5517
396,41965,0.08564038574695587,0.0869055762887001,-18.528297424316406,0.006395377684384584,25.392980575561523,-9.0,9.0,18.16090965270996,9.515522003173828,1.9178861379623413,-0.6471723318099976,5518
397,41965,0.07656335830688477,0.08918529003858566,-18.80372428894043,0.006401781924068928,19.271848678588867,-9.0,9.0,18.421876907348633,9.82271671295166,1.8627327680587769,-0.6368623375892639,5519
398,41965,0.08692598342895508,0.08728286623954773,-19.963884353637695,0.006408192217350006,12.992609977722168,-9.0,9.0,19.837724685668945,9.89061164855957,1.72539222240448,-0.680550754070282,5520
399,41965,0.08406393975019455,0.08607903122901917,-20.208507537841797,0.006414609495550394,17.93789291381836,-9.0,9.0,20.01636505126953,9.503280639648438,1.803444743156433,-0.644257664680481,5521
400,41965,0.0903494730591774,0.08605886995792389,-20.58054542541504,0.006421032827347517,17.875396728515625,-9.0,9.0,20.23892593383789,10.104021072387695,1.813125729560852,-0.6605493426322937,5522
401,41965,0.07781880348920822,0.09326231479644775,-19.90092658996582,0.006427462678402662,16.920791625976562,-9.0,9.0,19.579395294189453,9.524303436279297,1.7999136447906494,-0.6476026177406311,5523
402,41965,0.08085976541042328,0.07637298107147217,-19.093122482299805,0.00643389904871583,15.040605545043945,-9.0,9.0,18.933677673339844,9.319511413574219,1.8053404092788696,-0.6472607851028442,5524
403,41965,0.07174617797136307,0.0802304670214653,-19.650672912597656,0.00644034193828702,15.365809440612793,-9.0,9.0,19.483505249023438,9.332359313964844,1.7866809368133545,-0.6442631483078003,5525
404,41965,0.08393723517656326,0.08255632221698761,-19.22406005859375,0.006446791347116232,14.663981437683105,-9.0,9.0,18.955432891845703,9.46538257598877,1.7644888162612915,-0.6425142884254456,5526
405,41965,0.08848454058170319,0.10813088715076447,-19.761157989501953,0.006453246809542179,10.595001220703125,-9.0,9.0,19.411632537841797,9.628711700439453,1.7028815746307373,-0.6450291275978088,5527
406,41965,0.0813337191939354,0.07110116630792618,-20.330612182617188,0.006459709256887436,9.20205020904541,-9.0,9.0,20.067033767700195,9.665279388427734,1.719847321510315,-0.6518219709396362,5528
407,41965,0.13054147362709045,0.14774653315544128,-18.72202491760254,0.006466177757829428,18.965246200561523,-9.0,9.0,18.602352142333984,9.101292610168457,1.8603570461273193,-0.6494358777999878,5529
408,41965,0.07516048848628998,0.07297870516777039,-19.739173889160156,0.006472652778029442,13.359471321105957,-9.0,9.0,19.50209617614746,9.10262393951416,1.7415772676467896,-0.6611942648887634,5530
409,41965,0.08596935868263245,0.08300812542438507,-19.99110221862793,0.006479134317487478,12.706588745117188,-9.0,9.0,19.717180252075195,9.071037292480469,1.7709423303604126,-0.6657819151878357,5531
410,41965,0.08983776718378067,0.08977845311164856,-19.59623908996582,0.006485622376203537,16.061080932617188,-9.0,9.0,19.34612274169922,9.558643341064453,1.7953345775604248,-0.6600506901741028,5532
411,41965,0.0678405612707138,0.07820681482553482,-19.843292236328125,0.006492116954177618,19.98163604736328,-9.0,9.0,19.6900634765625,9.369912147521973,1.8320051431655884,-0.6482855677604675,5533
412,41965,0.16884709894657135,0.16457928717136383,-19.035091400146484,0.006498618051409721,15.87807846069336,-9.0,9.0,18.833547592163086,9.239049911499023,1.7555829286575317,-0.6543642282485962,5534
413,41965,0.059762611985206604,0.06155155971646309,-19.648056030273438,0.006505125667899847,19.04387664794922,-9.0,9.0,19.32390022277832,9.375734329223633,1.8108247518539429,-0.6614848375320435,5535
414,41965,0.0813201293349266,0.07999400049448013,-18.834781646728516,0.006511639803647995,19.4472599029541,-9.0,9.0,18.544185638427734,9.22779369354248,1.8316290378570557,-0.6534685492515564,5536
415,41965,0.08097408711910248,0.07648472487926483,-20.560726165771484,0.006518160458654165,13.692532539367676,-9.0,9.0,20.307832717895508,9.51598072052002,1.7948081493377686,-0.649500846862793,5537
416,41965,0.057759981602430344,0.07108979672193527,-20.306747436523438,0.006524687632918358,14.162847518920898,-9.0,9.0,20.131229400634766,9.44629192352295,1.7322734594345093,-0.6580618619918823,5538
417,41965,0.10150659084320068,0.08812558650970459,-19.973878860473633,0.006531221326440573,16.69333267211914,-9.0,9.0,19.65618896484375,9.30805778503418,1.8197882175445557,-0.6370621919631958,5539
418,41965,0.0679718405008316,0.07630107551813126,-19.612163543701172,0.00653776153922081,15.860550880432129,-9.0,9.0,19.300350189208984,9.413251876831055,1.8181264400482178,-0.6325721740722656,5540
419,41965,0.08399929106235504,0.07289556413888931,-19.70507049560547,0.0065443082712590694,20.376556396484375,-9.0,9.0,19.505971908569336,9.118820190429688,1.8612606525421143,-0.6469677090644836,5541
420,41965,0.09734100848436356,0.1051439493894577,-20.200237274169922,0.0065508619882166386,16.74958038330078,-9.0,9.0,19.957923889160156,9.481954574584961,1.8184336423873901,-0.6460530161857605,5542
421,41965,0.07313310354948044,0.07048451155424118,-19.155826568603516,0.006557421758770943,20.296300888061523,-9.0,9.0,18.853527069091797,9.403417587280273,1.8853565454483032,-0.6401940584182739,5543
422,41965,0.07723729312419891,0.07691562175750732,-20.539974212646484,0.006563988048583269,15.15151309967041,-9.0,9.0,20.23404884338379,9.190083503723145,1.8132250308990479,-0.662872850894928,5544
423,41965,0.0733015388250351,0.06941784173250198,-19.694198608398438,0.006570561323314905,18.170429229736328,-9.0,9.0,19.506914138793945,9.387682914733887,1.8496615886688232,-0.6389127373695374,5545
424,41965,0.06614458560943604,0.06800031661987305,-20.25628089904785,0.0065771411173045635,18.66344451904297,-9.0,9.0,20.09976577758789,9.342387199401855,1.8190479278564453,-0.6603981256484985,5546
425,41965,0.1025351881980896,0.10185712575912476,-20.209157943725586,0.006583726964890957,16.607032775878906,-9.0,9.0,19.95334243774414,9.587589263916016,1.7956913709640503,-0.6737356185913086,5547
426,41965,0.06648463755846024,0.08204345405101776,-19.98381233215332,0.00659031979739666,19.42975425720215,-9.0,9.0,19.652246475219727,9.73117733001709,1.831012487411499,-0.6704879403114319,5548
427,41965,0.06901616603136063,0.05172395706176758,-19.90349006652832,0.0065969196148216724,14.5784330368042,-9.0,9.0,19.7285213470459,9.46673583984375,1.7768338918685913,-0.6845701932907104,5549
428,41965,0.074306920170784,0.07644753903150558,-20.477149963378906,0.00660352548584342,15.535172462463379,-9.0,9.0,20.275896072387695,9.075406074523926,1.7923294305801392,-0.664088785648346,5550
429,41965,0.06746824085712433,0.06131932511925697,-20.264463424682617,0.00661013787612319,6.404404640197754,-9.0,9.0,20.0274658203125,9.114333152770996,1.6686230897903442,-0.6636243462562561,5551
430,41965,0.07879666239023209,0.09116695821285248,-19.41971206665039,0.0066167572513222694,18.047779083251953,-9.0,9.0,19.11840057373047,9.354487419128418,1.8424642086029053,-0.6613042950630188,5552
431,41965,0.0665980651974678,0.059431321918964386,-19.045787811279297,0.006623383145779371,15.241945266723633,-9.0,9.0,18.754863739013672,8.83795166015625,1.800794243812561,-0.6508381962776184,5553
432,41965,0.06413040310144424,0.06294891983270645,-18.423866271972656,0.006630016025155783,17.033523559570312,-9.0,9.0,18.150070190429688,8.755542755126953,1.8389586210250854,-0.6458276510238647,5554
433,41965,0.07610149681568146,0.07549995183944702,-19.309078216552734,0.006636654958128929,12.487954139709473,-9.0,9.0,19.017343521118164,8.964248657226562,1.7418731451034546,-0.6440027952194214,5555
434,41965,0.08577153086662292,0.09070035070180893,-19.651018142700195,0.006643300876021385,13.722932815551758,-9.0,9.0,19.332778930664062,9.587249755859375,1.7975761890411377,-0.642471194267273,5556
435,41965,0.161639004945755,0.16601064801216125,-21.61062240600586,0.0066499533131718636,8.07934856414795,-9.0,9.0,21.357419967651367,9.133195877075195,1.6524772644042969,-0.6701052784919739,5557
436,41965,0.07211562991142273,0.07592874020338058,-19.584474563598633,0.006656612269580364,14.018821716308594,-9.0,9.0,19.291343688964844,9.559844017028809,1.785010576248169,-0.6429608464241028,5558
437,41965,0.08096804469823837,0.0777471587061882,-19.199783325195312,0.0066632782109081745,14.28246784210205,-9.0,9.0,18.97026824951172,9.041940689086914,1.7821592092514038,-0.6331093907356262,5559
438,41965,0.08017472922801971,0.08685531467199326,-20.158889770507812,0.006669950671494007,8.679041862487793,-9.0,9.0,19.967187881469727,9.695395469665527,1.7127634286880493,-0.6483669281005859,5560
439,41965,0.07432354986667633,0.08627012372016907,-19.575763702392578,0.006676630116999149,16.272438049316406,-9.0,9.0,19.1987247467041,9.519503593444824,1.8042443990707397,-0.639311671257019,5561
440,41965,0.06805744767189026,0.06917077302932739,-19.481477737426758,0.0066833156161010265,13.35720157623291,-9.0,9.0,19.192853927612305,8.93639850616455,1.7994072437286377,-0.6467615962028503,5562
441,41965,0.1037803366780281,0.10461115837097168,-20.228090286254883,0.006690008100122213,9.911114692687988,-9.0,9.0,20.050861358642578,9.573022842407227,1.6989578008651733,-0.6541247367858887,5563
442,41965,0.11799509078264236,0.10283961147069931,-20.419315338134766,0.00669670756906271,12.407801628112793,-9.0,9.0,20.088972091674805,9.43384838104248,1.7299150228500366,-0.6601028442382812,5564
443,41965,0.09402216970920563,0.0976644977927208,-20.475505828857422,0.0067034135572612286,14.315644264221191,-9.0,9.0,20.188217163085938,9.934676170349121,1.7745511531829834,-0.6715865731239319,5565
444,41965,0.0929161012172699,0.11680054664611816,-19.262773513793945,0.00671012606471777,17.38036346435547,-9.0,9.0,18.96453094482422,9.279327392578125,1.817814588546753,-0.6598086953163147,5566
445,41965,0.05975177139043808,0.07403124868869781,-20.461578369140625,0.00671684555709362,10.877592086791992,-9.0,9.0,20.283279418945312,9.140288352966309,1.7318214178085327,-0.6816320419311523,5567
446,41965,0.05850294232368469,0.0736849382519722,-20.011194229125977,0.006723571568727493,16.83358383178711,-9.0,9.0,19.825265884399414,9.599570274353027,1.783488392829895,-0.6806507706642151,5568
447,41965,0.07388746738433838,0.0812811478972435,-21.110525131225586,0.006730304565280676,11.603568077087402,-9.0,9.0,20.78026008605957,9.612141609191895,1.718225359916687,-0.6887198090553284,5569
448,41965,0.06975320726633072,0.08256642520427704,-19.990524291992188,0.006737044081091881,16.150537490844727,-9.0,9.0,19.702022552490234,9.282905578613281,1.800668478012085,-0.6647307276725769,5570
449,41965,0.07666423916816711,0.07653450965881348,-19.70123291015625,0.006743790581822395,12.529468536376953,-9.0,9.0,19.53512954711914,9.467764854431152,1.7738988399505615,-0.6659857630729675,5571
450,41965,0.06681907176971436,0.0698050707578659,-20.09493064880371,0.006750543601810932,14.385422706604004,-9.0,9.0,19.866561889648438,9.199697494506836,1.7886451482772827,-0.6632761359214783,5572
451,41965,0.06889155507087708,0.08113706856966019,-20.666221618652344,0.006757303606718779,11.48251724243164,-9.0,9.0,20.391559600830078,9.209084510803223,1.7178272008895874,-0.6630421280860901,5573
452,41965,0.06412529945373535,0.0756831169128418,-20.449874877929688,0.006764070130884647,10.440272331237793,-9.0,9.0,20.157642364501953,9.39104175567627,1.7078806161880493,-0.6658185720443726,5574
453,41965,0.05976378545165062,0.06261233240365982,-19.79949378967285,0.006770843639969826,14.218887329101562,-9.0,9.0,19.60108184814453,8.878277778625488,1.7516517639160156,-0.6843270063400269,5575
454,41965,0.08113548159599304,0.09141039848327637,-19.683773040771484,0.006777623668313026,13.169078826904297,-9.0,9.0,19.51612663269043,9.359620094299316,1.7848714590072632,-0.6498674750328064,5576
455,41965,0.07771848887205124,0.07400678843259811,-18.703346252441406,0.006784410681575537,11.795279502868652,-9.0,9.0,18.428268432617188,9.352550506591797,1.7439987659454346,-0.6695874929428101,5577
456,41965,0.061286889016628265,0.05935651808977127,-20.114652633666992,0.006791204679757357,11.407988548278809,-9.0,9.0,19.889657974243164,9.127694129943848,1.7573515176773071,-0.6585256457328796,5578
457,41965,0.07618977874517441,0.08599168062210083,-19.16448974609375,0.006798005197197199,13.358053207397461,-9.0,9.0,18.9096622467041,8.924471855163574,1.7550785541534424,-0.6506195664405823,5579
458,41965,0.08266454190015793,0.07499567419290543,-20.293994903564453,0.006804812699556351,9.559157371520996,-9.0,9.0,20.001882553100586,9.332736015319824,1.6789096593856812,-0.6849457621574402,5580
459,41965,0.10147861391305923,0.09638042002916336,-20.101051330566406,0.006811626721173525,8.227049827575684,-9.0,9.0,19.951457977294922,9.442769050598145,1.6784330606460571,-0.6738721132278442,5581
460,41965,0.08614256978034973,0.08082687854766846,-19.806726455688477,0.006818447727710009,12.759492874145508,-9.0,9.0,19.545698165893555,9.407468795776367,1.7299091815948486,-0.6566029191017151,5582
461,41965,0.061976902186870575,0.0594814158976078,-19.64798355102539,0.006825275719165802,11.272727966308594,-9.0,9.0,19.307636260986328,8.780464172363281,1.738709568977356,-0.6812800765037537,5583
462,41965,0.07159324735403061,0.06933756917715073,-20.89252281188965,0.006832110229879618,10.782217025756836,-9.0,9.0,20.546157836914062,9.891225814819336,1.6868866682052612,-0.6821598410606384,5584
463,41965,4.189267158508301,4.2402238845825195,-19.477495193481445,0.00683895219117403,13.429308891296387,-9.0,9.0,19.45770835876465,9.836982727050781,1.7666443586349487,-0.6565272212028503,5585
464,41965,0.05948890000581741,0.07456322759389877,-20.09158706665039,0.006845800206065178,12.120097160339355,-9.0,9.0,19.707660675048828,9.338970184326172,1.7258895635604858,-0.6738604307174683,5586
465,41965,0.1090322807431221,0.09599592536687851,-20.83654022216797,0.0068526556715369225,7.893290996551514,-9.0,9.0,20.356904983520508,8.990802764892578,1.678971529006958,-0.6699963808059692,5587
466,41965,0.19785413146018982,0.16623544692993164,-19.672826766967773,0.006859517656266689,12.993803024291992,-9.0,9.0,19.41193199157715,9.224309921264648,1.7652376890182495,-0.6810507774353027,5588
467,41965,0.09958156943321228,0.11587157100439072,-20.509323120117188,0.006866386625915766,15.394493103027344,-9.0,9.0,20.23238182067871,9.24300479888916,1.755468726158142,-0.7013257741928101,5589
468,41965,0.1240588054060936,0.11603739857673645,-21.4062557220459,0.006873262580484152,8.78555965423584,-9.0,9.0,20.884281158447266,9.561198234558105,1.6614311933517456,-0.6953992247581482,5590
469,41965,0.09764998406171799,0.12361422181129456,-19.58777618408203,0.0068801455199718475,15.205273628234863,-9.0,9.0,19.125486373901367,8.933838844299316,1.7591164112091064,-0.697352409362793,5591
470,41965,0.1362084001302719,0.12714961171150208,-21.276609420776367,0.0068870349787175655,13.67695140838623,-9.0,9.0,21.02023696899414,9.97497844696045,1.765166163444519,-0.6990181803703308,5592
471,41965,0.13984721899032593,0.15312540531158447,-20.045429229736328,0.0068939318880438805,18.20431137084961,-9.0,9.0,19.81037712097168,8.993696212768555,1.8353203535079956,-0.7021265029907227,5593
472,41965,0.12221814692020416,0.1137099415063858,-20.729969024658203,0.006900835316628218,16.342939376831055,-9.0,9.0,20.45954132080078,9.542842864990234,1.7831698656082153,-0.7004035115242004,5594
473,41965,0.10731584578752518,0.1056760773062706,-20.892499923706055,0.006907745264470577,12.239363670349121,-9.0,9.0,20.566879272460938,9.187971115112305,1.7153891324996948,-0.7093220353126526,5595
474,41965,0.07986918091773987,0.09185384213924408,-20.167097091674805,0.006914662662893534,18.289247512817383,-9.0,9.0,19.867164611816406,9.651609420776367,1.8199094533920288,-0.7099444270133972,5596
475,41965,0.11608965694904327,0.12959088385105133,-19.161243438720703,0.0069215870462358,20.677234649658203,-9.0,9.0,19.057647705078125,9.37000846862793,1.864482045173645,-0.6824861764907837,5597
476,41965,0.1101938858628273,0.12011360377073288,-19.514163970947266,0.006928517948836088,18.53598403930664,-9.0,9.0,19.465900421142578,9.457966804504395,1.8152835369110107,-0.6965180039405823,5598
477,41965,0.1071888655424118,0.10271003842353821,-19.280261993408203,0.0069354563020169735,14.76799488067627,-9.0,9.0,18.89178466796875,9.549013137817383,1.7687779664993286,-0.6512526273727417,5599
478,41965,0.06821631640195847,0.07313261926174164,-20.783767700195312,0.006942401174455881,15.91076374053955,-9.0,9.0,20.548524856567383,9.43146800994873,1.8220431804656982,-0.667884886264801,5600
479,41965,0.09222730249166489,0.07730123400688171,-20.813953399658203,0.006949353497475386,12.088424682617188,-9.0,9.0,20.688560485839844,9.377453804016113,1.748140573501587,-0.6606248021125793,5601
480,41965,0.10996643453836441,0.11765436828136444,-20.688581466674805,0.0069563123397529125,12.92187786102295,-9.0,9.0,20.559743881225586,9.99393081665039,1.7951470613479614,-0.6356272101402283,5602
481,41965,0.09708002209663391,0.09146639704704285,-20.340662002563477,0.006963278166949749,13.127569198608398,-9.0,9.0,20.033662796020508,9.407098770141602,1.744317650794983,-0.6127076148986816,5603
482,41965,0.09860645979642868,0.11281073093414307,-19.825475692749023,0.006970250979065895,12.256632804870605,-9.0,9.0,19.542728424072266,9.714938163757324,1.7721127271652222,-0.6198476552963257,5604
483,41965,0.08681560307741165,0.0978492796421051,-20.803443908691406,0.006977230776101351,10.418347358703613,-9.0,9.0,20.622516632080078,9.226605415344238,1.707297682762146,-0.6108818054199219,5605
484,41965,0.07197447121143341,0.07459424436092377,-20.9157657623291,0.006984218023717403,9.501274108886719,-9.0,9.0,20.737581253051758,9.637460708618164,1.7132941484451294,-0.6094314455986023,5606
485,41965,0.07578480243682861,0.07169702649116516,-20.530794143676758,0.006991211790591478,7.135712623596191,-9.0,9.0,20.329021453857422,9.288668632507324,1.7068500518798828,-0.5947001576423645,5607
486,41965,0.07160592079162598,0.06861241906881332,-20.638771057128906,0.006998212542384863,8.972650527954102,-9.0,9.0,20.43853759765625,9.81678581237793,1.7226098775863647,-0.5938892364501953,5608
487,41965,0.08526027947664261,0.08265426009893417,-20.529766082763672,0.007005220279097557,11.275164604187012,-9.0,9.0,20.30409049987793,9.592846870422363,1.7376292943954468,-0.5743712186813354,5609
488,41965,0.10403390228748322,0.09268470853567123,-18.65583038330078,0.007012235466390848,14.052970886230469,-9.0,9.0,18.405323028564453,8.883525848388672,1.807965874671936,-0.5792179703712463,5610
489,41965,0.07490488886833191,0.07676456868648529,-20.663808822631836,0.0070192571729421616,8.950676918029785,-9.0,9.0,20.432769775390625,9.00030517578125,1.699530005455017,-0.6158141493797302,5611
490,41965,0.10456247627735138,0.07896967977285385,-19.6972599029541,0.007026286330074072,10.051833152770996,-9.0,9.0,19.55568504333496,9.24506950378418,1.7546495199203491,-0.6030867695808411,5612
491,41965,0.09442482143640518,0.09307831525802612,-19.421672821044922,0.007033322472125292,12.412151336669922,-9.0,9.0,19.1915225982666,9.002765655517578,1.7683027982711792,-0.6013283133506775,5613
492,41965,0.08429208397865295,0.06953814625740051,-19.783191680908203,0.007040365133434534,11.567635536193848,-9.0,9.0,19.489070892333984,9.409037590026855,1.7724344730377197,-0.6139932870864868,5614
493,41965,0.0613597072660923,0.0626664087176323,-19.741588592529297,0.007047415245324373,10.796365737915039,-9.0,9.0,19.504207611083984,8.659527778625488,1.7185611724853516,-0.6264744997024536,5615
494,41965,0.10065919905900955,0.09177453070878983,-20.350406646728516,0.007054472342133522,7.787452697753906,-9.0,9.0,20.1881103515625,9.02391242980957,1.666483759880066,-0.6391757726669312,5616
495,41965,0.06479187309741974,0.0686042383313179,-20.34397315979004,0.007061536889523268,7.863759517669678,-9.0,9.0,20.172683715820312,9.022599220275879,1.6884514093399048,-0.6325901746749878,5617
496,41965,0.0812787115573883,0.07682958245277405,-19.983009338378906,0.007068607956171036,11.627002716064453,-9.0,9.0,19.75149917602539,9.11259937286377,1.7362624406814575,-0.636970579624176,5618
497,41965,0.056284453719854355,0.06065770611166954,-20.179832458496094,0.007075686473399401,12.50335693359375,-9.0,9.0,19.88067626953125,9.263739585876465,1.7256367206573486,-0.6417021751403809,5619
498,41965,0.09219080954790115,0.06853541731834412,-20.319438934326172,0.007082771975547075,9.53995418548584,-9.0,9.0,20.125408172607422,9.314373016357422,1.713958978652954,-0.6306626200675964,5620
499,41965,0.059475239366292953,0.06835710257291794,-19.741477966308594,0.0070898644626140594,9.583710670471191,-9.0,9.0,19.590185165405273,9.102585792541504,1.716144323348999,-0.6272690892219543,5621
500,41965,0.06646813452243805,0.051766831427812576,-20.463468551635742,0.007096963934600353,12.2709321975708,-9.0,9.0,20.23027801513672,9.265337944030762,1.7497386932373047,-0.6168278455734253,5622
501,41965,0.07199320942163467,0.06979824602603912,-20.328554153442383,0.007104070857167244,10.369555473327637,-9.0,9.0,20.08548355102539,8.51534652709961,1.7262617349624634,-0.6213436722755432,5623
502,41965,0.06576179713010788,0.06594564020633698,-19.920608520507812,0.007111184764653444,12.076888084411621,-9.0,9.0,19.69464683532715,9.414568901062012,1.7624536752700806,-0.6339101791381836,5624
503,41965,0.05354303494095802,0.058984071016311646,-20.276145935058594,0.007118305657058954,9.283698081970215,-9.0,9.0,20.04636001586914,9.343186378479004,1.7435652017593384,-0.6197896599769592,5625
504,41965,0.07532676309347153,0.09105652570724487,-20.170257568359375,0.007125434000045061,13.105613708496094,-9.0,9.0,20.025249481201172,9.090827941894531,1.7598085403442383,-0.6072105765342712,5626
505,41965,0.07471867650747299,0.07878591120243073,-19.94279670715332,0.007132569327950478,15.694526672363281,-9.0,9.0,19.75189971923828,8.953149795532227,1.7925310134887695,-0.6305748820304871,5627
506,41965,0.08211416006088257,0.08864028006792068,-20.690532684326172,0.007139711640775204,9.814525604248047,-9.0,9.0,20.455703735351562,9.744366645812988,1.7169088125228882,-0.6317906975746155,5628
507,41965,0.059095799922943115,0.05689296871423721,-20.117815017700195,0.007146861404180527,11.927431106567383,-9.0,9.0,19.931364059448242,9.13308048248291,1.751052975654602,-0.6161635518074036,5629
508,41965,0.07399244606494904,0.08801621198654175,-19.52580451965332,0.007154018152505159,11.446809768676758,-9.0,9.0,19.389389038085938,9.500920295715332,1.7665135860443115,-0.5979771018028259,5630
509,41965,0.06347037851810455,0.06848836690187454,-19.92829132080078,0.007161181885749102,8.195392608642578,-9.0,9.0,19.70241928100586,9.27687931060791,1.68682861328125,-0.6213607788085938,5631
510,41965,0.07568221539258957,0.07884997129440308,-19.59695816040039,0.007168353069573641,8.604571342468262,-9.0,9.0,19.337871551513672,9.222067832946777,1.6978408098220825,-0.6076540350914001,5632
511,41965,0.07278765738010406,0.07978186011314392,-20.882606506347656,0.00717553123831749,5.230701923370361,-9.0,9.0,20.618995666503906,9.380765914916992,1.631124496459961,-0.609936535358429,5633
512,41965,0.06608065217733383,0.08172505348920822,-20.178546905517578,0.007182586472481489,4.01535701751709,-9.0,9.0,20.054065704345703,9.444730758666992,1.670758605003357,-0.6094327569007874,5634
513,41965,0.06457522511482239,0.06507793813943863,-20.602672576904297,0.007189624942839146,4.69625997543335,-9.0,9.0,20.474885940551758,9.284431457519531,1.6343716382980347,-0.6200591325759888,5635
514,41965,0.05906837806105614,0.09050112962722778,-20.644607543945312,0.0071960692293941975,0.6472876667976379,-9.0,9.0,20.317800521850586,9.367300033569336,1.5894619226455688,-0.5908583402633667,5636
515,41965,0.0738510712981224,0.07315205037593842,-19.945026397705078,0.007202595472335815,5.8459954261779785,-9.0,9.0,19.754966735839844,9.27599811553955,1.682042121887207,-0.613869845867157,5637
516,41965,0.05537405237555504,0.06637261807918549,-19.56466293334961,0.007209196221083403,6.703911781311035,-9.0,9.0,19.39492416381836,9.174736022949219,1.6827895641326904,-0.6007850766181946,5638
517,41965,0.05210085213184357,0.05740288645029068,-20.318756103515625,0.007215637713670731,3.333324670791626,-9.0,9.0,20.126609802246094,9.03131103515625,1.6109600067138672,-0.6244857907295227,5639
518,41965,0.060907647013664246,0.06771966814994812,-20.36212158203125,0.007221795618534088,2.3981471061706543,-9.0,9.0,20.14988136291504,8.516803741455078,1.5977027416229248,-0.6290002465248108,5640
519,41965,0.0864725336432457,0.10648252815008163,-20.45086097717285,0.007227858994156122,3.469122886657715,-9.0,9.0,20.20493507385254,10.011225700378418,1.6292641162872314,-0.6378551125526428,5641
520,41965,0.07450712472200394,0.05758364126086235,-20.89083480834961,0.0072335307486355305,1.4020251035690308,-9.0,9.0,20.617094039916992,9.692678451538086,1.5922536849975586,-0.6392086148262024,5642
521,41965,0.06513068079948425,0.06776097416877747,-20.467788696289062,0.0072388616390526295,1.4553964138031006,-9.0,9.0,20.32195472717285,9.327692031860352,1.5849368572235107,-0.650181770324707,5643
522,41965,0.05754048749804497,0.055459097027778625,-19.902061462402344,0.007244393229484558,5.877831935882568,-9.0,9.0,19.700672149658203,8.63615894317627,1.6455128192901611,-0.6369695663452148,5644
523,41965,0.06285800039768219,0.07380408048629761,-20.75027847290039,0.0072501059621572495,7.709751129150391,-9.0,9.0,20.41856575012207,9.37325668334961,1.6573361158370972,-0.6577122807502747,5645
524,41965,0.06813263893127441,0.0680946409702301,-20.347396850585938,0.0072559816762804985,7.670398712158203,-9.0,9.0,20.08738136291504,9.011703491210938,1.6638652086257935,-0.6765753030776978,5646
525,41965,0.07611020654439926,0.0758863091468811,-20.659074783325195,0.007262004539370537,6.20524787902832,-9.0,9.0,20.485904693603516,9.470669746398926,1.6374820470809937,-0.6703695058822632,5647
526,41965,0.05893048271536827,0.06469353288412094,-20.42207908630371,0.007268160581588745,9.95673942565918,-9.0,9.0,20.132572174072266,8.786208152770996,1.6798690557479858,-0.694391667842865,5648
527,41965,0.061438918113708496,0.0738840103149414,-20.62249755859375,0.0072744362987577915,7.3808441162109375,-9.0,9.0,20.34597396850586,9.418732643127441,1.6705747842788696,-0.671781599521637,5649
528,41965,0.07966476678848267,0.08270589262247086,-20.519468307495117,0.007280724123120308,4.247638702392578,-9.0,9.0,20.41040802001953,9.34045124053955,1.6253178119659424,-0.675988495349884,5650
529,41965,0.06204317510128021,0.06786086410284042,-20.357994079589844,0.007287121843546629,6.391984939575195,-9.0,9.0,20.183624267578125,9.297612190246582,1.651813268661499,-0.6673787832260132,5651
530,41965,0.09156683832406998,0.08515613526105881,-20.6313533782959,0.007293619215488434,8.870964050292969,-9.0,9.0,20.412330627441406,9.674934387207031,1.6918224096298218,-0.6806096434593201,5652
531,41965,0.06857817620038986,0.07781553268432617,-19.638362884521484,0.007300205994397402,11.196616172790527,-9.0,9.0,19.358732223510742,8.91843318939209,1.7029825448989868,-0.6625344157218933,5653
532,41965,0.09023136645555496,0.08190813660621643,-21.319629669189453,0.007306840270757675,4.672792911529541,-9.0,9.0,21.170936584472656,9.687983512878418,1.6073888540267944,-0.676241397857666,5654
533,41965,0.058518458157777786,0.06226475164294243,-19.529081344604492,0.007313553709536791,10.972274780273438,-9.0,9.0,19.396146774291992,9.186079978942871,1.7164143323898315,-0.6728076338768005,5655
534,41965,0.06304705142974854,0.05711556226015091,-19.903888702392578,0.007320336531847715,7.871111869812012,-9.0,9.0,19.670242309570312,9.301751136779785,1.692118763923645,-0.6786550283432007,5656
535,41965,0.06053309515118599,0.07015412300825119,-19.732444763183594,0.007327184546738863,7.627955436706543,-9.0,9.0,19.470584869384766,9.120477676391602,1.6763399839401245,-0.6719831824302673,5657
536,41965,0.05848721042275429,0.06337044388055801,-20.276521682739258,0.007333969231694937,4.076791286468506,-9.0,9.0,20.034358978271484,9.29005241394043,1.6014972925186157,-0.6772610545158386,5658
537,41965,0.06557143479585648,0.06833213567733765,-21.635007858276367,0.007340028882026672,-0.392843633890152,-9.0,9.0,21.481578826904297,9.53793716430664,1.5606850385665894,-0.6661469340324402,5659
538,41965,0.05775883421301842,0.0627993568778038,-20.667661666870117,0.007345609832555056,0.7834394574165344,-9.0,9.0,20.42629623413086,8.778995513916016,1.563812255859375,-0.6600877046585083,5660
539,41965,0.07022005319595337,0.08081302791833878,-22.08590316772461,0.007350750267505646,0.7026119828224182,-9.0,9.0,21.78253173828125,9.598031997680664,1.5728493928909302,-0.668295681476593,5661
540,41965,0.05891186743974686,0.0542108528316021,-20.33528709411621,0.007355974521487951,3.9267377853393555,-9.0,9.0,20.122669219970703,9.02833080291748,1.6284457445144653,-0.6552206873893738,5662
541,41965,0.07897299528121948,0.08053509145975113,-20.6420955657959,0.007361424155533314,6.476039886474609,-9.0,9.0,20.446308135986328,9.099230766296387,1.6260019540786743,-0.6683334112167358,5663
542,41965,0.11146383732557297,0.08979180455207825,-20.062509536743164,0.00736694410443306,4.003903865814209,-9.0,9.0,19.798059463500977,9.328958511352539,1.6290532350540161,-0.6672171950340271,5664
543,41965,0.06732963025569916,0.07424037903547287,-20.76294708251953,0.007372461259365082,3.5794334411621094,-9.0,9.0,20.486740112304688,8.968202590942383,1.5787956714630127,-0.6890541315078735,5665
544,41965,0.08617996424436569,0.06616472452878952,-19.771493911743164,0.00737817632034421,7.146430969238281,-9.0,9.0,19.647621154785156,8.908614158630371,1.6388893127441406,-0.6659373641014099,5666
545,41965,0.05814654007554054,0.06017898768186569,-20.536413192749023,0.007384071592241526,5.6361846923828125,-9.0,9.0,20.364990234375,9.082226753234863,1.6184674501419067,-0.6846995949745178,5667
546,41965,0.06122026592493057,0.06048846244812012,-20.556203842163086,0.007390130311250687,7.279158115386963,-9.0,9.0,20.310604095458984,9.408061981201172,1.6433717012405396,-0.6829261779785156,5668
547,41965,0.06609689444303513,0.08120593428611755,-21.089174270629883,0.007396066561341286,3.12664794921875,-9.0,9.0,20.76282501220703,9.439558029174805,1.5874807834625244,-0.6853132843971252,5669
548,41965,0.08135928213596344,0.0692150741815567,-20.270156860351562,0.007402163464576006,6.620406627655029,-9.0,9.0,20.116901397705078,9.455975532531738,1.672101616859436,-0.6447810530662537,5670
549,41965,0.080548495054245,0.08203203231096268,-20.33338165283203,0.007408406585454941,5.5669779777526855,-9.0,9.0,20.185239791870117,9.325812339782715,1.6382561922073364,-0.6627763509750366,5671
550,41965,0.09166744351387024,0.07070085406303406,-19.98723030090332,0.007414778228849173,5.970218181610107,-9.0,9.0,19.756290435791016,9.127049446105957,1.6581684350967407,-0.6665549278259277,5672
551,41965,0.05951438844203949,0.06808151304721832,-19.982637405395508,0.007421272806823254,6.097929954528809,-9.0,9.0,19.6768856048584,9.29073429107666,1.6548032760620117,-0.6482961773872375,5673
552,41965,0.07595369219779968,0.07532504200935364,-20.080177307128906,0.007427871692925692,8.180316925048828,-9.0,9.0,19.86673927307129,9.120725631713867,1.673242449760437,-0.6536926627159119,5674
553,41965,3.539954662322998,3.579150676727295,-19.732452392578125,0.0074345688335597515,6.638352870941162,-9.0,9.0,19.666738510131836,9.778736114501953,1.6637033224105835,-0.6452922821044922,5675
554,41965,0.2527502775192261,0.15178415179252625,-20.61913299560547,0.0074412403628230095,4.132240295410156,-9.0,9.0,20.121902465820312,9.292746543884277,1.6135540008544922,-0.651599109172821,5676
555,41965,0.12600155174732208,0.1187644675374031,-20.64250946044922,0.0074480026960372925,5.69128942489624,-9.0,9.0,20.305267333984375,9.197734832763672,1.6528621912002563,-0.65672767162323,5677
556,41965,0.17267373204231262,0.12713609635829926,-20.31890296936035,0.0074548497796058655,5.0085015296936035,-9.0,9.0,20.19013214111328,9.218822479248047,1.6218138933181763,-0.649969756603241,5678
557,41965,0.12051337957382202,0.11452462524175644,-21.30191421508789,0.007461041212081909,0.09271779656410217,-9.0,9.0,20.924644470214844,9.334972381591797,1.5561641454696655,-0.6613270044326782,5679
558,41965,0.18170958757400513,0.1519782990217209,-20.615676879882812,0.0074673728086054325,6.966026782989502,-9.0,9.0,20.03534698486328,9.158525466918945,1.6657296419143677,-0.6518598794937134,5680
559,41965,0.20706388354301453,0.19098742306232452,-20.507530212402344,0.007473834790289402,6.199188709259033,-9.0,9.0,20.299814224243164,9.268400192260742,1.615642786026001,-0.6534641981124878,5681
560,41965,0.1259797215461731,0.13322031497955322,-21.07893943786621,0.007480370346456766,4.621912479400635,-9.0,9.0,21.006906509399414,9.849344253540039,1.6311572790145874,-0.6553338170051575,5682
561,41965,0.1542932093143463,0.11644896864891052,-20.246320724487305,0.007487018126994371,5.285321235656738,-9.0,9.0,19.870899200439453,9.337993621826172,1.6365147829055786,-0.6736218333244324,5683
562,41965,0.11135777831077576,0.11670027673244476,-19.720142364501953,0.007493765093386173,9.936234474182129,-9.0,9.0,19.345911026000977,8.700860023498535,1.7131989002227783,-0.6525277495384216,5684
563,41965,0.13911080360412598,0.10422161221504211,-20.86532211303711,0.007500221487134695,2.391803503036499,-9.0,9.0,20.781654357910156,9.691534042358398,1.5780831575393677,-0.6684622764587402,5685
564,41965,0.14758732914924622,0.15048381686210632,-20.097583770751953,0.007506797555834055,7.075872898101807,-9.0,9.0,19.97309684753418,9.303755760192871,1.6508057117462158,-0.6383928656578064,5686
565,41965,0.13016216456890106,0.12116017937660217,-20.340290069580078,0.0075134835205972195,9.24490737915039,-9.0,9.0,20.11728286743164,9.412769317626953,1.7143545150756836,-0.6599540710449219,5687
566,41965,0.07897767424583435,0.08796606212854385,-20.48173713684082,0.0075202686712145805,6.062442302703857,-9.0,9.0,20.17428970336914,9.606501579284668,1.6356958150863647,-0.6792411208152771,5688
567,41965,0.14144471287727356,0.10937830805778503,-20.46442413330078,0.0075271460227668285,11.639917373657227,-9.0,9.0,20.383066177368164,9.52212142944336,1.7325948476791382,-0.6452615857124329,5689
568,41965,0.08742743730545044,0.0869191363453865,-20.742822647094727,0.007534105330705643,8.3416109085083,-9.0,9.0,20.564119338989258,9.104936599731445,1.6824989318847656,-0.6455280184745789,5690
569,41965,0.11014547199010849,0.08145749568939209,-21.313966751098633,0.007541139144450426,9.85647964477539,-9.0,9.0,20.957393646240234,9.58319091796875,1.7110528945922852,-0.6542543172836304,5691
570,41965,0.08239838480949402,0.08153794705867767,-20.84320640563965,0.007548240944743156,7.696929931640625,-9.0,9.0,20.621318817138672,8.926199913024902,1.6818286180496216,-0.6617059111595154,5692
571,41965,0.11056709289550781,0.099199578166008,-20.904386520385742,0.007555403281003237,6.993277072906494,-9.0,9.0,20.765384674072266,9.068766593933105,1.6558119058609009,-0.6555359959602356,5693
572,41965,0.07086578011512756,0.06621317565441132,-19.824403762817383,0.007562622893601656,12.948484420776367,-9.0,9.0,19.60934066772461,9.22402286529541,1.767046570777893,-0.6429286003112793,5694
573,41965,0.11768554896116257,0.0831407755613327,-19.938968658447266,0.0075698960572481155,17.170833587646484,-9.0,9.0,19.572235107421875,9.204703330993652,1.8223716020584106,-0.6506125330924988,5695
574,41965,0.07800620049238205,0.08511343598365784,-20.547571182250977,0.007577216252684593,10.112689971923828,-9.0,9.0,20.29018211364746,9.292771339416504,1.6676746606826782,-0.6663774251937866,5696
575,41965,0.12756769359111786,0.0930820181965828,-21.18402099609375,0.0075845797546207905,10.973389625549316,-9.0,9.0,21.123029708862305,9.650367736816406,1.7071597576141357,-0.6652841567993164,5697
576,41965,3.2545628547668457,3.3356924057006836,-19.95095443725586,0.007591983303427696,11.515425682067871,-9.0,9.0,19.851240158081055,9.465170860290527,1.719412922859192,-0.6595836877822876,5698
577,41965,0.2252262532711029,0.16799423098564148,-19.80786895751953,0.007599422708153725,10.501200675964355,-9.0,9.0,19.282211303710938,8.751717567443848,1.7076702117919922,-0.662680447101593,5699
578,41965,0.09341219812631607,0.09030678123235703,-19.657928466796875,0.007606898434460163,15.346416473388672,-9.0,9.0,19.39638900756836,8.753137588500977,1.782881498336792,-0.656710684299469,5700
579,41965,0.27257323265075684,0.19983407855033875,-20.475147247314453,0.007614403031766415,9.128511428833008,-9.0,9.0,20.586809158325195,9.356548309326172,1.6810939311981201,-0.6699548363685608,5701
580,41965,0.1364908069372177,0.14090070128440857,-19.89484214782715,0.0076219369657337666,9.830852508544922,-9.0,9.0,19.745521545410156,8.817567825317383,1.681011438369751,-0.6546664834022522,5702
581,41965,0.21236777305603027,0.15266528725624084,-19.920331954956055,0.007629496976733208,6.9294915199279785,-9.0,9.0,19.4552059173584,8.670576095581055,1.665193796157837,-0.6493210792541504,5703
582,41965,0.12598681449890137,0.14726592600345612,-20.39743423461914,0.007636896800249815,3.680190324783325,-9.0,9.0,20.137693405151367,9.45729923248291,1.5938949584960938,-0.6584411263465881,5704
583,41965,0.23776724934577942,0.17231664061546326,-20.69501495361328,0.007644197903573513,3.9840595722198486,-9.0,9.0,20.74669647216797,9.263461112976074,1.6130949258804321,-0.6530247926712036,5705
584,41965,0.0997556820511818,0.12924350798130035,-21.08234214782715,0.007650790736079216,0.03917074203491211,-9.0,9.0,20.981128692626953,9.763602256774902,1.5541307926177979,-0.650626540184021,5706
585,41965,0.15659266710281372,0.1134524866938591,-19.855310440063477,0.007657506503164768,6.269561767578125,-9.0,9.0,19.356647491455078,8.962043762207031,1.6574137210845947,-0.6414836645126343,5707
586,41965,0.0932883620262146,0.15576820075511932,-21.724483489990234,0.007664330303668976,4.836862564086914,-9.0,9.0,21.326904296875,9.299312591552734,1.6130660772323608,-0.6422286033630371,5708
587,41965,0.16422799229621887,0.1502196341753006,-19.86223030090332,0.007671167608350515,4.309778690338135,-9.0,9.0,19.86292839050293,9.202716827392578,1.621057152748108,-0.6326813101768494,5709
588,41965,0.10078239440917969,0.12968844175338745,-19.748563766479492,0.007678105961531401,5.467085838317871,-9.0,9.0,19.683490753173828,9.311283111572266,1.6411412954330444,-0.6345130205154419,5710
589,41965,0.13560524582862854,0.10953891277313232,-20.300334930419922,0.0076847136951982975,2.1945440769195557,-9.0,9.0,19.9237060546875,9.204401969909668,1.6016515493392944,-0.6346356272697449,5711
590,41965,0.13891299068927765,0.13766372203826904,-22.399744033813477,0.007691448088735342,5.670965194702148,-9.0,9.0,21.941112518310547,9.811617851257324,1.656417965888977,-0.6389155983924866,5712
591,41965,0.09930017590522766,0.07696399837732315,-20.459692001342773,0.007698298431932926,7.626713752746582,-9.0,9.0,20.307594299316406,9.446317672729492,1.6906596422195435,-0.6309357285499573,5713
592,41965,0.07333158701658249,0.08891043812036514,-20.024444580078125,0.007705250289291143,6.698916435241699,-9.0,9.0,19.928058624267578,9.38467788696289,1.689357042312622,-0.6269420981407166,5714
593,41965,0.07739094644784927,0.06896786391735077,-19.997936248779297,0.0077122971415519714,8.04868221282959,-9.0,9.0,19.78167724609375,9.160079002380371,1.7134045362472534,-0.6274101138114929,5715
594,41965,0.09026853740215302,0.11745105683803558,-21.307418823242188,0.007719431072473526,11.047758102416992,-9.0,9.0,20.978187561035156,9.862680435180664,1.7271109819412231,-0.6374676823616028,5716
595,41965,0.0908643826842308,0.0840362161397934,-21.37917137145996,0.007726641371846199,5.2308878898620605,-9.0,9.0,21.20074462890625,9.269906044006348,1.6405190229415894,-0.6480775475502014,5717
596,41965,0.07176381349563599,0.08324632793664932,-20.406856536865234,0.007733925245702267,17.86771583557129,-9.0,9.0,20.301023483276367,9.789758682250977,1.8663703203201294,-0.6362435221672058,5718
597,41965,0.14889471232891083,0.1394096463918686,-20.188613891601562,0.007741271052509546,18.42755126953125,-9.0,9.0,19.99868392944336,9.3513765335083,1.8619695901870728,-0.6333664059638977,5719
598,41965,0.08127013593912125,0.07171391695737839,-20.956859588623047,0.007748679723590612,20.850801467895508,-9.0,9.0,20.72858238220215,9.483583450317383,1.8744081258773804,-0.6501599550247192,5720
599,41965,0.07020457834005356,0.08653642982244492,-21.026498794555664,0.007756139151751995,18.515989303588867,-9.0,9.0,20.759584426879883,9.281585693359375,1.8342987298965454,-0.6523388624191284,5721
600,41965,0.09535465389490128,0.10412951558828354,-20.514610290527344,0.007763650733977556,15.83692741394043,-9.0,9.0,20.4243221282959,9.440930366516113,1.8135043382644653,-0.6647796034812927,5722
601,41965,0.06989621371030807,0.0946941077709198,-20.072460174560547,0.007771206554025412,17.209232330322266,-9.0,9.0,20.02189064025879,9.645630836486816,1.8010270595550537,-0.6632744669914246,5723
602,41965,0.08507619798183441,0.08360899984836578,-20.126007080078125,0.007778802886605263,17.300575256347656,-9.0,9.0,19.886661529541016,8.980481147766113,1.8458032608032227,-0.6571902632713318,5724
603,41965,0.08098819106817245,0.10530104488134384,-21.159759521484375,0.007786440197378397,12.982391357421875,-9.0,9.0,20.876365661621094,9.318119049072266,1.7504178285598755,-0.6644009351730347,5725
604,41965,0.0725703313946724,0.07077168673276901,-20.037921905517578,0.007794111035764217,17.44607925415039,-9.0,9.0,19.911273956298828,8.770123481750488,1.8119322061538696,-0.6411727070808411,5726
605,41965,0.08451254665851593,0.10222817957401276,-20.99887466430664,0.007801815401762724,12.402692794799805,-9.0,9.0,20.882366180419922,9.517559051513672,1.7273027896881104,-0.650147557258606,5727
606,41965,0.08569153398275375,0.08631967008113861,-20.274383544921875,0.0078095500357449055,12.290042877197266,-9.0,9.0,19.999534606933594,8.813281059265137,1.7738813161849976,-0.6430855393409729,5728
607,41965,0.15862566232681274,0.1359536051750183,-19.917577743530273,0.007817310281097889,11.51127815246582,-9.0,9.0,19.69754981994629,8.938498497009277,1.739141821861267,-0.6342083215713501,5729
608,41965,0.09226496517658234,0.09018610417842865,-19.833433151245117,0.007825098000466824,12.1561861038208,-9.0,9.0,19.597610473632812,9.009995460510254,1.758983850479126,-0.6383524537086487,5730
609,41965,0.0772811770439148,0.08132803440093994,-19.44397735595703,0.007832907140254974,5.729466438293457,-9.0,9.0,19.298608779907227,8.874295234680176,1.6582366228103638,-0.6320360898971558,5731
610,41965,0.10545675456523895,0.10414167493581772,-20.93511962890625,0.007840583100914955,3.856245994567871,-9.0,9.0,20.72114372253418,9.346243858337402,1.640135407447815,-0.6375246644020081,5732
611,41965,0.06507186591625214,0.06650979816913605,-20.884220123291016,0.007848292589187622,8.61854076385498,-9.0,9.0,20.59330177307129,9.29027271270752,1.680375099182129,-0.6463702321052551,5733
612,41965,0.08570760488510132,0.07682816684246063,-19.994985580444336,0.007856039330363274,6.972537994384766,-9.0,9.0,19.84828758239746,9.58542537689209,1.6727516651153564,-0.6406332850456238,5734
613,41965,0.06824681162834167,0.0734780952334404,-21.302642822265625,0.007863737642765045,4.3662943840026855,-9.0,9.0,21.124618530273438,9.37933349609375,1.6325403451919556,-0.6566032767295837,5735
614,41965,0.06689043343067169,0.06650517880916595,-20.40355110168457,0.007871473208069801,5.744068145751953,-9.0,9.0,20.142574310302734,8.765140533447266,1.686858892440796,-0.6408455967903137,5736
615,41965,0.1008487343788147,0.08435507118701935,-20.717132568359375,0.007879242300987244,8.087075233459473,-9.0,9.0,20.48027801513672,9.586299896240234,1.6739431619644165,-0.645252525806427,5737
616,41965,0.10408192873001099,0.08211361616849899,-20.44483184814453,0.007887042127549648,6.045917510986328,-9.0,9.0,20.40511703491211,9.179162979125977,1.6615962982177734,-0.6436189413070679,5738
617,41965,0.07649719715118408,0.07520756125450134,-19.94364356994629,0.007894872687757015,9.82449722290039,-9.0,9.0,19.787837982177734,9.383105278015137,1.7020502090454102,-0.645694375038147,5739
618,41965,0.08070369064807892,0.06615682691335678,-21.077238082885742,0.007902729324996471,6.608223915100098,-9.0,9.0,20.765117645263672,8.321632385253906,1.6491060256958008,-0.6565319895744324,5740
619,41965,0.08253470063209534,0.07757992297410965,-20.726360321044922,0.007910612970590591,6.219369888305664,-9.0,9.0,20.540769577026367,9.112505912780762,1.6587458848953247,-0.6433071494102478,5741
620,41965,0.0948147252202034,0.089952252805233,-20.130870819091797,0.007918518967926502,8.029840469360352,-9.0,9.0,20.08340835571289,9.148930549621582,1.714750051498413,-0.6438907980918884,5742
621,41965,0.07847603410482407,0.06408096104860306,-20.512659072875977,0.007926449179649353,7.817783355712891,-9.0,9.0,20.352811813354492,9.213005065917969,1.6787300109863281,-0.6480932235717773,5743
622,41965,0.10194270312786102,0.09833905845880508,-20.68001365661621,0.007934397086501122,9.301067352294922,-9.0,9.0,20.372426986694336,9.258723258972168,1.7172743082046509,-0.633820652961731,5744
623,41965,0.06940639019012451,0.07569122314453125,-20.010761260986328,0.007942365482449532,8.230134010314941,-9.0,9.0,19.826520919799805,9.125223159790039,1.6916784048080444,-0.6268276572227478,5745
624,41965,0.1648487150669098,0.13207989931106567,-20.167678833007812,0.007950353436172009,4.879631042480469,-9.0,9.0,20.19033432006836,9.01370906829834,1.6453112363815308,-0.6336697936058044,5746
625,41965,0.09450402855873108,0.07993756234645844,-21.904695510864258,0.007957972586154938,2.5003104209899902,-9.0,9.0,21.690696716308594,9.530325889587402,1.5537539720535278,-0.6662519574165344,5747
626,41965,0.12306591868400574,0.1091611236333847,-19.81268310546875,0.007965645752847195,10.05698013305664,-9.0,9.0,19.4012508392334,8.973381042480469,1.7265050411224365,-0.6192626357078552,5748
627,41965,0.07370077818632126,0.06817218661308289,-20.8427677154541,0.00797300599515438,2.6426267623901367,-9.0,9.0,20.588058471679688,9.198136329650879,1.6375114917755127,-0.621738076210022,5749
628,41965,0.10833290964365005,0.09555116295814514,-21.223331451416016,0.007980369962751865,4.351217269897461,-9.0,9.0,21.186058044433594,9.71466064453125,1.602893590927124,-0.6447792053222656,5750
629,41965,0.06803153455257416,0.0791289210319519,-21.0935001373291,0.007987180724740028,0.9968769550323486,-9.0,9.0,20.955949783325195,9.298684120178223,1.563451886177063,-0.6430972814559937,5751
630,41965,0.10537338256835938,0.10026980191469193,-21.61249542236328,0.007993650622665882,1.9642373323440552,-9.0,9.0,21.24065589904785,9.317140579223633,1.6122418642044067,-0.6264687776565552,5752
631,41965,0.09528827667236328,0.08555544912815094,-22.270366668701172,0.007998927496373653,-3.2821333408355713,-9.0,9.0,22.07535171508789,9.662674903869629,1.4972869157791138,-0.6531449556350708,5753
632,41965,0.06428881734609604,0.07099183648824692,-20.578147888183594,0.008003990165889263,1.8068692684173584,-9.0,9.0,20.474163055419922,9.370180130004883,1.5775943994522095,-0.647191047668457,5754
633,41965,0.057721350342035294,0.07215306907892227,-20.79239845275879,0.008008590899407864,0.2212081402540207,-9.0,9.0,20.600378036499023,9.067953109741211,1.5778149366378784,-0.6427008509635925,5755
634,41965,0.07032743841409683,0.09075643867254257,-20.883563995361328,0.008012758567929268,0.12914979457855225,-9.0,9.0,20.57586097717285,9.27476692199707,1.5525436401367188,-0.6528647541999817,5756
635,41965,0.06214465945959091,0.06763535737991333,-21.855594635009766,0.008015899918973446,-3.6188719272613525,-9.0,9.0,21.645503997802734,8.93129825592041,1.4567385911941528,-0.6841722726821899,5757
636,41965,0.1180536225438118,0.11656919121742249,-20.989131927490234,0.00801878236234188,0.30861467123031616,-9.0,9.0,20.9909610748291,9.27587604522705,1.5539907217025757,-0.661105215549469,5758
637,41965,0.0907716229557991,0.0873916745185852,-21.1755313873291,0.00802147388458252,0.556869626045227,-9.0,9.0,20.992237091064453,9.014690399169922,1.5387533903121948,-0.6753645539283752,5759
638,41965,0.08649399131536484,0.08171990513801575,-21.079967498779297,0.008024136535823345,1.371072769165039,-9.0,9.0,20.775590896606445,8.981149673461914,1.5468615293502808,-0.6722569465637207,5760
639,41965,0.08011067658662796,0.06632165610790253,-21.654220581054688,0.00802673865109682,1.18461275100708,-9.0,9.0,21.4410457611084,9.461209297180176,1.551040768623352,-0.6778546571731567,5761
640,41965,0.08200012147426605,0.0767914429306984,-20.830411911010742,0.008029881864786148,4.676395416259766,-9.0,9.0,20.75060272216797,9.237421035766602,1.6233137845993042,-0.661845862865448,5762
641,41965,0.08390501141548157,0.08607454597949982,-20.493980407714844,0.008033390156924725,3.9508326053619385,-9.0,9.0,20.37099838256836,8.993831634521484,1.6068599224090576,-0.6756729483604431,5763
642,41965,0.0928526520729065,0.08426383137702942,-20.512880325317383,0.008037232793867588,3.989393711090088,-9.0,9.0,20.249500274658203,9.071454048156738,1.5884138345718384,-0.6711620092391968,5764
643,41965,0.07414138317108154,0.0716823861002922,-19.74715232849121,0.008041518740355968,5.584412097930908,-9.0,9.0,19.635826110839844,8.61176872253418,1.6176005601882935,-0.660880982875824,5765
644,41965,0.07944195717573166,0.074701227247715,-21.296199798583984,0.008045787923038006,2.349656105041504,-9.0,9.0,21.202068328857422,9.66935920715332,1.5436474084854126,-0.6704885363578796,5766
645,41965,0.06280164420604706,0.056043174117803574,-21.042360305786133,0.008050031960010529,2.3196685314178467,-9.0,9.0,20.896215438842773,9.035004615783691,1.579091191291809,-0.6600739359855652,5767
646,41965,0.06449035555124283,0.06733737885951996,-20.659561157226562,0.008053837344050407,-0.12841862440109253,-9.0,9.0,20.452857971191406,8.745823860168457,1.5713059902191162,-0.6470993757247925,5768
647,41965,0.07933348417282104,0.07410386204719543,-21.706714630126953,0.008057182654738426,-0.4849299192428589,-9.0,9.0,21.5328369140625,9.553620338439941,1.5320411920547485,-0.6584168672561646,5769
648,41965,0.08337974548339844,0.07611313462257385,-21.022624969482422,0.008059530518949032,-3.8541693687438965,-9.0,9.0,20.866870880126953,9.72082805633545,1.4873358011245728,-0.6477317214012146,5770
649,41965,0.08492812514305115,0.07901834696531296,-20.832990646362305,0.008060810156166553,-4.823363304138184,-9.0,9.0,20.579275131225586,8.964167594909668,1.4791756868362427,-0.6335368156433105,5771
650,41965,0.07641381770372391,0.06733883917331696,-20.277069091796875,0.008061129599809647,-5.184588432312012,-9.0,9.0,20.081727981567383,9.343955993652344,1.4933768510818481,-0.6235639452934265,5772
651,41965,0.09272269904613495,0.09096972644329071,-20.965784072875977,0.008061583153903484,0.9585263729095459,-9.0,9.0,20.89937973022461,8.797578811645508,1.5450105667114258,-0.641158401966095,5773
652,41965,0.07271873205900192,0.0734623372554779,-20.321964263916016,0.008061164058744907,-4.778680801391602,-9.0,9.0,20.151161193847656,9.2151517868042,1.484374761581421,-0.634303867816925,5774
653,41965,0.08615627139806747,0.0827423483133316,-20.8704891204834,0.008060303516685963,-2.79683518409729,-9.0,9.0,20.58258056640625,9.72896957397461,1.5201114416122437,-0.6444210410118103,5775
654,41965,0.12439578771591187,0.1078541949391365,-20.678298950195312,0.008059322834014893,-1.1716365814208984,-9.0,9.0,20.572866439819336,9.896297454833984,1.5257272720336914,-0.6448971629142761,5776
655,41965,0.10615135729312897,0.10443150252103806,-20.62628936767578,0.008058312349021435,-0.7527164220809937,-9.0,9.0,20.532398223876953,9.399018287658691,1.5400056838989258,-0.6443313360214233,5777
656,41965,0.06362215429544449,0.06732922792434692,-20.388992309570312,0.00805757474154234,1.0127856731414795,-9.0,9.0,20.096790313720703,8.870537757873535,1.54587721824646,-0.6501713395118713,5778
657,41965,0.08335543423891068,0.0746195837855339,-21.886547088623047,0.008056952618062496,0.22722113132476807,-9.0,9.0,21.581989288330078,9.94904899597168,1.5360229015350342,-0.6687003970146179,5779
658,41965,0.0900651216506958,0.07789331674575806,-20.362634658813477,0.008057213388383389,4.732767581939697,-9.0,9.0,20.305803298950195,8.859724044799805,1.621660590171814,-0.6557642817497253,5780
659,41965,0.08709368854761124,0.09777664393186569,-21.28609848022461,0.008057493716478348,0.2581714391708374,-9.0,9.0,21.205345153808594,9.516627311706543,1.560982346534729,-0.6730486154556274,5781
660,41965,0.10220854729413986,0.09180468320846558,-21.0143985748291,0.008058585226535797,6.761162757873535,-9.0,9.0,20.65360450744629,8.744290351867676,1.6642696857452393,-0.663176953792572,5782
661,41965,0.08451224863529205,0.07854976505041122,-21.303627014160156,0.00805941503494978,-0.8728603720664978,-9.0,9.0,21.040733337402344,9.304899215698242,1.5143669843673706,-0.6840044260025024,5783
662,41965,0.08350486308336258,0.0817423164844513,-21.68400764465332,0.00806014146655798,-0.1301136016845703,-9.0,9.0,21.588918685913086,9.71943187713623,1.5341638326644897,-0.6811956763267517,5784
663,41965,0.06943795084953308,0.07970717549324036,-20.042970657348633,0.008060376159846783,-2.3917927742004395,-9.0,9.0,19.937728881835938,8.903068542480469,1.497320532798767,-0.6710705757141113,5785
664,41965,0.08508146554231644,0.0842457041144371,-20.701793670654297,0.008061140775680542,3.1644818782806396,-9.0,9.0,20.446720123291016,9.011096000671387,1.6056163311004639,-0.6702245473861694,5786
665,41965,0.08099097013473511,0.07481221854686737,-21.58122444152832,0.008062036707997322,1.180288553237915,-9.0,9.0,21.33015251159668,9.40772533416748,1.5519098043441772,-0.6953350305557251,5787
666,41965,0.07130897045135498,0.06979493051767349,-21.05727767944336,0.008062643930315971,-1.1465435028076172,-9.0,9.0,20.881227493286133,9.831840515136719,1.5299224853515625,-0.6845671534538269,5788
667,41965,0.06116783991456032,0.06494009494781494,-19.890745162963867,0.00806326325982809,0.40966421365737915,-9.0,9.0,19.812206268310547,9.008878707885742,1.5541057586669922,-0.6779711842536926,5789
668,41965,0.06002488732337952,0.05446185916662216,-21.494140625,0.008063997142016888,1.010836124420166,-9.0,9.0,21.294641494750977,9.44773006439209,1.5704149007797241,-0.6739610433578491,5790
669,41965,0.09457321465015411,0.0961257591843605,-21.423559188842773,0.008065082132816315,2.408127546310425,-9.0,9.0,21.14202880859375,8.961845397949219,1.5625934600830078,-0.6972363591194153,5791
670,41965,0.08802393823862076,0.08556576073169708,-21.66961669921875,0.008066508919000626,2.559511184692383,-9.0,9.0,21.46746063232422,9.497210502624512,1.5644201040267944,-0.681355893611908,5792
671,41965,0.08573512732982635,0.08612260967493057,-21.139463424682617,0.008067989721894264,1.109642505645752,-9.0,9.0,21.078550338745117,8.965274810791016,1.5551698207855225,-0.6839404702186584,5793
672,41965,0.08297449350357056,0.09394028782844543,-21.293180465698242,0.008069421164691448,0.5548391342163086,-9.0,9.0,21.18184471130371,9.61369800567627,1.5328609943389893,-0.6953000426292419,5794
673,41965,0.14697811007499695,0.185891792178154,-21.668771743774414,0.00807024072855711,-2.6610803604125977,-9.0,9.0,21.29414939880371,9.759636878967285,1.5152944326400757,-0.6825385689735413,5795
674,41965,0.06046357750892639,0.07936017215251923,-20.461233139038086,0.008071464486420155,2.76310396194458,-9.0,9.0,20.20473861694336,9.123759269714355,1.5789210796356201,-0.670320987701416,5796
675,41965,0.10600525140762329,0.13761848211288452,-21.739294052124023,0.008072180673480034,-2.1997551918029785,-9.0,9.0,21.767438888549805,8.830606460571289,1.5129927396774292,-0.6883299946784973,5797
676,41965,0.0670863538980484,0.07638343423604965,-21.059555053710938,0.00807261560112238,-1.1784133911132812,-9.0,9.0,20.89080810546875,8.786500930786133,1.4922491312026978,-0.6712836027145386,5798
677,41965,0.08829214423894882,0.10040608793497086,-21.34186553955078,0.008073065429925919,0.3239783048629761,-9.0,9.0,20.95079231262207,9.200511932373047,1.559660792350769,-0.6561683416366577,5799
678,41965,0.07030565291643143,0.07054267078638077,-21.26542854309082,0.008072965778410435,-2.862027406692505,-9.0,9.0,21.06117820739746,8.896455764770508,1.512320876121521,-0.6752219200134277,5800
679,41965,0.08681998401880264,0.09297293424606323,-22.155712127685547,0.008072592318058014,-1.5924441814422607,-9.0,9.0,22.056961059570312,9.363163948059082,1.506365180015564,-0.681792676448822,5801
680,41965,0.0749969333410263,0.0723116397857666,-20.359031677246094,0.008072507567703724,1.4230992794036865,-9.0,9.0,20.152591705322266,8.974825859069824,1.5647679567337036,-0.6647019386291504,5802
681,41965,0.09238361567258835,0.08572505414485931,-21.16466522216797,0.008072199299931526,-1.313507318496704,-9.0,9.0,20.85627555847168,9.221055030822754,1.5259501934051514,-0.6652551293373108,5803
682,41965,0.06788983941078186,0.07774022966623306,-21.142536163330078,0.00807203445583582,0.6217894554138184,-9.0,9.0,20.929895401000977,9.060731887817383,1.563477873802185,-0.6523140072822571,5804
683,41965,0.0876292884349823,0.08564946055412292,-20.526119232177734,0.008072738535702229,4.858670234680176,-9.0,9.0,20.371501922607422,9.264487266540527,1.6221615076065063,-0.6565132737159729,5805
684,41965,0.0648154690861702,0.06846294552087784,-22.345945358276367,0.008073331788182259,-0.24337255954742432,-9.0,9.0,22.159635543823242,9.00125789642334,1.5441523790359497,-0.6749707460403442,5806
685,41965,0.057771649211645126,0.05229760706424713,-20.605106353759766,0.008074282668530941,2.345701217651367,-9.0,9.0,20.374557495117188,8.986127853393555,1.602310061454773,-0.65457683801651,5807
686,41965,0.0862027034163475,0.0802154541015625,-21.774253845214844,0.008075091056525707,-0.2805209457874298,-9.0,9.0,21.669492721557617,9.438045501708984,1.5181424617767334,-0.6782597303390503,5808
687,41965,0.0802399218082428,0.07257377356290817,-20.54306983947754,0.008076673373579979,5.895059585571289,-9.0,9.0,20.369895935058594,9.093426704406738,1.6301754713058472,-0.6535745859146118,5809
688,41965,0.09012535959482193,0.09416887909173965,-20.9538516998291,0.008078144863247871,0.24895018339157104,-9.0,9.0,20.750709533691406,8.952381134033203,1.567828893661499,-0.629951536655426,5810
689,41965,0.07065540552139282,0.05807521566748619,-20.806903839111328,0.00808005966246128,3.3043317794799805,-9.0,9.0,20.506771087646484,9.135040283203125,1.5969606637954712,-0.638434112071991,5811
690,41965,0.09492132812738419,0.08635888248682022,-20.62242317199707,0.008082626387476921,4.712284564971924,-9.0,9.0,20.486194610595703,9.278059959411621,1.6114331483840942,-0.6318858861923218,5812
691,41965,0.05973997712135315,0.0669320672750473,-20.606266021728516,0.008085131645202637,1.086522102355957,-9.0,9.0,20.459396362304688,9.485224723815918,1.5689140558242798,-0.6506825089454651,5813
692,41965,0.05045049637556076,0.07521966844797134,-20.410682678222656,0.00808778777718544,2.221236228942871,-9.0,9.0,20.297584533691406,8.721853256225586,1.593605637550354,-0.61970454454422,5814
693,41965,0.07452820241451263,0.06730283051729202,-21.4732666015625,0.008089820854365826,-2.0025384426116943,-9.0,9.0,21.181041717529297,9.621746063232422,1.5159059762954712,-0.6557641625404358,5815
694,41965,0.08515962213277817,0.08848918974399567,-20.565515518188477,0.008092069998383522,2.3280606269836426,-9.0,9.0,20.30597686767578,9.078691482543945,1.611512541770935,-0.6246023774147034,5816
695,41965,0.0936863049864769,0.08621534705162048,-20.972923278808594,0.008093992248177528,-0.5860646367073059,-9.0,9.0,20.8826904296875,9.225085258483887,1.539548635482788,-0.6286196112632751,5817
696,41965,0.05223338305950165,0.07709769904613495,-21.090084075927734,0.008096134290099144,2.279080867767334,-9.0,9.0,20.979806900024414,9.006742477416992,1.590627670288086,-0.6426640748977661,5818
697,41965,0.09217880666255951,0.07667392492294312,-21.34684944152832,0.008097539655864239,-2.8976101875305176,-9.0,9.0,21.06036376953125,9.234872817993164,1.5196713209152222,-0.6482594609260559,5819
698,41965,2.928705930709839,2.864833354949951,-22.7137451171875,0.008098713122308254,-0.5157554149627686,-9.0,9.0,22.594839096069336,9.770462036132812,1.5256494283676147,-0.675189197063446,5820
699,41965,0.07659988850355148,0.08325827121734619,-22.80331039428711,0.0080993277952075,-2.4729421138763428,-9.0,9.0,22.514671325683594,10.016797065734863,1.479156732559204,-0.678115963935852,5821
700,41965,0.10650551319122314,0.11625952273607254,-21.621055603027344,0.008100111968815327,1.2952836751937866,-9.0,9.0,21.433439254760742,9.828226089477539,1.5720638036727905,-0.6636951565742493,5822
701,41965,0.13915228843688965,0.11818521469831467,-20.745519638061523,0.008100664243102074,-0.8565680980682373,-9.0,9.0,20.61840057373047,9.03792667388916,1.5363305807113647,-0.6480640172958374,5823
702,41965,0.11221300810575485,0.10206954926252365,-21.731239318847656,0.008100439794361591,-4.003708839416504,-9.0,9.0,21.559829711914062,9.60797119140625,1.4780044555664062,-0.6728684306144714,5824
703,41965,0.15920381247997284,0.13950221240520477,-21.005983352661133,0.008099968545138836,-1.4767273664474487,-9.0,9.0,20.56987953186035,9.08338737487793,1.5562535524368286,-0.6570544838905334,5825
704,41965,0.09572504460811615,0.09396868944168091,-20.908536911010742,0.008099103346467018,-2.43707275390625,-9.0,9.0,20.73133087158203,9.256438255310059,1.5034724473953247,-0.6702945828437805,5826
705,41965,0.1333433985710144,0.10944124311208725,-20.76405906677246,0.008097651414573193,-3.7287840843200684,-9.0,9.0,20.741872787475586,9.183969497680664,1.5004730224609375,-0.6613038182258606,5827
706,41965,0.09966813027858734,0.0888318195939064,-20.024934768676758,0.008095983415842056,-1.985884666442871,-9.0,9.0,19.919700622558594,8.831947326660156,1.5342479944229126,-0.6615177989006042,5828
707,41965,0.15995268523693085,0.13838781416416168,-21.5191650390625,0.00809419620782137,-1.5823094844818115,-9.0,9.0,21.194353103637695,9.099397659301758,1.5403236150741577,-0.6780533194541931,5829
708,41965,0.09675334393978119,0.08626215159893036,-21.209901809692383,0.00809190422296524,-3.760793447494507,-9.0,9.0,21.0279541015625,8.94999885559082,1.4596073627471924,-0.6811546683311462,5830
709,41965,0.11959587782621384,0.10025174915790558,-21.219406127929688,0.008089384995400906,-2.5208890438079834,-9.0,9.0,21.23133087158203,9.185267448425293,1.509325385093689,-0.6943795084953308,5831
710,41965,0.1084945797920227,0.09769193828105927,-21.042354583740234,0.00808722898364067,0.6234713196754456,-9.0,9.0,20.91163444519043,9.08495807647705,1.5566637516021729,-0.6860182881355286,5832
711,41965,0.12368589639663696,0.11014749109745026,-20.961257934570312,0.008086021989583969,4.039167404174805,-9.0,9.0,20.663105010986328,9.387106895446777,1.5919982194900513,-0.6847238540649414,5833
712,41965,0.09333662688732147,0.08432751148939133,-22.12947654724121,0.008085258305072784,1.7845234870910645,-9.0,9.0,21.866180419921875,9.54733657836914,1.5567562580108643,-0.6944297552108765,5834
713,41965,0.1334695965051651,0.09559185057878494,-21.612060546875,0.008084329776465893,-1.3193628787994385,-9.0,9.0,21.53643798828125,8.946359634399414,1.5143470764160156,-0.6933917999267578,5835
714,41965,0.15753620862960815,0.15159258246421814,-21.087730407714844,0.008083628490567207,0.7446682453155518,-9.0,9.0,20.89069366455078,9.1245756149292,1.5531450510025024,-0.6797670125961304,5836
715,41965,0.14699894189834595,0.10877639800310135,-21.955951690673828,0.008083554916083813,3.061446189880371,-9.0,9.0,21.5311279296875,9.236361503601074,1.579710602760315,-0.7051438093185425,5837
716,41965,0.06629398465156555,0.06456370651721954,-21.09766387939453,0.008084048517048359,3.0839884281158447,-9.0,9.0,20.85750389099121,9.11474609375,1.577392339706421,-0.6886076927185059,5838
717,41965,0.12268431484699249,0.0963638499379158,-20.89425277709961,0.008085370995104313,6.078336715698242,-9.0,9.0,20.823984146118164,9.289532661437988,1.6133995056152344,-0.6978772878646851,5839
718,41965,0.07912130653858185,0.0816400945186615,-21.494829177856445,0.008087221533060074,3.6375198364257812,-9.0,9.0,21.308420181274414,9.28230094909668,1.5761611461639404,-0.6856994032859802,5840
719,41965,0.09500858187675476,0.08520016074180603,-21.536130905151367,0.008089766837656498,6.193398475646973,-9.0,9.0,21.218664169311523,9.152447700500488,1.6210689544677734,-0.6985317468643188,5841
720,41965,0.08073145151138306,0.08094830811023712,-22.008955001831055,0.008092934265732765,4.994413375854492,-9.0,9.0,21.786415100097656,9.913281440734863,1.6060420274734497,-0.7036015391349792,5842
721,41965,0.1377222090959549,0.14289100468158722,-20.414793014526367,0.008096663281321526,10.150430679321289,-9.0,9.0,20.207651138305664,9.26308536529541,1.719444990158081,-0.6852113604545593,5843
722,41965,0.1314108967781067,0.15464502573013306,-22.18718719482422,0.008100899867713451,8.435662269592285,-9.0,9.0,21.923315048217773,9.789155960083008,1.6288303136825562,-0.7164008021354675,5844
723,41965,0.08323384076356888,0.0871346965432167,-21.725915908813477,0.008105590008199215,7.717206954956055,-9.0,9.0,21.462310791015625,9.080093383789062,1.6450226306915283,-0.7031093835830688,5845
724,41965,0.09517866373062134,0.08330311626195908,-20.321937561035156,0.008110693655908108,8.208889961242676,-9.0,9.0,20.124595642089844,8.161236763000488,1.6681753396987915,-0.6780936121940613,5846
725,41965,0.06512444466352463,0.0740547627210617,-22.381589889526367,0.008116167970001698,8.308438301086426,-9.0,9.0,22.153451919555664,9.280104637145996,1.6366426944732666,-0.7179161906242371,5847
726,41965,0.07415119558572769,0.07413425296545029,-22.11220932006836,0.008121801540255547,3.851956605911255,-9.0,9.0,21.97431182861328,9.29124927520752,1.5681581497192383,-0.7162640690803528,5848
727,41965,0.06548135727643967,0.07233288139104843,-21.722023010253906,0.008127755485475063,7.594767093658447,-9.0,9.0,21.488019943237305,9.6239595413208,1.6501388549804688,-0.7031834721565247,5849
728,41965,0.06743323057889938,0.06309691816568375,-21.208986282348633,0.008133998140692711,7.5233540534973145,-9.0,9.0,20.928848266601562,9.660760879516602,1.6130828857421875,-0.7064532041549683,5850
729,41965,0.06747481226921082,0.06843636184930801,-21.64253044128418,0.008140500634908676,5.759486198425293,-9.0,9.0,21.423492431640625,9.163619995117188,1.6030374765396118,-0.7159940600395203,5851
730,41965,0.09455500543117523,0.09000564366579056,-21.212770462036133,0.00814723875373602,10.156597137451172,-9.0,9.0,21.066205978393555,8.885132789611816,1.694775938987732,-0.7004130482673645,5852
731,41965,0.06409180164337158,0.06802301853895187,-20.91046905517578,0.00815416406840086,4.670985221862793,-9.0,9.0,20.734167098999023,8.992656707763672,1.6033180952072144,-0.7074069976806641,5853
732,41965,0.06499285250902176,0.07123436778783798,-20.951709747314453,0.00816128309816122,6.630221366882324,-9.0,9.0,20.718822479248047,9.03600788116455,1.6589405536651611,-0.7005890011787415,5854
733,41965,0.088319331407547,0.07758750021457672,-20.645099639892578,0.008168579079210758,6.714035511016846,-9.0,9.0,20.427656173706055,9.200685501098633,1.6383980512619019,-0.6866515874862671,5855
734,41965,0.06114402413368225,0.06363163143396378,-21.22233772277832,0.008175901137292385,4.05927038192749,-9.0,9.0,21.070133209228516,9.212721824645996,1.5978772640228271,-0.6925501823425293,5856
735,41965,0.08929477632045746,0.10129784047603607,-22.191329956054688,0.008183377794921398,5.960455417633057,-9.0,9.0,21.98807716369629,9.139559745788574,1.5991963148117065,-0.7118104696273804,5857
736,41965,0.12569719552993774,0.10441774874925613,-21.504878997802734,0.00819029938429594,0.9694927334785461,-9.0,9.0,21.184860229492188,9.231958389282227,1.5474334955215454,-0.7057590484619141,5858
737,41965,0.07973023504018784,0.08334124833345413,-21.400875091552734,0.008196390233933926,-0.8140457272529602,-9.0,9.0,21.186363220214844,8.743769645690918,1.5322843790054321,-0.7027286887168884,5859
738,41965,0.10992808640003204,0.0997764840722084,-21.37261962890625,0.008202716708183289,4.552648067474365,-9.0,9.0,21.282833099365234,9.530496597290039,1.5861526727676392,-0.7060689330101013,5860
739,41965,0.08639637380838394,0.11311955749988556,-21.470909118652344,0.008209305815398693,6.681950569152832,-9.0,9.0,21.27881622314453,9.499056816101074,1.6213418245315552,-0.6934431195259094,5861
740,41965,0.08518722653388977,0.08156269043684006,-21.261932373046875,0.008215646259486675,2.1742095947265625,-9.0,9.0,20.98823356628418,8.498833656311035,1.5651932954788208,-0.6828614473342896,5862
741,41965,0.0761597603559494,0.07454542815685272,-21.526573181152344,0.00822204165160656,3.682626247406006,-9.0,9.0,21.33002281188965,9.175202369689941,1.58188796043396,-0.6778972744941711,5863
742,41965,0.11898954212665558,0.10547740757465363,-21.444889068603516,0.008227532729506493,-1.476219892501831,-9.0,9.0,21.353702545166016,9.520486831665039,1.512981653213501,-0.6796704530715942,5864
743,41965,0.04941251873970032,0.04918859526515007,-21.498321533203125,0.00823303498327732,2.9762356281280518,-9.0,9.0,21.335582733154297,9.65945816040039,1.5854486227035522,-0.6732520461082458,5865
744,41965,0.09799549728631973,0.10660324990749359,-21.434362411499023,0.008237781934440136,-1.1466286182403564,-9.0,9.0,21.17959213256836,8.812993049621582,1.5099952220916748,-0.6691851019859314,5866
745,41965,0.06625358760356903,0.07265525311231613,-21.143760681152344,0.008241801522672176,-1.3780624866485596,-9.0,9.0,20.97334098815918,8.975217819213867,1.547009825706482,-0.6614130735397339,5867
746,41965,0.069829560816288,0.07112663984298706,-21.038663864135742,0.008245205506682396,-1.1586060523986816,-9.0,9.0,20.904993057250977,8.974873542785645,1.5322481393814087,-0.6580405831336975,5868
747,41965,0.07027207314968109,0.08172454684972763,-20.903928756713867,0.008247372694313526,-5.4233880043029785,-9.0,9.0,20.76988410949707,9.183274269104004,1.4521284103393555,-0.6567032933235168,5869
748,41965,0.08261600136756897,0.0789334625005722,-21.317296981811523,0.00824874546378851,-3.0907375812530518,-9.0,9.0,21.02947998046875,9.45163345336914,1.5045890808105469,-0.6588512659072876,5870
749,41965,0.0924285352230072,0.08150122314691544,-21.61656951904297,0.008249271661043167,-3.782306671142578,-9.0,9.0,21.37224578857422,9.438061714172363,1.4622485637664795,-0.6609687805175781,5871
750,41965,0.06334464251995087,0.0686027854681015,-20.813737869262695,0.008249524049460888,-1.197378158569336,-9.0,9.0,20.656164169311523,9.001224517822266,1.511975646018982,-0.6547859311103821,5872
751,41965,0.15197007358074188,0.1056748777627945,-22.672574996948242,0.008249138481914997,-3.2455451488494873,-9.0,9.0,22.48175621032715,9.99173641204834,1.4638298749923706,-0.6849565505981445,5873
752,41965,0.12946651875972748,0.10787910968065262,-21.875476837158203,0.008248131722211838,-3.5335426330566406,-9.0,9.0,21.693641662597656,9.636697769165039,1.4987165927886963,-0.6605731844902039,5874
753,41965,0.06831509619951248,0.06634452193975449,-20.57293701171875,0.008247585035860538,1.9185237884521484,-9.0,9.0,20.36849021911621,8.43803882598877,1.5732181072235107,-0.6454553008079529,5875
754,41965,0.07780486345291138,0.07091064006090164,-21.33438491821289,0.008247132413089275,0.2279413342475891,-9.0,9.0,21.072555541992188,9.478184700012207,1.5545217990875244,-0.6732850670814514,5876
755,41965,0.0844540148973465,0.0837915912270546,-22.907136917114258,0.008246121928095818,-3.225412130355835,-9.0,9.0,22.67417335510254,9.569557189941406,1.4726532697677612,-0.6847460865974426,5877
756,41965,0.06147376820445061,0.06251689791679382,-21.127954483032227,0.00824563018977642,2.226609706878662,-9.0,9.0,20.969074249267578,8.617704391479492,1.5962255001068115,-0.6662405729293823,5878
757,41965,0.06696784496307373,0.06622042506933212,-21.524124145507812,0.008244957774877548,-1.2148196697235107,-9.0,9.0,21.262737274169922,9.700835227966309,1.5176427364349365,-0.6772492527961731,5879
758,41965,0.06492865085601807,0.07211139798164368,-21.79558563232422,0.00824434868991375,-0.02543354034423828,-9.0,9.0,21.55206871032715,8.948081970214844,1.5192762613296509,-0.6960515379905701,5880
759,41965,0.06482929736375809,0.062169358134269714,-21.92852783203125,0.008243842050433159,0.2195025384426117,-9.0,9.0,21.723758697509766,9.290298461914062,1.533503532409668,-0.7096896767616272,5881
760,41965,0.10022090375423431,0.09855849295854568,-21.878925323486328,0.008244014345109463,3.3496406078338623,-9.0,9.0,21.766178131103516,9.558741569519043,1.5717954635620117,-0.6910191178321838,5882
761,41965,0.07480765879154205,0.07596230506896973,-20.593446731567383,0.008245076052844524,8.68931770324707,-9.0,9.0,20.283443450927734,9.182207107543945,1.6675208806991577,-0.6777463555335999,5883
762,41965,0.07564322650432587,0.07313627749681473,-21.822433471679688,0.008246428333222866,2.1020004749298096,-9.0,9.0,21.541122436523438,9.095616340637207,1.5611904859542847,-0.6973137259483337,5884
763,41965,0.0676245167851448,0.07112757116556168,-21.460071563720703,0.008248202502727509,2.9260945320129395,-9.0,9.0,21.335289001464844,9.061481475830078,1.5568400621414185,-0.7046143412590027,5885
764,41965,0.07609865069389343,0.07277419418096542,-20.920059204101562,0.008250534534454346,3.8996448516845703,-9.0,9.0,20.78310775756836,8.78636646270752,1.6081035137176514,-0.6785775423049927,5886
765,41965,0.06243066117167473,0.06317440420389175,-22.061750411987305,0.00825326144695282,3.305785894393921,-9.0,9.0,21.82084083557129,9.283333778381348,1.5670297145843506,-0.7086039781570435,5887
766,41965,0.07806017994880676,0.06592944264411926,-20.77634620666504,0.008256623521447182,6.263478755950928,-9.0,9.0,20.46552276611328,8.873491287231445,1.6486080884933472,-0.672697126865387,5888
767,41965,0.07888294756412506,0.07312160730361938,-20.754487991333008,0.008260068483650684,2.2014482021331787,-9.0,9.0,20.60636329650879,8.66736125946045,1.5886738300323486,-0.6724482178688049,5889
768,41965,0.08347228914499283,0.07295022904872894,-21.764158248901367,0.008263669908046722,2.6177992820739746,-9.0,9.0,21.661222457885742,8.864035606384277,1.5626455545425415,-0.6733877062797546,5890
769,41965,0.0634654313325882,0.05839785933494568,-21.304798126220703,0.008267216384410858,1.576812744140625,-9.0,9.0,21.046165466308594,8.742637634277344,1.572113275527954,-0.6603823304176331,5891
770,41965,0.12280818819999695,0.0926257073879242,-21.813894271850586,0.008270232938230038,-0.9432253241539001,-9.0,9.0,21.56033706665039,9.275842666625977,1.5528377294540405,-0.658023476600647,5892
771,41965,0.06802017986774445,0.06644372642040253,-21.871383666992188,0.008272958919405937,0.03197288513183594,-9.0,9.0,21.76235580444336,8.798094749450684,1.5463755130767822,-0.6576318740844727,5893
772,41965,0.050155457109212875,0.054151751101017,-21.7681827545166,0.008274966850876808,-2.3452816009521484,-9.0,9.0,21.61794662475586,9.414131164550781,1.5169298648834229,-0.6532944440841675,5894
773,41965,0.08702173829078674,0.08256527781486511,-20.719581604003906,0.008276928216218948,0.8055360317230225,-9.0,9.0,20.43096160888672,8.904528617858887,1.5879547595977783,-0.6192545294761658,5895
774,41965,0.09947614371776581,0.09200620651245117,-22.385202407836914,0.008278672583401203,-0.10928446054458618,-9.0,9.0,22.101518630981445,9.81086254119873,1.5577565431594849,-0.6532461047172546,5896
775,41965,0.07794594764709473,0.07344486564397812,-20.770217895507812,0.008280236274003983,-0.054587095975875854,-9.0,9.0,20.540447235107422,8.716850280761719,1.5561240911483765,-0.6257862448692322,5897
776,41965,0.07491513341665268,0.06642860174179077,-22.25414276123047,0.008281436748802662,-1.08457612991333,-9.0,9.0,22.036405563354492,9.586283683776855,1.5221807956695557,-0.6464567184448242,5898
777,41965,0.08213897049427032,0.06765978783369064,-21.842761993408203,0.008282202295958996,-1.6351654529571533,-9.0,9.0,21.598905563354492,9.220016479492188,1.532348871231079,-0.6445183753967285,5899
778,41965,0.056852832436561584,0.05698862299323082,-21.942243576049805,0.008283079601824284,0.956007719039917,-9.0,9.0,21.71408462524414,8.646479606628418,1.5761293172836304,-0.6506910920143127,5900
779,41965,0.0941072404384613,0.08436387777328491,-21.41376495361328,0.008283331990242004,-2.7945730686187744,-9.0,9.0,21.2312068939209,9.275374412536621,1.5054277181625366,-0.6531527638435364,5901
780,41965,0.1993548572063446,0.17984557151794434,-20.964252471923828,0.008284292183816433,3.826650619506836,-9.0,9.0,20.708005905151367,9.760845184326172,1.616687536239624,-0.6522244215011597,5902
781,41965,0.08447325229644775,0.08436939120292664,-22.82793426513672,0.00828541349619627,1.3196678161621094,-9.0,9.0,22.606826782226562,9.505892753601074,1.5382832288742065,-0.6729157567024231,5903
782,41965,0.05932144448161125,0.05502484738826752,-21.25883674621582,0.008287093602120876,3.493908405303955,-9.0,9.0,21.047731399536133,8.630126953125,1.6225539445877075,-0.654375433921814,5904
783,41965,0.08514584600925446,0.08262710273265839,-21.3170108795166,0.008289528079330921,5.483263969421387,-9.0,9.0,21.13618278503418,9.611069679260254,1.619840383529663,-0.6628605723381042,5905
784,41965,0.06179916858673096,0.060464873909950256,-22.967966079711914,0.008291710168123245,-0.06083554029464722,-9.0,9.0,22.677125930786133,9.2672119140625,1.5502033233642578,-0.6757586598396301,5906
785,41965,0.06744805723428726,0.06585735082626343,-22.358726501464844,0.008293493650853634,-0.9505712985992432,-9.0,9.0,22.131616592407227,9.940679550170898,1.5145771503448486,-0.6820853352546692,5907
786,41965,0.0667053684592247,0.07584326714277267,-21.42698097229004,0.008295518346130848,2.164325475692749,-9.0,9.0,21.168964385986328,9.44340705871582,1.567015528678894,-0.6862183809280396,5908
787,41965,0.07270780205726624,0.07708092033863068,-21.632619857788086,0.008297503925859928,0.8447192907333374,-9.0,9.0,21.4920654296875,8.835262298583984,1.5660864114761353,-0.689290463924408,5909
788,41965,0.06215644255280495,0.06672642379999161,-21.327661514282227,0.00829954631626606,1.2954022884368896,-9.0,9.0,21.15007781982422,9.016700744628906,1.569534182548523,-0.6932043433189392,5910
789,41965,0.09724834561347961,0.08633025735616684,-21.821746826171875,0.008302063681185246,3.512270927429199,-9.0,9.0,21.524147033691406,9.514370918273926,1.5551670789718628,-0.7018763422966003,5911
790,41965,0.09108226746320724,0.07781019806861877,-21.384061813354492,0.008305259048938751,5.720363140106201,-9.0,9.0,21.23954963684082,9.482684135437012,1.609771728515625,-0.7033060789108276,5912
791,41965,0.07889912277460098,0.07543998211622238,-22.23697853088379,0.008308451622724533,1.6137640476226807,-9.0,9.0,22.099760055541992,8.635000228881836,1.574601411819458,-0.6983608603477478,5913
792,41965,0.10925357788801193,0.09950768202543259,-21.7264347076416,0.008312049321830273,3.7302002906799316,-9.0,9.0,21.44536590576172,9.331823348999023,1.5697050094604492,-0.7066195607185364,5914
793,41965,0.08847170323133469,0.08759713917970657,-21.457944869995117,0.008315513841807842,1.1531835794448853,-9.0,9.0,21.1639404296875,9.338300704956055,1.5469944477081299,-0.7025286555290222,5915
794,41965,0.09925983846187592,0.07944640517234802,-23.03921127319336,0.00831772293895483,-4.689193248748779,-9.0,9.0,22.972942352294922,9.5297269821167,1.4287434816360474,-0.738376796245575,5916
795,41965,0.11913669109344482,0.12295486778020859,-22.583703994750977,0.00831912737339735,-3.005018472671509,-9.0,9.0,22.501373291015625,9.620514869689941,1.485098123550415,-0.7266751527786255,5917
796,41965,0.09087782353162766,0.07821425795555115,-21.766342163085938,0.00832019466906786,-1.0245094299316406,-9.0,9.0,21.502500534057617,9.140853881835938,1.5194231271743774,-0.7043429017066956,5918
797,41965,0.0835961103439331,0.09522140026092529,-22.98417091369629,0.008320856839418411,-1.5358343124389648,-9.0,9.0,22.741601943969727,9.452583312988281,1.4619642496109009,-0.7076029777526855,5919
798,41965,0.09595086425542831,0.08748581260442734,-21.028135299682617,0.008320984430611134,-2.3981070518493652,-9.0,9.0,20.898893356323242,8.309053421020508,1.5173529386520386,-0.6759858131408691,5920
799,41965,0.08776747435331345,0.0863952785730362,-21.158632278442383,0.008320503868162632,-3.047476053237915,-9.0,9.0,20.927570343017578,9.055841445922852,1.463659644126892,-0.6927066445350647,5921
800,41965,0.06593557447195053,0.07043890655040741,-22.079896926879883,0.00831913948059082,-6.441220283508301,-9.0,9.0,21.785694122314453,9.192330360412598,1.4250272512435913,-0.6910868883132935,5922
801,41965,0.1200530081987381,0.08533117920160294,-22.716785430908203,0.008317437954246998,-2.4098949432373047,-9.0,9.0,22.57854652404785,9.29697322845459,1.49248468875885,-0.7088523507118225,5923
802,41965,0.1276436448097229,0.14611601829528809,-22.533416748046875,0.00831497460603714,-5.033354759216309,-9.0,9.0,22.385879516601562,8.986664772033691,1.4506361484527588,-0.7063075304031372,5924
803,41965,0.09146246314048767,0.08572598546743393,-21.718460083007812,0.008312378078699112,-1.9506244659423828,-9.0,9.0,21.40158462524414,9.527131080627441,1.4777973890304565,-0.7084873914718628,5925
804,41965,0.07777845859527588,0.07478376477956772,-21.97016143798828,0.008309608325362206,-2.2117385864257812,-9.0,9.0,21.79721450805664,9.416311264038086,1.48546302318573,-0.7165991067886353,5926
805,41965,0.11782296746969223,0.08911608904600143,-21.955507278442383,0.008306569419801235,-2.7859861850738525,-9.0,9.0,21.892627716064453,9.268570899963379,1.476279854774475,-0.7160963416099548,5927
806,41965,0.08882355690002441,0.07528847455978394,-21.437610626220703,0.008303821086883545,-0.06777963042259216,-9.0,9.0,21.242097854614258,9.058195114135742,1.5260781049728394,-0.6915671229362488,5928
807,41965,0.11621147394180298,0.11567819863557816,-21.29521942138672,0.008301394060254097,0.2452096939086914,-9.0,9.0,20.92247200012207,9.213616371154785,1.5610917806625366,-0.7023007273674011,5929
808,41965,0.08374684303998947,0.07556688040494919,-22.422260284423828,0.008298462256789207,-3.837692975997925,-9.0,9.0,22.334074020385742,9.51294994354248,1.4559768438339233,-0.7179315686225891,5930
809,41965,0.09192231297492981,0.10409523546695709,-21.167407989501953,0.008295965380966663,0.7496269941329956,-9.0,9.0,21.176809310913086,9.074844360351562,1.544674038887024,-0.716239869594574,5931
810,41965,0.20280323922634125,0.13503842055797577,-21.868745803833008,0.008293868973851204,0.7737046480178833,-9.0,9.0,21.616344451904297,9.229398727416992,1.538329839706421,-0.7026523351669312,5932
811,41965,0.09078860282897949,0.10201381146907806,-20.526826858520508,0.008292240090668201,1.3254425525665283,-9.0,9.0,20.22517967224121,8.569178581237793,1.583316683769226,-0.7016789317131042,5933
812,41965,0.061372309923172,0.05820915475487709,-20.41399383544922,0.008290579542517662,-0.9873758554458618,-9.0,9.0,20.209522247314453,8.580246925354004,1.5112911462783813,-0.6828607320785522,5934
813,41965,0.11947629600763321,0.11326544731855392,-21.458053588867188,0.008288753218948841,-1.691543698310852,-9.0,9.0,21.445510864257812,9.435824394226074,1.5086877346038818,-0.7217570543289185,5935
814,41965,0.08726545423269272,0.07837563008069992,-22.192489624023438,0.008287294767796993,0.9432231783866882,-9.0,9.0,21.922718048095703,9.06741714477539,1.5372117757797241,-0.7203040719032288,5936
815,41965,0.11458618938922882,0.10682524740695953,-20.90747833251953,0.008286654949188232,3.445754051208496,-9.0,9.0,20.532133102416992,8.59378433227539,1.5846385955810547,-0.6975502371788025,5937
816,41965,0.06825578212738037,0.06680163741111755,-22.035512924194336,0.00828591175377369,-0.8627691864967346,-9.0,9.0,21.86551284790039,9.173515319824219,1.5147721767425537,-0.72486811876297,5938
817,41965,0.10702978819608688,0.0832260474562645,-23.125289916992188,0.008284667506814003,-2.9337620735168457,-9.0,9.0,23.021953582763672,9.781447410583496,1.4588242769241333,-0.7344648241996765,5939
818,41965,0.081803098320961,0.06922002136707306,-20.638952255249023,0.008283277042210102,-1.3746002912521362,-9.0,9.0,20.409940719604492,8.393684387207031,1.5087480545043945,-0.6762645840644836,5940
819,41965,0.12808559834957123,0.12040343880653381,-22.477121353149414,0.008281784132122993,-1.2283209562301636,-9.0,9.0,22.046165466308594,9.020742416381836,1.5001962184906006,-0.7156830430030823,5941
820,41965,0.08244907855987549,0.05875081941485405,-20.468521118164062,0.008281290531158447,4.32636833190918,-9.0,9.0,20.28672218322754,9.027865409851074,1.5945535898208618,-0.7053269743919373,5942
821,41965,0.11635898798704147,0.11570053547620773,-20.452648162841797,0.00828124675899744,2.0523552894592285,-9.0,9.0,20.437721252441406,8.656352996826172,1.5832730531692505,-0.6972845196723938,5943
822,41965,0.07864223420619965,0.07180437445640564,-22.280261993408203,0.00828127097338438,0.3212873041629791,-9.0,9.0,22.05844497680664,9.609759330749512,1.5072392225265503,-0.72883141040802,5944
823,41965,0.10514707118272781,0.10758969187736511,-22.282194137573242,0.008281606249511242,1.582271695137024,-9.0,9.0,21.860389709472656,8.840069770812988,1.5625890493392944,-0.7323347926139832,5945
824,41965,0.08420978486537933,0.06889315694570541,-21.231754302978516,0.008282850496470928,5.00440788269043,-9.0,9.0,21.095911026000977,8.983062744140625,1.5962258577346802,-0.7143917679786682,5946
825,41965,0.1146877259016037,0.12093798816204071,-21.64919090270996,0.008284805342555046,4.2462286949157715,-9.0,9.0,21.62215232849121,9.298995971679688,1.6061067581176758,-0.7346860766410828,5947
826,41965,0.07378368824720383,0.06354804337024689,-22.239646911621094,0.008287476375699043,4.616803169250488,-9.0,9.0,21.962722778320312,8.933540344238281,1.5827564001083374,-0.7405683398246765,5948
827,41965,0.08899962902069092,0.08607147634029388,-22.296863555908203,0.008290065452456474,0.9397187232971191,-9.0,9.0,22.06369972229004,9.202018737792969,1.528805136680603,-0.7400979995727539,5949
828,41965,0.08524852991104126,0.06343434751033783,-20.905431747436523,0.0082929115742445,2.607882022857666,-9.0,9.0,20.886442184448242,8.749292373657227,1.5777162313461304,-0.7094098329544067,5950
829,41965,0.06754066050052643,0.07096561789512634,-22.228357315063477,0.008295356296002865,-0.6217246055603027,-9.0,9.0,22.152812957763672,9.444741249084473,1.5022951364517212,-0.7190359830856323,5951
830,41965,0.11298394203186035,0.08931079506874084,-21.954389572143555,0.008298022672533989,2.3540000915527344,-9.0,9.0,21.71468162536621,9.0650634765625,1.5545343160629272,-0.7054006457328796,5952
831,41965,0.06271734088659286,0.06653591245412827,-21.343250274658203,0.00830057542771101,0.7601362466812134,-9.0,9.0,21.152612686157227,9.269522666931152,1.5428202152252197,-0.6861814856529236,5953
832,41965,0.0690755695104599,0.05778118968009949,-21.065773010253906,0.008302249945700169,-3.162400007247925,-9.0,9.0,20.984811782836914,9.108135223388672,1.4732658863067627,-0.6916979551315308,5954
833,41965,0.09512218087911606,0.08731833100318909,-21.393247604370117,0.008302899077534676,-4.324172019958496,-9.0,9.0,21.31968879699707,9.35645866394043,1.4885722398757935,-0.6940848231315613,5955
834,41965,0.08820736408233643,0.07185037434101105,-22.200376510620117,0.008302534930408001,-6.76297664642334,-9.0,9.0,21.994447708129883,8.924335479736328,1.4346582889556885,-0.6813483834266663,5956
835,41965,0.08922800421714783,0.08830378204584122,-21.408140182495117,0.008301414549350739,-3.9979405403137207,-9.0,9.0,21.14570426940918,8.653037071228027,1.4620248079299927,-0.669770359992981,5957
836,41965,0.10850083082914352,0.07551313191652298,-21.512706756591797,0.008299455046653748,-6.82749605178833,-9.0,9.0,21.49166488647461,8.678715705871582,1.4483368396759033,-0.6822195053100586,5958
837,41965,0.0837416723370552,0.07790852338075638,-22.988731384277344,0.008296744897961617,-6.574139595031738,-9.0,9.0,22.84005355834961,9.521604537963867,1.3970415592193604,-0.704815685749054,5959
838,41965,0.11012452840805054,0.0954417958855629,-22.237079620361328,0.008293358609080315,-6.872435092926025,-9.0,9.0,21.893821716308594,8.684221267700195,1.422859787940979,-0.6960784196853638,5960
839,41965,0.06699903309345245,0.07399959117174149,-21.671817779541016,0.008289460092782974,-4.313769340515137,-9.0,9.0,21.519771575927734,8.598119735717773,1.4722310304641724,-0.6826967597007751,5961
840,41965,0.0860513225197792,0.07272475212812424,-21.814794540405273,0.008285011164844036,-5.343353748321533,-9.0,9.0,21.679500579833984,9.03884220123291,1.4534085988998413,-0.6930691599845886,5962
841,41965,0.09692785143852234,0.0952012687921524,-21.786849975585938,0.008280307054519653,-3.5350518226623535,-9.0,9.0,21.504865646362305,9.482014656066895,1.4833203554153442,-0.7052698135375977,5963
842,41965,0.10403060168027878,0.10369037836790085,-22.261255264282227,0.008276221342384815,0.7546151876449585,-9.0,9.0,22.02252197265625,9.19606876373291,1.524554967880249,-0.7032633423805237,5964
843,41965,0.09368186444044113,0.07576712220907211,-21.830686569213867,0.008272761479020119,1.096152424812317,-9.0,9.0,21.72669219970703,9.245975494384766,1.5451116561889648,-0.7128486633300781,5965
844,41965,2.134748935699463,2.0869717597961426,-21.925683975219727,0.008270596154034138,6.1260528564453125,-9.0,9.0,21.852550506591797,9.173937797546387,1.6181138753890991,-0.6994786858558655,5966
845,41965,0.13747549057006836,0.11606802046298981,-21.954875946044922,0.008269263431429863,3.122727870941162,-9.0,9.0,21.587871551513672,9.087356567382812,1.5915629863739014,-0.6964439153671265,5967
846,41965,0.07674901932477951,0.06776897609233856,-22.484127044677734,0.008268234319984913,0.8645102977752686,-9.0,9.0,22.327972412109375,9.219218254089355,1.5451987981796265,-0.7157622575759888,5968
847,41965,0.1317431628704071,0.12933959066867828,-21.933359146118164,0.008267323486506939,0.0793161392211914,-9.0,9.0,21.851213455200195,9.22592830657959,1.5232104063034058,-0.7028260231018066,5969
848,41965,0.07272014766931534,0.07192656397819519,-22.352914810180664,0.00826679915189743,1.5064213275909424,-9.0,9.0,22.196353912353516,9.164247512817383,1.554889440536499,-0.7030124664306641,5970
849,41965,0.14713111519813538,0.1318669319152832,-22.754283905029297,0.008266156539320946,-0.8532600402832031,-9.0,9.0,22.440956115722656,9.62806224822998,1.498556137084961,-0.7203410267829895,5971
850,41965,0.12310955673456192,0.11913339048624039,-22.31045913696289,0.00826534815132618,-1.1565697193145752,-9.0,9.0,22.219724655151367,9.172860145568848,1.523154377937317,-0.6881534457206726,5972
851,41965,0.07808490097522736,0.09151165932416916,-22.551586151123047,0.008264060132205486,-2.844839096069336,-9.0,9.0,22.45694923400879,9.460569381713867,1.4733840227127075,-0.6886014938354492,5973
852,41965,0.10639286786317825,0.11360011994838715,-22.231090545654297,0.008261951617896557,-7.012921333312988,-9.0,9.0,21.892864227294922,9.49950122833252,1.4239965677261353,-0.6861597895622253,5974
853,41965,0.12613150477409363,0.1365450918674469,-21.933063507080078,0.008259537629783154,-2.5964276790618896,-9.0,9.0,21.69994354248047,9.055932998657227,1.4859132766723633,-0.6749477386474609,5975
854,41965,0.08930780738592148,0.08640994131565094,-21.498489379882812,0.008256418630480766,-5.107337951660156,-9.0,9.0,21.394662857055664,9.208290100097656,1.4554425477981567,-0.6590112447738647,5976
855,41965,0.07238681614398956,0.07531865686178207,-22.41480255126953,0.008252663537859917,-7.287604808807373,-9.0,9.0,22.163509368896484,9.141940116882324,1.4126192331314087,-0.6747642755508423,5977
856,41965,0.10035472363233566,0.08621682971715927,-21.77825927734375,0.008248340338468552,-7.383021354675293,-9.0,9.0,21.53433609008789,8.872038841247559,1.4501316547393799,-0.6626617312431335,5978
857,41965,0.13802674412727356,0.13086539506912231,-21.990676879882812,0.008243778720498085,-3.3946871757507324,-9.0,9.0,21.867889404296875,8.89224910736084,1.4614163637161255,-0.6804757118225098,5979
858,41965,0.08306479454040527,0.09155039489269257,-21.630786895751953,0.008238921873271465,-3.807176113128662,-9.0,9.0,21.487384796142578,8.788299560546875,1.4776074886322021,-0.6825100779533386,5980
859,41965,0.08591683954000473,0.0799567848443985,-22.200883865356445,0.008233768865466118,-3.9784183502197266,-9.0,9.0,21.991683959960938,9.264634132385254,1.4720447063446045,-0.6966513395309448,5981
860,41965,0.09942851215600967,0.09862697869539261,-22.506685256958008,0.008228261955082417,-4.432095050811768,-9.0,9.0,22.195594787597656,9.580163955688477,1.4628392457962036,-0.6975554823875427,5982
861,41965,0.11101838946342468,0.10622771084308624,-21.384546279907227,0.008224147371947765,4.260287761688232,-9.0,9.0,21.279674530029297,8.911137580871582,1.591930627822876,-0.7014788389205933,5983
862,41965,0.1403987854719162,0.14080360531806946,-21.677515029907227,0.008221390657126904,5.169405937194824,-9.0,9.0,21.571123123168945,8.981386184692383,1.6110522747039795,-0.7113670110702515,5984
863,41965,0.07607301324605942,0.08121088147163391,-22.308605194091797,0.008219395764172077,2.456990957260132,-9.0,9.0,22.125438690185547,9.420236587524414,1.533981442451477,-0.7246708273887634,5985
864,41965,0.11171454936265945,0.10343403369188309,-21.850263595581055,0.008218435570597649,4.258511543273926,-9.0,9.0,21.603185653686523,8.957106590270996,1.5849615335464478,-0.7302213907241821,5986
865,41965,0.07651569694280624,0.07265925407409668,-22.224340438842773,0.008218349888920784,3.949934244155884,-9.0,9.0,22.155550003051758,9.716890335083008,1.5628397464752197,-0.7293164134025574,5987
866,41965,0.17592495679855347,0.14233146607875824,-22.122783660888672,0.008218439295887947,0.8497633934020996,-9.0,9.0,22.069194793701172,8.810896873474121,1.5620639324188232,-0.7260834574699402,5988
867,41965,0.1074436753988266,0.1026579737663269,-21.62751579284668,0.008219466544687748,6.361666202545166,-9.0,9.0,21.379838943481445,9.257615089416504,1.6355079412460327,-0.728361964225769,5989
868,41965,0.07304376363754272,0.06699088960886002,-22.092382431030273,0.008220771327614784,1.9231853485107422,-9.0,9.0,21.963951110839844,8.875828742980957,1.5312154293060303,-0.719533383846283,5990
869,41965,0.11861254274845123,0.1032630056142807,-23.41258430480957,0.008222335949540138,1.9830107688903809,-9.0,9.0,23.337596893310547,9.72148609161377,1.5189971923828125,-0.7485917210578918,5991
870,41965,0.15049609541893005,0.13159796595573425,-23.227645874023438,0.008223747834563255,0.005268901586532593,-9.0,9.0,22.964811325073242,9.550572395324707,1.5122534036636353,-0.7374823689460754,5992
871,41965,0.1430688053369522,0.1293417066335678,-23.257301330566406,0.008225289173424244,1.3621492385864258,-9.0,9.0,22.881444931030273,9.377814292907715,1.545107126235962,-0.7397350668907166,5993
872,41965,0.1498522013425827,0.14578688144683838,-21.677921295166016,0.008227077312767506,2.0205297470092773,-9.0,9.0,21.764183044433594,9.253660202026367,1.5488407611846924,-0.7291619181632996,5994
873,41965,1.8007392883300781,1.770991325378418,-22.323238372802734,0.008229635655879974,6.423272132873535,-9.0,9.0,22.346445083618164,9.786491394042969,1.5891667604446411,-0.7315865159034729,5995
874,41965,0.2183532416820526,0.22043520212173462,-21.821487426757812,0.008232245221734047,1.5476473569869995,-9.0,9.0,21.276418685913086,9.008424758911133,1.5534217357635498,-0.7023934721946716,5996
875,41965,0.24390290677547455,0.2106226533651352,-22.32733154296875,0.008234118111431599,-2.4249589443206787,-9.0,9.0,21.982946395874023,9.005195617675781,1.46730637550354,-0.7241778373718262,5997
876,41965,0.2563592493534088,0.23196376860141754,-21.779197692871094,0.008235909044742584,0.5302625298500061,-9.0,9.0,21.963109970092773,8.754450798034668,1.4976471662521362,-0.719994843006134,5998
877,41965,0.1763884425163269,0.15678724646568298,-22.6451416015625,0.008237723261117935,1.0002732276916504,-9.0,9.0,22.63857078552246,9.634793281555176,1.5173064470291138,-0.7292618155479431,5999
878,41965,0.25320690870285034,0.26376035809516907,-22.50823211669922,0.008239577524363995,1.1115350723266602,-9.0,9.0,21.94015121459961,9.377717971801758,1.5212441682815552,-0.7155531048774719,6000
879,41965,0.11152570694684982,0.1073378399014473,-22.526681900024414,0.008240441791713238,-4.040369033813477,-9.0,9.0,22.22507095336914,8.99455738067627,1.4581539630889893,-0.7014091610908508,6001
880,41965,0.24100172519683838,0.21975532174110413,-21.43073844909668,0.008240772411227226,-2.2659952640533447,-9.0,9.0,21.577163696289062,9.26679515838623,1.5085961818695068,-0.6885120272636414,6002
881,41965,0.11895712465047836,0.1270989179611206,-21.563142776489258,0.008240367285907269,-3.5068891048431396,-9.0,9.0,21.509145736694336,9.221901893615723,1.5016542673110962,-0.6858118772506714,6003
882,41965,0.16003789007663727,0.1591586470603943,-22.583877563476562,0.00823954213410616,-2.3256478309631348,-9.0,9.0,22.191099166870117,9.15980052947998,1.4761946201324463,-0.6944180130958557,6004
883,41965,0.1486883908510208,0.16589054465293884,-22.909914016723633,0.00823784526437521,-7.498929977416992,-9.0,9.0,22.55129623413086,9.394659996032715,1.4094210863113403,-0.6910315752029419,6005
884,41965,1.4924856424331665,1.4360179901123047,-21.859664916992188,0.00823536328971386,-7.1293134689331055,-9.0,9.0,21.976428985595703,9.319926261901855,1.429852843284607,-0.6872504353523254,6006
885,41965,0.09024237096309662,0.09547032415866852,-21.62570571899414,0.008232755586504936,-1.8586795330047607,-9.0,9.0,21.513107299804688,9.188934326171875,1.5133965015411377,-0.6548408269882202,6007
886,41965,0.2186456024646759,0.16842402517795563,-22.51259422302246,0.008229552768170834,-4.320863723754883,-9.0,9.0,21.971527099609375,9.377915382385254,1.4636738300323486,-0.6817167401313782,6008
887,41965,0.16817805171012878,0.1972905397415161,-23.045507431030273,0.008225716650485992,-5.492331027984619,-9.0,9.0,22.586074829101562,9.250272750854492,1.4396240711212158,-0.6843093633651733,6009
888,41965,0.30394798517227173,0.2513072192668915,-22.29888153076172,0.00822141021490097,-4.297183036804199,-9.0,9.0,22.396949768066406,9.58307933807373,1.468807578086853,-0.6838458180427551,6010
889,41965,0.1223735362291336,0.1318463236093521,-22.83969497680664,0.0082167973741889,-3.734987258911133,-9.0,9.0,22.707792282104492,9.379024505615234,1.4452165365219116,-0.6687286496162415,6011
890,41965,0.21056053042411804,0.19392821192741394,-23.030189514160156,0.008211709558963776,-4.7230095863342285,-9.0,9.0,22.53114891052246,9.694441795349121,1.4584224224090576,-0.6845730543136597,6012
891,41965,0.12334645539522171,0.1455245316028595,-22.700834274291992,0.008206252939999104,-4.447206497192383,-9.0,9.0,22.362924575805664,9.284632682800293,1.4350900650024414,-0.6729649305343628,6013
892,41965,0.1776231974363327,0.16768455505371094,-21.644330978393555,0.00820174627006054,2.033212184906006,-9.0,9.0,21.728303909301758,9.089682579040527,1.5595093965530396,-0.6753352880477905,6014
893,41965,0.1346178501844406,0.14743474125862122,-21.708555221557617,0.008197629824280739,-0.3052448630332947,-9.0,9.0,21.69230079650879,9.166102409362793,1.5268789529800415,-0.6802887320518494,6015
894,41965,0.17705735564231873,0.13861343264579773,-22.9251766204834,0.008194014430046082,0.45872342586517334,-9.0,9.0,22.45149803161621,9.430999755859375,1.529552698135376,-0.6828893423080444,6016
895,41965,0.13620354235172272,0.14290614426136017,-21.692668914794922,0.008191436529159546,3.420602321624756,-9.0,9.0,21.323068618774414,8.612625122070312,1.5767196416854858,-0.6865325570106506,6017
896,41965,0.1727423071861267,0.13372574746608734,-22.435222625732422,0.008189955726265907,4.223604202270508,-9.0,9.0,22.42911148071289,9.398188591003418,1.5732896327972412,-0.7005971670150757,6018
897,41965,0.1504209041595459,0.14347636699676514,-22.144140243530273,0.008189479820430279,4.32366943359375,-9.0,9.0,22.127788543701172,9.19622802734375,1.5989303588867188,-0.6865167021751404,6019
898,41965,0.16430793702602386,0.12730620801448822,-22.021167755126953,0.008190003223717213,12.821800231933594,-9.0,9.0,21.66413116455078,8.883853912353516,1.7400619983673096,-0.6902939677238464,6020
899,41965,0.13725528120994568,0.11987803876399994,-22.340789794921875,0.008191424421966076,7.555412292480469,-9.0,9.0,21.94192123413086,8.911833763122559,1.660635232925415,-0.6911729574203491,6021
900,41965,0.11652505397796631,0.09430550783872604,-21.5568904876709,0.00819365493953228,11.063697814941406,-9.0,9.0,21.488576889038086,8.941485404968262,1.6761474609375,-0.6865829825401306,6022
901,41965,0.16648778319358826,0.1582988202571869,-21.30255699157715,0.008196617476642132,10.853339195251465,-9.0,9.0,21.325485229492188,9.2003173828125,1.7137517929077148,-0.6602131724357605,6023
902,41965,0.24857063591480255,0.21244102716445923,-22.98798942565918,0.008200232870876789,11.675661087036133,-9.0,9.0,22.67194366455078,9.299874305725098,1.7021714448928833,-0.6849227547645569,6024
903,41965,0.18422526121139526,0.16091029345989227,-22.51915740966797,0.008204441517591476,12.862663269042969,-9.0,9.0,22.059669494628906,9.32014274597168,1.7551506757736206,-0.6611228585243225,6025
904,41965,0.10521742701530457,0.10715577006340027,-22.223709106445312,0.008209181018173695,9.184927940368652,-9.0,9.0,22.17193603515625,9.287826538085938,1.6806215047836304,-0.667226254940033,6026
905,41965,0.13176758587360382,0.1212170422077179,-22.19980812072754,0.00821440014988184,8.39355182647705,-9.0,9.0,22.25713539123535,9.460407257080078,1.6699436902999878,-0.6436730623245239,6027
906,41965,0.14891885221004486,0.15046517550945282,-22.251035690307617,0.008219246752560139,0.7155958414077759,-9.0,9.0,22.07208251953125,8.968353271484375,1.536338448524475,-0.6348036527633667,6028
907,41965,0.12719914317131042,0.11994931101799011,-22.005001068115234,0.008224324323236942,3.579212188720703,-9.0,9.0,21.58392333984375,9.000110626220703,1.641937255859375,-0.604789674282074,6029
908,41965,0.1010097861289978,0.09607356786727905,-22.252134323120117,0.008228937163949013,0.19715631008148193,-9.0,9.0,22.01678466796875,8.878108024597168,1.6032788753509521,-0.6031164526939392,6030
909,41965,0.16578155755996704,0.13963869214057922,-22.923873901367188,0.008232975378632545,-0.6084126234054565,-9.0,9.0,22.948795318603516,9.512378692626953,1.5604164600372314,-0.6135392189025879,6031
910,41965,0.07371871173381805,0.06331995129585266,-21.928590774536133,0.00823565386235714,-6.476965427398682,-9.0,9.0,21.711170196533203,9.201272010803223,1.4882640838623047,-0.6143237352371216,6032
911,41965,0.17494119703769684,0.16170334815979004,-23.836977005004883,0.00823710672557354,-5.417598247528076,-9.0,9.0,23.374494552612305,9.559889793395996,1.4552098512649536,-0.6238135695457458,6033
912,41965,0.0983361303806305,0.10045897960662842,-22.09296989440918,0.00823785737156868,-2.7876577377319336,-9.0,9.0,21.892711639404297,8.776557922363281,1.5081733465194702,-0.6182698011398315,6034
913,41965,1.4805004596710205,1.3603854179382324,-21.77566909790039,0.008238701149821281,0.84175705909729,-9.0,9.0,21.719165802001953,8.973862648010254,1.5546905994415283,-0.6263423562049866,6035
914,41965,0.14132773876190186,0.1563899666070938,-22.943862915039062,0.008239070884883404,-1.959002137184143,-9.0,9.0,22.59979248046875,9.389894485473633,1.5268287658691406,-0.6501538157463074,6036
915,41965,0.12051401287317276,0.1223396435379982,-23.697521209716797,0.008238500915467739,-4.519402503967285,-9.0,9.0,23.303394317626953,9.533928871154785,1.4589309692382812,-0.6889339089393616,6037
916,41965,0.1436864733695984,0.16735972464084625,-22.87067222595215,0.008238591253757477,3.0142107009887695,-9.0,9.0,22.811697006225586,9.524724960327148,1.599547266960144,-0.6906622052192688,6038
917,41965,0.10689332336187363,0.10712828487157822,-23.160991668701172,0.00823893304914236,1.3045947551727295,-9.0,9.0,23.032203674316406,9.30334186553955,1.5417454242706299,-0.708642840385437,6039
918,41965,0.15700247883796692,0.1662163883447647,-22.88675308227539,0.00823999010026455,3.7442121505737305,-9.0,9.0,22.391414642333984,9.051112174987793,1.6153281927108765,-0.716600239276886,6040
919,41965,0.1229257732629776,0.12099239975214005,-22.125242233276367,0.008241809904575348,4.336888313293457,-9.0,9.0,21.757877349853516,8.998172760009766,1.6240606307983398,-0.7139834761619568,6041
920,41965,0.1759297251701355,0.1595444679260254,-22.830612182617188,0.008244148455560207,3.505871534347534,-9.0,9.0,22.76090431213379,9.42349624633789,1.5764601230621338,-0.7522616982460022,6042
921,41965,0.1030355840921402,0.10590657591819763,-22.201356887817383,0.008247215300798416,7.882390022277832,-9.0,9.0,22.06721305847168,9.40483570098877,1.606567621231079,-0.7602481842041016,6043
922,41965,0.11861198395490646,0.10825644433498383,-23.37107276916504,0.008250935934484005,6.19278621673584,-9.0,9.0,22.92659568786621,9.241593360900879,1.585950493812561,-0.7503096461296082,6044
923,41965,0.11923981457948685,0.12133850902318954,-23.078754425048828,0.008254537358880043,1.2416315078735352,-9.0,9.0,22.700252532958984,9.232683181762695,1.5394095182418823,-0.7656770944595337,6045
924,41965,0.09342367947101593,0.09319287538528442,-21.7227725982666,0.008258741348981857,7.118865489959717,-9.0,9.0,21.475980758666992,8.558073043823242,1.6237598657608032,-0.7377961874008179,6046
925,41965,0.1091596782207489,0.10409889370203018,-23.139328002929688,0.008263039402663708,2.5285258293151855,-9.0,9.0,23.007755279541016,9.221512794494629,1.5417633056640625,-0.7658196091651917,6047
926,41965,0.09151405096054077,0.09944798052310944,-22.55936050415039,0.008267871104180813,8.680410385131836,-9.0,9.0,22.180782318115234,8.987220764160156,1.6711150407791138,-0.7486915588378906,6048
927,41965,0.09724369645118713,0.09749716520309448,-23.870718002319336,0.008272867649793625,3.195655345916748,-9.0,9.0,23.47824478149414,9.320978164672852,1.5423517227172852,-0.7774946093559265,6049
928,41965,0.17685841023921967,0.14119818806648254,-22.421810150146484,0.00827832892537117,6.756689548492432,-9.0,9.0,22.30270004272461,9.429326057434082,1.6368083953857422,-0.7548384070396423,6050
929,41965,0.10208143293857574,0.08332528173923492,-20.9033145904541,0.00828421302139759,12.554666519165039,-9.0,9.0,20.715852737426758,8.295289993286133,1.7150107622146606,-0.7324398159980774,6051
930,41965,0.10104060173034668,0.09245462715625763,-21.245635986328125,0.00829047616571188,8.13630485534668,-9.0,9.0,21.027545928955078,8.553430557250977,1.6527118682861328,-0.7496541142463684,6052
931,41965,0.14893792569637299,0.11072835326194763,-22.87500762939453,0.008297081105411053,5.542044162750244,-9.0,9.0,22.56817626953125,9.014796257019043,1.595744013786316,-0.7393255829811096,6053
932,41965,0.10695865750312805,0.09644181281328201,-22.259567260742188,0.008303794078528881,3.7735140323638916,-9.0,9.0,22.070098876953125,8.883070945739746,1.5833303928375244,-0.7155312299728394,6054
933,41965,0.08482033014297485,0.08641036599874496,-22.676734924316406,0.008309980854392052,0.6796339154243469,-9.0,9.0,22.57330894470215,9.269688606262207,1.5163538455963135,-0.7213788628578186,6055
934,41965,0.10394872725009918,0.10122428834438324,-22.994163513183594,0.008315712213516235,0.7599086761474609,-9.0,9.0,22.833436965942383,9.32034683227539,1.5374375581741333,-0.7130811810493469,6056
935,41965,0.10452021658420563,0.08849918842315674,-21.597225189208984,0.008321293629705906,2.0480923652648926,-9.0,9.0,21.282669067382812,8.621063232421875,1.5661360025405884,-0.7050553560256958,6057
936,41965,0.07885529845952988,0.06794790178537369,-23.01990509033203,0.008326377719640732,0.2728288769721985,-9.0,9.0,22.721830368041992,9.154540061950684,1.5237034559249878,-0.7005642652511597,6058
937,41965,0.09121330082416534,0.07541146874427795,-21.873193740844727,0.008331719785928726,3.740757465362549,-9.0,9.0,21.717784881591797,9.23156452178955,1.5984457731246948,-0.6954480409622192,6059
938,41965,0.09474235028028488,0.08853982388973236,-22.27398681640625,0.008336488157510757,-0.22221624851226807,-9.0,9.0,22.170528411865234,8.785094261169434,1.5603612661361694,-0.6969319581985474,6060
939,41965,0.11529558897018433,0.11642058193683624,-23.729385375976562,0.008340953849256039,0.8334081172943115,-9.0,9.0,23.351821899414062,9.85236930847168,1.5340665578842163,-0.7083015441894531,6061
940,41965,0.07708358764648438,0.07934015989303589,-22.858131408691406,0.008345413953065872,2.1280927658081055,-9.0,9.0,22.52732276916504,9.12237548828125,1.571067214012146,-0.693179190158844,6062
941,41965,0.0940287634730339,0.09726794809103012,-22.521814346313477,0.008350404910743237,5.608975887298584,-9.0,9.0,22.355350494384766,8.619853019714355,1.6270726919174194,-0.6952681541442871,6063
942,41965,0.07938255369663239,0.07823558151721954,-21.862083435058594,0.008355719037353992,4.004579067230225,-9.0,9.0,21.80467987060547,9.022384643554688,1.5796635150909424,-0.7078925967216492,6064
943,41965,0.09995836764574051,0.10151135921478271,-23.081241607666016,0.008360816165804863,1.5021376609802246,-9.0,9.0,22.7805118560791,9.150616645812988,1.5698045492172241,-0.7235472798347473,6065
944,41965,0.11306972801685333,0.1278272420167923,-22.43054962158203,0.008366268128156662,4.212217330932617,-9.0,9.0,22.096675872802734,8.827760696411133,1.594546914100647,-0.71649569272995,6066
945,41965,0.08202250301837921,0.07434872537851334,-22.97810935974121,0.00837215781211853,5.727475643157959,-9.0,9.0,22.85210418701172,9.806570053100586,1.5972553491592407,-0.7439153790473938,6067
946,41965,0.0930406004190445,0.08658920228481293,-22.029563903808594,0.008378180675208569,3.502073049545288,-9.0,9.0,21.971302032470703,9.027190208435059,1.601231575012207,-0.7156816720962524,6068
947,41965,0.06877747178077698,0.07726556807756424,-22.466386795043945,0.008384139277040958,2.5803537368774414,-9.0,9.0,22.27128028869629,9.20566463470459,1.5413330793380737,-0.7379555106163025,6069
948,41965,0.08514268696308136,0.08099599927663803,-22.516345977783203,0.008389517664909363,0.03892424702644348,-9.0,9.0,22.22047996520996,8.88315200805664,1.5147287845611572,-0.7241210341453552,6070
949,41965,1.3575392961502075,1.2444918155670166,-22.26601219177246,0.008394763804972172,1.9310016632080078,-9.0,9.0,22.232332229614258,9.330589294433594,1.5598392486572266,-0.737417995929718,6071
950,41965,1.0541244745254517,1.0010998249053955,-23.806364059448242,0.008399092592298985,-1.93318510055542,-9.0,9.0,23.657472610473633,9.228236198425293,1.481302261352539,-0.7403282523155212,6072
951,41965,0.19152550399303436,0.18011343479156494,-23.023706436157227,0.008402541279792786,-2.177133321762085,-9.0,9.0,22.60655403137207,9.210853576660156,1.470011830329895,-0.7247622609138489,6073
952,41965,0.35971227288246155,0.3767358958721161,-22.2100830078125,0.008405791595578194,0.6873562932014465,-9.0,9.0,21.796232223510742,8.868282318115234,1.581311583518982,-0.7099186182022095,6074
953,41965,0.26377514004707336,0.2481233924627304,-22.572444915771484,0.008407924324274063,-3.8355655670166016,-9.0,9.0,22.697532653808594,8.917656898498535,1.4674217700958252,-0.7093858122825623,6075
954,41965,0.17808932065963745,0.17694222927093506,-21.793529510498047,0.008408854715526104,-6.440708160400391,-9.0,9.0,21.78366470336914,8.593473434448242,1.4377763271331787,-0.685464084148407,6076
955,41965,0.22899161279201508,0.22571857273578644,-23.775920867919922,0.008408814668655396,-4.232264518737793,-9.0,9.0,23.190486907958984,9.426186561584473,1.4343678951263428,-0.7054653763771057,6077
956,41965,0.1583571434020996,0.14451377093791962,-23.42847442626953,0.008407792076468468,-9.455825805664062,-9.0,9.0,23.132238388061523,9.41633415222168,1.3484961986541748,-0.7137834429740906,6078
957,41965,0.13791990280151367,0.14590689539909363,-22.74827003479004,0.00840588379651308,-9.181910514831543,-9.0,9.0,22.683218002319336,9.674110412597656,1.3373767137527466,-0.6844159364700317,6079
958,41965,0.14242152869701385,0.1362823247909546,-22.403564453125,0.008403178304433823,-7.124207496643066,-9.0,9.0,22.25605010986328,9.187915802001953,1.386486291885376,-0.6879904866218567,6080
959,41965,0.1566695123910904,0.13830405473709106,-23.371431350708008,0.00839975755661726,-7.641704559326172,-9.0,9.0,22.92655372619629,9.376564979553223,1.4261316061019897,-0.6872934699058533,6081
960,41965,0.1612144410610199,0.1646333932876587,-23.89124298095703,0.008396954275667667,1.333657145500183,-9.0,9.0,23.384780883789062,9.437272071838379,1.523653268814087,-0.693467915058136,6082
961,41965,0.3351569175720215,0.3325197696685791,-22.644371032714844,0.008394831791520119,1.9518070220947266,-9.0,9.0,22.46841812133789,8.666460037231445,1.5640449523925781,-0.6909888982772827,6083
962,41965,0.20276515185832977,0.2108803242444992,-22.30463981628418,0.008393911644816399,5.854025840759277,-9.0,9.0,22.209537506103516,9.060638427734375,1.6185563802719116,-0.7063584923744202,6084
963,41965,0.2374763786792755,0.22224588692188263,-22.465341567993164,0.008394071832299232,12.161664962768555,-9.0,9.0,21.945934295654297,8.543315887451172,1.7424484491348267,-0.6966498494148254,6085
964,41965,0.17038342356681824,0.18062148988246918,-23.454710006713867,0.008395200595259666,11.986888885498047,-9.0,9.0,22.961101531982422,8.728287696838379,1.6959620714187622,-0.7255315780639648,6086
965,41965,0.14253714680671692,0.13296762108802795,-22.64097785949707,0.008397202007472515,17.530715942382812,-9.0,9.0,22.495452880859375,9.182522773742676,1.770623803138733,-0.7269139289855957,6087
966,41965,0.12569953501224518,0.13247817754745483,-21.668498992919922,0.00839998945593834,22.46819305419922,-9.0,9.0,21.475181579589844,8.648377418518066,1.8880048990249634,-0.7064987421035767,6088
967,41965,0.09266015887260437,0.08379799872636795,-23.257312774658203,0.008403487503528595,23.015037536621094,-9.0,9.0,22.909486770629883,8.960553169250488,1.863036870956421,-0.7376346588134766,6089
968,41965,0.1515423059463501,0.178975909948349,-21.844825744628906,0.008407619781792164,28.1566219329834,-9.0,9.0,21.425729751586914,8.87930965423584,1.9825966358184814,-0.7177332639694214,6090
969,41965,0.13938498497009277,0.13216473162174225,-23.998416900634766,0.008412327617406845,28.576034545898438,-9.0,9.0,23.838932037353516,9.871343612670898,1.954485535621643,-0.7523717880249023,6091
970,41965,0.1913495659828186,0.18283173441886902,-21.94843864440918,0.008417551405727863,27.544191360473633,-9.0,9.0,22.024608612060547,8.320488929748535,1.9569038152694702,-0.6785473227500916,6092
971,41965,0.13098004460334778,0.13390018045902252,-22.49786376953125,0.008423245511949062,28.242568969726562,-9.0,9.0,22.353038787841797,9.261805534362793,1.9788907766342163,-0.6993411183357239,6093
972,41965,0.3310125768184662,0.31477785110473633,-23.088836669921875,0.008429356850683689,19.673856735229492,-9.0,9.0,22.661291122436523,9.127320289611816,1.8105100393295288,-0.7077290415763855,6094
973,41965,0.16056662797927856,0.18040886521339417,-22.742029190063477,0.00843584630638361,21.813209533691406,-9.0,9.0,22.418073654174805,8.946495056152344,1.8729870319366455,-0.6686869263648987,6095
974,41965,0.1387486606836319,0.14440572261810303,-22.34287452697754,0.008442679420113564,15.2197265625,-9.0,9.0,22.37449836730957,9.057537078857422,1.759613275527954,-0.6737691164016724,6096
975,41965,0.2389484941959381,0.2925398647785187,-23.150917053222656,0.008449824526906013,11.239781379699707,-9.0,9.0,23.214996337890625,9.147151947021484,1.6881009340286255,-0.6484411358833313,6097
976,41965,0.27650541067123413,0.2646118998527527,-22.525360107421875,0.00845724530518055,10.367172241210938,-9.0,9.0,22.101966857910156,8.934964179992676,1.7718677520751953,-0.6246299147605896,6098
977,41965,0.25277045369148254,0.25437799096107483,-23.284530639648438,0.008464919403195381,8.973400115966797,-9.0,9.0,22.910884857177734,9.35169792175293,1.6975029706954956,-0.6319595575332642,6099
978,41965,0.22297461330890656,0.15952450037002563,-22.4765567779541,0.008472575806081295,3.5778257846832275,-9.0,9.0,22.578868865966797,9.026190757751465,1.6031309366226196,-0.6399189829826355,6100
979,41965,0.15243612229824066,0.19015902280807495,-23.342838287353516,0.008479680866003036,0.9660605788230896,-9.0,9.0,23.404300689697266,9.481325149536133,1.542536973953247,-0.644069492816925,6101
980,41965,0.13391263782978058,0.10119473934173584,-23.033056259155273,0.008485258556902409,-3.9500858783721924,-9.0,9.0,22.680702209472656,9.072928428649902,1.4834831953048706,-0.6224194169044495,6102
981,41965,0.2027999460697174,0.21331757307052612,-22.957015991210938,0.008489548228681087,-3.5059456825256348,-9.0,9.0,22.52617073059082,9.811002731323242,1.5167301893234253,-0.6236814260482788,6103
982,41965,0.11681796610355377,0.09167179465293884,-22.576271057128906,0.008492414839565754,-4.870599746704102,-9.0,9.0,22.52596092224121,9.109087944030762,1.4771684408187866,-0.6448763608932495,6104
983,41965,0.09077896177768707,0.10825870931148529,-23.162368774414062,0.008494229055941105,-3.669509172439575,-9.0,9.0,23.056978225708008,9.531705856323242,1.5059329271316528,-0.6385475993156433,6105
984,41965,0.11291666328907013,0.11407303065061569,-23.470890045166016,0.008494868874549866,-5.91715669631958,-9.0,9.0,23.260852813720703,9.54086685180664,1.4566099643707275,-0.6584124565124512,6106
985,41965,0.1277589052915573,0.11763125658035278,-24.31399917602539,0.00849444791674614,-8.407388687133789,-9.0,9.0,23.96842384338379,9.825904846191406,1.403990387916565,-0.687633216381073,6107
986,41965,0.08000798523426056,0.06668858230113983,-22.825040817260742,0.008493390865623951,-3.247265338897705,-9.0,9.0,22.66795539855957,9.37368106842041,1.4772469997406006,-0.6671453714370728,6108
987,41965,0.09507106989622116,0.09498769789934158,-21.95062828063965,0.008491807617247105,-3.042546272277832,-9.0,9.0,21.841367721557617,8.462492942810059,1.5011845827102661,-0.6534165740013123,6109
988,41965,0.08951517194509506,0.09713809192180634,-22.90829086303711,0.008490212261676788,-0.8096040487289429,-9.0,9.0,22.678646087646484,9.18057632446289,1.503333330154419,-0.6737641096115112,6110
989,41965,0.10716971755027771,0.10484590381383896,-23.08138656616211,0.008488666266202927,-0.5189923048019409,-9.0,9.0,22.68328857421875,9.492276191711426,1.5299917459487915,-0.7016889452934265,6111
990,41965,0.07151278853416443,0.0728033259510994,-23.385908126831055,0.008487132377922535,-0.6725186705589294,-9.0,9.0,23.162019729614258,9.079654693603516,1.4951964616775513,-0.7184234261512756,6112
991,41965,0.09763826429843903,0.10027418285608292,-22.338729858398438,0.00848599523305893,1.167575716972351,-9.0,9.0,22.207561492919922,9.068668365478516,1.561768889427185,-0.7098852396011353,6113
992,41965,0.08030346035957336,0.07686703652143478,-22.233692169189453,0.008485921658575535,4.545392036437988,-9.0,9.0,22.045001983642578,8.50112247467041,1.6202024221420288,-0.6936287879943848,6114
993,41965,0.13464370369911194,0.10815110802650452,-23.916799545288086,0.00848685298115015,7.2896881103515625,-9.0,9.0,23.595848083496094,10.00492000579834,1.6273430585861206,-0.734125018119812,6115
994,41965,0.09739208221435547,0.0888763889670372,-22.9736385345459,0.008488690480589867,6.95759916305542,-9.0,9.0,22.714679718017578,9.4678316116333,1.639241099357605,-0.7195698022842407,6116
995,41965,0.09140121936798096,0.09477740526199341,-21.984535217285156,0.008491338230669498,8.957046508789062,-9.0,9.0,21.67517852783203,8.400125503540039,1.679861307144165,-0.7048460841178894,6117
996,41965,0.11455128341913223,0.11361510306596756,-22.83012580871582,0.008494719862937927,5.336561679840088,-9.0,9.0,22.76839828491211,8.930253982543945,1.6234084367752075,-0.7217465043067932,6118
997,41965,0.07916217297315598,0.10225788503885269,-23.026622772216797,0.008498759008944035,7.388364791870117,-9.0,9.0,22.705785751342773,9.098546028137207,1.6547162532806396,-0.7057973146438599,6119
998,41965,0.0976225733757019,0.0889149084687233,-22.174175262451172,0.008503392338752747,8.922723770141602,-9.0,9.0,21.83962631225586,8.573935508728027,1.7286492586135864,-0.6779330968856812,6120
999,41965,0.10484803467988968,0.09175755083560944,-22.69776153564453,0.008508563973009586,6.998635292053223,-9.0,9.0,22.504409790039062,8.610405921936035,1.6561535596847534,-0.7063093185424805,6121
1000,41965,0.1093250960111618,0.09631046652793884,-22.64322280883789,0.008514217101037502,7.043400764465332,-9.0,9.0,22.35808563232422,8.867609977722168,1.641828179359436,-0.6977035403251648,6122
1001,41965,0.08451735973358154,0.07368524372577667,-22.751352310180664,0.008519882336258888,2.7343475818634033,-9.0,9.0,22.597198486328125,8.897503852844238,1.5586198568344116,-0.7238017916679382,6123
1002,41965,0.09913519769906998,0.09090851247310638,-23.16434669494629,0.008525055833160877,0.313970685005188,-9.0,9.0,23.029987335205078,9.163761138916016,1.5050957202911377,-0.7136223912239075,6124
1003,41965,0.08649974316358566,0.07511069625616074,-23.6951904296875,0.008529972285032272,1.214805006980896,-9.0,9.0,23.34828758239746,9.238012313842773,1.5463945865631104,-0.7044154405593872,6125
1004,41965,0.06363871693611145,0.05879148095846176,-23.60678482055664,0.008534361608326435,-0.1857013702392578,-9.0,9.0,23.28728485107422,9.412541389465332,1.535190463066101,-0.688991367816925,6126
1005,41965,0.15910819172859192,0.12592975795269012,-21.84320831298828,0.008539128117263317,3.862199544906616,-9.0,9.0,21.730384826660156,9.664769172668457,1.629629135131836,-0.6817060708999634,6127
1006,41965,0.0775097906589508,0.07540024816989899,-22.478960037231445,0.008543567731976509,0.6688950061798096,-9.0,9.0,22.306163787841797,9.310997009277344,1.5860214233398438,-0.6581386923789978,6128
1007,41965,0.0741027295589447,0.0696798712015152,-23.491390228271484,0.00854735728353262,-0.9929264783859253,-9.0,9.0,23.2117862701416,9.406723976135254,1.5335415601730347,-0.6713014245033264,6129
1008,41965,0.07562150806188583,0.07173074036836624,-23.810930252075195,0.008549819700419903,-4.491852760314941,-9.0,9.0,23.63360023498535,9.209968566894531,1.4926083087921143,-0.6712301969528198,6130
1009,41965,0.10623486340045929,0.10762230306863785,-23.075326919555664,0.008551368489861488,-3.149087429046631,-9.0,9.0,22.977680206298828,9.204044342041016,1.506949543952942,-0.6433166861534119,6131
1010,41965,0.07042481750249863,0.07718905061483383,-22.844223022460938,0.008552266284823418,-2.3611602783203125,-9.0,9.0,22.670791625976562,9.107841491699219,1.5073543787002563,-0.6604331135749817,6132
1011,41965,0.0979485884308815,0.10450855642557144,-22.8820743560791,0.008552066050469875,-6.608787536621094,-9.0,9.0,22.546947479248047,9.701108932495117,1.4558355808258057,-0.659300684928894,6133
1012,41965,0.07166469842195511,0.08133070915937424,-23.52858543395996,0.008550879545509815,-6.872488975524902,-9.0,9.0,23.343547821044922,9.194632530212402,1.4271107912063599,-0.6703999638557434,6134
1013,41965,0.0785093605518341,0.08547660708427429,-24.11602783203125,0.008548804558813572,-6.30579948425293,-9.0,9.0,24.01471519470215,9.524409294128418,1.4233657121658325,-0.6898291707038879,6135
1014,41965,0.06928855925798416,0.07296094298362732,-23.039459228515625,0.008545979857444763,-4.532451629638672,-9.0,9.0,22.933971405029297,9.588915824890137,1.4369800090789795,-0.6801279783248901,6136
1015,41965,0.08464336395263672,0.09505509585142136,-23.20687484741211,0.008542435243725777,-5.316219329833984,-9.0,9.0,22.9036865234375,9.163192749023438,1.4570459127426147,-0.6798316240310669,6137
1016,41965,0.0883045643568039,0.09313987195491791,-22.496410369873047,0.008538635447621346,-2.8889927864074707,-9.0,9.0,22.255966186523438,8.557573318481445,1.4960919618606567,-0.6631374955177307,6138
1017,41965,0.08867034316062927,0.11700857430696487,-23.32619857788086,0.00853421539068222,-5.205077648162842,-9.0,9.0,23.288711547851562,9.154986381530762,1.452152132987976,-0.6974348425865173,6139
1018,41965,0.06545192748308182,0.07151436060667038,-23.549509048461914,0.008529235608875751,-6.392238616943359,-9.0,9.0,23.412826538085938,8.731727600097656,1.4107201099395752,-0.7040624618530273,6140
1019,41965,0.09229762107133865,0.11603403091430664,-22.6534366607666,0.008524405770003796,-1.649499773979187,-9.0,9.0,22.31520652770996,9.567399978637695,1.5249607563018799,-0.7047784924507141,6141
1020,41965,0.06757493317127228,0.07074534893035889,-22.492733001708984,0.008519724011421204,-1.5988268852233887,-9.0,9.0,22.305448532104492,9.21871280670166,1.5086095333099365,-0.7058092355728149,6142
1021,41965,0.0757305771112442,0.09481945633888245,-22.044015884399414,0.008515170775353909,-1.6022045612335205,-9.0,9.0,21.99782371520996,8.77246379852295,1.5080572366714478,-0.6991790533065796,6143
1022,41965,0.061275631189346313,0.06663423776626587,-21.670940399169922,0.00851091742515564,-0.7385814189910889,-9.0,9.0,21.562456130981445,8.751355171203613,1.5048707723617554,-0.7133628726005554,6144
1023,41965,0.07833261787891388,0.09159380197525024,-23.325347900390625,0.008507135324180126,0.22907620668411255,-9.0,9.0,23.07999038696289,9.151878356933594,1.5197868347167969,-0.7433753609657288,6145
1024,41965,0.062481481581926346,0.05779896304011345,-21.862260818481445,0.008504673838615417,4.468515396118164,-9.0,9.0,21.628503799438477,8.497607231140137,1.6229884624481201,-0.7032197713851929,6146
1025,41965,0.10043542832136154,0.10071124136447906,-22.61773681640625,0.008502808399498463,1.6622223854064941,-9.0,9.0,22.51860809326172,9.215222358703613,1.5210894346237183,-0.7414482831954956,6147
1026,41965,0.08235640078783035,0.09651888161897659,-23.155776977539062,0.008501612581312656,2.2927117347717285,-9.0,9.0,23.037782669067383,9.214249610900879,1.4994926452636719,-0.7705273032188416,6148
1027,41965,0.09784168004989624,0.12295092642307281,-23.81427764892578,0.00850054994225502,0.06798242032527924,-9.0,9.0,23.43694305419922,9.370159149169922,1.4963043928146362,-0.7507266402244568,6149
1028,41965,0.09522796422243118,0.07473516464233398,-21.674283981323242,0.008500286377966404,3.2972233295440674,-9.0,9.0,21.525903701782227,8.798027992248535,1.5626542568206787,-0.7301806807518005,6150
1029,41965,0.07884246110916138,0.0888088196516037,-23.650840759277344,0.008500294759869576,1.1565239429473877,-9.0,9.0,23.531700134277344,9.494905471801758,1.5308103561401367,-0.7523779273033142,6151
1030,41965,0.05489896610379219,0.05605665594339371,-23.43567657470703,0.008499622344970703,-3.2249531745910645,-9.0,9.0,23.236064910888672,8.550090789794922,1.4368870258331299,-0.7508171796798706,6152
1031,41965,0.10262840986251831,0.1018536388874054,-23.831193923950195,0.008499334566295147,1.5143718719482422,-9.0,9.0,23.57221794128418,9.53486442565918,1.5309429168701172,-0.7195653915405273,6153
1032,41965,0.061022233217954636,0.05539383366703987,-22.86748504638672,0.008499298244714737,1.040895700454712,-9.0,9.0,22.608657836914062,8.68567943572998,1.5363215208053589,-0.7176183462142944,6154
1033,41965,0.05299394577741623,0.056561775505542755,-22.733945846557617,0.008499638177454472,1.7656513452529907,-9.0,9.0,22.539539337158203,8.182886123657227,1.5536078214645386,-0.7277773022651672,6155
1034,41965,0.11260389536619186,0.0993579775094986,-22.375080108642578,0.008500704541802406,3.6011080741882324,-9.0,9.0,22.23003387451172,8.718202590942383,1.5854192972183228,-0.7105450630187988,6156
1035,41965,0.07249610126018524,0.06336639076471329,-23.70022201538086,0.008501283824443817,-1.7944830656051636,-9.0,9.0,23.49853515625,9.677993774414062,1.5057092905044556,-0.7130675911903381,6157
1036,41965,0.07779353857040405,0.05978645011782646,-22.89426612854004,0.008502115495502949,1.4591442346572876,-9.0,9.0,22.5821475982666,9.272939682006836,1.5515797138214111,-0.7185124754905701,6158
1037,41965,0.06437137722969055,0.06824064254760742,-22.75220489501953,0.008502674289047718,-0.9049835205078125,-9.0,9.0,22.569835662841797,9.21710205078125,1.5281026363372803,-0.7206464409828186,6159
1038,41965,0.13869814574718475,0.12518087029457092,-23.390522003173828,0.008502966724336147,-0.9930980801582336,-9.0,9.0,23.31165885925293,8.815717697143555,1.507962942123413,-0.6994032859802246,6160
1039,41965,0.10433124005794525,0.09024613350629807,-23.394742965698242,0.008502565324306488,-3.126154899597168,-9.0,9.0,23.131925582885742,8.818593978881836,1.4895185232162476,-0.704136848449707,6161
1040,41965,0.07298408448696136,0.07288621366024017,-23.16470718383789,0.008501645177602768,-2.637705087661743,-9.0,9.0,22.92935562133789,8.96619701385498,1.4735485315322876,-0.7094102501869202,6162
1041,41965,0.06347445398569107,0.05491580069065094,-22.19012451171875,0.008500615134835243,-0.9341951608657837,-9.0,9.0,22.004648208618164,8.920580863952637,1.52085280418396,-0.7040799856185913,6163
1042,41965,0.09981667250394821,0.0982227548956871,-22.589630126953125,0.00849917996674776,-2.4047021865844727,-9.0,9.0,22.449220657348633,9.420381546020508,1.5060359239578247,-0.7013725638389587,6164
1043,41965,0.1260819137096405,0.12485672533512115,-23.602001190185547,0.008496874943375587,-5.029140472412109,-9.0,9.0,23.369325637817383,9.45370864868164,1.4456266164779663,-0.7053643465042114,6165
1044,41965,0.05730301886796951,0.06439708918333054,-22.234750747680664,0.008494087494909763,-3.3505430221557617,-9.0,9.0,21.98591423034668,8.10993766784668,1.457364797592163,-0.6884666085243225,6166
1045,41965,0.08169534057378769,0.07582546770572662,-23.842117309570312,0.008490645326673985,-4.417700290679932,-9.0,9.0,23.680646896362305,9.560701370239258,1.4576451778411865,-0.724591851234436,6167
1046,41965,0.07172666490077972,0.07353587448596954,-23.492870330810547,0.008486577309668064,-4.57822322845459,-9.0,9.0,23.287220001220703,9.569833755493164,1.4507800340652466,-0.7029344439506531,6168
1047,41965,0.08915644884109497,0.09641818702220917,-23.388578414916992,0.008482281118631363,-2.9996254444122314,-9.0,9.0,23.022640228271484,9.018414497375488,1.4836922883987427,-0.6847824454307556,6169
1048,41965,0.06459104269742966,0.0650862529873848,-23.740774154663086,0.008477408438920975,-7.206741809844971,-9.0,9.0,23.568958282470703,8.986832618713379,1.3888188600540161,-0.7001673579216003,6170
1049,41965,0.0695716142654419,0.07461464405059814,-23.100330352783203,0.00847210269421339,-4.367681503295898,-9.0,9.0,22.919919967651367,9.233966827392578,1.4683600664138794,-0.6909975409507751,6171
1050,41965,0.07689862698316574,0.0795266255736351,-23.363527297973633,0.008466323837637901,-6.4117655754089355,-9.0,9.0,23.096622467041016,9.318285942077637,1.430723786354065,-0.686882495880127,6172
1051,41965,0.052703097462654114,0.06219552829861641,-23.118314743041992,0.008460702374577522,-1.9837229251861572,-9.0,9.0,22.811256408691406,9.357276916503906,1.48684823513031,-0.7098187208175659,6173
1052,41965,0.05845624953508377,0.06068968027830124,-22.673297882080078,0.00845513679087162,-2.407017707824707,-9.0,9.0,22.408252716064453,8.573826789855957,1.504569411277771,-0.6827570199966431,6174
1053,41965,0.049996569752693176,0.04796086251735687,-22.902572631835938,0.008449925109744072,-0.9485284090042114,-9.0,9.0,22.645557403564453,9.495142936706543,1.4913394451141357,-0.6994854807853699,6175
1054,41965,0.0761193037033081,0.07544742524623871,-23.309097290039062,0.008445199579000473,-0.1554795503616333,-9.0,9.0,23.04136848449707,9.758275032043457,1.5206108093261719,-0.720547080039978,6176
1055,41965,0.06644197553396225,0.07318263500928879,-23.44284439086914,0.008441166020929813,1.0394669771194458,-9.0,9.0,23.169361114501953,8.93973159790039,1.5365382432937622,-0.7078006863594055,6177
1056,41965,0.10413401573896408,0.10501595586538315,-24.619983673095703,0.008437668904662132,0.6320104002952576,-9.0,9.0,24.388397216796875,9.330171585083008,1.5133744478225708,-0.7179916501045227,6178
1057,41965,0.07987238466739655,0.07699447870254517,-22.060598373413086,0.008435436524450779,4.323211669921875,-9.0,9.0,21.757902145385742,8.74960708618164,1.609885811805725,-0.6862382292747498,6179
1058,41965,0.08248499780893326,0.06666785478591919,-23.219451904296875,0.008434434421360493,5.881322860717773,-9.0,9.0,22.936859130859375,8.620872497558594,1.6149498224258423,-0.7116783857345581,6180
1059,41965,0.06728602945804596,0.07384824007749557,-22.80236053466797,0.008434333838522434,3.783024311065674,-9.0,9.0,22.66204261779785,8.724080085754395,1.577659249305725,-0.704731285572052,6181
1060,41965,0.08758394420146942,0.08034224808216095,-23.307357788085938,0.008434953168034554,3.373196601867676,-9.0,9.0,23.127552032470703,8.562325477600098,1.5694462060928345,-0.7207387089729309,6182
1061,41965,0.07332305610179901,0.07768192887306213,-23.199115753173828,0.008436035364866257,2.4734716415405273,-9.0,9.0,22.945417404174805,8.377328872680664,1.5950802564620972,-0.6873329877853394,6183
1062,41965,0.07502564787864685,0.06773636490106583,-22.169828414916992,0.008437532000243664,2.473881721496582,-9.0,9.0,21.874849319458008,8.524996757507324,1.5808963775634766,-0.7104877829551697,6184
1063,41965,0.2492557317018509,0.2189001441001892,-23.947649002075195,0.008439543657004833,3.1284995079040527,-9.0,9.0,23.718059539794922,9.302289962768555,1.5474894046783447,-0.7281121015548706,6185
1064,41965,0.06217757984995842,0.06820112466812134,-22.68429946899414,0.00844236183911562,5.315580368041992,-9.0,9.0,22.47784423828125,8.50538444519043,1.6153345108032227,-0.6983153223991394,6186
1065,41965,0.10916630923748016,0.0982525572180748,-23.656837463378906,0.008445481769740582,2.7504138946533203,-9.0,9.0,23.516164779663086,9.977222442626953,1.5601847171783447,-0.7212310433387756,6187
1066,41965,0.07626842707395554,0.06147284805774689,-22.679370880126953,0.008448132313787937,-0.7663798332214355,-9.0,9.0,22.497936248779297,8.640453338623047,1.5272903442382812,-0.6972494721412659,6188
1067,41965,0.08246496319770813,0.07352647185325623,-22.554988861083984,0.00845018308609724,-1.5820698738098145,-9.0,9.0,22.27583885192871,9.490984916687012,1.4955079555511475,-0.7356210350990295,6189
1068,41965,0.9113759398460388,0.8675907850265503,-22.458335876464844,0.008451025001704693,-4.731405258178711,-9.0,9.0,22.28748321533203,9.010492324829102,1.474696397781372,-0.7015674710273743,6190
1069,41965,0.06428755819797516,0.06086113303899765,-23.3182373046875,0.008451267145574093,-2.4252066612243652,-9.0,9.0,23.047805786132812,8.372076988220215,1.500234603881836,-0.7080613970756531,6191
1070,41965,0.11715690046548843,0.10682313144207001,-24.111835479736328,0.008450472727417946,-4.835500240325928,-9.0,9.0,23.82002067565918,9.578191757202148,1.4489959478378296,-0.7385949492454529,6192
1071,41965,0.09232667088508606,0.10526984184980392,-24.318218231201172,0.008448748849332333,-6.071347236633301,-9.0,9.0,24.18492889404297,9.487504005432129,1.4120919704437256,-0.7378549575805664,6193
1072,41965,0.0993969663977623,0.0958419069647789,-23.599313735961914,0.008446183055639267,-5.120648384094238,-9.0,9.0,23.363330841064453,9.396224975585938,1.4250361919403076,-0.7261454463005066,6194
1073,41965,0.09042026847600937,0.08002603054046631,-23.004838943481445,0.00844399631023407,0.579357922077179,-9.0,9.0,22.7808837890625,8.728416442871094,1.5446736812591553,-0.6849509477615356,6195
1074,41965,0.07658832520246506,0.08534514904022217,-23.10390853881836,0.008441017009317875,-8.92746639251709,-9.0,9.0,22.797866821289062,8.995482444763184,1.4326152801513672,-0.7110590934753418,6196
1075,41965,0.07301723957061768,0.06321246922016144,-23.037477493286133,0.008437327109277248,-6.946089267730713,-9.0,9.0,22.824506759643555,9.097469329833984,1.4088093042373657,-0.7165259122848511,6197
1076,41965,0.2179563194513321,0.23115436732769012,-24.232746124267578,0.00843299925327301,-7.086960792541504,-9.0,9.0,24.07010269165039,9.511129379272461,1.38106369972229,-0.7542454600334167,6198
1077,41965,0.09196670353412628,0.08692893385887146,-23.345457077026367,0.008428303524851799,-3.7949535846710205,-9.0,9.0,23.03333854675293,9.232845306396484,1.4418678283691406,-0.7395895719528198,6199
1078,41965,0.07117435336112976,0.09662414342164993,-22.843435287475586,0.008423591032624245,-2.3123984336853027,-9.0,9.0,22.50135612487793,9.2236328125,1.4767377376556396,-0.741740345954895,6200
1079,41965,0.12364842742681503,0.11664897948503494,-23.244895935058594,0.008418623358011246,-3.438539743423462,-9.0,9.0,23.081846237182617,9.74400520324707,1.4212062358856201,-0.7429689764976501,6201
1080,41965,0.07217803597450256,0.06504646688699722,-23.649921417236328,0.008413655683398247,-2.3501977920532227,-9.0,9.0,23.359365463256836,9.398625373840332,1.4893568754196167,-0.7285382151603699,6202
1081,41965,0.10547614842653275,0.11319893598556519,-23.853195190429688,0.008408185094594955,-4.765214920043945,-9.0,9.0,23.49745750427246,9.184369087219238,1.4227567911148071,-0.7483348250389099,6203
1082,41965,0.08877698332071304,0.09348661452531815,-23.28241729736328,0.008403218351304531,-0.1980479657649994,-9.0,9.0,23.032224655151367,8.817950248718262,1.5052779912948608,-0.7303067445755005,6204
1083,41965,0.06653186678886414,0.07770070433616638,-23.161264419555664,0.008399028331041336,1.3261289596557617,-9.0,9.0,22.942569732666016,8.857975959777832,1.5189913511276245,-0.7269616723060608,6205
1084,41965,0.05068342015147209,0.04986017569899559,-23.53081512451172,0.00839579664170742,2.5707194805145264,-9.0,9.0,23.26253890991211,9.457913398742676,1.5521472692489624,-0.753897488117218,6206
1085,41965,0.08175668120384216,0.08414770662784576,-24.2536678314209,0.008393275551497936,1.8207834959030151,-9.0,9.0,23.85600471496582,9.589075088500977,1.53408944606781,-0.7678104639053345,6207
1086,41965,0.19789445400238037,0.18951931595802307,-24.89136505126953,0.008391850627958775,4.01346492767334,-9.0,9.0,24.586406707763672,10.040019989013672,1.5458203554153442,-0.7580262422561646,6208
1087,41965,0.1136854961514473,0.1217648833990097,-22.733125686645508,0.0083914864808321,4.341116905212402,-9.0,9.0,22.629621505737305,8.745650291442871,1.5891426801681519,-0.7152494788169861,6209
1088,41965,0.06466327607631683,0.06674246490001678,-22.666751861572266,0.00839216634631157,4.945714950561523,-9.0,9.0,22.384977340698242,8.577800750732422,1.591812252998352,-0.7175689935684204,6210
1089,41965,0.7236220240592957,0.6965166926383972,-24.302597045898438,0.00839337520301342,2.832470417022705,-9.0,9.0,24.005632400512695,9.374734878540039,1.537545084953308,-0.7406201958656311,6211
1090,41965,0.08644530177116394,0.10162750631570816,-23.895639419555664,0.008395024575293064,2.6595563888549805,-9.0,9.0,23.51099967956543,9.562308311462402,1.55478036403656,-0.72716224193573,6212
1091,41965,0.09704636037349701,0.1056283563375473,-23.079631805419922,0.008396201767027378,-1.471543550491333,-9.0,9.0,22.887685775756836,8.991143226623535,1.4827020168304443,-0.7177010774612427,6213
1092,41965,0.10151421278715134,0.10465211421251297,-23.293779373168945,0.00839731004089117,0.24071401357650757,-9.0,9.0,23.127796173095703,9.342979431152344,1.5199116468429565,-0.7141159772872925,6214
1093,41965,0.07378744333982468,0.09285406768321991,-24.26791000366211,0.008397798985242844,-2.4205963611602783,-9.0,9.0,23.98784828186035,9.18079948425293,1.4542585611343384,-0.7289772629737854,6215
1094,41965,0.1474931836128235,0.14614003896713257,-23.26198959350586,0.008398503996431828,1.2596261501312256,-9.0,9.0,22.949905395507812,8.886412620544434,1.5273377895355225,-0.6983759999275208,6216
1095,41965,0.0895799770951271,0.07903056591749191,-24.009204864501953,0.00839838758111,-3.5476598739624023,-9.0,9.0,23.795806884765625,8.391837120056152,1.4567044973373413,-0.7057377099990845,6217
1096,41965,0.07895071059465408,0.0869474858045578,-22.192283630371094,0.00839866790920496,1.8236464262008667,-9.0,9.0,22.047744750976562,8.773409843444824,1.5753557682037354,-0.6870802640914917,6218
1097,41965,0.07823064178228378,0.08473779261112213,-23.67019271850586,0.008399056270718575,0.6281392574310303,-9.0,9.0,23.449386596679688,9.647067070007324,1.4923021793365479,-0.7209547162055969,6219
1098,41965,0.06805935502052307,0.07741965353488922,-23.248788833618164,0.008398800157010555,-2.8418991565704346,-9.0,9.0,22.933483123779297,8.82487964630127,1.483195424079895,-0.6907880902290344,6220
1099,41965,0.12846572697162628,0.12423783540725708,-23.577003479003906,0.00839817151427269,-1.8891627788543701,-9.0,9.0,23.304706573486328,9.298111915588379,1.5098029375076294,-0.6935969591140747,6221
1100,41965,0.2006882131099701,0.21179181337356567,-23.786659240722656,0.008397126570343971,-2.2489449977874756,-9.0,9.0,23.66582679748535,9.194883346557617,1.483484148979187,-0.7044513821601868,6222
1101,41965,0.17479300498962402,0.16452978551387787,-24.392780303955078,0.008395172655582428,-5.1004109382629395,-9.0,9.0,24.122968673706055,9.3848237991333,1.4443997144699097,-0.7082650065422058,6223
1102,41965,0.14962716400623322,0.14892181754112244,-23.448787689208984,0.008393627591431141,1.0117141008377075,-9.0,9.0,23.0189208984375,9.185483932495117,1.529847264289856,-0.6990013718605042,6224
1103,41965,0.0890689343214035,0.08516242355108261,-22.595279693603516,0.008391698822379112,-2.5367021560668945,-9.0,9.0,22.382808685302734,8.99376392364502,1.4593082666397095,-0.6987848877906799,6225
1104,41965,0.11138531565666199,0.09157855808734894,-23.264892578125,0.008389050140976906,-4.2933807373046875,-9.0,9.0,23.17053985595703,9.15906810760498,1.4599730968475342,-0.6962466239929199,6226
1105,41965,0.0848626121878624,0.08583325147628784,-23.044828414916992,0.008386250585317612,-1.9615143537521362,-9.0,9.0,22.783933639526367,9.500069618225098,1.5009649991989136,-0.6971112489700317,6227
1106,41965,0.1219506785273552,0.12565547227859497,-23.64927101135254,0.008383115753531456,-2.890638828277588,-9.0,9.0,23.20777702331543,9.403040885925293,1.4750066995620728,-0.7156633734703064,6228
1107,41965,0.08155708014965057,0.08704569935798645,-23.960529327392578,0.008379926905035973,-1.7462029457092285,-9.0,9.0,23.66286849975586,9.39102840423584,1.491457223892212,-0.7296757698059082,6229
1108,41965,0.11206820607185364,0.1384049355983734,-22.778078079223633,0.008377201855182648,0.7012689709663391,-9.0,9.0,22.783885955810547,9.125029563903809,1.495416522026062,-0.717694103717804,6230
1109,41965,0.09457264840602875,0.1009676605463028,-23.862762451171875,0.00837576761841774,5.528131008148193,-9.0,9.0,23.701000213623047,9.215052604675293,1.5857789516448975,-0.7221115231513977,6231
1110,41965,0.1206461489200592,0.1747482866048813,-23.244728088378906,0.008375152945518494,3.198202610015869,-9.0,9.0,22.788288116455078,9.22017765045166,1.5653358697891235,-0.7318913340568542,6232
1111,41965,0.10617207735776901,0.11892782151699066,-22.99000358581543,0.008375615812838078,6.284808158874512,-9.0,9.0,22.688140869140625,8.6793212890625,1.6013048887252808,-0.7176799178123474,6233
1112,41965,0.15068961679935455,0.2020249366760254,-23.24919891357422,0.008376866579055786,3.9277565479278564,-9.0,9.0,23.341243743896484,9.284862518310547,1.5768814086914062,-0.7340307831764221,6234
1113,41965,0.08002384006977081,0.08289738744497299,-23.05358123779297,0.008379007689654827,6.244275093078613,-9.0,9.0,22.976165771484375,9.140859603881836,1.6056221723556519,-0.7234025001525879,6235
1114,41965,0.11655332893133163,0.14588186144828796,-23.799808502197266,0.008381317369639874,1.7929714918136597,-9.0,9.0,23.42974090576172,8.791776657104492,1.5351781845092773,-0.733475387096405,6236
1115,41965,0.07262979447841644,0.09176792204380035,-23.676963806152344,0.008384047076106071,3.05708909034729,-9.0,9.0,23.445796966552734,9.489569664001465,1.5742210149765015,-0.7454233169555664,6237
1116,41965,0.08595024049282074,0.10666614025831223,-23.093185424804688,0.00838739424943924,4.1958842277526855,-9.0,9.0,23.09853172302246,9.178671836853027,1.584038496017456,-0.7234010696411133,6238
1117,41965,0.07250161468982697,0.1123703345656395,-23.698213577270508,0.008391422219574451,5.439693450927734,-9.0,9.0,23.64836311340332,9.152722358703613,1.577062964439392,-0.7593302130699158,6239
1118,41965,0.10127252340316772,0.12113713473081589,-24.294538497924805,0.008395437151193619,1.7966548204421997,-9.0,9.0,23.945913314819336,9.47795581817627,1.524664044380188,-0.7453280687332153,6240
1119,41965,0.09116781502962112,0.1153598204255104,-22.82781410217285,0.00839892029762268,-0.624341607093811,-9.0,9.0,22.56422996520996,8.761321067810059,1.527189016342163,-0.7179747819900513,6241
1120,41965,0.061567675322294235,0.07822578400373459,-24.079336166381836,0.008401175029575825,-4.12240743637085,-9.0,9.0,23.96648406982422,8.744465827941895,1.4272640943527222,-0.7354663610458374,6242
1121,41965,0.11975638568401337,0.11344322562217712,-23.90508460998535,0.008402477018535137,-3.4266648292541504,-9.0,9.0,23.77010726928711,9.4126615524292,1.4466010332107544,-0.7336867451667786,6243
1122,41965,0.06485407799482346,0.06889563798904419,-23.14744758605957,0.008402981795370579,-3.128422260284424,-9.0,9.0,22.942909240722656,8.971364974975586,1.463327169418335,-0.7193945646286011,6244
1123,41965,0.10011331737041473,0.11903826892375946,-24.391826629638672,0.008402417413890362,-7.176223278045654,-9.0,9.0,24.065946578979492,9.418070793151855,1.3846923112869263,-0.7352069020271301,6245
1124,41965,0.07811810076236725,0.08094223588705063,-24.044506072998047,0.008400887250900269,-5.731277942657471,-9.0,9.0,23.862852096557617,8.924464225769043,1.4253829717636108,-0.7286816239356995,6246
1125,41965,0.08971726894378662,0.110655777156353,-23.805374145507812,0.008398603647947311,-4.255012512207031,-9.0,9.0,23.647966384887695,9.021286964416504,1.409337043762207,-0.7263810038566589,6247
1126,41965,0.08491065353155136,0.09748194366693497,-23.88534164428711,0.008395829237997532,-3.3870410919189453,-9.0,9.0,23.47711181640625,9.235845565795898,1.4418400526046753,-0.7413800358772278,6248
1127,41965,0.09017721563577652,0.08124928176403046,-23.113296508789062,0.008393075317144394,-1.2071781158447266,-9.0,9.0,22.925546646118164,9.205304145812988,1.5010693073272705,-0.7136744856834412,6249
1128,41965,0.18595993518829346,0.1636957973241806,-23.036157608032227,0.008389578200876713,-7.226893424987793,-9.0,9.0,22.930828094482422,9.412720680236816,1.4199106693267822,-0.701256275177002,6250
1129,41965,0.12937119603157043,0.09499818831682205,-24.069665908813477,0.00838556606322527,-4.063414573669434,-9.0,9.0,23.75770378112793,9.186604499816895,1.4349162578582764,-0.7232248187065125,6251
1130,41965,0.06423014402389526,0.056909605860710144,-23.651987075805664,0.008380945771932602,-5.278919219970703,-9.0,9.0,23.490921020507812,8.720548629760742,1.4338194131851196,-0.724430501461029,6252
1131,41965,0.08487559854984283,0.09496068954467773,-22.728052139282227,0.008376119658350945,-3.145045280456543,-9.0,9.0,22.588912963867188,9.006475448608398,1.4767557382583618,-0.7075510621070862,6253
1132,41965,0.08209946751594543,0.07445991784334183,-23.930112838745117,0.008370760828256607,-9.201432228088379,-9.0,9.0,23.768001556396484,9.518717765808105,1.3879364728927612,-0.7337297797203064,6254
1133,41965,0.11817982792854309,0.11443284153938293,-24.663471221923828,0.008364931680262089,-8.701396942138672,-9.0,9.0,24.40066909790039,9.57490062713623,1.3666199445724487,-0.7414213418960571,6255
1134,41965,0.07735174894332886,0.08994494378566742,-23.801593780517578,0.008359253406524658,-2.038783073425293,-9.0,9.0,23.617965698242188,9.279947280883789,1.4743913412094116,-0.7310463190078735,6256
1135,41965,0.07263322174549103,0.0652782991528511,-23.72333335876465,0.008353132754564285,-5.970370292663574,-9.0,9.0,23.570587158203125,8.855319023132324,1.4071301221847534,-0.7409701347351074,6257
1136,41965,0.11995811015367508,0.1037779152393341,-22.698272705078125,0.008347033523023129,-2.8076536655426025,-9.0,9.0,22.401596069335938,9.117218017578125,1.438735008239746,-0.7408429384231567,6258
1137,41965,0.08861362189054489,0.08815421164035797,-23.803361892700195,0.008340559899806976,-4.681983947753906,-9.0,9.0,23.492340087890625,9.287351608276367,1.4177197217941284,-0.7518940567970276,6259
1138,41965,0.05957632139325142,0.07770925760269165,-23.77112579345703,0.008333730511367321,-6.536009788513184,-9.0,9.0,23.566532135009766,9.00890064239502,1.3895539045333862,-0.7375106811523438,6260
1139,41965,0.08889470249414444,0.07801911979913712,-23.810195922851562,0.008326580747961998,-6.6783905029296875,-9.0,9.0,23.722824096679688,9.461725234985352,1.3823529481887817,-0.7486443519592285,6261
1140,41965,0.08226801455020905,0.08548173308372498,-23.846471786499023,0.008319499902427197,-3.0793240070343018,-9.0,9.0,23.559053421020508,9.451098442077637,1.4747064113616943,-0.7446902394294739,6262
1141,41965,0.09072205424308777,0.08560224622488022,-24.191875457763672,0.008312505669891834,-2.9818530082702637,-9.0,9.0,23.92540740966797,9.327695846557617,1.4437229633331299,-0.7377223372459412,6263
1142,41965,0.06388197094202042,0.06501630693674088,-22.394010543823242,0.008306383155286312,0.819419264793396,-9.0,9.0,22.160114288330078,8.439887046813965,1.5453687906265259,-0.7195311188697815,6264
1143,41965,0.24947604537010193,0.2157129943370819,-23.821910858154297,0.008299870416522026,-5.5059027671813965,-9.0,9.0,23.801361083984375,9.381448745727539,1.4240747690200806,-0.7287735939025879,6265
1144,41965,0.08686994016170502,0.10639167577028275,-23.797863006591797,0.008294264785945415,1.2011932134628296,-9.0,9.0,23.537281036376953,8.937620162963867,1.5334224700927734,-0.7359343767166138,6266
1145,41965,0.09332845360040665,0.07487126439809799,-24.11968994140625,0.008288808166980743,-1.9490835666656494,-9.0,9.0,23.827655792236328,9.52708625793457,1.4641507863998413,-0.7409806251525879,6267
1146,41965,0.09535932540893555,0.08086183667182922,-23.377832412719727,0.00828290544450283,-4.7426276206970215,-9.0,9.0,23.272972106933594,9.192615509033203,1.4343045949935913,-0.7267776131629944,6268
1147,41965,0.10386025160551071,0.08524654805660248,-23.920974731445312,0.008277286775410175,-1.4718587398529053,-9.0,9.0,23.779624938964844,9.116378784179688,1.4731919765472412,-0.7347601652145386,6269
1148,41965,0.11176136136054993,0.11104373633861542,-23.977394104003906,0.008271231316030025,-4.979659557342529,-9.0,9.0,23.540939331054688,9.34052848815918,1.4124782085418701,-0.7123182415962219,6270
1149,41965,0.06968250870704651,0.06446075439453125,-23.284053802490234,0.008264780975878239,-4.844366550445557,-9.0,9.0,22.986328125,9.200408935546875,1.4381237030029297,-0.7121683955192566,6271
1150,41965,0.09205348044633865,0.0828893631696701,-23.566890716552734,0.008257981389760971,-6.134699821472168,-9.0,9.0,23.505659103393555,9.044540405273438,1.3900665044784546,-0.7164459824562073,6272
1151,41965,0.08897443860769272,0.09519201517105103,-23.979394912719727,0.008250868879258633,-9.281890869140625,-9.0,9.0,23.79775047302246,8.997154235839844,1.3990367650985718,-0.6990319490432739,6273
1152,41965,0.10784010589122772,0.09267723560333252,-23.8821964263916,0.0082441046833992,-1.7403926849365234,-9.0,9.0,23.467254638671875,8.997390747070312,1.495546579360962,-0.6880591511726379,6274
1153,41965,0.07176031917333603,0.06298387050628662,-24.69769287109375,0.008237023837864399,-7.972476005554199,-9.0,9.0,24.421863555908203,9.342658042907715,1.3875675201416016,-0.7090086936950684,6275
1154,41965,0.10048308968544006,0.09540493786334991,-23.424583435058594,0.00822965893894434,-5.374512195587158,-9.0,9.0,23.386699676513672,8.765772819519043,1.4399513006210327,-0.6756437420845032,6276
1155,41965,0.09643451869487762,0.09789084643125534,-23.365726470947266,0.008222406730055809,-3.024780511856079,-9.0,9.0,23.121726989746094,9.149998664855957,1.4808461666107178,-0.7002997398376465,6277
1156,41965,0.15757964551448822,0.12548990547657013,-24.635578155517578,0.008215156383812428,-3.495814085006714,-9.0,9.0,24.264663696289062,9.105746269226074,1.4585485458374023,-0.7156816720962524,6278
1157,41965,0.10590182989835739,0.09247353672981262,-23.248701095581055,0.008208120241761208,-2.4889960289001465,-9.0,9.0,23.075885772705078,8.944952964782715,1.4759384393692017,-0.6918794512748718,6279
1158,41965,0.08514557778835297,0.07823824882507324,-24.14411163330078,0.00820097979158163,-3.913455009460449,-9.0,9.0,24.039539337158203,9.466084480285645,1.4555785655975342,-0.7125154733657837,6280
1159,41965,0.08466740697622299,0.0759899914264679,-24.409250259399414,0.008193565532565117,-6.264078140258789,-9.0,9.0,24.11515998840332,9.223165512084961,1.4258804321289062,-0.7073293924331665,6281
1160,41965,0.10396262258291245,0.08355318009853363,-23.854097366333008,0.008186383172869682,-2.477013111114502,-9.0,9.0,23.44805908203125,8.730234146118164,1.4962912797927856,-0.6975478529930115,6282
1161,41965,0.06962054967880249,0.05699528381228447,-23.40155601501465,0.008179476484656334,-2.1450908184051514,-9.0,9.0,23.22343635559082,9.118118286132812,1.4919779300689697,-0.696607768535614,6283
1162,41965,0.08850377053022385,0.08706620335578918,-23.418338775634766,0.008172981441020966,-1.3630813360214233,-9.0,9.0,23.287872314453125,8.925586700439453,1.4997475147247314,-0.6998992562294006,6284
1163,41965,0.11125832051038742,0.10688147693872452,-25.218128204345703,0.008167581632733345,2.1515142917633057,-9.0,9.0,24.887466430664062,10.270891189575195,1.5121605396270752,-0.7523277997970581,6285
1164,41965,0.11480661481618881,0.09172837436199188,-25.22808074951172,0.008161886595189571,-4.063150405883789,-9.0,9.0,24.82398223876953,9.662337303161621,1.4431979656219482,-0.7392865419387817,6286
1165,41965,0.10391806811094284,0.09899423271417618,-23.54286003112793,0.008156773634254932,0.07096624374389648,-9.0,9.0,23.478816986083984,9.324856758117676,1.5209510326385498,-0.7122229337692261,6287
1166,41965,0.11001164466142654,0.09096667170524597,-24.35297203063965,0.008151955902576447,-1.045601487159729,-9.0,9.0,24.249000549316406,9.15060043334961,1.4812604188919067,-0.7342633008956909,6288
1167,41965,0.10592839866876602,0.0986410453915596,-24.201642990112305,0.008146963082253933,-3.2020273208618164,-9.0,9.0,23.856233596801758,9.26451301574707,1.4710912704467773,-0.7347095608711243,6289
1168,41965,0.08677955716848373,0.07153134793043137,-24.42658042907715,0.00814155675470829,-4.43333625793457,-9.0,9.0,24.096717834472656,9.330293655395508,1.4353567361831665,-0.7360845804214478,6290
1169,41965,0.10044775903224945,0.09908716380596161,-23.96407127380371,0.008136612363159657,-0.37706702947616577,-9.0,9.0,23.84109878540039,9.734224319458008,1.5142005681991577,-0.7362121939659119,6291
1170,41965,0.12347880005836487,0.1196436733007431,-24.49477767944336,0.008132330141961575,0.809464693069458,-9.0,9.0,24.373912811279297,9.615055084228516,1.533110499382019,-0.7321263551712036,6292
1171,41965,0.08014555275440216,0.09488718956708908,-23.999858856201172,0.00812796875834465,-2.46217679977417,-9.0,9.0,23.636146545410156,9.148935317993164,1.4601266384124756,-0.7320866584777832,6293
1172,41965,0.09440312534570694,0.09969380497932434,-24.58209800720215,0.008123757317662239,-1.3960211277008057,-9.0,9.0,24.238584518432617,9.330379486083984,1.4704633951187134,-0.7250925302505493,6294
1173,41965,0.102809377014637,0.09366890788078308,-23.063261032104492,0.00811930000782013,-3.238762378692627,-9.0,9.0,22.970151901245117,9.20671558380127,1.490535020828247,-0.7017027139663696,6295
1174,41965,0.09041625261306763,0.10423220694065094,-23.987810134887695,0.008114941418170929,-1.671552300453186,-9.0,9.0,23.86958885192871,8.806344032287598,1.4698630571365356,-0.7218621969223022,6296
1175,41965,0.10530117899179459,0.10644307732582092,-24.010963439941406,0.00811032298952341,-3.38712739944458,-9.0,9.0,23.619873046875,8.914994239807129,1.468945860862732,-0.7180508971214294,6297
1176,41965,0.08470865339040756,0.082880400121212,-24.774246215820312,0.008105277083814144,-4.330136775970459,-9.0,9.0,24.426963806152344,9.261042594909668,1.4651050567626953,-0.7301082611083984,6298
1177,41965,0.1125623881816864,0.09117771685123444,-23.558137893676758,0.008100250735878944,-2.376389980316162,-9.0,9.0,23.46548080444336,9.445470809936523,1.4645699262619019,-0.7181841731071472,6299
1178,41965,0.13238394260406494,0.12928394973278046,-24.808856964111328,0.00809474103152752,-8.016292572021484,-9.0,9.0,24.734708786010742,9.288419723510742,1.376272201538086,-0.7339205145835876,6300
1179,41965,0.1467554271221161,0.13377684354782104,-24.011993408203125,0.008088798262178898,-6.2812089920043945,-9.0,9.0,23.582069396972656,9.610408782958984,1.3915059566497803,-0.7380908727645874,6301
1180,41965,0.0735568106174469,0.07999495416879654,-23.62421226501465,0.008082560263574123,-4.3643693923950195,-9.0,9.0,23.267295837402344,8.943044662475586,1.4518792629241943,-0.7122136950492859,6302
1181,41965,0.07483333349227905,0.06310062855482101,-23.730884552001953,0.008076503872871399,-2.1690833568573,-9.0,9.0,23.62192726135254,8.813726425170898,1.4626734256744385,-0.7251431345939636,6303
1182,41965,0.1349601447582245,0.11693271994590759,-24.423616409301758,0.008070109412074089,-4.638719081878662,-9.0,9.0,24.275779724121094,9.584847450256348,1.439850926399231,-0.7605403065681458,6304
1183,41965,0.09411460161209106,0.07225281745195389,-23.447824478149414,0.008063877932727337,-2.3313145637512207,-9.0,9.0,23.021095275878906,8.874744415283203,1.472118616104126,-0.7320895195007324,6305
1184,41965,0.09719764441251755,0.09848659485578537,-24.27004051208496,0.008057840168476105,-2.1030924320220947,-9.0,9.0,23.980388641357422,9.119322776794434,1.4817441701889038,-0.7395294308662415,6306
1185,41965,0.10811614990234375,0.10457713901996613,-25.704378128051758,0.008051429875195026,-6.25943660736084,-9.0,9.0,25.562105178833008,9.054483413696289,1.3743553161621094,-0.7920170426368713,6307
1186,41965,0.06886940449476242,0.0753687173128128,-24.13712501525879,0.008045350201427937,-1.506533145904541,-9.0,9.0,23.940185546875,9.059065818786621,1.4941956996917725,-0.7519156336784363,6308
1187,41965,0.06772046536207199,0.07351213693618774,-24.04782485961914,0.008039586246013641,-1.448807954788208,-9.0,9.0,23.76087188720703,9.621634483337402,1.489999771118164,-0.7668238878250122,6309
1188,41965,0.0810982882976532,0.08289647847414017,-23.71651268005371,0.00803412962704897,-1.3225514888763428,-9.0,9.0,23.415225982666016,9.596364974975586,1.5052863359451294,-0.7672572731971741,6310
1189,41965,0.09425720572471619,0.11291749775409698,-23.066566467285156,0.008029353804886341,0.6605517864227295,-9.0,9.0,22.92776870727539,9.294865608215332,1.5056322813034058,-0.7572347521781921,6311
1190,41965,0.9709228873252869,0.754672110080719,-24.594234466552734,0.00802486389875412,-0.9216494560241699,-9.0,9.0,24.393253326416016,9.955955505371094,1.4717258214950562,-0.7899969220161438,6312
1191,41965,0.09988076984882355,0.09511908143758774,-24.467334747314453,0.008020912297070026,0.42442962527275085,-9.0,9.0,24.255123138427734,9.1079740524292,1.4896742105484009,-0.7890310883522034,6313
1192,41965,0.10872913897037506,0.08949191123247147,-23.50175666809082,0.008017734624445438,1.8660547733306885,-9.0,9.0,23.355266571044922,9.341872215270996,1.4954808950424194,-0.7745495438575745,6314
1193,41965,0.11575573682785034,0.091004379093647,-23.482135772705078,0.008014928549528122,0.2650379240512848,-9.0,9.0,23.238483428955078,9.018152236938477,1.5038830041885376,-0.7527323961257935,6315
1194,41965,0.10504379868507385,0.10199615359306335,-24.897216796875,0.00801142118871212,-5.301471710205078,-9.0,9.0,24.745861053466797,9.33118724822998,1.4231154918670654,-0.7836489081382751,6316
1195,41965,0.14257259666919708,0.13937276601791382,-25.036090850830078,0.008007456548511982,-3.9686696529388428,-9.0,9.0,24.835031509399414,9.427530288696289,1.401907205581665,-0.7772520184516907,6317
1196,41965,0.09184398502111435,0.08518030494451523,-24.788740158081055,0.008003112860023975,-3.8141160011291504,-9.0,9.0,24.553747177124023,8.492470741271973,1.422707438468933,-0.7568725943565369,6318
1197,41965,0.0795266404747963,0.07314369082450867,-23.946487426757812,0.007998225279152393,-5.488607883453369,-9.0,9.0,23.759281158447266,8.884321212768555,1.3995475769042969,-0.7516461610794067,6319
1198,41965,0.20595170557498932,0.18451938033103943,-24.374080657958984,0.007993093691766262,-3.607518196105957,-9.0,9.0,24.12075424194336,9.174699783325195,1.4354512691497803,-0.7463908195495605,6320
1199,41965,0.09215018153190613,0.09949684888124466,-24.602033615112305,0.007987911812961102,-2.7818517684936523,-9.0,9.0,24.194276809692383,9.160622596740723,1.4596998691558838,-0.7583795189857483,6321
1200,41965,0.09354047477245331,0.08276303857564926,-24.304046630859375,0.007982272654771805,-5.683094024658203,-9.0,9.0,24.053821563720703,8.756535530090332,1.4076093435287476,-0.7566677331924438,6322
1201,41965,0.131570503115654,0.14543196558952332,-24.74526023864746,0.007976223714649677,-5.224792003631592,-9.0,9.0,24.693540573120117,10.00047779083252,1.3874928951263428,-0.7892224192619324,6323
1202,41965,0.12330727279186249,0.11885449290275574,-24.91073989868164,0.007969805970788002,-5.661738872528076,-9.0,9.0,24.539470672607422,8.816412925720215,1.3893260955810547,-0.7798450589179993,6324
1203,41965,0.10799255222082138,0.11146081984043121,-24.157577514648438,0.007964236661791801,1.018951654434204,-9.0,9.0,23.900911331176758,9.086976051330566,1.4743069410324097,-0.7731732130050659,6325
1204,41965,0.07882832735776901,0.06311267614364624,-23.89584732055664,0.007958455011248589,-3.821347236633301,-9.0,9.0,23.736583709716797,9.077980995178223,1.4147183895111084,-0.76438969373703,6326
1205,41965,0.17730510234832764,0.1350758671760559,-22.65860366821289,0.007953193038702011,-0.28215792775154114,-9.0,9.0,22.348278045654297,8.468579292297363,1.5307096242904663,-0.7334209084510803,6327
1206,41965,0.11756844818592072,0.11828643083572388,-23.66609001159668,0.007947960868477821,-2.4630210399627686,-9.0,9.0,23.494922637939453,9.298142433166504,1.4832273721694946,-0.7680317163467407,6328
1207,41965,0.06662334501743317,0.06683877855539322,-24.197397232055664,0.007943429984152317,0.8756228685379028,-9.0,9.0,23.920461654663086,8.799911499023438,1.4717472791671753,-0.7679976224899292,6329
1208,41965,0.11047208309173584,0.08454284071922302,-23.64096450805664,0.007939434610307217,0.42140018939971924,-9.0,9.0,23.357620239257812,8.867292404174805,1.5241042375564575,-0.769088625907898,6330
1209,41965,0.1720380187034607,0.14531071484088898,-24.730430603027344,0.007935774512588978,-0.3147106170654297,-9.0,9.0,24.502628326416016,9.718892097473145,1.4597256183624268,-0.7995403409004211,6331
1210,41965,0.10052965581417084,0.08497186005115509,-23.4139347076416,0.007933402433991432,4.550435543060303,-9.0,9.0,23.156322479248047,9.310086250305176,1.5430039167404175,-0.7743653059005737,6332
1211,41965,0.10279890894889832,0.09843895584344864,-23.788204193115234,0.007930967025458813,-1.48583984375,-9.0,9.0,23.474571228027344,8.862751007080078,1.481101393699646,-0.7642110586166382,6333
1212,41965,0.1332893669605255,0.09551210701465607,-23.80615997314453,0.007928524166345596,-1.2324923276901245,-9.0,9.0,23.5202693939209,8.957494735717773,1.4662504196166992,-0.7580987215042114,6334
1213,41965,0.1276388019323349,0.1425887942314148,-24.108749389648438,0.007926445454359055,0.5941919088363647,-9.0,9.0,23.86783218383789,8.903491973876953,1.542740821838379,-0.7615360617637634,6335
1214,41965,0.08737406879663467,0.09208998084068298,-23.615272521972656,0.007925081066787243,2.5024185180664062,-9.0,9.0,23.358741760253906,8.88225269317627,1.5250892639160156,-0.7516195178031921,6336
1215,41965,0.110771045088768,0.11701695621013641,-24.389862060546875,0.007924363017082214,2.531837224960327,-9.0,9.0,24.106801986694336,9.197518348693848,1.5398129224777222,-0.7711855173110962,6337
1216,41965,0.0902678519487381,0.10367389768362045,-25.037052154541016,0.007923935540020466,1.0796397924423218,-9.0,9.0,24.757200241088867,9.130603790283203,1.4977020025253296,-0.7940934300422668,6338
1217,41965,0.12143293023109436,0.13642306625843048,-24.598012924194336,0.007924282923340797,3.6047301292419434,-9.0,9.0,24.44733238220215,9.367785453796387,1.5268526077270508,-0.7837680578231812,6339
1218,41965,0.08432156592607498,0.08769253641366959,-23.928096771240234,0.007924774661660194,0.8820244073867798,-9.0,9.0,23.6191463470459,9.01567268371582,1.5107460021972656,-0.7562761902809143,6340
1219,41965,0.08937424421310425,0.10638625174760818,-23.28822898864746,0.007925874553620815,3.2490615844726562,-9.0,9.0,22.923358917236328,8.227875709533691,1.5651227235794067,-0.7362437844276428,6341
1220,41965,0.07985491305589676,0.06994820386171341,-23.5433406829834,0.007927147671580315,1.3873380422592163,-9.0,9.0,23.39280891418457,8.681424140930176,1.5316241979599,-0.7432246804237366,6342
1221,41965,0.1178533136844635,0.13477902114391327,-23.923377990722656,0.0079286377876997,1.6903012990951538,-9.0,9.0,23.863656997680664,8.803720474243164,1.5372445583343506,-0.7552423477172852,6343
1222,41965,0.09495864063501358,0.080032117664814,-24.514001846313477,0.007929635234177113,-1.6814429759979248,-9.0,9.0,24.161434173583984,9.63681411743164,1.4801982641220093,-0.7571063041687012,6344
1223,41965,0.08078965544700623,0.10265318304300308,-25.51318359375,0.007930482737720013,-0.25797009468078613,-9.0,9.0,25.15150260925293,9.381402969360352,1.4797710180282593,-0.7898252606391907,6345
1224,41965,0.09445884823799133,0.08967012912034988,-23.687854766845703,0.007931613363325596,1.7988861799240112,-9.0,9.0,23.46624755859375,9.145069122314453,1.5213004350662231,-0.7644872069358826,6346
1225,41965,0.1054542064666748,0.12836308777332306,-24.04727554321289,0.007933251559734344,3.047581911087036,-9.0,9.0,23.794410705566406,9.527422904968262,1.5443905591964722,-0.753330647945404,6347
1226,41965,0.08547458052635193,0.07839659601449966,-24.84258460998535,0.007934457622468472,-1.3097470998764038,-9.0,9.0,24.502553939819336,9.137843132019043,1.4998277425765991,-0.7500692009925842,6348
1227,41965,0.12574496865272522,0.09744100272655487,-24.290822982788086,0.00793456006795168,-4.978771209716797,-9.0,9.0,24.085838317871094,9.397329330444336,1.416095495223999,-0.7766674757003784,6349
1228,41965,0.0816163420677185,0.07547812908887863,-24.023786544799805,0.007934779860079288,0.6264536380767822,-9.0,9.0,23.81565284729004,9.09460735321045,1.536224603652954,-0.7357506155967712,6350
1229,41965,0.08169730007648468,0.0963389128446579,-24.323442459106445,0.007934666238725185,-1.520801067352295,-9.0,9.0,24.127113342285156,9.465871810913086,1.4822540283203125,-0.7459914088249207,6351
1230,41965,0.14097069203853607,0.0940663293004036,-24.520051956176758,0.007934393361210823,-0.8382997512817383,-9.0,9.0,24.191593170166016,9.396411895751953,1.5106371641159058,-0.744600772857666,6352
1231,41965,0.09503249078989029,0.0768108144402504,-23.493824005126953,0.007933962158858776,-0.9159111976623535,-9.0,9.0,23.306400299072266,8.679439544677734,1.4990051984786987,-0.7240639328956604,6353
1232,41965,0.12808124721050262,0.1145540326833725,-24.08168601989746,0.007933489978313446,-0.4095461964607239,-9.0,9.0,23.907554626464844,9.222704887390137,1.5180596113204956,-0.7372894287109375,6354
1233,41965,0.07704508304595947,0.05634245276451111,-23.54474639892578,0.007932392880320549,-3.2894535064697266,-9.0,9.0,23.271453857421875,8.423994064331055,1.4678682088851929,-0.7411078810691833,6355
1234,41965,0.11391618847846985,0.08200976252555847,-24.240629196166992,0.007931020110845566,-1.8859057426452637,-9.0,9.0,23.889034271240234,8.784327507019043,1.4587948322296143,-0.748608410358429,6356
1235,41965,0.18587394058704376,0.1334494650363922,-23.321550369262695,0.007929181680083275,-2.942927837371826,-9.0,9.0,23.245752334594727,8.760517120361328,1.4714508056640625,-0.7417798638343811,6357
1236,41965,0.17578157782554626,0.1248151957988739,-24.28156280517578,0.00792680773884058,-3.5141007900238037,-9.0,9.0,24.199806213378906,9.464876174926758,1.4238659143447876,-0.7565184831619263,6358
1237,41965,0.11864598095417023,0.10638409107923508,-25.03134536743164,0.007924411445856094,-1.2595590353012085,-9.0,9.0,24.705387115478516,9.556770324707031,1.4790643453598022,-0.7626385688781738,6359
1238,41965,0.13706713914871216,0.1008947566151619,-24.926040649414062,0.007921842858195305,-2.0313785076141357,-9.0,9.0,24.516338348388672,9.174886703491211,1.4657500982284546,-0.7643999457359314,6360
1239,41965,0.07744847983121872,0.0629432424902916,-23.9737548828125,0.007919145748019218,-1.8777332305908203,-9.0,9.0,23.790456771850586,8.85827350616455,1.451466679573059,-0.7457576394081116,6361
1240,41965,0.17139948904514313,0.12233918905258179,-24.12640380859375,0.007915801368653774,-4.48909854888916,-9.0,9.0,24.114547729492188,9.198933601379395,1.4536311626434326,-0.773186981678009,6362
1241,41965,0.1140555664896965,0.10052608698606491,-24.61300277709961,0.00791226513683796,-2.5822715759277344,-9.0,9.0,24.253774642944336,9.507075309753418,1.4722144603729248,-0.7611108422279358,6363
1242,41965,0.1164412572979927,0.08181679993867874,-24.831371307373047,0.007908154278993607,-4.547477722167969,-9.0,9.0,24.45438575744629,8.772624015808105,1.4320756196975708,-0.765265166759491,6364
1243,41965,0.10265117883682251,0.08701347559690475,-23.537321090698242,0.007904086261987686,-1.8063249588012695,-9.0,9.0,23.435455322265625,8.639357566833496,1.4926820993423462,-0.7452813982963562,6365
1244,41965,0.18285292387008667,0.1338643580675125,-24.16765785217285,0.007900159806013107,-1.2997839450836182,-9.0,9.0,24.024648666381836,8.810996055603027,1.4757936000823975,-0.7399783730506897,6366
1245,41965,0.14750507473945618,0.12657275795936584,-24.575687408447266,0.007896683178842068,0.29599833488464355,-9.0,9.0,24.128812789916992,9.664877891540527,1.5145986080169678,-0.7655178904533386,6367
1246,41965,0.14030721783638,0.1309543251991272,-25.700927734375,0.007893543690443039,-0.0639086365699768,-9.0,9.0,25.383445739746094,9.382006645202637,1.5175974369049072,-0.7639466524124146,6368
1247,41965,0.09300046414136887,0.07173968851566315,-23.790775299072266,0.007891707122325897,4.86325216293335,-9.0,9.0,23.656883239746094,8.797379493713379,1.5816125869750977,-0.744308352470398,6369
1248,41965,0.0953005775809288,0.07169241458177567,-24.106279373168945,0.007890917360782623,4.228294372558594,-9.0,9.0,23.94391632080078,8.863761901855469,1.5932353734970093,-0.7333613634109497,6370
1249,41965,0.09825047105550766,0.08267022669315338,-23.498872756958008,0.007891195826232433,8.365137100219727,-9.0,9.0,23.185924530029297,9.160981178283691,1.6246250867843628,-0.7393214106559753,6371
1250,41965,0.08226174861192703,0.07474119961261749,-24.95023536682129,0.007891843095421791,1.9510822296142578,-9.0,9.0,24.730289459228516,9.349410057067871,1.5377768278121948,-0.7597162127494812,6372
1251,41965,0.1195833683013916,0.10381527990102768,-24.45163917541504,0.007893412373960018,4.865696907043457,-9.0,9.0,24.32311248779297,9.173030853271484,1.5646883249282837,-0.7686460614204407,6373
1252,41965,0.10157410800457001,0.09066762030124664,-24.25912857055664,0.00789571925997734,4.3752312660217285,-9.0,9.0,24.059324264526367,8.932944297790527,1.5742533206939697,-0.7478671669960022,6374
1253,41965,0.09938011318445206,0.0879819467663765,-24.50505828857422,0.007898461073637009,3.2608394622802734,-9.0,9.0,24.15679168701172,9.26004409790039,1.584464430809021,-0.7317910194396973,6375
1254,41965,0.08069892972707748,0.07675044238567352,-23.479215621948242,0.007901580072939396,3.183150291442871,-9.0,9.0,23.284038543701172,8.606307029724121,1.609159231185913,-0.7087653875350952,6376
1255,41965,0.08996571600437164,0.09239805489778519,-23.782211303710938,0.007904598489403725,1.02234947681427,-9.0,9.0,23.586763381958008,8.755812644958496,1.5469871759414673,-0.7044285535812378,6377
1256,41965,0.13733386993408203,0.12185731530189514,-24.48807144165039,0.007907151244580746,-0.8165756464004517,-9.0,9.0,24.25257110595703,9.952475547790527,1.4744317531585693,-0.7324642539024353,6378
1257,41965,0.35974597930908203,0.33412137627601624,-25.754411697387695,0.007908723317086697,-3.5516738891601562,-9.0,9.0,25.368669509887695,9.44589614868164,1.4515419006347656,-0.7532835602760315,6379
1258,41965,0.11553411185741425,0.08883480727672577,-24.40610122680664,0.00790977943688631,-1.7463464736938477,-9.0,9.0,24.140396118164062,9.179669380187988,1.479095458984375,-0.7182025909423828,6380
1259,41965,0.13813835382461548,0.1296362578868866,-24.967147827148438,0.007910752668976784,0.10745358467102051,-9.0,9.0,24.80284309387207,9.563416481018066,1.5006392002105713,-0.7295367121696472,6381
1260,41965,0.07862153649330139,0.07893168926239014,-24.727218627929688,0.00791069958359003,-4.529773712158203,-9.0,9.0,24.42672348022461,8.95576000213623,1.4467231035232544,-0.7347888350486755,6382
1261,41965,0.10846962779760361,0.09285050630569458,-24.321611404418945,0.007910515181720257,-0.6748969554901123,-9.0,9.0,24.060466766357422,9.186361312866211,1.488678216934204,-0.7198314666748047,6383
1262,41965,0.11351229250431061,0.10955381393432617,-24.156009674072266,0.007909677922725677,-3.263540506362915,-9.0,9.0,23.938322067260742,9.119269371032715,1.4441947937011719,-0.7117205262184143,6384
1263,41965,0.10497217625379562,0.08971692621707916,-24.83850860595703,0.007907931692898273,-6.005977153778076,-9.0,9.0,24.667890548706055,9.879916191101074,1.392220377922058,-0.7468624114990234,6385
1264,41965,0.07487025111913681,0.062122225761413574,-24.296142578125,0.007905458100140095,-4.397468566894531,-9.0,9.0,24.00545883178711,9.25229549407959,1.4461702108383179,-0.7296704649925232,6386
1265,41965,0.07366742938756943,0.07880692929029465,-24.455121994018555,0.007902243174612522,-5.739434719085693,-9.0,9.0,24.16168212890625,9.072802543640137,1.3981126546859741,-0.7299180626869202,6387
1266,41965,0.12058710306882858,0.11146607995033264,-24.397192001342773,0.007898619398474693,-3.5626540184020996,-9.0,9.0,24.061309814453125,9.458884239196777,1.431282639503479,-0.7381178736686707,6388
1267,41965,0.10234306752681732,0.10080036520957947,-24.49156951904297,0.007894371636211872,-6.244209289550781,-9.0,9.0,24.275400161743164,9.235674858093262,1.3871597051620483,-0.7430390119552612,6389
1268,41965,0.07802439481019974,0.07633985579013824,-24.693437576293945,0.0078896414488554,-4.454152584075928,-9.0,9.0,24.44819450378418,8.959545135498047,1.4376513957977295,-0.7303065061569214,6390
1269,41965,0.07187395542860031,0.0715906098484993,-23.332881927490234,0.007884688675403595,-3.42219877243042,-9.0,9.0,23.0031795501709,7.907309532165527,1.4619771242141724,-0.7292400002479553,6391
1270,41965,0.09004532545804977,0.07827036082744598,-23.51029396057129,0.00788057316094637,1.6873915195465088,-9.0,9.0,23.173358917236328,8.886823654174805,1.5305306911468506,-0.7249905467033386,6392
1271,41965,0.10383988171815872,0.11715515702962875,-24.33163833618164,0.00787689071148634,0.11504343152046204,-9.0,9.0,24.150304794311523,8.657308578491211,1.4972469806671143,-0.7439694404602051,6393
1272,41965,0.13727159798145294,0.11686783283948898,-24.07036781311035,0.007873274385929108,-1.4820404052734375,-9.0,9.0,23.782608032226562,9.246504783630371,1.4806489944458008,-0.7614442110061646,6394
1273,41965,0.09305084496736526,0.09657599031925201,-23.268566131591797,0.00787077471613884,3.690991163253784,-9.0,9.0,22.838993072509766,8.708752632141113,1.584288239479065,-0.7501357793807983,6395
1274,41965,0.1216752678155899,0.11616396903991699,-23.90766143798828,0.007868992164731026,2.293485641479492,-9.0,9.0,23.66861915588379,9.265523910522461,1.54523503780365,-0.7696496248245239,6396
1275,41965,0.08787884563207626,0.08365627378225327,-24.6264705657959,0.007866906002163887,-2.368211507797241,-9.0,9.0,24.38606834411621,9.181225776672363,1.434712290763855,-0.787653386592865,6397
1276,41965,0.11467547714710236,0.08867666125297546,-24.13357162475586,0.007865372113883495,1.681578278541565,-9.0,9.0,23.772811889648438,8.612482070922852,1.5292786359786987,-0.7554431557655334,6398
1277,41965,0.07442548871040344,0.07508498430252075,-24.22332000732422,0.00786473136395216,3.626160144805908,-9.0,9.0,23.942861557006836,9.420988082885742,1.5589364767074585,-0.7726058959960938,6399
1278,41965,0.08403054624795914,0.08642604947090149,-23.933151245117188,0.007864093407988548,-0.2968681752681732,-9.0,9.0,23.768869400024414,9.350603103637695,1.498260736465454,-0.7697212100028992,6400
1279,41965,0.08121440559625626,0.07145847380161285,-24.191917419433594,0.007863853126764297,1.6348837614059448,-9.0,9.0,23.873825073242188,9.168766021728516,1.5165550708770752,-0.7785953283309937,6401
1280,41965,0.0976995974779129,0.09302754700183868,-24.8074951171875,0.007864071056246758,2.1198654174804688,-9.0,9.0,24.490753173828125,9.32247257232666,1.5081592798233032,-0.7936906814575195,6402
1281,41965,0.09762392938137054,0.09375903755426407,-25.2755184173584,0.007865237072110176,4.752177715301514,-9.0,9.0,25.134296417236328,9.424819946289062,1.5510274171829224,-0.8080881237983704,6403
1282,41965,0.0944463461637497,0.08217636495828629,-23.91657829284668,0.007867101579904556,3.982147455215454,-9.0,9.0,23.726064682006836,8.815945625305176,1.5392483472824097,-0.7680912613868713,6404
1283,41965,0.10228629410266876,0.09879009425640106,-25.354278564453125,0.007868669927120209,-0.5540785789489746,-9.0,9.0,25.090110778808594,9.301210403442383,1.4993083477020264,-0.7889817953109741,6405
1284,41965,0.09332598000764847,0.10466784238815308,-24.942672729492188,0.007869881577789783,-0.9833066463470459,-9.0,9.0,24.750516891479492,9.333199501037598,1.4832533597946167,-0.7912209630012512,6406
1285,41965,0.07532360404729843,0.08377760648727417,-24.34658432006836,0.00787101499736309,0.21495234966278076,-9.0,9.0,24.077392578125,8.972114562988281,1.504581093788147,-0.7662174105644226,6407
1286,41965,0.0888066291809082,0.07326365262269974,-24.891944885253906,0.007871953770518303,-0.39772650599479675,-9.0,9.0,24.655380249023438,8.699699401855469,1.490761399269104,-0.7519041299819946,6408
1287,41965,0.11225169897079468,0.09946275502443314,-25.01368522644043,0.0078719612210989,-4.079531192779541,-9.0,9.0,24.771251678466797,9.22098159790039,1.4487841129302979,-0.7833377122879028,6409
1288,41965,0.1325904130935669,0.12922883033752441,-24.94662857055664,0.007871454581618309,-2.5090160369873047,-9.0,9.0,24.716548919677734,9.493097305297852,1.4587781429290771,-0.7840269804000854,6410
1289,41965,0.09355458617210388,0.08328960090875626,-24.10092544555664,0.007871105335652828,0.5276734828948975,-9.0,9.0,23.7764949798584,9.14074420928955,1.5172998905181885,-0.7660815119743347,6411
1290,41965,0.07754333317279816,0.0812058225274086,-24.223834991455078,0.007870384491980076,-1.985175609588623,-9.0,9.0,23.942569732666016,9.033210754394531,1.4640129804611206,-0.7794761061668396,6412
1291,41965,0.1088000237941742,0.1080704852938652,-24.025333404541016,0.007869656197726727,-0.38624218106269836,-9.0,9.0,23.850696563720703,8.721905708312988,1.467429280281067,-0.7545024752616882,6413
1292,41965,0.0696365237236023,0.0727677047252655,-24.5257511138916,0.007868655025959015,-1.6782753467559814,-9.0,9.0,24.20541000366211,9.145613670349121,1.4708740711212158,-0.7763049006462097,6414
1293,41965,0.11651580780744553,0.11136263608932495,-26.153846740722656,0.007866809144616127,-4.587240695953369,-9.0,9.0,25.874204635620117,9.300525665283203,1.3912798166275024,-0.7962492108345032,6415
1294,41965,0.2248595952987671,0.2102348357439041,-24.013103485107422,0.007864450104534626,-3.4022536277770996,-9.0,9.0,23.897205352783203,9.252710342407227,1.445275068283081,-0.774148166179657,6416
1295,41965,0.06998348236083984,0.0800187736749649,-25.077993392944336,0.007862222380936146,-0.4972442388534546,-9.0,9.0,24.797426223754883,9.367227554321289,1.4546035528182983,-0.7845179438591003,6417
1296,41965,0.09247942268848419,0.07821798324584961,-25.1363525390625,0.007859722711145878,-2.4149346351623535,-9.0,9.0,24.884231567382812,9.13521957397461,1.4838413000106812,-0.7815400958061218,6418
1297,41965,0.08509164303541183,0.09531234949827194,-24.994861602783203,0.007857256568968296,-1.0393613576889038,-9.0,9.0,24.884445190429688,8.960193634033203,1.4624992609024048,-0.781773567199707,6419
1298,41965,0.08107122033834457,0.086260586977005,-24.307899475097656,0.007854548282921314,-2.3695099353790283,-9.0,9.0,24.140220642089844,8.487312316894531,1.4137881994247437,-0.7730355262756348,6420
1299,41965,0.09478657692670822,0.07252137362957001,-25.296661376953125,0.00785178504884243,-1.59108304977417,-9.0,9.0,24.98328971862793,9.552336692810059,1.4575175046920776,-0.7839800715446472,6421
1300,41965,0.11036450415849686,0.1066250279545784,-25.628984451293945,0.007848314940929413,-4.790433883666992,-9.0,9.0,25.401700973510742,9.303759574890137,1.4178494215011597,-0.8016172647476196,6422
1301,41965,0.06540387868881226,0.07063277065753937,-25.114917755126953,0.007844689302146435,-2.430278778076172,-9.0,9.0,24.981203079223633,9.09816837310791,1.4893931150436401,-0.7718175053596497,6423
1302,41965,0.1095142662525177,0.11707177758216858,-24.753650665283203,0.00784098356962204,-2.168531894683838,-9.0,9.0,24.60302734375,9.417644500732422,1.451956868171692,-0.7798303365707397,6424
1303,41965,0.11105179041624069,0.1402289867401123,-24.886781692504883,0.00783674418926239,-4.398480415344238,-9.0,9.0,24.444198608398438,8.648483276367188,1.4027879238128662,-0.7824684977531433,6425
1304,41965,0.07983282953500748,0.07256293296813965,-23.695323944091797,0.007832828909158707,-0.4875982999801636,-9.0,9.0,23.527881622314453,9.100972175598145,1.4799401760101318,-0.7862116694450378,6426
1305,41965,0.09438958764076233,0.10879786312580109,-24.26055145263672,0.007828967645764351,-1.6427273750305176,-9.0,9.0,24.162960052490234,8.896173477172852,1.4543476104736328,-0.7940314412117004,6427
1306,41965,0.07718022912740707,0.0771700069308281,-26.037822723388672,0.007824501022696495,-7.609868049621582,-9.0,9.0,25.708404541015625,8.729996681213379,1.3645459413528442,-0.8007944822311401,6428
1307,41965,0.13011294603347778,0.1513391137123108,-24.52261734008789,0.007819554768502712,-4.522223472595215,-9.0,9.0,24.1018009185791,8.47162914276123,1.4526937007904053,-0.7566884160041809,6429
1308,41965,0.0901564359664917,0.08374425768852234,-23.477523803710938,0.007815290242433548,0.907996416091919,-9.0,9.0,23.31421661376953,8.948190689086914,1.5114294290542603,-0.763151228427887,6430
1309,41965,0.08449532836675644,0.07456321269273758,-24.893550872802734,0.007810767740011215,-3.362516403198242,-9.0,9.0,24.725126266479492,9.496536254882812,1.4261577129364014,-0.7869817018508911,6431
1310,41965,0.08197131752967834,0.08391023427248001,-25.493671417236328,0.007805931381881237,-3.745198965072632,-9.0,9.0,25.107364654541016,9.561281204223633,1.4090458154678345,-0.8049513101577759,6432
1311,41965,0.09387196600437164,0.09290127456188202,-23.670787811279297,0.007800989784300327,-2.884981393814087,-9.0,9.0,23.330963134765625,8.981236457824707,1.4773319959640503,-0.7557039260864258,6433
1312,41965,0.11537580192089081,0.09754188358783722,-24.22797966003418,0.007796783931553364,1.1832259893417358,-9.0,9.0,24.1339168548584,9.268254280090332,1.516498327255249,-0.7853346467018127,6434
1313,41965,0.08843646943569183,0.0844028890132904,-25.522144317626953,0.007792795542627573,-0.9973284006118774,-9.0,9.0,25.20323944091797,9.351454734802246,1.4733089208602905,-0.7859459519386292,6435
1314,41965,0.11241008341312408,0.08856723457574844,-25.10391616821289,0.007788749877363443,-2.218146324157715,-9.0,9.0,24.704574584960938,8.542566299438477,1.4762297868728638,-0.7764978408813477,6436
1315,41965,0.13375109434127808,0.12789617478847504,-24.335472106933594,0.007785612251609564,2.4622297286987305,-9.0,9.0,24.099040985107422,9.422806739807129,1.5480364561080933,-0.7713918685913086,6437
1316,41965,0.09375934302806854,0.1135386973619461,-25.220022201538086,0.007783129345625639,1.6623947620391846,-9.0,9.0,25.09868621826172,8.983606338500977,1.5080146789550781,-0.7795664072036743,6438
1317,41965,0.05903399735689163,0.0660724937915802,-23.12173080444336,0.007781889755278826,6.926407814025879,-9.0,9.0,22.744699478149414,7.814662456512451,1.638345718383789,-0.7209802269935608,6439
1318,41965,0.10617929697036743,0.10470408201217651,-25.31480598449707,0.007781767286360264,5.955169200897217,-9.0,9.0,24.956867218017578,9.39424991607666,1.5598019361495972,-0.7907958030700684,6440
1319,41965,0.08997530490159988,0.08853095769882202,-24.39266586303711,0.007782646920531988,8.102643966674805,-9.0,9.0,24.2048282623291,9.441916465759277,1.6213419437408447,-0.774766743183136,6441
1320,41965,0.10378915071487427,0.09381528943777084,-24.90833854675293,0.007784431800246239,6.073249340057373,-9.0,9.0,24.747350692749023,9.048973083496094,1.5784159898757935,-0.779268741607666,6442
1321,41965,0.10938748717308044,0.08596230298280716,-25.183584213256836,0.007787026930600405,7.816093444824219,-9.0,9.0,24.774911880493164,9.103927612304688,1.5717657804489136,-0.7720916867256165,6443
1322,41965,0.10518167912960052,0.09259380400180817,-25.274978637695312,0.0077900574542582035,3.39211368560791,-9.0,9.0,25.028217315673828,8.833641052246094,1.523214340209961,-0.7800369262695312,6444
1323,41965,0.12700849771499634,0.12034756690263748,-24.896453857421875,0.00779377669095993,7.142404556274414,-9.0,9.0,24.828170776367188,9.263418197631836,1.600479245185852,-0.7614684104919434,6445
1324,41965,0.10434044897556305,0.08591359108686447,-24.286283493041992,0.007798003498464823,4.29716157913208,-9.0,9.0,24.039480209350586,9.13300609588623,1.5939754247665405,-0.7650556564331055,6446
1325,41965,0.1614624261856079,0.1170647144317627,-24.965024948120117,0.007802801672369242,4.946628570556641,-9.0,9.0,24.50774574279785,9.038581848144531,1.5591789484024048,-0.7699342370033264,6447
1326,41965,0.10667510330677032,0.11998151987791061,-23.67446517944336,0.0078081125393509865,5.223905086517334,-9.0,9.0,23.57354736328125,8.439403533935547,1.609034538269043,-0.7292782664299011,6448
1327,41965,0.11888617277145386,0.11385176330804825,-25.16470718383789,0.007813703268766403,3.9426474571228027,-9.0,9.0,25.08641815185547,9.214844703674316,1.5449011325836182,-0.7676515579223633,6449
1328,41965,0.16529050469398499,0.13459163904190063,-25.041751861572266,0.007819577120244503,4.089096546173096,-9.0,9.0,24.71600341796875,9.481507301330566,1.590976357460022,-0.7708487510681152,6450
1329,41965,0.11251398921012878,0.10349474847316742,-25.50043487548828,0.007825127802789211,1.250697374343872,-9.0,9.0,25.16998291015625,8.704447746276855,1.5269556045532227,-0.7476366758346558,6451
1330,41965,0.17288540303707123,0.16421173512935638,-25.8122615814209,0.00783019233494997,0.3202308416366577,-9.0,9.0,25.731788635253906,9.786964416503906,1.4705885648727417,-0.7931820154190063,6452
1331,41965,0.0928887128829956,0.08464089035987854,-24.349958419799805,0.007835496217012405,3.591425895690918,-9.0,9.0,24.099416732788086,9.375243186950684,1.5566493272781372,-0.7323092222213745,6453
1332,41965,0.13403962552547455,0.1283874213695526,-24.64187240600586,0.007840186357498169,-0.42334961891174316,-9.0,9.0,24.259218215942383,9.308830261230469,1.5156126022338867,-0.7382679581642151,6454
1333,41965,0.12631523609161377,0.09249897301197052,-25.690370559692383,0.007843409664928913,-4.925286769866943,-9.0,9.0,25.372814178466797,9.600520133972168,1.4292123317718506,-0.764707624912262,6455
1334,41965,0.14707666635513306,0.12967528402805328,-24.00347328186035,0.007846391759812832,0.37424349784851074,-9.0,9.0,23.91769790649414,8.765116691589355,1.5259116888046265,-0.716668426990509,6456
1335,41965,0.06710588186979294,0.0583249107003212,-24.778648376464844,0.007848704233765602,-1.8135067224502563,-9.0,9.0,24.52474594116211,8.773921966552734,1.494696855545044,-0.7172690033912659,6457
1336,41965,0.09224965423345566,0.09144911170005798,-24.925405502319336,0.007851223461329937,2.1216862201690674,-9.0,9.0,24.49115753173828,9.066783905029297,1.5323293209075928,-0.7389448881149292,6458
1337,41965,0.11133754998445511,0.08641922473907471,-25.581083297729492,0.007852799259126186,-3.3547184467315674,-9.0,9.0,25.30500030517578,8.746780395507812,1.4265406131744385,-0.7703221440315247,6459
1338,41965,0.09968824684619904,0.09062031656503677,-25.111595153808594,0.007854259572923183,0.198259174823761,-9.0,9.0,24.88941192626953,8.962533950805664,1.5191642045974731,-0.7555692791938782,6460
1339,41965,0.10540717840194702,0.07206407189369202,-25.8763427734375,0.007855840027332306,1.2778466939926147,-9.0,9.0,25.663454055786133,8.967206954956055,1.4940587282180786,-0.7693724632263184,6461
1340,41965,0.09692548960447311,0.09234849363565445,-24.98846435546875,0.007857522927224636,1.241769790649414,-9.0,9.0,24.71550178527832,8.686660766601562,1.5263322591781616,-0.7698788046836853,6462
1341,41965,0.17025499045848846,0.18291747570037842,-25.320858001708984,0.007859489880502224,2.1960442066192627,-9.0,9.0,24.947429656982422,9.716495513916016,1.4990482330322266,-0.7802826166152954,6463
1342,41965,0.13854537904262543,0.12356994301080704,-25.357711791992188,0.007861517369747162,1.2254316806793213,-9.0,9.0,25.26093864440918,9.150959014892578,1.5135746002197266,-0.7762005925178528,6464
1343,41965,0.07755151391029358,0.08114675432443619,-23.831832885742188,0.007863800972700119,2.194659471511841,-9.0,9.0,23.589265823364258,8.89531135559082,1.5241620540618896,-0.7464930415153503,6465
1344,41965,0.11792077124118805,0.0983145534992218,-24.951610565185547,0.007866861298680305,5.204437255859375,-9.0,9.0,24.577285766601562,8.859527587890625,1.5735464096069336,-0.762409508228302,6466
1345,41965,0.12142637372016907,0.09048020839691162,-24.678905487060547,0.007870219647884369,2.8984107971191406,-9.0,9.0,24.405057907104492,8.999831199645996,1.5285882949829102,-0.7820005416870117,6467
1346,41965,0.18787747621536255,0.15515166521072388,-25.34630584716797,0.007873143069446087,-0.49518758058547974,-9.0,9.0,25.326045989990234,8.963061332702637,1.4993091821670532,-0.7935383915901184,6468
1347,41965,0.11343112587928772,0.12440650165081024,-24.53789520263672,0.007875887677073479,0.5362760424613953,-9.0,9.0,24.32577133178711,8.815091133117676,1.5290182828903198,-0.7714394927024841,6469
1348,41965,0.12499359250068665,0.11615292727947235,-25.620534896850586,0.007879005745053291,3.1025233268737793,-9.0,9.0,25.20515251159668,9.03029727935791,1.5140618085861206,-0.8120830655097961,6470
1349,41965,0.07327218353748322,0.08817566186189651,-25.760116577148438,0.007881921716034412,0.5133966207504272,-9.0,9.0,25.62118911743164,9.42402172088623,1.4843387603759766,-0.8001323342323303,6471
1350,41965,0.08047134429216385,0.05593568831682205,-23.826904296875,0.007885556668043137,5.267246723175049,-9.0,9.0,23.726078033447266,8.83254623413086,1.5727975368499756,-0.7736824750900269,6472
1351,41965,0.10339291393756866,0.08509865403175354,-24.41267967224121,0.007888704538345337,-0.6124646663665771,-9.0,9.0,24.238033294677734,9.221776962280273,1.471100091934204,-0.7795960307121277,6473
1352,41965,0.1636381596326828,0.12009460479021072,-26.000782012939453,0.007891583256423473,0.20135974884033203,-9.0,9.0,25.565998077392578,9.702375411987305,1.4439448118209839,-0.8094969987869263,6474
1353,41965,0.10661658644676208,0.11202704906463623,-24.945297241210938,0.007894093170762062,-0.40117043256759644,-9.0,9.0,24.76051139831543,9.67235279083252,1.513677954673767,-0.7648835778236389,6475
1354,41965,0.1422041803598404,0.10156291723251343,-25.12198257446289,0.00789612252265215,-1.1036577224731445,-9.0,9.0,25.078243255615234,9.05587100982666,1.464408040046692,-0.7751485109329224,6476
1355,41965,0.0893682911992073,0.10314098000526428,-24.3483829498291,0.007897700183093548,-1.1920939683914185,-9.0,9.0,24.014270782470703,9.051788330078125,1.489858627319336,-0.7422667741775513,6477
1356,41965,0.12495103478431702,0.0884668231010437,-25.735034942626953,0.00789834838360548,-3.6836156845092773,-9.0,9.0,25.38625717163086,9.966910362243652,1.4217736721038818,-0.7671986818313599,6478
1357,41965,0.14174319803714752,0.12599603831768036,-25.27181053161621,0.007898498326539993,-2.057565212249756,-9.0,9.0,25.153148651123047,9.555034637451172,1.4847557544708252,-0.7446438670158386,6479
1358,41965,0.0736178606748581,0.06928682327270508,-24.830780029296875,0.007898811250925064,0.8444284200668335,-9.0,9.0,24.671981811523438,9.108972549438477,1.533164620399475,-0.7229124307632446,6480
1359,41965,0.12446800619363785,0.12486448138952255,-24.85047721862793,0.007898475974798203,-2.9306387901306152,-9.0,9.0,24.562969207763672,9.185567855834961,1.426849603652954,-0.7506311535835266,6481
1360,41965,0.12283109128475189,0.13773444294929504,-24.67972183227539,0.007897556759417057,-2.9393372535705566,-9.0,9.0,24.502735137939453,9.59813404083252,1.4743410348892212,-0.7091502547264099,6482
1361,41965,0.09374374896287918,0.08444638550281525,-24.926849365234375,0.007895715534687042,-4.8319172859191895,-9.0,9.0,24.747055053710938,8.907121658325195,1.4414951801300049,-0.711230456829071,6483
1362,41965,0.09101070463657379,0.08005888015031815,-24.297195434570312,0.007893615402281284,-2.111703872680664,-9.0,9.0,24.142316818237305,8.924992561340332,1.4685707092285156,-0.7040783762931824,6484
1363,41965,0.11614981293678284,0.11122749745845795,-24.00576400756836,0.007891221903264523,-2.3847718238830566,-9.0,9.0,23.751964569091797,8.256942749023438,1.4893664121627808,-0.6877434849739075,6485
1364,41965,0.155836820602417,0.13283175230026245,-24.913288116455078,0.007888445630669594,-2.964132070541382,-9.0,9.0,24.69537353515625,9.06108570098877,1.4489620923995972,-0.6978510618209839,6486
1365,41965,0.10118774324655533,0.09008850157260895,-24.66031265258789,0.00788506492972374,-4.214343070983887,-9.0,9.0,24.51167869567871,9.010496139526367,1.4858931303024292,-0.6686832308769226,6487
1366,41965,0.082636259496212,0.0725732073187828,-25.649089813232422,0.007881414145231247,-2.893606185913086,-9.0,9.0,25.35908317565918,9.319252014160156,1.4820921421051025,-0.720931351184845,6488
1367,41965,0.10193272680044174,0.08613482117652893,-25.80615997314453,0.007877322845160961,-3.854539155960083,-9.0,9.0,25.491300582885742,9.092134475708008,1.423200011253357,-0.722331702709198,6489
1368,41965,0.09920310974121094,0.09245239198207855,-24.96786117553711,0.007873808033764362,0.7990636825561523,-9.0,9.0,24.769174575805664,9.114526748657227,1.5282942056655884,-0.6967453360557556,6490
1369,41965,0.08162586390972137,0.07564092427492142,-24.523788452148438,0.007869630120694637,-5.280336380004883,-9.0,9.0,24.28057098388672,8.827583312988281,1.4330761432647705,-0.6920422911643982,6491
1370,41965,0.09227269887924194,0.08852338045835495,-25.560625076293945,0.007865451276302338,-2.008850574493408,-9.0,9.0,25.164390563964844,8.652205467224121,1.4789375066757202,-0.7131468057632446,6492
1371,41965,0.1499420553445816,0.12471771240234375,-25.042211532592773,0.007861318998038769,-1.7718945741653442,-9.0,9.0,24.64543342590332,9.768630981445312,1.4697362184524536,-0.7376652956008911,6493
1372,41965,0.13989834487438202,0.14034785330295563,-25.21997833251953,0.007857185788452625,-1.968581199645996,-9.0,9.0,25.072265625,9.451866149902344,1.4776006937026978,-0.7431195378303528,6494
1373,41965,0.07873442023992538,0.08813431859016418,-25.370216369628906,0.007852732203900814,-3.514129161834717,-9.0,9.0,25.182559967041016,9.347861289978027,1.4489803314208984,-0.7548304796218872,6495
1374,41965,0.07439601421356201,0.06399930268526077,-23.777570724487305,0.00784896221011877,1.1335818767547607,-9.0,9.0,23.48773956298828,8.835722923278809,1.5515108108520508,-0.705314576625824,6496
1375,41965,0.11002098023891449,0.08242406696081161,-24.77557373046875,0.007845624350011349,0.2704846262931824,-9.0,9.0,24.471820831298828,8.696263313293457,1.528965950012207,-0.7305518388748169,6497
1376,41965,0.09355296194553375,0.0882599875330925,-25.037607192993164,0.00784288626164198,1.2761666774749756,-9.0,9.0,24.806476593017578,8.765793800354004,1.5068988800048828,-0.7372788190841675,6498
1377,41965,0.16718871891498566,0.14234143495559692,-24.599834442138672,0.007841438986361027,5.164802074432373,-9.0,9.0,24.585599899291992,9.02547836303711,1.591888666152954,-0.7360864281654358,6499
1378,41965,0.10163585096597672,0.09687159955501556,-25.161264419555664,0.007840433157980442,1.428659200668335,-9.0,9.0,24.886951446533203,9.222622871398926,1.5181785821914673,-0.7546917200088501,6500
1379,41965,0.15065997838974,0.1221415251493454,-25.74296760559082,0.007839241065084934,-1.3736885786056519,-9.0,9.0,25.21674346923828,9.046042442321777,1.4851360321044922,-0.7657623291015625,6501
1380,41965,0.0811225175857544,0.07418844103813171,-25.44981575012207,0.00783818680793047,0.09141227602958679,-9.0,9.0,25.314960479736328,9.096360206604004,1.4948581457138062,-0.746798038482666,6502
1381,41965,0.24650563299655914,0.22421392798423767,-25.05221939086914,0.007836938835680485,-1.4210008382797241,-9.0,9.0,25.07273292541504,8.738103866577148,1.4636286497116089,-0.7627653479576111,6503
1382,41965,0.13663417100906372,0.11292754113674164,-27.086156845092773,0.007835649885237217,-0.7913727164268494,-9.0,9.0,26.63764190673828,9.528042793273926,1.4839228391647339,-0.7780788540840149,6504
1383,41965,0.22355593740940094,0.20886605978012085,-25.93796157836914,0.007833919487893581,-2.7137346267700195,-9.0,9.0,25.586238861083984,9.406292915344238,1.4589898586273193,-0.7614587545394897,6505
1384,41965,0.09197789430618286,0.092710480093956,-26.315048217773438,0.007831918075680733,-2.121223211288452,-9.0,9.0,26.076539993286133,9.408109664916992,1.454427719116211,-0.7709330320358276,6506
1385,41965,0.10805269330739975,0.09144261479377747,-24.32758331298828,0.007830290123820305,0.82724928855896,-9.0,9.0,24.166484832763672,8.718745231628418,1.5476804971694946,-0.7277611494064331,6507
1386,41965,0.11149381101131439,0.1265736222267151,-25.313129425048828,0.007829658687114716,3.974588394165039,-9.0,9.0,24.927114486694336,9.02830696105957,1.5524272918701172,-0.7561067938804626,6508
1387,41965,0.0716535896062851,0.06846264004707336,-24.20134162902832,0.007829438894987106,1.6631280183792114,-9.0,9.0,23.908599853515625,8.319926261901855,1.5426616668701172,-0.7290048599243164,6509
1388,41965,0.09457927197217941,0.10212457180023193,-25.182788848876953,0.007830158807337284,4.383152008056641,-9.0,9.0,25.047607421875,9.601354598999023,1.5375934839248657,-0.7689110636711121,6510
1389,41965,0.0839000791311264,0.10121480375528336,-24.344715118408203,0.007831824012100697,6.879550457000732,-9.0,9.0,24.07830238342285,9.135937690734863,1.58834969997406,-0.7430407404899597,6511
1390,41965,0.08759893476963043,0.08143940567970276,-25.166057586669922,0.007833419367671013,0.44722431898117065,-9.0,9.0,24.87913703918457,8.94716739654541,1.5542722940444946,-0.7303375005722046,6512
1391,41965,0.07165224105119705,0.0716702863574028,-23.65717315673828,0.00783566478639841,3.851827621459961,-9.0,9.0,23.47402572631836,8.624083518981934,1.5848149061203003,-0.7115376591682434,6513
1392,41965,0.09851901233196259,0.09525468945503235,-25.1632137298584,0.00783681869506836,-4.11646032333374,-9.0,9.0,25.14711570739746,8.657853126525879,1.4394372701644897,-0.7601267099380493,6514
1393,41965,0.11987270414829254,0.10627731680870056,-26.182222366333008,0.007837693206965923,-0.7963429689407349,-9.0,9.0,26.029098510742188,9.899256706237793,1.4818922281265259,-0.7775120735168457,6515
1394,41965,0.16599693894386292,0.14668576419353485,-25.629316329956055,0.007838321849703789,-0.7538553476333618,-9.0,9.0,25.177541732788086,8.645249366760254,1.486485242843628,-0.740153431892395,6516
1395,41965,0.07723137736320496,0.0951453447341919,-25.638790130615234,0.007838556542992592,-1.5689785480499268,-9.0,9.0,25.517358779907227,9.454493522644043,1.4921170473098755,-0.7591109275817871,6517
1396,41965,0.11027936637401581,0.1010606586933136,-24.902685165405273,0.007838253863155842,-2.439441680908203,-9.0,9.0,24.776853561401367,9.407389640808105,1.4629303216934204,-0.7413230538368225,6518
1397,41965,0.09836756438016891,0.10081063210964203,-25.707944869995117,0.007837345823645592,-3.028416156768799,-9.0,9.0,25.445106506347656,8.77016544342041,1.4576293230056763,-0.7445688247680664,6519
1398,41965,0.15671010315418243,0.12760818004608154,-25.20633888244629,0.00783620961010456,-1.5113270282745361,-9.0,9.0,24.874366760253906,9.476364135742188,1.4733604192733765,-0.7516970634460449,6520
1399,41965,0.14784380793571472,0.17185872793197632,-25.6547908782959,0.007834719493985176,-2.2200145721435547,-9.0,9.0,25.421375274658203,9.236257553100586,1.4589780569076538,-0.7564057111740112,6521
1400,41965,0.11086461693048477,0.11121034622192383,-24.63637351989746,0.007833542302250862,0.7842495441436768,-9.0,9.0,24.440528869628906,9.640917778015137,1.5392102003097534,-0.7263180613517761,6522
1401,41965,0.0905899703502655,0.09075896441936493,-25.19455337524414,0.00783251877874136,0.17526066303253174,-9.0,9.0,25.039371490478516,8.757884979248047,1.507658839225769,-0.7387442588806152,6523
1402,41965,0.14180156588554382,0.08222505450248718,-25.51211929321289,0.00783107802271843,-2.474656581878662,-9.0,9.0,25.190683364868164,9.177961349487305,1.4245907068252563,-0.7753252983093262,6524
1403,41965,0.07377307116985321,0.06610480695962906,-24.352901458740234,0.007829416543245316,-1.7086440324783325,-9.0,9.0,24.19746971130371,8.33984375,1.4927951097488403,-0.7320975661277771,6525
1404,41965,0.09175668656826019,0.08286125212907791,-24.35664176940918,0.007828210480511189,1.3697128295898438,-9.0,9.0,24.16691780090332,9.097455024719238,1.547892689704895,-0.7362297177314758,6526
1405,41965,0.08869169652462006,0.08019444346427917,-25.430152893066406,0.007827258668839931,0.6251946091651917,-9.0,9.0,25.103557586669922,9.86968994140625,1.5115916728973389,-0.7468290328979492,6527
1406,41965,0.10298880934715271,0.08956898748874664,-25.870616912841797,0.00782591849565506,-2.2753889560699463,-9.0,9.0,25.54068374633789,9.69601821899414,1.4572855234146118,-0.7653437852859497,6528
1407,41965,0.2526721656322479,0.21139538288116455,-25.966835021972656,0.00782439298927784,-1.512628436088562,-9.0,9.0,25.70263671875,9.300271987915039,1.4913798570632935,-0.760009765625,6529
1408,41965,0.07751768082380295,0.07253886014223099,-24.990564346313477,0.007822847925126553,-0.8047171831130981,-9.0,9.0,24.73546600341797,8.874595642089844,1.486154556274414,-0.7407770156860352,6530
1409,41965,0.13959892094135284,0.11777471750974655,-24.671112060546875,0.007821259088814259,-0.9402002096176147,-9.0,9.0,24.265106201171875,9.292402267456055,1.4939613342285156,-0.7355569005012512,6531
1410,41965,0.13098983466625214,0.10272378474473953,-25.480308532714844,0.007819476537406445,-1.6637067794799805,-9.0,9.0,25.12440299987793,9.401698112487793,1.486590027809143,-0.7455039620399475,6532
1411,41965,0.11149628460407257,0.13005158305168152,-24.518383026123047,0.00781787745654583,0.03255636990070343,-9.0,9.0,24.35392951965332,9.059823036193848,1.4937448501586914,-0.764956533908844,6533
1412,41965,0.15525442361831665,0.12126181274652481,-24.537721633911133,0.007816162891685963,-1.3018677234649658,-9.0,9.0,24.26211929321289,8.496920585632324,1.5049514770507812,-0.7336930632591248,6534
1413,41965,0.14786265790462494,0.12240785360336304,-24.32822608947754,0.007814764976501465,0.696155309677124,-9.0,9.0,23.849628448486328,8.515894889831543,1.5260059833526611,-0.7151286005973816,6535
1414,41965,0.09621959179639816,0.07581888139247894,-25.925716400146484,0.007813692092895508,0.8651953935623169,-9.0,9.0,25.58377456665039,9.366266250610352,1.4803025722503662,-0.7881528735160828,6536
1415,41965,0.1537868231534958,0.1285526305437088,-24.946195602416992,0.00781279057264328,0.30327701568603516,-9.0,9.0,24.95038604736328,9.136823654174805,1.5265365839004517,-0.7584085464477539,6537
1416,41965,0.1531837284564972,0.13890290260314941,-25.500673294067383,0.00781262293457985,3.033973217010498,-9.0,9.0,25.33965301513672,9.53000259399414,1.5179227590560913,-0.7603148221969604,6538
1417,41965,0.14003603160381317,0.12214936316013336,-25.551809310913086,0.007813047617673874,2.7282536029815674,-9.0,9.0,25.12044906616211,8.769582748413086,1.5123262405395508,-0.7585402727127075,6539
1418,41965,0.13940894603729248,0.11156609654426575,-24.22747039794922,0.007814459502696991,5.886746406555176,-9.0,9.0,24.02535629272461,9.13624382019043,1.580426812171936,-0.7567909955978394,6540
1419,41965,0.1319352239370346,0.09865086525678635,-25.408531188964844,0.007816293276846409,2.6577014923095703,-9.0,9.0,25.34282684326172,9.516973495483398,1.5038567781448364,-0.7776522040367126,6541
1420,41965,0.0970958024263382,0.10157600790262222,-25.128780364990234,0.007818454876542091,2.4011294841766357,-9.0,9.0,24.92017936706543,8.808116912841797,1.5390461683273315,-0.7457481622695923,6542
1421,41965,0.11915574222803116,0.07909679412841797,-25.58765411376953,0.007821147330105305,3.50284481048584,-9.0,9.0,25.311967849731445,9.520737648010254,1.5584529638290405,-0.7557439208030701,6543
1422,41965,0.08861569315195084,0.0918387919664383,-26.341472625732422,0.007824045605957508,2.225022792816162,-9.0,9.0,26.130807876586914,9.637160301208496,1.5247224569320679,-0.7718744277954102,6544
1423,41965,0.16737566888332367,0.1224072054028511,-24.744558334350586,0.007827602326869965,4.45756196975708,-9.0,9.0,24.69016456604004,9.618907928466797,1.5808076858520508,-0.7443156838417053,6545
1424,41965,0.10684125125408173,0.1195516586303711,-24.920696258544922,0.007831660099327564,4.029194355010986,-9.0,9.0,24.599048614501953,9.560053825378418,1.5985685586929321,-0.726951003074646,6546
1425,41965,0.12429063767194748,0.10028970241546631,-25.953596115112305,0.00783573929220438,2.00063419342041,-9.0,9.0,25.63608741760254,9.334537506103516,1.5377657413482666,-0.7540094256401062,6547
1426,41965,0.12114554643630981,0.13026753067970276,-25.22478485107422,0.007839285768568516,-0.6169673204421997,-9.0,9.0,25.14740753173828,9.31964111328125,1.5088202953338623,-0.7672876715660095,6548
1427,41965,0.10058397054672241,0.08292225003242493,-25.00911521911621,0.007842591032385826,0.5231484770774841,-9.0,9.0,24.83804702758789,9.072918891906738,1.5094834566116333,-0.748005747795105,6549
1428,41965,0.10603050887584686,0.09947676956653595,-26.132884979248047,0.00784569513052702,0.595872163772583,-9.0,9.0,25.771503448486328,9.11371898651123,1.5076903104782104,-0.777938961982727,6550
1429,41965,0.08298017084598541,0.07727149873971939,-25.040613174438477,0.007849134504795074,2.993696451187134,-9.0,9.0,24.830551147460938,9.228145599365234,1.5413668155670166,-0.7582319974899292,6551
1430,41965,0.11363276839256287,0.09650550782680511,-24.681982040405273,0.007852128706872463,-0.47094354033470154,-9.0,9.0,24.566099166870117,8.96361255645752,1.540902018547058,-0.7227697372436523,6552
1431,41965,0.11835362762212753,0.09524944424629211,-26.463605880737305,0.007854507304728031,-1.5022916793823242,-9.0,9.0,26.287084579467773,9.216535568237305,1.490575909614563,-0.7848701477050781,6553
1432,41965,0.11060275882482529,0.08597907423973083,-24.669139862060547,0.007857032120227814,1.7989243268966675,-9.0,9.0,24.356016159057617,8.910386085510254,1.5391637086868286,-0.7426877021789551,6554
1433,41965,0.12048530578613281,0.11224204301834106,-25.153051376342773,0.00785976741462946,2.1401965618133545,-9.0,9.0,24.913089752197266,8.693192481994629,1.5419740676879883,-0.7618393301963806,6555
1434,41965,0.16007253527641296,0.11352147907018661,-25.02655029296875,0.007862470112740993,1.105783224105835,-9.0,9.0,25.027175903320312,8.930364608764648,1.5348459482192993,-0.7476946115493774,6556
1435,41965,0.13871616125106812,0.11359281092882156,-25.22844696044922,0.007864498533308506,-1.8856620788574219,-9.0,9.0,25.170162200927734,8.995277404785156,1.484312653541565,-0.763542115688324,6557
1436,41965,0.1401013731956482,0.10140928626060486,-25.312639236450195,0.00786586757749319,-2.132608652114868,-9.0,9.0,24.896484375,9.394454956054688,1.452688217163086,-0.7809799313545227,6558
1437,41965,0.09685241430997849,0.05979501083493233,-25.306791305541992,0.007867581211030483,2.2443127632141113,-9.0,9.0,24.968883514404297,9.221426963806152,1.5463883876800537,-0.775900661945343,6559
1438,41965,0.11447203904390335,0.07342647016048431,-24.65190315246582,0.007869300432503223,0.8004556894302368,-9.0,9.0,24.589191436767578,8.582756042480469,1.5083991289138794,-0.7688004374504089,6560
1439,41965,0.07905270159244537,0.0725463479757309,-24.52330207824707,0.007870974019169807,0.598609209060669,-9.0,9.0,24.394134521484375,8.582555770874023,1.510886549949646,-0.7610546946525574,6561
1440,41965,0.09857030212879181,0.07071183621883392,-24.838977813720703,0.007873263210058212,3.614741086959839,-9.0,9.0,24.480833053588867,8.836068153381348,1.5530929565429688,-0.7810330390930176,6562
1441,41965,0.0941649079322815,0.0791558027267456,-24.506784439086914,0.007875325158238411,0.004797384142875671,-9.0,9.0,24.283504486083984,9.126656532287598,1.5152482986450195,-0.7665590047836304,6563
1442,41965,0.15748433768749237,0.1333646923303604,-25.34633445739746,0.007876928895711899,-1.1795899868011475,-9.0,9.0,25.24256134033203,9.906919479370117,1.4703134298324585,-0.80669766664505,6564
1443,41965,0.21477672457695007,0.13233627378940582,-24.71525001525879,0.00787941925227642,5.779122352600098,-9.0,9.0,24.54442024230957,9.455146789550781,1.56966233253479,-0.774471640586853,6565
1444,41965,0.10337717831134796,0.09213973581790924,-25.282201766967773,0.00788214709609747,2.250368118286133,-9.0,9.0,25.084697723388672,9.503525733947754,1.5300580263137817,-0.7835999727249146,6566
1445,41965,0.06490407884120941,0.06288903206586838,-25.497400283813477,0.007885045371949673,2.0303707122802734,-9.0,9.0,25.376169204711914,9.175262451171875,1.506646752357483,-0.7892194986343384,6567
1446,41965,0.14708355069160461,0.13495312631130219,-25.50017547607422,0.007888054475188255,1.8374627828598022,-9.0,9.0,25.380443572998047,9.193426132202148,1.548919439315796,-0.7780898809432983,6568
1447,41965,0.17560356855392456,0.17868807911872864,-26.21956443786621,0.007890427485108376,-1.5393532514572144,-9.0,9.0,26.074310302734375,9.810099601745605,1.4704917669296265,-0.8057681918144226,6569
1448,41965,0.11174237728118896,0.09116043895483017,-25.74229621887207,0.007892411202192307,-0.7172094583511353,-9.0,9.0,25.514930725097656,9.976202964782715,1.488551378250122,-0.7671622037887573,6570
1449,41965,0.08761047571897507,0.09290515631437302,-24.613889694213867,0.007894473150372505,1.2669764757156372,-9.0,9.0,24.512784957885742,9.458659172058105,1.4993866682052612,-0.7676491141319275,6571
1450,41965,0.09077424556016922,0.08224862068891525,-25.016067504882812,0.007895753718912601,-2.6618361473083496,-9.0,9.0,24.910640716552734,8.223389625549316,1.4587217569351196,-0.7465821504592896,6572
1451,41965,0.07379618287086487,0.08098650723695755,-26.019018173217773,0.007895960472524166,-4.334900856018066,-9.0,9.0,25.722267150878906,9.007234573364258,1.4568334817886353,-0.7584713101387024,6573
1452,41965,0.10375909507274628,0.10641254484653473,-25.6334171295166,0.007895599119365215,-2.5271975994110107,-9.0,9.0,25.314592361450195,9.494969367980957,1.4583368301391602,-0.7671266198158264,6574
1453,41965,0.09090837836265564,0.10089464485645294,-25.375507354736328,0.00789452251046896,-3.4529693126678467,-9.0,9.0,25.23031234741211,8.992965698242188,1.4597457647323608,-0.72748863697052,6575
1454,41965,0.08631633967161179,0.093745157122612,-25.359375,0.007892501540482044,-5.046308994293213,-9.0,9.0,25.08285140991211,9.341588973999023,1.4456002712249756,-0.756403923034668,6576
1455,41965,0.09239067137241364,0.09435275942087173,-25.71742820739746,0.007889840751886368,-3.875027656555176,-9.0,9.0,25.48794937133789,9.072371482849121,1.4289500713348389,-0.7690449357032776,6577
1456,41965,0.07540231198072433,0.09011444449424744,-24.19869041442871,0.007887117564678192,-1.5091394186019897,-9.0,9.0,23.974565505981445,8.649931907653809,1.486205816268921,-0.7398728132247925,6578
1457,41965,0.09770260006189346,0.10430903732776642,-24.937623977661133,0.007884358055889606,-1.4220041036605835,-9.0,9.0,24.68296241760254,9.362578392028809,1.514802098274231,-0.7442644238471985,6579
1458,41965,0.07583346962928772,0.0821143388748169,-24.70695686340332,0.007881308905780315,-2.6110763549804688,-9.0,9.0,24.404367446899414,9.06069278717041,1.481762170791626,-0.7618417143821716,6580
1459,41965,0.12649329006671906,0.12374124675989151,-25.67079734802246,0.007878284901380539,-1.2825708389282227,-9.0,9.0,25.426788330078125,8.741615295410156,1.495466947555542,-0.7786154747009277,6581
1460,41965,0.10919224470853806,0.10692167282104492,-25.65524673461914,0.007875343784689903,-1.0065853595733643,-9.0,9.0,25.475303649902344,9.360905647277832,1.4554184675216675,-0.7912734150886536,6582
1461,41965,0.0858931690454483,0.08369561284780502,-24.813533782958984,0.0078726289793849,-0.31527507305145264,-9.0,9.0,24.646339416503906,8.901935577392578,1.501205325126648,-0.7649582028388977,6583
1462,41965,0.1152847558259964,0.1222737580537796,-25.863479614257812,0.007870414294302464,1.0625020265579224,-9.0,9.0,25.542055130004883,9.176506042480469,1.5089470148086548,-0.7908080220222473,6584
1463,41965,0.09122476726770401,0.10021916031837463,-26.073196411132812,0.00786860566586256,0.8476694822311401,-9.0,9.0,25.803462982177734,9.259343147277832,1.5007508993148804,-0.8032532930374146,6585
1464,41965,0.1181742399930954,0.1335517168045044,-26.709636688232422,0.007866883650422096,-0.43055182695388794,-9.0,9.0,26.562713623046875,9.84089183807373,1.4881324768066406,-0.838764488697052,6586
1465,41965,0.07713688164949417,0.09014904499053955,-25.617469787597656,0.00786623079329729,4.11822509765625,-9.0,9.0,25.294946670532227,8.644576072692871,1.5566686391830444,-0.7768004536628723,6587
1466,41965,0.0831955224275589,0.08284050971269608,-25.42152214050293,0.007866696454584599,6.2361555099487305,-9.0,9.0,25.122608184814453,8.982583999633789,1.5949264764785767,-0.7719424366950989,6588
1467,41965,0.08205786347389221,0.09996795654296875,-25.2941837310791,0.00786727387458086,0.7417912483215332,-9.0,9.0,25.18010902404785,9.273774147033691,1.5256823301315308,-0.7701535820960999,6589
1468,41965,0.08932313323020935,0.08264687657356262,-26.28396224975586,0.007868294604122639,2.3004307746887207,-9.0,9.0,26.169631958007812,9.019044876098633,1.5390665531158447,-0.7967669367790222,6590
1469,41965,0.11120502650737762,0.11825411021709442,-24.5893611907959,0.007870268076658249,5.510707378387451,-9.0,9.0,24.196048736572266,8.337786674499512,1.5996743440628052,-0.748535692691803,6591
1470,41965,0.08385810256004333,0.08681425452232361,-25.613780975341797,0.007872163318097591,0.5389283299446106,-9.0,9.0,25.386045455932617,9.27478313446045,1.4954110383987427,-0.8083800673484802,6592
1471,41965,0.10434907674789429,0.1350238174200058,-25.547000885009766,0.007873770780861378,-0.46126002073287964,-9.0,9.0,25.45660400390625,9.357823371887207,1.4887698888778687,-0.7996188998222351,6593
1472,41965,0.07638397812843323,0.08358827978372574,-25.10564613342285,0.00787618849426508,4.458240985870361,-9.0,9.0,24.78936004638672,8.876341819763184,1.5686969757080078,-0.7815187573432922,6594
1473,41965,0.09527911245822906,0.0929514467716217,-25.18598747253418,0.007878863252699375,2.2783379554748535,-9.0,9.0,24.811201095581055,9.024836540222168,1.529679536819458,-0.7785865068435669,6595
1474,41965,0.08346671611070633,0.0942917987704277,-25.585697174072266,0.007881639525294304,1.6903126239776611,-9.0,9.0,25.356313705444336,9.371184349060059,1.5128211975097656,-0.7884411215782166,6596
1475,41965,0.216185063123703,0.25817233324050903,-26.698131561279297,0.007883834652602673,-1.406518816947937,-9.0,9.0,26.529008865356445,9.71845817565918,1.4825420379638672,-0.7855760455131531,6597
1476,41965,0.16662710905075073,0.14284852147102356,-25.446725845336914,0.007885703817009926,-0.48848652839660645,-9.0,9.0,25.19693374633789,9.02525806427002,1.4983521699905396,-0.7551022171974182,6598
1477,41965,0.12423058599233627,0.13401907682418823,-26.445632934570312,0.007886857725679874,-2.4131972789764404,-9.0,9.0,26.041133880615234,9.878362655639648,1.4993399381637573,-0.7621196508407593,6599
1478,41965,0.10113021731376648,0.10125236958265305,-26.262853622436523,0.007887993939220905,0.43606096506118774,-9.0,9.0,26.053884506225586,9.108248710632324,1.477519154548645,-0.77471923828125,6600
1479,41965,0.13138030469417572,0.133931502699852,-25.866621017456055,0.007888411171734333,-2.771465301513672,-9.0,9.0,25.75507354736328,8.939373016357422,1.4724229574203491,-0.7529811859130859,6601
1480,41965,0.17118260264396667,0.18196529150009155,-26.069305419921875,0.00788850523531437,-1.2788615226745605,-9.0,9.0,25.789997100830078,9.573110580444336,1.4743038415908813,-0.757776141166687,6602
1481,41965,0.155660018324852,0.12459621578454971,-25.518108367919922,0.007888141088187695,-2.0463554859161377,-9.0,9.0,25.116943359375,8.639721870422363,1.473854899406433,-0.7382092475891113,6603
1482,41965,0.10554662346839905,0.12563005089759827,-26.435083389282227,0.007886752486228943,-6.160205841064453,-9.0,9.0,26.32501220703125,9.681612014770508,1.4078172445297241,-0.7635565996170044,6604
1483,41965,0.15036270022392273,0.13547904789447784,-25.773094177246094,0.00788491778075695,-2.6725780963897705,-9.0,9.0,25.655376434326172,9.00754451751709,1.4728776216506958,-0.739404559135437,6605
1484,41965,0.13318516314029694,0.14808247983455658,-27.49015235900879,0.007882493548095226,-3.5358242988586426,-9.0,9.0,27.067358016967773,9.010479927062988,1.4205286502838135,-0.7753247618675232,6606
1485,41965,0.13412633538246155,0.14176084101200104,-26.12015151977539,0.007879757322371006,-2.5205767154693604,-9.0,9.0,25.910335540771484,8.848319053649902,1.4497963190078735,-0.7352180480957031,6607
1486,41965,0.09814964979887009,0.09472312033176422,-25.53187370300293,0.00787675566971302,-2.4618003368377686,-9.0,9.0,25.323047637939453,9.193672180175781,1.4848841428756714,-0.7416655421257019,6608
1487,41965,0.0987188071012497,0.0998690277338028,-25.057476043701172,0.007874678820371628,2.85180401802063,-9.0,9.0,24.786087036132812,8.696537971496582,1.568587303161621,-0.7354464530944824,6609
1488,41965,0.12476713210344315,0.10511833429336548,-25.618656158447266,0.007873090915381908,1.2793277502059937,-9.0,9.0,25.284513473510742,9.23379898071289,1.5255935192108154,-0.7516722679138184,6610
1489,41965,0.08346381783485413,0.07985201478004456,-25.846023559570312,0.007871386595070362,-1.250817894935608,-9.0,9.0,25.60544204711914,8.876022338867188,1.4808367490768433,-0.7580987811088562,6611
1490,41965,0.0715915709733963,0.07508671283721924,-25.510665893554688,0.007870035246014595,0.8390494585037231,-9.0,9.0,25.23114585876465,8.885794639587402,1.4820829629898071,-0.7689286470413208,6612
1491,41965,0.09989561885595322,0.08352722972631454,-25.619335174560547,0.007869547232985497,3.3135085105895996,-9.0,9.0,25.40435218811035,9.185094833374023,1.577130675315857,-0.7472026944160461,6613
1492,41965,0.10517370700836182,0.09674398601055145,-25.37657928466797,0.007868913933634758,-0.8809049129486084,-9.0,9.0,25.00932502746582,9.164616584777832,1.5217915773391724,-0.7499632239341736,6614
1493,41965,0.07532957941293716,0.09564509987831116,-26.18147087097168,0.00786740891635418,-4.257489204406738,-9.0,9.0,25.968687057495117,9.565512657165527,1.4439289569854736,-0.7731518149375916,6615
1494,41965,0.11540531367063522,0.12125802785158157,-25.242156982421875,0.00786671508103609,3.007534980773926,-9.0,9.0,25.172489166259766,9.340089797973633,1.5477911233901978,-0.7538952231407166,6616
1495,41965,0.0859241932630539,0.09868122637271881,-24.26569366455078,0.007866820320487022,3.323962688446045,-9.0,9.0,24.128658294677734,8.811041831970215,1.570671796798706,-0.7530461549758911,6617
1496,41965,0.0985461175441742,0.09560679644346237,-25.956645965576172,0.007866489700973034,-1.9297086000442505,-9.0,9.0,25.603525161743164,9.607318878173828,1.4935557842254639,-0.7761334776878357,6618
1497,41965,0.08696962893009186,0.07434828579425812,-25.554439544677734,0.007866906002163887,3.2448110580444336,-9.0,9.0,25.28243637084961,9.108250617980957,1.564992070198059,-0.7598875761032104,6619
1498,41965,0.08359982818365097,0.08027832210063934,-25.25306510925293,0.007867510430514812,1.056000828742981,-9.0,9.0,25.022354125976562,8.732315063476562,1.5463249683380127,-0.7786048054695129,6620
1499,41965,0.1161297857761383,0.10379459708929062,-25.293048858642578,0.007867817766964436,-1.079807162284851,-9.0,9.0,25.084917068481445,9.169807434082031,1.470240592956543,-0.8027560114860535,6621
1500,41965,0.10609225183725357,0.1021135225892067,-26.5877685546875,0.007867712527513504,-1.741610050201416,-9.0,9.0,26.29702377319336,9.294903755187988,1.4793728590011597,-0.7732518911361694,6622
1501,41965,0.13453532755374908,0.1093413233757019,-25.531980514526367,0.007867367938160896,-1.1332839727401733,-9.0,9.0,25.12786102294922,8.526538848876953,1.4894428253173828,-0.7638387680053711,6623
1502,41965,0.08565344661474228,0.07936960458755493,-25.63644027709961,0.007866973988711834,-0.38815563917160034,-9.0,9.0,25.450092315673828,9.887054443359375,1.4731578826904297,-0.7943795919418335,6624
1503,41965,0.1265924721956253,0.09223457425832748,-26.82207489013672,0.007865551859140396,-4.873744487762451,-9.0,9.0,26.73175811767578,10.254924774169922,1.3848134279251099,-0.8285457491874695,6625
1504,41965,0.09066632390022278,0.08882371336221695,-25.854948043823242,0.007864037528634071,-1.0700018405914307,-9.0,9.0,25.48723602294922,8.726773262023926,1.4754085540771484,-0.7707902789115906,6626
1505,41965,0.08282410353422165,0.07266609370708466,-25.18695831298828,0.007861611433327198,-5.611629962921143,-9.0,9.0,24.86158561706543,8.922815322875977,1.3900783061981201,-0.8003072142601013,6627
1506,41965,0.08901578933000565,0.10438867658376694,-26.311227798461914,0.00785886775702238,-2.5441887378692627,-9.0,9.0,26.126766204833984,9.657132148742676,1.4482964277267456,-0.815048336982727,6628
1507,41965,0.13012778759002686,0.1149887889623642,-26.035099029541016,0.007855480536818504,-4.185815811157227,-9.0,9.0,25.847393035888672,9.314094543457031,1.418485403060913,-0.8131580948829651,6629
1508,41965,0.06314278393983841,0.05687008425593376,-25.69180679321289,0.007851548492908478,-4.028908729553223,-9.0,9.0,25.40604019165039,8.535417556762695,1.4337438344955444,-0.7919961214065552,6630
1509,41965,0.1089741438627243,0.10624062269926071,-26.74663543701172,0.007847139611840248,-3.9881529808044434,-9.0,9.0,26.389694213867188,9.220829963684082,1.3831013441085815,-0.8212577104568481,6631
1510,41965,0.07684606313705444,0.09469715505838394,-25.92487907409668,0.007842385210096836,-3.599764823913574,-9.0,9.0,25.606109619140625,9.589682579040527,1.438842535018921,-0.8041936159133911,6632
1511,41965,0.11820055544376373,0.08220130205154419,-25.59320831298828,0.00783776119351387,-1.5762553215026855,-9.0,9.0,25.418142318725586,8.88359260559082,1.4706708192825317,-0.7976107001304626,6633
1512,41965,0.08022598922252655,0.07484561204910278,-25.79029083251953,0.00783307570964098,-2.3964364528656006,-9.0,9.0,25.56075096130371,9.331877708435059,1.429174780845642,-0.8087509274482727,6634
1513,41965,0.11839884519577026,0.11062494665384293,-25.906524658203125,0.007829192094504833,1.5319609642028809,-9.0,9.0,25.490751266479492,8.632981300354004,1.5208364725112915,-0.7929278612136841,6635
1514,41965,0.11481204628944397,0.10337735712528229,-25.630481719970703,0.00782589241862297,0.8870587348937988,-9.0,9.0,25.41167640686035,9.039770126342773,1.5114761590957642,-0.7975471615791321,6636
1515,41965,0.19367249310016632,0.16481490433216095,-25.578060150146484,0.007823668420314789,3.40460205078125,-9.0,9.0,25.51190757751465,9.240944862365723,1.5460628271102905,-0.8042625784873962,6637
1516,41965,0.27606627345085144,0.26647332310676575,-26.611339569091797,0.007821543142199516,-0.5660473108291626,-9.0,9.0,26.122793197631836,9.249702453613281,1.4880605936050415,-0.8183265328407288,6638
1517,41965,0.18334202468395233,0.14120317995548248,-26.011329650878906,0.007819748483598232,0.5523703098297119,-9.0,9.0,25.508392333984375,9.279281616210938,1.5170530080795288,-0.7887763977050781,6639
1518,41965,0.18312902748584747,0.1405911147594452,-25.951566696166992,0.007818701677024364,2.5848050117492676,-9.0,9.0,25.968616485595703,8.633170127868652,1.4882558584213257,-0.8099026083946228,6640
1519,41965,0.14541347324848175,0.13314858078956604,-25.160724639892578,0.007818447425961494,3.145876884460449,-9.0,9.0,25.094688415527344,8.659948348999023,1.5590790510177612,-0.7789112329483032,6641
1520,41965,0.18199661374092102,0.15062707662582397,-26.838985443115234,0.007818391546607018,0.7890545129776001,-9.0,9.0,26.26848793029785,9.038456916809082,1.4656696319580078,-0.8176078796386719,6642
1521,41965,0.1256108582019806,0.13736331462860107,-25.429454803466797,0.007818988524377346,2.9513416290283203,-9.0,9.0,25.031272888183594,9.756911277770996,1.5313588380813599,-0.7815518975257874,6643
1522,41965,0.18828576803207397,0.18266910314559937,-25.67520523071289,0.007818779908120632,-3.407390832901001,-9.0,9.0,25.662179946899414,9.472234725952148,1.4315662384033203,-0.8106988072395325,6644
1523,41965,0.09700492024421692,0.09496857225894928,-25.306495666503906,0.007817717269062996,-3.986525058746338,-9.0,9.0,25.160240173339844,8.675241470336914,1.4243190288543701,-0.7958840727806091,6645
1524,41965,0.18018314242362976,0.23699696362018585,-26.439712524414062,0.007816118188202381,-2.926806926727295,-9.0,9.0,25.86001968383789,9.695062637329102,1.4420253038406372,-0.8005050420761108,6646
1525,41965,0.0973050445318222,0.10004120320081711,-26.650400161743164,0.007814127951860428,-2.5140810012817383,-9.0,9.0,26.448497772216797,8.783203125,1.453595757484436,-0.7945776581764221,6647
1526,41965,0.2573167085647583,0.2127433866262436,-26.365360260009766,0.007811274379491806,-5.876165390014648,-9.0,9.0,26.433940887451172,9.645886421203613,1.4024280309677124,-0.8164092898368835,6648
1527,41965,0.07964027673006058,0.0826839730143547,-26.471403121948242,0.007807781454175711,-4.248054504394531,-9.0,9.0,26.19753646850586,9.032488822937012,1.3868980407714844,-0.8059450387954712,6649
1528,41965,0.2087414264678955,0.16012480854988098,-26.12405014038086,0.007804037071764469,-2.74796199798584,-9.0,9.0,25.554960250854492,8.99527359008789,1.424439549446106,-0.794653594493866,6650
1529,41965,0.09730970114469528,0.12078054994344711,-25.208099365234375,0.00780041329562664,-1.1600135564804077,-9.0,9.0,24.94163703918457,8.891141891479492,1.4677506685256958,-0.7751120328903198,6651
1530,41965,0.2521594762802124,0.1911574751138687,-26.74579620361328,0.007796092424541712,-5.068940162658691,-9.0,9.0,26.825599670410156,9.362358093261719,1.3791048526763916,-0.8185563087463379,6652
1531,41965,0.17715439200401306,0.19449444115161896,-26.575824737548828,0.007792000658810139,-0.9236447215080261,-9.0,9.0,26.070575714111328,9.023469924926758,1.4610097408294678,-0.7981640696525574,6653
1532,41965,0.17810411751270294,0.15732620656490326,-25.100887298583984,0.0077883414924144745,0.1123863160610199,-9.0,9.0,24.691692352294922,9.12733268737793,1.4874135255813599,-0.7710416913032532,6654
1533,41965,0.14358220994472504,0.20041465759277344,-26.68433952331543,0.007784602697938681,-2.049388885498047,-9.0,9.0,26.61882972717285,8.405901908874512,1.4639712572097778,-0.7889273762702942,6655
1534,41965,0.1148516982793808,0.07896479964256287,-25.861421585083008,0.007781533524394035,1.3522051572799683,-9.0,9.0,25.78484344482422,9.322314262390137,1.4971827268600464,-0.7940539121627808,6656
1535,41965,0.0980355441570282,0.14213919639587402,-25.811071395874023,0.0077795302495360374,3.4661030769348145,-9.0,9.0,25.418373107910156,8.720255851745605,1.5554090738296509,-0.7708103060722351,6657
1536,41965,0.16823387145996094,0.13286061584949493,-25.634716033935547,0.007778506260365248,3.5685596466064453,-9.0,9.0,25.335357666015625,9.178973197937012,1.5440194606781006,-0.7723628282546997,6658
1537,41965,0.07455549389123917,0.10544824600219727,-26.217952728271484,0.007778105791658163,2.3984944820404053,-9.0,9.0,26.097545623779297,8.765292167663574,1.5144968032836914,-0.7834450602531433,6659
1538,41965,0.09556101262569427,0.10146968066692352,-25.651107788085938,0.007777341641485691,-1.8478736877441406,-9.0,9.0,25.475563049316406,8.933019638061523,1.4881647825241089,-0.7664286494255066,6660
1539,41965,0.09994727373123169,0.09387120604515076,-26.47139549255371,0.007776262704282999,-1.8029528856277466,-9.0,9.0,26.194551467895508,8.978577613830566,1.4469767808914185,-0.7887604832649231,6661
1540,41965,0.10463172197341919,0.10451911389827728,-25.98821258544922,0.007775431964546442,0.655907392501831,-9.0,9.0,25.763782501220703,8.839659690856934,1.4973136186599731,-0.7860260009765625,6662
1541,41965,0.160734161734581,0.13701507449150085,-25.997562408447266,0.007774293888360262,-1.7850804328918457,-9.0,9.0,25.689661026000977,9.550419807434082,1.461836814880371,-0.7817296981811523,6663
1542,41965,0.11356770247220993,0.11076202988624573,-26.119770050048828,0.007772737182676792,-2.43280029296875,-9.0,9.0,25.86728286743164,8.864693641662598,1.4666643142700195,-0.7700738310813904,6664
1543,41965,0.11150987446308136,0.11629816889762878,-26.145458221435547,0.007770939730107784,-1.8068410158157349,-9.0,9.0,25.84154510498047,9.199784278869629,1.4710557460784912,-0.7907007336616516,6665
1544,41965,0.14430131018161774,0.140243798494339,-26.426631927490234,0.007768979761749506,-1.5577141046524048,-9.0,9.0,26.166170120239258,9.037616729736328,1.4445680379867554,-0.7833723425865173,6666
1545,41965,0.11475954204797745,0.10943561792373657,-25.53308868408203,0.0077675944194197655,1.7289159297943115,-9.0,9.0,25.27932357788086,9.019186019897461,1.5206104516983032,-0.7639590501785278,6667
1546,41965,0.08620794862508774,0.11143403500318527,-25.093870162963867,0.007766039110720158,-1.4069724082946777,-9.0,9.0,24.79805564880371,8.832014083862305,1.4831315279006958,-0.7526915669441223,6668
1547,41965,0.06974627077579498,0.1477613002061844,-25.712223052978516,0.007764213718473911,-1.9531831741333008,-9.0,9.0,25.578676223754883,9.039209365844727,1.4607130289077759,-0.7838882803916931,6669
1548,41965,0.14452284574508667,0.13490627706050873,-25.95713996887207,0.007763276807963848,3.2237865924835205,-9.0,9.0,25.706195831298828,9.028800964355469,1.5258171558380127,-0.7910987734794617,6670
1549,41965,0.10703437030315399,0.09629543870687485,-26.351320266723633,0.007762596011161804,0.7517728805541992,-9.0,9.0,26.232452392578125,8.891277313232422,1.4994579553604126,-0.7960842847824097,6671
1550,41965,0.08630813658237457,0.08578115701675415,-25.99152183532715,0.007761833257973194,-0.6885771155357361,-9.0,9.0,25.750865936279297,9.249878883361816,1.4816741943359375,-0.7668153047561646,6672
1551,41965,0.10090281069278717,0.10343802720308304,-26.03461456298828,0.007761411368846893,1.2140321731567383,-9.0,9.0,25.806072235107422,9.476493835449219,1.5001155138015747,-0.7824484705924988,6673
1552,41965,0.0922001451253891,0.09594132751226425,-25.78390121459961,0.007761429995298386,1.8051087856292725,-9.0,9.0,25.53087615966797,9.170722961425781,1.5036877393722534,-0.7750709652900696,6674
1553,41965,0.12889564037322998,0.14130447804927826,-26.91044807434082,0.00776128564029932,-0.7204733490943909,-9.0,9.0,26.727928161621094,9.047811508178711,1.453360915184021,-0.7873213887214661,6675
1554,41965,0.08652481436729431,0.08911024034023285,-26.613309860229492,0.007761451881378889,1.3475990295410156,-9.0,9.0,26.27029800415039,9.27745532989502,1.498279333114624,-0.7853966951370239,6676
1555,41965,0.06779620051383972,0.08325045555830002,-25.897705078125,0.007761540822684765,-0.28058892488479614,-9.0,9.0,25.683652877807617,8.89544677734375,1.4823768138885498,-0.7680012583732605,6677
1556,41965,0.10155526548624039,0.10168135166168213,-26.80241584777832,0.007761718705296516,0.4382038116455078,-9.0,9.0,26.532854080200195,9.18763542175293,1.4816434383392334,-0.803411602973938,6678
1557,41965,0.07853031903505325,0.07600072026252747,-26.19875717163086,0.007762047927826643,0.7691553831100464,-9.0,9.0,25.966278076171875,8.997977256774902,1.5179818868637085,-0.781710684299469,6679
1558,41965,0.0872141569852829,0.08365128934383392,-26.364974975585938,0.0077623589895665646,0.07728724181652069,-9.0,9.0,26.053312301635742,9.67087173461914,1.488398551940918,-0.7988600730895996,6680
1559,41965,0.11517185717821121,0.13811439275741577,-26.293733596801758,0.007762925233691931,1.2931373119354248,-9.0,9.0,26.08839225769043,9.250309944152832,1.4944298267364502,-0.7906521558761597,6681
1560,41965,0.21897611021995544,0.19479124248027802,-25.235126495361328,0.007763291709125042,-0.6534608602523804,-9.0,9.0,24.93479347229004,9.082295417785645,1.5006622076034546,-0.7876008749008179,6682
1561,41965,0.15764467418193817,0.14539045095443726,-25.874174118041992,0.007763787638396025,0.7567139863967896,-9.0,9.0,25.473941802978516,9.463159561157227,1.5184850692749023,-0.7759986519813538,6683
1562,41965,0.16296328604221344,0.18141482770442963,-26.695411682128906,0.007764691021293402,2.0612223148345947,-9.0,9.0,26.59554100036621,9.606170654296875,1.5457905530929565,-0.7869097590446472,6684
1563,41965,0.12695588171482086,0.1245698630809784,-25.52597999572754,0.007765994407236576,2.218817949295044,-9.0,9.0,25.421781539916992,8.71006965637207,1.570665955543518,-0.7509622573852539,6685
1564,41965,0.12146282196044922,0.175617516040802,-25.81608772277832,0.0077674537897109985,1.2954413890838623,-9.0,9.0,25.424753189086914,9.094804763793945,1.4970380067825317,-0.7709187269210815,6686
1565,41965,0.144231379032135,0.15589772164821625,-25.947551727294922,0.00776930944994092,2.4393157958984375,-9.0,9.0,25.53156280517578,8.781285285949707,1.5480765104293823,-0.7505803108215332,6687
1566,41965,0.1107080951333046,0.17099031805992126,-27.003448486328125,0.007770839612931013,-0.632025957107544,-9.0,9.0,26.953720092773438,9.588274955749512,1.4839143753051758,-0.7949760556221008,6688
1567,41965,0.08344388008117676,0.09576857835054398,-25.664859771728516,0.007771918084472418,-1.3533849716186523,-9.0,9.0,25.481000900268555,8.667104721069336,1.4740508794784546,-0.7741912007331848,6689
1568,41965,0.15533891320228577,0.19704362750053406,-27.097427368164062,0.007772321812808514,-2.562011480331421,-9.0,9.0,26.55797576904297,9.150439262390137,1.4755085706710815,-0.7806546092033386,6690
1569,41965,0.07628858089447021,0.08280220627784729,-26.7114200592041,0.007771662436425686,-4.605027675628662,-9.0,9.0,26.50804328918457,9.581591606140137,1.4140180349349976,-0.8033777475357056,6691
1570,41965,0.1410544514656067,0.14055800437927246,-26.370601654052734,0.00777042843401432,-2.893427610397339,-9.0,9.0,26.22711181640625,9.089705467224121,1.4502254724502563,-0.7698168158531189,6692
1571,41965,0.18645556271076202,0.17485469579696655,-26.684764862060547,0.007769194431602955,-0.5552170872688293,-9.0,9.0,26.257408142089844,9.42607307434082,1.4988842010498047,-0.7619556784629822,6693
1572,41965,0.0899152010679245,0.0828653946518898,-26.06396484375,0.007767124101519585,-4.33278226852417,-9.0,9.0,25.75576400756836,9.177818298339844,1.453297734260559,-0.752802312374115,6694
1573,41965,0.1498814970254898,0.1615019142627716,-25.544334411621094,0.007765290793031454,0.13299453258514404,-9.0,9.0,25.377532958984375,8.947677612304688,1.5340524911880493,-0.7299879193305969,6695
1574,41965,0.10063046962022781,0.1076069325208664,-25.46218490600586,0.007764698471873999,4.768845558166504,-9.0,9.0,25.160694122314453,8.986989974975586,1.5837031602859497,-0.744891345500946,6696
1575,41965,0.1183018833398819,0.11677627265453339,-27.044315338134766,0.007763836067169905,-1.4812564849853516,-9.0,9.0,26.661104202270508,9.614970207214355,1.4734249114990234,-0.7796419262886047,6697
1576,41965,0.09472757577896118,0.09765428304672241,-25.96331214904785,0.007763325236737728,1.1957037448883057,-9.0,9.0,25.782054901123047,8.752652168273926,1.4964252710342407,-0.7543095350265503,6698
1577,41965,0.07049217820167542,0.08927386999130249,-25.838245391845703,0.007763247471302748,1.7204830646514893,-9.0,9.0,25.7281494140625,9.064765930175781,1.528327226638794,-0.7582789063453674,6699
1578,41965,0.09646669775247574,0.10221749544143677,-25.107181549072266,0.007763254456222057,0.35008513927459717,-9.0,9.0,24.844022750854492,8.260079383850098,1.5383449792861938,-0.7404546737670898,6700
1579,41965,0.3030466139316559,0.26591214537620544,-26.887596130371094,0.007763369474560022,0.49588197469711304,-9.0,9.0,26.52225112915039,9.566838264465332,1.5233832597732544,-0.7643019556999207,6701
1580,41965,0.10980179905891418,0.1462680846452713,-25.326675415039062,0.007763617672026157,0.6412400603294373,-9.0,9.0,25.122356414794922,8.640911102294922,1.539280891418457,-0.7533131241798401,6702
1581,41965,0.09571119397878647,0.0935252457857132,-26.466886520385742,0.007763576693832874,-1.191326379776001,-9.0,9.0,26.290420532226562,8.776369094848633,1.4732602834701538,-0.7576236128807068,6703
1582,41965,0.08282485604286194,0.09528207778930664,-26.454669952392578,0.007763417437672615,-0.5390914082527161,-9.0,9.0,26.121414184570312,9.292867660522461,1.4904725551605225,-0.7677367925643921,6704
1583,41965,0.09257327020168304,0.09183818846940994,-26.344667434692383,0.007762673310935497,-2.7127840518951416,-9.0,9.0,26.041309356689453,9.87079906463623,1.469083547592163,-0.7824439406394958,6705
1584,41965,0.11724880337715149,0.10934742540121078,-26.88016700744629,0.007762088906019926,0.3847412168979645,-9.0,9.0,26.597959518432617,9.26888370513916,1.4934359788894653,-0.7838830351829529,6706
1585,41965,0.11580559611320496,0.10389731079339981,-25.917980194091797,0.007761937100440264,1.684558629989624,-9.0,9.0,25.65519905090332,8.924823760986328,1.517030954360962,-0.7308759093284607,6707
1586,41965,0.10712055116891861,0.11107201874256134,-27.71550941467285,0.007761244662106037,-2.4964020252227783,-9.0,9.0,27.327621459960938,9.838744163513184,1.4502732753753662,-0.7916547060012817,6708
1587,41965,0.10039627552032471,0.13098318874835968,-25.881959915161133,0.007760008797049522,-2.755282163619995,-9.0,9.0,25.703920364379883,9.26496410369873,1.476585030555725,-0.7674196362495422,6709
1588,41965,0.09418396651744843,0.10661698877811432,-26.005125045776367,0.0077590541914105415,0.7209228873252869,-9.0,9.0,25.75811767578125,8.852059364318848,1.5027074813842773,-0.7684096097946167,6710
1589,41965,0.08381816744804382,0.10228005051612854,-26.375926971435547,0.007757733575999737,-2.0790674686431885,-9.0,9.0,26.035381317138672,8.93057918548584,1.485129714012146,-0.7691421508789062,6711
1590,41965,0.06779921799898148,0.07145717740058899,-26.1766357421875,0.007756620179861784,0.344367653131485,-9.0,9.0,25.908676147460938,8.739435195922852,1.4955055713653564,-0.7869406342506409,6712
1591,41965,0.09306582063436508,0.11209236085414886,-26.203842163085938,0.007755440194159746,-0.7945530414581299,-9.0,9.0,25.982603073120117,8.302998542785645,1.4901694059371948,-0.7611785531044006,6713
1592,41965,0.10459842532873154,0.11147868633270264,-25.672019958496094,0.007754512131214142,0.6071500778198242,-9.0,9.0,25.34012222290039,9.34768009185791,1.524669885635376,-0.7612701058387756,6714
1593,41965,0.10565526783466339,0.12006320059299469,-28.326465606689453,0.0077537358738482,0.2680293321609497,-9.0,9.0,28.05510902404785,9.910725593566895,1.4784518480300903,-0.8260496258735657,6715
1594,41965,0.08199569582939148,0.10087940841913223,-26.36764907836914,0.007753754034638405,3.2126693725585938,-9.0,9.0,26.137338638305664,9.050738334655762,1.5381221771240234,-0.7737408876419067,6716
1595,41965,0.09754782915115356,0.09646736830472946,-27.472015380859375,0.0077544827945530415,3.184272289276123,-9.0,9.0,27.103172302246094,9.86762523651123,1.5379035472869873,-0.810832142829895,6717
1596,41965,0.0819176435470581,0.09491267055273056,-25.78534698486328,0.007755580823868513,1.9705696105957031,-9.0,9.0,25.517135620117188,9.301115989685059,1.5299937725067139,-0.7810084223747253,6718
1597,41965,0.08567322790622711,0.09315313398838043,-25.999483108520508,0.007756879087537527,1.3800034523010254,-9.0,9.0,25.883474349975586,9.19766616821289,1.4726132154464722,-0.7856495976448059,6719
1598,41965,0.08847218006849289,0.09142498672008514,-25.831764221191406,0.007758451160043478,1.811508059501648,-9.0,9.0,25.548097610473633,9.402771949768066,1.5317012071609497,-0.7821532487869263,6720
1599,41965,0.11937862634658813,0.13180068135261536,-28.03894805908203,0.007760253269225359,1.725832462310791,-9.0,9.0,27.700851440429688,9.541929244995117,1.5215749740600586,-0.8076880574226379,6721
1600,41965,0.2324039191007614,0.2204446792602539,-25.900028228759766,0.007762677036225796,3.583651065826416,-9.0,9.0,25.75197410583496,9.202842712402344,1.5571430921554565,-0.7805829048156738,6722
1601,41965,0.08488916605710983,0.07493571937084198,-26.234651565551758,0.007764309644699097,-2.4649574756622314,-9.0,9.0,25.971576690673828,9.19473934173584,1.4583876132965088,-0.7816985249519348,6723
1602,41965,0.11234955489635468,0.0990196019411087,-26.119823455810547,0.0077656907960772514,-0.394075870513916,-9.0,9.0,25.717350006103516,8.906516075134277,1.4708327054977417,-0.7804836630821228,6724
1603,41965,0.1428377628326416,0.14374609291553497,-26.705602645874023,0.007767016533762217,0.36678871512413025,-9.0,9.0,26.505615234375,8.787646293640137,1.492864727973938,-0.7825457453727722,6725
1604,41965,0.1536019742488861,0.150127574801445,-27.08003044128418,0.0077680242247879505,-0.841575026512146,-9.0,9.0,26.9869384765625,9.075800895690918,1.4748027324676514,-0.7868844866752625,6726
1605,41965,0.09597931802272797,0.10268362611532211,-26.530506134033203,0.0077682724222540855,-2.926025152206421,-9.0,9.0,26.161094665527344,9.12139892578125,1.4498405456542969,-0.7707490921020508,6727
1606,41965,0.10582667589187622,0.11020822823047638,-26.6788330078125,0.007768598385155201,0.45003265142440796,-9.0,9.0,26.266324996948242,8.882726669311523,1.5027015209197998,-0.7774581909179688,6728
1607,41965,0.09768549352884293,0.10043884813785553,-26.362560272216797,0.007767927832901478,-4.278141498565674,-9.0,9.0,26.234636306762695,9.439835548400879,1.4332621097564697,-0.7816662192344666,6729
1608,41965,0.0939316377043724,0.09826929122209549,-25.066059112548828,0.007766597904264927,-3.2263829708099365,-9.0,9.0,25.042949676513672,8.58072280883789,1.4415019750595093,-0.7440713047981262,6730
1609,41965,0.11979846656322479,0.12424784898757935,-26.13206672668457,0.007764791138470173,-2.714273691177368,-9.0,9.0,25.809297561645508,8.891191482543945,1.432003140449524,-0.7622376084327698,6731
1610,41965,0.12515956163406372,0.1103445291519165,-26.298982620239258,0.007762077730149031,-6.191584587097168,-9.0,9.0,25.928138732910156,9.008265495300293,1.4145017862319946,-0.7683865427970886,6732
1611,41965,0.10633531957864761,0.14026597142219543,-26.950275421142578,0.007758547551929951,-5.621906757354736,-9.0,9.0,26.852108001708984,9.412026405334473,1.3655672073364258,-0.7996493577957153,6733
1612,41965,0.29118847846984863,0.27040088176727295,-25.864990234375,0.0077546341344714165,-3.279104709625244,-9.0,9.0,25.696762084960938,9.037938117980957,1.480976939201355,-0.7700433731079102,6734
1613,41965,0.18010380864143372,0.22023653984069824,-26.71715545654297,0.007750028278678656,-6.384057998657227,-9.0,9.0,26.250064849853516,9.283341407775879,1.3745092153549194,-0.7970048189163208,6735
1614,41965,0.09979187697172165,0.09207946062088013,-25.96108627319336,0.007744882255792618,-4.499566555023193,-9.0,9.0,25.64590835571289,8.834044456481934,1.433251142501831,-0.7812908887863159,6736
1615,41965,0.15730232000350952,0.17322684824466705,-26.123714447021484,0.00773946288973093,-3.5396831035614014,-9.0,9.0,26.05622100830078,8.891561508178711,1.39910888671875,-0.7896028757095337,6737
1616,41965,0.09496244043111801,0.08819898962974548,-26.322378158569336,0.0077341096475720406,-2.139442205429077,-9.0,9.0,26.0122127532959,8.816072463989258,1.4430981874465942,-0.7968944311141968,6738
1617,41965,0.19066675007343292,0.21602630615234375,-26.932130813598633,0.007728904020041227,-1.73504638671875,-9.0,9.0,26.311859130859375,8.683085441589355,1.4516725540161133,-0.7963829040527344,6739
1618,41965,0.0939013734459877,0.09957437217235565,-26.480562210083008,0.0077246190048754215,1.7820971012115479,-9.0,9.0,26.156578063964844,9.259865760803223,1.478302240371704,-0.8185802698135376,6740
1619,41965,0.17388522624969482,0.17232245206832886,-26.749977111816406,0.00772117218002677,1.8377987146377563,-9.0,9.0,26.66081428527832,9.54250431060791,1.4991095066070557,-0.8336549997329712,6741
1620,41965,0.07201293110847473,0.08370459079742432,-26.861000061035156,0.007718176115304232,0.48022156953811646,-9.0,9.0,26.537979125976562,8.869441986083984,1.5044540166854858,-0.8204115033149719,6742
1621,41965,0.20784203708171844,0.19946716725826263,-27.173282623291016,0.0077159348875284195,2.032390832901001,-9.0,9.0,26.652685165405273,8.441939353942871,1.4868175983428955,-0.8141155242919922,6743
1622,41965,0.08918150514364243,0.09675165265798569,-25.95914077758789,0.007715004030615091,8.481501579284668,-9.0,9.0,25.678028106689453,8.746474266052246,1.6129237413406372,-0.8289348483085632,6744
1623,41965,0.13011980056762695,0.12319041043519974,-26.966611862182617,0.007715250365436077,6.526288032531738,-9.0,9.0,26.8929443359375,9.303153038024902,1.5664522647857666,-0.8508442044258118,6745
1624,41965,0.1148737221956253,0.11794887483119965,-26.218647003173828,0.007716556545346975,9.456783294677734,-9.0,9.0,25.93807601928711,8.595979690551758,1.605202078819275,-0.802967369556427,6746
1625,41965,0.13059858977794647,0.1081836149096489,-26.270606994628906,0.007718812674283981,7.650992393493652,-9.0,9.0,25.78069496154785,8.940262794494629,1.5992664098739624,-0.8162378668785095,6747
1626,41965,0.1042804941534996,0.13896003365516663,-26.913326263427734,0.007721452042460442,2.7147810459136963,-9.0,9.0,26.62339210510254,8.837663650512695,1.5493007898330688,-0.8020750880241394,6748
1627,41965,0.13498283922672272,0.11538317799568176,-26.395191192626953,0.007724342867732048,2.3136210441589355,-9.0,9.0,26.310447692871094,8.489106178283691,1.5537163019180298,-0.7837468981742859,6749
1628,41965,0.09293878078460693,0.10621508210897446,-26.638648986816406,0.007727599702775478,2.9285390377044678,-9.0,9.0,26.315532684326172,9.723614692687988,1.5072985887527466,-0.8208191990852356,6750
1629,41965,0.13611438870429993,0.11074884980916977,-26.884557723999023,0.007731067948043346,2.3933444023132324,-9.0,9.0,26.43624496459961,9.16712474822998,1.5283395051956177,-0.8122190237045288,6751
1630,41965,0.09231365472078323,0.0869029089808464,-26.561962127685547,0.007735168095678091,4.385218620300293,-9.0,9.0,26.265653610229492,9.460306167602539,1.546553373336792,-0.7956165671348572,6752
1631,41965,0.1840260922908783,0.12614797055721283,-27.11161994934082,0.007739576976746321,3.2069265842437744,-9.0,9.0,26.964616775512695,9.57245922088623,1.5452287197113037,-0.8103542923927307,6753
1632,41965,0.07964064180850983,0.09128516167402267,-26.150428771972656,0.007743837311863899,1.2709894180297852,-9.0,9.0,25.747756958007812,8.042581558227539,1.5248916149139404,-0.7864561080932617,6754
1633,41965,0.08588075637817383,0.06815670430660248,-25.802968978881836,0.0077487570233643055,5.616442680358887,-9.0,9.0,25.48103141784668,9.066916465759277,1.5753196477890015,-0.7671049237251282,6755
1634,41965,0.1062983050942421,0.10917064547538757,-26.1610107421875,0.00775416474789381,4.364073753356934,-9.0,9.0,26.022323608398438,9.12674331665039,1.5659624338150024,-0.7801375985145569,6756
1635,41965,0.13221114873886108,0.10393444448709488,-26.167865753173828,0.007759779691696167,3.3235185146331787,-9.0,9.0,26.04499053955078,8.98981761932373,1.5527364015579224,-0.7713359594345093,6757
1636,41965,0.1298416703939438,0.12420353293418884,-26.41829490661621,0.007765061222016811,0.9959657192230225,-9.0,9.0,26.133352279663086,9.292810440063477,1.5304597616195679,-0.759491503238678,6758
1637,41965,0.11280400305986404,0.12100556492805481,-25.790319442749023,0.007770261727273464,1.9608350992202759,-9.0,9.0,25.51250457763672,8.878643035888672,1.54341721534729,-0.7442156076431274,6759
1638,41965,0.10494626313447952,0.1046605035662651,-26.6885929107666,0.00777582498267293,3.907758951187134,-9.0,9.0,26.43166732788086,9.447604179382324,1.5416334867477417,-0.7740789651870728,6760
1639,41965,0.1559438705444336,0.10840899497270584,-26.086383819580078,0.007780776359140873,-0.27424460649490356,-9.0,9.0,26.00385284423828,9.105267524719238,1.52108895778656,-0.7731229662895203,6761
1640,41965,0.09797227382659912,0.08755502104759216,-26.556758880615234,0.007785512134432793,1.211061954498291,-9.0,9.0,26.265562057495117,9.482220649719238,1.5397089719772339,-0.7491657137870789,6762
1641,41965,0.11154033243656158,0.09241953492164612,-26.99394989013672,0.007789478171616793,-1.327778935432434,-9.0,9.0,26.634841918945312,8.911872863769531,1.4916315078735352,-0.7658372521400452,6763
1642,41965,0.09815293550491333,0.08524028211832047,-27.186386108398438,0.007792461197823286,-2.6033825874328613,-9.0,9.0,26.99239158630371,9.5206298828125,1.4544109106063843,-0.7871347069740295,6764
1643,41965,0.12936806678771973,0.09929975867271423,-26.850976943969727,0.007794735487550497,-1.8191615343093872,-9.0,9.0,26.697959899902344,9.316854476928711,1.4700371026992798,-0.7571879029273987,6765
1644,41965,0.1413666307926178,0.1529344916343689,-27.4215030670166,0.007795936428010464,-3.7394967079162598,-9.0,9.0,27.088836669921875,9.655835151672363,1.4716482162475586,-0.7706183195114136,6766
1645,41965,0.09231214225292206,0.08254779130220413,-26.51230812072754,0.007796010468155146,-4.457614898681641,-9.0,9.0,26.23647117614746,9.170964241027832,1.4743051528930664,-0.7362896800041199,6767
1646,41965,0.06039445847272873,0.06210014224052429,-26.15020179748535,0.007795839570462704,-1.0455909967422485,-9.0,9.0,25.922439575195312,8.88134479522705,1.5094547271728516,-0.7224990725517273,6768
1647,41965,0.13346385955810547,0.10379844903945923,-26.37856674194336,0.007795928977429867,1.0652283430099487,-9.0,9.0,26.25591278076172,8.899362564086914,1.5460914373397827,-0.7236984968185425,6769
1648,41965,0.12300784885883331,0.12515443563461304,-27.95165252685547,0.007795676123350859,-1.463554859161377,-9.0,9.0,27.605791091918945,9.664084434509277,1.466821551322937,-0.7737745046615601,6770
1649,41965,0.2530803084373474,0.17388911545276642,-27.04422950744629,0.0077958060428500175,1.5759596824645996,-9.0,9.0,26.68549919128418,8.853045463562012,1.5627622604370117,-0.7369964718818665,6771
1650,41965,0.18712034821510315,0.1287909746170044,-26.58586311340332,0.007796452846378088,2.340137481689453,-9.0,9.0,26.610626220703125,9.507560729980469,1.5749647617340088,-0.756316065788269,6772
1651,41965,0.08388032019138336,0.06245344877243042,-26.89399528503418,0.007798133417963982,4.8449835777282715,-9.0,9.0,26.723535537719727,8.975508689880371,1.5797659158706665,-0.7562900185585022,6773
1652,41965,0.23671157658100128,0.17148318886756897,-27.238130569458008,0.007800744380801916,7.9742937088012695,-9.0,9.0,26.71919822692871,9.521295547485352,1.627360224723816,-0.7528178095817566,6774
1653,41965,0.14507292211055756,0.17734098434448242,-26.727815628051758,0.007804193068295717,5.0503249168396,-9.0,9.0,26.558652877807617,9.181483268737793,1.6102313995361328,-0.7344762682914734,6775
1654,41965,0.23047716915607452,0.15724559128284454,-26.130455017089844,0.007808093912899494,3.5067923069000244,-9.0,9.0,26.17217445373535,9.036360740661621,1.5524805784225464,-0.7594667673110962,6776
1655,41965,0.10935543477535248,0.11444632709026337,-27.19571304321289,0.00781252235174179,4.048078536987305,-9.0,9.0,26.97076988220215,9.185976028442383,1.5684064626693726,-0.7687583565711975,6777
1656,41965,0.17698156833648682,0.10042062401771545,-27.251602172851562,0.00781760923564434,5.204961776733398,-9.0,9.0,26.791898727416992,10.12459659576416,1.552540898323059,-0.772011399269104,6778
1657,41965,0.09418518841266632,0.12323911488056183,-26.573410034179688,0.007822456769645214,1.1627428531646729,-9.0,9.0,26.34366226196289,9.37087631225586,1.5088783502578735,-0.7595601081848145,6779
1658,41965,0.14563900232315063,0.07313963770866394,-26.955827713012695,0.007827321998775005,2.2024126052856445,-9.0,9.0,26.80236053466797,8.775459289550781,1.5582866668701172,-0.7388073205947876,6780
1659,41965,0.16106967628002167,0.15417392551898956,-26.96420669555664,0.007832806557416916,5.153744220733643,-9.0,9.0,26.58329963684082,9.283775329589844,1.5697497129440308,-0.7579178214073181,6781
1660,41965,0.14435268938541412,0.08090275526046753,-27.424449920654297,0.007838844321668148,6.040560722351074,-9.0,9.0,27.02326202392578,8.788470268249512,1.5890693664550781,-0.752224326133728,6782
1661,41965,0.0879926085472107,0.09866032004356384,-26.399354934692383,0.007844936102628708,2.86092472076416,-9.0,9.0,26.158763885498047,9.021714210510254,1.5606577396392822,-0.7397212982177734,6783
1662,41965,0.19829972088336945,0.12470383197069168,-26.585731506347656,0.007851522415876389,6.797428131103516,-9.0,9.0,26.47443389892578,9.763928413391113,1.615305781364441,-0.7362492680549622,6784
1663,41965,0.1854506880044937,0.15899431705474854,-27.48463249206543,0.00785855669528246,7.409724712371826,-9.0,9.0,27.064027786254883,9.294499397277832,1.6127249002456665,-0.7700543999671936,6785
1664,41965,0.156981959939003,0.11684158444404602,-26.658924102783203,0.007865995168685913,6.899307727813721,-9.0,9.0,26.353404998779297,8.843042373657227,1.6416919231414795,-0.7327880859375,6786
1665,41965,0.12478309869766235,0.10032214969396591,-26.767061233520508,0.007873796857893467,7.124377250671387,-9.0,9.0,26.59697723388672,8.925715446472168,1.625723123550415,-0.7368695139884949,6787
1666,41965,0.16971221566200256,0.1419057995080948,-26.671964645385742,0.00788192544132471,9.524970054626465,-9.0,9.0,26.51291847229004,9.316579818725586,1.6576820611953735,-0.7507960200309753,6788
1667,41965,0.0857425183057785,0.0729222446680069,-26.63762092590332,0.007890352979302406,9.94516372680664,-9.0,9.0,26.4729061126709,9.215853691101074,1.6809864044189453,-0.7441809773445129,6789
1668,41965,0.08564652502536774,0.08904741704463959,-26.0983943939209,0.007899045012891293,5.244889736175537,-9.0,9.0,25.922697067260742,8.947223663330078,1.5970726013183594,-0.7488966584205627,6790
1669,41965,0.09285333752632141,0.09412907809019089,-26.686664581298828,0.007907980121672153,7.159143924713135,-9.0,9.0,26.456439971923828,9.091965675354004,1.6219427585601807,-0.7422252893447876,6791
1670,41965,0.10513424873352051,0.105781689286232,-26.610855102539062,0.007917134091258049,5.481529235839844,-9.0,9.0,26.342859268188477,9.605300903320312,1.5854493379592896,-0.7634950876235962,6792
1671,41965,0.12405897676944733,0.1281609833240509,-26.64314842224121,0.007926120422780514,3.2146005630493164,-9.0,9.0,26.368854522705078,9.37794303894043,1.5892473459243774,-0.743484377861023,6793
1672,41965,0.20932406187057495,0.15935887396335602,-27.358558654785156,0.007933905348181725,-1.3624992370605469,-9.0,9.0,26.909900665283203,9.212987899780273,1.4844131469726562,-0.7734489440917969,6794
1673,41965,0.09176791459321976,0.0725439116358757,-26.386995315551758,0.007940215058624744,-3.068138837814331,-9.0,9.0,26.177291870117188,9.215765953063965,1.4821815490722656,-0.7404953837394714,6795
1674,41965,0.2227349430322647,0.18812459707260132,-27.639089584350586,0.0079456502571702,-1.0961501598358154,-9.0,9.0,27.533916473388672,9.507665634155273,1.4842803478240967,-0.7742765545845032,6796
1675,41965,0.19939874112606049,0.1274624764919281,-27.174802780151367,0.007950728759169579,0.7936539053916931,-9.0,9.0,26.694473266601562,9.283584594726562,1.5109260082244873,-0.7511803507804871,6797
1676,41965,0.09887383133172989,0.07505112141370773,-26.741191864013672,0.007954812608659267,-2.1349616050720215,-9.0,9.0,26.445659637451172,8.473220825195312,1.474100112915039,-0.7592607736587524,6798
1677,41965,0.4267197847366333,0.346050500869751,-25.726247787475586,0.007958890870213509,1.734135627746582,-9.0,9.0,25.732973098754883,8.946324348449707,1.527274250984192,-0.7283673286437988,6799
1678,41965,0.09700244665145874,0.10229736566543579,-26.33025360107422,0.007962269708514214,-1.2806538343429565,-9.0,9.0,26.17259979248047,8.285200119018555,1.4903353452682495,-0.7564326524734497,6800
1679,41965,0.17210456728935242,0.08977673202753067,-26.603361129760742,0.0079653300344944,0.07450807094573975,-9.0,9.0,26.282827377319336,9.235429763793945,1.4950841665267944,-0.7401227951049805,6801
1680,41965,0.12539926171302795,0.12414606660604477,-26.263540267944336,0.00796913355588913,4.532214641571045,-9.0,9.0,26.032907485961914,8.65195369720459,1.5892645120620728,-0.7452287673950195,6802
1681,41965,0.15820161998271942,0.10289289057254791,-26.92498016357422,0.007972382940351963,-0.7704215049743652,-9.0,9.0,26.87727165222168,9.586677551269531,1.487560510635376,-0.7509035468101501,6803
1682,41965,0.11453136801719666,0.13131287693977356,-26.783721923828125,0.007975052110850811,-1.1077237129211426,-9.0,9.0,26.569032669067383,9.286006927490234,1.4869147539138794,-0.7332187294960022,6804
1683,41965,0.1733497977256775,0.10789341479539871,-27.337305068969727,0.007977182045578957,-1.1772351264953613,-9.0,9.0,27.058860778808594,9.308419227600098,1.4788435697555542,-0.7756332159042358,6805
1684,41965,0.14771169424057007,0.14323604106903076,-26.40703773498535,0.007979555986821651,1.9516807794570923,-9.0,9.0,26.180208206176758,9.474447250366211,1.5578811168670654,-0.730798602104187,6806
1685,41965,0.1396207958459854,0.19285325706005096,-26.89356231689453,0.007982219569385052,2.255679130554199,-9.0,9.0,26.63018798828125,9.204715728759766,1.5504640340805054,-0.7453222274780273,6807
1686,41965,0.12233152985572815,0.14762921631336212,-26.143573760986328,0.007985509000718594,3.840240478515625,-9.0,9.0,25.9458065032959,8.39205265045166,1.596655249595642,-0.7317514419555664,6808
1687,41965,0.18987081944942474,0.1193765252828598,-27.351959228515625,0.007989591918885708,5.701796054840088,-9.0,9.0,27.063243865966797,9.46470832824707,1.5985310077667236,-0.7440001368522644,6809
1688,41965,0.12428907305002213,0.11730123311281204,-26.548877716064453,0.007994390092790127,5.168048858642578,-9.0,9.0,26.277721405029297,9.857991218566895,1.6127697229385376,-0.7279307246208191,6810
1689,41965,0.11693838238716125,0.1279032826423645,-26.497825622558594,0.007999515160918236,3.45211124420166,-9.0,9.0,26.31326675415039,9.169820785522461,1.584982991218567,-0.729727566242218,6811
1690,41965,0.10632608830928802,0.10718423873186111,-26.730430603027344,0.00800477247685194,2.748419761657715,-9.0,9.0,26.496322631835938,8.658202171325684,1.5376869440078735,-0.7385143637657166,6812
1691,41965,0.11183321475982666,0.11442646384239197,-27.203609466552734,0.008010034449398518,2.252242088317871,-9.0,9.0,26.985370635986328,9.226194381713867,1.544944167137146,-0.7635542154312134,6813
1692,41965,0.12158963829278946,0.11929868161678314,-26.561565399169922,0.008015306666493416,2.2804372310638428,-9.0,9.0,26.367887496948242,8.985496520996094,1.5454493761062622,-0.7474034428596497,6814
1693,41965,0.12132882326841354,0.11507776379585266,-27.357799530029297,0.008020763285458088,3.0130929946899414,-9.0,9.0,27.12832260131836,9.371293067932129,1.5599275827407837,-0.7510449290275574,6815
1694,41965,0.10437531769275665,0.11404083669185638,-27.127178192138672,0.008025705814361572,0.11529362201690674,-9.0,9.0,26.868764877319336,9.399477005004883,1.5272659063339233,-0.7604840397834778,6816
1695,41965,0.0927000418305397,0.10528936982154846,-27.196226119995117,0.008030682802200317,2.2336366176605225,-9.0,9.0,26.820798873901367,8.69977855682373,1.5404390096664429,-0.7322292923927307,6817
1696,41965,0.09167302399873734,0.0905313640832901,-26.71410369873047,0.008035006932914257,-0.6833266019821167,-9.0,9.0,26.481918334960938,9.415563583374023,1.5135326385498047,-0.7402767539024353,6818
1697,41965,0.2333129495382309,0.21299175918102264,-26.82613182067871,0.008039038628339767,0.5831630825996399,-9.0,9.0,26.546634674072266,9.753072738647461,1.52197265625,-0.7605610489845276,6819
1698,41965,0.23407040536403656,0.21591417491436005,-27.136951446533203,0.008042078465223312,-2.516293525695801,-9.0,9.0,26.85455894470215,9.594746589660645,1.4769315719604492,-0.7553563714027405,6820
1699,41965,0.10768397152423859,0.1463182121515274,-28.253578186035156,0.00804541539400816,2.54651141166687,-9.0,9.0,27.999479293823242,9.920683860778809,1.5340073108673096,-0.7802440524101257,6821
1700,41965,0.18687325716018677,0.18332678079605103,-27.02669334411621,0.008049552328884602,4.939882278442383,-9.0,9.0,26.80497932434082,9.44882869720459,1.594748854637146,-0.7449766993522644,6822
1701,41965,0.09996069222688675,0.11267781257629395,-27.06414031982422,0.008054063655436039,3.333275079727173,-9.0,9.0,26.707595825195312,8.890856742858887,1.593948245048523,-0.7406245470046997,6823
1702,41965,0.12730152904987335,0.1456005573272705,-26.05284309387207,0.008059261366724968,7.890035629272461,-9.0,9.0,25.887704849243164,8.930118560791016,1.6552149057388306,-0.7351424098014832,6824
1703,41965,0.08883816748857498,0.11530596017837524,-26.476076126098633,0.008065074682235718,4.860424518585205,-9.0,9.0,26.347070693969727,8.806734085083008,1.6171165704727173,-0.7500594854354858,6825
1704,41965,0.12470826506614685,0.14989757537841797,-27.134904861450195,0.008070971816778183,2.8004307746887207,-9.0,9.0,26.9344482421875,9.341583251953125,1.550146460533142,-0.7766924500465393,6826
1705,41965,0.07399682700634003,0.06071895360946655,-26.248672485351562,0.008077416568994522,7.89576530456543,-9.0,9.0,26.015295028686523,8.684996604919434,1.6800992488861084,-0.7235245108604431,6827
1706,41965,0.09265673905611038,0.10390087962150574,-27.32126235961914,0.008083770982921124,2.315537929534912,-9.0,9.0,27.143985748291016,9.570298194885254,1.5356342792510986,-0.7752450704574585,6828
1707,41965,0.0817638710141182,0.06309594213962555,-26.099231719970703,0.008090268820524216,3.2662763595581055,-9.0,9.0,25.929420471191406,8.65576171875,1.569921612739563,-0.7350658774375916,6829
1708,41965,0.08593076467514038,0.12320354580879211,-27.5361270904541,0.00809650868177414,1.6327077150344849,-9.0,9.0,27.206119537353516,9.162610054016113,1.4935189485549927,-0.7963027954101562,6830
1709,41965,0.1649777889251709,0.15586817264556885,-27.809972763061523,0.008102522231638432,1.6469495296478271,-9.0,9.0,27.544002532958984,9.713126182556152,1.5269252061843872,-0.7646967172622681,6831
1710,41965,0.21506866812705994,0.16721153259277344,-27.082887649536133,0.00810907781124115,4.812697410583496,-9.0,9.0,26.761621475219727,9.454460144042969,1.5858639478683472,-0.7526241540908813,6832
1711,41965,0.09301301091909409,0.09102357923984528,-27.092527389526367,0.008115672506392002,2.9111781120300293,-9.0,9.0,26.838390350341797,9.38542652130127,1.5627734661102295,-0.7568256258964539,6833
1712,41965,0.10545482486486435,0.10122887790203094,-27.27684211730957,0.008121510967612267,-0.44553911685943604,-9.0,9.0,27.09455108642578,9.007180213928223,1.495070219039917,-0.7577022910118103,6834
1713,41965,0.08219864219427109,0.07057808339595795,-27.178876876831055,0.008126937784254551,0.6909337043762207,-9.0,9.0,26.872180938720703,9.559016227722168,1.5330921411514282,-0.760118842124939,6835
1714,41965,0.1872069537639618,0.15448692440986633,-26.812198638916016,0.008131795562803745,-0.13266383111476898,-9.0,9.0,26.545490264892578,9.997381210327148,1.5052958726882935,-0.7588208317756653,6836
1715,41965,0.12283721566200256,0.08100192248821259,-27.22534942626953,0.008136123418807983,-0.21319615840911865,-9.0,9.0,27.117435455322266,9.212906837463379,1.5062437057495117,-0.760046660900116,6837
1716,41965,0.08708421885967255,0.10291415452957153,-26.733129501342773,0.008139938116073608,-0.3453020751476288,-9.0,9.0,26.381664276123047,9.459145545959473,1.4970492124557495,-0.7530894875526428,6838
1717,41965,0.15178857743740082,0.12902404367923737,-27.94854736328125,0.00814238004386425,-4.152241230010986,-9.0,9.0,27.474380493164062,9.566741943359375,1.4340132474899292,-0.7621507048606873,6839
1718,41965,0.098543182015419,0.0957130715250969,-27.442983627319336,0.008144364692270756,-0.8958262801170349,-9.0,9.0,27.214845657348633,8.598709106445312,1.5055407285690308,-0.7561580538749695,6840
1719,41965,0.13243240118026733,0.09417745471000671,-26.341001510620117,0.008145238272845745,-3.8076648712158203,-9.0,9.0,26.240697860717773,8.578858375549316,1.468645691871643,-0.7372173070907593,6841
1720,41965,0.09175547957420349,0.09797865152359009,-28.10951042175293,0.008145292289555073,-3.058302640914917,-9.0,9.0,27.733041763305664,9.799786567687988,1.4369217157363892,-0.7772854566574097,6842
1721,41965,0.1148415133357048,0.09210284799337387,-26.64481544494629,0.008144348859786987,-4.155012130737305,-9.0,9.0,26.314029693603516,8.893192291259766,1.4496705532073975,-0.7574138641357422,6843
1722,41965,0.11165902018547058,0.11872804909944534,-27.079484939575195,0.008143199607729912,-1.2426310777664185,-9.0,9.0,26.9220027923584,8.20358943939209,1.4773608446121216,-0.7357589602470398,6844
1723,41965,0.22881212830543518,0.2383957803249359,-26.91286849975586,0.008141855709254742,-1.293553113937378,-9.0,9.0,26.75592041015625,9.391729354858398,1.4729872941970825,-0.7725537419319153,6845
1724,41965,0.18339675664901733,0.15893715620040894,-27.33891487121582,0.008140108548104763,-2.2492427825927734,-9.0,9.0,27.040950775146484,9.268841743469238,1.4905855655670166,-0.7575464844703674,6846
1725,41965,0.07374928146600723,0.09083960950374603,-26.531070709228516,0.008138191886246204,-1.4377521276474,-9.0,9.0,26.379024505615234,8.644525527954102,1.4716819524765015,-0.7531639933586121,6847
1726,41965,0.18132850527763367,0.1707783341407776,-27.775760650634766,0.00813534390181303,-4.693767070770264,-9.0,9.0,27.609691619873047,9.972887992858887,1.4163390398025513,-0.7889958620071411,6848
1727,41965,0.26315030455589294,0.2788117527961731,-27.625587463378906,0.00813214760273695,-2.6458306312561035,-9.0,9.0,27.2811279296875,9.611791610717773,1.4618128538131714,-0.779216468334198,6849
1728,41965,0.08864321559667587,0.08570320159196854,-27.549503326416016,0.008128739893436432,-2.2078161239624023,-9.0,9.0,27.284343719482422,9.38687515258789,1.4767357110977173,-0.7555589079856873,6850
1729,41965,0.11613178253173828,0.16016599535942078,-26.92076301574707,0.0081248190253973,-3.588688850402832,-9.0,9.0,26.879560470581055,9.238448143005371,1.4122564792633057,-0.7713504433631897,6851
1730,41965,0.12238028645515442,0.11320550739765167,-27.450986862182617,0.008121061138808727,-0.946934700012207,-9.0,9.0,27.125751495361328,9.649505615234375,1.4654377698898315,-0.7648882865905762,6852
1731,41965,0.12196825444698334,0.14177446067333221,-27.40748405456543,0.008117929100990295,1.034820318222046,-9.0,9.0,26.99407958984375,9.310785293579102,1.5092018842697144,-0.7773305177688599,6853
1732,41965,0.5159022212028503,0.6342331767082214,-26.399391174316406,0.008115309290587902,0.8370869755744934,-9.0,9.0,26.207454681396484,9.343764305114746,1.4893054962158203,-0.756554126739502,6854
1733,41965,0.15511390566825867,0.21046805381774902,-26.643688201904297,0.008112441748380661,-2.125744342803955,-9.0,9.0,26.784191131591797,9.32891845703125,1.4613133668899536,-0.7778932452201843,6855
1734,41965,0.10903163254261017,0.13024207949638367,-26.908363342285156,0.008109092712402344,-3.2115001678466797,-9.0,9.0,26.674922943115234,9.201715469360352,1.4861372709274292,-0.7626166939735413,6856
1735,41965,0.19726988673210144,0.2420661598443985,-27.622774124145508,0.008106112480163574,0.13978207111358643,-9.0,9.0,27.156095504760742,8.955397605895996,1.472063660621643,-0.7511380910873413,6857
1736,41965,0.3227311670780182,0.383289635181427,-26.53870391845703,0.00810325238853693,-0.7446443438529968,-9.0,9.0,26.58156967163086,9.045397758483887,1.4976218938827515,-0.7392259240150452,6858
1737,41965,0.13833948969841003,0.13883507251739502,-26.935489654541016,0.00810032058507204,-1.4966890811920166,-9.0,9.0,26.84417724609375,9.212974548339844,1.4608474969863892,-0.7446028590202332,6859
1738,41965,0.1521829068660736,0.18787871301174164,-27.468368530273438,0.008097095414996147,-2.4446868896484375,-9.0,9.0,27.13422966003418,9.778212547302246,1.4690799713134766,-0.7729328870773315,6860
1739,41965,0.12888608872890472,0.1617928296327591,-28.13287353515625,0.008094042539596558,-0.6304315328598022,-9.0,9.0,27.826343536376953,9.756168365478516,1.4697227478027344,-0.7573757171630859,6861
1740,41965,0.2129175215959549,0.2924432158470154,-27.52347183227539,0.008090862073004246,-1.8111817836761475,-9.0,9.0,27.520076751708984,9.641489028930664,1.4767729043960571,-0.7512289881706238,6862
1741,41965,0.09850028902292252,0.11397092789411545,-27.701231002807617,0.008087452501058578,-2.285330057144165,-9.0,9.0,27.521224975585938,9.273209571838379,1.4617831707000732,-0.7580748796463013,6863
1742,41965,0.11519231647253036,0.178671732544899,-26.699460983276367,0.008083385415375233,-4.185588836669922,-9.0,9.0,26.343936920166016,9.058259010314941,1.4461498260498047,-0.7576976418495178,6864
1743,41965,0.09690551459789276,0.1041070818901062,-27.25611686706543,0.008079269900918007,-1.9086542129516602,-9.0,9.0,27.051734924316406,9.266960144042969,1.4723845720291138,-0.7432956099510193,6865
1744,41965,0.07849564403295517,0.11293893307447433,-25.784847259521484,0.008074851706624031,-2.9924235343933105,-9.0,9.0,25.64046287536621,8.994080543518066,1.459900140762329,-0.7341028451919556,6866
1745,41965,0.09881818294525146,0.12315236032009125,-26.215248107910156,0.008070267736911774,-2.5605087280273438,-9.0,9.0,25.99652671813965,8.297682762145996,1.487805962562561,-0.6987179517745972,6867
1746,41965,0.11339306831359863,0.13174819946289062,-28.189678192138672,0.008065828122198582,-1.311208963394165,-9.0,9.0,27.90441131591797,9.180861473083496,1.4462417364120483,-0.7887447476387024,6868
1747,41965,0.11723433434963226,0.17674031853675842,-26.170291900634766,0.008061821572482586,-0.051886916160583496,-9.0,9.0,26.13527488708496,9.195544242858887,1.487823247909546,-0.7394110560417175,6869
1748,41965,0.09498324990272522,0.09764724969863892,-27.74518585205078,0.008057620376348495,-2.4859676361083984,-9.0,9.0,27.42055320739746,8.943716049194336,1.465586543083191,-0.7590312957763672,6870
1749,41965,0.1043851375579834,0.0932435542345047,-26.12271499633789,0.008054018020629883,0.7442702651023865,-9.0,9.0,25.87127113342285,8.902628898620605,1.498001217842102,-0.7394686341285706,6871
1750,41965,0.10702532529830933,0.10577172040939331,-26.899070739746094,0.00804976373910904,-4.255352020263672,-9.0,9.0,26.728239059448242,9.174814224243164,1.447263479232788,-0.7391948699951172,6872
1751,41965,0.08850350975990295,0.09305193275213242,-26.71905517578125,0.00804542750120163,-2.136476755142212,-9.0,9.0,26.476669311523438,9.264071464538574,1.479360580444336,-0.7430691123008728,6873
1752,41965,0.10038474202156067,0.10492663830518723,-27.840850830078125,0.008040525950491428,-4.204745769500732,-9.0,9.0,27.492300033569336,9.047152519226074,1.4211736917495728,-0.7437766790390015,6874
1753,41965,0.08863496035337448,0.09015475958585739,-26.87543487548828,0.008035612292587757,-2.1183886528015137,-9.0,9.0,26.639572143554688,8.606315612792969,1.4650068283081055,-0.7345837354660034,6875
1754,41965,0.17160429060459137,0.19484998285770416,-26.929410934448242,0.008030617609620094,-2.4135048389434814,-9.0,9.0,26.71178436279297,9.416999816894531,1.4803744554519653,-0.7383949160575867,6876
1755,41965,0.06967590749263763,0.0653623640537262,-27.013504028320312,0.00802585855126381,-1.1130056381225586,-9.0,9.0,26.722187042236328,8.821775436401367,1.4890938997268677,-0.7442746162414551,6877
1756,41965,0.09553654491901398,0.1162392720580101,-27.949207305908203,0.008020900189876556,-2.8463056087493896,-9.0,9.0,27.66558074951172,9.158870697021484,1.4530553817749023,-0.7654134035110474,6878
1757,41965,0.0996001586318016,0.08113625645637512,-26.909107208251953,0.008016316220164299,-0.5219278931617737,-9.0,9.0,26.604644775390625,8.642677307128906,1.5163002014160156,-0.7311165928840637,6879
1758,41965,0.10156143456697464,0.11672219634056091,-27.609329223632812,0.008011864498257637,-1.3650236129760742,-9.0,9.0,27.393512725830078,9.374360084533691,1.4585157632827759,-0.7506244778633118,6880
1759,41965,0.15462566912174225,0.13276855647563934,-27.92824935913086,0.008007609285414219,-1.0500166416168213,-9.0,9.0,27.70110511779785,9.588935852050781,1.4646050930023193,-0.7755447030067444,6881
1760,41965,0.11396036297082901,0.13714411854743958,-28.090049743652344,0.008003895170986652,0.48714929819107056,-9.0,9.0,27.637828826904297,9.117826461791992,1.4850431680679321,-0.7722277641296387,6882
1761,41965,0.09931600838899612,0.10437565296888351,-26.443889617919922,0.008000342175364494,-0.8771349191665649,-9.0,9.0,26.250965118408203,8.447941780090332,1.496869444847107,-0.7404347062110901,6883
1762,41965,0.0997299998998642,0.09699337184429169,-26.761383056640625,0.007997161708772182,0.06886149942874908,-9.0,9.0,26.58649253845215,8.841665267944336,1.5103967189788818,-0.7528305053710938,6884
1763,41965,0.1371232569217682,0.15427342057228088,-28.059803009033203,0.007993966341018677,-1.3929826021194458,-9.0,9.0,27.73836898803711,9.855154991149902,1.4921315908432007,-0.7768675684928894,6885
1764,41965,0.11011168360710144,0.1185346394777298,-27.199085235595703,0.007990670390427113,-1.7786979675292969,-9.0,9.0,26.951108932495117,9.021339416503906,1.4844753742218018,-0.7594488859176636,6886
1765,41965,0.32078883051872253,0.3493437170982361,-26.622997283935547,0.007987961173057556,1.0942585468292236,-9.0,9.0,26.40599822998047,9.21285343170166,1.513015627861023,-0.7667784690856934,6887
1766,41965,0.18248723447322845,0.20729351043701172,-27.57661247253418,0.007985463365912437,-0.25171881914138794,-9.0,9.0,27.336687088012695,9.715571403503418,1.4959124326705933,-0.7815342545509338,6888
1767,41965,0.09693370759487152,0.12552304565906525,-27.40658950805664,0.00798330083489418,0.3687107563018799,-9.0,9.0,27.02989387512207,9.110433578491211,1.5202043056488037,-0.7512471079826355,6889
1768,41965,0.1795460283756256,0.1700669825077057,-26.987361907958984,0.007980993948876858,-1.521378993988037,-9.0,9.0,26.781766891479492,8.619352340698242,1.4606589078903198,-0.755437970161438,6890
1769,41965,0.15997903048992157,0.15672901272773743,-27.072988510131836,0.007978837005794048,-0.3373042643070221,-9.0,9.0,27.0340576171875,8.962039947509766,1.507250189781189,-0.7691236138343811,6891
1770,41965,0.2129564881324768,0.23282819986343384,-26.95989990234375,0.007977182045578957,1.2052735090255737,-9.0,9.0,26.52709197998047,8.849203109741211,1.5081079006195068,-0.754824697971344,6892
1771,41965,0.11298131197690964,0.09798959642648697,-27.45543670654297,0.007975618354976177,-0.30917006731033325,-9.0,9.0,27.104202270507812,8.925667762756348,1.4848576784133911,-0.7635365724563599,6893
1772,41965,0.10990989953279495,0.15290114283561707,-27.59096908569336,0.007973222993314266,-4.156134128570557,-9.0,9.0,27.533695220947266,9.253594398498535,1.420868992805481,-0.7857237458229065,6894
1773,41965,0.1000979095697403,0.11245077848434448,-27.48139190673828,0.00797052402049303,-2.284213066101074,-9.0,9.0,27.301183700561523,9.229222297668457,1.4507935047149658,-0.7644205689430237,6895
1774,41965,0.10910021513700485,0.13709194958209991,-28.000774383544922,0.007967655546963215,-1.8556081056594849,-9.0,9.0,27.643457412719727,9.218482971191406,1.441898226737976,-0.8012533783912659,6896
1775,41965,0.09029876440763474,0.12130998075008392,-27.563034057617188,0.007964183576405048,-3.7442259788513184,-9.0,9.0,27.513694763183594,9.316944122314453,1.4269399642944336,-0.7936225533485413,6897
1776,41965,0.36374014616012573,0.39203375577926636,-26.837512969970703,0.007960258051753044,-3.3763036727905273,-9.0,9.0,26.70204734802246,9.018210411071777,1.4464846849441528,-0.7643066048622131,6898
1777,41965,0.10071467608213425,0.14151886105537415,-28.01826286315918,0.00795635674148798,-1.5599775314331055,-9.0,9.0,27.637781143188477,9.028070449829102,1.4465304613113403,-0.7744606733322144,6899
1778,41965,0.1329052895307541,0.15329863131046295,-26.893787384033203,0.007952078245580196,-3.23602294921875,-9.0,9.0,26.67333984375,9.038673400878906,1.4889991283416748,-0.7358847856521606,6900
1779,41965,0.14345385134220123,0.15256750583648682,-26.71088218688965,0.007947760634124279,-1.9760632514953613,-9.0,9.0,26.681743621826172,9.325270652770996,1.470458984375,-0.7404308319091797,6901
1780,41965,0.1329193413257599,0.1257869452238083,-27.130687713623047,0.007942733354866505,-7.1276021003723145,-9.0,9.0,26.917818069458008,9.674331665039062,1.4047898054122925,-0.7503424286842346,6902
1781,41965,0.1388205587863922,0.17130061984062195,-26.58538246154785,0.007937069050967693,-6.29342794418335,-9.0,9.0,26.194576263427734,8.91077709197998,1.4180957078933716,-0.7241135239601135,6903
1782,41965,0.0851917713880539,0.10463516414165497,-27.72098159790039,0.007930838502943516,-5.988762855529785,-9.0,9.0,27.528661727905273,9.404836654663086,1.412483811378479,-0.7444899678230286,6904
1783,41965,0.20212306082248688,0.2131665050983429,-27.95342445373535,0.007924098521471024,-5.341071128845215,-9.0,9.0,27.826208114624023,9.298135757446289,1.4028308391571045,-0.7507668137550354,6905
1784,41965,0.15482917428016663,0.20242081582546234,-27.40591812133789,0.007916899397969246,-5.354091167449951,-9.0,9.0,26.90231704711914,9.00410270690918,1.4545732736587524,-0.7296666502952576,6906
1785,41965,0.1450267881155014,0.1753186285495758,-26.892616271972656,0.00790942832827568,-4.255565643310547,-9.0,9.0,26.493492126464844,9.137738227844238,1.4550851583480835,-0.7154251933097839,6907
1786,41965,0.20033231377601624,0.28725165128707886,-27.317590713500977,0.007901580072939396,-6.120955944061279,-9.0,9.0,27.410043716430664,8.79987621307373,1.4054774045944214,-0.7284855842590332,6908
1787,41965,0.13440608978271484,0.1385449469089508,-26.966228485107422,0.007893397472798824,-5.761647701263428,-9.0,9.0,26.85928726196289,8.646734237670898,1.441049337387085,-0.7253448367118835,6909
1788,41965,0.17527231574058533,0.23064075410366058,-27.339109420776367,0.007885188795626163,-3.6324644088745117,-9.0,9.0,26.793930053710938,8.629104614257812,1.4629079103469849,-0.7216343283653259,6910
1789,41965,0.37278708815574646,0.36341601610183716,-27.991165161132812,0.007876940071582794,-3.7216389179229736,-9.0,9.0,27.57703399658203,9.855033874511719,1.4380213022232056,-0.7422386407852173,6911
1790,41965,0.3322276473045349,0.3616371154785156,-27.11676025390625,0.007869184017181396,-1.4398610591888428,-9.0,9.0,27.218647003173828,8.788252830505371,1.5111063718795776,-0.6963270902633667,6912
1791,41965,0.12911257147789001,0.13050037622451782,-27.30876922607422,0.00786203145980835,-0.7487040758132935,-9.0,9.0,27.160207748413086,9.323057174682617,1.4757497310638428,-0.734635055065155,6913
1792,41965,0.1462174654006958,0.19008931517601013,-27.552717208862305,0.007855447009205818,-0.6485451459884644,-9.0,9.0,27.070810317993164,8.93140697479248,1.515345573425293,-0.7149513959884644,6914
1793,41965,0.0928560197353363,0.09599458426237106,-26.82278823852539,0.007850036025047302,2.2008414268493652,-9.0,9.0,26.53201675415039,8.924205780029297,1.5533921718597412,-0.6930583715438843,6915
1794,41965,0.1611853539943695,0.21081672608852386,-26.59825325012207,0.007845683954656124,2.218519687652588,-9.0,9.0,26.478551864624023,8.796958923339844,1.5118991136550903,-0.7085354924201965,6916
1795,41965,0.11276508122682571,0.13011594116687775,-27.871246337890625,0.007842306979000568,2.311018705368042,-9.0,9.0,27.497161865234375,9.281384468078613,1.537967324256897,-0.7387635111808777,6917
1796,41965,0.1353425681591034,0.20899276435375214,-27.50220489501953,0.007839502766728401,1.023436427116394,-9.0,9.0,26.993385314941406,8.895124435424805,1.5427027940750122,-0.7284194827079773,6918
1797,41965,0.11442303657531738,0.12286359816789627,-26.935070037841797,0.007836909033358097,-0.30368781089782715,-9.0,9.0,26.76511001586914,9.295963287353516,1.5303674936294556,-0.7221204042434692,6919
1798,41965,0.2559816837310791,0.313773512840271,-27.40619659423828,0.007835529744625092,4.099912166595459,-9.0,9.0,27.395586013793945,9.269979476928711,1.5759544372558594,-0.7175728678703308,6920
1799,41965,0.21866032481193542,0.18095692992210388,-27.607709884643555,0.00783452857285738,1.0363847017288208,-9.0,9.0,27.213134765625,8.75560188293457,1.5645768642425537,-0.7077807784080505,6921
1800,41965,0.12941041588783264,0.13072431087493896,-28.529052734375,0.007834110409021378,2.0735933780670166,-9.0,9.0,28.255245208740234,9.835175514221191,1.5631606578826904,-0.7508754730224609,6922
1801,41965,0.17299498617649078,0.13455086946487427,-26.639184951782227,0.00783419981598854,2.001502275466919,-9.0,9.0,26.727937698364258,9.234916687011719,1.569358229637146,-0.7108026146888733,6923
1802,41965,0.30994677543640137,0.2698354721069336,-28.05520248413086,0.007834292948246002,0.04496622085571289,-9.0,9.0,28.009157180786133,9.848299026489258,1.5107356309890747,-0.7270548939704895,6924
1803,41965,0.14832304418087006,0.11874115467071533,-26.884187698364258,0.007834476418793201,0.4249938130378723,-9.0,9.0,26.58138656616211,9.219398498535156,1.5037778615951538,-0.7319673299789429,6925
1804,41965,0.10922577977180481,0.12058068811893463,-27.498634338378906,0.007834539748728275,-0.4270346164703369,-9.0,9.0,27.27881622314453,8.728659629821777,1.518941879272461,-0.7179296612739563,6926
1805,41965,0.16825829446315765,0.1648567169904709,-26.903823852539062,0.007833516225218773,-4.637697219848633,-9.0,9.0,27.02448272705078,9.354694366455078,1.4396867752075195,-0.7528161406517029,6927
1806,41965,0.08366397768259048,0.08819945156574249,-27.743711471557617,0.00783147756010294,-4.793959617614746,-9.0,9.0,27.567649841308594,9.566484451293945,1.4031097888946533,-0.763097882270813,6928
1807,41965,0.16039396822452545,0.13485164940357208,-27.06859588623047,0.007828515954315662,-7.3502044677734375,-9.0,9.0,26.68942642211914,9.10988712310791,1.3711707592010498,-0.7427799105644226,6929
1808,41965,0.4320645034313202,0.5376797914505005,-28.3395938873291,0.007824724540114403,-6.612305641174316,-9.0,9.0,28.024822235107422,9.5150146484375,1.3761942386627197,-0.7736479043960571,6930
1809,41965,0.19829455018043518,0.23468723893165588,-27.03618049621582,0.007820188999176025,-9.575586318969727,-9.0,9.0,27.1152286529541,9.050252914428711,1.3261730670928955,-0.7494634985923767,6931
1810,41965,0.12412649393081665,0.10583188384771347,-27.60523796081543,0.007814988493919373,-12.62230396270752,-9.0,9.0,27.324167251586914,8.979164123535156,1.2909795045852661,-0.7640146613121033,6932
1811,41965,0.12512654066085815,0.1511310636997223,-27.07274627685547,0.007809188682585955,-9.193025588989258,-9.0,9.0,26.66925048828125,8.820449829101562,1.3332239389419556,-0.7616980671882629,6933
1812,41965,0.16156350076198578,0.20007427036762238,-27.378755569458008,0.00780285382643342,-8.107240676879883,-9.0,9.0,27.130115509033203,8.917713165283203,1.37471604347229,-0.7703768610954285,6934
1813,41965,0.10805685818195343,0.13212865591049194,-26.790512084960938,0.007796040270477533,-8.927642822265625,-9.0,9.0,26.7672119140625,9.678580284118652,1.3426647186279297,-0.7618502974510193,6935
1814,41965,0.16223013401031494,0.15440693497657776,-27.491104125976562,0.007789121475070715,-3.4359185695648193,-9.0,9.0,27.247150421142578,8.963950157165527,1.4180136919021606,-0.7706437110900879,6936
1815,41965,0.11325861513614655,0.13460767269134521,-26.656028747558594,0.007781785912811756,-6.494497776031494,-9.0,9.0,26.261226654052734,8.007243156433105,1.4179805517196655,-0.7352975606918335,6937
1816,41965,0.2605692148208618,0.20066781342029572,-27.668134689331055,0.007774078752845526,-5.139619827270508,-9.0,9.0,27.479005813598633,8.823046684265137,1.41781485080719,-0.7729039192199707,6938
1817,41965,0.1112884059548378,0.12033165991306305,-26.67156219482422,0.007766039110720158,-5.772665500640869,-9.0,9.0,26.489349365234375,8.570531845092773,1.4207649230957031,-0.749447226524353,6939
1818,41965,0.10595293343067169,0.11532944440841675,-28.11115837097168,0.0077587622217834,-0.19606316089630127,-9.0,9.0,27.87611198425293,9.521821975708008,1.4774482250213623,-0.7873918414115906,6940
1819,41965,0.11935986578464508,0.12321905046701431,-27.413949966430664,0.00775128835812211,-4.065497875213623,-9.0,9.0,27.067461013793945,9.126840591430664,1.4318110942840576,-0.7772528529167175,6941
1820,41965,0.16136573255062103,0.17736032605171204,-28.943561553955078,0.007744505535811186,-0.2581228017807007,-9.0,9.0,28.847354888916016,9.7772798538208,1.451731562614441,-0.8156372308731079,6942
1821,41965,0.12903599441051483,0.12249893695116043,-28.346332550048828,0.007738300133496523,-0.45410406589508057,-9.0,9.0,28.018516540527344,9.127386093139648,1.4856334924697876,-0.7670496702194214,6943
1822,41965,0.13706190884113312,0.1405240297317505,-27.86258316040039,0.007732693571597338,-0.09173583984375,-9.0,9.0,27.42817497253418,9.351128578186035,1.4781097173690796,-0.7725804448127747,6944
1823,41965,0.10561322420835495,0.11136630922555923,-27.65306282043457,0.0077276951633393764,0.19334328174591064,-9.0,9.0,27.518966674804688,8.903578758239746,1.5094897747039795,-0.7631002068519592,6945
1824,41965,0.10039488971233368,0.09870816767215729,-27.815635681152344,0.007723753806203604,2.4353747367858887,-9.0,9.0,27.677536010742188,9.084453582763672,1.531973123550415,-0.772122323513031,6946
1825,41965,0.12023448944091797,0.14940708875656128,-27.84040641784668,0.0077191730961203575,-4.533825874328613,-9.0,9.0,27.57431983947754,9.080999374389648,1.446334719657898,-0.7651774287223816,6947
1826,41965,0.1522807478904724,0.17634142935276031,-27.375728607177734,0.007715684827417135,2.7631399631500244,-9.0,9.0,27.00959014892578,9.286727905273438,1.5546095371246338,-0.7576636672019958,6948
1827,41965,0.10948219895362854,0.09696684777736664,-27.899089813232422,0.007711918093264103,-2.745631694793701,-9.0,9.0,27.66196060180664,10.212545394897461,1.4545714855194092,-0.7996237874031067,6949
1828,41965,0.11317213624715805,0.1565602719783783,-28.004762649536133,0.007708631455898285,0.44810354709625244,-9.0,9.0,27.899490356445312,9.480366706848145,1.523619532585144,-0.7550961375236511,6950
1829,41965,0.096257284283638,0.10198868066072464,-27.14688491821289,0.007705209776759148,-2.0291085243225098,-9.0,9.0,26.868553161621094,9.270694732666016,1.4950382709503174,-0.7535122036933899,6951
1830,41965,0.2263718843460083,0.1996522843837738,-28.637277603149414,0.007701801136136055,-1.4433706998825073,-9.0,9.0,28.459394454956055,9.371081352233887,1.4705663919448853,-0.7780787348747253,6952
1831,41965,0.10269786417484283,0.09649960696697235,-26.91616439819336,0.007697872817516327,-3.7905752658843994,-9.0,9.0,26.611125946044922,7.9329400062561035,1.4655147790908813,-0.7528620958328247,6953
1832,41965,0.2409219741821289,0.23875874280929565,-27.904125213623047,0.00769324554130435,-4.81449556350708,-9.0,9.0,27.677654266357422,9.743714332580566,1.411926507949829,-0.770006537437439,6954
1833,41965,0.10848135501146317,0.1256621778011322,-27.543731689453125,0.007688235957175493,-3.7344820499420166,-9.0,9.0,27.233867645263672,9.2318754196167,1.4296983480453491,-0.7749553918838501,6955
1834,41965,0.08684507012367249,0.09461680054664612,-27.762603759765625,0.007683413103222847,-1.3828365802764893,-9.0,9.0,27.469303131103516,9.460083961486816,1.4648464918136597,-0.7832775115966797,6956
1835,41965,0.10274241119623184,0.09599556773900986,-28.312541961669922,0.007677974179387093,-5.217090606689453,-9.0,9.0,27.983646392822266,9.287113189697266,1.40496826171875,-0.79466712474823,6957
1836,41965,0.10888291895389557,0.12551996111869812,-27.52410316467285,0.007672253996133804,-3.647329092025757,-9.0,9.0,27.194427490234375,9.3326997756958,1.4404042959213257,-0.7697691321372986,6958
1837,41965,0.09865565598011017,0.09403014183044434,-27.814678192138672,0.007666011806577444,-5.323725700378418,-9.0,9.0,27.483064651489258,8.976184844970703,1.4178072214126587,-0.776942789554596,6959
1838,41965,0.14351381361484528,0.17040403187274933,-27.985891342163086,0.0076599386520683765,-2.0246989727020264,-9.0,9.0,27.81085205078125,10.11472225189209,1.4379090070724487,-0.8039916157722473,6960
1839,41965,0.1390935182571411,0.15648804605007172,-27.772462844848633,0.007653377950191498,-4.961117744445801,-9.0,9.0,27.48525047302246,9.067045211791992,1.4289414882659912,-0.7759832143783569,6961
1840,41965,0.09433726966381073,0.11178332567214966,-27.71820068359375,0.007646957412362099,-2.2976162433624268,-9.0,9.0,27.430070877075195,9.17851448059082,1.4785257577896118,-0.7936668992042542,6962
1841,41965,0.15836456418037415,0.22274276614189148,-27.970882415771484,0.007641555741429329,1.6509238481521606,-9.0,9.0,27.740095138549805,9.960959434509277,1.4972937107086182,-0.8059743642807007,6963
1842,41965,0.11301153153181076,0.09991724044084549,-27.02444839477539,0.007637795992195606,4.909465789794922,-9.0,9.0,26.617469787597656,8.442617416381836,1.5917975902557373,-0.7453174591064453,6964
1843,41965,0.08883292227983475,0.09380913525819778,-27.851829528808594,0.007634944748133421,2.359912872314453,-9.0,9.0,27.655864715576172,9.107511520385742,1.5541716814041138,-0.7843983769416809,6965
1844,41965,0.10684163123369217,0.12525959312915802,-26.692392349243164,0.0076334779150784016,5.546318054199219,-9.0,9.0,26.55166244506836,8.569072723388672,1.59199059009552,-0.7380567789077759,6966
1845,41965,0.16718003153800964,0.1540192812681198,-28.726551055908203,0.007632178720086813,0.09712696075439453,-9.0,9.0,28.344738006591797,8.980080604553223,1.4954129457473755,-0.7749277949333191,6967
1846,41965,0.08849307894706726,0.08511181175708771,-28.058053970336914,0.007631745655089617,3.261324405670166,-9.0,9.0,27.919580459594727,9.122076034545898,1.5524309873580933,-0.7617257833480835,6968
1847,41965,0.08423353731632233,0.08925653249025345,-27.55276107788086,0.007631228771060705,-0.5581682324409485,-9.0,9.0,27.355466842651367,9.413883209228516,1.4880125522613525,-0.7879497408866882,6969
1848,41965,0.22082006931304932,0.18195995688438416,-27.738861083984375,0.007631057873368263,1.3080945014953613,-9.0,9.0,27.31123161315918,9.986387252807617,1.5237538814544678,-0.7683210968971252,6970
1849,41965,0.15852533280849457,0.1507866084575653,-27.397546768188477,0.007631046697497368,0.6294485330581665,-9.0,9.0,27.23936653137207,8.927608489990234,1.4989112615585327,-0.7589364051818848,6971
1850,41965,0.15766796469688416,0.13315235078334808,-28.122161865234375,0.007631712593138218,3.0037243366241455,-9.0,9.0,28.0133113861084,9.842329025268555,1.551484227180481,-0.7704643607139587,6972
1851,41965,0.15109685063362122,0.13621465861797333,-27.936283111572266,0.007632840890437365,2.3376386165618896,-9.0,9.0,27.575477600097656,9.539090156555176,1.5354756116867065,-0.7661529183387756,6973
1852,41965,0.11054118722677231,0.0968594178557396,-26.957637786865234,0.007633940316736698,0.3757123351097107,-9.0,9.0,26.726953506469727,8.992803573608398,1.5157383680343628,-0.7380872964859009,6974
1853,41965,0.5413883924484253,0.6260161995887756,-28.13287353515625,0.007634817622601986,-0.5108992457389832,-9.0,9.0,28.124027252197266,9.234359741210938,1.4811160564422607,-0.7841194868087769,6975
1854,41965,0.2630382180213928,0.2245299518108368,-27.234710693359375,0.0076354253105819225,-0.7920734286308289,-9.0,9.0,27.134653091430664,9.362990379333496,1.4691485166549683,-0.7622258067131042,6976
1855,41965,0.22822561860084534,0.22999343276023865,-28.27313232421875,0.007635494694113731,-2.113218307495117,-9.0,9.0,27.755342483520508,8.916988372802734,1.4638124704360962,-0.7453845143318176,6977
1856,41965,0.11591099202632904,0.10429413616657257,-27.338233947753906,0.007634511683136225,-4.6312360763549805,-9.0,9.0,27.075973510742188,9.583353042602539,1.4335354566574097,-0.7461922764778137,6978
1857,41965,0.19045643508434296,0.17911706864833832,-26.589378356933594,0.007633059285581112,-2.5030601024627686,-9.0,9.0,26.61426544189453,8.576469421386719,1.4700409173965454,-0.7231075167655945,6979
1858,41965,0.12411214411258698,0.1404763013124466,-27.599082946777344,0.00763065367937088,-5.084041595458984,-9.0,9.0,27.45740509033203,9.107474327087402,1.4468554258346558,-0.7384241819381714,6980
1859,41965,0.14415371417999268,0.1348608285188675,-28.473997116088867,0.007627390790730715,-6.485537052154541,-9.0,9.0,28.11667251586914,9.489361763000488,1.3931432962417603,-0.7585847973823547,6981
1860,41965,0.14311614632606506,0.1246969923377037,-27.73968505859375,0.00762335816398263,-7.948375701904297,-9.0,9.0,27.417865753173828,9.636323928833008,1.4008492231369019,-0.736056923866272,6982
1861,41965,0.15554359555244446,0.13811960816383362,-28.35633087158203,0.007618637755513191,-7.720447540283203,-9.0,9.0,28.226146697998047,9.866196632385254,1.355672836303711,-0.7641727328300476,6983
1862,41965,0.11330519616603851,0.11239005625247955,-28.438568115234375,0.007613299414515495,-5.146854877471924,-9.0,9.0,28.253585815429688,9.73613166809082,1.369958758354187,-0.7724951505661011,6984
1863,41965,0.14221423864364624,0.1407516747713089,-28.0096378326416,0.0076074060052633286,-5.965017795562744,-9.0,9.0,27.66004753112793,9.198708534240723,1.376842737197876,-0.7647313475608826,6985
1864,41965,0.13412123918533325,0.12779933214187622,-27.262508392333984,0.007601361256092787,-3.3133983612060547,-9.0,9.0,26.978023529052734,8.741950035095215,1.4564533233642578,-0.736499011516571,6986
1865,41965,0.19674834609031677,0.18186341226100922,-28.101642608642578,0.007595853880047798,-0.31798431277275085,-9.0,9.0,28.000774383544922,8.956872940063477,1.4990164041519165,-0.7436923980712891,6987
1866,41965,0.08842029422521591,0.09649306535720825,-28.039226531982422,0.007589811459183693,-5.370833396911621,-9.0,9.0,27.80078887939453,9.99700927734375,1.4106608629226685,-0.7526869177818298,6988
1867,41965,0.2098466008901596,0.2779757082462311,-27.878665924072266,0.007583509664982557,-3.879373550415039,-9.0,9.0,27.61652946472168,9.442710876464844,1.441271424293518,-0.7301211953163147,6989
1868,41965,0.24085594713687897,0.22168844938278198,-28.829843521118164,0.007576765026897192,-4.860108375549316,-9.0,9.0,28.491840362548828,9.349929809570312,1.3974225521087646,-0.7761815786361694,6990
1869,41965,0.14589351415634155,0.11485735327005386,-27.120346069335938,0.007570084184408188,-2.758598804473877,-9.0,9.0,27.08109474182129,8.324714660644531,1.483056902885437,-0.7137418389320374,6991
1870,41965,0.14470744132995605,0.1531853973865509,-29.071853637695312,0.007563506253063679,-2.543691635131836,-9.0,9.0,28.8033447265625,8.702947616577148,1.4564119577407837,-0.7602553963661194,6992
1871,41965,0.1444970667362213,0.14363443851470947,-28.074443817138672,0.007557525299489498,-0.28092294931411743,-9.0,9.0,27.727813720703125,8.696423530578613,1.4899595975875854,-0.754548192024231,6993
1872,41965,0.19346116483211517,0.20474405586719513,-26.72540283203125,0.007551063317805529,-6.308163642883301,-9.0,9.0,26.52464485168457,8.56055736541748,1.4063999652862549,-0.7129492163658142,6994
1873,41965,0.19895169138908386,0.2084188163280487,-28.222593307495117,0.0075447289273142815,-2.3566536903381348,-9.0,9.0,28.010778427124023,9.401156425476074,1.4687970876693726,-0.7466294169425964,6995
1874,41965,0.13698053359985352,0.11558498442173004,-27.95754623413086,0.007538334932178259,-3.134852409362793,-9.0,9.0,27.538982391357422,8.739387512207031,1.4528930187225342,-0.7345371842384338,6996
1875,41965,0.1481592208147049,0.17398472130298615,-27.959693908691406,0.007532553281635046,-0.13689875602722168,-9.0,9.0,27.743501663208008,9.509660720825195,1.4935442209243774,-0.7608590126037598,6997
1876,41965,0.15677517652511597,0.13683675229549408,-27.662778854370117,0.007526847999542952,-2.261155605316162,-9.0,9.0,27.471466064453125,9.039460182189941,1.4773333072662354,-0.7239627838134766,6998
1877,41965,0.18045984208583832,0.18191048502922058,-27.648717880249023,0.007521272636950016,-2.0006508827209473,-9.0,9.0,27.295679092407227,8.82697582244873,1.4470127820968628,-0.716515839099884,6999
1878,41965,0.14482229948043823,0.1204688623547554,-27.225143432617188,0.007515866309404373,-1.7633280754089355,-9.0,9.0,26.84345817565918,9.243125915527344,1.4891830682754517,-0.7354211211204529,7000
1879,41965,0.11265464872121811,0.10969680547714233,-27.167678833007812,0.007510721683502197,-1.2626278400421143,-9.0,9.0,26.96913719177246,9.031737327575684,1.4856537580490112,-0.7454648613929749,7001
1880,41965,0.13931196928024292,0.0931188240647316,-26.305727005004883,0.007505530491471291,-2.539780855178833,-9.0,9.0,26.24892807006836,8.078019142150879,1.4876031875610352,-0.701241135597229,7002
1881,41965,0.3510853946208954,0.2961048185825348,-27.948638916015625,0.007500786334276199,-0.3310980200767517,-9.0,9.0,27.56382179260254,9.586858749389648,1.506358027458191,-0.7637709379196167,7003
1882,41965,0.16578111052513123,0.12355157732963562,-28.295957565307617,0.00749636348336935,-0.6919081211090088,-9.0,9.0,27.91681671142578,9.114574432373047,1.4936447143554688,-0.7532742619514465,7004
1883,41965,0.2049364149570465,0.19658902287483215,-27.53838348388672,0.007492725271731615,1.5434598922729492,-9.0,9.0,27.469383239746094,9.461617469787598,1.5409319400787354,-0.7610663175582886,7005
1884,41965,0.24824738502502441,0.19348299503326416,-28.305753707885742,0.007490160409361124,3.200284481048584,-9.0,9.0,28.18408203125,9.883352279663086,1.5576932430267334,-0.7622025609016418,7006
1885,41965,0.17320996522903442,0.17053838074207306,-28.600555419921875,0.007488085888326168,1.0567028522491455,-9.0,9.0,28.23089599609375,9.253198623657227,1.5277780294418335,-0.7884048223495483,7007
1886,41965,0.21133464574813843,0.17591704428195953,-27.513246536254883,0.007487289607524872,4.84501838684082,-9.0,9.0,27.305179595947266,9.056294441223145,1.592687964439392,-0.76151043176651,7008
1887,41965,0.15698878467082977,0.16396385431289673,-28.201438903808594,0.007487018126994371,2.0255258083343506,-9.0,9.0,28.18738555908203,9.501734733581543,1.5381206274032593,-0.7859960198402405,7009
1888,41965,0.20875905454158783,0.1915014237165451,-29.164419174194336,0.007487482391297817,3.1948657035827637,-9.0,9.0,28.96533203125,9.52466869354248,1.5222629308700562,-0.808631956577301,7010
1889,41965,0.12996985018253326,0.10855879634618759,-27.82200050354004,0.007488978561013937,5.68229341506958,-9.0,9.0,27.4769287109375,9.480194091796875,1.5679837465286255,-0.7908057570457458,7011
1890,41965,0.1520446538925171,0.16575992107391357,-27.843420028686523,0.007490646559745073,1.4380333423614502,-9.0,9.0,27.7154541015625,9.106114387512207,1.5085471868515015,-0.7823200821876526,7012
1891,41965,0.11132057011127472,0.1040726825594902,-28.357385635375977,0.007491639349609613,-2.2972140312194824,-9.0,9.0,28.187767028808594,9.269318580627441,1.4331504106521606,-0.7966278791427612,7013
1892,41965,0.1647731214761734,0.1749923974275589,-28.724483489990234,0.007491825148463249,-3.2061760425567627,-9.0,9.0,28.423574447631836,9.673678398132324,1.4033950567245483,-0.8156089782714844,7014
1893,41965,0.18846720457077026,0.11373654752969742,-26.792755126953125,0.007490910589694977,-5.148144721984863,-9.0,9.0,26.344383239746094,9.154271125793457,1.4073997735977173,-0.7796953320503235,7015
1894,41965,0.1705951690673828,0.20322030782699585,-28.790340423583984,0.007489217910915613,-3.938960313796997,-9.0,9.0,28.674209594726562,9.33102798461914,1.3709185123443604,-0.8396835327148438,7016
1895,41965,0.13010507822036743,0.09818418323993683,-27.223731994628906,0.007487321738153696,-1.6716701984405518,-9.0,9.0,26.94017219543457,8.62981128692627,1.413852334022522,-0.8077763915061951,7017
1896,41965,0.1214652732014656,0.13027019798755646,-27.48040199279785,0.007484537549316883,-4.936562538146973,-9.0,9.0,27.217870712280273,8.879352569580078,1.3998584747314453,-0.7985367178916931,7018
1897,41965,0.18199798464775085,0.13657324016094208,-29.331972122192383,0.007481900509446859,-0.584378719329834,-9.0,9.0,28.930282592773438,9.856823921203613,1.4385087490081787,-0.8402352929115295,7019
1898,41965,0.11293098330497742,0.11996857821941376,-27.426591873168945,0.007479104213416576,-1.9266035556793213,-9.0,9.0,27.193389892578125,8.75086784362793,1.4416910409927368,-0.7909929156303406,7020
1899,41965,0.12186045944690704,0.10329486429691315,-27.43993377685547,0.0074776276014745235,4.710202217102051,-9.0,9.0,27.33298683166504,8.433542251586914,1.5495249032974243,-0.7976566553115845,7021
1900,41965,0.204002246260643,0.2116124927997589,-29.06191635131836,0.007476550992578268,1.1402782201766968,-9.0,9.0,28.745529174804688,10.35025405883789,1.4527485370635986,-0.8487443923950195,7022
1901,41965,0.13542591035366058,0.12305640429258347,-28.729124069213867,0.007475937716662884,1.6175124645233154,-9.0,9.0,28.40154457092285,9.706238746643066,1.4657789468765259,-0.8350459337234497,7023
1902,41965,0.1243019551038742,0.14182019233703613,-27.541364669799805,0.007475659716874361,1.2379932403564453,-9.0,9.0,27.447446823120117,9.26679515838623,1.4929239749908447,-0.7836384177207947,7024
1903,41965,0.10763654857873917,0.1192309632897377,-28.09264373779297,0.007476372644305229,4.357662200927734,-9.0,9.0,27.900320053100586,9.12075424194336,1.5385006666183472,-0.7877870798110962,7025
1904,41965,0.3024612069129944,0.270801842212677,-28.757606506347656,0.007477214094251394,0.9070795178413391,-9.0,9.0,28.459665298461914,10.007840156555176,1.485652208328247,-0.8197231292724609,7026
1905,41965,0.10605639964342117,0.11185363680124283,-28.402090072631836,0.007477788254618645,-0.8365606069564819,-9.0,9.0,28.12093734741211,9.657251358032227,1.477887511253357,-0.7934502363204956,7027
1906,41965,0.1503017395734787,0.1526869237422943,-27.922590255737305,0.007478369399905205,0.2991600036621094,-9.0,9.0,27.727848052978516,9.368249893188477,1.5173189640045166,-0.7411338090896606,7028
1907,41965,0.10507317632436752,0.147195503115654,-28.494544982910156,0.007478904444724321,0.05386438965797424,-9.0,9.0,28.28988265991211,9.202713966369629,1.5123775005340576,-0.7396684288978577,7029
1908,41965,0.10016406327486038,0.08215910941362381,-27.13851547241211,0.00747921084985137,-0.7975509762763977,-9.0,9.0,26.971324920654297,9.248136520385742,1.4808684587478638,-0.7495894432067871,7030
1909,41965,0.16868814826011658,0.1741495132446289,-29.187664031982422,0.0074794357642531395,-0.23684284090995789,-9.0,9.0,28.970243453979492,9.463104248046875,1.4966100454330444,-0.7468876838684082,7031
1910,41965,0.27461493015289307,0.251931756734848,-28.372129440307617,0.007479560561478138,-0.34438085556030273,-9.0,9.0,27.905132293701172,9.245264053344727,1.5099307298660278,-0.7363393902778625,7032
1911,41965,0.1197536364197731,0.10474646091461182,-29.484130859375,0.007478939834982157,-3.3081164360046387,-9.0,9.0,29.183998107910156,9.510690689086914,1.4441938400268555,-0.7637314200401306,7033
1912,41965,0.12413124740123749,0.11448203027248383,-28.544193267822266,0.007478347979485989,-0.14804160594940186,-9.0,9.0,28.295692443847656,9.255064964294434,1.4892011880874634,-0.7395978569984436,7034
1913,41965,0.09670576453208923,0.1030450165271759,-28.474838256835938,0.00747758848592639,-1.010887622833252,-9.0,9.0,28.085968017578125,8.867011070251465,1.4934444427490234,-0.716211199760437,7035
1914,41965,0.14765939116477966,0.13065952062606812,-27.611482620239258,0.00747619429603219,-3.2156014442443848,-9.0,9.0,27.355762481689453,9.250255584716797,1.4398233890533447,-0.7346709370613098,7036
1915,41965,0.12567414343357086,0.11585802584886551,-27.716535568237305,0.00747385248541832,-5.261054515838623,-9.0,9.0,27.543745040893555,8.666732788085938,1.4347776174545288,-0.72279292345047,7037
1916,41965,0.06910297274589539,0.06557067483663559,-26.953125,0.007471262011677027,-2.1749444007873535,-9.0,9.0,26.715269088745117,8.766590118408203,1.4833616018295288,-0.7118202447891235,7038
1917,41965,0.15419074892997742,0.15702581405639648,-28.284027099609375,0.0074682985432446,-2.8585104942321777,-9.0,9.0,27.967313766479492,9.926403999328613,1.4923593997955322,-0.7403732538223267,7039
1918,41965,0.1030363067984581,0.09340037405490875,-27.77197265625,0.007465600036084652,-0.13961264491081238,-9.0,9.0,27.47484588623047,8.927515983581543,1.531833529472351,-0.7264751195907593,7040
1919,41965,0.1429944634437561,0.11699874699115753,-27.663040161132812,0.007463506888598204,1.5075058937072754,-9.0,9.0,27.481346130371094,9.428909301757812,1.5704147815704346,-0.7239370346069336,7041
1920,41965,0.1140095666050911,0.10363718867301941,-27.875179290771484,0.007461560424417257,-0.27415570616722107,-9.0,9.0,27.737215042114258,9.452010154724121,1.496105432510376,-0.7524832487106323,7042
1921,41965,0.09017935395240784,0.08644349873065948,-28.74688720703125,0.00746029382571578,2.182370662689209,-9.0,9.0,28.515501022338867,9.759350776672363,1.5282245874404907,-0.7658233046531677,7043
1922,41965,0.11383155733346939,0.10987140983343124,-28.854747772216797,0.007459561340510845,1.8419469594955444,-9.0,9.0,28.538358688354492,9.487895011901855,1.5243703126907349,-0.7619419097900391,7044
1923,41965,0.16593345999717712,0.1657138168811798,-28.133132934570312,0.007458764594048262,-0.611946702003479,-9.0,9.0,28.059612274169922,9.790925025939941,1.4925998449325562,-0.7671718001365662,7045
1924,41965,0.11834730207920074,0.10211630165576935,-28.501991271972656,0.00745788961648941,-0.7075772881507874,-9.0,9.0,28.253141403198242,9.321932792663574,1.4918166399002075,-0.7620852589607239,7046
1925,41965,0.11674676090478897,0.1170680969953537,-29.041528701782227,0.007457089610397816,-0.06817851960659027,-9.0,9.0,28.676265716552734,10.089658737182617,1.5070559978485107,-0.7790791392326355,7047
1926,41965,0.18873226642608643,0.17990492284297943,-28.223508834838867,0.007456378545612097,0.04537653923034668,-9.0,9.0,28.158035278320312,9.450336456298828,1.5057460069656372,-0.7649300694465637,7048
1927,41965,0.11939592659473419,0.12072061747312546,-27.65766716003418,0.0074562327936291695,2.2318077087402344,-9.0,9.0,27.48666000366211,9.028230667114258,1.5395267009735107,-0.7538231015205383,7049
1928,41965,0.09072370827198029,0.08582767099142075,-27.366018295288086,0.007455386221408844,-3.222909927368164,-9.0,9.0,27.004011154174805,8.88534927368164,1.4574010372161865,-0.7539597749710083,7050
1929,41965,0.28070810437202454,0.20338231325149536,-27.71870994567871,0.007454508449882269,-0.5238870978355408,-9.0,9.0,27.432130813598633,9.52415657043457,1.487804651260376,-0.7670489549636841,7051
1930,41965,0.20984864234924316,0.19667744636535645,-27.466903686523438,0.007452894933521748,-3.7030484676361084,-9.0,9.0,27.51425552368164,9.144998550415039,1.4534064531326294,-0.7629613876342773,7052
1931,41965,0.10655556619167328,0.09556655585765839,-26.373111724853516,0.0074506704695522785,-3.4740495681762695,-9.0,9.0,26.088369369506836,8.387442588806152,1.4426171779632568,-0.7224821448326111,7053
1932,41965,0.14912547171115875,0.1414441615343094,-28.362592697143555,0.007447818294167519,-3.834218740463257,-9.0,9.0,27.986072540283203,8.772982597351074,1.4630199670791626,-0.74104243516922,7054
1933,41965,0.12546391785144806,0.12978041172027588,-27.435632705688477,0.007444484159350395,-3.4600424766540527,-9.0,9.0,27.360565185546875,8.625523567199707,1.4505311250686646,-0.7438377737998962,7055
1934,41965,0.13891276717185974,0.12407790124416351,-27.595548629760742,0.007441400084644556,-0.37742307782173157,-9.0,9.0,27.45975112915039,9.29704475402832,1.4616401195526123,-0.7341596484184265,7056
1935,41965,0.1631259322166443,0.16357207298278809,-27.769651412963867,0.007437540218234062,-5.542834281921387,-9.0,9.0,27.464683532714844,8.995380401611328,1.4281513690948486,-0.7414098381996155,7057
1936,41965,0.10649251937866211,0.09744654595851898,-28.848526000976562,0.007432984653860331,-6.102677345275879,-9.0,9.0,28.52846908569336,9.511332511901855,1.416985273361206,-0.7790117263793945,7058
1937,41965,0.12854482233524323,0.12090858817100525,-27.74131965637207,0.007428023964166641,-3.909193515777588,-9.0,9.0,27.569887161254883,9.071012496948242,1.4487245082855225,-0.7513095736503601,7059
1938,41965,0.08041403442621231,0.09649144113063812,-27.432031631469727,0.0074224830605089664,-5.041320323944092,-9.0,9.0,27.22701644897461,9.013376235961914,1.43464195728302,-0.7559321522712708,7060
1939,41965,0.09329195320606232,0.09512191265821457,-28.414278030395508,0.007416422478854656,-5.407339572906494,-9.0,9.0,28.134424209594727,9.014846801757812,1.4137027263641357,-0.7517999410629272,7061
1940,41965,0.09204022586345673,0.10354097932577133,-27.582618713378906,0.007410095073282719,-3.98532772064209,-9.0,9.0,27.377727508544922,9.590569496154785,1.4380457401275635,-0.733019232749939,7062
1941,41965,0.09005244821310043,0.08719995617866516,-27.26248550415039,0.007403391879051924,-4.628239631652832,-9.0,9.0,27.053348541259766,8.114264488220215,1.4616878032684326,-0.7052370309829712,7063
1942,41965,0.11855630576610565,0.10013376921415329,-28.924333572387695,0.007396789733320475,-2.6044931411743164,-9.0,9.0,28.669713973999023,9.366299629211426,1.4207099676132202,-0.7707942724227905,7064
1943,41965,0.23200660943984985,0.15579754114151,-28.810667037963867,0.007390126585960388,-3.306131601333618,-9.0,9.0,28.458873748779297,9.232518196105957,1.4516828060150146,-0.7493292093276978,7065
1944,41965,0.10280580073595047,0.10174836963415146,-27.70703887939453,0.007383064366877079,-5.261692523956299,-9.0,9.0,27.38085174560547,8.880258560180664,1.4294049739837646,-0.7427790760993958,7066
1945,41965,0.10322444885969162,0.09039466828107834,-28.07073211669922,0.0073764207772910595,-1.3233745098114014,-9.0,9.0,27.893232345581055,9.7957181930542,1.4645452499389648,-0.7303708791732788,7067
1946,41965,0.11305871605873108,0.10119815170764923,-27.993877410888672,0.007369379047304392,-5.209475994110107,-9.0,9.0,27.825645446777344,9.424308776855469,1.417654275894165,-0.7432380318641663,7068
1947,41965,0.13832257688045502,0.11392375826835632,-27.586851119995117,0.007362284231930971,-3.5043246746063232,-9.0,9.0,27.193519592285156,8.600057601928711,1.4651232957839966,-0.7190108299255371,7069
1948,41965,0.11364622414112091,0.11495000123977661,-28.304218292236328,0.007355150301009417,-3.450089931488037,-9.0,9.0,28.00017547607422,9.367348670959473,1.4510802030563354,-0.7486875653266907,7070
1949,41965,0.13439831137657166,0.08346492052078247,-28.801883697509766,0.007348780520260334,0.2189159393310547,-9.0,9.0,28.667617797851562,9.783422470092773,1.4908207654953003,-0.7564820647239685,7071
1950,41965,0.11243119835853577,0.1474061757326126,-27.873762130737305,0.0073429555632174015,-0.42950040102005005,-9.0,9.0,27.626541137695312,9.382305145263672,1.5008059740066528,-0.7479280829429626,7072
1951,41965,0.11276743561029434,0.07694189250469208,-27.89431381225586,0.007337785791605711,0.3223866820335388,-9.0,9.0,27.483083724975586,9.653143882751465,1.4927349090576172,-0.7618250250816345,7073
1952,41965,0.1426662802696228,0.12836062908172607,-28.977519989013672,0.0073325359262526035,-2.756136894226074,-9.0,9.0,28.68018913269043,9.87414264678955,1.4509786367416382,-0.7696203589439392,7074
1953,41965,0.12150877714157104,0.10021420568227768,-28.198627471923828,0.007327492348849773,-1.4591706991195679,-9.0,9.0,27.956127166748047,9.419809341430664,1.454154133796692,-0.7896566390991211,7075
1954,41965,0.08866100013256073,0.0755811259150505,-27.305814743041992,0.007323241326957941,1.3110966682434082,-9.0,9.0,27.06011962890625,8.00645923614502,1.4938535690307617,-0.7609938383102417,7076
1955,41965,0.17787134647369385,0.14642629027366638,-29.797508239746094,0.007318880874663591,-2.4630372524261475,-9.0,9.0,29.48248863220215,9.377384185791016,1.4256552457809448,-0.8288188576698303,7077
1956,41965,0.10570605099201202,0.11255063116550446,-28.712350845336914,0.007314920891076326,-0.1570901721715927,-9.0,9.0,28.35992431640625,8.884907722473145,1.470350980758667,-0.7916476130485535,7078
1957,41965,0.10335271805524826,0.11038573831319809,-28.91915512084961,0.007311392109841108,0.1560211181640625,-9.0,9.0,28.64736557006836,9.493501663208008,1.4598628282546997,-0.8049017786979675,7079
1958,41965,0.08042411506175995,0.07776143401861191,-28.37376594543457,0.007308237254619598,0.09765909612178802,-9.0,9.0,28.019392013549805,9.055204391479492,1.4580392837524414,-0.820271909236908,7080
1959,41965,0.10240933299064636,0.12141646444797516,-28.29872703552246,0.007305394392460585,-0.011287093162536621,-9.0,9.0,27.99258041381836,8.256643295288086,1.4942810535430908,-0.7796841859817505,7081
1960,41965,0.09044849127531052,0.09261640906333923,-27.95534324645996,0.0073027159087359905,-0.5423622131347656,-9.0,9.0,27.616138458251953,8.602999687194824,1.50638747215271,-0.8015565872192383,7082
1961,41965,0.13291597366333008,0.16002705693244934,-28.629037857055664,0.007300122175365686,-0.8406998515129089,-9.0,9.0,28.29247283935547,9.472652435302734,1.4373395442962646,-0.8429320454597473,7083
1962,41965,0.09682831913232803,0.11210791021585464,-27.958189010620117,0.0072983019053936005,2.358957290649414,-9.0,9.0,27.774858474731445,8.691571235656738,1.4974775314331055,-0.8002764582633972,7084
1963,41965,0.0807361975312233,0.08596906810998917,-27.729137420654297,0.00729678850620985,0.5795732736587524,-9.0,9.0,27.37351417541504,9.082124710083008,1.477343201637268,-0.8117624521255493,7085
1964,41965,0.13143223524093628,0.1563858836889267,-28.400163650512695,0.007296134252101183,3.252504587173462,-9.0,9.0,27.950321197509766,9.316179275512695,1.4944270849227905,-0.8326603174209595,7086
1965,41965,0.1142430379986763,0.10264047980308533,-26.853309631347656,0.007296015974134207,2.163752317428589,-9.0,9.0,26.509370803833008,9.22152328491211,1.5144098997116089,-0.7963656783103943,7087
1966,41965,0.14060284197330475,0.16003461182117462,-27.682836532592773,0.007296436931937933,2.423093318939209,-9.0,9.0,27.63191032409668,9.18549633026123,1.4936460256576538,-0.8058926463127136,7088
1967,41965,0.08555738627910614,0.08605433255434036,-29.015419006347656,0.007296307943761349,-2.325737714767456,-9.0,9.0,28.731792449951172,9.236002922058105,1.430220603942871,-0.8628197908401489,7089
1968,41965,0.22378407418727875,0.2511099576950073,-30.014081954956055,0.007295793388038874,-1.8416123390197754,-9.0,9.0,29.558250427246094,9.440670013427734,1.4188756942749023,-0.858208954334259,7090
1969,41965,0.17585867643356323,0.16412624716758728,-28.650243759155273,0.007294753100723028,-2.641296148300171,-9.0,9.0,28.475372314453125,8.910266876220703,1.4293984174728394,-0.8269814848899841,7091
1970,41965,0.10818585753440857,0.13385803997516632,-27.711088180541992,0.007293027825653553,-3.621809959411621,-9.0,9.0,27.559673309326172,9.403507232666016,1.3976675271987915,-0.824181854724884,7092
1971,41965,0.3859029710292816,0.4217246174812317,-29.164236068725586,0.007291167974472046,-1.4224004745483398,-9.0,9.0,28.8304443359375,9.9240083694458,1.430299997329712,-0.8477683663368225,7093
1972,41965,0.16601580381393433,0.15719592571258545,-28.890588760375977,0.007288977969437838,-2.3701012134552,-9.0,9.0,28.55551528930664,9.792064666748047,1.4176381826400757,-0.8462190628051758,7094
1973,41965,0.11914921551942825,0.15009590983390808,-27.270553588867188,0.007286600768566132,-1.8588621616363525,-9.0,9.0,27.228530883789062,8.491703033447266,1.4525045156478882,-0.7902613282203674,7095
1974,41965,0.1577819138765335,0.12437598407268524,-28.101089477539062,0.007283939979970455,-2.3994250297546387,-9.0,9.0,27.964618682861328,8.623754501342773,1.4253826141357422,-0.7960916757583618,7096
1975,41965,0.12831097841262817,0.1767681986093521,-28.911739349365234,0.007280946709215641,-2.7453041076660156,-9.0,9.0,28.50339698791504,8.679067611694336,1.4205111265182495,-0.8175292015075684,7097
1976,41965,0.16365352272987366,0.1590820848941803,-27.897510528564453,0.007278256118297577,0.021788030862808228,-9.0,9.0,27.640155792236328,8.904911994934082,1.4749175310134888,-0.7837539911270142,7098
1977,41965,0.12733852863311768,0.15731878578662872,-28.067556381225586,0.007274911273270845,-4.264318466186523,-9.0,9.0,27.887508392333984,9.165487289428711,1.4083442687988281,-0.7900485396385193,7099
1978,41965,0.1143459752202034,0.116909921169281,-28.57010841369629,0.007271335925906897,-2.60585880279541,-9.0,9.0,28.372467041015625,9.471027374267578,1.4379645586013794,-0.804618239402771,7100
1979,41965,0.10892730951309204,0.10871972143650055,-27.431188583374023,0.007267384324222803,-3.387516975402832,-9.0,9.0,27.193490982055664,8.008387565612793,1.4612767696380615,-0.7568468451499939,7101
1980,41965,0.18127469718456268,0.12640433013439178,-29.225601196289062,0.0072628771886229515,-4.3944902420043945,-9.0,9.0,28.976667404174805,9.110018730163574,1.438401460647583,-0.7724999189376831,7102
1981,41965,0.0999031513929367,0.09680705517530441,-27.46527862548828,0.0072584631852805614,-1.6451656818389893,-9.0,9.0,27.231426239013672,8.557326316833496,1.4433544874191284,-0.7751259207725525,7103
1982,41965,0.17063650488853455,0.11193051189184189,-28.181373596191406,0.007253857795149088,-2.9395642280578613,-9.0,9.0,28.053651809692383,9.310079574584961,1.451529622077942,-0.7705219984054565,7104
1983,41965,0.10557498782873154,0.0912063717842102,-28.05434226989746,0.007248799316585064,-4.232062816619873,-9.0,9.0,27.667070388793945,9.159247398376465,1.4348353147506714,-0.7564038038253784,7105
1984,41965,0.0865977481007576,0.07744891196489334,-27.767009735107422,0.007243909873068333,-1.5632305145263672,-9.0,9.0,27.445377349853516,9.075788497924805,1.4617143869400024,-0.760635256767273,7106
1985,41965,0.11485619843006134,0.0942300334572792,-27.925363540649414,0.0072391582652926445,-1.6265884637832642,-9.0,9.0,27.803207397460938,9.444966316223145,1.4676835536956787,-0.7611945271492004,7107
1986,41965,0.1397368609905243,0.17814762890338898,-28.26302146911621,0.00723473122343421,-0.6923887729644775,-9.0,9.0,28.07834815979004,9.474770545959473,1.474877953529358,-0.7635239362716675,7108
1987,41965,0.11427901685237885,0.11312735825777054,-27.761568069458008,0.007230582181364298,-0.7700532674789429,-9.0,9.0,27.52867889404297,9.050512313842773,1.484299659729004,-0.7559534907341003,7109
1988,41965,0.11376159638166428,0.09372321516275406,-28.781208038330078,0.007226449437439442,-1.8419543504714966,-9.0,9.0,28.488784790039062,8.877542495727539,1.4462529420852661,-0.7733784914016724,7110
1989,41965,0.11145640909671783,0.10962197184562683,-28.483797073364258,0.007222553249448538,-0.8113752603530884,-9.0,9.0,28.257658004760742,9.40797233581543,1.4842147827148438,-0.7761384844779968,7111
1990,41965,0.0898687019944191,0.09247586876153946,-27.36425018310547,0.007218418177217245,-2.9152438640594482,-9.0,9.0,27.190963745117188,9.041935920715332,1.472740888595581,-0.7394596934318542,7112
1991,41965,0.10847078263759613,0.0858682319521904,-28.169723510742188,0.0072146328166127205,-0.2917433977127075,-9.0,9.0,27.849071502685547,8.840209007263184,1.4611421823501587,-0.7879464030265808,7113
1992,41965,0.10564810037612915,0.11771851778030396,-28.044893264770508,0.007211506366729736,1.2886351346969604,-9.0,9.0,27.850269317626953,9.179300308227539,1.5004785060882568,-0.7719380259513855,7114
1993,41965,0.11796194314956665,0.09321538358926773,-28.287710189819336,0.007209013681858778,1.496062994003296,-9.0,9.0,28.151134490966797,9.105271339416504,1.5054905414581299,-0.7910237908363342,7115
1994,41965,0.06839831173419952,0.08257371187210083,-28.658159255981445,0.007206316106021404,-2.1176505088806152,-9.0,9.0,28.34904670715332,8.482422828674316,1.4709185361862183,-0.7713205218315125,7116
1995,41965,0.09302767366170883,0.09368056803941727,-29.09648895263672,0.007203454151749611,-2.000584363937378,-9.0,9.0,28.829484939575195,8.841434478759766,1.4544317722320557,-0.789892315864563,7117
1996,41965,0.13256002962589264,0.1253078132867813,-28.4925537109375,0.007200449239462614,-1.9896318912506104,-9.0,9.0,28.267457962036133,8.967716217041016,1.4475678205490112,-0.792948305606842,7118
1997,41965,0.13621126115322113,0.0859241783618927,-27.9466609954834,0.00719828624278307,2.5073676109313965,-9.0,9.0,27.881420135498047,8.842485427856445,1.5049885511398315,-0.7869748473167419,7119
1998,41965,0.38370758295059204,0.40604013204574585,-28.743549346923828,0.007195945829153061,-1.8156079053878784,-9.0,9.0,28.42670249938965,9.281184196472168,1.4674941301345825,-0.7776154279708862,7120
1999,41965,0.1402510404586792,0.10740706324577332,-29.481672286987305,0.0071928719989955425,-4.503152370452881,-9.0,9.0,29.250619888305664,9.486495018005371,1.4124107360839844,-0.8115114569664001,7121
2000,41965,0.1975380778312683,0.20824038982391357,-28.903011322021484,0.007189720869064331,-1.7858721017837524,-9.0,9.0,28.838396072387695,9.468572616577148,1.4467803239822388,-0.7762759327888489,7122
2001,41965,0.08886779844760895,0.09070731699466705,-27.642024993896484,0.00718686543405056,-0.08640667796134949,-9.0,9.0,27.3875789642334,9.22730827331543,1.5055179595947266,-0.758500874042511,7123
2002,41965,0.20138563215732574,0.1862127184867859,-29.299808502197266,0.007183329667896032,-4.49249267578125,-9.0,9.0,28.909454345703125,9.679940223693848,1.3920167684555054,-0.8146084547042847,7124
2003,41965,0.22086048126220703,0.2011987864971161,-28.807832717895508,0.007179254665970802,-4.146493434906006,-9.0,9.0,28.529891967773438,9.235764503479004,1.423572301864624,-0.801749050617218,7125
2004,41965,0.16430257260799408,0.11712686717510223,-28.095409393310547,0.007174983620643616,-2.82212233543396,-9.0,9.0,27.918397903442383,9.490816116333008,1.4178211688995361,-0.8040577173233032,7126
2005,41965,0.1472650170326233,0.14192849397659302,-29.255062103271484,0.007170083001255989,-5.843721389770508,-9.0,9.0,28.91152572631836,9.283388137817383,1.3800300359725952,-0.8392682671546936,7127
2006,41965,0.11762908101081848,0.10358111560344696,-29.546703338623047,0.0071646180003881454,-6.375611305236816,-9.0,9.0,29.249141693115234,9.804150581359863,1.336792230606079,-0.8385963439941406,7128
2007,41965,0.10804055631160736,0.09325677156448364,-28.805158615112305,0.00715878838673234,-4.287939071655273,-9.0,9.0,28.52273941040039,9.207512855529785,1.4222428798675537,-0.8258270025253296,7129
2008,41965,0.13669253885746002,0.11236099153757095,-29.163740158081055,0.007152496837079525,-4.919361591339111,-9.0,9.0,29.097332000732422,9.33124828338623,1.3777846097946167,-0.8390308022499084,7130
2009,41965,0.1191975325345993,0.12143480777740479,-28.551847457885742,0.007146173156797886,-3.1137962341308594,-9.0,9.0,28.227602005004883,9.030402183532715,1.425005316734314,-0.8145776391029358,7131
2010,41965,0.14724378287792206,0.12570559978485107,-28.806804656982422,0.007139841094613075,-3.0245630741119385,-9.0,9.0,28.433055877685547,10.090943336486816,1.4219883680343628,-0.8096839189529419,7132
2011,41965,0.13306812942028046,0.15746495127677917,-29.300308227539062,0.007133538834750652,-2.8524270057678223,-9.0,9.0,29.151844024658203,9.648567199707031,1.4202104806900024,-0.8314666748046875,7133
2012,41965,0.10698164254426956,0.06975715607404709,-28.226802825927734,0.007128037046641111,0.802199125289917,-9.0,9.0,28.15981101989746,8.639103889465332,1.5040644407272339,-0.7802315354347229,7134
2013,41965,0.18124082684516907,0.16508932411670685,-28.480850219726562,0.007122872397303581,-1.0157952308654785,-9.0,9.0,28.1165828704834,9.146822929382324,1.4785865545272827,-0.7822439074516296,7135
2014,41965,0.10020089894533157,0.0923236683011055,-28.987346649169922,0.00711836339905858,0.6566522717475891,-9.0,9.0,28.69551658630371,8.9827880859375,1.4588721990585327,-0.8146777749061584,7136
2015,41965,0.10699878633022308,0.09220978617668152,-29.454654693603516,0.007113880943506956,-1.9952576160430908,-9.0,9.0,29.25203514099121,9.664292335510254,1.4390441179275513,-0.8298549652099609,7137
2016,41965,0.11236527562141418,0.09401241689920425,-28.98038101196289,0.007110167760401964,1.5034701824188232,-9.0,9.0,28.738977432250977,9.170551300048828,1.5028038024902344,-0.8251524567604065,7138
2017,41965,0.08728134632110596,0.08489982783794403,-29.26645278930664,0.007106879726052284,0.25590193271636963,-9.0,9.0,28.946163177490234,9.375730514526367,1.4666364192962646,-0.8389178514480591,7139
2018,41965,0.12777653336524963,0.10511697828769684,-28.211559295654297,0.007103268057107925,-3.069446086883545,-9.0,9.0,27.779647827148438,9.400474548339844,1.4447041749954224,-0.8003756403923035,7140
2019,41965,0.0964943915605545,0.06721101701259613,-28.727142333984375,0.007099783513695002,-1.100074052810669,-9.0,9.0,28.50031852722168,9.502734184265137,1.4526503086090088,-0.8087692260742188,7141
2020,41965,0.078183613717556,0.08510161191225052,-27.35793685913086,0.0070967948995530605,0.6881608366966248,-9.0,9.0,27.204208374023438,9.006919860839844,1.5067164897918701,-0.7798240780830383,7142
2021,41965,0.09788184612989426,0.10145020484924316,-29.109634399414062,0.007094230502843857,0.5980740785598755,-9.0,9.0,28.808704376220703,9.554622650146484,1.4721380472183228,-0.8255565762519836,7143
2022,41965,0.11357219517230988,0.11981023848056793,-29.509536743164062,0.007092140149325132,1.0196266174316406,-9.0,9.0,29.193763732910156,10.015987396240234,1.456154227256775,-0.8242464065551758,7144
2023,41965,0.10287876427173615,0.0902908593416214,-27.9599552154541,0.007090033497661352,-1.0514073371887207,-9.0,9.0,27.869550704956055,9.124920845031738,1.4618619680404663,-0.8010939359664917,7145
2024,41965,0.1616058647632599,0.1756279319524765,-28.79924201965332,0.007087900768965483,-1.106610894203186,-9.0,9.0,28.5709285736084,9.530844688415527,1.4638516902923584,-0.8137491345405579,7146
2025,41965,0.10272999107837677,0.08351151645183563,-28.694971084594727,0.007085859309881926,-0.5672719478607178,-9.0,9.0,28.327089309692383,8.93387508392334,1.4642411470413208,-0.7988536953926086,7147
2026,41965,0.09553497284650803,0.10464969277381897,-27.337364196777344,0.007083413656800985,-2.8682026863098145,-9.0,9.0,27.117748260498047,9.94986343383789,1.4134711027145386,-0.8060954213142395,7148
2027,41965,0.15706519782543182,0.17007000744342804,-27.601232528686523,0.007080776151269674,-2.039842128753662,-9.0,9.0,27.673187255859375,9.068267822265625,1.4248279333114624,-0.8031924366950989,7149
2028,41965,0.13612747192382812,0.10698948800563812,-28.055885314941406,0.0070785717107355595,0.7839467525482178,-9.0,9.0,27.587587356567383,9.024869918823242,1.4936951398849487,-0.794723391532898,7150
2029,41965,0.18400214612483978,0.18396028876304626,-29.465059280395508,0.007075689733028412,-4.222330093383789,-9.0,9.0,28.937171936035156,9.52340030670166,1.4146729707717896,-0.8230114579200745,7151
2030,41965,0.20219391584396362,0.1453092247247696,-29.064563751220703,0.00707290368154645,-0.9027312994003296,-9.0,9.0,28.98490333557129,9.090405464172363,1.4525604248046875,-0.822284996509552,7152
2031,41965,0.11678405106067657,0.1175481528043747,-28.372587203979492,0.007070246618241072,-0.700080931186676,-9.0,9.0,28.108409881591797,9.06585693359375,1.4774545431137085,-0.7944149971008301,7153
2032,41965,0.19900734722614288,0.14899614453315735,-29.027769088745117,0.007066963240504265,-4.194071292877197,-9.0,9.0,28.498872756958008,9.821181297302246,1.4209789037704468,-0.8160010576248169,7154
2033,41965,0.1336105316877365,0.19365252554416656,-29.604124069213867,0.0070634763687849045,-2.509169578552246,-9.0,9.0,29.252342224121094,9.842849731445312,1.4199540615081787,-0.8449521064758301,7155
2034,41965,0.18980993330478668,0.11956483125686646,-28.921659469604492,0.007060048636049032,-1.3681483268737793,-9.0,9.0,28.830638885498047,10.05809497833252,1.4079245328903198,-0.8473401069641113,7156
2035,41965,0.08326384425163269,0.08509498834609985,-29.117774963378906,0.007057201117277145,1.1125173568725586,-9.0,9.0,28.802263259887695,9.861478805541992,1.4775575399398804,-0.8319984078407288,7157
2036,41965,0.1043238714337349,0.10982638597488403,-28.23092269897461,0.00705520948395133,2.687434673309326,-9.0,9.0,27.885112762451172,9.729761123657227,1.4876172542572021,-0.83122318983078,7158
2037,41965,0.1218208447098732,0.12154930830001831,-28.56696128845215,0.0070538874715566635,2.2144839763641357,-9.0,9.0,28.35409164428711,9.757006645202637,1.4967576265335083,-0.8246148228645325,7159
2038,41965,0.08217726647853851,0.08334789425134659,-29.338542938232422,0.00705295242369175,1.2097880840301514,-9.0,9.0,29.14640235900879,9.66434097290039,1.49224853515625,-0.8542618155479431,7160
2039,41965,0.12793567776679993,0.13598103821277618,-29.470495223999023,0.007053164299577475,4.98610782623291,-9.0,9.0,29.171871185302734,9.372785568237305,1.5346078872680664,-0.8473026156425476,7161
2040,41965,0.21535706520080566,0.1564645916223526,-28.760345458984375,0.007053275126963854,-0.3754425048828125,-9.0,9.0,28.494218826293945,9.953311920166016,1.479917287826538,-0.8187083005905151,7162
2041,41965,0.1208871454000473,0.1256040334701538,-28.28999900817871,0.007053530775010586,0.7315493226051331,-9.0,9.0,28.048194885253906,9.847554206848145,1.4717086553573608,-0.8268843293190002,7163
2042,41965,0.12129367142915726,0.11804547160863876,-28.27739143371582,0.00705355079844594,-0.9807931184768677,-9.0,9.0,28.048181533813477,9.030860900878906,1.4420005083084106,-0.8221341371536255,7164
2043,41965,0.10612708330154419,0.09272720664739609,-28.330219268798828,0.007054031826555729,2.164599657058716,-9.0,9.0,28.034379959106445,8.946867942810059,1.504530668258667,-0.8095989227294922,7165
2044,41965,0.4117252230644226,0.38874298334121704,-29.00877571105957,0.007054617162793875,0.7144433259963989,-9.0,9.0,28.81941032409668,9.120818138122559,1.4626410007476807,-0.829383373260498,7166
2045,41965,0.14233949780464172,0.1380491554737091,-29.325908660888672,0.007055266294628382,0.5718823075294495,-9.0,9.0,28.95298957824707,9.87415599822998,1.480127215385437,-0.8445758819580078,7167
2046,41965,0.14226296544075012,0.13840492069721222,-29.450193405151367,0.007056326139718294,2.2260594367980957,-9.0,9.0,29.093114852905273,9.623531341552734,1.4959710836410522,-0.8597339391708374,7168
2047,41965,0.12293362617492676,0.14658677577972412,-29.119935989379883,0.007057914510369301,2.9874658584594727,-9.0,9.0,28.752779006958008,9.97734546661377,1.5049974918365479,-0.8550416231155396,7169
2048,41965,0.14113986492156982,0.13792875409126282,-28.69987678527832,0.00706010265275836,3.5499095916748047,-9.0,9.0,28.522300720214844,9.952927589416504,1.4965728521347046,-0.8472353219985962,7170
2049,41965,0.09350505471229553,0.1349824219942093,-28.97530746459961,0.0070621902123093605,0.5376065373420715,-9.0,9.0,28.583431243896484,9.294547080993652,1.500231385231018,-0.8153006434440613,7171
2050,41965,0.12793588638305664,0.11138366162776947,-30.27364158630371,0.0070649790577590466,4.2682390213012695,-9.0,9.0,29.923662185668945,9.997392654418945,1.4979209899902344,-0.8854545950889587,7172
2051,41965,0.11913193762302399,0.1067345067858696,-29.019264221191406,0.0070683215744793415,3.8949623107910156,-9.0,9.0,28.749481201171875,9.92029094696045,1.533685564994812,-0.8615466952323914,7173
2052,41965,0.1814025342464447,0.14168879389762878,-28.354440689086914,0.007072387728840113,5.605978012084961,-9.0,9.0,28.251689910888672,9.141945838928223,1.558811068534851,-0.8337811827659607,7174
2053,41965,0.0987311601638794,0.09557804465293884,-28.514972686767578,0.007077103480696678,12.963709831237793,-9.0,9.0,28.14984703063965,8.82458782196045,1.6776279211044312,-0.8156489133834839,7175
2054,41965,0.18565918505191803,0.14803916215896606,-29.69940757751465,0.007082403637468815,11.567068099975586,-9.0,9.0,29.46552276611328,9.43242359161377,1.6420910358428955,-0.8349204063415527,7176
2055,41965,0.17369414865970612,0.1381024569272995,-28.565095901489258,0.0070882318541407585,10.34754753112793,-9.0,9.0,28.436668395996094,9.08016586303711,1.6254771947860718,-0.7971757054328918,7177
2056,41965,0.15355359017848969,0.12779547274112701,-29.57883071899414,0.007094538304954767,7.764028549194336,-9.0,9.0,29.421728134155273,9.120372772216797,1.6068038940429688,-0.8212412595748901,7178
2057,41965,0.3412715196609497,0.2632766366004944,-29.878929138183594,0.007101273629814386,8.743035316467285,-9.0,9.0,29.607559204101562,10.245073318481445,1.5836982727050781,-0.8466998934745789,7179
2058,41965,0.3126033842563629,0.27397578954696655,-29.568645477294922,0.007108394522219896,10.40018367767334,-9.0,9.0,29.181610107421875,9.927905082702637,1.6101404428482056,-0.8375096917152405,7180
2059,41965,0.08037978410720825,0.10005838423967361,-28.538631439208984,0.0071158623322844505,4.983692169189453,-9.0,9.0,28.19906997680664,9.50525188446045,1.560263991355896,-0.7844721674919128,7181
2060,41965,0.17618441581726074,0.14439168572425842,-27.586835861206055,0.007123647257685661,8.9946928024292,-9.0,9.0,27.478105545043945,9.432758331298828,1.6080046892166138,-0.7765944600105286,7182
2061,41965,0.12639780342578888,0.1250101774930954,-29.29889678955078,0.0071317157708108425,5.949376106262207,-9.0,9.0,29.101247787475586,9.765284538269043,1.5445983409881592,-0.8269134163856506,7183
2062,41965,0.18156783282756805,0.15625479817390442,-27.864795684814453,0.00713979359716177,3.7786760330200195,-9.0,9.0,27.58306312561035,9.072933197021484,1.5824998617172241,-0.7666203379631042,7184
2063,41965,0.15155990421772003,0.17155635356903076,-29.954755783081055,0.007147618103772402,2.5322556495666504,-9.0,9.0,29.570327758789062,10.019438743591309,1.4969358444213867,-0.8376091718673706,7185
2064,41965,0.10973235964775085,0.12521712481975555,-28.266395568847656,0.007155491970479488,3.84120512008667,-9.0,9.0,28.1863956451416,9.430216789245605,1.5412509441375732,-0.7689598798751831,7186
2065,41965,0.11088792234659195,0.1166432574391365,-29.241809844970703,0.007163200527429581,2.8414199352264404,-9.0,9.0,29.14651870727539,10.22582721710205,1.4944961071014404,-0.7939401268959045,7187
2066,41965,0.2025420367717743,0.2325378805398941,-29.722293853759766,0.007169655524194241,-2.2702178955078125,-9.0,9.0,29.221363067626953,9.702353477478027,1.4506281614303589,-0.8044936060905457,7188
2067,41965,0.2471247911453247,0.20681129395961761,-30.314844131469727,0.007175507489591837,0.14990156888961792,-9.0,9.0,30.049358367919922,9.913267135620117,1.4406238794326782,-0.8334951400756836,7189
2068,41965,0.1592288315296173,0.15152692794799805,-27.84185791015625,0.007180353626608849,-1.969240427017212,-9.0,9.0,27.791048049926758,8.911490440368652,1.4433965682983398,-0.7716876268386841,7190
2069,41965,0.13037963211536407,0.13378402590751648,-28.665019989013672,0.007183905225247145,-3.7559869289398193,-9.0,9.0,28.357730865478516,9.260309219360352,1.413211464881897,-0.8069923520088196,7191
2070,41965,0.18220409750938416,0.16249024868011475,-28.99563980102539,0.007186207454651594,-4.1219482421875,-9.0,9.0,28.528499603271484,9.800955772399902,1.4064435958862305,-0.8074594736099243,7192
2071,41965,0.15925729274749756,0.13858552277088165,-29.407323837280273,0.007187431212514639,-3.923025369644165,-9.0,9.0,29.224925994873047,9.524577140808105,1.3835866451263428,-0.8290897607803345,7193
2072,41965,0.23236753046512604,0.18172332644462585,-28.136245727539062,0.007187729235738516,-3.713567018508911,-9.0,9.0,27.97260284423828,9.933079719543457,1.4327574968338013,-0.7670684456825256,7194
2073,41965,0.14348122477531433,0.143874853849411,-29.207178115844727,0.007187366019934416,-2.9117045402526855,-9.0,9.0,28.739181518554688,9.401789665222168,1.4215221405029297,-0.82180255651474,7195
2074,41965,0.11072501540184021,0.12132533639669418,-29.06864356994629,0.007186132483184338,-4.18763542175293,-9.0,9.0,28.78367805480957,9.142889976501465,1.4124605655670166,-0.810900092124939,7196
2075,41965,0.11323843896389008,0.1253417581319809,-29.27182388305664,0.007184778805822134,-1.127439260482788,-9.0,9.0,29.133935928344727,9.757048606872559,1.4504040479660034,-0.7926889061927795,7197
2076,41965,0.12470275908708572,0.10283380001783371,-28.355545043945312,0.007183439563959837,-0.555787205696106,-9.0,9.0,28.15945816040039,8.821091651916504,1.4750049114227295,-0.7655747532844543,7198
2077,41965,0.16217371821403503,0.1605168581008911,-29.650678634643555,0.007181541994214058,-3.196798324584961,-9.0,9.0,29.301332473754883,9.538657188415527,1.4316425323486328,-0.7982921600341797,7199
2078,41965,0.19631603360176086,0.20313996076583862,-28.779762268066406,0.007180295418947935,2.141969680786133,-9.0,9.0,28.546491622924805,10.126489639282227,1.4990265369415283,-0.808808445930481,7200
2079,41965,0.10535914450883865,0.11107626557350159,-27.914058685302734,0.007178950123488903,-1.0399813652038574,-9.0,9.0,27.674625396728516,8.950769424438477,1.4817887544631958,-0.7786530256271362,7201
2080,41965,0.18957702815532684,0.13594499230384827,-29.53744888305664,0.007178101222962141,1.6712144613265991,-9.0,9.0,29.525121688842773,9.080533981323242,1.49736750125885,-0.8215588927268982,7202
2081,41965,0.09816231578588486,0.08693882822990417,-28.509437561035156,0.00717840576544404,5.909462928771973,-9.0,9.0,28.32984161376953,9.484298706054688,1.5610967874526978,-0.8042517304420471,7203
2082,41965,0.15212056040763855,0.12159651517868042,-29.73194694519043,0.007178833708167076,0.7036903500556946,-9.0,9.0,29.354230880737305,9.864249229431152,1.4564645290374756,-0.8116400837898254,7204
2083,41965,0.13177916407585144,0.10080857574939728,-28.94552993774414,0.007179186213761568,-0.1540083885192871,-9.0,9.0,28.840547561645508,9.474164009094238,1.4721651077270508,-0.8111895322799683,7205
2084,41965,0.15341000258922577,0.1374315619468689,-28.49331283569336,0.007179056294262409,-2.0503015518188477,-9.0,9.0,28.322837829589844,8.33421802520752,1.464447021484375,-0.7619724869728088,7206
2085,41965,0.18760910630226135,0.12559375166893005,-28.300823211669922,0.0071785943582654,-1.5906602144241333,-9.0,9.0,27.862659454345703,9.024040222167969,1.441607117652893,-0.7656804323196411,7207
2086,41965,0.09471078217029572,0.09457597881555557,-28.867599487304688,0.007177824154496193,-1.639792561531067,-9.0,9.0,28.559972763061523,9.560744285583496,1.463916540145874,-0.7877441048622131,7208
2087,41965,0.18127678334712982,0.1252160370349884,-29.153606414794922,0.007176061626523733,-5.244383811950684,-9.0,9.0,29.086116790771484,9.91039752960205,1.3838300704956055,-0.7922002673149109,7209
2088,41965,0.35630109906196594,0.3493838906288147,-29.4494571685791,0.0071741011925041676,-1.7219388484954834,-9.0,9.0,29.05940055847168,9.854681968688965,1.442982792854309,-0.7778225541114807,7210
2089,41965,0.12566998600959778,0.11304809153079987,-28.267263412475586,0.007171679753810167,-3.0340306758880615,-9.0,9.0,27.997779846191406,9.196484565734863,1.4438964128494263,-0.7648940682411194,7211
2090,41965,0.11128391325473785,0.12676256895065308,-29.696563720703125,0.007168964948505163,-2.4682981967926025,-9.0,9.0,29.48165512084961,9.835041999816895,1.4107788801193237,-0.8046484589576721,7212
2091,41965,0.1935441941022873,0.14468702673912048,-29.843515396118164,0.007165506482124329,-4.692814826965332,-9.0,9.0,29.687496185302734,9.628796577453613,1.4043229818344116,-0.7942060232162476,7213
2092,41965,0.1479005515575409,0.13876061141490936,-29.07501983642578,0.007161332294344902,-4.933724880218506,-9.0,9.0,28.6187744140625,9.22420883178711,1.4334684610366821,-0.7526100277900696,7214
2093,41965,0.41818201541900635,0.4619458019733429,-28.8699951171875,0.007157054729759693,-2.407686233520508,-9.0,9.0,28.63213539123535,8.77120590209961,1.4474610090255737,-0.7584031820297241,7215
2094,41965,0.1908145546913147,0.17437979578971863,-27.68074607849121,0.007152916397899389,-1.340641975402832,-9.0,9.0,27.755016326904297,8.882758140563965,1.4914674758911133,-0.7307646870613098,7216
2095,41965,0.13398697972297668,0.16612906754016876,-29.427509307861328,0.007148766424506903,-1.9729681015014648,-9.0,9.0,29.115140914916992,9.922612190246582,1.4267956018447876,-0.7699801325798035,7217
2096,41965,0.13500288128852844,0.09956339001655579,-29.13296127319336,0.007144901901483536,-0.5992557406425476,-9.0,9.0,28.709924697875977,9.3131742477417,1.4827641248703003,-0.7878641486167908,7218
2097,41965,0.09618155658245087,0.12183146178722382,-29.426801681518555,0.007140433415770531,-4.615270137786865,-9.0,9.0,29.176618576049805,10.47730827331543,1.4317389726638794,-0.7732948064804077,7219
2098,41965,0.1551046371459961,0.10441563278436661,-28.94626808166504,0.007135352119803429,-5.886641502380371,-9.0,9.0,28.792377471923828,9.71676254272461,1.3929443359375,-0.775689959526062,7220
2099,41965,0.2925794720649719,0.30486366152763367,-29.221878051757812,0.007130855228751898,0.3593399226665497,-9.0,9.0,28.863929748535156,9.42345142364502,1.5104299783706665,-0.759006142616272,7221
2100,41965,0.14585848152637482,0.1260344535112381,-28.768070220947266,0.007126310840249062,-2.325511932373047,-9.0,9.0,28.499755859375,9.329427719116211,1.483985185623169,-0.7422690391540527,7222
2101,41965,0.30891966819763184,0.28943994641304016,-29.597637176513672,0.007122661918401718,2.0524086952209473,-9.0,9.0,29.405685424804688,9.507340431213379,1.536765694618225,-0.754073977470398,7223
2102,41965,0.2022467851638794,0.21691098809242249,-28.36928939819336,0.007119986228644848,2.824305534362793,-9.0,9.0,28.120121002197266,8.786886215209961,1.5544326305389404,-0.7311720848083496,7224
2103,41965,0.16877451539039612,0.16046534478664398,-28.49955940246582,0.0071176509372889996,0.3356971740722656,-9.0,9.0,28.281803131103516,8.665095329284668,1.518060564994812,-0.73207026720047,7225
2104,41965,0.16254359483718872,0.16990336775779724,-28.652652740478516,0.007116286549717188,3.426391839981079,-9.0,9.0,28.4067440032959,9.395421981811523,1.5667445659637451,-0.7534416317939758,7226
2105,41965,0.1267601102590561,0.1033710241317749,-28.97157096862793,0.007114986889064312,-0.328874796628952,-9.0,9.0,28.76152992248535,8.962891578674316,1.5123854875564575,-0.7532520890235901,7227
2106,41965,0.10680310428142548,0.10078281909227371,-27.952003479003906,0.007113941945135593,0.5835577845573425,-9.0,9.0,27.847122192382812,8.343517303466797,1.506770372390747,-0.7303912043571472,7228
2107,41965,0.11764615774154663,0.10425954312086105,-29.985204696655273,0.007113100960850716,0.4641560912132263,-9.0,9.0,29.558916091918945,9.423577308654785,1.4751654863357544,-0.7903679013252258,7229
2108,41965,0.19321458041667938,0.19470146298408508,-29.218950271606445,0.007111944258213043,-1.8609647750854492,-9.0,9.0,28.947078704833984,9.746668815612793,1.4668492078781128,-0.7698102593421936,7230
2109,41965,0.15355078876018524,0.13990402221679688,-28.8392333984375,0.0071100457571446896,-3.984377384185791,-9.0,9.0,28.68096160888672,9.799581527709961,1.4382773637771606,-0.7596474289894104,7231
2110,41965,0.28703945875167847,0.2750767469406128,-29.280059814453125,0.007107479497790337,-3.9825611114501953,-9.0,9.0,28.879796981811523,9.956894874572754,1.3908377885818481,-0.7776063084602356,7232
2111,41965,0.12326222658157349,0.10432476550340652,-28.841594696044922,0.007104277610778809,-4.173360824584961,-9.0,9.0,28.432992935180664,8.631600379943848,1.421548843383789,-0.7646145224571228,7233
2112,41965,0.1575465351343155,0.1882203072309494,-28.883283615112305,0.007101002614945173,-1.8177523612976074,-9.0,9.0,28.771207809448242,9.352587699890137,1.456480860710144,-0.7639327645301819,7234
2113,41965,0.16141390800476074,0.11669833958148956,-29.836654663085938,0.007097519002854824,-2.5081024169921875,-9.0,9.0,29.669666290283203,9.830221176147461,1.404693841934204,-0.8094459772109985,7235
2114,41965,0.16147193312644958,0.175621896982193,-31.027820587158203,0.007093770429491997,-2.863908052444458,-9.0,9.0,30.52572250366211,9.736373901367188,1.4019908905029297,-0.8399900794029236,7236
2115,41965,0.16027392446994781,0.127748504281044,-29.534832000732422,0.007089867722243071,-2.4579663276672363,-9.0,9.0,29.19248390197754,9.82169246673584,1.429613709449768,-0.8110986351966858,7237
2116,41965,0.21949046850204468,0.21573156118392944,-28.239410400390625,0.007086011581122875,-1.614648461341858,-9.0,9.0,28.221487045288086,9.399357795715332,1.4536949396133423,-0.8001502752304077,7238
2117,41965,0.21277062594890594,0.14197281002998352,-29.59306526184082,0.00708316033706069,2.8895974159240723,-9.0,9.0,29.51162338256836,9.717780113220215,1.4740499258041382,-0.8355817198753357,7239
2118,41965,0.1729954481124878,0.18782879412174225,-28.152807235717773,0.007080654613673687,0.2866900563240051,-9.0,9.0,27.651931762695312,8.889660835266113,1.49435555934906,-0.786832869052887,7240
2119,41965,0.1808713972568512,0.15224683284759521,-29.336795806884766,0.007078821770846844,1.9634439945220947,-9.0,9.0,28.873783111572266,9.06671142578125,1.5092419385910034,-0.8204942941665649,7241
2120,41965,0.30119597911834717,0.385929137468338,-28.2222900390625,0.0070776501670479774,2.23186993598938,-9.0,9.0,28.35325050354004,9.584511756896973,1.538233757019043,-0.8204688429832458,7242
2121,41965,0.14158986508846283,0.13603714108467102,-29.185932159423828,0.007077154237776995,2.6024115085601807,-9.0,9.0,29.089136123657227,9.829023361206055,1.498947024345398,-0.8288711905479431,7243
2122,41965,0.24459829926490784,0.3562942147254944,-30.31598663330078,0.007077768445014954,8.572504997253418,-9.0,9.0,29.57911491394043,9.798783302307129,1.5887643098831177,-0.8442803621292114,7244
2123,41965,0.13043008744716644,0.1364695131778717,-29.043609619140625,0.007079263683408499,4.394391059875488,-9.0,9.0,28.729564666748047,9.326436042785645,1.5652252435684204,-0.8217887878417969,7245
2124,41965,0.2455798238515854,0.29750749468803406,-29.484819412231445,0.007081515621393919,4.234644412994385,-9.0,9.0,29.585634231567383,9.048237800598145,1.5280853509902954,-0.855658233165741,7246
2125,41965,0.15036843717098236,0.16885115206241608,-29.789989471435547,0.007084602490067482,6.798058986663818,-9.0,9.0,29.531932830810547,9.744041442871094,1.5820788145065308,-0.8368081450462341,7247
2126,41965,0.22339841723442078,0.23760968446731567,-29.96709632873535,0.007088242098689079,4.007027626037598,-9.0,9.0,29.42028045654297,9.929691314697266,1.5140100717544556,-0.8473688960075378,7248
2127,41965,0.3766593039035797,0.39421701431274414,-28.217370986938477,0.00709257647395134,6.725579261779785,-9.0,9.0,28.070171356201172,9.628921508789062,1.5618972778320312,-0.8242208361625671,7249
2128,41965,0.13975666463375092,0.11779962480068207,-29.19952964782715,0.007097539491951466,5.414655685424805,-9.0,9.0,28.991941452026367,8.863162994384766,1.5670669078826904,-0.8083513975143433,7250
2129,41965,0.13879039883613586,0.13700762391090393,-29.14043617248535,0.007103065028786659,5.964653968811035,-9.0,9.0,28.724611282348633,9.620275497436523,1.5659853219985962,-0.8211513757705688,7251
2130,41965,0.13313834369182587,0.15860754251480103,-29.083627700805664,0.00710909953340888,7.680452346801758,-9.0,9.0,28.763551712036133,9.6653470993042,1.5670479536056519,-0.8305999636650085,7252
2131,41965,0.1247454285621643,0.15938401222229004,-28.39341926574707,0.007115265354514122,3.399637222290039,-9.0,9.0,28.23288917541504,9.469560623168945,1.5077539682388306,-0.8372541069984436,7253
2132,41965,0.13382863998413086,0.13845643401145935,-29.124671936035156,0.007121877279132605,5.2033467292785645,-9.0,9.0,28.74013900756836,9.258557319641113,1.5433160066604614,-0.810236394405365,7254
2133,41965,0.16044758260250092,0.16256560385227203,-28.833486557006836,0.007128801662474871,4.514242649078369,-9.0,9.0,28.442365646362305,9.169159889221191,1.5446017980575562,-0.8037417531013489,7255
2134,41965,0.14450150728225708,0.14248090982437134,-28.340681076049805,0.007136049214750528,4.719906806945801,-9.0,9.0,28.05133819580078,9.319214820861816,1.5624207258224487,-0.7934029698371887,7256
2135,41965,0.11565464735031128,0.14615513384342194,-29.706636428833008,0.007142919581383467,1.565454125404358,-9.0,9.0,29.452911376953125,9.299931526184082,1.4729424715042114,-0.8378984332084656,7257
2136,41965,0.2229156345129013,0.19449621438980103,-28.86756706237793,0.00715017132461071,5.41168737411499,-9.0,9.0,28.411304473876953,9.493634223937988,1.5600624084472656,-0.7979583740234375,7258
2137,41965,0.1308874785900116,0.12807273864746094,-29.41364288330078,0.00715776439756155,5.15476131439209,-9.0,9.0,29.173471450805664,9.636881828308105,1.5606307983398438,-0.7987633347511292,7259
2138,41965,0.1074616014957428,0.12689757347106934,-28.65206527709961,0.0071656666696071625,6.724547863006592,-9.0,9.0,28.394840240478516,9.081354141235352,1.598610520362854,-0.7781156897544861,7260
2139,41965,0.14045396447181702,0.11340781301259995,-29.600194931030273,0.007173598278313875,3.7623817920684814,-9.0,9.0,29.189184188842773,9.966326713562012,1.535970687866211,-0.8141489028930664,7261
2140,41965,0.10715276747941971,0.09988833218812943,-28.755786895751953,0.007181613706052303,4.026970863342285,-9.0,9.0,28.445446014404297,8.81406307220459,1.5883475542068481,-0.7485814690589905,7262
2141,41965,0.3169579803943634,0.3165458142757416,-28.639039993286133,0.0071898410096764565,4.670862197875977,-9.0,9.0,28.59379768371582,9.879249572753906,1.5600130558013916,-0.7803279757499695,7263
2142,41965,0.0901801735162735,0.09199041873216629,-29.40913200378418,0.007197895087301731,2.953944444656372,-9.0,9.0,29.022171020507812,9.571423530578613,1.5341179370880127,-0.7778139710426331,7264
2143,41965,0.1918427050113678,0.1813673973083496,-30.468351364135742,0.007206127047538757,4.5176801681518555,-9.0,9.0,29.913890838623047,9.478141784667969,1.5523202419281006,-0.7997235059738159,7265
2144,41965,0.1420738697052002,0.1597786843776703,-29.524656295776367,0.007214522920548916,4.5266499519348145,-9.0,9.0,29.457530975341797,9.829597473144531,1.5283197164535522,-0.794854462146759,7266
2145,41965,0.16037333011627197,0.1491454541683197,-29.21047592163086,0.007222529035061598,2.013859748840332,-9.0,9.0,29.1075382232666,9.281736373901367,1.5273405313491821,-0.7643323540687561,7267
2146,41965,0.30245837569236755,0.3124598562717438,-29.793495178222656,0.007230461575090885,3.2922897338867188,-9.0,9.0,29.318571090698242,9.014504432678223,1.5451433658599854,-0.7673036456108093,7268
2147,41965,0.3203631043434143,0.321690171957016,-28.663856506347656,0.007237539626657963,-0.3321564197540283,-9.0,9.0,28.431856155395508,8.92400074005127,1.5369949340820312,-0.7359007596969604,7269
2148,41965,0.193242147564888,0.2778671979904175,-29.297426223754883,0.0072440896183252335,0.78882896900177,-9.0,9.0,29.476242065429688,9.135066032409668,1.4734524488449097,-0.7710186839103699,7270
2149,41965,0.11365382373332977,0.1386416107416153,-29.340044021606445,0.007249563001096249,-1.9571964740753174,-9.0,9.0,29.099716186523438,9.318452835083008,1.5184094905853271,-0.7467535734176636,7271
2150,41965,0.23789863288402557,0.29897958040237427,-29.984466552734375,0.0072542279958724976,-1.2194215059280396,-9.0,9.0,29.490507125854492,9.513506889343262,1.4793899059295654,-0.7694544196128845,7272
2151,41965,0.11926876753568649,0.1303977072238922,-29.450551986694336,0.007258134428411722,-1.3484238386154175,-9.0,9.0,29.285964965820312,8.771261215209961,1.495854139328003,-0.7376797795295715,7273
2152,41965,0.36627545952796936,0.43506932258605957,-29.657333374023438,0.007261042017489672,-2.7799735069274902,-9.0,9.0,29.75031280517578,9.983532905578613,1.4338953495025635,-0.7861060500144958,7274
2153,41965,0.32390618324279785,0.2545410096645355,-29.6484432220459,0.0072631267830729485,-2.4383552074432373,-9.0,9.0,29.29535675048828,9.590226173400879,1.450002670288086,-0.7676466107368469,7275
2154,41965,0.1490350216627121,0.3115447461605072,-29.469741821289062,0.0072642732411623,-3.318605899810791,-9.0,9.0,28.92337989807129,9.475377082824707,1.4369556903839111,-0.7725905776023865,7276
2155,41965,0.18174660205841064,0.14942115545272827,-29.6680908203125,0.00726422481238842,-4.913262367248535,-9.0,9.0,29.579429626464844,9.52891731262207,1.415408730506897,-0.766585648059845,7277
2156,41965,0.14513760805130005,0.2015649974346161,-29.0390682220459,0.007263549137860537,-2.8823795318603516,-9.0,9.0,28.927963256835938,9.408122062683105,1.4497135877609253,-0.7490717768669128,7278
2157,41965,0.22621826827526093,0.2013416290283203,-29.559885025024414,0.007262271363288164,-3.0448801517486572,-9.0,9.0,29.114931106567383,9.078664779663086,1.4494359493255615,-0.741837203502655,7279
2158,41965,0.17091432213783264,0.247064471244812,-29.210803985595703,0.007260754704475403,-1.6715129613876343,-9.0,9.0,28.703567504882812,8.917823791503906,1.470261573791504,-0.7453423738479614,7280
2159,41965,0.1859358847141266,0.1836881935596466,-30.676048278808594,0.007259252015501261,-0.6318771839141846,-9.0,9.0,30.57868766784668,9.86347770690918,1.4464282989501953,-0.7942265868186951,7281
2160,41965,0.1869560331106186,0.24130091071128845,-28.914112091064453,0.007257497403770685,-1.8260583877563477,-9.0,9.0,28.94322967529297,9.174484252929688,1.4637190103530884,-0.7693057060241699,7282
2161,41965,0.13129401206970215,0.10872217267751694,-28.092998504638672,0.007256400305777788,2.1946840286254883,-9.0,9.0,27.773836135864258,8.092572212219238,1.5412492752075195,-0.729101300239563,7283
2162,41965,0.1626473367214203,0.21311640739440918,-28.884098052978516,0.0072557502426207066,1.5288362503051758,-9.0,9.0,28.414466857910156,9.278964042663574,1.5218614339828491,-0.7723248600959778,7284
2163,41965,0.19854708015918732,0.17249532043933868,-29.163925170898438,0.007255829405039549,3.0344107151031494,-9.0,9.0,29.05719757080078,9.225127220153809,1.5482655763626099,-0.7463167309761047,7285
2164,41965,0.12195282429456711,0.1377900093793869,-30.016101837158203,0.007255947217345238,0.20556187629699707,-9.0,9.0,29.900814056396484,9.611970901489258,1.4735242128372192,-0.7920719981193542,7286
2165,41965,0.15927155315876007,0.1525861918926239,-29.386756896972656,0.007256974931806326,4.19474983215332,-9.0,9.0,28.87374496459961,9.342315673828125,1.5533901453018188,-0.7788475751876831,7287
2166,41965,0.13528317213058472,0.14648054540157318,-29.685909271240234,0.007258324418216944,1.92458975315094,-9.0,9.0,29.28851890563965,8.887255668640137,1.5401594638824463,-0.7629855871200562,7288
2167,41965,0.19545121490955353,0.19049771130084991,-29.477785110473633,0.007260204292833805,3.0255916118621826,-9.0,9.0,29.366182327270508,9.431159019470215,1.5177043676376343,-0.7847651839256287,7289
2168,41965,0.32518699765205383,0.3095634877681732,-29.48972511291504,0.007262759376317263,3.924984931945801,-9.0,9.0,29.278926849365234,8.872151374816895,1.589882254600525,-0.76905357837677,7290
2169,41965,0.18191470205783844,0.17563572525978088,-29.843666076660156,0.007266143802553415,7.275479316711426,-9.0,9.0,29.255226135253906,9.598941802978516,1.5819036960601807,-0.7914186120033264,7291
2170,41965,0.10205258429050446,0.12521865963935852,-29.848100662231445,0.007270271424204111,5.070051193237305,-9.0,9.0,29.426692962646484,9.84593677520752,1.5856189727783203,-0.7910014986991882,7292
2171,41965,0.22107304632663727,0.23186130821704865,-29.495975494384766,0.007275070995092392,6.063542366027832,-9.0,9.0,29.516691207885742,9.572552680969238,1.598934292793274,-0.7773566842079163,7293
2172,41965,0.15147368609905243,0.15727148950099945,-29.904888153076172,0.007280474528670311,7.2338643074035645,-9.0,9.0,29.742511749267578,9.738712310791016,1.588716745376587,-0.7960254549980164,7294
2173,41965,0.31884416937828064,0.3211049437522888,-30.144163131713867,0.007286420091986656,7.213147163391113,-9.0,9.0,29.49947166442871,10.023279190063477,1.5917068719863892,-0.7986375689506531,7295
2174,41965,0.1308070570230484,0.1563953459262848,-30.23961067199707,0.007292857859283686,5.979755401611328,-9.0,9.0,29.88143539428711,9.906402587890625,1.5823018550872803,-0.7994210124015808,7296
2175,41965,0.268140971660614,0.30027520656585693,-28.919803619384766,0.007299735676497221,5.720970153808594,-9.0,9.0,29.03274154663086,9.70631217956543,1.5950435400009155,-0.7745955586433411,7297
2176,41965,0.1257365494966507,0.13209597766399384,-29.126850128173828,0.007306673098355532,3.3622519969940186,-9.0,9.0,28.949779510498047,9.291274070739746,1.5397218465805054,-0.774329662322998,7298
2177,41965,0.31972506642341614,0.3651323616504669,-30.343502044677734,0.007312936708331108,0.043630510568618774,-9.0,9.0,29.61505889892578,9.931511878967285,1.4956947565078735,-0.8121209740638733,7299
2178,41965,0.10563740134239197,0.10008951276540756,-29.954547882080078,0.0073195756413042545,4.518490791320801,-9.0,9.0,29.558446884155273,9.061883926391602,1.5523430109024048,-0.7974709868431091,7300
2179,41965,0.3039432764053345,0.34094327688217163,-29.230073928833008,0.0073256962932646275,0.6198723316192627,-9.0,9.0,29.414382934570312,9.642470359802246,1.4797207117080688,-0.7968072891235352,7301
2180,41965,0.11492606997489929,0.13256561756134033,-29.871854782104492,0.007331542670726776,1.4974000453948975,-9.0,9.0,29.728551864624023,9.233081817626953,1.4871596097946167,-0.8320379257202148,7302
2181,41965,0.3202395439147949,0.30883076786994934,-30.588212966918945,0.007336533162742853,-1.249898076057434,-9.0,9.0,29.962671279907227,9.951960563659668,1.4718701839447021,-0.8290290832519531,7303
2182,41965,0.11223160475492477,0.12161272764205933,-28.828020095825195,0.007341359276324511,1.477949619293213,-9.0,9.0,28.549999237060547,8.831806182861328,1.4975348711013794,-0.766137421131134,7304
2183,41965,0.27878597378730774,0.32558807730674744,-29.60853385925293,0.00734568340703845,-0.10534819960594177,-9.0,9.0,29.776695251464844,9.669429779052734,1.4678595066070557,-0.8173750638961792,7305
2184,41965,0.13617782294750214,0.14289020001888275,-30.525135040283203,0.007349302526563406,-1.243593692779541,-9.0,9.0,30.324974060058594,9.841915130615234,1.460325837135315,-0.8245682120323181,7306
2185,41965,0.19084785878658295,0.19138145446777344,-28.987625122070312,0.007352885324507952,1.4395235776901245,-9.0,9.0,28.494516372680664,9.129026412963867,1.4974868297576904,-0.8032073378562927,7307
2186,41965,0.16793987154960632,0.15665476024150848,-30.138713836669922,0.00735583808273077,-1.2287262678146362,-9.0,9.0,29.687915802001953,9.134620666503906,1.4221264123916626,-0.8434253931045532,7308
2187,41965,0.2851465046405792,0.2972640097141266,-28.846233367919922,0.00735847232863307,-0.10753929615020752,-9.0,9.0,28.923091888427734,9.240110397338867,1.459833025932312,-0.8132248520851135,7309
2188,41965,0.17482224106788635,0.14510135352611542,-29.16982650756836,0.007360469084233046,-1.6769102811813354,-9.0,9.0,29.14580726623535,9.205052375793457,1.4367940425872803,-0.8172193169593811,7310
2189,41965,0.1990324854850769,0.19040578603744507,-29.822769165039062,0.007361876778304577,-1.7562092542648315,-9.0,9.0,29.215953826904297,8.722325325012207,1.444677710533142,-0.8235300183296204,7311
2190,41965,0.22207731008529663,0.17012722790241241,-29.772356033325195,0.0073624528013169765,-3.0832602977752686,-9.0,9.0,29.28017807006836,9.357269287109375,1.4336479902267456,-0.8064530491828918,7312
2191,41965,0.2571922242641449,0.24468687176704407,-29.006799697875977,0.00736266328021884,-1.3740135431289673,-9.0,9.0,29.059768676757812,9.01696491241455,1.4729596376419067,-0.8019470572471619,7313
2192,41965,0.1947023570537567,0.20498982071876526,-30.805908203125,0.007362238597124815,-2.7380528450012207,-9.0,9.0,30.69112205505371,10.602553367614746,1.392580270767212,-0.8917332887649536,7314
2193,41965,0.31453678011894226,0.36061546206474304,-30.26844596862793,0.007361550349742174,-1.3672715425491333,-9.0,9.0,29.690568923950195,9.486437797546387,1.4219070672988892,-0.8495920896530151,7315
2194,41965,0.13311949372291565,0.1290615051984787,-30.44780158996582,0.007360472809523344,-2.0377919673919678,-9.0,9.0,30.123693466186523,9.40212631225586,1.399586796760559,-0.848460853099823,7316
2195,41965,0.2040431946516037,0.26676663756370544,-29.520320892333984,0.007359325420111418,-0.7884135246276855,-9.0,9.0,29.600770950317383,9.731292724609375,1.4514070749282837,-0.8416768908500671,7317
2196,41965,0.22898276150226593,0.166563019156456,-29.888320922851562,0.007358012720942497,-1.2521573305130005,-9.0,9.0,29.75672149658203,9.738678932189941,1.4370545148849487,-0.8336140513420105,7318
2197,41965,0.28699439764022827,0.33115097880363464,-29.69308090209961,0.007356676273047924,-0.6913943886756897,-9.0,9.0,29.05488395690918,8.93407917022705,1.442738652229309,-0.8143288493156433,7319
2198,41965,0.142597958445549,0.13344718515872955,-29.75055503845215,0.007355119101703167,-1.5710277557373047,-9.0,9.0,29.383943557739258,9.205789566040039,1.4217091798782349,-0.8171523213386536,7320
2199,41965,0.2770766317844391,0.265919029712677,-29.656339645385742,0.007353088352829218,-2.810903549194336,-9.0,9.0,29.701900482177734,9.187317848205566,1.4234488010406494,-0.8291398286819458,7321
2200,41965,0.41636332869529724,0.27478906512260437,-29.114721298217773,0.007351342588663101,0.3762589395046234,-9.0,9.0,29.03872299194336,9.609834671020508,1.492143988609314,-0.8197769522666931,7322
2201,41965,0.2903233766555786,0.327067106962204,-30.210582733154297,0.007349579595029354,-0.8552758693695068,-9.0,9.0,29.440711975097656,10.111714363098145,1.4459925889968872,-0.8227525353431702,7323
2202,41965,0.15413880348205566,0.11504682898521423,-29.29320526123047,0.007347922306507826,-0.3195968270301819,-9.0,9.0,28.652082443237305,9.129693031311035,1.4701902866363525,-0.7882992029190063,7324
2203,41965,0.27597862482070923,0.294415682554245,-29.232847213745117,0.007346695754677057,1.1824133396148682,-9.0,9.0,29.248842239379883,9.523078918457031,1.4951298236846924,-0.7854877710342407,7325
2204,41965,0.25180041790008545,0.19528299570083618,-29.86842918395996,0.007345694117248058,0.45313283801078796,-9.0,9.0,29.75799560546875,9.170607566833496,1.4855326414108276,-0.7910520434379578,7326
2205,41965,0.21815110743045807,0.26248466968536377,-28.985136032104492,0.007345893885940313,5.925013065338135,-9.0,9.0,28.229463577270508,9.154130935668945,1.6115732192993164,-0.7227247953414917,7327
2206,41965,0.3342229127883911,0.2455935776233673,-30.750368118286133,0.007347165606915951,4.8643388748168945,-9.0,9.0,29.98199462890625,10.169983863830566,1.5463430881500244,-0.8001968264579773,7328
2207,41965,0.21493907272815704,0.2876310348510742,-28.98356819152832,0.007349411491304636,6.618337154388428,-9.0,9.0,29.001108169555664,9.652965545654297,1.6050713062286377,-0.7596860527992249,7329
2208,41965,0.3933022618293762,0.34396132826805115,-29.623167037963867,0.007352534681558609,9.99392318725586,-9.0,9.0,29.67097282409668,10.174328804016113,1.6399641036987305,-0.7876142263412476,7330
2209,41965,0.25009530782699585,0.3856958746910095,-30.594852447509766,0.0073560974560678005,3.3465495109558105,-9.0,9.0,29.90574836730957,8.790181159973145,1.5288877487182617,-0.7682339549064636,7331
2210,41965,0.2666113078594208,0.2430337369441986,-29.869165420532227,0.007360406219959259,11.313798904418945,-9.0,9.0,29.300668716430664,9.413185119628906,1.6907198429107666,-0.7367720007896423,7332
2211,41965,0.14598247408866882,0.23369549214839935,-29.782787322998047,0.0073653883300721645,11.791206359863281,-9.0,9.0,29.640480041503906,9.730819702148438,1.6756937503814697,-0.7608023285865784,7333
2212,41965,0.28641462326049805,0.273464173078537,-30.682828903198242,0.007370974402874708,9.272830963134766,-9.0,9.0,30.51313018798828,10.47705078125,1.653273582458496,-0.758471667766571,7334
2213,41965,0.3990791141986847,0.3799486458301544,-30.050472259521484,0.007377102971076965,9.925840377807617,-9.0,9.0,29.775524139404297,9.942867279052734,1.657273530960083,-0.7482733130455017,7335
2214,41965,0.2547760605812073,0.2534312903881073,-29.94683265686035,0.007383722811937332,12.212719917297363,-9.0,9.0,29.30028533935547,9.026116371154785,1.704725980758667,-0.726477324962616,7336
2215,41965,0.11828754097223282,0.11659877747297287,-28.379196166992188,0.007390785496681929,9.498181343078613,-9.0,9.0,28.118579864501953,8.14756965637207,1.660230278968811,-0.696817934513092,7337
2216,41965,0.19969099760055542,0.22621075809001923,-29.905792236328125,0.007398246321827173,7.841763496398926,-9.0,9.0,29.8411808013916,9.41202163696289,1.6104413270950317,-0.7737866044044495,7338
2217,41965,0.17422747611999512,0.15487465262413025,-30.013628005981445,0.007406068034470081,8.585472106933594,-9.0,9.0,29.737407684326172,9.535896301269531,1.6559083461761475,-0.7287764549255371,7339
2218,41965,0.46983247995376587,0.4074074625968933,-29.71582794189453,0.007413661107420921,2.415525436401367,-9.0,9.0,29.154083251953125,10.213785171508789,1.5798457860946655,-0.721753716468811,7340
2219,41965,0.146560400724411,0.14361009001731873,-29.4326171875,0.007421576883643866,4.795779228210449,-9.0,9.0,29.174230575561523,8.843032836914062,1.5854498147964478,-0.7439730763435364,7341
2220,41965,0.2608983516693115,0.2859533131122589,-30.593549728393555,0.0074297278188169,4.528964996337891,-9.0,9.0,30.693021774291992,10.016823768615723,1.553414225578308,-0.7754319310188293,7342
2221,41965,0.17798857390880585,0.1864478588104248,-30.08696174621582,0.007437994237989187,4.0912604331970215,-9.0,9.0,29.90212059020996,9.390374183654785,1.5526330471038818,-0.7528833746910095,7343
2222,41965,0.27645599842071533,0.32113009691238403,-30.512834548950195,0.007445659022778273,0.9445117712020874,-9.0,9.0,29.89160919189453,9.077465057373047,1.5161263942718506,-0.7487805485725403,7344
2223,41965,0.15163880586624146,0.14758093655109406,-30.48465347290039,0.007452752441167831,0.8111506700515747,-9.0,9.0,30.12424087524414,9.458826065063477,1.5124565362930298,-0.7637830376625061,7345
2224,41965,0.3931189179420471,0.40862876176834106,-28.76235008239746,0.007459059823304415,-0.37027737498283386,-9.0,9.0,28.895004272460938,9.293935775756836,1.5020418167114258,-0.7301160097122192,7346
2225,41965,0.18271921575069427,0.13551396131515503,-28.727842330932617,0.0074642114341259,-2.329631805419922,-9.0,9.0,28.601377487182617,8.785609245300293,1.4898055791854858,-0.7270040512084961,7347
2226,41965,0.23691007494926453,0.30321499705314636,-31.07415771484375,0.007468587253242731,-1.1720175743103027,-9.0,9.0,30.46492576599121,9.67199420928955,1.4996793270111084,-0.7651561498641968,7348
2227,41965,0.1484421193599701,0.15039341151714325,-29.79715347290039,0.007472495082765818,-0.1597856879234314,-9.0,9.0,29.47334098815918,9.061629295349121,1.509845495223999,-0.7297403216362,7349
2228,41965,0.1376764476299286,0.14326545596122742,-29.821025848388672,0.007475909311324358,-0.4568558633327484,-9.0,9.0,29.634403228759766,9.458538055419922,1.4981842041015625,-0.7416843771934509,7350
2229,41965,0.16568468511104584,0.16352398693561554,-31.490203857421875,0.007478561718016863,-1.85378098487854,-9.0,9.0,31.294750213623047,9.982131004333496,1.4432432651519775,-0.7972491979598999,7351
2230,41965,0.27640578150749207,0.32944557070732117,-29.214975357055664,0.0074811833910644054,1.0120370388031006,-9.0,9.0,28.767187118530273,9.497252464294434,1.5541027784347534,-0.7004649043083191,7352
2231,41965,0.26823344826698303,0.2412111908197403,-30.453781127929688,0.007483891677111387,1.5154188871383667,-9.0,9.0,29.903059005737305,9.894929885864258,1.5404281616210938,-0.7395996451377869,7353
2232,41965,0.1531585305929184,0.155918151140213,-29.77134895324707,0.007485618814826012,-3.1073076725006104,-9.0,9.0,29.58560562133789,9.829329490661621,1.4950088262557983,-0.719851553440094,7354
2233,41965,0.2237103432416916,0.22427064180374146,-30.122333526611328,0.00748807517811656,3.9396588802337646,-9.0,9.0,30.010324478149414,9.270539283752441,1.5613371133804321,-0.744822084903717,7355
2234,41965,0.12833203375339508,0.13324034214019775,-29.877918243408203,0.007491017691791058,3.193058729171753,-9.0,9.0,29.499998092651367,9.19378662109375,1.5599087476730347,-0.7071396708488464,7356
2235,41965,0.28869539499282837,0.2222025841474533,-30.975933074951172,0.007493318524211645,-1.521960735321045,-9.0,9.0,30.353038787841797,9.538423538208008,1.4810149669647217,-0.7423552870750427,7357
2236,41965,0.12173134833574295,0.20314380526542664,-28.911714553833008,0.007495730649679899,1.4840534925460815,-9.0,9.0,28.82604217529297,8.898810386657715,1.5436495542526245,-0.7022996544837952,7358
2237,41965,0.21342886984348297,0.2090725153684616,-28.159528732299805,0.007499023340642452,7.817848205566406,-9.0,9.0,28.11412239074707,8.334641456604004,1.6385581493377686,-0.6956868767738342,7359
2238,41965,0.2555038034915924,0.263823002576828,-29.820711135864258,0.007502625230699778,2.778724193572998,-9.0,9.0,29.47795295715332,9.654274940490723,1.5636588335037231,-0.716252863407135,7360
2239,41965,0.11896579712629318,0.13184793293476105,-30.053813934326172,0.007505415938794613,-1.9701292514801025,-9.0,9.0,29.527053833007812,9.445405960083008,1.4958144426345825,-0.7383040189743042,7361
2240,41965,0.4049306809902191,0.4338652193546295,-29.534643173217773,0.007507835980504751,-0.41556316614151,-9.0,9.0,29.324275970458984,9.9337739944458,1.5188558101654053,-0.729703426361084,7362
2241,41965,0.11101073026657104,0.1113927960395813,-29.31619644165039,0.0075103603303432465,1.4919092655181885,-9.0,9.0,28.97818374633789,8.799700736999512,1.578216791152954,-0.7112331986427307,7363
2242,41965,0.17428246140480042,0.16364246606826782,-29.915861129760742,0.007512892596423626,1.1283912658691406,-9.0,9.0,29.557296752929688,9.804275512695312,1.5083502531051636,-0.7474216818809509,7364
2243,41965,0.11485964059829712,0.1315041333436966,-30.016870498657227,0.007515834178775549,2.871591091156006,-9.0,9.0,29.675079345703125,8.85712718963623,1.5230977535247803,-0.7476986050605774,7365
2244,41965,0.14199642837047577,0.13960964977741241,-31.118322372436523,0.00751899927854538,2.233161449432373,-9.0,9.0,30.807544708251953,9.56457805633545,1.522481083869934,-0.8025845885276794,7366
2245,41965,0.14141350984573364,0.13549993932247162,-30.554718017578125,0.007522887084633112,4.509230613708496,-9.0,9.0,30.278982162475586,9.013131141662598,1.5890026092529297,-0.7441956400871277,7367
2246,41965,0.07155061513185501,0.09303872287273407,-29.958423614501953,0.007527081295847893,3.002121686935425,-9.0,9.0,29.618896484375,8.875266075134277,1.5328885316848755,-0.7489808797836304,7368
2247,41965,0.13810819387435913,0.12294118106365204,-30.351266860961914,0.007531888782978058,4.470250129699707,-9.0,9.0,29.902061462402344,9.28790283203125,1.5872987508773804,-0.7532042860984802,7369
2248,41965,0.17735424637794495,0.1954692304134369,-29.982406616210938,0.007537120021879673,3.918611526489258,-9.0,9.0,29.81761932373047,9.635807991027832,1.5668509006500244,-0.7735953330993652,7370
2249,41965,0.18288733065128326,0.169322207570076,-29.870817184448242,0.007542958948761225,6.282994270324707,-9.0,9.0,29.539703369140625,9.531498908996582,1.6109510660171509,-0.749724268913269,7371
2250,41965,0.1941220611333847,0.25522878766059875,-29.25187110900879,0.007549342233687639,6.5461015701293945,-9.0,9.0,28.77162742614746,9.387123107910156,1.626466989517212,-0.7408649325370789,7372
2251,41965,0.10568874329328537,0.12247598171234131,-30.415300369262695,0.007556217256933451,9.172470092773438,-9.0,9.0,30.062307357788086,10.286266326904297,1.626718521118164,-0.7931203842163086,7373
2252,41965,0.10986673831939697,0.1592283397912979,-29.492353439331055,0.007563535124063492,8.657476425170898,-9.0,9.0,29.25719451904297,9.39210033416748,1.666814923286438,-0.7574905157089233,7374
2253,41965,0.12583985924720764,0.1478659063577652,-28.86642074584961,0.007571253459900618,6.452151298522949,-9.0,9.0,28.61795997619629,8.99086856842041,1.6318156719207764,-0.7236412167549133,7375
2254,41965,0.15376992523670197,0.16354261338710785,-30.07992172241211,0.007579334080219269,7.504197120666504,-9.0,9.0,29.634126663208008,9.172199249267578,1.606035590171814,-0.7643647789955139,7376
2255,41965,0.10687745362520218,0.10328379273414612,-28.926921844482422,0.007587737869471312,6.551966190338135,-9.0,9.0,28.638328552246094,9.122722625732422,1.6248670816421509,-0.7155357003211975,7377
2256,41965,0.1684095412492752,0.18270665407180786,-29.73219871520996,0.007596248760819435,4.05340576171875,-9.0,9.0,29.516258239746094,9.326218605041504,1.5603666305541992,-0.7898228764533997,7378
2257,41965,0.09191984683275223,0.09304019808769226,-29.903419494628906,0.007605045102536678,8.206304550170898,-9.0,9.0,29.569007873535156,9.037674903869629,1.6342765092849731,-0.7518207430839539,7379
2258,41965,0.08277354389429092,0.0873231440782547,-28.565420150756836,0.007614098023623228,7.184999465942383,-9.0,9.0,28.345552444458008,8.997483253479004,1.6409151554107666,-0.7237420082092285,7380
2259,41965,0.17483974993228912,0.16619287431240082,-30.14673614501953,0.007622725795954466,2.0197110176086426,-9.0,9.0,29.9505558013916,9.419913291931152,1.5344873666763306,-0.7565861940383911,7381
2260,41965,0.09619753062725067,0.08073875308036804,-29.048091888427734,0.007631341461092234,3.614396810531616,-9.0,9.0,28.75347900390625,8.986738204956055,1.557350993156433,-0.7520297169685364,7382
2261,41965,0.22557619214057922,0.21915708482265472,-31.37702178955078,0.007639504503458738,1.7097545862197876,-9.0,9.0,31.09649658203125,10.26944637298584,1.4975022077560425,-0.7836095690727234,7383
2262,41965,0.1950751096010208,0.16835574805736542,-29.87138557434082,0.007646924816071987,0.2594733238220215,-9.0,9.0,29.68182373046875,9.784668922424316,1.4980906248092651,-0.7578638792037964,7384
2263,41965,0.07219593226909637,0.09476342797279358,-30.0948486328125,0.007653352338820696,-1.1080594062805176,-9.0,9.0,29.8382568359375,9.534842491149902,1.4710114002227783,-0.7726682424545288,7385
2264,41965,0.25110921263694763,0.2180289626121521,-29.593149185180664,0.007658547256141901,-2.5427913665771484,-9.0,9.0,29.253280639648438,9.174150466918945,1.4571694135665894,-0.757672905921936,7386
2265,41965,0.10776710510253906,0.1090286374092102,-28.992517471313477,0.007662612944841385,-2.617116689682007,-9.0,9.0,28.73089027404785,8.9127779006958,1.470004677772522,-0.7471972107887268,7387
2266,41965,0.10581494867801666,0.10740530490875244,-30.160606384277344,0.007665492594242096,-3.3220303058624268,-9.0,9.0,30.014799118041992,8.926977157592773,1.3755453824996948,-0.7905870079994202,7388
2267,41965,0.0771595686674118,0.07408849895000458,-29.285860061645508,0.007666940335184336,-6.640873432159424,-9.0,9.0,29.004959106445312,9.071455001831055,1.397797703742981,-0.7536315321922302,7389
2268,41965,0.15452387928962708,0.12624388933181763,-31.081392288208008,0.007667100988328457,-6.693681716918945,-9.0,9.0,30.719858169555664,10.38919734954834,1.351161003112793,-0.8037061095237732,7390
2269,41965,0.17036399245262146,0.1773594468832016,-30.12914276123047,0.007666198071092367,-4.4674835205078125,-9.0,9.0,29.886085510253906,9.509909629821777,1.4430887699127197,-0.768604576587677,7391
2270,41965,0.11031018942594528,0.10237256437540054,-29.864986419677734,0.007664410397410393,-4.166201114654541,-9.0,9.0,29.622400283813477,9.62320613861084,1.4371908903121948,-0.7621427178382874,7392
2271,41965,0.1771508902311325,0.18103308975696564,-30.012672424316406,0.007661896757781506,-3.8740122318267822,-9.0,9.0,29.749448776245117,9.789274215698242,1.4238433837890625,-0.7879633903503418,7393
2272,41965,0.13218268752098083,0.11995208263397217,-30.4576416015625,0.007658532354980707,-4.712866306304932,-9.0,9.0,30.129249572753906,9.470417022705078,1.3769938945770264,-0.819580078125,7394
2273,41965,0.15715715289115906,0.17817115783691406,-30.995790481567383,0.007655199151486158,-1.3097138404846191,-9.0,9.0,30.683916091918945,9.771759033203125,1.408410906791687,-0.8169738054275513,7395
2274,41965,0.14622941613197327,0.13105082511901855,-29.5424747467041,0.007651064544916153,-7.353723526000977,-9.0,9.0,29.415178298950195,9.428921699523926,1.3884855508804321,-0.7866288423538208,7396
2275,41965,0.16883164644241333,0.13824228942394257,-30.54339599609375,0.007646213751286268,-6.528776168823242,-9.0,9.0,30.131757736206055,9.212430000305176,1.3661880493164062,-0.8196918368339539,7397
2276,41965,0.11590078473091125,0.11074795573949814,-30.916603088378906,0.007641198579221964,-2.7863800525665283,-9.0,9.0,30.553945541381836,9.217184066772461,1.4054533243179321,-0.8199914693832397,7398
2277,41965,0.6120071411132812,0.5445452332496643,-30.642072677612305,0.007636244874447584,-1.8973075151443481,-9.0,9.0,30.494916915893555,10.408777236938477,1.4075206518173218,-0.8075365424156189,7399
2278,41965,0.1953974962234497,0.1497599482536316,-30.391101837158203,0.007631250657141209,-2.312723398208618,-9.0,9.0,30.015478134155273,8.898107528686523,1.4478919506072998,-0.7919367551803589,7400
2279,41965,0.1605829894542694,0.19322988390922546,-30.680599212646484,0.007626143284142017,-2.644057273864746,-9.0,9.0,30.2592830657959,9.799245834350586,1.4154258966445923,-0.8001896739006042,7401
2280,41965,0.11750517785549164,0.14753153920173645,-29.100051879882812,0.007620970252901316,-2.481957197189331,-9.0,9.0,29.062284469604492,8.994183540344238,1.4388169050216675,-0.787362277507782,7402
2281,41965,0.1967007964849472,0.1807020753622055,-31.00213050842285,0.007615725044161081,-2.555119037628174,-9.0,9.0,30.851945877075195,9.84595012664795,1.4463379383087158,-0.8269479870796204,7403
2282,41965,0.19266575574874878,0.21643559634685516,-30.42483139038086,0.007610805798321962,-0.8513867855072021,-9.0,9.0,30.08542251586914,9.074443817138672,1.475906252861023,-0.7750517129898071,7404
2283,41965,0.4347188174724579,0.43700575828552246,-30.11258316040039,0.007606285158544779,-0.3980003297328949,-9.0,9.0,29.720247268676758,9.569329261779785,1.4632112979888916,-0.7748557329177856,7405
2284,41965,0.14396005868911743,0.12025255709886551,-29.48317527770996,0.007601905148476362,-1.3511009216308594,-9.0,9.0,29.167518615722656,9.224780082702637,1.4632604122161865,-0.7785406112670898,7406
2285,41965,0.1841779500246048,0.14284469187259674,-29.96112632751465,0.007597936782985926,-0.11443385481834412,-9.0,9.0,29.821395874023438,9.618875503540039,1.4736536741256714,-0.7823895215988159,7407
2286,41965,0.1501494199037552,0.20930436253547668,-30.761157989501953,0.007593579590320587,-3.391047954559326,-9.0,9.0,30.437374114990234,10.409131050109863,1.4068924188613892,-0.824853241443634,7408
2287,41965,0.1631622016429901,0.15837590396404266,-31.368906021118164,0.007588544860482216,-4.822457313537598,-9.0,9.0,30.90570640563965,9.89103889465332,1.4070062637329102,-0.8018774390220642,7409
2288,41965,0.09402409195899963,0.11926651000976562,-28.878206253051758,0.007583389990031719,-2.7030324935913086,-9.0,9.0,28.608041763305664,9.526022911071777,1.4787019491195679,-0.7552400827407837,7410
2289,41965,0.4173700511455536,0.32639050483703613,-30.497047424316406,0.00757836177945137,-1.6879441738128662,-9.0,9.0,30.34708023071289,9.536332130432129,1.4591034650802612,-0.790861964225769,7411
2290,41965,0.17619679868221283,0.26544708013534546,-31.109163284301758,0.007573477923870087,-1.544555425643921,-9.0,9.0,30.536663055419922,9.632619857788086,1.4638005495071411,-0.7911748290061951,7412
2291,41965,0.2574301064014435,0.2641220986843109,-29.7773380279541,0.0075694196857512,1.446803331375122,-9.0,9.0,29.334148406982422,9.64085865020752,1.504133939743042,-0.7602471113204956,7413
2292,41965,0.16129231452941895,0.20396138727664948,-30.841876983642578,0.007565619889646769,-0.6406860947608948,-9.0,9.0,30.619571685791016,9.611653327941895,1.4753026962280273,-0.8027187585830688,7414
2293,41965,2.054377794265747,2.474306344985962,-31.084083557128906,0.007562608458101749,1.767444133758545,-9.0,9.0,30.69841194152832,10.445991516113281,1.4919394254684448,-0.8239833116531372,7415
2294,41965,0.326710969209671,0.23900626599788666,-30.008350372314453,0.007561028935015202,5.315971374511719,-9.0,9.0,30.03825569152832,9.672046661376953,1.5670278072357178,-0.7986103892326355,7416
2295,41965,0.33998188376426697,0.3736073672771454,-30.37674331665039,0.0075597926042973995,0.8064982295036316,-9.0,9.0,30.033918380737305,9.780091285705566,1.5135879516601562,-0.7754058241844177,7417
2296,41965,0.31210315227508545,0.27403584122657776,-30.40981674194336,0.007558455225080252,-0.9700653553009033,-9.0,9.0,29.789216995239258,9.416353225708008,1.47893226146698,-0.7953524589538574,7418
2297,41965,0.24302580952644348,0.24603314697742462,-31.91200065612793,0.0075576226226985455,1.6074436902999878,-9.0,9.0,31.479230880737305,10.086223602294922,1.5267366170883179,-0.8172706961631775,7419
2298,41965,0.2431798279285431,0.22921498119831085,-29.18157386779785,0.007556855212897062,-0.08163870871067047,-9.0,9.0,29.258499145507812,9.069930076599121,1.4955861568450928,-0.7979494333267212,7420
2299,41965,0.205292746424675,0.23080289363861084,-29.384044647216797,0.0075560626573860645,-0.43457555770874023,-9.0,9.0,29.29430389404297,9.451919555664062,1.5038279294967651,-0.77315753698349,7421
2300,41965,0.24058941006660461,0.2371222972869873,-30.51495933532715,0.007555914577096701,2.4335403442382812,-9.0,9.0,29.848064422607422,9.65269660949707,1.5296474695205688,-0.7922038435935974,7422
2301,41965,0.3194010555744171,0.29688146710395813,-29.34502410888672,0.007556376047432423,2.5791993141174316,-9.0,9.0,28.834829330444336,9.289258003234863,1.5402816534042358,-0.741316020488739,7423
2302,41965,0.23151949048042297,0.20138269662857056,-30.559864044189453,0.007556527387350798,-1.1410374641418457,-9.0,9.0,30.373720169067383,9.692366600036621,1.4759641885757446,-0.7901716232299805,7424
2303,41965,0.28825730085372925,0.24571120738983154,-30.1447811126709,0.007556927390396595,1.1389353275299072,-9.0,9.0,30.07602310180664,9.340043067932129,1.5148240327835083,-0.7879335284233093,7425
2304,41965,0.14059242606163025,0.13543865084648132,-29.222827911376953,0.007557824719697237,2.3168282508850098,-9.0,9.0,28.846843719482422,9.479364395141602,1.550866723060608,-0.7593054175376892,7426
2305,41965,0.26659390330314636,0.22766079008579254,-30.690452575683594,0.0075597637332975864,5.169067859649658,-9.0,9.0,30.12302017211914,9.137360572814941,1.5634410381317139,-0.7800250053405762,7427
2306,41965,0.15222670137882233,0.16201190650463104,-29.52381134033203,0.007562391925603151,3.797706127166748,-9.0,9.0,29.493389129638672,9.149388313293457,1.5721055269241333,-0.7799592018127441,7428
2307,41965,0.26697829365730286,0.26680558919906616,-30.812219619750977,0.007564757950603962,0.005139946937561035,-9.0,9.0,30.752628326416016,9.095453262329102,1.488484501838684,-0.8130178451538086,7429
2308,41965,0.16861799359321594,0.15671193599700928,-29.742084503173828,0.007567528635263443,2.7575464248657227,-9.0,9.0,29.52237319946289,10.22616958618164,1.5243074893951416,-0.798792839050293,7430
2309,41965,0.489479124546051,0.33698081970214844,-30.688030242919922,0.007570766378194094,3.187047004699707,-9.0,9.0,30.35306167602539,10.129544258117676,1.5638548135757446,-0.7917523384094238,7431
2310,41965,0.4521127939224243,0.46260371804237366,-30.250614166259766,0.007573654875159264,-0.11705338954925537,-9.0,9.0,30.04657554626465,10.734374046325684,1.5296332836151123,-0.7580832839012146,7432
2311,41965,0.14849849045276642,0.13244792819023132,-30.379898071289062,0.007576161529868841,-0.412347674369812,-9.0,9.0,30.109458923339844,9.312424659729004,1.5116933584213257,-0.779502809047699,7433
2312,41965,0.21686133742332458,0.18306058645248413,-30.304723739624023,0.007578134071081877,-1.2127007246017456,-9.0,9.0,30.075605392456055,9.854395866394043,1.479451060295105,-0.7603635787963867,7434
2313,41965,0.16102249920368195,0.12735289335250854,-31.369646072387695,0.007578990887850523,-3.956312894821167,-9.0,9.0,31.07048988342285,9.716763496398926,1.4076396226882935,-0.8081974983215332,7435
2314,41965,0.17370033264160156,0.15328705310821533,-30.668132781982422,0.0075789326801896095,-3.5582120418548584,-9.0,9.0,30.37622833251953,9.732397079467773,1.4347341060638428,-0.7743244767189026,7436
2315,41965,0.3911900818347931,0.3186539113521576,-30.594697952270508,0.007578340359032154,-2.3199360370635986,-9.0,9.0,30.236499786376953,9.970998764038086,1.468093991279602,-0.769281268119812,7437
2316,41965,0.09195704013109207,0.1013159453868866,-30.799806594848633,0.007577176671475172,-2.6984241008758545,-9.0,9.0,30.471343994140625,9.193319320678711,1.4591304063796997,-0.7567947506904602,7438
2317,41965,0.15698577463626862,0.15426039695739746,-31.90814971923828,0.007575110532343388,-4.374914169311523,-9.0,9.0,31.464889526367188,10.298187255859375,1.4078007936477661,-0.7780784964561462,7439
2318,41965,0.10754668712615967,0.11090248823165894,-29.93035888671875,0.007572661619633436,-2.5329790115356445,-9.0,9.0,29.72715950012207,9.3608980178833,1.4371782541275024,-0.7340189814567566,7440
2319,41965,0.1987285017967224,0.16157032549381256,-30.24492645263672,0.007569856476038694,-2.5811767578125,-9.0,9.0,30.119483947753906,9.850605010986328,1.4697750806808472,-0.7353129386901855,7441
2320,41965,0.2309064269065857,0.24517729878425598,-30.250282287597656,0.007567445747554302,0.49073874950408936,-9.0,9.0,29.898984909057617,9.662534713745117,1.5198938846588135,-0.7179112434387207,7442
2321,41965,0.179020956158638,0.13268867135047913,-30.772193908691406,0.007564689498394728,-2.526545524597168,-9.0,9.0,30.416648864746094,9.048551559448242,1.468300223350525,-0.7404597401618958,7443
2322,41965,0.21346813440322876,0.24214981496334076,-31.23299217224121,0.007561908569186926,-1.2874940633773804,-9.0,9.0,31.02787971496582,10.5128812789917,1.481407880783081,-0.7569687962532043,7444
2323,41965,0.16761426627635956,0.19538326561450958,-31.548446655273438,0.007558541838079691,-3.72987699508667,-9.0,9.0,31.134714126586914,9.8306303024292,1.4188507795333862,-0.7615410089492798,7445
2324,41965,0.20442676544189453,0.21575747430324554,-31.74028205871582,0.007554459385573864,-4.5293426513671875,-9.0,9.0,31.3280086517334,9.817869186401367,1.4168468713760376,-0.7681877017021179,7446
2325,41965,0.16411350667476654,0.22518500685691833,-31.248449325561523,0.00755079323425889,0.02105039358139038,-9.0,9.0,31.08612823486328,9.99100112915039,1.4843183755874634,-0.7555130124092102,7447
2326,41965,0.15482814610004425,0.13750526309013367,-30.095949172973633,0.0075473482720553875,-0.609997034072876,-9.0,9.0,29.86505126953125,9.868547439575195,1.4778826236724854,-0.7321242094039917,7448
2327,41965,0.11276113986968994,0.14193235337734222,-30.578039169311523,0.007544009014964104,-1.0305447578430176,-9.0,9.0,30.231182098388672,9.717273712158203,1.5015960931777954,-0.7393425703048706,7449
2328,41965,0.16289757192134857,0.13887932896614075,-30.33376693725586,0.007540373131632805,-2.7189669609069824,-9.0,9.0,29.944801330566406,9.983264923095703,1.4397798776626587,-0.7622040510177612,7450
2329,41965,1.6016290187835693,1.6283613443374634,-30.572439193725586,0.007537130732089281,0.12767329812049866,-9.0,9.0,30.33043098449707,10.028631210327148,1.4993914365768433,-0.7505277991294861,7451
2330,41965,0.20651942491531372,0.18477493524551392,-29.875904083251953,0.007534913718700409,3.0214014053344727,-9.0,9.0,29.76321029663086,9.505522727966309,1.5855220556259155,-0.7144516110420227,7452
2331,41965,0.20303510129451752,0.19131897389888763,-30.705041885375977,0.007533131632953882,0.9197015762329102,-9.0,9.0,30.486923217773438,9.850170135498047,1.4893643856048584,-0.7710057497024536,7453
2332,41965,0.18371883034706116,0.1854754090309143,-29.537477493286133,0.007532449439167976,3.959557294845581,-9.0,9.0,29.06392478942871,8.028526306152344,1.5559324026107788,-0.733336329460144,7454
2333,41965,0.12088873982429504,0.1427636742591858,-30.147151947021484,0.007531810086220503,-0.1076308935880661,-9.0,9.0,29.97067642211914,8.550444602966309,1.5208326578140259,-0.7296137809753418,7455
2334,41965,0.26193398237228394,0.2644505202770233,-30.766799926757812,0.007531091570854187,-0.6158866882324219,-9.0,9.0,30.699737548828125,9.826495170593262,1.5022741556167603,-0.747029185295105,7456
2335,41965,0.15669195353984833,0.23686368763446808,-29.784669876098633,0.007530298084020615,-0.6330369114875793,-9.0,9.0,29.397714614868164,9.167905807495117,1.466462254524231,-0.7620375752449036,7457
2336,41965,0.1329483687877655,0.14959639310836792,-30.709213256835938,0.007528467103838921,-4.810972213745117,-9.0,9.0,30.35744857788086,9.79472541809082,1.404140830039978,-0.7938495874404907,7458
2337,41965,0.11163990944623947,0.15438267588615417,-29.694211959838867,0.007526611443608999,-0.8855409622192383,-9.0,9.0,29.484281539916992,8.802572250366211,1.4990863800048828,-0.75019770860672,7459
2338,41965,0.14803963899612427,0.14949452877044678,-29.895427703857422,0.007524827960878611,-0.4960501492023468,-9.0,9.0,29.563507080078125,9.685396194458008,1.4831007719039917,-0.7515920996665955,7460
2339,41965,0.1346418857574463,0.20902776718139648,-30.78778648376465,0.007523536216467619,1.351898193359375,-9.0,9.0,30.31573486328125,8.895599365234375,1.5140658617019653,-0.7529081702232361,7461
2340,41965,0.38987022638320923,0.45435628294944763,-31.134157180786133,0.007522542495280504,0.7379573583602905,-9.0,9.0,30.929786682128906,9.45277214050293,1.5028009414672852,-0.7784605026245117,7462
2341,41965,0.14720474183559418,0.15363508462905884,-31.084741592407227,0.0075227865017950535,5.256322860717773,-9.0,9.0,30.811120986938477,9.651596069335938,1.5891696214675903,-0.7771399617195129,7463
2342,41965,0.16384375095367432,0.1538473665714264,-29.959970474243164,0.007523331791162491,1.398744821548462,-9.0,9.0,29.620702743530273,8.828207015991211,1.536967158317566,-0.7450756430625916,7464
2343,41965,0.2748800814151764,0.3098718822002411,-30.982742309570312,0.007524949964135885,4.865458965301514,-9.0,9.0,30.801189422607422,10.030525207519531,1.557539939880371,-0.7798155546188354,7465
2344,41965,0.14575208723545074,0.1358967423439026,-30.349910736083984,0.0075275409035384655,6.384571075439453,-9.0,9.0,30.094974517822266,9.876485824584961,1.5974944829940796,-0.765373706817627,7466
2345,41965,0.16521604359149933,0.1512793004512787,-30.947580337524414,0.007530897855758667,4.411656379699707,-9.0,9.0,30.55475425720215,9.86423397064209,1.5449047088623047,-0.7789636254310608,7467
2346,41965,0.09563429653644562,0.1026894748210907,-29.45977210998535,0.00753505015745759,5.632759094238281,-9.0,9.0,29.2443904876709,9.750934600830078,1.586175560951233,-0.7661411166191101,7468
2347,41965,0.15796852111816406,0.1400848925113678,-29.8363037109375,0.007539923768490553,8.125005722045898,-9.0,9.0,29.719165802001953,9.463662147521973,1.631392240524292,-0.759965717792511,7469
2348,41965,0.16130806505680084,0.1626911163330078,-30.527376174926758,0.00754496268928051,2.7981467247009277,-9.0,9.0,30.18563461303711,9.772464752197266,1.5335044860839844,-0.7498641610145569,7470
2349,41965,0.24734379351139069,0.2183159440755844,-31.561283111572266,0.007550249341875315,3.2276949882507324,-9.0,9.0,31.127216339111328,10.087754249572754,1.563600778579712,-0.7793003916740417,7471
2350,41965,0.15484876930713654,0.18151511251926422,-30.500370025634766,0.00755569152534008,2.914356231689453,-9.0,9.0,30.45306396484375,9.242511749267578,1.5833646059036255,-0.749175488948822,7472
2351,41965,0.16119809448719025,0.13845513761043549,-30.510557174682617,0.0075607080943882465,0.48901158571243286,-9.0,9.0,30.314865112304688,9.127981185913086,1.5158244371414185,-0.7704418897628784,7473
2352,41965,0.3955787420272827,0.3377281427383423,-30.68475914001465,0.007565666921436787,1.885477900505066,-9.0,9.0,30.37010383605957,9.27658748626709,1.5317068099975586,-0.7735919952392578,7474
2353,41965,0.2615208625793457,0.1994064748287201,-31.07057762145996,0.007570185232907534,0.20316451787948608,-9.0,9.0,30.57773208618164,9.9920072555542,1.5210617780685425,-0.7529107332229614,7475
2354,41965,0.09940707683563232,0.10462231934070587,-29.717613220214844,0.007573109585791826,-5.358027935028076,-9.0,9.0,29.539113998413086,9.60588550567627,1.426463007926941,-0.7634273767471313,7476
2355,41965,1.1089333295822144,1.0468900203704834,-30.045141220092773,0.007575417403131723,-1.389538049697876,-9.0,9.0,29.897281646728516,9.238158226013184,1.491891860961914,-0.7471035718917847,7477
2356,41965,0.44673511385917664,0.3566376566886902,-31.221450805664062,0.007577396929264069,-0.4241918623447418,-9.0,9.0,31.045541763305664,10.494105339050293,1.4742013216018677,-0.7897319197654724,7478
2357,41965,0.47474560141563416,0.37888506054878235,-31.38422966003418,0.0075780367478728294,-5.19708251953125,-9.0,9.0,30.620384216308594,10.474197387695312,1.3928159475326538,-0.7951196432113647,7479
2358,41965,0.2561478316783905,0.21326588094234467,-29.871551513671875,0.007577469572424889,-7.137170314788818,-9.0,9.0,29.52238655090332,9.381501197814941,1.3644773960113525,-0.7499159574508667,7480
2359,41965,0.3790138363838196,0.332021564245224,-30.331275939941406,0.007575818337500095,-8.771815299987793,-9.0,9.0,30.353933334350586,9.28271198272705,1.363740086555481,-0.7609084844589233,7481
2360,41965,0.2569654881954193,0.24814021587371826,-29.111465454101562,0.0075731961987912655,-7.230012893676758,-9.0,9.0,28.86787986755371,8.646367073059082,1.4008837938308716,-0.7088466286659241,7482
2361,41965,0.28956538438796997,0.2552679777145386,-31.687047958374023,0.007569971960037947,-3.716240406036377,-9.0,9.0,31.08763313293457,9.69127368927002,1.4167848825454712,-0.7738161087036133,7483
2362,41965,0.25520819425582886,0.28210312128067017,-31.776798248291016,0.007565941195935011,-4.859051704406738,-9.0,9.0,31.394916534423828,10.03316593170166,1.399600625038147,-0.7779973149299622,7484
2363,41965,0.16276338696479797,0.17564232647418976,-29.8704776763916,0.0075624966993927956,0.7887232303619385,-9.0,9.0,29.74126434326172,9.335489273071289,1.522225260734558,-0.7212925553321838,7485
2364,41965,0.20104429125785828,0.16838374733924866,-29.694595336914062,0.007559039164334536,-1.5409599542617798,-9.0,9.0,29.521013259887695,8.861746788024902,1.4719288349151611,-0.7319267988204956,7486
2365,41965,0.16585293412208557,0.15157122910022736,-29.757814407348633,0.0075548915192484856,-4.464888095855713,-9.0,9.0,29.460351943969727,8.807833671569824,1.4578758478164673,-0.7075334191322327,7487
2366,41965,0.28075021505355835,0.1859837919473648,-30.544631958007812,0.007551430258899927,1.1687780618667603,-9.0,9.0,30.16977310180664,9.30386734008789,1.5333257913589478,-0.7159706950187683,7488
2367,41965,0.20075459778308868,0.17148806154727936,-29.92549705505371,0.007548996713012457,2.932576894760132,-9.0,9.0,29.590065002441406,8.69112491607666,1.5658090114593506,-0.6853308081626892,7489
2368,41965,0.2439451515674591,0.20207440853118896,-30.54239273071289,0.007546333596110344,-2.0395290851593018,-9.0,9.0,30.442108154296875,9.710553169250488,1.4743154048919678,-0.7366412281990051,7490
2369,41965,0.21080341935157776,0.23433437943458557,-30.89287757873535,0.007544419262558222,2.084836959838867,-9.0,9.0,30.49575424194336,10.087740898132324,1.5538312196731567,-0.7192997336387634,7491
2370,41965,0.20628590881824493,0.1888003945350647,-30.7305965423584,0.007543717976659536,4.391960144042969,-9.0,9.0,30.442819595336914,9.979940414428711,1.5909816026687622,-0.7097805142402649,7492
2371,41965,0.18508583307266235,0.18306083977222443,-31.520734786987305,0.0075432248413562775,0.5886372327804565,-9.0,9.0,31.1177978515625,10.199848175048828,1.5065234899520874,-0.7414284348487854,7493
2372,41965,0.12199464440345764,0.1319635510444641,-30.621484756469727,0.00754379341378808,4.356546878814697,-9.0,9.0,30.258251190185547,9.36453914642334,1.5688146352767944,-0.740807831287384,7494
2373,41965,0.1258596032857895,0.09571502357721329,-29.864681243896484,0.007544764783233404,1.9762053489685059,-9.0,9.0,29.628753662109375,9.169422149658203,1.5537121295928955,-0.7045068740844727,7495
2374,41965,0.16880720853805542,0.14603878557682037,-31.9014892578125,0.007545869331806898,0.9949523210525513,-9.0,9.0,31.54987335205078,9.607375144958496,1.4944199323654175,-0.7693057656288147,7496
2375,41965,0.11085610091686249,0.12519972026348114,-30.797273635864258,0.007547999732196331,5.535739898681641,-9.0,9.0,30.50000762939453,9.518267631530762,1.5849674940109253,-0.7305020689964294,7497
2376,41965,0.16165655851364136,0.1434716284275055,-31.71476936340332,0.007551052141934633,5.741406440734863,-9.0,9.0,31.548141479492188,10.047806739807129,1.60148024559021,-0.7587291598320007,7498
2377,41965,0.13314524292945862,0.17011772096157074,-29.82474136352539,0.007554934825748205,4.953912258148193,-9.0,9.0,29.46303367614746,9.017339706420898,1.5709346532821655,-0.7207833528518677,7499
2378,41965,0.12116275727748871,0.1275649219751358,-30.721097946166992,0.0075589814223349094,2.3774261474609375,-9.0,9.0,30.475990295410156,9.145003318786621,1.5900410413742065,-0.7425936460494995,7500
2379,41965,0.16975247859954834,0.21549338102340698,-30.763877868652344,0.007563344202935696,3.087308406829834,-9.0,9.0,30.64589500427246,9.572050094604492,1.5439732074737549,-0.7460393309593201,7501
2380,41965,0.15416179597377777,0.14550822973251343,-31.08816146850586,0.007567640393972397,1.5667331218719482,-9.0,9.0,30.847692489624023,10.611099243164062,1.5423495769500732,-0.741726279258728,7502
2381,41965,0.30752062797546387,0.31886953115463257,-30.022533416748047,0.007571690250188112,0.7619293928146362,-9.0,9.0,29.75365447998047,9.860852241516113,1.519743800163269,-0.7226806282997131,7503
2382,41965,0.16075016558170319,0.14994564652442932,-30.9471435546875,0.0075754099525511265,0.31374502182006836,-9.0,9.0,30.750062942504883,10.317217826843262,1.504624366760254,-0.7709135413169861,7504
2383,41965,0.17386451363563538,0.17488113045692444,-30.94182777404785,0.007579059340059757,1.267676591873169,-9.0,9.0,30.7238712310791,10.269218444824219,1.509073257446289,-0.7660242915153503,7505
2384,41965,0.15656764805316925,0.19558380544185638,-30.808246612548828,0.00758194737136364,-1.6933667659759521,-9.0,9.0,30.477210998535156,9.967143058776855,1.4477369785308838,-0.754612386226654,7506
2385,41965,0.167666956782341,0.19836995005607605,-30.95819091796875,0.0075838095508515835,-3.152817487716675,-9.0,9.0,30.645469665527344,9.724626541137695,1.4734084606170654,-0.7447711229324341,7507
2386,41965,0.12321918457746506,0.13458365201950073,-30.20945930480957,0.007584865670651197,-2.6636247634887695,-9.0,9.0,29.996788024902344,8.726522445678711,1.4905842542648315,-0.7264403700828552,7508
2387,41965,0.5002489686012268,0.43402838706970215,-30.514888763427734,0.0075846705585718155,-5.178196430206299,-9.0,9.0,30.26830291748047,9.8696870803833,1.3952391147613525,-0.7784461379051208,7509
2388,41965,0.1811014860868454,0.211832657456398,-31.765178680419922,0.007583802565932274,-2.964773654937744,-9.0,9.0,31.262495040893555,9.829364776611328,1.4181574583053589,-0.7851581573486328,7510
2389,41965,0.18779106438159943,0.18507711589336395,-31.140003204345703,0.007582088466733694,-3.988971471786499,-9.0,9.0,30.64621925354004,10.39806079864502,1.4081764221191406,-0.7978653311729431,7511
2390,41965,0.2008015215396881,0.20618046820163727,-30.147109985351562,0.0075794062577188015,-5.73795223236084,-9.0,9.0,29.973176956176758,9.958600997924805,1.419036865234375,-0.7760061621665955,7512
2391,41965,0.1462194323539734,0.13154244422912598,-31.234798431396484,0.007576446980237961,-2.331756591796875,-9.0,9.0,30.86829376220703,10.06508731842041,1.4322174787521362,-0.7899948358535767,7513
2392,41965,0.12088482826948166,0.12437142431735992,-30.479089736938477,0.00757309515029192,-2.96235990524292,-9.0,9.0,30.097679138183594,8.924332618713379,1.4598360061645508,-0.7709769606590271,7514
2393,41965,0.14282841980457306,0.15573446452617645,-30.76873016357422,0.007569481153041124,-2.556558609008789,-9.0,9.0,30.25973892211914,9.73083209991455,1.451213002204895,-0.7783390879631042,7515
2394,41965,0.1339520961046219,0.14879651367664337,-29.928089141845703,0.007566583342850208,1.5200419425964355,-9.0,9.0,29.644437789916992,8.738471031188965,1.5290584564208984,-0.7750871777534485,7516
2395,41965,0.20872291922569275,0.20521888136863708,-30.139310836791992,0.0075634378008544445,-2.307096481323242,-9.0,9.0,29.920135498046875,9.82783031463623,1.4337486028671265,-0.7921295762062073,7517
2396,41965,0.13348308205604553,0.16674469411373138,-31.387712478637695,0.007560776546597481,0.7320622205734253,-9.0,9.0,30.950273513793945,10.513951301574707,1.4689829349517822,-0.8051780462265015,7518
2397,41965,0.19264015555381775,0.17916832864284515,-30.8780517578125,0.007558869663625956,2.09761905670166,-9.0,9.0,30.526247024536133,9.4428071975708,1.511647343635559,-0.786067545413971,7519
2398,41965,0.1632179170846939,0.15640927851200104,-31.573429107666016,0.007557208184152842,0.23752707242965698,-9.0,9.0,31.27320671081543,9.393067359924316,1.4694043397903442,-0.8359432220458984,7520
2399,41965,0.11126331984996796,0.11323980987071991,-32.30475616455078,0.007556855212897062,6.191441535949707,-9.0,9.0,31.930418014526367,10.328089714050293,1.5335599184036255,-0.8622347712516785,7521
2400,41965,0.12115851789712906,0.13162918388843536,-31.377307891845703,0.00755764776840806,4.765634536743164,-9.0,9.0,30.892276763916016,10.04381275177002,1.566367268562317,-0.7989193201065063,7522
2401,41965,0.11076585203409195,0.11742758750915527,-31.048683166503906,0.007558948826044798,2.5242881774902344,-9.0,9.0,30.793914794921875,9.967288970947266,1.5064952373504639,-0.8026005625724792,7523
2402,41965,0.18093441426753998,0.19902779161930084,-31.721412658691406,0.007561028935015202,3.890059232711792,-9.0,9.0,31.59699821472168,10.101154327392578,1.5097650289535522,-0.8456817269325256,7524
2403,41965,0.1524803191423416,0.15826936066150665,-30.893354415893555,0.0075639281421899796,4.409282684326172,-9.0,9.0,30.479000091552734,9.107393264770508,1.5373584032058716,-0.8119798302650452,7525
2404,41965,0.9857413172721863,0.9964244961738586,-32.13835906982422,0.007567409425973892,3.737301826477051,-9.0,9.0,31.602191925048828,9.807607650756836,1.5240098237991333,-0.8102450966835022,7526
2405,41965,0.24183419346809387,0.23413294553756714,-30.797622680664062,0.007571387104690075,3.6092216968536377,-9.0,9.0,30.696372985839844,9.885329246520996,1.5272324085235596,-0.7972493767738342,7527
2406,41965,0.41521966457366943,0.3175199627876282,-30.422170639038086,0.0075753522105515,1.6357359886169434,-9.0,9.0,30.213735580444336,10.106392860412598,1.527251958847046,-0.7654892802238464,7528
2407,41965,0.2051464319229126,0.22049030661582947,-30.779748916625977,0.007579594384878874,2.8740150928497314,-9.0,9.0,30.280561447143555,9.613529205322266,1.534326195716858,-0.7649546265602112,7529
2408,41965,0.4181163012981415,0.4486333429813385,-32.74435806274414,0.007583252619951963,-0.7042191624641418,-9.0,9.0,32.43560791015625,10.96847152709961,1.4353711605072021,-0.8622053861618042,7530
2409,41965,0.30870500206947327,0.30205559730529785,-31.588279724121094,0.007586970925331116,1.8112194538116455,-9.0,9.0,31.393367767333984,9.680328369140625,1.482164978981018,-0.8111910820007324,7531
2410,41965,0.2976153790950775,0.28982895612716675,-30.72572135925293,0.007590929511934519,2.609504222869873,-9.0,9.0,30.40743064880371,9.909211158752441,1.5052690505981445,-0.8101919293403625,7532
2411,41965,0.31331539154052734,0.2390369176864624,-31.272058486938477,0.007594467140734196,-0.13309189677238464,-9.0,9.0,30.830820083618164,9.883665084838867,1.4543246030807495,-0.8348803520202637,7533
2412,41965,0.3532867133617401,0.3678658902645111,-31.072898864746094,0.007597390096634626,-1.120971441268921,-9.0,9.0,30.994144439697266,10.539039611816406,1.4327317476272583,-0.8464786410331726,7534
2413,41965,0.19016891717910767,0.17741084098815918,-31.255125045776367,0.007600404787808657,1.6209102869033813,-9.0,9.0,31.025768280029297,9.494593620300293,1.4893964529037476,-0.818522036075592,7535
2414,41965,0.23191377520561218,0.24646779894828796,-30.615942001342773,0.007603732403367758,2.614253044128418,-9.0,9.0,30.19800567626953,8.619805335998535,1.5128896236419678,-0.7877459526062012,7536
2415,41965,0.15169093012809753,0.1360068917274475,-30.99566078186035,0.0076067750342190266,0.1820327639579773,-9.0,9.0,30.715200424194336,9.055610656738281,1.462161898612976,-0.8127978444099426,7537
2416,41965,0.32156091928482056,0.33306699991226196,-31.073896408081055,0.007609234657138586,-1.182417631149292,-9.0,9.0,31.05825424194336,9.2808256149292,1.4556361436843872,-0.7929234504699707,7538
2417,41965,0.19487832486629486,0.16351599991321564,-31.0408935546875,0.00761140463873744,-0.20503059029579163,-9.0,9.0,30.71458625793457,9.980294227600098,1.4702999591827393,-0.8179386854171753,7539
2418,41965,0.2600603699684143,0.26077166199684143,-31.36032485961914,0.007612878456711769,-2.0349631309509277,-9.0,9.0,30.693178176879883,9.864057540893555,1.4689909219741821,-0.8029369115829468,7540
2419,41965,0.22483447194099426,0.23480729758739471,-30.35248374938965,0.007613059598952532,-4.837730407714844,-9.0,9.0,30.003849029541016,9.335046768188477,1.4033359289169312,-0.7805256247520447,7541
2420,41965,0.2613162100315094,0.3565756678581238,-30.7447509765625,0.007613230496644974,0.018281251192092896,-9.0,9.0,30.6290225982666,9.908326148986816,1.467935562133789,-0.8013586401939392,7542
2421,41965,0.1587134301662445,0.14516326785087585,-30.348041534423828,0.007613008841872215,-1.5826987028121948,-9.0,9.0,30.085981369018555,9.480443000793457,1.4497489929199219,-0.7975034713745117,7543
2422,41965,0.2708398401737213,0.28946954011917114,-31.226404190063477,0.007612406276166439,-1.7085814476013184,-9.0,9.0,30.641338348388672,9.544960021972656,1.4220942258834839,-0.807745099067688,7544
2423,41965,0.29501578211784363,0.23274223506450653,-32.03757858276367,0.0076113250106573105,-2.277691125869751,-9.0,9.0,31.691713333129883,10.165138244628906,1.4254930019378662,-0.8251423835754395,7545
2424,41965,0.12462113052606583,0.13020114600658417,-30.3946533203125,0.0076101780869066715,-0.7353230714797974,-9.0,9.0,30.180763244628906,9.172880172729492,1.4482367038726807,-0.7772904634475708,7546
2425,41965,0.11447040736675262,0.13018326461315155,-30.886680603027344,0.007609212771058083,0.28673455119132996,-9.0,9.0,30.548500061035156,9.640155792236328,1.4581186771392822,-0.791925311088562,7547
2426,41965,0.2671732008457184,0.227329820394516,-30.998151779174805,0.007609495893120766,5.205563545227051,-9.0,9.0,30.54437828063965,9.52968978881836,1.5677344799041748,-0.7941704988479614,7548
2427,41965,0.11915488541126251,0.12123504281044006,-30.022478103637695,0.007610130589455366,1.603733777999878,-9.0,9.0,29.8792667388916,8.586044311523438,1.5108740329742432,-0.7785482406616211,7549
2428,41965,0.250017374753952,0.21933525800704956,-30.92023277282715,0.007611633278429508,3.931764602661133,-9.0,9.0,30.645536422729492,10.290213584899902,1.5375324487686157,-0.8059796690940857,7550
2429,41965,0.17905385792255402,0.18735410273075104,-31.599607467651367,0.007613804191350937,3.463662624359131,-9.0,9.0,31.125709533691406,9.36871337890625,1.5569804906845093,-0.7700823545455933,7551
2430,41965,0.2214965969324112,0.2294577658176422,-30.962139129638672,0.007616665214300156,3.8372883796691895,-9.0,9.0,30.83115577697754,10.050847053527832,1.541258692741394,-0.7959477305412292,7552
2431,41965,0.12967504560947418,0.13582691550254822,-30.763710021972656,0.007620330899953842,4.614186763763428,-9.0,9.0,30.494976043701172,9.654655456542969,1.5670133829116821,-0.7768300175666809,7553
2432,41965,0.2219277173280716,0.2389085292816162,-29.597702026367188,0.007623420096933842,-0.9019284844398499,-9.0,9.0,29.126617431640625,9.840215682983398,1.4848756790161133,-0.7682759165763855,7554
2433,41965,0.21648827195167542,0.21870408952236176,-31.94485092163086,0.007626492530107498,1.2294524908065796,-9.0,9.0,31.71455955505371,9.635653495788574,1.5012990236282349,-0.7916642427444458,7555
2434,41965,0.15453477203845978,0.1456427276134491,-31.092065811157227,0.0076290313154459,-0.9627067446708679,-9.0,9.0,30.795185089111328,9.48715591430664,1.4818397760391235,-0.7651581764221191,7556
2435,41965,0.09715786576271057,0.1028255820274353,-30.018630981445312,0.0076322294771671295,3.841810941696167,-9.0,9.0,29.761062622070312,9.454118728637695,1.5297892093658447,-0.7745476961135864,7557
2436,41965,0.1274995505809784,0.1396525353193283,-31.484769821166992,0.007635083515197039,-0.11557561159133911,-9.0,9.0,31.089139938354492,9.458290100097656,1.4911326169967651,-0.7763816118240356,7558
2437,41965,0.15305253863334656,0.1381315290927887,-31.15704345703125,0.007638375274837017,3.038540840148926,-9.0,9.0,30.880558013916016,10.049728393554688,1.5150288343429565,-0.7852570414543152,7559
2438,41965,0.172184556722641,0.15964855253696442,-30.96168327331543,0.007641336880624294,-0.011609941720962524,-9.0,9.0,30.717126846313477,9.728459358215332,1.4731601476669312,-0.7663083076477051,7560
2439,41965,0.1450052261352539,0.15252503752708435,-30.997539520263672,0.007644059136509895,0.22393232583999634,-9.0,9.0,30.669689178466797,9.625231742858887,1.477280855178833,-0.7833768129348755,7561
2440,41965,0.15387530624866486,0.15058457851409912,-32.08026885986328,0.007646680343896151,0.7112200260162354,-9.0,9.0,31.68831443786621,10.599424362182617,1.4686377048492432,-0.8069707155227661,7562
2441,41965,0.17606207728385925,0.1890110969543457,-31.33743667602539,0.007648842874914408,-0.8323692083358765,-9.0,9.0,31.09074592590332,9.60841178894043,1.459127426147461,-0.748843252658844,7563
2442,41965,0.13362501561641693,0.14034530520439148,-30.78704833984375,0.007650619372725487,-0.7201533317565918,-9.0,9.0,30.573944091796875,9.345219612121582,1.4787355661392212,-0.7899125218391418,7564
2443,41965,0.15264834463596344,0.15347614884376526,-29.914384841918945,0.007651480380445719,-3.08278489112854,-9.0,9.0,29.765193939208984,9.147870063781738,1.5035266876220703,-0.7204757332801819,7565
2444,41965,0.13558191061019897,0.12616561353206635,-30.444047927856445,0.00765244010835886,0.7724283337593079,-9.0,9.0,30.1199951171875,9.520833015441895,1.4890269041061401,-0.773969292640686,7566
2445,41965,0.16204220056533813,0.1470780372619629,-30.79833984375,0.0076528084464371204,-2.0837652683258057,-9.0,9.0,30.632585525512695,9.340043067932129,1.492165207862854,-0.7431120276451111,7567
2446,41965,0.14729845523834229,0.16370627284049988,-31.592082977294922,0.007652867119759321,-1.1433411836624146,-9.0,9.0,31.38018035888672,9.400318145751953,1.473429560661316,-0.7931124567985535,7568
2447,41965,0.13606072962284088,0.12114360183477402,-31.875396728515625,0.007653085980564356,0.6958491206169128,-9.0,9.0,31.546445846557617,9.768224716186523,1.4761829376220703,-0.8066964149475098,7569
2448,41965,1.0371743440628052,1.102738618850708,-31.24692726135254,0.007653111591935158,-0.7140835523605347,-9.0,9.0,30.95827865600586,9.788993835449219,1.4614756107330322,-0.7947350740432739,7570
2449,41965,0.1851343959569931,0.21332499384880066,-31.242107391357422,0.007653199136257172,0.26559364795684814,-9.0,9.0,31.07709312438965,10.118629455566406,1.4717339277267456,-0.7969722151756287,7571
2450,41965,0.3154863119125366,0.28953978419303894,-32.47748565673828,0.007652345113456249,-3.8973402976989746,-9.0,9.0,32.060691833496094,10.173307418823242,1.4392114877700806,-0.785672128200531,7572
2451,41965,0.20573191344738007,0.19821786880493164,-30.667160034179688,0.007650593761354685,-4.106558799743652,-9.0,9.0,30.239036560058594,9.449100494384766,1.435309648513794,-0.7614234685897827,7573
2452,41965,0.5283194780349731,0.4439440369606018,-31.08591079711914,0.00764806242659688,-3.9928433895111084,-9.0,9.0,30.81793785095215,9.412613868713379,1.434274673461914,-0.7704499363899231,7574
2453,41965,0.28205159306526184,0.24708041548728943,-30.524391174316406,0.007645528297871351,-1.0737327337265015,-9.0,9.0,30.066308975219727,9.375380516052246,1.509616732597351,-0.7523844838142395,7575
2454,41965,0.27508053183555603,0.2820284366607666,-31.126054763793945,0.0076434798538684845,0.9719237685203552,-9.0,9.0,30.594934463500977,9.505863189697266,1.5082346200942993,-0.7684410810470581,7576
2455,41965,0.21264220774173737,0.23729383945465088,-31.272825241088867,0.007642131298780441,2.0726318359375,-9.0,9.0,31.01274871826172,9.924500465393066,1.475958228111267,-0.7945497632026672,7577
2456,41965,0.23808428645133972,0.2176336944103241,-30.747953414916992,0.007640870753675699,-0.19732022285461426,-9.0,9.0,30.665117263793945,9.731818199157715,1.4835792779922485,-0.7950204014778137,7578
2457,41965,0.19216015934944153,0.19300538301467896,-29.432727813720703,0.00764001440256834,1.1713461875915527,-9.0,9.0,29.072612762451172,8.969481468200684,1.5259639024734497,-0.7539173364639282,7579
2458,41965,0.22455206513404846,0.1825764775276184,-32.269691467285156,0.007639814168214798,2.3786497116088867,-9.0,9.0,31.81005096435547,9.89904499053955,1.4911714792251587,-0.8082184195518494,7580
2459,41965,0.20456966757774353,0.1675659567117691,-30.384593963623047,0.007640316616743803,2.8562848567962646,-9.0,9.0,30.35826873779297,9.342947006225586,1.5169737339019775,-0.7919586896896362,7581
2460,41965,0.32476553320884705,0.24674104154109955,-31.32943344116211,0.007641129195690155,1.5002484321594238,-9.0,9.0,31.209514617919922,10.364624977111816,1.5324022769927979,-0.793097972869873,7582
2461,41965,0.33960357308387756,0.26475757360458374,-30.889772415161133,0.007642630487680435,3.2146053314208984,-9.0,9.0,30.344072341918945,9.871368408203125,1.540652871131897,-0.7923547625541687,7583
2462,41965,0.12091974169015884,0.11721572279930115,-31.338733673095703,0.007644697092473507,2.983084201812744,-9.0,9.0,30.96628189086914,9.267166137695312,1.5373388528823853,-0.7821936011314392,7584
2463,41965,0.26725077629089355,0.23008151352405548,-31.315061569213867,0.007646986749023199,1.7852084636688232,-9.0,9.0,31.247814178466797,10.248777389526367,1.49730384349823,-0.8107242584228516,7585
2464,41965,0.17412422597408295,0.14068128168582916,-29.80948257446289,0.0076492042280733585,0.6393210887908936,-9.0,9.0,29.632421493530273,9.205558776855469,1.535704255104065,-0.734852135181427,7586
2465,41965,0.2650030851364136,0.2559332251548767,-32.384098052978516,0.007651505991816521,1.264501690864563,-9.0,9.0,31.769262313842773,9.598347663879395,1.5019217729568481,-0.7804874181747437,7587
2466,41965,0.13061730563640594,0.12725341320037842,-31.05206298828125,0.0076535348780453205,-0.1837778091430664,-9.0,9.0,30.571208953857422,9.423638343811035,1.5033332109451294,-0.7573087811470032,7588
2467,41965,0.3285517990589142,0.3055441379547119,-29.517253875732422,0.007655611727386713,1.0431349277496338,-9.0,9.0,29.491466522216797,8.659242630004883,1.5102485418319702,-0.7336564064025879,7589
2468,41965,0.1939699351787567,0.16106610000133514,-31.306318283081055,0.0076583316549658775,3.5321881771087646,-9.0,9.0,31.192365646362305,9.845355987548828,1.5392951965332031,-0.7886863350868225,7590
2469,41965,0.28500932455062866,0.31737253069877625,-32.127967834472656,0.007661154959350824,1.5492719411849976,-9.0,9.0,31.524585723876953,9.959739685058594,1.4965161085128784,-0.7905474901199341,7591
2470,41965,0.18621934950351715,0.14686600863933563,-31.26426887512207,0.0076636360026896,-0.2648661434650421,-9.0,9.0,30.802776336669922,9.675054550170898,1.5056235790252686,-0.775350034236908,7592
2471,41965,0.29733550548553467,0.3683379292488098,-31.078035354614258,0.007666632998734713,3.1715757846832275,-9.0,9.0,31.178356170654297,9.73255443572998,1.549292802810669,-0.7839816808700562,7593
2472,41965,0.2997762858867645,0.22410458326339722,-31.626176834106445,0.0076698800548911095,2.2663023471832275,-9.0,9.0,31.591773986816406,9.960010528564453,1.52586829662323,-0.7821614146232605,7594
2473,41965,0.30964595079421997,0.37870314717292786,-30.354341506958008,0.007673340383917093,2.213270664215088,-9.0,9.0,29.63740348815918,9.553248405456543,1.5675851106643677,-0.7132319211959839,7595
2474,41965,0.22538278996944427,0.1793876588344574,-31.690948486328125,0.007676919922232628,1.9164018630981445,-9.0,9.0,31.144908905029297,9.958561897277832,1.5554271936416626,-0.7853482365608215,7596
2475,41965,0.3202718198299408,0.3808925151824951,-31.073787689208984,0.0076807825826108456,2.6366734504699707,-9.0,9.0,31.199628829956055,9.485807418823242,1.5582953691482544,-0.7618885040283203,7597
2476,41965,0.2239280343055725,0.15277227759361267,-30.782114028930664,0.0076854354701936245,6.414024353027344,-9.0,9.0,30.80580711364746,9.922810554504395,1.5858365297317505,-0.7759419083595276,7598
2477,41965,0.23633526265621185,0.3522202670574188,-31.518695831298828,0.007690501864999533,3.611126184463501,-9.0,9.0,30.899229049682617,8.923386573791504,1.5412076711654663,-0.7609464526176453,7599
2478,41965,0.23444820940494537,0.17717908322811127,-31.054161071777344,0.007695468608289957,1.6649327278137207,-9.0,9.0,30.577735900878906,9.81944751739502,1.5303221940994263,-0.7533140778541565,7600
2479,41965,0.22903285920619965,0.3303641974925995,-31.311185836791992,0.00770083162933588,3.6620895862579346,-9.0,9.0,31.34088134765625,9.947094917297363,1.5569647550582886,-0.7609695196151733,7601
2480,41965,0.3153951168060303,0.23442158102989197,-30.795246124267578,0.0077068377286195755,6.351092338562012,-9.0,9.0,30.804733276367188,9.474730491638184,1.5870380401611328,-0.7545539140701294,7602
2481,41965,0.282607764005661,0.3822473883628845,-30.602685928344727,0.0077128964476287365,2.667520523071289,-9.0,9.0,30.02544403076172,9.316376686096191,1.5575116872787476,-0.7235267758369446,7603
2482,41965,0.2291693240404129,0.21081866323947906,-31.613162994384766,0.007719467859715223,4.597553253173828,-9.0,9.0,31.07598876953125,10.234541893005371,1.594452977180481,-0.7154508233070374,7604
2483,41965,0.18302801251411438,0.26313596963882446,-30.747201919555664,0.007726265583187342,3.614387273788452,-9.0,9.0,30.727230072021484,9.116415023803711,1.5911813974380493,-0.7127571702003479,7605
2484,41965,0.24803069233894348,0.24920770525932312,-30.93963623046875,0.007732918485999107,2.168517589569092,-9.0,9.0,30.909534454345703,9.790181159973145,1.5459086894989014,-0.7650384306907654,7606
2485,41965,0.4091556668281555,0.5308529138565063,-30.697757720947266,0.007739780005067587,3.568732738494873,-9.0,9.0,30.285850524902344,9.875192642211914,1.5881623029708862,-0.7164974212646484,7607
2486,41965,0.34689366817474365,0.37870103120803833,-31.8248233795166,0.0077471425756812096,10.206849098205566,-9.0,9.0,31.12118911743164,9.810312271118164,1.686116337776184,-0.7132086157798767,7608
2487,41965,0.11486458778381348,0.1264563500881195,-29.603483200073242,0.007753798738121986,0.082275390625,-9.0,9.0,29.440292358398438,9.117142677307129,1.5347974300384521,-0.6852819323539734,7609
2488,41965,0.3501353859901428,0.42648014426231384,-31.02405548095703,0.007760556414723396,3.1067590713500977,-9.0,9.0,31.188974380493164,10.235142707824707,1.5680091381072998,-0.725287914276123,7610
2489,41965,0.18918143212795258,0.1849006712436676,-33.28156661987305,0.00776782026514411,4.828073501586914,-9.0,9.0,33.00331497192383,9.7695894241333,1.5376092195510864,-0.7808189392089844,7611
2490,41965,0.3043017089366913,0.35347580909729004,-31.322193145751953,0.007774642203003168,1.1213030815124512,-9.0,9.0,30.544178009033203,9.73689079284668,1.5088428258895874,-0.7516754865646362,7612
2491,41965,0.46703237295150757,0.4173370599746704,-31.567523956298828,0.007781169842928648,1.5519554615020752,-9.0,9.0,31.064603805541992,9.300284385681152,1.5766443014144897,-0.7109281420707703,7613
2492,41965,0.2982083261013031,0.32603827118873596,-31.0988712310791,0.007787818089127541,3.133361577987671,-9.0,9.0,31.222076416015625,9.193382263183594,1.5410062074661255,-0.7292026281356812,7614
2493,41965,0.4292562007904053,0.35113975405693054,-31.52691650390625,0.007794081699103117,1.0995664596557617,-9.0,9.0,31.487049102783203,10.851969718933105,1.5044649839401245,-0.7345336675643921,7615
2494,41965,0.4442158639431,0.42466750741004944,-32.071285247802734,0.00780009338632226,1.5025019645690918,-9.0,9.0,31.35662841796875,9.855243682861328,1.5117143392562866,-0.7585428357124329,7616
2495,41965,0.3182792365550995,0.2531682848930359,-31.489946365356445,0.007804974913597107,-2.1681501865386963,-9.0,9.0,31.015159606933594,9.451822280883789,1.503597617149353,-0.7053961157798767,7617
2496,41965,0.30722129344940186,0.35276347398757935,-31.001413345336914,0.007809825707226992,1.825936198234558,-9.0,9.0,30.80440902709961,10.002495765686035,1.5421665906906128,-0.717021644115448,7618
2497,41965,0.2002287358045578,0.27171510457992554,-32.589263916015625,0.00781417265534401,-0.08740118145942688,-9.0,9.0,32.30632781982422,11.020912170410156,1.4731110334396362,-0.7721233367919922,7619
2498,41965,0.12805022299289703,0.16879484057426453,-30.692306518554688,0.007817873731255531,-0.8698964715003967,-9.0,9.0,30.261730194091797,9.094301223754883,1.5153045654296875,-0.690656840801239,7620
2499,41965,0.24214547872543335,0.23120546340942383,-31.163467407226562,0.007821486331522465,1.130056381225586,-9.0,9.0,30.834787368774414,9.724422454833984,1.5377962589263916,-0.698823094367981,7621
2500,41965,0.25557398796081543,0.23540961742401123,-32.833518981933594,0.007824772968888283,0.11614227294921875,-9.0,9.0,32.44407272338867,10.402261734008789,1.5117753744125366,-0.7855427861213684,7622
2501,41965,0.21796908974647522,0.1404661238193512,-30.723007202148438,0.00782815832644701,1.7119758129119873,-9.0,9.0,30.532142639160156,9.650158882141113,1.5257762670516968,-0.7333353757858276,7623
2502,41965,0.2438250482082367,0.2396744042634964,-31.69729995727539,0.00783174205571413,2.1616663932800293,-9.0,9.0,31.386749267578125,9.893464088439941,1.5330169200897217,-0.7482436299324036,7624
2503,41965,0.1898016780614853,0.13770067691802979,-31.044200897216797,0.007835552096366882,2.335231065750122,-9.0,9.0,30.6657772064209,10.241002082824707,1.5363600254058838,-0.746765673160553,7625
2504,41965,0.20032334327697754,0.18063732981681824,-31.233192443847656,0.007840104401111603,4.5244293212890625,-9.0,9.0,30.91913604736328,10.367513656616211,1.5689667463302612,-0.7469649910926819,7626
2505,41965,0.22703096270561218,0.19443118572235107,-32.42607879638672,0.007844655774533749,1.7964749336242676,-9.0,9.0,32.228515625,10.253397941589355,1.4968137741088867,-0.782569944858551,7627
2506,41965,0.17153450846672058,0.19650089740753174,-32.105159759521484,0.007849677465856075,3.710427761077881,-9.0,9.0,31.87387466430664,10.084630966186523,1.5340920686721802,-0.7675307393074036,7628
2507,41965,0.23690976202487946,0.16562248766422272,-31.893198013305664,0.007854357361793518,0.6227116584777832,-9.0,9.0,31.55402946472168,9.52413558959961,1.52041494846344,-0.7292336225509644,7629
2508,41965,0.1584213227033615,0.14540740847587585,-31.984472274780273,0.007858620025217533,0.19379505515098572,-9.0,9.0,31.743549346923828,9.85150146484375,1.4791761636734009,-0.7405385375022888,7630
2509,41965,0.1669779270887375,0.14516982436180115,-32.33645248413086,0.007862919941544533,1.8346333503723145,-9.0,9.0,32.00157928466797,10.285506248474121,1.5399330854415894,-0.757660984992981,7631
2510,41965,0.16064557433128357,0.14675092697143555,-31.468311309814453,0.007866306230425835,-1.9407919645309448,-9.0,9.0,31.253721237182617,9.329507827758789,1.503088355064392,-0.702987790107727,7632
2511,41965,0.16431047022342682,0.16228680312633514,-31.66008758544922,0.007870042696595192,2.7384696006774902,-9.0,9.0,31.421361923217773,10.329373359680176,1.5502996444702148,-0.7123364210128784,7633
2512,41965,0.23632532358169556,0.22502198815345764,-31.988691329956055,0.007873530499637127,0.4869844913482666,-9.0,9.0,31.681495666503906,9.849013328552246,1.5040615797042847,-0.7411311268806458,7634
2513,41965,0.16920550167560577,0.1544039100408554,-29.72547721862793,0.007876049727201462,-2.475832939147949,-9.0,9.0,29.469844818115234,9.207845687866211,1.5100090503692627,-0.6800594925880432,7635
2514,41965,0.37128084897994995,0.4355698823928833,-31.530263900756836,0.007878881879150867,2.236358165740967,-9.0,9.0,31.372779846191406,10.099958419799805,1.5304410457611084,-0.7157040238380432,7636
2515,41965,0.18943674862384796,0.17846991121768951,-32.044525146484375,0.007881639525294304,0.8327277898788452,-9.0,9.0,31.758512496948242,10.10116195678711,1.5071033239364624,-0.7301953434944153,7637
2516,41965,0.16238094866275787,0.1756839156150818,-31.797807693481445,0.007883579470217228,-2.165550470352173,-9.0,9.0,31.569089889526367,9.752863883972168,1.4828338623046875,-0.693497359752655,7638
2517,41965,0.1611003577709198,0.14396876096725464,-30.8728084564209,0.007884823717176914,-1.9998292922973633,-9.0,9.0,30.804882049560547,9.323049545288086,1.472005009651184,-0.7006741762161255,7639
2518,41965,0.2561671733856201,0.23336662352085114,-32.355289459228516,0.00788544025272131,-2.001169204711914,-9.0,9.0,32.064151763916016,10.521140098571777,1.4701831340789795,-0.7433393597602844,7640
2519,41965,0.20376643538475037,0.20514416694641113,-30.700220108032227,0.0078848572447896,-4.525279998779297,-9.0,9.0,30.22069549560547,9.513408660888672,1.467987060546875,-0.688613772392273,7641
2520,41965,0.10946814715862274,0.08761568367481232,-30.923006057739258,0.007883117534220219,-5.7497663497924805,-9.0,9.0,30.675277709960938,9.079753875732422,1.4488261938095093,-0.6971219182014465,7642
2521,41965,0.2778576910495758,0.2810383439064026,-30.61902618408203,0.007880335673689842,-5.106396675109863,-9.0,9.0,30.573211669921875,9.460549354553223,1.4426323175430298,-0.698226273059845,7643
2522,41965,0.13144904375076294,0.15492402017116547,-31.457759857177734,0.007877503521740437,-1.305253028869629,-9.0,9.0,31.217918395996094,9.71595287322998,1.474321722984314,-0.7372661828994751,7644
2523,41965,0.17530666291713715,0.16244474053382874,-31.592321395874023,0.007873957976698875,-3.9788715839385986,-9.0,9.0,31.0322208404541,8.640297889709473,1.4731565713882446,-0.687202513217926,7645
2524,41965,0.19624117016792297,0.18506017327308655,-31.88454818725586,0.007869855500757694,-3.6495208740234375,-9.0,9.0,31.361833572387695,9.54196834564209,1.483120322227478,-0.7038076519966125,7646
2525,41965,0.29370516538619995,0.23201978206634521,-32.103843688964844,0.00786549597978592,-2.6691691875457764,-9.0,9.0,32.037662506103516,9.64781665802002,1.4436253309249878,-0.7381396889686584,7647
2526,41965,0.27518436312675476,0.21962104737758636,-31.773900985717773,0.007861454039812088,-0.4743724465370178,-9.0,9.0,31.529281616210938,10.756277084350586,1.4908487796783447,-0.7469249367713928,7648
2527,41965,0.3463161289691925,0.28698283433914185,-32.83153533935547,0.007857856340706348,0.16066589951515198,-9.0,9.0,32.15707015991211,10.460928916931152,1.4838489294052124,-0.766607403755188,7649
2528,41965,0.35342589020729065,0.3700304925441742,-31.60576629638672,0.00785392988473177,-2.7522151470184326,-9.0,9.0,31.17959976196289,9.785185813903809,1.4742286205291748,-0.7196047902107239,7650
2529,41965,0.3381521999835968,0.30301418900489807,-30.76064109802246,0.007850212045013905,-0.7419610023498535,-9.0,9.0,30.588077545166016,9.82619571685791,1.5332661867141724,-0.7061033844947815,7651
2530,41965,0.21286170184612274,0.21211840212345123,-33.154136657714844,0.007846720516681671,-0.577023983001709,-9.0,9.0,32.95595932006836,10.106976509094238,1.4538160562515259,-0.7789002656936646,7652
2531,41965,0.3334677219390869,0.3358520567417145,-32.23717498779297,0.007843405939638615,-0.6912068724632263,-9.0,9.0,31.628767013549805,10.62519359588623,1.471065878868103,-0.7508848905563354,7653
2532,41965,0.2297355830669403,0.22058920562267303,-32.06129837036133,0.00784080009907484,1.5116769075393677,-9.0,9.0,31.42934226989746,10.003303527832031,1.5196863412857056,-0.7424857020378113,7654
2533,41965,0.16203458607196808,0.20036117732524872,-32.16384506225586,0.007839517667889595,4.249520778656006,-9.0,9.0,31.918212890625,10.456367492675781,1.5520076751708984,-0.7897408604621887,7655
2534,41965,0.3592160642147064,0.35826170444488525,-31.676780700683594,0.007838567718863487,0.8140320777893066,-9.0,9.0,31.47710418701172,9.759675979614258,1.5168989896774292,-0.7498112320899963,7656
2535,41965,0.1376720815896988,0.15154865384101868,-32.023799896240234,0.007838171906769276,1.8302345275878906,-9.0,9.0,31.579965591430664,9.536882400512695,1.5359522104263306,-0.7417126297950745,7657
2536,41965,0.16277822852134705,0.18236318230628967,-31.72604751586914,0.007839027792215347,5.70386266708374,-9.0,9.0,31.236854553222656,9.939569473266602,1.5687627792358398,-0.757563054561615,7658
2537,41965,0.11640618741512299,0.12274076044559479,-31.66413688659668,0.007840788923203945,3.9644412994384766,-9.0,9.0,31.325824737548828,10.52883529663086,1.544508934020996,-0.7764022946357727,7659
2538,41965,0.16664059460163116,0.1386454552412033,-31.768930435180664,0.007842713966965675,1.3631255626678467,-9.0,9.0,31.534852981567383,9.564509391784668,1.5296190977096558,-0.7671397924423218,7660
2539,41965,0.14678138494491577,0.13548846542835236,-32.358821868896484,0.007844850420951843,1.6033529043197632,-9.0,9.0,32.000244140625,10.245749473571777,1.5149023532867432,-0.7772666215896606,7661
2540,41965,0.16702458262443542,0.1510191708803177,-31.99700164794922,0.007847873494029045,4.40305233001709,-9.0,9.0,31.585962295532227,9.472455978393555,1.534982681274414,-0.7814832925796509,7662
2541,41965,0.2250535935163498,0.22426223754882812,-32.266666412353516,0.007851807400584221,5.857794761657715,-9.0,9.0,31.889554977416992,10.859774589538574,1.5676270723342896,-0.8013511300086975,7663
2542,41965,0.15159621834754944,0.13919132947921753,-31.343313217163086,0.007855511270463467,0.6327222585678101,-9.0,9.0,31.142911911010742,10.144308090209961,1.5034210681915283,-0.7564859390258789,7664
2543,41965,0.15874148905277252,0.13635382056236267,-31.11601448059082,0.007859688252210617,3.3654167652130127,-9.0,9.0,30.90190315246582,9.733667373657227,1.5329437255859375,-0.7843109965324402,7665
2544,41965,0.22291405498981476,0.2089024782180786,-31.96373748779297,0.007864382117986679,3.7167718410491943,-9.0,9.0,31.44620704650879,10.216075897216797,1.5334686040878296,-0.8015910983085632,7666
2545,41965,0.13633126020431519,0.11794432997703552,-32.09027099609375,0.00786876305937767,0.6013424396514893,-9.0,9.0,31.754966735839844,10.291353225708008,1.4969755411148071,-0.7838912606239319,7667
2546,41965,0.1636071652173996,0.13302858173847198,-30.85491180419922,0.007873131893575191,1.6818897724151611,-9.0,9.0,30.693294525146484,10.340441703796387,1.5456315279006958,-0.7723410725593567,7668
2547,41965,0.34011369943618774,0.2691403329372406,-32.152793884277344,0.007877142168581486,0.3024442195892334,-9.0,9.0,31.951805114746094,10.15123462677002,1.4936020374298096,-0.7771291732788086,7669
2548,41965,0.23738203942775726,0.27165520191192627,-32.521324157714844,0.007881343364715576,2.3357858657836914,-9.0,9.0,31.914899826049805,10.968554496765137,1.4967156648635864,-0.8008161187171936,7670
2549,41965,0.14159879088401794,0.14381463825702667,-31.54634666442871,0.007884797640144825,-1.3142824172973633,-9.0,9.0,31.118305206298828,9.574967384338379,1.484208106994629,-0.7845808267593384,7671
2550,41965,0.23629958927631378,0.29812386631965637,-32.33306121826172,0.007889126427471638,4.928328990936279,-9.0,9.0,32.35917663574219,10.373889923095703,1.518760085105896,-0.8181629776954651,7672
2551,41965,0.14992807805538177,0.16157762706279755,-32.228607177734375,0.007893471978604794,1.7717455625534058,-9.0,9.0,31.962337493896484,10.595935821533203,1.48680579662323,-0.7987572550773621,7673
2552,41965,0.22882269322872162,0.24589942395687103,-31.025224685668945,0.007897771894931793,1.5197749137878418,-9.0,9.0,30.517370223999023,9.231614112854004,1.516737699508667,-0.7516596913337708,7674
2553,41965,0.2295626997947693,0.20571386814117432,-32.60302734375,0.007902220822870731,2.2845797538757324,-9.0,9.0,32.266395568847656,10.371429443359375,1.5185177326202393,-0.8050302863121033,7675
2554,41965,0.1459837406873703,0.15646982192993164,-32.15557861328125,0.007906374521553516,0.5761860609054565,-9.0,9.0,31.916996002197266,10.12375259399414,1.5096355676651,-0.769528865814209,7676
2555,41965,0.15495242178440094,0.13634595274925232,-32.122554779052734,0.007910673506557941,2.190642833709717,-9.0,9.0,31.806800842285156,9.627921104431152,1.5316671133041382,-0.7625699043273926,7677
2556,41965,0.1785925030708313,0.16221386194229126,-32.01719665527344,0.007915646769106388,4.363795757293701,-9.0,9.0,31.727693557739258,9.952439308166504,1.5723350048065186,-0.7634521722793579,7678
2557,41965,0.15456199645996094,0.1387716680765152,-32.20895004272461,0.007920928299427032,3.165505886077881,-9.0,9.0,31.847259521484375,10.18303108215332,1.518707036972046,-0.7716116309165955,7679
2558,41965,0.3016775846481323,0.28458744287490845,-31.471534729003906,0.007926486432552338,3.146477699279785,-9.0,9.0,31.27210807800293,10.227409362792969,1.5486246347427368,-0.7389436960220337,7680
2559,41965,0.13437290489673615,0.1379103660583496,-32.63246154785156,0.007931670174002647,0.701475977897644,-9.0,9.0,32.32790756225586,9.961651802062988,1.54102623462677,-0.7408648729324341,7681
2560,41965,0.1469845026731491,0.14389678835868835,-31.109821319580078,0.007937527261674404,4.677082061767578,-9.0,9.0,30.63698959350586,9.114581108093262,1.6041316986083984,-0.6981284022331238,7682
2561,41965,0.3568827211856842,0.32569658756256104,-31.884292602539062,0.007944028824567795,5.329124450683594,-9.0,9.0,31.67530059814453,9.546372413635254,1.5900208950042725,-0.727794349193573,7683
2562,41965,0.197073295712471,0.1508225053548813,-30.98180389404297,0.007950292900204659,1.5997726917266846,-9.0,9.0,30.624540328979492,9.370922088623047,1.5650379657745361,-0.6913006901741028,7684
2563,41965,0.17595282196998596,0.21575875580310822,-30.72728157043457,0.007956303656101227,1.4300041198730469,-9.0,9.0,30.392921447753906,9.161276817321777,1.564756155014038,-0.6741321682929993,7685
2564,41965,0.14881592988967896,0.17053070664405823,-31.774791717529297,0.007962520234286785,3.149298667907715,-9.0,9.0,31.48854637145996,10.691035270690918,1.5784176588058472,-0.7193902134895325,7686
2565,41965,0.13366515934467316,0.14971676468849182,-31.880443572998047,0.007969015277922153,3.513925313949585,-9.0,9.0,31.674362182617188,9.987387657165527,1.5446914434432983,-0.7249005436897278,7687
2566,41965,0.14899921417236328,0.14899830520153046,-31.023576736450195,0.007975785993039608,3.603466272354126,-9.0,9.0,30.662349700927734,9.852620124816895,1.5908254384994507,-0.7012470364570618,7688
2567,41965,0.12115028500556946,0.1527668535709381,-31.321250915527344,0.00798256229609251,2.6421313285827637,-9.0,9.0,31.01198959350586,9.337821006774902,1.5444395542144775,-0.7022170424461365,7689
2568,41965,0.3568514287471771,0.3213615119457245,-31.764848709106445,0.00798883754760027,0.660055935382843,-9.0,9.0,31.678773880004883,10.13515567779541,1.539523959159851,-0.703239381313324,7690
2569,41965,0.1627332866191864,0.1929163634777069,-32.84944534301758,0.007994618266820908,0.4884171485900879,-9.0,9.0,32.59177017211914,11.233068466186523,1.5051565170288086,-0.7648714780807495,7691
2570,41965,0.24307569861412048,0.31679078936576843,-31.934467315673828,0.00800039991736412,2.2257189750671387,-9.0,9.0,31.447948455810547,10.239949226379395,1.5421775579452515,-0.7226805090904236,7692
2571,41965,0.2797692120075226,0.2565252482891083,-32.212982177734375,0.008006147108972073,2.1000239849090576,-9.0,9.0,31.954692840576172,9.676533699035645,1.5480750799179077,-0.7411166429519653,7693
2572,41965,0.16621661186218262,0.2113877236843109,-31.734394073486328,0.008011508733034134,0.7067975401878357,-9.0,9.0,31.621959686279297,10.362540245056152,1.5460519790649414,-0.7012516856193542,7694
2573,41965,0.2264389991760254,0.2517358958721161,-31.692249298095703,0.00801754742860794,4.7095184326171875,-9.0,9.0,31.446075439453125,10.157184600830078,1.6011074781417847,-0.7259678244590759,7695
2574,41965,0.4824679493904114,0.41904905438423157,-32.1402702331543,0.008023038506507874,0.1934671401977539,-9.0,9.0,31.662649154663086,10.649026870727539,1.5463684797286987,-0.7157155275344849,7696
2575,41965,0.3081776797771454,0.32346779108047485,-31.091815948486328,0.008028285577893257,1.1551709175109863,-9.0,9.0,30.765886306762695,9.666197776794434,1.5535831451416016,-0.696170449256897,7697
2576,41965,0.16559314727783203,0.1857312172651291,-30.747312545776367,0.008033953607082367,3.647827625274658,-9.0,9.0,30.510238647460938,9.245182037353516,1.5881164073944092,-0.7086466550827026,7698
2577,41965,0.1577886939048767,0.1874503642320633,-31.52544593811035,0.008039421401917934,1.403110384941101,-9.0,9.0,31.441730499267578,9.09839916229248,1.5409414768218994,-0.6966441869735718,7699
2578,41965,0.250069260597229,0.28823158144950867,-32.25383758544922,0.008045554161071777,4.671779632568359,-9.0,9.0,31.959606170654297,10.319169998168945,1.574072003364563,-0.7507119178771973,7700
2579,41965,0.21360935270786285,0.21345975995063782,-31.988937377929688,0.008051399141550064,1.2383395433425903,-9.0,9.0,31.46721076965332,9.646224975585938,1.5331270694732666,-0.7454925775527954,7701
2580,41965,0.30473095178604126,0.2853442430496216,-31.04253387451172,0.008056936785578728,1.0473113059997559,-9.0,9.0,30.824474334716797,9.266609191894531,1.538884162902832,-0.6958285570144653,7702
2581,41965,0.14118435978889465,0.16539126634597778,-31.080759048461914,0.008062517270445824,2.268359899520874,-9.0,9.0,30.927242279052734,9.543988227844238,1.5750755071640015,-0.7084084749221802,7703
2582,41965,0.4346840977668762,0.3148498237133026,-31.385231018066406,0.008067789487540722,0.9388806819915771,-9.0,9.0,31.13062286376953,10.373289108276367,1.5657451152801514,-0.6890520453453064,7704
2583,41965,0.24143502116203308,0.24170076847076416,-33.072486877441406,0.008072211407124996,-1.2639410495758057,-9.0,9.0,32.53266525268555,9.428947448730469,1.4973180294036865,-0.7499412894248962,7705
2584,41965,0.23105047643184662,0.18381866812705994,-32.1806755065918,0.008076369762420654,0.6800152063369751,-9.0,9.0,31.796659469604492,10.67046070098877,1.508771300315857,-0.759583055973053,7706
2585,41965,0.35991594195365906,0.31590715050697327,-31.624544143676758,0.008080205880105495,0.34116676449775696,-9.0,9.0,31.667301177978516,9.866537094116211,1.5403746366500854,-0.7309924960136414,7707
2586,41965,0.17717993259429932,0.20627710223197937,-30.295551300048828,0.008083481341600418,-0.6905356645584106,-9.0,9.0,30.002946853637695,9.290472984313965,1.513060450553894,-0.705085813999176,7708
2587,41965,0.3438543379306793,0.33595287799835205,-32.91985321044922,0.008085926063358784,-1.9315874576568604,-9.0,9.0,32.2029914855957,10.6175537109375,1.43839430809021,-0.7604912519454956,7709
2588,41965,0.3405662477016449,0.35878321528434753,-32.256195068359375,0.008088035508990288,-0.35605043172836304,-9.0,9.0,31.715654373168945,10.596160888671875,1.496579885482788,-0.7319309115409851,7710
2589,41965,0.3728545904159546,0.33304932713508606,-31.854412078857422,0.008089342154562473,-2.2590746879577637,-9.0,9.0,31.881816864013672,10.487896919250488,1.4561020135879517,-0.799259603023529,7711
2590,41965,0.22324903309345245,0.2659502327442169,-32.144264221191406,0.008090696297585964,0.67781662940979,-9.0,9.0,31.89456558227539,10.288395881652832,1.4997576475143433,-0.7784748077392578,7712
2591,41965,0.3724876344203949,0.3432607352733612,-33.83283996582031,0.008092143572866917,0.8665623664855957,-9.0,9.0,33.234886169433594,10.518918991088867,1.4702041149139404,-0.8311933875083923,7713
2592,41965,0.29040011763572693,0.2762993574142456,-31.193321228027344,0.008094046264886856,2.2841668128967285,-9.0,9.0,30.73273468017578,10.228663444519043,1.5289820432662964,-0.7481531500816345,7714
2593,41965,0.3358927369117737,0.29192396998405457,-31.58038330078125,0.008096504956483841,2.842885971069336,-9.0,9.0,31.43495750427246,10.017650604248047,1.544054388999939,-0.7721545100212097,7715
2594,41965,0.3849298655986786,0.3259963393211365,-31.964317321777344,0.008099161088466644,1.6735116243362427,-9.0,9.0,31.93745231628418,10.04028034210205,1.5102943181991577,-0.8058433532714844,7716
2595,41965,0.35630717873573303,0.29692792892456055,-32.04197692871094,0.008102236315608025,2.6058526039123535,-9.0,9.0,31.44268798828125,10.077479362487793,1.521445870399475,-0.7793185114860535,7717
2596,41965,0.33299320936203003,0.3591269552707672,-33.1541748046875,0.008104832842946053,-0.663071870803833,-9.0,9.0,32.673927307128906,10.79130744934082,1.4508124589920044,-0.8280232548713684,7718
2597,41965,0.506931483745575,0.45427799224853516,-30.908578872680664,0.008108435198664665,5.4059529304504395,-9.0,9.0,31.042280197143555,9.172574043273926,1.5745185613632202,-0.7782579064369202,7719
2598,41965,0.241317018866539,0.22615933418273926,-31.756946563720703,0.008112186565995216,1.9187356233596802,-9.0,9.0,31.679513931274414,10.894001960754395,1.510771632194519,-0.8103322982788086,7720
2599,41965,0.6876646280288696,0.5009674429893494,-32.462440490722656,0.008116164244711399,2.279492139816284,-9.0,9.0,31.903873443603516,10.371490478515625,1.5247604846954346,-0.7978028059005737,7721
2600,41965,0.40853896737098694,0.3114410936832428,-31.4560546875,0.008119567297399044,-0.6890041828155518,-9.0,9.0,30.862815856933594,9.581679344177246,1.4983751773834229,-0.7631092667579651,7722
2601,41965,0.1998988538980484,0.20418068766593933,-32.25382995605469,0.008123083040118217,1.712836503982544,-9.0,9.0,32.211708068847656,9.803295135498047,1.5270949602127075,-0.7902546525001526,7723
2602,41965,0.3545898199081421,0.30109524726867676,-32.693790435791016,0.008125965483486652,-1.0843214988708496,-9.0,9.0,32.76020050048828,10.908462524414062,1.4650099277496338,-0.814823567867279,7724
2603,41965,0.2925764322280884,0.33012184500694275,-32.88218688964844,0.008129632100462914,4.060029029846191,-9.0,9.0,32.49993133544922,9.781023979187012,1.534009575843811,-0.8054353594779968,7725
2604,41965,0.34764647483825684,0.29742708802223206,-33.547054290771484,0.008133373223245144,1.6554527282714844,-9.0,9.0,32.94232177734375,10.687834739685059,1.467289686203003,-0.8306413292884827,7726
2605,41965,0.22580838203430176,0.2322162389755249,-31.721364974975586,0.00813649594783783,-0.923542857170105,-9.0,9.0,31.629009246826172,9.403648376464844,1.4669407606124878,-0.777125895023346,7727
2606,41965,0.42592236399650574,0.32436221837997437,-31.75680923461914,0.00813931692391634,0.027472734451293945,-9.0,9.0,31.886930465698242,10.099581718444824,1.4549204111099243,-0.7981038689613342,7728
2607,41965,0.37498363852500916,0.31375616788864136,-32.267478942871094,0.008141611702740192,-0.9328930974006653,-9.0,9.0,32.08620071411133,10.789775848388672,1.465020775794983,-0.8315077424049377,7729
2608,41965,0.6454219818115234,0.5633378624916077,-32.99989700317383,0.008143681101500988,0.011657476425170898,-9.0,9.0,32.2281379699707,10.434828758239746,1.4806832075119019,-0.7743670344352722,7730
2609,41965,0.3784082233905792,0.27635347843170166,-32.91830062866211,0.008144538849592209,-3.7844886779785156,-9.0,9.0,32.43193817138672,10.109670639038086,1.451340675354004,-0.7852624654769897,7731
2610,41965,0.44744840264320374,0.4625875949859619,-31.93375587463379,0.008144465275108814,-3.1884779930114746,-9.0,9.0,32.14584732055664,10.216780662536621,1.442616581916809,-0.7758345007896423,7732
2611,41965,0.45374080538749695,0.2800728678703308,-31.67021369934082,0.008143882267177105,-1.9378072023391724,-9.0,9.0,31.697294235229492,9.451531410217285,1.4728323221206665,-0.765268862247467,7733
2612,41965,0.21761833131313324,0.2812093198299408,-32.343605041503906,0.008143167942762375,-0.7187298536300659,-9.0,9.0,31.676206588745117,9.500958442687988,1.4794962406158447,-0.7572129368782043,7734
2613,41965,0.4377552568912506,0.38666442036628723,-32.683937072753906,0.008142027072608471,-1.8789589405059814,-9.0,9.0,31.88361930847168,9.840826034545898,1.465126633644104,-0.7591707110404968,7735
2614,41965,0.8688185214996338,0.9567664861679077,-32.212642669677734,0.008140722289681435,-1.0358097553253174,-9.0,9.0,32.09432601928711,10.243937492370605,1.470764398574829,-0.7743234634399414,7736
2615,41965,0.21397557854652405,0.22723309695720673,-31.147113800048828,0.008139600977301598,0.1947961151599884,-9.0,9.0,31.066370010375977,9.75341510772705,1.5026453733444214,-0.7418857216835022,7737
2616,41965,0.18312163650989532,0.24823273718357086,-31.2202091217041,0.008138894103467464,1.144388198852539,-9.0,9.0,30.873748779296875,9.043047904968262,1.516509771347046,-0.7366541028022766,7738
2617,41965,0.26678743958473206,0.30145397782325745,-32.6192626953125,0.008138813078403473,2.090285539627075,-9.0,9.0,31.999557495117188,10.453238487243652,1.5458544492721558,-0.7425719499588013,7739
2618,41965,0.1455647498369217,0.17676450312137604,-30.966651916503906,0.008139429613947868,2.5857558250427246,-9.0,9.0,30.75820541381836,9.102608680725098,1.566234827041626,-0.7083302140235901,7740
2619,41965,0.3299056589603424,0.37060338258743286,-32.03654098510742,0.008139903657138348,-0.30169281363487244,-9.0,9.0,32.028133392333984,10.007218360900879,1.495788335800171,-0.7427939176559448,7741
2620,41965,0.21863387525081635,0.2869557738304138,-32.28456115722656,0.008140861988067627,1.9915193319320679,-9.0,9.0,31.771602630615234,9.514785766601562,1.518432378768921,-0.7551441788673401,7742
2621,41965,0.42481666803359985,0.4528910219669342,-33.13777542114258,0.008143004961311817,4.855528831481934,-9.0,9.0,32.52313995361328,10.432345390319824,1.600522756576538,-0.733474850654602,7743
2622,41965,0.22817419469356537,0.2297745943069458,-31.99658966064453,0.00814561452716589,2.556375503540039,-9.0,9.0,31.941650390625,9.872709274291992,1.57253098487854,-0.7119402289390564,7744
2623,41965,0.3793596625328064,0.48040783405303955,-31.738048553466797,0.008149242959916592,5.776308536529541,-9.0,9.0,31.619171142578125,9.729928970336914,1.6359416246414185,-0.69268399477005,7745
2624,41965,0.3291543126106262,0.2936011552810669,-32.09138107299805,0.008153604343533516,4.112635612487793,-9.0,9.0,31.60538101196289,9.956719398498535,1.585528016090393,-0.7308059334754944,7746
2625,41965,0.28584012389183044,0.31653764843940735,-32.68207550048828,0.008158808574080467,6.264138221740723,-9.0,9.0,32.05540084838867,10.12592601776123,1.6021926403045654,-0.7456508278846741,7747
2626,41965,0.29280370473861694,0.22502976655960083,-32.701171875,0.008163489401340485,-0.034940123558044434,-9.0,9.0,32.53242874145508,10.733505249023438,1.463750958442688,-0.7421875596046448,7748
2627,41965,0.25142431259155273,0.2936688959598541,-31.85639190673828,0.008168820291757584,4.194495677947998,-9.0,9.0,31.782033920288086,10.115483283996582,1.548470139503479,-0.7267236709594727,7749
2628,41965,0.21607479453086853,0.2751156687736511,-33.54722213745117,0.008174221031367779,2.2384743690490723,-9.0,9.0,33.196590423583984,10.76059627532959,1.5219084024429321,-0.7620193362236023,7750
2629,41965,0.294233500957489,0.2996034622192383,-33.680816650390625,0.008180365897715092,6.6013336181640625,-9.0,9.0,33.207733154296875,10.852753639221191,1.5639716386795044,-0.7830480337142944,7751
2630,41965,0.22421714663505554,0.23760013282299042,-31.598024368286133,0.008186516351997852,2.306394577026367,-9.0,9.0,31.381298065185547,10.155137062072754,1.563333511352539,-0.7065635323524475,7752
2631,41965,0.18965266644954681,0.2228809893131256,-32.425167083740234,0.008191810920834541,-0.9241718649864197,-9.0,9.0,32.307647705078125,10.582042694091797,1.4858354330062866,-0.7457464933395386,7753
2632,41965,0.19685906171798706,0.20348386466503143,-30.674945831298828,0.008196973241865635,1.4599262475967407,-9.0,9.0,30.67695426940918,9.858819007873535,1.5486289262771606,-0.7165101170539856,7754
2633,41965,0.20935958623886108,0.2037246823310852,-32.03330993652344,0.008201312273740768,-1.1614307165145874,-9.0,9.0,31.688404083251953,9.85677719116211,1.5298234224319458,-0.7188796997070312,7755
2634,41965,0.12065833061933517,0.11878013610839844,-31.306522369384766,0.008205040358006954,-0.6769302487373352,-9.0,9.0,31.084453582763672,9.1654052734375,1.5020378828048706,-0.7172770500183105,7756
2635,41965,0.211361825466156,0.1975538283586502,-31.811077117919922,0.00820749718695879,-3.3370189666748047,-9.0,9.0,31.61422348022461,9.426885604858398,1.473939299583435,-0.7065224051475525,7757
2636,41965,0.23508237302303314,0.2571437358856201,-31.49237823486328,0.00820898450911045,-2.6987342834472656,-9.0,9.0,31.24498176574707,9.686165809631348,1.4667059183120728,-0.7054370045661926,7758
2637,41965,0.13058768212795258,0.142032191157341,-30.97846794128418,0.008209333755075932,-3.6933257579803467,-9.0,9.0,30.601207733154297,8.733630180358887,1.4703279733657837,-0.6917743682861328,7759
2638,41965,0.16114847362041473,0.15514563024044037,-32.20227813720703,0.00820848811417818,-4.313443183898926,-9.0,9.0,31.879751205444336,10.597785949707031,1.411476492881775,-0.7320764660835266,7760
2639,41965,0.2942134737968445,0.2872936725616455,-31.88143539428711,0.008207196369767189,-1.9716370105743408,-9.0,9.0,31.73818588256836,9.592071533203125,1.504423975944519,-0.696535587310791,7761
2640,41965,0.4674678444862366,0.477056086063385,-33.343990325927734,0.008204773999750614,-4.68916130065918,-9.0,9.0,33.044532775878906,10.600991249084473,1.4427522420883179,-0.7384361028671265,7762
2641,41965,0.20591668784618378,0.20516395568847656,-32.692630767822266,0.008202067576348782,-1.9707984924316406,-9.0,9.0,32.3663215637207,10.539958000183105,1.4975662231445312,-0.7242639660835266,7763
2642,41965,0.1833263635635376,0.16692562401294708,-31.948110580444336,0.008199024945497513,-2.255615711212158,-9.0,9.0,31.631912231445312,9.70197582244873,1.481001853942871,-0.7216824889183044,7764
2643,41965,0.2550549805164337,0.2671678066253662,-31.285533905029297,0.008195687085390091,-2.2328288555145264,-9.0,9.0,31.154991149902344,9.815957069396973,1.4932005405426025,-0.7039168477058411,7765
2644,41965,0.5580613613128662,0.4821329116821289,-30.966983795166016,0.008191443979740143,-4.640336990356445,-9.0,9.0,30.780759811401367,9.516956329345703,1.4649180173873901,-0.6968904137611389,7766
2645,41965,0.24984781444072723,0.31065496802330017,-31.903722763061523,0.008187093771994114,-1.9811174869537354,-9.0,9.0,31.578325271606445,9.672636032104492,1.511473298072815,-0.7037827372550964,7767
2646,41965,0.2653457522392273,0.29184281826019287,-32.56125259399414,0.008182999677956104,-0.6780211925506592,-9.0,9.0,32.280609130859375,10.182840347290039,1.4794858694076538,-0.7455708384513855,7768
2647,41965,0.23580913245677948,0.23472186923027039,-30.437135696411133,0.00817940291017294,0.3276406526565552,-9.0,9.0,30.454753875732422,9.902576446533203,1.5245269536972046,-0.7366784811019897,7769
2648,41965,0.3354560136795044,0.4213194251060486,-31.1767578125,0.00817580334842205,-1.3531197309494019,-9.0,9.0,31.130451202392578,9.537665367126465,1.5014641284942627,-0.6956615447998047,7770
2649,41965,0.32632529735565186,0.41957956552505493,-33.53154373168945,0.00817251019179821,-0.19310587644577026,-9.0,9.0,32.96671676635742,10.756949424743652,1.4970569610595703,-0.7526121735572815,7771
2650,41965,0.3513413071632385,0.31858503818511963,-32.119667053222656,0.008170261979103088,2.664933204650879,-9.0,9.0,31.817798614501953,10.015599250793457,1.5622562170028687,-0.7075151801109314,7772
2651,41965,0.665014922618866,0.6635634303092957,-31.873708724975586,0.008167963474988937,-1.0241888761520386,-9.0,9.0,31.782264709472656,9.764952659606934,1.4840147495269775,-0.7207170128822327,7773
2652,41965,0.26210153102874756,0.2793218791484833,-31.573482513427734,0.00816535484045744,-2.010369062423706,-9.0,9.0,31.2193603515625,10.357083320617676,1.4671999216079712,-0.7142474055290222,7774
2653,41965,0.3900970220565796,0.4823007583618164,-32.74837875366211,0.0081630889326334,0.3038717210292816,-9.0,9.0,32.13924789428711,10.024251937866211,1.5125943422317505,-0.7132534384727478,7775
2654,41965,0.3531278371810913,0.35772985219955444,-33.59374237060547,0.008160158060491085,-3.3293850421905518,-9.0,9.0,33.332088470458984,10.12844467163086,1.4482609033584595,-0.7657896876335144,7776
2655,41965,0.20002320408821106,0.22605322301387787,-32.2239875793457,0.008157147094607353,-1.3982815742492676,-9.0,9.0,32.03207015991211,9.775981903076172,1.5050288438796997,-0.7291116714477539,7777
2656,41965,0.3930467367172241,0.2986302971839905,-32.29395294189453,0.008154168725013733,-1.009277582168579,-9.0,9.0,31.776365280151367,9.270721435546875,1.4861202239990234,-0.697114109992981,7778
2657,41965,0.20974379777908325,0.22377711534500122,-32.16866683959961,0.008150308392941952,-4.409650802612305,-9.0,9.0,31.895654678344727,9.752434730529785,1.4386266469955444,-0.7160171270370483,7779
2658,41965,1.7997405529022217,1.8916234970092773,-32.24164581298828,0.008145556785166264,-5.147078514099121,-9.0,9.0,31.97990608215332,9.675164222717285,1.4247363805770874,-0.7312531471252441,7780
2659,41965,0.3671083450317383,0.3637687563896179,-31.41544532775879,0.00814003124833107,-4.706949710845947,-9.0,9.0,31.464563369750977,9.359471321105957,1.4556246995925903,-0.7174714207649231,7781
2660,41965,0.8345025777816772,0.8318415880203247,-32.23781967163086,0.008133846335113049,-4.568009376525879,-9.0,9.0,32.12617492675781,11.186924934387207,1.4094116687774658,-0.7763637900352478,7782
2661,41965,0.5292907953262329,0.5664684176445007,-33.615234375,0.008128147572278976,-0.5146932005882263,-9.0,9.0,32.845428466796875,9.741523742675781,1.4907500743865967,-0.7627668976783752,7783
2662,41965,0.28597748279571533,0.3179183304309845,-32.3025016784668,0.008123571053147316,2.074573278427124,-9.0,9.0,31.94324493408203,10.76396656036377,1.5139776468276978,-0.7451946139335632,7784
2663,41965,0.5117257237434387,0.48151570558547974,-34.24091720581055,0.00811996590346098,1.9237494468688965,-9.0,9.0,34.34291076660156,10.972402572631836,1.464522123336792,-0.8147549033164978,7785
2664,41965,0.25829505920410156,0.2974158823490143,-31.070167541503906,0.008116663433611393,-0.21525922417640686,-9.0,9.0,30.950284957885742,9.866944313049316,1.5342506170272827,-0.7001215219497681,7786
2665,41965,0.3921917676925659,0.3804120421409607,-33.400917053222656,0.008114472962915897,2.943199634552002,-9.0,9.0,32.70668029785156,10.344979286193848,1.5389026403427124,-0.7633501887321472,7787
2666,41965,0.3201007544994354,0.27300161123275757,-32.54786682128906,0.008113181218504906,2.556627035140991,-9.0,9.0,32.12734603881836,10.054634094238281,1.5427415370941162,-0.7445508241653442,7788
2667,41965,0.4092242121696472,0.3257851004600525,-31.96431541442871,0.008113115094602108,4.119503498077393,-9.0,9.0,31.94541358947754,9.918587684631348,1.5662673711776733,-0.7662104368209839,7789
2668,41965,0.2710873484611511,0.18917375802993774,-31.828624725341797,0.008113420568406582,1.3733136653900146,-9.0,9.0,31.79829978942871,9.959253311157227,1.5264040231704712,-0.7684859037399292,7790
2669,41965,0.2406485229730606,0.1938261091709137,-31.3433837890625,0.008114546537399292,3.210390090942383,-9.0,9.0,30.819955825805664,9.662809371948242,1.5612375736236572,-0.706088125705719,7791
2670,41965,0.40738046169281006,0.3208889067173004,-31.901411056518555,0.008115634322166443,0.2731832265853882,-9.0,9.0,31.334810256958008,9.727106094360352,1.5096176862716675,-0.7589753270149231,7792
2671,41965,0.33792218565940857,0.2908705770969391,-32.58957290649414,0.008117081597447395,1.7547472715377808,-9.0,9.0,32.29861831665039,10.47114372253418,1.521996259689331,-0.7648389935493469,7793
2672,41965,0.266611248254776,0.23777075111865997,-32.03335189819336,0.008119648322463036,4.762330532073975,-9.0,9.0,31.908382415771484,10.158726692199707,1.5631300210952759,-0.7655333876609802,7794
2673,41965,0.44935616850852966,0.33326709270477295,-32.86500930786133,0.008122878149151802,3.446559429168701,-9.0,9.0,32.70394515991211,10.239392280578613,1.5566660165786743,-0.7506194710731506,7795
2674,41965,0.5033499002456665,0.36909356713294983,-33.707496643066406,0.008125938475131989,0.567798912525177,-9.0,9.0,33.00070571899414,11.408284187316895,1.4797013998031616,-0.787554144859314,7796
2675,41965,0.2135317623615265,0.15778571367263794,-32.88169479370117,0.008129662834107876,3.650733709335327,-9.0,9.0,32.50019454956055,10.014452934265137,1.5424081087112427,-0.76341313123703,7797
2676,41965,0.2847554683685303,0.21688246726989746,-32.47173309326172,0.00813390500843525,3.325840950012207,-9.0,9.0,32.44029235839844,10.573631286621094,1.545105218887329,-0.7639631628990173,7798
2677,41965,0.28412553668022156,0.20297326147556305,-32.76713180541992,0.008138800971210003,4.046993255615234,-9.0,9.0,32.7349739074707,9.898794174194336,1.5520638227462769,-0.7780423164367676,7799
2678,41965,0.32731127738952637,0.24009929597377777,-32.05821228027344,0.008143366314470768,0.575940728187561,-9.0,9.0,31.558361053466797,10.515865325927734,1.5046055316925049,-0.7658613920211792,7800
2679,41965,0.27006375789642334,0.18756690621376038,-33.18589782714844,0.008147929795086384,1.6877795457839966,-9.0,9.0,32.710166931152344,9.97542667388916,1.5082236528396606,-0.7841509580612183,7801
2680,41965,0.19844380021095276,0.20333349704742432,-32.18612289428711,0.008152399212121964,1.337886929512024,-9.0,9.0,32.09024429321289,9.839106559753418,1.5254729986190796,-0.7556591033935547,7802
2681,41965,0.35419321060180664,0.2617245018482208,-32.33264923095703,0.008156843483448029,1.5643060207366943,-9.0,9.0,32.30745315551758,10.239496231079102,1.5402189493179321,-0.7377227544784546,7803
2682,41965,0.29584652185440063,0.3142571747303009,-32.55677795410156,0.008162065409123898,4.560173988342285,-9.0,9.0,32.185569763183594,10.310986518859863,1.5872925519943237,-0.7353028059005737,7804
2683,41965,0.4964452385902405,0.3382897973060608,-33.78151321411133,0.008168049156665802,6.259643077850342,-9.0,9.0,32.996070861816406,10.618780136108398,1.5945607423782349,-0.7684717178344727,7805
2684,41965,0.2699328660964966,0.25538256764411926,-33.064300537109375,0.008174287155270576,3.1653494834899902,-9.0,9.0,32.74938201904297,10.222711563110352,1.5608484745025635,-0.7628812789916992,7806
2685,41965,0.5662017464637756,0.48227572441101074,-33.07402038574219,0.008180654607713223,2.7863869667053223,-9.0,9.0,33.26032638549805,11.388835906982422,1.5136183500289917,-0.8045812249183655,7807
2686,41965,0.22111886739730835,0.17939215898513794,-32.371063232421875,0.008187266066670418,3.2674503326416016,-9.0,9.0,32.17665481567383,10.05350399017334,1.534701943397522,-0.755316436290741,7808
2687,41965,0.42458754777908325,0.45940661430358887,-33.07900619506836,0.008193768560886383,2.034165382385254,-9.0,9.0,32.29083251953125,9.347838401794434,1.546128511428833,-0.7314923405647278,7809
2688,41965,0.316980242729187,0.2609187662601471,-32.81792449951172,0.0082006324082613,3.739039897918701,-9.0,9.0,32.43751525878906,10.346796989440918,1.576198697090149,-0.7603251338005066,7810
2689,41965,0.2480274736881256,0.24099144339561462,-31.50998306274414,0.00820790883153677,4.079667568206787,-9.0,9.0,31.59665870666504,10.033909797668457,1.6017183065414429,-0.7137899398803711,7811
2690,41965,0.4027223289012909,0.28337541222572327,-32.747135162353516,0.008214971981942654,1.8821346759796143,-9.0,9.0,32.764137268066406,10.754741668701172,1.5423247814178467,-0.7320634722709656,7812
2691,41965,0.3277294337749481,0.37971171736717224,-31.985881805419922,0.008222144097089767,2.9948031902313232,-9.0,9.0,31.441070556640625,10.06476879119873,1.5581481456756592,-0.7326294779777527,7813
2692,41965,0.31831544637680054,0.32259780168533325,-32.56941223144531,0.008228972554206848,1.3532298803329468,-9.0,9.0,32.04228591918945,9.794748306274414,1.5267328023910522,-0.7361845374107361,7814
2693,41965,0.1916210651397705,0.28447234630584717,-32.36493682861328,0.008236018940806389,3.3111047744750977,-9.0,9.0,32.260887145996094,10.26447582244873,1.5405288934707642,-0.7401130795478821,7815
2694,41965,0.382602334022522,0.3675174117088318,-32.49662399291992,0.008243165910243988,2.951683521270752,-9.0,9.0,32.56761169433594,10.776185035705566,1.5803250074386597,-0.7452558279037476,7816
2695,41965,0.17474839091300964,0.17564056813716888,-32.99092102050781,0.008250031620264053,1.56502103805542,-9.0,9.0,32.608970642089844,9.987170219421387,1.57724130153656,-0.7279861569404602,7817
2696,41965,0.24308054149150848,0.23733514547348022,-31.193071365356445,0.008256222121417522,0.01232483983039856,-9.0,9.0,30.584949493408203,9.706650733947754,1.540404200553894,-0.695999264717102,7818
2697,41965,0.2356044501066208,0.21260230243206024,-32.856136322021484,0.008261766284704208,-0.11910712718963623,-9.0,9.0,32.50034713745117,10.326677322387695,1.5227959156036377,-0.7362228035926819,7819
2698,41965,0.23283664882183075,0.24598637223243713,-31.377521514892578,0.008267350494861603,2.1690285205841064,-9.0,9.0,31.42906379699707,9.854802131652832,1.5439393520355225,-0.7369976043701172,7820
2699,41965,3.9218878746032715,4.583908557891846,-30.88035011291504,0.008272938430309296,2.0431909561157227,-9.0,9.0,30.728792190551758,9.585453987121582,1.5781441926956177,-0.7041758298873901,7821
2700,41965,0.3695410490036011,0.39114195108413696,-32.60348892211914,0.008277961984276772,-0.05312374234199524,-9.0,9.0,32.57250213623047,9.996520042419434,1.4843722581863403,-0.7485743761062622,7822
2701,41965,0.45899608731269836,0.4628748893737793,-33.5115852355957,0.008283130824565887,2.364351272583008,-9.0,9.0,33.28646469116211,11.376099586486816,1.563750982284546,-0.757561206817627,7823
2702,41965,2.6306211948394775,3.00630784034729,-33.111270904541016,0.008288203738629818,1.5276857614517212,-9.0,9.0,32.469337463378906,10.385509490966797,1.5132935047149658,-0.7699937224388123,7824
2703,41965,0.3159639537334442,0.23985114693641663,-30.734678268432617,0.008292892016470432,0.4175276756286621,-9.0,9.0,30.647470474243164,9.552363395690918,1.5012197494506836,-0.7254785299301147,7825
2704,41965,0.5877035856246948,0.5136234760284424,-31.964462280273438,0.008297567255795002,1.6473768949508667,-9.0,9.0,32.15316390991211,10.400797843933105,1.5251234769821167,-0.7595171332359314,7826
2705,41965,0.43258872628211975,0.3868089020252228,-32.710933685302734,0.008301988244056702,0.763803243637085,-9.0,9.0,32.46499252319336,9.76859188079834,1.5627222061157227,-0.711908757686615,7827
2706,41965,0.5843997001647949,0.49342405796051025,-32.491119384765625,0.008305848576128483,-0.44846245646476746,-9.0,9.0,31.856847763061523,10.3577241897583,1.5048325061798096,-0.7330359816551208,7828
2707,41965,0.38272711634635925,0.35401126742362976,-33.25711441040039,0.008309905417263508,2.1073968410491943,-9.0,9.0,32.85430145263672,10.670642852783203,1.5353370904922485,-0.7526863813400269,7829
2708,41965,0.3045223355293274,0.31271201372146606,-32.790748596191406,0.008314872160553932,5.541296482086182,-9.0,9.0,32.75565719604492,10.060608863830566,1.6195555925369263,-0.7086281776428223,7830
2709,41965,0.5936631560325623,0.6589838862419128,-32.71729278564453,0.008320333436131477,3.596689224243164,-9.0,9.0,32.719852447509766,10.776381492614746,1.5772361755371094,-0.7369568943977356,7831
2710,41965,0.39967548847198486,0.3715001940727234,-32.01256561279297,0.008326135575771332,3.21999192237854,-9.0,9.0,31.538049697875977,10.274398803710938,1.5837186574935913,-0.6836442947387695,7832
2711,41965,0.5596903562545776,0.47560498118400574,-33.586490631103516,0.00833203736692667,2.4509241580963135,-9.0,9.0,33.01564025878906,11.320943832397461,1.5253721475601196,-0.7447589039802551,7833
2712,41965,0.34786897897720337,0.3013818860054016,-32.49447250366211,0.008338671177625656,5.4263811111450195,-9.0,9.0,32.40642547607422,9.950793266296387,1.63165283203125,-0.6784083247184753,7834
2713,41965,0.5088855624198914,0.506806492805481,-32.63652038574219,0.008345918729901314,4.62941837310791,-9.0,9.0,32.70881271362305,10.724153518676758,1.5697160959243774,-0.7416338324546814,7835
2714,41965,0.20065559446811676,0.1872211992740631,-32.160648345947266,0.008353762328624725,5.034600734710693,-9.0,9.0,31.960742950439453,9.778120040893555,1.5832544565200806,-0.6958233714103699,7836
2715,41965,1.42941415309906,1.4564727544784546,-34.48554992675781,0.008361661806702614,3.0253288745880127,-9.0,9.0,34.05546951293945,10.368195533752441,1.541751742362976,-0.7404207587242126,7837
2716,41965,0.40128496289253235,0.34430021047592163,-33.51742935180664,0.008370074443519115,4.716390609741211,-9.0,9.0,33.01243591308594,10.465973854064941,1.578102707862854,-0.7328501343727112,7838
2717,41965,0.3469747006893158,0.376841276884079,-32.51885986328125,0.008378971368074417,5.475507736206055,-9.0,9.0,32.37945556640625,9.510443687438965,1.621708631515503,-0.6924242377281189,7839
2718,41965,0.20751908421516418,0.19065269827842712,-32.490867614746094,0.008388149552047253,4.224547863006592,-9.0,9.0,32.365020751953125,10.373374938964844,1.6289584636688232,-0.6742667555809021,7840
2719,41965,0.18983593583106995,0.22441670298576355,-32.62443542480469,0.008397734723985195,5.353971481323242,-9.0,9.0,32.34175109863281,9.553399085998535,1.6321316957473755,-0.6952651739120483,7841
2720,41965,0.2657860219478607,0.2523529827594757,-32.44562530517578,0.00840768776834011,8.593626022338867,-9.0,9.0,32.008392333984375,9.669075965881348,1.6838834285736084,-0.6785454154014587,7842
2721,41965,0.2656768560409546,0.22116975486278534,-32.22195053100586,0.008417584002017975,3.3481602668762207,-9.0,9.0,31.939363479614258,9.984929084777832,1.6012725830078125,-0.6775926351547241,7843
2722,41965,0.21845035254955292,0.19101400673389435,-32.561370849609375,0.008427821099758148,6.237936973571777,-9.0,9.0,32.35999298095703,10.743158340454102,1.6367454528808594,-0.6865558624267578,7844
2723,41965,0.2816360890865326,0.26721689105033875,-32.918174743652344,0.008438074961304665,3.7130746841430664,-9.0,9.0,32.71660232543945,10.912918090820312,1.5756494998931885,-0.7113503217697144,7845
2724,41965,0.19480393826961517,0.17989051342010498,-30.789596557617188,0.008448631502687931,7.890492916107178,-9.0,9.0,30.35494613647461,9.397539138793945,1.6642372608184814,-0.6532968878746033,7846
2725,41965,0.3173740804195404,0.23715171217918396,-33.54655456542969,0.008459467440843582,5.873283386230469,-9.0,9.0,33.16141128540039,9.551027297973633,1.634511113166809,-0.6941332817077637,7847
2726,41965,0.36424219608306885,0.3133925199508667,-31.614215850830078,0.008469618856906891,1.3746933937072754,-9.0,9.0,31.654232025146484,9.783584594726562,1.5597362518310547,-0.688359797000885,7848
2727,41965,0.34967052936553955,0.31263625621795654,-31.841548919677734,0.00847917515784502,1.4593521356582642,-9.0,9.0,31.86517333984375,9.840328216552734,1.606385350227356,-0.6643378138542175,7849
2728,41965,0.3663794696331024,0.2589947283267975,-33.50472640991211,0.008488678373396397,3.187800407409668,-9.0,9.0,33.13689422607422,10.073995590209961,1.5921624898910522,-0.6762075424194336,7850
2729,41965,0.2663986384868622,0.22451698780059814,-32.509666442871094,0.00849766843020916,1.5255248546600342,-9.0,9.0,32.14945602416992,10.138540267944336,1.5975857973098755,-0.647767186164856,7851
2730,41965,0.2649451196193695,0.2762289345264435,-34.06732940673828,0.008505087345838547,-2.443695068359375,-9.0,9.0,33.8001594543457,10.772043228149414,1.485394835472107,-0.6886914372444153,7852
2731,41965,0.2953168451786041,0.2683311998844147,-32.72373962402344,0.008511286228895187,-1.7226687669754028,-9.0,9.0,32.63319396972656,10.020698547363281,1.4963098764419556,-0.6460328102111816,7853
2732,41965,0.20607493817806244,0.19023169577121735,-32.669254302978516,0.008515524677932262,-5.607615947723389,-9.0,9.0,32.28175354003906,10.066827774047852,1.4488855600357056,-0.6428574323654175,7854
2733,41965,0.2833225727081299,0.2683499753475189,-32.253501892089844,0.00851860735565424,-2.619534730911255,-9.0,9.0,31.922508239746094,9.962306022644043,1.5186220407485962,-0.6461881995201111,7855
2734,41965,0.3141959607601166,0.25685426592826843,-32.129764556884766,0.008520236238837242,-4.076180458068848,-9.0,9.0,32.031131744384766,10.940095901489258,1.494617223739624,-0.6222783923149109,7856
2735,41965,0.2500506043434143,0.18607325851917267,-31.665205001831055,0.008520690724253654,-3.60099196434021,-9.0,9.0,31.513023376464844,9.721986770629883,1.5330564975738525,-0.6153249144554138,7857
2736,41965,0.1331799030303955,0.16237978637218475,-33.10852813720703,0.008520934730768204,-0.5788781642913818,-9.0,9.0,32.778594970703125,10.084113121032715,1.525473713874817,-0.6473683714866638,7858
2737,41965,0.17150810360908508,0.20746716856956482,-31.582321166992188,0.008520406670868397,-2.6677913665771484,-9.0,9.0,31.168319702148438,9.276494026184082,1.5093764066696167,-0.6062577366828918,7859
2738,41965,0.17746707797050476,0.20344653725624084,-32.5284423828125,0.008518671616911888,-4.481179237365723,-9.0,9.0,32.2936897277832,10.278115272521973,1.4753516912460327,-0.6312975287437439,7860
2739,41965,0.15731200575828552,0.15927882492542267,-31.735902786254883,0.008515877649188042,-4.401619911193848,-9.0,9.0,31.62163543701172,9.284526824951172,1.4889545440673828,-0.5916171073913574,7861
2740,41965,0.2185337394475937,0.2537733316421509,-32.000545501708984,0.008512463420629501,-3.215010404586792,-9.0,9.0,31.670970916748047,9.487034797668457,1.5098658800125122,-0.6148771643638611,7862
2741,41965,0.22738303244113922,0.19089163839817047,-32.57156753540039,0.008508109487593174,-4.58679723739624,-9.0,9.0,32.21332931518555,9.227461814880371,1.470813512802124,-0.6099081635475159,7863
2742,41965,0.22489206492900848,0.20351241528987885,-33.32832336425781,0.008503311313688755,-3.135559558868408,-9.0,9.0,32.94369888305664,9.646753311157227,1.4601668119430542,-0.6336439847946167,7864
2743,41965,0.25147008895874023,0.20194853842258453,-33.58463668823242,0.008497940376400948,-3.7806029319763184,-9.0,9.0,33.48509216308594,10.021096229553223,1.4709138870239258,-0.655945897102356,7865
2744,41965,0.22796158492565155,0.2545575499534607,-33.067115783691406,0.008492480032145977,-2.252741575241089,-9.0,9.0,32.82284164428711,10.907373428344727,1.5030912160873413,-0.6155549883842468,7866
2745,41965,0.28584814071655273,0.21644581854343414,-32.34776306152344,0.0084870345890522,-1.901376485824585,-9.0,9.0,31.742511749267578,10.087677001953125,1.493717074394226,-0.6129831671714783,7867
2746,41965,0.5885666608810425,0.458014577627182,-31.920570373535156,0.008481176570057869,-3.448259115219116,-9.0,9.0,31.54254150390625,9.625235557556152,1.4916725158691406,-0.606722354888916,7868
2747,41965,0.12898889183998108,0.1389329433441162,-32.025672912597656,0.008475573733448982,-1.191161870956421,-9.0,9.0,31.88315773010254,9.410750389099121,1.5290337800979614,-0.6046730875968933,7869
2748,41965,0.5435611009597778,0.4197637736797333,-32.93333053588867,0.008470434695482254,-0.3439648151397705,-9.0,9.0,32.812721252441406,10.831292152404785,1.5239942073822021,-0.6401602625846863,7870
2749,41965,0.22162577509880066,0.2715854346752167,-32.354400634765625,0.00846648495644331,2.419605255126953,-9.0,9.0,31.800649642944336,9.67215347290039,1.5791549682617188,-0.6109887361526489,7871
2750,41965,0.3079527020454407,0.21323637664318085,-32.13218688964844,0.008462811820209026,-0.4217090606689453,-9.0,9.0,31.593788146972656,9.983257293701172,1.5290096998214722,-0.6085934638977051,7872
2751,41965,0.1779661327600479,0.1843343824148178,-31.989547729492188,0.00846083927899599,5.263549327850342,-9.0,9.0,31.768882751464844,9.671067237854004,1.5971134901046753,-0.6153760552406311,7873
2752,41965,0.26394304633140564,0.27862972021102905,-32.44824981689453,0.008459290489554405,0.8183457851409912,-9.0,9.0,32.322715759277344,9.269585609436035,1.5288029909133911,-0.6510748863220215,7874
2753,41965,0.09976120293140411,0.10625055432319641,-32.438087463378906,0.008458318188786507,1.50907564163208,-9.0,9.0,32.013343811035156,9.018633842468262,1.5624315738677979,-0.6149201393127441,7875
2754,41965,0.28990259766578674,0.28234851360321045,-33.2315673828125,0.008458685129880905,4.456589221954346,-9.0,9.0,32.462677001953125,10.209834098815918,1.6064879894256592,-0.6622117161750793,7876
2755,41965,0.13038034737110138,0.1565026044845581,-33.15742492675781,0.008459669537842274,2.344658613204956,-9.0,9.0,32.75620651245117,9.710598945617676,1.5427128076553345,-0.6735172271728516,7877
2756,41965,0.18748870491981506,0.2360963225364685,-32.667640686035156,0.00846046395599842,-0.3203248381614685,-9.0,9.0,32.52143478393555,9.845903396606445,1.509520411491394,-0.6676793694496155,7878
2757,41965,0.12656114995479584,0.1444079726934433,-31.970373153686523,0.008462323807179928,4.10263729095459,-9.0,9.0,31.577632904052734,9.956975936889648,1.615511178970337,-0.6507857441902161,7879
2758,41965,0.17671771347522736,0.22111859917640686,-33.430912017822266,0.008465326391160488,5.610325336456299,-9.0,9.0,32.81387710571289,9.8532075881958,1.610439419746399,-0.7064129114151001,7880
2759,41965,0.34416964650154114,0.2934112250804901,-33.66176223754883,0.008468936197459698,3.2531235218048096,-9.0,9.0,33.14997863769531,10.873056411743164,1.549917459487915,-0.7029600739479065,7881
2760,41965,0.4176878333091736,0.36328697204589844,-32.98514175415039,0.008472761139273643,2.061119556427002,-9.0,9.0,32.602561950683594,10.335610389709473,1.5571393966674805,-0.7153550386428833,7882
2761,41965,0.3396472930908203,0.260660320520401,-32.74700164794922,0.008477534167468548,7.865899562835693,-9.0,9.0,32.48942947387695,10.116752624511719,1.6092697381973267,-0.7212874293327332,7883
2762,41965,0.42387962341308594,0.29094570875167847,-33.73330307006836,0.008482543751597404,2.552077293395996,-9.0,9.0,33.41895294189453,10.302912712097168,1.516255259513855,-0.761662483215332,7884
2763,41965,0.3846878409385681,0.3035087287425995,-32.79399871826172,0.008488382212817669,5.20962381362915,-9.0,9.0,32.08617401123047,10.204097747802734,1.6066834926605225,-0.7366246581077576,7885
2764,41965,0.4096505343914032,0.49633288383483887,-34.30238342285156,0.0084949666634202,6.8570756912231445,-9.0,9.0,33.97452163696289,10.437650680541992,1.6089743375778198,-0.7587833404541016,7886
2765,41965,0.16210611164569855,0.17646217346191406,-32.723289489746094,0.008502224460244179,10.0199613571167,-9.0,9.0,32.57917022705078,9.790224075317383,1.6714280843734741,-0.7181688547134399,7887
2766,41965,0.12213429808616638,0.11458535492420197,-31.47056007385254,0.008510089479386806,7.270120620727539,-9.0,9.0,31.263620376586914,9.407479286193848,1.6371489763259888,-0.6933755278587341,7888
2767,41965,0.18298763036727905,0.22802527248859406,-31.466262817382812,0.008518354967236519,4.247021675109863,-9.0,9.0,31.01298713684082,9.77780818939209,1.5898778438568115,-0.7000108957290649,7889
2768,41965,0.1373307704925537,0.12578237056732178,-31.98724937438965,0.008527128957211971,8.013850212097168,-9.0,9.0,31.724454879760742,9.514640808105469,1.6249672174453735,-0.7171258330345154,7890
2769,41965,0.13580913841724396,0.1689450740814209,-33.021217346191406,0.00853636022657156,5.865076065063477,-9.0,9.0,32.886478424072266,10.392549514770508,1.5986536741256714,-0.7122452855110168,7891
2770,41965,0.20330587029457092,0.2799813747406006,-32.644020080566406,0.008546004071831703,6.366210460662842,-9.0,9.0,32.351112365722656,10.450050354003906,1.607221245765686,-0.6883566975593567,7892
2771,41965,0.18898949027061462,0.19532936811447144,-32.3479118347168,0.008556022308766842,5.3221845626831055,-9.0,9.0,31.92243003845215,9.70469856262207,1.583754301071167,-0.7089437246322632,7893
2772,41965,0.2084808349609375,0.1565232127904892,-32.54363250732422,0.008565982803702354,3.3407864570617676,-9.0,9.0,32.038753509521484,10.305590629577637,1.5547115802764893,-0.6961752772331238,7894
2773,41965,0.4002193212509155,0.5186822414398193,-33.28608322143555,0.008575649000704288,2.4496371746063232,-9.0,9.0,33.05587387084961,11.004297256469727,1.5371657609939575,-0.7308356165885925,7895
2774,41965,0.1372017115354538,0.12783131003379822,-32.990882873535156,0.008584383875131607,0.07777059078216553,-9.0,9.0,32.730865478515625,9.96349048614502,1.497645378112793,-0.7194401621818542,7896
2775,41965,0.41409721970558167,0.3605363667011261,-32.80047607421875,0.008593340404331684,3.8707351684570312,-9.0,9.0,32.43133544921875,10.090043067932129,1.5566743612289429,-0.6984608769416809,7897
2776,41965,0.2608101963996887,0.18349139392375946,-33.100616455078125,0.008601523004472256,0.3927890360355377,-9.0,9.0,32.4954948425293,9.86612606048584,1.5280348062515259,-0.7067908048629761,7898
2777,41965,0.20333458483219147,0.19731833040714264,-33.8326416015625,0.00860915519297123,0.9056971073150635,-9.0,9.0,33.49596405029297,10.041472434997559,1.5080699920654297,-0.7360121011734009,7899
2778,41965,0.22782652080059052,0.14840516448020935,-32.663211822509766,0.008616793900728226,2.7062368392944336,-9.0,9.0,32.5625114440918,10.411145210266113,1.5581315755844116,-0.7110684514045715,7900
2779,41965,0.2075836956501007,0.18813785910606384,-32.44134521484375,0.008624576032161713,3.176849603652954,-9.0,9.0,32.283042907714844,10.422266006469727,1.5820045471191406,-0.6975138783454895,7901
2780,41965,0.3580383360385895,0.3299083411693573,-33.615684509277344,0.008631820790469646,0.8170219659805298,-9.0,9.0,33.13271713256836,10.67275333404541,1.4936388731002808,-0.7194110751152039,7902
2781,41965,0.3015860915184021,0.21382246911525726,-33.621463775634766,0.008639690466225147,5.271621227264404,-9.0,9.0,33.249942779541016,9.963634490966797,1.6116878986358643,-0.7109994292259216,7903
2782,41965,0.1726207435131073,0.1575838327407837,-32.91644287109375,0.008647109381854534,1.1505188941955566,-9.0,9.0,32.72957992553711,9.752761840820312,1.5282008647918701,-0.7012831568717957,7904
2783,41965,4.932363986968994,6.145628452301025,-32.05261993408203,0.00865500420331955,4.286911487579346,-9.0,9.0,31.69489860534668,9.97657585144043,1.5600820779800415,-0.6839811205863953,7905
2784,41965,0.2981112599372864,0.28717270493507385,-32.06371307373047,0.008663146756589413,3.615180492401123,-9.0,9.0,32.08864212036133,10.283990859985352,1.5501543283462524,-0.6942125558853149,7906
2785,41965,0.24463088810443878,0.296907514333725,-32.21769332885742,0.008670656010508537,0.608747124671936,-9.0,9.0,32.068748474121094,9.430901527404785,1.5437990427017212,-0.6682919263839722,7907
2786,41965,0.6371805667877197,0.7166311740875244,-33.718177795410156,0.008678771555423737,5.364146709442139,-9.0,9.0,33.17374038696289,10.198522567749023,1.6230089664459229,-0.6716920733451843,7908
2787,41965,0.3031717538833618,0.4357945919036865,-32.54881286621094,0.008686782792210579,2.460494041442871,-9.0,9.0,32.05848693847656,9.291438102722168,1.576910376548767,-0.6704716086387634,7909
2788,41965,0.3456285297870636,0.3167168200016022,-31.96499252319336,0.008694038726389408,0.11787033081054688,-9.0,9.0,31.907062530517578,9.440213203430176,1.530914545059204,-0.6719045639038086,7910
2789,41965,0.4439786374568939,0.6289708018302917,-32.80149841308594,0.008701018989086151,1.5452648401260376,-9.0,9.0,33.03485870361328,10.421323776245117,1.5336378812789917,-0.6926905512809753,7911
2790,41965,0.22771736979484558,0.20285804569721222,-32.22035217285156,0.008706962689757347,-1.2042286396026611,-9.0,9.0,31.83172607421875,9.710533142089844,1.5747126340866089,-0.6431468725204468,7912
2791,41965,0.4831024408340454,0.5482968091964722,-33.42558288574219,0.0087117999792099,-1.8075591325759888,-9.0,9.0,32.69172668457031,10.706677436828613,1.4923665523529053,-0.6875811219215393,7913
2792,41965,0.1852419078350067,0.2971988320350647,-33.35310363769531,0.008716462180018425,1.0555315017700195,-9.0,9.0,32.83042907714844,9.583084106445312,1.5739977359771729,-0.6687374711036682,7914
2793,41965,0.4225996732711792,0.4170851707458496,-33.31034469604492,0.008720790036022663,0.4462893605232239,-9.0,9.0,33.39033126831055,10.39281177520752,1.4915674924850464,-0.723029613494873,7915
2794,41965,0.539993941783905,0.6538375020027161,-32.612701416015625,0.008724146522581577,-1.8740923404693604,-9.0,9.0,32.64982223510742,10.624542236328125,1.5134713649749756,-0.6938174366950989,7916
2795,41965,0.623292863368988,0.6528041958808899,-34.271305084228516,0.008727825246751308,2.2771308422088623,-9.0,9.0,33.61042022705078,11.78516674041748,1.5213128328323364,-0.7077494859695435,7917
2796,41965,0.40872088074684143,0.5300173163414001,-34.63632583618164,0.008731192909181118,0.18813568353652954,-9.0,9.0,33.784706115722656,10.814827919006348,1.5109726190567017,-0.7075100541114807,7918
2797,41965,0.30166059732437134,0.31380733847618103,-33.48475646972656,0.00873514823615551,3.203094959259033,-9.0,9.0,33.35143280029297,10.102338790893555,1.5945311784744263,-0.6823410987854004,7919
2798,41965,0.44213542342185974,0.5600451231002808,-32.09175109863281,0.00874007772654295,5.118920803070068,-9.0,9.0,32.16696548461914,9.55075740814209,1.6387889385223389,-0.6703687906265259,7920
2799,41965,0.19895289838314056,0.19826562702655792,-32.09930419921875,0.008745288476347923,2.6770830154418945,-9.0,9.0,31.914249420166016,10.148218154907227,1.568381428718567,-0.6548279523849487,7921
2800,41965,0.4177961051464081,0.448378324508667,-32.85133361816406,0.008751345798373222,4.942902565002441,-9.0,9.0,32.062156677246094,9.711138725280762,1.6041476726531982,-0.6541081666946411,7922
2801,41965,0.18549150228500366,0.20116741955280304,-32.976783752441406,0.008757415227591991,2.117492914199829,-9.0,9.0,32.51679229736328,9.39300537109375,1.5779788494110107,-0.6675996780395508,7923
2802,41965,0.23674820363521576,0.21679572761058807,-32.304386138916016,0.00876323040574789,1.199101448059082,-9.0,9.0,32.33863067626953,9.210835456848145,1.5793676376342773,-0.6755781769752502,7924
2803,41965,0.30585530400276184,0.31224772334098816,-32.49213409423828,0.008769407868385315,3.2425971031188965,-9.0,9.0,32.5692138671875,10.224648475646973,1.6008778810501099,-0.6889658570289612,7925
2804,41965,0.20230281352996826,0.21529126167297363,-32.82886505126953,0.008775632828474045,2.2727956771850586,-9.0,9.0,32.414981842041016,10.438828468322754,1.576444387435913,-0.6501358151435852,7926
2805,41965,0.29113781452178955,0.31034451723098755,-33.11854553222656,0.008782606571912766,8.604413986206055,-9.0,9.0,32.504825592041016,9.709695816040039,1.674257516860962,-0.6717290878295898,7927
2806,41965,0.16344085335731506,0.18926192820072174,-33.21533966064453,0.008789246901869774,1.2237038612365723,-9.0,9.0,32.972900390625,9.934395790100098,1.5626709461212158,-0.69865882396698,7928
2807,41965,0.3566640019416809,0.3647273778915405,-33.067935943603516,0.00879639945924282,4.051506042480469,-9.0,9.0,33.10666275024414,10.680517196655273,1.587437629699707,-0.7082769274711609,7929
2808,41965,0.17044655978679657,0.19527335464954376,-33.261688232421875,0.008803252130746841,1.3866114616394043,-9.0,9.0,33.02183151245117,9.661781311035156,1.538474202156067,-0.7190380096435547,7930
2809,41965,0.26714086532592773,0.2638857960700989,-33.601104736328125,0.00881063099950552,4.161541938781738,-9.0,9.0,33.044410705566406,9.968269348144531,1.590902328491211,-0.695683479309082,7931
2810,41965,0.14056706428527832,0.14089736342430115,-32.789886474609375,0.008817136287689209,-0.49650877714157104,-9.0,9.0,32.435821533203125,9.193069458007812,1.5443826913833618,-0.6651607751846313,7932
2811,41965,0.21196800470352173,0.22226496040821075,-32.68531036376953,0.00882435031235218,4.663738250732422,-9.0,9.0,32.578060150146484,9.211600303649902,1.5965434312820435,-0.6956749558448792,7933
2812,41965,0.20781996846199036,0.22251278162002563,-32.715946197509766,0.008831101469695568,0.8632534742355347,-9.0,9.0,32.71643829345703,9.779145240783691,1.515537977218628,-0.6937939524650574,7934
2813,41965,0.19005772471427917,0.2309308648109436,-33.92554473876953,0.008838031440973282,2.89247989654541,-9.0,9.0,33.4602165222168,10.507234573364258,1.5789005756378174,-0.717410147190094,7935
2814,41965,0.20107336342334747,0.18606272339820862,-33.603790283203125,0.008843617513775826,-2.2469701766967773,-9.0,9.0,33.1963996887207,10.100727081298828,1.5115680694580078,-0.7036887407302856,7936
2815,41965,0.21820418536663055,0.19929583370685577,-32.307281494140625,0.008848902769386768,0.870111882686615,-9.0,9.0,32.12165832519531,9.41464614868164,1.5315449237823486,-0.6792405247688293,7937
2816,41965,0.260076105594635,0.23809228837490082,-33.63990020751953,0.00885382853448391,0.5615507364273071,-9.0,9.0,33.406982421875,10.196869850158691,1.5001496076583862,-0.73106849193573,7938
2817,41965,0.2810813784599304,0.21813607215881348,-32.93574905395508,0.008858456276357174,0.645666241645813,-9.0,9.0,32.76280212402344,10.068365097045898,1.5405079126358032,-0.6891159415245056,7939
2818,41965,0.31753039360046387,0.3492973744869232,-34.0934944152832,0.008862685412168503,0.2011161744594574,-9.0,9.0,33.738685607910156,10.587675094604492,1.5173112154006958,-0.7077349424362183,7940
2819,41965,0.2599358856678009,0.2524656355381012,-33.225502014160156,0.008865585550665855,-3.081176280975342,-9.0,9.0,32.8835563659668,10.120408058166504,1.4734257459640503,-0.7071670889854431,7941
2820,41965,0.3197224736213684,0.354119211435318,-33.392601013183594,0.008867830038070679,-1.2446751594543457,-9.0,9.0,33.305458068847656,9.869266510009766,1.5152775049209595,-0.7066472768783569,7942
2821,41965,0.15363849699497223,0.20094230771064758,-31.92082405090332,0.008869851939380169,-0.002463400363922119,-9.0,9.0,31.645572662353516,9.332036018371582,1.5292737483978271,-0.6400914192199707,7943
2822,41965,0.165266752243042,0.18567495048046112,-33.39812088012695,0.008871166966855526,-1.714809775352478,-9.0,9.0,33.027618408203125,10.888619422912598,1.4790512323379517,-0.6793609261512756,7944
2823,41965,0.1925896555185318,0.247726172208786,-33.92621994018555,0.008872808888554573,1.5463727712631226,-9.0,9.0,33.7202033996582,10.846418380737305,1.5640987157821655,-0.690732479095459,7945
2824,41965,0.21362772583961487,0.17953546345233917,-32.85428237915039,0.008873376064002514,-3.0845446586608887,-9.0,9.0,32.699310302734375,10.884403228759766,1.507041335105896,-0.6546746492385864,7946
2825,41965,0.29157060384750366,0.30669519305229187,-33.4120979309082,0.008873946964740753,0.20740601420402527,-9.0,9.0,33.060733795166016,10.536528587341309,1.5245192050933838,-0.6597165465354919,7947
2826,41965,0.23294496536254883,0.25416329503059387,-32.9769172668457,0.008873875252902508,-1.9816011190414429,-9.0,9.0,32.638763427734375,10.291190147399902,1.4965816736221313,-0.6604635119438171,7948
2827,41965,0.5930622816085815,0.5570613145828247,-33.70140838623047,0.008872943930327892,-2.9400794506073,-9.0,9.0,33.5095329284668,11.390995025634766,1.4744771718978882,-0.6763495206832886,7949
2828,41965,0.2068634033203125,0.20937521755695343,-33.89676284790039,0.008871996775269508,-0.3774740695953369,-9.0,9.0,33.75114059448242,10.802693367004395,1.538798451423645,-0.6644190549850464,7950
2829,41965,0.2412680685520172,0.25613901019096375,-33.12811279296875,0.008871247991919518,0.35537534952163696,-9.0,9.0,32.77006912231445,11.190330505371094,1.5296335220336914,-0.6172399520874023,7951
2830,41965,0.16109126806259155,0.1919834464788437,-33.53281784057617,0.008870299905538559,-0.9229915142059326,-9.0,9.0,33.0827522277832,10.404402732849121,1.5485414266586304,-0.6362026929855347,7952
2831,41965,0.15091735124588013,0.16453099250793457,-32.39019775390625,0.008869369514286518,-0.2531552016735077,-9.0,9.0,32.12215805053711,9.008957862854004,1.560825228691101,-0.5944632291793823,7953
2832,41965,0.23723694682121277,0.2700626254081726,-32.02449417114258,0.008867898024618626,-2.153123617172241,-9.0,9.0,31.81820297241211,9.995627403259277,1.5279505252838135,-0.6055387258529663,7954
2833,41965,0.48406538367271423,0.5671432018280029,-33.57545852661133,0.008865817449986935,-2.5592360496520996,-9.0,9.0,33.230342864990234,11.0000638961792,1.4822639226913452,-0.6505129933357239,7955
2834,41965,0.30121731758117676,0.2761105000972748,-33.65765380859375,0.008864887990057468,3.18558931350708,-9.0,9.0,33.02903747558594,10.368553161621094,1.6264665126800537,-0.6239561438560486,7956
2835,41965,0.17164447903633118,0.1770179122686386,-32.619041442871094,0.008863775990903378,-0.9176815152168274,-9.0,9.0,32.25826644897461,10.085502624511719,1.5366909503936768,-0.6101431250572205,7957
2836,41965,0.2807234823703766,0.26174312829971313,-32.3939208984375,0.008863028138875961,0.8520774841308594,-9.0,9.0,32.30443572998047,9.629308700561523,1.528436303138733,-0.637264609336853,7958
2837,41965,0.2164728194475174,0.23202350735664368,-32.96809387207031,0.008861967362463474,-1.3105822801589966,-9.0,9.0,32.73796081542969,10.898000717163086,1.516552209854126,-0.6522790789604187,7959
2838,41965,0.24089665710926056,0.23937606811523438,-33.8857421875,0.00886113103479147,0.4008326530456543,-9.0,9.0,33.3313102722168,9.955970764160156,1.531964898109436,-0.657503604888916,7960
2839,41965,0.1933586299419403,0.2878481149673462,-33.35834884643555,0.008860146626830101,-0.780573844909668,-9.0,9.0,32.887245178222656,11.192164421081543,1.4941065311431885,-0.6623715758323669,7961
2840,41965,0.2650582790374756,0.3463275134563446,-34.24153518676758,0.00885914545506239,-0.3858778476715088,-9.0,9.0,34.16058349609375,10.231868743896484,1.5103991031646729,-0.695607602596283,7962
2841,41965,0.2386964112520218,0.23039373755455017,-34.30464553833008,0.008859491907060146,4.212185382843018,-9.0,9.0,34.005279541015625,11.16405963897705,1.5917387008666992,-0.6687071919441223,7963
2842,41965,0.3607809841632843,0.36957594752311707,-32.888702392578125,0.008859165944159031,-2.147564649581909,-9.0,9.0,32.30339813232422,9.672351837158203,1.4915786981582642,-0.6469987630844116,7964
2843,41965,0.23775826394557953,0.2788328528404236,-34.02984619140625,0.008858866058290005,-0.03352139890193939,-9.0,9.0,33.458038330078125,9.77021598815918,1.5443717241287231,-0.6651151776313782,7965
2844,41965,0.19485850632190704,0.21259108185768127,-32.30180740356445,0.008858299814164639,-0.9961668848991394,-9.0,9.0,32.184017181396484,9.849685668945312,1.5254522562026978,-0.656499981880188,7966
2845,41965,0.19954149425029755,0.27504268288612366,-33.62317657470703,0.008858131244778633,1.156636357307434,-9.0,9.0,33.51200866699219,11.580963134765625,1.5549886226654053,-0.6758641004562378,7967
2846,41965,0.16449768841266632,0.17234303057193756,-33.11421585083008,0.008858118206262589,0.46183350682258606,-9.0,9.0,32.62701416015625,10.662826538085938,1.5172606706619263,-0.6800202131271362,7968
2847,41965,0.20876044034957886,0.2759994566440582,-32.98884963989258,0.008858777582645416,2.258014678955078,-9.0,9.0,32.41638946533203,10.017842292785645,1.5721453428268433,-0.691498875617981,7969
2848,41965,0.2819024920463562,0.22224541008472443,-33.199134826660156,0.008860348723828793,3.3020436763763428,-9.0,9.0,32.974098205566406,10.145355224609375,1.575967788696289,-0.6806122064590454,7970
2849,41965,0.3314530551433563,0.41360488533973694,-32.84318161010742,0.008862508460879326,2.5072896480560303,-9.0,9.0,32.74305725097656,10.370467185974121,1.5862160921096802,-0.6663420796394348,7971
2850,41965,0.16121289134025574,0.13426905870437622,-33.173091888427734,0.008865322917699814,2.9245805740356445,-9.0,9.0,32.75165939331055,9.866534233093262,1.5668903589248657,-0.6621609926223755,7972
2851,41965,0.25808635354042053,0.28984808921813965,-33.55547332763672,0.008869094774127007,4.179699897766113,-9.0,9.0,32.991172790527344,10.155325889587402,1.5899704694747925,-0.6738287806510925,7973
2852,41965,0.23413115739822388,0.24642814695835114,-33.45180892944336,0.00887389201670885,5.169208526611328,-9.0,9.0,33.126033782958984,10.876086235046387,1.6400463581085205,-0.6628230214118958,7974
2853,41965,4.8494367599487305,5.194128513336182,-32.513153076171875,0.008878988213837147,2.6028194427490234,-9.0,9.0,32.494991302490234,10.413338661193848,1.6014893054962158,-0.640675961971283,7975
2854,41965,0.24251767992973328,0.364018976688385,-32.79279708862305,0.008884976617991924,6.347860813140869,-9.0,9.0,32.79446792602539,11.094770431518555,1.622191309928894,-0.6779676079750061,7976
2855,41965,0.4235682487487793,0.39632922410964966,-33.54903793334961,0.008891469798982143,3.7078332901000977,-9.0,9.0,33.069278717041016,10.559117317199707,1.6116455793380737,-0.6816344261169434,7977
2856,41965,0.38350871205329895,0.4285142123699188,-33.623512268066406,0.008898718282580376,6.10299825668335,-9.0,9.0,33.05222702026367,10.899412155151367,1.6132620573043823,-0.6752596497535706,7978
2857,41965,0.3091905117034912,0.3486328721046448,-33.9775505065918,0.008906482718884945,4.154412269592285,-9.0,9.0,33.68948745727539,10.644400596618652,1.620247721672058,-0.6729446053504944,7979
2858,41965,0.2653934359550476,0.3196825385093689,-32.789955139160156,0.00891407486051321,2.009911060333252,-9.0,9.0,32.792789459228516,9.753414154052734,1.5763887166976929,-0.6940118670463562,7980
2859,41965,0.2976876497268677,0.38018521666526794,-32.73240661621094,0.008921444416046143,1.7676953077316284,-9.0,9.0,32.78109359741211,10.030282020568848,1.5438894033432007,-0.6788795590400696,7981
2860,41965,0.38271722197532654,0.3910570740699768,-33.706756591796875,0.008928883820772171,2.685962677001953,-9.0,9.0,33.25905990600586,10.139289855957031,1.5697540044784546,-0.7023023366928101,7982
2861,41965,0.2836369276046753,0.40337714552879333,-33.633907318115234,0.008935903199017048,1.044658899307251,-9.0,9.0,33.024444580078125,10.616661071777344,1.5431421995162964,-0.7007226943969727,7983
2862,41965,0.2509361505508423,0.23755691945552826,-32.81575012207031,0.00894314143806696,3.0676655769348145,-9.0,9.0,32.392120361328125,9.418049812316895,1.6283349990844727,-0.6691349148750305,7984
2863,41965,0.2515225410461426,0.2762513756752014,-34.33355712890625,0.008950428105890751,2.5585310459136963,-9.0,9.0,34.15154266357422,11.41595458984375,1.5685386657714844,-0.7171366810798645,7985
2864,41965,0.420136958360672,0.378386914730072,-33.53714370727539,0.008958399295806885,7.047669410705566,-9.0,9.0,33.202022552490234,9.5245943069458,1.6284997463226318,-0.6967698931694031,7986
2865,41965,0.23622870445251465,0.35005176067352295,-34.10894775390625,0.008966989815235138,7.675353050231934,-9.0,9.0,33.657535552978516,10.049040794372559,1.659674882888794,-0.697354257106781,7987
2866,41965,0.28661465644836426,0.3150007724761963,-34.31599807739258,0.008976136334240437,8.813441276550293,-9.0,9.0,33.866249084472656,10.006280899047852,1.646691918373108,-0.726131021976471,7988
2867,41965,0.3430192470550537,0.3255099356174469,-32.61406707763672,0.008985783904790878,5.534327507019043,-9.0,9.0,32.49258041381836,10.043900489807129,1.647218108177185,-0.6648189425468445,7989
2868,41965,0.27151042222976685,0.3353635370731354,-32.695899963378906,0.008995850570499897,4.591279029846191,-9.0,9.0,32.59196853637695,9.749396324157715,1.5948890447616577,-0.7090621590614319,7990
2869,41965,0.4714474081993103,0.4335778057575226,-33.02485656738281,0.00900633167475462,5.2920660972595215,-9.0,9.0,32.69186782836914,10.75406265258789,1.580641746520996,-0.7136038541793823,7991
2870,41965,0.402063250541687,0.47367915511131287,-33.40993881225586,0.009016906842589378,3.7724268436431885,-9.0,9.0,32.91817092895508,10.239652633666992,1.600721001625061,-0.6657928824424744,7992
2871,41965,0.24862664937973022,0.29569169878959656,-32.91704559326172,0.00902718398720026,2.4753975868225098,-9.0,9.0,32.58941650390625,10.093949317932129,1.568482756614685,-0.6656484007835388,7993
2872,41965,0.15512515604496002,0.20185792446136475,-31.825061798095703,0.009037856943905354,4.88831090927124,-9.0,9.0,31.75356674194336,9.33713150024414,1.6236333847045898,-0.6668877601623535,7994
2873,41965,0.21205687522888184,0.2758416533470154,-33.0265007019043,0.0090488838031888,5.075875759124756,-9.0,9.0,32.89106750488281,10.407103538513184,1.62114679813385,-0.689789354801178,7995
2874,41965,0.3225955367088318,0.5307691097259521,-33.71598434448242,0.00905943475663662,2.0242552757263184,-9.0,9.0,33.45966339111328,10.488697052001953,1.5821422338485718,-0.6906909942626953,7996
2875,41965,0.269728422164917,0.3435489535331726,-33.320892333984375,0.009070358239114285,4.717456340789795,-9.0,9.0,32.71221923828125,10.565098762512207,1.616830825805664,-0.66199791431427,7997
2876,41965,0.6364356875419617,0.6324105262756348,-32.75547790527344,0.009081614203751087,4.923569679260254,-9.0,9.0,32.44352722167969,9.722330093383789,1.6386849880218506,-0.6491476893424988,7998
2877,41965,0.297468364238739,0.2822211682796478,-33.07570266723633,0.009093175642192364,5.528186798095703,-9.0,9.0,32.91956329345703,10.534524917602539,1.6362800598144531,-0.6633860468864441,7999
2878,41965,0.20464353263378143,0.20092150568962097,-32.851688385009766,0.00910479947924614,3.9842264652252197,-9.0,9.0,32.71099853515625,9.894603729248047,1.618598222732544,-0.634003758430481,8000
2879,41965,0.18739019334316254,0.18918707966804504,-33.17108917236328,0.009115842171013355,1.8618736267089844,-9.0,9.0,32.8635139465332,9.505715370178223,1.595516324043274,-0.651878833770752,8001
2880,41965,0.3411250710487366,0.3780515491962433,-34.235591888427734,0.00912646297365427,2.1944172382354736,-9.0,9.0,33.759803771972656,10.632119178771973,1.5364705324172974,-0.7007548213005066,8002
2881,41965,0.22413313388824463,0.1882665455341339,-33.09058380126953,0.009136756882071495,2.377584934234619,-9.0,9.0,32.813262939453125,9.644754409790039,1.5626909732818604,-0.6498091816902161,8003
2882,41965,0.23703064024448395,0.2932446599006653,-32.80459976196289,0.009146163240075111,0.41994988918304443,-9.0,9.0,32.831912994384766,10.051170349121094,1.542331337928772,-0.6776325106620789,8004
2883,41965,0.19107577204704285,0.28578001260757446,-33.61811447143555,0.009154964238405228,1.049466609954834,-9.0,9.0,33.43804931640625,10.13697624206543,1.5458028316497803,-0.6734165549278259,8005
2884,41965,0.23718418180942535,0.23934441804885864,-33.378334045410156,0.009162090718746185,-2.618831157684326,-9.0,9.0,32.89041519165039,10.207249641418457,1.5057038068771362,-0.6513747572898865,8006
2885,41965,0.31943535804748535,0.2833127975463867,-33.5806770324707,0.009168585762381554,0.24055689573287964,-9.0,9.0,33.36589050292969,9.906473159790039,1.534604787826538,-0.6764823198318481,8007
2886,41965,0.2035224884748459,0.18853889405727386,-33.28437042236328,0.009173037484288216,-4.542901039123535,-9.0,9.0,33.07987976074219,10.4839506149292,1.4589864015579224,-0.6638878583908081,8008
2887,41965,0.21008573472499847,0.27387532591819763,-32.77366256713867,0.009176213294267654,-2.709977626800537,-9.0,9.0,32.55231475830078,9.918045997619629,1.4799286127090454,-0.6598774790763855,8009
2888,41965,0.2528902590274811,0.2701987624168396,-34.047176361083984,0.009178209118545055,-2.826016426086426,-9.0,9.0,33.961368560791016,10.848190307617188,1.478281021118164,-0.6926499605178833,8010
2889,41965,0.20616117119789124,0.26262959837913513,-33.524566650390625,0.00917856302112341,-5.956862926483154,-9.0,9.0,33.197017669677734,10.346370697021484,1.41105055809021,-0.6943632364273071,8011
2890,41965,0.18574965000152588,0.19727635383605957,-32.77976989746094,0.009177972562611103,-2.9710004329681396,-9.0,9.0,32.344688415527344,9.788519859313965,1.5025056600570679,-0.6485708951950073,8012
2891,41965,0.16090567409992218,0.16364720463752747,-33.162559509277344,0.009176383726298809,-3.4438467025756836,-9.0,9.0,32.88520431518555,9.942883491516113,1.4833815097808838,-0.6582542657852173,8013
2892,41965,0.2587994337081909,0.2890240550041199,-34.69927978515625,0.009173518046736717,-6.091498374938965,-9.0,9.0,34.509681701660156,11.280963897705078,1.4073067903518677,-0.7105066180229187,8014
2893,41965,0.18891794979572296,0.2264392226934433,-33.86845779418945,0.009169504046440125,-5.192575931549072,-9.0,9.0,33.53289031982422,10.659401893615723,1.4745323657989502,-0.6719936728477478,8015
2894,41965,0.19958245754241943,0.22433441877365112,-34.470977783203125,0.009164826013147831,-3.489840030670166,-9.0,9.0,33.93986511230469,9.992431640625,1.4671941995620728,-0.6777014136314392,8016
2895,41965,0.1775171160697937,0.18461613357067108,-33.2178955078125,0.009159513749182224,-3.6263887882232666,-9.0,9.0,32.86775207519531,10.09682559967041,1.4790763854980469,-0.6752510666847229,8017
2896,41965,0.19400270283222198,0.21046043932437897,-34.0069694519043,0.009153815917670727,-3.014805793762207,-9.0,9.0,33.82891845703125,10.437764167785645,1.4846583604812622,-0.706293523311615,8018
2897,41965,0.15380945801734924,0.16084331274032593,-33.025421142578125,0.009147493168711662,-3.9246387481689453,-9.0,9.0,32.77155685424805,10.417418479919434,1.4719622135162354,-0.6757828593254089,8019
2898,41965,0.17776648700237274,0.2129705548286438,-34.124488830566406,0.009141013957560062,-2.6121721267700195,-9.0,9.0,33.58787155151367,10.38392448425293,1.5092130899429321,-0.6793719530105591,8020
2899,41965,0.14665405452251434,0.13515605032444,-33.85111999511719,0.00913518387824297,0.013950169086456299,-9.0,9.0,33.4922981262207,10.006636619567871,1.5056241750717163,-0.6818193793296814,8021
2900,41965,0.12320576608181,0.1451083868741989,-34.004146575927734,0.009128926321864128,-3.336961507797241,-9.0,9.0,33.76981735229492,10.233078002929688,1.4849940538406372,-0.6912077069282532,8022
2901,41965,0.22097431123256683,0.2122345268726349,-32.941585540771484,0.009122929535806179,-1.2103679180145264,-9.0,9.0,32.62979507446289,10.2057466506958,1.5398916006088257,-0.6812613606452942,8023
2902,41965,0.1514182686805725,0.13533568382263184,-32.90736770629883,0.009118424728512764,2.9232001304626465,-9.0,9.0,32.47016143798828,10.150032043457031,1.5796633958816528,-0.665307879447937,8024
2903,41965,0.14038358628749847,0.15636011958122253,-33.198081970214844,0.009114646352827549,0.921082615852356,-9.0,9.0,32.84346008300781,9.928966522216797,1.55866539478302,-0.6729540824890137,8025
2904,41965,0.27272579073905945,0.2828541696071625,-34.28443145751953,0.009111431427299976,0.6087596416473389,-9.0,9.0,34.101661682128906,10.790505409240723,1.5315767526626587,-0.7037573456764221,8026
2905,41965,0.19475828111171722,0.18401280045509338,-34.76869583129883,0.009108819998800755,0.9247664213180542,-9.0,9.0,34.47391128540039,10.828393936157227,1.5223647356033325,-0.7234548926353455,8027
2906,41965,0.1097327172756195,0.12648773193359375,-32.49850082397461,0.009107169695198536,2.298316478729248,-9.0,9.0,32.046356201171875,9.280838966369629,1.5591728687286377,-0.6738452911376953,8028
2907,41965,0.24080510437488556,0.2634536027908325,-34.3054084777832,0.009106075391173363,1.296862006187439,-9.0,9.0,33.93549346923828,10.38742733001709,1.5251178741455078,-0.7168775796890259,8029
2908,41965,0.16589811444282532,0.17022596299648285,-34.86957550048828,0.00910603255033493,3.086967945098877,-9.0,9.0,34.469573974609375,9.868568420410156,1.5553405284881592,-0.7369874715805054,8030
2909,41965,0.14466947317123413,0.18000473082065582,-33.63191604614258,0.009106970392167568,3.2212653160095215,-9.0,9.0,33.25955581665039,9.916070938110352,1.5620702505111694,-0.7303252816200256,8031
2910,41965,0.3733333647251129,0.36620181798934937,-35.24265670776367,0.009109219536185265,4.630446434020996,-9.0,9.0,34.90956497192383,10.978150367736816,1.6018561124801636,-0.7242439985275269,8032
2911,41965,0.1224818080663681,0.12128156423568726,-33.81840896606445,0.009112673811614513,6.378742218017578,-9.0,9.0,33.440528869628906,9.610902786254883,1.6520016193389893,-0.6913295388221741,8033
2912,41965,0.3174135386943817,0.253618061542511,-34.03120422363281,0.009115689434111118,-0.31521719694137573,-9.0,9.0,33.56373596191406,10.187553405761719,1.533463716506958,-0.713568389415741,8034
2913,41965,0.2779516875743866,0.36792421340942383,-32.71122360229492,0.00911884568631649,1.4443185329437256,-9.0,9.0,32.71039962768555,9.395230293273926,1.5538009405136108,-0.7263590693473816,8035
2914,41965,0.17541316151618958,0.11919158697128296,-33.461936950683594,0.009123113006353378,5.5468668937683105,-9.0,9.0,33.25007629394531,10.669367790222168,1.610729455947876,-0.6938740611076355,8036
2915,41965,0.3024715483188629,0.3670637905597687,-34.27580642700195,0.009127529338002205,1.8884409666061401,-9.0,9.0,33.82563781738281,10.69296932220459,1.5738862752914429,-0.7187299132347107,8037
2916,41965,0.17392253875732422,0.22419029474258423,-33.66936111450195,0.009132030420005322,1.710798740386963,-9.0,9.0,33.396934509277344,9.766762733459473,1.5608245134353638,-0.6915784478187561,8038
2917,41965,0.16055037081241608,0.20555950701236725,-32.76573181152344,0.009135758504271507,-1.0696877241134644,-9.0,9.0,32.611900329589844,10.281203269958496,1.5315580368041992,-0.7020058631896973,8039
2918,41965,0.18391820788383484,0.17962698638439178,-33.827049255371094,0.009140408597886562,4.240450859069824,-9.0,9.0,33.62569046020508,10.18725872039795,1.588064432144165,-0.6867756843566895,8040
2919,41965,0.25821322202682495,0.283599853515625,-34.250396728515625,0.009144318290054798,-0.9040745496749878,-9.0,9.0,33.97700500488281,10.870448112487793,1.504962682723999,-0.7212243676185608,8041
2920,41965,0.41777804493904114,0.32224151492118835,-34.59895706176758,0.009147502481937408,-1.1136044263839722,-9.0,9.0,33.99403381347656,10.669042587280273,1.4951473474502563,-0.725831925868988,8042
2921,41965,3.771228551864624,3.8707451820373535,-33.70294952392578,0.009150233119726181,-0.4488835334777832,-9.0,9.0,33.27702713012695,10.11793327331543,1.4910296201705933,-0.7175367474555969,8043
2922,41965,0.7006707191467285,0.5845478177070618,-32.70680236816406,0.009152009151875973,-2.223996639251709,-9.0,9.0,33.07709503173828,10.107865333557129,1.514331579208374,-0.6775959134101868,8044
2923,41965,0.35386353731155396,0.3777318596839905,-34.504661560058594,0.009153924882411957,1.0251041650772095,-9.0,9.0,34.385711669921875,11.333627700805664,1.5439265966415405,-0.7211942076683044,8045
2924,41965,0.5188534259796143,0.48264187574386597,-34.64186477661133,0.009154208935797215,-4.7736945152282715,-9.0,9.0,33.84568405151367,10.97099494934082,1.4385759830474854,-0.7113527059555054,8046
2925,41965,0.38906100392341614,0.3232158124446869,-33.3622932434082,0.009154383093118668,-0.2705056071281433,-9.0,9.0,32.631195068359375,9.252152442932129,1.5137547254562378,-0.6691649556159973,8047
2926,41965,0.4521518647670746,0.49385762214660645,-33.538970947265625,0.009154990315437317,1.462762475013733,-9.0,9.0,33.69814682006836,10.309572219848633,1.5288358926773071,-0.7010263204574585,8048
2927,41965,0.462963730096817,0.37092918157577515,-33.39155197143555,0.009155688807368279,0.5066367387771606,-9.0,9.0,33.50332260131836,9.757043838500977,1.5583581924438477,-0.6863061189651489,8049
2928,41965,0.2934265434741974,0.28313976526260376,-34.58008575439453,0.009156487882137299,0.5526063442230225,-9.0,9.0,34.167449951171875,9.975939750671387,1.532322645187378,-0.7092685699462891,8050
2929,41965,0.67875075340271,0.5909553170204163,-34.72651672363281,0.009157299995422363,0.303178608417511,-9.0,9.0,34.079345703125,10.96965217590332,1.49380624294281,-0.7372978925704956,8051
2930,41965,0.39093777537345886,0.29942381381988525,-34.17039108276367,0.009158461354672909,1.3932929039001465,-9.0,9.0,33.81377029418945,10.668530464172363,1.5662022829055786,-0.6912599205970764,8052
2931,41965,0.6137613654136658,0.5182250738143921,-34.251976013183594,0.009159369394183159,-0.43998706340789795,-9.0,9.0,34.41871643066406,11.260782241821289,1.4865169525146484,-0.7301459312438965,8053
2932,41965,0.6179790496826172,0.7387546896934509,-32.77422332763672,0.009159989655017853,-0.6439566612243652,-9.0,9.0,32.67105484008789,10.373838424682617,1.5061722993850708,-0.6684725880622864,8054
2933,41965,0.5096319913864136,0.5355392694473267,-33.5072021484375,0.009160325862467289,-0.7261237502098083,-9.0,9.0,32.909629821777344,10.063004493713379,1.5310319662094116,-0.6820460557937622,8055
2934,41965,0.32063034176826477,0.3269462287425995,-33.98091125488281,0.009160876274108887,0.8055561780929565,-9.0,9.0,33.59981155395508,10.45157527923584,1.5245733261108398,-0.6911796927452087,8056
2935,41965,0.4523288607597351,0.5739073157310486,-33.06440734863281,0.00916212610900402,2.4428319931030273,-9.0,9.0,33.348121643066406,10.05284309387207,1.5786362886428833,-0.6800727844238281,8057
2936,41965,0.4571533799171448,0.4355376064777374,-34.128536224365234,0.009163803420960903,1.8004040718078613,-9.0,9.0,34.185726165771484,11.056381225585938,1.5233955383300781,-0.6838498115539551,8058
2937,41965,0.35967862606048584,0.39254873991012573,-34.062103271484375,0.009166758507490158,5.0619049072265625,-9.0,9.0,33.556846618652344,9.850329399108887,1.6092275381088257,-0.6709566116333008,8059
2938,41965,0.5988432168960571,0.6230815649032593,-34.18581771850586,0.0091699892655015,1.847592830657959,-9.0,9.0,33.52156066894531,10.074971199035645,1.5577400922775269,-0.6717142462730408,8060
2939,41965,0.17064440250396729,0.2107156217098236,-32.897377014160156,0.00917250756174326,-1.2710821628570557,-9.0,9.0,32.688682556152344,9.650644302368164,1.5543943643569946,-0.6413721442222595,8061
2940,41965,0.34002387523651123,0.36990198493003845,-33.68408966064453,0.009176025167107582,4.060982704162598,-9.0,9.0,33.70899200439453,9.7733736038208,1.575905442237854,-0.6480345726013184,8062
2941,41965,0.23856845498085022,0.2390289604663849,-33.97174835205078,0.009180638007819653,4.739269733428955,-9.0,9.0,33.77073287963867,11.487794876098633,1.6078603267669678,-0.6334571838378906,8063
2942,41965,0.30136606097221375,0.3793927729129791,-34.34449768066406,0.00918500404804945,0.6837073564529419,-9.0,9.0,33.857154846191406,9.977288246154785,1.5552512407302856,-0.6565517783164978,8064
2943,41965,0.27219972014427185,0.265262633562088,-33.38799285888672,0.009187838062644005,-3.556865692138672,-9.0,9.0,33.03491973876953,10.541828155517578,1.5003122091293335,-0.633996307849884,8065
2944,41965,0.29522499442100525,0.43324771523475647,-35.0483512878418,0.009190221317112446,-0.535399317741394,-9.0,9.0,35.008888244628906,10.645584106445312,1.51311457157135,-0.6620450615882874,8066
2945,41965,0.21306616067886353,0.21121209859848022,-34.415592193603516,0.009191930294036865,-1.4147956371307373,-9.0,9.0,34.1862907409668,10.33371639251709,1.5059096813201904,-0.6532935500144958,8067
2946,41965,0.3617549538612366,0.391581654548645,-33.367698669433594,0.009193303063511848,-0.5441108345985413,-9.0,9.0,32.80234909057617,11.050639152526855,1.550454020500183,-0.6376868486404419,8068
2947,41965,0.310199111700058,0.2870420217514038,-33.83055114746094,0.009193162433803082,-4.444493770599365,-9.0,9.0,33.541015625,10.913261413574219,1.4809831380844116,-0.656949520111084,8069
2948,41965,0.5779154300689697,0.46340933442115784,-34.59738540649414,0.009191724471747875,-4.239019870758057,-9.0,9.0,34.38053512573242,11.441507339477539,1.4553478956222534,-0.6676937937736511,8070
2949,41965,0.2219771146774292,0.2669477164745331,-33.56061553955078,0.009189195930957794,-3.9960949420928955,-9.0,9.0,33.10323715209961,10.115484237670898,1.4774425029754639,-0.6363286972045898,8071
2950,41965,0.21877112984657288,0.2275446057319641,-33.86759948730469,0.00918547622859478,-6.128351211547852,-9.0,9.0,33.40174102783203,8.799614906311035,1.4548479318618774,-0.6304564476013184,8072
2951,41965,0.23307238519191742,0.20854057371616364,-33.775299072265625,0.009180690161883831,-8.007586479187012,-9.0,9.0,33.529476165771484,10.547868728637695,1.3995444774627686,-0.6460148692131042,8073
2952,41965,0.28892388939857483,0.2834979295730591,-33.13695526123047,0.009175412356853485,-3.151888132095337,-9.0,9.0,33.030269622802734,8.750517845153809,1.4757827520370483,-0.6358962655067444,8074
2953,41965,0.37843528389930725,0.33803147077560425,-34.78856658935547,0.009169228374958038,-5.434310436248779,-9.0,9.0,34.438655853271484,11.616775512695312,1.42569100856781,-0.6784588098526001,8075
2954,41965,0.350602388381958,0.3104896545410156,-34.82955551147461,0.009162231348454952,-5.299422740936279,-9.0,9.0,34.29960250854492,11.379277229309082,1.4585716724395752,-0.6613259315490723,8076
2955,41965,0.22364875674247742,0.2595648765563965,-33.760040283203125,0.009154506027698517,-6.0624775886535645,-9.0,9.0,33.553070068359375,10.598889350891113,1.4382823705673218,-0.664691150188446,8077
2956,41965,0.40037909150123596,0.43232008814811707,-33.17356491088867,0.009146127849817276,-5.542734622955322,-9.0,9.0,33.194313049316406,10.051825523376465,1.4664069414138794,-0.6277621388435364,8078
2957,41965,0.2144576758146286,0.2790752053260803,-34.7447509765625,0.009137479588389397,-3.6545965671539307,-9.0,9.0,34.388671875,10.422174453735352,1.4834212064743042,-0.644494354724884,8079
2958,41965,0.3122870922088623,0.3217732310295105,-33.694061279296875,0.009128278121352196,-6.261789321899414,-9.0,9.0,33.20936584472656,9.60349178314209,1.4735734462738037,-0.6195662617683411,8080
2959,41965,0.2982802391052246,0.3239843547344208,-33.90266036987305,0.009118789806962013,-4.010308265686035,-9.0,9.0,33.57851028442383,11.33199691772461,1.4631397724151611,-0.64748615026474,8081
2960,41965,0.25856778025627136,0.2543596923351288,-33.82746124267578,0.00910922884941101,-3.385803699493408,-9.0,9.0,33.694923400878906,10.856011390686035,1.4807586669921875,-0.6617918014526367,8082
2961,41965,0.19225279986858368,0.18057064712047577,-33.65386199951172,0.009100324474275112,-1.0024676322937012,-9.0,9.0,33.369239807128906,10.229516983032227,1.5416988134384155,-0.6436297297477722,8083
2962,41965,0.3568568825721741,0.3183715045452118,-34.90025329589844,0.009090899489820004,-5.042779922485352,-9.0,9.0,34.365203857421875,10.957939147949219,1.4504516124725342,-0.6585957407951355,8084
2963,41965,0.20327091217041016,0.1801430583000183,-33.275970458984375,0.009081684052944183,-2.45326828956604,-9.0,9.0,32.93242263793945,8.833008766174316,1.4955781698226929,-0.6297160983085632,8085
2964,41965,0.23185472190380096,0.2496522217988968,-33.021114349365234,0.009073944762349129,1.8191627264022827,-9.0,9.0,32.81522750854492,10.325492858886719,1.5508297681808472,-0.6766868233680725,8086
2965,41965,0.22523058950901031,0.2304431051015854,-32.8459358215332,0.0090662632137537,-2.385361433029175,-9.0,9.0,32.643028259277344,9.479909896850586,1.4926542043685913,-0.6704111099243164,8087
2966,41965,0.25463929772377014,0.25035709142684937,-34.646331787109375,0.009059288538992405,-0.2095983624458313,-9.0,9.0,34.33750915527344,11.336089134216309,1.5186768770217896,-0.6958290934562683,8088
2967,41965,0.23544056713581085,0.24816180765628815,-33.24647521972656,0.009053273126482964,0.8665193319320679,-9.0,9.0,32.86842727661133,9.735594749450684,1.5421544313430786,-0.6868945956230164,8089
2968,41965,0.26869016885757446,0.22698689997196198,-34.15098571777344,0.00904748123139143,-1.2627570629119873,-9.0,9.0,33.635231018066406,10.619601249694824,1.5075528621673584,-0.7071511149406433,8090
2969,41965,0.4152493476867676,0.39598554372787476,-33.562129974365234,0.009042504243552685,0.7874944806098938,-9.0,9.0,33.324337005615234,10.035962104797363,1.5172792673110962,-0.708128035068512,8091
2970,41965,0.29528456926345825,0.22141911089420319,-32.94134521484375,0.009037038311362267,-3.2781636714935303,-9.0,9.0,32.863712310791016,10.210892677307129,1.47138512134552,-0.7036465406417847,8092
2971,41965,0.16909882426261902,0.16116675734519958,-33.49525451660156,0.009031390771269798,-2.4275760650634766,-9.0,9.0,33.171287536621094,10.517806053161621,1.4649181365966797,-0.7262974977493286,8093
2972,41965,0.2556752562522888,0.1775992214679718,-34.194549560546875,0.009025165811181068,-3.808018207550049,-9.0,9.0,33.6166877746582,10.585763931274414,1.4523181915283203,-0.7339876890182495,8094
2973,41965,0.21188025176525116,0.1618700921535492,-34.78363800048828,0.00901940930634737,-0.5193913578987122,-9.0,9.0,34.27400207519531,10.455595016479492,1.4959914684295654,-0.7549325227737427,8095
2974,41965,0.24701423943042755,0.22036787867546082,-34.237159729003906,0.009014331735670567,0.3367384672164917,-9.0,9.0,34.10327911376953,10.57515811920166,1.4978371858596802,-0.7442083954811096,8096
2975,41965,0.37498098611831665,0.32450026273727417,-34.612247467041016,0.009009875357151031,0.3887314200401306,-9.0,9.0,34.463191986083984,11.866868019104004,1.5037184953689575,-0.7799752354621887,8097
2976,41965,0.25394541025161743,0.25225216150283813,-34.95103454589844,0.009006112813949585,0.8150484561920166,-9.0,9.0,34.45435333251953,10.63332748413086,1.5029631853103638,-0.7768129706382751,8098
2977,41965,0.3596164882183075,0.297962486743927,-34.74281311035156,0.009004129096865654,4.664376258850098,-9.0,9.0,34.2651481628418,10.708958625793457,1.5383082628250122,-0.7913810610771179,8099
2978,41965,0.1969926357269287,0.17489296197891235,-34.68623352050781,0.00900290533900261,1.8694052696228027,-9.0,9.0,34.36870574951172,10.743293762207031,1.5239604711532593,-0.7586029171943665,8100
2979,41965,0.4863583445549011,0.3390965461730957,-35.05535888671875,0.009001686237752438,-0.3974571228027344,-9.0,9.0,35.02610397338867,11.357792854309082,1.4893442392349243,-0.7542467713356018,8101
2980,41965,0.2321702390909195,0.21809938549995422,-34.12156677246094,0.009000982157886028,1.3116264343261719,-9.0,9.0,33.64942169189453,10.432991981506348,1.533411979675293,-0.7327951192855835,8102
2981,41965,0.20585618913173676,0.18776433169841766,-35.786380767822266,0.009001003578305244,2.1822876930236816,-9.0,9.0,35.2944450378418,10.638249397277832,1.5164304971694946,-0.7772427201271057,8103
2982,41965,0.2267267405986786,0.2178417295217514,-32.92941665649414,0.009001325815916061,1.008216142654419,-9.0,9.0,32.89321517944336,9.689352989196777,1.5415688753128052,-0.7029748558998108,8104
2983,41965,0.23969951272010803,0.26968914270401,-34.001686096191406,0.00900146272033453,-0.5178442001342773,-9.0,9.0,33.79199981689453,9.961175918579102,1.4973877668380737,-0.7404733896255493,8105
2984,41965,0.20086438953876495,0.2647758424282074,-35.237762451171875,0.009001608937978745,0.08309972286224365,-9.0,9.0,34.71308898925781,11.206437110900879,1.5346298217773438,-0.7252739667892456,8106
2985,41965,0.22862738370895386,0.20019879937171936,-34.06767272949219,0.00900297798216343,4.110360622406006,-9.0,9.0,33.62641143798828,10.178563117980957,1.5472698211669922,-0.7496528625488281,8107
2986,41965,0.19467636942863464,0.17818793654441833,-33.711387634277344,0.009004184976220131,-0.09075820446014404,-9.0,9.0,33.572242736816406,11.332139015197754,1.485214352607727,-0.7378465533256531,8108
2987,41965,0.1458650529384613,0.14994950592517853,-33.740936279296875,0.009005150757730007,-0.40643295645713806,-9.0,9.0,33.485626220703125,10.02647876739502,1.5259454250335693,-0.711884081363678,8109
2988,41965,0.33204224705696106,0.21938101947307587,-34.00482940673828,0.009005657397210598,-1.2030494213104248,-9.0,9.0,33.75381851196289,10.449362754821777,1.522841215133667,-0.7140027284622192,8110
2989,41965,0.25497257709503174,0.20763081312179565,-33.17240905761719,0.009007053449749947,3.1132915019989014,-9.0,9.0,32.635040283203125,9.43451976776123,1.5697877407073975,-0.6828354001045227,8111
2990,41965,0.42399564385414124,0.3145667016506195,-34.785037994384766,0.00900850910693407,0.6603369116783142,-9.0,9.0,34.43820571899414,9.935822486877441,1.5475395917892456,-0.709854006767273,8112
2991,41965,0.21694223582744598,0.19857917726039886,-32.96289825439453,0.00901017151772976,1.161703109741211,-9.0,9.0,32.886268615722656,10.084634780883789,1.5367867946624756,-0.6783766150474548,8113
2992,41965,0.1863490790128708,0.19197101891040802,-34.6380729675293,0.009012170135974884,1.6575045585632324,-9.0,9.0,34.413368225097656,11.126047134399414,1.5386936664581299,-0.6914969682693481,8114
2993,41965,0.2981245219707489,0.3141932487487793,-35.18891525268555,0.009015388786792755,5.123928546905518,-9.0,9.0,34.75540542602539,10.798952102661133,1.5870132446289062,-0.6935418844223022,8115
2994,41965,0.257843554019928,0.20805735886096954,-33.76712417602539,0.00901881605386734,1.7415950298309326,-9.0,9.0,33.24626541137695,10.199984550476074,1.5826200246810913,-0.6432564854621887,8116
2995,41965,0.2111123949289322,0.27731120586395264,-33.74750900268555,0.009021594189107418,-1.0191572904586792,-9.0,9.0,33.659637451171875,10.365200996398926,1.514357566833496,-0.6934000849723816,8117
2996,41965,0.3068029582500458,0.2664065957069397,-34.199581146240234,0.009024860337376595,2.5229761600494385,-9.0,9.0,33.95933151245117,10.42871379852295,1.5881116390228271,-0.6588171124458313,8118
2997,41965,0.24640610814094543,0.32978492975234985,-35.350379943847656,0.00902637094259262,-5.360504150390625,-9.0,9.0,34.76560592651367,12.03481388092041,1.4399021863937378,-0.6919978260993958,8119
2998,41965,0.17007416486740112,0.17968034744262695,-33.759586334228516,0.009027145802974701,-1.931625485420227,-9.0,9.0,33.37245559692383,9.716124534606934,1.4912325143814087,-0.6669405102729797,8120
2999,41965,0.20719873905181885,0.280851274728775,-34.226016998291016,0.009026418440043926,-5.887955665588379,-9.0,9.0,34.13560104370117,10.90256118774414,1.4384371042251587,-0.6839861869812012,8121
3000,41965,0.18244975805282593,0.21090608835220337,-33.91672897338867,0.009024610742926598,-3.812278985977173,-9.0,9.0,33.8162727355957,10.311594009399414,1.4755183458328247,-0.655040442943573,8122
3001,41965,0.17593957483768463,0.18585887551307678,-33.7899284362793,0.009021749719977379,-4.096498012542725,-9.0,9.0,33.30501937866211,9.859545707702637,1.448369026184082,-0.6526203155517578,8123
3002,41965,0.7146183252334595,0.7894545197486877,-34.70393753051758,0.009017753414809704,-5.009703159332275,-9.0,9.0,34.206504821777344,11.609872817993164,1.4344408512115479,-0.6767783761024475,8124
3003,41965,0.1910262405872345,0.23884190618991852,-34.51714324951172,0.009013153612613678,-3.336354970932007,-9.0,9.0,34.27157974243164,10.342876434326172,1.4544214010238647,-0.6779842376708984,8125
3004,41965,0.2146196961402893,0.27710437774658203,-33.431861877441406,0.009007598273456097,-6.453882217407227,-9.0,9.0,33.2490348815918,9.620323181152344,1.4497337341308594,-0.6455071568489075,8126
3005,41965,4.029585361480713,4.331610679626465,-34.51480484008789,0.009001394733786583,-4.030584335327148,-9.0,9.0,34.103797912597656,10.6820068359375,1.4516961574554443,-0.6929627060890198,8127
3006,41965,0.29819709062576294,0.22613373398780823,-32.54635238647461,0.008994405157864094,-4.8518500328063965,-9.0,9.0,32.400508880615234,10.071141242980957,1.4831324815750122,-0.6321280598640442,8128
3007,41965,0.2918223440647125,0.2570544481277466,-34.45928955078125,0.008986907079815865,-4.050132751464844,-9.0,9.0,34.1019172668457,10.66046142578125,1.4507818222045898,-0.699299156665802,8129
3008,41965,1.44994056224823,1.3373723030090332,-35.22573471069336,0.008979132398962975,-3.4491662979125977,-9.0,9.0,34.897850036621094,10.803926467895508,1.4510287046432495,-0.6945566534996033,8130
3009,41965,0.38481274247169495,0.30889448523521423,-33.96480178833008,0.00897129625082016,-2.815335512161255,-9.0,9.0,33.30467224121094,11.110663414001465,1.4654443264007568,-0.6738060116767883,8131
3010,41965,0.2734581530094147,0.27651193737983704,-34.34477615356445,0.008963817730545998,-1.4324417114257812,-9.0,9.0,33.945228576660156,10.780495643615723,1.4779020547866821,-0.6988240480422974,8132
3011,41965,0.4105144739151001,0.37447553873062134,-34.46799850463867,0.008956686593592167,-1.3550126552581787,-9.0,9.0,34.38517379760742,11.138829231262207,1.466333270072937,-0.6874848008155823,8133
3012,41965,0.7752146124839783,0.7625163793563843,-33.48379135131836,0.00895017571747303,-0.3091747760772705,-9.0,9.0,33.40250778198242,10.981576919555664,1.4849469661712646,-0.7031747698783875,8134
3013,41965,0.32568636536598206,0.339248389005661,-35.243736267089844,0.008944390341639519,0.24683237075805664,-9.0,9.0,34.58897399902344,10.822458267211914,1.5152063369750977,-0.7111638784408569,8135
3014,41965,0.8065598011016846,0.9211001396179199,-33.55010223388672,0.008939133025705814,-0.17316344380378723,-9.0,9.0,33.096649169921875,10.819316864013672,1.4853370189666748,-0.7065519094467163,8136
3015,41965,0.26683667302131653,0.2205483317375183,-33.83367919921875,0.008934169076383114,-0.783284604549408,-9.0,9.0,33.708412170410156,10.764076232910156,1.4774874448776245,-0.7158785462379456,8137
3016,41965,0.4509613513946533,0.42665964365005493,-33.83698654174805,0.008929403498768806,-1.0050150156021118,-9.0,9.0,33.76335144042969,10.268277168273926,1.448814034461975,-0.7184684872627258,8138
3017,41965,0.3045620024204254,0.34465688467025757,-33.021949768066406,0.008925022557377815,-0.30299609899520874,-9.0,9.0,32.80182647705078,9.745418548583984,1.5314549207687378,-0.6845368146896362,8139
3018,41965,0.37173062562942505,0.3312925100326538,-34.02023696899414,0.008920649066567421,-1.4486808776855469,-9.0,9.0,33.678977966308594,11.643453598022461,1.4739302396774292,-0.7440384030342102,8140
3019,41965,0.545786440372467,0.6351650953292847,-34.29207992553711,0.008915848098695278,-2.905463218688965,-9.0,9.0,33.94230270385742,11.013737678527832,1.4418412446975708,-0.76679527759552,8141
3020,41965,0.4969097375869751,0.43123120069503784,-34.2864990234375,0.008911198005080223,-1.1017725467681885,-9.0,9.0,34.268550872802734,10.701821327209473,1.4575955867767334,-0.7464643120765686,8142
3021,41965,0.2043008804321289,0.1632259488105774,-33.930511474609375,0.008906185626983643,-2.786439895629883,-9.0,9.0,33.644081115722656,10.36651611328125,1.4483314752578735,-0.7415865659713745,8143
3022,41965,0.5255037546157837,0.3831159472465515,-34.80419158935547,0.008901536464691162,-0.46401214599609375,-9.0,9.0,34.187625885009766,10.395827293395996,1.4482306241989136,-0.7902523279190063,8144
3023,41965,0.44220346212387085,0.33121800422668457,-35.094566345214844,0.008897182531654835,-0.5581228733062744,-9.0,9.0,34.69538879394531,10.739386558532715,1.455810546875,-0.7981697916984558,8145
3024,41965,0.377955824136734,0.431801974773407,-34.41405487060547,0.008893013000488281,-0.8414939641952515,-9.0,9.0,34.187095642089844,10.160667419433594,1.4884446859359741,-0.7999301552772522,8146
3025,41965,0.3272700607776642,0.2185695320367813,-35.1776237487793,0.008889880031347275,2.0709071159362793,-9.0,9.0,35.019256591796875,10.850224494934082,1.502846121788025,-0.7956651449203491,8147
3026,41965,0.24348825216293335,0.19914034008979797,-33.955718994140625,0.008887997828423977,3.149142026901245,-9.0,9.0,33.647491455078125,9.503317832946777,1.523263931274414,-0.781419575214386,8148
3027,41965,0.5727137923240662,0.4284166991710663,-35.23103332519531,0.00888657383620739,0.8998292684555054,-9.0,9.0,34.83840560913086,11.782010078430176,1.4651470184326172,-0.8210086226463318,8149
3028,41965,0.340087354183197,0.3103944659233093,-34.26165771484375,0.00888521783053875,-0.23815229535102844,-9.0,9.0,34.048011779785156,10.801146507263184,1.4621502161026,-0.7955320477485657,8150
3029,41965,0.36801326274871826,0.3729172945022583,-34.24869918823242,0.008884049020707607,0.1683058738708496,-9.0,9.0,33.97227478027344,10.752602577209473,1.4518555402755737,-0.8213473558425903,8151
3030,41965,0.20585554838180542,0.19524240493774414,-35.35830307006836,0.008884090930223465,3.680490732192993,-9.0,9.0,34.93158721923828,10.433368682861328,1.5438899993896484,-0.7751693725585938,8152
3031,41965,0.2861623764038086,0.294048935174942,-33.58744812011719,0.008884298615157604,0.5661686062812805,-9.0,9.0,33.30857467651367,10.037010192871094,1.4968817234039307,-0.7699992060661316,8153
3032,41965,0.2984282970428467,0.36381494998931885,-34.725067138671875,0.008885243907570839,2.5424797534942627,-9.0,9.0,34.476173400878906,10.652486801147461,1.496010422706604,-0.7830671072006226,8154
3033,41965,0.16052371263504028,0.18836458027362823,-33.06147003173828,0.008886955678462982,2.884662628173828,-9.0,9.0,32.75025939941406,9.983275413513184,1.5252459049224854,-0.7377392053604126,8155
3034,41965,0.17237357795238495,0.16454893350601196,-33.68147277832031,0.00888935849070549,2.891298294067383,-9.0,9.0,33.421504974365234,9.2748441696167,1.5560438632965088,-0.7246323823928833,8156
3035,41965,0.2522294223308563,0.18510732054710388,-35.375972747802734,0.008892737329006195,4.070651054382324,-9.0,9.0,35.061187744140625,11.347208023071289,1.5153276920318604,-0.8165878653526306,8157
3036,41965,0.17898565530776978,0.18210314214229584,-34.674293518066406,0.008897182531654835,5.502931118011475,-9.0,9.0,34.3239860534668,10.56035327911377,1.5867658853530884,-0.7284408211708069,8158
3037,41965,0.27244991064071655,0.26198139786720276,-35.06790542602539,0.008902457542717457,4.275023460388184,-9.0,9.0,34.73573303222656,10.684439659118652,1.5518531799316406,-0.7597036957740784,8159
3038,41965,0.21602581441402435,0.22636476159095764,-34.41796875,0.00890861451625824,9.409584999084473,-9.0,9.0,34.07231140136719,10.137259483337402,1.6429011821746826,-0.7595060467720032,8160
3039,41965,0.17653845250606537,0.25339579582214355,-35.33038330078125,0.008915563113987446,5.411348342895508,-9.0,9.0,35.20689010620117,11.138932228088379,1.5831307172775269,-0.7581196427345276,8161
3040,41965,0.45673704147338867,0.45370328426361084,-34.922935485839844,0.008923223242163658,7.374975204467773,-9.0,9.0,34.615272521972656,10.906758308410645,1.6182899475097656,-0.7528217434883118,8162
3041,41965,0.3947294354438782,0.35740774869918823,-35.22897720336914,0.008931527845561504,6.91112756729126,-9.0,9.0,34.55292892456055,9.71194076538086,1.6106805801391602,-0.7355114817619324,8163
3042,41965,0.22162950038909912,0.19586533308029175,-33.5888557434082,0.008940412662923336,6.439858436584473,-9.0,9.0,33.358375549316406,10.683080673217773,1.5945054292678833,-0.6978906989097595,8164
3043,41965,0.26076430082321167,0.2919645309448242,-34.496490478515625,0.008949369192123413,3.195317268371582,-9.0,9.0,34.516929626464844,11.364152908325195,1.5538194179534912,-0.7492708563804626,8165
3044,41965,0.15650200843811035,0.23432371020317078,-35.40017318725586,0.00895786564797163,1.4147523641586304,-9.0,9.0,35.105560302734375,10.991494178771973,1.5104455947875977,-0.7441520094871521,8166
3045,41965,0.30229830741882324,0.35104554891586304,-35.769046783447266,0.00896692555397749,6.905717849731445,-9.0,9.0,35.06330871582031,10.75755786895752,1.5816301107406616,-0.7601918578147888,8167
3046,41965,0.25964489579200745,0.27472835779190063,-34.00829315185547,0.008976495824754238,5.1475911140441895,-9.0,9.0,33.54639434814453,9.71761417388916,1.621742844581604,-0.6968569159507751,8168
3047,41965,0.29696130752563477,0.4319031834602356,-34.20018005371094,0.008986379951238632,4.2215447425842285,-9.0,9.0,34.109859466552734,10.649898529052734,1.5773204565048218,-0.7213073968887329,8169
3048,41965,0.24140866100788116,0.27121058106422424,-34.943973541259766,0.00899473112076521,-1.853832721710205,-9.0,9.0,34.73189926147461,10.467055320739746,1.4364196062088013,-0.7585856318473816,8170
3049,41965,0.1702859103679657,0.21061700582504272,-33.97795486450195,0.00900324061512947,3.2821295261383057,-9.0,9.0,33.56447219848633,10.614729881286621,1.5592906475067139,-0.711251437664032,8171
3050,41965,0.44397205114364624,0.4773065149784088,-34.633575439453125,0.009012127295136452,4.082377910614014,-9.0,9.0,34.194496154785156,11.068042755126953,1.5784320831298828,-0.7033745050430298,8172
3051,41965,0.43169572949409485,0.44478046894073486,-33.72241973876953,0.009021508507430553,4.586788177490234,-9.0,9.0,33.553096771240234,10.941903114318848,1.617767572402954,-0.6968466639518738,8173
3052,41965,0.283729612827301,0.2074452042579651,-34.531070709228516,0.009030172601342201,0.6827914118766785,-9.0,9.0,34.14812088012695,10.381526947021484,1.5287576913833618,-0.708793044090271,8174
3053,41965,0.2758132517337799,0.26582950353622437,-34.14854431152344,0.009038443677127361,1.5329381227493286,-9.0,9.0,33.84919357299805,11.160983085632324,1.5353211164474487,-0.6973274946212769,8175
3054,41965,0.23463301360607147,0.24209687113761902,-33.63844299316406,0.009045427665114403,-1.5482510328292847,-9.0,9.0,33.47600173950195,9.969975471496582,1.5137569904327393,-0.6893678307533264,8176
3055,41965,0.17771673202514648,0.16900448501110077,-35.09784698486328,0.009052426554262638,2.333993911743164,-9.0,9.0,34.74954605102539,10.303504943847656,1.5507876873016357,-0.7147457003593445,8177
3056,41965,0.24683867394924164,0.23882484436035156,-34.94758987426758,0.009059115312993526,1.2600767612457275,-9.0,9.0,34.50041961669922,11.1864013671875,1.5153452157974243,-0.7060621976852417,8178
3057,41965,0.22558341920375824,0.22774598002433777,-34.95635223388672,0.009065109305083752,-0.10279309749603271,-9.0,9.0,34.62060546875,10.147345542907715,1.5246849060058594,-0.7047906517982483,8179
3058,41965,0.32552188634872437,0.31869205832481384,-34.93153381347656,0.009070903062820435,1.2850565910339355,-9.0,9.0,34.746883392333984,10.566575050354004,1.5336945056915283,-0.691826343536377,8180
3059,41965,0.26282551884651184,0.3269058167934418,-35.04466247558594,0.009077055379748344,3.0847675800323486,-9.0,9.0,34.666419982910156,11.245307922363281,1.5869876146316528,-0.695815920829773,8181
3060,41965,0.22672230005264282,0.20506131649017334,-35.14019775390625,0.009082697331905365,0.31703153252601624,-9.0,9.0,34.54776382446289,11.057581901550293,1.5083836317062378,-0.7106980085372925,8182
3061,41965,0.3143249452114105,0.2840003967285156,-34.79102325439453,0.009087814018130302,0.11137163639068604,-9.0,9.0,34.55684280395508,10.2152681350708,1.547085165977478,-0.6643940806388855,8183
3062,41965,0.38707688450813293,0.41915804147720337,-34.48750686645508,0.009093249216675758,2.7099974155426025,-9.0,9.0,34.42290115356445,10.615840911865234,1.568766713142395,-0.6884884238243103,8184
3063,41965,0.2435099333524704,0.23357173800468445,-35.23524856567383,0.009097439236938953,-2.305239200592041,-9.0,9.0,34.96003723144531,10.848942756652832,1.5022162199020386,-0.6887735724449158,8185
3064,41965,0.2916397452354431,0.24430319666862488,-33.58665466308594,0.00910158734768629,1.2208545207977295,-9.0,9.0,32.93498229980469,10.383414268493652,1.563079595565796,-0.661462128162384,8186
3065,41965,0.12086176872253418,0.10972999036312103,-32.95927047729492,0.009106440469622612,3.6543779373168945,-9.0,9.0,32.64996337890625,9.107224464416504,1.6119654178619385,-0.6305803656578064,8187
3066,41965,0.3119962811470032,0.2957232594490051,-34.218421936035156,0.009111382998526096,1.8607772588729858,-9.0,9.0,34.2259635925293,11.068840980529785,1.5546858310699463,-0.6844173669815063,8188
3067,41965,0.24465589225292206,0.30637305974960327,-34.289920806884766,0.009116889908909798,3.454806089401245,-9.0,9.0,33.98219299316406,9.995492935180664,1.6128147840499878,-0.6547502875328064,8189
3068,41965,0.3159365952014923,0.3272044360637665,-34.44448471069336,0.009122077375650406,0.7354334592819214,-9.0,9.0,33.981422424316406,10.822064399719238,1.556001901626587,-0.6634863615036011,8190
3069,41965,0.1546560823917389,0.1998971551656723,-33.592872619628906,0.009126746095716953,-0.009022355079650879,-9.0,9.0,33.28864669799805,10.727095603942871,1.5329393148422241,-0.6815738081932068,8191
3070,41965,0.3424210548400879,0.3409762978553772,-34.17678451538086,0.009132391773164272,6.2075042724609375,-9.0,9.0,33.993324279785156,10.427879333496094,1.6197192668914795,-0.6840137839317322,8192
3071,41965,0.12852643430233002,0.18065418303012848,-34.609222412109375,0.009138421155512333,3.078091859817505,-9.0,9.0,34.347015380859375,10.489256858825684,1.576776146888733,-0.679889976978302,8193
3072,41965,0.29070499539375305,0.3017529547214508,-33.845855712890625,0.009144562296569347,2.318854570388794,-9.0,9.0,33.32603454589844,10.383875846862793,1.581952452659607,-0.6707506775856018,8194
3073,41965,0.5046643614768982,0.5238471031188965,-33.90216827392578,0.009149355813860893,-2.40470814704895,-9.0,9.0,33.6216926574707,10.246380805969238,1.4829298257827759,-0.6943851113319397,8195
3074,41965,0.26194149255752563,0.27176475524902344,-34.37952423095703,0.00915235374122858,-4.277174472808838,-9.0,9.0,34.157005310058594,10.236284255981445,1.461859941482544,-0.7274259924888611,8196
3075,41965,0.2821524441242218,0.3546367883682251,-34.89372634887695,0.009156033396720886,3.1934399604797363,-9.0,9.0,34.646209716796875,11.00652027130127,1.5884971618652344,-0.6745985746383667,8197
3076,41965,0.2641508877277374,0.262410968542099,-34.746482849121094,0.009159295819699764,-0.17175370454788208,-9.0,9.0,34.19255828857422,10.541057586669922,1.5290095806121826,-0.6946869492530823,8198
3077,41965,0.16927604377269745,0.1924860030412674,-35.30177688598633,0.00916259828954935,1.1805272102355957,-9.0,9.0,34.931243896484375,10.74844741821289,1.5291671752929688,-0.7440438270568848,8199
3078,41965,0.2664845585823059,0.22565792500972748,-34.0057487487793,0.009166548028588295,3.158679962158203,-9.0,9.0,33.84135818481445,10.588709831237793,1.5656460523605347,-0.7042072415351868,8200
3079,41965,0.24302926659584045,0.2089770883321762,-34.56843566894531,0.009171134792268276,3.3335413932800293,-9.0,9.0,34.31226348876953,10.02698040008545,1.569609522819519,-0.707662045955658,8201
3080,41965,0.16108272969722748,0.17333900928497314,-33.35192108154297,0.009175867773592472,1.9525792598724365,-9.0,9.0,32.84231948852539,9.808619499206543,1.586971402168274,-0.6737866997718811,8202
3081,41965,0.1997515857219696,0.20190127193927765,-35.27362823486328,0.009179731830954552,-1.2875865697860718,-9.0,9.0,34.902366638183594,10.526508331298828,1.5054795742034912,-0.7331181168556213,8203
3082,41965,0.18821167945861816,0.17403417825698853,-34.109745025634766,0.009184513241052628,4.2071452140808105,-9.0,9.0,33.89680480957031,10.070280075073242,1.6162348985671997,-0.689568817615509,8204
3083,41965,0.3057786226272583,0.2492036521434784,-33.905662536621094,0.009189056232571602,0.7576116919517517,-9.0,9.0,33.78120422363281,10.962935447692871,1.53709876537323,-0.7037308812141418,8205
3084,41965,0.3510894179344177,0.35690268874168396,-35.75975799560547,0.009193249978125095,0.32916101813316345,-9.0,9.0,35.17444610595703,11.264601707458496,1.4998397827148438,-0.7388375401496887,8206
3085,41965,0.176293283700943,0.18403583765029907,-35.580867767333984,0.009198476560413837,5.281438827514648,-9.0,9.0,35.17530059814453,11.659625053405762,1.5550111532211304,-0.7445570826530457,8207
3086,41965,0.2313115894794464,0.22840218245983124,-34.57893371582031,0.009203026071190834,-0.5171369910240173,-9.0,9.0,34.462650299072266,11.012939453125,1.4903136491775513,-0.7246015667915344,8208
3087,41965,0.1932055950164795,0.22828450798988342,-35.07979965209961,0.009206792339682579,-1.0664981603622437,-9.0,9.0,34.9742546081543,11.680259704589844,1.494555115699768,-0.7261829376220703,8209
3088,41965,0.24365267157554626,0.22470813989639282,-34.5073356628418,0.009210924617946148,2.378985643386841,-9.0,9.0,33.964027404785156,10.489310264587402,1.5454795360565186,-0.7233591675758362,8210
3089,41965,0.656497061252594,0.6056668162345886,-35.137794494628906,0.009214113466441631,-1.7093864679336548,-9.0,9.0,34.602176666259766,10.988826751708984,1.5088269710540771,-0.7131690382957458,8211
3090,41965,0.16310423612594604,0.18915626406669617,-34.334224700927734,0.009216200560331345,-2.5124475955963135,-9.0,9.0,34.117820739746094,10.181368827819824,1.4982374906539917,-0.6808400750160217,8212
3091,41965,0.4556894600391388,0.36974644660949707,-34.45025634765625,0.00921707134693861,-3.241396903991699,-9.0,9.0,34.42810821533203,11.174686431884766,1.4541670083999634,-0.7362752556800842,8213
3092,41965,0.27883583307266235,0.29625460505485535,-35.074676513671875,0.009216394275426865,-4.985033988952637,-9.0,9.0,34.67357635498047,10.742716789245605,1.4146772623062134,-0.7573359608650208,8214
3093,41965,0.3165176510810852,0.33752021193504333,-35.56858825683594,0.009214328601956367,-5.355193138122559,-9.0,9.0,34.891632080078125,11.751378059387207,1.4361990690231323,-0.7320571541786194,8215
3094,41965,0.5673549771308899,0.6534281373023987,-36.80350112915039,0.009211490862071514,-3.158327102661133,-9.0,9.0,36.52009582519531,11.632119178771973,1.4245632886886597,-0.7619211077690125,8216
3095,41965,0.41249120235443115,0.3628649115562439,-34.01659393310547,0.009207670576870441,-4.088690757751465,-9.0,9.0,34.02485656738281,11.421004295349121,1.4590049982070923,-0.6993923187255859,8217
3096,41965,0.5885021090507507,0.5660229921340942,-35.60962677001953,0.009202903136610985,-4.297083377838135,-9.0,9.0,35.43282699584961,11.307099342346191,1.4480674266815186,-0.7352260947227478,8218
3097,41965,0.3454994857311249,0.35431140661239624,-35.7698974609375,0.009197226725518703,-4.49808406829834,-9.0,9.0,35.0689697265625,11.066486358642578,1.424486756324768,-0.7423363924026489,8219
3098,41965,0.3724271059036255,0.3642500638961792,-35.963417053222656,0.009191097691655159,-3.313005208969116,-9.0,9.0,35.30227279663086,10.999007225036621,1.459599256515503,-0.7476757764816284,8220
3099,41965,0.27108606696128845,0.2843446135520935,-35.90731430053711,0.009184775874018669,-2.6168644428253174,-9.0,9.0,35.66128921508789,11.72799301147461,1.439110517501831,-0.7702019810676575,8221
3100,41965,0.319984495639801,0.2466937005519867,-33.98410415649414,0.009177643805742264,-8.380552291870117,-9.0,9.0,34.1402702331543,10.310044288635254,1.3775136470794678,-0.7359896898269653,8222
3101,41965,0.2318623960018158,0.2654738128185272,-35.293739318847656,0.009170211851596832,-3.3156003952026367,-9.0,9.0,35.06396484375,11.190546035766602,1.4432916641235352,-0.7335067391395569,8223
3102,41965,0.4767153859138489,0.4574388861656189,-34.96134567260742,0.009162536822259426,-3.2188587188720703,-9.0,9.0,34.19489669799805,10.682961463928223,1.4450963735580444,-0.7487112879753113,8224
3103,41965,0.28215160965919495,0.2277168482542038,-35.500179290771484,0.009154199622571468,-7.521328926086426,-9.0,9.0,35.18206787109375,11.536802291870117,1.3462955951690674,-0.7484320998191833,8225
3104,41965,0.34286418557167053,0.2898538112640381,-34.602745056152344,0.00914526917040348,-5.904208183288574,-9.0,9.0,34.69837951660156,10.879796028137207,1.3993464708328247,-0.7407392263412476,8226
3105,41965,0.23413440585136414,0.20200270414352417,-34.31175994873047,0.009135806933045387,-5.749985694885254,-9.0,9.0,34.24876403808594,9.780814170837402,1.4204028844833374,-0.7087296843528748,8227
3106,41965,0.36734122037887573,0.35377779603004456,-35.57098388671875,0.00912607554346323,-4.018227577209473,-9.0,9.0,34.97075271606445,11.261280059814453,1.4338092803955078,-0.7316054105758667,8228
3107,41965,0.33339744806289673,0.2601602077484131,-35.521331787109375,0.009115902706980705,-5.894184112548828,-9.0,9.0,34.982086181640625,11.128973007202148,1.3697148561477661,-0.8033980131149292,8229
3108,41965,0.17753992974758148,0.21993841230869293,-35.30180358886719,0.009106110781431198,-2.1086788177490234,-9.0,9.0,35.157081604003906,10.344185829162598,1.4633839130401611,-0.7213425040245056,8230
3109,41965,0.8197994232177734,0.5668647885322571,-34.817359924316406,0.00909604225307703,-4.179350852966309,-9.0,9.0,34.73345947265625,11.089943885803223,1.4010264873504639,-0.7459737658500671,8231
3110,41965,0.1888292133808136,0.1926444172859192,-34.25262451171875,0.00908628012984991,-2.3276827335357666,-9.0,9.0,33.695762634277344,9.472825050354004,1.4824631214141846,-0.7041943669319153,8232
3111,41965,0.24721303582191467,0.2206484079360962,-34.21407699584961,0.009076086804270744,-7.695387840270996,-9.0,9.0,33.740257263183594,10.520021438598633,1.4095430374145508,-0.7343178391456604,8233
3112,41965,4.633262634277344,4.693315029144287,-35.26890182495117,0.009066012687981129,-3.0077550411224365,-9.0,9.0,34.867759704589844,10.892746925354004,1.4232457876205444,-0.7738766670227051,8234
3113,41965,0.4252917468547821,0.44648241996765137,-34.32130432128906,0.00905634742230177,-1.9945954084396362,-9.0,9.0,34.267822265625,10.531998634338379,1.4702757596969604,-0.7268253564834595,8235
3114,41965,0.26718220114707947,0.273730993270874,-34.29030227661133,0.009046277962625027,-4.597874641418457,-9.0,9.0,33.996421813964844,9.580578804016113,1.4420126676559448,-0.7168501019477844,8236
3115,41965,0.38017719984054565,0.4523437023162842,-33.97823715209961,0.009035922586917877,-4.339674949645996,-9.0,9.0,33.37264633178711,10.066629409790039,1.4217092990875244,-0.7097206115722656,8237
3116,41965,0.48970624804496765,0.39096328616142273,-36.032840728759766,0.009026073850691319,-1.781577229499817,-9.0,9.0,35.133522033691406,10.324650764465332,1.4622572660446167,-0.7529419660568237,8238
3117,41965,0.3948650062084198,0.3588311970233917,-34.077659606933594,0.009016566909849644,-2.1656436920166016,-9.0,9.0,33.93593978881836,11.081949234008789,1.4579483270645142,-0.7345396876335144,8239
3118,41965,0.5303016304969788,0.5472705364227295,-34.33799743652344,0.009007349610328674,-2.220566749572754,-9.0,9.0,34.434295654296875,10.821847915649414,1.4554239511489868,-0.7487138509750366,8240
3119,41965,0.20426112413406372,0.23829385638237,-34.64002227783203,0.00899804662913084,-3.3900017738342285,-9.0,9.0,34.19099044799805,10.080805778503418,1.454986810684204,-0.7116283178329468,8241
3120,41965,0.4459463953971863,0.46331870555877686,-33.800689697265625,0.008989740163087845,0.19970905780792236,-9.0,9.0,33.02278137207031,10.084785461425781,1.4724894762039185,-0.7375960946083069,8242
3121,41965,0.27990660071372986,0.2725476622581482,-34.302024841308594,0.008982198312878609,-0.22082629799842834,-9.0,9.0,33.90529251098633,10.42448616027832,1.4712560176849365,-0.7440134882926941,8243
3122,41965,0.5326505303382874,0.5555705428123474,-34.87873840332031,0.00897629838436842,2.9489870071411133,-9.0,9.0,34.93584060668945,11.092582702636719,1.5209883451461792,-0.774387001991272,8244
3123,41965,0.8127616047859192,0.7668324708938599,-35.74972152709961,0.008970984257757664,-0.02632880210876465,-9.0,9.0,35.6173095703125,12.027315139770508,1.4625818729400635,-0.7736695408821106,8245
3124,41965,0.39925065636634827,0.4474049508571625,-36.004268646240234,0.008966651745140553,1.5081713199615479,-9.0,9.0,35.31895446777344,11.181305885314941,1.4972789287567139,-0.7775702476501465,8246
3125,41965,0.3943258225917816,0.4800947308540344,-36.28962326049805,0.008963928557932377,3.9309768676757812,-9.0,9.0,35.47173309326172,11.381401062011719,1.5600520372390747,-0.7677485346794128,8247
3126,41965,0.25394967198371887,0.2981450855731964,-33.97346878051758,0.008962885476648808,4.711524963378906,-9.0,9.0,33.85702896118164,10.487345695495605,1.5680450201034546,-0.7266345024108887,8248
3127,41965,0.7312524318695068,0.7326053380966187,-33.96006393432617,0.008963172324001789,4.093209266662598,-9.0,9.0,34.120025634765625,11.922194480895996,1.558463215827942,-0.7477468848228455,8249
3128,41965,0.5057597160339355,0.4811039865016937,-34.99055099487305,0.00896386057138443,1.4506211280822754,-9.0,9.0,34.379573822021484,10.499345779418945,1.5059640407562256,-0.7480422258377075,8250
3129,41965,0.6066768169403076,0.6137756109237671,-35.47555160522461,0.00896440725773573,-0.24129606783390045,-9.0,9.0,34.70397186279297,11.187678337097168,1.5101653337478638,-0.7184199690818787,8251
3130,41965,0.23657551407814026,0.22547273337841034,-34.561317443847656,0.008965608663856983,2.3620572090148926,-9.0,9.0,34.226444244384766,10.908244132995605,1.523234248161316,-0.7396820187568665,8252
3131,41965,0.3624962866306305,0.3676532506942749,-35.187984466552734,0.00896743405610323,2.4981372356414795,-9.0,9.0,35.07109832763672,10.43030834197998,1.560673475265503,-0.7283124923706055,8253
3132,41965,0.2292802482843399,0.2087564319372177,-34.637908935546875,0.008969999849796295,3.074561357498169,-9.0,9.0,34.352455139160156,9.806920051574707,1.5690116882324219,-0.6875783801078796,8254
3133,41965,0.32308802008628845,0.2661665678024292,-35.415916442871094,0.008973341435194016,3.4516398906707764,-9.0,9.0,34.69028091430664,10.32768726348877,1.5801479816436768,-0.6766688227653503,8255
3134,41965,0.28508269786834717,0.3060795068740845,-34.4305419921875,0.00897635892033577,0.02717304229736328,-9.0,9.0,33.861324310302734,10.170516967773438,1.503340482711792,-0.6985723376274109,8256
3135,41965,0.5132926106452942,0.5052322745323181,-35.12074279785156,0.00898041669279337,4.491727352142334,-9.0,9.0,35.025577545166016,10.425275802612305,1.5742619037628174,-0.7095522284507751,8257
3136,41965,0.3905333876609802,0.41061174869537354,-35.55042266845703,0.008984709158539772,2.120792865753174,-9.0,9.0,35.47317886352539,11.652048110961914,1.5161447525024414,-0.744690477848053,8258
3137,41965,0.3294622302055359,0.32832610607147217,-35.697418212890625,0.00898959394544363,3.4126744270324707,-9.0,9.0,35.06068420410156,10.751659393310547,1.5560742616653442,-0.6891636848449707,8259
3138,41965,0.5635615587234497,0.548382043838501,-35.13041687011719,0.008993512950837612,-1.6103026866912842,-9.0,9.0,34.51563262939453,10.632837295532227,1.4940834045410156,-0.7365946769714355,8260
3139,41965,0.2627372145652771,0.34919703006744385,-34.37641906738281,0.008997837081551552,2.649444818496704,-9.0,9.0,34.13717269897461,10.266144752502441,1.583067536354065,-0.6618857979774475,8261
3140,41965,0.25567570328712463,0.21857547760009766,-34.763572692871094,0.009002510458230972,2.6033754348754883,-9.0,9.0,34.69120788574219,10.504283905029297,1.5132904052734375,-0.723179817199707,8262
3141,41965,0.2820621132850647,0.32654887437820435,-34.635986328125,0.009007221087813377,1.6543210744857788,-9.0,9.0,34.287864685058594,11.377659797668457,1.5342960357666016,-0.6874855160713196,8263
3142,41965,0.2919118106365204,0.2962048649787903,-34.81789779663086,0.009011129848659039,-1.1036367416381836,-9.0,9.0,34.26567459106445,10.08228588104248,1.5209306478500366,-0.6892502903938293,8264
3143,41965,0.38146209716796875,0.3312465250492096,-34.88969421386719,0.009015909396111965,4.185118198394775,-9.0,9.0,34.36769485473633,10.36046028137207,1.6060636043548584,-0.6582315564155579,8265
3144,41965,0.3099018335342407,0.3008536100387573,-34.227508544921875,0.009021474048495293,4.196828365325928,-9.0,9.0,34.13437271118164,10.612305641174316,1.576479196548462,-0.6884235739707947,8266
3145,41965,0.9605501294136047,0.9907200336456299,-35.105167388916016,0.009026986546814442,1.6580215692520142,-9.0,9.0,35.06475067138672,11.143989562988281,1.5609756708145142,-0.6896971464157104,8267
3146,41965,0.30844566226005554,0.36625805497169495,-35.041900634765625,0.00903286412358284,3.027679443359375,-9.0,9.0,34.38605880737305,10.737449645996094,1.5549145936965942,-0.7283056974411011,8268
3147,41965,0.5398262143135071,0.4360376000404358,-35.591514587402344,0.009039572440087795,4.842217445373535,-9.0,9.0,34.911949157714844,10.24496841430664,1.5898571014404297,-0.6970329880714417,8269
3148,41965,0.2080729901790619,0.2877199947834015,-34.61210632324219,0.009046204388141632,1.948475956916809,-9.0,9.0,34.50833511352539,10.060349464416504,1.5122690200805664,-0.7145863175392151,8270
3149,41965,0.35437721014022827,0.330368310213089,-34.37257385253906,0.009053596295416355,5.20188570022583,-9.0,9.0,34.37772750854492,9.898387908935547,1.6218411922454834,-0.6696501970291138,8271
3150,41965,0.24074845016002655,0.2533769905567169,-34.50222396850586,0.009059625677764416,-2.085268974304199,-9.0,9.0,34.015869140625,9.286104202270508,1.5152921676635742,-0.6747528314590454,8272
3151,41965,0.5416740775108337,0.5825743079185486,-34.94049072265625,0.009066051803529263,3.3009207248687744,-9.0,9.0,34.202632904052734,10.430328369140625,1.550783395767212,-0.6898729205131531,8273
3152,41965,0.2561434507369995,0.24164938926696777,-35.7788200378418,0.009073261171579361,5.164822578430176,-9.0,9.0,35.39890670776367,11.581862449645996,1.6032545566558838,-0.7186369299888611,8274
3153,41965,0.276340514421463,0.30479636788368225,-34.352474212646484,0.00908117275685072,6.895236015319824,-9.0,9.0,34.2446174621582,10.422942161560059,1.6519309282302856,-0.6932450532913208,8275
3154,41965,0.1137736365199089,0.16117388010025024,-34.35886764526367,0.009089715778827667,6.508782863616943,-9.0,9.0,34.071102142333984,10.696178436279297,1.6459859609603882,-0.6843292117118835,8276
3155,41965,0.25352442264556885,0.26993727684020996,-35.30242156982422,0.009098831564188004,5.51241397857666,-9.0,9.0,34.81767654418945,10.531309127807617,1.597703218460083,-0.6995248198509216,8277
3156,41965,0.20578894019126892,0.17883066833019257,-34.37556457519531,0.009107556194067001,1.6717686653137207,-9.0,9.0,33.9066047668457,10.591109275817871,1.5649335384368896,-0.6843792200088501,8278
3157,41965,0.7257615327835083,0.6685327291488647,-35.630767822265625,0.009116833098232746,7.042942523956299,-9.0,9.0,35.44288635253906,11.49416732788086,1.6407928466796875,-0.715865433216095,8279
3158,41965,0.2122570276260376,0.20901529490947723,-35.771087646484375,0.009126454591751099,4.170704364776611,-9.0,9.0,35.49821853637695,10.359731674194336,1.583868384361267,-0.7257622480392456,8280
3159,41965,0.45860567688941956,0.3197578489780426,-34.59551239013672,0.009136464446783066,4.421236991882324,-9.0,9.0,34.094486236572266,10.611244201660156,1.5829471349716187,-0.7177193760871887,8281
3160,41965,0.19988983869552612,0.19745999574661255,-35.247413635253906,0.009145792573690414,1.0078026056289673,-9.0,9.0,34.78669357299805,9.561251640319824,1.5354528427124023,-0.6931926012039185,8282
3161,41965,0.19132117927074432,0.21934056282043457,-35.70058059692383,0.009155618958175182,6.25914192199707,-9.0,9.0,35.34341049194336,11.441170692443848,1.6070736646652222,-0.7273616194725037,8283
3162,41965,0.24097447097301483,0.2597840428352356,-34.918052673339844,0.009164835326373577,1.1719635725021362,-9.0,9.0,34.78913879394531,11.476180076599121,1.4978303909301758,-0.7449951171875,8284
3163,41965,0.26865652203559875,0.2736167311668396,-34.37065887451172,0.009173767641186714,2.0516490936279297,-9.0,9.0,34.05664825439453,10.23515796661377,1.5504802465438843,-0.6985353827476501,8285
3164,41965,0.4323129653930664,0.40084245800971985,-36.04207992553711,0.009182244539260864,1.3888359069824219,-9.0,9.0,35.52207946777344,11.047528266906738,1.5069007873535156,-0.7527321577072144,8286
3165,41965,0.27841493487358093,0.290669709444046,-35.719810485839844,0.009189874865114689,-0.02529507875442505,-9.0,9.0,35.46636199951172,11.245452880859375,1.4799232482910156,-0.7554321885108948,8287
3166,41965,0.20064711570739746,0.22747795283794403,-36.418540954589844,0.009196559898555279,-0.619206428527832,-9.0,9.0,36.190269470214844,11.305292129516602,1.4885082244873047,-0.7651446461677551,8288
3167,41965,0.2037978172302246,0.1952217072248459,-36.79248046875,0.009201135486364365,-4.7524518966674805,-9.0,9.0,36.308311462402344,11.977874755859375,1.4197057485580444,-0.7857162356376648,8289
3168,41965,0.5459290146827698,0.4139270782470703,-35.269195556640625,0.00920381210744381,-5.494725227355957,-9.0,9.0,34.90373229980469,10.312783241271973,1.4211337566375732,-0.717343807220459,8290
3169,41965,0.316778302192688,0.35177522897720337,-34.94115447998047,0.009205198846757412,-3.3305585384368896,-9.0,9.0,34.483028411865234,10.361045837402344,1.454541802406311,-0.7132309079170227,8291
3170,41965,0.1625579297542572,0.1510114073753357,-34.739540100097656,0.009205009788274765,-4.946711540222168,-9.0,9.0,34.477989196777344,10.95883560180664,1.414531946182251,-0.7262811660766602,8292
3171,41965,0.4865061938762665,0.4046393930912018,-35.50596618652344,0.009203605353832245,-4.018227577209473,-9.0,9.0,35.25152587890625,10.186689376831055,1.4279884099960327,-0.7257040739059448,8293
3172,41965,0.2121448665857315,0.17189928889274597,-34.80054473876953,0.00920102559030056,-4.299226760864258,-9.0,9.0,34.37721252441406,9.979321479797363,1.4401416778564453,-0.7168178558349609,8294
3173,41965,0.17006854712963104,0.17128004133701324,-34.61208724975586,0.00919727049767971,-6.357486724853516,-9.0,9.0,34.20779800415039,10.801952362060547,1.3966976404190063,-0.6989846229553223,8295
3174,41965,0.19669272005558014,0.20711107552051544,-34.479331970214844,0.009192938916385174,-3.1171154975891113,-9.0,9.0,34.106536865234375,10.307351112365723,1.4502874612808228,-0.7124563455581665,8296
3175,41965,0.23284170031547546,0.28911063075065613,-36.093997955322266,0.009187702089548111,-4.402405738830566,-9.0,9.0,35.75315475463867,11.397333145141602,1.4430667161941528,-0.7368925213813782,8297
3176,41965,0.18585224449634552,0.19009356200695038,-34.2187614440918,0.009181561879813671,-5.846519470214844,-9.0,9.0,33.95854568481445,10.14138126373291,1.4423046112060547,-0.6920841932296753,8298
3177,41965,0.41093429923057556,0.3855462670326233,-35.86696243286133,0.009174616076052189,-5.846867084503174,-9.0,9.0,35.45242691040039,12.055574417114258,1.4011777639389038,-0.7330366969108582,8299
3178,41965,0.2942492365837097,0.22936396300792694,-34.15669631958008,0.009167750366032124,-2.0332651138305664,-9.0,9.0,33.819942474365234,10.51318359375,1.4784327745437622,-0.7028087377548218,8300
3179,41965,0.17754100263118744,0.20848308503627777,-34.76083755493164,0.009160151705145836,-5.587928771972656,-9.0,9.0,34.385684967041016,11.17255973815918,1.4188429117202759,-0.7098739743232727,8301
3180,41965,0.2435900717973709,0.25508126616477966,-34.40871047973633,0.009152567945420742,-2.470946788787842,-9.0,9.0,34.115318298339844,10.35953426361084,1.4664794206619263,-0.6631411910057068,8302
3181,41965,0.15444621443748474,0.14901752769947052,-35.371986389160156,0.009144963696599007,-2.577867269515991,-9.0,9.0,35.099815368652344,9.77525520324707,1.502393126487732,-0.6896303296089172,8303
3182,41965,0.18463094532489777,0.167514830827713,-34.928287506103516,0.009136713109910488,-4.761932849884033,-9.0,9.0,34.56106185913086,10.188105583190918,1.4305708408355713,-0.6945825219154358,8304
3183,41965,0.4828203320503235,0.42602041363716125,-36.68780517578125,0.00912818219512701,-3.677905797958374,-9.0,9.0,36.406402587890625,12.101728439331055,1.4243444204330444,-0.7593793869018555,8305
3184,41965,0.2054397612810135,0.24873751401901245,-34.91664123535156,0.009120033122599125,-1.5726981163024902,-9.0,9.0,34.45283889770508,10.812551498413086,1.4988752603530884,-0.6895853877067566,8306
3185,41965,0.3924811780452728,0.38703328371047974,-36.0914192199707,0.009111291728913784,-5.803361892700195,-9.0,9.0,35.75636672973633,10.682968139648438,1.4176150560379028,-0.7381768226623535,8307
3186,41965,0.22004081308841705,0.22120162844657898,-35.340187072753906,0.009102064184844494,-4.570892333984375,-9.0,9.0,34.99916076660156,10.600289344787598,1.4333304166793823,-0.7188667058944702,8308
3187,41965,0.24974380433559418,0.2649686634540558,-34.82414245605469,0.00909362267702818,-0.4604436755180359,-9.0,9.0,34.52815628051758,10.375961303710938,1.5083662271499634,-0.6942920684814453,8309
3188,41965,0.23069924116134644,0.28261598944664,-34.96396255493164,0.00908560398966074,-1.4205182790756226,-9.0,9.0,34.45417785644531,11.431439399719238,1.5125796794891357,-0.6851621270179749,8310
3189,41965,0.22526653110980988,0.2420138269662857,-35.87340545654297,0.00907801277935505,-1.2579987049102783,-9.0,9.0,35.40492248535156,10.589789390563965,1.4848366975784302,-0.7155264019966125,8311
3190,41965,0.2706828713417053,0.2774105370044708,-34.70841598510742,0.009070401079952717,-2.6022396087646484,-9.0,9.0,34.54738998413086,10.6876802444458,1.5059558153152466,-0.6727729439735413,8312
3191,41965,0.29983270168304443,0.3225902020931244,-36.11248016357422,0.009062152355909348,-5.58553409576416,-9.0,9.0,35.909183502197266,11.42490291595459,1.4241448640823364,-0.7399989366531372,8313
3192,41965,0.5706506371498108,0.5488023161888123,-36.46852111816406,0.00905462447553873,-0.3564348518848419,-9.0,9.0,35.91389846801758,11.623954772949219,1.488730549812317,-0.7307140231132507,8314
3193,41965,0.7149936556816101,0.8275737762451172,-35.779605865478516,0.009047835133969784,-0.0568004846572876,-9.0,9.0,35.03704833984375,10.749123573303223,1.5167877674102783,-0.7163025140762329,8315
3194,41965,0.34597936272621155,0.35888582468032837,-35.75004196166992,0.009040857665240765,-2.9091639518737793,-9.0,9.0,35.57365417480469,10.56491470336914,1.4559580087661743,-0.7120664715766907,8316
3195,41965,0.37684759497642517,0.3573664724826813,-34.80466842651367,0.009033315815031528,-4.247942924499512,-9.0,9.0,34.7846794128418,10.08896541595459,1.4559881687164307,-0.6897231340408325,8317
3196,41965,0.17553305625915527,0.15321296453475952,-35.86786651611328,0.0090254545211792,-3.6406126022338867,-9.0,9.0,35.482086181640625,11.510507583618164,1.4612414836883545,-0.7030256390571594,8318
3197,41965,0.35062089562416077,0.4606289863586426,-35.40703582763672,0.009016984142363071,-6.000428199768066,-9.0,9.0,34.813751220703125,10.58821964263916,1.4453667402267456,-0.6893177032470703,8319
3198,41965,0.17064905166625977,0.18796049058437347,-34.367637634277344,0.00900797639042139,-5.491148948669434,-9.0,9.0,33.93448257446289,9.821316719055176,1.4848157167434692,-0.6596800684928894,8320
3199,41965,0.37083402276039124,0.4402812421321869,-35.276363372802734,0.008998489007353783,-7.25410270690918,-9.0,9.0,35.21218490600586,11.258015632629395,1.3444788455963135,-0.7328110933303833,8321
3200,41965,0.21094001829624176,0.1772022396326065,-34.80679702758789,0.008988569490611553,-6.281924724578857,-9.0,9.0,34.53923797607422,11.063023567199707,1.452839732170105,-0.6786977052688599,8322
3201,41965,0.31711557507514954,0.30425697565078735,-35.85958480834961,0.008978268131613731,-6.722531318664551,-9.0,9.0,35.20238494873047,10.771380424499512,1.3906949758529663,-0.724945604801178,8323
3202,41965,0.2942039668560028,0.2715887725353241,-35.91877365112305,0.008967622183263302,-7.812139987945557,-9.0,9.0,35.44829559326172,12.30432415008545,1.3716477155685425,-0.7144628167152405,8324
3203,41965,5.141827583312988,5.191692352294922,-35.43552017211914,0.008956673555076122,-8.020692825317383,-9.0,9.0,35.13656997680664,11.348591804504395,1.3778408765792847,-0.6895923018455505,8325
3204,41965,0.3701097071170807,0.4319732189178467,-35.210960388183594,0.008945456705987453,-8.590058326721191,-9.0,9.0,35.17326354980469,11.43785285949707,1.3515645265579224,-0.7147702574729919,8326
3205,41965,0.25868117809295654,0.23270785808563232,-35.50330352783203,0.00893399864435196,-7.69594144821167,-9.0,9.0,35.06891632080078,10.434967994689941,1.389174461364746,-0.6713558435440063,8327
3206,41965,0.7139437198638916,0.6584363579750061,-34.996185302734375,0.008922329172492027,-7.474442481994629,-9.0,9.0,34.296470642089844,11.402685165405273,1.3917292356491089,-0.6926911473274231,8328
3207,41965,0.37327393889427185,0.34751635789871216,-35.220584869384766,0.008910471573472023,-6.429287433624268,-9.0,9.0,34.5214958190918,10.568840980529785,1.4132983684539795,-0.6952154040336609,8329
3208,41965,0.3594641089439392,0.36795955896377563,-34.54661560058594,0.008898450993001461,-5.400014400482178,-9.0,9.0,34.37645721435547,11.04028606414795,1.427505612373352,-0.7035871744155884,8330
3209,41965,0.6046338081359863,0.5302606821060181,-34.74826431274414,0.008886286057531834,-6.703699111938477,-9.0,9.0,34.76847839355469,11.099888801574707,1.4273033142089844,-0.696556568145752,8331
3210,41965,0.6434714198112488,0.7243314981460571,-36.79743576049805,0.008873993530869484,-4.847235679626465,-9.0,9.0,36.33847427368164,11.391169548034668,1.4039804935455322,-0.7304936647415161,8332
3211,41965,1.0832802057266235,0.9701886773109436,-37.075252532958984,0.008862956427037716,0.059081077575683594,-9.0,9.0,36.156105041503906,12.464325904846191,1.501563310623169,-0.7387102246284485,8333
3212,41965,0.46832722425460815,0.37527015805244446,-35.085533142089844,0.008853473700582981,1.532608985900879,-9.0,9.0,34.827449798583984,10.786515235900879,1.5601528882980347,-0.6779385805130005,8334
3213,41965,0.3256797194480896,0.3824922442436218,-35.0498046875,0.008844928815960884,-0.04605579376220703,-9.0,9.0,35.005859375,11.663521766662598,1.5307728052139282,-0.698983371257782,8335
3214,41965,0.37625545263290405,0.3400665819644928,-35.4128532409668,0.008837138302624226,-0.35424190759658813,-9.0,9.0,35.22568893432617,10.888917922973633,1.5241634845733643,-0.7033311724662781,8336
3215,41965,0.41736292839050293,0.48975449800491333,-34.99003601074219,0.008830280974507332,0.523888111114502,-9.0,9.0,34.321937561035156,10.776934623718262,1.538879632949829,-0.6750501394271851,8337
3216,41965,0.4689914584159851,0.49863630533218384,-36.06319046020508,0.008823907934129238,-0.7097082734107971,-9.0,9.0,35.55876159667969,10.729167938232422,1.5056978464126587,-0.7032840847969055,8338
3217,41965,0.531755805015564,0.6395697593688965,-36.00107955932617,0.008819007314741611,2.900507688522339,-9.0,9.0,36.05975341796875,11.875422477722168,1.559712290763855,-0.7101432681083679,8339
3218,41965,0.25706493854522705,0.2791726291179657,-35.33070373535156,0.008814522065222263,-0.26762655377388,-9.0,9.0,35.17318344116211,10.71841049194336,1.5212488174438477,-0.6893134713172913,8340
3219,41965,0.5839735269546509,0.6871370077133179,-35.33861541748047,0.0088117104023695,4.24910831451416,-9.0,9.0,34.702354431152344,10.856731414794922,1.5968010425567627,-0.6707874536514282,8341
3220,41965,0.22015222907066345,0.24915951490402222,-34.998538970947266,0.008809143677353859,-0.13072536885738373,-9.0,9.0,34.520301818847656,10.583027839660645,1.5318444967269897,-0.6793099045753479,8342
3221,41965,0.33401378989219666,0.39989039301872253,-35.488563537597656,0.008807295002043247,1.6091338396072388,-9.0,9.0,35.46870803833008,11.335161209106445,1.5715925693511963,-0.671349823474884,8343
3222,41965,0.2366550713777542,0.2812497615814209,-35.348873138427734,0.008806963451206684,4.632200241088867,-9.0,9.0,35.26282501220703,10.421590805053711,1.5724815130233765,-0.6690496802330017,8344
3223,41965,0.38714343309402466,0.37203434109687805,-36.36565399169922,0.008806824684143066,0.5538343191146851,-9.0,9.0,36.11788558959961,10.553728103637695,1.5150309801101685,-0.7219465970993042,8345
3224,41965,0.8526824116706848,0.8903647661209106,-36.36085510253906,0.008807316422462463,2.1387381553649902,-9.0,9.0,35.7645378112793,13.410903930664062,1.539541482925415,-0.7362672090530396,8346
3225,41965,0.39628472924232483,0.3591431677341461,-35.53046417236328,0.008808412589132786,2.28206205368042,-9.0,9.0,34.996726989746094,10.074867248535156,1.5672086477279663,-0.6904877424240112,8347
3226,41965,0.33314862847328186,0.37093043327331543,-36.122108459472656,0.008809282444417477,-0.4197303056716919,-9.0,9.0,35.950843811035156,11.134132385253906,1.4771541357040405,-0.7568431496620178,8348
3227,41965,0.5397341847419739,0.5470445156097412,-35.38127899169922,0.00881007220596075,0.02844977378845215,-9.0,9.0,35.38771057128906,10.947616577148438,1.5136324167251587,-0.7265172600746155,8349
3228,41965,0.25674545764923096,0.22991277277469635,-35.83453369140625,0.008811021223664284,0.8272111415863037,-9.0,9.0,35.47400665283203,10.129222869873047,1.537611722946167,-0.6982526183128357,8350
3229,41965,0.7193694114685059,0.6403989791870117,-36.358863830566406,0.008811432868242264,-1.5313935279846191,-9.0,9.0,35.83903121948242,12.363384246826172,1.5148818492889404,-0.7028163075447083,8351
3230,41965,0.6670833230018616,0.5897423028945923,-35.43376922607422,0.008811462670564651,-1.1886942386627197,-9.0,9.0,34.74114227294922,10.963330268859863,1.4545576572418213,-0.687934398651123,8352
3231,41965,0.22607412934303284,0.24292197823524475,-34.49509811401367,0.008811235427856445,-0.8822073340415955,-9.0,9.0,34.3826904296875,9.70284652709961,1.5084410905838013,-0.6729748845100403,8353
3232,41965,0.45981884002685547,0.5151241421699524,-35.89045715332031,0.008810294792056084,-2.5541439056396484,-9.0,9.0,35.81998062133789,12.137266159057617,1.4422523975372314,-0.7338285446166992,8354
3233,41965,0.47808071970939636,0.4581104815006256,-34.203208923339844,0.008810097351670265,2.2529304027557373,-9.0,9.0,33.68156433105469,9.784698486328125,1.5481122732162476,-0.6759098768234253,8355
3234,41965,0.7922955751419067,0.8668174743652344,-35.92633819580078,0.00880936998873949,-1.8984270095825195,-9.0,9.0,35.413177490234375,10.486620903015137,1.4822169542312622,-0.6966444849967957,8356
3235,41965,0.3503890037536621,0.3953043818473816,-36.51702117919922,0.00880780816078186,-3.1424875259399414,-9.0,9.0,35.960609436035156,10.801407814025879,1.4459171295166016,-0.7372804880142212,8357
3236,41965,0.272865891456604,0.2985253930091858,-34.80199432373047,0.008805200457572937,-4.167646408081055,-9.0,9.0,34.73243713378906,11.126297950744629,1.4395617246627808,-0.7001466751098633,8358
3237,41965,0.3467245399951935,0.30183154344558716,-35.598304748535156,0.008803890086710453,3.59735107421875,-9.0,9.0,35.5262451171875,10.082442283630371,1.5579530000686646,-0.7266896963119507,8359
3238,41965,0.27388885617256165,0.27404919266700745,-35.601837158203125,0.008802277967333794,-1.507697582244873,-9.0,9.0,35.13270568847656,10.994929313659668,1.4937161207199097,-0.7125979065895081,8360
3239,41965,0.3754064738750458,0.3673604130744934,-35.96748733520508,0.008800712414085865,-0.3975520730018616,-9.0,9.0,35.348960876464844,10.897773742675781,1.4946483373641968,-0.7179265022277832,8361
3240,41965,0.21990379691123962,0.21181142330169678,-35.26730728149414,0.008799105882644653,-0.6761759519577026,-9.0,9.0,34.932655334472656,10.801835060119629,1.4961062669754028,-0.6997741460800171,8362
3241,41965,0.2825300395488739,0.3041480481624603,-35.247108459472656,0.008796975016593933,-2.3791518211364746,-9.0,9.0,35.212646484375,10.598750114440918,1.501876711845398,-0.7058748602867126,8363
3242,41965,0.3318684995174408,0.32729804515838623,-36.39500427246094,0.00879532191902399,0.9252941608428955,-9.0,9.0,36.140289306640625,11.987452507019043,1.5039503574371338,-0.7359442114830017,8364
3243,41965,0.2636650502681732,0.21172356605529785,-34.833927154541016,0.008793053217232227,-2.713223457336426,-9.0,9.0,34.30402374267578,9.797811508178711,1.4959882497787476,-0.7024060487747192,8365
3244,41965,0.4192327558994293,0.39472800493240356,-36.033416748046875,0.008791460655629635,1.5610202550888062,-9.0,9.0,35.547725677490234,10.694400787353516,1.536696434020996,-0.7201749682426453,8366
3245,41965,0.2327347993850708,0.2469412088394165,-35.30885314941406,0.008789494633674622,-1.8378567695617676,-9.0,9.0,35.15425109863281,10.524763107299805,1.4619337320327759,-0.6952020525932312,8367
3246,41965,0.3184121251106262,0.36586689949035645,-35.55461883544922,0.008787411265075207,-1.0924179553985596,-9.0,9.0,35.50532150268555,10.871661186218262,1.5353463888168335,-0.7018154859542847,8368
3247,41965,0.24097001552581787,0.2743734121322632,-35.080833435058594,0.008784914389252663,-2.1528677940368652,-9.0,9.0,34.660457611083984,10.10682487487793,1.479717493057251,-0.695233941078186,8369
3248,41965,0.2926781177520752,0.2875365614891052,-35.305824279785156,0.008782393299043179,-0.9468573927879333,-9.0,9.0,34.66362380981445,11.304014205932617,1.4724184274673462,-0.717978835105896,8370
3249,41965,0.26419830322265625,0.2658221125602722,-34.92346954345703,0.008779546245932579,-1.9980599880218506,-9.0,9.0,34.53610610961914,9.851752281188965,1.4878960847854614,-0.6707221865653992,8371
3250,41965,0.34876784682273865,0.3084560036659241,-35.064796447753906,0.008775762282311916,-4.249094009399414,-9.0,9.0,35.01827621459961,11.247379302978516,1.4776442050933838,-0.685330867767334,8372
3251,41965,0.3623059093952179,0.3308839797973633,-35.514835357666016,0.008770997636020184,-5.7563276290893555,-9.0,9.0,35.36052703857422,10.810999870300293,1.447438359260559,-0.6925306916236877,8373
3252,41965,0.3156895935535431,0.3586844801902771,-35.53455352783203,0.00876534916460514,-7.189369201660156,-9.0,9.0,34.98320388793945,10.031298637390137,1.3780063390731812,-0.7018786072731018,8374
3253,41965,0.41227856278419495,0.2982217073440552,-35.7251091003418,0.008759069256484509,-4.184635639190674,-9.0,9.0,35.101234436035156,11.72062873840332,1.4438800811767578,-0.6918472051620483,8375
3254,41965,0.20817069709300995,0.1852429211139679,-35.421897888183594,0.00875206757336855,-5.29274320602417,-9.0,9.0,35.230140686035156,10.623705863952637,1.4432411193847656,-0.6940454840660095,8376
3255,41965,0.4749910831451416,0.432585209608078,-37.038204193115234,0.00874564703553915,-0.42305988073349,-9.0,9.0,37.026893615722656,11.836856842041016,1.4639949798583984,-0.763944685459137,8377
3256,41965,0.3763485848903656,0.3361314535140991,-37.05371856689453,0.008738518692553043,-5.794587135314941,-9.0,9.0,36.717628479003906,11.756166458129883,1.3857195377349854,-0.7236142754554749,8378
3257,41965,0.8009396195411682,0.7549054622650146,-37.239173889160156,0.008731130510568619,-3.436608076095581,-9.0,9.0,36.247596740722656,11.91448974609375,1.4594265222549438,-0.7179312705993652,8379
3258,41965,0.3354492783546448,0.25537431240081787,-36.1466178894043,0.008723152801394463,-4.68400764465332,-9.0,9.0,35.49733352661133,10.801542282104492,1.4414520263671875,-0.6737264394760132,8380
3259,41965,0.4470655024051666,0.5140925645828247,-36.04869079589844,0.00871544424444437,-1.8698673248291016,-9.0,9.0,36.128971099853516,11.953166961669922,1.4656230211257935,-0.7152990698814392,8381
3260,41965,0.6181690096855164,0.5135888457298279,-35.648826599121094,0.008707165718078613,-5.087135314941406,-9.0,9.0,35.63384246826172,11.576125144958496,1.443373680114746,-0.6680410504341125,8382
3261,41965,0.24696744978427887,0.2723711133003235,-35.54621505737305,0.008699621073901653,-0.34327900409698486,-9.0,9.0,34.97770690917969,10.894280433654785,1.5169353485107422,-0.6606332063674927,8383
3262,41965,0.26016852259635925,0.2562248110771179,-35.17576217651367,0.008691494353115559,-5.11864709854126,-9.0,9.0,34.48949432373047,9.501993179321289,1.466568946838379,-0.6383429169654846,8384
3263,41965,0.43382394313812256,0.37472453713417053,-35.79841995239258,0.008683457039296627,-2.567345380783081,-9.0,9.0,35.414005279541016,11.050525665283203,1.5018335580825806,-0.6826190948486328,8385
3264,41965,4.810374736785889,4.929999828338623,-36.64318084716797,0.008675672113895416,-1.9666006565093994,-9.0,9.0,36.36083984375,10.827225685119629,1.4964125156402588,-0.7000148892402649,8386
3265,41965,0.6058118939399719,0.5662270784378052,-34.49040222167969,0.008668642491102219,-0.08328455686569214,-9.0,9.0,34.55854797363281,10.91079044342041,1.5318042039871216,-0.6644118428230286,8387
3266,41965,0.27927324175834656,0.3249873220920563,-36.30261993408203,0.008661841042339802,-1.6913878917694092,-9.0,9.0,35.88700485229492,11.577153205871582,1.474789023399353,-0.7159730195999146,8388
3267,41965,0.7922138571739197,0.6742510795593262,-35.97659683227539,0.00865707267075777,4.7816619873046875,-9.0,9.0,35.2598762512207,11.402647972106934,1.5843557119369507,-0.6727257966995239,8389
3268,41965,0.5600765347480774,0.4466261863708496,-36.7458381652832,0.008653275668621063,1.7495194673538208,-9.0,9.0,35.914669036865234,12.40854549407959,1.5129979848861694,-0.7505344152450562,8390
3269,41965,1.0365432500839233,0.7459439039230347,-36.773963928222656,0.008649987168610096,0.459486722946167,-9.0,9.0,36.72782516479492,11.057519912719727,1.5189863443374634,-0.7018150687217712,8391
3270,41965,0.7250367403030396,0.5223188400268555,-36.93557357788086,0.00864699762314558,-0.11057944595813751,-9.0,9.0,36.8244514465332,10.335448265075684,1.4987822771072388,-0.7348757982254028,8392
3271,41965,0.3968549966812134,0.3945121169090271,-37.51932144165039,0.008645229041576385,3.262826919555664,-9.0,9.0,36.94426727294922,11.756586074829102,1.5596681833267212,-0.7601059079170227,8393
3272,41965,4.115747928619385,4.321512699127197,-35.984012603759766,0.008644272573292255,2.2522971630096436,-9.0,9.0,35.19560241699219,10.9861421585083,1.5616379976272583,-0.7038430571556091,8394
3273,41965,0.17702198028564453,0.28172168135643005,-35.056610107421875,0.008644754998385906,6.044145584106445,-9.0,9.0,34.935420989990234,10.806495666503906,1.6229982376098633,-0.6855706572532654,8395
3274,41965,0.41606178879737854,0.35219117999076843,-35.63636779785156,0.008645966649055481,2.7638609409332275,-9.0,9.0,35.724613189697266,10.91991901397705,1.5294851064682007,-0.7069271802902222,8396
3275,41965,0.3125646114349365,0.2973967492580414,-35.712860107421875,0.008647908456623554,3.008089542388916,-9.0,9.0,35.553062438964844,10.724993705749512,1.5469872951507568,-0.6969452500343323,8397
3276,41965,0.3774866461753845,0.3539717495441437,-34.53750991821289,0.008649088442325592,-2.0119893550872803,-9.0,9.0,33.907508850097656,10.12613582611084,1.4668781757354736,-0.6669216156005859,8398
3277,41965,0.5760654211044312,0.4060271680355072,-35.471500396728516,0.008650482632219791,1.175345778465271,-9.0,9.0,35.0234489440918,10.137733459472656,1.5101615190505981,-0.7014317512512207,8399
3278,41965,0.7988325357437134,0.713905930519104,-35.56379318237305,0.00865076668560505,-3.440664768218994,-9.0,9.0,35.586238861083984,12.024036407470703,1.4402269124984741,-0.7159477472305298,8400
3279,41965,0.2883140444755554,0.236799418926239,-35.85768508911133,0.008651175536215305,0.5372856855392456,-9.0,9.0,35.81468200683594,11.227394104003906,1.4892748594284058,-0.7208752632141113,8401
3280,41965,0.5427244305610657,0.5591706037521362,-35.88201141357422,0.008651897311210632,1.2529808282852173,-9.0,9.0,35.46532440185547,10.385272026062012,1.5093631744384766,-0.7200350165367126,8402
3281,41965,0.2991917133331299,0.26005634665489197,-36.36954879760742,0.008653015829622746,1.6554934978485107,-9.0,9.0,35.901248931884766,11.269362449645996,1.4826899766921997,-0.7406874895095825,8403
3282,41965,0.464580774307251,0.8041238188743591,-36.14215850830078,0.008653576485812664,-1.5696077346801758,-9.0,9.0,36.15452575683594,11.834784507751465,1.4479892253875732,-0.7365111112594604,8404
3283,41965,0.4042761027812958,0.36386460065841675,-35.77571487426758,0.00865345261991024,-2.2235279083251953,-9.0,9.0,35.6436767578125,11.194082260131836,1.4467356204986572,-0.697773277759552,8405
3284,41965,0.41193416714668274,0.44957032799720764,-36.81996154785156,0.008652973920106888,-1.2947566509246826,-9.0,9.0,36.553863525390625,11.064565658569336,1.4735182523727417,-0.7229523658752441,8406
3285,41965,0.3060244023799896,0.32807692885398865,-36.40902328491211,0.00865121278911829,-4.689731121063232,-9.0,9.0,36.10743713378906,11.221491813659668,1.4327749013900757,-0.6922802329063416,8407
3286,41965,0.3317737281322479,0.297116756439209,-35.97629165649414,0.008648795075714588,-2.93864107131958,-9.0,9.0,35.83618927001953,10.737982749938965,1.413190245628357,-0.7041723132133484,8408
3287,41965,0.32112807035446167,0.33976465463638306,-35.74876403808594,0.00864554662257433,-3.801173448562622,-9.0,9.0,35.524879455566406,10.559226989746094,1.4518119096755981,-0.6908670663833618,8409
3288,41965,0.2275167554616928,0.2503606677055359,-36.17146301269531,0.008641787804663181,-2.961212635040283,-9.0,9.0,35.71844482421875,10.9978609085083,1.4528332948684692,-0.7024145722389221,8410
3289,41965,0.24705082178115845,0.30529916286468506,-35.063899993896484,0.008637062273919582,-7.782166004180908,-9.0,9.0,34.67652130126953,10.076798439025879,1.3917953968048096,-0.6488461494445801,8411
3290,41965,0.44875627756118774,0.3415919542312622,-35.5828971862793,0.008631475269794464,-7.510777473449707,-9.0,9.0,35.20893478393555,11.073345184326172,1.3737131357192993,-0.6957705616950989,8412
3291,41965,0.5328960418701172,0.4017895758152008,-36.26232147216797,0.008625246584415436,-4.2807207107543945,-9.0,9.0,36.079505920410156,11.638429641723633,1.43576180934906,-0.687878429889679,8413
3292,41965,0.5122320652008057,0.4511922299861908,-35.974937438964844,0.008618311025202274,-7.164477825164795,-9.0,9.0,35.66365051269531,11.291708946228027,1.402004361152649,-0.6735059022903442,8414
3293,41965,0.5179285407066345,0.43829745054244995,-35.604026794433594,0.008611125871539116,-3.3829052448272705,-9.0,9.0,35.27897262573242,11.484274864196777,1.446008324623108,-0.6948968768119812,8415
3294,41965,0.37500789761543274,0.3403407335281372,-36.23814392089844,0.008603336289525032,-5.517827033996582,-9.0,9.0,35.61663818359375,11.161293983459473,1.4052869081497192,-0.6889286637306213,8416
3295,41965,0.3448772132396698,0.2111710160970688,-36.08702087402344,0.008595221675932407,-3.9656338691711426,-9.0,9.0,35.59992218017578,10.868462562561035,1.4855823516845703,-0.6677667498588562,8417
3296,41965,0.7756028771400452,0.7160137295722961,-36.42405700683594,0.008586913347244263,-3.624621868133545,-9.0,9.0,36.24081039428711,11.269335746765137,1.4610660076141357,-0.6815696358680725,8418
3297,41965,0.6114654541015625,0.589776337146759,-35.953224182128906,0.00857856497168541,-3.14905047416687,-9.0,9.0,35.83247375488281,11.187385559082031,1.4495651721954346,-0.7089369893074036,8419
3298,41965,0.24318628013134003,0.22350233793258667,-35.43449020385742,0.008570138365030289,-3.2979540824890137,-9.0,9.0,35.03818893432617,11.911687850952148,1.4624570608139038,-0.6645264625549316,8420
3299,41965,0.7833480834960938,0.5645038485527039,-36.74714279174805,0.008561658672988415,-3.246262550354004,-9.0,9.0,36.2829475402832,12.081068992614746,1.4682416915893555,-0.6792551279067993,8421
3300,41965,0.3340966999530792,0.3215266466140747,-36.60783386230469,0.008554443717002869,1.4898366928100586,-9.0,9.0,36.2579345703125,11.781986236572266,1.5172828435897827,-0.7093419432640076,8422
3301,41965,0.47795361280441284,0.3764885663986206,-36.26547622680664,0.008547858335077763,-0.3395910859107971,-9.0,9.0,36.16682815551758,11.382843017578125,1.521976351737976,-0.6824095845222473,8423
3302,41965,0.2739773094654083,0.22707198560237885,-34.736087799072266,0.008541987277567387,0.19505086541175842,-9.0,9.0,34.48927307128906,10.477022171020508,1.5251080989837646,-0.6341745257377625,8424
3303,41965,0.4698125422000885,0.3370378613471985,-34.765098571777344,0.0085373530164361,2.334120035171509,-9.0,9.0,34.21324920654297,10.546451568603516,1.5488172769546509,-0.6305652260780334,8425
3304,41965,0.23419107496738434,0.24851305782794952,-36.599605560302734,0.008534296415746212,3.993187427520752,-9.0,9.0,36.16022491455078,11.43802547454834,1.5903116464614868,-0.690417468547821,8426
3305,41965,0.25031641125679016,0.25483959913253784,-36.30925750732422,0.00853225402534008,2.544708728790283,-9.0,9.0,36.132476806640625,10.683168411254883,1.5474680662155151,-0.6950544118881226,8427
3306,41965,0.2582719624042511,0.17907610535621643,-34.89086151123047,0.008531737141311169,5.307810306549072,-9.0,9.0,34.759986877441406,10.33255672454834,1.5988948345184326,-0.6178044080734253,8428
3307,41965,0.25894695520401,0.22724002599716187,-35.91918182373047,0.008532595820724964,5.621558666229248,-9.0,9.0,35.488197326660156,11.001293182373047,1.5908697843551636,-0.6763819456100464,8429
3308,41965,0.2852303981781006,0.20388109982013702,-36.34107971191406,0.008534036576747894,2.411817789077759,-9.0,9.0,35.867488861083984,11.969803810119629,1.5600130558013916,-0.6674346923828125,8430
3309,41965,0.41866010427474976,0.39023956656455994,-36.12727355957031,0.008536095730960369,2.7407021522521973,-9.0,9.0,35.8874626159668,11.240667343139648,1.5607539415359497,-0.6647560000419617,8431
3310,41965,0.2061675637960434,0.27148178219795227,-36.32562255859375,0.008539266884326935,7.346169471740723,-9.0,9.0,35.85187530517578,11.273909568786621,1.6312817335128784,-0.6521854400634766,8432
3311,41965,0.6211254000663757,0.45635414123535156,-36.07721710205078,0.008543168194591999,3.76518177986145,-9.0,9.0,35.66558074951172,11.677821159362793,1.5795621871948242,-0.6226860284805298,8433
3312,41965,0.36095041036605835,0.40323299169540405,-37.400550842285156,0.008546770550310612,0.30978718400001526,-9.0,9.0,36.94731521606445,11.995000839233398,1.496926188468933,-0.6997319459915161,8434
3313,41965,0.21081574261188507,0.19820579886436462,-36.13783645629883,0.008550687693059444,2.4296865463256836,-9.0,9.0,35.59502410888672,10.838356018066406,1.5533654689788818,-0.6599907875061035,8435
3314,41965,0.2589355409145355,0.30541640520095825,-36.90937423706055,0.008555537089705467,5.097121238708496,-9.0,9.0,36.42314147949219,12.585678100585938,1.573150634765625,-0.694078803062439,8436
3315,41965,0.29427585005760193,0.2642267346382141,-36.6451530456543,0.008559850044548512,-0.1952810287475586,-9.0,9.0,36.387306213378906,11.351483345031738,1.4908114671707153,-0.6907339692115784,8437
3316,41965,0.21339641511440277,0.27731192111968994,-36.02556610107422,0.008565056137740612,5.326938152313232,-9.0,9.0,35.66143035888672,11.169425010681152,1.600821852684021,-0.6705065369606018,8438
3317,41965,0.683735191822052,0.7053462862968445,-36.40904998779297,0.008570468984544277,2.590010404586792,-9.0,9.0,35.7222900390625,10.736871719360352,1.5551891326904297,-0.6745036244392395,8439
3318,41965,0.6021478772163391,0.48572951555252075,-36.75086975097656,0.008576249703764915,3.2586476802825928,-9.0,9.0,36.195743560791016,11.064273834228516,1.5278642177581787,-0.6769667267799377,8440
3319,41965,0.2304351031780243,0.18880212306976318,-35.765594482421875,0.008582779206335545,5.1419878005981445,-9.0,9.0,35.519447326660156,10.717843055725098,1.6145306825637817,-0.6420807838439941,8441
3320,41965,0.7104665040969849,0.6654635071754456,-35.72290802001953,0.008589415811002254,2.7059874534606934,-9.0,9.0,35.53813552856445,10.673177719116211,1.6015901565551758,-0.6611285209655762,8442
3321,41965,0.5181207060813904,0.4945909082889557,-37.237632751464844,0.008596016094088554,2.219214677810669,-9.0,9.0,36.59113693237305,12.421958923339844,1.54177987575531,-0.7130391001701355,8443
3322,41965,0.4485248923301697,0.3670092821121216,-36.356014251708984,0.008602540008723736,2.0632588863372803,-9.0,9.0,35.72544860839844,12.349115371704102,1.5333616733551025,-0.6987553834915161,8444
3323,41965,0.248416468501091,0.3307609558105469,-36.45825958251953,0.008609381504356861,3.4595589637756348,-9.0,9.0,36.248504638671875,10.94650936126709,1.558199167251587,-0.7077016234397888,8445
3324,41965,0.7026611566543579,0.5779368877410889,-36.44660949707031,0.008616872131824493,5.54701042175293,-9.0,9.0,36.378089904785156,10.51349925994873,1.607479214668274,-0.6928066611289978,8446
3325,41965,0.25434133410453796,0.23820261657238007,-35.901397705078125,0.008624238893389702,2.1965322494506836,-9.0,9.0,35.446388244628906,11.201371192932129,1.5487321615219116,-0.6716257929801941,8447
3326,41965,0.5050615668296814,0.3488911986351013,-36.41426086425781,0.008631478995084763,2.1494791507720947,-9.0,9.0,35.6209716796875,11.342517852783203,1.532991647720337,-0.7036374807357788,8448
3327,41965,0.8248482942581177,0.7247984409332275,-36.06862258911133,0.008638866245746613,3.087524890899658,-9.0,9.0,35.57673263549805,11.666141510009766,1.5465869903564453,-0.693670928478241,8449
3328,41965,0.31231704354286194,0.27615517377853394,-35.29179000854492,0.008645402267575264,-0.44252297282218933,-9.0,9.0,35.193145751953125,10.528359413146973,1.5076932907104492,-0.6772252321243286,8450
3329,41965,0.2966984510421753,0.20982955396175385,-35.61801528930664,0.008651596494019032,1.0839667320251465,-9.0,9.0,35.48302459716797,11.164619445800781,1.5143439769744873,-0.7029773592948914,8451
3330,41965,0.4945219159126282,0.2808467745780945,-37.00877380371094,0.008658360689878464,4.219958305358887,-9.0,9.0,36.46068572998047,12.001014709472656,1.585426688194275,-0.6806031465530396,8452
3331,41965,0.48437076807022095,0.3371289074420929,-36.20808410644531,0.008664530701935291,0.2633487582206726,-9.0,9.0,35.60142517089844,10.142874717712402,1.5119256973266602,-0.7049389481544495,8453
3332,41965,0.29095664620399475,0.3625643849372864,-35.40640640258789,0.008670664392411709,2.0270423889160156,-9.0,9.0,35.17470169067383,11.459870338439941,1.5699981451034546,-0.6529477834701538,8454
3333,41965,0.4131358563899994,0.4033396244049072,-36.7775993347168,0.008676747791469097,1.9828499555587769,-9.0,9.0,36.682491302490234,10.74531364440918,1.5662027597427368,-0.6994799971580505,8455
3334,41965,0.2705416679382324,0.24707648158073425,-36.01856231689453,0.008682327345013618,0.34127578139305115,-9.0,9.0,35.75825500488281,10.657699584960938,1.5306464433670044,-0.6831993460655212,8456
3335,41965,0.42030537128448486,0.33625292778015137,-35.97591781616211,0.008687603287398815,0.8763792514801025,-9.0,9.0,35.42725372314453,11.065237045288086,1.5184822082519531,-0.6825011968612671,8457
3336,41965,0.4774605631828308,0.354267954826355,-36.68219757080078,0.008691004477441311,-4.863499641418457,-9.0,9.0,36.37638854980469,12.369009971618652,1.4526869058609009,-0.7193683385848999,8458
3337,41965,0.5203694105148315,0.4813581109046936,-36.08333969116211,0.008692886680364609,-4.154535293579102,-9.0,9.0,36.01182556152344,10.977922439575195,1.4500452280044556,-0.6935266256332397,8459
3338,41965,0.36816319823265076,0.30523884296417236,-36.59681701660156,0.008693450130522251,-3.990398645401001,-9.0,9.0,36.390472412109375,11.056570053100586,1.4323482513427734,-0.6774834990501404,8460
3339,41965,0.28285902738571167,0.2849145233631134,-35.659793853759766,0.008693363517522812,-2.0846495628356934,-9.0,9.0,35.22385787963867,10.738057136535645,1.4904091358184814,-0.6829928159713745,8461
3340,41965,0.31177717447280884,0.23406466841697693,-36.35768508911133,0.008692707866430283,-2.032525062561035,-9.0,9.0,35.96184539794922,11.122773170471191,1.5094870328903198,-0.6681687235832214,8462
3341,41965,0.6071215271949768,0.5352050065994263,-36.538570404052734,0.008691411465406418,-2.4935107231140137,-9.0,9.0,36.445316314697266,11.769244194030762,1.4466617107391357,-0.6952301263809204,8463
3342,41965,0.7454706430435181,0.5539239645004272,-35.75245666503906,0.00868957955390215,-2.342613458633423,-9.0,9.0,35.458518981933594,11.684350967407227,1.4376661777496338,-0.6948521733283997,8464
3343,41965,0.27495503425598145,0.37130069732666016,-36.0560188293457,0.008686588145792484,-6.391787052154541,-9.0,9.0,35.50371170043945,10.518248558044434,1.4323112964630127,-0.6723273992538452,8465
3344,41965,0.45395201444625854,0.3491126298904419,-38.54539108276367,0.008682554587721825,-5.72918176651001,-9.0,9.0,37.756412506103516,12.566776275634766,1.426060438156128,-0.7309645414352417,8466
3345,41965,0.44677671790122986,0.5858249068260193,-35.67521667480469,0.0086775878444314,-6.403326988220215,-9.0,9.0,35.44999694824219,10.704404830932617,1.4238595962524414,-0.6857384443283081,8467
3346,41965,0.42426997423171997,0.4373020827770233,-36.2702522277832,0.008672268129885197,-3.0048000812530518,-9.0,9.0,36.09022521972656,12.001066207885742,1.4659751653671265,-0.6933849453926086,8468
3347,41965,0.2973570227622986,0.45403242111206055,-36.29051208496094,0.008666977286338806,-1.795440912246704,-9.0,9.0,35.6883659362793,11.429707527160645,1.493852972984314,-0.6883498430252075,8469
3348,41965,0.3177543580532074,0.3897484838962555,-37.481876373291016,0.008661903440952301,-1.0990254878997803,-9.0,9.0,36.721710205078125,11.857061386108398,1.4871160984039307,-0.7162994146347046,8470
3349,41965,0.4708642363548279,0.33162736892700195,-36.296142578125,0.00865673366934061,-2.148015022277832,-9.0,9.0,35.86552047729492,11.56380558013916,1.4910837411880493,-0.7077846527099609,8471
3350,41965,0.28127923607826233,0.3149909973144531,-36.70633316040039,0.008653423748910427,5.667541027069092,-9.0,9.0,36.365684509277344,11.419028282165527,1.597741723060608,-0.7395229339599609,8472
3351,41965,0.40192943811416626,0.3247247636318207,-36.260658264160156,0.008651785552501678,4.817102909088135,-9.0,9.0,35.952232360839844,11.272590637207031,1.6051902770996094,-0.6958646774291992,8473
3352,41965,0.36163991689682007,0.4561375081539154,-35.81216049194336,0.00865157600492239,4.483335494995117,-9.0,9.0,35.30607604980469,10.542057037353516,1.5840929746627808,-0.7013207077980042,8474
3353,41965,0.3465326726436615,0.27576005458831787,-37.53974151611328,0.008652722463011742,6.07664680480957,-9.0,9.0,36.953922271728516,12.746724128723145,1.6008528470993042,-0.7611169219017029,8475
3354,41965,0.33277827501296997,0.45558369159698486,-36.92255401611328,0.00865508709102869,6.860991477966309,-9.0,9.0,36.801395416259766,11.279979705810547,1.5800867080688477,-0.7836235761642456,8476
3355,41965,0.34897011518478394,0.38070976734161377,-37.15491485595703,0.008658550679683685,6.922394752502441,-9.0,9.0,37.0006217956543,12.164491653442383,1.5988080501556396,-0.804480254650116,8477
3356,41965,0.22522017359733582,0.2838674783706665,-35.75860595703125,0.008663002401590347,7.8887152671813965,-9.0,9.0,35.27621078491211,11.24246883392334,1.6274073123931885,-0.7527516484260559,8478
3357,41965,0.33062151074409485,0.43965959548950195,-37.606849670410156,0.008668340742588043,6.047492980957031,-9.0,9.0,36.998775482177734,11.5008544921875,1.563452124595642,-0.8007383346557617,8479
3358,41965,0.3339133858680725,0.33357951045036316,-36.46330642700195,0.008674480952322483,8.383874893188477,-9.0,9.0,36.28026580810547,11.852518081665039,1.6215600967407227,-0.7862745523452759,8480
3359,41965,0.4305204153060913,0.43721914291381836,-35.88312530517578,0.008681342005729675,10.14577579498291,-9.0,9.0,35.71581268310547,11.070314407348633,1.6746118068695068,-0.7431973218917847,8481
3360,41965,0.6719673871994019,0.8568218946456909,-35.525306701660156,0.008688850328326225,8.698305130004883,-9.0,9.0,35.05665969848633,10.539563179016113,1.6662782430648804,-0.7170623540878296,8482
3361,41965,0.2890317440032959,0.2762826085090637,-34.9357795715332,0.008696941658854485,7.3605828285217285,-9.0,9.0,34.49417495727539,10.869941711425781,1.6221657991409302,-0.7090786099433899,8483
3362,41965,0.2947388291358948,0.299373060464859,-37.527061462402344,0.0087055629119277,6.72121524810791,-9.0,9.0,36.94215393066406,11.77040958404541,1.58010995388031,-0.7687602639198303,8484
3363,41965,0.26907384395599365,0.313064843416214,-35.865108489990234,0.008714592084288597,4.50103235244751,-9.0,9.0,35.60886764526367,10.35791015625,1.579766035079956,-0.7525016069412231,8485
3364,41965,0.22113986313343048,0.20343619585037231,-35.75738525390625,0.008724055252969265,5.697885513305664,-9.0,9.0,35.33565139770508,11.139655113220215,1.589109182357788,-0.7262805700302124,8486
3365,41965,0.19314174354076385,0.19878129661083221,-36.86351013183594,0.008733279071748257,2.4624106884002686,-9.0,9.0,36.38909149169922,11.34461498260498,1.5175613164901733,-0.7915281057357788,8487
3366,41965,0.23619341850280762,0.24849878251552582,-35.66792297363281,0.008742177858948708,2.081050157546997,-9.0,9.0,35.143089294433594,11.179980278015137,1.5191394090652466,-0.7628629803657532,8488
3367,41965,0.6943094730377197,0.6914244294166565,-36.91104507446289,0.008751529268920422,5.6722307205200195,-9.0,9.0,36.5029182434082,11.302132606506348,1.5770968198776245,-0.7867745757102966,8489
3368,41965,0.3693123459815979,0.41864871978759766,-37.14340591430664,0.00876056868582964,2.1608476638793945,-9.0,9.0,36.734718322753906,11.072410583496094,1.5184088945388794,-0.7838376760482788,8490
3369,41965,0.22917702794075012,0.26511818170547485,-37.08713150024414,0.008768697269260883,-0.07573622465133667,-9.0,9.0,36.548545837402344,11.392362594604492,1.4918012619018555,-0.7709574103355408,8491
3370,41965,0.31930750608444214,0.2563031017780304,-38.69641876220703,0.008776591159403324,2.0030267238616943,-9.0,9.0,38.204734802246094,12.971320152282715,1.4786593914031982,-0.8419498801231384,8492
3371,41965,0.32668304443359375,0.3007461130619049,-35.988407135009766,0.008783825673162937,0.4296345114707947,-9.0,9.0,35.686912536621094,11.661812782287598,1.4697434902191162,-0.7824235558509827,8493
3372,41965,0.6964399814605713,0.5214596390724182,-36.30254364013672,0.008790676482021809,1.1569604873657227,-9.0,9.0,35.77231216430664,11.782137870788574,1.5049628019332886,-0.7588065266609192,8494
3373,41965,0.4753890931606293,0.3269135653972626,-35.760498046875,0.008797037415206432,0.6613818407058716,-9.0,9.0,35.4537467956543,12.187453269958496,1.5261151790618896,-0.7572818398475647,8495
3374,41965,0.27167773246765137,0.31167104840278625,-36.76739501953125,0.008803357370197773,2.0662424564361572,-9.0,9.0,36.177085876464844,11.370026588439941,1.4980698823928833,-0.7716187238693237,8496
3375,41965,0.387193500995636,0.38429102301597595,-36.802772521972656,0.008808975107967854,-0.268231600522995,-9.0,9.0,36.12902069091797,12.356085777282715,1.4728268384933472,-0.7882897257804871,8497
3376,41965,0.34708571434020996,0.38830897212028503,-35.48849105834961,0.008813399821519852,-2.222069025039673,-9.0,9.0,35.200645446777344,11.014050483703613,1.4552687406539917,-0.742278516292572,8498
3377,41965,0.21552933752536774,0.31281140446662903,-37.092281341552734,0.008817868307232857,1.6900275945663452,-9.0,9.0,36.811126708984375,12.094963073730469,1.486538290977478,-0.8061508536338806,8499
3378,41965,0.20048384368419647,0.16863487660884857,-37.06456756591797,0.008822254836559296,1.2563130855560303,-9.0,9.0,36.630088806152344,11.420989036560059,1.5357916355133057,-0.7578902840614319,8500
3379,41965,0.26045355200767517,0.28622737526893616,-35.64714050292969,0.008825401775538921,-2.80312442779541,-9.0,9.0,35.040287017822266,10.092545509338379,1.4517173767089844,-0.7669086456298828,8501
3380,41965,0.3940819799900055,0.41272857785224915,-37.235328674316406,0.008829589933156967,4.890873432159424,-9.0,9.0,36.91798782348633,11.894393920898438,1.584145188331604,-0.7409558892250061,8502
3381,41965,0.3497008681297302,0.35126104950904846,-37.322593688964844,0.008833030238747597,-1.1595616340637207,-9.0,9.0,36.95539093017578,12.149375915527344,1.4824994802474976,-0.7603720426559448,8503
3382,41965,0.4305550158023834,0.39800339937210083,-37.584510803222656,0.008836527355015278,1.3898617029190063,-9.0,9.0,37.21910858154297,12.113892555236816,1.4893732070922852,-0.7925161123275757,8504
3383,41965,0.25041118264198303,0.25142818689346313,-36.379520416259766,0.008839801885187626,0.42518067359924316,-9.0,9.0,35.97011184692383,10.719507217407227,1.5270532369613647,-0.7426500916481018,8505
3384,41965,0.5611662268638611,0.5510372519493103,-37.03697204589844,0.008842946961522102,0.6894387602806091,-9.0,9.0,36.7623291015625,12.143392562866211,1.4711993932724,-0.7597428560256958,8506
3385,41965,0.22378163039684296,0.22597730159759521,-36.23066711425781,0.008844870142638683,-3.1569344997406006,-9.0,9.0,35.73474884033203,10.530384063720703,1.4544602632522583,-0.7343588471412659,8507
3386,41965,0.3143792450428009,0.35054725408554077,-36.652496337890625,0.008846413344144821,-0.6584985852241516,-9.0,9.0,36.074798583984375,10.59505558013916,1.4740341901779175,-0.751768946647644,8508
3387,41965,0.2630065381526947,0.309685617685318,-37.039493560791016,0.008846438489854336,-7.368664741516113,-9.0,9.0,36.7127799987793,11.21436882019043,1.3951011896133423,-0.7478417754173279,8509
3388,41965,0.32198047637939453,0.3300839066505432,-36.867637634277344,0.008845637552440166,-2.855445384979248,-9.0,9.0,36.548194885253906,11.86003303527832,1.4474503993988037,-0.7622236013412476,8510
3389,41965,0.31384697556495667,0.37023964524269104,-35.67330551147461,0.00884355790913105,-6.583802223205566,-9.0,9.0,35.232810974121094,10.18327522277832,1.4057118892669678,-0.7330834269523621,8511
3390,41965,0.5318231582641602,0.4496533274650574,-36.46937561035156,0.008840691298246384,-3.4593279361724854,-9.0,9.0,35.78982925415039,10.785950660705566,1.4343767166137695,-0.7594009637832642,8512
3391,41965,0.39720332622528076,0.34715497493743896,-37.188480377197266,0.008837694302201271,-1.4474245309829712,-9.0,9.0,36.553531646728516,11.785528182983398,1.4897373914718628,-0.7396650314331055,8513
3392,41965,0.4089977741241455,0.3544815182685852,-36.796024322509766,0.008834985084831715,-0.035726845264434814,-9.0,9.0,36.49078369140625,11.787485122680664,1.4573924541473389,-0.79292231798172,8514
3393,41965,0.35793372988700867,0.39912137389183044,-37.705474853515625,0.008832954801619053,1.4118750095367432,-9.0,9.0,37.26182174682617,11.443489074707031,1.5065155029296875,-0.7885858416557312,8515
3394,41965,0.43736299872398376,0.533422589302063,-36.88460159301758,0.008831405080854893,0.9681501984596252,-9.0,9.0,36.2507209777832,11.112730026245117,1.4887216091156006,-0.7842761278152466,8516
3395,41965,0.3365744352340698,0.3268670439720154,-36.239288330078125,0.008829880505800247,-0.4455549120903015,-9.0,9.0,35.634117126464844,12.076247215270996,1.4828851222991943,-0.7708635330200195,8517
3396,41965,0.3628948926925659,0.2991217374801636,-37.86881637573242,0.008829005062580109,1.7168729305267334,-9.0,9.0,37.50138473510742,11.667851448059082,1.5276018381118774,-0.7923817038536072,8518
3397,41965,0.7777673006057739,0.814588189125061,-36.47512435913086,0.008828525431454182,1.0729514360427856,-9.0,9.0,36.26288986206055,11.959068298339844,1.4978259801864624,-0.8040580749511719,8519
3398,41965,0.45112666487693787,0.39632222056388855,-37.264034271240234,0.008828941732645035,2.9467196464538574,-9.0,9.0,36.90958023071289,12.272546768188477,1.5225991010665894,-0.8062180876731873,8520
3399,41965,0.3699822723865509,0.3917045593261719,-36.6314811706543,0.008829564787447453,0.864028811454773,-9.0,9.0,35.754337310791016,11.38401985168457,1.5274707078933716,-0.7863707542419434,8521
3400,41965,6.271868705749512,6.611323833465576,-36.195533752441406,0.008831488899886608,5.630123615264893,-9.0,9.0,35.44038391113281,10.61762809753418,1.6057590246200562,-0.7606045603752136,8522
3401,41965,0.8830503225326538,0.9121720194816589,-35.66844940185547,0.008834580890834332,6.717518329620361,-9.0,9.0,35.88669967651367,11.696418762207031,1.6093171834945679,-0.7909112572669983,8523
3402,41965,0.5141351222991943,0.4849320352077484,-36.58684539794922,0.00883872713893652,6.6666107177734375,-9.0,9.0,36.58421325683594,10.986056327819824,1.5993545055389404,-0.7766772508621216,8524
3403,41965,0.48595860600471497,0.43194687366485596,-35.647762298583984,0.008843819610774517,5.650792598724365,-9.0,9.0,34.9229621887207,10.613990783691406,1.6021465063095093,-0.7461584210395813,8525
3404,41965,0.7840248346328735,0.6397171020507812,-37.09394836425781,0.008849763311445713,5.595590591430664,-9.0,9.0,36.17196273803711,11.593928337097168,1.5423393249511719,-0.8116294741630554,8526
3405,41965,0.865472674369812,0.7061088681221008,-38.44615936279297,0.008856471627950668,6.111231803894043,-9.0,9.0,38.158302307128906,12.057060241699219,1.575458288192749,-0.8309925198554993,8527
3406,41965,0.8694359660148621,0.6948303580284119,-36.78607177734375,0.008863873779773712,11.1409912109375,-9.0,9.0,36.605411529541016,12.231882095336914,1.6688348054885864,-0.7906988859176636,8528
3407,41965,0.3737185299396515,0.32527628540992737,-37.347564697265625,0.008871898986399174,5.2989277839660645,-9.0,9.0,36.80828857421875,11.067092895507812,1.5763628482818604,-0.7964357733726501,8529
3408,41965,0.5234119892120361,0.5341083407402039,-38.43985366821289,0.008880482986569405,9.969895362854004,-9.0,9.0,37.63982009887695,11.714485168457031,1.6339048147201538,-0.8342300057411194,8530
3409,41965,0.45770251750946045,0.31251785159111023,-37.93736267089844,0.008889574557542801,7.174716472625732,-9.0,9.0,37.735843658447266,12.886398315429688,1.6056360006332397,-0.8321657180786133,8531
3410,41965,0.37844112515449524,0.3582525849342346,-35.967140197753906,0.008898467756807804,2.424760103225708,-9.0,9.0,35.97459411621094,10.260453224182129,1.562930941581726,-0.7741863131523132,8532
3411,41965,0.2677042484283447,0.2426932454109192,-36.17005920410156,0.00890783779323101,4.858948230743408,-9.0,9.0,35.95403289794922,11.351548194885254,1.5521382093429565,-0.802542507648468,8533
3412,41965,0.3422011733055115,0.3424935042858124,-38.46171951293945,0.008917638100683689,7.611380100250244,-9.0,9.0,37.77324295043945,11.628177642822266,1.588352084159851,-0.7966795563697815,8534
3413,41965,0.47512105107307434,0.5312908291816711,-37.01649856567383,0.008927827700972557,6.270489692687988,-9.0,9.0,36.63904571533203,11.662190437316895,1.6000540256500244,-0.7942829132080078,8535
3414,41965,0.29992005228996277,0.29666459560394287,-35.7266960144043,0.008938370272517204,7.241532802581787,-9.0,9.0,35.524192810058594,10.344772338867188,1.5892022848129272,-0.7748808264732361,8536
3415,41965,0.350536048412323,0.39315396547317505,-37.43737030029297,0.008949228562414646,6.080460548400879,-9.0,9.0,37.15765380859375,11.639184951782227,1.5897620916366577,-0.809535562992096,8537
3416,41965,0.29250508546829224,0.26536184549331665,-37.06333923339844,0.008959232829511166,0.7369828224182129,-9.0,9.0,36.67076873779297,10.94941520690918,1.511218786239624,-0.7684489488601685,8538
3417,41965,0.48509955406188965,0.5445708632469177,-37.586708068847656,0.008969303220510483,3.63803768157959,-9.0,9.0,37.117584228515625,12.029451370239258,1.5231144428253174,-0.8084098696708679,8539
3418,41965,0.3483714759349823,0.3371638357639313,-37.148406982421875,0.00897827185690403,-0.3744620978832245,-9.0,9.0,36.794246673583984,11.50815200805664,1.5056382417678833,-0.7495242357254028,8540
3419,41965,0.3492923378944397,0.35003647208213806,-36.32147216796875,0.008986679837107658,1.1152114868164062,-9.0,9.0,36.01289367675781,10.988478660583496,1.5203691720962524,-0.7502743601799011,8541
3420,41965,0.32515016198158264,0.40355053544044495,-37.17290496826172,0.00899422075599432,-0.11978274583816528,-9.0,9.0,36.72626495361328,11.692183494567871,1.528691291809082,-0.749718964099884,8542
3421,41965,0.2943727672100067,0.34703221917152405,-37.26841735839844,0.009001067839562893,0.17264603078365326,-9.0,9.0,36.503639221191406,10.977640151977539,1.4916471242904663,-0.7559546828269958,8543
3422,41965,0.5628625154495239,0.48776674270629883,-36.352020263671875,0.009008594788610935,4.660696983337402,-9.0,9.0,35.74286651611328,10.871261596679688,1.569237470626831,-0.7413716316223145,8544
3423,41965,0.22982141375541687,0.22527764737606049,-36.666160583496094,0.009015544317662716,0.5633444786071777,-9.0,9.0,36.355045318603516,11.485408782958984,1.5214903354644775,-0.7284862399101257,8545
3424,41965,0.3057071566581726,0.3589087724685669,-36.78147506713867,0.009022222831845284,1.4218120574951172,-9.0,9.0,36.45927429199219,11.308669090270996,1.5525875091552734,-0.74456787109375,8546
3425,41965,0.33591246604919434,0.31332316994667053,-38.418174743652344,0.009029616601765156,5.830972194671631,-9.0,9.0,37.823123931884766,12.073782920837402,1.5770970582962036,-0.7526184916496277,8547
3426,41965,0.24606016278266907,0.28631287813186646,-36.33097457885742,0.009037654846906662,6.154924392700195,-9.0,9.0,35.86711120605469,10.820934295654297,1.618024230003357,-0.7219157218933105,8548
3427,41965,0.3766360878944397,0.35493671894073486,-36.026329040527344,0.009046273306012154,6.376547813415527,-9.0,9.0,35.78287124633789,12.028825759887695,1.6081875562667847,-0.7175621390342712,8549
3428,41965,0.5094730854034424,0.4761715531349182,-37.692298889160156,0.009054973721504211,3.185572862625122,-9.0,9.0,37.349666595458984,12.579822540283203,1.5641754865646362,-0.7462226748466492,8550
3429,41965,0.41173097491264343,0.393527090549469,-37.01436233520508,0.00906419288367033,5.846177101135254,-9.0,9.0,36.290191650390625,10.184080123901367,1.584993600845337,-0.7366085052490234,8551
3430,41965,0.3118640184402466,0.31590914726257324,-36.75680923461914,0.009073874913156033,7.203186511993408,-9.0,9.0,36.10372543334961,10.689663887023926,1.6393413543701172,-0.7138780951499939,8552
3431,41965,0.2937674820423126,0.21505025029182434,-36.39250564575195,0.009082948789000511,1.1664718389511108,-9.0,9.0,36.24801254272461,11.715444564819336,1.5739059448242188,-0.7128822207450867,8553
3432,41965,0.4256497621536255,0.5042378306388855,-35.80925750732422,0.009092503227293491,5.094159126281738,-9.0,9.0,35.56169891357422,11.044878959655762,1.6155767440795898,-0.6936536431312561,8554
3433,41965,0.5082998275756836,0.5415968298912048,-37.21171951293945,0.009101946838200092,2.8318326473236084,-9.0,9.0,36.841941833496094,10.946205139160156,1.5717791318893433,-0.7265820503234863,8555
3434,41965,0.4086020588874817,0.337453156709671,-38.79233932495117,0.00911074411123991,0.9660712480545044,-9.0,9.0,38.04713821411133,11.976997375488281,1.532626748085022,-0.7473798394203186,8556
3435,41965,0.27806422114372253,0.2481771856546402,-35.607383728027344,0.00911929365247488,2.0904431343078613,-9.0,9.0,35.163780212402344,10.631074905395508,1.5596258640289307,-0.699855625629425,8557
3436,41965,0.39681679010391235,0.39684757590293884,-37.03023147583008,0.009126858785748482,-0.4646212160587311,-9.0,9.0,36.754722595214844,11.252001762390137,1.5291662216186523,-0.731704592704773,8558
3437,41965,0.3548034727573395,0.5826777815818787,-37.82617950439453,0.009133781306445599,0.3414970934391022,-9.0,9.0,37.39204788208008,12.507540702819824,1.520304560661316,-0.7480336427688599,8559
3438,41965,0.22696705162525177,0.2158123403787613,-36.4273681640625,0.00913986749947071,-0.5068678855895996,-9.0,9.0,35.86857604980469,10.23133373260498,1.5196114778518677,-0.7079592943191528,8560
3439,41965,0.31347721815109253,0.32046201825141907,-37.750186920166016,0.009145635180175304,0.9586840867996216,-9.0,9.0,37.20890808105469,11.369072914123535,1.527162790298462,-0.7428688406944275,8561
3440,41965,0.36327898502349854,0.3375815153121948,-37.76789855957031,0.009151031263172626,0.6693570017814636,-9.0,9.0,37.44208526611328,10.849964141845703,1.5241737365722656,-0.7572330236434937,8562
3441,41965,0.210191011428833,0.20645743608474731,-36.29743576049805,0.0091544883325696,-6.282219886779785,-9.0,9.0,36.07536697387695,11.4020357131958,1.4075071811676025,-0.747003972530365,8563
3442,41965,0.6473534107208252,0.6382359266281128,-38.045921325683594,0.009157443419098854,-0.5295711159706116,-9.0,9.0,37.51810836791992,11.870208740234375,1.5168794393539429,-0.7593109011650085,8564
3443,41965,0.5454870462417603,0.5257401466369629,-37.64017868041992,0.009160125628113747,0.06301712989807129,-9.0,9.0,36.66496276855469,11.432812690734863,1.475335955619812,-0.7489386796951294,8565
3444,41965,0.3619815707206726,0.39567482471466064,-36.990928649902344,0.009161977097392082,-1.8722368478775024,-9.0,9.0,36.38451385498047,10.981993675231934,1.4654381275177002,-0.7695356607437134,8566
3445,41965,0.3522140383720398,0.38052648305892944,-36.74806594848633,0.009163817390799522,0.5688762664794922,-9.0,9.0,36.63530349731445,10.213078498840332,1.524530291557312,-0.7743586301803589,8567
3446,41965,0.8750581741333008,0.9133625030517578,-37.555538177490234,0.009165377356112003,-0.31924861669540405,-9.0,9.0,37.58797836303711,12.637044906616211,1.4673750400543213,-0.800383448600769,8568
3447,41965,0.41228416562080383,0.3888729214668274,-36.70668029785156,0.00916678924113512,0.020587235689163208,-9.0,9.0,35.963863372802734,11.139073371887207,1.5409917831420898,-0.7446670532226562,8569
3448,41965,0.5274345874786377,0.5559238195419312,-36.475337982177734,0.009168611839413643,1.8398935794830322,-9.0,9.0,35.55106735229492,11.639673233032227,1.5321722030639648,-0.7632917165756226,8570
3449,41965,1.0180946588516235,0.9711947441101074,-37.73262023925781,0.009170216508209705,-0.12035477161407471,-9.0,9.0,37.29676818847656,11.295830726623535,1.493693232536316,-0.7893046736717224,8571
3450,41965,0.5925868153572083,0.7049717903137207,-35.888275146484375,0.009171957150101662,0.9828970432281494,-9.0,9.0,36.014137268066406,10.58849811553955,1.52102530002594,-0.7767463326454163,8572
3451,41965,0.3753775358200073,0.44702088832855225,-36.64320755004883,0.009174550883471966,3.4148168563842773,-9.0,9.0,36.45661926269531,10.516494750976562,1.5620872974395752,-0.7648934125900269,8573
3452,41965,0.5471429824829102,0.5919883251190186,-37.15726089477539,0.009177565574645996,2.254498243331909,-9.0,9.0,36.18385314941406,11.193161964416504,1.523036003112793,-0.7759199142456055,8574
3453,41965,0.5788794159889221,0.5776206254959106,-36.381107330322266,0.009180077351629734,-0.6684463024139404,-9.0,9.0,35.4249382019043,9.777729034423828,1.5348491668701172,-0.6996945142745972,8575
3454,41965,0.3510894179344177,0.3116380274295807,-36.44879150390625,0.00918225385248661,-0.28897446393966675,-9.0,9.0,36.0634765625,10.813169479370117,1.4816911220550537,-0.7652121782302856,8576
3455,41965,1.0140870809555054,0.866599440574646,-36.40510559082031,0.00918462686240673,1.3767602443695068,-9.0,9.0,36.55105209350586,11.990790367126465,1.5187898874282837,-0.7827737927436829,8577
3456,41965,0.5621767640113831,0.7321861386299133,-37.22123336791992,0.009187566116452217,2.6533257961273193,-9.0,9.0,37.0744514465332,11.438822746276855,1.498273491859436,-0.8131102323532104,8578
3457,41965,1.8374857902526855,1.803515076637268,-36.601844787597656,0.009190090000629425,-0.406002402305603,-9.0,9.0,35.75510787963867,10.595498085021973,1.4559519290924072,-0.7804401516914368,8579
3458,41965,0.8940173387527466,0.877576470375061,-37.42766189575195,0.009191891178488731,-1.5621459484100342,-9.0,9.0,36.512508392333984,12.012801170349121,1.4694880247116089,-0.7973813414573669,8580
3459,41965,0.4615088403224945,0.48651573061943054,-36.63468551635742,0.00919397734105587,1.5321152210235596,-9.0,9.0,36.41841506958008,11.82341480255127,1.5049368143081665,-0.8198784589767456,8581
3460,41965,0.7404865026473999,0.639735996723175,-36.52915954589844,0.009196161292493343,1.0145606994628906,-9.0,9.0,36.740238189697266,11.830172538757324,1.4935756921768188,-0.7957314848899841,8582
3461,41965,0.27074742317199707,0.4252365529537201,-37.100704193115234,0.009198551066219807,1.391585111618042,-9.0,9.0,36.76469802856445,10.76677131652832,1.5109621286392212,-0.7970453500747681,8583
3462,41965,0.953918993473053,0.8238776326179504,-37.79169845581055,0.009200292639434338,-1.3543134927749634,-9.0,9.0,36.91952896118164,12.286930084228516,1.4369996786117554,-0.8536728620529175,8584
3463,41965,0.5054606199264526,0.530844509601593,-36.000389099121094,0.009201999753713608,0.46059030294418335,-9.0,9.0,35.602821350097656,10.05605411529541,1.501774787902832,-0.7727526426315308,8585
3464,41965,0.7540292739868164,0.6137513518333435,-37.46417236328125,0.009203228168189526,-1.0199767351150513,-9.0,9.0,37.670372009277344,12.278045654296875,1.4160501956939697,-0.8677970170974731,8586
3465,41965,0.4961230754852295,0.4820985198020935,-36.76712417602539,0.009205413982272148,3.5586111545562744,-9.0,9.0,36.825469970703125,10.024069786071777,1.544480323791504,-0.7813035845756531,8587
3466,41965,1.1018553972244263,0.8954899907112122,-36.93045425415039,0.009207424707710743,0.13974571228027344,-9.0,9.0,36.31904983520508,11.57249927520752,1.465654969215393,-0.7877544164657593,8588
3467,41965,0.7014346122741699,0.73399418592453,-37.95628356933594,0.00920958537608385,1.1526105403900146,-9.0,9.0,37.013328552246094,11.08615493774414,1.4873440265655518,-0.813530445098877,8589
3468,41965,0.19793175160884857,0.2094036191701889,-36.103050231933594,0.009212088771164417,1.8345057964324951,-9.0,9.0,35.72312545776367,10.889505386352539,1.5216981172561646,-0.7754735350608826,8590
3469,41965,0.7232544422149658,0.5959910154342651,-36.639373779296875,0.009214271791279316,-0.23361125588417053,-9.0,9.0,36.789066314697266,11.721824645996094,1.4616962671279907,-0.816254198551178,8591
3470,41965,0.4759380519390106,0.6306109428405762,-36.43605041503906,0.009217102080583572,2.846897840499878,-9.0,9.0,36.374542236328125,11.03582763671875,1.5324794054031372,-0.764194667339325,8592
3471,41965,0.4900558590888977,0.35574251413345337,-37.36396789550781,0.00921916775405407,-1.5894274711608887,-9.0,9.0,36.56817626953125,11.653749465942383,1.4467073678970337,-0.7845956087112427,8593
3472,41965,0.3863353431224823,0.45996618270874023,-36.219512939453125,0.009220491163432598,-1.7601568698883057,-9.0,9.0,35.31537628173828,11.587262153625488,1.4719380140304565,-0.7629629969596863,8594
3473,41965,0.2705177068710327,0.26008185744285583,-36.41065216064453,0.009222016669809818,1.0948703289031982,-9.0,9.0,36.196311950683594,11.494229316711426,1.506532073020935,-0.7818855047225952,8595
3474,41965,1.3315637111663818,1.1432678699493408,-36.873146057128906,0.00922368373721838,0.9584354162216187,-9.0,9.0,37.00726318359375,12.494430541992188,1.5204452276229858,-0.7868200540542603,8596
3475,41965,0.524753987789154,0.48232409358024597,-37.30319595336914,0.009225848130881786,2.172689199447632,-9.0,9.0,36.809478759765625,11.613073348999023,1.4944032430648804,-0.7847557663917542,8597
3476,41965,0.48669105768203735,0.47730156779289246,-37.02674102783203,0.009228624403476715,2.717827320098877,-9.0,9.0,36.50719451904297,11.782912254333496,1.5430554151535034,-0.7673172950744629,8598
3477,41965,0.7167419195175171,0.572627067565918,-38.06784439086914,0.009231317788362503,0.6212813854217529,-9.0,9.0,37.59859085083008,11.540111541748047,1.4635461568832397,-0.8309813737869263,8599
3478,41965,0.32911932468414307,0.3802863359451294,-36.00776672363281,0.009234698489308357,3.124748706817627,-9.0,9.0,35.782569885253906,10.832083702087402,1.5425177812576294,-0.7481579780578613,8600
3479,41965,0.7592920064926147,0.56055748462677,-37.342430114746094,0.009237367659807205,-1.2196061611175537,-9.0,9.0,37.106834411621094,11.230018615722656,1.4719817638397217,-0.7781416773796082,8601
3480,41965,0.3348383903503418,0.29165324568748474,-37.93531799316406,0.009238755330443382,-3.325287342071533,-9.0,9.0,37.364036560058594,10.381567001342773,1.4635688066482544,-0.7598077654838562,8602
3481,41965,1.3016295433044434,1.1972157955169678,-38.878910064697266,0.009239526465535164,-1.5542597770690918,-9.0,9.0,38.14863967895508,13.470451354980469,1.4381529092788696,-0.8264545798301697,8603
3482,41965,0.3708023428916931,0.3288000822067261,-36.90085983276367,0.00923970714211464,-1.6796444654464722,-9.0,9.0,36.34837341308594,12.010293960571289,1.4665154218673706,-0.7610048055648804,8604
3483,41965,0.6118353605270386,0.4734189212322235,-36.82135772705078,0.009239579550921917,-0.9536086916923523,-9.0,9.0,36.68468475341797,12.072151184082031,1.4502722024917603,-0.7990323901176453,8605
3484,41965,0.24895238876342773,0.29937323927879333,-37.08747482299805,0.00923869851976633,-2.4907963275909424,-9.0,9.0,36.78531265258789,10.78225040435791,1.4249763488769531,-0.774696409702301,8606
3485,41965,0.4954430162906647,0.5150693655014038,-36.57908630371094,0.009237583726644516,-1.04484224319458,-9.0,9.0,35.888946533203125,10.556290626525879,1.4634214639663696,-0.757944643497467,8607
3486,41965,0.6252603530883789,0.473146915435791,-38.91118240356445,0.009235434234142303,-3.7503294944763184,-9.0,9.0,38.07941436767578,12.38106918334961,1.4108415842056274,-0.8046084046363831,8608
3487,41965,1.183783769607544,0.9064366221427917,-37.297142028808594,0.009232819080352783,-2.2183568477630615,-9.0,9.0,37.03788757324219,13.029115676879883,1.4449430704116821,-0.7709220051765442,8609
3488,41965,0.5928665995597839,0.5925470590591431,-37.81757354736328,0.00923053827136755,0.23951971530914307,-9.0,9.0,37.50812530517578,12.788565635681152,1.4436413049697876,-0.790061891078949,8610
3489,41965,0.6814916133880615,0.6484137177467346,-36.923885345458984,0.00922858901321888,0.3388880491256714,-9.0,9.0,36.4284553527832,11.596528053283691,1.4924079179763794,-0.7346841096878052,8611
3490,41965,0.4383160173892975,0.3969946503639221,-37.05902099609375,0.009227132424712181,0.9796128273010254,-9.0,9.0,36.61070251464844,11.056901931762695,1.5081926584243774,-0.7505378723144531,8612
3491,41965,0.6566305756568909,0.5927234888076782,-38.326412200927734,0.009226762689650059,3.057020664215088,-9.0,9.0,37.864768981933594,12.089487075805664,1.5168304443359375,-0.7844134569168091,8613
3492,41965,0.5224006175994873,0.405612051486969,-37.66996765136719,0.009227246977388859,2.6672801971435547,-9.0,9.0,37.22980880737305,11.58154296875,1.5233609676361084,-0.757034182548523,8614
3493,41965,0.40175458788871765,0.32053595781326294,-36.94051742553711,0.009229117073118687,4.8091206550598145,-9.0,9.0,36.493282318115234,10.78170108795166,1.550742506980896,-0.749068558216095,8615
3494,41965,0.40715065598487854,0.319644957780838,-37.19772720336914,0.009232128039002419,4.336647987365723,-9.0,9.0,36.94437789916992,10.802844047546387,1.5841776132583618,-0.7295718789100647,8616
3495,41965,0.27228978276252747,0.2850593626499176,-37.40406799316406,0.009236271493136883,6.295768737792969,-9.0,9.0,37.18717575073242,11.556963920593262,1.5982345342636108,-0.745491087436676,8617
3496,41965,0.48363935947418213,0.4009909927845001,-37.5722770690918,0.009240927174687386,3.0147719383239746,-9.0,9.0,37.364891052246094,12.869803428649902,1.5432716608047485,-0.745629608631134,8618
3497,41965,0.47912850975990295,0.4047330617904663,-38.23787307739258,0.009246551431715488,7.613400936126709,-9.0,9.0,37.61215591430664,12.121658325195312,1.6131093502044678,-0.7529358267784119,8619
3498,41965,0.36040982604026794,0.3346526026725769,-37.58053207397461,0.009253048337996006,7.988126277923584,-9.0,9.0,37.194732666015625,11.064587593078613,1.6363717317581177,-0.710373044013977,8620
3499,41965,0.34536421298980713,0.35863757133483887,-36.377593994140625,0.009260331280529499,11.184088706970215,-9.0,9.0,36.291656494140625,10.446371078491211,1.7035853862762451,-0.6906386613845825,8621
3500,41965,1.0672132968902588,0.7875748872756958,-36.3994255065918,0.009268322959542274,7.165920257568359,-9.0,9.0,36.48890686035156,10.887397766113281,1.617244005203247,-0.7108816504478455,8622
3501,41965,0.4585522711277008,0.5514707565307617,-38.83855438232422,0.009276949800550938,6.7104268074035645,-9.0,9.0,38.36742401123047,13.289715766906738,1.5628987550735474,-0.8024910688400269,8623
3502,41965,0.9386179447174072,0.5944650173187256,-37.89569854736328,0.009286150336265564,6.614472389221191,-9.0,9.0,37.19259262084961,12.116239547729492,1.6096183061599731,-0.7515836358070374,8624
3503,41965,0.36493873596191406,0.25094062089920044,-36.211647033691406,0.009295870549976826,5.687137603759766,-9.0,9.0,35.73750305175781,11.214749336242676,1.6088552474975586,-0.7131247520446777,8625
3504,41965,0.7628980278968811,0.6173977255821228,-37.7083740234375,0.009306058287620544,7.019599914550781,-9.0,9.0,37.61181640625,12.367457389831543,1.6378347873687744,-0.7356916069984436,8626
3505,41965,0.46773287653923035,0.31790298223495483,-37.30211639404297,0.009316669777035713,5.718151092529297,-9.0,9.0,37.278472900390625,11.303648948669434,1.6105026006698608,-0.7317631840705872,8627
3506,41965,0.3347681760787964,0.38148489594459534,-37.15392303466797,0.0093276621773839,8.310544967651367,-9.0,9.0,36.873077392578125,11.596895217895508,1.65382981300354,-0.7117142081260681,8628
3507,41965,0.6972876191139221,0.5527116656303406,-37.597991943359375,0.009338855743408203,4.201607704162598,-9.0,9.0,36.734619140625,10.326744079589844,1.581462025642395,-0.7106737494468689,8629
3508,41965,0.640028715133667,0.4169936180114746,-36.65608215332031,0.009349794127047062,2.7670607566833496,-9.0,9.0,36.09886932373047,10.82872486114502,1.5361193418502808,-0.7170840501785278,8630
3509,41965,0.7965481877326965,0.7598620653152466,-38.04145050048828,0.00936107151210308,4.617822647094727,-9.0,9.0,38.10255432128906,11.991875648498535,1.5614084005355835,-0.7553530931472778,8631
3510,41965,0.7310786843299866,0.5879083275794983,-36.762935638427734,0.009372054599225521,2.6584038734436035,-9.0,9.0,36.7136116027832,11.565384864807129,1.5504320859909058,-0.7022377252578735,8632
3511,41965,0.4494432806968689,0.45147398114204407,-37.77802658081055,0.009382378309965134,1.3689935207366943,-9.0,9.0,37.105037689208984,11.590932846069336,1.5285885334014893,-0.7288073301315308,8633
3512,41965,0.6542155742645264,0.6095475554466248,-36.65573501586914,0.009391886182129383,0.6523206233978271,-9.0,9.0,35.967594146728516,11.267909049987793,1.525714635848999,-0.7162567973136902,8634
3513,41965,0.3008735775947571,0.34966549277305603,-37.28425979614258,0.00940187368541956,4.5982985496521,-9.0,9.0,37.025428771972656,11.908970832824707,1.5612107515335083,-0.7422612309455872,8635
3514,41965,0.40088552236557007,0.35049936175346375,-37.625858306884766,0.009411347098648548,1.520007848739624,-9.0,9.0,37.495628356933594,11.794242858886719,1.5348052978515625,-0.7425180077552795,8636
3515,41965,0.3842845857143402,0.3452514410018921,-36.28995895385742,0.009419657289981842,-0.7410446405410767,-9.0,9.0,35.88930130004883,11.202923774719238,1.5329118967056274,-0.7263476252555847,8637
3516,41965,0.32144296169281006,0.32736676931381226,-37.74613571166992,0.009427394717931747,0.8086719512939453,-9.0,9.0,36.99346923828125,11.325881004333496,1.4973433017730713,-0.7608165740966797,8638
3517,41965,0.27795422077178955,0.24768269062042236,-37.29136276245117,0.009433461353182793,-2.903820037841797,-9.0,9.0,36.735225677490234,12.270381927490234,1.431650161743164,-0.7707008719444275,8639
3518,41965,0.2815294861793518,0.2957732081413269,-37.03272247314453,0.009438473731279373,-1.4510499238967896,-9.0,9.0,36.76421356201172,11.11220932006836,1.4435231685638428,-0.7652184367179871,8640
3519,41965,0.3393746018409729,0.3707948625087738,-36.583404541015625,0.009442966431379318,-0.07045690715312958,-9.0,9.0,36.27798080444336,10.741080284118652,1.4868489503860474,-0.7563794255256653,8641
3520,41965,0.21452245116233826,0.23063674569129944,-38.31339645385742,0.009446956217288971,-0.1728232502937317,-9.0,9.0,37.901023864746094,11.96973705291748,1.493122935295105,-0.7563871741294861,8642
3521,41965,0.24914342164993286,0.21318532526493073,-37.33823776245117,0.009449731558561325,-2.6105456352233887,-9.0,9.0,36.639312744140625,11.053220748901367,1.4480558633804321,-0.7315532565116882,8643
3522,41965,0.3301279544830322,0.2386436015367508,-38.38691329956055,0.00945271085947752,1.5210328102111816,-9.0,9.0,37.88340377807617,12.789766311645508,1.4840813875198364,-0.7684966325759888,8644
3523,41965,0.3182430565357208,0.3368091285228729,-37.75117874145508,0.009455190040171146,-0.6450355648994446,-9.0,9.0,37.466800689697266,13.22997760772705,1.473929762840271,-0.7701974511146545,8645
3524,41965,0.4988573491573334,0.7194425463676453,-38.31189727783203,0.009457819163799286,1.2656224966049194,-9.0,9.0,37.87044143676758,13.517560958862305,1.5131088495254517,-0.7818742394447327,8646
3525,41965,1.03900146484375,1.4167400598526,-38.12286376953125,0.009460322558879852,0.4308602809906006,-9.0,9.0,37.68683624267578,12.630670547485352,1.4813611507415771,-0.7846432328224182,8647
3526,41965,0.4415724277496338,0.3732554316520691,-38.85014724731445,0.009462343528866768,-0.7460382580757141,-9.0,9.0,38.1173095703125,12.445108413696289,1.4477092027664185,-0.8202136158943176,8648
3527,41965,0.34450167417526245,0.2749183475971222,-36.53868865966797,0.009463516995310783,-2.0508599281311035,-9.0,9.0,36.08037567138672,10.756353378295898,1.4822266101837158,-0.761146605014801,8649
3528,41965,0.40373730659484863,0.4535614848136902,-38.28343963623047,0.009463679045438766,-2.8405590057373047,-9.0,9.0,37.97834014892578,11.956352233886719,1.4128705263137817,-0.8201307058334351,8650
3529,41965,0.5177940130233765,0.4992445111274719,-36.81864547729492,0.009464369155466557,1.7288353443145752,-9.0,9.0,36.44713592529297,11.552071571350098,1.5083062648773193,-0.7815098166465759,8651
3530,41965,0.5309715867042542,0.46044161915779114,-38.56557846069336,0.009466459043323994,7.336963176727295,-9.0,9.0,37.789451599121094,11.780521392822266,1.5796862840652466,-0.7821812629699707,8652
3531,41965,0.49440521001815796,0.49689149856567383,-38.19032287597656,0.009468626230955124,0.9137865304946899,-9.0,9.0,37.42894744873047,11.838227272033691,1.4951668977737427,-0.8137722015380859,8653
3532,41965,0.34405404329299927,0.42817145586013794,-37.76783752441406,0.009471466764807701,2.8198583126068115,-9.0,9.0,37.65177536010742,12.134784698486328,1.523062825202942,-0.7826524376869202,8654
3533,41965,0.29499351978302,0.3674527108669281,-36.54899978637695,0.009474294260144234,0.8584905862808228,-9.0,9.0,36.43934631347656,10.319599151611328,1.5391862392425537,-0.7777157425880432,8655
3534,41965,0.4718703031539917,0.5679931640625,-37.959903717041016,0.00947777833789587,2.96073055267334,-9.0,9.0,37.26066207885742,12.658570289611816,1.555576205253601,-0.7842841744422913,8656
3535,41965,0.33247190713882446,0.45184892416000366,-38.70639419555664,0.009482380002737045,5.465766906738281,-9.0,9.0,38.042625427246094,11.342724800109863,1.5806080102920532,-0.8060880899429321,8657
3536,41965,0.25282856822013855,0.29284512996673584,-37.269981384277344,0.009486120194196701,-1.2803421020507812,-9.0,9.0,36.852500915527344,11.379347801208496,1.4640601873397827,-0.8078416585922241,8658
3537,41965,0.369627982378006,0.47559231519699097,-38.377540588378906,0.009490943513810635,4.608724594116211,-9.0,9.0,38.28557205200195,12.707093238830566,1.5239309072494507,-0.8519755601882935,8659
3538,41965,0.7929429411888123,0.787384033203125,-37.53719711303711,0.009495990350842476,2.228278636932373,-9.0,9.0,37.3487548828125,11.930353164672852,1.523201823234558,-0.8052620887756348,8660
3539,41965,0.5001049637794495,0.6929713487625122,-38.01187515258789,0.009501983411610126,4.593266010284424,-9.0,9.0,37.09522247314453,11.938158988952637,1.5601627826690674,-0.7891069650650024,8661
3540,41965,0.3510497212409973,0.3815217614173889,-37.9101448059082,0.00950830988585949,2.944689989089966,-9.0,9.0,37.247962951660156,11.636780738830566,1.514262080192566,-0.8150564432144165,8662
3541,41965,0.5135587453842163,0.42501896619796753,-36.110984802246094,0.009515181183815002,3.7116785049438477,-9.0,9.0,35.97247314453125,12.244866371154785,1.5710850954055786,-0.7627817392349243,8663
3542,41965,0.2728465497493744,0.31559425592422485,-35.82389450073242,0.009522838518023491,5.558838844299316,-9.0,9.0,35.70112991333008,11.006203651428223,1.5846225023269653,-0.7661129236221313,8664
3543,41965,0.4994995594024658,0.5850142240524292,-37.316261291503906,0.009531206451356411,4.953300952911377,-9.0,9.0,37.007965087890625,12.119057655334473,1.5819090604782104,-0.7703286409378052,8665
3544,41965,0.3673141300678253,0.4871481955051422,-37.47649002075195,0.009540209546685219,5.614351272583008,-9.0,9.0,36.66279602050781,9.943854331970215,1.5942314863204956,-0.761238157749176,8666
3545,41965,0.44254860281944275,0.535345733165741,-37.44252014160156,0.009549371898174286,3.311849594116211,-9.0,9.0,36.8189811706543,13.30698013305664,1.5710769891738892,-0.7720484137535095,8667
3546,41965,0.5826621651649475,0.5190263986587524,-36.98278045654297,0.00955894310027361,4.1772966384887695,-9.0,9.0,37.029781341552734,11.221365928649902,1.5671265125274658,-0.7575554251670837,8668
3547,41965,0.3607379198074341,0.5875204801559448,-36.22105407714844,0.009568274021148682,2.2134578227996826,-9.0,9.0,36.26287078857422,11.386187553405762,1.5479161739349365,-0.7448416352272034,8669
3548,41965,0.6998991370201111,0.7547951340675354,-37.9576530456543,0.009578147903084755,4.635868072509766,-9.0,9.0,37.54632568359375,11.284259796142578,1.5625947713851929,-0.761545717716217,8670
3549,41965,0.51888507604599,0.7016502022743225,-39.104122161865234,0.009588516317307949,5.925507545471191,-9.0,9.0,38.15884017944336,11.978968620300293,1.6065737009048462,-0.7601017355918884,8671
3550,41965,0.3495214879512787,0.43129754066467285,-38.405174255371094,0.009598840959370136,3.097487449645996,-9.0,9.0,37.870689392089844,11.827146530151367,1.5326268672943115,-0.7696355581283569,8672
3551,41965,0.43534624576568604,0.4280310273170471,-36.94159698486328,0.009609424509108067,4.020742416381836,-9.0,9.0,37.001976013183594,12.185540199279785,1.5463731288909912,-0.7712480425834656,8673
3552,41965,0.291241317987442,0.49750086665153503,-37.03462219238281,0.009620331227779388,4.317958831787109,-9.0,9.0,37.02896499633789,11.643918991088867,1.564237356185913,-0.7426884770393372,8674
3553,41965,0.34888458251953125,0.26875144243240356,-37.64570999145508,0.009630635380744934,1.4795937538146973,-9.0,9.0,37.06217956542969,10.740906715393066,1.5534592866897583,-0.7593443989753723,8675
3554,41965,0.9107304811477661,0.9154406785964966,-37.8306770324707,0.009640720672905445,2.506356954574585,-9.0,9.0,36.92280960083008,11.166678428649902,1.556453824043274,-0.7229372262954712,8676
3555,41965,0.464663028717041,0.34940457344055176,-36.767578125,0.009650448337197304,1.9861154556274414,-9.0,9.0,36.4415168762207,11.520832061767578,1.5421407222747803,-0.7155247330665588,8677
3556,41965,0.3228597044944763,0.45673155784606934,-38.56700897216797,0.009660167619585991,2.9876530170440674,-9.0,9.0,38.494571685791016,12.488089561462402,1.5443639755249023,-0.748609721660614,8678
3557,41965,0.3413648307323456,0.5450712442398071,-37.78889083862305,0.009669486433267593,1.7314022779464722,-9.0,9.0,37.61335372924805,11.162315368652344,1.5633723735809326,-0.7215758562088013,8679
3558,41965,0.51380455493927,0.47632789611816406,-38.2279052734375,0.009678306058049202,1.315503478050232,-9.0,9.0,37.39250183105469,11.526169776916504,1.5536468029022217,-0.7321692705154419,8680
3559,41965,0.3056167662143707,0.49348241090774536,-38.05879211425781,0.009685873053967953,-1.1793239116668701,-9.0,9.0,37.41543960571289,11.517309188842773,1.4911731481552124,-0.7338566184043884,8681
3560,41965,0.39537566900253296,0.2871124744415283,-35.67863464355469,0.009693172760307789,1.4958747625350952,-9.0,9.0,35.74192428588867,10.971681594848633,1.5474913120269775,-0.6977335214614868,8682
3561,41965,0.9363861083984375,0.8052438497543335,-37.502723693847656,0.009698804467916489,-2.921813726425171,-9.0,9.0,37.669429779052734,12.46870231628418,1.50588858127594,-0.7206767797470093,8683
3562,41965,0.33164554834365845,0.3174533247947693,-37.83549499511719,0.009702675975859165,-3.7014405727386475,-9.0,9.0,37.3040657043457,11.790319442749023,1.4740134477615356,-0.7352909445762634,8684
3563,41965,0.6973080039024353,0.584821343421936,-38.88834762573242,0.00970577634871006,-1.2081512212753296,-9.0,9.0,38.032386779785156,12.703079223632812,1.4883238077163696,-0.7395964860916138,8685
3564,41965,0.4312286376953125,0.38924092054367065,-37.21241760253906,0.009707062505185604,-5.675250053405762,-9.0,9.0,36.75360107421875,10.898070335388184,1.431812047958374,-0.6925128102302551,8686
3565,41965,0.5724343657493591,0.39833399653434753,-38.0732536315918,0.009706887416541576,-4.127525329589844,-9.0,9.0,38.10372543334961,11.5960054397583,1.4504120349884033,-0.7306221723556519,8687
3566,41965,0.6815309524536133,0.7000781297683716,-37.189056396484375,0.009706281125545502,-1.3925114870071411,-9.0,9.0,37.18335723876953,11.962175369262695,1.4685760736465454,-0.7111257314682007,8688
3567,41965,0.40670204162597656,0.3474603295326233,-37.67047119140625,0.009704424999654293,-4.050832271575928,-9.0,9.0,37.124481201171875,11.767108917236328,1.4483439922332764,-0.7081583142280579,8689
3568,41965,0.4678542912006378,0.42549002170562744,-38.91096496582031,0.009701723232865334,-3.1957082748413086,-9.0,9.0,38.06963348388672,12.052809715270996,1.4929869174957275,-0.7116689682006836,8690
3569,41965,0.3593364357948303,0.4181334674358368,-38.46717071533203,0.009697800502181053,-6.303963661193848,-9.0,9.0,37.961185455322266,11.481085777282715,1.4419136047363281,-0.704413115978241,8691
3570,41965,0.7521646618843079,0.5840157866477966,-39.257240295410156,0.009693127125501633,-3.550294876098633,-9.0,9.0,39.17195129394531,12.588545799255371,1.4158676862716675,-0.7667657136917114,8692
3571,41965,0.6476095914840698,0.6260097026824951,-37.55744171142578,0.009688440710306168,-1.4794620275497437,-9.0,9.0,37.13101577758789,11.28792953491211,1.4719728231430054,-0.7174049615859985,8693
3572,41965,0.47181248664855957,0.4456712603569031,-37.91165542602539,0.009683161973953247,-3.304560661315918,-9.0,9.0,37.19297409057617,11.49849796295166,1.480910062789917,-0.7139391303062439,8694
3573,41965,1.462920904159546,1.2799668312072754,-38.44905471801758,0.009677853435277939,-1.7368470430374146,-9.0,9.0,37.905067443847656,11.700491905212402,1.4910147190093994,-0.7298164367675781,8695
3574,41965,0.2736350893974304,0.26570945978164673,-38.60065841674805,0.009672889485955238,-0.5815268754959106,-9.0,9.0,38.17583084106445,11.635106086730957,1.4753044843673706,-0.762629508972168,8696
3575,41965,0.3957870900630951,0.35520896315574646,-38.212257385253906,0.00966802891343832,-1.2213537693023682,-9.0,9.0,37.753055572509766,11.944877624511719,1.5124715566635132,-0.732726514339447,8697
3576,41965,0.30108773708343506,0.2662051320075989,-36.27873229980469,0.009662531316280365,-3.5002567768096924,-9.0,9.0,35.95709991455078,10.66087532043457,1.5188018083572388,-0.7224044799804688,8698
3577,41965,0.39147883653640747,0.4741863012313843,-37.47022247314453,0.009657762944698334,0.5589641332626343,-9.0,9.0,37.1817626953125,11.646146774291992,1.518906593322754,-0.7426192164421082,8699
3578,41965,0.4968988299369812,0.5332540273666382,-37.679019927978516,0.009653913788497448,1.372829794883728,-9.0,9.0,37.045257568359375,11.16032886505127,1.5550838708877563,-0.7147394418716431,8700
3579,41965,0.38661468029022217,0.37129145860671997,-40.46232986450195,0.009651944041252136,6.18101692199707,-9.0,9.0,39.744422912597656,12.27982234954834,1.5530426502227783,-0.8241162896156311,8701
3580,41965,0.6068099141120911,0.4804716408252716,-37.91339874267578,0.009651663713157177,6.059292793273926,-9.0,9.0,37.56739044189453,11.385418891906738,1.6310955286026,-0.737060010433197,8702
3581,41965,0.4816756248474121,0.5053409934043884,-37.535430908203125,0.009652896784245968,4.847238540649414,-9.0,9.0,37.301597595214844,11.752132415771484,1.577728271484375,-0.7527823448181152,8703
3582,41965,0.329520046710968,0.4537433087825775,-37.697837829589844,0.009655493311583996,8.444376945495605,-9.0,9.0,37.238197326660156,12.40850830078125,1.6087297201156616,-0.7608547210693359,8704
3583,41965,0.3688487410545349,0.3577606678009033,-37.29288101196289,0.009659315459430218,4.7332024574279785,-9.0,9.0,36.78258514404297,11.460343360900879,1.585879921913147,-0.7496231198310852,8705
3584,41965,0.4476011395454407,0.46473321318626404,-38.49773025512695,0.009664240293204784,10.123967170715332,-9.0,9.0,38.045806884765625,11.444843292236328,1.6755744218826294,-0.7683502435684204,8706
3585,41965,0.6148473620414734,0.4605289399623871,-38.08346176147461,0.009670158848166466,7.7531609535217285,-9.0,9.0,37.820335388183594,11.972914695739746,1.60736882686615,-0.7749375104904175,8707
3586,41965,0.30398979783058167,0.2748309373855591,-37.81034851074219,0.009676972404122353,8.511208534240723,-9.0,9.0,37.508853912353516,11.603419303894043,1.6475811004638672,-0.7518424987792969,8708
3587,41965,0.6323859095573425,0.5519015789031982,-37.27592086791992,0.009684593416750431,5.564131736755371,-9.0,9.0,37.05451583862305,12.936009407043457,1.6001111268997192,-0.7393130660057068,8709
3588,41965,0.4669581651687622,0.5202502012252808,-39.47952651977539,0.009692937135696411,7.264243125915527,-9.0,9.0,38.94442367553711,13.26152515411377,1.5786116123199463,-0.8312476873397827,8710
3589,41965,0.47339776158332825,0.4439884424209595,-37.951473236083984,0.009701866656541824,4.418694019317627,-9.0,9.0,37.29926681518555,11.299216270446777,1.5684195756912231,-0.7698157429695129,8711
3590,41965,0.5388441681861877,0.5923940539360046,-37.48683166503906,0.009711391292512417,7.712834358215332,-9.0,9.0,37.17279815673828,12.293485641479492,1.6583901643753052,-0.7434059977531433,8712
3591,41965,0.8904100656509399,0.8875758051872253,-39.08045196533203,0.009721455164253712,6.445363521575928,-9.0,9.0,39.1129150390625,13.534356117248535,1.6012316942214966,-0.7728575468063354,8713
3592,41965,0.19797243177890778,0.22630682587623596,-37.373619079589844,0.009730980731546879,1.4121171236038208,-9.0,9.0,37.09653091430664,11.372178077697754,1.527063012123108,-0.7292865514755249,8714
3593,41965,0.5656803846359253,0.5777871012687683,-37.87559127807617,0.00973988976329565,1.0138026475906372,-9.0,9.0,36.98928451538086,12.397239685058594,1.5149891376495361,-0.757600724697113,8715
3594,41965,0.38882800936698914,0.3679180145263672,-38.19125747680664,0.009748848155140877,2.887164831161499,-9.0,9.0,37.73294448852539,11.189701080322266,1.5354965925216675,-0.731257438659668,8716
3595,41965,0.36128509044647217,0.39325347542762756,-37.7329216003418,0.009757000021636486,0.24740928411483765,-9.0,9.0,37.591915130615234,11.556388854980469,1.5162254571914673,-0.7543665170669556,8717
3596,41965,0.2656327188014984,0.2525457739830017,-37.95817565917969,0.00976350624114275,-2.599543571472168,-9.0,9.0,37.75986099243164,11.23488998413086,1.463929533958435,-0.7449226975440979,8718
3597,41965,0.6141964197158813,0.6372900605201721,-39.1664924621582,0.009768517687916756,-2.61330246925354,-9.0,9.0,38.36459732055664,12.379170417785645,1.4563199281692505,-0.7252858281135559,8719
3598,41965,0.28545430302619934,0.2964856028556824,-37.788551330566406,0.009773638099431992,1.8724268674850464,-9.0,9.0,37.403480529785156,11.341588973999023,1.5421391725540161,-0.7078319191932678,8720
3599,41965,0.3212885856628418,0.2934596538543701,-37.8447265625,0.009778453037142754,0.6277698874473572,-9.0,9.0,37.46986389160156,11.701539039611816,1.5176805257797241,-0.7133034467697144,8721
3600,41965,0.3594231605529785,0.31013214588165283,-38.22669982910156,0.009781703352928162,-3.344552755355835,-9.0,9.0,37.7969970703125,11.335015296936035,1.472830057144165,-0.7199711203575134,8722
3601,41965,0.2523193359375,0.29838693141937256,-38.514076232910156,0.009784913621842861,0.8707128763198853,-9.0,9.0,38.015838623046875,12.297568321228027,1.5055567026138306,-0.7354775667190552,8723
3602,41965,0.4846532642841339,0.5066883563995361,-38.81291198730469,0.009787829592823982,0.07297047972679138,-9.0,9.0,38.09061813354492,12.986838340759277,1.5116136074066162,-0.692907989025116,8724
3603,41965,0.34338483214378357,0.31042519211769104,-38.42905807495117,0.009790033102035522,-1.2987726926803589,-9.0,9.0,38.121395111083984,11.580674171447754,1.5064448118209839,-0.69862300157547,8725
3604,41965,0.33074623346328735,0.28911682963371277,-37.98816680908203,0.00979248434305191,1.4282846450805664,-9.0,9.0,37.661319732666016,12.523873329162598,1.5447719097137451,-0.6815817952156067,8726
3605,41965,0.29211223125457764,0.2785405218601227,-39.244544982910156,0.009795076213777065,1.1772987842559814,-9.0,9.0,38.70753479003906,12.3392915725708,1.5317822694778442,-0.7175730466842651,8727
3606,41965,0.3400556147098541,0.36832883954048157,-38.60216522216797,0.009798603132367134,3.67266583442688,-9.0,9.0,37.938011169433594,12.324800491333008,1.5620973110198975,-0.7101302146911621,8728
3607,41965,14.920502662658691,16.058452606201172,-38.38160705566406,0.009802093729376793,0.9550655484199524,-9.0,9.0,37.626922607421875,11.377494812011719,1.561267614364624,-0.6948491930961609,8729
3608,41965,0.7333682179450989,0.7939916849136353,-36.22862243652344,0.009805211797356606,-0.06973123550415039,-9.0,9.0,36.573951721191406,10.449274063110352,1.5519877672195435,-0.6893076300621033,8730
3609,41965,0.5670792460441589,0.6355675458908081,-37.31886672973633,0.009808485396206379,1.4157297611236572,-9.0,9.0,37.39702606201172,10.39875316619873,1.555925965309143,-0.7004824280738831,8731
3610,41965,0.7016398906707764,0.8063182830810547,-37.945899963378906,0.009812775067985058,4.125155925750732,-9.0,9.0,37.1770133972168,10.99031925201416,1.5959017276763916,-0.6948255300521851,8732
3611,41965,1.026522159576416,1.035941243171692,-39.19541549682617,0.009818147867918015,5.931865215301514,-9.0,9.0,38.08127975463867,11.820002555847168,1.6174670457839966,-0.6930696368217468,8733
3612,41965,0.5317457914352417,0.5468083620071411,-38.19129943847656,0.00982443243265152,4.441730499267578,-9.0,9.0,37.54845428466797,10.861469268798828,1.6149336099624634,-0.6856085658073425,8734
3613,41965,0.5988885164260864,0.6896475553512573,-37.524749755859375,0.009831588715314865,4.5932230949401855,-9.0,9.0,37.65190505981445,11.138813018798828,1.6017742156982422,-0.7050102949142456,8735
3614,41965,0.7041082382202148,0.8125689029693604,-37.70331954956055,0.009839515201747417,4.544589042663574,-9.0,9.0,37.9129753112793,10.681936264038086,1.6306121349334717,-0.6998925805091858,8736
3615,41965,1.0506576299667358,1.2273976802825928,-37.590476989746094,0.009846541099250317,-0.3589184880256653,-9.0,9.0,37.15113830566406,11.188878059387207,1.4909002780914307,-0.7380971312522888,8737
3616,41965,0.74677574634552,0.8814159035682678,-38.515296936035156,0.009853163734078407,0.8878911137580872,-9.0,9.0,37.45568084716797,11.302867889404297,1.5221917629241943,-0.7330707907676697,8738
3617,41965,1.1714280843734741,1.041815996170044,-38.669742584228516,0.00985988974571228,2.322429895401001,-9.0,9.0,37.929588317871094,11.906318664550781,1.5509742498397827,-0.7409510612487793,8739
3618,41965,0.5813075304031372,0.5110191702842712,-37.769283294677734,0.009866713546216488,2.33953595161438,-9.0,9.0,37.774539947509766,12.332620620727539,1.541553258895874,-0.7586807608604431,8740
3619,41965,0.5431376099586487,0.7217669486999512,-35.7028923034668,0.009874042123556137,3.603095054626465,-9.0,9.0,35.98564910888672,9.910219192504883,1.6076853275299072,-0.6942914724349976,8741
3620,41965,0.5382530689239502,0.5546122193336487,-37.12078094482422,0.009881912730634212,3.8655619621276855,-9.0,9.0,37.039100646972656,12.23326301574707,1.5772078037261963,-0.7086606621742249,8742
3621,41965,1.332037091255188,1.1822584867477417,-38.56377410888672,0.00989021360874176,3.6920204162597656,-9.0,9.0,37.946075439453125,12.159146308898926,1.5797979831695557,-0.7318503260612488,8743
3622,41965,0.849092960357666,1.124463677406311,-38.41194152832031,0.009898658841848373,2.9385640621185303,-9.0,9.0,37.79390335083008,11.829030990600586,1.5566486120224,-0.73744136095047,8744
3623,41965,0.6471360325813293,0.6365395784378052,-37.89755630493164,0.009906483814120293,0.6438032388687134,-9.0,9.0,37.94166564941406,11.043067932128906,1.545649528503418,-0.7405452728271484,8745
3624,41965,0.4830419421195984,0.635383665561676,-36.67811965942383,0.009913547895848751,0.036859333515167236,-9.0,9.0,36.79460525512695,11.69690990447998,1.517376184463501,-0.7349853515625,8746
3625,41965,0.5480775833129883,0.41787171363830566,-38.49331283569336,0.009920565411448479,1.9874999523162842,-9.0,9.0,38.04742431640625,11.188509941101074,1.5386556386947632,-0.7570660710334778,8747
3626,41965,0.5969704985618591,0.6341577172279358,-38.909515380859375,0.009927545674145222,1.9770859479904175,-9.0,9.0,38.20158004760742,11.528688430786133,1.5573227405548096,-0.7489497065544128,8748
3627,41965,0.46550920605659485,0.4488723874092102,-37.83223342895508,0.009934231638908386,1.1966992616653442,-9.0,9.0,37.43819808959961,11.296953201293945,1.5175498723983765,-0.7435168623924255,8749
3628,41965,0.7057034969329834,0.7313522696495056,-38.751312255859375,0.009940576739609241,0.9687442183494568,-9.0,9.0,38.562652587890625,12.816534996032715,1.5153095722198486,-0.7537431120872498,8750
3629,41965,0.5371007919311523,0.7226940393447876,-36.80579376220703,0.009944833815097809,-4.381516456604004,-9.0,9.0,36.66211700439453,13.148590087890625,1.4373708963394165,-0.7249135971069336,8751
3630,41965,0.33711737394332886,0.4170946180820465,-37.01285171508789,0.009948126040399075,-1.6266875267028809,-9.0,9.0,36.459327697753906,11.475934028625488,1.490556001663208,-0.7149386405944824,8752
3631,41965,0.3886243402957916,0.6495320796966553,-38.81147003173828,0.009950421750545502,-2.016019105911255,-9.0,9.0,37.95802307128906,10.781774520874023,1.504267930984497,-0.7362235188484192,8753
3632,41965,0.4324513077735901,0.3074725568294525,-37.7131233215332,0.009950953535735607,-4.94276237487793,-9.0,9.0,37.475040435791016,11.367948532104492,1.3835198879241943,-0.764986515045166,8754
3633,41965,0.9613250494003296,1.0087592601776123,-39.42096710205078,0.009949900209903717,-5.758415699005127,-9.0,9.0,39.424808502197266,12.843584060668945,1.3531469106674194,-0.8023978471755981,8755
3634,41965,0.3784310519695282,0.28839194774627686,-38.697601318359375,0.009947964921593666,-2.988248109817505,-9.0,9.0,37.96050262451172,11.62336254119873,1.4500130414962769,-0.7803958654403687,8756
3635,41965,0.4383341372013092,0.49204859137535095,-37.90177536010742,0.009944692254066467,-7.411109924316406,-9.0,9.0,37.0681266784668,11.706006050109863,1.370245099067688,-0.7620925903320312,8757
3636,41965,0.42445552349090576,0.6414871215820312,-38.8768424987793,0.009940927848219872,-2.475043296813965,-9.0,9.0,38.24345016479492,11.580141067504883,1.426885962486267,-0.7950204014778137,8758
3637,41965,1.0984866619110107,0.9715558290481567,-38.92817687988281,0.009936093352735043,-4.379744529724121,-9.0,9.0,38.936119079589844,13.675971984863281,1.4220720529556274,-0.7713759541511536,8759
3638,41965,0.2460642009973526,0.2522088587284088,-37.21040344238281,0.009930618107318878,-3.4142651557922363,-9.0,9.0,37.085350036621094,10.794452667236328,1.4343992471694946,-0.746440052986145,8760
3639,41965,0.3945671617984772,0.37786829471588135,-38.544921875,0.009924772195518017,-2.7843146324157715,-9.0,9.0,37.85255432128906,11.932373046875,1.4224443435668945,-0.791414201259613,8761
3640,41965,1.215470314025879,1.0849530696868896,-39.12281799316406,0.009918068535625935,-4.384806156158447,-9.0,9.0,38.33005142211914,11.861849784851074,1.444110631942749,-0.7777572274208069,8762
3641,41965,0.4972679316997528,0.5538495779037476,-39.444793701171875,0.009911236353218555,-2.4294142723083496,-9.0,9.0,39.1526985168457,13.145764350891113,1.409320592880249,-0.8034963607788086,8763
3642,41965,0.49143728613853455,0.4933551549911499,-38.4981575012207,0.009905127808451653,0.12265658378601074,-9.0,9.0,38.313655853271484,11.571175575256348,1.4698566198349,-0.8065094351768494,8764
3643,41965,0.4551008343696594,0.42908531427383423,-38.91579818725586,0.009900287725031376,1.9917693138122559,-9.0,9.0,38.37825393676758,10.722742080688477,1.5365694761276245,-0.7506092190742493,8765
3644,41965,0.8040769100189209,0.7726762294769287,-38.207759857177734,0.009895501658320427,-1.3129346370697021,-9.0,9.0,37.91713333129883,11.906963348388672,1.4820165634155273,-0.7580010294914246,8766
3645,41965,0.5376956462860107,0.4121089279651642,-37.5447998046875,0.009892020374536514,2.5004215240478516,-9.0,9.0,37.146522521972656,11.487946510314941,1.5147191286087036,-0.7795590162277222,8767
3646,41965,0.26902538537979126,0.26332250237464905,-36.572288513183594,0.009888450615108013,-1.3208541870117188,-9.0,9.0,36.18126678466797,10.9158935546875,1.4840949773788452,-0.7444103956222534,8768
3647,41965,0.292283833026886,0.3789275586605072,-38.43670654296875,0.009885961189866066,2.2015180587768555,-9.0,9.0,37.96775436401367,11.478976249694824,1.5254313945770264,-0.7516587376594543,8769
3648,41965,0.295162558555603,0.3293118178844452,-37.02915954589844,0.009883590042591095,-0.3909881114959717,-9.0,9.0,36.73698806762695,10.60289192199707,1.5032025575637817,-0.7308741807937622,8770
3649,41965,1.9857758283615112,1.9086568355560303,-38.99333572387695,0.009882981888949871,4.965929985046387,-9.0,9.0,38.66575622558594,12.16828441619873,1.571426510810852,-0.7715879678726196,8771
3650,41965,0.45333218574523926,0.44298291206359863,-38.46984100341797,0.009883571416139603,3.461733818054199,-9.0,9.0,37.80596160888672,13.367851257324219,1.5614231824874878,-0.7591920495033264,8772
3651,41965,0.3395540416240692,0.3233215808868408,-38.497108459472656,0.009885244071483612,3.4718122482299805,-9.0,9.0,37.96855926513672,12.429961204528809,1.533340334892273,-0.7646821737289429,8773
3652,41965,0.3679894208908081,0.31087929010391235,-37.77968215942383,0.009888270869851112,5.027066230773926,-9.0,9.0,37.55738830566406,11.706650733947754,1.5719966888427734,-0.7415968775749207,8774
3653,41965,0.43332234025001526,0.318930447101593,-37.470672607421875,0.00989194493740797,2.890005111694336,-9.0,9.0,37.19533157348633,11.108837127685547,1.5451208353042603,-0.7437337636947632,8775
3654,41965,0.8390694856643677,0.7620996832847595,-38.757659912109375,0.009896578267216682,4.030705451965332,-9.0,9.0,38.28449249267578,12.19978141784668,1.5730478763580322,-0.7841672301292419,8776
3655,41965,0.5384764671325684,0.5084806680679321,-38.3651123046875,0.00990111380815506,1.08730149269104,-9.0,9.0,37.762351989746094,11.867053985595703,1.4670313596725464,-0.790757954120636,8777
3656,41965,0.36675527691841125,0.4728219509124756,-37.74974822998047,0.009906696155667305,4.564716339111328,-9.0,9.0,37.41349792480469,11.48055648803711,1.6042726039886475,-0.7207337021827698,8778
3657,41965,1.1153091192245483,1.30826735496521,-39.903690338134766,0.009913240559399128,6.060725688934326,-9.0,9.0,39.427268981933594,12.824748992919922,1.5736944675445557,-0.7955487966537476,8779
3658,41965,0.3226530849933624,0.3658972680568695,-37.583614349365234,0.009920291602611542,3.4992334842681885,-9.0,9.0,36.8922119140625,11.495176315307617,1.5384515523910522,-0.7346413731575012,8780
3659,41965,0.34021058678627014,0.36343878507614136,-38.74947738647461,0.009927691891789436,3.1848340034484863,-9.0,9.0,38.16407012939453,12.017465591430664,1.5680885314941406,-0.7405976057052612,8781
3660,41965,0.7175366878509521,0.5624726414680481,-37.51898956298828,0.009935207664966583,2.572385787963867,-9.0,9.0,37.3827018737793,12.687047958374023,1.5309149026870728,-0.7409204840660095,8782
3661,41965,0.48750174045562744,0.5243110060691833,-37.46729278564453,0.009943321347236633,4.0704193115234375,-9.0,9.0,37.13441467285156,11.044209480285645,1.5779186487197876,-0.719754695892334,8783
3662,41965,0.3188837766647339,0.34445351362228394,-37.966285705566406,0.009951997548341751,4.144887924194336,-9.0,9.0,37.34528350830078,11.610595703125,1.5775305032730103,-0.7311252355575562,8784
3663,41965,0.5732414722442627,0.600348174571991,-39.282203674316406,0.009961331263184547,5.215359210968018,-9.0,9.0,38.58180236816406,11.97285270690918,1.6044470071792603,-0.7352277040481567,8785
3664,41965,9.126856803894043,9.604254722595215,-37.658424377441406,0.009971259161829948,4.693498134613037,-9.0,9.0,37.10712432861328,11.108073234558105,1.594866394996643,-0.714909553527832,8786
3665,41965,0.8125698566436768,0.8326367139816284,-37.623870849609375,0.009981638751924038,4.348748207092285,-9.0,9.0,37.706703186035156,11.411237716674805,1.5755032300949097,-0.7069025039672852,8787
3666,41965,0.6543456315994263,0.6495655179023743,-38.46632766723633,0.009991376660764217,1.158689260482788,-9.0,9.0,38.29649353027344,11.876100540161133,1.528138279914856,-0.733644962310791,8788
3667,41965,1.1555272340774536,1.0860435962677002,-37.9962158203125,0.010001673363149166,5.974334716796875,-9.0,9.0,37.135982513427734,10.6856107711792,1.6303974390029907,-0.6989086866378784,8789
3668,41965,1.156431794166565,1.3760956525802612,-38.96799087524414,0.010011913254857063,2.889143228530884,-9.0,9.0,37.8116455078125,11.029128074645996,1.5314439535140991,-0.7229934930801392,8790
3669,41965,0.7348575592041016,0.6773579120635986,-38.52295684814453,0.010022660717368126,5.946920871734619,-9.0,9.0,38.05759048461914,12.042210578918457,1.6370351314544678,-0.6688376665115356,8791
3670,41965,0.972724974155426,0.9246435165405273,-37.92479705810547,0.010032812133431435,1.383215308189392,-9.0,9.0,38.28565216064453,12.364730834960938,1.5779683589935303,-0.6907297968864441,8792
3671,41965,1.1235694885253906,1.0522420406341553,-39.62853240966797,0.010042063891887665,0.31298258900642395,-9.0,9.0,39.54342269897461,13.333369255065918,1.5168031454086304,-0.7286534309387207,8793
3672,41965,0.7713881134986877,0.8491971492767334,-39.15928268432617,0.010050676763057709,0.8232081532478333,-9.0,9.0,38.2117919921875,12.285123825073242,1.5079753398895264,-0.7197380065917969,8794
3673,41965,1.1521111726760864,1.355266809463501,-38.61409378051758,0.010059441439807415,3.002253532409668,-9.0,9.0,37.92194366455078,12.350061416625977,1.5693913698196411,-0.6868162751197815,8795
3674,41965,0.4889991283416748,0.5537827610969543,-37.843299865722656,0.010068146511912346,2.4083759784698486,-9.0,9.0,37.486061096191406,11.196486473083496,1.5652774572372437,-0.6858819723129272,8796
3675,41965,0.5638190507888794,0.6618908643722534,-38.066925048828125,0.010077032260596752,3.125436782836914,-9.0,9.0,38.265525817871094,11.051514625549316,1.5673576593399048,-0.7003108859062195,8797
3676,41965,0.6616611480712891,0.8148659467697144,-38.759857177734375,0.01008536759763956,0.9755909442901611,-9.0,9.0,38.70969009399414,11.5497465133667,1.529880404472351,-0.7011022567749023,8798
3677,41965,0.6085368990898132,0.7226647734642029,-38.47818374633789,0.010092525742948055,-1.056530475616455,-9.0,9.0,37.78778076171875,11.889420509338379,1.4921205043792725,-0.6791244149208069,8799
3678,41965,0.9783021211624146,1.3011009693145752,-38.80355453491211,0.010098514147102833,-1.3636274337768555,-9.0,9.0,38.20466613769531,12.510986328125,1.5018037557601929,-0.6918686032295227,8800
3679,41965,0.3536303639411926,0.413065105676651,-38.22819900512695,0.010103783570230007,-0.3671826720237732,-9.0,9.0,37.75119400024414,11.71807861328125,1.5255950689315796,-0.6744309663772583,8801
3680,41965,0.4080122411251068,0.4871685206890106,-37.47010803222656,0.010107778944075108,-2.233186721801758,-9.0,9.0,37.404842376708984,9.97336483001709,1.5090793371200562,-0.6604999303817749,8802
3681,41965,0.44318079948425293,0.42648956179618835,-38.07444763183594,0.010110699571669102,-2.004814624786377,-9.0,9.0,37.86808395385742,10.220438003540039,1.4637490510940552,-0.6971893310546875,8803
3682,41965,0.7701831459999084,0.5883171558380127,-39.34797668457031,0.010111943818628788,-4.104119777679443,-9.0,9.0,38.74826431274414,12.557297706604004,1.4596418142318726,-0.7167595624923706,8804
3683,41965,0.6318581700325012,0.6745803356170654,-38.87120056152344,0.010112469084560871,-1.7532283067703247,-9.0,9.0,38.260292053222656,13.021343231201172,1.498167634010315,-0.6862367987632751,8805
3684,41965,0.30917009711265564,0.34417927265167236,-38.905860900878906,0.010112068615853786,-2.5867722034454346,-9.0,9.0,38.487728118896484,12.115676879882812,1.4620393514633179,-0.7014937996864319,8806
3685,41965,0.33495423197746277,0.41782307624816895,-38.152000427246094,0.010110159404575825,-5.41323184967041,-9.0,9.0,37.85596466064453,11.96932601928711,1.3889204263687134,-0.7181698083877563,8807
3686,41965,0.32703885436058044,0.3938477039337158,-38.34949493408203,0.010107282549142838,-3.4317920207977295,-9.0,9.0,38.09174346923828,11.951945304870605,1.4189878702163696,-0.7150384783744812,8808
3687,41965,1.2227134704589844,0.8177260160446167,-38.1950569152832,0.010104463435709476,-0.6810089349746704,-9.0,9.0,37.65599060058594,13.273125648498535,1.4852908849716187,-0.6980841755867004,8809
3688,41965,0.3272632658481598,0.3091678023338318,-38.747047424316406,0.010101789608597755,-0.3957373797893524,-9.0,9.0,38.13792419433594,11.548540115356445,1.494087815284729,-0.7215551137924194,8810
3689,41965,0.2983020544052124,0.33085381984710693,-38.15735626220703,0.01009849552065134,-2.6444478034973145,-9.0,9.0,37.62498474121094,12.006074905395508,1.478064775466919,-0.700509250164032,8811
3690,41965,0.30528685450553894,0.4207300543785095,-38.42313766479492,0.010095346719026566,-0.5350167155265808,-9.0,9.0,38.13016891479492,11.002498626708984,1.5081474781036377,-0.7277966141700745,8812
3691,41965,0.42136985063552856,0.4591141641139984,-39.18069076538086,0.010093213990330696,2.0785281658172607,-9.0,9.0,38.881622314453125,12.93989086151123,1.5133050680160522,-0.7685388922691345,8813
3692,41965,7.499786853790283,7.838991165161133,-37.25586700439453,0.01009086612612009,-1.275730013847351,-9.0,9.0,36.89527893066406,12.063857078552246,1.4739152193069458,-0.7426392436027527,8814
3693,41965,1.5973355770111084,1.493669033050537,-40.00153350830078,0.01008935458958149,1.7843735218048096,-9.0,9.0,39.750244140625,13.842140197753906,1.5090895891189575,-0.7737831473350525,8815
3694,41965,1.1633291244506836,1.1965725421905518,-39.43893051147461,0.010088281705975533,0.862213671207428,-9.0,9.0,38.805973052978516,12.54586124420166,1.4775086641311646,-0.7881795167922974,8816
3695,41965,0.7913374304771423,0.6944622993469238,-38.56581115722656,0.010087507776916027,0.5568839907646179,-9.0,9.0,37.84932327270508,11.914846420288086,1.523563265800476,-0.7221360802650452,8817
3696,41965,0.5848003625869751,0.4618208110332489,-39.463905334472656,0.010087348520755768,1.594673752784729,-9.0,9.0,38.98250198364258,11.547813415527344,1.5291078090667725,-0.7653289437294006,8818
3697,41965,0.27536237239837646,0.36243534088134766,-38.4372444152832,0.010087205097079277,0.00019228458404541016,-9.0,9.0,38.09787368774414,12.105206489562988,1.531834602355957,-0.7196252942085266,8819
3698,41965,0.9555457830429077,0.997752845287323,-37.57744598388672,0.010086738504469395,-0.9937037825584412,-9.0,9.0,37.25821304321289,11.76506233215332,1.5020246505737305,-0.7356740236282349,8820
3699,41965,0.9177129864692688,0.8677123785018921,-40.05974578857422,0.010087854228913784,4.547146797180176,-9.0,9.0,39.157493591308594,13.051432609558105,1.5802332162857056,-0.7371519804000854,8821
3700,41965,0.321549654006958,0.30493903160095215,-39.350379943847656,0.010090413503348827,5.920544147491455,-9.0,9.0,38.677635192871094,11.800437927246094,1.6188583374023438,-0.7364862561225891,8822
3701,41965,0.4472375512123108,0.5841140747070312,-39.45478439331055,0.010093733668327332,3.011181592941284,-9.0,9.0,39.05632781982422,12.788800239562988,1.585103154182434,-0.7491427659988403,8823
3702,41965,1.53623366355896,1.722009301185608,-38.76791000366211,0.010098273865878582,8.997424125671387,-9.0,9.0,38.57330322265625,12.154561042785645,1.6580889225006104,-0.7092458009719849,8824
3703,41965,0.4840751886367798,0.4543902277946472,-38.743736267089844,0.01010390929877758,7.8805437088012695,-9.0,9.0,38.07200241088867,12.447854042053223,1.6281324625015259,-0.7401827573776245,8825
3704,41965,0.46897798776626587,0.5573360323905945,-39.05690383911133,0.01011053565889597,7.358527660369873,-9.0,9.0,38.328819274902344,11.951099395751953,1.6213115453720093,-0.745617687702179,8826
3705,41965,0.4547237455844879,0.6434655785560608,-38.25844955444336,0.010118049569427967,7.236513614654541,-9.0,9.0,37.75725555419922,10.159281730651855,1.6418596506118774,-0.719121515750885,8827
3706,41965,0.8063840866088867,1.0839580297470093,-38.05323028564453,0.010125371627509594,1.626869797706604,-9.0,9.0,37.99887466430664,12.939820289611816,1.5509520769119263,-0.7452515363693237,8828
3707,41965,0.31873953342437744,0.34266719222068787,-39.22065353393555,0.010133515112102032,9.472003936767578,-9.0,9.0,38.846500396728516,11.130633354187012,1.656581163406372,-0.7557387948036194,8829
3708,41965,0.46166956424713135,0.5560778379440308,-39.83878707885742,0.010142399929463863,4.994935989379883,-9.0,9.0,39.34382247924805,12.054391860961914,1.586801290512085,-0.7577655911445618,8830
3709,41965,0.5460543632507324,0.8018736839294434,-37.49059295654297,0.01015195157378912,6.524583339691162,-9.0,9.0,37.03050231933594,11.47922420501709,1.6243565082550049,-0.7367679476737976,8831
3710,41965,0.6945810914039612,0.6767836809158325,-40.5480842590332,0.010162107646465302,5.057315349578857,-9.0,9.0,39.846622467041016,13.603474617004395,1.5322192907333374,-0.8054038286209106,8832
3711,41965,0.7064945101737976,0.8669904470443726,-37.43870544433594,0.010172313079237938,3.120051145553589,-9.0,9.0,37.480506896972656,11.337150573730469,1.5430535078048706,-0.7512250542640686,8833
3712,41965,0.31022199988365173,0.40018653869628906,-38.3554801940918,0.010182960890233517,4.295353889465332,-9.0,9.0,38.310760498046875,10.77713394165039,1.5906821489334106,-0.7326565980911255,8834
3713,41965,0.28664523363113403,0.27260705828666687,-36.82548522949219,0.010193313471972942,2.2336583137512207,-9.0,9.0,36.49074172973633,10.134062767028809,1.5622845888137817,-0.7026299238204956,8835
3714,41965,0.8558914065361023,0.8008337020874023,-39.08781814575195,0.010203754529356956,3.269775390625,-9.0,9.0,38.55040740966797,11.710765838623047,1.5648776292800903,-0.7590147852897644,8836
3715,41965,0.3907417058944702,0.43539392948150635,-38.63029098510742,0.010213528759777546,1.079150676727295,-9.0,9.0,38.00843048095703,11.89633560180664,1.497675895690918,-0.7571930289268494,8837
3716,41965,0.3404015898704529,0.40893831849098206,-38.28718566894531,0.010222645476460457,0.8857454061508179,-9.0,9.0,38.091060638427734,11.380668640136719,1.5096876621246338,-0.7298058867454529,8838
3717,41965,0.461599200963974,0.4573708176612854,-37.67725372314453,0.010229910723865032,-2.768056631088257,-9.0,9.0,37.57569122314453,12.363734245300293,1.4762756824493408,-0.7209399938583374,8839
3718,41965,0.3737719655036926,0.4900187849998474,-38.49470520019531,0.010236991569399834,1.5595308542251587,-9.0,9.0,38.11895751953125,12.269865036010742,1.5145937204360962,-0.7261028289794922,8840
3719,41965,8.398343086242676,8.261452674865723,-39.40766143798828,0.010243085213005543,-0.8236575722694397,-9.0,9.0,38.394775390625,11.459694862365723,1.4833180904388428,-0.7271356582641602,8841
3720,41965,0.5069272518157959,0.46386295557022095,-38.76029586791992,0.010247706435620785,-2.5355679988861084,-9.0,9.0,38.39840316772461,11.614757537841797,1.4769247770309448,-0.7317324876785278,8842
3721,41965,0.5541231036186218,0.5609647631645203,-38.33142852783203,0.010251602157950401,-0.7701876759529114,-9.0,9.0,38.30973434448242,12.330693244934082,1.4416276216506958,-0.7363597750663757,8843
3722,41965,0.9987990856170654,0.9919787645339966,-38.82428741455078,0.010253537446260452,-4.787730693817139,-9.0,9.0,38.43672561645508,12.186574935913086,1.4160525798797607,-0.7253885269165039,8844
3723,41965,0.661739706993103,0.6624118685722351,-39.40924072265625,0.010254760272800922,-1.5085651874542236,-9.0,9.0,38.65679931640625,11.762977600097656,1.5038907527923584,-0.7041369676589966,8845
3724,41965,1.4616883993148804,1.4162449836730957,-39.89860534667969,0.010255483910441399,-1.1023712158203125,-9.0,9.0,39.24207305908203,12.515703201293945,1.4876629114151,-0.7410386800765991,8846
3725,41965,0.5927510857582092,0.5924389362335205,-39.57725524902344,0.010256168432533741,0.09846183657646179,-9.0,9.0,39.07120132446289,11.851775169372559,1.5182116031646729,-0.7016326785087585,8847
3726,41965,0.9403539299964905,0.8522953987121582,-39.83003234863281,0.010256368666887283,-1.2063937187194824,-9.0,9.0,39.80488204956055,12.638113021850586,1.4752410650253296,-0.7666955590248108,8848
3727,41965,0.45068106055259705,0.3587651550769806,-38.433631896972656,0.010256080888211727,-1.3631106615066528,-9.0,9.0,38.08045196533203,11.114591598510742,1.5101604461669922,-0.6871261596679688,8849
3728,41965,0.8445484638214111,0.9458950757980347,-39.29559326171875,0.010256080888211727,0.7555257081985474,-9.0,9.0,38.61088562011719,12.215444564819336,1.504155158996582,-0.7040974497795105,8850
3729,41965,0.6021643877029419,0.4724937081336975,-37.739295959472656,0.010255943983793259,-0.398975670337677,-9.0,9.0,37.43357467651367,11.244856834411621,1.5511735677719116,-0.6671181917190552,8851
3730,41965,0.5226860046386719,0.4700517952442169,-38.41644287109375,0.010256427340209484,1.7579059600830078,-9.0,9.0,38.290496826171875,11.211798667907715,1.541530966758728,-0.6891095042228699,8852
3731,41965,0.6281051635742188,0.5640810132026672,-39.33645248413086,0.010256931185722351,0.20202350616455078,-9.0,9.0,38.92530822753906,11.419283866882324,1.563826322555542,-0.6931731104850769,8853
3732,41965,0.7776169180870056,0.9865548014640808,-39.85951614379883,0.010257425718009472,0.10892224311828613,-9.0,9.0,39.135833740234375,12.877140998840332,1.5499001741409302,-0.7183889746665955,8854
3733,41965,1.0458463430404663,0.9572652578353882,-39.297454833984375,0.010259074158966541,3.4900052547454834,-9.0,9.0,38.9708137512207,12.43105697631836,1.627144694328308,-0.6672559976577759,8855
3734,41965,0.4711330235004425,0.4477975368499756,-39.8822021484375,0.010260864160954952,0.8919577598571777,-9.0,9.0,39.505760192871094,12.071664810180664,1.5240260362625122,-0.7269397974014282,8856
3735,41965,0.8159601092338562,0.585953950881958,-39.10595703125,0.010263247415423393,2.2323386669158936,-9.0,9.0,38.745277404785156,12.728631973266602,1.5912144184112549,-0.671096920967102,8857
3736,41965,0.4469674229621887,0.42431387305259705,-38.17386245727539,0.010265068151056767,-0.9422405958175659,-9.0,9.0,37.791175842285156,11.99932861328125,1.5587691068649292,-0.658793032169342,8858
3737,41965,0.7495960593223572,0.9358084201812744,-38.920570373535156,0.010265934281051159,-2.2387139797210693,-9.0,9.0,38.326629638671875,12.938398361206055,1.4930888414382935,-0.6768940687179565,8859
3738,41965,0.7112671136856079,0.7133410573005676,-39.81367492675781,0.010267036035656929,0.9356597065925598,-9.0,9.0,39.11335754394531,13.59358024597168,1.542720079421997,-0.6783627271652222,8860
3739,41965,0.3403347432613373,0.22245419025421143,-38.583396911621094,0.010268309153616428,0.8092848062515259,-9.0,9.0,38.34383773803711,11.341660499572754,1.5560194253921509,-0.6798539757728577,8861
3740,41965,0.5378159284591675,0.5984265208244324,-39.439109802246094,0.010270199738442898,2.153691530227661,-9.0,9.0,39.25418472290039,13.034592628479004,1.5361965894699097,-0.7107735276222229,8862
3741,41965,0.4356255531311035,0.4412930905818939,-37.78999328613281,0.010272212326526642,0.893838107585907,-9.0,9.0,37.336639404296875,11.429166793823242,1.569822072982788,-0.63868248462677,8863
3742,41965,8.628819465637207,8.905455589294434,-39.78526306152344,0.010273289866745472,-2.11971378326416,-9.0,9.0,38.799381256103516,12.326640129089355,1.4682573080062866,-0.7224677205085754,8864
3743,41965,0.2703382670879364,0.28033286333084106,-39.79520034790039,0.010274818167090416,1.6050200462341309,-9.0,9.0,39.35902404785156,11.859851837158203,1.5216859579086304,-0.7285286784172058,8865
3744,41965,0.71477872133255,0.6555305123329163,-38.74187088012695,0.010276337154209614,0.4081394672393799,-9.0,9.0,38.61526870727539,11.867783546447754,1.5271693468093872,-0.7012084126472473,8866
3745,41965,1.0458468198776245,0.9276790618896484,-39.230987548828125,0.010277758352458477,0.16069641709327698,-9.0,9.0,38.68268966674805,12.926620483398438,1.5009008646011353,-0.7187413573265076,8867
3746,41965,1.005057454109192,1.2328834533691406,-40.68601608276367,0.010279640555381775,1.7284966707229614,-9.0,9.0,39.561885833740234,12.091507911682129,1.532932996749878,-0.7466555833816528,8868
3747,41965,0.9125308990478516,0.9261154532432556,-39.887908935546875,0.010282165370881557,2.3874261379241943,-9.0,9.0,39.05625534057617,12.874942779541016,1.541912317276001,-0.7502215504646301,8869
3748,41965,0.5069156885147095,0.45881593227386475,-37.330299377441406,0.010284263640642166,-0.5059723854064941,-9.0,9.0,37.26521301269531,11.019293785095215,1.4813096523284912,-0.7060666084289551,8870
3749,41965,0.42279335856437683,0.40782397985458374,-37.453636169433594,0.010285411030054092,-2.128051519393921,-9.0,9.0,37.49779510498047,11.100683212280273,1.4753440618515015,-0.7091328501701355,8871
3750,41965,0.8129798173904419,0.8122882843017578,-38.97797393798828,0.010286819189786911,1.0782591104507446,-9.0,9.0,38.615394592285156,12.637662887573242,1.5296967029571533,-0.7354696989059448,8872
3751,41965,0.8211735486984253,0.8727290630340576,-39.52311706542969,0.010287775658071041,-0.8885154724121094,-9.0,9.0,38.63163757324219,11.586458206176758,1.4784787893295288,-0.7559248805046082,8873
3752,41965,0.5373353958129883,0.5200245380401611,-37.67007064819336,0.01028846763074398,-0.4974055290222168,-9.0,9.0,37.11857604980469,11.607620239257812,1.4773927927017212,-0.718235433101654,8874
3753,41965,1.0562055110931396,0.9573171138763428,-40.07957458496094,0.01028958149254322,1.4087222814559937,-9.0,9.0,40.115142822265625,13.358278274536133,1.5004631280899048,-0.7854984998703003,8875
3754,41965,0.43392062187194824,0.4012744128704071,-37.52027893066406,0.01029050350189209,-0.22634583711624146,-9.0,9.0,37.385223388671875,11.413686752319336,1.4688539505004883,-0.7289465069770813,8876
3755,41965,0.38246896862983704,0.3949419856071472,-38.2520751953125,0.010291323065757751,-0.031138956546783447,-9.0,9.0,37.68628692626953,11.943665504455566,1.51839280128479,-0.7341275811195374,8877
3756,41965,0.4533069133758545,0.5969535112380981,-38.73910903930664,0.010290494188666344,-4.491725921630859,-9.0,9.0,38.142948150634766,12.319093704223633,1.4118064641952515,-0.748203456401825,8878
3757,41965,0.40221312642097473,0.30822914838790894,-39.11983108520508,0.010288153775036335,-5.274267673492432,-9.0,9.0,38.79338073730469,11.531925201416016,1.3903220891952515,-0.7613434791564941,8879
3758,41965,0.3441767692565918,0.3620797395706177,-38.19160079956055,0.010284455493092537,-7.323441505432129,-9.0,9.0,37.96376037597656,13.054960250854492,1.3621147871017456,-0.7746226191520691,8880
3759,41965,0.27467936277389526,0.32535579800605774,-38.25200653076172,0.010280179791152477,-2.717047929763794,-9.0,9.0,38.036495208740234,11.710514068603516,1.4100574254989624,-0.7378638386726379,8881
3760,41965,0.373943030834198,0.3626714050769806,-38.93547439575195,0.010275259613990784,-3.0968823432922363,-9.0,9.0,38.36821746826172,12.429322242736816,1.4127103090286255,-0.7684292197227478,8882
3761,41965,0.6184852123260498,0.6117489337921143,-38.81492233276367,0.010269435122609138,-4.027860641479492,-9.0,9.0,38.419593811035156,11.693140983581543,1.4252634048461914,-0.7418278455734253,8883
3762,41965,0.2971426248550415,0.3071165680885315,-38.504676818847656,0.010263027623295784,-3.3624093532562256,-9.0,9.0,38.11629104614258,11.006701469421387,1.45179283618927,-0.7258985638618469,8884
3763,41965,0.4918801784515381,0.4218379855155945,-40.23397445678711,0.010256246663630009,-2.9316370487213135,-9.0,9.0,39.79545593261719,12.112913131713867,1.4115046262741089,-0.7515987157821655,8885
3764,41965,0.6123037338256836,0.5251469612121582,-40.8121223449707,0.010250193998217583,0.1432059407234192,-9.0,9.0,40.28312683105469,11.831254959106445,1.4835783243179321,-0.7616135478019714,8886
3765,41965,0.381102055311203,0.4411797523498535,-37.778297424316406,0.010243168100714684,-6.682130813598633,-9.0,9.0,37.16477966308594,10.453191757202148,1.3990118503570557,-0.7144189476966858,8887
3766,41965,0.40425050258636475,0.45364007353782654,-39.07826232910156,0.010235268622636795,-6.432197093963623,-9.0,9.0,38.59053421020508,12.872458457946777,1.3792608976364136,-0.6955217123031616,8888
3767,41965,0.837942898273468,0.6352676153182983,-39.184078216552734,0.0102273840457201,-2.2571961879730225,-9.0,9.0,38.676414489746094,11.958951950073242,1.464577317237854,-0.7002820372581482,8889
3768,41965,0.27085044980049133,0.286931574344635,-40.212650299072266,0.010218819603323936,-4.290172100067139,-9.0,9.0,39.765140533447266,12.351475715637207,1.4418413639068604,-0.7286425232887268,8890
3769,41965,0.4875662326812744,0.46079084277153015,-38.35973358154297,0.010209540836513042,-7.6612653732299805,-9.0,9.0,37.90941619873047,11.346555709838867,1.4014718532562256,-0.6932482123374939,8891
3770,41965,0.5439794659614563,0.46217167377471924,-40.41930389404297,0.010200451128184795,-2.1730480194091797,-9.0,9.0,39.78770446777344,13.370512962341309,1.4446754455566406,-0.7275575995445251,8892
3771,41965,0.49889427423477173,0.4992901682853699,-40.94414520263672,0.010192569345235825,0.8665750026702881,-9.0,9.0,40.124847412109375,12.79191780090332,1.4842239618301392,-0.7274953722953796,8893
3772,41965,0.36057525873184204,0.4379070997238159,-38.64616394042969,0.010185209102928638,-0.782469630241394,-9.0,9.0,38.42914581298828,11.222139358520508,1.4944137334823608,-0.6986536383628845,8894
3773,41965,0.35727569460868835,0.4313667416572571,-38.839866638183594,0.010178688913583755,0.29278770089149475,-9.0,9.0,38.64109420776367,13.043697357177734,1.5136550664901733,-0.7112861275672913,8895
3774,41965,2.05688738822937,1.9255120754241943,-38.72260284423828,0.010174117982387543,3.769465446472168,-9.0,9.0,38.4341926574707,12.336709022521973,1.5531413555145264,-0.6890163421630859,8896
3775,41965,0.37599730491638184,0.6341755986213684,-39.252464294433594,0.010170577093958855,1.6754631996154785,-9.0,9.0,38.429954528808594,11.508212089538574,1.5352360010147095,-0.6949092149734497,8897
3776,41965,0.3435662090778351,0.40935540199279785,-38.97779846191406,0.010166513733565807,-2.5678396224975586,-9.0,9.0,38.313785552978516,12.400882720947266,1.474984884262085,-0.690081775188446,8898
3777,41965,0.45978450775146484,0.5016957521438599,-38.01714324951172,0.010162413120269775,-1.2888681888580322,-9.0,9.0,37.87675476074219,13.09351921081543,1.472845435142517,-0.6891340613365173,8899
3778,41965,0.5437382459640503,0.7289426922798157,-38.60295104980469,0.010159040801227093,0.9243336319923401,-9.0,9.0,38.657020568847656,12.096099853515625,1.5291591882705688,-0.6854801177978516,8900
3779,41965,0.5195319652557373,0.5140846967697144,-39.44057083129883,0.010155699215829372,-0.8925157785415649,-9.0,9.0,39.105079650878906,13.52660846710205,1.4587372541427612,-0.7347572445869446,8901
3780,41965,0.4911210536956787,0.6968761086463928,-40.50556945800781,0.010152498260140419,-0.5596206188201904,-9.0,9.0,39.504669189453125,11.970458030700684,1.4795135259628296,-0.7186653017997742,8902
3781,41965,0.4219051003456116,0.5674347877502441,-38.94415283203125,0.010149444453418255,-0.4970293343067169,-9.0,9.0,38.11912536621094,11.041698455810547,1.524645209312439,-0.6706053614616394,8903
3782,41965,0.3637743294239044,0.3761165142059326,-37.79449462890625,0.010145248845219612,-4.226834774017334,-9.0,9.0,37.6320686340332,11.32878589630127,1.4580415487289429,-0.6624385118484497,8904
3783,41965,0.5573064684867859,0.7253147959709167,-39.6904411315918,0.01014026254415512,-3.547877311706543,-9.0,9.0,39.66402053833008,13.797098159790039,1.4429267644882202,-0.7290774583816528,8905
3784,41965,17.42180824279785,19.075464248657227,-39.357513427734375,0.01013557892292738,-0.572729766368866,-9.0,9.0,38.68435287475586,12.779693603515625,1.4662697315216064,-0.736140251159668,8906
3785,41965,0.5683979988098145,0.522986114025116,-38.55207061767578,0.010130195878446102,-3.417320728302002,-9.0,9.0,38.35015869140625,12.967248916625977,1.424943208694458,-0.7099326848983765,8907
3786,41965,0.5922541618347168,0.5082519054412842,-39.73274612426758,0.010125115513801575,-0.6875674724578857,-9.0,9.0,39.144737243652344,12.21170425415039,1.488330602645874,-0.72279292345047,8908
3787,41965,1.04116952419281,1.134470820426941,-39.65887451171875,0.01011897623538971,-5.166122913360596,-9.0,9.0,38.9068717956543,13.548410415649414,1.3965753316879272,-0.735022246837616,8909
3788,41965,0.5158429145812988,0.43732041120529175,-38.2914924621582,0.010111890733242035,-4.758338928222656,-9.0,9.0,37.30663299560547,10.33679485321045,1.4296058416366577,-0.6780480146408081,8910
3789,41965,1.1707183122634888,0.9264390468597412,-38.68721008300781,0.010103956796228886,-5.224481582641602,-9.0,9.0,38.22163772583008,13.130992889404297,1.404205560684204,-0.7058709263801575,8911
3790,41965,1.1763455867767334,0.9272856712341309,-39.87552261352539,0.01009526476264,-5.154026508331299,-9.0,9.0,39.68693542480469,13.57810115814209,1.3914833068847656,-0.764310896396637,8912
3791,41965,0.6262900233268738,0.6688811182975769,-39.28553009033203,0.010085896588861942,-6.648952484130859,-9.0,9.0,38.71063995361328,12.047894477844238,1.3620795011520386,-0.740624725818634,8913
3792,41965,1.1166694164276123,0.7299950122833252,-39.34952163696289,0.010076873004436493,-1.7515122890472412,-9.0,9.0,38.5848388671875,12.005999565124512,1.432806372642517,-0.7530965805053711,8914
3793,41965,0.6664226055145264,0.5788072347640991,-39.490516662597656,0.010067210532724857,-6.289329528808594,-9.0,9.0,38.76979064941406,12.10509967803955,1.3587472438812256,-0.7695149779319763,8915
3794,41965,0.6883146166801453,0.7592952847480774,-39.838897705078125,0.010057139210402966,-4.102788925170898,-9.0,9.0,39.4296875,12.641824722290039,1.3884258270263672,-0.7979983687400818,8916
3795,41965,0.7964574098587036,0.7939388155937195,-38.86735916137695,0.010046537034213543,-4.827899932861328,-9.0,9.0,38.933876037597656,12.240843772888184,1.3669216632843018,-0.8128653168678284,8917
3796,41965,0.5387548804283142,0.489677757024765,-38.817073822021484,0.010036223568022251,-2.3117544651031494,-9.0,9.0,38.53998565673828,12.13203239440918,1.4310925006866455,-0.7831835150718689,8918
3797,41965,1.8411822319030762,1.4337981939315796,-39.25551986694336,0.010026264935731888,-2.0303056240081787,-9.0,9.0,38.28689193725586,11.473329544067383,1.4305648803710938,-0.7783230543136597,8919
3798,41965,0.4849306046962738,0.4232358932495117,-39.012760162353516,0.01001577079296112,-5.644842147827148,-9.0,9.0,38.44949722290039,12.082011222839355,1.3777893781661987,-0.7973858118057251,8920
3799,41965,0.613606870174408,0.5384536385536194,-38.352943420410156,0.010005212388932705,-3.352466344833374,-9.0,9.0,38.42970657348633,12.004558563232422,1.4128398895263672,-0.8117840886116028,8921
3800,41965,0.7577869296073914,0.771553635597229,-39.00838088989258,0.009994183667004108,-5.134308338165283,-9.0,9.0,39.07414627075195,12.906594276428223,1.363970398902893,-0.8129199743270874,8922
3801,41965,0.4079722464084625,0.41590559482574463,-39.76243209838867,0.009982937946915627,-3.9894142150878906,-9.0,9.0,39.294830322265625,12.197242736816406,1.3914743661880493,-0.8338221907615662,8923
3802,41965,0.5989148616790771,0.5644297003746033,-38.28984069824219,0.009971297346055508,-5.089733123779297,-9.0,9.0,37.77189636230469,11.283252716064453,1.3526763916015625,-0.7834309339523315,8924
3803,41965,0.6402986645698547,0.4408343434333801,-39.28598403930664,0.009959564544260502,-3.814105987548828,-9.0,9.0,38.90663146972656,12.06667709350586,1.4110183715820312,-0.8148508667945862,8925
3804,41965,0.5281623601913452,0.5182271003723145,-40.303428649902344,0.009947598911821842,-4.289865016937256,-9.0,9.0,40.04093551635742,12.543143272399902,1.359141230583191,-0.8347468376159668,8926
3805,41965,0.262837290763855,0.28102195262908936,-39.46765899658203,0.009935321286320686,-6.749913692474365,-9.0,9.0,39.178916931152344,11.595977783203125,1.3485456705093384,-0.8165103197097778,8927
3806,41965,0.531130313873291,0.38983815908432007,-39.781402587890625,0.00992276519536972,-5.10897159576416,-9.0,9.0,39.39571762084961,12.419148445129395,1.3723615407943726,-0.8019633889198303,8928
3807,41965,0.5314804315567017,0.5237094163894653,-39.49420928955078,0.009910055436193943,-4.337074279785156,-9.0,9.0,39.044281005859375,12.513749122619629,1.372687578201294,-0.808741569519043,8929
3808,41965,0.639550507068634,0.6411245465278625,-39.70097732543945,0.009897115640342236,-6.532420635223389,-9.0,9.0,38.95546340942383,12.703131675720215,1.3508659601211548,-0.796561598777771,8930
3809,41965,0.5477858781814575,0.6698735952377319,-38.4688720703125,0.00988397654145956,-9.311712265014648,-9.0,9.0,38.26026153564453,12.416686058044434,1.316019892692566,-0.7811403870582581,8931
3810,41965,0.4639013111591339,0.35625797510147095,-38.021087646484375,0.009870661422610283,-4.7801618576049805,-9.0,9.0,37.92327880859375,10.748054504394531,1.397886872291565,-0.7764378190040588,8932
3811,41965,0.24820318818092346,0.25508981943130493,-38.66460037231445,0.00985728483647108,-4.3252081871032715,-9.0,9.0,38.2475700378418,10.915325164794922,1.4033499956130981,-0.7756406664848328,8933
3812,41965,0.9212449789047241,0.7858332991600037,-39.53077697753906,0.009844212792813778,-3.217423915863037,-9.0,9.0,38.978633880615234,12.972617149353027,1.408605933189392,-0.7785707712173462,8934
3813,41965,0.6331665515899658,0.5095714330673218,-38.960548400878906,0.009830961003899574,-9.70069694519043,-9.0,9.0,38.34553527832031,12.685286521911621,1.3009299039840698,-0.7672600150108337,8935
3814,41965,0.26021257042884827,0.281377375125885,-38.56105041503906,0.009817558340728283,-7.477285861968994,-9.0,9.0,38.204261779785156,11.875343322753906,1.346197247505188,-0.7529312968254089,8936
3815,41965,0.5809572339057922,0.4391849637031555,-38.51292419433594,0.009804019704461098,-6.574587821960449,-9.0,9.0,38.251468658447266,10.782487869262695,1.3802372217178345,-0.7535020709037781,8937
3816,41965,0.4539526104927063,0.4727742373943329,-40.69715118408203,0.009790700860321522,-3.564227342605591,-9.0,9.0,40.376609802246094,13.286762237548828,1.3785935640335083,-0.7961183190345764,8938
3817,41965,0.2981700897216797,0.31878095865249634,-38.23218536376953,0.009777241386473179,-8.591012954711914,-9.0,9.0,37.61034393310547,11.335582733154297,1.3201218843460083,-0.748396098613739,8939
3818,41965,0.3127204179763794,0.2930457293987274,-38.60572052001953,0.009763659909367561,-5.556150436401367,-9.0,9.0,37.99749755859375,11.57291030883789,1.3832447528839111,-0.7391701340675354,8940
3819,41965,0.3655637204647064,0.3977352976799011,-38.99538803100586,0.00975023303180933,-3.8023431301116943,-9.0,9.0,38.74650192260742,12.527782440185547,1.4087408781051636,-0.726273238658905,8941
3820,41965,0.3624047636985779,0.39125627279281616,-39.86884689331055,0.009737316519021988,-2.636507987976074,-9.0,9.0,39.50389862060547,12.906798362731934,1.4275368452072144,-0.7285561561584473,8942
3821,41965,0.40593022108078003,0.38951510190963745,-38.963462829589844,0.009725465439260006,-0.7395737171173096,-9.0,9.0,38.30255889892578,12.05057144165039,1.4633454084396362,-0.7227088809013367,8943
3822,41965,0.6101771593093872,0.4826502501964569,-39.67015838623047,0.009715254418551922,1.3910688161849976,-9.0,9.0,39.039466857910156,12.561290740966797,1.475514531135559,-0.7418456673622131,8944
3823,41965,0.5103535652160645,0.43832331895828247,-39.68645095825195,0.00970536470413208,-2.210280656814575,-9.0,9.0,39.25672149658203,12.28890609741211,1.4359092712402344,-0.7407458424568176,8945
3824,41965,0.9893302917480469,0.8992989659309387,-38.370033264160156,0.009696385823190212,-0.2485230565071106,-9.0,9.0,38.26247024536133,13.391946792602539,1.4826310873031616,-0.6978591084480286,8946
3825,41965,0.2863764464855194,0.30880746245384216,-41.59160232543945,0.009688136167824268,-0.5463393926620483,-9.0,9.0,41.031890869140625,13.008907318115234,1.4377658367156982,-0.7756524682044983,8947
3826,41965,0.4532933831214905,0.3971623480319977,-38.768455505371094,0.009681102819740772,1.218406319618225,-9.0,9.0,38.00355529785156,11.106575965881348,1.5114866495132446,-0.6894618272781372,8948
3827,41965,0.30444884300231934,0.2832866609096527,-39.489219665527344,0.00967593863606453,3.6339352130889893,-9.0,9.0,38.855995178222656,12.17761516571045,1.5563260316848755,-0.678679883480072,8949
3828,41965,0.35581865906715393,0.48119163513183594,-40.27405548095703,0.009670763276517391,-1.6497187614440918,-9.0,9.0,39.778907775878906,12.091233253479004,1.464339256286621,-0.7149896621704102,8950
3829,41965,0.38358163833618164,0.4660090506076813,-39.83281707763672,0.009665673598647118,-1.3510606288909912,-9.0,9.0,39.484886169433594,12.025429725646973,1.4606561660766602,-0.7421364784240723,8951
3830,41965,0.4209146499633789,0.45006439089775085,-40.321231842041016,0.009661116637289524,0.06981325894594193,-9.0,9.0,39.617706298828125,11.10172176361084,1.4691250324249268,-0.7417791485786438,8952
3831,41965,0.5020418167114258,0.6027942299842834,-40.5445671081543,0.009656607173383236,-1.2781015634536743,-9.0,9.0,39.65742111206055,11.755036354064941,1.4558855295181274,-0.7326506972312927,8953
3832,41965,0.4703923463821411,0.4616881012916565,-40.219459533691406,0.009652174077928066,-1.1771941184997559,-9.0,9.0,39.64017105102539,12.94925594329834,1.4324389696121216,-0.7534483671188354,8954
3833,41965,0.30536144971847534,0.3799363076686859,-39.55649948120117,0.00964769721031189,-1.5226540565490723,-9.0,9.0,39.22754669189453,12.421536445617676,1.47411048412323,-0.7345575094223022,8955
3834,41965,0.39911168813705444,0.5225738883018494,-39.32617950439453,0.009642978198826313,-2.164334297180176,-9.0,9.0,38.86112594604492,12.357409477233887,1.4339510202407837,-0.7588391304016113,8956
3835,41965,0.9000843167304993,0.6966814994812012,-39.56718444824219,0.009637259878218174,-6.379534721374512,-9.0,9.0,38.88962936401367,12.40349292755127,1.373250126838684,-0.749796986579895,8957
3836,41965,0.2804574966430664,0.3400879502296448,-39.553680419921875,0.00963288638740778,2.4157845973968506,-9.0,9.0,38.990116119384766,11.564618110656738,1.5106160640716553,-0.7199684977531433,8958
3837,41965,1.0847887992858887,1.1068965196609497,-40.249114990234375,0.00962844118475914,-1.5898232460021973,-9.0,9.0,40.00956344604492,13.5332670211792,1.414257287979126,-0.7937431335449219,8959
3838,41965,0.3664263188838959,0.3461725413799286,-38.99422836303711,0.009622969664633274,-4.877388954162598,-9.0,9.0,38.51283264160156,11.770177841186523,1.3799645900726318,-0.7571644186973572,8960
3839,41965,1.7785756587982178,1.7521946430206299,-39.099945068359375,0.009617744944989681,-0.9491358995437622,-9.0,9.0,38.53022384643555,12.653000831604004,1.4761686325073242,-0.7347826361656189,8961
3840,41965,0.4171655774116516,0.4499177038669586,-39.80125045776367,0.00961211882531643,-2.910874843597412,-9.0,9.0,39.13434600830078,12.838568687438965,1.4200162887573242,-0.7444609999656677,8962
3841,41965,0.4249707758426666,0.4913579523563385,-39.97191619873047,0.00960671715438366,-1.0768566131591797,-9.0,9.0,39.38935089111328,12.663448333740234,1.4433058500289917,-0.763238787651062,8963
3842,41965,0.33608320355415344,0.3355715274810791,-39.35377883911133,0.009601546451449394,-0.9717468023300171,-9.0,9.0,38.70940017700195,11.76915168762207,1.4576551914215088,-0.7513012290000916,8964
3843,41965,0.5195893049240112,0.5380086898803711,-38.88262176513672,0.009595426730811596,-5.344011306762695,-9.0,9.0,38.378536224365234,11.589837074279785,1.389529824256897,-0.7257356643676758,8965
3844,41965,1.3501613140106201,1.0520638227462769,-40.21128463745117,0.0095891198143363,-2.5327799320220947,-9.0,9.0,39.4556999206543,12.440763473510742,1.4131009578704834,-0.7888408899307251,8966
3845,41965,0.41120094060897827,0.3176160454750061,-38.96769714355469,0.009582733735442162,-2.2399473190307617,-9.0,9.0,38.667694091796875,12.019461631774902,1.442660927772522,-0.7483054399490356,8967
3846,41965,0.3417525887489319,0.3007601499557495,-39.13233947753906,0.009575914591550827,-3.4166321754455566,-9.0,9.0,38.77877426147461,11.253028869628906,1.4638392925262451,-0.7302454710006714,8968
3847,41965,0.47742271423339844,0.4274313449859619,-39.497779846191406,0.009569223038852215,-1.760352373123169,-9.0,9.0,38.74653625488281,12.559223175048828,1.441699743270874,-0.7823149561882019,8969
3848,41965,1.2284190654754639,1.227502703666687,-39.923519134521484,0.009563055820763111,-0.44943884015083313,-9.0,9.0,39.35879898071289,13.118380546569824,1.4492509365081787,-0.7856212854385376,8970
3849,41965,0.3949945569038391,0.3255891501903534,-40.49007797241211,0.009558063931763172,1.7563416957855225,-9.0,9.0,39.817501068115234,12.85424518585205,1.4843690395355225,-0.7989019751548767,8971
3850,41965,0.8053293228149414,0.8074085712432861,-40.51524353027344,0.009553174488246441,-1.2541377544403076,-9.0,9.0,40.191776275634766,14.269505500793457,1.4008463621139526,-0.822509229183197,8972
3851,41965,0.38712790608406067,0.33100590109825134,-39.271114349365234,0.009549221023917198,1.4142324924468994,-9.0,9.0,38.67832946777344,13.128867149353027,1.5103600025177002,-0.7615009546279907,8973
3852,41965,0.9768866896629333,1.1516931056976318,-39.77511978149414,0.009546284563839436,1.9729629755020142,-9.0,9.0,39.120086669921875,12.322795867919922,1.5219604969024658,-0.7663466334342957,8974
3853,41965,0.267507940530777,0.2667648494243622,-39.94894790649414,0.00954294390976429,-2.220768928527832,-9.0,9.0,39.369178771972656,11.240715980529785,1.3967959880828857,-0.8072506785392761,8975
3854,41965,0.4091297388076782,0.47168615460395813,-38.693138122558594,0.00953904539346695,-2.8323707580566406,-9.0,9.0,38.18034362792969,12.138684272766113,1.4297082424163818,-0.7634258270263672,8976
3855,41965,0.42827290296554565,0.4886833727359772,-41.273963928222656,0.009536171332001686,2.018415927886963,-9.0,9.0,40.7914924621582,12.738436698913574,1.4828096628189087,-0.8202118277549744,8977
3856,41965,0.6310667991638184,0.6111271977424622,-38.088985443115234,0.009533983655273914,1.2735918760299683,-9.0,9.0,37.72876739501953,10.925261497497559,1.4883973598480225,-0.7328200936317444,8978
3857,41965,0.46677154302597046,0.46651625633239746,-39.82411575317383,0.009532774798572063,2.400247097015381,-9.0,9.0,39.208221435546875,12.14628791809082,1.4666484594345093,-0.7813310027122498,8979
3858,41965,0.4105816185474396,0.3962557017803192,-39.93941116333008,0.00953181553632021,0.413601815700531,-9.0,9.0,39.14469909667969,11.230060577392578,1.4806091785430908,-0.7772806286811829,8980
3859,41965,0.4884244203567505,0.6515156030654907,-40.734214782714844,0.009531616233289242,2.1048500537872314,-9.0,9.0,40.07338333129883,12.922994613647461,1.4421502351760864,-0.8244649171829224,8981
3860,41965,0.4356801211833954,0.4224376082420349,-40.81013107299805,0.00953222531825304,2.4926960468292236,-9.0,9.0,40.590145111083984,12.845473289489746,1.4759222269058228,-0.8314761519432068,8982
3861,41965,0.27132540941238403,0.30652719736099243,-39.33088302612305,0.00953300204128027,0.7259598970413208,-9.0,9.0,38.87604522705078,11.630387306213379,1.4808807373046875,-0.7561770677566528,8983
3862,41965,0.6087687015533447,0.5644912719726562,-39.74913787841797,0.009533816017210484,0.3548330068588257,-9.0,9.0,39.005863189697266,12.236607551574707,1.4515022039413452,-0.7846040725708008,8984
3863,41965,0.6446304321289062,0.5061653852462769,-40.39046096801758,0.00953366607427597,-2.7828917503356934,-9.0,9.0,39.75506591796875,13.127693176269531,1.3963466882705688,-0.8073264360427856,8985
3864,41965,0.5408431887626648,0.5179178714752197,-40.82798385620117,0.009533979929983616,1.408724069595337,-9.0,9.0,40.211368560791016,13.14322566986084,1.4689931869506836,-0.8148531317710876,8986
3865,41965,0.5808998942375183,0.5283929705619812,-41.04054260253906,0.00953373871743679,-1.6544779539108276,-9.0,9.0,40.45534133911133,13.335020065307617,1.4071260690689087,-0.8417345881462097,8987
3866,41965,0.27021610736846924,0.24255672097206116,-39.549015045166016,0.00953384768217802,1.0338435173034668,-9.0,9.0,38.980403900146484,12.304304122924805,1.4788124561309814,-0.7357673048973083,8988
3867,41965,0.2752301096916199,0.3044052720069885,-38.55010223388672,0.009534243494272232,0.9426369667053223,-9.0,9.0,38.01531219482422,11.34741497039795,1.5016170740127563,-0.7186146378517151,8989
3868,41965,0.3695964813232422,0.40614989399909973,-40.08097457885742,0.009535557590425014,3.0221667289733887,-9.0,9.0,39.37055969238281,11.671080589294434,1.525243878364563,-0.7619869112968445,8990
3869,41965,0.34223175048828125,0.32829469442367554,-40.348175048828125,0.009538212791085243,6.048257827758789,-9.0,9.0,39.715816497802734,12.421815872192383,1.5665029287338257,-0.7495964765548706,8991
3870,41965,0.720329225063324,0.6375008821487427,-39.9719352722168,0.009541196748614311,1.8681477308273315,-9.0,9.0,39.442535400390625,11.695818901062012,1.5112764835357666,-0.7663100957870483,8992
3871,41965,0.4046412706375122,0.4402477741241455,-39.73765563964844,0.0095435855910182,-0.9326951503753662,-9.0,9.0,39.18772888183594,12.451665878295898,1.4868276119232178,-0.749928891658783,8993
3872,41965,0.29798489809036255,0.3077465295791626,-38.96337127685547,0.009545551612973213,-0.5913946628570557,-9.0,9.0,38.370361328125,11.004201889038086,1.4580347537994385,-0.746031641960144,8994
3873,41965,0.35839077830314636,0.3497934341430664,-39.738582611083984,0.009547427296638489,0.32758209109306335,-9.0,9.0,38.93600845336914,12.1273832321167,1.4752806425094604,-0.7497249841690063,8995
3874,41965,0.5373936891555786,0.3972741961479187,-40.360382080078125,0.009549339301884174,0.704412579536438,-9.0,9.0,39.84295654296875,13.289462089538574,1.4619166851043701,-0.795961320400238,8996
3875,41965,0.3996821641921997,0.302747905254364,-39.813175201416016,0.009551280178129673,0.6877153515815735,-9.0,9.0,39.464908599853516,11.256940841674805,1.4955111742019653,-0.7347040176391602,8997
3876,41965,0.3575820326805115,0.2896016836166382,-40.227359771728516,0.009553967043757439,2.950657606124878,-9.0,9.0,39.59864044189453,12.156060218811035,1.5189850330352783,-0.7421433329582214,8998
3877,41965,0.4689539670944214,0.3709062933921814,-40.39460372924805,0.009557202458381653,2.5625052452087402,-9.0,9.0,39.506168365478516,11.994507789611816,1.538376808166504,-0.7362675070762634,8999
3878,41965,0.278287798166275,0.28483280539512634,-40.447906494140625,0.009559622034430504,-1.538571834564209,-9.0,9.0,39.715877532958984,12.001975059509277,1.4616304636001587,-0.764581024646759,9000
3879,41965,0.4347052574157715,0.4251372814178467,-40.51932907104492,0.009562093764543533,0.9082208275794983,-9.0,9.0,40.0538215637207,13.517794609069824,1.464479684829712,-0.7762721180915833,9001
3880,41965,0.9053346514701843,0.772320568561554,-40.26707458496094,0.009564222767949104,-0.308757483959198,-9.0,9.0,39.91143798828125,12.444711685180664,1.4470432996749878,-0.7858297228813171,9002
3881,41965,0.44945088028907776,0.3951655626296997,-40.3798942565918,0.009566348046064377,0.6504071354866028,-9.0,9.0,39.515464782714844,11.375116348266602,1.486155390739441,-0.7583103179931641,9003
3882,41965,0.5340889096260071,0.6366283893585205,-41.05978775024414,0.00956974271684885,5.965600490570068,-9.0,9.0,40.137115478515625,13.314889907836914,1.5946537256240845,-0.7421731948852539,9004
3883,41965,0.4277351200580597,0.514227032661438,-40.06102752685547,0.009573166258633137,1.1515089273452759,-9.0,9.0,39.47675323486328,13.695974349975586,1.5223318338394165,-0.7418789267539978,9005
3884,41965,11.007513999938965,11.227185249328613,-40.50550842285156,0.009576951153576374,2.198058605194092,-9.0,9.0,39.91511535644531,13.543049812316895,1.5192214250564575,-0.7572898864746094,9006
3885,41965,0.6210659742355347,0.7135002613067627,-39.457862854003906,0.009579673409461975,-2.155411958694458,-9.0,9.0,39.33308410644531,12.437219619750977,1.4570740461349487,-0.7551884055137634,9007
3886,41965,0.6726682782173157,0.733779788017273,-39.82939529418945,0.009582514874637127,1.22343111038208,-9.0,9.0,39.38751220703125,12.862409591674805,1.4972962141036987,-0.7673341035842896,9008
3887,41965,0.7548445463180542,0.8438953757286072,-41.489646911621094,0.009585535153746605,1.4393501281738281,-9.0,9.0,40.27109146118164,11.928022384643555,1.506062626838684,-0.7641249895095825,9009
3888,41965,0.4710885286331177,0.5654668807983398,-40.64199447631836,0.009588886052370071,1.9712719917297363,-9.0,9.0,39.6826171875,12.088501930236816,1.488896369934082,-0.7902292013168335,9010
3889,41965,0.5318295955657959,0.5003853440284729,-38.87109375,0.009593390859663486,5.571290016174316,-9.0,9.0,38.5451545715332,12.105579376220703,1.572906732559204,-0.7317871451377869,9011
3890,41965,0.5600924491882324,0.6764726638793945,-38.28309631347656,0.009597898460924625,1.404861569404602,-9.0,9.0,38.24053955078125,10.420207977294922,1.504894495010376,-0.7443425059318542,9012
3891,41965,0.35330522060394287,0.38361018896102905,-40.79429244995117,0.00960302073508501,3.310485601425171,-9.0,9.0,40.299495697021484,12.972756385803223,1.4896639585494995,-0.7992376089096069,9013
3892,41965,2.0060274600982666,1.8752869367599487,-41.64255142211914,0.009608966298401356,4.15720272064209,-9.0,9.0,40.3785514831543,14.32808780670166,1.4933122396469116,-0.8348706364631653,9014
3893,41965,0.2801099717617035,0.43664494156837463,-39.83089065551758,0.009614475071430206,0.47142714262008667,-9.0,9.0,38.964073181152344,11.631950378417969,1.4947530031204224,-0.7673341631889343,9015
3894,41965,0.6670781970024109,0.6290048360824585,-39.239227294921875,0.009620923548936844,6.426579475402832,-9.0,9.0,39.02214431762695,12.189044952392578,1.586150884628296,-0.769952118396759,9016
3895,41965,1.2777878046035767,1.3575654029846191,-41.099491119384766,0.009628220461308956,5.4720964431762695,-9.0,9.0,40.9137077331543,13.732743263244629,1.5529969930648804,-0.8180942535400391,9017
3896,41965,0.9151808619499207,0.7978281378746033,-40.77600860595703,0.009636281058192253,6.976378917694092,-9.0,9.0,39.80120086669922,12.536203384399414,1.5876290798187256,-0.7840672135353088,9018
3897,41965,1.5586750507354736,1.4749832153320312,-40.38701629638672,0.009645028971135616,6.721739292144775,-9.0,9.0,39.33868408203125,13.232287406921387,1.561977505683899,-0.7846917510032654,9019
3898,41965,0.7289448976516724,0.6999668478965759,-39.3843994140625,0.00965389609336853,3.06449556350708,-9.0,9.0,38.7845344543457,12.057336807250977,1.5395104885101318,-0.7697018384933472,9020
3899,41965,0.7511422634124756,0.7260085940361023,-39.754966735839844,0.009662553668022156,2.069587230682373,-9.0,9.0,39.5985221862793,12.240629196166992,1.5063718557357788,-0.794953465461731,9021
3900,41965,0.6498590111732483,0.6275546550750732,-40.558021545410156,0.009671680629253387,4.123727321624756,-9.0,9.0,40.26717758178711,12.563663482666016,1.547708511352539,-0.8067216277122498,9022
3901,41965,0.566933274269104,0.5019192695617676,-41.383121490478516,0.009681393392384052,6.474358081817627,-9.0,9.0,40.601966857910156,13.178853034973145,1.5355215072631836,-0.8034974336624146,9023
3902,41965,0.7120634913444519,0.7507138848304749,-42.22980880737305,0.009691638872027397,8.310745239257812,-9.0,9.0,41.10933303833008,13.074345588684082,1.5836907625198364,-0.8081278204917908,9024
3903,41965,0.9587350487709045,0.9147207140922546,-41.649497985839844,0.009702356532216072,5.090059280395508,-9.0,9.0,41.006927490234375,12.594264030456543,1.5352143049240112,-0.8158043026924133,9025
3904,41965,0.7708002328872681,0.8689883351325989,-40.11779022216797,0.009713095612823963,3.3381285667419434,-9.0,9.0,39.9406623840332,12.998161315917969,1.5194027423858643,-0.795353889465332,9026
3905,41965,0.6984890699386597,0.7441419959068298,-39.27287292480469,0.00972393061965704,3.579559326171875,-9.0,9.0,38.97772216796875,12.474933624267578,1.5535012483596802,-0.7272340655326843,9027
3906,41965,0.6752310395240784,0.5981468558311462,-39.486717224121094,0.00973457284271717,2.7172858715057373,-9.0,9.0,38.71906280517578,12.098603248596191,1.528980016708374,-0.7677422165870667,9028
3907,41965,0.6816275119781494,0.6913210153579712,-40.958553314208984,0.009745659306645393,5.218196392059326,-9.0,9.0,39.91081237792969,12.034001350402832,1.54824960231781,-0.7688446640968323,9029
3908,41965,0.4964575171470642,0.3802240788936615,-39.156639099121094,0.009756181389093399,1.631003499031067,-9.0,9.0,38.59230422973633,11.36940860748291,1.4993484020233154,-0.7353387475013733,9030
3909,41965,1.3934011459350586,1.1804373264312744,-39.14653778076172,0.009765629656612873,-0.11136332154273987,-9.0,9.0,39.20317459106445,11.653193473815918,1.4624626636505127,-0.7510977387428284,9031
3910,41965,0.6876234412193298,0.6269426941871643,-41.180877685546875,0.009774984791874886,2.577934980392456,-9.0,9.0,40.700584411621094,13.003246307373047,1.5367199182510376,-0.7783899903297424,9032
3911,41965,0.7535651922225952,0.6043707132339478,-41.10408020019531,0.009784115478396416,2.1536097526550293,-9.0,9.0,40.454227447509766,12.11108112335205,1.5193134546279907,-0.7721338272094727,9033
3912,41965,0.6792396306991577,0.6542494893074036,-39.790061950683594,0.009791148826479912,-3.6422977447509766,-9.0,9.0,39.15258026123047,13.43919849395752,1.4155107736587524,-0.7595898509025574,9034
3913,41965,0.4490740895271301,0.41913819313049316,-40.01305389404297,0.009798294864594936,2.483091115951538,-9.0,9.0,39.24065399169922,13.033876419067383,1.4928921461105347,-0.7724488973617554,9035
3914,41965,0.6342271566390991,0.6771802306175232,-41.411346435546875,0.009804908186197281,0.5310366153717041,-9.0,9.0,40.68891525268555,12.423946380615234,1.4868888854980469,-0.7603724598884583,9036
3915,41965,0.7027908563613892,0.6731964945793152,-39.237030029296875,0.009810997173190117,0.388013631105423,-9.0,9.0,38.85975646972656,12.257132530212402,1.514435887336731,-0.7098039984703064,9037
3916,41965,0.5427884459495544,0.5150461196899414,-39.36516571044922,0.009817230515182018,2.2806339263916016,-9.0,9.0,38.82881546020508,12.235504150390625,1.5201056003570557,-0.7361472249031067,9038
3917,41965,0.6840671300888062,0.6272357702255249,-41.36107635498047,0.009823997505009174,3.5106523036956787,-9.0,9.0,40.46533966064453,12.60725212097168,1.5427563190460205,-0.7301293015480042,9039
3918,41965,0.8596834540367126,0.7625567317008972,-41.09000015258789,0.009830168448388577,0.22286245226860046,-9.0,9.0,40.2437629699707,12.917742729187012,1.4816492795944214,-0.7532094120979309,9040
3919,41965,0.4736490845680237,0.47767573595046997,-41.18057632446289,0.009836869314312935,3.483715534210205,-9.0,9.0,40.5298957824707,12.871323585510254,1.5500097274780273,-0.727713406085968,9041
3920,41965,0.5224931836128235,0.5163941979408264,-41.320594787597656,0.009844424203038216,5.5295796394348145,-9.0,9.0,40.916221618652344,12.500588417053223,1.5754737854003906,-0.739255964756012,9042
3921,41965,0.6818841695785522,0.7044686675071716,-40.659324645996094,0.009851453825831413,0.6800289750099182,-9.0,9.0,40.09638595581055,13.203756332397461,1.5093227624893188,-0.7281904220581055,9043
3922,41965,0.38644570112228394,0.34742045402526855,-38.99308776855469,0.009858313947916031,1.5875370502471924,-9.0,9.0,38.298580169677734,11.203414916992188,1.5335443019866943,-0.6831766963005066,9044
3923,41965,0.4111862778663635,0.4374103546142578,-39.779232025146484,0.009866012260317802,5.272749423980713,-9.0,9.0,39.149940490722656,11.611891746520996,1.6374664306640625,-0.6580533385276794,9045
3924,41965,0.5745683312416077,0.5804150104522705,-40.2440299987793,0.00987438578158617,4.369909763336182,-9.0,9.0,39.979373931884766,12.46294116973877,1.5770374536514282,-0.7221585512161255,9046
3925,41965,3.3568170070648193,3.529085159301758,-39.552711486816406,0.009883448481559753,5.619765281677246,-9.0,9.0,39.23712921142578,12.530304908752441,1.6152695417404175,-0.6828822493553162,9047
3926,41965,0.6795291900634766,0.49052345752716064,-40.84931564331055,0.009892459027469158,2.5477256774902344,-9.0,9.0,40.02852249145508,12.423707962036133,1.5571057796478271,-0.7192639708518982,9048
3927,41965,0.35081493854522705,0.45839542150497437,-40.56867599487305,0.00990209635347128,8.189811706542969,-9.0,9.0,39.748390197753906,13.05569076538086,1.6448802947998047,-0.6897335052490234,9049
3928,41965,0.67792809009552,0.5782431960105896,-41.631160736083984,0.009912299923598766,8.220870971679688,-9.0,9.0,41.369659423828125,13.914281845092773,1.6512126922607422,-0.7246950268745422,9050
3929,41965,0.5006733536720276,0.5304838418960571,-39.43721389770508,0.009923016652464867,6.550263404846191,-9.0,9.0,39.39564895629883,11.563363075256348,1.6377805471420288,-0.6739609837532043,9051
3930,41965,0.4345647096633911,0.40131717920303345,-40.927947998046875,0.009934194386005402,5.976247787475586,-9.0,9.0,40.353614807128906,13.233351707458496,1.5983151197433472,-0.7092061638832092,9052
3931,41965,0.6348685622215271,0.585291862487793,-41.65709686279297,0.009945778176188469,4.582059860229492,-9.0,9.0,40.705448150634766,13.64548110961914,1.5888328552246094,-0.7329277992248535,9053
3932,41965,0.41722947359085083,0.4380591809749603,-40.06320571899414,0.009957707487046719,4.501876354217529,-9.0,9.0,39.398536682128906,12.161613464355469,1.6156448125839233,-0.6886171698570251,9054
3933,41965,0.6692447662353516,0.8418189883232117,-39.992942810058594,0.009969780221581459,3.990605354309082,-9.0,9.0,39.60358810424805,12.13400650024414,1.6113078594207764,-0.6818033456802368,9055
3934,41965,0.31508708000183105,0.4759134352207184,-40.75250244140625,0.009981539100408554,2.645113945007324,-9.0,9.0,40.27043533325195,13.248863220214844,1.56697678565979,-0.7073675394058228,9056
3935,41965,0.32069796323776245,0.30763936042785645,-40.54199981689453,0.009993663989007473,5.7551069259643555,-9.0,9.0,39.83712387084961,11.759785652160645,1.6232072114944458,-0.6839075684547424,9057
3936,41965,0.488393634557724,0.47106337547302246,-41.169368743896484,0.010005107149481773,1.5442454814910889,-9.0,9.0,40.29571533203125,13.04443073272705,1.5462075471878052,-0.7062731981277466,9058
3937,41965,0.44492772221565247,0.42328745126724243,-40.59812545776367,0.010016735643148422,3.9593870639801025,-9.0,9.0,39.84033966064453,12.74325942993164,1.580014944076538,-0.7135905027389526,9059
3938,41965,0.49783170223236084,0.4254649877548218,-39.95668411254883,0.010026766918599606,-1.344869613647461,-9.0,9.0,39.430816650390625,12.52197551727295,1.5133635997772217,-0.6847899556159973,9060
3939,41965,1.5366085767745972,1.161545991897583,-39.52289581298828,0.010035577230155468,-0.685861349105835,-9.0,9.0,39.22022247314453,13.681849479675293,1.4698883295059204,-0.7296428084373474,9061
3940,41965,0.509020984172821,0.5145809054374695,-40.552978515625,0.010044836439192295,3.9397685527801514,-9.0,9.0,39.70328903198242,12.374293327331543,1.59032142162323,-0.7260742783546448,9062
3941,41965,0.42822059988975525,0.383766233921051,-40.182884216308594,0.010053806938230991,1.8785895109176636,-9.0,9.0,39.35914993286133,12.394701957702637,1.5517288446426392,-0.7063330411911011,9063
3942,41965,0.29174378514289856,0.3153858184814453,-40.002532958984375,0.010062501765787601,1.8078655004501343,-9.0,9.0,39.475807189941406,11.900589942932129,1.5607147216796875,-0.7150287628173828,9064
3943,41965,0.4373716711997986,0.36044496297836304,-38.92536163330078,0.01007065735757351,0.9512028694152832,-9.0,9.0,38.65754699707031,11.844565391540527,1.538640022277832,-0.7069498300552368,9065
3944,41965,0.2541598677635193,0.28208956122398376,-39.017845153808594,0.010078959167003632,2.8316524028778076,-9.0,9.0,38.482025146484375,11.998540878295898,1.5586105585098267,-0.7162190079689026,9066
3945,41965,0.524053692817688,0.5381779074668884,-41.933677673339844,0.010087545961141586,3.293107032775879,-9.0,9.0,41.2682991027832,13.742900848388672,1.5298823118209839,-0.7663887739181519,9067
3946,41965,0.3797151446342468,0.43170875310897827,-41.806007385253906,0.010096829384565353,6.07308292388916,-9.0,9.0,41.16583251953125,12.684947967529297,1.5957462787628174,-0.7716205716133118,9068
3947,41965,0.46980366110801697,0.42164263129234314,-41.498695373535156,0.010106737725436687,4.642480850219727,-9.0,9.0,41.114986419677734,14.162575721740723,1.5361731052398682,-0.8179076910018921,9069
3948,41965,0.655159592628479,0.6607831716537476,-40.67313003540039,0.010117215104401112,4.893594264984131,-9.0,9.0,40.1854248046875,11.955657005310059,1.5672112703323364,-0.7660694718360901,9070
3949,41965,0.5697364211082458,0.5338411331176758,-40.4915657043457,0.010126984678208828,0.9703661203384399,-9.0,9.0,39.88052749633789,13.722668647766113,1.5273287296295166,-0.7562330365180969,9071
3950,41965,0.5256236791610718,0.49278882145881653,-41.892513275146484,0.010137338191270828,6.084805488586426,-9.0,9.0,40.97121810913086,14.346354484558105,1.5628337860107422,-0.7850186228752136,9072
3951,41965,0.35399383306503296,0.33149152994155884,-40.49698257446289,0.010147624649107456,2.831287384033203,-9.0,9.0,39.896400451660156,14.166205406188965,1.5210562944412231,-0.7960532903671265,9073
3952,41965,0.6898030042648315,0.6042652726173401,-40.429786682128906,0.010157093405723572,0.5852130055427551,-9.0,9.0,40.27096176147461,13.314024925231934,1.5045356750488281,-0.7948738932609558,9074
3953,41965,0.45438799262046814,0.44041532278060913,-40.20542526245117,0.010167182423174381,6.564383029937744,-9.0,9.0,39.82350540161133,13.086965560913086,1.6142852306365967,-0.7740116119384766,9075
3954,41965,0.42556384205818176,0.4131653308868408,-40.8343620300293,0.010177824646234512,4.61973762512207,-9.0,9.0,39.980308532714844,12.394503593444824,1.531995415687561,-0.799285888671875,9076
3955,41965,0.6766557693481445,0.5700114965438843,-41.91443634033203,0.010188589803874493,3.467088222503662,-9.0,9.0,40.94004821777344,12.77722454071045,1.5220197439193726,-0.7998300194740295,9077
3956,41965,0.42347902059555054,0.3941517770290375,-38.977684020996094,0.010199847631156445,4.609963417053223,-9.0,9.0,38.54806137084961,11.437278747558594,1.5814622640609741,-0.7343115210533142,9078
3957,41965,0.3711164593696594,0.44045597314834595,-41.29142379760742,0.010211546905338764,6.1701507568359375,-9.0,9.0,40.87486267089844,13.873028755187988,1.5706738233566284,-0.7919029593467712,9079
3958,41965,0.35224804282188416,0.3433547019958496,-39.793983459472656,0.01022364478558302,6.448235034942627,-9.0,9.0,39.30767059326172,12.392743110656738,1.6111156940460205,-0.7614602446556091,9080
3959,41965,0.6314901113510132,0.654807448387146,-41.09178161621094,0.01023610308766365,5.381197929382324,-9.0,9.0,40.435455322265625,12.389327049255371,1.5542184114456177,-0.7824814915657043,9081
3960,41965,0.4613904654979706,0.38871967792510986,-40.78218460083008,0.010248889215290546,7.09475564956665,-9.0,9.0,39.91771697998047,11.89513111114502,1.603013277053833,-0.7821098566055298,9082
3961,41965,0.5071292519569397,0.7271466255187988,-41.443721771240234,0.010261730290949345,3.867201328277588,-9.0,9.0,41.05683898925781,13.396310806274414,1.5149555206298828,-0.8335402607917786,9083
3962,41965,0.5550845861434937,0.65012127161026,-39.98784637451172,0.010274862870573997,6.168617248535156,-9.0,9.0,39.47924041748047,12.132552146911621,1.6120086908340454,-0.7607135772705078,9084
3963,41965,11.874080657958984,11.663241386413574,-40.12355422973633,0.010287760756909847,3.1031277179718018,-9.0,9.0,39.27154541015625,12.537787437438965,1.5266542434692383,-0.7754248380661011,9085
3964,41965,0.4486766457557678,0.47580334544181824,-39.03938674926758,0.010299796238541603,1.1872929334640503,-9.0,9.0,38.75861358642578,12.839462280273438,1.5011975765228271,-0.7691394090652466,9086
3965,41965,0.9216489791870117,0.6658670902252197,-39.42946243286133,0.01031174324452877,3.1961593627929688,-9.0,9.0,39.02884292602539,12.284904479980469,1.5366359949111938,-0.76661616563797,9087
3966,41965,0.4196503162384033,0.48016664385795593,-41.15502166748047,0.01032407209277153,5.4769463539123535,-9.0,9.0,40.443912506103516,11.368566513061523,1.5992270708084106,-0.7541912794113159,9088
3967,41965,0.5164219737052917,0.5325861573219299,-40.065513610839844,0.010335632599890232,1.2962888479232788,-9.0,9.0,39.320472717285156,12.026251792907715,1.50502610206604,-0.7426319718360901,9089
3968,41965,0.48146480321884155,0.5545368194580078,-40.875953674316406,0.010346855968236923,2.3321115970611572,-9.0,9.0,40.1870231628418,12.474161148071289,1.521573781967163,-0.7852449417114258,9090
3969,41965,0.4169614315032959,0.5014458894729614,-40.11112594604492,0.0103584174066782,4.196157932281494,-9.0,9.0,39.7089729309082,12.783916473388672,1.5670795440673828,-0.7639409303665161,9091
3970,41965,0.5949827432632446,0.6216062307357788,-41.81869125366211,0.0103704072535038,5.422029495239258,-9.0,9.0,41.3890266418457,13.85306453704834,1.5231215953826904,-0.8183628916740417,9092
3971,41965,0.3809780180454254,0.40026241540908813,-41.50349426269531,0.010382410138845444,3.466999053955078,-9.0,9.0,40.748382568359375,12.530451774597168,1.5439866781234741,-0.7872905731201172,9093
3972,41965,0.429960697889328,0.513139545917511,-41.134796142578125,0.01039364468306303,1.1949522495269775,-9.0,9.0,40.4938850402832,12.239367485046387,1.5322612524032593,-0.7615847587585449,9094
3973,41965,0.5037301778793335,0.46670496463775635,-40.09772491455078,0.010404503904283047,2.1058356761932373,-9.0,9.0,39.725364685058594,13.50865364074707,1.528268814086914,-0.7444654107093811,9095
3974,41965,0.8238099217414856,1.0423039197921753,-41.472900390625,0.010415688157081604,4.044081687927246,-9.0,9.0,41.49714660644531,14.511533737182617,1.5515155792236328,-0.7749509215354919,9096
3975,41965,0.5365532636642456,0.5624851584434509,-40.086936950683594,0.010425884276628494,0.3352559208869934,-9.0,9.0,39.51277542114258,12.238687515258789,1.5434324741363525,-0.712074339389801,9097
3976,41965,0.6490041017532349,0.8230940103530884,-41.95192337036133,0.01043647900223732,4.049155235290527,-9.0,9.0,41.005958557128906,14.019701957702637,1.543255090713501,-0.7641444206237793,9098
3977,41965,0.4357543885707855,0.43293267488479614,-41.098968505859375,0.010446292348206043,0.7570914030075073,-9.0,9.0,40.485206604003906,12.161688804626465,1.5104551315307617,-0.7528080940246582,9099
3978,41965,0.982527494430542,0.7476291656494141,-39.70343780517578,0.010455591604113579,1.289533257484436,-9.0,9.0,39.36885070800781,13.480536460876465,1.5371366739273071,-0.7204778790473938,9100
3979,41965,0.6992931365966797,0.7116407752037048,-41.18197250366211,0.01046453882008791,1.6317226886749268,-9.0,9.0,40.7276725769043,13.275115013122559,1.525278925895691,-0.74968022108078,9101
3980,41965,0.6783613562583923,0.5518036484718323,-42.55133056640625,0.010473350062966347,2.1228384971618652,-9.0,9.0,41.69271469116211,13.07508659362793,1.5227786302566528,-0.7569671273231506,9102
3981,41965,0.9387722015380859,1.0006651878356934,-41.86519241333008,0.010481453500688076,0.4752079248428345,-9.0,9.0,41.13644790649414,13.68039608001709,1.5114209651947021,-0.7328255772590637,9103
3982,41965,0.7309865951538086,0.5865837335586548,-42.233489990234375,0.01048961840569973,2.455101728439331,-9.0,9.0,41.78703689575195,13.877032279968262,1.5560016632080078,-0.7421606779098511,9104
3983,41965,0.29689186811447144,0.2825975716114044,-42.20762252807617,0.010498340241611004,3.8906331062316895,-9.0,9.0,41.68820571899414,12.057247161865234,1.515817642211914,-0.7782458662986755,9105
3984,41965,0.5196105241775513,0.4145587384700775,-41.40424728393555,0.010507189668715,2.8169872760772705,-9.0,9.0,40.65739440917969,12.49374771118164,1.5618942975997925,-0.7238625288009644,9106
3985,41965,0.5371285080909729,0.5592519044876099,-41.56675338745117,0.010515815578401089,1.8524250984191895,-9.0,9.0,40.788597106933594,14.57689094543457,1.5304367542266846,-0.7387507557868958,9107
3986,41965,0.48862072825431824,0.5337233543395996,-41.13215637207031,0.010523640550673008,0.14387574791908264,-9.0,9.0,40.31598663330078,13.018834114074707,1.5036340951919556,-0.7517533898353577,9108
3987,41965,0.6459570527076721,0.5780208706855774,-42.293365478515625,0.010532064363360405,3.8912549018859863,-9.0,9.0,41.757591247558594,12.717442512512207,1.5701789855957031,-0.7598149180412292,9109
3988,41965,0.3972383439540863,0.45295631885528564,-42.166988372802734,0.010541259311139584,6.415791034698486,-9.0,9.0,41.60424041748047,13.195356369018555,1.5923643112182617,-0.7385103106498718,9110
3989,41965,0.3427082300186157,0.39469099044799805,-41.791343688964844,0.010551145300269127,5.897312641143799,-9.0,9.0,40.988197326660156,14.119060516357422,1.5869630575180054,-0.7461579442024231,9111
3990,41965,0.3113498389720917,0.4596347212791443,-40.763511657714844,0.010560608468949795,1.555793285369873,-9.0,9.0,39.9339714050293,14.065357208251953,1.4990651607513428,-0.7719721794128418,9112
3991,41965,0.7737149596214294,0.6923990845680237,-43.10965347290039,0.010570740327239037,5.524255275726318,-9.0,9.0,42.75104522705078,14.808589935302734,1.5596544742584229,-0.8227733373641968,9113
3992,41965,0.5202495455741882,0.7430557012557983,-39.990535736083984,0.010581295005977154,4.043311595916748,-9.0,9.0,39.62957763671875,12.85049057006836,1.5758601427078247,-0.7361869812011719,9114
3993,41965,0.8131788969039917,0.6811823844909668,-41.830406188964844,0.010592416860163212,6.420820713043213,-9.0,9.0,41.044708251953125,13.665916442871094,1.6156291961669922,-0.756466805934906,9115
3994,41965,0.4619460105895996,0.5054322481155396,-42.550289154052734,0.010604044422507286,6.974782943725586,-9.0,9.0,41.59454345703125,13.97019100189209,1.6095283031463623,-0.7497552037239075,9116
3995,41965,0.5265833735466003,0.3767470121383667,-40.486854553222656,0.010616065934300423,4.3571977615356445,-9.0,9.0,40.129966735839844,13.032304763793945,1.5890767574310303,-0.7478400468826294,9117
3996,41965,0.3823482096195221,0.3394414484500885,-41.84775161743164,0.010628505609929562,5.602390766143799,-9.0,9.0,41.57884216308594,13.334175109863281,1.589577317237854,-0.7574740052223206,9118
3997,41965,0.6790568828582764,0.7195203900337219,-40.26393127441406,0.010641325265169144,6.491987228393555,-9.0,9.0,39.64690399169922,12.249125480651855,1.585741400718689,-0.7308719754219055,9119
3998,41965,0.8119131922721863,0.9058467149734497,-42.67919921875,0.010654404759407043,4.302430152893066,-9.0,9.0,41.68309020996094,14.771222114562988,1.5544986724853516,-0.7687459588050842,9120
3999,41965,2.0417394638061523,2.139214038848877,-40.76091384887695,0.010667804628610611,5.457623481750488,-9.0,9.0,40.29228210449219,14.295156478881836,1.5593148469924927,-0.7522024512290955,9121
4000,41965,0.6884117126464844,0.5894460082054138,-41.38957214355469,0.010680382139980793,1.394358515739441,-9.0,9.0,41.08219528198242,14.291833877563477,1.5270792245864868,-0.7583082914352417,9122
4001,41965,0.6379799246788025,0.7204986214637756,-41.209190368652344,0.010692382231354713,1.8505334854125977,-9.0,9.0,40.63732147216797,13.912575721740723,1.5269778966903687,-0.7348136305809021,9123
4002,41965,0.42949509620666504,0.4165259599685669,-41.61329650878906,0.010703814215958118,1.717978596687317,-9.0,9.0,40.962799072265625,13.880821228027344,1.5008536577224731,-0.7644214034080505,9124
4003,41965,0.7439919710159302,0.7267168760299683,-41.81686782836914,0.010714327916502953,0.5930384993553162,-9.0,9.0,41.332210540771484,13.234296798706055,1.499972939491272,-0.7727786898612976,9125
4004,41965,0.31332623958587646,0.30452069640159607,-40.308773040771484,0.010723421350121498,-1.0662095546722412,-9.0,9.0,40.01909255981445,11.925332069396973,1.5327030420303345,-0.7002414464950562,9126
4005,41965,0.5288910269737244,0.5900808572769165,-40.77505874633789,0.01073197927325964,1.0028334856033325,-9.0,9.0,40.253475189208984,12.143684387207031,1.5388686656951904,-0.7259318232536316,9127
4006,41965,0.3327745199203491,0.3711167275905609,-41.634307861328125,0.01073969341814518,0.010762274265289307,-9.0,9.0,41.02629852294922,14.703357696533203,1.4832993745803833,-0.7520740628242493,9128
4007,41965,0.5116260051727295,0.5169156789779663,-40.2470817565918,0.01074699405580759,0.9712716341018677,-9.0,9.0,39.36566162109375,12.839656829833984,1.5460529327392578,-0.7117764353752136,9129
4008,41965,0.42344528436660767,0.3717525005340576,-42.222991943359375,0.010754396207630634,2.276515483856201,-9.0,9.0,41.7830810546875,11.86121654510498,1.545150637626648,-0.7491429448127747,9130
4009,41965,0.47443801164627075,0.43861547112464905,-40.82506561279297,0.010761305689811707,0.6642091274261475,-9.0,9.0,40.42433547973633,13.03231430053711,1.5040501356124878,-0.7294970750808716,9131
4010,41965,0.6092727184295654,0.5508096218109131,-41.04320526123047,0.010767024010419846,-1.3947978019714355,-9.0,9.0,40.5648193359375,13.76680850982666,1.450875997543335,-0.7168859839439392,9132
4011,41965,0.6570536494255066,0.56217360496521,-41.53064727783203,0.01077209785580635,-0.22006237506866455,-9.0,9.0,40.774166107177734,14.023303031921387,1.4850351810455322,-0.7386530637741089,9133
4012,41965,0.44384878873825073,0.6116191148757935,-42.95695495605469,0.010776732116937637,0.18230557441711426,-9.0,9.0,42.044921875,14.849352836608887,1.4852721691131592,-0.7709483504295349,9134
4013,41965,0.43095827102661133,0.3733881711959839,-40.80646514892578,0.01077998522669077,-2.528139591217041,-9.0,9.0,40.39265441894531,12.740507125854492,1.4817664623260498,-0.7032607793807983,9135
4014,41965,0.6145188212394714,0.540720522403717,-41.6871337890625,0.010783378034830093,1.2623770236968994,-9.0,9.0,41.27455139160156,13.538211822509766,1.5380383729934692,-0.7126607298851013,9136
4015,41965,1.0269585847854614,0.8566917777061462,-40.59660339355469,0.010785790160298347,-1.761613130569458,-9.0,9.0,40.03522491455078,14.441372871398926,1.4936124086380005,-0.6837236285209656,9137
4016,41965,0.7761135101318359,0.7947210669517517,-42.4986457824707,0.010786870494484901,-2.9985411167144775,-9.0,9.0,41.517913818359375,13.29730224609375,1.4046519994735718,-0.7787704467773438,9138
4017,41965,0.505456268787384,0.6112717390060425,-40.9254150390625,0.01078723557293415,-1.6564909219741821,-9.0,9.0,40.440948486328125,12.853271484375,1.4994451999664307,-0.7123808264732361,9139
4018,41965,0.5612784624099731,0.4806022346019745,-40.24988555908203,0.010787374339997768,-0.5322644710540771,-9.0,9.0,40.0278205871582,12.297137260437012,1.499019742012024,-0.7271026372909546,9140
4019,41965,0.40989959239959717,0.4679429531097412,-40.0618896484375,0.010787821374833584,0.8875855207443237,-9.0,9.0,39.60082244873047,11.73245906829834,1.5188159942626953,-0.7081628441810608,9141
4020,41965,0.6062281727790833,0.6350685954093933,-40.02186965942383,0.01078797597438097,-0.6766922473907471,-9.0,9.0,39.17958450317383,11.844924926757812,1.5412614345550537,-0.700398862361908,9142
4021,41965,0.5049294829368591,0.4333212971687317,-40.93378829956055,0.010787209495902061,-2.484558582305908,-9.0,9.0,40.31609344482422,12.401813507080078,1.4810411930084229,-0.7349740862846375,9143
4022,41965,0.5517098903656006,0.6325744390487671,-40.84415817260742,0.010786536149680614,0.04996943473815918,-9.0,9.0,40.253379821777344,13.441828727722168,1.5459543466567993,-0.6907616257667542,9144
4023,41965,0.5836386680603027,0.6747428774833679,-40.77733612060547,0.010786191560328007,0.7082113027572632,-9.0,9.0,40.42258071899414,13.349555969238281,1.5206128358840942,-0.7144598960876465,9145
4024,41965,0.4252864122390747,0.46074679493904114,-41.889991760253906,0.010787107050418854,3.363032817840576,-9.0,9.0,41.3287467956543,13.785440444946289,1.533202886581421,-0.7579296827316284,9146
4025,41965,0.34245970845222473,0.3676283359527588,-40.30851745605469,0.01078856736421585,1.7460110187530518,-9.0,9.0,39.78425979614258,11.679712295532227,1.5665104389190674,-0.7166305780410767,9147
4026,41965,0.39017176628112793,0.4251222014427185,-41.837501525878906,0.010791536420583725,6.473278999328613,-9.0,9.0,41.26316833496094,13.26641845703125,1.6098421812057495,-0.7493628263473511,9148
4027,41965,0.3333205282688141,0.3576901853084564,-41.7175407409668,0.010795442387461662,3.3683550357818604,-9.0,9.0,41.162879943847656,15.28821086883545,1.568975567817688,-0.7107919454574585,9149
4028,41965,0.6007372736930847,0.5195258855819702,-42.04878616333008,0.010800612159073353,5.154998779296875,-9.0,9.0,41.60130310058594,13.303481101989746,1.5773667097091675,-0.7637243270874023,9150
4029,41965,0.49948960542678833,0.5005395412445068,-41.20641326904297,0.010806155391037464,2.4268529415130615,-9.0,9.0,40.702884674072266,13.764111518859863,1.5575764179229736,-0.7319612503051758,9151
4030,41965,0.4791381359100342,0.46435949206352234,-40.24303436279297,0.010812763124704361,4.437757968902588,-9.0,9.0,39.61426544189453,12.295896530151367,1.5533790588378906,-0.7346157431602478,9152
4031,41965,0.34497421979904175,0.33499667048454285,-40.798397064208984,0.01081988587975502,3.2028961181640625,-9.0,9.0,40.248443603515625,12.819469451904297,1.558013677597046,-0.73097163438797,9153
4032,41965,0.7539916038513184,0.6004667282104492,-41.64023208618164,0.010827374644577503,2.9290108680725098,-9.0,9.0,41.28218460083008,14.78880786895752,1.560965895652771,-0.7356427907943726,9154
4033,41965,0.4777219891548157,0.3392508327960968,-41.00190734863281,0.01083383522927761,-0.7787444591522217,-9.0,9.0,40.68373107910156,13.045059204101562,1.5202420949935913,-0.7166704535484314,9155
4034,41965,0.7599160671234131,0.8566088080406189,-40.74482345581055,0.010840279050171375,1.6966638565063477,-9.0,9.0,40.22127151489258,13.507261276245117,1.5424383878707886,-0.7137597799301147,9156
4035,41965,0.68393874168396,0.8275105953216553,-42.04985809326172,0.010847735218703747,4.824658393859863,-9.0,9.0,41.13141632080078,11.83739948272705,1.5955145359039307,-0.7319360375404358,9157
4036,41965,0.45319241285324097,0.4214334487915039,-41.67298126220703,0.010854586027562618,0.34808143973350525,-9.0,9.0,41.09684753417969,13.042645454406738,1.520405650138855,-0.7545141577720642,9158
4037,41965,0.7432418465614319,0.8015936613082886,-42.83375549316406,0.010861207731068134,1.2303271293640137,-9.0,9.0,42.58758544921875,15.444131851196289,1.4999321699142456,-0.7748264670372009,9159
4038,41965,0.544302761554718,0.6580818891525269,-41.22392654418945,0.010867331176996231,0.4225398898124695,-9.0,9.0,40.773521423339844,13.583149909973145,1.499682068824768,-0.7521540522575378,9160
4039,41965,0.36688947677612305,0.38804981112480164,-42.15275955200195,0.010873157531023026,0.8417878150939941,-9.0,9.0,41.382530212402344,13.07249641418457,1.5110836029052734,-0.7487848997116089,9161
4040,41965,0.2664320468902588,0.39890480041503906,-38.32457733154297,0.010876859538257122,-4.1783528327941895,-9.0,9.0,37.73175048828125,10.816571235656738,1.4502449035644531,-0.6808720231056213,9162
4041,41965,0.5795080661773682,0.5581194758415222,-41.71249771118164,0.010881150141358376,2.5955862998962402,-9.0,9.0,41.120079040527344,12.923386573791504,1.5682592391967773,-0.7201118469238281,9163
4042,41965,0.47195878624916077,0.5193959474563599,-39.67550277709961,0.010884029790759087,-2.6586267948150635,-9.0,9.0,39.380828857421875,12.878485679626465,1.4634617567062378,-0.706013023853302,9164
4043,41965,0.34509921073913574,0.4035605192184448,-40.98658752441406,0.01088590919971466,-1.9446861743927002,-9.0,9.0,40.54642868041992,13.421399116516113,1.4594510793685913,-0.7332749366760254,9165
4044,41965,0.6798713803291321,0.7205451130867004,-42.336360931396484,0.010888743214309216,3.1006064414978027,-9.0,9.0,41.5940055847168,13.346574783325195,1.5553029775619507,-0.7264212369918823,9166
4045,41965,0.8498007655143738,0.866428017616272,-42.58756637573242,0.010892367921769619,2.9066848754882812,-9.0,9.0,41.804779052734375,13.497354507446289,1.5595111846923828,-0.7395356297492981,9167
4046,41965,1.523582100868225,1.8186182975769043,-41.018028259277344,0.010895916260778904,0.7533665895462036,-9.0,9.0,40.282527923583984,14.57179069519043,1.518251657485962,-0.7123008370399475,9168
4047,41965,0.4200025498867035,0.4079682230949402,-40.6800537109375,0.010899689048528671,1.5654140710830688,-9.0,9.0,40.035400390625,12.056611061096191,1.5223497152328491,-0.7040616869926453,9169
4048,41965,0.7981874346733093,1.16336190700531,-42.392189025878906,0.010903446935117245,0.9658917188644409,-9.0,9.0,42.192848205566406,14.566588401794434,1.5416511297225952,-0.7489126324653625,9170
4049,41965,0.5201322436332703,0.527912437915802,-40.989707946777344,0.010907284915447235,1.2196391820907593,-9.0,9.0,40.55561828613281,14.24951457977295,1.5428754091262817,-0.7177104353904724,9171
4050,41965,0.8103999495506287,1.2025245428085327,-40.12138366699219,0.01091240905225277,4.514712810516357,-9.0,9.0,39.234458923339844,12.810443878173828,1.592376708984375,-0.6742249727249146,9172
4051,41965,0.9443279504776001,1.1664607524871826,-42.72370147705078,0.010918696410953999,4.770598411560059,-9.0,9.0,42.06884765625,15.422711372375488,1.601511836051941,-0.7121104598045349,9173
4052,41965,0.44348135590553284,0.5114841461181641,-41.662132263183594,0.010925794951617718,3.880747079849243,-9.0,9.0,41.310935974121094,14.413470268249512,1.5400047302246094,-0.7378043532371521,9174
4053,41965,0.9995842576026917,0.9130330681800842,-41.556854248046875,0.01093361247330904,3.8456735610961914,-9.0,9.0,41.18434524536133,13.87900161743164,1.5662205219268799,-0.7145496606826782,9175
4054,41965,0.5892508029937744,0.7240318655967712,-41.073524475097656,0.010942327789962292,6.358447074890137,-9.0,9.0,40.55333709716797,12.478374481201172,1.637664794921875,-0.6955677270889282,9176
4055,41965,0.35760682821273804,0.3998279869556427,-41.97966766357422,0.010951640084385872,3.9501450061798096,-9.0,9.0,41.41008377075195,12.526154518127441,1.5774400234222412,-0.7209821939468384,9177
4056,41965,0.8048243522644043,0.5782281160354614,-43.854312896728516,0.010961154475808144,3.0315728187561035,-9.0,9.0,43.20479202270508,15.099505424499512,1.5479981899261475,-0.7513284683227539,9178
4057,41965,0.6369611620903015,0.644268274307251,-41.574012756347656,0.010971256531774998,4.129748344421387,-9.0,9.0,41.27133560180664,12.093202590942383,1.586566686630249,-0.7013096213340759,9179
4058,41965,0.4915545880794525,0.4719407260417938,-39.94129180908203,0.010981201194226742,2.2605068683624268,-9.0,9.0,39.56640625,11.737884521484375,1.5774328708648682,-0.6901001334190369,9180
4059,41965,0.5569939017295837,0.45448848605155945,-39.90516662597656,0.010990729555487633,1.518746018409729,-9.0,9.0,39.44980239868164,12.370408058166504,1.5514966249465942,-0.684887707233429,9181
4060,41965,0.5256186127662659,0.3712732493877411,-41.680145263671875,0.011000052094459534,1.9699528217315674,-9.0,9.0,40.97753143310547,13.25189208984375,1.5675601959228516,-0.6806992292404175,9182
4061,41965,0.8540000319480896,0.886515736579895,-41.86037826538086,0.011008442379534245,-0.025600433349609375,-9.0,9.0,41.530189514160156,14.69204044342041,1.5314244031906128,-0.7049695253372192,9183
4062,41965,0.7143176794052124,0.5932011008262634,-40.33863067626953,0.011016513220965862,1.3635790348052979,-9.0,9.0,39.874088287353516,12.865198135375977,1.5504014492034912,-0.676007091999054,9184
4063,41965,0.5739403963088989,0.39955949783325195,-41.84172058105469,0.011022440157830715,-3.5763707160949707,-9.0,9.0,41.30962371826172,14.267539978027344,1.4788305759429932,-0.6965664029121399,9185
4064,41965,0.462819904088974,0.4907005727291107,-42.207557678222656,0.0110270194709301,-2.017390489578247,-9.0,9.0,41.539878845214844,13.925727844238281,1.495552659034729,-0.7010661959648132,9186
4065,41965,0.6571947932243347,0.604951024055481,-42.24321365356445,0.011030931957066059,-0.5639007687568665,-9.0,9.0,41.69740295410156,13.645271301269531,1.4857112169265747,-0.7252168655395508,9187
4066,41965,1.1028434038162231,1.0779317617416382,-42.799591064453125,0.011033925227820873,-1.4114880561828613,-9.0,9.0,42.66868591308594,14.21594524383545,1.4814823865890503,-0.6992056965827942,9188
4067,41965,0.7313714027404785,0.5042151212692261,-42.40089416503906,0.011036893352866173,0.7167819738388062,-9.0,9.0,41.79716491699219,14.307122230529785,1.5322896242141724,-0.6978648900985718,9189
4068,41965,0.7400694489479065,0.699519693851471,-43.02213668823242,0.011038308963179588,-3.333375930786133,-9.0,9.0,42.423622131347656,13.77656078338623,1.4567668437957764,-0.7405275106430054,9190
4069,41965,0.9089738130569458,0.8779547214508057,-41.329586029052734,0.011038082651793957,-3.987483024597168,-9.0,9.0,40.918312072753906,14.016314506530762,1.4868278503417969,-0.6626033186912537,9191
4070,41965,1.489655613899231,1.8250422477722168,-40.964820861816406,0.011036893352866173,-2.6303648948669434,-9.0,9.0,40.41484069824219,13.542672157287598,1.4418727159500122,-0.710844874382019,9192
4071,41965,0.6733550429344177,0.4700257182121277,-42.177921295166016,0.011034131050109863,-6.2733612060546875,-9.0,9.0,41.22587966918945,12.979096412658691,1.4061920642852783,-0.7064592242240906,9193
4072,41965,0.6240702867507935,0.7423521876335144,-40.964515686035156,0.011030059307813644,-4.226056098937988,-9.0,9.0,40.3857536315918,12.700224876403809,1.4639796018600464,-0.6990250945091248,9194
4073,41965,0.9202958345413208,0.7740787863731384,-40.086669921875,0.011025452986359596,-2.516735076904297,-9.0,9.0,40.167816162109375,13.600730895996094,1.4782743453979492,-0.7215207815170288,9195
4074,41965,0.4470202922821045,0.37229815125465393,-40.534759521484375,0.011020149104297161,-3.0856103897094727,-9.0,9.0,40.28078842163086,13.479289054870605,1.466312050819397,-0.6882738471031189,9196
4075,41965,0.6529794931411743,0.5936625599861145,-42.16765213012695,0.011014002375304699,-3.677196979522705,-9.0,9.0,41.20872116088867,14.812850952148438,1.4460132122039795,-0.7231000661849976,9197
4076,41965,0.5943492650985718,0.40204057097435,-41.92966079711914,0.011008043773472309,-1.1449158191680908,-9.0,9.0,40.92623519897461,13.637968063354492,1.46703040599823,-0.7181821465492249,9198
4077,41965,0.49908700585365295,0.5521156787872314,-42.30287551879883,0.011003288440406322,1.621259093284607,-9.0,9.0,41.770545959472656,12.99992561340332,1.5117119550704956,-0.7522256970405579,9199
4078,41965,0.6205810308456421,0.4083922803401947,-40.02084732055664,0.010999810881912708,2.134507179260254,-9.0,9.0,39.83250427246094,12.916068077087402,1.5124608278274536,-0.7357251048088074,9200
4079,41965,0.43063998222351074,0.3173981308937073,-39.24894332885742,0.010996249504387379,-1.1430704593658447,-9.0,9.0,38.978782653808594,11.570781707763672,1.518087387084961,-0.6938929557800293,9201
4080,41965,0.4976760745048523,0.41919493675231934,-42.14518737792969,0.010994058102369308,2.699307680130005,-9.0,9.0,41.31481170654297,11.924443244934082,1.5616590976715088,-0.7574901580810547,9202
4081,41965,0.8160452842712402,0.6092019081115723,-41.27293395996094,0.010991762392222881,-0.8640467524528503,-9.0,9.0,40.49641418457031,12.577859878540039,1.4585686922073364,-0.7731053233146667,9203
4082,41965,0.5029195547103882,0.5319010019302368,-41.426822662353516,0.01099056750535965,2.3398091793060303,-9.0,9.0,40.94676971435547,13.094895362854004,1.5325204133987427,-0.7703338861465454,9204
4083,41965,0.27787986397743225,0.2765345573425293,-41.098594665527344,0.010990106500685215,1.6317048072814941,-9.0,9.0,40.731101989746094,11.85406494140625,1.5309845209121704,-0.7652528882026672,9205
4084,41965,0.6510670781135559,0.7104536294937134,-41.998619079589844,0.010990950278937817,3.3677115440368652,-9.0,9.0,41.53651428222656,14.39236068725586,1.5315606594085693,-0.7939237952232361,9206
4085,41965,0.6519460082054138,0.6531479358673096,-41.44443893432617,0.010992554016411304,2.2540998458862305,-9.0,9.0,40.77242660522461,12.860692024230957,1.4982831478118896,-0.7953366041183472,9207
4086,41965,0.616477906703949,0.6664528846740723,-41.7563591003418,0.010995683260262012,6.063370227813721,-9.0,9.0,41.03109359741211,13.2345609664917,1.5747305154800415,-0.7870804667472839,9208
4087,41965,0.5772798657417297,0.4981992840766907,-40.23067855834961,0.01099964790046215,3.059476375579834,-9.0,9.0,39.93135452270508,13.699983596801758,1.5447782278060913,-0.7760573029518127,9209
4088,41965,0.4033041000366211,0.3848493695259094,-41.46738052368164,0.011004879139363766,4.44001579284668,-9.0,9.0,41.144893646240234,12.334479331970215,1.572229266166687,-0.7774463891983032,9210
4089,41965,0.7590400576591492,0.604464590549469,-41.40843963623047,0.011011271737515926,5.291024684906006,-9.0,9.0,40.84760665893555,14.279156684875488,1.5713387727737427,-0.7866180539131165,9211
4090,41965,0.7405469417572021,0.5852925181388855,-41.18601608276367,0.011018714867532253,5.056095600128174,-9.0,9.0,40.13527297973633,13.281850814819336,1.561039924621582,-0.7738379240036011,9212
4091,41965,0.68177330493927,0.5434650182723999,-42.72481155395508,0.011027071624994278,4.426767349243164,-9.0,9.0,41.98868179321289,14.188106536865234,1.5656384229660034,-0.8057392239570618,9213
4092,41965,0.718294620513916,0.6802657246589661,-42.46451950073242,0.011036282405257225,6.701723098754883,-9.0,9.0,42.289466857910156,13.716959953308105,1.5808906555175781,-0.824191153049469,9214
4093,41965,0.5198810696601868,0.34113454818725586,-41.60711669921875,0.011046265251934528,5.428472518920898,-9.0,9.0,41.282325744628906,12.99686336517334,1.5650230646133423,-0.8132713437080383,9215
4094,41965,0.5186529159545898,0.5047332048416138,-42.86893081665039,0.011056446470320225,3.1735358238220215,-9.0,9.0,42.068355560302734,13.80135440826416,1.5039130449295044,-0.8170133233070374,9216
4095,41965,0.5134013295173645,0.4609084725379944,-42.47125244140625,0.011066604405641556,2.628298044204712,-9.0,9.0,41.544925689697266,14.302456855773926,1.511682152748108,-0.8068329095840454,9217
4096,41965,1.187916874885559,1.3735730648040771,-41.75716781616211,0.011077444069087505,5.951388835906982,-9.0,9.0,41.17549514770508,14.86089038848877,1.5377191305160522,-0.8022730946540833,9218
4097,41965,0.4464860260486603,0.5453895926475525,-42.041683197021484,0.011088895611464977,7.6706929206848145,-9.0,9.0,41.45921325683594,12.288867950439453,1.5665088891983032,-0.7865641713142395,9219
4098,41965,0.831212043762207,0.8299819231033325,-42.17616271972656,0.011099783703684807,1.5048308372497559,-9.0,9.0,41.20942306518555,12.935298919677734,1.5205296277999878,-0.799498438835144,9220
4099,41965,0.40049654245376587,0.5576552152633667,-41.495296478271484,0.011109425686299801,-0.4479067325592041,-9.0,9.0,40.772254943847656,13.26953125,1.4688512086868286,-0.8040919303894043,9221
4100,41965,0.48397547006607056,0.6056815385818481,-43.44639587402344,0.011119776405394077,4.423274993896484,-9.0,9.0,43.155155181884766,13.930387496948242,1.527990460395813,-0.8263624906539917,9222
4101,41965,0.5078536868095398,0.6737917065620422,-41.405967712402344,0.01112989243119955,2.0934908390045166,-9.0,9.0,40.813446044921875,13.321927070617676,1.519071340560913,-0.7728349566459656,9223
4102,41965,0.6222015023231506,0.6048166155815125,-42.01727294921875,0.011138131842017174,-2.3063743114471436,-9.0,9.0,41.28038787841797,13.767138481140137,1.4302911758422852,-0.7957797050476074,9224
4103,41965,0.853028416633606,1.1123387813568115,-40.64565658569336,0.01114592608064413,0.9749607443809509,-9.0,9.0,39.872108459472656,13.261307716369629,1.469801664352417,-0.751570999622345,9225
4104,41965,0.6712132692337036,0.631641149520874,-41.836639404296875,0.011152311228215694,-1.6861116886138916,-9.0,9.0,41.54134750366211,13.205693244934082,1.4445016384124756,-0.7932232022285461,9226
4105,41965,0.7429989576339722,0.7017688751220703,-41.784080505371094,0.011157965287566185,-0.25420820713043213,-9.0,9.0,41.26570129394531,12.501729011535645,1.4605728387832642,-0.7510166168212891,9227
4106,41965,0.6937296986579895,0.6537128686904907,-42.4510498046875,0.011162121780216694,-2.4605023860931396,-9.0,9.0,41.58663558959961,13.44761848449707,1.444636583328247,-0.7910803556442261,9228
4107,41965,3.269397258758545,3.193021297454834,-42.18706512451172,0.011166193522512913,0.8628835082054138,-9.0,9.0,41.8614387512207,14.056944847106934,1.513128399848938,-0.7445499300956726,9229
4108,41965,0.40855830907821655,0.4265480041503906,-41.64337921142578,0.01116854790598154,-3.446145534515381,-9.0,9.0,41.18647384643555,13.060880661010742,1.440137267112732,-0.745877206325531,9230
4109,41965,0.5762407183647156,0.592300295829773,-42.19807434082031,0.011170368641614914,-0.781802773475647,-9.0,9.0,41.71397399902344,13.985715866088867,1.4694678783416748,-0.7398491501808167,9231
4110,41965,0.6587963104248047,0.6691677570343018,-41.70408248901367,0.011171919293701649,-0.23546510934829712,-9.0,9.0,41.33308792114258,13.376632690429688,1.4982413053512573,-0.6951208710670471,9232
4111,41965,0.4789045453071594,0.617760181427002,-42.72850036621094,0.011173213832080364,-0.27375340461730957,-9.0,9.0,41.84375,13.77487564086914,1.5003852844238281,-0.7276464700698853,9233
4112,41965,0.5337219834327698,0.5533375144004822,-42.551788330078125,0.011174849234521389,1.2330222129821777,-9.0,9.0,42.00123977661133,14.548480033874512,1.5098422765731812,-0.7179393768310547,9234
4113,41965,0.45206791162490845,0.5542004108428955,-41.101966857910156,0.011176587082445621,0.6881651878356934,-9.0,9.0,40.66569137573242,12.985215187072754,1.5385650396347046,-0.6921477913856506,9235
4114,41965,0.4732300341129303,0.46025773882865906,-41.485565185546875,0.0111795449629426,3.6599085330963135,-9.0,9.0,40.87505340576172,12.874690055847168,1.5716724395751953,-0.6954689025878906,9236
4115,41965,0.5136301517486572,0.5498788356781006,-42.622833251953125,0.011183389462530613,3.0990653038024902,-9.0,9.0,41.793800354003906,13.178365707397461,1.5938092470169067,-0.6809408068656921,9237
4116,41965,1.0030920505523682,0.8794070482254028,-43.16381072998047,0.011188114993274212,3.3028392791748047,-9.0,9.0,42.64850616455078,14.083086967468262,1.5693467855453491,-0.7008456587791443,9238
4117,41965,0.38310718536376953,0.3880082368850708,-41.9310188293457,0.011194048449397087,4.4053778648376465,-9.0,9.0,41.32596206665039,13.303857803344727,1.6079185009002686,-0.6796627044677734,9239
4118,41965,0.4654858708381653,0.5131722092628479,-41.526580810546875,0.011201070621609688,4.4059038162231445,-9.0,9.0,40.9210090637207,12.070320129394531,1.6074888706207275,-0.6773543953895569,9240
4119,41965,0.8774339556694031,0.7027565240859985,-42.51081848144531,0.011208715848624706,3.4545578956604004,-9.0,9.0,42.231422424316406,13.439873695373535,1.568170189857483,-0.7141484618186951,9241
4120,41965,0.5208271741867065,0.4587303400039673,-41.24705505371094,0.011217313818633556,7.653669834136963,-9.0,9.0,41.023643493652344,13.872309684753418,1.6345800161361694,-0.6819527745246887,9242
4121,41965,0.5952198505401611,0.575600266456604,-41.66854476928711,0.011226575821638107,3.9824252128601074,-9.0,9.0,41.08400344848633,12.778462409973145,1.5811666250228882,-0.6788628697395325,9243
4122,41965,0.6641414165496826,0.5098410248756409,-42.579856872558594,0.011236628517508507,7.753829479217529,-9.0,9.0,41.8181037902832,13.203856468200684,1.643217921257019,-0.7010051608085632,9244
4123,41965,0.5332032442092896,0.5138826966285706,-42.48097229003906,0.01124739833176136,8.36365795135498,-9.0,9.0,41.78611755371094,13.07331657409668,1.6659079790115356,-0.709578812122345,9245
4124,41965,0.6369370818138123,0.8098252415657043,-41.64511489868164,0.011258811689913273,6.742547035217285,-9.0,9.0,41.400123596191406,13.136417388916016,1.5969620943069458,-0.686773955821991,9246
4125,41965,0.9234837293624878,0.7104672193527222,-40.695106506347656,0.011269968003034592,2.2756059169769287,-9.0,9.0,40.48583221435547,13.218521118164062,1.572500467300415,-0.7077528834342957,9247
4126,41965,0.4125785827636719,0.5062766671180725,-41.875972747802734,0.011280682869255543,1.714735984802246,-9.0,9.0,41.15184020996094,13.295300483703613,1.5775192975997925,-0.6899299025535583,9248
4127,41965,0.7671231031417847,0.6677658557891846,-41.03276443481445,0.011290568858385086,0.594180703163147,-9.0,9.0,40.418949127197266,12.864005088806152,1.538356900215149,-0.6920120120048523,9249
4128,41965,0.4527127742767334,0.46577516198158264,-43.1929817199707,0.011300080455839634,1.5726640224456787,-9.0,9.0,42.6280517578125,13.542238235473633,1.5406687259674072,-0.7204212546348572,9250
4129,41965,0.3689269423484802,0.452152281999588,-39.80809020996094,0.011308780871331692,0.3315538763999939,-9.0,9.0,39.41334533691406,12.115874290466309,1.5146009922027588,-0.668390691280365,9251
4130,41965,0.564227819442749,0.47034603357315063,-43.418792724609375,0.011316370218992233,-0.6410501599311829,-9.0,9.0,42.798484802246094,13.495421409606934,1.4807367324829102,-0.7330976128578186,9252
4131,41965,0.4048503041267395,0.4874211847782135,-40.637840270996094,0.011321681551635265,-3.947150945663452,-9.0,9.0,40.15589141845703,12.162793159484863,1.4902263879776,-0.6944594979286194,9253
4132,41965,0.4456177055835724,0.38696056604385376,-42.914390563964844,0.011324823834002018,-4.227187156677246,-9.0,9.0,42.4630126953125,15.385828971862793,1.427316665649414,-0.7475726008415222,9254
4133,41965,4.153592109680176,3.588146209716797,-44.09294891357422,0.011326994746923447,-1.699399471282959,-9.0,9.0,43.79880142211914,15.898819923400879,1.4454630613327026,-0.7780978083610535,9255
4134,41965,1.091551661491394,1.159238338470459,-43.990474700927734,0.011328237131237984,-1.8464362621307373,-9.0,9.0,42.9008903503418,15.348946571350098,1.462849497795105,-0.7250496745109558,9256
4135,41965,0.4208562672138214,0.44895321130752563,-41.8476676940918,0.01132821012288332,-2.9602553844451904,-9.0,9.0,41.208499908447266,13.705002784729004,1.4703596830368042,-0.7087386250495911,9257
4136,41965,0.6953051090240479,0.5947388410568237,-43.13517761230469,0.011327545158565044,-1.657252550125122,-9.0,9.0,42.800113677978516,14.887480735778809,1.4695090055465698,-0.7598171234130859,9258
4137,41965,0.6206703782081604,0.7145458459854126,-43.44258117675781,0.011327004991471767,0.15645943582057953,-9.0,9.0,42.98183059692383,13.982858657836914,1.488301396369934,-0.7558097839355469,9259
4138,41965,0.6099510192871094,0.3920014798641205,-41.57692337036133,0.011325746774673462,-2.0037107467651367,-9.0,9.0,40.67426681518555,12.856226921081543,1.4944307804107666,-0.7075876593589783,9260
4139,41965,0.5827465653419495,0.608320951461792,-42.674720764160156,0.011323830112814903,-2.020324230194092,-9.0,9.0,41.67999267578125,12.71916389465332,1.4701930284500122,-0.7348366975784302,9261
4140,41965,0.46214351058006287,0.45230942964553833,-41.1080436706543,0.011321065947413445,-2.6873655319213867,-9.0,9.0,40.564762115478516,13.155538558959961,1.4856716394424438,-0.6952803730964661,9262
4141,41965,0.5023659467697144,0.4584710896015167,-40.32140350341797,0.011316845193505287,-5.344415187835693,-9.0,9.0,39.983760833740234,13.918937683105469,1.4174588918685913,-0.7097018957138062,9263
4142,41965,0.37812209129333496,0.42657533288002014,-41.07636260986328,0.011313041672110558,-0.012962877750396729,-9.0,9.0,40.50721740722656,13.29296588897705,1.4981969594955444,-0.7261766195297241,9264
4143,41965,0.5261250138282776,0.5512813329696655,-43.87601852416992,0.01130789052695036,-4.9851460456848145,-9.0,9.0,43.012454986572266,14.351628303527832,1.4146811962127686,-0.777287483215332,9265
4144,41965,0.55266273021698,0.5082871913909912,-42.60773468017578,0.011302629485726357,-1.613067626953125,-9.0,9.0,41.78523635864258,13.5927095413208,1.48518967628479,-0.7552617192268372,9266
4145,41965,0.8033887147903442,0.5960395932197571,-41.724185943603516,0.01129850186407566,1.5675678253173828,-9.0,9.0,41.25940704345703,12.476107597351074,1.5383567810058594,-0.7558179497718811,9267
4146,41965,1.4109843969345093,1.2363898754119873,-43.047142028808594,0.011296120472252369,3.443708658218384,-9.0,9.0,42.57001495361328,16.050561904907227,1.5378596782684326,-0.7553344368934631,9268
4147,41965,1.2320876121520996,0.6158134937286377,-42.917911529541016,0.01129393931478262,-0.09380948543548584,-9.0,9.0,42.188167572021484,14.56380558013916,1.5121889114379883,-0.7758823037147522,9269
4148,41965,0.9586620330810547,0.9757202863693237,-42.53523635864258,0.011293062008917332,2.8166165351867676,-9.0,9.0,41.639808654785156,13.417484283447266,1.5320056676864624,-0.7817750573158264,9270
4149,41965,0.4285835027694702,0.4590657949447632,-41.81621551513672,0.011293180286884308,2.3450164794921875,-9.0,9.0,41.347198486328125,12.783161163330078,1.521902084350586,-0.7951851487159729,9271
4150,41965,1.3447444438934326,1.1298532485961914,-41.282066345214844,0.01129501685500145,5.560786247253418,-9.0,9.0,40.81956100463867,14.924273490905762,1.5600664615631104,-0.772352397441864,9272
4151,41965,3.1049234867095947,2.4233429431915283,-42.293373107910156,0.011298399418592453,7.586544036865234,-9.0,9.0,42.037601470947266,13.302541732788086,1.6349667310714722,-0.7598771452903748,9273
4152,41965,0.4093020260334015,0.42488017678260803,-42.592567443847656,0.011303168721497059,8.036726951599121,-9.0,9.0,41.88822937011719,12.77210521697998,1.6136828660964966,-0.7670971751213074,9274
4153,41965,0.7262920141220093,0.9005056619644165,-42.79005813598633,0.011308381333947182,2.373225212097168,-9.0,9.0,42.193294525146484,14.376421928405762,1.5168750286102295,-0.7902096509933472,9275
4154,41965,1.75460946559906,2.0118215084075928,-43.301116943359375,0.011314800009131432,6.356924533843994,-9.0,9.0,42.56827926635742,13.049099922180176,1.610298752784729,-0.7887001037597656,9276
4155,41965,0.673413872718811,0.5189483165740967,-41.66668701171875,0.011322307400405407,7.188959121704102,-9.0,9.0,41.31312561035156,12.511811256408691,1.5880988836288452,-0.7725951075553894,9277
4156,41965,1.0689518451690674,1.002992868423462,-42.912349700927734,0.011330792680382729,4.938981533050537,-9.0,9.0,42.66604232788086,12.912403106689453,1.569135308265686,-0.7800596356391907,9278
4157,41965,0.5631146430969238,0.4278531074523926,-42.01060104370117,0.011339900083839893,3.7958812713623047,-9.0,9.0,41.31288528442383,12.078624725341797,1.5516277551651,-0.7667112946510315,9279
4158,41965,0.5336748361587524,0.49876636266708374,-43.258697509765625,0.011349756270647049,4.298496246337891,-9.0,9.0,42.467857360839844,12.849699020385742,1.5851926803588867,-0.7631726861000061,9280
4159,41965,0.28734174370765686,0.38195693492889404,-42.5251350402832,0.01136035192757845,4.457971096038818,-9.0,9.0,41.95170593261719,13.832437515258789,1.5824744701385498,-0.7560393214225769,9281
4160,41965,0.5102767944335938,0.5932375192642212,-42.171722412109375,0.01137162558734417,4.911445617675781,-9.0,9.0,41.89556121826172,12.149698257446289,1.547868013381958,-0.7635205388069153,9282
4161,41965,0.6695340871810913,0.6416893005371094,-40.371925354003906,0.011383056640625,3.298382520675659,-9.0,9.0,40.25528335571289,13.453126907348633,1.5443522930145264,-0.7543940544128418,9283
4162,41965,0.7054084539413452,0.7628671526908875,-42.4921989440918,0.011395080015063286,5.369958400726318,-9.0,9.0,41.70098876953125,13.166404724121094,1.6033200025558472,-0.7341750264167786,9284
4163,41965,1.8695465326309204,1.3761944770812988,-43.901546478271484,0.011407643556594849,6.217221260070801,-9.0,9.0,42.93989944458008,14.595901489257812,1.588110327720642,-0.7893315553665161,9285
4164,41965,1.3536155223846436,1.243377685546875,-42.14177703857422,0.011419949121773243,2.5319957733154297,-9.0,9.0,41.807899475097656,14.592328071594238,1.5137804746627808,-0.7845472693443298,9286
4165,41965,0.5768100023269653,0.5486180186271667,-42.79246520996094,0.011431499384343624,1.1925911903381348,-9.0,9.0,42.46474075317383,14.57261848449707,1.5219570398330688,-0.7540391087532043,9287
4166,41965,0.5051929950714111,0.5573817491531372,-42.11882019042969,0.011443301104009151,3.581416368484497,-9.0,9.0,41.59746170043945,13.420722961425781,1.5396556854248047,-0.762769341468811,9288
4167,41965,0.4818906784057617,0.4684319794178009,-42.95796203613281,0.011455001309514046,2.742400884628296,-9.0,9.0,42.24880599975586,13.569299697875977,1.5417096614837646,-0.7440204620361328,9289
4168,41965,0.65016108751297,0.6260136365890503,-42.41837692260742,0.011465263552963734,-0.7261949181556702,-9.0,9.0,42.064430236816406,14.188055992126465,1.4609870910644531,-0.7433260083198547,9290
4169,41965,0.6229768991470337,0.7526730298995972,-41.906009674072266,0.01147499866783619,1.250746488571167,-9.0,9.0,41.61604309082031,12.495159149169922,1.547049880027771,-0.7097940444946289,9291
4170,41965,0.5041592717170715,0.6096644401550293,-42.59974670410156,0.011484644375741482,2.2285518646240234,-9.0,9.0,42.01087188720703,13.396477699279785,1.5531272888183594,-0.7346583604812622,9292
4171,41965,0.506966769695282,0.5085117816925049,-41.23409652709961,0.011493218131363392,-0.3059629499912262,-9.0,9.0,40.60892105102539,12.346291542053223,1.4962561130523682,-0.7174930572509766,9293
4172,41965,0.6647158265113831,0.8165825605392456,-42.669586181640625,0.01150098629295826,0.10870491713285446,-9.0,9.0,42.30717086791992,15.24347972869873,1.5345776081085205,-0.7023855447769165,9294
4173,41965,0.7067853808403015,0.6010830998420715,-42.01789855957031,0.011507673189043999,-0.7893548011779785,-9.0,9.0,41.437744140625,13.863692283630371,1.45369553565979,-0.7373138666152954,9295
4174,41965,1.0788531303405762,1.1137866973876953,-42.04852294921875,0.011512783356010914,-2.317772150039673,-9.0,9.0,41.63816833496094,13.74800968170166,1.456830382347107,-0.7449482083320618,9296
4175,41965,0.49701133370399475,0.6436740159988403,-43.25752258300781,0.011516395956277847,-2.5098648071289062,-9.0,9.0,42.562408447265625,14.079328536987305,1.4133979082107544,-0.7894759774208069,9297
4176,41965,0.38977891206741333,0.5461548566818237,-43.048892974853516,0.011518619954586029,-2.614276885986328,-9.0,9.0,42.666690826416016,14.460305213928223,1.4407321214675903,-0.7291421890258789,9298
4177,41965,0.46247172355651855,0.4768725633621216,-42.941650390625,0.011518862098455429,-7.27238655090332,-9.0,9.0,42.41551971435547,15.035094261169434,1.3469064235687256,-0.7557045221328735,9299
4178,41965,0.7497949004173279,0.859904944896698,-43.79267883300781,0.011518801562488079,-0.7072290778160095,-9.0,9.0,43.142921447753906,14.982650756835938,1.4526960849761963,-0.786101222038269,9300
4179,41965,0.33755454421043396,0.4777446985244751,-43.21868896484375,0.011519432999193668,1.7415504455566406,-9.0,9.0,42.77058792114258,13.565752983093262,1.5076563358306885,-0.7442849278450012,9301
4180,41965,0.28315961360931396,0.2811685800552368,-41.15159606933594,0.011518246494233608,-4.64396858215332,-9.0,9.0,40.69952392578125,13.382227897644043,1.4041739702224731,-0.7203101515769958,9302
4181,41965,0.583728015422821,0.602282702922821,-43.52362823486328,0.011515423655509949,-4.933162689208984,-9.0,9.0,42.96418762207031,14.335563659667969,1.3744022846221924,-0.7861191034317017,9303
4182,41965,0.5473496913909912,0.5062223076820374,-42.25330352783203,0.011512656696140766,-0.5671088695526123,-9.0,9.0,41.7221794128418,12.044966697692871,1.4886914491653442,-0.7270084619522095,9304
4183,41965,0.40078216791152954,0.45270368456840515,-43.10859298706055,0.01150877121835947,-3.5599606037139893,-9.0,9.0,42.25186538696289,13.722346305847168,1.3911126852035522,-0.7759988903999329,9305
4184,41965,1.2962987422943115,0.8203001618385315,-43.416587829589844,0.01150502823293209,-0.6165117621421814,-9.0,9.0,42.90309524536133,14.43799877166748,1.474172830581665,-0.7656146287918091,9306
4185,41965,0.41812649369239807,0.4059419631958008,-42.23701858520508,0.011500591412186623,-2.72393536567688,-9.0,9.0,41.835140228271484,12.006915092468262,1.4391860961914062,-0.7466011047363281,9307
4186,41965,0.3815956711769104,0.43005624413490295,-43.017547607421875,0.011496161110699177,-1.1081963777542114,-9.0,9.0,42.3790397644043,14.652592658996582,1.4254225492477417,-0.7742553353309631,9308
4187,41965,0.4908537268638611,0.5852974057197571,-43.142356872558594,0.011491403914988041,-1.9679337739944458,-9.0,9.0,42.236209869384766,13.231435775756836,1.4552382230758667,-0.7899513840675354,9309
4188,41965,0.421013742685318,0.5223544836044312,-43.054134368896484,0.011485684663057327,-3.6703267097473145,-9.0,9.0,42.365394592285156,14.736328125,1.3942670822143555,-0.7894627451896667,9310
4189,41965,0.527741551399231,0.5136922597885132,-42.56898498535156,0.011479596607387066,-2.400935173034668,-9.0,9.0,42.34579086303711,13.929642677307129,1.3977411985397339,-0.8171862363815308,9311
4190,41965,0.45346829295158386,0.4732215106487274,-41.72154235839844,0.011473472230136395,-1.6418105363845825,-9.0,9.0,41.1706657409668,11.9133939743042,1.4443732500076294,-0.7837182283401489,9312
4191,41965,0.8466370701789856,0.7628178596496582,-43.25944900512695,0.011466925963759422,-2.6432008743286133,-9.0,9.0,42.52040100097656,14.3314847946167,1.4016557931900024,-0.8239051103591919,9313
4192,41965,0.29088735580444336,0.33501774072647095,-43.9160041809082,0.011460666544735432,-0.9355075359344482,-9.0,9.0,43.395668029785156,13.340836524963379,1.4128456115722656,-0.8248993158340454,9314
4193,41965,0.6634644269943237,0.6658521890640259,-42.44197463989258,0.011453510262072086,-3.909132242202759,-9.0,9.0,42.17150115966797,14.169086456298828,1.3990782499313354,-0.795832097530365,9315
4194,41965,0.586371898651123,0.5891979336738586,-43.82514190673828,0.011447083204984665,0.04080510139465332,-9.0,9.0,43.324684143066406,13.912145614624023,1.4246013164520264,-0.8249160051345825,9316
4195,41965,1.0772678852081299,1.2853507995605469,-41.639007568359375,0.011440382339060307,-2.3511223793029785,-9.0,9.0,40.91835021972656,13.695759773254395,1.4329416751861572,-0.7705169916152954,9317
4196,41965,0.4544796049594879,0.5609531998634338,-41.54654312133789,0.01143377274274826,-1.4835420846939087,-9.0,9.0,40.87834167480469,13.49345874786377,1.429213285446167,-0.8016966581344604,9318
4197,41965,0.43239569664001465,0.4075738787651062,-41.93267059326172,0.011426088400185108,-5.169698238372803,-9.0,9.0,41.581077575683594,12.547032356262207,1.3840190172195435,-0.800189197063446,9319
4198,41965,0.591230571269989,0.5429053902626038,-42.217369079589844,0.01142017263919115,2.5546228885650635,-9.0,9.0,41.88966751098633,14.604365348815918,1.494263768196106,-0.8056877255439758,9320
4199,41965,0.8590020537376404,0.7781408429145813,-43.47012710571289,0.011414576321840286,-0.6989778280258179,-9.0,9.0,42.67072296142578,14.355400085449219,1.4473406076431274,-0.8067087531089783,9321
4200,41965,0.5770151019096375,0.6254764795303345,-42.19072723388672,0.011407801881432533,-4.5793657302856445,-9.0,9.0,41.336429595947266,14.190485000610352,1.3855992555618286,-0.7824706435203552,9322
4201,41965,0.3028920888900757,0.3623790144920349,-43.192386627197266,0.011400389485061169,-3.383112668991089,-9.0,9.0,42.741355895996094,13.804134368896484,1.4033478498458862,-0.798161506652832,9323
4202,41965,0.6221005916595459,0.763628363609314,-43.066612243652344,0.011391988955438137,-4.52023983001709,-9.0,9.0,42.805660247802734,15.501154899597168,1.3776724338531494,-0.8303760290145874,9324
4203,41965,0.5161181092262268,0.5100323557853699,-43.334999084472656,0.0113828768953681,-4.011368274688721,-9.0,9.0,42.72993850708008,14.283966064453125,1.3983509540557861,-0.7760319709777832,9325
4204,41965,1.0301614999771118,1.1900489330291748,-41.18553161621094,0.011372953653335571,-8.54384708404541,-9.0,9.0,40.48379898071289,13.298307418823242,1.3108500242233276,-0.7371178269386292,9326
4205,41965,0.393050879240036,0.41929325461387634,-43.30755615234375,0.011362459510564804,-4.080772876739502,-9.0,9.0,42.736412048339844,12.825830459594727,1.4217710494995117,-0.7756736874580383,9327
4206,41965,0.5191954970359802,0.5328409671783447,-42.479034423828125,0.011351688764989376,-3.4474434852600098,-9.0,9.0,42.156005859375,13.27813720703125,1.4148355722427368,-0.7609623670578003,9328
4207,41965,1.2184853553771973,1.3013828992843628,-43.04670333862305,0.01134090032428503,-2.8606948852539062,-9.0,9.0,42.63154220581055,14.574172973632812,1.4225857257843018,-0.7640714645385742,9329
4208,41965,3.2282207012176514,3.7006988525390625,-42.611572265625,0.011329635977745056,-4.072445869445801,-9.0,9.0,42.11946105957031,14.555521965026855,1.3872443437576294,-0.7595863938331604,9330
4209,41965,0.6739267110824585,0.7033011317253113,-43.698890686035156,0.011317789554595947,-7.531937599182129,-9.0,9.0,42.75843811035156,13.417912483215332,1.330949068069458,-0.7829631567001343,9331
4210,41965,0.38760578632354736,0.4271378815174103,-42.831581115722656,0.011305427178740501,-8.719609260559082,-9.0,9.0,42.24215316772461,13.489278793334961,1.3180423974990845,-0.7900766730308533,9332
4211,41965,0.6491605043411255,0.4906356930732727,-42.12908935546875,0.011292603798210621,-7.703133583068848,-9.0,9.0,41.89842987060547,13.258102416992188,1.34998619556427,-0.7602127194404602,9333
4212,41965,0.6296462416648865,0.5672833919525146,-43.536643981933594,0.01127937063574791,-7.248128890991211,-9.0,9.0,43.25774383544922,12.376561164855957,1.3221256732940674,-0.8029337525367737,9334
4213,41965,0.5410239696502686,0.6297461986541748,-41.669761657714844,0.011265771463513374,-6.300442218780518,-9.0,9.0,41.004425048828125,12.641060829162598,1.3855197429656982,-0.757914125919342,9335
4214,41965,0.7291318774223328,0.7317265272140503,-42.698734283447266,0.011252263560891151,-3.3673219680786133,-9.0,9.0,41.95552062988281,14.388056755065918,1.4073412418365479,-0.7625938057899475,9336
4215,41965,0.6424355506896973,0.5653285384178162,-43.85474395751953,0.011238965205848217,-3.041508674621582,-9.0,9.0,43.37599563598633,13.959269523620605,1.3687704801559448,-0.795561671257019,9337
4216,41965,0.4349970519542694,0.4881274998188019,-41.57358932495117,0.011225312948226929,-6.967341899871826,-9.0,9.0,41.23738098144531,12.766971588134766,1.339952826499939,-0.7548643350601196,9338
4217,41965,0.4582061469554901,0.43271392583847046,-42.025611877441406,0.011211351491510868,-5.07893180847168,-9.0,9.0,41.36388397216797,14.31508731842041,1.394395112991333,-0.7473374605178833,9339
4218,41965,0.628655731678009,0.714698851108551,-43.990089416503906,0.0111978929489851,-2.3912534713745117,-9.0,9.0,43.33257293701172,15.159104347229004,1.4186111688613892,-0.7720221281051636,9340
4219,41965,0.953772246837616,0.8797047138214111,-42.07356643676758,0.011184130795300007,-4.4303998947143555,-9.0,9.0,41.568111419677734,13.67837142944336,1.4069780111312866,-0.7620668411254883,9341
4220,41965,0.4256109297275543,0.4907730519771576,-42.897281646728516,0.011170720681548119,-2.7469568252563477,-9.0,9.0,42.264400482177734,12.534369468688965,1.430646300315857,-0.7732492089271545,9342
4221,41965,0.4003298878669739,0.46960920095443726,-43.188899993896484,0.011157459579408169,-3.2193450927734375,-9.0,9.0,42.38604736328125,13.580573081970215,1.4374735355377197,-0.7700027823448181,9343
4222,41965,0.5125723481178284,0.45002779364585876,-42.485008239746094,0.011144411750137806,-2.9887232780456543,-9.0,9.0,41.78379821777344,13.732512474060059,1.4588449001312256,-0.7352820634841919,9344
4223,41965,0.7135493755340576,0.608924925327301,-42.4014778137207,0.011131420731544495,-3.373272657394409,-9.0,9.0,42.12453842163086,13.369205474853516,1.4048410654067993,-0.7651049494743347,9345
4224,41965,0.36224985122680664,0.34773537516593933,-41.51697540283203,0.011119632981717587,-0.2704008221626282,-9.0,9.0,41.168601989746094,12.21463394165039,1.4773684740066528,-0.7368789911270142,9346
4225,41965,0.9819139242172241,1.1278104782104492,-43.579673767089844,0.011109123937785625,0.2436254620552063,-9.0,9.0,42.87754440307617,15.205053329467773,1.4874775409698486,-0.7511773705482483,9347
4226,41965,0.6432259678840637,0.6742980480194092,-41.66926956176758,0.01109873503446579,-2.5046753883361816,-9.0,9.0,41.006500244140625,13.105545997619629,1.4527931213378906,-0.7239533066749573,9348
4227,41965,0.4426243305206299,0.4604555666446686,-40.94308853149414,0.011089096777141094,-0.7805169224739075,-9.0,9.0,40.456687927246094,12.82868480682373,1.4523366689682007,-0.7514401078224182,9349
4228,41965,0.4349212348461151,0.630692183971405,-44.08514404296875,0.011079144664108753,-3.4463558197021484,-9.0,9.0,43.62484359741211,15.255487442016602,1.406864881515503,-0.8053898215293884,9350
4229,41965,0.4882434904575348,0.48718011379241943,-42.508544921875,0.01107045728713274,0.7207624316215515,-9.0,9.0,41.88901138305664,12.94983959197998,1.5089370012283325,-0.7538679838180542,9351
4230,41965,0.4672050178050995,0.5398623943328857,-42.99302673339844,0.011062758974730968,0.31319308280944824,-9.0,9.0,42.187782287597656,14.59466552734375,1.4759122133255005,-0.7999042272567749,9352
4231,41965,0.5632925033569336,0.5162997245788574,-41.86589431762695,0.01105575542896986,-0.1964901238679886,-9.0,9.0,41.29109191894531,14.16264820098877,1.4919472932815552,-0.790907084941864,9353
4232,41965,0.5486754179000854,0.5406238436698914,-42.12494659423828,0.011049995198845863,1.441347599029541,-9.0,9.0,41.93137741088867,14.20869255065918,1.4760453701019287,-0.8102455735206604,9354
4233,41965,0.3653102219104767,0.3905049264431,-43.104522705078125,0.01104543823748827,1.6836870908737183,-9.0,9.0,42.57714080810547,13.534351348876953,1.465333104133606,-0.8183507919311523,9355
4234,41965,1.3416733741760254,1.408963680267334,-42.60521697998047,0.01104140467941761,0.17677992582321167,-9.0,9.0,41.735443115234375,13.535858154296875,1.4643566608428955,-0.7984901070594788,9356
4235,41965,0.3957011103630066,0.6074811220169067,-43.214717864990234,0.011038783006370068,2.7044177055358887,-9.0,9.0,42.46999740600586,15.352632522583008,1.495896339416504,-0.8134558796882629,9357
4236,41965,0.9080255031585693,0.9497661590576172,-43.15028381347656,0.01103671919554472,0.7961722612380981,-9.0,9.0,42.886566162109375,13.808639526367188,1.421472430229187,-0.8522047996520996,9358
4237,41965,0.7598773837089539,0.8622875809669495,-43.50699996948242,0.011035225354135036,0.9823690056800842,-9.0,9.0,43.13397979736328,14.831022262573242,1.4463762044906616,-0.830234169960022,9359
4238,41965,0.5199686288833618,0.43860310316085815,-42.51612091064453,0.011035151779651642,3.4057159423828125,-9.0,9.0,41.6769905090332,12.960100173950195,1.5082758665084839,-0.8192447423934937,9360
4239,41965,1.3546836376190186,1.3923089504241943,-45.0705451965332,0.011035704053938389,1.6599862575531006,-9.0,9.0,44.08586883544922,15.892890930175781,1.4664251804351807,-0.873106837272644,9361
4240,41965,0.71846604347229,0.4708109200000763,-41.553470611572266,0.011036145500838757,-0.1509697139263153,-9.0,9.0,41.54031753540039,12.310383796691895,1.4320834875106812,-0.8340230584144592,9362
4241,41965,0.5281742811203003,0.5163639187812805,-41.03878402709961,0.01103766169399023,2.9998512268066406,-9.0,9.0,40.86027145385742,12.10049819946289,1.520099401473999,-0.7791010737419128,9363
4242,41965,1.2312242984771729,1.3651723861694336,-44.31172561645508,0.011040587909519672,4.18916130065918,-9.0,9.0,43.5457878112793,13.60663890838623,1.491970419883728,-0.8336315155029297,9364
4243,41965,0.6414872407913208,0.49198299646377563,-43.09288787841797,0.01104377955198288,1.476513385772705,-9.0,9.0,42.1310920715332,12.214717864990234,1.4463070631027222,-0.8225228190422058,9365
4244,41965,0.31526586413383484,0.4455915689468384,-42.344886779785156,0.011046196334064007,-1.2154778242111206,-9.0,9.0,41.75141143798828,12.811434745788574,1.4454082250595093,-0.7928683161735535,9366
4245,41965,0.666337788105011,0.7053370475769043,-42.075721740722656,0.011048635467886925,0.6962267756462097,-9.0,9.0,42.079193115234375,13.151145935058594,1.4630845785140991,-0.8174225687980652,9367
4246,41965,0.7723878026008606,0.7436496019363403,-42.64376449584961,0.011050479486584663,-0.9396703243255615,-9.0,9.0,42.39122009277344,14.98835563659668,1.4465185403823853,-0.7963446378707886,9368
4247,41965,0.9682590365409851,0.622119128704071,-42.94451141357422,0.011051581241190434,-1.486928105354309,-9.0,9.0,42.0310173034668,14.229837417602539,1.3974145650863647,-0.8374776244163513,9369
4248,41965,0.5320800542831421,0.46240705251693726,-42.24955749511719,0.011051623150706291,-2.5455322265625,-9.0,9.0,41.304039001464844,13.86245059967041,1.4246190786361694,-0.7736507654190063,9370
4249,41965,0.7422220706939697,0.7817474007606506,-44.79943084716797,0.011051692068576813,0.09196043014526367,-9.0,9.0,44.31782150268555,15.609519004821777,1.421229600906372,-0.8716970086097717,9371
4250,41965,3.3409581184387207,3.0676865577697754,-43.56287384033203,0.011052018031477928,0.7097325921058655,-9.0,9.0,43.19304656982422,15.052299499511719,1.4762194156646729,-0.8287377953529358,9372
4251,41965,0.8586267232894897,0.9412480592727661,-42.07072830200195,0.011051137931644917,-3.1437337398529053,-9.0,9.0,41.63336181640625,12.470197677612305,1.4266506433486938,-0.7777344584465027,9373
4252,41965,1.1594268083572388,0.8431910276412964,-43.75688171386719,0.011050643399357796,0.7933152914047241,-9.0,9.0,42.80060577392578,14.12765121459961,1.464336633682251,-0.8017748594284058,9374
4253,41965,0.8100430369377136,0.715652585029602,-43.11001205444336,0.011050037108361721,-0.428645521402359,-9.0,9.0,42.27596664428711,12.70033073425293,1.4130200147628784,-0.7982149720191956,9375
4254,41965,1.481554388999939,1.4359441995620728,-42.04327392578125,0.011049109511077404,-1.0142666101455688,-9.0,9.0,42.04106521606445,14.040584564208984,1.470236897468567,-0.7477092146873474,9376
4255,41965,0.9265211820602417,0.7358390092849731,-44.007659912109375,0.011047355830669403,-2.452655076980591,-9.0,9.0,43.62565612792969,14.191082000732422,1.414406657218933,-0.8184651732444763,9377
4256,41965,0.5477296113967896,0.6776787042617798,-43.31123352050781,0.0110450005158782,-2.05708646774292,-9.0,9.0,42.279014587402344,13.173137664794922,1.4394296407699585,-0.775187075138092,9378
4257,41965,0.6883686184883118,0.6079097986221313,-43.54629135131836,0.011042504571378231,-1.0100537538528442,-9.0,9.0,42.538978576660156,14.476510047912598,1.4589706659317017,-0.8081178069114685,9379
4258,41965,0.2941792905330658,0.31840357184410095,-42.36748123168945,0.011040909215807915,1.7405441999435425,-9.0,9.0,41.9039421081543,13.019062042236328,1.4981212615966797,-0.7681089639663696,9380
4259,41965,1.4639488458633423,1.6248167753219604,-42.22731018066406,0.01104010920971632,1.685415506362915,-9.0,9.0,42.03725814819336,13.279191970825195,1.4801322221755981,-0.7755990624427795,9381
4260,41965,0.5413793325424194,0.5001784563064575,-42.89167404174805,0.01103999838232994,1.6280672550201416,-9.0,9.0,42.59150314331055,15.599161148071289,1.4567391872406006,-0.8068900108337402,9382
4261,41965,0.7035746574401855,0.5497536063194275,-44.25144958496094,0.011041009798645973,2.9519007205963135,-9.0,9.0,43.50121307373047,12.50744915008545,1.47990882396698,-0.7939608693122864,9383
4262,41965,0.965962290763855,1.0060092210769653,-43.094173431396484,0.011041657067835331,-0.6912227272987366,-9.0,9.0,41.88665008544922,13.941350936889648,1.4442331790924072,-0.8064965009689331,9384
4263,41965,0.8351337313652039,0.974137008190155,-43.073143005371094,0.011042230762541294,-0.025960147380828857,-9.0,9.0,42.76508331298828,14.417369842529297,1.4545061588287354,-0.7844119668006897,9385
4264,41965,0.7350958585739136,0.5960174798965454,-41.66297912597656,0.01104228850454092,-1.2251900434494019,-9.0,9.0,41.543094635009766,13.129485130310059,1.4688327312469482,-0.7390143275260925,9386
4265,41965,1.188800573348999,1.0664069652557373,-44.117340087890625,0.01104216743260622,-0.45925217866897583,-9.0,9.0,43.46558380126953,13.692598342895508,1.4444501399993896,-0.8139687776565552,9387
4266,41965,0.4790318012237549,0.5087878108024597,-43.30934143066406,0.011040904559195042,-3.0690183639526367,-9.0,9.0,42.455814361572266,13.673491477966309,1.4482094049453735,-0.7517023086547852,9388
4267,41965,2.0365729331970215,2.2377734184265137,-42.27748489379883,0.011038809083402157,-2.543987274169922,-9.0,9.0,42.0751953125,14.17898178100586,1.4197187423706055,-0.766534686088562,9389
4268,41965,0.49125903844833374,0.4747908115386963,-42.76691436767578,0.011036677286028862,-0.6462284326553345,-9.0,9.0,42.19913101196289,12.903719902038574,1.4696851968765259,-0.7450566291809082,9390
4269,41965,0.7603194713592529,1.1823070049285889,-44.64624786376953,0.011033067479729652,-4.617207050323486,-9.0,9.0,44.046390533447266,15.03404426574707,1.3777776956558228,-0.8076180219650269,9391
4270,41965,0.3550780415534973,0.37187978625297546,-41.53839874267578,0.011028128676116467,-6.475210189819336,-9.0,9.0,40.972042083740234,12.9039888381958,1.3715091943740845,-0.7648011445999146,9392
4271,41965,0.8151819109916687,0.632484495639801,-43.67760467529297,0.011022272519767284,-3.766371011734009,-9.0,9.0,42.8501091003418,14.692670822143555,1.407004714012146,-0.7586334347724915,9393
4272,41965,0.5245276689529419,0.4398292899131775,-42.33721160888672,0.011015557684004307,-3.8698160648345947,-9.0,9.0,42.00587463378906,12.992966651916504,1.3718236684799194,-0.7682638764381409,9394
4273,41965,0.49657073616981506,0.5271985530853271,-43.969139099121094,0.01100787054747343,-4.419763565063477,-9.0,9.0,43.41908645629883,15.069860458374023,1.3559767007827759,-0.7852978110313416,9395
4274,41965,0.8992626667022705,0.8663758635520935,-42.208492279052734,0.010999275371432304,-6.205010414123535,-9.0,9.0,41.240333557128906,13.54321575164795,1.3805711269378662,-0.7234966158866882,9396
4275,41965,0.8446347713470459,0.7668389081954956,-43.207542419433594,0.010989870876073837,-6.75538444519043,-9.0,9.0,42.51656723022461,14.911120414733887,1.3360834121704102,-0.7916949391365051,9397
4276,41965,0.950685977935791,1.0485029220581055,-42.65542984008789,0.01098024845123291,-3.1213128566741943,-9.0,9.0,42.125221252441406,13.394124984741211,1.4112732410430908,-0.7452816367149353,9398
4277,41965,0.6591472625732422,0.6177341341972351,-42.52804183959961,0.010970990173518658,-1.6131467819213867,-9.0,9.0,42.30783462524414,13.554829597473145,1.446829915046692,-0.7491244673728943,9399
4278,41965,0.5815859436988831,0.4188165068626404,-43.630210876464844,0.01096175517886877,-2.4475855827331543,-9.0,9.0,42.91412353515625,14.816998481750488,1.3999029397964478,-0.7814835906028748,9400
4279,41965,1.3350178003311157,1.3085688352584839,-43.27901840209961,0.010952815413475037,-1.691791296005249,-9.0,9.0,42.28971862792969,14.423748016357422,1.4220246076583862,-0.7556729912757874,9401
4280,41965,0.9806585907936096,0.8968948125839233,-44.19764709472656,0.0109444884583354,-0.7689311504364014,-9.0,9.0,43.35733413696289,13.973467826843262,1.4405699968338013,-0.7821500897407532,9402
4281,41965,0.9433439373970032,0.9494806528091431,-44.45817947387695,0.010937466286122799,1.2652406692504883,-9.0,9.0,44.11162185668945,14.258654594421387,1.4503072500228882,-0.8511182069778442,9403
4282,41965,0.30173948407173157,0.2601669728755951,-42.21807098388672,0.010931163094937801,0.041922688484191895,-9.0,9.0,41.66022491455078,12.448741912841797,1.4657331705093384,-0.7637978792190552,9404
4283,41965,0.756584644317627,0.865708589553833,-42.08315658569336,0.01092639472335577,2.4297263622283936,-9.0,9.0,41.30158615112305,15.214301109313965,1.5058969259262085,-0.7507087588310242,9405
4284,41965,4.1446919441223145,4.071885585784912,-44.57235336303711,0.0109224459156394,0.9216452836990356,-9.0,9.0,43.83214569091797,16.618425369262695,1.468968391418457,-0.8077794313430786,9406
4285,41965,0.8039995431900024,0.7840364575386047,-43.035194396972656,0.01091998815536499,2.9499030113220215,-9.0,9.0,42.17716979980469,13.244125366210938,1.4916318655014038,-0.7754700779914856,9407
4286,41965,1.7175712585449219,1.4887948036193848,-43.298500061035156,0.010919087566435337,3.541558265686035,-9.0,9.0,42.75275421142578,14.169129371643066,1.4905965328216553,-0.8010493516921997,9408
4287,41965,0.7375754117965698,0.6137864589691162,-41.66697692871094,0.010919737629592419,3.931117534637451,-9.0,9.0,41.39715576171875,12.841056823730469,1.5262058973312378,-0.7640042304992676,9409
4288,41965,1.1607768535614014,1.2477861642837524,-43.61343765258789,0.010921971872448921,4.448326587677002,-9.0,9.0,43.022178649902344,15.733139038085938,1.51683509349823,-0.8212102651596069,9410
4289,41965,1.3154008388519287,1.026531457901001,-43.218318939208984,0.010925013571977615,2.7796518802642822,-9.0,9.0,42.30048751831055,16.914674758911133,1.5002031326293945,-0.7865514159202576,9411
4290,41965,0.875862717628479,0.6989721059799194,-42.56474685668945,0.010929171927273273,3.840930461883545,-9.0,9.0,41.725341796875,13.937921524047852,1.527302622795105,-0.799123227596283,9412
4291,41965,1.5380715131759644,1.5149471759796143,-44.4571533203125,0.010934587568044662,7.733633995056152,-9.0,9.0,44.276973724365234,17.135738372802734,1.5398261547088623,-0.8833380341529846,9413
4292,41965,0.6178265810012817,0.535877525806427,-42.69622802734375,0.010941138491034508,6.5000386238098145,-9.0,9.0,42.44509506225586,13.194881439208984,1.5958071947097778,-0.7789772748947144,9414
4293,41965,0.683696448802948,0.6706329584121704,-42.54100799560547,0.010948706418275833,5.610773086547852,-9.0,9.0,41.8368034362793,12.805059432983398,1.564369797706604,-0.7963297963142395,9415
4294,41965,1.836679220199585,1.607908844947815,-44.518428802490234,0.01095685362815857,3.591848373413086,-9.0,9.0,43.50110626220703,13.93845272064209,1.507959008216858,-0.8345432877540588,9416
4295,41965,0.6629156470298767,0.641543984413147,-43.95228958129883,0.010965859517455101,6.068167209625244,-9.0,9.0,42.9327392578125,13.875384330749512,1.5649443864822388,-0.7959684729576111,9417
4296,41965,1.5773738622665405,1.120200753211975,-43.50038528442383,0.010975642129778862,5.253794193267822,-9.0,9.0,43.276947021484375,14.38492488861084,1.5444825887680054,-0.7929402589797974,9418
4297,41965,1.3479136228561401,1.1234736442565918,-44.22007751464844,0.010985223576426506,2.063863515853882,-9.0,9.0,44.20423126220703,14.216475486755371,1.4560836553573608,-0.8803523778915405,9419
4298,41965,0.7761582732200623,0.8458091020584106,-43.640350341796875,0.010995054617524147,3.225510358810425,-9.0,9.0,42.842899322509766,14.747559547424316,1.5111998319625854,-0.7963929772377014,9420
4299,41965,0.9654416441917419,0.9404451847076416,-45.61063003540039,0.011005555279552937,4.43487548828125,-9.0,9.0,44.62149429321289,14.295940399169922,1.5508525371551514,-0.8192681074142456,9421
4300,41965,1.6116633415222168,1.1971813440322876,-44.639564514160156,0.01101668644696474,7.707852363586426,-9.0,9.0,43.50413513183594,16.226417541503906,1.5844892263412476,-0.7900195717811584,9422
4301,41965,18.58775520324707,18.48505973815918,-42.81861877441406,0.011028139851987362,3.82064151763916,-9.0,9.0,42.20079803466797,13.14844799041748,1.5365674495697021,-0.7704880833625793,9423
4302,41965,2.106964111328125,2.008734941482544,-42.92497253417969,0.011040130630135536,7.5340118408203125,-9.0,9.0,43.163150787353516,14.212203979492188,1.5959619283676147,-0.7777438759803772,9424
4303,41965,1.2177190780639648,0.875458300113678,-43.57583236694336,0.011052608489990234,6.769071102142334,-9.0,9.0,43.397850036621094,13.486987113952637,1.5921272039413452,-0.7785822749137878,9425
4304,41965,1.5241849422454834,1.6815464496612549,-44.04917907714844,0.011065528728067875,4.868897438049316,-9.0,9.0,42.732635498046875,13.531779289245605,1.5660803318023682,-0.7603822350502014,9426
4305,41965,1.671891689300537,1.3202252388000488,-43.62488555908203,0.011078843846917152,4.66030216217041,-9.0,9.0,42.335086822509766,13.809481620788574,1.5544462203979492,-0.7609104514122009,9427
4306,41965,0.9327068328857422,0.7728844285011292,-43.675819396972656,0.011092518456280231,4.899386882781982,-9.0,9.0,43.304161071777344,14.7865571975708,1.5804568529129028,-0.7640756964683533,9428
4307,41965,0.8819001317024231,1.101216435432434,-43.04974365234375,0.011106518097221851,6.261753082275391,-9.0,9.0,43.03474426269531,14.002388954162598,1.5704008340835571,-0.749855101108551,9429
4308,41965,1.4458930492401123,1.2968518733978271,-44.465980529785156,0.0111208101734519,6.360691547393799,-9.0,9.0,44.088748931884766,15.94896125793457,1.600103735923767,-0.7643905878067017,9430
4309,41965,1.2213172912597656,1.1302893161773682,-44.903282165527344,0.011135370470583439,7.172616004943848,-9.0,9.0,43.7496337890625,14.812783241271973,1.6205724477767944,-0.7461329698562622,9431
4310,41965,1.7550537586212158,1.5655815601348877,-43.62067794799805,0.011150173842906952,7.013431072235107,-9.0,9.0,42.69992446899414,14.43253231048584,1.6301544904708862,-0.6964219212532043,9432
4311,41965,1.4023239612579346,1.0386934280395508,-42.528526306152344,0.011165193282067776,5.31653356552124,-9.0,9.0,42.30364227294922,16.366300582885742,1.576653242111206,-0.7104334235191345,9433
4312,41965,0.938843309879303,1.0336945056915283,-42.304840087890625,0.011179864406585693,3.023036479949951,-9.0,9.0,42.03235626220703,13.993486404418945,1.5700384378433228,-0.717894971370697,9434
4313,41965,0.8507682085037231,0.8211231827735901,-44.17694091796875,0.011193952523171902,2.2805871963500977,-9.0,9.0,43.75293731689453,14.705248832702637,1.5606458187103271,-0.7420388460159302,9435
4314,41965,0.8746217489242554,0.7834737300872803,-42.44832992553711,0.01120833121240139,4.4907450675964355,-9.0,9.0,41.9534912109375,13.245552062988281,1.5954240560531616,-0.6843411326408386,9436
4315,41965,0.5644941329956055,0.6015042662620544,-42.59330749511719,0.011222979053854942,7.032133102416992,-9.0,9.0,42.205562591552734,11.408844947814941,1.656355857849121,-0.6756224036216736,9437
4316,41965,0.6854333281517029,0.6547368764877319,-43.14346694946289,0.011237513273954391,3.5320310592651367,-9.0,9.0,42.71550369262695,16.172330856323242,1.542306900024414,-0.7461562156677246,9438
4317,41965,0.9108373522758484,0.6667194366455078,-44.20866012573242,0.011252300813794136,5.172372341156006,-9.0,9.0,43.605674743652344,14.125965118408203,1.5835998058319092,-0.7044760584831238,9439
4318,41965,1.136951208114624,0.8564183115959167,-43.42463684082031,0.01126472931355238,-2.3766446113586426,-9.0,9.0,42.746246337890625,14.727581977844238,1.459074854850769,-0.7430936694145203,9440
4319,41965,0.8512957096099854,0.5672947764396667,-43.44236373901367,0.011276069097220898,0.3690203130245209,-9.0,9.0,43.25188064575195,15.413111686706543,1.5269858837127686,-0.6917752623558044,9441
4320,41965,1.4010672569274902,1.6875535249710083,-44.79948806762695,0.0112862354144454,-0.14923587441444397,-9.0,9.0,44.09972381591797,14.187101364135742,1.5173900127410889,-0.726560652256012,9442
4321,41965,1.1073015928268433,0.9851073622703552,-44.21998596191406,0.01129600778222084,1.6046206951141357,-9.0,9.0,43.13970947265625,13.584771156311035,1.55650794506073,-0.7027689218521118,9443
4322,41965,1.118751049041748,1.3840827941894531,-42.935821533203125,0.011303901672363281,-2.3812050819396973,-9.0,9.0,42.13835144042969,14.560171127319336,1.4296921491622925,-0.7298193573951721,9444
4323,41965,1.0805054903030396,0.9946943521499634,-41.99339294433594,0.0113111212849617,0.2785961925983429,-9.0,9.0,41.8305778503418,14.120543479919434,1.5290937423706055,-0.668339729309082,9445
4324,41965,17.759258270263672,17.86602210998535,-42.45658493041992,0.011316586285829544,-2.7135252952575684,-9.0,9.0,41.95606994628906,13.499128341674805,1.4694067239761353,-0.6925972104072571,9446
4325,41965,1.2169982194900513,0.8872883319854736,-43.378623962402344,0.011321189813315868,-0.8315091133117676,-9.0,9.0,43.02945327758789,13.917510032653809,1.4456855058670044,-0.7472208738327026,9447
4326,41965,0.771169900894165,0.7356652021408081,-43.83901596069336,0.011325385421514511,0.12148880958557129,-9.0,9.0,42.73347854614258,13.298345565795898,1.5055850744247437,-0.6938952207565308,9448
4327,41965,1.190251111984253,1.071197748184204,-43.806861877441406,0.011329117231070995,-0.12044286727905273,-9.0,9.0,42.690189361572266,13.832789421081543,1.4979846477508545,-0.73048335313797,9449
4328,41965,1.8495762348175049,2.1412336826324463,-42.88101577758789,0.011333402246236801,2.4051856994628906,-9.0,9.0,42.13426971435547,15.167200088500977,1.525056004524231,-0.7090334892272949,9450
4329,41965,0.8499024510383606,0.7586291432380676,-43.940032958984375,0.011337785981595516,1.3618239164352417,-9.0,9.0,43.55898666381836,14.357135772705078,1.5135895013809204,-0.7493386268615723,9451
4330,41965,0.76718670129776,0.7941576838493347,-44.20292663574219,0.011343447491526604,7.517560005187988,-9.0,9.0,43.47496795654297,14.035723686218262,1.613226056098938,-0.74665766954422,9452
4331,41965,1.9893189668655396,2.0847952365875244,-46.60423278808594,0.011350264772772789,8.685117721557617,-9.0,9.0,45.481685638427734,17.446134567260742,1.5960171222686768,-0.7949711680412292,9453
4332,41965,16.1894474029541,15.895927429199219,-45.786312103271484,0.01135812047868967,11.59306526184082,-9.0,9.0,44.736976623535156,15.12890911102295,1.6641576290130615,-0.7409054040908813,9454
4333,41965,2.6425857543945312,2.721363067626953,-42.8489990234375,0.011366908438503742,10.569969177246094,-9.0,9.0,42.733280181884766,15.052129745483398,1.6756525039672852,-0.7481520771980286,9455
4334,41965,0.9371275901794434,0.8952130675315857,-44.906761169433594,0.011376539245247841,10.758554458618164,-9.0,9.0,44.3276252746582,15.302384376525879,1.6372995376586914,-0.796341061592102,9456
4335,41965,1.2761430740356445,1.819350004196167,-44.946319580078125,0.01138693280518055,11.488704681396484,-9.0,9.0,44.16783142089844,14.88766098022461,1.6751296520233154,-0.7785800099372864,9457
4336,41965,0.9592615962028503,0.6652812361717224,-43.48638153076172,0.011398009024560452,12.488479614257812,-9.0,9.0,42.652793884277344,13.726723670959473,1.7033144235610962,-0.7477473020553589,9458
4337,41965,2.526799201965332,3.4715678691864014,-43.19295883178711,0.011409705504775047,8.5663423538208,-9.0,9.0,42.98048400878906,15.450857162475586,1.6267509460449219,-0.7789891362190247,9459
4338,41965,0.5741734504699707,0.5970615148544312,-43.48343276977539,0.011421958915889263,10.569746017456055,-9.0,9.0,42.6026725769043,14.784200668334961,1.6630645990371704,-0.7735165953636169,9460
4339,41965,0.6243951320648193,0.8079671859741211,-42.56993103027344,0.011434716172516346,11.57058048248291,-9.0,9.0,41.75698471069336,13.080820083618164,1.700670838356018,-0.7661260962486267,9461
4340,41965,1.0392550230026245,0.9753072261810303,-44.54658126831055,0.011447924189269543,9.903057098388672,-9.0,9.0,43.95500946044922,15.72363567352295,1.6775445938110352,-0.7862629890441895,9462
4341,41965,0.6703596115112305,0.5279063582420349,-44.28974151611328,0.011461546644568443,15.356050491333008,-9.0,9.0,43.57316589355469,14.330964088439941,1.7506242990493774,-0.766075074672699,9463
4342,41965,1.384042501449585,1.2398693561553955,-44.08497619628906,0.011475540697574615,6.989996910095215,-9.0,9.0,43.77592849731445,14.418831825256348,1.6272765398025513,-0.7722841501235962,9464
4343,41965,1.0697096586227417,1.065558910369873,-43.234840393066406,0.01148987002670765,14.458049774169922,-9.0,9.0,42.70187759399414,13.828076362609863,1.7448209524154663,-0.739622950553894,9465
4344,41965,1.0327441692352295,1.2022837400436401,-45.14332580566406,0.011504502035677433,12.834853172302246,-9.0,9.0,44.36594009399414,15.560227394104004,1.6799839735031128,-0.7748951315879822,9466
4345,41965,1.8686740398406982,1.9852890968322754,-42.829498291015625,0.011519410647451878,11.618053436279297,-9.0,9.0,42.30278015136719,15.844447135925293,1.6854664087295532,-0.7283042073249817,9467
4346,41965,0.7785524725914001,1.0542874336242676,-42.920658111572266,0.01153456512838602,7.61201286315918,-9.0,9.0,42.526397705078125,13.845802307128906,1.637481451034546,-0.7077183127403259,9468
4347,41965,1.9562275409698486,2.134213447570801,-44.271728515625,0.011549947783350945,9.710980415344238,-9.0,9.0,43.57267761230469,15.278122901916504,1.6649589538574219,-0.7352303266525269,9469
4348,41965,1.627986192703247,2.1575210094451904,-42.92778015136719,0.011565533466637135,4.925029277801514,-9.0,9.0,42.029273986816406,14.586090087890625,1.5912808179855347,-0.6992434859275818,9470
4349,41965,0.817437469959259,1.0663869380950928,-43.207759857177734,0.011581305414438248,8.993398666381836,-9.0,9.0,42.186866760253906,13.949108123779297,1.664617657661438,-0.6767641305923462,9471
4350,41965,0.7086743116378784,0.7032299041748047,-44.56697463989258,0.01159724872559309,5.119417190551758,-9.0,9.0,43.98944854736328,13.603499412536621,1.577808141708374,-0.7576660513877869,9472
4351,41965,15.811525344848633,15.568696975708008,-43.568870544433594,0.01161279808729887,3.0365068912506104,-9.0,9.0,42.770103454589844,14.376077651977539,1.5202516317367554,-0.7219390273094177,9473
4352,41965,0.9637020230293274,1.3332431316375732,-43.51625061035156,0.011627775616943836,2.459270477294922,-9.0,9.0,43.41126251220703,15.08456802368164,1.5197665691375732,-0.7227755784988403,9474
4353,41965,0.7043216824531555,0.8029212355613708,-42.712066650390625,0.011642495170235634,3.1295371055603027,-9.0,9.0,42.053958892822266,13.084488868713379,1.558298110961914,-0.7060257196426392,9475
4354,41965,0.6855690479278564,0.8443308472633362,-43.19347381591797,0.011657494120299816,4.467793941497803,-9.0,9.0,42.41039276123047,13.471875190734863,1.5701541900634766,-0.6633076071739197,9476
4355,41965,1.5669481754302979,1.3201253414154053,-43.05699157714844,0.011670731008052826,-0.7240571975708008,-9.0,9.0,42.09760284423828,14.423928260803223,1.4886438846588135,-0.6874027848243713,9477
4356,41965,0.8879121541976929,0.9669070243835449,-44.127899169921875,0.011684400960803032,6.166371822357178,-9.0,9.0,43.55716323852539,14.858572006225586,1.6240512132644653,-0.705454409122467,9478
4357,41965,1.0316522121429443,0.8913829326629639,-43.50898742675781,0.011698461137712002,6.208449363708496,-9.0,9.0,42.88893508911133,14.35114860534668,1.5998566150665283,-0.7152161002159119,9479
4358,41965,0.6751595735549927,0.7211136817932129,-44.05545425415039,0.011712867766618729,5.903244972229004,-9.0,9.0,43.167510986328125,13.285231590270996,1.5770117044448853,-0.7058855891227722,9480
4359,41965,1.0250413417816162,1.2767349481582642,-43.62056350708008,0.011727593839168549,8.044453620910645,-9.0,9.0,42.846153259277344,14.903302192687988,1.6361932754516602,-0.6982183456420898,9481
4360,41965,0.5268567800521851,0.4814409911632538,-42.20602798461914,0.01174260675907135,4.955294609069824,-9.0,9.0,41.50550842285156,14.018058776855469,1.6150315999984741,-0.6421793699264526,9482
4361,41965,0.56217360496521,0.7208346128463745,-43.29327392578125,0.011757880449295044,6.709253311157227,-9.0,9.0,42.7017822265625,14.0363187789917,1.6439907550811768,-0.6854027509689331,9483
4362,41965,0.7389459609985352,0.757392168045044,-44.63673400878906,0.01177339255809784,11.310957908630371,-9.0,9.0,43.7869873046875,14.806273460388184,1.7041666507720947,-0.684538722038269,9484
4363,41965,0.8830225467681885,0.8482160568237305,-45.34952926635742,0.011789117008447647,9.114351272583008,-9.0,9.0,44.63669204711914,13.948094367980957,1.6595029830932617,-0.7251513600349426,9485
4364,41965,1.9771130084991455,2.046828269958496,-43.775726318359375,0.01180503610521555,4.976754188537598,-9.0,9.0,43.24890899658203,14.082454681396484,1.6005859375,-0.7125253081321716,9486
4365,41965,1.0978758335113525,0.9300007224082947,-46.30602264404297,0.011821134947240353,12.500191688537598,-9.0,9.0,44.994075775146484,15.352151870727539,1.7168909311294556,-0.702056348323822,9487
4366,41965,0.6732769012451172,0.5394150018692017,-42.140838623046875,0.01183739211410284,7.95767879486084,-9.0,9.0,41.32844924926758,12.691962242126465,1.683379054069519,-0.6444277167320251,9488
4367,41965,0.6300871968269348,0.692897617816925,-41.77602005004883,0.011853794567286968,8.966057777404785,-9.0,9.0,41.57560348510742,12.99816608428955,1.6525295972824097,-0.6397606134414673,9489
4368,41965,0.6376889944076538,0.6358475685119629,-41.57884979248047,0.011870333924889565,9.551724433898926,-9.0,9.0,41.377220153808594,13.758695602416992,1.7100735902786255,-0.6248173713684082,9490
4369,41965,0.5997311472892761,0.661216676235199,-44.45479202270508,0.011886992491781712,7.5538649559021,-9.0,9.0,43.71377182006836,13.903963088989258,1.6492716073989868,-0.6911140084266663,9491
4370,41965,1.5153892040252686,1.4339091777801514,-44.27928924560547,0.011903759092092514,8.792163848876953,-9.0,9.0,43.34152603149414,12.994407653808594,1.6955862045288086,-0.6693851351737976,9492
4371,41965,0.5512979030609131,0.5234150290489197,-44.11379623413086,0.011920629069209099,11.429744720458984,-9.0,9.0,43.198299407958984,14.039738655090332,1.7187821865081787,-0.6736087799072266,9493
4372,41965,0.7573037147521973,0.6515422463417053,-42.729637145996094,0.01193759124726057,9.036900520324707,-9.0,9.0,42.276668548583984,13.300222396850586,1.6942193508148193,-0.6681111454963684,9494
4373,41965,2.244154691696167,2.1456708908081055,-44.54692840576172,0.011954640969634056,9.329898834228516,-9.0,9.0,44.22367858886719,15.260354995727539,1.6662598848342896,-0.6988420486450195,9495
4374,41965,0.946765124797821,1.122257947921753,-43.332157135009766,0.011971770785748959,6.452767372131348,-9.0,9.0,42.3995246887207,14.734258651733398,1.6501644849777222,-0.6329487562179565,9496
4375,41965,0.9916574954986572,1.050942301750183,-44.910362243652344,0.011988972313702106,6.610841751098633,-9.0,9.0,43.805389404296875,13.661908149719238,1.6740922927856445,-0.6846732497215271,9497
4376,41965,0.8126128911972046,0.7466192245483398,-44.37399673461914,0.012006238102912903,5.920406818389893,-9.0,9.0,43.67839050292969,15.940835952758789,1.6117006540298462,-0.7014681100845337,9498
4377,41965,1.4431147575378418,1.7836086750030518,-44.27863311767578,0.012023568153381348,9.262192726135254,-9.0,9.0,43.996376037597656,15.016681671142578,1.686754584312439,-0.663152277469635,9499
4378,41965,15.2678804397583,15.508702278137207,-45.210235595703125,0.012040953151881695,7.778745174407959,-9.0,9.0,44.45841979980469,16.421337127685547,1.6928348541259766,-0.6506566405296326,9500
4379,41965,0.577433168888092,0.7317485213279724,-43.02470779418945,0.012058045715093613,3.5521316528320312,-9.0,9.0,42.58132553100586,13.947174072265625,1.6068611145019531,-0.6641284823417664,9501
4380,41965,1.429041862487793,1.7032811641693115,-45.45635223388672,0.012075226753950119,7.814673900604248,-9.0,9.0,44.50495529174805,15.035103797912598,1.697594404220581,-0.6716298460960388,9502
4381,41965,0.8819447755813599,0.9230599403381348,-43.87647247314453,0.012092247605323792,3.821676731109619,-9.0,9.0,43.160945892333984,14.2762451171875,1.5917184352874756,-0.6734455227851868,9503
4382,41965,0.8764267563819885,0.9545270800590515,-43.833316802978516,0.01210873294621706,2.8383889198303223,-9.0,9.0,43.00044250488281,15.221888542175293,1.5553818941116333,-0.683201014995575,9504
4383,41965,1.023733377456665,0.8354018330574036,-43.800148010253906,0.012125367298722267,5.572877883911133,-9.0,9.0,43.242088317871094,14.246843338012695,1.635627031326294,-0.6511102318763733,9505
4384,41965,1.3698346614837646,1.2417913675308228,-44.82289123535156,0.012142140418291092,6.815265655517578,-9.0,9.0,44.014766693115234,15.228554725646973,1.6351470947265625,-0.6874764561653137,9506
4385,41965,1.0732263326644897,1.135388731956482,-44.143638610839844,0.012159035541117191,4.42282772064209,-9.0,9.0,42.93523025512695,13.03209114074707,1.6061147451400757,-0.6761282086372375,9507
4386,41965,1.3063429594039917,1.3803483247756958,-44.69667053222656,0.012175030075013638,1.8832039833068848,-9.0,9.0,43.67975616455078,13.770942687988281,1.6009505987167358,-0.6786295771598816,9508
4387,41965,0.8690717220306396,1.0168914794921875,-43.561279296875,0.012191232293844223,5.934389591217041,-9.0,9.0,43.15646743774414,13.7498197555542,1.624900460243225,-0.687454342842102,9509
4388,41965,2.6018362045288086,2.279632806777954,-43.93708801269531,0.012207619845867157,4.777504920959473,-9.0,9.0,43.67705535888672,14.828843116760254,1.6184622049331665,-0.6983388662338257,9510
4389,41965,0.7152705788612366,0.7330255508422852,-43.591094970703125,0.01222385372966528,3.61104154586792,-9.0,9.0,42.86818313598633,14.854534149169922,1.584263801574707,-0.6959258317947388,9511
4390,41965,1.5515413284301758,1.9333796501159668,-47.15503692626953,0.01224027294665575,5.998251914978027,-9.0,9.0,45.660282135009766,17.45269203186035,1.5876483917236328,-0.7554337382316589,9512
4391,41965,0.8286275863647461,0.9748560786247253,-42.11538314819336,0.0122568653896451,5.860729217529297,-9.0,9.0,41.11334228515625,13.424766540527344,1.6723133325576782,-0.6643742322921753,9513
4392,41965,0.915088951587677,0.9235522747039795,-43.976654052734375,0.012273609638214111,9.980498313903809,-9.0,9.0,43.560298919677734,14.545907020568848,1.7099778652191162,-0.7195103764533997,9514
4393,41965,0.9420732855796814,1.0134809017181396,-44.61879348754883,0.01229049451649189,11.29866886138916,-9.0,9.0,44.39429473876953,14.614826202392578,1.728811502456665,-0.7057977318763733,9515
4394,41965,0.6420136094093323,0.5503547191619873,-43.41524887084961,0.012307507917284966,8.649127006530762,-9.0,9.0,42.59349060058594,14.169236183166504,1.6872813701629639,-0.6826993227005005,9516
4395,41965,1.2012382745742798,1.0094234943389893,-45.121524810791016,0.012324633076786995,12.182705879211426,-9.0,9.0,43.74798583984375,14.862385749816895,1.7592275142669678,-0.7104066610336304,9517
4396,41965,0.8241047263145447,0.8241240978240967,-46.063602447509766,0.012341863475739956,10.63405990600586,-9.0,9.0,45.131309509277344,15.285067558288574,1.6934778690338135,-0.7598983645439148,9518
4397,41965,1.474806547164917,1.447806715965271,-43.641326904296875,0.01235919538885355,13.173831939697266,-9.0,9.0,43.35724639892578,13.852266311645508,1.7721620798110962,-0.7191945314407349,9519
4398,41965,2.502866268157959,2.39137601852417,-43.93627166748047,0.012376616708934307,12.703581809997559,-9.0,9.0,43.81763458251953,15.236420631408691,1.7634975910186768,-0.7302566766738892,9520
4399,41965,1.065903902053833,1.3235365152359009,-45.769309997558594,0.012394116260111332,13.76960277557373,-9.0,9.0,44.76822280883789,15.628558158874512,1.756779670715332,-0.7511132955551147,9521
4400,41965,1.021093487739563,0.7605515122413635,-44.14970397949219,0.01241169311106205,10.036026000976562,-9.0,9.0,42.841712951660156,17.062667846679688,1.7270992994308472,-0.7095870971679688,9522
4401,41965,0.69940185546875,0.7128702402114868,-44.81547927856445,0.012429341673851013,15.002265930175781,-9.0,9.0,43.74016571044922,14.444692611694336,1.7704297304153442,-0.7216811180114746,9523
4402,41965,0.8670055866241455,0.8553813695907593,-42.84194564819336,0.012447051703929901,12.703048706054688,-9.0,9.0,42.63210678100586,12.803041458129883,1.7659709453582764,-0.6935085654258728,9524
4403,41965,0.9491633176803589,0.8798055052757263,-44.53632736206055,0.012464823201298714,12.760085105895996,-9.0,9.0,44.29570007324219,13.852551460266113,1.732425570487976,-0.7262883186340332,9525
4404,41965,0.49316370487213135,0.6222101449966431,-46.174964904785156,0.012482648715376854,13.068771362304688,-9.0,9.0,45.16826629638672,14.869563102722168,1.7617027759552002,-0.7293645143508911,9526
4405,41965,0.7874175310134888,0.708970308303833,-45.805877685546875,0.012500524520874023,10.760623931884766,-9.0,9.0,44.401947021484375,13.704944610595703,1.731990098953247,-0.7355108261108398,9527
4406,41965,0.6693978309631348,0.7136235237121582,-43.51897048950195,0.012518448755145073,11.117071151733398,-9.0,9.0,42.62125015258789,13.71801471710205,1.7516367435455322,-0.659708559513092,9528
4407,41965,1.2302030324935913,1.0227965116500854,-44.55218505859375,0.012536417692899704,8.675868034362793,-9.0,9.0,44.10819625854492,14.289205551147461,1.6847648620605469,-0.689300537109375,9529
4408,41965,1.6855530738830566,1.373807430267334,-45.88680648803711,0.012554429471492767,7.632685661315918,-9.0,9.0,45.258811950683594,15.723244667053223,1.6615864038467407,-0.7185608744621277,9530
4409,41965,1.3011466264724731,1.3793103694915771,-43.517494201660156,0.01257247943431139,10.40670108795166,-9.0,9.0,42.58197784423828,14.200261116027832,1.7513166666030884,-0.6603218913078308,9531
4410,41965,0.9622918963432312,0.9737664461135864,-44.46018600463867,0.012590567581355572,4.50068473815918,-9.0,9.0,43.47562789916992,14.52979850769043,1.6384059190750122,-0.7029184103012085,9532
4411,41965,2.2979612350463867,2.291149139404297,-44.11406707763672,0.012608693912625313,9.53868579864502,-9.0,9.0,43.52997970581055,15.032011985778809,1.7019456624984741,-0.6913474798202515,9533
4412,41965,0.7735950350761414,0.7635588645935059,-44.43967819213867,0.01262685190886259,5.748358726501465,-9.0,9.0,43.651405334472656,13.797707557678223,1.644413948059082,-0.6942793726921082,9534
4413,41965,0.9506792426109314,0.8081725239753723,-44.53242874145508,0.01264504250138998,7.828381061553955,-9.0,9.0,43.81813049316406,13.985154151916504,1.6957792043685913,-0.6646872758865356,9535
4414,41965,0.7784932851791382,0.889075756072998,-45.46116256713867,0.012663258239626884,8.552068710327148,-9.0,9.0,44.8938102722168,14.87277889251709,1.6975765228271484,-0.7033281326293945,9536
4415,41965,0.8898410797119141,1.0282909870147705,-44.13654327392578,0.012681507505476475,6.463308334350586,-9.0,9.0,43.54045104980469,14.810647964477539,1.6819374561309814,-0.6807877421379089,9537
4416,41965,0.9683570861816406,1.1683509349822998,-44.34136962890625,0.012699782848358154,7.200475215911865,-9.0,9.0,43.887245178222656,15.596898078918457,1.6853649616241455,-0.6824012398719788,9538
4417,41965,0.39695772528648376,0.42192086577415466,-41.87178421020508,0.012718084268271923,7.674534320831299,-9.0,9.0,41.372005462646484,12.49312686920166,1.6928116083145142,-0.6463580131530762,9539
4418,41965,1.1657445430755615,1.1857690811157227,-43.70359802246094,0.012736411765217781,7.186878204345703,-9.0,9.0,43.15935516357422,14.778955459594727,1.6892422437667847,-0.6673803329467773,9540
4419,41965,0.6694473624229431,0.7464432716369629,-43.26731872558594,0.012754766270518303,8.35014820098877,-9.0,9.0,42.5168342590332,15.577110290527344,1.7152115106582642,-0.6414135694503784,9541
4420,41965,0.7135006785392761,0.7877835035324097,-43.99148941040039,0.012773140333592892,11.46703815460205,-9.0,9.0,43.28888702392578,13.725164413452148,1.758231520652771,-0.6624385714530945,9542
4421,41965,0.7917425632476807,0.8598489165306091,-44.98093032836914,0.012791529297828674,4.340670108795166,-9.0,9.0,44.203773498535156,14.1336030960083,1.6137193441390991,-0.6905199885368347,9543
4422,41965,1.777535319328308,2.1294169425964355,-44.8812255859375,0.01280994527041912,8.884246826171875,-9.0,9.0,44.41054153442383,15.813606262207031,1.6782712936401367,-0.6950255632400513,9544
4423,41965,0.7303563952445984,0.7642038464546204,-44.34092330932617,0.01282771397382021,2.7645516395568848,-9.0,9.0,43.76216506958008,13.955828666687012,1.5788248777389526,-0.6884191632270813,9545
4424,41965,0.9858262538909912,0.9253193140029907,-44.572059631347656,0.012845574878156185,5.480149269104004,-9.0,9.0,43.925048828125,15.741483688354492,1.630655288696289,-0.7086659073829651,9546
4425,41965,41.938751220703125,42.194610595703125,-43.64207077026367,0.012863515876233578,6.294308185577393,-9.0,9.0,42.36492919921875,13.415863990783691,1.644616961479187,-0.6723184585571289,9547
4426,41965,0.9668177366256714,1.6402033567428589,-44.01622772216797,0.012881451286375523,4.16166353225708,-9.0,9.0,44.1529541015625,15.583977699279785,1.6009029150009155,-0.7052909731864929,9548
4427,41965,2.266979217529297,2.394171714782715,-44.14091873168945,0.012899461202323437,6.090373516082764,-9.0,9.0,44.283416748046875,14.842816352844238,1.6233266592025757,-0.7087544202804565,9549
4428,41965,0.9021270871162415,1.188204288482666,-44.684349060058594,0.01291754562407732,5.870718002319336,-9.0,9.0,43.86957931518555,13.771209716796875,1.6456152200698853,-0.6803514361381531,9550
4429,41965,3.3168206214904785,3.8676276206970215,-44.444828033447266,0.012934698723256588,1.9889028072357178,-9.0,9.0,42.69050979614258,14.80362606048584,1.5650876760482788,-0.6667003631591797,9551
4430,41965,2.272108554840088,1.969383955001831,-46.885955810546875,0.012952011078596115,8.021866798400879,-9.0,9.0,45.31275177001953,18.065080642700195,1.6783676147460938,-0.6899668574333191,9552
4431,41965,0.6001832485198975,1.0760339498519897,-44.303253173828125,0.012969469651579857,5.425304412841797,-9.0,9.0,43.76853942871094,15.818550109863281,1.6253904104232788,-0.6829286217689514,9553
4432,41965,1.69074547290802,1.6265517473220825,-42.801334381103516,0.012987064197659492,8.5438871383667,-9.0,9.0,42.87055969238281,14.037768363952637,1.670988917350769,-0.6631050705909729,9554
4433,41965,1.2216954231262207,1.2295171022415161,-45.6336669921875,0.013004775159060955,5.33604621887207,-9.0,9.0,45.14079666137695,16.017229080200195,1.6081064939498901,-0.7195991277694702,9555
4434,41965,1.8658061027526855,2.363764524459839,-45.25104904174805,0.013022596947848797,6.645029067993164,-9.0,9.0,43.98732376098633,15.1475191116333,1.6566795110702515,-0.6974316835403442,9556
4435,41965,1.272775650024414,1.6531199216842651,-47.25813293457031,0.01304052397608757,10.27741527557373,-9.0,9.0,46.01429748535156,17.941316604614258,1.698085069656372,-0.7313500642776489,9557
4436,41965,0.7942706942558289,0.9893680810928345,-44.243404388427734,0.013058544136583805,10.260498046875,-9.0,9.0,43.73966979980469,13.668506622314453,1.7207330465316772,-0.6941213607788086,9558
4437,41965,1.0033310651779175,1.0508323907852173,-44.412960052490234,0.013076651841402054,6.967086315155029,-9.0,9.0,43.92685317993164,15.465631484985352,1.6492822170257568,-0.6916101574897766,9559
4438,41965,0.754696249961853,1.1541495323181152,-43.80912780761719,0.013094834983348846,12.27800464630127,-9.0,9.0,43.02528381347656,14.171339988708496,1.7255380153656006,-0.7240316271781921,9560
4439,41965,1.5548911094665527,1.5127662420272827,-46.69015121459961,0.013113092631101608,15.75575065612793,-9.0,9.0,45.63050079345703,15.96092414855957,1.7932302951812744,-0.7473616003990173,9561
4440,41965,1.23384428024292,1.2785165309906006,-44.821510314941406,0.013131413608789444,13.709312438964844,-9.0,9.0,44.255130767822266,15.298283576965332,1.7459787130355835,-0.6996528506278992,9562
4441,41965,1.5463242530822754,2.094207525253296,-44.46315002441406,0.013149797916412354,16.65689468383789,-9.0,9.0,44.10780715942383,15.871058464050293,1.8187185525894165,-0.7005473971366882,9563
4442,41965,0.8708246946334839,1.1492037773132324,-44.297935485839844,0.013168239034712315,12.928685188293457,-9.0,9.0,43.971649169921875,14.250754356384277,1.7698545455932617,-0.7091056108474731,9564
4443,41965,0.7553085088729858,0.8687516450881958,-46.258506774902344,0.013186737895011902,14.14935302734375,-9.0,9.0,45.950531005859375,15.148919105529785,1.7895842790603638,-0.7236779928207397,9565
4444,41965,2.996725082397461,2.708881139755249,-44.538787841796875,0.013205287978053093,13.711336135864258,-9.0,9.0,44.543296813964844,17.064952850341797,1.7696313858032227,-0.7172082662582397,9566
4445,41965,0.6806675791740417,0.7724426984786987,-44.59990310668945,0.013223882764577866,11.634260177612305,-9.0,9.0,43.99809265136719,14.814255714416504,1.7524833679199219,-0.7180104851722717,9567
4446,41965,0.732174813747406,0.7492019534111023,-43.977203369140625,0.01324252225458622,12.74794864654541,-9.0,9.0,43.255279541015625,14.54343318939209,1.7653467655181885,-0.704011082649231,9568
4447,41965,0.801996111869812,0.7672033905982971,-42.878780364990234,0.013261201791465282,10.373954772949219,-9.0,9.0,42.47319793701172,14.221692085266113,1.743163824081421,-0.6790485382080078,9569
4448,41965,1.0215330123901367,1.2640597820281982,-46.93290328979492,0.013279919512569904,10.178619384765625,-9.0,9.0,46.431915283203125,17.38457489013672,1.7177773714065552,-0.7275811433792114,9570
4449,41965,0.48668670654296875,0.5920600295066833,-43.75603485107422,0.01329867634922266,8.59465217590332,-9.0,9.0,43.070350646972656,13.318038940429688,1.7151145935058594,-0.6462627649307251,9571
4450,41965,1.507340908050537,1.5203977823257446,-46.0156135559082,0.013317465782165527,8.680987358093262,-9.0,9.0,45.2847785949707,15.303918838500977,1.6784791946411133,-0.7036965489387512,9572
4451,41965,1.6009653806686401,1.5451476573944092,-44.68228530883789,0.01333628874272108,5.937659740447998,-9.0,9.0,43.758392333984375,15.199806213378906,1.651480793952942,-0.6801570653915405,9573
4452,41965,0.6287141442298889,0.6705910563468933,-43.83400344848633,0.01335490308701992,3.759455680847168,-9.0,9.0,43.36929702758789,14.894336700439453,1.6209650039672852,-0.6695185899734497,9574
4453,41965,0.7904230356216431,0.749545156955719,-45.52434158325195,0.01337356772273779,7.161576271057129,-9.0,9.0,45.15293502807617,14.239042282104492,1.6978806257247925,-0.682777464389801,9575
4454,41965,0.5357298851013184,0.6208313703536987,-44.69260025024414,0.013391588814556599,2.713995933532715,-9.0,9.0,43.98179626464844,15.625978469848633,1.6100329160690308,-0.6966878175735474,9576
4455,41965,1.0227603912353516,1.0518286228179932,-44.72282409667969,0.013409730046987534,6.05057430267334,-9.0,9.0,43.715938568115234,14.77376937866211,1.6555966138839722,-0.6588279008865356,9577
4456,41965,0.700899064540863,0.7880789041519165,-44.680816650390625,0.01342797838151455,8.94448184967041,-9.0,9.0,43.64142990112305,13.843165397644043,1.7033201456069946,-0.6489114761352539,9578
4457,41965,1.0765904188156128,1.1715232133865356,-45.34379196166992,0.01344632264226675,6.535289764404297,-9.0,9.0,44.98252487182617,15.291884422302246,1.6668999195098877,-0.6649258732795715,9579
4458,41965,0.7559245824813843,0.5840418934822083,-42.5971794128418,0.013464756309986115,7.352199554443359,-9.0,9.0,42.2685432434082,14.998457908630371,1.6897631883621216,-0.6527734994888306,9580
4459,41965,0.4270944893360138,0.5398114323616028,-43.48652648925781,0.01348327286541462,7.008357048034668,-9.0,9.0,42.739646911621094,14.313638687133789,1.6970500946044922,-0.6283539533615112,9581
4460,41965,0.6122314929962158,0.6301373243331909,-44.18499755859375,0.013501866720616817,9.154398918151855,-9.0,9.0,43.0802001953125,13.19259262084961,1.715009331703186,-0.6434820294380188,9582
4461,41965,0.7548367381095886,0.7184934020042419,-46.027427673339844,0.013520530425012112,10.37841796875,-9.0,9.0,44.95085144042969,14.46546459197998,1.7150208950042725,-0.6925829648971558,9583
4462,41965,1.1745333671569824,1.4316036701202393,-44.578460693359375,0.013539259321987629,5.519423484802246,-9.0,9.0,44.2192268371582,15.761483192443848,1.635117530822754,-0.6369438171386719,9584
4463,41965,0.6514069437980652,0.5809381604194641,-44.396087646484375,0.013558046892285347,8.089004516601562,-9.0,9.0,44.095359802246094,15.012177467346191,1.718009352684021,-0.6554777026176453,9585
4464,41965,0.46010109782218933,0.4446197748184204,-43.61271286010742,0.013576892204582691,5.05479621887207,-9.0,9.0,43.07899475097656,14.067748069763184,1.6886911392211914,-0.6477258801460266,9586
4465,41965,0.5775637030601501,0.6803990602493286,-44.05878448486328,0.013595789670944214,7.7687249183654785,-9.0,9.0,43.05335998535156,13.677441596984863,1.6905189752578735,-0.6422034502029419,9587
4466,41965,0.6416207551956177,0.7984084486961365,-44.21839141845703,0.013614733703434467,6.829746246337891,-9.0,9.0,43.3726806640625,12.62238883972168,1.6639997959136963,-0.6632596850395203,9588
4467,41965,1.1899943351745605,1.0637714862823486,-45.36846923828125,0.013633722439408302,4.499540328979492,-9.0,9.0,45.00047302246094,16.71129035949707,1.6364632844924927,-0.6755051016807556,9589
4468,41965,1.0192463397979736,0.9068790078163147,-46.53247833251953,0.013651970773935318,2.519761800765991,-9.0,9.0,46.091400146484375,17.173370361328125,1.565808653831482,-0.7111295461654663,9590
4469,41965,0.45672470331192017,0.5934492349624634,-45.01176452636719,0.013670268468558788,4.133975982666016,-9.0,9.0,44.36548614501953,16.474163055419922,1.6030570268630981,-0.6592260599136353,9591
4470,41965,0.940294623374939,0.802249014377594,-46.62343978881836,0.013688682578504086,4.509753704071045,-9.0,9.0,45.611534118652344,16.190134048461914,1.5805333852767944,-0.7097343802452087,9592
4471,41965,0.6012972593307495,0.6090189814567566,-45.987022399902344,0.013706918805837631,3.6516318321228027,-9.0,9.0,44.97335433959961,15.385916709899902,1.5881521701812744,-0.6830710172653198,9593
4472,41965,1.0227930545806885,0.9374902248382568,-46.50795364379883,0.013725277967751026,5.274569034576416,-9.0,9.0,45.79762649536133,15.525863647460938,1.594225525856018,-0.7172008752822876,9594
4473,41965,0.7533535361289978,0.641715407371521,-46.24578094482422,0.013742580078542233,1.6568880081176758,-9.0,9.0,45.562660217285156,17.498836517333984,1.5314282178878784,-0.7140654921531677,9595
4474,41965,0.8560876846313477,0.8428467512130737,-45.585723876953125,0.013758670538663864,1.0936613082885742,-9.0,9.0,44.78145217895508,16.528017044067383,1.4962537288665771,-0.7638310790061951,9596
4475,41965,0.7865588068962097,0.831668496131897,-43.706268310546875,0.013773092068731785,-0.18569421768188477,-9.0,9.0,43.149749755859375,15.1616849899292,1.5300108194351196,-0.692518413066864,9597
4476,41965,2.8910679817199707,3.316385269165039,-45.35093688964844,0.013787870295345783,3.942706346511841,-9.0,9.0,44.932254791259766,16.932388305664062,1.5665379762649536,-0.7165845036506653,9598
4477,41965,0.7652600407600403,0.8552302122116089,-44.70899963378906,0.013801677152514458,1.0630128383636475,-9.0,9.0,43.531944274902344,14.734281539916992,1.541230320930481,-0.7141305804252625,9599
4478,41965,0.7032727003097534,0.7562901377677917,-45.466304779052734,0.013814430683851242,0.6800870299339294,-9.0,9.0,44.637821197509766,14.551125526428223,1.5276192426681519,-0.7164467573165894,9600
4479,41965,0.9020829200744629,0.9778141379356384,-46.016937255859375,0.01382711622864008,2.620032548904419,-9.0,9.0,45.346065521240234,16.162376403808594,1.5345243215560913,-0.7401189804077148,9601
4480,41965,2.4974515438079834,2.1992545127868652,-43.79967498779297,0.013838125392794609,-0.9213417768478394,-9.0,9.0,43.432186126708984,15.17537784576416,1.4969756603240967,-0.7194016575813293,9602
4481,41965,0.9368115663528442,0.702399730682373,-45.26723098754883,0.013847722671926022,-0.7056702375411987,-9.0,9.0,44.78812789916992,15.898953437805176,1.5013216733932495,-0.7372287511825562,9603
4482,41965,1.6776728630065918,1.5968612432479858,-44.14146041870117,0.013855205848813057,-2.5418083667755127,-9.0,9.0,42.96012878417969,13.534090995788574,1.474712610244751,-0.719626784324646,9604
4483,41965,0.746553897857666,0.5440645813941956,-44.07361602783203,0.013861490413546562,-0.9929748773574829,-9.0,9.0,43.24394226074219,14.958751678466797,1.470351219177246,-0.730851948261261,9605
4484,41965,0.46223685145378113,0.43186867237091064,-43.64034652709961,0.013866395689547062,-1.6407115459442139,-9.0,9.0,43.17567443847656,13.45676040649414,1.497804045677185,-0.716920018196106,9606
4485,41965,1.104224443435669,1.2641624212265015,-44.326393127441406,0.013870283961296082,-1.1560372114181519,-9.0,9.0,43.98955535888672,15.93521499633789,1.4830397367477417,-0.7316152453422546,9607
4486,41965,1.3008670806884766,1.2208465337753296,-45.446250915527344,0.013872142881155014,-3.5681004524230957,-9.0,9.0,45.0956916809082,16.81710433959961,1.4441242218017578,-0.7624453902244568,9608
4487,41965,1.2504075765609741,1.2895774841308594,-46.298152923583984,0.013872956857085228,-1.8772631883621216,-9.0,9.0,45.137290954589844,17.129867553710938,1.4450944662094116,-0.7781686186790466,9609
4488,41965,0.6235758662223816,0.7053821682929993,-45.25675964355469,0.013871904462575912,-3.88425350189209,-9.0,9.0,44.157569885253906,16.21484375,1.4311845302581787,-0.7513937950134277,9610
4489,41965,0.9452431797981262,0.8664159178733826,-45.31368637084961,0.013871699571609497,1.622262954711914,-9.0,9.0,44.49179458618164,15.749625205993652,1.5492433309555054,-0.7421054244041443,9611
4490,41965,0.7122255563735962,0.7939429879188538,-44.92646408081055,0.013872036710381508,1.1315982341766357,-9.0,9.0,44.610198974609375,16.126262664794922,1.5411990880966187,-0.7122647166252136,9612
4491,41965,1.6104611158370972,1.9616302251815796,-45.01536178588867,0.013871620409190655,-1.5663695335388184,-9.0,9.0,44.710235595703125,16.35426902770996,1.4555597305297852,-0.7561027407646179,9613
4492,41965,0.8560027480125427,1.0292202234268188,-45.790245056152344,0.013871289789676666,0.09794262051582336,-9.0,9.0,44.885040283203125,15.96784782409668,1.4788486957550049,-0.7533940672874451,9614
4493,41965,0.6490800380706787,0.6711403131484985,-44.41879653930664,0.013870959170162678,-0.07361891865730286,-9.0,9.0,43.270477294921875,13.816033363342285,1.5016933679580688,-0.7141574025154114,9615
4494,41965,0.558621883392334,0.684786856174469,-45.479209899902344,0.013870601542294025,-0.13272979855537415,-9.0,9.0,44.56015396118164,14.651190757751465,1.5138202905654907,-0.7104671597480774,9616
4495,41965,0.7440786957740784,0.8274291157722473,-44.08055877685547,0.013869808055460453,-1.0147104263305664,-9.0,9.0,43.67643356323242,14.385614395141602,1.4737576246261597,-0.7168816328048706,9617
4496,41965,0.610053539276123,0.796592652797699,-44.63516616821289,0.013867605477571487,-3.2341318130493164,-9.0,9.0,44.1642951965332,15.782917976379395,1.4413318634033203,-0.7281583547592163,9618
4497,41965,0.6191931962966919,0.621598482131958,-45.595088958740234,0.013866310007870197,1.4878761768341064,-9.0,9.0,44.76530075073242,14.632651329040527,1.5320321321487427,-0.7163103818893433,9619
4498,41965,0.662713885307312,0.6928014755249023,-47.2435188293457,0.013864967972040176,-0.38039129972457886,-9.0,9.0,45.9543342590332,16.933340072631836,1.5040771961212158,-0.735763669013977,9620
4499,41965,2.433027505874634,2.3791022300720215,-45.59244155883789,0.01386407483369112,0.6834954023361206,-9.0,9.0,44.798343658447266,17.386192321777344,1.5160942077636719,-0.7194730043411255,9621
4500,41965,2.2337799072265625,2.489734172821045,-45.2623405456543,0.01386301126331091,-0.5658127665519714,-9.0,9.0,44.56261444091797,18.64543914794922,1.4939042329788208,-0.7173973917961121,9622
4501,41965,0.3530232310295105,0.39624834060668945,-43.92298889160156,0.01386227086186409,0.48056191205978394,-9.0,9.0,43.160980224609375,13.073775291442871,1.5633398294448853,-0.6767457723617554,9623
4502,41965,0.8025989532470703,0.810783863067627,-46.224937438964844,0.013862019404768944,0.8988747596740723,-9.0,9.0,45.383995056152344,14.50963306427002,1.5552682876586914,-0.7214536666870117,9624
4503,41965,2.9943838119506836,2.184842109680176,-46.46416473388672,0.013862243853509426,0.975251317024231,-9.0,9.0,45.788917541503906,16.405466079711914,1.554552674293518,-0.6970769762992859,9625
4504,41965,0.9971022009849548,0.8451659083366394,-45.044898986816406,0.013862772844731808,0.708767831325531,-9.0,9.0,44.68527603149414,14.256507873535156,1.5638052225112915,-0.7208884954452515,9626
4505,41965,0.5301276445388794,0.47540995478630066,-44.199302673339844,0.0138640021905303,1.624577522277832,-9.0,9.0,43.73821258544922,14.018619537353516,1.5594762563705444,-0.6885703206062317,9627
4506,41965,0.5446286201477051,0.5344731211662292,-44.60445785522461,0.013864484615623951,-1.3470120429992676,-9.0,9.0,43.425907135009766,16.082111358642578,1.5337988138198853,-0.6925467252731323,9628
4507,41965,0.8933296203613281,0.8281157612800598,-44.46979522705078,0.013864055275917053,-1.8723386526107788,-9.0,9.0,43.4388313293457,15.23060131072998,1.4692127704620361,-0.7144640684127808,9629
4508,41965,0.853874146938324,0.9799487590789795,-45.738868713378906,0.013863678090274334,0.020042836666107178,-9.0,9.0,45.43057632446289,16.72631072998047,1.5034887790679932,-0.7284730672836304,9630
4509,41965,1.0582324266433716,0.9869009256362915,-44.51200485229492,0.013863837346434593,1.07540762424469,-9.0,9.0,44.37118911743164,13.681963920593262,1.5163185596466064,-0.7430824041366577,9631
4510,41965,1.2260937690734863,1.0553994178771973,-45.085914611816406,0.013863950036466122,-0.062176287174224854,-9.0,9.0,44.329750061035156,15.796469688415527,1.5194493532180786,-0.731666624546051,9632
4511,41965,0.6691538691520691,0.6940900087356567,-45.763614654541016,0.01386437937617302,0.7073851227760315,-9.0,9.0,44.79773712158203,14.971903800964355,1.5135877132415771,-0.737556517124176,9633
4512,41965,0.534680187702179,0.5220175981521606,-46.4612922668457,0.013865919783711433,2.486884593963623,-9.0,9.0,45.733551025390625,14.486432075500488,1.5386358499526978,-0.7469403147697449,9634
4513,41965,0.6546306014060974,0.8127462267875671,-45.44630432128906,0.013867340981960297,0.06934618949890137,-9.0,9.0,44.96480178833008,14.443775177001953,1.5064451694488525,-0.7400168180465698,9635
4514,41965,0.5921865105628967,0.6855095028877258,-43.3892822265625,0.013867625966668129,-2.1382975578308105,-9.0,9.0,42.949867248535156,14.17928409576416,1.4851350784301758,-0.7083805203437805,9636
4515,41965,0.507664680480957,0.46792125701904297,-45.38929748535156,0.01386688556522131,-2.1544597148895264,-9.0,9.0,44.58606719970703,15.687060356140137,1.4514682292938232,-0.7807931900024414,9637
4516,41965,0.6245661377906799,0.651172399520874,-44.53329849243164,0.013865681365132332,-1.1529839038848877,-9.0,9.0,43.81541442871094,14.234082221984863,1.4972715377807617,-0.7226263284683228,9638
4517,41965,0.7673288583755493,1.1529638767242432,-45.5111083984375,0.013862858526408672,-3.738917589187622,-9.0,9.0,44.865692138671875,16.29680824279785,1.424513816833496,-0.7702587246894836,9639
4518,41965,0.42795878648757935,0.42775189876556396,-44.55923080444336,0.013858701102435589,-3.4893622398376465,-9.0,9.0,43.76959991455078,13.113383293151855,1.4153772592544556,-0.7567983269691467,9640
4519,41965,0.649505078792572,0.7121532559394836,-47.00129318237305,0.013854876160621643,-0.18527737259864807,-9.0,9.0,46.288211822509766,15.898178100585938,1.4592311382293701,-0.7983470559120178,9641
4520,41965,0.5330231189727783,0.8771198987960815,-46.261192321777344,0.013850647956132889,-1.6812615394592285,-9.0,9.0,45.5466423034668,15.97671890258789,1.4450969696044922,-0.7663565278053284,9642
4521,41965,0.589023768901825,0.7638915777206421,-45.779701232910156,0.013846131972968578,-1.5463552474975586,-9.0,9.0,45.26553726196289,13.982166290283203,1.4421138763427734,-0.7711775898933411,9643
4522,41965,0.5212382674217224,0.46008265018463135,-44.90896987915039,0.0138400848954916,-4.312631130218506,-9.0,9.0,44.16462707519531,14.462311744689941,1.42709481716156,-0.7538977861404419,9644
4523,41965,1.1760634183883667,1.4684371948242188,-44.206809997558594,0.013833784498274326,-1.8517980575561523,-9.0,9.0,43.31279754638672,14.163926124572754,1.4456602334976196,-0.7566853761672974,9645
4524,41965,1.029451847076416,1.183509349822998,-45.02360534667969,0.013826134614646435,-5.432352066040039,-9.0,9.0,44.439903259277344,15.287564277648926,1.3988285064697266,-0.774985134601593,9646
4525,41965,0.579937219619751,0.7880303263664246,-44.59420394897461,0.01381728332489729,-4.43575382232666,-9.0,9.0,44.324893951416016,15.194272994995117,1.405983328819275,-0.7686333656311035,9647
4526,41965,0.838197648525238,0.8831701874732971,-45.977508544921875,0.013807936571538448,-2.9907562732696533,-9.0,9.0,45.530364990234375,16.84686279296875,1.394709587097168,-0.8131127953529358,9648
4527,41965,0.5695279240608215,0.55583655834198,-43.84994888305664,0.01379797887057066,-3.3693439960479736,-9.0,9.0,42.88900375366211,13.052330017089844,1.4047085046768188,-0.7344886660575867,9649
4528,41965,0.44178450107574463,0.7628175616264343,-43.8482780456543,0.01378705445677042,-5.425137042999268,-9.0,9.0,43.00844192504883,14.863147735595703,1.4025182723999023,-0.7449761033058167,9650
4529,41965,1.2146793603897095,1.4006284475326538,-45.36727523803711,0.013775830157101154,-3.0373969078063965,-9.0,9.0,44.82215118408203,15.459769248962402,1.446386456489563,-0.7500008940696716,9651
4530,41965,0.6716976165771484,0.8826454877853394,-44.64210510253906,0.013764937408268452,-1.7383785247802734,-9.0,9.0,44.26213836669922,14.859809875488281,1.461261510848999,-0.7324027419090271,9652
4531,41965,1.6978296041488647,2.5377390384674072,-46.13714599609375,0.013755272142589092,0.303464412689209,-9.0,9.0,45.65879821777344,16.846019744873047,1.5144140720367432,-0.7424063682556152,9653
4532,41965,1.4501878023147583,1.3421357870101929,-46.712120056152344,0.01374680083245039,0.4890000820159912,-9.0,9.0,45.46174621582031,15.343911170959473,1.5139026641845703,-0.7451518177986145,9654
4533,41965,0.885120153427124,0.6865259408950806,-44.51753616333008,0.013737928122282028,-2.7282121181488037,-9.0,9.0,43.82600021362305,14.48218822479248,1.463059663772583,-0.7174657583236694,9655
4534,41965,1.4523043632507324,1.399726152420044,-46.35610580444336,0.013728989288210869,-2.0819945335388184,-9.0,9.0,45.62089538574219,16.718032836914062,1.4629789590835571,-0.772712767124176,9656
4535,41965,1.3155109882354736,1.416622519493103,-44.99056625366211,0.013720088638365269,-1.8705826997756958,-9.0,9.0,44.63383483886719,14.992995262145996,1.464910626411438,-0.7536142468452454,9657
4536,41965,2.1256601810455322,1.897933006286621,-45.86090850830078,0.01371171697974205,-0.7891441583633423,-9.0,9.0,45.4744987487793,16.32002830505371,1.5255268812179565,-0.7262924313545227,9658
4537,41965,0.7064548134803772,0.7601928114891052,-47.96002960205078,0.013705926015973091,3.786762237548828,-9.0,9.0,46.883087158203125,16.972591400146484,1.566176414489746,-0.7669327855110168,9659
4538,41965,0.6308811902999878,0.8731349110603333,-45.552284240722656,0.013700260780751705,-0.9803566932678223,-9.0,9.0,44.71244430541992,13.964896202087402,1.5011667013168335,-0.7384334802627563,9660
4539,41965,0.5115785598754883,0.8725994825363159,-46.1212043762207,0.01369564887136221,1.0660133361816406,-9.0,9.0,45.082454681396484,14.931292533874512,1.554078221321106,-0.7298603653907776,9661
4540,41965,1.199065089225769,1.1800035238265991,-47.720252990722656,0.013693468645215034,4.611929893493652,-9.0,9.0,47.35365295410156,16.95738410949707,1.5938823223114014,-0.738153874874115,9662
4541,41965,0.6858444213867188,0.8361126184463501,-45.40945053100586,0.013692814856767654,2.8556694984436035,-9.0,9.0,44.93669509887695,16.52203369140625,1.547586441040039,-0.734076976776123,9663
4542,41965,0.8916593194007874,0.8144208788871765,-47.404144287109375,0.013693951070308685,3.760514736175537,-9.0,9.0,46.632118225097656,16.260576248168945,1.5863386392593384,-0.7346358895301819,9664
4543,41965,0.8901858925819397,1.2231801748275757,-46.52151870727539,0.013695897534489632,2.022027015686035,-9.0,9.0,45.700870513916016,17.216567993164062,1.5207593441009521,-0.7431625127792358,9665
4544,41965,2.698880910873413,2.4119696617126465,-45.711761474609375,0.013697445392608643,-0.4453057646751404,-9.0,9.0,45.28424835205078,16.43643569946289,1.497475266456604,-0.7455305457115173,9666
4545,41965,0.6813700795173645,0.5649672746658325,-46.902103424072266,0.013699404895305634,1.2299199104309082,-9.0,9.0,46.07380294799805,16.20050621032715,1.5042644739151,-0.760708212852478,9667
4546,41965,1.005174160003662,1.0638618469238281,-45.327022552490234,0.01370206382125616,1.9463446140289307,-9.0,9.0,44.38849639892578,15.129273414611816,1.518682599067688,-0.7475491166114807,9668
4547,41965,0.6698374152183533,0.6644107103347778,-43.8572883605957,0.013704651035368443,0.4292173385620117,-9.0,9.0,43.454280853271484,14.595149040222168,1.492431640625,-0.7261112332344055,9669
4548,41965,0.7822110652923584,0.811086893081665,-44.66486740112305,0.0137075399979949,1.2085955142974854,-9.0,9.0,43.955467224121094,14.505069732666016,1.4990465641021729,-0.7275645136833191,9670
4549,41965,2.243882417678833,1.3766069412231445,-47.198177337646484,0.013710716739296913,1.2567112445831299,-9.0,9.0,46.308982849121094,16.95345687866211,1.496397852897644,-0.7732567191123962,9671
4550,41965,2.746307373046875,3.073209047317505,-44.969261169433594,0.013714195229113102,1.3449729681015015,-9.0,9.0,44.36003875732422,16.184959411621094,1.5099352598190308,-0.7301028370857239,9672
4551,41965,0.8790268301963806,0.6312138438224792,-45.31355285644531,0.013717367313802242,0.08685451745986938,-9.0,9.0,44.675682067871094,13.673602104187012,1.4883081912994385,-0.7144151329994202,9673
4552,41965,0.8360536098480225,0.9808520674705505,-44.75886154174805,0.013719054870307446,-2.5411083698272705,-9.0,9.0,43.911766052246094,15.640020370483398,1.4369627237319946,-0.7342813611030579,9674
4553,41965,0.9239296913146973,0.8632875084877014,-45.676902770996094,0.013721253722906113,1.4759601354599,-9.0,9.0,45.01759338378906,16.352462768554688,1.540021300315857,-0.7217074632644653,9675
4554,41965,0.8363243937492371,0.6833238005638123,-45.50991439819336,0.013723478652536869,0.5332344174385071,-9.0,9.0,44.8485107421875,14.844659805297852,1.4938932657241821,-0.7299774289131165,9676
4555,41965,1.2202064990997314,1.1561498641967773,-46.463096618652344,0.013723844662308693,-3.556034564971924,-9.0,9.0,45.641021728515625,15.346376419067383,1.4149867296218872,-0.7813560366630554,9677
4556,41965,1.4236125946044922,1.4628355503082275,-45.03672409057617,0.01372281089425087,-2.955143928527832,-9.0,9.0,44.52473449707031,15.751665115356445,1.4257185459136963,-0.7167739272117615,9678
4557,41965,0.8696950674057007,0.7401915192604065,-43.83218002319336,0.013720494695007801,-2.999946117401123,-9.0,9.0,43.05619812011719,13.580063819885254,1.426684021949768,-0.6929026246070862,9679
4558,41965,0.8458027243614197,1.0451021194458008,-45.441612243652344,0.013718022033572197,-0.8467525839805603,-9.0,9.0,44.40409851074219,14.397965431213379,1.4882376194000244,-0.692607581615448,9680
4559,41965,0.7639526128768921,0.5926091074943542,-46.569427490234375,0.01371524203568697,-1.1963186264038086,-9.0,9.0,45.93482208251953,14.553695678710938,1.4461702108383179,-0.7441988587379456,9681
4560,41965,1.216967225074768,0.9999623894691467,-45.34446716308594,0.013711082749068737,-3.5939135551452637,-9.0,9.0,44.988037109375,15.93867015838623,1.4287683963775635,-0.749268114566803,9682
4561,41965,0.7252084016799927,0.8624255657196045,-45.93048095703125,0.013706088997423649,-2.7207212448120117,-9.0,9.0,45.343711853027344,15.22803020477295,1.451634168624878,-0.7202644348144531,9683
4562,41965,1.884209156036377,1.7124755382537842,-46.44797897338867,0.013700952753424644,-1.3952572345733643,-9.0,9.0,45.60770034790039,15.85254192352295,1.4627350568771362,-0.7542970776557922,9684
4563,41965,0.8755379319190979,1.6025300025939941,-44.425567626953125,0.013694362714886665,-4.69530725479126,-9.0,9.0,43.24060821533203,12.849541664123535,1.3940552473068237,-0.7363892793655396,9685
4564,41965,2.0310866832733154,2.0245132446289062,-45.85569381713867,0.013687840662896633,-1.2755169868469238,-9.0,9.0,45.20939254760742,15.915481567382812,1.4567943811416626,-0.7531707882881165,9686
4565,41965,0.8489494323730469,0.7727437615394592,-44.38931655883789,0.013680004514753819,-4.985903739929199,-9.0,9.0,43.94698715209961,14.397126197814941,1.3947023153305054,-0.7484690546989441,9687
4566,41965,1.1888837814331055,1.0060434341430664,-45.506195068359375,0.013670992106199265,-4.309807300567627,-9.0,9.0,44.81690979003906,15.213728904724121,1.4221038818359375,-0.733405590057373,9688
4567,41965,0.9835013151168823,0.9316504001617432,-45.28432846069336,0.013660924509167671,-8.363434791564941,-9.0,9.0,44.474063873291016,15.06766414642334,1.3284732103347778,-0.766324520111084,9689
4568,41965,1.2152868509292603,1.6031692028045654,-47.594764709472656,0.013652602210640907,1.6082217693328857,-9.0,9.0,46.116004943847656,16.91402816772461,1.4663888216018677,-0.7769513130187988,9690
4569,41965,1.689859390258789,1.2830767631530762,-45.50919723510742,0.013644258491694927,-1.8660826683044434,-9.0,9.0,44.78495407104492,15.227349281311035,1.44448983669281,-0.7608290314674377,9691
4570,41965,1.7101166248321533,1.3841931819915771,-46.06403732299805,0.013636232353746891,-1.1289962530136108,-9.0,9.0,45.942352294921875,14.916589736938477,1.4308271408081055,-0.7915515899658203,9692
4571,41965,2.726795196533203,3.163846731185913,-44.94027328491211,0.013627911917865276,-2.408707618713379,-9.0,9.0,44.674163818359375,14.727707862854004,1.416063904762268,-0.792138397693634,9693
4572,41965,2.3818490505218506,2.3307929039001465,-46.779117584228516,0.01362028531730175,-0.3005903959274292,-9.0,9.0,45.27469253540039,16.154272079467773,1.4342316389083862,-0.8065733313560486,9694
4573,41965,1.3434959650039673,1.535431981086731,-44.403236389160156,0.013611468486487865,-6.169920444488525,-9.0,9.0,43.21524429321289,15.056463241577148,1.3458853960037231,-0.7772279381752014,9695
4574,41965,0.9107874035835266,0.7545312643051147,-47.871009826660156,0.013604849576950073,2.874429225921631,-9.0,9.0,47.35445022583008,15.247428894042969,1.5031648874282837,-0.8119005560874939,9696
4575,41965,1.2660565376281738,1.1048898696899414,-45.56632995605469,0.013598344288766384,-1.2010561227798462,-9.0,9.0,45.658843994140625,14.950929641723633,1.4654701948165894,-0.7640671133995056,9697
4576,41965,0.8091034889221191,0.9587824940681458,-46.0872688293457,0.013591518625617027,-2.129208564758301,-9.0,9.0,45.76606369018555,16.385028839111328,1.430125117301941,-0.7787715196609497,9698
4577,41965,0.8928832411766052,0.7470725178718567,-46.38252639770508,0.013585226610302925,-0.32041773200035095,-9.0,9.0,45.303096771240234,16.44277572631836,1.4521721601486206,-0.7605806589126587,9699
4578,41965,1.3457002639770508,0.9857234954833984,-46.24235534667969,0.013578918762505054,-1.4234821796417236,-9.0,9.0,45.07545471191406,14.700942039489746,1.4610307216644287,-0.7459926605224609,9700
4579,41965,0.9782009124755859,1.1432701349258423,-45.8184700012207,0.013572154566645622,-2.3880999088287354,-9.0,9.0,44.8385009765625,15.26268196105957,1.4459527730941772,-0.7509655356407166,9701
4580,41965,0.8609994053840637,0.8335710763931274,-44.91518020629883,0.013564112596213818,-5.512301445007324,-9.0,9.0,44.609928131103516,14.648816108703613,1.420207142829895,-0.7340794801712036,9702
4581,41965,0.8546114563941956,0.8624094724655151,-44.86248779296875,0.013555383309721947,-3.288133144378662,-9.0,9.0,44.667545318603516,13.824711799621582,1.4409658908843994,-0.7170354127883911,9703
4582,41965,0.7413479089736938,0.8135258555412292,-45.20641326904297,0.013545620255172253,-4.215868949890137,-9.0,9.0,44.497650146484375,15.692789077758789,1.4067424535751343,-0.73183673620224,9704
4583,41965,1.4121742248535156,1.1834871768951416,-44.466854095458984,0.013534960336983204,-4.147412300109863,-9.0,9.0,43.24993896484375,13.952917098999023,1.442974328994751,-0.6837434768676758,9705
4584,41965,1.7017178535461426,1.1442458629608154,-47.374061584472656,0.013523432426154613,-4.39442253112793,-9.0,9.0,46.58562088012695,17.586503982543945,1.4326773881912231,-0.7113221287727356,9706
4585,41965,0.7332695722579956,0.5606533288955688,-44.39605712890625,0.013511127792298794,-4.82513427734375,-9.0,9.0,43.780738830566406,14.383028984069824,1.4187763929367065,-0.693813145160675,9707
4586,41965,0.8233962059020996,0.8440409302711487,-45.61930847167969,0.013498222455382347,-4.085691928863525,-9.0,9.0,45.3369140625,15.864519119262695,1.4472295045852661,-0.7134621739387512,9708
4587,41965,0.7130087614059448,0.773144543170929,-45.05727005004883,0.013484783470630646,-4.081892013549805,-9.0,9.0,44.55450439453125,15.745987892150879,1.4567478895187378,-0.6769691705703735,9709
4588,41965,0.8754389882087708,0.9300431609153748,-46.76726531982422,0.013471685349941254,-2.2421462535858154,-9.0,9.0,45.72810363769531,14.259872436523438,1.4205824136734009,-0.7521653771400452,9710
4589,41965,0.5053027868270874,0.631573498249054,-44.098716735839844,0.013457978144288063,-4.568573951721191,-9.0,9.0,43.22549819946289,13.30605697631836,1.413347840309143,-0.6566292643547058,9711
4590,41965,0.8222919702529907,1.017370581626892,-46.365875244140625,0.01344523299485445,-0.9281694293022156,-9.0,9.0,45.96071243286133,15.966913223266602,1.4289360046386719,-0.7671881914138794,9712
4591,41965,0.64339679479599,0.6695044636726379,-46.1915397644043,0.013432576321065426,-2.6600773334503174,-9.0,9.0,45.66179275512695,13.576638221740723,1.4429670572280884,-0.737266480922699,9713
4592,41965,0.6546167731285095,0.5850574374198914,-45.751747131347656,0.013419823721051216,-3.0666608810424805,-9.0,9.0,45.10905838012695,14.22500991821289,1.4499880075454712,-0.7095209360122681,9714
4593,41965,0.6275652647018433,0.7474650144577026,-44.751678466796875,0.013407779857516289,-1.2703757286071777,-9.0,9.0,43.7171516418457,13.607549667358398,1.4885531663894653,-0.6652783155441284,9715
4594,41965,0.6461132168769836,0.8745962977409363,-45.44600296020508,0.013395030982792377,-4.667340278625488,-9.0,9.0,44.7359504699707,15.783638954162598,1.4068061113357544,-0.7266964912414551,9716
4595,41965,0.8896567225456238,0.7285973429679871,-46.25176239013672,0.013383526355028152,-0.0787757933139801,-9.0,9.0,45.76791763305664,16.86166763305664,1.4872218370437622,-0.6995891332626343,9717
4596,41965,2.174213171005249,2.6327922344207764,-47.91063690185547,0.013373428024351597,0.5668697953224182,-9.0,9.0,47.32161331176758,17.83096694946289,1.5218194723129272,-0.7279251217842102,9718
4597,41965,2.1697580814361572,1.7366031408309937,-45.598392486572266,0.013365726917982101,3.1014013290405273,-9.0,9.0,44.6259651184082,14.258742332458496,1.5683335065841675,-0.6680580973625183,9719
4598,41965,0.7335953116416931,0.5926817059516907,-44.55941390991211,0.013357876800000668,-2.065486431121826,-9.0,9.0,43.763275146484375,16.19791030883789,1.4488399028778076,-0.692463755607605,9720
4599,41965,0.8924781680107117,0.9478729963302612,-45.97618103027344,0.013350802473723888,-0.019786417484283447,-9.0,9.0,45.212890625,17.84614372253418,1.4804699420928955,-0.7089455723762512,9721
4600,41965,25.244136810302734,24.423276901245117,-48.02180862426758,0.013344972394406796,1.2011866569519043,-9.0,9.0,46.92656707763672,17.360130310058594,1.4993956089019775,-0.7451275587081909,9722
4601,41965,0.8297896385192871,1.0862298011779785,-46.13755416870117,0.013340474106371403,1.678999900817871,-9.0,9.0,45.80719757080078,15.737187385559082,1.5317877531051636,-0.7059351801872253,9723
4602,41965,0.8230581283569336,1.1164880990982056,-46.24468231201172,0.013336657546460629,0.5183067321777344,-9.0,9.0,45.631065368652344,16.226058959960938,1.4862499237060547,-0.7388272881507874,9724
4603,41965,0.6742651462554932,0.670078694820404,-44.84554672241211,0.013333522714674473,0.6725046634674072,-9.0,9.0,43.656288146972656,14.716673851013184,1.4950674772262573,-0.711336076259613,9725
4604,41965,0.9153920412063599,1.0852856636047363,-45.79055404663086,0.013331259600818157,1.2607088088989258,-9.0,9.0,44.7570915222168,14.80486011505127,1.50960373878479,-0.729975700378418,9726
4605,41965,0.790343165397644,0.7970567941665649,-46.23536682128906,0.013331151567399502,6.012899398803711,-9.0,9.0,45.491737365722656,14.513287544250488,1.5837233066558838,-0.7312380075454712,9727
4606,41965,1.826315999031067,2.005568027496338,-44.61854934692383,0.013332773000001907,3.8484342098236084,-9.0,9.0,43.98653793334961,14.255990982055664,1.562376618385315,-0.7130228281021118,9728
4607,41965,0.5282042622566223,0.5869702696800232,-47.69694137573242,0.01333591341972351,3.774998664855957,-9.0,9.0,46.96342849731445,17.992563247680664,1.5209470987319946,-0.7618041038513184,9729
4608,41965,1.2640867233276367,1.577547550201416,-45.798095703125,0.013339417986571789,1.5131841897964478,-9.0,9.0,44.852081298828125,15.44859504699707,1.5114716291427612,-0.7459309697151184,9730
4609,41965,1.1045953035354614,1.1691851615905762,-46.44947814941406,0.013344494625926018,5.341241836547852,-9.0,9.0,45.46125411987305,15.193416595458984,1.5497323274612427,-0.7543534636497498,9731
4610,41965,0.6370246410369873,0.600717306137085,-45.642555236816406,0.013350986875593662,4.561284065246582,-9.0,9.0,45.088401794433594,15.58372688293457,1.57595956325531,-0.758389413356781,9732
4611,41965,0.6638244986534119,0.7339467406272888,-45.678226470947266,0.013357800431549549,2.159719228744507,-9.0,9.0,45.3779296875,14.29816722869873,1.5090606212615967,-0.8007553815841675,9733
4612,41965,0.918286919593811,0.8020238876342773,-46.35028839111328,0.01336533110588789,3.125309944152832,-9.0,9.0,45.47764587402344,17.99435806274414,1.5574895143508911,-0.7498427629470825,9734
4613,41965,49.87346267700195,53.77771759033203,-46.10272979736328,0.013372859917581081,1.676863670349121,-9.0,9.0,44.79524230957031,14.53010368347168,1.5172100067138672,-0.7603121995925903,9735
4614,41965,2.328127861022949,2.0165014266967773,-46.36021041870117,0.013381324708461761,3.7685422897338867,-9.0,9.0,46.627140045166016,16.768966674804688,1.5283459424972534,-0.7871144413948059,9736
4615,41965,4.895310401916504,5.082200527191162,-45.70679473876953,0.01339015830308199,2.6938517093658447,-9.0,9.0,45.91592025756836,16.479930877685547,1.5075504779815674,-0.7904945015907288,9737
4616,41965,1.5843749046325684,1.3811511993408203,-47.46977233886719,0.01340003963559866,4.946232318878174,-9.0,9.0,46.34834289550781,16.306804656982422,1.5328916311264038,-0.7972200512886047,9738
4617,41965,2.6276438236236572,1.8993843793869019,-46.7696533203125,0.013409052044153214,0.23984968662261963,-9.0,9.0,45.19877624511719,16.265195846557617,1.4889824390411377,-0.7949507832527161,9739
4618,41965,1.3367986679077148,1.3055171966552734,-46.811561584472656,0.013417948968708515,1.7371852397918701,-9.0,9.0,45.64349365234375,15.006830215454102,1.5157753229141235,-0.744824230670929,9740
4619,41965,2.3965935707092285,1.6488460302352905,-45.45582962036133,0.013425980694591999,0.03657698631286621,-9.0,9.0,45.84100341796875,15.347206115722656,1.4909706115722656,-0.7559027075767517,9741
4620,41965,1.9772365093231201,1.4129067659378052,-45.90582275390625,0.013433018699288368,-0.44153645634651184,-9.0,9.0,45.918853759765625,15.519492149353027,1.4839454889297485,-0.7724176645278931,9742
4621,41965,4.943445682525635,4.439575672149658,-46.4658317565918,0.013440283946692944,2.058427095413208,-9.0,9.0,45.623538970947266,16.079814910888672,1.540673017501831,-0.747025191783905,9743
4622,41965,2.6381781101226807,2.3505938053131104,-45.287471771240234,0.013445528224110603,-2.878384590148926,-9.0,9.0,43.687217712402344,14.473282814025879,1.4568053483963013,-0.7375873923301697,9744
4623,41965,2.039536714553833,1.5379457473754883,-48.756866455078125,0.013449420221149921,-1.846631646156311,-9.0,9.0,47.205589294433594,17.261117935180664,1.4013478755950928,-0.812194287776947,9745
4624,41965,1.6387243270874023,1.5959550142288208,-46.88693618774414,0.013451933860778809,-2.199751615524292,-9.0,9.0,46.09684753417969,17.810579299926758,1.4445371627807617,-0.7789248824119568,9746
4625,41965,2.3541781902313232,2.312655210494995,-46.346763610839844,0.013455231674015522,2.2993221282958984,-9.0,9.0,46.54463195800781,17.286298751831055,1.526714563369751,-0.7640544772148132,9747
4626,41965,1.2211781740188599,1.155773401260376,-46.1346549987793,0.013459171168506145,2.1493380069732666,-9.0,9.0,45.93134307861328,14.80077075958252,1.5310966968536377,-0.7611259818077087,9748
4627,41965,1.3684784173965454,1.4016444683074951,-47.47419357299805,0.01346258632838726,-0.3027259111404419,-9.0,9.0,46.35890197753906,16.67959213256836,1.4944912195205688,-0.7596476674079895,9749
4628,41965,1.6376972198486328,1.1551759243011475,-46.10005569458008,0.013463812880218029,-4.079155921936035,-9.0,9.0,44.824493408203125,16.22689437866211,1.4069231748580933,-0.7677284479141235,9750
4629,41965,0.8350347876548767,0.6829650402069092,-47.00315475463867,0.013464441522955894,-1.0523144006729126,-9.0,9.0,46.28009033203125,17.239805221557617,1.4829105138778687,-0.7447972893714905,9751
4630,41965,1.0657095909118652,0.7196605205535889,-43.79598617553711,0.013464377261698246,-1.3939459323883057,-9.0,9.0,43.86128234863281,13.95592212677002,1.4691715240478516,-0.7441219091415405,9752
4631,41965,2.0950729846954346,1.678314208984375,-44.59556579589844,0.013464846648275852,1.1628389358520508,-9.0,9.0,44.922279357910156,16.53387451171875,1.5222164392471313,-0.7387661933898926,9753
4632,41965,1.5408940315246582,1.5371044874191284,-46.40739822387695,0.013464563526213169,-1.550760269165039,-9.0,9.0,45.9306640625,15.404397964477539,1.4351011514663696,-0.7662021517753601,9754
4633,41965,1.7851910591125488,1.2598026990890503,-46.3037109375,0.013463389128446579,-2.03554368019104,-9.0,9.0,44.85580825805664,15.393831253051758,1.4710054397583008,-0.7394862771034241,9755
4634,41965,1.5646781921386719,0.9020277261734009,-47.391448974609375,0.013460763730108738,-3.466930389404297,-9.0,9.0,46.23224639892578,17.749977111816406,1.4130518436431885,-0.7618809938430786,9756
4635,41965,1.3115636110305786,1.3911124467849731,-46.408843994140625,0.013458453118801117,0.12467040121555328,-9.0,9.0,46.174163818359375,16.411317825317383,1.496382713317871,-0.7731772661209106,9757
4636,41965,1.535879373550415,1.0837382078170776,-46.094482421875,0.01345723308622837,1.8876266479492188,-9.0,9.0,46.20243453979492,15.05113697052002,1.5082684755325317,-0.757980227470398,9758
4637,41965,1.1098904609680176,0.8116766214370728,-45.95282745361328,0.013456572778522968,0.9660365581512451,-9.0,9.0,45.68714904785156,15.456010818481445,1.5136481523513794,-0.7387021780014038,9759
4638,41965,0.855709969997406,0.8325296640396118,-46.809776306152344,0.01345562282949686,-0.783968448638916,-9.0,9.0,45.74203109741211,14.998116493225098,1.4718767404556274,-0.7532009482383728,9760
4639,41965,1.6657555103302002,0.9023343324661255,-47.48122787475586,0.013455494306981564,1.603481650352478,-9.0,9.0,46.19548416137695,14.90180492401123,1.5367506742477417,-0.7437685132026672,9761
4640,41965,0.761415958404541,0.598014771938324,-46.761329650878906,0.013455616310238838,0.5313929915428162,-9.0,9.0,46.08562088012695,17.06378173828125,1.479412317276001,-0.7360373735427856,9762
4641,41965,1.0048308372497559,0.7374305725097656,-44.99879455566406,0.013456515036523342,1.7326312065124512,-9.0,9.0,44.83378219604492,13.897571563720703,1.5584185123443604,-0.7139715552330017,9763
4642,41965,1.2374073266983032,0.9171255230903625,-45.48188400268555,0.013459274545311928,4.946678638458252,-9.0,9.0,45.101654052734375,14.948500633239746,1.5990715026855469,-0.7062984704971313,9764
4643,41965,2.394435405731201,2.165389060974121,-45.923179626464844,0.013462361879646778,1.3241302967071533,-9.0,9.0,45.04169464111328,16.54997444152832,1.4912517070770264,-0.7431680560112,9765
4644,41965,1.7170737981796265,1.330007553100586,-46.41175842285156,0.013467054814100266,4.2210693359375,-9.0,9.0,45.015724182128906,13.180665969848633,1.6137765645980835,-0.662653923034668,9766
4645,41965,0.9428050518035889,0.8023979067802429,-46.236209869384766,0.013472123071551323,1.8485662937164307,-9.0,9.0,45.48075485229492,15.599712371826172,1.5384269952774048,-0.7194751501083374,9767
4646,41965,0.8069998621940613,0.9681487083435059,-46.93091583251953,0.013478637672960758,5.290997505187988,-9.0,9.0,46.712581634521484,15.507512092590332,1.6175099611282349,-0.7055049538612366,9768
4647,41965,1.4998761415481567,0.8100053668022156,-47.97227478027344,0.013486333191394806,4.0257978439331055,-9.0,9.0,47.843563079833984,16.41915512084961,1.5761041641235352,-0.7371519207954407,9769
4648,41965,0.942265510559082,1.2485151290893555,-48.361812591552734,0.013495217077434063,5.409496307373047,-9.0,9.0,47.426578521728516,17.207693099975586,1.5980275869369507,-0.7411748766899109,9770
4649,41965,1.2790287733078003,1.2215323448181152,-45.506710052490234,0.013505169190466404,5.138125419616699,-9.0,9.0,44.30606460571289,14.144230842590332,1.614615797996521,-0.6942655444145203,9771
4650,41965,1.5802251100540161,0.9733359217643738,-46.060707092285156,0.013515863567590714,3.81864070892334,-9.0,9.0,45.01873016357422,14.390284538269043,1.6039708852767944,-0.7194765210151672,9772
4651,41965,0.6565068960189819,1.0015802383422852,-46.957767486572266,0.013527088798582554,3.4923605918884277,-9.0,9.0,46.622947692871094,15.770312309265137,1.5736132860183716,-0.7543975114822388,9773
4652,41965,1.0595817565917969,0.7861890196800232,-45.07545471191406,0.013538556173443794,2.9740843772888184,-9.0,9.0,44.820804595947266,13.483203887939453,1.5960720777511597,-0.7212358713150024,9774
4653,41965,0.7055218815803528,0.5408914089202881,-45.667667388916016,0.013550840318202972,6.336190223693848,-9.0,9.0,45.422645568847656,15.25606918334961,1.6434072256088257,-0.7186893820762634,9775
4654,41965,0.7996659278869629,0.7375922799110413,-47.28715515136719,0.013563860207796097,8.036994934082031,-9.0,9.0,46.536842346191406,17.53742790222168,1.641945242881775,-0.7464457750320435,9776
4655,41965,1.02338445186615,0.6029760837554932,-47.43898010253906,0.013577545993030071,5.033476829528809,-9.0,9.0,46.44678497314453,14.860038757324219,1.6139618158340454,-0.74732905626297,9777
4656,41965,0.8525672554969788,0.7255533337593079,-44.6036376953125,0.013591836206614971,5.527285575866699,-9.0,9.0,44.12466049194336,14.983963966369629,1.6298123598098755,-0.7033984065055847,9778
4657,41965,1.1634689569473267,1.0463346242904663,-45.398658752441406,0.013606666587293148,7.618454456329346,-9.0,9.0,45.08363723754883,14.213360786437988,1.6427948474884033,-0.7335492372512817,9779
4658,41965,0.7539802193641663,0.567872941493988,-44.50898742675781,0.013621246442198753,2.6563761234283447,-9.0,9.0,44.37964630126953,15.143975257873535,1.5787550210952759,-0.7287230491638184,9780
4659,41965,0.9743335843086243,0.9978805780410767,-44.8121337890625,0.01363537460565567,2.166419506072998,-9.0,9.0,44.24909210205078,15.934744834899902,1.5372453927993774,-0.7225009202957153,9781
4660,41965,0.9596830606460571,0.873665988445282,-48.04844284057617,0.013649399392306805,2.8169453144073486,-9.0,9.0,47.47477722167969,16.462810516357422,1.5465620756149292,-0.7737334966659546,9782
4661,41965,1.0302538871765137,1.082006812095642,-45.94084548950195,0.013662852346897125,1.7728304862976074,-9.0,9.0,45.555419921875,14.412359237670898,1.5185819864273071,-0.7389742732048035,9783
4662,41965,0.9498082399368286,0.790648877620697,-46.68659591674805,0.013673326000571251,-3.5690324306488037,-9.0,9.0,45.94276428222656,15.204205513000488,1.4672462940216064,-0.7563093304634094,9784
4663,41965,1.2175343036651611,0.8382670283317566,-44.35544967651367,0.01368082594126463,-4.1899638175964355,-9.0,9.0,44.180442810058594,16.4211483001709,1.441603422164917,-0.7216042280197144,9785
4664,41965,1.746551513671875,1.531471848487854,-47.12215042114258,0.013686933554708958,-1.4079976081848145,-9.0,9.0,46.54084014892578,16.4954833984375,1.4660080671310425,-0.7541510462760925,9786
4665,41965,1.3851820230484009,1.9413986206054688,-47.635948181152344,0.013691398315131664,-2.2400546073913574,-9.0,9.0,47.06435012817383,17.279272079467773,1.4267305135726929,-0.7699985504150391,9787
4666,41965,1.4111218452453613,1.1206380128860474,-47.5186767578125,0.013693696819245815,-3.738605499267578,-9.0,9.0,46.58293914794922,16.517498016357422,1.434155821800232,-0.7484292984008789,9788
4667,41965,0.6994544267654419,0.6794079542160034,-46.551795959472656,0.013693898916244507,-4.039259910583496,-9.0,9.0,45.66328048706055,15.660101890563965,1.4202663898468018,-0.736223042011261,9789
4668,41965,0.9113693237304688,0.8513060808181763,-47.595069885253906,0.013692840933799744,-2.6895241737365723,-9.0,9.0,46.98786163330078,15.5913724899292,1.4437764883041382,-0.7500540018081665,9790
4669,41965,0.733936607837677,0.752074658870697,-46.066184997558594,0.013689916580915451,-5.015694618225098,-9.0,9.0,45.47307586669922,15.477405548095703,1.4277678728103638,-0.7107151746749878,9791
4670,41965,0.762609601020813,1.0192477703094482,-47.566585540771484,0.01368607860058546,-2.6078333854675293,-9.0,9.0,46.65798568725586,15.539576530456543,1.468008041381836,-0.7269739508628845,9792
4671,41965,0.772719144821167,0.7752118706703186,-46.195133209228516,0.013681622222065926,-2.1860575675964355,-9.0,9.0,45.53951644897461,15.208233833312988,1.458038568496704,-0.7093201875686646,9793
4672,41965,0.9133079648017883,1.0849461555480957,-47.03080749511719,0.013675641268491745,-5.6703033447265625,-9.0,9.0,46.40864562988281,17.032331466674805,1.39224374294281,-0.7419310808181763,9794
4673,41965,1.048835277557373,1.1035633087158203,-48.43080139160156,0.013670496642589569,0.5235294699668884,-9.0,9.0,47.620933532714844,17.507986068725586,1.4977197647094727,-0.7310768961906433,9795
4674,41965,0.5519351959228516,0.6205281019210815,-44.93918228149414,0.013663895428180695,-5.024172782897949,-9.0,9.0,44.080020904541016,15.127967834472656,1.4528135061264038,-0.6841873526573181,9796
4675,41965,0.4919305443763733,0.4914524555206299,-46.7596549987793,0.013657212257385254,-1.6210864782333374,-9.0,9.0,45.856346130371094,14.729447364807129,1.5160367488861084,-0.6941466927528381,9797
4676,41965,0.9252711534500122,0.8610242605209351,-46.40858459472656,0.013650961220264435,-0.5181170701980591,-9.0,9.0,45.78415298461914,16.4678955078125,1.535357117652893,-0.6748212575912476,9798
4677,41965,1.0044341087341309,0.9620493054389954,-47.68973159790039,0.01364580076187849,1.015622854232788,-9.0,9.0,47.1466064453125,15.890551567077637,1.553965449333191,-0.7087240219116211,9799
4678,41965,1.395389437675476,1.3692857027053833,-46.654930114746094,0.013640986755490303,-0.3705591559410095,-9.0,9.0,45.8197135925293,16.622825622558594,1.5414711236953735,-0.6889206767082214,9800
4679,41965,4.586706161499023,5.145683288574219,-46.50791549682617,0.013636537827551365,-0.24260449409484863,-9.0,9.0,46.02647018432617,17.129941940307617,1.5093114376068115,-0.707754909992218,9801
4680,41965,0.5211422443389893,0.6859949827194214,-45.801570892333984,0.013631707988679409,-1.8004366159439087,-9.0,9.0,44.77351379394531,14.260332107543945,1.513779640197754,-0.6836495995521545,9802
4681,41965,2.002302646636963,1.888317346572876,-48.028663635253906,0.013629153370857239,3.8973071575164795,-9.0,9.0,47.0027961730957,17.117509841918945,1.5872801542282104,-0.7067140936851501,9803
4682,41965,0.728754460811615,0.7269091606140137,-47.81056213378906,0.013628828339278698,4.7612433433532715,-9.0,9.0,46.96378707885742,15.144299507141113,1.5868290662765503,-0.714401125907898,9804
4683,41965,0.9506856203079224,0.9306362271308899,-46.58162307739258,0.013629146851599216,1.3281121253967285,-9.0,9.0,45.981590270996094,16.05961799621582,1.5656918287277222,-0.704405665397644,9805
4684,41965,1.4592657089233398,0.9767460823059082,-45.624107360839844,0.013630661182105541,2.684905767440796,-9.0,9.0,45.162620544433594,16.453022003173828,1.6143348217010498,-0.6788648366928101,9806
4685,41965,0.8027839064598083,1.029813528060913,-46.92028045654297,0.013632072135806084,0.1025049090385437,-9.0,9.0,46.07064437866211,16.349346160888672,1.5481176376342773,-0.7212716937065125,9807
4686,41965,1.4637101888656616,1.0453284978866577,-47.381248474121094,0.013634860515594482,3.3031420707702637,-9.0,9.0,46.11112594604492,18.996673583984375,1.5725603103637695,-0.7101338505744934,9808
4687,41965,1.0884462594985962,0.8844472169876099,-47.880210876464844,0.0136382095515728,1.8253757953643799,-9.0,9.0,46.717525482177734,17.950056076049805,1.5740997791290283,-0.7140593528747559,9809
4688,41965,1.1193947792053223,0.9331894516944885,-47.23705291748047,0.013643198646605015,7.885735988616943,-9.0,9.0,46.622108459472656,16.832609176635742,1.63400399684906,-0.7232643961906433,9810
4689,41965,1.180153727531433,0.5705170631408691,-45.61326599121094,0.013649295084178448,3.500706434249878,-9.0,9.0,45.499507904052734,15.543313980102539,1.5696488618850708,-0.7117935419082642,9811
4690,41965,26.968050003051758,27.335533142089844,-46.76540756225586,0.013656755909323692,6.109918117523193,-9.0,9.0,46.00880432128906,15.278465270996094,1.6437205076217651,-0.7201768755912781,9812
4691,41965,1.0221495628356934,1.068082571029663,-47.050453186035156,0.01366544608026743,7.006079196929932,-9.0,9.0,46.678062438964844,17.29151725769043,1.6365693807601929,-0.7233901023864746,9813
4692,41965,0.9517601728439331,0.8370532393455505,-47.758750915527344,0.013675243593752384,4.540027141571045,-9.0,9.0,46.97676086425781,14.972900390625,1.5873918533325195,-0.7339271903038025,9814
4693,41965,2.5328006744384766,2.3687143325805664,-47.78925704956055,0.013686039485037327,7.248049259185791,-9.0,9.0,47.01110076904297,14.296923637390137,1.6616342067718506,-0.734483540058136,9815
4694,41965,3.3100287914276123,2.813159704208374,-46.738243103027344,0.01369685772806406,2.3737215995788574,-9.0,9.0,46.24066162109375,16.715696334838867,1.5483447313308716,-0.7512173056602478,9816
4695,41965,1.6764161586761475,1.9099361896514893,-46.70711135864258,0.013708572834730148,5.6675705909729,-9.0,9.0,46.01580810546875,16.369884490966797,1.5928401947021484,-0.7491666078567505,9817
4696,41965,1.5453330278396606,1.3262362480163574,-48.09626388549805,0.013721096329391003,4.853713035583496,-9.0,9.0,46.95901107788086,14.97160530090332,1.5835626125335693,-0.7486185431480408,9818
4697,41965,2.276798725128174,2.057187795639038,-49.26941680908203,0.013733827508985996,3.137094259262085,-9.0,9.0,48.557228088378906,19.187177658081055,1.559094786643982,-0.7738162279129028,9819
4698,41965,1.1268922090530396,1.3577969074249268,-49.26971435546875,0.013746440410614014,2.4668145179748535,-9.0,9.0,48.79724884033203,16.38689613342285,1.539297103881836,-0.7882878184318542,9820
4699,41965,1.122820496559143,1.118203043937683,-46.4194450378418,0.013758729211986065,1.9960849285125732,-9.0,9.0,46.27679443359375,15.354936599731445,1.5367223024368286,-0.7384352087974548,9821
4700,41965,0.7636173367500305,1.0315431356430054,-46.634788513183594,0.013770563527941704,1.6507453918457031,-9.0,9.0,45.66395950317383,13.700065612792969,1.5460240840911865,-0.740490734577179,9822
4701,41965,3.6147284507751465,2.99348783493042,-48.83855438232422,0.0137815335765481,0.6588737368583679,-9.0,9.0,47.89384078979492,20.17979621887207,1.4905203580856323,-0.779962956905365,9823
4702,41965,1.4013447761535645,1.3067028522491455,-46.394325256347656,0.01379340048879385,5.613224029541016,-9.0,9.0,45.40158462524414,14.944504737854004,1.5763713121414185,-0.7412185072898865,9824
4703,41965,1.0809240341186523,1.2715718746185303,-46.7730598449707,0.013805053196847439,2.061251163482666,-9.0,9.0,46.48636245727539,16.79633903503418,1.5376232862472534,-0.772643506526947,9825
4704,41965,1.3676836490631104,1.1750974655151367,-45.44498825073242,0.013814950361847878,-1.2903757095336914,-9.0,9.0,45.4920539855957,15.289961814880371,1.4845123291015625,-0.7684959173202515,9826
4705,41965,1.2860888242721558,1.0246896743774414,-45.96723937988281,0.013823747634887695,-0.25504106283187866,-9.0,9.0,45.86936950683594,17.774993896484375,1.5108871459960938,-0.7718755602836609,9827
4706,41965,1.1905007362365723,1.6026009321212769,-46.90924835205078,0.01383183803409338,0.34364911913871765,-9.0,9.0,46.10599136352539,15.736261367797852,1.4989620447158813,-0.7689003944396973,9828
4707,41965,1.1575148105621338,1.137009620666504,-47.07460021972656,0.013839933089911938,1.7237597703933716,-9.0,9.0,45.99549102783203,15.202226638793945,1.5476044416427612,-0.7725746035575867,9829
4708,41965,1.122801661491394,0.7450002431869507,-47.015296936035156,0.013847386464476585,0.3491467535495758,-9.0,9.0,46.35322570800781,14.448137283325195,1.5107585191726685,-0.7673085331916809,9830
4709,41965,0.7251147627830505,0.8517323136329651,-46.249908447265625,0.013853468932211399,-1.3497127294540405,-9.0,9.0,46.07314682006836,16.801097869873047,1.4575378894805908,-0.7739902138710022,9831
4710,41965,0.8298415541648865,0.5695532560348511,-46.428749084472656,0.013858536258339882,-0.8769959211349487,-9.0,9.0,46.10141372680664,15.693441390991211,1.500477910041809,-0.7407523393630981,9832
4711,41965,1.289353609085083,1.2273181676864624,-45.468505859375,0.013862389139831066,-1.5128382444381714,-9.0,9.0,45.007164001464844,15.102717399597168,1.4679410457611084,-0.7530778050422668,9833
4712,41965,20.599843978881836,20.575206756591797,-46.8330192565918,0.013866753317415714,1.8972187042236328,-9.0,9.0,45.86675262451172,16.382801055908203,1.5339632034301758,-0.7435522675514221,9834
4713,41965,1.1576848030090332,1.2927836179733276,-46.67615509033203,0.013869980350136757,-1.4879329204559326,-9.0,9.0,46.25385665893555,16.089561462402344,1.4704562425613403,-0.7696512937545776,9835
4714,41965,1.3108110427856445,1.1705098152160645,-47.61253356933594,0.013872969895601273,0.17900311946868896,-9.0,9.0,47.0324821472168,17.053850173950195,1.4959182739257812,-0.7516212463378906,9836
4715,41965,1.8126590251922607,1.8031740188598633,-45.97501754760742,0.013874259777367115,-2.985314130783081,-9.0,9.0,45.29624557495117,16.70606803894043,1.444625973701477,-0.7246599793434143,9837
4716,41965,1.7529393434524536,1.8181706666946411,-48.14678955078125,0.013876376673579216,2.0337986946105957,-9.0,9.0,46.881553649902344,15.28591537475586,1.5218923091888428,-0.7551358342170715,9838
4717,41965,1.3133461475372314,1.308485984802246,-47.822208404541016,0.013878858648240566,1.220686674118042,-9.0,9.0,46.639198303222656,14.921363830566406,1.5116899013519287,-0.747279942035675,9839
4718,41965,1.4801691770553589,1.3087376356124878,-46.73033905029297,0.01388054620474577,-1.1596789360046387,-9.0,9.0,46.32329559326172,17.929887771606445,1.4693416357040405,-0.7246361970901489,9840
4719,41965,1.190190076828003,1.286012887954712,-47.1151123046875,0.013881572522222996,-1.0510355234146118,-9.0,9.0,46.49949264526367,16.658344268798828,1.4908450841903687,-0.7310306429862976,9841
4720,41965,1.2733662128448486,1.1703977584838867,-48.35637283325195,0.013883121311664581,1.3234951496124268,-9.0,9.0,47.66492462158203,16.284215927124023,1.5328508615493774,-0.739679753780365,9842
4721,41965,1.1042163372039795,1.482975721359253,-46.82709884643555,0.013883656822144985,-1.8120136260986328,-9.0,9.0,45.885711669921875,17.159269332885742,1.511819839477539,-0.7194023132324219,9843
4722,41965,2.7997002601623535,2.1425940990448,-48.39494323730469,0.013884550891816616,0.8728344440460205,-9.0,9.0,47.31879425048828,16.142053604125977,1.5124578475952148,-0.7365150451660156,9844
4723,41965,1.2619620561599731,1.1805124282836914,-48.76126480102539,0.013884703628718853,-1.3931310176849365,-9.0,9.0,48.03453826904297,17.514766693115234,1.466447114944458,-0.7559075951576233,9845
4724,41965,0.6102662682533264,0.543097198009491,-44.442203521728516,0.013883464969694614,-2.910311460494995,-9.0,9.0,43.84388732910156,13.83897876739502,1.51022469997406,-0.6559670567512512,9846
4725,41965,0.6859610676765442,0.7646171450614929,-47.229190826416016,0.013882352970540524,0.0044081807136535645,-9.0,9.0,46.26523208618164,14.901193618774414,1.5301392078399658,-0.7141117453575134,9847
4726,41965,2.020063638687134,2.0218584537506104,-47.969512939453125,0.013881810009479523,0.971519947052002,-9.0,9.0,47.31741714477539,16.090417861938477,1.5405558347702026,-0.7321406006813049,9848
4727,41965,0.6675748229026794,0.7552334666252136,-47.37479019165039,0.01388118788599968,-0.2739628553390503,-9.0,9.0,46.55379867553711,15.313611030578613,1.5493625402450562,-0.714040219783783,9849
4728,41965,0.9833387136459351,0.6109223365783691,-47.22340393066406,0.013881075195968151,0.9393855929374695,-9.0,9.0,46.18994903564453,13.940597534179688,1.576953649520874,-0.7115234732627869,9850
4729,41965,1.0491418838500977,0.9569295644760132,-48.191402435302734,0.013881949707865715,2.0613772869110107,-9.0,9.0,47.561649322509766,16.345577239990234,1.5499118566513062,-0.7452977299690247,9851
4730,41965,0.7507668733596802,0.6393272280693054,-47.569496154785156,0.013883703388273716,2.040780782699585,-9.0,9.0,46.777000427246094,16.00653648376465,1.5540958642959595,-0.720964252948761,9852
4731,41965,0.8343495726585388,0.684105396270752,-46.014686584472656,0.013885901309549809,1.311173439025879,-9.0,9.0,45.50429916381836,14.277852058410645,1.57985520362854,-0.6881347298622131,9853
4732,41965,2.137848377227783,2.395624876022339,-48.81816864013672,0.013888821937143803,1.9850393533706665,-9.0,9.0,48.138404846191406,20.7596492767334,1.5471521615982056,-0.76008540391922,9854
4733,41965,1.5771915912628174,1.1592873334884644,-47.6967658996582,0.013892716728150845,2.668282985687256,-9.0,9.0,46.7778434753418,17.602550506591797,1.5749653577804565,-0.726604163646698,9855
4734,41965,1.3807923793792725,1.1015379428863525,-48.15073013305664,0.013896035961806774,-0.39029502868652344,-9.0,9.0,47.200347900390625,17.947242736816406,1.5216333866119385,-0.7418625950813293,9856
4735,41965,1.402613878250122,2.002697467803955,-46.69154739379883,0.013899972662329674,1.9905582666397095,-9.0,9.0,46.372779846191406,18.05359649658203,1.5540670156478882,-0.7240786552429199,9857
4736,41965,1.2517688274383545,1.14716374874115,-44.75834655761719,0.013903717510402203,0.41730690002441406,-9.0,9.0,44.468353271484375,14.482714653015137,1.5670757293701172,-0.6857007145881653,9858
4737,41965,0.87419593334198,0.6726020574569702,-46.26120376586914,0.013906847685575485,-0.5140962600708008,-9.0,9.0,45.517478942871094,15.795247077941895,1.5104600191116333,-0.7218844294548035,9859
4738,41965,0.9954691529273987,1.457155466079712,-46.688148498535156,0.013910687528550625,2.156398296356201,-9.0,9.0,45.638919830322266,15.331199645996094,1.5610355138778687,-0.729001522064209,9860
4739,41965,1.2102197408676147,1.5080437660217285,-47.96567153930664,0.013916180469095707,4.848514080047607,-9.0,9.0,47.23640441894531,16.986772537231445,1.5871450901031494,-0.7349633574485779,9861
4740,41965,1.051331639289856,1.4977433681488037,-47.10862350463867,0.013922533020377159,2.9636237621307373,-9.0,9.0,46.85710525512695,17.880826950073242,1.565902590751648,-0.746960461139679,9862
4741,41965,2.991706371307373,3.0069918632507324,-46.857810974121094,0.013928927481174469,1.4137706756591797,-9.0,9.0,46.7049560546875,16.606752395629883,1.5485175848007202,-0.7403731942176819,9863
4742,41965,1.3590871095657349,1.2389752864837646,-49.72900390625,0.013934587128460407,-0.21192404627799988,-9.0,9.0,48.63048553466797,17.414846420288086,1.4971407651901245,-0.7808100581169128,9864
4743,41965,0.9916349053382874,1.2613158226013184,-47.56939697265625,0.013939259573817253,-0.8889626264572144,-9.0,9.0,46.37267303466797,17.454666137695312,1.4992822408676147,-0.7318853735923767,9865
4744,41965,1.9049385786056519,1.7238149642944336,-49.47043228149414,0.01394485030323267,2.9014859199523926,-9.0,9.0,48.897579193115234,17.2624454498291,1.5382347106933594,-0.7842391133308411,9866
4745,41965,0.9574487209320068,1.186061143875122,-47.48001480102539,0.013950251042842865,0.752402663230896,-9.0,9.0,46.88175964355469,17.259986877441406,1.521214246749878,-0.7435197830200195,9867
4746,41965,1.2082204818725586,1.0082309246063232,-48.561805725097656,0.01395441498607397,-1.4590823650360107,-9.0,9.0,47.89182662963867,17.06079864501953,1.4684253931045532,-0.78831946849823,9868
4747,41965,0.9776284694671631,1.005077600479126,-47.67457962036133,0.013958321884274483,0.3299238979816437,-9.0,9.0,46.837806701660156,15.81371021270752,1.5071665048599243,-0.7357839941978455,9869
4748,41965,1.5280685424804688,1.6386865377426147,-47.997337341308594,0.013962289318442345,0.9387980699539185,-9.0,9.0,47.18918228149414,17.418533325195312,1.4891966581344604,-0.7494174242019653,9870
4749,41965,3.2678370475769043,2.894240379333496,-47.15160369873047,0.013966024853289127,0.3270713686943054,-9.0,9.0,47.043113708496094,14.960078239440918,1.5146437883377075,-0.7367663383483887,9871
4750,41965,0.7397496104240417,0.7860239744186401,-45.715694427490234,0.013969015330076218,-0.7747833728790283,-9.0,9.0,44.880836486816406,15.476914405822754,1.485866904258728,-0.7329803109169006,9872
4751,41965,61.10166549682617,63.87400817871094,-50.03532409667969,0.01397180650383234,0.20760154724121094,-9.0,9.0,48.308448791503906,17.779516220092773,1.4658098220825195,-0.8027368187904358,9873
4752,41965,2.113863229751587,3.027789831161499,-49.041595458984375,0.013975091278553009,1.6073052883148193,-9.0,9.0,49.318904876708984,20.152929306030273,1.4918196201324463,-0.7859618067741394,9874
4753,41965,1.7611711025238037,1.4758734703063965,-46.44145202636719,0.013977937400341034,-0.24502253532409668,-9.0,9.0,46.62637710571289,15.40770149230957,1.5155309438705444,-0.7336079478263855,9875
4754,41965,0.7803025245666504,0.9777117967605591,-47.2797737121582,0.013979090377688408,-2.9279685020446777,-9.0,9.0,46.282588958740234,16.130104064941406,1.4522541761398315,-0.7459645867347717,9876
4755,41965,1.662653923034668,1.8404545783996582,-48.820648193359375,0.01397909689694643,-2.1395764350891113,-9.0,9.0,47.22441482543945,19.2941951751709,1.4364358186721802,-0.7656131982803345,9877
4756,41965,1.5032374858856201,1.2370340824127197,-49.49879455566406,0.013980010524392128,1.8798569440841675,-9.0,9.0,48.08305740356445,14.102981567382812,1.5059611797332764,-0.7669737935066223,9878
4757,41965,1.330550193786621,2.0882530212402344,-48.38372039794922,0.013980209827423096,-1.2881810665130615,-9.0,9.0,47.909908294677734,17.33043098449707,1.4580657482147217,-0.7896221876144409,9879
4758,41965,7.213714599609375,7.499911308288574,-47.372100830078125,0.01397918350994587,-2.501181125640869,-9.0,9.0,47.62367248535156,17.23705291748047,1.4604369401931763,-0.7762340307235718,9880
4759,41965,0.9093273282051086,1.0482404232025146,-46.927703857421875,0.013978056609630585,-0.4276995360851288,-9.0,9.0,46.283145904541016,15.626697540283203,1.490188479423523,-0.7406374216079712,9881
4760,41965,4.143102645874023,4.075625896453857,-50.06562805175781,0.013976863585412502,-0.3632330298423767,-9.0,9.0,48.57770538330078,17.764860153198242,1.50458824634552,-0.7634595632553101,9882
4761,41965,0.535110592842102,0.5003252029418945,-47.034610748291016,0.013975057750940323,-1.5249738693237305,-9.0,9.0,46.127281188964844,13.899974822998047,1.4748996496200562,-0.7380604147911072,9883
4762,41965,4.182137489318848,5.610991477966309,-46.207847595214844,0.013974818401038647,2.8705272674560547,-9.0,9.0,46.08756637573242,16.691072463989258,1.5658997297286987,-0.6924074292182922,9884
4763,41965,0.7182497382164001,0.726564347743988,-45.813297271728516,0.013974850997328758,0.5214455723762512,-9.0,9.0,45.434715270996094,14.739530563354492,1.5127242803573608,-0.7029451131820679,9885
4764,41965,0.7945338487625122,0.8511385321617126,-46.67433547973633,0.013976317830383778,2.9743638038635254,-9.0,9.0,45.76481628417969,14.478899002075195,1.5635650157928467,-0.7053565382957458,9886
4765,41965,0.7561492919921875,0.9076840877532959,-46.2016487121582,0.013977130874991417,-1.0485994815826416,-9.0,9.0,45.46775817871094,15.780244827270508,1.49453866481781,-0.726563036441803,9887
4766,41965,0.7384825944900513,0.9350754618644714,-46.524383544921875,0.013978523202240467,1.3774206638336182,-9.0,9.0,45.85978698730469,14.919998168945312,1.523276925086975,-0.7331357598304749,9888
4767,41965,1.12418532371521,1.319952130317688,-47.02143096923828,0.01398056373000145,1.6166099309921265,-9.0,9.0,46.56282424926758,17.222675323486328,1.5289429426193237,-0.7395448088645935,9889
4768,41965,3.652952194213867,2.7327961921691895,-46.988624572753906,0.01398345734924078,2.1938419342041016,-9.0,9.0,46.27144241333008,17.25958824157715,1.5598136186599731,-0.7011801600456238,9890
4769,41965,1.074437141418457,1.456715703010559,-48.386085510253906,0.013987184502184391,2.320781946182251,-9.0,9.0,47.39574432373047,16.061809539794922,1.5449740886688232,-0.7438250780105591,9891
4770,41965,1.0436506271362305,1.3911892175674438,-46.740962982177734,0.013990993611514568,0.9291737675666809,-9.0,9.0,45.904178619384766,16.029129028320312,1.5428485870361328,-0.7034450173377991,9892
4771,41965,0.8473329544067383,1.2038395404815674,-46.61781692504883,0.01399579830467701,2.838942766189575,-9.0,9.0,46.15315246582031,16.629962921142578,1.5740453004837036,-0.711029589176178,9893
4772,41965,1.7353850603103638,1.9337372779846191,-46.76570129394531,0.014001097530126572,2.0104854106903076,-9.0,9.0,46.710113525390625,17.64484977722168,1.5621064901351929,-0.7107949256896973,9894
4773,41965,1.3612573146820068,1.345948576927185,-47.97981262207031,0.01400680746883154,1.9322386980056763,-9.0,9.0,47.3520393371582,16.613065719604492,1.5177452564239502,-0.7568174004554749,9895
4774,41965,1.4381946325302124,1.7894423007965088,-48.236480712890625,0.01401214487850666,0.4071205258369446,-9.0,9.0,46.791873931884766,15.991785049438477,1.4958733320236206,-0.7368354201316833,9896
4775,41965,1.7347227334976196,1.9404691457748413,-47.20020294189453,0.014017765410244465,1.6644021272659302,-9.0,9.0,46.02131652832031,16.037431716918945,1.5272051095962524,-0.7184043526649475,9897
4776,41965,0.9638139009475708,0.800250232219696,-46.98659133911133,0.01402324065566063,0.8491034507751465,-9.0,9.0,46.75502395629883,14.671791076660156,1.517717719078064,-0.7393657565116882,9898
4777,41965,2.8157808780670166,2.8883495330810547,-45.49797058105469,0.0140283964574337,0.4684595465660095,-9.0,9.0,45.669254302978516,16.657442092895508,1.5407869815826416,-0.6916483044624329,9899
4778,41965,0.9381741285324097,0.9294266700744629,-47.29261016845703,0.014032197184860706,-1.7398600578308105,-9.0,9.0,46.627105712890625,14.521235466003418,1.4799050092697144,-0.7165098786354065,9900
4779,41965,2.226855516433716,2.399312734603882,-48.96913528442383,0.014036279171705246,1.3555432558059692,-9.0,9.0,47.23188781738281,16.5913028717041,1.4885627031326294,-0.7418383955955505,9901
4780,41965,0.9981922507286072,1.3685352802276611,-47.209144592285156,0.01403959933668375,-0.7309727668762207,-9.0,9.0,46.032676696777344,17.859235763549805,1.5149999856948853,-0.7200085520744324,9902
4781,41965,1.3332260847091675,1.0737650394439697,-46.69624710083008,0.014042538590729237,-0.10534515976905823,-9.0,9.0,46.35261535644531,15.181017875671387,1.4996297359466553,-0.7346644997596741,9903
4782,41965,1.091803789138794,1.1493659019470215,-46.92452621459961,0.014046073891222477,1.8213104009628296,-9.0,9.0,46.49821853637695,16.464845657348633,1.515310525894165,-0.7527433037757874,9904
4783,41965,0.8701741099357605,1.171788215637207,-47.614906311035156,0.014049543999135494,0.5905667543411255,-9.0,9.0,47.399444580078125,15.729602813720703,1.4620277881622314,-0.7502318620681763,9905
4784,41965,1.185364007949829,1.2150074243545532,-46.24504089355469,0.014054066501557827,2.8591084480285645,-9.0,9.0,45.39511489868164,15.9741792678833,1.5556972026824951,-0.6894807815551758,9906
4785,41965,1.3766120672225952,1.5468833446502686,-47.894290924072266,0.014058785513043404,1.315002679824829,-9.0,9.0,46.55280303955078,15.230605125427246,1.5177258253097534,-0.7389056086540222,9907
4786,41965,0.9515246152877808,0.9792279005050659,-47.448299407958984,0.014064565300941467,3.12579083442688,-9.0,9.0,46.659767150878906,14.117524147033691,1.5357404947280884,-0.7388144135475159,9908
4787,41965,1.0830234289169312,1.0731741189956665,-46.929195404052734,0.014070904813706875,2.3174238204956055,-9.0,9.0,46.830230712890625,16.27092933654785,1.558325171470642,-0.7478650808334351,9909
4788,41965,3.595820426940918,2.4724912643432617,-47.71672439575195,0.01407740730792284,1.6252868175506592,-9.0,9.0,47.669036865234375,18.725601196289062,1.5109167098999023,-0.777585506439209,9910
4789,41965,1.3650456666946411,0.9797729253768921,-48.29065704345703,0.014085350558161736,6.750652313232422,-9.0,9.0,47.25562286376953,15.8108549118042,1.597471833229065,-0.7378270030021667,9911
4790,41965,1.3517907857894897,1.0371991395950317,-47.35496520996094,0.014094589278101921,6.7339887619018555,-9.0,9.0,45.90850067138672,13.438070297241211,1.6043647527694702,-0.734340250492096,9912
4791,41965,0.9593334794044495,0.7469450235366821,-49.24235916137695,0.014104996807873249,7.512590408325195,-9.0,9.0,48.2567024230957,15.944611549377441,1.6381784677505493,-0.7369441986083984,9913
4792,41965,2.3819382190704346,2.2905259132385254,-48.70137405395508,0.014116266742348671,3.873075485229492,-9.0,9.0,48.662837982177734,19.652599334716797,1.5611069202423096,-0.7614504098892212,9914
4793,41965,1.3298227787017822,1.5113600492477417,-47.52517318725586,0.014127889648079872,2.9982361793518066,-9.0,9.0,47.19649887084961,16.836217880249023,1.5604608058929443,-0.7253856062889099,9915
4794,41965,1.0415396690368652,0.9930628538131714,-46.26478958129883,0.014139872044324875,3.0809407234191895,-9.0,9.0,45.70871353149414,17.852384567260742,1.5532203912734985,-0.7180566787719727,9916
4795,41965,1.7641174793243408,1.1272459030151367,-48.94796371459961,0.014152755960822105,5.686410903930664,-9.0,9.0,47.77447509765625,17.250940322875977,1.596640944480896,-0.7359844446182251,9917
4796,41965,0.9900941252708435,0.8126767873764038,-48.487220764160156,0.014166449196636677,6.013679504394531,-9.0,9.0,47.63143539428711,16.53940200805664,1.576886773109436,-0.7582297921180725,9918
4797,41965,0.7881940007209778,0.8224871754646301,-46.364356994628906,0.014180033467710018,2.5306038856506348,-9.0,9.0,46.003536224365234,16.647592544555664,1.5890589952468872,-0.7033696174621582,9919
4798,41965,0.7095614075660706,0.5098707675933838,-45.71244430541992,0.014194361865520477,5.055919647216797,-9.0,9.0,45.51186752319336,13.776786804199219,1.5971707105636597,-0.7058327794075012,9920
4799,41965,1.611721158027649,1.1741297245025635,-47.677120208740234,0.01420808769762516,1.6422582864761353,-9.0,9.0,47.00154495239258,18.481876373291016,1.4812458753585815,-0.7769522070884705,9921
4800,41965,1.7851488590240479,1.3435789346694946,-47.742156982421875,0.014221061021089554,1.218648910522461,-9.0,9.0,46.83819580078125,18.229747772216797,1.5320367813110352,-0.7287290692329407,9922
4801,41965,1.0646874904632568,0.8379865288734436,-47.77735900878906,0.014233991503715515,2.517139434814453,-9.0,9.0,47.036705017089844,16.171701431274414,1.5707329511642456,-0.6941909193992615,9923
4802,41965,1.7360754013061523,1.8423444032669067,-48.785945892333984,0.014245928265154362,0.5709052681922913,-9.0,9.0,48.552616119384766,17.12518882751465,1.5171878337860107,-0.7586706876754761,9924
4803,41965,0.7774055004119873,0.6423975229263306,-47.749488830566406,0.014257188886404037,1.0183137655258179,-9.0,9.0,47.271034240722656,15.104787826538086,1.5139944553375244,-0.7604870200157166,9925
4804,41965,0.6512680053710938,0.7234138250350952,-46.84798049926758,0.014267886988818645,1.1026854515075684,-9.0,9.0,46.1832275390625,14.925195693969727,1.5358396768569946,-0.7080467343330383,9926
4805,41965,0.7964581847190857,0.9067474603652954,-47.15650939941406,0.0142770204693079,-1.008542776107788,-9.0,9.0,46.45989227294922,15.133069038391113,1.5119988918304443,-0.7196366190910339,9927
4806,41965,0.8498356342315674,1.2190629243850708,-48.449466705322266,0.014284851029515266,-0.7964479327201843,-9.0,9.0,48.00893783569336,17.767715454101562,1.4987045526504517,-0.7289959192276001,9928
4807,41965,1.9395577907562256,1.3028857707977295,-47.13071823120117,0.014290062710642815,-3.6932201385498047,-9.0,9.0,46.39931869506836,16.016176223754883,1.4634181261062622,-0.7112274169921875,9929
4808,41965,1.298425555229187,1.0045684576034546,-49.10172653198242,0.014294581487774849,-0.35586118698120117,-9.0,9.0,48.61970520019531,17.847570419311523,1.4718679189682007,-0.7538455724716187,9930
4809,41965,0.8110380172729492,0.828596293926239,-47.79637908935547,0.014297294430434704,-2.7036781311035156,-9.0,9.0,47.27565002441406,16.368967056274414,1.4293537139892578,-0.7359880805015564,9931
4810,41965,0.8571540117263794,0.6609041690826416,-46.1531982421875,0.014297949150204659,-3.578570604324341,-9.0,9.0,45.165794372558594,14.733755111694336,1.4431676864624023,-0.704990804195404,9932
4811,41965,0.9136137962341309,0.7165701985359192,-48.64838790893555,0.01429679710417986,-3.485800266265869,-9.0,9.0,47.70461654663086,17.637130737304688,1.422570824623108,-0.7583122253417969,9933
4812,41965,0.6239438652992249,0.6731693744659424,-47.01972961425781,0.014293640851974487,-4.7920451164245605,-9.0,9.0,46.36614227294922,17.374303817749023,1.4030331373214722,-0.7440258264541626,9934
4813,41965,1.039139986038208,0.7371169328689575,-48.35505676269531,0.014288782142102718,-4.052711009979248,-9.0,9.0,47.959049224853516,15.828522682189941,1.442095160484314,-0.7588452100753784,9935
4814,41965,0.7677320837974548,0.7405295968055725,-49.33774185180664,0.014282548800110817,-3.753591775894165,-9.0,9.0,48.64763259887695,16.988380432128906,1.3819091320037842,-0.7968940138816833,9936
4815,41965,0.5960186123847961,0.564408540725708,-46.22610855102539,0.014274828135967255,-7.785518646240234,-9.0,9.0,45.501747131347656,14.040729522705078,1.3814470767974854,-0.7203222513198853,9937
4816,41965,1.7975456714630127,1.4583015441894531,-48.81491470336914,0.014265941455960274,-3.9101881980895996,-9.0,9.0,48.0388069152832,18.584341049194336,1.4003926515579224,-0.7917574644088745,9938
4817,41965,1.1307957172393799,0.8184893131256104,-48.47029495239258,0.01425584964454174,-4.438055038452148,-9.0,9.0,47.46772766113281,16.432207107543945,1.413737177848816,-0.7738203406333923,9939
4818,41965,0.5244923233985901,0.6112680435180664,-48.11624526977539,0.014245513826608658,-2.538470983505249,-9.0,9.0,47.258304595947266,16.502595901489258,1.465254783630371,-0.7254520654678345,9940
4819,41965,1.3273789882659912,1.1348832845687866,-48.52595901489258,0.014235729351639748,-0.9823523759841919,-9.0,9.0,48.01337432861328,16.522193908691406,1.4824800491333008,-0.7381095886230469,9941
4820,41965,1.0144157409667969,1.005239486694336,-48.492584228515625,0.014227056875824928,0.27473294734954834,-9.0,9.0,47.92185974121094,16.534170150756836,1.5045697689056396,-0.764339029788971,9942
4821,41965,0.646238386631012,0.5298396944999695,-47.353614807128906,0.014218450523912907,-1.621755599975586,-9.0,9.0,46.546688079833984,14.690032958984375,1.4901373386383057,-0.7378015518188477,9943
4822,41965,0.8700559139251709,0.8322952389717102,-48.89134216308594,0.0142123494297266,3.317971706390381,-9.0,9.0,47.60977554321289,14.927173614501953,1.5709550380706787,-0.7329457998275757,9944
4823,41965,1.1759134531021118,1.0982056856155396,-49.15215301513672,0.01420734915882349,0.9906195402145386,-9.0,9.0,48.141807556152344,19.385303497314453,1.4882296323776245,-0.7802831530570984,9945
4824,41965,1.214399814605713,1.1202659606933594,-47.67438507080078,0.014204666949808598,3.6640052795410156,-9.0,9.0,46.953678131103516,16.561567306518555,1.5809847116470337,-0.7481201887130737,9946
4825,41965,32.37604522705078,32.200225830078125,-48.223907470703125,0.014204354956746101,5.006805896759033,-9.0,9.0,47.140602111816406,15.917190551757812,1.5769098997116089,-0.7769818902015686,9947
4826,41965,1.3279767036437988,1.443010926246643,-49.32493591308594,0.014206177555024624,4.7432780265808105,-9.0,9.0,48.957252502441406,18.288530349731445,1.5664386749267578,-0.7878647446632385,9948
4827,41965,8.075478553771973,7.115274906158447,-47.55156707763672,0.014209144748747349,2.6961870193481445,-9.0,9.0,46.86920928955078,18.945043563842773,1.5507640838623047,-0.7716982960700989,9949
4828,41965,2.0959787368774414,2.0997302532196045,-49.02274703979492,0.01421391498297453,6.091615676879883,-9.0,9.0,47.44026184082031,16.393198013305664,1.6369699239730835,-0.7531371116638184,9950
4829,41965,1.419358253479004,1.5826029777526855,-50.8166618347168,0.014220308512449265,6.144125938415527,-9.0,9.0,49.050655364990234,16.879777908325195,1.589682698249817,-0.7916897535324097,9951
4830,41965,1.3100483417510986,1.170643925666809,-49.26124954223633,0.014228162355720997,5.906261444091797,-9.0,9.0,48.271461486816406,18.03971290588379,1.5846788883209229,-0.803196907043457,9952
4831,41965,1.1514414548873901,1.5173715353012085,-48.44441604614258,0.014237331226468086,8.417399406433105,-9.0,9.0,47.80883026123047,17.940391540527344,1.624472737312317,-0.7777829766273499,9953
4832,41965,1.1050655841827393,1.1319434642791748,-48.065040588378906,0.014247681014239788,6.0902509689331055,-9.0,9.0,47.36320495605469,17.83706283569336,1.6082581281661987,-0.7820838093757629,9954
4833,41965,2.1045761108398438,2.886542797088623,-50.262569427490234,0.014259099960327148,8.234016418457031,-9.0,9.0,49.2238655090332,17.92470359802246,1.6453062295913696,-0.7970768809318542,9955
4834,41965,27.365388870239258,27.797822952270508,-49.29563903808594,0.014271480031311512,10.276102066040039,-9.0,9.0,48.0550651550293,17.49554443359375,1.7022069692611694,-0.7429977655410767,9956
4835,41965,0.8220192790031433,0.9272353649139404,-47.86941146850586,0.014284728094935417,7.0282816886901855,-9.0,9.0,47.588539123535156,19.05419921875,1.635648488998413,-0.7508079409599304,9957
4836,41965,1.061341643333435,1.4001210927963257,-47.60341262817383,0.014298760332167149,11.50831413269043,-9.0,9.0,47.283447265625,15.486429214477539,1.7555993795394897,-0.7242995500564575,9958
4837,41965,1.1920536756515503,0.9867594838142395,-48.2554931640625,0.01431349478662014,9.286168098449707,-9.0,9.0,47.21502685546875,16.114681243896484,1.664810299873352,-0.7335377931594849,9959
4838,41965,0.9541934132575989,1.0380160808563232,-48.93486404418945,0.014328867197036743,9.85683536529541,-9.0,9.0,47.83428192138672,18.31337547302246,1.6727911233901978,-0.7769834399223328,9960
4839,41965,1.2789220809936523,1.7445107698440552,-49.573055267333984,0.014344816096127033,7.4211106300354,-9.0,9.0,48.24943542480469,18.980690002441406,1.6421231031417847,-0.7636815905570984,9961
4840,41965,1.9113116264343262,1.6467584371566772,-49.53550338745117,0.01436128281056881,7.756929397583008,-9.0,9.0,48.83723831176758,17.837793350219727,1.663704752922058,-0.7336622476577759,9962
4841,41965,1.520928978919983,1.4027326107025146,-48.729652404785156,0.014378104358911514,4.010063171386719,-9.0,9.0,48.08839416503906,18.968212127685547,1.595018982887268,-0.7719307541847229,9963
4842,41965,1.0199124813079834,0.7741231918334961,-48.42902755737305,0.014395364560186863,4.844552993774414,-9.0,9.0,47.481590270996094,19.77012062072754,1.5870848894119263,-0.7435136437416077,9964
4843,41965,1.542283296585083,1.4199726581573486,-48.06500244140625,0.014413016848266125,6.757673263549805,-9.0,9.0,46.960750579833984,16.237581253051758,1.669189453125,-0.7231793999671936,9965
4844,41965,0.9675384759902954,0.9961509704589844,-47.684532165527344,0.014430711045861244,3.5992980003356934,-9.0,9.0,46.90354919433594,16.64472770690918,1.588959813117981,-0.7387179136276245,9966
4845,41965,2.338494300842285,1.9691790342330933,-48.156097412109375,0.014448578469455242,3.8616933822631836,-9.0,9.0,47.6723518371582,18.93022346496582,1.5929409265518188,-0.7479377388954163,9967
4846,41965,0.8803235292434692,0.7538931369781494,-49.94624710083008,0.01446630246937275,3.260564088821411,-9.0,9.0,49.022674560546875,16.61216163635254,1.6014364957809448,-0.7610912322998047,9968
4847,41965,1.6370620727539062,2.0489342212677,-49.03794860839844,0.014484386891126633,4.5992255210876465,-9.0,9.0,48.09928894042969,17.320816040039062,1.6014055013656616,-0.7340932488441467,9969
4848,41965,1.0098289251327515,1.05525541305542,-48.01766586303711,0.014502749778330326,4.146457672119141,-9.0,9.0,47.3284912109375,15.091063499450684,1.5965664386749268,-0.7127650380134583,9970
4849,41965,3.0382349491119385,3.0277352333068848,-49.15339279174805,0.014519563876092434,0.523324728012085,-9.0,9.0,48.52661895751953,18.934833526611328,1.5323837995529175,-0.7366795539855957,9971
4850,41965,0.9304742217063904,1.4303474426269531,-48.73739242553711,0.014535052701830864,0.6587947010993958,-9.0,9.0,47.706634521484375,17.232784271240234,1.519390344619751,-0.7550233006477356,9972
4851,41965,0.6396858096122742,0.8158270716667175,-46.43718719482422,0.014548844657838345,-0.3307124376296997,-9.0,9.0,45.563480377197266,14.39291763305664,1.509967565536499,-0.709205687046051,9973
4852,41965,2.028459072113037,2.214643716812134,-48.23141098022461,0.01456165686249733,0.7488187551498413,-9.0,9.0,47.547080993652344,18.82216453552246,1.5338393449783325,-0.7226415276527405,9974
4853,41965,1.5603216886520386,1.4955546855926514,-47.22970962524414,0.01457368116825819,0.946142315864563,-9.0,9.0,46.628910064697266,15.54570198059082,1.4991071224212646,-0.7087998390197754,9975
4854,41965,1.3595077991485596,1.6770803928375244,-49.17670822143555,0.014584123156964779,-0.7757911682128906,-9.0,9.0,48.096534729003906,17.170766830444336,1.491309404373169,-0.774749755859375,9976
4855,41965,1.1527596712112427,2.005183696746826,-49.49175262451172,0.014593827538192272,0.5922662019729614,-9.0,9.0,48.74089050292969,16.319782257080078,1.5088634490966797,-0.7438220977783203,9977
4856,41965,0.9612095355987549,0.9286805391311646,-48.34435272216797,0.014602660201489925,0.16955016553401947,-9.0,9.0,47.683101654052734,16.87656021118164,1.5000120401382446,-0.7357332110404968,9978
4857,41965,2.1828763484954834,1.5867156982421875,-48.272518157958984,0.014608468860387802,-5.270225524902344,-9.0,9.0,47.583152770996094,18.502090454101562,1.4227877855300903,-0.7414346933364868,9979
4858,41965,1.3990094661712646,1.632347822189331,-48.95145797729492,0.014612823724746704,-1.718557596206665,-9.0,9.0,47.689048767089844,16.682567596435547,1.4597381353378296,-0.7467824220657349,9980
4859,41965,0.9834039211273193,1.1873700618743896,-48.812870025634766,0.014616837725043297,0.17463183403015137,-9.0,9.0,47.68173599243164,16.060152053833008,1.5208364725112915,-0.7228769063949585,9981
4860,41965,1.1667442321777344,1.5087335109710693,-47.4513053894043,0.01462098490446806,1.045774221420288,-9.0,9.0,46.45696258544922,15.143233299255371,1.5583438873291016,-0.6888471841812134,9982
4861,41965,1.2860440015792847,1.1875308752059937,-49.52688217163086,0.014623752795159817,-1.8977717161178589,-9.0,9.0,48.8629150390625,16.6042423248291,1.488486647605896,-0.7262675166130066,9983
4862,41965,1.2713135480880737,0.984579861164093,-49.13100051879883,0.014624352566897869,-3.722118377685547,-9.0,9.0,48.271392822265625,18.687620162963867,1.4023107290267944,-0.7595184445381165,9984
4863,41965,1.0309230089187622,1.3873991966247559,-48.73276901245117,0.01462586596608162,1.9194340705871582,-9.0,9.0,47.8740348815918,17.219829559326172,1.5288680791854858,-0.7193394899368286,9985
4864,41965,0.9760241508483887,0.7272911667823792,-47.82211685180664,0.014626842923462391,-0.7655025720596313,-9.0,9.0,46.79829406738281,15.350138664245605,1.5269267559051514,-0.6895639300346375,9986
4865,41965,0.7389745712280273,0.848996639251709,-50.47734451293945,0.014628062956035137,0.6728456020355225,-9.0,9.0,49.57173156738281,17.91521644592285,1.5577934980392456,-0.741910457611084,9987
4866,41965,1.034834623336792,1.717036247253418,-46.138179779052734,0.014629165641963482,0.002003699541091919,-9.0,9.0,45.72865295410156,15.27843189239502,1.565661072731018,-0.6676194071769714,9988
4867,41965,0.8089929819107056,1.1308637857437134,-49.00168228149414,0.014630037359893322,-0.22911399602890015,-9.0,9.0,48.37941360473633,18.522890090942383,1.4817885160446167,-0.7387819886207581,9989
4868,41965,0.824540376663208,1.3170973062515259,-47.30438232421875,0.014631474390625954,1.2769150733947754,-9.0,9.0,46.217098236083984,16.513996124267578,1.585192084312439,-0.6491371989250183,9990
4869,41965,0.7517170906066895,0.8383902311325073,-47.63302230834961,0.014632918871939182,0.29860416054725647,-9.0,9.0,46.41038131713867,15.150338172912598,1.567829966545105,-0.6827676892280579,9991
4870,41965,1.3035953044891357,1.1714239120483398,-50.214134216308594,0.01463354006409645,-1.3400591611862183,-9.0,9.0,49.19432830810547,18.57872200012207,1.5148141384124756,-0.7283626198768616,9992
4871,41965,0.7925558090209961,0.794491708278656,-50.20157241821289,0.014633756130933762,-0.6684610843658447,-9.0,9.0,49.65506362915039,17.534704208374023,1.5276273488998413,-0.7260182499885559,9993
4872,41965,1.5181413888931274,1.5232182741165161,-48.34355926513672,0.014635046944022179,2.152237892150879,-9.0,9.0,47.961647033691406,16.279930114746094,1.5794546604156494,-0.6795560121536255,9994
4873,41965,1.062653660774231,1.1126086711883545,-48.486106872558594,0.014637929387390614,3.3636889457702637,-9.0,9.0,47.35314178466797,14.648863792419434,1.601489782333374,-0.6830081939697266,9995
4874,41965,2.713076114654541,2.170919179916382,-48.195308685302734,0.014640170149505138,-0.7017745971679688,-9.0,9.0,47.03739547729492,17.13652992248535,1.512364149093628,-0.70020991563797,9996
4875,41965,1.263063907623291,1.5582671165466309,-49.626651763916016,0.014642802067101002,1.2005399465560913,-9.0,9.0,49.07536315917969,16.488706588745117,1.5370795726776123,-0.720414936542511,9997
4876,41965,0.7703291177749634,0.7407062649726868,-47.70573425292969,0.014645630493760109,0.901126503944397,-9.0,9.0,46.9556770324707,17.68210792541504,1.539961576461792,-0.6905180811882019,9998
4877,41965,0.7184326648712158,1.1518242359161377,-48.19712448120117,0.01464789267629385,-0.5632108449935913,-9.0,9.0,46.933650970458984,16.676834106445312,1.541831135749817,-0.6895314455032349,9999
4878,41965,0.7047298550605774,0.7864345908164978,-48.989322662353516,0.014650757424533367,1.6168001890182495,-9.0,9.0,47.75175094604492,16.16307258605957,1.559244155883789,-0.7006991505622864,10000
4879,41965,1.3010141849517822,1.106509804725647,-48.091552734375,0.014653174206614494,-0.3134312629699707,-9.0,9.0,47.345237731933594,17.442598342895508,1.5427998304367065,-0.6900455355644226,10001
4880,41965,1.2782111167907715,1.1624802350997925,-51.17861557006836,0.014655976556241512,1.2188842296600342,-9.0,9.0,50.03105545043945,18.61981964111328,1.5458784103393555,-0.7170512080192566,10002
4881,41965,1.400032877922058,1.0339202880859375,-50.31325912475586,0.014658814296126366,0.6051751375198364,-9.0,9.0,48.87131118774414,18.581281661987305,1.5362834930419922,-0.7236790060997009,10003
4882,41965,1.0278129577636719,0.8566063642501831,-49.40666198730469,0.014661239460110664,-0.2443317472934723,-9.0,9.0,48.06913375854492,16.394716262817383,1.4979970455169678,-0.7155362367630005,10004
4883,41965,1.097359538078308,0.973394513130188,-47.943939208984375,0.014662756584584713,-1.2977412939071655,-9.0,9.0,47.108177185058594,16.149734497070312,1.5308396816253662,-0.709425151348114,10005
4884,41965,1.421999216079712,1.0176485776901245,-48.2465705871582,0.014664197340607643,0.13620269298553467,-9.0,9.0,47.64622116088867,15.822216033935547,1.5164976119995117,-0.7347705960273743,10006
4885,41965,1.0779956579208374,0.9533783197402954,-49.27775573730469,0.01466537918895483,-0.21530142426490784,-9.0,9.0,48.615623474121094,17.181079864501953,1.508646845817566,-0.7342938184738159,10007
4886,41965,1.7687416076660156,1.5813608169555664,-49.11858367919922,0.014666610397398472,0.3249911367893219,-9.0,9.0,47.882205963134766,17.49677085876465,1.5150949954986572,-0.7346546053886414,10008
4887,41965,0.6909982562065125,0.7514137029647827,-49.62516784667969,0.014669330790638924,3.1182024478912354,-9.0,9.0,48.321712493896484,16.765995025634766,1.5810976028442383,-0.7444214820861816,10009
4888,41965,0.8396771550178528,1.1075845956802368,-48.281402587890625,0.014673948287963867,4.68343448638916,-9.0,9.0,47.5555305480957,15.982495307922363,1.602307677268982,-0.7357054352760315,10010
4889,41965,1.113751769065857,0.9979201555252075,-47.5459098815918,0.0146795604377985,2.8208818435668945,-9.0,9.0,47.06283950805664,16.00281524658203,1.5838453769683838,-0.743087887763977,10011
4890,41965,0.9062754511833191,0.854795515537262,-49.970428466796875,0.01468635257333517,3.3675899505615234,-9.0,9.0,49.003318786621094,17.250539779663086,1.5591577291488647,-0.7760648727416992,10012
4891,41965,1.1257067918777466,1.1467872858047485,-49.36883544921875,0.0146946394816041,5.130986213684082,-9.0,9.0,48.30281448364258,17.576791763305664,1.577985167503357,-0.7627891302108765,10013
4892,41965,1.1210752725601196,0.9225071668624878,-49.10667037963867,0.01470427680760622,5.140610218048096,-9.0,9.0,48.242706298828125,17.68540382385254,1.5715961456298828,-0.7732225656509399,10014
4893,41965,1.0427554845809937,1.0542387962341309,-49.48593521118164,0.014715127646923065,4.715459823608398,-9.0,9.0,48.6824951171875,15.31822681427002,1.542662501335144,-0.8219434022903442,10015
4894,41965,3.574861526489258,2.572831869125366,-50.43690490722656,0.01472706813365221,6.071547031402588,-9.0,9.0,50.0001106262207,20.141054153442383,1.599542260169983,-0.8098700642585754,10016
4895,41965,0.9527686238288879,1.3491029739379883,-48.47933578491211,0.014739994890987873,5.604991912841797,-9.0,9.0,47.70720291137695,15.676197052001953,1.5936470031738281,-0.7666638493537903,10017
4896,41965,0.5855737328529358,1.0741791725158691,-47.601234436035156,0.014753811992704868,6.495280742645264,-9.0,9.0,46.63639831542969,14.763702392578125,1.6089591979980469,-0.7292772531509399,10018
4897,41965,1.1284979581832886,1.2857985496520996,-50.52190399169922,0.014768431894481182,4.806540489196777,-9.0,9.0,49.68916702270508,19.531341552734375,1.544519305229187,-0.8205488324165344,10019
4898,41965,1.0800668001174927,1.1957944631576538,-48.56949996948242,0.014783777296543121,7.77295446395874,-9.0,9.0,47.86611557006836,15.198150634765625,1.6464388370513916,-0.7618929743766785,10020
4899,41965,0.7951656579971313,0.9169243574142456,-47.30721664428711,0.014798362739384174,1.4684802293777466,-9.0,9.0,46.584285736083984,17.35407257080078,1.5361213684082031,-0.7819347977638245,10021
4900,41965,0.7998389005661011,0.9414365291595459,-48.072757720947266,0.014812320470809937,1.5630872249603271,-9.0,9.0,47.11064910888672,18.240196228027344,1.534388542175293,-0.7588685750961304,10022
4901,41965,1.205859661102295,1.2650985717773438,-48.31886291503906,0.01482678484171629,3.6524555683135986,-9.0,9.0,47.41336441040039,16.015953063964844,1.564023733139038,-0.7726330161094666,10023
4902,41965,0.46243101358413696,0.5273640155792236,-46.580238342285156,0.014841965399682522,4.145757675170898,-9.0,9.0,45.969051361083984,13.82262897491455,1.56223464012146,-0.749809205532074,10024
4903,41965,0.7198913097381592,0.8598881363868713,-48.943267822265625,0.014857571572065353,3.714242696762085,-9.0,9.0,48.35797882080078,18.882253646850586,1.5160826444625854,-0.7903028130531311,10025
4904,41965,0.698085606098175,0.73106449842453,-47.84599304199219,0.014872641302645206,1.9389771223068237,-9.0,9.0,46.863258361816406,16.218006134033203,1.531035304069519,-0.7722649574279785,10026
4905,41965,5.008421421051025,5.9581146240234375,-49.615779876708984,0.014887320809066296,2.1105973720550537,-9.0,9.0,48.60673522949219,18.912792205810547,1.5719072818756104,-0.7669640183448792,10027
4906,41965,1.0004961490631104,0.8286581635475159,-48.75473403930664,0.014901525340974331,1.8718342781066895,-9.0,9.0,47.526329040527344,17.101356506347656,1.5501487255096436,-0.7895394563674927,10028
4907,41965,0.8720687627792358,0.8475499749183655,-47.393272399902344,0.014915850013494492,2.9152657985687256,-9.0,9.0,46.53858947753906,16.402494430541992,1.5639591217041016,-0.7577337026596069,10029
4908,41965,1.3653271198272705,1.3597403764724731,-48.415748596191406,0.014930950477719307,5.84793758392334,-9.0,9.0,48.232452392578125,16.647476196289062,1.5869190692901611,-0.7648455500602722,10030
4909,41965,1.3232191801071167,0.967200756072998,-49.69857406616211,0.014946707524359226,4.123502254486084,-9.0,9.0,49.09960174560547,18.155790328979492,1.5676662921905518,-0.7973775863647461,10031
4910,41965,1.0339629650115967,1.2543842792510986,-49.84965133666992,0.014962880872189999,3.790781259536743,-9.0,9.0,48.71482849121094,17.318674087524414,1.539364218711853,-0.8094952702522278,10032
4911,41965,1.5578945875167847,1.8287729024887085,-50.76718521118164,0.01497964933514595,4.729002952575684,-9.0,9.0,48.94198989868164,18.513534545898438,1.5458768606185913,-0.815555989742279,10033
4912,41965,0.5910847187042236,0.6546288728713989,-48.64955139160156,0.014996244572103024,2.827777147293091,-9.0,9.0,47.93577194213867,16.003339767456055,1.5698601007461548,-0.754788875579834,10034
4913,41965,0.9548076391220093,1.0032398700714111,-48.1083869934082,0.0150121059268713,1.7166935205459595,-9.0,9.0,47.672088623046875,16.182634353637695,1.5321763753890991,-0.7663936614990234,10035
4914,41965,0.9766780138015747,0.7939736247062683,-48.333961486816406,0.015027783811092377,2.6298117637634277,-9.0,9.0,47.936012268066406,16.652433395385742,1.5699366331100464,-0.743430495262146,10036
4915,41965,0.48150983452796936,0.5517072081565857,-50.14146423339844,0.015044116415083408,6.473005294799805,-9.0,9.0,49.095436096191406,19.1784610748291,1.6256920099258423,-0.7703714370727539,10037
4916,41965,1.4823709726333618,1.3810017108917236,-50.42838668823242,0.015061033889651299,6.396836280822754,-9.0,9.0,48.70648956298828,18.344911575317383,1.6376657485961914,-0.7289625406265259,10038
4917,41965,1.0666030645370483,0.9681335687637329,-49.319332122802734,0.015078488737344742,6.640802383422852,-9.0,9.0,48.10541534423828,16.404783248901367,1.6336244344711304,-0.7480291128158569,10039
4918,41965,0.7871129512786865,0.7748214602470398,-47.42062759399414,0.015096424147486687,5.465129852294922,-9.0,9.0,46.951961517333984,14.954432487487793,1.6162872314453125,-0.7209346890449524,10040
4919,41965,1.8861875534057617,1.419407844543457,-49.615291595458984,0.015114791691303253,8.037259101867676,-9.0,9.0,49.356224060058594,20.497699737548828,1.6449229717254639,-0.7462018132209778,10041
4920,41965,0.9079836010932922,1.0987749099731445,-49.52234649658203,0.015133555978536606,6.7624640464782715,-9.0,9.0,48.70841979980469,16.346412658691406,1.659489631652832,-0.7288210988044739,10042
4921,41965,1.489198088645935,1.2747111320495605,-48.47150802612305,0.015152676962316036,4.288086891174316,-9.0,9.0,47.06783676147461,15.205266952514648,1.5941994190216064,-0.7374016642570496,10043
4922,41965,1.2869559526443481,1.0567868947982788,-48.778663635253906,0.015171612612903118,3.222477436065674,-9.0,9.0,47.4932975769043,16.362607955932617,1.5550744533538818,-0.7680740356445312,10044
4923,41965,1.280472993850708,1.2679314613342285,-49.99589538574219,0.01519088912755251,6.4967942237854,-9.0,9.0,49.43233108520508,17.29524803161621,1.5960866212844849,-0.7800282835960388,10045
4924,41965,1.4231599569320679,1.1790213584899902,-47.949039459228516,0.015210481360554695,7.145413398742676,-9.0,9.0,47.66728210449219,17.078617095947266,1.6688767671585083,-0.7011513113975525,10046
4925,41965,0.8111213445663452,0.8404346704483032,-47.57754898071289,0.015228689648211002,1.0225375890731812,-9.0,9.0,47.092166900634766,15.495654106140137,1.5424270629882812,-0.7235339283943176,10047
4926,41965,1.329702615737915,1.9897258281707764,-49.385074615478516,0.01524731982499361,5.385873794555664,-9.0,9.0,48.466182708740234,20.51552963256836,1.5732799768447876,-0.744280993938446,10048
4927,41965,1.1684682369232178,1.3696870803833008,-51.77122116088867,0.015266329981386662,4.172336578369141,-9.0,9.0,50.28626251220703,18.138534545898438,1.5262402296066284,-0.8012775182723999,10049
4928,41965,0.8811360597610474,0.7593206167221069,-48.2465934753418,0.015284663066267967,2.2503926753997803,-9.0,9.0,47.31968688964844,15.579920768737793,1.5773448944091797,-0.7414666414260864,10050
4929,41965,0.9731951355934143,0.9570486545562744,-48.15148162841797,0.015301859006285667,1.2528858184814453,-9.0,9.0,47.659393310546875,15.63215446472168,1.5406981706619263,-0.7553793787956238,10051
4930,41965,1.3095409870147705,1.1313018798828125,-50.374847412109375,0.015317539684474468,0.3355922996997833,-9.0,9.0,50.015384674072266,18.339576721191406,1.5002161264419556,-0.774573028087616,10052
4931,41965,0.840931236743927,0.882552981376648,-47.84360885620117,0.015331342816352844,-0.6147570610046387,-9.0,9.0,46.991539001464844,16.464717864990234,1.526798963546753,-0.7149764895439148,10053
4932,41965,0.9892318844795227,0.9251188039779663,-51.153411865234375,0.015345144085586071,2.5417299270629883,-9.0,9.0,49.74052047729492,17.816247940063477,1.5427955389022827,-0.7595605850219727,10054
4933,41965,0.42352133989334106,0.4754300117492676,-47.52875518798828,0.015357793308794498,0.3906499147415161,-9.0,9.0,46.57782745361328,14.989035606384277,1.5379067659378052,-0.7290630340576172,10055
4934,41965,2.188852071762085,2.031794309616089,-48.636192321777344,0.015369507484138012,0.5767049789428711,-9.0,9.0,47.98491287231445,16.33894920349121,1.5091383457183838,-0.7485424280166626,10056
4935,41965,0.9860306978225708,1.0712571144104004,-50.27715301513672,0.015380182303488255,0.21676570177078247,-9.0,9.0,49.32207489013672,16.88511848449707,1.5466700792312622,-0.7756574749946594,10057
4936,41965,0.7975870370864868,0.7433578372001648,-49.671714782714844,0.0153910331428051,2.2879562377929688,-9.0,9.0,48.554603576660156,16.349254608154297,1.5491244792938232,-0.7368077635765076,10058
4937,41965,1.3091598749160767,1.2342957258224487,-48.53940963745117,0.01540119294077158,0.7044143080711365,-9.0,9.0,47.56495666503906,15.245410919189453,1.5569937229156494,-0.7195677757263184,10059
4938,41965,0.8301509618759155,0.9310910701751709,-50.33908462524414,0.015411720611155033,2.5368480682373047,-9.0,9.0,49.221492767333984,19.165267944335938,1.5458394289016724,-0.7391543388366699,10060
4939,41965,0.981616199016571,1.0425095558166504,-49.03624725341797,0.015421601012349129,0.723020613193512,-9.0,9.0,48.33172607421875,16.86622428894043,1.5111968517303467,-0.7523369789123535,10061
4940,41965,0.5930503010749817,0.7222393155097961,-49.59749984741211,0.015430876053869724,0.6964018940925598,-9.0,9.0,48.650238037109375,15.870841026306152,1.5532783269882202,-0.7401459813117981,10062
4941,41965,0.8154013156890869,0.7052932381629944,-48.62936019897461,0.015440091490745544,1.5738751888275146,-9.0,9.0,47.734336853027344,16.575944900512695,1.5511534214019775,-0.7082831263542175,10063
4942,41965,0.9260184168815613,1.3612852096557617,-50.02580261230469,0.015448751859366894,0.653793215751648,-9.0,9.0,48.66250228881836,16.79307746887207,1.5323526859283447,-0.7383973002433777,10064
4943,41965,2.6137797832489014,2.848644733428955,-50.21989440917969,0.015458419919013977,3.4290056228637695,-9.0,9.0,49.3387336730957,19.1207332611084,1.5829342603683472,-0.7437511086463928,10065
4944,41965,1.0952050685882568,1.250060796737671,-48.842464447021484,0.015468580648303032,2.66729736328125,-9.0,9.0,48.04270935058594,18.17852210998535,1.5755013227462769,-0.7021445035934448,10066
4945,41965,1.4682546854019165,1.246385931968689,-51.09557342529297,0.015478519722819328,1.4293781518936157,-9.0,9.0,50.147396087646484,17.784488677978516,1.5495482683181763,-0.7635025978088379,10067
4946,41965,1.2337223291397095,0.9881690144538879,-50.103702545166016,0.015489742159843445,4.425468444824219,-9.0,9.0,49.18885803222656,17.631196975708008,1.6228134632110596,-0.7329074740409851,10068
4947,41965,0.6408388018608093,0.7642097473144531,-48.95433807373047,0.015501934103667736,3.816619634628296,-9.0,9.0,48.11862564086914,16.909156799316406,1.5951396226882935,-0.7312651872634888,10069
4948,41965,0.937510073184967,0.8126494288444519,-48.234474182128906,0.0155140096321702,1.9911555051803589,-9.0,9.0,47.28071594238281,16.843664169311523,1.5812976360321045,-0.7069247364997864,10070
4949,41965,1.3202064037322998,1.4177043437957764,-49.80574417114258,0.015525391325354576,0.9089802503585815,-9.0,9.0,48.688446044921875,18.910673141479492,1.539547085762024,-0.7427651286125183,10071
4950,41965,0.6690003275871277,0.7084090113639832,-48.76349639892578,0.015537922270596027,4.318317890167236,-9.0,9.0,47.937950134277344,15.935589790344238,1.591322660446167,-0.7375307083129883,10072
4951,41965,0.9828850030899048,0.8419665098190308,-49.64857864379883,0.015550775453448296,2.855910301208496,-9.0,9.0,48.78697967529297,17.42799186706543,1.5612257719039917,-0.7615390419960022,10073
4952,41965,8.127418518066406,8.785032272338867,-48.9931755065918,0.015564632602036,5.087059020996094,-9.0,9.0,48.51723861694336,18.378463745117188,1.615099549293518,-0.7245718836784363,10074
4953,41965,1.1371848583221436,1.0058623552322388,-48.829193115234375,0.015576772391796112,-0.641980767250061,-9.0,9.0,47.827362060546875,16.862184524536133,1.5231868028640747,-0.7462397813796997,10075
4954,41965,1.435591697692871,1.4537171125411987,-49.63985824584961,0.01558857224881649,1.5636018514633179,-9.0,9.0,48.4288215637207,18.85076332092285,1.548858404159546,-0.7301916480064392,10076
4955,41965,0.554143488407135,0.6524228453636169,-47.45442199707031,0.015598557889461517,-1.1606605052947998,-9.0,9.0,46.868736267089844,16.51449203491211,1.4843412637710571,-0.73484867811203,10077
4956,41965,1.0948734283447266,1.0807634592056274,-48.90431213378906,0.015606674365699291,-1.594024896621704,-9.0,9.0,48.600807189941406,17.008575439453125,1.4722524881362915,-0.7813607454299927,10078
4957,41965,0.7468827962875366,0.931738555431366,-49.29762649536133,0.015613552182912827,-0.7858563661575317,-9.0,9.0,48.849246978759766,16.419214248657227,1.486755132675171,-0.7575436234474182,10079
4958,41965,1.001806616783142,1.2018718719482422,-48.677276611328125,0.015619196929037571,-1.00136137008667,-9.0,9.0,47.77394485473633,15.985465049743652,1.5009143352508545,-0.7450280785560608,10080
4959,41965,0.8689002990722656,0.9914771318435669,-50.55363464355469,0.0156235471367836,-1.3191637992858887,-9.0,9.0,49.206459045410156,15.441031455993652,1.494771957397461,-0.7513834834098816,10081
4960,41965,0.5639681816101074,0.5753730535507202,-47.78641128540039,0.015626907348632812,-0.9991859197616577,-9.0,9.0,46.92658615112305,14.440438270568848,1.4945087432861328,-0.7233849763870239,10082
4961,41965,1.2674074172973633,1.4183545112609863,-47.95133972167969,0.015627630054950714,-5.739505767822266,-9.0,9.0,47.35212707519531,17.14735221862793,1.3929393291473389,-0.7700629234313965,10083
4962,41965,1.0165472030639648,1.038833737373352,-48.57215118408203,0.015628010034561157,-0.48162877559661865,-9.0,9.0,48.18758010864258,16.691362380981445,1.5014806985855103,-0.7277966141700745,10084
4963,41965,0.7504225969314575,0.8893485069274902,-47.88231658935547,0.015626780688762665,-2.838850975036621,-9.0,9.0,47.16038131713867,15.54277515411377,1.4552658796310425,-0.7305558323860168,10085
4964,41965,0.9489753842353821,0.9559941291809082,-51.41400146484375,0.015625618398189545,-0.10075032711029053,-9.0,9.0,50.15061569213867,17.531152725219727,1.4873440265655518,-0.7545422315597534,10086
4965,41965,0.886509358882904,0.627895712852478,-48.38420486450195,0.015622414648532867,-3.8969638347625732,-9.0,9.0,47.184722900390625,16.734893798828125,1.4413774013519287,-0.7323392033576965,10087
4966,41965,1.0864938497543335,1.1196726560592651,-50.697513580322266,0.01561770774424076,-3.2956409454345703,-9.0,9.0,49.71156692504883,19.032550811767578,1.4224869012832642,-0.7749429941177368,10088
4967,41965,0.8941245675086975,1.0740519762039185,-48.92646789550781,0.01561136357486248,-3.8122010231018066,-9.0,9.0,48.27246856689453,16.29977798461914,1.4231795072555542,-0.7283997535705566,10089
4968,41965,0.7957704663276672,0.822685182094574,-48.218040466308594,0.015603356063365936,-4.248813629150391,-9.0,9.0,47.544944763183594,17.54891014099121,1.4687212705612183,-0.696832001209259,10090
4969,41965,0.8004744052886963,0.9936764240264893,-49.72480773925781,0.015596192330121994,0.07617169618606567,-9.0,9.0,48.5401496887207,16.81382942199707,1.5357125997543335,-0.7168489098548889,10091
4970,41965,0.7409439086914062,0.6570022106170654,-48.57478332519531,0.0155874565243721,-4.509304523468018,-9.0,9.0,47.66365432739258,15.995965957641602,1.4425700902938843,-0.7301212549209595,10092
4971,41965,2.9824111461639404,2.747941255569458,-49.60149383544922,0.01557845063507557,-2.072082757949829,-9.0,9.0,48.800392150878906,17.598424911499023,1.4860602617263794,-0.7496590614318848,10093
4972,41965,1.5587702989578247,1.6416027545928955,-50.80246353149414,0.015569955110549927,-0.711845338344574,-9.0,9.0,50.26982498168945,18.565547943115234,1.4942681789398193,-0.7708505988121033,10094
4973,41965,5.081649303436279,4.518694877624512,-52.266258239746094,0.015561998821794987,-0.5644227862358093,-9.0,9.0,51.53315353393555,18.945987701416016,1.4597817659378052,-0.7877519726753235,10095
4974,41965,1.6836410760879517,1.8308751583099365,-51.46000671386719,0.015554409474134445,-0.7793437242507935,-9.0,9.0,49.73726272583008,18.089988708496094,1.4963124990463257,-0.7639753222465515,10096
4975,41965,1.7224831581115723,1.9410412311553955,-51.84028244018555,0.015546667389571667,-1.6499300003051758,-9.0,9.0,50.31427001953125,20.68612289428711,1.4935131072998047,-0.7737379670143127,10097
4976,41965,0.552232563495636,0.6690722703933716,-48.53937911987305,0.015539100393652916,-1.0838663578033447,-9.0,9.0,47.909889221191406,16.100313186645508,1.5157471895217896,-0.7349628210067749,10098
4977,41965,1.6659200191497803,1.7446492910385132,-49.07303237915039,0.015531270764768124,-1.8590781688690186,-9.0,9.0,48.97767639160156,17.325916290283203,1.5244580507278442,-0.7292686700820923,10099
4978,41965,0.7514804005622864,0.6239263415336609,-47.17922592163086,0.01552511751651764,1.6236398220062256,-9.0,9.0,46.826881408691406,15.930426597595215,1.5608863830566406,-0.7039602398872375,10100
4979,41965,1.4936379194259644,1.3940925598144531,-50.38157653808594,0.015520373359322548,1.436967134475708,-9.0,9.0,48.91608810424805,16.957651138305664,1.5197935104370117,-0.7559900879859924,10101
4980,41965,1.695925235748291,1.8555593490600586,-49.97666931152344,0.015517080202698708,1.7708989381790161,-9.0,9.0,48.266693115234375,15.724227905273438,1.5190833806991577,-0.7446760535240173,10102
4981,41965,1.0343966484069824,1.1205158233642578,-49.01213455200195,0.015514283441007137,0.3114386200904846,-9.0,9.0,48.128021240234375,18.60749053955078,1.4965234994888306,-0.7778663635253906,10103
4982,41965,2.6816351413726807,1.9658379554748535,-49.06039047241211,0.015513232909142971,2.6639046669006348,-9.0,9.0,48.834190368652344,18.81575584411621,1.550965428352356,-0.7594194412231445,10104
4983,41965,0.5908726453781128,0.6206788420677185,-49.40604782104492,0.015514587052166462,4.59933614730835,-9.0,9.0,48.63806915283203,17.486169815063477,1.5936251878738403,-0.7520012259483337,10105
4984,41965,2.4265217781066895,2.082956075668335,-49.79951858520508,0.015515540726482868,-0.4725867509841919,-9.0,9.0,48.42658996582031,17.687904357910156,1.5042221546173096,-0.745000958442688,10106
4985,41965,0.7495803236961365,0.7888810634613037,-50.602783203125,0.015516310930252075,-0.16691672801971436,-9.0,9.0,49.38045120239258,16.80331802368164,1.4909372329711914,-0.7977065443992615,10107
4986,41965,1.1708372831344604,1.2041022777557373,-50.54606628417969,0.015516487881541252,-0.9339408874511719,-9.0,9.0,49.659122467041016,19.731786727905273,1.4728487730026245,-0.7889414429664612,10108
4987,41965,1.7560009956359863,1.142661690711975,-49.19636154174805,0.015516851097345352,0.3649391829967499,-9.0,9.0,49.0721435546875,17.969446182250977,1.4679936170578003,-0.8069884181022644,10109
4988,41965,1.8620312213897705,1.2754074335098267,-48.4394416809082,0.015516037121415138,-2.059171199798584,-9.0,9.0,47.906944274902344,16.94593048095703,1.4433733224868774,-0.7921540141105652,10110
4989,41965,1.693773865699768,2.0387542247772217,-51.15814208984375,0.015515141189098358,-0.2991523742675781,-9.0,9.0,49.63732147216797,19.11299705505371,1.473873257637024,-0.786424458026886,10111
4990,41965,2.051417589187622,2.352668523788452,-50.348060607910156,0.01551414281129837,-0.3421870470046997,-9.0,9.0,49.058258056640625,19.997743606567383,1.5097639560699463,-0.7626190185546875,10112
4991,41965,1.3159419298171997,1.6149463653564453,-48.91999053955078,0.015513262711465359,0.033729761838912964,-9.0,9.0,48.83451843261719,18.30441665649414,1.5327949523925781,-0.7548043131828308,10113
4992,41965,0.8737747669219971,0.947890043258667,-49.660072326660156,0.015511997975409031,-0.8522555828094482,-9.0,9.0,49.03375244140625,19.599430084228516,1.482024073600769,-0.7676081657409668,10114
4993,41965,0.8836174607276917,0.9575073719024658,-48.21000289916992,0.015510059893131256,-1.451858639717102,-9.0,9.0,47.22275924682617,17.743236541748047,1.4829633235931396,-0.755618155002594,10115
4994,41965,1.2591968774795532,1.425240159034729,-50.53485870361328,0.015510112047195435,3.2462239265441895,-9.0,9.0,49.3464241027832,15.320747375488281,1.5629664659500122,-0.7684768438339233,10116
4995,41965,1.0690633058547974,1.3142231702804565,-49.742313385009766,0.015508980490267277,-2.1297712326049805,-9.0,9.0,48.752010345458984,17.261226654052734,1.5178874731063843,-0.7450738549232483,10117
4996,41965,0.916961133480072,0.8513848781585693,-50.0494270324707,0.015506495721638203,-2.649768829345703,-9.0,9.0,48.911102294921875,15.8910551071167,1.4663374423980713,-0.7705682516098022,10118
4997,41965,1.026675820350647,1.4253944158554077,-49.369140625,0.015505275689065456,1.8340283632278442,-9.0,9.0,48.47098922729492,17.02585220336914,1.5685762166976929,-0.7249149680137634,10119
4998,41965,0.6696611642837524,0.7307411432266235,-48.30097961425781,0.015503405593335629,-1.389032006263733,-9.0,9.0,47.714691162109375,16.922466278076172,1.5052930116653442,-0.7308031916618347,10120
4999,41965,1.6786811351776123,1.4215823411941528,-49.645240783691406,0.015501734800636768,0.02458047866821289,-9.0,9.0,48.99308395385742,19.261810302734375,1.5079513788223267,-0.7527396082878113,10121
5000,41965,0.5953227281570435,0.5868719220161438,-48.69103240966797,0.015499399043619633,-1.5051331520080566,-9.0,9.0,47.54772186279297,15.947383880615234,1.4969556331634521,-0.7485294342041016,10122
